player_id,player_name,Latest_Year,oALT_TS,oALT_EFG,oALT_FT,oALT_TOV,oALT_TOV_bp,oALT_TOV_sc,oSC,dALT_TS,dALT_EFG,dALT_FT,dALT_TOV,dALT_TOV_bp,dALT_TOV_sc,dSC,oFC,dFC,off,def,net_rapm,RESID,possessions,off_poss,def_poss
1495,Tim Duncan,2006,1.35,1.39,-0.04,0.04,-0.15,0.18,1.47,5.16,4.25,0.91,-0.51,-0.37,-0.13,0.33,1.39,4.65,2.86,4.98,7.84,0.0,48774,24503,24271
708,Kevin Garnett,2006,4.54,3.81,0.73,0.63,0.17,0.45,-1.15,3.99,3.45,0.54,-0.34,0.13,-0.46,-0.14,5.17,3.65,4.02,3.51,7.53,0.0,50175,25202,24973
406,Shaquille O'Neal,2006,4.68,5.78,-1.1,-0.81,-0.64,-0.16,1.91,2.69,1.96,0.73,-1.77,-0.91,-0.86,0.56,3.87,0.92,5.78,1.48,7.26,0.0,44098,22172,21926
1938,Manu Ginobili,2006,3.06,1.94,1.12,0.21,0.14,0.06,0.34,0.98,0.7,0.28,1.47,0.75,0.73,-0.18,3.27,2.45,3.61,2.27,5.88,0.0,36143,18111,18032
1905,Andrei Kirilenko,2006,3.24,1.85,1.39,-0.35,-0.36,0.02,0.72,1.88,2.41,-0.53,0.68,0.01,0.67,-0.49,2.89,2.56,3.61,2.07,5.69,0.01,33148,16530,16618
739,Rasheed Wallace,2006,2.36,3.1,-0.74,0.04,-0.56,0.6,-0.05,3.49,2.42,1.07,-0.12,-0.43,0.3,-0.41,2.4,3.37,2.35,2.96,5.31,0.0,45876,22996,22880
1112,Ben Wallace,2006,-1.32,-0.64,-0.68,0.49,0.25,0.25,1.35,4.04,3.24,0.8,0.42,0.05,0.36,0.29,-0.83,4.46,0.52,4.75,5.27,-0.0,52634,26302,26332
1884,Baron Davis,2006,2.48,2.37,0.11,1.35,0.35,1.02,0.11,1.0,1.35,-0.35,1.11,0.17,0.94,-0.83,3.83,2.11,3.94,1.28,5.22,0.0,31800,15912,15888
1717,Dirk Nowitzki,2006,3.6,2.02,1.58,1.22,0.29,0.93,-1.02,1.38,1.19,0.19,-0.11,0.06,-0.17,0.03,4.82,1.27,3.8,1.3,5.1,0.0,54966,27580,27386
1897,Metta World Peace,2006,1.76,1.6,0.16,0.15,0.27,-0.12,-0.18,2.76,2.16,0.6,1.09,0.58,0.51,-0.55,1.91,3.85,1.73,3.3,5.04,0.01,31471,15753,15718
2544,LeBron James,2006,1.74,1.11,0.63,1.22,0.59,0.63,1.02,0.75,1.0,-0.25,0.03,0.28,-0.24,-0.46,2.96,0.78,3.98,0.32,4.3,-0.0,38495,19260,19235
1718,Paul Pierce,2006,4.38,3.1,1.28,0.44,0.27,0.16,-2.16,0.15,0.13,0.02,0.77,0.37,0.39,0.48,4.82,0.92,2.66,1.4,4.06,-0.0,49987,25040,24947
951,Ray Allen,2006,4.41,3.74,0.67,0.42,0.2,0.21,-0.12,0.45,0.39,0.06,-0.49,-0.1,-0.4,-0.68,4.83,-0.04,4.71,-0.72,3.99,0.0,42102,21073,21029
467,Jason Kidd,2006,1.98,1.06,0.92,0.83,0.15,0.67,-0.03,-0.22,-0.21,-0.01,1.17,0.83,0.34,0.24,2.81,0.95,2.78,1.19,3.97,0.0,47979,24053,23926
1890,Shawn Marion,2006,2.04,2.2,-0.16,0.45,-0.03,0.48,-0.35,1.96,1.09,0.87,0.47,0.61,-0.15,-0.66,2.49,2.43,2.14,1.77,3.91,0.0,56683,28375,28308
1503,Tracy McGrady,2006,3.33,2.44,0.89,1.47,0.45,1.03,-0.33,0.16,-0.06,0.22,0.01,0.22,-0.2,-0.8,4.8,0.17,4.47,-0.63,3.85,0.01,41621,20835,20786
2548,Dwyane Wade,2006,2.4,1.57,0.83,0.45,0.46,-0.01,0.32,0.04,-0.08,0.12,0.7,0.2,0.5,-0.08,2.85,0.74,3.17,0.66,3.82,-0.01,37260,18671,18589
224,Eddie Jones,2006,0.66,0.58,0.08,0.57,0.33,0.25,0.21,1.18,1.14,0.04,0.63,0.53,0.1,0.55,1.23,1.81,1.44,2.36,3.8,0.0,41614,20794,20820
1902,Jeff Foster,2006,-0.74,-0.34,-0.4,-0.02,0.04,-0.05,1.69,1.43,0.82,0.61,0.14,0.05,0.09,1.29,-0.76,1.57,0.93,2.86,3.79,0.0,23905,11899,12006
977,Kobe Bryant,2006,4.11,2.92,1.19,1.0,0.56,0.45,-0.17,-0.32,-0.31,-0.01,-0.12,0.23,-0.36,-0.77,5.11,-0.44,4.94,-1.21,3.72,-0.01,50609,25362,25247
2203,Shane Battier,2006,-0.06,-0.45,0.39,0.1,0.12,-0.03,0.36,3.68,3.82,-0.14,0.58,0.38,0.18,-0.96,0.04,4.26,0.4,3.3,3.7,0.0,36522,18314,18208
959,Steve Nash,2006,5.84,5.63,0.21,1.32,0.02,1.3,-1.59,-1.57,-2.25,0.68,0.01,0.35,-0.35,-0.53,7.16,-1.56,5.57,-2.09,3.48,0.0,50087,25089,24998
2572,Josh Howard,2006,1.55,1.55,0.0,-0.1,-0.07,-0.03,1.31,0.89,0.63,0.26,0.55,0.48,0.07,-0.85,1.45,1.44,2.76,0.59,3.35,0.0,27223,13592,13631
2403,Nene,2006,0.75,1.07,-0.32,-1.08,-0.23,-0.85,-0.03,1.05,0.79,0.26,1.6,0.63,0.97,1.04,-0.33,2.65,-0.36,3.69,3.33,0.0,23872,11934,11938
297,Alonzo Mourning,2006,1.3,0.88,0.42,-0.44,-0.17,-0.26,0.06,4.44,4.2,0.24,-1.18,-0.5,-0.68,-1.06,0.86,3.26,0.92,2.2,3.12,-0.0,9762,4858,4904
2215,Jason Collins,2006,-1.92,-1.49,-0.43,-0.23,0.13,-0.35,0.03,2.63,1.66,0.97,1.31,0.01,1.3,1.19,-2.15,3.94,-2.12,5.13,3.01,0.0,36127,18067,18060
2760,Anderson Varejao,2006,-0.44,-0.1,-0.34,0.51,0.42,0.09,1.11,0.55,0.94,-0.39,1.35,0.16,1.2,-0.16,0.07,1.9,1.18,1.74,2.92,0.0,6840,3397,3443
2217,Brendan Haywood,2006,-2.13,-1.26,-0.87,-0.12,0.12,-0.24,1.52,3.48,1.84,1.64,0.16,0.13,0.03,0.0,-2.25,3.64,-0.73,3.64,2.91,0.0,28415,14210,14205
2248,Earl Watson,2006,1.41,1.42,-0.01,-0.29,0.01,-0.3,-0.73,1.72,1.68,0.04,1.08,0.2,0.87,-0.31,1.12,2.8,0.39,2.49,2.89,0.01,24015,12042,11973
717,Arvydas Sabonis,2006,1.42,1.34,0.08,0.1,-0.23,0.34,-0.83,1.67,1.63,0.04,0.68,0.5,0.19,-0.16,1.52,2.35,0.69,2.19,2.89,0.01,4733,2382,2351
731,Greg Ostertag,2006,-0.46,0.32,-0.78,-1.0,-0.76,-0.25,0.74,4.28,3.8,0.48,-0.47,-0.21,-0.26,-0.27,-1.46,3.81,-0.72,3.54,2.82,-0.0,19945,9934,10011
2397,Yao Ming,2006,1.22,0.91,0.31,-0.85,-0.44,-0.4,-0.94,4.37,3.32,1.05,-0.8,-0.47,-0.33,-0.18,0.37,3.57,-0.57,3.39,2.82,0.0,36056,18071,17985
124,Vlade Divac,2006,2.53,2.82,-0.29,-0.09,-0.12,0.03,-1.23,1.23,0.07,1.16,-0.11,-0.06,-0.03,0.47,2.44,1.12,1.21,1.59,2.81,0.01,20835,10469,10366
2736,Luol Deng,2006,1.82,1.69,0.13,0.22,-0.24,0.45,-0.76,1.91,2.04,-0.13,-0.02,0.23,-0.24,-0.49,2.04,1.89,1.28,1.4,2.68,0.0,16865,8446,8419
692,Andrew DeClercq,2006,-0.29,0.09,-0.38,-0.05,-0.1,0.05,1.09,2.42,2.04,0.38,0.86,0.23,0.63,-1.49,-0.34,3.28,0.75,1.79,2.54,0.0,9854,4904,4950
1713,Vince Carter,2006,0.12,0.3,-0.18,0.9,0.46,0.45,-0.36,3.03,2.89,0.14,-0.42,-0.02,-0.39,-0.76,1.02,2.61,0.66,1.85,2.51,0.0,39237,19654,19583
2034,Mike Miller,2006,2.9,2.82,0.08,0.16,0.15,0.02,-1.4,0.34,0.64,-0.3,0.6,0.26,0.34,-0.2,3.06,0.94,1.66,0.74,2.4,0.0,32407,16204,16203
2049,Speedy Claxton,2006,0.13,-0.46,0.59,0.66,0.66,0.02,-0.15,0.18,0.26,-0.08,1.52,0.54,0.98,0.04,0.79,1.7,0.64,1.74,2.37,-0.01,23359,11660,11699
2732,Ben Gordon,2006,0.79,0.49,0.3,0.26,0.41,-0.15,-0.35,3.0,3.58,-0.58,-0.16,-0.14,-0.02,-1.26,1.05,2.84,0.7,1.58,2.27,-0.01,18617,9331,9286
1802,Brad Miller,2006,2.36,1.5,0.86,-0.15,-0.27,0.14,-0.95,1.14,0.01,1.13,-0.15,-0.09,-0.06,0.01,2.21,0.99,1.26,1.0,2.26,0.0,41259,20676,20583
109,Robert Horry,2006,0.61,0.53,0.08,0.09,-0.33,0.41,-0.5,0.92,0.96,-0.04,1.04,0.58,0.47,0.07,0.7,1.96,0.2,2.03,2.23,0.0,28262,14201,14061
764,David Robinson,2006,0.43,0.72,-0.29,-0.3,-0.14,-0.16,-1.1,3.33,2.24,1.09,0.39,0.22,0.18,-0.59,0.13,3.72,-0.97,3.13,2.16,0.0,8126,4071,4055
2738,Andre Iguodala,2006,2.08,1.57,0.51,-0.25,0.03,-0.28,-1.01,0.8,0.56,0.24,0.81,0.61,0.2,-0.28,1.83,1.61,0.82,1.33,2.15,-0.0,22830,11417,11413
2073,Brian Cardinal,2006,2.38,1.56,0.82,0.39,0.33,0.06,-1.23,0.74,1.0,-0.26,0.34,0.35,-0.01,-0.47,2.77,1.08,1.54,0.61,2.15,-0.0,12947,6472,6475
1882,Elton Brand,2006,0.98,0.25,0.73,-0.13,-0.05,-0.08,0.98,0.97,0.47,0.5,-0.93,-0.36,-0.56,0.18,0.85,0.04,1.83,0.22,2.06,0.01,43856,21955,21901
2772,Trevor Ariza,2006,1.13,0.84,0.29,-0.92,-0.41,-0.51,0.85,0.21,0.53,-0.32,1.08,0.49,0.59,-0.29,0.21,1.29,1.06,1.0,2.05,-0.01,8676,4325,4351
979,Jermaine O'Neal,2006,0.14,0.01,0.13,0.18,0.07,0.1,-0.12,3.83,3.29,0.54,-0.72,-0.46,-0.27,-1.27,0.32,3.11,0.2,1.84,2.05,0.01,37082,18554,18528
101106,Andrew Bogut,2006,1.27,1.59,-0.32,-0.43,-0.46,0.04,-0.78,1.11,0.75,0.36,0.36,-0.02,0.37,0.51,0.84,1.47,0.06,1.98,2.04,0.0,9399,4699,4700
2030,Kenyon Martin,2006,0.13,0.11,0.02,-0.42,-0.12,-0.3,-0.3,2.39,1.87,0.52,-0.19,-0.04,-0.15,0.37,-0.29,2.2,-0.59,2.57,1.98,-0.0,37904,18990,18914
2555,Nick Collison,2006,-0.83,-0.82,-0.01,-0.17,0.09,-0.26,1.86,1.76,2.15,-0.39,0.2,0.02,0.17,-0.84,-1.0,1.96,0.86,1.12,1.98,-0.0,11171,5559,5612
2222,Gerald Wallace,2006,-0.54,-0.14,-0.4,-0.1,-0.1,-0.01,1.05,1.18,0.81,0.37,0.62,0.34,0.28,-0.24,-0.64,1.8,0.41,1.56,1.97,0.0,19048,9517,9531
2866,Jackie Butler,2006,2.74,2.4,0.34,-0.83,-0.15,-0.66,-0.6,1.53,1.62,-0.09,-0.03,0.03,-0.05,-0.88,1.91,1.5,1.31,0.62,1.94,0.01,2712,1368,1344
2225,Tony Parker,2006,2.1,1.74,0.36,0.78,0.47,0.31,-0.71,0.57,0.77,-0.2,-0.1,0.06,-0.15,-0.82,2.88,0.47,2.17,-0.35,1.82,0.0,48645,24368,24277
2564,Boris Diaw,2006,0.76,1.19,-0.43,-0.53,-0.33,-0.2,-0.27,2.09,1.7,0.39,-0.01,-0.0,-0.01,-0.32,0.23,2.08,-0.04,1.76,1.71,-0.01,25685,12848,12837
697,Fred Hoiberg,2006,1.59,0.95,0.64,0.43,0.31,0.12,-0.76,1.12,1.22,-0.1,-0.18,-0.4,0.22,-0.54,2.02,0.94,1.26,0.4,1.66,0.0,15673,7834,7839
468,Jon Barry,2006,2.49,2.3,0.19,0.43,0.11,0.32,-1.2,0.03,0.23,-0.2,0.53,0.16,0.37,-0.63,2.92,0.56,1.72,-0.07,1.65,-0.0,17815,8934,8881
2209,Vladimir Radmanovic,2006,1.91,2.03,-0.12,0.14,0.25,-0.12,-0.64,0.02,0.4,-0.38,0.81,0.56,0.24,-0.61,2.05,0.83,1.41,0.22,1.63,0.0,31271,15639,15632
1739,Ruben Patterson,2006,1.82,1.79,0.03,-0.45,0.14,-0.58,0.93,0.86,0.38,0.48,0.47,0.19,0.28,-2.0,1.37,1.33,2.3,-0.67,1.63,0.0,26342,13102,13240
2200,Pau Gasol,2006,3.02,2.42,0.6,-0.02,-0.35,0.33,0.03,0.6,0.09,0.51,-0.49,-0.44,-0.06,-1.53,3.0,0.11,3.03,-1.42,1.62,0.01,39516,19764,19752
57,Doug Christie,2006,1.12,0.95,0.17,-0.28,-0.21,-0.08,-1.34,1.77,1.63,0.14,1.16,0.74,0.43,-0.85,0.84,2.93,-0.5,2.08,1.59,0.01,31303,15677,15626
56,Gary Payton,2006,-0.1,-0.03,-0.07,1.1,0.86,0.25,0.35,0.71,0.5,0.21,-0.09,0.06,-0.15,-0.42,1.0,0.62,1.35,0.2,1.54,-0.01,47138,23608,23530
101236,Chuck Hayes,2006,-0.8,-0.46,-0.34,0.38,0.1,0.28,0.43,0.42,0.45,-0.03,0.55,0.54,0.01,0.54,-0.42,0.97,0.01,1.51,1.52,0.0,1967,977,990
916,Corie Blount,2006,1.19,1.75,-0.56,-0.35,-0.16,-0.19,-0.39,1.39,1.96,-0.57,0.38,0.46,-0.07,-0.7,0.84,1.77,0.45,1.07,1.52,0.0,6992,3506,3486
2740,Andris Biedrins,2006,0.69,1.16,-0.47,0.09,0.25,-0.15,0.68,1.03,1.56,-0.53,0.03,0.0,0.03,-1.01,0.78,1.06,1.46,0.05,1.51,0.0,5222,2605,2617
2407,Jared Jeffries,2006,-1.1,-0.7,-0.4,-0.59,-0.08,-0.51,0.31,1.25,0.65,0.6,0.93,0.37,0.55,0.69,-1.69,2.18,-1.38,2.87,1.49,-0.0,24882,12423,12459
448,Bo Outlaw,2006,-1.22,-0.94,-0.28,-0.37,-0.13,-0.25,0.25,3.55,3.2,0.35,1.26,0.53,0.72,-2.0,-1.59,4.81,-1.34,2.81,1.47,0.0,14969,7493,7476
1509,Kelvin Cato,2006,-0.68,-0.04,-0.64,-0.52,-0.39,-0.13,-0.5,3.19,2.15,1.04,0.06,0.38,-0.31,-0.13,-1.2,3.25,-1.7,3.12,1.42,0.0,18528,9229,9299
1710,Mike Bibby,2006,2.47,1.95,0.52,0.98,0.15,0.84,-1.31,0.39,0.26,0.13,-0.8,-0.33,-0.47,-0.32,3.45,-0.41,2.14,-0.73,1.41,-0.0,47968,24035,23933
1888,Richard Hamilton,2006,2.89,1.93,0.96,-0.04,0.26,-0.3,-1.72,0.61,0.45,0.16,0.26,0.22,0.04,-0.62,2.85,0.87,1.13,0.25,1.38,0.0,51908,26065,25843
2250,Bobby Simmons,2006,-0.05,-0.24,0.19,0.35,0.24,0.12,-0.01,0.03,0.23,-0.2,0.4,0.28,0.13,0.66,0.3,0.43,0.29,1.09,1.38,0.0,26794,13421,13373
208,Sam Cassell,2006,1.61,1.09,0.52,1.17,0.76,0.41,-1.49,0.57,0.68,-0.11,-0.33,-0.21,-0.12,-0.18,2.78,0.24,1.29,0.06,1.34,-0.01,40609,20391,20218
1513,Scot Pollard,2006,0.16,0.36,-0.2,-0.05,-0.05,0.01,0.24,0.85,0.8,0.05,0.14,0.04,0.09,0.0,0.11,0.99,0.35,0.99,1.34,0.0,10140,5039,5101
727,Eric Snow,2006,0.46,0.08,0.38,-0.32,-0.36,0.05,-0.8,1.46,1.33,0.13,0.62,-0.05,0.68,-0.08,0.14,2.08,-0.66,2.0,1.34,0.0,40029,19980,20049
243,Aaron McKie,2006,-0.08,-0.38,0.3,0.56,0.49,0.06,-0.87,1.24,1.47,-0.23,0.66,0.44,0.22,-0.18,0.48,1.9,-0.39,1.72,1.33,-0.0,22747,11387,11360
2443,Darius Songaila,2006,1.01,1.16,-0.15,0.25,-0.05,0.31,0.22,0.44,0.28,0.16,0.13,-0.1,0.21,-0.76,1.26,0.57,1.48,-0.19,1.3,0.01,15406,7715,7691
934,Derrick Coleman,2006,0.53,0.26,0.27,-0.41,-0.29,-0.12,-0.67,1.57,0.79,0.78,-0.11,0.1,-0.19,0.36,0.12,1.46,-0.55,1.82,1.27,0.0,11298,5668,5630
2567,Brian Cook,2006,0.7,1.18,-0.48,0.88,0.44,0.45,-0.72,0.27,0.35,-0.08,0.29,0.1,0.19,-0.18,1.58,0.56,0.86,0.38,1.23,-0.01,11889,5967,5922
2202,Jason Richardson,2006,1.85,2.0,-0.15,0.29,0.17,0.12,0.48,0.16,0.06,0.1,-0.82,-0.62,-0.2,-0.73,2.14,-0.66,2.62,-1.39,1.23,-0.0,42867,21418,21449
978,Peja Stojakovic,2006,2.78,2.42,0.36,0.55,0.13,0.42,-0.64,0.37,-0.17,0.54,-0.71,-0.3,-0.4,-1.13,3.33,-0.34,2.69,-1.47,1.22,-0.0,46087,23102,22985
397,Reggie Miller,2006,0.72,-0.31,1.03,0.69,0.4,0.29,-1.16,0.56,0.63,-0.07,0.43,-0.07,0.5,-0.1,1.41,0.99,0.25,0.89,1.15,0.01,27441,13785,13656
956,Erick Dampier,2006,-1.26,-0.69,-0.57,-1.4,-0.72,-0.68,1.14,3.22,2.14,1.08,-1.0,-0.39,-0.62,0.42,-2.66,2.22,-1.52,2.64,1.12,0.0,31656,15806,15850
87,Dikembe Mutombo,2006,-0.6,-0.27,-0.33,-1.03,-0.1,-0.93,-0.5,4.03,2.81,1.22,-1.13,-0.68,-0.46,0.34,-1.63,2.9,-2.13,3.24,1.11,-0.0,15772,7855,7917
677,Eric Williams,2006,0.11,-0.44,0.55,0.14,0.38,-0.25,-0.91,1.7,1.68,0.02,-0.01,-0.05,0.04,0.08,0.25,1.69,-0.66,1.77,1.11,0.0,24203,12083,12120
2365,Chris Andersen,2006,0.04,0.08,-0.04,-0.77,-0.48,-0.29,0.03,2.76,2.1,0.66,0.28,-0.14,0.41,-1.24,-0.73,3.04,-0.7,1.8,1.09,-0.01,14545,7241,7304
2408,Melvin Ely,2006,-0.38,-0.13,-0.25,0.21,0.25,-0.04,0.68,0.96,0.47,0.49,-0.19,-0.13,-0.07,-0.19,-0.17,0.77,0.51,0.58,1.09,0.0,15941,7949,7992
2229,Mike James,2006,0.47,0.76,-0.29,0.45,0.46,-0.0,-0.08,0.07,0.45,-0.38,0.3,0.36,-0.06,-0.13,0.92,0.37,0.84,0.24,1.08,0.0,33373,16697,16676
1889,Andre Miller,2006,2.98,2.03,0.95,0.38,0.04,0.35,-1.4,0.06,-0.26,0.32,-0.21,0.0,-0.22,-0.75,3.36,-0.15,1.96,-0.9,1.06,0.0,45877,22953,22924
689,Theo Ratliff,2006,-0.78,-0.32,-0.46,-0.91,-0.43,-0.48,-1.12,4.3,3.03,1.27,-0.34,-0.36,0.02,-0.13,-1.69,3.96,-2.81,3.83,1.01,-0.01,29825,14880,14945
1721,Keon Clark,2006,-1.06,-0.48,-0.58,-0.56,-0.17,-0.39,-0.07,4.35,3.67,0.68,-0.31,-0.09,-0.22,-1.35,-1.62,4.04,-1.69,2.69,1.01,0.01,7537,3770,3767
469,Jamal Mashburn,2006,0.67,0.56,0.11,0.32,0.44,-0.12,0.08,0.41,0.44,-0.03,-0.32,-0.19,-0.12,-0.17,0.99,0.09,1.07,-0.08,0.99,0.0,15430,7705,7725
389,Toni Kukoc,2006,1.87,1.53,0.34,0.29,-0.24,0.54,-0.99,0.33,0.23,0.1,0.54,0.74,-0.19,-1.07,2.16,0.87,1.17,-0.2,0.98,0.01,20963,10512,10451
948,Marcus Camby,2006,-1.26,-0.86,-0.4,-0.09,-0.07,-0.02,0.36,3.25,2.32,0.93,-0.42,-0.37,-0.04,-0.86,-1.35,2.83,-0.99,1.97,0.98,0.0,27084,13508,13576
1883,Steve Francis,2006,2.13,1.01,1.12,-0.35,0.02,-0.37,-0.71,0.27,0.5,-0.23,0.12,0.31,-0.19,-0.49,1.78,0.39,1.07,-0.1,0.97,0.0,44672,22336,22336
2405,Amar'e Stoudemire,2006,1.91,1.5,0.41,-0.61,-0.28,-0.33,0.17,1.16,0.38,0.78,-0.43,-0.21,-0.21,-1.23,1.3,0.73,1.47,-0.5,0.97,0.0,31864,15966,15898
1725,Rasho Nesterovic,2006,-1.7,-0.17,-1.53,-0.13,-0.15,0.02,-0.08,3.41,2.34,1.07,-0.48,-0.14,-0.33,-0.06,-1.83,2.93,-1.91,2.87,0.95,-0.01,31647,15837,15810
304,John Stockton,2006,1.79,1.29,0.5,-0.14,-0.04,-0.09,-0.7,-0.25,-0.04,-0.21,0.5,-0.05,0.56,-0.26,1.65,0.25,0.95,-0.01,0.95,0.01,8939,4462,4477
2749,Jameer Nelson,2006,1.61,1.93,-0.32,0.29,-0.01,0.3,-0.18,-0.73,-0.11,-0.62,0.47,0.15,0.33,-0.52,1.9,-0.26,1.72,-0.78,0.94,-0.0,12724,6359,6365
1891,Jason Terry,2006,2.52,1.98,0.54,0.78,0.57,0.21,-1.0,-0.42,-0.18,-0.24,-0.56,0.28,-0.84,-0.39,3.3,-0.98,2.3,-1.37,0.93,0.0,46947,23519,23428
2754,Tony Allen,2006,1.75,1.41,0.34,-1.27,-0.14,-1.14,-0.7,-0.34,-0.06,-0.28,0.97,0.71,0.27,0.52,0.48,0.63,-0.22,1.15,0.93,0.0,8777,4375,4402
2551,T.J. Ford,2006,-0.63,-0.86,0.23,0.07,-0.05,0.13,-0.06,1.63,1.35,0.28,0.25,0.28,-0.04,-0.33,-0.56,1.88,-0.62,1.55,0.92,-0.01,15480,7754,7726
275,Allan Houston,2006,2.38,1.71,0.67,0.35,0.06,0.28,-1.27,-0.49,-0.59,0.1,0.17,-0.21,0.38,-0.23,2.73,-0.32,1.46,-0.55,0.91,0.0,20218,10130,10088
1559,Adrian Griffin,2006,-0.6,-0.73,0.13,0.01,0.15,-0.14,-0.1,-0.16,0.01,-0.17,1.34,1.04,0.31,0.41,-0.59,1.18,-0.69,1.59,0.91,0.01,14674,7290,7384
1517,Bobby Jackson,2006,-0.02,-0.04,0.02,0.17,-0.05,0.23,0.07,0.96,1.43,-0.47,0.28,0.13,0.15,-0.57,0.15,1.24,0.22,0.67,0.88,-0.01,21216,10618,10598
923,Donyell Marshall,2006,1.5,1.68,-0.18,-0.08,-0.23,0.15,-0.24,1.39,1.33,0.06,-0.34,-0.13,-0.21,-1.36,1.42,1.05,1.18,-0.31,0.87,0.0,34812,17432,17380
1909,Scott Padgett,2006,-0.87,-0.47,-0.4,0.05,-0.3,0.36,-0.08,1.17,1.57,-0.4,0.42,0.35,0.07,0.17,-0.82,1.59,-0.9,1.76,0.87,0.01,13288,6653,6635
2061,Dan Langhi,2006,-0.38,0.03,-0.41,0.54,0.4,0.14,0.21,0.64,0.47,0.17,0.1,-0.13,0.23,-0.26,0.16,0.74,0.37,0.48,0.85,-0.0,2094,1063,1031
703,Kurt Thomas,2006,0.68,0.93,-0.25,0.57,0.0,0.57,-1.59,1.99,1.37,0.62,-0.51,-0.44,-0.09,-0.32,1.25,1.48,-0.34,1.16,0.82,0.0,36104,18053,18051
937,Scottie Pippen,2006,1.09,1.0,0.09,-0.11,-0.07,-0.04,-0.75,0.45,0.48,-0.03,-0.17,0.21,-0.37,0.31,0.98,0.28,0.23,0.59,0.82,-0.0,8748,4377,4371
947,Allen Iverson,2006,1.48,0.37,1.11,0.87,0.31,0.56,-0.67,-0.99,-0.72,-0.27,1.07,0.71,0.35,-0.96,2.35,0.08,1.68,-0.88,0.8,-0.0,47131,23614,23517
722,Corliss Williamson,2006,0.84,0.35,0.49,-0.83,-0.45,-0.38,-0.33,1.43,2.01,-0.58,0.17,-0.18,0.36,-0.49,0.01,1.6,-0.32,1.11,0.79,0.0,22058,11065,10993
101183,Shavlik Randolph,2006,0.48,0.36,0.12,-0.08,0.2,-0.27,-0.06,0.32,0.2,0.12,-0.15,-0.14,-0.01,0.27,0.4,0.17,0.34,0.44,0.78,0.0,1806,899,907
1712,Antawn Jamison,2006,1.49,1.36,0.13,0.55,0.25,0.3,0.82,-1.38,-1.6,0.22,-0.12,0.07,-0.2,-0.58,2.04,-1.5,2.86,-2.08,0.78,0.0,47113,23610,23503
1740,Rashard Lewis,2006,2.3,1.66,0.64,0.75,0.44,0.31,-0.28,-0.63,-1.27,0.64,-0.28,0.26,-0.53,-1.09,3.05,-0.91,2.77,-2.0,0.77,0.0,43524,21776,21748
1749,Cuttino Mobley,2006,1.12,1.15,-0.03,0.49,0.07,0.42,-0.92,0.62,0.54,0.08,-0.38,-0.21,-0.17,-0.16,1.61,0.24,0.69,0.08,0.77,0.0,46310,23153,23157
2550,Kirk Hinrich,2006,-0.1,-0.05,-0.05,0.32,0.2,0.11,-0.81,1.03,1.49,-0.46,0.11,-0.3,0.4,0.2,0.22,1.14,-0.59,1.34,0.75,0.0,33485,16718,16767
2554,Mickael Pietrus,2006,0.52,0.82,-0.3,-0.55,0.03,-0.58,0.32,0.6,0.96,-0.36,0.64,0.34,0.3,-0.77,-0.03,1.24,0.29,0.47,0.75,-0.01,12312,6139,6173
966,Jerome Williams,2006,-0.96,-0.76,-0.2,0.26,0.01,0.25,0.96,0.74,0.08,0.66,0.83,0.34,0.49,-1.08,-0.7,1.57,0.26,0.49,0.75,0.0,18484,9208,9276
2592,James Jones,2006,2.27,1.99,0.28,0.6,0.24,0.36,-1.54,0.41,0.06,0.35,-0.14,0.07,-0.21,-0.85,2.87,0.27,1.33,-0.58,0.75,-0.0,14384,7181,7203
2060,Marko Jaric,2006,2.04,1.82,0.22,-0.16,-0.08,-0.08,-0.86,-0.33,-0.34,0.01,1.07,0.46,0.61,-1.0,1.88,0.74,1.02,-0.26,0.75,-0.01,25129,12568,12561
2730,Dwight Howard,2006,1.67,1.74,-0.07,-0.82,-0.56,-0.25,0.54,-0.92,-1.21,0.29,-0.04,0.12,-0.16,0.3,0.85,-0.96,1.39,-0.66,0.73,-0.0,21199,10580,10619
1497,Chauncey Billups,2006,1.5,0.01,1.49,0.55,0.07,0.49,-0.63,-0.18,-0.33,0.15,-0.53,-0.17,-0.36,0.01,2.05,-0.71,1.42,-0.7,0.73,0.01,49643,24892,24751
2547,Chris Bosh,2006,2.23,1.74,0.49,-0.15,-0.36,0.21,-1.47,-0.89,-1.7,0.81,0.43,-0.06,0.49,0.56,2.08,-0.46,0.61,0.1,0.71,-0.0,30756,15379,15377
2059,Eduardo Najera,2006,-0.9,-0.82,-0.08,0.3,-0.07,0.37,0.64,1.1,0.98,0.12,0.62,0.14,0.48,-1.08,-0.6,1.72,0.04,0.64,0.68,-0.0,19031,9479,9552
2761,Jackson Vroman,2006,0.65,0.68,-0.03,-0.42,-0.32,-0.1,-0.29,0.5,0.73,-0.23,0.54,0.19,0.36,-0.32,0.23,1.04,-0.06,0.72,0.67,0.01,3953,1982,1971
2768,Chris Duhon,2006,-0.58,-0.39,-0.19,-0.2,0.08,-0.28,-0.04,-0.14,-0.11,-0.03,1.2,0.82,0.38,0.42,-0.78,1.06,-0.82,1.48,0.66,0.0,17225,8632,8593
2753,Delonte West,2006,0.66,1.02,-0.36,0.08,-0.06,0.15,-0.45,1.22,1.44,-0.22,-0.23,-0.02,-0.21,-0.63,0.74,0.99,0.29,0.36,0.65,0.0,11349,5680,5669
1498,Antonio Daniels,2006,3.27,1.61,1.66,0.61,0.43,0.18,-2.02,-0.03,0.41,-0.44,0.03,-0.28,0.32,-1.25,3.88,0.0,1.86,-1.25,0.61,0.0,27009,13489,13520
252,Karl Malone,2006,2.39,1.19,1.2,-0.55,-0.67,0.12,-1.41,0.46,0.29,0.17,0.31,-0.06,0.37,-0.58,1.84,0.77,0.43,0.19,0.61,-0.01,19707,9851,9856
762,Shawn Bradley,2006,-1.97,-1.88,-0.09,-0.06,-0.38,0.33,0.2,1.94,1.28,0.66,1.03,0.95,0.09,-0.56,-2.03,2.97,-1.83,2.41,0.58,-0.0,13627,6800,6827
714,Michael Finley,2006,1.02,1.23,-0.21,0.58,-0.02,0.6,-1.33,1.01,0.92,0.09,-0.11,0.3,-0.4,-0.6,1.6,0.9,0.27,0.3,0.57,0.0,44083,22118,21965
2212,Steven Hunter,2006,-0.01,0.77,-0.78,-0.16,-0.08,-0.08,0.77,2.53,1.54,0.99,-1.27,-0.54,-0.72,-1.29,-0.17,1.26,0.6,-0.03,0.57,0.0,14645,7293,7352
893,Michael Jordan,2006,0.56,0.38,0.18,0.84,0.52,0.31,-1.09,0.45,0.4,0.05,0.13,-0.18,0.31,-0.37,1.4,0.58,0.31,0.21,0.52,0.0,11018,5521,5497
101108,Chris Paul,2006,-0.78,-1.1,0.32,0.95,0.56,0.39,-0.7,0.01,0.16,-0.15,0.48,0.3,0.19,0.55,0.17,0.49,-0.53,1.04,0.51,0.0,10449,5221,5228
2419,Tayshaun Prince,2006,-1.85,-1.51,-0.34,1.1,0.54,0.56,0.33,1.42,0.62,0.8,0.02,0.31,-0.29,-0.51,-0.75,1.44,-0.42,0.93,0.51,0.0,42648,21360,21288
1000,Shandon Anderson,2006,1.12,0.82,0.3,-0.37,-0.26,-0.11,-0.33,0.28,0.7,-0.42,0.2,0.18,0.02,-0.41,0.75,0.48,0.42,0.07,0.5,0.01,21655,10767,10888
2240,Gilbert Arenas,2006,1.87,0.62,1.25,0.44,0.42,0.02,0.4,-0.76,-0.43,-0.33,0.03,-0.33,0.36,-1.52,2.31,-0.73,2.71,-2.25,0.47,0.01,47518,23794,23724
1747,Rafer Alston,2006,0.32,0.43,-0.11,0.61,0.05,0.55,-0.74,0.15,0.33,-0.18,0.25,0.13,0.12,-0.13,0.93,0.4,0.19,0.27,0.46,0.0,33081,16510,16571
2429,Dan Gadzuric,2006,-1.51,-0.69,-0.82,0.15,-0.15,0.3,0.89,1.27,0.41,0.86,0.06,0.29,-0.22,-0.42,-1.36,1.33,-0.47,0.91,0.45,0.01,17565,8750,8815
1800,Damon Jones,2006,2.99,3.08,-0.09,0.43,0.15,0.28,-1.26,-0.51,-0.72,0.21,-0.81,-0.35,-0.46,-0.41,3.42,-1.32,2.16,-1.73,0.44,0.01,31325,15718,15607
1763,Ryan Bowen,2006,-3.32,-3.09,-0.23,0.23,0.12,0.11,0.54,1.89,2.36,-0.47,0.91,0.7,0.21,0.18,-3.09,2.8,-2.55,2.98,0.43,-0.0,9794,4816,4978
1502,Adonal Foyle,2006,-0.41,-0.33,-0.08,-0.94,-0.3,-0.64,-0.91,5.49,4.13,1.36,-0.6,-0.33,-0.26,-2.3,-1.35,4.89,-2.26,2.59,0.34,0.01,22307,11114,11193
348,Mitchell Butler,2006,1.07,0.86,0.21,-0.44,-0.38,-0.05,-0.27,0.15,0.44,-0.29,0.03,-0.16,0.19,-0.2,0.63,0.18,0.36,-0.02,0.33,-0.01,2130,1062,1068
2617,Udonis Haslem,2006,0.45,0.62,-0.17,-0.6,-0.41,-0.19,-0.25,1.4,1.38,0.02,-0.03,-0.06,0.03,-0.64,-0.15,1.37,-0.4,0.73,0.33,0.0,30388,15136,15252
2499,Richie Frahm,2006,1.27,1.58,-0.31,-0.19,0.0,-0.19,-1.07,-1.28,-0.63,-0.65,0.78,0.26,0.53,0.81,1.08,-0.5,0.01,0.31,0.33,0.01,4875,2469,2406
2221,Raul Lopez,2006,0.41,0.31,0.1,-0.65,-0.38,-0.27,-1.32,0.37,0.8,-0.43,0.94,-0.28,1.21,0.58,-0.24,1.31,-1.56,1.89,0.32,-0.01,7706,3840,3866
1505,Tariq Abdul-Wahad,2006,0.72,0.87,-0.15,-0.05,-0.15,0.1,-0.42,0.32,0.66,-0.34,0.03,0.22,-0.18,-0.29,0.67,0.35,0.25,0.06,0.31,0.0,1079,538,541
1762,Tremaine Fowlkes,2006,-0.11,0.01,-0.12,-0.34,-0.33,-0.01,-0.52,1.11,1.06,0.05,0.63,0.22,0.4,-0.49,-0.45,1.74,-0.97,1.25,0.28,-0.0,3208,1590,1618
1711,Raef LaFrentz,2006,0.57,0.81,-0.24,0.28,-0.2,0.48,-0.33,0.47,0.29,0.18,-0.28,-0.43,0.14,-0.44,0.85,0.19,0.52,-0.25,0.28,0.01,26234,13139,13095
682,Bob Sura,2006,0.96,0.78,0.18,-0.12,-0.05,-0.06,0.22,-0.45,-0.45,0.0,0.06,-0.02,0.09,-0.39,0.84,-0.39,1.06,-0.78,0.28,-0.0,17923,8928,8995
2745,Kirk Snyder,2006,1.55,1.78,-0.23,-0.13,-0.0,-0.12,-0.09,-0.15,-0.18,0.03,-0.37,-0.04,-0.33,-0.53,1.42,-0.52,1.33,-1.05,0.28,0.0,7808,3892,3916
699,Brent Barry,2006,1.33,1.41,-0.08,-0.05,-0.1,0.04,-0.98,-0.64,-0.32,-0.32,0.06,0.3,-0.23,0.55,1.28,-0.58,0.3,-0.03,0.27,-0.0,29623,14824,14799
101107,Marvin Williams,2006,-0.03,-0.44,0.41,-0.19,0.13,-0.32,0.21,0.03,0.46,-0.43,0.74,0.37,0.37,-0.49,-0.22,0.77,-0.01,0.28,0.27,0.0,7408,3689,3719
2224,Jamaal Tinsley,2006,1.3,1.0,0.3,-0.19,-0.45,0.25,-0.58,-1.19,-0.91,-0.28,0.64,0.23,0.4,0.29,1.11,-0.55,0.53,-0.26,0.27,-0.0,25625,12811,12814
2767,Royal Ivey,2006,-0.15,0.43,-0.58,-0.16,-0.23,0.07,-0.95,-0.31,-0.34,0.03,1.23,0.25,0.98,0.61,-0.31,0.92,-1.26,1.53,0.27,0.0,6512,3255,3257
2045,Hedo Turkoglu,2006,0.09,-0.23,0.32,0.39,0.28,0.11,-0.41,0.76,1.22,-0.46,-0.49,-0.31,-0.18,-0.08,0.48,0.27,0.07,0.19,0.26,-0.0,30060,15040,15020
278,Stacey Augmon,2006,-0.13,-0.49,0.36,-0.65,-0.31,-0.35,-0.35,1.0,0.91,0.09,0.63,-0.13,0.76,-0.25,-0.78,1.63,-1.13,1.38,0.25,-0.0,13062,6495,6567
1885,Lamar Odom,2006,0.41,0.27,0.14,0.05,0.38,-0.33,-0.52,1.91,1.52,0.39,-1.01,-0.63,-0.38,-0.59,0.46,0.9,-0.06,0.31,0.25,0.0,40680,20331,20349
954,Kerry Kittles,2006,0.91,1.05,-0.14,0.17,-0.25,0.43,-0.49,0.44,0.06,0.38,0.12,0.19,-0.07,-0.92,1.08,0.56,0.59,-0.36,0.23,0.0,22532,11285,11247
1761,Greg Buckner,2006,0.41,0.4,0.01,0.1,-0.07,0.16,-0.28,-0.82,-0.09,-0.73,0.94,0.33,0.61,-0.13,0.51,0.12,0.23,-0.01,0.23,0.01,22322,11118,11204
970,Othella Harrington,2006,-0.07,0.29,-0.36,-0.24,0.03,-0.26,-0.27,0.21,-0.27,0.48,0.5,0.04,0.46,0.07,-0.31,0.71,-0.58,0.78,0.21,0.01,18140,9100,9040
101109,Raymond Felton,2006,1.44,1.54,-0.1,0.43,0.32,0.1,-0.91,-1.36,-1.26,-0.1,0.54,0.51,0.03,0.06,1.87,-0.82,0.96,-0.76,0.2,0.0,9168,4571,4597
101187,Alan Anderson,2006,0.99,0.82,0.17,0.07,-0.02,0.09,-0.9,0.42,0.43,-0.01,0.0,-0.05,0.05,-0.38,1.06,0.42,0.16,0.04,0.19,-0.01,2141,1065,1076
101219,Anthony Grundy,2006,0.31,0.17,0.14,0.07,0.1,-0.02,-0.31,0.31,0.18,0.13,0.04,0.13,-0.07,-0.26,0.38,0.35,0.07,0.09,0.16,0.0,419,212,207
2080,Igor Rakocevic,2006,1.31,1.09,0.22,-0.35,-0.16,-0.18,-1.01,-0.07,0.01,-0.08,0.27,0.15,0.13,0.01,0.96,0.2,-0.05,0.21,0.16,-0.0,899,459,440
353,Darrell Armstrong,2006,0.91,0.32,0.59,-0.46,-0.22,-0.25,-0.95,-0.46,-0.0,-0.46,1.59,0.68,0.9,-0.48,0.45,1.13,-0.5,0.65,0.15,-0.0,24938,12466,12472
2223,Samuel Dalembert,2006,-0.2,0.62,-0.82,-0.45,-0.37,-0.08,-1.08,2.66,1.8,0.86,-0.38,-0.28,-0.11,-0.44,-0.65,2.28,-1.73,1.84,0.12,0.01,22198,11093,11105
2757,Beno Udrih,2006,0.72,0.63,0.09,0.27,0.0,0.27,-0.62,0.98,1.12,-0.14,-0.25,0.06,-0.3,-1.0,0.99,0.73,0.37,-0.27,0.11,0.01,7202,3590,3612
1038,Juaquin Hawkins,2006,0.86,0.87,-0.01,-0.13,0.03,-0.15,-0.43,0.13,0.16,-0.03,-0.58,-0.38,-0.19,0.25,0.73,-0.45,0.3,-0.2,0.1,-0.0,2418,1200,1218
757,Damon Stoudamire,2006,0.96,1.15,-0.19,0.69,0.34,0.35,0.05,-0.07,-0.57,0.5,-0.6,-0.48,-0.12,-0.93,1.65,-0.67,1.7,-1.6,0.1,0.0,29327,14640,14687
2207,Joe Johnson,2006,1.28,1.36,-0.08,0.46,0.29,0.16,-0.49,0.99,0.69,0.3,-0.2,0.18,-0.39,-1.93,1.74,0.79,1.25,-1.14,0.1,-0.01,47947,24010,23937
2199,Tyson Chandler,2006,-1.26,-0.95,-0.31,-1.05,-0.38,-0.68,0.95,1.05,0.58,0.47,-0.03,-0.16,0.13,0.44,-2.31,1.02,-1.36,1.46,0.1,0.0,27345,13701,13644
965,Derek Fisher,2006,-0.58,-0.73,0.15,1.01,0.29,0.72,-0.64,-0.1,0.03,-0.13,0.53,-0.16,0.7,-0.13,0.43,0.43,-0.21,0.3,0.09,-0.0,38608,19364,19244
239,Darrick Martin,2006,-0.01,-0.39,0.38,0.12,0.08,0.05,-0.45,1.25,1.32,-0.07,-0.09,0.02,-0.1,-0.75,0.11,1.16,-0.34,0.41,0.08,0.01,3241,1626,1615
1477,Bruce Bowen,2006,0.68,1.26,-0.58,-0.65,-0.16,-0.5,-1.18,2.1,1.42,0.68,-0.38,-0.34,-0.03,-0.5,0.03,1.72,-1.15,1.22,0.07,-0.0,45977,22926,23051
2294,Charlie Bell,2006,1.14,1.27,-0.13,0.67,0.27,0.4,-1.33,-0.86,-0.05,-0.81,0.86,0.56,0.31,-0.42,1.81,0.0,0.48,-0.42,0.06,0.0,5243,2620,2623
1496,Keith Van Horn,2006,1.13,0.83,0.3,-0.47,0.09,-0.56,-0.51,0.46,0.47,-0.01,-0.22,-0.39,0.17,-0.33,0.66,0.24,0.15,-0.09,0.06,0.0,29845,14945,14900
2731,Emeka Okafor,2006,-1.73,-1.37,-0.36,-0.05,0.09,-0.15,1.35,-0.02,-0.06,0.04,0.12,0.01,0.11,0.38,-1.78,0.1,-0.43,0.48,0.05,-0.0,12750,6379,6371
2624,Quinton Ross,2006,-0.03,-0.15,0.12,-0.02,0.38,-0.4,-1.08,1.69,1.77,-0.08,-0.02,-0.21,0.2,-0.52,-0.05,1.67,-1.13,1.15,0.03,0.01,12523,6197,6326
1501,Tim Thomas,2006,2.11,2.56,-0.45,0.27,0.11,0.15,-1.01,-0.86,-0.93,0.07,-0.2,-0.18,-0.01,-0.31,2.38,-1.06,1.37,-1.37,-0.0,0.0,30537,15286,15251
2756,Sasha Vujacic,2006,-0.14,0.12,-0.26,0.15,0.25,-0.09,-0.14,0.34,0.69,-0.35,-0.13,-0.06,-0.06,-0.07,0.01,0.21,-0.13,0.14,0.0,-0.01,7222,3618,3604
693,Joe Smith,2006,-1.21,-1.47,0.26,0.42,0.02,0.4,0.83,-0.56,-0.99,0.43,-0.46,-0.51,0.04,0.97,-0.79,-1.02,0.04,-0.05,-0.01,0.0,25539,12773,12766
2470,Smush Parker,2006,0.92,0.8,0.12,-0.28,-0.16,-0.11,-0.62,-1.25,-0.85,-0.4,0.75,0.31,0.44,0.47,0.64,-0.5,0.02,-0.03,-0.01,0.0,16242,8124,8118
1714,Robert Traylor,2006,-0.28,0.42,-0.7,-0.55,-0.1,-0.44,1.31,0.07,0.55,-0.48,0.15,0.28,-0.13,-0.73,-0.83,0.22,0.48,-0.51,-0.03,-0.0,11956,5962,5994
42,Monty Williams,2006,1.28,0.87,0.41,-0.02,-0.12,0.11,-0.74,0.3,0.26,0.04,-0.28,-0.18,-0.1,-0.58,1.26,0.02,0.52,-0.56,-0.04,-0.0,1410,702,708
15,Eric Piatkowski,2006,-0.9,-0.55,-0.35,0.11,0.06,0.04,0.24,0.85,1.15,-0.3,0.02,-0.01,0.04,-0.38,-0.79,0.87,-0.55,0.49,-0.06,0.0,11932,5992,5940
891,Charles Oakley,2006,-0.64,-0.67,0.03,0.23,-0.01,0.24,-0.49,0.41,0.75,-0.34,0.34,-0.1,0.45,0.06,-0.41,0.75,-0.9,0.81,-0.08,0.01,1897,953,944
101204,Dwayne Jones,2006,0.14,0.22,-0.08,-0.25,-0.07,-0.18,-0.33,0.52,0.65,-0.13,0.02,-0.07,0.11,-0.18,-0.11,0.54,-0.44,0.36,-0.08,-0.0,302,151,151
101195,Luke Schenscher,2006,-0.14,-0.0,-0.14,0.16,0.09,0.08,-0.49,0.4,0.51,-0.11,0.25,0.14,0.11,-0.26,0.02,0.65,-0.47,0.39,-0.08,-0.0,621,313,308
2399,Mike Dunleavy,2006,0.73,1.0,-0.27,-0.36,-0.16,-0.2,-0.64,-0.32,-0.77,0.45,0.5,0.06,0.44,0.0,0.37,0.18,-0.27,0.18,-0.09,0.0,33487,16756,16731
1901,Dion Glover,2006,0.12,-0.01,0.13,0.27,-0.03,0.3,-0.68,1.04,0.53,0.51,-0.25,-0.14,-0.1,-0.6,0.39,0.79,-0.29,0.19,-0.1,-0.0,13372,6698,6674
2667,Desmond Penigar,2006,0.21,0.24,-0.03,0.0,0.04,-0.04,-0.44,0.34,0.31,0.03,0.03,0.01,0.03,-0.27,0.21,0.37,-0.23,0.1,-0.13,0.0,322,165,157
1760,Derrick Dial,2006,-0.12,-0.12,0.0,0.11,0.01,0.11,-0.15,0.58,0.63,-0.05,-0.21,0.02,-0.22,-0.35,-0.01,0.37,-0.16,0.02,-0.13,0.01,296,148,148
101126,Nate Robinson,2006,0.87,0.4,0.47,-0.35,-0.11,-0.24,-0.12,-0.23,-0.21,-0.02,0.1,-0.01,0.12,-0.41,0.52,-0.13,0.4,-0.54,-0.14,-0.0,5781,2896,2885
1723,Matt Harpring,2006,1.88,1.11,0.77,-0.48,-0.5,0.02,0.29,-1.32,-0.69,-0.63,-0.06,-0.25,0.18,-0.48,1.4,-1.38,1.69,-1.86,-0.17,0.0,30451,15225,15226
1899,James Posey,2006,0.38,0.06,0.32,0.05,0.15,-0.11,-0.9,-0.51,-0.31,-0.2,0.85,0.56,0.29,-0.03,0.43,0.34,-0.47,0.31,-0.17,-0.01,33521,16752,16769
2072,Michael Redd,2006,2.94,1.84,1.1,0.51,0.13,0.38,-0.67,-1.21,-0.96,-0.25,-0.5,-0.16,-0.34,-1.28,3.45,-1.71,2.78,-2.99,-0.2,0.01,44259,22163,22096
2873,Billy Thomas,2006,1.53,1.6,-0.07,0.28,0.25,0.03,-1.28,0.04,0.16,-0.12,-0.09,-0.34,0.27,-0.68,1.81,-0.05,0.53,-0.73,-0.2,-0.0,1650,822,828
1074,Matt Maloney,2006,0.31,0.29,0.02,-0.05,0.1,-0.14,-0.2,-0.08,-0.13,0.05,-0.03,0.12,-0.15,-0.15,0.26,-0.11,0.06,-0.26,-0.2,0.0,365,185,180
962,Walter McCarty,2006,1.29,1.07,0.22,0.25,0.52,-0.26,-2.34,0.91,1.13,-0.22,0.78,0.38,0.39,-1.1,1.54,1.69,-0.8,0.59,-0.21,-0.0,20692,10351,10341
1765,Torraye Braggs,2006,0.33,0.3,0.03,-0.25,-0.09,-0.15,-0.34,0.39,0.49,-0.1,0.32,0.1,0.22,-0.67,0.08,0.71,-0.26,0.04,-0.22,0.0,594,294,300
111,LaPhonso Ellis,2006,-0.02,0.06,-0.08,-0.25,-0.05,-0.19,-0.87,1.2,1.17,0.03,0.22,-0.17,0.39,-0.52,-0.27,1.42,-1.14,0.9,-0.23,0.01,2791,1391,1400
2418,Casey Jacobsen,2006,-0.01,-0.37,0.36,-0.69,-0.19,-0.5,-1.12,1.31,1.41,-0.1,-0.12,-0.51,0.39,0.38,-0.7,1.19,-1.82,1.57,-0.25,0.0,17867,8967,8900
2058,Mark Madsen,2006,-3.36,-2.59,-0.77,0.03,0.11,-0.07,2.1,1.19,1.06,0.13,0.16,-0.27,0.44,-0.39,-3.33,1.35,-1.23,0.96,-0.27,0.0,13429,6703,6726
2035,DerMarr Johnson,2006,0.2,0.16,0.04,-0.14,-0.25,0.11,-0.45,0.75,0.82,-0.07,-0.55,-0.33,-0.21,-0.09,0.06,0.2,-0.39,0.11,-0.28,0.0,9723,4874,4849
2585,Zaza Pachulia,2006,0.75,0.68,0.07,-0.48,-0.11,-0.37,-0.29,0.25,-0.54,0.79,0.39,0.4,-0.01,-0.91,0.27,0.64,-0.02,-0.27,-0.29,-0.0,16528,8285,8243
101180,Sarunas Jasikevicius,2006,-0.72,-1.0,0.28,-0.11,-0.2,0.09,-0.73,2.28,2.19,0.09,-0.03,-0.04,0.02,-0.99,-0.83,2.25,-1.56,1.26,-0.3,0.0,6046,3027,3019
136,P.J. Brown,2006,-0.36,-0.48,0.12,0.36,0.22,0.15,-0.48,1.26,0.55,0.71,-0.86,-0.29,-0.57,-0.22,0.0,0.4,-0.48,0.18,-0.3,-0.0,40192,20093,20099
101211,Stephen Graham,2006,0.0,-0.07,0.07,0.1,0.03,0.08,-0.15,-0.1,0.04,-0.14,0.22,-0.03,0.27,-0.37,0.1,0.12,-0.05,-0.25,-0.3,0.0,703,345,358
2446,Rasual Butler,2006,-1.29,-1.0,-0.29,0.14,0.23,-0.09,0.43,1.7,1.68,0.02,-0.5,-0.5,0.0,-0.79,-1.15,1.2,-0.72,0.41,-0.31,0.0,19804,9883,9921
1073,Reggie Slater,2006,-0.07,-0.1,0.03,0.15,0.08,0.08,-0.22,0.11,0.08,0.03,-0.15,-0.09,-0.05,-0.13,0.08,-0.04,-0.14,-0.17,-0.31,0.0,555,278,277
101212,Esteban Batista,2006,-0.42,-0.44,0.02,-0.17,0.06,-0.23,0.48,-0.33,-0.23,-0.1,0.14,0.28,-0.14,-0.03,-0.59,-0.19,-0.11,-0.22,-0.33,-0.0,1841,920,921
1533,Anthony Johnson,2006,0.16,-0.07,0.23,0.61,0.43,0.17,-1.04,1.63,1.63,0.0,-0.54,-0.48,-0.05,-1.15,0.77,1.09,-0.27,-0.06,-0.33,0.0,25526,12758,12768
980,Zydrunas Ilgauskas,2006,-0.38,-0.51,0.13,-0.78,-0.15,-0.62,-0.74,2.14,0.72,1.42,-0.81,-0.46,-0.35,0.24,-1.16,1.33,-1.9,1.57,-0.33,0.0,37421,18728,18693
84,Latrell Sprewell,2006,1.46,1.32,0.14,0.2,-0.06,0.26,-0.91,-0.25,-0.51,0.26,-0.48,-0.05,-0.41,-0.35,1.66,-0.73,0.75,-1.08,-0.33,0.0,33553,16811,16742
101182,Donell Taylor,2006,-0.04,-0.27,0.23,0.05,-0.04,0.08,-0.7,0.09,-0.01,0.1,0.45,0.02,0.43,-0.22,0.01,0.54,-0.69,0.32,-0.37,0.0,1714,847,867
2047,Quentin Richardson,2006,-0.15,-0.11,-0.04,-0.15,-0.01,-0.15,1.05,0.43,0.11,0.32,-0.44,-0.04,-0.39,-1.11,-0.3,-0.01,0.75,-1.12,-0.38,-0.01,32497,16268,16229
2420,Nenad Krstic,2006,0.59,0.9,-0.31,0.07,-0.0,0.07,-0.56,0.04,-0.72,0.76,-0.19,-0.13,-0.06,-0.33,0.66,-0.15,0.1,-0.48,-0.38,0.0,18236,9133,9103
248,George Lynch,2006,-1.14,-0.63,-0.51,-0.5,-0.1,-0.4,-0.45,0.95,0.34,0.61,0.69,-0.09,0.78,0.07,-1.64,1.64,-2.09,1.71,-0.38,-0.0,16036,8016,8020
2063,Jake Voskuhl,2006,-1.61,-1.3,-0.31,0.29,0.17,0.13,-0.66,0.03,0.15,-0.12,1.4,0.74,0.65,0.16,-1.32,1.43,-1.98,1.59,-0.39,0.0,14553,7282,7271
2679,Matt Carroll,2006,0.15,-0.58,0.73,0.29,0.34,-0.05,-1.6,-0.34,0.1,-0.44,0.97,1.11,-0.14,0.15,0.44,0.63,-1.16,0.78,-0.39,-0.01,6840,3432,3408
1049,Shane Heal,2006,-0.22,-0.21,-0.01,0.04,0.01,0.03,-0.2,0.52,0.55,-0.03,0.03,0.14,-0.1,-0.56,-0.18,0.55,-0.38,-0.01,-0.39,0.0,246,125,121
1918,Obinna Ekezie,2006,0.77,0.86,-0.09,-0.32,-0.25,-0.06,-1.05,0.29,-0.06,0.35,-0.18,0.31,-0.48,0.09,0.45,0.11,-0.6,0.2,-0.4,0.0,2690,1347,1343
2208,Kedrick Brown,2006,-0.29,-0.26,-0.03,0.22,-0.1,0.32,-0.43,1.39,1.0,0.39,-0.03,-0.17,0.14,-1.27,-0.07,1.36,-0.5,0.09,-0.41,0.0,6239,3119,3120
2724,Desmond Ferguson,2006,0.08,0.14,-0.06,-0.09,-0.02,-0.07,-0.44,0.37,0.39,-0.02,-0.07,-0.03,-0.03,-0.27,-0.01,0.3,-0.45,0.03,-0.42,0.0,97,51,46
779,Glen Rice,2006,-0.39,-0.61,0.22,0.11,-0.02,0.13,0.08,0.13,0.32,-0.19,-0.61,-0.48,-0.13,0.25,-0.28,-0.48,-0.2,-0.23,-0.43,-0.0,6445,3225,3220
2253,Sean Lampley,2006,-0.21,-0.19,-0.02,-0.24,-0.11,-0.14,-0.52,0.5,0.27,0.23,-0.07,-0.05,-0.02,0.1,-0.45,0.43,-0.97,0.53,-0.44,0.0,1955,983,972
950,Stephon Marbury,2006,0.87,0.21,0.66,0.92,0.63,0.29,-0.03,-1.37,-0.78,-0.59,-0.54,-0.28,-0.27,-0.29,1.79,-1.91,1.76,-2.2,-0.44,0.0,45911,22988,22923
1715,Jason Williams,2006,2.46,2.59,-0.13,0.6,0.38,0.22,-1.35,-0.64,-0.89,0.25,-0.68,-0.17,-0.51,-0.83,3.06,-1.32,1.71,-2.15,-0.45,-0.01,35031,17509,17522
2032,Darius Miles,2006,-0.43,0.1,-0.53,-0.77,-0.4,-0.38,-0.9,3.72,3.08,0.64,-0.13,0.45,-0.59,-1.95,-1.2,3.59,-2.1,1.64,-0.46,-0.0,26197,13073,13124
101111,Charlie Villanueva,2006,1.59,1.42,0.17,0.25,0.43,-0.18,0.18,-1.63,-1.51,-0.12,-0.25,-0.17,-0.06,-0.62,1.84,-1.88,2.02,-2.5,-0.48,-0.0,8841,4431,4410
1572,Nate Huffman,2006,0.47,0.28,0.19,-0.05,-0.05,0.01,-0.35,-0.44,-0.28,-0.16,0.04,0.04,0.01,-0.18,0.42,-0.4,0.07,-0.58,-0.5,0.01,283,139,144
2050,Morris Peterson,2006,0.71,0.42,0.29,0.8,0.35,0.45,-0.76,-0.06,0.06,-0.12,-0.55,-0.45,-0.11,-0.66,1.51,-0.61,0.75,-1.27,-0.52,0.0,39770,19867,19903
101188,Eddie Basden,2006,-0.33,-0.19,-0.14,-0.14,-0.03,-0.11,-0.58,0.77,0.76,0.01,0.06,0.16,-0.09,-0.3,-0.47,0.83,-1.05,0.53,-0.52,0.0,535,267,268
2053,Dalibor Bagaric,2006,-0.3,-0.27,-0.03,-0.01,-0.01,0.01,-0.43,0.18,0.1,0.08,0.12,0.0,0.12,-0.09,-0.31,0.3,-0.74,0.21,-0.53,0.0,305,154,151
2764,Donta Smith,2006,0.73,0.72,0.01,-0.15,-0.1,-0.05,-0.74,-0.77,-0.29,-0.48,0.75,0.36,0.39,-0.37,0.58,-0.02,-0.16,-0.39,-0.55,0.0,1963,977,986
2351,Oscar Torres,2006,0.59,0.37,0.22,-0.26,-0.01,-0.25,-0.31,-0.16,-0.28,0.12,-0.09,-0.05,-0.03,-0.34,0.33,-0.25,0.02,-0.59,-0.56,0.01,386,191,195
2038,Joel Przybilla,2006,-0.72,-0.06,-0.66,-0.43,-0.44,0.02,0.4,1.72,1.36,0.36,-0.87,-0.33,-0.54,-0.66,-1.15,0.85,-0.75,0.19,-0.56,-0.0,15101,7541,7560
101207,Kevin Burleson,2006,-0.62,-0.79,0.17,-0.0,0.05,-0.05,-0.97,0.38,0.25,0.13,0.86,0.91,-0.03,-0.21,-0.62,1.24,-1.59,1.03,-0.56,-0.0,1280,635,645
2246,Mehmet Okur,2006,-0.22,-0.58,0.36,-0.12,-0.07,-0.05,-0.32,0.29,0.18,0.11,0.22,-0.3,0.52,-0.41,-0.34,0.51,-0.66,0.1,-0.56,-0.0,31495,15731,15764
2210,Richard Jefferson,2006,2.04,1.29,0.75,-0.48,-0.19,-0.29,-1.99,0.27,0.39,-0.12,-0.37,-0.34,-0.03,-0.05,1.56,-0.1,-0.43,-0.15,-0.58,0.0,45189,22653,22536
2673,Hiram Fuller,2006,-0.41,-0.34,-0.07,-0.07,-0.05,-0.01,-0.27,0.6,0.55,0.05,0.09,0.05,0.04,-0.54,-0.48,0.69,-0.75,0.15,-0.59,0.01,156,77,79
101129,Luther Head,2006,-0.85,-0.78,-0.07,0.09,-0.05,0.15,-0.74,1.9,1.81,0.09,-0.35,-0.11,-0.24,-0.64,-0.76,1.55,-1.5,0.91,-0.59,0.0,8203,4100,4103
1499,Tony Battie,2006,-0.91,-0.7,-0.21,-0.12,-0.06,-0.05,-0.49,2.92,2.05,0.87,-0.95,-0.38,-0.55,-1.05,-1.03,1.97,-1.52,0.92,-0.6,0.0,27541,13773,13768
905,Dale Davis,2006,-0.79,-0.47,-0.32,0.01,0.2,-0.19,-0.18,1.53,0.73,0.8,-0.48,-0.01,-0.47,-0.69,-0.78,1.05,-0.96,0.36,-0.6,-0.0,21082,10527,10555
255,Grant Hill,2006,0.55,-0.19,0.74,0.12,0.38,-0.26,-1.47,-0.22,-0.24,0.02,-0.07,0.05,-0.13,0.49,0.67,-0.29,-0.8,0.2,-0.6,0.0,14658,7326,7332
2668,Josh Davis,2006,-0.18,-0.2,0.02,0.02,-0.23,0.25,-1.0,1.0,1.17,-0.17,0.01,-0.06,0.07,-0.45,-0.16,1.01,-1.16,0.56,-0.6,-0.0,1396,703,693
1904,Devean George,2006,-0.94,-1.05,0.11,-0.4,0.01,-0.41,-0.23,0.29,0.16,0.13,0.72,0.17,0.55,-0.04,-1.34,1.01,-1.57,0.97,-0.61,-0.01,23681,11881,11800
101149,Martynas Andriuskevicius,2006,0.2,0.17,0.03,-0.07,-0.04,-0.03,-0.52,0.11,0.08,0.03,0.04,0.01,0.04,-0.38,0.13,0.15,-0.39,-0.23,-0.62,0.0,29,16,13
896,Tim Hardaway,2006,0.37,0.43,-0.06,0.16,0.1,0.06,-0.77,-0.24,-0.06,-0.18,0.05,-0.1,0.15,-0.18,0.53,-0.19,-0.24,-0.37,-0.62,-0.01,657,327,330
2784,Luis Flores,2006,0.1,0.21,-0.11,-0.08,0.12,-0.19,-0.4,0.17,0.13,0.04,0.02,-0.09,0.12,-0.44,0.02,0.19,-0.38,-0.25,-0.63,0.0,348,178,170
101223,Aaron Miles,2006,-0.12,-0.21,0.09,-0.3,-0.14,-0.15,-0.34,0.21,0.09,0.12,0.11,0.07,0.03,-0.19,-0.42,0.32,-0.76,0.13,-0.63,0.0,450,225,225
101155,Ryan Gomes,2006,0.32,-0.06,0.38,-0.1,0.06,-0.16,-0.2,-0.01,-0.09,0.08,-0.64,-0.01,-0.63,-0.01,0.22,-0.65,0.02,-0.66,-0.64,0.0,5112,2555,2557
101194,Anthony Roberson,2006,-0.06,0.07,-0.13,-0.03,0.02,-0.05,-0.56,0.38,0.22,0.16,-0.11,-0.11,0.0,-0.26,-0.09,0.27,-0.65,0.01,-0.64,0.0,293,142,151
1736,Corey Benjamin,2006,-0.35,-0.43,0.08,0.12,0.1,0.02,-0.46,0.29,0.37,-0.08,0.11,0.1,0.01,-0.35,-0.23,0.4,-0.69,0.05,-0.64,-0.0,530,261,269
2040,Jerome Moiso,2006,-2.34,-1.86,-0.48,-0.28,-0.03,-0.26,-0.2,2.13,2.02,0.11,0.29,0.23,0.06,-0.24,-2.62,2.42,-2.82,2.18,-0.64,0.0,4354,2176,2178
2501,Reggie Evans,2006,-2.82,-1.46,-1.36,-0.31,0.09,-0.4,2.09,-0.82,-1.01,0.19,0.5,0.14,0.36,0.7,-3.13,-0.32,-1.04,0.38,-0.65,0.01,22542,11228,11314
384,Calbert Cheaney,2006,-0.12,0.32,-0.44,0.16,0.08,0.08,-0.73,0.19,-0.1,0.29,0.3,-0.07,0.37,-0.46,0.04,0.49,-0.69,0.03,-0.66,-0.0,21523,10754,10769
2857,Andre Barrett,2006,-0.87,-0.54,-0.33,0.24,0.21,0.03,0.89,-0.5,-0.32,-0.18,-0.4,-0.64,0.23,-0.03,-0.63,-0.9,0.26,-0.93,-0.67,0.0,2846,1421,1425
1519,John Thomas,2006,-0.31,0.17,-0.48,-0.44,-0.42,-0.01,0.34,0.0,-0.09,0.09,0.09,0.52,-0.44,-0.35,-0.75,0.09,-0.41,-0.26,-0.67,-0.0,2552,1269,1283
1507,Derek Anderson,2006,1.04,0.49,0.55,-0.22,-0.02,-0.2,-1.37,-0.1,-0.13,0.03,0.47,0.3,0.16,-0.49,0.82,0.37,-0.55,-0.12,-0.67,0.0,24556,12286,12270
2570,Kendrick Perkins,2006,-0.15,0.14,-0.29,-0.83,-0.18,-0.65,0.63,0.55,0.57,-0.02,-0.6,0.12,-0.71,-0.28,-0.98,-0.05,-0.35,-0.33,-0.67,0.01,7335,3670,3665
2599,Brandon Hunter,2006,-1.15,-0.73,-0.42,-0.33,0.14,-0.46,1.0,-0.24,-0.07,-0.17,0.22,0.32,-0.1,-0.18,-1.48,-0.02,-0.48,-0.2,-0.67,0.01,2439,1213,1226
1520,Charles Smith,2006,-0.41,-0.26,-0.15,0.29,0.12,0.17,-0.66,0.07,0.2,-0.13,0.25,0.55,-0.3,-0.22,-0.12,0.32,-0.78,0.1,-0.68,-0.0,835,425,410
2559,Troy Bell,2006,0.15,0.03,0.12,-0.08,0.03,-0.11,-0.49,-0.16,0.02,-0.18,-0.02,-0.09,0.07,-0.08,0.07,-0.18,-0.42,-0.26,-0.68,-0.0,141,70,71
2569,Ndudi Ebi,2006,-0.13,-0.02,-0.11,0.11,-0.04,0.15,-0.1,0.13,0.13,0.0,-0.21,-0.06,-0.14,-0.48,-0.02,-0.08,-0.12,-0.56,-0.68,-0.0,294,144,150
1719,Bonzi Wells,2006,0.29,-0.01,0.3,-0.75,-0.45,-0.31,-0.03,-1.24,-1.13,-0.11,1.07,0.37,0.69,-0.03,-0.46,-0.17,-0.49,-0.2,-0.69,0.0,29701,14871,14830
2216,Zach Randolph,2006,-1.27,-1.0,-0.27,-0.15,0.12,-0.28,1.65,-1.23,-1.74,0.51,-0.35,-0.21,-0.15,0.65,-1.42,-1.58,0.23,-0.93,-0.7,0.0,31081,15531,15550
2205,DeSagana Diop,2006,-1.85,-1.11,-0.74,0.03,0.05,-0.02,-1.01,1.88,1.46,0.42,-0.1,0.14,-0.23,0.35,-1.82,1.78,-2.83,2.13,-0.7,0.0,14168,7050,7118
1738,Ansu Sesay,2006,-1.92,-1.41,-0.51,-0.5,-0.2,-0.3,-0.07,1.84,2.2,-0.36,0.55,0.12,0.45,-0.63,-2.42,2.39,-2.49,1.76,-0.72,0.01,4367,2159,2208
101154,Andray Blatche,2006,-0.27,-0.22,-0.05,-0.01,-0.09,0.09,-0.17,0.32,0.47,-0.15,0.05,-0.1,0.15,-0.65,-0.28,0.37,-0.45,-0.28,-0.73,0.0,623,308,315
1504,Danny Fortson,2006,-0.68,-0.95,0.27,-1.14,0.2,-1.33,1.79,-0.87,-0.46,-0.41,-0.45,-0.47,0.01,0.62,-1.82,-1.32,-0.03,-0.7,-0.73,-0.0,8284,4113,4171
2891,Mark Jones,2006,-0.51,-0.31,-0.2,-0.06,-0.03,-0.04,0.37,-0.19,-0.08,-0.11,-0.06,0.05,-0.12,-0.28,-0.57,-0.25,-0.2,-0.53,-0.73,0.0,435,220,215
1735,Vladimir Stepania,2006,-2.73,-2.49,-0.24,-0.23,-0.05,-0.17,0.49,2.73,2.07,0.66,-0.17,-0.3,0.13,-0.81,-2.96,2.56,-2.47,1.75,-0.73,-0.01,7100,3536,3564
2442,Chris Owens,2006,0.13,0.14,-0.01,-0.05,-0.02,-0.04,-0.4,-0.01,-0.02,0.01,-0.11,-0.05,-0.04,-0.3,0.08,-0.12,-0.32,-0.42,-0.74,0.0,23,12,11
1563,Kevin Ollie,2006,-0.6,-1.47,0.87,0.18,0.28,-0.1,-0.65,0.98,0.86,0.12,0.36,0.35,0.01,-1.01,-0.42,1.34,-1.07,0.33,-0.74,0.0,16243,8104,8139
2758,David Harrison,2006,-1.54,-0.99,-0.55,-0.85,-0.35,-0.49,0.46,1.76,1.52,0.24,-0.18,0.09,-0.26,-0.39,-2.39,1.58,-1.93,1.19,-0.74,0.0,6468,3241,3227
1052,Ben Handlogten,2006,0.86,0.84,0.02,-0.37,-0.15,-0.23,0.32,-1.41,-0.89,-0.52,0.12,0.25,-0.13,-0.27,0.49,-1.29,0.81,-1.56,-0.75,-0.0,1641,819,822
686,Antonio McDyess,2006,-0.14,0.46,-0.6,-0.29,-0.64,0.34,0.32,-0.45,-0.35,-0.1,0.01,0.3,-0.29,-0.21,-0.43,-0.44,-0.11,-0.65,-0.75,0.01,18979,9479,9500
922,Elden Campbell,2006,-0.09,-0.57,0.48,-0.56,-0.05,-0.51,-1.62,2.4,2.04,0.36,-0.28,-0.09,-0.19,-0.61,-0.65,2.12,-2.27,1.51,-0.76,0.0,8173,4083,4090
2428,Vincent Yarbrough,2006,-0.61,-0.72,0.11,0.37,-0.07,0.45,0.17,-0.57,0.14,-0.71,0.42,0.69,-0.28,-0.54,-0.24,-0.15,-0.07,-0.69,-0.76,0.0,5151,2562,2589
101112,Channing Frye,2006,-1.25,-1.56,0.31,-0.45,-0.46,0.01,0.5,0.4,0.46,-0.06,0.55,0.48,0.07,-0.51,-1.7,0.95,-1.2,0.44,-0.76,-0.0,5856,2949,2907
2734,Devin Harris,2006,0.62,-0.2,0.82,-0.14,-0.19,0.05,-1.08,-1.21,-0.17,-1.04,1.02,0.55,0.47,0.03,0.48,-0.19,-0.6,-0.16,-0.76,0.0,11514,5770,5744
1744,Jerome James,2006,-2.21,-1.08,-1.13,-1.08,-0.15,-0.93,-0.08,3.59,3.23,0.36,-0.71,-0.56,-0.15,-0.26,-3.29,2.88,-3.37,2.62,-0.76,-0.01,13584,6775,6809
2632,Kirk Penney,2006,-0.07,-0.04,-0.03,-0.1,-0.05,-0.05,-0.45,0.31,0.25,0.06,-0.07,0.0,-0.07,-0.38,-0.17,0.24,-0.62,-0.14,-0.76,0.0,94,47,47
101139,CJ Miles,2006,0.21,0.26,-0.05,0.22,0.08,0.13,-0.37,-0.38,-0.19,-0.19,0.01,-0.12,0.14,-0.46,0.43,-0.37,0.06,-0.83,-0.77,0.0,717,361,356
101160,Lawrence Roberts,2006,-0.23,0.03,-0.26,-0.14,0.0,-0.14,-0.23,0.16,-0.01,0.17,0.13,-0.05,0.19,-0.46,-0.37,0.29,-0.6,-0.17,-0.77,0.0,623,308,315
2486,Maurice Baker,2006,-0.07,-0.06,-0.01,-0.09,-0.02,-0.06,-0.41,0.22,0.2,0.02,-0.05,-0.05,0.01,-0.37,-0.16,0.17,-0.57,-0.2,-0.78,-0.01,58,31,27
101145,Monta Ellis,2006,-0.25,-0.47,0.22,-0.14,0.22,-0.35,-0.79,-0.37,-0.11,-0.26,0.5,0.0,0.5,0.26,-0.39,0.13,-1.18,0.39,-0.79,0.0,3417,1718,1699
441,Lamond Murray,2006,-0.41,-0.14,-0.27,-0.28,0.06,-0.35,-0.81,1.65,1.58,0.07,-0.07,-0.02,-0.05,-0.87,-0.69,1.58,-1.5,0.71,-0.79,0.0,7977,3980,3997
292,Anthony Miller,2006,0.02,-0.04,0.06,-0.12,-0.1,-0.02,-0.44,-0.01,0.05,-0.06,0.12,-0.03,0.15,-0.37,-0.1,0.11,-0.54,-0.26,-0.8,0.0,48,24,24
176,Antonio Harvey,2006,0.04,0.08,-0.04,-0.25,-0.13,-0.12,-0.44,0.09,0.16,-0.07,0.04,0.05,-0.0,-0.29,-0.21,0.13,-0.65,-0.16,-0.81,0.0,134,64,70
2575,Luke Walton,2006,-0.98,-0.69,-0.29,0.11,-0.21,0.33,0.16,0.11,0.04,0.07,0.02,-0.1,0.12,-0.22,-0.87,0.13,-0.71,-0.09,-0.81,-0.01,11734,5861,5873
2602,Jerome Beasley,2006,-0.01,-0.01,0.0,-0.03,0.01,-0.04,-0.5,0.13,0.14,-0.01,-0.07,-0.02,-0.04,-0.34,-0.04,0.06,-0.54,-0.28,-0.82,0.0,22,11,11
2466,Maurice Carter,2006,-0.08,-0.22,0.14,-0.15,0.01,-0.15,-0.48,-0.04,-0.09,0.05,-0.14,-0.23,0.1,0.07,-0.23,-0.18,-0.71,-0.11,-0.82,0.0,400,203,197
2046,Desmond Mason,2006,0.57,0.01,0.56,0.18,0.31,-0.12,-1.08,0.24,-0.01,0.25,-0.04,-0.25,0.2,-0.69,0.75,0.2,-0.33,-0.49,-0.82,0.0,39995,19985,20010
101152,Bracey Wright,2006,0.11,0.16,-0.05,-0.17,-0.05,-0.11,-0.73,0.72,0.54,0.18,0.07,0.1,-0.01,-0.83,-0.06,0.79,-0.79,-0.04,-0.83,0.0,489,244,245
1722,Michael Dickerson,2006,0.61,0.55,0.06,-0.22,-0.04,-0.17,-0.73,0.19,0.16,0.03,-0.07,-0.04,-0.02,-0.62,0.39,0.12,-0.34,-0.5,-0.84,0.0,325,162,163
431,Shawn Kemp,2006,-0.84,-0.58,-0.26,0.3,0.51,-0.21,-0.63,0.45,-0.37,0.82,-0.09,0.43,-0.5,-0.05,-0.54,0.36,-1.17,0.31,-0.86,0.0,6451,3215,3236
2450,Randy Holcomb,2006,0.13,0.15,-0.02,-0.1,-0.0,-0.1,-0.42,-0.06,0.01,-0.07,-0.11,-0.07,-0.03,-0.31,0.03,-0.17,-0.39,-0.48,-0.87,0.0,36,18,18
446,Lucious Harris,2006,-0.85,-1.11,0.26,0.43,0.25,0.17,-0.04,0.49,0.63,-0.14,0.54,-0.1,0.64,-1.45,-0.42,1.03,-0.46,-0.42,-0.88,-0.0,19123,9535,9588
754,Jim Jackson,2006,0.28,0.62,-0.34,-0.57,-0.26,-0.31,-1.35,2.04,2.18,-0.14,-0.87,-0.58,-0.31,-0.41,-0.29,1.17,-1.64,0.76,-0.89,-0.01,29614,14812,14802
1751,Jahidi White,2006,-1.28,-0.45,-0.83,-0.59,-0.26,-0.32,0.91,0.84,1.06,-0.22,-0.12,0.05,-0.17,-0.65,-1.87,0.72,-0.96,0.07,-0.89,0.0,4582,2275,2307
1910,Leon Smith,2006,-0.07,-0.05,-0.02,-0.02,0.01,-0.02,-0.42,0.0,-0.01,0.01,-0.05,-0.04,-0.0,-0.34,-0.09,-0.05,-0.51,-0.39,-0.9,0.0,12,6,6
2366,Mike Wilks,2006,0.14,-0.07,0.21,-0.02,0.09,-0.11,-1.28,0.69,1.11,-0.42,0.05,-0.02,0.09,-0.48,0.12,0.74,-1.16,0.26,-0.9,-0.0,5087,2524,2563
101125,Julius Hodge,2006,-0.14,-0.1,-0.04,-0.11,0.04,-0.15,-0.28,0.04,0.16,-0.12,-0.2,-0.06,-0.13,-0.22,-0.25,-0.16,-0.53,-0.38,-0.91,0.0,122,61,61
2580,Travis Hansen,2006,0.72,0.48,0.24,0.18,0.25,-0.07,-0.8,-0.85,-0.32,-0.53,0.06,-0.16,0.23,-0.22,0.9,-0.79,0.1,-1.01,-0.91,0.0,1875,933,942
2688,Brandin Knight,2006,0.0,0.01,-0.01,-0.03,0.0,-0.03,-0.39,-0.09,-0.1,0.01,-0.04,-0.04,0.0,-0.36,-0.03,-0.13,-0.42,-0.49,-0.91,0.0,10,5,5
2411,Bostjan Nachbar,2006,-0.23,-0.47,0.24,-0.28,0.02,-0.3,-0.1,0.11,0.63,-0.52,-0.1,-0.75,0.65,-0.31,-0.51,0.01,-0.61,-0.3,-0.91,-0.0,8805,4402,4403
2204,Eddie Griffin,2006,-1.08,-0.65,-0.43,0.05,-0.25,0.32,-0.13,3.66,2.67,0.99,-1.11,-0.45,-0.67,-2.31,-1.03,2.55,-1.16,0.24,-0.92,0.0,17268,8630,8638
2782,Matt Freije,2006,-0.48,-0.45,-0.03,0.18,0.28,-0.1,-0.8,0.0,-0.14,0.14,0.55,0.15,0.41,-0.37,-0.3,0.55,-1.1,0.18,-0.92,0.0,1512,749,763
164,Chris Childs,2006,-0.48,-0.43,-0.05,-0.01,-0.03,0.02,-0.73,-0.08,-0.01,-0.07,0.22,-0.02,0.26,0.14,-0.49,0.14,-1.22,0.28,-0.93,0.01,412,208,204
2657,Yuta Tabuse,2006,-0.14,-0.14,0.0,-0.15,-0.05,-0.1,-0.31,0.09,0.14,-0.05,0.04,0.01,0.03,-0.45,-0.29,0.13,-0.6,-0.32,-0.93,-0.01,71,34,37
178,Olden Polynice,2006,-0.0,-0.03,0.03,-0.09,-0.05,-0.05,-0.57,0.04,0.06,-0.02,-0.06,-0.09,0.02,-0.25,-0.09,-0.02,-0.66,-0.27,-0.93,-0.0,45,22,23
101122,Danny Granger,2006,-0.22,0.05,-0.27,-0.6,-0.2,-0.4,-0.36,1.25,0.99,0.26,0.04,-0.13,0.17,-1.04,-0.82,1.29,-1.18,0.25,-0.93,-0.0,7012,3494,3518
1345,ID_1345,2006,-0.09,-0.08,-0.01,-0.04,-0.0,-0.03,-0.39,-0.06,-0.06,0.0,-0.01,-0.01,0.0,-0.35,-0.13,-0.07,-0.52,-0.42,-0.94,0.0,7,3,4
101118,Sean May,2006,-0.73,-0.79,0.06,-0.12,-0.0,-0.11,0.12,-0.25,-0.03,-0.22,0.26,0.15,0.12,-0.22,-0.85,0.01,-0.73,-0.21,-0.94,0.0,1518,756,762
2241,Omar Cook,2006,-0.01,0.12,-0.13,-0.12,0.01,-0.13,-0.27,-0.02,0.27,-0.29,0.14,-0.01,0.16,-0.66,-0.13,0.12,-0.4,-0.54,-0.94,0.0,762,382,380
2167,ID_2167,2006,-0.01,-0.03,0.02,-0.04,-0.0,-0.03,-0.44,-0.03,-0.03,0.0,-0.06,-0.03,-0.02,-0.36,-0.05,-0.09,-0.49,-0.45,-0.94,0.0,3,2,1
2432,Tito Maddox,2006,-0.12,-0.1,-0.02,-0.03,0.06,-0.08,-0.24,-0.09,-0.05,-0.04,-0.09,-0.01,-0.06,-0.38,-0.15,-0.18,-0.39,-0.56,-0.94,0.01,132,64,68
101249,John Lucas III,2006,-0.53,-0.38,-0.15,0.09,0.05,0.05,-0.24,-0.22,-0.08,-0.14,0.01,-0.01,0.03,-0.05,-0.44,-0.21,-0.68,-0.26,-0.94,0.0,382,193,189
2462,Guy Rucker,2006,-0.04,-0.03,-0.01,-0.1,-0.05,-0.05,-0.44,0.05,0.05,0.0,-0.09,-0.04,-0.03,-0.34,-0.14,-0.04,-0.58,-0.38,-0.95,0.01,11,6,5
2582,Slavko Vranes,2006,-0.06,-0.05,-0.01,-0.04,-0.0,-0.03,-0.36,0.02,-0.0,0.02,-0.06,-0.04,-0.02,-0.45,-0.1,-0.04,-0.46,-0.49,-0.95,0.0,7,4,3
2260,Jarron Collins,2006,-1.11,-1.54,0.43,-0.22,0.06,-0.28,-0.24,-1.01,-0.56,-0.45,0.79,-0.54,1.33,0.84,-1.33,-0.22,-1.57,0.62,-0.96,-0.01,17233,8599,8634
2062,A.J. Guyton,2006,-0.09,-0.08,-0.01,-0.04,-0.04,0.0,-0.43,-0.09,-0.05,-0.04,-0.03,-0.0,-0.02,-0.28,-0.13,-0.12,-0.56,-0.4,-0.96,0.0,31,15,16
1716,Larry Hughes,2006,-0.02,-0.62,0.6,0.02,-0.12,0.13,-0.23,-0.92,-1.02,0.1,0.35,0.33,0.01,-0.17,0.0,-0.57,-0.23,-0.74,-0.97,0.0,32358,16190,16168
1324,ID_1324,2006,-0.03,-0.03,0.0,-0.05,-0.01,-0.04,-0.45,-0.05,-0.03,-0.02,-0.03,-0.0,-0.02,-0.36,-0.08,-0.08,-0.53,-0.44,-0.97,0.0,3,1,2
1654,ID_1654,2006,-0.05,-0.08,0.03,-0.03,-0.0,-0.03,-0.41,-0.07,-0.06,-0.01,-0.02,-0.01,-0.0,-0.4,-0.08,-0.09,-0.49,-0.49,-0.98,0.0,10,4,6
2228,Alton Ford,2006,-0.34,-0.46,0.12,-0.04,-0.02,-0.02,-0.37,0.06,0.04,0.02,0.07,0.06,0.02,-0.36,-0.38,0.13,-0.75,-0.23,-0.98,-0.0,250,125,125
2068,Lavor Postell,2006,0.13,-0.04,0.17,-0.2,-0.06,-0.13,-0.63,0.25,0.06,0.19,-0.13,0.07,-0.19,-0.41,-0.07,0.12,-0.7,-0.29,-0.99,0.0,377,191,186
1585,Brandon Williams,2006,-0.19,-0.17,-0.02,-0.08,-0.02,-0.05,-0.56,0.1,0.05,0.05,0.03,-0.01,0.05,-0.3,-0.27,0.13,-0.83,-0.17,-0.99,0.01,74,37,37
1641,ID_1641,2006,-0.03,-0.06,0.03,-0.04,-0.0,-0.03,-0.45,-0.18,-0.17,-0.01,0.02,0.07,-0.04,-0.31,-0.07,-0.16,-0.52,-0.47,-0.99,0.0,12,3,9
2750,Pavel Podkolzin,2006,-0.14,-0.11,-0.03,-0.12,0.01,-0.13,-0.49,0.17,0.1,0.07,-0.04,0.0,-0.04,-0.37,-0.26,0.13,-0.75,-0.24,-0.99,0.0,86,43,43
1941,ID_1941,2006,0.0,0.0,0.0,-0.05,-0.01,-0.04,-0.45,-0.06,-0.03,-0.03,-0.06,-0.03,-0.02,-0.37,-0.05,-0.12,-0.5,-0.49,-0.99,0.0,2,0,2
369,Charlie Ward,2006,-0.88,-0.52,-0.36,-0.31,-0.25,-0.05,-0.57,-0.19,0.4,-0.59,0.82,0.03,0.8,0.14,-1.19,0.63,-1.76,0.77,-1.0,-0.01,11502,5767,5735
2367,Geno Carlisle,2006,0.12,0.05,0.07,-0.08,0.02,-0.09,-0.43,-0.22,-0.26,0.04,-0.09,-0.01,-0.06,-0.3,0.04,-0.31,-0.39,-0.61,-1.0,0.0,47,24,23
2406,Caron Butler,2006,0.34,-0.19,0.53,0.37,0.13,0.25,-1.35,-0.68,-0.65,-0.03,0.37,0.37,-0.0,-0.05,0.71,-0.31,-0.64,-0.36,-1.0,0.0,41869,20924,20945
2245,Damone Brown,2006,-0.43,-0.33,-0.1,-0.34,-0.13,-0.2,-0.4,0.77,0.42,0.35,-0.22,-0.03,-0.19,-0.39,-0.77,0.55,-1.17,0.16,-1.01,-0.0,987,493,494
1279,ID_1279,2006,-0.08,-0.12,0.04,-0.03,0.0,-0.03,-0.47,-0.2,-0.22,0.02,0.07,0.06,0.01,-0.31,-0.11,-0.13,-0.58,-0.44,-1.01,0.01,16,4,12
2009,ID_2009,2006,-0.06,-0.09,0.03,-0.03,-0.0,-0.03,-0.47,-0.04,-0.03,-0.01,-0.06,-0.03,-0.02,-0.36,-0.09,-0.1,-0.56,-0.46,-1.02,0.0,6,4,2
101147,Chris Taft,2006,-0.36,-0.24,-0.12,-0.2,-0.03,-0.17,-0.28,-0.01,-0.2,0.19,0.38,0.18,0.2,-0.56,-0.56,0.37,-0.84,-0.19,-1.03,0.0,576,290,286
1032,Darvin Ham,2006,-0.9,-0.83,-0.07,-0.89,-0.26,-0.63,-0.59,0.7,1.2,-0.5,0.64,0.2,0.44,0.0,-1.79,1.34,-2.38,1.34,-1.03,0.01,6451,3166,3285
690,Don Reid,2006,-0.2,-0.16,-0.04,0.02,0.02,0.0,-0.39,-0.1,-0.11,0.01,-0.01,0.02,-0.03,-0.36,-0.18,-0.11,-0.57,-0.47,-1.04,0.0,36,18,18
2306,Carlos Arroyo,2006,0.09,0.12,-0.03,0.45,0.3,0.15,0.39,-1.13,-0.64,-0.49,-0.42,-0.18,-0.23,-0.42,0.54,-1.55,0.93,-1.97,-1.04,-0.0,18169,9054,9115
101114,Deron Williams,2006,-0.45,0.07,-0.52,0.1,-0.03,0.13,0.61,0.45,0.34,0.11,-0.59,-0.35,-0.24,-1.19,-0.35,-0.14,0.26,-1.33,-1.06,0.01,8317,4166,4151
2423,Chris Jefferies,2006,-0.41,-0.13,-0.28,-0.28,-0.05,-0.24,-0.43,-0.18,0.02,-0.2,0.35,0.27,0.09,-0.1,-0.69,0.17,-1.12,0.07,-1.06,-0.01,3248,1617,1631
330,Danny Manning,2006,-0.22,-0.15,-0.07,0.14,0.13,0.01,-0.54,-0.34,-0.37,0.03,0.0,-0.03,0.04,-0.09,-0.08,-0.34,-0.62,-0.43,-1.06,-0.01,376,189,187
2143,Pepe Sanchez,2006,-0.32,-0.37,0.05,0.08,0.05,0.03,-0.37,-0.19,-0.26,0.07,0.11,0.11,0.01,-0.38,-0.24,-0.08,-0.61,-0.46,-1.07,0.0,136,70,66
2852,Awvee Storey,2006,-0.79,-0.74,-0.05,0.13,-0.01,0.13,-0.18,-0.01,0.08,-0.09,0.1,0.11,-0.01,-0.31,-0.66,0.09,-0.84,-0.22,-1.07,-0.01,535,263,272
1893,Aleksandar Radojevic,2006,0.14,0.22,-0.08,-0.27,-0.16,-0.11,-0.95,0.31,0.41,-0.1,0.18,0.02,0.16,-0.49,-0.13,0.49,-1.08,-0.0,-1.08,0.0,460,228,232
2765,Andre Emmett,2006,-0.37,-0.36,-0.01,0.03,0.05,-0.01,-0.47,0.15,0.17,-0.02,0.01,-0.01,0.03,-0.44,-0.34,0.16,-0.81,-0.28,-1.08,0.01,88,46,42
2788,DJ Mbenga,2006,-0.43,-0.15,-0.28,-0.13,0.12,-0.25,-0.6,0.56,0.8,-0.24,0.04,-0.05,0.11,-0.52,-0.56,0.6,-1.16,0.08,-1.08,0.0,1075,535,540
1944,Eddie Robinson,2006,-0.17,-0.05,-0.12,-0.13,0.07,-0.2,-0.2,-0.27,0.33,-0.6,0.97,0.52,0.45,-1.29,-0.3,0.7,-0.5,-0.59,-1.09,0.0,8994,4511,4483
2770,Justin Reed,2006,-0.18,-0.05,-0.13,-0.16,0.12,-0.27,-0.69,0.03,0.47,-0.44,0.64,0.03,0.61,-0.74,-0.34,0.67,-1.03,-0.07,-1.1,-0.0,4148,2050,2098
101230,Noel Felix,2006,0.04,0.06,-0.02,-0.23,-0.15,-0.08,-0.45,-0.04,-0.01,-0.03,-0.09,-0.04,-0.04,-0.34,-0.19,-0.13,-0.64,-0.47,-1.11,0.0,285,143,142
2839,James Thomas,2006,0.19,0.08,0.11,-0.11,0.01,-0.12,-0.29,-0.52,-0.37,-0.15,-0.1,-0.12,0.02,-0.29,0.08,-0.62,-0.21,-0.91,-1.11,0.01,977,481,496
168,Chris Mills,2006,-0.64,-0.63,-0.01,0.25,0.13,0.12,-0.15,-0.74,-0.62,-0.12,0.11,-0.0,0.12,0.06,-0.39,-0.63,-0.54,-0.57,-1.11,-0.0,994,498,496
969,Travis Knight,2006,-0.38,-0.38,0.0,-0.15,-0.18,0.05,-0.7,0.19,0.19,0.0,0.12,0.06,0.05,-0.19,-0.53,0.31,-1.23,0.12,-1.11,0.0,1052,532,520
101185,Rawle Marshall,2006,-0.61,-0.47,-0.14,-0.18,-0.06,-0.11,-0.37,0.61,0.7,-0.09,-0.05,0.1,-0.14,-0.51,-0.79,0.56,-1.16,0.05,-1.11,0.0,854,421,433
1952,Raja Bell,2006,0.27,0.14,0.13,0.08,0.11,-0.03,-1.98,0.18,0.66,-0.48,0.39,0.01,0.37,-0.04,0.35,0.57,-1.63,0.53,-1.11,-0.01,33681,16783,16898
949,Shareef Abdur-Rahim,2006,0.78,0.07,0.71,-0.25,-0.07,-0.17,-0.63,0.23,0.19,0.04,-0.32,0.03,-0.35,-0.93,0.53,-0.09,-0.1,-1.02,-1.12,0.0,35701,17853,17848
1724,Bryce Drew,2006,-0.16,-0.16,0.0,0.16,0.03,0.14,-0.63,-0.2,-0.26,0.06,-0.05,0.19,-0.23,-0.23,0.0,-0.25,-0.63,-0.48,-1.12,-0.01,574,287,287
1337,ID_1337,2006,-0.1,-0.08,-0.02,-0.04,-0.0,-0.03,-0.45,-0.09,-0.07,-0.02,-0.05,-0.04,0.0,-0.4,-0.14,-0.14,-0.59,-0.54,-1.13,0.0,9,3,6
101189,James Singleton,2006,-0.3,-0.15,-0.15,-0.12,-0.2,0.08,0.06,-0.15,0.05,-0.2,-0.22,-0.4,0.18,-0.4,-0.42,-0.37,-0.36,-0.77,-1.13,0.0,2813,1392,1421
1110,Mark Strickland,2006,-0.2,-0.17,-0.03,-0.05,-0.03,-0.02,-0.44,-0.15,-0.16,0.01,-0.03,-0.05,0.03,-0.26,-0.25,-0.18,-0.69,-0.44,-1.13,0.0,42,21,21
2546,Carmelo Anthony,2006,2.48,1.29,1.19,-0.42,-0.2,-0.21,-1.93,-0.8,-0.98,0.18,0.3,0.26,0.03,-0.76,2.06,-0.5,0.13,-1.26,-1.13,0.0,34558,17288,17270
101159,Dijon Thompson,2006,-0.06,0.02,-0.08,-0.13,-0.02,-0.1,-0.39,0.13,0.14,-0.01,-0.02,-0.04,0.03,-0.67,-0.19,0.11,-0.58,-0.56,-1.14,0.0,166,82,84
1917,Wang Zhi-zhi,2006,0.74,1.03,-0.29,-0.35,-0.06,-0.28,-0.38,0.52,0.65,-0.13,-0.22,-0.1,-0.13,-1.45,0.39,0.3,0.01,-1.15,-1.14,0.0,2258,1129,1129
2774,Bernard Robinson,2006,-0.72,-1.2,0.48,0.17,0.05,0.13,-0.41,-0.27,-0.26,-0.01,0.88,0.32,0.56,-0.78,-0.55,0.61,-0.96,-0.17,-1.14,-0.01,6237,3090,3147
1483,ID_1483,2006,0.0,0.0,0.0,-0.05,-0.01,-0.04,-0.45,-0.11,-0.06,-0.05,-0.09,-0.04,-0.03,-0.45,-0.05,-0.2,-0.5,-0.65,-1.15,0.0,6,0,6
1514,Paul Grant,2006,-0.05,-0.07,0.02,-0.14,-0.11,-0.03,-0.71,-0.07,-0.05,-0.02,0.04,-0.03,0.09,-0.24,-0.19,-0.03,-0.9,-0.27,-1.17,0.0,345,172,173
681,Donny Marshall,2006,-0.12,-0.13,0.01,-0.07,-0.01,-0.06,-0.52,-0.01,-0.02,0.01,-0.07,-0.02,-0.04,-0.38,-0.19,-0.08,-0.71,-0.46,-1.17,0.0,24,13,11
2825,Ibrahim Kutluay,2006,-0.14,-0.12,-0.02,-0.13,-0.05,-0.07,-0.5,0.1,0.08,0.02,-0.06,-0.05,-0.01,-0.44,-0.27,0.04,-0.77,-0.4,-1.17,0.0,17,8,9
2054,Jake Tsakalidis,2006,-0.57,0.04,-0.61,-0.72,-0.25,-0.46,-0.27,0.05,-0.46,0.51,0.06,0.09,-0.02,0.28,-1.29,0.11,-1.56,0.39,-1.17,0.0,7753,3874,3879
2244,Jeff Trepagnier,2006,-0.15,-0.07,-0.08,-0.05,-0.13,0.08,-0.42,0.04,-0.06,0.1,-0.06,-0.04,-0.02,-0.54,-0.2,-0.02,-0.62,-0.56,-1.18,0.0,726,360,366
101150,Lou Williams,2006,0.08,0.3,-0.22,-0.15,-0.0,-0.15,-0.44,-0.31,-0.38,0.07,-0.28,-0.16,-0.11,-0.08,-0.07,-0.59,-0.51,-0.67,-1.18,0.0,510,254,256
1766,Maceo Baston,2006,0.46,0.27,0.19,-0.11,-0.1,-0.01,-1.09,0.35,0.47,-0.12,-0.25,-0.11,-0.14,-0.54,0.35,0.1,-0.74,-0.44,-1.18,0.0,395,199,196
2800,Tony Bobbitt,2006,-0.02,-0.02,0.0,-0.03,0.03,-0.05,-0.55,0.0,-0.04,0.04,-0.13,-0.06,-0.06,-0.45,-0.05,-0.13,-0.6,-0.58,-1.18,0.0,38,20,18
2762,Peter John Ramos,2006,-0.13,-0.11,-0.02,-0.15,-0.11,-0.04,-0.57,-0.07,-0.08,0.01,0.01,-0.07,0.09,-0.27,-0.28,-0.06,-0.85,-0.33,-1.18,0.0,69,36,33
1510,Brevin Knight,2006,-0.33,-0.79,0.46,0.42,0.12,0.3,-1.28,-0.8,-0.99,0.19,1.66,0.32,1.34,-0.87,0.09,0.86,-1.19,-0.01,-1.19,0.01,24067,12030,12037
2552,Michael Sweetney,2006,-0.37,-0.24,-0.13,-0.64,-0.2,-0.44,0.58,0.4,-0.17,0.57,-0.07,-0.0,-0.06,-1.08,-1.01,0.33,-0.43,-0.75,-1.19,-0.01,12580,6292,6288
101213,Sharrod Ford,2006,0.06,0.08,-0.02,-0.15,-0.04,-0.11,-0.47,0.06,0.16,-0.1,-0.09,-0.09,0.01,-0.61,-0.09,-0.03,-0.56,-0.64,-1.2,0.0,53,25,28
2357,Tierre Brown,2006,0.13,0.7,-0.57,-0.55,-0.41,-0.15,-0.71,0.82,0.29,0.53,-0.79,-0.51,-0.28,-0.1,-0.42,0.03,-1.13,-0.07,-1.2,0.0,4491,2243,2248
2735,Josh Childress,2006,1.62,0.96,0.66,-0.72,-0.29,-0.43,1.06,-2.42,-1.89,-0.53,-0.55,0.11,-0.66,-0.19,0.9,-2.97,1.96,-3.16,-1.2,-0.0,17194,8574,8620
201,Chris Dudley,2006,-0.15,-0.16,0.01,-0.06,-0.01,-0.05,-0.5,-0.09,-0.09,0.0,-0.07,-0.07,0.0,-0.35,-0.21,-0.16,-0.71,-0.51,-1.22,-0.0,33,16,17
2039,Keyon Dooling,2006,-0.28,-0.13,-0.15,0.07,0.3,-0.23,-0.52,0.39,0.75,-0.36,0.07,-0.39,0.47,-0.95,-0.21,0.46,-0.73,-0.49,-1.22,0.0,16967,8457,8510
2066,Soumaila Samake,2006,-0.24,-0.14,-0.1,-0.23,-0.21,-0.01,-0.47,0.11,0.2,-0.09,-0.05,-0.16,0.12,-0.34,-0.47,0.06,-0.94,-0.28,-1.23,-0.01,295,147,148
2751,Viktor Khryapa,2006,0.8,1.11,-0.31,-0.6,-0.4,-0.2,0.47,-1.26,-1.34,0.08,0.61,0.11,0.51,-1.25,0.2,-0.65,0.67,-1.9,-1.23,0.0,7200,3573,3627
2137,Ime Udoka,2006,-0.43,-0.28,-0.15,-0.14,-0.07,-0.05,-0.37,0.13,-0.08,0.21,-0.12,-0.1,-0.02,-0.3,-0.57,0.01,-0.94,-0.29,-1.23,0.0,486,244,242
2556,Marcus Banks,2006,-0.24,-0.28,0.04,-0.38,0.18,-0.56,-0.99,0.53,1.06,-0.53,0.72,0.11,0.62,-0.87,-0.62,1.25,-1.61,0.38,-1.23,0.0,15781,7890,7891
180,John Crotty,2006,-0.58,-0.61,0.03,0.06,0.05,0.02,-0.17,0.47,0.37,0.1,-0.28,-0.1,-0.17,-0.73,-0.52,0.19,-0.69,-0.54,-1.24,-0.01,653,323,330
101190,Matt Walsh,2006,-0.1,-0.05,-0.05,-0.11,-0.05,-0.06,-0.45,-0.2,-0.17,-0.03,-0.05,-0.04,-0.01,-0.33,-0.21,-0.25,-0.66,-0.58,-1.24,0.0,18,9,9
344,Dana Barros,2006,-0.12,-0.12,0.0,0.01,0.02,-0.0,-0.39,-0.21,-0.1,-0.11,-0.09,-0.02,-0.05,-0.44,-0.11,-0.3,-0.5,-0.74,-1.25,-0.01,51,25,26
95,Mark Bryant,2006,-0.19,-0.29,0.1,-0.2,0.06,-0.26,-0.62,0.01,0.06,-0.05,0.0,-0.01,0.02,-0.26,-0.39,0.01,-1.01,-0.25,-1.25,0.01,362,177,185
1601,Rusty LaRue,2006,-0.14,-0.06,-0.08,-0.08,-0.02,-0.06,-0.42,-0.17,-0.13,-0.04,-0.11,-0.07,-0.02,-0.33,-0.22,-0.28,-0.64,-0.61,-1.25,0.0,74,36,38
2091,Daniel Santiago,2006,0.46,0.72,-0.26,-0.09,-0.18,0.09,-1.39,-0.82,-1.13,0.31,0.5,-0.07,0.59,0.09,0.37,-0.32,-1.02,-0.23,-1.25,-0.0,3048,1528,1520
2744,Al Jefferson,2006,-0.49,-0.59,0.1,-0.51,-0.16,-0.35,0.33,1.7,1.96,-0.26,-0.28,0.03,-0.31,-2.0,-1.0,1.42,-0.67,-0.58,-1.25,0.0,8274,4134,4140
2425,Robert Archibald,2006,-1.28,-1.0,-0.28,-0.28,-0.09,-0.18,-0.29,0.44,0.62,-0.18,0.35,0.22,0.14,-0.21,-1.56,0.79,-1.85,0.58,-1.26,0.01,1210,601,609
1922,Francisco Elson,2006,-1.65,-0.95,-0.7,-0.26,-0.25,-0.02,-0.72,0.21,-0.27,0.48,1.1,1.03,0.07,0.05,-1.91,1.31,-2.63,1.36,-1.27,-0.0,13307,6640,6667
2583,Derrick Zimmerman,2006,-0.06,-0.02,-0.04,-0.08,0.03,-0.11,-0.46,-0.28,-0.3,0.02,0.02,0.02,0.01,-0.41,-0.14,-0.26,-0.6,-0.67,-1.27,0.0,102,50,52
2257,Ruben Boumtje-Boumtje,2006,-0.17,-0.17,0.0,-0.01,-0.03,0.03,-0.43,-0.13,-0.17,0.04,-0.13,-0.03,-0.09,-0.4,-0.18,-0.26,-0.61,-0.66,-1.27,0.0,86,44,42
1913,Michael Ruffin,2006,-1.09,-1.26,0.17,-0.7,-0.1,-0.6,1.07,-1.6,-0.76,-0.84,0.65,0.46,0.18,0.4,-1.79,-0.95,-0.72,-0.55,-1.27,0.0,11882,5893,5989
101132,Linas Kleiza,2006,-1.2,-0.99,-0.21,0.05,-0.11,0.16,0.15,-0.06,-0.1,0.04,-0.3,-0.14,-0.15,0.08,-1.15,-0.36,-1.0,-0.28,-1.28,-0.0,2085,1041,1044
101117,Yaroslav Korolev,2006,-0.62,-0.57,-0.05,-0.18,-0.21,0.02,-0.45,-0.57,-0.39,-0.18,0.34,0.13,0.22,0.19,-0.8,-0.23,-1.25,-0.04,-1.29,-0.0,461,231,230
2071,Olumide Oyedeji,2006,-0.36,-0.31,-0.05,-0.1,-0.1,0.0,-0.27,0.29,0.11,0.18,-0.36,-0.14,-0.23,-0.49,-0.46,-0.07,-0.73,-0.56,-1.3,-0.01,514,253,261
1594,Rick Brunson,2006,0.51,0.41,0.1,-0.08,-0.17,0.09,-0.88,-0.71,-1.02,0.31,0.01,0.02,-0.01,-0.15,0.43,-0.7,-0.45,-0.85,-1.31,-0.01,10164,5088,5076
101178,Arvydas Macijauskas,2006,-0.31,-0.39,0.08,-0.06,-0.05,-0.02,-0.52,-0.16,-0.2,0.04,0.1,0.02,0.07,-0.36,-0.37,-0.06,-0.89,-0.42,-1.31,0.0,456,232,224
363,Christian Laettner,2006,-0.19,-0.14,-0.05,-0.18,-0.5,0.32,-1.55,1.65,1.16,0.49,-0.53,0.02,-0.55,-0.51,-0.37,1.12,-1.92,0.61,-1.31,0.0,15042,7547,7495
2256,Ken Johnson,2006,-0.03,0.14,-0.17,-0.07,-0.06,-0.01,-0.58,-0.34,-0.49,0.15,-0.11,-0.12,0.02,-0.19,-0.1,-0.45,-0.68,-0.64,-1.32,0.0,568,282,286
2453,Predrag Savovic,2006,-0.28,-0.23,-0.05,-0.7,-0.33,-0.37,-0.6,-0.57,-0.28,-0.29,0.6,0.36,0.24,0.24,-0.98,0.03,-1.58,0.27,-1.32,-0.01,966,482,484
2755,Kevin Martin,2006,-0.52,-1.09,0.57,-0.15,-0.33,0.18,-0.5,0.37,0.19,0.18,-0.3,-0.04,-0.26,-0.23,-0.67,0.07,-1.17,-0.16,-1.33,-0.0,9747,4870,4877
2404,Chris Wilcox,2006,-0.62,-0.3,-0.32,-0.78,-0.67,-0.11,0.58,0.14,-0.11,0.25,-0.47,0.11,-0.57,-0.19,-1.4,-0.33,-0.82,-0.52,-1.33,0.01,16303,8152,8151
1894,Corey Maggette,2006,2.54,0.5,2.04,-0.5,-0.05,-0.45,-1.98,-1.04,-0.53,-0.51,-0.32,-0.05,-0.27,-0.04,2.04,-1.36,0.06,-1.4,-1.34,0.0,31302,15677,15625
935,Bryon Russell,2006,-1.51,-1.78,0.27,0.29,0.1,0.19,-1.1,-0.26,0.16,-0.42,0.99,-0.17,1.16,0.23,-1.22,0.73,-2.32,0.96,-1.36,0.0,12482,6234,6248
2684,Melvin Sanders,2006,-0.22,-0.08,-0.14,-0.19,-0.07,-0.11,-0.47,-0.11,-0.03,-0.08,0.12,0.07,0.04,-0.49,-0.41,0.01,-0.88,-0.48,-1.36,-0.0,406,199,207
101135,David Lee,2006,1.66,1.2,0.46,-0.7,-0.43,-0.27,0.12,-2.12,-1.92,-0.2,-0.14,-0.13,-0.0,-0.19,0.96,-2.26,1.08,-2.45,-1.37,0.0,4187,2086,2101
101156,Robert Whaley,2006,-0.55,-0.31,-0.24,-0.21,-0.07,-0.13,-0.21,0.23,0.53,-0.3,-0.1,0.07,-0.16,-0.53,-0.76,0.13,-0.97,-0.4,-1.37,0.0,719,357,362
101165,Alex Acker,2006,-0.05,0.02,-0.07,-0.15,-0.1,-0.05,-0.31,-0.34,-0.34,0.0,-0.11,-0.02,-0.07,-0.41,-0.2,-0.45,-0.51,-0.86,-1.37,0.0,142,67,75
2421,Frank Williams,2006,-0.43,-0.3,-0.13,-0.34,-0.24,-0.1,-0.56,1.08,1.12,-0.04,-0.21,0.01,-0.22,-0.92,-0.77,0.87,-1.33,-0.05,-1.38,0.0,3654,1829,1825
101161,Amir Johnson,2006,0.01,0.09,-0.08,-0.12,-0.11,-0.0,-0.35,-0.42,-0.37,-0.05,-0.1,0.0,-0.09,-0.4,-0.11,-0.52,-0.46,-0.92,-1.38,0.0,160,78,82
101144,Von Wafer,2006,-0.49,-0.47,-0.02,0.01,0.08,-0.07,-0.46,0.26,0.33,-0.07,-0.29,-0.19,-0.09,-0.41,-0.48,-0.03,-0.94,-0.44,-1.38,0.0,248,123,125
2042,Courtney Alexander,2006,-1.41,-1.73,0.32,-0.21,-0.1,-0.12,-0.44,1.01,1.23,-0.22,0.59,0.21,0.38,-0.93,-1.62,1.6,-2.06,0.67,-1.39,0.0,5159,2574,2585
1065,Erick Strickland,2006,0.51,0.4,0.11,0.16,-0.05,0.22,-1.11,0.63,0.87,-0.24,-0.51,-0.49,-0.01,-1.07,0.67,0.12,-0.44,-0.95,-1.39,0.0,10899,5443,5456
2798,Horace Jenkins,2006,-0.6,-0.63,0.03,-0.07,-0.04,-0.03,-0.69,0.54,0.38,0.16,-0.16,-0.19,0.03,-0.42,-0.67,0.38,-1.36,-0.04,-1.4,0.0,364,179,185
213,Antonio Davis,2006,-1.72,-1.55,-0.17,-0.06,-0.16,0.1,-0.47,1.14,0.8,0.34,-0.27,-0.04,-0.22,-0.03,-1.78,0.87,-2.25,0.84,-1.41,0.0,27405,13671,13734
1536,Stephen Jackson,2006,0.84,0.48,0.36,-0.67,-0.41,-0.26,-0.84,0.41,0.32,0.09,-0.28,-0.05,-0.22,-0.86,0.17,0.13,-0.67,-0.73,-1.41,-0.01,42025,21032,20993
711,Jerry Stackhouse,2006,1.87,0.51,1.36,0.17,-0.06,0.24,-2.06,-0.03,-0.02,-0.01,0.05,0.05,-0.0,-1.41,2.04,0.02,-0.02,-1.39,-1.41,0.0,28632,14334,14298
1506,Austin Croshere,2006,0.78,0.22,0.56,0.41,0.49,-0.08,-1.04,-1.85,-1.87,0.02,-0.39,-0.33,-0.06,0.66,1.19,-2.24,0.15,-1.58,-1.43,0.0,18411,9224,9187
1887,Wally Szczerbiak,2006,1.56,0.92,0.64,0.11,0.18,-0.06,-1.02,-0.43,-0.92,0.49,-0.94,-0.45,-0.49,-0.71,1.67,-1.37,0.65,-2.08,-1.43,-0.0,30584,15361,15223
101142,Ronny Turiaf,2006,0.12,0.09,0.03,-0.01,0.06,-0.06,-0.46,-0.52,-0.24,-0.28,-0.13,-0.02,-0.1,-0.45,0.11,-0.65,-0.35,-1.1,-1.45,0.0,703,349,354
101261,Andre Owens,2006,-0.77,-0.63,-0.14,-0.05,-0.01,-0.05,-0.39,-0.42,-0.33,-0.09,0.09,-0.1,0.19,0.09,-0.82,-0.33,-1.21,-0.24,-1.45,-0.0,740,365,375
1023,Emanual Davis,2006,-0.27,-0.14,-0.13,-0.54,-0.11,-0.43,-0.63,0.79,0.8,-0.01,0.02,0.01,0.01,-0.83,-0.81,0.81,-1.44,-0.02,-1.46,0.0,1265,626,639
2441,Jamal Sampson,2006,-1.98,-1.46,-0.52,0.06,0.15,-0.09,0.18,0.57,0.84,-0.27,-0.02,-0.12,0.1,-0.28,-1.92,0.55,-1.74,0.27,-1.47,0.0,1831,910,921
2242,Terence Morris,2006,-0.72,-0.43,-0.29,0.21,-0.03,0.25,0.28,0.08,-0.3,0.38,-0.7,-0.44,-0.27,-0.62,-0.51,-0.62,-0.23,-1.24,-1.47,-0.0,2935,1460,1475
1921,Gordan Giricek,2006,0.47,0.29,0.18,-0.3,-0.05,-0.25,-1.21,0.06,0.27,-0.21,-0.01,-0.42,0.4,-0.49,0.17,0.05,-1.04,-0.44,-1.47,0.01,26084,13049,13035
998,Mark Pope,2006,-0.36,-0.29,-0.07,-0.19,-0.18,-0.01,-0.44,-0.08,-0.09,0.01,0.0,-0.01,0.01,-0.4,-0.55,-0.08,-0.99,-0.48,-1.47,0.0,186,90,96
680,John Amaechi,2006,-0.95,-0.73,-0.22,-0.47,-0.46,-0.02,-0.64,0.04,-0.19,0.23,0.96,0.46,0.51,-0.42,-1.42,1.0,-2.06,0.58,-1.48,0.0,1800,901,899
101136,Salim Stoudamire,2006,0.47,-0.05,0.52,-0.31,-0.03,-0.28,-0.94,0.82,1.24,-0.42,0.18,0.03,0.15,-1.71,0.16,1.0,-0.78,-0.71,-1.49,0.0,4688,2348,2340
2079,Kaniel Dickens,2006,0.03,0.0,0.03,-0.14,0.07,-0.2,-0.51,-0.3,-0.34,0.04,-0.18,-0.14,-0.04,-0.4,-0.11,-0.48,-0.62,-0.88,-1.49,0.01,237,118,119
221,Clar. Weatherspoon,2006,-0.15,-0.22,0.07,-0.18,-0.02,-0.16,-0.73,-0.28,0.02,-0.3,-0.34,0.05,-0.39,0.19,-0.33,-0.62,-1.06,-0.43,-1.49,0.0,12567,6273,6294
1733,Al Harrington,2006,-0.35,-0.07,-0.28,-0.25,-0.02,-0.24,-0.1,-2.35,-2.09,-0.26,0.7,0.14,0.56,0.85,-0.6,-1.65,-0.7,-0.8,-1.5,-0.0,39434,19664,19770
960,Tony Delk,2006,-0.45,-0.21,-0.24,0.55,0.24,0.31,-0.27,-1.83,-1.33,-0.5,0.47,0.02,0.45,0.03,0.1,-1.36,-0.17,-1.33,-1.5,0.0,17085,8512,8573
2435,Mario Kasun,2006,-0.14,0.09,-0.23,-0.21,-0.27,0.05,0.59,-0.77,-0.22,-0.55,-0.26,-0.06,-0.19,-0.71,-0.35,-1.03,0.24,-1.74,-1.5,0.0,2143,1071,1072
2198,Kwame Brown,2006,-0.65,-0.03,-0.62,-1.02,-0.54,-0.48,-0.22,1.2,0.5,0.7,-0.18,-0.04,-0.14,-0.64,-1.67,1.02,-1.89,0.38,-1.51,-0.0,26846,13388,13458
2733,Shaun Livingston,2006,-0.62,-0.52,-0.1,-0.52,-0.12,-0.4,-1.31,1.69,1.6,0.09,0.14,0.44,-0.3,-0.9,-1.14,1.83,-2.45,0.93,-1.52,0.0,9987,4992,4995
1908,Jumaine Jones,2006,0.43,0.6,-0.17,-0.29,-0.5,0.21,0.16,-1.31,-1.08,-0.23,0.05,-0.12,0.18,-0.56,0.14,-1.26,0.3,-1.82,-1.52,0.0,24623,12289,12334
1444,Lawrence Funderburke,2006,0.18,0.2,-0.02,0.08,0.09,-0.0,-0.25,-0.16,-0.15,-0.01,-0.61,-0.15,-0.46,-0.78,0.26,-0.77,0.01,-1.55,-1.53,0.01,1101,553,548
753,Randy Brown,2006,-0.44,-0.45,0.01,-0.14,0.1,-0.23,-0.53,-0.16,-0.07,-0.09,0.34,-0.23,0.57,-0.6,-0.58,0.18,-1.11,-0.42,-1.53,-0.0,911,452,459
2415,Ryan Humphrey,2006,-3.04,-2.56,-0.48,-0.49,0.03,-0.51,0.91,0.85,1.0,-0.15,0.32,0.0,0.32,-0.1,-3.53,1.17,-2.62,1.07,-1.55,0.0,2828,1405,1423
2037,Jamal Crawford,2006,-0.53,-0.72,0.19,0.37,0.25,0.13,0.36,-1.94,-1.8,-0.14,0.1,0.5,-0.4,0.09,-0.16,-1.84,0.2,-1.75,-1.55,-0.0,37699,18885,18814
2352,Dean Oliver,2006,0.4,0.13,0.27,-0.3,-0.21,-0.09,-1.06,-0.44,-0.3,-0.14,0.28,0.17,0.12,-0.44,0.1,-0.16,-0.96,-0.6,-1.56,-0.0,387,191,196
2048,Jamaal Magloire,2006,-0.88,-0.4,-0.48,-0.69,-0.13,-0.56,0.54,0.75,-0.38,1.13,-0.77,-0.26,-0.51,-0.52,-1.57,-0.02,-1.03,-0.54,-1.56,0.01,32789,16396,16393
915,Rodney Rogers,2006,-0.19,0.03,-0.22,-0.2,-0.24,0.04,-1.55,0.37,0.38,-0.01,0.14,0.22,-0.1,-0.13,-0.39,0.51,-1.94,0.38,-1.56,-0.0,17376,8691,8685
2682,Alex Garcia,2006,-0.22,-0.17,-0.05,-0.34,-0.04,-0.3,-0.5,-0.32,-0.28,-0.04,-0.0,0.01,-0.01,-0.18,-0.56,-0.32,-1.06,-0.5,-1.56,0.0,539,271,268
324,Anthony Peeler,2006,-0.02,0.0,-0.02,0.33,0.15,0.17,-1.12,0.35,0.68,-0.33,0.01,-0.35,0.36,-1.12,0.31,0.36,-0.81,-0.76,-1.57,0.0,17290,8664,8626
2218,Joseph Forte,2006,-0.64,-0.5,-0.14,0.03,0.06,-0.03,-0.48,0.24,0.1,0.14,-0.06,-0.02,-0.03,-0.66,-0.61,0.18,-1.09,-0.48,-1.57,-0.0,286,144,142
2763,Lionel Chalmers,2006,-0.3,0.0,-0.3,0.1,-0.05,0.15,-0.39,-0.05,-0.09,0.04,-0.15,-0.14,-0.01,-0.78,-0.2,-0.2,-0.59,-0.98,-1.57,0.0,1453,720,733
2545,Darko Milicic,2006,-1.48,-1.11,-0.37,-0.05,-0.25,0.21,-0.45,1.81,1.46,0.35,-0.04,0.1,-0.14,-1.36,-1.53,1.77,-1.98,0.41,-1.58,-0.01,4345,2156,2189
2694,Josh Powell,2006,0.59,0.3,0.29,-0.29,-0.15,-0.14,-0.44,-0.72,-0.64,-0.08,-0.43,-0.2,-0.22,-0.3,0.3,-1.15,-0.14,-1.45,-1.59,0.0,1595,791,804
101177,Fabricio Oberto,2006,-1.33,-0.91,-0.42,-0.45,-0.25,-0.2,0.59,-0.06,0.63,-0.69,-0.16,-0.03,-0.13,-0.19,-1.78,-0.22,-1.19,-0.41,-1.6,-0.0,1859,921,938
2437,Lonny Baxter,2006,-0.83,-0.62,-0.21,-0.93,-0.6,-0.32,0.11,0.64,0.44,0.2,0.52,0.03,0.48,-1.13,-1.76,1.16,-1.65,0.03,-1.61,0.01,6981,3493,3488
283,Lindsey Hunter,2006,-1.76,-1.58,-0.18,-0.52,-0.25,-0.26,-0.52,0.09,0.02,0.07,1.18,-0.06,1.23,-0.07,-2.28,1.27,-2.8,1.2,-1.61,-0.01,13095,6490,6605
2249,Jamison Brewer,2006,-0.16,-0.03,-0.13,-0.58,-0.13,-0.45,-0.22,-0.61,-0.32,-0.29,0.04,0.02,0.03,-0.09,-0.74,-0.57,-0.96,-0.66,-1.62,-0.0,1487,736,751
2809,Gerald Fitch,2006,-0.83,-0.64,-0.19,0.05,-0.27,0.32,-0.44,0.02,0.02,0.0,-0.23,-0.14,-0.09,-0.19,-0.78,-0.21,-1.22,-0.4,-1.62,-0.0,893,447,446
2370,Mengke Bateer,2006,0.07,0.13,-0.06,-0.25,-0.21,-0.05,-0.7,-0.28,-0.11,-0.17,-0.22,-0.06,-0.16,-0.25,-0.18,-0.5,-0.88,-0.75,-1.63,0.0,307,145,162
2456,Cezary Trybanski,2006,-0.87,-0.8,-0.07,-0.23,0.05,-0.27,-0.14,-0.07,0.03,-0.1,-0.09,-0.03,-0.05,-0.23,-1.1,-0.16,-1.24,-0.39,-1.64,-0.01,339,173,166
932,Oliver Miller,2006,-0.83,-0.94,0.11,-0.27,-0.25,-0.03,-0.7,-0.03,0.07,-0.1,0.1,0.17,-0.06,0.07,-1.1,0.07,-1.8,0.14,-1.65,0.01,1978,978,1000
2553,Jarvis Hayes,2006,-0.05,0.13,-0.18,0.32,0.16,0.15,-1.29,-0.33,-0.32,-0.01,0.33,0.26,0.07,-0.64,0.27,0.0,-1.02,-0.64,-1.66,0.0,15695,7850,7845
2457,Jannero Pargo,2006,0.05,0.37,-0.32,-0.25,-0.8,0.55,-1.12,-1.09,-0.48,-0.61,0.4,-0.07,0.48,0.35,-0.2,-0.69,-1.32,-0.34,-1.66,0.0,8170,4090,4080
133,David Wesley,2006,-1.11,-1.2,0.09,0.11,-0.16,0.27,-0.33,-0.26,-0.01,-0.25,-0.01,0.15,-0.16,-0.06,-1.0,-0.27,-1.33,-0.33,-1.67,-0.01,38630,19318,19312
1863,Earl Boykins,2006,0.0,-0.99,0.99,1.07,0.68,0.4,0.27,-2.11,-1.32,-0.79,0.44,-0.05,0.49,-1.35,1.07,-1.67,1.34,-3.02,-1.68,0.0,27622,13843,13779
2430,Carlos Boozer,2006,0.59,0.73,-0.14,-0.11,-0.18,0.07,0.25,-2.36,-2.35,-0.01,-0.78,-0.44,-0.34,0.72,0.48,-3.14,0.73,-2.42,-1.68,0.01,28032,14003,14029
1088,Chucky Atkins,2006,0.43,0.29,0.14,-0.09,-0.23,0.14,-0.68,0.76,0.37,0.39,-1.16,-0.68,-0.48,-0.95,0.34,-0.4,-0.34,-1.35,-1.69,0.0,29659,14858,14801
101209,Devin Green,2006,-0.23,-0.34,0.11,-0.04,-0.01,-0.03,-0.4,-0.14,-0.04,-0.1,-0.07,-0.06,-0.01,-0.82,-0.27,-0.21,-0.67,-1.03,-1.7,0.0,478,236,242
2492,Adam Harrington,2006,-0.51,-0.45,-0.06,0.03,-0.08,0.11,-0.32,-0.61,-0.61,0.0,-0.14,0.04,-0.17,-0.16,-0.48,-0.75,-0.8,-0.91,-1.7,0.01,253,126,127
185,Chris Webber,2006,-0.14,0.25,-0.39,-0.02,-0.15,0.15,-0.81,-0.84,-1.06,0.22,0.61,0.16,0.45,-0.51,-0.16,-0.23,-0.97,-0.74,-1.71,0.0,37059,18597,18462
2562,Sasha Pavlovic,2006,0.77,0.58,0.19,-0.24,0.05,-0.28,-1.23,-1.18,-0.75,-0.43,0.36,0.04,0.32,-0.19,0.53,-0.82,-0.7,-1.01,-1.71,0.0,10094,5029,5065
270,Horace Grant,2006,-1.44,-1.17,-0.27,0.81,0.25,0.55,-0.35,-1.42,-1.71,0.29,0.84,0.4,0.45,-0.15,-0.63,-0.58,-0.98,-0.73,-1.71,0.0,4398,2197,2201
2422,John Salmons,2006,0.01,-0.8,0.81,0.06,0.25,-0.2,-1.33,0.15,-0.07,0.22,-0.28,0.09,-0.36,-0.33,0.07,-0.13,-1.26,-0.46,-1.72,0.0,19003,9499,9504
2078,Jason Hart,2006,-0.72,-0.59,-0.13,-0.15,0.15,-0.3,-1.52,0.27,0.57,-0.3,0.63,0.33,0.3,-0.23,-0.87,0.9,-2.39,0.67,-1.72,0.0,12886,6420,6466
1915,Evan Eschmeyer,2006,-1.24,-1.07,-0.17,-0.46,-0.54,0.07,-0.3,0.6,0.68,-0.08,0.18,0.33,-0.15,-0.51,-1.7,0.78,-2.0,0.27,-1.73,0.0,631,316,315
952,Antoine Walker,2006,-1.67,-0.72,-0.95,-0.22,-0.24,0.02,0.74,-0.32,-0.44,0.12,-0.15,0.17,-0.33,-0.11,-1.89,-0.47,-1.15,-0.58,-1.73,0.0,48119,24098,24021
1985,Zendon Hamilton,2006,0.48,0.28,0.2,-0.75,-0.23,-0.52,-0.49,-0.26,-0.21,-0.05,-0.05,-0.15,0.1,-0.66,-0.27,-0.31,-0.76,-0.97,-1.73,0.0,2687,1325,1362
358,Anfernee Hardaway,2006,-0.21,-0.27,0.06,-0.77,-0.41,-0.36,-1.48,-0.37,0.23,-0.6,0.81,0.26,0.55,0.27,-0.98,0.44,-2.46,0.71,-1.74,0.01,19514,9793,9721
2106,Ruben Wolkowyski,2006,-0.33,-0.25,-0.08,-0.13,-0.03,-0.09,-0.5,-0.24,-0.23,-0.01,-0.1,-0.05,-0.04,-0.44,-0.46,-0.34,-0.96,-0.78,-1.74,0.0,70,36,34
2581,Steve Blake,2006,-0.04,0.28,-0.32,0.08,0.15,-0.07,-0.03,-1.5,-1.11,-0.39,0.03,0.05,-0.02,-0.29,0.04,-1.47,0.01,-1.76,-1.74,0.01,14019,7002,7017
93,Hubert Davis,2006,-0.75,-0.47,-0.28,0.13,0.26,-0.14,-0.28,-0.08,-0.18,0.1,-0.43,-0.07,-0.34,-0.34,-0.62,-0.51,-0.9,-0.85,-1.75,0.0,1372,680,692
72,Kenny Anderson,2006,-1.78,-1.39,-0.39,-0.14,0.1,-0.24,0.01,0.32,0.33,-0.01,0.27,0.37,-0.11,-0.43,-1.92,0.59,-1.91,0.16,-1.75,-0.0,10374,5176,5198
3,Grant Long,2006,-0.61,-0.52,-0.09,-0.5,-0.2,-0.29,-0.68,0.46,0.39,0.07,-0.21,-0.23,0.02,-0.23,-1.11,0.25,-1.79,0.02,-1.77,0.0,1858,917,941
2741,Robert Swift,2006,0.0,0.34,-0.34,-0.99,-0.65,-0.35,0.1,-0.13,-0.45,0.32,-0.3,-0.16,-0.14,-0.47,-0.99,-0.43,-0.89,-0.9,-1.78,0.01,3968,1979,1989
1916,Calvin Booth,2006,-0.35,0.35,-0.7,-0.28,-0.03,-0.25,-1.65,2.47,1.95,0.52,-0.0,-0.1,0.1,-1.98,-0.63,2.47,-2.28,0.49,-1.79,-0.0,9249,4639,4610
2588,Matt Bonner,2006,0.36,0.13,0.23,0.68,0.56,0.13,-0.02,-3.26,-3.09,-0.17,0.04,-0.01,0.05,0.39,1.04,-3.22,1.02,-2.83,-1.81,-0.0,12078,6055,6023
101123,Gerald Green,2006,0.56,0.43,0.13,-0.61,-0.13,-0.48,-1.31,-0.1,0.26,-0.36,-0.23,-0.29,0.05,-0.13,-0.05,-0.33,-1.36,-0.46,-1.81,0.01,1418,711,707
988,Randy Livingston,2006,-0.25,-0.38,0.13,0.33,0.18,0.15,-0.86,0.3,0.26,0.04,-0.4,0.03,-0.44,-0.94,0.08,-0.1,-0.78,-1.04,-1.82,0.0,1120,557,563
2230,Maurice Evans,2006,-1.71,-1.29,-0.42,0.07,-0.04,0.11,1.19,-0.85,-0.62,-0.23,-0.02,0.36,-0.37,-0.5,-1.64,-0.87,-0.45,-1.37,-1.82,-0.0,9288,4630,4658
2853,Earl Barron,2006,-0.32,-0.42,0.1,-0.18,-0.1,-0.07,-0.56,-0.01,0.01,-0.02,-0.19,-0.13,-0.06,-0.56,-0.5,-0.2,-1.06,-0.76,-1.82,0.0,169,86,83
1005,Walt Williams,2006,-0.48,-0.41,-0.07,0.12,0.12,-0.0,-0.61,0.47,0.58,-0.11,-0.1,0.26,-0.34,-1.25,-0.36,0.37,-0.97,-0.88,-1.84,0.01,5289,2671,2618
101115,Andrew Bynum,2006,-0.79,-0.34,-0.45,-0.31,-0.24,-0.07,-0.25,0.33,0.37,-0.04,-0.17,-0.09,-0.07,-0.64,-1.1,0.16,-1.35,-0.48,-1.84,-0.01,1280,634,646
2845,Erik Daniels,2006,-0.68,-0.6,-0.08,-0.32,-0.17,-0.14,-0.52,0.17,0.18,-0.01,-0.21,-0.06,-0.15,-0.28,-1.0,-0.04,-1.52,-0.32,-1.84,0.0,261,129,132
2213,Kirk Haston,2006,-0.48,-0.41,-0.07,-0.08,0.01,-0.09,-0.71,-0.42,-0.42,0.0,-0.06,0.06,-0.12,-0.09,-0.56,-0.48,-1.27,-0.57,-1.84,0.0,230,113,117
1919,Laron Profit,2006,-0.6,-0.46,-0.14,-0.4,-0.29,-0.11,-1.0,0.13,0.11,0.02,0.5,0.33,0.18,-0.49,-1.0,0.63,-2.0,0.14,-1.86,0.0,2646,1328,1318
101137,Daniel Ewing,2006,-0.94,-1.47,0.53,0.02,-0.04,0.05,-0.69,-0.18,0.18,-0.36,0.17,0.18,-0.01,-0.24,-0.92,-0.01,-1.61,-0.25,-1.86,-0.0,3618,1801,1817
2876,Jared Reiner,2006,-0.3,-0.09,-0.21,-0.17,-0.05,-0.12,-0.37,-0.04,0.01,-0.05,-0.22,0.05,-0.27,-0.77,-0.47,-0.26,-0.84,-1.03,-1.87,0.0,525,263,262
1043,Amal McCaskill,2006,-1.14,-0.69,-0.45,-0.07,-0.37,0.3,0.16,0.03,-0.23,0.26,-0.51,-0.37,-0.14,-0.35,-1.21,-0.48,-1.05,-0.83,-1.88,0.0,2490,1234,1256
990,Malik Rose,2006,-0.05,-0.3,0.25,-1.38,-0.52,-0.85,-0.66,-0.21,-0.49,0.28,0.95,0.14,0.81,-0.52,-1.43,0.74,-2.09,0.22,-1.88,-0.01,23388,11677,11711
2594,Kyle Korver,2006,0.34,0.3,0.04,0.1,-0.09,0.18,-1.35,-1.02,-0.33,-0.69,-0.27,-0.26,-0.01,0.31,0.44,-1.29,-0.91,-0.98,-1.89,0.0,23903,12037,11866
2451,Corsley Edwards,2006,-0.76,-0.79,0.03,-0.19,-0.08,-0.1,-0.49,-0.01,0.01,-0.02,0.09,0.12,-0.02,-0.57,-0.95,0.08,-1.44,-0.49,-1.93,-0.0,479,240,239
2440,Matt Barnes,2006,-0.95,-1.46,0.51,-0.68,-0.28,-0.4,0.85,-0.72,0.01,-0.73,0.14,-0.05,0.2,-0.58,-1.63,-0.58,-0.78,-1.16,-1.94,0.0,7798,3884,3914
1531,Marc Jackson,2006,0.56,0.27,0.29,-0.87,-0.25,-0.61,-0.51,-0.87,-1.47,0.6,0.03,0.28,-0.26,-0.28,-0.31,-0.84,-0.82,-1.12,-1.94,0.0,18052,9040,9012
2414,Curtis Borchardt,2006,-1.32,-1.29,-0.03,-0.69,0.03,-0.72,0.66,-0.9,-0.65,-0.25,0.36,-0.25,0.62,-0.05,-2.01,-0.54,-1.35,-0.59,-1.95,-0.01,3923,1944,1979
1630,Mikki Moore,2006,-0.41,-0.74,0.33,-0.53,-0.49,-0.04,-0.08,-0.2,0.17,-0.37,-0.23,-0.14,-0.1,-0.5,-0.94,-0.43,-1.02,-0.93,-1.95,0.0,7932,3957,3975
2261,Kenny Satterfield,2006,-1.54,-1.5,-0.04,-0.13,0.03,-0.15,-0.23,-0.99,-0.99,0.0,0.77,0.36,0.41,0.17,-1.67,-0.22,-1.9,-0.05,-1.95,-0.0,1784,893,891
70,Steve Kerr,2006,-0.47,-0.43,-0.04,-0.04,-0.03,-0.01,-1.62,0.76,0.73,0.03,0.07,0.0,0.07,-0.67,-0.51,0.83,-2.13,0.16,-1.97,-0.0,3633,1826,1807
2605,Marquis Daniels,2006,-1.47,-1.37,-0.1,0.23,-0.04,0.26,0.73,-1.16,-1.05,-0.11,0.12,0.66,-0.54,-0.43,-1.24,-1.04,-0.51,-1.47,-1.98,-0.0,17843,8897,8946
981,Efthimios Rentzias,2006,-0.31,-0.31,0.0,0.05,-0.05,0.1,-0.63,-0.81,-0.71,-0.1,0.11,0.12,-0.01,-0.38,-0.26,-0.7,-0.89,-1.08,-1.98,-0.01,539,273,266
1900,Quincy Lewis,2006,0.07,0.07,0.0,-0.21,-0.16,-0.05,-0.92,-0.14,-0.0,-0.14,-0.05,0.02,-0.06,-0.73,-0.14,-0.19,-1.06,-0.92,-1.99,-0.01,228,113,115
2400,Drew Gooden,2006,-0.95,-0.58,-0.37,-0.19,-0.11,-0.07,0.38,-0.75,-1.51,0.76,-0.52,-0.05,-0.47,0.03,-1.14,-1.27,-0.76,-1.24,-2.0,-0.0,33960,16976,16984
2775,Ha Ha,2006,-0.44,-0.3,-0.14,0.06,0.16,-0.1,-0.26,-0.43,-0.35,-0.08,-0.1,0.0,-0.1,-0.83,-0.38,-0.53,-0.64,-1.36,-2.0,0.0,1125,563,562
101138,Brandon Bass,2006,-0.19,-0.22,0.03,-0.29,-0.01,-0.28,-0.61,0.08,-0.1,0.18,-0.26,0.06,-0.31,-0.76,-0.48,-0.18,-1.09,-0.94,-2.03,0.0,963,482,481
2766,Antonio Burks,2006,-0.37,-0.09,-0.28,-0.27,-0.17,-0.1,-1.04,-0.16,0.13,-0.29,0.76,0.15,0.61,-0.97,-0.64,0.6,-1.68,-0.37,-2.05,0.0,2616,1294,1322
2410,Fred Jones,2006,0.25,-0.35,0.6,-0.74,-0.15,-0.58,-2.02,-0.22,0.27,-0.49,0.51,0.66,-0.15,0.17,-0.49,0.29,-2.51,0.46,-2.05,0.0,23328,11638,11690
1541,Alvin Williams,2006,-1.44,-1.08,-0.36,0.15,0.2,-0.05,-0.21,0.26,-0.09,0.35,-0.4,-0.26,-0.14,-0.41,-1.29,-0.14,-1.5,-0.55,-2.05,0.0,16114,8053,8061
101238,Boniface Ndong,2006,-0.24,-0.09,-0.15,-0.07,-0.12,0.04,-0.25,-1.22,-0.98,-0.24,-0.17,-0.27,0.11,-0.1,-0.31,-1.39,-0.56,-1.49,-2.05,0.0,542,270,272
101179,Ronnie Price,2006,-0.5,-0.41,-0.09,0.05,0.03,0.03,-0.91,0.25,0.27,-0.02,-0.0,-0.22,0.22,-0.95,-0.45,0.25,-1.36,-0.7,-2.06,0.0,578,288,290
2604,Theron Smith,2006,-0.99,-0.75,-0.24,-0.26,0.02,-0.28,0.52,-0.62,-0.13,-0.49,-0.02,-0.09,0.07,-0.7,-1.25,-0.64,-0.73,-1.34,-2.07,0.0,2591,1291,1300
198,Danny Ferry,2006,0.09,0.19,-0.1,-0.35,-0.14,-0.21,-1.23,-0.9,-0.43,-0.47,0.14,0.15,-0.01,0.16,-0.26,-0.76,-1.49,-0.6,-2.09,0.0,2590,1296,1294
2243,Brian Scalabrine,2006,-1.39,-1.14,-0.25,-0.42,-0.27,-0.15,-0.41,-0.16,0.28,-0.44,0.54,-0.19,0.74,-0.27,-1.81,0.38,-2.22,0.11,-2.11,0.0,14087,7054,7033
702,Voshon Lenard,2006,0.36,0.43,-0.07,0.16,0.23,-0.06,-0.07,-2.48,-2.01,-0.47,0.16,0.09,0.07,-0.24,0.52,-2.32,0.45,-2.56,-2.11,0.0,18166,9073,9093
2031,Stromile Swift,2006,-0.31,-0.49,0.18,-0.8,-0.32,-0.47,-0.37,0.37,0.51,-0.14,0.29,0.21,0.07,-1.3,-1.11,0.66,-1.48,-0.64,-2.12,0.0,21317,10643,10674
2239,Trenton Hassell,2006,-1.98,-1.62,-0.36,-0.1,0.05,-0.15,-0.28,0.73,0.71,0.02,-0.37,-0.09,-0.28,-0.12,-2.08,0.36,-2.36,0.24,-2.12,0.0,34149,17055,17094
2776,Pape Sow,2006,-0.59,-0.91,0.32,-0.23,-0.02,-0.21,-0.08,-1.7,-1.41,-0.29,0.22,-0.25,0.47,0.27,-0.82,-1.48,-0.9,-1.21,-2.12,-0.01,3136,1561,1575
2055,Mamadou N'diaye,2006,-1.07,-1.13,0.06,0.15,0.12,0.04,0.24,-0.03,-0.07,0.04,-0.29,-0.07,-0.2,-1.13,-0.92,-0.32,-0.68,-1.45,-2.13,0.0,3014,1503,1511
2427,Roger Mason Jr.,2006,-0.93,-0.66,-0.27,0.26,0.18,0.08,-1.49,-0.61,-0.27,-0.34,0.13,-0.02,0.16,0.47,-0.67,-0.48,-2.16,-0.01,-2.16,0.01,1577,791,786
393,Rod Strickland,2006,-0.57,-0.18,-0.39,0.36,0.21,0.15,-0.02,-1.15,-1.2,0.05,-0.03,-0.28,0.24,-0.76,-0.21,-1.18,-0.23,-1.94,-2.17,0.0,8959,4471,4488
2746,Josh Smith,2006,-1.33,-1.36,0.03,-0.34,-0.47,0.14,0.42,0.52,0.26,0.26,-0.07,0.18,-0.26,-1.38,-1.67,0.45,-1.25,-0.93,-2.18,0.0,17506,8708,8798
2036,Chris Mihm,2006,-1.03,-0.91,-0.12,-1.19,-0.63,-0.56,0.6,0.87,0.28,0.59,-0.98,-0.36,-0.63,-0.48,-2.22,-0.11,-1.62,-0.59,-2.21,-0.0,21188,10581,10607
2574,Jason Kapono,2006,-0.97,-0.58,-0.39,-0.18,-0.16,-0.02,-1.09,0.75,1.4,-0.65,-0.76,-0.7,-0.05,0.04,-1.15,-0.01,-2.24,0.03,-2.21,0.0,9742,4917,4825
1607,Troy Hudson,2006,0.67,0.66,0.01,0.38,0.42,-0.04,0.19,-1.9,-1.91,0.01,-0.91,-0.69,-0.2,-0.66,1.05,-2.81,1.24,-3.47,-2.23,0.0,21635,10858,10777
2417,Qyntel Woods,2006,0.41,0.51,-0.1,-0.72,-0.5,-0.22,-0.54,-2.38,-1.65,-0.73,0.84,0.36,0.48,0.15,-0.31,-1.54,-0.85,-1.39,-2.23,0.01,7543,3757,3786
2454,Junior Harrington,2006,-2.1,-1.97,-0.13,-0.87,-0.34,-0.54,-0.62,-0.03,0.52,-0.55,1.15,0.6,0.55,0.23,-2.97,1.12,-3.59,1.35,-2.24,0.0,9430,4705,4725
2586,Keith Bogans,2006,-0.12,-0.38,0.26,-0.46,-0.5,0.05,0.24,-1.39,-1.5,0.11,0.22,-0.01,0.23,-0.75,-0.58,-1.17,-0.34,-1.92,-2.27,-0.01,20455,10193,10262
101128,Francisco Garcia,2006,-1.78,-1.49,-0.29,-0.22,-0.4,0.18,-0.39,0.77,1.16,-0.39,-0.09,0.05,-0.14,-0.56,-2.0,0.68,-2.39,0.12,-2.27,0.0,4976,2483,2493
101110,Martell Webster,2006,-0.11,-0.06,-0.05,0.53,0.21,0.31,-0.54,-1.16,-1.18,0.02,-0.01,-0.32,0.32,-0.99,0.42,-1.17,-0.12,-2.16,-2.28,0.0,3857,1942,1915
2321,Paul Shirley,2006,-0.74,-0.58,-0.16,-0.26,-0.27,0.01,-0.41,-0.41,-0.53,0.12,-0.07,-0.01,-0.06,-0.4,-1.0,-0.48,-1.41,-0.88,-2.29,0.0,422,207,215
281,Scott Williams,2006,-1.98,-1.39,-0.59,0.03,-0.16,0.19,-0.89,-0.11,-0.24,0.13,0.86,0.16,0.71,-0.2,-1.95,0.75,-2.84,0.55,-2.29,0.0,6195,3090,3105
2648,Ronald Dupree,2006,-1.11,-0.62,-0.49,-0.31,-0.17,-0.14,-0.16,-0.24,0.66,-0.9,0.16,-0.19,0.36,-0.64,-1.42,-0.08,-1.58,-0.72,-2.3,0.0,6131,3051,3080
2558,Reece Gaines,2006,-1.52,-1.26,-0.26,0.25,0.36,-0.12,-0.45,0.34,0.13,0.21,-0.45,-0.21,-0.23,-0.48,-1.27,-0.11,-1.72,-0.59,-2.31,-0.0,2115,1055,1060
101134,Wayne Simien,2006,-1.14,-1.04,-0.1,-0.75,-0.36,-0.38,-0.61,0.79,0.28,0.51,-0.2,-0.05,-0.14,-0.41,-1.89,0.59,-2.5,0.18,-2.31,0.01,1545,771,774
2043,Mateen Cleaves,2006,-0.9,-0.72,-0.18,-0.1,-0.01,-0.09,-0.13,-0.41,-0.25,-0.16,-0.12,-0.14,0.02,-0.66,-1.0,-0.53,-1.13,-1.19,-2.32,0.0,1600,802,798
101181,Jose Calderon,2006,-0.33,-0.72,0.39,-0.07,-0.11,0.04,-0.61,-0.3,-0.48,0.18,-0.0,0.02,-0.02,-1.01,-0.4,-0.3,-1.01,-1.31,-2.33,-0.01,5580,2792,2788
2041,Etan Thomas,2006,-2.33,-1.7,-0.63,-0.8,-0.23,-0.56,0.56,0.46,-0.07,0.53,-0.15,-0.31,0.15,-0.07,-3.13,0.31,-2.57,0.24,-2.33,-0.0,18071,9038,9033
983,Moochie Norris,2006,-1.11,-1.17,0.06,-0.52,-0.16,-0.35,0.14,-0.38,-0.48,0.1,0.12,-0.01,0.13,-0.6,-1.63,-0.26,-1.49,-0.86,-2.35,0.0,10454,5232,5222
101131,Jason Maxiell,2006,-0.14,0.22,-0.36,-0.26,-0.14,-0.12,-0.16,-1.29,-1.12,-0.17,-0.36,-0.0,-0.35,-0.14,-0.4,-1.65,-0.56,-1.79,-2.35,0.0,630,307,323
323,Greg Foster,2006,-1.38,-1.23,-0.15,-0.05,0.06,-0.12,-0.81,0.31,0.34,-0.03,0.32,-0.23,0.55,-0.75,-1.43,0.63,-2.24,-0.12,-2.36,0.0,1949,970,979
2639,Britton Johnsen,2006,-1.85,-1.42,-0.43,0.25,0.14,0.12,0.07,0.02,-0.11,0.13,0.01,0.22,-0.2,-0.88,-1.6,0.03,-1.53,-0.85,-2.37,0.01,1315,659,656
2737,Rafael Araujo,2006,-0.67,-0.2,-0.47,-0.16,0.07,-0.24,-1.39,-0.77,-1.06,0.29,0.01,-0.07,0.1,0.6,-0.83,-0.76,-2.22,-0.16,-2.38,0.0,5048,2515,2533
724,Cory Alexander,2006,-1.22,-1.09,-0.13,-0.02,-0.12,0.11,-0.09,-0.28,-0.2,-0.08,-0.12,-0.18,0.07,-0.65,-1.24,-0.4,-1.33,-1.05,-2.38,0.0,746,371,375
2447,Tamar Slay,2006,-0.59,-0.2,-0.39,-0.21,-0.17,-0.03,-0.34,-1.55,-1.35,-0.2,0.29,0.05,0.24,0.01,-0.8,-1.26,-1.14,-1.25,-2.4,-0.01,1969,978,991
2748,Dorell Wright,2006,-0.27,-0.34,0.07,-0.55,-0.25,-0.3,-0.86,0.0,-0.07,0.07,-0.15,-0.07,-0.07,-0.58,-0.82,-0.15,-1.68,-0.73,-2.42,-0.01,597,298,299
2424,Dan Dickau,2006,0.53,0.23,0.3,0.39,0.43,-0.04,-1.02,-2.08,-1.81,-0.27,-0.35,-0.04,-0.3,0.1,0.92,-2.43,-0.1,-2.33,-2.43,0.0,11387,5694,5693
101120,Antoine Wright,2006,-0.65,-0.23,-0.42,-0.45,-0.2,-0.24,-0.87,-0.07,0.24,-0.31,0.02,0.35,-0.33,-0.42,-1.1,-0.05,-1.97,-0.47,-2.43,0.01,1343,664,679
2549,Chris Kaman,2006,-0.73,-0.58,-0.15,-0.89,-0.41,-0.47,-0.8,2.48,1.13,1.35,-1.11,-0.56,-0.55,-1.39,-1.62,1.37,-2.42,-0.02,-2.43,0.01,23409,11710,11699
1956,Ira Newble,2006,0.22,0.13,0.09,-0.53,-0.42,-0.11,-0.71,-0.42,-0.71,0.29,-0.47,0.25,-0.71,-0.53,-0.31,-0.89,-1.02,-1.42,-2.44,0.0,19739,9834,9905
2584,Willie Green,2006,-1.24,-1.29,0.05,0.05,0.14,-0.08,-0.99,0.47,0.93,-0.46,-0.09,0.04,-0.13,-0.67,-1.19,0.38,-2.18,-0.29,-2.47,-0.0,7691,3845,3846
2739,Luke Jackson,2006,-0.92,-0.97,0.05,-0.24,-0.14,-0.1,-0.11,-0.75,-0.54,-0.21,0.05,0.01,0.05,-0.5,-1.16,-0.7,-1.27,-1.2,-2.48,-0.01,1292,644,648
679,Jason Caffey,2006,-0.72,-0.22,-0.5,-0.83,-0.32,-0.5,-0.35,0.49,0.27,0.22,-0.52,-0.21,-0.31,-0.55,-1.55,-0.03,-1.9,-0.58,-2.48,0.0,3265,1634,1631
145,Tracy Murray,2006,0.14,0.04,0.1,-0.18,-0.13,-0.05,-0.59,-1.45,-1.01,-0.44,-0.42,-0.23,-0.18,0.02,-0.04,-1.87,-0.63,-1.85,-2.48,0.0,855,432,423
2206,Rodney White,2006,-0.94,-0.39,-0.55,-0.99,-0.6,-0.39,-0.49,0.69,0.9,-0.21,0.14,0.23,-0.09,-0.9,-1.93,0.83,-2.42,-0.07,-2.49,-0.0,12223,6117,6106
77,Doug Overton,2006,-0.15,-0.31,0.16,-0.48,-0.08,-0.39,0.15,-0.46,-0.14,-0.32,-0.54,-0.17,-0.37,-1.03,-0.63,-1.0,-0.48,-2.03,-2.51,0.0,3745,1868,1877
2051,Donnell Harvey,2006,-1.38,-1.5,0.12,-1.14,-0.4,-0.74,-0.19,-0.02,0.29,-0.31,0.4,0.18,0.22,-0.18,-2.52,0.38,-2.71,0.2,-2.51,0.0,8914,4427,4487
2573,Maciej Lampe,2006,0.06,0.13,-0.07,-0.1,-0.18,0.09,-0.75,1.13,1.0,0.13,-0.59,-0.26,-0.33,-2.27,-0.04,0.54,-0.79,-1.73,-2.52,0.0,2317,1158,1159
2743,Kris Humphries,2006,-2.12,-1.58,-0.54,-0.63,0.08,-0.7,0.52,0.22,0.41,-0.19,0.28,-0.02,0.3,-0.79,-2.75,0.5,-2.23,-0.29,-2.52,-0.0,5273,2626,2647
349,Mark Jackson,2006,0.09,0.1,-0.01,-0.86,-0.89,0.04,-1.26,-1.05,-1.49,0.44,-0.04,0.13,-0.16,0.57,-0.77,-1.09,-2.03,-0.52,-2.54,0.01,7723,3852,3871
147,Jalen Rose,2006,1.02,0.49,0.53,0.14,0.41,-0.27,-1.67,-0.78,-0.54,-0.24,-0.3,0.09,-0.38,-0.95,1.16,-1.08,-0.51,-2.03,-2.54,0.0,39915,19990,19925
383,Kendall Gill,2006,-2.14,-2.17,0.03,-0.26,-0.09,-0.17,-0.69,0.43,0.23,0.2,0.56,0.45,0.11,-0.44,-2.4,0.99,-3.09,0.55,-2.54,0.0,14546,7270,7276
696,Travis Best,2006,-0.9,-0.94,0.04,0.27,0.1,0.17,-0.77,-0.75,-0.05,-0.7,0.02,0.02,0.0,-0.42,-0.63,-0.73,-1.4,-1.15,-2.55,0.0,14659,7316,7343
902,Bimbo Coles,2006,-1.76,-1.7,-0.06,0.15,-0.13,0.27,-0.86,0.32,0.11,0.21,0.29,0.11,0.18,-0.69,-1.61,0.61,-2.47,-0.08,-2.55,0.0,3085,1537,1548
1853,Anthony Carter,2006,-1.16,-1.01,-0.15,-0.64,-0.7,0.06,-0.47,-0.61,-0.49,-0.12,0.48,0.47,0.01,-0.16,-1.8,-0.13,-2.27,-0.29,-2.56,-0.0,8470,4209,4261
101143,Travis Diener,2006,-0.74,-0.88,0.14,0.0,-0.1,0.11,-0.35,-0.82,-0.67,-0.15,-0.12,-0.2,0.1,-0.53,-0.74,-0.94,-1.09,-1.47,-2.56,-0.0,923,462,461
101119,Rashad McCants,2006,-1.03,-0.95,-0.08,-0.15,0.17,-0.32,-1.44,1.58,1.66,-0.08,-0.27,-0.01,-0.26,-1.24,-1.18,1.31,-2.62,0.07,-2.56,-0.01,4952,2474,2478
461,Popeye Jones,2006,-0.54,-0.35,-0.19,-0.16,-0.1,-0.06,-0.75,-0.41,-0.43,0.02,-0.04,0.09,-0.13,-0.67,-0.7,-0.45,-1.45,-1.12,-2.57,0.0,863,431,432
1508,Maurice Taylor,2006,-0.24,-0.19,-0.05,-0.58,-0.05,-0.53,-1.16,-0.06,0.13,-0.19,-0.2,-0.45,0.24,-0.35,-0.82,-0.26,-1.98,-0.61,-2.59,0.0,22014,11000,11014
2590,Mo Williams,2006,-0.73,-0.56,-0.17,-0.19,-0.02,-0.17,-0.23,-1.56,-0.99,-0.57,-0.18,0.07,-0.24,0.3,-0.92,-1.74,-1.15,-1.44,-2.59,0.0,17358,8661,8697
1886,Jonathan Bender,2006,-0.43,-0.53,0.1,-0.45,0.15,-0.6,-0.62,1.03,1.37,-0.34,-0.85,-0.42,-0.44,-1.27,-0.88,0.18,-1.5,-1.09,-2.59,0.0,5233,2621,2612
2693,Keith McLeod,2006,-1.6,-1.67,0.07,-0.71,-0.32,-0.39,-0.43,-0.99,-0.58,-0.41,0.34,-0.1,0.44,0.8,-2.31,-0.65,-2.74,0.15,-2.59,0.0,10608,5279,5329
101158,Orien Greene,2006,-2.36,-2.3,-0.06,-0.77,-0.18,-0.58,-0.35,-0.11,0.51,-0.62,0.47,0.09,0.39,0.52,-3.13,0.36,-3.48,0.88,-2.6,0.0,4558,2284,2274
2669,Linton Johnson,2006,-1.58,-1.27,-0.31,0.06,-0.15,0.23,-0.31,-1.29,-0.98,-0.31,0.11,0.09,0.02,0.39,-1.52,-1.18,-1.83,-0.79,-2.62,0.0,4708,2351,2357
101124,Hakim Warrick,2006,-1.16,-1.09,-0.07,-0.33,0.03,-0.35,-0.16,-1.0,-0.65,-0.35,0.2,-0.07,0.28,-0.21,-1.49,-0.8,-1.65,-1.01,-2.66,-0.0,2711,1351,1360
1609,Art Long,2006,-0.95,-0.73,-0.22,-0.75,-0.52,-0.24,-0.78,0.2,0.28,-0.08,-0.16,-0.1,-0.05,-0.23,-1.7,0.04,-2.48,-0.19,-2.67,0.0,835,419,416
120,Steven Smith,2006,-0.01,-0.22,0.21,0.58,0.53,0.06,-0.33,-2.4,-1.89,-0.51,-0.63,-0.58,-0.05,0.12,0.57,-3.03,0.24,-2.91,-2.67,0.0,10443,5260,5183
1903,Kenny Thomas,2006,-0.89,-0.73,-0.16,-0.41,-0.23,-0.19,-0.21,-1.77,-2.21,0.44,0.52,0.47,0.05,0.08,-1.3,-1.25,-1.51,-1.17,-2.68,0.0,36419,18201,18218
1729,Ricky Davis,2006,1.68,0.93,0.75,-0.94,-0.76,-0.19,-1.12,-1.51,-0.76,-0.75,-0.19,-0.02,-0.17,-0.59,0.74,-1.7,-0.38,-2.29,-2.68,-0.01,45462,22734,22728
361,Clifford Robinson,2006,-0.65,-0.8,0.15,0.66,0.21,0.45,-1.32,-0.73,-0.61,-0.12,-0.26,-0.44,0.18,-0.38,0.01,-0.99,-1.31,-1.37,-2.69,-0.01,36757,18371,18386
101198,Will Bynum,2006,-0.44,-0.54,0.1,-0.11,0.06,-0.17,-0.59,-0.74,-0.7,-0.04,-0.13,0.11,-0.22,-0.68,-0.55,-0.87,-1.14,-1.55,-2.69,0.0,613,306,307
2033,Marcus Fizer,2006,-0.65,-0.49,-0.16,0.16,0.21,-0.05,-1.23,-1.8,-1.1,-0.7,0.21,-0.02,0.23,0.61,-0.49,-1.59,-1.72,-0.98,-2.69,0.01,9335,4667,4668
961,John Wallace,2006,-0.71,-0.71,0.0,-0.32,-0.12,-0.19,-0.49,-0.95,-0.94,-0.01,-0.09,-0.16,0.07,-0.13,-1.03,-1.04,-1.52,-1.17,-2.69,-0.0,1259,625,634
2254,Loren Woods,2006,-2.78,-2.17,-0.61,-0.25,-0.15,-0.11,0.58,-0.2,-0.63,0.43,0.18,0.38,-0.19,-0.24,-3.03,-0.02,-2.45,-0.26,-2.71,0.0,7039,3524,3515
2098,Slava Medvedenko,2006,-1.9,-1.18,-0.72,-0.37,-0.19,-0.18,0.0,1.34,0.71,0.63,-0.1,0.05,-0.14,-1.69,-2.27,1.24,-2.27,-0.45,-2.72,-0.0,10372,5183,5189
1752,Sean Marks,2006,-1.73,-1.64,-0.09,0.0,0.06,-0.05,-0.5,-0.32,0.06,-0.38,0.25,-0.09,0.33,-0.44,-1.73,-0.07,-2.23,-0.51,-2.74,-0.0,2363,1176,1187
2541,Antoine Rigaudeau,2006,-0.99,-0.72,-0.27,-0.3,-0.03,-0.26,-0.41,-0.63,-0.64,0.01,-0.25,-0.09,-0.15,-0.16,-1.29,-0.88,-1.7,-1.04,-2.75,-0.01,330,164,166
238,Tyrone Hill,2006,-2.21,-2.47,0.26,-0.15,-0.04,-0.12,0.3,-1.57,-1.24,-0.33,0.06,0.56,-0.49,0.82,-2.36,-1.51,-2.06,-0.69,-2.75,0.0,5756,2875,2881
1731,Tyronn Lue,2006,1.06,0.95,0.11,0.76,0.75,0.02,-0.99,-0.7,-0.8,0.1,-1.04,-0.9,-0.16,-1.85,1.82,-1.74,0.83,-3.59,-2.76,0.0,27656,13798,13858
1742,Shammond Williams,2006,-1.03,-1.01,-0.02,0.06,0.15,-0.08,-1.14,-0.74,0.08,-0.82,0.28,0.27,0.01,-0.19,-0.97,-0.46,-2.11,-0.65,-2.76,-0.0,9908,4957,4951
1548,Mark Blount,2006,-0.46,-0.43,-0.03,-1.24,-0.54,-0.71,-0.88,0.68,-0.44,1.12,-0.01,-0.07,0.06,-0.86,-1.7,0.67,-2.58,-0.19,-2.77,0.0,32117,16063,16054
1727,Pat Garrity,2006,0.82,0.15,0.67,0.04,-0.05,0.08,-1.12,-1.88,-1.51,-0.37,-0.2,-0.1,-0.11,-0.43,0.86,-2.08,-0.26,-2.51,-2.78,-0.01,17742,8918,8824
2565,Zoran Planinic,2006,-1.58,-1.17,-0.41,-0.94,-0.06,-0.86,-0.83,0.48,1.12,-0.64,0.12,0.09,0.04,-0.03,-2.52,0.6,-3.35,0.57,-2.78,0.0,5591,2779,2812
299,Glenn Robinson,2006,0.78,0.23,0.55,-0.67,-0.54,-0.14,-1.47,0.24,0.24,0.0,-0.8,-0.3,-0.49,-0.89,0.11,-0.56,-1.36,-1.45,-2.81,0.0,15833,7923,7910
1425,Aaron Williams,2006,-1.14,-0.79,-0.35,-0.72,-0.58,-0.14,-1.14,0.72,0.92,-0.2,0.18,-0.23,0.41,-0.71,-1.86,0.9,-3.0,0.19,-2.81,0.0,16836,8415,8421
2201,Eddy Curry,2006,1.71,1.7,0.01,-2.11,-0.97,-1.13,-1.22,1.34,0.65,0.69,-1.57,-0.92,-0.66,-0.98,-0.4,-0.23,-1.62,-1.21,-2.82,0.01,27849,13944,13905
953,Lorenzen Wright,2006,-2.73,-1.81,-0.92,-0.4,-0.24,-0.15,0.23,-0.18,-1.13,0.95,-0.23,-0.13,-0.11,0.47,-3.13,-0.41,-2.9,0.06,-2.84,0.0,28317,14173,14144
1960,Milt Palacio,2006,-1.87,-1.66,-0.21,-0.38,0.34,-0.72,-0.83,0.54,0.76,-0.22,0.25,0.22,0.02,-0.58,-2.25,0.79,-3.08,0.21,-2.87,0.0,22442,11169,11273
2409,Marcus Haislip,2006,-1.23,-0.78,-0.45,-0.04,-0.21,0.17,-0.27,-1.04,-0.96,-0.08,0.49,0.35,0.15,-0.79,-1.27,-0.55,-1.54,-1.34,-2.88,0.0,3075,1549,1526
1442,Zeljko Rebraca,2006,0.14,0.25,-0.11,-1.11,-0.18,-0.93,-1.38,0.32,0.17,0.15,-0.02,-0.44,0.4,-0.87,-0.97,0.3,-2.35,-0.57,-2.92,0.0,7794,3891,3903
1928,Todd MacCulloch,2006,-1.8,-0.68,-1.12,-0.53,-0.36,-0.16,-0.16,-0.62,-1.19,0.57,0.32,0.04,0.29,-0.14,-2.33,-0.3,-2.49,-0.44,-2.93,0.0,3040,1522,1518
1544,Chris Crawford,2006,0.25,-0.17,0.42,-0.03,-0.01,-0.02,-0.74,-2.24,-2.36,0.12,-0.02,0.2,-0.21,-0.18,0.22,-2.26,-0.52,-2.44,-2.95,0.01,4746,2379,2367
2413,Juan Dixon,2006,-0.19,-0.28,0.09,0.53,0.21,0.32,-0.48,-1.66,-1.4,-0.26,-0.53,-0.09,-0.45,-0.65,0.34,-2.19,-0.14,-2.84,-2.98,0.0,19620,9806,9814
445,Wesley Person,2006,1.2,1.56,-0.36,0.26,0.31,-0.05,-1.64,-1.69,-1.71,0.02,-0.97,-0.48,-0.49,-0.19,1.46,-2.66,-0.18,-2.85,-3.03,0.0,13815,6929,6886
2563,Dahntay Jones,2006,-1.21,-1.0,-0.21,-0.17,-0.0,-0.17,-0.22,-1.21,-0.84,-0.37,0.34,-0.28,0.61,-0.57,-1.38,-0.87,-1.6,-1.44,-3.04,-0.0,6232,3096,3136
2056,Primoz Brezec,2006,-1.62,-1.1,-0.52,-0.1,0.02,-0.12,0.12,-1.49,-1.83,0.34,0.06,0.06,0.0,-0.02,-1.72,-1.43,-1.6,-1.45,-3.05,0.0,17473,8739,8734
1730,Brian Skinner,2006,-1.37,-0.73,-0.64,-0.79,-0.31,-0.49,-0.16,-0.64,-1.17,0.53,-0.38,-0.22,-0.16,0.29,-2.16,-1.02,-2.32,-0.73,-3.06,-0.01,18805,9371,9434
216,Brian Shaw,2006,-2.04,-1.74,-0.3,-0.21,-0.15,-0.05,-0.66,-0.39,-0.26,-0.13,-0.02,-0.34,0.32,0.25,-2.25,-0.41,-2.91,-0.16,-3.07,0.0,4230,2132,2098
101113,Ike Diogu,2006,-0.94,-1.31,0.37,-0.47,-0.1,-0.37,-0.32,-1.35,-1.42,0.07,-0.29,-0.29,0.01,0.27,-1.41,-1.64,-1.73,-1.37,-3.1,0.0,3908,1955,1953
89,Nick Van Exel,2006,0.36,0.48,-0.12,0.43,0.03,0.4,-0.89,-0.78,-0.66,-0.12,-0.99,-0.47,-0.53,-1.23,0.79,-1.77,-0.1,-3.0,-3.1,0.0,24562,12308,12254
2436,Flip Murray,2006,-0.61,-0.7,0.09,-0.0,0.09,-0.1,-0.59,-0.38,-0.44,0.06,-0.54,-0.26,-0.29,-0.99,-0.61,-0.92,-1.2,-1.91,-3.11,0.0,20248,10149,10099
2742,Sebastian Telfair,2006,0.51,0.47,0.04,-0.48,-0.33,-0.15,-1.34,-1.43,-1.24,-0.19,-0.02,-0.23,0.21,-0.35,0.03,-1.45,-1.31,-1.8,-3.11,0.0,10810,5415,5395
2416,Kareem Rush,2006,-1.28,-0.66,-0.62,0.25,-0.0,0.25,-0.57,-0.75,-0.25,-0.5,-0.15,0.09,-0.23,-0.62,-1.03,-0.9,-1.6,-1.52,-3.12,0.0,17123,8557,8566
924,Anthony Goldwire,2006,-0.42,-0.4,-0.02,-0.02,-0.16,0.15,-0.55,-0.91,-1.13,0.22,-0.75,-0.3,-0.45,-0.48,-0.44,-1.66,-0.99,-2.14,-3.13,0.0,2595,1290,1305
43,Chris Whitney,2006,-1.08,-1.08,0.0,-0.47,-0.21,-0.26,-1.18,-0.88,-0.43,-0.45,0.69,0.42,0.29,-0.21,-1.55,-0.19,-2.73,-0.4,-3.13,0.0,4941,2470,2471
2452,J.R. Bremer,2006,-1.57,-1.11,-0.46,0.36,0.25,0.11,0.19,-1.48,-1.74,0.26,-0.0,0.15,-0.15,-0.65,-1.21,-1.48,-1.02,-2.13,-3.15,0.0,7611,3816,3795
296,Rick Fox,2006,-0.86,-1.04,0.18,-0.4,-0.29,-0.12,-1.17,0.21,-0.15,0.36,-0.34,-0.2,-0.14,-0.6,-1.26,-0.13,-2.43,-0.73,-3.16,-0.0,12281,6138,6143
911,Ervin Johnson,2006,-1.64,-0.69,-0.95,-0.42,-0.17,-0.25,-0.53,2.0,1.33,0.67,-0.31,-0.23,-0.07,-2.26,-2.06,1.69,-2.59,-0.57,-3.16,-0.0,10835,5406,5429
101130,Johan Petro,2006,-0.6,-0.39,-0.21,0.01,-0.07,0.09,-1.19,0.74,0.29,0.45,-0.39,0.05,-0.45,-1.74,-0.59,0.35,-1.78,-1.39,-3.18,-0.01,4810,2411,2399
2471,Mike Batiste,2006,-1.19,-0.79,-0.4,-0.6,-0.23,-0.36,-0.34,-1.28,-1.86,0.58,0.52,0.05,0.47,-0.29,-1.79,-0.76,-2.13,-1.05,-3.18,0.0,4668,2328,2340
2067,Eddie House,2006,-1.05,-0.39,-0.66,0.62,-0.05,0.68,-0.62,-1.62,-1.49,-0.13,-0.26,0.04,-0.29,-0.28,-0.43,-1.88,-1.05,-2.16,-3.21,0.0,17432,8709,8723
101121,Joey Graham,2006,0.18,-0.05,0.23,-0.11,0.32,-0.43,-1.3,-0.94,-0.66,-0.28,-0.5,-0.23,-0.27,-0.55,0.07,-1.44,-1.23,-1.99,-3.22,-0.0,5882,2934,2948
958,Vitaly Potapenko,2006,-0.12,0.48,-0.6,-0.14,0.15,-0.28,-1.16,-0.9,-1.15,0.25,-0.37,-0.16,-0.21,-0.53,-0.26,-1.27,-1.42,-1.8,-3.22,-0.0,9145,4569,4576
2747,JR Smith,2006,-0.99,-0.48,-0.51,-0.18,-0.19,0.0,-0.33,-0.3,-0.23,-0.07,-0.16,0.05,-0.21,-1.31,-1.17,-0.46,-1.5,-1.77,-3.27,0.0,10239,5123,5116
422,Avery Johnson,2006,0.04,0.28,-0.24,-0.32,-0.26,-0.05,-1.41,0.0,-0.08,0.08,-0.35,0.16,-0.51,-1.25,-0.28,-0.35,-1.69,-1.6,-3.28,0.01,3840,1913,1927
1542,Predrag Drobnjak,2006,-1.77,-1.48,-0.29,0.13,0.55,-0.42,-1.07,0.18,-0.76,0.94,-0.2,0.32,-0.52,-0.57,-1.64,-0.02,-2.71,-0.59,-3.3,0.0,16184,8097,8087
2752,Sergei Monia,2006,-1.1,-0.85,-0.25,-0.46,-0.17,-0.29,-0.01,-1.36,-1.17,-0.19,-0.28,-0.26,-0.02,-0.14,-1.56,-1.64,-1.57,-1.78,-3.35,0.0,1199,600,599
718,Gary Trent,2006,-1.9,-1.01,-0.89,-0.32,0.04,-0.35,0.25,0.16,0.11,0.05,-0.53,-0.51,-0.02,-1.02,-2.22,-0.37,-1.97,-1.39,-3.36,0.0,8586,4272,4314
976,Jeff McInnis,2006,-0.05,-0.43,0.38,0.35,0.09,0.26,-0.65,-2.28,-1.81,-0.47,0.17,0.19,-0.02,-0.9,0.3,-2.11,-0.35,-3.01,-3.36,0.0,25141,12572,12569
2571,Leandro Barbosa,2006,1.8,2.02,-0.22,-0.17,-0.12,-0.05,-1.48,-2.22,-1.86,-0.36,-0.54,0.23,-0.79,-0.76,1.63,-2.76,0.15,-3.52,-3.38,-0.01,19109,9567,9542
1709,Michael Olowokandi,2006,-3.53,-2.38,-1.15,-0.87,-0.09,-0.78,-1.23,3.28,2.39,0.89,-0.44,-0.3,-0.14,-0.61,-4.4,2.84,-5.63,2.23,-3.4,-0.0,16945,8459,8486
2484,Devin Brown,2006,-1.19,-1.1,-0.09,0.08,0.2,-0.12,-0.49,-1.46,-1.2,-0.26,0.22,0.34,-0.13,-0.56,-1.11,-1.24,-1.6,-1.8,-3.4,-0.0,13990,6994,6996
2412,Jiri Welsch,2006,-0.47,-0.56,0.09,-0.64,-0.13,-0.52,-0.56,-1.56,-1.47,-0.09,0.53,0.5,0.03,-0.72,-1.11,-1.03,-1.67,-1.75,-3.42,0.0,17949,8977,8972
2561,David West,2006,-1.81,-1.88,0.07,-0.38,0.07,-0.45,-0.61,-0.57,-1.21,0.64,0.12,-0.11,0.22,-0.18,-2.19,-0.45,-2.8,-0.63,-3.43,-0.0,15056,7509,7547
2823,John Edwards,2006,-0.05,0.06,-0.11,-0.26,-0.05,-0.21,-1.08,-0.8,-0.71,-0.09,-0.32,-0.26,-0.05,-0.92,-0.31,-1.12,-1.39,-2.04,-3.43,0.0,1566,773,793
2863,Damien Wilkins,2006,-0.73,-1.16,0.43,-0.15,0.15,-0.31,-0.22,-2.66,-2.38,-0.28,0.29,0.21,0.06,0.03,-0.88,-2.37,-1.1,-2.34,-3.44,0.0,8001,3985,4016
1737,Nazr Mohammed,2006,-2.84,-2.06,-0.78,-0.8,-0.06,-0.74,0.46,0.32,-0.08,0.4,-0.26,-0.32,0.06,-0.34,-3.64,0.06,-3.18,-0.28,-3.47,-0.01,22515,11228,11287
1565,Michael Stewart,2006,-1.51,-1.53,0.02,-0.41,-0.06,-0.34,-0.84,-0.78,-0.8,0.02,0.15,0.04,0.11,-0.1,-1.92,-0.63,-2.76,-0.73,-3.48,0.01,2030,1007,1023
2214,Michael Bradley,2006,-1.49,-0.94,-0.55,-0.74,-0.24,-0.5,1.43,-2.6,-2.9,0.3,-0.28,-0.11,-0.17,0.18,-2.23,-2.88,-0.8,-2.7,-3.5,0.0,6930,3456,3474
1743,Bruno Sundov,2006,-1.29,-0.96,-0.33,-0.23,-0.22,-0.0,-0.72,-0.49,-0.3,-0.19,0.09,-0.03,0.13,-0.89,-1.52,-0.4,-2.24,-1.29,-3.53,0.0,901,451,450
101127,Jarrett Jack,2006,-0.85,-1.22,0.37,0.22,0.56,-0.34,-1.16,-0.44,-0.32,-0.12,-0.22,0.11,-0.33,-1.08,-0.63,-0.66,-1.79,-1.74,-3.53,0.0,5715,2859,2856
2804,Andres Nocioni,2006,0.03,-0.32,0.35,-0.42,0.06,-0.48,-1.08,-1.37,-1.04,-0.33,-0.01,-0.58,0.57,-0.73,-0.39,-1.38,-1.47,-2.11,-3.58,0.0,17359,8656,8703
2220,Brandon Armstrong,2006,-0.58,-0.27,-0.31,-0.01,-0.18,0.17,-0.57,-1.31,-1.21,-0.1,-0.5,-0.29,-0.21,-0.63,-0.59,-1.81,-1.16,-2.44,-3.6,-0.0,1816,902,914
1924,Lee Nailon,2006,-1.99,-1.67,-0.32,-0.12,-0.12,-0.0,0.52,-1.74,-1.34,-0.4,0.06,-0.21,0.27,-0.36,-2.11,-1.68,-1.59,-2.04,-3.62,0.01,12518,6261,6257
258,Brian Grant,2006,-1.64,-1.54,-0.1,-0.15,-0.16,0.02,-0.99,-0.89,-0.93,0.04,-0.48,-0.39,-0.09,0.53,-1.79,-1.37,-2.78,-0.84,-3.62,0.0,24260,12102,12158
1500,Ron Mercer,2006,-2.92,-2.84,-0.08,0.03,0.05,-0.04,-0.6,0.94,1.02,-0.08,-0.05,0.01,-0.06,-1.02,-2.89,0.89,-3.49,-0.13,-3.62,0.0,9991,4986,5005
2566,Travis Outlaw,2006,-0.84,-0.61,-0.23,-0.07,0.26,-0.33,-0.92,-0.17,-0.15,-0.02,-0.29,-0.47,0.17,-1.35,-0.91,-0.46,-1.83,-1.81,-3.65,-0.01,7181,3588,3593
2568,Carlos Delfino,2006,-0.72,-0.43,-0.29,0.3,0.2,0.1,-0.28,-2.66,-2.71,0.05,-0.6,-0.26,-0.33,0.29,-0.42,-3.26,-0.7,-2.97,-3.66,0.01,4398,2184,2214
2401,Nikoloz Tskitishvili,2006,-1.71,-1.2,-0.51,-0.33,0.0,-0.33,-0.32,-0.32,0.08,-0.4,-0.4,0.13,-0.53,-0.63,-2.04,-0.72,-2.36,-1.35,-3.71,-0.0,7239,3617,3622
2109,Eddie Gill,2006,-0.54,-1.51,0.97,-0.39,0.11,-0.49,-1.32,-1.91,-2.04,0.13,0.44,0.45,-0.01,-0.01,-0.93,-1.47,-2.25,-1.48,-3.73,0.0,4573,2273,2300
2124,Malik Allen,2006,-1.03,-0.43,-0.6,-0.02,0.16,-0.18,-1.68,-0.19,-0.21,0.02,-0.47,0.05,-0.52,-0.36,-1.05,-0.66,-2.73,-1.02,-3.76,-0.01,16155,8070,8085
2560,Zarko Cabarkapa,2006,-1.66,-1.49,-0.17,-0.48,0.01,-0.49,0.14,-1.67,-1.68,0.01,-0.35,-0.09,-0.26,0.18,-2.14,-2.02,-2.0,-1.84,-3.84,-0.0,5826,2927,2899
452,Vin Baker,2006,0.14,0.34,-0.2,-0.62,-0.04,-0.57,-0.68,-0.76,-0.54,-0.22,-0.31,-0.31,0.0,-1.61,-0.48,-1.07,-1.16,-2.68,-3.84,0.0,9703,4848,4855
2402,Dajuan Wagner,2006,-2.48,-2.35,-0.13,0.19,0.13,0.07,0.94,-0.54,0.06,-0.6,-0.93,-0.36,-0.55,-1.03,-2.29,-1.47,-1.35,-2.5,-3.85,0.0,8284,4153,4131
2557,Luke Ridnour,2006,0.36,0.01,0.35,0.51,0.05,0.45,-1.4,-2.3,-2.4,0.1,0.26,0.1,0.16,-1.29,0.87,-2.04,-0.53,-3.33,-3.86,-0.0,24462,12204,12258
1720,Michael Doleac,2006,-1.52,-1.12,-0.4,0.04,0.02,0.02,-2.01,0.07,0.26,-0.19,-0.34,-0.35,0.02,-0.13,-1.48,-0.27,-3.49,-0.4,-3.89,-0.0,13975,6983,6992
685,Cherokee Parks,2006,-0.26,0.04,-0.3,0.01,-0.06,0.07,-1.07,-1.56,-1.83,0.27,-0.27,0.11,-0.37,-0.75,-0.25,-1.83,-1.32,-2.58,-3.9,0.0,2578,1287,1291
123,Robert Pack,2006,-1.37,-1.31,-0.06,-0.29,-0.11,-0.18,-0.94,-0.34,-0.44,0.1,-0.2,0.27,-0.47,-0.87,-1.66,-0.54,-2.6,-1.41,-4.01,0.0,2513,1251,1262
339,Tom Gugliotta,2006,-1.71,-1.32,-0.39,-0.27,-0.52,0.25,-1.83,0.18,0.08,0.1,0.59,0.35,0.24,-1.1,-1.98,0.77,-3.81,-0.33,-4.15,-0.01,8011,3973,4038
2398,Jay Williams,2006,-0.08,0.18,-0.26,-0.73,-0.42,-0.31,-1.22,-2.59,-2.22,-0.37,0.07,0.2,-0.13,0.4,-0.81,-2.52,-2.03,-2.12,-4.15,-0.0,7549,3776,3773
2044,Jason Collier,2006,-2.22,-1.76,-0.46,-0.09,-0.11,0.02,-0.12,-1.19,-1.5,0.31,-0.16,-0.03,-0.13,-0.4,-2.31,-1.35,-2.43,-1.75,-4.18,0.0,5981,2977,3004
688,Michael Curry,2006,-3.09,-2.9,-0.19,-0.7,-0.01,-0.69,-2.85,2.17,1.5,0.67,0.29,-0.38,0.67,0.0,-3.79,2.46,-6.64,2.46,-4.18,0.0,11503,5683,5820
436,Juwan Howard,2006,-1.51,-1.27,-0.24,-0.37,-0.13,-0.24,-0.57,-2.1,-2.06,-0.04,-0.65,-0.31,-0.34,1.0,-1.88,-2.75,-2.45,-1.75,-4.2,0.0,35647,17813,17834
1983,Jermaine Jackson,2006,-0.94,-1.0,0.06,-0.54,-0.54,-0.01,-1.19,-1.31,-1.0,-0.31,-0.15,-0.1,-0.05,-0.08,-1.48,-1.46,-2.67,-1.54,-4.22,-0.01,3592,1770,1822
955,Samaki Walker,2006,-2.42,-2.06,-0.36,-0.42,-0.21,-0.21,-0.8,1.0,0.56,0.44,-0.67,-0.47,-0.2,-0.93,-2.84,0.33,-3.64,-0.6,-4.25,-0.01,6791,3389,3402
1741,Jelani McCoy,2006,-0.74,-0.11,-0.63,-0.86,-0.18,-0.68,-0.93,-0.05,-0.29,0.24,-1.18,-0.21,-0.96,-0.54,-1.6,-1.23,-2.53,-1.77,-4.3,0.0,5428,2708,2720
2074,Jabari Smith,2006,-0.72,-0.42,-0.3,-0.46,-0.46,0.0,-1.59,-1.05,-0.78,-0.27,0.28,-0.05,0.33,-0.81,-1.18,-0.77,-2.77,-1.58,-4.36,-0.01,3061,1534,1527
2219,Jeryl Sasser,2006,-3.18,-2.68,-0.5,-0.02,0.04,-0.05,-0.13,-1.34,-1.5,0.16,0.2,0.22,-0.01,-0.02,-3.2,-1.14,-3.33,-1.16,-4.49,-0.0,3808,1884,1924
458,Howard Eisley,2006,-0.21,0.02,-0.23,-0.37,-0.17,-0.2,-1.59,-2.09,-1.26,-0.83,-0.31,-0.19,-0.12,0.06,-0.58,-2.4,-2.17,-2.34,-4.51,0.0,20293,10142,10151
193,Anthony Mason,2006,-0.32,-0.2,-0.12,0.09,0.15,-0.05,-1.5,-2.14,-2.05,-0.09,-0.69,-0.35,-0.33,-0.02,-0.23,-2.83,-1.73,-2.85,-4.58,0.0,8534,4259,4275
673,Alan Henderson,2006,-2.6,-2.39,-0.21,-0.7,-0.3,-0.4,0.34,0.29,0.22,0.07,-0.83,-0.38,-0.45,-1.11,-3.3,-0.54,-2.96,-1.65,-4.61,0.0,12561,6243,6318
788,Kevin Willis,2006,-1.2,-0.5,-0.7,-0.33,0.02,-0.34,-0.7,-1.96,-1.58,-0.38,0.19,0.06,0.14,-0.68,-1.53,-1.77,-2.23,-2.45,-4.69,-0.01,6147,3053,3094
2052,DeShawn Stevenson,2006,-0.73,-0.64,-0.09,-0.17,-0.05,-0.13,-0.31,-2.63,-2.78,0.15,-0.29,-0.18,-0.11,-0.69,-0.9,-2.92,-1.21,-3.61,-4.82,0.0,25500,12694,12806
1521,Jacque Vaughn,2006,-0.82,-0.81,-0.01,-0.48,-0.02,-0.46,-2.02,-1.61,-0.87,-0.74,-0.13,-0.29,0.16,0.07,-1.3,-1.74,-3.32,-1.67,-4.99,-0.0,21653,10802,10851
2211,Troy Murphy,2006,-1.36,-1.48,0.12,-0.22,0.07,-0.29,-1.06,-1.93,-2.08,0.15,-0.78,-0.33,-0.45,0.29,-1.58,-2.71,-2.64,-2.42,-5.05,0.01,30825,15407,15418
2469,Pat Burke,2006,-2.78,-2.09,-0.69,-0.98,-0.48,-0.49,-0.35,0.45,0.22,0.23,0.04,0.25,-0.2,-1.75,-3.76,0.49,-4.11,-1.26,-5.37,-0.0,4512,2243,2269
399,Sean Rooks,2006,-3.26,-2.72,-0.54,-0.41,-0.43,0.02,-0.18,-1.01,-1.12,0.11,0.28,0.39,-0.12,-0.8,-3.67,-0.73,-3.85,-1.53,-5.38,0.0,7184,3609,3575
1934,Rodney Buford,2006,-3.25,-3.11,-0.14,0.09,-0.07,0.15,-0.7,-1.32,-0.89,-0.43,0.33,0.25,0.09,-0.94,-3.16,-0.99,-3.86,-1.93,-5.78,0.01,5383,2678,2705
763,Tony Massenburg,2006,-2.33,-1.95,-0.38,-0.39,-0.21,-0.17,-0.92,-1.59,-1.23,-0.36,-0.22,0.04,-0.27,-1.07,-2.72,-1.81,-3.64,-2.88,-6.52,0.0,8578,4271,4307
