player_id,player_name,Latest_Year,oALT_EFG_VALUE,oALT_EFG_BASELINE,oALT_EFG_ATOMS_VALUE,oALT_EFG_RIM,oALT_EFG_RIM_FREQ,oALT_EFG_RIM_FG,oALT_EFG_MID,oALT_EFG_MID_FREQ,oALT_EFG_MID_FG,oALT_EFG_THREE,oALT_EFG_THREE_FREQ,oALT_EFG_THREE_FG,oALT_FT,oALT_FT_FREQ,oALT_FT_SEVERITY,oALT_TOV_VALUE,oSC,oSC_CLEAN,oFC,oDISPLAY_SUM,oRESID,oALT_TOV_LOSS_VALUE,oALT_TOV_VALUE_bp,oALT_TOV_VALUE_sc,oALT_TOV_VALUE_split,oALT_BADPASS_TOV_VALUE,oALT_SCORING_TOV_VALUE,oASSIST_POINTS,oRIM_ASSIST,dALT_EFG_VALUE,dALT_EFG_BASELINE,dALT_EFG_ATOMS_VALUE,dALT_EFG_RIM,dALT_EFG_RIM_FREQ,dALT_EFG_RIM_FG,dALT_EFG_MID,dALT_EFG_MID_FREQ,dALT_EFG_MID_FG,dALT_EFG_THREE,dALT_EFG_THREE_FREQ,dALT_EFG_THREE_FG,dALT_FT,dALT_FT_FREQ,dALT_FT_SEVERITY,dALT_TOV_VALUE,dSC,dSC_CLEAN,dFC,dDISPLAY_SUM,dRESID,dALT_TOV_LOSS_VALUE,dALT_TOV_VALUE_bp,dALT_TOV_VALUE_sc,dALT_TOV_VALUE_split,dALT_BADPASS_TOV_VALUE,dALT_SCORING_TOV_VALUE,dASSIST_POINTS,dRIM_ASSIST,nALT_EFG_VALUE,nALT_EFG_BASELINE,nALT_EFG_ATOMS_VALUE,nALT_EFG_RIM,nALT_EFG_RIM_FREQ,nALT_EFG_RIM_FG,nALT_EFG_MID,nALT_EFG_MID_FREQ,nALT_EFG_MID_FG,nALT_EFG_THREE,nALT_EFG_THREE_FREQ,nALT_EFG_THREE_FG,nALT_FT,nALT_FT_FREQ,nALT_FT_SEVERITY,nALT_TOV_VALUE,nSC,nSC_CLEAN,nDISPLAY_SUM,RESID,nALT_TOV_LOSS_VALUE,nALT_TOV_VALUE_bp,nALT_TOV_VALUE_sc,nALT_TOV_VALUE_split,nALT_BADPASS_TOV_VALUE,nALT_SCORING_TOV_VALUE,nASSIST_POINTS,nRIM_ASSIST,off,def,net_rapm,possessions,off_poss,def_poss
2544,LeBron James,2017,7.251,-0.095,7.346,3.718,0.554,3.164,2.017,1.179,0.838,1.611,0.174,1.437,0.533,0.759,-0.228,0.636,-0.305,-0.305,8.42,8.115,0.0,0.636,-0.014,0.65,0.636,-0.014,0.65,5.293,1.898,0.928,0.199,0.729,0.476,-0.002,0.478,0.16,-0.007,0.167,0.093,-0.007,0.1,0.249,0.295,-0.047,0.64,0.383,0.383,1.817,2.2,0.0,0.64,0.628,0.012,0.64,0.628,0.012,1.797,0.286,8.179,0.104,8.075,4.194,0.552,3.642,2.176,1.172,1.004,1.705,0.168,1.537,0.782,1.054,-0.275,1.276,0.079,0.079,10.315,-0.0,1.276,0.614,0.662,1.276,0.614,0.662,7.09,2.184,8.115,2.2,10.315,67793,33954,33839
101108,Chris Paul,2017,4.315,-0.193,4.508,0.738,-0.253,0.991,2.802,0.363,2.439,0.968,0.14,0.828,0.876,0.6,0.275,1.878,-0.524,-0.524,7.069,6.545,-0.0,1.878,1.054,0.824,1.878,1.054,0.824,2.62,0.548,1.421,0.297,1.124,0.217,0.139,0.078,0.876,0.057,0.819,0.031,0.026,0.005,-0.498,-0.416,-0.081,0.914,0.893,0.893,1.837,2.73,-0.0,0.914,0.343,0.571,0.914,0.343,0.571,1.819,0.332,5.735,0.104,5.631,0.955,-0.113,1.068,3.678,0.42,3.258,0.998,0.165,0.833,0.378,0.184,0.194,2.791,0.369,0.369,9.275,-0.0,2.791,1.397,1.394,2.791,1.397,1.394,4.44,0.88,6.545,2.73,9.275,51440,25797,25643
201939,Stephen Curry,2017,7.15,-0.008,7.158,1.644,0.429,1.215,1.473,1.224,0.249,4.041,0.284,3.757,0.728,0.15,0.576,0.432,0.556,0.556,8.31,8.866,0.0,0.432,-0.35,0.782,0.432,-0.35,0.782,5.156,1.541,0.091,0.083,0.008,-0.284,0.022,-0.306,0.548,-0.013,0.561,-0.256,0.029,-0.285,-0.206,-0.203,-0.002,0.271,0.168,0.168,0.156,0.324,-0.0,0.271,0.141,0.13,0.271,0.141,0.13,0.658,-0.055,7.242,0.075,7.167,1.36,0.451,0.909,2.022,1.211,0.811,3.785,0.313,3.472,0.522,-0.053,0.574,0.703,0.724,0.724,9.19,0.0,0.703,-0.209,0.912,0.703,-0.209,0.912,5.814,1.485,8.866,0.324,9.19,67488,33817,33671
201566,Russell Westbrook,2017,3.981,-0.154,4.135,2.245,0.737,1.508,1.671,0.88,0.791,0.219,-0.03,0.249,1.917,1.414,0.501,0.931,0.108,0.108,6.829,6.937,0.0,0.931,0.128,0.803,0.931,0.128,0.803,-0.445,1.631,0.2,0.01,0.19,0.262,-0.247,0.509,-0.099,-0.079,-0.02,0.027,0.052,-0.025,-0.024,-0.217,0.19,0.416,-0.227,-0.227,0.592,0.365,0.0,0.416,0.254,0.162,0.416,0.254,0.162,0.991,-0.138,4.181,-0.144,4.325,2.507,0.49,2.017,1.572,0.801,0.771,0.246,0.022,0.224,1.892,1.196,0.691,1.348,-0.119,-0.119,7.302,0.0,1.348,0.382,0.966,1.348,0.382,0.966,0.546,1.493,6.937,0.365,7.302,55399,27712,27687
200768,Kyle Lowry,2017,1.825,-0.248,2.073,0.658,0.204,0.454,0.561,0.811,-0.25,0.854,0.13,0.724,0.957,0.552,0.403,0.298,0.686,0.686,3.08,3.766,0.0,0.298,0.474,-0.176,0.298,0.474,-0.176,1.621,0.545,1.217,0.291,0.926,0.229,0.178,0.051,0.832,-0.06,0.892,-0.135,-0.001,-0.134,-0.301,-0.423,0.124,1.219,0.433,0.433,2.135,2.568,0.0,1.219,0.052,1.167,1.219,0.052,1.167,1.206,0.263,3.043,0.043,3.0,0.887,0.381,0.506,1.393,0.751,0.642,0.72,0.129,0.591,0.657,0.129,0.527,1.517,1.119,1.119,6.334,0.0,1.517,0.526,0.991,1.517,0.526,0.991,2.827,0.807,3.766,2.568,6.334,53160,26582,26578
202695,Kawhi Leonard,2017,1.854,0.125,1.729,0.449,-0.178,0.627,0.233,-0.372,0.605,1.047,-0.119,1.166,0.732,0.386,0.342,1.09,-0.313,-0.313,3.676,3.363,0.0,1.09,0.598,0.492,1.09,0.598,0.492,0.756,-0.048,0.598,0.147,0.451,-0.044,-0.005,-0.039,0.715,0.086,0.629,-0.22,0.012,-0.232,0.224,0.38,-0.155,0.76,1.254,1.254,1.582,2.836,0.0,0.76,0.36,0.4,0.76,0.36,0.4,-0.385,-0.075,2.452,0.272,2.18,0.404,-0.183,0.587,0.949,-0.286,1.235,0.827,-0.107,0.934,0.956,0.765,0.187,1.849,0.942,0.942,6.199,0.001,1.849,0.959,0.89,1.849,0.959,0.89,0.372,-0.123,3.363,2.836,6.2,50414,25261,25153
203110,Draymond Green,2017,1.609,-0.101,1.71,0.837,0.034,0.803,0.201,0.83,-0.629,0.672,0.218,0.454,0.219,0.351,-0.135,0.014,-0.081,-0.081,1.842,1.761,-0.0,0.014,-0.276,0.29,0.014,-0.276,0.29,4.234,1.003,2.914,-0.113,3.027,1.15,0.235,0.915,0.935,0.082,0.853,0.942,-0.038,0.98,-0.094,-0.074,-0.019,1.11,0.392,0.392,3.93,4.322,-0.0,1.11,0.743,0.367,1.11,0.743,0.367,2.09,0.56,4.523,-0.214,4.737,1.987,0.269,1.718,1.136,0.912,0.224,1.614,0.18,1.434,0.125,0.277,-0.154,1.124,0.311,0.311,6.083,-0.0,1.124,0.467,0.657,1.124,0.467,0.657,6.324,1.563,1.761,4.322,6.083,53149,26513,26636
201142,Kevin Durant,2017,3.327,0.13,3.197,1.576,0.117,1.459,1.368,0.378,0.99,0.253,0.035,0.218,1.958,0.684,1.271,-0.052,-0.128,-0.128,5.233,5.105,0.0,-0.052,-0.123,0.071,-0.052,-0.123,0.071,2.774,1.034,1.849,0.032,1.817,0.728,-0.001,0.729,0.31,-0.104,0.414,0.779,-0.045,0.824,-0.022,0.09,-0.112,-0.613,-0.297,-0.297,1.214,0.917,0.0,-0.613,-0.227,-0.386,-0.613,-0.227,-0.386,1.735,0.383,5.177,0.162,5.015,2.305,0.116,2.189,1.678,0.274,1.404,1.032,-0.01,1.042,1.936,0.775,1.159,-0.666,-0.425,-0.425,6.022,0.0,-0.666,-0.35,-0.316,-0.666,-0.35,-0.316,4.509,1.418,5.105,0.917,6.022,56837,28498,28339
203999,Nikola Jokic,2017,2.324,0.148,2.176,0.61,-0.004,0.614,1.212,-0.105,1.317,0.354,-0.034,0.388,-0.08,-0.186,0.103,0.214,1.278,1.278,2.458,3.736,0.0,0.214,-0.16,0.374,0.214,-0.16,0.374,5.741,1.004,0.341,0.057,0.284,0.399,0.186,0.213,0.029,0.266,-0.237,-0.144,0.013,-0.157,0.54,0.449,0.093,-0.423,1.587,1.587,0.458,2.045,0.0,-0.423,-0.128,-0.295,-0.423,-0.128,-0.295,-0.839,0.223,2.666,0.205,2.461,1.01,0.183,0.827,1.242,0.161,1.081,0.209,-0.021,0.23,0.46,0.262,0.197,-0.209,2.864,2.864,5.781,0.0,-0.209,-0.288,0.079,-0.209,-0.288,0.079,4.901,1.227,3.736,2.045,5.781,14899,7463,7436
201935,James Harden,2017,3.726,-0.223,3.949,1.252,0.601,0.651,1.992,1.547,0.445,0.705,0.205,0.5,2.73,1.675,1.052,0.191,-0.1,-0.1,6.647,6.547,0.0,0.191,0.14,0.051,0.191,0.14,0.051,-1.583,0.735,-0.739,0.358,-1.097,-0.753,0.012,-0.765,-0.378,-0.304,-0.074,0.034,-0.052,0.086,-0.147,-0.393,0.245,0.1,-0.209,-0.209,-0.786,-0.995,0.0,0.1,0.065,0.035,0.1,0.065,0.035,0.61,-0.089,2.987,0.135,2.852,0.499,0.613,-0.114,1.614,1.243,0.371,0.739,0.153,0.586,2.584,1.282,1.297,0.291,-0.31,-0.31,5.552,0.0,0.291,0.205,0.086,0.291,0.205,0.086,-0.973,0.646,6.547,-0.995,5.552,66094,33115,32979
202331,Paul George,2017,2.26,-0.376,2.636,0.134,-0.102,0.236,1.107,0.505,0.602,1.395,0.099,1.296,1.243,0.709,0.535,-0.258,-0.316,-0.316,3.245,2.929,-0.0,-0.258,-0.407,0.149,-0.258,-0.407,0.149,-0.074,-0.065,0.979,0.118,0.861,0.603,0.045,0.558,0.28,-0.044,0.324,-0.022,-0.032,0.01,0.122,0.132,-0.011,0.837,0.39,0.39,1.938,2.328,0.0,0.837,0.474,0.363,0.837,0.474,0.363,1.839,0.443,3.239,-0.258,3.497,0.738,-0.056,0.794,1.387,0.461,0.926,1.372,0.067,1.305,1.365,0.841,0.524,0.579,0.074,0.074,5.257,0.0,0.579,0.068,0.511,0.579,0.068,0.511,1.764,0.378,2.929,2.328,5.257,51310,25670,25640
201144,Mike Conley,2017,1.214,-0.038,1.252,-0.043,0.323,-0.366,0.536,0.358,0.178,0.759,-0.003,0.762,0.51,0.147,0.368,1.872,0.046,0.046,3.596,3.642,0.0,1.872,0.796,1.076,1.872,0.796,1.076,1.246,0.382,0.748,-0.103,0.851,0.554,0.022,0.532,-0.048,-0.037,-0.011,0.345,-0.039,0.384,0.204,0.189,0.014,0.506,0.012,0.012,1.458,1.47,0.0,0.506,0.329,0.177,0.506,0.329,0.177,0.026,0.061,1.962,-0.141,2.103,0.511,0.345,0.166,0.488,0.321,0.167,1.104,-0.042,1.146,0.714,0.336,0.382,2.378,0.059,0.059,5.112,0.0,2.378,1.125,1.253,2.378,1.125,1.253,1.272,0.443,3.642,1.47,5.112,47490,23780,23710
1938,Manu Ginobili,2017,3.069,0.202,2.867,0.897,0.631,0.266,0.494,1.253,-0.759,1.476,0.208,1.268,1.057,1.109,-0.055,-0.509,-0.185,-0.185,3.617,3.432,0.0,-0.509,-0.903,0.394,-0.509,-0.903,0.394,4.347,1.321,0.902,0.004,0.898,0.305,0.143,0.162,-0.219,0.017,-0.236,0.812,0.006,0.806,-0.28,-0.46,0.18,1.333,-0.358,-0.358,1.955,1.597,0.0,1.333,0.2,1.133,1.333,0.2,1.133,2.36,0.279,3.973,0.206,3.767,1.202,0.774,0.428,0.276,1.271,-0.995,2.289,0.214,2.075,0.776,0.649,0.125,0.824,-0.543,-0.543,5.029,0.0,0.824,-0.703,1.527,0.824,-0.703,1.527,6.707,1.6,3.432,1.597,5.029,34109,17122,16987
201937,Ricky Rubio,2017,0.791,-0.242,1.033,0.657,0.399,0.258,0.608,0.289,0.319,-0.232,-0.104,-0.128,1.273,0.723,0.551,0.864,-0.254,-0.254,2.928,2.674,0.0,0.864,0.036,0.828,0.864,0.036,0.828,3.705,1.298,-0.192,0.009,-0.201,0.057,-0.055,0.112,-0.082,-0.063,-0.019,-0.176,-0.007,-0.169,-0.025,0.098,-0.126,1.971,0.433,0.433,1.754,2.187,0.0,1.971,0.751,1.22,1.971,0.751,1.22,1.066,0.021,0.599,-0.233,0.832,0.714,0.344,0.37,0.526,0.226,0.3,-0.408,-0.111,-0.297,1.248,0.821,0.425,2.835,0.179,0.179,4.861,-0.001,2.835,0.787,2.048,2.835,0.787,2.048,4.771,1.319,2.674,2.187,4.86,38656,19347,19309
202322,John Wall,2017,2.405,-0.271,2.676,0.743,0.313,0.43,0.665,0.408,0.257,1.268,-0.026,1.294,0.931,0.823,0.107,1.135,-0.751,-0.751,4.471,3.72,0.0,1.135,0.507,0.628,1.135,0.507,0.628,0.006,0.125,0.391,0.326,0.065,0.396,0.032,0.364,-0.44,-0.116,-0.324,0.109,0.011,0.098,-0.08,-0.307,0.228,1.026,-0.416,-0.416,1.337,0.921,0.0,1.026,0.024,1.002,1.026,0.024,1.002,1.268,0.237,2.797,0.055,2.742,1.139,0.345,0.794,0.226,0.293,-0.067,1.377,-0.015,1.392,0.851,0.515,0.335,2.161,-1.167,-1.167,4.641,0.0,2.161,0.531,1.63,2.161,0.531,1.63,1.274,0.362,3.72,0.921,4.641,56341,28208,28133
202335,Patrick Patterson,2017,2.457,0.176,2.281,0.553,-0.212,0.765,1.344,0.162,1.182,0.384,0.168,0.216,0.05,-0.23,0.278,0.855,0.717,0.717,3.362,4.079,0.0,0.855,0.516,0.339,0.855,0.516,0.339,2.326,-0.266,0.197,-0.037,0.234,0.283,0.12,0.163,-0.666,0.049,-0.715,0.617,-0.034,0.651,0.007,0.184,-0.176,0.371,-0.197,-0.197,0.575,0.378,0.0,0.371,0.361,0.01,0.371,0.361,0.01,1.323,0.473,2.655,0.139,2.516,0.837,-0.091,0.928,0.677,0.21,0.467,1.002,0.135,0.867,0.057,-0.046,0.103,1.226,0.519,0.519,4.457,0.0,1.226,0.877,0.349,1.226,0.877,0.349,3.649,0.207,4.079,0.378,4.457,38575,19296,19279
202710,Jimmy Butler,2017,-1.199,-0.203,-0.996,-1.041,0.045,-1.086,0.108,0.068,0.04,-0.063,-0.055,-0.008,1.202,0.687,0.515,1.361,1.146,1.146,1.364,2.51,0.0,1.361,0.79,0.571,1.361,0.79,0.571,-0.54,-0.317,1.231,-0.147,1.378,0.866,-0.168,1.034,0.061,0.059,0.002,0.451,0.055,0.396,0.021,0.011,0.011,0.528,0.031,0.031,1.78,1.811,0.0,0.528,0.601,-0.073,0.528,0.601,-0.073,1.691,0.387,0.032,-0.35,0.382,-0.175,-0.122,-0.053,0.169,0.127,0.042,0.388,0.0,0.388,1.223,0.699,0.526,1.889,1.177,1.177,4.321,0.0,1.889,1.391,0.498,1.889,1.391,0.498,1.151,0.07,2.51,1.811,4.321,52656,26298,26358
203468,CJ McCollum,2017,0.829,0.252,0.577,-0.635,-0.325,-0.31,0.524,-0.032,0.556,0.688,0.122,0.566,-0.11,-0.622,0.509,1.08,0.938,0.938,1.799,2.737,0.0,1.08,0.851,0.229,1.08,0.851,0.229,-0.323,-0.983,1.347,-0.09,1.437,1.747,0.328,1.419,-0.1,0.323,-0.423,-0.21,0.058,-0.268,-0.163,-0.12,-0.041,-0.429,0.693,0.693,0.755,1.448,0.0,-0.429,-0.548,0.119,-0.429,-0.548,0.119,3.04,1.14,2.176,0.162,2.014,1.112,0.003,1.109,0.424,0.29,0.134,0.478,0.18,0.298,-0.273,-0.742,0.467,0.651,1.631,1.631,4.185,-0.001,0.651,0.303,0.348,0.651,0.303,0.348,2.717,0.157,2.737,1.448,4.184,30861,15452,15409
201588,George Hill,2017,1.726,-0.026,1.752,0.697,-0.089,0.786,0.685,0.173,0.512,0.37,0.047,0.323,0.414,0.353,0.062,1.04,-0.618,-0.618,3.18,2.562,-0.0,1.04,0.521,0.519,1.04,0.521,0.519,1.279,0.486,1.458,-0.174,1.632,0.609,0.005,0.604,0.503,0.206,0.297,0.52,0.056,0.464,0.145,0.06,0.084,-0.241,0.183,0.183,1.362,1.545,-0.0,-0.241,-0.069,-0.172,-0.241,-0.069,-0.172,2.36,0.425,3.184,-0.2,3.384,1.306,-0.084,1.39,1.188,0.379,0.809,0.89,0.103,0.787,0.56,0.413,0.146,0.799,-0.436,-0.436,4.107,0.0,0.799,0.452,0.347,0.799,0.452,0.347,3.639,0.912,2.562,1.545,4.107,46407,23219,23188
203081,Damian Lillard,2017,2.285,0.086,2.199,-0.313,0.47,-0.783,1.449,1.275,0.174,1.063,0.297,0.766,1.228,0.43,0.798,1.322,0.166,0.166,4.835,5.001,0.0,1.322,0.466,0.856,1.322,0.466,0.856,-0.277,-0.01,0.018,0.035,-0.017,-0.191,-0.012,-0.179,-0.016,0.273,-0.289,0.19,0.122,0.068,-0.151,-0.231,0.077,-0.828,0.003,0.003,-0.961,-0.958,0.0,-0.828,-0.508,-0.32,-0.828,-0.508,-0.32,1.679,0.056,2.303,0.121,2.182,-0.503,0.459,-0.962,1.433,1.548,-0.115,1.252,0.418,0.834,1.077,0.2,0.876,0.494,0.168,0.168,4.043,-0.001,0.494,-0.043,0.537,0.494,-0.043,0.537,1.402,0.045,5.001,-0.958,4.042,61046,30587,30459
2738,Andre Iguodala,2017,2.053,0.247,1.806,1.379,0.344,1.035,0.593,0.365,0.228,-0.166,0.014,-0.18,-0.018,0.654,-0.669,0.272,-0.487,-0.487,2.307,1.82,-0.0,0.272,0.351,-0.079,0.272,0.351,-0.079,1.619,1.186,1.699,-0.02,1.719,0.045,-0.134,0.179,0.939,0.041,0.898,0.735,0.05,0.685,-0.181,-0.18,-0.0,0.969,-0.675,-0.675,2.487,1.812,0.0,0.969,0.421,0.548,0.969,0.421,0.548,2.854,0.134,3.753,0.227,3.526,1.424,0.21,1.214,1.532,0.406,1.126,0.57,0.065,0.505,-0.199,0.474,-0.669,1.242,-1.162,-1.162,3.632,0.001,1.242,0.772,0.47,1.242,0.772,0.47,4.473,1.32,1.82,1.812,3.633,51465,25726,25739
200794,Paul Millsap,2017,0.984,-0.282,1.266,-0.067,0.366,-0.433,0.528,0.387,0.141,0.805,-0.023,0.828,0.487,0.397,0.089,0.272,0.204,0.204,1.743,1.947,0.0,0.272,-0.062,0.334,0.272,-0.062,0.334,1.987,0.692,0.41,0.194,0.216,0.84,-0.116,0.956,-0.296,-0.179,-0.117,-0.328,-0.038,-0.29,0.297,0.174,0.123,0.967,-0.151,-0.151,1.674,1.523,0.0,0.967,0.115,0.852,0.967,0.115,0.852,0.223,0.459,1.395,-0.088,1.483,0.773,0.25,0.523,0.232,0.208,0.024,0.478,-0.061,0.539,0.784,0.571,0.212,1.239,0.053,0.053,3.47,0.001,1.239,0.053,1.186,1.239,0.053,1.186,2.21,1.151,1.947,1.523,3.471,53247,26717,26530
201568,Danilo Gallinari,2017,0.226,-0.12,0.346,-0.1,0.23,-0.33,-0.232,0.498,-0.73,0.678,-0.007,0.685,1.41,1.217,0.193,0.415,0.038,0.038,2.051,2.089,0.0,0.415,0.355,0.06,0.415,0.355,0.06,-1.557,-0.111,0.569,0.148,0.421,-0.084,0.029,-0.113,0.203,0.119,0.084,0.302,0.006,0.296,0.188,0.16,0.028,0.219,0.382,0.382,0.976,1.358,0.0,0.219,0.172,0.047,0.219,0.172,0.047,-0.208,0.073,0.795,0.028,0.767,-0.185,0.258,-0.443,-0.029,0.617,-0.646,0.981,-0.0,0.981,1.598,1.377,0.221,0.634,0.421,0.421,3.447,0.001,0.634,0.527,0.107,0.634,0.527,0.107,-1.766,-0.038,2.089,1.358,3.448,30499,15263,15236
203109,Jae Crowder,2017,0.482,-0.005,0.487,-0.14,0.027,-0.167,0.335,0.55,-0.215,0.292,0.156,0.136,0.35,0.388,-0.037,0.54,0.491,0.491,1.372,1.863,0.0,0.54,0.321,0.219,0.54,0.321,0.219,1.966,0.389,1.25,0.184,1.066,-0.042,0.015,-0.057,-0.228,-0.05,-0.178,1.336,0.006,1.33,-0.327,-0.303,-0.023,1.074,-0.481,-0.481,1.997,1.516,0.0,1.074,0.78,0.294,1.074,0.78,0.294,1.371,0.116,1.734,0.179,1.555,-0.182,0.042,-0.224,0.108,0.5,-0.392,1.629,0.163,1.466,0.024,0.085,-0.061,1.614,0.01,0.01,3.379,0.0,1.614,1.1,0.514,1.614,1.1,0.514,3.336,0.505,1.863,1.516,3.379,38859,19374,19485
202339,Eric Bledsoe,2017,1.515,-0.273,1.788,0.848,0.368,0.48,0.674,0.347,0.327,0.266,0.009,0.257,0.27,0.002,0.265,-0.202,-1.012,-1.012,1.583,0.571,0.0,-0.202,-0.03,-0.172,-0.202,-0.03,-0.172,-2.152,0.224,2.01,0.279,1.731,0.744,0.098,0.646,0.785,0.108,0.677,0.202,-0.003,0.205,0.068,0.241,-0.173,0.892,-0.191,-0.191,2.97,2.779,0.0,0.892,0.585,0.307,0.892,0.585,0.307,1.514,0.438,3.526,0.006,3.52,1.593,0.466,1.127,1.459,0.455,1.004,0.468,0.006,0.462,0.338,0.243,0.093,0.69,-1.203,-1.203,3.35,0.0,0.69,0.554,0.136,0.69,0.554,0.136,-0.637,0.662,0.571,2.779,3.35,35933,17977,17956
203469,Cody Zeller,2017,0.36,0.066,0.294,0.649,0.089,0.56,-0.774,-0.264,-0.51,0.419,-0.183,0.602,0.268,0.141,0.124,-0.379,0.648,0.648,0.249,0.897,0.0,-0.379,-0.197,-0.182,-0.379,-0.197,-0.182,1.451,0.909,1.59,-0.047,1.637,0.9,0.088,0.812,0.55,0.014,0.536,0.187,-0.007,0.194,0.315,0.221,0.099,0.177,0.365,0.365,2.082,2.447,0.0,0.177,0.21,-0.033,0.177,0.21,-0.033,0.664,0.295,1.95,0.019,1.931,1.55,0.178,1.372,-0.224,-0.25,0.026,0.605,-0.19,0.795,0.583,0.362,0.222,-0.202,1.014,1.014,3.344,0.001,-0.202,0.013,-0.215,-0.202,0.013,-0.215,2.115,1.204,0.897,2.447,3.345,25520,12753,12767
201976,Patrick Beverley,2017,1.167,0.119,1.048,-0.366,-0.072,-0.294,0.862,0.444,0.418,0.552,0.227,0.325,-0.306,-0.777,0.468,0.362,1.052,1.052,1.223,2.275,0.0,0.362,0.339,0.023,0.362,0.339,0.023,3.618,-0.13,0.591,-0.048,0.639,0.184,-0.047,0.231,-0.441,-0.14,-0.301,0.896,-0.032,0.928,-0.183,0.05,-0.232,0.745,-0.11,-0.11,1.153,1.043,0.0,0.745,0.108,0.637,0.745,0.108,0.637,0.084,-0.02,1.759,0.071,1.688,-0.181,-0.119,-0.062,0.421,0.304,0.117,1.448,0.195,1.253,-0.489,-0.727,0.237,1.107,0.942,0.942,3.318,0.0,1.107,0.447,0.66,1.107,0.447,0.66,3.702,-0.149,2.275,1.043,3.318,35995,18016,17979
203114,Khris Middleton,2017,1.999,0.32,1.679,-0.521,-0.005,-0.516,1.437,-0.188,1.625,0.763,-0.02,0.783,0.034,-0.372,0.404,0.59,-0.25,-0.25,2.623,2.373,0.0,0.59,0.226,0.364,0.59,0.226,0.364,2.244,-0.153,-0.241,-0.101,-0.14,-0.063,-0.045,-0.018,-0.168,-0.188,0.02,0.091,-0.056,0.147,-0.103,-0.061,-0.039,0.943,0.311,0.311,0.599,0.91,0.0,0.943,0.626,0.317,0.943,0.626,0.317,0.048,0.331,1.758,0.219,1.539,-0.584,-0.05,-0.534,1.269,-0.375,1.644,0.854,-0.076,0.93,-0.07,-0.433,0.365,1.533,0.061,0.061,3.283,0.0,1.533,0.852,0.681,1.533,0.852,0.681,2.292,0.178,2.373,0.91,3.283,36322,18190,18132
202691,Klay Thompson,2017,3.309,0.1,3.209,0.481,0.006,0.475,0.803,0.096,0.707,1.925,0.089,1.836,-0.414,-0.583,0.168,0.567,-0.703,-0.703,3.462,2.759,0.0,0.567,-0.004,0.571,0.567,-0.004,0.571,5.834,0.637,1.425,0.068,1.357,-0.124,0.052,-0.176,0.395,0.167,0.228,1.086,0.03,1.056,0.255,0.198,0.056,-0.489,-0.749,-0.749,1.191,0.442,-0.0,-0.489,-0.297,-0.192,-0.489,-0.297,-0.192,0.413,-0.079,4.735,0.168,4.567,0.357,0.058,0.299,1.199,0.264,0.935,3.011,0.119,2.892,-0.159,-0.385,0.224,0.078,-1.452,-1.452,3.201,0.0,0.078,-0.301,0.379,0.078,-0.301,0.379,6.247,0.559,2.759,0.442,3.201,65802,32921,32881
201988,Patty Mills,2017,2.115,0.155,1.96,0.117,-0.372,0.489,0.601,0.31,0.291,1.242,0.281,0.961,-0.387,-0.527,0.139,0.487,0.055,0.055,2.215,2.27,-0.0,0.487,0.108,0.379,0.487,0.108,0.379,4.124,-0.047,0.022,0.056,-0.034,-0.272,0.019,-0.291,0.032,0.134,-0.102,0.206,0.077,0.129,-0.2,-0.268,0.07,0.782,0.31,0.31,0.604,0.914,0.0,0.782,0.447,0.335,0.782,0.447,0.335,1.636,0.159,2.137,0.211,1.926,-0.154,-0.352,0.198,0.633,0.444,0.189,1.447,0.358,1.089,-0.587,-0.795,0.209,1.269,0.365,0.365,3.184,0.0,1.269,0.555,0.714,1.269,0.555,0.714,5.76,0.112,2.27,0.914,3.184,29097,14597,14500
201980,Danny Green,2017,0.495,0.125,0.37,-0.932,-0.185,-0.747,0.393,0.107,0.286,0.909,0.139,0.77,-0.098,-0.199,0.096,0.542,-0.163,-0.163,0.939,0.776,0.0,0.542,-0.039,0.581,0.542,-0.039,0.581,1.383,-0.538,2.149,-0.061,2.21,1.03,-0.01,1.04,0.38,0.148,0.232,0.8,-0.01,0.81,0.614,0.54,0.073,0.01,-0.417,-0.417,2.773,2.356,0.0,0.01,-0.037,0.047,0.01,-0.037,0.047,1.356,0.703,2.644,0.064,2.58,0.098,-0.195,0.293,0.772,0.255,0.517,1.71,0.129,1.581,0.516,0.341,0.169,0.551,-0.58,-0.58,3.132,0.0,0.551,-0.076,0.627,0.551,-0.076,0.627,2.739,0.165,0.776,2.356,3.132,46354,23189,23165
201950,Jrue Holiday,2017,0.996,-0.17,1.166,0.434,0.092,0.342,0.393,0.103,0.29,0.339,0.005,0.334,-0.454,-0.092,-0.359,1.075,-0.768,-0.768,1.617,0.849,0.0,1.075,0.602,0.473,1.075,0.602,0.473,0.161,0.45,0.933,-0.182,1.115,0.137,0.127,0.01,-0.103,0.069,-0.172,1.081,-0.029,1.11,0.102,0.155,-0.054,0.436,0.703,0.703,1.471,2.174,0.0,0.436,-0.016,0.452,0.436,-0.016,0.452,1.37,0.345,1.929,-0.352,2.281,0.571,0.219,0.352,0.29,0.172,0.118,1.42,-0.024,1.444,-0.351,0.063,-0.414,1.511,-0.065,-0.065,3.023,0.0,1.511,0.586,0.925,1.511,0.586,0.925,1.531,0.795,0.849,2.174,3.023,36423,18239,18184
2546,Carmelo Anthony,2017,0.935,-0.052,0.987,-0.987,-0.208,-0.779,1.045,-0.157,1.202,0.929,0.006,0.923,0.764,0.538,0.223,1.477,1.27,1.27,3.176,4.446,0.0,1.477,0.81,0.667,1.477,0.81,0.667,-1.765,-0.883,-0.797,0.424,-1.221,-0.447,-0.122,-0.325,-0.292,-0.392,0.1,-0.482,-0.049,-0.433,-0.423,-0.405,-0.016,-0.519,0.304,0.304,-1.739,-1.435,-0.0,-0.519,-0.473,-0.046,-0.519,-0.473,-0.046,1.124,0.132,0.138,0.372,-0.234,-1.434,-0.33,-1.104,0.754,-0.549,1.303,0.446,-0.043,0.489,0.34,0.133,0.207,0.957,1.574,1.574,3.011,0.0,0.957,0.337,0.62,0.957,0.337,0.62,-0.641,-0.752,4.446,-1.435,3.011,47158,23606,23552
202330,Gordon Hayward,2017,1.135,-0.238,1.373,0.945,-0.012,0.957,0.497,0.285,0.212,-0.069,0.006,-0.075,1.19,0.878,0.309,0.457,0.153,0.153,2.782,2.935,0.0,0.457,0.322,0.135,0.457,0.322,0.135,0.425,0.5,-0.343,0.158,-0.501,-0.18,-0.116,-0.064,-0.16,0.007,-0.167,-0.161,0.052,-0.213,-0.198,-0.064,-0.135,-0.066,0.66,0.66,-0.607,0.053,-0.0,-0.066,0.288,-0.354,-0.066,0.288,-0.354,1.455,-0.092,0.793,-0.08,0.873,0.765,-0.128,0.893,0.337,0.292,0.045,-0.229,0.059,-0.288,0.992,0.814,0.174,0.391,0.813,0.813,2.988,0.0,0.391,0.61,-0.219,0.391,0.61,-0.219,1.88,0.408,2.935,0.053,2.988,49920,24999,24921
1717,Dirk Nowitzki,2017,2.06,-0.081,2.141,-0.468,-0.616,0.148,1.62,-0.647,2.267,0.989,-0.047,1.036,0.34,-0.493,0.831,1.455,-0.66,-0.66,3.855,3.195,0.0,1.455,0.427,1.028,1.455,0.427,1.028,1.957,-1.203,-0.48,0.023,-0.503,-0.058,0.371,-0.429,0.153,0.233,-0.08,-0.598,-0.081,-0.517,0.611,0.643,-0.032,-0.937,0.507,0.507,-0.806,-0.299,0.0,-0.937,-0.664,-0.273,-0.937,-0.664,-0.273,-1.272,0.617,1.581,-0.058,1.639,-0.526,-0.245,-0.281,1.773,-0.414,2.187,0.392,-0.128,0.52,0.95,0.15,0.799,0.517,-0.153,-0.153,2.896,0.0,0.517,-0.237,0.754,0.517,-0.237,0.754,0.685,-0.585,3.195,-0.299,2.896,42171,21268,20903
2754,Tony Allen,2017,-1.004,0.137,-1.141,0.261,0.676,-0.415,-1.206,-0.098,-1.108,-0.196,-0.265,0.069,0.09,0.23,-0.138,-0.55,1.168,1.168,-1.464,-0.296,0.0,-0.55,-0.251,-0.299,-0.55,-0.251,-0.299,-1.263,1.019,0.696,-0.333,1.029,0.143,-0.172,0.315,0.563,-0.04,0.603,0.323,0.023,0.3,-0.38,-0.287,-0.093,1.713,1.133,1.133,2.029,3.162,0.0,1.713,1.375,0.338,1.713,1.375,0.338,1.517,0.012,-0.309,-0.196,-0.113,0.403,0.503,-0.1,-0.643,-0.138,-0.505,0.127,-0.242,0.369,-0.289,-0.057,-0.231,1.163,2.302,2.302,2.866,-0.001,1.163,1.124,0.039,1.163,1.124,0.039,0.254,1.031,-0.296,3.162,2.865,35704,17687,18017
2594,Kyle Korver,2017,3.64,0.17,3.47,0.702,0.175,0.527,0.933,0.36,0.573,1.835,0.181,1.654,-0.82,-0.899,0.079,-0.391,-0.347,-0.347,2.429,2.082,-0.0,-0.391,-0.52,0.129,-0.391,-0.52,0.129,7.51,0.8,0.123,-0.017,0.14,0.323,0.035,0.288,-0.501,0.052,-0.553,0.318,-0.014,0.332,0.129,0.203,-0.075,0.049,0.417,0.417,0.301,0.718,0.0,0.049,-0.051,0.1,0.049,-0.051,0.1,-0.456,0.101,3.763,0.153,3.61,1.025,0.21,0.815,0.432,0.412,0.02,2.153,0.167,1.986,-0.691,-0.695,0.004,-0.342,0.07,0.07,2.8,-0.0,-0.342,-0.57,0.228,-0.342,-0.57,0.228,7.053,0.901,2.082,0.718,2.8,50265,25369,24896
201609,Goran Dragic,2017,1.229,0.003,1.226,1.337,0.269,1.068,-0.012,0.273,-0.285,-0.099,0.016,-0.115,0.539,0.349,0.192,0.793,0.356,0.356,2.561,2.917,-0.0,0.793,0.417,0.376,0.793,0.417,0.376,-0.596,0.125,0.925,0.12,0.805,-0.587,-0.265,-0.322,0.578,0.07,0.508,0.814,0.141,0.673,-0.423,-0.284,-0.138,0.079,-0.77,-0.77,0.581,-0.189,0.0,0.079,0.047,0.032,0.079,0.047,0.032,3.252,-0.17,2.155,0.123,2.032,0.75,0.004,0.746,0.566,0.344,0.222,0.716,0.158,0.558,0.116,0.064,0.054,0.872,-0.414,-0.414,2.728,-0.001,0.872,0.463,0.409,0.872,0.463,0.409,2.656,-0.045,2.917,-0.189,2.727,51418,25754,25664
202689,Kemba Walker,2017,-0.69,-0.443,-0.247,-0.878,0.143,-1.021,0.369,0.313,0.056,0.262,-0.0,0.262,0.966,0.385,0.579,1.864,0.061,0.061,2.14,2.201,0.0,1.864,1.377,0.487,1.864,1.377,0.487,-3.278,-0.63,0.006,0.132,-0.126,0.223,-0.001,0.224,0.026,-0.214,0.24,-0.375,-0.082,-0.293,0.104,0.123,-0.02,0.457,-0.088,-0.088,0.567,0.479,-0.0,0.457,-0.061,0.518,0.457,-0.061,0.518,-1.337,-0.223,-0.685,-0.311,-0.374,-0.655,0.142,-0.797,0.395,0.099,0.296,-0.114,-0.083,-0.031,1.07,0.508,0.559,2.321,-0.026,-0.026,2.68,0.0,2.321,1.316,1.005,2.321,1.316,1.005,-4.615,-0.853,2.201,0.479,2.68,52387,26211,26176
1627763,Malcolm Brogdon,2017,2.418,-0.049,2.467,0.768,0.212,0.556,-0.357,0.404,-0.761,2.056,0.017,2.039,-0.046,-0.025,-0.021,0.856,-0.826,-0.826,3.228,2.402,0.0,0.856,0.487,0.369,0.856,0.487,0.369,3.888,0.706,0.127,-0.109,0.236,-0.53,-0.236,-0.294,0.09,-0.194,0.284,0.676,0.039,0.637,0.016,-0.149,0.168,-0.014,0.068,0.068,0.129,0.197,0.0,-0.014,-0.034,0.02,-0.014,-0.034,0.02,0.157,-0.522,2.544,-0.158,2.702,0.237,-0.024,0.261,-0.267,0.21,-0.477,2.732,0.056,2.676,-0.03,-0.174,0.147,0.841,-0.759,-0.759,2.599,0.0,0.841,0.453,0.388,0.841,0.453,0.388,4.045,0.184,2.402,0.197,2.599,8288,4135,4153
203496,Robert Covington,2017,-0.48,0.154,-0.634,-0.916,-0.001,-0.915,0.321,0.683,-0.362,-0.039,0.258,-0.297,-0.233,-0.219,-0.016,0.063,0.53,0.53,-0.65,-0.12,-0.0,0.063,0.449,-0.386,0.063,0.449,-0.386,1.671,-0.093,1.527,0.131,1.396,0.862,0.034,0.828,0.128,-0.09,0.218,0.406,0.007,0.399,-0.352,-0.35,-0.003,1.062,0.463,0.463,2.237,2.7,0.0,1.062,0.252,0.81,1.062,0.252,0.81,1.287,0.202,1.047,0.285,0.762,-0.054,0.033,-0.087,0.449,0.593,-0.144,0.367,0.265,0.102,-0.584,-0.569,-0.019,1.125,0.993,0.993,2.58,0.0,1.125,0.701,0.424,1.125,0.701,0.424,2.958,0.109,-0.12,2.7,2.58,23922,11998,11924
201567,Kevin Love,2017,0.397,0.135,0.262,-0.299,0.106,-0.405,0.284,0.245,0.039,0.277,0.035,0.242,0.317,0.23,0.084,-0.103,1.087,1.087,0.611,1.698,0.0,-0.103,-0.433,0.33,-0.103,-0.433,0.33,2.056,0.759,-0.533,-0.086,-0.447,-0.97,-0.011,-0.959,-0.304,0.125,-0.429,0.827,-0.004,0.831,0.863,0.905,-0.041,-0.4,0.878,0.878,-0.07,0.808,0.0,-0.4,-0.293,-0.107,-0.4,-0.293,-0.107,-1.779,-0.515,-0.136,0.049,-0.185,-1.268,0.095,-1.363,-0.02,0.37,-0.39,1.103,0.031,1.072,1.18,1.136,0.044,-0.503,1.965,1.965,2.506,0.0,-0.503,-0.726,0.223,-0.503,-0.726,0.223,0.277,0.244,1.698,0.808,2.506,45066,22570,22496
1897,Metta World Peace,2017,0.361,0.146,0.215,-0.144,0.215,-0.359,0.779,0.508,0.271,-0.42,0.18,-0.6,-0.749,-0.131,-0.612,0.405,0.87,0.87,0.017,0.887,0.0,0.405,0.503,-0.098,0.405,0.503,-0.098,-0.27,-0.292,1.194,-0.11,1.304,0.491,0.141,0.35,0.379,0.094,0.285,0.434,-0.044,0.478,0.042,0.0,0.038,0.124,0.243,0.243,1.36,1.603,0.0,0.124,-0.192,0.316,0.124,-0.192,0.316,1.604,0.49,1.555,0.036,1.519,0.348,0.356,-0.008,1.158,0.602,0.556,0.013,0.135,-0.122,-0.706,-0.13,-0.574,0.528,1.113,1.113,2.49,0.0,0.528,0.311,0.217,0.528,0.311,0.217,1.334,0.198,0.887,1.603,2.49,14425,7197,7228
203484,Kentavious Caldwell-Pope,2017,-0.474,-0.31,-0.164,-0.095,-0.159,0.064,0.015,0.087,-0.072,-0.084,0.015,-0.099,0.203,0.209,-0.006,1.098,0.716,0.716,0.827,1.543,-0.0,1.098,0.427,0.671,1.098,0.427,0.671,-1.39,-0.372,0.603,-0.006,0.609,0.078,0.109,-0.031,0.193,0.159,0.034,0.338,0.075,0.263,-0.307,-0.188,-0.119,0.166,0.458,0.458,0.462,0.92,0.0,0.166,-0.107,0.273,0.166,-0.107,0.273,1.511,0.118,0.126,-0.316,0.442,-0.018,-0.051,0.033,0.207,0.245,-0.038,0.253,0.09,0.163,-0.104,0.021,-0.125,1.264,1.174,1.174,2.463,0.0,1.264,0.32,0.944,1.264,0.32,0.944,0.121,-0.254,1.543,0.92,2.463,37971,18960,19011
200746,LaMarcus Aldridge,2017,-1.561,-0.37,-1.191,-0.261,-0.463,0.202,-0.045,-1.28,1.235,-0.885,-0.301,-0.584,0.05,-0.347,0.398,0.641,2.004,2.004,-0.87,1.134,-0.0,0.641,0.53,0.111,0.641,0.53,0.111,-1.055,-0.668,1.112,-0.049,1.161,0.625,0.061,0.564,0.437,0.408,0.029,0.099,0.11,-0.011,0.093,0.2,-0.105,-0.169,0.266,0.266,1.036,1.302,0.0,-0.169,-0.055,-0.114,-0.169,-0.055,-0.114,0.859,0.277,-0.447,-0.419,-0.028,0.365,-0.401,0.766,0.393,-0.872,1.265,-0.786,-0.191,-0.595,0.144,-0.147,0.292,0.472,2.27,2.27,2.436,0.001,0.472,0.474,-0.002,0.472,0.474,-0.002,-0.196,-0.391,1.134,1.302,2.437,52965,26482,26483
200755,JJ Redick,2017,2.892,-0.117,3.009,-0.106,-0.268,0.162,1.897,0.365,1.532,1.218,0.156,1.062,0.489,0.57,-0.082,0.45,-0.894,-0.894,3.831,2.937,0.0,0.45,0.276,0.174,0.45,0.276,0.174,4.06,-0.04,0.322,0.03,0.292,-0.323,0.01,-0.333,-0.264,-0.007,-0.257,0.879,0.022,0.857,-0.147,-0.198,0.051,-0.636,-0.071,-0.071,-0.461,-0.532,-0.0,-0.636,-0.33,-0.306,-0.636,-0.33,-0.306,0.104,-0.279,3.214,-0.087,3.301,-0.429,-0.258,-0.171,1.633,0.358,1.275,2.097,0.178,1.919,0.342,0.373,-0.031,-0.187,-0.965,-0.965,2.405,0.0,-0.187,-0.054,-0.133,-0.187,-0.054,-0.133,4.164,-0.32,2.937,-0.532,2.405,44695,22444,22251
1495,Tim Duncan,2017,0.27,-0.276,0.546,0.28,-0.013,0.293,0.663,-0.641,1.304,-0.397,-0.246,-0.151,-0.273,-0.118,-0.157,-0.531,-0.136,-0.136,-0.534,-0.67,0.0,-0.531,-0.456,-0.075,-0.531,-0.456,-0.075,1.672,1.075,3.023,-0.071,3.094,1.971,0.246,1.725,1.432,0.611,0.821,-0.309,0.092,-0.401,0.719,0.581,0.136,-1.125,0.393,0.393,2.617,3.01,0.0,-1.125,-0.293,-0.832,-1.125,-0.293,-0.832,1.585,0.989,3.292,-0.347,3.639,2.25,0.232,2.018,2.095,-0.03,2.125,-0.706,-0.154,-0.552,0.446,0.463,-0.021,-1.655,0.257,0.257,2.34,0.0,-1.655,-0.749,-0.906,-1.655,-0.749,-0.906,3.256,2.065,-0.67,3.01,2.34,38219,19199,19020
201933,Blake Griffin,2017,0.773,-0.137,0.91,1.328,0.004,1.324,-1.107,-0.26,-0.847,0.689,-0.137,0.826,0.971,0.596,0.379,-0.163,0.422,0.422,1.581,2.003,0.0,-0.163,-0.052,-0.111,-0.163,-0.052,-0.111,2.81,0.677,-0.799,0.011,-0.81,-0.762,-0.07,-0.692,0.156,-0.031,0.187,-0.204,0.009,-0.213,-0.01,-0.022,0.011,0.242,0.875,0.875,-0.567,0.308,0.0,0.242,0.092,0.15,0.242,0.092,0.15,0.052,-0.341,-0.024,-0.126,0.102,0.567,-0.066,0.633,-0.95,-0.291,-0.659,0.485,-0.128,0.613,0.961,0.575,0.391,0.079,1.298,1.298,2.311,0.0,0.079,0.04,0.039,0.079,0.04,0.039,2.863,0.336,2.003,0.308,2.311,48483,24298,24185
203497,Rudy Gobert,2017,-1.103,-0.137,-0.966,0.137,0.123,0.014,-1.395,0.171,-1.566,0.292,-0.032,0.324,-0.319,0.318,-0.642,-1.423,0.994,0.994,-2.845,-1.851,-0.0,-1.423,-1.08,-0.343,-1.423,-1.08,-0.343,-2.98,0.144,3.784,-0.232,4.016,1.803,0.309,1.494,1.668,0.478,1.19,0.545,0.034,0.511,0.412,0.259,0.157,-0.278,0.218,0.218,3.918,4.136,0.0,-0.278,-0.096,-0.182,-0.278,-0.096,-0.182,3.387,1.174,2.681,-0.369,3.05,1.94,0.432,1.508,0.273,0.649,-0.376,0.837,0.002,0.835,0.093,0.577,-0.485,-1.701,1.213,1.213,2.285,0.001,-1.701,-1.177,-0.524,-1.701,-1.177,-0.524,0.407,1.317,-1.851,4.136,2.286,28092,14037,14055
101145,Monta Ellis,2017,1.683,0.065,1.618,0.857,0.342,0.515,0.063,0.071,-0.008,0.698,-0.072,0.77,0.215,0.315,-0.106,0.583,-0.061,-0.061,2.481,2.42,0.0,0.583,0.183,0.4,0.583,0.183,0.4,-1.565,0.356,0.331,0.229,0.102,-0.443,-0.14,-0.303,-0.211,-0.3,0.089,0.756,-0.002,0.758,-0.493,-0.469,-0.023,1.278,-1.25,-1.25,1.116,-0.134,-0.0,1.278,0.545,0.733,1.278,0.545,0.733,0.937,-0.319,2.015,0.294,1.721,0.414,0.202,0.212,-0.148,-0.229,0.081,1.455,-0.073,1.528,-0.278,-0.154,-0.129,1.862,-1.311,-1.311,2.286,0.0,1.862,0.728,1.134,1.862,0.728,1.134,-0.628,0.037,2.42,-0.134,2.286,56926,28454,28472
202703,Nikola Mirotic,2017,1.552,0.238,1.314,0.555,0.031,0.524,0.432,0.625,-0.193,0.327,0.172,0.155,0.717,0.419,0.297,-0.315,-0.009,-0.009,1.954,1.945,-0.0,-0.315,-0.388,0.073,-0.315,-0.388,0.073,1.553,0.434,0.465,0.059,0.406,-0.726,-0.217,-0.509,0.496,-0.075,0.571,0.636,0.055,0.581,0.005,-0.079,0.087,-0.101,-0.041,-0.041,0.369,0.328,0.0,-0.101,0.174,-0.275,-0.101,0.174,-0.275,0.676,-0.508,2.019,0.297,1.722,-0.17,-0.186,0.016,0.929,0.551,0.378,0.963,0.227,0.736,0.722,0.34,0.384,-0.416,-0.05,-0.05,2.273,0.0,-0.416,-0.214,-0.202,-0.416,-0.214,-0.202,2.229,-0.075,1.945,0.328,2.273,20506,10268,10238
203076,Anthony Davis,2017,-0.227,-0.158,-0.069,0.734,0.277,0.457,0.184,-0.382,0.566,-0.987,-0.258,-0.729,0.713,0.484,0.23,0.08,0.281,0.281,0.566,0.847,0.0,0.08,-0.272,0.352,0.08,-0.272,0.352,0.095,0.945,0.642,0.034,0.608,-0.326,-0.135,-0.191,0.701,-0.096,0.797,0.233,0.015,0.218,-0.104,-0.145,0.04,0.033,0.829,0.829,0.571,1.4,0.0,0.033,0.099,-0.066,0.033,0.099,-0.066,0.609,-0.119,0.417,-0.124,0.541,0.408,0.142,0.266,0.886,-0.477,1.363,-0.753,-0.243,-0.51,0.608,0.338,0.27,0.113,1.11,1.11,2.247,0.0,0.113,-0.173,0.286,0.113,-0.173,0.286,0.704,0.825,0.847,1.4,2.247,44661,22323,22338
1713,Vince Carter,2017,0.35,0.083,0.267,-0.356,0.001,-0.357,0.588,0.423,0.165,0.035,0.146,-0.111,0.645,0.473,0.171,1.046,0.148,0.148,2.041,2.189,0.0,1.046,0.389,0.657,1.046,0.389,0.657,-0.556,-0.281,0.423,-0.274,0.697,0.554,0.247,0.307,0.183,-0.373,0.556,-0.04,-0.116,0.076,-1.206,-1.339,0.13,0.007,0.813,0.813,-0.776,0.037,-0.0,0.007,-0.277,0.284,0.007,-0.277,0.284,2.602,1.032,0.773,-0.191,0.964,0.197,0.248,-0.051,0.772,0.051,0.721,-0.005,0.03,-0.035,-0.561,-0.865,0.302,1.054,0.961,0.961,2.226,0.0,1.054,0.111,0.943,1.054,0.111,0.943,2.046,0.751,2.189,0.037,2.226,33022,16565,16457
201168,Tiago Splitter,2017,-0.632,-0.013,-0.619,-0.416,0.569,-0.985,0.647,0.102,0.545,-0.85,-0.066,-0.784,-0.814,-0.489,-0.323,-0.118,0.029,0.029,-1.564,-1.535,0.0,-0.118,-0.291,0.173,-0.118,-0.291,0.173,0.492,1.52,2.578,-0.064,2.642,1.164,0.035,1.129,0.695,0.313,0.382,0.783,0.062,0.721,0.434,0.212,0.219,0.507,0.227,0.227,3.519,3.746,0.0,0.507,-0.127,0.634,0.507,-0.127,0.634,0.845,0.313,1.947,-0.077,2.024,0.749,0.604,0.145,1.342,0.415,0.927,-0.067,-0.004,-0.063,-0.379,-0.277,-0.104,0.389,0.256,0.256,2.211,0.0,0.389,-0.418,0.807,0.389,-0.418,0.807,1.337,1.833,-1.535,3.746,2.211,23114,11552,11562
2207,Joe Johnson,2017,2.091,-0.469,2.56,0.035,-0.617,0.652,1.486,-0.403,1.889,1.039,0.043,0.996,-0.357,-0.386,0.031,1.173,-0.402,-0.402,2.907,2.505,0.0,1.173,0.723,0.45,1.173,0.723,0.45,-1.197,-0.721,-0.21,0.208,-0.418,-0.356,-0.162,-0.194,-0.231,-0.114,-0.117,0.169,0.017,0.152,-0.118,0.12,-0.24,-0.182,0.068,0.068,-0.51,-0.442,0.0,-0.182,-0.103,-0.079,-0.182,-0.103,-0.079,0.975,-0.038,1.88,-0.261,2.141,-0.322,-0.78,0.458,1.254,-0.517,1.771,1.209,0.061,1.148,-0.475,-0.266,-0.209,0.991,-0.334,-0.334,2.063,0.0,0.991,0.62,0.371,0.991,0.62,0.371,-0.222,-0.758,2.505,-0.442,2.063,53944,27001,26943
203521,Matthew Dellavedova,2017,0.457,0.113,0.344,0.451,-0.229,0.68,0.056,0.276,-0.22,-0.163,0.15,-0.313,0.12,0.085,0.035,0.281,0.135,0.135,0.858,0.993,0.0,0.281,0.056,0.225,0.281,0.056,0.225,3.224,0.484,0.451,-0.428,0.879,0.581,0.352,0.229,-0.0,0.045,-0.045,0.298,-0.059,0.357,-0.268,-0.362,0.094,-0.086,0.93,0.93,0.097,1.027,-0.0,-0.086,-0.02,-0.066,-0.086,-0.02,-0.066,1.483,0.845,0.909,-0.315,1.224,1.033,0.123,0.91,0.056,0.321,-0.265,0.135,0.091,0.044,-0.148,-0.277,0.129,0.195,1.065,1.065,2.02,0.0,0.195,0.036,0.159,0.195,0.036,0.159,4.707,1.329,0.993,1.027,2.02,27929,13952,13977
201593,Nikola Pekovic,2017,-1.568,-0.092,-1.476,-0.352,0.376,-0.728,-0.776,-0.192,-0.584,-0.348,-0.134,-0.214,-0.495,-0.607,0.113,0.08,2.439,2.439,-1.983,0.456,0.0,0.08,-0.25,0.33,0.08,-0.25,0.33,0.091,0.667,0.097,-0.33,0.427,-0.225,0.045,-0.27,-0.037,0.429,-0.466,0.689,0.036,0.653,0.699,0.677,0.021,-0.27,1.018,1.018,0.526,1.544,0.0,-0.27,0.017,-0.287,-0.27,0.017,-0.287,0.077,0.062,-1.471,-0.422,-1.049,-0.578,0.421,-0.999,-0.813,0.236,-1.049,0.342,-0.097,0.439,0.204,0.07,0.134,-0.19,3.457,3.457,2.0,0.0,-0.19,-0.233,0.043,-0.19,-0.233,0.043,0.168,0.729,0.456,1.544,2.0,17894,8944,8950
2734,Devin Harris,2017,0.492,0.139,0.353,0.798,0.137,0.661,0.399,0.484,-0.085,-0.844,0.104,-0.948,0.779,0.882,-0.105,0.795,-0.574,-0.574,2.066,1.492,0.0,0.795,0.357,0.438,0.795,0.357,0.438,0.151,0.576,0.711,0.04,0.671,-0.017,0.109,-0.126,-0.122,-0.069,-0.053,0.81,-0.024,0.834,-0.406,-0.539,0.131,0.854,-0.669,-0.669,1.159,0.49,0.0,0.854,-0.205,1.059,0.854,-0.205,1.059,0.336,0.126,1.202,0.179,1.023,0.78,0.245,0.535,0.277,0.415,-0.138,-0.034,0.08,-0.114,0.373,0.343,0.027,1.649,-1.243,-1.243,1.982,-0.001,1.649,0.152,1.497,1.649,0.152,1.497,0.487,0.702,1.492,0.49,1.981,26613,13308,13305
101161,Amir Johnson,2017,-0.2,0.166,-0.366,-0.12,-0.173,0.053,-0.518,-0.441,-0.077,0.272,-0.038,0.31,-0.891,-0.79,-0.099,0.257,1.062,1.062,-0.834,0.228,-0.0,0.257,-0.047,0.304,0.257,-0.047,0.304,3.501,0.678,1.485,-0.011,1.496,1.594,0.072,1.522,-0.603,0.067,-0.67,0.505,-0.045,0.55,0.502,0.47,0.032,-0.143,-0.103,-0.103,1.844,1.741,0.0,-0.143,-0.11,-0.033,-0.143,-0.11,-0.033,0.293,0.608,1.286,0.155,1.131,1.475,-0.101,1.576,-1.121,-0.374,-0.747,0.777,-0.083,0.86,-0.389,-0.32,-0.067,0.114,0.958,0.958,1.969,0.001,0.114,-0.158,0.272,0.114,-0.158,0.272,3.794,1.286,0.228,1.741,1.97,40282,20094,20188
203077,Michael Kidd-Gilchrist,2017,-2.113,0.368,-2.481,-0.839,0.513,-1.352,-0.286,-0.308,0.022,-1.356,-0.226,-1.13,-0.261,-0.1,-0.161,0.122,1.663,1.663,-2.252,-0.589,0.0,0.122,0.264,-0.142,0.122,0.264,-0.142,0.869,0.996,0.368,0.046,0.322,0.987,-0.053,1.04,0.061,-0.084,0.145,-0.726,-0.074,-0.652,0.507,0.379,0.127,0.315,1.32,1.32,1.19,2.51,0.0,0.315,0.297,0.018,0.315,0.297,0.018,-1.525,0.497,-1.745,0.414,-2.159,0.148,0.46,-0.312,-0.225,-0.392,0.167,-2.082,-0.3,-1.782,0.245,0.279,-0.034,0.436,2.983,2.983,1.921,0.0,0.436,0.561,-0.125,0.436,0.561,-0.125,-0.656,1.493,-0.589,2.51,1.921,29756,14815,14941
2736,Luol Deng,2017,-0.121,-0.243,0.122,0.283,0.107,0.176,0.022,-0.031,0.053,-0.183,-0.098,-0.085,0.187,0.195,-0.007,0.246,0.479,0.479,0.312,0.791,0.0,0.246,0.032,0.214,0.246,0.032,0.214,0.498,0.534,0.481,0.093,0.388,-0.104,-0.029,-0.075,0.558,0.113,0.445,-0.066,0.04,-0.106,0.075,0.038,0.035,0.032,0.524,0.524,0.588,1.112,0.0,0.032,0.08,-0.048,0.032,0.08,-0.048,0.76,-0.147,0.36,-0.15,0.51,0.179,0.078,0.101,0.581,0.082,0.499,-0.25,-0.059,-0.191,0.261,0.233,0.028,0.277,1.003,1.003,1.903,0.001,0.277,0.113,0.164,0.277,0.113,0.164,1.258,0.387,0.791,1.112,1.904,46143,23058,23085
202738,Isaiah Thomas,2017,1.328,-0.06,1.388,0.831,0.177,0.654,0.72,0.834,-0.114,-0.163,0.13,-0.293,1.801,0.864,0.938,0.384,0.254,0.254,3.513,3.767,0.0,0.384,0.326,0.058,0.384,0.326,0.058,-1.074,-0.095,-0.602,0.105,-0.707,-0.767,0.1,-0.867,-0.387,-0.071,-0.316,0.447,-0.006,0.453,-0.552,-0.485,-0.068,-0.028,-0.698,-0.698,-1.182,-1.88,0.0,-0.028,-0.126,0.098,-0.028,-0.126,0.098,-0.531,-0.179,0.726,0.045,0.681,0.063,0.277,-0.214,0.333,0.763,-0.43,0.285,0.124,0.161,1.249,0.379,0.87,0.356,-0.444,-0.444,1.887,-0.001,0.356,0.201,0.155,0.356,0.201,0.155,-1.605,-0.273,3.767,-1.88,1.886,49322,24775,24547
201599,DeAndre Jordan,2017,2.306,0.363,1.943,0.98,-0.066,1.046,0.131,-0.538,0.669,0.832,-0.137,0.969,-1.838,0.086,-1.927,-0.226,0.966,0.966,0.242,1.208,0.0,-0.226,-0.39,0.164,-0.226,-0.39,0.164,2.461,1.307,0.758,-0.284,1.042,1.147,0.366,0.781,0.217,0.522,-0.305,-0.322,-0.038,-0.284,1.021,1.025,-0.001,-0.763,-0.379,-0.379,1.016,0.637,0.0,-0.763,-0.132,-0.631,-0.763,-0.132,-0.631,-3.487,0.362,3.063,0.079,2.984,2.127,0.3,1.827,0.347,-0.017,0.364,0.51,-0.175,0.685,-0.818,1.111,-1.928,-0.99,0.587,0.587,1.845,0.0,-0.99,-0.523,-0.467,-0.99,-0.523,-0.467,-1.026,1.669,1.208,0.637,1.845,55880,27909,27971
202328,Greg Monroe,2017,0.588,0.067,0.521,0.985,0.688,0.297,-0.954,-0.017,-0.937,0.49,-0.206,0.696,0.169,0.146,0.023,-0.363,1.122,1.122,0.394,1.516,0.0,-0.363,-0.324,-0.039,-0.363,-0.324,-0.039,0.691,1.825,-1.301,-0.029,-1.272,-1.288,-0.384,-0.904,-0.337,-0.332,-0.005,0.353,-0.045,0.398,0.352,0.346,0.007,0.566,0.704,0.704,-0.383,0.321,0.0,0.566,0.462,0.104,0.566,0.462,0.104,-3.102,-1.288,-0.716,0.038,-0.754,-0.303,0.304,-0.607,-1.292,-0.349,-0.943,0.841,-0.252,1.093,0.521,0.491,0.029,0.203,1.826,1.826,1.837,-0.001,0.203,0.138,0.065,0.203,0.138,0.065,-2.411,0.537,1.516,0.321,1.836,45149,22601,22548
201960,DeMarre Carroll,2017,-0.083,0.0,-0.083,0.542,-0.146,0.688,-0.505,-0.127,-0.378,-0.12,-0.008,-0.112,-0.1,-0.08,-0.021,-0.05,1.102,1.102,-0.233,0.869,-0.0,-0.05,0.128,-0.178,-0.05,0.128,-0.178,0.511,-0.127,0.423,0.228,0.195,-0.396,0.001,-0.397,0.197,-0.114,0.311,0.394,-0.034,0.428,0.1,0.239,-0.138,0.802,-0.466,-0.466,1.325,0.859,-0.0,0.802,0.561,0.241,0.802,0.561,0.241,-0.489,-0.248,0.34,0.228,0.112,0.146,-0.145,0.291,-0.308,-0.241,-0.067,0.274,-0.042,0.316,0.0,0.159,-0.16,0.752,0.636,0.636,1.728,-0.001,0.752,0.689,0.063,0.752,0.689,0.063,0.021,-0.374,0.869,0.859,1.727,37973,18959,19014
202326,DeMarcus Cousins,2017,1.002,-0.063,1.065,1.256,0.655,0.601,-0.443,0.524,-0.967,0.252,-0.107,0.359,0.831,0.982,-0.153,-1.309,-0.419,-0.419,0.524,0.105,-0.0,-1.309,-0.369,-0.94,-1.309,-0.369,-0.94,0.817,1.231,-0.121,-0.086,-0.035,0.045,0.207,-0.162,0.348,0.147,0.201,-0.428,-0.059,-0.369,0.52,0.548,-0.029,0.638,0.54,0.54,1.037,1.577,0.0,0.638,0.361,0.277,0.638,0.361,0.277,-1.621,0.042,0.881,-0.149,1.03,1.301,0.862,0.439,-0.095,0.671,-0.766,-0.176,-0.166,-0.01,1.351,1.53,-0.182,-0.671,0.121,0.121,1.682,0.0,-0.671,-0.008,-0.663,-0.671,-0.008,-0.663,-0.804,1.273,0.105,1.577,1.682,44582,22365,22217
2561,David West,2017,0.41,0.264,0.146,-0.332,-0.182,-0.15,0.758,-0.712,1.47,-0.28,-0.174,-0.106,-0.073,0.039,-0.111,0.133,-0.808,-0.808,0.47,-0.338,0.0,0.133,-0.132,0.265,0.133,-0.132,0.265,2.874,-0.078,1.596,0.19,1.406,0.201,0.016,0.185,0.665,0.15,0.515,0.54,0.059,0.481,-0.046,-0.039,-0.011,-0.142,0.605,0.605,1.408,2.013,0.0,-0.142,-0.138,-0.004,-0.142,-0.138,-0.004,0.803,0.23,2.006,0.454,1.552,-0.131,-0.166,0.035,1.423,-0.562,1.985,0.26,-0.115,0.375,-0.118,0.001,-0.121,-0.008,-0.204,-0.204,1.675,0.0,-0.008,-0.269,0.261,-0.008,-0.269,0.261,3.677,0.152,-0.338,2.013,1.675,40768,20412,20356
965,Derek Fisher,2017,1.256,0.169,1.087,-0.015,-0.217,0.202,0.287,0.3,-0.013,0.815,0.197,0.618,0.295,0.027,0.269,-0.21,-0.892,-0.892,1.341,0.449,0.0,-0.21,-0.012,-0.198,-0.21,-0.012,-0.198,-0.088,-0.421,0.519,0.19,0.329,-0.038,0.193,-0.231,-0.37,-0.106,-0.264,0.737,-0.017,0.754,-0.514,-0.529,0.014,0.727,0.432,0.432,0.732,1.164,0.0,0.727,-0.016,0.743,0.727,-0.016,0.743,1.985,0.238,1.775,0.359,1.416,-0.052,-0.024,-0.028,-0.083,0.195,-0.278,1.551,0.18,1.371,-0.219,-0.501,0.284,0.517,-0.461,-0.461,1.613,0.0,0.517,-0.028,0.545,0.517,-0.028,0.545,1.897,-0.182,0.449,1.164,1.613,9839,4921,4918
101236,Chuck Hayes,2017,-1.559,0.047,-1.606,-1.246,-0.199,-1.047,-0.673,-0.371,-0.302,0.313,-0.006,0.319,-0.008,-0.551,0.545,-0.037,1.151,1.151,-1.604,-0.453,-0.0,-0.037,0.24,-0.277,-0.037,0.24,-0.277,1.525,-0.173,0.865,-0.191,1.056,0.113,0.401,-0.288,0.496,0.076,0.42,0.447,-0.083,0.53,-0.11,-0.131,0.02,0.682,0.6,0.6,1.437,2.037,0.0,0.682,0.376,0.306,0.682,0.376,0.306,0.883,0.449,-0.694,-0.144,-0.55,-1.133,0.202,-1.335,-0.177,-0.295,0.118,0.76,-0.089,0.849,-0.118,-0.682,0.565,0.645,1.752,1.752,1.584,0.0,0.645,0.617,0.028,0.645,0.617,0.028,2.408,0.276,-0.453,2.037,1.584,8605,4285,4320
2555,Nick Collison,2017,-0.34,0.069,-0.409,-0.728,-0.181,-0.547,0.117,-0.287,0.404,0.202,0.024,0.178,-0.269,-0.272,0.003,-0.26,0.484,0.484,-0.869,-0.385,0.0,-0.26,0.144,-0.404,-0.26,0.144,-0.404,-0.953,-0.409,0.769,-0.389,1.158,0.543,0.449,0.094,0.969,0.266,0.703,-0.354,-0.074,-0.28,0.05,-0.132,0.182,0.624,0.459,0.459,1.443,1.902,-0.0,0.624,-0.139,0.763,0.624,-0.139,0.763,0.923,0.697,0.429,-0.32,0.749,-0.185,0.268,-0.453,1.085,-0.021,1.106,-0.151,-0.05,-0.101,-0.219,-0.405,0.185,0.364,0.943,0.943,1.517,0.001,0.364,0.004,0.36,0.364,0.004,0.36,-0.031,0.288,-0.385,1.902,1.518,20575,10296,10279
203928,Cory Jefferson,2017,-0.455,-0.088,-0.367,-0.961,-0.2,-0.761,0.129,-0.183,0.312,0.465,-0.073,0.538,-0.381,0.143,-0.526,-0.262,1.355,1.355,-1.098,0.257,0.0,-0.262,-0.552,0.29,-0.262,-0.552,0.29,-0.473,-0.687,1.432,-0.094,1.526,0.571,0.042,0.529,0.283,-0.047,0.33,0.672,0.007,0.665,-0.055,-0.062,0.008,-0.01,-0.113,-0.113,1.367,1.254,0.0,-0.01,0.082,-0.092,-0.01,0.082,-0.092,1.559,0.21,0.977,-0.182,1.159,-0.389,-0.157,-0.232,0.411,-0.231,0.642,1.137,-0.066,1.203,-0.436,0.081,-0.518,-0.271,1.242,1.242,1.511,0.0,-0.271,-0.47,0.199,-0.271,-0.47,0.199,1.086,-0.478,0.257,1.254,1.511,2250,1124,1126
201979,Nick Calathes,2017,0.852,0.23,0.622,0.512,0.279,0.233,0.961,0.021,0.94,-0.851,-0.11,-0.741,-0.256,0.007,-0.261,-0.538,-0.795,-0.795,0.058,-0.737,0.0,-0.538,-0.411,-0.127,-0.538,-0.411,-0.127,0.684,0.674,1.528,-0.162,1.69,0.594,0.061,0.533,0.61,0.082,0.528,0.486,0.043,0.443,-0.189,-0.13,-0.058,0.48,0.421,0.421,1.819,2.24,0.0,0.48,0.29,0.19,0.48,0.29,0.19,2.6,0.458,2.381,0.068,2.313,1.107,0.34,0.767,1.571,0.103,1.468,-0.365,-0.067,-0.298,-0.444,-0.123,-0.319,-0.058,-0.374,-0.374,1.503,0.0,-0.058,-0.12,0.062,-0.058,-0.12,0.062,3.284,1.131,-0.737,2.24,1.503,7925,3957,3968
1626157,Karl-Anthony Towns,2017,1.584,-0.171,1.755,0.433,-0.045,0.478,0.97,-0.185,1.155,0.352,-0.029,0.381,-0.021,-0.218,0.191,-0.237,1.64,1.64,1.326,2.966,0.0,-0.237,-0.101,-0.136,-0.237,-0.101,-0.136,2.617,0.487,-0.817,-0.093,-0.724,-0.039,-0.058,0.019,-0.267,-0.097,-0.17,-0.418,0.018,-0.436,-0.02,-0.059,0.039,-0.731,0.057,0.057,-1.568,-1.511,0.0,-0.731,-0.235,-0.496,-0.731,-0.235,-0.496,-0.952,-0.121,0.766,-0.264,1.03,0.394,-0.103,0.497,0.702,-0.283,0.985,-0.066,-0.01,-0.056,-0.041,-0.277,0.23,-0.968,1.697,1.697,1.455,-0.001,-0.968,-0.336,-0.632,-0.968,-0.336,-0.632,1.664,0.366,2.966,-1.511,1.454,22043,11018,11025
202083,Wesley Matthews,2017,0.256,-0.121,0.377,-0.615,-0.506,-0.109,-0.283,-0.015,-0.268,1.275,0.112,1.163,0.414,0.077,0.338,0.693,0.128,0.128,1.363,1.491,0.0,0.693,0.153,0.54,0.693,0.153,0.54,0.835,-0.945,0.458,0.078,0.38,-0.13,0.077,-0.207,-0.272,0.183,-0.455,0.782,0.034,0.748,-0.045,0.076,-0.123,-0.103,-0.358,-0.358,0.31,-0.048,-0.0,-0.103,-0.543,0.44,-0.103,-0.543,0.44,0.785,0.101,0.715,-0.043,0.758,-0.745,-0.429,-0.316,-0.556,0.168,-0.724,2.059,0.147,1.912,0.369,0.154,0.214,0.59,-0.229,-0.229,1.443,0.0,0.59,-0.39,0.98,0.59,-0.39,0.98,1.62,-0.845,1.491,-0.048,1.443,49768,24875,24893
203078,Bradley Beal,2017,1.469,-0.157,1.626,0.359,0.042,0.317,0.301,-0.096,0.397,0.966,-0.015,0.981,-0.295,-0.379,0.085,0.018,-0.03,-0.03,1.192,1.162,-0.0,0.018,0.417,-0.399,0.018,0.417,-0.399,1.657,0.07,0.844,0.261,0.583,-0.419,0.194,-0.613,0.498,0.038,0.46,0.504,-0.001,0.505,-0.277,-0.227,-0.048,-0.107,-0.198,-0.198,0.46,0.262,0.0,-0.107,0.098,-0.205,-0.107,0.098,-0.205,0.349,-0.203,2.314,0.104,2.21,-0.061,0.236,-0.297,0.799,-0.058,0.857,1.472,-0.015,1.487,-0.572,-0.607,0.036,-0.089,-0.228,-0.228,1.424,-0.0,-0.089,0.515,-0.604,-0.089,0.515,-0.604,2.006,-0.132,1.162,0.262,1.424,47440,23740,23700
201143,Al Horford,2017,2.374,0.353,2.021,0.453,-0.155,0.608,0.797,-0.22,1.017,0.771,0.047,0.724,-0.676,-0.874,0.199,-0.053,-1.052,-1.052,1.645,0.593,0.0,-0.053,-0.113,0.06,-0.053,-0.113,0.06,5.731,0.736,0.878,0.001,0.877,0.054,0.012,0.042,0.696,0.248,0.448,0.127,-0.024,0.151,0.652,0.901,-0.25,-0.622,-0.098,-0.098,0.908,0.81,0.0,-0.622,-0.006,-0.616,-0.622,-0.006,-0.616,-1.433,-0.205,3.253,0.354,2.899,0.507,-0.143,0.65,1.493,0.028,1.465,0.899,0.024,0.875,-0.024,0.027,-0.051,-0.675,-1.15,-1.15,1.403,0.0,-0.675,-0.119,-0.556,-0.675,-0.119,-0.556,4.298,0.532,0.593,0.81,1.403,48635,24389,24246
201954,Darren Collison,2017,1.531,0.095,1.436,0.527,0.073,0.454,0.555,0.128,0.427,0.354,-0.012,0.366,0.868,0.531,0.336,0.876,-0.903,-0.903,3.275,2.372,0.0,0.876,0.396,0.48,0.876,0.396,0.48,-0.573,0.073,-0.038,0.103,-0.141,-0.726,0.037,-0.763,0.063,-0.033,0.096,0.522,0.003,0.519,-0.333,-0.228,-0.107,0.135,-0.747,-0.747,-0.236,-0.983,0.0,0.135,-0.015,0.15,0.135,-0.015,0.15,0.035,-0.337,1.494,0.198,1.296,-0.198,0.11,-0.308,0.618,0.096,0.522,0.876,-0.009,0.885,0.535,0.303,0.228,1.011,-1.65,-1.65,1.389,0.0,1.011,0.381,0.63,1.011,0.381,0.63,-0.537,-0.264,2.372,-0.983,1.389,41480,20753,20727
200757,Thabo Sefolosha,2017,-1.297,-0.007,-1.29,-0.324,0.05,-0.374,-0.422,0.023,-0.445,-0.544,-0.03,-0.514,0.149,0.122,0.028,-0.348,0.263,0.263,-1.496,-1.233,0.0,-0.348,-0.112,-0.236,-0.348,-0.112,-0.236,-2.073,-0.288,0.318,0.033,0.285,0.383,0.032,0.351,0.025,0.002,0.023,-0.123,-0.029,-0.094,0.261,0.103,0.158,0.835,1.141,1.141,1.414,2.555,0.0,0.835,0.674,0.161,0.835,0.674,0.161,1.26,0.34,-0.978,0.026,-1.004,0.06,0.083,-0.023,-0.396,0.025,-0.421,-0.668,-0.06,-0.608,0.411,0.225,0.187,0.487,1.404,1.404,1.322,0.0,0.487,0.562,-0.075,0.487,0.562,-0.075,-0.814,0.052,-1.233,2.555,1.322,34610,17218,17392
202407,Elijah Millsap,2017,-1.096,-0.094,-1.002,-0.396,-0.123,-0.273,-0.678,0.121,-0.799,0.072,-0.049,0.121,0.256,0.804,-0.546,-0.192,0.681,0.681,-1.032,-0.351,0.0,-0.192,-0.08,-0.112,-0.192,-0.08,-0.112,-2.321,-0.23,1.534,-0.1,1.634,0.342,0.052,0.29,0.773,-0.162,0.935,0.519,-0.022,0.541,-0.237,-0.401,0.166,0.206,0.143,0.143,1.503,1.646,-0.0,0.206,0.14,0.066,0.206,0.14,0.066,0.963,0.209,0.439,-0.194,0.633,-0.054,-0.07,0.016,0.096,-0.04,0.136,0.591,-0.071,0.662,0.019,0.402,-0.379,0.014,0.824,0.824,1.295,-0.001,0.014,0.061,-0.047,0.014,0.061,-0.047,-1.359,-0.021,-0.351,1.646,1.294,4113,2035,2078
1627884,Derrick Jones Jr.,2017,0.459,-0.221,0.68,0.508,-0.125,0.633,0.168,-0.056,0.224,0.004,-0.056,0.06,-0.117,0.205,-0.32,0.103,0.485,0.485,0.445,0.93,0.0,0.103,0.196,-0.093,0.103,0.196,-0.093,-0.13,0.211,0.738,-0.046,0.784,0.38,-0.072,0.452,-0.099,-0.022,-0.077,0.503,0.032,0.471,-0.243,-0.123,-0.116,-0.059,-0.115,-0.115,0.436,0.321,0.0,-0.059,-0.074,0.015,-0.059,-0.074,0.015,0.766,-0.182,1.198,-0.267,1.465,0.888,-0.196,1.084,0.07,-0.078,0.148,0.507,-0.024,0.531,-0.36,0.082,-0.436,0.044,0.37,0.37,1.251,0.0,0.044,0.122,-0.078,0.044,0.122,-0.078,0.636,0.03,0.93,0.321,1.251,2259,1129,1130
203460,Andre Roberson,2017,-0.022,-0.06,0.038,0.71,0.128,0.582,0.322,0.158,0.164,-0.994,0.003,-0.997,-0.491,-0.152,-0.339,-0.502,-0.034,-0.034,-1.015,-1.049,0.0,-0.502,-0.075,-0.427,-0.502,-0.075,-0.427,-1.7,0.417,1.415,-0.037,1.452,0.062,0.003,0.059,0.574,-0.042,0.616,0.816,0.008,0.808,0.032,0.134,-0.103,0.412,0.438,0.438,1.859,2.297,0.0,0.412,0.214,0.198,0.412,0.214,0.198,2.102,0.238,1.392,-0.097,1.489,0.772,0.131,0.641,0.895,0.115,0.78,-0.178,0.011,-0.189,-0.459,-0.018,-0.442,-0.09,0.404,0.404,1.248,0.0,-0.09,0.14,-0.23,-0.09,0.14,-0.23,0.402,0.655,-1.049,2.297,1.248,24986,12421,12565
201162,Jared Dudley,2017,0.03,0.155,-0.125,0.019,0.12,-0.101,0.302,0.132,0.17,-0.446,0.074,-0.52,-0.227,-0.288,0.06,-0.072,-0.758,-0.758,-0.269,-1.027,0.0,-0.072,-0.046,-0.026,-0.072,-0.046,-0.026,3.109,0.448,0.774,0.123,0.651,0.217,0.049,0.168,0.294,0.168,0.126,0.14,0.027,0.113,0.185,0.158,0.026,1.04,0.263,0.263,1.999,2.262,0.0,1.04,0.817,0.223,1.04,0.817,0.223,1.267,0.122,0.803,0.278,0.525,0.235,0.168,0.067,0.595,0.3,0.295,-0.305,0.101,-0.406,-0.042,-0.129,0.086,0.968,-0.495,-0.495,1.235,0.0,0.968,0.771,0.197,0.968,0.771,0.197,4.376,0.57,-1.027,2.262,1.235,36178,18131,18047
1627785,Isaiah Whitehead,2017,0.949,-0.234,1.183,0.66,0.353,0.307,0.65,0.555,0.095,-0.127,0.044,-0.171,0.132,0.023,0.11,-0.456,0.072,0.072,0.625,0.697,0.0,-0.456,0.005,-0.461,-0.456,0.005,-0.461,0.361,0.294,1.006,-0.015,1.021,0.729,0.28,0.449,0.061,0.063,-0.002,0.231,-0.018,0.249,-0.128,-0.199,0.073,-0.124,-0.252,-0.252,0.754,0.502,0.0,-0.124,-0.361,0.237,-0.124,-0.361,0.237,2.033,0.865,1.955,-0.249,2.204,1.389,0.633,0.756,0.711,0.618,0.093,0.104,0.026,0.078,0.004,-0.177,0.183,-0.58,-0.179,-0.179,1.199,0.0,-0.58,-0.356,-0.224,-0.58,-0.356,-0.224,2.394,1.16,0.697,0.502,1.199,6738,3360,3378
201586,Serge Ibaka,2017,0.724,0.075,0.649,-0.533,-0.477,-0.056,0.754,-0.661,1.415,0.428,-0.025,0.453,-0.489,-0.762,0.27,-0.393,-0.186,-0.186,-0.158,-0.344,0.0,-0.393,0.192,-0.585,-0.393,0.192,-0.585,1.788,-0.981,2.14,0.066,2.074,1.256,-0.12,1.376,0.796,-0.011,0.807,0.022,-0.008,0.03,0.188,0.325,-0.136,-0.883,0.085,0.085,1.445,1.53,-0.0,-0.883,-0.393,-0.49,-0.883,-0.393,-0.49,0.731,0.51,2.865,0.141,2.724,0.723,-0.597,1.32,1.551,-0.672,2.223,0.45,-0.033,0.483,-0.301,-0.437,0.134,-1.276,-0.101,-0.101,1.186,-0.0,-1.276,-0.201,-1.075,-1.276,-0.201,-1.075,2.518,-0.471,-0.344,1.53,1.186,55398,27728,27670
201583,Ryan Anderson,2017,1.218,-0.151,1.369,0.427,0.22,0.207,0.474,0.858,-0.384,0.468,0.273,0.195,0.255,-0.273,0.528,0.748,1.02,1.02,2.221,3.241,0.0,0.748,0.572,0.176,0.748,0.572,0.176,2.301,0.505,-1.227,-0.204,-1.023,-0.416,-0.406,-0.01,-0.217,-0.219,0.002,-0.39,-0.022,-0.368,0.181,0.355,-0.174,-0.588,-0.424,-0.424,-1.634,-2.058,0.0,-0.588,-0.48,-0.108,-0.588,-0.48,-0.108,-0.194,-0.755,-0.01,-0.355,0.345,0.01,-0.187,0.197,0.257,0.639,-0.382,0.078,0.251,-0.173,0.437,0.082,0.354,0.159,0.596,0.596,1.183,-0.001,0.159,0.092,0.067,0.159,0.092,0.067,2.107,-0.251,3.241,-2.058,1.182,36586,18332,18254
2568,Carlos Delfino,2017,1.088,-0.199,1.287,-0.178,-0.025,-0.153,1.098,0.708,0.39,0.367,0.37,-0.003,-0.084,-0.293,0.218,0.065,-0.376,-0.376,1.069,0.693,0.0,0.065,0.102,-0.037,0.065,0.102,-0.037,2.143,-0.595,0.525,0.104,0.421,0.22,0.072,0.148,-0.07,-0.233,0.163,0.271,-0.097,0.368,-0.106,-0.15,0.041,0.272,-0.212,-0.212,0.691,0.479,-0.0,0.272,0.156,0.116,0.272,0.156,0.116,1.623,0.299,1.612,-0.095,1.707,0.041,0.047,-0.006,1.029,0.476,0.553,0.637,0.273,0.364,-0.189,-0.443,0.259,0.337,-0.588,-0.588,1.172,-0.0,0.337,0.259,0.078,0.337,0.259,0.078,3.765,-0.295,0.693,0.479,1.172,7088,3549,3539
202702,Kenneth Faried,2017,0.281,-0.062,0.343,0.491,0.383,0.108,-0.364,-0.014,-0.35,0.216,-0.067,0.283,-0.502,-0.119,-0.383,0.188,2.452,2.452,-0.033,2.419,0.0,0.188,-0.261,0.449,0.188,-0.261,0.449,2.508,1.491,-2.032,-0.399,-1.633,0.226,-0.227,0.453,-1.042,0.009,-1.051,-0.817,-0.009,-0.808,0.227,0.374,-0.147,-0.271,0.809,0.809,-2.076,-1.267,0.0,-0.271,-0.272,0.001,-0.271,-0.272,0.001,-2.042,-0.011,-1.75,-0.461,-1.289,0.717,0.156,0.561,-1.405,-0.005,-1.4,-0.601,-0.076,-0.525,-0.275,0.255,-0.53,-0.083,3.261,3.261,1.152,-0.0,-0.083,-0.533,0.45,-0.083,-0.533,0.45,0.466,1.48,2.419,-1.267,1.152,38575,19258,19317
201596,Mario Chalmers,2017,1.133,-0.059,1.192,0.326,0.168,0.158,0.698,0.308,0.39,0.168,0.06,0.108,0.383,0.37,0.016,-0.303,-0.619,-0.619,1.213,0.594,-0.0,-0.303,-0.248,-0.055,-0.303,-0.248,-0.055,1.201,0.216,-0.373,-0.061,-0.312,-0.134,-0.169,0.035,-0.439,-0.436,-0.003,0.261,-0.047,0.308,-0.8,-0.934,0.134,1.501,0.217,0.217,0.328,0.545,0.0,1.501,0.868,0.633,1.501,0.868,0.633,1.873,0.259,0.76,-0.12,0.88,0.192,-0.001,0.193,0.259,-0.128,0.387,0.429,0.013,0.416,-0.417,-0.564,0.15,1.198,-0.402,-0.402,1.139,0.0,1.198,0.619,0.579,1.198,0.619,0.579,3.074,0.475,0.594,0.545,1.139,34657,17342,17315
203506,Victor Oladipo,2017,0.155,0.13,0.025,-0.374,0.315,-0.689,0.221,0.327,-0.106,0.178,-0.015,0.193,0.17,0.205,-0.035,-0.384,-0.279,-0.279,-0.059,-0.338,0.0,-0.384,0.075,-0.459,-0.384,0.075,-0.459,-1.644,-0.053,0.482,-0.168,0.65,0.457,-0.124,0.581,-0.132,-0.234,0.102,0.325,-0.02,0.345,-0.154,-0.153,-0.0,0.816,0.328,0.328,1.144,1.472,0.0,0.816,0.702,0.114,0.816,0.702,0.114,1.669,0.322,0.638,-0.038,0.676,0.083,0.191,-0.108,0.089,0.093,-0.004,0.504,-0.035,0.539,0.016,0.052,-0.036,0.432,0.049,0.049,1.134,-0.001,0.432,0.777,-0.345,0.432,0.777,-0.345,0.025,0.269,-0.338,1.472,1.133,38209,19099,19110
708,Kevin Garnett,2017,-2.246,-0.078,-2.168,-0.652,-0.32,-0.332,-0.279,-0.903,0.624,-1.237,-0.188,-1.049,-0.297,-0.645,0.353,-0.281,-0.975,-0.975,-2.824,-3.799,0.0,-0.281,-0.092,-0.189,-0.281,-0.092,-0.189,1.228,-0.402,3.019,0.014,3.005,1.442,0.333,1.109,1.362,0.201,1.161,0.201,-0.082,0.283,0.391,0.505,-0.117,0.905,0.594,0.594,4.315,4.909,-0.0,0.905,0.619,0.286,0.905,0.619,0.286,2.091,1.402,0.772,-0.064,0.836,0.789,0.013,0.776,1.084,-0.701,1.785,-1.037,-0.27,-0.767,0.094,-0.14,0.237,0.624,-0.382,-0.382,1.11,-0.0,0.624,0.527,0.097,0.624,0.527,0.097,3.32,1.001,-3.799,4.909,1.11,18945,9468,9477
203512,Lucas Nogueira,2017,1.187,0.398,0.789,0.535,0.2,0.335,-0.221,0.04,-0.261,0.475,-0.052,0.527,-0.204,-0.284,0.079,0.463,-0.463,-0.463,1.446,0.983,-0.0,0.463,0.281,0.182,0.463,0.281,0.182,-3.191,0.334,1.288,-0.122,1.41,0.51,-0.099,0.609,0.374,-0.14,0.514,0.526,-0.027,0.553,0.085,0.334,-0.247,-0.502,-0.747,-0.747,0.871,0.124,0.0,-0.502,0.04,-0.542,-0.502,0.04,-0.542,0.415,0.071,2.476,0.276,2.2,1.045,0.101,0.944,0.154,-0.1,0.254,1.001,-0.079,1.08,-0.119,0.05,-0.168,-0.039,-1.21,-1.21,1.107,-0.0,-0.039,0.32,-0.359,-0.039,0.32,-0.359,-2.776,0.405,0.983,0.124,1.107,5332,2662,2670
2730,Dwight Howard,2017,0.993,0.159,0.834,1.325,0.266,1.059,-0.094,-0.146,0.052,-0.397,-0.191,-0.206,-0.937,1.004,-1.941,-2.356,1.481,1.481,-2.3,-0.819,-0.0,-2.356,-1.342,-1.014,-2.356,-1.342,-1.014,-1.796,1.212,1.203,-0.252,1.455,0.525,0.381,0.144,0.876,0.497,0.379,0.054,-0.046,0.1,0.549,0.884,-0.335,-0.309,0.483,0.483,1.443,1.926,-0.0,-0.309,0.392,-0.701,-0.309,0.392,-0.701,-1.284,0.445,2.195,-0.093,2.288,1.849,0.647,1.202,0.782,0.351,0.431,-0.343,-0.237,-0.106,-0.388,1.888,-2.276,-2.665,1.964,1.964,1.107,-0.001,-2.665,-0.95,-1.715,-2.665,-0.95,-1.715,-3.08,1.657,-0.819,1.926,1.106,47620,23849,23771
101139,CJ Miles,2017,0.744,0.042,0.702,-0.5,-0.272,-0.228,0.735,0.38,0.355,0.467,0.226,0.241,0.172,-0.142,0.312,0.402,-0.087,-0.087,1.318,1.231,0.0,0.402,0.266,0.136,0.402,0.266,0.136,2.008,-0.623,-0.185,-0.054,-0.131,-0.049,0.145,-0.194,-0.032,-0.097,0.065,-0.05,-0.009,-0.041,-0.682,-0.667,-0.014,0.46,0.282,0.282,-0.407,-0.125,0.0,0.46,0.056,0.404,0.46,0.056,0.404,1.032,0.09,0.559,-0.012,0.571,-0.549,-0.127,-0.422,0.703,0.283,0.42,0.417,0.216,0.201,-0.511,-0.809,0.298,0.862,0.195,0.195,1.106,0.0,0.862,0.322,0.54,0.862,0.322,0.54,3.04,-0.533,1.231,-0.125,1.106,29633,14855,14778
204028,Tarik Black,2017,-1.254,-0.076,-1.178,-0.117,-0.035,-0.082,-0.834,-0.18,-0.654,-0.227,-0.051,-0.176,-0.192,-0.166,-0.028,-1.054,2.124,2.124,-2.5,-0.376,-0.0,-1.054,-0.592,-0.462,-1.054,-0.592,-0.462,-2.111,0.053,0.761,-0.304,1.065,0.62,0.158,0.462,0.305,0.069,0.236,0.14,-0.029,0.169,0.047,-0.03,0.079,-0.191,0.861,0.861,0.617,1.478,0.0,-0.191,0.055,-0.246,-0.191,0.055,-0.246,-1.006,0.476,-0.491,-0.38,-0.111,0.503,0.123,0.38,-0.529,-0.111,-0.418,-0.085,-0.079,-0.006,-0.145,-0.196,0.051,-1.245,2.985,2.985,1.102,0.0,-1.245,-0.537,-0.708,-1.245,-0.537,-0.708,-3.117,0.529,-0.376,1.478,1.102,10733,5344,5389
1885,Lamar Odom,2017,-0.991,0.002,-0.993,-0.183,0.055,-0.238,0.436,-0.192,0.628,-1.246,0.055,-1.301,-0.923,-0.811,-0.103,-0.43,1.248,1.248,-2.344,-1.096,0.0,-0.43,-0.215,-0.215,-0.43,-0.215,-0.215,2.24,0.647,1.738,-0.045,1.783,0.586,0.192,0.394,0.424,0.033,0.391,0.773,-0.065,0.838,0.014,-0.013,0.023,0.71,-0.28,-0.28,2.462,2.182,0.0,0.71,0.519,0.191,0.71,0.519,0.191,0.633,0.373,0.745,-0.043,0.788,0.401,0.246,0.155,0.86,-0.159,1.019,-0.473,-0.01,-0.463,-0.909,-0.824,-0.08,0.28,0.967,0.967,1.086,0.001,0.28,0.304,-0.024,0.28,0.304,-0.024,2.874,1.02,-1.096,2.182,1.087,6527,3256,3271
202697,Iman Shumpert,2017,0.288,-0.089,0.377,-0.016,-0.158,0.142,0.513,0.196,0.317,-0.12,0.122,-0.242,-0.219,-0.187,-0.034,0.212,-0.524,-0.524,0.281,-0.243,0.0,0.212,0.391,-0.179,0.212,0.391,-0.179,-0.551,-0.582,1.842,-0.054,1.896,-0.289,0.088,-0.377,1.028,-0.102,1.13,1.157,-0.039,1.196,-0.181,-0.279,0.099,0.473,-0.812,-0.812,2.134,1.322,0.0,0.473,0.102,0.371,0.473,0.102,0.371,2.512,0.017,2.131,-0.143,2.274,-0.306,-0.071,-0.235,1.542,0.095,1.447,1.038,0.083,0.955,-0.4,-0.466,0.065,0.685,-1.336,-1.336,1.079,0.001,0.685,0.493,0.192,0.685,0.493,0.192,1.961,-0.565,-0.243,1.322,1.08,35548,17675,17873
203507,Giannis Antetokounmpo,2017,1.073,0.159,0.914,1.245,0.552,0.693,0.05,0.205,-0.155,-0.381,-0.174,-0.207,0.688,0.793,-0.11,-0.141,-0.327,-0.327,1.62,1.293,0.0,-0.141,0.302,-0.443,-0.141,0.302,-0.443,-1.144,1.097,-0.505,-0.189,-0.316,0.835,-0.136,0.971,-0.51,-0.32,-0.19,-0.641,-0.069,-0.572,-0.143,-0.045,-0.093,0.824,-0.399,-0.399,0.176,-0.223,0.0,0.824,0.662,0.162,0.824,0.662,0.162,-1.813,0.03,0.567,-0.03,0.597,2.078,0.415,1.663,-0.46,-0.115,-0.345,-1.021,-0.243,-0.778,0.545,0.748,-0.204,0.683,-0.727,-0.727,1.07,0.001,0.683,0.963,-0.28,0.683,0.963,-0.28,-2.958,1.127,1.293,-0.223,1.071,40230,20130,20100
951,Ray Allen,2017,1.131,-0.225,1.356,-0.227,-0.056,-0.171,0.151,0.491,-0.34,1.432,0.191,1.241,0.813,0.545,0.272,0.978,-0.176,-0.176,2.922,2.746,0.0,0.978,0.444,0.534,0.978,0.444,0.534,-0.69,-0.68,-1.189,0.031,-1.22,-0.004,-0.187,0.183,-0.499,-0.309,-0.19,-0.717,-0.041,-0.676,-0.391,-0.448,0.054,-0.052,-0.044,-0.044,-1.632,-1.676,0.0,-0.052,-0.068,0.016,-0.052,-0.068,0.016,0.264,0.168,-0.059,-0.194,0.135,-0.232,-0.244,0.012,-0.348,0.182,-0.53,0.715,0.15,0.565,0.422,0.098,0.326,0.926,-0.22,-0.22,1.07,0.0,0.926,0.376,0.55,0.926,0.376,0.55,-0.426,-0.512,2.746,-1.676,1.07,18512,9284,9228
2399,Mike Dunleavy,2017,0.742,-0.143,0.885,-0.148,0.038,-0.186,0.818,0.183,0.635,0.215,0.078,0.137,-0.096,-0.321,0.227,0.068,-0.6,-0.6,0.714,0.114,0.0,0.068,-0.272,0.34,0.068,-0.272,0.34,3.256,0.128,0.429,-0.053,0.482,0.437,0.105,0.332,0.281,0.076,0.205,-0.236,-0.03,-0.206,0.139,0.191,-0.051,-0.206,0.583,0.583,0.362,0.945,-0.0,-0.206,-0.387,0.181,-0.206,-0.387,0.181,0.822,0.63,1.172,-0.196,1.368,0.289,0.143,0.146,1.1,0.26,0.84,-0.021,0.048,-0.069,0.042,-0.13,0.176,-0.138,-0.016,-0.016,1.059,-0.0,-0.138,-0.659,0.521,-0.138,-0.659,0.521,4.078,0.757,0.114,0.945,1.059,32897,16468,16429
203544,Pero Antic,2017,-0.264,0.141,-0.405,-0.684,-0.216,-0.468,0.194,0.883,-0.689,0.085,0.375,-0.29,0.36,0.336,0.023,0.236,-0.545,-0.545,0.332,-0.213,0.0,0.236,0.71,-0.474,0.236,0.71,-0.474,0.666,-0.941,0.163,0.129,0.034,-0.034,0.108,-0.142,0.319,-0.155,0.474,-0.251,-0.03,-0.221,-0.431,-0.411,-0.02,0.67,0.861,0.861,0.402,1.263,0.0,0.67,0.147,0.523,0.67,0.147,0.523,-0.004,0.211,-0.1,0.27,-0.37,-0.718,-0.108,-0.61,0.514,0.728,-0.214,-0.166,0.345,-0.511,-0.071,-0.075,0.004,0.906,0.316,0.316,1.05,0.0,0.906,0.858,0.048,0.906,0.858,0.048,0.662,-0.73,-0.213,1.263,1.05,9028,4536,4492
203490,Otto Porter Jr.,2017,0.468,-0.138,0.606,0.246,-0.087,0.333,0.705,0.228,0.477,-0.345,0.037,-0.382,0.327,0.27,0.055,0.065,0.545,0.545,0.86,1.405,-0.0,0.065,-0.117,0.182,0.065,-0.117,0.182,0.702,0.214,-1.523,-0.013,-1.51,-0.518,-0.012,-0.506,0.028,-0.108,0.136,-1.02,0.018,-1.038,-0.146,-0.353,0.21,0.75,0.558,0.558,-0.919,-0.361,-0.0,0.75,0.165,0.585,0.75,0.165,0.585,0.267,0.175,-1.055,-0.151,-0.904,-0.272,-0.099,-0.173,0.733,0.12,0.613,-1.365,0.055,-1.42,0.181,-0.083,0.265,0.815,1.104,1.104,1.044,-0.0,0.815,0.048,0.767,0.815,0.048,0.767,0.969,0.389,1.405,-0.361,1.044,29325,14657,14668
1889,Andre Miller,2017,1.754,-0.146,1.9,1.595,0.918,0.677,0.22,0.135,0.085,0.085,-0.222,0.307,0.247,0.293,-0.042,-0.748,0.396,0.396,1.253,1.649,0.0,-0.748,-0.512,-0.236,-0.748,-0.512,-0.236,0.911,1.795,0.454,0.21,0.244,0.263,0.147,0.116,0.104,-0.188,0.292,-0.123,-0.149,0.026,0.181,0.06,0.119,-0.52,-0.726,-0.726,0.115,-0.611,0.0,-0.52,-0.371,-0.149,-0.52,-0.371,-0.149,-0.556,0.354,2.206,0.064,2.142,1.857,1.064,0.793,0.323,-0.053,0.376,-0.038,-0.371,0.333,0.429,0.354,0.077,-1.267,-0.33,-0.33,1.038,0.0,-1.267,-0.884,-0.383,-1.267,-0.884,-0.383,0.355,2.149,1.649,-0.611,1.038,19536,9770,9766
202340,Avery Bradley,2017,1.65,-0.052,1.702,-0.267,-0.023,-0.244,1.081,-0.134,1.215,0.888,-0.045,0.933,-0.238,-0.24,0.004,0.421,-1.034,-1.034,1.833,0.799,0.0,0.421,-0.091,0.512,0.421,-0.091,0.512,2.15,-0.062,0.254,0.037,0.217,0.079,-0.071,0.15,0.049,-0.013,0.062,0.089,0.047,0.042,-0.119,-0.077,-0.043,0.536,-0.448,-0.448,0.671,0.223,-0.0,0.536,-0.003,0.539,0.536,-0.003,0.539,-0.381,-0.253,1.904,-0.015,1.919,-0.188,-0.094,-0.094,1.13,-0.147,1.277,0.977,0.002,0.975,-0.358,-0.317,-0.04,0.957,-1.482,-1.482,1.022,0.0,0.957,-0.094,1.051,0.957,-0.094,1.051,1.769,-0.316,0.799,0.223,1.022,43613,21808,21805
203901,Elfrid Payton,2017,1.017,0.094,0.923,0.406,0.44,-0.034,0.762,-0.028,0.79,-0.245,-0.134,-0.111,-0.599,-0.003,-0.598,1.106,-0.154,-0.154,1.524,1.37,0.0,1.106,0.491,0.615,1.106,0.491,0.615,1.134,0.62,-0.915,-0.325,-0.59,-0.044,-0.105,0.061,0.102,-0.142,0.244,-0.648,-0.024,-0.624,0.147,-0.045,0.196,0.238,0.153,0.153,-0.53,-0.377,0.0,0.238,0.565,-0.327,0.238,0.565,-0.327,-0.999,-0.166,0.104,-0.231,0.335,0.363,0.336,0.027,0.864,-0.17,1.034,-0.892,-0.158,-0.734,-0.452,-0.048,-0.402,1.345,-0.001,-0.001,0.993,-0.0,1.345,1.056,0.289,1.345,1.056,0.289,0.135,0.454,1.37,-0.377,0.993,27634,13797,13837
201188,Marc Gasol,2017,0.321,0.159,0.162,0.005,-0.392,0.397,0.296,-0.514,0.81,-0.139,-0.075,-0.064,0.71,0.329,0.382,-0.413,-1.347,-1.347,0.618,-0.729,0.0,-0.413,-0.431,0.018,-0.413,-0.431,0.018,1.916,-0.103,0.18,0.112,0.068,0.194,0.31,-0.116,0.218,0.264,-0.046,-0.344,-0.014,-0.33,0.345,0.546,-0.201,-0.037,1.202,1.202,0.488,1.69,0.0,-0.037,-0.141,0.104,-0.037,-0.141,0.104,0.299,0.545,0.502,0.271,0.231,0.201,-0.081,0.282,0.514,-0.25,0.764,-0.484,-0.089,-0.395,1.056,0.875,0.181,-0.45,-0.145,-0.145,0.961,0.0,-0.45,-0.571,0.121,-0.45,-0.571,0.121,2.215,0.441,-0.729,1.69,0.961,49666,24859,24807
202704,Reggie Jackson,2017,-0.14,-0.052,-0.088,0.673,0.025,0.648,0.157,0.304,-0.147,-0.918,0.09,-1.008,0.166,0.114,0.05,0.905,-0.067,-0.067,0.931,0.864,-0.0,0.905,0.401,0.504,0.905,0.401,0.504,-3.061,-0.386,0.456,0.184,0.272,0.102,0.037,0.065,0.01,-0.065,0.075,0.16,-0.013,0.173,-0.178,-0.134,-0.045,-0.226,0.031,0.031,0.052,0.083,-0.0,-0.226,0.026,-0.252,-0.226,0.026,-0.252,-0.527,-0.055,0.316,0.132,0.184,0.775,0.062,0.713,0.167,0.239,-0.072,-0.758,0.077,-0.835,-0.012,-0.019,0.005,0.679,-0.036,-0.036,0.947,-0.0,0.679,0.427,0.252,0.679,0.427,0.252,-3.588,-0.441,0.864,0.083,0.947,40278,20135,20143
2403,Nene,2017,-0.068,-0.141,0.073,1.14,0.174,0.966,-0.224,-0.095,-0.129,-0.843,-0.159,-0.684,-0.494,0.438,-0.932,-0.938,-0.992,-0.992,-1.5,-2.492,0.0,-0.938,-0.547,-0.391,-0.938,-0.547,-0.391,0.348,0.824,0.544,-0.09,0.634,0.234,0.155,0.079,0.417,0.144,0.273,-0.017,-0.028,0.011,-0.035,0.252,-0.286,0.601,2.319,2.319,1.11,3.429,0.0,0.601,0.198,0.403,0.601,0.198,0.403,2.007,0.737,0.477,-0.231,0.708,1.375,0.33,1.045,0.193,0.049,0.144,-0.86,-0.187,-0.673,-0.529,0.689,-1.218,-0.337,1.327,1.327,0.937,0.0,-0.337,-0.349,0.012,-0.337,-0.349,0.012,2.355,1.562,-2.492,3.429,0.937,31276,15651,15625
201572,Brook Lopez,2017,-0.182,-0.092,-0.09,0.377,0.09,0.287,-0.174,-0.355,0.181,-0.293,-0.175,-0.118,0.619,0.25,0.367,-0.35,-0.174,-0.174,0.087,-0.087,-0.0,-0.35,0.116,-0.466,-0.35,0.116,-0.466,-0.185,0.196,1.142,-0.086,1.228,0.853,0.125,0.728,1.02,0.454,0.566,-0.645,0.032,-0.677,0.71,0.852,-0.142,-1.424,0.592,0.592,0.428,1.02,0.0,-1.424,-0.814,-0.61,-1.424,-0.814,-0.61,-1.514,-0.221,0.959,-0.178,1.137,1.23,0.215,1.015,0.845,0.098,0.747,-0.938,-0.143,-0.795,1.329,1.102,0.225,-1.774,0.418,0.418,0.933,-0.001,-1.774,-0.698,-1.076,-1.774,-0.698,-1.076,-1.698,-0.025,-0.087,1.02,0.932,39247,19727,19520
202329,Al-Farouq Aminu,2017,-0.775,0.116,-0.891,-0.627,0.208,-0.835,-0.4,-0.084,-0.316,0.136,-0.115,0.251,-0.028,0.242,-0.269,-0.13,0.747,0.747,-0.933,-0.186,0.0,-0.13,0.238,-0.368,-0.13,0.238,-0.368,-0.681,0.285,0.179,0.164,0.015,-0.138,-0.07,-0.068,-0.135,-0.094,-0.041,0.288,-0.032,0.32,0.278,0.021,0.254,0.573,0.079,0.079,1.03,1.109,0.0,0.573,0.134,0.439,0.573,0.134,0.439,0.059,0.159,-0.598,0.28,-0.878,-0.765,0.138,-0.903,-0.535,-0.178,-0.357,0.422,-0.148,0.57,0.25,0.263,-0.015,0.443,0.825,0.825,0.923,0.0,0.443,0.372,0.071,0.443,0.372,0.071,-0.622,0.444,-0.186,1.109,0.923,39618,19714,19904
1627855,Okaro White,2017,0.271,0.086,0.185,-0.882,-0.241,-0.641,0.666,0.084,0.582,0.401,0.026,0.375,0.287,0.086,0.208,0.303,0.394,0.394,0.861,1.255,0.0,0.303,0.42,-0.117,0.303,0.42,-0.117,-1.417,-0.924,0.329,-0.116,0.445,0.322,-0.086,0.408,-0.314,-0.009,-0.305,0.437,0.064,0.373,-0.338,-0.422,0.085,0.156,-0.496,-0.496,0.147,-0.349,0.0,0.156,0.219,-0.063,0.156,0.219,-0.063,1.802,0.089,0.599,-0.03,0.629,-0.56,-0.327,-0.233,0.351,0.074,0.277,0.838,0.091,0.747,-0.051,-0.336,0.292,0.459,-0.102,-0.102,0.906,0.0,0.459,0.639,-0.18,0.459,0.639,-0.18,0.385,-0.835,1.255,-0.349,0.906,1800,890,910
203096,Jared Sullinger,2017,-1.704,-0.052,-1.652,-0.472,-0.343,-0.129,-0.663,-0.41,-0.253,-0.517,0.041,-0.558,-0.938,-0.864,-0.07,-0.048,2.327,2.327,-2.69,-0.363,0.0,-0.048,0.193,-0.241,-0.048,0.193,-0.241,0.551,-0.529,0.628,-0.073,0.701,-0.039,0.165,-0.204,0.843,0.215,0.628,-0.103,0.046,-0.149,0.055,-0.121,0.177,-0.007,0.583,0.583,0.676,1.259,0.0,-0.007,0.005,-0.012,-0.007,0.005,-0.012,1.143,0.335,-1.076,-0.125,-0.951,-0.511,-0.178,-0.333,0.18,-0.195,0.375,-0.62,0.087,-0.707,-0.883,-0.986,0.107,-0.055,2.911,2.911,0.896,0.0,-0.055,0.198,-0.253,-0.055,0.198,-0.253,1.693,-0.194,-0.363,1.259,0.896,26182,13143,13039
201229,Anthony Tolliver,2017,1.305,0.03,1.275,-0.121,-0.073,-0.048,0.16,0.488,-0.328,1.236,0.224,1.012,-0.364,-0.13,-0.235,0.285,-0.7,-0.7,1.226,0.526,0.0,0.285,0.031,0.254,0.285,0.031,0.254,2.149,-0.312,-0.529,0.2,-0.729,-0.269,-0.038,-0.231,-0.083,-0.015,-0.068,-0.377,0.02,-0.397,-0.01,0.055,-0.065,0.227,0.675,0.675,-0.312,0.363,0.0,0.227,-0.163,0.39,0.227,-0.163,0.39,0.543,-0.098,0.776,0.23,0.546,-0.389,-0.11,-0.279,0.076,0.473,-0.397,0.859,0.244,0.615,-0.374,-0.076,-0.3,0.512,-0.025,-0.025,0.889,0.0,0.512,-0.131,0.643,0.512,-0.131,0.643,2.692,-0.411,0.526,0.363,0.889,25541,12779,12762
203918,Rodney Hood,2017,0.679,0.185,0.494,-0.397,-0.28,-0.117,0.097,-0.062,0.159,0.794,0.08,0.714,-0.163,-0.338,0.172,-0.028,0.355,0.355,0.488,0.843,0.0,-0.028,0.433,-0.461,-0.028,0.433,-0.461,-2.014,-0.683,0.677,0.115,0.562,-0.146,0.226,-0.372,0.682,0.208,0.474,0.026,0.014,0.012,-0.056,-0.028,-0.026,-0.474,-0.106,-0.106,0.147,0.041,-0.0,-0.474,-0.077,-0.397,-0.474,-0.077,-0.397,1.224,0.376,1.356,0.3,1.056,-0.543,-0.054,-0.489,0.779,0.146,0.633,0.82,0.094,0.726,-0.219,-0.366,0.146,-0.502,0.249,0.249,0.884,0.0,-0.502,0.356,-0.858,-0.502,0.356,-0.858,-0.79,-0.307,0.843,0.041,0.884,20370,10191,10179
201959,Taj Gibson,2017,-1.327,0.512,-1.839,-0.55,0.163,-0.713,-0.15,-0.594,0.444,-1.139,-0.193,-0.946,0.172,-0.018,0.191,-0.499,1.892,1.892,-1.654,0.238,0.0,-0.499,-0.016,-0.483,-0.499,-0.016,-0.483,-1.231,0.161,1.157,-0.452,1.609,0.681,-0.084,0.765,0.91,0.207,0.703,0.018,0.055,-0.037,0.021,0.055,-0.032,-0.519,-0.024,-0.024,0.659,0.635,0.0,-0.519,-0.033,-0.486,-0.519,-0.033,-0.486,0.944,0.093,-0.169,0.06,-0.229,0.132,0.08,0.052,0.759,-0.388,1.147,-1.12,-0.137,-0.983,0.193,0.037,0.159,-1.018,1.867,1.867,0.873,0.0,-1.018,-0.049,-0.969,-1.018,-0.049,-0.969,-0.287,0.254,0.238,0.635,0.873,38114,18960,19154
1718,Paul Pierce,2017,0.737,0.06,0.677,-0.304,0.085,-0.389,0.873,0.323,0.55,0.108,0.069,0.039,0.543,0.351,0.194,-0.357,-1.773,-1.773,0.923,-0.85,-0.0,-0.357,-0.125,-0.232,-0.357,-0.125,-0.232,-0.229,-0.261,1.41,0.161,1.249,0.34,0.216,0.124,0.806,0.006,0.8,0.103,-0.055,0.158,-0.246,-0.066,-0.182,0.341,0.201,0.201,1.505,1.706,0.0,0.341,0.312,0.029,0.341,0.312,0.029,1.719,0.537,2.148,0.221,1.927,0.037,0.301,-0.264,1.679,0.329,1.35,0.211,0.014,0.197,0.297,0.284,0.012,-0.016,-1.571,-1.571,0.856,-0.0,-0.016,0.187,-0.203,-0.016,0.187,-0.203,1.49,0.276,-0.85,1.706,0.856,35177,17646,17531
203934,Lamar Patterson,2017,0.543,0.46,0.083,-0.698,0.096,-0.794,0.898,0.331,0.567,-0.117,0.035,-0.152,0.424,0.319,0.11,-0.099,0.209,0.209,0.868,1.077,-0.0,-0.099,0.217,-0.316,-0.099,0.217,-0.316,-0.147,0.006,-0.602,-0.134,-0.468,0.027,0.027,0.0,-0.726,-0.098,-0.628,0.231,0.012,0.219,-0.16,-0.286,0.127,0.232,0.303,0.303,-0.53,-0.227,0.0,0.232,0.278,-0.046,0.232,0.278,-0.046,0.127,-0.067,-0.059,0.326,-0.385,-0.67,0.123,-0.793,0.172,0.233,-0.061,0.113,0.046,0.067,0.264,0.033,0.237,0.133,0.512,0.512,0.85,-0.0,0.133,0.495,-0.362,0.133,0.495,-0.362,-0.02,-0.061,1.077,-0.227,0.85,1780,889,891
203932,Aaron Gordon,2017,0.293,0.203,0.09,0.543,0.186,0.357,0.019,0.075,-0.056,-0.472,-0.027,-0.445,-0.272,-0.117,-0.158,0.518,0.868,0.868,0.539,1.407,0.0,0.518,0.635,-0.117,0.518,0.635,-0.117,1.064,0.703,-0.646,-0.107,-0.539,-0.194,-0.168,-0.026,-0.1,-0.13,0.03,-0.245,0.019,-0.264,-0.269,-0.16,-0.108,0.06,0.295,0.295,-0.855,-0.56,0.0,0.06,0.135,-0.075,0.06,0.135,-0.075,-0.004,-0.188,-0.353,0.096,-0.449,0.349,0.018,0.331,-0.082,-0.056,-0.026,-0.716,-0.008,-0.708,-0.541,-0.277,-0.266,0.578,1.163,1.163,0.847,0.0,0.578,0.77,-0.192,0.578,0.77,-0.192,1.06,0.514,1.407,-0.56,0.847,19615,9758,9857
1626196,Josh Richardson,2017,0.334,0.127,0.207,0.162,-0.048,0.21,-0.568,-0.035,-0.533,0.613,-0.001,0.614,-0.408,-0.251,-0.157,0.251,0.316,0.316,0.177,0.493,-0.0,0.251,0.179,0.072,0.251,0.179,0.072,0.015,-0.152,0.053,-0.308,0.361,0.44,-0.117,0.557,0.305,-0.003,0.308,-0.384,0.087,-0.471,-0.411,-0.45,0.04,0.35,0.361,0.361,-0.008,0.353,0.0,0.35,0.219,0.131,0.35,0.219,0.131,2.427,0.091,0.387,-0.181,0.568,0.603,-0.164,0.767,-0.263,-0.039,-0.224,0.228,0.086,0.142,-0.819,-0.701,-0.117,0.601,0.677,0.677,0.846,-0.0,0.601,0.398,0.203,0.601,0.398,0.203,2.443,-0.061,0.493,0.353,0.846,11875,5929,5946
101114,Deron Williams,2017,1.626,0.009,1.617,-0.145,-0.163,0.018,1.259,0.422,0.837,0.503,0.203,0.3,0.256,0.151,0.108,0.514,-1.218,-1.218,2.396,1.178,0.0,0.514,0.061,0.453,0.514,0.061,0.453,2.914,-0.127,-0.414,0.313,-0.727,-0.39,0.109,-0.499,0.301,-0.01,0.311,-0.638,0.011,-0.649,-0.202,-0.463,0.258,0.422,-0.17,-0.17,-0.194,-0.364,0.0,0.422,0.052,0.37,0.422,0.052,0.37,-0.435,0.22,1.213,0.322,0.891,-0.535,-0.054,-0.481,1.56,0.412,1.148,-0.134,0.215,-0.349,0.054,-0.312,0.366,0.935,-1.388,-1.388,0.814,0.0,0.935,0.113,0.822,0.935,0.113,0.822,2.479,0.093,1.178,-0.364,0.814,45531,22797,22734
203113,Quincy Miller,2017,0.54,-0.071,0.611,-0.057,0.18,-0.237,0.712,0.266,0.446,-0.044,-0.015,-0.029,-0.023,0.027,-0.047,0.06,0.142,0.142,0.577,0.719,0.0,0.06,0.135,-0.075,0.06,0.135,-0.075,0.067,0.482,-0.501,-0.181,-0.32,-0.084,-0.148,0.064,-0.305,-0.187,-0.118,0.069,0.015,0.054,-0.161,-0.244,0.085,0.078,0.661,0.661,-0.584,0.077,0.0,0.078,0.263,-0.185,0.078,0.263,-0.185,-0.026,-0.072,0.038,-0.252,0.29,-0.142,0.032,-0.174,0.407,0.079,0.328,0.025,-0.0,0.025,-0.184,-0.217,0.038,0.138,0.803,0.803,0.796,0.0,0.138,0.398,-0.26,0.138,0.398,-0.26,0.041,0.41,0.719,0.077,0.796,3784,1884,1900
203121,Darius Miller,2017,-0.056,-0.008,-0.048,0.323,0.04,0.283,-0.026,0.101,-0.127,-0.345,0.001,-0.346,0.398,0.364,0.04,0.036,-0.977,-0.977,0.378,-0.599,0.0,0.036,0.518,-0.482,0.036,0.518,-0.482,-0.735,0.008,0.278,0.305,-0.027,0.543,0.149,0.394,-0.034,-0.13,0.096,-0.536,-0.045,-0.491,-0.219,-0.312,0.092,0.204,1.131,1.131,0.263,1.394,-0.0,0.204,0.053,0.151,0.204,0.053,0.151,0.951,0.43,0.221,0.297,-0.076,0.866,0.189,0.677,-0.061,-0.029,-0.032,-0.881,-0.044,-0.837,0.179,0.052,0.132,0.24,0.154,0.154,0.795,-0.0,0.24,0.571,-0.331,0.24,0.571,-0.331,0.216,0.439,-0.599,1.394,0.795,5390,2695,2695
203143,Pablo Prigioni,2017,0.943,-0.033,0.976,-0.278,-0.326,0.048,0.444,0.173,0.271,0.81,0.266,0.544,-0.78,-0.878,0.101,0.223,-0.403,-0.403,0.386,-0.017,0.0,0.223,-0.085,0.308,0.223,-0.085,0.308,2.192,-0.543,-0.797,-0.212,-0.585,-0.14,-0.083,-0.057,-0.529,-0.141,-0.388,0.084,-0.061,0.145,0.031,0.076,-0.045,1.264,0.304,0.304,0.498,0.802,0.0,1.264,0.758,0.506,1.264,0.758,0.506,1.69,0.072,0.149,-0.245,0.394,-0.416,-0.408,-0.008,-0.084,0.033,-0.117,0.894,0.205,0.689,-0.749,-0.802,0.056,1.487,-0.099,-0.099,0.785,0.001,1.487,0.673,0.814,1.487,0.673,0.814,3.882,-0.471,-0.017,0.802,0.786,19146,9563,9583
2747,JR Smith,2017,0.804,-0.107,0.911,-0.322,-0.312,-0.01,-0.093,0.304,-0.397,1.326,0.235,1.091,-0.32,-0.077,-0.242,0.694,0.03,0.03,1.178,1.208,0.0,0.694,0.381,0.313,0.694,0.381,0.313,-0.3,-1.119,0.613,0.08,0.533,0.097,-0.162,0.259,0.019,-0.323,0.342,0.417,-0.018,0.435,-0.807,-0.836,0.028,0.44,-0.679,-0.679,0.246,-0.433,0.0,0.44,0.193,0.247,0.44,0.193,0.247,2.313,0.298,1.416,-0.027,1.443,-0.225,-0.474,0.249,-0.074,-0.019,-0.055,1.742,0.216,1.526,-1.127,-0.913,-0.213,1.135,-0.649,-0.649,0.775,0.0,1.135,0.575,0.56,1.135,0.575,0.56,2.014,-0.821,1.208,-0.433,0.775,48501,24258,24243
2216,Zach Randolph,2017,-1.521,-0.025,-1.496,-0.445,-0.085,-0.36,-0.07,-0.762,0.692,-0.981,-0.222,-0.759,-0.178,-0.132,-0.045,-0.132,2.339,2.339,-1.831,0.508,0.0,-0.132,0.143,-0.275,-0.132,0.143,-0.275,-2.282,-0.396,-0.363,-0.216,-0.147,-0.769,-0.088,-0.681,0.777,0.123,0.654,-0.155,0.004,-0.159,0.491,0.512,-0.022,0.13,-0.009,-0.009,0.258,0.249,0.0,0.13,-0.172,0.302,0.13,-0.172,0.302,-0.157,-0.035,-1.883,-0.241,-1.642,-1.213,-0.173,-1.04,0.707,-0.639,1.346,-1.136,-0.217,-0.919,0.313,0.38,-0.067,-0.002,2.33,2.33,0.757,0.001,-0.002,-0.029,0.027,-0.002,-0.029,0.027,-2.44,-0.431,0.508,0.249,0.758,47547,23833,23714
203526,Raul Neto,2017,1.075,0.078,0.997,0.492,0.208,0.284,0.302,0.178,0.124,0.203,-0.01,0.213,-0.252,-0.092,-0.159,-0.166,-1.085,-1.085,0.657,-0.428,0.0,-0.166,-0.453,0.287,-0.166,-0.453,0.287,0.724,0.638,0.213,-0.103,0.316,0.476,0.034,0.442,-0.784,0.073,-0.857,0.624,0.007,0.617,0.186,0.205,-0.017,0.43,0.357,0.357,0.829,1.186,0.0,0.43,0.565,-0.135,0.43,0.565,-0.135,1.334,0.274,1.29,-0.025,1.315,0.968,0.242,0.726,-0.481,0.252,-0.733,0.828,-0.002,0.83,-0.066,0.113,-0.175,0.264,-0.728,-0.728,0.758,0.0,0.264,0.112,0.152,0.264,0.112,0.152,2.057,0.912,-0.428,1.186,0.758,7142,3556,3586
1712,Antawn Jamison,2017,-0.242,0.14,-0.382,-0.723,-0.152,-0.571,0.278,0.431,-0.153,0.063,0.208,-0.145,0.169,0.383,-0.209,0.638,0.027,0.027,0.565,0.592,-0.0,0.638,0.48,0.158,0.638,0.48,0.158,0.809,-0.305,0.865,0.026,0.839,-0.072,-0.087,0.015,0.447,0.075,0.372,0.464,0.0,0.464,0.011,0.107,-0.1,-0.447,-0.271,-0.271,0.429,0.158,0.0,-0.447,-0.388,-0.059,-0.447,-0.388,-0.059,0.886,0.127,0.623,0.166,0.457,-0.794,-0.238,-0.556,0.724,0.506,0.218,0.527,0.209,0.318,0.18,0.491,-0.309,0.191,-0.244,-0.244,0.75,0.0,0.191,0.092,0.099,0.191,0.092,0.099,1.695,-0.178,0.592,0.158,0.75,7741,3867,3874
203935,Marcus Smart,2017,-1.055,0.059,-1.114,0.021,0.19,-0.169,-0.337,0.614,-0.951,-0.798,0.063,-0.861,0.702,0.726,-0.025,0.412,0.133,0.133,0.059,0.192,0.0,0.412,0.23,0.182,0.412,0.23,0.182,1.076,0.368,-0.113,-0.064,-0.049,-0.155,0.067,-0.222,-0.273,-0.298,0.025,0.379,-0.038,0.417,-0.637,-0.652,0.015,0.775,0.533,0.533,0.025,0.558,0.0,0.775,0.033,0.742,0.775,0.033,0.742,2.931,0.55,-1.168,-0.005,-1.163,-0.134,0.257,-0.391,-0.61,0.316,-0.926,-0.419,0.025,-0.444,0.065,0.073,-0.01,1.187,0.666,0.666,0.75,0.0,1.187,0.264,0.923,1.187,0.264,0.923,4.007,0.917,0.192,0.558,0.75,26619,13259,13360
200782,P.J. Tucker,2017,-1.335,-0.019,-1.316,-0.475,-0.163,-0.312,-0.579,-0.076,-0.503,-0.262,-0.011,-0.251,0.291,0.336,-0.049,0.013,1.01,1.01,-1.031,-0.021,0.0,0.013,-0.169,0.182,0.013,-0.169,0.182,-3.099,-0.889,0.477,-0.006,0.483,0.208,0.064,0.144,0.102,-0.06,0.162,0.173,0.035,0.138,-0.505,-0.742,0.236,0.387,0.4,0.4,0.359,0.759,0.0,0.387,0.336,0.051,0.387,0.336,0.051,2.417,0.278,-0.857,-0.025,-0.832,-0.266,-0.099,-0.167,-0.477,-0.136,-0.341,-0.089,0.024,-0.113,-0.213,-0.406,0.187,0.4,1.41,1.41,0.738,0.0,0.4,0.166,0.234,0.4,0.166,0.234,-0.682,-0.611,-0.021,0.759,0.738,46462,23198,23264
202681,Kyrie Irving,2017,2.127,-0.134,2.261,0.89,0.233,0.657,1.087,0.267,0.82,0.284,-0.004,0.288,0.443,-0.142,0.588,0.814,-0.362,-0.362,3.384,3.022,0.0,0.814,0.419,0.395,0.814,0.419,0.395,-0.292,0.259,-1.709,0.005,-1.714,-0.364,-0.061,-0.303,-0.752,-0.036,-0.716,-0.598,0.009,-0.607,-0.136,-0.023,-0.115,-0.319,-0.121,-0.121,-2.164,-2.285,0.0,-0.319,0.126,-0.445,-0.319,0.126,-0.445,-2.976,-0.403,0.418,-0.129,0.547,0.526,0.172,0.354,0.335,0.231,0.104,-0.314,0.005,-0.319,0.307,-0.165,0.473,0.495,-0.483,-0.483,0.737,0.0,0.495,0.545,-0.05,0.495,0.545,-0.05,-3.268,-0.144,3.022,-2.285,0.737,51455,25725,25730
200752,Rudy Gay,2017,-0.639,0.001,-0.64,-0.021,-0.061,0.04,-0.088,-0.383,0.295,-0.531,-0.144,-0.387,0.458,0.108,0.351,-0.459,0.689,0.689,-0.64,0.049,0.0,-0.459,-0.118,-0.341,-0.459,-0.118,-0.341,-4.469,-0.357,-0.298,0.059,-0.357,-0.562,-0.002,-0.56,0.288,-0.028,0.316,-0.083,-0.013,-0.07,0.013,-0.03,0.04,0.35,0.617,0.617,0.065,0.682,0.0,0.35,0.251,0.099,0.35,0.251,0.099,0.043,-0.153,-0.937,0.06,-0.997,-0.583,-0.063,-0.52,0.199,-0.412,0.611,-0.613,-0.156,-0.457,0.471,0.078,0.391,-0.109,1.307,1.307,0.731,0.0,-0.109,0.133,-0.242,-0.109,0.133,-0.242,-4.426,-0.509,0.049,0.682,0.731,42838,21459,21379
203510,Pierre Jackson,2017,-0.315,0.045,-0.36,-0.069,-0.13,0.061,-0.118,0.054,-0.172,-0.173,-0.01,-0.163,0.118,-0.025,0.152,0.478,0.075,0.075,0.281,0.356,0.0,0.478,0.244,0.234,0.478,0.244,0.234,-0.253,-0.18,0.411,-0.141,0.552,-0.058,0.092,-0.15,0.128,-0.014,0.142,0.482,-0.001,0.483,-0.061,-0.064,0.005,0.124,-0.099,-0.099,0.474,0.375,0.0,0.124,0.016,0.108,0.124,0.016,0.108,0.661,0.139,0.098,-0.096,0.194,-0.127,-0.038,-0.089,0.011,0.04,-0.029,0.31,-0.011,0.321,0.057,-0.089,0.157,0.602,-0.024,-0.024,0.731,0.0,0.602,0.259,0.343,0.602,0.259,0.343,0.408,-0.041,0.356,0.375,0.731,336,167,169
2199,Tyson Chandler,2017,-0.423,0.032,-0.455,-0.745,-0.203,-0.542,-0.343,-0.154,-0.189,0.633,0.019,0.614,-0.381,-0.223,-0.157,-1.089,1.089,1.089,-1.893,-0.804,0.0,-1.089,-0.914,-0.175,-1.089,-0.914,-0.175,-0.347,0.048,-0.666,-0.228,-0.438,0.202,0.169,0.033,0.376,0.212,0.164,-1.016,-0.089,-0.927,0.803,0.961,-0.158,0.121,1.271,1.271,0.258,1.529,0.0,0.121,0.165,-0.044,0.121,0.165,-0.044,-1.729,0.199,-1.089,-0.196,-0.893,-0.543,-0.034,-0.509,0.033,0.058,-0.025,-0.383,-0.07,-0.313,0.422,0.738,-0.315,-0.968,2.36,2.36,0.725,0.0,-0.968,-0.749,-0.219,-0.968,-0.749,-0.219,-2.076,0.247,-0.804,1.529,0.725,36661,18317,18344
203991,Clint Capela,2017,-1.199,0.337,-1.536,0.147,0.137,0.01,-0.116,0.14,-0.256,-1.567,-0.063,-1.504,-0.928,0.134,-1.062,-0.591,1.589,1.589,-2.718,-1.129,0.0,-0.591,-0.8,0.209,-0.591,-0.8,0.209,0.006,1.215,0.458,-0.365,0.823,0.604,-0.007,0.611,0.089,-0.008,0.097,0.13,-0.052,0.182,0.685,0.536,0.153,0.21,0.501,0.501,1.353,1.854,0.0,0.21,0.286,-0.076,0.21,0.286,-0.076,-2.139,-0.227,-0.743,-0.028,-0.715,0.75,0.13,0.62,-0.028,0.131,-0.159,-1.437,-0.115,-1.322,-0.242,0.669,-0.909,-0.381,2.09,2.09,0.725,-0.0,-0.381,-0.514,0.133,-0.381,-0.514,0.133,-2.133,0.988,-1.129,1.854,0.725,14206,7066,7140
203540,Gigi Datome,2017,0.527,0.009,0.518,0.494,-0.161,0.655,0.24,0.071,0.169,-0.216,0.099,-0.315,-0.327,-0.487,0.165,0.502,-0.36,-0.36,0.702,0.342,0.0,0.502,0.364,0.138,0.502,0.364,0.138,0.431,-0.03,0.51,-0.275,0.785,0.231,0.037,0.194,0.104,-0.045,0.149,0.45,0.011,0.439,-0.195,-0.248,0.054,0.321,-0.254,-0.254,0.636,0.382,0.0,0.321,-0.119,0.44,0.321,-0.119,0.44,0.304,-0.172,1.036,-0.266,1.302,0.724,-0.124,0.848,0.344,0.026,0.318,0.234,0.11,0.124,-0.522,-0.735,0.219,0.823,-0.614,-0.614,0.724,-0.001,0.823,0.244,0.579,0.823,0.244,0.579,0.735,-0.202,0.342,0.382,0.723,1761,883,878
201587,Nicolas Batum,2017,2.362,-0.019,2.381,0.791,0.006,0.785,1.072,0.647,0.425,0.518,0.219,0.299,0.373,0.103,0.271,-0.488,-0.875,-0.875,2.247,1.372,-0.0,-0.488,-0.578,0.09,-0.488,-0.578,0.09,2.813,0.629,-0.22,0.123,-0.343,-0.002,-0.258,0.256,-0.553,-0.105,-0.448,0.212,0.002,0.21,0.336,0.557,-0.222,-0.409,-0.387,-0.387,-0.293,-0.68,-0.0,-0.409,0.147,-0.556,-0.409,0.147,-0.556,-0.375,-0.213,2.143,0.104,2.039,0.789,-0.252,1.041,0.52,0.542,-0.022,0.73,0.221,0.509,0.709,0.66,0.049,-0.897,-1.262,-1.262,0.692,-0.001,-0.897,-0.431,-0.466,-0.897,-0.431,-0.466,2.438,0.415,1.372,-0.68,0.691,54456,27216,27240
203482,Kelly Olynyk,2017,0.436,-0.157,0.593,1.336,0.329,1.007,-0.516,0.5,-1.016,-0.227,0.127,-0.354,-0.52,-0.524,0.003,-0.056,0.117,0.117,-0.14,-0.023,0.0,-0.056,-0.02,-0.036,-0.056,-0.02,-0.036,3.614,1.263,1.078,-0.157,1.235,0.224,0.023,0.201,0.754,0.076,0.678,0.257,0.029,0.228,0.034,-0.089,0.124,0.179,-0.597,-0.597,1.291,0.694,-0.0,0.179,-0.056,0.235,0.179,-0.056,0.235,0.971,0.018,1.514,-0.314,1.828,1.56,0.352,1.208,0.239,0.577,-0.338,0.029,0.155,-0.126,-0.486,-0.613,0.127,0.122,-0.48,-0.48,0.671,0.001,0.122,-0.076,0.198,0.122,-0.076,0.198,4.585,1.281,-0.023,0.694,0.672,24434,12331,12103
203524,Solomon Hill,2017,0.246,-0.063,0.309,-0.277,-0.014,-0.263,0.694,0.243,0.451,-0.108,0.039,-0.147,0.248,0.098,0.147,0.638,-0.42,-0.42,1.132,0.712,-0.0,0.638,0.297,0.341,0.638,0.297,0.341,-0.994,-0.556,0.115,0.232,-0.117,-0.314,-0.009,-0.305,-0.118,-0.145,0.027,0.315,0.006,0.309,-0.041,-0.1,0.06,-0.146,0.011,0.011,-0.072,-0.061,-0.0,-0.146,-0.183,0.037,-0.146,-0.183,0.037,1.15,0.047,0.36,0.169,0.191,-0.591,-0.023,-0.568,0.575,0.098,0.477,0.207,0.045,0.162,0.207,-0.001,0.207,0.493,-0.409,-0.409,0.651,-0.0,0.493,0.114,0.379,0.493,0.114,0.379,0.156,-0.509,0.712,-0.061,0.651,23368,11663,11705
2222,Gerald Wallace,2017,0.255,0.0,0.255,-0.019,0.478,-0.497,0.845,0.294,0.551,-0.571,-0.041,-0.53,-0.199,0.314,-0.51,-0.896,0.899,0.899,-0.84,0.059,0.0,-0.896,-0.328,-0.568,-0.896,-0.328,-0.568,-0.226,0.925,0.026,-0.083,0.109,0.832,-0.047,0.879,-0.522,0.1,-0.622,-0.201,-0.023,-0.178,0.503,0.469,0.031,0.565,-0.505,-0.505,1.094,0.589,0.0,0.565,0.114,0.451,0.565,0.114,0.451,0.151,0.124,0.283,-0.083,0.366,0.815,0.432,0.383,0.323,0.394,-0.071,-0.772,-0.064,-0.708,0.304,0.783,-0.478,-0.33,0.393,0.393,0.648,0.0,-0.33,-0.214,-0.116,-0.33,-0.214,-0.116,-0.075,1.049,0.059,0.589,0.648,14970,7476,7494
1626245,Cristiano Felicio,2017,-0.672,0.503,-1.175,-0.461,0.067,-0.528,-0.278,0.044,-0.322,-0.436,-0.011,-0.425,-0.305,-0.052,-0.253,-0.792,1.434,1.434,-1.769,-0.335,0.0,-0.792,-0.578,-0.214,-0.792,-0.578,-0.214,0.963,0.669,-0.049,-0.391,0.342,-0.149,-0.15,0.001,-0.004,-0.262,0.258,0.495,-0.054,0.549,-0.04,0.166,-0.205,-0.012,1.083,1.083,-0.101,0.982,0.0,-0.012,0.157,-0.169,-0.012,0.157,-0.169,-1.697,-0.593,-0.722,0.112,-0.834,-0.61,-0.083,-0.527,-0.282,-0.218,-0.064,0.058,-0.066,0.124,-0.345,0.114,-0.458,-0.804,2.517,2.517,0.647,0.0,-0.804,-0.421,-0.383,-0.804,-0.421,-0.383,-0.734,0.075,-0.335,0.982,0.647,5553,2766,2787
203954,Joel Embiid,2017,-0.036,0.135,-0.171,-0.119,-0.22,0.101,-0.106,0.076,-0.182,0.054,-0.03,0.084,0.741,0.583,0.162,-1.579,-0.212,-0.212,-0.874,-1.086,0.0,-1.579,-0.095,-1.484,-1.579,-0.095,-1.484,-0.412,-0.03,1.303,-0.385,1.688,0.323,0.147,0.176,0.572,-0.005,0.577,0.793,-0.039,0.832,0.076,0.067,0.011,-0.17,0.487,0.487,1.209,1.696,-0.0,-0.17,-0.217,0.047,-0.17,-0.217,0.047,0.406,0.245,1.266,-0.25,1.516,0.203,-0.074,0.277,0.466,0.071,0.395,0.847,-0.069,0.916,0.817,0.65,0.173,-1.749,0.275,0.275,0.61,-0.0,-1.749,-0.311,-1.438,-1.749,-0.311,-1.438,-0.005,0.215,-1.086,1.696,0.61,3142,1579,1563
201149,Joakim Noah,2017,-1.05,0.029,-1.079,0.141,-0.022,0.163,-0.873,-0.229,-0.644,-0.347,-0.049,-0.298,-0.673,-0.421,-0.252,-0.906,0.856,0.856,-2.629,-1.773,0.0,-0.906,-0.951,0.045,-0.906,-0.951,0.045,2.74,0.794,2.049,-0.753,2.802,1.566,0.179,1.387,0.849,0.461,0.388,0.387,-0.005,0.392,0.445,0.631,-0.185,-0.276,0.156,0.156,2.218,2.374,0.0,-0.276,-0.097,-0.179,-0.276,-0.097,-0.179,0.14,0.745,0.998,-0.724,1.722,1.707,0.157,1.55,-0.025,0.231,-0.256,0.04,-0.054,0.094,-0.228,0.21,-0.437,-1.182,1.012,1.012,0.601,0.0,-1.182,-1.048,-0.134,-1.182,-1.048,-0.134,2.881,1.539,-1.773,2.374,0.601,37310,18599,18711
2203,Shane Battier,2017,0.625,-0.245,0.87,0.935,-0.024,0.959,-0.317,0.31,-0.627,0.252,0.196,0.056,-0.17,-0.422,0.259,0.04,-0.644,-0.644,0.495,-0.149,0.0,0.04,-0.078,0.118,0.04,-0.078,0.118,-0.373,0.061,0.431,0.155,0.276,0.47,0.325,0.145,0.344,0.191,0.153,-0.538,-0.086,-0.452,0.464,0.441,0.023,0.633,-0.781,-0.781,1.528,0.747,0.0,0.633,0.376,0.257,0.633,0.376,0.257,-0.917,0.574,1.056,-0.09,1.146,1.406,0.301,1.105,0.026,0.501,-0.475,-0.286,0.11,-0.396,0.294,0.018,0.282,0.672,-1.424,-1.424,0.598,-0.001,0.672,0.298,0.374,0.672,0.298,0.374,-1.29,0.635,-0.149,0.747,0.597,14461,7226,7235
2365,Chris Andersen,2017,0.496,0.249,0.247,0.322,0.058,0.264,-0.376,0.175,-0.551,0.301,0.039,0.262,0.043,0.293,-0.252,-1.02,-0.064,-0.064,-0.481,-0.545,-0.0,-1.02,-0.904,-0.116,-1.02,-0.904,-0.116,-0.271,0.62,1.416,0.052,1.364,0.484,0.033,0.451,0.094,-0.158,0.252,0.786,-0.073,0.859,0.09,0.0,0.091,0.597,-0.978,-0.978,2.103,1.125,0.0,0.597,0.212,0.385,0.597,0.212,0.385,0.225,0.109,1.91,0.301,1.609,0.805,0.09,0.715,-0.283,0.016,-0.299,1.087,-0.034,1.121,0.133,0.293,-0.161,-0.423,-1.041,-1.041,0.58,0.0,-0.423,-0.692,0.269,-0.423,-0.692,0.269,-0.046,0.729,-0.545,1.125,0.58,16014,8005,8009
1626181,Norman Powell,2017,0.468,-0.152,0.62,-0.395,0.392,-0.787,0.796,0.456,0.34,0.219,-0.023,0.242,0.303,0.415,-0.114,0.246,-0.091,-0.091,1.017,0.926,0.0,0.246,0.283,-0.037,0.246,0.283,-0.037,-2.374,-0.294,-0.764,0.049,-0.813,-0.107,-0.056,-0.051,-0.128,-0.189,0.061,-0.578,0.011,-0.589,-0.412,-0.457,0.047,0.829,-0.029,-0.029,-0.347,-0.376,0.0,0.829,0.434,0.395,0.829,0.434,0.395,-0.176,-0.167,-0.296,-0.103,-0.193,-0.502,0.336,-0.838,0.668,0.267,0.401,-0.359,-0.012,-0.347,-0.109,-0.041,-0.066,1.076,-0.12,-0.12,0.55,-0.001,1.076,0.717,0.359,1.076,0.717,0.359,-2.55,-0.461,0.926,-0.376,0.549,9706,4841,4865
203107,Tomas Satoransky,2017,-0.063,-0.151,0.088,-0.461,-0.217,-0.244,0.507,-0.139,0.646,0.042,-0.038,0.08,-0.114,-0.0,-0.111,0.319,-0.477,-0.477,0.142,-0.335,-0.0,0.319,0.648,-0.329,0.319,0.648,-0.329,-1.548,-0.669,1.335,-0.022,1.357,0.396,-0.015,0.411,0.564,-0.104,0.668,0.397,0.005,0.392,-0.027,-0.051,0.027,0.277,-0.709,-0.709,1.585,0.876,0.0,0.277,-0.256,0.533,0.277,-0.256,0.533,1.457,0.253,1.273,-0.173,1.446,-0.065,-0.232,0.167,1.072,-0.242,1.314,0.439,-0.033,0.472,-0.141,-0.051,-0.084,0.596,-1.186,-1.186,0.541,-0.001,0.596,0.393,0.203,0.596,0.393,0.203,-0.091,-0.416,-0.335,0.876,0.54,2902,1444,1458
1627736,Malik Beasley,2017,0.611,0.137,0.474,-0.186,0.049,-0.235,0.098,0.235,-0.137,0.562,0.01,0.552,-0.109,-0.042,-0.063,-0.231,-0.126,-0.126,0.271,0.145,-0.0,-0.231,-0.087,-0.144,-0.231,-0.087,-0.144,0.412,-0.048,0.195,0.011,0.184,-0.063,0.062,-0.125,0.13,-0.059,0.189,0.117,0.006,0.111,-0.008,-0.119,0.112,-0.047,0.212,0.212,0.14,0.352,0.0,-0.047,0.07,-0.117,-0.047,0.07,-0.117,0.471,0.017,0.807,0.148,0.659,-0.249,0.111,-0.36,0.229,0.176,0.053,0.679,0.016,0.663,-0.116,-0.161,0.048,-0.278,0.086,0.086,0.497,0.0,-0.278,-0.017,-0.261,-0.278,-0.017,-0.261,0.883,-0.031,0.145,0.352,0.497,689,346,343
467,Jason Kidd,2017,-1.142,-0.085,-1.057,-0.175,0.002,-0.177,0.222,0.558,-0.336,-1.104,0.285,-1.389,-0.049,-0.058,0.017,0.818,-0.176,-0.176,-0.373,-0.549,-0.0,0.818,0.552,0.266,0.818,0.552,0.266,-1.675,-0.744,0.125,0.02,0.105,-0.121,0.073,-0.194,0.122,0.007,0.115,0.104,-0.059,0.163,0.248,0.242,0.004,0.692,-0.025,-0.025,1.065,1.04,0.0,0.692,-0.068,0.76,0.692,-0.068,0.76,0.18,0.134,-1.018,-0.065,-0.953,-0.296,0.075,-0.371,0.343,0.564,-0.221,-1.0,0.226,-1.226,0.199,0.184,0.021,1.51,-0.201,-0.201,0.491,-0.0,1.51,0.484,1.026,1.51,0.484,1.026,-1.495,-0.61,-0.549,1.04,0.491,8485,4238,4247
101112,Channing Frye,2017,3.451,0.37,3.081,0.299,0.063,0.236,1.282,0.571,0.711,1.5,0.276,1.224,-0.764,-0.795,0.03,0.141,-0.836,-0.836,2.828,1.992,-0.0,0.141,0.335,-0.194,0.141,0.335,-0.194,2.611,-0.774,-2.156,-0.322,-1.834,0.021,0.185,-0.164,-0.859,0.289,-1.148,-0.996,0.008,-1.004,0.303,0.427,-0.123,-0.436,0.771,0.771,-2.289,-1.518,0.0,-0.436,-0.102,-0.334,-0.436,-0.102,-0.334,-1.976,0.154,1.294,0.048,1.246,0.32,0.248,0.072,0.423,0.86,-0.437,0.503,0.284,0.219,-0.461,-0.367,-0.093,-0.295,-0.066,-0.066,0.474,-0.0,-0.295,0.233,-0.528,-0.295,0.233,-0.528,0.635,-0.62,1.992,-1.518,0.474,27678,13887,13791
201627,Anthony Morrow,2017,0.763,-0.149,0.912,-0.899,-0.139,-0.76,0.611,0.012,0.599,1.2,0.054,1.146,-0.074,-0.292,0.219,0.192,0.617,0.617,0.881,1.498,0.0,0.192,0.303,-0.111,0.192,0.303,-0.111,1.718,-0.822,-0.146,-0.213,0.067,0.001,-0.118,0.119,-0.396,-0.274,-0.122,0.462,0.008,0.454,-0.553,-0.821,0.268,-0.491,0.142,0.142,-1.19,-1.048,0.0,-0.491,-0.278,-0.213,-0.491,-0.278,-0.213,0.817,-0.287,0.618,-0.362,0.98,-0.898,-0.257,-0.641,0.215,-0.262,0.477,1.663,0.063,1.6,-0.627,-1.113,0.487,-0.299,0.758,0.758,0.45,0.0,-0.299,0.025,-0.324,-0.299,0.025,-0.324,2.535,-1.108,1.498,-1.048,0.45,20680,10384,10296
203187,Chris Johnson,2017,0.305,0.057,0.248,-0.291,-0.061,-0.23,1.007,0.234,0.773,-0.468,0.132,-0.6,-0.033,-0.13,0.098,-0.306,0.351,0.351,-0.034,0.317,0.0,-0.306,-0.109,-0.197,-0.306,-0.109,-0.197,-1.663,-0.6,-0.417,-0.065,-0.352,-0.076,0.086,-0.162,-0.25,-0.073,-0.177,-0.026,-0.014,-0.012,-0.196,-0.378,0.184,0.184,0.536,0.536,-0.429,0.107,-0.0,0.184,-0.051,0.235,0.184,-0.051,0.235,0.897,0.263,-0.114,-0.008,-0.106,-0.369,0.024,-0.393,0.757,0.161,0.596,-0.494,0.118,-0.612,-0.229,-0.508,0.282,-0.122,0.886,0.886,0.424,-0.0,-0.122,-0.16,0.038,-0.122,-0.16,0.038,-0.765,-0.337,0.317,0.107,0.424,8706,4330,4376
201152,Thaddeus Young,2017,0.768,0.062,0.706,0.36,0.301,0.059,-0.07,-0.371,0.301,0.416,-0.158,0.574,-0.711,-0.511,-0.202,0.001,0.496,0.496,0.058,0.554,0.0,0.001,-0.341,0.342,0.001,-0.341,0.342,1.337,0.898,-1.484,0.032,-1.516,-0.892,-0.268,-0.624,-0.868,-0.151,-0.717,0.244,-0.021,0.265,0.43,0.369,0.059,0.882,0.037,0.037,-0.172,-0.135,0.0,0.882,0.435,0.447,0.882,0.435,0.447,-1.36,-0.517,-0.715,0.094,-0.809,-0.532,0.033,-0.565,-0.938,-0.522,-0.416,0.661,-0.178,0.839,-0.281,-0.142,-0.143,0.884,0.533,0.533,0.419,-0.001,0.884,0.094,0.79,0.884,0.094,0.79,-0.023,0.382,0.554,-0.135,0.418,50788,25367,25421
2030,Kenyon Martin,2017,0.386,0.054,0.332,-0.407,-0.081,-0.326,0.44,-0.284,0.724,0.299,-0.063,0.362,-0.522,-0.519,-0.001,-0.537,-0.504,-0.504,-0.673,-1.177,0.0,-0.537,-0.247,-0.29,-0.537,-0.247,-0.29,-0.549,0.133,1.449,-0.098,1.547,0.424,0.118,0.306,0.579,-0.256,0.835,0.544,-0.106,0.65,-0.23,-0.14,-0.09,0.625,-0.284,-0.284,1.844,1.56,0.0,0.625,0.3,0.325,0.625,0.3,0.325,1.689,0.229,1.837,-0.044,1.881,0.016,0.036,-0.02,1.021,-0.539,1.56,0.844,-0.168,1.012,-0.752,-0.66,-0.09,0.088,-0.788,-0.788,0.383,0.001,0.088,0.053,0.035,0.088,0.053,0.035,1.14,0.363,-1.177,1.56,0.384,5216,2586,2630
203994,Jusuf Nurkic,2017,-0.6,-0.465,-0.135,0.417,0.032,0.385,-0.666,-0.391,-0.275,0.114,-0.185,0.299,-0.359,0.016,-0.376,-0.951,0.535,0.535,-1.91,-1.375,0.0,-0.951,-0.346,-0.605,-0.951,-0.346,-0.605,-1.282,0.462,2.417,-0.451,2.868,1.489,0.024,1.465,1.105,0.039,1.066,0.274,-0.015,0.289,0.133,0.128,0.008,-0.571,-0.227,-0.227,1.979,1.752,0.0,-0.571,-0.173,-0.398,-0.571,-0.173,-0.398,1.521,0.883,1.816,-0.916,2.732,1.905,0.055,1.85,0.439,-0.352,0.791,0.388,-0.2,0.588,-0.226,0.144,-0.367,-1.522,0.308,0.308,0.377,0.0,-1.522,-0.519,-1.003,-1.522,-0.519,-1.003,0.24,1.345,-1.375,1.752,0.377,12163,6073,6090
1627848,Shawn Long,2017,0.65,0.207,0.443,0.331,-0.075,0.406,0.186,0.055,0.131,-0.074,0.026,-0.1,-0.274,-0.259,-0.012,0.21,0.73,0.73,0.586,1.316,0.0,0.21,0.233,-0.023,0.21,0.233,-0.023,0.332,-0.007,-0.474,-0.062,-0.412,-0.177,-0.004,-0.173,-0.157,-0.091,-0.066,-0.078,0.014,-0.092,-0.329,-0.305,-0.022,-0.117,-0.029,-0.029,-0.92,-0.949,0.0,-0.117,0.088,-0.205,-0.117,0.088,-0.205,-0.003,-0.179,0.174,0.145,0.029,0.154,-0.079,0.233,0.027,-0.037,0.064,-0.152,0.039,-0.191,-0.603,-0.564,-0.035,0.093,0.701,0.701,0.367,0.001,0.093,0.321,-0.228,0.093,0.321,-0.228,0.329,-0.187,1.316,-0.949,0.368,932,465,467
201577,Robin Lopez,2017,-1.231,0.196,-1.427,-0.238,-0.317,0.079,-0.718,-1.149,0.431,-0.471,-0.205,-0.266,-0.763,-0.928,0.164,-0.673,1.548,1.548,-2.667,-1.119,0.0,-0.673,-0.267,-0.406,-0.673,-0.267,-0.406,-0.517,-0.412,1.249,-0.555,1.804,1.822,-0.1,1.922,0.475,0.502,-0.027,-0.493,0.032,-0.525,1.288,1.342,-0.054,-1.354,0.296,0.296,1.183,1.479,0.0,-1.354,-0.799,-0.555,-1.354,-0.799,-0.555,-1.681,0.195,0.018,-0.359,0.377,1.584,-0.417,2.001,-0.243,-0.647,0.404,-0.964,-0.173,-0.791,0.525,0.414,0.11,-2.026,1.844,1.844,0.36,0.0,-2.026,-1.066,-0.96,-2.026,-1.066,-0.96,-2.198,-0.217,-1.119,1.479,0.36,43980,21933,22047
201569,Eric Gordon,2017,0.947,0.077,0.87,0.324,0.131,0.193,0.04,0.505,-0.465,0.506,0.055,0.451,0.489,0.264,0.225,-0.157,0.114,0.114,1.279,1.393,0.0,-0.157,0.351,-0.508,-0.157,0.351,-0.508,0.804,-0.009,0.077,0.095,-0.018,-0.753,-0.037,-0.716,0.238,-0.056,0.294,0.497,0.028,0.469,-0.198,-0.122,-0.076,-0.292,-0.621,-0.621,-0.413,-1.034,0.0,-0.292,-0.236,-0.056,-0.292,-0.236,-0.056,-0.048,-0.458,1.021,0.172,0.849,-0.43,0.093,-0.523,0.278,0.449,-0.171,1.001,0.082,0.919,0.291,0.142,0.149,-0.448,-0.507,-0.507,0.359,0.0,-0.448,0.115,-0.563,-0.448,0.115,-0.563,0.756,-0.468,1.393,-1.034,0.359,37414,18692,18722
1891,Jason Terry,2017,0.982,-0.026,1.008,-0.42,-0.238,-0.182,0.738,0.274,0.464,0.69,0.176,0.514,-0.061,0.2,-0.261,-0.125,-0.814,-0.814,0.796,-0.018,-0.0,-0.125,-0.193,0.068,-0.125,-0.193,0.068,2.049,-0.544,0.549,-0.251,0.8,-0.391,-0.049,-0.342,0.143,-0.078,0.221,1.048,0.013,1.035,-0.444,-0.576,0.131,0.49,-0.22,-0.22,0.595,0.375,0.0,0.49,0.407,0.083,0.49,0.407,0.083,1.226,-0.193,1.531,-0.277,1.808,-0.811,-0.287,-0.524,0.881,0.196,0.685,1.738,0.189,1.549,-0.504,-0.376,-0.13,0.365,-1.033,-1.033,0.357,0.001,0.365,0.214,0.151,0.365,0.214,0.151,3.275,-0.737,-0.018,0.375,0.358,30366,15245,15121
202357,Nemanja Bjelica,2017,-1.428,0.155,-1.583,-0.076,-0.012,-0.064,-0.47,0.211,-0.681,-1.037,0.076,-1.113,-0.151,-0.134,-0.018,-0.006,0.787,0.787,-1.585,-0.798,-0.0,-0.006,0.489,-0.495,-0.006,0.489,-0.495,-1.056,0.461,0.787,0.029,0.758,0.713,-0.075,0.788,-0.478,-0.192,-0.286,0.523,0.036,0.487,-0.58,-0.753,0.175,0.502,0.435,0.435,0.709,1.144,-0.0,0.502,0.106,0.396,0.502,0.106,0.396,2.446,0.453,-0.642,0.184,-0.826,0.637,-0.087,0.724,-0.949,0.019,-0.968,-0.514,0.112,-0.626,-0.73,-0.886,0.157,0.496,1.222,1.222,0.346,-0.0,0.496,0.595,-0.099,0.496,0.595,-0.099,1.39,0.914,-0.798,1.144,0.346,8696,4338,4358
204001,Kristaps Porzingis,2017,-0.622,0.107,-0.729,0.045,-0.25,0.295,-0.293,-0.198,-0.095,-0.481,0.014,-0.495,-0.357,-0.564,0.202,-0.272,0.421,0.421,-1.251,-0.83,-0.0,-0.272,0.117,-0.389,-0.272,0.117,-0.389,0.333,-0.402,1.416,-0.212,1.628,0.835,0.093,0.742,0.198,-0.008,0.206,0.595,-0.015,0.61,0.16,0.227,-0.064,-0.287,-0.13,-0.13,1.289,1.159,0.0,-0.287,-0.343,0.056,-0.287,-0.343,0.056,1.502,0.608,0.794,-0.105,0.899,0.88,-0.157,1.037,-0.095,-0.206,0.111,0.114,-0.002,0.116,-0.197,-0.337,0.137,-0.558,0.291,0.291,0.329,0.001,-0.558,-0.226,-0.332,-0.558,-0.226,-0.332,1.835,0.206,-0.83,1.159,0.33,16594,8322,8272
203552,Seth Curry,2017,1.511,0.118,1.393,-0.462,-0.321,-0.141,-0.292,-0.083,-0.209,2.147,0.081,2.066,-0.254,-0.339,0.086,0.476,-1.566,-1.566,1.733,0.167,0.0,0.476,0.502,-0.026,0.476,0.502,-0.026,0.343,-1.015,-0.573,0.018,-0.591,-0.304,0.11,-0.414,0.073,0.024,0.049,-0.36,-0.002,-0.358,-0.06,-0.083,0.026,0.709,0.055,0.055,0.076,0.131,0.0,0.709,0.219,0.49,0.709,0.219,0.49,0.572,-0.025,0.937,0.136,0.801,-0.766,-0.211,-0.555,-0.219,-0.059,-0.16,1.786,0.078,1.708,-0.313,-0.422,0.112,1.184,-1.511,-1.511,0.298,-0.001,1.184,0.722,0.462,1.184,0.722,0.462,0.915,-1.04,0.167,0.131,0.297,10533,5277,5256
203382,Aron Baynes,2017,-0.728,-0.265,-0.463,0.075,-0.32,0.395,-0.188,-0.634,0.446,-0.35,-0.098,-0.252,-0.17,-0.89,0.719,-0.331,0.222,0.222,-1.229,-1.007,0.0,-0.331,0.09,-0.421,-0.331,0.09,-0.421,-1.007,-0.438,1.306,-0.243,1.549,0.53,0.104,0.426,0.745,0.157,0.588,0.274,0.032,0.242,-0.143,-0.166,0.024,-0.725,0.844,0.844,0.438,1.282,0.0,-0.725,-0.388,-0.337,-0.725,-0.388,-0.337,1.13,0.53,0.575,-0.508,1.083,0.604,-0.216,0.82,0.556,-0.478,1.034,-0.077,-0.067,-0.01,-0.314,-1.055,0.743,-1.057,1.067,1.067,0.275,-0.001,-1.057,-0.298,-0.759,-1.057,-0.298,-0.759,0.123,0.092,-1.007,1.282,0.274,17032,8489,8543
1626253,Axel Toupane,2017,2.387,0.2,2.187,0.791,-0.06,0.851,0.519,0.062,0.457,0.877,0.031,0.846,-0.059,-0.253,0.201,-0.169,-0.591,-0.591,2.159,1.568,0.0,-0.169,-0.144,-0.025,-0.169,-0.144,-0.025,1.726,0.278,-0.947,-0.16,-0.787,-0.431,-0.105,-0.326,-0.142,-0.123,-0.019,-0.214,0.004,-0.218,-0.087,0.007,-0.091,-0.102,-0.165,-0.165,-1.136,-1.301,0.0,-0.102,-0.079,-0.023,-0.102,-0.079,-0.023,-0.925,-0.337,1.44,0.04,1.4,0.36,-0.165,0.525,0.377,-0.061,0.438,0.663,0.035,0.628,-0.146,-0.247,0.11,-0.271,-0.756,-0.756,0.267,0.0,-0.271,-0.223,-0.048,-0.271,-0.223,-0.048,0.802,-0.059,1.568,-1.301,0.267,1366,682,684
202397,Ish Smith,2017,-0.683,-0.029,-0.654,0.491,0.143,0.348,-0.408,-0.18,-0.228,-0.737,-0.062,-0.675,-0.648,-0.373,-0.277,1.176,-0.002,-0.002,-0.155,-0.157,0.0,1.176,0.573,0.603,1.176,0.573,0.603,0.494,0.25,0.481,0.272,0.209,-0.272,0.124,-0.396,0.448,0.17,0.278,0.033,0.053,-0.02,-0.026,-0.059,0.033,0.009,-0.043,-0.043,0.464,0.421,0.0,0.009,0.128,-0.119,0.009,0.128,-0.119,0.423,0.099,-0.204,0.243,-0.447,0.219,0.267,-0.048,0.039,-0.01,0.049,-0.705,-0.009,-0.696,-0.674,-0.431,-0.244,1.186,-0.046,-0.046,0.264,0.0,1.186,0.701,0.485,1.186,0.701,0.485,0.917,0.348,-0.157,0.421,0.264,25651,12789,12862
2547,Chris Bosh,2017,1.215,0.159,1.056,0.19,0.196,-0.006,1.17,-0.11,1.28,-0.304,-0.067,-0.237,-0.013,-0.235,0.225,-0.573,-1.315,-1.315,0.629,-0.686,-0.0,-0.573,-0.524,-0.049,-0.573,-0.524,-0.049,2.558,0.297,0.858,0.091,0.767,0.899,0.063,0.836,0.046,0.083,-0.037,-0.178,-0.092,-0.086,0.718,0.94,-0.223,-0.281,-0.365,-0.365,1.295,0.93,0.0,-0.281,0.301,-0.582,-0.281,0.301,-0.582,-1.744,0.323,2.074,0.25,1.824,1.089,0.259,0.83,1.217,-0.026,1.243,-0.482,-0.159,-0.323,0.705,0.705,0.002,-0.854,-1.68,-1.68,0.244,-0.001,-0.854,-0.222,-0.632,-0.854,-0.222,-0.632,0.814,0.62,-0.686,0.93,0.243,36330,18207,18123
2585,Zaza Pachulia,2017,-1.246,0.017,-1.263,-0.791,-0.273,-0.518,-0.697,-0.613,-0.084,0.225,-0.138,0.363,-0.4,-0.41,0.009,-1.265,1.085,1.085,-2.911,-1.826,-0.0,-1.265,-0.744,-0.521,-1.265,-0.744,-0.521,1.373,-0.117,-0.307,0.115,-0.422,-0.086,0.187,-0.273,-0.443,0.094,-0.537,0.107,-0.086,0.193,0.722,0.872,-0.147,0.808,0.841,0.841,1.223,2.064,0.0,0.808,0.498,0.31,0.808,0.498,0.31,-1.383,0.146,-1.553,0.132,-1.685,-0.877,-0.086,-0.791,-1.139,-0.518,-0.621,0.331,-0.224,0.555,0.322,0.462,-0.138,-0.457,1.926,1.926,0.238,-0.0,-0.457,-0.246,-0.211,-0.457,-0.246,-0.211,-0.009,0.029,-1.826,2.064,0.238,30529,15276,15253
203079,Dion Waiters,2017,0.145,0.25,-0.105,-0.673,0.464,-1.137,-0.279,0.355,-0.634,0.847,0.006,0.841,-0.023,0.307,-0.329,0.467,0.436,0.436,0.589,1.025,0.0,0.467,0.4,0.067,0.467,0.4,0.067,-1.104,-0.466,-0.383,-0.094,-0.289,-0.335,-0.065,-0.27,0.127,-0.11,0.237,-0.081,-0.012,-0.069,-0.187,-0.209,0.02,0.229,-0.462,-0.462,-0.341,-0.803,0.0,0.229,-0.296,0.525,0.229,-0.296,0.525,-0.539,-0.351,-0.24,0.156,-0.396,-1.008,0.399,-1.407,-0.153,0.245,-0.398,0.765,-0.007,0.772,-0.211,0.097,-0.309,0.696,-0.026,-0.026,0.222,0.0,0.696,0.104,0.592,0.696,0.104,0.592,-1.643,-0.816,1.025,-0.803,0.222,38915,19474,19441
203508,Sergey Karasev,2017,1.918,0.084,1.834,0.526,0.067,0.459,0.562,0.041,0.521,0.746,-0.026,0.772,-0.351,-0.016,-0.333,-0.903,-0.625,-0.625,0.664,0.039,0.0,-0.903,-0.557,-0.346,-0.903,-0.557,-0.346,1.869,0.336,-0.519,-0.246,-0.273,-0.361,-0.165,-0.196,0.044,-0.178,0.222,0.044,0.002,0.042,-0.099,-0.015,-0.082,0.553,0.243,0.243,-0.065,0.178,-0.0,0.553,0.098,0.455,0.553,0.098,0.455,-0.438,-0.415,1.399,-0.162,1.561,0.165,-0.098,0.263,0.606,-0.137,0.743,0.79,-0.024,0.814,-0.45,-0.031,-0.415,-0.35,-0.382,-0.382,0.217,0.0,-0.35,-0.459,0.109,-0.35,-0.459,0.109,1.431,-0.079,0.039,0.178,0.217,4344,2172,2172
203585,Rodney McGruder,2017,0.476,-0.142,0.618,0.009,-0.272,0.281,0.461,-0.233,0.694,0.148,-0.027,0.175,-0.428,-0.082,-0.346,-0.153,-0.011,-0.011,-0.105,-0.116,0.0,-0.153,-0.031,-0.122,-0.153,-0.031,-0.122,0.372,-0.302,0.531,-0.16,0.691,0.586,-0.092,0.678,-0.538,0.129,-0.667,0.643,0.071,0.572,0.076,0.056,0.023,-0.072,-0.204,-0.204,0.535,0.331,-0.0,-0.072,-0.255,0.183,-0.072,-0.255,0.183,2.206,0.176,1.007,-0.302,1.309,0.594,-0.365,0.959,-0.077,-0.104,0.027,0.792,0.044,0.748,-0.352,-0.026,-0.323,-0.225,-0.215,-0.215,0.215,-0.0,-0.225,-0.285,0.06,-0.225,-0.285,0.06,2.577,-0.126,-0.116,0.331,0.215,7582,3780,3802
2200,Pau Gasol,2017,1.004,0.204,0.8,-0.267,-0.114,-0.153,0.539,-0.392,0.931,0.528,-0.119,0.647,0.14,0.141,-0.001,-0.101,-0.396,-0.396,1.043,0.647,-0.0,-0.101,-0.676,0.575,-0.101,-0.676,0.575,1.969,0.202,0.693,0.013,0.68,0.542,-0.091,0.633,-0.544,0.26,-0.804,0.682,0.052,0.63,0.759,0.741,0.016,-1.607,-0.298,-0.298,-0.155,-0.453,0.0,-1.607,-0.863,-0.744,-1.607,-0.863,-0.744,-0.487,-0.009,1.698,0.217,1.481,0.275,-0.205,0.48,-0.004,-0.132,0.128,1.21,-0.067,1.277,0.899,0.883,0.015,-1.708,-0.694,-0.694,0.194,-0.0,-1.708,-1.539,-0.169,-1.708,-1.539,-0.169,1.481,0.193,0.647,-0.453,0.194,42622,21356,21266
2550,Kirk Hinrich,2017,-1.127,-0.185,-0.942,-0.716,-0.197,-0.519,-0.229,0.02,-0.249,0.003,0.004,-0.001,0.285,0.271,0.016,-0.161,-0.236,-0.236,-1.003,-1.239,0.0,-0.161,0.111,-0.272,-0.161,0.111,-0.272,-0.113,-0.345,1.073,0.038,1.035,0.383,0.028,0.355,0.236,0.084,0.152,0.416,0.034,0.382,-0.198,-0.094,-0.103,0.497,0.045,0.045,1.372,1.417,0.0,0.497,-0.18,0.677,0.497,-0.18,0.677,3.109,0.548,-0.053,-0.147,0.094,-0.333,-0.169,-0.164,0.007,0.104,-0.097,0.42,0.039,0.381,0.087,0.177,-0.087,0.335,-0.191,-0.191,0.178,-0.001,0.335,-0.069,0.404,0.335,-0.069,0.404,2.996,0.204,-1.239,1.417,0.177,24438,12202,12236
203613,Jonathon Simmons,2017,0.595,-0.163,0.758,-0.2,0.107,-0.307,0.224,0.003,0.221,0.734,-0.072,0.806,0.204,0.358,-0.155,-1.085,-0.186,-0.186,-0.286,-0.472,0.0,-1.085,-0.658,-0.427,-1.085,-0.658,-0.427,-0.223,-0.144,0.77,-0.307,1.077,0.133,-0.008,0.141,-0.18,-0.048,-0.132,1.124,0.013,1.111,-0.24,-0.407,0.171,0.769,-0.657,-0.657,1.299,0.642,0.0,0.769,0.138,0.631,0.769,0.138,0.631,1.927,-0.191,1.366,-0.47,1.836,-0.066,0.099,-0.165,0.044,-0.045,0.089,1.858,-0.059,1.917,-0.035,-0.049,0.015,-0.316,-0.844,-0.844,0.17,0.0,-0.316,-0.52,0.204,-0.316,-0.52,0.204,1.703,-0.336,-0.472,0.642,0.17,9747,4847,4900
203476,Gorgui Dieng,2017,-0.23,0.088,-0.318,0.122,-0.062,0.184,-0.464,-0.46,-0.004,0.024,-0.097,0.121,-0.28,-0.505,0.221,-0.57,-0.004,-0.004,-1.08,-1.084,0.0,-0.57,0.121,-0.691,-0.57,0.121,-0.691,1.011,0.151,-0.256,0.095,-0.351,-0.033,0.044,-0.077,0.184,0.136,0.048,-0.502,-0.006,-0.496,0.618,0.573,0.044,0.559,0.318,0.318,0.921,1.239,0.0,0.559,0.388,0.171,0.559,0.388,0.171,-1.329,-0.122,-0.486,0.183,-0.669,0.088,-0.018,0.106,-0.279,-0.323,0.044,-0.478,-0.103,-0.375,0.337,0.069,0.265,-0.011,0.314,0.314,0.155,0.001,-0.011,0.508,-0.519,-0.011,0.508,-0.519,-0.317,0.029,-1.084,1.239,0.156,30542,15281,15261
201962,Toney Douglas,2017,0.832,-0.17,1.002,0.376,0.043,0.333,-0.432,0.37,-0.802,1.058,0.114,0.944,0.282,0.193,0.091,0.4,0.295,0.295,1.514,1.809,0.0,0.4,0.342,0.058,0.4,0.342,0.058,0.291,-0.035,-1.916,0.031,-1.947,-0.877,-0.022,-0.855,-0.526,-0.199,-0.327,-0.544,-0.02,-0.524,-0.533,-0.505,-0.028,0.09,0.694,0.694,-2.359,-1.665,0.0,0.09,0.191,-0.101,0.09,0.191,-0.101,-0.54,-0.379,-1.083,-0.139,-0.944,-0.501,0.021,-0.522,-0.956,0.172,-1.128,0.513,0.094,0.419,-0.251,-0.312,0.063,0.49,0.989,0.989,0.144,0.0,0.49,0.533,-0.043,0.49,0.533,-0.043,-0.249,-0.414,1.809,-1.665,0.144,14966,7463,7503
202391,Jeremy Lin,2017,-0.313,0.038,-0.351,0.497,0.593,-0.096,-0.284,0.654,-0.938,-0.564,-0.004,-0.56,0.761,0.768,-0.007,-0.434,-0.526,-0.526,0.014,-0.512,0.0,-0.434,-0.04,-0.394,-0.434,-0.04,-0.394,-1.981,0.482,0.797,0.029,0.768,0.653,-0.09,0.743,0.22,-0.1,0.32,-0.105,-0.013,-0.092,-0.431,-0.287,-0.145,-0.108,0.395,0.395,0.258,0.653,0.0,-0.108,-0.215,0.107,-0.108,-0.215,0.107,0.377,0.227,0.481,0.067,0.414,1.148,0.502,0.646,-0.065,0.554,-0.619,-0.669,-0.017,-0.652,0.329,0.481,-0.152,-0.542,-0.131,-0.131,0.141,-0.0,-0.542,-0.255,-0.287,-0.542,-0.255,-0.287,-1.603,0.709,-0.512,0.653,0.141,39695,19856,19839
977,Kobe Bryant,2017,0.588,-0.369,0.957,0.717,-0.413,1.13,0.598,0.132,0.466,-0.358,0.095,-0.453,1.156,0.655,0.502,1.289,-0.159,-0.159,3.033,2.874,0.0,1.289,0.423,0.866,1.289,0.423,0.866,-2.355,-0.265,-1.802,0.177,-1.979,-0.841,-0.2,-0.641,-0.656,-0.162,-0.494,-0.482,0.003,-0.485,-0.272,-0.245,-0.033,-0.541,-0.139,-0.139,-2.615,-2.754,-0.0,-0.541,-0.222,-0.319,-0.541,-0.222,-0.319,-1.77,-0.79,-1.213,-0.192,-1.021,-0.124,-0.613,0.489,-0.058,-0.03,-0.028,-0.839,0.099,-0.938,0.883,0.41,0.469,0.748,-0.297,-0.297,0.12,-0.001,0.748,0.202,0.546,0.748,0.202,0.546,-4.125,-1.055,2.874,-2.754,0.119,24517,12271,12246
1628021,David Nwaba,2017,0.319,0.48,-0.161,-0.007,0.194,-0.201,-0.554,-0.066,-0.488,0.4,-0.073,0.473,-0.561,-0.228,-0.334,-0.125,-0.223,-0.223,-0.367,-0.59,0.0,-0.125,0.172,-0.297,-0.125,0.172,-0.297,-0.564,0.262,0.15,-0.034,0.184,-0.266,0.101,-0.367,-0.367,-0.062,-0.305,0.817,-0.029,0.846,-0.15,0.016,-0.162,0.086,0.614,0.614,0.086,0.7,0.0,0.086,0.127,-0.041,0.086,0.127,-0.041,0.409,0.134,0.47,0.446,0.024,-0.272,0.295,-0.567,-0.921,-0.128,-0.793,1.217,-0.102,1.319,-0.711,-0.212,-0.495,-0.038,0.391,0.391,0.11,0.0,-0.038,0.299,-0.337,-0.038,0.299,-0.337,-0.155,0.396,-0.59,0.7,0.11,1593,797,796
203158,Kevin Jones,2017,-0.728,-0.004,-0.724,-0.631,-0.164,-0.467,0.14,-0.197,0.337,-0.233,-0.042,-0.191,-0.359,-0.36,0.008,0.212,0.971,0.971,-0.875,0.096,0.0,0.212,0.052,0.16,0.212,0.052,0.16,-0.301,-0.548,-0.259,0.143,-0.402,0.015,0.038,-0.023,-0.021,-0.174,0.153,-0.396,-0.013,-0.383,-0.172,-0.351,0.178,-0.008,0.444,0.444,-0.439,0.005,-0.0,-0.008,0.094,-0.102,-0.008,0.094,-0.102,-0.187,-0.028,-0.988,0.139,-1.127,-0.616,-0.126,-0.49,0.118,-0.372,0.49,-0.629,-0.055,-0.574,-0.531,-0.711,0.186,0.204,1.414,1.414,0.101,0.001,0.204,0.146,0.058,0.204,0.146,0.058,-0.488,-0.576,0.096,0.005,0.102,1273,633,640
202693,Markieff Morris,2017,0.785,0.071,0.714,0.462,0.184,0.278,0.625,-0.107,0.732,-0.373,-0.075,-0.298,0.274,0.019,0.256,-0.95,-0.465,-0.465,0.109,-0.356,-0.0,-0.95,-0.466,-0.484,-0.95,-0.466,-0.484,-0.034,0.167,-0.331,-0.099,-0.232,-0.332,-0.016,-0.316,-0.019,-0.079,0.06,0.119,-0.037,0.156,0.049,-0.031,0.08,0.337,0.403,0.403,0.055,0.458,0.0,0.337,0.304,0.033,0.337,0.304,0.033,0.053,-0.06,0.454,-0.028,0.482,0.13,0.168,-0.038,0.607,-0.185,0.792,-0.255,-0.112,-0.143,0.323,-0.012,0.336,-0.613,-0.062,-0.062,0.102,-0.0,-0.613,-0.162,-0.451,-0.613,-0.162,-0.451,0.018,0.107,-0.356,0.458,0.102,43599,21796,21803
1626153,Delon Wright,2017,-1.384,-0.172,-1.212,-1.172,0.404,-1.576,-0.042,0.529,-0.571,0.002,-0.038,0.04,0.175,0.525,-0.349,0.038,0.136,0.136,-1.171,-1.035,-0.0,0.038,-0.001,0.039,0.038,-0.001,0.039,-2.341,-0.455,0.787,-0.154,0.941,0.61,-0.049,0.659,-0.04,-0.114,0.074,0.371,-0.0,0.371,-0.073,-0.151,0.08,0.363,0.052,0.052,1.077,1.129,0.0,0.363,0.298,0.065,0.363,0.298,0.065,-0.037,-0.006,-0.597,-0.326,-0.271,-0.562,0.355,-0.917,-0.082,0.415,-0.497,0.373,-0.038,0.411,0.102,0.374,-0.268,0.401,0.188,0.188,0.094,-0.0,0.401,0.297,0.104,0.401,0.297,0.104,-2.378,-0.461,-1.035,1.129,0.094,3048,1523,1525
201589,Darrell Arthur,2017,-0.996,0.075,-1.071,-0.552,-0.3,-0.252,0.032,-0.505,0.537,-0.551,-0.077,-0.474,-0.19,-0.294,0.104,0.536,-1.076,-1.076,-0.65,-1.726,0.0,0.536,0.361,0.175,0.536,0.361,0.175,0.247,-0.645,1.834,0.031,1.803,0.761,0.203,0.558,0.853,-0.077,0.93,0.189,-0.072,0.261,-0.248,-0.234,-0.016,0.626,-0.392,-0.392,2.212,1.82,-0.0,0.626,0.14,0.486,0.626,0.14,0.486,1.418,0.568,0.838,0.106,0.732,0.209,-0.097,0.306,0.885,-0.582,1.467,-0.362,-0.149,-0.213,-0.439,-0.528,0.088,1.163,-1.468,-1.468,0.094,-0.001,1.163,0.501,0.662,1.163,0.501,0.662,1.665,-0.077,-1.726,1.82,0.093,21215,10602,10613
203527,Ryan Kelly,2017,0.211,0.589,-0.378,0.065,-0.018,0.083,-0.607,0.211,-0.818,0.164,0.087,0.077,0.431,0.314,0.117,0.81,-0.83,-0.83,1.452,0.622,0.0,0.81,0.481,0.329,0.81,0.481,0.329,2.11,0.593,-0.118,0.164,-0.282,-0.612,0.09,-0.702,0.269,-0.071,0.34,0.061,-0.043,0.104,0.23,0.179,0.051,-0.454,-0.2,-0.2,-0.342,-0.542,0.0,-0.454,-0.386,-0.068,-0.454,-0.386,-0.068,-1.041,-0.152,0.093,0.753,-0.66,-0.548,0.072,-0.62,-0.337,0.14,-0.477,0.225,0.045,0.18,0.661,0.493,0.168,0.357,-1.03,-1.03,0.08,0.0,0.357,0.095,0.262,0.357,0.095,0.262,1.069,0.442,0.622,-0.542,0.08,12364,6203,6161
1626163,Frank Kaminsky,2017,-0.593,0.226,-0.819,-0.586,-0.123,-0.463,-0.104,0.193,-0.297,-0.129,0.038,-0.167,0.399,0.197,0.197,0.82,-0.405,-0.405,0.626,0.221,0.0,0.82,0.678,0.142,0.82,0.678,0.142,0.525,-0.239,-0.73,-0.115,-0.615,-0.551,0.048,-0.599,-0.021,-0.201,0.18,-0.043,-0.052,0.009,-0.025,0.037,-0.058,-0.296,0.898,0.898,-1.051,-0.153,-0.0,-0.296,0.286,-0.582,-0.296,0.286,-0.582,-1.642,-0.118,-1.324,0.111,-1.435,-1.137,-0.075,-1.062,-0.125,-0.008,-0.117,-0.173,-0.015,-0.158,0.373,0.234,0.139,0.524,0.494,0.494,0.068,-0.0,0.524,0.964,-0.44,0.524,0.964,-0.44,-1.116,-0.357,0.221,-0.153,0.068,15016,7509,7507
201156,Nick Young,2017,0.439,0.133,0.306,-1.19,-0.422,-0.768,0.256,-0.003,0.259,1.24,0.138,1.102,0.477,0.002,0.474,0.586,-0.27,-0.27,1.502,1.232,0.0,0.586,0.611,-0.025,0.586,0.611,-0.025,-0.631,-1.106,0.083,0.152,-0.069,-0.212,0.047,-0.259,0.199,-0.022,0.221,-0.056,0.035,-0.091,-0.247,-0.479,0.23,-0.232,-0.787,-0.787,-0.396,-1.183,0.0,-0.232,-0.162,-0.07,-0.232,-0.162,-0.07,-0.353,-0.0,0.52,0.285,0.235,-1.402,-0.375,-1.027,0.453,-0.026,0.479,1.184,0.173,1.011,0.23,-0.477,0.704,0.354,-1.058,-1.058,0.049,-0.001,0.354,0.449,-0.095,0.354,0.449,-0.095,-0.985,-1.106,1.232,-1.183,0.048,26961,13488,13473
202355,Hassan Whiteside,2017,0.033,0.005,0.028,-0.159,-0.145,-0.014,-0.369,-0.526,0.157,0.556,-0.132,0.688,-1.059,-0.314,-0.748,-1.126,2.259,2.259,-2.152,0.107,0.0,-1.126,-0.114,-1.012,-1.126,-0.114,-1.012,-0.507,-0.147,0.998,0.009,0.989,1.59,0.226,1.364,-0.319,0.422,-0.741,-0.282,0.052,-0.334,0.376,0.402,-0.023,-1.635,0.184,0.184,-0.261,-0.077,-0.0,-1.635,-0.754,-0.881,-1.635,-0.754,-0.881,-0.857,0.654,1.031,0.014,1.017,1.431,0.081,1.35,-0.688,-0.104,-0.584,0.274,-0.08,0.354,-0.683,0.088,-0.771,-2.762,2.443,2.443,0.03,0.001,-2.762,-0.868,-1.894,-2.762,-0.868,-1.894,-1.364,0.507,0.107,-0.077,0.031,23235,11618,11617
1627832,Fred VanVleet,2017,-1.026,0.146,-1.172,-0.808,0.18,-0.988,0.024,0.139,-0.115,-0.388,-0.031,-0.357,-0.26,-0.312,0.057,-0.18,0.676,0.676,-1.466,-0.79,-0.0,-0.18,0.248,-0.428,-0.18,0.248,-0.428,-1.176,-0.284,0.556,-0.148,0.704,0.256,-0.077,0.333,0.146,-0.07,0.216,0.302,0.023,0.279,-0.209,-0.183,-0.024,0.159,0.307,0.307,0.506,0.813,-0.0,0.159,0.022,0.137,0.159,0.022,0.137,0.982,0.044,-0.468,-0.002,-0.466,-0.551,0.103,-0.654,0.171,0.07,0.101,-0.086,-0.008,-0.078,-0.469,-0.494,0.033,-0.02,0.983,0.983,0.023,-0.0,-0.02,0.271,-0.291,-0.02,0.271,-0.291,-0.195,-0.24,-0.79,0.813,0.023,1263,633,630
101162,Marcin Gortat,2017,0.184,-0.288,0.472,1.079,-0.194,1.273,-1.062,-0.763,-0.299,0.455,-0.11,0.565,-1.478,-1.258,-0.218,-0.115,0.459,0.459,-1.409,-0.95,0.0,-0.115,-0.472,0.357,-0.115,-0.472,0.357,3.727,1.046,0.545,0.114,0.431,0.498,0.202,0.296,-0.005,0.488,-0.493,-0.062,-0.018,-0.044,1.115,1.383,-0.268,-0.794,0.105,0.105,0.866,0.971,-0.0,-0.794,-0.207,-0.587,-0.794,-0.207,-0.587,-1.694,0.075,0.729,-0.174,0.903,1.578,0.009,1.569,-1.068,-0.275,-0.793,0.393,-0.128,0.521,-0.364,0.124,-0.486,-0.909,0.564,0.564,0.021,-0.0,-0.909,-0.678,-0.231,-0.909,-0.678,-0.231,2.033,1.121,-0.95,0.971,0.021,50699,25389,25310
201973,Jonas Jerebko,2017,-0.507,0.243,-0.75,0.138,0.285,-0.147,-0.508,0.389,-0.897,-0.38,0.116,-0.496,-0.024,-0.255,0.233,-0.21,1.055,1.055,-0.741,0.314,0.0,-0.21,-0.192,-0.018,-0.21,-0.192,-0.018,0.625,0.219,-0.879,0.122,-1.001,-0.743,-0.036,-0.707,-0.194,-0.069,-0.125,-0.064,-0.004,-0.06,-0.039,-0.236,0.196,0.463,0.159,0.159,-0.455,-0.296,0.0,0.463,0.202,0.261,0.463,0.202,0.261,0.323,-0.093,-1.385,0.365,-1.75,-0.605,0.248,-0.853,-0.701,0.321,-1.022,-0.444,0.112,-0.556,-0.063,-0.49,0.43,0.253,1.214,1.214,0.018,0.0,0.253,0.01,0.243,0.253,0.01,0.243,0.948,0.127,0.314,-0.296,0.018,21816,10867,10949
1626204,Larry Nance Jr.,2017,-0.613,-0.044,-0.569,0.485,0.09,0.395,0.047,-0.214,0.261,-1.101,-0.058,-1.043,-0.423,-0.512,0.089,-0.639,0.324,0.324,-1.675,-1.351,0.0,-0.639,-0.582,-0.057,-0.639,-0.582,-0.057,-0.228,0.626,0.222,-0.067,0.289,-0.812,-0.045,-0.767,0.839,-0.026,0.865,0.262,0.02,0.242,-0.024,-0.146,0.123,0.746,0.388,0.388,0.944,1.332,0.0,0.746,0.768,-0.022,0.746,0.768,-0.022,0.212,-0.565,-0.391,-0.111,-0.28,-0.326,0.046,-0.372,0.885,-0.24,1.125,-0.839,-0.038,-0.801,-0.447,-0.657,0.212,0.107,0.712,0.712,-0.019,0.0,0.107,0.185,-0.078,0.107,0.185,-0.078,-0.016,0.062,-1.351,1.332,-0.019,10756,5376,5380
1626257,Salah Mejri,2017,-0.255,0.321,-0.576,-0.407,-0.342,-0.065,0.33,-0.269,0.599,-0.499,-0.026,-0.473,-0.368,-0.07,-0.298,-0.341,-0.872,-0.872,-0.964,-1.836,-0.0,-0.341,-0.043,-0.298,-0.341,-0.043,-0.298,-2.208,-0.268,0.392,0.102,0.29,0.983,0.314,0.669,-0.547,-0.018,-0.529,-0.146,-0.051,-0.095,-0.22,-0.316,0.097,0.627,1.018,1.018,0.799,1.817,-0.0,0.627,0.517,0.11,0.627,0.517,0.11,0.222,0.519,0.136,0.423,-0.287,0.575,-0.028,0.603,-0.217,-0.287,0.07,-0.645,-0.077,-0.568,-0.588,-0.386,-0.201,0.286,0.145,0.145,-0.019,-0.001,0.286,0.474,-0.188,0.286,0.474,-0.188,-1.986,0.251,-1.836,1.817,-0.02,5151,2575,2576
201147,Corey Brewer,2017,-0.083,0.137,-0.22,0.757,0.769,-0.012,-0.168,0.691,-0.859,-0.809,0.007,-0.816,0.137,0.525,-0.387,-0.081,0.219,0.219,-0.027,0.192,0.0,-0.081,-0.134,0.053,-0.081,-0.134,0.053,0.496,1.473,0.159,0.263,-0.104,0.003,-0.139,0.142,0.063,-0.225,0.288,-0.17,-0.016,-0.154,-0.176,-0.255,0.079,1.07,-1.289,-1.289,1.053,-0.236,-0.0,1.07,0.529,0.541,1.07,0.529,0.541,-0.063,-0.369,0.079,0.4,-0.321,0.76,0.63,0.13,-0.104,0.467,-0.571,-0.977,-0.008,-0.969,-0.039,0.27,-0.308,0.988,-1.069,-1.069,-0.044,0.001,0.988,0.395,0.593,0.988,0.395,0.593,0.433,1.104,0.192,-0.236,-0.043,41603,20781,20822
203503,Tony Snell,2017,0.072,0.197,-0.125,-0.476,0.126,-0.602,0.009,0.144,-0.135,0.342,0.069,0.273,-0.377,-0.471,0.096,0.045,-0.812,-0.812,-0.26,-1.072,0.0,0.045,-0.154,0.199,0.045,-0.154,0.199,0.603,-0.344,1.43,-0.031,1.461,0.293,-0.063,0.356,0.21,0.013,0.197,0.958,0.034,0.924,0.105,-0.045,0.154,-0.326,-0.186,-0.186,1.209,1.023,0.0,-0.326,-0.102,-0.224,-0.326,-0.102,-0.224,0.895,0.066,1.503,0.166,1.337,-0.183,0.063,-0.246,0.22,0.157,0.063,1.3,0.103,1.197,-0.272,-0.517,0.25,-0.282,-0.998,-0.998,-0.049,0.0,-0.282,-0.256,-0.026,-0.282,-0.256,-0.026,1.498,-0.278,-1.072,1.023,-0.049,25193,12555,12638
202324,Derrick Favors,2017,0.084,-0.047,0.131,0.664,-0.026,0.69,-1.069,-0.697,-0.372,0.536,-0.187,0.723,-0.547,-0.195,-0.355,-0.563,0.171,0.171,-1.026,-0.855,0.0,-0.563,-0.525,-0.038,-0.563,-0.525,-0.038,1.989,0.87,0.045,-0.314,0.359,0.536,0.049,0.487,0.107,0.202,-0.095,-0.284,0.012,-0.296,0.328,0.261,0.067,0.095,0.332,0.332,0.468,0.8,0.0,0.095,0.551,-0.456,0.095,0.551,-0.456,-0.063,0.174,0.128,-0.361,0.489,1.199,0.023,1.176,-0.962,-0.495,-0.467,0.252,-0.175,0.427,-0.22,0.066,-0.289,-0.468,0.503,0.503,-0.055,0.001,-0.468,0.025,-0.493,-0.468,0.025,-0.493,1.926,1.044,-0.855,0.8,-0.054,35795,17888,17907
1626145,Tyus Jones,2017,0.183,0.007,0.176,0.723,0.197,0.526,-0.78,0.136,-0.916,0.233,-0.02,0.253,-0.303,-0.418,0.117,0.768,0.168,0.168,0.648,0.816,-0.0,0.768,0.295,0.473,0.768,0.295,0.473,0.905,0.778,-1.207,-0.018,-1.189,-0.67,-0.19,-0.48,0.079,-0.285,0.364,-0.598,-0.008,-0.59,-0.16,-0.16,0.002,0.684,-0.2,-0.2,-0.683,-0.883,0.0,0.684,0.421,0.263,0.684,0.421,0.263,0.532,-0.46,-1.022,-0.011,-1.011,0.054,0.008,0.046,-0.701,-0.149,-0.552,-0.364,-0.027,-0.337,-0.463,-0.578,0.118,1.452,-0.032,-0.032,-0.067,0.001,1.452,0.716,0.736,1.452,0.716,0.736,1.436,0.318,0.816,-0.883,-0.066,5265,2632,2633
1626246,Boban Marjanovic,2017,-1.263,0.104,-1.367,-0.13,-0.156,0.026,-0.25,-0.402,0.152,-0.987,-0.136,-0.851,0.431,0.173,0.26,0.169,1.445,1.445,-0.663,0.782,-0.0,0.169,-0.127,0.296,0.169,-0.127,0.296,-1.166,0.118,-1.261,-0.008,-1.253,-0.051,0.145,-0.196,-0.409,-0.023,-0.386,-0.793,-0.013,-0.78,0.003,-0.01,0.015,-0.476,0.883,0.883,-1.734,-0.851,0.0,-0.476,-0.174,-0.302,-0.476,-0.174,-0.302,-0.676,0.057,-2.524,0.096,-2.62,-0.181,-0.011,-0.17,-0.659,-0.425,-0.234,-1.78,-0.149,-1.631,0.434,0.163,0.275,-0.307,2.328,2.328,-0.069,-0.0,-0.307,-0.301,-0.006,-0.307,-0.301,-0.006,-1.842,0.175,0.782,-0.851,-0.069,3200,1605,1595
101141,Ersan Ilyasova,2017,0.121,-0.047,0.168,-0.175,0.134,-0.309,0.038,0.137,-0.099,0.305,0.041,0.264,-0.383,-0.173,-0.209,-0.184,0.899,0.899,-0.446,0.453,0.0,-0.184,0.029,-0.213,-0.184,0.029,-0.213,1.155,-0.154,-1.359,-0.262,-1.097,-0.439,-0.229,-0.21,-0.31,0.021,-0.331,-0.348,0.046,-0.394,-0.087,-0.079,-0.009,1.165,-0.246,-0.246,-0.281,-0.527,-0.0,1.165,-0.196,1.361,1.165,-0.196,1.361,-0.476,-0.254,-1.239,-0.309,-0.93,-0.614,-0.095,-0.519,-0.272,0.158,-0.43,-0.044,0.086,-0.13,-0.471,-0.252,-0.218,0.981,0.653,0.653,-0.074,-0.0,0.981,-0.167,1.148,0.981,-0.167,1.148,0.679,-0.408,0.453,-0.527,-0.074,36131,18068,18063
101183,Shavlik Randolph,2017,-0.757,-0.132,-0.625,-0.465,-0.082,-0.383,0.226,-0.008,0.234,-0.386,-0.017,-0.369,-0.425,-0.005,-0.419,0.244,0.793,0.793,-0.938,-0.145,-0.0,0.244,-0.079,0.323,0.244,-0.079,0.323,-0.427,-0.363,-0.165,-0.059,-0.106,-0.006,0.146,-0.152,0.142,-0.065,0.207,-0.242,-0.017,-0.225,-0.101,-0.158,0.058,0.151,0.185,0.185,-0.115,0.07,0.0,0.151,-0.077,0.228,0.151,-0.077,0.228,-0.249,0.038,-0.921,-0.191,-0.73,-0.471,0.064,-0.535,0.368,-0.072,0.44,-0.627,-0.034,-0.593,-0.525,-0.163,-0.362,0.395,0.978,0.978,-0.075,-0.0,0.395,-0.155,0.55,0.395,-0.155,0.55,-0.676,-0.324,-0.145,0.07,-0.075,1621,812,809
2749,Jameer Nelson,2017,0.551,-0.278,0.829,-0.16,-0.052,-0.108,1.322,0.5,0.822,-0.333,0.224,-0.557,-0.054,-0.268,0.211,0.361,0.406,0.406,0.858,1.264,-0.0,0.361,0.264,0.097,0.361,0.264,0.097,1.829,0.272,-1.223,-0.106,-1.117,0.484,0.244,0.24,-0.471,0.15,-0.621,-1.13,-0.018,-1.112,0.008,-0.103,0.11,-0.572,0.443,0.443,-1.787,-1.344,-0.0,-0.572,-0.374,-0.198,-0.572,-0.374,-0.198,-1.473,0.528,-0.672,-0.384,-0.288,0.323,0.191,0.132,0.851,0.65,0.201,-1.462,0.206,-1.668,-0.047,-0.371,0.321,-0.212,0.849,0.849,-0.08,-0.001,-0.212,-0.11,-0.102,-0.212,-0.11,-0.102,0.355,0.8,1.264,-1.344,-0.081,33251,16629,16622
204065,David Stockton,2017,0.286,0.267,0.019,-0.107,-0.105,-0.002,-0.013,0.104,-0.117,0.139,-0.003,0.142,0.097,0.221,-0.12,-0.067,-0.273,-0.273,0.316,0.043,0.0,-0.067,-0.06,-0.007,-0.067,-0.06,-0.007,-0.11,-0.133,-0.127,-0.075,-0.052,-0.099,0.036,-0.135,-0.073,-0.05,-0.023,0.12,0.004,0.116,-0.094,-0.035,-0.055,-0.019,0.102,0.102,-0.24,-0.138,0.0,-0.019,-0.053,0.034,-0.019,-0.053,0.034,-0.008,-0.042,0.159,0.192,-0.033,-0.207,-0.069,-0.138,-0.085,0.054,-0.139,0.259,0.001,0.258,0.003,0.186,-0.175,-0.086,-0.171,-0.171,-0.095,0.0,-0.086,-0.113,0.027,-0.086,-0.113,0.027,-0.119,-0.175,0.043,-0.138,-0.095,143,72,71
1627098,Malcolm Delaney,2017,-0.762,0.177,-0.939,-0.623,-0.307,-0.316,0.174,-0.052,0.226,-0.49,0.031,-0.521,-0.327,-0.13,-0.196,0.122,-0.3,-0.3,-0.967,-1.267,0.0,0.122,-0.161,0.283,0.122,-0.161,0.283,-0.482,-0.63,-0.012,0.093,-0.105,-0.073,0.202,-0.275,-0.312,0.03,-0.342,0.28,-0.013,0.293,-0.047,0.027,-0.072,0.801,0.424,0.424,0.742,1.166,0.0,0.801,0.293,0.508,0.801,0.293,0.508,0.549,0.262,-0.774,0.27,-1.044,-0.697,-0.105,-0.592,-0.137,-0.022,-0.115,-0.21,0.018,-0.228,-0.374,-0.104,-0.268,0.924,0.124,0.124,-0.101,-0.0,0.924,0.132,0.792,0.924,0.132,0.792,0.067,-0.368,-1.267,1.166,-0.101,4902,2445,2457
959,Steve Nash,2017,0.212,-0.135,0.347,-0.212,-0.061,-0.151,0.106,0.037,0.069,0.453,0.025,0.428,0.25,0.156,0.098,0.376,-1.02,-1.02,0.838,-0.182,0.0,0.376,-0.247,0.623,0.376,-0.247,0.623,1.708,0.286,-0.395,0.086,-0.481,-0.439,0.123,-0.562,0.171,0.254,-0.083,-0.213,-0.008,-0.205,0.574,0.457,0.115,-0.105,0.007,0.007,0.074,0.081,0.0,-0.105,-0.202,0.097,-0.105,-0.202,0.097,-0.054,0.096,-0.184,-0.049,-0.135,-0.651,0.062,-0.713,0.277,0.291,-0.014,0.239,0.017,0.222,0.824,0.613,0.213,0.271,-1.013,-1.013,-0.101,0.0,0.271,-0.449,0.72,0.271,-0.449,0.72,1.654,0.382,-0.182,0.081,-0.101,7969,3988,3981
203083,Andre Drummond,2017,0.85,-0.065,0.915,0.665,0.235,0.43,-0.093,-0.246,0.153,0.343,-0.141,0.484,-1.99,-0.198,-1.793,-0.621,1.876,1.876,-1.761,0.115,0.0,-0.621,0.058,-0.679,-0.621,0.058,-0.679,0.562,0.972,-0.407,-0.136,-0.271,-0.244,0.048,-0.292,-0.114,0.273,-0.387,0.087,0.001,0.086,0.618,0.65,-0.032,-0.539,0.096,0.096,-0.328,-0.232,0.0,-0.539,-0.252,-0.287,-0.539,-0.252,-0.287,-2.704,-0.107,0.443,-0.201,0.644,0.421,0.283,0.138,-0.207,0.027,-0.234,0.43,-0.14,0.57,-1.372,0.451,-1.824,-1.16,1.972,1.972,-0.117,0.0,-1.16,-0.194,-0.966,-1.16,-0.194,-0.966,-2.141,0.864,0.115,-0.232,-0.117,44776,22351,22425
1627750,Jamal Murray,2017,1.442,0.137,1.305,-0.881,-0.051,-0.83,0.595,0.306,0.289,1.591,0.103,1.488,-0.109,-0.279,0.169,-0.766,0.094,0.094,0.567,0.661,0.0,-0.766,-0.328,-0.438,-0.766,-0.328,-0.438,1.116,-0.494,-0.408,-0.052,-0.356,-0.844,-0.05,-0.794,0.318,0.141,0.177,0.17,0.075,0.095,-0.169,-0.024,-0.144,-0.642,0.435,0.435,-1.219,-0.784,-0.0,-0.642,-0.482,-0.16,-0.642,-0.482,-0.16,1.589,-0.197,1.035,0.085,0.95,-1.726,-0.102,-1.624,0.915,0.448,0.467,1.761,0.178,1.583,-0.278,-0.303,0.026,-1.408,0.528,0.528,-0.123,-0.0,-1.408,-0.809,-0.599,-1.408,-0.809,-0.599,2.705,-0.691,0.661,-0.784,-0.123,7122,3561,3561
204038,Langston Galloway,2017,-1.542,-0.384,-1.158,-0.889,-0.286,-0.603,-0.433,0.063,-0.496,0.164,0.051,0.113,0.012,-0.0,0.008,0.532,0.058,0.058,-0.998,-0.94,0.0,0.532,0.12,0.412,0.532,0.12,0.412,0.451,-0.928,1.887,0.22,1.667,0.229,-0.077,0.306,0.592,-0.071,0.663,0.846,0.041,0.805,-0.183,-0.134,-0.047,-0.059,-0.839,-0.839,1.645,0.806,0.0,-0.059,0.163,-0.222,-0.059,0.163,-0.222,2.441,0.038,0.345,-0.164,0.509,-0.66,-0.363,-0.297,0.158,-0.009,0.167,1.011,0.093,0.918,-0.172,-0.134,-0.039,0.473,-0.782,-0.782,-0.134,-0.001,0.473,0.282,0.191,0.473,0.282,0.191,2.891,-0.891,-0.94,0.806,-0.135,19042,9528,9514
204456,T.J. McConnell,2017,1.232,-0.111,1.343,0.776,0.076,0.7,0.379,0.094,0.285,0.188,-0.01,0.198,-0.307,-0.07,-0.24,-0.137,-0.904,-0.904,0.788,-0.116,-0.0,-0.137,0.368,-0.505,-0.137,0.368,-0.505,2.849,0.855,-0.922,-0.018,-0.904,-0.39,0.083,-0.473,-0.284,0.247,-0.531,-0.23,0.07,-0.3,-0.279,-0.203,-0.075,1.045,0.123,0.123,-0.156,-0.033,0.0,1.045,0.896,0.149,1.045,0.896,0.149,0.438,-0.042,0.309,-0.129,0.438,0.386,0.159,0.227,0.094,0.34,-0.246,-0.042,0.06,-0.102,-0.586,-0.273,-0.315,0.908,-0.781,-0.781,-0.149,0.0,0.908,1.264,-0.356,0.908,1.264,-0.356,3.287,0.813,-0.116,-0.033,-0.149,15036,7513,7523
2733,Shaun Livingston,2017,0.577,-0.041,0.618,0.349,-0.189,0.538,0.424,-0.649,1.073,-0.155,-0.184,0.029,0.276,-0.092,0.369,-0.274,-0.268,-0.268,0.579,0.311,0.0,-0.274,-0.257,-0.017,-0.274,-0.257,-0.017,0.579,0.406,-0.177,-0.119,-0.058,-0.56,-0.054,-0.506,0.162,-0.015,0.177,0.34,-0.022,0.362,0.019,0.048,-0.03,-0.011,-0.292,-0.292,-0.169,-0.461,-0.0,-0.011,0.16,-0.171,-0.011,0.16,-0.171,-0.673,-0.507,0.399,-0.16,0.559,-0.212,-0.244,0.032,0.586,-0.664,1.25,0.185,-0.206,0.391,0.295,-0.044,0.339,-0.285,-0.559,-0.559,-0.15,0.0,-0.285,-0.097,-0.188,-0.285,-0.097,-0.188,-0.094,-0.101,0.311,-0.461,-0.15,35428,17651,17777
203895,Jordan McRae,2017,0.185,-0.011,0.196,-0.409,-0.11,-0.299,-0.375,0.012,-0.387,0.98,-0.033,1.013,0.001,0.04,-0.036,0.768,-0.233,-0.233,0.954,0.721,0.0,0.768,0.287,0.481,0.768,0.287,0.481,0.134,-0.276,0.038,-0.167,0.205,0.47,-0.02,0.49,-0.284,-0.075,-0.209,0.019,0.008,0.011,0.073,-0.026,0.102,-0.221,-0.761,-0.761,-0.11,-0.871,0.0,-0.221,-0.407,0.186,-0.221,-0.407,0.186,0.938,0.065,0.223,-0.178,0.401,0.061,-0.13,0.191,-0.658,-0.063,-0.595,0.998,-0.026,1.024,0.074,0.014,0.067,0.547,-0.994,-0.994,-0.15,0.0,0.547,-0.12,0.667,0.547,-0.12,0.667,1.073,-0.211,0.721,-0.871,-0.15,2218,1100,1118
201961,Wayne Ellington,2017,-1.201,-0.052,-1.149,-0.513,-0.248,-0.265,-0.612,-0.243,-0.369,-0.024,0.05,-0.074,-0.621,-0.628,0.007,1.132,0.424,0.424,-0.69,-0.266,0.0,1.132,0.563,0.569,1.132,0.563,0.569,0.819,-0.252,0.692,0.083,0.609,-0.089,-0.105,0.016,0.013,-0.14,0.153,0.685,-0.02,0.705,-0.092,-0.079,-0.015,-0.08,-0.418,-0.418,0.52,0.102,-0.0,-0.08,-0.164,0.084,-0.08,-0.164,0.084,0.45,-0.35,-0.508,0.031,-0.539,-0.601,-0.352,-0.249,-0.599,-0.383,-0.216,0.661,0.03,0.631,-0.713,-0.707,-0.007,1.052,0.006,0.006,-0.164,0.0,1.052,0.399,0.653,1.052,0.399,0.653,1.269,-0.601,-0.266,0.102,-0.164,26456,13213,13243
203937,Kyle Anderson,2017,-0.592,0.526,-1.118,0.291,0.254,0.037,-0.857,-0.451,-0.406,-0.552,-0.196,-0.356,-0.21,-0.267,0.055,-0.411,0.288,0.288,-1.213,-0.925,-0.0,-0.411,-0.308,-0.103,-0.411,-0.308,-0.103,-1.572,0.419,-0.428,0.103,-0.531,-0.425,-0.024,-0.401,-0.715,0.016,-0.731,0.609,0.02,0.589,0.158,0.011,0.15,0.499,0.516,0.516,0.229,0.745,0.0,0.499,0.227,0.272,0.499,0.227,0.272,0.109,-0.149,-1.02,0.629,-1.649,-0.134,0.23,-0.364,-1.572,-0.435,-1.137,0.057,-0.176,0.233,-0.052,-0.256,0.205,0.089,0.804,0.804,-0.18,0.001,0.089,-0.08,0.169,0.089,-0.08,0.169,-1.463,0.27,-0.925,0.745,-0.179,11254,5613,5641
2427,Roger Mason Jr.,2017,1.44,-0.194,1.634,-0.887,-0.283,-0.604,1.399,0.17,1.229,1.122,0.188,0.934,-0.22,-0.321,0.109,-0.58,1.01,1.01,0.64,1.65,0.0,-0.58,-0.024,-0.556,-0.58,-0.024,-0.556,2.136,-0.742,-0.445,0.19,-0.635,0.128,-0.022,0.15,-0.228,-0.175,-0.053,-0.535,-0.014,-0.521,-0.432,-0.302,-0.131,-0.335,-0.623,-0.623,-1.212,-1.835,0.0,-0.335,-0.131,-0.204,-0.335,-0.131,-0.204,-0.427,0.146,0.996,-0.004,1.0,-0.759,-0.305,-0.454,1.171,-0.005,1.176,0.588,0.174,0.414,-0.651,-0.623,-0.022,-0.915,0.387,0.387,-0.185,0.0,-0.915,-0.155,-0.76,-0.915,-0.155,-0.76,1.709,-0.596,1.65,-1.835,-0.185,5445,2731,2714
1627835,Paul Zipser,2017,0.39,-0.099,0.489,-0.009,-0.021,0.012,-0.6,-0.007,-0.593,1.098,-0.011,1.109,-0.17,-0.231,0.065,-0.351,-0.255,-0.255,-0.131,-0.386,0.0,-0.351,0.094,-0.445,-0.351,0.094,-0.445,0.925,-0.284,-0.053,-0.164,0.111,-0.497,0.001,-0.498,0.073,-0.031,0.104,0.535,-0.01,0.545,0.198,0.242,-0.042,0.075,-0.02,-0.02,0.22,0.2,-0.0,0.075,0.306,-0.231,0.075,0.306,-0.231,-0.483,-0.18,0.338,-0.263,0.601,-0.506,-0.02,-0.486,-0.527,-0.038,-0.489,1.634,-0.021,1.655,0.028,0.011,0.023,-0.276,-0.274,-0.274,-0.186,-0.0,-0.276,0.4,-0.676,-0.276,0.4,-0.676,0.442,-0.464,-0.386,0.2,-0.186,3799,1895,1904
2229,Mike James,2017,-0.091,-0.098,0.007,-0.483,-0.427,-0.056,-0.287,-0.184,-0.103,0.777,0.063,0.714,-0.472,-0.293,-0.173,0.42,-0.194,-0.194,-0.143,-0.337,-0.0,0.42,0.019,0.401,0.42,0.019,0.401,1.086,-0.627,0.743,-0.043,0.786,0.123,-0.083,0.206,0.121,0.006,0.115,0.542,-0.002,0.544,-0.025,0.13,-0.155,-0.071,-0.504,-0.504,0.647,0.143,-0.0,-0.071,0.257,-0.328,-0.071,0.257,-0.328,0.489,0.014,0.651,-0.141,0.792,-0.36,-0.51,0.15,-0.167,-0.178,0.011,1.319,0.061,1.258,-0.497,-0.162,-0.328,0.349,-0.698,-0.698,-0.194,-0.0,0.349,0.277,0.072,0.349,0.277,0.072,1.575,-0.613,-0.337,0.143,-0.194,3402,1699,1703
201956,Omri Casspi,2017,0.687,0.178,0.509,1.182,0.27,0.912,-0.352,0.469,-0.821,-0.321,0.081,-0.402,-0.114,0.331,-0.446,-0.603,0.179,0.179,-0.03,0.149,-0.0,-0.603,-0.226,-0.377,-0.603,-0.226,-0.377,1.587,0.933,0.188,-0.109,0.297,-0.25,-0.048,-0.202,0.55,-0.07,0.62,-0.003,-0.021,0.018,-0.081,0.044,-0.124,0.06,-0.515,-0.515,0.167,-0.348,0.0,0.06,0.137,-0.077,0.06,0.137,-0.077,1.11,0.015,0.873,0.069,0.804,0.932,0.222,0.71,0.196,0.398,-0.202,-0.324,0.06,-0.384,-0.195,0.375,-0.57,-0.543,-0.336,-0.336,-0.199,-0.0,-0.543,-0.089,-0.454,-0.543,-0.089,-0.454,2.697,0.948,0.149,-0.348,-0.199,22745,11368,11377
203481,Jeff Withey,2017,-0.173,0.218,-0.391,-0.031,0.28,-0.311,-0.183,-0.007,-0.176,-0.177,-0.124,-0.053,0.242,0.254,-0.013,-0.453,0.011,0.011,-0.384,-0.373,0.0,-0.453,-0.03,-0.423,-0.453,-0.03,-0.423,-0.289,0.32,-0.33,-0.194,-0.136,0.664,-0.231,0.895,-0.527,-0.02,-0.507,-0.273,0.023,-0.296,0.166,0.339,-0.172,-0.053,0.388,0.388,-0.217,0.171,0.0,-0.053,0.183,-0.236,-0.053,0.183,-0.236,-0.991,-0.153,-0.501,0.024,-0.525,0.634,0.05,0.584,-0.709,-0.027,-0.682,-0.45,-0.101,-0.349,0.408,0.593,-0.185,-0.506,0.399,0.399,-0.202,-0.0,-0.506,0.153,-0.659,-0.506,0.153,-0.659,-1.28,0.167,-0.373,0.171,-0.202,7701,3842,3859
204020,Tyler Johnson,2017,-1.93,-0.055,-1.875,-0.546,-0.053,-0.493,-0.467,0.067,-0.534,-0.862,-0.015,-0.847,0.203,0.528,-0.328,0.286,0.102,0.102,-1.441,-1.339,-0.0,0.286,0.496,-0.21,0.286,0.496,-0.21,-1.594,-0.593,0.662,0.054,0.608,0.451,0.051,0.4,-0.525,0.133,-0.658,0.682,0.045,0.637,-0.152,-0.123,-0.029,0.177,0.448,0.448,0.687,1.135,0.0,0.177,-0.222,0.399,0.177,-0.222,0.399,1.97,0.235,-1.269,-0.001,-1.268,-0.095,-0.002,-0.093,-0.992,0.2,-1.192,-0.181,0.03,-0.211,0.051,0.405,-0.357,0.463,0.549,0.549,-0.204,-0.0,0.463,0.274,0.189,0.463,0.274,0.189,0.376,-0.357,-1.339,1.135,-0.204,14277,7126,7151
101109,Raymond Felton,2017,0.832,0.06,0.772,0.73,0.315,0.415,0.201,0.429,-0.228,-0.159,0.105,-0.264,-0.151,-0.38,0.229,0.578,-0.494,-0.494,1.259,0.765,0.0,0.578,0.516,0.062,0.578,0.516,0.062,-0.609,0.188,-0.279,-0.278,-0.001,-0.079,0.026,-0.105,-0.255,-0.158,-0.097,0.333,-0.086,0.419,-0.058,-0.05,-0.007,-0.157,-0.477,-0.477,-0.494,-0.971,0.0,-0.157,-0.004,-0.153,-0.157,-0.004,-0.153,-0.227,-0.059,0.554,-0.218,0.772,0.649,0.34,0.309,-0.052,0.272,-0.324,0.175,0.019,0.156,-0.208,-0.43,0.222,0.421,-0.971,-0.971,-0.206,-0.001,0.421,0.512,-0.091,0.421,0.512,-0.091,-0.835,0.129,0.765,-0.971,-0.207,35386,17673,17713
201785,Othyus Jeffers,2017,-0.005,0.232,-0.237,-0.209,-0.075,-0.134,0.254,0.066,0.188,-0.282,-0.014,-0.268,-0.029,0.013,-0.037,-0.078,0.164,0.164,-0.112,0.052,-0.0,-0.078,0.086,-0.164,-0.078,0.086,-0.164,-0.486,-0.13,-0.255,-0.089,-0.166,0.004,0.042,-0.038,-0.023,-0.051,0.028,-0.147,0.002,-0.149,-0.011,-0.002,-0.007,-0.055,0.044,0.044,-0.321,-0.277,0.0,-0.055,-0.032,-0.023,-0.055,-0.032,-0.023,-0.025,-0.01,-0.261,0.143,-0.404,-0.204,-0.033,-0.171,0.231,0.015,0.216,-0.431,-0.013,-0.418,-0.04,0.012,-0.044,-0.132,0.207,0.207,-0.225,0.0,-0.132,0.054,-0.186,-0.132,0.054,-0.186,-0.511,-0.14,0.052,-0.277,-0.225,166,84,82
203095,Evan Fournier,2017,0.762,0.035,0.727,0.595,0.214,0.381,-0.405,0.299,-0.704,0.537,0.004,0.533,0.399,0.523,-0.126,-0.028,-0.828,-0.828,1.133,0.305,-0.0,-0.028,0.031,-0.059,-0.028,0.031,-0.059,-0.368,0.048,-0.478,0.07,-0.548,-0.535,-0.026,-0.509,-0.714,-0.088,-0.626,0.701,0.035,0.666,-0.35,-0.432,0.083,0.128,0.164,0.164,-0.7,-0.536,-0.0,0.128,0.173,-0.045,0.128,0.173,-0.045,0.791,-0.241,0.285,0.105,0.18,0.06,0.188,-0.128,-1.118,0.212,-1.33,1.238,0.039,1.199,0.049,0.09,-0.043,0.099,-0.664,-0.664,-0.231,-0.0,0.099,0.204,-0.105,0.099,0.204,-0.105,0.423,-0.192,0.305,-0.536,-0.231,33127,16586,16541
1627747,Caris LeVert,2017,0.756,-0.077,0.833,0.394,0.111,0.283,0.473,0.48,-0.007,-0.034,0.057,-0.091,-0.308,-0.094,-0.213,0.587,-0.653,-0.653,1.035,0.382,0.0,0.587,0.404,0.183,0.587,0.404,0.183,0.564,0.727,-0.097,0.031,-0.128,0.165,0.024,0.141,-0.524,0.019,-0.543,0.231,0.07,0.161,-0.368,-0.49,0.124,-0.022,-0.134,-0.134,-0.487,-0.621,0.0,-0.022,0.242,-0.264,-0.022,0.242,-0.264,2.244,0.236,0.658,-0.046,0.704,0.558,0.134,0.424,-0.051,0.499,-0.55,0.197,0.127,0.07,-0.676,-0.584,-0.089,0.565,-0.787,-0.787,-0.239,0.001,0.565,0.646,-0.081,0.565,0.646,-0.081,2.808,0.963,0.382,-0.621,-0.238,5193,2595,2598
1627756,Denzel Valentine,2017,-0.012,0.261,-0.273,-0.258,-0.151,-0.107,-0.201,0.103,-0.304,0.186,0.079,0.107,-0.291,-0.312,0.024,-0.302,0.284,0.284,-0.605,-0.321,0.0,-0.302,-0.031,-0.271,-0.302,-0.031,-0.271,1.134,-0.361,-0.46,-0.155,-0.305,-0.195,0.002,-0.197,-0.018,-0.013,-0.005,-0.092,0.015,-0.107,-0.118,-0.14,0.023,0.305,0.354,0.354,-0.273,0.081,0.0,0.305,-0.007,0.312,0.305,-0.007,0.312,-0.069,-0.184,-0.471,0.106,-0.577,-0.453,-0.149,-0.304,-0.218,0.091,-0.309,0.094,0.094,-0.0,-0.408,-0.452,0.047,0.003,0.638,0.638,-0.24,0.0,0.003,-0.038,0.041,0.003,-0.038,0.041,1.066,-0.545,-0.321,0.081,-0.24,3886,1933,1953
2571,Leandro Barbosa,2017,0.725,-0.06,0.785,0.548,0.408,0.14,-0.174,0.094,-0.268,0.411,-0.097,0.508,0.038,0.055,-0.018,0.171,-0.086,-0.086,0.934,0.848,-0.0,0.171,0.403,-0.232,0.171,0.403,-0.232,0.488,0.535,-0.102,-0.157,0.055,-0.186,0.038,-0.224,-0.087,0.086,-0.173,0.328,0.074,0.254,-0.716,-0.609,-0.107,0.435,-0.718,-0.718,-0.383,-1.101,0.0,0.435,0.008,0.427,0.435,0.008,0.427,1.338,0.051,0.623,-0.217,0.84,0.361,0.445,-0.084,-0.259,0.181,-0.44,0.738,-0.024,0.762,-0.678,-0.554,-0.125,0.606,-0.804,-0.804,-0.253,-0.0,0.606,0.41,0.196,0.606,0.41,0.196,1.827,0.586,0.848,-1.101,-0.253,17123,8529,8594
202362,Lance Stephenson,2017,-1.042,0.018,-1.06,0.735,0.421,0.314,-0.539,0.088,-0.627,-1.256,-0.051,-1.205,-0.384,-0.247,-0.136,0.163,0.882,0.882,-1.263,-0.381,0.0,0.163,0.517,-0.354,0.163,0.517,-0.354,-1.505,0.577,0.75,-0.063,0.813,0.202,0.022,0.18,0.037,0.125,-0.088,0.574,0.063,0.511,-0.247,-0.076,-0.173,0.091,-0.491,-0.491,0.594,0.103,0.0,0.091,-0.01,0.101,0.091,-0.01,0.101,1.733,0.185,-0.294,-0.045,-0.249,0.936,0.442,0.494,-0.502,0.214,-0.716,-0.683,0.011,-0.694,-0.632,-0.323,-0.308,0.254,0.391,0.391,-0.278,0.0,0.254,0.507,-0.253,0.254,0.507,-0.253,0.229,0.763,-0.381,0.103,-0.278,37232,18626,18606
2760,Anderson Varejao,2017,-1.699,0.003,-1.702,-0.85,-0.108,-0.742,-0.321,-0.326,0.005,-0.531,-0.041,-0.49,-0.343,-0.268,-0.073,-0.546,1.479,1.479,-2.588,-1.109,0.0,-0.546,-0.31,-0.236,-0.546,-0.31,-0.236,0.665,0.106,-0.214,-0.092,-0.122,-0.261,0.182,-0.443,-0.325,-0.011,-0.314,0.464,-0.069,0.533,0.119,0.095,0.026,0.437,0.481,0.481,0.342,0.823,0.0,0.437,-0.012,0.449,0.437,-0.012,0.449,-0.795,0.11,-1.913,-0.089,-1.824,-1.111,0.074,-1.185,-0.646,-0.337,-0.309,-0.067,-0.11,0.043,-0.225,-0.173,-0.048,-0.109,1.96,1.96,-0.286,0.0,-0.109,-0.323,0.214,-0.109,-0.323,0.214,-0.131,0.216,-1.109,0.823,-0.286,15289,7629,7660
2772,Trevor Ariza,2017,-0.57,-0.158,-0.412,0.247,-0.153,0.4,-0.686,0.412,-1.098,0.027,0.125,-0.098,-0.117,0.138,-0.26,-0.153,-0.566,-0.566,-0.84,-1.406,0.0,-0.153,-0.4,0.247,-0.153,-0.4,0.247,1.47,0.068,0.006,0.256,-0.25,-0.695,-0.131,-0.564,-0.0,-0.157,0.157,0.445,0.028,0.417,-0.003,-0.085,0.083,0.84,0.269,0.269,0.843,1.112,0.0,0.84,0.771,0.069,0.84,0.771,0.069,-0.137,-0.351,-0.563,0.098,-0.661,-0.448,-0.284,-0.164,-0.686,0.255,-0.941,0.473,0.154,0.319,-0.12,0.053,-0.177,0.688,-0.297,-0.297,-0.294,0.001,0.688,0.371,0.317,0.688,0.371,0.317,1.332,-0.283,-1.406,1.112,-0.293,57009,28526,28483
200779,Steve Novak,2017,0.561,-0.208,0.769,0.136,0.213,-0.077,0.422,0.772,-0.35,0.211,0.29,-0.079,-0.049,-0.035,-0.01,0.607,-0.506,-0.506,1.119,0.613,0.0,0.607,0.285,0.322,0.607,0.285,0.322,-0.414,-0.31,-0.322,0.093,-0.415,-0.522,-0.086,-0.436,0.547,-0.124,0.671,-0.44,-0.028,-0.412,-0.313,-0.136,-0.179,0.147,-0.428,-0.428,-0.488,-0.916,-0.0,0.147,0.071,0.076,0.147,0.071,0.076,1.202,0.08,0.239,-0.115,0.354,-0.386,0.127,-0.513,0.969,0.648,0.321,-0.229,0.262,-0.491,-0.361,-0.171,-0.189,0.754,-0.934,-0.934,-0.303,-0.0,0.754,0.356,0.398,0.754,0.356,0.398,0.788,-0.23,0.613,-0.916,-0.303,9465,4796,4669
200839,Mike Harris,2017,-0.975,0.124,-1.099,-0.036,-0.228,0.192,-0.835,-0.097,-0.738,-0.228,-0.048,-0.18,0.058,0.129,-0.067,0.028,0.324,0.324,-0.889,-0.565,0.0,0.028,0.148,-0.12,0.028,0.148,-0.12,-0.53,-0.159,-0.348,-0.089,-0.259,-0.283,0.1,-0.383,0.255,-0.017,0.272,-0.231,-0.014,-0.217,0.022,0.014,0.01,0.316,0.257,0.257,-0.01,0.247,-0.0,0.316,-0.025,0.341,0.316,-0.025,0.341,-0.039,-0.021,-1.322,0.035,-1.357,-0.318,-0.127,-0.191,-0.58,-0.114,-0.466,-0.459,-0.062,-0.397,0.079,0.143,-0.057,0.344,0.581,0.581,-0.318,-0.0,0.344,0.123,0.221,0.344,0.123,0.221,-0.569,-0.18,-0.565,0.247,-0.318,857,430,427
201177,Josh McRoberts,2017,0.235,0.149,0.086,0.418,0.231,0.187,0.069,0.155,-0.086,-0.401,0.064,-0.465,-0.555,-0.59,0.037,0.185,-0.44,-0.44,-0.135,-0.575,0.0,0.185,0.051,0.134,0.185,0.051,0.134,3.586,0.894,0.254,0.246,0.008,0.013,-0.046,0.059,0.007,-0.062,0.069,-0.012,-0.02,0.008,0.268,0.3,-0.034,-0.251,-0.025,-0.025,0.271,0.246,-0.0,-0.251,-0.365,0.114,-0.251,-0.365,0.114,0.782,-0.004,0.488,0.395,0.093,0.431,0.185,0.246,0.076,0.093,-0.017,-0.414,0.043,-0.457,-0.288,-0.289,0.004,-0.066,-0.465,-0.465,-0.329,0.0,-0.066,-0.315,0.249,-0.066,-0.315,0.249,4.368,0.89,-0.575,0.246,-0.329,20298,10152,10146
1626149,Montrezl Harrell,2017,0.883,-0.125,1.008,0.392,-0.035,0.427,0.21,0.139,0.071,0.406,-0.001,0.407,-0.35,-0.201,-0.151,-0.73,0.308,0.308,-0.197,0.111,-0.0,-0.73,-0.768,0.038,-0.73,-0.768,0.038,0.564,0.462,-0.123,-0.082,-0.041,-0.598,0.139,-0.737,0.594,0.032,0.562,-0.037,-0.02,-0.017,0.195,0.07,0.129,-0.239,-0.28,-0.28,-0.167,-0.447,0.0,-0.239,-0.279,0.04,-0.239,-0.279,0.04,-1.09,-0.225,0.759,-0.207,0.966,-0.206,0.104,-0.31,0.803,0.171,0.632,0.369,-0.021,0.39,-0.154,-0.131,-0.021,-0.969,0.027,0.027,-0.336,-0.0,-0.969,-1.046,0.077,-0.969,-1.046,0.077,-0.526,0.237,0.111,-0.447,-0.336,6036,3013,3023
203810,Casper Ware,2017,0.725,0.238,0.487,0.11,-0.216,0.326,0.213,0.039,0.174,0.164,0.047,0.117,-0.273,-0.064,-0.206,-0.277,-0.349,-0.349,0.175,-0.174,0.0,-0.277,-0.229,-0.048,-0.277,-0.229,-0.048,0.532,-0.229,-0.256,-0.257,0.001,0.183,-0.006,0.189,-0.181,-0.099,-0.082,-0.001,-0.018,0.017,-0.124,-0.124,0.001,0.068,0.148,0.148,-0.312,-0.164,0.0,0.068,0.007,0.061,0.068,0.007,0.061,0.19,0.156,0.47,-0.019,0.489,0.293,-0.222,0.515,0.033,-0.059,0.092,0.163,0.029,0.134,-0.398,-0.188,-0.204,-0.209,-0.202,-0.202,-0.338,0.0,-0.209,-0.222,0.013,-0.209,-0.222,0.013,0.722,-0.073,-0.174,-0.164,-0.338,458,228,230
1626210,Alan Williams,2017,-0.368,0.226,-0.594,-0.238,-0.023,-0.215,0.816,-0.325,1.141,-1.172,-0.135,-1.037,-0.122,0.188,-0.31,0.145,0.568,0.568,-0.345,0.223,0.0,0.145,0.133,0.012,0.145,0.133,0.012,-1.697,0.079,0.742,-0.131,0.873,0.639,0.002,0.637,-0.051,-0.156,0.105,0.285,0.001,0.284,-0.355,-0.323,-0.03,-0.474,-0.476,-0.476,-0.087,-0.563,0.0,-0.474,-0.375,-0.099,-0.474,-0.375,-0.099,1.168,-0.007,0.374,0.095,0.279,0.401,-0.021,0.422,0.765,-0.481,1.246,-0.887,-0.134,-0.753,-0.477,-0.135,-0.341,-0.328,0.093,0.093,-0.34,-0.0,-0.328,-0.242,-0.086,-0.328,-0.242,-0.086,-0.529,0.072,0.223,-0.563,-0.34,3183,1601,1582
2564,Boris Diaw,2017,0.482,0.119,0.363,0.467,0.178,0.289,0.151,-0.002,0.153,-0.255,0.031,-0.286,-0.4,-0.522,0.122,-0.539,-0.064,-0.064,-0.457,-0.521,0.0,-0.539,-0.27,-0.269,-0.539,-0.27,-0.269,2.456,0.463,-0.196,0.429,-0.625,-0.565,-0.146,-0.419,-0.042,0.157,-0.199,-0.018,0.077,-0.095,0.397,0.395,0.002,-0.152,0.128,0.128,0.049,0.177,-0.0,-0.152,-0.126,-0.026,-0.152,-0.126,-0.026,1.064,0.074,0.285,0.548,-0.263,-0.097,0.032,-0.129,0.107,0.154,-0.047,-0.273,0.108,-0.381,-0.003,-0.127,0.124,-0.691,0.064,0.064,-0.344,0.001,-0.691,-0.397,-0.294,-0.691,-0.397,-0.294,3.519,0.537,-0.521,0.177,-0.343,37434,18762,18672
2225,Tony Parker,2017,1.493,-0.003,1.496,0.682,0.106,0.576,0.326,-0.331,0.657,0.488,-0.108,0.596,-0.238,-0.442,0.2,0.513,-1.428,-1.428,1.768,0.34,-0.0,0.513,0.501,0.012,0.513,0.501,0.012,-0.529,-0.569,-1.151,0.107,-1.258,-0.511,-0.138,-0.373,-0.576,0.135,-0.711,-0.171,0.087,-0.258,0.316,0.158,0.157,-0.246,0.396,0.396,-1.081,-0.685,-0.0,-0.246,-0.029,-0.217,-0.246,-0.029,-0.217,-0.823,-0.693,0.343,0.104,0.239,0.172,-0.031,0.203,-0.25,-0.196,-0.054,0.317,-0.021,0.338,0.078,-0.283,0.357,0.267,-1.032,-1.032,-0.345,-0.0,0.267,0.472,-0.205,0.267,0.472,-0.205,-1.352,-1.261,0.34,-0.685,-0.345,45200,22647,22553
201949,James Johnson,2017,0.393,-0.13,0.523,0.577,0.326,0.251,0.213,0.309,-0.096,-0.267,0.011,-0.278,-0.377,0.014,-0.391,-0.675,-0.18,-0.18,-0.659,-0.839,0.0,-0.675,0.145,-0.82,-0.675,0.145,-0.82,-1.345,0.252,0.364,-0.025,0.389,0.506,0.047,0.459,-0.064,-0.201,0.137,-0.053,-0.072,0.019,-0.387,-0.45,0.063,0.587,-0.075,-0.075,0.564,0.489,0.0,0.587,0.532,0.055,0.587,0.532,0.055,0.075,0.278,0.757,-0.155,0.912,1.083,0.373,0.71,0.149,0.108,0.041,-0.32,-0.062,-0.258,-0.763,-0.436,-0.329,-0.088,-0.255,-0.255,-0.35,0.0,-0.088,0.677,-0.765,-0.088,0.677,-0.765,-1.27,0.53,-0.839,0.489,-0.35,24303,12105,12198
203930,Sean Kilpatrick,2017,2.377,0.018,2.359,-0.004,0.278,-0.282,0.271,0.699,-0.428,2.092,0.11,1.982,0.397,0.321,0.074,-0.282,-0.587,-0.587,2.492,1.905,0.0,-0.282,0.028,-0.31,-0.282,0.028,-0.31,0.667,-0.07,-1.38,0.134,-1.514,-0.386,-0.14,-0.246,-0.849,-0.186,-0.663,-0.279,0.021,-0.3,-0.288,-0.264,-0.023,-0.198,-0.391,-0.391,-1.866,-2.257,-0.0,-0.198,0.121,-0.319,-0.198,0.121,-0.319,-0.775,-0.618,0.996,0.152,0.844,-0.39,0.138,-0.528,-0.578,0.513,-1.091,1.812,0.13,1.682,0.109,0.057,0.05,-0.48,-0.978,-0.978,-0.352,0.001,-0.48,0.149,-0.629,-0.48,0.149,-0.629,-0.108,-0.688,1.905,-2.257,-0.351,9939,4981,4958
1626159,Justise Winslow,2017,-1.57,-0.102,-1.468,0.195,-0.04,0.235,-0.764,-0.291,-0.473,-0.899,-0.152,-0.747,0.258,0.489,-0.232,-0.002,-0.774,-0.774,-1.314,-2.088,0.0,-0.002,0.119,-0.121,-0.002,0.119,-0.121,-3.809,-0.526,1.236,0.194,1.042,0.797,0.167,0.63,0.167,0.228,-0.061,0.078,0.057,0.021,0.119,-0.046,0.169,0.242,0.137,0.137,1.597,1.734,0.0,0.242,0.173,0.069,0.242,0.173,0.069,2.589,0.84,-0.333,0.092,-0.425,0.993,0.127,0.866,-0.597,-0.063,-0.534,-0.821,-0.095,-0.726,0.377,0.442,-0.063,0.24,-0.637,-0.637,-0.354,0.0,0.24,0.292,-0.052,0.24,0.292,-0.052,-1.219,0.314,-2.088,1.734,-0.354,12211,6085,6126
201600,Omer Asik,2017,-0.57,0.329,-0.899,-1.521,0.287,-1.808,-0.213,-0.157,-0.056,0.835,0.027,0.808,-1.344,-0.809,-0.534,-1.056,0.408,0.408,-2.97,-2.562,0.0,-1.056,-0.614,-0.442,-1.056,-0.614,-0.442,1.399,0.359,0.415,-0.218,0.633,0.423,0.204,0.219,0.595,0.599,-0.004,-0.385,-0.012,-0.373,1.31,1.446,-0.138,-1.049,1.522,1.522,0.676,2.198,-0.0,-1.049,-0.554,-0.495,-1.049,-0.554,-0.495,-2.506,0.132,-0.154,0.111,-0.265,-1.097,0.491,-1.588,0.382,0.442,-0.06,0.45,0.015,0.435,-0.034,0.637,-0.672,-2.104,1.93,1.93,-0.364,-0.0,-2.104,-1.168,-0.936,-2.104,-1.168,-0.936,-1.107,0.491,-2.562,2.198,-0.364,29230,14596,14634
1627749,Dejounte Murray,2017,-0.046,0.209,-0.255,0.682,0.248,0.434,-0.256,0.13,-0.386,-0.681,-0.041,-0.64,-0.252,0.016,-0.267,-0.048,0.006,0.006,-0.346,-0.34,-0.0,-0.048,-0.072,0.024,-0.048,-0.072,0.024,-0.013,0.692,0.084,0.019,0.065,0.152,0.058,0.094,-0.269,-0.145,-0.124,0.182,-0.014,0.196,-0.083,-0.188,0.106,-0.02,-0.033,-0.033,-0.019,-0.052,0.0,-0.02,0.016,-0.036,-0.02,0.016,-0.036,-0.063,0.048,0.038,0.228,-0.19,0.835,0.306,0.529,-0.526,-0.016,-0.51,-0.499,-0.054,-0.445,-0.336,-0.172,-0.161,-0.068,-0.027,-0.027,-0.392,-0.0,-0.068,-0.056,-0.012,-0.068,-0.056,-0.012,-0.076,0.741,-0.34,-0.052,-0.392,1899,951,948
202694,Marcus Morris Sr.,2017,0.017,0.094,-0.077,-1.008,-0.427,-0.581,0.112,-0.151,0.263,0.819,0.095,0.724,-0.244,0.152,-0.395,0.296,-0.283,-0.283,0.069,-0.214,-0.0,0.296,0.147,0.149,0.296,0.147,0.149,-1.175,-0.928,-0.966,-0.266,-0.7,-0.19,0.032,-0.222,-0.384,0.069,-0.453,-0.126,-0.026,-0.1,0.151,0.2,-0.049,0.06,0.576,0.576,-0.755,-0.179,-0.0,0.06,0.116,-0.056,0.06,0.116,-0.056,0.973,0.462,-0.95,-0.172,-0.778,-1.198,-0.395,-0.803,-0.272,-0.082,-0.19,0.692,0.068,0.624,-0.093,0.351,-0.444,0.356,0.293,0.293,-0.393,-0.0,0.356,0.263,0.093,0.356,0.263,0.093,-0.202,-0.466,-0.214,-0.179,-0.393,42753,21348,21405
200750,Brandon Roy,2017,0.517,0.125,0.392,0.137,-0.044,0.181,0.338,0.18,0.158,-0.083,0.024,-0.107,-0.064,-0.038,-0.02,-0.346,-0.176,-0.176,0.107,-0.069,-0.0,-0.346,-0.195,-0.151,-0.346,-0.195,-0.151,0.097,-0.083,-0.144,-0.105,-0.039,0.287,0.057,0.23,0.062,-0.005,0.067,-0.388,0.002,-0.39,0.009,0.007,0.004,-0.163,-0.032,-0.032,-0.298,-0.33,-0.0,-0.163,-0.069,-0.094,-0.163,-0.069,-0.094,-0.288,0.101,0.374,0.02,0.354,0.424,0.013,0.411,0.4,0.175,0.225,-0.47,0.026,-0.496,-0.055,-0.031,-0.017,-0.509,-0.208,-0.208,-0.399,-0.0,-0.509,-0.263,-0.246,-0.509,-0.263,-0.246,-0.191,0.018,-0.069,-0.33,-0.399,452,227,225
201163,Wilson Chandler,2017,0.525,-0.235,0.76,0.898,0.032,0.866,0.506,0.298,0.208,-0.644,0.067,-0.711,-0.195,-0.092,-0.103,0.571,-0.422,-0.422,0.901,0.479,-0.0,0.571,0.63,-0.059,0.571,0.63,-0.059,0.436,0.35,-0.436,0.133,-0.569,0.088,0.148,-0.06,-0.456,0.06,-0.516,-0.201,0.038,-0.239,-0.201,-0.214,0.015,-0.223,-0.029,-0.029,-0.86,-0.889,0.0,-0.223,-0.252,0.029,-0.223,-0.252,0.029,-0.21,0.251,0.089,-0.102,0.191,0.986,0.18,0.806,0.05,0.358,-0.308,-0.845,0.105,-0.95,-0.395,-0.306,-0.088,0.348,-0.451,-0.451,-0.41,0.001,0.348,0.378,-0.03,0.348,0.378,-0.03,0.225,0.601,0.479,-0.889,-0.409,31549,15779,15770
1905,Andrei Kirilenko,2017,-1.334,-0.128,-1.206,0.941,0.506,0.435,-0.83,0.216,-1.046,-1.317,-0.157,-1.16,0.266,0.886,-0.615,-0.879,1.275,1.275,-1.947,-0.672,0.0,-0.879,-0.843,-0.036,-0.879,-0.843,-0.036,-0.545,1.776,-0.915,-0.03,-0.885,-0.028,-0.145,0.117,-0.231,0.132,-0.363,-0.626,0.069,-0.695,0.155,0.192,-0.039,0.843,0.173,0.173,0.083,0.256,0.0,0.843,0.265,0.578,0.843,0.265,0.578,0.437,-0.112,-2.249,-0.158,-2.091,0.913,0.361,0.552,-1.061,0.348,-1.409,-1.943,-0.088,-1.855,0.421,1.079,-0.655,-0.037,1.448,1.448,-0.416,0.0,-0.037,-0.578,0.541,-0.037,-0.578,0.541,-0.108,1.663,-0.672,0.256,-0.416,11697,5837,5860
203962,Josh Huestis,2017,0.379,0.125,0.254,-0.091,-0.131,0.04,-0.081,0.015,-0.096,0.426,-0.007,0.433,-0.061,-0.03,-0.026,-0.314,-0.354,-0.354,0.004,-0.35,0.0,-0.314,-0.252,-0.062,-0.314,-0.252,-0.062,-0.442,-0.183,0.163,-0.015,0.178,-0.143,0.07,-0.213,0.066,-0.066,0.132,0.255,0.014,0.241,-0.169,-0.146,-0.02,-0.245,0.162,0.162,-0.251,-0.089,0.0,-0.245,-0.078,-0.167,-0.245,-0.078,-0.167,0.275,-0.087,0.542,0.11,0.432,-0.234,-0.061,-0.173,-0.015,-0.051,0.036,0.681,0.007,0.674,-0.23,-0.177,-0.046,-0.559,-0.191,-0.191,-0.439,-0.0,-0.559,-0.33,-0.229,-0.559,-0.33,-0.229,-0.167,-0.27,-0.35,-0.089,-0.439,385,193,192
1627762,Joel Bolomboy,2017,-0.033,0.094,-0.127,0.067,-0.14,0.207,-0.133,0.07,-0.203,-0.061,0.002,-0.063,-0.09,-0.09,0.005,0.127,-0.365,-0.365,0.004,-0.361,0.0,0.127,0.047,0.08,0.127,0.047,0.08,0.139,-0.071,0.1,-0.121,0.221,0.098,0.069,0.029,-0.001,-0.067,0.066,0.124,-0.005,0.129,-0.079,-0.068,-0.009,-0.117,0.013,0.013,-0.096,-0.083,0.0,-0.117,-0.022,-0.095,-0.117,-0.022,-0.095,-0.076,0.021,0.065,-0.027,0.092,0.165,-0.071,0.236,-0.135,0.002,-0.137,0.062,-0.003,0.065,-0.169,-0.158,-0.004,0.01,-0.351,-0.351,-0.444,0.0,0.01,0.025,-0.015,0.01,0.025,-0.015,0.062,-0.05,-0.361,-0.083,-0.444,237,117,120
201591,DJ White,2017,0.561,0.136,0.425,-0.334,-0.169,-0.165,0.169,-0.025,0.194,0.59,0.005,0.585,-0.406,-0.155,-0.249,-0.082,-0.248,-0.248,0.073,-0.175,0.0,-0.082,-0.035,-0.047,-0.082,-0.035,-0.047,0.346,-0.156,-0.125,-0.093,-0.032,-0.014,0.083,-0.097,0.141,-0.047,0.188,-0.159,0.001,-0.16,-0.07,-0.111,0.042,-0.152,0.075,0.075,-0.347,-0.272,-0.0,-0.152,-0.062,-0.09,-0.152,-0.062,-0.09,-0.177,-0.032,0.435,0.043,0.392,-0.348,-0.086,-0.262,0.308,-0.073,0.381,0.432,0.006,0.426,-0.476,-0.266,-0.208,-0.234,-0.174,-0.174,-0.447,0.001,-0.234,-0.097,-0.137,-0.234,-0.097,-0.137,0.17,-0.188,-0.175,-0.272,-0.446,352,175,177
1627789,Timothe Luwawu-Cabarrot,2017,-0.077,0.174,-0.251,0.701,0.518,0.183,0.09,0.496,-0.406,-1.042,0.015,-1.057,0.054,-0.197,0.253,-0.216,-1.076,-1.076,-0.239,-1.315,0.0,-0.216,-0.367,0.151,-0.216,-0.367,0.151,0.278,1.633,0.704,-0.043,0.747,0.142,-0.086,0.228,0.118,-0.041,0.159,0.487,0.046,0.441,-0.318,-0.357,0.041,0.356,0.111,0.111,0.742,0.853,0.0,0.356,0.229,0.127,0.356,0.229,0.127,1.4,-0.154,0.627,0.131,0.496,0.843,0.432,0.411,0.208,0.455,-0.247,-0.555,0.061,-0.616,-0.264,-0.554,0.294,0.141,-0.965,-0.965,-0.462,-0.0,0.141,-0.138,0.279,0.141,-0.138,0.279,1.678,1.479,-1.315,0.853,-0.462,4850,2435,2415
204060,Joe Ingles,2017,1.101,0.202,0.899,0.899,0.138,0.761,-0.199,0.495,-0.694,0.199,0.1,0.099,0.046,0.436,-0.394,-0.625,-0.642,-0.642,0.522,-0.12,0.0,-0.625,-0.19,-0.435,-0.625,-0.19,-0.435,-0.547,0.316,-0.928,0.104,-1.032,-0.835,-0.004,-0.831,0.265,-0.024,0.289,-0.462,0.008,-0.47,-0.071,-0.027,-0.042,0.337,0.315,0.315,-0.662,-0.347,-0.0,0.337,0.34,-0.003,0.337,0.34,-0.003,2.357,0.226,0.174,0.306,-0.132,0.065,0.134,-0.069,0.066,0.471,-0.405,-0.263,0.108,-0.371,-0.025,0.41,-0.436,-0.289,-0.327,-0.327,-0.467,0.001,-0.289,0.15,-0.439,-0.289,0.15,-0.439,1.81,0.542,-0.12,-0.347,-0.466,19432,9737,9695
101107,Marvin Williams,2017,-1.085,0.079,-1.164,-0.9,-0.456,-0.444,-0.516,0.087,-0.603,0.252,0.196,0.056,-0.148,-0.632,0.48,1.073,-0.324,-0.324,-0.16,-0.484,-0.0,1.073,0.388,0.685,1.073,0.388,0.685,1.048,-0.813,-0.172,0.179,-0.351,-0.087,0.094,-0.181,-0.591,0.035,-0.626,0.327,-0.007,0.334,0.194,0.339,-0.143,-0.47,0.458,0.458,-0.448,0.01,-0.0,-0.47,-0.127,-0.343,-0.47,-0.127,-0.343,-0.464,0.014,-1.253,0.258,-1.511,-0.985,-0.361,-0.624,-1.106,0.123,-1.229,0.58,0.189,0.391,0.046,-0.293,0.337,0.603,0.134,0.134,-0.474,-0.0,0.603,0.261,0.342,0.603,0.261,0.342,0.584,-0.799,-0.484,0.01,-0.474,39648,19859,19789
101154,Andray Blatche,2017,-0.564,0.049,-0.613,0.538,0.302,0.236,-0.819,0.189,-1.008,-0.332,-0.013,-0.319,0.398,0.273,0.127,-0.591,0.678,0.678,-0.757,-0.079,-0.0,-0.591,0.007,-0.598,-0.591,0.007,-0.598,-2.025,0.28,-1.654,0.141,-1.795,-1.112,-0.282,-0.83,-1.166,-0.198,-0.968,0.483,-0.016,0.499,-0.109,0.043,-0.155,0.472,0.893,0.893,-1.291,-0.398,-0.0,0.472,0.271,0.201,0.472,0.271,0.201,0.492,-0.58,-2.216,0.19,-2.406,-0.572,0.021,-0.593,-1.985,-0.009,-1.976,0.151,-0.029,0.18,0.288,0.316,-0.028,-0.118,1.571,1.571,-0.477,-0.0,-0.118,0.278,-0.396,-0.118,0.278,-0.396,-1.533,-0.3,-0.079,-0.398,-0.477,12995,6495,6500
202723,Malcolm Lee,2017,-1.141,0.114,-1.255,-0.8,-0.143,-0.657,-0.37,0.075,-0.445,-0.085,0.013,-0.098,-0.143,0.165,-0.305,-0.02,0.527,0.527,-1.304,-0.777,0.0,-0.02,0.177,-0.197,-0.02,0.177,-0.197,-0.087,-0.359,-0.213,-0.073,-0.14,-0.227,0.062,-0.289,-0.223,-0.007,-0.216,0.31,-0.001,0.311,-0.136,-0.012,-0.122,0.226,0.398,0.398,-0.123,0.275,0.0,0.226,-0.094,0.32,0.226,-0.094,0.32,0.434,0.146,-1.355,0.041,-1.396,-1.028,-0.082,-0.946,-0.593,0.068,-0.661,0.225,0.012,0.213,-0.28,0.154,-0.427,0.206,0.925,0.925,-0.502,0.0,0.206,0.082,0.124,0.206,0.082,0.124,0.347,-0.213,-0.777,0.275,-0.502,1113,557,556
202709,Cory Joseph,2017,-1.202,-0.049,-1.153,-0.148,0.091,-0.239,-0.225,-0.161,-0.064,-0.78,-0.135,-0.645,0.418,0.347,0.068,0.404,-0.418,-0.418,-0.38,-0.798,0.0,0.404,0.274,0.13,0.404,0.274,0.13,-3.316,-0.632,0.766,0.052,0.714,0.262,0.183,0.079,0.312,0.068,0.244,0.14,0.007,0.133,-0.314,-0.192,-0.121,-0.181,0.019,0.019,0.271,0.29,-0.0,-0.181,-0.319,0.138,-0.181,-0.319,0.138,1.727,0.476,-0.436,0.003,-0.439,0.115,0.275,-0.16,0.087,-0.093,0.18,-0.641,-0.128,-0.513,0.104,0.155,-0.052,0.223,-0.398,-0.398,-0.508,0.0,0.223,-0.045,0.268,0.223,-0.045,0.268,-1.589,-0.156,-0.798,0.29,-0.508,29590,14762,14828
201585,Kosta Koufos,2017,-2.456,-0.067,-2.389,-1.104,-0.1,-1.004,-0.841,-0.739,-0.102,-0.444,-0.121,-0.323,-1.413,-1.008,-0.401,-0.092,1.639,1.639,-3.961,-2.322,0.0,-0.092,-0.118,0.026,-0.092,-0.118,0.026,-0.399,-0.32,1.069,-0.386,1.455,1.607,0.369,1.238,0.243,0.383,-0.14,-0.395,-0.045,-0.35,0.518,0.468,0.049,-0.311,0.536,0.536,1.276,1.812,0.0,-0.311,-0.089,-0.222,-0.311,-0.089,-0.222,-0.55,0.807,-1.388,-0.453,-0.935,0.503,0.269,0.234,-0.598,-0.357,-0.241,-0.84,-0.166,-0.674,-0.895,-0.54,-0.352,-0.403,2.175,2.175,-0.51,0.0,-0.403,-0.207,-0.196,-0.403,-0.207,-0.196,-0.948,0.487,-2.322,1.812,-0.51,29543,14717,14826
1626148,Anthony Brown,2017,-2.439,-0.037,-2.402,-0.365,-0.181,-0.184,-0.81,-0.025,-0.785,-1.227,0.008,-1.235,-0.043,-0.138,0.099,0.334,1.167,1.167,-2.148,-0.981,0.0,0.334,0.083,0.251,0.334,0.083,0.251,-0.745,-0.03,0.337,0.001,0.336,-0.39,-0.046,-0.344,0.164,-0.092,0.256,0.562,0.008,0.554,-0.04,-0.013,-0.025,-0.199,0.369,0.369,0.098,0.467,0.0,-0.199,-0.176,-0.023,-0.199,-0.176,-0.023,0.122,-0.547,-2.102,-0.036,-2.066,-0.755,-0.227,-0.528,-0.646,-0.117,-0.529,-0.665,0.016,-0.681,-0.082,-0.151,0.074,0.135,1.536,1.536,-0.514,0.0,0.135,-0.093,0.228,0.135,-0.093,0.228,-0.623,-0.577,-0.981,0.467,-0.514,2935,1470,1465
204025,Tim Frazier,2017,-0.201,-0.004,-0.197,0.491,-0.047,0.538,-0.434,0.153,-0.587,-0.254,0.037,-0.291,-0.044,0.179,-0.224,0.342,-0.278,-0.278,0.097,-0.181,0.0,0.342,0.494,-0.152,0.342,0.494,-0.152,1.882,0.254,-0.25,0.055,-0.305,-0.269,0.192,-0.461,0.133,-0.155,0.288,-0.169,-0.06,-0.109,-0.051,-0.012,-0.037,-0.305,0.273,0.273,-0.606,-0.333,-0.0,-0.305,-0.095,-0.21,-0.305,-0.095,-0.21,-1.433,0.318,-0.452,0.051,-0.503,0.222,0.144,0.078,-0.301,-0.002,-0.299,-0.424,-0.023,-0.401,-0.096,0.167,-0.261,0.037,-0.005,-0.005,-0.514,-0.001,0.037,0.4,-0.363,0.037,0.4,-0.363,0.449,0.572,-0.181,-0.333,-0.515,9558,4789,4769
2756,Sasha Vujacic,2017,-1.093,-0.115,-0.978,-0.466,-0.34,-0.126,-0.757,0.099,-0.856,0.245,0.113,0.132,0.003,-0.316,0.32,0.328,-0.031,-0.031,-0.762,-0.793,0.0,0.328,0.508,-0.18,0.328,0.508,-0.18,1.692,-0.398,0.278,-0.17,0.448,0.084,-0.02,0.104,0.116,-0.091,0.207,0.248,0.019,0.229,-0.322,-0.307,-0.013,0.051,0.258,0.258,0.007,0.265,0.0,0.051,0.105,-0.054,0.051,0.105,-0.054,1.305,0.299,-0.814,-0.285,-0.529,-0.381,-0.359,-0.022,-0.641,0.008,-0.649,0.493,0.133,0.36,-0.319,-0.623,0.307,0.379,0.228,0.228,-0.528,0.0,0.379,0.613,-0.234,0.379,0.613,-0.234,2.997,-0.099,-0.793,0.265,-0.528,5179,2577,2602
202337,Luke Babbitt,2017,1.775,0.154,1.621,-0.22,0.081,-0.301,0.985,0.396,0.589,0.856,0.192,0.664,-0.566,-0.601,0.036,0.266,-1.172,-1.172,1.475,0.303,-0.0,0.266,-0.02,0.286,0.266,-0.02,0.286,1.32,-0.458,0.03,0.07,-0.04,0.154,-0.127,0.281,-0.148,-0.122,-0.026,-0.046,-0.016,-0.03,-0.284,-0.018,-0.266,-0.548,-0.034,-0.034,-0.802,-0.836,0.0,-0.548,-0.345,-0.203,-0.548,-0.345,-0.203,-0.293,-0.118,1.805,0.224,1.581,-0.066,-0.046,-0.02,0.837,0.274,0.563,0.81,0.176,0.634,-0.85,-0.619,-0.231,-0.282,-1.206,-1.206,-0.533,-0.0,-0.282,-0.365,0.083,-0.282,-0.365,0.083,1.027,-0.577,0.303,-0.836,-0.533,15147,7583,7564
2407,Jared Jeffries,2017,-0.803,0.09,-0.893,-0.918,-0.235,-0.683,0.174,-0.094,0.268,-0.149,0.024,-0.173,-0.264,0.014,-0.275,-0.279,0.816,0.816,-1.346,-0.53,0.0,-0.279,-0.101,-0.178,-0.279,-0.101,-0.178,-2.378,-0.874,-0.102,-0.094,-0.008,-0.053,0.126,-0.179,-0.077,-0.056,-0.021,0.122,-0.027,0.149,-0.144,-0.242,0.098,0.083,0.159,0.159,-0.163,-0.004,-0.0,0.083,-0.105,0.188,0.083,-0.105,0.188,-0.219,-0.062,-0.906,-0.004,-0.902,-0.972,-0.109,-0.863,0.097,-0.151,0.248,-0.027,-0.003,-0.024,-0.407,-0.229,-0.177,-0.196,0.975,0.975,-0.534,0.0,-0.196,-0.206,0.01,-0.196,-0.206,0.01,-2.597,-0.936,-0.53,-0.004,-0.534,1292,638,654
201228,C.J. Watson,2017,-0.454,-0.115,-0.339,-1.081,-0.311,-0.77,0.529,-0.113,0.642,0.213,0.022,0.191,0.2,0.222,-0.022,0.007,-0.581,-0.581,-0.247,-0.828,0.0,0.007,0.094,-0.087,0.007,0.094,-0.087,-0.956,-1.029,0.296,0.113,0.183,-0.204,-0.001,-0.203,0.5,0.002,0.498,-0.113,0.05,-0.163,-0.346,-0.428,0.083,0.604,-0.263,-0.263,0.554,0.291,-0.0,0.604,0.15,0.454,0.604,0.15,0.454,2.086,-0.008,-0.158,-0.002,-0.156,-1.285,-0.312,-0.973,1.029,-0.111,1.14,0.1,0.072,0.028,-0.146,-0.205,0.061,0.611,-0.844,-0.844,-0.537,-0.0,0.611,0.245,0.366,0.611,0.245,0.366,1.131,-1.037,-0.828,0.291,-0.537,24224,12115,12109
101150,Lou Williams,2017,0.294,-0.164,0.458,-0.118,-0.128,0.01,0.804,0.434,0.37,-0.228,0.1,-0.328,1.652,0.803,0.844,0.734,-0.489,-0.489,2.68,2.191,0.0,0.734,0.128,0.606,0.734,0.128,0.606,-2.916,-0.247,-1.388,-0.047,-1.341,-0.538,-0.181,-0.357,-0.584,-0.186,-0.398,-0.219,-0.015,-0.204,-0.018,-0.098,0.078,-0.497,-0.838,-0.838,-1.903,-2.741,0.0,-0.497,-0.027,-0.47,-0.497,-0.027,-0.47,-0.905,-0.733,-1.095,-0.211,-0.884,-0.656,-0.309,-0.347,0.219,0.248,-0.029,-0.447,0.085,-0.532,1.634,0.705,0.922,0.236,-1.327,-1.327,-0.55,0.0,0.236,0.101,0.135,0.236,0.101,0.135,-3.821,-0.981,2.191,-2.741,-0.55,35234,17629,17605
204002,Edy Tavares,2017,0.527,0.216,0.311,-0.048,-0.08,0.032,-0.061,0.059,-0.12,0.42,-0.011,0.431,-0.044,0.112,-0.153,-0.466,0.115,0.115,0.017,0.132,0.0,-0.466,-0.197,-0.269,-0.466,-0.197,-0.269,0.271,0.05,-0.687,-0.169,-0.518,0.024,0.022,0.002,-0.3,-0.023,-0.277,-0.242,0.012,-0.254,-0.009,-0.024,0.018,-0.204,0.204,0.204,-0.9,-0.696,0.0,-0.204,-0.024,-0.18,-0.204,-0.024,-0.18,-0.808,-0.074,-0.161,0.047,-0.208,-0.024,-0.058,0.034,-0.361,0.036,-0.397,0.177,0.001,0.176,-0.053,0.088,-0.136,-0.67,0.319,0.319,-0.564,-0.001,-0.67,-0.221,-0.449,-0.67,-0.221,-0.449,-0.537,-0.023,0.132,-0.696,-0.565,395,196,199
201958,Rodrigue Beaubois,2017,-0.995,0.063,-1.058,-0.308,-0.19,-0.118,0.396,-0.013,0.409,-1.146,0.038,-1.184,-0.126,0.168,-0.29,0.906,-0.568,-0.568,-0.215,-0.783,-0.0,0.906,0.437,0.469,0.906,0.437,0.469,-0.814,-0.439,0.361,0.046,0.315,-0.016,0.071,-0.087,0.038,-0.025,0.063,0.293,0.04,0.253,-0.532,-0.54,0.008,0.008,0.367,0.367,-0.163,0.204,0.0,0.008,0.077,-0.069,0.008,0.077,-0.069,0.974,-0.073,-0.636,0.109,-0.745,-0.324,-0.119,-0.205,0.432,-0.039,0.471,-0.853,0.078,-0.931,-0.658,-0.372,-0.283,0.913,-0.201,-0.201,-0.579,0.0,0.913,0.514,0.399,0.913,0.514,0.399,0.16,-0.512,-0.783,0.204,-0.579,2114,1051,1063
201951,Ty Lawson,2017,0.316,-0.086,0.402,0.45,0.284,0.166,0.28,0.521,-0.241,-0.328,0.07,-0.398,0.41,0.567,-0.157,0.473,-0.526,-0.526,1.199,0.673,0.0,0.473,0.221,0.252,0.473,0.221,0.252,-0.297,0.172,-0.41,0.141,-0.551,-0.595,-0.116,-0.479,-0.012,-0.192,0.18,0.056,0.027,0.029,-0.303,-0.376,0.073,0.487,-1.03,-1.03,-0.226,-1.256,0.0,0.487,0.394,0.093,0.487,0.394,0.093,-0.162,-0.594,-0.095,0.055,-0.15,-0.146,0.167,-0.313,0.268,0.329,-0.061,-0.272,0.098,-0.37,0.106,0.192,-0.083,0.96,-1.556,-1.556,-0.583,0.0,0.96,0.614,0.346,0.96,0.614,0.346,-0.46,-0.422,0.673,-1.256,-0.583,43535,21823,21712
203894,Shabazz Napier,2017,0.407,-0.133,0.54,-1.402,-0.266,-1.136,1.28,0.422,0.858,0.662,0.17,0.492,0.002,0.303,-0.299,-0.154,0.4,0.4,0.255,0.655,0.0,-0.154,0.428,-0.582,-0.154,0.428,-0.582,-1.161,-1.288,-1.029,0.148,-1.177,-0.272,0.039,-0.311,0.247,-0.051,0.298,-1.152,0.016,-1.168,-0.387,-0.29,-0.097,0.338,-0.159,-0.159,-1.078,-1.237,-0.0,0.338,-0.207,0.545,0.338,-0.207,0.545,-0.539,-0.36,-0.623,0.015,-0.638,-1.674,-0.227,-1.447,1.526,0.37,1.156,-0.49,0.186,-0.676,-0.386,0.013,-0.396,0.185,0.241,0.241,-0.582,-0.001,0.185,0.221,-0.036,0.185,0.221,-0.036,-1.7,-1.647,0.655,-1.237,-0.583,8157,4080,4077
2548,Dwyane Wade,2017,0.289,-0.038,0.327,1.006,0.097,0.909,-0.025,-0.607,0.582,-0.654,-0.247,-0.407,0.227,0.048,0.181,-0.097,-0.653,-0.653,0.419,-0.234,-0.0,-0.097,-0.239,0.142,-0.097,-0.239,0.142,-2.704,0.718,-0.447,-0.14,-0.307,0.099,-0.135,0.234,-0.596,-0.133,-0.463,0.19,-0.026,0.216,0.155,0.162,-0.006,0.394,-0.459,-0.459,0.102,-0.357,0.0,0.394,0.377,0.017,0.394,0.377,0.017,-0.359,-0.313,-0.158,-0.178,0.02,1.105,-0.038,1.143,-0.621,-0.74,0.119,-0.464,-0.273,-0.191,0.382,0.21,0.175,0.298,-1.112,-1.112,-0.591,0.0,0.298,0.138,0.16,0.298,0.138,0.16,-3.062,0.404,-0.234,-0.357,-0.591,46712,23350,23362
101106,Andrew Bogut,2017,-0.729,-0.02,-0.709,-0.001,-0.311,0.31,-0.409,-0.39,-0.019,-0.299,0.064,-0.363,-1.382,-1.245,-0.135,-1.658,-0.361,-0.361,-3.769,-4.13,0.0,-1.658,-1.146,-0.512,-1.658,-1.146,-0.512,0.974,-0.168,2.361,-0.159,2.52,2.116,0.478,1.638,0.625,0.773,-0.148,-0.221,0.08,-0.301,0.658,0.686,-0.027,-0.568,1.088,1.088,2.451,3.539,0.0,-0.568,-0.37,-0.198,-0.568,-0.37,-0.198,1.245,1.229,1.632,-0.179,1.811,2.115,0.167,1.948,0.216,0.383,-0.167,-0.52,0.144,-0.664,-0.725,-0.559,-0.162,-2.227,0.727,0.727,-0.591,-0.0,-2.227,-1.515,-0.712,-2.227,-1.515,-0.712,2.218,1.061,-4.13,3.539,-0.591,29165,14545,14620
203142,Chris Copeland,2017,2.123,-0.292,2.415,-0.156,0.047,-0.203,1.0,0.535,0.465,1.571,0.211,1.36,-0.333,-0.308,-0.023,0.007,-0.379,-0.379,1.797,1.418,-0.0,0.007,0.236,-0.229,0.007,0.236,-0.229,1.384,-0.642,-1.655,0.086,-1.741,-0.949,0.014,-0.963,-0.34,-0.237,-0.103,-0.452,-0.062,-0.39,-0.243,-0.236,-0.007,-0.306,0.189,0.189,-2.204,-2.015,0.0,-0.306,-0.384,0.078,-0.306,-0.384,0.078,-1.304,-0.312,0.469,-0.206,0.675,-1.105,0.061,-1.166,0.661,0.298,0.363,1.119,0.149,0.97,-0.576,-0.545,-0.029,-0.298,-0.189,-0.189,-0.597,0.0,-0.298,-0.148,-0.15,-0.298,-0.148,-0.15,0.08,-0.954,1.418,-2.015,-0.597,8573,4302,4271
201584,Courtney Lee,2017,1.34,-0.131,1.471,0.07,-0.098,0.168,0.756,-0.444,1.2,0.645,-0.128,0.773,0.003,-0.219,0.22,0.258,-0.934,-0.934,1.601,0.667,0.0,0.258,-0.011,0.269,0.258,-0.011,0.269,-0.084,-0.465,-0.773,-0.084,-0.689,-0.431,-0.293,-0.138,-0.147,-0.166,0.019,-0.111,0.026,-0.137,0.049,-0.082,0.132,0.193,-0.747,-0.747,-0.531,-1.278,0.0,0.193,0.212,-0.019,0.193,0.212,-0.019,-0.576,-0.569,0.568,-0.215,0.783,-0.361,-0.391,0.03,0.609,-0.61,1.219,0.535,-0.102,0.637,0.051,-0.302,0.351,0.451,-1.681,-1.681,-0.611,0.0,0.451,0.201,0.25,0.451,0.201,0.25,-0.66,-1.034,0.667,-1.278,-0.611,45738,22880,22858
1503,Tracy McGrady,2017,-0.204,0.168,-0.372,-0.022,-0.153,0.131,-0.082,0.015,-0.097,-0.268,-0.001,-0.267,-0.19,-0.122,-0.064,-0.051,-0.116,-0.116,-0.445,-0.561,0.0,-0.051,-0.052,0.001,-0.051,-0.052,0.001,-0.044,-0.066,0.056,-0.067,0.123,0.057,0.082,-0.025,-0.059,-0.045,-0.014,0.125,0.002,0.123,-0.068,-0.092,0.025,-0.147,0.083,0.083,-0.159,-0.076,0.0,-0.147,-0.111,-0.036,-0.147,-0.111,-0.036,0.061,0.043,-0.149,0.101,-0.25,0.035,-0.071,0.106,-0.142,-0.031,-0.111,-0.143,0.001,-0.144,-0.259,-0.214,-0.039,-0.198,-0.033,-0.033,-0.637,0.0,-0.198,-0.163,-0.035,-0.198,-0.163,-0.035,0.017,-0.024,-0.561,-0.076,-0.637,115,58,57
202345,Damion James,2017,-0.527,0.138,-0.665,-0.117,-0.161,0.044,-0.047,-0.049,0.002,-0.501,-0.045,-0.456,0.004,0.001,0.009,0.422,-0.246,-0.246,-0.101,-0.347,0.0,0.422,0.126,0.296,0.422,0.126,0.296,-0.667,-0.198,-0.162,-0.081,-0.081,-0.097,0.066,-0.163,-0.205,-0.048,-0.157,0.221,0.005,0.216,-0.062,-0.096,0.035,-0.211,0.144,0.144,-0.435,-0.291,0.0,-0.211,-0.087,-0.124,-0.211,-0.087,-0.124,0.147,-0.008,-0.688,0.057,-0.745,-0.214,-0.095,-0.119,-0.251,-0.097,-0.154,-0.28,-0.04,-0.24,-0.059,-0.095,0.044,0.211,-0.102,-0.102,-0.638,0.0,0.211,0.039,0.172,0.211,0.039,0.172,-0.52,-0.206,-0.347,-0.291,-0.638,197,99,98
2748,Dorell Wright,2017,-0.457,-0.232,-0.225,-0.427,-0.417,-0.01,-0.343,0.268,-0.611,0.545,0.271,0.274,-0.099,-0.165,0.07,0.305,-0.213,-0.213,-0.251,-0.464,0.0,0.305,0.246,0.059,0.305,0.246,0.059,1.764,-0.867,-0.016,0.081,-0.097,-0.165,-0.194,0.029,0.771,-0.028,0.799,-0.703,0.062,-0.765,-0.175,-0.227,0.051,-0.075,0.086,0.086,-0.266,-0.18,0.0,-0.075,-0.149,0.074,-0.075,-0.149,0.074,0.983,-0.281,-0.47,-0.151,-0.319,-0.59,-0.61,0.02,0.428,0.24,0.188,-0.157,0.333,-0.49,-0.274,-0.392,0.121,0.23,-0.127,-0.127,-0.644,0.0,0.23,0.098,0.132,0.23,0.098,0.132,2.747,-1.148,-0.464,-0.18,-0.644,12996,6490,6506
1627739,Kris Dunn,2017,-0.89,0.191,-1.081,-0.995,0.018,-1.013,0.015,-0.096,0.111,-0.101,-0.044,-0.057,-0.09,0.076,-0.164,0.365,0.688,0.688,-0.615,0.073,0.0,0.365,0.418,-0.053,0.365,0.418,-0.053,-1.072,-0.656,-0.593,-0.063,-0.53,0.114,-0.004,0.118,-0.524,-0.13,-0.394,-0.12,0.008,-0.128,-0.261,-0.329,0.071,0.292,-0.156,-0.156,-0.562,-0.718,0.0,0.292,-0.15,0.442,0.292,-0.15,0.442,-0.168,-0.064,-1.486,0.128,-1.614,-0.881,0.014,-0.895,-0.511,-0.227,-0.284,-0.222,-0.037,-0.185,-0.351,-0.253,-0.093,0.657,0.532,0.532,-0.645,0.0,0.657,0.268,0.389,0.657,0.268,0.389,-1.24,-0.72,0.073,-0.718,-0.645,5113,2537,2576
203952,Andrew Wiggins,2017,-1.183,-0.083,-1.1,-0.069,-0.185,0.116,-0.362,-0.527,0.165,-0.669,-0.221,-0.448,0.892,0.959,-0.074,0.14,1.332,1.332,-0.151,1.181,0.0,0.14,0.327,-0.187,0.14,0.327,-0.187,-2.65,-0.352,-1.291,-0.093,-1.198,-0.913,-0.075,-0.838,0.311,-0.132,0.443,-0.596,-0.02,-0.576,0.029,-0.057,0.087,-0.227,-0.338,-0.338,-1.489,-1.827,0.0,-0.227,-0.13,-0.097,-0.227,-0.13,-0.097,-1.03,-0.357,-2.475,-0.176,-2.299,-0.982,-0.26,-0.722,-0.052,-0.66,0.608,-1.265,-0.241,-1.024,0.922,0.902,0.013,-0.087,0.994,0.994,-0.646,0.0,-0.087,0.197,-0.284,-0.087,0.197,-0.284,-3.681,-0.709,1.181,-1.827,-0.646,34430,17219,17211
200761,Shawne Williams,2017,-0.652,-0.054,-0.598,-0.86,-0.168,-0.692,0.823,0.334,0.489,-0.561,0.168,-0.729,-0.072,0.006,-0.077,0.747,0.058,0.058,0.023,0.081,-0.0,0.747,0.355,0.392,0.747,0.355,0.392,-0.268,-0.983,-0.769,0.205,-0.974,0.026,-0.057,0.083,-0.678,-0.15,-0.528,-0.322,-0.01,-0.312,0.076,0.003,0.075,0.362,-0.399,-0.399,-0.331,-0.73,0.0,0.362,0.378,-0.016,0.362,0.378,-0.016,-0.137,-0.231,-1.419,0.151,-1.57,-0.833,-0.224,-0.609,0.146,0.184,-0.038,-0.883,0.158,-1.041,0.005,0.009,-0.002,1.109,-0.342,-0.342,-0.649,0.0,1.109,0.732,0.377,1.109,0.732,0.377,-0.405,-1.214,0.081,-0.73,-0.649,6969,3491,3478
203479,Jamaal Franklin,2017,0.246,0.248,-0.002,0.312,0.107,0.205,-0.425,0.088,-0.513,0.111,-0.036,0.147,-0.182,-0.206,0.03,-0.416,0.19,0.19,-0.352,-0.162,-0.0,-0.416,-0.263,-0.153,-0.416,-0.263,-0.153,-0.129,-0.048,-0.494,0.007,-0.501,-0.04,0.029,-0.069,-0.481,-0.1,-0.381,0.02,-0.001,0.021,-0.148,-0.174,0.027,-0.041,0.194,0.194,-0.683,-0.489,0.0,-0.041,-0.202,0.161,-0.041,-0.202,0.161,0.352,0.08,-0.248,0.255,-0.503,0.272,0.136,0.136,-0.906,-0.012,-0.894,0.131,-0.037,0.168,-0.33,-0.38,0.057,-0.457,0.384,0.384,-0.651,0.0,-0.457,-0.465,0.008,-0.457,-0.465,0.008,0.224,0.032,-0.162,-0.489,-0.651,674,339,335
1626191,Chris McCullough,2017,0.669,0.379,0.29,0.261,0.218,0.043,-0.738,0.107,-0.845,0.767,-0.026,0.793,-0.234,-0.199,-0.032,0.177,0.327,0.327,0.612,0.939,-0.0,0.177,-0.043,0.22,0.177,-0.043,0.22,0.685,0.235,-1.131,-0.143,-0.988,-0.615,-0.185,-0.43,-0.391,-0.262,-0.129,0.018,-0.024,0.042,-0.086,-0.019,-0.065,0.095,-0.472,-0.472,-1.122,-1.594,0.0,0.095,0.373,-0.278,0.095,0.373,-0.278,-0.992,-0.408,-0.464,0.236,-0.7,-0.355,0.033,-0.388,-1.129,-0.155,-0.974,0.784,-0.051,0.835,-0.32,-0.218,-0.097,0.273,-0.145,-0.145,-0.655,0.0,0.273,0.33,-0.057,0.273,0.33,-0.057,-0.307,-0.173,0.939,-1.594,-0.655,1752,877,875
203463,Ben McLemore,2017,0.849,0.195,0.654,0.94,0.036,0.904,-0.571,-0.073,-0.498,0.285,-0.036,0.321,-0.14,-0.082,-0.061,-0.867,-0.211,-0.211,-0.158,-0.369,0.0,-0.867,-0.058,-0.809,-0.867,-0.058,-0.809,-0.457,0.151,-0.424,0.057,-0.481,0.206,0.264,-0.058,0.112,0.019,0.093,-0.799,-0.013,-0.786,-0.28,-0.199,-0.081,-0.041,0.455,0.455,-0.745,-0.29,0.0,-0.041,-0.072,0.031,-0.041,-0.072,0.031,0.124,0.352,0.425,0.252,0.173,1.147,0.3,0.847,-0.459,-0.054,-0.405,-0.515,-0.05,-0.465,-0.421,-0.281,-0.142,-0.908,0.244,0.244,-0.659,0.0,-0.908,-0.13,-0.778,-0.908,-0.13,-0.778,-0.333,0.503,-0.369,-0.29,-0.659,29240,14665,14575
202389,Timofey Mozgov,2017,-0.876,0.106,-0.982,-0.071,-0.019,-0.052,-0.929,-0.463,-0.466,0.018,-0.1,0.118,-0.456,-0.549,0.093,-1.62,0.731,0.731,-2.952,-2.221,0.0,-1.62,-0.885,-0.735,-1.62,-0.885,-0.735,-0.309,0.137,1.384,-0.112,1.496,1.344,0.36,0.984,0.335,0.467,-0.132,-0.183,0.004,-0.187,0.746,0.636,0.112,-1.265,0.681,0.681,0.865,1.546,0.0,-1.265,-0.321,-0.944,-1.265,-0.321,-0.944,-1.459,0.505,0.508,-0.006,0.514,1.273,0.341,0.932,-0.594,0.004,-0.598,-0.165,-0.096,-0.069,0.29,0.087,0.205,-2.885,1.411,1.411,-0.675,0.001,-2.885,-1.206,-1.679,-2.885,-1.206,-1.679,-1.768,0.642,-2.221,1.546,-0.674,28370,14178,14192
203963,Shayne Whittington,2017,0.072,0.076,-0.004,0.119,-0.131,0.25,-0.281,0.091,-0.372,0.158,0.006,0.152,-0.008,-0.008,0.005,0.279,-0.504,-0.504,0.343,-0.161,-0.0,0.279,0.337,-0.058,0.279,0.337,-0.058,0.929,0.18,-0.448,-0.16,-0.288,-0.148,0.011,-0.159,0.025,-0.126,0.151,-0.165,-0.014,-0.151,-0.081,-0.13,0.05,-0.157,0.171,0.171,-0.686,-0.515,0.0,-0.157,0.002,-0.159,-0.157,0.002,-0.159,-0.423,-0.058,-0.376,-0.084,-0.292,-0.029,-0.12,0.091,-0.256,-0.035,-0.221,-0.007,-0.008,0.001,-0.089,-0.138,0.055,0.122,-0.334,-0.334,-0.676,-0.0,0.122,0.339,-0.217,0.122,0.339,-0.217,0.506,0.122,-0.161,-0.515,-0.676,567,283,284
202718,Chandler Parsons,2017,0.97,0.037,0.933,0.918,0.44,0.478,0.038,0.522,-0.484,-0.023,0.106,-0.129,-0.407,-0.245,-0.161,-0.059,-1.061,-1.061,0.504,-0.557,-0.0,-0.059,0.171,-0.23,-0.059,0.171,-0.23,1.14,0.517,-0.082,0.004,-0.086,-0.187,0.216,-0.403,0.328,0.183,0.145,-0.227,0.007,-0.234,-0.019,-0.212,0.191,-0.075,0.023,0.023,-0.176,-0.153,0.0,-0.075,-0.262,0.187,-0.075,-0.262,0.187,1.679,0.386,0.887,0.041,0.846,0.731,0.656,0.075,0.366,0.705,-0.339,-0.251,0.112,-0.363,-0.426,-0.456,0.031,-0.134,-1.039,-1.039,-0.71,0.0,-0.134,-0.091,-0.043,-0.134,-0.091,-0.043,2.818,0.903,-0.557,-0.153,-0.71,41970,21006,20964
101123,Gerald Green,2017,0.448,0.042,0.406,-0.515,-0.356,-0.159,0.224,0.268,-0.044,0.697,0.212,0.485,0.011,-0.114,0.126,0.045,-0.213,-0.213,0.504,0.291,-0.0,0.045,0.242,-0.197,0.045,0.242,-0.197,-1.175,-1.096,0.933,0.099,0.834,-0.271,0.135,-0.406,0.555,0.134,0.421,0.55,0.06,0.49,-0.421,-0.408,-0.014,-0.618,-0.898,-0.898,-0.106,-1.004,0.0,-0.618,-0.138,-0.48,-0.618,-0.138,-0.48,1.276,0.078,1.381,0.141,1.24,-0.786,-0.221,-0.565,0.779,0.402,0.377,1.247,0.272,0.975,-0.41,-0.522,0.112,-0.573,-1.111,-1.111,-0.713,-0.001,-0.573,0.104,-0.677,-0.573,0.104,-0.677,0.101,-1.018,0.291,-1.004,-0.714,28482,14271,14211
202722,Davis Bertans,2017,0.391,0.265,0.126,-0.441,0.224,-0.665,-0.46,0.369,-0.829,1.027,0.047,0.98,-0.482,-0.322,-0.159,-0.257,0.016,0.016,-0.348,-0.332,-0.0,-0.257,-0.098,-0.159,-0.257,-0.098,-0.159,2.25,0.233,-0.293,-0.035,-0.258,-0.168,-0.064,-0.104,-0.328,-0.041,-0.287,0.238,0.024,0.214,-0.152,-0.196,0.047,0.154,-0.099,-0.099,-0.291,-0.39,-0.0,0.154,0.046,0.108,0.154,0.046,0.108,0.548,0.009,0.098,0.23,-0.132,-0.609,0.16,-0.769,-0.788,0.328,-1.116,1.265,0.071,1.194,-0.635,-0.518,-0.112,-0.103,-0.083,-0.083,-0.722,0.001,-0.103,-0.052,-0.051,-0.103,-0.052,-0.051,2.798,0.242,-0.332,-0.39,-0.721,3543,1784,1759
1627742,Brandon Ingram,2017,1.292,0.194,1.098,0.502,0.06,0.442,0.001,-0.042,0.043,0.595,-0.054,0.649,-0.061,0.314,-0.376,-0.345,0.102,0.102,0.886,0.988,-0.0,-0.345,-0.301,-0.044,-0.345,-0.301,-0.044,-0.008,-0.036,-1.556,-0.169,-1.387,-0.581,-0.128,-0.453,-0.177,-0.046,-0.131,-0.629,0.036,-0.665,-0.067,-0.153,0.087,0.427,-0.517,-0.517,-1.196,-1.713,0.0,0.427,0.595,-0.168,0.427,0.595,-0.168,-1.09,-0.438,-0.264,0.025,-0.289,-0.079,-0.068,-0.011,-0.177,-0.089,-0.088,-0.033,-0.017,-0.016,-0.128,0.161,-0.289,0.082,-0.415,-0.415,-0.725,0.0,0.082,0.293,-0.211,0.082,0.293,-0.211,-1.098,-0.473,0.988,-1.713,-0.725,9149,4560,4589
203519,Adonis Thomas,2017,-0.261,0.163,-0.424,-0.463,-0.179,-0.284,0.248,-0.029,0.277,-0.209,-0.009,-0.2,-0.136,-0.111,-0.02,-0.086,0.133,0.133,-0.483,-0.35,0.0,-0.086,-0.16,0.074,-0.086,-0.16,0.074,-0.215,-0.24,-0.324,-0.147,-0.177,0.034,0.035,-0.001,-0.155,-0.053,-0.102,-0.056,0.007,-0.063,-0.083,-0.132,0.05,-0.123,0.152,0.152,-0.53,-0.378,0.0,-0.123,-0.089,-0.034,-0.123,-0.089,-0.034,-0.087,0.012,-0.584,0.016,-0.6,-0.428,-0.144,-0.284,0.093,-0.082,0.175,-0.265,-0.002,-0.263,-0.219,-0.244,0.031,-0.21,0.285,0.285,-0.728,0.0,-0.21,-0.249,0.039,-0.21,-0.249,0.039,-0.302,-0.228,-0.35,-0.378,-0.728,144,71,73
203467,Carrick Felix,2017,0.213,0.11,0.103,0.009,-0.111,0.12,0.313,0.052,0.261,-0.219,-0.009,-0.21,-0.093,-0.079,-0.008,-0.171,-0.286,-0.286,-0.051,-0.337,-0.0,-0.171,-0.14,-0.031,-0.171,-0.14,-0.031,0.117,0.034,-0.222,-0.12,-0.102,0.036,0.081,-0.045,-0.104,-0.052,-0.052,-0.034,-0.001,-0.033,-0.167,-0.124,-0.04,-0.084,0.072,0.072,-0.473,-0.401,0.0,-0.084,-0.054,-0.03,-0.084,-0.054,-0.03,0.11,0.101,-0.007,-0.01,0.003,0.045,-0.03,0.075,0.211,0.001,0.21,-0.253,-0.01,-0.243,-0.259,-0.203,-0.047,-0.256,-0.214,-0.214,-0.738,0.0,-0.256,-0.194,-0.062,-0.256,-0.194,-0.062,0.227,0.135,-0.337,-0.401,-0.738,161,81,80
201952,Jeff Teague,2017,-0.806,-0.205,-0.601,-0.181,0.112,-0.293,-0.078,0.165,-0.243,-0.342,0.003,-0.345,0.904,0.646,0.253,0.131,-1.36,-1.36,0.229,-1.131,0.0,0.131,0.216,-0.085,0.131,0.216,-0.085,-2.447,-0.594,-0.25,0.188,-0.438,-0.115,-0.022,-0.093,0.06,-0.051,0.111,-0.383,-0.003,-0.38,0.094,-0.02,0.113,0.589,-0.044,-0.044,0.433,0.389,0.0,0.589,0.355,0.234,0.589,0.355,0.234,-1.235,0.027,-1.055,-0.017,-1.038,-0.295,0.091,-0.386,-0.018,0.114,-0.132,-0.725,0.0,-0.725,0.998,0.626,0.367,0.72,-1.404,-1.404,-0.742,0.0,0.72,0.571,0.149,0.72,0.571,0.149,-3.681,-0.568,-1.131,0.389,-0.742,53926,27046,26880
203144,Alexey Shved,2017,-1.766,-0.216,-1.55,-0.318,0.282,-0.6,-0.127,0.549,-0.676,-1.105,0.168,-1.273,0.018,0.017,0.006,0.323,0.386,0.386,-1.425,-1.039,0.0,0.323,-0.035,0.358,0.323,-0.035,0.358,-0.418,0.089,0.426,0.178,0.248,-0.37,-0.248,-0.122,0.866,-0.017,0.883,-0.248,0.046,-0.294,-0.151,-0.012,-0.142,-0.124,0.127,0.127,0.151,0.278,0.0,-0.124,-0.028,-0.096,-0.124,-0.028,-0.096,0.419,-0.433,-1.339,-0.038,-1.301,-0.688,0.034,-0.722,0.739,0.532,0.207,-1.352,0.215,-1.567,-0.133,0.005,-0.137,0.199,0.513,0.513,-0.761,-0.001,0.199,-0.063,0.262,0.199,-0.063,0.262,0.001,-0.344,-1.039,0.278,-0.762,12600,6309,6291
202347,Quincy Pondexter,2017,-0.119,-0.246,0.127,-0.744,-0.25,-0.494,-0.083,0.097,-0.18,0.954,0.092,0.862,-0.016,0.214,-0.226,-0.057,-0.277,-0.277,-0.192,-0.469,0.0,-0.057,-0.098,0.041,-0.057,-0.098,0.041,0.036,-0.551,0.288,0.102,0.186,-0.089,-0.185,0.096,-0.394,-0.016,-0.378,0.669,0.059,0.61,0.019,-0.005,0.025,-0.318,-0.281,-0.281,-0.011,-0.292,0.0,-0.318,-0.229,-0.089,-0.318,-0.229,-0.089,1.625,-0.146,0.17,-0.144,0.314,-0.832,-0.435,-0.397,-0.477,0.081,-0.558,1.623,0.151,1.472,0.003,0.209,-0.202,-0.375,-0.558,-0.558,-0.761,-0.001,-0.375,-0.327,-0.048,-0.375,-0.327,-0.048,1.66,-0.697,-0.469,-0.292,-0.762,14080,7035,7045
201148,Brandan Wright,2017,0.806,0.155,0.651,0.698,0.099,0.599,0.24,-0.178,0.418,-0.287,-0.036,-0.251,-0.637,-0.383,-0.253,0.321,0.223,0.223,0.49,0.713,-0.0,0.321,-0.076,0.397,0.321,-0.076,0.397,2.415,1.116,-0.792,0.238,-1.03,-0.768,-0.186,-0.582,0.05,-0.112,0.162,-0.312,0.0,-0.312,0.187,0.058,0.129,-0.265,-0.61,-0.61,-0.87,-1.48,0.0,-0.265,0.05,-0.315,-0.265,0.05,-0.315,-1.548,-0.773,0.013,0.393,-0.38,-0.07,-0.087,0.017,0.29,-0.29,0.58,-0.6,-0.036,-0.564,-0.449,-0.325,-0.124,0.056,-0.387,-0.387,-0.767,-0.001,0.056,-0.026,0.082,0.056,-0.026,0.082,0.867,0.343,0.713,-1.48,-0.768,16935,8458,8477
202730,Lavoy Allen,2017,-3.162,0.071,-3.233,-1.048,-0.473,-0.575,-1.676,-1.049,-0.627,-0.509,-0.145,-0.364,-0.758,-0.823,0.065,-0.429,3.096,3.096,-4.349,-1.253,0.0,-0.429,-0.273,-0.156,-0.429,-0.273,-0.156,-0.023,-0.821,-0.531,0.02,-0.551,-0.374,0.004,-0.378,0.072,0.009,0.063,-0.249,0.006,-0.255,-0.066,-0.16,0.095,-0.155,1.236,1.236,-0.752,0.484,0.0,-0.155,-0.023,-0.132,-0.155,-0.023,-0.132,-0.717,-0.237,-3.693,0.091,-3.784,-1.422,-0.469,-0.953,-1.604,-1.04,-0.564,-0.758,-0.139,-0.619,-0.823,-0.983,0.16,-0.584,4.332,4.332,-0.769,0.0,-0.584,-0.296,-0.288,-0.584,-0.296,-0.288,-0.74,-1.058,-1.253,0.484,-0.769,24165,12060,12105
1627827,Dorian Finney-Smith,2017,-0.456,0.248,-0.704,0.299,-0.201,0.5,0.015,-0.04,0.055,-1.018,0.072,-1.09,-0.569,-0.44,-0.126,0.529,0.156,0.156,-0.496,-0.34,-0.0,0.529,0.313,0.216,0.529,0.313,0.216,0.96,0.096,-1.206,0.111,-1.317,-0.192,0.092,-0.284,-0.72,0.025,-0.745,-0.405,-0.007,-0.398,0.086,0.004,0.086,0.592,0.099,0.099,-0.528,-0.429,-0.0,0.592,0.151,0.441,0.592,0.151,0.441,-0.038,0.172,-1.658,0.359,-2.017,0.109,-0.108,0.217,-0.704,-0.015,-0.689,-1.422,0.066,-1.488,-0.482,-0.436,-0.04,1.121,0.255,0.255,-0.769,-0.001,1.121,0.464,0.657,1.121,0.464,0.657,0.923,0.267,-0.34,-0.429,-0.77,6128,3052,3076
2037,Jamal Crawford,2017,-0.181,-0.094,-0.087,0.355,-0.316,0.671,0.539,0.387,0.152,-0.981,0.087,-1.068,1.364,1.511,-0.148,0.222,-0.457,-0.457,1.405,0.948,0.0,0.222,0.093,0.129,0.222,0.093,0.129,-4.579,-0.346,0.04,0.12,-0.08,-0.398,-0.031,-0.367,-0.038,-0.186,0.148,0.356,0.057,0.299,-1.019,-1.228,0.21,-0.03,-0.717,-0.717,-1.009,-1.726,0.0,-0.03,0.036,-0.066,-0.03,0.036,-0.066,0.821,-0.272,-0.14,0.026,-0.166,-0.042,-0.347,0.305,0.501,0.201,0.3,-0.625,0.144,-0.769,0.346,0.283,0.062,0.191,-1.175,-1.175,-0.778,-0.001,0.191,0.129,0.062,0.191,0.129,0.062,-3.758,-0.618,0.948,-1.726,-0.779,44937,22596,22341
1626262,Coty Clarke,2017,-0.11,0.187,-0.297,-0.382,-0.142,-0.24,0.008,0.044,-0.036,0.077,-0.001,0.078,-0.093,-0.047,-0.041,-0.048,-0.041,-0.041,-0.251,-0.292,0.0,-0.048,-0.084,0.036,-0.048,-0.084,0.036,-0.041,-0.228,-0.378,-0.111,-0.267,-0.068,0.042,-0.11,-0.178,-0.057,-0.121,-0.021,0.004,-0.025,-0.09,-0.085,-0.003,-0.104,0.084,0.084,-0.572,-0.488,-0.0,-0.104,-0.045,-0.059,-0.104,-0.045,-0.059,-0.119,-0.036,-0.49,0.076,-0.566,-0.45,-0.1,-0.35,-0.17,-0.013,-0.157,0.054,0.002,0.052,-0.183,-0.132,-0.043,-0.152,0.043,0.043,-0.78,-0.0,-0.152,-0.129,-0.023,-0.152,-0.129,-0.023,-0.16,-0.263,-0.292,-0.488,-0.78,22,12,10
200771,Sergio Rodriguez,2017,0.643,-0.056,0.699,0.613,-0.076,0.689,0.007,0.048,-0.041,0.079,0.068,0.011,-0.766,-0.529,-0.239,-0.629,0.686,0.686,-0.752,-0.066,-0.0,-0.629,-0.116,-0.513,-0.629,-0.116,-0.513,1.397,0.913,-0.452,-0.243,-0.209,-0.272,-0.083,-0.189,0.708,0.005,0.703,-0.645,0.041,-0.686,-0.132,-0.173,0.044,-0.163,0.031,0.031,-0.747,-0.716,0.0,-0.163,-0.171,0.008,-0.163,-0.171,0.008,0.178,-0.189,0.193,-0.299,0.492,0.341,-0.159,0.5,0.716,0.054,0.662,-0.565,0.11,-0.675,-0.898,-0.702,-0.195,-0.792,0.717,0.717,-0.782,0.0,-0.792,-0.287,-0.505,-0.792,-0.287,-0.505,1.575,0.725,-0.066,-0.716,-0.782,6017,3016,3001
200826,J.J. Barea,2017,-0.763,-0.064,-0.699,0.159,0.092,0.067,0.236,0.227,0.009,-1.094,0.109,-1.203,-0.551,-0.445,-0.106,0.961,0.267,0.267,-0.353,-0.086,0.0,0.961,0.491,0.47,0.961,0.491,0.47,-1.301,-0.051,-0.115,-0.03,-0.085,-0.126,0.098,-0.224,0.532,0.022,0.51,-0.491,0.001,-0.492,-0.111,-0.184,0.072,0.453,-0.926,-0.926,0.227,-0.699,0.0,0.453,-0.293,0.746,0.453,-0.293,0.746,0.011,-0.095,-0.878,-0.094,-0.784,0.033,0.19,-0.157,0.768,0.249,0.519,-1.585,0.11,-1.695,-0.663,-0.629,-0.034,1.414,-0.659,-0.659,-0.785,0.0,1.414,0.198,1.216,1.414,0.198,1.216,-1.29,-0.146,-0.086,-0.699,-0.785,28075,14060,14015
202419,Chris Johnson,2017,0.87,0.059,0.811,0.552,-0.086,0.638,0.381,0.011,0.37,-0.122,0.017,-0.139,-0.461,-0.323,-0.134,-0.383,0.078,0.078,0.026,0.104,0.0,-0.383,-0.243,-0.14,-0.383,-0.243,-0.14,1.243,0.408,-0.016,-0.053,0.037,0.164,0.024,0.14,-0.256,-0.145,-0.111,0.129,-0.024,0.153,-0.136,-0.178,0.042,-0.16,-0.585,-0.585,-0.312,-0.897,0.0,-0.16,0.022,-0.182,-0.16,0.022,-0.182,-0.272,0.019,0.853,0.006,0.847,0.715,-0.062,0.777,0.125,-0.134,0.259,0.007,-0.007,0.014,-0.597,-0.501,-0.092,-0.543,-0.507,-0.507,-0.793,0.0,-0.543,-0.221,-0.322,-0.543,-0.221,-0.322,0.971,0.427,0.104,-0.897,-0.793,1047,523,524
203480,James Southerland,2017,-0.504,0.223,-0.727,-0.232,-0.123,-0.109,-0.426,0.02,-0.446,-0.069,-0.008,-0.061,-0.114,-0.066,-0.043,0.04,0.125,0.125,-0.578,-0.453,-0.0,0.04,-0.071,0.111,0.04,-0.071,0.111,-0.123,-0.087,-0.205,-0.176,-0.029,0.126,0.027,0.099,-0.074,-0.072,-0.002,-0.081,0.002,-0.083,-0.117,-0.116,0.001,-0.101,0.075,0.075,-0.423,-0.348,0.0,-0.101,-0.092,-0.009,-0.101,-0.092,-0.009,-0.216,-0.01,-0.709,0.047,-0.756,-0.106,-0.096,-0.01,-0.5,-0.052,-0.448,-0.15,-0.006,-0.144,-0.23,-0.182,-0.042,-0.062,0.2,0.2,-0.801,-0.0,-0.062,-0.163,0.101,-0.062,-0.163,0.101,-0.339,-0.097,-0.453,-0.348,-0.801,112,57,55
203502,Tony Mitchell,2017,-0.493,0.098,-0.591,-0.211,-0.113,-0.098,-0.202,0.066,-0.268,-0.178,0.013,-0.191,-0.074,-0.006,-0.064,0.021,-0.099,-0.099,-0.546,-0.645,-0.0,0.021,-0.031,0.052,0.021,-0.031,0.052,-0.469,-0.252,-0.14,-0.025,-0.115,-0.1,0.102,-0.202,-0.14,-0.047,-0.093,0.125,0.003,0.122,-0.193,-0.138,-0.051,0.086,0.086,0.086,-0.247,-0.161,0.0,0.086,-0.005,0.091,0.086,-0.005,0.091,0.297,0.048,-0.632,0.073,-0.705,-0.31,-0.01,-0.3,-0.342,0.019,-0.361,-0.053,0.016,-0.069,-0.267,-0.144,-0.115,0.107,-0.013,-0.013,-0.806,-0.001,0.107,-0.036,0.143,0.107,-0.036,0.143,-0.172,-0.204,-0.645,-0.161,-0.807,296,146,150
202714,Shelvin Mack,2017,1.693,-0.168,1.861,-0.052,-0.212,0.16,1.366,-0.048,1.414,0.547,0.095,0.452,-0.413,-0.316,-0.099,-0.191,-1.031,-1.031,1.089,0.058,-0.0,-0.191,0.009,-0.2,-0.191,0.009,-0.2,2.289,-0.123,-1.005,0.063,-1.068,-0.427,0.075,-0.502,-0.239,0.124,-0.363,-0.402,-0.002,-0.4,0.376,0.35,0.027,-0.59,0.353,0.353,-1.219,-0.866,-0.0,-0.59,0.07,-0.66,-0.59,0.07,-0.66,-1.186,0.076,0.687,-0.105,0.792,-0.479,-0.137,-0.342,1.127,0.076,1.051,0.144,0.092,0.052,-0.038,0.034,-0.071,-0.781,-0.678,-0.678,-0.808,-0.001,-0.781,0.079,-0.86,-0.781,0.079,-0.86,1.103,-0.047,0.058,-0.866,-0.809,20379,10200,10179
203141,Mirza Teletovic,2017,1.515,-0.091,1.606,0.061,-0.029,0.09,1.477,0.715,0.762,0.068,0.313,-0.245,-0.42,-0.465,0.043,0.07,-0.871,-0.871,1.165,0.294,-0.0,0.07,0.133,-0.063,0.07,0.133,-0.063,2.304,-0.428,-0.617,0.08,-0.697,-0.048,-0.075,0.027,-0.707,-0.175,-0.532,0.058,0.004,0.054,-0.116,-0.225,0.109,-0.021,-0.35,-0.35,-0.754,-1.104,0.0,-0.021,0.011,-0.032,-0.021,0.011,-0.032,-0.073,-0.248,0.897,-0.011,0.908,0.012,-0.105,0.117,0.77,0.54,0.23,0.126,0.317,-0.191,-0.536,-0.69,0.153,0.049,-1.22,-1.22,-0.81,0.001,0.049,0.144,-0.095,0.049,0.144,-0.095,2.231,-0.676,0.294,-1.104,-0.809,22730,11375,11355
203487,Michael Carter-Williams,2017,-1.844,0.332,-2.176,0.055,0.154,-0.099,-0.845,0.076,-0.921,-1.386,-0.033,-1.353,0.351,0.689,-0.34,-0.074,-0.035,-0.035,-1.567,-1.602,0.0,-0.074,0.011,-0.085,-0.074,0.011,-0.085,-1.593,0.126,-0.238,-0.192,-0.046,0.434,-0.146,0.58,-0.159,-0.356,0.197,-0.321,-0.045,-0.276,-0.355,-0.418,0.065,0.794,0.576,0.576,0.201,0.777,0.0,0.794,0.329,0.465,0.794,0.329,0.465,-1.489,-0.297,-2.082,0.14,-2.222,0.489,0.008,0.481,-1.004,-0.279,-0.725,-1.707,-0.078,-1.629,-0.004,0.27,-0.275,0.72,0.541,0.541,-0.825,0.0,0.72,0.341,0.379,0.72,0.341,0.379,-3.082,-0.171,-1.602,0.777,-0.825,28869,14412,14457
202684,Tristan Thompson,2017,-2.216,-0.039,-2.177,-1.476,-0.451,-1.025,-1.182,-0.678,-0.504,0.481,-0.087,0.568,-0.5,-0.151,-0.346,0.436,1.748,1.748,-2.28,-0.532,0.0,0.436,0.351,0.085,0.436,0.351,0.085,-2.953,-1.446,-0.611,-0.168,-0.443,-0.087,-0.078,-0.009,0.15,0.022,0.128,-0.506,-0.065,-0.441,0.782,0.698,0.082,-0.537,0.072,0.072,-0.366,-0.294,0.0,-0.537,-0.262,-0.275,-0.537,-0.262,-0.275,-3.751,-0.51,-2.825,-0.207,-2.618,-1.563,-0.529,-1.034,-1.031,-0.655,-0.376,-0.024,-0.151,0.127,0.282,0.548,-0.263,-0.102,1.82,1.82,-0.826,0.0,-0.102,0.089,-0.191,-0.102,0.089,-0.191,-6.704,-1.956,-0.532,-0.294,-0.826,52653,26224,26429
1627743,Demetrius Jackson,2017,-0.249,0.251,-0.5,-0.306,-0.104,-0.202,-0.237,0.036,-0.273,0.043,-0.02,0.063,-0.075,0.024,-0.095,0.094,-0.154,-0.154,-0.23,-0.384,0.0,0.094,0.05,0.044,0.094,0.05,0.044,-0.241,-0.087,-0.305,-0.107,-0.198,0.043,0.054,-0.011,-0.141,-0.054,-0.087,-0.1,0.002,-0.102,-0.082,-0.076,-0.004,-0.054,-0.002,-0.002,-0.441,-0.443,0.0,-0.054,-0.078,0.024,-0.054,-0.078,0.024,-0.066,0.039,-0.555,0.144,-0.699,-0.263,-0.05,-0.213,-0.379,-0.018,-0.361,-0.057,-0.018,-0.039,-0.158,-0.052,-0.099,0.04,-0.155,-0.155,-0.827,0.0,0.04,-0.027,0.067,0.04,-0.027,0.067,-0.307,-0.048,-0.384,-0.443,-0.827,62,31,31
1627851,Mindaugas Kuzminskas,2017,-0.118,-0.013,-0.105,0.539,0.244,0.295,0.497,0.468,0.029,-1.141,0.067,-1.208,-0.196,-0.152,-0.043,-1.06,0.759,0.759,-1.374,-0.615,0.0,-1.06,-0.312,-0.748,-1.06,-0.312,-0.748,-0.166,0.892,-0.46,-0.179,-0.281,-0.323,-0.122,-0.201,-0.155,-0.115,-0.04,0.197,-0.001,0.198,-0.057,0.029,-0.083,0.317,-0.018,-0.018,-0.2,-0.218,0.0,0.317,0.243,0.074,0.317,0.243,0.074,0.832,-0.261,-0.579,-0.192,-0.387,0.215,0.121,0.094,0.342,0.353,-0.011,-0.944,0.066,-1.01,-0.252,-0.124,-0.126,-0.744,0.741,0.741,-0.833,-0.001,-0.744,-0.069,-0.675,-0.744,-0.069,-0.675,0.666,0.631,-0.615,-0.218,-0.834,4016,2019,1997
1627744,Brice Johnson,2017,-0.293,0.185,-0.478,-0.241,-0.114,-0.127,-0.261,0.032,-0.293,0.024,-0.014,0.038,-0.076,-0.075,0.005,-0.075,-0.08,-0.08,-0.444,-0.524,0.0,-0.075,-0.075,0.0,-0.075,-0.075,0.0,-0.392,-0.124,-0.29,-0.109,-0.181,-0.011,0.02,-0.031,-0.115,-0.068,-0.047,-0.055,0.004,-0.059,-0.077,-0.056,-0.018,-0.019,0.07,0.07,-0.386,-0.316,0.0,-0.019,-0.017,-0.002,-0.019,-0.017,-0.002,0.013,-0.028,-0.584,0.076,-0.66,-0.253,-0.095,-0.158,-0.376,-0.037,-0.339,-0.031,-0.01,-0.021,-0.152,-0.13,-0.014,-0.094,-0.01,-0.01,-0.84,0.0,-0.094,-0.091,-0.003,-0.094,-0.091,-0.003,-0.379,-0.152,-0.524,-0.316,-0.84,37,18,19
1894,Corey Maggette,2017,-1.458,0.197,-1.655,-0.396,-0.075,-0.321,-0.54,0.057,-0.597,-0.719,0.028,-0.747,0.208,0.032,0.187,0.134,0.416,0.416,-1.116,-0.7,0.0,0.134,0.158,-0.024,0.134,0.158,-0.024,-0.787,-0.181,0.377,-0.171,0.548,-0.058,0.148,-0.206,0.037,0.009,0.028,0.569,-0.005,0.574,-0.209,-0.243,0.035,-0.129,-0.179,-0.179,0.039,-0.14,-0.0,-0.129,-0.068,-0.061,-0.129,-0.068,-0.061,0.61,0.086,-1.081,0.026,-1.107,-0.454,0.073,-0.527,-0.503,0.066,-0.569,-0.15,0.023,-0.173,-0.001,-0.211,0.222,0.006,0.237,0.237,-0.84,0.0,0.006,0.09,-0.084,0.006,0.09,-0.084,-0.177,-0.095,-0.7,-0.14,-0.84,930,464,466
2202,Jason Richardson,2017,-1.154,0.238,-1.392,-0.642,-0.454,-0.188,-0.206,-0.135,-0.071,-0.544,0.187,-0.731,-1.051,-0.759,-0.285,1.737,-0.209,-0.209,-0.468,-0.677,-0.0,1.737,0.507,1.23,1.737,0.507,1.23,1.53,-0.451,-0.627,0.017,-0.644,0.056,0.043,0.013,-0.738,0.053,-0.791,0.038,0.009,0.029,0.038,-0.022,0.06,0.027,0.389,0.389,-0.562,-0.173,-0.0,0.027,-0.129,0.156,0.027,-0.129,0.156,0.102,0.413,-1.781,0.255,-2.036,-0.586,-0.411,-0.175,-0.944,-0.082,-0.862,-0.506,0.196,-0.702,-1.012,-0.781,-0.226,1.764,0.18,0.18,-0.85,-0.0,1.764,0.378,1.386,1.764,0.378,1.386,1.632,-0.038,-0.677,-0.173,-0.85,5099,2554,2545
1627850,Marshall Plumlee,2017,0.362,0.28,0.082,-0.075,-0.133,0.058,-0.33,0.029,-0.359,0.487,0.017,0.47,-0.207,-0.131,-0.075,-0.381,0.017,0.017,-0.226,-0.209,0.0,-0.381,-0.016,-0.365,-0.381,-0.016,-0.365,-0.24,-0.255,-0.228,-0.214,-0.014,-0.204,-0.004,-0.2,-0.346,-0.118,-0.228,0.536,0.001,0.535,-0.126,-0.26,0.134,-0.111,-0.177,-0.177,-0.465,-0.642,-0.0,-0.111,-0.006,-0.105,-0.111,-0.006,-0.105,0.782,-0.148,0.135,0.066,0.069,-0.278,-0.136,-0.142,-0.676,-0.089,-0.587,1.023,0.018,1.005,-0.334,-0.391,0.059,-0.492,-0.16,-0.16,-0.851,0.0,-0.492,-0.022,-0.47,-0.492,-0.022,-0.47,0.542,-0.402,-0.209,-0.642,-0.851,659,329,330
200809,Chris Quinn,2017,-0.322,0.158,-0.48,-0.391,-0.19,-0.201,0.026,-0.168,0.194,-0.115,-0.027,-0.088,-0.368,-0.299,-0.065,0.126,-0.35,-0.35,-0.564,-0.914,-0.0,0.126,0.002,0.124,0.126,0.002,0.124,0.303,-0.201,-0.227,-0.037,-0.19,-0.111,0.009,-0.12,-0.297,-0.08,-0.217,0.218,0.004,0.214,-0.098,-0.06,-0.035,0.144,0.24,0.24,-0.181,0.059,0.0,0.144,0.039,0.105,0.144,0.039,0.105,0.1,-0.048,-0.549,0.121,-0.67,-0.502,-0.181,-0.321,-0.27,-0.248,-0.022,0.102,-0.024,0.126,-0.466,-0.359,-0.1,0.27,-0.11,-0.11,-0.855,0.0,0.27,0.04,0.23,0.27,0.04,0.23,0.403,-0.249,-0.914,0.059,-0.855,299,148,151
201978,Chase Budinger,2017,-0.422,-0.1,-0.322,-0.615,0.076,-0.691,0.073,-0.017,0.09,0.22,-0.004,0.224,-0.044,-0.244,0.201,0.167,-0.003,-0.003,-0.299,-0.302,-0.0,0.167,-0.4,0.567,0.167,-0.4,0.567,0.276,-0.133,-0.195,0.15,-0.345,-0.104,-0.006,-0.098,-0.243,0.085,-0.328,0.002,-0.007,0.009,0.458,0.357,0.101,-0.039,-0.779,-0.779,0.224,-0.555,0.0,-0.039,0.133,-0.172,-0.039,0.133,-0.172,0.667,0.34,-0.618,0.05,-0.668,-0.719,0.07,-0.789,-0.17,0.068,-0.238,0.221,-0.011,0.232,0.414,0.113,0.302,0.128,-0.783,-0.783,-0.857,-0.001,0.128,-0.267,0.395,0.128,-0.267,0.395,0.943,0.207,-0.302,-0.555,-0.858,13577,6796,6781
2735,Josh Childress,2017,-1.218,0.09,-1.308,-0.135,-0.098,-0.037,-0.613,0.018,-0.631,-0.56,-0.017,-0.543,-0.109,-0.11,0.008,0.426,0.297,0.297,-0.901,-0.604,0.0,0.426,0.101,0.325,0.426,0.101,0.325,-0.714,-0.264,-0.162,0.019,-0.181,0.142,0.066,0.076,-0.339,-0.056,-0.283,0.016,0.012,0.004,-0.164,-0.198,0.035,-0.041,0.11,0.11,-0.367,-0.257,0.0,-0.041,0.038,-0.079,-0.041,0.038,-0.079,0.203,-0.02,-1.379,0.109,-1.488,0.007,-0.032,0.039,-0.951,-0.037,-0.914,-0.544,-0.005,-0.539,-0.273,-0.308,0.042,0.385,0.407,0.407,-0.861,0.0,0.385,0.139,0.246,0.385,0.139,0.246,-0.511,-0.284,-0.604,-0.257,-0.861,479,229,250
101126,Nate Robinson,2017,-1.353,-0.303,-1.05,-0.677,-0.281,-0.396,-0.137,0.18,-0.317,-0.236,0.161,-0.397,-0.121,0.011,-0.128,0.642,0.015,0.015,-0.832,-0.817,0.0,0.642,0.508,0.134,0.642,0.508,0.134,-1.663,-0.782,1.579,0.112,1.467,0.62,0.195,0.425,0.272,0.06,0.212,0.575,0.015,0.56,-0.564,-0.658,0.092,-0.123,-0.941,-0.941,0.892,-0.049,-0.0,-0.123,0.018,-0.141,-0.123,0.018,-0.141,2.024,0.431,0.226,-0.191,0.417,-0.057,-0.086,0.029,0.135,0.24,-0.105,0.339,0.176,0.163,-0.685,-0.647,-0.036,0.519,-0.926,-0.926,-0.866,-0.0,0.519,0.526,-0.007,0.519,0.526,-0.007,0.362,-0.351,-0.817,-0.049,-0.866,14842,7417,7425
203968,Jerrelle Benimon,2017,-0.224,0.186,-0.41,-0.252,-0.142,-0.11,0.026,0.03,-0.004,-0.184,-0.006,-0.178,-0.082,-0.061,-0.015,-0.04,-0.19,-0.19,-0.346,-0.536,0.0,-0.04,-0.013,-0.027,-0.04,-0.013,-0.027,-0.322,-0.171,-0.225,-0.114,-0.111,-0.011,0.051,-0.062,-0.075,-0.055,-0.02,-0.025,0.002,-0.027,-0.093,-0.079,-0.012,-0.086,0.062,0.062,-0.404,-0.342,0.0,-0.086,-0.037,-0.049,-0.086,-0.037,-0.049,-0.044,-0.002,-0.451,0.072,-0.523,-0.263,-0.091,-0.172,-0.05,-0.025,-0.025,-0.21,-0.004,-0.206,-0.176,-0.141,-0.027,-0.126,-0.128,-0.128,-0.878,0.0,-0.126,-0.051,-0.075,-0.126,-0.051,-0.075,-0.366,-0.173,-0.536,-0.342,-0.878,9,5,4
1626164,Devin Booker,2017,0.668,0.085,0.583,0.021,0.153,-0.132,0.46,0.174,0.286,0.102,-0.054,0.156,1.228,0.809,0.412,-0.539,0.268,0.268,1.357,1.625,0.0,-0.539,-0.687,0.148,-0.539,-0.687,0.148,-1.485,-0.121,0.164,-0.061,0.225,0.071,0.007,0.064,-0.366,-0.168,-0.198,0.52,0.02,0.5,-0.929,-0.717,-0.211,-0.767,-0.974,-0.974,-1.532,-2.506,0.0,-0.767,-0.335,-0.432,-0.767,-0.335,-0.432,0.789,0.07,0.831,0.024,0.807,0.091,0.159,-0.068,0.094,0.006,0.088,0.622,-0.034,0.656,0.3,0.092,0.201,-1.306,-0.706,-0.706,-0.881,0.001,-1.306,-1.022,-0.284,-1.306,-1.022,-0.284,-0.696,-0.051,1.625,-2.506,-0.88,19807,9939,9868
204014,Damjan Rudez,2017,0.057,-0.171,0.228,0.58,-0.195,0.775,-0.004,0.346,-0.35,-0.348,0.141,-0.489,-0.179,-0.165,-0.014,0.099,0.14,0.14,-0.023,0.117,-0.0,0.099,-0.201,0.3,0.099,-0.201,0.3,-0.509,-0.54,-0.395,-0.217,-0.178,-0.361,-0.003,-0.358,-0.626,-0.072,-0.554,0.809,0.047,0.762,-0.572,-0.608,0.038,-0.192,0.155,0.155,-1.159,-1.004,0.0,-0.192,-0.189,-0.003,-0.192,-0.189,-0.003,0.91,-0.095,-0.337,-0.388,0.051,0.219,-0.198,0.417,-0.63,0.274,-0.904,0.462,0.189,0.273,-0.751,-0.773,0.024,-0.093,0.295,0.295,-0.887,-0.001,-0.093,-0.39,0.297,-0.093,-0.39,0.297,0.401,-0.635,0.117,-1.004,-0.888,6289,3157,3132
204021,Sim Bhullar,2017,-0.217,0.186,-0.403,-0.251,-0.139,-0.112,-0.013,0.023,-0.036,-0.139,-0.009,-0.13,-0.049,-0.046,0.004,0.002,-0.184,-0.184,-0.264,-0.448,0.0,0.002,-0.015,0.017,0.002,-0.015,0.017,-0.369,-0.205,-0.266,-0.114,-0.152,-0.005,0.053,-0.058,-0.121,-0.054,-0.067,-0.026,0.003,-0.029,-0.106,-0.095,-0.009,-0.089,0.021,0.021,-0.461,-0.44,-0.0,-0.089,-0.037,-0.052,-0.089,-0.037,-0.052,-0.081,0.002,-0.486,0.072,-0.558,-0.258,-0.087,-0.171,-0.135,-0.032,-0.103,-0.165,-0.006,-0.159,-0.155,-0.141,-0.005,-0.088,-0.163,-0.163,-0.888,-0.0,-0.088,-0.052,-0.036,-0.088,-0.052,-0.036,-0.45,-0.203,-0.448,-0.44,-0.888,9,4,5
200756,Hilton Armstrong,2017,-0.667,0.333,-1.0,-0.011,-0.091,0.08,-0.403,-0.044,-0.359,-0.586,-0.027,-0.559,-0.206,-0.063,-0.14,0.052,0.229,0.229,-0.821,-0.592,0.0,0.052,-0.114,0.166,0.052,-0.114,0.166,-0.352,0.074,-0.329,-0.13,-0.199,0.01,0.056,-0.046,-0.318,-0.126,-0.192,0.109,-0.017,0.126,-0.152,-0.19,0.039,-0.075,0.255,0.255,-0.556,-0.301,-0.0,-0.075,0.023,-0.098,-0.075,0.023,-0.098,-0.253,-0.091,-0.996,0.203,-1.199,0.0,-0.035,0.035,-0.722,-0.17,-0.552,-0.477,-0.044,-0.433,-0.358,-0.253,-0.101,-0.023,0.484,0.484,-0.893,-0.0,-0.023,-0.091,0.068,-0.023,-0.091,0.068,-0.606,-0.017,-0.592,-0.301,-0.893,447,222,225
200751,Randy Foye,2017,0.409,-0.018,0.427,-0.235,-0.215,-0.02,-0.18,0.5,-0.68,0.842,0.255,0.587,0.057,-0.096,0.152,-0.096,-0.473,-0.473,0.37,-0.103,-0.0,-0.096,-0.287,0.191,-0.096,-0.287,0.191,-0.205,-0.822,-0.592,0.022,-0.614,-0.546,-0.089,-0.457,0.062,-0.047,0.109,-0.13,0.054,-0.184,-0.343,-0.501,0.157,0.138,0.0,0.0,-0.797,-0.797,0.0,0.138,0.269,-0.131,0.138,0.269,-0.131,1.091,-0.12,-0.182,0.004,-0.186,-0.78,-0.304,-0.476,-0.118,0.453,-0.571,0.712,0.308,0.404,-0.286,-0.598,0.309,0.042,-0.473,-0.473,-0.9,0.001,0.042,-0.018,0.06,0.042,-0.018,0.06,0.886,-0.942,-0.103,-0.797,-0.899,35287,17670,17617
1627733,Dragan Bender,2017,-0.13,0.415,-0.545,-0.131,-0.075,-0.056,-0.499,0.091,-0.59,0.085,0.027,0.058,-0.182,-0.101,-0.079,0.033,-0.081,-0.081,-0.279,-0.36,0.0,0.033,0.172,-0.139,0.033,0.172,-0.139,-1.566,-0.428,0.506,-0.231,0.737,0.319,-0.019,0.338,0.073,-0.162,0.235,0.345,-0.001,0.346,-0.3,-0.29,-0.008,-0.252,-0.496,-0.496,-0.046,-0.542,0.0,-0.252,-0.378,0.126,-0.252,-0.378,0.126,1.043,0.235,0.376,0.184,0.192,0.188,-0.094,0.282,-0.426,-0.071,-0.355,0.43,0.026,0.404,-0.482,-0.392,-0.086,-0.219,-0.576,-0.576,-0.902,0.0,-0.219,-0.206,-0.013,-0.219,-0.206,-0.013,-0.523,-0.193,-0.36,-0.542,-0.902,2237,1123,1114
203951,Keith Appling,2017,-0.38,0.262,-0.642,-0.405,-0.106,-0.299,-0.031,0.082,-0.113,-0.206,-0.001,-0.205,0.011,0.011,0.006,0.015,-0.302,-0.302,-0.354,-0.656,-0.0,0.015,-0.084,0.099,0.015,-0.084,0.099,-0.879,-0.228,-0.185,-0.096,-0.089,-0.08,0.045,-0.125,0.024,-0.05,0.074,-0.033,0.008,-0.041,-0.101,-0.105,0.006,-0.12,0.16,0.16,-0.406,-0.246,0.0,-0.12,-0.063,-0.057,-0.12,-0.063,-0.057,-0.032,-0.046,-0.567,0.166,-0.733,-0.486,-0.061,-0.425,-0.008,0.032,-0.04,-0.239,0.007,-0.246,-0.09,-0.094,0.013,-0.105,-0.142,-0.142,-0.902,-0.0,-0.105,-0.148,0.043,-0.105,-0.148,0.043,-0.912,-0.274,-0.656,-0.246,-0.902,106,56,50
1536,Stephen Jackson,2017,-0.256,-0.197,-0.059,0.119,0.253,-0.134,-0.275,0.466,-0.741,0.097,0.128,-0.031,-0.012,-0.097,0.092,-0.71,-0.279,-0.279,-0.978,-1.257,0.0,-0.71,-0.321,-0.389,-0.71,-0.321,-0.389,0.629,0.251,-0.253,-0.062,-0.191,0.301,0.006,0.295,-0.394,-0.025,-0.369,-0.098,-0.023,-0.075,-0.089,0.049,-0.139,0.702,-0.006,-0.006,0.36,0.354,0.0,0.702,0.257,0.445,0.702,0.257,0.445,0.014,0.113,-0.508,-0.259,-0.249,0.421,0.26,0.161,-0.669,0.441,-1.11,-0.001,0.105,-0.106,-0.101,-0.048,-0.047,-0.008,-0.285,-0.285,-0.903,0.0,-0.008,-0.064,0.056,-0.008,-0.064,0.056,0.643,0.364,-1.257,0.354,-0.903,4620,2319,2301
201969,DaJuan Summers,2017,-0.289,0.193,-0.482,-0.27,-0.127,-0.143,-0.032,0.014,-0.046,-0.18,-0.011,-0.169,-0.036,-0.053,0.023,0.012,-0.222,-0.222,-0.313,-0.535,-0.0,0.012,-0.035,0.047,0.012,-0.035,0.047,-0.431,-0.189,-0.314,-0.119,-0.195,-0.003,0.044,-0.047,-0.232,-0.061,-0.171,0.04,-0.002,0.042,-0.078,-0.062,-0.014,-0.083,0.105,0.105,-0.475,-0.37,0.0,-0.083,-0.023,-0.06,-0.083,-0.023,-0.06,-0.085,-0.013,-0.602,0.074,-0.676,-0.272,-0.083,-0.189,-0.264,-0.047,-0.217,-0.14,-0.013,-0.127,-0.115,-0.115,0.01,-0.072,-0.117,-0.117,-0.905,0.0,-0.072,-0.058,-0.014,-0.072,-0.058,-0.014,-0.516,-0.202,-0.535,-0.37,-0.905,23,11,12
203961,Eric Moreland,2017,0.247,0.257,-0.01,-0.155,-0.105,-0.05,-0.222,0.055,-0.277,0.367,-0.005,0.372,-0.057,-0.011,-0.041,-0.134,-0.458,-0.458,0.056,-0.402,0.0,-0.134,-0.156,0.022,-0.134,-0.156,0.022,-0.139,-0.125,-0.138,-0.097,-0.041,-0.011,0.051,-0.062,-0.004,-0.085,0.081,-0.026,-0.002,-0.024,-0.171,-0.127,-0.042,-0.079,-0.116,-0.116,-0.388,-0.504,0.0,-0.079,0.007,-0.086,-0.079,0.007,-0.086,-0.162,-0.061,0.108,0.16,-0.052,-0.166,-0.054,-0.112,-0.227,-0.031,-0.196,0.341,-0.007,0.348,-0.228,-0.138,-0.083,-0.213,-0.574,-0.574,-0.906,0.0,-0.213,-0.149,-0.064,-0.213,-0.149,-0.064,-0.301,-0.186,-0.402,-0.504,-0.906,205,103,102
1627771,Michael Gbinije,2017,-0.574,0.142,-0.716,-0.305,-0.168,-0.137,-0.416,-0.023,-0.393,0.005,-0.018,0.023,-0.061,-0.044,-0.011,0.252,-0.075,-0.075,-0.383,-0.458,0.0,0.252,0.097,0.155,0.252,0.097,0.155,-0.055,-0.231,-0.322,-0.098,-0.224,-0.116,0.053,-0.169,-0.048,-0.069,0.021,-0.06,-0.0,-0.06,-0.133,-0.096,-0.034,-0.077,0.066,0.066,-0.532,-0.466,0.0,-0.077,-0.049,-0.028,-0.077,-0.049,-0.028,0.046,0.043,-0.898,0.044,-0.942,-0.421,-0.115,-0.306,-0.465,-0.092,-0.373,-0.056,-0.019,-0.037,-0.194,-0.141,-0.045,0.174,-0.009,-0.009,-0.924,0.001,0.174,0.048,0.126,0.174,0.048,0.126,-0.009,-0.188,-0.458,-0.466,-0.923,121,61,60
203489,Nate Wolters,2017,-1.004,-0.162,-0.842,0.148,0.178,-0.03,-0.927,-0.054,-0.873,-0.063,-0.094,0.031,-0.586,-0.428,-0.156,0.912,-0.312,-0.312,-0.678,-0.99,-0.0,0.912,0.478,0.434,0.912,0.478,0.434,-0.142,0.19,0.225,-0.106,0.331,0.33,0.015,0.315,-0.215,0.055,-0.27,0.216,0.006,0.21,0.099,0.163,-0.062,-0.346,0.086,0.086,-0.022,0.064,-0.0,-0.346,-0.153,-0.193,-0.346,-0.153,-0.193,-1.075,-0.243,-0.779,-0.268,-0.511,0.478,0.193,0.285,-1.141,0.002,-1.143,0.152,-0.088,0.24,-0.487,-0.265,-0.218,0.566,-0.226,-0.226,-0.926,-0.0,0.566,0.324,0.242,0.566,0.324,0.242,-1.217,-0.053,-0.99,0.064,-0.926,5858,2936,2922
203087,Jeremy Lamb,2017,-1.618,0.163,-1.781,-0.193,-0.185,-0.008,-1.062,-0.116,-0.946,-0.526,0.063,-0.589,0.083,-0.335,0.416,0.486,0.443,0.443,-1.049,-0.606,0.0,0.486,0.483,0.003,0.486,0.483,0.003,-2.808,-0.645,0.09,-0.077,0.167,0.054,0.053,0.001,-0.266,-0.154,-0.112,0.379,-0.011,0.39,-0.415,-0.489,0.077,0.033,-0.032,-0.032,-0.292,-0.324,-0.0,0.033,-0.105,0.138,0.033,-0.105,0.138,0.37,0.162,-1.529,0.086,-1.615,-0.139,-0.132,-0.007,-1.328,-0.271,-1.057,-0.148,0.052,-0.2,-0.332,-0.823,0.493,0.519,0.411,0.411,-0.93,0.001,0.519,0.378,0.141,0.519,0.378,0.141,-2.439,-0.483,-0.606,-0.324,-0.929,18440,9232,9208
202341,James Anderson,2017,0.9,-0.521,1.421,0.408,0.394,0.014,1.167,0.873,0.294,-0.154,0.2,-0.354,-0.511,-0.504,-0.006,-0.301,-0.22,-0.22,0.088,-0.132,-0.0,-0.301,-0.225,-0.076,-0.301,-0.225,-0.076,1.088,0.463,-0.501,-0.281,-0.22,-0.48,-0.027,-0.453,0.372,-0.054,0.426,-0.112,-0.016,-0.096,-0.237,-0.151,-0.087,0.18,-0.242,-0.242,-0.558,-0.8,0.0,0.18,0.59,-0.41,0.18,0.59,-0.41,-1.84,-0.443,0.399,-0.802,1.201,-0.072,0.367,-0.439,1.538,0.819,0.719,-0.265,0.185,-0.45,-0.748,-0.654,-0.094,-0.122,-0.462,-0.462,-0.932,0.0,-0.122,0.365,-0.487,-0.122,0.365,-0.487,-0.752,0.019,-0.132,-0.8,-0.932,14180,7077,7103
203957,Dante Exum,2017,-0.266,0.363,-0.629,0.589,0.363,0.226,-0.586,0.429,-1.015,-0.632,0.108,-0.74,-0.639,-0.524,-0.115,-0.553,0.116,0.116,-1.458,-1.342,0.0,-0.553,-0.379,-0.174,-0.553,-0.379,-0.174,1.127,0.864,0.157,-0.023,0.18,0.519,0.072,0.447,-0.346,0.033,-0.379,0.007,0.015,-0.008,-0.198,-0.174,-0.021,-0.126,0.576,0.576,-0.167,0.409,0.0,-0.126,-0.305,0.179,-0.126,-0.305,0.179,0.862,0.171,-0.111,0.34,-0.451,1.108,0.435,0.673,-0.932,0.462,-1.394,-0.627,0.122,-0.749,-0.836,-0.698,-0.136,-0.679,0.693,0.693,-0.933,0.0,-0.679,-0.683,0.004,-0.679,-0.683,0.004,1.988,1.035,-1.342,0.409,-0.933,11479,5729,5750
1627777,Georges Niang,2017,-0.527,0.253,-0.78,-0.389,-0.034,-0.355,0.043,0.012,0.031,-0.434,-0.032,-0.402,-0.042,-0.018,-0.018,0.145,0.121,0.121,-0.424,-0.303,0.0,0.145,0.121,0.024,0.145,0.121,0.024,-0.515,-0.048,-0.431,-0.155,-0.276,0.114,0.043,0.071,-0.317,-0.066,-0.251,-0.073,-0.003,-0.07,-0.068,-0.106,0.039,0.018,-0.158,-0.158,-0.481,-0.639,0.0,0.018,0.065,-0.047,0.018,0.065,-0.047,-0.117,0.176,-0.959,0.098,-1.057,-0.275,0.009,-0.284,-0.275,-0.054,-0.221,-0.507,-0.035,-0.472,-0.11,-0.125,0.021,0.163,-0.037,-0.037,-0.942,0.0,0.163,0.186,-0.023,0.163,0.186,-0.023,-0.632,0.128,-0.303,-0.639,-0.942,362,184,178
1626199,Darrun Hilliard,2017,-0.782,0.357,-1.139,-0.42,-0.202,-0.218,-1.156,-0.024,-1.132,0.437,0.04,0.397,-0.053,0.038,-0.091,-0.243,0.282,0.282,-1.078,-0.796,0.0,-0.243,0.188,-0.431,-0.243,0.188,-0.431,0.148,-0.364,0.198,-0.109,0.307,0.522,0.024,0.498,0.028,0.081,-0.053,-0.243,0.043,-0.286,-0.029,-0.048,0.021,-0.159,-0.157,-0.157,0.01,-0.147,0.0,-0.159,-0.163,0.004,-0.159,-0.163,0.004,-0.026,0.084,-0.586,0.248,-0.834,0.101,-0.178,0.279,-1.128,0.057,-1.185,0.193,0.083,0.11,-0.083,-0.011,-0.069,-0.402,0.125,0.125,-0.943,0.0,-0.402,0.024,-0.426,-0.402,0.024,-0.426,0.122,-0.28,-0.796,-0.147,-0.943,2907,1453,1454
203147,Chris Smith,2017,-0.22,0.184,-0.404,-0.292,-0.15,-0.142,0.029,0.032,-0.003,-0.141,-0.009,-0.132,-0.031,-0.026,0.001,0.004,-0.182,-0.182,-0.247,-0.429,0.0,0.004,-0.013,0.017,0.004,-0.013,0.017,-0.372,-0.204,-0.402,-0.09,-0.312,-0.03,0.046,-0.076,-0.142,-0.069,-0.073,-0.14,0.001,-0.141,-0.121,-0.106,-0.014,-0.07,0.07,0.07,-0.593,-0.523,-0.0,-0.07,-0.039,-0.031,-0.07,-0.039,-0.031,-0.071,-0.021,-0.624,0.094,-0.718,-0.322,-0.104,-0.218,-0.114,-0.038,-0.076,-0.282,-0.009,-0.273,-0.152,-0.131,-0.012,-0.067,-0.112,-0.112,-0.952,0.0,-0.067,-0.052,-0.015,-0.067,-0.052,-0.015,-0.443,-0.225,-0.429,-0.523,-0.952,10,4,6
201574,Jason Thompson,2017,-0.585,0.165,-0.75,0.382,-0.533,0.915,-1.025,-1.13,0.105,-0.107,-0.207,0.1,-0.639,-0.285,-0.353,0.69,0.074,0.074,-0.534,-0.46,0.0,0.69,0.395,0.295,0.69,0.395,0.295,-0.995,-0.424,-1.017,0.034,-1.051,-0.548,0.179,-0.727,-0.271,0.218,-0.489,-0.232,-0.011,-0.221,0.086,0.144,-0.06,-0.423,0.856,0.856,-1.354,-0.498,-0.0,-0.423,-0.218,-0.205,-0.423,-0.218,-0.205,-1.321,0.041,-1.6,0.199,-1.799,-0.166,-0.354,0.188,-1.295,-0.911,-0.384,-0.338,-0.218,-0.12,-0.553,-0.141,-0.413,0.267,0.93,0.93,-0.958,0.001,0.267,0.177,0.09,0.267,0.177,0.09,-2.317,-0.384,-0.46,-0.498,-0.957,26289,13131,13158
1627774,Jake Layman,2017,-0.202,0.147,-0.349,-0.245,-0.149,-0.096,-0.68,0.162,-0.842,0.576,0.026,0.55,0.148,0.296,-0.146,0.041,-1.039,-1.039,-0.013,-1.052,0.0,0.041,0.051,-0.01,0.041,0.051,-0.01,-0.826,-0.448,0.515,-0.146,0.661,-0.084,0.054,-0.138,0.582,-0.034,0.616,0.163,0.009,0.154,-0.25,-0.187,-0.06,-0.232,0.058,0.058,0.033,0.091,0.0,-0.232,-0.049,-0.183,-0.232,-0.049,-0.183,0.641,0.032,0.314,0.001,0.313,-0.328,-0.095,-0.233,-0.098,0.128,-0.226,0.739,0.035,0.704,-0.102,0.109,-0.206,-0.191,-0.98,-0.98,-0.961,0.0,-0.191,0.002,-0.193,-0.191,0.002,-0.193,-0.185,-0.416,-1.052,0.091,-0.961,1045,522,523
2408,Melvin Ely,2017,0.109,0.137,-0.028,-0.054,-0.106,0.052,0.01,0.05,-0.04,0.016,-0.017,0.033,-0.087,-0.047,-0.035,0.115,-0.216,-0.216,0.137,-0.079,-0.0,0.115,0.039,0.076,0.115,0.039,0.076,0.169,0.081,-0.598,-0.099,-0.499,-0.002,0.052,-0.054,-0.211,-0.08,-0.131,-0.286,-0.009,-0.277,-0.124,-0.116,-0.007,-0.122,-0.04,-0.04,-0.844,-0.884,0.0,-0.122,-0.054,-0.068,-0.122,-0.054,-0.068,-0.566,0.05,-0.489,0.038,-0.527,-0.055,-0.054,-0.001,-0.201,-0.03,-0.171,-0.271,-0.027,-0.244,-0.212,-0.163,-0.042,-0.008,-0.256,-0.256,-0.963,0.0,-0.008,-0.014,0.006,-0.008,-0.014,0.006,-0.397,0.132,-0.079,-0.884,-0.963,93,45,48
202699,Tobias Harris,2017,-0.121,-0.196,0.075,-0.16,-0.118,-0.042,-0.182,-0.375,0.193,0.417,-0.1,0.517,0.269,0.001,0.266,0.088,-0.628,-0.628,0.236,-0.392,0.0,0.088,0.197,-0.109,0.088,0.197,-0.109,-0.688,-0.315,-0.196,-0.087,-0.109,-0.058,0.151,-0.209,-0.143,0.032,-0.175,0.092,-0.057,0.149,0.067,0.086,-0.02,-0.472,0.029,0.029,-0.601,-0.572,0.0,-0.472,-0.186,-0.286,-0.472,-0.186,-0.286,-1.688,-0.051,-0.317,-0.283,-0.034,-0.218,0.033,-0.251,-0.326,-0.344,0.018,0.51,-0.156,0.666,0.336,0.087,0.245,-0.384,-0.599,-0.599,-0.964,0.0,-0.384,0.012,-0.396,-0.384,0.012,-0.396,-2.376,-0.366,-0.392,-0.572,-0.964,41102,20564,20538
1626162,Kelly Oubre Jr.,2017,-0.793,-0.05,-0.743,-0.081,0.071,-0.152,0.039,0.311,-0.272,-0.701,0.012,-0.713,0.402,0.546,-0.145,-0.243,0.554,0.554,-0.634,-0.08,-0.0,-0.243,0.011,-0.254,-0.243,0.011,-0.254,-2.379,-0.307,0.429,0.077,0.352,0.113,-0.029,0.142,-0.173,-0.105,-0.068,0.412,0.065,0.347,-0.723,-0.833,0.114,0.385,-0.975,-0.975,0.091,-0.884,-0.0,0.385,-0.373,0.758,0.385,-0.373,0.758,2.021,0.093,-0.364,0.027,-0.391,0.032,0.042,-0.01,-0.134,0.206,-0.34,-0.289,0.077,-0.366,-0.321,-0.288,-0.031,0.142,-0.421,-0.421,-0.964,-0.0,0.142,-0.362,0.504,0.142,-0.362,0.504,-0.358,-0.214,-0.08,-0.884,-0.964,9855,4886,4969
203548,Elias Harris,2017,-0.057,0.291,-0.348,-0.317,-0.1,-0.217,-0.071,0.037,-0.108,0.04,-0.001,0.041,-0.06,-0.064,0.011,-0.01,-0.224,-0.224,-0.127,-0.351,0.0,-0.01,0.003,-0.013,-0.01,0.003,-0.013,-0.149,-0.183,-0.58,-0.102,-0.478,-0.056,0.057,-0.113,-0.087,-0.078,-0.009,-0.335,-0.01,-0.325,-0.058,-0.08,0.023,-0.091,0.101,0.101,-0.729,-0.628,0.0,-0.091,-0.045,-0.046,-0.091,-0.045,-0.046,-0.371,-0.007,-0.636,0.189,-0.825,-0.373,-0.043,-0.33,-0.158,-0.041,-0.117,-0.294,-0.01,-0.284,-0.118,-0.144,0.034,-0.101,-0.123,-0.123,-0.979,0.0,-0.101,-0.042,-0.059,-0.101,-0.042,-0.059,-0.521,-0.19,-0.351,-0.628,-0.979,48,24,24
203515,Phil Pressey,2017,0.966,0.52,0.446,0.635,0.048,0.587,0.033,0.225,-0.192,-0.222,0.095,-0.317,-0.471,0.004,-0.473,-0.039,-0.946,-0.946,0.456,-0.49,-0.0,-0.039,-0.132,0.093,-0.039,-0.132,0.093,1.672,0.357,-0.247,-0.213,-0.034,-0.07,-0.113,0.043,0.12,0.093,0.027,-0.084,0.065,-0.149,-0.146,0.063,-0.208,0.463,-0.563,-0.563,0.07,-0.493,-0.0,0.463,0.187,0.276,0.463,0.187,0.276,-0.79,-0.299,0.718,0.307,0.411,0.565,-0.065,0.63,0.153,0.318,-0.165,-0.307,0.159,-0.466,-0.616,0.067,-0.681,0.424,-1.509,-1.509,-0.983,-0.0,0.424,0.055,0.369,0.424,0.055,0.369,0.882,0.058,-0.49,-0.493,-0.983,7819,3907,3912
1627823,Juancho Hernangomez,2017,0.71,-0.004,0.714,-0.788,0.111,-0.899,-0.261,0.354,-0.615,1.763,0.059,1.704,-0.304,-0.335,0.032,-0.479,0.423,0.423,-0.073,0.35,0.0,-0.479,-0.196,-0.283,-0.479,-0.196,-0.283,0.739,-0.026,-1.012,-0.107,-0.905,-0.557,-0.157,-0.4,-0.394,-0.005,-0.389,0.046,0.031,0.015,0.269,0.4,-0.128,-0.305,-0.286,-0.286,-1.048,-1.334,0.0,-0.305,-0.055,-0.25,-0.305,-0.055,-0.25,-0.477,-0.433,-0.305,-0.111,-0.194,-1.346,-0.047,-1.299,-0.656,0.348,-1.004,1.808,0.09,1.718,-0.035,0.065,-0.095,-0.784,0.137,0.137,-0.984,0.0,-0.784,-0.251,-0.533,-0.784,-0.251,-0.533,0.262,-0.459,0.35,-1.334,-0.984,3381,1687,1694
2588,Matt Bonner,2017,0.604,-0.032,0.636,-0.286,-0.04,-0.246,1.097,0.231,0.866,-0.175,0.16,-0.335,-0.241,-0.39,0.152,0.792,-0.662,-0.662,1.155,0.493,0.0,0.792,0.486,0.306,0.792,0.486,0.306,0.099,-0.692,-1.946,0.237,-2.183,-0.351,0.003,-0.354,-0.164,0.103,-0.267,-1.668,0.033,-1.701,0.087,0.214,-0.129,-0.216,0.592,0.592,-2.075,-1.483,0.0,-0.216,-0.428,0.212,-0.216,-0.428,0.212,-0.887,-0.018,-1.34,0.205,-1.545,-0.637,-0.037,-0.6,0.934,0.334,0.6,-1.842,0.194,-2.036,-0.153,-0.176,0.023,0.575,-0.07,-0.07,-0.99,0.0,0.575,0.058,0.517,0.575,0.058,0.517,-0.788,-0.709,0.493,-1.483,-0.99,12094,6094,6000
203183,Tony Mitchell,2017,-0.25,0.179,-0.429,-0.148,-0.112,-0.036,-0.05,0.06,-0.11,-0.231,-0.009,-0.222,-0.059,-0.039,-0.014,-0.098,-0.101,-0.101,-0.407,-0.508,0.0,-0.098,-0.073,-0.025,-0.098,-0.073,-0.025,-0.336,-0.051,-0.375,-0.108,-0.267,-0.015,0.061,-0.076,-0.095,-0.043,-0.052,-0.157,0.001,-0.158,-0.092,-0.068,-0.022,-0.082,0.061,0.061,-0.549,-0.488,-0.0,-0.082,-0.008,-0.074,-0.082,-0.008,-0.074,-0.188,0.003,-0.625,0.071,-0.696,-0.163,-0.051,-0.112,-0.145,0.017,-0.162,-0.388,-0.008,-0.38,-0.151,-0.107,-0.036,-0.18,-0.04,-0.04,-0.996,0.0,-0.18,-0.081,-0.099,-0.18,-0.081,-0.099,-0.523,-0.048,-0.508,-0.488,-0.996,34,18,16
203906,Devyn Marble,2017,-0.205,-0.056,-0.149,0.4,-0.088,0.488,0.113,0.191,-0.078,-0.662,0.047,-0.709,-0.395,-0.032,-0.363,0.62,-1.079,-1.079,0.02,-1.059,0.0,0.62,0.198,0.422,0.62,0.198,0.422,0.077,0.127,-0.035,-0.164,0.129,-0.125,-0.0,-0.125,0.075,-0.021,0.096,0.179,0.035,0.144,-0.124,-0.147,0.025,0.309,-0.094,-0.094,0.15,0.056,0.0,0.309,-0.135,0.444,0.309,-0.135,0.444,-0.408,-0.355,-0.24,-0.22,-0.02,0.275,-0.088,0.363,0.188,0.17,0.018,-0.483,0.082,-0.565,-0.519,-0.179,-0.338,0.93,-1.173,-1.173,-1.003,0.0,0.93,0.063,0.867,0.93,0.063,0.867,-0.331,-0.228,-1.059,0.056,-1.003,1854,925,929
201948,Austin Daye,2017,0.407,-0.208,0.615,-0.499,-0.123,-0.376,-0.001,0.179,-0.18,1.115,0.122,0.993,-0.155,-0.208,0.057,0.357,-0.852,-0.852,0.609,-0.243,0.0,0.357,-0.035,0.392,0.357,-0.035,0.392,-0.107,-0.614,-0.814,0.047,-0.861,-0.569,-0.004,-0.565,-0.381,-0.129,-0.252,0.089,0.009,0.08,-0.45,-0.427,-0.023,-0.1,0.603,0.603,-1.364,-0.761,0.0,-0.1,-0.024,-0.076,-0.1,-0.024,-0.076,0.708,-0.076,-0.405,-0.161,-0.244,-1.067,-0.126,-0.941,-0.381,0.051,-0.432,1.204,0.131,1.073,-0.605,-0.635,0.034,0.257,-0.249,-0.249,-1.004,0.0,0.257,-0.059,0.316,0.257,-0.059,0.316,0.601,-0.69,-0.243,-0.761,-1.004,4624,2303,2321
1627773,AJ Hammons,2017,-0.207,0.158,-0.365,-0.478,-0.12,-0.358,-0.174,0.006,-0.18,0.287,0.002,0.285,-0.341,-0.111,-0.23,-0.202,0.135,0.135,-0.75,-0.615,0.0,-0.202,0.202,-0.404,-0.202,0.202,-0.404,0.259,-0.145,-0.062,-0.013,-0.049,-0.108,0.02,-0.128,-0.068,-0.118,0.05,0.127,-0.0,0.127,-0.171,-0.198,0.028,-0.168,0.008,0.008,-0.401,-0.393,0.0,-0.168,-0.172,0.004,-0.168,-0.172,0.004,0.029,-0.137,-0.272,0.145,-0.417,-0.587,-0.1,-0.487,-0.243,-0.112,-0.131,0.413,0.001,0.412,-0.513,-0.309,-0.202,-0.37,0.143,0.143,-1.008,0.0,-0.37,0.03,-0.4,-0.37,0.03,-0.4,0.288,-0.281,-0.615,-0.393,-1.008,620,312,308
436,Juwan Howard,2017,0.424,0.111,0.313,-0.281,-0.221,-0.06,0.109,0.014,0.095,0.485,0.013,0.472,-0.119,-0.096,-0.017,-0.276,-0.306,-0.306,0.029,-0.277,0.0,-0.276,-0.032,-0.244,-0.276,-0.032,-0.244,0.32,-0.283,-0.407,-0.117,-0.29,-0.131,0.041,-0.172,-0.289,-0.047,-0.242,0.13,0.004,0.126,-0.09,-0.099,0.011,-0.188,-0.054,-0.054,-0.685,-0.739,0.0,-0.188,-0.063,-0.125,-0.188,-0.063,-0.125,-0.247,0.046,0.018,-0.006,0.024,-0.412,-0.18,-0.232,-0.18,-0.033,-0.147,0.616,0.017,0.599,-0.209,-0.196,-0.006,-0.464,-0.359,-0.359,-1.016,0.0,-0.464,-0.095,-0.369,-0.464,-0.095,-0.369,0.073,-0.237,-0.277,-0.739,-1.016,190,95,95
201942,DeMar DeRozan,2017,-2.088,-0.394,-1.694,-0.297,-0.498,0.201,-0.459,-0.641,0.182,-0.938,-0.2,-0.738,1.603,1.055,0.545,1.117,-1.015,-1.015,0.632,-0.383,0.0,1.117,1.034,0.083,1.117,1.034,0.083,-5.237,-1.007,0.283,0.396,-0.113,-0.876,0.036,-0.912,0.369,-0.119,0.488,0.394,0.021,0.373,-0.443,-0.531,0.086,-0.401,-0.074,-0.074,-0.561,-0.635,0.0,-0.401,0.034,-0.435,-0.401,0.034,-0.435,1.161,0.012,-1.806,0.002,-1.808,-1.173,-0.462,-0.711,-0.09,-0.76,0.67,-0.545,-0.179,-0.366,1.159,0.524,0.631,0.716,-1.09,-1.09,-1.018,0.0,0.716,1.069,-0.353,0.716,1.069,-0.353,-4.076,-0.995,-0.383,-0.635,-1.018,57723,28875,28848
203919,Jordan Adams,2017,-0.579,0.337,-0.916,-0.314,0.106,-0.42,-0.062,0.056,-0.118,-0.54,-0.069,-0.471,-0.19,0.154,-0.344,-0.524,0.716,0.716,-1.293,-0.577,0.0,-0.524,-0.081,-0.443,-0.524,-0.081,-0.443,-0.703,0.237,-0.926,-0.133,-0.793,-0.385,0.002,-0.387,-0.274,-0.108,-0.166,-0.134,-0.007,-0.127,-0.124,-0.132,0.01,0.093,0.514,0.514,-0.957,-0.443,0.0,0.093,0.082,0.011,0.093,0.082,0.011,-0.104,-0.032,-1.506,0.204,-1.71,-0.699,0.108,-0.807,-0.336,-0.052,-0.284,-0.675,-0.076,-0.599,-0.313,0.023,-0.334,-0.432,1.23,1.23,-1.02,0.0,-0.432,0.001,-0.433,-0.432,0.001,-0.433,-0.807,0.206,-0.577,-0.443,-1.02,1046,528,518
202077,Jerel McNeal,2017,-0.129,0.283,-0.412,-0.322,-0.138,-0.184,-0.058,0.02,-0.078,-0.032,-0.018,-0.014,0.141,0.135,0.014,-0.342,-0.499,-0.499,-0.33,-0.829,0.0,-0.342,-0.236,-0.106,-0.342,-0.236,-0.106,-0.581,-0.264,-0.116,-0.109,-0.007,0.09,0.084,0.006,-0.037,-0.035,-0.002,-0.06,-0.0,-0.06,-0.099,-0.106,0.009,0.066,-0.042,-0.042,-0.149,-0.191,0.0,0.066,0.023,0.043,0.066,0.023,0.043,0.071,0.051,-0.245,0.174,-0.419,-0.233,-0.055,-0.178,-0.094,-0.014,-0.08,-0.092,-0.018,-0.074,0.042,0.029,0.022,-0.276,-0.54,-0.54,-1.02,0.0,-0.276,-0.213,-0.063,-0.276,-0.213,-0.063,-0.51,-0.213,-0.829,-0.191,-1.02,136,67,69
1627817,Tim Quarterman,2017,-0.025,0.153,-0.178,-0.38,-0.095,-0.285,-0.055,0.115,-0.17,0.257,0.021,0.236,-0.145,-0.16,0.02,-0.158,-0.352,-0.352,-0.328,-0.68,-0.0,-0.158,-0.435,0.277,-0.158,-0.435,0.277,0.231,-0.236,0.075,-0.071,0.146,-0.094,0.048,-0.142,0.041,-0.019,0.06,0.199,0.013,0.186,-0.103,-0.067,-0.034,-0.111,-0.202,-0.202,-0.139,-0.341,0.0,-0.111,-0.002,-0.109,-0.111,-0.002,-0.109,0.416,-0.067,0.05,0.082,-0.032,-0.474,-0.047,-0.427,-0.014,0.096,-0.11,0.456,0.034,0.422,-0.249,-0.227,-0.015,-0.268,-0.554,-0.554,-1.021,0.0,-0.268,-0.436,0.168,-0.268,-0.436,0.168,0.647,-0.303,-0.68,-0.341,-1.021,338,170,168
203648,Thanasis Antetokounmpo,2017,-0.249,0.177,-0.426,-0.226,-0.088,-0.138,-0.066,0.053,-0.119,-0.134,-0.014,-0.12,-0.056,-0.039,-0.011,0.002,-0.154,-0.154,-0.303,-0.457,-0.0,0.002,0.006,-0.004,0.002,0.006,-0.004,-0.58,-0.199,-0.316,-0.104,-0.212,0.047,0.052,-0.005,-0.143,-0.083,-0.06,-0.116,-0.002,-0.114,-0.147,-0.119,-0.025,-0.128,0.026,0.026,-0.591,-0.565,0.0,-0.128,-0.058,-0.07,-0.128,-0.058,-0.07,-0.173,0.017,-0.566,0.073,-0.639,-0.18,-0.037,-0.143,-0.209,-0.03,-0.179,-0.25,-0.016,-0.234,-0.203,-0.158,-0.036,-0.126,-0.128,-0.128,-1.022,-0.0,-0.126,-0.052,-0.074,-0.126,-0.052,-0.074,-0.752,-0.182,-0.457,-0.565,-1.022,27,13,14
201580,JaVale McGee,2017,0.175,0.026,0.149,1.151,0.713,0.438,-0.832,0.189,-1.021,-0.17,-0.147,-0.023,-0.64,0.209,-0.844,-0.888,1.06,1.06,-1.353,-0.293,-0.0,-0.888,-0.632,-0.256,-0.888,-0.632,-0.256,1.53,2.118,0.246,-0.12,0.366,1.299,0.017,1.282,-0.783,-0.108,-0.675,-0.15,-0.095,-0.055,0.365,0.283,0.083,-0.565,-0.788,-0.788,0.046,-0.742,0.0,-0.565,-0.29,-0.275,-0.565,-0.29,-0.275,-2.192,0.18,0.419,-0.094,0.513,2.45,0.73,1.72,-1.616,0.08,-1.696,-0.321,-0.243,-0.078,-0.276,0.492,-0.762,-1.452,0.272,0.272,-1.035,0.0,-1.452,-0.923,-0.529,-1.452,-0.923,-0.529,-0.662,2.298,-0.293,-0.742,-1.035,12668,6348,6320
202334,Ed Davis,2017,-1.643,-0.13,-1.513,-0.51,-0.217,-0.293,-0.4,-0.509,0.109,-0.603,-0.08,-0.523,-0.851,-0.352,-0.501,-0.451,2.527,2.527,-2.945,-0.418,-0.0,-0.451,-0.09,-0.361,-0.451,-0.09,-0.361,0.362,-0.102,-0.031,-0.366,0.335,0.589,-0.072,0.661,0.306,-0.102,0.408,-0.56,-0.006,-0.554,-0.156,-0.35,0.193,-0.338,-0.092,-0.092,-0.525,-0.617,0.0,-0.338,-0.085,-0.253,-0.338,-0.085,-0.253,-0.539,0.058,-1.676,-0.496,-1.18,0.079,-0.289,0.368,-0.094,-0.611,0.517,-1.165,-0.087,-1.078,-1.007,-0.702,-0.308,-0.789,2.435,2.435,-1.035,-0.0,-0.789,-0.175,-0.614,-0.789,-0.175,-0.614,-0.177,-0.044,-0.418,-0.617,-1.035,27248,13582,13666
101122,Danny Granger,2017,-2.581,0.106,-2.687,-1.075,-0.464,-0.611,-0.532,-0.078,-0.454,-1.08,0.087,-1.167,0.221,0.053,0.17,0.233,0.795,0.795,-2.127,-1.332,-0.0,0.233,-0.173,0.406,0.233,-0.173,0.406,-2.294,-1.339,0.912,-0.148,1.06,0.75,0.035,0.715,0.453,0.029,0.424,-0.143,0.032,-0.175,-0.114,-0.214,0.102,-0.344,-0.158,-0.158,0.454,0.296,-0.0,-0.344,-0.407,0.063,-0.344,-0.407,0.063,0.658,-0.099,-1.669,-0.042,-1.627,-0.325,-0.429,0.104,-0.079,-0.049,-0.03,-1.223,0.119,-1.342,0.108,-0.161,0.272,-0.111,0.637,0.637,-1.036,-0.001,-0.111,-0.581,0.47,-0.111,-0.581,0.47,-1.636,-1.438,-1.332,0.296,-1.037,6278,3141,3137
2679,Matt Carroll,2017,-0.439,0.19,-0.629,-0.251,-0.127,-0.124,-0.159,0.038,-0.197,-0.219,-0.007,-0.212,-0.078,-0.05,-0.023,-0.006,-0.145,-0.145,-0.523,-0.668,0.0,-0.006,-0.041,0.035,-0.006,-0.041,0.035,-0.407,-0.137,-0.283,-0.096,-0.187,0.001,0.06,-0.059,-0.102,-0.065,-0.037,-0.086,-0.001,-0.085,-0.106,-0.098,-0.006,-0.065,0.081,0.081,-0.454,-0.373,-0.0,-0.065,-0.05,-0.015,-0.065,-0.05,-0.015,-0.077,0.017,-0.723,0.094,-0.817,-0.25,-0.067,-0.183,-0.262,-0.028,-0.234,-0.305,-0.008,-0.297,-0.184,-0.148,-0.029,-0.071,-0.064,-0.064,-1.041,0.0,-0.071,-0.091,0.02,-0.071,-0.091,0.02,-0.484,-0.12,-0.668,-0.373,-1.041,21,10,11
202399,Jeff Adrien,2017,-0.793,0.167,-0.96,-0.151,-0.014,-0.137,-0.066,-0.249,0.183,-0.743,-0.086,-0.657,-0.444,-0.08,-0.36,0.484,1.181,1.181,-0.753,0.428,0.0,0.484,0.334,0.15,0.484,0.334,0.15,-0.583,-0.039,-1.589,-0.0,-1.589,-0.247,0.108,-0.355,-0.666,-0.118,-0.548,-0.676,-0.043,-0.633,-0.209,-0.352,0.143,-0.169,0.492,0.492,-1.967,-1.475,0.0,-0.169,0.02,-0.189,-0.169,0.02,-0.189,-1.558,-0.062,-2.381,0.167,-2.548,-0.398,0.094,-0.492,-0.732,-0.367,-0.365,-1.418,-0.129,-1.289,-0.653,-0.432,-0.217,0.315,1.673,1.673,-1.047,0.0,0.315,0.354,-0.039,0.315,0.354,-0.039,-2.141,-0.101,0.428,-1.475,-1.047,7196,3606,3590
203569,Chris Babb,2017,-0.913,0.006,-0.919,-0.279,-0.163,-0.116,-0.179,0.181,-0.36,-0.461,0.051,-0.512,-0.004,-0.004,0.006,0.155,0.168,0.168,-0.762,-0.594,0.0,0.155,-0.024,0.179,0.155,-0.024,0.179,-0.885,-0.249,-0.231,-0.155,-0.076,0.103,0.131,-0.028,-0.404,0.011,-0.415,0.225,-0.009,0.234,-0.156,-0.132,-0.022,-0.115,0.039,0.039,-0.502,-0.463,0.0,-0.115,-0.108,-0.007,-0.115,-0.108,-0.007,0.202,0.107,-1.144,-0.149,-0.995,-0.176,-0.032,-0.144,-0.583,0.192,-0.775,-0.236,0.042,-0.278,-0.16,-0.136,-0.016,0.04,0.207,0.207,-1.057,0.0,0.04,-0.132,0.172,0.04,-0.132,0.172,-0.683,-0.142,-0.594,-0.463,-1.057,507,251,256
202874,Chris Wright,2017,0.072,0.006,0.066,0.355,-0.012,0.367,0.086,0.071,0.015,-0.375,-0.054,-0.321,-0.129,0.139,-0.267,-0.003,-0.098,-0.098,-0.06,-0.158,0.0,-0.003,-0.145,0.142,-0.003,-0.145,0.142,-0.324,0.167,-0.424,-0.022,-0.402,-0.117,0.099,-0.216,-0.044,-0.038,-0.006,-0.241,0.011,-0.252,-0.124,-0.208,0.085,-0.236,-0.124,-0.124,-0.784,-0.908,0.0,-0.236,-0.125,-0.111,-0.236,-0.125,-0.111,-0.281,0.075,-0.35,-0.016,-0.334,0.239,0.088,0.151,0.042,0.033,0.009,-0.615,-0.043,-0.572,-0.253,-0.069,-0.182,-0.239,-0.222,-0.222,-1.066,0.0,-0.239,-0.27,0.031,-0.239,-0.27,0.031,-0.605,0.242,-0.158,-0.908,-1.066,491,245,246
203518,Alex Abrines,2017,-0.071,0.327,-0.398,-0.987,-0.053,-0.934,0.375,0.332,0.043,0.214,0.092,0.122,0.02,0.141,-0.117,0.497,-0.106,-0.106,0.446,0.34,0.0,0.497,0.537,-0.04,0.497,0.537,-0.04,-0.041,-0.686,-1.085,0.001,-1.086,-0.429,-0.067,-0.362,-0.107,-0.037,-0.07,-0.55,0.055,-0.605,-0.414,-0.487,0.075,0.047,0.044,0.044,-1.452,-1.408,0.0,0.047,-0.07,0.117,0.047,-0.07,0.117,0.58,0.132,-1.156,0.328,-1.484,-1.417,-0.121,-1.296,0.268,0.295,-0.027,-0.335,0.148,-0.483,-0.395,-0.347,-0.043,0.544,-0.062,-0.062,-1.068,-0.0,0.544,0.466,0.078,0.544,0.466,0.078,0.539,-0.554,0.34,-1.408,-1.068,4548,2292,2256
202379,Jeremy Evans,2017,-1.457,-0.127,-1.33,0.116,-0.176,0.292,-0.716,-0.401,-0.315,-0.73,-0.137,-0.593,0.01,-0.107,0.118,-0.572,0.077,0.077,-2.019,-1.942,0.0,-0.572,-0.464,-0.108,-0.572,-0.464,-0.108,-0.229,0.248,0.336,0.046,0.29,-0.297,0.113,-0.41,0.457,-0.041,0.498,0.13,-0.036,0.166,0.201,0.099,0.104,-0.129,0.465,0.465,0.408,0.873,0.0,-0.129,0.081,-0.21,-0.129,0.081,-0.21,0.574,0.099,-1.121,-0.081,-1.04,-0.18,-0.062,-0.118,-0.259,-0.442,0.183,-0.601,-0.173,-0.428,0.211,-0.009,0.222,-0.701,0.542,0.542,-1.069,0.0,-0.701,-0.383,-0.318,-0.701,-0.383,-0.318,0.344,0.347,-1.942,0.873,-1.069,7319,3639,3680
203474,DJ Stephens,2017,-0.408,0.138,-0.546,-0.276,-0.079,-0.197,-0.198,0.042,-0.24,-0.072,-0.019,-0.053,-0.105,-0.122,0.023,-0.072,-0.158,-0.158,-0.585,-0.743,0.0,-0.072,-0.03,-0.042,-0.072,-0.03,-0.042,-0.526,-0.202,-0.195,-0.151,-0.044,0.065,0.032,0.033,-0.099,-0.045,-0.054,-0.01,0.007,-0.017,-0.071,-0.066,-0.004,-0.062,-0.002,-0.002,-0.328,-0.33,0.0,-0.062,-0.002,-0.06,-0.062,-0.002,-0.06,-0.031,0.021,-0.602,-0.013,-0.589,-0.21,-0.047,-0.163,-0.297,-0.003,-0.294,-0.082,-0.012,-0.07,-0.177,-0.188,0.019,-0.134,-0.159,-0.159,-1.073,0.0,-0.134,-0.032,-0.102,-0.134,-0.032,-0.102,-0.557,-0.182,-0.743,-0.33,-1.073,49,25,24
204022,Jack Cooley,2017,-1.094,0.152,-1.246,-0.167,-0.129,-0.038,-0.427,0.01,-0.437,-0.652,-0.027,-0.625,-0.033,0.171,-0.202,-0.02,0.216,0.216,-1.147,-0.931,0.0,-0.02,0.06,-0.08,-0.02,0.06,-0.08,-1.085,-0.167,-0.375,-0.06,-0.315,-0.233,0.075,-0.308,0.005,-0.06,0.065,-0.087,0.007,-0.094,-0.062,-0.205,0.143,-0.002,0.295,0.295,-0.439,-0.144,0.0,-0.002,0.098,-0.1,-0.002,0.098,-0.1,0.091,-0.047,-1.47,0.092,-1.562,-0.4,-0.054,-0.346,-0.421,-0.049,-0.372,-0.741,-0.021,-0.72,-0.096,-0.034,-0.059,-0.022,0.511,0.511,-1.075,0.0,-0.022,0.158,-0.18,-0.022,0.158,-0.18,-0.994,-0.214,-0.931,-0.144,-1.075,331,165,166
2757,Beno Udrih,2017,-0.893,-0.044,-0.849,0.105,-0.01,0.115,0.537,-0.273,0.81,-1.491,-0.038,-1.453,-0.32,-0.412,0.093,0.512,0.299,0.299,-0.701,-0.402,0.0,0.512,-0.052,0.564,0.512,-0.052,0.564,1.632,0.232,-0.83,0.226,-1.056,-0.72,-0.057,-0.663,-0.263,-0.153,-0.11,-0.073,-0.032,-0.041,0.15,0.123,0.028,-0.096,0.097,0.097,-0.776,-0.679,-0.0,-0.096,0.036,-0.132,-0.096,0.036,-0.132,0.382,-0.069,-1.723,0.182,-1.905,-0.615,-0.067,-0.548,0.274,-0.426,0.7,-1.564,-0.07,-1.494,-0.17,-0.289,0.12,0.416,0.395,0.395,-1.081,0.0,0.416,-0.015,0.431,0.416,-0.015,0.431,2.014,0.163,-0.402,-0.679,-1.081,19522,9767,9755
203486,Mason Plumlee,2017,2.511,-0.007,2.518,0.904,0.097,0.807,0.476,0.11,0.366,1.138,-0.026,1.164,-0.587,0.229,-0.82,-0.843,-0.307,-0.307,1.081,0.774,-0.0,-0.843,-0.815,-0.028,-0.843,-0.815,-0.028,3.566,1.402,-1.752,-0.001,-1.751,0.126,-0.048,0.174,-0.886,-0.034,-0.852,-0.991,-0.007,-0.984,0.302,0.217,0.087,-0.003,-0.407,-0.407,-1.453,-1.86,-0.0,-0.003,0.095,-0.098,-0.003,0.095,-0.098,-2.535,-0.027,0.757,-0.008,0.765,1.029,0.048,0.981,-0.41,0.076,-0.486,0.146,-0.033,0.179,-0.285,0.446,-0.733,-0.846,-0.714,-0.714,-1.086,-0.0,-0.846,-0.721,-0.125,-0.846,-0.721,-0.125,1.032,1.374,0.774,-1.86,-1.086,30112,15016,15096
202333,Xavier Henry,2017,-1.789,0.32,-2.109,-0.242,0.252,-0.494,-0.827,0.152,-0.979,-1.04,-0.085,-0.955,-0.089,0.932,-1.015,-0.253,0.279,0.279,-2.131,-1.852,-0.0,-0.253,0.215,-0.468,-0.253,0.215,-0.468,-4.054,-0.197,-0.039,0.057,-0.096,0.027,-0.027,0.054,-0.33,-0.105,-0.225,0.207,-0.025,0.232,-0.052,-0.093,0.041,0.802,0.054,0.054,0.711,0.765,-0.0,0.802,0.439,0.363,0.802,0.439,0.363,0.2,0.004,-1.829,0.377,-2.206,-0.216,0.225,-0.441,-1.157,0.047,-1.204,-0.833,-0.11,-0.723,-0.141,0.839,-0.974,0.55,0.333,0.333,-1.087,-0.001,0.55,0.653,-0.103,0.55,0.653,-0.103,-3.854,-0.193,-1.852,0.765,-1.088,6278,3146,3132
1626170,Jerian Grant,2017,-1.43,0.159,-1.589,0.201,0.122,0.079,-1.303,0.011,-1.314,-0.487,-0.055,-0.432,0.552,0.355,0.196,0.961,-0.66,-0.66,0.083,-0.577,0.0,0.961,0.422,0.539,0.961,0.422,0.539,-1.639,-0.147,-0.917,-0.143,-0.774,0.076,-0.118,0.194,-0.442,-0.118,-0.324,-0.408,-0.003,-0.405,-0.165,0.005,-0.169,0.354,0.208,0.208,-0.728,-0.52,0.0,0.354,0.162,0.192,0.354,0.162,0.192,-0.412,-0.113,-2.345,0.016,-2.361,0.279,0.005,0.274,-1.745,-0.107,-1.638,-0.895,-0.058,-0.837,0.387,0.361,0.027,1.316,-0.451,-0.451,-1.097,0.0,1.316,0.584,0.732,1.316,0.584,0.732,-2.051,-0.26,-0.577,-0.52,-1.097,8999,4502,4497
203133,Robbie Hummel,2017,-2.268,-0.048,-2.22,-0.401,-0.227,-0.174,-1.055,0.033,-1.088,-0.764,0.028,-0.792,0.514,0.16,0.355,0.265,1.719,1.719,-1.489,0.23,-0.0,0.265,0.283,-0.018,0.265,0.283,-0.018,-1.0,-0.477,-1.067,0.009,-1.076,-0.48,0.141,-0.621,-0.192,-0.069,-0.123,-0.404,-0.004,-0.4,-0.423,-0.484,0.061,0.077,0.086,0.086,-1.413,-1.327,0.0,0.077,0.012,0.065,0.077,0.012,0.065,1.419,0.384,-3.335,-0.039,-3.296,-0.881,-0.086,-0.795,-1.247,-0.036,-1.211,-1.168,0.024,-1.192,0.091,-0.323,0.416,0.342,1.804,1.804,-1.097,-0.0,0.342,0.295,0.047,0.342,0.295,0.047,0.419,-0.093,0.23,-1.327,-1.097,5407,2697,2710
203805,Will Cherry,2017,-0.162,0.252,-0.414,-0.222,-0.126,-0.096,0.037,0.018,0.019,-0.229,-0.013,-0.216,-0.098,0.041,-0.135,-0.103,-0.207,-0.207,-0.363,-0.57,0.0,-0.103,-0.028,-0.075,-0.103,-0.028,-0.075,-0.327,-0.114,-0.342,-0.108,-0.234,-0.047,0.049,-0.096,0.005,-0.094,0.099,-0.192,-0.007,-0.185,-0.162,-0.134,-0.026,-0.007,-0.019,-0.019,-0.511,-0.53,0.0,-0.007,0.038,-0.045,-0.007,0.038,-0.045,-0.418,-0.07,-0.503,0.144,-0.647,-0.269,-0.077,-0.192,0.043,-0.076,0.119,-0.421,-0.02,-0.401,-0.261,-0.093,-0.161,-0.11,-0.225,-0.225,-1.1,0.0,-0.11,0.01,-0.12,-0.11,0.01,-0.12,-0.745,-0.185,-0.57,-0.53,-1.1,262,132,130
1626251,Duje Dukan,2017,-0.463,0.184,-0.647,-0.279,-0.146,-0.133,-0.179,0.058,-0.237,-0.189,0.009,-0.198,-0.133,-0.092,-0.037,0.188,-0.232,-0.232,-0.408,-0.64,0.0,0.188,0.106,0.082,0.188,0.106,0.082,-0.553,-0.232,-0.286,-0.138,-0.148,-0.137,0.026,-0.163,-0.113,-0.07,-0.043,0.102,-0.004,0.106,-0.057,-0.022,-0.032,-0.113,-0.004,-0.004,-0.456,-0.46,-0.0,-0.113,-0.055,-0.058,-0.113,-0.055,-0.058,-0.226,-0.092,-0.749,0.046,-0.795,-0.416,-0.12,-0.296,-0.292,-0.012,-0.28,-0.087,0.005,-0.092,-0.19,-0.113,-0.069,0.075,-0.236,-0.236,-1.1,0.0,0.075,0.051,0.024,0.075,0.051,0.024,-0.779,-0.323,-0.64,-0.46,-1.1,97,48,49
1627746,Skal Labissiere,2017,-0.594,0.295,-0.889,-1.113,-0.184,-0.929,0.716,-0.573,1.289,-0.492,-0.143,-0.349,0.05,-0.031,0.084,-0.069,-0.055,-0.055,-0.613,-0.668,0.0,-0.069,-0.268,0.199,-0.069,-0.268,0.199,-1.412,-0.622,-0.18,-0.093,-0.087,-0.164,0.025,-0.189,-0.074,-0.168,0.094,0.151,-0.061,0.212,0.309,0.228,0.082,-0.21,-0.355,-0.355,-0.081,-0.436,-0.0,-0.21,-0.172,-0.038,-0.21,-0.172,-0.038,-1.68,-0.087,-0.776,0.202,-0.978,-1.277,-0.159,-1.118,0.641,-0.741,1.382,-0.342,-0.205,-0.137,0.359,0.198,0.167,-0.278,-0.41,-0.41,-1.104,-0.001,-0.278,-0.439,0.161,-0.278,-0.439,0.161,-3.091,-0.709,-0.668,-0.436,-1.105,2395,1200,1195
1890,Shawn Marion,2017,0.626,0.007,0.619,-0.015,-0.016,0.001,0.393,-0.287,0.68,0.241,-0.055,0.296,-0.323,-0.354,0.033,-0.689,-0.357,-0.357,-0.386,-0.743,-0.0,-0.689,-0.496,-0.193,-0.689,-0.496,-0.193,1.551,0.371,-0.177,-0.388,0.211,-0.203,-0.272,0.069,0.691,0.006,0.685,-0.277,-0.021,-0.256,0.558,0.385,0.172,-0.173,-0.571,-0.571,0.208,-0.363,-0.0,-0.173,0.048,-0.221,-0.173,0.048,-0.221,-1.178,-0.53,0.45,-0.381,0.831,-0.217,-0.287,0.07,1.083,-0.281,1.364,-0.035,-0.075,0.04,0.235,0.031,0.204,-0.861,-0.927,-0.927,-1.106,-0.0,-0.861,-0.448,-0.413,-0.861,-0.448,-0.413,0.374,-0.159,-0.743,-0.363,-1.106,22112,10996,11116
203091,Royce White,2017,-0.288,0.171,-0.459,-0.364,-0.126,-0.238,0.046,0.026,0.02,-0.141,-0.007,-0.134,-0.104,-0.097,-0.001,0.036,-0.251,-0.251,-0.356,-0.607,0.0,0.036,0.017,0.019,0.036,0.017,0.019,-0.198,-0.204,-0.357,-0.107,-0.25,-0.035,0.051,-0.086,-0.112,-0.066,-0.046,-0.103,-0.003,-0.1,-0.115,-0.083,-0.029,-0.045,0.014,0.014,-0.517,-0.503,0.0,-0.045,-0.002,-0.043,-0.045,-0.002,-0.043,-0.134,0.023,-0.645,0.064,-0.709,-0.399,-0.075,-0.324,-0.066,-0.04,-0.026,-0.244,-0.01,-0.234,-0.219,-0.18,-0.031,-0.009,-0.237,-0.237,-1.11,0.001,-0.009,0.015,-0.024,-0.009,0.015,-0.024,-0.332,-0.181,-0.607,-0.503,-1.109,32,16,16
1626178,Rondae Hollis-Jefferson,2017,-1.35,-0.256,-1.094,-0.916,0.136,-1.052,0.377,0.13,0.247,-0.555,-0.054,-0.501,-0.101,0.08,-0.183,-0.614,-0.416,-0.416,-2.065,-2.481,0.0,-0.614,-0.349,-0.265,-0.614,-0.349,-0.265,-2.093,-0.388,1.074,-0.176,1.25,0.691,-0.066,0.757,-0.014,-0.089,0.075,0.573,-0.007,0.58,0.12,0.06,0.064,0.316,-0.145,-0.145,1.51,1.365,0.0,0.316,0.198,0.118,0.316,0.198,0.118,0.651,0.115,-0.277,-0.432,0.155,-0.225,0.07,-0.295,0.362,0.041,0.321,0.018,-0.061,0.079,0.019,0.141,-0.119,-0.298,-0.561,-0.561,-1.116,0.001,-0.298,-0.151,-0.147,-0.298,-0.151,-0.147,-1.442,-0.273,-2.481,1.365,-1.115,9879,4915,4964
203816,Scotty Hopson,2017,-0.463,0.178,-0.641,-0.188,-0.134,-0.054,-0.154,0.05,-0.204,-0.299,0.0,-0.299,-0.113,-0.074,-0.033,-0.062,-0.07,-0.07,-0.638,-0.708,0.0,-0.062,-0.12,0.058,-0.062,-0.12,0.058,-0.341,-0.077,-0.245,-0.106,-0.139,-0.002,0.039,-0.041,-0.136,-0.058,-0.078,-0.001,0.004,-0.005,-0.125,-0.081,-0.042,-0.049,0.004,0.004,-0.419,-0.415,0.0,-0.049,-0.028,-0.021,-0.049,-0.028,-0.021,-0.011,0.018,-0.707,0.072,-0.779,-0.19,-0.096,-0.094,-0.289,-0.008,-0.281,-0.3,0.004,-0.304,-0.238,-0.154,-0.075,-0.112,-0.066,-0.066,-1.123,0.0,-0.112,-0.148,0.036,-0.112,-0.148,0.036,-0.352,-0.059,-0.708,-0.415,-1.123,29,14,15
711,Jerry Stackhouse,2017,-1.549,0.043,-1.592,-0.113,-0.315,0.202,-0.165,0.184,-0.349,-1.314,0.12,-1.434,0.332,0.255,0.085,-0.276,0.702,0.702,-1.493,-0.791,-0.0,-0.276,-0.401,0.125,-0.276,-0.401,0.125,-1.728,-0.243,0.481,-0.005,0.486,-0.016,-0.085,0.069,-0.096,-0.09,-0.006,0.598,0.04,0.558,-0.438,-0.377,-0.061,-0.128,-0.249,-0.249,-0.085,-0.334,0.0,-0.128,-0.116,-0.012,-0.128,-0.116,-0.012,1.606,0.013,-1.068,0.038,-1.106,-0.129,-0.4,0.271,-0.261,0.094,-0.355,-0.716,0.16,-0.876,-0.106,-0.122,0.024,-0.404,0.453,0.453,-1.125,0.0,-0.404,-0.516,0.112,-0.404,-0.516,0.112,-0.122,-0.231,-0.791,-0.334,-1.125,2082,1053,1029
203186,Willie Reed,2017,-1.145,0.304,-1.449,-0.399,-0.127,-0.272,-0.231,-0.125,-0.106,-0.819,-0.024,-0.795,-0.54,-0.117,-0.425,-0.354,0.819,0.819,-2.039,-1.22,0.0,-0.354,-0.342,-0.012,-0.354,-0.342,-0.012,-1.081,-0.164,-0.117,-0.374,0.257,0.692,-0.109,0.801,-0.391,0.112,-0.503,-0.044,0.052,-0.096,-0.049,-0.004,-0.043,-0.112,0.369,0.369,-0.278,0.091,0.0,-0.112,-0.144,0.032,-0.112,-0.144,0.032,1.131,0.103,-1.263,-0.07,-1.193,0.293,-0.237,0.53,-0.622,-0.013,-0.609,-0.864,0.028,-0.892,-0.589,-0.122,-0.468,-0.466,1.188,1.188,-1.129,0.0,-0.466,-0.485,0.019,-0.466,-0.485,0.019,0.05,-0.06,-1.22,0.091,-1.129,5596,2782,2814
202458,Justin Dentmon,2017,-0.428,0.154,-0.582,-0.302,-0.159,-0.143,-0.174,0.018,-0.192,-0.106,-0.005,-0.101,-0.101,-0.079,-0.016,0.016,-0.136,-0.136,-0.513,-0.649,0.0,0.016,-0.009,0.025,0.016,-0.009,0.025,-0.348,-0.216,-0.299,-0.092,-0.207,0.015,0.049,-0.034,-0.125,-0.067,-0.058,-0.097,-0.002,-0.095,-0.088,-0.072,-0.014,-0.103,0.008,0.008,-0.49,-0.482,0.0,-0.103,-0.044,-0.059,-0.103,-0.044,-0.059,-0.152,0.003,-0.727,0.062,-0.789,-0.286,-0.11,-0.176,-0.299,-0.049,-0.25,-0.204,-0.008,-0.196,-0.189,-0.151,-0.03,-0.087,-0.128,-0.128,-1.131,0.001,-0.087,-0.053,-0.034,-0.087,-0.053,-0.034,-0.5,-0.213,-0.649,-0.482,-1.13,15,8,7
204033,David Wear,2017,-0.452,0.18,-0.632,-0.394,-0.145,-0.249,0.02,0.028,-0.008,-0.258,-0.003,-0.255,-0.105,-0.087,-0.013,-0.074,0.097,0.097,-0.631,-0.534,0.0,-0.074,-0.119,0.045,-0.074,-0.119,0.045,-0.385,-0.24,-0.522,-0.129,-0.393,-0.075,0.043,-0.118,-0.135,-0.065,-0.07,-0.183,-0.002,-0.181,-0.082,-0.087,0.007,-0.087,0.092,0.092,-0.691,-0.599,0.0,-0.087,-0.05,-0.037,-0.087,-0.05,-0.037,-0.132,-0.017,-0.976,0.051,-1.027,-0.47,-0.103,-0.367,-0.116,-0.037,-0.079,-0.441,-0.005,-0.436,-0.187,-0.174,-0.006,-0.161,0.189,0.189,-1.133,0.0,-0.161,-0.169,0.008,-0.161,-0.169,0.008,-0.517,-0.257,-0.534,-0.599,-1.133,27,13,14
1627761,DeAndre' Bembry,2017,-0.324,0.193,-0.517,0.302,0.109,0.193,0.137,0.254,-0.117,-0.956,0.001,-0.957,-0.276,-0.064,-0.212,0.229,-0.423,-0.423,-0.371,-0.794,0.0,0.229,0.134,0.095,0.229,0.134,0.095,-0.611,0.313,-0.158,-0.119,-0.039,0.089,0.035,0.054,-0.244,-0.081,-0.163,0.116,-0.004,0.12,-0.235,-0.131,-0.101,0.033,0.016,0.016,-0.36,-0.344,0.0,0.033,-0.032,0.065,0.033,-0.032,0.065,0.34,0.053,-0.482,0.074,-0.556,0.391,0.144,0.247,-0.107,0.173,-0.28,-0.84,-0.003,-0.837,-0.511,-0.195,-0.313,0.263,-0.407,-0.407,-1.138,0.0,0.263,0.102,0.161,0.263,0.102,0.161,-0.271,0.367,-0.794,-0.344,-1.138,1430,707,723
203564,Kalin Lucas,2017,-0.503,0.188,-0.691,-0.378,-0.136,-0.242,-0.132,0.033,-0.165,-0.181,-0.008,-0.173,-0.076,-0.062,-0.008,-0.055,-0.051,-0.051,-0.634,-0.685,0.0,-0.055,-0.043,-0.012,-0.055,-0.043,-0.012,-0.5,-0.221,-0.304,-0.089,-0.215,-0.041,0.048,-0.089,-0.174,-0.066,-0.108,-0.0,-0.001,0.001,-0.092,-0.072,-0.018,-0.081,0.019,0.019,-0.477,-0.458,0.0,-0.081,-0.042,-0.039,-0.081,-0.042,-0.039,-0.181,-0.009,-0.807,0.099,-0.906,-0.419,-0.088,-0.331,-0.306,-0.033,-0.273,-0.181,-0.009,-0.172,-0.168,-0.134,-0.026,-0.136,-0.032,-0.032,-1.143,0.0,-0.136,-0.085,-0.051,-0.136,-0.085,-0.051,-0.68,-0.23,-0.685,-0.458,-1.143,22,10,12
203315,Toure' Murry,2017,-0.307,0.376,-0.683,-0.288,0.095,-0.383,-0.516,-0.037,-0.479,0.121,-0.13,0.251,-0.033,0.34,-0.371,-0.446,0.061,0.061,-0.786,-0.725,0.0,-0.446,-0.28,-0.166,-0.446,-0.28,-0.166,-2.9,-0.116,-0.136,0.026,-0.162,-0.18,0.103,-0.283,0.036,-0.224,0.26,-0.018,-0.061,0.043,-0.342,-0.323,-0.018,0.026,0.031,0.031,-0.452,-0.421,0.0,0.026,-0.275,0.301,0.026,-0.275,0.301,0.9,0.125,-0.443,0.402,-0.845,-0.468,0.198,-0.666,-0.48,-0.261,-0.219,0.103,-0.191,0.294,-0.375,0.017,-0.388,-0.42,0.092,0.092,-1.146,0.001,-0.42,-0.555,0.135,-0.42,-0.555,0.135,-2.0,0.009,-0.725,-0.421,-1.145,1517,754,763
2201,Eddy Curry,2017,-0.115,0.204,-0.319,-0.314,-0.155,-0.159,0.07,-0.009,0.079,-0.075,-0.017,-0.058,-0.159,-0.028,-0.127,-0.136,-0.297,-0.297,-0.41,-0.707,0.0,-0.136,-0.135,-0.001,-0.136,-0.135,-0.001,-0.463,-0.214,-0.35,-0.115,-0.235,-0.17,0.043,-0.213,-0.06,-0.05,-0.01,-0.005,0.014,-0.019,-0.1,-0.147,0.048,-0.121,0.13,0.13,-0.571,-0.441,-0.0,-0.121,-0.054,-0.067,-0.121,-0.054,-0.067,-0.185,-0.134,-0.466,0.089,-0.555,-0.484,-0.112,-0.372,0.01,-0.059,0.069,-0.081,-0.004,-0.077,-0.258,-0.175,-0.079,-0.257,-0.167,-0.167,-1.148,0.001,-0.257,-0.189,-0.068,-0.257,-0.189,-0.068,-0.648,-0.348,-0.707,-0.441,-1.147,101,50,51
101179,Ronnie Price,2017,-1.531,-0.064,-1.467,-1.118,-0.164,-0.954,-0.338,0.199,-0.537,-0.011,0.091,-0.102,-0.043,0.013,-0.055,-0.135,-0.263,-0.263,-1.709,-1.972,0.0,-0.135,0.152,-0.287,-0.135,0.152,-0.287,-0.32,-0.629,-0.345,-0.254,-0.091,0.294,0.263,0.031,-0.243,-0.057,-0.186,-0.142,-0.071,-0.071,-0.4,-0.444,0.044,1.21,0.357,0.357,0.465,0.822,0.0,1.21,0.214,0.996,1.21,0.214,0.996,0.982,0.505,-1.876,-0.318,-1.558,-0.824,0.099,-0.923,-0.581,0.142,-0.723,-0.153,0.02,-0.173,-0.443,-0.431,-0.012,1.076,0.094,0.094,-1.15,0.0,1.076,0.366,0.71,1.076,0.366,0.71,0.662,-0.123,-1.972,0.822,-1.15,12458,6209,6249
2440,Matt Barnes,2017,-0.563,0.133,-0.696,0.033,0.22,-0.187,-0.02,0.371,-0.391,-0.709,0.094,-0.803,0.032,-0.341,0.375,-0.263,0.368,0.368,-0.794,-0.426,-0.0,-0.263,-0.512,0.249,-0.263,-0.512,0.249,1.531,0.636,-0.275,0.015,-0.29,0.249,0.1,0.149,-0.356,-0.489,0.133,-0.183,-0.13,-0.053,-0.583,-0.589,0.006,0.101,0.031,0.031,-0.757,-0.726,0.0,0.101,0.131,-0.03,0.101,0.131,-0.03,-0.91,0.024,-0.839,0.148,-0.987,0.281,0.319,-0.038,-0.376,-0.118,-0.258,-0.892,-0.036,-0.856,-0.551,-0.93,0.381,-0.162,0.399,0.399,-1.152,0.0,-0.162,-0.381,0.219,-0.162,-0.381,0.219,0.621,0.66,-0.426,-0.726,-1.152,43473,21750,21723
202353,Tibor Pleiss,2017,-0.158,0.102,-0.26,-0.626,-0.15,-0.476,0.148,-0.001,0.149,0.218,-0.003,0.221,-0.114,-0.147,0.038,-0.385,-0.031,-0.031,-0.657,-0.688,0.0,-0.385,-0.299,-0.086,-0.385,-0.299,-0.086,-0.086,-0.265,-0.422,-0.055,-0.367,-0.091,0.069,-0.16,-0.2,-0.103,-0.097,-0.076,-0.015,-0.061,-0.074,-0.118,0.045,-0.024,0.056,0.056,-0.52,-0.464,0.0,-0.024,-0.068,0.044,-0.024,-0.068,0.044,0.049,0.029,-0.58,0.047,-0.627,-0.717,-0.081,-0.636,-0.052,-0.104,0.052,0.142,-0.018,0.16,-0.188,-0.265,0.083,-0.409,0.025,0.025,-1.152,0.0,-0.409,-0.367,-0.042,-0.409,-0.367,-0.042,-0.037,-0.236,-0.688,-0.464,-1.152,302,149,153
201944,Terrence Williams,2017,-0.42,0.088,-0.508,-0.373,0.065,-0.438,-0.536,0.079,-0.615,0.401,-0.002,0.403,-0.422,-0.026,-0.395,-0.407,0.197,0.197,-1.249,-1.052,-0.0,-0.407,-0.302,-0.105,-0.407,-0.302,-0.105,0.508,0.014,0.257,0.126,0.131,0.148,-0.112,0.26,-0.041,-0.124,0.083,0.024,0.035,-0.011,-0.213,-0.19,-0.022,-0.142,-0.003,-0.003,-0.098,-0.101,-0.0,-0.142,0.102,-0.244,-0.142,0.102,-0.244,0.165,-0.081,-0.163,0.214,-0.377,-0.225,-0.047,-0.178,-0.577,-0.045,-0.532,0.425,0.033,0.392,-0.635,-0.216,-0.417,-0.55,0.194,0.194,-1.153,-0.001,-0.55,-0.201,-0.349,-0.55,-0.201,-0.349,0.673,-0.067,-1.052,-0.101,-1.154,1415,699,716
2768,Chris Duhon,2017,0.102,-0.172,0.274,-0.606,-0.27,-0.336,0.449,0.454,-0.005,0.431,0.212,0.219,-0.221,0.24,-0.454,-0.099,0.109,0.109,-0.218,-0.109,0.0,-0.099,0.024,-0.123,-0.099,0.024,-0.123,1.185,-0.445,-0.117,0.111,-0.228,0.163,0.033,0.13,-0.525,0.046,-0.571,0.134,0.036,0.098,-0.152,-0.175,0.021,-0.35,-0.427,-0.427,-0.619,-1.046,0.0,-0.35,-0.357,0.007,-0.35,-0.357,0.007,0.207,0.1,-0.017,-0.061,0.044,-0.443,-0.237,-0.206,-0.077,0.5,-0.577,0.564,0.248,0.316,-0.373,0.064,-0.433,-0.45,-0.318,-0.318,-1.155,0.0,-0.45,-0.333,-0.117,-0.45,-0.333,-0.117,1.392,-0.346,-0.109,-1.046,-1.155,3391,1700,1691
2545,Darko Milicic,2017,-0.539,0.158,-0.697,-0.301,-0.14,-0.161,-0.252,0.017,-0.269,-0.144,-0.013,-0.131,-0.095,-0.075,-0.014,-0.047,-0.078,-0.078,-0.681,-0.759,0.0,-0.047,0.003,-0.05,-0.047,0.003,-0.05,-0.514,-0.185,-0.337,-0.115,-0.222,-0.044,0.046,-0.09,-0.107,-0.057,-0.05,-0.071,0.001,-0.072,-0.087,-0.072,-0.013,-0.058,0.085,0.085,-0.482,-0.397,0.0,-0.058,-0.048,-0.01,-0.058,-0.048,-0.01,-0.099,-0.029,-0.876,0.043,-0.919,-0.345,-0.094,-0.251,-0.359,-0.04,-0.319,-0.215,-0.012,-0.203,-0.182,-0.147,-0.027,-0.105,0.007,0.007,-1.156,-0.001,-0.105,-0.044,-0.061,-0.105,-0.044,-0.061,-0.613,-0.214,-0.759,-0.397,-1.157,20,10,10
1627740,Henry Ellenson,2017,-0.18,0.09,-0.27,0.053,-0.223,0.276,0.066,-0.058,0.124,-0.389,0.02,-0.409,-0.279,-0.303,0.027,0.077,-0.512,-0.512,-0.382,-0.894,0.0,0.077,-0.014,0.091,0.077,-0.014,0.091,-0.135,-0.404,-0.161,-0.111,-0.05,-0.013,0.04,-0.053,-0.103,-0.081,-0.022,0.066,-0.009,0.075,-0.029,-0.019,-0.008,-0.071,-0.01,-0.01,-0.261,-0.271,0.0,-0.071,-0.047,-0.024,-0.071,-0.047,-0.024,-0.215,-0.048,-0.342,-0.021,-0.321,0.039,-0.184,0.223,-0.037,-0.139,0.102,-0.323,0.011,-0.334,-0.309,-0.322,0.02,0.006,-0.521,-0.521,-1.165,0.001,0.006,-0.061,0.067,0.006,-0.061,0.067,-0.35,-0.452,-0.894,-0.271,-1.164,561,282,279
203006,Josh Akognon,2017,-0.341,0.157,-0.498,-0.312,-0.151,-0.161,-0.072,0.002,-0.074,-0.114,-0.012,-0.102,-0.118,-0.093,-0.019,-0.054,-0.181,-0.181,-0.513,-0.694,0.0,-0.054,-0.023,-0.031,-0.054,-0.023,-0.031,-0.313,-0.203,-0.324,-0.089,-0.235,0.07,0.045,0.025,-0.116,-0.067,-0.049,-0.189,0.001,-0.19,-0.107,-0.094,-0.011,-0.057,0.015,0.015,-0.488,-0.473,0.0,-0.057,-0.056,-0.001,-0.057,-0.056,-0.001,-0.092,0.024,-0.665,0.068,-0.733,-0.242,-0.106,-0.136,-0.188,-0.065,-0.123,-0.303,-0.011,-0.292,-0.225,-0.187,-0.03,-0.111,-0.166,-0.166,-1.167,-0.0,-0.111,-0.078,-0.033,-0.111,-0.078,-0.033,-0.405,-0.179,-0.694,-0.473,-1.167,33,17,16
2039,Keyon Dooling,2017,-0.637,-0.059,-0.578,-0.298,-0.359,0.061,-0.171,-0.035,-0.136,-0.109,0.031,-0.14,0.047,-0.042,0.096,0.699,-0.514,-0.514,0.109,-0.405,0.0,0.699,0.161,0.538,0.699,0.161,0.538,-0.803,-0.371,-0.378,-0.105,-0.273,-0.0,0.074,-0.074,-0.051,-0.061,0.01,-0.222,0.001,-0.223,-0.309,-0.262,-0.045,-0.011,-0.065,-0.065,-0.698,-0.763,0.0,-0.011,-0.005,-0.006,-0.011,-0.005,-0.006,0.481,0.08,-1.016,-0.164,-0.852,-0.298,-0.285,-0.013,-0.223,-0.097,-0.126,-0.331,0.032,-0.363,-0.262,-0.304,0.051,0.688,-0.579,-0.579,-1.168,0.0,0.688,0.156,0.532,0.688,0.156,0.532,-0.322,-0.291,-0.405,-0.763,-1.168,701,349,352
203922,Glenn Robinson III,2017,-0.326,0.403,-0.729,0.171,-0.103,0.274,0.234,-0.244,0.478,-1.134,-0.063,-1.071,-0.077,0.179,-0.255,0.154,-0.372,-0.372,-0.249,-0.621,0.0,0.154,0.112,0.042,0.154,0.112,0.042,-1.667,-0.006,-1.044,-0.144,-0.9,-0.496,-0.071,-0.425,-0.105,-0.17,0.065,-0.299,-0.013,-0.286,-0.073,-0.003,-0.067,0.064,0.504,0.504,-1.053,-0.549,-0.0,0.064,0.226,-0.162,0.064,0.226,-0.162,-0.877,-0.437,-1.37,0.259,-1.629,-0.325,-0.174,-0.151,0.129,-0.414,0.543,-1.433,-0.076,-1.357,-0.15,0.176,-0.322,0.217,0.132,0.132,-1.17,0.0,0.217,0.337,-0.12,0.217,0.337,-0.12,-2.545,-0.443,-0.621,-0.549,-1.17,8805,4401,4404
1626155,Sam Dekker,2017,-0.238,0.235,-0.473,-0.487,0.212,-0.699,-0.647,0.65,-1.297,0.661,0.159,0.502,-0.544,-0.708,0.166,0.09,0.368,0.368,-0.692,-0.324,0.0,0.09,-0.025,0.115,0.09,-0.025,0.115,2.519,0.632,-1.116,-0.167,-0.949,-0.631,0.054,-0.685,-0.05,0.005,-0.055,-0.268,-0.001,-0.267,0.194,0.137,0.061,-0.18,0.253,0.253,-1.102,-0.849,0.0,-0.18,-0.318,0.138,-0.18,-0.318,0.138,-0.486,-0.268,-1.355,0.068,-1.423,-1.118,0.266,-1.384,-0.697,0.655,-1.352,0.392,0.157,0.235,-0.35,-0.571,0.226,-0.089,0.62,0.62,-1.173,0.0,-0.089,-0.343,0.254,-0.089,-0.343,0.254,2.033,0.364,-0.324,-0.849,-1.173,5869,2929,2940
203501,Tim Hardaway Jr.,2017,0.926,-0.06,0.986,0.722,0.126,0.596,-0.034,0.389,-0.423,0.298,0.087,0.211,0.088,0.022,0.066,0.009,-0.537,-0.537,1.023,0.486,0.0,0.009,0.089,-0.08,0.009,0.089,-0.08,1.572,0.39,-0.543,0.0,-0.543,0.286,0.178,0.108,-0.381,-0.064,-0.317,-0.448,-0.053,-0.395,-0.153,-0.153,0.003,-0.658,-0.308,-0.308,-1.354,-1.662,0.0,-0.658,-0.441,-0.217,-0.658,-0.441,-0.217,-0.222,0.543,0.384,-0.06,0.444,1.008,0.304,0.704,-0.414,0.326,-0.74,-0.15,0.034,-0.184,-0.065,-0.132,0.069,-0.649,-0.844,-0.844,-1.176,0.0,-0.649,-0.352,-0.297,-0.649,-0.352,-0.297,1.35,0.933,0.486,-1.662,-1.176,26449,13259,13190
1626169,Stanley Johnson,2017,-1.436,0.447,-1.883,-0.228,-0.172,-0.056,-0.185,-0.14,-0.045,-1.47,-0.037,-1.433,-0.157,0.538,-0.697,0.044,0.704,0.704,-1.549,-0.845,0.0,0.044,0.409,-0.365,0.044,0.409,-0.365,-3.23,-0.413,-0.802,0.078,-0.88,-0.243,0.196,-0.439,0.016,0.233,-0.217,-0.653,0.049,-0.702,-0.517,-0.312,-0.204,-0.265,1.252,1.252,-1.584,-0.332,0.0,-0.265,-0.16,-0.105,-0.265,-0.16,-0.105,0.82,0.364,-2.239,0.525,-2.764,-0.471,0.024,-0.495,-0.169,0.093,-0.262,-2.124,0.012,-2.136,-0.674,0.226,-0.902,-0.221,1.956,1.956,-1.177,0.0,-0.221,0.249,-0.47,-0.221,0.249,-0.47,-2.41,-0.049,-0.845,-0.332,-1.177,12068,5987,6081
202692,Alec Burks,2017,-1.769,-0.247,-1.522,-0.315,0.182,-0.497,-0.429,-0.168,-0.261,-0.778,-0.217,-0.561,0.653,0.748,-0.095,0.092,0.752,0.752,-1.024,-0.272,-0.0,0.092,0.175,-0.083,0.092,0.175,-0.083,-5.897,-0.691,-0.744,0.035,-0.779,-0.769,0.07,-0.839,-0.208,-0.147,-0.061,0.198,0.004,0.194,-0.814,-0.821,0.007,0.275,0.376,0.376,-1.283,-0.907,-0.0,0.275,-0.347,0.622,0.275,-0.347,0.622,2.49,0.118,-2.513,-0.212,-2.301,-1.084,0.252,-1.336,-0.637,-0.315,-0.322,-0.58,-0.213,-0.367,-0.16,-0.073,-0.088,0.367,1.129,1.129,-1.179,-0.0,0.367,-0.172,0.539,0.367,-0.172,0.539,-3.406,-0.573,-0.272,-0.907,-1.179,21252,10632,10620
202197,Shane Edwards,2017,-0.398,0.173,-0.571,-0.35,-0.125,-0.225,-0.112,0.045,-0.157,-0.109,-0.016,-0.093,-0.057,0.011,-0.064,-0.017,-0.227,-0.227,-0.472,-0.699,0.0,-0.017,-0.014,-0.003,-0.017,-0.014,-0.003,-0.543,-0.175,-0.349,-0.104,-0.245,-0.04,0.031,-0.071,-0.12,-0.066,-0.054,-0.085,0.005,-0.09,-0.1,-0.092,-0.006,-0.054,0.02,0.02,-0.503,-0.483,0.0,-0.054,-0.036,-0.018,-0.054,-0.036,-0.018,-0.044,-0.04,-0.746,0.069,-0.815,-0.39,-0.094,-0.296,-0.232,-0.021,-0.211,-0.193,-0.01,-0.183,-0.157,-0.08,-0.07,-0.071,-0.208,-0.208,-1.182,0.0,-0.071,-0.05,-0.021,-0.071,-0.05,-0.021,-0.587,-0.215,-0.699,-0.483,-1.182,43,21,22
201991,Lester Hudson,2017,-0.228,0.262,-0.49,0.091,-0.182,0.273,-0.703,0.073,-0.776,0.122,0.049,0.073,-0.219,-0.167,-0.048,-0.11,-0.264,-0.264,-0.557,-0.821,0.0,-0.11,0.013,-0.123,-0.11,0.013,-0.123,-0.479,-0.183,-0.511,-0.062,-0.449,-0.069,0.088,-0.157,-0.065,-0.059,-0.006,-0.315,0.005,-0.32,-0.235,-0.238,0.005,0.205,0.177,0.177,-0.541,-0.364,0.0,0.205,0.133,0.072,0.205,0.133,0.072,0.163,0.077,-0.739,0.2,-0.939,0.022,-0.094,0.116,-0.768,0.014,-0.782,-0.193,0.054,-0.247,-0.454,-0.405,-0.043,0.094,-0.088,-0.088,-1.185,0.001,0.094,0.146,-0.052,0.094,0.146,-0.052,-0.316,-0.107,-0.821,-0.364,-1.184,363,183,180
1626266,JJ O'Brien,2017,-0.225,0.193,-0.418,-0.263,-0.129,-0.134,-0.136,0.038,-0.174,-0.019,-0.005,-0.014,-0.096,-0.078,-0.012,-0.177,-0.227,-0.227,-0.498,-0.725,0.0,-0.177,-0.032,-0.145,-0.177,-0.032,-0.145,-0.466,-0.201,-0.309,-0.108,-0.201,-0.023,0.055,-0.078,-0.178,-0.056,-0.122,-0.0,0.003,-0.003,-0.097,-0.105,0.01,-0.069,0.015,0.015,-0.475,-0.46,0.0,-0.069,-0.029,-0.04,-0.069,-0.029,-0.04,-0.029,-0.004,-0.533,0.085,-0.618,-0.286,-0.075,-0.211,-0.314,-0.018,-0.296,-0.018,-0.001,-0.017,-0.192,-0.183,-0.002,-0.246,-0.211,-0.211,-1.185,0.0,-0.246,-0.062,-0.184,-0.246,-0.062,-0.184,-0.495,-0.205,-0.725,-0.46,-1.185,26,13,13
1627834,Georgios Papagiannis,2017,1.327,0.214,1.113,-0.12,-0.17,0.05,0.657,-0.311,0.968,0.576,-0.053,0.629,-0.087,-0.158,0.074,-1.331,-0.213,-0.213,-0.091,-0.304,-0.0,-1.331,-0.743,-0.588,-1.331,-0.743,-0.588,-0.295,-0.081,-0.226,-0.258,0.032,-0.736,-0.056,-0.68,0.468,-0.159,0.627,0.3,-0.009,0.309,-0.092,-0.071,-0.018,-0.602,0.036,0.036,-0.92,-0.884,-0.0,-0.602,-0.172,-0.43,-0.602,-0.172,-0.43,-0.405,-0.458,1.101,-0.044,1.145,-0.856,-0.226,-0.63,1.125,-0.47,1.595,0.876,-0.062,0.938,-0.179,-0.229,0.056,-1.932,-0.177,-0.177,-1.188,-0.0,-1.932,-0.915,-1.017,-1.932,-0.915,-1.017,-0.7,-0.539,-0.304,-0.884,-1.188,1378,694,684
1626150,Andrew Harrison,2017,-1.51,0.146,-1.656,-1.447,-0.143,-1.304,0.053,0.137,-0.084,-0.262,0.054,-0.316,-0.004,0.393,-0.395,0.235,0.427,0.427,-1.279,-0.852,-0.0,0.235,0.353,-0.118,0.235,0.353,-0.118,-0.613,-0.99,0.486,-0.248,0.734,0.64,-0.068,0.708,-0.301,-0.253,-0.048,0.395,0.007,0.388,-1.016,-1.014,-0.0,0.29,-0.102,-0.102,-0.24,-0.342,0.0,0.29,0.252,0.038,0.29,0.252,0.038,2.182,0.364,-1.023,-0.102,-0.921,-0.807,-0.211,-0.596,-0.247,-0.115,-0.132,0.133,0.061,0.072,-1.02,-0.622,-0.395,0.525,0.325,0.325,-1.194,0.0,0.525,0.605,-0.08,0.525,0.605,-0.08,1.569,-0.626,-0.852,-0.342,-1.194,5922,2936,2986
101155,Ryan Gomes,2017,-0.241,0.191,-0.432,-0.176,-0.19,0.014,0.085,-0.012,0.097,-0.341,-0.009,-0.332,-0.128,-0.05,-0.073,-0.255,-0.453,-0.453,-0.624,-1.077,0.0,-0.255,0.002,-0.257,-0.255,0.002,-0.257,-0.136,-0.231,-0.187,-0.113,-0.074,-0.124,0.028,-0.152,-0.11,-0.081,-0.029,0.16,0.008,0.152,-0.131,-0.163,0.034,0.006,0.195,0.195,-0.312,-0.117,-0.0,0.006,-0.05,0.056,0.006,-0.05,0.056,0.286,-0.032,-0.428,0.078,-0.506,-0.3,-0.162,-0.138,-0.025,-0.093,0.068,-0.181,-0.001,-0.18,-0.259,-0.214,-0.039,-0.249,-0.258,-0.258,-1.194,-0.001,-0.249,-0.048,-0.201,-0.249,-0.048,-0.201,0.149,-0.263,-1.077,-0.117,-1.195,138,69,69
2572,Josh Howard,2017,-0.015,0.152,-0.167,-0.209,-0.14,-0.069,-0.232,-0.007,-0.225,0.274,-0.01,0.284,-0.147,0.071,-0.214,-0.432,-0.484,-0.484,-0.594,-1.078,-0.0,-0.432,-0.06,-0.372,-0.432,-0.06,-0.372,-1.344,-0.503,-0.077,-0.069,-0.008,-0.0,0.066,-0.066,-0.1,-0.071,-0.029,0.092,-0.02,0.112,-0.056,-0.06,0.006,0.126,-0.111,-0.111,-0.007,-0.118,0.0,0.126,-0.008,0.134,0.126,-0.008,0.134,0.501,0.064,-0.09,0.083,-0.173,-0.209,-0.074,-0.135,-0.331,-0.078,-0.253,0.367,-0.029,0.396,-0.202,0.011,-0.209,-0.306,-0.595,-0.595,-1.196,0.0,-0.306,-0.067,-0.239,-0.306,-0.067,-0.239,-0.844,-0.438,-1.078,-0.118,-1.196,788,392,396
2562,Sasha Pavlovic,2017,-1.189,-0.005,-1.184,-1.046,0.014,-1.06,-0.422,0.063,-0.485,0.284,0.057,0.227,-0.254,-0.247,0.0,0.015,0.229,0.229,-1.428,-1.199,0.0,0.015,0.149,-0.134,0.015,0.149,-0.134,-1.268,-0.438,-0.157,-0.006,-0.151,0.149,0.04,0.109,-0.342,-0.132,-0.21,0.042,-0.027,0.069,-0.161,-0.178,0.017,0.469,-0.15,-0.15,0.151,0.001,0.0,0.469,0.052,0.417,0.469,0.052,0.417,0.335,0.047,-1.346,-0.011,-1.335,-0.897,0.054,-0.951,-0.765,-0.07,-0.695,0.327,0.031,0.296,-0.416,-0.426,0.017,0.484,0.078,0.078,-1.198,-0.001,0.484,0.202,0.282,0.484,0.202,0.282,-0.933,-0.391,-1.199,0.001,-1.199,1910,942,968
203909,KJ McDaniels,2017,-1.1,-0.064,-1.036,1.066,0.387,0.679,-0.144,0.407,-0.551,-1.958,0.0,-1.958,0.147,0.334,-0.189,-0.381,-0.038,-0.038,-1.334,-1.372,0.0,-0.381,0.289,-0.67,-0.381,0.289,-0.67,-2.912,0.139,0.259,-0.23,0.489,0.492,-0.014,0.506,-0.731,-0.129,-0.602,0.728,-0.024,0.752,-0.372,-0.275,-0.097,0.34,-0.054,-0.054,0.227,0.173,-0.0,0.34,0.27,0.07,0.34,0.27,0.07,0.288,0.303,-0.841,-0.294,-0.547,1.558,0.373,1.185,-0.875,0.278,-1.153,-1.23,-0.024,-1.206,-0.225,0.06,-0.286,-0.041,-0.092,-0.092,-1.199,0.0,-0.041,0.56,-0.601,-0.041,0.56,-0.601,-2.624,0.442,-1.372,0.173,-1.199,8317,4154,4163
1626254,Maurice Ndour,2017,-1.126,0.002,-1.128,-0.714,-0.068,-0.646,0.251,-0.022,0.273,-0.665,-0.037,-0.628,-0.157,0.033,-0.189,-0.14,0.378,0.378,-1.423,-1.045,0.0,-0.14,-0.337,0.197,-0.14,-0.337,0.197,-1.006,-0.283,-0.587,-0.042,-0.545,0.101,0.088,0.013,-0.371,-0.068,-0.303,-0.275,-0.015,-0.26,-0.075,-0.005,-0.067,0.299,0.198,0.198,-0.363,-0.165,-0.0,0.299,-0.016,0.315,0.299,-0.016,0.315,0.134,0.087,-1.715,-0.04,-1.675,-0.615,0.019,-0.634,-0.12,-0.09,-0.03,-0.94,-0.052,-0.888,-0.232,0.028,-0.256,0.159,0.576,0.576,-1.21,0.001,0.159,-0.353,0.512,0.159,-0.353,0.512,-0.873,-0.196,-1.045,-0.165,-1.209,1294,651,643
203516,James Ennis III,2017,-0.52,-0.163,-0.357,-0.623,0.178,-0.801,-0.464,0.516,-0.98,0.73,0.066,0.664,0.541,0.218,0.321,-0.509,-0.203,-0.203,-0.488,-0.691,0.0,-0.509,-0.032,-0.477,-0.509,-0.032,-0.477,-0.722,0.271,0.909,-0.238,1.147,0.48,-0.04,0.52,0.411,-0.256,0.667,0.256,-0.019,0.275,-0.354,-0.395,0.043,-0.142,-0.938,-0.938,0.413,-0.525,-0.0,-0.142,-0.116,-0.026,-0.142,-0.116,-0.026,0.856,0.123,0.39,-0.401,0.791,-0.143,0.138,-0.281,-0.053,0.26,-0.313,0.987,0.047,0.94,0.187,-0.177,0.364,-0.651,-1.142,-1.142,-1.216,0.0,-0.651,-0.147,-0.504,-0.651,-0.147,-0.504,0.134,0.395,-0.691,-0.525,-1.216,11344,5669,5675
203203,Chris Wright,2017,-0.425,0.155,-0.58,-0.259,-0.146,-0.113,-0.092,0.03,-0.122,-0.229,-0.005,-0.224,-0.1,-0.077,-0.017,-0.063,-0.138,-0.138,-0.588,-0.726,0.0,-0.063,-0.051,-0.012,-0.063,-0.051,-0.012,-0.567,-0.219,-0.379,-0.116,-0.263,-0.069,0.023,-0.092,-0.145,-0.064,-0.081,-0.049,0.006,-0.055,-0.118,-0.088,-0.027,-0.077,0.078,0.078,-0.574,-0.496,-0.0,-0.077,-0.046,-0.031,-0.077,-0.046,-0.031,-0.116,-0.06,-0.803,0.039,-0.842,-0.327,-0.122,-0.205,-0.237,-0.034,-0.203,-0.278,0.001,-0.279,-0.217,-0.165,-0.045,-0.14,-0.06,-0.06,-1.222,-0.001,-0.14,-0.097,-0.043,-0.14,-0.097,-0.043,-0.683,-0.279,-0.726,-0.496,-1.223,18,9,9
201632,Hamed Haddadi,2017,-1.382,-0.012,-1.37,-0.362,-0.304,-0.058,-0.913,-0.192,-0.721,-0.095,-0.015,-0.08,-0.444,-0.088,-0.354,-0.392,0.259,0.259,-2.218,-1.959,0.0,-0.392,-0.131,-0.261,-0.392,-0.131,-0.261,-0.4,-0.205,0.708,0.102,0.606,0.401,0.144,0.257,-0.036,0.069,-0.105,0.241,0.03,0.211,-0.202,-0.202,0.001,-0.163,0.391,0.391,0.343,0.734,0.0,-0.163,-0.022,-0.141,-0.163,-0.022,-0.141,1.452,0.382,-0.674,0.09,-0.764,0.039,-0.16,0.199,-0.949,-0.123,-0.826,0.146,0.015,0.131,-0.646,-0.29,-0.353,-0.555,0.65,0.65,-1.225,0.0,-0.555,-0.153,-0.402,-0.555,-0.153,-0.402,1.052,0.177,-1.959,0.734,-1.225,1256,622,634
1888,Richard Hamilton,2017,-0.252,0.151,-0.403,-0.305,0.055,-0.36,-0.061,-0.508,0.447,-0.037,-0.169,0.132,-0.15,-0.31,0.168,-0.168,-0.768,-0.768,-0.57,-1.338,0.0,-0.168,-0.673,0.505,-0.168,-0.673,0.505,0.791,0.283,0.456,0.19,0.266,-0.377,0.202,-0.579,0.128,0.219,-0.091,0.515,0.022,0.493,0.096,0.174,-0.079,-0.18,-0.261,-0.261,0.372,0.111,-0.0,-0.18,-0.022,-0.158,-0.18,-0.022,-0.158,0.909,0.163,0.203,0.341,-0.138,-0.682,0.257,-0.939,0.067,-0.289,0.356,0.477,-0.148,0.625,-0.054,-0.136,0.09,-0.348,-1.029,-1.029,-1.227,0.0,-0.348,-0.695,0.347,-0.348,-0.695,0.347,1.7,0.445,-1.338,0.111,-1.227,4271,2131,2140
2694,Josh Powell,2017,-0.358,0.193,-0.551,-0.225,-0.185,-0.04,-0.201,-0.009,-0.192,-0.125,0.005,-0.13,-0.164,-0.117,-0.042,0.035,-0.336,-0.336,-0.487,-0.823,0.0,0.035,0.029,0.006,0.035,0.029,0.006,-0.269,-0.261,-0.247,-0.095,-0.152,-0.052,0.017,-0.069,-0.148,-0.071,-0.077,0.048,0.005,0.043,-0.1,-0.084,-0.014,-0.122,0.063,0.063,-0.469,-0.406,-0.0,-0.122,-0.049,-0.073,-0.122,-0.049,-0.073,-0.085,-0.05,-0.605,0.098,-0.703,-0.277,-0.168,-0.109,-0.349,-0.08,-0.269,-0.077,0.01,-0.087,-0.264,-0.201,-0.056,-0.087,-0.273,-0.273,-1.229,0.001,-0.087,-0.021,-0.066,-0.087,-0.021,-0.066,-0.355,-0.311,-0.823,-0.406,-1.228,74,37,37
1627758,Ron Baker,2017,-0.336,0.45,-0.786,-0.511,0.14,-0.651,0.075,0.27,-0.195,-0.35,0.034,-0.384,0.143,0.343,-0.198,-0.115,-0.504,-0.504,-0.308,-0.812,0.0,-0.115,-0.166,0.051,-0.115,-0.166,0.051,1.023,0.191,-0.464,-0.104,-0.36,-0.037,-0.006,-0.031,-0.49,-0.155,-0.335,0.167,-0.03,0.197,-0.131,-0.034,-0.095,0.216,-0.045,-0.045,-0.379,-0.424,0.0,0.216,-0.032,0.248,0.216,-0.032,0.248,0.513,0.268,-0.802,0.346,-1.148,-0.549,0.134,-0.683,-0.416,0.114,-0.53,-0.183,0.004,-0.187,0.012,0.309,-0.293,0.101,-0.549,-0.549,-1.236,0.0,0.101,-0.197,0.298,0.101,-0.197,0.298,1.537,0.459,-0.812,-0.424,-1.236,3298,1656,1642
203584,Troy Daniels,2017,0.851,0.04,0.811,-0.769,-0.458,-0.311,-0.383,0.477,-0.86,1.963,0.254,1.709,-0.169,0.169,-0.338,-0.151,-0.265,-0.265,0.531,0.266,0.0,-0.151,0.006,-0.157,-0.151,0.006,-0.157,1.511,-1.12,-0.638,-0.279,-0.359,-0.059,-0.001,-0.058,0.022,-0.229,0.251,-0.322,0.004,-0.326,-0.725,-0.854,0.133,-0.288,0.147,0.147,-1.651,-1.504,0.0,-0.288,-0.394,0.106,-0.288,-0.394,0.106,0.585,0.041,0.213,-0.239,0.452,-0.828,-0.459,-0.369,-0.361,0.248,-0.609,1.641,0.258,1.383,-0.894,-0.686,-0.205,-0.438,-0.118,-0.118,-1.238,0.0,-0.438,-0.387,-0.051,-0.438,-0.387,-0.051,2.096,-1.079,0.266,-1.504,-1.238,8735,4390,4345
201943,Brandon Jennings,2017,-1.252,-0.011,-1.241,-0.599,-0.039,-0.56,-0.144,0.272,-0.416,-0.498,0.107,-0.605,0.13,0.143,-0.012,1.055,0.539,0.539,-0.067,0.472,-0.0,1.055,0.451,0.604,1.055,0.451,0.604,-0.784,0.189,-0.877,0.128,-1.005,0.054,-0.368,0.422,-0.89,-0.232,-0.658,-0.169,0.022,-0.191,-0.09,-0.078,-0.014,0.06,-0.803,-0.803,-0.907,-1.71,0.0,0.06,0.322,-0.262,0.06,0.322,-0.262,-1.524,-0.893,-2.129,0.117,-2.246,-0.544,-0.406,-0.138,-1.034,0.04,-1.074,-0.668,0.129,-0.797,0.04,0.065,-0.026,1.116,-0.265,-0.265,-1.238,0.0,1.116,0.773,0.343,1.116,0.773,0.343,-2.308,-0.704,0.472,-1.71,-1.238,38481,19247,19234
1626174,Christian Wood,2017,-0.48,0.075,-0.555,0.039,-0.124,0.163,-0.762,0.122,-0.884,0.168,0.011,0.157,-0.179,-0.048,-0.129,0.078,-0.362,-0.362,-0.581,-0.943,0.0,0.078,-0.118,0.196,0.078,-0.118,0.196,-1.262,-0.199,0.189,-0.179,0.368,-0.148,0.084,-0.232,0.177,-0.039,0.216,0.339,-0.008,0.347,0.011,-0.067,0.079,-0.182,-0.316,-0.316,0.018,-0.298,0.0,-0.182,-0.234,0.052,-0.182,-0.234,0.052,-0.269,-0.075,-0.292,-0.104,-0.188,-0.109,-0.04,-0.069,-0.585,0.083,-0.668,0.506,0.002,0.504,-0.169,-0.115,-0.05,-0.104,-0.678,-0.678,-1.241,0.0,-0.104,-0.352,0.248,-0.104,-0.352,0.248,-1.531,-0.274,-0.943,-0.298,-1.241,1000,500,500
1627752,Taurean Prince,2017,-3.521,0.361,-3.882,-1.286,0.181,-1.467,-1.077,0.168,-1.245,-1.519,-0.022,-1.497,0.094,0.121,-0.024,-0.854,0.764,0.764,-4.281,-3.517,-0.0,-0.854,-0.399,-0.455,-0.854,-0.399,-0.455,-3.032,-0.078,1.763,0.118,1.645,0.667,0.104,0.563,0.08,-0.074,0.154,0.898,-0.02,0.918,0.076,0.069,0.009,0.514,-0.099,-0.099,2.353,2.254,0.0,0.514,0.092,0.422,0.514,0.092,0.422,0.642,0.319,-1.758,0.479,-2.237,-0.619,0.285,-0.904,-0.996,0.095,-1.091,-0.622,-0.042,-0.58,0.17,0.19,-0.015,-0.34,0.664,0.664,-1.263,0.0,-0.34,-0.307,-0.033,-0.34,-0.307,-0.033,-2.39,0.241,-3.517,2.254,-1.263,4663,2325,2338
202227,Terrel Harris,2017,-0.693,0.068,-0.761,-0.447,-0.087,-0.36,-0.453,-0.009,-0.444,0.139,-0.028,0.167,-0.225,-0.151,-0.069,-0.655,0.052,0.052,-1.573,-1.521,0.0,-0.655,-0.211,-0.444,-0.655,-0.211,-0.444,-0.87,-0.142,0.125,-0.006,0.131,0.264,0.068,0.196,-0.184,-0.046,-0.138,0.051,0.007,0.044,-0.162,-0.114,-0.046,-0.024,0.308,0.308,-0.061,0.247,0.0,-0.024,0.002,-0.026,-0.024,0.002,-0.026,0.555,0.197,-0.568,0.062,-0.63,-0.183,-0.019,-0.164,-0.637,-0.055,-0.582,0.19,-0.021,0.211,-0.387,-0.265,-0.115,-0.679,0.361,0.361,-1.274,0.0,-0.679,-0.209,-0.47,-0.679,-0.209,-0.47,-0.315,0.055,-1.521,0.247,-1.274,489,242,247
203317,Tim Ohlbrecht,2017,-0.392,0.168,-0.56,-0.242,-0.119,-0.123,-0.138,0.034,-0.172,-0.18,-0.023,-0.157,-0.01,0.027,-0.032,-0.148,-0.319,-0.319,-0.55,-0.869,0.0,-0.148,-0.044,-0.104,-0.148,-0.044,-0.104,-0.639,-0.156,-0.278,-0.092,-0.186,-0.05,0.055,-0.105,-0.131,-0.056,-0.075,-0.005,0.002,-0.007,-0.112,-0.079,-0.03,-0.055,0.037,0.037,-0.445,-0.408,0.0,-0.055,0.003,-0.058,-0.055,0.003,-0.058,0.04,-0.003,-0.669,0.076,-0.745,-0.292,-0.064,-0.228,-0.269,-0.022,-0.247,-0.184,-0.021,-0.163,-0.122,-0.052,-0.062,-0.203,-0.283,-0.283,-1.277,0.0,-0.203,-0.042,-0.161,-0.203,-0.042,-0.161,-0.598,-0.159,-0.869,-0.408,-1.277,46,23,23
1627791,Ben Bentil,2017,-0.172,0.185,-0.357,-0.263,-0.157,-0.106,-0.12,0.019,-0.139,0.026,-0.006,0.032,-0.109,-0.042,-0.062,-0.126,-0.268,-0.268,-0.407,-0.675,0.0,-0.126,-0.058,-0.068,-0.126,-0.058,-0.068,-0.295,-0.211,-0.408,-0.109,-0.299,-0.052,0.034,-0.086,-0.188,-0.065,-0.123,-0.059,0.003,-0.062,-0.081,-0.07,-0.009,-0.072,-0.043,-0.043,-0.561,-0.604,0.0,-0.072,-0.041,-0.031,-0.072,-0.041,-0.031,-0.26,0.012,-0.58,0.076,-0.656,-0.316,-0.123,-0.193,-0.307,-0.046,-0.261,-0.033,-0.003,-0.03,-0.19,-0.112,-0.07,-0.198,-0.312,-0.312,-1.279,-0.001,-0.198,-0.099,-0.099,-0.198,-0.099,-0.099,-0.555,-0.199,-0.675,-0.604,-1.28,42,21,21
202396,Samardo Samuels,2017,-0.792,0.036,-0.828,-0.46,-0.148,-0.312,-0.57,0.073,-0.643,0.202,0.017,0.185,-0.137,0.105,-0.239,-0.114,0.029,0.029,-1.043,-1.014,0.0,-0.114,-0.118,0.004,-0.114,-0.118,0.004,-0.426,-0.298,-0.487,0.017,-0.504,-0.346,-0.012,-0.334,-0.174,-0.16,-0.014,0.016,-0.006,0.022,-0.241,-0.229,-0.011,0.054,0.407,0.407,-0.674,-0.267,-0.0,0.054,-0.088,0.142,0.054,-0.088,0.142,0.19,0.004,-1.279,0.053,-1.332,-0.806,-0.16,-0.646,-0.744,-0.087,-0.657,0.218,0.011,0.207,-0.378,-0.124,-0.25,-0.061,0.436,0.436,-1.281,-0.001,-0.061,-0.207,0.146,-0.061,-0.207,0.146,-0.237,-0.294,-1.014,-0.267,-1.282,768,383,385
201934,Hasheem Thabeet,2017,-0.041,-0.503,0.462,0.157,-0.04,0.197,-0.298,-0.121,-0.177,0.603,-0.074,0.677,-0.085,-0.109,0.029,-1.497,-0.923,-0.923,-1.623,-2.546,0.0,-1.497,-0.753,-0.744,-1.497,-0.753,-0.744,-1.523,0.039,1.212,0.148,1.064,0.231,0.028,0.203,0.526,-0.039,0.565,0.307,0.018,0.289,-0.294,-0.163,-0.131,0.108,0.235,0.235,1.026,1.261,-0.0,0.108,0.301,-0.193,0.108,0.301,-0.193,1.791,0.218,1.168,-0.355,1.523,0.386,-0.013,0.399,0.227,-0.16,0.387,0.91,-0.056,0.966,-0.379,-0.272,-0.102,-1.39,-0.689,-0.689,-1.285,0.0,-1.39,-0.452,-0.938,-1.39,-0.452,-0.938,0.267,0.256,-2.546,1.261,-1.285,3869,1927,1942
202809,Cory Higgins,2017,-0.414,0.068,-0.482,-0.066,-0.128,0.062,-0.192,0.042,-0.234,-0.224,-0.004,-0.22,-0.15,-0.15,0.006,0.161,-0.328,-0.328,-0.403,-0.731,-0.0,0.161,0.031,0.13,0.161,0.031,0.13,-0.61,-0.079,-0.268,-0.084,-0.184,0.041,0.044,-0.003,-0.026,-0.074,0.048,-0.199,-0.001,-0.198,-0.155,-0.068,-0.084,-0.07,-0.063,-0.063,-0.493,-0.556,0.0,-0.07,-0.037,-0.033,-0.07,-0.037,-0.033,-0.096,0.056,-0.686,-0.016,-0.67,-0.027,-0.085,0.058,-0.218,-0.032,-0.186,-0.425,-0.006,-0.419,-0.305,-0.217,-0.079,0.09,-0.39,-0.39,-1.287,-0.001,0.09,-0.006,0.096,0.09,-0.006,0.096,-0.706,-0.023,-0.731,-0.556,-1.288,130,66,64
101153,Mickael Gelabale,2017,-0.779,-0.046,-0.733,0.078,-0.28,0.358,-0.545,-0.231,-0.314,-0.266,-0.019,-0.247,-0.137,-0.073,-0.058,-0.679,0.452,0.452,-1.595,-1.143,0.0,-0.679,-0.201,-0.478,-0.679,-0.201,-0.478,-0.395,-0.068,-0.244,0.083,-0.327,-0.269,-0.007,-0.262,0.083,-0.054,0.137,-0.141,-0.01,-0.131,-0.056,0.043,-0.098,-0.198,0.349,0.349,-0.498,-0.149,0.0,-0.198,-0.158,-0.04,-0.198,-0.158,-0.04,-0.051,-0.289,-1.022,0.037,-1.059,-0.191,-0.287,0.096,-0.462,-0.285,-0.177,-0.406,-0.029,-0.377,-0.193,-0.03,-0.156,-0.877,0.801,0.801,-1.292,0.0,-0.877,-0.359,-0.518,-0.877,-0.359,-0.518,-0.446,-0.357,-1.143,-0.149,-1.292,2456,1222,1234
201619,Sasha Kaun,2017,-0.632,0.235,-0.867,-0.512,-0.105,-0.407,-0.618,-0.093,-0.525,0.263,-0.043,0.306,-0.252,-0.11,-0.14,-0.38,0.17,0.17,-1.264,-1.094,0.0,-0.38,-0.189,-0.191,-0.38,-0.189,-0.191,-0.97,-0.266,-0.11,-0.112,0.002,0.074,0.057,0.017,-0.21,-0.042,-0.168,0.138,0.012,0.126,-0.072,-0.167,0.096,0.04,-0.057,-0.057,-0.142,-0.199,-0.0,0.04,0.085,-0.045,0.04,0.085,-0.045,0.583,0.139,-0.741,0.123,-0.864,-0.437,-0.048,-0.389,-0.828,-0.135,-0.693,0.401,-0.031,0.432,-0.323,-0.277,-0.043,-0.34,0.114,0.114,-1.293,0.0,-0.34,-0.103,-0.237,-0.34,-0.103,-0.237,-0.387,-0.127,-1.094,-0.199,-1.293,375,188,187
203126,Kris Joseph,2017,-0.406,0.063,-0.469,-0.122,-0.073,-0.049,-0.396,0.064,-0.46,0.049,-0.009,0.058,-0.215,-0.095,-0.116,-0.016,-0.103,-0.103,-0.637,-0.74,0.0,-0.016,-0.144,0.128,-0.016,-0.144,0.128,-1.228,-0.322,-0.507,-0.033,-0.474,-0.029,0.054,-0.083,-0.296,-0.087,-0.209,-0.149,0.004,-0.153,-0.119,-0.177,0.059,-0.064,0.134,0.134,-0.69,-0.556,-0.0,-0.064,0.014,-0.078,-0.064,0.014,-0.078,-0.181,-0.052,-0.912,0.03,-0.942,-0.15,-0.018,-0.132,-0.692,-0.023,-0.669,-0.1,-0.005,-0.095,-0.334,-0.272,-0.057,-0.079,0.032,0.032,-1.296,0.001,-0.079,-0.13,0.051,-0.079,-0.13,0.051,-1.409,-0.374,-0.74,-0.556,-1.295,206,102,104
203958,Andre Dawkins,2017,-0.343,0.188,-0.531,-0.274,-0.085,-0.189,-0.01,0.079,-0.089,-0.247,-0.0,-0.247,-0.126,-0.074,-0.047,-0.105,-0.282,-0.282,-0.574,-0.856,0.0,-0.105,-0.073,-0.032,-0.105,-0.073,-0.032,-0.308,-0.027,-0.169,-0.159,-0.01,0.027,0.054,-0.027,-0.013,-0.061,0.048,-0.024,-0.006,-0.018,-0.074,-0.079,0.007,-0.146,-0.057,-0.057,-0.389,-0.446,0.0,-0.146,-0.074,-0.072,-0.146,-0.074,-0.072,-0.117,-0.062,-0.512,0.029,-0.541,-0.247,-0.031,-0.216,-0.023,0.018,-0.041,-0.271,-0.006,-0.265,-0.2,-0.153,-0.04,-0.251,-0.339,-0.339,-1.302,0.0,-0.251,-0.148,-0.103,-0.251,-0.148,-0.103,-0.424,-0.089,-0.856,-0.446,-1.302,81,41,40
203950,Jarnell Stokes,2017,-0.653,0.151,-0.804,-0.053,0.06,-0.113,0.021,0.121,-0.1,-0.772,-0.035,-0.737,-0.316,-0.023,-0.293,-0.564,0.219,0.219,-1.533,-1.314,-0.0,-0.564,-0.274,-0.29,-0.564,-0.274,-0.29,-0.532,0.069,-0.166,-0.057,-0.109,-0.179,0.04,-0.219,-0.023,-0.08,0.057,0.093,0.014,0.079,-0.228,-0.269,0.042,0.093,0.312,0.312,-0.301,0.011,0.0,0.093,0.042,0.051,0.093,0.042,0.051,0.662,-0.033,-0.819,0.094,-0.913,-0.232,0.1,-0.332,-0.002,0.041,-0.043,-0.679,-0.021,-0.658,-0.544,-0.292,-0.25,-0.472,0.531,0.531,-1.303,0.0,-0.472,-0.232,-0.24,-0.472,-0.232,-0.24,0.129,0.036,-1.314,0.011,-1.303,601,300,301
1626158,Richaun Holmes,2017,1.424,-0.103,1.527,1.35,0.098,1.252,0.058,0.213,-0.155,0.119,0.013,0.106,-0.491,-0.31,-0.181,-0.714,0.044,0.044,0.219,0.263,0.0,-0.714,-0.792,0.078,-0.714,-0.792,0.078,2.493,1.07,-0.622,0.114,-0.736,-0.168,0.049,-0.217,-0.286,0.084,-0.37,-0.282,0.063,-0.345,-0.353,-0.349,-0.003,-0.304,-0.296,-0.296,-1.279,-1.575,0.0,-0.304,-0.287,-0.017,-0.304,-0.287,-0.017,-0.024,-0.06,0.802,0.011,0.791,1.182,0.147,1.035,-0.228,0.297,-0.525,-0.163,0.077,-0.24,-0.845,-0.659,-0.184,-1.017,-0.252,-0.252,-1.312,0.0,-1.017,-1.079,0.062,-1.017,-1.079,0.062,2.469,1.01,0.263,-1.575,-1.312,7666,3820,3846
201203,Mustafa Shakur,2017,-0.494,0.178,-0.672,-0.333,-0.147,-0.186,-0.168,0.041,-0.209,-0.171,0.001,-0.172,-0.125,-0.052,-0.068,-0.029,-0.296,-0.296,-0.648,-0.944,0.0,-0.029,-0.085,0.056,-0.029,-0.085,0.056,-0.285,-0.191,-0.412,-0.108,-0.304,-0.059,0.041,-0.1,-0.198,-0.057,-0.141,-0.047,0.005,-0.052,-0.102,-0.1,-0.0,0.056,0.085,0.085,-0.458,-0.373,0.0,0.056,-0.05,0.106,0.056,-0.05,0.106,-0.082,-0.026,-0.905,0.07,-0.975,-0.392,-0.106,-0.286,-0.365,-0.016,-0.349,-0.218,0.006,-0.224,-0.227,-0.152,-0.068,0.026,-0.211,-0.211,-1.317,0.0,0.026,-0.135,0.161,0.026,-0.135,0.161,-0.367,-0.217,-0.944,-0.373,-1.317,51,25,26
203130,Darius Johnson-Odom,2017,-0.728,0.142,-0.87,-0.172,-0.1,-0.072,-0.38,0.034,-0.414,-0.318,-0.021,-0.297,-0.198,-0.033,-0.162,0.261,-0.3,-0.3,-0.665,-0.965,-0.0,0.261,0.131,0.13,0.261,0.131,0.13,-0.784,-0.206,-0.222,-0.15,-0.072,0.065,0.024,0.041,-0.13,-0.097,-0.033,-0.007,0.001,-0.008,-0.21,-0.178,-0.029,-0.033,0.108,0.108,-0.465,-0.357,0.0,-0.033,-0.007,-0.026,-0.033,-0.007,-0.026,0.028,-0.014,-0.951,-0.008,-0.943,-0.108,-0.076,-0.032,-0.51,-0.063,-0.447,-0.325,-0.02,-0.305,-0.408,-0.211,-0.191,0.228,-0.193,-0.193,-1.322,-0.0,0.228,0.125,0.103,0.228,0.125,0.103,-0.756,-0.22,-0.965,-0.357,-1.322,88,44,44
202726,Andrew Goudelock,2017,-0.486,0.102,-0.588,0.355,-0.129,0.484,-0.14,-0.004,-0.136,-0.803,-0.014,-0.789,0.055,0.104,-0.041,-0.251,0.028,0.028,-0.682,-0.654,-0.0,-0.251,-0.377,0.126,-0.251,-0.377,0.126,-1.314,-0.096,-0.318,-0.083,-0.235,-0.081,0.077,-0.158,-0.326,-0.016,-0.31,0.172,0.007,0.165,-0.083,-0.012,-0.069,-0.027,-0.242,-0.242,-0.428,-0.67,0.0,-0.027,0.055,-0.082,-0.027,0.055,-0.082,-0.192,-0.056,-0.802,0.019,-0.821,0.274,-0.052,0.326,-0.464,-0.019,-0.445,-0.631,-0.007,-0.624,-0.028,0.092,-0.111,-0.278,-0.214,-0.214,-1.324,0.001,-0.278,-0.322,0.044,-0.278,-0.322,0.044,-1.506,-0.152,-0.654,-0.67,-1.323,597,294,303
201967,Dante Cunningham,2017,-0.331,0.105,-0.436,-0.331,-0.295,-0.036,-0.114,-0.485,0.371,0.009,-0.068,0.077,-0.21,-0.103,-0.106,0.484,-0.502,-0.502,-0.057,-0.559,0.0,0.484,0.342,0.142,0.484,0.342,0.142,0.24,-0.622,-1.269,0.204,-1.473,-0.632,-0.107,-0.525,-0.578,-0.092,-0.486,-0.263,-0.013,-0.25,0.173,0.251,-0.078,-0.155,0.476,0.476,-1.251,-0.775,-0.0,-0.155,-0.016,-0.139,-0.155,-0.016,-0.139,0.092,-0.118,-1.599,0.309,-1.908,-0.963,-0.402,-0.561,-0.691,-0.577,-0.114,-0.254,-0.081,-0.173,-0.037,0.148,-0.184,0.329,-0.026,-0.026,-1.334,0.0,0.329,0.325,0.004,0.329,0.325,0.004,0.331,-0.74,-0.559,-0.775,-1.334,34683,17299,17384
202725,Josh Harrellson,2017,0.055,0.152,-0.097,-0.374,-0.181,-0.193,0.446,0.074,0.372,-0.169,0.021,-0.19,0.01,0.119,-0.107,-0.348,-0.941,-0.941,-0.283,-1.224,0.0,-0.348,-0.311,-0.037,-0.348,-0.311,-0.037,-1.113,-0.126,-0.145,-0.067,-0.078,0.519,0.089,0.43,-0.309,0.005,-0.314,-0.288,0.04,-0.328,-0.291,-0.349,0.059,0.025,0.299,0.299,-0.411,-0.112,-0.0,0.025,-0.045,0.07,0.025,-0.045,0.07,0.673,0.214,-0.09,0.085,-0.175,0.145,-0.092,0.237,0.137,0.079,0.058,-0.457,0.061,-0.518,-0.28,-0.23,-0.048,-0.324,-0.642,-0.642,-1.336,0.001,-0.324,-0.356,0.032,-0.324,-0.356,0.032,-0.44,0.088,-1.224,-0.112,-1.335,1341,675,666
201936,Tyreke Evans,2017,-0.066,-0.052,-0.014,-0.373,0.989,-1.362,-0.003,0.514,-0.517,0.362,-0.108,0.47,0.122,0.191,-0.066,0.295,0.389,0.389,0.351,0.74,0.0,0.295,0.209,0.086,0.295,0.209,0.086,-1.74,0.101,-1.325,-0.143,-1.182,-0.091,-0.173,0.082,-0.649,-0.167,-0.482,-0.442,-0.023,-0.419,-0.061,-0.095,0.033,-0.242,-0.449,-0.449,-1.628,-2.077,0.0,-0.242,-0.085,-0.157,-0.242,-0.085,-0.157,-1.562,-0.279,-1.391,-0.195,-1.196,-0.463,0.817,-1.28,-0.652,0.347,-0.999,-0.081,-0.131,0.05,0.061,0.096,-0.033,0.053,-0.06,-0.06,-1.337,0.0,0.053,0.124,-0.071,0.053,0.124,-0.071,-3.302,-0.177,0.74,-2.077,-1.337,31820,15897,15923
2446,Rasual Butler,2017,-0.182,0.026,-0.208,0.031,-0.248,0.279,-0.073,-0.325,0.252,-0.166,-0.073,-0.093,-0.295,-0.117,-0.177,0.455,-0.01,-0.01,-0.022,-0.032,-0.0,0.455,0.417,0.038,0.455,0.417,0.038,-0.732,-0.601,0.954,0.132,0.822,0.307,0.031,0.276,0.144,-0.071,0.215,0.371,0.043,0.328,-0.291,-0.298,0.009,-1.552,-0.432,-0.432,-0.889,-1.321,0.0,-1.552,-0.477,-1.075,-1.552,-0.477,-1.075,2.774,0.294,0.773,0.158,0.615,0.339,-0.216,0.555,0.071,-0.396,0.467,0.205,-0.031,0.236,-0.586,-0.415,-0.168,-1.097,-0.442,-0.442,-1.353,0.0,-1.097,-0.06,-1.037,-1.097,-0.06,-1.037,2.043,-0.307,-0.032,-1.321,-1.353,9056,4519,4537
200780,Solomon Jones,2017,-0.762,0.133,-0.895,-0.485,-0.183,-0.302,-0.399,0.013,-0.412,-0.011,0.003,-0.014,-0.09,-0.072,-0.013,-0.062,-0.156,-0.156,-0.914,-1.07,-0.0,-0.062,0.057,-0.119,-0.062,0.057,-0.119,-0.928,-0.416,-0.366,-0.214,-0.152,0.025,0.05,-0.025,-0.032,-0.058,0.026,-0.145,-0.003,-0.142,-0.123,-0.124,0.003,0.072,0.134,0.134,-0.417,-0.283,0.0,0.072,-0.03,0.102,0.072,-0.03,0.102,-0.186,0.069,-1.128,-0.081,-1.047,-0.46,-0.133,-0.327,-0.431,-0.045,-0.386,-0.156,-0.0,-0.156,-0.214,-0.196,-0.01,0.01,-0.022,-0.022,-1.353,-0.0,0.01,0.028,-0.018,0.01,0.028,-0.018,-1.114,-0.347,-1.07,-0.283,-1.353,419,209,210
202690,Jimmer Fredette,2017,0.01,-0.026,0.036,-0.285,-0.107,-0.178,0.131,0.092,0.039,0.19,0.087,0.103,0.195,0.01,0.19,0.238,0.719,0.719,0.443,1.162,0.0,0.238,0.302,-0.064,0.238,0.302,-0.064,-1.65,-0.365,-1.168,0.046,-1.214,-0.179,-0.123,-0.056,-0.409,-0.127,-0.282,-0.626,0.025,-0.651,-0.194,-0.401,0.207,-0.82,-0.334,-0.334,-2.182,-2.516,0.0,-0.82,-0.452,-0.368,-0.82,-0.452,-0.368,-1.166,-0.52,-1.157,0.02,-1.177,-0.464,-0.23,-0.234,-0.277,-0.034,-0.243,-0.436,0.112,-0.548,0.001,-0.391,0.398,-0.583,0.384,0.384,-1.354,0.0,-0.583,-0.151,-0.432,-0.583,-0.151,-0.432,-2.816,-0.885,1.162,-2.516,-1.354,7725,3873,3852
2575,Luke Walton,2017,-0.658,-0.175,-0.483,-0.298,-0.063,-0.235,0.937,0.133,0.804,-1.122,0.082,-1.204,-0.085,0.079,-0.156,0.379,-0.189,-0.189,-0.364,-0.553,-0.0,0.379,0.14,0.239,0.379,0.14,0.239,1.927,0.449,-0.829,0.038,-0.867,0.082,0.137,-0.055,-0.53,0.007,-0.537,-0.419,-0.013,-0.406,-0.248,-0.117,-0.131,0.501,-0.236,-0.236,-0.576,-0.812,-0.0,0.501,0.494,0.007,0.501,0.494,0.007,-0.56,0.213,-1.487,-0.137,-1.35,-0.216,0.075,-0.291,0.407,0.14,0.267,-1.541,0.07,-1.611,-0.333,-0.039,-0.288,0.88,-0.426,-0.426,-1.365,-0.0,0.88,0.634,0.246,0.88,0.634,0.246,1.367,0.662,-0.553,-0.812,-1.365,3266,1632,1634
1626195,Willy Hernangomez,2017,-1.106,0.249,-1.355,-0.609,0.044,-0.653,0.152,-0.212,0.364,-0.898,-0.082,-0.816,-0.067,0.173,-0.241,-1.006,1.031,1.031,-2.179,-1.148,0.0,-1.006,-0.386,-0.62,-1.006,-0.386,-0.62,-0.965,0.204,-0.042,0.05,-0.092,-0.421,-0.161,-0.26,-0.395,-0.228,-0.167,0.724,0.0,0.724,-0.037,0.017,-0.052,-0.136,-0.003,-0.003,-0.215,-0.218,0.0,-0.136,-0.003,-0.133,-0.136,-0.003,-0.133,1.225,-0.2,-1.149,0.299,-1.448,-1.031,-0.118,-0.913,-0.243,-0.44,0.197,-0.174,-0.082,-0.092,-0.104,0.191,-0.294,-1.142,1.029,1.029,-1.366,0.0,-1.142,-0.388,-0.754,-1.142,-0.388,-0.754,0.261,0.004,-1.148,-0.218,-1.366,5241,2625,2616
1627816,Alex Poythress,2017,-0.454,-0.084,-0.37,-0.278,-0.074,-0.204,0.106,0.176,-0.07,-0.198,0.017,-0.215,0.099,0.001,0.104,0.046,0.043,0.043,-0.309,-0.266,0.0,0.046,-0.007,0.053,0.046,-0.007,0.053,-0.408,-0.245,-0.69,-0.156,-0.534,-0.149,-0.021,-0.128,-0.228,-0.089,-0.139,-0.157,0.008,-0.165,-0.233,-0.216,-0.015,-0.066,-0.111,-0.111,-0.989,-1.1,-0.0,-0.066,0.011,-0.077,-0.066,0.011,-0.077,-0.397,-0.089,-1.146,-0.24,-0.906,-0.428,-0.095,-0.333,-0.122,0.087,-0.209,-0.356,0.024,-0.38,-0.134,-0.216,0.089,-0.021,-0.068,-0.068,-1.366,-0.0,-0.021,0.004,-0.025,-0.021,0.004,-0.025,-0.805,-0.334,-0.266,-1.1,-1.366,630,312,318
203473,Dewayne Dedmon,2017,-2.12,0.085,-2.205,-0.504,-0.134,-0.37,-0.653,-0.388,-0.265,-1.048,-0.086,-0.962,-0.304,-0.155,-0.151,-1.303,1.182,1.182,-3.727,-2.545,0.0,-1.303,-0.746,-0.557,-1.303,-0.746,-0.557,-3.763,-0.161,1.334,0.01,1.324,0.376,-0.104,0.48,0.582,-0.267,0.849,0.366,-0.031,0.397,-0.355,-0.349,-0.004,0.055,0.141,0.141,1.034,1.175,0.0,0.055,0.017,0.038,0.055,0.017,0.038,0.179,-0.359,-0.786,0.095,-0.881,-0.128,-0.238,0.11,-0.071,-0.655,0.584,-0.682,-0.117,-0.565,-0.659,-0.504,-0.155,-1.249,1.323,1.323,-1.37,-0.0,-1.249,-0.729,-0.52,-1.249,-0.729,-0.52,-3.584,-0.52,-2.545,1.175,-1.37,12814,6398,6416
203898,Tyler Ennis,2017,-0.98,-0.124,-0.856,0.426,0.248,0.178,-0.507,-0.046,-0.461,-0.775,-0.056,-0.719,-0.526,-0.325,-0.199,-0.379,0.162,0.162,-1.885,-1.723,0.0,-0.379,-0.493,0.114,-0.379,-0.493,0.114,-1.548,0.23,-1.053,-0.298,-0.755,-0.081,-0.087,0.006,0.162,-0.18,0.342,-0.836,-0.031,-0.805,-0.072,-0.142,0.072,0.784,0.688,0.688,-0.341,0.347,0.0,0.784,0.499,0.285,0.784,0.499,0.285,-1.659,-0.393,-2.031,-0.422,-1.609,0.346,0.161,0.185,-0.345,-0.226,-0.119,-1.61,-0.087,-1.523,-0.599,-0.467,-0.127,0.405,0.85,0.85,-1.376,0.0,0.405,0.005,0.4,0.405,0.005,0.4,-3.207,-0.162,-1.723,0.347,-1.376,6412,3205,3207
101128,Francisco Garcia,2017,-1.045,-0.419,-0.626,-0.402,-0.235,-0.167,0.344,0.52,-0.176,-0.568,0.284,-0.852,-0.221,-0.334,0.118,0.11,-0.121,-0.121,-1.156,-1.277,0.0,0.11,0.201,-0.091,0.11,0.201,-0.091,0.678,-0.444,1.061,0.154,0.907,-0.111,-0.104,-0.007,0.584,-0.186,0.77,0.434,0.014,0.42,-0.316,-0.467,0.152,-0.011,-0.84,-0.84,0.734,-0.106,0.0,-0.011,0.368,-0.379,-0.011,0.368,-0.379,0.943,-0.171,0.016,-0.265,0.281,-0.512,-0.338,-0.174,0.928,0.334,0.594,-0.135,0.297,-0.432,-0.536,-0.801,0.27,0.099,-0.961,-0.961,-1.383,0.0,0.099,0.569,-0.47,0.099,0.569,-0.47,1.621,-0.616,-1.277,-0.106,-1.383,9818,4904,4914
2215,Jason Collins,2017,-0.464,-0.016,-0.448,-0.481,-0.34,-0.141,-0.966,-0.328,-0.638,0.999,-0.016,1.015,-0.257,-0.261,0.009,-0.056,-0.796,-0.796,-0.777,-1.573,0.0,-0.056,0.496,-0.552,-0.056,0.496,-0.552,-1.56,-0.9,-0.695,0.026,-0.721,-0.07,0.114,-0.184,-0.27,-0.068,-0.202,-0.381,-0.01,-0.371,-0.264,-0.338,0.074,0.347,0.801,0.801,-0.612,0.189,-0.0,0.347,0.212,0.135,0.347,0.212,0.135,-0.696,0.096,-1.158,0.01,-1.168,-0.551,-0.226,-0.325,-1.235,-0.396,-0.839,0.618,-0.026,0.644,-0.521,-0.599,0.084,0.291,0.005,0.005,-1.384,0.0,0.291,0.707,-0.416,0.291,0.707,-0.416,-2.256,-0.804,-1.573,0.189,-1.384,2149,1069,1080
203953,Jabari Parker,2017,1.091,-0.121,1.212,1.937,0.559,1.378,-0.404,-0.079,-0.325,-0.321,-0.237,-0.084,0.106,0.25,-0.148,-0.092,-0.507,-0.507,1.105,0.598,0.0,-0.092,0.065,-0.157,-0.092,0.065,-0.157,-0.145,1.617,-1.179,-0.001,-1.178,-0.48,-0.089,-0.391,-0.24,-0.265,0.025,-0.458,-0.043,-0.415,0.093,0.23,-0.135,0.004,-0.905,-0.905,-1.082,-1.987,0.0,0.004,0.303,-0.299,0.004,0.303,-0.299,-3.047,-0.689,-0.09,-0.122,0.032,1.457,0.47,0.987,-0.645,-0.344,-0.301,-0.78,-0.281,-0.499,0.199,0.48,-0.283,-0.088,-1.411,-1.411,-1.389,0.0,-0.088,0.369,-0.457,-0.088,0.369,-0.457,-3.193,0.928,0.598,-1.987,-1.389,18949,9472,9477
1627751,Jakob Poeltl,2017,-1.952,0.103,-2.055,-0.702,-0.085,-0.617,-0.569,-0.144,-0.425,-0.784,-0.04,-0.744,-0.668,-0.162,-0.509,-0.194,1.154,1.154,-2.814,-1.66,0.0,-0.194,-0.088,-0.106,-0.194,-0.088,-0.106,-1.588,-0.371,-0.813,-0.228,-0.585,0.078,-0.057,0.135,-0.534,-0.146,-0.388,-0.129,-0.004,-0.125,-0.308,-0.297,-0.008,0.628,0.762,0.762,-0.493,0.269,0.0,0.628,0.276,0.352,0.628,0.276,0.352,0.099,-0.039,-2.764,-0.125,-2.639,-0.624,-0.142,-0.482,-1.103,-0.29,-0.813,-0.912,-0.044,-0.868,-0.976,-0.46,-0.517,0.434,1.916,1.916,-1.391,0.0,0.434,0.188,0.246,0.434,0.188,0.246,-1.489,-0.41,-1.66,0.269,-1.391,2487,1234,1253
1626146,Cliff Alexander,2017,-0.429,0.145,-0.574,-0.28,-0.117,-0.163,0.139,0.005,0.134,-0.433,-0.023,-0.41,-0.072,-0.025,-0.042,-0.034,-0.417,-0.417,-0.535,-0.952,0.0,-0.034,0.027,-0.061,-0.034,0.027,-0.061,-0.683,-0.204,-0.367,-0.085,-0.282,0.03,0.054,-0.024,-0.184,-0.064,-0.12,-0.128,-0.008,-0.12,-0.077,-0.036,-0.038,0.037,-0.034,-0.034,-0.407,-0.441,0.0,0.037,0.014,0.023,0.037,0.014,0.023,-0.398,-0.028,-0.795,0.06,-0.855,-0.25,-0.063,-0.187,-0.045,-0.059,0.014,-0.56,-0.031,-0.529,-0.149,-0.062,-0.08,0.003,-0.452,-0.452,-1.393,0.001,0.003,0.041,-0.038,0.003,0.041,-0.038,-1.081,-0.232,-0.952,-0.441,-1.392,140,69,71
2052,DeShawn Stevenson,2017,1.046,-0.168,1.214,0.553,-0.079,0.632,0.686,-0.027,0.713,-0.025,0.088,-0.113,-0.463,-0.365,-0.09,-0.199,-0.839,-0.839,0.384,-0.455,0.0,-0.199,-0.702,0.503,-0.199,-0.702,0.503,-0.267,-0.177,-1.002,-0.167,-0.835,0.014,-0.132,0.146,-0.039,0.002,-0.041,-0.81,0.016,-0.826,-0.024,-0.027,0.001,0.215,-0.134,-0.134,-0.811,-0.945,0.0,0.215,-0.078,0.293,0.215,-0.078,0.293,-0.443,-0.28,0.043,-0.335,0.378,0.566,-0.211,0.777,0.647,-0.025,0.672,-0.835,0.104,-0.939,-0.487,-0.392,-0.088,0.015,-0.973,-0.973,-1.4,0.001,0.015,-0.78,0.795,0.015,-0.78,0.795,-0.71,-0.457,-0.455,-0.945,-1.399,4701,2351,2350
101187,Alan Anderson,2017,-1.68,-0.079,-1.601,-0.779,-0.13,-0.649,-0.14,0.226,-0.366,-0.682,0.108,-0.79,0.376,0.411,-0.033,0.354,-0.451,-0.451,-0.95,-1.401,-0.0,0.354,0.345,0.009,0.354,0.345,0.009,-3.572,-0.79,0.619,0.274,0.345,-0.322,-0.003,-0.319,-0.282,-0.285,0.003,0.949,-0.017,0.966,-0.693,-0.818,0.123,0.349,-0.276,-0.276,0.275,-0.001,0.0,0.349,-0.346,0.695,0.349,-0.346,0.695,1.799,0.098,-1.063,0.195,-1.258,-1.102,-0.133,-0.969,-0.423,-0.059,-0.364,0.267,0.092,0.175,-0.317,-0.407,0.091,0.703,-0.727,-0.727,-1.402,-0.0,0.703,-0.001,0.704,0.703,-0.001,0.704,-1.773,-0.693,-1.401,-0.001,-1.402,22321,11129,11192
202091,Dionte Christmas,2017,-0.908,0.339,-1.247,-0.323,-0.141,-0.182,-0.417,0.045,-0.462,-0.507,-0.012,-0.495,-0.109,0.07,-0.175,-0.15,0.451,0.451,-1.167,-0.716,0.0,-0.15,-0.117,-0.033,-0.15,-0.117,-0.033,-1.534,-0.374,-0.379,-0.069,-0.31,0.19,0.06,0.13,-0.47,-0.095,-0.375,-0.03,0.014,-0.044,-0.252,-0.285,0.034,0.251,-0.314,-0.314,-0.38,-0.694,0.0,0.251,0.117,0.134,0.251,0.117,0.134,0.514,0.116,-1.287,0.27,-1.557,-0.133,-0.081,-0.052,-0.887,-0.05,-0.837,-0.537,0.002,-0.539,-0.361,-0.216,-0.14,0.102,0.137,0.137,-1.41,0.0,0.102,0.0,0.102,0.102,0.0,0.102,-1.02,-0.257,-0.716,-0.694,-1.41,768,383,385
2205,DeSagana Diop,2017,-0.349,0.026,-0.375,-0.55,-0.191,-0.359,0.155,-0.081,0.236,0.02,-0.016,0.036,0.074,-0.019,0.1,-0.0,-0.884,-0.884,-0.275,-1.159,0.0,0.0,0.024,-0.024,0.0,0.024,-0.024,-0.533,-0.471,0.351,-0.093,0.444,0.185,0.032,0.153,0.103,-0.066,0.169,0.156,-0.02,0.176,0.012,-0.021,0.033,-0.176,-0.442,-0.442,0.187,-0.255,0.0,-0.176,-0.046,-0.13,-0.176,-0.046,-0.13,-0.448,-0.142,0.004,-0.067,0.071,-0.364,-0.159,-0.205,0.258,-0.147,0.405,0.177,-0.035,0.212,0.085,-0.039,0.133,-0.177,-1.326,-1.326,-1.414,0.0,-0.177,-0.022,-0.155,-0.177,-0.022,-0.155,-0.981,-0.613,-1.159,-0.255,-1.414,877,438,439
202346,Dominique Jones,2017,-0.438,0.207,-0.645,-0.278,0.053,-0.331,0.585,0.134,0.451,-0.952,0.009,-0.961,-0.119,0.081,-0.197,-0.023,-0.573,-0.573,-0.58,-1.153,0.0,-0.023,0.16,-0.183,-0.023,0.16,-0.183,-1.048,-0.228,0.169,-0.029,0.198,0.172,0.064,0.108,0.145,-0.086,0.231,-0.119,-0.019,-0.1,-0.209,-0.112,-0.095,0.001,-0.223,-0.223,-0.039,-0.262,0.0,0.001,-0.049,0.05,0.001,-0.049,0.05,-0.249,-0.072,-0.269,0.178,-0.447,-0.106,0.117,-0.223,0.73,0.048,0.682,-1.071,-0.01,-1.061,-0.329,-0.031,-0.292,-0.022,-0.796,-0.796,-1.415,0.0,-0.022,0.111,-0.133,-0.022,0.111,-0.133,-1.297,-0.299,-1.153,-0.262,-1.415,1304,651,653
204098,Xavier Munford,2017,-0.261,0.357,-0.618,-0.152,-0.005,-0.147,-0.368,-0.132,-0.236,-0.098,-0.091,-0.007,-0.2,0.122,-0.322,-0.005,0.213,0.213,-0.466,-0.253,0.0,-0.005,-0.149,0.144,-0.005,-0.149,0.144,-1.363,-0.041,-1.396,-0.256,-1.14,-0.062,0.049,-0.111,-0.221,-0.168,-0.053,-0.857,-0.032,-0.825,-0.249,-0.246,-0.001,0.218,0.259,0.259,-1.427,-1.168,0.0,0.218,0.007,0.211,0.218,0.007,0.211,-0.735,0.078,-1.657,0.101,-1.758,-0.214,0.044,-0.258,-0.588,-0.3,-0.288,-0.956,-0.123,-0.833,-0.448,-0.124,-0.323,0.212,0.472,0.472,-1.421,-0.001,0.212,-0.142,0.354,0.212,-0.142,0.354,-2.097,0.037,-0.253,-1.168,-1.422,1259,631,628
203912,C.J. Wilcox,2017,-0.975,0.344,-1.319,-0.968,-0.114,-0.854,-0.306,0.049,-0.355,-0.045,0.066,-0.111,-0.525,-0.645,0.123,-0.279,0.51,0.51,-1.779,-1.269,0.0,-0.279,0.229,-0.508,-0.279,0.229,-0.508,0.952,-0.475,0.15,-0.095,0.245,-0.244,-0.065,-0.179,-0.053,-0.116,0.063,0.542,0.03,0.512,-0.215,-0.35,0.136,0.152,-0.245,-0.245,0.087,-0.158,0.0,0.152,-0.061,0.213,0.152,-0.061,0.213,0.137,-0.461,-0.826,0.249,-1.075,-1.212,-0.179,-1.033,-0.36,-0.067,-0.293,0.497,0.096,0.401,-0.739,-0.994,0.259,-0.127,0.264,0.264,-1.427,-0.001,-0.127,0.167,-0.294,-0.127,0.167,-0.294,1.088,-0.936,-1.269,-0.158,-1.428,1505,755,750
203945,Alex Kirk,2017,-0.306,0.178,-0.484,-0.136,-0.146,0.01,-0.119,-0.016,-0.103,-0.229,-0.021,-0.208,-0.073,-0.069,0.002,-0.118,-0.313,-0.313,-0.497,-0.81,0.0,-0.118,-0.04,-0.078,-0.118,-0.04,-0.078,-0.698,-0.187,-0.573,-0.123,-0.45,-0.072,0.053,-0.125,-0.104,-0.075,-0.029,-0.274,-0.006,-0.268,-0.096,-0.097,0.002,-0.08,0.131,0.131,-0.749,-0.618,-0.0,-0.08,-0.016,-0.064,-0.08,-0.016,-0.064,-0.304,-0.026,-0.88,0.055,-0.935,-0.209,-0.093,-0.116,-0.223,-0.091,-0.132,-0.503,-0.027,-0.476,-0.17,-0.165,0.004,-0.198,-0.182,-0.182,-1.428,0.0,-0.198,-0.057,-0.141,-0.198,-0.057,-0.141,-1.003,-0.212,-0.81,-0.618,-1.428,53,27,26
2554,Mickael Pietrus,2017,0.229,0.131,0.098,-0.043,-0.064,0.021,0.741,0.129,0.612,-0.6,0.084,-0.684,-0.509,-0.48,-0.022,0.168,-0.746,-0.746,-0.112,-0.858,0.0,0.168,-0.111,0.279,0.168,-0.111,0.279,0.826,0.11,-0.648,-0.104,-0.544,-0.334,-0.022,-0.312,-0.074,-0.011,-0.063,-0.136,0.014,-0.15,0.061,-0.009,0.07,0.283,-0.276,-0.276,-0.304,-0.58,0.0,0.283,0.256,0.027,0.283,0.256,0.027,-0.381,-0.191,-0.419,0.027,-0.446,-0.376,-0.086,-0.29,0.668,0.119,0.549,-0.738,0.097,-0.835,-0.448,-0.489,0.047,0.451,-1.022,-1.022,-1.438,0.0,0.451,0.146,0.305,0.451,0.146,0.305,0.445,-0.081,-0.858,-0.58,-1.438,1425,710,715
101132,Linas Kleiza,2017,-1.141,0.12,-1.261,-0.086,-0.312,0.226,-0.895,0.081,-0.976,-0.28,0.089,-0.369,0.316,0.207,0.119,0.508,-0.206,-0.206,-0.317,-0.523,-0.0,0.508,0.32,0.188,0.508,0.32,0.188,-0.541,-0.16,0.03,-0.131,0.161,0.187,0.088,0.099,-0.09,-0.103,0.013,0.064,0.006,0.058,-0.402,-0.511,0.107,-0.252,-0.303,-0.303,-0.624,-0.927,0.0,-0.252,-0.111,-0.141,-0.252,-0.111,-0.141,0.343,0.22,-1.11,-0.011,-1.099,0.101,-0.224,0.325,-0.984,-0.021,-0.963,-0.216,0.095,-0.311,-0.086,-0.304,0.226,0.256,-0.508,-0.508,-1.45,0.0,0.256,0.209,0.047,0.256,0.209,0.047,-0.198,0.06,-0.523,-0.927,-1.45,1352,683,669
203097,Fab Melo,2017,-0.637,0.099,-0.736,-0.504,-0.185,-0.319,-0.32,0.014,-0.334,0.088,-0.008,0.096,-0.214,-0.011,-0.201,-0.12,-0.02,-0.02,-0.971,-0.991,0.0,-0.12,-0.068,-0.052,-0.12,-0.068,-0.052,-0.572,-0.304,-0.131,-0.071,-0.06,0.154,0.019,0.135,-0.235,-0.094,-0.141,0.021,-0.004,0.025,-0.074,-0.064,-0.008,-0.104,-0.152,-0.152,-0.309,-0.461,-0.0,-0.104,-0.061,-0.043,-0.104,-0.061,-0.043,-0.075,0.011,-0.768,0.028,-0.796,-0.351,-0.166,-0.185,-0.554,-0.079,-0.475,0.109,-0.012,0.121,-0.288,-0.076,-0.208,-0.224,-0.171,-0.171,-1.452,-0.001,-0.224,-0.129,-0.095,-0.224,-0.129,-0.095,-0.647,-0.293,-0.991,-0.461,-1.453,138,69,69
1626188,Quinn Cook,2017,0.46,0.195,0.265,0.322,-0.08,0.402,0.373,-0.094,0.467,-0.43,-0.033,-0.397,-0.197,-0.13,-0.064,0.145,-0.203,-0.203,0.408,0.205,-0.0,0.145,0.036,0.109,0.145,0.036,0.109,-1.071,0.072,-1.375,0.02,-1.395,-0.571,0.024,-0.595,-0.494,-0.018,-0.476,-0.33,0.014,-0.344,-0.1,-0.102,0.004,0.107,-0.294,-0.294,-1.368,-1.662,0.0,0.107,0.154,-0.047,0.107,0.154,-0.047,-1.019,-0.206,-0.917,0.215,-1.132,-0.249,-0.056,-0.193,-0.123,-0.113,-0.01,-0.76,-0.019,-0.741,-0.298,-0.232,-0.06,0.253,-0.497,-0.497,-1.457,0.001,0.253,0.19,0.063,0.253,0.19,0.063,-2.09,-0.133,0.205,-1.662,-1.456,729,362,367
1626184,Chasson Randle,2017,-0.134,0.234,-0.368,-0.305,0.008,-0.313,-0.053,0.157,-0.21,-0.01,0.019,-0.029,0.191,-0.107,0.305,-0.435,0.15,0.15,-0.378,-0.228,0.0,-0.435,-0.409,-0.026,-0.435,-0.409,-0.026,-0.799,-0.18,-1.242,-0.091,-1.151,-0.187,0.041,-0.228,-0.626,-0.104,-0.522,-0.338,-0.016,-0.322,-0.018,-0.056,0.04,0.089,-0.058,-0.058,-1.171,-1.229,0.0,0.089,0.134,-0.045,0.089,0.134,-0.045,-0.576,-0.173,-1.375,0.143,-1.518,-0.492,0.049,-0.541,-0.679,0.053,-0.732,-0.347,0.004,-0.351,0.173,-0.163,0.345,-0.345,0.091,0.091,-1.457,0.001,-0.345,-0.275,-0.07,-0.345,-0.275,-0.07,-1.375,-0.353,-0.228,-1.229,-1.456,1182,597,585
203485,Lorenzo Brown,2017,-0.131,0.25,-0.381,-0.421,0.312,-0.733,0.174,0.213,-0.039,-0.134,-0.03,-0.104,0.042,-0.149,0.194,-0.153,-0.483,-0.483,-0.242,-0.725,0.0,-0.153,-0.096,-0.057,-0.153,-0.096,-0.057,-0.079,0.114,-1.276,-0.202,-1.074,-0.108,-0.002,-0.106,-0.192,-0.155,-0.037,-0.774,-0.049,-0.725,-0.119,-0.054,-0.064,0.797,-0.136,-0.136,-0.598,-0.734,0.0,0.797,0.47,0.327,0.797,0.47,0.327,-0.707,0.094,-1.408,0.048,-1.456,-0.529,0.31,-0.839,-0.019,0.058,-0.077,-0.908,-0.079,-0.829,-0.077,-0.203,0.131,0.644,-0.619,-0.619,-1.459,0.0,0.644,0.374,0.27,0.644,0.374,0.27,-0.786,0.208,-0.725,-0.734,-1.459,3205,1606,1599
1627293,Alex Stepheson,2017,-1.062,0.12,-1.182,-0.654,-0.132,-0.522,-0.674,-0.03,-0.644,0.146,-0.041,0.187,-0.117,0.083,-0.198,0.005,0.04,0.04,-1.174,-1.134,0.0,0.005,-0.106,0.111,0.005,-0.106,0.111,-1.039,-0.495,-0.197,-0.214,0.017,0.227,0.038,0.189,-0.219,-0.046,-0.173,0.009,0.001,0.008,-0.074,-0.124,0.051,-0.151,0.091,0.091,-0.422,-0.331,0.0,-0.151,-0.076,-0.075,-0.151,-0.076,-0.075,0.048,0.028,-1.258,-0.094,-1.164,-0.427,-0.094,-0.333,-0.893,-0.076,-0.817,0.156,-0.039,0.195,-0.191,-0.041,-0.147,-0.146,0.131,0.131,-1.465,0.0,-0.146,-0.182,0.036,-0.146,-0.182,0.036,-0.99,-0.467,-1.134,-0.331,-1.465,286,144,142
1626183,Branden Dawson,2017,-0.095,0.259,-0.354,-0.35,-0.139,-0.211,0.022,-0.012,0.034,-0.026,-0.008,-0.018,-0.12,-0.132,0.018,-0.259,-0.246,-0.246,-0.474,-0.72,0.0,-0.259,-0.274,0.015,-0.259,-0.274,0.015,-0.673,-0.294,-0.451,-0.114,-0.337,-0.076,0.007,-0.083,-0.221,-0.085,-0.136,-0.04,0.003,-0.043,-0.076,-0.079,0.004,-0.222,-0.011,-0.011,-0.749,-0.76,0.0,-0.222,-0.103,-0.119,-0.222,-0.103,-0.119,-0.463,-0.122,-0.546,0.145,-0.691,-0.426,-0.132,-0.294,-0.199,-0.097,-0.102,-0.066,-0.005,-0.061,-0.196,-0.211,0.023,-0.481,-0.257,-0.257,-1.48,0.0,-0.481,-0.377,-0.104,-0.481,-0.377,-0.104,-1.136,-0.416,-0.72,-0.76,-1.48,107,53,54
203933,T.J. Warren,2017,-1.416,-0.187,-1.229,-0.314,-0.106,-0.208,-0.945,-0.426,-0.519,0.03,-0.131,0.161,0.136,0.139,-0.007,0.55,1.537,1.537,-0.73,0.807,-0.0,0.55,0.429,0.121,0.55,0.429,0.121,-2.162,0.016,-1.775,0.107,-1.882,-0.863,-0.18,-0.683,-0.864,-0.145,-0.719,-0.155,0.068,-0.223,-0.478,-0.516,0.041,-0.085,0.049,0.049,-2.338,-2.289,0.0,-0.085,0.115,-0.2,-0.085,0.115,-0.2,0.56,-0.255,-3.192,-0.08,-3.112,-1.178,-0.287,-0.891,-1.809,-0.571,-1.238,-0.125,-0.063,-0.062,-0.342,-0.377,0.035,0.465,1.586,1.586,-1.482,0.0,0.465,0.544,-0.079,0.465,0.544,-0.079,-1.602,-0.239,0.807,-2.289,-1.482,15084,7556,7528
202715,Tyler Honeycutt,2017,-0.613,0.211,-0.824,-0.429,-0.113,-0.316,-0.226,0.015,-0.241,-0.169,-0.018,-0.151,-0.154,-0.068,-0.082,-0.115,-0.203,-0.203,-0.882,-1.085,0.0,-0.115,-0.13,0.015,-0.115,-0.13,0.015,-0.639,-0.16,-0.141,-0.034,-0.107,-0.088,0.03,-0.118,-0.126,-0.079,-0.047,0.107,-0.0,0.107,-0.074,-0.057,-0.015,-0.142,-0.042,-0.042,-0.357,-0.399,-0.0,-0.142,-0.054,-0.088,-0.142,-0.054,-0.088,-0.156,-0.068,-0.754,0.177,-0.931,-0.517,-0.083,-0.434,-0.352,-0.064,-0.288,-0.062,-0.018,-0.044,-0.228,-0.126,-0.096,-0.256,-0.245,-0.245,-1.484,0.0,-0.256,-0.184,-0.072,-0.256,-0.184,-0.072,-0.795,-0.228,-1.085,-0.399,-1.484,126,63,63
201166,Aaron Brooks,2017,-0.085,-0.118,0.033,-0.767,0.218,-0.985,-0.351,0.581,-0.932,1.151,0.149,1.002,0.134,0.031,0.104,0.233,0.029,0.029,0.282,0.311,-0.0,0.233,0.179,0.054,0.233,0.179,0.054,-2.25,-0.581,-0.744,-0.331,-0.413,0.078,0.148,-0.07,-0.335,-0.035,-0.3,-0.156,-0.015,-0.141,-0.661,-0.612,-0.047,-0.439,0.025,0.025,-1.844,-1.819,0.0,-0.439,-0.504,0.065,-0.439,-0.504,0.065,0.914,0.016,-0.829,-0.449,-0.38,-0.689,0.366,-1.055,-0.686,0.546,-1.232,0.995,0.134,0.861,-0.527,-0.581,0.057,-0.206,0.054,0.054,-1.508,0.0,-0.206,-0.324,0.118,-0.206,-0.324,0.118,-1.336,-0.565,0.311,-1.819,-1.508,25566,12782,12784
203263,James Nunnally,2017,-1.432,0.084,-1.516,-0.536,-0.305,-0.231,-0.763,-0.072,-0.691,-0.217,0.009,-0.226,-0.251,0.039,-0.288,0.438,0.02,0.02,-1.245,-1.225,-0.0,0.438,0.173,0.265,0.438,0.173,0.265,-0.361,-0.446,0.058,-0.175,0.233,-0.064,0.021,-0.085,0.245,-0.028,0.273,0.052,0.001,0.051,-0.011,-0.013,0.004,-0.275,-0.055,-0.055,-0.228,-0.283,0.0,-0.275,-0.152,-0.123,-0.275,-0.152,-0.123,-0.196,-0.009,-1.376,-0.091,-1.285,-0.602,-0.285,-0.317,-0.518,-0.1,-0.418,-0.165,0.01,-0.175,-0.262,0.026,-0.284,0.164,-0.035,-0.035,-1.508,0.0,0.164,0.021,0.143,0.164,0.021,0.143,-0.556,-0.455,-1.225,-0.283,-1.508,638,321,317
2422,John Salmons,2017,-1.327,-0.121,-1.206,-0.778,-0.444,-0.334,-0.49,-0.329,-0.161,0.062,0.069,-0.007,-0.135,-0.164,0.034,0.224,-0.571,-0.571,-1.238,-1.809,0.0,0.224,-0.11,0.334,0.224,-0.11,0.334,0.164,-0.824,0.157,0.031,0.126,-0.444,0.01,-0.454,0.402,0.159,0.243,0.168,0.062,0.106,-0.113,-0.26,0.145,-0.029,0.277,0.277,0.015,0.292,-0.0,-0.029,-0.159,0.13,-0.029,-0.159,0.13,0.798,-0.143,-1.17,-0.09,-1.08,-1.222,-0.434,-0.788,-0.088,-0.17,0.082,0.23,0.131,0.099,-0.248,-0.424,0.18,0.195,-0.294,-0.294,-1.517,0.0,0.195,-0.269,0.464,0.195,-0.269,0.464,0.962,-0.967,-1.809,0.292,-1.517,16443,8214,8229
2047,Quentin Richardson,2017,-1.315,0.132,-1.447,-0.379,-0.05,-0.329,-0.301,0.094,-0.395,-0.767,0.014,-0.781,-0.203,-0.224,0.027,0.056,0.093,0.093,-1.462,-1.369,0.0,0.056,-0.206,0.262,0.056,-0.206,0.262,-0.794,-0.227,0.136,-0.067,0.203,0.019,0.067,-0.048,-0.004,-0.056,0.052,0.188,0.0,0.188,-0.076,-0.061,-0.013,-0.187,-0.023,-0.023,-0.127,-0.15,0.0,-0.187,-0.093,-0.094,-0.187,-0.093,-0.094,0.313,0.06,-1.177,0.065,-1.242,-0.36,0.017,-0.377,-0.305,0.038,-0.343,-0.577,0.015,-0.592,-0.279,-0.285,0.014,-0.131,0.07,0.07,-1.519,0.0,-0.131,-0.299,0.168,-0.131,-0.299,0.168,-0.48,-0.167,-1.369,-0.15,-1.519,164,82,82
1627819,Isaiah Taylor,2017,-0.778,0.275,-1.053,-0.51,-0.064,-0.446,0.101,0.093,0.008,-0.644,0.009,-0.653,-0.19,-0.14,-0.046,0.067,0.13,0.13,-0.901,-0.771,0.0,0.067,0.048,0.019,0.067,0.048,0.019,-0.593,-0.14,-0.494,-0.058,-0.436,-0.052,0.037,-0.089,-0.297,-0.035,-0.262,-0.087,0.009,-0.096,-0.024,-0.023,0.001,-0.118,-0.114,-0.114,-0.636,-0.75,0.0,-0.118,-0.131,0.013,-0.118,-0.131,0.013,-0.397,-0.047,-1.272,0.217,-1.489,-0.562,-0.027,-0.535,-0.196,0.058,-0.254,-0.731,0.018,-0.749,-0.214,-0.163,-0.044,-0.051,0.017,0.017,-1.521,0.0,-0.051,-0.082,0.031,-0.051,-0.082,0.031,-0.991,-0.187,-0.771,-0.75,-1.521,253,126,127
203088,Kendall Marshall,2017,1.974,-0.074,2.048,1.159,0.281,0.878,0.431,0.213,0.218,0.458,0.025,0.433,-0.219,-0.241,0.026,-0.604,-1.305,-1.305,1.151,-0.154,0.0,-0.604,-0.707,0.103,-0.604,-0.707,0.103,3.76,1.404,-1.491,0.317,-1.808,-1.077,0.002,-1.079,-0.346,0.075,-0.421,-0.385,-0.008,-0.377,0.575,0.555,0.021,-0.215,-0.24,-0.24,-1.131,-1.371,0.0,-0.215,0.207,-0.422,-0.215,0.207,-0.422,-0.372,-0.185,0.481,0.243,0.238,0.081,0.283,-0.202,0.084,0.287,-0.203,0.073,0.017,0.056,0.356,0.314,0.047,-0.819,-1.545,-1.545,-1.525,0.001,-0.819,-0.5,-0.319,-0.819,-0.5,-0.319,3.387,1.219,-0.154,-1.371,-1.524,12423,6228,6195
1497,Chauncey Billups,2017,1.173,-0.123,1.296,0.491,-0.017,0.508,0.888,0.425,0.463,-0.083,0.167,-0.25,0.259,-0.211,0.478,-0.487,-0.804,-0.804,0.945,0.141,0.0,-0.487,0.176,-0.663,-0.487,0.176,-0.663,0.134,0.105,-0.992,-0.181,-0.811,-0.346,-0.035,-0.311,-0.272,-0.009,-0.263,-0.193,0.009,-0.202,-0.065,0.035,-0.099,-0.124,-0.488,-0.488,-1.181,-1.669,0.0,-0.124,-0.072,-0.052,-0.124,-0.072,-0.052,-0.593,-0.25,0.18,-0.304,0.484,0.145,-0.052,0.197,0.615,0.416,0.199,-0.276,0.176,-0.452,0.193,-0.176,0.379,-0.611,-1.292,-1.292,-1.528,0.0,-0.611,0.104,-0.715,-0.611,0.104,-0.715,-0.46,-0.145,0.141,-1.669,-1.528,3147,1577,1570
2501,Reggie Evans,2017,-1.959,0.088,-2.047,-0.898,-0.369,-0.529,-0.876,-0.401,-0.475,-0.273,-0.064,-0.209,-0.433,0.187,-0.616,-0.537,1.767,1.767,-2.929,-1.162,0.0,-0.537,0.035,-0.572,-0.537,0.035,-0.572,-2.399,-0.651,-1.656,-0.215,-1.441,-1.2,-0.043,-1.157,-0.251,0.147,-0.398,0.01,0.002,0.008,0.473,0.418,0.053,-0.409,1.221,1.221,-1.592,-0.371,-0.0,-0.409,-0.117,-0.292,-0.409,-0.117,-0.292,-1.167,-0.365,-3.614,-0.127,-3.487,-2.098,-0.412,-1.686,-1.127,-0.254,-0.873,-0.262,-0.061,-0.201,0.04,0.605,-0.563,-0.946,2.988,2.988,-1.533,-0.0,-0.946,-0.083,-0.863,-0.946,-0.083,-0.863,-3.566,-1.016,-1.162,-0.371,-1.533,14169,7089,7080
203565,Patrick Christopher,2017,-0.244,0.166,-0.41,-0.293,-0.139,-0.154,0.092,-0.012,0.104,-0.209,-0.017,-0.192,-0.154,-0.15,0.001,-0.188,-0.492,-0.492,-0.586,-1.078,0.0,-0.188,-0.074,-0.114,-0.188,-0.074,-0.114,-0.624,-0.34,-0.45,-0.103,-0.347,-0.034,0.073,-0.107,-0.073,-0.05,-0.023,-0.24,-0.005,-0.235,-0.078,-0.076,-0.0,-0.091,0.163,0.163,-0.619,-0.456,-0.0,-0.091,-0.007,-0.084,-0.091,-0.007,-0.084,-0.352,0.004,-0.692,0.063,-0.755,-0.327,-0.066,-0.261,0.02,-0.061,0.081,-0.448,-0.022,-0.426,-0.233,-0.226,0.001,-0.279,-0.329,-0.329,-1.534,0.0,-0.279,-0.081,-0.198,-0.279,-0.081,-0.198,-0.977,-0.336,-1.078,-0.456,-1.534,111,54,57
204037,Travis Wear,2017,-0.907,0.082,-0.989,-0.403,-0.276,-0.127,-0.574,-0.189,-0.385,-0.012,-0.061,0.049,0.087,0.092,-0.002,-0.234,-0.481,-0.481,-1.054,-1.535,0.0,-0.234,-0.117,-0.117,-0.234,-0.117,-0.117,-1.819,-0.461,-0.379,-0.197,-0.182,0.486,-0.079,0.565,-0.188,-0.148,-0.04,-0.48,-0.006,-0.474,-0.134,-0.158,0.025,0.194,0.318,0.318,-0.319,-0.001,0.0,0.194,0.167,0.027,0.194,0.167,0.027,0.617,0.158,-1.285,-0.115,-1.17,0.084,-0.355,0.439,-0.762,-0.337,-0.425,-0.492,-0.067,-0.425,-0.047,-0.067,0.024,-0.041,-0.164,-0.164,-1.536,0.001,-0.041,0.05,-0.091,-0.041,0.05,-0.091,-1.202,-0.304,-1.535,-0.001,-1.535,2494,1243,1251
2404,Chris Wilcox,2017,-0.387,0.014,-0.401,-0.105,0.107,-0.212,-0.026,-0.205,0.179,-0.27,-0.079,-0.191,-0.353,-0.253,-0.093,-0.739,0.394,0.394,-1.479,-1.085,0.0,-0.739,-0.655,-0.084,-0.739,-0.655,-0.084,-0.885,0.516,0.368,-0.032,0.4,0.565,-0.165,0.73,-0.396,-0.141,-0.255,0.231,0.018,0.213,-0.351,-0.407,0.054,-0.32,-0.154,-0.154,-0.303,-0.457,-0.0,-0.32,0.154,-0.474,-0.32,0.154,-0.474,0.682,-0.232,-0.019,-0.018,-0.001,0.46,-0.058,0.518,-0.421,-0.346,-0.075,-0.04,-0.061,0.021,-0.704,-0.66,-0.039,-1.06,0.24,0.24,-1.542,-0.001,-1.06,-0.5,-0.56,-1.06,-0.5,-0.56,-0.203,0.283,-1.085,-0.457,-1.543,3323,1653,1670
1626273,Marcelo Huertas,2017,-0.201,-0.311,0.11,-0.05,0.063,-0.113,0.256,0.015,0.241,-0.096,-0.031,-0.065,-0.406,-0.413,0.008,-0.47,-0.192,-0.192,-1.077,-1.269,0.0,-0.47,-0.51,0.04,-0.47,-0.51,0.04,0.906,0.578,-0.057,0.035,-0.092,-0.137,-0.053,-0.084,-0.219,-0.15,-0.069,0.264,-0.009,0.273,-0.043,-0.106,0.066,-0.028,-0.159,-0.159,-0.128,-0.287,0.0,-0.028,0.111,-0.139,-0.028,0.111,-0.139,-0.074,-0.478,-0.258,-0.276,0.018,-0.187,0.01,-0.197,0.037,-0.135,0.172,0.168,-0.04,0.208,-0.448,-0.519,0.074,-0.498,-0.351,-0.351,-1.556,0.0,-0.498,-0.399,-0.099,-0.498,-0.399,-0.099,0.831,0.1,-1.269,-0.287,-1.556,4260,2126,2134
202779,Dwight Buycks,2017,-0.698,0.484,-1.182,-0.663,-0.01,-0.653,-0.213,0.111,-0.324,-0.306,0.025,-0.331,0.175,0.077,0.105,-0.353,0.099,0.099,-0.876,-0.777,-0.0,-0.353,-0.111,-0.242,-0.353,-0.111,-0.242,-1.374,-0.323,-0.711,-0.184,-0.527,0.052,-0.107,0.159,-0.569,-0.124,-0.445,-0.01,-0.009,-0.001,0.033,0.005,0.03,-0.174,0.058,0.058,-0.852,-0.794,-0.0,-0.174,-0.084,-0.09,-0.174,-0.084,-0.09,-0.438,-0.278,-1.411,0.3,-1.711,-0.611,-0.117,-0.494,-0.783,-0.013,-0.77,-0.317,0.016,-0.333,0.208,0.082,0.135,-0.527,0.157,0.157,-1.571,-0.0,-0.527,-0.195,-0.332,-0.527,-0.195,-0.332,-1.812,-0.601,-0.777,-0.794,-1.571,1008,504,504
1740,Rashard Lewis,2017,0.846,-0.237,1.083,0.367,-0.046,0.413,1.173,0.522,0.651,-0.457,0.215,-0.672,-0.601,-0.365,-0.233,-1.17,-0.753,-0.753,-0.925,-1.678,0.0,-1.17,-0.732,-0.438,-1.17,-0.732,-0.438,-0.916,-0.609,-0.337,0.024,-0.361,-0.13,-0.156,0.026,0.519,-0.241,0.76,-0.75,-0.077,-0.673,0.124,0.117,0.007,0.385,-0.066,-0.066,0.172,0.106,0.0,0.385,0.412,-0.027,0.385,0.412,-0.027,0.233,0.191,0.509,-0.213,0.722,0.237,-0.202,0.439,1.692,0.281,1.411,-1.207,0.138,-1.345,-0.477,-0.248,-0.225,-0.785,-0.819,-0.819,-1.572,0.0,-0.785,-0.319,-0.466,-0.785,-0.319,-0.466,-0.683,-0.418,-1.678,0.106,-1.572,7854,3934,3920
1627849,Daniel Ochefu,2017,-0.15,0.078,-0.228,-0.129,-0.066,-0.063,-0.049,0.111,-0.16,-0.05,-0.005,-0.045,-0.161,-0.026,-0.132,-0.029,-0.403,-0.403,-0.34,-0.743,0.0,-0.029,0.106,-0.135,-0.029,0.106,-0.135,-0.663,-0.026,-0.66,-0.066,-0.594,-0.177,0.042,-0.219,-0.181,-0.081,-0.1,-0.236,0.004,-0.24,-0.109,-0.183,0.075,0.028,-0.094,-0.094,-0.741,-0.835,0.0,0.028,-0.019,0.047,0.028,-0.019,0.047,-0.153,-0.105,-0.81,0.012,-0.822,-0.306,-0.024,-0.282,-0.23,0.03,-0.26,-0.286,-0.001,-0.285,-0.271,-0.21,-0.057,-0.001,-0.497,-0.497,-1.578,0.0,-0.001,0.087,-0.088,-0.001,0.087,-0.088,-0.816,-0.131,-0.743,-0.835,-1.578,307,154,153
1627745,Damian Jones,2017,-0.405,0.219,-0.624,-0.289,-0.093,-0.196,-0.393,-0.055,-0.338,0.058,-0.019,0.077,-0.195,-0.116,-0.074,-0.191,-0.253,-0.253,-0.791,-1.044,0.0,-0.191,-0.047,-0.144,-0.191,-0.047,-0.144,-1.278,-0.385,-0.883,-0.107,-0.776,-0.008,0.048,-0.056,-0.384,-0.082,-0.302,-0.384,-0.007,-0.377,-0.072,-0.092,0.022,0.173,0.248,0.248,-0.782,-0.534,0.0,0.173,0.196,-0.023,0.173,0.196,-0.023,-0.681,0.022,-1.287,0.112,-1.399,-0.297,-0.045,-0.252,-0.777,-0.137,-0.64,-0.325,-0.025,-0.3,-0.267,-0.208,-0.051,-0.018,-0.005,-0.005,-1.578,0.0,-0.018,0.15,-0.168,-0.018,0.15,-0.168,-1.959,-0.363,-1.044,-0.534,-1.578,413,203,210
201601,Luc Mbah a Moute,2017,-2.397,0.237,-2.634,-1.175,0.103,-1.278,-1.553,-0.047,-1.506,0.094,-0.011,0.105,-0.656,-0.269,-0.389,-0.754,0.312,0.312,-3.807,-3.495,0.0,-0.754,-0.764,0.01,-0.754,-0.764,0.01,-0.863,-0.329,1.324,0.083,1.241,0.049,0.009,0.04,1.017,0.227,0.79,0.175,0.004,0.171,0.686,0.714,-0.027,0.006,-0.1,-0.1,2.016,1.916,0.0,0.006,-0.036,0.042,0.006,-0.036,0.042,-0.029,0.158,-1.073,0.32,-1.393,-1.126,0.112,-1.238,-0.535,0.18,-0.715,0.268,-0.008,0.276,0.03,0.445,-0.416,-0.748,0.212,0.212,-1.579,0.0,-0.748,-0.8,0.052,-0.748,-0.8,0.052,-0.891,-0.171,-3.495,1.916,-1.579,29791,14793,14998
203955,Bryce Cotton,2017,-0.739,0.162,-0.901,0.001,-0.233,0.234,-0.492,-0.054,-0.438,-0.41,-0.034,-0.376,0.185,0.401,-0.213,0.03,-0.139,-0.139,-0.524,-0.663,0.0,0.03,-0.21,0.24,0.03,-0.21,0.24,-1.084,-0.193,-0.882,-0.054,-0.828,-0.302,0.02,-0.322,-0.575,-0.065,-0.51,0.049,0.007,0.042,-0.118,-0.183,0.067,0.039,0.041,0.041,-0.961,-0.92,-0.0,0.039,0.111,-0.072,0.039,0.111,-0.072,-0.458,-0.116,-1.62,0.108,-1.728,-0.301,-0.213,-0.088,-1.066,-0.119,-0.947,-0.361,-0.027,-0.334,0.068,0.219,-0.146,0.069,-0.098,-0.098,-1.583,0.001,0.069,-0.099,0.168,0.069,-0.099,0.168,-1.542,-0.309,-0.663,-0.92,-1.582,786,392,394
201975,Jodie Meeks,2017,0.544,-0.095,0.639,-0.433,-0.079,-0.354,1.033,0.413,0.62,0.039,0.212,-0.173,0.282,-0.184,0.468,0.314,-0.662,-0.662,1.14,0.478,-0.0,0.314,0.129,0.185,0.314,0.129,0.185,2.552,-0.3,-1.064,0.195,-1.259,-0.898,-0.382,-0.516,0.229,-0.203,0.432,-0.59,0.039,-0.629,0.019,0.054,-0.038,-0.012,-1.006,-1.006,-1.057,-2.063,0.0,-0.012,0.213,-0.225,-0.012,0.213,-0.225,-2.527,-1.128,-0.521,0.1,-0.621,-1.33,-0.46,-0.87,1.261,0.209,1.052,-0.552,0.25,-0.802,0.302,-0.13,0.43,0.303,-1.668,-1.668,-1.585,0.001,0.303,0.342,-0.039,0.303,0.342,-0.039,0.025,-1.428,0.478,-2.063,-1.584,25631,12812,12819
200770,Jordan Farmar,2017,1.563,0.523,1.04,-1.263,-0.069,-1.194,0.349,0.278,0.071,1.954,0.235,1.719,-0.574,-0.741,0.169,-0.326,-0.173,-0.173,0.663,0.49,-0.0,-0.326,-0.363,0.037,-0.326,-0.363,0.037,1.974,-0.563,-2.01,-0.532,-1.478,-0.611,-0.063,-0.548,-0.361,-0.125,-0.236,-0.506,-0.02,-0.486,-0.375,-0.334,-0.041,0.157,0.138,0.138,-2.228,-2.09,0.0,0.157,-0.226,0.383,0.157,-0.226,0.383,-3.051,-0.89,-0.446,-0.009,-0.437,-1.873,-0.132,-1.741,-0.013,0.152,-0.165,1.449,0.215,1.234,-0.95,-1.075,0.128,-0.169,-0.035,-0.035,-1.6,-0.0,-0.169,-0.589,0.42,-0.169,-0.589,0.42,-1.078,-1.453,0.49,-2.09,-1.6,7330,3667,3663
1626192,Pat Connaughton,2017,-0.316,-0.149,-0.167,0.106,-0.077,0.183,-0.107,0.189,-0.296,-0.166,0.031,-0.197,0.297,-0.004,0.309,-0.677,-0.413,-0.413,-0.696,-1.109,0.0,-0.677,-0.368,-0.309,-0.677,-0.368,-0.309,-0.196,-0.255,0.007,-0.042,0.049,0.371,0.119,0.252,-0.245,-0.026,-0.219,-0.077,-0.002,-0.075,-0.237,-0.188,-0.047,-0.537,0.257,0.257,-0.767,-0.51,0.0,-0.537,-0.47,-0.067,-0.537,-0.47,-0.067,0.53,0.238,-0.31,-0.191,-0.119,0.477,0.042,0.435,-0.352,0.163,-0.515,-0.244,0.029,-0.273,0.061,-0.192,0.262,-1.214,-0.157,-0.157,-1.619,0.0,-1.214,-0.838,-0.376,-1.214,-0.838,-0.376,0.334,-0.017,-1.109,-0.51,-1.619,1896,957,939
1627861,Mike Tobey,2017,-0.696,0.253,-0.949,-0.407,-0.165,-0.242,0.038,0.019,0.019,-0.58,0.003,-0.583,-0.13,-0.091,-0.034,-0.157,-0.298,-0.298,-0.983,-1.281,0.0,-0.157,-0.095,-0.062,-0.157,-0.095,-0.062,-1.02,-0.272,-0.324,-0.108,-0.216,0.003,0.048,-0.045,-0.078,-0.085,0.007,-0.141,-0.004,-0.137,-0.093,-0.095,0.004,-0.125,0.192,0.192,-0.542,-0.35,0.0,-0.125,-0.061,-0.064,-0.125,-0.061,-0.064,-0.185,-0.016,-1.019,0.145,-1.164,-0.404,-0.117,-0.287,-0.039,-0.066,0.027,-0.721,-0.001,-0.72,-0.223,-0.186,-0.03,-0.282,-0.107,-0.107,-1.631,0.0,-0.282,-0.156,-0.126,-0.282,-0.156,-0.126,-1.205,-0.288,-1.281,-0.35,-1.631,92,46,46
201628,Bobby Brown,2017,-0.601,0.267,-0.868,-0.265,-0.143,-0.122,-0.318,0.075,-0.393,-0.285,0.041,-0.326,-0.305,-0.351,0.052,-0.013,0.211,0.211,-0.919,-0.708,0.0,-0.013,0.135,-0.148,-0.013,0.135,-0.148,-0.146,-0.358,-0.367,-0.013,-0.354,-0.198,0.001,-0.199,-0.189,-0.123,-0.066,0.033,0.014,0.019,-0.218,-0.275,0.058,-0.298,-0.04,-0.04,-0.883,-0.923,0.0,-0.298,-0.096,-0.202,-0.298,-0.096,-0.202,-0.196,-0.115,-0.968,0.254,-1.222,-0.463,-0.142,-0.321,-0.507,-0.048,-0.459,-0.252,0.055,-0.307,-0.523,-0.626,0.11,-0.311,0.171,0.171,-1.631,0.0,-0.311,0.039,-0.35,-0.311,0.039,-0.35,-0.342,-0.473,-0.708,-0.923,-1.631,578,286,292
203124,Kyle O'Quinn,2017,-0.672,-0.066,-0.606,0.199,0.283,-0.084,-0.284,-0.387,0.103,-0.521,-0.153,-0.368,-0.798,-0.795,-0.004,-0.452,0.294,0.294,-1.922,-1.628,0.0,-0.452,-0.174,-0.278,-0.452,-0.174,-0.278,0.979,0.852,1.502,0.352,1.15,0.639,0.313,0.326,0.529,0.083,0.446,-0.018,-0.003,-0.015,-0.235,-0.271,0.036,-0.53,-0.742,-0.742,0.737,-0.005,0.0,-0.53,0.112,-0.642,-0.53,0.112,-0.642,0.549,0.451,0.83,0.286,0.544,0.838,0.596,0.242,0.246,-0.304,0.55,-0.54,-0.157,-0.383,-1.033,-1.066,0.033,-0.982,-0.448,-0.448,-1.633,0.0,-0.982,-0.061,-0.921,-0.982,-0.061,-0.921,1.528,1.303,-1.628,-0.005,-1.633,17774,8890,8884
1626167,Myles Turner,2017,-0.411,0.219,-0.63,-0.144,-0.37,0.226,0.318,-0.722,1.04,-0.804,-0.138,-0.666,-0.117,-0.531,0.412,-0.623,-1.024,-1.024,-1.151,-2.175,0.0,-0.623,-0.178,-0.445,-0.623,-0.178,-0.445,1.702,-0.244,1.15,-0.075,1.225,0.918,-0.012,0.93,-0.019,-0.109,0.09,0.326,-0.013,0.339,0.165,0.283,-0.115,-0.381,-0.396,-0.396,0.934,0.538,0.0,-0.381,-0.358,-0.023,-0.381,-0.358,-0.023,0.231,0.381,0.737,0.144,0.593,0.773,-0.382,1.155,0.298,-0.832,1.13,-0.478,-0.151,-0.327,0.048,-0.248,0.297,-1.004,-1.419,-1.419,-1.637,0.0,-1.004,-0.536,-0.468,-1.004,-0.536,-0.468,1.933,0.137,-2.175,0.538,-1.637,16708,8363,8345
202724,Charles Jenkins,2017,-2.006,-0.175,-1.831,-0.138,-0.373,0.235,-0.832,-0.518,-0.314,-0.861,-0.167,-0.694,-0.068,0.148,-0.21,0.239,-0.192,-0.192,-1.835,-2.027,0.0,0.239,0.158,0.081,0.239,0.158,0.081,-1.695,-0.503,0.635,0.173,0.462,0.126,0.013,0.113,-0.06,-0.071,0.011,0.396,-0.006,0.402,0.028,0.006,0.023,-0.121,-0.151,-0.151,0.542,0.391,0.0,-0.121,-0.005,-0.116,-0.121,-0.005,-0.116,0.275,-0.159,-1.372,-0.002,-1.37,-0.013,-0.36,0.347,-0.892,-0.589,-0.303,-0.465,-0.173,-0.292,-0.041,0.153,-0.188,0.117,-0.343,-0.343,-1.636,-0.001,0.117,0.153,-0.036,0.117,0.153,-0.036,-1.42,-0.662,-2.027,0.391,-1.637,1682,828,854
202351,Lazar Hayward,2017,-0.446,0.086,-0.532,-0.106,-0.156,0.05,-0.332,0.054,-0.386,-0.094,0.001,-0.095,-0.054,-0.093,0.046,-0.217,-0.459,-0.459,-0.717,-1.176,0.0,-0.217,-0.115,-0.102,-0.217,-0.115,-0.102,-0.583,-0.178,-0.274,-0.083,-0.191,-0.116,0.041,-0.157,-0.121,-0.089,-0.032,0.046,-0.006,0.052,-0.089,-0.077,-0.009,-0.033,-0.069,-0.069,-0.396,-0.465,0.0,-0.033,-0.064,0.031,-0.033,-0.064,0.031,-0.102,-0.069,-0.721,0.003,-0.724,-0.222,-0.115,-0.107,-0.453,-0.035,-0.418,-0.049,-0.006,-0.043,-0.142,-0.17,0.037,-0.249,-0.528,-0.528,-1.641,0.001,-0.249,-0.179,-0.07,-0.249,-0.179,-0.07,-0.685,-0.247,-1.176,-0.465,-1.64,131,64,67
203539,Gal Mekel,2017,0.132,0.395,-0.263,-0.26,-0.094,-0.166,-0.617,-0.056,-0.561,0.614,0.015,0.599,-0.254,-0.175,-0.075,-0.499,-0.343,-0.343,-0.621,-0.964,0.0,-0.499,-0.185,-0.314,-0.499,-0.185,-0.314,1.033,-0.102,-0.703,-0.075,-0.628,-0.027,0.067,-0.094,-0.17,-0.081,-0.089,-0.431,-0.013,-0.418,-0.1,-0.129,0.031,0.122,0.005,0.005,-0.681,-0.676,-0.0,0.122,0.224,-0.102,0.122,0.224,-0.102,-0.788,-0.002,-0.573,0.32,-0.893,-0.288,-0.028,-0.26,-0.788,-0.137,-0.651,0.183,0.002,0.181,-0.354,-0.304,-0.045,-0.376,-0.338,-0.338,-1.64,0.0,-0.376,0.039,-0.415,-0.376,0.039,-0.415,0.245,-0.104,-0.964,-0.676,-1.64,1305,655,650
202701,Nolan Smith,2017,-1.938,-0.163,-1.775,-0.267,-0.174,-0.093,-0.702,-0.034,-0.668,-0.806,-0.044,-0.762,0.3,0.388,-0.08,-0.193,-0.516,-0.516,-1.831,-2.347,0.0,-0.193,0.119,-0.312,-0.193,0.119,-0.312,-2.509,-0.433,0.478,0.168,0.31,0.301,0.01,0.291,0.067,-0.122,0.189,-0.058,-0.005,-0.053,-0.065,-0.126,0.061,0.144,0.149,0.149,0.557,0.706,0.0,0.144,-0.03,0.174,0.144,-0.03,0.174,0.44,0.122,-1.461,0.005,-1.466,0.034,-0.164,0.198,-0.636,-0.156,-0.48,-0.864,-0.049,-0.815,0.235,0.262,-0.019,-0.049,-0.367,-0.367,-1.641,0.0,-0.049,0.089,-0.138,-0.049,0.089,-0.138,-2.07,-0.31,-2.347,0.706,-1.641,1110,549,561
201155,Rodney Stuckey,2017,-0.891,-0.132,-0.759,-0.059,0.259,-0.318,-0.489,-0.129,-0.36,-0.211,-0.159,-0.052,0.402,0.469,-0.065,0.145,-0.136,-0.136,-0.344,-0.48,0.0,0.145,-0.032,0.177,0.145,-0.032,0.177,-2.722,-0.033,0.099,0.076,0.023,-0.114,0.006,-0.12,-0.002,-0.052,0.05,0.139,-0.021,0.16,-0.072,-0.074,0.002,-0.333,-0.863,-0.863,-0.306,-1.169,0.0,-0.333,-0.164,-0.169,-0.333,-0.164,-0.169,0.734,-0.095,-0.791,-0.056,-0.735,-0.173,0.265,-0.438,-0.49,-0.181,-0.309,-0.072,-0.18,0.108,0.33,0.395,-0.063,-0.188,-0.999,-0.999,-1.649,0.001,-0.188,-0.197,0.009,-0.188,-0.197,0.009,-1.988,-0.128,-0.48,-1.169,-1.648,31005,15506,15499
1626161,Willie Cauley-Stein,2017,-0.279,0.282,-0.561,0.415,-0.027,0.442,-0.911,-0.505,-0.406,-0.065,-0.172,0.107,-0.233,0.14,-0.374,0.036,0.245,0.245,-0.476,-0.231,0.0,0.036,-0.369,0.405,0.036,-0.369,0.405,0.373,1.041,-1.157,-0.528,-0.629,-0.396,0.206,-0.602,-0.227,-0.032,-0.195,-0.006,-0.101,0.095,0.277,0.248,0.031,0.123,-0.668,-0.668,-0.757,-1.425,0.0,0.123,0.029,0.094,0.123,0.029,0.094,-3.152,-0.332,-1.436,-0.246,-1.19,0.018,0.178,-0.16,-1.137,-0.537,-0.6,-0.071,-0.273,0.202,0.044,0.388,-0.342,0.159,-0.423,-0.423,-1.656,-0.001,0.159,-0.34,0.499,0.159,-0.34,0.499,-2.78,0.708,-0.231,-1.425,-1.657,11222,5586,5636
204054,Zoran Dragic,2017,-0.712,0.059,-0.771,-0.007,-0.14,0.133,-0.294,0.095,-0.389,-0.47,0.026,-0.496,-0.164,-0.186,0.028,0.015,-0.104,-0.104,-0.861,-0.965,0.0,0.015,-0.026,0.041,0.015,-0.026,0.041,-0.538,-0.137,-0.559,-0.048,-0.511,-0.344,0.07,-0.414,-0.179,-0.066,-0.113,0.012,-0.009,0.021,-0.087,-0.046,-0.038,-0.056,0.009,0.009,-0.702,-0.693,0.0,-0.056,-0.098,0.042,-0.056,-0.098,0.042,-0.252,-0.106,-1.271,0.011,-1.282,-0.352,-0.071,-0.281,-0.473,0.029,-0.502,-0.457,0.017,-0.474,-0.251,-0.232,-0.01,-0.041,-0.096,-0.096,-1.658,0.0,-0.041,-0.124,0.083,-0.041,-0.124,0.083,-0.789,-0.243,-0.965,-0.693,-1.658,293,149,144
1627781,Malachi Richardson,2017,-0.668,0.012,-0.68,0.216,-0.194,0.41,-0.374,0.036,-0.41,-0.522,0.003,-0.525,-0.066,-0.079,0.018,-0.477,-0.305,-0.305,-1.211,-1.516,-0.0,-0.477,-0.329,-0.148,-0.477,-0.329,-0.148,0.304,0.157,-0.187,-0.159,-0.028,-0.113,0.101,-0.214,-0.089,-0.021,-0.068,0.174,-0.013,0.187,0.004,-0.012,0.017,-0.252,0.289,0.289,-0.435,-0.146,0.0,-0.252,-0.058,-0.194,-0.252,-0.058,-0.194,-0.231,0.072,-0.853,-0.147,-0.706,0.104,-0.093,0.197,-0.461,0.016,-0.477,-0.349,-0.01,-0.339,-0.062,-0.091,0.036,-0.729,-0.016,-0.016,-1.662,0.0,-0.729,-0.387,-0.342,-0.729,-0.387,-0.342,0.074,0.228,-1.516,-0.146,-1.662,772,381,391
203117,Doron Lamb,2017,-0.383,-0.099,-0.284,-0.558,-0.163,-0.395,-0.052,-0.277,0.225,0.326,-0.072,0.398,-0.247,-0.167,-0.075,-0.055,-0.407,-0.407,-0.685,-1.092,0.0,-0.055,0.011,-0.066,-0.055,0.011,-0.066,-0.497,-0.508,-0.592,0.194,-0.786,-0.104,-0.013,-0.091,-0.611,-0.077,-0.534,-0.071,0.021,-0.092,-0.212,-0.145,-0.066,0.189,0.041,0.041,-0.615,-0.574,0.0,0.189,0.365,-0.176,0.189,0.365,-0.176,-0.736,-0.333,-0.975,0.095,-1.07,-0.662,-0.176,-0.486,-0.663,-0.354,-0.309,0.255,-0.051,0.306,-0.459,-0.311,-0.141,0.134,-0.365,-0.365,-1.666,-0.001,0.134,0.376,-0.242,0.134,0.376,-0.242,-1.233,-0.841,-1.092,-0.574,-1.667,4830,2426,2404
202713,Kyle Singler,2017,-2.284,-0.172,-2.112,-0.127,0.241,-0.368,-1.214,0.243,-1.457,-0.771,0.009,-0.78,0.291,0.141,0.153,-0.095,0.718,0.718,-2.088,-1.37,0.0,-0.095,0.176,-0.271,-0.095,0.176,-0.271,-1.316,0.281,0.3,-0.173,0.473,0.156,0.028,0.128,-0.167,0.011,-0.178,0.484,-0.025,0.509,-0.149,-0.038,-0.114,-0.32,-0.135,-0.135,-0.169,-0.304,0.0,-0.32,-0.005,-0.315,-0.32,-0.005,-0.315,-0.288,0.062,-1.983,-0.345,-1.638,0.029,0.269,-0.24,-1.381,0.254,-1.635,-0.286,-0.015,-0.271,0.142,0.103,0.039,-0.415,0.584,0.584,-1.674,0.0,-0.415,0.171,-0.586,-0.415,0.171,-0.586,-1.604,0.343,-1.37,-0.304,-1.674,29970,14959,15011
1627868,Patricio Garino,2017,-0.725,0.118,-0.843,-0.223,-0.2,-0.023,-0.225,-0.015,-0.21,-0.395,0.0,-0.395,-0.177,-0.157,-0.014,-0.087,-0.061,-0.061,-0.989,-1.05,-0.0,-0.087,-0.199,0.112,-0.087,-0.199,0.112,-0.438,-0.333,-0.333,-0.078,-0.255,-0.056,0.082,-0.138,-0.254,-0.068,-0.186,0.055,-0.012,0.067,-0.1,-0.063,-0.034,-0.162,-0.029,-0.029,-0.595,-0.624,0.0,-0.162,-0.036,-0.126,-0.162,-0.036,-0.126,-0.217,0.052,-1.056,0.04,-1.096,-0.279,-0.118,-0.161,-0.477,-0.082,-0.395,-0.34,-0.012,-0.328,-0.276,-0.221,-0.048,-0.249,-0.09,-0.09,-1.674,-0.001,-0.249,-0.235,-0.014,-0.249,-0.235,-0.014,-0.654,-0.28,-1.05,-0.624,-1.675,166,84,82
203946,Cameron Bairstow,2017,-0.489,0.169,-0.658,-0.283,-0.103,-0.18,-0.26,-0.155,-0.105,-0.115,-0.075,-0.04,-0.019,-0.129,0.118,-0.074,-0.554,-0.554,-0.582,-1.136,0.0,-0.074,0.014,-0.088,-0.074,0.014,-0.088,-1.189,-0.246,-0.361,-0.151,-0.21,0.209,0.067,0.142,-0.298,-0.075,-0.223,-0.121,-0.006,-0.115,-0.108,-0.216,0.108,-0.152,0.081,0.081,-0.621,-0.54,0.0,-0.152,-0.078,-0.074,-0.152,-0.078,-0.074,0.066,0.037,-0.851,0.018,-0.869,-0.074,-0.036,-0.038,-0.558,-0.23,-0.328,-0.237,-0.082,-0.155,-0.127,-0.345,0.225,-0.227,-0.473,-0.473,-1.676,0.0,-0.227,-0.064,-0.163,-0.227,-0.064,-0.163,-1.123,-0.209,-1.136,-0.54,-1.676,655,327,328
1626151,Aaron Harrison,2017,0.494,0.239,0.255,-0.492,-0.1,-0.392,0.18,0.069,0.111,0.567,-0.025,0.592,-0.189,0.192,-0.383,-0.356,-1.04,-1.04,-0.051,-1.091,0.0,-0.356,-0.128,-0.228,-0.356,-0.128,-0.228,-0.256,-0.266,-0.461,-0.078,-0.383,-0.288,-0.031,-0.257,-0.078,-0.147,0.069,-0.017,-0.002,-0.015,-0.196,-0.151,-0.042,-0.13,0.199,0.199,-0.787,-0.588,0.0,-0.13,-0.126,-0.004,-0.13,-0.126,-0.004,0.299,-0.066,0.033,0.161,-0.128,-0.78,-0.131,-0.649,0.101,-0.079,0.18,0.551,-0.027,0.578,-0.385,0.041,-0.425,-0.487,-0.84,-0.84,-1.679,0.0,-0.487,-0.253,-0.234,-0.487,-0.253,-0.234,0.043,-0.333,-1.091,-0.588,-1.679,479,240,239
203495,Ricky Ledo,2017,-0.869,0.118,-0.987,-0.471,-0.143,-0.328,-0.538,0.199,-0.737,0.022,0.041,-0.019,0.062,0.197,-0.131,-0.313,0.128,0.128,-1.12,-0.992,-0.0,-0.313,-0.055,-0.258,-0.313,-0.055,-0.258,-0.548,-0.425,-0.569,-0.091,-0.478,-0.182,-0.004,-0.178,-0.181,-0.021,-0.16,-0.115,0.024,-0.139,-0.201,-0.091,-0.107,-0.122,0.204,0.204,-0.892,-0.688,0.0,-0.122,-0.043,-0.079,-0.122,-0.043,-0.079,-0.257,-0.163,-1.437,0.027,-1.464,-0.652,-0.146,-0.506,-0.719,0.178,-0.897,-0.093,0.065,-0.158,-0.138,0.106,-0.238,-0.434,0.332,0.332,-1.68,0.0,-0.434,-0.098,-0.336,-0.434,-0.098,-0.336,-0.805,-0.588,-0.992,-0.688,-1.68,1059,531,528
2742,Sebastian Telfair,2017,-2.404,0.02,-2.424,-0.419,-0.1,-0.319,-1.678,0.222,-1.9,-0.327,0.098,-0.425,0.361,0.303,0.065,0.046,-0.627,-0.627,-1.997,-2.624,0.0,0.046,-0.11,0.156,0.046,-0.11,0.156,-2.357,-0.179,1.203,0.173,1.03,-0.242,0.071,-0.313,0.655,-0.057,0.712,0.617,0.028,0.589,-0.494,-0.538,0.043,0.623,-0.398,-0.398,1.332,0.934,0.0,0.623,-0.128,0.751,0.623,-0.128,0.751,1.833,0.176,-1.2,0.193,-1.393,-0.66,-0.028,-0.632,-1.024,0.165,-1.189,0.291,0.126,0.165,-0.133,-0.235,0.107,0.669,-1.025,-1.025,-1.69,0.0,0.669,-0.237,0.906,0.669,-0.237,0.906,-0.523,-0.003,-2.624,0.934,-1.69,4905,2456,2449
202350,Daniel Orton,2017,-0.83,-0.298,-0.532,-0.018,-0.215,0.197,0.347,0.102,0.245,-0.861,-0.005,-0.856,0.217,0.261,-0.038,-0.526,-0.457,-0.457,-1.139,-1.596,0.0,-0.526,0.009,-0.535,-0.526,0.009,-0.535,-1.81,-0.469,-0.667,-0.332,-0.335,-0.065,-0.012,-0.053,-0.407,-0.11,-0.297,0.137,-0.023,0.16,-0.05,-0.16,0.111,-0.061,0.682,0.682,-0.778,-0.096,-0.0,-0.061,0.005,-0.066,-0.061,0.005,-0.066,0.314,0.079,-1.494,-0.63,-0.864,-0.082,-0.226,0.144,-0.059,-0.007,-0.052,-0.723,-0.028,-0.695,0.168,0.1,0.074,-0.587,0.225,0.225,-1.692,0.0,-0.587,0.014,-0.601,-0.587,0.014,-0.601,-1.496,-0.39,-1.596,-0.096,-1.692,1421,710,711
2581,Steve Blake,2017,-1.063,0.084,-1.147,-0.183,-0.186,0.003,-0.948,0.308,-1.256,-0.016,0.208,-0.224,-0.341,-0.159,-0.183,-0.058,0.009,0.009,-1.462,-1.453,0.0,-0.058,-0.303,0.245,-0.058,-0.303,0.245,2.461,-0.005,0.995,0.226,0.769,-0.246,0.173,-0.419,0.256,0.153,0.103,0.759,0.013,0.746,0.009,-0.013,0.02,-0.698,-0.551,-0.551,0.306,-0.245,0.0,-0.698,-0.768,0.07,-0.698,-0.768,0.07,1.035,0.218,-0.068,0.31,-0.378,-0.429,-0.013,-0.416,-0.692,0.461,-1.153,0.743,0.221,0.522,-0.332,-0.172,-0.163,-0.756,-0.543,-0.543,-1.698,0.0,-0.756,-1.072,0.316,-0.756,-1.072,0.316,3.497,0.213,-1.453,-0.245,-1.698,20911,10445,10466
203511,Grant Jerrett,2017,-0.633,0.118,-0.751,-0.142,-0.181,0.039,0.201,0.022,0.179,-0.81,0.012,-0.822,-0.266,-0.175,-0.088,0.143,-0.22,-0.22,-0.756,-0.976,0.0,0.143,0.007,0.136,0.143,0.007,0.136,-0.415,-0.093,-0.504,-0.127,-0.377,-0.07,0.056,-0.126,-0.234,-0.07,-0.164,-0.073,0.01,-0.083,-0.139,-0.262,0.123,-0.086,0.002,0.002,-0.729,-0.727,0.0,-0.086,0.014,-0.1,-0.086,0.014,-0.1,0.041,-0.014,-1.138,-0.009,-1.129,-0.212,-0.125,-0.087,-0.034,-0.049,0.015,-0.883,0.022,-0.905,-0.405,-0.437,0.035,0.057,-0.218,-0.218,-1.703,-0.0,0.057,0.021,0.036,0.057,0.021,0.036,-0.374,-0.107,-0.976,-0.727,-1.703,207,103,104
203099,Jared Cunningham,2017,1.026,-0.2,1.226,0.391,-0.001,0.392,-0.378,0.129,-0.507,1.213,-0.028,1.241,-0.223,0.188,-0.411,-0.595,-1.061,-1.061,0.208,-0.853,-0.0,-0.595,-0.33,-0.265,-0.595,-0.33,-0.265,0.543,0.387,-0.864,-0.023,-0.841,-0.436,-0.001,-0.435,-0.069,-0.135,0.066,-0.336,0.011,-0.347,-0.398,-0.457,0.061,0.167,0.243,0.243,-1.095,-0.852,0.0,0.167,-0.105,0.272,0.167,-0.105,0.272,0.642,0.092,0.162,-0.223,0.385,-0.045,-0.002,-0.043,-0.447,-0.006,-0.441,0.877,-0.017,0.894,-0.621,-0.269,-0.35,-0.428,-0.817,-0.817,-1.705,-0.0,-0.428,-0.435,0.007,-0.428,-0.435,0.007,1.185,0.479,-0.853,-0.852,-1.705,2370,1169,1201
2419,Tayshaun Prince,2017,-1.992,-0.148,-1.844,0.048,-0.172,0.22,-1.09,-0.778,-0.312,-0.802,-0.256,-0.546,-0.327,-0.034,-0.29,0.605,-0.589,-0.589,-1.714,-2.303,0.0,0.605,0.498,0.107,0.605,0.498,0.107,-1.704,-0.625,1.706,0.358,1.348,0.402,-0.061,0.463,-0.127,0.149,-0.276,1.073,0.035,1.038,0.33,0.29,0.037,-0.863,-0.579,-0.579,1.173,0.594,-0.0,-0.863,-0.368,-0.495,-0.863,-0.368,-0.495,2.122,0.401,-0.285,0.21,-0.495,0.45,-0.233,0.683,-1.216,-0.629,-0.587,0.271,-0.221,0.492,0.002,0.255,-0.253,-0.258,-1.168,-1.168,-1.709,-0.0,-0.258,0.13,-0.388,-0.258,0.13,-0.388,0.419,-0.224,-2.303,0.594,-1.709,29706,14825,14881
203200,Justin Holiday,2017,-1.176,0.422,-1.598,-0.18,0.108,-0.288,-0.714,0.089,-0.803,-0.704,0.035,-0.739,-0.309,-0.302,-0.007,-0.043,0.083,0.083,-1.528,-1.445,-0.0,-0.043,-0.563,0.52,-0.043,-0.563,0.52,1.819,0.444,0.191,-0.182,0.373,0.779,0.002,0.777,0.148,-0.18,0.328,-0.554,-0.028,-0.526,-0.277,-0.367,0.092,0.111,-0.289,-0.289,0.025,-0.264,0.0,0.111,0.331,-0.22,0.111,0.331,-0.22,1.551,0.651,-0.982,0.24,-1.222,0.6,0.11,0.49,-0.565,-0.091,-0.474,-1.257,0.007,-1.264,-0.586,-0.668,0.085,0.068,-0.205,-0.205,-1.709,-0.0,0.068,-0.232,0.3,0.068,-0.232,0.3,3.37,1.095,-1.445,-0.264,-1.709,12506,6240,6266
1627748,Thon Maker,2017,-0.416,0.284,-0.7,-0.217,-0.229,0.012,-1.072,0.022,-1.094,0.589,0.038,0.551,-0.195,-0.013,-0.182,0.081,-0.798,-0.798,-0.53,-1.328,0.0,0.081,0.26,-0.179,0.081,0.26,-0.179,0.57,-0.469,-0.894,0.123,-1.017,-0.152,-0.198,0.046,-0.786,-0.158,-0.628,-0.079,0.034,-0.113,-0.114,-0.075,-0.037,0.268,0.357,0.357,-0.74,-0.383,0.0,0.268,0.4,-0.132,0.268,0.4,-0.132,-0.914,-0.555,-1.31,0.407,-1.717,-0.369,-0.427,0.058,-1.858,-0.136,-1.722,0.51,0.072,0.438,-0.309,-0.088,-0.219,0.35,-0.441,-0.441,-1.711,0.0,0.35,0.66,-0.31,0.35,0.66,-0.31,-0.344,-1.024,-1.328,-0.383,-1.711,2561,1275,1286
1626214,Bryce Dejean-Jones,2017,-1.381,0.241,-1.622,-0.654,-0.049,-0.605,-0.828,-0.091,-0.737,-0.14,-0.049,-0.091,-0.419,-0.335,-0.083,0.67,0.137,0.137,-1.13,-0.993,-0.0,0.67,0.181,0.489,0.67,0.181,0.489,-1.592,-0.313,-1.053,-0.138,-0.915,-0.112,-0.0,-0.112,-0.3,-0.07,-0.23,-0.503,0.008,-0.511,-0.017,-0.04,0.024,-0.022,0.36,0.36,-1.092,-0.732,-0.0,-0.022,0.111,-0.133,-0.022,0.111,-0.133,-0.449,0.022,-2.434,0.103,-2.537,-0.766,-0.049,-0.717,-1.128,-0.161,-0.967,-0.643,-0.041,-0.602,-0.436,-0.374,-0.058,0.648,0.497,0.497,-1.725,-0.0,0.648,0.292,0.356,0.648,0.292,0.356,-2.041,-0.291,-0.993,-0.732,-1.725,1089,541,548
202620,Arinze Onuaku,2017,-0.164,0.158,-0.322,-0.296,-0.192,-0.104,0.016,-0.077,0.093,-0.042,-0.011,-0.031,-0.116,-0.216,0.106,-0.338,0.049,0.049,-0.618,-0.569,0.0,-0.338,-0.338,0.0,-0.338,-0.338,0.0,0.386,-0.13,-0.575,-0.093,-0.482,-0.155,0.075,-0.23,-0.069,-0.063,-0.006,-0.258,-0.003,-0.255,-0.095,-0.122,0.029,-0.18,-0.309,-0.309,-0.85,-1.159,-0.0,-0.18,-0.095,-0.085,-0.18,-0.095,-0.085,-0.292,0.029,-0.74,0.065,-0.805,-0.451,-0.117,-0.334,-0.053,-0.14,0.087,-0.301,-0.014,-0.287,-0.211,-0.338,0.135,-0.518,-0.26,-0.26,-1.728,-0.0,-0.518,-0.433,-0.085,-0.518,-0.433,-0.085,0.094,-0.101,-0.569,-1.159,-1.728,480,241,239
201167,Arron Afflalo,2017,0.814,0.081,0.733,-0.866,-0.415,-0.451,0.611,-0.301,0.912,0.988,-0.004,0.992,0.511,0.152,0.353,-0.052,-0.934,-0.934,1.273,0.339,0.0,-0.052,0.376,-0.428,-0.052,0.376,-0.428,-1.411,-1.268,-0.571,0.019,-0.59,-0.559,0.005,-0.564,-0.626,0.173,-0.799,0.595,0.064,0.531,0.041,0.002,0.04,-1.486,-0.055,-0.055,-2.016,-2.071,0.0,-1.486,-0.623,-0.863,-1.486,-0.623,-0.863,0.151,-0.33,0.243,0.1,0.143,-1.425,-0.41,-1.015,-0.015,-0.128,0.113,1.583,0.06,1.523,0.552,0.153,0.393,-1.538,-0.99,-0.99,-1.732,0.0,-1.538,-0.247,-1.291,-1.538,-0.247,-1.291,-1.26,-1.597,0.339,-2.071,-1.732,43587,21823,21764
101110,Martell Webster,2017,-0.43,-0.187,-0.243,-0.435,-0.217,-0.218,0.021,0.03,-0.009,0.171,0.063,0.108,0.683,0.451,0.235,-0.11,-0.675,-0.675,0.143,-0.532,0.0,-0.11,-0.088,-0.022,-0.11,-0.088,-0.022,-1.284,-0.527,-1.219,0.177,-1.396,-0.181,0.216,-0.397,-0.078,0.155,-0.233,-1.137,-0.004,-1.133,0.058,-0.06,0.117,-0.502,0.462,0.462,-1.663,-1.201,0.0,-0.502,-0.256,-0.246,-0.502,-0.256,-0.246,-1.48,0.087,-1.648,-0.01,-1.638,-0.615,-0.001,-0.614,-0.057,0.185,-0.242,-0.966,0.059,-1.025,0.741,0.391,0.352,-0.612,-0.214,-0.214,-1.733,0.0,-0.612,-0.344,-0.268,-0.612,-0.344,-0.268,-2.764,-0.44,-0.532,-1.201,-1.733,18765,9382,9383
203956,Mitch McGary,2017,-0.094,-0.095,0.001,0.349,0.125,0.224,0.436,-0.01,0.446,-0.784,-0.051,-0.733,-0.39,-0.386,-0.002,0.06,-0.44,-0.44,-0.424,-0.864,0.0,0.06,0.243,-0.183,0.06,0.243,-0.183,-0.904,0.46,-0.913,-0.053,-0.86,-0.429,-0.001,-0.428,-0.673,-0.247,-0.426,0.242,-0.042,0.284,-0.16,-0.256,0.098,-0.352,0.544,0.544,-1.425,-0.881,-0.0,-0.352,-0.121,-0.231,-0.352,-0.121,-0.231,-0.347,-0.096,-1.007,-0.148,-0.859,-0.08,0.124,-0.204,-0.237,-0.257,0.02,-0.542,-0.093,-0.449,-0.549,-0.643,0.096,-0.292,0.104,0.104,-1.745,0.001,-0.292,0.122,-0.414,-0.292,0.122,-0.414,-1.251,0.363,-0.864,-0.881,-1.744,2184,1082,1102
201274,Ivan Johnson,2017,-3.126,-0.262,-2.864,-0.909,0.021,-0.93,-0.939,-0.142,-0.797,-1.016,-0.103,-0.913,0.136,0.466,-0.324,-0.891,0.942,0.942,-3.881,-2.939,0.0,-0.891,-0.657,-0.234,-0.891,-0.657,-0.234,-3.906,-0.413,0.022,0.02,0.002,0.255,0.105,0.15,-0.52,-0.101,-0.419,0.267,-0.046,0.313,-0.263,-0.341,0.076,0.907,0.518,0.518,0.666,1.184,-0.0,0.907,0.131,0.776,0.907,0.131,0.776,1.252,0.249,-3.106,-0.242,-2.864,-0.655,0.125,-0.78,-1.459,-0.243,-1.216,-0.75,-0.149,-0.601,-0.127,0.125,-0.249,0.016,1.459,1.459,-1.755,0.001,0.016,-0.526,0.542,0.016,-0.526,0.542,-2.654,-0.164,-2.939,1.184,-1.754,4427,2208,2219
203500,Steven Adams,2017,-2.868,0.217,-3.085,-1.219,-0.147,-1.072,-0.788,-0.447,-0.341,-1.078,-0.097,-0.981,-0.886,-0.168,-0.718,-0.484,2.031,2.031,-4.238,-2.207,-0.0,-0.484,-0.55,0.066,-0.484,-0.55,0.066,-0.958,-0.334,-0.376,-0.189,-0.187,0.075,0.026,0.049,0.168,0.084,0.084,-0.43,-0.034,-0.396,0.509,0.467,0.041,-0.316,0.63,0.63,-0.183,0.447,0.0,-0.316,0.282,-0.598,-0.316,0.282,-0.598,-2.277,-0.135,-3.242,0.028,-3.27,-1.145,-0.121,-1.024,-0.618,-0.362,-0.256,-1.507,-0.131,-1.376,-0.377,0.298,-0.677,-0.8,2.661,2.661,-1.76,-0.0,-0.8,-0.268,-0.532,-0.8,-0.268,-0.532,-3.235,-0.469,-2.207,0.447,-1.76,33261,16638,16623
739,Rasheed Wallace,2017,-0.967,0.179,-1.146,-1.222,-0.301,-0.921,0.118,0.041,0.077,-0.042,0.113,-0.155,-0.267,-0.319,0.058,0.264,-0.887,-0.887,-0.97,-1.857,0.0,0.264,0.142,0.122,0.264,0.142,0.122,-0.921,-0.711,0.313,0.002,0.311,0.229,0.052,0.177,0.253,-0.01,0.263,-0.171,0.025,-0.196,-0.195,-0.201,0.007,-0.17,0.146,0.146,-0.052,0.094,0.0,-0.17,-0.147,-0.023,-0.17,-0.147,-0.023,0.692,-0.008,-0.655,0.181,-0.836,-0.994,-0.249,-0.745,0.371,0.031,0.34,-0.213,0.138,-0.351,-0.462,-0.519,0.065,0.093,-0.741,-0.741,-1.763,0.0,0.093,-0.006,0.099,0.093,-0.006,0.099,-0.229,-0.719,-1.857,0.094,-1.763,1095,547,548
2198,Kwame Brown,2017,-0.318,0.259,-0.577,-0.375,-0.197,-0.178,-0.534,-0.102,-0.432,0.332,0.007,0.325,-0.389,-0.137,-0.25,-0.104,-0.67,-0.67,-0.811,-1.481,0.0,-0.104,0.103,-0.207,-0.104,0.103,-0.207,-0.904,-0.53,-0.685,-0.075,-0.61,0.108,-0.006,0.114,-0.087,-0.046,-0.041,-0.631,-0.001,-0.63,0.081,0.017,0.065,0.014,0.308,0.308,-0.59,-0.282,0.0,0.014,-0.059,0.073,0.014,-0.059,0.073,-0.499,0.044,-1.004,0.184,-1.188,-0.267,-0.203,-0.064,-0.621,-0.147,-0.474,-0.3,0.006,-0.306,-0.308,-0.12,-0.185,-0.09,-0.362,-0.362,-1.763,-0.001,-0.09,0.044,-0.134,-0.09,0.044,-0.134,-1.403,-0.486,-1.481,-0.282,-1.764,1016,504,512
202336,Larry Sanders,2017,-3.602,-0.042,-3.56,-0.38,-0.127,-0.253,-1.886,-0.413,-1.473,-1.294,-0.028,-1.266,-0.737,-0.741,0.009,-0.608,0.427,0.427,-4.947,-4.52,0.0,-0.608,-0.481,-0.127,-0.608,-0.481,-0.127,-1.171,0.18,2.51,-0.116,2.626,1.616,0.122,1.494,1.074,0.302,0.772,-0.064,0.039,-0.103,0.255,0.179,0.074,-0.151,0.141,0.141,2.614,2.755,0.0,-0.151,-0.045,-0.106,-0.151,-0.045,-0.106,0.504,0.354,-1.092,-0.158,-0.934,1.235,-0.005,1.24,-0.812,-0.111,-0.701,-1.357,0.011,-1.368,-0.482,-0.562,0.084,-0.759,0.568,0.568,-1.765,-0.0,-0.759,-0.526,-0.233,-0.759,-0.526,-0.233,-0.668,0.533,-4.52,2.755,-1.765,12552,6272,6280
203128,Furkan Aldemir,2017,-0.497,0.425,-0.922,-1.064,-0.049,-1.015,-0.367,0.149,-0.516,0.509,0.07,0.439,-0.357,-0.176,-0.178,-0.65,1.351,1.351,-1.504,-0.153,0.0,-0.65,-0.458,-0.192,-0.65,-0.458,-0.192,-0.45,-0.354,-1.498,-0.062,-1.436,-0.332,0.018,-0.35,-0.58,-0.119,-0.461,-0.524,0.019,-0.543,-0.39,-0.444,0.055,0.013,0.259,0.259,-1.875,-1.616,0.0,0.013,0.163,-0.15,0.013,0.163,-0.15,-1.306,-0.358,-1.996,0.363,-2.359,-1.396,-0.031,-1.365,-0.947,0.03,-0.977,-0.016,0.089,-0.105,-0.746,-0.62,-0.123,-0.637,1.61,1.61,-1.769,0.0,-0.637,-0.294,-0.343,-0.637,-0.294,-0.343,-1.757,-0.712,-0.153,-1.616,-1.769,2041,1028,1013
1733,Al Harrington,2017,-0.594,0.017,-0.611,-0.264,0.045,-0.309,0.401,0.462,-0.061,-0.748,0.124,-0.872,0.079,0.058,0.022,-0.694,0.153,0.153,-1.209,-1.056,0.0,-0.694,-0.203,-0.491,-0.694,-0.203,-0.491,-0.003,-0.09,-0.633,0.142,-0.775,-0.547,0.004,-0.551,-0.19,-0.206,0.016,-0.038,-0.029,-0.009,-0.339,-0.35,0.013,0.312,-0.081,-0.081,-0.66,-0.741,-0.0,0.312,-0.141,0.453,0.312,-0.141,0.453,-0.532,-0.128,-1.227,0.159,-1.386,-0.809,0.05,-0.859,0.209,0.255,-0.046,-0.786,0.095,-0.881,-0.26,-0.292,0.035,-0.382,0.072,0.072,-1.797,0.0,-0.382,-0.344,-0.038,-0.382,-0.344,-0.038,-0.535,-0.219,-1.056,-0.741,-1.797,2642,1326,1316
2400,Drew Gooden,2017,-1.406,0.028,-1.434,-0.876,-0.312,-0.564,-0.53,-0.147,-0.383,-0.028,0.032,-0.06,-0.344,-0.293,-0.051,0.019,0.706,0.706,-1.731,-1.025,0.0,0.019,-0.183,0.202,0.019,-0.183,0.202,-1.919,-0.947,-0.126,0.058,-0.184,-0.041,0.042,-0.083,0.209,-0.018,0.227,-0.352,0.027,-0.379,-0.207,-0.296,0.09,-0.305,-0.14,-0.14,-0.638,-0.778,-0.0,-0.305,-0.328,0.023,-0.305,-0.328,0.023,-0.066,-0.377,-1.529,0.086,-1.615,-0.916,-0.269,-0.647,-0.32,-0.165,-0.155,-0.379,0.06,-0.439,-0.551,-0.589,0.04,-0.286,0.567,0.567,-1.803,0.0,-0.286,-0.512,0.226,-0.286,-0.512,0.226,-1.984,-1.324,-1.025,-0.778,-1.803,7829,3909,3920
202354,Dexter Pittman,2017,-0.461,0.148,-0.609,-0.392,-0.169,-0.223,0.092,0.055,0.037,-0.309,0.021,-0.33,-0.239,-0.142,-0.093,-0.441,0.039,0.039,-1.141,-1.102,0.0,-0.441,-0.181,-0.26,-0.441,-0.181,-0.26,-0.657,-0.328,-0.327,-0.116,-0.211,-0.089,0.035,-0.124,-0.177,-0.037,-0.14,0.055,0.019,0.036,-0.184,-0.121,-0.061,-0.203,0.012,0.012,-0.714,-0.702,0.0,-0.203,-0.087,-0.116,-0.203,-0.087,-0.116,0.063,-0.066,-0.788,0.032,-0.82,-0.481,-0.134,-0.347,-0.085,0.018,-0.103,-0.254,0.041,-0.295,-0.424,-0.263,-0.154,-0.644,0.052,0.052,-1.804,0.0,-0.644,-0.269,-0.375,-0.644,-0.269,-0.375,-0.594,-0.394,-1.102,-0.702,-1.804,127,63,64
1627734,Domantas Sabonis,2017,-0.514,0.045,-0.559,-0.211,0.008,-0.219,-0.243,-0.189,-0.054,-0.105,-0.014,-0.091,-0.821,-0.875,0.056,-0.321,-1.484,-1.484,-1.656,-3.14,-0.0,-0.321,-0.269,-0.052,-0.321,-0.269,-0.052,-0.119,0.166,1.219,-0.185,1.404,0.71,-0.061,0.771,0.306,0.163,0.143,0.388,0.056,0.332,0.199,0.169,0.033,0.101,-0.187,-0.187,1.519,1.332,0.0,0.101,-0.056,0.157,0.101,-0.056,0.157,1.432,0.323,0.706,-0.14,0.846,0.499,-0.053,0.552,0.064,-0.026,0.09,0.283,0.043,0.24,-0.622,-0.706,0.088,-0.219,-1.67,-1.67,-1.808,-0.0,-0.219,-0.325,0.106,-0.219,-0.325,0.106,1.312,0.489,-3.14,1.332,-1.808,6470,3234,3236
101181,Jose Calderon,2017,0.215,-0.089,0.304,0.285,-0.364,0.649,0.384,-0.11,0.494,-0.365,0.119,-0.484,-0.345,-0.484,0.138,0.091,-0.483,-0.483,-0.039,-0.522,0.0,0.091,-0.011,0.102,0.091,-0.011,0.102,3.107,-0.162,-1.493,0.069,-1.562,-0.472,-0.188,-0.284,-0.758,0.023,-0.781,-0.332,0.057,-0.389,-0.091,-0.079,-0.014,-0.092,0.389,0.389,-1.676,-1.287,0.0,-0.092,0.041,-0.133,-0.092,0.041,-0.133,-0.813,-0.603,-1.28,-0.02,-1.26,-0.189,-0.553,0.364,-0.374,-0.087,-0.287,-0.697,0.176,-0.873,-0.437,-0.562,0.123,-0.0,-0.094,-0.094,-1.809,-0.001,0.0,0.03,-0.03,0.0,0.03,-0.03,2.294,-0.765,-0.522,-1.287,-1.81,33290,16678,16612
2586,Keith Bogans,2017,-1.531,0.155,-1.686,-0.559,-0.509,-0.05,-0.822,-0.032,-0.79,-0.305,0.19,-0.495,-0.199,-0.116,-0.074,-0.108,1.145,1.145,-1.838,-0.693,0.0,-0.108,-0.38,0.272,-0.108,-0.38,0.272,-0.178,-0.884,-0.715,0.02,-0.735,-1.033,-0.226,-0.807,0.685,0.077,0.608,-0.387,0.068,-0.455,0.139,0.042,0.095,-0.294,-0.253,-0.253,-0.87,-1.123,-0.0,-0.294,-0.153,-0.141,-0.294,-0.153,-0.141,-0.061,-0.555,-2.246,0.175,-2.421,-1.592,-0.735,-0.857,-0.137,0.045,-0.182,-0.692,0.258,-0.95,-0.06,-0.074,0.021,-0.402,0.892,0.892,-1.816,0.001,-0.402,-0.533,0.131,-0.402,-0.533,0.131,-0.24,-1.439,-0.693,-1.123,-1.815,5414,2695,2719
101135,David Lee,2017,-1.824,0.134,-1.958,0.126,-0.123,0.249,-1.348,-0.654,-0.694,-0.736,-0.141,-0.595,-0.261,-0.135,-0.124,-0.485,0.059,0.059,-2.57,-2.511,-0.0,-0.485,-0.348,-0.137,-0.485,-0.348,-0.137,-0.979,0.756,-0.508,-0.242,-0.266,0.095,0.114,-0.019,0.477,0.026,0.451,-0.838,-0.071,-0.767,0.288,0.282,0.005,0.225,0.688,0.688,0.005,0.693,0.0,0.225,0.165,0.06,0.225,0.165,0.06,-0.965,0.232,-2.331,-0.108,-2.223,0.221,-0.009,0.23,-0.87,-0.627,-0.243,-1.574,-0.212,-1.362,0.027,0.146,-0.119,-0.26,0.747,0.747,-1.818,0.001,-0.26,-0.182,-0.078,-0.26,-0.182,-0.078,-1.944,0.987,-2.511,0.693,-1.817,35951,17988,17963
204079,Drew Gordon,2017,-0.544,0.246,-0.79,-0.175,-0.095,-0.08,-0.427,0.036,-0.463,-0.188,-0.006,-0.182,-0.113,-0.125,0.018,-0.042,-0.371,-0.371,-0.699,-1.07,0.0,-0.042,-0.091,0.049,-0.042,-0.091,0.049,-0.864,-0.201,-0.585,-0.067,-0.518,-0.187,0.059,-0.246,-0.3,-0.054,-0.246,-0.031,0.006,-0.037,-0.23,-0.16,-0.067,-0.141,0.204,0.204,-0.956,-0.752,0.0,-0.141,0.02,-0.161,-0.141,0.02,-0.161,-0.459,-0.111,-1.129,0.179,-1.308,-0.362,-0.036,-0.326,-0.729,-0.019,-0.71,-0.217,0.001,-0.218,-0.343,-0.285,-0.05,-0.183,-0.167,-0.167,-1.822,0.0,-0.183,-0.071,-0.112,-0.183,-0.071,-0.112,-1.323,-0.312,-1.07,-0.752,-1.822,296,151,145
203545,Miroslav Raduljica,2017,-1.356,0.169,-1.525,-0.71,-0.195,-0.515,0.24,-0.054,0.294,-1.055,-0.016,-1.039,-0.042,0.007,-0.046,0.03,0.578,0.578,-1.368,-0.79,0.0,0.03,-0.074,0.104,0.03,-0.074,0.104,-1.245,-0.232,-0.596,-0.03,-0.566,-0.042,0.145,-0.187,-0.136,0.031,-0.167,-0.388,0.004,-0.392,0.075,-0.041,0.117,-0.414,-0.1,-0.1,-0.935,-1.035,0.0,-0.414,-0.275,-0.139,-0.414,-0.275,-0.139,-0.662,0.064,-1.951,0.139,-2.09,-0.751,-0.05,-0.701,0.104,-0.023,0.127,-1.443,-0.012,-1.431,0.033,-0.034,0.071,-0.385,0.478,0.478,-1.825,0.0,-0.385,-0.349,-0.036,-0.385,-0.349,-0.036,-1.907,-0.168,-0.79,-1.035,-1.825,1830,927,903
203893,Russ Smith,2017,-0.603,0.036,-0.639,-0.279,-0.18,-0.099,0.019,0.11,-0.091,-0.379,-0.002,-0.377,0.061,0.19,-0.126,-0.831,-0.124,-0.124,-1.373,-1.497,-0.0,-0.831,-0.327,-0.504,-0.831,-0.327,-0.504,-1.528,-0.53,-0.323,-0.186,-0.137,-0.026,0.02,-0.046,0.109,-0.073,0.182,-0.22,0.025,-0.245,-0.31,-0.359,0.05,0.072,0.228,0.228,-0.561,-0.333,0.0,0.072,0.094,-0.022,0.072,0.094,-0.022,0.439,-0.022,-0.928,-0.15,-0.778,-0.306,-0.161,-0.145,0.128,0.038,0.09,-0.6,0.023,-0.623,-0.249,-0.169,-0.076,-0.759,0.104,0.104,-1.83,0.0,-0.759,-0.233,-0.526,-0.759,-0.233,-0.526,-1.089,-0.553,-1.497,-0.333,-1.83,550,271,279
203318,Glen Rice,2017,-1.339,0.194,-1.533,-0.083,-0.168,0.085,-1.034,-0.087,-0.947,-0.416,-0.037,-0.379,-0.104,-0.047,-0.052,-0.333,0.046,0.046,-1.776,-1.73,0.0,-0.333,-0.043,-0.29,-0.333,-0.043,-0.29,-0.519,-0.063,-0.221,-0.161,-0.06,-0.15,0.077,-0.227,0.169,-0.057,0.226,-0.079,-0.002,-0.077,-0.189,-0.212,0.024,0.058,0.247,0.247,-0.352,-0.105,0.0,0.058,-0.063,0.121,0.058,-0.063,0.121,0.052,-0.04,-1.56,0.033,-1.593,-0.234,-0.092,-0.142,-0.864,-0.144,-0.72,-0.495,-0.039,-0.456,-0.293,-0.259,-0.027,-0.276,0.293,0.293,-1.835,0.0,-0.276,-0.106,-0.17,-0.276,-0.106,-0.17,-0.468,-0.103,-1.73,-0.105,-1.835,572,288,284
203505,Vander Blue,2017,-0.421,0.099,-0.52,-0.409,-0.114,-0.295,0.286,0.072,0.214,-0.397,0.001,-0.398,-0.239,-0.096,-0.141,-0.291,-0.029,-0.029,-0.951,-0.98,-0.0,-0.291,-0.125,-0.166,-0.291,-0.125,-0.166,-0.918,-0.396,-0.527,-0.28,-0.247,0.012,-0.016,0.028,-0.211,-0.098,-0.113,-0.048,-0.001,-0.047,-0.18,-0.203,0.024,-0.192,0.037,0.037,-0.899,-0.862,0.0,-0.192,-0.024,-0.168,-0.192,-0.024,-0.168,-0.345,-0.147,-0.946,-0.181,-0.765,-0.395,-0.129,-0.266,0.075,-0.026,0.101,-0.445,-0.0,-0.445,-0.419,-0.299,-0.116,-0.484,0.008,0.008,-1.842,-0.0,-0.484,-0.15,-0.334,-0.484,-0.15,-0.334,-1.263,-0.543,-0.98,-0.862,-1.842,351,173,178
703,Kurt Thomas,2017,-1.057,0.193,-1.25,-0.758,-0.485,-0.273,-0.504,-0.31,-0.194,0.012,0.024,-0.012,-0.385,-0.218,-0.163,0.081,-0.192,-0.192,-1.361,-1.553,0.0,0.081,-0.067,0.148,0.081,-0.067,0.148,1.16,-0.6,-0.136,-0.081,-0.055,0.113,0.152,-0.039,0.094,0.092,0.002,-0.262,-0.004,-0.258,-0.031,0.032,-0.062,0.003,-0.127,-0.127,-0.164,-0.291,0.0,0.003,0.133,-0.13,0.003,0.133,-0.13,0.231,0.221,-1.191,0.112,-1.303,-0.644,-0.332,-0.312,-0.411,-0.218,-0.193,-0.248,0.021,-0.269,-0.417,-0.186,-0.225,0.084,-0.319,-0.319,-1.844,0.001,0.084,0.066,0.018,0.084,0.066,0.018,1.391,-0.378,-1.553,-0.291,-1.843,1457,727,730
201603,Sonny Weems,2017,-1.813,-0.316,-1.497,0.592,0.017,0.575,-1.329,0.276,-1.605,-0.76,0.003,-0.763,-0.078,-0.075,0.001,0.105,0.218,0.218,-1.786,-1.568,0.0,0.105,-0.255,0.36,0.105,-0.255,0.36,-0.226,0.407,-0.808,-0.035,-0.773,-0.483,0.046,-0.529,0.079,-0.138,0.217,-0.369,0.016,-0.385,-0.404,-0.604,0.2,0.404,0.533,0.533,-0.808,-0.275,0.0,0.404,0.376,0.028,0.404,0.376,0.028,0.379,-0.235,-2.622,-0.351,-2.271,0.109,0.064,0.045,-1.251,0.137,-1.388,-1.129,0.019,-1.148,-0.482,-0.68,0.201,0.508,0.751,0.751,-1.843,0.0,0.508,0.121,0.387,0.508,0.121,0.387,0.152,0.172,-1.568,-0.275,-1.843,2045,1019,1026
1627738,Deyonta Davis,2017,-0.239,0.355,-0.594,-0.699,-0.099,-0.6,0.071,0.007,0.064,0.034,-0.014,0.048,0.007,0.262,-0.253,-0.418,-0.575,-0.575,-0.65,-1.225,-0.0,-0.418,-0.237,-0.181,-0.418,-0.237,-0.181,-2.644,-0.278,-0.301,-0.37,0.069,0.412,-0.021,0.433,0.161,-0.158,0.319,-0.504,-0.01,-0.494,-0.218,-0.269,0.053,-0.159,0.058,0.058,-0.678,-0.62,0.0,-0.159,-0.154,-0.005,-0.159,-0.154,-0.005,0.309,0.173,-0.54,-0.015,-0.525,-0.287,-0.12,-0.167,0.232,-0.151,0.383,-0.47,-0.024,-0.446,-0.212,-0.008,-0.2,-0.577,-0.517,-0.517,-1.845,-0.0,-0.577,-0.391,-0.186,-0.577,-0.391,-0.186,-2.335,-0.105,-1.225,-0.62,-1.845,932,458,474
1627782,Wayne Selden,2017,0.004,0.456,-0.452,-0.087,-0.111,0.024,-0.229,0.005,-0.234,-0.136,0.018,-0.154,-0.005,-0.017,0.018,-0.008,-1.157,-1.157,-0.009,-1.166,0.0,-0.008,-0.168,0.16,-0.008,-0.168,0.16,-0.71,-0.213,-0.405,-0.078,-0.327,0.32,-0.008,0.328,-0.449,-0.152,-0.297,-0.198,-0.018,-0.18,-0.069,-0.107,0.04,-0.256,0.045,0.045,-0.73,-0.685,-0.0,-0.256,-0.27,0.014,-0.256,-0.27,0.014,0.694,0.219,-0.401,0.378,-0.779,0.234,-0.118,0.352,-0.679,-0.147,-0.532,-0.334,0.0,-0.334,-0.074,-0.124,0.058,-0.264,-1.112,-1.112,-1.851,0.001,-0.264,-0.438,0.174,-0.264,-0.438,0.174,-0.017,0.006,-1.166,-0.685,-1.85,1266,633,633
255,Grant Hill,2017,-0.421,-0.147,-0.274,-0.318,-0.137,-0.181,0.013,-0.202,0.215,0.031,-0.036,0.067,-0.225,-0.277,0.059,-0.047,-0.529,-0.529,-0.693,-1.222,0.0,-0.047,0.132,-0.179,-0.047,0.132,-0.179,0.288,-0.254,0.128,-0.069,0.197,0.218,0.105,0.113,-0.029,-0.023,-0.006,0.008,-0.04,0.048,-0.077,0.013,-0.088,-0.257,-0.424,-0.424,-0.206,-0.63,0.0,-0.257,-0.177,-0.08,-0.257,-0.177,-0.08,-0.388,0.179,-0.292,-0.216,-0.076,-0.1,-0.032,-0.068,-0.015,-0.224,0.209,0.039,-0.076,0.115,-0.302,-0.264,-0.029,-0.305,-0.953,-0.953,-1.852,-0.0,-0.305,-0.045,-0.26,-0.305,-0.045,-0.26,-0.1,-0.075,-1.222,-0.63,-1.852,1687,844,843
202380,Hamady Ndiaye,2017,-0.745,0.241,-0.986,-0.352,-0.195,-0.157,0.193,0.029,0.164,-0.827,0.041,-0.868,-0.235,-0.2,-0.031,0.213,-0.597,-0.597,-0.767,-1.364,-0.0,0.213,0.104,0.109,0.213,0.104,0.109,-0.767,-0.345,-0.597,-0.169,-0.428,0.066,0.076,-0.01,-0.213,-0.007,-0.206,-0.281,0.013,-0.294,-0.028,-0.153,0.126,-0.215,0.35,0.35,-0.84,-0.49,0.0,-0.215,-0.108,-0.107,-0.215,-0.108,-0.107,-0.299,0.081,-1.344,0.072,-1.416,-0.286,-0.119,-0.167,-0.021,0.021,-0.042,-1.109,0.053,-1.162,-0.262,-0.353,0.095,-0.002,-0.247,-0.247,-1.854,-0.0,-0.002,-0.004,0.002,-0.002,-0.004,0.002,-1.066,-0.264,-1.364,-0.49,-1.854,278,140,138
202348,Jordan Crawford,2017,-0.626,0.079,-0.705,-0.501,-0.232,-0.269,0.525,-0.125,0.65,-0.729,0.082,-0.811,-0.127,-0.258,0.133,0.32,-0.858,-0.858,-0.433,-1.291,0.0,0.32,0.397,-0.077,0.32,0.397,-0.077,-3.448,-1.002,0.839,-0.049,0.888,0.067,-0.036,0.103,0.416,-0.01,0.426,0.405,0.017,0.388,-0.357,-0.388,0.029,-0.626,-0.421,-0.421,-0.144,-0.565,0.0,-0.626,-0.633,0.007,-0.626,-0.633,0.007,0.205,-0.225,0.211,0.03,0.181,-0.435,-0.268,-0.167,0.94,-0.135,1.075,-0.324,0.099,-0.423,-0.484,-0.646,0.162,-0.306,-1.278,-1.278,-1.856,-0.0,-0.306,-0.236,-0.07,-0.306,-0.236,-0.07,-3.243,-1.227,-1.291,-0.565,-1.856,16081,8051,8030
203082,Terrence Ross,2017,1.155,0.024,1.131,0.244,-0.288,0.532,0.12,0.127,-0.007,0.767,0.187,0.58,-0.335,-0.425,0.09,0.606,-0.472,-0.472,1.426,0.954,-0.0,0.606,0.469,0.137,0.606,0.469,0.137,0.602,-0.566,-1.524,0.261,-1.785,-0.386,-0.233,-0.153,-0.359,-0.119,-0.24,-1.04,0.072,-1.112,-0.435,-0.252,-0.182,-0.319,-0.533,-0.533,-2.278,-2.811,0.0,-0.319,-0.073,-0.246,-0.319,-0.073,-0.246,-1.394,-0.654,-0.369,0.285,-0.654,-0.141,-0.521,0.38,-0.239,0.008,-0.247,-0.274,0.259,-0.533,-0.769,-0.677,-0.091,0.287,-1.005,-1.005,-1.857,-0.001,0.287,0.396,-0.109,0.287,0.396,-0.109,-0.793,-1.22,0.954,-2.811,-1.858,37263,18632,18631
200758,Ronnie Brewer,2017,-1.788,-0.191,-1.597,-0.933,-0.175,-0.758,-0.224,0.054,-0.278,-0.44,0.066,-0.506,-0.455,0.038,-0.488,1.097,-0.142,-0.142,-1.146,-1.288,-0.0,1.097,0.477,0.62,1.097,0.477,0.62,1.683,-0.468,-0.189,0.037,-0.226,-0.759,-0.105,-0.654,-0.017,-0.057,0.04,0.55,-0.007,0.557,0.119,0.153,-0.034,0.301,-0.803,-0.803,0.231,-0.572,0.0,0.301,0.259,0.042,0.301,0.259,0.042,0.357,-0.22,-1.978,-0.154,-1.824,-1.692,-0.28,-1.412,-0.241,-0.003,-0.238,0.109,0.059,0.05,-0.337,0.191,-0.522,1.398,-0.945,-0.945,-1.86,-0.0,1.398,0.736,0.662,1.398,0.736,0.662,2.04,-0.687,-1.288,-0.572,-1.86,3835,1903,1932
201604,Chris Douglas-Roberts,2017,-1.531,-0.068,-1.463,-1.471,-0.414,-1.057,-0.488,0.086,-0.574,0.496,0.141,0.355,-0.155,-0.465,0.314,0.527,-0.244,-0.244,-1.159,-1.403,-0.0,0.527,0.776,-0.249,0.527,0.776,-0.249,-0.733,-1.147,0.099,0.246,-0.147,-0.278,-0.044,-0.234,-0.187,-0.109,-0.078,0.318,0.006,0.312,-0.019,-0.0,-0.017,-0.361,-0.178,-0.178,-0.281,-0.459,-0.0,-0.361,-0.196,-0.165,-0.361,-0.196,-0.165,0.159,-0.094,-1.434,0.178,-1.612,-1.75,-0.459,-1.291,-0.675,-0.023,-0.652,0.813,0.147,0.666,-0.174,-0.466,0.297,0.166,-0.422,-0.422,-1.862,0.001,0.166,0.58,-0.414,0.166,0.58,-0.414,-0.574,-1.242,-1.403,-0.459,-1.861,4736,2359,2377
203996,Damien Inglis,2017,-0.971,0.271,-1.242,-0.744,-0.026,-0.718,0.318,0.084,0.234,-0.816,-0.02,-0.796,-0.022,0.138,-0.157,-0.163,-0.456,-0.456,-1.156,-1.612,-0.0,-0.163,-0.123,-0.04,-0.163,-0.123,-0.04,-1.255,-0.386,-0.401,-0.006,-0.395,0.203,-0.05,0.253,-0.339,-0.121,-0.218,-0.259,0.0,-0.259,-0.092,-0.01,-0.078,0.019,0.223,0.223,-0.474,-0.251,0.0,0.019,0.107,-0.088,0.019,0.107,-0.088,-0.146,0.017,-1.371,0.265,-1.636,-0.54,-0.076,-0.464,-0.021,-0.037,0.016,-1.075,-0.02,-1.055,-0.113,0.127,-0.234,-0.144,-0.234,-0.234,-1.863,0.0,-0.144,-0.016,-0.128,-0.144,-0.016,-0.128,-1.401,-0.369,-1.612,-0.251,-1.863,591,292,299
203159,Scott Machado,2017,-0.647,0.17,-0.817,-0.215,-0.154,-0.061,-0.293,0.013,-0.306,-0.309,-0.015,-0.294,-0.135,-0.017,-0.113,-0.153,-0.513,-0.513,-0.935,-1.448,0.0,-0.153,-0.253,0.1,-0.153,-0.253,0.1,-0.657,-0.205,-0.415,-0.055,-0.36,0.029,0.087,-0.058,-0.176,-0.045,-0.131,-0.213,-0.002,-0.211,-0.077,-0.062,-0.012,-0.001,0.076,0.076,-0.493,-0.417,0.0,-0.001,-0.022,0.021,-0.001,-0.022,0.021,-0.071,0.075,-1.062,0.115,-1.177,-0.186,-0.067,-0.119,-0.468,-0.032,-0.436,-0.523,-0.018,-0.505,-0.211,-0.08,-0.125,-0.153,-0.437,-0.437,-1.865,0.0,-0.153,-0.275,0.122,-0.153,-0.275,0.122,-0.728,-0.13,-1.448,-0.417,-1.865,112,57,55
203129,Tornike Shengelia,2017,-0.606,-0.212,-0.394,0.138,0.29,-0.152,-0.274,0.255,-0.529,-0.258,-0.076,-0.182,-0.085,0.144,-0.224,-0.441,-0.057,-0.057,-1.132,-1.189,-0.0,-0.441,0.165,-0.606,-0.441,0.165,-0.606,-2.199,-0.022,-0.925,-0.114,-0.811,-0.135,0.075,-0.21,-0.465,-0.11,-0.355,-0.211,-0.024,-0.187,-0.107,-0.066,-0.039,0.018,0.337,0.337,-1.014,-0.677,0.0,0.018,0.143,-0.125,0.018,0.143,-0.125,-0.632,-0.096,-1.531,-0.326,-1.205,0.003,0.365,-0.362,-0.739,0.145,-0.884,-0.469,-0.1,-0.369,-0.192,0.078,-0.263,-0.423,0.28,0.28,-1.866,-0.0,-0.423,0.308,-0.731,-0.423,0.308,-0.731,-2.831,-0.118,-1.189,-0.677,-1.866,945,472,473
201611,Henry Walker,2017,-0.486,0.422,-0.908,0.239,-0.033,0.272,-0.421,0.398,-0.819,-0.726,0.139,-0.865,-0.25,-0.086,-0.162,-0.42,-0.562,-0.562,-1.156,-1.718,0.0,-0.42,-0.459,0.039,-0.42,-0.459,0.039,-1.187,-0.284,-0.235,0.137,-0.372,-0.418,0.085,-0.503,-0.267,-0.154,-0.113,0.313,-0.032,0.345,-0.183,-0.138,-0.042,-0.032,0.294,0.294,-0.45,-0.156,-0.0,-0.032,-0.011,-0.021,-0.032,-0.011,-0.021,-0.527,-0.46,-0.72,0.559,-1.279,-0.179,0.052,-0.231,-0.687,0.244,-0.931,-0.413,0.107,-0.52,-0.432,-0.225,-0.204,-0.452,-0.269,-0.269,-1.874,-0.001,-0.452,-0.469,0.017,-0.452,-0.469,0.017,-1.714,-0.744,-1.718,-0.156,-1.875,2400,1201,1199
203459,Allen Crabbe,2017,0.558,0.006,0.552,-0.048,-0.199,0.151,0.176,0.102,0.074,0.424,0.038,0.386,0.566,0.499,0.062,0.059,-1.02,-1.02,1.183,0.163,-0.0,0.059,0.372,-0.313,0.059,0.372,-0.313,-0.76,-0.646,-0.677,-0.095,-0.582,-0.259,0.095,-0.354,-0.276,-0.003,-0.273,-0.047,0.066,-0.113,-1.018,-0.921,-0.096,-0.283,-0.082,-0.082,-1.978,-2.06,0.0,-0.283,-0.257,-0.026,-0.283,-0.257,-0.026,2.34,0.227,-0.118,-0.089,-0.029,-0.306,-0.103,-0.203,-0.1,0.099,-0.199,0.377,0.104,0.273,-0.452,-0.422,-0.034,-0.224,-1.103,-1.103,-1.897,0.0,-0.224,0.115,-0.339,-0.224,0.115,-0.339,1.58,-0.419,0.163,-2.06,-1.897,22074,11079,10995
203491,Peyton Siva,2017,-0.593,-0.008,-0.585,-0.907,-0.153,-0.754,0.003,0.118,-0.115,0.319,0.038,0.281,-0.053,-0.088,0.04,0.018,-0.382,-0.382,-0.628,-1.01,0.0,0.018,-0.138,0.156,0.018,-0.138,0.156,-0.739,-0.56,-0.88,-0.1,-0.78,-0.461,0.01,-0.471,0.082,-0.109,0.191,-0.401,-0.036,-0.365,0.001,0.094,-0.09,0.167,-0.18,-0.18,-0.712,-0.892,-0.0,0.167,-0.096,0.263,0.167,-0.096,0.263,-0.272,-0.089,-1.474,-0.108,-1.366,-1.368,-0.143,-1.225,0.084,0.009,0.075,-0.082,0.002,-0.084,-0.052,0.006,-0.05,0.185,-0.562,-0.562,-1.902,0.0,0.185,-0.234,0.419,0.185,-0.234,0.419,-1.011,-0.649,-1.01,-0.892,-1.902,809,403,406
1626175,Jordan Mickey,2017,-0.674,0.143,-0.817,-0.123,-0.068,-0.055,-0.613,0.045,-0.658,-0.081,-0.015,-0.066,-0.102,-0.032,-0.067,-0.475,0.377,0.377,-1.251,-0.874,-0.0,-0.475,-0.2,-0.275,-0.475,-0.2,-0.275,-0.782,-0.295,-1.131,0.004,-1.135,-0.091,-0.004,-0.087,-0.424,-0.029,-0.395,-0.62,0.024,-0.644,-0.035,-0.015,-0.018,-0.201,0.336,0.336,-1.367,-1.031,0.0,-0.201,-0.087,-0.114,-0.201,-0.087,-0.114,-0.556,0.0,-1.805,0.147,-1.952,-0.214,-0.072,-0.142,-1.037,0.016,-1.053,-0.701,0.009,-0.71,-0.138,-0.047,-0.085,-0.677,0.713,0.713,-1.905,-0.0,-0.677,-0.288,-0.389,-0.677,-0.288,-0.389,-1.337,-0.295,-0.874,-1.031,-1.905,871,433,438
202412,Manny Harris,2017,-0.926,0.139,-1.065,-0.349,-0.031,-0.318,-0.944,0.028,-0.972,0.228,0.005,0.223,-0.082,-0.206,0.131,0.294,-0.234,-0.234,-0.714,-0.948,0.0,0.294,0.092,0.202,0.294,0.092,0.202,-0.757,-0.288,-0.691,-0.129,-0.562,-0.484,-0.028,-0.456,-0.201,-0.054,-0.147,0.123,0.027,0.096,-0.16,-0.205,0.047,-0.136,0.024,0.024,-0.987,-0.963,0.0,-0.136,-0.097,-0.039,-0.136,-0.097,-0.039,-0.469,-0.129,-1.617,0.01,-1.627,-0.833,-0.059,-0.774,-1.145,-0.026,-1.119,0.351,0.032,0.319,-0.241,-0.411,0.178,0.158,-0.21,-0.21,-1.911,0.0,0.158,-0.004,0.162,0.158,-0.004,0.162,-1.226,-0.417,-0.948,-0.963,-1.911,804,396,408
203122,Kevin Murphy,2017,-0.9,-0.083,-0.817,-0.087,-0.186,0.099,-0.458,0.02,-0.478,-0.272,-0.025,-0.247,-0.039,0.048,-0.082,0.132,-0.35,-0.35,-0.807,-1.157,0.0,0.132,-0.009,0.141,0.132,-0.009,0.141,-0.905,-0.169,-0.44,-0.026,-0.414,-0.026,0.059,-0.085,-0.114,-0.081,-0.033,-0.274,0.009,-0.283,-0.144,-0.162,0.02,-0.158,-0.014,-0.014,-0.742,-0.756,0.0,-0.158,-0.035,-0.123,-0.158,-0.035,-0.123,-0.233,0.001,-1.338,-0.109,-1.229,-0.111,-0.126,0.015,-0.572,-0.061,-0.511,-0.546,-0.016,-0.53,-0.183,-0.114,-0.062,-0.026,-0.364,-0.364,-1.913,0.001,-0.026,-0.044,0.018,-0.026,-0.044,0.018,-1.138,-0.168,-1.157,-0.756,-1.912,191,96,95
203090,Maurice Harkless,2017,-0.783,0.076,-0.859,0.566,0.31,0.256,-0.644,0.084,-0.728,-0.781,-0.064,-0.717,-0.453,-0.031,-0.423,-0.471,0.285,0.285,-1.707,-1.422,0.0,-0.471,-0.397,-0.074,-0.471,-0.397,-0.074,-1.581,0.656,-0.084,0.005,-0.089,0.338,0.013,0.325,-0.123,0.009,-0.132,-0.304,-0.018,-0.286,-0.048,-0.086,0.037,0.214,-0.574,-0.574,0.082,-0.492,0.0,0.214,0.281,-0.067,0.214,0.281,-0.067,-0.245,0.23,-0.864,0.081,-0.945,0.905,0.323,0.582,-0.767,0.093,-0.86,-1.083,-0.081,-1.002,-0.501,-0.116,-0.386,-0.257,-0.289,-0.289,-1.914,0.0,-0.257,-0.116,-0.141,-0.257,-0.116,-0.141,-1.826,0.886,-1.422,-0.492,-1.914,33535,16699,16836
203084,Harrison Barnes,2017,-1.664,-0.055,-1.609,-0.612,-0.353,-0.259,-0.058,-0.544,0.486,-0.939,-0.039,-0.9,-0.142,-0.2,0.057,0.169,-0.423,-0.423,-1.637,-2.06,-0.0,0.169,0.494,-0.325,0.169,0.494,-0.325,-3.07,-0.933,-0.063,0.03,-0.093,-0.297,0.27,-0.567,0.343,0.313,0.03,-0.139,0.011,-0.15,-0.126,0.049,-0.177,-0.03,0.36,0.36,-0.219,0.141,0.0,-0.03,-0.351,0.321,-0.03,-0.351,0.321,0.138,0.401,-1.726,-0.025,-1.701,-0.91,-0.083,-0.827,0.285,-0.231,0.516,-1.076,-0.027,-1.049,-0.268,-0.151,-0.119,0.139,-0.064,-0.064,-1.919,0.001,0.139,0.143,-0.004,0.139,0.143,-0.004,-2.931,-0.532,-2.06,0.141,-1.918,52727,26349,26378
203135,Robert Sacre,2017,-1.459,-0.364,-1.095,-0.856,-0.658,-0.198,-0.588,-0.675,0.087,0.349,-0.068,0.417,-0.03,-0.133,0.103,-0.07,-0.599,-0.599,-1.559,-2.158,0.0,-0.07,-0.207,0.137,-0.07,-0.207,0.137,-1.83,-1.369,-0.3,0.091,-0.391,0.611,0.283,0.328,-0.614,0.085,-0.699,-0.388,-0.051,-0.337,0.017,0.086,-0.069,0.374,0.146,0.146,0.091,0.237,-0.0,0.374,0.154,0.22,0.374,0.154,0.22,-0.806,0.554,-1.757,-0.273,-1.484,-0.245,-0.375,0.13,-1.201,-0.59,-0.611,-0.038,-0.119,0.081,-0.012,-0.047,0.034,0.304,-0.453,-0.453,-1.921,0.0,0.304,-0.054,0.358,0.304,-0.054,0.358,-2.637,-0.814,-2.158,0.237,-1.921,10808,5394,5414
101138,Brandon Bass,2017,-0.749,-0.139,-0.61,-0.442,-0.295,-0.147,0.199,-0.54,0.739,-0.367,-0.101,-0.266,0.203,-0.285,0.489,-0.129,-0.371,-0.371,-0.675,-1.046,0.0,-0.129,0.163,-0.292,-0.129,0.163,-0.292,-1.429,-0.785,-1.443,-0.045,-1.398,-1.278,-0.347,-0.931,0.052,-0.011,0.063,-0.172,0.037,-0.209,0.631,0.487,0.142,-0.376,0.311,0.311,-1.188,-0.877,0.0,-0.376,-0.349,-0.027,-0.376,-0.349,-0.027,-1.591,-1.049,-2.191,-0.184,-2.007,-1.72,-0.642,-1.078,0.251,-0.551,0.802,-0.538,-0.064,-0.474,0.834,0.202,0.631,-0.504,-0.06,-0.06,-1.923,0.0,-0.504,-0.186,-0.318,-0.504,-0.186,-0.318,-3.019,-1.834,-1.046,-0.877,-1.923,33197,16526,16671
1627754,Diamond Stone,2017,-0.713,0.184,-0.897,-0.416,-0.152,-0.264,-0.347,0.001,-0.348,-0.134,-0.009,-0.125,-0.064,-0.123,0.065,-0.184,-0.336,-0.336,-0.961,-1.297,0.0,-0.184,-0.153,-0.031,-0.184,-0.153,-0.031,-0.376,-0.23,-0.408,-0.164,-0.244,-0.027,0.037,-0.064,-0.233,-0.081,-0.152,0.016,-0.0,0.016,-0.116,-0.105,-0.009,-0.153,0.051,0.051,-0.677,-0.626,0.0,-0.153,-0.073,-0.08,-0.153,-0.073,-0.08,-0.145,-0.084,-1.122,0.02,-1.142,-0.444,-0.116,-0.328,-0.58,-0.081,-0.499,-0.118,-0.009,-0.109,-0.18,-0.228,0.057,-0.337,-0.285,-0.285,-1.923,0.0,-0.337,-0.225,-0.112,-0.337,-0.225,-0.112,-0.522,-0.314,-1.297,-0.626,-1.923,77,38,39
203471,Dennis Schroder,2017,-0.33,0.038,-0.368,-0.274,0.288,-0.562,0.375,0.249,0.126,-0.469,0.017,-0.486,0.139,0.055,0.085,-0.09,-0.286,-0.286,-0.281,-0.567,0.0,-0.09,0.193,-0.283,-0.09,0.193,-0.283,0.234,-0.196,-0.088,0.049,-0.137,0.344,0.044,0.3,-0.476,-0.1,-0.376,-0.005,-0.026,0.021,-0.232,-0.15,-0.079,0.062,-1.101,-1.101,-0.258,-1.359,0.0,0.062,-0.026,0.088,0.062,-0.026,0.088,-1.527,-0.123,-0.417,0.087,-0.504,0.071,0.332,-0.261,-0.1,0.149,-0.249,-0.475,-0.01,-0.465,-0.092,-0.094,0.007,-0.028,-1.387,-1.387,-1.926,0.001,-0.028,0.167,-0.195,-0.028,0.167,-0.195,-1.293,-0.318,-0.567,-1.359,-1.925,26915,13470,13445
201187,Dominic McGuire,2017,0.111,0.204,-0.093,-0.411,-0.126,-0.285,0.027,-0.082,0.109,0.291,-0.026,0.317,-0.034,-0.1,0.073,-0.335,-0.738,-0.738,-0.258,-0.996,0.0,-0.335,-0.258,-0.077,-0.335,-0.258,-0.077,-0.815,-0.274,-0.736,-0.06,-0.676,-0.299,0.062,-0.361,-0.574,-0.08,-0.494,0.197,-0.048,0.245,0.047,0.129,-0.081,-0.149,-0.092,-0.092,-0.838,-0.93,-0.0,-0.149,0.156,-0.305,-0.149,0.156,-0.305,-1.221,-0.172,-0.625,0.144,-0.769,-0.71,-0.064,-0.646,-0.547,-0.162,-0.385,0.488,-0.074,0.562,0.013,0.029,-0.008,-0.484,-0.831,-0.831,-1.926,0.0,-0.484,-0.102,-0.382,-0.484,-0.102,-0.382,-2.037,-0.446,-0.996,-0.93,-1.926,1427,701,726
203915,Spencer Dinwiddie,2017,-2.678,0.074,-2.752,-0.454,0.11,-0.564,-0.72,0.391,-1.111,-1.578,0.037,-1.615,0.453,0.423,0.031,0.661,-0.797,-0.797,-1.564,-2.361,0.0,0.661,0.697,-0.036,0.661,0.697,-0.036,-1.93,0.062,0.401,-0.046,0.447,0.092,0.132,-0.04,0.512,0.189,0.323,-0.157,0.041,-0.198,-0.017,-0.037,0.023,-0.081,0.119,0.119,0.303,0.422,0.0,-0.081,0.107,-0.188,-0.081,0.107,-0.188,1.758,0.217,-2.277,0.028,-2.305,-0.362,0.242,-0.604,-0.208,0.58,-0.788,-1.735,0.078,-1.813,0.436,0.385,0.054,0.58,-0.678,-0.678,-1.939,-0.001,0.58,0.805,-0.225,0.58,0.805,-0.225,-0.172,0.279,-2.361,0.422,-1.94,7704,3843,3861
202970,Gustavo Ayon,2017,0.076,-0.011,0.087,0.581,0.563,0.018,-0.879,0.028,-0.907,0.385,-0.083,0.468,-1.142,-0.661,-0.475,-0.52,-0.556,-0.556,-1.586,-2.142,0.0,-0.52,0.036,-0.556,-0.52,0.036,-0.556,1.743,1.447,-0.389,-0.012,-0.377,-0.615,-0.036,-0.579,0.188,0.032,0.156,0.05,-0.008,0.058,0.045,0.077,-0.033,0.25,0.292,0.292,-0.094,0.198,0.0,0.25,0.242,0.008,0.25,0.242,0.008,-0.125,-0.009,-0.311,-0.023,-0.288,-0.033,0.528,-0.561,-0.69,0.061,-0.751,0.435,-0.091,0.526,-1.097,-0.584,-0.508,-0.27,-0.264,-0.264,-1.944,0.001,-0.27,0.278,-0.548,-0.27,0.278,-0.548,1.619,1.437,-2.142,0.198,-1.943,4515,2244,2271
2566,Travis Outlaw,2017,-2.538,0.196,-2.734,-0.625,-0.592,-0.033,-1.81,-0.437,-1.373,-0.299,-0.002,-0.297,-0.041,-0.006,-0.031,0.673,-0.448,-0.448,-1.906,-2.354,-0.0,0.673,0.717,-0.044,0.673,0.717,-0.044,-3.319,-1.226,1.226,0.231,0.995,-0.162,0.133,-0.295,0.507,0.003,0.504,0.65,-0.019,0.669,0.145,-0.117,0.264,-0.607,-0.357,-0.357,0.764,0.407,-0.0,-0.607,-0.3,-0.307,-0.607,-0.3,-0.307,0.541,0.415,-1.314,0.427,-1.741,-0.788,-0.459,-0.329,-1.303,-0.434,-0.869,0.35,-0.022,0.372,0.104,-0.123,0.233,0.066,-0.805,-0.805,-1.947,0.001,0.066,0.417,-0.351,0.066,0.417,-0.351,-2.778,-0.811,-2.354,0.407,-1.946,5827,2911,2916
201985,AJ Price,2017,-2.703,0.14,-2.843,-1.412,-0.433,-0.979,-0.512,-0.226,-0.286,-0.919,0.09,-1.009,-0.343,-0.197,-0.139,0.278,1.12,1.12,-2.768,-1.648,-0.0,0.278,0.164,0.114,0.278,0.164,0.114,-1.109,-0.815,-0.54,-0.122,-0.418,-0.008,0.149,-0.157,-0.416,0.245,-0.661,0.006,-0.0,0.006,0.156,0.109,0.046,-0.133,0.217,0.217,-0.517,-0.3,0.0,-0.133,-0.593,0.46,-0.133,-0.593,0.46,-0.215,-0.021,-3.246,0.018,-3.264,-1.421,-0.284,-1.137,-0.929,0.018,-0.947,-0.914,0.089,-1.003,-0.187,-0.088,-0.092,0.144,1.337,1.337,-1.948,0.001,0.144,-0.429,0.573,0.144,-0.429,0.573,-1.324,-0.836,-1.648,-0.3,-1.947,6376,3192,3184
201945,Gerald Henderson,2017,-1.322,-0.281,-1.041,0.116,-0.091,0.207,-0.316,-0.289,-0.027,-0.841,-0.147,-0.694,0.335,0.402,-0.07,-0.018,-0.74,-0.74,-1.005,-1.745,0.0,-0.018,-0.0,-0.018,-0.018,-0.0,-0.018,-1.556,-0.114,0.216,0.251,-0.035,0.02,0.104,-0.084,0.237,0.173,0.064,-0.292,0.009,-0.301,0.15,0.235,-0.087,-0.273,-0.298,-0.298,0.093,-0.205,0.0,-0.273,-0.182,-0.091,-0.273,-0.182,-0.091,0.498,0.528,-1.106,-0.03,-1.076,0.136,0.013,0.123,-0.08,-0.117,0.037,-1.132,-0.137,-0.995,0.485,0.637,-0.157,-0.292,-1.038,-1.038,-1.95,-0.001,-0.292,-0.182,-0.11,-0.292,-0.182,-0.11,-1.058,0.414,-1.745,-0.205,-1.951,40084,20034,20050
203917,Nik Stauskas,2017,-1.006,-0.162,-0.844,0.385,0.176,0.209,-0.343,0.541,-0.884,-0.886,0.071,-0.957,0.428,0.39,0.034,-0.041,0.22,0.22,-0.619,-0.399,0.0,-0.041,-0.134,0.093,-0.041,-0.134,0.093,-0.322,0.228,-0.255,-0.011,-0.244,-0.88,-0.007,-0.873,0.072,-0.044,0.116,0.564,0.034,0.53,-0.485,-0.427,-0.058,-0.782,-0.044,-0.044,-1.522,-1.566,0.0,-0.782,-0.451,-0.331,-0.782,-0.451,-0.331,0.015,-0.279,-1.26,-0.173,-1.087,-0.495,0.169,-0.664,-0.27,0.498,-0.768,-0.322,0.105,-0.427,-0.057,-0.037,-0.024,-0.823,0.176,0.176,-1.965,0.0,-0.823,-0.585,-0.238,-0.823,-0.585,-0.238,-0.307,-0.051,-0.399,-1.566,-1.965,20393,10239,10154
203092,Tyler Zeller,2017,-1.502,0.011,-1.513,-0.073,-0.06,-0.013,-1.086,-0.695,-0.391,-0.354,-0.118,-0.236,-0.734,-0.771,0.042,-0.611,0.473,0.473,-2.847,-2.374,-0.0,-0.611,-0.331,-0.28,-0.611,-0.331,-0.28,0.808,0.299,0.969,0.027,0.942,0.722,0.071,0.651,-0.109,0.164,-0.273,0.329,0.01,0.319,0.097,0.001,0.095,-0.477,-0.182,-0.182,0.589,0.407,-0.0,-0.477,-0.299,-0.178,-0.477,-0.299,-0.178,-0.345,0.286,-0.532,0.038,-0.57,0.649,0.011,0.638,-1.194,-0.531,-0.663,-0.025,-0.108,0.083,-0.637,-0.77,0.137,-1.088,0.291,0.291,-1.967,-0.0,-1.088,-0.63,-0.458,-1.088,-0.63,-0.458,0.463,0.585,-2.374,0.407,-1.967,24307,12126,12181
203967,Dario Saric,2017,-1.049,0.128,-1.177,-1.3,0.017,-1.317,-0.526,0.186,-0.712,0.649,0.021,0.628,0.081,0.282,-0.201,-1.195,0.549,0.549,-2.163,-1.614,0.0,-1.195,-0.141,-1.054,-1.195,-0.141,-1.054,-0.119,-0.377,0.118,0.017,0.101,0.156,-0.031,0.187,-0.268,-0.165,-0.103,0.213,0.015,0.198,-0.237,-0.493,0.259,-0.016,-0.244,-0.244,-0.135,-0.379,0.0,-0.016,0.295,-0.311,-0.016,0.295,-0.311,0.723,0.046,-0.931,0.145,-1.076,-1.144,-0.014,-1.13,-0.795,0.021,-0.816,0.863,0.036,0.827,-0.156,-0.211,0.057,-1.211,0.305,0.305,-1.993,0.0,-1.211,0.154,-1.365,-1.211,0.154,-1.365,0.604,-0.331,-1.614,-0.379,-1.993,8636,4316,4320
202325,Wesley Johnson,2017,-0.036,-0.068,0.032,0.697,-0.106,0.803,-0.433,0.06,-0.493,-0.232,0.069,-0.301,-0.497,-0.32,-0.179,0.028,-1.674,-1.674,-0.505,-2.179,0.0,0.028,-0.549,0.577,0.028,-0.549,0.577,1.315,0.247,-0.261,0.262,-0.523,-0.63,-0.175,-0.455,0.6,-0.201,0.801,-0.493,0.016,-0.509,-0.158,0.01,-0.168,0.502,0.097,0.097,0.083,0.18,0.0,0.502,0.261,0.241,0.502,0.261,0.241,-0.413,-0.547,-0.297,0.194,-0.491,0.068,-0.28,0.348,0.166,-0.141,0.307,-0.725,0.085,-0.81,-0.655,-0.31,-0.347,0.531,-1.578,-1.578,-1.999,-0.0,0.531,-0.287,0.818,0.531,-0.287,0.818,0.902,-0.299,-2.179,0.18,-1.999,31764,15913,15851
2731,Emeka Okafor,2017,-2.219,0.417,-2.636,-1.086,-0.253,-0.833,-1.747,-0.969,-0.778,0.197,-0.159,0.356,-0.788,-0.791,0.009,-0.332,0.24,0.24,-3.339,-3.099,-0.0,-0.332,-0.245,-0.087,-0.332,-0.245,-0.087,0.325,-0.493,1.171,-0.176,1.347,0.058,0.097,-0.039,1.235,0.361,0.874,0.054,-0.006,0.06,0.76,0.655,0.102,-0.62,-0.231,-0.231,1.311,1.08,0.0,-0.62,-0.292,-0.328,-0.62,-0.292,-0.328,-1.321,0.02,-1.046,0.241,-1.287,-1.027,-0.155,-0.872,-0.512,-0.608,0.096,0.252,-0.164,0.416,-0.028,-0.136,0.111,-0.952,0.009,0.009,-2.019,0.001,-0.952,-0.537,-0.415,-0.952,-0.537,-0.415,-0.996,-0.473,-3.099,1.08,-2.018,7808,3917,3891
201595,Joey Dorsey,2017,-1.256,0.856,-2.112,-1.298,0.164,-1.462,-0.388,0.117,-0.505,-0.426,0.06,-0.486,-0.921,-0.164,-0.76,-0.863,1.507,1.507,-3.04,-1.533,0.0,-0.863,-0.366,-0.497,-0.863,-0.366,-0.497,-1.834,-0.289,-1.322,-0.039,-1.283,-0.532,0.097,-0.629,-0.336,-0.04,-0.296,-0.415,0.009,-0.424,-0.222,-0.309,0.088,0.139,0.916,0.916,-1.405,-0.489,0.0,0.139,0.084,0.055,0.139,0.084,0.055,-0.156,-0.168,-2.577,0.817,-3.394,-1.83,0.261,-2.091,-0.723,0.078,-0.801,-0.841,0.069,-0.91,-1.144,-0.473,-0.672,-0.724,2.423,2.423,-2.022,0.0,-0.724,-0.282,-0.442,-0.724,-0.282,-0.442,-1.99,-0.457,-1.533,-0.489,-2.022,3447,1722,1725
2211,Troy Murphy,2017,-1.375,0.268,-1.643,-0.651,-0.254,-0.397,-0.577,0.063,-0.64,-0.415,0.067,-0.482,0.137,0.118,0.025,-0.211,0.124,0.124,-1.449,-1.325,0.0,-0.211,-0.241,0.03,-0.211,-0.241,0.03,-1.413,-0.63,-0.403,-0.073,-0.33,-0.049,-0.009,-0.04,-0.142,-0.091,-0.051,-0.139,0.003,-0.142,-0.245,-0.211,-0.032,-0.009,-0.04,-0.04,-0.657,-0.697,0.0,-0.009,-0.012,0.003,-0.009,-0.012,0.003,-0.007,-0.019,-1.778,0.195,-1.973,-0.7,-0.264,-0.436,-0.719,-0.028,-0.691,-0.554,0.07,-0.624,-0.108,-0.093,-0.007,-0.22,0.084,0.084,-2.022,0.0,-0.22,-0.253,0.033,-0.22,-0.253,0.033,-1.42,-0.649,-1.325,-0.697,-2.022,963,485,478
203921,Cleanthony Early,2017,-1.054,0.155,-1.209,-1.268,-0.213,-1.055,0.346,0.073,0.273,-0.287,0.073,-0.36,0.053,-0.154,0.211,-0.5,-0.9,-0.9,-1.501,-2.401,0.0,-0.5,-0.659,0.159,-0.5,-0.659,0.159,-1.122,-0.617,0.324,-0.017,0.341,0.079,0.088,-0.009,-0.052,-0.115,0.063,0.314,-0.023,0.337,-0.18,-0.133,-0.046,-0.049,0.283,0.283,0.095,0.378,0.0,-0.049,-0.185,0.136,-0.049,-0.185,0.136,0.231,-0.009,-0.731,0.138,-0.869,-1.189,-0.125,-1.064,0.294,-0.042,0.336,0.026,0.05,-0.024,-0.127,-0.287,0.165,-0.549,-0.617,-0.617,-2.023,0.0,-0.549,-0.844,0.295,-0.549,-0.844,0.295,-0.89,-0.626,-2.401,0.378,-2.023,3036,1512,1524
201582,Alexis Ajinca,2017,-1.391,0.033,-1.424,-0.158,-0.213,0.055,-0.296,-1.064,0.768,-0.97,-0.258,-0.712,-0.541,-0.819,0.277,-0.701,0.144,0.144,-2.633,-2.489,0.0,-0.701,0.116,-0.817,-0.701,0.116,-0.817,-1.403,-0.312,1.039,-0.186,1.225,0.74,-0.1,0.84,0.445,-0.167,0.612,0.04,-0.014,0.054,-0.253,-0.142,-0.11,-0.313,-0.019,-0.019,0.473,0.454,0.0,-0.313,-0.204,-0.109,-0.313,-0.204,-0.109,0.225,0.184,-0.35,-0.153,-0.197,0.583,-0.313,0.896,0.149,-1.23,1.379,-0.929,-0.272,-0.657,-0.795,-0.961,0.167,-1.013,0.125,0.125,-2.035,0.0,-1.013,-0.087,-0.926,-1.013,-0.087,-0.926,-1.178,-0.128,-2.489,0.454,-2.035,12698,6347,6351
1627875,Marcus Georges-Hunt,2017,-0.844,0.199,-1.043,-0.309,-0.176,-0.133,-0.505,0.012,-0.517,-0.229,-0.009,-0.22,-0.012,-0.011,0.005,-0.176,-0.244,-0.244,-1.032,-1.276,0.0,-0.176,-0.271,0.095,-0.176,-0.271,0.095,-1.035,-0.361,-0.515,-0.094,-0.421,-0.128,0.06,-0.188,-0.248,-0.064,-0.184,-0.045,-0.006,-0.039,-0.085,-0.08,-0.003,-0.204,0.041,0.041,-0.804,-0.763,-0.0,-0.204,-0.079,-0.125,-0.204,-0.079,-0.125,-0.364,-0.036,-1.358,0.105,-1.463,-0.438,-0.117,-0.321,-0.752,-0.051,-0.701,-0.273,-0.014,-0.259,-0.097,-0.091,0.002,-0.38,-0.203,-0.203,-2.039,-0.0,-0.38,-0.35,-0.03,-0.38,-0.35,-0.03,-1.399,-0.397,-1.276,-0.763,-2.039,187,94,93
203475,Erick Green,2017,-2.834,-0.132,-2.702,-0.729,-0.376,-0.353,-0.426,-0.125,-0.301,-1.547,0.005,-1.552,-0.11,-0.017,-0.089,0.464,1.286,1.286,-2.48,-1.194,0.0,0.464,0.245,0.219,0.464,0.245,0.219,-2.074,-0.761,-0.462,-0.105,-0.357,0.042,0.083,-0.041,-0.341,-0.11,-0.231,-0.058,0.009,-0.067,-0.33,-0.508,0.179,0.253,-0.317,-0.317,-0.539,-0.856,0.0,0.253,0.325,-0.072,0.253,0.325,-0.072,-0.198,-0.189,-3.295,-0.237,-3.058,-0.687,-0.293,-0.394,-0.767,-0.235,-0.532,-1.604,0.015,-1.619,-0.439,-0.525,0.09,0.717,0.969,0.969,-2.05,0.0,0.717,0.57,0.147,0.717,0.57,0.147,-2.271,-0.95,-1.194,-0.856,-2.05,1754,870,884
202734,E'Twaun Moore,2017,-0.634,0.082,-0.716,-0.184,-0.138,-0.046,-0.589,-0.29,-0.299,0.057,-0.04,0.097,-0.361,-0.243,-0.117,-0.003,-0.195,-0.195,-0.998,-1.193,0.0,-0.003,0.286,-0.289,-0.003,0.286,-0.289,-0.991,-0.45,-0.316,-0.066,-0.25,0.56,-0.031,0.591,0.014,0.083,-0.069,-0.824,0.053,-0.877,-0.116,-0.197,0.081,0.04,-0.467,-0.467,-0.392,-0.859,0.0,0.04,-0.053,0.093,0.04,-0.053,0.093,0.037,0.091,-0.948,0.016,-0.964,0.376,-0.169,0.545,-0.574,-0.206,-0.368,-0.766,0.014,-0.78,-0.477,-0.44,-0.036,0.037,-0.662,-0.662,-2.052,-0.001,0.037,0.233,-0.196,0.037,0.233,-0.196,-0.954,-0.36,-1.193,-0.859,-2.053,26013,12964,13049
203998,Bruno Caboclo,2017,-0.757,0.159,-0.916,-0.282,-0.028,-0.254,-0.474,0.049,-0.523,-0.16,-0.005,-0.155,-0.285,-0.239,-0.042,-0.389,-0.185,-0.185,-1.431,-1.616,0.0,-0.389,-0.192,-0.197,-0.389,-0.192,-0.197,-0.335,-0.216,-0.343,-0.136,-0.207,-0.108,-0.039,-0.069,-0.001,-0.106,0.105,-0.098,0.007,-0.105,-0.144,-0.105,-0.037,-0.117,0.166,0.166,-0.604,-0.438,-0.0,-0.117,0.033,-0.15,-0.117,0.033,-0.15,-0.341,-0.208,-1.1,0.023,-1.123,-0.389,-0.067,-0.322,-0.476,-0.058,-0.418,-0.258,0.002,-0.26,-0.429,-0.343,-0.079,-0.506,-0.019,-0.019,-2.054,0.001,-0.506,-0.159,-0.347,-0.506,-0.159,-0.347,-0.676,-0.423,-1.616,-0.438,-2.053,408,200,208
203914,Gary Harris,2017,0.608,0.204,0.404,-0.261,0.267,-0.528,0.321,0.265,0.056,0.344,0.017,0.327,-0.176,-0.447,0.266,0.204,0.286,0.286,0.636,0.922,0.0,0.204,0.194,0.01,0.204,0.194,0.01,0.674,0.457,-2.861,-0.226,-2.635,-0.192,-0.287,0.095,-1.399,-0.251,-1.148,-1.044,0.012,-1.056,-0.072,-0.114,0.044,0.091,-0.147,-0.147,-2.842,-2.989,0.0,0.091,0.061,0.03,0.091,0.061,0.03,-2.253,-0.508,-2.251,-0.022,-2.229,-0.453,-0.02,-0.433,-1.077,0.014,-1.091,-0.699,0.029,-0.728,-0.248,-0.561,0.31,0.295,0.138,0.138,-2.067,0.0,0.295,0.255,0.04,0.295,0.255,0.04,-1.579,-0.051,0.922,-2.989,-2.067,19977,9982,9995
2449,Luis Scola,2017,-1.02,-0.01,-1.01,-0.262,-0.066,-0.196,-0.212,-0.318,0.106,-0.536,-0.07,-0.466,-0.293,-0.318,0.026,-0.504,0.337,0.337,-1.817,-1.48,0.0,-0.504,-0.105,-0.399,-0.504,-0.105,-0.399,0.438,-0.27,-1.637,0.015,-1.652,-0.577,-0.107,-0.47,-0.775,0.215,-0.99,-0.3,0.053,-0.353,0.395,0.432,-0.037,-0.228,0.877,0.877,-1.47,-0.593,0.0,-0.228,-0.206,-0.022,-0.228,-0.206,-0.022,-1.205,-0.249,-2.657,0.005,-2.662,-0.838,-0.173,-0.665,-0.988,-0.103,-0.885,-0.836,-0.017,-0.819,0.102,0.113,-0.011,-0.732,1.214,1.214,-2.073,0.0,-0.732,-0.312,-0.42,-0.732,-0.312,-0.42,-0.767,-0.519,-1.48,-0.593,-2.073,29579,14795,14784
1626176,Rakeem Christmas,2017,-0.611,0.248,-0.859,-0.67,-0.093,-0.577,-0.143,-0.04,-0.103,-0.046,-0.011,-0.035,-0.414,-0.28,-0.133,-0.598,0.446,0.446,-1.623,-1.177,-0.0,-0.598,-0.222,-0.376,-0.598,-0.222,-0.376,-1.233,-0.07,-0.639,-0.126,-0.513,-0.026,0.027,-0.053,-0.523,-0.151,-0.372,0.036,-0.022,0.058,-0.094,-0.134,0.042,-0.038,-0.127,-0.127,-0.771,-0.898,0.0,-0.038,0.065,-0.103,-0.038,0.065,-0.103,-0.488,-0.017,-1.248,0.122,-1.37,-0.695,-0.066,-0.629,-0.666,-0.191,-0.475,-0.009,-0.033,0.024,-0.508,-0.415,-0.091,-0.636,0.319,0.319,-2.075,-0.0,-0.636,-0.157,-0.479,-0.636,-0.157,-0.479,-1.721,-0.086,-1.177,-0.898,-2.075,874,438,436
202683,Enes Kanter,2017,-0.59,0.226,-0.816,-0.27,0.214,-0.484,-0.223,-0.436,0.213,-0.323,-0.161,-0.162,-0.216,-0.467,0.252,-1.195,2.852,2.852,-2.001,0.851,0.0,-1.195,-0.461,-0.734,-1.195,-0.461,-0.734,-1.904,-0.226,-1.696,-0.29,-1.406,-0.547,-0.286,-0.261,-0.44,0.046,-0.486,-0.419,0.067,-0.486,-0.117,0.051,-0.169,-0.817,-0.297,-0.297,-2.63,-2.927,0.0,-0.817,-0.597,-0.22,-0.817,-0.597,-0.22,-1.267,-0.492,-2.285,-0.064,-2.221,-0.817,-0.072,-0.745,-0.663,-0.39,-0.273,-0.741,-0.093,-0.648,-0.333,-0.416,0.083,-2.012,2.555,2.555,-2.076,0.0,-2.012,-1.058,-0.954,-2.012,-1.058,-0.954,-3.171,-0.718,0.851,-2.927,-2.076,34283,17172,17111
2457,Jannero Pargo,2017,1.11,-0.262,1.372,-0.72,-0.399,-0.321,1.414,0.286,1.128,0.678,0.256,0.422,-0.291,-0.312,0.027,-0.269,-1.103,-1.103,0.55,-0.553,-0.0,-0.269,-0.489,0.22,-0.269,-0.489,0.22,2.349,-0.597,-2.25,0.077,-2.327,-0.492,0.057,-0.549,-1.162,-0.084,-1.078,-0.673,-0.033,-0.64,-0.076,0.066,-0.14,0.177,0.617,0.617,-2.149,-1.532,0.0,0.177,-0.0,0.177,0.177,-0.0,0.177,-1.676,-0.17,-1.143,-0.185,-0.958,-1.213,-0.342,-0.871,0.251,0.202,0.049,0.004,0.223,-0.219,-0.367,-0.246,-0.114,-0.092,-0.486,-0.486,-2.085,0.0,-0.092,-0.489,0.397,-0.092,-0.489,0.397,0.672,-0.767,-0.553,-1.532,-2.085,3115,1555,1560
202344,Trevor Booker,2017,-2.025,-0.289,-1.736,-0.488,-0.325,-0.163,-0.532,-0.264,-0.268,-0.716,0.028,-0.744,-0.616,-0.473,-0.146,-0.625,1.339,1.339,-3.266,-1.927,0.0,-0.625,-0.228,-0.397,-0.625,-0.228,-0.397,-2.162,-0.498,-0.623,0.098,-0.721,-0.561,0.034,-0.595,-0.037,-0.115,0.078,-0.123,-0.051,-0.072,0.091,-0.09,0.181,0.458,-0.091,-0.091,-0.074,-0.165,0.0,0.458,0.419,0.039,0.458,0.419,0.039,-0.087,-0.135,-2.648,-0.191,-2.457,-1.048,-0.29,-0.758,-0.569,-0.38,-0.189,-0.84,-0.024,-0.816,-0.525,-0.562,0.035,-0.167,1.247,1.247,-2.092,0.001,-0.167,0.191,-0.358,-0.167,0.191,-0.358,-2.249,-0.634,-1.927,-0.165,-2.091,28752,14330,14422
201965,Jeff Ayres,2017,0.223,0.011,0.212,0.348,-0.077,0.425,0.032,-0.389,0.421,-0.168,-0.053,-0.115,-0.339,-0.647,0.31,-1.001,0.392,0.392,-1.117,-0.725,0.0,-1.001,-0.543,-0.458,-1.001,-0.543,-0.458,0.191,0.086,-0.261,0.174,-0.435,-0.394,0.179,-0.573,-0.589,0.209,-0.798,0.548,0.05,0.498,0.058,-0.081,0.141,-1.319,0.152,0.152,-1.522,-1.37,0.0,-1.319,-0.527,-0.792,-1.319,-0.527,-0.792,0.278,0.06,-0.037,0.185,-0.222,-0.046,0.102,-0.148,-0.556,-0.18,-0.376,0.38,-0.003,0.383,-0.28,-0.729,0.452,-2.32,0.544,0.544,-2.095,-0.001,-2.32,-1.07,-1.25,-2.32,-1.07,-1.25,0.469,0.147,-0.725,-1.37,-2.096,7667,3837,3830
2863,Damien Wilkins,2017,-1.047,-0.226,-0.821,-1.264,-0.331,-0.933,-0.214,-0.487,0.273,0.657,-0.165,0.822,0.159,0.194,-0.027,0.24,-0.085,-0.085,-0.648,-0.733,-0.0,0.24,0.504,-0.264,0.24,0.504,-0.264,-0.929,-0.975,-1.632,0.07,-1.702,-0.835,-0.118,-0.717,-0.323,-0.103,-0.22,-0.544,0.007,-0.551,0.036,-0.124,0.159,0.174,0.054,0.054,-1.422,-1.368,-0.0,0.174,-0.082,0.256,0.174,-0.082,0.256,-1.464,-0.442,-2.679,-0.156,-2.523,-2.099,-0.449,-1.65,-0.537,-0.59,0.053,0.113,-0.158,0.271,0.195,0.07,0.132,0.414,-0.031,-0.031,-2.101,0.0,0.414,0.422,-0.008,0.414,0.422,-0.008,-2.393,-1.417,-0.733,-1.368,-2.101,3921,1943,1978
1627812,Yogi Ferrell,2017,-0.593,0.226,-0.819,-0.304,-0.008,-0.296,-0.339,0.256,-0.595,-0.176,0.086,-0.262,-0.513,-0.571,0.06,0.156,-0.197,-0.197,-0.95,-1.147,-0.0,0.156,-0.035,0.191,0.156,-0.035,0.191,0.472,-0.307,-1.199,-0.006,-1.193,-0.34,0.073,-0.413,-0.635,-0.077,-0.558,-0.218,-0.011,-0.207,-0.088,-0.101,0.016,-0.048,0.378,0.378,-1.335,-0.957,0.0,-0.048,0.019,-0.067,-0.048,0.019,-0.067,-0.797,-0.211,-1.791,0.22,-2.011,-0.643,0.066,-0.709,-0.974,0.179,-1.153,-0.394,0.075,-0.469,-0.601,-0.672,0.076,0.108,0.181,0.181,-2.104,0.0,0.108,-0.016,0.124,0.108,-0.016,0.124,-0.325,-0.518,-1.147,-0.957,-2.104,4610,2302,2308
202712,Justin Harper,2017,-0.305,0.13,-0.435,-0.41,-0.166,-0.244,0.042,0.057,-0.015,-0.067,0.02,-0.087,-0.246,-0.189,-0.054,-0.303,-0.2,-0.2,-0.854,-1.054,-0.0,-0.303,-0.098,-0.205,-0.303,-0.098,-0.205,-0.368,-0.39,-0.828,-0.06,-0.768,-0.184,0.03,-0.214,-0.398,-0.076,-0.322,-0.186,0.006,-0.192,-0.152,-0.123,-0.027,-0.29,0.22,0.22,-1.27,-1.05,0.0,-0.29,-0.134,-0.156,-0.29,-0.134,-0.156,-0.27,-0.036,-1.133,0.07,-1.203,-0.594,-0.136,-0.458,-0.356,-0.019,-0.337,-0.253,0.026,-0.279,-0.399,-0.312,-0.081,-0.593,0.019,0.019,-2.104,0.0,-0.593,-0.233,-0.36,-0.593,-0.233,-0.36,-0.638,-0.426,-1.054,-1.05,-2.104,255,127,128
201964,Victor Claver,2017,-0.942,-0.047,-0.895,0.35,-0.056,0.406,-0.09,-0.078,-0.012,-1.155,0.04,-1.195,-0.6,-0.343,-0.251,-0.488,0.352,0.352,-2.03,-1.678,0.0,-0.488,-0.698,0.21,-0.488,-0.698,0.21,0.244,0.551,-0.494,0.277,-0.771,-0.263,0.015,-0.278,-0.629,0.035,-0.664,0.121,-0.006,0.127,0.428,0.212,0.215,-0.21,-0.151,-0.151,-0.276,-0.427,0.0,-0.21,-0.183,-0.027,-0.21,-0.183,-0.027,-1.046,-0.071,-1.435,0.23,-1.665,0.088,-0.041,0.129,-0.719,-0.043,-0.676,-1.034,0.034,-1.068,-0.173,-0.13,-0.036,-0.698,0.201,0.201,-2.105,-0.001,-0.698,-0.882,0.184,-0.698,-0.882,0.184,-0.803,0.48,-1.678,-0.427,-2.106,4135,2056,2079
2767,Royal Ivey,2017,-2.166,-0.245,-1.921,-1.181,-0.283,-0.898,-0.532,-0.199,-0.333,-0.208,-0.025,-0.183,-0.474,-0.079,-0.391,-0.223,1.063,1.063,-2.863,-1.8,-0.0,-0.223,0.151,-0.374,-0.223,0.151,-0.374,0.715,-0.45,-0.574,0.081,-0.655,-0.42,-0.01,-0.41,0.318,0.071,0.247,-0.553,0.08,-0.633,-0.255,-0.339,0.084,0.079,0.442,0.442,-0.75,-0.308,0.0,0.079,-0.026,0.105,0.079,-0.026,0.105,-0.166,-0.245,-2.738,-0.164,-2.574,-1.6,-0.293,-1.307,-0.214,-0.128,-0.086,-0.76,0.055,-0.815,-0.729,-0.418,-0.308,-0.144,1.505,1.505,-2.108,-0.0,-0.144,0.125,-0.269,-0.144,0.125,-0.269,0.55,-0.694,-1.8,-0.308,-2.108,2618,1303,1315
200777,Joel Freeland,2017,-3.939,-0.294,-3.645,-1.637,-0.29,-1.347,-1.481,-0.6,-0.881,-0.527,-0.059,-0.468,-1.13,-0.964,-0.162,-0.672,2.459,2.459,-5.741,-3.282,-0.0,-0.672,-0.817,0.145,-0.672,-0.817,0.145,0.049,-0.696,2.287,0.182,2.105,0.733,-0.096,0.829,0.442,0.003,0.439,0.93,0.03,0.9,0.054,0.132,-0.077,-0.478,-0.698,-0.698,1.863,1.165,0.0,-0.478,-0.167,-0.311,-0.478,-0.167,-0.311,1.521,0.076,-1.652,-0.112,-1.54,-0.904,-0.386,-0.518,-1.039,-0.597,-0.442,0.403,-0.029,0.432,-1.076,-0.832,-0.24,-1.151,1.761,1.761,-2.117,-0.001,-1.151,-0.983,-0.168,-1.151,-0.983,-0.168,1.57,-0.62,-3.282,1.165,-2.118,7072,3525,3547
2038,Joel Przybilla,2017,-0.434,0.162,-0.596,-0.313,-0.201,-0.112,0.199,-0.049,0.248,-0.482,-0.006,-0.476,-0.153,-0.093,-0.055,-0.057,-0.36,-0.36,-0.644,-1.004,0.0,-0.057,-0.029,-0.028,-0.057,-0.029,-0.028,-0.702,-0.341,-0.758,-0.027,-0.731,-0.086,0.036,-0.122,-0.287,-0.053,-0.234,-0.358,0.004,-0.362,-0.126,-0.084,-0.04,-0.174,-0.059,-0.059,-1.058,-1.117,0.0,-0.174,-0.063,-0.111,-0.174,-0.063,-0.111,-0.717,-0.006,-1.193,0.135,-1.328,-0.4,-0.165,-0.235,-0.087,-0.102,0.015,-0.841,-0.003,-0.838,-0.28,-0.178,-0.095,-0.231,-0.42,-0.42,-2.121,-0.001,-0.231,-0.092,-0.139,-0.231,-0.092,-0.139,-1.419,-0.347,-1.004,-1.117,-2.122,268,133,135
1627778,Chinanu Onuaku,2017,-0.604,0.208,-0.812,0.147,-0.079,0.226,-0.093,0.059,-0.152,-0.866,-0.004,-0.862,-0.098,-0.154,0.063,-0.218,-0.163,-0.163,-0.92,-1.083,0.0,-0.218,0.049,-0.267,-0.218,0.049,-0.267,-0.926,0.087,-0.68,-0.074,-0.606,-0.191,0.042,-0.233,-0.111,-0.07,-0.041,-0.304,0.005,-0.309,-0.106,-0.12,0.015,-0.156,-0.099,-0.099,-0.942,-1.041,0.0,-0.156,-0.072,-0.084,-0.156,-0.072,-0.084,-0.423,-0.14,-1.284,0.134,-1.418,-0.045,-0.037,-0.008,-0.203,-0.011,-0.192,-1.17,0.001,-1.171,-0.204,-0.274,0.078,-0.374,-0.262,-0.262,-2.124,0.0,-0.374,-0.023,-0.351,-0.374,-0.023,-0.351,-1.348,-0.053,-1.083,-1.041,-2.124,216,107,109
201946,Tyler Hansbrough,2017,-3.083,0.004,-3.087,-1.62,-0.461,-1.159,-1.002,-0.246,-0.756,-0.465,-0.035,-0.43,0.213,0.821,-0.609,-0.417,1.463,1.463,-3.287,-1.824,-0.0,-0.417,0.018,-0.435,-0.417,0.018,-0.435,-3.579,-1.337,-1.04,-0.007,-1.033,-0.209,-0.21,0.001,-0.319,-0.004,-0.315,-0.505,0.06,-0.565,-0.183,-0.165,-0.018,0.707,0.214,0.214,-0.516,-0.302,0.0,0.707,-0.061,0.768,0.707,-0.061,0.768,0.223,-0.497,-4.121,-0.003,-4.118,-1.828,-0.671,-1.157,-1.32,-0.25,-1.07,-0.97,0.025,-0.995,0.03,0.656,-0.627,0.289,1.677,1.677,-2.126,0.0,0.289,-0.044,0.333,0.289,-0.044,0.333,-3.356,-1.834,-1.824,-0.302,-2.126,15590,7784,7806
203493,Reggie Bullock,2017,-1.68,0.06,-1.74,-0.868,-0.266,-0.602,-0.57,-0.009,-0.561,-0.302,0.092,-0.394,-0.343,-0.298,-0.044,0.273,-0.337,-0.337,-1.75,-2.087,0.0,0.273,-0.216,0.489,0.273,-0.216,0.489,0.701,-0.464,-0.009,0.112,-0.121,-0.58,0.04,-0.62,0.145,0.098,0.047,0.314,0.037,0.277,0.197,0.065,0.136,-0.473,0.24,0.24,-0.285,-0.045,-0.0,-0.473,-0.017,-0.456,-0.473,-0.017,-0.456,0.429,-0.137,-1.689,0.172,-1.861,-1.448,-0.226,-1.222,-0.425,0.089,-0.514,0.012,0.129,-0.117,-0.145,-0.233,0.092,-0.2,-0.097,-0.097,-2.132,0.001,-0.2,-0.233,0.033,-0.2,-0.233,0.033,1.13,-0.601,-2.087,-0.045,-2.131,6375,3186,3189
203561,Brandon Davies,2017,0.073,0.11,-0.037,-0.431,0.054,-0.485,-0.25,0.195,-0.445,0.644,0.007,0.637,-0.125,0.391,-0.515,-0.685,-0.368,-0.368,-0.737,-1.105,0.0,-0.685,-0.273,-0.412,-0.685,-0.273,-0.412,0.589,-0.05,-1.796,-0.039,-1.757,0.141,0.017,0.124,-1.179,-0.197,-0.982,-0.719,-0.043,-0.676,-0.268,-0.182,-0.086,1.078,-0.053,-0.053,-0.986,-1.039,0.0,1.078,0.184,0.894,1.078,0.184,0.894,-1.005,0.247,-1.725,0.071,-1.796,-0.292,0.07,-0.362,-1.429,-0.002,-1.427,-0.075,-0.036,-0.039,-0.393,0.209,-0.601,0.393,-0.42,-0.42,-2.144,0.0,0.393,-0.089,0.482,0.393,-0.089,0.482,-0.415,0.196,-1.105,-1.039,-2.144,3898,1959,1939
203902,Semaj Christon,2017,-0.39,-0.097,-0.293,-0.149,0.092,-0.241,0.149,0.093,0.056,-0.293,-0.045,-0.248,-0.426,0.075,-0.499,0.083,0.187,0.187,-0.733,-0.546,0.0,0.083,0.362,-0.279,0.083,0.362,-0.279,-1.685,-0.421,-1.098,-0.239,-0.859,-0.789,-0.175,-0.614,-0.694,-0.068,-0.626,0.624,0.052,0.572,-0.298,-0.364,0.069,-0.229,0.018,0.018,-1.625,-1.607,0.0,-0.229,-0.044,-0.185,-0.229,-0.044,-0.185,0.976,-0.255,-1.487,-0.336,-1.151,-0.938,-0.083,-0.855,-0.545,0.025,-0.57,0.332,0.008,0.324,-0.723,-0.29,-0.431,-0.146,0.205,0.205,-2.153,0.001,-0.146,0.318,-0.464,-0.146,0.318,-0.464,-0.709,-0.676,-0.546,-1.607,-2.152,3790,1881,1909
2224,Jamaal Tinsley,2017,-1.623,-0.101,-1.522,0.6,-0.22,0.82,-0.297,-0.1,-0.197,-1.825,0.012,-1.837,0.176,0.239,-0.052,-0.874,0.337,0.337,-2.321,-1.984,0.0,-0.874,-0.488,-0.386,-0.874,-0.488,-0.386,-0.31,-0.02,0.203,-0.046,0.249,-0.076,0.002,-0.078,0.283,0.019,0.264,0.042,0.015,0.027,-0.114,-0.136,0.021,-0.02,-0.246,-0.246,0.069,-0.177,0.0,-0.02,-0.345,0.325,-0.02,-0.345,0.325,0.532,0.032,-1.42,-0.147,-1.273,0.524,-0.218,0.742,-0.014,-0.081,0.067,-1.783,0.028,-1.811,0.062,0.103,-0.031,-0.893,0.091,0.091,-2.161,0.0,-0.893,-0.833,-0.06,-0.893,-0.833,-0.06,0.222,0.012,-1.984,-0.177,-2.161,4938,2471,2467
2209,Vladimir Radmanovic,2017,-1.054,0.06,-1.114,-0.052,-0.158,0.106,-0.255,0.168,-0.423,-0.807,0.094,-0.901,-0.469,-0.326,-0.141,-0.053,-0.246,-0.246,-1.576,-1.822,0.0,-0.053,0.013,-0.066,-0.053,0.013,-0.066,-0.748,-0.146,-0.263,-0.012,-0.251,-0.323,0.01,-0.333,-0.022,-0.05,0.028,0.094,0.024,0.07,-0.177,-0.168,-0.008,-0.031,0.126,0.126,-0.471,-0.345,0.0,-0.031,0.085,-0.116,-0.031,0.085,-0.116,0.326,-0.065,-1.316,0.048,-1.364,-0.375,-0.148,-0.227,-0.277,0.118,-0.395,-0.712,0.119,-0.831,-0.646,-0.494,-0.149,-0.084,-0.12,-0.12,-2.167,0.0,-0.084,0.098,-0.182,-0.084,0.098,-0.182,-0.421,-0.212,-1.822,-0.345,-2.167,584,288,296
202933,Julyan Stone,2017,-1.579,0.316,-1.895,-0.895,-0.157,-0.738,-0.219,0.068,-0.287,-0.781,0.041,-0.822,-0.224,-0.128,-0.093,-0.034,0.107,0.107,-1.837,-1.73,0.0,-0.034,0.156,-0.19,-0.034,0.156,-0.19,-1.149,-0.593,-0.134,-0.102,-0.032,0.233,0.017,0.216,-0.332,-0.077,-0.255,0.067,-0.01,0.077,-0.025,-0.0,-0.023,-0.319,0.017,0.017,-0.478,-0.461,-0.0,-0.319,-0.133,-0.186,-0.319,-0.133,-0.186,0.005,0.088,-1.712,0.214,-1.926,-0.662,-0.14,-0.522,-0.551,-0.009,-0.542,-0.713,0.031,-0.744,-0.25,-0.128,-0.116,-0.353,0.124,0.124,-2.191,0.0,-0.353,0.023,-0.376,-0.353,0.023,-0.376,-1.144,-0.505,-1.73,-0.461,-2.191,559,280,279
203108,Bernard James,2017,-0.838,0.047,-0.885,-0.95,-0.232,-0.718,0.156,-0.123,0.279,-0.091,0.042,-0.133,-0.221,-0.327,0.111,-0.858,0.155,0.155,-1.917,-1.762,-0.0,-0.858,-0.291,-0.567,-0.858,-0.291,-0.567,-1.573,-1.046,-0.695,-0.004,-0.691,-0.05,-0.067,0.017,-0.272,-0.202,-0.07,-0.369,-0.011,-0.358,-0.25,-0.39,0.14,-0.248,0.755,0.755,-1.193,-0.438,0.0,-0.248,0.02,-0.268,-0.248,0.02,-0.268,-0.335,-0.117,-1.532,0.043,-1.575,-0.999,-0.299,-0.7,-0.116,-0.325,0.209,-0.46,0.031,-0.491,-0.47,-0.717,0.251,-1.106,0.911,0.911,-2.2,-0.0,-1.106,-0.271,-0.835,-1.106,-0.271,-0.835,-1.908,-1.163,-1.762,-0.438,-2.2,3268,1634,1634
1627757,Stephen Zimmerman,2017,-0.913,0.057,-0.97,-0.525,-0.203,-0.322,-0.371,-0.08,-0.291,-0.074,0.006,-0.08,-0.463,-0.453,-0.007,0.08,-0.025,-0.025,-1.296,-1.321,0.0,0.08,-0.092,0.172,0.08,-0.092,0.172,-0.999,-0.468,-0.448,-0.1,-0.348,-0.323,0.026,-0.349,-0.148,-0.095,-0.053,0.123,0.0,0.123,-0.136,-0.214,0.079,-0.132,-0.163,-0.163,-0.716,-0.879,0.0,-0.132,-0.034,-0.098,-0.132,-0.034,-0.098,-0.423,-0.239,-1.361,-0.043,-1.318,-0.848,-0.177,-0.671,-0.518,-0.175,-0.343,0.048,0.006,0.042,-0.599,-0.666,0.072,-0.052,-0.188,-0.188,-2.2,-0.001,-0.052,-0.126,0.074,-0.052,-0.126,0.074,-1.422,-0.707,-1.321,-0.879,-2.201,412,203,209
1626203,Treveon Graham,2017,-0.732,0.186,-0.918,-0.821,-0.087,-0.734,0.055,0.132,-0.077,-0.152,-0.003,-0.149,0.003,0.129,-0.124,-0.173,-0.843,-0.843,-0.902,-1.745,-0.0,-0.173,-0.531,0.358,-0.173,-0.531,0.358,-1.616,-0.492,-0.255,-0.122,-0.133,-0.235,0.048,-0.283,-0.136,-0.093,-0.043,0.238,-0.021,0.259,0.025,0.091,-0.063,-0.244,0.011,0.011,-0.474,-0.463,-0.0,-0.244,-0.133,-0.111,-0.244,-0.133,-0.111,-0.571,-0.162,-0.987,0.064,-1.051,-1.056,-0.039,-1.017,-0.081,0.039,-0.12,0.086,-0.023,0.109,0.028,0.22,-0.186,-0.417,-0.832,-0.832,-2.208,0.001,-0.417,-0.664,0.247,-0.417,-0.664,0.247,-2.187,-0.654,-1.745,-0.463,-2.207,708,358,350
1626242,Luis Montero,2017,-0.787,0.136,-0.923,-0.456,-0.153,-0.303,-0.11,0.079,-0.189,-0.357,0.011,-0.368,-0.064,-0.031,-0.027,-0.37,-0.126,-0.126,-1.221,-1.347,0.0,-0.37,-0.172,-0.198,-0.37,-0.172,-0.198,-1.026,-0.238,-0.613,-0.116,-0.497,0.07,0.09,-0.02,-0.172,-0.032,-0.14,-0.395,-0.006,-0.389,-0.144,-0.109,-0.032,-0.109,0.003,0.003,-0.866,-0.863,0.0,-0.109,-0.085,-0.024,-0.109,-0.085,-0.024,-0.543,0.021,-1.4,0.02,-1.42,-0.386,-0.063,-0.323,-0.282,0.047,-0.329,-0.752,0.005,-0.757,-0.208,-0.141,-0.06,-0.479,-0.123,-0.123,-2.21,0.0,-0.479,-0.257,-0.222,-0.479,-0.257,-0.222,-1.568,-0.217,-1.347,-0.863,-2.21,181,91,90
101215,Will Conroy,2017,-1.103,0.168,-1.271,-0.368,-0.163,-0.205,-0.446,0.02,-0.466,-0.457,-0.003,-0.454,-0.173,-0.092,-0.077,-0.147,-0.097,-0.097,-1.423,-1.52,0.0,-0.147,-0.097,-0.05,-0.147,-0.097,-0.05,-1.055,-0.279,-0.478,-0.087,-0.391,0.014,0.043,-0.029,-0.246,-0.069,-0.177,-0.159,0.004,-0.163,-0.158,-0.131,-0.025,-0.164,0.097,0.097,-0.8,-0.703,0.0,-0.164,-0.087,-0.077,-0.164,-0.087,-0.077,-0.24,-0.041,-1.583,0.081,-1.664,-0.354,-0.119,-0.235,-0.694,-0.05,-0.644,-0.616,0.001,-0.617,-0.331,-0.223,-0.101,-0.312,-0.0,-0.0,-2.223,0.0,-0.312,-0.184,-0.128,-0.312,-0.184,-0.128,-1.296,-0.32,-1.52,-0.703,-2.223,80,39,41
2563,Dahntay Jones,2017,-0.769,-0.575,-0.194,-0.115,-0.358,0.243,-0.262,-0.389,0.127,0.183,-0.087,0.27,0.035,-0.012,0.051,0.235,-0.946,-0.946,-0.499,-1.445,-0.0,0.235,0.023,0.212,0.235,0.023,0.212,-2.128,-0.65,0.215,0.075,0.14,0.083,0.149,-0.066,-0.079,-0.125,0.046,0.136,-0.072,0.208,-0.21,-0.245,0.034,-0.27,-0.536,-0.536,-0.265,-0.801,0.0,-0.27,-0.419,0.149,-0.27,-0.419,0.149,0.601,0.292,-0.553,-0.5,-0.053,-0.031,-0.208,0.177,-0.341,-0.514,0.173,0.319,-0.159,0.478,-0.175,-0.256,0.085,-0.035,-1.482,-1.482,-2.246,-0.001,-0.035,-0.397,0.362,-0.035,-0.397,0.362,-1.528,-0.358,-1.445,-0.801,-2.247,5135,2531,2604
203119,Kim English,2017,-0.537,-0.229,-0.308,-0.072,0.046,-0.118,0.422,0.226,0.196,-0.658,-0.009,-0.649,0.021,0.389,-0.363,0.153,-0.857,-0.857,-0.363,-1.22,0.0,0.153,-0.189,0.342,0.153,-0.189,0.342,-1.692,-0.197,-0.605,0.141,-0.746,0.143,0.085,0.058,-0.274,-0.186,-0.088,-0.615,-0.052,-0.563,-0.105,-0.151,0.046,-0.066,-0.253,-0.253,-0.776,-1.029,0.0,-0.066,-0.235,0.169,-0.066,-0.235,0.169,-0.567,0.145,-1.141,-0.088,-1.053,0.071,0.131,-0.06,0.149,0.041,0.108,-1.273,-0.061,-1.212,-0.084,0.238,-0.317,0.087,-1.11,-1.11,-2.249,-0.001,0.087,-0.424,0.511,0.087,-0.424,0.511,-2.259,-0.052,-1.22,-1.029,-2.25,1587,789,798
202720,Jon Leuer,2017,-0.993,-0.008,-0.985,0.478,-0.159,0.637,-0.851,-0.53,-0.321,-0.612,-0.082,-0.53,-0.787,-0.666,-0.124,0.047,-0.761,-0.761,-1.733,-2.494,0.0,0.047,-0.168,0.215,0.047,-0.168,0.215,0.005,0.05,-1.141,0.013,-1.154,-0.543,0.006,-0.549,-0.02,0.067,-0.087,-0.591,0.026,-0.617,0.015,0.08,-0.065,0.622,0.746,0.746,-0.504,0.242,0.0,0.622,0.406,0.216,0.622,0.406,0.216,-0.368,-0.345,-2.135,0.005,-2.14,-0.065,-0.153,0.088,-0.872,-0.463,-0.409,-1.203,-0.056,-1.147,-0.772,-0.586,-0.189,0.669,-0.015,-0.015,-2.252,0.001,0.669,0.238,0.431,0.669,0.238,0.431,-0.364,-0.296,-2.494,0.242,-2.251,19084,9540,9544
203138,Hollis Thompson,2017,0.356,0.213,0.143,-0.523,-0.021,-0.502,-0.573,0.454,-1.027,1.239,0.22,1.019,-0.413,-0.071,-0.344,-0.152,0.045,0.045,-0.209,-0.164,-0.0,-0.152,-0.021,-0.131,-0.152,-0.021,-0.131,1.685,-0.53,-1.058,-0.06,-0.998,-1.046,-0.006,-1.04,-0.281,-0.175,-0.106,0.329,-0.021,0.35,-0.513,-0.546,0.032,0.118,-0.644,-0.644,-1.453,-2.097,0.0,0.118,0.186,-0.068,0.118,0.186,-0.068,-1.116,-0.731,-0.702,0.153,-0.855,-1.569,-0.027,-1.542,-0.854,0.279,-1.133,1.568,0.199,1.369,-0.926,-0.616,-0.311,-0.034,-0.6,-0.6,-2.261,0.0,-0.034,0.165,-0.199,-0.034,0.165,-0.199,0.569,-1.261,-0.164,-2.097,-2.261,25417,12740,12677
202545,Luke Zeller,2017,-1.442,0.071,-1.513,-0.332,-0.21,-0.122,-0.427,-0.032,-0.395,-0.754,0.008,-0.762,-0.087,-0.149,0.07,0.313,-0.472,-0.472,-1.216,-1.688,0.0,0.313,0.153,0.16,0.313,0.153,0.16,-1.04,-0.418,-0.389,-0.058,-0.331,-0.077,0.082,-0.159,-0.092,-0.041,-0.051,-0.162,-0.002,-0.16,-0.061,-0.102,0.042,-0.141,0.008,0.008,-0.591,-0.583,0.0,-0.141,-0.092,-0.049,-0.141,-0.092,-0.049,-0.294,0.02,-1.831,0.013,-1.844,-0.409,-0.128,-0.281,-0.519,-0.073,-0.446,-0.916,0.006,-0.922,-0.148,-0.251,0.112,0.172,-0.464,-0.464,-2.271,0.0,0.172,0.061,0.111,0.172,0.061,0.111,-1.334,-0.398,-1.688,-0.583,-2.271,231,116,115
1627783,Pascal Siakam,2017,-0.468,0.044,-0.512,0.183,0.041,0.142,-0.4,-0.446,0.046,-0.295,-0.128,-0.167,-0.665,-0.502,-0.164,-0.744,0.149,0.149,-1.877,-1.728,0.0,-0.744,-0.204,-0.54,-0.744,-0.204,-0.54,-3.223,-0.22,-1.589,-0.101,-1.488,-0.126,0.03,-0.156,-0.43,-0.023,-0.407,-0.932,-0.02,-0.912,0.118,0.104,0.016,0.547,0.358,0.358,-0.924,-0.566,0.0,0.547,0.44,0.107,0.547,0.44,0.107,-0.822,-0.025,-2.056,-0.057,-1.999,0.057,0.071,-0.014,-0.83,-0.469,-0.361,-1.226,-0.147,-1.079,-0.548,-0.398,-0.148,-0.197,0.506,0.506,-2.294,0.0,-0.197,0.236,-0.433,-0.197,0.236,-0.433,-4.045,-0.245,-1.728,-0.566,-2.294,3410,1700,1710
203146,Maalik Wayns,2017,-0.952,-0.115,-0.837,-0.514,-0.118,-0.396,-0.443,0.055,-0.498,0.12,0.009,0.111,-0.066,-0.049,-0.011,-0.227,0.218,0.218,-1.245,-1.027,0.0,-0.227,-0.069,-0.158,-0.227,-0.069,-0.158,-0.333,-0.319,-1.101,-0.007,-1.094,-0.521,0.013,-0.534,-0.365,-0.114,-0.251,-0.208,0.01,-0.218,-0.23,-0.3,0.07,-0.202,0.259,0.259,-1.533,-1.274,0.0,-0.202,-0.058,-0.144,-0.202,-0.058,-0.144,-0.397,-0.116,-2.053,-0.122,-1.931,-1.035,-0.105,-0.93,-0.808,-0.059,-0.749,-0.088,0.019,-0.107,-0.296,-0.348,0.059,-0.429,0.476,0.476,-2.301,0.0,-0.429,-0.127,-0.302,-0.429,-0.127,-0.302,-0.73,-0.435,-1.027,-1.274,-2.301,800,393,407
202700,Donatas Motiejunas,2017,-0.581,-0.056,-0.525,-0.543,-0.356,-0.187,0.965,-0.045,1.01,-0.947,0.172,-1.119,-0.917,-0.455,-0.461,-0.958,-0.217,-0.217,-2.456,-2.673,0.0,-0.958,-0.964,0.006,-0.958,-0.964,0.006,0.581,-0.675,-0.068,-0.045,-0.023,-0.026,-0.087,0.061,0.279,-0.139,0.418,-0.276,-0.062,-0.214,0.212,0.323,-0.109,0.454,-0.229,-0.229,0.598,0.369,0.0,0.454,0.319,0.135,0.454,0.319,0.135,-0.733,-0.181,-0.648,-0.101,-0.547,-0.569,-0.443,-0.126,1.245,-0.183,1.428,-1.223,0.11,-1.333,-0.705,-0.132,-0.57,-0.504,-0.446,-0.446,-2.304,0.0,-0.504,-0.644,0.14,-0.504,-0.644,0.14,-0.152,-0.856,-2.673,0.369,-2.304,18454,9250,9204
202685,Jonas Valanciunas,2017,0.497,0.156,0.341,-0.58,-0.425,-0.155,0.54,-0.812,1.352,0.381,-0.101,0.482,-0.464,-0.481,0.017,-1.546,0.71,0.71,-1.513,-0.803,0.0,-1.546,-0.867,-0.679,-1.546,-0.867,-0.679,-0.956,-0.636,-1.406,-0.286,-1.12,0.03,0.08,-0.05,-0.561,0.507,-1.068,-0.589,0.08,-0.669,0.845,0.832,0.015,-0.977,0.034,0.034,-1.538,-1.504,-0.0,-0.977,-0.433,-0.544,-0.977,-0.433,-0.544,-2.947,-0.282,-0.909,-0.13,-0.779,-0.55,-0.345,-0.205,-0.021,-0.305,0.284,-0.208,-0.021,-0.187,0.381,0.35,0.032,-2.523,0.745,0.745,-2.307,0.0,-2.523,-1.3,-1.223,-2.523,-1.3,-1.223,-3.903,-0.918,-0.803,-1.504,-2.307,39227,19616,19611
948,Marcus Camby,2017,-1.366,0.241,-1.607,-0.572,-0.227,-0.345,-0.696,-0.035,-0.661,-0.339,0.032,-0.371,-0.21,-0.112,-0.095,-0.463,-0.265,-0.265,-2.039,-2.304,0.0,-0.463,-0.069,-0.394,-0.463,-0.069,-0.394,-0.981,-0.334,0.2,-0.091,0.291,-0.036,0.086,-0.122,-0.259,-0.075,-0.184,0.586,-0.04,0.626,-0.017,0.001,-0.017,-0.021,-0.169,-0.169,0.162,-0.007,0.0,-0.021,-0.077,0.056,-0.021,-0.077,0.056,-0.251,-0.012,-1.166,0.15,-1.316,-0.608,-0.14,-0.468,-0.955,-0.11,-0.845,0.247,-0.008,0.255,-0.227,-0.11,-0.112,-0.484,-0.433,-0.433,-2.311,0.0,-0.484,-0.146,-0.338,-0.484,-0.146,-0.338,-1.232,-0.346,-2.304,-0.007,-2.311,897,446,451
202349,Greivis Vasquez,2017,-0.554,-0.087,-0.467,-0.31,-0.055,-0.255,0.06,0.159,-0.099,-0.217,0.12,-0.337,-0.103,-0.239,0.139,-0.256,0.064,0.064,-0.913,-0.849,0.0,-0.256,0.004,-0.26,-0.256,0.004,-0.26,1.44,0.144,-0.694,0.268,-0.962,-1.188,-0.302,-0.886,0.257,-0.315,0.572,-0.031,-0.023,-0.008,-0.122,-0.178,0.054,-0.094,-0.562,-0.562,-0.91,-1.472,0.0,-0.094,0.125,-0.219,-0.094,0.125,-0.219,-2.141,-0.984,-1.25,0.181,-1.431,-1.498,-0.357,-1.141,0.316,-0.156,0.472,-0.249,0.097,-0.346,-0.225,-0.417,0.193,-0.351,-0.499,-0.499,-2.321,-0.0,-0.351,0.129,-0.48,-0.351,0.129,-0.48,-0.701,-0.84,-0.849,-1.472,-2.321,26943,13438,13505
201971,DeJuan Blair,2017,-0.407,-0.076,-0.331,-0.171,-0.072,-0.099,0.596,-0.473,1.069,-0.756,-0.102,-0.654,-0.833,-0.52,-0.309,-0.688,-0.352,-0.352,-1.928,-2.28,0.0,-0.688,-0.444,-0.244,-0.688,-0.444,-0.244,0.821,0.001,-0.501,-0.121,-0.38,-0.292,0.102,-0.394,-0.459,0.172,-0.631,0.371,0.069,0.302,-0.2,-0.473,0.274,0.04,0.618,0.618,-0.661,-0.043,0.0,0.04,0.006,0.034,0.04,0.006,0.034,1.44,0.432,-0.907,-0.197,-0.71,-0.463,0.03,-0.493,0.138,-0.301,0.439,-0.385,-0.033,-0.352,-1.033,-0.993,-0.035,-0.648,0.266,0.266,-2.323,-0.001,-0.648,-0.438,-0.21,-0.648,-0.438,-0.21,2.261,0.434,-2.28,-0.043,-2.324,10360,5162,5198
1627826,Ivica Zubac,2017,-0.148,0.141,-0.289,-0.211,0.031,-0.242,0.701,-0.105,0.806,-0.779,-0.073,-0.706,-0.348,-0.13,-0.217,-0.057,-0.849,-0.849,-0.553,-1.402,0.0,-0.057,-0.2,0.143,-0.057,-0.2,0.143,-0.558,0.126,-0.536,-0.184,-0.352,0.199,-0.092,0.291,-0.859,-0.033,-0.826,0.308,0.015,0.293,0.0,0.113,-0.111,-0.305,-0.082,-0.082,-0.841,-0.923,-0.0,-0.305,0.155,-0.46,-0.305,0.155,-0.46,-0.675,-0.238,-0.684,-0.043,-0.641,-0.012,-0.06,0.048,-0.158,-0.138,-0.02,-0.471,-0.058,-0.413,-0.348,-0.017,-0.327,-0.361,-0.931,-0.931,-2.325,0.0,-0.361,-0.045,-0.316,-0.361,-0.045,-0.316,-1.233,-0.112,-1.402,-0.923,-2.325,2511,1251,1260
201565,Derrick Rose,2017,-1.177,0.222,-1.399,-0.812,0.325,-1.137,-0.342,-0.079,-0.263,-0.245,-0.099,-0.146,-0.031,-0.163,0.133,0.322,0.443,0.443,-0.886,-0.443,-0.0,0.322,0.201,0.121,0.322,0.201,0.121,-3.481,-0.725,-0.031,-0.191,0.16,-0.147,-0.154,0.007,0.22,0.019,0.201,0.087,0.038,0.049,0.329,0.319,0.013,-0.851,-1.332,-1.332,-0.553,-1.885,0.0,-0.851,-0.245,-0.606,-0.851,-0.245,-0.606,-2.031,-0.708,-1.211,0.031,-1.242,-0.961,0.17,-1.131,-0.123,-0.061,-0.062,-0.158,-0.061,-0.097,0.298,0.156,0.146,-0.528,-0.889,-0.889,-2.328,-0.001,-0.528,-0.044,-0.484,-0.528,-0.044,-0.484,-5.511,-1.432,-0.443,-1.885,-2.329,25549,12784,12765
203115,Will Barton,2017,-2.576,0.297,-2.873,-0.125,0.314,-0.439,-1.283,0.084,-1.367,-1.465,-0.04,-1.425,0.053,0.103,-0.054,-0.095,0.504,0.504,-2.618,-2.114,0.0,-0.095,-0.05,-0.045,-0.095,-0.05,-0.045,-2.918,0.036,0.415,-0.072,0.487,-0.558,-0.259,-0.299,-0.667,-0.17,-0.497,1.712,0.04,1.672,-0.331,-0.272,-0.059,0.088,-0.389,-0.389,0.172,-0.217,0.0,0.088,-0.082,0.17,0.088,-0.082,0.17,1.721,-0.434,-2.161,0.225,-2.386,-0.684,0.054,-0.738,-1.949,-0.085,-1.864,0.247,-0.0,0.247,-0.278,-0.169,-0.112,-0.008,0.115,0.115,-2.331,0.0,-0.008,-0.132,0.124,-0.008,-0.132,0.124,-1.198,-0.398,-2.114,-0.217,-2.331,25064,12517,12547
1627879,Nicolas Laprovittola,2017,-1.679,0.089,-1.768,-0.489,-0.13,-0.359,-0.807,0.096,-0.903,-0.472,-0.006,-0.466,0.165,0.128,0.044,-0.015,-0.168,-0.168,-1.529,-1.697,-0.0,-0.015,-0.012,-0.003,-0.015,-0.012,-0.003,-1.334,-0.339,-0.252,-0.106,-0.146,-0.084,-0.001,-0.083,0.041,-0.09,0.131,-0.103,0.002,-0.105,-0.066,-0.078,0.015,-0.148,-0.184,-0.184,-0.466,-0.65,-0.0,-0.148,-0.003,-0.145,-0.148,-0.003,-0.145,-0.221,-0.174,-1.931,-0.017,-1.914,-0.572,-0.131,-0.441,-0.767,0.005,-0.772,-0.575,-0.004,-0.571,0.1,0.05,0.059,-0.163,-0.352,-0.352,-2.347,-0.0,-0.163,-0.016,-0.147,-0.163,-0.016,-0.147,-1.555,-0.513,-1.697,-0.65,-2.347,643,317,326
201579,Roy Hibbert,2017,-3.327,0.225,-3.552,-1.497,-0.494,-1.003,-1.683,-1.209,-0.474,-0.372,-0.193,-0.179,-0.433,-0.733,0.3,-0.94,0.781,0.781,-4.7,-3.919,-0.0,-0.94,-0.629,-0.311,-0.94,-0.629,-0.311,-3.277,-1.521,2.825,0.016,2.809,2.137,0.42,1.717,0.712,0.804,-0.092,-0.04,0.081,-0.121,0.91,0.923,-0.015,-1.57,-0.594,-0.594,2.165,1.571,-0.0,-1.57,-0.871,-0.699,-1.57,-0.871,-0.699,0.39,1.002,-0.502,0.241,-0.743,0.64,-0.074,0.714,-0.972,-0.406,-0.566,-0.411,-0.111,-0.3,0.476,0.19,0.284,-2.51,0.187,0.187,-2.348,-0.001,-2.51,-1.5,-1.01,-2.51,-1.5,-1.01,-2.888,-0.519,-3.919,1.571,-2.349,39242,19640,19602
203111,Orlando Johnson,2017,-2.865,-0.055,-2.81,-1.029,-0.247,-0.782,-0.744,-0.072,-0.672,-1.037,0.031,-1.068,-0.494,-0.192,-0.296,0.113,0.678,0.678,-3.246,-2.568,0.0,0.113,0.167,-0.054,0.113,0.167,-0.054,-2.032,-0.96,0.68,0.088,0.592,0.259,0.174,0.085,-0.001,0.175,-0.176,0.334,0.074,0.26,-0.24,-0.309,0.07,-0.432,0.203,0.203,0.008,0.211,-0.0,-0.432,-0.414,-0.018,-0.432,-0.414,-0.018,2.084,0.417,-2.185,0.033,-2.218,-0.771,-0.074,-0.697,-0.744,0.104,-0.848,-0.703,0.105,-0.808,-0.734,-0.501,-0.227,-0.32,0.881,0.881,-2.357,0.0,-0.32,-0.247,-0.073,-0.32,-0.247,-0.073,0.052,-0.543,-2.568,0.211,-2.357,4213,2110,2103
202066,Garrett Temple,2017,-0.919,-0.225,-0.694,0.029,-0.228,0.257,-0.678,-0.294,-0.384,-0.045,-0.064,0.019,-0.238,-0.141,-0.098,-0.145,-1.093,-1.093,-1.302,-2.395,0.0,-0.145,-0.121,-0.024,-0.145,-0.121,-0.024,-0.29,-0.263,-0.732,0.097,-0.829,0.159,0.125,0.034,-0.798,-0.161,-0.637,-0.19,-0.026,-0.164,-0.432,-0.505,0.072,0.625,0.576,0.576,-0.539,0.037,-0.0,0.625,-0.086,0.711,0.625,-0.086,0.711,0.898,0.573,-1.652,-0.128,-1.524,0.188,-0.103,0.291,-1.476,-0.455,-1.021,-0.236,-0.09,-0.146,-0.67,-0.646,-0.026,0.48,-0.517,-0.517,-2.358,0.001,0.48,-0.207,0.687,0.48,-0.207,0.687,0.608,0.311,-2.395,0.037,-2.357,24296,12085,12211
1626179,Terry Rozier,2017,-2.314,0.144,-2.458,-1.711,-0.115,-1.596,-0.302,0.199,-0.501,-0.445,0.029,-0.474,0.182,0.432,-0.249,0.753,-0.933,-0.933,-1.379,-2.312,0.0,0.753,0.699,0.054,0.753,0.699,0.054,-0.699,-0.73,-0.09,-0.16,0.07,-0.071,-0.091,0.02,0.322,-0.05,0.372,-0.181,0.015,-0.196,0.055,-0.026,0.085,-0.148,0.135,0.135,-0.183,-0.048,-0.0,-0.148,0.157,-0.305,-0.148,0.157,-0.305,-0.042,0.005,-2.404,-0.016,-2.388,-1.781,-0.205,-1.576,0.02,0.149,-0.129,-0.627,0.044,-0.671,0.237,0.406,-0.164,0.605,-0.798,-0.798,-2.36,0.0,0.605,0.856,-0.251,0.605,0.856,-0.251,-0.741,-0.726,-2.312,-0.048,-2.36,7602,3793,3809
2584,Willie Green,2017,-1.356,0.316,-1.672,-0.315,-0.251,-0.064,-0.095,-0.029,-0.066,-1.262,0.122,-1.384,-0.63,-0.159,-0.466,-0.389,-0.489,-0.489,-2.375,-2.864,0.0,-0.389,-0.4,0.011,-0.389,-0.4,0.011,-1.539,-0.658,-0.26,-0.047,-0.213,-0.484,0.058,-0.542,-0.09,0.005,-0.095,0.361,-0.019,0.38,-0.036,-0.07,0.035,0.34,0.457,0.457,0.044,0.501,-0.0,0.34,0.541,-0.201,0.34,0.541,-0.201,0.664,0.053,-1.617,0.269,-1.886,-0.799,-0.193,-0.606,-0.185,-0.024,-0.161,-0.902,0.102,-1.004,-0.665,-0.229,-0.431,-0.049,-0.032,-0.032,-2.363,-0.0,-0.049,0.14,-0.189,-0.049,0.14,-0.189,-0.875,-0.605,-2.864,0.501,-2.363,11466,5740,5726
203123,Kostas Papanikolaou,2017,0.181,0.206,-0.025,0.216,0.116,0.1,-0.254,0.367,-0.621,0.013,0.164,-0.151,-0.935,-0.579,-0.353,-1.019,-0.514,-0.514,-1.773,-2.287,0.0,-1.019,-0.227,-0.792,-1.019,-0.227,-0.792,-0.178,-0.245,-0.227,-0.239,0.012,-0.106,-0.085,-0.021,0.355,-0.01,0.365,-0.237,0.017,-0.254,-0.045,-0.039,-0.004,0.168,0.023,0.023,-0.104,-0.081,0.0,0.168,0.172,-0.004,0.168,0.172,-0.004,1.175,0.099,-0.045,-0.033,-0.012,0.11,0.03,0.08,0.102,0.358,-0.256,-0.224,0.181,-0.405,-0.98,-0.618,-0.357,-0.851,-0.491,-0.491,-2.368,0.001,-0.851,-0.055,-0.796,-0.851,-0.055,-0.796,0.997,-0.146,-2.287,-0.081,-2.367,4277,2131,2146
201573,Jerryd Bayless,2017,-0.802,0.052,-0.854,-1.32,-0.242,-1.078,-0.343,-0.076,-0.267,0.809,0.059,0.75,0.268,0.093,0.176,-0.032,-0.138,-0.138,-0.566,-0.704,0.0,-0.032,-0.218,0.186,-0.032,-0.218,0.186,1.245,-0.734,0.663,0.361,0.302,0.304,0.127,0.177,-0.243,-0.181,-0.062,0.241,-0.014,0.255,-0.912,-0.767,-0.145,-0.374,-1.073,-1.073,-0.623,-1.696,0.0,-0.374,-0.518,0.144,-0.374,-0.518,0.144,0.394,0.096,-0.138,0.413,-0.551,-1.015,-0.115,-0.9,-0.586,-0.257,-0.329,1.05,0.045,1.005,-0.644,-0.674,0.032,-0.406,-1.21,-1.21,-2.4,0.0,-0.406,-0.736,0.33,-0.406,-0.736,0.33,1.64,-0.638,-0.704,-1.696,-2.4,27194,13607,13587
202696,Nikola Vucevic,2017,-1.997,-0.063,-1.934,-0.269,-0.123,-0.146,-0.477,-0.736,0.259,-1.188,-0.134,-1.054,-0.736,-0.814,0.079,-0.697,1.334,1.334,-3.43,-2.096,0.0,-0.697,-0.499,-0.198,-0.697,-0.499,-0.198,0.561,-0.062,-1.36,-0.025,-1.335,-0.74,-0.116,-0.624,0.082,0.158,-0.076,-0.677,0.013,-0.69,0.389,0.609,-0.223,-0.301,0.964,0.964,-1.272,-0.308,0.0,-0.301,0.162,-0.463,-0.301,0.162,-0.463,-2.269,-0.719,-3.358,-0.088,-3.27,-1.01,-0.239,-0.771,-0.395,-0.578,0.183,-1.865,-0.121,-1.744,-0.346,-0.205,-0.145,-0.997,2.297,2.297,-2.404,0.0,-0.997,-0.337,-0.66,-0.997,-0.337,-0.66,-1.708,-0.781,-2.096,-0.308,-2.404,42894,21467,21427
201858,Cartier Martin,2017,-2.603,-0.216,-2.387,-0.779,-0.364,-0.415,-0.869,-0.043,-0.826,-0.739,0.076,-0.815,-0.352,-0.166,-0.18,-0.057,0.757,0.757,-3.012,-2.255,0.0,-0.057,0.04,-0.097,-0.057,0.04,-0.097,-0.959,-0.674,-0.125,0.127,-0.252,-0.222,0.131,-0.353,0.146,-0.101,0.247,-0.176,-0.044,-0.132,-0.314,-0.336,0.022,-0.077,0.364,0.364,-0.516,-0.152,0.0,-0.077,-0.177,0.1,-0.077,-0.177,0.1,0.492,0.333,-2.729,-0.089,-2.64,-1.002,-0.233,-0.769,-0.723,-0.144,-0.579,-0.915,0.032,-0.947,-0.666,-0.502,-0.159,-0.134,1.121,1.121,-2.407,0.0,-0.134,-0.137,0.003,-0.134,-0.137,0.003,-0.467,-0.341,-2.255,-0.152,-2.407,6795,3394,3401
201564,O.J. Mayo,2017,-0.038,0.158,-0.196,-0.032,0.014,-0.046,-0.011,-0.289,0.278,-0.153,-0.035,-0.118,-0.253,-0.422,0.171,-0.894,-1.401,-1.401,-1.185,-2.586,0.0,-0.894,-0.602,-0.292,-0.894,-0.602,-0.292,-0.059,-0.159,0.283,0.016,0.267,0.365,-0.148,0.513,-0.515,-0.18,-0.335,0.417,0.013,0.404,-0.473,-0.634,0.157,0.379,-0.014,-0.014,0.189,0.175,0.0,0.379,0.348,0.031,0.379,0.348,0.031,0.74,-0.117,0.245,0.174,0.071,0.333,-0.134,0.467,-0.527,-0.47,-0.057,0.265,-0.022,0.287,-0.726,-1.056,0.328,-0.515,-1.415,-1.415,-2.411,0.0,-0.515,-0.254,-0.261,-0.515,-0.254,-0.261,0.682,-0.277,-2.586,0.175,-2.411,28030,14043,13987
200797,Ryan Hollins,2017,-1.322,-0.013,-1.309,-0.252,-0.124,-0.128,-0.78,-0.37,-0.41,-0.277,-0.067,-0.21,-0.675,-0.372,-0.301,-0.981,0.338,0.338,-2.978,-2.64,0.0,-0.981,-0.082,-0.899,-0.981,-0.082,-0.899,-1.369,-0.11,1.193,0.269,0.924,0.386,0.381,0.005,0.265,0.192,0.073,0.273,-0.002,0.275,-0.073,-0.111,0.039,-0.684,-0.209,-0.209,0.436,0.227,-0.0,-0.684,-0.391,-0.293,-0.684,-0.391,-0.293,-0.094,0.332,-0.129,0.256,-0.385,0.135,0.257,-0.122,-0.516,-0.178,-0.338,-0.004,-0.069,0.065,-0.748,-0.482,-0.262,-1.665,0.129,0.129,-2.413,0.0,-1.665,-0.472,-1.193,-1.665,-0.472,-1.193,-1.463,0.222,-2.64,0.227,-2.413,8010,3993,4017
1627787,Kyle Wiltjer,2017,-0.779,0.172,-0.951,-0.246,-0.122,-0.124,-0.455,0.036,-0.491,-0.25,0.009,-0.259,-0.217,-0.214,0.003,-0.541,-0.082,-0.082,-1.537,-1.619,0.0,-0.541,-0.353,-0.188,-0.541,-0.353,-0.188,-0.936,-0.289,-0.678,-0.149,-0.529,-0.212,0.006,-0.218,-0.289,-0.085,-0.204,-0.028,0.001,-0.029,-0.155,-0.121,-0.031,-0.187,0.207,0.207,-1.02,-0.813,0.0,-0.187,-0.097,-0.09,-0.187,-0.097,-0.09,-0.198,-0.03,-1.458,0.023,-1.481,-0.459,-0.116,-0.343,-0.744,-0.049,-0.695,-0.278,0.01,-0.288,-0.372,-0.336,-0.028,-0.728,0.125,0.125,-2.432,0.001,-0.728,-0.45,-0.278,-0.728,-0.45,-0.278,-1.134,-0.32,-1.619,-0.813,-2.431,217,108,109
1627362,Briante Weber,2017,-1.562,-0.025,-1.537,-0.078,0.023,-0.101,-0.873,-0.082,-0.791,-0.586,-0.067,-0.519,-0.269,-0.149,-0.117,0.315,0.865,0.865,-1.516,-0.651,0.0,0.315,0.104,0.211,0.315,0.104,0.211,-1.196,0.009,-1.868,-0.243,-1.625,-0.469,0.008,-0.477,-0.603,-0.091,-0.512,-0.553,-0.018,-0.535,-0.007,-0.075,0.07,-0.102,0.194,0.194,-1.977,-1.783,0.0,-0.102,-0.059,-0.043,-0.102,-0.059,-0.043,-1.647,-0.223,-3.43,-0.268,-3.162,-0.547,0.031,-0.578,-1.476,-0.173,-1.303,-1.139,-0.085,-1.054,-0.276,-0.224,-0.048,0.212,1.059,1.059,-2.434,0.0,0.212,0.045,0.167,0.212,0.045,0.167,-2.843,-0.214,-0.651,-1.783,-2.434,1421,707,714
202719,Jeremy Tyler,2017,-1.038,-0.077,-0.961,-0.412,-0.209,-0.203,0.049,-0.361,0.41,-0.598,-0.14,-0.458,-0.339,0.017,-0.355,-0.498,0.455,0.455,-1.875,-1.42,0.0,-0.498,-0.241,-0.257,-0.498,-0.241,-0.257,-4.456,-0.897,-0.563,-0.057,-0.506,0.062,0.017,0.045,-0.075,-0.195,0.12,-0.493,-0.041,-0.452,-0.144,-0.215,0.072,-0.128,-0.196,-0.196,-0.835,-1.031,0.0,-0.128,-0.396,0.268,-0.128,-0.396,0.268,0.292,0.292,-1.601,-0.134,-1.467,-0.35,-0.192,-0.158,-0.026,-0.556,0.53,-1.091,-0.181,-0.91,-0.484,-0.198,-0.283,-0.626,0.259,0.259,-2.451,-0.0,-0.626,-0.638,0.012,-0.626,-0.638,0.012,-4.164,-0.605,-1.42,-1.031,-2.451,1769,886,883
202361,Landry Fields,2017,-0.565,-0.138,-0.427,-0.52,0.096,-0.616,0.517,-0.113,0.63,-0.424,-0.003,-0.421,-0.694,-0.58,-0.108,-0.149,0.122,0.122,-1.408,-1.286,0.0,-0.149,0.1,-0.249,-0.149,0.1,-0.249,0.26,0.441,-0.43,-0.087,-0.343,-0.826,-0.071,-0.755,0.162,0.051,0.111,0.321,0.058,0.263,-0.268,-0.269,-0.001,-0.398,-0.077,-0.077,-1.096,-1.173,0.0,-0.398,-0.134,-0.264,-0.398,-0.134,-0.264,0.379,-0.444,-0.997,-0.225,-0.772,-1.346,0.026,-1.372,0.678,-0.063,0.741,-0.104,0.054,-0.158,-0.963,-0.849,-0.108,-0.547,0.044,0.044,-2.459,-0.001,-0.547,-0.034,-0.513,-0.547,-0.034,-0.513,0.639,-0.003,-1.286,-1.173,-2.46,6059,3006,3053
2605,Marquis Daniels,2017,-3.921,-0.116,-3.805,-0.665,0.068,-0.733,-3.095,-0.338,-2.757,-0.045,-0.143,0.098,-0.523,-0.279,-0.238,0.821,-0.148,-0.148,-3.623,-3.771,0.0,0.821,-0.04,0.861,0.821,-0.04,0.861,-2.817,-0.203,0.71,0.112,0.598,-0.883,-0.159,-0.724,0.821,-0.027,0.848,0.66,0.051,0.609,-0.123,-0.042,-0.083,0.287,0.436,0.436,0.874,1.31,0.0,0.287,0.38,-0.093,0.287,0.38,-0.093,0.74,-0.563,-3.209,-0.004,-3.205,-1.547,-0.091,-1.456,-2.273,-0.364,-1.909,0.615,-0.092,0.707,-0.647,-0.321,-0.32,1.108,0.288,0.288,-2.461,0.0,1.108,0.34,0.768,1.108,0.34,0.768,-2.077,-0.767,-3.771,1.31,-2.461,4352,2159,2193
202365,Devin Ebanks,2017,-1.786,0.031,-1.817,-1.356,-0.182,-1.174,-0.339,0.08,-0.419,-0.122,0.039,-0.161,-0.207,-0.159,-0.041,-0.071,0.1,0.1,-2.064,-1.964,0.0,-0.071,-0.073,0.002,-0.071,-0.073,0.002,-1.314,-0.533,0.22,-0.026,0.246,-0.149,0.022,-0.171,0.478,-0.111,0.589,-0.083,-0.005,-0.078,-0.245,-0.221,-0.023,-0.194,-0.28,-0.28,-0.219,-0.499,0.0,-0.194,-0.188,-0.006,-0.194,-0.188,-0.006,0.165,-0.19,-1.566,0.005,-1.571,-1.505,-0.16,-1.345,0.139,-0.031,0.17,-0.205,0.034,-0.239,-0.452,-0.38,-0.064,-0.265,-0.18,-0.18,-2.463,0.0,-0.265,-0.262,-0.003,-0.265,-0.262,-0.003,-1.15,-0.724,-1.964,-0.499,-2.463,773,388,385
203112,Quincy Acy,2017,-1.871,0.232,-2.103,-1.112,0.013,-1.125,-1.022,-0.107,-0.915,0.031,-0.014,0.045,-0.084,-0.305,0.221,-0.564,0.638,0.638,-2.519,-1.881,0.0,-0.564,-0.461,-0.103,-0.564,-0.461,-0.103,-1.675,-0.243,-0.033,0.18,-0.213,0.4,0.214,0.186,-0.032,-0.167,0.135,-0.581,-0.048,-0.533,-0.698,-0.686,-0.013,0.158,-0.011,-0.011,-0.573,-0.584,0.0,0.158,-0.091,0.249,0.158,-0.091,0.249,0.174,0.493,-1.903,0.412,-2.315,-0.711,0.228,-0.939,-1.054,-0.274,-0.78,-0.55,-0.062,-0.488,-0.782,-0.991,0.208,-0.406,0.627,0.627,-2.465,0.0,-0.406,-0.553,0.147,-0.406,-0.553,0.147,-1.501,0.251,-1.881,-0.584,-2.465,15094,7525,7569
201161,Daequan Cook,2017,-1.731,-0.341,-1.39,-0.554,-0.135,-0.419,-0.906,0.289,-1.195,0.07,0.127,-0.057,-0.054,-0.114,0.068,-0.009,0.087,0.087,-1.794,-1.707,0.0,-0.009,-0.11,0.101,-0.009,-0.11,0.101,-0.969,-0.588,-0.684,0.063,-0.747,-0.175,0.017,-0.192,-0.28,-0.046,-0.234,-0.292,0.007,-0.299,-0.06,-0.089,0.029,0.2,-0.224,-0.224,-0.544,-0.768,0.0,0.2,-0.074,0.274,0.2,-0.074,0.274,-0.291,0.135,-2.416,-0.278,-2.138,-0.729,-0.118,-0.611,-1.186,0.243,-1.429,-0.223,0.134,-0.357,-0.114,-0.203,0.096,0.191,-0.137,-0.137,-2.475,0.0,0.191,-0.184,0.375,0.191,-0.184,0.375,-1.26,-0.453,-1.707,-0.768,-2.475,1826,916,910
202498,Lance Thomas,2017,-2.137,0.192,-2.329,-1.232,-0.217,-1.015,-0.28,-0.424,0.144,-0.817,-0.132,-0.685,0.585,0.327,0.256,0.109,-0.189,-0.189,-1.443,-1.632,0.0,0.109,-0.045,0.154,0.109,-0.045,0.154,-3.111,-0.947,0.013,0.017,-0.004,0.033,-0.238,0.271,-0.984,-0.141,-0.843,0.947,0.047,0.9,-0.215,-0.214,0.001,-0.651,-0.007,-0.007,-0.853,-0.86,0.0,-0.651,-0.317,-0.334,-0.651,-0.317,-0.334,0.268,-0.45,-2.122,0.209,-2.331,-1.198,-0.454,-0.744,-1.263,-0.565,-0.698,0.13,-0.085,0.215,0.371,0.113,0.257,-0.542,-0.196,-0.196,-2.492,0.001,-0.542,-0.362,-0.18,-0.542,-0.362,-0.18,-2.843,-1.398,-1.632,-0.86,-2.491,16831,8390,8441
101131,Jason Maxiell,2017,-2.211,0.11,-2.321,-1.623,-0.149,-1.474,-0.09,-0.458,0.368,-0.608,-0.064,-0.544,-0.888,-0.489,-0.394,-0.477,0.487,0.487,-3.576,-3.089,-0.0,-0.477,0.052,-0.529,-0.477,0.052,-0.529,-0.724,-1.032,1.143,-0.188,1.331,0.689,-0.203,0.892,1.48,0.066,1.414,-0.838,0.015,-0.853,0.51,0.477,0.033,-0.347,-0.711,-0.711,1.306,0.595,-0.0,-0.347,-0.446,0.099,-0.347,-0.446,0.099,-0.179,0.109,-1.068,-0.078,-0.99,-0.935,-0.352,-0.583,1.391,-0.391,1.782,-1.446,-0.049,-1.397,-0.378,-0.012,-0.361,-0.824,-0.225,-0.225,-2.494,-0.0,-0.824,-0.393,-0.431,-0.824,-0.393,-0.431,-0.904,-0.923,-3.089,0.595,-2.494,11837,5908,5929
202732,DeAndre Liggins,2017,-0.678,-0.225,-0.453,-0.284,0.092,-0.376,-0.705,0.142,-0.847,0.536,-0.002,0.538,-0.556,-0.274,-0.28,-0.796,-0.943,-0.943,-2.03,-2.973,0.0,-0.796,-0.285,-0.511,-0.796,-0.285,-0.511,-0.96,-0.175,-0.215,0.12,-0.335,-0.304,-0.034,-0.27,-0.043,-0.051,0.008,0.012,0.011,0.001,0.128,-0.033,0.163,0.228,0.337,0.337,0.141,0.478,-0.0,0.228,0.168,0.06,0.228,0.168,0.06,0.31,-0.097,-0.896,-0.105,-0.791,-0.59,0.057,-0.647,-0.749,0.091,-0.84,0.548,0.008,0.54,-0.428,-0.306,-0.117,-0.568,-0.606,-0.606,-2.495,0.001,-0.568,-0.117,-0.451,-0.568,-0.117,-0.451,-0.65,-0.272,-2.973,0.478,-2.494,4419,2209,2210
1627815,Sheldon Mac,2017,-1.508,0.194,-1.702,-0.315,-0.021,-0.294,-0.626,-0.13,-0.496,-0.761,-0.048,-0.713,-0.244,-0.26,0.02,-0.264,-0.169,-0.169,-2.016,-2.185,0.0,-0.264,0.079,-0.343,-0.264,0.079,-0.343,-1.27,0.066,-0.043,-0.11,0.067,0.228,-0.01,0.238,0.099,-0.059,0.158,-0.26,0.016,-0.276,-0.11,-0.192,0.084,-0.002,-0.159,-0.159,-0.155,-0.314,0.0,-0.002,0.02,-0.022,-0.002,0.02,-0.022,0.246,0.03,-1.551,0.084,-1.635,-0.087,-0.031,-0.056,-0.527,-0.189,-0.338,-1.021,-0.032,-0.989,-0.354,-0.452,0.104,-0.266,-0.328,-0.328,-2.499,0.0,-0.266,0.099,-0.365,-0.266,0.099,-0.365,-1.024,0.096,-2.185,-0.314,-2.499,1183,585,598
2744,Al Jefferson,2017,-0.883,0.013,-0.896,-0.482,-0.376,-0.106,-0.242,-1.21,0.968,-0.172,-0.284,0.112,-0.848,-0.365,-0.484,1.196,-1.492,-1.492,-0.535,-2.027,0.0,1.196,0.328,0.868,1.196,0.328,0.868,0.066,-0.72,-0.229,-0.097,-0.132,-0.25,0.214,-0.464,0.21,0.487,-0.277,-0.092,0.061,-0.153,0.164,0.299,-0.134,-0.914,0.506,0.506,-0.979,-0.473,0.0,-0.914,-0.766,-0.148,-0.914,-0.766,-0.148,-0.141,0.371,-1.112,-0.084,-1.028,-0.733,-0.162,-0.571,-0.031,-0.723,0.692,-0.264,-0.223,-0.041,-0.684,-0.066,-0.618,0.282,-0.986,-0.986,-2.5,0.0,0.282,-0.438,0.72,0.282,-0.438,0.72,-0.075,-0.349,-2.027,-0.473,-2.5,35343,17686,17657
2590,Mo Williams,2017,-1.609,-0.083,-1.526,-0.613,-0.283,-0.33,-0.308,-0.317,0.009,-0.605,0.006,-0.611,-0.065,-0.31,0.246,0.009,0.283,0.283,-1.665,-1.382,0.0,0.009,-0.091,0.1,0.009,-0.091,0.1,-0.046,-0.119,-0.066,-0.091,0.025,0.279,-0.016,0.295,-0.453,0.065,-0.518,0.199,0.066,0.133,-0.431,-0.297,-0.136,-0.399,-0.227,-0.227,-0.896,-1.123,0.0,-0.399,-0.463,0.064,-0.399,-0.463,0.064,1.754,0.254,-1.676,-0.174,-1.502,-0.335,-0.299,-0.036,-0.761,-0.252,-0.509,-0.406,0.072,-0.478,-0.497,-0.607,0.11,-0.391,0.057,0.057,-2.505,0.001,-0.391,-0.555,0.164,-0.391,-0.555,0.164,1.708,0.135,-1.382,-1.123,-2.504,24132,12084,12048
202363,Jarvis Varnado,2017,-0.372,0.037,-0.409,0.047,-0.178,0.225,0.038,0.07,-0.032,-0.494,0.028,-0.522,-0.568,0.221,-0.792,0.033,-0.879,-0.879,-0.907,-1.786,0.0,0.033,-0.126,0.159,0.033,-0.126,0.159,-0.85,-0.066,0.223,-0.031,0.254,0.376,-0.05,0.426,-0.416,-0.17,-0.246,0.294,0.026,0.268,-0.519,-0.629,0.11,-0.485,0.05,0.05,-0.781,-0.731,0.0,-0.485,-0.15,-0.335,-0.485,-0.15,-0.335,0.656,0.227,-0.151,0.006,-0.157,0.423,-0.228,0.651,-0.379,-0.1,-0.279,-0.201,0.054,-0.255,-1.087,-0.408,-0.682,-0.453,-0.829,-0.829,-2.517,0.0,-0.453,-0.276,-0.177,-0.453,-0.276,-0.177,-0.194,0.161,-1.786,-0.731,-2.517,1551,773,778
203513,Erik Murphy,2017,-1.037,0.114,-1.151,-0.139,-0.134,-0.005,-0.071,-0.013,-0.058,-0.941,-0.022,-0.919,-0.18,-0.13,-0.046,-0.141,-0.495,-0.495,-1.358,-1.853,-0.0,-0.141,-0.02,-0.121,-0.141,-0.02,-0.121,-0.969,-0.092,-0.425,-0.204,-0.221,0.229,0.022,0.207,-0.453,-0.035,-0.418,0.003,0.001,0.002,-0.071,-0.038,-0.031,-0.072,-0.105,-0.105,-0.568,-0.673,-0.0,-0.072,-0.059,-0.013,-0.072,-0.059,-0.013,-0.124,0.055,-1.462,-0.09,-1.372,0.09,-0.112,0.202,-0.524,-0.048,-0.476,-0.938,-0.021,-0.917,-0.251,-0.167,-0.076,-0.212,-0.6,-0.6,-2.526,0.0,-0.212,-0.079,-0.133,-0.212,-0.079,-0.133,-1.093,-0.037,-1.853,-0.673,-2.526,226,110,116
203504,Trey Burke,2017,-0.276,0.303,-0.579,-0.52,-0.109,-0.411,-0.013,-0.02,0.007,-0.046,0.131,-0.177,-0.686,-0.639,-0.049,0.567,0.098,0.098,-0.395,-0.297,0.0,0.567,0.519,0.048,0.567,0.519,0.048,1.755,-0.416,-0.833,-0.216,-0.617,0.015,0.057,-0.042,0.013,0.092,-0.079,-0.645,0.028,-0.673,-0.065,-0.052,-0.012,-0.668,-0.667,-0.667,-1.566,-2.233,-0.0,-0.668,0.202,-0.87,-0.668,0.202,-0.87,-1.957,-0.231,-1.109,0.087,-1.196,-0.505,-0.052,-0.453,0.0,0.072,-0.072,-0.691,0.159,-0.85,-0.751,-0.691,-0.061,-0.101,-0.569,-0.569,-2.53,0.0,-0.101,0.721,-0.822,-0.101,0.721,-0.822,-0.202,-0.647,-0.297,-2.233,-2.53,24828,12426,12402
1882,Elton Brand,2017,0.141,-0.214,0.355,-1.091,-0.877,-0.214,0.444,-0.744,1.188,1.002,0.034,0.968,-0.465,-0.346,-0.115,-0.476,-1.422,-1.422,-0.8,-2.222,0.0,-0.476,-0.08,-0.396,-0.476,-0.08,-0.396,0.984,-1.714,-0.334,0.212,-0.546,0.468,0.314,0.154,-0.062,0.32,-0.382,-0.952,0.003,-0.955,0.53,0.301,0.228,-0.437,-0.072,-0.072,-0.241,-0.313,0.0,-0.437,-0.31,-0.127,-0.437,-0.31,-0.127,-0.603,0.731,-0.191,-0.002,-0.189,-0.622,-0.562,-0.06,0.383,-0.423,0.806,0.05,0.037,0.013,0.065,-0.045,0.113,-0.913,-1.494,-1.494,-2.535,0.0,-0.913,-0.389,-0.524,-0.913,-0.389,-0.524,0.38,-0.983,-2.222,-0.313,-2.535,14441,7200,7241
202729,Josh Selby,2017,-1.171,-0.0,-1.171,-0.48,-0.152,-0.328,-0.273,-0.029,-0.244,-0.418,-0.04,-0.378,-0.159,-0.042,-0.112,-0.268,-0.409,-0.409,-1.598,-2.007,0.0,-0.268,-0.107,-0.161,-0.268,-0.107,-0.161,-1.391,-0.327,-0.479,-0.047,-0.432,-0.097,0.033,-0.13,-0.125,-0.065,-0.06,-0.21,0.011,-0.221,-0.116,-0.102,-0.012,-0.092,0.142,0.142,-0.687,-0.545,-0.0,-0.092,-0.066,-0.026,-0.092,-0.066,-0.026,-0.175,-0.041,-1.649,-0.047,-1.602,-0.577,-0.119,-0.458,-0.397,-0.093,-0.304,-0.628,-0.029,-0.599,-0.275,-0.144,-0.125,-0.36,-0.267,-0.267,-2.552,-0.001,-0.36,-0.173,-0.187,-0.36,-0.173,-0.187,-1.566,-0.368,-2.007,-0.545,-2.553,238,121,117
203101,Miles Plumlee,2017,-0.261,0.381,-0.642,0.024,0.039,-0.015,-0.395,-0.298,-0.097,-0.271,-0.008,-0.263,-1.017,-0.809,-0.208,-1.29,-0.048,-0.048,-2.568,-2.616,0.0,-1.29,-0.547,-0.743,-1.29,-0.547,-0.743,-0.783,0.218,0.114,-0.021,0.135,0.271,-0.28,0.551,-0.277,-0.029,-0.248,0.141,0.02,0.121,0.552,0.656,-0.102,0.076,-0.684,-0.684,0.742,0.058,0.0,0.076,0.097,-0.021,0.076,0.097,-0.021,-1.178,-0.321,-0.146,0.36,-0.506,0.295,-0.242,0.537,-0.672,-0.327,-0.345,-0.129,0.013,-0.142,-0.465,-0.152,-0.31,-1.213,-0.732,-0.732,-2.558,0.0,-1.213,-0.45,-0.763,-1.213,-0.45,-0.763,-1.96,-0.104,-2.616,0.058,-2.558,17745,8876,8869
204067,Jarell Eddie,2017,-2.292,0.239,-2.531,-0.964,-0.175,-0.789,-0.548,0.142,-0.69,-1.019,0.047,-1.066,-0.086,-0.0,-0.082,0.308,0.09,0.09,-2.07,-1.98,-0.0,0.308,-0.079,0.387,0.308,-0.079,0.387,-1.547,-0.49,-0.269,-0.179,-0.09,0.103,0.025,0.078,-0.256,-0.127,-0.129,0.063,-0.008,0.071,-0.206,-0.315,0.11,-0.259,0.145,0.145,-0.734,-0.589,0.0,-0.259,-0.09,-0.169,-0.259,-0.09,-0.169,-0.088,0.051,-2.562,0.06,-2.622,-0.861,-0.15,-0.711,-0.805,0.015,-0.82,-0.956,0.039,-0.995,-0.292,-0.315,0.028,0.049,0.235,0.235,-2.569,0.0,0.049,-0.17,0.219,0.049,-0.17,0.219,-1.635,-0.439,-1.98,-0.589,-2.569,863,433,430
203085,Austin Rivers,2017,-1.492,-0.156,-1.336,-0.863,0.156,-1.019,-0.299,0.153,-0.452,-0.174,-0.028,-0.146,-0.38,0.051,-0.433,0.473,0.227,0.227,-1.399,-1.172,0.0,0.473,0.564,-0.091,0.473,0.564,-0.091,-3.769,-0.862,0.218,-0.06,0.278,-0.086,-0.081,-0.005,0.042,-0.12,0.162,0.322,0.042,0.28,-0.6,-0.752,0.153,-0.079,-0.938,-0.938,-0.461,-1.399,0.0,-0.079,0.023,-0.102,-0.079,0.023,-0.102,0.097,-0.183,-1.273,-0.216,-1.057,-0.948,0.075,-1.023,-0.258,0.033,-0.291,0.149,0.014,0.135,-0.98,-0.701,-0.28,0.393,-0.711,-0.711,-2.571,-0.001,0.393,0.587,-0.194,0.393,0.587,-0.194,-3.672,-1.045,-1.172,-1.399,-2.572,31622,15732,15890
203210,JaMychal Green,2017,-0.518,0.299,-0.817,-0.22,-0.024,-0.196,-0.384,-0.077,-0.307,-0.213,-0.022,-0.191,-0.164,-0.241,0.074,-0.403,0.281,0.281,-1.085,-0.804,-0.0,-0.403,0.139,-0.542,-0.403,0.139,-0.542,-1.701,-0.528,-1.945,-0.286,-1.659,0.144,0.062,0.082,-1.049,-0.303,-0.746,-0.754,-0.074,-0.68,-0.459,-0.407,-0.05,0.371,0.258,0.258,-2.033,-1.775,0.0,0.371,-0.175,0.546,0.371,-0.175,0.546,-1.214,0.319,-2.465,0.013,-2.478,-0.078,0.037,-0.115,-1.433,-0.38,-1.053,-0.967,-0.096,-0.871,-0.623,-0.647,0.024,-0.032,0.539,0.539,-2.579,0.001,-0.032,-0.036,0.004,-0.032,-0.036,0.004,-2.915,-0.209,-0.804,-1.775,-2.578,14838,7386,7452
202951,Jeremy Pargo,2017,-2.097,0.133,-2.23,-1.428,0.07,-1.498,-0.623,0.259,-0.882,-0.179,0.116,-0.295,-0.578,-0.395,-0.177,0.393,0.414,0.414,-2.282,-1.868,0.0,0.393,0.037,0.356,0.393,0.037,0.356,0.147,-0.333,-0.104,0.071,-0.175,0.023,0.057,-0.034,-0.043,-0.056,0.013,-0.155,0.007,-0.162,-0.02,-0.128,0.107,-0.149,-0.44,-0.44,-0.273,-0.713,0.0,-0.149,-0.177,0.028,-0.149,-0.177,0.028,0.344,0.232,-2.199,0.204,-2.403,-1.404,0.127,-1.531,-0.666,0.203,-0.869,-0.333,0.124,-0.457,-0.599,-0.524,-0.07,0.244,-0.026,-0.026,-2.581,0.0,0.244,-0.14,0.384,0.244,-0.14,0.384,0.491,-0.101,-1.868,-0.713,-2.581,2398,1192,1206
2746,Josh Smith,2017,-0.682,0.042,-0.724,1.036,0.053,0.983,-1.473,0.039,-1.512,-0.287,0.045,-0.332,-1.259,-0.19,-1.069,0.013,-0.907,-0.907,-1.928,-2.835,0.0,0.013,-0.306,0.319,0.013,-0.306,0.319,0.574,0.473,0.372,0.081,0.291,0.461,0.113,0.348,0.483,-0.006,0.489,-0.653,-0.055,-0.598,0.122,0.142,-0.023,0.173,-0.421,-0.421,0.667,0.246,-0.0,0.173,0.15,0.023,0.173,0.15,0.023,0.471,0.67,-0.312,0.123,-0.435,1.496,0.166,1.33,-0.99,0.033,-1.023,-0.941,-0.011,-0.93,-1.138,-0.048,-1.092,0.186,-1.328,-1.328,-2.589,0.0,0.186,-0.156,0.342,0.186,-0.156,0.342,1.045,1.143,-2.835,0.246,-2.589,36363,18205,18158
2755,Kevin Martin,2017,-0.353,-0.257,-0.096,-0.475,-0.496,0.021,-0.401,-0.217,-0.184,0.78,-0.01,0.79,1.272,0.321,0.952,0.121,-1.542,-1.542,1.04,-0.502,0.0,0.121,0.618,-0.497,0.121,0.618,-0.497,-2.624,-1.121,-1.61,-0.074,-1.536,-0.53,-0.024,-0.506,-0.286,0.088,-0.374,-0.72,0.011,-0.731,-0.139,0.044,-0.185,-0.199,-0.149,-0.149,-1.948,-2.097,0.0,-0.199,-0.144,-0.055,-0.199,-0.144,-0.055,0.208,-0.049,-1.962,-0.331,-1.631,-1.005,-0.52,-0.485,-0.686,-0.129,-0.557,0.06,0.001,0.059,1.133,0.365,0.766,-0.078,-1.691,-1.691,-2.599,0.001,-0.078,0.474,-0.552,-0.078,0.474,-0.552,-2.416,-1.171,-0.502,-2.097,-2.598,27889,13965,13924
202708,Norris Cole,2017,-0.268,-0.087,-0.181,-0.821,-0.064,-0.757,0.426,-0.113,0.539,0.214,-0.019,0.233,-0.07,0.011,-0.08,-0.005,-0.957,-0.957,-0.343,-1.3,0.0,-0.005,-0.083,0.078,-0.005,-0.083,0.078,-0.873,-0.743,-0.494,0.202,-0.696,-0.378,0.067,-0.445,-0.846,-0.134,-0.712,0.528,-0.032,0.56,-0.345,-0.409,0.064,-0.052,-0.419,-0.419,-0.891,-1.31,0.0,-0.052,0.197,-0.249,-0.052,0.197,-0.249,0.402,0.068,-0.76,0.115,-0.875,-1.197,0.004,-1.201,-0.42,-0.247,-0.173,0.742,-0.051,0.793,-0.414,-0.398,-0.015,-0.057,-1.376,-1.376,-2.61,0.0,-0.057,0.114,-0.171,-0.057,0.114,-0.171,-0.471,-0.676,-1.3,-1.31,-2.61,28727,14363,14364
1627767,Cheick Diallo,2017,-0.533,0.354,-0.887,0.059,-0.165,0.224,-0.288,-0.272,-0.016,-0.658,-0.053,-0.605,-0.311,-0.165,-0.144,0.042,-0.372,-0.372,-0.802,-1.174,0.0,0.042,0.058,-0.016,0.042,0.058,-0.016,-0.868,-0.173,-1.273,0.04,-1.313,-0.291,0.005,-0.296,-0.71,-0.094,-0.616,-0.312,-0.005,-0.307,-0.021,0.035,-0.053,0.134,-0.289,-0.289,-1.16,-1.449,-0.0,0.134,0.146,-0.012,0.134,0.146,-0.012,-0.677,-0.094,-1.806,0.394,-2.2,-0.232,-0.16,-0.072,-0.998,-0.366,-0.632,-0.97,-0.058,-0.912,-0.332,-0.13,-0.197,0.176,-0.661,-0.661,-2.623,-0.001,0.176,0.203,-0.027,0.176,0.203,-0.027,-1.544,-0.267,-1.174,-1.449,-2.624,730,365,365
203923,James Young,2017,-1.508,0.132,-1.64,0.287,-0.212,0.499,-0.566,0.28,-0.846,-1.361,0.122,-1.483,-0.205,0.073,-0.276,0.715,0.102,0.102,-0.998,-0.896,0.0,0.715,0.197,0.518,0.715,0.197,0.518,0.01,-0.37,-1.818,-0.063,-1.755,-1.089,-0.072,-1.017,-0.578,-0.173,-0.405,-0.088,-0.008,-0.08,0.029,-0.139,0.169,0.108,-0.052,-0.052,-1.681,-1.733,0.0,0.108,-0.018,0.126,0.108,-0.018,0.126,-1.209,-0.514,-3.327,0.069,-3.396,-0.802,-0.284,-0.518,-1.145,0.107,-1.252,-1.449,0.114,-1.563,-0.177,-0.066,-0.107,0.823,0.051,0.051,-2.629,0.001,0.823,0.178,0.645,0.823,0.178,0.645,-1.2,-0.884,-0.896,-1.733,-2.628,3158,1578,1580
200748,Tyrus Thomas,2017,-1.752,-0.03,-1.722,-0.038,-0.154,0.116,-1.082,-0.272,-0.81,-0.602,-0.077,-0.525,0.019,-0.204,0.231,0.097,-0.092,-0.092,-1.636,-1.728,0.0,0.097,0.236,-0.139,0.097,0.236,-0.139,-1.058,-0.561,-0.8,-0.143,-0.657,-0.271,-0.024,-0.247,-0.28,-0.138,-0.142,-0.106,-0.016,-0.09,-0.08,-0.234,0.153,0.056,-0.076,-0.076,-0.824,-0.9,-0.0,0.056,-0.015,0.071,0.056,-0.015,0.071,0.136,-0.052,-2.553,-0.173,-2.38,-0.309,-0.178,-0.131,-1.363,-0.411,-0.952,-0.708,-0.093,-0.615,-0.061,-0.438,0.384,0.153,-0.168,-0.168,-2.628,-0.001,0.153,0.221,-0.068,0.153,0.221,-0.068,-0.922,-0.613,-1.728,-0.9,-2.629,1395,698,697
202705,MarShon Brooks,2017,-0.144,-0.31,0.166,0.42,0.416,0.004,-0.071,0.095,-0.166,-0.183,-0.091,-0.092,-0.604,-0.101,-0.497,-1.053,-0.231,-0.231,-1.801,-2.032,0.0,-1.053,0.11,-1.163,-1.053,0.11,-1.163,-2.543,0.136,0.19,-0.2,0.39,0.154,-0.088,0.242,-0.699,-0.032,-0.667,0.935,0.036,0.899,-0.346,-0.376,0.029,0.316,-0.758,-0.758,0.16,-0.598,0.0,0.316,0.162,0.154,0.316,0.162,0.154,0.025,0.029,0.048,-0.51,0.558,0.576,0.329,0.247,-0.769,0.064,-0.833,0.751,-0.055,0.806,-0.95,-0.477,-0.467,-0.737,-0.988,-0.988,-2.63,0.0,-0.737,0.272,-1.009,-0.737,0.272,-1.009,-2.519,0.165,-2.032,-0.598,-2.63,4906,2464,2442
1627784,Jarrod Uthoff,2017,-1.34,0.275,-1.615,-0.609,-0.166,-0.443,-0.38,0.007,-0.387,-0.626,0.026,-0.652,-0.463,-0.313,-0.147,0.018,0.512,0.512,-1.785,-1.273,0.0,0.018,0.077,-0.059,0.018,0.077,-0.059,-0.093,-0.279,-0.847,-0.087,-0.76,-0.113,0.027,-0.14,-0.234,-0.067,-0.167,-0.413,0.003,-0.416,-0.252,-0.183,-0.066,-0.174,-0.098,-0.098,-1.273,-1.371,0.0,-0.174,-0.086,-0.088,-0.174,-0.086,-0.088,-0.665,-0.092,-2.189,0.188,-2.377,-0.722,-0.14,-0.582,-0.615,-0.061,-0.554,-1.04,0.029,-1.069,-0.715,-0.496,-0.213,-0.157,0.413,0.413,-2.644,0.0,-0.157,-0.008,-0.149,-0.157,-0.008,-0.149,-0.758,-0.371,-1.273,-1.371,-2.644,425,212,213
203162,Ben Hansbrough,2017,-2.487,-0.164,-2.323,-0.508,-0.144,-0.364,-0.953,0.066,-1.019,-0.862,-0.007,-0.855,0.006,0.057,-0.044,0.283,0.067,0.067,-2.198,-2.131,0.0,0.283,-0.028,0.311,0.283,-0.028,0.311,-1.391,-0.331,-0.244,-0.047,-0.197,-0.115,0.071,-0.186,-0.022,-0.039,0.017,-0.06,0.001,-0.061,-0.149,-0.122,-0.025,-0.085,-0.042,-0.042,-0.478,-0.52,0.0,-0.085,0.074,-0.159,-0.085,0.074,-0.159,-0.218,-0.036,-2.733,-0.211,-2.522,-0.623,-0.073,-0.55,-0.976,0.027,-1.003,-0.923,-0.007,-0.916,-0.144,-0.065,-0.07,0.198,0.025,0.025,-2.651,0.0,0.198,0.045,0.153,0.198,0.045,0.153,-1.609,-0.366,-2.131,-0.52,-2.651,657,334,323
1627852,Nicolas Brussino,2017,-1.4,-0.015,-1.385,-0.343,-0.158,-0.185,0.287,0.197,0.09,-1.329,0.069,-1.398,-0.28,-0.189,-0.089,-0.232,1.113,1.113,-1.912,-0.799,-0.0,-0.232,0.064,-0.296,-0.232,0.064,-0.296,0.143,-0.064,-1.239,-0.012,-1.227,-0.048,0.029,-0.077,-0.426,-0.127,-0.299,-0.753,-0.003,-0.75,-0.285,-0.319,0.037,-0.242,-0.101,-0.101,-1.766,-1.867,0.0,-0.242,-0.031,-0.211,-0.242,-0.031,-0.211,-0.82,-0.021,-2.639,-0.027,-2.612,-0.391,-0.129,-0.262,-0.139,0.07,-0.209,-2.082,0.066,-2.148,-0.565,-0.508,-0.052,-0.474,1.011,1.011,-2.666,0.0,-0.474,0.033,-0.507,-0.474,0.033,-0.507,-0.678,-0.085,-0.799,-1.867,-2.666,1994,1002,992
101142,Ronny Turiaf,2017,-2.139,-0.447,-1.692,0.329,0.089,0.24,-1.033,-0.177,-0.856,-0.988,-0.11,-0.878,-0.784,-0.131,-0.648,-0.571,0.14,0.14,-3.494,-3.354,-0.0,-0.571,-0.255,-0.316,-0.571,-0.255,-0.316,-1.123,0.352,0.815,0.011,0.804,0.539,0.02,0.519,0.308,-0.051,0.359,-0.043,-0.057,0.014,0.312,0.393,-0.082,-0.147,-0.295,-0.295,0.98,0.685,0.0,-0.147,0.005,-0.152,-0.147,0.005,-0.152,-0.963,-0.008,-1.323,-0.436,-0.887,0.868,0.109,0.759,-0.725,-0.228,-0.497,-1.03,-0.167,-0.863,-0.472,0.262,-0.73,-0.717,-0.155,-0.155,-2.669,0.001,-0.717,-0.25,-0.467,-0.717,-0.25,-0.467,-2.086,0.344,-3.354,0.685,-2.668,5319,2653,2666
2045,Hedo Turkoglu,2017,0.027,-0.079,0.106,-0.101,-0.432,0.331,0.504,0.127,0.377,-0.297,0.21,-0.507,-0.548,-0.622,0.076,0.336,-1.494,-1.494,-0.185,-1.679,0.0,0.336,-0.14,0.476,0.336,-0.14,0.476,0.006,-1.025,-0.202,-0.131,-0.071,0.017,0.064,-0.047,-0.0,-0.205,0.205,-0.088,-0.079,-0.009,0.191,-0.046,0.239,-0.515,-0.507,-0.507,-0.526,-1.033,0.0,-0.515,-0.182,-0.333,-0.515,-0.182,-0.333,-0.306,0.131,-0.173,-0.21,0.037,-0.083,-0.367,0.284,0.504,-0.078,0.582,-0.384,0.131,-0.515,-0.357,-0.667,0.315,-0.179,-2.001,-2.001,-2.712,-0.0,-0.179,-0.323,0.144,-0.179,-0.323,0.144,-0.3,-0.894,-1.679,-1.033,-2.712,5252,2624,2628
203492,Ray McCallum,2017,-2.638,-0.078,-2.56,-0.152,0.162,-0.314,-1.041,-0.204,-0.837,-1.367,-0.135,-1.232,0.192,-0.022,0.212,0.852,1.318,1.318,-1.594,-0.276,-0.0,0.852,0.145,0.707,0.852,0.145,0.707,-1.702,-0.043,-1.632,0.021,-1.653,-0.646,-0.082,-0.564,-0.456,-0.201,-0.255,-0.551,-0.021,-0.53,-0.015,-0.189,0.176,-0.727,-0.074,-0.074,-2.374,-2.448,-0.0,-0.727,-0.319,-0.408,-0.727,-0.319,-0.408,-2.37,-0.617,-4.267,-0.057,-4.21,-0.798,0.08,-0.878,-1.495,-0.404,-1.091,-1.917,-0.155,-1.762,0.177,-0.21,0.389,0.125,1.245,1.245,-2.724,-0.0,0.125,-0.174,0.299,0.125,-0.174,0.299,-4.072,-0.659,-0.276,-2.448,-2.724,10722,5357,5365
202130,Reggie Williams,2017,-2.685,-0.182,-2.503,-0.676,-0.266,-0.41,0.046,0.008,0.038,-1.873,0.049,-1.922,-0.296,0.048,-0.342,0.927,0.574,0.574,-2.054,-1.48,0.0,0.927,0.56,0.367,0.927,0.56,0.367,-1.702,-0.315,-0.474,0.056,-0.53,0.412,-0.05,0.462,-0.498,-0.167,-0.331,-0.444,-0.044,-0.4,0.029,0.099,-0.069,-0.228,-0.587,-0.587,-0.673,-1.26,-0.0,-0.228,0.144,-0.372,-0.228,0.144,-0.372,-1.171,0.078,-3.159,-0.126,-3.033,-0.264,-0.316,0.052,-0.452,-0.159,-0.293,-2.317,0.005,-2.322,-0.268,0.147,-0.411,0.699,-0.014,-0.014,-2.74,-0.0,0.699,0.704,-0.005,0.699,0.704,-0.005,-2.873,-0.236,-1.48,-1.26,-2.74,2099,1046,1053
200765,Rajon Rondo,2017,0.012,-0.134,0.146,0.463,0.268,0.195,0.36,0.131,0.229,-0.677,-0.024,-0.653,-0.859,-0.067,-0.792,-0.421,-0.379,-0.379,-1.268,-1.647,0.0,-0.421,-0.764,0.343,-0.421,-0.764,0.343,3.183,0.608,-1.924,0.245,-2.169,-0.994,-0.124,-0.87,-0.656,-0.182,-0.474,-0.519,-0.014,-0.505,0.072,0.048,0.023,0.692,0.06,0.06,-1.16,-1.1,-0.0,0.692,0.038,0.654,0.692,0.038,0.654,-2.436,-0.83,-1.912,0.111,-2.023,-0.531,0.144,-0.675,-0.296,-0.051,-0.245,-1.196,-0.038,-1.158,-0.787,-0.019,-0.769,0.271,-0.319,-0.319,-2.747,0.0,0.271,-0.727,0.998,0.271,-0.727,0.998,0.747,-0.222,-1.647,-1.1,-2.747,35540,17800,17740
1627854,Bryn Forbes,2017,-1.427,-0.124,-1.303,-0.69,-0.208,-0.482,-0.678,0.045,-0.723,0.065,0.015,0.05,-0.179,0.133,-0.311,0.129,-0.527,-0.527,-1.477,-2.004,0.0,0.129,-0.012,0.141,0.129,-0.012,0.141,-0.898,-0.415,-0.338,-0.227,-0.111,0.196,-0.072,0.268,-0.245,0.016,-0.261,-0.062,0.039,-0.101,0.021,-0.01,0.033,-0.27,-0.158,-0.158,-0.587,-0.745,0.0,-0.27,-0.22,-0.05,-0.27,-0.22,-0.05,0.22,-0.101,-1.765,-0.351,-1.414,-0.494,-0.28,-0.214,-0.923,0.061,-0.984,0.003,0.054,-0.051,-0.158,0.123,-0.277,-0.141,-0.685,-0.685,-2.749,0.0,-0.141,-0.232,0.091,-0.141,-0.232,0.091,-0.679,-0.516,-2.004,-0.745,-2.749,1393,695,698
202686,Jan Vesely,2017,-1.636,-0.213,-1.423,-0.012,-0.256,0.244,0.234,-0.382,0.616,-1.645,-0.036,-1.609,-1.188,-0.505,-0.679,0.002,0.261,0.261,-2.822,-2.561,0.0,0.002,-0.245,0.247,0.002,-0.245,0.247,1.034,0.321,-0.499,-0.114,-0.385,0.232,-0.152,0.384,-0.644,-0.079,-0.565,0.027,0.078,-0.051,-0.377,-0.632,0.255,0.245,0.417,0.417,-0.631,-0.214,0.0,0.245,0.164,0.081,0.245,0.164,0.081,1.167,0.144,-2.135,-0.327,-1.808,0.22,-0.408,0.628,-0.41,-0.461,0.051,-1.618,0.041,-1.659,-1.565,-1.137,-0.424,0.247,0.678,0.678,-2.775,0.0,0.247,-0.081,0.328,0.247,-0.081,0.328,2.202,0.465,-2.561,-0.214,-2.775,5244,2618,2626
1627755,Tyler Ulis,2017,-1.846,0.035,-1.881,0.207,-0.063,0.27,-0.518,-0.389,-0.129,-1.57,-0.097,-1.473,-0.595,-0.274,-0.32,-0.22,0.484,0.484,-2.661,-2.177,0.0,-0.22,0.223,-0.443,-0.22,0.223,-0.443,-3.835,0.202,0.072,0.122,-0.05,0.224,-0.083,0.307,0.18,-0.145,0.325,-0.454,0.023,-0.477,-0.297,-0.306,0.011,-0.213,-0.165,-0.165,-0.438,-0.603,0.0,-0.213,-0.297,0.084,-0.213,-0.297,0.084,0.549,-0.023,-1.773,0.157,-1.93,0.431,-0.146,0.577,-0.337,-0.533,0.196,-2.024,-0.074,-1.95,-0.892,-0.579,-0.309,-0.433,0.32,0.32,-2.78,0.0,-0.433,-0.074,-0.359,-0.433,-0.074,-0.359,-3.286,0.179,-2.177,-0.603,-2.78,4556,2285,2271
202952,Malcolm Thomas,2017,-0.279,0.133,-0.412,-0.747,-0.203,-0.544,-0.425,0.03,-0.455,0.76,0.037,0.723,-0.076,0.005,-0.076,-1.043,0.054,0.054,-1.398,-1.344,-0.0,-1.043,-0.483,-0.56,-1.043,-0.483,-0.56,-0.42,-0.452,-1.245,0.063,-1.308,-0.355,0.008,-0.363,-0.659,-0.09,-0.569,-0.294,-0.006,-0.288,-0.039,-0.063,0.025,-0.211,0.058,0.058,-1.495,-1.437,0.0,-0.211,-0.141,-0.07,-0.211,-0.141,-0.07,-1.146,-0.247,-1.525,0.196,-1.721,-1.101,-0.195,-0.906,-1.086,-0.061,-1.025,0.466,0.031,0.435,-0.114,-0.058,-0.051,-1.255,0.111,0.111,-2.781,-0.0,-1.255,-0.624,-0.631,-1.255,-0.624,-0.631,-1.566,-0.699,-1.344,-1.437,-2.781,1261,638,623
201141,Greg Oden,2017,-0.935,0.133,-1.068,-0.612,-0.215,-0.397,-0.125,0.05,-0.175,-0.331,0.057,-0.388,-0.49,-0.28,-0.209,-0.604,0.085,0.085,-2.029,-1.944,0.0,-0.604,-0.194,-0.41,-0.604,-0.194,-0.41,-0.984,-0.351,-0.504,-0.061,-0.443,-0.047,-0.007,-0.04,-0.197,-0.138,-0.059,-0.199,0.008,-0.207,-0.174,-0.278,0.104,-0.303,0.144,0.144,-0.981,-0.837,-0.0,-0.303,-0.135,-0.168,-0.303,-0.135,-0.168,-0.732,-0.134,-1.439,0.072,-1.511,-0.659,-0.222,-0.437,-0.322,-0.089,-0.233,-0.53,0.065,-0.595,-0.664,-0.558,-0.105,-0.907,0.228,0.228,-2.781,-0.001,-0.907,-0.329,-0.578,-0.907,-0.329,-0.578,-1.715,-0.485,-1.944,-0.837,-2.782,839,415,424
201202,Joel Anthony,2017,-2.197,-0.328,-1.869,-0.87,-0.498,-0.372,-1.188,-0.253,-0.935,0.189,0.075,0.114,-0.362,-0.488,0.128,0.063,-0.752,-0.752,-2.496,-3.248,0.0,0.063,0.265,-0.202,0.063,0.265,-0.202,-2.033,-1.209,1.359,-0.05,1.409,0.78,0.028,0.752,0.589,0.08,0.509,0.04,0.026,0.014,0.196,0.038,0.159,-0.628,-0.464,-0.464,0.927,0.463,0.0,-0.628,-0.063,-0.565,-0.628,-0.063,-0.565,1.104,0.276,-0.838,-0.378,-0.46,-0.091,-0.471,0.38,-0.598,-0.173,-0.425,0.229,0.101,0.128,-0.166,-0.449,0.287,-0.565,-1.216,-1.216,-2.785,0.001,-0.565,0.203,-0.768,-0.565,0.203,-0.768,-0.929,-0.933,-3.248,0.463,-2.784,5678,2832,2846
203488,Mike Muscala,2017,-1.702,0.257,-1.959,-0.159,-0.235,0.076,0.058,-0.06,0.118,-1.858,0.042,-1.9,0.021,-0.021,0.04,-0.578,0.543,0.543,-2.259,-1.716,-0.0,-0.578,-0.782,0.204,-0.578,-0.782,0.204,0.894,0.014,-1.627,-0.231,-1.396,0.328,-0.014,0.342,-0.943,-0.02,-0.923,-0.781,-0.035,-0.746,0.183,0.261,-0.077,0.086,0.281,0.281,-1.358,-1.077,0.0,0.086,0.003,0.083,0.086,0.003,0.083,-1.27,-0.101,-3.328,0.026,-3.354,0.169,-0.249,0.418,-0.884,-0.079,-0.805,-2.639,0.007,-2.646,0.204,0.24,-0.037,-0.492,0.824,0.824,-2.793,-0.0,-0.492,-0.779,0.287,-0.492,-0.779,0.287,-0.376,-0.087,-1.716,-1.077,-2.793,10797,5394,5403
202687,Bismack Biyombo,2017,-2.539,0.059,-2.598,-1.154,-0.237,-0.917,-1.209,-0.405,-0.804,-0.235,-0.048,-0.187,-0.603,-0.073,-0.53,-0.124,0.532,0.532,-3.266,-2.734,0.0,-0.124,-0.078,-0.046,-0.124,-0.078,-0.046,-3.206,-0.669,1.092,-0.22,1.312,1.763,-0.05,1.813,0.218,0.088,0.13,-0.669,-0.037,-0.632,0.452,0.494,-0.043,-1.029,-0.578,-0.578,0.515,-0.063,-0.0,-1.029,-0.478,-0.551,-1.029,-0.478,-0.551,-1.783,0.292,-1.446,-0.161,-1.285,0.609,-0.287,0.896,-0.99,-0.317,-0.673,-0.904,-0.085,-0.819,-0.151,0.421,-0.573,-1.153,-0.046,-0.046,-2.797,0.0,-1.153,-0.557,-0.596,-1.153,-0.557,-0.596,-4.99,-0.377,-2.734,-0.063,-2.797,32359,16120,16239
1626147,Justin Anderson,2017,-3.268,0.017,-3.285,-0.002,-0.018,0.016,-0.543,0.228,-0.771,-2.74,0.036,-2.776,0.25,0.03,0.219,0.391,0.663,0.663,-2.627,-1.964,-0.0,0.391,0.452,-0.061,0.391,0.452,-0.061,-2.147,0.201,-0.439,0.11,-0.549,-0.284,0.061,-0.345,-0.867,-0.084,-0.783,0.602,-0.012,0.614,-0.329,-0.408,0.081,0.111,-0.195,-0.195,-0.657,-0.852,0.0,0.111,0.042,0.069,0.111,0.042,0.069,0.152,-0.123,-3.707,0.127,-3.834,-0.286,0.043,-0.329,-1.409,0.145,-1.554,-2.139,0.024,-2.163,-0.079,-0.378,0.3,0.502,0.468,0.468,-2.816,0.001,0.502,0.494,0.008,0.502,0.494,0.008,-1.995,0.078,-1.964,-0.852,-2.815,7590,3787,3803
202366,Jerome Jordan,2017,-2.11,0.094,-2.204,-0.562,-0.005,-0.557,-0.904,-0.067,-0.837,-0.738,-0.058,-0.68,0.132,-0.114,0.254,-0.596,0.556,0.556,-2.574,-2.018,0.0,-0.596,-0.511,-0.085,-0.596,-0.511,-0.085,-1.4,0.164,-0.315,-0.171,-0.144,-0.018,0.029,-0.047,-0.306,-0.107,-0.199,0.18,-0.011,0.191,-0.142,-0.124,-0.016,0.056,-0.421,-0.421,-0.401,-0.822,0.0,0.056,0.185,-0.129,0.056,0.185,-0.129,-0.331,-0.144,-2.424,-0.077,-2.347,-0.58,0.024,-0.604,-1.209,-0.173,-1.036,-0.558,-0.069,-0.489,-0.01,-0.238,0.238,-0.539,0.134,0.134,-2.84,0.0,-0.539,-0.326,-0.213,-0.539,-0.326,-0.213,-1.731,0.02,-2.018,-0.822,-2.84,1475,736,739
1627780,Gary Payton II,2017,-0.776,0.299,-1.075,-0.602,-0.099,-0.503,-0.054,0.006,-0.06,-0.419,-0.014,-0.405,-0.179,-0.086,-0.09,-0.389,-0.595,-0.595,-1.344,-1.939,0.0,-0.389,-0.179,-0.21,-0.389,-0.179,-0.21,-0.679,-0.251,-0.657,-0.086,-0.571,-0.046,0.025,-0.071,-0.189,-0.105,-0.084,-0.336,0.002,-0.338,-0.094,-0.085,-0.007,-0.121,-0.031,-0.031,-0.872,-0.903,0.0,-0.121,-0.081,-0.04,-0.121,-0.081,-0.04,-0.614,-0.207,-1.432,0.213,-1.645,-0.648,-0.074,-0.574,-0.242,-0.099,-0.143,-0.755,-0.012,-0.743,-0.274,-0.171,-0.097,-0.51,-0.626,-0.626,-2.842,0.001,-0.51,-0.26,-0.25,-0.51,-0.26,-0.25,-1.293,-0.458,-1.939,-0.903,-2.841,382,192,190
1626171,Bobby Portis,2017,-2.14,0.096,-2.236,-1.263,-0.265,-0.998,-0.904,-0.606,-0.298,-0.069,-0.052,-0.017,-0.804,-1.08,0.275,0.534,0.729,0.729,-2.41,-1.681,0.0,0.534,0.568,-0.034,0.534,0.568,-0.034,-0.683,-0.772,-0.423,-0.222,-0.201,-0.478,-0.069,-0.409,0.357,-0.12,0.477,-0.08,-0.028,-0.052,-0.023,0.154,-0.176,-0.574,-0.14,-0.14,-1.02,-1.16,0.0,-0.574,-0.221,-0.353,-0.574,-0.221,-0.353,-2.107,-0.302,-2.563,-0.126,-2.437,-1.741,-0.334,-1.407,-0.547,-0.726,0.179,-0.149,-0.08,-0.069,-0.827,-0.926,0.1,-0.04,0.589,0.589,-2.841,0.0,-0.04,0.348,-0.388,-0.04,0.348,-0.388,-2.789,-1.074,-1.681,-1.16,-2.841,8596,4275,4321
1626168,Trey Lyles,2017,-2.421,0.141,-2.562,-1.397,-0.265,-1.132,-0.621,-0.069,-0.552,-0.544,0.056,-0.6,-0.282,-0.246,-0.037,0.488,0.07,0.07,-2.215,-2.145,0.0,0.488,0.44,0.048,0.488,0.44,0.048,-3.596,-1.495,0.106,0.116,-0.01,0.106,-0.059,0.165,-0.062,-0.089,0.027,-0.054,0.03,-0.084,-0.351,-0.395,0.046,-0.197,-0.259,-0.259,-0.442,-0.701,0.0,-0.197,0.034,-0.231,-0.197,0.034,-0.231,1.016,-0.045,-2.317,0.257,-2.574,-1.292,-0.325,-0.967,-0.684,-0.158,-0.526,-0.598,0.086,-0.684,-0.633,-0.642,0.009,0.291,-0.189,-0.189,-2.846,-0.001,0.291,0.475,-0.184,0.291,0.475,-0.184,-2.58,-1.54,-2.145,-0.701,-2.847,9866,4934,4932
203580,Larry Drew II,2017,-1.126,0.437,-1.563,-0.848,-0.316,-0.532,0.034,-0.002,0.036,-0.749,0.074,-0.823,-0.164,-0.196,0.036,-0.677,-0.29,-0.29,-1.967,-2.257,-0.0,-0.677,-0.688,0.011,-0.677,-0.688,0.011,0.083,-0.522,-0.495,-0.101,-0.394,-0.03,0.019,-0.049,-0.356,-0.111,-0.245,-0.008,-0.0,-0.008,-0.238,-0.2,-0.036,0.142,-0.001,-0.001,-0.591,-0.592,0.0,0.142,0.078,0.064,0.142,0.078,0.064,-0.343,-0.109,-1.62,0.336,-1.956,-0.877,-0.297,-0.58,-0.322,-0.113,-0.209,-0.757,0.074,-0.831,-0.402,-0.396,0.0,-0.534,-0.291,-0.291,-2.849,-0.0,-0.534,-0.61,0.076,-0.534,-0.61,0.076,-0.26,-0.631,-2.257,-0.592,-2.849,819,413,406
203517,Nemanja Nedovic,2017,-1.086,0.175,-1.261,-0.638,-0.27,-0.368,-0.209,-0.001,-0.208,-0.414,0.009,-0.423,-0.003,0.24,-0.241,-0.683,-0.227,-0.227,-1.772,-1.999,0.0,-0.683,-0.216,-0.467,-0.683,-0.216,-0.467,-2.147,-0.672,-0.454,-0.178,-0.276,0.146,-0.01,0.156,-0.225,-0.031,-0.194,-0.197,0.028,-0.225,-0.154,-0.154,0.002,0.015,-0.262,-0.262,-0.593,-0.855,0.0,0.015,-0.14,0.155,0.015,-0.14,0.155,0.285,0.012,-1.54,-0.003,-1.537,-0.492,-0.28,-0.212,-0.434,-0.032,-0.402,-0.611,0.037,-0.648,-0.157,0.086,-0.239,-0.668,-0.489,-0.489,-2.854,-0.001,-0.668,-0.356,-0.312,-0.668,-0.356,-0.312,-1.863,-0.661,-1.999,-0.855,-2.855,567,276,291
1626780,Jonathan Gibson,2017,-1.259,-0.037,-1.222,-0.807,-0.102,-0.705,-0.505,0.14,-0.645,0.09,-0.001,0.091,0.114,0.201,-0.084,-0.441,0.114,0.114,-1.586,-1.472,-0.0,-0.441,0.079,-0.52,-0.441,0.079,-0.52,-1.035,-0.444,-1.352,-0.021,-1.331,-0.118,-0.008,-0.11,-0.611,-0.141,-0.47,-0.602,-0.002,-0.6,-0.117,-0.155,0.039,-0.036,0.113,0.113,-1.505,-1.392,0.0,-0.036,-0.045,0.009,-0.036,-0.045,0.009,-0.811,-0.088,-2.612,-0.058,-2.554,-0.925,-0.11,-0.815,-1.117,-0.001,-1.116,-0.512,-0.003,-0.509,-0.004,0.046,-0.044,-0.476,0.227,0.227,-2.864,0.0,-0.476,0.034,-0.51,-0.476,0.034,-0.51,-1.845,-0.532,-1.472,-1.392,-2.864,901,452,449
1627786,Troy Williams,2017,-1.131,0.037,-1.168,-0.522,0.177,-0.699,1.08,0.281,0.799,-1.726,0.02,-1.746,-0.233,0.042,-0.273,-0.477,-0.381,-0.381,-1.841,-2.222,0.0,-0.477,-0.379,-0.098,-0.477,-0.379,-0.098,-1.637,0.045,0.316,-0.337,0.653,0.711,-0.032,0.743,-0.308,-0.094,-0.214,0.25,-0.006,0.256,-0.236,-0.087,-0.146,-0.166,-0.568,-0.568,-0.086,-0.654,-0.0,-0.166,-0.211,0.045,-0.166,-0.211,0.045,0.347,0.095,-0.818,-0.3,-0.518,0.188,0.145,0.043,0.77,0.186,0.584,-1.476,0.013,-1.489,-0.469,-0.045,-0.419,-0.643,-0.949,-0.949,-2.876,0.0,-0.643,-0.59,-0.053,-0.643,-0.59,-0.053,-1.29,0.141,-2.222,-0.654,-2.876,2247,1117,1130
201196,Ramon Sessions,2017,-1.617,0.258,-1.875,-0.822,0.592,-1.414,-0.687,0.222,-0.909,-0.366,-0.201,-0.165,1.12,1.367,-0.248,0.212,-0.471,-0.471,-0.285,-0.756,-0.0,0.212,0.475,-0.263,0.212,0.475,-0.263,-2.542,0.275,-0.755,0.158,-0.913,-0.806,-0.162,-0.644,-0.306,-0.204,-0.102,0.199,-0.013,0.212,-0.192,-0.053,-0.138,-0.558,-0.62,-0.62,-1.505,-2.125,0.0,-0.558,-0.116,-0.442,-0.558,-0.116,-0.442,-1.412,-0.497,-2.373,0.416,-2.789,-1.628,0.43,-2.058,-0.993,0.018,-1.011,-0.168,-0.214,0.046,0.928,1.313,-0.385,-0.346,-1.091,-1.091,-2.881,0.0,-0.346,0.359,-0.705,-0.346,0.359,-0.705,-3.954,-0.222,-0.756,-2.125,-2.881,30090,15047,15043
203268,Jorge Gutierrez,2017,-0.842,-0.186,-0.656,0.438,-0.158,0.596,-0.602,-0.097,-0.505,-0.492,-0.034,-0.458,-0.235,-0.098,-0.134,-0.287,-0.603,-0.603,-1.364,-1.967,-0.0,-0.287,-0.259,-0.028,-0.287,-0.259,-0.028,0.815,0.125,-0.181,-0.11,-0.071,-0.349,0.047,-0.396,-0.019,-0.177,0.158,0.297,-0.045,0.342,-0.097,-0.126,0.031,-0.394,-0.245,-0.245,-0.672,-0.917,0.0,-0.394,-0.263,-0.131,-0.394,-0.263,-0.131,-0.733,-0.218,-1.023,-0.296,-0.727,0.089,-0.111,0.2,-0.621,-0.274,-0.347,-0.195,-0.079,-0.116,-0.331,-0.224,-0.103,-0.681,-0.847,-0.847,-2.884,0.0,-0.681,-0.522,-0.159,-0.681,-0.522,-0.159,0.082,-0.093,-1.967,-0.917,-2.884,1948,967,981
1737,Nazr Mohammed,2017,-3.103,0.451,-3.554,-1.052,-0.026,-1.026,-2.089,-0.467,-1.622,-0.413,-0.083,-0.33,-0.704,-0.644,-0.055,-0.601,0.475,0.475,-4.408,-3.933,0.0,-0.601,-0.403,-0.198,-0.601,-0.403,-0.198,-3.0,-0.757,0.636,0.21,0.426,-0.085,0.205,-0.29,0.318,0.227,0.091,0.193,0.06,0.133,-0.166,-0.145,-0.021,-0.245,0.807,0.807,0.225,1.032,0.0,-0.245,-0.09,-0.155,-0.245,-0.09,-0.155,0.013,0.207,-2.468,0.661,-3.129,-1.138,0.179,-1.317,-1.77,-0.239,-1.531,-0.221,-0.023,-0.198,-0.869,-0.789,-0.075,-0.845,1.282,1.282,-2.901,0.0,-0.845,-0.493,-0.352,-0.845,-0.493,-0.352,-2.987,-0.55,-3.933,1.032,-2.901,5594,2788,2806
201145,Jeff Green,2017,-1.955,-0.126,-1.829,-0.141,0.175,-0.316,-1.123,0.034,-1.157,-0.565,-0.082,-0.483,0.737,0.373,0.364,0.006,-1.003,-1.003,-1.212,-2.215,0.0,0.006,0.339,-0.333,0.006,0.339,-0.333,-3.758,-0.284,0.709,0.105,0.604,0.585,0.02,0.565,-0.354,-0.069,-0.285,0.373,-0.011,0.384,-0.114,-0.045,-0.068,-0.674,-0.61,-0.61,-0.079,-0.689,0.0,-0.674,-0.383,-0.291,-0.674,-0.383,-0.291,0.346,0.175,-1.243,-0.021,-1.222,0.446,0.196,0.25,-1.476,-0.035,-1.441,-0.192,-0.093,-0.099,0.624,0.327,0.296,-0.668,-1.612,-1.612,-2.904,0.0,-0.668,-0.044,-0.624,-0.668,-0.044,-0.624,-3.412,-0.109,-2.215,-0.689,-2.904,46027,23036,22991
203118,Mike Scott,2017,-1.122,-0.106,-1.016,0.229,0.058,0.171,0.358,0.322,0.036,-1.603,0.183,-1.786,-0.485,-0.732,0.247,0.078,-0.731,-0.731,-1.529,-2.26,0.0,0.078,-0.408,0.486,0.078,-0.408,0.486,2.429,0.191,-0.887,0.11,-0.997,-0.757,-0.026,-0.731,-0.474,-0.255,-0.219,0.234,-0.055,0.289,-0.181,-0.235,0.056,0.167,0.244,0.244,-0.901,-0.657,0.0,0.167,0.084,0.083,0.167,0.084,0.083,-0.69,-0.375,-2.009,0.004,-2.013,-0.528,0.032,-0.56,-0.116,0.067,-0.183,-1.369,0.128,-1.497,-0.665,-0.967,0.303,0.244,-0.487,-0.487,-2.917,-0.001,0.244,-0.324,0.568,0.244,-0.324,0.568,1.739,-0.184,-2.26,-0.657,-2.918,18528,9251,9277
101111,Charlie Villanueva,2017,-0.742,0.182,-0.924,-0.228,-0.116,-0.112,0.079,0.626,-0.547,-0.775,0.384,-1.159,-0.904,-0.786,-0.116,1.127,-0.579,-0.579,-0.519,-1.098,-0.0,1.127,0.353,0.774,1.127,0.353,0.774,1.569,-0.161,-0.812,-0.05,-0.762,0.044,0.014,0.03,-0.912,-0.156,-0.756,0.106,-0.041,0.147,-0.089,-0.232,0.143,-0.675,-0.259,-0.259,-1.576,-1.835,0.0,-0.675,-0.384,-0.291,-0.675,-0.384,-0.291,-0.806,-0.173,-1.551,0.132,-1.683,-0.184,-0.102,-0.082,-0.831,0.471,-1.302,-0.668,0.344,-1.012,-0.993,-1.019,0.027,0.452,-0.838,-0.838,-2.933,0.0,0.452,-0.031,0.483,0.452,-0.031,0.483,0.763,-0.333,-1.098,-1.835,-2.933,10560,5284,5276
201175,Glen Davis,2017,-3.464,0.399,-3.863,-0.823,-0.123,-0.7,-1.515,-0.622,-0.893,-1.525,-0.07,-1.455,-0.441,-0.765,0.326,0.748,-1.207,-1.207,-3.157,-4.364,0.0,0.748,0.504,0.244,0.748,0.504,0.244,-0.688,-0.104,0.611,0.258,0.353,-0.115,0.113,-0.228,-0.047,0.045,-0.092,0.515,-0.047,0.562,0.452,0.414,0.037,0.652,-0.287,-0.287,1.715,1.428,0.0,0.652,0.035,0.617,0.652,0.035,0.617,-0.284,0.055,-2.853,0.657,-3.51,-0.938,-0.01,-0.928,-1.562,-0.577,-0.985,-1.01,-0.117,-0.893,0.011,-0.35,0.363,1.399,-1.494,-1.494,-2.936,0.0,1.399,0.539,0.86,1.399,0.539,0.86,-0.973,-0.049,-4.364,1.428,-2.936,14802,7403,7399
203145,Kent Bazemore,2017,-1.919,-0.026,-1.893,-0.209,0.358,-0.567,-0.804,0.354,-1.158,-0.88,-0.037,-0.843,-0.082,0.248,-0.331,-0.201,-0.722,-0.722,-2.202,-2.924,0.0,-0.201,-0.31,0.109,-0.201,-0.31,0.109,-2.719,0.262,0.773,0.189,0.584,0.318,0.052,0.266,0.256,-0.229,0.485,0.01,-0.042,0.052,-0.259,-0.234,-0.023,0.167,-0.694,-0.694,0.681,-0.013,-0.0,0.167,-0.005,0.172,0.167,-0.005,0.172,0.187,-0.028,-1.147,0.163,-1.31,0.11,0.41,-0.3,-0.549,0.124,-0.673,-0.871,-0.08,-0.791,-0.342,0.015,-0.354,-0.034,-1.416,-1.416,-2.937,0.0,-0.034,-0.316,0.282,-0.034,-0.316,0.282,-2.532,0.234,-2.924,-0.013,-2.937,28987,14431,14556
201970,Sam Young,2017,-1.762,-0.194,-1.568,-0.318,-0.238,-0.08,-0.89,-0.209,-0.681,-0.36,-0.065,-0.295,0.027,0.285,-0.25,-0.941,0.405,0.405,-2.676,-2.271,0.0,-0.941,-0.484,-0.457,-0.941,-0.484,-0.457,-2.073,-0.65,0.244,0.002,0.242,-0.373,-0.165,-0.208,-0.059,-0.168,0.109,0.674,0.002,0.672,-0.133,-0.23,0.097,-0.639,-0.146,-0.146,-0.528,-0.674,0.0,-0.639,-0.581,-0.058,-0.639,-0.581,-0.058,0.328,-0.228,-1.519,-0.192,-1.327,-0.691,-0.403,-0.288,-0.949,-0.377,-0.572,0.313,-0.063,0.376,-0.106,0.054,-0.153,-1.58,0.259,0.259,-2.945,0.0,-1.58,-1.065,-0.515,-1.58,-1.065,-0.515,-1.744,-0.878,-2.271,-0.674,-2.945,3104,1532,1572
2853,Earl Barron,2017,-2.785,0.185,-2.97,-1.357,-0.264,-1.093,-0.905,-0.205,-0.7,-0.708,-0.003,-0.705,-0.458,-0.343,-0.113,0.136,-0.026,-0.026,-3.107,-3.133,0.0,0.136,0.163,-0.027,0.136,0.163,-0.027,-1.782,-0.95,-0.366,-0.001,-0.365,-0.333,0.092,-0.425,-0.332,-0.064,-0.268,0.3,-0.001,0.301,-0.147,-0.197,0.051,0.202,0.498,0.498,-0.311,0.187,0.0,0.202,-0.004,0.206,0.202,-0.004,0.206,0.128,-0.079,-3.15,0.184,-3.334,-1.689,-0.172,-1.517,-1.237,-0.269,-0.968,-0.408,-0.004,-0.404,-0.605,-0.539,-0.062,0.338,0.471,0.471,-2.946,0.0,0.338,0.159,0.179,0.338,0.159,0.179,-1.654,-1.03,-3.133,0.187,-2.946,1168,580,588
203199,DeQuan Jones,2017,-1.673,-0.029,-1.644,-0.391,0.206,-0.597,-0.738,-0.139,-0.599,-0.515,-0.085,-0.43,-0.491,-0.264,-0.22,0.58,0.598,0.598,-1.584,-0.986,0.0,0.58,0.054,0.526,0.58,0.054,0.526,-2.297,0.051,-1.231,0.081,-1.312,-0.535,-0.023,-0.512,-0.84,-0.215,-0.625,0.063,-0.067,0.13,-0.102,-0.154,0.05,-0.365,-0.283,-0.283,-1.698,-1.981,0.0,-0.365,-0.156,-0.209,-0.365,-0.156,-0.209,-1.044,-0.132,-2.908,0.052,-2.96,-0.928,0.182,-1.11,-1.578,-0.354,-1.224,-0.454,-0.153,-0.301,-0.593,-0.418,-0.17,0.215,0.315,0.315,-2.967,0.001,0.215,-0.101,0.316,0.215,-0.101,0.316,-3.342,-0.081,-0.986,-1.981,-2.966,3142,1555,1587
1626185,Jarell Martin,2017,-2.701,0.414,-3.115,-2.105,-0.007,-2.098,-1.066,-0.331,-0.735,0.056,-0.124,0.18,-0.151,0.2,-0.35,-0.096,0.117,0.117,-2.948,-2.831,0.0,-0.096,0.056,-0.152,-0.096,0.056,-0.152,-3.704,-0.72,0.136,-0.362,0.498,0.659,0.071,0.588,-0.301,-0.143,-0.158,0.14,-0.017,0.157,-0.44,-0.492,0.054,0.11,0.044,0.044,-0.194,-0.15,0.0,0.11,0.097,0.013,0.11,0.097,0.013,0.418,0.123,-2.564,0.052,-2.616,-1.447,0.064,-1.511,-1.366,-0.474,-0.892,0.197,-0.14,0.337,-0.591,-0.292,-0.296,0.014,0.161,0.161,-2.981,0.001,0.014,0.153,-0.139,0.014,0.153,-0.139,-3.286,-0.597,-2.831,-0.15,-2.98,3786,1876,1910
203546,Ian Clark,2017,-0.602,-0.083,-0.519,0.396,-0.25,0.646,0.3,-0.139,0.439,-1.215,0.04,-1.255,-0.613,-0.413,-0.201,-0.864,0.126,0.126,-2.079,-1.953,-0.0,-0.864,-0.714,-0.15,-0.864,-0.714,-0.15,2.191,0.098,-0.106,-0.069,-0.037,-1.025,-0.11,-0.915,0.037,-0.068,0.105,0.951,0.068,0.883,-0.196,-0.476,0.285,-0.145,-0.601,-0.601,-0.447,-1.048,0.0,-0.145,-0.04,-0.105,-0.145,-0.04,-0.105,-0.164,-0.412,-0.706,-0.152,-0.554,-0.629,-0.36,-0.269,0.338,-0.206,0.544,-0.263,0.108,-0.371,-0.809,-0.889,0.084,-1.009,-0.476,-0.476,-3.001,0.001,-1.009,-0.754,-0.255,-1.009,-0.754,-0.255,2.027,-0.314,-1.953,-1.048,-3.0,9529,4751,4778
203900,Markel Brown,2017,-1.684,-0.04,-1.644,0.304,0.296,0.008,-1.005,-0.052,-0.953,-0.943,-0.129,-0.814,0.013,-0.022,0.035,0.449,1.456,1.456,-1.222,0.234,0.0,0.449,0.139,0.31,0.449,0.139,0.31,-0.988,0.787,-2.31,-0.162,-2.148,-0.572,-0.147,-0.425,-0.366,-0.234,-0.132,-1.21,-0.047,-1.163,-0.066,0.112,-0.178,0.194,-1.054,-1.054,-2.182,-3.236,-0.0,0.194,0.075,0.119,0.194,0.075,0.119,-3.939,-0.864,-3.996,-0.202,-3.794,-0.269,0.148,-0.417,-1.372,-0.287,-1.085,-2.153,-0.176,-1.977,-0.054,0.09,-0.143,0.644,0.402,0.402,-3.002,0.0,0.644,0.214,0.43,0.644,0.214,0.43,-4.927,-0.077,0.234,-3.236,-3.002,6795,3388,3407
1626154,RJ Hunter,2017,-3.085,-0.088,-2.997,-1.277,-0.091,-1.186,-0.321,0.058,-0.379,-1.399,0.015,-1.414,-0.328,-0.261,-0.065,0.058,-0.187,-0.187,-3.355,-3.542,0.0,0.058,0.395,-0.337,0.058,0.395,-0.337,-1.276,-0.299,0.145,0.08,0.065,-0.497,-0.097,-0.4,0.112,-0.177,0.289,0.45,0.037,0.413,-0.292,-0.364,0.073,0.186,0.498,0.498,0.039,0.537,0.0,0.186,-0.192,0.378,0.186,-0.192,0.378,0.945,-0.219,-2.939,-0.008,-2.931,-1.774,-0.189,-1.585,-0.208,-0.119,-0.089,-0.949,0.052,-1.001,-0.621,-0.625,0.008,0.244,0.31,0.31,-3.005,0.0,0.244,0.203,0.041,0.244,0.203,0.041,-0.331,-0.518,-3.542,0.537,-3.005,1464,735,729
2549,Chris Kaman,2017,-0.081,0.006,-0.087,-0.001,-0.199,0.198,-0.157,-0.906,0.749,0.071,-0.178,0.249,-0.762,-0.98,0.22,-1.531,-0.879,-0.879,-2.374,-3.253,-0.0,-1.531,-0.83,-0.701,-1.531,-0.83,-0.701,-0.507,-0.331,0.42,-0.142,0.562,0.532,0.12,0.412,0.437,0.273,0.164,-0.407,0.03,-0.437,0.29,0.169,0.12,-0.55,0.085,0.085,0.16,0.245,0.0,-0.55,-0.306,-0.244,-0.55,-0.306,-0.244,-0.564,0.396,0.338,-0.136,0.474,0.53,-0.079,0.609,0.28,-0.633,0.913,-0.336,-0.148,-0.188,-0.472,-0.81,0.34,-2.081,-0.794,-0.794,-3.008,-0.0,-2.081,-1.136,-0.945,-2.081,-1.136,-0.945,-1.071,0.065,-3.253,0.245,-3.008,14167,7075,7092
203139,Viacheslav Kravtsov,2017,-0.673,0.223,-0.896,0.749,0.062,0.687,-0.735,0.006,-0.741,-0.91,-0.043,-0.867,-0.372,0.068,-0.441,-0.163,-0.695,-0.695,-1.208,-1.903,0.0,-0.163,0.154,-0.317,-0.163,0.154,-0.317,-1.144,0.195,-0.864,-0.062,-0.802,-0.218,0.089,-0.307,-0.026,-0.02,-0.006,-0.558,0.004,-0.562,-0.091,-0.207,0.117,-0.1,-0.052,-0.052,-1.055,-1.107,0.0,-0.1,-0.083,-0.017,-0.1,-0.083,-0.017,-1.547,-0.307,-1.537,0.161,-1.698,0.531,0.151,0.38,-0.761,-0.014,-0.747,-1.468,-0.039,-1.429,-0.463,-0.14,-0.324,-0.263,-0.747,-0.747,-3.01,0.0,-0.263,0.071,-0.334,-0.263,0.071,-0.334,-2.691,-0.112,-1.903,-1.107,-3.01,1118,552,566
1627770,Kay Felder,2017,-0.546,0.275,-0.821,-0.509,-0.056,-0.453,-0.187,-0.074,-0.113,-0.125,-0.074,-0.051,-0.281,0.097,-0.378,-0.645,-0.815,-0.815,-1.472,-2.287,0.0,-0.645,-0.26,-0.385,-0.645,-0.26,-0.385,-2.186,-0.938,-0.605,-0.196,-0.409,-0.203,0.043,-0.246,0.152,-0.049,0.201,-0.358,-0.007,-0.351,-0.018,0.031,-0.045,-0.039,-0.062,-0.062,-0.662,-0.724,0.0,-0.039,-0.08,0.041,-0.039,-0.08,0.041,-0.408,-0.044,-1.15,0.079,-1.229,-0.712,-0.013,-0.699,-0.034,-0.123,0.089,-0.483,-0.081,-0.402,-0.299,0.127,-0.423,-0.684,-0.876,-0.876,-3.011,0.0,-0.684,-0.34,-0.344,-0.684,-0.34,-0.344,-2.594,-0.981,-2.287,-0.724,-3.011,1514,752,762
203098,John Jenkins,2017,-1.133,-0.172,-0.961,-0.31,-0.21,-0.1,-0.033,-0.105,0.072,-0.618,0.037,-0.655,-0.176,-0.117,-0.057,-0.247,-0.559,-0.559,-1.556,-2.115,0.0,-0.247,-0.353,0.106,-0.247,-0.353,0.106,-1.458,-0.803,0.6,0.279,0.321,-0.164,-0.199,0.035,0.958,-0.048,1.006,-0.473,0.066,-0.539,-0.224,-0.185,-0.04,-0.645,-0.629,-0.629,-0.269,-0.898,0.0,-0.645,-0.189,-0.456,-0.645,-0.189,-0.456,0.406,-0.134,-0.532,0.107,-0.639,-0.474,-0.409,-0.065,0.926,-0.153,1.079,-1.091,0.103,-1.194,-0.4,-0.301,-0.097,-0.892,-1.189,-1.189,-3.013,0.0,-0.892,-0.541,-0.351,-0.892,-0.541,-0.351,-1.051,-0.937,-2.115,-0.898,-3.013,7442,3710,3732
202323,Evan Turner,2017,-2.207,-0.053,-2.154,-0.152,-0.023,-0.129,-0.267,-0.632,0.365,-1.735,-0.236,-1.499,0.059,0.164,-0.104,-0.304,-0.649,-0.649,-2.452,-3.101,-0.0,-0.304,-0.212,-0.092,-0.304,-0.212,-0.092,-3.865,-0.363,0.578,-0.024,0.602,0.487,0.129,0.358,0.068,0.236,-0.168,0.047,0.016,0.031,-0.013,0.026,-0.038,-0.473,-0.019,-0.019,0.092,0.073,0.0,-0.473,-0.155,-0.318,-0.473,-0.155,-0.318,0.73,0.522,-1.629,-0.077,-1.552,0.335,0.106,0.229,-0.199,-0.396,0.197,-1.688,-0.22,-1.468,0.046,0.19,-0.143,-0.777,-0.668,-0.668,-3.028,-0.0,-0.777,-0.367,-0.41,-0.777,-0.367,-0.41,-3.135,0.159,-3.101,0.073,-3.028,47881,23945,23936
203910,Nick Johnson,2017,-0.986,0.139,-1.125,-0.1,-0.065,-0.035,-0.075,0.054,-0.129,-0.95,-0.017,-0.933,-0.189,0.006,-0.19,-0.438,-1.049,-1.049,-1.613,-2.662,0.0,-0.438,-0.186,-0.252,-0.438,-0.186,-0.252,-2.833,-0.247,0.072,-0.055,0.127,-0.156,0.003,-0.159,-0.057,-0.086,0.029,0.34,-0.002,0.342,-0.134,-0.07,-0.061,-0.284,-0.021,-0.021,-0.346,-0.367,0.0,-0.284,-0.157,-0.127,-0.284,-0.157,-0.127,-0.014,-0.131,-0.913,0.084,-0.997,-0.255,-0.061,-0.194,-0.132,-0.032,-0.1,-0.61,-0.019,-0.591,-0.323,-0.064,-0.251,-0.723,-1.07,-1.07,-3.029,0.0,-0.723,-0.343,-0.38,-0.723,-0.343,-0.38,-2.847,-0.379,-2.662,-0.367,-3.029,1242,617,625
201158,Marco Belinelli,2017,0.602,0.089,0.513,0.115,-0.18,0.295,-0.064,0.076,-0.14,0.462,0.1,0.362,0.084,-0.013,0.096,0.038,-0.706,-0.706,0.724,0.018,-0.0,0.038,-0.247,0.285,0.038,-0.247,0.285,2.615,0.078,-2.419,0.321,-2.74,-0.945,-0.234,-0.711,-1.172,-0.084,-1.088,-0.623,0.067,-0.69,-0.066,-0.015,-0.051,-0.259,-0.322,-0.322,-2.744,-3.066,0.0,-0.259,-0.224,-0.035,-0.259,-0.224,-0.035,0.411,-0.445,-1.817,0.41,-2.227,-0.829,-0.414,-0.415,-1.237,-0.009,-1.228,-0.161,0.167,-0.328,0.018,-0.028,0.044,-0.221,-1.029,-1.029,-3.048,0.0,-0.221,-0.471,0.25,-0.221,-0.471,0.25,3.026,-0.367,0.018,-3.066,-3.048,36807,18432,18375
200811,Lou Amundson,2017,-1.405,-0.033,-1.372,-0.961,-0.036,-0.925,0.546,-0.369,0.915,-0.957,-0.127,-0.83,-1.097,-0.23,-0.865,-0.873,-0.448,-0.448,-3.375,-3.823,0.0,-0.873,-0.346,-0.527,-0.873,-0.346,-0.527,-1.605,-0.291,0.596,-0.119,0.715,1.004,0.225,0.779,0.132,-0.016,0.148,-0.421,0.002,-0.423,-0.478,-0.587,0.11,0.373,0.278,0.278,0.491,0.769,0.0,0.373,0.073,0.3,0.373,0.073,0.3,0.874,0.327,-0.811,-0.152,-0.659,0.043,0.189,-0.146,0.678,-0.385,1.063,-1.38,-0.126,-1.254,-1.575,-0.816,-0.756,-0.5,-0.169,-0.169,-3.054,0.0,-0.5,-0.274,-0.226,-0.5,-0.274,-0.226,-0.731,0.036,-3.823,0.769,-3.054,6386,3176,3210
2217,Brendan Haywood,2017,-1.628,-0.097,-1.531,-0.57,-0.463,-0.107,-0.81,-0.468,-0.342,-0.151,0.006,-0.157,-0.442,-0.415,-0.022,-0.455,-0.341,-0.341,-2.525,-2.866,0.0,-0.455,-0.058,-0.397,-0.455,-0.058,-0.397,-1.373,-1.156,-0.127,-0.034,-0.093,0.508,0.051,0.457,0.175,-0.022,0.197,-0.776,-0.069,-0.707,0.206,0.151,0.054,-0.254,-0.031,-0.031,-0.175,-0.206,0.0,-0.254,0.069,-0.323,-0.254,0.069,-0.323,-1.773,-0.079,-1.754,-0.131,-1.623,-0.062,-0.412,0.35,-0.634,-0.489,-0.145,-0.927,-0.063,-0.864,-0.237,-0.265,0.032,-0.709,-0.373,-0.373,-3.072,0.0,-0.709,0.011,-0.72,-0.709,0.011,-0.72,-3.146,-1.235,-2.866,-0.206,-3.072,4886,2446,2440
203924,Jerami Grant,2017,-0.977,0.3,-1.277,0.429,0.265,0.164,-1.441,0.379,-1.82,-0.265,0.014,-0.279,-0.334,0.611,-0.949,-0.492,-0.727,-0.727,-1.803,-2.53,0.0,-0.492,-0.06,-0.432,-0.492,-0.06,-0.432,-2.562,0.265,-0.021,-0.109,0.088,0.279,-0.069,0.348,-0.379,-0.061,-0.318,0.188,0.042,0.146,-0.179,-0.441,0.263,-0.592,0.172,0.172,-0.792,-0.62,-0.0,-0.592,-0.395,-0.197,-0.592,-0.395,-0.197,1.692,0.06,-0.998,0.191,-1.189,0.707,0.196,0.511,-1.819,0.319,-2.138,-0.077,0.056,-0.133,-0.513,0.17,-0.685,-1.084,-0.556,-0.556,-3.15,-0.0,-1.084,-0.455,-0.629,-1.084,-0.455,-0.629,-0.87,0.325,-2.53,-0.62,-3.15,20016,9972,10044
202327,Ekpe Udoh,2017,-1.375,-0.16,-1.215,-1.124,-0.395,-0.729,-1.073,-0.465,-0.608,0.982,-0.018,1.0,-0.473,-0.268,-0.201,-0.134,-0.579,-0.579,-1.982,-2.561,0.0,-0.134,-0.52,0.386,-0.134,-0.52,0.386,-0.171,-1.037,0.026,0.032,-0.006,-0.245,-0.104,-0.141,-0.234,-0.033,-0.201,0.473,0.01,0.463,-0.11,-0.284,0.174,-0.26,-0.249,-0.249,-0.344,-0.593,0.0,-0.26,-0.178,-0.082,-0.26,-0.178,-0.082,-0.057,-0.144,-1.348,-0.128,-1.22,-1.369,-0.499,-0.87,-1.307,-0.498,-0.809,1.456,-0.008,1.464,-0.583,-0.552,-0.027,-0.394,-0.828,-0.828,-3.154,0.0,-0.394,-0.698,0.304,-0.394,-0.698,0.304,-0.229,-1.182,-2.561,-0.593,-3.154,8752,4359,4393
101130,Johan Petro,2017,-1.312,0.012,-1.324,-0.124,-0.296,0.172,-1.433,-0.375,-1.058,0.233,-0.039,0.272,-0.147,-0.413,0.274,-0.32,-0.376,-0.376,-1.779,-2.155,0.0,-0.32,-0.479,0.159,-0.32,-0.479,0.159,-0.822,-0.583,-0.286,-0.057,-0.229,-0.069,0.016,-0.085,-0.101,-0.022,-0.079,-0.059,0.024,-0.083,-0.134,-0.169,0.035,-0.571,-0.014,-0.014,-0.991,-1.005,0.0,-0.571,-0.4,-0.171,-0.571,-0.4,-0.171,-0.208,-0.156,-1.598,-0.045,-1.553,-0.193,-0.28,0.087,-1.534,-0.397,-1.137,0.174,-0.015,0.189,-0.281,-0.582,0.309,-0.892,-0.39,-0.39,-3.16,0.0,-0.892,-0.879,-0.013,-0.892,-0.879,-0.013,-1.03,-0.739,-2.155,-1.005,-3.16,1780,889,891
200778,James White,2017,-0.814,-0.482,-0.332,-0.489,0.068,-0.557,0.326,0.241,0.085,-0.169,0.025,-0.194,-0.465,-0.195,-0.267,0.549,-1.447,-1.447,-0.73,-2.177,0.0,0.549,-0.03,0.579,0.549,-0.03,0.579,-0.854,-0.301,-0.865,0.155,-1.02,-0.069,-0.051,-0.018,-0.28,-0.02,-0.26,-0.671,0.023,-0.694,0.034,0.143,-0.108,-0.412,0.259,0.259,-1.243,-0.984,-0.0,-0.412,-0.19,-0.222,-0.412,-0.19,-0.222,0.817,-0.055,-1.678,-0.327,-1.351,-0.558,0.017,-0.575,0.047,0.221,-0.174,-0.84,0.048,-0.888,-0.432,-0.052,-0.375,0.138,-1.188,-1.188,-3.161,0.0,0.138,-0.219,0.357,0.138,-0.219,0.357,-0.037,-0.356,-2.177,-0.984,-3.161,1668,829,839
203498,Shabazz Muhammad,2017,-1.667,0.044,-1.711,0.385,0.064,0.321,-0.945,-0.123,-0.822,-1.151,-0.096,-1.055,0.252,0.417,-0.168,-0.589,1.055,1.055,-2.004,-0.949,0.0,-0.589,0.069,-0.658,-0.589,0.069,-0.658,-1.135,0.678,-1.272,0.028,-1.3,-1.117,-0.231,-0.886,-0.918,-0.234,-0.684,0.735,-0.011,0.746,-0.315,-0.173,-0.142,-0.203,-0.432,-0.432,-1.79,-2.222,0.0,-0.203,0.052,-0.255,-0.203,0.052,-0.255,0.339,-0.646,-2.939,0.072,-3.011,-0.732,-0.167,-0.565,-1.863,-0.357,-1.506,-0.416,-0.107,-0.309,-0.063,0.245,-0.31,-0.792,0.622,0.622,-3.171,0.0,-0.792,0.121,-0.913,-0.792,0.121,-0.913,-0.796,0.032,-0.949,-2.222,-3.171,16905,8434,8471
202706,Jordan Hamilton,2017,-0.279,0.198,-0.477,-0.693,0.185,-0.878,-0.692,0.279,-0.971,0.908,0.118,0.79,-0.669,-0.591,-0.077,-0.276,0.05,0.05,-1.224,-1.174,0.0,-0.276,0.386,-0.662,-0.276,0.386,-0.662,0.728,0.032,-1.032,-0.034,-0.998,0.061,-0.129,0.19,-0.732,-0.247,-0.485,-0.327,-0.019,-0.308,-0.188,-0.293,0.106,-0.199,-0.586,-0.586,-1.419,-2.005,0.0,-0.199,0.088,-0.287,-0.199,0.088,-0.287,-0.732,-0.109,-1.312,0.164,-1.476,-0.632,0.056,-0.688,-1.424,0.032,-1.456,0.58,0.098,0.482,-0.857,-0.884,0.03,-0.475,-0.536,-0.536,-3.179,0.0,-0.475,0.474,-0.949,-0.475,0.474,-0.949,-0.004,-0.077,-1.174,-2.005,-3.179,7255,3622,3633
202332,Cole Aldrich,2017,-1.402,0.241,-1.643,-0.725,-0.121,-0.604,-0.627,-0.609,-0.018,-0.291,-0.086,-0.205,-0.842,-0.981,0.14,-0.989,0.169,0.169,-3.233,-3.064,-0.0,-0.989,-0.668,-0.321,-0.989,-0.668,-0.321,-0.962,-0.051,-0.071,0.095,-0.166,-0.086,0.095,-0.181,-0.356,-0.046,-0.31,0.276,-0.046,0.322,0.199,0.124,0.076,0.364,-0.61,-0.61,0.492,-0.118,0.0,0.364,0.257,0.107,0.364,0.257,0.107,-1.222,-0.01,-1.473,0.336,-1.809,-0.811,-0.026,-0.785,-0.983,-0.655,-0.328,-0.015,-0.132,0.117,-0.644,-0.857,0.216,-0.625,-0.441,-0.441,-3.182,-0.0,-0.625,-0.411,-0.214,-0.625,-0.411,-0.214,-2.184,-0.061,-3.064,-0.118,-3.182,11933,5951,5982
203913,Jabari Brown,2017,-0.67,0.132,-0.802,-0.371,0.074,-0.445,-0.635,0.096,-0.731,0.204,-0.054,0.258,0.107,0.136,-0.025,-0.329,-0.226,-0.226,-0.892,-1.118,0.0,-0.329,0.184,-0.513,-0.329,0.184,-0.513,-0.986,-0.07,-1.572,-0.239,-1.333,-0.506,-0.155,-0.351,-0.509,-0.292,-0.217,-0.318,-0.019,-0.299,-0.301,-0.366,0.066,-0.447,0.251,0.251,-2.32,-2.069,0.0,-0.447,-0.143,-0.304,-0.447,-0.143,-0.304,-0.72,-0.42,-2.243,-0.107,-2.136,-0.877,-0.081,-0.796,-1.145,-0.197,-0.948,-0.114,-0.073,-0.041,-0.194,-0.231,0.041,-0.776,0.026,0.026,-3.187,0.0,-0.776,0.041,-0.817,-0.776,0.041,-0.817,-1.706,-0.49,-1.118,-2.069,-3.187,2096,1047,1049
203102,Arnett Moultrie,2017,-1.404,-0.11,-1.294,0.463,-0.007,0.47,-0.502,-0.155,-0.347,-1.255,-0.049,-1.206,-0.523,-0.412,-0.107,0.403,0.124,0.124,-1.524,-1.4,0.0,0.403,0.146,0.257,0.403,0.146,0.257,-0.388,0.269,-1.826,0.139,-1.965,-0.289,-0.1,-0.189,-0.907,-0.166,-0.741,-0.769,-0.01,-0.759,-0.079,-0.092,0.015,-0.133,0.236,0.236,-2.038,-1.802,0.0,-0.133,0.084,-0.217,-0.133,0.084,-0.217,-1.345,-0.39,-3.229,0.029,-3.258,0.174,-0.107,0.281,-1.409,-0.321,-1.088,-2.023,-0.059,-1.964,-0.602,-0.504,-0.093,0.27,0.359,0.359,-3.202,-0.001,0.27,0.23,0.04,0.27,0.23,0.04,-1.733,-0.121,-1.4,-1.802,-3.203,2796,1394,1402
201977,Marcus Thornton,2017,-1.793,0.237,-2.03,-0.388,-0.25,-0.138,-1.123,-0.064,-1.059,-0.519,0.134,-0.653,-0.512,-0.324,-0.186,0.285,0.984,0.984,-2.02,-1.036,-0.0,0.285,-0.095,0.38,0.285,-0.095,0.38,-1.348,-0.368,-1.449,0.22,-1.669,-1.448,-0.146,-1.302,-0.22,-0.234,0.014,-0.001,0.014,-0.015,-0.402,-0.485,0.082,0.09,-0.418,-0.418,-1.761,-2.179,0.0,0.09,0.391,-0.301,0.09,0.391,-0.301,-0.981,-0.974,-3.244,0.457,-3.701,-1.836,-0.396,-1.44,-1.345,-0.299,-1.046,-0.52,0.148,-0.668,-0.914,-0.81,-0.104,0.375,0.566,0.566,-3.215,-0.0,0.375,0.296,0.079,0.375,0.296,0.079,-2.329,-1.342,-1.036,-2.179,-3.215,23247,11645,11602
2210,Richard Jefferson,2017,-0.344,0.114,-0.458,0.287,-0.174,0.461,-0.744,0.035,-0.779,-0.001,0.027,-0.028,-0.015,0.29,-0.307,-0.362,-1.749,-1.749,-0.721,-2.47,0.0,-0.362,0.109,-0.471,-0.362,0.109,-0.471,-2.098,-0.349,-0.365,0.122,-0.487,-0.335,0.166,-0.501,0.391,0.062,0.329,-0.543,-0.0,-0.543,-0.039,-0.107,0.068,-0.462,0.116,0.116,-0.866,-0.75,0.0,-0.462,-0.514,0.052,-0.462,-0.514,0.052,-0.639,0.074,-0.708,0.236,-0.944,-0.047,-0.008,-0.039,-0.353,0.097,-0.45,-0.544,0.027,-0.571,-0.054,0.183,-0.239,-0.824,-1.632,-1.632,-3.22,0.001,-0.824,-0.405,-0.419,-0.824,-0.405,-0.419,-2.737,-0.275,-2.47,-0.75,-3.219,29114,14541,14573
101115,Andrew Bynum,2017,-1.45,-0.012,-1.438,-0.427,-0.314,-0.113,-0.301,-0.425,0.124,-0.71,-0.079,-0.631,-0.497,-0.437,-0.059,-0.691,-0.211,-0.211,-2.638,-2.849,-0.0,-0.691,-0.78,0.089,-0.691,-0.78,0.089,-1.736,-0.493,0.117,-0.631,0.748,0.231,-0.101,0.332,0.199,0.089,0.11,0.318,0.02,0.298,-0.104,0.139,-0.238,-0.362,-0.03,-0.03,-0.349,-0.379,0.0,-0.362,-0.283,-0.079,-0.362,-0.283,-0.079,-0.905,-0.381,-1.331,-0.643,-0.688,-0.194,-0.414,0.22,-0.102,-0.336,0.234,-0.392,-0.059,-0.333,-0.601,-0.298,-0.297,-1.052,-0.241,-0.241,-3.228,-0.0,-1.052,-1.063,0.011,-1.052,-1.063,0.011,-2.641,-0.873,-2.849,-0.379,-3.228,1971,976,995
202688,Brandon Knight,2017,-0.379,0.073,-0.452,-0.381,0.242,-0.623,-0.551,0.391,-0.942,0.48,0.084,0.396,0.068,0.021,0.049,-0.436,-0.853,-0.853,-0.747,-1.6,0.0,-0.436,-0.309,-0.127,-0.436,-0.309,-0.127,-1.705,-0.304,-1.291,-0.012,-1.279,-0.678,-0.164,-0.514,0.068,-0.202,0.27,-0.669,-0.003,-0.666,-0.298,-0.402,0.103,-0.1,0.058,0.058,-1.689,-1.631,0.0,-0.1,-0.141,0.041,-0.1,-0.141,0.041,0.324,0.033,-1.671,0.061,-1.732,-1.059,0.078,-1.137,-0.483,0.189,-0.672,-0.19,0.08,-0.27,-0.23,-0.381,0.152,-0.537,-0.794,-0.794,-3.231,0.0,-0.537,-0.45,-0.087,-0.537,-0.45,-0.087,-1.381,-0.271,-1.6,-1.631,-3.231,38059,19043,19016
1626172,Kevon Looney,2017,-1.684,-0.049,-1.635,-0.102,-0.279,0.177,-0.072,-0.148,0.076,-1.461,-0.008,-1.453,-0.442,-0.164,-0.277,-0.794,0.603,0.603,-2.92,-2.317,0.0,-0.794,-0.588,-0.206,-0.794,-0.588,-0.206,-1.163,-0.025,-0.706,-0.339,-0.367,-0.2,-0.03,-0.17,0.12,-0.03,0.15,-0.287,0.007,-0.294,-0.059,-0.033,-0.022,-0.226,0.073,0.073,-0.991,-0.918,-0.0,-0.226,0.037,-0.263,-0.226,0.037,-0.263,-0.119,-0.095,-2.39,-0.388,-2.002,-0.302,-0.309,0.007,0.048,-0.178,0.226,-1.748,-0.001,-1.747,-0.5,-0.197,-0.299,-1.02,0.676,0.676,-3.235,0.0,-1.02,-0.55,-0.47,-1.02,-0.55,-0.47,-1.282,-0.12,-2.317,-0.918,-3.235,1842,909,933
203477,Isaiah Canaan,2017,-2.287,0.439,-2.726,-1.707,-0.114,-1.593,-0.88,0.531,-1.411,-0.139,0.238,-0.377,0.079,0.171,-0.094,-0.029,0.25,0.25,-2.237,-1.987,-0.0,-0.029,-0.041,0.012,-0.029,-0.041,0.012,-2.623,-1.059,-0.37,-0.332,-0.038,-0.397,-0.213,-0.184,0.009,-0.074,0.083,0.35,0.038,0.312,-0.071,-0.035,-0.035,-0.04,-0.771,-0.771,-0.481,-1.252,0.0,-0.04,-0.183,0.143,-0.04,-0.183,0.143,-0.553,-0.518,-2.655,0.107,-2.762,-2.104,-0.327,-1.777,-0.871,0.457,-1.328,0.213,0.277,-0.064,0.008,0.136,-0.129,-0.069,-0.521,-0.521,-3.239,0.0,-0.069,-0.225,0.156,-0.069,-0.225,0.156,-3.176,-1.577,-1.987,-1.252,-3.239,15135,7572,7563
201941,Jordan Hill,2017,-2.973,0.065,-3.038,-0.351,-0.333,-0.018,-2.322,-0.815,-1.507,-0.365,-0.156,-0.209,-0.502,-0.533,0.03,-0.464,1.698,1.698,-3.939,-2.241,-0.0,-0.464,-0.104,-0.36,-0.464,-0.104,-0.36,-2.814,-0.539,-0.238,-0.205,-0.033,-0.402,-0.275,-0.127,-0.44,-0.129,-0.311,0.809,0.012,0.797,0.237,0.137,0.102,-0.957,-0.053,-0.053,-0.958,-1.011,0.0,-0.957,-0.284,-0.673,-0.957,-0.284,-0.673,-1.454,-0.733,-3.212,-0.14,-3.072,-0.754,-0.609,-0.145,-2.762,-0.944,-1.818,0.444,-0.144,0.588,-0.265,-0.396,0.131,-1.421,1.646,1.646,-3.252,0.0,-1.421,-0.388,-1.033,-1.421,-0.388,-1.033,-4.268,-1.272,-2.241,-1.011,-3.252,21376,10681,10695
201150,Spencer Hawes,2017,-0.171,0.209,-0.38,-0.135,0.126,-0.261,0.225,0.149,0.076,-0.47,0.122,-0.592,-0.697,-0.796,0.1,-0.396,-1.063,-1.063,-1.264,-2.327,0.0,-0.396,-0.429,0.033,-0.396,-0.429,0.033,3.308,0.362,-0.041,0.167,-0.208,0.598,0.342,0.256,-0.199,0.249,-0.448,-0.607,-0.058,-0.549,0.246,0.462,-0.215,-1.009,-0.123,-0.123,-0.804,-0.927,-0.0,-1.009,-0.554,-0.455,-1.009,-0.554,-0.455,-3.138,0.44,-0.211,0.376,-0.587,0.463,0.467,-0.004,0.026,0.398,-0.372,-1.076,0.064,-1.14,-0.451,-0.334,-0.115,-1.405,-1.187,-1.187,-3.254,0.001,-1.405,-0.983,-0.422,-1.405,-0.983,-0.422,0.17,0.802,-2.327,-0.927,-3.253,31138,15589,15549
202698,Chris Singleton,2017,-2.791,-0.057,-2.734,-0.83,-0.282,-0.548,-0.751,-0.337,-0.414,-1.153,-0.105,-1.048,0.24,0.337,-0.093,0.134,-0.985,-0.985,-2.417,-3.402,0.0,0.134,-0.021,0.155,0.134,-0.021,0.155,-3.366,-0.966,-0.003,0.016,-0.019,-0.497,-0.089,-0.408,0.12,-0.193,0.313,0.358,-0.02,0.378,-0.217,-0.266,0.049,0.267,0.072,0.072,0.047,0.119,-0.0,0.267,0.0,0.267,0.267,0.0,0.267,0.675,-0.179,-2.792,-0.041,-2.751,-1.326,-0.371,-0.955,-0.631,-0.53,-0.101,-0.794,-0.124,-0.67,0.023,0.071,-0.044,0.401,-0.913,-0.913,-3.283,0.001,0.401,-0.021,0.422,0.401,-0.021,0.422,-2.691,-1.144,-3.402,0.119,-3.282,4481,2236,2245
1626144,Emmanuel Mudiay,2017,-0.135,0.036,-0.171,0.032,0.461,-0.429,0.172,0.186,-0.014,-0.375,-0.101,-0.274,0.183,0.279,-0.098,-0.627,-0.762,-0.762,-0.579,-1.341,0.0,-0.627,-0.06,-0.567,-0.627,-0.06,-0.567,-0.173,0.768,-1.211,-0.394,-0.817,-0.47,-0.088,-0.382,0.258,-0.128,0.386,-0.605,-0.016,-0.589,-0.136,-0.163,0.029,-0.758,0.158,0.158,-2.105,-1.947,0.0,-0.758,-0.375,-0.383,-0.758,-0.375,-0.383,-2.217,-0.588,-1.347,-0.358,-0.989,-0.438,0.373,-0.811,0.429,0.057,0.372,-0.98,-0.117,-0.863,0.047,0.116,-0.069,-1.385,-0.604,-0.604,-3.288,0.0,-1.385,-0.435,-0.95,-1.385,-0.435,-0.95,-2.39,0.179,-1.341,-1.947,-3.288,14052,7014,7038
2248,Earl Watson,2017,-2.693,0.016,-2.709,0.242,0.031,0.211,-1.117,-0.117,-1.0,-1.834,-0.127,-1.707,0.461,0.498,-0.027,-1.427,1.035,1.035,-3.659,-2.624,0.0,-1.427,-0.69,-0.737,-1.427,-0.69,-0.737,-1.198,0.555,-1.031,0.093,-1.124,0.038,0.13,-0.092,-0.806,-0.082,-0.724,-0.356,-0.024,-0.332,-0.347,-0.379,0.031,0.648,0.041,0.041,-0.73,-0.689,-0.0,0.648,0.317,0.331,0.648,0.317,0.331,1.033,0.45,-3.725,0.109,-3.834,0.28,0.161,0.119,-1.924,-0.2,-1.724,-2.19,-0.151,-2.039,0.114,0.119,0.003,-0.78,1.076,1.076,-3.313,0.001,-0.78,-0.374,-0.406,-0.78,-0.374,-0.406,-0.165,1.006,-2.624,-0.689,-3.312,3773,1883,1890
203457,Nerlens Noel,2017,-0.665,0.113,-0.778,0.526,0.146,0.38,-1.201,-0.163,-1.038,-0.103,-0.058,-0.045,-0.482,-0.243,-0.24,-1.93,-0.969,-0.969,-3.077,-4.046,0.0,-1.93,-1.158,-0.772,-1.93,-1.158,-0.772,-0.451,0.636,-0.408,0.01,-0.418,0.325,0.006,0.319,0.254,0.015,0.239,-0.997,-0.008,-0.989,0.366,0.316,0.05,1.243,-0.485,-0.485,1.201,0.716,-0.0,1.243,0.485,0.758,1.243,0.485,0.758,-1.254,-0.272,-1.072,0.123,-1.195,0.852,0.153,0.699,-0.946,-0.148,-0.798,-1.101,-0.066,-1.035,-0.117,0.073,-0.19,-0.687,-1.454,-1.454,-3.33,-0.001,-0.687,-0.674,-0.013,-0.687,-0.674,-0.013,-1.705,0.364,-4.046,0.716,-3.331,20955,10469,10486
101124,Hakim Warrick,2017,-0.612,-0.04,-0.572,-0.441,0.113,-0.554,-0.042,-0.043,0.001,-0.089,-0.099,0.01,-0.093,0.109,-0.198,-0.446,-1.129,-1.129,-1.151,-2.28,0.0,-0.446,0.161,-0.607,-0.446,0.161,-0.607,-0.988,-0.08,-0.837,-0.009,-0.828,-0.116,-0.154,0.038,-0.555,-0.256,-0.299,-0.157,-0.047,-0.11,-0.06,0.024,-0.083,-0.086,-0.069,-0.069,-0.983,-1.052,0.0,-0.086,0.114,-0.2,-0.086,0.114,-0.2,-0.992,-0.366,-1.447,-0.049,-1.398,-0.556,-0.041,-0.515,-0.596,-0.299,-0.297,-0.246,-0.146,-0.1,-0.153,0.133,-0.281,-0.531,-1.198,-1.198,-3.332,0.0,-0.531,0.275,-0.806,-0.531,0.275,-0.806,-1.979,-0.446,-2.28,-1.052,-3.332,1926,964,962
1626156,D'Angelo Russell,2017,-0.719,0.235,-0.954,0.079,-0.105,0.184,-0.209,0.377,-0.586,-0.824,0.154,-0.978,-0.757,-0.315,-0.445,0.264,-0.212,-0.212,-1.212,-1.424,0.0,0.264,-0.298,0.562,0.264,-0.298,0.562,-0.145,0.088,-1.806,-0.158,-1.648,-0.741,-0.157,-0.584,-0.762,-0.249,-0.513,-0.145,-0.019,-0.126,-0.297,-0.137,-0.16,0.395,-0.231,-0.231,-1.708,-1.939,0.0,0.395,0.437,-0.042,0.395,0.437,-0.042,-1.038,-0.511,-2.524,0.077,-2.601,-0.661,-0.262,-0.399,-0.971,0.128,-1.099,-0.969,0.135,-1.104,-1.054,-0.452,-0.605,0.659,-0.442,-0.442,-3.363,0.001,0.659,0.139,0.52,0.659,0.139,0.52,-1.183,-0.424,-1.424,-1.939,-3.362,16578,8294,8284
203543,Vitor Faverani,2017,-2.545,0.307,-2.852,-1.023,-0.143,-0.88,-0.217,-0.015,-0.202,-1.612,-0.017,-1.595,0.078,0.164,-0.084,-1.047,0.186,0.186,-3.514,-3.328,0.0,-1.047,-0.093,-0.954,-1.047,-0.093,-0.954,-2.521,-0.164,-0.22,-0.029,-0.191,-0.083,0.019,-0.102,-0.288,0.0,-0.288,0.18,0.034,0.146,-0.109,-0.003,-0.103,0.038,0.248,0.248,-0.291,-0.043,0.0,0.038,0.049,-0.011,0.038,0.049,-0.011,0.281,-0.126,-2.765,0.278,-3.043,-1.107,-0.125,-0.982,-0.504,-0.014,-0.49,-1.432,0.017,-1.449,-0.032,0.161,-0.188,-1.008,0.433,0.433,-3.371,0.0,-1.008,-0.044,-0.964,-1.008,-0.044,-0.964,-2.24,-0.29,-3.328,-0.043,-3.371,1850,925,925
203197,Diante Garrett,2017,-2.185,0.186,-2.371,-0.976,-0.102,-0.874,-1.83,-0.094,-1.736,0.435,0.027,0.408,-0.939,-0.559,-0.378,0.141,0.03,0.03,-2.983,-2.953,0.0,0.141,-0.175,0.316,0.141,-0.175,0.316,-0.681,-0.792,0.211,0.154,0.057,-0.793,-0.153,-0.64,0.324,-0.073,0.397,0.526,0.034,0.492,-0.071,0.047,-0.117,0.278,-0.89,-0.89,0.418,-0.472,0.0,0.278,0.259,0.019,0.278,0.259,0.019,0.265,-0.418,-1.975,0.34,-2.315,-1.769,-0.255,-1.514,-1.507,-0.167,-1.34,0.961,0.061,0.9,-1.011,-0.512,-0.495,0.42,-0.861,-0.861,-3.425,0.001,0.42,0.084,0.336,0.42,0.084,0.336,-0.416,-1.209,-2.953,-0.472,-3.424,4434,2216,2218
202711,Bojan Bogdanovic,2017,0.658,0.134,0.524,0.278,0.241,0.037,0.818,0.31,0.508,-0.572,0.037,-0.609,0.313,0.038,0.274,-0.694,-0.574,-0.574,0.277,-0.297,-0.0,-0.694,-0.014,-0.68,-0.694,-0.014,-0.68,-0.601,0.115,-2.067,0.197,-2.264,-0.785,-0.359,-0.426,-1.043,-0.359,-0.684,-0.436,0.012,-0.448,0.015,0.121,-0.104,-0.508,-0.641,-0.641,-2.56,-3.201,0.0,-0.508,-0.221,-0.287,-0.508,-0.221,-0.287,-0.76,-0.827,-1.409,0.331,-1.74,-0.506,-0.118,-0.388,-0.225,-0.049,-0.176,-1.009,0.048,-1.057,0.328,0.158,0.17,-1.202,-1.216,-1.216,-3.498,0.001,-1.202,-0.234,-0.968,-1.202,-0.234,-0.968,-1.361,-0.712,-0.297,-3.201,-3.497,25677,12860,12817
201189,Aaron Gray,2017,-1.098,0.013,-1.111,-0.495,-0.424,-0.071,-0.163,-0.474,0.311,-0.453,-0.028,-0.425,-0.911,-0.579,-0.329,-0.247,-0.761,-0.761,-2.256,-3.017,0.0,-0.247,-0.024,-0.223,-0.247,-0.024,-0.223,-1.519,-0.464,-0.437,-0.007,-0.43,-0.548,0.133,-0.681,0.056,0.094,-0.038,0.062,-0.001,0.063,-0.06,0.013,-0.072,-0.407,0.42,0.42,-0.904,-0.484,-0.0,-0.407,-0.101,-0.306,-0.407,-0.101,-0.306,-0.676,-0.008,-1.535,0.006,-1.541,-1.043,-0.291,-0.752,-0.107,-0.38,0.273,-0.391,-0.029,-0.362,-0.971,-0.566,-0.401,-0.655,-0.341,-0.341,-3.501,0.0,-0.655,-0.125,-0.53,-0.655,-0.125,-0.53,-2.195,-0.472,-3.017,-0.484,-3.501,3304,1650,1654
202388,Donald Sloan,2017,-1.698,0.14,-1.838,-0.65,-0.015,-0.635,-0.712,0.087,-0.799,-0.476,0.041,-0.517,-0.325,-0.026,-0.299,-0.128,-0.633,-0.633,-2.151,-2.784,0.0,-0.128,-0.006,-0.122,-0.128,-0.006,-0.122,-0.465,-0.424,-0.559,0.038,-0.597,-0.182,-0.09,-0.092,-0.295,-0.132,-0.163,-0.12,-0.009,-0.111,0.185,0.106,0.081,-0.6,0.254,0.254,-0.974,-0.72,0.0,-0.6,-0.186,-0.414,-0.6,-0.186,-0.414,-0.438,-0.401,-2.258,0.178,-2.436,-0.833,-0.106,-0.727,-1.007,-0.045,-0.962,-0.596,0.032,-0.628,-0.139,0.08,-0.218,-0.728,-0.379,-0.379,-3.504,0.001,-0.728,-0.192,-0.536,-0.728,-0.192,-0.536,-0.903,-0.826,-2.784,-0.72,-3.503,11797,5903,5894
203499,Shane Larkin,2017,-1.614,-0.239,-1.375,-0.065,-0.198,0.133,-1.628,-0.348,-1.28,0.318,-0.083,0.401,-0.137,0.084,-0.223,-0.789,0.204,0.204,-2.54,-2.336,0.0,-0.789,-0.292,-0.497,-0.789,-0.292,-0.497,-0.974,-0.432,-3.204,-0.108,-3.096,-1.37,-0.107,-1.263,-0.285,-0.131,-0.154,-1.441,-0.014,-1.427,0.058,0.03,0.03,0.831,1.125,1.125,-2.315,-1.19,0.0,0.831,0.414,0.417,0.831,0.414,0.417,-1.153,-0.318,-4.817,-0.347,-4.47,-1.434,-0.305,-1.129,-1.913,-0.479,-1.434,-1.123,-0.097,-1.026,-0.079,0.114,-0.193,0.043,1.329,1.329,-3.526,-0.001,0.043,0.122,-0.079,0.043,0.122,-0.079,-2.128,-0.75,-2.336,-1.19,-3.527,15475,7737,7738
203939,Dwight Powell,2017,-2.129,-0.228,-1.901,-0.278,-0.176,-0.102,-0.956,-0.271,-0.685,-0.667,-0.118,-0.549,0.168,0.228,-0.063,-0.603,-0.387,-0.387,-2.564,-2.951,0.0,-0.603,-0.529,-0.074,-0.603,-0.529,-0.074,-1.076,0.304,-1.009,0.092,-1.101,-0.872,0.024,-0.896,-0.176,-0.087,-0.089,-0.053,0.02,-0.073,-0.124,-0.337,0.217,0.807,-0.257,-0.257,-0.326,-0.583,0.0,0.807,0.201,0.606,0.807,0.201,0.606,0.561,-0.164,-3.139,-0.136,-3.003,-1.151,-0.152,-0.999,-1.132,-0.358,-0.774,-0.72,-0.098,-0.622,0.044,-0.109,0.154,0.203,-0.643,-0.643,-3.534,0.0,0.203,-0.328,0.531,0.203,-0.328,0.531,-0.516,0.14,-2.951,-0.583,-3.534,9977,4981,4996
202390,Gary Neal,2017,-0.111,-0.104,-0.007,-0.021,-0.597,0.576,0.798,-0.122,0.92,-0.784,0.121,-0.905,0.454,0.208,0.248,0.433,-1.493,-1.493,0.776,-0.717,0.0,0.433,0.333,0.1,0.433,0.333,0.1,-2.277,-1.141,-1.648,0.089,-1.737,-0.223,0.133,-0.356,-1.114,0.016,-1.13,-0.4,-0.018,-0.382,0.004,-0.147,0.149,-0.811,-0.364,-0.364,-2.455,-2.819,0.0,-0.811,-0.625,-0.186,-0.811,-0.625,-0.186,-0.302,0.196,-1.759,-0.015,-1.744,-0.244,-0.464,0.22,-0.317,-0.106,-0.211,-1.183,0.103,-1.286,0.458,0.06,0.397,-0.377,-1.857,-1.857,-3.536,-0.001,-0.377,-0.292,-0.085,-0.377,-0.292,-0.085,-2.579,-0.945,-0.717,-2.819,-3.537,19675,9837,9838
2223,Samuel Dalembert,2017,-1.537,-0.289,-1.248,-0.155,-0.027,-0.128,-0.491,-0.3,-0.191,-0.602,-0.077,-0.525,-0.541,-0.503,-0.037,-1.42,-0.029,-0.029,-3.498,-3.527,-0.0,-1.42,-0.838,-0.582,-1.42,-0.838,-0.582,-1.165,0.246,-0.587,-0.259,-0.328,0.712,-0.004,0.716,-0.414,0.085,-0.499,-0.626,-0.014,-0.612,0.2,0.319,-0.12,0.166,0.192,0.192,-0.221,-0.029,-0.0,0.166,0.066,0.1,0.166,0.066,0.1,-0.745,0.342,-2.124,-0.548,-1.576,0.556,-0.032,0.588,-0.904,-0.214,-0.69,-1.228,-0.091,-1.137,-0.341,-0.184,-0.157,-1.254,0.164,0.164,-3.556,-0.0,-1.254,-0.771,-0.483,-1.254,-0.771,-0.483,-1.91,0.588,-3.527,-0.029,-3.556,11768,5850,5918
201576,Anthony Randolph,2017,-1.535,-0.093,-1.442,-0.217,0.044,-0.261,0.075,0.304,-0.229,-1.3,0.012,-1.312,0.346,0.453,-0.102,-0.727,-0.627,-0.627,-1.916,-2.543,0.0,-0.727,0.036,-0.763,-0.727,0.036,-0.763,-4.344,-0.711,-0.985,0.117,-1.102,-0.087,-0.076,-0.011,-0.619,-0.286,-0.333,-0.396,-0.047,-0.349,-0.095,-0.234,0.14,-0.379,0.418,0.418,-1.459,-1.041,0.0,-0.379,0.05,-0.429,-0.379,0.05,-0.429,-1.244,-0.219,-2.519,0.024,-2.543,-0.304,-0.032,-0.272,-0.543,0.019,-0.562,-1.696,-0.035,-1.661,0.251,0.219,0.038,-1.106,-0.208,-0.208,-3.584,0.0,-1.106,0.086,-1.192,-1.106,0.086,-1.192,-5.588,-0.929,-2.543,-1.041,-3.584,3626,1806,1820
1627759,Jaylen Brown,2017,-0.332,0.281,-0.613,0.06,0.204,-0.144,-0.159,0.282,-0.441,-0.514,-0.027,-0.487,0.037,0.213,-0.175,-0.924,-1.545,-1.545,-1.219,-2.764,0.0,-0.924,0.006,-0.93,-0.924,0.006,-0.93,-1.109,0.826,-1.089,0.023,-1.112,-0.082,0.046,-0.128,-0.76,-0.107,-0.653,-0.27,0.014,-0.284,-0.166,-0.285,0.122,-0.177,0.61,0.61,-1.432,-0.822,0.0,-0.177,-0.001,-0.176,-0.177,-0.001,-0.176,-0.164,-0.194,-1.422,0.304,-1.726,-0.022,0.25,-0.272,-0.919,0.175,-1.094,-0.785,-0.014,-0.771,-0.129,-0.072,-0.053,-1.101,-0.936,-0.936,-3.586,0.0,-1.101,0.005,-1.106,-1.101,0.005,-1.106,-1.273,0.632,-2.764,-0.822,-3.586,6109,3033,3076
2557,Luke Ridnour,2017,-0.846,-0.174,-0.672,-0.455,-0.201,-0.254,0.523,-0.134,0.657,-0.74,0.012,-0.752,-0.213,-0.058,-0.153,-0.25,-1.171,-1.171,-1.309,-2.48,0.0,-0.25,0.196,-0.446,-0.25,0.196,-0.446,-1.44,-0.39,-0.55,0.008,-0.558,0.135,0.102,0.033,-0.678,0.051,-0.729,-0.015,-0.0,-0.015,-0.287,-0.185,-0.106,0.042,-0.333,-0.333,-0.795,-1.128,0.0,0.042,-0.098,0.14,0.042,-0.098,0.14,0.003,0.183,-1.395,-0.166,-1.229,-0.319,-0.099,-0.22,-0.155,-0.083,-0.072,-0.755,0.012,-0.767,-0.5,-0.243,-0.259,-0.208,-1.504,-1.504,-3.608,-0.0,-0.208,0.099,-0.307,-0.208,0.099,-0.307,-1.437,-0.207,-2.48,-1.128,-3.608,16553,8282,8271
203148,Brian Roberts,2017,-2.116,-0.262,-1.854,-1.327,-0.453,-0.874,-0.584,-0.385,-0.199,0.057,0.009,0.048,0.073,-0.173,0.248,0.309,-0.661,-0.661,-1.734,-2.395,0.0,0.309,0.512,-0.203,0.309,0.512,-0.203,-1.914,-1.138,-0.606,0.253,-0.859,-0.723,0.012,-0.735,-0.14,-0.076,-0.064,0.004,-0.001,0.005,-0.421,-0.236,-0.186,-0.116,-0.121,-0.121,-1.143,-1.264,0.0,-0.116,-0.19,0.074,-0.116,-0.19,0.074,-0.599,0.001,-2.721,-0.009,-2.712,-2.049,-0.441,-1.608,-0.724,-0.461,-0.263,0.061,0.008,0.053,-0.348,-0.408,0.062,0.194,-0.783,-0.783,-3.659,0.0,0.194,0.321,-0.127,0.194,0.321,-0.127,-2.513,-1.137,-2.395,-1.264,-3.659,19607,9821,9786
201160,Jason Smith,2017,-0.834,-0.171,-0.663,-0.65,-0.389,-0.261,0.141,-1.102,1.243,-0.154,-0.247,0.093,-0.157,-0.474,0.317,-0.177,-0.28,-0.28,-1.168,-1.448,0.0,-0.177,0.097,-0.274,-0.177,0.097,-0.274,1.204,-0.949,-1.248,-0.085,-1.163,0.564,-0.032,0.596,-0.618,-0.214,-0.404,-1.109,-0.066,-1.043,-0.256,-0.281,0.025,-0.23,-0.492,-0.492,-1.734,-2.226,0.0,-0.23,-0.466,0.236,-0.23,-0.466,0.236,-2.799,-0.137,-2.082,-0.256,-1.826,-0.086,-0.421,0.335,-0.478,-1.317,0.839,-1.262,-0.313,-0.949,-0.413,-0.755,0.342,-0.407,-0.772,-0.772,-3.674,0.0,-0.407,-0.369,-0.038,-0.407,-0.369,-0.038,-1.595,-1.086,-1.448,-2.226,-3.674,22811,11383,11428
203926,Doug McDermott,2017,-0.791,-0.081,-0.71,-0.336,-0.171,-0.165,-0.597,-0.224,-0.373,0.223,-0.027,0.25,-0.18,-0.133,-0.047,-0.107,0.059,0.059,-1.078,-1.019,0.0,-0.107,-0.263,0.156,-0.107,-0.263,0.156,-0.129,-0.357,-1.08,-0.321,-0.759,0.029,-0.101,0.13,-0.356,0.032,-0.388,-0.432,0.035,-0.467,-0.214,-0.115,-0.097,-1.243,-0.147,-0.147,-2.537,-2.684,-0.0,-1.243,-0.726,-0.517,-1.243,-0.726,-0.517,-0.251,-0.022,-1.871,-0.402,-1.469,-0.307,-0.272,-0.035,-0.952,-0.191,-0.761,-0.21,0.007,-0.217,-0.394,-0.248,-0.144,-1.35,-0.088,-0.088,-3.703,0.0,-1.35,-0.989,-0.361,-1.35,-0.989,-0.361,-0.38,-0.379,-1.019,-2.684,-3.703,14678,7360,7318
201880,Greg Stiemsma,2017,-2.46,-0.225,-2.235,-0.673,-0.232,-0.441,-0.793,-0.445,-0.348,-0.769,-0.056,-0.713,-0.447,-0.467,0.024,-0.638,-1.153,-1.153,-3.545,-4.698,0.0,-0.638,0.137,-0.775,-0.638,0.137,-0.775,-1.268,-0.762,-0.147,-0.066,-0.081,0.225,0.16,0.065,-0.325,0.138,-0.463,0.019,-0.005,0.024,0.233,0.098,0.134,0.743,0.166,0.166,0.829,0.995,0.0,0.743,0.005,0.738,0.743,0.005,0.738,-1.178,-0.182,-2.607,-0.291,-2.316,-0.448,-0.072,-0.376,-1.118,-0.307,-0.811,-0.75,-0.061,-0.689,-0.213,-0.369,0.158,0.105,-0.987,-0.987,-3.703,0.0,0.105,0.141,-0.036,0.105,0.141,-0.036,-2.446,-0.944,-4.698,0.995,-3.703,8669,4320,4349
202962,Greg Smith,2017,-1.985,-0.036,-1.949,-0.267,0.103,-0.37,-1.381,0.117,-1.498,-0.301,0.059,-0.36,-0.543,-0.175,-0.363,-0.398,0.218,0.218,-2.926,-2.708,0.0,-0.398,-0.652,0.254,-0.398,-0.652,0.254,-0.343,0.193,0.183,0.064,0.119,-0.414,0.144,-0.558,0.488,0.1,0.388,0.045,-0.026,0.071,0.07,0.084,-0.014,-0.75,-0.499,-0.499,-0.497,-0.996,0.0,-0.75,-0.422,-0.328,-0.75,-0.422,-0.328,-0.209,-0.157,-1.802,0.028,-1.83,-0.681,0.247,-0.928,-0.893,0.217,-1.11,-0.256,0.033,-0.289,-0.472,-0.091,-0.378,-1.148,-0.281,-0.281,-3.704,0.0,-1.148,-1.074,-0.074,-1.148,-1.074,-0.074,-0.552,0.036,-2.708,-0.996,-3.704,7138,3566,3572
203903,Jordan Clarkson,2017,-1.933,-0.124,-1.809,-0.055,0.177,-0.232,-0.516,-0.211,-0.305,-1.238,-0.158,-1.08,0.401,0.175,0.219,0.634,-0.403,-0.403,-0.898,-1.301,0.0,0.634,0.718,-0.084,0.634,0.718,-0.084,-5.093,-0.363,-1.339,-0.077,-1.262,-0.968,-0.107,-0.861,-0.691,-0.111,-0.58,0.397,0.02,0.377,-0.064,-0.134,0.07,-0.546,-0.468,-0.468,-1.949,-2.417,0.0,-0.546,0.061,-0.607,-0.546,0.061,-0.607,-1.762,-0.721,-3.273,-0.201,-3.072,-1.024,0.069,-1.093,-1.206,-0.321,-0.885,-0.842,-0.138,-0.704,0.337,0.041,0.289,0.088,-0.871,-0.871,-3.718,-0.001,0.088,0.778,-0.69,0.088,0.778,-0.69,-6.856,-1.084,-1.301,-2.417,-3.719,25265,12618,12647
101133,Ian Mahinmi,2017,-3.002,0.113,-3.115,-1.249,0.016,-1.265,-1.58,-0.277,-1.303,-0.286,-0.047,-0.239,-1.193,-0.463,-0.728,-1.479,-0.083,-0.083,-5.674,-5.757,0.0,-1.479,-0.451,-1.028,-1.479,-0.451,-1.028,-2.649,-0.639,0.04,-0.089,0.129,0.736,0.141,0.595,-0.162,0.105,-0.267,-0.445,-0.051,-0.394,0.346,0.301,0.046,0.423,1.227,1.227,0.809,2.036,0.0,0.423,0.298,0.125,0.423,0.298,0.125,-0.099,0.342,-2.96,0.024,-2.984,-0.511,0.158,-0.669,-1.742,-0.172,-1.57,-0.731,-0.098,-0.633,-0.847,-0.161,-0.682,-1.056,1.144,1.144,-3.721,0.0,-1.056,-0.153,-0.903,-1.056,-0.153,-0.903,-2.748,-0.297,-5.757,2.036,-3.721,25772,12840,12932
203093,Terrence Jones,2017,-0.309,0.629,-0.938,-0.137,0.205,-0.342,-0.84,0.015,-0.855,0.039,-0.008,0.047,-0.648,-0.111,-0.538,0.408,-0.722,-0.722,-0.549,-1.271,0.0,0.408,0.162,0.246,0.408,0.162,0.246,-0.375,0.403,-1.302,-0.041,-1.261,-0.521,-0.327,-0.194,0.064,-0.139,0.203,-0.804,-0.013,-0.791,0.64,0.708,-0.066,-0.783,-1.028,-1.028,-1.445,-2.473,0.0,-0.783,0.264,-1.047,-0.783,0.264,-1.047,-2.789,-0.895,-1.612,0.588,-2.2,-0.658,-0.122,-0.536,-0.777,-0.124,-0.653,-0.765,-0.021,-0.744,-0.008,0.596,-0.604,-0.376,-1.751,-1.751,-3.744,-0.0,-0.376,0.425,-0.801,-0.376,0.425,-0.801,-3.165,-0.492,-1.271,-2.473,-3.744,24013,12022,11991
1627741,Buddy Hield,2017,-0.353,0.31,-0.663,-0.337,-0.063,-0.274,-1.194,-0.077,-1.117,0.868,0.067,0.801,-0.989,-0.939,-0.049,-0.563,-1.053,-1.053,-1.905,-2.958,0.0,-0.563,-0.118,-0.445,-0.563,-0.118,-0.445,-0.771,-0.397,-0.265,-0.088,-0.177,-0.676,0.105,-0.781,0.308,-0.054,0.362,0.191,-0.034,0.225,0.201,0.19,0.013,-0.442,-0.283,-0.283,-0.506,-0.789,-0.0,-0.442,-0.185,-0.257,-0.442,-0.185,-0.257,-0.428,-0.056,-0.619,0.222,-0.841,-1.013,0.042,-1.055,-0.887,-0.132,-0.755,1.059,0.033,1.026,-0.788,-0.749,-0.036,-1.005,-1.336,-1.336,-3.747,0.0,-1.005,-0.303,-0.702,-1.005,-0.303,-0.702,-1.2,-0.453,-2.958,-0.789,-3.747,7229,3634,3595
203105,Festus Ezeli,2017,-2.488,-0.14,-2.348,-1.347,-0.69,-0.657,-1.658,-0.79,-0.868,0.657,-0.094,0.751,-0.798,-0.213,-0.582,-1.52,1.192,1.192,-4.806,-3.614,0.0,-1.52,-0.56,-0.96,-1.52,-0.56,-0.96,-2.6,-1.352,-0.685,-0.225,-0.46,0.141,0.359,-0.218,0.663,0.489,0.174,-1.264,0.027,-1.291,0.235,0.317,-0.083,-0.82,1.135,1.135,-1.27,-0.135,0.0,-0.82,-0.594,-0.226,-0.82,-0.594,-0.226,-1.513,0.455,-3.173,-0.365,-2.808,-1.206,-0.331,-0.875,-0.994,-0.301,-0.693,-0.608,-0.068,-0.54,-0.563,0.104,-0.664,-2.341,2.327,2.327,-3.749,-0.0,-2.341,-1.154,-1.187,-2.341,-1.154,-1.187,-4.112,-0.896,-3.614,-0.135,-3.749,11407,5681,5726
203798,PJ Hairston,2017,-2.35,0.108,-2.458,-1.296,-0.176,-1.12,-0.595,0.1,-0.695,-0.567,0.122,-0.689,-0.466,-0.5,0.034,0.54,0.651,0.651,-2.276,-1.625,0.0,0.54,0.033,0.507,0.54,0.033,0.507,-0.104,-0.719,-1.898,-0.35,-1.548,0.238,0.046,0.192,-0.661,-0.144,-0.517,-1.125,-0.056,-1.069,-0.203,-0.218,0.018,0.132,-0.163,-0.163,-1.969,-2.132,-0.0,0.132,0.019,0.113,0.132,0.019,0.113,-2.03,0.058,-4.248,-0.242,-4.006,-1.058,-0.13,-0.928,-1.255,-0.044,-1.211,-1.693,0.065,-1.758,-0.669,-0.717,0.051,0.671,0.488,0.488,-3.757,0.001,0.671,0.052,0.619,0.671,0.052,0.619,-2.134,-0.661,-1.625,-2.132,-3.756,7798,3885,3913
101198,Will Bynum,2017,0.186,-0.231,0.417,1.293,0.593,0.7,0.694,0.49,0.204,-1.57,-0.043,-1.527,0.319,0.608,-0.283,-0.812,-1.024,-1.024,-0.307,-1.331,0.0,-0.812,-0.209,-0.603,-0.812,-0.209,-0.603,-3.532,0.447,-0.882,0.08,-0.962,-1.028,-0.248,-0.78,0.445,-0.475,0.92,-0.379,-0.023,-0.356,-0.896,-0.841,-0.058,0.176,-0.845,-0.845,-1.602,-2.447,0.0,0.176,-0.239,0.415,0.176,-0.239,0.415,-0.393,-0.78,-0.696,-0.151,-0.545,0.265,0.345,-0.08,1.139,0.015,1.124,-1.949,-0.066,-1.883,-0.577,-0.232,-0.341,-0.636,-1.868,-1.868,-3.778,0.0,-0.636,-0.448,-0.188,-0.636,-0.448,-0.188,-3.925,-0.333,-1.331,-2.447,-3.778,9151,4563,4588
203960,JaKarr Sampson,2017,-0.618,-0.126,-0.492,-0.157,0.225,-0.382,-0.923,0.182,-1.105,0.588,-0.022,0.61,-0.447,-0.031,-0.415,-1.401,-0.218,-0.218,-2.466,-2.684,0.0,-1.401,-0.265,-1.136,-1.401,-0.265,-1.136,-1.998,-0.282,-0.77,-0.084,-0.686,0.034,-0.035,0.069,0.274,-0.102,0.376,-0.994,-0.017,-0.977,-0.278,-0.236,-0.043,-0.054,0.0,0.0,-1.102,-1.102,0.0,-0.054,0.067,-0.121,-0.054,0.067,-0.121,-1.036,-0.288,-1.392,-0.21,-1.182,-0.124,0.189,-0.313,-0.65,0.08,-0.73,-0.408,-0.04,-0.368,-0.725,-0.266,-0.458,-1.455,-0.218,-0.218,-3.786,-0.001,-1.455,-0.198,-1.257,-1.455,-0.198,-1.257,-3.034,-0.57,-2.684,-1.102,-3.787,9021,4457,4564
203530,Joffrey Lauvergne,2017,-0.641,0.182,-0.823,-0.297,0.133,-0.43,0.263,-0.052,0.315,-0.789,-0.027,-0.762,-0.377,-0.331,-0.048,-0.572,-0.359,-0.359,-1.59,-1.949,-0.0,-0.572,-0.433,-0.139,-0.572,-0.433,-0.139,1.115,0.461,-0.948,-0.141,-0.807,-1.062,-0.275,-0.787,-0.546,-0.262,-0.284,0.801,0.003,0.798,-0.228,-0.186,-0.041,-0.626,-0.037,-0.037,-1.802,-1.839,0.0,-0.626,-0.113,-0.513,-0.626,-0.113,-0.513,-0.368,-0.859,-1.591,0.041,-1.632,-1.359,-0.142,-1.217,-0.284,-0.314,0.03,0.011,-0.024,0.035,-0.605,-0.517,-0.089,-1.198,-0.396,-0.396,-3.788,-0.001,-1.198,-0.546,-0.652,-1.198,-0.546,-0.652,0.746,-0.398,-1.949,-1.839,-3.789,9129,4554,4575
1626173,Rashad Vaughn,2017,-1.822,0.139,-1.961,-0.402,-0.169,-0.233,-0.972,-0.158,-0.814,-0.587,0.017,-0.604,-0.092,-0.303,0.213,-0.459,-0.244,-0.244,-2.373,-2.617,0.0,-0.459,-0.273,-0.186,-0.459,-0.273,-0.186,-1.456,-0.682,-0.493,-0.028,-0.465,0.092,-0.203,0.295,-0.2,-0.129,-0.071,-0.357,0.038,-0.395,-0.171,-0.098,-0.071,-0.373,-0.14,-0.14,-1.037,-1.177,0.0,-0.373,-0.014,-0.359,-0.373,-0.014,-0.359,-0.934,-0.553,-2.316,0.111,-2.427,-0.31,-0.372,0.062,-1.172,-0.287,-0.885,-0.945,0.055,-1.0,-0.263,-0.401,0.142,-0.832,-0.384,-0.384,-3.794,0.0,-0.832,-0.287,-0.545,-0.832,-0.287,-0.545,-2.39,-1.235,-2.617,-1.177,-3.794,5646,2809,2837
2405,Amar'e Stoudemire,2017,-0.729,0.103,-0.832,0.278,0.091,0.187,-0.382,-0.45,0.068,-0.728,-0.179,-0.549,-0.127,-0.157,0.031,-1.217,0.146,0.146,-2.073,-1.927,0.0,-1.217,-0.269,-0.948,-1.217,-0.269,-0.948,-0.634,0.448,-1.513,-0.066,-1.447,-0.277,-0.049,-0.228,-0.527,-0.079,-0.448,-0.643,-0.013,-0.63,-0.094,0.005,-0.098,-0.547,0.272,0.272,-2.154,-1.882,0.0,-0.547,-0.275,-0.272,-0.547,-0.275,-0.272,-1.144,-0.163,-2.238,0.037,-2.275,0.003,0.043,-0.04,-0.908,-0.529,-0.379,-1.37,-0.191,-1.179,-0.221,-0.152,-0.067,-1.763,0.418,0.418,-3.809,0.0,-1.763,-0.544,-1.219,-1.763,-0.544,-1.219,-1.778,0.285,-1.927,-1.882,-3.809,16140,8085,8055
201578,Marreese Speights,2017,-1.479,0.178,-1.657,-0.857,-0.527,-0.33,-0.663,-0.793,0.13,-0.137,-0.063,-0.074,-0.404,-0.736,0.336,-0.808,-0.151,-0.151,-2.691,-2.842,-0.0,-0.808,-0.384,-0.424,-0.808,-0.384,-0.424,1.173,-0.958,-0.77,-0.456,-0.314,-0.135,-0.052,-0.083,-0.183,0.197,-0.38,0.004,0.06,-0.056,0.075,-0.103,0.179,-0.172,-0.115,-0.115,-0.867,-0.982,0.0,-0.172,-0.318,0.146,-0.172,-0.318,0.146,-0.338,-0.133,-2.249,-0.278,-1.971,-0.991,-0.578,-0.413,-0.846,-0.596,-0.25,-0.134,-0.003,-0.131,-0.328,-0.839,0.515,-0.98,-0.265,-0.265,-3.824,0.0,-0.98,-0.702,-0.278,-0.98,-0.702,-0.278,0.836,-1.092,-2.842,-0.982,-3.824,23770,11866,11904
201986,Nando De Colo,2017,0.072,-0.603,0.675,0.083,0.0,0.083,0.028,0.274,-0.246,0.564,0.07,0.494,-0.17,-0.26,0.097,-1.529,-1.193,-1.193,-1.627,-2.82,0.0,-1.529,-0.736,-0.793,-1.529,-0.736,-0.793,0.479,0.047,-0.794,0.049,-0.843,-0.019,-0.116,0.097,-0.609,-0.179,-0.43,-0.215,-0.012,-0.203,-0.213,-0.182,-0.032,-0.132,0.125,0.125,-1.139,-1.014,0.0,-0.132,0.026,-0.158,-0.132,0.026,-0.158,0.169,-0.313,-0.718,-0.554,-0.164,0.066,-0.115,0.181,-0.58,0.096,-0.676,0.35,0.058,0.292,-0.382,-0.442,0.064,-1.661,-1.068,-1.068,-3.834,0.0,-1.661,-0.71,-0.951,-1.661,-0.71,-0.951,0.647,-0.266,-2.82,-1.014,-3.834,5567,2777,2790
203094,Andrew Nicholson,2017,-2.361,-0.125,-2.236,-0.563,-0.668,0.105,-0.744,-0.95,0.206,-0.929,-0.069,-0.86,-0.496,-0.668,0.174,-0.838,-0.726,-0.726,-3.695,-4.421,0.0,-0.838,-0.111,-0.727,-0.838,-0.111,-0.727,-2.975,-1.659,0.453,0.365,0.088,-0.479,0.127,-0.606,0.759,0.02,0.739,-0.192,-0.037,-0.155,0.147,0.203,-0.056,-0.386,0.369,0.369,0.214,0.583,0.0,-0.386,-0.011,-0.375,-0.386,-0.011,-0.375,-1.609,-0.222,-1.908,0.24,-2.148,-1.042,-0.541,-0.501,0.015,-0.929,0.944,-1.121,-0.106,-1.015,-0.348,-0.465,0.118,-1.223,-0.357,-0.357,-3.838,0.0,-1.223,-0.122,-1.101,-1.223,-0.122,-1.101,-4.584,-1.881,-4.421,0.583,-3.838,15537,7770,7767
1626166,Cameron Payne,2017,-1.036,-0.136,-0.9,-0.737,-0.296,-0.441,0.451,0.003,0.448,-0.614,0.102,-0.716,-0.95,-0.719,-0.23,-0.614,-0.306,-0.306,-2.6,-2.906,0.0,-0.614,-0.288,-0.326,-0.614,-0.288,-0.326,-1.363,-0.428,-0.454,-0.151,-0.303,-0.143,-0.137,-0.006,0.269,-0.071,0.34,-0.429,0.063,-0.492,-0.219,-0.332,0.114,-0.061,-0.204,-0.204,-0.734,-0.938,0.0,-0.061,-0.229,0.168,-0.061,-0.229,0.168,1.439,0.023,-1.491,-0.287,-1.204,-0.881,-0.434,-0.447,0.72,-0.068,0.788,-1.043,0.165,-1.208,-1.169,-1.051,-0.115,-0.675,-0.51,-0.51,-3.844,0.0,-0.675,-0.517,-0.158,-0.675,-0.517,-0.158,0.077,-0.405,-2.906,-0.938,-3.844,4767,2381,2386
203949,James Michael McAdoo,2017,-2.166,0.256,-2.422,-0.373,-0.147,-0.226,-1.376,-0.216,-1.16,-0.673,-0.047,-0.626,-0.758,-0.088,-0.67,-0.011,0.437,0.437,-2.935,-2.498,0.0,-0.011,-0.423,0.412,-0.011,-0.423,0.412,-1.506,-0.162,-1.342,-0.167,-1.175,-0.451,-0.158,-0.293,-0.173,-0.15,-0.023,-0.551,0.032,-0.583,-0.103,-0.147,0.047,-0.028,0.072,0.072,-1.473,-1.401,0.0,-0.028,-0.037,0.009,-0.028,-0.037,0.009,-0.604,-0.429,-3.509,0.089,-3.598,-0.824,-0.305,-0.519,-1.55,-0.366,-1.184,-1.224,-0.015,-1.209,-0.861,-0.236,-0.623,-0.039,0.51,0.51,-3.899,-0.001,-0.039,-0.46,0.421,-0.039,-0.46,0.421,-2.109,-0.591,-2.498,-1.401,-3.9,3740,1850,1890
203944,Julius Randle,2017,-1.915,-0.002,-1.913,-0.282,-0.027,-0.255,-1.366,0.023,-1.389,-0.265,0.012,-0.277,0.061,-0.04,0.097,-0.506,0.641,0.641,-2.36,-1.719,0.0,-0.506,0.219,-0.725,-0.506,0.219,-0.725,-0.982,-0.439,-1.802,0.046,-1.848,-1.352,-0.155,-1.197,-0.447,-0.424,-0.023,-0.049,-0.049,-0.0,-0.226,-0.144,-0.082,-0.619,0.46,0.46,-2.647,-2.187,0.0,-0.619,-0.291,-0.328,-0.619,-0.291,-0.328,-2.614,-0.971,-3.718,0.044,-3.762,-1.634,-0.182,-1.452,-1.813,-0.401,-1.412,-0.315,-0.037,-0.278,-0.165,-0.184,0.015,-1.125,1.101,1.101,-3.906,0.0,-1.125,-0.072,-1.053,-1.125,-0.072,-1.053,-3.596,-1.41,-1.719,-2.187,-3.906,18099,9042,9057
203086,Meyers Leonard,2017,0.482,0.091,0.391,-0.584,-0.195,-0.389,0.429,-0.029,0.458,0.546,0.144,0.402,-0.485,-0.841,0.356,-0.863,-1.782,-1.782,-0.866,-2.648,0.0,-0.863,-0.654,-0.209,-0.863,-0.654,-0.209,0.42,-0.865,-0.437,0.113,-0.55,0.092,0.187,-0.095,-0.477,-0.007,-0.47,-0.165,-0.044,-0.121,-0.282,-0.313,0.032,-0.757,0.213,0.213,-1.476,-1.263,0.0,-0.757,-0.739,-0.018,-0.757,-0.739,-0.018,0.204,0.045,0.046,0.204,-0.158,-0.491,-0.007,-0.484,-0.048,-0.036,-0.012,0.381,0.1,0.281,-0.768,-1.153,0.388,-1.62,-1.569,-1.569,-3.911,0.0,-1.62,-1.393,-0.227,-1.62,-1.393,-0.227,0.624,-0.819,-2.648,-1.263,-3.911,20110,10086,10024
203136,Ognjen Kuzmic,2017,-1.002,0.109,-1.111,-0.329,-0.152,-0.177,-0.008,0.044,-0.052,-0.774,0.0,-0.774,-0.088,0.077,-0.162,-0.584,-0.89,-0.89,-1.674,-2.564,0.0,-0.584,-0.387,-0.197,-0.584,-0.387,-0.197,-1.869,-0.401,-0.827,-0.042,-0.785,-0.297,0.05,-0.347,-0.393,-0.138,-0.255,-0.095,-0.02,-0.075,-0.235,-0.139,-0.093,-0.23,-0.063,-0.063,-1.292,-1.355,-0.0,-0.23,-0.089,-0.141,-0.23,-0.089,-0.141,-0.666,-0.193,-1.828,0.067,-1.895,-0.625,-0.101,-0.524,-0.401,-0.094,-0.307,-0.869,-0.02,-0.849,-0.323,-0.062,-0.255,-0.814,-0.953,-0.953,-3.919,-0.0,-0.814,-0.476,-0.338,-0.814,-0.476,-0.338,-2.535,-0.594,-2.564,-1.355,-3.919,708,352,356
201571,D.J. Augustin,2017,-1.762,-0.006,-1.756,-1.012,-0.122,-0.89,-0.327,0.521,-0.848,-0.417,0.157,-0.574,0.385,0.457,-0.072,-0.43,-0.191,-0.191,-1.807,-1.998,0.0,-0.43,-0.225,-0.205,-0.43,-0.225,-0.205,-2.055,-0.779,-0.329,0.043,-0.372,-0.357,0.088,-0.445,0.059,0.054,0.005,-0.074,0.033,-0.107,-0.19,-0.14,-0.05,-0.562,-0.842,-0.842,-1.081,-1.923,0.0,-0.562,-0.343,-0.219,-0.562,-0.343,-0.219,-0.181,-0.088,-2.091,0.037,-2.128,-1.369,-0.034,-1.335,-0.268,0.574,-0.842,-0.491,0.19,-0.681,0.195,0.317,-0.123,-0.992,-1.034,-1.034,-3.921,0.0,-0.992,-0.568,-0.424,-0.992,-0.568,-0.424,-2.236,-0.868,-1.998,-1.923,-3.921,31216,15611,15605
203104,Marquis Teague,2017,-2.224,0.007,-2.231,-0.556,0.448,-1.004,-0.846,0.335,-1.181,-0.829,0.004,-0.833,-0.297,-0.281,-0.011,-0.882,-0.293,-0.293,-3.403,-3.696,0.0,-0.882,-0.519,-0.363,-0.882,-0.519,-0.363,-1.228,0.148,0.284,-0.112,0.396,-0.353,-0.009,-0.344,0.542,0.077,0.465,0.207,0.05,0.157,-0.121,-0.034,-0.086,-0.111,-0.277,-0.277,0.052,-0.225,0.0,-0.111,-0.015,-0.096,-0.111,-0.015,-0.096,0.378,-0.063,-1.941,-0.105,-1.836,-0.909,0.439,-1.348,-0.304,0.412,-0.716,-0.623,0.053,-0.676,-0.418,-0.315,-0.097,-0.993,-0.57,-0.57,-3.921,0.0,-0.993,-0.534,-0.459,-0.993,-0.534,-0.459,-0.85,0.086,-3.696,-0.225,-3.921,3293,1633,1660
2740,Andris Biedrins,2017,-2.626,-0.22,-2.406,-1.72,-0.461,-1.259,-0.241,-0.457,0.216,-0.445,-0.066,-0.379,-0.296,-0.251,-0.04,-0.564,-0.553,-0.553,-3.486,-4.039,0.0,-0.564,-0.184,-0.38,-0.564,-0.184,-0.38,-3.648,-1.378,1.72,-0.025,1.745,0.926,0.243,0.683,0.174,0.031,0.143,0.645,-0.015,0.66,-0.274,-0.388,0.113,-0.648,-0.713,-0.713,0.798,0.085,0.0,-0.648,-0.201,-0.447,-0.648,-0.201,-0.447,0.079,0.286,-0.907,-0.245,-0.662,-0.795,-0.218,-0.577,-0.068,-0.426,0.358,0.201,-0.08,0.281,-0.57,-0.639,0.073,-1.212,-1.267,-1.267,-3.954,-0.0,-1.212,-0.385,-0.827,-1.212,-0.385,-0.827,-3.569,-1.091,-4.039,0.085,-3.954,2220,1101,1119
2406,Caron Butler,2017,-1.019,-0.203,-0.816,-0.695,-0.237,-0.458,-0.156,0.041,-0.197,0.035,0.127,-0.092,-0.076,-0.29,0.216,0.136,-0.758,-0.758,-0.959,-1.717,0.0,0.136,0.466,-0.33,0.136,0.466,-0.33,0.413,-0.605,-1.949,-0.076,-1.873,-0.654,-0.03,-0.624,0.17,-0.185,0.355,-1.389,-0.077,-1.312,-0.069,-0.04,-0.031,-0.024,-0.232,-0.232,-2.042,-2.274,0.0,-0.024,-0.21,0.186,-0.024,-0.21,0.186,-2.806,-0.338,-2.968,-0.279,-2.689,-1.349,-0.267,-1.082,0.014,-0.144,0.158,-1.354,0.05,-1.404,-0.146,-0.331,0.185,0.112,-0.99,-0.99,-3.991,0.0,0.112,0.256,-0.144,0.112,0.256,-0.144,-2.392,-0.943,-1.717,-2.274,-3.991,21412,10716,10696
203943,Noah Vonleh,2017,-3.725,0.142,-3.867,-1.759,-0.396,-1.363,-1.446,-0.695,-0.751,-0.662,-0.043,-0.619,-0.988,-0.95,-0.038,-0.153,0.998,0.998,-4.866,-3.868,-0.0,-0.153,0.207,-0.36,-0.153,0.207,-0.36,-3.258,-1.128,-1.055,-0.081,-0.974,0.483,0.064,0.419,-1.214,0.107,-1.321,-0.243,-0.026,-0.217,0.093,0.452,-0.36,0.158,0.677,0.677,-0.804,-0.127,-0.0,0.158,-0.018,0.176,0.158,-0.018,0.176,-1.32,0.029,-4.781,0.061,-4.842,-1.276,-0.332,-0.944,-2.66,-0.588,-2.072,-0.906,-0.069,-0.837,-0.895,-0.498,-0.398,0.004,1.675,1.675,-3.995,-0.0,0.004,0.189,-0.185,0.004,0.189,-0.185,-4.578,-1.099,-3.868,-0.127,-3.995,10907,5435,5472
2430,Carlos Boozer,2017,-1.864,0.218,-2.082,0.14,0.205,-0.065,-2.003,-0.977,-1.026,-0.219,-0.356,0.137,-0.5,-0.576,0.078,-0.256,0.16,0.16,-2.62,-2.46,0.0,-0.256,0.079,-0.335,-0.256,0.079,-0.335,0.078,0.756,-1.335,-0.002,-1.333,-0.994,-0.186,-0.808,0.387,0.155,0.232,-0.726,0.101,-0.827,-0.028,0.083,-0.112,-0.758,0.56,0.56,-2.121,-1.561,0.0,-0.758,-0.463,-0.295,-0.758,-0.463,-0.295,-0.5,-0.485,-3.198,0.216,-3.414,-0.854,0.019,-0.873,-1.616,-0.822,-0.794,-0.944,-0.254,-0.69,-0.528,-0.493,-0.034,-1.014,0.72,0.72,-4.021,0.0,-1.014,-0.384,-0.63,-1.014,-0.384,-0.63,-0.421,0.272,-2.46,-1.561,-4.021,25854,12925,12929
202087,Alonzo Gee,2017,-2.461,-0.285,-2.176,-0.056,0.197,-0.253,-0.303,0.034,-0.337,-1.817,-0.098,-1.719,0.42,0.315,0.109,-0.244,-0.541,-0.541,-2.285,-2.826,0.0,-0.244,0.092,-0.336,-0.244,0.092,-0.336,-5.09,-0.266,-0.735,-0.022,-0.713,-0.248,-0.159,-0.089,-0.372,-0.187,-0.185,-0.093,0.016,-0.109,-0.466,-0.47,0.002,0.481,-0.507,-0.507,-0.72,-1.227,0.0,0.481,0.12,0.361,0.481,0.12,0.361,0.711,-0.12,-3.199,-0.307,-2.892,-0.305,0.037,-0.342,-0.675,-0.153,-0.522,-1.912,-0.083,-1.829,-0.046,-0.155,0.111,0.238,-1.048,-1.048,-4.053,-0.001,0.238,0.212,0.026,0.238,0.212,0.026,-4.379,-0.386,-2.826,-1.227,-4.054,23172,11514,11658
101127,Jarrett Jack,2017,-1.902,-0.092,-1.81,-1.482,-0.538,-0.944,0.174,-0.827,1.001,-0.502,-0.152,-0.35,0.153,0.21,-0.055,-0.102,-1.19,-1.19,-1.851,-3.041,0.0,-0.102,0.306,-0.408,-0.102,0.306,-0.408,-3.205,-1.242,-0.053,0.069,-0.122,0.026,0.246,-0.22,-0.331,-0.283,-0.048,0.183,-0.199,0.382,-0.021,-0.2,0.177,-0.383,-0.564,-0.564,-0.457,-1.021,0.0,-0.383,-0.109,-0.274,-0.383,-0.109,-0.274,-2.764,-0.028,-1.955,-0.023,-1.932,-1.455,-0.292,-1.163,-0.158,-1.11,0.952,-0.319,-0.351,0.032,0.131,0.01,0.122,-0.484,-1.754,-1.754,-4.062,0.001,-0.484,0.197,-0.681,-0.484,0.197,-0.681,-5.969,-1.27,-3.041,-1.021,-4.061,32717,16384,16333
1626209,Mario Hezonja,2017,-1.328,0.375,-1.703,-0.375,-0.271,-0.104,-0.72,-0.275,-0.445,-0.608,0.049,-0.657,-0.498,-0.647,0.15,0.254,-0.911,-0.911,-1.572,-2.483,0.0,0.254,-0.215,0.469,0.254,-0.215,0.469,1.116,-0.054,-2.042,-0.042,-2.0,-0.911,-0.099,-0.812,-1.064,-0.157,-0.907,-0.025,0.013,-0.038,-0.243,-0.221,-0.019,0.135,0.554,0.554,-2.15,-1.596,-0.0,0.135,-0.018,0.153,0.135,-0.018,0.153,-0.755,-0.686,-3.367,0.333,-3.7,-1.285,-0.369,-0.916,-1.783,-0.431,-1.352,-0.632,0.062,-0.694,-0.741,-0.868,0.13,0.389,-0.358,-0.358,-4.079,-0.001,0.389,-0.234,0.623,0.389,-0.234,0.623,0.36,-0.74,-2.483,-1.596,-4.08,9211,4626,4585
2743,Kris Humphries,2017,-2.775,-0.1,-2.675,-0.809,-0.388,-0.421,-1.586,-0.641,-0.945,-0.28,-0.083,-0.197,-0.349,-0.397,0.047,-0.622,0.145,0.145,-3.746,-3.601,-0.0,-0.622,-0.503,-0.119,-0.622,-0.503,-0.119,0.102,-0.593,-0.231,-0.084,-0.147,0.094,-0.173,0.267,-0.325,0.028,-0.353,0.084,0.052,0.032,-0.034,-0.052,0.017,-0.472,0.256,0.256,-0.737,-0.481,0.0,-0.472,-0.075,-0.397,-0.472,-0.075,-0.397,0.201,-0.218,-3.006,-0.184,-2.822,-0.715,-0.561,-0.154,-1.911,-0.613,-1.298,-0.196,-0.031,-0.165,-0.384,-0.448,0.064,-1.094,0.401,0.401,-4.082,0.001,-1.094,-0.578,-0.516,-1.094,-0.578,-0.516,0.303,-0.81,-3.601,-0.481,-4.081,21291,10619,10672
2034,Mike Miller,2017,-0.915,0.269,-1.184,-0.576,-0.034,-0.542,-0.335,0.311,-0.646,-0.273,0.138,-0.411,-0.135,0.07,-0.204,-0.563,-0.063,-0.063,-1.613,-1.676,0.0,-0.563,-0.347,-0.216,-0.563,-0.347,-0.216,0.938,-0.371,-1.712,-0.308,-1.404,0.029,0.092,-0.063,-0.55,0.04,-0.59,-0.883,-0.02,-0.863,-0.203,-0.138,-0.067,-0.311,-0.205,-0.205,-2.226,-2.431,0.0,-0.311,-0.314,0.003,-0.311,-0.314,0.003,0.212,0.202,-2.626,-0.039,-2.587,-0.547,0.057,-0.604,-0.885,0.351,-1.236,-1.155,0.119,-1.274,-0.338,-0.068,-0.271,-0.874,-0.267,-0.267,-4.107,0.0,-0.874,-0.661,-0.213,-0.874,-0.661,-0.213,1.15,-0.169,-1.676,-2.431,-4.107,16108,8079,8029
1626202,Joe Young,2017,-2.162,0.287,-2.449,-0.062,0.109,-0.171,-0.501,-0.225,-0.276,-1.886,-0.092,-1.794,-0.409,-0.236,-0.171,0.078,0.05,0.05,-2.493,-2.443,0.0,0.078,0.036,0.042,0.078,0.036,0.042,-2.684,0.24,-1.264,-0.254,-1.01,-0.249,-0.119,-0.13,-0.384,-0.167,-0.217,-0.377,-0.001,-0.376,-0.068,-0.082,0.016,-0.408,-0.131,-0.131,-1.74,-1.871,0.0,-0.408,0.076,-0.484,-0.408,0.076,-0.484,-1.366,-0.281,-3.426,0.033,-3.459,-0.31,-0.01,-0.3,-0.886,-0.392,-0.494,-2.263,-0.093,-2.17,-0.477,-0.318,-0.155,-0.33,-0.081,-0.081,-4.314,0.0,-0.33,0.112,-0.442,-0.33,0.112,-0.442,-4.05,-0.041,-2.443,-1.871,-4.314,2079,1049,1030
200789,Daniel Gibson,2017,-1.947,-0.208,-1.739,-1.591,-0.162,-1.429,0.158,0.351,-0.193,-0.306,0.181,-0.487,-0.17,0.009,-0.17,-0.621,-0.566,-0.566,-2.738,-3.304,0.0,-0.621,-0.219,-0.402,-0.621,-0.219,-0.402,-0.489,-0.588,-1.592,0.224,-1.816,-0.849,0.019,-0.868,-0.035,-0.163,0.128,-0.932,-0.016,-0.916,-0.236,-0.326,0.089,0.344,0.443,0.443,-1.484,-1.041,0.0,0.344,0.15,0.194,0.344,0.15,0.194,-0.337,0.026,-3.54,0.016,-3.556,-2.441,-0.144,-2.297,0.123,0.188,-0.065,-1.238,0.165,-1.403,-0.406,-0.317,-0.081,-0.277,-0.123,-0.123,-4.345,0.0,-0.277,-0.069,-0.208,-0.277,-0.069,-0.208,-0.826,-0.561,-3.304,-1.041,-4.345,3450,1719,1731
201171,Carl Landry,2017,-2.219,-0.273,-1.946,-0.99,-0.658,-0.332,0.242,-0.964,1.206,-1.198,-0.136,-1.062,0.217,-0.094,0.316,-0.423,-0.092,-0.092,-2.425,-2.517,0.0,-0.423,0.535,-0.958,-0.423,0.535,-0.958,-2.752,-1.237,-0.136,0.1,-0.236,-0.608,0.181,-0.789,-0.517,0.092,-0.609,0.889,-0.006,0.895,0.016,-0.275,0.29,-1.136,-0.615,-0.615,-1.256,-1.871,0.0,-1.136,-0.759,-0.377,-1.136,-0.759,-0.377,-1.25,-0.34,-2.355,-0.173,-2.182,-1.597,-0.476,-1.121,-0.276,-0.872,0.596,-0.309,-0.142,-0.167,0.233,-0.369,0.606,-1.559,-0.706,-0.706,-4.388,0.0,-1.559,-0.224,-1.335,-1.559,-0.224,-1.335,-4.002,-1.577,-2.517,-1.871,-4.388,16008,8026,7982
202721,Darius Morris,2017,-3.202,-0.377,-2.825,0.045,-0.193,0.238,-2.484,0.002,-2.486,-0.386,0.103,-0.489,-0.901,-0.618,-0.277,-0.94,0.554,0.554,-5.043,-4.489,-0.0,-0.94,-0.005,-0.935,-0.94,-0.005,-0.935,-1.613,-0.847,-0.29,-0.016,-0.274,-0.192,0.106,-0.298,-0.29,-0.095,-0.195,0.208,-0.072,0.28,0.185,0.229,-0.045,0.319,-0.169,-0.169,0.214,0.045,-0.0,0.319,0.225,0.094,0.319,0.225,0.094,-0.69,0.055,-3.492,-0.393,-3.099,-0.146,-0.086,-0.06,-2.775,-0.094,-2.681,-0.178,0.031,-0.209,-0.716,-0.389,-0.322,-0.621,0.385,0.385,-4.444,-0.0,-0.621,0.22,-0.841,-0.621,0.22,-0.841,-2.302,-0.792,-4.489,0.045,-4.444,5363,2674,2689
200769,Shannon Brown,2017,-2.318,-0.335,-1.983,-0.276,-0.207,-0.069,-1.162,-0.302,-0.86,-0.545,-0.058,-0.487,-0.106,-0.097,-0.001,0.811,-0.336,-0.336,-1.613,-1.949,0.0,0.811,0.856,-0.045,0.811,0.856,-0.045,-3.645,-0.817,-1.427,0.101,-1.528,-0.412,-0.084,-0.328,-0.922,0.063,-0.985,-0.194,0.076,-0.27,-0.185,-0.339,0.153,0.196,-1.117,-1.117,-1.416,-2.533,0.0,0.196,-0.167,0.363,0.196,-0.167,0.363,-0.666,-0.293,-3.745,-0.234,-3.511,-0.687,-0.29,-0.397,-2.084,-0.239,-1.845,-0.74,0.018,-0.758,-0.291,-0.437,0.152,1.007,-1.453,-1.453,-4.482,0.0,1.007,0.689,0.318,1.007,0.689,0.318,-4.311,-1.11,-1.949,-2.533,-4.482,6619,3314,3305
203940,Adreian Payne,2017,-1.005,-0.17,-0.835,0.674,-0.272,0.946,-1.111,-0.52,-0.591,-0.398,-0.124,-0.274,-0.222,-0.223,0.0,-0.175,-0.285,-0.285,-1.402,-1.687,-0.0,-0.175,0.0,-0.175,-0.175,0.0,-0.175,-1.171,-0.27,-1.782,-0.017,-1.765,-1.47,-0.194,-1.276,-0.448,-0.272,-0.176,0.153,-0.002,0.155,-0.282,-0.325,0.044,-0.047,-0.69,-0.69,-2.111,-2.801,0.0,-0.047,-0.064,0.017,-0.047,-0.064,0.017,-2.546,-1.007,-2.788,-0.187,-2.601,-0.796,-0.466,-0.33,-1.559,-0.792,-0.767,-0.246,-0.126,-0.12,-0.504,-0.548,0.044,-0.223,-0.975,-0.975,-4.488,-0.0,-0.223,-0.064,-0.159,-0.223,-0.064,-0.159,-3.717,-1.277,-1.687,-2.801,-4.488,5196,2593,2603
201947,Earl Clark,2017,-0.257,-0.408,0.151,-0.697,-0.078,-0.619,0.459,-0.054,0.513,0.389,0.032,0.357,-0.606,-0.455,-0.148,-1.015,-2.015,-2.015,-1.878,-3.893,0.0,-1.015,-0.031,-0.984,-1.015,-0.031,-0.984,-0.997,-0.494,-0.22,-0.012,-0.208,-0.257,-0.312,0.055,-0.108,-0.177,0.069,0.157,-0.032,0.189,0.215,0.371,-0.159,-0.28,-0.429,-0.429,-0.285,-0.714,0.0,-0.28,-0.154,-0.126,-0.28,-0.154,-0.126,-1.076,-0.483,-0.477,-0.42,-0.057,-0.954,-0.39,-0.564,0.351,-0.231,0.582,0.546,-0.0,0.546,-0.391,-0.084,-0.307,-1.295,-2.444,-2.444,-4.607,-0.0,-1.295,-0.185,-1.11,-1.295,-0.185,-1.11,-2.073,-0.977,-3.893,-0.714,-4.607,8958,4477,4481
203925,Joe Harris,2017,-0.728,-0.037,-0.691,-0.805,0.04,-0.845,0.493,0.714,-0.221,-0.379,0.185,-0.564,0.144,0.277,-0.133,-1.049,-1.215,-1.215,-1.633,-2.848,0.0,-1.049,-0.313,-0.736,-1.049,-0.313,-0.736,-1.38,-0.239,0.067,0.098,-0.031,-0.461,0.221,-0.682,-0.262,-0.004,-0.258,0.692,0.021,0.671,-0.572,-0.547,-0.024,-0.72,-0.547,-0.547,-1.225,-1.772,-0.0,-0.72,-0.413,-0.307,-0.72,-0.413,-0.307,0.858,0.131,-0.66,0.061,-0.721,-1.265,0.261,-1.526,0.231,0.71,-0.479,0.313,0.206,0.107,-0.429,-0.27,-0.158,-1.769,-1.762,-1.762,-4.62,-0.0,-1.769,-0.726,-1.043,-1.769,-0.726,-1.043,-0.522,-0.108,-2.848,-1.772,-4.62,6787,3396,3391
201575,Brandon Rush,2017,0.529,0.225,0.304,0.048,0.162,-0.114,0.211,0.188,0.023,0.045,0.032,0.013,-0.064,-0.021,-0.045,-0.113,-1.429,-1.429,0.352,-1.077,0.0,-0.113,-0.201,0.088,-0.113,-0.201,0.088,-0.02,-0.124,-1.38,0.013,-1.393,-1.088,-0.261,-0.827,-0.393,-0.209,-0.184,0.088,0.043,0.045,-0.312,-0.107,-0.206,-1.089,-0.767,-0.767,-2.781,-3.548,-0.0,-1.089,-0.541,-0.548,-1.089,-0.541,-0.548,-1.747,-0.822,-0.851,0.238,-1.089,-1.04,-0.099,-0.941,-0.182,-0.021,-0.161,0.133,0.075,0.058,-0.377,-0.128,-0.25,-1.202,-2.195,-2.195,-4.625,0.0,-1.202,-0.742,-0.46,-1.202,-0.742,-0.46,-1.768,-0.945,-1.077,-3.548,-4.625,11488,5728,5760
201953,Eric Maynor,2017,-0.518,-0.387,-0.131,-0.11,-0.078,-0.032,-0.735,0.024,-0.759,0.714,0.045,0.669,-0.136,-0.156,0.027,0.065,-1.26,-1.26,-0.589,-1.849,0.0,0.065,0.23,-0.165,0.065,0.23,-0.165,1.581,0.209,-2.021,-0.033,-1.988,-0.769,-0.097,-0.672,-0.987,-0.149,-0.838,-0.232,-0.035,-0.197,-0.157,-0.118,-0.04,-0.414,-0.2,-0.2,-2.592,-2.792,0.0,-0.414,0.031,-0.445,-0.414,0.031,-0.445,-2.216,-0.609,-2.538,-0.42,-2.118,-0.878,-0.175,-0.703,-1.722,-0.125,-1.597,0.482,0.01,0.472,-0.293,-0.274,-0.012,-0.348,-1.461,-1.461,-4.641,0.0,-0.348,0.261,-0.609,-0.348,0.261,-0.609,-0.635,-0.4,-1.849,-2.792,-4.641,4920,2451,2469
202343,Elliot Williams,2017,-1.768,0.495,-2.263,-0.569,0.393,-0.962,-0.455,0.356,-0.811,-1.239,-0.019,-1.22,0.08,0.641,-0.558,-0.446,-1.241,-1.241,-2.134,-3.375,0.0,-0.446,-0.329,-0.117,-0.446,-0.329,-0.117,-4.511,-0.346,-1.026,-0.46,-0.566,0.088,-0.139,0.227,-0.552,-0.097,-0.455,-0.102,0.031,-0.133,-0.411,-0.405,-0.005,0.136,0.032,0.032,-1.301,-1.269,0.0,0.136,0.151,-0.015,0.136,0.151,-0.015,-0.452,-0.132,-2.794,0.035,-2.829,-0.482,0.253,-0.735,-1.006,0.26,-1.266,-1.341,0.012,-1.353,-0.332,0.237,-0.563,-0.31,-1.209,-1.209,-4.644,0.0,-0.31,-0.178,-0.132,-0.31,-0.178,-0.132,-4.963,-0.478,-3.375,-1.269,-4.644,5189,2594,2595
1627737,Marquese Chriss,2017,-1.463,-0.096,-1.367,1.461,0.075,1.386,-0.875,-0.07,-0.805,-1.953,-0.058,-1.895,-0.13,-0.05,-0.081,-0.697,0.089,0.089,-2.29,-2.201,0.0,-0.697,-0.431,-0.266,-0.697,-0.431,-0.266,-2.19,0.624,-2.966,-0.218,-2.748,-0.549,-0.079,-0.47,-0.532,-0.062,-0.47,-1.667,0.027,-1.694,-0.139,-0.274,0.137,0.48,0.141,0.141,-2.625,-2.484,0.0,0.48,0.39,0.09,0.48,0.39,0.09,-1.149,-0.135,-4.428,-0.314,-4.114,0.912,-0.004,0.916,-1.406,-0.131,-1.275,-3.62,-0.031,-3.589,-0.269,-0.323,0.056,-0.217,0.231,0.231,-4.685,0.0,-0.217,-0.041,-0.176,-0.217,-0.041,-0.176,-3.339,0.489,-2.201,-2.484,-4.685,7098,3553,3545
1627775,Patrick McCaw,2017,-1.697,0.2,-1.897,-0.546,-0.111,-0.435,-0.848,-0.018,-0.83,-0.503,0.012,-0.515,-0.485,-0.228,-0.255,-0.719,-1.146,-1.146,-2.901,-4.047,0.0,-0.719,-0.604,-0.115,-0.719,-0.604,-0.115,-1.31,-0.536,-1.06,-0.397,-0.663,-0.718,-0.348,-0.37,0.119,-0.129,0.248,-0.064,0.053,-0.117,0.171,0.122,0.054,0.026,0.209,0.209,-0.863,-0.654,0.0,0.026,-0.047,0.073,0.026,-0.047,0.073,-1.592,-0.842,-2.757,-0.197,-2.56,-1.264,-0.459,-0.805,-0.729,-0.147,-0.582,-0.567,0.065,-0.632,-0.313,-0.106,-0.201,-0.693,-0.937,-0.937,-4.701,0.0,-0.693,-0.651,-0.042,-0.693,-0.651,-0.042,-2.902,-1.378,-4.047,-0.654,-4.701,5079,2527,2552
202682,Derrick Williams,2017,-1.785,0.506,-2.291,-0.563,0.259,-0.822,-0.881,0.131,-1.012,-0.847,-0.054,-0.793,0.472,0.757,-0.286,-0.339,-0.564,-0.564,-1.652,-2.216,-0.0,-0.339,-0.16,-0.179,-0.339,-0.16,-0.179,-2.752,0.23,-0.903,-0.007,-0.896,-0.849,-0.026,-0.823,0.744,0.113,0.631,-0.791,-0.002,-0.789,0.282,0.272,0.01,-0.969,-0.921,-0.921,-1.59,-2.511,0.0,-0.969,-0.478,-0.491,-0.969,-0.478,-0.491,-1.314,-0.273,-2.689,0.499,-3.188,-1.412,0.234,-1.646,-0.137,0.244,-0.381,-1.639,-0.056,-1.583,0.754,1.03,-0.277,-1.309,-1.485,-1.485,-4.727,0.0,-1.309,-0.638,-0.671,-1.309,-0.638,-0.671,-4.067,-0.043,-2.216,-2.511,-4.727,28808,14417,14391
203089,John Henson,2017,-3.181,0.015,-3.196,-0.749,0.008,-0.757,-0.898,-0.279,-0.619,-1.549,-0.087,-1.462,-0.883,-0.08,-0.803,-1.524,1.77,1.77,-5.588,-3.818,0.0,-1.524,-0.891,-0.633,-1.524,-0.891,-0.633,-1.805,0.194,0.454,-0.285,0.739,0.405,-0.353,0.758,0.269,-0.238,0.507,0.065,-0.003,0.068,0.059,-0.09,0.151,-0.742,-0.698,-0.698,-0.229,-0.927,-0.0,-0.742,-0.456,-0.286,-0.742,-0.456,-0.286,-0.448,-0.275,-2.726,-0.27,-2.456,-0.343,-0.344,0.001,-0.629,-0.517,-0.112,-1.484,-0.09,-1.394,-0.824,-0.17,-0.652,-2.266,1.072,1.072,-4.745,-0.001,-2.266,-1.346,-0.92,-2.266,-1.346,-0.92,-2.252,-0.08,-3.818,-0.927,-4.746,23490,11720,11770
979,Jermaine O'Neal,2017,-3.261,-0.044,-3.217,-1.311,-0.646,-0.665,-1.141,-0.976,-0.165,-0.765,-0.146,-0.619,-0.27,-0.32,0.053,-0.88,0.079,0.079,-4.411,-4.332,0.0,-0.88,-0.198,-0.682,-0.88,-0.198,-0.682,-4.788,-1.105,1.308,-0.257,1.565,1.312,0.372,0.94,0.652,0.361,0.291,-0.399,0.022,-0.421,-0.176,-0.199,0.022,-0.582,-0.97,-0.97,0.55,-0.42,-0.0,-0.582,-0.478,-0.104,-0.582,-0.478,-0.104,-0.553,0.649,-1.953,-0.301,-1.652,0.001,-0.274,0.275,-0.49,-0.616,0.126,-1.163,-0.123,-1.04,-0.446,-0.519,0.076,-1.462,-0.891,-0.891,-4.752,0.0,-1.462,-0.676,-0.786,-1.462,-0.676,-0.786,-5.341,-0.456,-4.332,-0.42,-4.752,7540,3769,3771
1627735,Wade Baldwin IV,2017,-1.7,0.342,-2.042,-1.13,0.003,-1.133,-0.912,-0.034,-0.878,0.0,-0.029,0.029,-0.118,0.135,-0.251,-0.696,-0.888,-0.888,-2.514,-3.402,0.0,-0.696,-0.163,-0.533,-0.696,-0.163,-0.533,-1.934,-0.426,-0.68,-0.479,-0.201,0.405,-0.094,0.499,-0.198,-0.175,-0.023,-0.408,-0.01,-0.398,-0.256,-0.218,-0.035,-0.325,-0.094,-0.094,-1.261,-1.355,0.0,-0.325,-0.048,-0.277,-0.325,-0.048,-0.277,0.256,-0.057,-2.38,-0.137,-2.243,-0.725,-0.091,-0.634,-1.109,-0.209,-0.9,-0.409,-0.039,-0.37,-0.374,-0.083,-0.286,-1.021,-0.982,-0.982,-4.757,0.0,-1.021,-0.211,-0.81,-1.021,-0.211,-0.81,-1.678,-0.482,-3.402,-1.355,-4.757,1581,778,803
101249,John Lucas III,2017,-2.865,-0.158,-2.707,-1.229,-0.878,-0.351,-0.335,-0.241,-0.094,-1.143,0.206,-1.349,-0.344,-0.426,0.088,0.017,-0.37,-0.37,-3.192,-3.562,0.0,0.017,-0.051,0.068,0.017,-0.051,0.068,-1.093,-1.276,-0.743,-0.025,-0.718,-0.64,-0.072,-0.568,0.469,0.002,0.467,-0.547,0.062,-0.609,-0.105,-0.395,0.291,-0.223,-0.156,-0.156,-1.071,-1.227,-0.0,-0.223,-0.301,0.078,-0.223,-0.301,0.078,-0.452,-0.146,-3.608,-0.183,-3.425,-1.869,-0.95,-0.919,0.134,-0.24,0.374,-1.69,0.268,-1.958,-0.449,-0.821,0.379,-0.207,-0.527,-0.527,-4.789,0.0,-0.207,-0.352,0.145,-0.207,-0.352,0.145,-1.545,-1.422,-3.562,-1.227,-4.789,6327,3167,3160
203103,Perry Jones III,2017,-0.53,-0.431,-0.099,-0.653,-0.127,-0.526,0.863,-0.122,0.985,-0.309,-0.02,-0.289,-0.522,-0.267,-0.253,-0.838,-1.286,-1.286,-1.89,-3.176,0.0,-0.838,-0.305,-0.533,-0.838,-0.305,-0.533,-0.831,-0.459,-1.044,0.082,-1.126,-0.632,0.073,-0.705,-0.023,-0.173,0.15,-0.471,-0.078,-0.393,-0.196,-0.148,-0.048,-0.189,-0.193,-0.193,-1.429,-1.622,0.0,-0.189,0.158,-0.347,-0.189,0.158,-0.347,-1.509,-0.184,-1.573,-0.349,-1.224,-1.285,-0.054,-1.231,0.84,-0.295,1.135,-0.779,-0.098,-0.681,-0.718,-0.415,-0.301,-1.027,-1.479,-1.479,-4.798,0.0,-1.027,-0.146,-0.881,-1.027,-0.146,-0.881,-2.34,-0.643,-3.176,-1.622,-4.798,6759,3364,3395
203120,Justin Hamilton,2017,-1.799,-0.102,-1.697,-0.675,-0.096,-0.579,0.677,0.199,0.478,-1.699,0.038,-1.737,0.081,-0.011,0.09,-1.064,-0.757,-0.757,-2.782,-3.539,0.0,-1.064,-0.859,-0.205,-1.064,-0.859,-0.205,-1.667,-0.451,-0.713,0.157,-0.87,-0.298,-0.061,-0.237,-0.309,-0.131,-0.178,-0.263,-0.021,-0.242,0.133,0.212,-0.078,0.096,-0.81,-0.81,-0.484,-1.294,0.0,0.096,0.099,-0.003,0.096,0.099,-0.003,-1.308,-0.262,-2.512,0.055,-2.567,-0.973,-0.157,-0.816,0.368,0.068,0.3,-1.962,0.017,-1.979,0.214,0.202,0.012,-0.968,-1.568,-1.568,-4.833,0.0,-0.968,-0.76,-0.208,-0.968,-0.76,-0.208,-2.974,-0.713,-3.539,-1.294,-4.833,7835,3924,3911
2570,Kendrick Perkins,2017,-2.103,0.156,-2.259,-1.241,-0.245,-0.996,-0.608,-0.78,0.172,-0.41,-0.144,-0.266,-1.068,-0.809,-0.257,-1.163,-1.13,-1.13,-4.334,-5.464,0.0,-1.163,-0.153,-1.01,-1.163,-0.153,-1.01,-3.203,-1.059,0.368,-0.085,0.453,-0.093,-0.084,-0.009,-0.072,-0.052,-0.02,0.618,-0.064,0.682,0.224,0.451,-0.229,-0.312,0.245,0.245,0.28,0.525,0.0,-0.312,-0.244,-0.068,-0.312,-0.244,-0.068,-1.389,-0.009,-1.736,0.071,-1.807,-1.334,-0.329,-1.005,-0.681,-0.832,0.151,0.208,-0.208,0.416,-0.844,-0.358,-0.486,-1.475,-0.885,-0.885,-4.939,0.0,-1.475,-0.396,-1.079,-1.475,-0.396,-1.079,-4.593,-1.068,-5.464,0.525,-4.939,21266,10634,10632
203897,Zach LaVine,2017,-0.173,-0.018,-0.155,0.247,0.063,0.184,-0.779,0.089,-0.868,0.377,-0.008,0.385,0.193,0.034,0.156,-0.97,-1.237,-1.237,-0.95,-2.187,0.0,-0.97,-0.439,-0.531,-0.97,-0.439,-0.531,-1.784,-0.223,-1.516,0.312,-1.828,-1.179,-0.144,-1.035,-0.435,-0.225,-0.21,-0.214,0.001,-0.215,-0.081,-0.075,-0.007,-0.426,-0.764,-0.764,-2.023,-2.787,0.0,-0.426,-0.299,-0.127,-0.426,-0.299,-0.127,-1.776,-0.747,-1.689,0.294,-1.983,-0.932,-0.081,-0.851,-1.214,-0.136,-1.078,0.163,-0.007,0.17,0.111,-0.041,0.149,-1.395,-2.0,-2.0,-4.974,0.0,-1.395,-0.739,-0.656,-1.395,-0.739,-0.656,-3.56,-0.969,-2.187,-2.787,-4.974,23141,11560,11581
203080,Thomas Robinson,2017,-2.461,0.284,-2.745,-0.085,0.178,-0.263,-1.485,-0.304,-1.181,-1.175,-0.108,-1.067,-0.913,-0.106,-0.807,-1.199,1.896,1.896,-4.573,-2.677,-0.0,-1.199,-0.357,-0.842,-1.199,-0.357,-0.842,-2.997,0.057,-1.5,-0.235,-1.265,-0.424,-0.079,-0.345,0.489,-0.192,0.681,-1.33,-0.074,-1.256,-0.197,-0.191,-0.006,0.231,-0.853,-0.853,-1.466,-2.319,0.0,0.231,-0.23,0.461,0.231,-0.23,0.461,-1.58,-0.241,-3.961,0.049,-4.01,-0.509,0.099,-0.608,-0.996,-0.496,-0.5,-2.505,-0.182,-2.323,-1.11,-0.297,-0.814,-0.968,1.042,1.042,-4.996,-0.0,-0.968,-0.588,-0.38,-0.968,-0.588,-0.38,-4.577,-0.185,-2.677,-2.319,-4.996,16745,8342,8403
203948,Johnny O'Bryant III,2017,-1.551,-0.187,-1.364,-0.32,-0.376,0.056,-0.896,-0.667,-0.229,-0.148,-0.122,-0.026,-0.807,-0.502,-0.306,-0.641,-0.321,-0.321,-2.999,-3.32,0.0,-0.641,-0.231,-0.41,-0.641,-0.231,-0.41,0.88,-0.52,-0.913,0.166,-1.079,-0.339,0.036,-0.375,-0.749,-0.095,-0.654,0.009,-0.005,0.014,-0.113,-0.045,-0.066,-0.156,-0.508,-0.508,-1.182,-1.69,0.0,-0.156,-0.05,-0.106,-0.156,-0.05,-0.106,-1.712,-0.35,-2.463,-0.021,-2.442,-0.659,-0.34,-0.319,-1.645,-0.762,-0.883,-0.138,-0.126,-0.012,-0.92,-0.546,-0.372,-0.798,-0.828,-0.828,-5.01,0.0,-0.798,-0.28,-0.518,-0.798,-0.28,-0.518,-0.831,-0.869,-3.32,-1.69,-5.01,4970,2478,2492
203458,Alex Len,2017,-2.994,0.22,-3.214,-0.671,-0.165,-0.506,-1.868,-0.603,-1.265,-0.675,-0.099,-0.576,-0.784,-0.733,-0.054,-1.538,0.936,0.936,-5.316,-4.38,0.0,-1.538,-0.669,-0.869,-1.538,-0.669,-0.869,-2.723,-0.171,-0.08,-0.05,-0.03,0.165,0.016,0.149,0.149,0.002,0.147,-0.344,-0.006,-0.338,0.021,0.037,-0.014,-0.747,0.151,0.151,-0.806,-0.655,0.0,-0.747,-0.491,-0.256,-0.747,-0.491,-0.256,-0.899,-0.057,-3.074,0.17,-3.244,-0.506,-0.149,-0.357,-1.719,-0.601,-1.118,-1.019,-0.106,-0.913,-0.762,-0.696,-0.068,-2.285,1.087,1.087,-5.035,0.0,-2.285,-1.16,-1.125,-2.285,-1.16,-1.125,-3.622,-0.228,-4.38,-0.655,-5.035,21103,10533,10570
203156,Henry Sims,2017,-4.024,0.033,-4.057,-1.052,-0.288,-0.764,-1.021,-0.435,-0.586,-1.984,-0.039,-1.945,-0.329,-0.469,0.137,-0.823,0.679,0.679,-5.176,-4.497,0.0,-0.823,-0.906,0.083,-0.823,-0.906,0.083,-0.962,-0.408,-0.534,-0.1,-0.434,-0.939,-0.17,-0.769,-0.184,-0.156,-0.028,0.689,-0.03,0.719,0.068,0.243,-0.176,0.027,-0.11,-0.11,-0.439,-0.549,0.0,0.027,0.125,-0.098,0.027,0.125,-0.098,-2.271,-0.849,-4.557,-0.067,-4.49,-1.99,-0.458,-1.532,-1.205,-0.591,-0.614,-1.295,-0.069,-1.226,-0.261,-0.226,-0.039,-0.797,0.569,0.569,-5.046,0.0,-0.797,-0.781,-0.016,-0.797,-0.781,-0.016,-3.233,-1.257,-4.497,-0.549,-5.046,9910,4966,4944
2617,Udonis Haslem,2017,-2.281,-0.108,-2.173,-1.352,-0.389,-0.963,-0.313,-0.719,0.406,-0.508,-0.061,-0.447,-0.827,-0.798,-0.025,-0.285,-0.427,-0.427,-3.393,-3.82,0.0,-0.285,-0.469,0.184,-0.285,-0.469,0.184,-1.043,-0.892,-2.07,-0.079,-1.991,-1.223,-0.1,-1.123,-0.51,-0.241,-0.269,-0.258,-0.057,-0.201,0.038,-0.136,0.175,0.86,-0.083,-0.083,-1.172,-1.255,0.0,0.86,0.661,0.199,0.86,0.661,0.199,-1.566,-0.752,-4.351,-0.187,-4.164,-2.575,-0.489,-2.086,-0.823,-0.96,0.137,-0.766,-0.118,-0.648,-0.789,-0.933,0.15,0.575,-0.51,-0.51,-5.075,0.0,0.575,0.192,0.383,0.575,0.192,0.383,-2.609,-1.644,-3.82,-1.255,-5.075,15000,7430,7570
203106,Jeffery Taylor,2017,-2.818,-0.16,-2.658,-0.551,0.127,-0.678,-1.36,0.19,-1.55,-0.747,0.02,-0.767,-0.325,0.089,-0.408,-0.632,-1.013,-1.013,-3.775,-4.788,0.0,-0.632,-0.602,-0.03,-0.632,-0.602,-0.03,-2.473,-0.433,-0.485,0.173,-0.658,0.012,-0.226,0.238,-0.479,-0.081,-0.398,-0.191,0.023,-0.214,0.022,0.01,0.012,0.155,-0.001,-0.001,-0.308,-0.309,-0.0,0.155,0.21,-0.055,0.155,0.21,-0.055,-0.969,-0.379,-3.303,0.013,-3.316,-0.539,-0.099,-0.44,-1.838,0.109,-1.947,-0.939,0.042,-0.981,-0.303,0.1,-0.396,-0.477,-1.013,-1.013,-5.097,0.0,-0.477,-0.393,-0.084,-0.477,-0.393,-0.084,-3.443,-0.812,-4.788,-0.309,-5.097,9722,4863,4859
2732,Ben Gordon,2017,-1.559,-0.21,-1.349,-0.861,-0.134,-0.727,-0.231,0.037,-0.268,-0.257,0.062,-0.319,0.172,-0.081,0.255,-0.5,-0.284,-0.284,-1.887,-2.171,0.0,-0.5,-0.243,-0.257,-0.5,-0.243,-0.257,-2.467,-0.592,-1.654,0.156,-1.81,-1.019,-0.377,-0.642,-0.204,-0.382,0.178,-0.587,0.013,-0.6,-0.676,-0.506,-0.173,0.237,-0.839,-0.839,-2.093,-2.932,0.0,0.237,-0.119,0.356,0.237,-0.119,0.356,-1.036,-0.87,-3.214,-0.054,-3.16,-1.88,-0.511,-1.369,-0.435,-0.345,-0.09,-0.845,0.075,-0.92,-0.504,-0.587,0.082,-0.264,-1.123,-1.123,-5.103,-0.001,-0.264,-0.362,0.098,-0.264,-0.362,0.098,-3.503,-1.463,-2.171,-2.932,-5.104,10007,5025,4982
2592,James Jones,2017,-1.747,-0.153,-1.594,-0.867,-0.173,-0.694,-0.986,0.552,-1.538,0.259,0.264,-0.005,-0.168,-0.239,0.071,0.062,-0.572,-0.572,-1.853,-2.425,0.0,0.062,-0.198,0.26,0.062,-0.198,0.26,-0.118,-1.137,-2.133,0.227,-2.36,-0.759,-0.177,-0.582,-0.365,-0.277,-0.088,-1.236,0.027,-1.263,0.122,-0.397,0.525,-0.452,-0.271,-0.271,-2.463,-2.734,0.0,-0.452,0.001,-0.453,-0.452,0.001,-0.453,-0.854,-0.356,-3.879,0.074,-3.953,-1.626,-0.35,-1.276,-1.351,0.275,-1.626,-0.976,0.292,-1.268,-0.046,-0.636,0.597,-0.389,-0.842,-0.842,-5.159,0.0,-0.389,-0.197,-0.192,-0.389,-0.197,-0.192,-0.972,-1.493,-2.425,-2.734,-5.159,9393,4713,4680
203100,Tony Wroten,2017,-1.123,-0.156,-0.967,0.508,1.134,-0.626,0.723,1.008,-0.285,-2.198,-0.054,-2.144,-0.008,0.863,-0.87,-1.23,-0.522,-0.522,-2.361,-2.883,0.0,-1.23,-0.433,-0.797,-1.23,-0.433,-0.797,-3.867,0.99,-0.88,-0.09,-0.79,-0.336,-0.136,-0.2,-0.105,-0.405,0.3,-0.349,-0.079,-0.27,-0.606,-0.513,-0.093,0.492,-1.287,-1.287,-0.994,-2.281,-0.0,0.492,0.235,0.257,0.492,0.235,0.257,-1.79,-0.485,-2.003,-0.246,-1.757,0.172,0.998,-0.826,0.618,0.603,0.015,-2.547,-0.133,-2.414,-0.614,0.349,-0.963,-0.738,-1.809,-1.809,-5.164,0.0,-0.738,-0.197,-0.541,-0.738,-0.197,-0.541,-5.657,0.505,-2.883,-2.281,-5.164,12255,6138,6117
203462,Archie Goodwin,2017,-1.818,0.069,-1.887,-0.136,0.583,-0.719,-0.411,0.455,-0.866,-1.34,-0.077,-1.263,0.243,0.535,-0.292,-0.938,-0.205,-0.205,-2.513,-2.718,0.0,-0.938,-0.521,-0.417,-0.938,-0.521,-0.417,-3.177,-0.06,-1.201,-0.37,-0.831,-0.464,-0.229,-0.235,0.24,-0.18,0.42,-0.607,-0.005,-0.602,-0.051,-0.089,0.04,-0.501,-0.977,-0.977,-1.753,-2.73,0.0,-0.501,-0.169,-0.332,-0.501,-0.169,-0.332,-1.359,-0.379,-3.02,-0.301,-2.719,-0.6,0.354,-0.954,-0.171,0.275,-0.446,-1.948,-0.082,-1.866,0.192,0.446,-0.252,-1.44,-1.182,-1.182,-5.448,0.0,-1.44,-0.691,-0.749,-1.44,-0.691,-0.749,-4.535,-0.439,-2.718,-2.73,-5.448,9562,4774,4788
201563,Michael Beasley,2017,-0.978,-0.09,-0.888,-0.122,0.195,-0.317,-0.09,-0.399,0.309,-0.676,-0.153,-0.523,-0.453,-0.295,-0.158,-0.985,-0.304,-0.304,-2.416,-2.72,-0.0,-0.985,-0.53,-0.455,-0.985,-0.53,-0.455,-2.844,-0.226,-2.111,0.079,-2.19,-0.256,-0.013,-0.243,-0.424,-0.273,-0.151,-1.51,-0.07,-1.44,-0.254,-0.258,0.004,-0.2,-0.296,-0.296,-2.565,-2.861,0.0,-0.2,-0.028,-0.172,-0.2,-0.028,-0.172,-4.637,-0.434,-3.088,-0.011,-3.077,-0.378,0.182,-0.56,-0.513,-0.671,0.158,-2.186,-0.223,-1.963,-0.706,-0.552,-0.154,-1.185,-0.6,-0.6,-5.581,-0.0,-1.185,-0.558,-0.627,-1.185,-0.558,-0.627,-7.481,-0.66,-2.72,-2.861,-5.581,16823,8421,8402
202338,Kevin Seraphin,2017,-2.816,0.146,-2.962,-1.236,-0.743,-0.493,-1.066,-1.436,0.37,-0.66,-0.165,-0.495,-0.924,-0.977,0.053,-0.883,-0.73,-0.73,-4.623,-5.353,0.0,-0.883,-0.132,-0.751,-0.883,-0.132,-0.751,-1.352,-1.235,0.901,-0.193,1.094,1.388,0.198,1.19,-0.037,0.11,-0.147,-0.257,-0.0,-0.257,-0.264,-0.353,0.087,-0.666,-0.462,-0.462,-0.029,-0.491,0.0,-0.666,-0.541,-0.125,-0.666,-0.541,-0.125,0.604,0.671,-1.915,-0.047,-1.868,0.153,-0.545,0.698,-1.103,-1.326,0.223,-0.918,-0.166,-0.752,-1.188,-1.331,0.14,-1.55,-1.192,-1.192,-5.844,-0.0,-1.55,-0.673,-0.877,-1.55,-0.673,-0.877,-0.748,-0.564,-5.353,-0.491,-5.844,18010,9014,8996
201581,JJ Hickson,2017,-2.343,0.226,-2.569,-0.277,-0.043,-0.234,-0.992,-0.431,-0.561,-1.3,-0.068,-1.232,-1.431,-0.157,-1.272,-1.596,0.182,0.182,-5.37,-5.188,0.0,-1.596,-0.948,-0.648,-1.596,-0.948,-0.648,-0.94,0.285,-0.464,0.034,-0.498,-0.415,-0.31,-0.105,-0.518,-0.078,-0.44,0.435,-0.025,0.46,0.67,0.591,0.078,-0.319,-0.612,-0.612,-0.113,-0.725,0.0,-0.319,-0.077,-0.242,-0.319,-0.077,-0.242,-2.349,-0.818,-2.808,0.26,-3.068,-0.692,-0.353,-0.339,-1.511,-0.509,-1.002,-0.865,-0.093,-0.772,-0.761,0.434,-1.194,-1.915,-0.43,-0.43,-5.913,-0.0,-1.915,-1.025,-0.89,-1.915,-1.025,-0.89,-3.289,-0.533,-5.188,-0.725,-5.913,23832,11908,11924
201957,Byron Mullens,2017,-1.455,0.379,-1.834,-1.613,0.163,-1.776,-0.451,0.308,-0.759,0.23,0.175,0.055,-0.699,-0.403,-0.29,-0.104,0.811,0.811,-2.258,-1.447,0.0,-0.104,-0.272,0.168,-0.104,-0.272,0.168,0.733,-0.268,-2.763,-0.115,-2.648,-1.581,-0.514,-1.067,-0.573,-0.424,-0.149,-0.494,-0.006,-0.488,-0.263,-0.452,0.187,-0.882,-0.625,-0.625,-3.908,-4.533,-0.0,-0.882,-0.052,-0.83,-0.882,-0.052,-0.83,-3.107,-1.345,-4.217,0.264,-4.481,-3.194,-0.351,-2.843,-1.023,-0.116,-0.907,-0.264,0.169,-0.433,-0.963,-0.855,-0.103,-0.986,0.186,0.186,-5.98,-0.0,-0.986,-0.323,-0.663,-0.986,-0.323,-0.663,-2.374,-1.613,-1.447,-4.533,-5.98,7069,3531,3538
200745,Andrea Bargnani,2017,-2.945,0.155,-3.1,-1.301,-0.15,-1.151,-0.96,-0.56,-0.4,-0.839,-0.07,-0.769,-0.331,-0.721,0.392,0.433,-0.441,-0.441,-2.843,-3.284,0.0,0.433,0.203,0.23,0.433,0.203,0.23,-0.456,-0.799,-3.01,-0.088,-2.922,-0.814,-0.231,-0.583,-1.239,-0.188,-1.051,-0.869,-0.002,-0.867,-0.044,-0.06,0.014,-0.322,0.657,0.657,-3.376,-2.719,0.0,-0.322,-0.487,0.165,-0.322,-0.487,0.165,-2.387,-0.552,-5.955,0.067,-6.022,-2.115,-0.38,-1.735,-2.199,-0.748,-1.451,-1.708,-0.072,-1.636,-0.376,-0.781,0.406,0.11,0.216,0.216,-6.003,0.001,0.11,-0.283,0.393,0.11,-0.283,0.393,-2.843,-1.351,-3.284,-2.719,-6.002,14116,7072,7044
203461,Anthony Bennett,2017,-2.491,0.217,-2.708,-0.772,-0.129,-0.643,-1.689,-0.22,-1.469,-0.247,-0.068,-0.179,-0.255,0.055,-0.311,-0.23,0.474,0.474,-2.976,-2.502,0.0,-0.23,0.048,-0.278,-0.23,0.048,-0.278,-1.691,-0.313,-3.441,-0.017,-3.424,-0.98,-0.042,-0.938,-1.105,-0.213,-0.892,-1.339,-0.055,-1.284,-0.098,-0.039,-0.058,-0.294,0.299,0.299,-3.833,-3.534,0.0,-0.294,-0.36,0.066,-0.294,-0.36,0.066,-2.401,-0.42,-5.932,0.2,-6.132,-1.751,-0.171,-1.58,-2.795,-0.433,-2.362,-1.586,-0.123,-1.463,-0.353,0.017,-0.369,-0.524,0.772,0.772,-6.036,0.0,-0.524,-0.312,-0.212,-0.524,-0.312,-0.212,-4.092,-0.733,-2.502,-3.534,-6.036,7512,3747,3765
203116,Tyshawn Taylor,2017,-2.399,-0.273,-2.126,-0.213,0.157,-0.37,-1.225,0.166,-1.391,-0.688,-0.106,-0.582,-0.118,0.411,-0.528,-0.362,-0.507,-0.507,-2.879,-3.386,0.0,-0.362,-0.056,-0.306,-0.362,-0.056,-0.306,-3.639,-0.297,-1.965,0.066,-2.031,-0.152,-0.013,-0.139,-0.7,-0.254,-0.446,-1.179,-0.039,-1.14,-0.257,-0.131,-0.124,-0.18,-0.337,-0.337,-2.402,-2.739,0.0,-0.18,-0.062,-0.118,-0.18,-0.062,-0.118,-1.023,-0.051,-4.365,-0.207,-4.158,-0.364,0.145,-0.509,-1.926,-0.088,-1.838,-1.868,-0.146,-1.722,-0.376,0.28,-0.652,-0.542,-0.844,-0.844,-6.125,0.0,-0.542,-0.117,-0.425,-0.542,-0.117,-0.425,-4.663,-0.348,-3.386,-2.739,-6.125,1915,958,957
1626143,Jahlil Okafor,2017,-3.406,0.121,-3.527,-0.056,0.015,-0.071,-1.567,-0.659,-0.908,-1.904,-0.194,-1.71,-0.627,-0.502,-0.125,-1.258,-0.309,-0.309,-5.291,-5.6,0.0,-1.258,-0.249,-1.009,-1.258,-0.249,-1.009,-6.693,-0.613,-0.716,0.061,-0.777,-0.268,0.001,-0.269,-0.295,0.314,-0.609,-0.214,0.069,-0.283,0.547,0.509,0.04,-0.936,-0.25,-0.25,-1.105,-1.355,0.0,-0.936,-0.331,-0.605,-0.936,-0.331,-0.605,-1.839,-0.456,-4.124,0.182,-4.306,-0.325,0.015,-0.34,-1.863,-0.345,-1.518,-2.118,-0.125,-1.993,-0.079,0.008,-0.085,-2.194,-0.559,-0.559,-6.955,0.0,-2.194,-0.579,-1.615,-2.194,-0.579,-1.615,-8.532,-1.069,-5.6,-1.355,-6.955,10632,5327,5305
