player_id,player_name,Latest_Year,oALT_EFG_VALUE,oALT_EFG_BASELINE,oALT_EFG_ATOMS_VALUE,oALT_EFG_RIM,oALT_EFG_RIM_FREQ,oALT_EFG_RIM_FG,oALT_EFG_MID,oALT_EFG_MID_FREQ,oALT_EFG_MID_FG,oALT_EFG_THREE,oALT_EFG_THREE_FREQ,oALT_EFG_THREE_FG,oALT_FT,oALT_FT_FREQ,oALT_FT_SEVERITY,oALT_TOV_VALUE,oSC,oSC_CLEAN,oFC,oDISPLAY_SUM,oRESID,oALT_TOV_LOSS_VALUE,oALT_TOV_VALUE_bp,oALT_TOV_VALUE_sc,oALT_TOV_VALUE_split,oALT_BADPASS_TOV_VALUE,oALT_SCORING_TOV_VALUE,oASSIST_POINTS,oRIM_ASSIST,dALT_EFG_VALUE,dALT_EFG_BASELINE,dALT_EFG_ATOMS_VALUE,dALT_EFG_RIM,dALT_EFG_RIM_FREQ,dALT_EFG_RIM_FG,dALT_EFG_MID,dALT_EFG_MID_FREQ,dALT_EFG_MID_FG,dALT_EFG_THREE,dALT_EFG_THREE_FREQ,dALT_EFG_THREE_FG,dALT_FT,dALT_FT_FREQ,dALT_FT_SEVERITY,dALT_TOV_VALUE,dSC,dSC_CLEAN,dFC,dDISPLAY_SUM,dRESID,dALT_TOV_LOSS_VALUE,dALT_TOV_VALUE_bp,dALT_TOV_VALUE_sc,dALT_TOV_VALUE_split,dALT_BADPASS_TOV_VALUE,dALT_SCORING_TOV_VALUE,dASSIST_POINTS,dRIM_ASSIST,nALT_EFG_VALUE,nALT_EFG_BASELINE,nALT_EFG_ATOMS_VALUE,nALT_EFG_RIM,nALT_EFG_RIM_FREQ,nALT_EFG_RIM_FG,nALT_EFG_MID,nALT_EFG_MID_FREQ,nALT_EFG_MID_FG,nALT_EFG_THREE,nALT_EFG_THREE_FREQ,nALT_EFG_THREE_FG,nALT_FT,nALT_FT_FREQ,nALT_FT_SEVERITY,nALT_TOV_VALUE,nSC,nSC_CLEAN,nDISPLAY_SUM,RESID,nALT_TOV_LOSS_VALUE,nALT_TOV_VALUE_bp,nALT_TOV_VALUE_sc,nALT_TOV_VALUE_split,nALT_BADPASS_TOV_VALUE,nALT_SCORING_TOV_VALUE,nASSIST_POINTS,nRIM_ASSIST,off,def,net_rapm,possessions,off_poss,def_poss
708,Kevin Garnett,2005,3.915,0.187,3.728,0.707,-0.223,0.93,3.293,-0.436,3.729,-0.272,-0.2,-0.072,0.423,0.098,0.324,0.488,0.366,0.366,4.826,5.192,0.0,0.488,0.22,0.268,0.488,0.22,0.268,6.95,0.671,2.028,-0.075,2.103,1.356,0.23,1.126,0.604,0.22,0.384,0.143,-0.017,0.16,0.457,0.454,0.003,0.231,0.715,0.715,2.716,3.431,0.0,0.231,0.261,-0.03,0.231,0.261,-0.03,1.729,0.897,5.944,0.112,5.832,2.064,0.007,2.057,3.898,-0.216,4.114,-0.13,-0.217,0.087,0.88,0.553,0.327,0.72,1.081,1.081,8.623,0.0,0.72,0.481,0.239,0.72,0.481,0.239,8.679,1.568,5.192,3.431,8.623,78169,39202,38967
1495,Tim Duncan,2005,2.795,0.477,2.318,0.894,-0.097,0.991,1.139,-0.219,1.358,0.285,-0.088,0.373,-0.115,0.525,-0.64,-0.19,0.881,0.881,2.49,3.371,0.0,-0.19,-0.379,0.189,-0.19,-0.379,0.189,3.115,0.554,3.831,-0.18,4.011,1.953,0.149,1.804,1.727,0.405,1.322,0.331,0.075,0.256,0.824,0.808,0.017,-0.675,1.07,1.07,3.98,5.05,-0.0,-0.675,-0.22,-0.455,-0.675,-0.22,-0.455,2.806,1.068,6.627,0.297,6.33,2.847,0.052,2.795,2.866,0.186,2.68,0.617,-0.012,0.629,0.709,1.334,-0.623,-0.866,1.951,1.951,8.421,0.0,-0.866,-0.599,-0.267,-0.866,-0.599,-0.267,5.921,1.622,3.371,5.05,8.421,75834,38037,37797
406,Shaquille O'Neal,2005,7.117,0.664,6.453,4.199,1.046,3.153,0.955,0.292,0.663,1.299,-0.258,1.557,-1.446,1.481,-2.917,-0.531,0.301,0.301,5.14,5.441,-0.0,-0.531,-0.671,0.14,-0.531,-0.671,0.14,6.208,3.629,2.246,-0.337,2.583,1.133,0.781,0.352,1.608,0.768,0.84,-0.158,0.022,-0.18,0.889,1.026,-0.141,-1.558,0.2,0.2,1.577,1.777,0.0,-1.558,-0.684,-0.874,-1.558,-0.684,-0.874,-0.042,1.254,9.361,0.327,9.034,5.334,1.828,3.506,2.561,1.059,1.502,1.139,-0.237,1.376,-0.557,2.507,-3.058,-2.089,0.501,0.501,7.218,0.001,-2.089,-1.356,-0.733,-2.089,-1.356,-0.733,6.166,4.883,5.441,1.777,7.219,76759,38548,38211
304,John Stockton,2005,3.099,-0.095,3.194,1.624,0.945,0.679,1.524,0.297,1.227,0.046,-0.196,0.242,0.794,0.271,0.523,0.34,0.167,0.167,4.233,4.4,0.0,0.34,0.047,0.293,0.34,0.047,0.293,4.719,2.166,0.585,0.009,0.576,0.081,0.183,-0.102,0.378,-0.024,0.402,0.117,-0.071,0.188,-0.141,-0.002,-0.137,1.293,0.863,0.863,1.737,2.6,0.0,1.293,0.295,0.998,1.293,0.295,0.998,1.178,0.477,3.683,-0.086,3.769,1.705,1.128,0.577,1.902,0.272,1.63,0.162,-0.268,0.43,0.654,0.269,0.386,1.633,1.03,1.03,7.0,-0.001,1.633,0.342,1.291,1.633,0.342,1.291,5.897,2.643,4.4,2.6,6.999,39290,19644,19646
1718,Paul Pierce,2005,3.668,0.155,3.513,0.433,0.202,0.231,1.918,0.828,1.09,1.162,0.299,0.863,1.798,1.161,0.634,0.477,-1.413,-1.413,5.943,4.53,0.0,0.477,0.194,0.283,0.477,0.194,0.283,1.633,0.376,-0.098,-0.237,0.139,0.594,0.201,0.393,-0.041,-0.038,-0.003,-0.414,-0.139,-0.275,-0.02,0.095,-0.113,0.837,1.044,1.044,0.719,1.763,0.0,0.837,0.534,0.303,0.837,0.534,0.303,-0.174,0.706,3.569,-0.082,3.651,1.027,0.403,0.624,1.876,0.789,1.087,0.748,0.16,0.588,1.777,1.256,0.521,1.313,-0.369,-0.369,6.293,0.0,1.313,0.728,0.585,1.313,0.728,0.585,1.459,1.082,4.53,1.763,6.293,76218,38152,38066
1717,Dirk Nowitzki,2005,2.79,0.381,2.409,0.724,0.098,0.626,0.957,0.172,0.785,0.728,0.063,0.665,1.353,0.517,0.836,1.065,-0.423,-0.423,5.208,4.785,0.0,1.065,0.27,0.795,1.065,0.27,0.795,0.82,0.035,0.662,-0.199,0.861,0.248,-0.16,0.408,0.399,-0.038,0.437,0.214,-0.052,0.266,0.374,0.421,-0.046,0.191,0.27,0.27,1.227,1.497,0.0,0.191,0.259,-0.068,0.191,0.259,-0.068,-0.618,-0.422,3.452,0.182,3.27,0.972,-0.062,1.034,1.356,0.134,1.222,0.942,0.011,0.931,1.728,0.938,0.789,1.256,-0.153,-0.153,6.282,0.0,1.256,0.53,0.726,1.256,0.53,0.726,0.202,-0.387,4.785,1.497,6.282,78489,39298,39191
1938,Manu Ginobili,2005,1.289,-0.036,1.325,0.808,0.521,0.287,0.227,0.834,-0.607,0.29,0.158,0.132,1.076,1.095,-0.022,0.168,1.238,1.238,2.533,3.771,-0.0,0.168,0.318,-0.15,0.168,0.318,-0.15,0.903,0.942,0.708,0.131,0.577,0.115,-0.151,0.266,0.12,-0.133,0.253,0.342,-0.008,0.35,0.031,0.058,-0.027,1.121,0.367,0.367,1.86,2.227,0.0,1.121,0.621,0.5,1.121,0.621,0.5,2.284,0.398,1.998,0.095,1.903,0.924,0.371,0.553,0.347,0.701,-0.354,0.632,0.15,0.482,1.106,1.153,-0.049,1.29,1.605,1.605,5.998,0.0,1.29,0.938,0.352,1.29,0.938,0.352,3.187,1.34,3.771,2.227,5.998,28405,14243,14162
467,Jason Kidd,2005,0.695,0.074,0.621,0.234,0.233,0.001,0.154,0.475,-0.321,0.233,0.113,0.12,0.958,0.903,0.053,1.086,0.512,0.512,2.739,3.251,0.0,1.086,0.002,1.084,1.086,0.002,1.084,4.045,1.202,1.251,0.006,1.245,0.826,0.083,0.743,0.374,-0.043,0.417,0.045,-0.023,0.068,-0.175,-0.311,0.134,1.01,0.286,0.286,2.086,2.372,0.0,1.01,0.546,0.464,1.01,0.546,0.464,2.085,0.314,1.944,0.08,1.864,1.06,0.316,0.744,0.527,0.432,0.095,0.277,0.09,0.187,0.783,0.591,0.187,2.096,0.798,0.798,5.623,0.0,2.096,0.548,1.548,2.096,0.548,1.548,6.13,1.515,3.251,2.372,5.623,74275,37246,37029
1905,Andrei Kirilenko,2005,1.545,-0.098,1.643,1.211,0.5,0.711,0.578,0.559,0.019,-0.146,-0.047,-0.099,1.252,1.303,-0.052,-0.371,0.959,0.959,2.426,3.385,0.0,-0.371,-0.453,0.082,-0.371,-0.453,0.082,0.584,1.385,1.734,-0.118,1.852,1.678,-0.113,1.791,0.185,-0.153,0.338,-0.011,0.057,-0.068,-0.846,-0.784,-0.06,1.123,0.174,0.174,2.011,2.185,0.0,1.123,0.275,0.848,1.123,0.275,0.848,3.875,0.742,3.277,-0.216,3.493,2.888,0.386,2.502,0.763,0.406,0.357,-0.158,0.01,-0.168,0.406,0.519,-0.112,0.752,1.132,1.132,5.57,0.0,0.752,-0.178,0.93,0.752,-0.178,0.93,4.459,2.127,3.385,2.185,5.57,32856,16449,16407
739,Rasheed Wallace,2005,3.008,0.233,2.775,1.024,0.107,0.917,1.973,-0.046,2.019,-0.222,0.034,-0.256,-0.407,-0.39,-0.018,-0.602,-0.034,-0.034,1.999,1.965,0.0,-0.602,-0.892,0.29,-0.602,-0.892,0.29,5.62,1.122,2.264,-0.147,2.411,1.031,0.158,0.873,1.116,0.122,0.994,0.264,-0.081,0.345,0.549,0.528,0.018,0.261,0.433,0.433,3.074,3.507,0.0,0.261,-0.197,0.458,0.261,-0.197,0.458,0.737,0.513,5.273,0.086,5.187,2.055,0.265,1.79,3.09,0.077,3.013,0.042,-0.047,0.089,0.142,0.139,0.001,-0.342,0.399,0.399,5.472,0.0,-0.342,-1.088,0.746,-0.342,-1.088,0.746,6.357,1.635,1.965,3.507,5.472,70078,35076,35002
951,Ray Allen,2005,3.236,0.042,3.194,0.595,0.004,0.591,1.094,0.794,0.3,1.505,0.494,1.011,0.843,-0.031,0.875,0.652,1.05,1.05,4.731,5.781,-0.0,0.652,0.469,0.183,0.652,0.469,0.183,2.981,0.094,-0.012,-0.143,0.131,0.157,-0.022,0.179,-0.414,-0.09,-0.324,0.388,-0.024,0.412,-0.27,-0.319,0.05,-0.194,-0.011,-0.011,-0.476,-0.487,0.0,-0.194,0.132,-0.326,-0.194,0.132,-0.326,0.359,0.082,3.224,-0.101,3.325,0.752,-0.018,0.77,0.68,0.704,-0.024,1.893,0.47,1.423,0.573,-0.35,0.925,0.458,1.039,1.039,5.294,-0.0,0.458,0.601,-0.143,0.458,0.601,-0.143,3.341,0.177,5.781,-0.487,5.294,68279,34203,34076
224,Eddie Jones,2005,1.11,-0.18,1.29,0.343,-0.051,0.394,0.115,0.29,-0.175,0.832,0.129,0.703,0.555,0.353,0.199,0.414,-0.389,-0.389,2.079,1.69,-0.0,0.414,0.223,0.191,0.414,0.223,0.191,0.752,-0.074,1.93,0.07,1.86,0.653,-0.027,0.68,0.77,0.027,0.743,0.437,0.081,0.356,-0.457,-0.43,-0.032,0.691,1.416,1.416,2.164,3.58,0.0,0.691,0.626,0.065,0.691,0.626,0.065,3.887,0.509,3.04,-0.11,3.15,0.996,-0.078,1.074,0.885,0.317,0.568,1.269,0.21,1.059,0.097,-0.077,0.167,1.105,1.027,1.027,5.27,0.0,1.105,0.849,0.256,1.105,0.849,0.256,4.639,0.435,1.69,3.58,5.27,64088,32079,32009
1884,Baron Davis,2005,1.519,0.118,1.401,0.991,0.722,0.269,0.176,1.098,-0.922,0.234,0.371,-0.137,0.375,0.61,-0.237,1.051,0.747,0.747,2.945,3.692,0.0,1.051,0.305,0.746,1.051,0.305,0.746,0.767,1.269,2.086,-0.339,2.425,1.115,-0.165,1.28,0.73,-0.069,0.799,0.58,-0.005,0.585,-0.331,-0.266,-0.064,0.885,-1.385,-1.385,2.64,1.255,0.0,0.885,0.38,0.505,0.885,0.38,0.505,1.281,0.158,3.607,-0.221,3.828,2.106,0.557,1.549,0.907,1.03,-0.123,0.815,0.367,0.448,0.044,0.345,-0.301,1.936,-0.638,-0.638,4.947,0.0,1.936,0.684,1.252,1.936,0.684,1.252,2.047,1.427,3.692,1.255,4.947,58123,28907,29216
1713,Vince Carter,2005,1.788,0.035,1.753,0.578,-0.295,0.873,0.513,-0.055,0.568,0.662,0.136,0.526,-0.327,-0.376,0.05,1.397,1.045,1.045,2.858,3.903,0.0,1.397,0.807,0.59,1.397,0.807,0.59,3.473,0.086,1.084,-0.095,1.179,0.733,0.096,0.637,0.134,0.051,0.083,0.312,-0.005,0.317,-0.034,-0.057,0.023,0.074,-0.271,-0.271,1.124,0.853,-0.0,0.074,0.098,-0.024,0.074,0.098,-0.024,1.324,0.473,2.87,-0.06,2.93,1.309,-0.2,1.509,0.647,-0.004,0.651,0.974,0.131,0.843,-0.361,-0.433,0.073,1.471,0.774,0.774,4.756,0.0,1.471,0.906,0.565,1.471,0.906,0.565,4.797,0.559,3.903,0.853,4.756,61851,30944,30907
1112,Ben Wallace,2005,-0.243,0.248,-0.491,-0.619,0.444,-1.063,0.242,-0.065,0.307,-0.114,-0.117,0.003,-1.095,-0.423,-0.668,0.117,1.21,1.21,-1.221,-0.011,0.0,0.117,-0.034,0.151,0.117,-0.034,0.151,0.998,0.457,2.158,-0.218,2.376,1.115,-0.172,1.287,0.737,0.109,0.628,0.524,-0.038,0.562,0.892,1.099,-0.207,0.634,1.064,1.064,3.684,4.748,0.0,0.634,0.287,0.347,0.634,0.287,0.347,1.597,0.408,1.914,0.03,1.884,0.496,0.272,0.224,0.978,0.044,0.934,0.41,-0.155,0.565,-0.204,0.675,-0.876,0.751,2.274,2.274,4.737,0.0,0.751,0.253,0.498,0.751,0.253,0.498,2.595,0.865,-0.011,4.748,4.737,72394,36166,36228
124,Vlade Divac,2005,2.332,0.601,1.731,1.384,0.831,0.553,0.445,0.097,0.348,-0.098,-0.075,-0.023,-0.602,-0.237,-0.367,-0.417,-0.177,-0.177,1.313,1.136,0.0,-0.417,-0.233,-0.184,-0.417,-0.233,-0.184,2.73,1.839,0.696,-0.302,0.998,1.147,0.702,0.445,0.302,0.767,-0.465,-0.451,-0.018,-0.433,1.399,1.518,-0.119,-0.045,1.271,1.271,2.05,3.321,0.0,-0.045,-0.174,0.129,-0.045,-0.174,0.129,-0.832,1.214,3.027,0.299,2.728,2.531,1.533,0.998,0.747,0.864,-0.117,-0.55,-0.094,-0.456,0.797,1.282,-0.486,-0.461,1.094,1.094,4.457,0.0,-0.461,-0.407,-0.054,-0.461,-0.407,-0.054,1.897,3.053,1.136,3.321,4.457,53662,26900,26762
345,Terry Porter,2005,1.648,-0.116,1.764,0.14,0.016,0.124,0.096,0.452,-0.356,1.528,0.164,1.364,0.521,0.709,-0.185,0.817,-1.379,-1.379,2.986,1.607,0.0,0.817,0.038,0.779,0.817,0.038,0.779,-0.743,0.138,1.796,0.103,1.693,0.849,0.181,0.668,0.681,0.023,0.658,0.163,-0.062,0.225,0.091,0.126,-0.035,0.384,0.349,0.349,2.271,2.62,0.0,0.384,0.113,0.271,0.384,0.113,0.271,2.528,0.716,3.445,-0.013,3.458,0.99,0.197,0.793,0.776,0.475,0.301,1.692,0.102,1.59,0.613,0.835,-0.219,1.202,-1.03,-1.03,4.227,0.0,1.202,0.151,1.051,1.202,0.151,1.051,1.784,0.854,1.607,2.62,4.227,19194,9628,9566
764,David Robinson,2005,0.873,0.497,0.376,0.73,0.369,0.361,0.019,-0.093,0.112,-0.373,-0.123,-0.25,0.012,0.089,-0.075,-0.523,-0.269,-0.269,0.362,0.093,0.0,-0.523,-0.578,0.055,-0.523,-0.578,0.055,2.0,1.163,1.791,-0.261,2.052,1.361,0.262,1.099,0.681,0.484,0.197,0.01,0.027,-0.017,1.098,1.083,0.015,0.352,0.459,0.459,3.241,3.7,0.0,0.352,0.19,0.162,0.352,0.19,0.162,0.799,0.729,2.665,0.236,2.429,2.091,0.631,1.46,0.701,0.391,0.31,-0.363,-0.096,-0.267,1.11,1.172,-0.06,-0.171,0.19,0.19,3.793,0.0,-0.171,-0.388,0.217,-0.171,-0.388,0.217,2.799,1.892,0.093,3.7,3.793,37244,18659,18585
1503,Tracy McGrady,2005,1.616,0.358,1.258,0.057,-0.182,0.239,0.795,0.193,0.602,0.406,0.169,0.237,0.682,0.521,0.158,1.814,0.328,0.328,4.112,4.44,0.0,1.814,0.461,1.353,1.814,0.461,1.353,1.184,0.085,-0.192,-0.155,-0.037,-0.353,-0.148,-0.205,0.229,-0.029,0.258,0.087,0.041,0.046,-0.159,-0.239,0.079,-0.005,-0.355,-0.355,-0.356,-0.711,0.0,-0.005,0.095,-0.1,-0.005,0.095,-0.1,0.015,-0.248,1.424,0.203,1.221,-0.297,-0.33,0.033,1.024,0.164,0.86,0.494,0.211,0.283,0.523,0.282,0.238,1.809,-0.027,-0.027,3.729,-0.0,1.809,0.556,1.253,1.809,0.556,1.253,1.199,-0.163,4.44,-0.711,3.729,70166,35175,34991
1883,Steve Francis,2005,0.906,0.074,0.832,0.756,0.59,0.166,0.452,0.613,-0.161,-0.376,0.069,-0.445,1.062,0.829,0.232,0.057,1.09,1.09,2.025,3.115,0.0,0.057,0.278,-0.221,0.057,0.278,-0.221,-1.807,0.819,0.605,-0.109,0.714,0.69,0.009,0.681,-0.093,0.027,-0.12,0.117,0.002,0.115,-0.006,0.101,-0.105,-0.203,0.184,0.184,0.396,0.58,0.0,-0.203,0.193,-0.396,-0.203,0.193,-0.396,0.592,0.511,1.512,-0.035,1.547,1.447,0.599,0.848,0.359,0.64,-0.281,-0.259,0.071,-0.33,1.056,0.93,0.127,-0.145,1.274,1.274,3.695,-0.0,-0.145,0.472,-0.617,-0.145,0.472,-0.617,-1.216,1.331,3.115,0.58,3.695,68042,34032,34010
1740,Rashard Lewis,2005,2.388,0.032,2.356,0.741,-0.259,1.0,0.661,0.077,0.584,0.954,0.134,0.82,0.407,0.085,0.324,0.505,0.633,0.633,3.3,3.933,0.0,0.505,0.633,-0.128,0.505,0.633,-0.128,2.453,-0.105,-0.548,0.003,-0.551,0.057,0.329,-0.272,-0.055,0.045,-0.1,-0.553,-0.143,-0.41,0.373,0.392,-0.022,-0.004,-0.154,-0.154,-0.179,-0.333,0.0,-0.004,0.18,-0.184,-0.004,0.18,-0.184,0.101,0.711,1.839,0.035,1.804,0.797,0.07,0.727,0.606,0.122,0.484,0.401,-0.009,0.41,0.78,0.478,0.302,0.501,0.479,0.479,3.6,0.0,0.501,0.813,-0.312,0.501,0.813,-0.312,2.554,0.605,3.933,-0.333,3.6,60410,30268,30142
717,Arvydas Sabonis,2005,1.355,0.314,1.041,0.643,0.538,0.105,0.931,-0.349,1.28,-0.533,-0.255,-0.278,-0.433,-0.63,0.198,-0.658,-0.653,-0.653,0.264,-0.389,0.0,-0.658,-0.63,-0.028,-0.658,-0.63,-0.028,4.193,1.693,2.927,-0.204,3.131,1.215,0.293,0.922,1.4,0.373,1.027,0.516,-0.015,0.531,0.562,0.764,-0.207,0.396,0.099,0.099,3.885,3.984,0.0,0.396,0.477,-0.081,0.396,0.477,-0.081,0.647,0.751,4.283,0.11,4.173,1.859,0.832,1.027,2.331,0.023,2.308,-0.017,-0.27,0.253,0.129,0.134,-0.008,-0.261,-0.554,-0.554,3.595,-0.001,-0.261,-0.153,-0.108,-0.261,-0.153,-0.108,4.84,2.443,-0.389,3.984,3.594,17952,9024,8928
448,Bo Outlaw,2005,-0.128,-0.11,-0.018,0.431,0.211,0.22,-0.047,-0.131,0.084,-0.402,-0.14,-0.262,-0.564,-0.025,-0.537,-0.764,1.4,1.4,-1.456,-0.056,0.0,-0.764,-0.547,-0.217,-0.764,-0.547,-0.217,0.559,0.81,2.851,-0.096,2.947,1.582,0.091,1.491,1.022,0.066,0.956,0.343,-0.084,0.427,0.488,0.514,-0.028,1.13,-0.836,-0.836,4.469,3.633,0.0,1.13,0.522,0.608,1.13,0.522,0.608,1.159,0.689,2.723,-0.206,2.929,2.013,0.302,1.711,0.975,-0.065,1.04,-0.059,-0.224,0.165,-0.076,0.49,-0.565,0.366,0.564,0.564,3.577,0.0,0.366,-0.025,0.391,0.366,-0.025,0.391,1.718,1.499,-0.056,3.633,3.577,40489,20199,20290
2572,Josh Howard,2005,1.368,-0.141,1.509,0.714,-0.046,0.76,1.259,-0.226,1.485,-0.464,-0.164,-0.3,-0.29,-0.132,-0.158,-0.117,1.506,1.506,0.961,2.467,0.0,-0.117,-0.0,-0.117,-0.117,-0.0,-0.117,-1.055,0.466,0.638,0.087,0.551,-0.131,0.013,-0.144,0.4,-0.079,0.479,0.282,-0.015,0.297,0.205,0.088,0.12,0.233,-0.104,-0.104,1.076,0.972,-0.0,0.233,0.495,-0.262,0.233,0.495,-0.262,1.818,0.009,2.006,-0.054,2.06,0.583,-0.033,0.616,1.659,-0.305,1.964,-0.182,-0.18,-0.002,-0.084,-0.044,-0.038,0.116,1.401,1.401,3.439,0.001,0.116,0.495,-0.379,0.116,0.495,-0.379,0.762,0.475,2.467,0.972,3.44,17586,8757,8829
2203,Shane Battier,2005,-1.454,-0.098,-1.356,-0.7,0.0,-0.7,-0.88,0.226,-1.106,0.224,0.087,0.137,0.24,0.266,-0.028,0.534,1.246,1.246,-0.68,0.566,-0.0,0.534,0.427,0.107,0.534,0.427,0.107,-0.11,-0.009,2.573,0.006,2.567,1.251,0.086,1.165,1.229,-0.096,1.325,0.087,-0.022,0.109,-0.306,-0.426,0.121,0.522,0.053,0.053,2.789,2.842,0.0,0.522,0.271,0.251,0.522,0.271,0.251,2.095,0.626,1.117,-0.092,1.209,0.551,0.086,0.465,0.348,0.13,0.218,0.31,0.064,0.246,-0.066,-0.16,0.093,1.056,1.299,1.299,3.408,0.0,1.056,0.698,0.358,1.056,0.698,0.358,1.985,0.617,0.566,2.842,3.408,38414,19251,19163
977,Kobe Bryant,2005,1.391,-0.095,1.486,0.293,-0.189,0.482,1.057,0.175,0.882,0.136,0.09,0.046,1.319,0.253,1.063,0.969,0.97,0.97,3.679,4.649,0.0,0.969,0.68,0.289,0.969,0.68,0.289,-0.453,-0.054,-0.503,0.077,-0.58,-0.358,-0.097,-0.261,-0.292,-0.137,-0.155,0.07,-0.016,0.086,-0.06,-0.056,-0.003,-0.286,-0.447,-0.447,-0.849,-1.296,0.0,-0.286,0.117,-0.403,-0.286,0.117,-0.403,0.248,-0.17,0.888,-0.018,0.906,-0.066,-0.287,0.221,0.766,0.039,0.727,0.206,0.074,0.132,1.259,0.197,1.061,0.683,0.524,0.524,3.353,0.0,0.683,0.797,-0.114,0.683,0.797,-0.114,-0.205,-0.223,4.649,-1.296,3.353,78938,39558,39380
397,Reggie Miller,2005,2.474,0.085,2.389,0.292,-0.286,0.578,1.197,0.366,0.831,0.9,0.317,0.583,1.009,0.159,0.849,0.819,-1.049,-1.049,4.302,3.253,0.0,0.819,0.451,0.368,0.819,0.451,0.368,2.821,-0.171,0.134,0.044,0.09,-0.329,0.007,-0.336,-0.079,0.196,-0.275,0.498,0.107,0.391,0.105,0.116,-0.01,0.068,-0.235,-0.235,0.307,0.072,-0.0,0.068,-0.278,0.346,0.068,-0.278,0.346,1.681,0.085,2.607,0.129,2.478,-0.038,-0.28,0.242,1.118,0.562,0.556,1.398,0.424,0.974,1.114,0.275,0.839,0.887,-1.284,-1.284,3.325,0.0,0.887,0.174,0.713,0.887,0.174,0.713,4.502,-0.086,3.253,0.072,3.325,66818,33496,33322
959,Steve Nash,2005,4.86,-0.158,5.018,1.192,0.05,1.142,1.904,0.577,1.327,1.922,0.338,1.584,0.371,-0.247,0.621,1.077,-1.102,-1.102,6.308,5.206,0.0,1.077,-0.143,1.22,1.077,-0.143,1.22,5.121,0.902,-1.762,-0.085,-1.677,-0.894,-0.099,-0.795,-0.398,0.004,-0.402,-0.385,-0.014,-0.371,0.314,0.369,-0.053,-0.11,-0.448,-0.448,-1.558,-2.006,0.0,-0.11,0.435,-0.545,-0.11,0.435,-0.545,-0.019,-0.391,3.098,-0.243,3.341,0.298,-0.049,0.347,1.506,0.581,0.925,1.537,0.324,1.213,0.686,0.122,0.567,0.966,-1.55,-1.55,3.2,0.0,0.966,0.291,0.675,0.966,0.291,0.675,5.102,0.51,5.206,-2.006,3.2,65260,32669,32591
1890,Shawn Marion,2005,1.153,0.133,1.02,0.498,0.139,0.359,0.888,-0.255,1.143,-0.366,-0.169,-0.197,-0.084,-0.342,0.255,-0.007,0.32,0.32,1.062,1.382,-0.0,-0.007,-0.165,0.158,-0.007,-0.165,0.158,0.519,0.623,0.973,-0.045,1.018,0.779,-0.056,0.835,0.326,0.036,0.29,-0.087,0.018,-0.105,0.26,0.215,0.045,0.503,-0.035,-0.035,1.736,1.701,-0.0,0.503,0.705,-0.202,0.503,0.705,-0.202,1.518,0.385,2.127,0.088,2.039,1.276,0.082,1.194,1.214,-0.219,1.433,-0.451,-0.15,-0.301,0.176,-0.127,0.3,0.496,0.284,0.284,3.083,0.0,0.496,0.54,-0.044,0.496,0.54,-0.044,2.037,1.008,1.382,1.701,3.083,70700,35312,35388
2073,Brian Cardinal,2005,1.196,-0.048,1.244,-0.122,0.076,-0.198,0.9,0.375,0.525,0.466,0.066,0.4,1.064,0.601,0.463,0.265,-0.343,-0.343,2.525,2.182,0.0,0.265,0.297,-0.032,0.265,0.297,-0.032,-1.739,-0.316,1.151,0.246,0.905,0.684,0.412,0.272,-0.459,0.026,-0.485,0.68,-0.064,0.744,-0.307,-0.223,-0.084,0.222,-0.212,-0.212,1.066,0.854,-0.0,0.222,0.144,0.078,0.222,0.144,0.078,1.313,0.758,2.348,0.198,2.15,0.562,0.488,0.074,0.441,0.401,0.04,1.147,0.002,1.145,0.756,0.378,0.379,0.487,-0.555,-0.555,3.036,0.0,0.487,0.441,0.046,0.487,0.441,0.046,-0.426,0.442,2.182,0.854,3.036,12355,6183,6172
2250,Bobby Simmons,2005,-1.417,-0.2,-1.217,-0.189,-0.228,0.039,-0.611,-0.51,-0.101,-0.417,-0.314,-0.103,0.538,0.291,0.247,1.125,1.221,1.221,0.246,1.467,0.0,1.125,0.562,0.563,1.125,0.562,0.563,0.123,0.009,0.283,0.029,0.254,0.262,0.075,0.187,0.335,-0.142,0.477,-0.343,-0.088,-0.255,-0.197,-0.136,-0.062,0.244,1.141,1.141,0.33,1.471,0.0,0.244,0.018,0.226,0.244,0.018,0.226,1.256,0.276,-1.133,-0.171,-0.962,0.074,-0.152,0.226,-0.276,-0.652,0.376,-0.76,-0.402,-0.358,0.341,0.155,0.185,1.369,2.362,2.362,2.938,-0.001,1.369,0.58,0.789,1.369,0.58,0.789,1.378,0.286,1.467,1.471,2.937,18310,9155,9155
87,Dikembe Mutombo,2005,-0.363,0.125,-0.488,-0.298,-0.4,0.102,-0.178,-0.725,0.547,-0.012,-0.227,0.215,-0.534,-0.736,0.204,-1.095,0.743,0.743,-1.992,-1.249,0.0,-1.095,-0.108,-0.987,-1.095,-0.108,-0.987,-2.659,-0.723,2.898,-0.225,3.123,2.825,0.678,2.147,0.409,0.861,-0.452,-0.111,-0.009,-0.102,1.642,1.899,-0.258,-1.469,1.105,1.105,3.071,4.176,0.0,-1.469,-0.74,-0.729,-1.469,-0.74,-0.729,-0.446,1.676,2.534,-0.1,2.634,2.526,0.277,2.249,0.231,0.136,0.095,-0.123,-0.236,0.113,1.108,1.163,-0.054,-2.564,1.847,1.847,2.927,0.0,-2.564,-0.848,-1.716,-2.564,-0.848,-1.716,-3.105,0.953,-1.249,4.176,2.927,48065,24054,24011
2200,Pau Gasol,2005,3.231,0.123,3.108,1.02,0.219,0.801,1.645,0.066,1.579,0.443,-0.121,0.564,0.306,0.669,-0.365,-0.178,0.491,0.491,3.359,3.85,0.0,-0.178,-0.226,0.048,-0.178,-0.226,0.048,2.027,0.845,-0.214,-0.086,-0.128,-0.266,-0.725,0.459,0.006,-0.201,0.207,0.132,0.093,0.039,0.276,0.488,-0.216,-0.545,-0.496,-0.496,-0.483,-0.979,0.0,-0.545,-0.291,-0.254,-0.545,-0.291,-0.254,-1.159,-1.085,3.02,0.037,2.983,0.755,-0.506,1.261,1.652,-0.134,1.786,0.576,-0.028,0.604,0.582,1.157,-0.581,-0.724,-0.005,-0.005,2.871,0.0,-0.724,-0.516,-0.208,-0.724,-0.516,-0.208,0.868,-0.24,3.85,-0.979,2.871,39822,19938,19884
2544,LeBron James,2005,-0.496,-0.092,-0.404,0.832,0.466,0.366,-0.771,0.213,-0.984,-0.465,-0.086,-0.379,0.57,0.231,0.339,1.193,1.596,1.596,1.267,2.863,0.0,1.193,0.448,0.745,1.193,0.448,0.745,-0.306,0.833,0.713,0.07,0.643,0.321,-0.228,0.549,-0.03,-0.092,0.062,0.352,0.065,0.287,-0.219,-0.189,-0.03,0.267,-0.754,-0.754,0.761,0.007,-0.0,0.267,0.237,0.03,0.267,0.237,0.03,1.381,0.026,0.217,-0.022,0.239,1.153,0.238,0.915,-0.801,0.121,-0.922,-0.113,-0.021,-0.092,0.351,0.042,0.308,1.46,0.842,0.842,2.87,0.0,1.46,0.685,0.775,1.46,0.685,0.775,1.075,0.859,2.863,0.007,2.87,24418,12220,12198
2034,Mike Miller,2005,2.833,-0.143,2.976,0.049,0.08,-0.031,1.327,0.444,0.883,1.6,0.218,1.382,0.068,0.062,0.003,0.372,-0.772,-0.772,3.273,2.501,-0.0,0.372,0.308,0.064,0.372,0.308,0.064,3.978,0.049,0.918,-0.124,1.042,0.345,-0.149,0.494,0.821,0.002,0.819,-0.124,0.127,-0.251,-0.359,-0.299,-0.058,0.323,-0.524,-0.524,0.882,0.358,-0.0,0.323,0.22,0.103,0.323,0.22,0.103,1.748,-0.136,3.749,-0.267,4.016,0.394,-0.07,0.464,2.148,0.446,1.702,1.474,0.344,1.13,-0.292,-0.237,-0.055,0.694,-1.295,-1.295,2.859,-0.0,0.694,0.528,0.166,0.694,0.528,0.166,5.726,-0.087,2.501,0.358,2.859,42756,21417,21339
1889,Andre Miller,2005,1.279,-0.071,1.35,1.249,0.501,0.748,0.824,0.165,0.659,-0.723,-0.208,-0.515,1.207,0.903,0.3,0.905,-0.397,-0.397,3.391,2.994,0.0,0.905,0.564,0.341,0.905,0.564,0.341,0.385,1.122,-0.092,0.154,-0.246,-0.004,0.101,-0.105,-0.109,0.014,-0.123,-0.133,-0.05,-0.083,0.185,0.347,-0.161,0.007,-0.266,-0.266,0.1,-0.166,0.0,0.007,0.241,-0.234,0.007,0.241,-0.234,-1.294,0.117,1.186,0.083,1.103,1.245,0.602,0.643,0.715,0.179,0.536,-0.857,-0.259,-0.598,1.392,1.25,0.139,0.912,-0.663,-0.663,2.828,0.0,0.912,0.805,0.107,0.912,0.805,0.107,-0.91,1.239,2.994,-0.166,2.828,64699,32340,32359
2443,Darius Songaila,2005,0.555,0.128,0.427,-0.012,-0.259,0.247,0.519,-0.261,0.78,-0.08,0.035,-0.115,-0.416,-0.729,0.313,0.144,2.219,2.219,0.283,2.502,0.0,0.144,-0.115,0.259,0.144,-0.115,0.259,1.526,-0.353,0.092,-0.105,0.197,-0.536,0.117,-0.653,0.35,0.168,0.182,0.383,0.03,0.353,0.052,0.03,0.023,0.315,-0.232,-0.232,0.459,0.227,0.0,0.315,0.153,0.162,0.315,0.153,0.162,0.641,0.068,0.648,0.023,0.625,-0.548,-0.142,-0.406,0.869,-0.093,0.962,0.304,0.066,0.238,-0.364,-0.699,0.336,0.459,1.987,1.987,2.729,0.0,0.459,0.039,0.42,0.459,0.039,0.42,2.167,-0.286,2.502,0.227,2.729,10569,5284,5285
1763,Ryan Bowen,2005,-1.979,-0.167,-1.812,-0.44,0.151,-0.591,-1.135,-0.261,-0.874,-0.237,-0.234,-0.003,-0.054,-0.08,0.025,0.045,1.158,1.158,-1.988,-0.83,0.0,0.045,0.019,0.026,0.045,0.019,0.026,-0.923,0.42,2.322,-0.002,2.324,1.177,0.323,0.854,0.857,0.062,0.795,0.29,0.002,0.288,-0.332,-0.524,0.193,1.394,0.112,0.112,3.384,3.496,0.0,1.394,0.866,0.528,1.394,0.866,0.528,2.185,0.854,0.344,-0.169,0.513,0.737,0.474,0.263,-0.278,-0.199,-0.079,0.054,-0.232,0.286,-0.386,-0.604,0.218,1.439,1.269,1.269,2.666,0.0,1.439,0.885,0.554,1.439,0.885,0.554,1.262,1.274,-0.83,3.496,2.666,18917,9383,9534
782,Mitch Richmond,2005,-0.551,-0.072,-0.479,-0.432,-0.026,-0.406,0.021,0.045,-0.024,-0.068,0.033,-0.101,0.55,-0.054,0.609,0.896,-0.249,-0.249,0.895,0.646,0.0,0.896,0.942,-0.046,0.896,0.942,-0.046,-1.236,-0.056,1.576,0.063,1.513,-0.221,0.075,-0.296,1.18,0.118,1.062,0.554,0.047,0.507,0.018,0.046,-0.03,0.341,0.061,0.061,1.935,1.996,0.0,0.341,-0.05,0.391,0.341,-0.05,0.391,3.016,0.206,1.027,-0.009,1.036,-0.652,0.05,-0.702,1.201,0.163,1.038,0.487,0.08,0.407,0.568,-0.008,0.579,1.237,-0.188,-0.188,2.642,0.001,1.237,0.893,0.344,1.237,0.893,0.344,1.78,0.15,0.646,1.996,2.643,16427,8213,8214
893,Michael Jordan,2005,0.029,0.062,-0.033,-0.544,-0.9,0.356,0.907,-0.991,1.898,-0.396,-0.277,-0.119,0.108,-0.281,0.388,2.064,0.251,0.251,2.201,2.452,0.0,2.064,1.239,0.825,2.064,1.239,0.825,1.947,-0.901,-0.184,-0.092,-0.092,-0.257,0.509,-0.766,0.309,0.275,0.034,-0.144,-0.015,-0.129,0.239,0.227,0.013,-0.133,0.245,0.245,-0.078,0.167,0.0,-0.133,-0.347,0.214,-0.133,-0.347,0.214,-0.16,0.444,-0.156,-0.03,-0.126,-0.801,-0.391,-0.41,1.215,-0.717,1.932,-0.54,-0.292,-0.248,0.347,-0.053,0.4,1.931,0.496,0.496,2.619,0.0,1.931,0.892,1.039,1.931,0.892,1.039,1.787,-0.457,2.452,0.167,2.619,18795,9421,9374
2736,Luol Deng,2005,1.68,-0.205,1.885,0.916,0.143,0.773,0.653,0.263,0.39,0.316,0.019,0.297,0.282,0.357,-0.075,-0.194,-0.645,-0.645,1.768,1.123,0.0,-0.194,-0.505,0.311,-0.194,-0.505,0.311,1.132,0.68,0.988,0.084,0.904,0.315,0.098,0.217,0.737,-0.119,0.856,-0.148,-0.087,-0.061,-0.037,-0.056,0.02,0.303,0.139,0.139,1.254,1.393,0.0,0.303,0.224,0.079,0.303,0.224,0.079,0.272,0.178,2.667,-0.121,2.788,1.231,0.241,0.99,1.389,0.144,1.245,0.168,-0.068,0.236,0.244,0.3,-0.055,0.11,-0.506,-0.506,2.516,0.0,0.11,-0.281,0.391,0.11,-0.281,0.391,1.404,0.859,1.123,1.393,2.516,6386,3203,3183
947,Allen Iverson,2005,0.442,0.001,0.441,0.672,0.295,0.377,0.258,0.35,-0.092,-0.489,-0.048,-0.441,1.208,1.177,0.032,1.394,0.078,0.078,3.044,3.122,0.0,1.394,0.618,0.776,1.394,0.618,0.776,-2.48,0.28,-1.36,-0.014,-1.346,-0.674,-0.005,-0.669,-0.104,-0.044,-0.06,-0.568,-0.015,-0.553,-0.268,-0.281,0.015,1.115,-0.149,-0.149,-0.513,-0.662,0.0,1.115,0.628,0.487,1.115,0.628,0.487,-0.74,-0.409,-0.915,-0.013,-0.902,-0.001,0.29,-0.291,0.155,0.306,-0.151,-1.056,-0.062,-0.994,0.94,0.896,0.047,2.51,-0.071,-0.071,2.46,0.0,2.51,1.245,1.265,2.51,1.245,1.265,-3.22,-0.129,3.122,-0.662,2.46,73725,36927,36798
1513,Scot Pollard,2005,-1.537,0.236,-1.773,-0.777,0.117,-0.894,-0.463,-0.226,-0.237,-0.533,-0.063,-0.47,-0.566,-0.516,-0.049,-0.449,2.527,2.527,-2.552,-0.025,-0.0,-0.449,-0.129,-0.32,-0.449,-0.129,-0.32,-0.734,0.11,1.151,-0.209,1.36,1.075,0.614,0.461,0.73,0.468,0.262,-0.445,0.012,-0.457,0.565,0.312,0.254,0.14,0.62,0.62,1.856,2.476,0.0,0.14,-0.191,0.331,0.14,-0.191,0.331,0.554,0.989,-0.385,0.027,-0.412,0.298,0.731,-0.433,0.267,0.242,0.025,-0.977,-0.05,-0.927,-0.001,-0.204,0.205,-0.309,3.147,3.147,2.451,-0.0,-0.309,-0.32,0.011,-0.309,-0.32,0.011,-0.18,1.1,-0.025,2.476,2.451,27785,13891,13894
2047,Quentin Richardson,2005,0.525,0.021,0.504,0.003,0.195,-0.192,-0.205,0.735,-0.94,0.706,0.362,0.344,-0.052,0.209,-0.261,0.505,1.608,1.608,0.978,2.586,-0.0,0.505,0.374,0.131,0.505,0.374,0.131,0.035,0.253,0.31,0.049,0.261,0.149,0.2,-0.051,-0.108,0.081,-0.189,0.22,-0.039,0.259,0.303,0.365,-0.064,-0.196,-0.627,-0.627,0.417,-0.21,0.0,-0.196,-0.06,-0.136,-0.196,-0.06,-0.136,1.005,0.361,0.836,0.07,0.766,0.152,0.395,-0.243,-0.313,0.816,-1.129,0.927,0.323,0.604,0.251,0.574,-0.325,0.31,0.98,0.98,2.376,-0.0,0.31,0.314,-0.004,0.31,0.314,-0.004,1.04,0.614,2.586,-0.21,2.376,40772,20373,20399
1902,Jeff Foster,2005,-1.965,0.026,-1.991,-0.31,-0.296,-0.014,-1.624,-0.35,-1.274,-0.057,-0.097,0.04,-0.592,-0.258,-0.335,-0.399,2.491,2.491,-2.956,-0.465,-0.0,-0.399,-0.153,-0.246,-0.399,-0.153,-0.246,0.382,0.067,1.095,-0.086,1.181,0.349,0.162,0.187,0.926,0.118,0.808,-0.094,-0.009,-0.085,0.108,0.039,0.069,0.3,1.298,1.298,1.503,2.801,0.0,0.3,0.24,0.06,0.3,0.24,0.06,1.674,0.406,-0.871,-0.06,-0.811,0.038,-0.135,0.173,-0.698,-0.232,-0.466,-0.151,-0.106,-0.045,-0.484,-0.219,-0.266,-0.099,3.789,3.789,2.336,-0.0,-0.099,0.086,-0.185,-0.099,0.086,-0.185,2.056,0.473,-0.465,2.801,2.336,30307,15077,15230
2217,Brendan Haywood,2005,-1.417,0.249,-1.666,0.394,-0.407,0.801,-1.961,-0.567,-1.394,-0.099,-0.12,0.021,-0.885,-0.284,-0.605,-0.118,1.355,1.355,-2.42,-1.065,0.0,-0.118,0.044,-0.162,-0.118,0.044,-0.162,-1.773,-0.514,1.703,-0.195,1.898,0.711,0.645,0.066,1.1,0.596,0.504,0.087,-0.054,0.141,1.265,1.18,0.087,-0.245,0.639,0.639,2.723,3.362,0.0,-0.245,0.054,-0.299,-0.245,0.054,-0.299,-0.752,0.859,0.287,0.054,0.233,1.105,0.238,0.867,-0.861,0.029,-0.89,-0.011,-0.174,0.163,0.38,0.896,-0.518,-0.362,1.994,1.994,2.297,0.0,-0.362,0.098,-0.46,-0.362,0.098,-0.46,-2.525,0.346,-1.065,3.362,2.297,25625,12802,12823
389,Toni Kukoc,2005,2.619,0.095,2.524,1.33,0.699,0.631,0.989,0.957,0.032,0.205,0.301,-0.096,0.392,0.79,-0.401,-0.164,-0.461,-0.461,2.847,2.386,0.0,-0.164,-0.366,0.202,-0.164,-0.366,0.202,2.778,1.368,0.162,-0.036,0.198,-0.527,-0.155,-0.372,0.35,-0.163,0.513,0.375,-0.073,0.448,0.081,0.097,-0.016,0.411,-0.767,-0.767,0.654,-0.113,0.0,0.411,0.337,0.074,0.411,0.337,0.074,-0.43,-0.468,2.78,0.059,2.721,0.803,0.544,0.259,1.339,0.794,0.545,0.579,0.227,0.352,0.472,0.887,-0.417,0.246,-1.227,-1.227,2.273,0.001,0.246,-0.029,0.275,0.246,-0.029,0.275,2.348,0.9,2.386,-0.113,2.274,36646,18403,18243
978,Peja Stojakovic,2005,2.254,-0.157,2.411,1.159,-0.282,1.441,0.102,0.26,-0.158,1.15,0.205,0.945,0.747,0.062,0.683,0.774,-0.588,-0.588,3.775,3.187,0.0,0.774,0.119,0.655,0.774,0.119,0.655,1.691,0.284,-0.363,-0.054,-0.309,-0.544,0.106,-0.65,0.17,0.161,0.009,0.065,0.065,0.0,0.02,0.134,-0.116,-0.347,-0.257,-0.257,-0.69,-0.947,0.0,-0.347,-0.252,-0.095,-0.347,-0.252,-0.095,1.014,0.023,1.892,-0.211,2.103,0.615,-0.176,0.791,0.273,0.422,-0.149,1.215,0.27,0.945,0.767,0.196,0.567,0.427,-0.844,-0.844,2.24,0.0,0.427,-0.134,0.561,0.427,-0.134,0.561,2.705,0.307,3.187,-0.947,2.24,68810,34465,34345
2732,Ben Gordon,2005,-0.233,-0.222,-0.011,-0.922,-0.457,-0.465,0.679,0.017,0.662,0.232,0.098,0.134,0.527,0.551,-0.023,0.315,0.059,0.059,0.609,0.668,0.0,0.315,0.651,-0.336,0.315,0.651,-0.336,-3.453,-1.139,2.274,0.076,2.198,0.551,-0.008,0.559,0.438,-0.256,0.694,1.209,-0.025,1.234,-0.681,-0.928,0.249,-0.042,-0.041,-0.041,1.551,1.51,0.0,-0.042,-0.027,-0.015,-0.042,-0.027,-0.015,2.824,0.256,2.042,-0.146,2.188,-0.371,-0.465,0.094,1.118,-0.238,1.356,1.441,0.073,1.368,-0.154,-0.377,0.226,0.273,0.017,0.017,2.178,0.001,0.273,0.624,-0.351,0.273,0.624,-0.351,-0.629,-0.883,0.668,1.51,2.179,8367,4195,4172
109,Robert Horry,2005,-0.06,0.011,-0.071,-0.002,-0.359,0.357,-0.035,0.133,-0.168,-0.034,0.184,-0.218,0.085,0.477,-0.391,0.137,-0.005,-0.005,0.162,0.157,-0.0,0.137,-0.407,0.544,0.137,-0.407,0.544,1.051,-0.297,1.351,-0.053,1.404,0.371,-0.002,0.373,0.364,-0.025,0.389,0.669,0.003,0.666,-0.211,-0.241,0.03,0.705,0.098,0.098,1.845,1.943,0.0,0.705,0.275,0.43,0.705,0.275,0.43,2.559,0.459,1.292,-0.042,1.334,0.369,-0.361,0.73,0.33,0.108,0.222,0.635,0.187,0.448,-0.125,0.236,-0.361,0.842,0.093,0.093,2.1,0.0,0.842,-0.132,0.974,0.842,-0.132,0.974,3.61,0.162,0.157,1.943,2.1,50739,25474,25265
731,Greg Ostertag,2005,0.302,0.337,-0.035,-0.143,0.132,-0.275,0.357,-0.273,0.63,-0.249,-0.141,-0.108,-0.713,-0.059,-0.654,-1.829,1.387,1.387,-2.24,-0.853,-0.0,-1.829,-1.209,-0.62,-1.829,-1.209,-0.62,0.377,0.553,3.534,-0.128,3.662,2.796,0.714,2.082,1.099,0.49,0.609,-0.233,-0.013,-0.22,0.52,0.418,0.101,-0.736,-0.377,-0.377,3.318,2.941,-0.0,-0.736,-0.288,-0.448,-0.736,-0.288,-0.448,0.49,1.518,3.838,0.209,3.629,2.654,0.847,1.807,1.457,0.217,1.24,-0.482,-0.154,-0.328,-0.193,0.359,-0.552,-2.565,1.011,1.011,2.088,-0.0,-2.565,-1.497,-1.068,-2.565,-1.497,-1.068,0.868,2.072,-0.853,2.941,2.088,33945,16950,16995
2240,Gilbert Arenas,2005,1.07,-0.01,1.08,0.225,0.209,0.016,0.422,0.694,-0.272,0.433,0.228,0.205,1.093,1.008,0.082,0.813,0.567,0.567,2.976,3.543,0.0,0.813,0.585,0.228,0.813,0.585,0.228,-2.661,-0.524,-0.428,-0.002,-0.426,-0.476,0.099,-0.575,0.343,-0.024,0.367,-0.293,0.01,-0.303,-0.175,-0.206,0.033,-0.075,-0.779,-0.779,-0.678,-1.457,-0.0,-0.075,-0.086,0.011,-0.075,-0.086,0.011,0.429,-0.009,0.643,-0.012,0.655,-0.25,0.308,-0.558,0.765,0.67,0.095,0.14,0.238,-0.098,0.917,0.803,0.114,0.738,-0.212,-0.212,2.086,0.001,0.738,0.498,0.24,0.738,0.498,0.24,-2.232,-0.533,3.543,-1.457,2.087,38706,19362,19344
64,Sam Perkins,2005,0.383,0.101,0.282,-0.3,-0.472,0.172,-0.263,0.143,-0.406,0.845,0.313,0.532,0.358,-0.45,0.811,0.141,-0.818,-0.818,0.882,0.064,-0.0,0.141,-0.0,0.141,0.141,-0.0,0.141,-1.239,-1.143,0.982,0.048,0.934,-0.376,0.23,-0.606,0.951,0.352,0.599,0.359,0.062,0.297,0.646,0.563,0.083,-0.005,0.392,0.392,1.623,2.015,0.0,-0.005,0.207,-0.212,-0.005,0.207,-0.212,0.571,-0.037,1.368,0.149,1.219,-0.675,-0.241,-0.434,0.689,0.495,0.194,1.205,0.375,0.83,1.005,0.113,0.894,0.136,-0.426,-0.426,2.079,0.0,0.136,0.206,-0.07,0.136,0.206,-0.07,-0.667,-1.18,0.064,2.015,2.079,11354,5704,5650
255,Grant Hill,2005,1.731,0.05,1.681,0.999,0.351,0.648,0.517,-0.176,0.693,0.165,-0.293,0.458,0.933,0.411,0.522,0.178,-0.254,-0.254,2.842,2.588,0.0,0.178,0.294,-0.116,0.178,0.294,-0.116,-0.928,0.618,-0.529,-0.117,-0.412,-0.005,-0.065,0.06,-0.12,-0.06,-0.06,-0.287,-0.027,-0.26,-0.031,-0.039,0.008,0.088,-0.041,-0.041,-0.472,-0.513,0.0,0.088,-0.027,0.115,0.088,-0.027,0.115,-0.225,0.103,1.202,-0.067,1.269,0.994,0.286,0.708,0.397,-0.236,0.633,-0.122,-0.319,0.197,0.902,0.372,0.53,0.266,-0.295,-0.295,2.075,0.0,0.266,0.268,-0.002,0.266,0.268,-0.002,-1.153,0.721,2.588,-0.513,2.075,26328,13180,13148
468,Jon Barry,2005,1.312,-0.322,1.634,-0.012,-0.265,0.253,-0.073,0.426,-0.499,1.719,0.34,1.379,0.398,0.087,0.313,0.329,-0.772,-0.772,2.039,1.267,-0.0,0.329,0.028,0.301,0.329,0.028,0.301,0.838,-0.368,0.361,0.162,0.199,-0.045,-0.017,-0.028,0.146,-0.044,0.19,0.098,0.08,0.018,-0.497,-0.652,0.156,0.844,0.084,0.084,0.708,0.792,0.0,0.844,0.241,0.603,0.844,0.241,0.603,2.87,0.195,1.673,-0.16,1.833,-0.057,-0.282,0.225,0.073,0.382,-0.309,1.817,0.42,1.397,-0.099,-0.565,0.468,1.172,-0.688,-0.688,2.059,0.0,1.172,0.269,0.903,1.172,0.269,0.903,3.708,-0.173,1.267,0.792,2.059,34542,17313,17229
677,Eric Williams,2005,-0.381,-0.186,-0.195,-0.433,-0.015,-0.418,0.25,0.387,-0.137,-0.012,0.144,-0.156,0.662,0.738,-0.077,0.22,-0.581,-0.581,0.501,-0.08,-0.0,0.22,0.413,-0.193,0.22,0.413,-0.193,-1.745,-0.408,1.298,0.093,1.205,0.161,0.13,0.031,0.726,-0.135,0.861,0.318,-0.06,0.378,-0.283,-0.491,0.21,0.472,0.647,0.647,1.487,2.134,-0.0,0.472,0.022,0.45,0.472,0.022,0.45,1.725,0.331,0.918,-0.093,1.011,-0.271,0.116,-0.387,0.976,0.252,0.724,0.306,0.084,0.222,0.38,0.247,0.133,0.692,0.067,0.067,2.054,0.001,0.692,0.435,0.257,0.692,0.435,0.257,-0.02,-0.076,-0.08,2.134,2.055,44052,21977,22075
369,Charlie Ward,2005,0.391,-0.178,0.569,0.239,0.238,0.001,-0.095,0.54,-0.635,0.425,0.277,0.148,-0.089,-0.051,-0.038,0.07,-0.266,-0.266,0.372,0.106,-0.0,0.07,-0.352,0.422,0.07,-0.352,0.422,0.534,0.149,1.001,0.08,0.921,0.266,0.282,-0.016,0.603,-0.045,0.648,0.052,-0.079,0.131,-0.333,-0.45,0.118,0.993,0.27,0.27,1.661,1.931,0.0,0.993,0.139,0.854,0.993,0.139,0.854,1.764,0.725,1.393,-0.098,1.491,0.505,0.52,-0.015,0.509,0.495,0.014,0.477,0.198,0.279,-0.422,-0.501,0.08,1.063,0.004,0.004,2.037,0.0,1.063,-0.213,1.276,1.063,-0.213,1.276,2.299,0.874,0.106,1.931,2.037,30401,15220,15181
103,Todd Day,2005,2.348,-0.138,2.486,0.669,0.464,0.205,0.514,0.771,-0.257,1.303,0.279,1.024,0.0,0.142,-0.139,-0.422,-0.094,-0.094,1.926,1.832,0.0,-0.422,-0.118,-0.304,-0.422,-0.118,-0.304,2.107,0.43,-0.156,0.221,-0.377,0.415,-0.113,0.528,-0.25,-0.2,-0.05,-0.542,0.043,-0.585,-0.32,-0.547,0.229,0.834,-0.158,-0.158,0.358,0.2,0.0,0.834,0.23,0.604,0.834,0.23,0.604,0.502,0.022,2.193,0.083,2.11,1.085,0.352,0.733,0.264,0.571,-0.307,0.761,0.322,0.439,-0.32,-0.405,0.09,0.413,-0.252,-0.252,2.032,0.0,0.413,0.111,0.302,0.413,0.111,0.302,2.608,0.451,1.832,0.2,2.032,5448,2725,2723
136,P.J. Brown,2005,1.58,0.226,1.354,-0.014,-0.246,0.232,0.939,-0.416,1.355,0.429,-0.126,0.555,-0.202,-0.492,0.286,-0.072,0.427,0.427,1.306,1.733,0.0,-0.072,-0.119,0.047,-0.072,-0.119,0.047,2.986,-0.217,-0.072,-0.207,0.135,0.577,-0.026,0.603,-0.139,0.106,-0.245,-0.303,-0.014,-0.289,0.477,0.609,-0.131,-0.532,0.418,0.418,-0.127,0.291,0.0,-0.532,-0.43,-0.102,-0.532,-0.43,-0.102,-0.517,0.426,1.506,0.019,1.487,0.561,-0.273,0.834,0.8,-0.31,1.11,0.126,-0.14,0.266,0.275,0.117,0.155,-0.604,0.845,0.845,2.024,0.0,-0.604,-0.55,-0.054,-0.604,-0.55,-0.054,2.469,0.209,1.733,0.291,2.024,64210,31984,32226
727,Eric Snow,2005,-0.274,-0.107,-0.167,-0.003,0.155,-0.158,-0.22,-0.232,0.012,0.056,-0.273,0.329,0.442,0.473,-0.03,-0.12,-0.313,-0.313,0.048,-0.265,0.0,-0.12,-0.064,-0.056,-0.12,-0.064,-0.056,1.763,0.304,0.975,0.067,0.908,0.888,0.338,0.55,-0.189,0.061,-0.25,0.209,-0.048,0.257,0.073,-0.199,0.271,0.948,0.26,0.26,1.996,2.256,-0.0,0.948,0.26,0.688,0.948,0.26,0.688,0.643,0.573,0.7,-0.04,0.74,0.883,0.492,0.391,-0.408,-0.17,-0.238,0.265,-0.321,0.586,0.515,0.274,0.24,0.828,-0.053,-0.053,1.991,0.0,0.828,0.195,0.633,0.828,0.195,0.633,2.406,0.877,-0.265,2.256,1.991,60094,30094,30000
965,Derek Fisher,2005,-1.218,-0.154,-1.064,-0.897,-0.346,-0.551,0.054,0.095,-0.041,-0.221,0.15,-0.371,0.395,0.262,0.136,1.478,-0.103,-0.103,0.655,0.552,0.0,1.478,0.692,0.786,1.478,0.692,0.786,0.373,-0.868,0.211,0.197,0.014,0.222,0.177,0.045,-0.073,-0.117,0.044,-0.135,-0.046,-0.089,-0.35,-0.538,0.19,0.831,0.734,0.734,0.692,1.426,0.0,0.831,-0.097,0.928,0.831,-0.097,0.928,1.713,0.5,-1.009,0.043,-1.052,-0.675,-0.169,-0.506,-0.02,-0.022,0.002,-0.357,0.104,-0.461,0.045,-0.276,0.326,2.309,0.631,0.631,1.978,-0.001,2.309,0.596,1.713,2.309,0.596,1.713,2.087,-0.368,0.552,1.426,1.977,52500,26325,26175
1802,Brad Miller,2005,0.608,0.204,0.404,0.327,0.217,0.11,0.391,0.014,0.377,-0.314,-0.096,-0.218,0.662,0.318,0.341,-0.539,0.792,0.792,0.731,1.523,-0.0,-0.539,-0.553,0.014,-0.539,-0.553,0.014,2.82,0.938,-0.77,-0.233,-0.537,0.348,0.054,0.294,-0.23,0.113,-0.343,-0.655,-0.077,-0.578,0.707,0.74,-0.034,-0.133,0.62,0.62,-0.196,0.424,0.0,-0.133,0.098,-0.231,-0.133,0.098,-0.231,-1.158,0.31,-0.162,-0.029,-0.133,0.675,0.271,0.404,0.161,0.127,0.034,-0.969,-0.173,-0.796,1.369,1.058,0.306,-0.672,1.412,1.412,1.947,0.0,-0.672,-0.456,-0.216,-0.672,-0.456,-0.216,1.662,1.248,1.523,0.424,1.947,48505,24288,24217
2397,Yao Ming,2005,0.543,0.232,0.311,0.702,-0.184,0.886,0.081,-0.402,0.483,-0.472,-0.124,-0.348,-0.263,-0.524,0.256,-1.38,0.338,0.338,-1.1,-0.762,-0.0,-1.38,-0.628,-0.752,-1.38,-0.628,-0.752,1.506,0.406,1.797,-0.119,1.916,1.273,0.323,0.95,0.825,0.207,0.618,-0.182,-0.045,-0.137,0.441,0.475,-0.032,-0.391,0.8,0.8,1.847,2.647,-0.0,-0.391,-0.218,-0.173,-0.391,-0.218,-0.173,-0.916,0.92,2.339,0.113,2.226,1.974,0.138,1.836,0.905,-0.196,1.101,-0.653,-0.169,-0.484,0.178,-0.049,0.224,-1.772,1.138,1.138,1.885,-0.0,-1.772,-0.846,-0.926,-1.772,-0.846,-0.926,0.589,1.327,-0.762,2.647,1.885,29343,14714,14629
1888,Richard Hamilton,2005,1.174,0.009,1.165,0.464,-0.24,0.704,0.386,-0.328,0.714,0.315,-0.232,0.547,1.121,0.666,0.453,0.776,-0.518,-0.518,3.071,2.553,0.0,0.776,0.627,0.149,0.776,0.627,0.149,-0.065,0.263,-0.038,0.08,-0.118,-0.459,0.019,-0.478,0.625,-0.001,0.626,-0.284,0.057,-0.341,-0.181,-0.287,0.106,-0.128,-0.342,-0.342,-0.347,-0.689,0.0,-0.128,-0.065,-0.063,-0.128,-0.065,-0.063,0.373,-0.271,1.135,0.089,1.046,0.005,-0.221,0.226,1.011,-0.329,1.34,0.03,-0.175,0.205,0.94,0.379,0.559,0.648,-0.86,-0.86,1.864,0.0,0.648,0.562,0.086,0.648,0.562,0.086,0.308,-0.008,2.553,-0.689,1.864,63478,31833,31645
105,Dan Majerle,2005,1.004,-0.242,1.246,0.111,-0.008,0.119,0.684,0.47,0.214,0.451,0.308,0.143,-0.035,0.043,-0.076,0.63,-0.71,-0.71,1.599,0.889,0.0,0.63,0.296,0.334,0.63,0.296,0.334,1.895,0.129,0.61,0.021,0.589,-0.359,-0.035,-0.324,0.487,-0.084,0.571,0.461,-0.0,0.461,-0.125,-0.254,0.129,0.243,0.225,0.225,0.728,0.953,0.0,0.243,0.02,0.223,0.243,0.02,0.223,1.663,0.105,1.615,-0.221,1.836,-0.247,-0.042,-0.205,1.172,0.386,0.786,0.911,0.307,0.604,-0.161,-0.211,0.054,0.874,-0.485,-0.485,1.842,0.0,0.874,0.316,0.558,0.874,0.316,0.558,3.558,0.234,0.889,0.953,1.842,19445,9742,9703
966,Jerome Williams,2005,-0.721,0.237,-0.958,-0.394,0.424,-0.818,0.627,0.076,0.551,-1.191,-0.147,-1.044,0.128,0.512,-0.382,-0.295,1.577,1.577,-0.888,0.689,-0.0,-0.295,-0.232,-0.063,-0.295,-0.232,-0.063,-2.259,0.188,-0.218,-0.004,-0.214,-0.153,-0.13,-0.023,-0.325,-0.023,-0.302,0.264,-0.018,0.282,0.235,0.277,-0.044,0.979,0.097,0.097,0.996,1.093,0.0,0.979,0.306,0.673,0.979,0.306,0.673,0.329,-0.123,-0.938,0.233,-1.171,-0.547,0.294,-0.841,0.303,0.053,0.25,-0.927,-0.165,-0.762,0.362,0.789,-0.426,0.684,1.674,1.674,1.782,0.0,0.684,0.074,0.61,0.684,0.074,0.61,-1.93,0.065,0.689,1.093,1.782,37890,18895,18995
208,Sam Cassell,2005,1.608,-0.034,1.642,0.033,-0.47,0.503,1.848,-0.592,2.44,-0.239,-0.269,0.03,0.682,0.235,0.447,1.473,-1.04,-1.04,3.763,2.723,0.0,1.473,0.996,0.477,1.473,0.996,0.477,-1.459,-0.521,0.021,-0.111,0.132,0.421,-0.014,0.435,-0.014,-0.018,0.004,-0.275,-0.021,-0.254,-0.091,0.035,-0.127,-0.363,-0.557,-0.557,-0.433,-0.99,0.0,-0.363,-0.225,-0.138,-0.363,-0.225,-0.138,-0.778,0.092,1.63,-0.145,1.775,0.454,-0.484,0.938,1.834,-0.61,2.444,-0.513,-0.29,-0.223,0.591,0.27,0.32,1.111,-1.597,-1.597,1.733,0.0,1.111,0.771,0.34,1.111,0.771,0.34,-2.236,-0.429,2.723,-0.99,1.733,64217,32161,32056
2215,Jason Collins,2005,-2.917,0.024,-2.941,-1.193,-0.135,-1.058,-0.809,-0.352,-0.457,-0.939,-0.181,-0.758,-0.236,-0.047,-0.192,-0.37,1.06,1.06,-3.523,-2.463,-0.0,-0.37,0.159,-0.529,-0.37,0.159,-0.529,-2.023,-0.545,0.032,-0.105,0.137,0.432,0.29,0.142,0.014,0.299,-0.285,-0.309,-0.055,-0.254,0.663,0.901,-0.238,1.382,2.049,2.049,2.077,4.126,0.0,1.382,0.169,1.213,1.382,0.169,1.213,0.294,0.887,-2.884,-0.081,-2.803,-0.761,0.155,-0.916,-0.794,-0.053,-0.741,-1.248,-0.237,-1.011,0.427,0.854,-0.43,1.012,3.109,3.109,1.663,0.0,1.012,0.328,0.684,1.012,0.328,0.684,-1.729,0.341,-2.463,4.126,1.663,34500,17295,17205
2209,Vladimir Radmanovic,2005,2.095,-0.147,2.242,0.735,0.027,0.708,0.256,0.499,-0.243,1.251,0.319,0.932,-0.316,-0.384,0.069,0.11,-0.212,-0.212,1.889,1.677,-0.0,0.11,0.243,-0.133,0.11,0.243,-0.133,1.844,0.061,0.081,0.045,0.036,-0.213,0.067,-0.28,-0.134,-0.158,0.024,0.383,-0.114,0.497,-0.207,-0.202,-0.005,0.581,-0.489,-0.489,0.455,-0.034,0.0,0.581,0.384,0.197,0.581,0.384,0.197,0.416,-0.014,2.176,-0.102,2.278,0.522,0.094,0.428,0.122,0.341,-0.219,1.634,0.205,1.429,-0.523,-0.587,0.063,0.691,-0.702,-0.702,1.643,-0.0,0.691,0.627,0.064,0.691,0.627,0.064,2.259,0.047,1.677,-0.034,1.643,28247,14155,14092
1897,Metta World Peace,2005,0.372,0.081,0.291,0.022,0.443,-0.421,0.355,0.323,0.032,-0.086,0.031,-0.117,-0.106,-0.034,-0.073,0.054,-0.664,-0.664,0.32,-0.344,0.0,0.054,0.502,-0.448,0.054,0.502,-0.448,-0.734,0.394,0.098,0.024,0.074,0.079,-0.243,0.322,-0.265,-0.107,-0.158,0.26,0.013,0.247,0.248,-0.028,0.276,1.01,0.586,0.586,1.356,1.942,0.0,1.01,0.418,0.592,1.01,0.418,0.592,-0.375,-0.44,0.471,0.105,0.366,0.101,0.2,-0.099,0.091,0.216,-0.125,0.174,0.044,0.13,0.143,-0.062,0.203,1.064,-0.078,-0.078,1.598,0.0,1.064,0.92,0.144,1.064,0.92,0.144,-1.109,-0.046,-0.344,1.942,1.598,47019,23515,23504
243,Aaron McKie,2005,-0.44,-0.085,-0.355,-0.143,0.138,-0.281,0.05,0.205,-0.155,-0.262,0.001,-0.263,0.534,0.612,-0.077,0.317,-0.361,-0.361,0.411,0.05,-0.0,0.317,0.413,-0.096,0.317,0.413,-0.096,-0.744,-0.056,1.001,0.239,0.762,-0.022,0.353,-0.375,0.221,-0.082,0.303,0.563,-0.131,0.694,-0.287,-0.352,0.066,0.352,0.405,0.405,1.066,1.471,0.0,0.352,0.298,0.054,0.352,0.298,0.054,1.271,0.464,0.563,0.154,0.409,-0.163,0.492,-0.655,0.271,0.123,0.148,0.301,-0.13,0.431,0.248,0.26,-0.011,0.669,0.044,0.044,1.521,0.0,0.669,0.711,-0.042,0.669,0.711,-0.042,0.527,0.408,0.05,1.471,1.521,49717,24911,24806
2499,Richie Frahm,2005,1.561,-0.343,1.904,0.681,0.041,0.64,0.783,0.43,0.353,0.44,0.234,0.206,-0.165,-0.247,0.083,0.153,-0.359,-0.359,1.549,1.19,0.0,0.153,0.062,0.091,0.153,0.062,0.091,1.787,0.354,-0.47,0.398,-0.868,-0.333,-0.015,-0.318,-0.929,-0.228,-0.701,0.394,-0.007,0.401,-0.5,-0.357,-0.14,0.481,0.806,0.806,-0.489,0.317,-0.0,0.481,0.062,0.419,0.481,0.062,0.419,0.596,-0.006,1.092,0.055,1.037,0.348,0.025,0.323,-0.146,0.202,-0.348,0.835,0.227,0.608,-0.665,-0.604,-0.057,0.634,0.447,0.447,1.507,-0.0,0.634,0.124,0.51,0.634,0.124,0.51,2.383,0.348,1.19,0.317,1.507,3705,1862,1843
2554,Mickael Pietrus,2005,1.161,-0.131,1.292,0.794,-0.186,0.98,-0.711,0.5,-1.211,1.209,0.344,0.865,-0.407,0.109,-0.516,0.0,0.439,0.439,0.754,1.193,0.0,0.0,0.033,-0.033,0.0,0.033,-0.033,0.304,-0.14,0.677,0.054,0.623,-1.029,-0.02,-1.009,1.24,-0.082,1.322,0.412,0.046,0.366,-0.404,-0.3,-0.105,0.199,-0.181,-0.181,0.472,0.291,-0.0,0.199,0.1,0.099,0.199,0.1,0.099,1.605,-0.181,1.839,-0.077,1.916,-0.235,-0.206,-0.029,0.529,0.418,0.111,1.622,0.391,1.231,-0.81,-0.191,-0.621,0.199,0.257,0.257,1.484,0.0,0.199,0.133,0.066,0.199,0.133,0.066,1.91,-0.32,1.193,0.291,1.484,7988,3963,4025
2050,Morris Peterson,2005,1.164,-0.003,1.167,0.297,0.164,0.133,0.21,0.214,-0.004,0.66,0.097,0.563,-0.123,-0.19,0.066,0.797,0.292,0.292,1.838,2.13,0.0,0.797,0.227,0.57,0.797,0.227,0.57,0.284,0.106,0.189,-0.027,0.216,-0.017,-0.063,0.046,-0.0,0.099,-0.099,0.233,0.128,0.105,-0.283,-0.298,0.016,-0.364,-0.194,-0.194,-0.458,-0.652,-0.0,-0.364,-0.365,0.001,-0.364,-0.365,0.001,1.36,-0.083,1.352,-0.03,1.382,0.28,0.101,0.179,0.21,0.313,-0.103,0.892,0.225,0.667,-0.407,-0.487,0.082,0.433,0.097,0.097,1.478,0.001,0.433,-0.138,0.571,0.433,-0.138,0.571,1.644,0.023,2.13,-0.652,1.479,43731,21843,21888
2059,Eduardo Najera,2005,0.029,-0.116,0.145,-0.436,0.107,-0.543,0.129,0.018,0.111,0.452,-0.053,0.505,-0.017,0.122,-0.138,0.352,1.146,1.146,0.364,1.51,0.0,0.352,-0.19,0.542,0.352,-0.19,0.542,0.538,0.252,0.69,0.058,0.632,0.724,-0.134,0.858,0.137,-0.24,0.377,-0.229,-0.049,-0.18,-0.321,-0.416,0.096,0.408,-0.839,-0.839,0.777,-0.062,0.0,0.408,0.178,0.23,0.408,0.178,0.23,1.35,0.256,0.719,-0.058,0.777,0.288,-0.027,0.315,0.266,-0.222,0.488,0.223,-0.102,0.325,-0.338,-0.295,-0.043,0.76,0.307,0.307,1.448,0.0,0.76,-0.012,0.772,0.76,-0.012,0.772,1.887,0.508,1.51,-0.062,1.448,20923,10435,10488
2548,Dwyane Wade,2005,1.06,0.106,0.954,0.493,0.351,0.142,0.361,0.159,0.202,0.1,-0.153,0.253,0.733,0.871,-0.137,0.544,-0.085,-0.085,2.337,2.252,-0.0,0.544,0.475,0.069,0.544,0.475,0.069,-3.52,0.107,-1.267,-0.023,-1.244,0.182,-0.002,0.184,-0.758,-0.094,-0.664,-0.668,-0.053,-0.615,-0.032,0.048,-0.08,0.495,-0.04,-0.04,-0.804,-0.844,0.0,0.495,0.09,0.405,0.495,0.09,0.405,-1.133,0.088,-0.207,0.083,-0.29,0.675,0.349,0.326,-0.397,0.065,-0.462,-0.568,-0.206,-0.362,0.701,0.919,-0.217,1.039,-0.125,-0.125,1.408,-0.0,1.039,0.565,0.474,1.039,0.565,0.474,-4.653,0.195,2.252,-0.844,1.408,23090,11558,11532
1739,Ruben Patterson,2005,1.019,0.044,0.975,1.394,0.792,0.602,-0.029,0.571,-0.6,-0.39,0.008,-0.398,0.166,0.702,-0.537,-0.615,1.346,1.346,0.57,1.916,0.0,-0.615,-0.053,-0.562,-0.615,-0.053,-0.562,0.866,1.606,0.058,-0.044,0.102,-0.518,-0.09,-0.428,0.155,-0.083,0.238,0.465,-0.091,0.556,0.198,0.222,-0.025,0.62,-1.389,-1.389,0.876,-0.513,0.0,0.62,0.422,0.198,0.62,0.422,0.198,-1.986,-0.646,1.076,-0.0,1.076,0.875,0.702,0.173,0.126,0.488,-0.362,0.075,-0.083,0.158,0.364,0.924,-0.562,0.005,-0.043,-0.043,1.403,0.0,0.005,0.369,-0.364,0.005,0.369,-0.364,-1.12,0.96,1.916,-0.513,1.403,42898,21379,21519
2060,Marko Jaric,2005,1.656,-0.238,1.894,0.25,0.307,-0.057,1.605,0.499,1.106,0.039,0.109,-0.07,0.399,0.352,0.046,-0.215,-0.379,-0.379,1.84,1.461,0.0,-0.215,-0.089,-0.126,-0.215,-0.089,-0.126,0.554,0.377,-0.631,0.067,-0.698,0.762,-0.009,0.771,-1.405,-0.149,-1.256,-0.055,-0.035,-0.02,-0.161,-0.255,0.098,0.771,-0.056,-0.056,-0.021,-0.077,0.0,0.771,0.459,0.312,0.771,0.459,0.312,0.917,0.658,1.024,-0.171,1.195,1.012,0.298,0.714,0.201,0.35,-0.149,-0.018,0.073,-0.091,0.238,0.097,0.145,0.556,-0.434,-0.434,1.384,0.0,0.556,0.369,0.187,0.556,0.369,0.187,1.471,1.035,1.461,-0.077,1.384,17936,8967,8969
2224,Jamaal Tinsley,2005,0.298,-0.1,0.398,0.29,0.242,0.048,-0.022,0.272,-0.294,0.13,0.014,0.116,0.609,0.528,0.079,0.365,0.191,0.191,1.272,1.463,0.0,0.365,-0.431,0.796,0.365,-0.431,0.796,1.194,0.709,-0.703,0.137,-0.84,-0.719,-0.048,-0.671,-0.258,-0.107,-0.151,0.137,0.023,0.114,-0.607,-0.359,-0.247,0.85,0.363,0.363,-0.46,-0.097,0.0,0.85,0.395,0.455,0.85,0.395,0.455,0.111,-0.414,-0.406,0.037,-0.443,-0.429,0.194,-0.623,-0.28,0.165,-0.445,0.266,0.037,0.229,0.001,0.17,-0.168,1.215,0.554,0.554,1.366,0.0,1.215,-0.036,1.251,1.215,-0.036,1.251,1.305,0.296,1.463,-0.097,1.366,31575,15799,15776
57,Doug Christie,2005,0.426,-0.264,0.69,0.324,0.217,0.107,0.09,0.232,-0.142,0.276,-0.027,0.303,0.633,0.207,0.423,-0.108,-0.594,-0.594,0.951,0.357,0.0,-0.108,0.022,-0.13,-0.108,0.022,-0.13,0.079,0.124,0.146,0.085,0.061,-0.445,-0.269,-0.176,-0.215,-0.161,-0.054,0.721,-0.003,0.724,0.06,0.059,-0.001,0.676,0.124,0.124,0.882,1.006,0.0,0.676,0.499,0.177,0.676,0.499,0.177,1.551,-0.1,0.572,-0.179,0.751,-0.121,-0.052,-0.069,-0.125,0.071,-0.196,0.997,-0.03,1.027,0.693,0.266,0.422,0.568,-0.47,-0.47,1.363,0.001,0.568,0.521,0.047,0.568,0.521,0.047,1.629,0.025,0.357,1.006,1.364,66552,33317,33235
2403,Nene,2005,0.786,0.144,0.642,0.998,0.527,0.471,0.237,-0.032,0.269,-0.593,-0.167,-0.426,-0.695,-0.11,-0.586,-1.31,-0.139,-0.139,-1.219,-1.358,-0.0,-1.31,-0.465,-0.845,-1.31,-0.465,-0.845,-0.34,1.462,-0.249,-0.203,-0.046,-0.854,-0.095,-0.759,0.091,0.061,0.03,0.717,0.038,0.679,0.088,0.18,-0.094,1.394,1.443,1.443,1.233,2.676,0.0,1.394,0.517,0.877,1.394,0.517,0.877,1.146,-0.071,0.533,-0.059,0.592,0.143,0.432,-0.289,0.327,0.029,0.298,0.122,-0.13,0.252,-0.607,0.07,-0.68,0.084,1.304,1.304,1.318,-0.001,0.084,0.052,0.032,0.084,0.052,0.032,0.806,1.392,-1.358,2.676,1.317,24222,12118,12104
2592,James Jones,2005,0.401,-0.194,0.595,-0.373,-0.24,-0.133,0.577,0.067,0.51,0.391,0.094,0.297,0.525,-0.072,0.597,0.075,-0.275,-0.275,1.001,0.726,-0.0,0.075,-0.192,0.267,0.075,-0.192,0.267,-2.335,-0.993,0.735,0.062,0.673,0.677,-0.012,0.689,-0.357,-0.123,-0.234,0.353,-0.01,0.363,-0.18,-0.316,0.139,-0.136,0.168,0.168,0.419,0.587,0.0,-0.136,0.238,-0.374,-0.136,0.238,-0.374,1.336,0.328,1.136,-0.132,1.268,0.304,-0.252,0.556,0.22,-0.056,0.276,0.744,0.084,0.66,0.345,-0.388,0.736,-0.061,-0.107,-0.107,1.313,-0.0,-0.061,0.046,-0.107,-0.061,0.046,-0.107,-0.999,-0.665,0.726,0.587,1.313,6286,3132,3154
56,Gary Payton,2005,0.143,-0.124,0.267,0.333,0.297,0.036,0.182,0.191,-0.009,-0.248,0.029,-0.277,-0.49,-0.199,-0.292,1.523,0.304,0.304,1.176,1.48,0.0,1.523,0.868,0.655,1.523,0.868,0.655,1.503,0.401,-0.189,0.063,-0.252,-0.16,-0.045,-0.115,-0.132,-0.096,-0.036,0.04,-0.066,0.106,0.131,0.196,-0.065,0.158,-0.289,-0.289,0.1,-0.189,-0.0,0.158,0.252,-0.094,0.158,0.252,-0.094,-1.682,-0.527,-0.045,-0.061,0.016,0.174,0.253,-0.079,0.05,0.095,-0.045,-0.208,-0.037,-0.171,-0.359,-0.002,-0.357,1.68,0.015,0.015,1.291,0.0,1.68,1.12,0.56,1.68,1.12,0.56,-0.179,-0.126,1.48,-0.189,1.291,76631,38383,38248
2754,Tony Allen,2005,0.017,-0.295,0.312,1.151,0.657,0.494,-0.279,0.282,-0.561,-0.56,-0.178,-0.382,0.093,-0.029,0.122,-0.521,0.33,0.33,-0.411,-0.081,0.0,-0.521,0.062,-0.583,-0.521,0.062,-0.583,-2.063,0.598,0.56,0.068,0.492,-0.079,-0.145,0.066,-0.346,-0.199,-0.147,0.917,0.033,0.884,-0.368,-0.523,0.156,0.626,0.55,0.55,0.818,1.368,0.0,0.626,0.492,0.134,0.626,0.492,0.134,0.627,-0.331,0.576,-0.227,0.803,1.072,0.512,0.56,-0.626,0.082,-0.708,0.357,-0.145,0.502,-0.275,-0.552,0.278,0.105,0.881,0.881,1.287,-0.0,0.105,0.553,-0.448,0.105,0.553,-0.448,-1.436,0.268,-0.081,1.368,1.287,5249,2606,2643
2229,Mike James,2005,0.408,-0.242,0.65,-0.123,-0.095,-0.028,0.545,0.257,0.288,0.228,0.192,0.036,-0.576,-0.343,-0.235,0.491,0.208,0.208,0.323,0.531,0.0,0.491,0.425,0.066,0.491,0.425,0.066,0.628,-0.225,0.468,0.055,0.413,0.306,0.073,0.233,0.148,-0.083,0.231,-0.041,-0.009,-0.032,-0.397,-0.495,0.102,0.344,0.334,0.334,0.415,0.749,0.0,0.344,0.353,-0.009,0.344,0.353,-0.009,0.985,0.223,0.873,-0.187,1.06,0.181,-0.023,0.204,0.692,0.174,0.518,0.187,0.183,0.004,-0.973,-0.837,-0.133,0.835,0.541,0.541,1.28,0.0,0.835,0.778,0.057,0.835,0.778,0.057,1.613,-0.003,0.531,0.749,1.28,23312,11673,11639
461,Popeye Jones,2005,-0.625,0.02,-0.645,-0.227,-0.465,0.238,-0.34,-0.5,0.16,-0.078,-0.132,0.054,-0.049,-0.138,0.089,0.334,1.859,1.859,-0.34,1.519,0.0,0.334,0.003,0.331,0.334,0.003,0.331,0.875,-0.224,-0.759,-0.108,-0.651,-0.786,0.284,-1.07,0.317,0.157,0.16,-0.182,-0.034,-0.148,0.182,0.246,-0.066,-0.091,0.428,0.428,-0.668,-0.24,-0.0,-0.091,-0.357,0.266,-0.091,-0.357,0.266,-0.531,-0.025,-1.383,-0.088,-1.295,-1.013,-0.181,-0.832,-0.022,-0.342,0.32,-0.26,-0.166,-0.094,0.133,0.108,0.023,0.242,2.287,2.287,1.279,0.0,0.242,-0.354,0.596,0.242,-0.354,0.596,0.344,-0.249,1.519,-0.24,1.279,11676,5831,5845
2768,Chris Duhon,2005,-1.918,-0.133,-1.785,-0.673,0.163,-0.836,-0.632,0.269,-0.901,-0.48,0.136,-0.616,-0.428,-0.463,0.034,0.471,1.512,1.512,-1.875,-0.363,0.0,0.471,0.21,0.261,0.471,0.21,0.261,1.383,0.418,-0.102,0.136,-0.238,-0.164,0.143,-0.307,0.297,0.074,0.223,-0.371,-0.001,-0.37,0.053,0.127,-0.073,0.979,0.703,0.703,0.93,1.633,0.0,0.979,0.523,0.456,0.979,0.523,0.456,-0.157,0.0,-2.022,0.003,-2.025,-0.838,0.306,-1.144,-0.335,0.343,-0.678,-0.852,0.135,-0.987,-0.375,-0.336,-0.039,1.45,2.215,2.215,1.27,0.0,1.45,0.733,0.717,1.45,0.733,0.717,1.226,0.418,-0.363,1.633,1.27,8846,4417,4429
469,Jamal Mashburn,2005,-0.457,-0.143,-0.314,-0.595,-0.285,-0.31,-0.611,-0.295,-0.316,0.892,-0.041,0.933,-0.357,-0.364,0.006,0.73,0.205,0.205,-0.084,0.121,0.0,0.73,0.455,0.275,0.73,0.455,0.275,-0.678,-0.563,0.468,0.505,-0.037,-0.17,-0.24,0.07,-0.057,-0.053,-0.004,0.19,0.106,0.084,0.179,0.002,0.176,-0.335,0.817,0.817,0.312,1.129,0.0,-0.335,0.313,-0.648,-0.335,0.313,-0.648,1.822,-0.035,0.011,0.362,-0.351,-0.765,-0.525,-0.24,-0.668,-0.348,-0.32,1.082,0.065,1.017,-0.178,-0.362,0.182,0.395,1.022,1.022,1.25,0.0,0.395,0.768,-0.373,0.395,0.768,-0.373,1.145,-0.598,0.121,1.129,1.25,46368,23201,23167
1749,Cuttino Mobley,2005,2.055,-0.093,2.148,-0.028,-0.122,0.094,0.42,0.3,0.12,1.756,0.204,1.552,0.512,0.217,0.295,0.811,-1.126,-1.126,3.378,2.252,-0.0,0.811,0.261,0.55,0.811,0.261,0.55,-1.316,-0.827,0.146,-0.01,0.156,-0.06,0.036,-0.096,0.362,0.149,0.213,-0.146,0.098,-0.244,-0.131,-0.118,-0.013,-0.533,-0.487,-0.487,-0.518,-1.005,0.0,-0.533,-0.34,-0.193,-0.533,-0.34,-0.193,1.365,0.206,2.201,-0.103,2.304,-0.088,-0.086,-0.002,0.782,0.449,0.333,1.61,0.302,1.308,0.381,0.1,0.282,0.278,-1.613,-1.613,1.247,-0.0,0.278,-0.079,0.357,0.278,-0.079,0.357,0.049,-0.621,2.252,-1.005,1.247,66249,33146,33103
1885,Lamar Odom,2005,0.531,0.104,0.427,0.04,0.56,-0.52,0.665,0.496,0.169,-0.278,0.072,-0.35,0.176,0.352,-0.175,-0.557,0.197,0.197,0.15,0.347,-0.0,-0.557,-0.025,-0.532,-0.557,-0.025,-0.532,-1.804,0.027,1.538,-0.113,1.651,0.711,0.13,0.581,0.774,0.17,0.604,0.166,-0.016,0.182,0.34,0.383,-0.043,-0.797,-0.191,-0.191,1.081,0.89,0.0,-0.797,-0.567,-0.23,-0.797,-0.567,-0.23,0.875,0.516,2.067,-0.009,2.076,0.75,0.69,0.06,1.438,0.666,0.772,-0.112,0.056,-0.168,0.516,0.735,-0.218,-1.354,0.006,0.006,1.237,0.0,-1.354,-0.592,-0.762,-1.354,-0.592,-0.762,-0.929,0.543,0.347,0.89,1.237,52907,26447,26460
1891,Jason Terry,2005,1.444,-0.065,1.509,-0.562,-0.279,-0.283,1.246,0.253,0.993,0.825,0.195,0.63,0.488,0.183,0.304,1.274,-0.519,-0.519,3.206,2.687,0.0,1.274,0.454,0.82,1.274,0.454,0.82,-0.88,-0.876,-0.772,-0.052,-0.72,-0.569,-0.221,-0.348,-0.074,-0.234,0.16,-0.077,-0.04,-0.037,-0.326,-0.206,-0.124,-0.087,-0.29,-0.29,-1.185,-1.475,0.0,-0.087,0.492,-0.579,-0.087,0.492,-0.579,0.472,-0.201,0.672,-0.117,0.789,-1.13,-0.499,-0.631,1.172,0.019,1.153,0.747,0.154,0.593,0.162,-0.024,0.18,1.187,-0.808,-0.808,1.212,0.0,1.187,0.946,0.241,1.187,0.946,0.241,-0.408,-1.078,2.687,-1.475,1.212,65009,32549,32460
762,Shawn Bradley,2005,-3.192,0.091,-3.283,-0.424,-0.226,-0.198,-0.907,-0.616,-0.291,-1.952,-0.215,-1.737,-0.24,-0.453,0.213,-0.481,0.803,0.803,-3.913,-3.11,0.0,-0.481,-0.563,0.082,-0.481,-0.563,0.082,-3.069,-0.309,3.518,-0.047,3.565,2.492,0.473,2.019,0.414,0.181,0.233,0.659,-0.171,0.83,0.745,0.468,0.276,0.241,-0.204,-0.204,4.504,4.3,0.0,0.241,0.414,-0.173,0.241,0.414,-0.173,-0.817,1.176,0.327,0.044,0.283,2.068,0.247,1.821,-0.493,-0.435,-0.058,-1.292,-0.386,-0.906,0.505,0.015,0.489,-0.24,0.599,0.599,1.19,0.0,-0.24,-0.149,-0.091,-0.24,-0.149,-0.091,-3.886,0.867,-3.11,4.3,1.19,32459,16143,16316
699,Brent Barry,2005,2.104,-0.158,2.262,0.995,0.085,0.91,0.205,0.504,-0.299,1.062,0.325,0.737,-0.015,-0.212,0.201,0.17,-1.021,-1.021,2.259,1.238,0.0,0.17,-0.288,0.458,0.17,-0.288,0.458,2.84,0.356,-0.878,0.091,-0.969,-0.324,0.162,-0.486,-0.271,0.062,-0.333,-0.374,0.012,-0.386,-0.179,-0.015,-0.164,0.26,0.747,0.747,-0.797,-0.05,-0.0,0.26,0.506,-0.246,0.26,0.506,-0.246,1.491,0.332,1.224,-0.067,1.291,0.671,0.247,0.424,-0.068,0.565,-0.633,0.688,0.337,0.351,-0.193,-0.228,0.037,0.431,-0.274,-0.274,1.188,0.001,0.431,0.217,0.214,0.431,0.217,0.214,4.331,0.688,1.238,-0.05,1.189,53720,26941,26779
15,Eric Piatkowski,2005,1.022,-0.106,1.128,-0.167,0.074,-0.241,-0.19,0.46,-0.65,1.485,0.287,1.198,-0.137,-0.227,0.089,0.655,0.3,0.3,1.54,1.84,0.0,0.655,0.142,0.513,0.655,0.142,0.513,0.672,-0.129,0.038,0.16,-0.122,-0.67,-0.091,-0.579,0.612,-0.046,0.658,-0.064,0.041,-0.105,-0.106,-0.085,-0.019,-0.583,-0.008,-0.008,-0.651,-0.659,0.0,-0.583,-0.233,-0.35,-0.583,-0.233,-0.35,0.802,-0.347,1.06,0.054,1.006,-0.837,-0.017,-0.82,0.422,0.414,0.008,1.421,0.328,1.093,-0.243,-0.312,0.07,0.073,0.291,0.291,1.181,0.0,0.073,-0.091,0.164,0.073,-0.091,0.164,1.473,-0.477,1.84,-0.659,1.181,32388,16221,16167
2408,Melvin Ely,2005,-0.435,0.13,-0.565,-0.544,-0.129,-0.415,-0.718,-0.402,-0.316,0.697,-0.157,0.854,-0.496,-0.105,-0.392,0.491,1.079,1.079,-0.44,0.639,0.0,0.491,0.46,0.031,0.491,0.46,0.031,-1.105,-0.499,0.197,-0.067,0.264,-0.156,-0.08,-0.076,0.343,-0.001,0.344,0.077,-0.022,0.099,0.186,0.314,-0.13,-0.031,0.133,0.133,0.352,0.485,0.0,-0.031,-0.211,0.18,-0.031,-0.211,0.18,-0.446,-0.217,-0.239,0.063,-0.302,-0.7,-0.209,-0.491,-0.376,-0.403,0.027,0.774,-0.179,0.953,-0.31,0.209,-0.522,0.46,1.212,1.212,1.124,0.0,0.46,0.248,0.212,0.46,0.248,0.212,-1.552,-0.717,0.639,0.485,1.124,11115,5531,5584
1721,Keon Clark,2005,0.396,0.155,0.241,1.113,0.382,0.731,-0.839,-0.06,-0.779,-0.033,-0.136,0.103,-0.497,-0.05,-0.447,-0.813,0.56,0.56,-0.914,-0.354,-0.0,-0.813,-0.499,-0.314,-0.813,-0.499,-0.314,0.612,1.079,1.923,-0.067,1.99,0.64,0.201,0.439,1.267,0.133,1.134,0.083,-0.028,0.111,0.27,0.054,0.217,-0.11,-0.633,-0.633,2.083,1.45,-0.0,-0.11,-0.358,0.248,-0.11,-0.358,0.248,0.281,0.135,2.316,0.088,2.228,1.751,0.582,1.169,0.427,0.073,0.354,0.05,-0.164,0.214,-0.228,0.004,-0.231,-0.923,-0.073,-0.073,1.096,-0.0,-0.923,-0.857,-0.066,-0.923,-0.857,-0.066,0.893,1.215,-0.354,1.45,1.096,30654,15258,15396
1892,Trajan Langdon,2005,-0.313,-0.134,-0.179,0.06,-0.027,0.087,-0.679,0.228,-0.907,0.44,0.147,0.293,0.271,-0.163,0.435,-0.428,-0.08,-0.08,-0.47,-0.55,-0.0,-0.428,0.039,-0.467,-0.428,0.039,-0.467,0.111,-0.184,1.511,0.389,1.122,0.303,0.082,0.221,0.319,-0.113,0.432,0.5,0.038,0.462,-0.609,-0.552,-0.057,0.425,0.304,0.304,1.327,1.631,0.0,0.425,0.359,0.066,0.425,0.359,0.066,1.818,0.007,1.197,0.255,0.942,0.364,0.056,0.308,-0.361,0.115,-0.476,0.939,0.184,0.755,-0.338,-0.715,0.378,-0.003,0.224,0.224,1.081,-0.001,-0.003,0.398,-0.401,-0.003,0.398,-0.401,1.929,-0.177,-0.55,1.631,1.08,6693,3359,3334
2248,Earl Watson,2005,-0.089,-0.242,0.153,0.742,0.281,0.461,-0.502,0.258,-0.76,-0.087,0.021,-0.108,-0.284,0.031,-0.316,-0.217,-0.892,-0.892,-0.59,-1.482,0.0,-0.217,0.204,-0.421,-0.217,0.204,-0.421,0.29,0.304,0.98,0.029,0.951,0.755,0.04,0.715,0.082,-0.184,0.266,0.114,-0.112,0.226,-0.079,-0.062,-0.017,1.504,0.141,0.141,2.405,2.546,-0.0,1.504,0.418,1.086,1.504,0.418,1.086,1.512,0.547,0.892,-0.213,1.105,1.498,0.321,1.177,-0.42,0.074,-0.494,0.027,-0.091,0.118,-0.364,-0.031,-0.333,1.287,-0.751,-0.751,1.064,0.001,1.287,0.622,0.665,1.287,0.622,0.665,1.802,0.851,-1.482,2.546,1.065,21830,10923,10907
2045,Hedo Turkoglu,2005,-0.553,-0.203,-0.35,-0.332,-0.159,-0.173,-0.511,0.102,-0.613,0.493,0.002,0.491,0.308,0.595,-0.288,0.538,0.108,0.108,0.293,0.401,0.0,0.538,0.386,0.152,0.538,0.386,0.152,-3.027,-0.754,1.304,0.193,1.111,0.397,0.099,0.298,0.12,0.014,0.106,0.594,0.061,0.533,-0.503,-0.409,-0.091,-0.316,0.157,0.157,0.485,0.642,0.0,-0.316,-0.147,-0.169,-0.316,-0.147,-0.169,2.758,0.63,0.75,-0.01,0.76,0.065,-0.06,0.125,-0.392,0.116,-0.508,1.087,0.063,1.024,-0.196,0.187,-0.379,0.222,0.265,0.265,1.043,-0.001,0.222,0.239,-0.017,0.222,0.239,-0.017,-0.269,-0.124,0.401,0.642,1.042,35883,17945,17938
84,Latrell Sprewell,2005,0.592,-0.051,0.643,-0.232,-0.218,-0.014,0.345,0.1,0.245,0.53,0.162,0.368,0.275,-0.022,0.295,0.693,-0.813,-0.813,1.56,0.747,-0.0,0.693,0.208,0.485,0.693,0.208,0.485,-0.449,-0.453,1.053,0.105,0.948,-0.385,-0.126,-0.259,0.92,-0.039,0.959,0.413,0.042,0.371,0.031,-0.043,0.071,-0.391,-0.41,-0.41,0.693,0.283,0.0,-0.391,-0.109,-0.282,-0.391,-0.109,-0.282,0.947,-0.153,1.645,0.054,1.591,-0.617,-0.344,-0.273,1.265,0.061,1.204,0.943,0.204,0.739,0.306,-0.065,0.366,0.302,-1.223,-1.223,1.03,0.0,0.302,0.099,0.203,0.302,0.099,0.203,0.498,-0.606,0.747,0.283,1.03,72661,36349,36312
1711,Raef LaFrentz,2005,0.928,0.111,0.817,0.466,0.286,0.18,-0.182,0.08,-0.262,0.533,0.115,0.418,-0.94,-1.073,0.135,0.029,0.329,0.329,0.017,0.346,-0.0,0.029,-0.175,0.204,0.029,-0.175,0.204,2.825,0.926,0.704,-0.097,0.801,0.238,-0.243,0.481,0.324,0.122,0.202,0.239,0.085,0.154,0.51,0.475,0.039,-0.608,0.065,0.065,0.606,0.671,0.0,-0.608,-0.3,-0.308,-0.608,-0.3,-0.308,-1.127,-0.366,1.633,0.014,1.619,0.704,0.043,0.661,0.143,0.202,-0.059,0.772,0.2,0.572,-0.431,-0.598,0.173,-0.579,0.394,0.394,1.017,-0.0,-0.579,-0.474,-0.105,-0.579,-0.474,-0.105,1.698,0.56,0.346,0.671,1.017,47871,23931,23940
689,Theo Ratliff,2005,0.118,0.233,-0.115,0.861,-0.151,1.012,-0.605,-0.462,-0.143,-0.371,-0.095,-0.276,-0.815,-0.744,-0.07,-1.386,-0.324,-0.324,-2.083,-2.407,-0.0,-1.386,-0.467,-0.919,-1.386,-0.467,-0.919,-0.85,-0.024,2.869,-0.143,3.012,1.844,0.155,1.689,0.967,0.443,0.524,0.201,0.044,0.157,1.424,1.388,0.035,-0.783,-0.141,-0.141,3.51,3.369,0.0,-0.783,-0.619,-0.164,-0.783,-0.619,-0.164,-0.92,0.704,2.988,0.09,2.898,2.705,0.004,2.701,0.363,-0.018,0.381,-0.17,-0.051,-0.119,0.609,0.645,-0.035,-2.169,-0.465,-0.465,0.962,-0.0,-2.169,-1.087,-1.082,-2.169,-1.087,-1.082,-1.77,0.68,-2.407,3.369,0.962,40867,20416,20451
1760,Derrick Dial,2005,-0.322,-0.424,0.102,-0.128,-0.154,0.026,0.199,-0.248,0.447,0.031,-0.112,0.143,-0.694,-0.386,-0.307,0.878,0.097,0.097,-0.138,-0.041,0.0,0.878,0.503,0.375,0.878,0.503,0.375,-2.204,-0.78,0.798,0.187,0.611,0.105,-0.093,0.198,-0.148,-0.114,-0.034,0.654,-0.001,0.655,0.052,0.034,0.018,-0.271,0.397,0.397,0.579,0.976,-0.0,-0.271,-0.23,-0.041,-0.271,-0.23,-0.041,1.036,-0.03,0.476,-0.237,0.713,-0.023,-0.247,0.224,0.051,-0.362,0.413,0.685,-0.113,0.798,-0.642,-0.352,-0.289,0.607,0.494,0.494,0.935,-0.001,0.607,0.272,0.335,0.607,0.272,0.335,-1.167,-0.81,-0.041,0.976,0.934,2563,1281,1282
2207,Joe Johnson,2005,1.12,-0.032,1.152,-0.067,-0.073,0.006,0.58,0.201,0.379,0.639,0.19,0.449,-0.448,-0.507,0.058,0.888,-0.261,-0.261,1.56,1.299,0.0,0.888,0.385,0.503,0.888,0.385,0.503,0.645,-0.405,0.649,0.121,0.528,0.293,0.014,0.279,0.535,-0.069,0.604,-0.3,-0.082,-0.218,0.237,0.305,-0.067,-0.351,-0.916,-0.916,0.535,-0.381,0.0,-0.351,-0.181,-0.17,-0.351,-0.181,-0.17,-0.262,0.051,1.767,0.089,1.678,0.225,-0.06,0.285,1.115,0.131,0.984,0.338,0.108,0.23,-0.211,-0.202,-0.009,0.537,-1.177,-1.177,0.918,0.0,0.537,0.204,0.333,0.537,0.204,0.333,0.383,-0.354,1.299,-0.381,0.918,43356,21662,21694
693,Joe Smith,2005,-1.048,0.113,-1.161,-0.418,-0.229,-0.189,-0.599,-0.625,0.026,-0.144,-0.281,0.137,0.114,-0.237,0.352,-0.066,1.335,1.335,-1.0,0.335,0.0,-0.066,-0.04,-0.026,-0.066,-0.04,-0.026,-0.395,-0.451,-0.241,-0.181,-0.06,-0.083,0.073,-0.156,-0.162,0.06,-0.222,0.185,-0.055,0.24,0.282,0.163,0.118,-0.247,0.787,0.787,-0.206,0.581,0.0,-0.247,-0.42,0.173,-0.247,-0.42,0.173,-1.587,-0.176,-1.289,-0.068,-1.221,-0.501,-0.156,-0.345,-0.761,-0.565,-0.196,0.041,-0.336,0.377,0.396,-0.074,0.47,-0.313,2.122,2.122,0.916,0.001,-0.313,-0.46,0.147,-0.313,-0.46,0.147,-1.982,-0.627,0.335,0.581,0.917,44838,22463,22375
935,Bryon Russell,2005,-1.203,-0.141,-1.062,-0.768,-0.311,-0.457,-0.397,0.088,-0.485,0.103,0.108,-0.005,0.703,0.27,0.431,0.659,-0.013,-0.013,0.159,0.146,0.0,0.659,0.084,0.575,0.659,0.084,0.575,-0.098,-0.747,0.051,0.062,-0.011,0.299,0.302,-0.003,-0.269,0.071,-0.34,-0.041,0.007,-0.048,-0.668,-0.581,-0.087,0.83,0.517,0.517,0.213,0.73,0.0,0.83,-0.121,0.951,0.83,-0.121,0.951,3.067,0.823,-1.151,-0.079,-1.072,-0.468,-0.009,-0.459,-0.666,0.159,-0.825,0.062,0.115,-0.053,0.034,-0.311,0.344,1.489,0.503,0.503,0.876,0.0,1.489,-0.037,1.526,1.489,-0.037,1.526,2.97,0.077,0.146,0.73,0.876,42711,21347,21364
954,Kerry Kittles,2005,0.913,-0.118,1.031,0.688,0.226,0.462,0.24,0.254,-0.014,0.103,0.146,-0.043,-0.512,-0.515,0.004,0.356,0.024,0.024,0.757,0.781,0.0,0.356,-0.205,0.561,0.356,-0.205,0.561,3.238,0.979,-0.503,0.134,-0.637,-0.42,-0.201,-0.219,-0.331,0.054,-0.385,0.114,0.058,0.056,0.508,0.459,0.048,0.006,0.079,0.079,0.011,0.09,-0.0,0.006,-0.056,0.062,0.006,-0.056,0.062,0.131,-0.401,0.41,0.016,0.394,0.267,0.024,0.243,-0.09,0.308,-0.398,0.217,0.204,0.013,-0.004,-0.056,0.052,0.361,0.103,0.103,0.871,0.0,0.361,-0.262,0.623,0.361,-0.262,0.623,3.368,0.578,0.781,0.09,0.871,42584,21348,21236
353,Darrell Armstrong,2005,-0.14,0.083,-0.223,0.169,-0.027,0.196,0.014,0.451,-0.437,-0.406,0.316,-0.722,0.448,0.158,0.29,0.399,0.126,0.126,0.707,0.833,-0.0,0.399,0.121,0.278,0.399,0.121,0.278,0.029,-0.174,-0.687,0.265,-0.952,-1.104,-0.03,-1.074,0.186,-0.166,0.352,-0.034,-0.015,-0.019,-0.409,-0.428,0.019,1.379,-0.245,-0.245,0.283,0.038,0.0,1.379,0.975,0.404,1.379,0.975,0.404,0.193,-0.541,-0.827,0.348,-1.175,-0.935,-0.057,-0.878,0.199,0.284,-0.085,-0.439,0.302,-0.741,0.039,-0.27,0.31,1.778,-0.119,-0.119,0.871,0.0,1.778,1.096,0.682,1.778,1.096,0.682,0.222,-0.715,0.833,0.038,0.871,55859,27993,27866
711,Jerry Stackhouse,2005,1.444,-0.055,1.499,0.419,0.126,0.293,0.124,0.484,-0.36,0.956,0.099,0.857,1.504,1.123,0.381,0.322,-0.776,-0.776,3.27,2.494,0.0,0.322,0.174,0.148,0.322,0.174,0.148,-0.426,0.027,-0.853,-0.038,-0.815,-0.011,-0.086,0.075,-0.626,-0.131,-0.495,-0.178,-0.021,-0.157,-0.15,-0.266,0.116,0.012,-0.639,-0.639,-0.991,-1.63,0.0,0.012,0.343,-0.331,0.012,0.343,-0.331,-0.687,-0.184,0.592,-0.093,0.685,0.408,0.04,0.368,-0.501,0.354,-0.855,0.778,0.078,0.7,1.355,0.858,0.497,0.334,-1.415,-1.415,0.864,0.0,0.334,0.517,-0.183,0.334,0.517,-0.183,-1.113,-0.157,2.494,-1.63,0.864,58008,29022,28986
979,Jermaine O'Neal,2005,-0.534,0.208,-0.742,0.323,-0.335,0.658,-0.519,-0.583,0.064,-0.546,-0.195,-0.351,-0.559,-0.124,-0.435,-0.34,0.633,0.633,-1.433,-0.8,0.0,-0.34,-0.134,-0.206,-0.34,-0.134,-0.206,2.148,0.298,2.842,-0.237,3.079,1.505,0.316,1.189,1.33,0.436,0.894,0.244,0.038,0.206,0.607,0.671,-0.063,-0.944,-0.854,-0.854,2.505,1.651,0.0,-0.944,-0.547,-0.397,-0.944,-0.547,-0.397,0.132,0.767,2.308,-0.029,2.337,1.829,-0.019,1.848,0.811,-0.147,0.958,-0.303,-0.158,-0.145,0.048,0.546,-0.498,-1.284,-0.221,-0.221,0.851,0.0,-1.284,-0.681,-0.603,-1.284,-0.681,-0.603,2.281,1.065,-0.8,1.651,0.851,54637,27347,27290
2405,Amar'e Stoudemire,2005,2.303,0.205,2.098,0.779,0.192,0.587,-0.012,0.148,-0.16,1.331,-0.024,1.355,0.393,0.67,-0.279,-0.739,0.369,0.369,1.957,2.326,0.0,-0.739,-0.21,-0.529,-0.739,-0.21,-0.529,0.147,0.536,-0.541,-0.139,-0.402,-0.477,-0.279,-0.198,-0.883,-0.07,-0.813,0.958,-0.053,1.011,0.615,0.856,-0.242,-0.429,-1.123,-1.123,-0.355,-1.478,0.0,-0.429,-0.139,-0.29,-0.429,-0.139,-0.29,-1.456,-0.529,1.762,0.066,1.696,0.302,-0.087,0.389,-0.894,0.078,-0.972,2.288,-0.077,2.365,1.008,1.526,-0.521,-1.168,-0.754,-0.754,0.848,0.001,-1.168,-0.349,-0.819,-1.168,-0.349,-0.819,-1.309,0.007,2.326,-1.478,0.849,32054,16035,16019
722,Corliss Williamson,2005,-0.578,0.003,-0.581,0.64,0.446,0.194,-0.294,0.14,-0.434,-0.927,-0.099,-0.828,0.273,0.37,-0.096,-0.622,0.946,0.946,-0.927,0.019,-0.0,-0.622,-0.622,0.0,-0.622,-0.622,0.0,-0.339,1.14,0.899,-0.025,0.924,0.212,0.129,0.083,0.417,0.126,0.291,0.295,0.046,0.249,-0.19,-0.305,0.112,-0.045,0.155,0.155,0.664,0.819,-0.0,-0.045,-0.082,0.037,-0.045,-0.082,0.037,1.63,0.423,0.319,-0.022,0.341,0.851,0.575,0.276,0.122,0.265,-0.143,-0.632,-0.053,-0.579,0.083,0.065,0.016,-0.667,1.101,1.101,0.838,-0.0,-0.667,-0.704,0.037,-0.667,-0.704,0.037,1.291,1.563,0.019,0.819,0.838,42311,21180,21131
2032,Darius Miles,2005,0.76,-0.008,0.768,1.546,0.522,1.024,-0.428,0.07,-0.498,-0.35,-0.205,-0.145,-0.508,0.34,-0.847,-0.817,-0.765,-0.765,-0.565,-1.33,0.0,-0.817,-0.469,-0.348,-0.817,-0.469,-0.348,-0.789,1.226,2.829,0.055,2.774,1.254,0.001,1.253,0.322,-0.008,0.33,1.198,-0.024,1.222,0.339,0.261,0.076,0.036,-1.082,-1.082,3.204,2.122,0.0,0.036,0.293,-0.257,0.036,0.293,-0.257,0.899,0.185,3.588,0.047,3.541,2.8,0.523,2.277,-0.107,0.062,-0.169,0.848,-0.229,1.077,-0.169,0.6,-0.771,-0.781,-1.847,-1.847,0.792,0.0,-0.781,-0.176,-0.605,-0.781,-0.176,-0.605,0.109,1.411,-1.33,2.122,0.792,38357,19125,19232
1477,Bruce Bowen,2005,-0.315,-0.153,-0.162,-0.051,0.133,-0.184,-0.675,0.141,-0.816,0.564,0.023,0.541,-0.404,-0.038,-0.367,-0.275,-0.672,-0.672,-0.994,-1.666,0.0,-0.275,0.015,-0.29,-0.275,0.015,-0.29,-2.422,-0.341,1.895,0.109,1.786,0.583,-0.116,0.699,0.602,0.019,0.583,0.601,0.039,0.562,0.416,0.342,0.074,0.613,-0.475,-0.475,2.924,2.449,0.0,0.613,-0.14,0.753,0.613,-0.14,0.753,3.682,0.547,1.58,-0.044,1.624,0.532,0.017,0.515,-0.074,0.159,-0.233,1.166,0.062,1.104,0.012,0.303,-0.293,0.339,-1.147,-1.147,0.783,0.001,0.339,-0.125,0.464,0.339,-0.125,0.464,1.26,0.206,-1.666,2.449,0.784,56455,28139,28316
197,Scott Burrell,2005,0.54,-0.056,0.596,-0.448,-0.289,-0.159,0.306,0.273,0.033,0.738,0.325,0.413,-0.487,-0.468,-0.016,0.606,-1.067,-1.067,0.659,-0.408,-0.0,0.606,0.404,0.202,0.606,0.404,0.202,0.628,-0.715,0.362,0.104,0.258,0.209,0.035,0.174,0.19,-0.086,0.276,-0.141,-0.01,-0.131,-0.207,-0.293,0.086,0.672,0.361,0.361,0.827,1.188,-0.0,0.672,0.312,0.36,0.672,0.312,0.36,1.118,0.192,0.9,0.048,0.852,-0.239,-0.254,0.015,0.495,0.187,0.308,0.596,0.315,0.281,-0.694,-0.761,0.07,1.277,-0.706,-0.706,0.78,-0.0,1.277,0.716,0.561,1.277,0.716,0.561,1.746,-0.523,-0.408,1.188,0.78,5407,2694,2713
896,Tim Hardaway,2005,0.538,-0.232,0.77,-0.61,-0.219,-0.391,1.406,0.581,0.825,-0.026,0.467,-0.493,0.231,-0.076,0.307,1.082,-0.257,-0.257,1.851,1.594,0.0,1.082,0.309,0.773,1.082,0.309,0.773,1.085,0.028,-0.265,-0.064,-0.201,-0.101,0.236,-0.337,-0.197,-0.076,-0.121,0.097,-0.135,0.232,-0.177,-0.203,0.024,-0.062,-0.321,-0.321,-0.504,-0.825,0.0,-0.062,0.069,-0.131,-0.062,0.069,-0.131,0.195,0.007,0.273,-0.296,0.569,-0.711,0.017,-0.728,1.209,0.505,0.704,0.071,0.332,-0.261,0.054,-0.279,0.33,1.019,-0.579,-0.579,0.769,-0.001,1.019,0.378,0.641,1.019,0.378,0.641,1.281,0.036,1.594,-0.825,0.768,23289,11663,11626
905,Dale Davis,2005,-0.613,0.234,-0.847,0.056,-0.545,0.601,-0.745,-0.604,-0.141,-0.158,-0.037,-0.121,-0.67,-0.8,0.131,-0.22,1.418,1.418,-1.503,-0.085,-0.0,-0.22,0.073,-0.293,-0.22,0.073,-0.293,0.512,-0.384,1.262,-0.197,1.459,0.557,0.302,0.255,0.302,0.524,-0.222,0.6,0.041,0.559,1.053,1.123,-0.072,-0.601,-0.866,-0.866,1.714,0.848,0.0,-0.601,-0.09,-0.511,-0.601,-0.09,-0.511,-1.786,0.208,0.65,0.037,0.613,0.613,-0.243,0.856,-0.442,-0.079,-0.363,0.442,0.004,0.438,0.383,0.323,0.059,-0.821,0.552,0.552,0.763,0.001,-0.821,-0.017,-0.804,-0.821,-0.017,-0.804,-1.275,-0.176,-0.085,0.848,0.764,48529,24232,24297
937,Scottie Pippen,2005,0.461,-0.152,0.613,0.231,0.241,-0.01,0.696,0.395,0.301,-0.314,0.12,-0.434,0.378,0.343,0.036,0.046,-0.471,-0.471,0.885,0.414,-0.0,0.046,0.065,-0.019,0.046,0.065,-0.019,0.315,0.342,-0.47,0.045,-0.515,0.091,0.01,0.081,0.068,-0.214,0.282,-0.674,-0.132,-0.542,-0.187,-0.226,0.04,0.379,0.615,0.615,-0.278,0.337,0.0,0.379,0.27,0.109,0.379,0.27,0.109,0.009,0.301,-0.01,-0.107,0.097,0.323,0.252,0.071,0.763,0.18,0.583,-0.989,-0.012,-0.977,0.191,0.117,0.076,0.425,0.144,0.144,0.751,0.0,0.425,0.335,0.09,0.425,0.335,0.09,0.324,0.643,0.414,0.337,0.751,37329,18668,18661
51,Mahmoud Abdul-Rauf,2005,-0.329,0.054,-0.383,-0.693,-0.676,-0.017,0.051,-0.621,0.672,0.259,-0.099,0.358,-0.528,-0.603,0.076,1.268,0.517,0.517,0.411,0.928,0.0,1.268,0.692,0.576,1.268,0.692,0.576,1.616,-0.686,-0.176,0.125,-0.301,0.042,0.095,-0.053,0.213,-0.065,0.278,-0.556,0.016,-0.572,-0.337,-0.322,-0.013,0.166,0.156,0.156,-0.347,-0.191,-0.0,0.166,-0.2,0.366,0.166,-0.2,0.366,-0.385,0.073,-0.504,0.179,-0.683,-0.651,-0.581,-0.07,0.265,-0.686,0.951,-0.297,-0.083,-0.214,-0.865,-0.925,0.062,1.434,0.673,0.673,0.737,-0.0,1.434,0.492,0.942,1.434,0.492,0.942,1.231,-0.613,0.928,-0.191,0.737,1799,897,902
2555,Nick Collison,2005,-2.36,-0.053,-2.307,-0.824,-0.003,-0.821,-0.417,0.04,-0.457,-1.066,-0.002,-1.064,0.152,-0.061,0.213,-0.136,1.539,1.539,-2.344,-0.805,-0.0,-0.136,0.34,-0.476,-0.136,0.34,-0.476,-2.435,0.216,1.814,-0.019,1.833,0.372,0.273,0.099,0.777,-0.026,0.803,0.684,-0.041,0.725,-0.396,-0.578,0.179,0.131,-0.041,-0.041,1.549,1.508,-0.0,0.131,-0.157,0.288,0.131,-0.157,0.288,1.221,0.353,-0.545,-0.072,-0.473,-0.451,0.27,-0.721,0.36,0.015,0.345,-0.382,-0.043,-0.339,-0.245,-0.639,0.392,-0.005,1.498,1.498,0.703,-0.0,-0.005,0.183,-0.188,-0.005,0.183,-0.188,-1.214,0.569,-0.805,1.508,0.703,5972,2972,3000
703,Kurt Thomas,2005,0.265,0.207,0.058,-0.118,-0.281,0.163,0.659,-0.579,1.238,-0.483,-0.171,-0.312,-0.352,-0.752,0.399,0.101,0.634,0.634,0.014,0.648,0.0,0.101,-0.05,0.151,0.101,-0.05,0.151,1.405,-0.416,-0.353,-0.092,-0.261,0.414,0.144,0.27,-0.5,0.059,-0.559,-0.175,-0.009,-0.166,0.038,-0.085,0.121,-0.124,0.493,0.493,-0.439,0.054,0.0,-0.124,-0.177,0.053,-0.124,-0.177,0.053,0.035,0.413,-0.088,0.115,-0.203,0.296,-0.136,0.432,0.159,-0.52,0.679,-0.658,-0.18,-0.478,-0.314,-0.836,0.521,-0.023,1.127,1.127,0.702,0.0,-0.023,-0.227,0.204,-0.023,-0.227,0.204,1.44,-0.003,0.648,0.054,0.702,57680,28823,28857
2046,Desmond Mason,2005,0.987,-0.034,1.021,0.068,0.117,-0.049,1.138,-0.228,1.366,-0.185,-0.278,0.093,0.735,0.407,0.326,0.35,-0.127,-0.127,2.072,1.945,0.0,0.35,0.262,0.088,0.35,0.262,0.088,-0.797,-0.08,-0.807,-0.058,-0.749,0.058,0.005,0.053,-0.243,-0.113,-0.13,-0.564,-0.032,-0.532,-0.293,-0.236,-0.057,0.061,-0.206,-0.206,-1.039,-1.245,0.0,0.061,-0.143,0.204,0.061,-0.143,0.204,0.499,0.148,0.181,-0.092,0.273,0.126,0.122,0.004,0.896,-0.341,1.237,-0.749,-0.31,-0.439,0.442,0.171,0.268,0.411,-0.333,-0.333,0.7,-0.001,0.411,0.119,0.292,0.411,0.119,0.292,-0.297,0.068,1.945,-1.245,0.699,48044,24036,24008
714,Michael Finley,2005,0.715,0.049,0.666,-0.57,-0.323,-0.247,0.784,-0.255,1.039,0.452,0.057,0.395,-0.284,-0.638,0.357,0.838,-0.152,-0.152,1.269,1.117,0.0,0.838,-0.247,1.085,0.838,-0.247,1.085,-0.168,-0.798,0.124,-0.017,0.141,-0.429,-0.367,-0.062,0.297,-0.169,0.466,0.273,0.049,0.224,-0.165,-0.123,-0.041,0.207,-0.591,-0.591,0.166,-0.425,0.0,0.207,0.244,-0.037,0.207,0.244,-0.037,1.537,-0.196,0.839,0.032,0.807,-0.999,-0.69,-0.309,1.081,-0.424,1.505,0.725,0.106,0.619,-0.449,-0.761,0.316,1.045,-0.742,-0.742,0.692,0.0,1.045,-0.003,1.048,1.045,-0.003,1.048,1.368,-0.994,1.117,-0.425,0.692,76243,38143,38100
1073,Reggie Slater,2005,0.626,0.029,0.597,0.114,0.337,-0.223,0.359,0.098,0.261,0.124,-0.095,0.219,-0.381,-0.09,-0.29,0.456,0.959,0.959,0.701,1.66,-0.0,0.456,0.21,0.246,0.456,0.21,0.246,1.003,0.962,-0.524,0.077,-0.601,-0.407,0.035,-0.442,-0.148,0.01,-0.158,-0.046,-0.011,-0.035,0.177,0.12,0.057,-0.393,-0.231,-0.231,-0.74,-0.971,0.0,-0.393,0.0,-0.393,-0.393,0.0,-0.393,-1.107,-0.338,0.103,0.106,-0.003,-0.293,0.373,-0.666,0.211,0.108,0.103,0.079,-0.105,0.184,-0.204,0.03,-0.233,0.063,0.728,0.728,0.689,-0.001,0.063,0.21,-0.147,0.063,0.21,-0.147,-0.104,0.625,1.66,-0.971,0.688,3501,1748,1753
1710,Mike Bibby,2005,2.275,-0.189,2.464,0.337,-0.252,0.589,1.182,0.03,1.152,0.945,0.042,0.903,0.122,0.121,-0.001,1.261,-1.063,-1.063,3.658,2.595,0.0,1.261,0.381,0.88,1.261,0.381,0.88,4.718,0.148,-0.88,0.17,-1.05,-0.644,-0.051,-0.593,-0.44,-0.0,-0.44,0.034,0.037,-0.003,0.101,0.104,-0.002,-0.574,-0.567,-0.567,-1.353,-1.92,0.0,-0.574,-0.311,-0.263,-0.574,-0.311,-0.263,-0.45,-0.355,1.396,-0.019,1.415,-0.307,-0.303,-0.004,0.743,0.03,0.713,0.979,0.079,0.9,0.223,0.225,-0.003,0.687,-1.63,-1.63,0.675,0.001,0.687,0.071,0.616,0.687,0.071,0.616,4.268,-0.206,2.595,-1.92,0.676,72997,36546,36451
2101,Paul McPherson,2005,-0.067,-0.147,0.08,0.373,-0.035,0.408,0.408,0.04,0.368,-0.701,-0.033,-0.668,0.171,0.297,-0.124,0.12,1.051,1.051,0.224,1.275,0.0,0.12,0.228,-0.108,0.12,0.228,-0.108,-2.441,0.055,-0.472,0.214,-0.686,-0.224,0.067,-0.291,-0.83,-0.162,-0.668,0.368,-0.007,0.375,-0.315,-0.397,0.081,0.365,-0.19,-0.19,-0.422,-0.612,-0.0,0.365,0.151,0.214,0.365,0.151,0.214,0.72,0.116,-0.539,0.067,-0.606,0.148,0.032,0.116,-0.422,-0.122,-0.3,-0.332,-0.04,-0.292,-0.143,-0.1,-0.043,0.485,0.861,0.861,0.663,0.0,0.485,0.379,0.106,0.485,0.379,0.106,-1.721,0.171,1.275,-0.612,0.663,2309,1148,1161
2365,Chris Andersen,2005,0.146,0.197,-0.051,0.56,0.251,0.309,-0.025,-0.009,-0.016,-0.586,-0.1,-0.486,-0.034,0.453,-0.487,-0.925,0.218,0.218,-0.813,-0.595,0.0,-0.925,-0.61,-0.315,-0.925,-0.61,-0.315,-1.49,0.481,1.747,0.014,1.733,1.151,-0.155,1.306,0.576,-0.011,0.587,0.006,0.007,-0.001,0.392,0.315,0.076,0.131,-1.013,-1.013,2.27,1.257,-0.0,0.131,-0.081,0.212,0.131,-0.081,0.212,-0.01,0.025,1.893,0.211,1.682,1.711,0.096,1.615,0.551,-0.02,0.571,-0.58,-0.093,-0.487,0.358,0.768,-0.411,-0.793,-0.795,-0.795,0.662,-0.0,-0.793,-0.691,-0.102,-0.793,-0.691,-0.102,-1.5,0.507,-0.595,1.257,0.662,13695,6814,6881
1712,Antawn Jamison,2005,0.438,-0.086,0.524,0.907,-0.467,1.374,-0.634,-0.457,-0.177,0.251,-0.07,0.321,-0.144,-0.299,0.153,0.8,1.67,1.67,1.094,2.764,-0.0,0.8,0.264,0.536,0.8,0.264,0.536,2.711,0.289,-1.481,-0.14,-1.341,-1.129,-0.146,-0.983,-0.011,-0.057,0.046,-0.201,-0.038,-0.163,0.012,0.157,-0.146,-0.184,-0.454,-0.454,-1.653,-2.107,0.0,-0.184,-0.041,-0.143,-0.184,-0.041,-0.143,-1.297,-0.533,-1.044,-0.226,-0.818,-0.222,-0.613,0.391,-0.645,-0.514,-0.131,0.049,-0.108,0.157,-0.133,-0.142,0.008,0.616,1.215,1.215,0.657,0.0,0.616,0.223,0.393,0.616,0.223,0.393,1.414,-0.244,2.764,-2.107,0.657,65625,32799,32826
1953,Borrell,2005,0.55,0.105,0.445,0.546,0.035,0.511,-0.253,0.048,-0.301,0.152,0.011,0.141,-0.473,-0.14,-0.329,0.505,0.19,0.19,0.582,0.772,0.0,0.505,-0.152,0.657,0.505,-0.152,0.657,-0.344,0.032,-0.458,0.032,-0.49,0.184,0.026,0.158,-0.143,-0.087,-0.056,-0.531,-0.008,-0.523,-0.134,-0.18,0.044,0.234,0.206,0.206,-0.358,-0.152,0.0,0.234,0.156,0.078,0.234,0.156,0.078,-0.133,0.018,0.092,0.137,-0.045,0.729,0.06,0.669,-0.396,-0.039,-0.357,-0.378,0.004,-0.382,-0.607,-0.321,-0.285,0.739,0.396,0.396,0.62,0.0,0.739,0.004,0.735,0.739,0.004,0.735,-0.476,0.049,0.772,-0.152,0.62,746,372,374
2202,Jason Richardson,2005,1.567,0.055,1.512,1.514,0.103,1.411,0.175,0.244,-0.069,-0.177,0.088,-0.265,-0.098,0.119,-0.219,0.486,0.494,0.494,1.955,2.449,0.0,0.486,0.071,0.415,0.486,0.071,0.415,-0.865,0.017,-0.454,-0.094,-0.36,-0.764,0.161,-0.925,0.415,0.026,0.389,-0.011,-0.018,0.007,-0.052,-0.108,0.061,-0.787,-0.556,-0.556,-1.293,-1.849,0.0,-0.787,-0.384,-0.403,-0.787,-0.384,-0.403,-0.429,-0.171,1.109,-0.039,1.148,0.748,0.263,0.485,0.589,0.269,0.32,-0.189,0.069,-0.258,-0.15,0.01,-0.158,-0.3,-0.062,-0.062,0.6,0.001,-0.3,-0.314,0.014,-0.3,-0.314,0.014,-1.294,-0.154,2.449,-1.849,0.601,42634,21287,21347
2030,Kenyon Martin,2005,0.144,0.223,-0.079,1.273,0.29,0.983,-0.678,-0.146,-0.532,-0.674,-0.223,-0.451,-0.068,0.214,-0.284,-0.17,-0.756,-0.756,-0.094,-0.85,0.0,-0.17,0.028,-0.198,-0.17,0.028,-0.198,0.482,1.49,0.501,-0.114,0.615,0.182,0.092,0.09,0.29,0.058,0.232,0.143,-0.013,0.156,0.189,0.315,-0.127,-0.153,0.914,0.914,0.537,1.451,0.0,-0.153,-0.167,0.014,-0.153,-0.167,0.014,0.419,0.16,0.645,0.109,0.536,1.455,0.382,1.073,-0.388,-0.089,-0.299,-0.531,-0.236,-0.295,0.121,0.529,-0.411,-0.323,0.159,0.159,0.601,-0.001,-0.323,-0.139,-0.184,-0.323,-0.139,-0.184,0.9,1.651,-0.85,1.451,0.6,53559,26845,26714
2756,Sasha Vujacic,2005,0.12,0.036,0.084,-0.275,-0.07,-0.205,0.008,0.211,-0.203,0.351,0.162,0.189,-0.068,-0.319,0.252,0.078,0.528,0.528,0.13,0.658,0.0,0.078,-0.031,0.109,0.078,-0.031,0.109,0.972,-0.025,-0.266,0.114,-0.38,0.167,0.104,0.063,-0.286,-0.046,-0.24,-0.261,-0.026,-0.235,0.011,0.022,-0.01,0.147,0.03,0.03,-0.108,-0.078,0.0,0.147,0.153,-0.006,0.147,0.153,-0.006,-0.376,0.105,-0.149,0.15,-0.299,-0.108,0.035,-0.143,-0.28,0.164,-0.444,0.089,0.135,-0.046,-0.057,-0.297,0.242,0.225,0.558,0.558,0.58,-0.0,0.225,0.122,0.103,0.225,0.122,0.103,0.597,0.08,0.658,-0.078,0.58,1519,756,763
757,Damon Stoudamire,2005,0.997,-0.013,1.01,-0.518,-0.19,-0.328,0.733,0.082,0.651,0.795,0.14,0.655,-0.24,-0.217,-0.022,1.36,0.471,0.471,2.117,2.588,0.0,1.36,0.638,0.722,1.36,0.638,0.722,2.037,-0.169,-0.736,0.238,-0.974,0.068,-0.074,0.142,-0.935,0.03,-0.965,-0.107,0.06,-0.167,-0.065,0.033,-0.095,-0.921,-0.299,-0.299,-1.722,-2.021,0.0,-0.921,-0.523,-0.398,-0.921,-0.523,-0.398,-1.741,-0.328,0.262,0.225,0.037,-0.45,-0.264,-0.186,-0.202,0.112,-0.314,0.689,0.2,0.489,-0.304,-0.184,-0.117,0.439,0.171,0.171,0.567,-0.001,0.439,0.115,0.324,0.439,0.115,0.324,0.296,-0.496,2.588,-2.021,0.566,58319,29189,29130
2567,Brian Cook,2005,0.404,0.069,0.335,-1.253,-0.336,-0.917,0.852,0.262,0.59,0.736,0.327,0.409,-0.348,-0.311,-0.038,0.652,-0.208,-0.208,0.708,0.5,-0.0,0.652,0.212,0.44,0.652,0.212,0.44,0.28,-1.242,0.15,0.099,0.051,0.435,0.138,0.297,0.368,-0.036,0.404,-0.752,-0.035,-0.717,-0.181,-0.174,-0.006,-0.093,0.189,0.189,-0.124,0.065,0.0,-0.093,-0.09,-0.003,-0.093,-0.09,-0.003,-0.515,0.219,0.555,0.168,0.387,-0.817,-0.198,-0.619,1.22,0.226,0.994,-0.016,0.292,-0.308,-0.529,-0.485,-0.043,0.558,-0.019,-0.019,0.565,-0.001,0.558,0.122,0.436,0.558,0.122,0.436,-0.236,-1.023,0.5,0.065,0.564,6013,3009,3004
270,Horace Grant,2005,-1.149,0.391,-1.54,-0.19,-0.176,-0.014,-0.99,-0.432,-0.558,-0.36,-0.11,-0.25,-0.431,-0.358,-0.074,0.598,0.897,0.897,-0.982,-0.085,0.0,0.598,0.201,0.397,0.598,0.201,0.397,0.444,-0.359,-0.22,-0.127,-0.093,0.078,0.015,0.063,-0.649,0.237,-0.886,0.478,-0.005,0.483,0.818,0.891,-0.075,0.183,-0.154,-0.154,0.781,0.627,0.0,0.183,-0.007,0.19,0.183,-0.007,0.19,0.489,0.526,-1.369,0.264,-1.633,-0.112,-0.162,0.05,-1.639,-0.195,-1.444,0.118,-0.115,0.233,0.387,0.533,-0.148,0.781,0.743,0.743,0.542,0.0,0.781,0.194,0.587,0.781,0.194,0.587,0.933,0.166,-0.085,0.627,0.542,34963,17542,17421
185,Chris Webber,2005,0.333,0.169,0.164,0.33,0.059,0.271,0.445,-0.434,0.879,-0.611,-0.208,-0.403,-0.559,-0.341,-0.217,-0.263,-0.131,-0.131,-0.489,-0.62,0.0,-0.263,-0.502,0.239,-0.263,-0.502,0.239,1.278,0.417,0.412,-0.094,0.506,-0.217,0.133,-0.35,1.085,0.13,0.955,-0.362,-0.029,-0.333,0.27,0.341,-0.074,0.731,-0.268,-0.268,1.413,1.145,0.0,0.731,0.412,0.319,0.731,0.412,0.319,-0.143,0.135,0.745,0.075,0.67,0.113,0.192,-0.079,1.53,-0.304,1.834,-0.973,-0.237,-0.736,-0.29,-0.0,-0.291,0.467,-0.399,-0.399,0.525,0.0,0.467,-0.09,0.557,0.467,-0.09,0.557,1.135,0.552,-0.62,1.145,0.525,62495,31293,31202
907,Sealy,2005,1.094,-0.021,1.115,-1.301,-0.288,-1.013,1.914,-0.525,2.439,0.502,-0.175,0.677,-0.055,-0.145,0.096,-0.059,-0.545,-0.545,0.98,0.435,-0.0,-0.059,-0.145,0.086,-0.059,-0.145,0.086,2.041,-0.666,-0.036,0.064,-0.1,0.01,-0.14,0.15,-0.543,-0.129,-0.414,0.433,0.032,0.401,-0.298,-0.44,0.141,-0.048,0.446,0.446,-0.382,0.064,-0.0,-0.048,-0.317,0.269,-0.048,-0.317,0.269,1.436,-0.018,1.058,0.043,1.015,-1.291,-0.428,-0.863,1.372,-0.654,2.026,0.934,-0.144,1.078,-0.353,-0.585,0.237,-0.108,-0.099,-0.099,0.499,-0.0,-0.108,-0.462,0.354,-0.108,-0.462,0.354,3.477,-0.684,0.435,0.064,0.499,9529,4768,4761
1497,Chauncey Billups,2005,-0.334,-0.087,-0.247,-0.828,-0.119,-0.709,-0.126,0.421,-0.547,0.707,0.179,0.528,1.218,0.749,0.468,0.325,0.161,0.161,1.209,1.37,0.0,0.325,0.224,0.101,0.325,0.224,0.101,-3.274,-1.001,-0.496,0.126,-0.622,0.016,-0.285,0.301,-1.185,-0.187,-0.998,0.547,0.073,0.474,-0.292,-0.348,0.056,-0.429,0.322,0.322,-1.217,-0.895,0.0,-0.429,-0.219,-0.21,-0.429,-0.219,-0.21,0.839,-0.308,-0.83,0.039,-0.869,-0.812,-0.403,-0.409,-1.311,0.234,-1.545,1.254,0.252,1.002,0.926,0.401,0.524,-0.104,0.483,0.483,0.475,0.0,-0.104,0.005,-0.109,-0.104,0.005,-0.109,-2.436,-1.309,1.37,-0.895,0.475,54840,27475,27365
2035,DerMarr Johnson,2005,0.597,-0.063,0.66,0.387,0.315,0.072,0.601,0.459,0.142,-0.328,0.151,-0.479,0.113,-0.201,0.312,-0.313,-0.629,-0.629,0.397,-0.232,0.0,-0.313,-0.294,-0.019,-0.313,-0.294,-0.019,-0.728,0.38,0.521,0.22,0.301,0.579,-0.05,0.629,-0.333,-0.19,-0.143,0.055,0.011,0.044,-0.415,-0.497,0.082,0.334,0.265,0.265,0.44,0.705,-0.0,0.334,0.001,0.333,0.334,0.001,0.333,2.081,0.17,1.119,0.157,0.962,0.966,0.265,0.701,0.269,0.27,-0.001,-0.273,0.162,-0.435,-0.302,-0.698,0.394,0.022,-0.364,-0.364,0.473,-0.0,0.022,-0.293,0.315,0.022,-0.293,0.315,1.352,0.55,-0.232,0.705,0.473,18488,9211,9277
2399,Mike Dunleavy,2005,1.508,-0.013,1.521,1.138,-0.073,1.211,0.103,0.118,-0.015,0.28,0.151,0.129,-0.588,-0.438,-0.149,-0.796,0.407,0.407,0.124,0.531,0.0,-0.796,-0.347,-0.449,-0.796,-0.347,-0.449,1.382,0.409,-0.78,-0.058,-0.722,-0.625,0.139,-0.764,0.202,0.189,0.013,-0.299,0.041,-0.34,0.255,0.327,-0.069,0.257,0.207,0.207,-0.268,-0.061,0.0,0.257,0.013,0.244,0.257,0.013,0.244,-0.114,0.191,0.726,-0.071,0.797,0.513,0.066,0.447,0.304,0.307,-0.003,-0.02,0.192,-0.212,-0.333,-0.111,-0.218,-0.539,0.614,0.614,0.47,0.0,-0.539,-0.334,-0.205,-0.539,-0.334,-0.205,1.268,0.601,0.531,-0.061,0.47,23888,11953,11935
1899,James Posey,2005,-1.132,-0.078,-1.054,0.13,0.362,-0.232,-0.835,0.499,-1.334,-0.349,0.181,-0.53,0.173,-0.123,0.297,-0.045,0.255,0.255,-1.004,-0.749,-0.0,-0.045,0.083,-0.128,-0.045,0.083,-0.128,-0.142,0.308,-0.013,-0.055,0.042,0.328,-0.057,0.385,-0.087,-0.084,-0.003,-0.199,-0.03,-0.169,-0.1,0.0,-0.101,0.904,0.425,0.425,0.791,1.216,0.0,0.904,0.365,0.539,0.904,0.365,0.539,0.594,0.205,-1.146,-0.133,-1.013,0.457,0.304,0.153,-0.922,0.415,-1.337,-0.548,0.151,-0.699,0.073,-0.123,0.196,0.859,0.68,0.68,0.467,-0.0,0.859,0.448,0.411,0.859,0.448,0.411,0.452,0.513,-0.749,1.216,0.467,49777,24869,24908
2221,Raul Lopez,2005,0.43,0.089,0.341,0.456,0.457,-0.001,-0.06,0.292,-0.352,-0.055,0.002,-0.057,0.021,0.096,-0.074,-0.652,-0.74,-0.74,-0.201,-0.941,0.0,-0.652,-0.438,-0.214,-0.652,-0.438,-0.214,0.913,0.959,0.409,-0.032,0.441,-0.083,0.18,-0.263,-0.151,-0.082,-0.069,0.675,-0.064,0.739,-0.439,-0.362,-0.075,0.697,0.738,0.738,0.667,1.405,0.0,0.697,-0.285,0.982,0.697,-0.285,0.982,2.204,0.426,0.837,0.057,0.78,0.373,0.637,-0.264,-0.211,0.21,-0.421,0.618,-0.063,0.681,-0.417,-0.266,-0.149,0.046,-0.003,-0.003,0.464,0.0,0.046,-0.723,0.769,0.046,-0.723,0.769,3.116,1.384,-0.941,1.405,0.464,7845,3922,3923
1909,Scott Padgett,2005,-1.255,-0.509,-0.746,-0.21,0.105,-0.315,-0.529,0.485,-1.014,-0.007,0.272,-0.279,-0.594,-0.393,-0.2,0.01,0.943,0.943,-1.839,-0.896,-0.0,0.01,-0.513,0.523,0.01,-0.513,0.523,1.378,0.216,1.43,0.239,1.191,0.088,0.204,-0.116,0.879,-0.174,1.053,0.224,-0.042,0.266,-0.586,-0.591,0.006,0.156,0.353,0.353,1.0,1.353,0.0,0.156,0.083,0.073,0.156,0.083,0.073,1.799,0.519,0.176,-0.27,0.446,-0.121,0.309,-0.43,0.349,0.311,0.038,0.218,0.23,-0.012,-1.18,-0.984,-0.194,0.166,1.295,1.295,0.457,-0.0,0.166,-0.43,0.596,0.166,-0.43,0.596,3.177,0.735,-0.896,1.353,0.457,18347,9221,9126
1887,Wally Szczerbiak,2005,0.889,-0.154,1.043,0.286,-0.274,0.56,0.484,-0.241,0.725,0.273,-0.031,0.304,0.214,-0.418,0.633,0.123,0.533,0.533,1.226,1.759,0.0,0.123,0.334,-0.211,0.123,0.334,-0.211,1.489,-0.04,-1.075,-0.006,-1.069,-0.39,-0.1,-0.29,-0.14,-0.088,-0.052,-0.539,-0.057,-0.482,0.087,0.27,-0.179,-0.49,0.155,0.155,-1.478,-1.323,0.0,-0.49,-0.015,-0.475,-0.49,-0.015,-0.475,-1.993,-0.42,-0.186,-0.16,-0.026,-0.104,-0.375,0.271,0.345,-0.328,0.673,-0.267,-0.088,-0.179,0.301,-0.148,0.454,-0.367,0.688,0.688,0.436,0.0,-0.367,0.319,-0.686,-0.367,0.319,-0.686,-0.504,-0.46,1.759,-1.323,0.436,53333,26732,26601
915,Rodney Rogers,2005,0.415,-0.134,0.549,0.127,0.391,-0.264,0.125,0.629,-0.504,0.297,0.275,0.022,-0.11,-0.189,0.077,-0.549,-0.179,-0.179,-0.244,-0.423,0.0,-0.549,-0.271,-0.278,-0.549,-0.271,-0.278,1.51,0.626,0.933,0.065,0.868,0.107,0.261,-0.154,0.699,-0.046,0.745,0.062,-0.071,0.133,-0.316,-0.385,0.066,0.251,-0.013,-0.013,0.868,0.855,0.0,0.251,0.277,-0.026,0.251,0.277,-0.026,1.62,0.531,1.348,-0.069,1.417,0.233,0.651,-0.418,0.825,0.584,0.241,0.359,0.204,0.155,-0.426,-0.574,0.144,-0.298,-0.192,-0.192,0.432,0.0,-0.298,0.006,-0.304,-0.298,0.006,-0.304,3.131,1.157,-0.423,0.855,0.432,45269,22630,22639
1108,Farmer,2005,-0.098,-0.089,-0.009,0.225,-0.006,0.231,-0.414,0.075,-0.489,0.18,0.004,0.176,0.287,0.226,0.065,0.125,0.844,0.844,0.314,1.158,0.0,0.125,0.108,0.017,0.125,0.108,0.017,-0.843,0.025,-1.342,0.163,-1.505,-0.765,-0.077,-0.688,-0.284,-0.248,-0.036,-0.456,-0.029,-0.427,-0.498,-0.478,-0.02,0.507,0.582,0.582,-1.333,-0.751,0.0,0.507,0.291,0.216,0.507,0.291,0.216,-0.348,-0.521,-1.44,0.074,-1.514,-0.54,-0.082,-0.458,-0.698,-0.174,-0.524,-0.276,-0.025,-0.251,-0.211,-0.252,0.045,0.631,1.426,1.426,0.407,0.0,0.631,0.399,0.232,0.631,0.399,0.232,-1.191,-0.495,1.158,-0.751,0.407,4970,2489,2481
2738,Andre Iguodala,2005,1.255,-0.131,1.386,0.307,0.008,0.299,0.604,-0.026,0.63,0.475,-0.026,0.501,0.033,-0.475,0.508,-0.439,-1.397,-1.397,0.849,-0.548,0.0,-0.439,0.001,-0.44,-0.439,0.001,-0.44,0.1,0.078,-0.054,0.136,-0.19,0.044,0.031,0.013,-0.263,-0.175,-0.088,0.029,-0.118,0.147,-0.134,-0.088,-0.044,1.001,0.126,0.126,0.813,0.939,0.0,1.001,0.737,0.264,1.001,0.737,0.264,-0.717,0.007,1.203,0.005,1.198,0.352,0.039,0.313,0.341,-0.201,0.542,0.505,-0.143,0.648,-0.101,-0.563,0.464,0.562,-1.271,-1.271,0.391,0.0,0.562,0.738,-0.176,0.562,0.738,-0.176,-0.618,0.086,-0.548,0.939,0.391,11299,5635,5664
2588,Matt Bonner,2005,0.089,-0.032,0.121,-1.642,-0.283,-1.359,0.802,0.032,0.77,0.961,0.125,0.836,0.123,-0.22,0.342,0.381,1.246,1.246,0.593,1.839,0.0,0.381,0.197,0.184,0.381,0.197,0.184,0.185,-1.321,-1.675,0.058,-1.733,-0.262,-0.001,-0.261,-1.321,-0.129,-1.192,-0.15,-0.049,-0.101,-0.045,0.049,-0.095,-0.067,0.332,0.332,-1.787,-1.455,-0.0,-0.067,0.011,-0.078,-0.067,0.011,-0.078,-1.584,-0.236,-1.586,0.026,-1.612,-1.904,-0.284,-1.62,-0.52,-0.098,-0.422,0.812,0.077,0.735,0.077,-0.171,0.248,0.314,1.578,1.578,0.384,-0.0,0.314,0.208,0.106,0.314,0.208,0.106,-1.399,-1.556,1.839,-1.455,0.384,5910,2956,2954
1725,Rasho Nesterovic,2005,-0.209,0.397,-0.606,-0.261,-0.269,0.008,-0.022,-0.848,0.826,-0.323,-0.2,-0.123,-1.831,-1.39,-0.44,-0.012,0.216,0.216,-2.052,-1.836,0.0,-0.012,-0.055,0.043,-0.012,-0.055,0.043,1.992,-0.344,1.481,-0.17,1.651,1.336,0.223,1.113,1.052,0.419,0.633,-0.737,0.038,-0.775,0.812,0.751,0.061,-0.809,0.721,0.721,1.484,2.205,0.0,-0.809,-0.289,-0.52,-0.809,-0.289,-0.52,-0.543,0.474,1.274,0.227,1.047,1.075,-0.046,1.121,1.031,-0.429,1.46,-1.059,-0.161,-0.898,-1.019,-0.639,-0.379,-0.821,0.938,0.938,0.369,0.0,-0.821,-0.343,-0.478,-0.821,-0.343,-0.478,1.449,0.129,-1.836,2.205,0.369,46634,23319,23315
948,Marcus Camby,2005,-0.306,0.139,-0.445,0.715,0.598,0.117,-0.875,-0.266,-0.609,-0.285,-0.31,0.025,-0.438,-0.434,-0.004,-0.488,0.596,0.596,-1.232,-0.636,0.0,-0.488,-0.178,-0.31,-0.488,-0.178,-0.31,-0.608,1.459,1.528,-0.235,1.763,1.114,0.113,1.001,0.41,-0.021,0.431,0.239,-0.091,0.33,0.213,0.045,0.168,-0.318,-0.483,-0.483,1.423,0.94,-0.0,-0.318,-0.209,-0.109,-0.318,-0.209,-0.109,-0.046,0.467,1.222,-0.096,1.318,1.829,0.711,1.118,-0.465,-0.287,-0.178,-0.046,-0.401,0.355,-0.224,-0.39,0.164,-0.806,0.114,0.114,0.304,-0.001,-0.806,-0.387,-0.419,-0.806,-0.387,-0.419,-0.654,1.926,-0.636,0.94,0.303,38461,19171,19290
283,Lindsey Hunter,2005,-0.942,-0.246,-0.696,-0.493,0.113,-0.606,-0.656,0.454,-1.11,0.453,0.211,0.242,0.246,0.228,0.022,0.785,-0.387,-0.387,0.089,-0.298,-0.0,0.785,0.373,0.412,0.785,0.373,0.412,-0.956,-0.465,-0.175,0.264,-0.439,-0.201,0.072,-0.273,-0.762,-0.218,-0.544,0.524,-0.077,0.601,-0.591,-0.586,-0.005,0.907,0.457,0.457,0.141,0.598,-0.0,0.907,-0.105,1.012,0.907,-0.105,1.012,0.407,0.095,-1.116,0.018,-1.134,-0.694,0.185,-0.879,-1.418,0.236,-1.654,0.978,0.135,0.843,-0.345,-0.358,0.016,1.693,0.07,0.07,0.3,-0.0,1.693,0.269,1.424,1.693,0.269,1.424,-0.55,-0.37,-0.298,0.598,0.3,38926,19434,19492
1863,Earl Boykins,2005,-1.133,-0.171,-0.962,-1.034,-0.562,-0.472,0.074,-0.071,0.145,-0.002,0.079,-0.081,0.747,0.211,0.534,1.27,1.486,1.486,0.884,2.37,0.0,1.27,0.863,0.407,1.27,0.863,0.407,-0.231,-0.864,-0.712,0.093,-0.805,-0.457,-0.188,-0.269,-0.78,-0.184,-0.596,0.432,0.062,0.37,-0.612,-0.688,0.076,0.522,-1.291,-1.291,-0.802,-2.093,0.0,0.522,0.076,0.446,0.522,0.076,0.446,-1.04,-0.998,-1.843,-0.078,-1.765,-1.49,-0.749,-0.741,-0.706,-0.254,-0.452,0.431,0.141,0.29,0.135,-0.477,0.61,1.792,0.195,0.195,0.277,-0.0,1.792,0.939,0.853,1.792,0.939,0.853,-1.271,-1.862,2.37,-2.093,0.277,26022,13036,12986
2551,T.J. Ford,2005,-1.197,-0.07,-1.127,-0.164,0.188,-0.352,-0.515,0.035,-0.55,-0.448,-0.076,-0.372,0.214,0.028,0.186,0.041,-0.08,-0.08,-0.942,-1.022,0.0,0.041,-0.041,0.082,0.041,-0.041,0.082,-1.91,-0.115,0.533,0.025,0.508,0.579,0.038,0.541,-0.127,0.043,-0.17,0.056,0.003,0.053,0.243,0.182,0.063,0.148,0.37,0.37,0.924,1.294,0.0,0.148,-0.093,0.241,0.148,-0.093,0.241,-0.139,0.27,-0.662,-0.045,-0.617,0.416,0.226,0.19,-0.642,0.078,-0.72,-0.391,-0.073,-0.318,0.458,0.209,0.249,0.189,0.29,0.29,0.272,0.0,0.189,-0.134,0.323,0.189,-0.134,0.323,-2.049,0.155,-1.022,1.294,0.272,5612,2807,2805
2550,Kirk Hinrich,2005,-0.716,0.088,-0.804,-1.119,-0.338,-0.781,-0.079,0.118,-0.197,0.394,0.261,0.133,-0.423,-0.399,-0.026,0.282,0.128,0.128,-0.857,-0.729,0.0,0.282,0.151,0.131,0.282,0.151,0.131,1.585,-0.921,1.089,-0.041,1.13,0.831,0.292,0.539,0.325,0.076,0.249,-0.026,0.024,-0.05,-0.73,-0.742,0.014,0.467,0.161,0.161,0.826,0.987,-0.0,0.467,0.042,0.425,0.467,0.042,0.425,0.199,0.683,0.371,0.047,0.324,-0.289,-0.046,-0.243,0.245,0.193,0.052,0.368,0.285,0.083,-1.153,-1.141,-0.013,0.748,0.289,0.289,0.258,-0.0,0.748,0.193,0.555,0.748,0.193,0.555,1.784,-0.238,-0.729,0.987,0.258,21749,10864,10885
456,Person,2005,-0.463,-0.017,-0.446,-0.738,-0.181,-0.557,0.113,0.419,-0.306,0.179,0.274,-0.095,-0.025,0.319,-0.34,0.381,0.181,0.181,-0.107,0.074,0.0,0.381,0.163,0.218,0.381,0.163,0.218,-1.388,-0.678,0.37,0.316,0.054,0.363,0.276,0.087,-0.199,-0.049,-0.15,-0.11,-0.011,-0.099,-0.428,-0.335,-0.091,-0.102,0.334,0.334,-0.16,0.174,-0.0,-0.102,-0.099,-0.003,-0.102,-0.099,-0.003,0.342,0.375,-0.091,0.299,-0.39,-0.374,0.096,-0.47,-0.086,0.37,-0.456,0.07,0.264,-0.194,-0.453,-0.015,-0.431,0.279,0.515,0.515,0.248,0.0,0.279,0.064,0.215,0.279,0.064,0.215,-1.046,-0.303,0.074,0.174,0.248,1418,715,703
2570,Kendrick Perkins,2005,0.362,-0.051,0.413,0.254,-0.013,0.267,-0.064,0.069,-0.133,0.223,-0.013,0.236,0.05,0.263,-0.212,-0.666,0.365,0.365,-0.254,0.111,0.0,-0.666,-0.085,-0.581,-0.666,-0.085,-0.581,-0.482,-0.154,0.936,0.225,0.711,0.062,0.05,0.012,0.936,-0.109,1.045,-0.287,-0.009,-0.278,-0.28,-0.283,0.003,-0.011,-0.515,-0.515,0.645,0.13,0.0,-0.011,0.096,-0.107,-0.011,0.096,-0.107,0.107,-0.168,1.298,0.174,1.124,0.316,0.037,0.279,0.872,-0.04,0.912,-0.064,-0.022,-0.042,-0.23,-0.02,-0.208,-0.677,-0.15,-0.15,0.241,0.0,-0.677,0.012,-0.689,-0.677,0.012,-0.689,-0.376,-0.321,0.111,0.13,0.241,2344,1167,1177
2760,Anderson Varejao,2005,-0.616,-0.097,-0.519,0.386,-0.238,0.624,-1.48,-0.067,-1.413,0.575,0.038,0.537,-0.541,-0.064,-0.476,0.356,0.69,0.69,-0.801,-0.111,0.0,0.356,0.334,0.022,0.356,0.334,0.022,-0.483,-0.002,0.192,0.094,0.098,-0.107,0.01,-0.117,0.256,-0.228,0.484,-0.051,-0.055,0.004,-0.384,-0.426,0.043,0.565,-0.028,-0.028,0.373,0.345,0.0,0.565,-0.197,0.762,0.565,-0.197,0.762,0.64,-0.183,-0.425,-0.003,-0.422,0.278,-0.229,0.507,-1.225,-0.296,-0.929,0.525,-0.017,0.542,-0.925,-0.49,-0.433,0.921,0.661,0.661,0.234,-0.001,0.921,0.136,0.785,0.921,0.136,0.785,0.157,-0.186,-0.111,0.345,0.233,3216,1615,1601
297,Alonzo Mourning,2005,0.266,0.26,0.006,0.174,-0.261,0.435,0.498,-0.441,0.939,-0.666,-0.14,-0.526,-0.522,0.081,-0.602,-0.845,-0.493,-0.493,-1.101,-1.594,-0.0,-0.845,-0.117,-0.728,-0.845,-0.117,-0.728,0.552,-0.183,3.029,-0.232,3.261,2.821,0.186,2.635,0.303,0.293,0.01,0.137,0.005,0.132,0.328,0.294,0.03,-0.949,-0.587,-0.587,2.408,1.821,0.0,-0.949,-0.378,-0.571,-0.949,-0.378,-0.571,1.216,0.888,3.293,0.028,3.265,2.995,-0.075,3.07,0.8,-0.148,0.948,-0.53,-0.136,-0.394,-0.194,0.375,-0.572,-1.793,-1.079,-1.079,0.227,-0.0,-1.793,-0.495,-1.298,-1.793,-0.495,-1.298,1.768,0.705,-1.594,1.821,0.227,26120,13079,13041
2208,Kedrick Brown,2005,0.059,-0.107,0.166,-0.246,-0.281,0.035,0.418,-0.009,0.427,-0.006,0.048,-0.054,-0.001,0.097,-0.099,0.47,-0.634,-0.634,0.528,-0.106,-0.0,0.47,-0.084,0.554,0.47,-0.084,0.554,-0.887,-0.44,0.813,0.313,0.5,-0.207,0.067,-0.274,1.01,-0.105,1.115,-0.303,-0.076,-0.227,0.17,0.208,-0.036,-0.08,-0.573,-0.573,0.903,0.33,-0.0,-0.08,-0.051,-0.029,-0.08,-0.051,-0.029,-1.067,0.036,0.872,0.206,0.666,-0.454,-0.215,-0.239,1.428,-0.114,1.542,-0.308,-0.028,-0.28,0.169,0.305,-0.135,0.39,-1.207,-1.207,0.224,-0.0,0.39,-0.135,0.525,0.39,-0.135,0.525,-1.954,-0.405,-0.106,0.33,0.224,7332,3647,3685
970,Othella Harrington,2005,-0.334,0.159,-0.493,-0.548,-0.316,-0.232,-0.131,-0.513,0.382,0.186,-0.079,0.265,-0.358,-0.477,0.118,-1.28,0.867,0.867,-1.972,-1.105,0.0,-1.28,-0.455,-0.825,-1.28,-0.455,-0.825,0.08,-0.561,-0.296,-0.142,-0.154,-0.766,-0.048,-0.718,0.306,0.171,0.135,0.306,0.034,0.272,0.388,0.426,-0.038,0.51,0.71,0.71,0.602,1.312,0.0,0.51,0.056,0.454,0.51,0.056,0.454,-0.671,-0.24,-0.631,0.017,-0.648,-1.314,-0.364,-0.95,0.175,-0.342,0.517,0.491,-0.046,0.537,0.03,-0.051,0.08,-0.77,1.577,1.577,0.207,-0.0,-0.77,-0.399,-0.371,-0.77,-0.399,-0.371,-0.591,-0.801,-1.105,1.312,0.207,37976,19004,18972
692,Andrew DeClercq,2005,-0.887,0.052,-0.939,-0.162,0.148,-0.31,-0.133,-0.333,0.2,-0.644,-0.083,-0.561,-1.365,-0.959,-0.404,-0.631,1.217,1.217,-2.883,-1.666,0.0,-0.631,-0.511,-0.12,-0.631,-0.511,-0.12,0.156,0.513,1.504,-0.128,1.632,0.853,0.391,0.462,0.435,0.227,0.208,0.344,-0.013,0.357,-0.097,-0.155,0.056,1.085,-0.623,-0.623,2.492,1.869,0.0,1.085,0.619,0.466,1.085,0.619,0.466,0.995,0.802,0.617,-0.076,0.693,0.69,0.539,0.151,0.302,-0.106,0.408,-0.299,-0.095,-0.204,-1.462,-1.114,-0.349,0.454,0.595,0.595,0.203,-0.0,0.454,0.108,0.346,0.454,0.108,0.346,1.151,1.314,-1.666,1.869,0.203,23460,11674,11786
950,Stephon Marbury,2005,0.537,-0.068,0.605,-0.127,0.436,-0.563,0.346,0.653,-0.307,0.386,0.195,0.191,0.659,0.444,0.216,1.75,-0.275,-0.275,2.946,2.671,-0.0,1.75,0.987,0.763,1.75,0.987,0.763,-0.374,-0.405,-1.305,-0.032,-1.273,-0.143,-0.133,-0.01,-0.954,-0.185,-0.769,-0.176,-0.013,-0.163,-0.469,-0.465,-0.003,-0.248,-0.463,-0.463,-2.022,-2.485,0.0,-0.248,-0.085,-0.163,-0.248,-0.085,-0.163,-0.58,-0.116,-0.768,-0.1,-0.668,-0.27,0.303,-0.573,-0.608,0.468,-1.076,0.21,0.182,0.028,0.19,-0.021,0.213,1.502,-0.738,-0.738,0.186,0.0,1.502,0.902,0.6,1.502,0.902,0.6,-0.954,-0.521,2.671,-2.485,0.186,71883,35959,35924
1761,Greg Buckner,2005,0.902,-0.149,1.051,0.262,0.242,0.02,0.667,0.109,0.558,0.122,-0.024,0.146,-0.324,-0.106,-0.216,-0.02,0.31,0.31,0.558,0.868,-0.0,-0.02,-0.235,0.215,-0.02,-0.235,0.215,0.919,0.769,-0.002,0.125,-0.127,-0.736,-0.023,-0.713,-0.189,-0.28,0.091,0.798,-0.009,0.807,-0.908,-1.086,0.179,0.255,-0.044,-0.044,-0.655,-0.699,0.0,0.255,-0.081,0.336,0.255,-0.081,0.336,1.383,-0.048,0.9,-0.024,0.924,-0.474,0.219,-0.693,0.478,-0.171,0.649,0.92,-0.033,0.953,-1.231,-1.192,-0.037,0.235,0.267,0.267,0.169,-0.0,0.235,-0.316,0.551,0.235,-0.316,0.551,2.302,0.721,0.868,-0.699,0.169,26123,12981,13142
2617,Udonis Haslem,2005,0.651,0.036,0.615,0.035,-0.106,0.141,0.163,-0.187,0.35,0.417,-0.039,0.456,-0.451,-0.459,0.009,-0.859,0.723,0.723,-0.659,0.064,0.0,-0.859,-0.358,-0.501,-0.859,-0.358,-0.501,-0.363,-0.194,0.176,-0.005,0.181,0.344,0.195,0.149,-0.577,-0.031,-0.546,0.414,-0.047,0.461,-0.245,-0.288,0.044,0.206,-0.036,-0.036,0.137,0.101,0.0,0.206,0.031,0.175,0.206,0.031,0.175,0.423,0.176,0.827,0.031,0.796,0.38,0.089,0.291,-0.414,-0.218,-0.196,0.83,-0.087,0.917,-0.696,-0.746,0.053,-0.652,0.688,0.688,0.165,0.0,-0.652,-0.327,-0.325,-0.652,-0.327,-0.325,0.06,-0.019,0.064,0.101,0.165,18985,9465,9520
1517,Bobby Jackson,2005,-1.916,-0.133,-1.783,0.322,0.106,0.216,-1.318,0.255,-1.573,-0.787,0.104,-0.891,0.263,-0.015,0.278,0.567,0.632,0.632,-1.086,-0.454,0.0,0.567,0.588,-0.021,0.567,0.588,-0.021,-2.615,0.07,1.764,0.054,1.71,-0.284,0.038,-0.322,1.159,-0.039,1.198,0.835,0.025,0.81,-0.45,-0.437,-0.01,0.116,-0.825,-0.825,1.43,0.605,-0.0,0.116,0.223,-0.107,0.116,0.223,-0.107,1.401,-0.074,-0.152,-0.079,-0.073,0.037,0.144,-0.107,-0.159,0.216,-0.375,0.049,0.13,-0.081,-0.187,-0.452,0.268,0.683,-0.192,-0.192,0.151,-0.0,0.683,0.811,-0.128,0.683,0.811,-0.128,-1.213,-0.005,-0.454,0.605,0.151,34209,17069,17140
252,Karl Malone,2005,1.476,0.047,1.429,0.693,0.217,0.476,0.954,0.1,0.854,-0.218,-0.277,0.059,2.109,1.876,0.231,-0.619,-1.391,-1.391,2.966,1.575,-0.0,-0.619,-0.726,0.107,-0.619,-0.726,0.107,2.965,1.61,-1.507,-0.063,-1.444,-0.365,-0.141,-0.224,-0.802,-0.245,-0.557,-0.277,-0.046,-0.231,-0.509,-0.363,-0.145,0.37,0.218,0.218,-1.646,-1.428,0.0,0.37,-0.142,0.512,0.37,-0.142,0.512,0.985,0.189,-0.03,-0.016,-0.014,0.328,0.076,0.252,0.153,-0.144,0.297,-0.495,-0.323,-0.172,1.6,1.513,0.086,-0.25,-1.173,-1.173,0.147,-0.0,-0.25,-0.868,0.618,-0.25,-0.868,0.618,3.95,1.799,1.575,-1.428,0.147,56114,28071,28043
204,Hornacek,2005,-0.374,-0.275,-0.099,-0.936,-0.261,-0.675,0.475,-0.184,0.659,0.362,0.01,0.352,0.109,-0.406,0.52,1.078,-0.115,-0.115,0.813,0.698,-0.0,1.078,0.501,0.577,1.078,0.501,0.577,0.332,-0.7,-0.715,0.085,-0.8,-0.098,-0.087,-0.011,-1.235,0.037,-1.272,0.533,0.058,0.475,-0.085,-0.128,0.042,-0.033,0.278,0.278,-0.833,-0.555,-0.0,-0.033,-0.304,0.271,-0.033,-0.304,0.271,0.682,0.041,-1.09,-0.19,-0.9,-1.034,-0.348,-0.686,-0.76,-0.147,-0.613,0.894,0.068,0.826,0.023,-0.534,0.561,1.045,0.164,0.164,0.143,-0.0,1.045,0.197,0.848,1.045,0.197,0.848,1.014,-0.659,0.698,-0.555,0.143,9120,4566,4554
358,Anfernee Hardaway,2005,-0.901,-0.004,-0.897,0.016,0.25,-0.234,-0.253,-0.076,-0.177,-0.66,-0.122,-0.538,0.114,-0.077,0.192,-0.675,0.484,0.484,-1.462,-0.978,0.0,-0.675,-0.688,0.013,-0.675,-0.688,0.013,0.189,0.543,0.795,0.108,0.687,-0.186,-0.107,-0.079,0.518,-0.237,0.755,0.355,-0.018,0.373,-0.53,-0.615,0.086,0.606,0.233,0.233,0.871,1.104,0.0,0.606,0.119,0.487,0.606,0.119,0.487,0.593,-0.256,-0.106,0.104,-0.21,-0.17,0.143,-0.313,0.264,-0.314,0.578,-0.304,-0.139,-0.165,-0.416,-0.693,0.278,-0.069,0.717,0.717,0.126,0.001,-0.069,-0.569,0.5,-0.069,-0.569,0.5,0.782,0.287,-0.978,1.104,0.127,39523,19759,19764
1005,Walt Williams,2005,0.732,-0.021,0.753,0.123,0.275,-0.152,-0.119,0.579,-0.698,0.749,0.35,0.399,-0.147,-0.33,0.186,0.253,-0.602,-0.602,0.838,0.236,0.0,0.253,0.299,-0.046,0.253,0.299,-0.046,1.682,-0.126,0.134,0.026,0.108,-0.321,0.074,-0.395,0.184,0.18,0.004,0.245,0.053,0.192,0.153,0.187,-0.035,-0.571,0.167,0.167,-0.284,-0.117,-0.0,-0.571,-0.275,-0.296,-0.571,-0.275,-0.296,0.303,0.137,0.862,0.005,0.857,-0.2,0.348,-0.548,0.065,0.759,-0.694,0.992,0.402,0.59,0.006,-0.143,0.151,-0.318,-0.434,-0.434,0.119,-0.001,-0.318,0.024,-0.342,-0.318,0.024,-0.342,1.985,0.011,0.236,-0.117,0.118,22655,11336,11319
2407,Jared Jeffries,2005,-1.541,-0.011,-1.53,0.642,0.12,0.522,-1.269,0.158,-1.427,-0.903,0.013,-0.916,-0.418,0.054,-0.474,-0.834,1.249,1.249,-2.793,-1.544,-0.0,-0.834,-0.181,-0.653,-0.834,-0.181,-0.653,-2.792,0.471,-0.543,-0.002,-0.541,-0.359,0.058,-0.417,-0.365,0.062,-0.427,0.183,-0.032,0.215,0.353,0.441,-0.088,0.952,0.895,0.895,0.762,1.657,0.0,0.952,0.367,0.585,0.952,0.367,0.585,0.177,0.016,-2.084,-0.013,-2.071,0.284,0.178,0.106,-1.635,0.22,-1.855,-0.72,-0.018,-0.702,-0.065,0.496,-0.562,0.118,2.144,2.144,0.113,-0.001,0.118,0.185,-0.067,0.118,0.185,-0.067,-2.614,0.487,-1.544,1.657,0.112,17096,8537,8559
1908,Jumaine Jones,2005,0.791,-0.07,0.861,0.053,-0.246,0.299,0.339,0.191,0.148,0.469,0.266,0.203,-0.534,-0.576,0.041,0.183,0.834,0.834,0.44,1.274,0.0,0.183,-0.205,0.388,0.183,-0.205,0.388,3.146,-0.03,-0.756,0.328,-1.084,-0.048,0.052,-0.1,-0.149,-0.214,0.065,-0.887,-0.074,-0.813,-0.177,-0.104,-0.073,-0.162,-0.08,-0.08,-1.095,-1.175,0.0,-0.162,-0.045,-0.117,-0.162,-0.045,-0.117,-2.253,0.022,0.035,0.258,-0.223,0.005,-0.194,0.199,0.19,-0.023,0.213,-0.418,0.192,-0.61,-0.711,-0.679,-0.032,0.02,0.754,0.754,0.099,0.0,0.02,-0.25,0.27,0.02,-0.25,0.27,0.893,-0.008,1.274,-1.175,0.099,30391,15159,15232
165,Hakeem Olajuwon,2005,0.195,0.174,0.021,0.477,0.026,0.451,-0.246,-0.262,0.016,-0.21,-0.037,-0.173,-0.928,-0.799,-0.127,-0.586,-0.591,-0.591,-1.319,-1.91,0.0,-0.586,-0.595,0.009,-0.586,-0.595,0.009,2.079,0.768,-0.428,-0.084,-0.344,0.629,0.017,0.612,-0.466,0.156,-0.622,-0.507,0.033,-0.54,0.579,0.583,-0.004,0.738,1.114,1.114,0.889,2.003,0.0,0.738,0.044,0.694,0.738,0.044,0.694,0.491,0.562,-0.234,0.09,-0.324,1.105,0.043,1.062,-0.712,-0.106,-0.606,-0.717,-0.004,-0.713,-0.349,-0.216,-0.131,0.152,0.523,0.523,0.093,-0.0,0.152,-0.551,0.703,0.152,-0.551,0.703,2.571,1.33,-1.91,2.003,0.093,15388,7685,7703
2770,Justin Reed,2005,0.539,-0.11,0.649,0.119,-0.15,0.269,0.366,0.033,0.333,0.164,0.024,0.14,-0.09,0.037,-0.124,0.113,0.056,0.056,0.562,0.618,-0.0,0.113,0.048,0.065,0.113,0.048,0.065,0.559,-0.042,-0.299,0.084,-0.383,-0.097,0.077,-0.174,-0.111,-0.12,0.009,-0.175,-0.035,-0.14,-0.302,-0.291,-0.01,0.07,-0.003,-0.003,-0.531,-0.534,-0.0,0.07,0.005,0.065,0.07,0.005,0.065,-0.13,-0.061,0.241,-0.026,0.267,0.023,-0.072,0.095,0.255,-0.087,0.342,-0.011,-0.011,-0.0,-0.391,-0.254,-0.134,0.183,0.053,0.053,0.084,-0.001,0.183,0.053,0.13,0.183,0.053,0.13,0.428,-0.103,0.618,-0.534,0.083,521,257,264
2418,Casey Jacobsen,2005,-0.909,-0.111,-0.798,-0.675,0.236,-0.911,0.317,0.569,-0.252,-0.44,0.198,-0.638,0.437,0.525,-0.089,-0.514,-0.58,-0.58,-0.986,-1.566,-0.0,-0.514,-0.053,-0.461,-0.514,-0.053,-0.461,-3.633,-0.852,1.209,0.162,1.047,-0.581,-0.121,-0.46,0.994,-0.197,1.191,0.634,0.008,0.626,-0.23,-0.289,0.063,0.169,0.498,0.498,1.148,1.646,-0.0,0.169,-0.362,0.531,0.169,-0.362,0.531,2.253,-0.215,0.299,0.051,0.248,-1.256,0.115,-1.371,1.31,0.371,0.939,0.194,0.206,-0.012,0.208,0.236,-0.026,-0.345,-0.082,-0.082,0.08,-0.0,-0.345,-0.415,0.07,-0.345,-0.415,0.07,-1.38,-1.067,-1.566,1.646,0.08,18226,9119,9107
1894,Corey Maggette,2005,-0.178,0.0,-0.178,0.732,0.298,0.434,-0.497,0.133,-0.63,-0.413,-0.172,-0.241,1.781,1.15,0.628,-0.442,-0.284,-0.284,1.161,0.877,0.0,-0.442,0.091,-0.533,-0.442,0.091,-0.533,-2.395,0.358,0.365,0.043,0.322,-0.129,-0.091,-0.038,0.081,-0.044,0.125,0.37,0.065,0.305,-0.504,-0.411,-0.092,-0.298,-0.363,-0.363,-0.437,-0.8,0.0,-0.298,-0.044,-0.254,-0.298,-0.044,-0.254,0.205,-0.193,0.189,0.043,0.146,0.604,0.208,0.396,-0.415,0.09,-0.505,-0.043,-0.107,0.064,1.277,0.739,0.537,-0.74,-0.647,-0.647,0.077,0.0,-0.74,0.047,-0.787,-0.74,0.047,-0.787,-2.19,0.164,0.877,-0.8,0.077,43729,21854,21875
960,Tony Delk,2005,-0.408,-0.116,-0.292,-0.254,-0.301,0.047,0.261,0.064,0.197,-0.299,0.124,-0.423,-0.034,0.022,-0.059,0.665,-0.106,-0.106,0.223,0.117,-0.0,0.665,0.356,0.309,0.665,0.356,0.309,-2.129,-0.846,0.139,0.187,-0.048,-0.514,-0.003,-0.511,0.034,-0.109,0.143,0.432,0.034,0.398,-0.715,-0.606,-0.108,0.626,-0.094,-0.094,0.05,-0.044,-0.0,0.626,0.207,0.419,0.626,0.207,0.419,0.751,-0.097,-0.269,0.071,-0.34,-0.767,-0.304,-0.463,0.295,-0.045,0.34,0.132,0.158,-0.026,-0.749,-0.584,-0.167,1.292,-0.2,-0.2,0.073,0.001,1.292,0.563,0.729,1.292,0.563,0.729,-1.378,-0.944,0.117,-0.044,0.074,34533,17243,17290
2048,Jamaal Magloire,2005,-0.336,0.244,-0.58,-0.467,0.256,-0.723,0.858,0.044,0.814,-0.971,-0.084,-0.887,0.108,0.338,-0.233,-0.705,0.519,0.519,-0.933,-0.414,0.0,-0.705,0.019,-0.724,-0.705,0.019,-0.724,-0.856,0.383,0.226,-0.133,0.359,0.636,-0.225,0.861,-0.174,-0.007,-0.167,-0.103,0.014,-0.117,0.281,0.425,-0.143,-0.268,0.242,0.242,0.239,0.481,0.0,-0.268,-0.349,0.081,-0.268,-0.349,0.081,-0.422,-0.246,-0.111,0.111,-0.222,0.169,0.031,0.138,0.683,0.037,0.646,-1.074,-0.07,-1.004,0.389,0.763,-0.376,-0.973,0.761,0.761,0.067,0.0,-0.973,-0.33,-0.643,-0.973,-0.33,-0.643,-1.278,0.137,-0.414,0.481,0.067,35258,17592,17666
1507,Derek Anderson,2005,-0.115,-0.064,-0.051,0.051,-0.043,0.094,-0.449,0.329,-0.778,0.347,0.163,0.184,0.405,0.16,0.245,0.358,-0.336,-0.336,0.648,0.312,0.0,0.358,0.352,0.006,0.358,0.352,0.006,-1.25,0.004,-1.545,0.083,-1.628,-0.802,-0.142,-0.66,-0.567,-0.098,-0.469,-0.259,0.018,-0.277,-0.105,-0.099,-0.004,0.615,0.788,0.788,-1.035,-0.247,-0.0,0.615,0.461,0.154,0.615,0.461,0.154,-0.096,-0.212,-1.658,0.019,-1.677,-0.751,-0.185,-0.566,-1.015,0.232,-1.247,0.089,0.182,-0.093,0.3,0.061,0.242,0.972,0.452,0.452,0.065,-0.001,0.972,0.813,0.159,0.972,0.813,0.159,-1.346,-0.208,0.312,-0.247,0.064,47756,23912,23844
2580,Travis Hansen,2005,0.457,-0.125,0.582,0.145,-0.097,0.242,0.481,0.049,0.432,-0.044,0.015,-0.059,0.101,-0.02,0.122,0.33,-0.275,-0.275,0.888,0.613,-0.0,0.33,0.347,-0.017,0.33,0.347,-0.017,-0.714,-0.085,-0.18,0.224,-0.404,0.29,0.014,0.276,-0.679,-0.196,-0.483,-0.015,-0.024,0.009,-0.462,-0.43,-0.03,-0.003,0.075,0.075,-0.645,-0.57,0.0,-0.003,-0.157,0.154,-0.003,-0.157,0.154,0.172,0.164,0.275,0.099,0.176,0.434,-0.084,0.518,-0.199,-0.147,-0.052,-0.059,-0.009,-0.05,-0.361,-0.45,0.092,0.327,-0.2,-0.2,0.043,-0.0,0.327,0.19,0.137,0.327,0.19,0.137,-0.542,0.079,0.613,-0.57,0.043,1934,957,977
983,Moochie Norris,2005,-0.733,-0.124,-0.609,-0.604,0.003,-0.607,-0.292,0.199,-0.491,0.287,0.054,0.233,0.324,0.4,-0.075,0.172,0.706,0.706,-0.237,0.469,0.0,0.172,0.405,-0.233,0.172,0.405,-0.233,0.072,-0.441,-0.127,-0.005,-0.122,0.203,0.123,0.08,-1.053,0.145,-1.198,0.728,0.031,0.697,-0.043,0.07,-0.114,-0.079,-0.181,-0.181,-0.249,-0.43,0.0,-0.079,-0.157,0.078,-0.079,-0.157,0.078,0.85,0.282,-0.861,-0.129,-0.732,-0.401,0.126,-0.527,-1.345,0.344,-1.689,1.014,0.084,0.93,0.281,0.47,-0.19,0.093,0.525,0.525,0.039,0.0,0.093,0.249,-0.156,0.093,0.249,-0.156,0.922,-0.159,0.469,-0.43,0.039,25474,12752,12722
1496,Keith Van Horn,2005,1.012,0.398,0.614,-0.624,0.213,-0.837,1.0,0.159,0.841,0.238,0.133,0.105,0.195,-0.436,0.631,-0.488,0.434,0.434,0.719,1.153,0.0,-0.488,0.015,-0.503,-0.488,0.015,-0.503,1.053,0.097,-0.466,-0.041,-0.425,-0.35,-0.182,-0.168,-0.406,-0.039,-0.367,0.331,0.032,0.299,-0.069,0.094,-0.164,-0.082,-0.505,-0.505,-0.617,-1.122,-0.0,-0.082,-0.322,0.24,-0.082,-0.322,0.24,0.151,-0.373,0.547,0.357,0.19,-0.973,0.032,-1.005,0.594,0.12,0.474,0.569,0.165,0.404,0.126,-0.342,0.467,-0.569,-0.071,-0.071,0.031,-0.0,-0.569,-0.307,-0.262,-0.569,-0.307,-0.262,1.204,-0.276,1.153,-1.122,0.031,55096,27626,27470
1630,Mikki Moore,2005,-0.517,0.034,-0.551,-0.264,0.007,-0.271,0.392,-0.088,0.48,-0.679,-0.079,-0.6,0.208,0.22,-0.01,-1.031,0.686,0.686,-1.34,-0.654,-0.0,-1.031,-0.707,-0.324,-1.031,-0.707,-0.324,-1.916,-0.241,0.819,0.058,0.761,0.319,0.2,0.119,-0.002,-0.028,0.026,0.444,-0.013,0.457,-0.448,-0.508,0.059,0.226,0.079,0.079,0.597,0.676,0.0,0.226,0.038,0.188,0.226,0.038,0.188,0.903,0.144,0.303,0.092,0.211,0.056,0.208,-0.152,0.391,-0.115,0.506,-0.236,-0.092,-0.144,-0.24,-0.289,0.049,-0.806,0.765,0.765,0.022,-0.0,-0.806,-0.669,-0.137,-0.806,-0.669,-0.137,-1.013,-0.097,-0.654,0.676,0.022,13352,6654,6698
2080,Igor Rakocevic,2005,0.871,-0.204,1.075,0.069,-0.058,0.127,0.85,0.117,0.733,0.156,-0.018,0.174,0.285,0.406,-0.118,-0.558,-0.846,-0.846,0.598,-0.248,0.0,-0.558,-0.345,-0.213,-0.558,-0.345,-0.213,0.305,-0.005,-0.119,0.223,-0.342,0.221,0.019,0.202,-0.353,-0.066,-0.287,-0.21,0.015,-0.225,-0.169,-0.124,-0.044,0.193,0.358,0.358,-0.095,0.263,0.0,0.193,0.108,0.085,0.193,0.108,0.085,0.025,0.078,0.752,0.019,0.733,0.29,-0.039,0.329,0.497,0.05,0.447,-0.054,-0.003,-0.051,0.116,0.282,-0.162,-0.365,-0.487,-0.487,0.015,0.0,-0.365,-0.237,-0.128,-0.365,-0.237,-0.128,0.33,0.072,-0.248,0.263,0.015,927,470,457
1921,Gordan Giricek,2005,0.778,0.046,0.732,-0.188,0.182,-0.37,0.673,0.18,0.493,0.247,0.01,0.237,0.376,0.105,0.27,-0.215,-0.594,-0.594,0.939,0.345,0.0,-0.215,0.116,-0.331,-0.215,0.116,-0.331,-0.856,-0.053,0.226,0.158,0.068,-0.042,0.012,-0.054,0.041,-0.045,0.086,0.069,0.014,0.055,-0.126,-0.237,0.112,-0.294,-0.146,-0.146,-0.194,-0.34,-0.0,-0.294,-0.548,0.254,-0.294,-0.548,0.254,0.666,-0.07,1.006,0.204,0.802,-0.229,0.195,-0.424,0.713,0.135,0.578,0.318,0.025,0.293,0.249,-0.132,0.382,-0.51,-0.74,-0.74,0.005,-0.001,-0.51,-0.432,-0.078,-0.51,-0.432,-0.078,-0.19,-0.123,0.345,-0.34,0.004,23033,11512,11521
275,Allan Houston,2005,1.68,-0.078,1.758,-1.558,-0.693,-0.865,1.772,-0.219,1.991,1.544,0.093,1.451,0.449,-0.075,0.522,0.663,-1.618,-1.618,2.792,1.174,0.0,0.663,0.442,0.221,0.663,0.442,0.221,-0.812,-1.736,-1.214,0.118,-1.332,-0.702,0.101,-0.803,-0.322,-0.043,-0.279,-0.308,-0.027,-0.281,-0.245,-0.185,-0.06,-0.161,0.445,0.445,-1.62,-1.175,0.0,-0.161,-0.226,0.065,-0.161,-0.226,0.065,-0.517,0.033,0.465,0.04,0.425,-2.261,-0.592,-1.669,1.45,-0.262,1.712,1.236,0.066,1.17,0.205,-0.259,0.462,0.502,-1.173,-1.173,-0.001,0.0,0.502,0.215,0.287,0.502,0.215,0.287,-1.329,-1.703,1.174,-1.175,-0.001,56552,28297,28255
2772,Trevor Ariza,2005,-0.021,-0.313,0.292,0.58,0.188,0.392,-0.021,0.078,-0.099,-0.267,-0.184,-0.083,0.352,0.804,-0.451,-0.924,0.306,0.306,-0.593,-0.287,0.0,-0.924,-0.043,-0.881,-0.924,-0.043,-0.881,-1.971,0.154,0.282,0.082,0.2,-0.44,-0.044,-0.396,0.78,-0.099,0.879,-0.14,0.007,-0.147,-0.123,-0.013,-0.108,-0.048,0.172,0.172,0.111,0.283,0.0,-0.048,0.12,-0.168,-0.048,0.12,-0.168,0.903,-0.381,0.262,-0.231,0.493,0.14,0.144,-0.004,0.76,-0.021,0.781,-0.407,-0.177,-0.23,0.229,0.792,-0.559,-0.973,0.478,0.478,-0.004,0.0,-0.973,0.077,-1.05,-0.973,0.077,-1.05,-1.067,-0.226,-0.287,0.283,-0.004,5153,2581,2572
2071,Olumide Oyedeji,2005,-0.155,-0.527,0.372,-0.549,-0.139,-0.41,0.598,-0.146,0.744,0.323,-0.079,0.402,-0.418,-0.571,0.154,-0.064,0.153,0.153,-0.637,-0.484,0.0,-0.064,-0.042,-0.022,-0.064,-0.042,-0.022,-1.025,-0.289,0.386,0.082,0.304,-0.063,0.247,-0.31,0.178,0.033,0.145,0.189,-0.053,0.242,0.154,0.104,0.048,-0.298,0.231,0.231,0.242,0.473,-0.0,-0.298,0.059,-0.357,-0.298,0.059,-0.357,-0.622,0.056,0.231,-0.445,0.676,-0.611,0.109,-0.72,0.775,-0.114,0.889,0.512,-0.132,0.644,-0.264,-0.467,0.202,-0.361,0.384,0.384,-0.011,-0.0,-0.361,0.017,-0.378,-0.361,0.017,-0.378,-1.646,-0.233,-0.484,0.473,-0.011,2244,1116,1128
2072,Michael Redd,2005,0.375,-0.158,0.533,0.201,0.225,-0.024,-0.098,0.43,-0.528,0.43,0.103,0.327,0.687,0.354,0.33,1.139,1.255,1.255,2.201,3.456,0.0,1.139,0.417,0.722,1.139,0.417,0.722,1.546,0.504,-1.64,0.083,-1.723,-0.406,-0.172,-0.234,-0.661,-0.144,-0.517,-0.656,0.016,-0.672,-0.242,-0.183,-0.056,-0.963,-0.622,-0.622,-2.845,-3.467,-0.0,-0.963,-0.303,-0.66,-0.963,-0.303,-0.66,-2.41,-0.588,-1.266,-0.075,-1.191,-0.207,0.052,-0.259,-0.758,0.287,-1.045,-0.226,0.119,-0.345,0.445,0.171,0.274,0.176,0.633,0.633,-0.011,-0.0,0.176,0.114,0.062,0.176,0.114,0.062,-0.864,-0.084,3.456,-3.467,-0.011,37735,18898,18837
1506,Austin Croshere,2005,-0.493,0.086,-0.579,-0.389,-0.162,-0.227,-0.467,0.327,-0.794,0.277,0.281,-0.004,0.546,-0.088,0.632,-0.399,0.835,0.835,-0.346,0.489,0.0,-0.399,0.061,-0.46,-0.399,0.061,-0.46,-0.291,-0.776,-0.887,0.025,-0.912,-0.384,0.142,-0.526,-0.416,0.119,-0.535,-0.112,-0.028,-0.084,-0.008,0.192,-0.2,-0.508,0.891,0.891,-1.403,-0.512,0.0,-0.508,-0.571,0.063,-0.508,-0.571,0.063,-1.0,-0.008,-1.38,0.111,-1.491,-0.774,-0.02,-0.754,-0.882,0.447,-1.329,0.165,0.253,-0.088,0.537,0.103,0.432,-0.907,1.726,1.726,-0.023,0.0,-0.907,-0.51,-0.397,-0.907,-0.51,-0.397,-1.291,-0.784,0.489,-0.512,-0.023,35740,17928,17812
375,Isaiah Rider,2005,0.363,-0.275,0.638,0.117,-0.235,0.352,0.743,-0.07,0.813,-0.222,0.067,-0.289,-0.169,-0.087,-0.078,0.556,0.966,0.966,0.75,1.716,0.0,0.556,0.532,0.024,0.556,0.532,0.024,-1.347,-0.311,-0.495,0.119,-0.614,-1.004,-0.339,-0.665,0.166,-0.16,0.326,0.224,0.008,0.216,-0.306,-0.198,-0.111,-0.594,-0.345,-0.345,-1.395,-1.74,0.0,-0.594,-0.606,0.012,-0.594,-0.606,0.012,-0.165,-0.556,-0.133,-0.156,0.023,-0.887,-0.574,-0.313,0.908,-0.23,1.138,0.002,0.075,-0.073,-0.475,-0.285,-0.188,-0.038,0.621,0.621,-0.024,0.0,-0.038,-0.074,0.036,-0.038,-0.074,0.036,-1.512,-0.867,1.716,-1.74,-0.024,13146,6566,6580
1723,Matt Harpring,2005,-0.148,-0.038,-0.11,0.253,-0.009,0.262,-0.003,-0.206,0.203,-0.36,-0.201,-0.159,0.383,0.204,0.18,-0.289,1.493,1.493,-0.054,1.439,0.0,-0.289,-0.163,-0.126,-0.289,-0.163,-0.126,1.499,0.418,-0.769,0.01,-0.779,-0.566,0.029,-0.595,0.027,-0.13,0.157,-0.24,-0.058,-0.182,-0.392,-0.188,-0.204,-0.325,0.015,0.015,-1.486,-1.471,0.0,-0.325,-0.295,-0.03,-0.325,-0.295,-0.03,-1.018,-0.193,-0.917,-0.028,-0.889,-0.313,0.02,-0.333,0.024,-0.336,0.36,-0.6,-0.259,-0.341,-0.009,0.016,-0.024,-0.614,1.508,1.508,-0.032,0.0,-0.614,-0.458,-0.156,-0.614,-0.458,-0.156,0.481,0.226,1.439,-1.471,-0.032,39999,19996,20003
2419,Tayshaun Prince,2005,-1.771,-0.004,-1.767,0.479,0.377,0.102,-1.239,0.204,-1.443,-1.007,-0.024,-0.983,-0.546,-0.258,-0.288,0.669,0.09,0.09,-1.648,-1.558,0.0,0.669,0.368,0.301,0.669,0.368,0.301,-0.5,0.985,0.616,0.088,0.528,0.316,-0.213,0.529,-0.128,0.025,-0.153,0.34,0.025,0.315,0.716,0.813,-0.096,-0.117,0.306,0.306,1.215,1.521,0.0,-0.117,0.166,-0.283,-0.117,0.166,-0.283,-0.074,-0.195,-1.156,0.084,-1.24,0.795,0.164,0.631,-1.367,0.229,-1.596,-0.668,0.001,-0.669,0.17,0.555,-0.384,0.552,0.396,0.396,-0.037,0.001,0.552,0.534,0.018,0.552,0.534,0.018,-0.575,0.79,-1.558,1.521,-0.036,30380,15234,15146
922,Elden Campbell,2005,-0.174,0.321,-0.495,-0.094,0.156,-0.25,0.109,-0.497,0.606,-0.51,-0.374,-0.136,0.314,0.207,0.104,-0.547,-0.827,-0.827,-0.407,-1.234,0.0,-0.547,0.126,-0.673,-0.547,0.126,-0.673,0.331,0.232,1.651,-0.519,2.17,1.146,-0.041,1.187,0.877,0.274,0.603,0.147,0.011,0.136,0.625,0.667,-0.043,-0.132,-0.953,-0.953,2.144,1.191,0.0,-0.132,0.08,-0.212,-0.132,0.08,-0.212,-0.83,0.286,1.476,-0.198,1.674,1.051,0.115,0.936,0.986,-0.223,1.209,-0.363,-0.363,-0.0,0.938,0.874,0.06,-0.679,-1.78,-1.78,-0.043,0.0,-0.679,0.206,-0.885,-0.679,0.206,-0.885,-0.499,0.518,-1.234,1.191,-0.043,36296,18045,18251
72,Kenny Anderson,2005,-1.507,-0.232,-1.275,-0.666,0.304,-0.97,-0.733,-0.265,-0.468,0.124,-0.198,0.322,-0.687,-0.537,-0.146,0.645,0.443,0.443,-1.549,-1.106,-0.0,0.645,0.561,0.084,0.645,0.561,0.084,-1.206,-0.358,0.6,0.166,0.434,-0.131,-0.122,-0.009,-0.114,-0.084,-0.03,0.679,0.039,0.64,-0.25,-0.283,0.032,0.602,0.109,0.109,0.952,1.061,0.0,0.602,0.48,0.122,0.602,0.48,0.122,1.216,-0.262,-0.906,-0.066,-0.84,-0.796,0.183,-0.979,-0.847,-0.349,-0.498,0.803,-0.159,0.962,-0.937,-0.82,-0.115,1.247,0.552,0.552,-0.045,-0.0,1.247,1.041,0.206,1.247,1.041,0.206,0.01,-0.621,-1.106,1.061,-0.045,35573,17809,17764
2740,Andris Biedrins,2005,0.102,0.075,0.027,-0.32,-0.177,-0.143,-0.721,0.168,-0.889,1.068,0.171,0.897,-0.645,-0.313,-0.33,0.116,0.88,0.88,-0.427,0.453,0.0,0.116,0.034,0.082,0.116,0.034,0.082,0.863,0.074,0.179,0.061,0.118,0.134,0.114,0.02,0.249,-0.124,0.373,-0.265,-0.054,-0.211,-0.19,-0.242,0.05,-0.22,-0.269,-0.269,-0.231,-0.5,0.0,-0.22,-0.041,-0.179,-0.22,-0.041,-0.179,-0.43,0.05,0.283,0.136,0.147,-0.186,-0.063,-0.123,-0.472,0.044,-0.516,0.805,0.118,0.687,-0.835,-0.555,-0.281,-0.104,0.611,0.611,-0.047,0.0,-0.104,-0.007,-0.097,-0.104,-0.007,-0.097,0.433,0.123,0.453,-0.5,-0.047,1448,722,726
2128,David Vanterpool,2005,-0.066,-0.075,0.009,0.874,0.146,0.728,-0.108,0.082,-0.19,-0.757,-0.048,-0.709,-0.104,-0.004,-0.098,0.008,0.182,0.182,-0.162,0.02,-0.0,0.008,0.168,-0.16,0.008,0.168,-0.16,-0.242,0.238,-0.763,-0.019,-0.744,-0.203,-0.033,-0.17,-0.387,-0.044,-0.343,-0.154,0.027,-0.181,-0.204,-0.143,-0.06,0.166,0.725,0.725,-0.801,-0.076,-0.0,0.166,-0.005,0.171,0.166,-0.005,0.171,0.017,-0.27,-0.829,-0.094,-0.735,0.671,0.113,0.558,-0.494,0.038,-0.532,-0.912,-0.022,-0.89,-0.308,-0.147,-0.158,0.174,0.907,0.907,-0.056,-0.0,0.174,0.163,0.011,0.174,0.163,0.011,-0.225,-0.032,0.02,-0.076,-0.056,1643,821,822
248,George Lynch,2005,-0.821,-0.012,-0.809,0.865,-0.022,0.887,-1.236,-0.184,-1.052,-0.438,-0.055,-0.383,-0.573,-0.527,-0.044,-0.795,0.225,0.225,-2.189,-1.964,0.0,-0.795,-0.308,-0.487,-0.795,-0.308,-0.487,0.094,0.238,1.18,-0.378,1.558,-0.311,-0.057,-0.254,1.543,0.119,1.424,0.326,-0.018,0.344,0.273,0.269,0.002,0.873,-0.419,-0.419,2.326,1.907,0.0,0.873,0.157,0.716,0.873,0.157,0.716,0.732,-0.122,0.36,-0.39,0.75,0.554,-0.079,0.633,0.308,-0.065,0.373,-0.112,-0.073,-0.039,-0.3,-0.258,-0.042,0.079,-0.194,-0.194,-0.057,0.0,0.079,-0.151,0.23,0.079,-0.151,0.23,0.826,0.116,-1.964,1.907,-0.057,41694,20662,21032
198,Danny Ferry,2005,0.789,-0.257,1.046,-0.456,-0.349,-0.107,0.495,-0.073,0.568,1.007,0.114,0.893,-0.414,-0.332,-0.079,0.019,-0.339,-0.339,0.394,0.055,-0.0,0.019,0.117,-0.098,0.019,0.117,-0.098,2.356,-0.755,1.138,0.126,1.012,0.373,0.078,0.295,-0.07,-0.035,-0.035,0.709,0.01,0.699,-0.431,-0.334,-0.098,-0.535,-0.287,-0.287,0.172,-0.115,0.0,-0.535,-0.297,-0.238,-0.535,-0.297,-0.238,2.016,0.517,1.926,-0.131,2.057,-0.083,-0.271,0.188,0.424,-0.108,0.532,1.716,0.124,1.592,-0.845,-0.666,-0.177,-0.516,-0.625,-0.625,-0.06,0.0,-0.516,-0.18,-0.336,-0.516,-0.18,-0.336,4.372,-0.239,0.055,-0.115,-0.06,18941,9506,9435
1501,Tim Thomas,2005,1.496,0.025,1.471,-0.243,-0.006,-0.237,1.329,0.316,1.013,0.385,0.22,0.165,0.112,-0.028,0.139,0.039,-0.903,-0.903,1.647,0.744,0.0,0.039,0.083,-0.044,0.039,0.083,-0.044,1.451,-0.373,-0.106,0.099,-0.205,0.293,0.027,0.266,-0.683,-0.153,-0.53,0.185,-0.044,0.229,-0.295,-0.254,-0.043,-0.069,-0.354,-0.354,-0.47,-0.824,0.0,-0.069,-0.244,0.175,-0.069,-0.244,0.175,1.099,0.387,1.392,0.124,1.268,0.05,0.021,0.029,0.648,0.164,0.484,0.57,0.176,0.394,-0.183,-0.283,0.096,-0.029,-1.257,-1.257,-0.08,-0.0,-0.029,-0.161,0.132,-0.029,-0.161,0.132,2.55,0.014,0.744,-0.824,-0.08,51741,25887,25854
1052,Ben Handlogten,2005,0.921,0.162,0.759,0.455,0.152,0.303,-0.17,0.072,-0.242,0.474,-0.049,0.523,-0.115,0.017,-0.131,-0.676,0.903,0.903,0.13,1.033,0.0,-0.676,-0.266,-0.41,-0.676,-0.266,-0.41,0.847,0.5,-0.51,0.193,-0.703,-0.294,0.124,-0.418,-0.09,-0.09,-0.0,-0.319,-0.004,-0.315,-0.558,-0.557,0.0,-0.046,0.0,0.0,-1.114,-1.114,0.0,-0.046,0.115,-0.161,-0.046,0.115,-0.161,-0.601,-0.168,0.41,0.355,0.055,0.161,0.275,-0.114,-0.26,-0.018,-0.242,0.154,-0.053,0.207,-0.673,-0.54,-0.131,-0.722,0.903,0.903,-0.081,0.0,-0.722,-0.151,-0.571,-0.722,-0.151,-0.571,0.245,0.332,1.033,-1.114,-0.081,1674,833,841
445,Wesley Person,2005,2.024,-0.051,2.075,-0.769,-0.494,-0.275,1.015,-0.124,1.139,1.829,0.118,1.711,-0.119,-0.186,0.068,0.618,-1.054,-1.054,2.523,1.469,0.0,0.618,0.668,-0.05,0.618,0.668,-0.05,3.615,-0.967,-1.011,0.064,-1.075,-0.149,-0.22,0.071,-0.623,-0.083,-0.54,-0.303,0.052,-0.355,0.048,-0.139,0.183,-0.482,-0.11,-0.11,-1.445,-1.555,0.0,-0.482,-0.204,-0.278,-0.482,-0.204,-0.278,-0.673,-0.318,1.014,0.013,1.001,-0.918,-0.714,-0.204,0.392,-0.207,0.599,1.527,0.17,1.357,-0.071,-0.325,0.252,0.136,-1.164,-1.164,-0.086,-0.0,0.136,0.464,-0.328,0.136,0.464,-0.328,2.942,-1.284,1.469,-1.555,-0.086,36302,18151,18151
2776,Pape Sow,2005,-0.095,-0.201,0.106,-0.156,-0.152,-0.004,-0.026,-0.038,0.012,0.288,-0.053,0.341,0.046,0.11,-0.062,0.098,-0.05,-0.05,0.049,-0.001,0.0,0.098,-0.089,0.187,0.098,-0.089,0.187,-1.453,-0.434,-0.517,0.184,-0.701,-0.187,0.108,-0.295,-0.242,-0.091,-0.151,-0.272,-0.025,-0.247,-0.268,-0.153,-0.111,0.144,0.523,0.523,-0.641,-0.118,0.0,0.144,-0.05,0.194,0.144,-0.05,0.194,-0.198,-0.028,-0.614,-0.017,-0.597,-0.344,-0.044,-0.3,-0.268,-0.129,-0.139,0.015,-0.078,0.093,-0.222,-0.043,-0.173,0.242,0.473,0.473,-0.119,0.0,0.242,-0.14,0.382,0.242,-0.14,0.382,-1.65,-0.462,-0.001,-0.118,-0.119,951,475,476
707,Davis,2005,-0.782,-0.081,-0.701,0.135,0.087,0.048,-0.45,-0.037,-0.413,-0.386,-0.108,-0.278,0.046,0.193,-0.143,-0.018,0.349,0.349,-0.754,-0.405,0.0,-0.018,-0.004,-0.014,-0.018,-0.004,-0.014,-1.708,-0.156,0.186,0.11,0.076,0.157,0.164,-0.007,0.022,-0.088,0.11,-0.103,-0.027,-0.076,-0.232,-0.278,0.045,0.656,-0.329,-0.329,0.61,0.281,0.0,0.656,0.499,0.157,0.656,0.499,0.157,0.39,0.183,-0.597,0.029,-0.626,0.292,0.251,0.041,-0.429,-0.126,-0.303,-0.489,-0.135,-0.354,-0.186,-0.085,-0.098,0.638,0.02,0.02,-0.124,0.001,0.638,0.495,0.143,0.638,0.495,0.143,-1.318,0.027,-0.405,0.281,-0.123,1879,935,944
317,John Starks,2005,-0.704,-0.076,-0.628,-0.666,0.001,-0.667,0.349,0.203,0.146,-0.311,0.139,-0.45,-0.054,-0.04,-0.013,0.819,0.989,0.989,0.061,1.05,0.0,0.819,0.134,0.685,0.819,0.134,0.685,1.436,-0.173,-0.885,0.178,-1.063,-0.633,-0.091,-0.542,-0.535,-0.173,-0.362,0.105,0.004,0.101,-0.418,-0.387,-0.03,0.525,-0.408,-0.408,-0.778,-1.186,0.0,0.525,0.1,0.425,0.525,0.1,0.425,0.634,-0.014,-1.59,0.102,-1.692,-1.299,-0.09,-1.209,-0.187,0.03,-0.217,-0.206,0.143,-0.349,-0.472,-0.428,-0.042,1.344,0.58,0.58,-0.136,-0.001,1.344,0.235,1.109,1.344,0.235,1.109,2.071,-0.187,1.05,-1.186,-0.137,16196,8094,8102
672,Matt Bullard,2005,0.489,-0.062,0.551,-0.716,-0.212,-0.504,-0.191,0.512,-0.703,1.458,0.464,0.994,-0.203,-0.414,0.213,0.989,-0.135,-0.135,1.275,1.14,0.0,0.989,0.61,0.379,0.989,0.61,0.379,2.148,-0.655,0.192,0.056,0.136,0.361,0.062,0.299,-0.343,0.15,-0.493,0.118,0.077,0.041,0.07,0.009,0.061,-0.868,-0.676,-0.676,-0.606,-1.282,0.0,-0.868,-0.761,-0.107,-0.868,-0.761,-0.107,0.479,0.409,0.68,-0.006,0.686,-0.355,-0.15,-0.205,-0.534,0.662,-1.196,1.575,0.54,1.035,-0.133,-0.405,0.275,0.121,-0.812,-0.812,-0.142,0.0,0.121,-0.152,0.273,0.121,-0.152,0.273,2.627,-0.246,1.14,-1.282,-0.142,9048,4549,4499
1509,Kelvin Cato,2005,0.073,0.329,-0.256,0.338,0.088,0.25,-0.317,-0.252,-0.065,-0.277,-0.085,-0.192,-0.818,-0.529,-0.288,-1.181,-0.657,-0.657,-1.926,-2.583,0.0,-1.181,-0.631,-0.55,-1.181,-0.631,-0.55,0.248,0.757,1.838,-0.074,1.912,1.323,0.252,1.071,0.549,0.419,0.13,0.04,0.052,-0.012,0.792,0.809,-0.017,-0.268,0.07,0.07,2.362,2.432,0.0,-0.268,-0.091,-0.177,-0.268,-0.091,-0.177,0.41,0.792,1.913,0.255,1.658,1.661,0.34,1.321,0.233,0.167,0.066,-0.236,-0.033,-0.203,-0.026,0.28,-0.305,-1.449,-0.587,-0.587,-0.151,-0.001,-1.449,-0.722,-0.727,-1.449,-0.722,-0.727,0.658,1.55,-2.583,2.432,-0.152,32910,16424,16486
2225,Tony Parker,2005,1.4,0.005,1.395,1.349,0.386,0.963,-0.035,0.409,-0.444,0.081,0.006,0.075,0.015,0.631,-0.617,0.574,-0.909,-0.909,1.989,1.08,0.0,0.574,0.417,0.157,0.574,0.417,0.157,-1.977,-0.029,-0.877,0.037,-0.914,-0.39,-0.263,-0.127,-0.115,0.025,-0.14,-0.409,0.158,-0.567,-0.215,-0.112,-0.101,-0.022,-0.119,-0.119,-1.114,-1.233,0.0,-0.022,0.108,-0.13,-0.022,0.108,-0.13,0.602,-0.367,0.523,0.042,0.481,0.959,0.123,0.836,-0.15,0.434,-0.584,-0.328,0.164,-0.492,-0.199,0.519,-0.719,0.552,-1.028,-1.028,-0.153,0.0,0.552,0.525,0.027,0.552,0.525,0.027,-1.375,-0.396,1.08,-1.233,-0.153,47245,23664,23581
2049,Speedy Claxton,2005,-2.652,-0.251,-2.401,-0.459,0.066,-0.525,-0.842,-0.042,-0.8,-1.1,-0.092,-1.008,0.217,0.249,-0.033,0.711,0.413,0.413,-1.724,-1.311,0.0,0.711,0.66,0.051,0.711,0.66,0.051,-1.916,-0.374,-0.42,0.149,-0.569,0.208,0.019,0.189,-0.584,-0.047,-0.537,-0.193,0.024,-0.217,-0.382,-0.349,-0.03,1.552,0.385,0.385,0.75,1.135,0.0,1.552,0.38,1.172,1.552,0.38,1.172,0.994,0.374,-3.072,-0.102,-2.97,-0.249,0.086,-0.335,-1.426,-0.089,-1.337,-1.295,-0.069,-1.226,-0.165,-0.101,-0.063,2.263,0.798,0.798,-0.176,0.0,2.263,1.04,1.223,2.263,1.04,1.223,-0.922,-0.0,-1.311,1.135,-0.176,22098,11035,11063
89,Nick Van Exel,2005,0.996,-0.087,1.083,-0.185,-0.235,0.05,0.509,0.417,0.092,0.759,0.327,0.432,0.285,0.28,0.006,1.472,-0.101,-0.101,2.753,2.652,0.0,1.472,0.663,0.809,1.472,0.663,0.809,0.419,0.105,-0.821,0.017,-0.838,-0.447,0.141,-0.588,-0.335,-0.123,-0.212,-0.056,-0.122,0.066,-0.129,-0.145,0.018,-1.211,-0.668,-0.668,-2.161,-2.829,0.0,-1.211,-0.608,-0.603,-1.211,-0.608,-0.603,-3.273,-0.247,0.175,-0.07,0.245,-0.632,-0.094,-0.538,0.175,0.295,-0.12,0.702,0.205,0.497,0.156,0.135,0.024,0.261,-0.77,-0.77,-0.177,0.001,0.261,0.055,0.206,0.261,0.055,0.206,-2.854,-0.142,2.652,-2.829,-0.176,53034,26508,26526
180,John Crotty,2005,-1.934,-0.505,-1.429,-1.721,0.196,-1.917,-0.061,0.35,-0.411,0.353,0.043,0.31,0.353,0.361,-0.006,0.622,0.967,0.967,-0.959,0.008,-0.0,0.622,0.488,0.134,0.622,0.488,0.134,0.024,-0.474,1.035,0.12,0.915,0.142,0.282,-0.14,0.703,-0.003,0.706,0.07,0.02,0.05,-0.586,-0.644,0.059,-0.018,-0.616,-0.616,0.431,-0.185,0.0,-0.018,-0.116,0.098,-0.018,-0.116,0.098,1.244,0.173,-0.898,-0.385,-0.513,-1.578,0.478,-2.056,0.643,0.348,0.295,0.422,0.062,0.36,-0.233,-0.283,0.053,0.603,0.351,0.351,-0.177,0.001,0.603,0.372,0.231,0.603,0.372,0.231,1.267,-0.301,0.008,-0.185,-0.176,8444,4227,4217
1734,Sam Jacobson,2005,0.892,-0.285,1.177,-0.268,-0.176,-0.092,1.704,0.007,1.697,-0.259,-0.028,-0.231,0.39,0.437,-0.043,0.498,-0.647,-0.647,1.78,1.133,0.0,0.498,0.188,0.31,0.498,0.188,0.31,-1.279,-0.634,-1.305,0.139,-1.444,-0.145,0.148,-0.293,-1.032,-0.16,-0.872,-0.267,0.01,-0.277,-0.857,-0.805,-0.051,0.336,0.512,0.512,-1.826,-1.314,-0.0,0.336,0.071,0.265,0.336,0.071,0.265,-0.294,-0.057,-0.413,-0.146,-0.267,-0.414,-0.029,-0.385,0.672,-0.153,0.825,-0.525,-0.018,-0.507,-0.466,-0.368,-0.093,0.833,-0.135,-0.135,-0.181,-0.0,0.833,0.259,0.574,0.833,0.259,0.574,-1.573,-0.691,1.133,-1.314,-0.181,2986,1486,1500
2428,Vincent Yarbrough,2005,-1.06,0.12,-1.18,0.224,-0.087,0.311,-0.434,-0.138,-0.296,-0.97,-0.102,-0.868,0.103,0.389,-0.284,0.578,0.588,0.588,-0.379,0.209,0.0,0.578,0.022,0.556,0.578,0.022,0.556,1.45,0.124,0.238,0.124,0.114,0.155,0.164,-0.009,0.097,-0.068,0.165,-0.138,0.014,-0.152,-0.674,-0.6,-0.074,0.26,-0.226,-0.226,-0.176,-0.402,0.0,0.26,0.582,-0.322,0.26,0.582,-0.322,0.076,0.198,-0.823,0.244,-1.067,0.379,0.077,0.302,-0.337,-0.206,-0.131,-1.109,-0.088,-1.021,-0.571,-0.211,-0.357,0.839,0.362,0.362,-0.193,0.0,0.839,0.605,0.234,0.839,0.605,0.234,1.526,0.322,0.209,-0.402,-0.193,5242,2600,2642
2749,Jameer Nelson,2005,0.399,0.112,0.287,0.065,0.095,-0.03,0.498,0.027,0.471,-0.276,-0.026,-0.25,-0.298,-0.051,-0.248,0.57,0.019,0.019,0.671,0.69,-0.0,0.57,-0.066,0.636,0.57,-0.066,0.636,0.447,0.366,0.062,0.179,-0.117,0.295,-0.04,0.335,-0.513,-0.193,-0.32,0.101,0.013,0.088,-0.419,-0.611,0.195,0.146,-0.696,-0.696,-0.211,-0.907,-0.0,0.146,0.159,-0.013,0.146,0.159,-0.013,1.054,-0.134,0.461,0.291,0.17,0.36,0.055,0.305,-0.015,-0.166,0.151,-0.175,-0.013,-0.162,-0.717,-0.663,-0.053,0.716,-0.677,-0.677,-0.217,-0.0,0.716,0.093,0.623,0.716,0.093,0.623,1.501,0.232,0.69,-0.907,-0.217,6358,3173,3185
2000,Willoughby,2005,-0.092,-0.006,-0.086,0.074,-0.095,0.169,-0.162,0.2,-0.362,0.002,0.127,-0.125,-0.122,0.188,-0.307,-0.505,0.568,0.568,-0.719,-0.151,0.0,-0.505,-0.474,-0.031,-0.505,-0.474,-0.031,-0.32,-0.269,-0.389,0.094,-0.483,-0.281,-0.008,-0.273,0.029,-0.052,0.081,-0.231,0.053,-0.284,-0.353,-0.338,-0.013,0.503,0.146,0.146,-0.239,-0.093,0.0,0.503,0.366,0.137,0.503,0.366,0.137,1.182,-0.026,-0.482,0.088,-0.57,-0.208,-0.103,-0.105,-0.133,0.148,-0.281,-0.229,0.18,-0.409,-0.475,-0.149,-0.32,-0.002,0.713,0.713,-0.244,0.0,-0.002,-0.108,0.106,-0.002,-0.108,0.106,0.862,-0.296,-0.151,-0.093,-0.244,1945,971,974
134,Johnson,2005,-0.361,0.028,-0.389,-0.209,0.16,-0.369,0.708,0.056,0.652,-0.888,-0.019,-0.869,-0.289,-0.17,-0.117,-0.06,-0.015,-0.015,-0.71,-0.725,0.0,-0.06,-0.417,0.357,-0.06,-0.417,0.357,0.495,0.366,0.462,0.006,0.456,-0.039,0.042,-0.081,0.312,-0.028,0.34,0.183,0.002,0.181,0.026,-0.089,0.111,0.05,-0.058,-0.058,0.538,0.48,-0.0,0.05,0.046,0.004,0.05,0.046,0.004,-0.056,-0.037,0.101,0.034,0.067,-0.249,0.202,-0.451,1.021,0.028,0.993,-0.705,-0.018,-0.687,-0.263,-0.258,-0.006,-0.01,-0.073,-0.073,-0.245,-0.0,-0.01,-0.371,0.361,-0.01,-0.371,0.361,0.439,0.329,-0.725,0.48,-0.245,915,458,457
1038,Juaquin Hawkins,2005,0.22,-0.23,0.45,0.09,-0.001,0.091,0.731,-0.107,0.838,-0.371,-0.111,-0.26,-0.113,0.072,-0.183,-0.148,-0.394,-0.394,-0.041,-0.435,0.0,-0.148,-0.042,-0.106,-0.148,-0.042,-0.106,-0.063,0.09,0.004,0.16,-0.156,-0.172,0.086,-0.258,-0.053,-0.036,-0.017,0.069,0.011,0.058,-0.19,-0.198,0.009,-0.357,0.714,0.714,-0.543,0.171,-0.0,-0.357,-0.251,-0.106,-0.357,-0.251,-0.106,0.553,0.064,0.225,-0.07,0.295,-0.081,0.086,-0.167,0.678,-0.143,0.821,-0.302,-0.1,-0.202,-0.302,-0.127,-0.174,-0.505,0.32,0.32,-0.264,-0.0,-0.505,-0.294,-0.211,-0.505,-0.294,-0.211,0.49,0.154,-0.435,0.171,-0.264,2483,1234,1249
1744,Jerome James,2005,-0.471,0.326,-0.797,0.302,-0.302,0.604,-0.869,-0.672,-0.197,-0.23,-0.127,-0.103,-1.333,-1.101,-0.231,-1.061,0.461,0.461,-2.865,-2.404,0.0,-1.061,-0.093,-0.968,-1.061,-0.093,-0.968,-1.086,-0.4,2.305,-0.162,2.467,0.698,0.394,0.304,1.087,0.388,0.699,0.682,0.052,0.63,0.276,0.083,0.195,-0.539,0.087,0.087,2.042,2.129,-0.0,-0.539,-0.236,-0.303,-0.539,-0.236,-0.303,-0.032,0.44,1.834,0.164,1.67,1.0,0.092,0.908,0.218,-0.284,0.502,0.452,-0.075,0.527,-1.057,-1.018,-0.036,-1.6,0.548,0.548,-0.275,-0.0,-1.6,-0.329,-1.271,-1.6,-0.329,-1.271,-1.117,0.04,-2.404,2.129,-0.275,16015,8006,8009
2668,Josh Davis,2005,-0.487,-0.121,-0.366,0.005,0.066,-0.061,-0.016,0.331,-0.347,-0.355,0.152,-0.507,-0.038,-0.182,0.146,0.053,-0.504,-0.504,-0.472,-0.976,0.0,0.053,-0.375,0.428,0.053,-0.375,0.428,-0.311,-0.0,1.01,0.282,0.728,0.066,0.086,-0.02,0.284,-0.124,0.408,0.378,-0.018,0.396,-0.237,-0.279,0.042,-0.148,0.061,0.061,0.625,0.686,0.0,-0.148,-0.168,0.02,-0.148,-0.168,0.02,0.754,0.057,0.522,0.161,0.361,0.072,0.152,-0.08,0.267,0.206,0.061,0.022,0.134,-0.112,-0.275,-0.462,0.188,-0.096,-0.443,-0.443,-0.29,-0.001,-0.096,-0.543,0.447,-0.096,-0.543,0.447,0.443,0.057,-0.976,0.686,-0.291,1371,684,687
2204,Eddie Griffin,2005,-0.784,0.2,-0.984,-0.56,-0.444,-0.116,-0.109,0.014,-0.123,-0.315,0.258,-0.573,-0.669,-0.453,-0.218,0.526,0.534,0.534,-0.927,-0.393,0.0,0.526,-0.028,0.554,0.526,-0.028,0.554,-0.311,-1.016,1.102,0.013,1.089,0.88,-0.325,1.205,-0.232,-0.019,-0.213,0.441,0.031,0.41,0.825,0.758,0.07,-1.247,-0.584,-0.584,0.68,0.096,0.0,-1.247,-0.515,-0.732,-1.247,-0.515,-0.732,-0.596,-0.114,0.317,0.213,0.104,0.319,-0.769,1.088,-0.341,-0.005,-0.336,0.126,0.288,-0.162,0.155,0.305,-0.148,-0.721,-0.049,-0.049,-0.297,0.0,-0.721,-0.542,-0.179,-0.721,-0.542,-0.179,-0.907,-1.13,-0.393,0.096,-0.297,19508,9765,9743
1086,Stephens,2005,-0.308,-0.198,-0.11,-0.198,0.043,-0.241,0.286,0.08,0.206,-0.198,0.012,-0.21,-0.236,-0.157,-0.076,-0.026,0.165,0.165,-0.57,-0.405,0.0,-0.026,0.019,-0.045,-0.026,0.019,-0.045,-0.961,-0.107,0.289,0.079,0.21,0.025,0.029,-0.004,0.053,-0.093,0.146,0.132,0.004,0.128,-0.425,-0.362,-0.061,0.252,-0.017,-0.017,0.116,0.099,0.0,0.252,0.152,0.1,0.252,0.152,0.1,0.742,0.075,-0.019,-0.119,0.1,-0.173,0.072,-0.245,0.339,-0.013,0.352,-0.066,0.016,-0.082,-0.661,-0.519,-0.137,0.226,0.148,0.148,-0.306,0.001,0.226,0.172,0.054,0.226,0.172,0.054,-0.219,-0.033,-0.405,0.099,-0.305,720,356,364
2667,Desmond Penigar,2005,-0.188,-0.026,-0.162,-0.175,-0.158,-0.017,0.115,-0.028,0.143,-0.102,-0.013,-0.089,-0.172,-0.067,-0.103,0.042,-0.039,-0.039,-0.318,-0.357,0.0,0.042,0.036,0.006,0.042,0.036,0.006,-0.782,-0.272,-0.006,0.082,-0.088,-0.019,0.009,-0.028,-0.126,-0.076,-0.05,0.057,-0.006,0.063,-0.076,-0.085,0.008,0.007,0.123,0.123,-0.075,0.048,0.0,0.007,0.02,-0.013,0.007,0.02,-0.013,-0.051,-0.118,-0.194,0.056,-0.25,-0.194,-0.149,-0.045,-0.011,-0.104,0.093,-0.045,-0.019,-0.026,-0.249,-0.152,-0.095,0.049,0.084,0.084,-0.309,0.0,0.049,0.057,-0.008,0.049,0.057,-0.008,-0.834,-0.389,-0.357,0.048,-0.309,327,166,161
1762,Tremaine Fowlkes,2005,-0.768,-0.09,-0.678,-0.546,-0.235,-0.311,-0.486,-0.148,-0.338,0.354,-0.043,0.397,-0.097,-0.079,-0.017,-0.495,0.113,0.113,-1.36,-1.247,-0.0,-0.495,-0.517,0.022,-0.495,-0.517,0.022,-1.712,-0.634,0.408,0.203,0.205,-0.304,-0.097,-0.207,-0.432,-0.037,-0.395,0.941,0.043,0.898,-0.128,-0.009,-0.118,0.347,0.295,0.295,0.627,0.922,0.0,0.347,0.02,0.327,0.347,0.02,0.327,1.395,-0.227,-0.362,0.113,-0.475,-0.85,-0.332,-0.518,-0.918,-0.185,-0.733,1.293,-0.001,1.294,-0.225,-0.089,-0.134,-0.148,0.408,0.408,-0.325,-0.0,-0.148,-0.497,0.349,-0.148,-0.497,0.349,-0.318,-0.861,-1.247,0.922,-0.325,4505,2231,2274
1965,Hughes,2005,-0.458,-0.008,-0.45,-0.652,-0.232,-0.42,-0.446,-0.083,-0.363,0.648,0.017,0.631,-0.414,-0.188,-0.223,0.273,0.709,0.709,-0.599,0.11,0.0,0.273,-0.121,0.394,0.273,-0.121,0.394,0.68,-0.342,-0.233,0.048,-0.281,-0.053,-0.043,-0.01,-0.276,-0.123,-0.153,0.048,-0.015,0.063,-0.04,-0.115,0.072,-0.016,-0.151,-0.151,-0.289,-0.44,0.0,-0.016,0.061,-0.077,-0.016,0.061,-0.077,-0.611,-0.197,-0.689,0.04,-0.729,-0.705,-0.275,-0.43,-0.722,-0.206,-0.516,0.698,0.003,0.695,-0.455,-0.304,-0.151,0.257,0.559,0.559,-0.33,0.0,0.257,-0.06,0.317,0.257,-0.06,0.317,0.068,-0.539,0.11,-0.44,-0.33,910,455,455
779,Glen Rice,2005,-0.218,-0.152,-0.066,-0.159,-0.115,-0.044,0.252,0.069,0.183,-0.159,0.026,-0.185,0.67,0.433,0.237,-0.252,-0.541,-0.541,0.2,-0.341,-0.0,-0.252,-0.174,-0.078,-0.252,-0.174,-0.078,-2.27,-0.468,0.071,0.134,-0.063,-0.048,0.229,-0.277,0.138,0.016,0.122,-0.153,0.002,-0.155,-0.354,-0.402,0.045,-0.32,0.606,0.606,-0.603,0.003,-0.0,-0.32,-0.234,-0.086,-0.32,-0.234,-0.086,1.759,0.446,-0.147,-0.018,-0.129,-0.207,0.114,-0.321,0.39,0.085,0.305,-0.312,0.028,-0.34,0.316,0.031,0.282,-0.572,0.065,0.065,-0.338,-0.0,-0.572,-0.407,-0.165,-0.572,-0.407,-0.165,-0.511,-0.022,-0.341,0.003,-0.338,29804,14944,14860
178,Olden Polynice,2005,1.39,0.314,1.076,0.943,0.384,0.559,0.145,-0.687,0.832,-0.012,-0.235,0.223,-2.126,-1.628,-0.497,-0.412,-0.269,-0.269,-1.148,-1.417,-0.0,-0.412,-0.388,-0.024,-0.412,-0.388,-0.024,5.131,1.379,-0.147,-0.101,-0.046,0.466,0.065,0.401,-0.3,0.367,-0.667,-0.212,0.039,-0.251,0.983,1.042,-0.06,0.148,0.067,0.067,0.984,1.051,0.0,0.148,-0.042,0.19,0.148,-0.042,0.19,-1.964,-0.001,1.245,0.213,1.032,1.409,0.449,0.96,-0.154,-0.319,0.165,-0.223,-0.196,-0.027,-1.143,-0.587,-0.557,-0.264,-0.203,-0.203,-0.366,-0.001,-0.264,-0.429,0.165,-0.264,-0.429,0.165,3.168,1.378,-1.417,1.051,-0.367,14173,7077,7096
2210,Richard Jefferson,2005,1.905,0.319,1.586,0.92,0.421,0.499,0.56,0.128,0.432,0.106,-0.127,0.233,0.486,0.424,0.058,-0.929,-1.606,-1.606,1.462,-0.144,0.0,-0.929,-0.192,-0.737,-0.929,-0.192,-0.737,-0.136,0.966,0.074,0.037,0.037,0.517,-0.07,0.587,-0.244,-0.145,-0.099,-0.236,-0.004,-0.232,-0.373,-0.372,0.002,0.018,0.055,0.055,-0.281,-0.226,-0.0,0.018,0.053,-0.035,0.018,0.053,-0.035,0.108,0.017,1.977,0.356,1.621,1.437,0.351,1.086,0.315,-0.017,0.332,-0.131,-0.131,0.0,0.113,0.051,0.06,-0.911,-1.551,-1.551,-0.37,0.0,-0.911,-0.139,-0.772,-0.911,-0.139,-0.772,-0.028,0.983,-0.144,-0.226,-0.37,41657,20888,20769
1915,Evan Eschmeyer,2005,-0.418,-0.115,-0.303,-0.288,0.183,-0.471,-0.025,-0.093,0.068,0.01,-0.05,0.06,-0.603,-0.504,-0.098,-0.568,-0.06,-0.06,-1.589,-1.649,0.0,-0.568,-0.419,-0.149,-0.568,-0.419,-0.149,0.328,0.174,0.942,-0.069,1.011,0.324,-0.062,0.386,0.371,-0.04,0.411,0.316,-0.004,0.32,-0.036,-0.191,0.155,-0.476,0.838,0.838,0.43,1.268,0.0,-0.476,0.187,-0.663,-0.476,0.187,-0.663,-1.233,-0.095,0.523,-0.184,0.707,0.035,0.12,-0.085,0.346,-0.133,0.479,0.326,-0.054,0.38,-0.639,-0.695,0.057,-1.044,0.778,0.778,-0.381,0.001,-1.044,-0.232,-0.812,-1.044,-0.232,-0.812,-0.905,0.079,-1.649,1.268,-0.38,8402,4206,4196
923,Donyell Marshall,2005,0.263,0.034,0.229,0.443,0.396,0.047,-0.958,0.4,-1.358,0.744,0.137,0.607,-0.171,-0.241,0.068,-0.739,0.733,0.733,-0.647,0.086,0.0,-0.739,-0.531,-0.208,-0.739,-0.531,-0.208,1.807,0.955,0.885,-0.116,1.001,0.398,-0.023,0.421,0.078,-0.092,0.17,0.525,-0.043,0.568,-0.179,-0.107,-0.073,-0.577,-0.595,-0.595,0.129,-0.466,-0.0,-0.577,0.036,-0.613,-0.577,0.036,-0.613,0.439,0.033,1.148,-0.082,1.23,0.84,0.372,0.468,-0.879,0.308,-1.187,1.269,0.094,1.175,-0.35,-0.348,-0.004,-1.317,0.138,0.138,-0.38,0.0,-1.317,-0.494,-0.823,-1.317,-0.494,-0.823,2.246,0.988,0.086,-0.466,-0.38,50886,25402,25484
446,Lucious Harris,2005,-1.229,0.031,-1.26,-0.499,-0.208,-0.291,-0.199,-0.125,-0.074,-0.562,0.019,-0.581,0.1,0.001,0.098,0.946,0.144,0.144,-0.183,-0.039,0.0,0.946,0.478,0.468,0.946,0.478,0.468,-0.927,-0.862,-0.252,0.042,-0.294,0.197,-0.072,0.269,0.002,0.018,-0.016,-0.493,0.037,-0.53,0.026,0.061,-0.033,0.508,-0.635,-0.635,0.282,-0.353,0.0,0.508,0.092,0.416,0.508,0.092,0.416,1.132,0.171,-1.481,0.073,-1.554,-0.302,-0.28,-0.022,-0.196,-0.107,-0.089,-1.056,0.055,-1.111,0.126,0.062,0.065,1.454,-0.491,-0.491,-0.392,-0.001,1.454,0.57,0.884,1.454,0.57,0.884,0.205,-0.69,-0.039,-0.353,-0.393,40483,20262,20221
980,Zydrunas Ilgauskas,2005,-0.207,0.359,-0.566,0.002,-0.295,0.297,-0.398,-0.499,0.101,-0.17,-0.156,-0.014,0.042,-0.25,0.288,-1.148,0.446,0.446,-1.313,-0.867,0.0,-1.148,-0.309,-0.839,-1.148,-0.309,-0.839,1.013,0.152,-0.007,-0.219,0.212,0.352,0.121,0.231,0.554,0.38,0.174,-0.694,0.056,-0.75,0.749,0.868,-0.12,-0.861,0.59,0.59,-0.119,0.471,0.0,-0.861,-0.385,-0.476,-0.861,-0.385,-0.476,-1.883,0.028,-0.214,0.14,-0.354,0.354,-0.174,0.528,0.156,-0.119,0.275,-0.864,-0.1,-0.764,0.79,0.619,0.168,-2.01,1.036,1.036,-0.396,0.0,-2.01,-0.694,-1.316,-2.01,-0.694,-1.316,-0.87,0.18,-0.867,0.471,-0.396,35769,17902,17867
682,Bob Sura,2005,0.569,-0.239,0.808,0.412,0.512,-0.1,0.479,0.725,-0.246,-0.083,0.149,-0.232,0.328,0.705,-0.378,-0.583,-0.123,-0.123,0.314,0.191,-0.0,-0.583,-0.139,-0.444,-0.583,-0.139,-0.444,-0.369,0.151,-0.18,0.173,-0.353,-0.235,-0.073,-0.162,-0.235,-0.212,-0.023,0.117,-0.036,0.153,-0.402,-0.411,0.011,0.284,-0.291,-0.291,-0.298,-0.589,0.0,0.284,-0.08,0.364,0.284,-0.08,0.364,0.736,0.064,0.388,-0.066,0.454,0.177,0.439,-0.262,0.243,0.512,-0.269,0.034,0.114,-0.08,-0.074,0.295,-0.367,-0.298,-0.415,-0.415,-0.398,0.0,-0.298,-0.219,-0.079,-0.298,-0.219,-0.079,0.367,0.214,0.191,-0.589,-0.398,40859,20401,20458
674,Jordan,2005,-0.711,-0.276,-0.435,0.054,0.078,-0.024,-0.028,0.144,-0.172,-0.461,-0.044,-0.417,0.223,0.296,-0.071,-0.541,-0.109,-0.109,-1.029,-1.138,0.0,-0.541,-0.454,-0.087,-0.541,-0.454,-0.087,-1.59,-0.059,0.819,0.049,0.77,0.138,0.123,0.015,0.278,-0.082,0.36,0.354,-0.021,0.375,-0.319,-0.328,0.009,0.041,0.197,0.197,0.541,0.738,0.0,0.041,-0.065,0.106,0.041,-0.065,0.106,0.667,0.087,0.108,-0.227,0.335,0.192,0.202,-0.01,0.249,0.061,0.188,-0.106,-0.065,-0.041,-0.097,-0.032,-0.062,-0.501,0.088,0.088,-0.4,0.001,-0.501,-0.519,0.018,-0.501,-0.519,0.018,-0.922,0.029,-1.138,0.738,-0.399,1027,504,523
1498,Antonio Daniels,2005,0.505,-0.279,0.784,0.239,-0.05,0.289,0.404,0.387,0.017,0.141,0.073,0.068,1.291,1.122,0.171,1.024,-0.657,-0.657,2.82,2.163,0.0,1.024,0.494,0.53,1.024,0.494,0.53,-2.405,-0.263,-0.964,0.169,-1.133,-0.807,-0.059,-0.748,-0.942,-0.153,-0.789,0.616,-0.023,0.639,-0.36,-0.259,-0.101,-0.485,-0.754,-0.754,-1.809,-2.563,-0.0,-0.485,-0.214,-0.271,-0.485,-0.214,-0.271,-0.067,-0.355,-0.458,-0.11,-0.348,-0.567,-0.108,-0.459,-0.538,0.234,-0.772,0.757,0.05,0.707,0.931,0.863,0.07,0.539,-1.41,-1.41,-0.4,-0.0,0.539,0.281,0.258,0.539,0.281,0.258,-2.472,-0.617,2.163,-2.563,-0.4,40962,20494,20468
697,Fred Hoiberg,2005,-0.363,-0.186,-0.177,-0.383,-0.166,-0.217,-0.101,0.169,-0.27,0.307,0.081,0.226,0.534,0.435,0.097,0.404,-0.601,-0.601,0.575,-0.026,-0.0,0.404,0.372,0.032,0.404,0.372,0.032,1.003,-0.283,0.001,0.088,-0.087,-0.088,0.044,-0.132,-0.336,-0.15,-0.186,0.337,-0.029,0.366,-0.377,-0.454,0.079,-0.035,0.029,0.029,-0.411,-0.382,0.0,-0.035,-0.06,0.025,-0.035,-0.06,0.025,0.062,-0.081,-0.36,-0.098,-0.262,-0.47,-0.121,-0.349,-0.437,0.019,-0.456,0.645,0.053,0.592,0.157,-0.019,0.176,0.369,-0.572,-0.572,-0.408,-0.0,0.369,0.312,0.057,0.369,0.312,0.057,1.065,-0.364,-0.026,-0.382,-0.408,32718,16405,16313
2547,Chris Bosh,2005,0.971,0.179,0.792,-0.765,-0.238,-0.527,0.574,-0.173,0.747,0.983,-0.011,0.994,0.176,-0.049,0.223,-0.555,-1.644,-1.644,0.592,-1.052,0.0,-0.555,-0.43,-0.125,-0.555,-0.43,-0.125,-1.577,-1.005,-1.356,-0.118,-1.238,0.545,-0.015,0.56,-1.041,0.266,-1.307,-0.742,0.105,-0.847,0.513,0.624,-0.112,0.168,1.301,1.301,-0.675,0.626,0.0,0.168,-0.053,0.221,0.168,-0.053,0.221,0.114,0.247,-0.385,0.061,-0.446,-0.221,-0.254,0.033,-0.466,0.094,-0.56,0.241,0.094,0.147,0.689,0.576,0.111,-0.387,-0.343,-0.343,-0.426,-0.001,-0.387,-0.483,0.096,-0.387,-0.483,0.096,-1.463,-0.758,-1.052,0.626,-0.427,20809,10401,10408
213,Antonio Davis,2005,-1.293,0.188,-1.481,-1.04,-0.13,-0.91,-0.462,-0.272,-0.19,0.021,-0.098,0.119,0.046,-0.208,0.255,-0.221,0.488,0.488,-1.468,-0.98,0.0,-0.221,-0.152,-0.069,-0.221,-0.152,-0.069,1.618,-0.119,0.309,-0.178,0.487,0.854,-0.031,0.885,-0.472,0.226,-0.698,0.105,0.058,0.047,0.489,0.591,-0.103,-0.489,0.226,0.226,0.309,0.535,0.0,-0.489,-0.08,-0.409,-0.489,-0.08,-0.409,-0.05,0.173,-0.985,0.01,-0.995,-0.187,-0.161,-0.026,-0.934,-0.046,-0.888,0.126,-0.04,0.166,0.535,0.383,0.152,-0.71,0.715,0.715,-0.445,0.001,-0.71,-0.232,-0.478,-0.71,-0.232,-0.478,1.568,0.054,-0.98,0.535,-0.444,57820,28907,28913
2253,Sean Lampley,2005,-0.353,-0.008,-0.345,0.17,0.087,0.083,-0.055,-0.046,-0.009,-0.46,-0.122,-0.338,-0.041,0.339,-0.377,-0.302,-0.272,-0.272,-0.696,-0.968,0.0,-0.302,-0.123,-0.179,-0.302,-0.123,-0.179,-1.973,0.231,-0.133,0.193,-0.326,-0.471,-0.008,-0.463,0.055,-0.071,0.126,0.09,-0.003,0.093,0.089,0.041,0.047,-0.088,0.638,0.638,-0.132,0.506,0.0,-0.088,-0.095,0.007,-0.088,-0.095,0.007,0.073,-0.264,-0.486,0.185,-0.671,-0.301,0.079,-0.38,0.0,-0.117,0.117,-0.37,-0.125,-0.245,0.048,0.379,-0.33,-0.39,0.366,0.366,-0.462,-0.0,-0.39,-0.218,-0.172,-0.39,-0.218,-0.172,-1.9,-0.033,-0.968,0.506,-0.462,2007,1006,1001
2767,Royal Ivey,2005,0.0,-0.113,0.113,0.457,0.013,0.444,-0.263,-0.111,-0.152,-0.081,-0.112,0.031,-0.449,0.045,-0.494,-0.511,-0.766,-0.766,-0.96,-1.726,0.0,-0.511,-0.02,-0.491,-0.511,-0.02,-0.491,-0.511,0.022,0.438,0.201,0.237,-0.173,0.005,-0.178,0.397,-0.088,0.485,0.013,0.015,-0.002,-0.208,-0.2,-0.006,0.828,0.203,0.203,1.058,1.261,-0.0,0.828,0.212,0.616,0.828,0.212,0.616,1.091,-0.09,0.436,0.088,0.348,0.283,0.017,0.266,0.133,-0.2,0.333,-0.068,-0.097,0.029,-0.657,-0.155,-0.5,0.317,-0.563,-0.563,-0.465,-0.0,0.317,0.191,0.126,0.317,0.191,0.126,0.58,-0.068,-1.726,1.261,-0.465,3097,1552,1545
365,Derrick McKey,2005,-1.076,-0.151,-0.925,-0.922,-0.408,-0.514,-0.571,-0.02,-0.551,0.568,0.014,0.554,0.873,0.719,0.155,0.359,-0.34,-0.34,0.156,-0.184,0.0,0.359,0.169,0.19,0.359,0.169,0.19,-1.307,-0.236,0.084,0.122,-0.038,0.209,0.226,-0.017,-0.475,-0.084,-0.391,0.228,-0.046,0.274,-0.309,-0.499,0.191,-0.118,0.06,0.06,-0.343,-0.283,0.0,-0.118,-0.552,0.434,-0.118,-0.552,0.434,1.899,0.418,-0.991,-0.029,-0.962,-0.713,-0.182,-0.531,-1.046,-0.104,-0.942,0.797,-0.032,0.829,0.564,0.22,0.346,0.241,-0.28,-0.28,-0.467,0.0,0.241,-0.383,0.624,0.241,-0.383,0.624,0.592,0.182,-0.184,-0.283,-0.467,10435,5181,5254
234,Reeves,2005,-0.449,-0.066,-0.383,0.029,-0.085,0.114,-0.361,0.064,-0.425,-0.051,0.027,-0.078,-0.051,-0.069,0.02,-0.152,0.119,0.119,-0.652,-0.533,0.0,-0.152,-0.203,0.051,-0.152,-0.203,0.051,0.072,-0.012,0.002,0.049,-0.047,0.125,0.045,0.08,-0.124,-0.078,-0.046,-0.048,-0.009,-0.039,-0.14,-0.155,0.015,0.068,0.135,0.135,-0.07,0.065,0.0,0.068,0.047,0.021,0.068,0.047,0.021,-0.036,0.03,-0.446,-0.017,-0.429,0.154,-0.04,0.194,-0.485,-0.014,-0.471,-0.098,0.019,-0.117,-0.191,-0.224,0.036,-0.085,0.254,0.254,-0.468,0.001,-0.085,-0.156,0.071,-0.085,-0.156,0.071,0.036,0.018,-0.533,0.065,-0.467,178,90,88
2731,Emeka Okafor,2005,-1.82,0.455,-2.275,-0.777,-0.057,-0.72,-1.707,-0.366,-1.341,0.209,-0.139,0.348,-0.561,-0.148,-0.413,0.327,1.957,1.957,-2.054,-0.097,0.0,0.327,0.254,0.073,0.327,0.254,0.073,1.472,0.045,-1.371,-0.143,-1.228,-0.076,-0.143,0.067,-1.189,-0.074,-1.115,0.037,0.024,0.013,-0.09,-0.034,-0.054,0.119,0.964,0.964,-1.342,-0.378,0.0,0.119,0.135,-0.016,0.119,0.135,-0.016,-0.037,0.072,-3.192,0.312,-3.504,-0.853,-0.201,-0.652,-2.896,-0.44,-2.456,0.245,-0.116,0.361,-0.65,-0.183,-0.467,0.445,2.922,2.922,-0.475,0.0,0.445,0.39,0.055,0.445,0.39,0.055,1.435,0.117,-0.097,-0.378,-0.475,9590,4800,4790
440,Zan Tabak,2005,-0.602,-0.183,-0.419,-0.663,-0.031,-0.632,0.236,-0.123,0.359,0.008,-0.093,0.101,-0.685,-0.221,-0.462,-1.062,0.626,0.626,-2.349,-1.723,0.0,-1.062,-0.504,-0.558,-1.062,-0.504,-0.558,0.609,-0.11,0.981,0.09,0.891,0.183,0.138,0.045,0.714,0.021,0.693,-0.006,0.016,-0.022,0.042,-0.063,0.104,-0.215,0.434,0.434,0.808,1.242,0.0,-0.215,0.083,-0.298,-0.215,0.083,-0.298,0.646,0.026,0.378,-0.093,0.471,-0.48,0.107,-0.587,0.949,-0.103,1.052,0.002,-0.077,0.079,-0.643,-0.284,-0.358,-1.277,1.06,1.06,-0.481,0.0,-1.277,-0.421,-0.856,-1.277,-0.421,-0.856,1.255,-0.085,-1.723,1.242,-0.481,3529,1760,1769
2757,Beno Udrih,2005,-0.928,-0.292,-0.636,-0.515,-0.079,-0.436,-0.419,0.328,-0.747,0.298,0.174,0.124,0.144,-0.059,0.203,0.367,-0.225,-0.225,-0.417,-0.642,0.0,0.367,0.069,0.298,0.367,0.069,0.298,1.276,-0.063,0.375,0.066,0.309,-0.035,-0.205,0.17,0.059,0.027,0.032,0.285,0.114,0.171,0.14,0.061,0.081,-0.004,-0.365,-0.365,0.511,0.146,-0.0,-0.004,0.017,-0.021,-0.004,0.017,-0.021,1.092,-0.286,-0.554,-0.226,-0.328,-0.551,-0.285,-0.266,-0.36,0.355,-0.715,0.583,0.288,0.295,0.284,0.001,0.284,0.363,-0.59,-0.59,-0.496,0.0,0.363,0.087,0.276,0.363,0.087,0.276,2.368,-0.348,-0.642,0.146,-0.496,5096,2553,2543
292,Anthony Miller,2005,-1.148,0.013,-1.161,-0.609,-0.023,-0.586,-0.601,-0.005,-0.596,0.049,-0.004,0.053,-0.236,-0.131,-0.1,-0.457,0.71,0.71,-1.841,-1.131,0.0,-0.457,-0.384,-0.073,-0.457,-0.384,-0.073,0.182,0.186,0.38,-0.016,0.396,0.162,0.043,0.119,0.079,0.105,-0.026,0.155,0.029,0.126,0.12,0.178,-0.058,-0.134,0.259,0.259,0.366,0.625,0.0,-0.134,-0.033,-0.101,-0.134,-0.033,-0.101,-0.25,-0.04,-0.768,-0.003,-0.765,-0.447,0.02,-0.467,-0.522,0.1,-0.622,0.204,0.025,0.179,-0.116,0.047,-0.159,-0.591,0.969,0.969,-0.506,0.0,-0.591,-0.417,-0.174,-0.591,-0.417,-0.174,-0.068,0.146,-1.131,0.625,-0.506,1942,968,974
2429,Dan Gadzuric,2005,-0.922,0.214,-1.136,0.006,0.047,-0.041,-0.894,-0.375,-0.519,-0.248,-0.177,-0.071,-0.928,-0.482,-0.448,-0.12,0.656,0.656,-1.97,-1.314,0.0,-0.12,-0.137,0.017,-0.12,-0.137,0.017,-1.558,0.136,0.003,-0.054,0.057,0.478,0.063,0.415,-0.239,0.199,-0.438,-0.182,0.025,-0.207,0.711,0.449,0.267,-0.065,0.156,0.156,0.649,0.805,0.0,-0.065,0.136,-0.201,-0.065,0.136,-0.201,-2.688,-0.341,-0.92,0.16,-1.08,0.484,0.11,0.374,-1.133,-0.176,-0.957,-0.431,-0.152,-0.279,-0.216,-0.032,-0.182,-0.184,0.812,0.812,-0.509,0.0,-0.184,-0.001,-0.183,-0.184,-0.001,-0.183,-4.246,-0.205,-1.314,0.805,-0.509,14422,7183,7239
2246,Mehmet Okur,2005,-1.185,0.055,-1.24,-0.557,0.088,-0.645,-0.196,-0.017,-0.179,-0.487,-0.05,-0.437,0.459,0.151,0.307,-0.276,0.098,0.098,-1.002,-0.904,0.0,-0.276,-0.187,-0.089,-0.276,-0.187,-0.089,-0.144,0.119,0.019,-0.079,0.098,0.625,-0.016,0.641,-0.426,-0.125,-0.301,-0.101,-0.033,-0.068,-0.186,-0.301,0.114,0.486,0.059,0.059,0.319,0.378,0.0,0.486,-0.142,0.628,0.486,-0.142,0.628,1.283,0.493,-1.166,-0.024,-1.142,0.068,0.072,-0.004,-0.622,-0.142,-0.48,-0.588,-0.083,-0.505,0.273,-0.15,0.421,0.21,0.158,0.158,-0.526,0.0,0.21,-0.328,0.538,0.21,-0.328,0.538,1.139,0.613,-0.904,0.378,-0.526,21324,10665,10659
168,Chris Mills,2005,-0.928,0.124,-1.052,0.089,-0.376,0.465,-0.745,-0.316,-0.429,-0.396,-0.011,-0.385,-0.286,-0.237,-0.047,0.215,0.789,0.789,-0.999,-0.21,-0.0,0.215,0.331,-0.116,0.215,0.331,-0.116,-0.337,-0.723,-0.521,0.066,-0.587,-0.431,-0.047,-0.384,0.408,-0.098,0.506,-0.564,0.032,-0.596,-0.407,-0.501,0.096,0.27,0.339,0.339,-0.658,-0.319,-0.0,0.27,-0.083,0.353,0.27,-0.083,0.353,-0.226,-0.247,-1.449,0.19,-1.639,-0.342,-0.423,0.081,-0.336,-0.413,0.077,-0.961,0.021,-0.982,-0.692,-0.739,0.049,0.485,1.128,1.128,-0.529,-0.0,0.485,0.248,0.237,0.485,0.248,0.237,-0.563,-0.97,-0.21,-0.319,-0.529,10243,5122,5121
2679,Matt Carroll,2005,-1.115,-0.24,-0.875,-0.353,-0.335,-0.018,-0.137,-0.095,-0.042,-0.385,-0.074,-0.311,0.463,0.402,0.063,0.468,-0.586,-0.586,-0.184,-0.77,-0.0,0.468,0.364,0.104,0.468,0.364,0.104,-1.9,-0.535,-0.132,0.203,-0.335,-0.089,-0.043,-0.046,-0.387,-0.13,-0.257,0.141,-0.007,0.148,-0.167,-0.1,-0.065,0.246,0.263,0.263,-0.053,0.21,0.0,0.246,0.224,0.022,0.246,0.224,0.022,-0.254,-0.042,-1.245,-0.037,-1.208,-0.441,-0.378,-0.063,-0.523,-0.225,-0.298,-0.244,-0.081,-0.163,0.297,0.302,-0.002,0.714,-0.323,-0.323,-0.56,-0.0,0.714,0.588,0.126,0.714,0.588,0.126,-2.154,-0.577,-0.77,0.21,-0.56,2003,1009,994
96,Detlef Schrempf,2005,-0.246,-0.055,-0.191,0.025,0.004,0.021,-0.404,0.098,-0.502,0.188,-0.007,0.195,0.834,0.662,0.178,-0.268,-0.284,-0.284,0.32,0.036,0.0,-0.268,0.036,-0.304,-0.268,0.036,-0.304,-0.384,-0.086,0.428,0.01,0.418,0.266,-0.049,0.315,-0.568,-0.145,-0.423,0.72,-0.049,0.769,-0.446,-0.507,0.06,-0.387,-0.192,-0.192,-0.405,-0.597,0.0,-0.387,-0.403,0.016,-0.387,-0.403,0.016,0.909,0.224,0.182,-0.045,0.227,0.29,-0.046,0.336,-0.972,-0.047,-0.925,0.909,-0.055,0.964,0.387,0.154,0.238,-0.655,-0.475,-0.475,-0.561,-0.0,-0.655,-0.367,-0.288,-0.655,-0.367,-0.288,0.526,0.138,0.036,-0.597,-0.561,8749,4374,4375
2430,Carlos Boozer,2005,1.117,0.302,0.815,0.594,0.187,0.407,-0.015,-0.375,0.36,0.236,-0.258,0.494,-0.402,-0.12,-0.283,-0.186,0.6,0.6,0.529,1.129,0.0,-0.186,-0.209,0.023,-0.186,-0.209,0.023,2.168,1.051,-1.788,-0.026,-1.762,-0.784,-0.222,-0.562,-0.457,-0.081,-0.376,-0.521,0.041,-0.562,0.071,-0.025,0.095,-0.737,0.763,0.763,-2.454,-1.691,0.0,-0.737,-0.357,-0.38,-0.737,-0.357,-0.38,-0.967,-0.626,-0.67,0.276,-0.946,-0.19,-0.035,-0.155,-0.471,-0.455,-0.016,-0.285,-0.217,-0.068,-0.332,-0.145,-0.188,-0.924,1.363,1.363,-0.562,0.0,-0.924,-0.566,-0.358,-0.924,-0.566,-0.358,1.2,0.424,1.129,-1.691,-0.562,24585,12277,12308
1882,Elton Brand,2005,-0.103,0.091,-0.194,-0.455,-0.145,-0.31,0.303,-0.281,0.584,-0.042,-0.115,0.073,0.161,0.097,0.062,-0.703,1.76,1.76,-0.645,1.115,-0.0,-0.703,-0.27,-0.433,-0.703,-0.27,-0.433,2.466,0.042,-1.855,-0.227,-1.628,-0.295,-0.016,-0.279,-0.577,0.196,-0.773,-0.756,0.054,-0.81,0.335,0.259,0.075,-0.686,0.524,0.524,-2.206,-1.682,0.0,-0.686,-0.268,-0.418,-0.686,-0.268,-0.418,-2.652,-0.174,-1.958,-0.136,-1.822,-0.75,-0.161,-0.589,-0.275,-0.086,-0.189,-0.797,-0.061,-0.736,0.496,0.356,0.137,-1.39,2.284,2.284,-0.567,0.001,-1.39,-0.538,-0.852,-1.39,-0.538,-0.852,-0.187,-0.132,1.115,-1.682,-0.566,63815,31954,31861
2594,Kyle Korver,2005,0.838,-0.055,0.893,-0.592,-0.175,-0.417,-0.16,0.455,-0.615,1.645,0.385,1.26,-0.286,-0.426,0.139,-0.628,-0.78,-0.78,-0.076,-0.856,0.0,-0.628,-0.343,-0.285,-0.628,-0.343,-0.285,1.303,-0.802,0.362,0.105,0.257,0.651,0.27,0.381,-0.529,-0.145,-0.384,0.135,-0.08,0.215,-0.669,-0.722,0.056,-0.113,0.7,0.7,-0.42,0.28,0.0,-0.113,0.075,-0.188,-0.113,0.075,-0.188,0.656,0.684,1.201,0.05,1.151,0.059,0.095,-0.036,-0.689,0.31,-0.999,1.781,0.305,1.476,-0.955,-1.148,0.194,-0.742,-0.081,-0.081,-0.576,0.0,-0.742,-0.268,-0.474,-0.742,-0.268,-0.474,1.959,-0.119,-0.856,0.28,-0.576,14356,7208,7148
1898,Cal Bowdler,2005,-0.569,0.044,-0.613,0.502,0.267,0.235,-0.439,0.02,-0.459,-0.676,-0.082,-0.594,0.135,0.035,0.102,0.591,-0.32,-0.32,0.157,-0.163,-0.0,0.591,0.351,0.24,0.591,0.351,0.24,-0.852,0.036,-0.19,0.306,-0.496,-0.881,-0.112,-0.769,0.464,-0.088,0.552,-0.079,0.058,-0.137,-0.081,-0.11,0.028,-0.064,-0.092,-0.092,-0.335,-0.427,0.0,-0.064,0.226,-0.29,-0.064,0.226,-0.29,-1.069,-0.699,-0.761,0.35,-1.111,-0.38,0.154,-0.534,0.025,-0.068,0.093,-0.756,-0.025,-0.731,0.054,-0.075,0.13,0.527,-0.412,-0.412,-0.59,0.001,0.527,0.576,-0.049,0.527,0.576,-0.049,-1.921,-0.662,-0.163,-0.427,-0.589,5332,2672,2660
2873,Billy Thomas,2005,1.665,-0.074,1.739,-0.847,-0.199,-0.648,1.072,0.066,1.006,1.514,0.07,1.444,-0.124,-0.259,0.136,0.229,-1.384,-1.384,1.77,0.386,-0.0,0.229,0.336,-0.107,0.229,0.336,-0.107,1.403,-0.545,-0.48,0.059,-0.539,0.076,0.035,0.041,-0.292,-0.142,-0.15,-0.323,-0.012,-0.311,-0.309,-0.459,0.147,-0.126,-0.075,-0.075,-0.915,-0.99,-0.0,-0.126,-0.235,0.109,-0.126,-0.235,0.109,-0.389,-0.066,1.185,-0.015,1.2,-0.771,-0.164,-0.607,0.78,-0.076,0.856,1.191,0.058,1.133,-0.433,-0.718,0.283,0.103,-1.458,-1.458,-0.604,-0.001,0.103,0.101,0.002,0.103,0.101,0.002,1.015,-0.61,0.386,-0.99,-0.605,1282,640,642
348,Mitchell Butler,2005,0.217,0.088,0.129,0.116,0.13,-0.014,-0.032,0.145,-0.177,0.045,-0.037,0.082,0.182,0.422,-0.239,-0.484,-0.164,-0.164,-0.085,-0.249,-0.0,-0.484,-0.53,0.046,-0.484,-0.53,0.046,-1.032,0.062,-0.34,0.158,-0.498,0.133,0.149,-0.016,-0.336,-0.05,-0.286,-0.295,-0.02,-0.275,-0.372,-0.315,-0.054,0.089,0.255,0.255,-0.623,-0.368,0.0,0.089,-0.222,0.311,0.089,-0.222,0.311,-0.956,0.129,-0.123,0.246,-0.369,0.249,0.279,-0.03,-0.368,0.095,-0.463,-0.25,-0.057,-0.193,-0.189,0.107,-0.293,-0.395,0.091,0.091,-0.617,0.0,-0.395,-0.752,0.357,-0.395,-0.752,0.357,-1.988,0.19,-0.249,-0.368,-0.617,2620,1300,1320
2562,Sasha Pavlovic,2005,0.372,-0.049,0.421,0.274,0.031,0.243,0.005,0.081,-0.076,0.142,0.011,0.131,0.238,0.035,0.203,-0.258,0.068,0.068,0.352,0.42,0.0,-0.258,0.026,-0.284,-0.258,0.026,-0.284,0.265,0.29,-0.41,0.201,-0.611,0.109,0.09,0.019,-0.939,-0.095,-0.844,0.219,0.058,0.161,-0.842,-0.999,0.158,0.354,-0.142,-0.142,-0.898,-1.04,0.0,0.354,0.157,0.197,0.354,0.157,0.197,-0.042,-0.107,-0.038,0.152,-0.19,0.383,0.121,0.262,-0.934,-0.014,-0.92,0.361,0.069,0.292,-0.605,-0.964,0.361,0.096,-0.074,-0.074,-0.62,0.0,0.096,0.183,-0.087,0.096,0.183,-0.087,0.222,0.182,0.42,-1.04,-0.62,7304,3637,3667
2857,Andre Barrett,2005,-0.671,-0.131,-0.54,-0.521,-0.071,-0.45,0.578,0.205,0.373,-0.597,0.116,-0.713,-0.562,-0.157,-0.404,0.229,0.456,0.456,-1.004,-0.548,0.0,0.229,0.186,0.043,0.229,0.186,0.043,-1.111,-0.424,-0.157,0.127,-0.284,-0.183,0.154,-0.337,-0.526,-0.091,-0.435,0.425,-0.03,0.455,-0.244,-0.381,0.136,-0.194,0.496,0.496,-0.595,-0.099,-0.0,-0.194,-0.196,0.002,-0.194,-0.196,0.002,-0.606,0.077,-0.828,-0.004,-0.824,-0.704,0.083,-0.787,0.052,0.114,-0.062,-0.172,0.086,-0.258,-0.805,-0.538,-0.269,0.035,0.952,0.952,-0.647,0.0,0.035,-0.01,0.045,0.035,-0.01,0.045,-1.717,-0.347,-0.548,-0.099,-0.647,1827,915,912
1719,Bonzi Wells,2005,0.365,-0.113,0.478,0.944,0.732,0.212,-0.179,0.366,-0.545,-0.287,-0.136,-0.151,0.458,0.52,-0.064,-0.886,0.38,0.38,-0.063,0.317,0.0,-0.886,-0.461,-0.425,-0.886,-0.461,-0.425,-0.234,1.467,-1.162,-0.053,-1.109,-0.306,-0.031,-0.275,-0.586,-0.225,-0.361,-0.217,-0.076,-0.141,-0.457,-0.377,-0.078,0.769,-0.116,-0.116,-0.85,-0.966,0.0,0.769,0.234,0.535,0.769,0.234,0.535,0.026,0.023,-0.796,-0.166,-0.63,0.638,0.701,-0.063,-0.765,0.141,-0.906,-0.503,-0.212,-0.291,0.001,0.143,-0.143,-0.117,0.264,0.264,-0.649,0.0,-0.117,-0.228,0.111,-0.117,-0.228,0.111,-0.208,1.489,0.317,-0.966,-0.649,44294,22128,22166
2092,Ruben Garces,2005,-1.08,-0.114,-0.966,-0.444,-0.047,-0.397,-0.221,0.046,-0.267,-0.301,0.012,-0.313,-0.187,-0.191,0.006,-0.054,0.71,0.71,-1.321,-0.611,0.0,-0.054,-0.151,0.097,-0.054,-0.151,0.097,-0.652,-0.16,0.01,0.051,-0.041,-0.182,0.028,-0.21,0.072,-0.097,0.169,0.069,-0.012,0.081,-0.193,-0.172,-0.02,-0.019,0.138,0.138,-0.202,-0.064,-0.0,-0.019,0.047,-0.066,-0.019,0.047,-0.066,0.11,-0.128,-1.071,-0.063,-1.008,-0.626,-0.019,-0.607,-0.149,-0.051,-0.098,-0.233,-0.001,-0.232,-0.38,-0.363,-0.014,-0.072,0.848,0.848,-0.675,0.001,-0.072,-0.104,0.032,-0.072,-0.104,0.032,-0.542,-0.288,-0.611,-0.064,-0.674,298,149,149
696,Travis Best,2005,-1.29,-0.194,-1.096,-0.377,-0.061,-0.316,-0.198,-0.134,-0.064,-0.521,-0.066,-0.455,0.017,-0.119,0.135,0.693,-0.011,-0.011,-0.58,-0.591,0.0,0.693,0.561,0.132,0.693,0.561,0.132,-3.262,-0.893,-0.046,0.087,-0.133,0.454,0.415,0.039,0.025,0.005,0.02,-0.612,-0.016,-0.596,-0.641,-0.85,0.209,0.258,0.343,0.343,-0.429,-0.086,0.0,0.258,-0.108,0.366,0.258,-0.108,0.366,0.782,0.519,-1.334,-0.107,-1.227,0.077,0.354,-0.277,-0.173,-0.129,-0.044,-1.131,-0.081,-1.05,-0.624,-0.969,0.345,0.95,0.332,0.332,-0.677,0.0,0.95,0.454,0.496,0.95,0.454,0.496,-2.48,-0.374,-0.591,-0.086,-0.677,39295,19653,19642
187,Cummings,2005,-1.498,-0.082,-1.416,-0.654,-0.181,-0.473,-0.245,-0.27,0.025,-0.517,-0.117,-0.4,-0.132,-0.089,-0.042,-0.035,0.8,0.8,-1.665,-0.865,-0.0,-0.035,0.039,-0.074,-0.035,0.039,-0.074,-0.825,-0.23,0.356,-0.102,0.458,-0.382,-0.145,-0.237,0.504,-0.074,0.578,0.336,0.009,0.327,-0.049,-0.052,0.003,0.062,-0.182,-0.182,0.369,0.187,0.0,0.062,0.037,0.025,0.062,0.037,0.025,0.468,-0.358,-1.141,-0.184,-0.957,-1.036,-0.326,-0.71,0.26,-0.344,0.604,-0.181,-0.108,-0.073,-0.181,-0.141,-0.039,0.027,0.618,0.618,-0.678,-0.0,0.027,0.076,-0.049,0.027,0.076,-0.049,-0.358,-0.588,-0.865,0.187,-0.678,1944,979,965
754,Jim Jackson,2005,-0.082,-0.128,0.046,-0.43,-0.398,-0.032,-0.428,-0.21,-0.218,0.904,0.062,0.842,-0.308,-0.456,0.145,-0.267,-0.393,-0.393,-0.657,-1.05,0.0,-0.267,-0.219,-0.048,-0.267,-0.219,-0.048,-1.339,-0.958,0.834,0.027,0.807,-0.218,0.163,-0.381,0.975,-0.011,0.986,0.05,-0.022,0.072,-0.156,-0.275,0.121,-0.637,0.329,0.329,0.041,0.37,0.0,-0.637,-0.253,-0.384,-0.637,-0.253,-0.384,0.956,0.296,0.752,-0.101,0.853,-0.649,-0.235,-0.414,0.547,-0.221,0.768,0.955,0.04,0.915,-0.464,-0.731,0.266,-0.903,-0.064,-0.064,-0.68,0.0,-0.903,-0.472,-0.431,-0.903,-0.472,-0.431,-0.383,-0.662,-1.05,0.37,-0.68,51540,25766,25774
1512,Anstey,2005,-0.865,-0.013,-0.852,0.04,-0.035,0.075,0.285,-0.192,0.477,-1.177,-0.068,-1.109,-0.169,-0.243,0.077,-0.625,0.146,0.146,-1.659,-1.513,0.0,-0.625,-0.198,-0.427,-0.625,-0.198,-0.427,-0.191,-0.06,0.799,0.061,0.738,0.346,0.094,0.252,0.076,-0.026,0.102,0.316,0.02,0.296,-0.128,-0.36,0.231,0.47,-0.31,-0.31,1.141,0.831,0.0,0.47,0.024,0.446,0.47,0.024,0.446,0.048,-0.004,-0.067,0.048,-0.115,0.386,0.059,0.327,0.36,-0.219,0.579,-0.861,-0.048,-0.813,-0.297,-0.603,0.307,-0.156,-0.164,-0.164,-0.682,0.001,-0.156,-0.175,0.019,-0.156,-0.175,0.019,-0.144,-0.064,-1.513,0.831,-0.681,3761,1878,1883
147,Jalen Rose,2005,1.591,0.0,1.591,-0.035,-0.296,0.261,1.343,-0.218,1.561,0.283,-0.017,0.3,0.19,-0.046,0.235,0.368,-1.391,-1.391,2.149,0.758,0.0,0.368,0.404,-0.036,0.368,0.404,-0.036,-0.022,-0.553,0.092,-0.171,0.263,-0.334,-0.017,-0.317,0.074,0.023,0.051,0.523,0.009,0.514,-0.031,-0.125,0.094,-0.383,-1.13,-1.13,-0.322,-1.452,0.0,-0.383,-0.157,-0.226,-0.383,-0.157,-0.226,-0.032,-0.285,1.681,-0.171,1.852,-0.37,-0.314,-0.056,1.416,-0.195,1.611,0.806,-0.008,0.814,0.159,-0.171,0.329,-0.015,-2.521,-2.521,-0.694,-0.001,-0.015,0.247,-0.262,-0.015,0.247,-0.262,-0.054,-0.838,0.758,-1.452,-0.695,71498,35789,35709
920,A.C. Green,2005,-4.672,0.09,-4.762,-2.134,-0.476,-1.658,-1.303,-0.753,-0.55,-1.325,-0.164,-1.161,-0.391,-0.742,0.353,0.917,0.746,0.746,-4.146,-3.4,0.0,0.917,0.514,0.403,0.917,0.514,0.403,-2.748,-1.151,1.655,-0.158,1.813,-0.015,-0.055,0.04,0.749,0.261,0.488,1.079,0.034,1.045,0.977,0.766,0.21,0.476,-0.404,-0.404,3.108,2.704,0.0,0.476,-0.164,0.64,0.476,-0.164,0.64,1.451,0.202,-3.017,-0.068,-2.949,-2.149,-0.531,-1.618,-0.554,-0.492,-0.062,-0.246,-0.13,-0.116,0.585,0.024,0.563,1.392,0.342,0.342,-0.696,-0.0,1.392,0.35,1.042,1.392,0.35,1.042,-1.297,-0.949,-3.4,2.704,-0.696,14136,7061,7075
53,Mario Elie,2005,-1.901,-0.194,-1.707,-0.568,-0.05,-0.518,-0.904,-0.102,-0.802,-0.235,-0.009,-0.226,0.369,-0.042,0.415,-0.592,0.008,0.008,-2.124,-2.116,0.0,-0.592,-0.216,-0.376,-0.592,-0.216,-0.376,-1.254,-0.741,0.377,0.016,0.361,-0.077,-0.076,-0.001,-0.154,0.131,-0.285,0.592,0.076,0.516,0.258,0.16,0.094,0.13,0.655,0.655,0.765,1.42,0.0,0.13,0.156,-0.026,0.13,0.156,-0.026,0.723,-0.198,-1.525,-0.178,-1.347,-0.645,-0.126,-0.519,-1.058,0.029,-1.087,0.356,0.067,0.289,0.627,0.118,0.509,-0.462,0.663,0.663,-0.696,0.0,-0.462,-0.06,-0.402,-0.462,-0.06,-0.402,-0.531,-0.94,-2.116,1.42,-0.696,14680,7350,7330
2411,Bostjan Nachbar,2005,-0.51,-0.122,-0.388,-0.972,0.052,-1.024,-0.235,0.441,-0.676,0.819,0.198,0.621,0.23,0.195,0.035,-0.737,0.29,0.29,-1.017,-0.727,-0.0,-0.737,-0.178,-0.559,-0.737,-0.178,-0.559,-0.361,-0.472,0.588,0.204,0.384,0.677,0.146,0.531,0.155,-0.191,0.346,-0.448,-0.04,-0.408,-0.459,-0.519,0.062,-0.087,-0.014,-0.014,0.042,0.028,0.0,-0.087,-0.458,0.371,-0.087,-0.458,0.371,0.311,0.671,0.077,0.082,-0.005,-0.295,0.198,-0.493,-0.081,0.25,-0.331,0.371,0.158,0.213,-0.229,-0.324,0.097,-0.824,0.276,0.276,-0.699,0.0,-0.824,-0.636,-0.188,-0.824,-0.636,-0.188,-0.05,0.199,-0.727,0.028,-0.699,7161,3576,3585
1733,Al Harrington,2005,-0.213,-0.117,-0.096,0.644,-0.028,0.672,-0.277,-0.22,-0.057,-0.463,-0.18,-0.283,-0.123,0.262,-0.386,-0.393,-0.05,-0.05,-0.729,-0.779,0.0,-0.393,-0.08,-0.313,-0.393,-0.08,-0.313,-1.071,0.35,-0.66,-0.039,-0.621,-0.086,-0.066,-0.02,-0.398,-0.118,-0.28,-0.137,-0.01,-0.127,-0.387,-0.217,-0.172,0.56,0.552,0.552,-0.487,0.065,0.0,0.56,-0.08,0.64,0.56,-0.08,0.64,0.101,0.018,-0.874,-0.156,-0.718,0.558,-0.094,0.652,-0.675,-0.338,-0.337,-0.601,-0.19,-0.411,-0.51,0.044,-0.558,0.167,0.502,0.502,-0.714,0.0,0.167,-0.159,0.326,0.167,-0.159,0.326,-0.97,0.368,-0.779,0.065,-0.714,45372,22643,22729
2574,Jason Kapono,2005,-0.243,-0.141,-0.102,-0.522,-0.462,-0.06,-0.391,-0.179,-0.212,0.811,0.111,0.7,-0.62,-0.432,-0.188,0.234,-0.601,-0.601,-0.629,-1.23,0.0,0.234,-0.02,0.254,0.234,-0.02,0.254,0.888,-0.98,1.361,0.291,1.07,0.295,-0.032,0.327,1.103,-0.09,1.193,-0.328,0.058,-0.386,-0.398,-0.318,-0.079,-0.545,0.091,0.091,0.418,0.509,0.0,-0.545,-0.331,-0.214,-0.545,-0.331,-0.214,1.367,-0.078,1.119,0.15,0.969,-0.227,-0.494,0.267,0.712,-0.269,0.981,0.484,0.169,0.315,-1.017,-0.75,-0.268,-0.311,-0.51,-0.51,-0.721,0.0,-0.311,-0.351,0.04,-0.311,-0.351,0.04,2.256,-1.058,-1.23,0.509,-0.721,7396,3722,3674
1910,Leon Smith,2005,-0.739,-0.106,-0.633,-0.119,-0.083,-0.036,-0.09,0.008,-0.098,-0.424,-0.036,-0.388,-0.039,0.04,-0.077,0.005,0.132,0.132,-0.773,-0.641,0.0,0.005,0.038,-0.033,0.005,0.038,-0.033,-0.796,-0.044,-0.083,0.117,-0.2,-0.066,0.018,-0.084,-0.069,-0.09,0.021,-0.065,-0.005,-0.06,-0.106,-0.136,0.029,0.083,0.025,0.025,-0.106,-0.081,-0.0,0.083,0.05,0.033,0.083,0.05,0.033,0.083,-0.042,-0.823,0.011,-0.834,-0.185,-0.065,-0.12,-0.16,-0.083,-0.077,-0.489,-0.041,-0.448,-0.145,-0.096,-0.048,0.088,0.157,0.157,-0.722,0.0,0.088,0.088,0.0,0.088,0.088,0.0,-0.713,-0.086,-0.641,-0.081,-0.722,404,200,204
1937,Young,2005,-0.896,-0.042,-0.854,-0.545,-0.214,-0.331,-0.142,-0.04,-0.102,-0.167,-0.032,-0.135,0.183,0.129,0.057,0.058,0.067,0.067,-0.655,-0.588,0.0,0.058,-0.041,0.099,0.058,-0.041,0.099,-1.481,-0.367,-0.569,0.287,-0.856,-0.072,0.038,-0.11,-0.556,-0.111,-0.445,-0.228,-0.027,-0.201,0.03,-0.027,0.054,0.016,0.385,0.385,-0.523,-0.138,-0.0,0.016,-0.014,0.03,0.016,-0.014,0.03,-0.446,-0.039,-1.465,0.245,-1.71,-0.617,-0.176,-0.441,-0.699,-0.151,-0.548,-0.394,-0.059,-0.335,0.213,0.102,0.111,0.073,0.452,0.452,-0.726,-0.001,0.073,-0.055,0.128,0.073,-0.055,0.128,-1.927,-0.405,-0.588,-0.138,-0.727,541,269,272
236,Kevin Edwards,2005,-0.817,-0.032,-0.785,0.139,-0.226,0.365,-0.242,-0.167,-0.075,-0.682,-0.069,-0.613,0.122,-0.115,0.238,-0.109,0.07,0.07,-0.804,-0.734,0.0,-0.109,0.18,-0.289,-0.109,0.18,-0.289,-0.822,-0.086,-0.257,0.074,-0.331,-0.345,-0.04,-0.305,0.316,-0.062,0.378,-0.302,0.006,-0.308,0.145,-0.051,0.192,0.224,-0.107,-0.107,0.112,0.005,0.0,0.224,0.026,0.198,0.224,0.026,0.198,0.375,0.005,-1.074,0.042,-1.116,-0.205,-0.265,0.06,0.074,-0.229,0.303,-0.985,-0.064,-0.921,0.267,-0.166,0.43,0.114,-0.036,-0.036,-0.729,0.0,0.114,0.205,-0.091,0.114,0.205,-0.091,-0.447,-0.081,-0.734,0.005,-0.729,2419,1203,1216
913,Larry Johnson,2005,-0.71,0.016,-0.726,0.077,0.203,-0.126,0.355,0.067,0.288,-1.158,0.067,-1.225,-0.081,-0.431,0.352,0.249,-1.622,-1.622,-0.542,-2.164,0.0,0.249,0.657,-0.408,0.249,0.657,-0.408,-2.696,-0.474,0.525,-0.064,0.589,0.092,0.231,-0.139,0.38,0.182,0.198,0.117,-0.079,0.196,0.529,0.615,-0.09,0.045,0.335,0.335,1.099,1.434,0.0,0.045,0.304,-0.259,0.045,0.304,-0.259,0.113,0.383,-0.184,-0.048,-0.136,0.169,0.434,-0.265,0.735,0.249,0.486,-1.04,-0.011,-1.029,0.447,0.185,0.262,0.294,-1.287,-1.287,-0.73,0.0,0.294,0.961,-0.667,0.294,0.961,-0.667,-2.583,-0.092,-2.164,1.434,-0.73,17913,8965,8948
107,Ellis,2005,-0.103,0.064,-0.167,-0.616,0.114,-0.73,-0.187,0.176,-0.363,0.636,0.121,0.515,-0.528,-0.454,-0.072,0.385,-0.018,-0.018,-0.246,-0.264,0.0,0.385,0.295,0.09,0.385,0.295,0.09,2.088,-0.257,-0.698,0.019,-0.717,-0.067,-0.222,0.155,-0.649,-0.113,-0.536,-0.001,0.016,-0.017,0.033,0.03,0.002,0.181,0.012,0.012,-0.484,-0.472,-0.0,0.181,0.206,-0.025,0.181,0.206,-0.025,0.183,-0.114,-0.802,0.083,-0.885,-0.683,-0.108,-0.575,-0.836,0.063,-0.899,0.634,0.137,0.497,-0.495,-0.423,-0.07,0.566,-0.006,-0.006,-0.736,0.0,0.566,0.501,0.065,0.566,0.501,0.065,2.271,-0.372,-0.264,-0.472,-0.736,2139,1079,1060
2546,Carmelo Anthony,2005,0.757,0.081,0.676,1.026,0.657,0.369,-0.232,0.467,-0.699,-0.118,-0.111,-0.007,1.115,0.787,0.325,-0.714,-0.532,-0.532,1.158,0.626,0.0,-0.714,-0.375,-0.339,-0.714,-0.375,-0.339,-0.61,1.495,-1.508,-0.075,-1.433,-0.626,-0.211,-0.415,0.185,-0.013,0.198,-0.992,0.065,-1.057,0.162,0.056,0.108,0.316,-0.334,-0.334,-1.03,-1.364,0.0,0.316,0.287,0.029,0.316,0.287,0.029,-1.641,-0.651,-0.75,0.006,-0.756,0.4,0.446,-0.046,-0.047,0.454,-0.501,-1.109,-0.046,-1.063,1.276,0.843,0.433,-0.397,-0.866,-0.866,-0.738,0.0,-0.397,-0.088,-0.309,-0.397,-0.088,-0.309,-2.251,0.844,0.626,-1.364,-0.738,22981,11504,11477
2784,Luis Flores,2005,-0.419,-0.16,-0.259,-0.253,-0.118,-0.135,-0.086,0.03,-0.116,0.08,0.028,0.052,-0.26,-0.269,0.011,-0.104,0.001,0.001,-0.783,-0.782,0.0,-0.104,0.166,-0.27,-0.104,0.166,-0.27,-0.285,-0.264,-0.013,0.153,-0.166,-0.145,0.051,-0.196,-0.007,-0.063,0.056,-0.014,-0.006,-0.008,-0.076,-0.076,-0.0,0.036,0.077,0.077,-0.053,0.024,0.0,0.036,-0.073,0.109,0.036,-0.073,0.109,-0.176,-0.119,-0.433,-0.007,-0.426,-0.398,-0.067,-0.331,-0.094,-0.034,-0.06,0.066,0.022,0.044,-0.336,-0.345,0.011,-0.068,0.078,0.078,-0.758,0.0,-0.068,0.093,-0.161,-0.068,0.093,-0.161,-0.461,-0.383,-0.782,0.024,-0.758,363,182,181
1049,Shane Heal,2005,-1.061,-0.133,-0.928,-0.617,-0.161,-0.456,-0.097,0.03,-0.127,-0.214,0.031,-0.245,-0.134,-0.046,-0.086,0.158,0.307,0.307,-1.037,-0.73,0.0,0.158,0.066,0.092,0.158,0.066,0.092,-0.32,-0.313,0.202,0.042,0.16,-0.047,0.061,-0.108,-0.019,-0.06,0.041,0.226,-0.013,0.239,-0.134,-0.112,-0.022,-0.03,-0.067,-0.067,0.038,-0.029,-0.0,-0.03,0.069,-0.099,-0.03,0.069,-0.099,0.182,0.019,-0.859,-0.091,-0.768,-0.665,-0.1,-0.565,-0.115,-0.029,-0.086,0.012,0.018,-0.006,-0.269,-0.157,-0.108,0.128,0.24,0.24,-0.759,0.0,0.128,0.135,-0.007,0.128,0.135,-0.007,-0.138,-0.294,-0.73,-0.029,-0.759,250,128,122
715,John Coker,2005,-0.246,-0.044,-0.202,-0.168,-0.145,-0.023,-0.224,0.015,-0.239,0.19,0.017,0.173,-0.165,-0.082,-0.081,-0.048,0.012,0.012,-0.459,-0.447,0.0,-0.048,0.027,-0.075,-0.048,0.027,-0.075,-0.047,-0.119,-0.221,0.039,-0.26,-0.058,0.055,-0.113,-0.155,-0.029,-0.126,-0.047,0.003,-0.05,-0.093,-0.056,-0.035,-0.008,0.01,0.01,-0.322,-0.312,0.0,-0.008,0.034,-0.042,-0.008,0.034,-0.042,-0.19,-0.01,-0.468,-0.005,-0.463,-0.226,-0.09,-0.136,-0.38,-0.015,-0.365,0.143,0.02,0.123,-0.258,-0.138,-0.116,-0.056,0.023,0.023,-0.759,-0.001,-0.056,0.061,-0.117,-0.056,0.061,-0.117,-0.238,-0.129,-0.447,-0.312,-0.76,108,54,54
2744,Al Jefferson,2005,-0.045,0.006,-0.051,-0.844,0.014,-0.858,0.479,-0.116,0.595,0.314,-0.156,0.47,0.085,0.308,-0.223,-0.724,0.269,0.269,-0.684,-0.415,-0.0,-0.724,-0.374,-0.35,-0.724,-0.374,-0.35,-1.298,-0.179,1.288,0.018,1.27,0.195,0.036,0.159,0.591,-0.102,0.693,0.484,0.015,0.469,-0.432,-0.52,0.09,-0.472,-0.739,-0.739,0.384,-0.355,-0.0,-0.472,-0.175,-0.297,-0.472,-0.175,-0.297,0.336,-0.13,1.243,0.024,1.219,-0.649,0.05,-0.699,1.07,-0.218,1.288,0.798,-0.141,0.939,-0.347,-0.212,-0.133,-1.197,-0.47,-0.47,-0.77,-0.0,-1.197,-0.549,-0.648,-1.197,-0.549,-0.648,-0.963,-0.309,-0.415,-0.355,-0.77,4510,2246,2264
281,Scott Williams,2005,-1.974,0.171,-2.145,-1.125,-0.599,-0.526,-0.821,-1.069,0.248,-0.199,-0.29,0.091,-1.11,-1.185,0.076,0.204,0.731,0.731,-2.88,-2.149,0.0,0.204,-0.154,0.358,0.204,-0.154,0.358,0.774,-0.546,0.043,0.037,0.006,0.092,0.101,-0.009,-0.175,0.124,-0.299,0.089,-0.03,0.119,0.502,0.494,0.007,0.838,-0.006,-0.006,1.383,1.377,0.0,0.838,0.329,0.509,0.838,0.329,0.509,-2.301,-0.231,-1.932,0.208,-2.14,-1.034,-0.498,-0.536,-0.996,-0.945,-0.051,-0.11,-0.32,0.21,-0.608,-0.69,0.082,1.043,0.725,0.725,-0.772,-0.001,1.043,0.175,0.868,1.043,0.175,0.868,-1.528,-0.777,-2.149,1.377,-0.773,21188,10588,10600
1559,Adrian Griffin,2005,-1.943,-0.404,-1.539,-0.184,-0.213,0.029,-1.127,-0.238,-0.889,-0.228,-0.089,-0.139,-0.2,-0.195,-0.001,0.37,0.852,0.852,-1.773,-0.921,0.0,0.37,0.495,-0.125,0.37,0.495,-0.125,-2.483,-0.748,-0.533,0.138,-0.671,-0.716,-0.328,-0.388,-0.747,-0.222,-0.525,0.792,0.122,0.67,-0.739,-0.917,0.177,1.058,0.36,0.36,-0.214,0.146,-0.0,1.058,0.657,0.401,1.058,0.657,0.401,1.561,-0.528,-2.476,-0.266,-2.21,-0.9,-0.541,-0.359,-1.874,-0.46,-1.414,0.564,0.033,0.531,-0.939,-1.113,0.176,1.427,1.211,1.211,-0.775,0.0,1.427,1.152,0.275,1.427,1.152,0.275,-0.922,-1.277,-0.921,0.146,-0.775,23864,11899,11965
964,Rogers,2005,-0.903,-0.175,-0.728,0.222,-0.115,0.337,-0.471,-0.002,-0.469,-0.479,-0.045,-0.434,-0.014,0.308,-0.318,-0.537,0.554,0.554,-1.454,-0.9,0.0,-0.537,-0.319,-0.218,-0.537,-0.319,-0.218,-1.36,-0.129,0.166,0.116,0.05,0.125,-0.118,0.243,-0.294,-0.087,-0.207,0.219,0.02,0.199,0.099,0.037,0.058,-0.259,0.116,0.116,0.006,0.122,-0.0,-0.259,0.017,-0.276,-0.259,0.017,-0.276,0.163,0.031,-0.737,-0.059,-0.678,0.346,-0.233,0.579,-0.765,-0.089,-0.676,-0.259,-0.024,-0.235,0.085,0.345,-0.26,-0.795,0.671,0.671,-0.778,0.0,-0.795,-0.302,-0.493,-0.795,-0.302,-0.493,-1.197,-0.098,-0.9,0.122,-0.778,1396,691,705
170,Kleine,2005,-0.477,-0.121,-0.356,-0.295,-0.169,-0.126,-0.105,-0.005,-0.1,0.044,-0.004,0.048,-0.02,-0.049,0.031,-0.011,-0.066,-0.066,-0.508,-0.574,0.0,-0.011,-0.056,0.045,-0.011,-0.056,0.045,-0.282,-0.194,0.019,0.041,-0.022,0.024,0.051,-0.027,-0.102,-0.073,-0.029,0.056,-0.013,0.069,-0.116,-0.108,-0.008,-0.016,-0.097,-0.097,-0.113,-0.21,0.0,-0.016,0.036,-0.052,-0.016,0.036,-0.052,0.088,0.04,-0.457,-0.08,-0.377,-0.27,-0.117,-0.153,-0.206,-0.077,-0.129,0.099,-0.017,0.116,-0.135,-0.156,0.023,-0.027,-0.164,-0.164,-0.784,0.0,-0.027,-0.02,-0.007,-0.027,-0.02,-0.007,-0.194,-0.153,-0.574,-0.21,-0.784,128,62,66
1572,Nate Huffman,2005,-0.302,-0.102,-0.2,-0.309,-0.097,-0.212,-0.013,0.089,-0.102,0.122,0.014,0.108,0.144,0.18,-0.034,-0.16,0.032,0.032,-0.318,-0.286,0.0,-0.16,-0.111,-0.049,-0.16,-0.111,-0.049,0.311,-0.172,-0.494,-0.006,-0.488,-0.114,-0.002,-0.112,-0.183,-0.072,-0.111,-0.191,-0.003,-0.188,-0.216,-0.178,-0.036,0.066,0.125,0.125,-0.644,-0.519,-0.0,0.066,0.045,0.021,0.066,0.045,0.021,-0.341,-0.167,-0.796,-0.108,-0.688,-0.423,-0.1,-0.323,-0.196,0.017,-0.213,-0.069,0.011,-0.08,-0.072,0.003,-0.071,-0.094,0.158,0.158,-0.805,-0.0,-0.094,-0.066,-0.028,-0.094,-0.066,-0.028,-0.03,-0.339,-0.286,-0.519,-0.805,290,144,146
2761,Jackson Vroman,2005,-0.17,-0.015,-0.155,-0.419,0.112,-0.531,-0.156,0.077,-0.233,0.42,-0.05,0.47,-0.125,0.183,-0.306,-0.482,-0.073,-0.073,-0.777,-0.85,0.0,-0.482,-0.529,0.047,-0.482,-0.529,0.047,-0.173,0.152,-0.25,0.07,-0.32,0.009,-0.044,0.053,0.417,-0.075,0.492,-0.746,0.021,-0.767,-0.086,-0.129,0.042,0.19,0.191,0.191,-0.146,0.045,-0.0,0.19,-0.063,0.253,0.19,-0.063,0.253,-0.359,-0.191,-0.419,0.055,-0.474,-0.409,0.069,-0.478,0.261,0.002,0.259,-0.326,-0.029,-0.297,-0.211,0.053,-0.264,-0.292,0.119,0.119,-0.805,-0.0,-0.292,-0.592,0.3,-0.292,-0.592,0.3,-0.532,-0.039,-0.85,0.045,-0.805,2572,1287,1285
2724,Desmond Ferguson,2005,-0.45,-0.103,-0.347,-0.139,-0.138,-0.001,-0.096,0.056,-0.152,-0.112,0.031,-0.143,-0.215,-0.045,-0.167,-0.097,-0.106,-0.106,-0.762,-0.868,0.0,-0.097,-0.051,-0.046,-0.097,-0.051,-0.046,-0.668,-0.202,0.182,0.104,0.078,0.01,0.046,-0.036,-0.049,-0.066,0.017,0.117,-0.007,0.124,-0.114,-0.082,-0.031,-0.071,0.066,0.066,-0.003,0.063,0.0,-0.071,-0.024,-0.047,-0.071,-0.024,-0.047,0.033,-0.03,-0.268,0.001,-0.269,-0.129,-0.092,-0.037,-0.145,-0.01,-0.135,0.005,0.024,-0.019,-0.329,-0.127,-0.198,-0.167,-0.04,-0.04,-0.805,-0.001,-0.167,-0.076,-0.091,-0.167,-0.076,-0.091,-0.635,-0.232,-0.868,0.063,-0.806,105,53,52
949,Shareef Abdur-Rahim,2005,-0.454,0.039,-0.493,-0.146,0.073,-0.219,0.079,-0.04,0.119,-0.426,-0.091,-0.335,0.863,0.302,0.558,-0.479,-0.066,-0.066,-0.07,-0.136,0.0,-0.479,-0.03,-0.449,-0.479,-0.03,-0.449,-0.246,0.124,-0.276,-0.162,-0.114,-0.25,-0.32,0.07,-0.314,-0.066,-0.248,0.45,0.009,0.441,0.198,0.169,0.029,-0.211,-0.398,-0.398,-0.289,-0.687,0.0,-0.211,0.091,-0.302,-0.211,0.091,-0.302,-1.11,-0.597,-0.732,-0.123,-0.609,-0.396,-0.247,-0.149,-0.237,-0.107,-0.13,0.024,-0.082,0.106,1.061,0.471,0.587,-0.69,-0.464,-0.464,-0.823,0.001,-0.69,0.061,-0.751,-0.69,0.061,-0.751,-1.356,-0.473,-0.136,-0.687,-0.822,64354,32198,32156
2406,Caron Butler,2005,0.026,-0.016,0.042,-0.093,0.368,-0.461,0.159,0.179,-0.02,-0.024,-0.089,0.065,0.324,0.183,0.136,0.953,-0.871,-0.871,1.303,0.432,0.0,0.953,0.221,0.732,0.953,0.221,0.732,0.046,0.417,-1.177,-0.065,-1.112,-0.387,-0.078,-0.309,-0.464,-0.114,-0.35,-0.261,-0.041,-0.22,-0.074,0.185,-0.259,-0.071,0.067,0.067,-1.322,-1.255,0.0,-0.071,0.203,-0.274,-0.071,0.203,-0.274,-0.664,-0.098,-1.149,-0.081,-1.068,-0.478,0.291,-0.769,-0.305,0.065,-0.37,-0.285,-0.13,-0.155,0.25,0.367,-0.123,0.883,-0.804,-0.804,-0.823,0.001,0.883,0.424,0.459,0.883,0.424,0.459,-0.618,0.318,0.432,-1.255,-0.822,31077,15522,15555
299,Glenn Robinson,2005,1.295,0.134,1.161,-0.861,-0.323,-0.538,1.925,-0.268,2.193,0.097,-0.051,0.148,0.625,0.21,0.416,-0.395,-0.217,-0.217,1.525,1.308,0.0,-0.395,-0.295,-0.1,-0.395,-0.295,-0.1,1.222,-0.674,-0.753,0.029,-0.782,-0.582,-0.215,-0.367,0.223,-0.246,0.469,-0.423,-0.022,-0.401,-0.426,-0.249,-0.176,-0.616,-0.342,-0.342,-1.795,-2.137,0.0,-0.616,-0.101,-0.515,-0.616,-0.101,-0.515,-1.11,-0.602,0.542,0.163,0.379,-1.444,-0.539,-0.905,2.149,-0.514,2.663,-0.326,-0.073,-0.253,0.199,-0.039,0.24,-1.011,-0.559,-0.559,-0.829,0.0,-1.011,-0.396,-0.615,-1.011,-0.396,-0.615,0.112,-1.276,1.308,-2.137,-0.829,50430,25228,25202
1536,Stephen Jackson,2005,0.585,-0.023,0.608,0.202,0.434,-0.232,0.692,0.438,0.254,-0.286,0.09,-0.376,0.275,0.134,0.139,-0.225,-0.528,-0.528,0.635,0.107,0.0,-0.225,0.008,-0.233,-0.225,0.008,-0.233,-0.275,0.658,-0.264,0.034,-0.298,0.194,-0.058,0.252,0.076,-0.174,0.25,-0.568,-0.048,-0.52,-0.26,-0.116,-0.142,-0.068,-0.348,-0.348,-0.592,-0.94,0.0,-0.068,0.072,-0.14,-0.068,0.072,-0.14,0.051,-0.057,0.322,0.011,0.311,0.397,0.377,0.02,0.768,0.264,0.504,-0.854,0.042,-0.896,0.015,0.018,-0.003,-0.293,-0.876,-0.876,-0.833,0.0,-0.293,0.08,-0.373,-0.293,0.08,-0.373,-0.224,0.601,0.107,-0.94,-0.833,38301,19176,19125
1074,Matt Maloney,2005,-2.548,-0.292,-2.256,-1.263,-0.399,-0.864,-0.876,0.139,-1.015,-0.117,0.176,-0.293,0.082,0.154,-0.07,0.02,0.424,0.424,-2.446,-2.022,0.0,0.02,0.129,-0.109,0.02,0.129,-0.109,-1.94,-0.7,1.315,0.134,1.181,0.214,0.052,0.162,0.595,-0.044,0.639,0.372,-0.05,0.422,0.147,0.072,0.074,0.078,-0.354,-0.354,1.54,1.186,0.0,0.078,-0.258,0.336,0.078,-0.258,0.336,0.836,0.096,-1.233,-0.158,-1.075,-1.049,-0.347,-0.702,-0.28,0.096,-0.376,0.254,0.126,0.128,0.228,0.226,0.004,0.098,0.07,0.07,-0.836,0.0,0.098,-0.129,0.227,0.098,-0.129,0.227,-1.104,-0.605,-2.022,1.186,-0.836,9847,4956,4891
1065,Erick Strickland,2005,-0.68,-0.342,-0.338,-0.553,-0.362,-0.191,0.203,0.25,-0.047,0.012,0.274,-0.262,0.295,0.004,0.292,0.343,-0.878,-0.878,-0.042,-0.92,0.0,0.343,0.078,0.265,0.343,0.078,0.265,-0.091,-1.041,0.321,0.245,0.076,0.062,0.331,-0.269,0.076,0.017,0.059,-0.062,-0.078,0.016,-0.144,-0.18,0.038,0.15,-0.253,-0.253,0.327,0.074,-0.0,0.15,0.028,0.122,0.15,0.028,0.122,0.247,0.433,-0.357,-0.097,-0.26,-0.49,-0.03,-0.46,0.279,0.267,0.012,-0.049,0.197,-0.246,0.152,-0.176,0.329,0.494,-1.131,-1.131,-0.846,0.0,0.494,0.107,0.387,0.494,0.107,0.387,0.156,-0.608,-0.92,0.074,-0.846,29187,14563,14624
1901,Dion Glover,2005,-0.397,-0.079,-0.318,0.089,0.353,-0.264,-0.126,0.194,-0.32,-0.281,-0.036,-0.245,0.127,0.163,-0.036,0.014,-0.192,-0.192,-0.256,-0.448,0.0,0.014,-0.143,0.157,0.014,-0.143,0.157,-2.063,-0.186,0.152,0.225,-0.073,0.365,0.012,0.353,0.14,-0.008,0.148,-0.578,-0.003,-0.575,0.004,0.059,-0.054,-0.324,-0.236,-0.236,-0.168,-0.404,0.0,-0.324,-0.079,-0.245,-0.324,-0.079,-0.245,0.338,0.193,-0.245,0.146,-0.391,0.453,0.364,0.089,0.014,0.186,-0.172,-0.858,-0.039,-0.819,0.131,0.222,-0.09,-0.31,-0.428,-0.428,-0.852,0.001,-0.31,-0.222,-0.088,-0.31,-0.222,-0.088,-1.725,0.008,-0.448,-0.404,-0.851,23531,11749,11782
120,Steven Smith,2005,-0.332,-0.348,0.016,-0.367,-0.128,-0.239,0.113,0.346,-0.233,0.27,0.157,0.113,0.909,0.427,0.483,0.561,-0.165,-0.165,1.138,0.973,0.0,0.561,0.671,-0.11,0.561,0.671,-0.11,-2.568,-0.721,-0.966,0.17,-1.136,-0.205,-0.266,0.061,-0.94,-0.249,-0.691,0.009,0.046,-0.037,-0.526,-0.514,-0.011,-0.264,-0.085,-0.085,-1.756,-1.841,0.0,-0.264,-0.443,0.179,-0.264,-0.443,0.179,0.88,-0.362,-1.296,-0.178,-1.118,-0.571,-0.394,-0.177,-0.826,0.097,-0.923,0.279,0.203,0.076,0.384,-0.087,0.472,0.297,-0.25,-0.25,-0.868,0.0,0.297,0.228,0.069,0.297,0.228,0.069,-1.688,-1.083,0.973,-1.841,-0.868,43207,21695,21512
296,Rick Fox,2005,-0.535,-0.319,-0.216,0.293,0.112,0.181,0.119,0.111,0.008,-0.628,0.078,-0.706,-0.166,-0.461,0.299,-0.375,-0.519,-0.519,-1.076,-1.595,0.0,-0.375,-0.092,-0.283,-0.375,-0.092,-0.283,0.485,0.652,0.57,0.04,0.53,-0.079,0.126,-0.205,0.591,0.023,0.568,0.018,0.046,-0.028,-0.304,-0.353,0.051,-0.127,0.586,0.586,0.139,0.725,0.0,-0.127,-0.059,-0.068,-0.127,-0.059,-0.068,1.725,0.145,0.032,-0.279,0.311,0.213,0.238,-0.025,0.71,0.134,0.576,-0.612,0.123,-0.735,-0.47,-0.814,0.35,-0.502,0.067,0.067,-0.87,0.0,-0.502,-0.151,-0.351,-0.502,-0.151,-0.351,2.21,0.797,-1.595,0.725,-0.87,41920,20988,20932
904,Chris Mullin,2005,-1.027,-0.17,-0.857,-0.348,-0.286,-0.062,-0.782,0.333,-1.115,0.273,0.264,0.009,0.263,-0.014,0.279,0.164,-0.998,-0.998,-0.6,-1.598,-0.0,0.164,-0.468,0.632,0.164,-0.468,0.632,-0.725,-0.656,0.157,0.012,0.145,-0.613,-0.117,-0.496,0.561,-0.106,0.667,0.197,0.033,0.164,-0.189,-0.287,0.096,0.222,0.534,0.534,0.19,0.724,0.0,0.222,0.093,0.129,0.222,0.093,0.129,1.205,-0.192,-0.869,-0.158,-0.711,-0.961,-0.404,-0.557,-0.22,0.228,-0.448,0.47,0.297,0.173,0.073,-0.301,0.376,0.386,-0.464,-0.464,-0.874,-0.0,0.386,-0.375,0.761,0.386,-0.375,0.761,0.48,-0.848,-1.598,0.724,-0.874,4106,2047,2059
2442,Chris Owens,2005,-0.457,-0.068,-0.389,-0.343,-0.155,-0.188,-0.027,0.002,-0.029,-0.019,0.012,-0.031,-0.133,-0.121,-0.009,-0.063,0.071,0.071,-0.653,-0.582,0.0,-0.063,-0.05,-0.013,-0.063,-0.05,-0.013,-0.282,-0.223,-0.182,0.072,-0.254,-0.037,0.054,-0.091,-0.147,-0.071,-0.076,-0.07,-0.014,-0.056,-0.093,-0.087,-0.006,-0.09,0.07,0.07,-0.365,-0.295,0.0,-0.09,-0.037,-0.053,-0.09,-0.037,-0.053,-0.296,-0.042,-0.638,0.004,-0.642,-0.381,-0.101,-0.28,-0.173,-0.069,-0.104,-0.088,-0.002,-0.086,-0.226,-0.208,-0.016,-0.153,0.141,0.141,-0.877,0.0,-0.153,-0.087,-0.066,-0.153,-0.087,-0.066,-0.577,-0.265,-0.582,-0.295,-0.877,25,12,13
1918,Obinna Ekezie,2005,0.75,0.055,0.695,-0.061,0.055,-0.116,0.238,-0.287,0.525,0.518,-0.221,0.739,-0.34,-0.168,-0.173,-0.685,-0.47,-0.47,-0.275,-0.745,0.0,-0.685,-0.471,-0.214,-0.685,-0.471,-0.214,-2.55,-0.193,-0.285,0.104,-0.389,0.231,0.224,0.007,-0.729,0.127,-0.856,0.109,-0.015,0.124,0.215,0.342,-0.128,-0.104,0.037,0.037,-0.174,-0.137,-0.0,-0.104,0.113,-0.217,-0.104,0.113,-0.217,-1.615,0.069,0.465,0.159,0.306,0.17,0.278,-0.108,-0.491,-0.16,-0.331,0.627,-0.236,0.863,-0.125,0.174,-0.301,-0.789,-0.432,-0.432,-0.882,0.0,-0.789,-0.358,-0.431,-0.789,-0.358,-0.431,-4.165,-0.125,-0.745,-0.137,-0.882,5742,2871,2871
1619,Garris,2005,-0.571,-0.054,-0.517,-0.501,-0.158,-0.343,0.055,-0.029,0.084,-0.071,-0.001,-0.07,-0.12,-0.099,-0.018,-0.033,0.086,0.086,-0.724,-0.638,0.0,-0.033,0.042,-0.075,-0.033,0.042,-0.075,-0.772,-0.286,-0.345,0.08,-0.425,-0.1,0.065,-0.165,-0.24,-0.049,-0.191,-0.085,-0.006,-0.079,-0.086,-0.08,-0.006,0.016,0.163,0.163,-0.415,-0.252,-0.0,0.016,-0.018,0.034,0.016,-0.018,0.034,-0.316,-0.02,-0.915,0.026,-0.941,-0.6,-0.093,-0.507,-0.185,-0.078,-0.107,-0.156,-0.007,-0.149,-0.206,-0.179,-0.025,-0.017,0.249,0.249,-0.89,-0.0,-0.017,0.024,-0.041,-0.017,0.024,-0.041,-1.088,-0.305,-0.638,-0.252,-0.89,91,46,45
2755,Kevin Martin,2005,-0.857,-0.159,-0.698,0.16,-0.212,0.372,-0.53,-0.145,-0.385,-0.328,-0.064,-0.264,-0.084,0.095,-0.178,0.076,0.297,0.297,-0.865,-0.568,0.0,0.076,-0.303,0.379,0.076,-0.303,0.379,-1.571,-0.226,-0.254,0.091,-0.345,-0.462,0.162,-0.624,-0.055,0.025,-0.08,0.172,0.014,0.158,-0.222,-0.252,0.03,-0.053,0.205,0.205,-0.529,-0.324,0.0,-0.053,-0.019,-0.034,-0.053,-0.019,-0.034,0.104,-0.049,-1.11,-0.068,-1.042,-0.302,-0.05,-0.252,-0.585,-0.12,-0.465,-0.155,-0.05,-0.105,-0.306,-0.156,-0.148,0.023,0.503,0.503,-0.892,-0.001,0.023,-0.322,0.345,0.023,-0.322,0.345,-1.467,-0.275,-0.568,-0.324,-0.893,1732,866,866
2552,Michael Sweetney,2005,-0.796,-0.067,-0.729,-0.411,0.323,-0.734,-0.754,-0.139,-0.615,0.436,-0.239,0.675,0.135,0.01,0.125,-0.852,1.997,1.997,-1.513,0.484,-0.0,-0.852,-0.182,-0.67,-0.852,-0.182,-0.67,-1.99,0.196,-1.599,-0.051,-1.548,-1.014,-0.127,-0.887,-0.023,-0.06,0.037,-0.511,0.03,-0.541,0.049,-0.083,0.133,0.043,0.13,0.13,-1.507,-1.377,0.0,0.043,0.324,-0.281,0.043,0.324,-0.281,-0.886,-0.578,-2.393,-0.118,-2.275,-1.424,0.196,-1.62,-0.776,-0.199,-0.577,-0.075,-0.209,0.134,0.184,-0.073,0.258,-0.809,2.127,2.127,-0.893,0.0,-0.809,0.142,-0.951,-0.809,0.142,-0.951,-2.876,-0.382,0.484,-1.377,-0.893,7631,3818,3813
2581,Steve Blake,2005,-0.668,-0.295,-0.373,-0.705,-0.151,-0.554,-0.81,0.365,-1.175,1.142,0.274,0.868,-0.332,-0.252,-0.08,0.178,-0.136,-0.136,-0.822,-0.958,0.0,0.178,0.326,-0.148,0.178,0.326,-0.148,1.41,-0.054,-0.446,0.238,-0.684,-0.965,0.057,-1.022,0.061,-0.11,0.171,0.22,-0.031,0.251,-0.19,-0.18,-0.009,0.158,0.542,0.542,-0.478,0.064,-0.0,0.158,0.13,0.028,0.158,0.13,0.028,-0.831,-0.397,-1.115,-0.057,-1.058,-1.67,-0.094,-1.576,-0.751,0.254,-1.005,1.363,0.243,1.12,-0.521,-0.432,-0.088,0.336,0.405,0.405,-0.894,0.001,0.336,0.456,-0.12,0.336,0.456,-0.12,0.579,-0.451,-0.958,0.064,-0.893,7900,3948,3952
988,Randy Livingston,2005,-1.277,-0.159,-1.118,-0.376,0.386,-0.762,-0.054,0.067,-0.121,-0.688,-0.065,-0.623,-0.093,-0.287,0.197,0.397,-0.496,-0.496,-0.973,-1.469,-0.0,0.397,-0.066,0.463,0.397,-0.066,0.463,0.315,0.454,0.197,0.235,-0.038,0.093,-0.0,0.093,-0.22,-0.058,-0.162,0.089,-0.007,0.096,0.072,-0.028,0.104,-0.195,0.501,0.501,0.074,0.575,0.0,-0.195,-0.247,0.052,-0.195,-0.247,0.052,0.293,-0.089,-1.08,0.076,-1.156,-0.283,0.386,-0.669,-0.274,0.009,-0.283,-0.599,-0.072,-0.527,-0.021,-0.315,0.3,0.202,0.006,0.006,-0.894,-0.0,0.202,-0.313,0.515,0.202,-0.313,0.515,0.608,0.366,-1.469,0.575,-0.894,6407,3197,3210
1753,Bailey,2005,-0.191,-0.187,-0.004,-0.22,0.158,-0.378,-0.229,0.094,-0.323,0.445,-0.029,0.474,-0.241,-0.088,-0.15,-0.832,0.297,0.297,-1.264,-0.967,0.0,-0.832,-0.343,-0.489,-0.832,-0.343,-0.489,-1.216,0.091,0.329,0.188,0.141,0.446,-0.013,0.459,-0.545,-0.19,-0.355,0.24,0.004,0.236,-0.412,-0.507,0.095,0.268,-0.112,-0.112,0.185,0.073,-0.0,0.268,-0.174,0.442,0.268,-0.174,0.442,0.517,0.235,0.139,0.001,0.138,0.226,0.145,0.081,-0.773,-0.095,-0.678,0.685,-0.025,0.71,-0.653,-0.595,-0.055,-0.564,0.185,0.185,-0.894,-0.001,-0.564,-0.517,-0.047,-0.564,-0.517,-0.047,-0.699,0.326,-0.967,0.073,-0.895,1966,969,997
2556,Marcus Banks,2005,-0.842,-0.274,-0.568,0.133,0.353,-0.22,0.282,0.246,0.036,-0.983,-0.057,-0.926,-0.264,0.436,-0.702,-0.475,-0.319,-0.319,-1.581,-1.9,0.0,-0.475,0.161,-0.636,-0.475,0.161,-0.636,-3.66,-0.382,1.134,0.385,0.749,0.323,0.177,0.146,0.438,-0.14,0.578,-0.012,-0.056,0.044,-0.348,-0.344,-0.004,0.65,-0.447,-0.447,1.436,0.989,0.0,0.65,-0.015,0.665,0.65,-0.015,0.665,0.528,0.199,0.291,0.111,0.18,0.456,0.53,-0.074,0.72,0.106,0.614,-0.996,-0.114,-0.882,-0.613,0.093,-0.706,0.175,-0.765,-0.765,-0.911,0.0,0.175,0.145,0.03,0.175,0.145,0.03,-3.132,-0.183,-1.9,0.989,-0.911,10429,5184,5245
2891,Mark Jones,2005,-1.102,-0.115,-0.987,-0.637,-0.098,-0.539,-0.026,-0.014,-0.012,-0.324,-0.029,-0.295,-0.38,-0.12,-0.257,0.051,0.866,0.866,-1.431,-0.565,0.0,0.051,0.007,0.044,0.051,0.007,0.044,-0.561,-0.257,-0.109,0.077,-0.186,-0.039,0.058,-0.097,-0.088,-0.08,-0.008,-0.059,-0.011,-0.048,-0.177,-0.231,0.053,-0.062,-0.003,-0.003,-0.348,-0.351,0.0,-0.062,0.052,-0.114,-0.062,0.052,-0.114,-0.291,0.012,-1.21,-0.038,-1.172,-0.676,-0.04,-0.636,-0.113,-0.094,-0.019,-0.383,-0.04,-0.343,-0.557,-0.352,-0.205,-0.011,0.863,0.863,-0.916,0.0,-0.011,0.06,-0.071,-0.011,0.06,-0.071,-0.852,-0.245,-0.565,-0.351,-0.916,451,227,224
1511,Taylor,2005,-0.697,-0.125,-0.572,-0.39,-0.144,-0.246,0.05,-0.011,0.061,-0.232,-0.01,-0.222,-0.133,-0.134,0.003,-0.075,0.056,0.056,-0.905,-0.849,-0.0,-0.075,-0.212,0.137,-0.075,-0.212,0.137,-0.91,-0.328,-0.118,0.057,-0.175,0.026,0.06,-0.034,-0.087,-0.088,0.001,-0.114,-0.024,-0.09,-0.07,-0.105,0.033,0.043,0.076,0.076,-0.145,-0.069,0.0,0.043,0.021,0.022,0.043,0.021,0.022,-0.127,0.006,-0.816,-0.068,-0.748,-0.365,-0.084,-0.281,-0.037,-0.099,0.062,-0.346,-0.034,-0.312,-0.204,-0.239,0.036,-0.033,0.132,0.132,-0.918,-0.0,-0.033,-0.191,0.158,-0.033,-0.191,0.158,-1.037,-0.322,-0.849,-0.069,-0.918,151,76,75
1442,Zeljko Rebraca,2005,1.718,0.243,1.475,-0.201,-0.249,0.048,1.28,-0.423,1.703,0.396,-0.137,0.533,0.049,-0.113,0.162,-1.791,-0.451,-0.451,-0.024,-0.475,0.0,-1.791,-0.601,-1.19,-1.791,-0.601,-1.19,0.264,-0.499,0.388,-0.129,0.517,0.874,-0.028,0.902,-0.363,0.068,-0.431,0.006,-0.0,0.006,0.333,0.308,0.026,-0.331,-0.839,-0.839,0.39,-0.449,-0.0,-0.331,-0.396,0.065,-0.331,-0.396,0.065,-1.114,-0.166,2.107,0.114,1.993,0.674,-0.277,0.951,0.917,-0.355,1.272,0.402,-0.137,0.539,0.383,0.195,0.188,-2.123,-1.29,-1.29,-0.924,-0.0,-2.123,-0.997,-1.126,-2.123,-0.997,-1.126,-0.851,-0.665,-0.475,-0.449,-0.924,10853,5440,5413
361,Clifford Robinson,2005,0.239,0.168,0.071,-0.382,-0.292,-0.09,0.016,0.059,-0.043,0.437,0.166,0.271,-0.022,0.022,-0.045,0.182,-1.353,-1.353,0.399,-0.954,0.0,0.182,0.03,0.152,0.182,0.03,0.152,2.305,-0.302,-0.083,-0.115,0.032,0.131,-0.248,0.379,0.32,0.156,0.164,-0.419,0.145,-0.564,0.167,0.267,-0.102,0.138,-0.195,-0.195,0.222,0.027,-0.0,0.138,-0.157,0.295,0.138,-0.157,0.295,1.149,0.021,0.157,0.053,0.104,-0.251,-0.54,0.289,0.337,0.216,0.121,0.018,0.311,-0.293,0.145,0.289,-0.147,0.321,-1.549,-1.549,-0.927,-0.0,0.321,-0.127,0.448,0.321,-0.127,0.448,3.454,-0.281,-0.954,0.027,-0.927,65170,32594,32576
166,Ron Harper,2005,-1.858,-0.237,-1.621,-1.129,-0.324,-0.805,0.061,-0.224,0.285,-0.553,-0.006,-0.547,-0.209,-0.039,-0.167,0.663,0.711,0.711,-1.404,-0.693,0.0,0.663,0.263,0.4,0.663,0.263,0.4,-0.555,-0.867,0.416,0.12,0.296,0.437,-0.067,0.504,-0.22,0.061,-0.281,0.079,0.039,0.04,0.117,0.067,0.05,-0.379,-0.399,-0.399,0.154,-0.245,0.0,-0.379,-0.345,-0.034,-0.379,-0.345,-0.034,1.606,0.314,-1.441,-0.117,-1.324,-0.691,-0.391,-0.3,-0.159,-0.163,0.004,-0.474,0.033,-0.507,-0.092,0.028,-0.117,0.284,0.312,0.312,-0.938,0.0,0.284,-0.083,0.367,0.284,-0.083,0.367,1.051,-0.553,-0.693,-0.245,-0.938,14698,7358,7340
1844,Vinson,2005,-1.266,-0.146,-1.12,-0.378,-0.18,-0.198,-0.489,-0.023,-0.466,-0.253,0.019,-0.272,-0.216,-0.2,-0.014,0.125,0.231,0.231,-1.357,-1.126,0.0,0.125,-0.012,0.137,0.125,-0.012,0.137,-0.573,-0.333,0.193,0.058,0.135,0.104,0.088,0.016,-0.136,-0.051,-0.085,0.167,-0.005,0.172,-0.175,-0.162,-0.013,0.039,0.129,0.129,0.057,0.186,-0.0,0.039,0.05,-0.011,0.039,0.05,-0.011,0.296,0.086,-1.071,-0.088,-0.983,-0.273,-0.091,-0.182,-0.624,-0.074,-0.55,-0.086,0.014,-0.1,-0.392,-0.361,-0.027,0.164,0.36,0.36,-0.94,-0.0,0.164,0.038,0.126,0.164,0.038,0.126,-0.277,-0.247,-1.126,0.186,-0.94,157,80,77
28,Doug West,2005,-1.788,-0.176,-1.612,-0.712,0.286,-0.998,-0.574,0.061,-0.635,-0.326,-0.11,-0.216,0.236,0.102,0.137,0.391,-0.204,-0.204,-1.161,-1.365,0.0,0.391,-0.052,0.443,0.391,-0.052,0.443,-1.96,0.089,-0.141,0.032,-0.173,-0.168,-0.082,-0.086,-0.229,-0.078,-0.151,0.224,0.001,0.223,-0.232,-0.207,-0.024,0.683,0.112,0.112,0.31,0.422,-0.0,0.683,0.034,0.649,0.683,0.034,0.649,0.412,-0.055,-1.93,-0.144,-1.786,-0.88,0.204,-1.084,-0.804,-0.017,-0.787,-0.102,-0.109,0.007,0.004,-0.106,0.113,1.074,-0.092,-0.092,-0.943,0.0,1.074,-0.018,1.092,1.074,-0.018,1.092,-1.548,0.034,-1.365,0.422,-0.943,2868,1425,1443
895,Tyrone Corbin,2005,-1.92,-0.109,-1.811,-0.688,-0.178,-0.51,-0.424,-0.07,-0.354,-0.699,0.022,-0.721,0.353,-0.027,0.384,0.596,0.031,0.031,-0.971,-0.94,0.0,0.596,0.6,-0.004,0.596,0.6,-0.004,-2.05,-0.514,0.367,0.138,0.229,-0.468,0.141,-0.609,0.475,-0.013,0.488,0.222,0.006,0.216,-0.39,-0.331,-0.061,0.04,-0.03,-0.03,0.017,-0.013,0.0,0.04,0.006,0.034,0.04,0.006,0.034,0.362,-0.194,-1.555,0.029,-1.584,-1.157,-0.038,-1.119,0.05,-0.083,0.133,-0.477,0.027,-0.504,-0.037,-0.357,0.323,0.635,0.001,0.001,-0.953,0.0,0.635,0.606,0.029,0.635,0.606,0.029,-1.688,-0.708,-0.94,-0.013,-0.953,4323,2156,2167
1248,ID_1248,2005,-0.495,-0.081,-0.414,-0.342,-0.159,-0.183,-0.056,0.005,-0.061,-0.016,0.016,-0.032,-0.098,-0.089,-0.006,-0.028,-0.036,-0.036,-0.621,-0.657,0.0,-0.028,-0.031,0.003,-0.028,-0.031,0.003,-0.36,-0.238,-0.202,0.054,-0.256,-0.041,0.053,-0.094,-0.194,-0.063,-0.131,-0.021,-0.01,-0.011,-0.102,-0.097,-0.005,-0.034,0.038,0.038,-0.338,-0.3,0.0,-0.034,-0.023,-0.011,-0.034,-0.023,-0.011,-0.188,-0.032,-0.697,-0.027,-0.67,-0.383,-0.107,-0.276,-0.249,-0.058,-0.191,-0.038,0.006,-0.044,-0.2,-0.187,-0.011,-0.062,0.002,0.002,-0.957,0.0,-0.062,-0.054,-0.008,-0.062,-0.054,-0.008,-0.548,-0.27,-0.657,-0.3,-0.957,8,3,5
2222,Gerald Wallace,2005,-1.06,-0.208,-0.852,-0.096,0.317,-0.413,-0.384,-0.095,-0.289,-0.372,-0.211,-0.161,-0.781,0.06,-0.842,-0.316,0.359,0.359,-2.157,-1.798,0.0,-0.316,-0.436,0.12,-0.316,-0.436,0.12,-2.203,0.222,0.753,-0.002,0.755,0.565,-0.035,0.6,-0.04,-0.01,-0.03,0.23,0.036,0.194,0.206,0.094,0.116,0.114,-0.255,-0.255,1.073,0.818,0.0,0.114,-0.128,0.242,0.114,-0.128,0.242,1.18,0.287,-0.308,-0.21,-0.098,0.469,0.282,0.187,-0.424,-0.105,-0.319,-0.143,-0.175,0.032,-0.575,0.154,-0.726,-0.203,0.104,0.104,-0.98,-0.001,-0.203,-0.564,0.361,-0.203,-0.564,0.361,-1.023,0.51,-1.798,0.818,-0.981,13716,6865,6851
2466,Maurice Carter,2005,-1.05,-0.119,-0.931,-0.147,-0.186,0.039,-0.602,0.049,-0.651,-0.182,0.017,-0.199,0.111,0.181,-0.067,-0.212,0.129,0.129,-1.151,-1.022,0.0,-0.212,-0.016,-0.196,-0.212,-0.016,-0.196,-1.061,-0.248,-0.222,0.161,-0.383,0.192,0.12,0.072,-0.375,-0.039,-0.336,-0.2,-0.018,-0.182,-0.05,-0.045,-0.006,-0.133,0.44,0.44,-0.405,0.035,0.0,-0.133,-0.17,0.037,-0.133,-0.17,0.037,0.182,0.135,-1.274,0.042,-1.316,0.045,-0.066,0.111,-0.978,0.009,-0.987,-0.383,-0.001,-0.382,0.061,0.136,-0.073,-0.344,0.569,0.569,-0.987,0.001,-0.344,-0.186,-0.158,-0.344,-0.186,-0.158,-0.879,-0.113,-1.022,0.035,-0.986,413,206,207
873,ID_873,2005,-0.524,-0.084,-0.44,-0.226,-0.138,-0.088,-0.107,0.008,-0.115,-0.107,0.009,-0.116,-0.092,-0.091,0.001,0.021,-0.076,-0.076,-0.595,-0.671,-0.0,0.021,-0.008,0.029,0.021,-0.008,0.029,-0.389,-0.173,-0.278,0.051,-0.329,-0.035,0.045,-0.08,-0.204,-0.061,-0.143,-0.09,-0.008,-0.082,-0.095,-0.083,-0.012,-0.008,0.054,0.054,-0.381,-0.327,0.0,-0.008,0.009,-0.017,-0.008,0.009,-0.017,-0.18,-0.018,-0.804,-0.033,-0.771,-0.262,-0.094,-0.168,-0.312,-0.053,-0.259,-0.197,0.001,-0.198,-0.187,-0.174,-0.01,0.013,-0.021,-0.021,-0.998,0.0,0.013,0.001,0.012,0.013,0.001,0.012,-0.569,-0.191,-0.671,-0.327,-0.998,20,10,10
2486,Maurice Baker,2005,-0.697,-0.078,-0.619,-0.198,-0.143,-0.055,-0.28,0.001,-0.281,-0.141,0.012,-0.153,-0.135,-0.118,-0.015,-0.119,0.054,0.054,-0.951,-0.897,-0.0,-0.119,-0.062,-0.057,-0.119,-0.062,-0.057,-0.404,-0.125,-0.008,0.086,-0.094,0.08,0.066,0.014,-0.092,-0.062,-0.03,-0.082,-0.012,-0.07,-0.092,-0.097,0.005,-0.044,0.043,0.043,-0.144,-0.101,0.0,-0.044,-0.033,-0.011,-0.044,-0.033,-0.011,-0.175,0.033,-0.703,0.008,-0.711,-0.117,-0.077,-0.04,-0.371,-0.06,-0.311,-0.223,-0.0,-0.223,-0.227,-0.215,-0.011,-0.164,0.097,0.097,-0.998,-0.001,-0.164,-0.095,-0.069,-0.164,-0.095,-0.069,-0.58,-0.092,-0.897,-0.101,-0.999,61,31,30
1724,Bryce Drew,2005,-0.599,-0.121,-0.478,0.049,0.054,-0.005,-0.624,0.114,-0.738,0.097,0.102,-0.005,-0.632,-0.393,-0.236,0.594,-0.491,-0.491,-0.637,-1.128,0.0,0.594,0.277,0.317,0.594,0.277,0.317,1.496,0.089,-0.447,0.37,-0.817,-0.431,-0.258,-0.173,-0.855,-0.075,-0.78,0.469,0.044,0.425,0.143,0.097,0.045,-0.208,0.638,0.638,-0.512,0.126,0.0,-0.208,-0.219,0.011,-0.208,-0.219,0.011,0.802,-0.099,-1.045,0.249,-1.294,-0.381,-0.204,-0.177,-1.479,0.039,-1.518,0.566,0.146,0.42,-0.488,-0.296,-0.191,0.386,0.147,0.147,-1.002,-0.0,0.386,0.058,0.328,0.386,0.058,0.328,2.298,-0.01,-1.128,0.126,-1.002,13365,6695,6670
2559,Troy Bell,2005,-0.75,-0.248,-0.502,-0.273,-0.096,-0.177,-0.035,0.049,-0.084,-0.194,-0.002,-0.192,0.092,-0.015,0.108,-0.059,-0.098,-0.098,-0.717,-0.815,0.0,-0.059,0.023,-0.082,-0.059,0.023,-0.082,-0.572,-0.22,-0.081,0.065,-0.146,-0.024,0.044,-0.068,-0.085,-0.083,-0.002,-0.037,-0.004,-0.033,-0.242,-0.193,-0.048,-0.007,0.143,0.143,-0.33,-0.187,0.0,-0.007,-0.048,0.041,-0.007,-0.048,0.041,-0.086,-0.021,-0.831,-0.183,-0.648,-0.298,-0.052,-0.246,-0.12,-0.034,-0.086,-0.23,-0.005,-0.225,-0.151,-0.207,0.061,-0.066,0.046,0.046,-1.002,-0.001,-0.066,-0.025,-0.041,-0.066,-0.025,-0.041,-0.658,-0.241,-0.815,-0.187,-1.003,146,74,72
2746,Josh Smith,2005,-0.508,0.012,-0.52,0.841,0.801,0.04,-0.134,0.281,-0.415,-1.227,-0.204,-1.023,0.11,0.348,-0.238,-0.654,0.885,0.885,-1.052,-0.167,0.0,-0.654,-0.462,-0.192,-0.654,-0.462,-0.192,-1.994,1.43,-0.224,0.079,-0.303,1.351,-0.095,1.446,-1.086,-0.107,-0.979,-0.568,-0.018,-0.55,0.128,0.1,0.028,-0.017,-0.723,-0.723,-0.113,-0.836,0.0,-0.017,0.186,-0.203,-0.017,0.186,-0.203,-0.863,0.122,-0.733,0.091,-0.824,2.192,0.706,1.486,-1.221,0.174,-1.395,-1.795,-0.222,-1.573,0.238,0.447,-0.21,-0.671,0.162,0.162,-1.003,0.0,-0.671,-0.277,-0.394,-0.671,-0.277,-0.394,-2.857,1.552,-0.167,-0.836,-1.003,8270,4102,4168
21,Greg Anthony,2005,-0.223,-0.206,-0.017,-0.243,-0.044,-0.199,0.153,0.261,-0.108,0.073,0.186,-0.113,-0.496,-0.125,-0.37,-0.561,0.198,0.198,-1.28,-1.082,0.0,-0.561,-0.002,-0.559,-0.561,-0.002,-0.559,0.69,-0.095,0.472,0.083,0.389,-0.353,-0.045,-0.308,0.373,-0.043,0.416,0.369,0.001,0.368,-0.167,-0.117,-0.05,0.55,-0.777,-0.777,0.855,0.078,0.0,0.55,0.148,0.402,0.55,0.148,0.402,-0.418,-0.583,0.247,-0.123,0.37,-0.596,-0.089,-0.507,0.525,0.217,0.308,0.441,0.186,0.255,-0.663,-0.242,-0.42,-0.011,-0.579,-0.579,-1.004,0.0,-0.011,0.146,-0.157,-0.011,0.146,-0.157,0.273,-0.678,-1.082,0.078,-1.004,15327,7651,7676
1564,Etdrick Bohannon,2005,-0.385,-0.014,-0.371,-0.557,-0.126,-0.431,0.054,0.115,-0.061,0.132,0.05,0.082,-0.185,0.071,-0.253,-0.212,0.273,0.273,-0.782,-0.509,0.0,-0.212,0.085,-0.297,-0.212,0.085,-0.297,-1.145,-0.259,-0.582,0.095,-0.677,-0.275,0.103,-0.378,-0.326,-0.052,-0.274,-0.076,-0.005,-0.071,-0.182,-0.22,0.037,0.121,0.147,0.147,-0.643,-0.496,0.0,0.121,-0.003,0.124,0.121,-0.003,0.124,-0.014,0.033,-0.966,0.081,-1.047,-0.831,-0.022,-0.809,-0.272,0.063,-0.335,0.056,0.045,0.011,-0.368,-0.149,-0.217,-0.091,0.42,0.42,-1.005,0.0,-0.091,0.081,-0.172,-0.091,0.081,-0.172,-1.159,-0.225,-0.509,-0.496,-1.005,519,256,263
2585,Zaza Pachulia,2005,-1.075,-0.044,-1.031,-0.882,-0.045,-0.837,0.172,-0.33,0.502,-0.321,-0.201,-0.12,-0.019,0.055,-0.074,-0.55,0.095,0.095,-1.644,-1.549,0.0,-0.55,-0.124,-0.426,-0.55,-0.124,-0.426,-2.26,-0.269,-0.021,-0.041,0.02,-0.702,-0.137,-0.565,-0.401,-0.028,-0.373,1.123,-0.028,1.151,0.557,0.537,0.02,0.34,-0.337,-0.337,0.876,0.539,-0.0,0.34,0.117,0.223,0.34,0.117,0.223,-1.269,-0.803,-1.095,-0.085,-1.01,-1.584,-0.182,-1.402,-0.229,-0.357,0.128,0.803,-0.229,1.032,0.539,0.592,-0.054,-0.21,-0.242,-0.242,-1.01,-0.0,-0.21,-0.007,-0.203,-0.21,-0.007,-0.203,-3.528,-1.072,-1.549,0.539,-1.01,7668,3847,3821
2082,Dan McClintock,2005,-0.532,-0.061,-0.471,-0.069,-0.123,0.054,-0.18,-0.009,-0.171,-0.222,0.019,-0.241,-0.351,-0.206,-0.143,-0.068,0.385,0.385,-0.951,-0.566,0.0,-0.068,-0.101,0.033,-0.068,-0.101,0.033,0.165,-0.136,-0.559,0.074,-0.633,-0.324,-0.028,-0.296,-0.189,-0.102,-0.087,-0.12,-0.013,-0.107,-0.041,-0.057,0.015,-0.032,0.187,0.187,-0.632,-0.445,0.0,-0.032,-0.078,0.046,-0.032,-0.078,0.046,-0.652,-0.27,-1.091,0.013,-1.104,-0.393,-0.151,-0.242,-0.369,-0.111,-0.258,-0.342,0.006,-0.348,-0.392,-0.262,-0.127,-0.1,0.572,0.572,-1.011,0.001,-0.1,-0.178,0.078,-0.1,-0.178,0.078,-0.487,-0.406,-0.566,-0.445,-1.01,222,109,113
381,James Robinson,2005,-0.516,-0.077,-0.439,-0.426,-0.114,-0.312,-0.182,0.039,-0.221,0.169,0.025,0.144,-0.202,-0.138,-0.062,0.006,0.022,0.022,-0.712,-0.69,0.0,0.006,0.054,-0.048,0.006,0.054,-0.048,-0.524,-0.145,-0.278,0.03,-0.308,-0.071,0.052,-0.123,-0.263,-0.064,-0.199,0.026,-0.005,0.031,-0.14,-0.13,-0.01,-0.017,0.109,0.109,-0.435,-0.326,0.0,-0.017,0.053,-0.07,-0.017,0.053,-0.07,-0.077,-0.028,-0.795,-0.047,-0.748,-0.497,-0.061,-0.436,-0.446,-0.026,-0.42,0.195,0.019,0.176,-0.343,-0.268,-0.071,-0.011,0.131,0.131,-1.016,0.0,-0.011,0.106,-0.117,-0.011,0.106,-0.117,-0.601,-0.173,-0.69,-0.326,-1.016,196,95,101
2569,Ndudi Ebi,2005,-0.967,-0.31,-0.657,-0.201,-0.077,-0.124,-0.238,0.075,-0.313,-0.218,-0.016,-0.202,-0.239,-0.039,-0.198,0.247,0.317,0.317,-0.959,-0.642,-0.0,0.247,-0.059,0.306,0.247,-0.059,0.306,-0.561,-0.04,-0.029,0.118,-0.147,-0.123,0.065,-0.188,-0.079,-0.082,0.003,0.055,-0.021,0.076,-0.089,-0.089,0.0,-0.216,-0.046,-0.046,-0.334,-0.38,-0.0,-0.216,-0.05,-0.166,-0.216,-0.05,-0.166,-0.157,-0.004,-0.997,-0.192,-0.805,-0.324,-0.012,-0.312,-0.317,-0.007,-0.31,-0.164,-0.037,-0.127,-0.328,-0.128,-0.198,0.031,0.271,0.271,-1.022,-0.0,0.031,-0.109,0.14,0.031,-0.109,0.14,-0.718,-0.044,-0.642,-0.38,-1.022,317,158,159
2347,Tang Hamilton,2005,-0.848,-0.055,-0.793,-0.172,-0.16,-0.012,-0.514,-0.047,-0.467,-0.107,-0.008,-0.099,-0.063,0.013,-0.074,-0.006,-0.136,-0.136,-0.917,-1.053,0.0,-0.006,-0.071,0.065,-0.006,-0.071,0.065,-0.97,-0.351,0.138,0.055,0.083,0.021,0.033,-0.012,0.016,-0.07,0.086,0.046,0.004,0.042,-0.179,-0.202,0.022,0.174,-0.105,-0.105,0.133,0.028,-0.0,0.174,-0.031,0.205,0.174,-0.031,0.205,0.36,-0.048,-0.71,0.0,-0.71,-0.151,-0.127,-0.024,-0.498,-0.117,-0.381,-0.061,-0.004,-0.057,-0.242,-0.188,-0.052,0.169,-0.241,-0.241,-1.025,0.0,0.169,-0.102,0.271,0.169,-0.102,0.271,-0.611,-0.399,-1.053,0.028,-1.025,351,173,178
1304,ID_1304,2005,-0.629,-0.118,-0.511,-0.396,-0.124,-0.272,-0.014,0.027,-0.041,-0.101,0.006,-0.107,-0.128,-0.056,-0.069,0.036,-0.024,-0.024,-0.721,-0.745,0.0,0.036,0.002,0.034,0.036,0.002,0.034,-0.402,-0.187,-0.146,0.067,-0.213,-0.013,0.067,-0.08,-0.198,-0.058,-0.14,-0.002,-0.009,0.007,-0.151,-0.107,-0.043,-0.018,0.035,0.035,-0.315,-0.28,0.0,-0.018,-0.04,0.022,-0.018,-0.04,0.022,-0.142,0.0,-0.776,-0.051,-0.725,-0.409,-0.057,-0.352,-0.213,-0.032,-0.181,-0.103,-0.003,-0.1,-0.279,-0.164,-0.111,0.018,0.011,0.011,-1.025,0.0,0.018,-0.038,0.056,0.018,-0.038,0.056,-0.544,-0.187,-0.745,-0.28,-1.025,27,13,14
278,Stacey Augmon,2005,-1.372,-0.402,-0.97,-0.537,-0.056,-0.481,-0.702,-0.136,-0.566,0.269,-0.175,0.444,0.546,0.43,0.116,-0.775,0.387,0.387,-1.601,-1.214,0.0,-0.775,-0.377,-0.398,-0.775,-0.377,-0.398,-3.09,-0.377,0.394,-0.024,0.418,0.401,-0.42,0.821,0.535,-0.277,0.812,-0.518,-0.011,-0.507,-0.344,-0.335,-0.008,0.045,0.093,0.093,0.095,0.188,-0.0,0.045,-0.221,0.266,0.045,-0.221,0.266,0.916,0.0,-0.978,-0.426,-0.552,-0.135,-0.476,0.341,-0.167,-0.413,0.246,-0.25,-0.187,-0.063,0.202,0.096,0.107,-0.73,0.481,0.481,-1.026,-0.0,-0.73,-0.598,-0.132,-0.73,-0.598,-0.132,-2.174,-0.377,-1.214,0.188,-1.026,24599,12177,12422
1000,Shandon Anderson,2005,0.451,-0.037,0.488,0.412,0.345,0.067,0.593,0.287,0.306,-0.517,0.043,-0.56,0.078,0.146,-0.064,-0.977,-0.138,-0.138,-0.448,-0.586,0.0,-0.977,-0.587,-0.39,-0.977,-0.587,-0.39,-0.576,0.686,0.67,0.079,0.591,0.132,-0.074,0.206,-0.094,-0.025,-0.069,0.553,0.03,0.523,-0.269,-0.283,0.011,-0.319,-0.523,-0.523,0.082,-0.441,0.0,-0.319,-0.366,0.047,-0.319,-0.366,0.047,1.428,0.184,1.119,0.042,1.077,0.543,0.271,0.272,0.499,0.262,0.237,0.035,0.073,-0.038,-0.191,-0.137,-0.053,-1.296,-0.661,-0.661,-1.027,0.0,-1.296,-0.953,-0.343,-1.296,-0.953,-0.343,0.851,0.87,-0.586,-0.441,-1.027,44779,22312,22467
2632,Kirk Penney,2005,-0.745,-0.081,-0.664,-0.453,-0.097,-0.356,-0.194,0.038,-0.232,-0.017,0.015,-0.032,-0.175,-0.142,-0.031,-0.111,0.016,0.016,-1.031,-1.015,0.0,-0.111,-0.107,-0.004,-0.111,-0.107,-0.004,-0.479,-0.248,0.071,0.106,-0.035,0.042,0.026,0.016,-0.121,-0.062,-0.059,0.044,-0.002,0.046,-0.044,-0.024,-0.02,-0.063,0.014,0.014,-0.036,-0.022,0.0,-0.063,0.007,-0.07,-0.063,0.007,-0.07,-0.191,-0.018,-0.675,0.025,-0.7,-0.412,-0.071,-0.341,-0.315,-0.024,-0.291,0.027,0.013,0.014,-0.219,-0.165,-0.051,-0.174,0.03,0.03,-1.037,0.0,-0.174,-0.1,-0.074,-0.174,-0.1,-0.074,-0.67,-0.266,-1.015,-0.022,-1.037,98,48,50
1594,Rick Brunson,2005,-0.11,-0.483,0.373,0.098,-0.294,0.392,0.111,-0.145,0.256,0.164,-0.082,0.246,0.353,0.574,-0.221,-0.064,-1.08,-1.08,0.179,-0.901,0.0,-0.064,0.035,-0.099,-0.064,0.035,-0.099,1.136,-0.607,-0.638,0.155,-0.793,-0.021,-0.005,-0.016,-0.395,-0.163,-0.232,-0.377,-0.059,-0.318,0.075,0.021,0.056,-0.011,0.432,0.432,-0.574,-0.142,0.0,-0.011,0.055,-0.066,-0.011,0.055,-0.066,0.089,0.084,-0.749,-0.328,-0.421,0.077,-0.299,0.376,-0.284,-0.308,0.024,-0.214,-0.141,-0.073,0.428,0.595,-0.165,-0.075,-0.648,-0.648,-1.043,0.0,-0.075,0.09,-0.165,-0.075,0.09,-0.165,1.225,-0.523,-0.901,-0.142,-1.043,13281,6654,6627
2866,Jackie Butler,2005,-0.483,-0.149,-0.334,-0.172,-0.127,-0.045,-0.062,0.017,-0.079,-0.1,0.006,-0.106,-0.068,-0.097,0.031,-0.064,-0.08,-0.08,-0.615,-0.695,0.0,-0.064,-0.048,-0.016,-0.064,-0.048,-0.016,-0.443,-0.173,-0.173,0.069,-0.242,0.008,0.058,-0.05,-0.163,-0.062,-0.101,-0.087,-0.007,-0.08,-0.121,-0.104,-0.016,-0.035,-0.035,-0.035,-0.329,-0.364,0.0,-0.035,0.01,-0.045,-0.035,0.01,-0.045,-0.16,-0.003,-0.656,-0.08,-0.576,-0.164,-0.07,-0.094,-0.225,-0.045,-0.18,-0.187,-0.001,-0.186,-0.189,-0.201,0.015,-0.098,-0.115,-0.115,-1.059,0.0,-0.098,-0.038,-0.06,-0.098,-0.038,-0.06,-0.603,-0.176,-0.695,-0.364,-1.059,22,11,11
441,Lamond Murray,2005,-0.615,0.007,-0.622,-0.806,0.03,-0.836,-0.265,-0.046,-0.219,0.449,-0.033,0.482,-0.006,-0.098,0.091,-0.204,-0.321,-0.321,-0.825,-1.146,0.0,-0.204,0.24,-0.444,-0.204,0.24,-0.444,-0.75,-0.332,0.508,0.022,0.486,0.354,-0.044,0.398,-0.179,-0.103,-0.076,0.311,-0.012,0.323,-0.252,-0.33,0.077,-0.21,0.04,0.04,0.046,0.086,-0.0,-0.21,-0.033,-0.177,-0.21,-0.033,-0.177,-0.14,-0.017,-0.107,0.029,-0.136,-0.451,-0.014,-0.437,-0.445,-0.15,-0.295,0.76,-0.045,0.805,-0.258,-0.427,0.168,-0.414,-0.281,-0.281,-1.06,-0.0,-0.414,0.207,-0.621,-0.414,0.207,-0.621,-0.89,-0.349,-1.146,0.086,-1.06,31917,15953,15964
209,Dell Curry,2005,0.394,-0.14,0.534,-0.839,-0.432,-0.407,0.937,0.064,0.873,0.436,0.274,0.162,-0.514,-0.384,-0.128,0.867,0.237,0.237,0.747,0.984,0.0,0.867,0.559,0.308,0.867,0.559,0.308,2.646,-0.825,-1.311,0.129,-1.44,-0.48,-0.233,-0.247,-1.59,-0.252,-1.338,0.63,0.009,0.621,-0.502,-0.659,0.159,0.108,-0.347,-0.347,-1.705,-2.052,-0.0,0.108,-0.095,0.203,0.108,-0.095,0.203,0.567,-0.724,-0.917,-0.011,-0.906,-1.317,-0.664,-0.653,-0.654,-0.189,-0.465,1.065,0.283,0.782,-1.015,-1.043,0.032,0.975,-0.11,-0.11,-1.068,-0.0,0.975,0.464,0.511,0.975,0.464,0.511,3.212,-1.549,0.984,-2.052,-1.068,12075,6065,6010
1904,Devean George,2005,-1.695,-0.337,-1.358,-0.651,-0.282,-0.369,-0.07,0.157,-0.227,-0.637,0.153,-0.79,-0.167,-0.06,-0.106,-0.418,0.225,0.225,-2.28,-2.055,0.0,-0.418,-0.235,-0.183,-0.418,-0.235,-0.183,-2.036,-0.56,0.406,0.029,0.377,-0.19,-0.025,-0.165,0.325,-0.118,0.443,0.242,-0.004,0.246,-0.263,-0.389,0.127,0.342,0.501,0.501,0.485,0.986,0.0,0.342,0.163,0.179,0.342,0.163,0.179,0.908,-0.105,-1.288,-0.308,-0.98,-0.841,-0.307,-0.534,0.257,0.04,0.217,-0.396,0.148,-0.544,-0.429,-0.449,0.021,-0.076,0.726,0.726,-1.069,0.0,-0.076,-0.072,-0.004,-0.076,-0.072,-0.004,-1.128,-0.666,-2.055,0.986,-1.069,29679,14861,14818
2564,Boris Diaw,2005,-1.36,-0.085,-1.275,0.469,0.106,0.363,-1.262,0.064,-1.326,-0.482,-0.036,-0.446,-0.136,0.119,-0.257,-1.248,0.897,0.897,-2.744,-1.847,-0.0,-1.248,-0.488,-0.76,-1.248,-0.488,-0.76,-1.396,0.34,0.603,0.109,0.494,0.057,-0.061,0.118,0.255,-0.081,0.336,0.182,0.061,0.121,-0.348,-0.357,0.01,-0.063,0.581,0.581,0.192,0.773,0.0,-0.063,-0.046,-0.017,-0.063,-0.046,-0.017,1.319,0.104,-0.755,0.024,-0.779,0.526,0.045,0.481,-1.006,-0.017,-0.989,-0.299,0.026,-0.325,-0.485,-0.238,-0.246,-1.311,1.478,1.478,-1.074,-0.0,-1.311,-0.533,-0.778,-1.311,-0.533,-0.778,-0.077,0.444,-1.847,0.773,-1.074,11706,5826,5880
2688,Brandin Knight,2005,-0.637,-0.082,-0.555,-0.373,-0.153,-0.22,-0.091,0.019,-0.11,-0.091,0.023,-0.114,-0.138,-0.116,-0.019,-0.016,0.071,0.071,-0.791,-0.72,0.0,-0.016,-0.024,0.008,-0.016,-0.024,0.008,-0.264,-0.24,-0.255,0.051,-0.306,-0.068,0.047,-0.115,-0.193,-0.062,-0.131,-0.045,-0.007,-0.038,-0.101,-0.105,0.004,-0.037,0.038,0.038,-0.393,-0.355,0.0,-0.037,-0.026,-0.011,-0.037,-0.026,-0.011,-0.195,-0.034,-0.891,-0.031,-0.86,-0.441,-0.106,-0.335,-0.284,-0.043,-0.241,-0.135,0.016,-0.151,-0.239,-0.221,-0.016,-0.053,0.109,0.109,-1.075,0.0,-0.053,-0.05,-0.003,-0.053,-0.05,-0.003,-0.459,-0.274,-0.72,-0.355,-1.075,10,5,5
1765,Torraye Braggs,2005,-0.777,-0.3,-0.477,-0.676,-0.196,-0.48,-0.421,0.031,-0.452,0.62,0.028,0.592,-0.191,-0.098,-0.09,-0.415,0.262,0.262,-1.383,-1.121,0.0,-0.415,-0.189,-0.226,-0.415,-0.189,-0.226,-0.894,-0.397,0.232,0.104,0.128,0.215,0.115,0.1,-0.074,-0.07,-0.004,-0.013,-0.026,0.013,-0.176,-0.169,-0.006,0.174,-0.19,-0.19,0.23,0.04,-0.0,0.174,0.047,0.127,0.174,0.047,0.127,0.001,0.124,-0.544,-0.196,-0.348,-0.461,-0.081,-0.38,-0.494,-0.038,-0.456,0.607,0.002,0.605,-0.366,-0.267,-0.097,-0.24,0.071,0.071,-1.081,0.0,-0.24,-0.142,-0.098,-0.24,-0.142,-0.098,-0.894,-0.273,-1.121,0.04,-1.081,617,310,307
994,Jamie Feick,2005,-0.919,-0.155,-0.764,-0.914,-0.399,-0.515,-0.604,-0.235,-0.369,0.754,0.011,0.743,0.178,-0.13,0.313,0.205,-0.11,-0.11,-0.536,-0.646,0.0,0.205,-0.224,0.429,0.205,-0.224,0.429,-2.162,-1.59,-1.031,-0.066,-0.965,-1.522,-0.349,-1.173,0.097,-0.036,0.133,0.46,0.04,0.42,0.45,0.127,0.319,0.065,0.073,0.073,-0.516,-0.443,0.0,0.065,0.052,0.013,0.065,0.052,0.013,-0.422,-0.895,-1.949,-0.221,-1.728,-2.436,-0.748,-1.688,-0.506,-0.27,-0.236,1.214,0.051,1.163,0.628,-0.003,0.633,0.27,-0.038,-0.038,-1.089,0.001,0.27,-0.172,0.442,0.27,-0.172,0.442,-2.584,-2.485,-0.646,-0.443,-1.088,9264,4633,4631
146,Jud Buechler,2005,-1.428,-0.562,-0.866,0.057,0.101,-0.044,0.091,0.259,-0.168,-1.014,0.106,-1.12,-0.199,-0.337,0.139,0.21,-0.163,-0.163,-1.417,-1.58,0.0,0.21,0.351,-0.141,0.21,0.351,-0.141,-0.83,-0.351,-0.13,0.205,-0.335,0.444,-0.042,0.486,-0.539,-0.205,-0.334,-0.24,-0.025,-0.215,-0.152,-0.352,0.201,0.197,0.575,0.575,-0.085,0.49,0.0,0.197,-0.175,0.372,0.197,-0.175,0.372,-0.271,0.07,-1.559,-0.357,-1.202,0.501,0.059,0.442,-0.449,0.053,-0.502,-1.254,0.081,-1.335,-0.352,-0.689,0.34,0.407,0.413,0.413,-1.09,0.0,0.407,0.176,0.231,0.407,0.176,0.231,-1.101,-0.28,-1.58,0.49,-1.09,8384,4192,4192
2602,Jerome Beasley,2005,-0.704,-0.124,-0.58,-0.466,-0.143,-0.323,-0.056,0.028,-0.084,-0.058,0.015,-0.073,-0.111,-0.08,-0.028,-0.016,-0.094,-0.094,-0.831,-0.925,-0.0,-0.016,-0.008,-0.008,-0.016,-0.008,-0.008,-0.645,-0.26,-0.063,0.069,-0.132,0.01,0.061,-0.051,-0.189,-0.063,-0.126,0.047,-0.013,0.06,-0.108,-0.096,-0.012,-0.058,0.063,0.063,-0.229,-0.166,-0.0,-0.058,-0.013,-0.045,-0.058,-0.013,-0.045,-0.106,0.0,-0.768,-0.055,-0.713,-0.457,-0.082,-0.375,-0.244,-0.035,-0.209,-0.012,0.002,-0.014,-0.219,-0.176,-0.04,-0.074,-0.031,-0.031,-1.091,0.0,-0.074,-0.021,-0.053,-0.074,-0.021,-0.053,-0.751,-0.26,-0.925,-0.166,-1.091,24,12,12
712,Bennett,2005,-0.635,-0.086,-0.549,-0.339,-0.124,-0.215,-0.075,0.032,-0.107,-0.135,0.024,-0.159,-0.157,-0.135,-0.019,0.001,-0.021,-0.021,-0.791,-0.812,0.0,0.001,-0.016,0.017,0.001,-0.016,0.017,-0.473,-0.212,-0.176,0.068,-0.244,-0.012,0.039,-0.051,-0.188,-0.068,-0.12,-0.044,-0.006,-0.038,-0.109,-0.117,0.008,-0.05,0.056,0.056,-0.335,-0.279,-0.0,-0.05,-0.033,-0.017,-0.05,-0.033,-0.017,-0.225,-0.044,-0.812,-0.018,-0.794,-0.351,-0.084,-0.267,-0.264,-0.037,-0.227,-0.179,0.018,-0.197,-0.265,-0.252,-0.012,-0.049,0.035,0.035,-1.091,0.0,-0.049,-0.048,-0.001,-0.049,-0.048,-0.001,-0.698,-0.256,-0.812,-0.279,-1.091,19,9,10
2435,Mario Kasun,2005,-1.179,-0.124,-1.055,-0.38,-0.057,-0.323,-0.379,0.014,-0.393,-0.296,0.003,-0.299,-0.513,-0.271,-0.24,0.091,1.401,1.401,-1.601,-0.2,0.0,0.091,-0.147,0.238,0.091,-0.147,0.238,-0.477,-0.011,0.023,0.178,-0.155,0.188,-0.001,0.189,-0.33,-0.107,-0.223,-0.013,0.027,-0.04,-0.309,-0.341,0.033,-0.117,-0.498,-0.498,-0.403,-0.901,0.0,-0.117,-0.093,-0.024,-0.117,-0.093,-0.024,0.77,0.069,-1.157,0.054,-1.211,-0.192,-0.058,-0.134,-0.709,-0.093,-0.616,-0.31,0.029,-0.339,-0.821,-0.612,-0.207,-0.026,0.902,0.902,-1.101,0.0,-0.026,-0.241,0.215,-0.026,-0.241,0.215,0.292,0.057,-0.2,-0.901,-1.101,1396,692,704
976,Jeff McInnis,2005,0.337,-0.229,0.566,0.116,-0.432,0.548,1.055,-0.32,1.375,-0.605,-0.123,-0.482,0.292,0.322,-0.031,1.375,-0.14,-0.14,2.004,1.864,0.0,1.375,0.743,0.632,1.375,0.743,0.632,-0.419,-0.255,-1.629,0.136,-1.765,-0.859,-0.095,-0.764,-0.979,-0.089,-0.89,0.073,0.056,0.017,-0.414,-0.487,0.074,-0.522,-0.402,-0.402,-2.565,-2.967,0.0,-0.522,-0.181,-0.341,-0.522,-0.181,-0.341,-1.051,-0.524,-1.292,-0.093,-1.199,-0.743,-0.527,-0.216,0.075,-0.41,0.485,-0.531,-0.066,-0.465,-0.121,-0.165,0.043,0.853,-0.541,-0.541,-1.103,0.0,0.853,0.562,0.291,0.853,0.562,0.291,-1.469,-0.779,1.864,-2.967,-1.103,47859,23954,23905
2223,Samuel Dalembert,2005,-0.049,0.259,-0.308,0.109,-0.019,0.128,-0.245,-0.192,-0.053,-0.172,-0.023,-0.149,-1.015,-0.584,-0.431,-0.571,-0.6,-0.6,-1.635,-2.235,0.0,-0.571,-0.544,-0.027,-0.571,-0.544,-0.027,0.487,0.179,0.928,-0.106,1.034,1.073,-0.039,1.112,0.377,0.049,0.328,-0.416,0.023,-0.439,0.283,0.246,0.038,-0.015,-0.065,-0.065,1.196,1.131,-0.0,-0.015,-0.249,0.234,-0.015,-0.249,0.234,-1.398,0.14,0.878,0.153,0.725,1.182,-0.058,1.24,0.131,-0.144,0.275,-0.588,0.0,-0.588,-0.732,-0.339,-0.393,-0.586,-0.665,-0.665,-1.104,-0.0,-0.586,-0.794,0.208,-0.586,-0.794,0.208,-0.911,0.319,-2.235,1.131,-1.104,16540,8261,8279
1919,Laron Profit,2005,0.257,-0.077,0.334,0.946,0.121,0.825,0.253,0.302,-0.049,-0.865,0.007,-0.872,-0.136,0.609,-0.743,-0.341,-0.236,-0.236,-0.22,-0.456,0.0,-0.341,-0.445,0.104,-0.341,-0.445,0.104,-1.74,0.372,-1.154,0.277,-1.431,-0.537,-0.071,-0.466,0.04,-0.182,0.222,-0.934,-0.051,-0.883,0.008,0.001,0.006,0.284,0.212,0.212,-0.862,-0.65,-0.0,0.284,0.413,-0.129,0.284,0.413,-0.129,-0.686,-0.095,-0.895,0.2,-1.095,0.409,0.05,0.359,0.294,0.121,0.173,-1.798,-0.044,-1.754,-0.128,0.61,-0.737,-0.057,-0.024,-0.024,-1.106,0.001,-0.057,-0.032,-0.025,-0.057,-0.032,-0.025,-2.426,0.277,-0.456,-0.65,-1.105,4865,2433,2432
1800,Damon Jones,2005,1.305,-0.302,1.607,0.348,-0.238,0.586,0.467,0.53,-0.063,0.792,0.368,0.424,-0.502,-0.09,-0.409,0.984,-1.053,-1.053,1.787,0.734,0.0,0.984,0.346,0.638,0.984,0.346,0.638,2.073,0.109,-1.009,0.129,-1.138,-1.187,-0.165,-1.022,-0.099,-0.019,-0.08,0.148,0.048,0.1,0.227,0.265,-0.037,-0.846,-0.213,-0.213,-1.628,-1.841,0.0,-0.846,-0.154,-0.692,-0.846,-0.154,-0.692,-0.42,-0.62,0.298,-0.173,0.471,-0.839,-0.403,-0.436,0.369,0.512,-0.143,0.941,0.416,0.525,-0.275,0.175,-0.447,0.138,-1.265,-1.265,-1.107,0.0,0.138,0.193,-0.055,0.138,0.193,-0.055,1.652,-0.511,0.734,-1.841,-1.107,36066,18050,18016
49,Muresan,2005,-0.758,-0.208,-0.55,-0.133,-0.326,0.193,-0.33,-0.159,-0.171,-0.087,-0.033,-0.054,-0.387,-0.103,-0.281,-0.208,-0.053,-0.053,-1.353,-1.406,0.0,-0.208,-0.353,0.145,-0.208,-0.353,0.145,-0.606,-0.4,-0.052,0.084,-0.136,-0.051,-0.019,-0.032,-0.264,-0.0,-0.264,0.179,0.013,0.166,0.056,0.044,0.01,-0.068,0.358,0.358,-0.064,0.294,0.0,-0.068,0.101,-0.169,-0.068,0.101,-0.169,-0.166,-0.02,-0.81,-0.124,-0.686,-0.184,-0.345,0.161,-0.595,-0.16,-0.435,0.093,-0.02,0.113,-0.33,-0.058,-0.27,-0.276,0.305,0.305,-1.112,-0.0,-0.276,-0.252,-0.024,-0.276,-0.252,-0.024,-0.772,-0.42,-1.406,0.294,-1.112,1080,539,541
2582,Slavko Vranes,2005,-0.733,-0.085,-0.648,-0.375,-0.149,-0.226,-0.135,0.009,-0.144,-0.138,0.015,-0.153,-0.136,-0.115,-0.018,-0.024,0.096,0.096,-0.893,-0.797,0.0,-0.024,-0.03,0.006,-0.024,-0.03,0.006,-0.586,-0.236,-0.165,0.05,-0.215,-0.022,0.048,-0.07,-0.171,-0.066,-0.105,-0.022,-0.01,-0.012,-0.088,-0.108,0.019,-0.055,-0.006,-0.006,-0.308,-0.314,0.0,-0.055,-0.024,-0.031,-0.055,-0.024,-0.031,-0.202,-0.034,-0.898,-0.035,-0.863,-0.397,-0.102,-0.295,-0.307,-0.057,-0.25,-0.159,0.005,-0.164,-0.224,-0.223,0.001,-0.08,0.09,0.09,-1.111,-0.001,-0.08,-0.054,-0.026,-0.08,-0.054,-0.026,-0.788,-0.27,-0.797,-0.314,-1.112,8,4,4
210,Terrell Brandon,2005,-1.598,-0.008,-1.59,-0.011,0.015,-0.026,-1.068,-0.399,-0.669,-0.511,-0.213,-0.298,-0.239,-0.481,0.247,0.725,0.342,0.342,-1.112,-0.77,0.0,0.725,0.309,0.416,0.725,0.309,0.416,1.289,0.495,-0.817,0.025,-0.842,-0.414,-0.281,-0.133,-0.176,-0.096,-0.08,-0.252,0.096,-0.348,-0.519,-0.507,-0.014,0.94,0.048,0.048,-0.396,-0.348,-0.0,0.94,0.647,0.293,0.94,0.647,0.293,0.314,-0.444,-2.415,0.017,-2.432,-0.425,-0.266,-0.159,-1.244,-0.495,-0.749,-0.763,-0.117,-0.646,-0.758,-0.988,0.233,1.664,0.39,0.39,-1.118,-0.0,1.664,0.956,0.708,1.664,0.956,0.708,1.602,0.052,-0.77,-0.348,-1.118,25592,12838,12754
2367,Geno Carlisle,2005,-0.62,-0.119,-0.501,-0.212,-0.12,-0.092,-0.177,0.041,-0.218,-0.112,0.002,-0.114,0.009,0.047,-0.036,-0.061,-0.026,-0.026,-0.672,-0.698,0.0,-0.061,0.0,-0.061,-0.061,0.0,-0.061,-0.563,-0.125,-0.363,0.067,-0.43,-0.079,0.053,-0.132,-0.173,-0.065,-0.108,-0.178,-0.012,-0.166,-0.079,-0.072,-0.007,-0.066,0.072,0.072,-0.508,-0.436,0.0,-0.066,-0.004,-0.062,-0.066,-0.004,-0.062,-0.327,-0.046,-0.983,-0.052,-0.931,-0.29,-0.067,-0.223,-0.351,-0.024,-0.327,-0.29,-0.01,-0.28,-0.07,-0.025,-0.043,-0.127,0.047,0.047,-1.134,0.0,-0.127,-0.004,-0.123,-0.127,-0.004,-0.123,-0.891,-0.171,-0.698,-0.436,-1.134,48,24,24
2673,Hiram Fuller,2005,-1.098,-0.042,-1.056,-0.522,-0.161,-0.361,-0.539,-0.004,-0.535,0.005,0.02,-0.015,-0.239,-0.153,-0.083,-0.089,0.173,0.173,-1.426,-1.253,0.0,-0.089,-0.076,-0.013,-0.089,-0.076,-0.013,-0.559,-0.287,0.227,0.064,0.163,-0.046,0.081,-0.127,0.051,-0.032,0.083,0.158,-0.005,0.163,-0.072,-0.076,0.004,0.03,-0.07,-0.07,0.185,0.115,-0.0,0.03,0.025,0.005,0.03,0.025,0.005,0.067,0.043,-0.868,0.022,-0.89,-0.568,-0.08,-0.488,-0.486,-0.035,-0.451,0.164,0.016,0.148,-0.31,-0.229,-0.079,-0.059,0.103,0.103,-1.138,0.001,-0.059,-0.051,-0.008,-0.059,-0.051,-0.008,-0.492,-0.244,-1.253,0.115,-1.137,160,79,81
1917,Wang Zhi-zhi,2005,0.45,-0.404,0.854,-0.063,-0.02,-0.043,0.535,0.465,0.07,0.382,0.274,0.108,-0.153,0.006,-0.158,-0.035,-0.746,-0.746,0.262,-0.484,0.0,-0.035,-0.309,0.274,-0.035,-0.309,0.274,-1.114,-0.765,0.029,0.092,-0.063,0.411,-0.139,0.55,-0.044,-0.283,0.239,-0.43,-0.072,-0.358,-0.127,-0.146,0.019,-0.214,-0.342,-0.342,-0.312,-0.654,0.0,-0.214,0.141,-0.355,-0.214,0.141,-0.355,0.01,0.061,0.479,-0.312,0.791,0.348,-0.159,0.507,0.491,0.182,0.309,-0.048,0.202,-0.25,-0.279,-0.139,-0.139,-0.249,-1.089,-1.089,-1.138,0.0,-0.249,-0.168,-0.081,-0.249,-0.168,-0.081,-1.105,-0.704,-0.484,-0.654,-1.138,5011,2510,2501
1023,Emanual Davis,2005,-0.665,-0.239,-0.426,-0.351,0.03,-0.381,-0.192,0.238,-0.43,0.117,0.115,0.002,-0.181,-0.123,-0.057,-0.263,-0.739,-0.739,-1.109,-1.848,-0.0,-0.263,-0.039,-0.224,-0.263,-0.039,-0.224,-1.216,-0.116,0.718,0.312,0.406,0.257,0.276,-0.019,-0.187,-0.167,-0.02,0.336,-0.132,0.468,-0.287,-0.249,-0.038,0.626,-0.351,-0.351,1.057,0.706,0.0,0.626,0.393,0.233,0.626,0.393,0.233,0.601,0.417,0.056,0.073,-0.017,-0.093,0.306,-0.399,-0.378,0.072,-0.45,0.454,-0.016,0.47,-0.467,-0.372,-0.095,0.364,-1.089,-1.089,-1.142,0.0,0.364,0.354,0.01,0.364,0.354,0.01,-0.616,0.301,-1.848,0.706,-1.142,11861,5906,5955
766,David Wingate,2005,-1.085,-0.093,-0.992,-0.441,-0.145,-0.296,-0.252,-0.004,-0.248,-0.299,0.005,-0.304,-0.215,-0.069,-0.143,-0.158,0.35,0.35,-1.458,-1.108,0.0,-0.158,-0.287,0.129,-0.158,-0.287,0.129,-0.639,-0.149,-0.124,0.09,-0.214,-0.04,0.073,-0.113,-0.105,-0.072,-0.033,-0.069,-0.02,-0.049,-0.114,-0.116,0.002,-0.03,0.235,0.235,-0.268,-0.033,0.0,-0.03,0.015,-0.045,-0.03,0.015,-0.045,-0.149,0.0,-1.206,-0.003,-1.203,-0.48,-0.071,-0.409,-0.356,-0.076,-0.28,-0.367,-0.015,-0.352,-0.329,-0.185,-0.141,-0.189,0.585,0.585,-1.141,-0.001,-0.189,-0.273,0.084,-0.189,-0.273,0.084,-0.787,-0.148,-1.108,-0.033,-1.142,154,76,78
2237,Ratko Varda,2005,-0.768,-0.079,-0.689,-0.271,-0.126,-0.145,-0.273,0.01,-0.283,-0.145,0.006,-0.151,-0.08,-0.098,0.02,-0.056,0.122,0.122,-0.904,-0.782,0.0,-0.056,-0.087,0.031,-0.056,-0.087,0.031,-0.396,-0.143,-0.272,0.066,-0.338,-0.033,0.06,-0.093,-0.238,-0.062,-0.176,-0.067,-0.01,-0.057,-0.112,-0.096,-0.015,-0.041,0.061,0.061,-0.425,-0.364,0.0,-0.041,-0.017,-0.024,-0.041,-0.017,-0.024,-0.129,0.003,-1.04,-0.013,-1.027,-0.304,-0.066,-0.238,-0.511,-0.052,-0.459,-0.212,-0.004,-0.208,-0.192,-0.194,0.005,-0.097,0.183,0.183,-1.146,0.0,-0.097,-0.104,0.007,-0.097,-0.104,0.007,-0.525,-0.14,-0.782,-0.364,-1.146,24,12,12
192,Scott,2005,-0.157,-0.035,-0.122,0.383,0.069,0.314,-0.281,0.316,-0.597,-0.224,0.219,-0.443,-0.268,-0.356,0.092,-0.382,0.146,0.146,-0.807,-0.661,0.0,-0.382,0.023,-0.405,-0.382,0.023,-0.405,-0.224,-0.59,-1.168,0.11,-1.278,-0.668,-0.05,-0.618,-0.322,-0.11,-0.212,-0.288,0.064,-0.352,-0.574,-0.588,0.013,0.283,0.968,0.968,-1.459,-0.491,0.0,0.283,0.097,0.186,0.283,0.097,0.186,0.826,-0.152,-1.324,0.075,-1.399,-0.285,0.019,-0.304,-0.603,0.206,-0.809,-0.511,0.284,-0.795,-0.842,-0.943,0.105,-0.099,1.114,1.114,-1.152,0.0,-0.099,0.12,-0.219,-0.099,0.12,-0.219,0.602,-0.743,-0.661,-0.491,-1.152,4748,2397,2351
1906,Tim James,2005,-1.653,-0.326,-1.327,-0.36,-0.316,-0.044,-0.34,-0.21,-0.13,-0.627,-0.053,-0.574,-0.349,-0.319,-0.028,0.134,0.491,0.491,-1.868,-1.377,-0.0,0.134,-0.112,0.246,0.134,-0.112,0.246,-0.141,-0.401,0.716,0.128,0.588,-0.027,0.006,-0.033,0.346,-0.112,0.458,0.269,-0.002,0.271,-0.105,-0.223,0.115,-0.127,-0.267,-0.267,0.484,0.217,0.0,-0.127,-0.068,-0.059,-0.127,-0.068,-0.059,0.442,-0.03,-0.936,-0.198,-0.738,-0.386,-0.31,-0.076,0.007,-0.322,0.329,-0.359,-0.055,-0.304,-0.454,-0.543,0.087,0.007,0.225,0.225,-1.16,-0.0,0.007,-0.18,0.187,0.007,-0.18,0.187,0.3,-0.431,-1.377,0.217,-1.16,1050,523,527
104,Benjamin,2005,-0.696,-0.111,-0.585,-0.36,-0.157,-0.203,-0.271,0.006,-0.277,0.046,0.013,0.033,-0.154,-0.134,-0.017,-0.086,-0.016,-0.016,-0.936,-0.952,0.0,-0.086,-0.004,-0.082,-0.086,-0.004,-0.082,-0.428,-0.232,-0.023,0.047,-0.07,0.027,0.054,-0.027,-0.123,-0.064,-0.059,0.026,-0.012,0.038,-0.108,-0.088,-0.02,-0.043,-0.046,-0.046,-0.174,-0.22,-0.0,-0.043,-0.014,-0.029,-0.043,-0.014,-0.029,-0.171,-0.002,-0.717,-0.064,-0.653,-0.333,-0.103,-0.23,-0.393,-0.058,-0.335,0.073,0.001,0.072,-0.262,-0.222,-0.036,-0.129,-0.062,-0.062,-1.172,0.0,-0.129,-0.018,-0.111,-0.129,-0.018,-0.111,-0.599,-0.233,-0.952,-0.22,-1.172,29,15,14
2037,Jamal Crawford,2005,-0.624,-0.039,-0.585,-0.59,-0.165,-0.425,-0.713,0.047,-0.76,0.718,0.157,0.561,-0.469,-0.622,0.152,0.722,0.59,0.59,-0.371,0.219,0.0,0.722,0.182,0.54,0.722,0.182,0.54,-0.493,-0.448,-1.415,0.046,-1.461,-1.186,-0.195,-0.991,-0.291,-0.194,-0.097,0.016,-0.034,0.05,-0.16,-0.05,-0.108,-0.105,0.289,0.289,-1.68,-1.391,0.0,-0.105,0.282,-0.387,-0.105,0.282,-0.387,-1.913,-0.727,-2.038,0.007,-2.045,-1.776,-0.36,-1.416,-1.003,-0.146,-0.857,0.734,0.123,0.611,-0.629,-0.672,0.044,0.617,0.879,0.879,-1.172,0.0,0.617,0.464,0.153,0.617,0.464,0.153,-2.406,-1.175,0.219,-1.391,-1.172,34397,17203,17194
787,Barkley,2005,-0.626,-0.098,-0.528,0.282,-0.153,0.435,-0.576,0.131,-0.707,-0.234,0.154,-0.388,-0.657,-0.144,-0.509,-0.001,0.299,0.299,-1.284,-0.985,-0.0,-0.001,0.016,-0.017,-0.001,0.016,-0.017,0.732,0.068,-0.33,-0.018,-0.312,-0.141,-0.047,-0.094,0.081,-0.019,0.1,-0.252,0.044,-0.296,-0.187,-0.202,0.014,0.19,0.137,0.137,-0.327,-0.19,0.0,0.19,0.259,-0.069,0.19,0.259,-0.069,0.477,0.027,-0.957,-0.116,-0.841,0.141,-0.2,0.341,-0.495,0.112,-0.607,-0.487,0.197,-0.684,-0.843,-0.346,-0.495,0.189,0.436,0.436,-1.175,-0.0,0.189,0.275,-0.086,0.189,0.275,-0.086,1.209,0.096,-0.985,-0.19,-1.175,2450,1226,1224
1754,Patterson,2005,-0.663,-0.059,-0.604,-0.193,-0.124,-0.069,-0.27,-0.01,-0.26,-0.141,0.008,-0.149,-0.174,-0.179,0.008,-0.099,0.023,0.023,-0.936,-0.913,-0.0,-0.099,-0.046,-0.053,-0.099,-0.046,-0.053,-0.632,-0.2,-0.171,0.064,-0.235,-0.108,0.05,-0.158,-0.142,-0.056,-0.086,0.015,0.0,0.015,-0.121,-0.108,-0.012,0.009,0.017,0.017,-0.283,-0.266,0.0,0.009,0.031,-0.022,0.009,0.031,-0.022,-0.057,-0.027,-0.833,0.005,-0.838,-0.301,-0.074,-0.227,-0.412,-0.066,-0.346,-0.125,0.009,-0.134,-0.295,-0.288,-0.004,-0.09,0.04,0.04,-1.179,-0.0,-0.09,-0.015,-0.075,-0.09,-0.015,-0.075,-0.69,-0.227,-0.913,-0.266,-1.179,85,43,42
2410,Fred Jones,2005,0.397,-0.183,0.58,-0.362,-0.046,-0.316,1.034,0.483,0.551,-0.092,0.243,-0.335,0.594,0.36,0.233,0.059,-1.664,-1.664,1.05,-0.614,-0.0,0.059,0.481,-0.422,0.059,0.481,-0.422,-2.323,-0.59,-0.908,0.142,-1.05,-0.136,0.025,-0.161,-0.624,-0.093,-0.531,-0.29,0.028,-0.318,-0.46,-0.61,0.154,0.3,0.502,0.502,-1.068,-0.566,0.0,0.3,0.743,-0.443,0.3,0.743,-0.443,0.402,0.08,-0.51,-0.041,-0.469,-0.498,-0.021,-0.477,0.411,0.39,0.021,-0.382,0.271,-0.653,0.134,-0.249,0.387,0.358,-1.162,-1.162,-1.18,0.0,0.358,1.224,-0.866,0.358,1.224,-0.866,-1.921,-0.51,-0.614,-0.566,-1.18,16372,8172,8200
1944,Eddie Robinson,2005,0.091,-0.006,0.097,0.516,0.085,0.431,0.435,-0.466,0.901,-0.854,-0.373,-0.481,0.053,0.314,-0.26,0.417,-0.288,-0.288,0.561,0.273,0.0,0.417,0.115,0.302,0.417,0.115,0.302,-0.341,0.314,-0.838,0.209,-1.047,-0.84,-0.286,-0.554,0.117,-0.272,0.389,-0.324,0.025,-0.349,-0.487,-0.758,0.27,0.514,-0.643,-0.643,-0.811,-1.454,0.0,0.514,0.534,-0.02,0.514,0.534,-0.02,-1.285,-0.827,-0.749,0.203,-0.952,-0.324,-0.201,-0.123,0.551,-0.739,1.29,-1.179,-0.348,-0.831,-0.434,-0.443,0.01,0.931,-0.931,-0.931,-1.181,0.0,0.931,0.649,0.282,0.931,0.649,0.282,-1.627,-0.514,0.273,-1.454,-1.181,21537,10776,10761
2068,Lavor Postell,2005,-1.933,-0.382,-1.551,-0.594,-0.122,-0.472,-1.077,0.16,-1.237,0.12,-0.021,0.141,0.418,0.309,0.109,-0.447,-0.159,-0.159,-1.962,-2.121,0.0,-0.447,-0.234,-0.213,-0.447,-0.234,-0.213,-2.59,-0.216,0.936,0.219,0.717,0.521,0.165,0.356,-0.2,0.007,-0.207,0.396,-0.002,0.398,0.107,0.057,0.05,-0.365,0.261,0.261,0.678,0.939,-0.0,-0.365,-0.088,-0.277,-0.365,-0.088,-0.277,0.137,0.187,-0.998,-0.163,-0.835,-0.073,0.043,-0.116,-1.277,0.167,-1.444,0.515,-0.024,0.539,0.525,0.366,0.159,-0.811,0.102,0.102,-1.182,-0.001,-0.811,-0.322,-0.489,-0.811,-0.322,-0.489,-2.453,-0.029,-2.121,0.939,-1.183,1751,882,869
2733,Shaun Livingston,2005,0.477,-0.227,0.704,0.225,0.044,0.181,0.835,-0.117,0.952,-0.356,-0.169,-0.187,-0.046,0.101,-0.145,-0.625,-1.129,-1.129,-0.194,-1.323,0.0,-0.625,-0.122,-0.503,-0.625,-0.122,-0.503,-0.139,0.173,0.555,0.109,0.446,0.214,-0.014,0.228,0.243,-0.196,0.439,-0.011,-0.057,0.046,0.05,-0.197,0.244,-0.123,-0.348,-0.348,0.482,0.134,-0.0,-0.123,0.14,-0.263,-0.123,0.14,-0.263,-0.23,0.052,1.032,-0.118,1.15,0.439,0.03,0.409,1.078,-0.313,1.391,-0.367,-0.226,-0.141,0.005,-0.096,0.099,-0.747,-1.477,-1.477,-1.189,-0.0,-0.747,0.018,-0.765,-0.747,0.018,-0.765,-0.369,0.225,-1.323,0.134,-1.189,3118,1561,1557
2244,Jeff Trepagnier,2005,-0.56,-0.071,-0.489,-0.511,-0.06,-0.451,-0.203,0.07,-0.273,0.225,0.043,0.182,-0.183,-0.297,0.115,-0.342,-0.246,-0.246,-1.085,-1.331,0.0,-0.342,-0.396,0.054,-0.342,-0.396,0.054,0.245,0.012,0.022,0.081,-0.059,-0.346,-0.026,-0.32,0.196,-0.057,0.253,0.091,0.016,0.075,0.114,-0.018,0.128,0.022,-0.02,-0.02,0.158,0.138,0.0,0.022,0.011,0.011,0.022,0.011,0.011,-0.194,-0.189,-0.538,0.01,-0.548,-0.857,-0.086,-0.771,-0.007,0.013,-0.02,0.316,0.059,0.257,-0.069,-0.315,0.243,-0.32,-0.266,-0.266,-1.193,-0.001,-0.32,-0.384,0.064,-0.32,-0.384,0.064,0.051,-0.177,-1.331,0.138,-1.194,1014,507,507
2657,Yuta Tabuse,2005,-0.863,-0.144,-0.719,-0.447,-0.114,-0.333,-0.203,0.032,-0.235,-0.069,0.009,-0.078,-0.124,-0.134,0.012,-0.204,0.229,0.229,-1.191,-0.962,0.0,-0.204,-0.095,-0.109,-0.204,-0.095,-0.109,-0.732,-0.183,-0.056,0.07,-0.126,0.008,0.049,-0.041,-0.111,-0.068,-0.043,-0.023,-0.009,-0.014,-0.12,-0.112,-0.007,0.023,-0.078,-0.078,-0.153,-0.231,-0.0,0.023,0.018,0.005,0.023,0.018,0.005,0.014,-0.023,-0.917,-0.074,-0.843,-0.439,-0.065,-0.374,-0.314,-0.036,-0.278,-0.09,0.001,-0.091,-0.243,-0.246,0.005,-0.18,0.151,0.151,-1.193,-0.001,-0.18,-0.077,-0.103,-0.18,-0.077,-0.103,-0.718,-0.206,-0.962,-0.231,-1.194,74,36,38
2457,Jannero Pargo,2005,0.475,-0.245,0.72,-0.073,-0.374,0.301,0.005,-0.016,0.021,0.788,0.167,0.621,-0.086,-0.196,0.11,-0.07,-0.624,-0.624,0.319,-0.305,0.0,-0.07,-0.777,0.707,-0.07,-0.777,0.707,-0.015,-0.729,-0.994,0.198,-1.192,-0.068,0.206,-0.274,-0.717,-0.141,-0.576,-0.407,-0.04,-0.367,-0.653,-0.577,-0.075,0.238,0.514,0.514,-1.409,-0.895,0.0,0.238,-0.096,0.334,0.238,-0.096,0.334,0.251,0.167,-0.52,-0.047,-0.473,-0.14,-0.168,0.028,-0.714,-0.158,-0.556,0.381,0.127,0.254,-0.739,-0.773,0.035,0.168,-0.11,-0.11,-1.2,0.0,0.168,-0.872,1.04,0.168,-0.872,1.04,0.236,-0.562,-0.305,-0.895,-1.2,5756,2874,2882
1088,Chucky Atkins,2005,0.579,-0.154,0.733,-0.124,-0.007,-0.117,-0.106,0.411,-0.517,0.963,0.267,0.696,-0.32,-0.082,-0.235,0.236,0.132,0.132,0.495,0.627,0.0,0.236,0.13,0.106,0.236,0.13,0.106,-0.327,-0.663,-0.606,0.192,-0.798,-0.302,-0.033,-0.269,-0.808,-0.104,-0.704,0.312,-0.009,0.321,0.06,-0.069,0.133,-0.757,-0.54,-0.54,-1.303,-1.843,0.0,-0.757,-0.492,-0.265,-0.757,-0.492,-0.265,-1.708,-0.517,-0.028,0.038,-0.066,-0.426,-0.04,-0.386,-0.914,0.307,-1.221,1.274,0.258,1.016,-0.26,-0.151,-0.102,-0.522,-0.408,-0.408,-1.216,0.0,-0.522,-0.362,-0.16,-0.522,-0.362,-0.16,-2.035,-1.181,0.627,-1.843,-1.216,48984,24538,24446
2121,Terrance Roberson,2005,-0.809,-0.144,-0.665,-0.214,-0.16,-0.054,-0.338,0.024,-0.362,-0.113,0.024,-0.137,-0.13,-0.128,0.0,-0.092,0.207,0.207,-1.031,-0.824,0.0,-0.092,-0.051,-0.041,-0.092,-0.051,-0.041,-0.556,-0.197,-0.147,0.073,-0.22,0.011,0.027,-0.016,-0.127,-0.072,-0.055,-0.104,-0.005,-0.099,-0.111,-0.103,-0.008,-0.116,-0.025,-0.025,-0.374,-0.399,0.0,-0.116,-0.054,-0.062,-0.116,-0.054,-0.062,-0.149,-0.043,-0.958,-0.071,-0.887,-0.203,-0.133,-0.07,-0.466,-0.049,-0.417,-0.218,0.018,-0.236,-0.241,-0.231,-0.007,-0.209,0.182,0.182,-1.223,0.0,-0.209,-0.106,-0.103,-0.209,-0.106,-0.103,-0.705,-0.24,-0.824,-0.399,-1.223,52,26,26
686,Antonio McDyess,2005,0.732,0.132,0.6,0.773,0.029,0.744,0.312,-0.383,0.695,-0.485,-0.168,-0.317,-0.732,-0.151,-0.579,-0.878,-0.484,-0.484,-0.878,-1.362,0.0,-0.878,-0.872,-0.006,-0.878,-0.872,-0.006,3.154,0.634,-0.064,-0.17,0.106,-0.636,-0.056,-0.58,1.149,0.148,1.001,-0.407,0.004,-0.411,0.405,0.525,-0.118,-0.625,0.422,0.422,-0.284,0.138,0.0,-0.625,-0.347,-0.278,-0.625,-0.347,-0.278,-1.59,-0.339,0.668,-0.038,0.706,0.137,-0.027,0.164,1.461,-0.235,1.696,-0.892,-0.164,-0.728,-0.327,0.374,-0.697,-1.503,-0.063,-0.063,-1.224,0.001,-1.503,-1.219,-0.284,-1.503,-1.219,-0.284,1.564,0.295,-1.362,0.138,-1.223,32978,16484,16494
2553,Jarvis Hayes,2005,-0.049,-0.044,-0.005,0.428,-0.073,0.501,-0.425,0.037,-0.462,-0.008,0.096,-0.104,-0.283,-0.521,0.238,0.427,-0.331,-0.331,0.095,-0.236,0.0,0.427,0.219,0.208,0.427,0.219,0.208,0.749,-0.061,-1.085,0.011,-1.096,-0.714,0.114,-0.828,-0.215,0.041,-0.256,-0.167,0.028,-0.195,-0.069,-0.148,0.081,0.244,-0.079,-0.079,-0.91,-0.989,-0.0,0.244,0.139,0.105,0.244,0.139,0.105,-0.758,-0.081,-1.135,-0.033,-1.102,-0.287,0.041,-0.328,-0.64,0.078,-0.718,-0.175,0.124,-0.299,-0.353,-0.669,0.319,0.671,-0.41,-0.41,-1.225,0.001,0.671,0.358,0.313,0.671,0.358,0.313,-0.01,-0.142,-0.236,-0.989,-1.224,13950,6978,6972
2058,Mark Madsen,2005,-2.209,-0.105,-2.104,-0.83,-0.231,-0.599,-2.092,-0.265,-1.827,0.818,0.012,0.806,-0.922,-0.773,-0.152,-0.11,2.131,2.131,-3.241,-1.11,0.0,-0.11,-0.247,0.137,-0.11,-0.247,0.137,-1.071,-0.478,-0.571,0.066,-0.637,0.013,0.277,-0.264,-0.494,0.096,-0.59,-0.156,0.008,-0.164,-0.13,-0.3,0.171,-0.231,0.817,0.817,-0.932,-0.115,-0.0,-0.231,-0.387,0.156,-0.231,-0.387,0.156,0.4,0.383,-2.779,-0.039,-2.74,-0.817,0.046,-0.863,-2.586,-0.169,-2.417,0.663,0.021,0.642,-1.052,-1.073,0.02,-0.341,2.949,2.949,-1.225,0.0,-0.341,-0.634,0.293,-0.341,-0.634,0.293,-0.671,-0.095,-1.11,-0.115,-1.225,16440,8190,8250
2800,Tony Bobbitt,2005,-0.699,-0.079,-0.62,-0.442,-0.163,-0.279,-0.234,0.022,-0.256,0.056,0.025,0.031,-0.111,-0.102,-0.007,0.053,-0.088,-0.088,-0.757,-0.845,-0.0,0.053,0.03,0.023,0.053,0.03,0.023,-0.275,-0.25,-0.122,0.062,-0.184,0.088,0.058,0.03,-0.164,-0.068,-0.096,-0.108,-0.02,-0.088,-0.061,-0.064,0.003,-0.114,-0.089,-0.089,-0.297,-0.386,0.0,-0.114,-0.046,-0.068,-0.114,-0.046,-0.068,-0.331,-0.003,-0.821,-0.017,-0.804,-0.353,-0.104,-0.249,-0.399,-0.047,-0.352,-0.052,0.005,-0.057,-0.172,-0.166,-0.004,-0.061,-0.176,-0.176,-1.231,-0.0,-0.061,-0.015,-0.046,-0.061,-0.015,-0.046,-0.607,-0.253,-0.845,-0.386,-1.231,47,24,23
2256,Ken Johnson,2005,-0.181,-0.016,-0.165,-0.318,-0.063,-0.255,0.09,0.002,0.088,0.063,0.013,0.05,-0.361,-0.259,-0.1,-0.046,-0.344,-0.344,-0.588,-0.932,0.0,-0.046,-0.131,0.085,-0.046,-0.131,0.085,-0.532,-0.056,-0.575,0.111,-0.686,0.038,0.066,-0.028,-0.449,-0.021,-0.428,-0.275,-0.0,-0.275,0.039,0.016,0.023,-0.067,0.304,0.304,-0.603,-0.299,0.0,-0.067,-0.09,0.023,-0.067,-0.09,0.023,-0.382,-0.014,-0.756,0.095,-0.851,-0.28,0.003,-0.283,-0.359,-0.019,-0.34,-0.212,0.013,-0.225,-0.322,-0.243,-0.078,-0.113,-0.04,-0.04,-1.231,0.0,-0.113,-0.22,0.107,-0.113,-0.22,0.107,-0.915,-0.071,-0.932,-0.299,-1.231,591,291,300
1683,Larry Robinson,2005,0.515,-0.177,0.692,-0.534,-0.114,-0.42,0.672,0.253,0.419,0.554,0.124,0.43,0.26,0.294,-0.033,-0.945,-0.512,-0.512,-0.17,-0.682,-0.0,-0.945,-0.237,-0.708,-0.945,-0.237,-0.708,-0.644,-0.695,-0.186,0.126,-0.312,-0.665,-0.035,-0.63,0.337,-0.164,0.501,0.016,0.043,-0.027,-0.698,-0.645,-0.051,0.268,0.059,0.059,-0.616,-0.557,-0.0,0.268,0.036,0.232,0.268,0.036,0.232,1.06,-0.224,0.328,-0.051,0.379,-1.199,-0.149,-1.05,1.009,0.089,0.92,0.569,0.167,0.402,-0.438,-0.351,-0.084,-0.677,-0.453,-0.453,-1.239,-0.001,-0.677,-0.202,-0.475,-0.677,-0.202,-0.475,0.416,-0.919,-0.682,-0.557,-1.24,2466,1230,1236
2573,Maciej Lampe,2005,0.189,0.167,0.022,0.297,-0.083,0.38,-0.044,-0.22,0.176,-0.231,-0.07,-0.161,-0.075,-0.286,0.212,0.125,-0.326,-0.326,0.239,-0.087,0.0,0.125,-0.253,0.378,0.125,-0.253,0.378,-0.494,-0.311,0.853,0.188,0.665,0.256,-0.044,0.3,0.374,-0.143,0.517,0.035,-0.002,0.037,-0.041,-0.19,0.147,-0.552,-1.416,-1.416,0.26,-1.156,0.0,-0.552,-0.222,-0.33,-0.552,-0.222,-0.33,0.008,-0.218,1.042,0.355,0.687,0.552,-0.127,0.679,0.33,-0.363,0.693,-0.195,-0.072,-0.123,-0.115,-0.476,0.359,-0.427,-1.742,-1.742,-1.243,-0.001,-0.427,-0.476,0.049,-0.427,-0.476,0.049,-0.486,-0.529,-0.087,-1.156,-1.244,2276,1125,1151
2432,Tito Maddox,2005,-0.902,-0.187,-0.715,-0.214,-0.036,-0.178,-0.287,0.056,-0.343,-0.214,-0.006,-0.208,-0.156,-0.086,-0.067,0.002,0.202,0.202,-1.056,-0.854,0.0,0.002,0.068,-0.066,0.002,0.068,-0.066,-0.537,-0.06,-0.224,0.052,-0.276,-0.096,0.05,-0.146,-0.143,-0.069,-0.074,-0.037,-0.013,-0.024,-0.14,-0.122,-0.017,-0.06,0.029,0.029,-0.424,-0.395,-0.0,-0.06,-0.001,-0.059,-0.06,-0.001,-0.059,-0.256,-0.043,-1.128,-0.135,-0.993,-0.311,0.014,-0.325,-0.43,-0.013,-0.417,-0.252,-0.019,-0.233,-0.296,-0.209,-0.084,-0.058,0.231,0.231,-1.249,0.0,-0.058,0.067,-0.125,-0.058,0.067,-0.125,-0.793,-0.102,-0.854,-0.395,-1.249,138,68,70
85,Brent Price,2005,-1.206,-0.17,-1.036,0.11,0.007,0.103,-1.081,0.29,-1.371,-0.065,0.143,-0.208,0.034,0.022,0.014,-0.594,0.686,0.686,-1.766,-1.08,0.0,-0.594,-0.448,-0.146,-0.594,-0.448,-0.146,-1.891,-0.278,0.308,0.21,0.098,-0.14,0.09,-0.23,-0.171,-0.104,-0.067,0.409,0.034,0.375,-0.504,-0.552,0.048,-0.071,0.098,0.098,-0.267,-0.169,0.0,-0.071,-0.067,-0.004,-0.071,-0.067,-0.004,1.45,-0.049,-0.898,0.04,-0.938,-0.03,0.097,-0.127,-1.252,0.186,-1.438,0.344,0.177,0.167,-0.47,-0.53,0.062,-0.664,0.784,0.784,-1.249,-0.001,-0.664,-0.515,-0.149,-0.664,-0.515,-0.149,-0.441,-0.327,-1.08,-0.169,-1.25,2105,1050,1055
1279,ID_1279,2005,-0.828,-0.095,-0.733,-0.457,-0.133,-0.324,-0.176,0.019,-0.195,-0.1,0.01,-0.11,-0.06,-0.039,-0.018,-0.008,-0.042,-0.042,-0.896,-0.938,0.0,-0.008,-0.022,0.014,-0.008,-0.022,0.014,-0.6,-0.243,-0.34,0.05,-0.39,-0.106,0.04,-0.146,-0.196,-0.064,-0.132,-0.088,-0.009,-0.079,-0.091,-0.082,-0.008,0.052,0.058,0.058,-0.379,-0.321,0.0,0.052,0.055,-0.003,0.052,0.055,-0.003,-0.354,-0.081,-1.169,-0.045,-1.124,-0.563,-0.093,-0.47,-0.373,-0.046,-0.327,-0.188,0.001,-0.189,-0.15,-0.121,-0.026,0.044,0.016,0.016,-1.259,0.0,0.044,0.033,0.011,0.044,0.033,0.011,-0.955,-0.325,-0.938,-0.321,-1.259,17,5,12
55,Conlon,2005,-0.666,-0.072,-0.594,-0.363,-0.163,-0.2,-0.246,-0.009,-0.237,0.015,0.015,0.0,-0.168,-0.145,-0.021,-0.046,-0.028,-0.028,-0.88,-0.908,0.0,-0.046,-0.087,0.041,-0.046,-0.087,0.041,-0.477,-0.274,-0.173,0.047,-0.22,-0.028,0.015,-0.043,-0.179,-0.073,-0.106,-0.013,-0.005,-0.008,-0.094,-0.092,-0.002,-0.092,0.005,0.005,-0.359,-0.354,0.0,-0.092,-0.041,-0.051,-0.092,-0.041,-0.051,-0.211,-0.076,-0.838,-0.025,-0.813,-0.39,-0.148,-0.242,-0.424,-0.081,-0.343,0.001,0.009,-0.008,-0.262,-0.238,-0.023,-0.137,-0.023,-0.023,-1.262,0.0,-0.137,-0.128,-0.009,-0.137,-0.128,-0.009,-0.687,-0.35,-0.908,-0.354,-1.262,30,15,15
2241,Omar Cook,2005,-0.649,-0.125,-0.524,-0.197,-0.015,-0.182,-0.137,-0.033,-0.104,-0.19,-0.044,-0.146,-0.324,-0.171,-0.151,-0.2,0.281,0.281,-1.173,-0.892,0.0,-0.2,0.019,-0.219,-0.2,0.019,-0.219,0.379,0.246,0.022,0.093,-0.071,0.105,0.071,0.034,-0.106,-0.087,-0.019,-0.07,-0.009,-0.061,-0.342,-0.298,-0.043,0.068,-0.118,-0.118,-0.252,-0.37,0.0,0.068,-0.034,0.102,0.068,-0.034,0.102,0.307,0.091,-0.628,-0.032,-0.596,-0.093,0.055,-0.148,-0.242,-0.12,-0.122,-0.261,-0.053,-0.208,-0.666,-0.469,-0.193,-0.132,0.162,0.162,-1.262,-0.001,-0.132,-0.015,-0.117,-0.132,-0.015,-0.117,0.686,0.336,-0.892,-0.37,-1.263,788,393,395
2735,Josh Childress,2005,0.188,0.146,0.042,0.149,0.664,-0.515,0.1,0.226,-0.126,-0.207,-0.142,-0.065,0.053,0.235,-0.182,-0.7,1.657,1.657,-0.459,1.198,0.0,-0.7,-0.496,-0.204,-0.7,-0.496,-0.204,-1.467,0.848,-1.754,0.071,-1.825,0.068,-0.155,0.223,-1.555,-0.245,-1.31,-0.338,0.009,-0.347,-0.445,-0.379,-0.065,-0.388,0.124,0.124,-2.587,-2.463,-0.0,-0.388,0.029,-0.417,-0.388,0.029,-0.417,-0.263,-0.211,-1.566,0.217,-1.783,0.217,0.509,-0.292,-1.455,-0.019,-1.436,-0.545,-0.133,-0.412,-0.391,-0.144,-0.247,-1.087,1.782,1.782,-1.265,-0.0,-1.087,-0.467,-0.62,-1.087,-0.467,-0.62,-1.73,0.637,1.198,-2.463,-1.265,9090,4534,4556
1716,Larry Hughes,2005,-0.981,-0.01,-0.971,1.157,0.109,1.048,-1.018,-0.016,-1.002,-1.11,-0.134,-0.976,0.351,0.575,-0.226,-0.049,-0.213,-0.213,-0.679,-0.892,0.0,-0.049,0.017,-0.066,-0.049,0.017,-0.066,-2.306,0.295,-0.624,0.112,-0.736,-1.199,-0.145,-1.054,0.754,-0.174,0.928,-0.291,0.0,-0.291,-0.369,-0.314,-0.053,0.636,-0.016,-0.016,-0.357,-0.373,0.0,0.636,0.412,0.224,0.636,0.412,0.224,-0.839,-0.74,-1.604,0.102,-1.706,-0.042,-0.036,-0.006,-0.263,-0.19,-0.073,-1.401,-0.134,-1.267,-0.017,0.261,-0.279,0.587,-0.229,-0.229,-1.265,0.0,0.587,0.429,0.158,0.587,0.429,0.158,-3.145,-0.444,-0.892,-0.373,-1.265,51602,25779,25823
2764,Donta Smith,2005,-0.521,-0.099,-0.422,-0.307,-0.063,-0.244,-0.148,-0.052,-0.096,0.033,-0.053,0.086,-0.142,0.113,-0.254,0.135,-0.374,-0.374,-0.528,-0.902,0.0,0.135,-0.235,0.37,0.135,-0.235,0.37,-0.102,-0.094,-0.076,0.189,-0.265,-0.652,-0.027,-0.625,0.211,-0.185,0.396,0.176,-0.011,0.187,-0.386,-0.406,0.02,0.35,-0.256,-0.256,-0.112,-0.368,0.0,0.35,0.142,0.208,0.35,0.142,0.208,0.635,-0.31,-0.597,0.09,-0.687,-0.959,-0.09,-0.869,0.063,-0.237,0.3,0.209,-0.064,0.273,-0.528,-0.293,-0.233,0.485,-0.63,-0.63,-1.27,0.0,0.485,-0.094,0.579,0.485,-0.094,0.579,0.533,-0.405,-0.902,-0.368,-1.27,1546,766,780
2863,Damien Wilkins,2005,-1.101,-0.074,-1.027,0.396,-0.117,0.513,-0.282,0.062,-0.344,-1.141,0.043,-1.184,0.022,-0.006,0.03,0.194,0.477,0.477,-0.885,-0.408,0.0,0.194,0.184,0.01,0.194,0.184,0.01,-1.598,-0.309,-0.746,0.174,-0.92,-0.364,0.121,-0.485,-0.119,-0.089,-0.03,-0.437,-0.035,-0.402,-0.365,-0.259,-0.103,0.008,0.234,0.234,-1.103,-0.869,0.0,0.008,-0.014,0.022,0.008,-0.014,0.022,-0.179,-0.02,-1.846,0.1,-1.946,0.032,0.004,0.028,-0.401,-0.027,-0.374,-1.577,0.008,-1.585,-0.343,-0.266,-0.073,0.202,0.711,0.711,-1.277,0.0,0.202,0.17,0.032,0.202,0.17,0.032,-1.777,-0.329,-0.408,-0.869,-1.277,2339,1166,1173
911,Ervin Johnson,2005,-0.644,0.058,-0.702,-0.776,-0.601,-0.175,-0.1,-0.634,0.534,0.174,-0.011,0.185,-1.164,-1.09,-0.074,-1.022,0.435,0.435,-2.83,-2.395,0.0,-1.022,-0.157,-0.865,-1.022,-0.157,-0.865,-0.858,-1.085,0.949,-0.219,1.168,0.638,0.045,0.593,0.849,0.131,0.718,-0.319,-0.067,-0.252,0.698,0.592,0.103,-0.092,-0.438,-0.438,1.555,1.117,0.0,-0.092,0.054,-0.146,-0.092,0.054,-0.146,-2.516,0.101,0.306,-0.161,0.467,-0.137,-0.555,0.418,0.749,-0.503,1.252,-0.145,-0.078,-0.067,-0.466,-0.498,0.029,-1.114,-0.003,-0.003,-1.278,0.0,-1.114,-0.103,-1.011,-1.114,-0.103,-1.011,-3.374,-0.984,-2.395,1.117,-1.278,35004,17446,17558
179,Bryant Stith,2005,-0.584,-0.004,-0.58,-1.452,0.042,-1.494,-0.036,0.368,-0.404,0.908,0.184,0.724,0.38,0.379,0.004,-0.057,-0.638,-0.638,-0.261,-0.899,0.0,-0.057,-0.037,-0.02,-0.057,-0.037,-0.02,-0.674,-1.024,-0.785,-0.002,-0.783,0.051,-0.183,0.234,-0.439,-0.083,-0.356,-0.395,0.026,-0.421,0.025,-0.077,0.103,0.491,-0.114,-0.114,-0.269,-0.383,0.0,0.491,0.214,0.277,0.491,0.214,0.277,-0.832,-0.251,-1.369,-0.006,-1.363,-1.4,-0.14,-1.26,-0.475,0.285,-0.76,0.512,0.21,0.302,0.405,0.302,0.107,0.434,-0.753,-0.753,-1.282,0.0,0.434,0.176,0.258,0.434,0.176,0.258,-1.506,-1.276,-0.899,-0.383,-1.282,14783,7403,7380
2137,Ime Udoka,2005,-0.834,-0.073,-0.761,-0.167,-0.16,-0.007,-0.353,0.001,-0.354,-0.241,0.006,-0.247,-0.136,-0.075,-0.059,-0.11,0.015,0.015,-1.08,-1.065,0.0,-0.11,-0.106,-0.004,-0.11,-0.106,-0.004,-0.866,-0.279,-0.131,0.1,-0.231,-0.034,0.08,-0.114,-0.114,-0.033,-0.081,-0.083,-0.005,-0.078,-0.05,-0.024,-0.025,-0.101,0.058,0.058,-0.282,-0.224,0.0,-0.101,-0.043,-0.058,-0.101,-0.043,-0.058,-0.088,0.004,-0.964,0.027,-0.991,-0.2,-0.08,-0.12,-0.467,-0.032,-0.435,-0.324,0.001,-0.325,-0.186,-0.099,-0.084,-0.211,0.073,0.073,-1.289,0.0,-0.211,-0.15,-0.061,-0.211,-0.15,-0.061,-0.954,-0.274,-1.065,-0.224,-1.289,99,49,50
2446,Rasual Butler,2005,-1.489,-0.164,-1.325,-0.225,-0.297,0.072,-0.227,0.006,-0.233,-0.873,0.12,-0.993,-0.487,-0.173,-0.313,-0.014,0.068,0.068,-1.99,-1.922,0.0,-0.014,-0.01,-0.004,-0.014,-0.01,-0.004,-0.598,-0.512,1.797,0.008,1.789,0.654,0.041,0.613,0.46,-0.039,0.499,0.675,-0.018,0.693,-0.162,-0.216,0.057,-0.56,-0.448,-0.448,1.075,0.627,0.0,-0.56,-0.337,-0.223,-0.56,-0.337,-0.223,1.112,0.414,0.307,-0.156,0.463,0.429,-0.256,0.685,0.232,-0.034,0.266,-0.198,0.102,-0.3,-0.649,-0.389,-0.256,-0.575,-0.381,-0.381,-1.295,0.0,-0.575,-0.347,-0.228,-0.575,-0.347,-0.228,0.514,-0.098,-1.922,0.627,-1.295,13274,6621,6653
1746,Johnson,2005,-0.706,-0.089,-0.617,-0.226,-0.116,-0.11,-0.453,-0.025,-0.428,0.062,-0.003,0.065,-0.16,-0.166,0.008,-0.148,-0.096,-0.096,-1.014,-1.11,0.0,-0.148,-0.016,-0.132,-0.148,-0.016,-0.132,-0.468,-0.179,0.032,0.018,0.014,0.059,0.104,-0.045,0.086,-0.015,0.101,-0.131,-0.003,-0.128,-0.051,-0.102,0.049,-0.098,-0.071,-0.071,-0.117,-0.188,0.0,-0.098,-0.055,-0.043,-0.098,-0.055,-0.043,-0.185,0.02,-0.672,-0.071,-0.601,-0.167,-0.012,-0.155,-0.365,-0.039,-0.326,-0.069,-0.006,-0.063,-0.211,-0.268,0.057,-0.245,-0.167,-0.167,-1.298,0.0,-0.245,-0.071,-0.174,-0.245,-0.071,-0.174,-0.653,-0.159,-1.11,-0.188,-1.298,130,63,67
2065,Mike Smith,2005,-0.684,-0.04,-0.644,-0.083,0.078,-0.161,0.022,0.117,-0.095,-0.583,-0.009,-0.574,-0.141,-0.141,0.001,-0.054,0.252,0.252,-0.879,-0.627,0.0,-0.054,-0.135,0.081,-0.054,-0.135,0.081,-0.176,0.257,-0.699,0.134,-0.833,-0.254,-0.048,-0.206,-0.52,-0.1,-0.42,-0.059,-0.005,-0.054,-0.021,-0.007,-0.014,-0.016,0.065,0.065,-0.736,-0.671,0.0,-0.016,-0.034,0.018,-0.016,-0.034,0.018,-0.932,-0.332,-1.381,0.094,-1.475,-0.336,0.031,-0.367,-0.497,0.017,-0.514,-0.642,-0.014,-0.628,-0.162,-0.148,-0.013,-0.069,0.317,0.317,-1.298,0.0,-0.069,-0.169,0.1,-0.069,-0.169,0.1,-1.108,-0.075,-0.627,-0.671,-1.298,676,340,336
29,Jim McIlvaine,2005,-0.589,0.073,-0.662,-0.617,-0.038,-0.579,-0.348,-0.154,-0.194,0.303,-0.017,0.32,-0.636,-0.46,-0.172,-0.905,-0.484,-0.484,-2.13,-2.614,0.0,-0.905,-0.156,-0.749,-0.905,-0.156,-0.749,-1.572,-0.427,0.139,-0.155,0.294,0.466,0.023,0.443,0.51,0.072,0.438,-0.682,0.019,-0.701,0.188,-0.011,0.193,0.797,0.188,0.188,1.124,1.312,0.0,0.797,0.22,0.577,0.797,0.22,0.577,0.211,0.302,-0.449,-0.082,-0.367,-0.15,-0.014,-0.136,0.163,-0.082,0.245,-0.38,0.002,-0.382,-0.448,-0.471,0.021,-0.109,-0.296,-0.296,-1.302,-0.001,-0.109,0.063,-0.172,-0.109,0.063,-0.172,-1.361,-0.125,-2.614,1.312,-1.303,4759,2374,2385
962,Walter McCarty,2005,0.911,-0.279,1.19,-0.032,-0.334,0.302,0.393,0.574,-0.181,0.829,0.462,0.367,-0.144,0.018,-0.161,-0.139,-1.696,-1.696,0.628,-1.068,0.0,-0.139,0.393,-0.532,-0.139,0.393,-0.532,0.773,-0.756,0.437,0.238,0.199,0.605,0.222,0.383,-0.915,-0.186,-0.729,0.509,-0.066,0.575,-0.677,-0.939,0.261,0.47,-0.472,-0.472,0.23,-0.242,0.0,0.47,0.109,0.361,0.47,0.109,0.361,1.28,0.254,1.347,-0.041,1.388,0.573,-0.112,0.685,-0.522,0.388,-0.91,1.337,0.395,0.942,-0.821,-0.921,0.1,0.331,-2.168,-2.168,-1.31,0.0,0.331,0.503,-0.172,0.331,0.503,-0.172,2.053,-0.503,-1.068,-0.242,-1.31,28651,14284,14367
1353,ID_1353,2005,-0.71,-0.091,-0.619,-0.332,-0.155,-0.177,-0.152,0.013,-0.165,-0.135,0.017,-0.152,-0.126,-0.102,-0.021,-0.038,-0.02,-0.02,-0.874,-0.894,0.0,-0.038,-0.036,-0.002,-0.038,-0.036,-0.002,-0.522,-0.229,-0.275,0.05,-0.325,-0.063,0.034,-0.097,-0.22,-0.063,-0.157,-0.042,-0.007,-0.035,-0.11,-0.093,-0.017,-0.043,0.002,0.002,-0.428,-0.426,0.0,-0.043,-0.027,-0.016,-0.043,-0.027,-0.016,-0.208,-0.029,-0.984,-0.041,-0.943,-0.395,-0.121,-0.274,-0.372,-0.05,-0.322,-0.176,0.011,-0.187,-0.236,-0.195,-0.038,-0.082,-0.018,-0.018,-1.32,0.001,-0.082,-0.063,-0.019,-0.082,-0.063,-0.019,-0.73,-0.258,-0.894,-0.426,-1.319,8,1,7
1714,Robert Traylor,2005,0.796,0.183,0.613,0.463,0.332,0.131,-0.167,-0.126,-0.041,0.317,-0.096,0.413,-0.985,-0.46,-0.525,-1.012,0.683,0.683,-1.201,-0.518,0.0,-1.012,-0.097,-0.915,-1.012,-0.097,-0.915,0.559,0.855,-0.213,-0.14,-0.073,0.11,0.055,0.055,0.15,-0.092,0.242,-0.333,0.039,-0.372,-0.674,-0.835,0.159,0.3,-0.217,-0.217,-0.587,-0.804,-0.0,0.3,0.225,0.075,0.3,0.225,0.075,0.218,-0.09,0.582,0.043,0.539,0.573,0.387,0.186,-0.017,-0.218,0.201,-0.017,-0.057,0.04,-1.659,-1.295,-0.366,-0.712,0.466,0.466,-1.322,0.0,-0.712,0.129,-0.841,-0.712,0.129,-0.841,0.777,0.765,-0.518,-0.804,-1.322,21393,10650,10743
1554,Jamal Robinson,2005,-1.284,-0.039,-1.245,-0.264,-0.174,-0.09,-0.721,-0.104,-0.617,-0.26,-0.025,-0.235,-0.212,-0.292,0.083,-0.092,0.25,0.25,-1.588,-1.338,0.0,-0.092,-0.06,-0.032,-0.092,-0.06,-0.032,-1.115,-0.307,-0.053,0.044,-0.097,0.037,0.079,-0.042,-0.197,-0.046,-0.151,0.063,0.008,0.055,-0.152,-0.203,0.049,0.23,-0.014,-0.014,0.025,0.011,-0.0,0.23,0.026,0.204,0.23,0.026,0.204,0.369,0.084,-1.338,0.005,-1.343,-0.227,-0.095,-0.132,-0.918,-0.15,-0.768,-0.198,-0.017,-0.181,-0.364,-0.496,0.132,0.138,0.237,0.237,-1.327,0.0,0.138,-0.035,0.173,0.138,-0.035,0.173,-0.745,-0.223,-1.338,0.011,-1.327,299,145,154
1943,Turner,2005,-0.801,-0.095,-0.706,-0.597,-0.152,-0.445,-0.282,-0.017,-0.265,0.173,-0.011,0.184,-0.226,-0.066,-0.157,-0.229,-0.024,-0.024,-1.256,-1.28,0.0,-0.229,-0.133,-0.096,-0.229,-0.133,-0.096,-0.734,-0.321,-0.085,0.083,-0.168,-0.056,0.07,-0.126,-0.12,-0.064,-0.056,0.008,-0.017,0.025,-0.085,-0.074,-0.011,0.047,0.076,0.076,-0.123,-0.047,0.0,0.047,0.134,-0.087,0.047,0.134,-0.087,-0.067,-0.022,-0.888,-0.012,-0.876,-0.654,-0.082,-0.572,-0.402,-0.081,-0.321,0.18,-0.029,0.209,-0.311,-0.141,-0.168,-0.183,0.052,0.052,-1.327,0.0,-0.183,0.001,-0.184,-0.183,0.001,-0.184,-0.801,-0.343,-1.28,-0.047,-1.327,164,82,82
1967,Hood,2005,-0.892,-0.083,-0.809,-0.319,-0.167,-0.152,-0.355,-0.005,-0.35,-0.135,0.012,-0.147,-0.131,-0.096,-0.032,-0.031,0.187,0.187,-1.054,-0.867,0.0,-0.031,-0.053,0.022,-0.031,-0.053,0.022,-0.564,-0.229,-0.307,0.05,-0.357,-0.014,0.067,-0.081,-0.211,-0.056,-0.155,-0.132,-0.01,-0.122,-0.129,-0.106,-0.022,-0.075,0.051,0.051,-0.511,-0.46,0.0,-0.075,-0.032,-0.043,-0.075,-0.032,-0.043,-0.273,-0.007,-1.2,-0.033,-1.167,-0.333,-0.1,-0.233,-0.566,-0.061,-0.505,-0.268,0.001,-0.269,-0.259,-0.202,-0.054,-0.106,0.238,0.238,-1.327,0.0,-0.106,-0.084,-0.022,-0.106,-0.084,-0.022,-0.837,-0.236,-0.867,-0.46,-1.327,19,10,9
2057,Erick Barkley,2005,-1.505,-0.342,-1.163,-0.276,-0.005,-0.271,-0.37,0.035,-0.405,-0.517,0.012,-0.529,-0.279,-0.384,0.107,0.117,0.555,0.555,-1.667,-1.112,-0.0,0.117,-0.049,0.166,0.117,-0.049,0.166,-0.256,0.065,-0.295,0.159,-0.454,0.148,-0.059,0.207,-0.127,-0.122,-0.005,-0.475,0.013,-0.488,-0.145,-0.189,0.044,0.086,0.135,0.135,-0.354,-0.219,-0.0,0.086,-0.086,0.172,0.086,-0.086,0.172,-0.789,-0.122,-1.8,-0.183,-1.617,-0.128,-0.064,-0.064,-0.497,-0.087,-0.41,-0.992,0.025,-1.017,-0.424,-0.574,0.15,0.203,0.69,0.69,-1.331,0.001,0.203,-0.135,0.338,0.203,-0.135,0.338,-1.044,-0.057,-1.112,-0.219,-1.33,996,498,498
1612,Chris Garner,2005,-0.954,-0.118,-0.836,-0.079,-0.165,0.086,-0.355,-0.041,-0.314,-0.402,-0.061,-0.341,0.084,0.239,-0.153,0.293,-0.143,-0.143,-0.577,-0.72,0.0,0.293,0.069,0.224,0.293,0.069,0.224,-0.497,0.04,-0.225,0.048,-0.273,0.007,0.034,-0.027,-0.034,-0.056,0.022,-0.246,0.006,-0.252,-0.117,-0.108,-0.009,0.024,-0.293,-0.293,-0.318,-0.611,0.0,0.024,-0.005,0.029,0.024,-0.005,0.029,-0.229,0.001,-1.179,-0.07,-1.109,-0.071,-0.131,0.06,-0.39,-0.097,-0.293,-0.648,-0.055,-0.593,-0.033,0.132,-0.162,0.318,-0.436,-0.436,-1.331,0.0,0.318,0.064,0.254,0.318,0.064,0.254,-0.725,0.041,-0.72,-0.611,-1.331,556,277,279
2765,Andre Emmett,2005,-1.099,-0.127,-0.972,-0.606,-0.11,-0.496,-0.088,0.022,-0.11,-0.278,0.003,-0.281,-0.158,-0.071,-0.084,0.071,-0.007,-0.007,-1.186,-1.193,-0.0,0.071,0.043,0.028,0.071,0.043,0.028,-0.998,-0.252,-0.048,0.089,-0.137,-0.067,0.036,-0.103,-0.093,-0.065,-0.028,0.023,-0.003,0.026,-0.121,-0.103,-0.017,0.024,0.005,0.005,-0.145,-0.14,-0.0,0.024,-0.004,0.028,0.024,-0.004,0.028,-0.22,-0.089,-1.148,-0.038,-1.11,-0.673,-0.074,-0.599,-0.181,-0.043,-0.138,-0.256,-0.0,-0.256,-0.278,-0.173,-0.102,0.095,-0.001,-0.001,-1.333,-0.0,0.095,0.039,0.056,0.095,0.039,0.056,-1.218,-0.341,-1.193,-0.14,-1.333,91,46,45
1070,Gray,2005,-0.866,-0.058,-0.808,-0.358,-0.028,-0.33,-0.047,0.17,-0.217,-0.403,0.026,-0.429,0.138,0.293,-0.152,-0.185,-0.289,-0.289,-0.913,-1.202,0.0,-0.185,-0.27,0.085,-0.185,-0.27,0.085,-1.272,-0.091,-0.105,0.18,-0.285,-0.104,0.073,-0.177,0.063,-0.037,0.1,-0.244,-0.007,-0.237,-0.002,0.032,-0.034,-0.067,0.04,0.04,-0.174,-0.134,-0.0,-0.067,-0.068,0.001,-0.067,-0.068,0.001,-0.245,0.023,-0.972,0.122,-1.094,-0.461,0.045,-0.506,0.015,0.133,-0.118,-0.648,0.019,-0.667,0.136,0.326,-0.186,-0.252,-0.248,-0.248,-1.336,-0.0,-0.252,-0.338,0.086,-0.252,-0.338,0.086,-1.516,-0.068,-1.202,-0.134,-1.336,503,249,254
1032,Darvin Ham,2005,-0.928,-0.273,-0.655,-0.265,0.197,-0.462,0.12,0.069,0.051,-0.51,-0.061,-0.449,-0.696,0.202,-0.895,-0.98,-0.829,-0.829,-2.604,-3.433,0.0,-0.98,-0.195,-0.785,-0.98,-0.195,-0.785,-1.605,-0.083,0.874,0.178,0.696,1.058,0.377,0.681,0.063,-0.082,0.145,-0.425,-0.105,-0.32,-0.361,-0.457,0.095,0.305,1.277,1.277,0.818,2.095,0.0,0.305,0.222,0.083,0.305,0.222,0.083,1.168,0.889,-0.055,-0.095,0.04,0.793,0.574,0.219,0.183,-0.013,0.196,-0.936,-0.167,-0.769,-1.057,-0.255,-0.8,-0.675,0.448,0.448,-1.338,0.0,-0.675,0.027,-0.702,-0.675,0.027,-0.702,-0.437,0.806,-3.433,2.095,-1.338,17423,8625,8798
2039,Keyon Dooling,2005,-1.008,-0.21,-0.798,0.258,0.174,0.084,-0.112,0.304,-0.416,-0.944,0.015,-0.959,0.118,0.624,-0.505,0.28,-0.322,-0.322,-0.61,-0.932,-0.0,0.28,0.507,-0.227,0.28,0.507,-0.227,-4.037,0.148,0.364,0.257,0.107,0.092,0.137,-0.045,-0.043,-0.076,0.033,0.058,-0.028,0.086,-0.307,-0.326,0.019,-0.037,-0.434,-0.434,0.02,-0.414,0.0,-0.037,-0.378,0.341,-0.037,-0.378,0.341,-0.699,0.04,-0.646,0.047,-0.693,0.349,0.311,0.038,-0.156,0.227,-0.383,-0.886,-0.013,-0.873,-0.188,0.298,-0.486,0.242,-0.755,-0.755,-1.346,-0.0,0.242,0.129,0.113,0.242,0.129,0.113,-4.736,0.188,-0.932,-0.414,-1.346,18456,9190,9266
1504,Danny Fortson,2005,-2.306,0.169,-2.475,-1.061,0.157,-1.218,-0.366,-0.15,-0.216,-1.048,-0.189,-0.859,0.389,0.287,0.101,-1.546,3.004,3.004,-3.463,-0.459,0.0,-1.546,-0.05,-1.496,-1.546,-0.05,-1.496,-3.089,-0.418,-1.078,-0.087,-0.991,-1.107,-0.24,-0.867,0.376,-0.111,0.487,-0.26,0.079,-0.339,-0.569,-0.511,-0.06,-0.46,1.209,1.209,-2.107,-0.898,0.0,-0.46,-0.406,-0.054,-0.46,-0.406,-0.054,-0.908,-0.639,-3.384,0.082,-3.466,-2.168,-0.083,-2.085,0.01,-0.261,0.271,-1.308,-0.11,-1.198,-0.18,-0.224,0.041,-2.006,4.213,4.213,-1.357,0.0,-2.006,-0.456,-1.55,-2.006,-0.456,-1.55,-3.997,-1.056,-0.459,-0.898,-1.357,20397,10194,10203
1563,Kevin Ollie,2005,-2.218,-0.583,-1.635,-0.541,-0.251,-0.29,-0.856,-0.145,-0.711,-0.238,-0.19,-0.048,0.829,0.845,-0.017,-0.075,-0.27,-0.27,-1.464,-1.734,0.0,-0.075,0.07,-0.145,-0.075,0.07,-0.145,-1.159,-0.494,0.456,0.239,0.217,-0.127,0.209,-0.336,0.337,0.066,0.271,0.007,0.008,-0.001,-0.185,-0.167,-0.019,0.251,-0.146,-0.146,0.522,0.376,0.0,0.251,0.346,-0.095,0.251,0.346,-0.095,1.331,0.228,-1.763,-0.344,-1.419,-0.668,-0.041,-0.627,-0.521,-0.08,-0.441,-0.23,-0.181,-0.049,0.644,0.677,-0.036,0.176,-0.416,-0.416,-1.358,0.0,0.176,0.416,-0.24,0.176,0.416,-0.24,0.173,-0.266,-1.734,0.376,-1.358,24779,12354,12425
2750,Pavel Podkolzin,2005,-0.551,-0.111,-0.44,-0.299,-0.156,-0.143,-0.203,0.014,-0.217,0.062,0.016,0.046,-0.152,-0.092,-0.057,-0.188,-0.096,-0.096,-0.891,-0.987,0.0,-0.188,-0.004,-0.184,-0.188,-0.004,-0.184,-0.406,-0.224,-0.256,0.052,-0.308,-0.055,0.055,-0.11,-0.166,-0.056,-0.11,-0.087,-0.007,-0.08,-0.126,-0.114,-0.011,-0.059,0.06,0.06,-0.441,-0.381,0.0,-0.059,-0.036,-0.023,-0.059,-0.036,-0.023,-0.24,-0.022,-0.807,-0.059,-0.748,-0.353,-0.101,-0.252,-0.37,-0.043,-0.327,-0.025,0.009,-0.034,-0.277,-0.206,-0.068,-0.247,-0.036,-0.036,-1.368,-0.0,-0.247,-0.04,-0.207,-0.247,-0.04,-0.207,-0.645,-0.246,-0.987,-0.381,-1.368,23,12,11
423,Chris Gatling,2005,-0.699,0.123,-0.822,0.111,0.134,-0.023,-0.377,-0.296,-0.081,-0.556,-0.167,-0.389,-0.428,-0.203,-0.223,-0.621,0.783,0.783,-1.748,-0.965,0.0,-0.621,-0.165,-0.456,-0.621,-0.165,-0.456,-2.08,-0.063,-0.523,0.014,-0.537,-0.218,-0.061,-0.157,-1.009,-0.107,-0.902,0.69,0.01,0.68,-0.508,-0.407,-0.104,0.666,-0.04,-0.04,-0.365,-0.405,0.0,0.666,0.183,0.483,0.666,0.183,0.483,0.339,-0.116,-1.222,0.137,-1.359,-0.106,0.073,-0.179,-1.386,-0.403,-0.983,0.133,-0.157,0.29,-0.936,-0.61,-0.327,0.045,0.743,0.743,-1.37,0.0,0.045,0.018,0.027,0.045,0.018,0.027,-1.741,-0.179,-0.965,-0.405,-1.37,16598,8286,8312
2737,Rafael Araujo,2005,-0.299,-0.19,-0.109,0.03,0.277,-0.247,0.273,-0.062,0.335,-0.412,-0.135,-0.277,-0.22,-0.521,0.301,-0.161,-0.172,-0.172,-0.68,-0.852,0.0,-0.161,0.143,-0.304,-0.161,0.143,-0.304,-1.801,0.166,-0.942,0.036,-0.978,-0.335,-0.043,-0.292,-0.316,-0.048,-0.268,-0.327,0.0,-0.327,-0.003,0.101,-0.104,0.067,0.351,0.351,-0.878,-0.527,-0.0,0.067,0.115,-0.048,0.067,0.115,-0.048,-1.535,-0.478,-1.238,-0.154,-1.084,-0.303,0.235,-0.538,-0.043,-0.11,0.067,-0.738,-0.134,-0.604,-0.223,-0.42,0.198,-0.093,0.179,0.179,-1.379,-0.001,-0.093,0.257,-0.35,-0.093,0.257,-0.35,-3.336,-0.313,-0.852,-0.527,-1.38,2895,1441,1454
1914,Chris Herren,2005,-0.939,-0.077,-0.862,-0.732,0.022,-0.754,0.58,0.46,0.12,-0.71,0.207,-0.917,-0.089,0.398,-0.484,-0.357,0.895,0.895,-1.385,-0.49,0.0,-0.357,-0.236,-0.121,-0.357,-0.236,-0.121,-1.826,-0.879,-0.014,0.2,-0.214,-0.266,0.141,-0.407,-0.032,0.017,-0.049,0.084,0.03,0.054,-0.268,-0.241,-0.027,-0.123,-0.49,-0.49,-0.405,-0.895,0.0,-0.123,-0.047,-0.076,-0.123,-0.047,-0.076,0.143,-0.107,-0.953,0.123,-1.076,-0.999,0.163,-1.162,0.548,0.477,0.071,-0.625,0.238,-0.863,-0.357,0.157,-0.511,-0.48,0.405,0.405,-1.385,0.0,-0.48,-0.282,-0.198,-0.48,-0.282,-0.198,-1.682,-0.986,-0.49,-0.895,-1.385,3840,1908,1932
1510,Brevin Knight,2005,-0.937,-0.097,-0.84,0.34,0.241,0.099,-0.257,-0.204,-0.053,-0.923,-0.268,-0.655,0.328,0.476,-0.149,0.214,-1.622,-1.622,-0.395,-2.017,0.0,0.214,-0.221,0.435,0.214,-0.221,0.435,1.056,0.878,-0.789,-0.081,-0.708,0.136,0.109,0.027,-0.14,0.012,-0.152,-0.704,-0.026,-0.678,-0.195,-0.145,-0.05,1.362,0.251,0.251,0.378,0.629,-0.0,1.362,0.298,1.064,1.362,0.298,1.064,-1.393,-0.168,-1.726,-0.178,-1.548,0.475,0.35,0.125,-0.395,-0.191,-0.204,-1.628,-0.294,-1.334,0.133,0.331,-0.199,1.576,-1.371,-1.371,-1.388,0.0,1.576,0.077,1.499,1.576,0.077,1.499,-0.337,0.71,-2.017,0.629,-1.388,32676,16343,16333
2343,Joe Crispin,2005,0.001,-0.13,0.131,-0.24,-0.198,-0.042,0.234,0.08,0.154,0.137,0.123,0.014,-0.246,-0.354,0.109,-0.064,-0.616,-0.616,-0.309,-0.925,0.0,-0.064,-0.329,0.265,-0.064,-0.329,0.265,-0.041,-0.322,-0.206,0.138,-0.344,-0.485,-0.078,-0.407,0.107,-0.137,0.244,0.034,0.008,0.026,-0.114,-0.156,0.041,-0.213,0.062,0.062,-0.533,-0.471,0.0,-0.213,-0.05,-0.163,-0.213,-0.05,-0.163,-0.032,-0.299,-0.206,0.008,-0.214,-0.726,-0.277,-0.449,0.341,-0.057,0.398,0.171,0.131,0.04,-0.36,-0.509,0.149,-0.278,-0.555,-0.555,-1.396,0.001,-0.278,-0.378,0.1,-0.278,-0.378,0.1,-0.073,-0.621,-0.925,-0.471,-1.395,605,301,304
2294,Charlie Bell,2005,-0.618,-0.223,-0.395,-0.023,-0.148,0.125,0.016,0.066,-0.05,-0.388,0.028,-0.416,0.035,0.036,0.001,-0.095,-0.137,-0.137,-0.678,-0.815,0.0,-0.095,-0.052,-0.043,-0.095,-0.052,-0.043,-0.871,-0.128,-0.288,0.054,-0.342,-0.146,0.02,-0.166,-0.187,-0.08,-0.107,-0.009,-0.001,-0.008,-0.135,-0.139,0.004,-0.094,-0.063,-0.063,-0.517,-0.58,0.0,-0.094,-0.048,-0.046,-0.094,-0.048,-0.046,-0.074,-0.004,-0.907,-0.169,-0.738,-0.168,-0.127,-0.041,-0.172,-0.014,-0.158,-0.398,0.027,-0.425,-0.101,-0.104,0.006,-0.189,-0.2,-0.2,-1.395,0.0,-0.189,-0.099,-0.09,-0.189,-0.099,-0.09,-0.945,-0.131,-0.815,-0.58,-1.395,162,81,81
2782,Matt Freije,2005,-1.513,-0.091,-1.422,-0.264,-0.187,-0.077,-0.252,0.056,-0.308,-0.906,0.111,-1.017,-0.2,-0.407,0.209,0.158,-0.285,-0.285,-1.555,-1.84,-0.0,0.158,0.297,-0.139,0.158,0.297,-0.139,-1.602,-0.264,-0.273,0.175,-0.448,-0.421,0.012,-0.433,-0.068,-0.102,0.034,0.041,-0.02,0.061,0.034,0.02,0.013,0.503,0.18,0.18,0.264,0.444,0.0,0.503,0.09,0.413,0.503,0.09,0.413,-0.269,-0.269,-1.785,0.084,-1.869,-0.685,-0.175,-0.51,-0.32,-0.046,-0.274,-0.864,0.091,-0.955,-0.166,-0.387,0.221,0.661,-0.105,-0.105,-1.396,-0.001,0.661,0.387,0.274,0.661,0.387,0.274,-1.871,-0.533,-1.84,0.444,-1.397,1559,772,787
1337,ID_1337,2005,-0.82,-0.093,-0.727,-0.377,-0.152,-0.225,-0.179,0.015,-0.194,-0.171,0.019,-0.19,-0.138,-0.115,-0.02,-0.02,-0.042,-0.042,-0.978,-1.02,0.0,-0.02,-0.027,0.007,-0.02,-0.027,0.007,-0.58,-0.239,-0.217,0.069,-0.286,-0.044,0.044,-0.088,-0.198,-0.066,-0.132,-0.044,-0.007,-0.037,-0.124,-0.113,-0.011,-0.042,0.003,0.003,-0.383,-0.38,-0.0,-0.042,-0.028,-0.014,-0.042,-0.028,-0.014,-0.217,-0.052,-1.038,-0.024,-1.014,-0.421,-0.108,-0.313,-0.377,-0.051,-0.326,-0.216,0.012,-0.228,-0.262,-0.228,-0.031,-0.062,-0.039,-0.039,-1.4,0.0,-0.062,-0.055,-0.007,-0.062,-0.055,-0.007,-0.798,-0.291,-1.02,-0.38,-1.4,11,4,7
932,Oliver Miller,2005,-0.123,-0.06,-0.063,0.635,0.565,0.07,-0.355,0.193,-0.548,-0.343,-0.06,-0.283,-0.257,-0.117,-0.138,-1.459,0.067,0.067,-1.839,-1.772,0.0,-1.459,-1.177,-0.282,-1.459,-1.177,-0.282,-0.703,1.101,0.558,-0.016,0.574,0.3,0.032,0.268,0.36,-0.01,0.37,-0.086,0.018,-0.104,-0.192,-0.42,0.23,-0.048,0.05,0.05,0.318,0.368,-0.0,-0.048,0.119,-0.167,-0.048,0.119,-0.167,-0.122,0.117,0.433,-0.076,0.509,0.933,0.596,0.337,0.005,0.183,-0.178,-0.429,-0.042,-0.387,-0.449,-0.537,0.092,-1.506,0.118,0.118,-1.404,-0.001,-1.506,-1.057,-0.449,-1.506,-1.057,-0.449,-0.824,1.218,-1.772,0.368,-1.405,6412,3193,3219
2351,Oscar Torres,2005,-0.309,0.028,-0.337,-0.309,-0.085,-0.224,0.235,0.184,0.051,-0.263,0.114,-0.377,0.033,0.045,-0.011,-0.103,0.158,0.158,-0.379,-0.221,0.0,-0.103,-0.022,-0.081,-0.103,-0.022,-0.081,-1.353,-0.491,-1.146,0.034,-1.18,0.11,-0.109,0.219,-0.733,-0.032,-0.701,-0.557,0.037,-0.594,-0.05,0.185,-0.232,-0.158,0.165,0.165,-1.354,-1.189,-0.0,-0.158,-0.031,-0.127,-0.158,-0.031,-0.127,-1.69,-0.179,-1.454,0.062,-1.516,-0.199,-0.194,-0.005,-0.498,0.152,-0.65,-0.819,0.152,-0.971,-0.016,0.23,-0.244,-0.262,0.324,0.324,-1.41,0.0,-0.262,-0.053,-0.209,-0.262,-0.053,-0.209,-3.043,-0.67,-0.221,-1.189,-1.41,4293,2149,2144
1941,ID_1941,2005,-0.902,-0.097,-0.805,-0.355,-0.172,-0.183,-0.312,-0.002,-0.31,-0.138,0.013,-0.151,-0.135,-0.088,-0.045,0.004,-0.066,-0.066,-1.033,-1.099,0.0,0.004,-0.014,0.018,0.004,-0.014,0.018,-0.648,-0.252,-0.183,0.075,-0.258,-0.009,0.063,-0.072,-0.207,-0.06,-0.147,-0.042,-0.007,-0.035,-0.166,-0.114,-0.049,0.014,0.018,0.018,-0.335,-0.317,-0.0,0.014,0.011,0.003,0.014,0.011,0.003,-0.174,0.003,-1.085,-0.022,-1.063,-0.364,-0.109,-0.255,-0.519,-0.062,-0.457,-0.18,0.007,-0.187,-0.301,-0.202,-0.094,0.018,-0.048,-0.048,-1.416,0.0,0.018,-0.004,0.022,0.018,-0.004,0.022,-0.822,-0.249,-1.099,-0.317,-1.416,17,7,10
426,Terry Davis,2005,-1.05,-0.138,-0.912,-0.844,-0.17,-0.674,-0.325,0.078,-0.403,0.257,0.016,0.241,-0.034,0.095,-0.126,-0.001,0.156,0.156,-1.085,-0.929,-0.0,-0.001,0.266,-0.267,-0.001,0.266,-0.267,-1.257,-0.684,-0.711,0.076,-0.787,-0.433,-0.017,-0.416,-0.609,-0.08,-0.529,0.255,-0.005,0.26,-0.228,-0.064,-0.159,0.117,0.334,0.334,-0.822,-0.488,-0.0,0.117,0.087,0.03,0.117,0.087,0.03,-0.22,-0.315,-1.761,-0.062,-1.699,-1.276,-0.186,-1.09,-0.935,-0.002,-0.933,0.512,0.011,0.501,-0.262,0.031,-0.285,0.115,0.49,0.49,-1.417,0.001,0.115,0.353,-0.238,0.115,0.353,-0.238,-1.477,-1.0,-0.929,-0.488,-1.416,907,451,456
226,Lang,2005,-0.89,-0.131,-0.759,-0.326,-0.091,-0.235,-0.539,0.063,-0.602,0.106,0.009,0.097,-0.056,-0.047,-0.007,-0.085,-0.146,-0.146,-1.031,-1.177,0.0,-0.085,-0.09,0.005,-0.085,-0.09,0.005,-0.803,-0.233,-0.115,0.072,-0.187,-0.02,0.059,-0.079,-0.234,-0.068,-0.166,0.067,-0.003,0.07,-0.15,-0.132,-0.017,0.051,-0.031,-0.031,-0.214,-0.245,0.0,0.051,0.048,0.003,0.051,0.048,0.003,-0.115,-0.007,-1.005,-0.059,-0.946,-0.346,-0.032,-0.314,-0.773,-0.005,-0.768,0.173,0.006,0.167,-0.205,-0.179,-0.024,-0.033,-0.177,-0.177,-1.422,0.0,-0.033,-0.043,0.01,-0.033,-0.043,0.01,-0.918,-0.24,-1.177,-0.245,-1.422,150,75,75
1585,Brandon Williams,2005,-0.901,-0.113,-0.788,-0.338,-0.147,-0.191,-0.268,-0.002,-0.266,-0.182,0.002,-0.184,-0.139,-0.12,-0.016,-0.136,-0.146,-0.146,-1.176,-1.322,0.0,-0.136,-0.056,-0.08,-0.136,-0.056,-0.08,-0.83,-0.276,-0.109,0.081,-0.19,-0.018,0.069,-0.087,-0.031,-0.039,0.008,-0.141,-0.005,-0.136,-0.067,-0.059,-0.008,0.016,0.056,0.056,-0.16,-0.104,-0.0,0.016,-0.002,0.018,0.016,-0.002,0.018,-0.171,-0.006,-1.008,-0.032,-0.976,-0.356,-0.078,-0.278,-0.299,-0.041,-0.258,-0.321,-0.002,-0.319,-0.206,-0.18,-0.024,-0.121,-0.09,-0.09,-1.426,0.0,-0.121,-0.059,-0.062,-0.121,-0.059,-0.062,-1.001,-0.282,-1.322,-0.104,-1.426,78,39,39
400,Derek Strong,2005,-0.377,-0.037,-0.34,-0.963,-0.339,-0.624,-0.038,-0.367,0.329,0.661,-0.098,0.759,-0.56,-0.392,-0.165,-0.67,0.573,0.573,-1.607,-1.034,0.0,-0.67,0.139,-0.809,-0.67,0.139,-0.809,-1.463,-0.757,-0.469,-0.02,-0.449,-0.577,0.016,-0.593,0.101,0.03,0.071,0.027,0.001,0.026,0.114,0.166,-0.051,-0.095,0.046,0.046,-0.45,-0.404,-0.0,-0.095,-0.083,-0.012,-0.095,-0.083,-0.012,-0.625,-0.378,-0.845,-0.057,-0.788,-1.539,-0.322,-1.217,0.063,-0.337,0.4,0.688,-0.097,0.785,-0.446,-0.227,-0.217,-0.766,0.619,0.619,-1.438,0.0,-0.766,0.056,-0.822,-0.766,0.056,-0.822,-2.088,-1.135,-1.034,-0.404,-1.438,2352,1179,1173
1483,ID_1483,2005,-0.823,-0.089,-0.734,-0.39,-0.161,-0.229,-0.242,-0.004,-0.238,-0.102,0.007,-0.109,-0.129,-0.085,-0.041,-0.003,0.01,0.01,-0.955,-0.945,0.0,-0.003,-0.019,0.016,-0.003,-0.019,0.016,-0.579,-0.256,-0.178,0.052,-0.23,-0.016,0.04,-0.056,-0.175,-0.063,-0.112,-0.039,-0.006,-0.033,-0.158,-0.134,-0.023,-0.044,-0.118,-0.118,-0.38,-0.498,-0.0,-0.044,-0.028,-0.016,-0.044,-0.028,-0.016,-0.238,-0.047,-1.0,-0.037,-0.963,-0.406,-0.121,-0.285,-0.417,-0.067,-0.35,-0.14,0.001,-0.141,-0.286,-0.219,-0.064,-0.047,-0.108,-0.108,-1.443,-0.0,-0.047,-0.047,0.0,-0.047,-0.047,0.0,-0.817,-0.303,-0.945,-0.498,-1.443,15,7,8
1505,Tariq Abdul-Wahad,2005,-2.318,0.051,-2.369,-0.105,-0.075,-0.03,-2.294,-0.437,-1.857,0.03,-0.217,0.247,-0.083,-0.078,-0.002,-0.021,0.692,0.692,-2.422,-1.73,0.0,-0.021,-0.328,0.307,-0.021,-0.328,0.307,-2.042,-0.005,0.336,0.115,0.221,0.449,-0.085,0.534,-0.032,-0.062,0.03,-0.196,-0.011,-0.185,0.001,-0.191,0.195,0.126,-0.176,-0.176,0.463,0.287,-0.0,0.126,0.371,-0.245,0.126,0.371,-0.245,-0.882,0.138,-1.98,0.166,-2.146,0.345,-0.159,0.504,-2.325,-0.498,-1.827,-0.166,-0.227,0.061,-0.082,-0.269,0.193,0.105,0.515,0.515,-1.443,0.0,0.105,0.043,0.062,0.105,0.043,0.062,-2.924,0.133,-1.73,0.287,-1.443,10841,5400,5441
2123,Garth Joseph,2005,-0.665,-0.098,-0.567,-0.337,-0.176,-0.161,-0.196,-0.016,-0.18,-0.034,-0.0,-0.034,-0.202,-0.108,-0.092,-0.042,-0.011,-0.011,-0.909,-0.92,0.0,-0.042,-0.042,0.0,-0.042,-0.042,0.0,-0.486,-0.192,-0.341,0.062,-0.403,-0.125,0.038,-0.163,-0.144,-0.063,-0.081,-0.134,-0.012,-0.122,-0.049,-0.051,0.002,-0.063,-0.073,-0.073,-0.453,-0.526,0.0,-0.063,0.018,-0.081,-0.063,0.018,-0.081,-0.477,-0.113,-1.008,-0.036,-0.972,-0.463,-0.138,-0.325,-0.341,-0.08,-0.261,-0.168,-0.012,-0.156,-0.251,-0.159,-0.09,-0.104,-0.084,-0.084,-1.446,0.0,-0.104,-0.024,-0.08,-0.104,-0.024,-0.08,-0.963,-0.305,-0.92,-0.526,-1.446,61,30,31
1954,Miskiri,2005,-0.787,-0.088,-0.699,-0.35,-0.168,-0.182,-0.179,0.005,-0.184,-0.17,0.02,-0.19,-0.142,-0.12,-0.019,-0.094,0.021,0.021,-1.023,-1.002,0.0,-0.094,-0.063,-0.031,-0.094,-0.063,-0.031,-0.509,-0.258,-0.252,0.052,-0.304,-0.06,0.052,-0.112,-0.204,-0.059,-0.145,-0.04,-0.007,-0.033,-0.132,-0.109,-0.022,-0.07,0.002,0.002,-0.454,-0.452,0.0,-0.07,-0.03,-0.04,-0.07,-0.03,-0.04,-0.222,-0.029,-1.038,-0.036,-1.002,-0.41,-0.116,-0.294,-0.383,-0.055,-0.328,-0.209,0.014,-0.223,-0.274,-0.229,-0.041,-0.164,0.023,0.023,-1.454,-0.001,-0.164,-0.093,-0.071,-0.164,-0.093,-0.071,-0.731,-0.287,-1.002,-0.452,-1.455,14,7,7
1138,Michael Hawkins,2005,-0.787,-0.206,-0.581,-0.021,-0.063,0.042,-0.276,0.035,-0.311,-0.284,0.015,-0.299,-0.336,-0.282,-0.051,0.176,-0.187,-0.187,-0.947,-1.134,0.0,0.176,0.18,-0.004,0.176,0.18,-0.004,0.391,0.174,-0.495,0.144,-0.639,-0.336,0.008,-0.344,-0.301,-0.111,-0.19,-0.002,-0.005,0.003,-0.15,-0.205,0.053,-0.064,0.388,0.388,-0.709,-0.321,0.0,-0.064,-0.041,-0.023,-0.064,-0.041,-0.023,-0.407,-0.228,-1.281,-0.062,-1.219,-0.357,-0.055,-0.302,-0.576,-0.076,-0.5,-0.286,0.01,-0.296,-0.485,-0.487,0.002,0.112,0.202,0.202,-1.455,0.0,0.112,0.139,-0.027,0.112,0.139,-0.027,-0.016,-0.054,-1.134,-0.321,-1.455,508,256,252
393,Rod Strickland,2005,-0.177,-0.166,-0.011,1.086,0.226,0.86,-0.654,-0.225,-0.429,-0.443,-0.299,-0.144,0.015,0.327,-0.312,0.463,-0.493,-0.493,0.301,-0.192,-0.0,0.463,0.228,0.235,0.463,0.228,0.235,-0.044,0.519,-0.738,0.08,-0.818,-0.42,0.063,-0.483,-0.278,-0.015,-0.263,-0.12,0.018,-0.138,-0.227,-0.408,0.183,-0.145,-0.158,-0.158,-1.11,-1.268,-0.0,-0.145,-0.17,0.025,-0.145,-0.17,0.025,0.113,-0.117,-0.916,-0.086,-0.83,0.666,0.289,0.377,-0.933,-0.24,-0.693,-0.563,-0.281,-0.282,-0.212,-0.081,-0.129,0.317,-0.651,-0.651,-1.46,0.001,0.317,0.058,0.259,0.317,0.058,0.259,0.068,0.402,-0.192,-1.268,-1.459,31243,15631,15612
934,Derrick Coleman,2005,-1.364,0.102,-1.466,0.151,0.166,-0.015,-0.608,-0.041,-0.567,-1.009,-0.1,-0.909,0.225,0.128,0.097,-0.568,-0.351,-0.351,-1.707,-2.058,0.0,-0.568,-0.545,-0.023,-0.568,-0.545,-0.023,0.248,0.708,-0.186,0.017,-0.203,0.045,-0.457,0.502,0.167,-0.12,0.287,-0.415,0.008,-0.423,0.664,0.558,0.105,-0.506,0.628,0.628,-0.028,0.6,-0.0,-0.506,0.111,-0.617,-0.506,0.111,-0.617,-1.902,-0.596,-1.55,0.119,-1.669,0.196,-0.291,0.487,-0.441,-0.161,-0.28,-1.424,-0.092,-1.332,0.889,0.686,0.201,-1.075,0.277,0.277,-1.458,-0.001,-1.075,-0.435,-0.64,-1.075,-0.435,-0.64,-1.654,0.112,-2.058,0.6,-1.459,32089,16097,15992
2762,Peter John Ramos,2005,-0.792,-0.079,-0.713,-0.375,-0.121,-0.254,-0.289,0.003,-0.292,-0.049,0.009,-0.058,-0.147,-0.144,-0.001,-0.209,-0.162,-0.162,-1.148,-1.31,0.0,-0.209,-0.197,-0.012,-0.209,-0.197,-0.012,-0.628,-0.261,-0.17,0.103,-0.273,0.071,0.057,0.014,-0.248,-0.067,-0.181,-0.096,-0.01,-0.086,-0.087,-0.1,0.012,-0.003,0.11,0.11,-0.26,-0.15,0.0,-0.003,-0.05,0.047,-0.003,-0.05,0.047,-0.28,0.009,-0.962,0.024,-0.986,-0.303,-0.064,-0.239,-0.537,-0.064,-0.473,-0.146,-0.001,-0.145,-0.233,-0.244,0.012,-0.212,-0.052,-0.052,-1.46,0.0,-0.212,-0.247,0.035,-0.212,-0.247,0.035,-0.908,-0.252,-1.31,-0.15,-1.46,73,36,37
1727,Pat Garrity,2005,0.331,-0.003,0.334,-1.198,-0.256,-0.942,0.37,0.204,0.166,1.162,0.296,0.866,0.026,-0.188,0.212,0.583,-0.442,-0.442,0.94,0.498,0.0,0.583,0.583,0.0,0.583,0.583,0.0,0.012,-1.343,-2.071,0.115,-2.186,-0.526,0.133,-0.659,-1.178,-0.111,-1.067,-0.482,-0.075,-0.407,-0.188,-0.279,0.092,-0.387,0.685,0.685,-2.646,-1.961,0.0,-0.387,-0.211,-0.176,-0.387,-0.211,-0.176,-1.864,-0.331,-1.742,0.112,-1.854,-1.725,-0.123,-1.602,-0.809,0.092,-0.901,0.68,0.221,0.459,-0.162,-0.467,0.305,0.196,0.244,0.244,-1.463,-0.001,0.196,0.372,-0.176,0.196,0.372,-0.176,-1.852,-1.674,0.498,-1.961,-1.464,36646,18492,18154
1766,Maceo Baston,2005,-0.182,-0.071,-0.111,0.176,-0.004,0.18,-0.267,0.049,-0.316,-0.02,-0.035,0.015,0.169,0.141,0.03,-0.184,-0.908,-0.908,-0.197,-1.105,0.0,-0.184,-0.195,0.011,-0.184,-0.195,0.011,-1.146,0.008,0.043,0.037,0.006,-0.023,0.064,-0.087,-0.022,-0.1,0.078,0.051,-0.034,0.085,-0.215,-0.143,-0.069,-0.123,-0.065,-0.065,-0.295,-0.36,0.0,-0.123,-0.063,-0.06,-0.123,-0.063,-0.06,-0.066,-0.039,-0.139,-0.034,-0.105,0.153,0.06,0.093,-0.289,-0.051,-0.238,0.031,-0.069,0.1,-0.046,-0.002,-0.039,-0.306,-0.974,-0.974,-1.465,-0.0,-0.306,-0.258,-0.048,-0.306,-0.258,-0.048,-1.212,-0.031,-1.105,-0.36,-1.465,405,204,201
2199,Tyson Chandler,2005,-1.714,0.136,-1.85,-0.181,0.313,-0.494,-1.498,0.11,-1.608,-0.171,-0.102,-0.069,-0.136,0.643,-0.78,-1.483,1.017,1.017,-3.333,-2.316,0.0,-1.483,-0.708,-0.775,-1.483,-0.708,-0.775,-1.883,0.621,-0.106,-0.03,-0.076,1.129,-0.138,1.267,-0.772,-0.063,-0.709,-0.433,-0.03,-0.403,0.148,0.187,-0.043,0.072,0.737,0.737,0.114,0.851,0.0,0.072,-0.017,0.089,0.072,-0.017,0.089,-2.448,-0.118,-1.82,0.106,-1.926,0.948,0.175,0.773,-2.269,0.048,-2.317,-0.605,-0.133,-0.472,0.012,0.83,-0.822,-1.411,1.754,1.754,-1.465,-0.001,-1.411,-0.725,-0.686,-1.411,-0.725,-0.686,-4.331,0.503,-2.316,0.851,-1.466,24628,12329,12299
990,Malik Rose,2005,-0.799,0.064,-0.863,-0.355,0.079,-0.434,-0.504,-0.119,-0.385,-0.004,-0.126,0.122,0.087,0.213,-0.127,-1.367,-0.029,-0.029,-2.079,-2.108,0.0,-1.367,-0.732,-0.635,-1.367,-0.732,-0.635,-0.672,-0.07,0.556,0.007,0.549,-0.266,0.144,-0.41,0.273,0.164,0.109,0.542,0.003,0.539,0.193,0.14,0.051,0.222,-0.332,-0.332,0.971,0.639,0.0,0.222,-0.004,0.226,0.222,-0.004,0.226,1.667,0.08,-0.243,0.071,-0.314,-0.62,0.223,-0.843,-0.232,0.045,-0.277,0.538,-0.123,0.661,0.28,0.354,-0.077,-1.145,-0.361,-0.361,-1.469,0.0,-1.145,-0.736,-0.409,-1.145,-0.736,-0.409,0.995,0.01,-2.108,0.639,-1.469,37535,18790,18745
1003,Barry,2005,-0.968,-0.317,-0.651,-0.466,-0.136,-0.33,0.136,0.135,0.001,-0.321,0.034,-0.355,0.133,0.087,0.049,-0.134,-0.096,-0.096,-0.969,-1.065,0.0,-0.134,-0.163,0.029,-0.134,-0.163,0.029,-0.899,-0.261,-0.127,0.14,-0.267,-0.073,-0.054,-0.019,-0.313,-0.136,-0.177,0.119,-0.007,0.126,-0.074,-0.142,0.065,-0.21,0.002,0.002,-0.411,-0.409,0.0,-0.21,-0.144,-0.066,-0.21,-0.144,-0.066,-0.191,-0.161,-1.095,-0.177,-0.918,-0.539,-0.19,-0.349,-0.177,-0.001,-0.176,-0.202,0.027,-0.229,0.059,-0.055,0.114,-0.344,-0.094,-0.094,-1.474,0.001,-0.344,-0.306,-0.038,-0.344,-0.306,-0.038,-1.09,-0.422,-1.065,-0.409,-1.473,655,328,327
989,Davis,2005,-0.906,-0.119,-0.787,-0.392,-0.119,-0.273,-0.203,0.025,-0.228,-0.192,0.009,-0.201,-0.112,-0.114,0.004,-0.096,0.054,0.054,-1.114,-1.06,0.0,-0.096,-0.126,0.03,-0.096,-0.126,0.03,-0.695,-0.252,-0.204,0.061,-0.265,0.032,0.058,-0.026,-0.174,-0.059,-0.115,-0.123,-0.007,-0.116,-0.092,-0.086,-0.005,-0.089,-0.039,-0.039,-0.385,-0.424,0.0,-0.089,-0.056,-0.033,-0.089,-0.056,-0.033,-0.179,0.026,-1.108,-0.058,-1.05,-0.36,-0.061,-0.299,-0.376,-0.033,-0.343,-0.314,0.003,-0.317,-0.204,-0.2,-0.001,-0.185,0.015,0.015,-1.484,0.0,-0.185,-0.182,-0.003,-0.185,-0.182,-0.003,-0.874,-0.227,-1.06,-0.424,-1.484,82,40,42
2349,Victor Alexander,2005,-1.135,-0.123,-1.012,-0.481,-0.246,-0.235,-0.519,-0.113,-0.406,-0.012,-0.004,-0.008,-0.389,-0.326,-0.061,-0.022,0.358,0.358,-1.546,-1.188,0.0,-0.022,-0.11,0.088,-0.022,-0.11,0.088,-0.198,-0.237,-0.119,0.037,-0.156,0.023,0.003,0.02,-0.479,-0.066,-0.413,0.3,0.0,0.3,-0.061,-0.056,-0.005,-0.205,0.087,0.087,-0.385,-0.298,0.0,-0.205,-0.051,-0.154,-0.205,-0.051,-0.154,0.164,0.024,-1.253,-0.086,-1.167,-0.458,-0.243,-0.215,-0.997,-0.179,-0.818,0.288,-0.004,0.292,-0.451,-0.382,-0.066,-0.227,0.444,0.444,-1.486,0.0,-0.227,-0.161,-0.066,-0.227,-0.161,-0.066,-0.034,-0.212,-1.188,-0.298,-1.486,375,188,187
1747,Rafer Alston,2005,-0.332,-0.154,-0.178,-0.23,-0.331,0.101,-0.714,0.353,-1.067,0.766,0.329,0.437,-0.149,-0.077,-0.071,0.834,-0.97,-0.97,0.353,-0.617,0.0,0.834,0.387,0.447,0.834,0.387,0.447,1.236,-0.348,-1.128,0.256,-1.384,-0.669,0.254,-0.923,-0.377,-0.038,-0.339,-0.338,-0.073,-0.265,-0.341,-0.135,-0.205,0.265,0.334,0.334,-1.204,-0.87,-0.0,0.265,0.027,0.238,0.265,0.027,0.238,-0.246,-0.182,-1.46,0.102,-1.562,-0.899,-0.077,-0.822,-1.091,0.315,-1.406,0.428,0.256,0.172,-0.49,-0.213,-0.277,1.098,-0.636,-0.636,-1.487,0.001,1.098,0.414,0.684,1.098,0.414,0.684,0.989,-0.53,-0.617,-0.87,-1.486,29469,14701,14768
702,Voshon Lenard,2005,0.213,-0.048,0.261,-0.095,-0.143,0.048,-0.355,0.231,-0.586,0.711,0.231,0.48,0.17,-0.037,0.206,0.747,-0.141,-0.141,1.13,0.989,0.0,0.747,0.505,0.242,0.747,0.505,0.242,1.204,-0.197,-1.499,-0.086,-1.413,-0.264,-0.157,-0.107,-0.913,-0.037,-0.876,-0.236,0.06,-0.296,-0.315,-0.346,0.031,-0.554,-0.108,-0.108,-2.368,-2.476,0.0,-0.554,-0.192,-0.362,-0.554,-0.192,-0.362,-1.387,-0.487,-1.285,-0.134,-1.151,-0.359,-0.3,-0.059,-1.268,0.194,-1.462,0.476,0.291,0.185,-0.146,-0.383,0.236,0.193,-0.249,-0.249,-1.487,0.0,0.193,0.313,-0.12,0.193,0.313,-0.12,-0.183,-0.683,0.989,-2.476,-1.487,37413,18719,18694
2758,David Harrison,2005,0.541,0.248,0.293,-0.378,-0.024,-0.354,0.428,-0.097,0.525,0.243,0.004,0.239,-0.741,-0.273,-0.466,-1.424,0.937,0.937,-1.624,-0.687,-0.0,-1.424,-0.426,-0.998,-1.424,-0.426,-0.998,0.322,-0.005,0.011,-0.067,0.078,0.038,0.1,-0.062,-0.304,0.032,-0.336,0.344,0.007,0.337,-0.126,-0.103,-0.021,-0.345,-0.347,-0.347,-0.46,-0.807,-0.0,-0.345,-0.089,-0.256,-0.345,-0.089,-0.256,-0.701,-0.086,0.554,0.181,0.373,-0.34,0.076,-0.416,0.125,-0.065,0.19,0.588,0.011,0.577,-0.867,-0.377,-0.487,-1.769,0.591,0.591,-1.494,-0.0,-1.769,-0.514,-1.255,-1.769,-0.514,-1.255,-0.379,-0.091,-0.687,-0.807,-1.494,2588,1296,1292
2852,Awvee Storey,2005,-0.929,-0.02,-0.909,-0.32,-0.111,-0.209,-0.462,-0.01,-0.452,-0.127,-0.0,-0.127,-0.085,-0.137,0.054,0.008,-0.038,-0.038,-1.006,-1.044,0.0,0.008,-0.022,0.03,0.008,-0.022,0.03,-1.151,-0.3,-0.056,0.105,-0.161,-0.001,0.023,-0.024,-0.108,-0.097,-0.011,-0.052,-0.001,-0.051,-0.173,-0.179,0.006,-0.154,-0.067,-0.067,-0.383,-0.45,0.0,-0.154,-0.061,-0.093,-0.154,-0.061,-0.093,-0.05,-0.047,-0.984,0.085,-1.069,-0.319,-0.087,-0.232,-0.571,-0.107,-0.464,-0.179,-0.002,-0.177,-0.258,-0.316,0.06,-0.145,-0.105,-0.105,-1.494,0.0,-0.145,-0.084,-0.061,-0.145,-0.084,-0.061,-1.2,-0.348,-1.044,-0.45,-1.494,134,64,70
82,Wennington,2005,-0.792,-0.061,-0.731,-0.258,-0.166,-0.092,-0.243,-0.052,-0.191,-0.23,-0.008,-0.222,-0.109,-0.099,-0.007,-0.066,-0.137,-0.137,-0.967,-1.104,0.0,-0.066,-0.121,0.055,-0.066,-0.121,0.055,-0.989,-0.255,-0.363,0.04,-0.403,-0.116,0.008,-0.124,-0.274,-0.063,-0.211,-0.013,-0.007,-0.006,-0.091,-0.062,-0.028,0.047,0.016,0.016,-0.407,-0.391,-0.0,0.047,-0.048,0.095,0.047,-0.048,0.095,-0.534,-0.134,-1.156,-0.021,-1.135,-0.374,-0.158,-0.216,-0.518,-0.116,-0.402,-0.243,-0.015,-0.228,-0.199,-0.161,-0.035,-0.019,-0.121,-0.121,-1.495,-0.001,-0.019,-0.169,0.15,-0.019,-0.169,0.15,-1.523,-0.388,-1.104,-0.391,-1.496,220,112,108
2748,Dorell Wright,2005,-0.571,-0.137,-0.434,-0.28,-0.169,-0.111,0.036,0.005,0.031,-0.19,0.019,-0.209,-0.177,-0.109,-0.066,-0.22,-0.238,-0.238,-0.968,-1.206,0.0,-0.22,-0.052,-0.168,-0.22,-0.052,-0.168,-0.405,-0.141,-0.083,0.043,-0.126,0.012,0.077,-0.065,-0.077,-0.047,-0.03,-0.061,-0.013,-0.048,-0.088,-0.113,0.024,-0.006,-0.114,-0.114,-0.177,-0.291,0.0,-0.006,0.002,-0.008,-0.006,0.002,-0.008,0.192,0.049,-0.653,-0.094,-0.559,-0.268,-0.092,-0.176,-0.041,-0.042,0.001,-0.25,0.006,-0.256,-0.266,-0.222,-0.042,-0.226,-0.352,-0.352,-1.497,-0.0,-0.226,-0.05,-0.176,-0.226,-0.05,-0.176,-0.213,-0.092,-1.206,-0.291,-1.497,113,58,55
1864,Steve Goodrich,2005,-0.871,-0.16,-0.711,-0.92,-0.172,-0.748,0.316,-0.048,0.364,-0.107,0.013,-0.12,-0.283,-0.253,-0.028,-0.201,0.211,0.211,-1.355,-1.144,0.0,-0.201,-0.036,-0.165,-0.201,-0.036,-0.165,-1.335,-0.567,-0.116,0.071,-0.187,-0.259,-0.006,-0.253,-0.003,-0.081,0.078,0.075,-0.008,0.083,0.021,-0.029,0.048,-0.123,-0.142,-0.142,-0.218,-0.36,0.0,-0.123,0.023,-0.146,-0.123,0.023,-0.146,-0.38,-0.103,-0.989,-0.089,-0.9,-1.18,-0.178,-1.002,0.312,-0.13,0.442,-0.032,0.005,-0.037,-0.261,-0.282,0.021,-0.324,0.069,0.069,-1.504,-0.001,-0.324,-0.013,-0.311,-0.324,-0.013,-0.311,-1.715,-0.67,-1.144,-0.36,-1.505,619,311,308
258,Brian Grant,2005,-1.275,0.37,-1.645,-0.928,-0.14,-0.788,0.316,-0.407,0.723,-1.033,-0.083,-0.95,-0.211,-0.597,0.381,-0.368,0.723,0.723,-1.854,-1.131,0.0,-0.368,-0.208,-0.16,-0.368,-0.208,-0.16,-0.779,-0.586,-0.91,-0.292,-0.618,0.173,0.395,-0.222,-0.421,0.269,-0.69,-0.37,-0.042,-0.328,0.197,0.244,-0.048,-0.165,0.503,0.503,-0.878,-0.375,0.0,-0.165,-0.293,0.128,-0.165,-0.293,0.128,-0.022,0.562,-2.185,0.078,-2.263,-0.755,0.255,-1.01,-0.105,-0.138,0.033,-1.403,-0.125,-1.278,-0.013,-0.354,0.334,-0.533,1.226,1.226,-1.506,0.0,-0.533,-0.502,-0.031,-0.533,-0.502,-0.031,-0.802,-0.023,-1.131,-0.375,-1.506,48023,23987,24036
2423,Chris Jefferies,2005,-0.254,-0.071,-0.183,-0.029,-0.128,0.099,-0.242,0.082,-0.324,0.088,0.036,0.052,-0.391,0.203,-0.594,-0.313,-0.681,-0.681,-0.958,-1.639,0.0,-0.313,-0.065,-0.248,-0.313,-0.065,-0.248,-1.169,0.277,-0.112,0.124,-0.236,0.164,-0.123,0.287,-0.393,-0.149,-0.244,-0.007,0.029,-0.036,-0.258,-0.383,0.125,0.235,0.259,0.259,-0.135,0.124,0.0,0.235,0.212,0.023,0.235,0.212,0.023,0.178,-0.217,-0.366,0.053,-0.419,0.136,-0.251,0.387,-0.635,-0.067,-0.568,0.08,0.064,0.016,-0.65,-0.18,-0.469,-0.078,-0.422,-0.422,-1.515,0.0,-0.078,0.147,-0.225,-0.078,0.147,-0.225,-0.991,0.059,-1.639,0.124,-1.515,3329,1660,1669
694,Sam Mack,2005,-0.523,-0.385,-0.138,-0.44,-0.179,-0.261,0.057,0.207,-0.15,0.245,0.113,0.132,0.014,0.145,-0.129,-0.506,-0.693,-0.693,-1.015,-1.708,0.0,-0.506,-0.078,-0.428,-0.506,-0.078,-0.428,-0.728,-0.501,0.247,0.228,0.019,-0.092,0.122,-0.214,-0.101,-0.072,-0.029,0.212,0.006,0.206,-0.319,-0.275,-0.043,0.488,-0.223,-0.223,0.416,0.193,0.0,0.488,0.354,0.134,0.488,0.354,0.134,0.528,0.079,-0.276,-0.157,-0.119,-0.532,-0.058,-0.474,-0.044,0.135,-0.179,0.457,0.119,0.338,-0.305,-0.13,-0.172,-0.018,-0.917,-0.917,-1.515,-0.001,-0.018,0.276,-0.294,-0.018,0.276,-0.294,-0.199,-0.421,-1.708,0.193,-1.516,1968,991,977
998,Mark Pope,2005,-0.079,-0.414,0.335,-0.238,-0.309,0.071,0.961,-0.174,1.135,-0.388,0.08,-0.468,-1.495,-0.975,-0.52,0.635,-1.099,-1.099,-0.939,-2.038,0.0,0.635,0.161,0.474,0.635,0.161,0.474,-0.232,-0.619,0.368,0.125,0.243,-0.102,-0.086,-0.016,-0.125,-0.007,-0.118,0.47,0.008,0.462,0.235,0.217,0.018,-0.208,0.125,0.125,0.395,0.52,0.0,-0.208,-0.156,-0.052,-0.208,-0.156,-0.052,0.462,0.001,0.289,-0.289,0.578,-0.339,-0.394,0.055,0.836,-0.181,1.017,0.081,0.088,-0.007,-1.26,-0.758,-0.502,0.427,-0.975,-0.975,-1.518,0.0,0.427,0.005,0.422,0.427,0.005,0.422,0.23,-0.618,-2.038,0.52,-1.518,5559,2769,2790
2734,Devin Harris,2005,-0.224,-0.358,0.134,-0.165,-0.022,-0.143,0.398,0.288,0.11,-0.099,0.141,-0.24,0.126,0.109,0.017,-0.599,-0.983,-0.983,-0.697,-1.68,0.0,-0.599,-0.357,-0.242,-0.599,-0.357,-0.242,-0.682,-0.606,-0.093,0.185,-0.278,-0.127,-0.018,-0.109,-0.499,-0.065,-0.434,0.348,0.06,0.288,-0.615,-0.421,-0.19,0.898,-0.038,-0.038,0.19,0.152,-0.0,0.898,0.693,0.205,0.898,0.693,0.205,1.019,0.133,-0.317,-0.173,-0.144,-0.292,-0.04,-0.252,-0.101,0.223,-0.324,0.249,0.201,0.048,-0.488,-0.311,-0.174,0.3,-1.021,-1.021,-1.528,-0.0,0.3,0.336,-0.036,0.3,0.336,-0.036,0.337,-0.473,-1.68,0.152,-1.528,4932,2454,2478
2584,Willie Green,2005,-1.667,-0.087,-1.58,-0.813,-0.1,-0.713,-1.239,0.115,-1.354,0.472,0.011,0.461,0.271,0.554,-0.283,0.221,-0.312,-0.312,-1.175,-1.487,-0.0,0.221,0.316,-0.095,0.221,0.316,-0.095,-2.669,-0.786,0.368,0.265,0.103,0.427,-0.009,0.436,-0.227,-0.254,0.027,-0.097,-0.05,-0.047,-0.482,-0.466,-0.014,-0.004,0.072,0.072,-0.118,-0.046,0.0,-0.004,0.07,-0.074,-0.004,0.07,-0.074,-0.165,-0.055,-1.298,0.178,-1.476,-0.386,-0.109,-0.277,-1.466,-0.139,-1.327,0.376,-0.039,0.415,-0.212,0.088,-0.297,0.217,-0.24,-0.24,-1.533,0.0,0.217,0.387,-0.17,0.217,0.387,-0.17,-2.833,-0.842,-1.487,-0.046,-1.533,7305,3631,3674
384,Calbert Cheaney,2005,-0.064,0.07,-0.134,0.458,-0.188,0.646,0.009,-0.513,0.522,-0.601,-0.182,-0.419,-0.822,-0.457,-0.365,0.357,-0.569,-0.569,-0.529,-1.098,-0.0,0.357,0.131,0.226,0.357,0.131,0.226,0.811,-0.035,-0.527,-0.013,-0.514,-0.663,-0.016,-0.647,-0.063,0.056,-0.119,0.212,0.047,0.165,0.016,-0.164,0.179,0.273,-0.199,-0.199,-0.238,-0.437,0.0,0.273,0.094,0.179,0.273,0.094,0.179,0.278,0.006,-0.591,0.057,-0.648,-0.205,-0.204,-0.001,-0.054,-0.457,0.403,-0.389,-0.135,-0.254,-0.806,-0.622,-0.186,0.631,-0.768,-0.768,-1.535,0.001,0.631,0.224,0.407,0.631,0.224,0.407,1.088,-0.029,-1.098,-0.437,-1.534,31898,15914,15984
1722,Michael Dickerson,2005,-0.033,-0.252,0.219,0.012,-0.133,0.145,0.082,0.076,0.006,0.125,0.023,0.102,0.632,0.349,0.286,-0.584,-0.614,-0.614,0.015,-0.599,0.0,-0.584,-0.149,-0.435,-0.584,-0.149,-0.435,-1.792,-0.51,-0.232,0.12,-0.352,-0.706,-0.051,-0.655,0.044,-0.04,0.084,0.31,-0.003,0.313,-0.21,-0.248,0.036,-0.264,-0.25,-0.25,-0.706,-0.956,0.0,-0.264,-0.141,-0.123,-0.264,-0.141,-0.123,-0.178,-0.366,-0.266,-0.132,-0.134,-0.694,-0.184,-0.51,0.126,0.036,0.09,0.434,0.019,0.415,0.422,0.101,0.323,-0.848,-0.864,-0.864,-1.555,0.0,-0.848,-0.29,-0.558,-0.848,-0.29,-0.558,-1.97,-0.876,-0.599,-0.956,-1.555,22787,11394,11393
2775,Ha Ha,2005,-0.589,-0.231,-0.358,-0.069,-0.111,0.042,-0.208,-0.02,-0.188,-0.081,-0.01,-0.071,-0.283,-0.197,-0.084,-0.418,0.09,0.09,-1.29,-1.2,-0.0,-0.418,-0.144,-0.274,-0.418,-0.144,-0.274,-0.917,0.004,-0.038,0.042,-0.08,-0.008,0.05,-0.058,-0.077,-0.074,-0.003,0.005,-0.016,0.021,-0.217,-0.177,-0.038,-0.005,-0.095,-0.095,-0.26,-0.355,0.0,-0.005,-0.05,0.045,-0.005,-0.05,0.045,-0.153,-0.008,-0.629,-0.189,-0.44,-0.078,-0.062,-0.016,-0.285,-0.094,-0.191,-0.077,-0.026,-0.051,-0.5,-0.375,-0.122,-0.424,-0.005,-0.005,-1.555,-0.0,-0.424,-0.194,-0.23,-0.424,-0.194,-0.23,-1.07,-0.004,-1.2,-0.355,-1.555,395,198,197
2264,Alvin Jones,2005,-0.492,-0.242,-0.25,-0.524,-0.154,-0.37,0.236,0.004,0.232,0.038,-0.001,0.039,-0.228,-0.135,-0.091,-0.474,0.26,0.26,-1.194,-0.934,-0.0,-0.474,-0.337,-0.137,-0.474,-0.337,-0.137,-0.856,-0.268,-0.213,0.101,-0.314,0.053,-0.018,0.071,-0.276,-0.113,-0.163,-0.091,0.011,-0.102,-0.163,-0.24,0.075,-0.041,-0.21,-0.21,-0.417,-0.627,0.0,-0.041,-0.113,0.072,-0.041,-0.113,0.072,-0.524,-0.137,-0.702,-0.141,-0.561,-0.469,-0.171,-0.298,-0.04,-0.109,0.069,-0.052,0.01,-0.062,-0.39,-0.375,-0.016,-0.514,0.05,0.05,-1.561,-0.001,-0.514,-0.449,-0.065,-0.514,-0.449,-0.065,-1.38,-0.405,-0.934,-0.627,-1.562,463,228,235
2306,Carlos Arroyo,2005,-0.704,-0.162,-0.542,0.395,0.275,0.12,-0.26,-0.081,-0.179,-0.677,-0.203,-0.474,0.079,0.117,-0.037,0.597,0.557,0.557,-0.028,0.529,0.0,0.597,0.572,0.025,0.597,0.572,0.025,-0.428,0.454,-1.16,0.161,-1.321,-0.479,-0.143,-0.336,-0.769,-0.201,-0.568,-0.073,0.039,-0.112,-0.611,-0.519,-0.09,-0.109,-0.23,-0.23,-1.88,-2.11,0.0,-0.109,0.006,-0.115,-0.109,0.006,-0.115,-0.608,-0.423,-1.864,-0.001,-1.863,-0.084,0.132,-0.216,-1.029,-0.282,-0.747,-0.75,-0.164,-0.586,-0.532,-0.402,-0.127,0.488,0.327,0.327,-1.581,0.0,0.488,0.577,-0.089,0.488,0.577,-0.089,-1.037,0.031,0.529,-2.11,-1.581,15616,7816,7800
2031,Stromile Swift,2005,0.177,0.206,-0.029,0.465,0.265,0.2,0.191,-0.102,0.293,-0.685,-0.185,-0.5,-0.056,0.407,-0.465,-0.881,0.127,0.127,-0.76,-0.633,0.0,-0.881,-0.641,-0.24,-0.881,-0.641,-0.24,0.202,0.629,0.161,-0.012,0.173,0.242,0.015,0.227,0.113,-0.021,0.134,-0.182,-0.011,-0.171,-0.084,-0.111,0.026,0.056,-1.092,-1.092,0.133,-0.959,0.0,0.056,0.097,-0.041,0.056,0.097,-0.041,-0.694,0.117,0.336,0.194,0.142,0.706,0.28,0.426,0.303,-0.123,0.426,-0.867,-0.196,-0.671,-0.14,0.296,-0.439,-0.825,-0.965,-0.965,-1.592,0.0,-0.825,-0.544,-0.281,-0.825,-0.544,-0.281,-0.491,0.746,-0.633,-0.959,-1.592,28532,14233,14299
128,David Benoit,2005,-0.005,-0.167,0.162,0.585,-0.095,0.68,-0.659,0.044,-0.703,0.236,-0.029,0.265,0.362,0.079,0.284,-0.234,-1.091,-1.091,0.123,-0.968,0.0,-0.234,0.006,-0.24,-0.234,0.006,-0.24,-0.485,0.175,-0.215,0.106,-0.321,0.207,0.158,0.049,-0.514,-0.132,-0.382,-0.014,-0.023,0.009,-0.602,-0.498,-0.101,-0.294,0.484,0.484,-1.111,-0.627,0.0,-0.294,-0.169,-0.125,-0.294,-0.169,-0.125,0.464,0.294,-0.22,-0.061,-0.159,0.792,0.063,0.729,-1.173,-0.088,-1.085,0.222,-0.051,0.273,-0.24,-0.418,0.183,-0.528,-0.607,-0.607,-1.595,-0.001,-0.528,-0.163,-0.365,-0.528,-0.163,-0.365,-0.021,0.469,-0.968,-0.627,-1.596,1928,967,961
2825,Ibrahim Kutluay,2005,-0.912,-0.169,-0.743,-0.42,-0.145,-0.275,-0.22,0.009,-0.229,-0.103,0.006,-0.109,-0.147,-0.122,-0.022,-0.16,-0.082,-0.082,-1.219,-1.301,0.0,-0.16,-0.102,-0.058,-0.16,-0.102,-0.058,-0.71,-0.258,-0.128,0.05,-0.178,-0.01,0.064,-0.074,-0.098,-0.051,-0.047,-0.07,-0.011,-0.059,-0.088,-0.077,-0.011,-0.051,-0.03,-0.03,-0.267,-0.297,0.0,-0.051,-0.031,-0.02,-0.051,-0.031,-0.02,-0.149,-0.001,-1.038,-0.119,-0.919,-0.429,-0.081,-0.348,-0.316,-0.041,-0.275,-0.174,-0.005,-0.169,-0.235,-0.2,-0.033,-0.212,-0.112,-0.112,-1.598,-0.001,-0.212,-0.133,-0.079,-0.212,-0.133,-0.079,-0.858,-0.259,-1.301,-0.297,-1.599,19,10,9
956,Erick Dampier,2005,-1.507,0.2,-1.707,-0.029,0.056,-0.085,-1.335,-0.361,-0.974,-0.343,-0.237,-0.106,-0.436,0.177,-0.614,-1.876,0.744,0.744,-3.819,-3.075,0.0,-1.876,-0.925,-0.951,-1.876,-0.925,-0.951,-2.307,0.015,0.999,-0.218,1.217,0.933,0.247,0.686,0.143,0.448,-0.305,0.141,0.039,0.102,0.731,0.874,-0.143,-0.874,0.616,0.616,0.856,1.472,0.0,-0.874,-0.329,-0.545,-0.874,-0.329,-0.545,-0.693,0.642,-0.507,-0.018,-0.489,0.904,0.303,0.601,-1.192,0.087,-1.279,-0.201,-0.197,-0.004,0.294,1.051,-0.757,-2.749,1.361,1.361,-1.603,0.001,-2.749,-1.254,-1.495,-2.749,-1.254,-1.495,-2.999,0.656,-3.075,1.472,-1.602,36363,18134,18229
2143,Pepe Sanchez,2005,-0.754,-0.19,-0.564,-0.054,-0.158,0.104,0.134,0.052,0.082,-0.644,0.032,-0.676,-0.001,-0.067,0.067,0.022,-0.512,-0.512,-0.733,-1.245,0.0,0.022,-0.022,0.044,0.022,-0.022,0.044,0.485,0.036,-0.432,0.209,-0.641,-0.179,0.089,-0.268,-0.24,-0.056,-0.184,-0.222,0.005,-0.227,-0.053,-0.146,0.09,-0.1,0.215,0.215,-0.585,-0.37,0.0,-0.1,-0.125,0.025,-0.1,-0.125,0.025,-0.504,-0.178,-1.187,0.019,-1.206,-0.233,-0.069,-0.164,-0.106,-0.004,-0.102,-0.867,0.037,-0.904,-0.055,-0.213,0.157,-0.077,-0.296,-0.296,-1.615,0.0,-0.077,-0.147,0.07,-0.077,-0.147,0.07,-0.018,-0.143,-1.245,-0.37,-1.615,692,347,345
1514,Paul Grant,2005,-0.782,-0.112,-0.67,-0.369,-0.204,-0.165,0.069,-0.048,0.117,-0.37,0.006,-0.376,-0.078,-0.096,0.021,-0.261,-0.344,-0.344,-1.121,-1.465,-0.0,-0.261,-0.187,-0.074,-0.261,-0.187,-0.074,-0.357,-0.201,-0.142,0.09,-0.232,0.026,0.057,-0.031,-0.28,-0.072,-0.208,0.022,-0.01,0.032,-0.129,-0.105,-0.023,0.03,0.082,0.082,-0.241,-0.159,0.0,0.03,-0.019,0.049,0.03,-0.019,0.049,-0.035,-0.032,-0.924,-0.022,-0.902,-0.344,-0.148,-0.196,-0.21,-0.119,-0.091,-0.348,-0.003,-0.345,-0.207,-0.201,-0.002,-0.231,-0.263,-0.263,-1.624,-0.0,-0.231,-0.206,-0.025,-0.231,-0.206,-0.025,-0.393,-0.232,-1.465,-0.159,-1.624,354,177,177
1942,Harold Jamison,2005,-1.078,-0.033,-1.045,-0.328,0.072,-0.4,-0.232,0.049,-0.281,-0.485,-0.022,-0.463,-0.43,-0.182,-0.245,0.039,0.571,0.571,-1.469,-0.898,0.0,0.039,0.067,-0.028,0.039,0.067,-0.028,-1.73,0.148,-0.155,0.168,-0.323,0.036,0.074,-0.038,-0.132,-0.127,-0.005,-0.227,-0.014,-0.213,-0.228,-0.282,0.052,-0.031,-0.338,-0.338,-0.414,-0.752,0.0,-0.031,-0.051,0.02,-0.031,-0.051,0.02,-0.663,-0.214,-1.234,0.135,-1.369,-0.292,0.146,-0.438,-0.364,-0.078,-0.286,-0.713,-0.036,-0.677,-0.658,-0.464,-0.194,0.008,0.233,0.233,-1.65,0.0,0.008,0.016,-0.008,0.008,0.016,-0.008,-2.392,-0.066,-0.898,-0.752,-1.65,950,475,475
133,David Wesley,2005,-1.839,-0.237,-1.602,-1.336,-0.376,-0.96,-0.079,-0.019,-0.06,-0.187,0.07,-0.257,0.349,0.013,0.333,0.63,-0.031,-0.031,-0.86,-0.891,0.0,0.63,0.267,0.363,0.63,0.267,0.363,1.469,-1.014,-0.45,-0.123,-0.327,0.256,0.007,0.249,-0.221,-0.038,-0.183,-0.362,-0.023,-0.339,-0.142,-0.146,0.006,-0.401,0.234,0.234,-0.993,-0.759,0.0,-0.401,-0.165,-0.236,-0.401,-0.165,-0.236,-1.566,0.028,-2.289,-0.36,-1.929,-1.079,-0.369,-0.71,-0.3,-0.057,-0.243,-0.55,0.047,-0.597,0.207,-0.133,0.339,0.228,0.203,0.203,-1.65,0.0,0.228,0.102,0.126,0.228,0.102,0.126,-0.097,-0.986,-0.891,-0.759,-1.65,64687,32221,32466
1499,Tony Battie,2005,-2.13,0.153,-2.283,-0.296,-0.305,0.009,-1.256,-0.524,-0.732,-0.731,-0.067,-0.664,-0.682,-0.767,0.084,-0.698,0.053,0.053,-3.51,-3.457,0.0,-0.698,-0.15,-0.548,-0.698,-0.15,-0.548,-0.496,-0.644,1.555,-0.17,1.725,1.011,0.498,0.513,0.451,0.242,0.209,0.263,-0.081,0.344,0.38,0.168,0.211,-0.27,0.142,0.142,1.665,1.807,0.0,-0.27,-0.054,-0.216,-0.27,-0.054,-0.216,-0.302,0.864,-0.575,-0.017,-0.558,0.715,0.193,0.522,-0.805,-0.282,-0.523,-0.468,-0.148,-0.32,-0.302,-0.599,0.296,-0.968,0.195,0.195,-1.65,0.0,-0.968,-0.205,-0.763,-0.968,-0.205,-0.763,-0.798,0.22,-3.457,1.807,-1.65,37804,18877,18927
1956,Ira Newble,2005,-0.349,0.012,-0.361,0.063,0.149,-0.086,-0.21,-0.121,-0.089,-0.214,-0.108,-0.106,-0.151,-0.219,0.068,-0.501,-0.151,-0.151,-1.001,-1.152,0.0,-0.501,-0.673,0.172,-0.501,-0.673,0.172,0.009,0.202,-0.283,-0.023,-0.26,0.106,-0.164,0.27,0.163,-0.023,0.186,-0.529,0.019,-0.548,0.293,0.195,0.098,-0.502,-0.009,-0.009,-0.492,-0.501,0.0,-0.502,0.301,-0.803,-0.502,0.301,-0.803,0.331,-0.132,-0.631,-0.011,-0.62,0.17,-0.014,0.184,-0.047,-0.144,0.097,-0.743,-0.089,-0.654,0.143,-0.024,0.166,-1.003,-0.16,-0.16,-1.653,0.0,-1.003,-0.372,-0.631,-1.003,-0.372,-0.631,0.34,0.07,-1.152,-0.501,-1.653,24314,12127,12187
386,Elliot Perry,2005,-1.268,-0.18,-1.088,-0.123,-0.249,0.126,0.043,-0.411,0.454,-1.008,-0.198,-0.81,-0.004,0.163,-0.165,0.099,-0.629,-0.629,-1.173,-1.802,0.0,0.099,-0.13,0.229,0.099,-0.13,0.229,-2.03,-0.29,-0.187,0.233,-0.42,0.039,-0.347,0.386,-0.213,-0.194,-0.019,-0.246,0.041,-0.287,-0.075,0.019,-0.092,0.143,0.268,0.268,-0.119,0.149,0.0,0.143,0.313,-0.17,0.143,0.313,-0.17,-0.175,-0.191,-1.455,0.053,-1.508,-0.084,-0.596,0.512,-0.17,-0.605,0.435,-1.254,-0.157,-1.097,-0.079,0.182,-0.257,0.242,-0.362,-0.362,-1.653,0.0,0.242,0.183,0.059,0.242,0.183,0.059,-2.205,-0.481,-1.802,0.149,-1.653,5338,2664,2674
2739,Luke Jackson,2005,-1.14,-0.257,-0.883,-0.376,-0.204,-0.172,-0.517,-0.001,-0.516,0.01,0.014,-0.004,-0.085,-0.063,-0.02,0.146,-0.185,-0.185,-1.079,-1.264,0.0,0.146,0.008,0.138,0.146,0.008,0.138,-0.49,-0.268,-0.033,0.096,-0.129,-0.063,0.05,-0.113,-0.055,-0.061,0.006,-0.011,0.003,-0.014,-0.13,-0.115,-0.015,-0.068,-0.16,-0.16,-0.231,-0.391,0.0,-0.068,-0.037,-0.031,-0.068,-0.037,-0.031,-0.061,-0.051,-1.173,-0.161,-1.012,-0.44,-0.155,-0.285,-0.572,-0.062,-0.51,0.0,0.017,-0.017,-0.215,-0.178,-0.035,0.078,-0.345,-0.345,-1.655,0.0,0.078,-0.029,0.107,0.078,-0.029,0.107,-0.551,-0.319,-1.264,-0.391,-1.655,169,85,84
2599,Brandon Hunter,2005,-1.024,0.2,-1.224,-0.489,0.171,-0.66,0.164,0.011,0.153,-0.899,-0.064,-0.835,-0.675,0.03,-0.703,-0.708,0.833,0.833,-2.407,-1.574,0.0,-0.708,0.134,-0.842,-0.708,0.134,-0.842,-2.467,-0.121,-0.08,0.3,-0.38,-0.213,0.108,-0.321,-0.08,-0.095,0.015,-0.087,-0.031,-0.056,-0.288,-0.233,-0.052,-0.024,0.299,0.299,-0.392,-0.093,0.0,-0.024,0.154,-0.178,-0.024,0.154,-0.178,-0.078,-0.007,-1.105,0.5,-1.605,-0.702,0.279,-0.981,0.084,-0.084,0.168,-0.987,-0.096,-0.891,-0.962,-0.203,-0.756,-0.732,1.132,1.132,-1.667,0.0,-0.732,0.288,-1.02,-0.732,0.288,-1.02,-2.545,-0.128,-1.574,-0.093,-1.667,2509,1241,1268
2421,Frank Williams,2005,-0.843,-0.323,-0.52,0.49,0.046,0.444,-1.327,0.211,-1.538,0.317,0.095,0.222,-0.331,-0.508,0.176,-0.295,-0.317,-0.317,-1.469,-1.786,-0.0,-0.295,-0.214,-0.081,-0.295,-0.214,-0.081,-0.15,-0.163,0.59,0.212,0.378,0.003,0.081,-0.078,0.469,-0.101,0.57,-0.094,0.005,-0.099,-0.197,-0.294,0.098,-0.047,-0.23,-0.23,0.346,0.116,0.0,-0.047,0.03,-0.077,-0.047,0.03,-0.077,0.723,0.25,-0.257,-0.111,-0.146,0.492,0.126,0.366,-0.859,0.109,-0.968,0.221,0.099,0.122,-0.528,-0.802,0.274,-0.342,-0.547,-0.547,-1.67,0.0,-0.342,-0.183,-0.159,-0.342,-0.183,-0.159,0.573,0.087,-1.786,0.116,-1.67,3747,1867,1880
914,Roberts,2005,-1.036,-0.056,-0.98,-0.441,-0.173,-0.268,-0.353,-0.074,-0.279,-0.186,-0.02,-0.166,-0.092,-0.042,-0.048,-0.038,-0.163,-0.163,-1.166,-1.329,0.0,-0.038,-0.011,-0.027,-0.038,-0.011,-0.027,-0.743,-0.244,-0.287,0.061,-0.348,-0.187,0.056,-0.243,-0.133,-0.06,-0.073,-0.028,-0.01,-0.018,-0.095,-0.084,-0.011,-0.076,0.116,0.116,-0.458,-0.342,0.0,-0.076,-0.051,-0.025,-0.076,-0.051,-0.025,-0.437,-0.057,-1.323,0.005,-1.328,-0.629,-0.118,-0.511,-0.486,-0.134,-0.352,-0.213,-0.03,-0.183,-0.187,-0.126,-0.059,-0.113,-0.047,-0.047,-1.671,0.0,-0.113,-0.062,-0.051,-0.113,-0.062,-0.051,-1.18,-0.301,-1.329,-0.342,-1.671,189,93,96
2056,Primoz Brezec,2005,-1.597,-0.012,-1.585,-0.014,-0.073,0.059,-1.098,-0.363,-0.735,-0.473,-0.148,-0.325,-0.409,-0.352,-0.057,-0.943,2.036,2.036,-2.949,-0.913,-0.0,-0.943,-0.526,-0.417,-0.943,-0.526,-0.417,0.381,0.23,-0.683,0.054,-0.737,0.178,-0.267,0.445,-0.244,-0.111,-0.133,-0.671,0.052,-0.723,0.021,0.0,0.021,-0.047,-0.05,-0.05,-0.709,-0.759,0.0,-0.047,-0.318,0.271,-0.047,-0.318,0.271,-0.034,-0.422,-2.28,0.042,-2.322,0.164,-0.34,0.504,-1.342,-0.474,-0.868,-1.144,-0.096,-1.048,-0.387,-0.352,-0.036,-0.99,1.986,1.986,-1.672,0.0,-0.99,-0.843,-0.147,-0.99,-0.843,-0.147,0.347,-0.191,-0.913,-0.759,-1.672,10059,5044,5015
2563,Dahntay Jones,2005,-1.595,-0.235,-1.36,-1.078,-0.066,-1.012,-0.051,0.203,-0.254,-0.231,0.024,-0.255,0.033,0.319,-0.285,0.353,0.249,0.249,-1.209,-0.96,0.0,0.353,0.323,0.03,0.353,0.323,0.03,-1.532,-0.436,0.346,0.085,0.261,0.83,0.094,0.736,-0.486,-0.111,-0.375,-0.083,0.005,-0.088,-0.515,-0.546,0.032,0.17,-0.723,-0.723,0.001,-0.722,0.0,0.17,0.016,0.154,0.17,0.016,0.154,0.229,0.237,-1.248,-0.15,-1.098,-0.247,0.028,-0.275,-0.538,0.091,-0.629,-0.313,0.029,-0.342,-0.482,-0.227,-0.253,0.523,-0.474,-0.474,-1.682,0.0,0.523,0.339,0.184,0.523,0.339,0.184,-1.303,-0.199,-0.96,-0.722,-1.682,3145,1570,1575
1515,Anthony Parker,2005,-1.066,0.019,-1.085,-0.467,-0.163,-0.304,0.067,-0.102,0.169,-0.685,-0.02,-0.665,-0.02,-0.174,0.157,-0.364,0.206,0.206,-1.45,-1.244,0.0,-0.364,0.128,-0.492,-0.364,0.128,-0.492,-0.403,-0.085,0.162,0.17,-0.008,-0.007,0.069,-0.076,0.023,-0.053,0.076,-0.024,0.012,-0.036,-0.24,-0.189,-0.049,-0.131,-0.231,-0.231,-0.209,-0.44,0.0,-0.131,-0.076,-0.055,-0.131,-0.076,-0.055,-0.019,0.004,-0.904,0.189,-1.093,-0.474,-0.094,-0.38,0.09,-0.155,0.245,-0.709,-0.008,-0.701,-0.259,-0.363,0.108,-0.495,-0.025,-0.025,-1.684,0.0,-0.495,0.052,-0.547,-0.495,0.052,-0.547,-0.423,-0.081,-1.244,-0.44,-1.684,761,378,383
1531,Marc Jackson,2005,-1.317,0.101,-1.418,-0.955,-0.222,-0.733,-0.176,-0.301,0.125,-0.287,-0.094,-0.193,0.196,-0.269,0.462,-0.836,0.765,0.765,-1.957,-1.192,-0.0,-0.836,-0.307,-0.529,-0.836,-0.307,-0.529,-1.375,-0.501,-0.981,0.051,-1.032,-0.578,0.127,-0.705,-0.256,0.065,-0.321,-0.198,-0.091,-0.107,0.49,0.54,-0.048,-0.181,0.177,0.177,-0.672,-0.495,-0.0,-0.181,-0.121,-0.06,-0.181,-0.121,-0.06,-2.829,-0.372,-2.298,0.152,-2.45,-1.533,-0.095,-1.438,-0.432,-0.236,-0.196,-0.485,-0.185,-0.3,0.686,0.271,0.413,-1.017,0.941,0.941,-1.687,-0.0,-1.017,-0.428,-0.589,-1.017,-0.428,-0.589,-4.205,-0.873,-1.192,-0.495,-1.687,22004,11004,11000
2079,Kaniel Dickens,2005,-0.832,-0.051,-0.781,-0.414,-0.224,-0.19,-0.14,0.022,-0.162,-0.227,0.05,-0.277,-0.094,-0.027,-0.064,-0.134,-0.039,-0.039,-1.06,-1.099,0.0,-0.134,0.09,-0.224,-0.134,0.09,-0.224,-0.839,-0.388,-0.411,0.079,-0.49,-0.046,0.047,-0.093,-0.448,-0.072,-0.376,0.004,-0.008,0.012,-0.064,-0.11,0.044,-0.164,0.047,0.047,-0.639,-0.592,0.0,-0.164,-0.087,-0.077,-0.164,-0.087,-0.077,-0.267,-0.056,-1.242,0.028,-1.27,-0.46,-0.177,-0.283,-0.588,-0.05,-0.538,-0.222,0.043,-0.265,-0.158,-0.137,-0.02,-0.298,0.008,0.008,-1.691,-0.001,-0.298,0.003,-0.301,-0.298,0.003,-0.301,-1.106,-0.444,-1.099,-0.592,-1.692,244,122,122
182,Billy Owens,2005,-3.102,0.106,-3.208,-0.923,-0.306,-0.617,-1.89,-0.417,-1.473,-0.395,-0.122,-0.273,-0.599,0.085,-0.681,-0.076,1.191,1.191,-3.777,-2.586,-0.0,-0.076,-0.012,-0.064,-0.076,-0.012,-0.064,-2.513,-0.561,1.283,0.055,1.228,-0.156,-0.056,-0.1,1.296,-0.111,1.407,0.088,0.002,0.086,-0.167,-0.281,0.113,0.067,-0.296,-0.296,1.183,0.887,0.0,0.067,-0.323,0.39,0.067,-0.323,0.39,1.134,-0.205,-1.819,0.161,-1.98,-1.079,-0.361,-0.718,-0.593,-0.527,-0.066,-0.308,-0.12,-0.188,-0.766,-0.196,-0.568,-0.009,0.895,0.895,-1.699,-0.0,-0.009,-0.336,0.327,-0.009,-0.336,0.327,-1.379,-0.766,-2.586,0.887,-1.699,8418,4195,4223
1926,Robertson,2005,-1.066,-0.059,-1.007,-0.427,-0.172,-0.255,-0.615,-0.04,-0.575,0.035,0.006,0.029,-0.166,-0.145,-0.019,-0.213,0.08,0.08,-1.445,-1.365,0.0,-0.213,-0.108,-0.105,-0.213,-0.108,-0.105,-0.935,-0.343,-0.241,0.052,-0.293,-0.006,0.028,-0.034,-0.253,-0.056,-0.197,-0.034,-0.002,-0.032,-0.068,-0.057,-0.011,-0.02,-0.01,-0.01,-0.329,-0.339,0.0,-0.02,-0.046,0.026,-0.02,-0.046,0.026,-0.333,-0.064,-1.307,-0.007,-1.3,-0.434,-0.144,-0.29,-0.867,-0.096,-0.771,0.001,0.004,-0.003,-0.235,-0.202,-0.03,-0.233,0.07,0.07,-1.704,0.0,-0.233,-0.154,-0.079,-0.233,-0.154,-0.079,-1.268,-0.406,-1.365,-0.339,-1.704,90,45,45
1732,Felipe Lopez,2005,-1.121,-0.212,-0.909,0.448,0.565,-0.117,-1.068,0.341,-1.409,-0.289,-0.1,-0.189,0.165,0.607,-0.441,-0.901,0.432,0.432,-1.857,-1.425,0.0,-0.901,-0.401,-0.5,-0.901,-0.401,-0.5,-2.895,0.268,0.356,0.225,0.131,-0.484,-0.202,-0.282,0.416,-0.173,0.589,0.199,0.02,0.179,-0.176,-0.222,0.046,0.28,-0.742,-0.742,0.46,-0.282,0.0,0.28,-0.254,0.534,0.28,-0.254,0.534,0.503,-0.156,-0.765,0.013,-0.778,-0.036,0.363,-0.399,-0.652,0.168,-0.82,-0.09,-0.08,-0.01,-0.011,0.386,-0.395,-0.62,-0.31,-0.31,-1.707,0.0,-0.62,-0.655,0.035,-0.62,-0.655,0.035,-2.392,0.112,-1.425,-0.282,-1.707,11500,5722,5778
1518,Rhodes,2005,-0.974,-0.092,-0.882,-0.396,-0.139,-0.257,-0.25,0.007,-0.257,-0.236,0.016,-0.252,-0.161,-0.143,-0.016,-0.13,-0.038,-0.038,-1.265,-1.303,0.0,-0.13,-0.123,-0.007,-0.13,-0.123,-0.007,-0.782,-0.237,-0.247,0.048,-0.295,-0.109,0.038,-0.147,-0.14,-0.066,-0.074,-0.046,-0.01,-0.036,-0.099,-0.087,-0.012,-0.048,-0.012,-0.012,-0.394,-0.406,-0.0,-0.048,0.006,-0.054,-0.048,0.006,-0.054,-0.155,-0.013,-1.22,-0.044,-1.176,-0.505,-0.101,-0.404,-0.39,-0.059,-0.331,-0.281,0.006,-0.287,-0.26,-0.23,-0.027,-0.178,-0.051,-0.051,-1.709,0.001,-0.178,-0.117,-0.061,-0.178,-0.117,-0.061,-0.937,-0.25,-1.303,-0.406,-1.708,32,16,16
436,Juwan Howard,2005,0.403,0.156,0.247,-0.406,-0.24,-0.166,0.233,-0.366,0.599,0.42,-0.112,0.532,0.203,0.08,0.123,-0.626,-0.226,-0.226,-0.02,-0.246,-0.0,-0.626,-0.186,-0.44,-0.626,-0.186,-0.44,0.006,-0.5,-1.689,-0.108,-1.581,-0.985,-0.28,-0.705,-0.057,-0.121,0.064,-0.539,0.032,-0.571,-0.311,-0.216,-0.099,-0.472,1.009,1.009,-2.472,-1.463,0.0,-0.472,-0.231,-0.241,-0.472,-0.231,-0.241,-1.777,-0.711,-1.286,0.048,-1.334,-1.391,-0.52,-0.871,0.176,-0.487,0.663,-0.119,-0.08,-0.039,-0.108,-0.136,0.024,-1.097,0.784,0.784,-1.709,0.0,-1.097,-0.417,-0.68,-1.097,-0.417,-0.68,-1.771,-1.211,-0.246,-1.463,-1.709,61090,30548,30542
2763,Lionel Chalmers,2005,-0.922,-0.208,-0.714,-1.161,-0.054,-1.107,0.478,0.135,0.343,-0.031,0.05,-0.081,-0.494,-0.23,-0.262,0.187,-0.073,-0.073,-1.229,-1.302,-0.0,0.187,-0.023,0.21,0.187,-0.023,0.21,-1.014,-0.54,0.066,0.129,-0.063,0.105,-0.042,0.147,-0.073,-0.075,0.002,-0.095,0.003,-0.098,0.011,0.061,-0.049,-0.065,-0.442,-0.442,0.012,-0.43,0.0,-0.065,-0.093,0.028,-0.065,-0.093,0.028,-0.406,-0.193,-0.856,-0.079,-0.777,-1.057,-0.096,-0.961,0.406,0.061,0.345,-0.126,0.053,-0.179,-0.483,-0.169,-0.311,0.122,-0.515,-0.515,-1.732,0.001,0.122,-0.117,0.239,0.122,-0.117,0.239,-1.42,-0.733,-1.302,-0.43,-1.731,1513,752,761
2366,Mike Wilks,2005,-1.504,-0.618,-0.886,-0.689,-0.064,-0.625,-0.054,0.125,-0.179,-0.143,-0.013,-0.13,0.07,-0.007,0.078,0.392,-0.961,-0.961,-1.042,-2.003,-0.0,0.392,0.348,0.044,0.392,0.348,0.044,-1.888,-0.43,0.923,0.217,0.706,-0.195,0.207,-0.402,0.382,-0.051,0.433,0.519,0.028,0.491,-0.423,-0.503,0.082,-0.143,-0.088,-0.088,0.357,0.269,0.0,-0.143,-0.029,-0.114,-0.143,-0.029,-0.114,1.358,0.338,-0.579,-0.401,-0.178,-0.883,0.143,-1.026,0.328,0.074,0.254,0.377,0.016,0.361,-0.352,-0.51,0.159,0.249,-1.049,-1.049,-1.734,-0.001,0.249,0.319,-0.07,0.249,0.319,-0.07,-0.529,-0.092,-2.003,0.269,-1.735,3970,1977,1993
1903,Kenny Thomas,2005,-0.008,0.182,-0.19,0.588,0.46,0.128,-0.25,0.03,-0.28,-0.528,-0.069,-0.459,-0.192,-0.285,0.093,-0.253,-0.084,-0.084,-0.453,-0.537,0.0,-0.253,-0.22,-0.033,-0.253,-0.22,-0.033,-2.045,0.35,-1.332,-0.037,-1.295,-0.785,-0.194,-0.591,-0.564,0.042,-0.606,0.054,0.01,0.044,0.425,0.535,-0.108,-0.034,-0.257,-0.257,-0.941,-1.198,0.0,-0.034,0.17,-0.204,-0.034,0.17,-0.204,-1.517,-0.586,-1.34,0.145,-1.485,-0.197,0.266,-0.463,-0.814,0.072,-0.886,-0.474,-0.059,-0.415,0.233,0.25,-0.015,-0.287,-0.342,-0.342,-1.735,-0.0,-0.287,-0.049,-0.238,-0.287,-0.049,-0.238,-3.562,-0.236,-0.537,-1.198,-1.735,50599,25311,25288
1085,Ira Bowman,2005,-0.296,-0.123,-0.173,-0.032,-0.173,0.141,0.072,0.005,0.067,-0.213,0.019,-0.232,-0.121,-0.163,0.044,-0.344,-0.572,-0.572,-0.761,-1.333,-0.0,-0.344,-0.273,-0.071,-0.344,-0.273,-0.071,-0.533,-0.2,-0.216,0.161,-0.377,-0.079,0.115,-0.194,-0.128,-0.034,-0.094,-0.17,-0.012,-0.158,-0.029,-0.053,0.023,-0.137,-0.019,-0.019,-0.382,-0.401,0.0,-0.137,-0.079,-0.058,-0.137,-0.079,-0.058,-0.362,-0.018,-0.511,0.038,-0.549,-0.111,-0.058,-0.053,-0.055,-0.029,-0.026,-0.383,0.007,-0.39,-0.149,-0.216,0.067,-0.481,-0.592,-0.592,-1.734,-0.001,-0.481,-0.352,-0.129,-0.481,-0.352,-0.129,-0.895,-0.218,-1.333,-0.401,-1.735,271,130,141
891,Charles Oakley,2005,-1.237,0.243,-1.48,-0.902,-0.086,-0.816,-0.345,-0.435,0.09,-0.233,-0.136,-0.097,-0.58,-0.645,0.066,0.274,-0.789,-0.789,-1.543,-2.332,0.0,0.274,-0.363,0.637,0.274,-0.363,0.637,1.202,-0.332,-0.515,-0.094,-0.421,-0.04,0.154,-0.194,-0.467,0.111,-0.578,0.086,-0.026,0.112,0.172,0.241,-0.073,0.004,0.92,0.92,-0.339,0.581,0.0,0.004,-0.322,0.326,0.004,-0.322,0.326,-0.236,0.258,-1.752,0.149,-1.901,-0.942,0.068,-1.01,-0.811,-0.323,-0.488,-0.148,-0.163,0.015,-0.408,-0.403,-0.007,0.278,0.132,0.132,-1.751,-0.001,0.278,-0.686,0.964,0.278,-0.686,0.964,0.966,-0.074,-2.332,0.581,-1.752,28520,14274,14246
2788,DJ Mbenga,2005,-1.232,-0.176,-1.056,-0.555,-0.114,-0.441,-0.407,0.007,-0.414,-0.094,-0.002,-0.092,-0.237,-0.245,0.01,-0.065,0.071,0.071,-1.534,-1.463,-0.0,-0.065,0.119,-0.184,-0.065,0.119,-0.184,-0.478,-0.269,-0.138,0.077,-0.215,0.051,0.069,-0.018,-0.217,-0.049,-0.168,-0.049,-0.0,-0.049,-0.167,-0.132,-0.034,-0.019,0.025,0.025,-0.324,-0.299,0.0,-0.019,-0.076,0.057,-0.019,-0.076,0.057,-0.065,0.057,-1.369,-0.099,-1.27,-0.504,-0.045,-0.459,-0.623,-0.041,-0.582,-0.143,-0.002,-0.141,-0.404,-0.377,-0.023,-0.084,0.096,0.096,-1.762,-0.001,-0.084,0.043,-0.127,-0.084,0.043,-0.127,-0.544,-0.211,-1.463,-0.299,-1.763,174,86,88
2745,Kirk Snyder,2005,0.25,0.15,0.1,0.3,0.065,0.235,-0.13,0.169,-0.299,-0.07,-0.004,-0.066,-0.011,0.529,-0.539,-0.617,0.185,0.185,-0.378,-0.193,0.0,-0.617,-0.119,-0.498,-0.617,-0.119,-0.498,-0.95,0.397,-0.251,0.289,-0.54,0.088,0.148,-0.06,-0.359,-0.116,-0.243,-0.269,-0.001,-0.268,-0.526,-0.586,0.061,-0.367,-0.443,-0.443,-1.144,-1.587,0.0,-0.367,-0.148,-0.219,-0.367,-0.148,-0.219,-0.355,0.026,-0.002,0.439,-0.441,0.389,0.214,0.175,-0.489,0.053,-0.542,-0.341,-0.006,-0.335,-0.536,-0.058,-0.477,-0.983,-0.258,-0.258,-1.78,0.0,-0.983,-0.267,-0.716,-0.983,-0.267,-0.716,-1.305,0.423,-0.193,-1.587,-1.78,3245,1614,1631
43,Chris Whitney,2005,-0.925,-0.273,-0.652,-0.648,-0.571,-0.077,-0.64,0.106,-0.746,0.636,0.259,0.377,0.073,-0.243,0.317,0.333,-0.228,-0.228,-0.519,-0.747,0.0,0.333,0.049,0.284,0.333,0.049,0.284,0.37,-0.773,-1.069,0.268,-1.337,0.023,0.566,-0.543,-1.248,0.029,-1.277,-0.112,-0.079,-0.033,-0.354,-0.583,0.231,0.113,0.275,0.275,-1.31,-1.035,0.0,0.113,-0.055,0.168,0.113,-0.055,0.168,0.124,0.638,-1.995,-0.005,-1.99,-0.626,-0.005,-0.621,-1.888,0.135,-2.023,0.524,0.18,0.344,-0.28,-0.826,0.547,0.447,0.047,0.047,-1.782,0.001,0.447,-0.006,0.453,0.447,-0.006,0.453,0.494,-0.135,-0.747,-1.035,-1.781,25260,12634,12626
2369,Norman Richardson,2005,-0.909,-0.13,-0.779,-0.349,-0.153,-0.196,-0.35,-0.02,-0.33,-0.08,-0.009,-0.071,-0.136,-0.074,-0.06,-0.169,-0.092,-0.092,-1.214,-1.306,0.0,-0.169,-0.101,-0.068,-0.169,-0.101,-0.068,-0.548,-0.186,-0.241,0.018,-0.259,0.096,0.032,0.064,-0.198,-0.053,-0.145,-0.157,-0.02,-0.137,-0.005,0.018,-0.022,-0.169,-0.069,-0.069,-0.415,-0.484,0.0,-0.169,-0.036,-0.133,-0.169,-0.036,-0.133,-0.773,-0.075,-1.151,-0.112,-1.039,-0.254,-0.122,-0.132,-0.548,-0.073,-0.475,-0.237,-0.029,-0.208,-0.141,-0.056,-0.082,-0.338,-0.161,-0.161,-1.79,0.0,-0.338,-0.137,-0.201,-0.338,-0.137,-0.201,-1.321,-0.261,-1.306,-0.484,-1.79,256,129,127
280,Felton Spencer,2005,-1.642,-0.189,-1.453,-1.244,-0.28,-0.964,-0.73,-0.125,-0.605,0.521,-0.042,0.563,-0.468,0.022,-0.488,-0.445,0.212,0.212,-2.555,-2.343,-0.0,-0.445,-0.334,-0.111,-0.445,-0.334,-0.111,-1.384,-0.615,0.337,0.039,0.298,0.229,0.274,-0.045,-0.459,-0.059,-0.4,0.528,-0.038,0.566,-0.453,-0.548,0.093,0.1,0.566,0.566,-0.016,0.55,0.0,0.1,0.397,-0.297,0.1,0.397,-0.297,0.454,0.219,-1.303,-0.15,-1.153,-1.015,-0.005,-1.01,-1.189,-0.183,-1.006,1.051,-0.079,1.13,-0.921,-0.525,-0.395,-0.344,0.778,0.778,-1.793,-0.0,-0.344,0.064,-0.408,-0.344,0.064,-0.408,-0.929,-0.396,-2.343,0.55,-1.793,1942,980,962
31,Williams,2005,-0.718,-0.0,-0.718,-0.447,-0.059,-0.388,-0.295,0.048,-0.343,0.024,0.004,0.02,-0.196,0.028,-0.22,-0.175,-0.16,-0.16,-1.089,-1.249,-0.0,-0.175,-0.342,0.167,-0.175,-0.342,0.167,-1.0,-0.215,-0.174,0.082,-0.256,0.034,0.044,-0.01,-0.274,-0.071,-0.203,-0.016,-0.007,-0.009,-0.187,-0.151,-0.034,-0.129,-0.056,-0.056,-0.49,-0.546,0.0,-0.129,-0.012,-0.117,-0.129,-0.012,-0.117,-0.707,-0.095,-0.891,0.082,-0.973,-0.413,-0.015,-0.398,-0.569,-0.023,-0.546,0.009,-0.002,0.011,-0.383,-0.124,-0.255,-0.304,-0.216,-0.216,-1.795,0.001,-0.304,-0.354,0.05,-0.304,-0.354,0.05,-1.706,-0.31,-1.249,-0.546,-1.794,388,194,194
952,Antoine Walker,2005,0.312,0.143,0.169,0.707,0.877,-0.17,-0.532,0.897,-1.429,-0.006,0.314,-0.32,-0.828,-0.128,-0.698,0.279,0.238,0.238,-0.237,0.001,-0.0,0.279,-0.083,0.362,0.279,-0.083,0.362,1.008,0.981,-1.621,-0.047,-1.574,-1.054,-0.319,-0.735,-0.414,-0.229,-0.185,-0.106,-0.036,-0.07,-0.122,-0.025,-0.096,-0.273,0.213,0.213,-2.016,-1.803,0.0,-0.273,0.061,-0.334,-0.273,0.061,-0.334,-1.463,-0.75,-1.311,0.096,-1.407,-0.348,0.558,-0.906,-0.946,0.668,-1.614,-0.113,0.277,-0.39,-0.95,-0.153,-0.794,0.006,0.451,0.451,-1.802,0.0,0.006,-0.022,0.028,0.006,-0.022,0.028,-0.455,0.231,0.001,-1.803,-1.802,78124,39084,39040
2575,Luke Walton,2005,-0.165,-0.125,-0.04,0.798,0.234,0.564,-0.714,0.378,-1.092,-0.124,0.117,-0.241,-0.281,-0.026,-0.255,-0.512,-0.45,-0.45,-0.958,-1.408,0.0,-0.512,-0.554,0.042,-0.512,-0.554,0.042,1.716,1.397,0.068,0.052,0.016,-0.463,0.103,-0.566,0.41,-0.137,0.547,0.069,-0.08,0.149,-0.122,-0.188,0.067,-0.085,-0.264,-0.264,-0.139,-0.403,0.0,-0.085,-0.215,0.13,-0.085,-0.215,0.13,-0.47,-0.17,-0.098,-0.073,-0.025,0.334,0.337,-0.003,-0.304,0.241,-0.545,-0.055,0.037,-0.092,-0.403,-0.215,-0.188,-0.596,-0.714,-0.714,-1.811,0.0,-0.596,-0.769,0.173,-0.596,-0.769,0.173,1.246,1.227,-1.408,-0.403,-1.811,6078,3032,3046
2422,John Salmons,2005,-2.541,-0.461,-2.08,-1.633,-0.008,-1.625,0.07,0.315,-0.245,-0.517,0.083,-0.6,0.377,0.464,-0.088,0.15,-0.434,-0.434,-2.014,-2.448,0.0,0.15,0.167,-0.017,0.15,0.167,-0.017,-1.467,-0.335,0.39,0.322,0.068,0.083,0.037,0.046,0.055,-0.248,0.303,-0.07,-0.144,0.074,0.187,0.139,0.05,-0.153,0.201,0.201,0.424,0.625,0.0,-0.153,0.165,-0.318,-0.153,0.165,-0.318,-0.093,-0.065,-2.152,-0.139,-2.013,-1.551,0.029,-1.58,0.124,0.066,0.058,-0.586,-0.06,-0.526,0.564,0.603,-0.037,-0.003,-0.233,-0.233,-1.823,0.0,-0.003,0.332,-0.335,-0.003,0.332,-0.335,-1.56,-0.401,-2.448,0.625,-1.823,11490,5729,5761
2766,Antonio Burks,2005,-1.356,-0.126,-1.23,-0.902,-0.203,-0.699,-0.208,-0.022,-0.186,-0.12,0.019,-0.139,-0.285,-0.168,-0.115,0.237,-0.074,-0.074,-1.404,-1.478,0.0,0.237,0.062,0.175,0.237,0.062,0.175,-0.619,-0.525,-0.243,0.126,-0.369,0.174,0.074,0.1,-0.349,-0.111,-0.238,-0.194,-0.022,-0.172,-0.244,-0.207,-0.035,0.195,-0.055,-0.055,-0.292,-0.347,0.0,0.195,-0.073,0.268,0.195,-0.073,0.268,-0.248,0.088,-1.599,0.0,-1.599,-0.728,-0.129,-0.599,-0.557,-0.133,-0.424,-0.314,-0.003,-0.311,-0.529,-0.375,-0.15,0.432,-0.13,-0.13,-1.825,0.0,0.432,-0.011,0.443,0.432,-0.011,0.443,-0.867,-0.437,-1.478,-0.347,-1.825,776,382,394
138,Avent,2005,-1.39,-0.001,-1.389,-0.912,-0.023,-0.889,-0.222,0.018,-0.24,-0.255,0.003,-0.258,0.043,-0.01,0.056,0.109,-0.022,-0.022,-1.238,-1.26,0.0,0.109,-0.178,0.287,0.109,-0.178,0.287,-1.39,-0.05,-0.378,0.089,-0.467,-0.345,-0.028,-0.317,-0.103,-0.076,-0.027,-0.019,0.015,-0.034,-0.112,-0.241,0.125,0.232,-0.319,-0.319,-0.258,-0.577,0.0,0.232,0.163,0.069,0.232,0.163,0.069,-0.366,-0.158,-1.767,0.088,-1.855,-1.257,-0.051,-1.206,-0.324,-0.057,-0.267,-0.274,0.017,-0.291,-0.069,-0.251,0.18,0.341,-0.341,-0.341,-1.837,-0.001,0.341,-0.015,0.356,0.341,-0.015,0.356,-1.756,-0.208,-1.26,-0.577,-1.838,1463,725,738
2230,Maurice Evans,2005,-2.393,-0.113,-2.28,-0.375,-0.425,0.05,-1.133,-0.365,-0.768,-0.772,-0.032,-0.74,-0.412,-0.365,-0.047,0.132,1.721,1.721,-2.673,-0.952,-0.0,0.132,0.015,0.117,0.132,0.015,0.117,-1.798,-0.974,-1.05,0.068,-1.118,-0.74,0.211,-0.951,-0.415,-0.0,-0.415,0.037,-0.051,0.088,-0.091,-0.145,0.055,0.068,0.187,0.187,-1.073,-0.886,-0.0,0.068,0.143,-0.075,0.068,0.143,-0.075,-1.164,-0.196,-3.443,-0.045,-3.398,-1.114,-0.214,-0.9,-1.548,-0.365,-1.183,-0.736,-0.083,-0.653,-0.503,-0.51,0.008,0.2,1.909,1.909,-1.838,-0.001,0.2,0.157,0.043,0.2,0.157,0.043,-2.963,-1.17,-0.952,-0.886,-1.839,5114,2559,2555
760,Jerome Kersey,2005,-3.643,-0.267,-3.376,-1.014,-0.127,-0.887,-1.069,-0.515,-0.554,-1.293,-0.219,-1.074,-0.56,-0.575,0.017,0.213,0.271,0.271,-3.99,-3.719,-0.0,0.213,0.331,-0.118,0.213,0.331,-0.118,-1.754,-0.66,0.832,0.151,0.681,0.099,0.051,0.048,0.966,0.088,0.878,-0.384,0.063,-0.447,-0.279,-0.211,-0.071,0.753,0.561,0.561,1.306,1.867,0.0,0.753,0.48,0.273,0.753,0.48,0.273,1.874,0.395,-2.812,-0.116,-2.696,-0.915,-0.076,-0.839,-0.104,-0.428,0.324,-1.677,-0.156,-1.521,-0.84,-0.785,-0.053,0.966,0.832,0.832,-1.852,-0.0,0.966,0.811,0.155,0.966,0.811,0.155,0.12,-0.264,-3.719,1.867,-1.852,6060,3028,3032
2586,Keith Bogans,2005,0.234,0.096,0.138,-0.054,-0.078,0.024,0.81,0.024,0.786,-0.618,0.024,-0.642,0.173,0.185,-0.014,-0.238,0.762,0.762,0.169,0.931,0.0,-0.238,-0.255,0.017,-0.238,-0.255,0.017,-1.417,-0.328,-2.319,0.094,-2.413,-0.947,-0.095,-0.852,-0.843,-0.156,-0.687,-0.623,-0.077,-0.546,0.253,0.202,0.053,0.118,-0.835,-0.835,-1.948,-2.783,0.0,0.118,-0.038,0.156,0.118,-0.038,0.156,-2.383,-0.516,-2.086,0.19,-2.276,-1.002,-0.173,-0.829,-0.033,-0.132,0.099,-1.241,-0.053,-1.188,0.426,0.388,0.039,-0.121,-0.073,-0.073,-1.852,-0.0,-0.121,-0.293,0.172,-0.121,-0.293,0.172,-3.801,-0.844,0.931,-2.783,-1.852,13570,6753,6817
164,Chris Childs,2005,-2.238,-0.381,-1.857,-0.852,0.082,-0.934,-0.624,0.048,-0.672,-0.381,-0.056,-0.325,0.262,0.083,0.18,-1.181,-0.841,-0.841,-3.157,-3.998,0.0,-1.181,-0.309,-0.872,-1.181,-0.309,-0.872,-1.421,-0.15,1.238,0.103,1.135,0.967,0.475,0.492,-0.071,-0.09,0.019,0.239,-0.076,0.315,-1.0,-1.017,0.018,0.843,1.048,1.048,1.081,2.129,0.0,0.843,0.242,0.601,0.843,0.242,0.601,3.165,1.056,-1.0,-0.278,-0.722,0.116,0.558,-0.442,-0.696,-0.042,-0.654,-0.142,-0.132,-0.01,-0.737,-0.935,0.198,-0.338,0.206,0.206,-1.869,0.0,-0.338,-0.066,-0.272,-0.338,-0.066,-0.272,1.744,0.906,-3.998,2.129,-1.869,22065,11017,11048
1738,Ansu Sesay,2005,-1.774,-0.271,-1.503,0.118,-0.129,0.247,-2.045,-0.219,-1.826,0.424,-0.133,0.557,-0.737,-0.055,-0.681,-0.589,-0.111,-0.111,-3.1,-3.211,0.0,-0.589,-0.218,-0.371,-0.589,-0.218,-0.371,-1.802,-0.018,1.65,0.163,1.487,0.223,0.115,0.108,0.812,-0.083,0.895,0.452,0.015,0.437,-0.471,-0.685,0.214,0.348,-0.186,-0.186,1.527,1.341,0.0,0.348,0.161,0.187,0.348,0.161,0.187,3.229,0.45,-0.123,-0.108,-0.015,0.341,-0.014,0.355,-1.233,-0.302,-0.931,0.877,-0.117,0.994,-1.208,-0.739,-0.467,-0.241,-0.296,-0.296,-1.87,0.0,-0.241,-0.058,-0.183,-0.241,-0.058,-0.183,1.427,0.432,-3.211,1.341,-1.87,5201,2576,2625
239,Darrick Martin,2005,-2.014,-0.21,-1.804,-0.862,0.167,-1.029,-0.731,0.469,-1.2,-0.211,0.128,-0.339,0.787,0.441,0.35,0.582,-1.43,-1.43,-0.645,-2.075,-0.0,0.582,0.36,0.222,0.582,0.36,0.222,-2.472,-0.29,0.265,0.151,0.114,-0.215,-0.006,-0.209,0.384,-0.057,0.441,-0.055,-0.046,-0.009,0.157,0.315,-0.16,0.302,-0.52,-0.52,0.724,0.204,0.0,0.302,0.109,0.193,0.302,0.109,0.193,-0.886,-0.2,-1.75,-0.059,-1.691,-1.077,0.161,-1.238,-0.348,0.412,-0.76,-0.266,0.082,-0.348,0.944,0.756,0.19,0.885,-1.95,-1.95,-1.871,-0.001,0.885,0.469,0.416,0.885,0.469,0.416,-3.358,-0.49,-2.075,0.204,-1.872,6404,3197,3207
2414,Curtis Borchardt,2005,-1.451,-0.022,-1.429,-0.384,-0.139,-0.245,-1.387,-0.319,-1.068,0.342,-0.126,0.468,-0.2,-0.113,-0.086,-1.063,1.219,1.219,-2.714,-1.495,-0.0,-1.063,-0.127,-0.936,-1.063,-0.127,-0.936,-0.976,-0.685,-0.445,-0.028,-0.417,-0.576,-0.006,-0.57,0.231,-0.108,0.339,-0.072,-0.03,-0.042,-0.274,-0.258,-0.016,0.216,0.122,0.122,-0.503,-0.381,0.0,0.216,-0.224,0.44,0.216,-0.224,0.44,-0.247,-0.176,-1.896,-0.05,-1.846,-0.96,-0.145,-0.815,-1.156,-0.427,-0.729,0.27,-0.156,0.426,-0.474,-0.372,-0.101,-0.847,1.341,1.341,-1.876,0.0,-0.847,-0.351,-0.496,-0.847,-0.351,-0.496,-1.223,-0.861,-1.495,-0.381,-1.876,4009,1993,2016
1544,Chris Crawford,2005,-0.608,-0.007,-0.601,0.464,0.069,0.395,-1.038,0.044,-1.082,-0.027,-0.037,0.01,0.534,0.25,0.286,-0.314,-0.02,-0.02,-0.388,-0.408,0.0,-0.314,-0.037,-0.277,-0.314,-0.037,-0.277,-2.077,0.077,-1.312,0.059,-1.371,-0.068,-0.059,-0.009,-0.173,-0.069,-0.104,-1.13,0.032,-1.162,-0.111,-0.24,0.13,0.15,-0.2,-0.2,-1.273,-1.473,0.0,0.15,-0.019,0.169,0.15,-0.019,0.169,-0.584,-0.278,-1.92,0.052,-1.972,0.396,0.01,0.386,-1.211,-0.025,-1.186,-1.157,-0.005,-1.152,0.423,0.01,0.416,-0.164,-0.22,-0.22,-1.881,0.0,-0.164,-0.056,-0.108,-0.164,-0.056,-0.108,-2.66,-0.202,-0.408,-1.473,-1.881,11349,5670,5679
2066,Soumaila Samake,2005,-1.414,-0.063,-1.351,-0.428,-0.021,-0.407,-0.494,0.074,-0.568,-0.429,-0.004,-0.425,-0.187,0.058,-0.242,-0.099,0.274,0.274,-1.7,-1.426,0.0,-0.099,-0.142,0.043,-0.099,-0.142,0.043,-1.599,-0.508,-0.021,0.188,-0.209,0.298,0.058,0.24,-0.132,-0.09,-0.042,-0.375,0.014,-0.389,-0.168,-0.262,0.092,-0.34,0.071,0.071,-0.529,-0.458,0.0,-0.34,-0.211,-0.129,-0.34,-0.211,-0.129,-0.392,0.091,-1.435,0.125,-1.56,-0.13,0.037,-0.167,-0.626,-0.016,-0.61,-0.804,0.01,-0.814,-0.355,-0.205,-0.15,-0.439,0.345,0.345,-1.884,-0.001,-0.439,-0.353,-0.086,-0.439,-0.353,-0.086,-1.991,-0.416,-1.426,-0.458,-1.885,1145,574,571
457,Lang,2005,-1.677,-0.034,-1.643,-0.662,-0.34,-0.322,-0.703,-0.245,-0.458,-0.278,-0.057,-0.221,-0.125,-0.075,-0.046,-0.363,-0.022,-0.022,-2.165,-2.187,0.0,-0.363,-0.007,-0.356,-0.363,-0.007,-0.356,-1.418,-0.663,0.365,0.051,0.314,0.083,0.133,-0.05,0.014,-0.004,0.018,0.217,-0.027,0.244,0.026,0.019,0.007,0.015,-0.104,-0.104,0.406,0.302,-0.0,0.015,-0.034,0.049,0.015,-0.034,0.049,0.002,0.055,-1.314,0.017,-1.331,-0.58,-0.207,-0.373,-0.689,-0.248,-0.441,-0.062,-0.085,0.023,-0.099,-0.056,-0.039,-0.348,-0.126,-0.126,-1.885,-0.0,-0.348,-0.041,-0.307,-0.348,-0.041,-0.307,-1.416,-0.608,-2.187,0.302,-1.885,911,457,454
2501,Reggie Evans,2005,-2.059,0.232,-2.291,-1.749,-0.613,-1.136,-0.731,-0.601,-0.13,0.189,-0.065,0.254,-1.247,-0.361,-0.885,-0.313,1.565,1.565,-3.619,-2.054,0.0,-0.313,0.12,-0.433,-0.313,0.12,-0.433,-0.913,-1.39,-0.891,-0.019,-0.872,-1.592,-0.25,-1.342,0.471,-0.079,0.55,0.249,-0.003,0.252,0.127,0.239,-0.115,0.43,0.501,0.501,-0.334,0.167,0.0,0.43,0.198,0.232,0.43,0.198,0.232,-1.726,-0.584,-2.952,0.213,-3.165,-3.341,-0.863,-2.478,-0.262,-0.681,0.419,0.438,-0.067,0.505,-1.12,-0.123,-1.0,0.117,2.066,2.066,-1.887,0.0,0.117,0.318,-0.201,0.117,0.318,-0.201,-2.638,-1.974,-2.054,0.167,-1.887,17204,8590,8614
184,Phills,2005,-0.978,-0.2,-0.778,0.018,-0.099,0.117,-0.933,-0.008,-0.925,0.137,-0.029,0.166,-0.039,0.336,-0.37,-0.649,-0.737,-0.737,-1.666,-2.403,0.0,-0.649,-0.127,-0.522,-0.649,-0.127,-0.522,-0.702,0.069,-0.673,0.053,-0.726,-0.19,-0.101,-0.089,-0.44,-0.157,-0.283,-0.096,0.003,-0.099,-0.22,-0.224,0.003,0.959,0.45,0.45,0.066,0.516,0.0,0.959,0.627,0.332,0.959,0.627,0.332,-0.543,-0.164,-1.652,-0.147,-1.505,-0.172,-0.2,0.028,-1.373,-0.165,-1.208,0.04,-0.027,0.067,-0.26,0.112,-0.368,0.309,-0.287,-0.287,-1.887,0.0,0.309,0.5,-0.191,0.309,0.5,-0.191,-1.245,-0.095,-2.403,0.516,-1.887,3304,1658,1646
2243,Brian Scalabrine,2005,-0.993,-0.318,-0.675,-0.697,-0.161,-0.536,0.173,0.059,0.114,-0.151,0.089,-0.24,-0.255,-0.206,-0.05,-0.346,-0.08,-0.08,-1.594,-1.674,0.0,-0.346,-0.398,0.052,-0.346,-0.398,0.052,0.305,-0.508,-0.421,0.209,-0.63,-0.454,-0.169,-0.285,-0.291,-0.238,-0.053,0.115,-0.006,0.121,-0.351,-0.303,-0.048,0.358,0.201,0.201,-0.414,-0.213,0.0,0.358,0.019,0.339,0.358,0.019,0.339,-0.204,-0.496,-1.414,-0.109,-1.305,-1.151,-0.33,-0.821,-0.118,-0.179,0.061,-0.036,0.083,-0.119,-0.606,-0.508,-0.098,0.012,0.121,0.121,-1.887,0.0,0.012,-0.379,0.391,0.012,-0.379,0.391,0.101,-1.004,-1.674,-0.213,-1.887,12074,6046,6028
2173,Sean Colson,2005,-1.06,-0.223,-0.837,-0.236,-0.215,-0.021,-0.271,-0.025,-0.246,-0.33,-0.008,-0.322,-0.205,-0.073,-0.13,-0.028,-0.187,-0.187,-1.293,-1.48,0.0,-0.028,-0.084,0.056,-0.028,-0.084,0.056,-0.822,-0.226,-0.21,0.074,-0.284,-0.09,0.052,-0.142,-0.296,-0.068,-0.228,0.102,-0.01,0.112,-0.114,-0.089,-0.024,-0.055,-0.046,-0.046,-0.379,-0.425,0.0,-0.055,-0.033,-0.022,-0.055,-0.033,-0.022,-0.316,-0.069,-1.27,-0.149,-1.121,-0.326,-0.162,-0.164,-0.567,-0.093,-0.474,-0.228,-0.018,-0.21,-0.318,-0.162,-0.153,-0.083,-0.234,-0.234,-1.905,0.0,-0.083,-0.117,0.034,-0.083,-0.117,0.034,-1.138,-0.295,-1.48,-0.425,-1.905,162,81,81
380,Tony Smith,2005,-0.72,-0.19,-0.53,-0.077,-0.182,0.105,-0.292,-0.06,-0.232,-0.161,-0.028,-0.133,-0.193,-0.148,-0.042,-0.342,-0.202,-0.202,-1.255,-1.457,0.0,-0.342,-0.23,-0.112,-0.342,-0.23,-0.112,-0.774,-0.279,-0.453,0.01,-0.463,-0.239,0.049,-0.288,-0.298,-0.09,-0.208,0.074,-0.019,0.093,-0.139,-0.204,0.062,0.04,0.087,0.087,-0.552,-0.465,0.0,0.04,-0.02,0.06,0.04,-0.02,0.06,-0.047,-0.069,-1.17,-0.18,-0.99,-0.315,-0.132,-0.183,-0.588,-0.149,-0.439,-0.087,-0.047,-0.04,-0.332,-0.352,0.02,-0.302,-0.115,-0.115,-1.922,0.0,-0.302,-0.25,-0.052,-0.302,-0.25,-0.052,-0.821,-0.348,-1.457,-0.465,-1.922,306,153,153
2201,Eddy Curry,2005,1.835,0.322,1.513,0.888,0.69,0.198,0.993,0.081,0.912,-0.368,-0.183,-0.185,-0.114,0.183,-0.299,-2.188,-0.673,-0.673,-0.467,-1.14,0.0,-2.188,-0.928,-1.26,-2.188,-0.928,-1.26,0.588,1.762,0.52,-0.045,0.565,0.55,-0.062,0.612,0.105,0.03,0.075,-0.09,0.024,-0.114,0.303,0.174,0.128,-1.359,-0.259,-0.259,-0.536,-0.795,0.0,-1.359,-0.618,-0.741,-1.359,-0.618,-0.741,-1.572,0.017,2.357,0.277,2.08,1.438,0.628,0.81,1.099,0.112,0.987,-0.457,-0.158,-0.299,0.189,0.358,-0.171,-3.546,-0.932,-0.932,-1.935,0.0,-3.546,-1.546,-2.0,-3.546,-1.546,-2.0,-0.983,1.779,-1.14,-0.795,-1.935,25536,12756,12780
431,Shawn Kemp,2005,-1.328,0.241,-1.569,-1.028,0.215,-1.243,-0.756,-0.169,-0.587,0.215,-0.137,0.352,0.076,-0.176,0.252,-0.798,-0.145,-0.145,-2.05,-2.195,0.0,-0.798,-0.01,-0.788,-0.798,-0.01,-0.788,-0.746,-0.16,-1.067,-0.204,-0.863,-0.419,-0.021,-0.398,-0.866,0.096,-0.962,0.422,0.043,0.379,-0.172,-0.028,-0.146,0.36,1.125,1.125,-0.879,0.246,-0.0,0.36,0.589,-0.229,0.36,0.589,-0.229,-1.33,-0.429,-2.394,0.037,-2.431,-1.447,0.194,-1.641,-1.621,-0.072,-1.549,0.637,-0.094,0.731,-0.095,-0.205,0.106,-0.438,0.98,0.98,-1.949,-0.001,-0.438,0.579,-1.017,-0.438,0.579,-1.017,-2.076,-0.589,-2.195,0.246,-1.95,25359,12684,12675
2693,Keith McLeod,2005,-1.944,-0.144,-1.8,0.148,0.074,0.074,-1.23,-0.204,-1.026,-0.718,-0.198,-0.52,0.225,0.115,0.11,-0.676,0.414,0.414,-2.395,-1.981,0.0,-0.676,-0.405,-0.271,-0.676,-0.405,-0.271,-2.626,0.175,-0.09,0.08,-0.17,-0.583,-0.006,-0.577,0.218,-0.054,0.272,0.195,0.077,0.118,-0.492,-0.419,-0.071,0.25,0.358,0.358,-0.332,0.026,-0.0,0.25,0.027,0.223,0.25,0.027,0.223,0.347,-0.263,-2.034,-0.064,-1.97,-0.435,0.068,-0.503,-1.011,-0.257,-0.754,-0.524,-0.121,-0.403,-0.268,-0.305,0.039,-0.425,0.772,0.772,-1.955,0.0,-0.425,-0.379,-0.046,-0.425,-0.379,-0.046,-2.279,-0.088,-1.981,0.026,-1.955,6444,3205,3239
2492,Adam Harrington,2005,-1.152,-0.174,-0.978,-0.367,-0.091,-0.276,-0.703,0.027,-0.73,0.092,0.003,0.089,-0.203,-0.162,-0.038,0.087,-0.027,-0.027,-1.268,-1.295,0.0,0.087,-0.147,0.234,0.087,-0.147,0.234,-0.405,-0.034,-0.614,0.111,-0.725,-0.024,0.028,-0.052,-0.336,-0.107,-0.229,-0.365,-0.021,-0.344,-0.095,-0.085,-0.01,-0.085,0.131,0.131,-0.794,-0.663,-0.0,-0.085,0.027,-0.112,-0.085,0.027,-0.112,-0.383,-0.031,-1.766,-0.063,-1.703,-0.392,-0.063,-0.329,-1.038,-0.079,-0.959,-0.273,-0.018,-0.255,-0.298,-0.247,-0.048,0.002,0.104,0.104,-1.958,0.001,0.002,-0.12,0.122,0.002,-0.12,0.122,-0.788,-0.065,-1.295,-0.663,-1.957,253,127,126
1893,Aleksandar Radojevic,2005,-0.92,0.009,-0.929,-0.516,-0.148,-0.368,-0.103,-0.091,-0.012,-0.31,0.005,-0.315,-0.292,-0.316,0.027,-0.372,-0.514,-0.514,-1.584,-2.098,0.0,-0.372,-0.356,-0.016,-0.372,-0.356,-0.016,-0.456,-0.278,0.175,0.062,0.113,0.039,0.069,-0.03,-0.112,-0.08,-0.032,0.186,0.003,0.183,-0.227,-0.258,0.03,0.14,0.051,0.051,0.088,0.139,0.0,0.14,0.065,0.075,0.14,0.065,0.075,0.137,0.074,-0.745,0.071,-0.816,-0.477,-0.079,-0.398,-0.215,-0.171,-0.044,-0.124,0.008,-0.132,-0.518,-0.575,0.057,-0.232,-0.463,-0.463,-1.959,0.001,-0.232,-0.291,0.059,-0.232,-0.291,0.059,-0.32,-0.204,-2.098,0.139,-1.958,588,294,294
262,Cage,2005,-1.588,-0.153,-1.435,-0.624,-0.322,-0.302,-0.28,-0.052,-0.228,-0.531,0.058,-0.589,-0.148,-0.225,0.08,-0.455,0.129,0.129,-2.191,-2.062,0.0,-0.455,-0.368,-0.087,-0.455,-0.368,-0.087,-0.834,-0.52,-0.115,0.037,-0.152,-0.184,0.048,-0.232,0.155,0.034,0.121,-0.123,0.023,-0.146,-0.003,0.038,-0.041,-0.006,0.224,0.224,-0.124,0.1,0.0,-0.006,0.142,-0.148,-0.006,0.142,-0.148,0.029,-0.043,-1.705,-0.116,-1.589,-0.808,-0.274,-0.534,-0.126,-0.018,-0.108,-0.655,0.081,-0.736,-0.151,-0.187,0.038,-0.462,0.353,0.353,-1.962,-0.001,-0.462,-0.226,-0.236,-0.462,-0.226,-0.236,-0.805,-0.564,-2.062,0.1,-1.963,930,469,461
2249,Jamison Brewer,2005,-0.721,-0.076,-0.645,-0.504,-0.009,-0.495,-0.313,0.031,-0.344,0.172,-0.003,0.175,-0.358,-0.125,-0.232,-0.768,-0.016,-0.016,-1.847,-1.863,0.0,-0.768,-0.23,-0.538,-0.768,-0.23,-0.538,-1.507,-0.096,-0.013,0.185,-0.198,-0.164,0.088,-0.252,-0.161,-0.077,-0.084,0.127,0.001,0.126,-0.352,-0.375,0.024,-0.014,0.274,0.274,-0.379,-0.105,-0.0,-0.014,0.039,-0.053,-0.014,0.039,-0.053,0.293,-0.031,-0.735,0.109,-0.844,-0.669,0.079,-0.748,-0.474,-0.046,-0.428,0.299,-0.002,0.301,-0.71,-0.5,-0.208,-0.782,0.258,0.258,-1.968,0.0,-0.782,-0.19,-0.592,-0.782,-0.19,-0.592,-1.213,-0.127,-1.863,-0.105,-1.968,1709,846,863
676,Hamilton,2005,-0.84,-0.064,-0.776,-0.138,-0.017,-0.121,-0.344,0.032,-0.376,-0.294,0.022,-0.316,-0.391,-0.311,-0.077,-0.735,0.931,0.931,-1.966,-1.035,-0.0,-0.735,-0.558,-0.177,-0.735,-0.558,-0.177,-0.479,-0.103,-1.397,0.08,-1.477,-0.563,-0.054,-0.509,-0.992,-0.023,-0.969,0.078,0.02,0.058,-0.044,0.0,-0.044,-0.209,0.713,0.713,-1.65,-0.937,0.0,-0.209,-0.025,-0.184,-0.209,-0.025,-0.184,-0.898,-0.233,-2.237,0.016,-2.253,-0.701,-0.071,-0.63,-1.335,0.009,-1.344,-0.217,0.041,-0.258,-0.436,-0.311,-0.121,-0.944,1.644,1.644,-1.972,0.0,-0.944,-0.583,-0.361,-0.944,-0.583,-0.361,-1.377,-0.337,-1.035,-0.937,-1.972,1051,528,523
349,Mark Jackson,2005,-0.068,-0.316,0.248,-0.166,0.068,-0.234,0.271,0.231,0.04,0.143,0.099,0.044,-0.059,-0.05,-0.006,-0.123,-0.471,-0.471,-0.25,-0.721,0.0,-0.123,-0.475,0.352,-0.123,-0.475,0.352,3.615,0.433,-1.457,0.161,-1.618,-0.405,-0.224,-0.181,-0.718,-0.032,-0.686,-0.495,-0.008,-0.487,0.411,0.449,-0.037,-0.735,0.526,0.526,-1.781,-1.255,0.0,-0.735,-0.156,-0.579,-0.735,-0.156,-0.579,-1.077,-0.176,-1.526,-0.155,-1.371,-0.571,-0.156,-0.415,-0.448,0.198,-0.646,-0.352,0.091,-0.443,0.353,0.399,-0.044,-0.858,0.055,0.055,-1.976,-0.001,-0.858,-0.631,-0.227,-0.858,-0.631,-0.227,2.538,0.257,-0.721,-1.255,-1.977,37776,18900,18876
2682,Alex Garcia,2005,-1.029,-0.181,-0.848,-0.046,-0.1,0.054,-0.409,-0.009,-0.4,-0.393,0.0,-0.393,-0.204,-0.211,0.009,-0.496,0.008,0.008,-1.729,-1.721,-0.0,-0.496,-0.067,-0.429,-0.496,-0.067,-0.429,-0.628,-0.221,-0.421,0.097,-0.518,-0.093,0.064,-0.157,-0.451,-0.057,-0.394,0.026,0.001,0.025,-0.11,-0.178,0.065,0.055,0.21,0.21,-0.476,-0.266,0.0,0.055,0.027,0.028,0.055,0.027,0.028,-0.075,-0.017,-1.45,-0.084,-1.366,-0.139,-0.036,-0.103,-0.86,-0.066,-0.794,-0.367,0.001,-0.368,-0.314,-0.388,0.074,-0.441,0.218,0.218,-1.987,-0.001,-0.441,-0.04,-0.401,-0.441,-0.04,-0.401,-0.703,-0.238,-1.721,-0.266,-1.988,556,278,278
202,Gary Grant,2005,-1.128,-0.32,-0.808,-0.398,-0.158,-0.24,-0.27,-0.024,-0.246,-0.14,-0.014,-0.126,-0.236,-0.219,-0.014,0.012,-0.07,-0.07,-1.352,-1.422,0.0,0.012,-0.084,0.096,0.012,-0.084,0.096,-0.757,-0.241,-0.369,0.026,-0.395,-0.122,0.017,-0.139,-0.2,-0.09,-0.11,-0.073,-0.003,-0.07,-0.196,-0.202,0.006,-0.139,0.137,0.137,-0.704,-0.567,0.0,-0.139,-0.058,-0.081,-0.139,-0.058,-0.081,-0.263,-0.144,-1.499,-0.294,-1.205,-0.522,-0.142,-0.38,-0.47,-0.115,-0.355,-0.213,-0.017,-0.196,-0.431,-0.42,-0.009,-0.126,0.068,0.068,-1.989,-0.001,-0.126,-0.142,0.016,-0.126,-0.142,0.016,-1.021,-0.384,-1.422,-0.567,-1.99,189,97,92
1502,Adonal Foyle,2005,-2.099,0.249,-2.348,-0.651,-0.114,-0.537,-1.456,-0.547,-0.909,-0.241,-0.214,-0.027,-0.615,-0.377,-0.236,-0.699,-0.27,-0.27,-3.413,-3.683,0.0,-0.699,-0.318,-0.381,-0.699,-0.318,-0.381,-0.562,-0.144,2.559,-0.15,2.709,1.196,-0.026,1.222,1.351,0.407,0.944,0.162,0.079,0.083,1.236,1.168,0.07,-0.707,-1.402,-1.402,3.088,1.686,-0.0,-0.707,-0.33,-0.377,-0.707,-0.33,-0.377,-1.56,-0.022,0.457,0.099,0.358,0.544,-0.141,0.685,-0.106,-0.141,0.035,-0.08,-0.135,0.055,0.621,0.791,-0.166,-1.406,-1.671,-1.671,-1.997,0.0,-1.406,-0.648,-0.758,-1.406,-0.648,-0.758,-2.122,-0.165,-3.683,1.686,-1.997,33480,16666,16814
2839,James Thomas,2005,-0.774,-0.082,-0.692,-0.499,-0.119,-0.38,-0.476,0.058,-0.534,0.283,0.05,0.233,-0.288,-0.166,-0.119,-0.36,0.142,0.142,-1.422,-1.28,0.0,-0.36,-0.259,-0.101,-0.36,-0.259,-0.101,-0.906,-0.364,-0.597,0.028,-0.625,-0.276,0.044,-0.32,-0.21,-0.122,-0.088,-0.139,-0.032,-0.107,-0.139,-0.153,0.013,-0.09,0.092,0.092,-0.826,-0.734,0.0,-0.09,0.01,-0.1,-0.09,0.01,-0.1,-0.389,-0.151,-1.371,-0.054,-1.317,-0.775,-0.075,-0.7,-0.686,-0.064,-0.622,0.144,0.018,0.126,-0.427,-0.319,-0.106,-0.45,0.234,0.234,-2.014,0.001,-0.45,-0.249,-0.201,-0.45,-0.249,-0.201,-1.295,-0.515,-1.28,-0.734,-2.013,425,209,216
364,Chapman,2005,-0.339,0.036,-0.375,-0.475,-0.354,-0.121,-0.238,-0.266,0.028,0.338,0.095,0.243,-0.916,-0.788,-0.126,-0.188,0.123,0.123,-1.443,-1.32,0.0,-0.188,-0.305,0.117,-0.188,-0.305,0.117,0.634,-0.466,-0.749,-0.012,-0.737,-0.279,0.164,-0.443,-0.221,0.007,-0.228,-0.237,-0.037,-0.2,0.149,-0.115,0.261,-0.136,0.031,0.031,-0.736,-0.705,0.0,-0.136,-0.169,0.033,-0.136,-0.169,0.033,-0.315,0.079,-1.09,0.024,-1.114,-0.755,-0.19,-0.565,-0.46,-0.26,-0.2,0.101,0.058,0.043,-0.768,-0.903,0.135,-0.324,0.154,0.154,-2.025,0.0,-0.324,-0.474,0.15,-0.324,-0.474,0.15,0.319,-0.386,-1.32,-0.705,-2.025,3731,1865,1866
770,West,2005,-0.983,-0.182,-0.801,-0.41,-0.15,-0.26,-0.214,-0.005,-0.209,-0.177,0.007,-0.184,-0.193,-0.169,-0.021,0.027,-0.459,-0.459,-1.149,-1.608,0.0,0.027,-0.065,0.092,0.027,-0.065,0.092,-1.399,-0.424,-0.354,0.106,-0.46,-0.136,0.039,-0.175,-0.468,-0.1,-0.368,0.144,0.001,0.143,-0.17,-0.267,0.094,-0.127,0.233,0.233,-0.651,-0.418,0.0,-0.127,-0.053,-0.074,-0.127,-0.053,-0.074,-0.134,-0.151,-1.338,-0.076,-1.262,-0.546,-0.111,-0.435,-0.682,-0.105,-0.577,-0.034,0.008,-0.042,-0.362,-0.436,0.073,-0.101,-0.226,-0.226,-2.026,0.0,-0.101,-0.118,0.017,-0.101,-0.118,0.017,-1.533,-0.575,-1.608,-0.418,-2.026,469,236,233
363,Christian Laettner,2005,0.356,0.177,0.179,0.055,0.213,-0.158,0.57,-0.233,0.803,-0.446,-0.153,-0.293,-0.006,-0.284,0.279,-0.882,-1.374,-1.374,-0.532,-1.906,0.0,-0.882,-0.901,0.019,-0.882,-0.901,0.019,0.431,0.094,-0.927,-0.074,-0.853,-0.828,-0.248,-0.58,0.636,0.025,0.611,-0.661,0.003,-0.664,0.441,0.443,0.0,0.107,0.252,0.252,-0.379,-0.127,0.0,0.107,0.028,0.079,0.107,0.028,0.079,0.051,-0.232,-0.571,0.103,-0.674,-0.773,-0.035,-0.738,1.206,-0.208,1.414,-1.107,-0.151,-0.956,0.436,0.159,0.279,-0.774,-1.122,-1.122,-2.033,0.0,-0.774,-0.874,0.1,-0.774,-0.874,0.1,0.482,-0.138,-1.906,-0.127,-2.033,37024,18551,18473
2081,Ernest Brown,2005,-0.854,-0.074,-0.78,-0.323,-0.189,-0.134,-0.344,-0.019,-0.325,-0.113,0.007,-0.12,-0.194,-0.1,-0.092,-0.287,-0.234,-0.234,-1.335,-1.569,0.0,-0.287,-0.197,-0.09,-0.287,-0.197,-0.09,-1.035,-0.326,-0.3,0.05,-0.35,-0.026,0.049,-0.075,-0.27,-0.054,-0.216,-0.054,-0.007,-0.047,-0.071,-0.058,-0.012,-0.084,-0.009,-0.009,-0.455,-0.464,0.0,-0.084,-0.018,-0.066,-0.084,-0.018,-0.066,-0.254,0.007,-1.153,-0.024,-1.129,-0.348,-0.139,-0.209,-0.614,-0.073,-0.541,-0.167,-0.0,-0.167,-0.265,-0.159,-0.104,-0.371,-0.243,-0.243,-2.033,-0.001,-0.371,-0.215,-0.156,-0.371,-0.215,-0.156,-1.289,-0.319,-1.569,-0.464,-2.034,76,39,37
2753,Delonte West,2005,-0.901,-0.455,-0.446,-0.298,-0.111,-0.187,0.28,0.106,0.174,-0.428,0.065,-0.493,-0.603,-0.289,-0.313,-0.56,-0.322,-0.322,-2.064,-2.386,0.0,-0.56,-0.159,-0.401,-0.56,-0.159,-0.401,-0.291,-0.302,0.924,0.11,0.814,0.211,0.061,0.15,0.831,-0.142,0.973,-0.228,-0.014,-0.214,-0.491,-0.522,0.032,0.26,-0.343,-0.343,0.693,0.35,-0.0,0.26,0.119,0.141,0.26,0.119,0.141,0.248,-0.138,0.023,-0.345,0.368,-0.087,-0.05,-0.037,1.111,-0.036,1.147,-0.656,0.051,-0.707,-1.094,-0.811,-0.281,-0.3,-0.665,-0.665,-2.036,-0.001,-0.3,-0.04,-0.26,-0.3,-0.04,-0.26,-0.043,-0.44,-2.386,0.35,-2.037,2373,1190,1183
2876,Jared Reiner,2005,-0.784,-0.067,-0.717,-0.293,-0.188,-0.105,-0.419,-0.063,-0.356,-0.005,0.022,-0.027,-0.458,-0.341,-0.115,-0.289,0.08,0.08,-1.531,-1.451,-0.0,-0.289,-0.147,-0.142,-0.289,-0.147,-0.142,-0.956,-0.338,-0.107,0.088,-0.195,0.103,0.112,-0.009,-0.173,-0.056,-0.117,-0.125,-0.01,-0.115,-0.152,-0.245,0.091,-0.143,-0.187,-0.187,-0.402,-0.589,0.0,-0.143,0.062,-0.205,-0.143,0.062,-0.205,0.168,0.129,-0.892,0.021,-0.913,-0.191,-0.076,-0.115,-0.592,-0.119,-0.473,-0.13,0.012,-0.142,-0.61,-0.586,-0.025,-0.432,-0.107,-0.107,-2.04,0.0,-0.432,-0.085,-0.347,-0.432,-0.085,-0.347,-0.788,-0.209,-1.451,-0.589,-2.04,547,271,276
2440,Matt Barnes,2005,-1.808,0.028,-1.836,-0.644,0.131,-0.775,-0.792,-0.089,-0.703,-0.4,-0.185,-0.215,0.669,0.624,0.047,-0.536,0.775,0.775,-1.675,-0.9,0.0,-0.536,-0.135,-0.401,-0.536,-0.135,-0.401,-3.662,-0.657,-0.386,0.114,-0.5,-0.24,0.109,-0.349,-0.615,-0.151,-0.464,0.355,-0.045,0.4,-0.425,-0.396,-0.028,0.106,-0.435,-0.435,-0.705,-1.14,0.0,0.106,-0.017,0.123,0.106,-0.017,0.123,0.158,0.197,-2.192,0.142,-2.334,-0.884,0.24,-1.124,-1.406,-0.239,-1.167,-0.044,-0.23,0.186,0.244,0.228,0.019,-0.43,0.341,0.341,-2.04,0.0,-0.43,-0.153,-0.277,-0.43,-0.153,-0.277,-3.504,-0.46,-0.9,-1.14,-2.04,5497,2735,2762
2604,Theron Smith,2005,-1.903,-0.055,-1.848,-0.475,-0.21,-0.265,-1.407,-0.024,-1.383,0.034,0.059,-0.025,-0.333,0.011,-0.342,-0.299,1.197,1.197,-2.535,-1.338,0.0,-0.299,0.059,-0.358,-0.299,0.059,-0.358,-0.488,-0.487,0.329,0.186,0.143,-0.058,0.056,-0.114,0.352,-0.085,0.437,-0.151,0.025,-0.176,-0.478,-0.369,-0.107,-0.082,-0.471,-0.471,-0.231,-0.702,0.0,-0.082,-0.09,0.008,-0.082,-0.09,0.008,-0.285,-0.154,-1.575,0.131,-1.706,-0.533,-0.154,-0.379,-1.056,-0.109,-0.947,-0.117,0.084,-0.201,-0.811,-0.358,-0.45,-0.381,0.725,0.725,-2.04,-0.001,-0.381,-0.031,-0.35,-0.381,-0.031,-0.35,-0.773,-0.641,-1.338,-0.702,-2.041,2659,1317,1342
1444,Lawrence Funderburke,2005,-0.574,-0.031,-0.543,0.447,0.106,0.341,-0.283,-0.176,-0.107,-0.707,-0.054,-0.653,-0.438,-0.386,-0.05,-0.692,0.694,0.694,-1.704,-1.01,0.0,-0.692,-0.259,-0.433,-0.692,-0.259,-0.433,-1.725,0.257,-0.965,0.174,-1.139,-1.363,-0.198,-1.165,-0.128,0.03,-0.158,0.352,0.076,0.276,0.08,0.219,-0.143,-0.169,0.021,0.021,-1.054,-1.033,0.0,-0.169,-0.205,0.036,-0.169,-0.205,0.036,-0.744,-0.975,-1.538,0.143,-1.681,-0.915,-0.091,-0.824,-0.412,-0.146,-0.266,-0.354,0.023,-0.377,-0.357,-0.166,-0.193,-0.86,0.716,0.716,-2.043,0.0,-0.86,-0.464,-0.396,-0.86,-0.464,-0.396,-2.469,-0.718,-1.01,-1.033,-2.043,10967,5489,5478
458,Howard Eisley,2005,0.536,-0.187,0.723,-0.399,-0.21,-0.189,0.798,0.196,0.602,0.324,0.218,0.106,0.131,-0.104,0.235,0.053,-0.911,-0.911,0.72,-0.191,-0.0,0.053,-0.186,0.239,0.053,-0.186,0.239,-0.373,-0.632,-0.596,0.058,-0.654,-0.405,-0.131,-0.274,-0.2,-0.153,-0.047,-0.049,0.056,-0.105,-0.609,-0.695,0.087,-0.483,-0.167,-0.167,-1.688,-1.855,0.0,-0.483,-0.208,-0.275,-0.483,-0.208,-0.275,0.074,-0.188,-0.06,-0.129,0.069,-0.805,-0.342,-0.463,0.598,0.043,0.555,0.276,0.274,0.002,-0.478,-0.8,0.322,-0.43,-1.078,-1.078,-2.046,0.0,-0.43,-0.393,-0.037,-0.43,-0.393,-0.037,-0.299,-0.819,-0.191,-1.855,-2.046,40007,19982,20025
2590,Mo Williams,2005,-1.208,-0.177,-1.031,-0.601,0.243,-0.844,-0.135,-0.022,-0.113,-0.295,-0.16,-0.135,-0.021,-0.166,0.144,-0.392,-0.292,-0.292,-1.621,-1.913,0.0,-0.392,-0.155,-0.237,-0.392,-0.155,-0.237,-2.278,-0.053,-0.425,0.289,-0.714,-0.506,0.126,-0.632,-0.86,-0.141,-0.719,0.652,-0.024,0.676,-0.303,-0.212,-0.089,-0.172,0.766,0.766,-0.9,-0.134,-0.0,-0.172,0.189,-0.361,-0.172,0.189,-0.361,-0.542,-0.017,-1.634,0.112,-1.746,-1.107,0.369,-1.476,-0.995,-0.163,-0.832,0.356,-0.184,0.54,-0.324,-0.378,0.055,-0.565,0.474,0.474,-2.047,-0.0,-0.565,0.034,-0.599,-0.565,0.034,-0.599,-2.82,-0.07,-1.913,-0.134,-2.047,11480,5730,5750
2741,Robert Swift,2005,-1.016,-0.262,-0.754,-0.38,-0.146,-0.234,-0.006,-0.005,-0.001,-0.368,0.009,-0.377,-0.207,-0.171,-0.034,-0.234,0.036,0.036,-1.457,-1.421,0.0,-0.234,-0.073,-0.161,-0.234,-0.073,-0.161,-0.978,-0.252,-0.702,0.126,-0.828,-0.053,0.061,-0.114,-0.476,-0.057,-0.419,-0.299,0.006,-0.305,-0.124,-0.16,0.034,-0.038,0.237,0.237,-0.864,-0.627,0.0,-0.038,0.008,-0.046,-0.038,0.008,-0.046,-0.453,0.008,-1.72,-0.136,-1.584,-0.434,-0.086,-0.348,-0.483,-0.063,-0.42,-0.667,0.014,-0.681,-0.332,-0.331,-0.0,-0.272,0.273,0.273,-2.048,-0.001,-0.272,-0.065,-0.207,-0.272,-0.065,-0.207,-1.432,-0.244,-1.421,-0.627,-2.049,249,127,122
2212,Steven Hunter,2005,0.039,-0.239,0.278,0.281,-0.259,0.54,0.357,-0.089,0.446,-0.36,-0.001,-0.359,-1.269,-0.001,-1.269,-0.226,-0.198,-0.198,-1.456,-1.654,0.0,-0.226,-0.134,-0.092,-0.226,-0.134,-0.092,-2.159,0.201,1.15,-0.017,1.167,0.575,-0.253,0.828,0.28,0.031,0.249,0.312,0.004,0.308,0.816,0.801,0.015,-1.354,-1.007,-1.007,0.612,-0.395,0.0,-1.354,-0.606,-0.748,-1.354,-0.606,-0.748,-0.342,-0.192,1.189,-0.256,1.445,0.856,-0.512,1.368,0.637,-0.058,0.695,-0.048,0.003,-0.051,-0.453,0.8,-1.254,-1.58,-1.205,-1.205,-2.049,0.0,-1.58,-0.739,-0.841,-1.58,-0.739,-0.841,-2.501,0.009,-1.654,-0.395,-2.049,11728,5825,5903
2062,A.J. Guyton,2005,-1.058,-0.02,-1.038,-0.938,-0.455,-0.483,-0.449,0.13,-0.579,0.349,0.265,0.084,-0.406,-0.265,-0.14,0.357,-0.586,-0.586,-1.107,-1.693,0.0,0.357,0.38,-0.023,0.357,0.38,-0.023,0.596,-0.699,-0.781,0.145,-0.926,-0.295,-0.092,-0.203,-1.32,-0.124,-1.196,0.689,0.005,0.684,0.059,-0.061,0.121,0.421,-0.077,-0.077,-0.301,-0.378,0.0,0.421,0.427,-0.006,0.421,0.427,-0.006,-1.246,-0.314,-1.84,0.125,-1.965,-1.234,-0.547,-0.687,-1.769,0.006,-1.775,1.038,0.27,0.768,-0.347,-0.326,-0.019,0.778,-0.664,-0.664,-2.071,0.0,0.778,0.807,-0.029,0.778,0.807,-0.029,-0.65,-1.013,-1.693,-0.378,-2.071,4549,2263,2286
2238,Antonis Fotsis,2005,-0.891,-0.139,-0.752,-0.619,-0.027,-0.592,-0.003,0.196,-0.199,-0.13,0.103,-0.233,-0.092,-0.125,0.035,-0.816,-0.155,-0.155,-1.799,-1.954,0.0,-0.816,-0.182,-0.634,-0.816,-0.182,-0.634,-1.338,-0.331,0.014,0.082,-0.068,-0.368,-0.005,-0.363,0.452,0.016,0.436,-0.152,0.045,-0.197,-0.127,0.001,-0.125,-0.035,0.018,0.018,-0.148,-0.13,0.0,-0.035,0.115,-0.15,-0.035,0.115,-0.15,-0.445,-0.326,-0.875,-0.057,-0.818,-0.986,-0.032,-0.954,0.45,0.212,0.238,-0.282,0.148,-0.43,-0.219,-0.124,-0.09,-0.852,-0.137,-0.137,-2.084,0.0,-0.852,-0.066,-0.786,-0.852,-0.066,-0.786,-1.784,-0.658,-1.954,-0.13,-2.084,1204,604,600
22,Smits,2005,0.825,0.186,0.639,0.284,-0.583,0.867,-0.175,-0.913,0.738,0.53,-0.231,0.761,-0.909,-0.9,-0.004,0.156,-0.725,-0.725,0.072,-0.653,0.0,0.156,-0.579,0.735,0.156,-0.579,0.735,2.585,-0.412,-1.211,0.015,-1.226,-1.327,-0.084,-1.243,0.662,0.209,0.453,-0.561,0.067,-0.628,0.33,0.361,-0.033,-0.538,-0.013,-0.013,-1.419,-1.432,0.0,-0.538,-0.378,-0.16,-0.538,-0.378,-0.16,0.224,-0.296,-0.386,0.201,-0.587,-1.043,-0.667,-0.376,0.487,-0.704,1.191,-0.031,-0.164,0.133,-0.578,-0.54,-0.037,-0.382,-0.738,-0.738,-2.085,0.0,-0.382,-0.958,0.576,-0.382,-0.958,0.576,2.809,-0.708,-0.653,-1.432,-2.085,8945,4465,4480
785,Murdock,2005,-0.934,0.015,-0.949,-0.81,0.065,-0.875,-0.145,0.015,-0.16,0.006,-0.033,0.039,-0.212,0.002,-0.211,-0.174,-0.74,-0.74,-1.32,-2.06,0.0,-0.174,0.299,-0.473,-0.174,0.299,-0.473,-4.171,-0.728,0.028,0.074,-0.046,-0.406,-0.1,-0.306,0.217,-0.038,0.255,0.143,0.02,0.123,-0.028,0.012,-0.039,0.185,-0.219,-0.219,0.185,-0.034,0.0,0.185,0.056,0.129,0.185,0.056,0.129,-0.414,-0.368,-0.905,0.089,-0.994,-1.215,-0.035,-1.18,0.072,-0.023,0.095,0.149,-0.013,0.162,-0.24,0.014,-0.25,0.011,-0.96,-0.96,-2.094,0.0,0.011,0.356,-0.345,0.011,0.356,-0.345,-4.585,-1.096,-2.06,-0.034,-2.094,2682,1335,1347
2400,Drew Gooden,2005,-0.509,0.152,-0.661,-0.772,-0.114,-0.658,0.41,-0.255,0.665,-0.299,-0.053,-0.246,-0.336,-0.343,0.006,-0.52,1.042,1.042,-1.365,-0.323,-0.0,-0.52,-0.167,-0.353,-0.52,-0.167,-0.353,-0.625,-0.226,-2.146,-0.112,-2.034,-1.108,-0.188,-0.92,-0.095,0.001,-0.096,-0.831,0.002,-0.833,0.536,0.618,-0.083,-0.253,0.087,0.087,-1.863,-1.776,0.0,-0.253,-0.003,-0.25,-0.253,-0.003,-0.25,-3.309,-0.799,-2.653,0.04,-2.693,-1.88,-0.302,-1.578,0.316,-0.253,0.569,-1.129,-0.051,-1.078,0.2,0.275,-0.078,-0.774,1.129,1.129,-2.099,0.001,-0.774,-0.169,-0.605,-0.774,-0.169,-0.605,-3.933,-1.025,-0.323,-1.776,-2.098,25511,12761,12750
1562,Gerard King,2005,-1.866,-0.236,-1.63,-0.043,-0.554,0.511,-0.976,-0.398,-0.578,-0.611,-0.062,-0.549,-0.112,-0.249,0.139,-0.552,0.067,0.067,-2.53,-2.463,0.0,-0.552,-0.348,-0.204,-0.552,-0.348,-0.204,-0.606,-0.711,-1.111,0.036,-1.147,-0.84,-0.05,-0.79,0.04,-0.139,0.179,-0.347,-0.032,-0.315,-0.15,-0.276,0.126,0.522,1.098,1.098,-0.739,0.359,-0.0,0.522,0.076,0.446,0.522,0.076,0.446,1.142,-0.142,-2.977,-0.2,-2.777,-0.884,-0.605,-0.279,-0.936,-0.537,-0.399,-0.957,-0.093,-0.864,-0.262,-0.525,0.265,-0.03,1.165,1.165,-2.104,0.001,-0.03,-0.272,0.242,-0.03,-0.272,0.242,0.535,-0.853,-2.463,0.359,-2.103,6775,3387,3388
2040,Jerome Moiso,2005,-3.033,-0.062,-2.971,-0.097,-0.233,0.136,-1.498,-0.178,-1.32,-1.376,-0.005,-1.371,-0.873,-0.323,-0.55,-0.777,0.066,0.066,-4.683,-4.617,0.0,-0.777,-0.175,-0.602,-0.777,-0.175,-0.602,-2.42,-0.149,1.968,0.212,1.756,0.593,0.107,0.486,0.534,-0.012,0.546,0.629,0.06,0.569,-0.186,-0.261,0.075,0.425,0.306,0.306,2.207,2.513,0.0,0.425,0.163,0.262,0.425,0.163,0.262,2.393,0.496,-1.063,0.15,-1.213,0.497,-0.125,0.622,-0.963,-0.19,-0.773,-0.747,0.055,-0.802,-1.059,-0.584,-0.475,-0.353,0.372,0.372,-2.104,0.0,-0.353,-0.012,-0.341,-0.353,-0.012,-0.341,-0.027,0.347,-4.617,2.513,-2.104,5285,2645,2640
1720,Michael Doleac,2005,-0.878,-0.042,-0.836,-0.926,-0.617,-0.309,0.116,-0.919,1.035,-0.026,-0.213,0.187,-0.888,-1.118,0.231,0.194,-0.406,-0.406,-1.572,-1.978,0.0,0.194,-0.011,0.205,0.194,-0.011,0.205,0.721,-1.323,-0.109,-0.011,-0.098,-0.103,0.222,-0.325,-0.345,0.071,-0.416,0.35,0.023,0.327,-0.664,-0.618,-0.048,-0.234,0.86,0.86,-1.007,-0.147,0.0,-0.234,-0.124,-0.11,-0.234,-0.124,-0.11,-0.152,0.001,-0.987,-0.053,-0.934,-1.029,-0.395,-0.634,-0.229,-0.848,0.619,0.324,-0.19,0.514,-1.552,-1.736,0.183,-0.04,0.454,0.454,-2.125,0.0,-0.04,-0.135,0.095,-0.04,-0.135,0.095,0.569,-1.321,-1.978,-0.147,-2.125,26060,13029,13031
2456,Cezary Trybanski,2005,-1.821,-0.055,-1.766,-0.582,-0.284,-0.298,-1.053,-0.107,-0.946,-0.131,-0.017,-0.114,-0.214,0.027,-0.239,-0.308,0.353,0.353,-2.343,-1.99,0.0,-0.308,0.073,-0.381,-0.308,0.073,-0.381,-1.708,-0.479,0.015,0.155,-0.14,0.017,0.045,-0.028,-0.361,-0.081,-0.28,0.204,-0.005,0.209,-0.182,-0.119,-0.06,-0.129,0.149,0.149,-0.296,-0.147,0.0,-0.129,-0.033,-0.096,-0.129,-0.033,-0.096,-0.029,-0.034,-1.806,0.1,-1.906,-0.565,-0.239,-0.326,-1.414,-0.188,-1.226,0.073,-0.022,0.095,-0.396,-0.092,-0.299,-0.437,0.501,0.501,-2.137,0.001,-0.437,0.041,-0.478,-0.437,0.041,-0.478,-1.737,-0.513,-1.99,-0.147,-2.136,357,179,178
981,Efthimios Rentzias,2005,-1.23,-0.331,-0.899,-0.366,-0.16,-0.206,-0.371,-0.008,-0.363,-0.162,-0.012,-0.15,-0.103,-0.135,0.034,0.12,-0.328,-0.328,-1.213,-1.541,0.0,0.12,-0.061,0.181,0.12,-0.061,0.181,-0.853,-0.264,-0.577,0.291,-0.868,-0.128,0.077,-0.205,-0.585,-0.123,-0.462,-0.155,-0.007,-0.148,-0.166,-0.314,0.143,0.058,0.085,0.085,-0.685,-0.6,0.0,0.058,0.075,-0.017,0.058,0.075,-0.017,-0.304,-0.019,-1.807,-0.04,-1.767,-0.494,-0.083,-0.411,-0.956,-0.131,-0.825,-0.317,-0.019,-0.298,-0.269,-0.449,0.177,0.178,-0.243,-0.243,-2.141,0.0,0.178,0.014,0.164,0.178,0.014,0.164,-1.157,-0.283,-1.541,-0.6,-2.141,570,288,282
1853,Anthony Carter,2005,-0.041,-0.053,0.012,0.918,0.229,0.689,-0.69,-0.104,-0.586,-0.216,-0.164,-0.052,-0.455,0.041,-0.495,-1.3,-1.495,-1.495,-1.796,-3.291,0.0,-1.3,-0.794,-0.506,-1.3,-0.794,-0.506,0.377,0.88,0.911,-0.038,0.949,0.297,0.249,0.048,0.72,0.056,0.664,-0.068,-0.037,-0.031,-0.29,-0.16,-0.13,0.319,0.209,0.209,0.94,1.149,0.0,0.319,0.148,0.171,0.319,0.148,0.171,2.068,0.58,0.868,-0.091,0.959,1.215,0.478,0.737,0.029,-0.048,0.077,-0.285,-0.201,-0.084,-0.744,-0.119,-0.625,-0.98,-1.286,-1.286,-2.142,0.0,-0.98,-0.646,-0.334,-0.98,-0.646,-0.334,2.445,1.46,-3.291,1.149,-2.142,24365,12148,12217
2798,Horace Jenkins,2005,-1.611,-0.233,-1.378,-0.169,-0.059,-0.11,-0.627,0.003,-0.63,-0.582,-0.038,-0.544,-0.057,-0.079,0.023,-0.205,-0.284,-0.284,-1.873,-2.157,0.0,-0.205,-0.078,-0.127,-0.205,-0.078,-0.127,-1.848,-0.179,0.076,0.086,-0.01,0.152,0.021,0.131,-0.258,-0.062,-0.196,0.096,-0.006,0.102,0.02,0.011,0.008,-0.111,0.017,0.017,-0.015,0.002,-0.0,-0.111,-0.119,0.008,-0.111,-0.119,0.008,-0.111,0.004,-1.536,-0.147,-1.389,-0.017,-0.038,0.021,-0.885,-0.059,-0.826,-0.487,-0.045,-0.442,-0.038,-0.068,0.031,-0.316,-0.267,-0.267,-2.155,0.0,-0.316,-0.197,-0.119,-0.316,-0.197,-0.119,-1.958,-0.175,-2.157,0.002,-2.155,381,191,190
1924,Lee Nailon,2005,-1.131,-0.021,-1.11,0.01,-0.013,0.023,-0.17,-0.548,0.378,-0.95,-0.334,-0.616,-0.066,-0.205,0.139,-0.138,0.534,0.534,-1.335,-0.801,-0.0,-0.138,0.012,-0.15,-0.138,0.012,-0.15,-1.653,0.211,-0.474,-0.251,-0.223,-0.106,-0.195,0.089,-0.085,-0.177,0.092,-0.032,0.014,-0.046,-0.578,-0.574,-0.002,-0.14,-0.171,-0.171,-1.192,-1.363,0.0,-0.14,-0.174,0.034,-0.14,-0.174,0.034,1.073,-0.358,-1.605,-0.272,-1.333,-0.096,-0.208,0.112,-0.255,-0.725,0.47,-0.982,-0.32,-0.662,-0.644,-0.779,0.137,-0.278,0.363,0.363,-2.164,0.0,-0.278,-0.162,-0.116,-0.278,-0.162,-0.116,-0.58,-0.147,-0.801,-1.363,-2.164,21285,10569,10716
339,Tom Gugliotta,2005,-0.971,0.01,-0.981,-0.377,-0.241,-0.136,-0.215,-0.661,0.446,-0.389,-0.243,-0.146,-0.441,-0.672,0.231,-0.087,-1.056,-1.056,-1.499,-2.555,-0.0,-0.087,-0.299,0.212,-0.087,-0.299,0.212,0.184,-0.436,0.099,-0.119,0.218,0.128,0.025,0.103,-0.167,0.088,-0.255,0.257,-0.043,0.3,0.415,0.461,-0.05,0.477,-0.665,-0.665,0.991,0.326,0.0,0.477,0.218,0.259,0.477,0.218,0.259,-0.613,-0.183,-0.872,-0.109,-0.763,-0.249,-0.216,-0.033,-0.382,-0.573,0.191,-0.132,-0.286,0.154,-0.026,-0.211,0.181,0.39,-1.721,-1.721,-2.229,-0.0,0.39,-0.08,0.47,0.39,-0.08,0.47,-0.429,-0.62,-2.555,0.326,-2.229,24122,12034,12088
1913,Michael Ruffin,2005,-1.198,0.113,-1.311,-0.667,-0.013,-0.654,-0.595,-0.028,-0.567,-0.049,-0.027,-0.022,-0.3,0.12,-0.421,-1.47,1.244,1.244,-2.968,-1.724,0.0,-1.47,-0.139,-1.331,-1.47,-0.139,-1.331,-2.599,-0.539,-0.414,-0.125,-0.289,-0.051,0.017,-0.068,-0.189,-0.179,-0.01,-0.049,-0.057,0.008,-0.515,-0.636,0.121,0.267,0.153,0.153,-0.662,-0.509,0.0,0.267,0.189,0.078,0.267,0.189,0.078,0.365,0.176,-1.609,-0.012,-1.597,-0.717,0.005,-0.722,-0.782,-0.206,-0.576,-0.098,-0.084,-0.014,-0.815,-0.516,-0.3,-1.204,1.398,1.398,-2.233,0.0,-1.204,0.05,-1.254,-1.204,0.05,-1.254,-2.234,-0.363,-1.724,-0.509,-2.233,15506,7710,7796
45,George McCloud,2005,-0.366,-0.111,-0.255,-0.248,-0.181,-0.067,0.572,0.404,0.168,-0.579,0.248,-0.827,0.558,0.41,0.149,-0.202,0.142,0.142,-0.01,0.132,-0.0,-0.202,-0.019,-0.183,-0.202,-0.019,-0.183,1.064,-0.154,-0.083,-0.013,-0.07,-0.43,-0.168,-0.262,-0.084,-0.203,0.119,0.444,0.045,0.399,-0.857,-0.802,-0.057,-0.301,-1.129,-1.129,-1.241,-2.37,0.0,-0.301,-0.085,-0.216,-0.301,-0.085,-0.216,-0.514,-0.404,-0.448,-0.124,-0.324,-0.677,-0.349,-0.328,0.488,0.201,0.287,-0.135,0.293,-0.428,-0.298,-0.392,0.092,-0.504,-0.987,-0.987,-2.238,0.0,-0.504,-0.104,-0.4,-0.504,-0.104,-0.4,0.55,-0.558,0.132,-2.37,-2.238,22946,11461,11485
1519,John Thomas,2005,-1.593,-0.002,-1.591,-1.002,-0.139,-0.863,0.144,-0.366,0.51,-0.733,-0.141,-0.592,-1.023,-0.424,-0.597,-0.269,0.426,0.426,-2.885,-2.459,-0.0,-0.269,-0.591,0.322,-0.269,-0.591,0.322,-1.106,-0.366,-0.108,0.322,-0.43,-0.793,-0.049,-0.744,0.245,-0.079,0.324,0.118,0.057,0.061,-0.312,-0.223,-0.089,0.097,0.521,0.521,-0.323,0.198,-0.0,0.097,0.38,-0.283,0.097,0.38,-0.283,-0.112,-0.437,-1.701,0.32,-2.021,-1.795,-0.188,-1.607,0.388,-0.446,0.834,-0.614,-0.084,-0.53,-1.335,-0.647,-0.686,-0.171,0.947,0.947,-2.261,-0.0,-0.171,-0.211,0.04,-0.171,-0.211,0.04,-1.218,-0.803,-2.459,0.198,-2.261,3845,1908,1937
121,Patrick Ewing,2005,-0.89,0.451,-1.341,-0.014,0.196,-0.21,-1.151,-0.399,-0.752,-0.176,-0.243,0.067,-0.055,-0.016,-0.038,-1.403,-0.056,-0.056,-2.348,-2.404,0.0,-1.403,-0.737,-0.666,-1.403,-0.737,-0.666,-2.129,-0.046,-0.708,-0.278,-0.43,-0.299,0.058,-0.357,-0.13,0.252,-0.382,-0.001,0.022,-0.023,0.551,0.494,0.056,-0.424,0.717,0.717,-0.581,0.136,0.0,-0.424,-0.173,-0.251,-0.424,-0.173,-0.251,-1.524,0.07,-1.599,0.173,-1.772,-0.313,0.254,-0.567,-1.281,-0.147,-1.134,-0.178,-0.222,0.044,0.496,0.478,0.018,-1.828,0.66,0.66,-2.268,0.0,-1.828,-0.91,-0.918,-1.828,-0.91,-0.918,-3.653,0.024,-2.404,0.136,-2.268,20818,10452,10366
2226,Will Solomon,2005,-2.391,-0.25,-2.141,-0.599,-0.262,-0.337,-1.158,0.261,-1.419,-0.384,0.246,-0.63,-0.261,-0.038,-0.221,0.294,0.459,0.459,-2.358,-1.899,0.0,0.294,-0.16,0.454,0.294,-0.16,0.454,-1.495,-0.535,-0.637,0.14,-0.777,-0.861,-0.208,-0.653,-0.049,-0.091,0.042,0.133,0.061,0.072,-0.061,-0.086,0.024,0.032,0.293,0.293,-0.666,-0.373,-0.0,0.032,-0.054,0.086,0.032,-0.054,0.086,-0.924,-0.74,-3.029,-0.11,-2.919,-1.461,-0.471,-0.99,-1.207,0.17,-1.377,-0.251,0.307,-0.558,-0.321,-0.124,-0.197,0.325,0.753,0.753,-2.272,0.0,0.325,-0.214,0.539,0.325,-0.214,0.539,-2.419,-1.275,-1.899,-0.373,-2.272,3344,1672,1672
1541,Alvin Williams,2005,-1.265,-0.032,-1.233,-0.945,-0.504,-0.441,0.147,-0.525,0.672,-0.435,-0.152,-0.283,-0.083,-0.039,-0.042,0.709,-0.439,-0.439,-0.639,-1.078,-0.0,0.709,0.171,0.538,0.709,0.171,0.538,-2.316,-0.737,-0.814,0.047,-0.861,-0.407,-0.235,-0.172,0.027,-0.013,0.04,-0.481,0.096,-0.577,-0.001,0.053,-0.053,-0.183,-0.197,-0.197,-0.998,-1.195,0.0,-0.183,-0.132,-0.051,-0.183,-0.132,-0.051,0.241,-0.342,-2.079,0.015,-2.094,-1.352,-0.739,-0.613,0.174,-0.538,0.712,-0.916,-0.056,-0.86,-0.084,0.013,-0.096,0.526,-0.636,-0.636,-2.273,-0.0,0.526,0.039,0.487,0.526,0.039,0.487,-2.074,-1.079,-1.078,-1.195,-2.273,42478,21230,21248
2245,Damone Brown,2005,-0.823,-0.077,-0.746,0.353,-0.045,0.398,-0.472,0.011,-0.483,-0.627,-0.043,-0.584,-0.149,0.225,-0.372,-0.817,-0.432,-0.432,-1.789,-2.221,0.0,-0.817,-0.306,-0.511,-0.817,-0.306,-0.511,-0.828,0.122,-0.132,0.102,-0.234,-0.361,0.014,-0.375,-0.111,-0.065,-0.046,0.238,0.0,0.238,0.086,0.039,0.046,-0.263,0.255,0.255,-0.309,-0.054,0.0,-0.263,-0.042,-0.221,-0.263,-0.042,-0.221,0.206,0.023,-0.956,0.025,-0.981,-0.008,-0.031,0.023,-0.583,-0.054,-0.529,-0.39,-0.043,-0.347,-0.063,0.264,-0.326,-1.079,-0.177,-0.177,-2.275,0.0,-1.079,-0.348,-0.731,-1.079,-0.348,-0.731,-0.622,0.145,-2.221,-0.054,-2.275,1265,628,637
2451,Corsley Edwards,2005,-1.773,-0.111,-1.662,-0.198,-0.19,-0.008,-1.103,0.074,-1.177,-0.361,0.054,-0.415,-0.069,-0.018,-0.049,-0.305,0.09,0.09,-2.147,-2.057,0.0,-0.305,-0.192,-0.113,-0.305,-0.192,-0.113,-1.705,-0.302,-0.153,0.092,-0.245,-0.0,0.023,-0.023,-0.322,-0.06,-0.262,0.077,0.004,0.073,-0.114,-0.137,0.023,0.076,-0.052,-0.052,-0.191,-0.243,0.0,0.076,0.075,0.001,0.076,0.075,0.001,-0.084,0.003,-1.925,-0.019,-1.906,-0.197,-0.166,-0.031,-1.425,0.014,-1.439,-0.284,0.058,-0.342,-0.183,-0.155,-0.027,-0.229,0.039,0.039,-2.3,0.0,-0.229,-0.117,-0.112,-0.229,-0.117,-0.112,-1.79,-0.299,-2.057,-0.243,-2.3,493,244,249
931,Don MacLean,2005,-1.15,-0.119,-1.031,-0.273,0.008,-0.281,-1.092,0.029,-1.121,0.334,-0.007,0.341,-0.293,-0.166,-0.124,-0.021,-0.562,-0.562,-1.464,-2.026,0.0,-0.021,0.158,-0.179,-0.021,0.158,-0.179,-0.49,-0.067,-0.187,-0.014,-0.173,0.178,0.007,0.171,-0.336,-0.128,-0.208,-0.015,-0.007,-0.008,-0.265,-0.34,0.073,0.348,-0.169,-0.169,-0.104,-0.273,0.0,0.348,0.171,0.177,0.348,0.171,0.177,0.751,0.151,-1.337,-0.133,-1.204,-0.095,0.015,-0.11,-1.428,-0.099,-1.329,0.319,-0.014,0.333,-0.558,-0.506,-0.051,0.327,-0.731,-0.731,-2.299,-0.001,0.327,0.329,-0.002,0.327,0.329,-0.002,0.261,0.084,-2.026,-0.273,-2.3,907,456,451
2566,Travis Outlaw,2005,-0.125,-0.111,-0.014,-0.058,-0.084,0.026,-0.764,-0.112,-0.652,0.808,-0.084,0.892,-0.254,0.142,-0.395,-0.535,-0.274,-0.274,-0.914,-1.188,0.0,-0.535,-0.314,-0.221,-0.535,-0.314,-0.221,-1.41,-0.024,-0.498,0.147,-0.645,0.065,-0.06,0.125,-0.38,-0.12,-0.26,-0.33,-0.001,-0.329,-0.165,-0.177,0.013,-0.097,-0.356,-0.356,-0.76,-1.116,0.0,-0.097,-0.149,0.052,-0.097,-0.149,0.052,-0.456,-0.055,-0.623,0.036,-0.659,0.007,-0.144,0.151,-1.143,-0.232,-0.911,0.477,-0.086,0.563,-0.419,-0.035,-0.382,-0.632,-0.631,-0.631,-2.304,0.001,-0.632,-0.464,-0.168,-0.632,-0.464,-0.168,-1.867,-0.079,-1.188,-1.116,-2.303,3077,1530,1547
2453,Predrag Savovic,2005,-1.038,-0.012,-1.026,-0.404,0.02,-0.424,0.057,0.133,-0.076,-0.679,0.028,-0.707,-0.11,0.112,-0.219,-0.956,-0.373,-0.373,-2.104,-2.477,0.0,-0.956,-0.395,-0.561,-0.956,-0.395,-0.561,-1.877,-0.417,-0.273,0.044,-0.317,0.34,0.042,0.298,-0.569,-0.086,-0.483,-0.088,0.003,-0.091,-0.328,-0.309,-0.018,0.401,0.373,0.373,-0.2,0.173,-0.0,0.401,0.242,0.159,0.401,0.242,0.159,-0.004,0.106,-1.314,0.032,-1.346,-0.064,0.063,-0.127,-0.513,0.046,-0.559,-0.769,0.03,-0.799,-0.438,-0.197,-0.237,-0.555,-0.0,-0.0,-2.304,0.0,-0.555,-0.153,-0.402,-0.555,-0.153,-0.402,-1.881,-0.31,-2.477,0.173,-2.304,993,495,498
992,Brown,2005,-1.627,-0.253,-1.374,-0.551,-0.186,-0.365,-0.345,0.064,-0.409,-0.478,0.027,-0.505,-0.083,0.01,-0.091,-0.045,0.024,0.024,-1.755,-1.731,-0.0,-0.045,-0.07,0.025,-0.045,-0.07,0.025,-1.416,-0.341,-0.398,0.117,-0.515,-0.092,0.08,-0.172,-0.21,-0.067,-0.143,-0.213,-0.011,-0.202,-0.243,-0.193,-0.048,-0.027,0.092,0.092,-0.668,-0.576,0.0,-0.027,0.01,-0.037,-0.027,0.01,-0.037,-0.432,0.002,-2.025,-0.136,-1.889,-0.643,-0.106,-0.537,-0.556,-0.004,-0.552,-0.69,0.016,-0.706,-0.326,-0.182,-0.139,-0.072,0.116,0.116,-2.307,0.0,-0.072,-0.06,-0.012,-0.072,-0.06,-0.012,-1.848,-0.339,-1.731,-0.576,-2.307,190,94,96
100,Legler,2005,-1.632,-0.057,-1.575,-0.64,-0.207,-0.433,-1.087,-0.09,-0.997,0.152,-0.032,0.184,-0.206,-0.069,-0.134,0.072,0.113,0.113,-1.766,-1.653,-0.0,0.072,-0.123,0.195,0.072,-0.123,0.195,-0.922,-0.528,-0.452,0.086,-0.538,-0.064,0.029,-0.093,-0.455,-0.109,-0.346,-0.019,-0.017,-0.002,-0.186,-0.172,-0.013,-0.094,0.062,0.062,-0.732,-0.67,-0.0,-0.094,-0.05,-0.044,-0.094,-0.05,-0.044,-0.414,-0.139,-2.084,0.029,-2.113,-0.704,-0.178,-0.526,-1.542,-0.198,-1.344,0.133,-0.05,0.183,-0.392,-0.241,-0.147,-0.022,0.175,0.175,-2.323,-0.0,-0.022,-0.173,0.151,-0.022,-0.173,0.151,-1.336,-0.667,-1.653,-0.67,-2.323,1176,590,586
1911,Celestand,2005,-1.742,-0.109,-1.633,-0.562,-0.182,-0.38,-1.035,-0.074,-0.961,-0.036,-0.011,-0.025,-0.332,-0.195,-0.134,-0.237,0.255,0.255,-2.311,-2.056,0.0,-0.237,-0.4,0.163,-0.237,-0.4,0.163,-0.682,-0.224,0.081,-0.002,0.083,-0.106,0.097,-0.203,0.162,-0.026,0.188,0.027,0.013,0.014,-0.273,-0.276,0.003,0.042,-0.141,-0.141,-0.15,-0.291,0.0,0.042,0.011,0.031,0.042,0.011,0.031,-0.001,-0.029,-1.661,-0.111,-1.55,-0.667,-0.084,-0.583,-0.874,-0.101,-0.773,-0.009,0.002,-0.011,-0.605,-0.471,-0.131,-0.195,0.114,0.114,-2.347,0.0,-0.195,-0.39,0.195,-0.195,-0.39,0.195,-0.683,-0.253,-2.056,-0.291,-2.347,741,368,373
2420,Nenad Krstic,2005,0.307,0.285,0.022,-0.079,-0.352,0.273,0.21,-0.347,0.557,-0.109,0.025,-0.134,-0.639,-0.749,0.108,-0.301,-1.003,-1.003,-0.633,-1.636,0.0,-0.301,0.086,-0.387,-0.301,0.086,-0.387,1.778,-0.511,-0.28,0.076,-0.356,0.211,0.131,0.08,-0.153,0.023,-0.176,-0.414,-0.032,-0.382,0.123,0.03,0.095,0.22,-0.78,-0.78,0.063,-0.717,0.0,0.22,0.221,-0.001,0.22,0.221,-0.001,-2.266,0.104,0.025,0.361,-0.336,0.131,-0.222,0.353,0.057,-0.324,0.381,-0.524,-0.007,-0.517,-0.516,-0.719,0.203,-0.081,-1.783,-1.783,-2.353,-0.0,-0.081,0.307,-0.388,-0.081,0.307,-0.388,-0.488,-0.408,-1.636,-0.717,-2.353,7846,3914,3932
177,Muggsy Bogues,2005,-2.682,-0.143,-2.539,-1.04,-0.471,-0.569,-0.803,-0.412,-0.391,-0.696,-0.121,-0.575,0.193,0.138,0.061,-0.469,0.144,0.144,-2.958,-2.814,-0.0,-0.469,-0.038,-0.431,-0.469,-0.038,-0.431,-1.448,-1.047,0.103,0.054,0.049,0.091,-0.112,0.203,0.293,-0.075,0.368,-0.335,0.032,-0.367,-0.28,-0.326,0.044,0.438,0.174,0.174,0.261,0.435,0.0,0.438,0.209,0.229,0.438,0.209,0.229,0.166,-0.109,-2.578,-0.089,-2.489,-0.948,-0.583,-0.365,-0.51,-0.487,-0.023,-1.031,-0.089,-0.942,-0.087,-0.188,0.105,-0.031,0.318,0.318,-2.379,-0.0,-0.031,0.171,-0.202,-0.031,0.171,-0.202,-1.282,-1.156,-2.814,0.435,-2.379,7041,3538,3503
1715,Jason Williams,2005,0.953,0.01,0.943,0.526,-0.071,0.597,0.444,0.521,-0.077,-0.027,0.432,-0.459,-0.124,-0.467,0.345,0.455,-1.009,-1.009,1.284,0.275,-0.0,0.455,-0.004,0.459,0.455,-0.004,0.459,-0.226,0.058,-2.001,0.091,-2.092,-1.08,-0.194,-0.886,-1.344,0.01,-1.354,0.332,0.046,0.286,0.306,0.28,0.024,-0.475,-0.484,-0.484,-2.17,-2.654,0.0,-0.475,0.046,-0.521,-0.475,0.046,-0.521,-0.947,-0.68,-1.044,0.101,-1.145,-0.553,-0.265,-0.288,-0.898,0.532,-1.43,0.306,0.478,-0.172,0.181,-0.187,0.368,-0.021,-1.493,-1.493,-2.379,-0.001,-0.021,0.043,-0.064,-0.021,0.043,-0.064,-1.173,-0.622,0.275,-2.654,-2.38,56600,28317,28283
2412,Jiri Welsch,2005,-0.21,-0.165,-0.045,0.475,0.075,0.4,-0.308,0.132,-0.44,-0.212,-0.023,-0.189,0.198,0.131,0.067,-0.58,0.011,0.011,-0.592,-0.581,0.0,-0.58,0.065,-0.645,-0.58,0.065,-0.645,-1.733,-0.027,-1.574,0.031,-1.605,-0.977,0.055,-1.032,0.268,0.007,0.261,-0.896,0.006,-0.902,-0.141,-0.098,-0.043,0.457,-0.543,-0.543,-1.258,-1.801,0.0,0.457,0.327,0.13,0.457,0.327,0.13,-1.29,-0.538,-1.784,-0.134,-1.65,-0.502,0.13,-0.632,-0.04,0.139,-0.179,-1.108,-0.017,-1.091,0.057,0.033,0.024,-0.123,-0.533,-0.533,-2.382,0.0,-0.123,0.393,-0.516,-0.123,0.393,-0.516,-3.024,-0.565,-0.581,-1.801,-2.382,14797,7398,7399
221,Clar. Weatherspoon,2005,-1.558,0.111,-1.669,-0.818,-0.24,-0.578,-0.166,-0.218,0.052,-0.685,-0.014,-0.671,-0.075,-0.315,0.238,-0.239,0.252,0.252,-1.872,-1.62,-0.0,-0.239,-0.112,-0.127,-0.239,-0.112,-0.127,-1.27,-0.274,-0.319,-0.094,-0.225,0.027,-0.028,0.055,-0.018,0.06,-0.078,-0.234,0.038,-0.272,-0.126,-0.004,-0.123,-0.06,-0.259,-0.259,-0.505,-0.764,0.0,-0.06,0.107,-0.167,-0.06,0.107,-0.167,-0.223,-0.106,-1.877,0.017,-1.894,-0.791,-0.268,-0.523,-0.184,-0.158,-0.026,-0.919,0.024,-0.943,-0.201,-0.319,0.115,-0.299,-0.007,-0.007,-2.384,0.0,-0.299,-0.005,-0.294,-0.299,-0.005,-0.294,-1.493,-0.38,-1.62,-0.764,-2.384,36127,18061,18066
971,Hendrickson,2005,-1.263,-0.103,-1.16,-0.376,-0.141,-0.235,-0.617,0.008,-0.625,-0.167,0.017,-0.184,-0.181,-0.072,-0.106,-0.398,0.004,0.004,-1.842,-1.838,0.0,-0.398,-0.169,-0.229,-0.398,-0.169,-0.229,-0.771,-0.237,-0.427,0.11,-0.537,-0.185,0.016,-0.201,-0.269,-0.088,-0.181,-0.083,-0.018,-0.065,-0.102,-0.077,-0.024,-0.106,0.085,0.085,-0.635,-0.55,0.0,-0.106,-0.01,-0.096,-0.106,-0.01,-0.096,-0.327,-0.038,-1.69,0.007,-1.697,-0.561,-0.125,-0.436,-0.886,-0.08,-0.806,-0.25,-0.001,-0.249,-0.283,-0.15,-0.13,-0.504,0.089,0.089,-2.388,0.0,-0.504,-0.179,-0.325,-0.504,-0.179,-0.325,-1.098,-0.275,-1.838,-0.55,-2.388,251,123,128
2239,Trenton Hassell,2005,-2.124,-0.063,-2.061,-0.677,-0.111,-0.566,-0.556,-0.374,-0.182,-0.828,-0.162,-0.666,-0.304,-0.329,0.023,0.082,0.757,0.757,-2.346,-1.589,0.0,0.082,0.065,0.017,0.082,0.065,0.017,-0.566,-0.324,-0.466,0.1,-0.566,0.009,-0.049,0.058,-0.143,-0.047,-0.096,-0.432,0.038,-0.47,-0.259,-0.213,-0.044,-0.604,0.521,0.521,-1.329,-0.808,0.0,-0.604,-0.054,-0.55,-0.604,-0.054,-0.55,-2.048,-0.225,-2.59,0.037,-2.627,-0.668,-0.16,-0.508,-0.699,-0.421,-0.278,-1.26,-0.124,-1.136,-0.563,-0.543,-0.02,-0.522,1.279,1.279,-2.397,0.0,-0.522,0.012,-0.534,-0.522,0.012,-0.534,-2.614,-0.55,-1.589,-0.808,-2.397,33797,16865,16932
2051,Donnell Harvey,2005,-1.904,0.066,-1.97,0.076,0.001,0.075,-1.144,-0.121,-1.023,-0.902,-0.139,-0.763,0.052,0.616,-0.563,-1.437,0.26,0.26,-3.289,-3.029,0.0,-1.437,-0.5,-0.937,-1.437,-0.5,-0.937,-2.932,0.423,0.611,-0.149,0.76,0.029,0.027,0.002,0.866,-0.182,1.048,-0.135,-0.065,-0.07,-0.365,-0.623,0.261,0.284,0.09,0.09,0.53,0.62,0.0,0.284,0.182,0.102,0.284,0.182,0.102,0.464,-0.058,-1.291,-0.083,-1.208,0.106,0.029,0.077,-0.278,-0.303,0.025,-1.036,-0.204,-0.832,-0.313,-0.007,-0.302,-1.153,0.35,0.35,-2.409,0.0,-1.153,-0.318,-0.835,-1.153,-0.318,-0.835,-2.468,0.364,-3.029,0.62,-2.409,12653,6281,6372
251,Sean Elliott,2005,-2.787,-0.397,-2.39,-1.129,-0.168,-0.961,-1.012,0.017,-1.029,-0.249,0.005,-0.254,-0.334,-0.091,-0.241,-0.18,-0.726,-0.726,-3.301,-4.027,0.0,-0.18,-0.307,0.127,-0.18,-0.307,0.127,-1.366,-0.577,1.586,0.009,1.577,0.497,-0.003,0.5,0.156,0.049,0.107,0.924,0.018,0.906,0.285,0.271,0.014,-0.418,0.163,0.163,1.453,1.616,0.0,-0.418,-0.304,-0.114,-0.418,-0.304,-0.114,0.699,0.105,-1.202,-0.388,-0.814,-0.633,-0.171,-0.462,-0.856,0.066,-0.922,0.675,0.023,0.652,-0.048,0.181,-0.227,-0.598,-0.563,-0.563,-2.411,0.0,-0.598,-0.611,0.013,-0.598,-0.611,0.013,-0.667,-0.473,-4.027,1.616,-2.411,7334,3692,3642
193,Anthony Mason,2005,0.686,-0.019,0.705,-0.57,-0.28,-0.29,0.745,-0.01,0.755,0.53,0.112,0.418,-0.319,-0.048,-0.273,0.327,-1.394,-1.394,0.694,-0.7,-0.0,0.327,-0.026,0.353,0.327,-0.026,0.353,0.94,-0.483,-2.173,0.123,-2.296,-0.714,0.012,-0.726,-1.146,0.038,-1.184,-0.436,-0.014,-0.422,0.282,0.337,-0.058,-0.581,0.756,0.756,-2.472,-1.716,0.0,-0.581,-0.307,-0.274,-0.581,-0.307,-0.274,-1.194,-0.099,-1.486,0.104,-1.59,-1.284,-0.268,-1.016,-0.4,0.028,-0.428,0.094,0.098,-0.004,-0.037,0.289,-0.33,-0.254,-0.638,-0.638,-2.416,0.0,-0.254,-0.333,0.079,-0.254,-0.333,0.079,-0.254,-0.582,-0.7,-1.716,-2.416,45414,22722,22692
1751,Jahidi White,2005,1.525,0.3,1.225,0.37,0.326,0.044,0.832,-0.258,1.09,0.023,-0.131,0.154,-1.739,-0.708,-1.03,-1.725,0.701,0.701,-1.939,-1.238,0.0,-1.725,-0.749,-0.976,-1.725,-0.749,-0.976,-0.183,0.524,-0.648,-0.396,-0.252,-0.808,-0.334,-0.474,0.612,0.04,0.572,-0.056,0.018,-0.074,0.419,0.496,-0.078,-0.652,-0.301,-0.301,-0.881,-1.182,0.0,-0.652,-0.078,-0.574,-0.652,-0.078,-0.574,-2.2,-0.771,0.876,-0.096,0.972,-0.438,-0.008,-0.43,1.444,-0.218,1.662,-0.034,-0.114,0.08,-1.321,-0.212,-1.108,-2.377,0.4,0.4,-2.42,0.0,-2.377,-0.828,-1.549,-2.377,-0.828,-1.549,-2.383,-0.247,-1.238,-1.182,-2.42,21631,10794,10837
244,Dee Brown,2005,-1.548,-0.213,-1.335,-0.861,-0.487,-0.374,-0.21,0.24,-0.45,-0.264,0.352,-0.616,-0.475,-0.274,-0.198,-0.514,0.131,0.131,-2.537,-2.406,-0.0,-0.514,0.088,-0.602,-0.514,0.088,-0.602,-0.385,-0.794,0.259,0.081,0.178,-0.578,-0.106,-0.472,0.305,-0.086,0.391,0.451,0.017,0.434,-0.13,-0.133,0.003,-0.342,0.197,0.197,-0.213,-0.016,0.0,-0.342,-0.12,-0.222,-0.342,-0.12,-0.222,-0.684,-0.557,-1.289,-0.132,-1.157,-1.439,-0.593,-0.846,0.095,0.154,-0.059,0.187,0.369,-0.182,-0.604,-0.407,-0.196,-0.856,0.328,0.328,-2.422,0.001,-0.856,-0.032,-0.824,-0.856,-0.032,-0.824,-1.069,-1.351,-2.406,-0.016,-2.421,3750,1874,1876
2427,Roger Mason Jr.,2005,-1.095,-0.034,-1.061,-0.745,-0.26,-0.485,0.068,-0.011,0.079,-0.384,0.105,-0.489,-0.468,-0.372,-0.095,0.338,-1.474,-1.474,-1.225,-2.699,0.0,0.338,0.354,-0.016,0.338,0.354,-0.016,-0.997,-0.795,-0.261,0.207,-0.468,0.101,0.044,0.057,-0.405,-0.105,-0.3,-0.164,0.017,-0.181,-0.315,-0.424,0.108,0.092,0.76,0.76,-0.484,0.276,0.0,0.092,-0.036,0.128,0.092,-0.036,0.128,-0.039,0.041,-1.354,0.173,-1.527,-0.644,-0.216,-0.428,-0.336,-0.115,-0.221,-0.547,0.123,-0.67,-0.783,-0.796,0.013,0.43,-0.714,-0.714,-2.423,0.0,0.43,0.318,0.112,0.43,0.318,0.112,-1.035,-0.754,-2.699,0.276,-2.423,1621,809,812
2064,Khalid El-Amin,2005,-2.288,-0.063,-2.225,-0.981,0.27,-1.251,-0.349,0.232,-0.581,-0.895,0.053,-0.948,-0.297,-0.298,0.002,0.584,-0.017,-0.017,-2.001,-2.018,0.0,0.584,0.683,-0.099,0.584,0.683,-0.099,-0.964,0.131,0.226,0.1,0.126,0.15,0.003,0.147,0.179,-0.179,0.358,-0.203,0.007,-0.21,-0.484,-0.651,0.166,0.145,-0.3,-0.3,-0.113,-0.413,0.0,0.145,0.367,-0.222,0.145,0.367,-0.222,0.221,-0.125,-2.063,0.037,-2.1,-0.831,0.273,-1.104,-0.171,0.053,-0.224,-1.098,0.06,-1.158,-0.781,-0.949,0.169,0.729,-0.317,-0.317,-2.431,0.0,0.729,1.05,-0.321,0.729,1.05,-0.321,-0.744,0.006,-2.018,-0.413,-2.431,3477,1743,1734
383,Kendall Gill,2005,-2.247,-0.062,-2.185,-0.022,0.224,-0.246,-1.621,-0.23,-1.391,-0.542,-0.239,-0.303,-0.185,0.003,-0.186,0.426,-0.833,-0.833,-2.006,-2.839,-0.0,0.426,0.346,0.08,0.426,0.346,0.08,-1.791,0.145,-0.394,0.048,-0.442,-0.622,-0.381,-0.241,0.325,-0.166,0.491,-0.145,0.008,-0.153,0.198,0.199,-0.002,0.397,0.194,0.194,0.201,0.395,0.0,0.397,0.303,0.094,0.397,0.303,0.094,-0.19,-0.573,-2.64,-0.014,-2.626,-0.644,-0.157,-0.487,-1.296,-0.396,-0.9,-0.686,-0.231,-0.455,0.013,0.202,-0.189,0.823,-0.639,-0.639,-2.444,-0.0,0.823,0.649,0.174,0.823,0.649,0.174,-1.981,-0.428,-2.839,0.395,-2.444,32701,16352,16349
2055,Mamadou N'diaye,2005,-2.64,-0.119,-2.521,-0.416,-0.238,-0.178,-1.046,-0.094,-0.952,-1.059,-0.006,-1.053,-0.271,-0.107,-0.163,0.197,1.163,1.163,-2.714,-1.551,0.0,0.197,0.076,0.121,0.197,0.076,0.121,-2.306,-0.241,-0.109,0.069,-0.178,-0.1,-0.027,-0.073,-0.203,-0.081,-0.122,0.125,-0.001,0.126,-0.022,-0.085,0.063,-0.39,-0.373,-0.373,-0.521,-0.894,0.0,-0.39,-0.157,-0.233,-0.39,-0.157,-0.233,-0.791,-0.193,-2.749,-0.05,-2.699,-0.516,-0.265,-0.251,-1.25,-0.176,-1.074,-0.933,-0.006,-0.927,-0.293,-0.193,-0.1,-0.193,0.79,0.79,-2.445,0.0,-0.193,-0.081,-0.112,-0.193,-0.081,-0.112,-3.097,-0.434,-1.551,-0.894,-2.445,3320,1653,1667
2041,Etan Thomas,2005,-1.133,0.339,-1.472,0.347,-0.241,0.588,-1.816,-0.382,-1.434,-0.003,-0.126,0.123,-0.571,0.204,-0.777,-1.071,0.527,0.527,-2.775,-2.248,-0.0,-1.071,-0.519,-0.552,-1.071,-0.519,-0.552,-3.008,-0.342,-0.018,-0.211,0.193,-0.767,0.061,-0.828,0.307,0.064,0.243,0.653,-0.015,0.668,0.147,0.162,-0.015,-0.453,0.127,0.127,-0.324,-0.197,0.0,-0.453,-0.386,-0.067,-0.453,-0.386,-0.067,-1.343,-0.329,-1.149,0.128,-1.277,-0.419,-0.179,-0.24,-1.508,-0.318,-1.19,0.65,-0.141,0.791,-0.425,0.366,-0.793,-1.525,0.654,0.654,-2.445,0.0,-1.525,-0.905,-0.62,-1.525,-0.905,-0.62,-4.351,-0.671,-2.248,-0.197,-2.445,15878,7946,7932
681,Donny Marshall,2005,-1.874,-0.342,-1.532,-0.72,-0.182,-0.538,-0.513,0.057,-0.57,-0.299,0.025,-0.324,-0.264,-0.084,-0.177,0.314,-0.37,-0.37,-1.824,-2.194,0.0,0.314,0.065,0.249,0.314,0.065,0.249,-1.808,-0.393,-0.384,0.092,-0.476,0.005,0.048,-0.043,-0.19,-0.044,-0.146,-0.291,-0.009,-0.282,-0.045,0.047,-0.09,-0.048,0.226,0.226,-0.477,-0.251,0.0,-0.048,-0.005,-0.043,-0.048,-0.005,-0.043,-0.152,-0.019,-2.258,-0.25,-2.008,-0.714,-0.133,-0.581,-0.704,0.013,-0.717,-0.59,0.016,-0.606,-0.309,-0.037,-0.267,0.266,-0.144,-0.144,-2.445,-0.001,0.266,0.06,0.206,0.266,0.06,0.206,-1.961,-0.412,-2.194,-0.251,-2.446,664,332,332
2261,Kenny Satterfield,2005,-3.06,-0.001,-3.059,-0.402,0.259,-0.661,-1.46,0.041,-1.501,-1.197,-0.108,-1.089,-0.151,0.032,-0.182,0.322,0.712,0.712,-2.889,-2.177,-0.0,0.322,0.033,0.289,0.322,0.033,0.289,-1.063,0.582,-1.3,0.27,-1.57,-0.589,-0.131,-0.458,-0.559,-0.14,-0.419,-0.422,0.008,-0.43,-0.078,-0.026,-0.051,0.931,0.166,0.166,-0.447,-0.281,0.0,0.931,0.568,0.363,0.931,0.568,0.363,-0.92,-0.58,-4.361,0.269,-4.63,-0.991,0.128,-1.119,-2.02,-0.099,-1.921,-1.619,-0.1,-1.519,-0.23,0.006,-0.233,1.253,0.878,0.878,-2.458,-0.0,1.253,0.601,0.652,1.253,0.601,0.652,-1.984,0.003,-2.177,-0.281,-2.458,3913,1955,1958
145,Tracy Murray,2005,-0.778,-0.223,-0.555,0.16,-0.127,0.287,-1.074,0.357,-1.431,0.359,0.275,0.084,0.139,0.198,-0.056,0.398,0.449,0.449,-0.241,0.208,-0.0,0.398,0.351,0.047,0.398,0.351,0.047,0.944,-0.045,-1.919,-0.084,-1.835,-0.847,-0.119,-0.728,-0.446,-0.205,-0.241,-0.542,0.048,-0.59,-0.967,-1.021,0.052,-0.109,0.324,0.324,-2.995,-2.671,0.0,-0.109,-0.379,0.27,-0.109,-0.379,0.27,0.456,-0.324,-2.694,-0.307,-2.387,-0.686,-0.245,-0.441,-1.52,0.152,-1.672,-0.181,0.324,-0.505,-0.828,-0.823,-0.005,0.289,0.773,0.773,-2.463,0.0,0.289,-0.028,0.317,0.289,-0.028,0.317,1.4,-0.369,0.208,-2.671,-2.463,12152,6110,6042
201,Chris Dudley,2005,-1.448,-0.034,-1.414,-1.301,-0.366,-0.935,0.041,-0.658,0.699,-0.154,-0.14,-0.014,-1.216,-0.883,-0.333,-0.186,0.654,0.654,-2.85,-2.196,-0.0,-0.186,-0.063,-0.123,-0.186,-0.063,-0.123,0.071,-0.954,-0.004,-0.035,0.031,0.216,0.213,0.003,-0.029,0.125,-0.154,-0.156,0.004,-0.16,0.104,-0.036,0.139,-0.516,0.143,0.143,-0.416,-0.273,0.0,-0.516,-0.042,-0.474,-0.516,-0.042,-0.474,-1.349,0.082,-1.452,-0.069,-1.383,-1.085,-0.152,-0.933,0.012,-0.533,0.545,-0.31,-0.136,-0.174,-1.112,-0.919,-0.193,-0.702,0.797,0.797,-2.469,0.0,-0.702,-0.105,-0.597,-0.702,-0.105,-0.597,-1.278,-0.872,-2.196,-0.273,-2.469,5491,2736,2755
2078,Jason Hart,2005,-0.682,-0.499,-0.183,-0.713,-0.248,-0.465,-0.117,-0.272,0.155,0.647,-0.15,0.797,-0.205,0.097,-0.302,-0.134,-1.695,-1.695,-1.021,-2.716,0.0,-0.134,0.425,-0.559,-0.134,0.425,-0.559,-1.266,-0.718,-0.159,-0.022,-0.137,-0.51,-0.044,-0.466,-0.365,-0.146,-0.219,0.738,-0.007,0.745,-0.417,-0.414,-0.002,0.587,0.229,0.229,0.011,0.24,-0.0,0.587,0.459,0.128,0.587,0.459,0.128,0.892,-0.196,-0.841,-0.521,-0.32,-1.222,-0.292,-0.93,-0.482,-0.418,-0.064,1.384,-0.158,1.542,-0.622,-0.317,-0.305,0.454,-1.466,-1.466,-2.476,0.0,0.454,0.884,-0.43,0.454,0.884,-0.43,-0.375,-0.914,-2.716,0.24,-2.476,10292,5145,5147
1533,Anthony Johnson,2005,-2.217,-0.205,-2.012,-1.05,-0.206,-0.844,-0.719,-0.199,-0.52,-0.243,-0.109,-0.134,0.297,0.405,-0.107,0.807,-0.565,-0.565,-1.113,-1.678,0.0,0.807,0.535,0.272,0.807,0.535,0.272,-2.37,-0.706,-0.446,0.241,-0.687,-0.393,-0.075,-0.318,-0.248,-0.111,-0.137,-0.046,0.067,-0.113,-0.49,-0.534,0.043,0.067,0.065,0.065,-0.869,-0.804,0.0,0.067,-0.283,0.35,0.067,-0.283,0.35,1.017,-0.241,-2.663,0.036,-2.699,-1.443,-0.281,-1.162,-0.967,-0.31,-0.657,-0.289,-0.042,-0.247,-0.193,-0.129,-0.063,0.874,-0.499,-0.499,-2.482,-0.001,0.874,0.252,0.622,0.874,0.252,0.622,-1.353,-0.946,-1.678,-0.804,-2.483,24209,12129,12080
1829,Ike Fontaine,2005,-1.203,-0.122,-1.081,-0.303,-0.156,-0.147,-0.346,-0.03,-0.316,-0.432,0.001,-0.433,-0.149,-0.119,-0.027,-0.282,-0.042,-0.042,-1.634,-1.676,0.0,-0.282,-0.132,-0.15,-0.282,-0.132,-0.15,-1.613,-0.303,-0.673,0.001,-0.674,-0.039,-0.033,-0.006,-0.25,-0.098,-0.152,-0.385,-0.012,-0.373,-0.1,-0.106,0.006,-0.074,0.028,0.028,-0.847,-0.819,0.0,-0.074,-0.142,0.068,-0.074,-0.142,0.068,-0.662,-0.182,-1.875,-0.121,-1.754,-0.342,-0.189,-0.153,-0.595,-0.127,-0.468,-0.817,-0.011,-0.806,-0.248,-0.226,-0.021,-0.357,-0.013,-0.013,-2.495,0.0,-0.357,-0.274,-0.083,-0.357,-0.274,-0.083,-2.275,-0.486,-1.676,-0.819,-2.495,284,144,140
23,Rodman,2005,-0.449,0.039,-0.488,-0.311,-0.299,-0.012,-0.264,-0.288,0.024,0.087,-0.028,0.115,-0.625,-0.429,-0.193,-0.472,0.108,0.108,-1.546,-1.438,0.0,-0.472,-0.494,0.022,-0.472,-0.494,0.022,-0.248,-0.337,-1.158,0.024,-1.182,-0.482,0.017,-0.499,-0.435,0.084,-0.519,-0.265,0.017,-0.282,0.183,0.242,-0.06,-0.143,0.059,0.059,-1.118,-1.059,0.0,-0.143,-0.227,0.084,-0.143,-0.227,0.084,-1.519,-0.256,-1.607,0.063,-1.67,-0.793,-0.281,-0.512,-0.699,-0.204,-0.495,-0.178,-0.011,-0.167,-0.443,-0.187,-0.253,-0.616,0.166,0.166,-2.497,0.0,-0.616,-0.722,0.106,-0.616,-0.722,0.106,-1.767,-0.593,-1.438,-1.059,-2.497,1515,752,763
1729,Ricky Davis,2005,0.558,0.084,0.474,0.569,0.076,0.493,0.242,-0.087,0.329,-0.337,-0.202,-0.135,0.945,0.878,0.067,-1.035,-0.376,-0.376,0.468,0.092,-0.0,-1.035,-0.681,-0.354,-1.035,-0.681,-0.354,-1.998,0.099,-1.268,0.021,-1.289,-0.835,-0.25,-0.585,-0.291,-0.385,0.094,-0.163,-0.015,-0.148,-0.819,-0.86,0.042,-0.066,-0.441,-0.441,-2.153,-2.594,-0.0,-0.066,0.125,-0.191,-0.066,0.125,-0.191,-0.334,-0.641,-0.709,0.105,-0.814,-0.267,-0.174,-0.093,-0.048,-0.471,0.423,-0.499,-0.216,-0.283,0.126,0.018,0.108,-1.101,-0.817,-0.817,-2.502,0.001,-1.101,-0.556,-0.545,-1.101,-0.556,-0.545,-2.332,-0.542,0.092,-2.594,-2.501,43872,21911,21961
777,Walters,2005,-0.909,-0.225,-0.684,0.202,-0.148,0.35,-0.855,-0.18,-0.675,-0.031,-0.024,-0.007,-0.485,-0.469,-0.012,-0.934,-0.183,-0.183,-2.328,-2.511,0.0,-0.934,-0.334,-0.6,-0.934,-0.334,-0.6,-1.068,-0.246,0.066,0.032,0.034,0.313,0.037,0.276,-0.002,-0.061,0.059,-0.277,0.002,-0.279,-0.306,-0.294,-0.011,-0.12,0.365,0.365,-0.36,0.005,-0.0,-0.12,-0.247,0.127,-0.12,-0.247,0.127,0.309,0.227,-0.843,-0.193,-0.65,0.515,-0.111,0.626,-0.857,-0.241,-0.616,-0.308,-0.022,-0.286,-0.791,-0.764,-0.024,-1.053,0.182,0.182,-2.506,0.0,-1.053,-0.581,-0.472,-1.053,-0.581,-0.472,-0.759,-0.02,-2.511,0.005,-2.506,1470,732,738
2067,Eddie House,2005,-1.253,-0.138,-1.115,-0.208,-0.4,0.192,-0.631,-0.233,-0.398,-0.276,0.059,-0.335,-0.584,-0.513,-0.073,0.842,0.105,0.105,-0.995,-0.89,-0.0,0.842,0.028,0.814,0.842,0.028,0.814,-0.996,-0.75,-1.042,0.297,-1.339,-0.631,0.047,-0.678,-0.801,-0.164,-0.637,0.093,0.027,0.066,-0.688,-0.639,-0.049,-0.089,0.199,0.199,-1.819,-1.62,-0.0,-0.089,0.071,-0.16,-0.089,0.071,-0.16,0.695,-0.294,-2.295,0.159,-2.454,-0.838,-0.352,-0.486,-1.432,-0.397,-1.035,-0.184,0.085,-0.269,-1.273,-1.152,-0.121,0.753,0.304,0.304,-2.51,0.0,0.753,0.099,0.654,0.753,0.099,0.654,-0.3,-1.044,-0.89,-1.62,-2.51,18374,9160,9214
2648,Ronald Dupree,2005,-1.549,-0.252,-1.297,-0.259,-0.102,-0.157,-1.396,-0.193,-1.203,0.358,-0.105,0.463,-0.434,-0.182,-0.252,-0.407,0.336,0.336,-2.39,-2.054,0.0,-0.407,-0.289,-0.118,-0.407,-0.289,-0.118,-1.829,-0.291,0.454,0.254,0.2,0.336,0.084,0.252,-0.441,-0.263,-0.178,0.305,-0.0,0.305,-0.819,-0.822,0.003,-0.028,-0.071,-0.071,-0.393,-0.464,-0.0,-0.028,-0.235,0.207,-0.028,-0.235,0.207,0.696,0.22,-1.096,0.002,-1.098,0.077,-0.018,0.095,-1.837,-0.456,-1.381,0.662,-0.105,0.767,-1.253,-1.004,-0.249,-0.436,0.264,0.264,-2.518,0.0,-0.436,-0.524,0.088,-0.436,-0.524,0.088,-1.133,-0.071,-2.054,-0.464,-2.518,5334,2656,2678
2415,Ryan Humphrey,2005,-3.943,-0.125,-3.818,-1.674,0.017,-1.691,-1.375,-0.05,-1.325,-0.769,-0.066,-0.703,-0.737,-0.202,-0.534,-0.689,1.984,1.984,-5.369,-3.385,0.0,-0.689,0.078,-0.767,-0.689,0.078,-0.767,-3.516,-0.638,0.786,0.073,0.713,0.201,0.083,0.118,0.012,-0.116,0.128,0.5,-0.037,0.537,-0.209,-0.358,0.148,0.206,0.08,0.08,0.783,0.863,0.0,0.206,-0.024,0.23,0.206,-0.024,0.23,0.368,0.007,-3.156,-0.052,-3.104,-1.473,0.1,-1.573,-1.363,-0.166,-1.197,-0.268,-0.103,-0.165,-0.946,-0.56,-0.386,-0.483,2.065,2.065,-2.522,0.0,-0.483,0.054,-0.537,-0.483,0.054,-0.537,-3.148,-0.631,-3.385,0.863,-2.522,2895,1437,1458
2605,Marquis Daniels,2005,-2.301,-0.356,-1.945,-0.374,0.202,-0.576,-0.522,-0.092,-0.43,-1.049,-0.235,-0.814,0.033,0.185,-0.153,0.366,1.265,1.265,-1.902,-0.637,0.0,0.366,-0.061,0.427,0.366,-0.061,0.427,-2.419,0.409,-1.887,0.126,-2.013,-1.345,-0.233,-1.112,-0.107,-0.284,0.177,-0.561,-0.059,-0.502,-0.105,-0.037,-0.068,0.059,0.035,0.035,-1.933,-1.898,0.0,0.059,0.549,-0.49,0.059,0.549,-0.49,-1.081,-0.622,-4.186,-0.23,-3.956,-1.719,-0.031,-1.688,-0.628,-0.375,-0.253,-1.609,-0.294,-1.315,-0.072,0.148,-0.221,0.425,1.3,1.3,-2.535,0.0,0.425,0.489,-0.064,0.425,0.489,-0.064,-3.5,-0.213,-0.637,-1.898,-2.535,10910,5435,5475
2404,Chris Wilcox,2005,-1.165,0.203,-1.368,0.565,0.323,0.242,-1.007,-0.16,-0.847,-0.926,-0.134,-0.792,-0.724,-0.387,-0.339,-1.115,1.044,1.044,-3.004,-1.96,0.0,-1.115,-0.834,-0.281,-1.115,-0.834,-0.281,-0.417,0.971,-0.263,-0.083,-0.18,-0.493,-0.019,-0.474,0.219,-0.002,0.221,0.094,-0.005,0.099,-0.078,-0.115,0.037,-0.253,0.006,0.006,-0.594,-0.588,0.0,-0.253,0.174,-0.427,-0.253,0.174,-0.427,-1.126,-0.392,-1.427,0.12,-1.547,0.073,0.304,-0.231,-0.788,-0.161,-0.627,-0.832,-0.139,-0.693,-0.803,-0.502,-0.303,-1.369,1.05,1.05,-2.548,0.0,-1.369,-0.66,-0.709,-1.369,-0.66,-0.709,-1.543,0.579,-1.96,-0.588,-2.548,10644,5311,5333
1975,Jamel Thomas,2005,-1.498,-0.115,-1.383,-0.087,-0.199,0.112,-1.005,-0.012,-0.993,-0.291,-0.001,-0.29,-0.108,0.041,-0.146,-0.16,-0.426,-0.426,-1.766,-2.192,0.0,-0.16,-0.109,-0.051,-0.16,-0.109,-0.051,-1.211,-0.205,-0.265,0.088,-0.353,0.062,0.004,0.058,-0.448,-0.092,-0.356,0.033,-0.007,0.04,-0.09,-0.111,0.02,0.089,-0.096,-0.096,-0.266,-0.362,0.0,0.089,0.03,0.059,0.089,0.03,0.059,-0.124,0.009,-1.764,-0.027,-1.737,-0.026,-0.195,0.169,-1.453,-0.104,-1.349,-0.258,-0.008,-0.25,-0.197,-0.07,-0.126,-0.071,-0.522,-0.522,-2.554,0.0,-0.071,-0.079,0.008,-0.071,-0.079,0.008,-1.335,-0.197,-2.192,-0.362,-2.554,438,219,219
1922,Francisco Elson,2005,-2.19,-0.059,-2.131,0.054,-0.18,0.234,-2.355,-0.493,-1.862,0.17,-0.164,0.334,-0.898,-0.644,-0.257,-0.209,0.085,0.085,-3.297,-3.212,0.0,-0.209,-0.219,0.01,-0.209,-0.219,0.01,-0.158,0.152,-0.575,-0.07,-0.505,-0.309,0.08,-0.389,-0.223,0.0,-0.223,0.027,-0.027,0.054,-0.238,-0.341,0.105,0.883,0.584,0.584,0.07,0.654,0.0,0.883,0.821,0.062,0.883,0.821,0.062,-0.564,-0.2,-2.765,-0.129,-2.636,-0.255,-0.1,-0.155,-2.578,-0.493,-2.085,0.197,-0.191,0.388,-1.137,-0.985,-0.152,0.675,0.669,0.669,-2.558,0.0,0.675,0.602,0.073,0.675,0.602,0.073,-0.721,-0.048,-3.212,0.654,-2.558,7196,3589,3607
238,Tyrone Hill,2005,-2.64,0.093,-2.733,-0.322,-0.144,-0.178,-1.966,-0.503,-1.463,-0.445,-0.227,-0.218,-0.423,-0.157,-0.264,0.012,1.558,1.558,-3.051,-1.493,0.0,0.012,-0.187,0.199,0.012,-0.187,0.199,-1.352,-0.066,-1.589,-0.215,-1.374,-0.882,0.01,-0.892,-0.368,0.157,-0.525,-0.124,0.019,-0.143,0.183,0.348,-0.167,-0.411,0.746,0.746,-1.817,-1.071,0.0,-0.411,0.104,-0.515,-0.411,0.104,-0.515,-0.596,-0.164,-4.229,-0.122,-4.107,-1.204,-0.134,-1.07,-2.334,-0.346,-1.988,-0.569,-0.208,-0.361,-0.24,0.191,-0.432,-0.399,2.304,2.304,-2.564,0.0,-0.399,-0.083,-0.316,-0.399,-0.083,-0.316,-1.948,-0.23,-1.493,-1.071,-2.564,29703,14886,14817
906,Workman,2005,-1.205,-0.155,-1.05,-1.117,-0.217,-0.9,-0.312,0.136,-0.448,0.379,0.143,0.236,-0.45,-0.144,-0.303,-0.177,-0.206,-0.206,-1.832,-2.038,0.0,-0.177,0.118,-0.295,-0.177,0.118,-0.295,0.243,-0.565,-0.589,0.156,-0.745,-0.145,0.086,-0.231,-0.885,-0.095,-0.79,0.285,-0.034,0.319,-0.24,-0.201,-0.039,0.295,0.004,0.004,-0.534,-0.53,0.0,0.295,0.132,0.163,0.295,0.132,0.163,-0.207,-0.039,-1.794,0.001,-1.795,-1.262,-0.131,-1.131,-1.198,0.041,-1.239,0.665,0.11,0.555,-0.691,-0.344,-0.342,0.119,-0.202,-0.202,-2.568,0.0,0.119,0.249,-0.13,0.119,0.249,-0.13,0.036,-0.604,-2.038,-0.53,-2.568,1366,681,685
1952,Raja Bell,2005,-1.397,-0.342,-1.055,-0.999,-0.3,-0.699,0.268,-0.034,0.302,-0.324,0.039,-0.363,0.303,0.181,0.123,0.045,-1.008,-1.008,-1.049,-2.057,0.0,0.045,0.327,-0.282,0.045,0.327,-0.282,-0.566,-0.995,-0.176,0.179,-0.355,0.019,0.268,-0.249,0.019,-0.268,0.287,-0.393,-0.082,-0.311,-1.074,-1.124,0.05,0.263,0.476,0.476,-0.987,-0.511,0.0,0.263,-0.037,0.3,0.263,-0.037,0.3,0.997,0.396,-1.574,-0.163,-1.411,-0.98,-0.032,-0.948,0.287,-0.302,0.589,-0.718,-0.044,-0.674,-0.771,-0.943,0.173,0.309,-0.533,-0.533,-2.568,0.0,0.309,0.29,0.019,0.309,0.29,0.019,0.431,-0.599,-2.057,-0.511,-2.568,24010,11975,12035
330,Danny Manning,2005,-0.589,-0.061,-0.528,0.67,0.028,0.642,-0.22,-0.115,-0.105,-0.978,-0.067,-0.911,0.108,0.12,-0.012,-0.718,-1.065,-1.065,-1.199,-2.264,0.0,-0.718,-0.787,0.069,-0.718,-0.787,0.069,-1.433,0.365,0.328,-0.033,0.361,-0.139,-0.041,-0.098,0.182,-0.27,0.452,0.318,-0.068,0.386,-0.48,-0.616,0.137,0.464,-0.619,-0.619,0.312,-0.307,-0.0,0.464,-0.272,0.736,0.464,-0.272,0.736,1.179,0.162,-0.261,-0.094,-0.167,0.532,-0.013,0.545,-0.039,-0.385,0.346,-0.66,-0.135,-0.525,-0.372,-0.496,0.125,-0.254,-1.685,-1.685,-2.571,-0.0,-0.254,-1.059,0.805,-0.254,-1.059,0.805,-0.254,0.526,-2.264,-0.307,-2.571,12185,6100,6085
919,Loy Vaught,2005,-1.226,-0.192,-1.034,0.415,-0.042,0.457,-0.623,-0.2,-0.423,-0.826,-0.091,-0.735,-0.122,-0.206,0.087,0.086,-0.516,-0.516,-1.262,-1.778,-0.0,0.086,-0.272,0.358,0.086,-0.272,0.358,-1.4,-0.185,-0.402,0.09,-0.492,-0.266,-0.142,-0.124,-0.433,-0.199,-0.234,0.207,0.03,0.177,-0.39,-0.52,0.129,-0.137,0.132,0.132,-0.929,-0.797,0.0,-0.137,-0.163,0.026,-0.137,-0.163,0.026,-0.067,-0.396,-1.629,-0.102,-1.527,0.149,-0.184,0.333,-1.057,-0.4,-0.657,-0.619,-0.061,-0.558,-0.512,-0.727,0.216,-0.051,-0.384,-0.384,-2.575,-0.0,-0.051,-0.435,0.384,-0.051,-0.435,0.384,-1.467,-0.581,-1.778,-0.797,-2.575,3312,1659,1653
1838,Tyrone Nesby,2005,-1.789,0.074,-1.863,-0.014,-0.154,0.14,-1.241,-0.005,-1.236,-0.608,0.076,-0.684,-0.026,-0.13,0.107,0.02,0.141,0.141,-1.795,-1.654,0.0,0.02,0.477,-0.457,0.02,0.477,-0.457,-1.833,-0.17,-1.359,0.136,-1.495,-0.709,-0.255,-0.454,-0.046,-0.06,0.014,-0.74,0.094,-0.834,-0.208,-0.31,0.101,0.375,0.261,0.261,-1.192,-0.931,-0.0,0.375,0.164,0.211,0.375,0.164,0.211,0.413,-0.291,-3.148,0.21,-3.358,-0.724,-0.41,-0.314,-1.287,-0.064,-1.223,-1.347,0.17,-1.517,-0.234,-0.44,0.208,0.394,0.403,0.403,-2.585,-0.001,0.394,0.64,-0.246,0.394,0.64,-0.246,-1.42,-0.462,-1.654,-0.931,-2.586,20539,10235,10304
1742,Shammond Williams,2005,-1.146,-0.122,-1.024,-0.034,-0.049,0.015,-0.793,0.378,-1.171,-0.197,0.257,-0.454,-0.206,-0.089,-0.116,0.326,-0.549,-0.549,-1.026,-1.575,-0.0,0.326,0.216,0.11,0.326,0.216,0.11,-1.128,-0.246,-0.049,0.369,-0.418,-0.042,-0.039,-0.003,0.159,-0.277,0.436,-0.535,-0.035,-0.5,-0.688,-0.662,-0.028,0.378,-0.654,-0.654,-0.359,-1.013,0.0,0.378,0.376,0.002,0.378,0.376,0.002,-1.258,-0.411,-1.193,0.247,-1.44,-0.075,-0.088,0.013,-0.633,0.101,-0.734,-0.732,0.222,-0.954,-0.894,-0.751,-0.144,0.704,-1.203,-1.203,-2.588,-0.0,0.704,0.592,0.112,0.704,0.592,0.112,-2.386,-0.658,-1.575,-1.013,-2.588,19509,9763,9746
2218,Joseph Forte,2005,-1.837,-0.213,-1.624,-0.5,-0.156,-0.344,-1.067,-0.079,-0.988,-0.057,-0.041,-0.016,-0.341,-0.189,-0.15,-0.042,-0.1,-0.1,-2.22,-2.32,0.0,-0.042,0.028,-0.07,-0.042,0.028,-0.07,-1.357,-0.313,-0.182,0.141,-0.323,-0.288,-0.021,-0.267,-0.279,-0.115,-0.164,0.244,-0.018,0.262,-0.004,-0.035,0.03,-0.087,0.005,0.005,-0.273,-0.268,0.0,-0.087,-0.018,-0.069,-0.087,-0.018,-0.069,-0.681,-0.285,-2.018,-0.072,-1.946,-0.787,-0.176,-0.611,-1.346,-0.194,-1.152,0.187,-0.059,0.246,-0.345,-0.224,-0.12,-0.129,-0.095,-0.095,-2.588,-0.001,-0.129,0.01,-0.139,-0.129,0.01,-0.139,-2.038,-0.598,-2.32,-0.268,-2.589,454,229,225
2742,Sebastian Telfair,2005,0.123,-0.059,0.182,0.645,0.184,0.461,-0.844,-0.119,-0.725,0.381,-0.222,0.603,0.2,0.168,0.033,-0.657,-0.726,-0.726,-0.334,-1.06,0.0,-0.657,-0.571,-0.086,-0.657,-0.571,-0.086,-1.529,0.676,-0.742,0.098,-0.84,-0.656,-0.138,-0.518,-0.098,-0.21,0.112,-0.086,-0.004,-0.082,-0.291,-0.312,0.023,-0.289,-0.207,-0.207,-1.322,-1.529,0.0,-0.289,-0.191,-0.098,-0.289,-0.191,-0.098,-0.443,-0.732,-0.618,0.039,-0.657,-0.011,0.046,-0.057,-0.941,-0.328,-0.613,0.295,-0.226,0.521,-0.091,-0.144,0.056,-0.946,-0.933,-0.933,-2.589,0.0,-0.946,-0.762,-0.184,-0.946,-0.762,-0.184,-1.971,-0.056,-1.06,-1.529,-2.589,5020,2505,2515
2063,Jake Voskuhl,2005,-1.654,-0.11,-1.544,0.16,0.233,-0.073,-1.245,-0.191,-1.054,-0.459,-0.182,-0.277,-0.511,-0.397,-0.115,-0.38,0.164,0.164,-2.545,-2.381,0.0,-0.38,-0.142,-0.238,-0.38,-0.142,-0.238,-1.764,0.56,-0.753,0.084,-0.837,-0.708,0.194,-0.902,0.055,0.012,0.043,-0.184,-0.074,-0.11,-0.08,-0.113,0.032,0.512,0.106,0.106,-0.321,-0.215,-0.0,0.512,0.536,-0.024,0.512,0.536,-0.024,-2.106,-0.289,-2.406,-0.026,-2.38,-0.548,0.427,-0.975,-1.189,-0.178,-1.011,-0.643,-0.256,-0.387,-0.591,-0.51,-0.083,0.132,0.27,0.27,-2.596,-0.0,0.132,0.395,-0.263,0.132,0.395,-0.263,-3.871,0.271,-2.381,-0.215,-2.596,15504,7739,7765
2091,Daniel Santiago,2005,-1.135,-0.123,-1.012,-0.297,0.01,-0.307,-1.094,-0.25,-0.844,0.379,-0.173,0.552,-0.575,-0.204,-0.372,-0.684,-0.65,-0.65,-2.394,-3.044,0.0,-0.684,-0.244,-0.44,-0.684,-0.244,-0.44,-0.161,0.219,-0.752,0.059,-0.811,-0.332,-0.157,-0.175,-0.233,-0.058,-0.175,-0.246,0.055,-0.301,0.043,-0.052,0.094,0.512,0.643,0.643,-0.197,0.446,-0.0,0.512,0.07,0.442,0.512,0.07,0.442,-0.931,-0.368,-1.887,-0.064,-1.823,-0.629,-0.147,-0.482,-1.327,-0.308,-1.019,0.133,-0.118,0.251,-0.532,-0.256,-0.277,-0.171,-0.007,-0.007,-2.598,0.0,-0.171,-0.174,0.003,-0.171,-0.174,0.003,-1.092,-0.149,-3.044,0.446,-2.598,5534,2773,2761
77,Doug Overton,2005,-1.463,-0.406,-1.057,-0.653,-0.031,-0.622,0.333,-0.112,0.445,-0.737,-0.098,-0.639,0.167,-0.028,0.197,-0.329,0.787,0.787,-1.625,-0.838,0.0,-0.329,0.179,-0.508,-0.329,0.179,-0.508,-2.385,-0.505,-0.534,-0.0,-0.534,-0.009,-0.227,0.218,-0.814,-0.082,-0.732,0.289,0.097,0.192,-0.438,-0.349,-0.09,-0.584,-0.216,-0.216,-1.556,-1.772,0.0,-0.584,-0.096,-0.488,-0.584,-0.096,-0.488,-0.027,-0.403,-1.996,-0.406,-1.59,-0.662,-0.258,-0.404,-0.481,-0.194,-0.287,-0.447,-0.0,-0.447,-0.271,-0.376,0.106,-0.913,0.571,0.571,-2.61,0.0,-0.913,0.083,-0.996,-0.913,0.083,-0.996,-2.411,-0.908,-0.838,-1.772,-2.61,7865,3930,3935
1735,Vladimir Stepania,2005,-4.133,0.27,-4.403,-1.052,-0.259,-0.793,-3.33,-0.289,-3.041,-0.021,-0.014,-0.007,-0.639,-0.053,-0.587,-0.577,1.287,1.287,-5.349,-4.062,0.0,-0.577,-0.113,-0.464,-0.577,-0.113,-0.464,-2.619,-0.848,0.768,0.062,0.706,0.788,-0.209,0.997,-0.468,-0.012,-0.456,0.386,0.003,0.383,0.47,0.358,0.113,0.002,0.205,0.205,1.24,1.445,0.0,0.002,-0.336,0.338,0.002,-0.336,0.338,1.004,0.253,-3.364,0.332,-3.696,-0.264,-0.468,0.204,-3.798,-0.301,-3.497,0.366,-0.01,0.376,-0.169,0.305,-0.474,-0.575,1.492,1.492,-2.617,0.0,-0.575,-0.448,-0.127,-0.575,-0.448,-0.127,-1.616,-0.595,-4.062,1.445,-2.617,12339,6158,6181
2437,Lonny Baxter,2005,-1.912,0.1,-2.012,-0.845,-0.042,-0.803,-1.058,-0.088,-0.97,-0.109,-0.049,-0.06,-0.361,-0.048,-0.313,-1.324,0.874,0.874,-3.597,-2.723,-0.0,-1.324,-0.572,-0.752,-1.324,-0.572,-0.752,-2.222,-0.326,0.227,0.029,0.198,-0.024,-0.034,0.01,-0.494,-0.081,-0.413,0.716,-0.027,0.743,0.085,-0.117,0.203,0.18,-0.39,-0.39,0.492,0.102,0.0,0.18,-0.164,0.344,0.18,-0.164,0.344,-0.874,-0.234,-1.684,0.129,-1.813,-0.869,-0.076,-0.793,-1.551,-0.168,-1.383,0.607,-0.076,0.683,-0.275,-0.164,-0.11,-1.143,0.483,0.483,-2.621,-0.0,-1.143,-0.736,-0.407,-1.143,-0.736,-0.407,-3.097,-0.56,-2.723,0.102,-2.621,5649,2818,2831
1920,Bramlett,2005,-1.938,-0.271,-1.667,-0.648,-0.103,-0.545,-0.539,0.059,-0.598,-0.48,-0.003,-0.477,-0.086,-0.012,-0.071,-0.222,0.342,0.342,-2.246,-1.904,0.0,-0.222,-0.033,-0.189,-0.222,-0.033,-0.189,-1.614,-0.276,-0.471,0.05,-0.521,-0.103,0.067,-0.17,-0.378,-0.109,-0.269,-0.04,-0.021,-0.019,-0.228,-0.238,0.01,-0.002,-0.034,-0.034,-0.701,-0.735,0.0,-0.002,0.013,-0.015,-0.002,0.013,-0.015,-0.308,-0.043,-2.407,-0.221,-2.186,-0.749,-0.035,-0.714,-0.917,-0.05,-0.867,-0.52,-0.024,-0.496,-0.314,-0.251,-0.061,-0.225,0.307,0.307,-2.639,0.0,-0.225,-0.02,-0.205,-0.225,-0.02,-0.205,-1.922,-0.319,-1.904,-0.735,-2.639,266,133,133
735,Bryant Reeves,2005,-1.653,0.209,-1.862,0.161,-0.167,0.328,-0.89,-0.78,-0.11,-1.133,-0.231,-0.902,-1.224,-1.044,-0.179,-0.348,0.028,0.028,-3.225,-3.197,-0.0,-0.348,-0.003,-0.345,-0.348,-0.003,-0.345,-0.996,-0.241,-0.294,-0.149,-0.145,-0.036,0.22,-0.256,0.365,0.308,0.057,-0.474,0.004,-0.478,0.561,0.63,-0.07,-0.07,0.355,0.355,0.197,0.552,0.0,-0.07,-0.156,0.086,-0.07,-0.156,0.086,-0.472,0.336,-1.946,0.06,-2.006,0.126,0.054,0.072,-0.525,-0.472,-0.053,-1.607,-0.227,-1.38,-0.663,-0.414,-0.249,-0.418,0.382,0.382,-2.645,-0.0,-0.418,-0.159,-0.259,-0.418,-0.159,-0.259,-1.468,0.095,-3.197,0.552,-2.645,13672,6840,6832
70,Steve Kerr,2005,-0.703,-0.532,-0.171,-0.203,-0.405,0.202,-0.288,0.259,-0.547,0.32,0.232,0.088,0.015,0.1,-0.084,0.926,-1.56,-1.56,0.238,-1.322,0.0,0.926,0.552,0.374,0.926,0.552,0.374,-1.447,-0.835,-0.225,0.079,-0.304,-0.195,0.006,-0.201,-0.138,-0.04,-0.098,0.029,0.026,0.003,-0.352,-0.41,0.06,-0.113,-0.638,-0.638,-0.69,-1.328,-0.0,-0.113,-0.02,-0.093,-0.113,-0.02,-0.093,-1.092,-0.318,-0.929,-0.453,-0.476,-0.398,-0.399,0.001,-0.427,0.218,-0.645,0.349,0.258,0.091,-0.337,-0.311,-0.024,0.813,-2.198,-2.198,-2.65,0.0,0.813,0.532,0.281,0.813,0.532,0.281,-2.539,-1.153,-1.322,-1.328,-2.65,10550,5318,5232
2441,Jamal Sampson,2005,-2.856,-0.062,-2.794,-1.579,-0.156,-1.423,-1.49,-0.158,-1.332,0.275,-0.043,0.318,-0.621,-0.29,-0.329,-0.063,0.734,0.734,-3.54,-2.806,0.0,-0.063,0.23,-0.293,-0.063,0.23,-0.293,-1.142,-0.906,0.285,0.113,0.172,0.246,0.033,0.213,-0.21,-0.103,-0.107,0.136,0.002,0.134,-0.34,-0.398,0.057,-0.214,0.421,0.421,-0.269,0.152,0.0,-0.214,-0.102,-0.112,-0.214,-0.102,-0.112,0.028,-0.008,-2.57,0.051,-2.621,-1.332,-0.122,-1.21,-1.7,-0.261,-1.439,0.411,-0.041,0.452,-0.961,-0.689,-0.272,-0.277,1.154,1.154,-2.654,0.0,-0.277,0.128,-0.405,-0.277,0.128,-0.405,-1.114,-0.914,-2.806,0.152,-2.654,1737,867,870
2558,Reece Gaines,2005,-2.476,-0.121,-2.355,-0.736,-0.207,-0.529,-1.286,-0.08,-1.206,-0.333,-0.016,-0.317,-0.455,-0.12,-0.334,0.442,-0.395,-0.395,-2.489,-2.884,0.0,0.442,0.429,0.013,0.442,0.429,0.013,-4.197,-1.045,0.224,0.254,-0.03,-0.2,0.06,-0.26,0.359,-0.041,0.4,-0.189,-0.016,-0.173,0.154,0.14,0.015,-0.305,0.145,0.145,0.073,0.218,0.0,-0.305,-0.158,-0.147,-0.305,-0.158,-0.147,-0.996,-0.347,-2.251,0.133,-2.384,-0.936,-0.147,-0.789,-0.927,-0.121,-0.806,-0.521,-0.031,-0.49,-0.301,0.02,-0.319,0.138,-0.25,-0.25,-2.666,0.001,0.138,0.271,-0.133,0.138,0.271,-0.133,-5.194,-1.393,-2.884,0.218,-2.665,2049,1018,1031
2823,John Edwards,2005,-0.983,-0.369,-0.614,-0.222,-0.127,-0.095,-0.013,0.02,-0.033,-0.379,-0.005,-0.374,-0.455,-0.177,-0.275,-0.282,0.033,0.033,-1.72,-1.687,0.0,-0.282,-0.157,-0.125,-0.282,-0.157,-0.125,-1.35,-0.145,-0.33,0.122,-0.452,0.026,0.031,-0.005,-0.414,-0.085,-0.329,-0.064,-0.018,-0.046,-0.008,-0.071,0.061,-0.169,-0.473,-0.473,-0.507,-0.98,0.0,-0.169,-0.009,-0.16,-0.169,-0.009,-0.16,-0.624,-0.067,-1.314,-0.247,-1.067,-0.196,-0.096,-0.1,-0.427,-0.065,-0.362,-0.444,-0.023,-0.421,-0.463,-0.248,-0.214,-0.451,-0.44,-0.44,-2.667,0.0,-0.451,-0.166,-0.285,-0.451,-0.166,-0.285,-1.973,-0.212,-1.687,-0.98,-2.667,479,239,240
2352,Dean Oliver,2005,-0.826,-0.237,-0.589,-0.681,-0.149,-0.532,0.229,0.138,0.091,-0.137,0.067,-0.204,0.166,0.182,-0.014,-0.279,-1.38,-1.38,-0.939,-2.319,0.0,-0.279,-0.229,-0.05,-0.279,-0.229,-0.05,-1.684,-0.572,-0.296,0.233,-0.529,-0.057,0.021,-0.078,-0.379,-0.099,-0.28,-0.093,0.035,-0.128,-0.262,-0.213,-0.047,0.334,-0.148,-0.148,-0.224,-0.372,0.0,0.334,0.153,0.181,0.334,0.153,0.181,0.714,0.03,-1.121,-0.004,-1.117,-0.738,-0.128,-0.61,-0.149,0.04,-0.189,-0.23,0.101,-0.331,-0.096,-0.031,-0.061,0.056,-1.529,-1.529,-2.691,0.0,0.056,-0.076,0.132,0.056,-0.076,0.132,-0.969,-0.542,-2.319,-0.372,-2.691,949,471,478
957,Todd Fuller,2005,-1.734,-0.221,-1.513,-0.483,0.172,-0.655,-1.0,-0.186,-0.814,-0.03,-0.115,0.085,-0.818,-0.605,-0.21,-0.468,-0.486,-0.486,-3.02,-3.506,0.0,-0.468,-0.39,-0.078,-0.468,-0.39,-0.078,-0.088,0.13,0.505,0.258,0.247,-0.171,-0.063,-0.108,0.189,-0.095,0.284,0.229,0.02,0.209,0.007,-0.118,0.121,0.194,0.108,0.108,0.706,0.814,0.0,0.194,0.08,0.114,0.194,0.08,0.114,0.154,-0.227,-1.23,0.037,-1.267,-0.655,0.109,-0.764,-0.811,-0.281,-0.53,0.199,-0.095,0.294,-0.811,-0.722,-0.089,-0.274,-0.378,-0.378,-2.692,0.0,-0.274,-0.31,0.036,-0.274,-0.31,0.036,0.066,-0.097,-3.506,0.814,-2.692,1942,967,975
1928,Todd MacCulloch,2005,-1.266,0.173,-1.439,0.173,0.308,-0.135,-1.877,-0.364,-1.513,0.265,-0.161,0.426,-1.926,-1.374,-0.551,-0.836,1.58,1.58,-4.028,-2.448,0.0,-0.836,-0.524,-0.312,-0.836,-0.524,-0.312,0.929,0.965,-0.589,0.038,-0.627,0.01,0.108,-0.098,-0.009,0.051,-0.06,-0.628,0.0,-0.628,0.317,0.231,0.086,-0.321,0.343,0.343,-0.593,-0.25,-0.0,-0.321,-0.373,0.052,-0.321,-0.373,0.052,0.046,0.227,-1.855,0.211,-2.066,0.183,0.416,-0.233,-1.887,-0.313,-1.574,-0.362,-0.16,-0.202,-1.609,-1.143,-0.465,-1.157,1.923,1.923,-2.698,-0.001,-1.157,-0.897,-0.26,-1.157,-0.897,-0.26,0.974,1.192,-2.448,-0.25,-2.699,15381,7729,7652
2106,Ruben Wolkowyski,2005,-2.11,-0.253,-1.857,-0.305,-0.264,-0.041,-1.278,-0.06,-1.218,-0.274,0.018,-0.292,-0.121,-0.3,0.181,-0.031,-0.111,-0.111,-2.262,-2.373,0.0,-0.031,-0.138,0.107,-0.031,-0.138,0.107,-2.191,-0.799,0.2,0.162,0.038,-0.238,-0.105,-0.133,-0.152,-0.125,-0.027,0.428,0.001,0.427,-0.055,-0.026,-0.03,-0.026,-0.454,-0.454,0.119,-0.335,-0.0,-0.026,-0.023,-0.003,-0.026,-0.023,-0.003,0.617,-0.197,-1.91,-0.091,-1.819,-0.543,-0.369,-0.174,-1.43,-0.185,-1.245,0.154,0.019,0.135,-0.176,-0.326,0.151,-0.057,-0.564,-0.564,-2.708,0.0,-0.057,-0.161,0.104,-0.057,-0.161,0.104,-1.574,-0.996,-2.373,-0.335,-2.708,1301,651,650
1756,Stack,2005,-1.639,-0.224,-1.415,-0.407,-0.165,-0.242,-1.015,-0.014,-1.001,0.007,0.032,-0.025,-0.329,-0.282,-0.044,-0.35,-0.624,-0.624,-2.318,-2.942,0.0,-0.35,-0.089,-0.261,-0.35,-0.089,-0.261,-1.345,-0.412,0.279,0.205,0.074,-0.102,0.111,-0.213,-0.032,-0.121,0.089,0.208,-0.021,0.229,-0.269,-0.372,0.099,-0.073,0.286,0.286,-0.063,0.223,0.0,-0.073,-0.001,-0.072,-0.073,-0.001,-0.072,-0.016,-0.024,-1.358,-0.019,-1.339,-0.508,-0.053,-0.455,-1.047,-0.135,-0.912,0.216,0.011,0.205,-0.598,-0.654,0.055,-0.423,-0.338,-0.338,-2.719,0.0,-0.423,-0.09,-0.333,-0.423,-0.09,-0.333,-1.361,-0.436,-2.942,0.223,-2.719,829,414,415
2402,Dajuan Wagner,2005,-2.935,-0.021,-2.914,-1.612,0.013,-1.625,-1.185,0.208,-1.393,-0.117,0.133,-0.25,-0.017,-0.08,0.063,0.356,1.895,1.895,-2.596,-0.701,0.0,0.356,0.246,0.11,0.356,0.246,0.11,-3.492,-1.005,0.196,0.08,0.116,-0.278,0.053,-0.331,-0.005,-0.061,0.056,0.399,0.037,0.362,-0.519,-0.553,0.037,-0.88,-0.819,-0.819,-1.203,-2.022,0.0,-0.88,-0.366,-0.514,-0.88,-0.366,-0.514,-0.914,-0.374,-2.738,0.059,-2.797,-1.889,0.067,-1.956,-1.19,0.147,-1.337,0.282,0.17,0.112,-0.536,-0.633,0.099,-0.524,1.076,1.076,-2.723,0.0,-0.524,-0.12,-0.404,-0.524,-0.12,-0.404,-4.406,-1.379,-0.701,-2.022,-2.723,8441,4217,4224
228,Adam Keefe,2005,-1.155,-0.15,-1.005,-0.053,-0.343,0.29,-1.078,-0.269,-0.809,0.126,-0.057,0.183,-0.22,-0.084,-0.134,-0.583,-0.202,-0.202,-1.958,-2.16,0.0,-0.583,-0.198,-0.385,-0.583,-0.198,-0.385,-1.141,-0.214,-1.914,0.119,-2.033,-0.315,-0.016,-0.299,-0.922,-0.05,-0.872,-0.796,-0.042,-0.754,0.279,0.283,-0.005,0.48,0.587,0.587,-1.155,-0.568,-0.0,0.48,0.111,0.369,0.48,0.111,0.369,-1.566,-0.129,-3.068,-0.031,-3.037,-0.368,-0.359,-0.009,-1.999,-0.318,-1.681,-0.67,-0.099,-0.571,0.058,0.199,-0.14,-0.103,0.385,0.385,-2.728,-0.0,-0.103,-0.087,-0.016,-0.103,-0.087,-0.016,-2.708,-0.343,-2.16,-0.568,-2.728,5472,2737,2735
2774,Bernard Robinson,2005,-2.424,-0.315,-2.109,-0.794,-0.181,-0.613,-0.665,0.121,-0.786,-0.65,0.007,-0.657,0.172,0.447,-0.272,-0.045,0.031,0.031,-2.297,-2.266,-0.0,-0.045,-0.105,0.06,-0.045,-0.105,0.06,-2.248,-0.508,-0.081,0.141,-0.222,0.069,-0.009,0.078,-0.432,-0.142,-0.29,0.141,-0.004,0.145,-0.166,-0.237,0.068,-0.118,-0.098,-0.098,-0.365,-0.463,-0.0,-0.118,-0.139,0.021,-0.118,-0.139,0.021,-0.081,-0.054,-2.507,-0.174,-2.333,-0.726,-0.19,-0.536,-1.098,-0.021,-1.077,-0.509,0.004,-0.513,0.006,0.21,-0.204,-0.163,-0.067,-0.067,-2.729,-0.0,-0.163,-0.244,0.081,-0.163,-0.244,0.081,-2.329,-0.562,-2.266,-0.463,-2.729,1263,621,642
216,Brian Shaw,2005,-0.62,-0.128,-0.492,-0.615,-0.227,-0.388,0.35,0.186,0.164,-0.227,0.191,-0.418,-0.319,0.171,-0.484,0.238,-0.347,-0.347,-0.701,-1.048,0.0,0.238,-0.015,0.253,0.238,-0.015,0.253,0.433,-0.218,-0.499,0.048,-0.547,-0.21,-0.085,-0.125,-0.408,-0.315,-0.093,0.071,-0.086,0.157,-0.659,-0.675,0.015,-0.283,-0.256,-0.256,-1.441,-1.697,-0.0,-0.283,-0.245,-0.038,-0.283,-0.245,-0.038,0.026,-0.034,-1.118,-0.08,-1.038,-0.825,-0.312,-0.513,-0.057,-0.128,0.071,-0.156,0.105,-0.261,-0.978,-0.505,-0.469,-0.045,-0.604,-0.604,-2.745,0.0,-0.045,-0.259,0.214,-0.045,-0.259,0.214,0.459,-0.252,-1.048,-1.697,-2.745,22251,11154,11097
324,Anthony Peeler,2005,-0.425,-0.216,-0.209,-1.061,-0.289,-0.772,0.255,0.173,0.082,0.597,0.212,0.385,-0.029,-0.007,-0.018,0.676,-1.151,-1.151,0.222,-0.929,0.0,0.676,0.269,0.407,0.676,0.269,0.407,0.335,-0.462,-0.124,0.09,-0.214,-0.232,-0.014,-0.218,-0.017,-0.167,0.15,0.035,-0.009,0.044,-0.714,-0.686,-0.026,-0.073,-0.906,-0.906,-0.911,-1.817,0.0,-0.073,-0.172,0.099,-0.073,-0.172,0.099,0.777,0.021,-0.55,-0.126,-0.424,-1.292,-0.303,-0.989,0.237,0.006,0.231,0.631,0.203,0.428,-0.743,-0.693,-0.044,0.603,-2.057,-2.057,-2.746,0.0,0.603,0.097,0.506,0.603,0.097,0.506,1.112,-0.441,-0.929,-1.817,-2.746,42583,21334,21249
1730,Brian Skinner,2005,-1.568,0.03,-1.598,-0.846,-0.193,-0.653,-0.535,-0.409,-0.126,-0.217,-0.156,-0.061,-0.648,-0.123,-0.525,-1.026,0.411,0.411,-3.242,-2.831,0.0,-1.026,-0.304,-0.722,-1.026,-0.304,-0.722,-2.128,-0.394,-0.834,-0.159,-0.675,-0.356,-0.354,-0.002,-0.639,-0.173,-0.466,0.32,-0.004,0.324,0.287,0.106,0.18,-0.195,0.826,0.826,-0.742,0.084,0.0,-0.195,-0.016,-0.179,-0.195,-0.016,-0.179,-1.411,-0.679,-2.401,-0.129,-2.272,-1.202,-0.547,-0.655,-1.174,-0.582,-0.592,0.104,-0.159,0.263,-0.361,-0.017,-0.345,-1.222,1.237,1.237,-2.747,0.0,-1.222,-0.32,-0.902,-1.222,-0.32,-0.902,-3.539,-1.073,-2.831,0.084,-2.747,24918,12438,12480
2425,Robert Archibald,2005,-2.178,-0.242,-1.936,-0.947,-0.119,-0.828,-1.054,-0.023,-1.031,0.065,-0.018,0.083,-0.489,0.06,-0.547,-0.497,-0.265,-0.265,-3.164,-3.429,0.0,-0.497,-0.173,-0.324,-0.497,-0.173,-0.324,-2.283,-0.638,0.475,0.225,0.25,-0.216,0.121,-0.337,0.083,-0.08,0.163,0.383,-0.03,0.413,-0.242,-0.221,-0.019,0.212,0.219,0.219,0.445,0.664,0.0,0.212,0.133,0.079,0.212,0.133,0.079,1.152,0.086,-1.701,-0.017,-1.684,-1.163,0.002,-1.165,-0.97,-0.102,-0.868,0.449,-0.048,0.497,-0.731,-0.161,-0.566,-0.286,-0.046,-0.046,-2.765,-0.0,-0.286,-0.039,-0.247,-0.286,-0.039,-0.247,-1.131,-0.551,-3.429,0.664,-2.765,1245,618,627
371,Terry Mills,2005,1.587,0.186,1.401,-0.186,0.57,-0.756,0.703,0.372,0.331,0.884,0.278,0.606,-1.358,-1.302,-0.054,-0.243,-1.957,-1.957,-0.014,-1.971,0.0,-0.243,-0.126,-0.117,-0.243,-0.126,-0.117,1.379,-0.447,-1.14,-0.059,-1.081,-0.058,0.211,-0.269,-0.993,0.254,-1.247,-0.03,-0.007,-0.023,0.441,0.475,-0.036,-0.254,0.158,0.158,-0.953,-0.795,-0.0,-0.254,-0.053,-0.201,-0.254,-0.053,-0.201,-1.738,0.152,0.447,0.127,0.32,-0.244,0.781,-1.025,-0.29,0.626,-0.916,0.854,0.271,0.583,-0.917,-0.826,-0.091,-0.496,-1.799,-1.799,-2.766,0.0,-0.496,-0.179,-0.317,-0.496,-0.179,-0.317,-0.358,-0.296,-1.971,-0.795,-2.766,7960,3975,3985
1731,Tyronn Lue,2005,-0.374,-0.289,-0.085,-0.809,-0.373,-0.436,0.552,-0.12,0.672,0.172,0.058,0.114,-0.211,-0.376,0.163,0.883,-0.35,-0.35,0.298,-0.052,-0.0,0.883,0.661,0.222,0.883,0.661,0.222,-2.043,-1.149,-0.17,0.213,-0.383,-0.342,0.236,-0.578,0.165,0.036,0.129,-0.206,0.015,-0.221,-0.207,-0.307,0.1,-1.087,-1.25,-1.25,-1.464,-2.714,0.0,-1.087,-0.718,-0.369,-1.087,-0.718,-0.369,-0.944,-0.193,-0.543,-0.076,-0.467,-1.15,-0.136,-1.014,0.717,-0.084,0.801,-0.034,0.073,-0.107,-0.417,-0.683,0.263,-0.204,-1.6,-1.6,-2.766,0.0,-0.204,-0.057,-0.147,-0.204,-0.057,-0.147,-2.988,-1.343,-0.052,-2.714,-2.766,31666,15813,15853
2321,Paul Shirley,2005,-1.514,-0.211,-1.303,-0.131,-0.232,0.101,-0.583,-0.104,-0.479,-0.589,-0.012,-0.577,-0.362,-0.218,-0.142,-0.379,0.078,0.078,-2.255,-2.177,0.0,-0.379,-0.418,0.039,-0.379,-0.418,0.039,-1.057,-0.242,-0.532,0.131,-0.663,0.076,0.039,0.037,-0.346,-0.063,-0.283,-0.393,-0.007,-0.386,-0.03,0.004,-0.033,-0.105,0.068,0.068,-0.667,-0.599,0.0,-0.105,-0.027,-0.078,-0.105,-0.027,-0.078,-0.495,-0.066,-2.046,-0.08,-1.966,-0.055,-0.194,0.139,-0.929,-0.167,-0.762,-0.982,-0.019,-0.963,-0.392,-0.214,-0.175,-0.485,0.147,0.147,-2.776,0.0,-0.485,-0.444,-0.041,-0.485,-0.444,-0.041,-1.552,-0.309,-2.177,-0.599,-2.776,438,216,222
2098,Slava Medvedenko,2005,-1.27,0.076,-1.346,-0.523,-0.239,-0.284,-0.098,-0.566,0.468,-0.725,-0.177,-0.548,-0.881,-0.586,-0.296,-0.219,0.247,0.247,-2.37,-2.123,-0.0,-0.219,-0.134,-0.085,-0.219,-0.134,-0.085,0.554,-0.524,0.928,-0.018,0.946,-0.521,-0.11,-0.411,0.386,0.011,0.375,1.081,0.017,1.064,0.233,0.13,0.104,0.055,-1.872,-1.872,1.216,-0.656,0.0,0.055,0.134,-0.079,0.055,0.134,-0.079,0.577,-0.323,-0.342,0.058,-0.4,-1.044,-0.349,-0.695,0.288,-0.555,0.843,0.356,-0.16,0.516,-0.648,-0.456,-0.193,-0.164,-1.626,-1.626,-2.779,0.0,-0.164,-0.0,-0.164,-0.164,-0.0,-0.164,1.131,-0.847,-2.123,-0.656,-2.779,13596,6785,6811
2845,Erik Daniels,2005,-1.736,-0.369,-1.367,-0.469,-0.202,-0.267,-0.521,-0.002,-0.519,-0.377,0.017,-0.394,-0.225,-0.175,-0.049,-0.48,-0.145,-0.145,-2.441,-2.586,0.0,-0.48,-0.29,-0.19,-0.48,-0.29,-0.19,-1.56,-0.385,-0.079,0.079,-0.158,-0.211,0.052,-0.263,-0.143,-0.039,-0.104,0.196,0.0,0.196,-0.108,-0.056,-0.05,-0.15,0.137,0.137,-0.337,-0.2,-0.0,-0.15,-0.037,-0.113,-0.15,-0.037,-0.113,-0.207,-0.124,-1.813,-0.29,-1.523,-0.679,-0.149,-0.53,-0.664,-0.041,-0.623,-0.18,0.018,-0.198,-0.333,-0.231,-0.098,-0.63,-0.007,-0.007,-2.786,-0.0,-0.63,-0.328,-0.302,-0.63,-0.328,-0.302,-1.767,-0.51,-2.586,-0.2,-2.786,277,140,137
2452,J.R. Bremer,2005,-1.827,-0.105,-1.722,-0.902,-0.158,-0.744,-0.102,0.317,-0.419,-0.718,0.332,-1.05,-0.71,-0.489,-0.223,0.669,0.895,0.895,-1.868,-0.973,-0.0,0.669,0.46,0.209,0.669,0.46,0.209,1.196,-0.514,-1.487,0.087,-1.574,-0.468,0.146,-0.614,-1.26,0.058,-1.318,0.154,0.005,0.149,0.23,0.035,0.198,-0.292,-0.281,-0.281,-1.549,-1.83,0.0,-0.292,0.051,-0.343,-0.292,0.051,-0.343,-2.251,-0.166,-3.312,-0.018,-3.294,-1.37,-0.012,-1.358,-1.361,0.375,-1.736,-0.563,0.337,-0.9,-0.48,-0.454,-0.025,0.377,0.614,0.614,-2.803,0.0,0.377,0.512,-0.135,0.377,0.512,-0.135,-1.055,-0.679,-0.973,-1.83,-2.803,7747,3881,3866
302,Mookie Blaylock,2005,-2.542,0.175,-2.717,-0.696,-0.207,-0.489,-1.55,-0.215,-1.335,-0.471,0.022,-0.493,-0.905,-0.247,-0.655,0.8,-0.499,-0.499,-2.647,-3.146,0.0,0.8,0.286,0.514,0.8,0.286,0.514,0.112,-0.157,-0.472,-0.099,-0.373,-0.772,-0.259,-0.513,0.263,-0.041,0.304,0.136,0.058,0.078,0.012,-0.128,0.142,0.7,0.098,0.098,0.24,0.338,0.0,0.7,0.051,0.649,0.7,0.051,0.649,-0.229,-0.435,-3.013,0.076,-3.089,-1.468,-0.465,-1.003,-1.286,-0.255,-1.031,-0.335,0.08,-0.415,-0.893,-0.375,-0.513,1.5,-0.401,-0.401,-2.808,0.0,1.5,0.336,1.164,1.5,0.336,1.164,-0.117,-0.592,-3.146,0.338,-2.808,21332,10656,10676
176,Antonio Harvey,2005,0.108,-0.17,0.278,-0.062,-0.031,-0.031,0.698,0.018,0.68,-0.358,0.022,-0.38,-0.399,-0.254,-0.142,-0.756,-1.031,-1.031,-1.047,-2.078,0.0,-0.756,-0.457,-0.299,-0.756,-0.457,-0.299,-1.697,-0.324,0.154,-0.044,0.198,-0.006,0.017,-0.023,0.271,-0.096,0.367,-0.067,-0.029,-0.038,-0.07,-0.188,0.114,-0.103,-0.713,-0.713,-0.019,-0.732,0.0,-0.103,0.057,-0.16,-0.103,0.057,-0.16,-0.157,-0.111,0.263,-0.214,0.477,-0.068,-0.014,-0.054,0.969,-0.078,1.047,-0.424,-0.006,-0.418,-0.469,-0.442,-0.028,-0.859,-1.744,-1.744,-2.81,0.0,-0.859,-0.4,-0.459,-0.859,-0.4,-0.459,-1.854,-0.434,-2.078,-0.732,-2.81,1185,590,595
1425,Aaron Williams,2005,-1.613,0.015,-1.628,-0.111,-0.121,0.01,-1.22,-0.36,-0.86,-0.297,-0.141,-0.156,-0.348,-0.161,-0.188,-0.944,0.218,0.218,-2.905,-2.687,0.0,-0.944,-0.777,-0.167,-0.944,-0.777,-0.167,-1.076,0.169,-0.054,-0.096,0.042,0.288,-0.003,0.291,-0.068,-0.1,0.032,-0.178,0.021,-0.199,-0.482,-0.567,0.081,0.388,0.002,0.002,-0.148,-0.146,0.0,0.388,-0.214,0.602,0.388,-0.214,0.602,0.498,0.232,-1.667,-0.081,-1.586,0.177,-0.124,0.301,-1.288,-0.46,-0.828,-0.475,-0.12,-0.355,-0.83,-0.728,-0.107,-0.556,0.221,0.221,-2.833,-0.0,-0.556,-0.991,0.435,-0.556,-0.991,0.435,-0.578,0.401,-2.687,-0.146,-2.833,36557,18299,18258
1607,Troy Hudson,2005,0.377,-0.208,0.585,0.001,0.147,-0.146,0.219,0.285,-0.066,0.365,0.08,0.285,0.503,0.323,0.179,-0.093,-0.088,-0.088,0.787,0.699,-0.0,-0.093,0.049,-0.142,-0.093,0.049,-0.142,-1.656,-0.135,-1.245,0.177,-1.422,-0.902,-0.261,-0.641,-0.491,-0.249,-0.242,-0.029,-0.01,-0.019,-0.341,-0.278,-0.059,-0.677,-1.277,-1.277,-2.263,-3.54,0.0,-0.677,-0.489,-0.188,-0.677,-0.489,-0.188,-1.671,-0.896,-0.867,-0.031,-0.836,-0.901,-0.114,-0.787,-0.272,0.036,-0.308,0.337,0.071,0.266,0.162,0.044,0.12,-0.77,-1.365,-1.365,-2.841,0.0,-0.77,-0.44,-0.33,-0.77,-0.44,-0.33,-3.327,-1.031,0.699,-3.54,-2.841,37334,18757,18577
690,Don Reid,2005,-2.662,0.321,-2.983,-1.071,0.035,-1.106,-0.689,-0.227,-0.462,-1.223,-0.031,-1.192,-0.976,-0.695,-0.281,-1.033,0.899,0.899,-4.671,-3.772,-0.0,-1.033,-0.573,-0.46,-1.033,-0.573,-0.46,-2.256,-0.071,0.74,-0.013,0.753,1.147,0.409,0.738,-0.672,-0.046,-0.626,0.278,0.005,0.273,-1.017,-1.033,0.016,0.517,0.677,0.677,0.24,0.917,-0.0,0.517,0.315,0.202,0.517,0.315,0.202,2.946,0.924,-1.923,0.308,-2.231,0.076,0.444,-0.368,-1.361,-0.273,-1.088,-0.946,-0.026,-0.92,-1.993,-1.728,-0.265,-0.516,1.576,1.576,-2.855,-0.0,-0.516,-0.258,-0.258,-0.516,-0.258,-0.258,0.69,0.854,-3.772,0.917,-2.855,8220,4101,4119
2206,Rodney White,2005,-1.376,0.157,-1.533,-0.113,-0.383,0.27,-1.085,-0.276,-0.809,-0.335,0.035,-0.37,-0.706,-0.468,-0.238,-1.285,0.223,0.223,-3.367,-3.144,0.0,-1.285,-0.797,-0.488,-1.285,-0.797,-0.488,0.066,-0.519,0.668,0.335,0.333,-0.427,-0.071,-0.356,1.048,-0.098,1.146,-0.288,0.042,-0.33,-0.129,-0.195,0.067,0.018,-0.268,-0.268,0.557,0.289,-0.0,0.018,0.161,-0.143,0.018,0.161,-0.143,-0.088,-0.399,-0.709,0.492,-1.201,-0.54,-0.454,-0.086,-0.038,-0.375,0.337,-0.623,0.077,-0.7,-0.835,-0.663,-0.17,-1.267,-0.044,-0.044,-2.855,0.0,-1.267,-0.637,-0.63,-1.267,-0.637,-0.63,-0.022,-0.918,-3.144,0.289,-2.855,13024,6513,6511
2260,Jarron Collins,2005,-2.362,0.302,-2.664,-0.676,0.16,-0.836,-1.355,-0.281,-1.074,-0.633,-0.222,-0.411,-0.032,-0.134,0.101,-0.449,-0.068,-0.068,-2.843,-2.911,0.0,-0.449,-0.225,-0.224,-0.449,-0.225,-0.224,-2.017,-0.11,-0.912,-0.003,-0.909,-0.189,0.241,-0.43,-0.232,0.117,-0.349,-0.488,0.017,-0.505,-0.445,-0.396,-0.047,0.83,0.582,0.582,-0.527,0.055,0.0,0.83,-0.384,1.214,0.83,-0.384,1.214,0.113,0.27,-3.274,0.299,-3.573,-0.866,0.4,-1.266,-1.586,-0.164,-1.422,-1.121,-0.205,-0.916,-0.477,-0.53,0.054,0.381,0.515,0.515,-2.856,0.0,0.381,-0.609,0.99,0.381,-0.609,0.99,-1.904,0.16,-2.911,0.055,-2.856,16944,8471,8473
1110,Mark Strickland,2005,-1.415,-0.162,-1.253,0.387,0.275,0.112,-1.191,-0.117,-1.074,-0.449,-0.149,-0.3,-0.83,-0.38,-0.449,-0.079,-0.739,-0.739,-2.324,-3.063,0.0,-0.079,-0.052,-0.027,-0.079,-0.052,-0.027,-1.145,0.323,-0.485,0.258,-0.743,-0.218,-0.182,-0.036,-0.583,-0.254,-0.329,0.058,-0.021,0.079,-0.411,-0.364,-0.048,0.243,0.856,0.856,-0.653,0.203,-0.0,0.243,0.258,-0.015,0.243,0.258,-0.015,0.808,-0.114,-1.903,0.096,-1.999,0.169,0.093,0.076,-1.775,-0.371,-1.404,-0.393,-0.171,-0.222,-1.241,-0.745,-0.497,0.165,0.117,0.117,-2.86,0.0,0.165,0.206,-0.041,0.165,0.206,-0.041,-0.337,0.209,-3.063,0.203,-2.86,7870,3909,3961
1114,Jaren Jackson,2005,-0.626,-0.316,-0.31,-0.493,-0.111,-0.382,0.09,0.274,-0.184,0.093,0.21,-0.117,-0.165,-0.053,-0.107,0.147,-0.225,-0.225,-0.644,-0.869,0.0,0.147,-0.008,0.155,0.147,-0.008,0.155,-0.633,-0.587,-1.239,0.221,-1.46,-0.675,0.016,-0.691,-0.759,-0.145,-0.614,-0.026,-0.002,-0.024,-0.715,-0.67,-0.047,-0.378,0.339,0.339,-2.332,-1.993,0.0,-0.378,-0.038,-0.34,-0.378,-0.038,-0.34,-0.386,-0.104,-1.866,-0.095,-1.771,-1.168,-0.095,-1.073,-0.67,0.129,-0.799,0.067,0.208,-0.141,-0.88,-0.723,-0.155,-0.23,0.114,0.114,-2.862,0.0,-0.23,-0.046,-0.184,-0.23,-0.046,-0.184,-1.019,-0.691,-0.869,-1.993,-2.862,7547,3763,3784
927,Salley,2005,-2.372,-0.571,-1.801,0.059,0.014,0.045,-0.72,0.13,-0.85,-1.14,-0.053,-1.087,0.114,0.209,-0.091,0.043,-0.464,-0.464,-2.215,-2.679,0.0,0.043,0.2,-0.157,0.043,0.2,-0.157,-2.427,-0.056,0.579,0.067,0.512,-0.198,0.026,-0.224,0.507,-0.111,0.618,0.203,0.027,0.176,-0.559,-0.506,-0.052,0.024,-0.243,-0.243,0.044,-0.199,0.0,0.024,-0.06,0.084,0.024,-0.06,0.084,0.914,0.01,-1.793,-0.504,-1.289,-0.139,0.04,-0.179,-0.213,0.019,-0.232,-0.937,-0.026,-0.911,-0.445,-0.296,-0.143,0.067,-0.707,-0.707,-2.878,0.0,0.067,0.14,-0.073,0.067,0.14,-0.073,-1.513,-0.046,-2.679,-0.199,-2.878,1455,720,735
1737,Nazr Mohammed,2005,-1.553,0.142,-1.695,0.272,-0.168,0.44,-1.64,-0.679,-0.961,-0.327,-0.224,-0.103,-1.221,-0.899,-0.322,-1.117,0.876,0.876,-3.891,-3.015,0.0,-1.117,-0.225,-0.892,-1.117,-0.225,-0.892,-1.99,-0.14,-0.416,-0.018,-0.398,-0.277,0.055,-0.332,0.058,0.163,-0.105,-0.179,0.039,-0.218,0.505,0.47,0.035,-0.276,0.318,0.318,-0.187,0.131,0.0,-0.276,-0.023,-0.253,-0.276,-0.023,-0.253,-0.852,0.053,-1.972,0.124,-2.096,-0.006,-0.113,0.107,-1.583,-0.517,-1.066,-0.507,-0.186,-0.321,-0.716,-0.429,-0.286,-1.393,1.195,1.195,-2.884,0.0,-1.393,-0.248,-1.145,-1.393,-0.248,-1.145,-2.843,-0.087,-3.015,0.131,-2.884,30009,14952,15057
2216,Zach Randolph,2005,-2.246,-0.265,-1.981,-0.463,0.111,-0.574,-1.318,-0.282,-1.036,-0.2,-0.183,-0.017,-0.462,-0.615,0.15,-1.079,1.85,1.85,-3.787,-1.937,-0.0,-1.079,-0.21,-0.869,-1.079,-0.21,-0.869,-1.593,-0.009,-1.893,0.101,-1.994,-0.864,-0.364,-0.5,-0.247,-0.176,-0.071,-0.883,-0.005,-0.878,0.379,0.565,-0.188,0.054,0.506,0.506,-1.46,-0.954,0.0,0.054,-0.115,0.169,0.054,-0.115,0.169,-2.691,-0.914,-4.137,-0.164,-3.973,-1.326,-0.252,-1.074,-1.564,-0.458,-1.106,-1.083,-0.188,-0.895,-0.083,-0.049,-0.037,-1.024,2.356,2.356,-2.891,0.0,-1.024,-0.325,-0.699,-1.024,-0.325,-0.699,-4.285,-0.923,-1.937,-0.954,-2.891,23440,11739,11701
2084,Chris Porter,2005,-2.316,0.247,-2.563,-0.2,-0.348,0.148,-2.065,-0.422,-1.643,-0.298,-0.134,-0.164,-0.831,-0.416,-0.414,0.967,0.722,0.722,-2.18,-1.458,-0.0,0.967,0.78,0.187,0.967,0.78,0.187,-0.882,-0.045,-1.642,0.196,-1.838,-1.049,-0.125,-0.924,-0.415,-0.05,-0.365,-0.374,0.05,-0.424,-0.038,0.06,-0.097,-0.098,0.341,0.341,-1.778,-1.437,0.0,-0.098,-0.056,-0.042,-0.098,-0.056,-0.042,-1.506,-0.612,-3.958,0.443,-4.401,-1.249,-0.473,-0.776,-2.48,-0.472,-2.008,-0.672,-0.084,-0.588,-0.869,-0.356,-0.511,0.869,1.063,1.063,-2.895,-0.0,0.869,0.723,0.146,0.869,0.723,0.146,-2.388,-0.657,-1.458,-1.437,-2.895,4501,2238,2263
1869,Jones,2005,-1.121,0.09,-1.211,-0.695,-0.063,-0.632,-0.141,0.301,-0.442,-0.375,0.252,-0.627,-0.333,-0.187,-0.142,0.926,-1.121,-1.121,-0.528,-1.649,0.0,0.926,0.352,0.574,0.926,0.352,0.574,1.153,-0.165,-0.833,0.296,-1.129,-0.132,-0.023,-0.109,-0.754,-0.159,-0.595,-0.243,-0.018,-0.225,-0.188,-0.24,0.053,0.031,-0.257,-0.257,-0.99,-1.247,-0.0,0.031,0.004,0.027,0.031,0.004,0.027,-0.952,-0.186,-1.954,0.386,-2.34,-0.827,-0.086,-0.741,-0.895,0.142,-1.037,-0.618,0.234,-0.852,-0.521,-0.427,-0.09,0.957,-1.377,-1.377,-2.896,0.0,0.957,0.356,0.601,0.957,0.356,0.601,0.202,-0.352,-1.649,-1.247,-2.896,2605,1293,1312
2038,Joel Przybilla,2005,-0.642,0.154,-0.796,-0.636,-0.06,-0.576,-0.221,-0.311,0.09,0.061,-0.035,0.096,-1.687,-0.756,-0.932,-1.0,-0.334,-0.334,-3.329,-3.663,0.0,-1.0,-0.728,-0.272,-1.0,-0.728,-0.272,0.25,0.256,0.858,-0.098,0.956,0.744,-0.094,0.838,0.471,0.074,0.397,-0.259,0.026,-0.285,0.434,0.619,-0.184,-0.363,-0.171,-0.171,0.929,0.758,0.0,-0.363,-0.168,-0.195,-0.363,-0.168,-0.195,-1.485,-0.077,0.217,0.056,0.161,0.109,-0.154,0.263,0.25,-0.237,0.487,-0.198,-0.009,-0.189,-1.253,-0.137,-1.117,-1.363,-0.505,-0.505,-2.905,0.0,-1.363,-0.897,-0.466,-1.363,-0.897,-0.466,-1.235,0.18,-3.663,0.758,-2.905,15647,7813,7834
219,Vinny Del Negro,2005,-1.738,-0.25,-1.488,-1.001,-0.743,-0.258,0.283,-0.787,1.07,-0.77,-0.203,-0.567,0.11,-0.225,0.337,0.824,-0.095,-0.095,-0.804,-0.899,-0.0,0.824,0.537,0.287,0.824,0.537,0.287,-1.153,-1.292,-2.108,0.15,-2.258,-0.738,-0.302,-0.436,-1.278,-0.185,-1.093,-0.242,-0.009,-0.233,-0.045,0.006,-0.052,0.085,0.061,0.061,-2.068,-2.007,0.0,0.085,-0.004,0.089,0.085,-0.004,0.089,-2.663,-0.916,-3.846,-0.1,-3.746,-1.738,-1.045,-0.693,-0.996,-0.973,-0.023,-1.012,-0.212,-0.8,0.065,-0.219,0.284,0.909,-0.034,-0.034,-2.906,0.0,0.909,0.533,0.376,0.909,0.533,0.376,-3.816,-2.208,-0.899,-2.007,-2.906,8670,4364,4306
2568,Carlos Delfino,2005,-0.744,-0.174,-0.57,-0.612,0.081,-0.693,0.097,0.151,-0.054,-0.055,-0.016,-0.039,-0.397,0.083,-0.478,0.021,-0.381,-0.381,-1.12,-1.501,0.0,0.021,-0.099,0.12,0.021,-0.099,0.12,-1.293,-0.062,-1.377,0.068,-1.445,-0.372,-0.113,-0.259,-0.698,-0.192,-0.506,-0.375,-0.009,-0.366,-0.153,-0.253,0.098,-0.08,0.193,0.193,-1.61,-1.417,0.0,-0.08,-0.061,-0.019,-0.08,-0.061,-0.019,-0.949,-0.563,-2.119,-0.106,-2.013,-0.983,-0.031,-0.952,-0.6,-0.041,-0.559,-0.43,-0.025,-0.405,-0.55,-0.171,-0.38,-0.059,-0.188,-0.188,-2.918,-0.001,-0.059,-0.16,0.101,-0.059,-0.16,0.101,-2.241,-0.624,-1.501,-1.417,-2.919,1696,852,844
2409,Marcus Haislip,2005,-1.852,-0.031,-1.821,-0.495,-0.109,-0.386,-0.965,-0.228,-0.737,-0.361,-0.075,-0.286,-0.682,-0.586,-0.096,0.028,0.402,0.402,-2.506,-2.104,0.0,0.028,-0.222,0.25,0.028,-0.222,0.25,-1.217,-0.194,-0.693,0.144,-0.837,0.181,0.019,0.162,-0.383,-0.062,-0.321,-0.635,0.01,-0.645,-0.143,-0.254,0.111,0.288,-0.276,-0.276,-0.548,-0.824,0.0,0.288,0.214,0.074,0.288,0.214,0.074,-0.814,0.018,-2.545,0.113,-2.658,-0.314,-0.09,-0.224,-1.348,-0.29,-1.058,-0.996,-0.065,-0.931,-0.825,-0.84,0.015,0.317,0.126,0.126,-2.928,0.0,0.317,-0.008,0.325,0.317,-0.008,0.325,-2.031,-0.176,-2.104,-0.824,-2.928,3158,1586,1572
1538,Cedric Henderson,2005,-2.77,-0.102,-2.668,0.341,0.133,0.208,-2.023,-0.136,-1.887,-0.986,-0.172,-0.814,0.033,0.153,-0.118,-0.844,0.25,0.25,-3.581,-3.331,0.0,-0.844,-0.42,-0.424,-0.844,-0.42,-0.424,-2.275,0.421,-0.009,0.092,-0.101,-0.636,-0.095,-0.541,1.206,-0.221,1.427,-0.671,-0.08,-0.591,-0.05,-0.084,0.033,0.251,0.205,0.205,0.192,0.397,0.0,0.251,0.021,0.23,0.251,0.021,0.23,-0.706,-0.54,-2.777,-0.01,-2.767,-0.295,0.038,-0.333,-0.816,-0.356,-0.46,-1.656,-0.252,-1.404,-0.017,0.069,-0.084,-0.593,0.455,0.455,-2.934,0.0,-0.593,-0.399,-0.194,-0.593,-0.399,-0.194,-2.982,-0.119,-3.331,0.397,-2.934,8301,4146,4155
1035,Shawnelle Scott,2005,-2.14,-0.356,-1.784,-0.033,-0.259,0.226,-0.818,-0.125,-0.693,-0.933,-0.02,-0.913,-0.626,-0.344,-0.281,-0.18,0.631,0.631,-2.946,-2.315,0.0,-0.18,0.013,-0.193,-0.18,0.013,-0.193,-0.378,0.065,-0.392,0.002,-0.394,-0.001,0.146,-0.147,-0.292,0.087,-0.379,-0.101,0.028,-0.129,-0.063,-0.043,-0.019,-0.338,0.167,0.167,-0.793,-0.626,0.0,-0.338,0.062,-0.4,-0.338,0.062,-0.4,-0.567,0.072,-2.532,-0.354,-2.178,-0.034,-0.113,0.079,-1.11,-0.038,-1.072,-1.034,0.008,-1.042,-0.689,-0.387,-0.3,-0.517,0.797,0.797,-2.941,0.0,-0.517,0.075,-0.592,-0.517,0.075,-0.592,-0.946,0.137,-2.315,-0.626,-2.941,1544,767,777
271,Johnny Newman,2005,-1.175,-0.188,-0.987,-0.726,0.246,-0.972,0.154,0.501,-0.347,-0.415,0.167,-0.582,0.545,0.115,0.43,-0.406,-1.459,-1.459,-1.036,-2.495,0.0,-0.406,0.236,-0.642,-0.406,0.236,-0.642,-3.504,-0.74,-0.346,0.009,-0.355,-0.027,-0.203,0.176,-0.611,-0.247,-0.364,0.283,-0.052,0.335,-0.127,-0.265,0.139,0.436,-0.413,-0.413,-0.037,-0.45,-0.0,0.436,0.141,0.295,0.436,0.141,0.295,-0.552,-0.164,-1.523,-0.179,-1.344,-0.755,0.042,-0.797,-0.457,0.254,-0.711,-0.132,0.115,-0.247,0.418,-0.15,0.568,0.029,-1.871,-1.871,-2.945,0.001,0.029,0.377,-0.348,0.029,0.377,-0.348,-4.055,-0.904,-2.495,-0.45,-2.944,17539,8755,8784
422,Avery Johnson,2005,0.326,-0.336,0.662,-0.289,0.551,-0.84,0.042,0.109,-0.067,0.909,-0.195,1.104,0.001,0.173,-0.169,0.463,-1.248,-1.248,0.79,-0.458,-0.0,0.463,0.332,0.131,0.463,0.332,0.131,-0.309,-0.199,-0.572,0.091,-0.663,-0.357,0.091,-0.448,0.052,0.065,-0.013,-0.358,0.064,-0.422,-0.216,-0.458,0.241,-0.459,-1.24,-1.24,-1.247,-2.487,0.0,-0.459,0.044,-0.503,-0.459,0.044,-0.503,-1.261,-0.262,-0.245,-0.245,0.0,-0.646,0.642,-1.288,0.094,0.174,-0.08,0.552,-0.13,0.682,-0.214,-0.285,0.072,0.004,-2.487,-2.487,-2.945,0.0,0.004,0.376,-0.372,0.004,0.376,-0.372,-1.569,-0.46,-0.458,-2.487,-2.945,24764,12401,12363
924,Anthony Goldwire,2005,-1.261,-0.223,-1.038,-0.459,-0.211,-0.248,-0.487,0.001,-0.488,-0.092,0.083,-0.175,-0.431,-0.317,-0.114,0.172,0.206,0.206,-1.52,-1.314,0.0,0.172,-0.247,0.419,0.172,-0.247,0.419,-0.763,-0.653,-1.308,0.127,-1.435,-1.155,-0.213,-0.942,-0.212,-0.137,-0.075,-0.068,0.003,-0.071,0.148,0.203,-0.053,-0.378,-0.106,-0.106,-1.538,-1.644,0.0,-0.378,-0.076,-0.302,-0.378,-0.076,-0.302,-1.843,-1.002,-2.57,-0.096,-2.474,-1.614,-0.424,-1.19,-0.7,-0.137,-0.563,-0.16,0.085,-0.245,-0.283,-0.114,-0.167,-0.206,0.1,0.1,-2.958,0.0,-0.206,-0.323,0.117,-0.206,-0.323,0.117,-2.605,-1.655,-1.314,-1.644,-2.958,3352,1670,1682
1569,Closs,2005,-0.572,-0.048,-0.524,0.705,0.084,0.621,-0.97,-0.181,-0.789,-0.259,-0.067,-0.192,-0.289,-0.265,-0.02,-0.565,-0.361,-0.361,-1.426,-1.787,0.0,-0.565,-0.465,-0.1,-0.565,-0.465,-0.1,-0.626,0.39,-0.795,0.063,-0.858,0.188,-0.16,0.348,-0.531,-0.071,-0.46,-0.515,0.01,-0.525,0.224,0.104,0.118,0.101,-0.703,-0.703,-0.47,-1.173,0.0,0.101,-0.002,0.103,0.101,-0.002,0.103,-0.947,-0.053,-1.368,0.015,-1.383,0.894,-0.076,0.97,-1.502,-0.252,-1.25,-0.775,-0.057,-0.718,-0.064,-0.161,0.098,-0.465,-1.065,-1.065,-2.96,0.0,-0.465,-0.467,0.002,-0.465,-0.467,0.002,-1.573,0.337,-1.787,-1.173,-2.96,3267,1626,1641
288,Gilliam,2005,-3.619,-0.163,-3.456,-1.959,-0.555,-1.404,-1.333,-0.402,-0.931,-0.164,0.008,-0.172,-0.507,-0.685,0.181,0.172,0.513,0.513,-3.954,-3.441,0.0,0.172,0.212,-0.04,0.172,0.212,-0.04,-1.738,-1.148,0.489,0.111,0.378,0.294,0.048,0.246,0.733,0.062,0.671,-0.649,0.037,-0.686,0.048,0.15,-0.1,-0.308,0.25,0.25,0.229,0.479,-0.0,-0.308,-0.182,-0.126,-0.308,-0.182,-0.126,0.649,0.366,-3.13,-0.052,-3.078,-1.665,-0.507,-1.158,-0.6,-0.34,-0.26,-0.813,0.045,-0.858,-0.459,-0.535,0.081,-0.136,0.763,0.763,-2.962,0.0,-0.136,0.03,-0.166,-0.136,0.03,-0.166,-1.089,-0.782,-3.441,0.479,-2.962,3321,1653,1668
2560,Zarko Cabarkapa,2005,-2.362,-0.16,-2.202,-0.166,0.089,-0.255,-0.33,0.13,-0.46,-1.706,0.025,-1.731,-0.103,-0.073,-0.03,-1.003,1.432,1.432,-3.468,-2.036,0.0,-1.003,-0.271,-0.732,-1.003,-0.271,-0.732,-1.17,0.312,-0.915,-0.001,-0.914,-0.693,-0.031,-0.662,-0.444,-0.138,-0.306,0.223,-0.056,0.279,-0.215,0.083,-0.295,-0.077,0.258,0.258,-1.207,-0.949,0.0,-0.077,-0.061,-0.016,-0.077,-0.061,-0.016,-0.474,-0.294,-3.276,-0.161,-3.115,-0.859,0.058,-0.917,-0.774,-0.008,-0.766,-1.482,-0.03,-1.452,-0.318,0.01,-0.325,-1.081,1.69,1.69,-2.985,-0.001,-1.081,-0.332,-0.749,-1.081,-0.332,-0.749,-1.645,0.019,-2.036,-0.949,-2.986,4023,2019,2004
916,Corie Blount,2005,-1.312,0.058,-1.37,-0.403,-0.239,-0.164,-0.189,-0.461,0.272,-0.778,-0.108,-0.67,-0.841,-0.547,-0.293,-1.099,0.416,0.416,-3.252,-2.836,0.0,-1.099,-0.445,-0.654,-1.099,-0.445,-0.654,-1.298,-0.623,0.155,0.093,0.062,-0.032,-0.186,0.154,0.101,-0.295,0.396,-0.007,-0.011,0.004,-0.571,-0.698,0.125,0.314,-0.094,-0.094,-0.102,-0.196,-0.0,0.314,0.26,0.054,0.314,0.26,0.054,0.92,-0.293,-1.159,0.151,-1.31,-0.436,-0.425,-0.011,-0.089,-0.756,0.667,-0.785,-0.119,-0.666,-1.412,-1.244,-0.168,-0.785,0.322,0.322,-3.032,-0.0,-0.785,-0.186,-0.599,-0.785,-0.186,-0.599,-0.378,-0.916,-2.836,-0.196,-3.032,20191,10080,10111
2484,Devin Brown,2005,-1.952,-0.615,-1.337,-1.217,-0.054,-1.163,-0.293,-0.029,-0.264,0.173,-0.09,0.263,-0.128,-0.06,-0.068,0.348,-0.415,-0.415,-1.732,-2.147,0.0,0.348,0.35,-0.002,0.348,0.35,-0.002,-1.367,-0.113,-0.394,0.051,-0.445,0.042,0.043,-0.001,-0.743,-0.029,-0.714,0.256,0.082,0.174,-0.417,-0.508,0.095,0.139,-0.216,-0.216,-0.672,-0.888,-0.0,0.139,0.363,-0.224,0.139,0.363,-0.224,1.48,-0.018,-2.345,-0.564,-1.781,-1.175,-0.011,-1.164,-1.036,-0.058,-0.978,0.43,-0.008,0.438,-0.546,-0.568,0.026,0.486,-0.631,-0.631,-3.035,0.0,0.486,0.713,-0.227,0.486,0.713,-0.227,0.113,-0.13,-2.147,-0.888,-3.035,8034,4037,3997
1728,Roshown McLeod,2005,-2.039,-0.09,-1.949,-0.163,-0.201,0.038,-1.087,-0.567,-0.52,-0.699,-0.228,-0.471,-0.448,-0.503,0.058,-0.3,-0.104,-0.104,-2.787,-2.891,0.0,-0.3,0.393,-0.693,-0.3,0.393,-0.693,-2.037,-0.41,-0.728,0.046,-0.774,-0.534,-0.214,-0.32,-0.529,-0.088,-0.441,0.289,0.036,0.253,-0.152,-0.22,0.066,-0.079,0.798,0.798,-0.959,-0.161,-0.0,-0.079,-0.102,0.023,-0.079,-0.102,0.023,0.696,-0.058,-2.766,-0.044,-2.722,-0.696,-0.415,-0.281,-1.616,-0.655,-0.961,-0.41,-0.192,-0.218,-0.6,-0.723,0.124,-0.379,0.694,0.694,-3.052,0.001,-0.379,0.291,-0.67,-0.379,0.291,-0.67,-1.341,-0.469,-2.891,-0.161,-3.051,6756,3385,3371
721,Tyus Edney,2005,-2.004,-0.12,-1.884,-0.216,-0.049,-0.167,-1.182,-0.084,-1.098,-0.486,-0.105,-0.381,0.063,-0.005,0.069,-0.051,-0.225,-0.225,-1.992,-2.217,0.0,-0.051,0.07,-0.121,-0.051,0.07,-0.121,-0.758,0.044,-0.338,0.133,-0.471,-0.011,0.161,-0.172,-0.22,-0.047,-0.173,-0.24,-0.03,-0.21,-0.175,-0.148,-0.026,-0.196,-0.131,-0.131,-0.709,-0.84,0.0,-0.196,-0.031,-0.165,-0.196,-0.031,-0.165,-0.709,0.142,-2.34,0.013,-2.353,-0.225,0.113,-0.338,-1.402,-0.131,-1.271,-0.726,-0.135,-0.591,-0.112,-0.153,0.043,-0.248,-0.355,-0.355,-3.057,0.0,-0.248,0.039,-0.287,-0.248,0.039,-0.287,-1.467,0.186,-2.217,-0.84,-3.057,1063,535,528
2198,Kwame Brown,2005,-1.013,0.014,-1.027,0.036,-0.1,0.136,-0.957,-0.313,-0.644,-0.106,-0.145,0.039,-0.502,0.006,-0.51,-1.46,0.092,0.092,-2.975,-2.883,-0.0,-1.46,-0.841,-0.619,-1.46,-0.841,-0.619,-3.688,-0.223,-0.44,0.099,-0.539,-0.485,-0.031,-0.454,-0.028,-0.01,-0.018,-0.026,-0.045,0.019,0.524,0.478,0.047,-0.102,-0.159,-0.159,-0.018,-0.177,0.0,-0.102,-0.061,-0.041,-0.102,-0.061,-0.041,-2.986,-0.622,-1.453,0.113,-1.566,-0.449,-0.132,-0.317,-0.985,-0.323,-0.662,-0.132,-0.19,0.058,0.021,0.483,-0.464,-1.562,-0.067,-0.067,-3.06,-0.0,-1.562,-0.902,-0.66,-1.562,-0.902,-0.66,-6.674,-0.845,-2.883,-0.177,-3.06,22209,11089,11120
2447,Tamar Slay,2005,-0.985,-0.48,-0.505,-0.129,-0.195,0.066,-0.229,-0.103,-0.126,-0.147,-0.002,-0.145,-0.76,-0.716,-0.043,-0.319,-0.217,-0.217,-2.064,-2.281,0.0,-0.319,-0.232,-0.087,-0.319,-0.232,-0.087,-1.815,-0.484,-1.055,0.203,-1.258,-0.522,0.045,-0.567,-0.348,-0.094,-0.254,-0.388,0.009,-0.397,-0.237,-0.305,0.066,0.096,0.373,0.373,-1.196,-0.823,-0.0,0.096,-0.028,0.124,0.096,-0.028,0.124,-0.362,-0.142,-2.04,-0.277,-1.763,-0.652,-0.151,-0.501,-0.576,-0.196,-0.38,-0.535,0.007,-0.542,-0.997,-1.021,0.023,-0.223,0.157,0.157,-3.104,0.0,-0.223,-0.26,0.037,-0.223,-0.26,0.037,-2.177,-0.626,-2.281,-0.823,-3.104,2060,1029,1031
1752,Sean Marks,2005,-2.619,0.028,-2.647,-0.804,-0.173,-0.631,-1.07,-0.214,-0.856,-0.773,-0.087,-0.686,0.067,-0.061,0.129,-0.656,-0.239,-0.239,-3.208,-3.447,0.0,-0.656,-0.199,-0.457,-0.656,-0.199,-0.457,-2.624,-0.617,0.187,0.079,0.108,-0.392,-0.097,-0.295,0.356,-0.125,0.481,0.144,0.039,0.105,-0.473,-0.494,0.022,0.325,0.284,0.284,0.039,0.323,0.0,0.325,-0.022,0.347,0.325,-0.022,0.347,1.404,-0.011,-2.434,0.107,-2.541,-1.198,-0.271,-0.927,-0.714,-0.339,-0.375,-0.629,-0.048,-0.581,-0.406,-0.555,0.15,-0.331,0.045,0.045,-3.124,-0.001,-0.331,-0.22,-0.111,-0.331,-0.22,-0.111,-1.22,-0.628,-3.447,0.323,-3.125,3004,1505,1499
761,Matt Geiger,2005,-2.411,-0.046,-2.365,0.226,-0.458,0.684,-2.087,-0.73,-1.357,-0.504,-0.183,-0.321,-0.954,-0.67,-0.281,-0.318,0.886,0.886,-3.683,-2.797,0.0,-0.318,-0.36,0.042,-0.318,-0.36,0.042,-0.345,-0.667,-1.056,0.088,-1.144,-1.205,0.261,-1.466,0.481,0.006,0.475,-0.42,-0.073,-0.347,-0.112,-0.022,-0.094,-0.002,0.84,0.84,-1.17,-0.33,0.0,-0.002,-0.084,0.082,-0.002,-0.084,0.082,-1.258,-0.34,-3.465,0.042,-3.507,-0.978,-0.197,-0.781,-1.605,-0.724,-0.881,-0.924,-0.257,-0.667,-1.065,-0.692,-0.375,-0.32,1.726,1.726,-3.127,0.001,-0.32,-0.443,0.123,-0.32,-0.443,0.123,-1.604,-1.007,-2.797,-0.33,-3.126,8285,4135,4150
1726,Turkcan,2005,-1.406,-0.107,-1.299,-0.558,-0.151,-0.407,-0.234,-0.042,-0.192,-0.507,0.009,-0.516,-0.357,-0.282,-0.073,-0.271,-0.346,-0.346,-2.034,-2.38,0.0,-0.271,-0.323,0.052,-0.271,-0.323,0.052,-0.738,-0.27,-0.611,0.006,-0.617,0.017,0.04,-0.023,-0.375,-0.083,-0.292,-0.259,-0.018,-0.241,-0.063,-0.101,0.036,-0.131,0.039,0.039,-0.805,-0.766,-0.0,-0.131,0.015,-0.146,-0.131,0.015,-0.146,-0.606,-0.126,-2.018,-0.101,-1.917,-0.541,-0.111,-0.43,-0.61,-0.126,-0.484,-0.766,-0.009,-0.757,-0.421,-0.383,-0.036,-0.401,-0.307,-0.307,-3.146,0.0,-0.401,-0.308,-0.093,-0.401,-0.308,-0.093,-1.344,-0.396,-2.38,-0.766,-3.146,368,184,184
1930,Lari Ketner,2005,-2.205,-0.3,-1.905,-0.641,-0.216,-0.425,-0.477,0.009,-0.486,-0.787,-0.012,-0.775,-0.086,0.074,-0.156,-0.31,0.232,0.232,-2.601,-2.369,-0.0,-0.31,-0.32,0.01,-0.31,-0.32,0.01,-2.767,-0.484,-0.723,0.11,-0.833,-0.182,0.009,-0.191,-0.401,-0.079,-0.322,-0.25,0.013,-0.263,-0.198,-0.245,0.045,-0.076,0.2,0.2,-0.997,-0.797,-0.0,-0.076,0.032,-0.108,-0.076,0.032,-0.108,-0.331,0.005,-2.927,-0.19,-2.737,-0.823,-0.207,-0.616,-0.877,-0.069,-0.808,-1.037,0.001,-1.038,-0.284,-0.172,-0.111,-0.386,0.432,0.432,-3.166,-0.0,-0.386,-0.288,-0.098,-0.386,-0.288,-0.098,-3.098,-0.479,-2.369,-0.797,-3.166,537,269,268
695,Eldridge Recasner,2005,-2.873,-0.244,-2.629,-0.147,0.013,-0.16,-1.593,0.064,-1.657,-0.889,-0.002,-0.887,-0.21,-0.167,-0.041,-0.385,-0.107,-0.107,-3.468,-3.575,0.0,-0.385,-0.232,-0.153,-0.385,-0.232,-0.153,-1.386,-0.199,0.597,0.101,0.496,0.229,-0.037,0.266,0.368,-0.117,0.485,-0.101,-0.012,-0.089,0.054,-0.0,0.054,-0.14,-0.124,-0.124,0.511,0.387,0.0,-0.14,-0.12,-0.02,-0.14,-0.12,-0.02,0.295,-0.092,-2.277,-0.143,-2.134,0.082,-0.024,0.106,-1.226,-0.054,-1.172,-0.99,-0.014,-0.976,-0.156,-0.167,0.013,-0.525,-0.231,-0.231,-3.188,0.0,-0.525,-0.352,-0.173,-0.525,-0.352,-0.173,-1.091,-0.292,-3.575,0.387,-3.188,1674,840,834
1051,Dean Garrett,2005,-2.709,0.019,-2.728,-0.436,-0.362,-0.074,-0.935,-0.605,-0.33,-1.357,-0.075,-1.282,-1.559,-1.323,-0.236,0.004,0.321,0.321,-4.264,-3.943,0.0,0.004,-0.186,0.19,0.004,-0.186,0.19,0.359,-0.244,0.661,0.056,0.605,-0.132,-0.0,-0.132,-0.083,0.266,-0.349,0.82,0.105,0.715,0.637,0.455,0.183,-0.187,-0.357,-0.357,1.111,0.754,0.0,-0.187,0.207,-0.394,-0.187,0.207,-0.394,-0.987,-0.259,-2.048,0.075,-2.123,-0.568,-0.362,-0.206,-1.018,-0.339,-0.679,-0.537,0.03,-0.567,-0.922,-0.868,-0.054,-0.183,-0.036,-0.036,-3.189,0.0,-0.183,0.021,-0.204,-0.183,0.021,-0.204,-0.628,-0.504,-3.943,0.754,-3.189,6368,3179,3189
223,Bill Curley,2005,-1.784,-0.17,-1.614,-0.552,0.063,-0.615,-0.313,0.001,-0.314,-0.749,-0.053,-0.696,-0.2,-0.102,-0.095,-0.663,0.192,0.192,-2.647,-2.455,0.0,-0.663,-0.395,-0.268,-0.663,-0.395,-0.268,-2.276,-0.521,-0.924,0.12,-1.044,-0.894,0.013,-0.907,-0.146,-0.14,-0.006,-0.004,-0.044,0.04,-0.278,-0.154,-0.122,0.339,0.127,0.127,-0.863,-0.736,0.0,0.339,0.349,-0.01,0.339,0.349,-0.01,-0.951,-0.334,-2.707,-0.05,-2.657,-1.446,0.076,-1.522,-0.458,-0.138,-0.32,-0.753,-0.097,-0.656,-0.478,-0.256,-0.218,-0.325,0.32,0.32,-3.191,0.0,-0.325,-0.046,-0.279,-0.325,-0.046,-0.279,-3.227,-0.856,-2.455,-0.736,-3.191,1985,986,999
2424,Dan Dickau,2005,-1.633,-0.254,-1.379,-0.56,0.155,-0.715,-0.481,0.323,-0.804,-0.338,0.09,-0.428,0.342,0.001,0.341,0.766,-0.596,-0.596,-0.525,-1.121,0.0,0.766,0.734,0.032,0.766,0.734,0.032,-1.122,-0.196,-1.793,0.235,-2.028,-0.561,0.109,-0.67,-1.236,-0.213,-1.023,-0.231,-0.097,-0.134,-0.229,-0.145,-0.082,-0.337,0.282,0.282,-2.359,-2.077,0.0,-0.337,-0.11,-0.227,-0.337,-0.11,-0.227,-1.472,-0.071,-3.425,-0.019,-3.406,-1.121,0.264,-1.385,-1.717,0.11,-1.827,-0.568,-0.006,-0.562,0.113,-0.144,0.259,0.428,-0.313,-0.313,-3.198,0.0,0.428,0.624,-0.196,0.428,0.624,-0.196,-2.594,-0.268,-1.121,-2.077,-3.198,10711,5349,5362
2053,Dalibor Bagaric,2005,-1.211,0.066,-1.277,-1.073,-0.168,-0.905,-0.421,-0.159,-0.262,0.217,-0.021,0.238,-0.793,-0.317,-0.476,-0.223,-0.105,-0.105,-2.227,-2.332,0.0,-0.223,-0.373,0.15,-0.223,-0.373,0.15,-0.893,-0.452,-1.119,0.23,-1.349,-0.199,-0.075,-0.124,-1.121,-0.119,-1.002,-0.029,0.004,-0.033,0.214,-0.039,0.251,-0.348,0.387,0.387,-1.253,-0.866,0.0,-0.348,-0.008,-0.34,-0.348,-0.008,-0.34,-1.519,-0.531,-2.334,0.296,-2.63,-1.273,-0.244,-1.029,-1.544,-0.279,-1.265,0.187,-0.018,0.205,-0.58,-0.356,-0.225,-0.57,0.283,0.283,-3.198,0.0,-0.57,-0.381,-0.189,-0.57,-0.381,-0.189,-2.412,-0.983,-2.332,-0.866,-3.198,3709,1845,1864
2470,Smush Parker,2005,-0.567,-0.151,-0.416,0.489,0.263,0.226,-0.592,0.428,-1.02,-0.313,0.108,-0.421,0.432,0.297,0.136,-1.017,-0.699,-0.699,-1.152,-1.851,0.0,-1.017,-0.787,-0.23,-1.017,-0.787,-0.23,-1.322,0.375,-1.441,0.138,-1.579,0.032,0.063,-0.031,-0.918,-0.102,-0.816,-0.693,-0.004,-0.689,-0.459,-0.39,-0.066,0.225,0.287,0.287,-1.675,-1.388,0.0,0.225,0.069,0.156,0.225,0.069,0.156,-0.507,0.083,-2.01,-0.013,-1.997,0.521,0.326,0.195,-1.511,0.326,-1.837,-1.007,0.103,-1.11,-0.027,-0.094,0.069,-0.792,-0.412,-0.412,-3.239,0.0,-0.792,-0.718,-0.074,-0.792,-0.718,-0.074,-1.829,0.458,-1.851,-1.388,-3.239,4912,2441,2471
428,Sherman Douglas,2005,-3.226,-0.176,-3.05,-0.529,0.1,-0.629,-1.592,-0.099,-1.493,-0.929,-0.174,-0.755,0.462,0.239,0.224,-0.131,-0.359,-0.359,-2.895,-3.254,-0.0,-0.131,0.186,-0.317,-0.131,0.186,-0.317,-4.576,-0.628,-0.262,0.08,-0.342,0.147,0.188,-0.041,-0.906,-0.113,-0.793,0.417,-0.083,0.5,-0.156,-0.156,0.002,0.425,0.003,0.003,0.007,0.01,0.0,0.425,0.054,0.371,0.425,0.054,0.371,-0.421,0.106,-3.488,-0.096,-3.392,-0.382,0.288,-0.67,-2.498,-0.212,-2.286,-0.512,-0.257,-0.255,0.305,0.083,0.226,0.293,-0.356,-0.356,-3.244,-0.0,0.293,0.24,0.053,0.293,0.24,0.053,-4.997,-0.522,-3.254,0.01,-3.244,5275,2632,2643
2213,Kirk Haston,2005,-1.357,-0.441,-0.916,-0.258,-0.141,-0.117,-0.387,-0.016,-0.371,-0.271,-0.008,-0.263,-0.361,-0.312,-0.046,-0.38,-0.794,-0.794,-2.098,-2.892,0.0,-0.38,0.02,-0.4,-0.38,0.02,-0.4,-0.809,-0.183,-0.444,0.073,-0.517,-0.424,-0.087,-0.337,-0.309,-0.174,-0.135,0.216,-0.029,0.245,-0.119,-0.173,0.052,-0.335,0.539,0.539,-0.898,-0.359,-0.0,-0.335,-0.023,-0.312,-0.335,-0.023,-0.312,-0.271,-0.372,-1.801,-0.368,-1.433,-0.682,-0.228,-0.454,-0.696,-0.19,-0.506,-0.055,-0.037,-0.018,-0.48,-0.485,0.006,-0.714,-0.255,-0.255,-3.251,0.0,-0.714,-0.003,-0.711,-0.714,-0.003,-0.711,-1.08,-0.555,-2.892,-0.359,-3.251,574,286,288
2639,Britton Johnsen,2005,-2.436,-0.11,-2.326,-0.907,-0.197,-0.71,-0.764,-0.063,-0.701,-0.655,0.026,-0.681,-0.618,-0.2,-0.417,0.38,0.056,0.056,-2.674,-2.618,0.0,0.38,0.272,0.108,0.38,0.272,0.108,-2.953,-0.655,-0.234,0.141,-0.375,0.109,0.026,0.083,-0.413,-0.129,-0.284,-0.071,-0.045,-0.026,0.043,0.007,0.035,-0.097,-0.35,-0.35,-0.288,-0.638,0.0,-0.097,0.137,-0.234,-0.097,0.137,-0.234,-1.193,0.055,-2.67,0.031,-2.701,-0.798,-0.171,-0.627,-1.178,-0.192,-0.986,-0.725,-0.019,-0.706,-0.575,-0.192,-0.382,0.283,-0.294,-0.294,-3.256,0.0,0.283,0.409,-0.126,0.283,0.409,-0.126,-4.146,-0.6,-2.618,-0.638,-3.256,1352,676,676
344,Dana Barros,2005,-1.998,-0.204,-1.794,-1.603,0.04,-1.643,0.097,0.08,0.017,-0.288,0.016,-0.304,0.057,0.099,-0.039,-0.016,0.866,0.866,-1.957,-1.091,0.0,-0.016,0.116,-0.132,-0.016,0.116,-0.132,-2.705,-1.184,-1.989,0.228,-2.217,-0.295,-0.236,-0.059,-1.35,-0.203,-1.147,-0.572,0.07,-0.642,-0.542,-0.673,0.131,-0.153,0.516,0.516,-2.684,-2.168,0.0,-0.153,0.162,-0.315,-0.153,0.162,-0.315,0.684,-0.541,-3.989,0.024,-4.013,-1.898,-0.196,-1.702,-1.253,-0.123,-1.13,-0.862,0.085,-0.947,-0.484,-0.574,0.092,-0.17,1.383,1.383,-3.259,-0.001,-0.17,0.277,-0.447,-0.17,0.277,-0.447,-2.021,-1.725,-1.091,-2.168,-3.26,11291,5669,5622
2257,Ruben Boumtje-Boumtje,2005,-1.26,-0.125,-1.135,-0.781,-0.209,-0.572,-0.58,-0.052,-0.528,0.226,0.038,0.188,-0.319,-0.318,0.001,-0.232,-0.281,-0.281,-1.811,-2.092,0.0,-0.232,-0.008,-0.224,-0.232,-0.008,-0.224,-0.77,-0.485,-0.883,0.102,-0.985,0.067,0.097,-0.03,-0.311,-0.05,-0.261,-0.741,-0.041,-0.7,0.117,0.029,0.085,-0.24,-0.172,-0.172,-1.006,-1.178,0.0,-0.24,-0.109,-0.131,-0.24,-0.109,-0.131,-0.989,0.107,-2.142,-0.023,-2.119,-0.714,-0.112,-0.602,-0.89,-0.101,-0.789,-0.515,-0.003,-0.512,-0.202,-0.288,0.086,-0.473,-0.453,-0.453,-3.27,-0.001,-0.473,-0.117,-0.356,-0.473,-0.117,-0.356,-1.759,-0.377,-2.092,-1.178,-3.271,1079,532,547
2205,DeSagana Diop,2005,-2.449,0.11,-2.559,-0.69,-0.141,-0.549,-1.261,-0.354,-0.907,-0.608,-0.031,-0.577,-1.178,-0.789,-0.389,-0.523,-0.258,-0.258,-4.15,-4.408,-0.0,-0.523,-0.37,-0.153,-0.523,-0.37,-0.153,-1.279,-0.4,0.212,0.138,0.074,0.272,0.074,0.198,0.348,0.015,0.333,-0.546,0.047,-0.593,0.038,-0.217,0.256,-0.244,1.117,1.117,0.006,1.123,0.0,-0.244,0.142,-0.386,-0.244,0.142,-0.386,-0.546,0.038,-2.238,0.248,-2.486,-0.419,-0.067,-0.352,-0.913,-0.339,-0.574,-1.154,0.016,-1.17,-1.14,-1.006,-0.133,-0.767,0.859,0.859,-3.285,0.001,-0.767,-0.228,-0.539,-0.767,-0.228,-0.539,-1.825,-0.363,-4.408,1.123,-3.284,7881,3915,3966
2413,Juan Dixon,2005,-0.823,-0.047,-0.776,0.047,-0.278,0.325,-0.024,0.113,-0.137,-0.799,0.172,-0.971,0.001,-0.018,0.019,0.148,-0.439,-0.439,-0.674,-1.113,0.0,0.148,0.174,-0.026,0.148,0.174,-0.026,-1.305,-0.637,-0.952,0.314,-1.266,-1.07,0.053,-1.123,-0.199,-0.065,-0.134,0.003,0.02,-0.017,-0.375,-0.326,-0.048,-0.158,-0.688,-0.688,-1.485,-2.173,0.0,-0.158,0.046,-0.204,-0.158,0.046,-0.204,-0.154,-0.304,-1.775,0.267,-2.042,-1.022,-0.224,-0.798,-0.224,0.047,-0.271,-0.796,0.192,-0.988,-0.374,-0.344,-0.028,-0.011,-1.127,-1.127,-3.286,0.001,-0.011,0.22,-0.231,-0.011,0.22,-0.231,-1.459,-0.941,-1.113,-2.173,-3.285,12989,6489,6500
2061,Dan Langhi,2005,-2.433,-0.201,-2.232,-1.558,-0.343,-1.215,0.522,-0.28,0.802,-1.196,-0.018,-1.178,-0.88,-0.562,-0.318,0.883,-0.109,-0.109,-2.43,-2.539,-0.0,0.883,0.533,0.35,0.883,0.533,0.35,-2.509,-1.191,-0.889,0.135,-1.024,-1.029,-0.152,-0.877,0.106,-0.086,0.192,-0.101,0.012,-0.113,0.089,0.111,-0.022,-0.188,0.209,0.209,-0.988,-0.779,0.0,-0.188,0.05,-0.238,-0.188,0.05,-0.238,-0.961,-0.657,-3.323,-0.066,-3.257,-2.587,-0.494,-2.093,0.627,-0.366,0.993,-1.297,-0.006,-1.291,-0.791,-0.451,-0.34,0.695,0.1,0.1,-3.318,-0.0,0.695,0.583,0.112,0.695,0.583,0.112,-3.47,-1.848,-2.539,-0.779,-3.318,4629,2325,2304
2370,Mengke Bateer,2005,-1.2,-0.033,-1.167,-0.581,-0.017,-0.564,-0.811,-0.103,-0.708,0.225,-0.051,0.276,-0.179,-0.443,0.265,-1.109,-0.771,-0.771,-2.488,-3.259,0.0,-1.109,-0.669,-0.44,-1.109,-0.669,-0.44,-0.266,-0.026,0.291,0.14,0.151,0.026,0.049,-0.023,-0.356,-0.075,-0.281,0.481,-0.011,0.492,-0.233,-0.182,-0.05,-0.102,-0.016,-0.016,-0.044,-0.06,0.0,-0.102,0.101,-0.203,-0.102,0.101,-0.203,0.048,0.062,-0.908,0.107,-1.015,-0.555,0.032,-0.587,-1.167,-0.178,-0.989,0.707,-0.061,0.768,-0.412,-0.625,0.215,-1.21,-0.787,-0.787,-3.319,-0.001,-1.21,-0.568,-0.642,-1.21,-0.568,-0.642,-0.218,0.037,-3.259,-0.06,-3.32,1862,924,938
2545,Darko Milicic,2005,-1.811,-0.787,-1.024,0.326,-0.032,0.358,-0.634,-0.032,-0.602,-0.716,-0.137,-0.579,-0.234,0.051,-0.283,-0.051,-1.219,-1.219,-2.096,-3.315,0.0,-0.051,-0.189,0.138,-0.051,-0.189,0.138,-1.659,0.179,0.471,0.109,0.362,0.377,-0.055,0.432,-0.062,-0.167,0.105,0.047,-0.02,0.067,-0.012,-0.109,0.095,-0.131,-0.35,-0.35,0.328,-0.022,0.0,-0.131,0.088,-0.219,-0.131,0.088,-0.219,0.419,0.035,-1.339,-0.678,-0.661,0.705,-0.086,0.791,-0.697,-0.2,-0.497,-0.669,-0.157,-0.512,-0.246,-0.058,-0.188,-0.182,-1.569,-1.569,-3.337,-0.001,-0.182,-0.101,-0.081,-0.182,-0.101,-0.081,-1.24,0.215,-3.315,-0.022,-3.338,1636,822,814
2624,Quinton Ross,2005,-1.726,-0.225,-1.501,-0.193,-0.076,-0.117,-0.427,-0.413,-0.014,-0.881,-0.236,-0.645,-0.449,-0.244,-0.206,-0.001,-0.749,-0.749,-2.176,-2.925,0.0,-0.001,0.34,-0.341,-0.001,0.34,-0.341,-1.978,-0.117,0.682,0.165,0.517,0.019,-0.008,0.027,0.271,-0.071,0.342,0.227,0.011,0.216,-0.134,-0.288,0.155,-0.352,-0.614,-0.614,0.196,-0.418,-0.0,-0.352,-0.369,0.017,-0.352,-0.369,0.017,1.025,0.125,-1.042,-0.06,-0.982,-0.174,-0.084,-0.09,-0.155,-0.483,0.328,-0.653,-0.224,-0.429,-0.584,-0.532,-0.05,-0.353,-1.363,-1.363,-3.343,0.0,-0.353,-0.03,-0.323,-0.353,-0.03,-0.323,-0.953,0.008,-2.925,-0.418,-3.343,5989,2965,3024
98,Nick Anderson,2005,-1.566,-0.405,-1.161,-0.827,-0.364,-0.463,-0.268,0.44,-0.708,-0.066,0.411,-0.477,-0.616,-0.29,-0.322,-0.421,-0.684,-0.684,-2.603,-3.287,0.0,-0.421,-0.588,0.167,-0.421,-0.588,0.167,-1.929,-0.884,-0.477,0.233,-0.71,-0.075,0.185,-0.26,-0.636,0.151,-0.787,0.001,0.01,-0.009,0.085,0.224,-0.142,0.273,0.058,0.058,-0.119,-0.061,-0.0,0.273,0.068,0.205,0.273,0.068,0.205,-0.729,0.211,-2.043,-0.172,-1.871,-0.903,-0.179,-0.724,-0.904,0.591,-1.495,-0.064,0.422,-0.486,-0.531,-0.065,-0.464,-0.148,-0.626,-0.626,-3.348,0.0,-0.148,-0.52,0.372,-0.148,-0.52,0.372,-2.658,-0.673,-3.287,-0.061,-3.348,10906,5460,5446
2357,Tierre Brown,2005,-1.422,-0.191,-1.231,-0.59,0.253,-0.843,-0.967,0.237,-1.204,0.326,0.123,0.203,-0.628,-0.684,0.055,-0.498,-0.473,-0.473,-2.548,-3.021,0.0,-0.498,-0.33,-0.168,-0.498,-0.33,-0.168,-1.297,-0.512,-0.635,0.195,-0.83,-0.097,-0.074,-0.023,-0.844,-0.093,-0.751,0.111,-0.052,0.163,0.36,0.379,-0.018,-0.407,0.353,0.353,-0.682,-0.329,-0.0,-0.407,-0.224,-0.183,-0.407,-0.224,-0.183,-3.053,-0.437,-2.057,0.004,-2.061,-0.688,0.179,-0.867,-1.81,0.145,-1.955,0.437,0.071,0.366,-0.268,-0.305,0.037,-0.905,-0.12,-0.12,-3.35,-0.0,-0.905,-0.553,-0.352,-0.905,-0.553,-0.352,-4.35,-0.949,-3.021,-0.329,-3.35,6102,3044,3058
2471,Mike Batiste,2005,-1.018,0.118,-1.136,-0.161,-0.001,-0.16,-0.517,-0.088,-0.429,-0.458,-0.006,-0.452,-0.495,-0.34,-0.154,-0.8,0.155,0.155,-2.313,-2.158,0.0,-0.8,-0.38,-0.42,-0.8,-0.38,-0.42,-0.868,-0.23,-1.532,0.021,-1.553,0.488,-0.014,0.502,-1.046,-0.057,-0.989,-0.995,-0.063,-0.932,0.397,0.388,0.009,0.134,-0.195,-0.195,-1.001,-1.196,0.0,0.134,-0.084,0.218,0.134,-0.084,0.218,-1.3,0.209,-2.55,0.139,-2.689,0.327,-0.015,0.342,-1.563,-0.145,-1.418,-1.453,-0.069,-1.384,-0.097,0.048,-0.145,-0.666,-0.039,-0.039,-3.354,0.0,-0.666,-0.463,-0.203,-0.666,-0.463,-0.203,-2.167,-0.021,-2.158,-1.196,-3.354,4764,2373,2391
2751,Viktor Khryapa,2005,-2.161,-0.255,-1.906,-0.565,0.16,-0.725,-1.115,0.146,-1.261,-0.226,0.014,-0.24,-0.319,-0.209,-0.109,-0.492,0.147,0.147,-2.972,-2.825,0.0,-0.492,-0.53,0.038,-0.492,-0.53,0.038,-1.319,0.315,-0.258,0.127,-0.385,-0.117,-0.073,-0.044,-0.106,-0.125,0.019,-0.162,0.011,-0.173,-0.22,-0.275,0.055,0.203,-0.275,-0.275,-0.275,-0.55,0.0,0.203,-0.046,0.249,0.203,-0.046,0.249,-0.092,-0.11,-2.419,-0.128,-2.291,-0.681,0.088,-0.769,-1.222,0.02,-1.242,-0.388,0.025,-0.413,-0.539,-0.484,-0.054,-0.289,-0.128,-0.128,-3.375,0.0,-0.289,-0.576,0.287,-0.289,-0.576,0.287,-1.411,0.205,-2.825,-0.55,-3.375,1991,989,1002
2398,Jay Williams,2005,0.357,-0.089,0.446,0.004,0.467,-0.463,0.488,0.362,0.126,-0.046,0.013,-0.059,-0.287,0.121,-0.409,-0.649,-1.225,-1.225,-0.579,-1.804,0.0,-0.649,-0.218,-0.431,-0.649,-0.218,-0.431,-1.147,0.377,-1.857,-0.019,-1.838,-0.12,-0.121,0.001,-0.859,-0.154,-0.705,-0.859,0.013,-0.872,-0.43,-0.421,-0.009,0.19,0.491,0.491,-2.097,-1.606,-0.0,0.19,0.223,-0.033,0.19,0.223,-0.033,-1.11,-0.431,-1.5,-0.108,-1.392,-0.116,0.346,-0.462,-0.371,0.208,-0.579,-0.905,0.026,-0.931,-0.717,-0.3,-0.417,-0.459,-0.734,-0.734,-3.41,0.0,-0.459,0.004,-0.463,-0.459,0.004,-0.463,-2.257,-0.054,-1.804,-1.606,-3.41,7664,3841,3823
1601,Rusty LaRue,2005,-2.158,0.002,-2.16,-1.077,-0.076,-1.001,-0.321,0.039,-0.36,-0.762,-0.007,-0.755,-0.321,0.151,-0.47,-0.349,0.486,0.486,-2.828,-2.342,0.0,-0.349,-0.428,0.079,-0.349,-0.428,0.079,-1.764,-0.186,-0.249,0.179,-0.428,-0.682,-0.069,-0.613,-0.096,-0.156,0.06,0.35,0.023,0.327,-0.562,-0.471,-0.088,-0.462,0.197,0.197,-1.273,-1.076,0.0,-0.462,-0.3,-0.162,-0.462,-0.3,-0.162,0.014,-0.372,-2.408,0.181,-2.589,-1.759,-0.145,-1.614,-0.417,-0.117,-0.3,-0.413,0.016,-0.429,-0.883,-0.32,-0.558,-0.811,0.682,0.682,-3.418,0.0,-0.811,-0.728,-0.083,-0.811,-0.728,-0.083,-1.75,-0.558,-2.342,-1.076,-3.418,2781,1380,1401
156,Carr,2005,-1.126,-0.228,-0.898,-0.237,-0.18,-0.057,-0.302,-0.075,-0.227,-0.359,-0.014,-0.345,-0.244,-0.155,-0.086,-0.976,-0.629,-0.629,-2.346,-2.975,0.0,-0.976,-0.263,-0.713,-0.976,-0.263,-0.713,-1.252,-0.309,-0.212,0.021,-0.233,-0.086,0.045,-0.131,-0.126,-0.039,-0.087,-0.021,-0.003,-0.018,-0.201,-0.2,-0.001,-0.132,0.083,0.083,-0.545,-0.462,0.0,-0.132,-0.07,-0.062,-0.132,-0.07,-0.062,-0.233,-0.011,-1.338,-0.207,-1.131,-0.324,-0.136,-0.188,-0.427,-0.114,-0.313,-0.38,-0.017,-0.363,-0.445,-0.355,-0.087,-1.108,-0.546,-0.546,-3.437,0.0,-1.108,-0.333,-0.775,-1.108,-0.333,-0.775,-1.485,-0.32,-2.975,-0.462,-3.437,830,414,416
2557,Luke Ridnour,2005,-0.936,-0.231,-0.705,0.241,-0.01,0.251,-0.933,0.233,-1.166,-0.013,0.125,-0.138,0.162,-0.095,0.259,0.579,-1.156,-1.156,-0.195,-1.351,0.0,0.579,0.006,0.573,0.579,0.006,0.573,-3.284,-0.525,-1.368,0.031,-1.399,-0.716,-0.096,-0.62,-0.577,0.021,-0.598,-0.106,0.061,-0.167,-0.216,0.068,-0.286,0.003,-0.52,-0.52,-1.581,-2.101,0.0,0.003,-0.062,0.065,0.003,-0.062,0.065,0.198,-0.202,-2.301,-0.2,-2.101,-0.475,-0.106,-0.369,-1.509,0.254,-1.763,-0.117,0.187,-0.304,-0.054,-0.027,-0.027,0.582,-1.675,-1.675,-3.452,0.0,0.582,-0.055,0.637,0.582,-0.055,0.637,-3.086,-0.728,-1.351,-2.101,-3.452,14818,7411,7407
1548,Mark Blount,2005,-1.17,0.298,-1.468,-0.256,-0.05,-0.206,-0.623,-0.393,-0.23,-0.589,-0.094,-0.495,-0.416,-0.601,0.185,-1.447,-0.459,-0.459,-3.033,-3.492,0.0,-1.447,-0.569,-0.878,-1.447,-0.569,-0.878,-0.639,-0.246,-0.695,-0.128,-0.567,0.509,-0.151,0.66,-0.258,0.014,-0.272,-0.818,-0.055,-0.763,0.725,0.784,-0.057,0.124,-0.118,-0.118,0.154,0.036,-0.0,0.124,0.061,0.063,0.124,0.061,0.063,-2.756,-0.33,-1.867,0.17,-2.037,0.252,-0.202,0.454,-0.882,-0.38,-0.502,-1.407,-0.149,-1.258,0.309,0.183,0.127,-1.322,-0.577,-0.577,-3.456,0.0,-1.322,-0.507,-0.815,-1.322,-0.507,-0.815,-3.395,-0.575,-3.492,0.036,-3.456,30052,15012,15040
2549,Chris Kaman,2005,-0.074,0.305,-0.379,-0.559,0.088,-0.647,-0.42,-0.274,-0.146,0.6,-0.127,0.727,-0.349,-0.766,0.415,-1.61,-0.211,-0.211,-2.033,-2.244,-0.0,-1.61,-0.782,-0.828,-1.61,-0.782,-0.828,-0.157,-0.094,-0.447,-0.172,-0.275,0.397,-0.153,0.55,-0.115,-0.003,-0.112,-0.557,0.007,-0.564,0.644,0.389,0.259,-0.747,-0.662,-0.662,-0.55,-1.212,0.0,-0.747,-0.354,-0.393,-0.747,-0.354,-0.393,-1.744,-0.11,-0.518,0.133,-0.651,-0.161,-0.065,-0.096,-0.534,-0.277,-0.257,0.044,-0.12,0.164,0.295,-0.377,0.674,-2.357,-0.873,-0.873,-3.456,0.0,-2.357,-1.136,-1.221,-2.357,-1.136,-1.221,-1.902,-0.204,-2.244,-1.212,-3.456,12884,6436,6448
2669,Linton Johnson,2005,-3.141,-0.008,-3.133,-0.468,-0.196,-0.272,-2.08,-0.041,-2.039,-0.585,0.079,-0.664,-0.26,-0.396,0.137,0.077,-0.339,-0.339,-3.324,-3.663,0.0,0.077,0.082,-0.005,0.077,0.082,-0.005,-2.244,-0.476,0.107,0.08,0.027,0.412,0.063,0.349,-0.354,-0.115,-0.239,-0.031,-0.025,-0.006,-0.337,-0.269,-0.067,0.196,0.192,0.192,-0.034,0.158,0.0,0.196,0.003,0.193,0.196,0.003,0.193,0.599,0.243,-3.036,0.072,-3.108,-0.057,-0.133,0.076,-2.434,-0.156,-2.278,-0.617,0.054,-0.671,-0.597,-0.666,0.07,0.273,-0.148,-0.148,-3.505,-0.001,0.273,0.085,0.188,0.273,0.085,0.188,-1.644,-0.233,-3.663,0.158,-3.506,2899,1443,1456
2730,Dwight Howard,2005,-0.084,0.166,-0.25,0.237,-0.027,0.264,-0.244,-0.499,0.255,-0.243,-0.297,0.054,-0.401,-0.385,-0.018,-1.213,-0.077,-0.077,-1.698,-1.775,0.0,-1.213,-1.008,-0.205,-1.213,-1.008,-0.205,-3.239,-0.049,-2.289,-0.045,-2.244,-1.137,-0.318,-0.819,-0.818,-0.196,-0.622,-0.289,0.037,-0.326,-0.17,-0.056,-0.111,0.154,0.571,0.571,-2.305,-1.734,0.0,0.154,0.237,-0.083,0.154,0.237,-0.083,-0.752,-0.923,-2.374,0.121,-2.495,-0.9,-0.345,-0.555,-1.062,-0.695,-0.367,-0.533,-0.26,-0.273,-0.571,-0.441,-0.129,-1.059,0.494,0.494,-3.509,0.001,-1.059,-0.772,-0.287,-1.059,-0.772,-0.287,-3.99,-0.972,-1.775,-1.734,-3.508,10508,5234,5274
2541,Antoine Rigaudeau,2005,-1.794,-0.227,-1.567,-0.501,-0.07,-0.431,-0.546,0.015,-0.561,-0.52,0.024,-0.544,-0.474,-0.439,-0.033,-0.415,-0.03,-0.03,-2.683,-2.713,-0.0,-0.415,-0.111,-0.304,-0.415,-0.111,-0.304,-0.968,-0.197,-0.708,0.066,-0.774,-0.251,-0.034,-0.217,-0.328,-0.12,-0.208,-0.195,-0.004,-0.191,-0.102,-0.127,0.024,-0.169,0.168,0.168,-0.979,-0.811,-0.0,-0.169,-0.016,-0.153,-0.169,-0.016,-0.153,-0.537,-0.272,-2.502,-0.161,-2.341,-0.752,-0.104,-0.648,-0.874,-0.106,-0.768,-0.715,0.02,-0.735,-0.577,-0.566,-0.01,-0.584,0.138,0.138,-3.524,-0.0,-0.584,-0.127,-0.457,-0.584,-0.127,-0.457,-1.505,-0.469,-2.713,-0.811,-3.524,338,170,168
2036,Chris Mihm,2005,-2.24,0.22,-2.46,-0.838,-0.186,-0.652,-1.09,-0.396,-0.694,-0.532,-0.154,-0.378,-0.377,-0.32,-0.059,-1.478,0.871,0.871,-4.095,-3.224,-0.0,-1.478,-0.898,-0.58,-1.478,-0.898,-0.58,-1.654,-0.45,0.122,-0.127,0.249,0.731,0.036,0.695,-0.263,0.189,-0.452,-0.219,0.002,-0.221,0.588,0.53,0.057,-0.811,-0.205,-0.205,-0.101,-0.306,0.0,-0.811,-0.326,-0.485,-0.811,-0.326,-0.485,-3.354,-0.208,-2.117,0.093,-2.21,-0.108,-0.151,0.043,-1.352,-0.207,-1.145,-0.75,-0.151,-0.599,0.211,0.211,-0.002,-2.289,0.666,0.666,-3.53,0.0,-2.289,-1.224,-1.065,-2.289,-1.224,-1.065,-5.009,-0.658,-3.224,-0.306,-3.53,26242,13113,13129
1983,Jermaine Jackson,2005,-1.835,-0.206,-1.629,-0.078,-0.054,-0.024,-1.426,-0.044,-1.382,-0.125,-0.128,0.003,-0.058,0.491,-0.549,-0.061,-1.163,-1.163,-1.954,-3.117,0.0,-0.061,-0.419,0.358,-0.061,-0.419,0.358,-2.401,0.112,-0.663,0.151,-0.814,0.119,0.069,0.05,-0.119,-0.192,0.073,-0.814,-0.027,-0.787,-0.404,-0.63,0.227,0.405,0.233,0.233,-0.662,-0.429,0.0,0.405,0.177,0.228,0.405,0.177,0.228,0.285,-0.042,-2.499,-0.055,-2.444,0.04,0.015,0.025,-1.545,-0.236,-1.309,-0.939,-0.155,-0.784,-0.462,-0.139,-0.321,0.344,-0.93,-0.93,-3.546,0.0,0.344,-0.241,0.585,0.344,-0.241,0.585,-2.116,0.07,-3.117,-0.429,-3.546,4259,2104,2155
1600,Kornel David,2005,-1.985,-0.275,-1.71,-0.141,-0.066,-0.075,-1.079,-0.018,-1.061,-0.49,-0.042,-0.448,-0.076,0.134,-0.208,-0.197,-0.665,-0.665,-2.258,-2.923,0.0,-0.197,-0.296,0.099,-0.197,-0.296,0.099,-3.242,-0.55,-0.591,0.001,-0.592,-0.379,-0.171,-0.208,-0.187,-0.197,0.01,-0.026,0.034,-0.06,-0.399,-0.579,0.179,0.058,0.305,0.305,-0.932,-0.627,0.0,0.058,0.045,0.013,0.058,0.045,0.013,0.395,-0.172,-2.574,-0.274,-2.3,-0.519,-0.236,-0.283,-1.265,-0.215,-1.05,-0.516,-0.008,-0.508,-0.475,-0.445,-0.029,-0.139,-0.361,-0.361,-3.55,0.0,-0.139,-0.25,0.111,-0.139,-0.25,0.111,-2.846,-0.721,-2.923,-0.627,-3.55,2630,1313,1317
2228,Alton Ford,2005,-1.971,-0.45,-1.521,-0.93,-0.126,-0.804,-0.936,-0.017,-0.919,0.345,-0.048,0.393,0.11,-0.005,0.117,-0.942,0.348,0.348,-2.803,-2.455,0.0,-0.942,-0.487,-0.455,-0.942,-0.487,-0.455,-1.779,-0.213,-0.314,0.12,-0.434,-0.06,-0.047,-0.013,-0.645,-0.125,-0.52,0.271,-0.001,0.272,-0.199,-0.112,-0.085,-0.661,0.064,0.064,-1.174,-1.11,-0.0,-0.661,-0.526,-0.135,-0.661,-0.526,-0.135,-0.821,-0.334,-2.286,-0.33,-1.956,-0.991,-0.173,-0.818,-1.581,-0.142,-1.439,0.616,-0.049,0.665,-0.089,-0.117,0.032,-1.603,0.412,0.412,-3.565,0.001,-1.603,-1.013,-0.59,-1.603,-1.013,-0.59,-2.599,-0.547,-2.455,-1.11,-3.564,1973,979,994
2211,Troy Murphy,2005,-0.912,0.074,-0.986,-0.036,-0.242,0.206,-0.593,-0.236,-0.357,-0.357,-0.07,-0.287,0.278,0.0,0.277,-0.775,-0.352,-0.352,-1.409,-1.761,0.0,-0.775,0.257,-1.032,-0.775,0.257,-1.032,-0.963,-0.592,-1.8,0.028,-1.828,-1.124,-0.038,-1.086,-0.952,0.031,-0.983,0.248,0.055,0.193,-0.132,-0.095,-0.036,-0.385,0.445,0.445,-2.317,-1.872,0.0,-0.385,-0.194,-0.191,-0.385,-0.194,-0.191,-2.063,-0.591,-2.713,0.102,-2.815,-1.161,-0.281,-0.88,-1.545,-0.205,-1.34,-0.109,-0.015,-0.094,0.146,-0.095,0.241,-1.16,0.093,0.093,-3.633,0.001,-1.16,0.063,-1.223,-1.16,0.063,-1.223,-3.026,-1.183,-1.761,-1.872,-3.632,27137,13548,13589
2571,Leandro Barbosa,2005,0.13,-0.143,0.273,0.437,0.204,0.233,-0.506,0.45,-0.956,0.342,0.2,0.142,-0.302,-0.251,-0.051,-0.621,-0.581,-0.581,-0.793,-1.374,-0.0,-0.621,-0.4,-0.221,-0.621,-0.4,-0.221,-2.173,-0.168,-1.457,-0.033,-1.424,-0.434,0.011,-0.445,-0.146,-0.101,-0.045,-0.844,-0.0,-0.844,-0.475,-0.399,-0.075,-0.078,-0.253,-0.253,-2.01,-2.263,0.0,-0.078,0.351,-0.429,-0.078,0.351,-0.429,0.679,0.267,-1.327,-0.176,-1.151,0.003,0.215,-0.212,-0.652,0.349,-1.001,-0.502,0.2,-0.702,-0.777,-0.65,-0.126,-0.7,-0.834,-0.834,-3.637,-0.0,-0.7,-0.049,-0.651,-0.7,-0.049,-0.651,-1.494,0.099,-1.374,-2.263,-3.637,10662,5318,5344
2743,Kris Humphries,2005,-2.848,0.065,-2.913,0.097,0.141,-0.044,-2.592,-0.115,-2.477,-0.418,-0.143,-0.275,-0.942,0.094,-1.035,-0.666,0.956,0.956,-4.456,-3.5,0.0,-0.666,0.047,-0.713,-0.666,0.047,-0.713,-2.493,0.14,-0.024,0.045,-0.069,0.119,0.056,0.063,-0.299,-0.129,-0.17,0.111,-0.034,0.145,-0.195,-0.267,0.072,0.123,-0.048,-0.048,-0.096,-0.144,0.0,0.123,0.037,0.086,0.123,0.037,0.086,0.448,0.188,-2.873,0.11,-2.983,0.215,0.196,0.019,-2.891,-0.244,-2.647,-0.307,-0.178,-0.129,-1.137,-0.173,-0.963,-0.542,0.908,0.908,-3.644,0.0,-0.542,0.083,-0.625,-0.542,0.083,-0.625,-2.044,0.328,-3.5,-0.144,-3.644,3141,1567,1574
2565,Zoran Planinic,2005,-1.629,-0.294,-1.335,-0.553,0.192,-0.745,-0.905,0.144,-1.049,0.123,-0.014,0.137,-0.504,-0.153,-0.351,-1.168,-0.211,-0.211,-3.301,-3.512,0.0,-1.168,-0.044,-1.124,-1.168,-0.044,-1.124,-1.157,0.125,0.613,0.309,0.304,-0.257,0.173,-0.43,-0.096,-0.035,-0.061,0.657,0.021,0.636,-0.491,-0.439,-0.049,-0.281,0.026,0.026,-0.159,-0.133,0.0,-0.281,-0.198,-0.083,-0.281,-0.198,-0.083,0.208,-0.181,-1.017,0.015,-1.032,-0.811,0.364,-1.175,-1.001,0.109,-1.11,0.78,0.007,0.773,-0.996,-0.592,-0.401,-1.449,-0.185,-0.185,-3.645,0.0,-1.449,-0.242,-1.207,-1.449,-0.242,-1.207,-0.949,-0.056,-3.512,-0.133,-3.645,3594,1790,1804
1609,Art Long,2005,-1.813,-0.108,-1.705,-0.25,-0.003,-0.247,0.038,-0.214,0.252,-1.493,-0.109,-1.384,-0.662,-0.435,-0.226,-1.006,0.18,0.18,-3.481,-3.301,-0.0,-1.006,-0.521,-0.485,-1.006,-0.521,-0.485,-1.729,0.083,-0.226,0.006,-0.232,-0.094,0.197,-0.291,-0.0,-0.057,0.057,-0.138,-0.072,-0.066,-0.218,-0.191,-0.027,0.274,-0.189,-0.189,-0.17,-0.359,0.0,0.274,0.446,-0.172,0.274,0.446,-0.172,-0.989,0.015,-2.039,-0.102,-1.937,-0.344,0.194,-0.538,0.038,-0.271,0.309,-1.631,-0.181,-1.45,-0.88,-0.626,-0.253,-0.733,-0.008,-0.008,-3.66,-0.0,-0.733,-0.075,-0.658,-0.733,-0.075,-0.658,-2.718,0.098,-3.301,-0.359,-3.66,4571,2282,2289
93,Hubert Davis,2005,-0.693,-0.474,-0.219,-0.844,-0.412,-0.432,-0.618,0.019,-0.637,1.243,0.121,1.122,0.203,-0.11,0.315,0.138,-0.525,-0.525,-0.352,-0.877,0.0,0.138,0.307,-0.169,0.138,0.307,-0.169,-2.128,-1.182,-1.686,0.105,-1.791,-1.345,-0.303,-1.042,-0.422,-0.057,-0.365,-0.024,0.068,-0.092,-0.156,-0.168,0.012,-0.571,-0.373,-0.373,-2.413,-2.786,-0.0,-0.571,-0.105,-0.466,-0.571,-0.105,-0.466,-0.228,-0.758,-2.38,-0.369,-2.011,-2.189,-0.715,-1.474,-1.041,-0.039,-1.002,1.219,0.189,1.03,0.046,-0.278,0.327,-0.433,-0.897,-0.897,-3.663,-0.0,-0.433,0.202,-0.635,-0.433,0.202,-0.635,-2.355,-1.94,-0.877,-2.786,-3.663,19638,9834,9804
3,Grant Long,2005,-3.316,-0.32,-2.996,-0.584,-0.2,-0.384,-1.224,-0.297,-0.927,-1.188,-0.119,-1.069,-0.442,-0.322,-0.12,-1.174,-0.044,-0.044,-4.932,-4.976,0.0,-1.174,-0.396,-0.778,-1.174,-0.396,-0.778,-3.043,-0.279,0.053,0.168,-0.115,0.206,0.268,-0.062,0.024,0.078,-0.054,-0.345,-0.08,-0.265,0.365,0.291,0.074,0.8,0.085,0.085,1.218,1.303,0.0,0.8,0.013,0.787,0.8,0.013,0.787,-0.395,0.444,-3.264,-0.152,-3.112,-0.379,0.068,-0.447,-1.2,-0.219,-0.981,-1.533,-0.199,-1.334,-0.077,-0.031,-0.046,-0.374,0.041,0.041,-3.673,0.001,-0.374,-0.383,0.009,-0.374,-0.383,0.009,-3.438,0.165,-4.976,1.303,-3.672,18173,9055,9118
2416,Kareem Rush,2005,-1.179,-0.108,-1.071,0.064,-0.262,0.326,-0.672,-0.231,-0.441,-0.463,0.03,-0.493,-0.908,-0.704,-0.204,0.345,-0.188,-0.188,-1.742,-1.93,0.0,0.345,-0.008,0.353,0.345,-0.008,0.353,-0.772,-0.539,-0.99,0.152,-1.142,-0.701,-0.286,-0.415,-0.295,-0.156,-0.139,-0.146,0.077,-0.223,-0.432,-0.4,-0.032,-0.205,-0.116,-0.116,-1.627,-1.743,0.0,-0.205,-0.031,-0.174,-0.205,-0.031,-0.174,-0.714,-0.793,-2.17,0.044,-2.214,-0.637,-0.548,-0.089,-0.967,-0.387,-0.58,-0.61,0.107,-0.717,-1.34,-1.104,-0.235,0.14,-0.305,-0.305,-3.673,0.0,0.14,-0.039,0.179,0.14,-0.039,0.179,-1.486,-1.332,-1.93,-1.743,-3.673,13079,6534,6545
2054,Jake Tsakalidis,2005,-1.979,0.079,-2.058,-0.886,0.06,-0.946,0.113,-0.608,0.721,-1.285,-0.308,-0.977,-1.223,-0.858,-0.366,-1.301,-0.444,-0.444,-4.503,-4.947,0.0,-1.301,-0.881,-0.42,-1.301,-0.881,-0.42,-1.028,0.134,0.413,-0.081,0.494,0.139,-0.057,0.196,0.314,0.286,0.028,0.041,0.143,-0.102,0.642,0.472,0.172,-0.738,0.953,0.953,0.317,1.27,0.0,-0.738,-0.034,-0.704,-0.738,-0.034,-0.704,-1.221,-0.325,-1.565,-0.002,-1.563,-0.747,0.003,-0.75,0.428,-0.321,0.749,-1.244,-0.165,-1.079,-0.581,-0.387,-0.194,-2.039,0.509,0.509,-3.677,0.0,-2.039,-0.915,-1.124,-2.039,-0.915,-1.124,-2.248,-0.19,-4.947,1.27,-3.677,15040,7517,7523
26,Luc Longley,2005,-1.951,0.053,-2.004,-0.591,-0.098,-0.493,-0.992,-0.6,-0.392,-0.421,-0.102,-0.319,-1.258,-1.554,0.299,-1.559,-0.238,-0.238,-4.768,-5.006,0.0,-1.559,-0.906,-0.653,-1.559,-0.906,-0.653,0.276,-0.077,1.233,-0.088,1.321,0.106,0.242,-0.136,0.793,0.277,0.516,0.422,-0.026,0.448,0.735,0.626,0.108,-0.548,-0.098,-0.098,1.42,1.322,0.0,-0.548,-0.402,-0.146,-0.548,-0.402,-0.146,-0.783,0.21,-0.717,-0.035,-0.682,-0.484,0.145,-0.629,-0.199,-0.323,0.124,0.001,-0.128,0.129,-0.523,-0.928,0.406,-2.107,-0.336,-0.336,-3.684,0.0,-2.107,-1.308,-0.799,-2.107,-1.308,-0.799,-0.506,0.133,-5.006,1.322,-3.684,7110,3554,3556
462,J.R. Reid,2005,-2.195,-0.108,-2.087,-1.02,-0.214,-0.806,-0.573,-0.286,-0.287,-0.494,-0.08,-0.414,-0.36,-0.281,-0.077,-0.077,0.379,0.379,-2.632,-2.253,-0.0,-0.077,0.12,-0.197,-0.077,0.12,-0.197,-0.029,-0.871,-1.228,0.005,-1.233,0.001,0.026,-0.025,-0.269,-0.086,-0.183,-0.965,-0.045,-0.92,-0.063,-0.119,0.053,-0.04,-0.107,-0.107,-1.331,-1.438,0.0,-0.04,0.107,-0.147,-0.04,0.107,-0.147,-1.036,-0.116,-3.424,-0.103,-3.321,-1.019,-0.188,-0.831,-0.843,-0.372,-0.471,-1.459,-0.125,-1.334,-0.423,-0.4,-0.024,-0.117,0.272,0.272,-3.691,0.0,-0.117,0.227,-0.344,-0.117,0.227,-0.344,-1.065,-0.987,-2.253,-1.438,-3.691,2427,1220,1207
2804,Andres Nocioni,2005,-1.258,-0.205,-1.053,-0.322,-0.148,-0.174,0.442,0.012,0.43,-1.173,0.021,-1.194,0.24,0.003,0.237,-0.671,-0.69,-0.69,-1.689,-2.379,0.0,-0.671,0.035,-0.706,-0.671,0.035,-0.706,-3.001,-0.628,-0.608,0.051,-0.659,-0.36,0.065,-0.425,-0.123,-0.152,0.029,-0.176,-0.035,-0.141,-0.449,-0.555,0.108,0.115,-0.379,-0.379,-0.942,-1.321,0.0,0.115,-0.356,0.471,0.115,-0.356,0.471,-0.858,-0.175,-1.868,-0.154,-1.714,-0.683,-0.084,-0.599,0.319,-0.14,0.459,-1.35,-0.014,-1.336,-0.209,-0.553,0.345,-0.556,-1.07,-1.07,-3.7,0.001,-0.556,-0.321,-0.235,-0.556,-0.321,-0.235,-3.859,-0.803,-2.379,-1.321,-3.699,8099,4031,4068
2454,Junior Harrington,2005,-3.344,0.205,-3.549,-1.378,-0.156,-1.222,-1.03,-0.419,-0.611,-1.141,-0.212,-0.929,-0.374,0.024,-0.396,-0.61,-0.356,-0.356,-4.328,-4.684,0.0,-0.61,-0.189,-0.421,-0.61,-0.189,-0.421,-0.365,-0.655,0.075,0.256,-0.181,0.354,0.407,-0.053,-0.492,0.028,-0.52,-0.043,-0.027,-0.016,-0.588,-0.548,-0.04,0.916,0.574,0.574,0.403,0.977,0.0,0.916,0.575,0.341,0.916,0.575,0.341,0.533,0.804,-3.27,0.461,-3.731,-1.025,0.25,-1.275,-1.522,-0.391,-1.131,-1.184,-0.239,-0.945,-0.963,-0.524,-0.436,0.306,0.218,0.218,-3.707,0.0,0.306,0.385,-0.079,0.306,0.385,-0.079,0.168,0.15,-4.684,0.977,-3.707,9626,4788,4838
769,Armstrong,2005,-1.337,-0.15,-1.187,-0.393,-0.153,-0.24,-0.669,-0.188,-0.481,-0.125,-0.004,-0.121,-0.691,-0.471,-0.217,-0.545,-1.345,-1.345,-2.573,-3.918,0.0,-0.545,-0.31,-0.235,-0.545,-0.31,-0.235,-1.372,-0.396,-0.254,-0.038,-0.216,0.025,0.02,0.005,-0.293,0.001,-0.294,0.052,-0.025,0.077,0.214,0.223,-0.01,-0.035,0.28,0.28,-0.075,0.205,-0.0,-0.035,0.042,-0.077,-0.035,0.042,-0.077,-0.688,-0.096,-1.592,-0.188,-1.404,-0.368,-0.133,-0.235,-0.962,-0.187,-0.775,-0.074,-0.03,-0.044,-0.477,-0.248,-0.227,-0.579,-1.065,-1.065,-3.713,0.0,-0.579,-0.268,-0.311,-0.579,-0.268,-0.311,-2.06,-0.491,-3.918,0.205,-3.713,2179,1083,1096
111,LaPhonso Ellis,2005,-2.62,-0.031,-2.589,-0.958,-0.502,-0.456,-0.75,-0.332,-0.418,-0.881,-0.005,-0.876,-0.069,-0.185,0.117,-0.661,0.792,0.792,-3.35,-2.558,0.0,-0.661,0.105,-0.766,-0.661,0.105,-0.766,-1.762,-0.77,0.613,-0.104,0.717,-0.226,-0.121,-0.105,0.545,-0.112,0.657,0.398,0.053,0.345,-0.878,-0.897,0.017,-0.093,-0.806,-0.806,-0.358,-1.164,0.0,-0.093,-0.053,-0.04,-0.093,-0.053,-0.04,1.898,-0.136,-2.007,-0.135,-1.872,-1.184,-0.623,-0.561,-0.205,-0.444,0.239,-0.483,0.048,-0.531,-0.947,-1.083,0.134,-0.754,-0.014,-0.014,-3.722,0.001,-0.754,0.052,-0.806,-0.754,0.052,-0.806,0.136,-0.906,-2.558,-1.164,-3.721,21520,10751,10769
2069,Hanno Mottola,2005,-0.719,0.133,-0.852,-0.446,-0.283,-0.163,0.173,-0.368,0.541,-0.579,-0.083,-0.496,-0.451,-0.424,-0.027,-0.623,-0.747,-0.747,-1.793,-2.54,0.0,-0.623,-0.273,-0.35,-0.623,-0.273,-0.35,-1.904,-0.538,-0.995,-0.0,-0.995,-0.64,0.094,-0.734,-0.078,-0.161,0.083,-0.277,-0.084,-0.193,-0.346,-0.375,0.028,0.277,-0.143,-0.143,-1.064,-1.207,0.0,0.277,-0.077,0.354,0.277,-0.077,0.354,-0.484,-0.286,-1.715,0.133,-1.848,-1.088,-0.19,-0.898,0.096,-0.528,0.624,-0.856,-0.167,-0.689,-0.796,-0.799,0.001,-0.346,-0.89,-0.89,-3.747,0.0,-0.346,-0.35,0.004,-0.346,-0.35,0.004,-2.389,-0.824,-2.54,-1.207,-3.747,9066,4512,4554
2254,Loren Woods,2005,-3.754,-0.097,-3.657,-0.955,-0.083,-0.872,-2.226,-0.235,-1.991,-0.476,-0.012,-0.464,-1.203,-0.9,-0.304,-0.357,1.577,1.577,-5.314,-3.737,0.0,-0.357,-0.135,-0.222,-0.357,-0.135,-0.222,-3.778,-0.761,-0.612,0.086,-0.698,0.084,0.03,0.054,-0.426,0.019,-0.445,-0.356,0.001,-0.357,0.291,0.166,0.127,0.17,0.092,0.092,-0.151,-0.059,0.0,0.17,0.471,-0.301,0.17,0.471,-0.301,-1.199,0.114,-4.366,-0.011,-4.355,-0.871,-0.053,-0.818,-2.652,-0.216,-2.436,-0.832,-0.011,-0.821,-0.912,-0.734,-0.177,-0.187,1.669,1.669,-3.796,-0.001,-0.187,0.337,-0.524,-0.187,0.337,-0.524,-4.977,-0.646,-3.737,-0.059,-3.797,7869,3940,3929
2436,Flip Murray,2005,-1.096,0.043,-1.139,0.269,0.265,0.004,0.195,0.338,-0.143,-1.603,0.119,-1.722,-0.271,-0.028,-0.242,0.011,0.099,0.099,-1.356,-1.257,0.0,0.011,0.135,-0.124,0.011,0.135,-0.124,-3.13,0.148,-1.327,0.145,-1.472,-0.235,0.001,-0.236,-0.591,-0.179,-0.412,-0.646,-0.079,-0.567,-0.015,0.034,-0.048,-0.145,-1.068,-1.068,-1.487,-2.555,-0.0,-0.145,-0.27,0.125,-0.145,-0.27,0.125,-1.394,-0.079,-2.423,0.188,-2.611,0.034,0.266,-0.232,-0.396,0.159,-0.555,-2.249,0.04,-2.289,-0.286,0.005,-0.289,-0.134,-0.968,-0.968,-3.812,0.0,-0.134,-0.136,0.002,-0.134,-0.136,0.002,-4.524,0.07,-1.257,-2.555,-3.812,11319,5683,5636
1043,Amal McCaskill,2005,-2.086,-0.272,-1.814,-0.804,-0.103,-0.701,-1.26,-0.058,-1.202,0.25,-0.006,0.256,-0.877,-0.443,-0.434,-0.424,0.422,0.422,-3.387,-2.965,0.0,-0.424,-0.756,0.332,-0.424,-0.756,0.332,-1.452,-0.313,-0.659,-0.055,-0.604,-0.542,-0.034,-0.508,-0.202,-0.087,-0.115,0.14,-0.013,0.153,0.034,-0.138,0.17,-0.35,0.128,0.128,-0.975,-0.847,0.0,-0.35,-0.103,-0.247,-0.35,-0.103,-0.247,-0.319,-0.403,-2.744,-0.327,-2.417,-1.345,-0.137,-1.208,-1.462,-0.145,-1.317,0.39,-0.019,0.409,-0.844,-0.581,-0.264,-0.774,0.55,0.55,-3.812,0.0,-0.774,-0.86,0.086,-0.774,-0.86,0.086,-1.772,-0.717,-2.965,-0.847,-3.812,3148,1568,1580
1916,Calvin Booth,2005,-1.182,0.082,-1.264,-0.313,-0.331,0.018,-1.356,-0.475,-0.881,0.405,-0.074,0.479,-0.669,-0.773,0.103,-0.57,-1.26,-1.26,-2.421,-3.681,0.0,-0.57,-0.006,-0.564,-0.57,-0.006,-0.564,-0.593,-0.371,1.18,-0.17,1.35,0.773,0.21,0.563,0.962,0.14,0.822,-0.385,-0.055,-0.33,0.427,0.369,0.059,-0.244,-1.5,-1.5,1.363,-0.137,0.0,-0.244,-0.13,-0.114,-0.244,-0.13,-0.114,-1.288,0.438,-0.003,-0.088,0.085,0.46,-0.121,0.581,-0.395,-0.335,-0.06,0.02,-0.129,0.149,-0.242,-0.404,0.162,-0.814,-2.76,-2.76,-3.818,-0.001,-0.814,-0.136,-0.678,-0.814,-0.136,-0.678,-1.881,0.067,-3.681,-0.137,-3.819,14178,7090,7088
1960,Milt Palacio,2005,-2.876,-0.113,-2.763,-1.034,0.163,-1.197,-1.313,0.179,-1.492,-0.416,0.015,-0.431,0.089,0.435,-0.346,-0.182,-0.902,-0.902,-2.969,-3.871,0.0,-0.182,0.462,-0.644,-0.182,0.462,-0.644,-2.638,-1.057,0.01,0.155,-0.145,-0.449,0.032,-0.481,-0.368,0.009,-0.377,0.672,0.05,0.622,-0.419,-0.415,-0.005,0.527,-0.082,-0.082,0.118,0.036,-0.0,0.527,0.131,0.396,0.527,0.131,0.396,0.62,-0.062,-2.864,0.042,-2.906,-1.482,0.196,-1.678,-1.681,0.188,-1.869,0.257,0.066,0.191,-0.33,0.02,-0.351,0.345,-0.985,-0.985,-3.835,0.0,0.345,0.593,-0.248,0.345,0.593,-0.248,-2.019,-1.119,-3.871,0.036,-3.835,26708,13301,13407
953,Lorenzen Wright,2005,-1.646,0.25,-1.896,0.324,0.015,0.309,-1.618,-0.511,-1.107,-0.602,-0.177,-0.425,-0.953,-0.77,-0.183,-0.597,0.346,0.346,-3.196,-2.85,-0.0,-0.597,-0.332,-0.265,-0.597,-0.332,-0.265,0.022,0.011,-1.335,-0.165,-1.17,-0.645,-0.263,-0.382,-0.586,0.115,-0.701,0.061,0.096,-0.035,0.152,0.277,-0.127,-0.396,0.582,0.582,-1.579,-0.997,0.0,-0.396,-0.35,-0.046,-0.396,-0.35,-0.046,-2.106,-0.723,-2.98,0.085,-3.065,-0.321,-0.248,-0.073,-2.203,-0.395,-1.808,-0.541,-0.081,-0.46,-0.801,-0.493,-0.31,-0.993,0.928,0.928,-3.847,-0.001,-0.993,-0.682,-0.311,-0.993,-0.682,-0.311,-2.083,-0.712,-2.85,-0.997,-3.848,39550,19768,19782
781,Will Perdue,2005,-0.691,-0.006,-0.685,-1.25,0.081,-1.331,-0.222,-0.035,-0.187,0.787,-0.056,0.843,-0.485,-0.055,-0.427,-1.035,-0.717,-0.717,-2.211,-2.928,0.0,-1.035,-0.74,-0.295,-1.035,-0.74,-0.295,-3.239,-0.866,-1.135,0.016,-1.151,-0.289,-0.236,-0.053,-0.342,-0.12,-0.222,-0.52,0.01,-0.53,0.156,0.064,0.092,0.049,0.001,0.001,-0.93,-0.929,-0.0,0.049,0.013,0.036,0.049,0.013,0.036,-1.26,-0.467,-1.825,0.01,-1.835,-1.539,-0.155,-1.384,-0.564,-0.155,-0.409,0.268,-0.046,0.314,-0.329,0.008,-0.335,-0.987,-0.715,-0.715,-3.857,-0.0,-0.987,-0.727,-0.26,-0.987,-0.727,-0.26,-4.499,-1.333,-2.928,-0.929,-3.857,3986,2000,1986
137,Vernon Maxwell,2005,-1.579,-0.218,-1.361,-0.637,-0.312,-0.325,0.603,0.407,0.196,-1.327,0.282,-1.609,0.144,0.431,-0.283,0.233,-1.365,-1.365,-1.202,-2.567,0.0,0.233,0.753,-0.52,0.233,0.753,-0.52,-2.167,-0.769,-0.23,0.099,-0.329,0.366,0.114,0.252,-0.461,0.033,-0.494,-0.234,0.012,-0.246,-0.149,-0.211,0.063,-0.148,-0.778,-0.778,-0.527,-1.305,0.0,-0.148,-0.197,0.049,-0.148,-0.197,0.049,-0.728,0.069,-1.808,-0.119,-1.689,-0.27,-0.197,-0.073,0.142,0.44,-0.298,-1.561,0.294,-1.855,-0.005,0.22,-0.22,0.086,-2.142,-2.142,-3.872,0.0,0.086,0.556,-0.47,0.086,0.556,-0.47,-2.895,-0.7,-2.567,-1.305,-3.872,6611,3315,3296
2042,Courtney Alexander,2005,-2.69,-0.164,-2.526,-1.022,-0.156,-0.866,-0.899,-0.366,-0.533,-0.605,-0.279,-0.326,0.417,0.325,0.092,-0.285,0.14,0.14,-2.558,-2.418,0.0,-0.285,-0.315,0.03,-0.285,-0.315,0.03,-3.457,-0.787,-1.017,0.134,-1.151,-1.368,-0.293,-1.075,-0.143,-0.232,0.089,0.36,0.034,0.326,-0.464,-0.432,-0.032,0.334,-0.332,-0.332,-1.147,-1.479,-0.0,0.334,0.093,0.241,0.334,0.093,0.241,-0.472,-0.761,-3.705,-0.03,-3.675,-2.388,-0.448,-1.94,-1.042,-0.598,-0.444,-0.245,-0.245,-0.0,-0.048,-0.106,0.059,0.049,-0.192,-0.192,-3.897,0.0,0.049,-0.223,0.272,0.049,-0.223,0.272,-3.929,-1.548,-2.418,-1.479,-3.897,15650,7818,7832
2417,Qyntel Woods,2005,-0.967,-0.505,-0.462,-0.613,0.22,-0.833,-0.004,0.004,-0.008,0.155,-0.124,0.279,-0.526,-0.015,-0.511,-0.67,-0.656,-0.656,-2.163,-2.819,0.0,-0.67,-0.468,-0.202,-0.67,-0.468,-0.202,-1.374,-0.072,-0.841,0.142,-0.983,-1.02,-0.101,-0.919,0.044,-0.241,0.285,-0.007,-0.0,-0.007,-0.429,-0.485,0.057,0.396,-0.227,-0.227,-0.874,-1.101,0.0,0.396,0.079,0.317,0.396,0.079,0.317,-0.728,-0.527,-1.808,-0.363,-1.445,-1.633,0.12,-1.753,0.04,-0.237,0.277,0.148,-0.124,0.272,-0.955,-0.5,-0.454,-0.274,-0.883,-0.883,-3.92,0.0,-0.274,-0.388,0.114,-0.274,-0.388,0.114,-2.101,-0.6,-2.819,-1.101,-3.92,3864,1923,1941
713,Chris Carr,2005,0.026,-0.183,0.209,-0.573,-0.119,-0.454,0.103,0.156,-0.053,0.679,0.105,0.574,0.212,0.044,0.17,-2.005,-1.12,-1.12,-1.767,-2.887,0.0,-2.005,-1.233,-0.772,-2.005,-1.233,-0.772,-0.702,-0.529,-0.025,0.24,-0.265,0.23,-0.223,0.453,-0.358,-0.22,-0.138,-0.137,0.006,-0.143,-0.256,-0.218,-0.039,-0.221,-0.532,-0.532,-0.502,-1.034,0.0,-0.221,0.125,-0.346,-0.221,0.125,-0.346,-0.961,-0.415,-0.0,0.057,-0.057,-0.344,-0.342,-0.002,-0.254,-0.063,-0.191,0.541,0.111,0.43,-0.044,-0.174,0.132,-2.226,-1.652,-1.652,-3.921,0.0,-2.226,-1.107,-1.119,-2.226,-1.107,-1.119,-1.663,-0.944,-2.887,-1.034,-3.921,5581,2802,2779
76,Cedric Ceballos,2005,-0.45,0.164,-0.614,0.224,0.266,-0.042,-0.575,-0.089,-0.486,-0.263,0.002,-0.265,-0.63,-0.694,0.069,-0.346,-0.459,-0.459,-1.426,-1.885,0.0,-0.346,-0.454,0.108,-0.346,-0.454,0.108,0.546,0.713,-0.418,-0.125,-0.293,-1.031,-0.077,-0.954,0.727,0.107,0.62,0.011,0.025,-0.014,0.124,0.254,-0.134,-0.113,-1.638,-1.638,-0.407,-2.045,0.0,-0.113,0.226,-0.339,-0.113,0.226,-0.339,-0.598,-0.367,-0.869,0.039,-0.908,-0.807,0.19,-0.997,0.151,0.017,0.134,-0.252,0.027,-0.279,-0.506,-0.44,-0.065,-0.459,-2.098,-2.098,-3.93,0.0,-0.459,-0.228,-0.231,-0.459,-0.228,-0.231,-0.052,0.346,-1.885,-2.045,-3.93,10164,5076,5088
2401,Nikoloz Tskitishvili,2005,-1.958,-0.296,-1.662,-0.208,-0.016,-0.192,-1.148,0.146,-1.294,-0.306,0.087,-0.393,-0.604,-0.163,-0.439,-0.474,-0.361,-0.361,-3.036,-3.397,-0.0,-0.474,0.037,-0.511,-0.474,0.037,-0.511,-1.814,-0.599,0.441,0.337,0.104,0.35,-0.027,0.377,-0.39,-0.175,-0.215,0.144,0.033,0.111,-0.461,-0.564,0.104,-0.334,-0.25,-0.25,-0.354,-0.604,0.0,-0.334,0.118,-0.452,-0.334,0.118,-0.452,-0.734,-0.374,-1.516,0.041,-1.557,0.142,-0.043,0.185,-1.538,-0.029,-1.509,-0.161,0.121,-0.282,-1.065,-0.728,-0.335,-0.808,-0.611,-0.611,-4.001,-0.0,-0.808,0.156,-0.964,-0.808,0.156,-0.964,-2.548,-0.974,-3.397,-0.604,-4.001,7040,3528,3512
452,Vin Baker,2005,-0.655,0.238,-0.893,-0.545,-0.222,-0.323,-1.001,-0.354,-0.647,0.653,-0.014,0.667,-0.681,-0.398,-0.284,-1.088,0.541,0.541,-2.424,-1.883,0.0,-1.088,-0.173,-0.915,-1.088,-0.173,-0.915,-0.181,-0.663,-1.17,-0.181,-0.989,-0.972,-0.046,-0.926,-0.458,0.077,-0.535,0.441,-0.007,0.448,0.073,0.069,0.004,-0.6,-0.427,-0.427,-1.697,-2.124,0.0,-0.6,-0.5,-0.1,-0.6,-0.5,-0.1,-2.462,-0.832,-1.825,0.057,-1.882,-1.517,-0.268,-1.249,-1.458,-0.276,-1.182,1.093,-0.022,1.115,-0.608,-0.329,-0.28,-1.688,0.114,0.114,-4.007,0.0,-1.688,-0.673,-1.015,-1.688,-0.673,-1.015,-2.643,-1.494,-1.883,-2.124,-4.007,35974,18004,17970
765,Hersey Hawkins,2005,-2.957,-0.156,-2.801,-1.412,-0.091,-1.321,-0.962,0.091,-1.053,-0.427,0.026,-0.453,0.178,0.156,0.025,-0.706,-0.652,-0.652,-3.485,-4.137,0.0,-0.706,-0.515,-0.191,-0.706,-0.515,-0.191,-1.548,-0.873,0.97,0.036,0.934,-0.366,-0.172,-0.194,0.849,0.009,0.84,0.451,0.065,0.386,0.085,-0.136,0.221,-0.234,-0.707,-0.707,0.821,0.114,0.0,-0.234,0.111,-0.345,-0.234,0.111,-0.345,0.718,-0.309,-1.989,-0.12,-1.869,-1.779,-0.264,-1.515,-0.114,0.099,-0.213,0.024,0.091,-0.067,0.263,0.02,0.246,-0.941,-1.359,-1.359,-4.023,0.0,-0.941,-0.404,-0.537,-0.941,-0.404,-0.537,-0.83,-1.182,-4.137,0.114,-4.023,8513,4267,4246
42,Monty Williams,2005,-1.362,-0.068,-1.294,0.189,0.553,-0.364,-0.535,-0.014,-0.521,-0.948,-0.241,-0.707,-0.154,0.184,-0.336,-1.377,0.295,0.295,-2.893,-2.598,0.0,-1.377,-0.643,-0.734,-1.377,-0.643,-0.734,-2.403,0.565,-1.108,-0.001,-1.107,-0.467,-0.199,-0.268,-0.825,-0.128,-0.697,0.185,0.003,0.182,-0.325,-0.316,-0.01,0.005,-0.006,-0.006,-1.428,-1.434,0.0,0.005,0.142,-0.137,0.005,0.142,-0.137,-2.92,-0.865,-2.472,-0.069,-2.403,-0.278,0.353,-0.631,-1.36,-0.142,-1.218,-0.765,-0.239,-0.526,-0.479,-0.132,-0.346,-1.372,0.289,0.289,-4.032,0.0,-1.372,-0.5,-0.872,-1.372,-0.5,-0.872,-5.323,-0.301,-2.598,-1.434,-4.032,17431,8721,8710
432,Chilcutt,2005,-1.918,-0.091,-1.827,-0.256,-0.043,-0.213,-0.812,-0.014,-0.798,-0.759,0.067,-0.826,-0.803,-0.74,-0.06,-0.044,0.032,0.032,-2.765,-2.733,0.0,-0.044,0.188,-0.232,-0.044,0.188,-0.232,-1.539,-0.276,-0.108,0.131,-0.239,-0.603,-0.19,-0.413,0.069,-0.157,0.226,0.295,-0.006,0.301,-0.127,-0.018,-0.107,-0.218,-0.853,-0.853,-0.453,-1.306,0.0,-0.218,-0.194,-0.024,-0.218,-0.194,-0.024,-0.153,-0.376,-2.028,0.04,-2.068,-0.86,-0.234,-0.626,-0.743,-0.171,-0.572,-0.465,0.061,-0.526,-0.93,-0.758,-0.167,-0.262,-0.821,-0.821,-4.039,-0.001,-0.262,-0.006,-0.256,-0.262,-0.006,-0.256,-1.691,-0.652,-2.733,-1.306,-4.04,2258,1131,1127
67,Tom Hammonds,2005,-2.402,-0.462,-1.94,-1.067,-0.191,-0.876,-1.303,-0.136,-1.167,0.43,-0.066,0.496,-0.307,-0.124,-0.179,-0.357,-0.28,-0.28,-3.066,-3.346,0.0,-0.357,-0.519,0.162,-0.357,-0.519,0.162,-2.627,-0.677,-0.039,0.105,-0.144,0.096,0.029,0.067,-0.295,-0.052,-0.243,0.055,0.0,0.055,-0.124,-0.069,-0.052,-0.366,-0.212,-0.212,-0.529,-0.741,0.0,-0.366,-0.134,-0.232,-0.366,-0.134,-0.232,0.261,0.164,-2.441,-0.357,-2.084,-0.972,-0.162,-0.81,-1.598,-0.188,-1.41,0.486,-0.065,0.551,-0.43,-0.193,-0.232,-0.724,-0.492,-0.492,-4.087,-0.001,-0.724,-0.653,-0.071,-0.724,-0.653,-0.071,-2.366,-0.513,-3.346,-0.741,-4.088,1630,822,808
2130,Mike Penberthy,2005,-0.91,-0.337,-0.573,-0.479,-0.251,-0.228,-0.043,0.233,-0.276,-0.051,0.217,-0.268,-0.251,-0.193,-0.057,-0.074,-0.328,-0.328,-1.235,-1.563,0.0,-0.074,-0.211,0.137,-0.074,-0.211,0.137,-0.667,-0.578,-0.948,0.045,-0.993,-0.492,-0.218,-0.274,-0.095,-0.1,0.005,-0.406,0.025,-0.431,-0.115,-0.053,-0.06,-0.576,-0.898,-0.898,-1.639,-2.537,0.0,-0.576,-0.365,-0.211,-0.576,-0.365,-0.211,-0.261,-0.183,-1.858,-0.292,-1.566,-0.971,-0.469,-0.502,-0.137,0.133,-0.27,-0.458,0.241,-0.699,-0.366,-0.247,-0.116,-0.651,-1.226,-1.226,-4.1,0.0,-0.651,-0.576,-0.075,-0.651,-0.576,-0.075,-0.927,-0.761,-1.563,-2.537,-4.1,3312,1665,1647
2043,Mateen Cleaves,2005,-0.781,-0.207,-0.574,0.142,0.547,-0.405,-0.507,0.18,-0.687,-0.209,-0.109,-0.1,-0.359,-0.062,-0.297,-0.923,-1.614,-1.614,-2.063,-3.677,0.0,-0.923,-0.194,-0.729,-0.923,-0.194,-0.729,-2.737,0.3,0.046,0.134,-0.088,0.188,0.048,0.14,0.038,-0.146,0.184,-0.314,0.001,-0.315,-0.44,-0.531,0.093,0.27,-0.304,-0.304,-0.124,-0.428,0.0,0.27,-0.115,0.385,0.27,-0.115,0.385,0.042,-0.068,-0.735,-0.073,-0.662,0.331,0.596,-0.265,-0.47,0.034,-0.504,-0.523,-0.108,-0.415,-0.799,-0.593,-0.204,-0.653,-1.917,-1.917,-4.105,0.0,-0.653,-0.308,-0.345,-0.653,-0.308,-0.345,-2.696,0.232,-3.677,-0.428,-4.105,6539,3258,3281
399,Sean Rooks,2005,-2.378,0.177,-2.555,-0.709,-0.5,-0.209,-1.157,-0.623,-0.534,-0.689,-0.098,-0.591,-0.811,-0.643,-0.168,-0.682,-0.101,-0.101,-3.871,-3.972,0.0,-0.682,-0.787,0.105,-0.682,-0.787,0.105,-1.225,-0.906,0.231,-0.049,0.28,0.284,0.243,0.041,0.579,0.025,0.554,-0.583,-0.06,-0.523,-0.165,-0.208,0.041,0.286,-0.491,-0.491,0.352,-0.139,0.0,0.286,0.235,0.051,0.286,0.235,0.051,0.092,0.278,-2.147,0.128,-2.275,-0.425,-0.256,-0.169,-0.578,-0.598,0.02,-1.272,-0.158,-1.114,-0.976,-0.85,-0.126,-0.396,-0.591,-0.591,-4.111,0.0,-0.396,-0.553,0.157,-0.396,-0.553,0.157,-1.133,-0.628,-3.972,-0.139,-4.111,19805,9922,9883
1542,Predrag Drobnjak,2005,-1.67,0.159,-1.829,-0.704,-0.134,-0.57,-0.155,-0.482,0.327,-0.97,-0.173,-0.797,-0.448,-0.557,0.108,-0.086,-0.528,-0.528,-2.204,-2.732,-0.0,-0.086,0.562,-0.648,-0.086,0.562,-0.648,0.43,-0.587,-1.627,-0.057,-1.57,-0.793,-0.146,-0.647,-0.628,0.034,-0.662,-0.149,-0.024,-0.125,0.814,0.741,0.073,-0.426,-0.142,-0.142,-1.239,-1.381,0.0,-0.426,0.194,-0.62,-0.426,0.194,-0.62,-2.77,-0.921,-3.297,0.102,-3.399,-1.497,-0.28,-1.217,-0.783,-0.448,-0.335,-1.119,-0.197,-0.922,0.366,0.184,0.182,-0.511,-0.67,-0.67,-4.113,-0.0,-0.511,0.756,-1.267,-0.511,0.756,-1.267,-2.34,-1.508,-2.732,-1.381,-4.113,20842,10436,10406
2747,JR Smith,2005,-2.106,0.195,-2.301,-1.008,-0.013,-0.995,-1.192,0.037,-1.229,-0.101,0.144,-0.245,-0.973,-0.793,-0.181,0.078,0.817,0.817,-3.001,-2.184,0.0,0.078,-0.085,0.163,0.078,-0.085,0.163,0.696,0.088,-1.267,0.165,-1.432,-0.622,-0.115,-0.507,-0.528,-0.123,-0.405,-0.282,0.028,-0.31,-0.109,-0.032,-0.076,-0.244,-0.334,-0.334,-1.62,-1.954,0.0,-0.244,0.039,-0.283,-0.244,0.039,-0.283,-1.273,-0.562,-3.372,0.36,-3.732,-1.629,-0.128,-1.501,-1.719,-0.085,-1.634,-0.384,0.172,-0.556,-1.081,-0.824,-0.257,-0.166,0.483,0.483,-4.138,0.0,-0.166,-0.046,-0.12,-0.166,-0.046,-0.12,-0.577,-0.474,-2.184,-1.954,-4.138,6749,3373,3376
2214,Michael Bradley,2005,-0.831,-0.139,-0.692,-0.252,0.003,-0.255,-0.175,-0.186,0.011,-0.265,-0.11,-0.155,-0.999,-0.441,-0.559,-1.373,2.214,2.214,-3.203,-0.989,0.0,-1.373,-0.688,-0.685,-1.373,-0.688,-0.685,-1.112,0.327,-3.101,-0.059,-3.042,-0.84,-0.237,-0.603,-1.405,-0.164,-1.241,-0.797,-0.003,-0.794,0.01,-0.075,0.087,-0.401,0.34,0.34,-3.492,-3.152,0.0,-0.401,-0.037,-0.364,-0.401,-0.037,-0.364,-1.134,-0.737,-3.933,-0.198,-3.735,-1.093,-0.235,-0.858,-1.58,-0.35,-1.23,-1.062,-0.112,-0.95,-0.99,-0.516,-0.472,-1.774,2.554,2.554,-4.141,0.0,-1.774,-0.725,-1.049,-1.774,-0.725,-1.049,-2.246,-0.41,-0.989,-3.152,-4.141,6090,3033,3057
123,Robert Pack,2005,-1.772,-0.077,-1.695,-0.297,0.392,-0.689,-1.494,-0.057,-1.437,0.096,-0.174,0.27,-0.092,-0.217,0.125,0.051,-0.408,-0.408,-1.813,-2.221,0.0,0.051,-0.017,0.068,0.051,-0.017,0.068,-0.813,-0.015,-1.432,0.097,-1.529,-0.868,-0.181,-0.687,-1.097,-0.169,-0.928,0.436,-0.005,0.441,0.075,0.061,0.015,-0.273,-0.302,-0.302,-1.63,-1.932,0.0,-0.273,0.213,-0.486,-0.273,0.213,-0.486,-1.993,-0.625,-3.204,0.02,-3.224,-1.166,0.21,-1.376,-2.591,-0.226,-2.365,0.533,-0.179,0.712,-0.017,-0.156,0.14,-0.222,-0.71,-0.71,-4.153,-0.001,-0.222,0.196,-0.418,-0.222,0.196,-0.418,-2.806,-0.64,-2.221,-1.932,-4.154,11251,5625,5626
359,Chucky Brown,2005,-2.3,-0.491,-1.809,-0.258,-0.125,-0.133,-0.913,-0.553,-0.36,-0.638,-0.208,-0.43,-0.847,-0.938,0.094,-0.168,-0.828,-0.828,-3.315,-4.143,0.0,-0.168,-0.276,0.108,-0.168,-0.276,0.108,-1.281,-0.532,0.775,0.296,0.479,-0.142,0.036,-0.178,0.589,0.113,0.476,0.032,0.083,-0.051,0.22,0.114,0.105,-0.373,-0.643,-0.643,0.622,-0.021,0.0,-0.373,0.109,-0.482,-0.373,0.109,-0.482,0.766,-0.076,-1.524,-0.195,-1.329,-0.4,-0.089,-0.311,-0.324,-0.44,0.116,-0.605,-0.124,-0.481,-0.627,-0.825,0.2,-0.541,-1.471,-1.471,-4.164,0.0,-0.541,-0.168,-0.373,-0.541,-0.168,-0.373,-0.514,-0.607,-4.143,-0.021,-4.164,5844,2923,2921
901,Otis Thorpe,2005,-2.169,-0.176,-1.993,-0.441,-0.246,-0.195,-0.329,-0.334,0.005,-1.223,-0.131,-1.092,-0.313,-0.257,-0.053,-0.665,-1.342,-1.342,-3.147,-4.489,0.0,-0.665,-0.466,-0.199,-0.665,-0.466,-0.199,-0.506,-0.36,-0.212,-0.002,-0.21,0.192,0.275,-0.083,-0.443,0.056,-0.499,0.041,0.012,0.029,-0.229,-0.41,0.181,-0.032,0.751,0.751,-0.473,0.278,0.0,-0.032,-0.228,0.196,-0.032,-0.228,0.196,-1.013,0.49,-2.383,-0.178,-2.205,-0.249,0.029,-0.278,-0.773,-0.279,-0.494,-1.183,-0.12,-1.063,-0.542,-0.667,0.128,-0.697,-0.591,-0.591,-4.211,0.0,-0.697,-0.694,-0.003,-0.697,-0.694,-0.003,-1.518,0.129,-4.489,0.278,-4.211,6115,3041,3074
2242,Terence Morris,2005,-1.831,0.065,-1.896,-0.256,0.009,-0.265,-0.248,-0.058,-0.19,-1.392,-0.023,-1.369,-0.497,-0.405,-0.091,0.386,0.142,0.142,-1.942,-1.8,-0.0,0.386,0.124,0.262,0.386,0.124,0.262,-1.271,0.031,-1.66,0.082,-1.742,-0.256,-0.242,-0.014,-0.87,-0.14,-0.73,-0.616,-0.003,-0.613,0.36,0.3,0.06,-0.394,-0.719,-0.719,-1.694,-2.413,0.0,-0.394,-0.223,-0.171,-0.394,-0.223,-0.171,-0.781,-0.508,-3.492,0.147,-3.639,-0.512,-0.233,-0.279,-1.119,-0.199,-0.92,-2.008,-0.026,-1.982,-0.137,-0.105,-0.031,-0.008,-0.577,-0.577,-4.213,0.001,-0.008,-0.099,0.091,-0.008,-0.099,0.091,-2.052,-0.477,-1.8,-2.413,-4.212,6395,3196,3199
95,Mark Bryant,2005,-3.252,0.237,-3.489,-0.283,-0.097,-0.186,-2.57,-0.445,-2.125,-0.636,-0.094,-0.542,-0.832,-0.794,-0.035,-0.981,0.534,0.534,-5.065,-4.531,0.0,-0.981,-0.202,-0.779,-0.981,-0.202,-0.779,-1.36,-0.128,-0.297,-0.142,-0.155,-0.663,-0.027,-0.636,0.685,0.034,0.651,-0.177,-0.018,-0.159,0.205,0.215,-0.013,0.157,0.246,0.246,0.065,0.311,0.0,0.157,0.044,0.113,0.157,0.044,0.113,-1.497,-0.602,-3.548,0.095,-3.643,-0.945,-0.124,-0.821,-1.885,-0.411,-1.474,-0.813,-0.113,-0.7,-0.628,-0.579,-0.048,-0.823,0.78,0.78,-4.22,0.0,-0.823,-0.158,-0.665,-0.823,-0.158,-0.665,-2.858,-0.73,-4.531,0.311,-4.22,8372,4197,4175
1736,Corey Benjamin,2005,-0.886,0.047,-0.933,-0.414,0.041,-0.455,-0.276,0.057,-0.333,-0.243,0.032,-0.275,-0.569,-0.021,-0.547,-0.767,-1.172,-1.172,-2.222,-3.394,0.0,-0.767,-0.271,-0.496,-0.767,-0.271,-0.496,-1.835,-0.278,0.192,0.147,0.045,0.796,0.003,0.793,-0.788,-0.225,-0.563,0.037,0.006,0.031,-0.629,-0.801,0.175,-0.055,-0.353,-0.353,-0.492,-0.845,0.0,-0.055,0.032,-0.087,-0.055,0.032,-0.087,0.102,0.119,-0.696,0.194,-0.89,0.381,0.043,0.338,-1.064,-0.168,-0.896,-0.207,0.037,-0.244,-1.199,-0.822,-0.372,-0.822,-1.526,-1.526,-4.239,0.001,-0.822,-0.238,-0.584,-0.822,-0.238,-0.584,-1.733,-0.159,-3.394,-0.845,-4.238,7009,3487,3522
1500,Ron Mercer,2005,-2.346,-0.11,-2.236,-0.693,-0.046,-0.647,-0.754,-0.552,-0.202,-0.789,-0.333,-0.456,-0.151,-0.024,-0.126,0.277,-1.019,-1.019,-2.22,-3.239,0.0,0.277,0.243,0.034,0.277,0.243,0.034,-1.97,-0.572,0.02,0.182,-0.162,-0.338,-0.309,-0.029,-0.102,-0.081,-0.021,0.278,0.124,0.154,-0.224,-0.384,0.161,0.203,-1.005,-1.005,-0.001,-1.006,-0.0,0.203,0.289,-0.086,0.203,0.289,-0.086,0.681,-0.6,-2.326,0.072,-2.398,-1.03,-0.355,-0.675,-0.856,-0.633,-0.223,-0.512,-0.209,-0.303,-0.375,-0.407,0.036,0.481,-2.025,-2.025,-4.245,-0.0,0.481,0.532,-0.051,0.481,0.532,-0.051,-1.289,-1.172,-3.239,-1.006,-4.245,35835,17917,17918
1900,Quincy Lewis,2005,-2.651,-0.138,-2.513,-0.639,-0.147,-0.492,-1.332,-0.28,-1.052,-0.542,-0.086,-0.456,-0.612,-0.393,-0.218,-0.738,-0.445,-0.445,-4.001,-4.446,0.0,-0.738,-0.373,-0.365,-0.738,-0.373,-0.365,-1.233,-0.293,0.699,0.093,0.606,0.281,0.374,-0.093,0.309,-0.036,0.345,0.016,-0.044,0.06,-0.553,-0.809,0.257,0.588,-0.538,-0.538,0.734,0.196,0.0,0.588,0.135,0.453,0.588,0.135,0.453,1.546,0.699,-1.954,-0.045,-1.909,-0.357,0.227,-0.584,-1.024,-0.317,-0.707,-0.528,-0.131,-0.397,-1.165,-1.202,0.039,-0.151,-0.983,-0.983,-4.25,0.0,-0.151,-0.238,0.087,-0.151,-0.238,0.087,0.314,0.406,-4.446,0.196,-4.25,7401,3693,3708
958,Vitaly Potapenko,2005,-0.772,0.199,-0.971,-1.106,-0.316,-0.79,0.88,-0.473,1.353,-0.745,-0.055,-0.69,-0.612,-0.507,-0.103,-0.594,-0.479,-0.479,-1.978,-2.457,0.0,-0.594,0.002,-0.596,-0.594,0.002,-0.596,0.788,-1.005,-1.094,-0.017,-1.077,-0.594,0.033,-0.627,0.122,-0.033,0.155,-0.605,-0.043,-0.562,-0.062,-0.089,0.026,-0.32,-0.333,-0.333,-1.476,-1.809,0.0,-0.32,-0.354,0.034,-0.32,-0.354,0.034,-1.976,-0.557,-1.864,0.182,-2.046,-1.699,-0.282,-1.417,1.002,-0.506,1.508,-1.349,-0.097,-1.252,-0.675,-0.596,-0.077,-0.914,-0.812,-0.812,-4.266,-0.001,-0.914,-0.352,-0.562,-0.914,-0.352,-0.562,-1.188,-1.562,-2.457,-1.809,-4.267,27483,13751,13732
1985,Zendon Hamilton,2005,-1.492,-0.007,-1.485,-0.766,0.192,-0.958,0.097,-0.012,0.109,-0.816,-0.122,-0.694,0.267,0.446,-0.178,-1.512,0.599,0.599,-2.737,-2.138,0.0,-1.512,-0.717,-0.795,-1.512,-0.717,-0.795,-3.135,-0.304,-1.704,0.155,-1.859,-0.595,-0.165,-0.43,-0.951,-0.139,-0.812,-0.313,0.014,-0.327,-0.068,-0.13,0.062,-0.26,-0.14,-0.14,-2.032,-2.172,0.0,-0.26,-0.128,-0.132,-0.26,-0.128,-0.132,-1.711,-0.611,-3.199,0.148,-3.347,-1.363,0.026,-1.389,-0.855,-0.152,-0.703,-1.129,-0.108,-1.021,0.199,0.316,-0.117,-1.772,0.459,0.459,-4.31,0.0,-1.772,-0.845,-0.927,-1.772,-0.845,-0.927,-4.847,-0.915,-2.138,-2.172,-4.31,5835,2905,2930
2033,Marcus Fizer,2005,-0.469,0.297,-0.766,-0.438,0.201,-0.639,-0.361,-0.041,-0.32,0.033,-0.047,0.08,-0.362,-0.21,-0.154,-0.249,-0.689,-0.689,-1.08,-1.769,0.0,-0.249,-0.189,-0.06,-0.249,-0.189,-0.06,0.04,-0.171,-1.697,-0.157,-1.54,-1.629,-0.42,-1.209,-0.56,-0.274,-0.286,0.649,0.048,0.601,-0.963,-0.624,-0.339,0.418,-0.3,-0.3,-2.242,-2.542,0.0,0.418,0.051,0.367,0.418,0.051,0.367,-1.961,-1.282,-2.165,0.14,-2.305,-2.067,-0.219,-1.848,-0.922,-0.315,-0.607,0.684,0.002,0.682,-1.324,-0.833,-0.493,0.169,-0.989,-0.989,-4.311,0.0,0.169,-0.138,0.307,0.169,-0.138,0.307,-1.921,-1.453,-1.769,-2.542,-4.311,22626,11302,11324
442,Pervis Ellison,2005,-2.224,-0.313,-1.911,-0.761,-0.104,-0.657,-0.472,0.007,-0.479,-0.678,0.001,-0.679,-0.243,-0.2,-0.04,-0.816,-0.271,-0.271,-3.283,-3.554,0.0,-0.816,-0.532,-0.284,-0.816,-0.532,-0.284,-2.097,-0.487,-0.715,0.073,-0.788,-0.088,0.016,-0.104,-0.495,-0.12,-0.375,-0.205,0.013,-0.218,-0.202,-0.369,0.161,0.035,0.119,0.119,-0.882,-0.763,0.0,0.035,-0.136,0.171,0.035,-0.136,0.171,0.014,-0.098,-2.938,-0.24,-2.698,-0.849,-0.088,-0.761,-0.967,-0.113,-0.854,-0.882,0.015,-0.897,-0.445,-0.569,0.121,-0.78,-0.152,-0.152,-4.317,0.0,-0.78,-0.668,-0.112,-0.78,-0.668,-0.112,-2.084,-0.585,-3.554,-0.763,-4.317,1232,619,613
1521,Jacque Vaughn,2005,-1.041,-0.228,-0.813,-0.617,0.196,-0.813,-0.544,0.013,-0.557,0.348,-0.077,0.425,0.028,-0.09,0.115,-0.331,-1.079,-1.079,-1.344,-2.423,0.0,-0.331,-0.112,-0.219,-0.331,-0.112,-0.219,-1.36,-0.257,-1.548,0.133,-1.681,-0.061,0.181,-0.242,-1.138,-0.118,-1.02,-0.482,-0.057,-0.425,-0.543,-0.566,0.026,-0.142,0.289,0.289,-2.233,-1.944,0.0,-0.142,-0.536,0.394,-0.142,-0.536,0.394,-1.718,0.114,-2.588,-0.095,-2.493,-0.678,0.377,-1.055,-1.681,-0.104,-1.577,-0.134,-0.134,-0.0,-0.516,-0.656,0.141,-0.472,-0.79,-0.79,-4.367,0.001,-0.472,-0.648,0.176,-0.472,-0.648,0.176,-3.079,-0.144,-2.423,-1.944,-4.366,33388,16670,16718
417,Sam Mitchell,2005,-1.726,-0.261,-1.465,-0.701,-0.56,-0.141,-0.134,-0.487,0.353,-0.63,-0.082,-0.548,-0.112,-0.188,0.078,0.305,-0.217,-0.217,-1.533,-1.75,0.0,0.305,0.113,0.192,0.305,0.113,0.192,0.145,-0.833,-1.587,0.165,-1.752,-0.369,-0.173,-0.196,-0.766,-0.18,-0.586,-0.617,0.004,-0.621,-0.073,-0.258,0.187,-0.471,-0.513,-0.513,-2.131,-2.644,-0.0,-0.471,-0.197,-0.274,-0.471,-0.197,-0.274,-0.846,-0.394,-3.313,-0.096,-3.217,-1.07,-0.733,-0.337,-0.9,-0.667,-0.233,-1.247,-0.078,-1.169,-0.186,-0.446,0.265,-0.165,-0.73,-0.73,-4.394,0.0,-0.165,-0.083,-0.082,-0.165,-0.083,-0.082,-0.701,-1.226,-1.75,-2.644,-4.394,11737,5890,5847
1434,Dragan Tarlac,2005,-1.458,0.097,-1.555,-0.358,-0.201,-0.157,-0.849,-0.263,-0.586,-0.348,-0.076,-0.272,-0.216,-0.365,0.151,-0.836,-0.541,-0.541,-2.51,-3.051,-0.0,-0.836,-0.681,-0.155,-0.836,-0.681,-0.155,-1.348,-0.126,-0.933,-0.039,-0.894,-0.34,0.015,-0.355,-0.346,-0.127,-0.219,-0.208,-0.012,-0.196,-0.292,-0.408,0.117,0.168,-0.29,-0.29,-1.057,-1.347,0.0,0.168,0.113,0.055,0.168,0.113,0.055,-0.817,-0.197,-2.393,0.058,-2.451,-0.699,-0.187,-0.512,-1.195,-0.39,-0.805,-0.557,-0.089,-0.468,-0.508,-0.774,0.267,-0.669,-0.831,-0.831,-4.398,0.0,-0.669,-0.568,-0.101,-0.669,-0.568,-0.101,-2.165,-0.322,-3.051,-1.347,-4.398,2263,1130,1133
190,Duane Causwell,2005,-1.204,-0.081,-1.123,-0.602,-0.204,-0.398,-0.629,-0.166,-0.463,0.108,-0.036,0.144,-0.462,-0.306,-0.155,-1.257,0.082,0.082,-2.923,-2.841,0.0,-1.257,-0.076,-1.181,-1.257,-0.076,-1.181,-3.073,-0.316,-0.167,0.038,-0.205,0.252,0.093,0.159,-0.022,-0.034,0.012,-0.435,0.0,-0.435,-0.263,-0.229,-0.034,-0.078,-1.102,-1.102,-0.508,-1.61,0.0,-0.078,-0.062,-0.016,-0.078,-0.062,-0.016,-0.295,0.168,-1.371,-0.043,-1.328,-0.35,-0.111,-0.239,-0.651,-0.2,-0.451,-0.327,-0.036,-0.291,-0.726,-0.534,-0.19,-1.335,-1.02,-1.02,-4.451,0.001,-1.335,-0.138,-1.197,-1.335,-0.138,-1.197,-3.368,-0.148,-2.841,-1.61,-4.45,2112,1057,1055
718,Gary Trent,2005,-1.223,0.029,-1.252,0.392,-0.181,0.573,-1.562,-0.678,-0.884,-0.082,-0.219,0.137,-1.372,-0.884,-0.488,-0.252,0.77,0.77,-2.847,-2.077,0.0,-0.252,0.128,-0.38,-0.252,0.128,-0.38,-0.047,-0.033,-1.036,-0.052,-0.984,-0.145,-0.06,-0.085,-0.455,-0.052,-0.403,-0.384,-0.018,-0.366,-0.129,-0.108,-0.02,-0.909,-0.363,-0.363,-2.074,-2.437,0.0,-0.909,-0.586,-0.323,-0.909,-0.586,-0.323,-2.18,-0.281,-2.259,-0.023,-2.236,0.247,-0.241,0.488,-2.017,-0.73,-1.287,-0.466,-0.237,-0.229,-1.501,-0.992,-0.508,-1.161,0.407,0.407,-4.514,0.001,-1.161,-0.458,-0.703,-1.161,-0.458,-0.703,-2.227,-0.314,-2.077,-2.437,-4.513,15594,7787,7807
1709,Michael Olowokandi,2005,-2.114,0.272,-2.386,-1.323,-0.982,-0.341,-1.28,-1.025,-0.255,0.217,-0.051,0.268,-1.645,-1.219,-0.424,-1.144,-0.816,-0.816,-4.903,-5.719,-0.0,-1.144,-0.189,-0.955,-1.144,-0.189,-0.955,-1.303,-1.653,0.856,-0.263,1.119,0.095,0.059,0.036,1.32,0.504,0.816,-0.296,0.072,-0.368,1.111,1.167,-0.053,-0.94,0.139,0.139,1.027,1.166,-0.0,-0.94,-0.569,-0.371,-0.94,-0.569,-0.371,-0.873,0.158,-1.258,0.009,-1.267,-1.228,-0.923,-0.305,0.04,-0.521,0.561,-0.079,0.021,-0.1,-0.533,-0.051,-0.477,-2.084,-0.677,-0.677,-4.553,0.001,-2.084,-0.757,-1.327,-2.084,-0.757,-1.327,-2.176,-1.495,-5.719,1.166,-4.552,40797,20373,20424
724,Cory Alexander,2005,-2.863,-0.516,-2.347,-0.368,-0.335,-0.033,-0.999,0.143,-1.142,-0.98,0.084,-1.064,-0.08,0.22,-0.298,-0.513,-1.119,-1.119,-3.456,-4.575,0.0,-0.513,-0.781,0.268,-0.513,-0.781,0.268,-2.739,-0.625,0.038,0.179,-0.141,-0.181,0.018,-0.199,-0.177,-0.135,-0.042,0.217,-0.034,0.251,-0.398,-0.302,-0.094,0.243,0.127,0.127,-0.117,0.01,0.0,0.243,-0.036,0.279,0.243,-0.036,0.279,-0.455,-0.036,-2.824,-0.337,-2.487,-0.549,-0.317,-0.232,-1.176,0.008,-1.184,-0.762,0.051,-0.813,-0.478,-0.082,-0.392,-0.27,-0.992,-0.992,-4.565,0.001,-0.27,-0.817,0.547,-0.27,-0.817,0.547,-3.194,-0.661,-4.575,0.01,-4.564,2953,1471,1482
1134,Ike Austin,2005,-1.363,0.326,-1.689,-0.625,-0.027,-0.598,-0.592,-0.356,-0.236,-0.472,-0.084,-0.388,-0.803,-0.483,-0.319,-0.8,-1.614,-1.614,-2.966,-4.58,0.0,-0.8,-0.179,-0.621,-0.8,-0.179,-0.621,-1.55,-0.635,-1.485,-0.137,-1.348,-0.581,0.077,-0.658,-0.396,0.271,-0.667,-0.371,0.058,-0.429,0.447,0.427,0.019,0.003,1.019,1.019,-1.035,-0.016,0.0,0.003,-0.079,0.082,0.003,-0.079,0.082,-1.274,0.099,-2.85,0.189,-3.039,-1.207,0.05,-1.257,-0.988,-0.085,-0.903,-0.844,-0.026,-0.818,-0.357,-0.057,-0.3,-0.797,-0.595,-0.595,-4.596,0.0,-0.797,-0.258,-0.539,-0.797,-0.258,-0.539,-2.824,-0.536,-4.58,-0.016,-4.596,8991,4500,4491
673,Alan Henderson,2005,-2.402,0.017,-2.419,-0.698,0.023,-0.721,-1.485,-0.318,-1.167,-0.236,-0.153,-0.083,-0.571,-0.081,-0.489,-1.057,1.354,1.354,-4.03,-2.676,-0.0,-1.057,-0.429,-0.628,-1.057,-0.429,-0.628,-2.294,0.04,-0.906,0.053,-0.959,-0.797,-0.344,-0.453,-0.637,-0.046,-0.591,0.475,0.102,0.373,-0.097,-0.089,-0.01,-0.8,-0.128,-0.128,-1.803,-1.931,0.0,-0.8,-0.355,-0.445,-0.8,-0.355,-0.445,-0.117,-0.539,-3.307,0.07,-3.377,-1.495,-0.321,-1.174,-2.121,-0.364,-1.757,0.239,-0.051,0.29,-0.668,-0.17,-0.499,-1.857,1.226,1.226,-4.607,-0.0,-1.857,-0.784,-1.073,-1.857,-0.784,-1.073,-2.411,-0.499,-2.676,-1.931,-4.607,29952,14954,14998
679,Jason Caffey,2005,-1.046,0.253,-1.299,-0.255,-0.205,-0.05,-0.982,-0.371,-0.611,-0.062,-0.031,-0.031,-1.118,-0.616,-0.5,-1.117,0.009,0.009,-3.281,-3.272,0.0,-1.117,-0.195,-0.922,-1.117,-0.195,-0.922,-0.158,-0.074,-1.336,-0.103,-1.233,-0.563,-0.152,-0.411,-0.487,0.041,-0.528,-0.183,-0.03,-0.153,0.277,0.39,-0.114,-0.284,-0.004,-0.004,-1.343,-1.347,0.0,-0.284,-0.053,-0.231,-0.284,-0.053,-0.231,-2.939,-0.392,-2.381,0.15,-2.531,-0.818,-0.357,-0.461,-1.467,-0.329,-1.138,-0.246,-0.062,-0.184,-0.841,-0.226,-0.614,-1.401,0.006,0.006,-4.619,0.0,-1.401,-0.248,-1.153,-1.401,-0.248,-1.153,-3.097,-0.467,-3.272,-1.347,-4.619,19554,9771,9783
2124,Malik Allen,2005,-0.776,-0.037,-0.739,-0.648,-0.414,-0.234,-0.213,-0.699,0.486,0.122,-0.139,0.261,-0.655,-1.139,0.484,-0.121,-0.931,-0.931,-1.552,-2.483,0.0,-0.121,0.179,-0.3,-0.121,0.179,-0.3,-1.883,-1.278,-0.907,0.034,-0.941,0.036,-0.046,0.082,-0.353,-0.095,-0.258,-0.624,0.001,-0.625,-0.29,-0.281,-0.01,-0.556,-0.392,-0.392,-1.753,-2.145,0.0,-0.556,0.077,-0.633,-0.556,0.077,-0.633,0.185,0.132,-1.681,-0.003,-1.678,-0.611,-0.46,-0.151,-0.565,-0.793,0.228,-0.502,-0.138,-0.364,-0.945,-1.42,0.474,-0.677,-1.322,-1.322,-4.628,0.0,-0.677,0.256,-0.933,-0.677,0.256,-0.933,-1.698,-1.145,-2.483,-2.145,-4.628,13756,6863,6893
902,Bimbo Coles,2005,-3.299,-0.042,-3.257,-1.44,-0.555,-0.885,-0.395,-0.656,0.261,-1.422,-0.217,-1.205,0.049,-0.082,0.133,0.753,-0.292,-0.292,-2.497,-2.789,-0.0,0.753,0.653,0.1,0.753,0.653,0.1,-2.318,-1.275,-1.597,0.1,-1.697,-0.259,-0.041,-0.218,-0.732,0.143,-0.875,-0.706,0.067,-0.773,0.078,0.196,-0.119,0.134,-0.454,-0.454,-1.385,-1.839,-0.0,0.134,0.009,0.125,0.134,0.009,0.125,-1.829,-0.376,-4.896,0.058,-4.954,-1.699,-0.597,-1.102,-1.127,-0.513,-0.614,-2.128,-0.15,-1.978,0.127,0.114,0.014,0.887,-0.745,-0.745,-4.628,-0.0,0.887,0.662,0.225,0.887,0.662,0.225,-4.147,-1.652,-2.789,-1.839,-4.628,15976,7980,7996
1508,Maurice Taylor,2005,-1.316,0.085,-1.401,-0.249,-0.018,-0.231,-0.124,-0.462,0.338,-1.028,-0.203,-0.825,-0.429,-0.319,-0.109,-0.849,-0.823,-0.823,-2.594,-3.417,0.0,-0.849,-0.158,-0.691,-0.849,-0.158,-0.691,-3.433,-0.326,-1.199,-0.107,-1.092,-0.246,0.111,-0.357,-0.623,-0.001,-0.622,-0.223,-0.025,-0.198,-0.14,-0.336,0.197,-0.122,0.227,0.227,-1.461,-1.234,-0.0,-0.122,-0.267,0.145,-0.122,-0.267,0.145,-1.971,-0.098,-2.515,-0.022,-2.493,-0.495,0.093,-0.588,-0.747,-0.463,-0.284,-1.251,-0.228,-1.023,-0.569,-0.655,0.088,-0.97,-0.596,-0.596,-4.651,0.0,-0.97,-0.425,-0.545,-0.97,-0.425,-0.545,-5.404,-0.424,-3.417,-1.234,-4.651,34070,17059,17011
1886,Jonathan Bender,2005,-1.907,-0.183,-1.724,-0.426,-0.321,-0.105,-0.277,-0.103,-0.174,-1.021,-0.042,-0.979,0.381,0.379,0.003,-1.268,-1.108,-1.108,-2.794,-3.902,0.0,-1.268,-0.02,-1.248,-1.268,-0.02,-1.248,-3.504,-0.7,0.876,0.141,0.735,0.078,-0.082,0.16,0.272,-0.142,0.414,0.385,0.047,0.338,-0.42,-0.41,-0.01,-1.456,0.176,0.176,-1.0,-0.824,0.0,-1.456,-0.708,-0.748,-1.456,-0.708,-0.748,0.453,-0.179,-1.03,-0.042,-0.988,-0.347,-0.403,0.056,-0.005,-0.245,0.24,-0.636,0.005,-0.641,-0.04,-0.031,-0.007,-2.724,-0.933,-0.933,-4.726,0.0,-2.724,-0.728,-1.996,-2.724,-0.728,-1.996,-3.052,-0.88,-3.902,-0.824,-4.726,14658,7350,7308
63,Michael Smith,2005,-2.777,-0.02,-2.757,-0.417,0.06,-0.477,-1.115,-0.042,-1.073,-1.225,-0.06,-1.165,-0.149,0.073,-0.222,-1.102,1.014,1.014,-4.028,-3.014,0.0,-1.102,-0.779,-0.323,-1.102,-0.779,-0.323,-3.602,-0.141,-1.022,0.03,-1.052,-0.922,-0.146,-0.776,-0.281,0.02,-0.301,0.151,0.019,0.132,0.01,0.128,-0.121,-0.489,-0.219,-0.219,-1.501,-1.72,0.0,-0.489,-0.327,-0.162,-0.489,-0.327,-0.162,-3.035,-0.824,-3.801,0.01,-3.811,-1.34,-0.086,-1.254,-1.396,-0.022,-1.374,-1.075,-0.042,-1.033,-0.14,0.201,-0.343,-1.592,0.794,0.794,-4.734,0.0,-1.592,-1.106,-0.486,-1.592,-1.106,-0.486,-6.637,-0.965,-3.014,-1.72,-4.734,10777,5360,5417
2220,Brandon Armstrong,2005,-2.221,-0.638,-1.583,0.005,-0.278,0.283,-1.044,-0.148,-0.896,-0.544,-0.027,-0.517,-0.741,-0.537,-0.203,0.171,-0.391,-0.391,-2.791,-3.182,0.0,0.171,-0.229,0.4,0.171,-0.229,0.4,-1.48,-0.103,-0.706,0.267,-0.973,-0.43,-0.002,-0.428,-0.491,-0.056,-0.435,-0.052,0.018,-0.07,-0.036,-0.026,-0.011,-0.37,-0.445,-0.445,-1.112,-1.557,0.0,-0.37,-0.194,-0.176,-0.37,-0.194,-0.176,-0.328,-0.327,-2.926,-0.371,-2.555,-0.425,-0.28,-0.145,-1.534,-0.204,-1.33,-0.596,-0.009,-0.587,-0.777,-0.563,-0.214,-0.199,-0.835,-0.835,-4.739,0.0,-0.199,-0.423,0.224,-0.199,-0.423,0.224,-1.808,-0.43,-3.182,-1.557,-4.739,2619,1309,1310
1907,Vonteego Cummings,2005,-2.265,-0.032,-2.233,-0.29,-0.244,-0.046,-0.898,-0.001,-0.897,-1.045,0.091,-1.136,-0.555,0.078,-0.629,-0.267,-0.1,-0.1,-3.087,-3.187,0.0,-0.267,-0.069,-0.198,-0.267,-0.069,-0.198,-2.16,-0.391,-2.034,0.196,-2.23,-1.23,0.059,-1.289,-1.054,-0.273,-0.781,0.054,-0.032,0.086,-0.901,-0.869,-0.033,0.737,0.643,0.643,-2.198,-1.555,-0.0,0.737,-0.099,0.836,0.737,-0.099,0.836,0.463,-0.156,-4.3,0.164,-4.464,-1.52,-0.185,-1.335,-1.953,-0.274,-1.679,-0.991,0.059,-1.05,-1.455,-0.791,-0.662,0.47,0.543,0.543,-4.742,0.0,0.47,-0.168,0.638,0.47,-0.168,0.638,-1.697,-0.547,-3.187,-1.555,-4.742,14888,7427,7461
1520,Charles Smith,2005,-2.06,-0.117,-1.943,0.281,0.473,-0.192,-0.003,0.13,-0.133,-2.221,0.004,-2.225,-0.825,-0.816,-0.01,-0.373,-0.516,-0.516,-3.258,-3.774,0.0,-0.373,-0.41,0.037,-0.373,-0.41,0.037,-2.002,0.415,-1.411,0.075,-1.486,-0.974,-0.139,-0.835,-0.562,-0.141,-0.421,0.05,0.024,0.026,-0.208,-0.264,0.057,0.144,0.335,0.335,-1.475,-1.14,0.0,0.144,0.551,-0.407,0.144,0.551,-0.407,-0.682,-0.634,-3.472,-0.042,-3.43,-0.693,0.334,-1.027,-0.566,-0.012,-0.554,-2.171,0.028,-2.199,-1.033,-1.08,0.047,-0.229,-0.181,-0.181,-4.914,0.0,-0.229,0.142,-0.371,-0.229,0.142,-0.371,-2.684,-0.219,-3.774,-1.14,-4.914,4598,2309,2289
2074,Jabari Smith,2005,-1.157,-0.374,-0.783,-1.056,-0.122,-0.934,-0.15,-0.07,-0.08,0.423,-0.062,0.485,-0.426,-0.176,-0.25,-0.845,-1.742,-1.742,-2.428,-4.17,0.0,-0.845,-0.849,0.004,-0.845,-0.849,0.004,-1.075,-0.668,-0.482,0.223,-0.705,0.038,-0.065,0.103,-0.413,-0.203,-0.21,-0.33,0.022,-0.352,-0.314,-0.527,0.213,0.218,-0.258,-0.258,-0.578,-0.836,0.0,0.218,0.178,0.04,0.218,0.178,0.04,-0.031,-0.112,-1.639,-0.151,-1.488,-1.018,-0.187,-0.831,-0.563,-0.273,-0.29,0.093,-0.04,0.133,-0.74,-0.702,-0.037,-0.627,-2.0,-2.0,-5.006,-0.001,-0.627,-0.671,0.044,-0.627,-0.671,0.044,-1.106,-0.779,-4.17,-0.836,-5.007,4140,2081,2059
688,Michael Curry,2005,-2.928,-0.246,-2.682,-0.593,-0.33,-0.263,-0.613,-0.25,-0.363,-1.476,-0.055,-1.421,0.062,-0.142,0.206,-0.668,-2.631,-2.631,-3.534,-6.165,0.0,-0.668,0.108,-0.776,-0.668,0.108,-0.776,-4.166,-0.972,0.18,0.108,0.072,0.439,0.142,0.297,-0.301,0.173,-0.474,-0.066,0.073,-0.139,0.186,-0.033,0.218,0.291,0.493,0.493,0.657,1.15,0.0,0.291,-0.213,0.504,0.291,-0.213,0.504,1.33,0.512,-2.749,-0.138,-2.611,-0.155,-0.188,0.033,-0.914,-0.077,-0.837,-1.542,0.018,-1.56,0.248,-0.175,0.424,-0.377,-2.138,-2.138,-5.015,0.0,-0.377,-0.105,-0.272,-0.377,-0.105,-0.272,-2.835,-0.459,-6.165,1.15,-5.015,32022,15929,16093
685,Cherokee Parks,2005,-0.991,0.032,-1.023,0.171,-0.164,0.335,0.03,-0.405,0.435,-1.224,-0.133,-1.091,-0.598,-0.517,-0.08,-0.297,-0.662,-0.662,-1.886,-2.548,0.0,-0.297,-0.078,-0.219,-0.297,-0.078,-0.219,-2.029,-0.444,-2.027,0.13,-2.157,-0.689,-0.095,-0.594,-0.866,-0.094,-0.772,-0.602,-0.028,-0.574,0.015,0.022,-0.007,-0.132,-0.348,-0.348,-2.144,-2.492,0.0,-0.132,0.257,-0.389,-0.132,0.257,-0.389,-2.021,-0.757,-3.018,0.162,-3.18,-0.518,-0.259,-0.259,-0.836,-0.499,-0.337,-1.826,-0.161,-1.665,-0.582,-0.495,-0.087,-0.429,-1.01,-1.01,-5.04,0.0,-0.429,0.179,-0.608,-0.429,0.179,-0.608,-4.051,-1.201,-2.548,-2.492,-5.04,10609,5298,5311
969,Travis Knight,2005,-4.558,-0.485,-4.073,-0.562,-0.373,-0.189,-1.922,-0.161,-1.761,-1.589,-0.051,-1.538,-0.42,-0.408,-0.01,-0.517,0.177,0.177,-5.495,-5.318,0.0,-0.517,-0.167,-0.35,-0.517,-0.167,-0.35,-2.631,-0.631,0.308,0.303,0.005,0.138,0.109,0.029,0.027,-0.315,0.342,-0.16,-0.058,-0.102,-0.81,-0.879,0.069,-0.083,0.839,0.839,-0.585,0.254,0.0,-0.083,0.166,-0.249,-0.083,0.166,-0.249,0.851,0.235,-4.25,-0.182,-4.068,-0.424,-0.264,-0.16,-1.895,-0.476,-1.419,-1.749,-0.109,-1.64,-1.231,-1.288,0.059,-0.6,1.016,1.016,-5.064,0.0,-0.6,-0.001,-0.599,-0.6,-0.001,-0.599,-1.78,-0.396,-5.318,0.254,-5.064,5455,2724,2731
955,Samaki Walker,2005,-1.861,0.082,-1.943,-0.762,-0.458,-0.304,-1.242,-0.769,-0.473,0.061,-0.148,0.209,-1.309,-1.056,-0.253,-0.613,0.211,0.211,-3.783,-3.572,0.0,-0.613,-0.224,-0.389,-0.613,-0.224,-0.389,-2.925,-1.112,0.071,-0.024,0.095,-0.016,-0.246,0.23,0.342,0.157,0.185,-0.231,0.064,-0.295,0.594,0.714,-0.121,-1.126,-1.055,-1.055,-0.461,-1.516,0.0,-1.126,-0.566,-0.56,-1.126,-0.566,-0.56,-1.136,-0.362,-1.791,0.058,-1.849,-0.778,-0.704,-0.074,-0.9,-0.612,-0.288,-0.171,-0.084,-0.087,-0.715,-0.342,-0.374,-1.739,-0.844,-0.844,-5.088,0.001,-1.739,-0.79,-0.949,-1.739,-0.79,-0.949,-4.061,-1.474,-3.572,-1.516,-5.087,22023,10997,11026
1934,Rodney Buford,2005,-2.427,-0.276,-2.151,-0.454,-0.267,-0.187,-0.899,-0.344,-0.555,-0.798,-0.15,-0.648,-0.437,-0.083,-0.353,-0.156,0.264,0.264,-3.02,-2.756,0.0,-0.156,-0.211,0.055,-0.156,-0.211,0.055,-1.856,-0.49,-1.713,0.281,-1.994,-1.129,-0.037,-1.092,-0.642,-0.173,-0.469,-0.223,-0.019,-0.204,-0.36,-0.476,0.118,-0.424,0.148,0.148,-2.497,-2.349,-0.0,-0.424,-0.197,-0.227,-0.424,-0.197,-0.227,-0.895,-0.51,-4.141,0.005,-4.146,-1.583,-0.304,-1.279,-1.542,-0.518,-1.024,-1.021,-0.169,-0.852,-0.797,-0.559,-0.235,-0.579,0.412,0.412,-5.105,0.0,-0.579,-0.408,-0.171,-0.579,-0.408,-0.171,-2.751,-0.999,-2.756,-2.349,-5.105,16268,8127,8141
961,John Wallace,2005,-1.796,-0.109,-1.687,-0.092,-0.171,0.079,-0.934,-0.427,-0.507,-0.661,-0.197,-0.464,-0.148,-0.112,-0.033,-1.109,0.011,0.011,-3.053,-3.042,0.0,-1.109,-0.574,-0.535,-1.109,-0.574,-0.535,-4.174,-0.398,-1.363,0.164,-1.527,-0.371,-0.19,-0.181,-0.778,-0.192,-0.586,-0.378,0.051,-0.429,-0.283,-0.53,0.251,-0.589,0.15,0.15,-2.235,-2.085,0.0,-0.589,-0.447,-0.142,-0.589,-0.447,-0.142,-0.871,-0.36,-3.159,0.055,-3.214,-0.463,-0.361,-0.102,-1.711,-0.619,-1.092,-1.04,-0.146,-0.894,-0.43,-0.643,0.218,-1.698,0.162,0.162,-5.127,0.001,-1.698,-1.021,-0.677,-1.698,-1.021,-0.677,-5.045,-0.758,-3.042,-2.085,-5.126,8042,4006,4036
435,Carlos Rogers,2005,-1.911,0.028,-1.939,0.28,0.375,-0.095,-1.833,0.142,-1.975,-0.386,0.001,-0.387,-0.567,-0.276,-0.289,-1.4,0.704,0.704,-3.878,-3.174,-0.0,-1.4,-0.945,-0.455,-1.4,-0.945,-0.455,-2.093,0.596,-1.214,0.086,-1.3,-0.233,-0.226,-0.007,-1.01,0.042,-1.052,-0.057,0.037,-0.094,0.479,0.438,0.039,-0.354,-0.886,-0.886,-1.089,-1.975,0.0,-0.354,-0.119,-0.235,-0.354,-0.119,-0.235,-2.491,-0.667,-3.125,0.114,-3.239,0.047,0.149,-0.102,-2.842,0.184,-3.026,-0.444,0.038,-0.482,-0.088,0.162,-0.249,-1.754,-0.182,-0.182,-5.149,-0.0,-1.754,-1.065,-0.689,-1.754,-1.065,-0.689,-4.583,-0.072,-3.174,-1.975,-5.149,6857,3429,3428
54,Dickey Simpkins,2005,-4.163,0.122,-4.285,-1.218,0.095,-1.313,-2.478,-0.218,-2.26,-0.589,-0.042,-0.547,-0.851,-0.605,-0.243,-1.039,0.5,0.5,-6.053,-5.553,0.0,-1.039,-0.219,-0.82,-1.039,-0.219,-0.82,-0.968,-0.2,-0.091,-0.139,0.048,-0.285,-0.119,-0.166,-0.194,0.011,-0.205,0.527,0.001,0.526,0.049,0.182,-0.136,-0.061,0.48,0.48,-0.103,0.377,0.0,-0.061,0.192,-0.253,-0.061,0.192,-0.253,-0.957,-0.46,-4.253,-0.017,-4.236,-1.503,-0.024,-1.479,-2.671,-0.206,-2.465,-0.062,-0.041,-0.021,-0.803,-0.423,-0.38,-1.1,0.98,0.98,-5.176,0.0,-1.1,-0.026,-1.074,-1.1,-0.026,-1.074,-1.925,-0.66,-5.553,0.377,-5.176,6085,3041,3044
376,Eric Montross,2005,-0.854,-0.203,-0.651,-0.519,-0.117,-0.402,-0.09,-0.227,0.137,-0.042,-0.086,0.044,-0.658,-0.197,-0.46,-1.108,-0.714,-0.714,-2.62,-3.334,0.0,-1.108,-0.644,-0.464,-1.108,-0.644,-0.464,-0.673,-0.36,-1.536,-0.09,-1.446,-0.136,0.249,-0.385,-1.305,0.136,-1.441,-0.005,0.005,-0.01,-0.212,-0.11,-0.103,-0.242,0.09,0.09,-1.99,-1.9,0.0,-0.242,-0.233,-0.009,-0.242,-0.233,-0.009,-1.69,0.234,-2.39,-0.293,-2.097,-0.655,0.132,-0.787,-1.395,-0.091,-1.304,-0.047,-0.081,0.034,-0.869,-0.306,-0.563,-1.35,-0.624,-0.624,-5.234,0.0,-1.35,-0.877,-0.473,-1.35,-0.877,-0.473,-2.363,-0.126,-3.334,-1.9,-5.234,6396,3182,3214
323,Greg Foster,2005,-3.165,-0.083,-3.082,-0.962,-0.778,-0.184,-1.249,-0.449,-0.8,-0.871,0.087,-0.958,-0.969,-0.812,-0.156,-0.35,-0.541,-0.541,-4.484,-5.025,0.0,-0.35,0.236,-0.586,-0.35,0.236,-0.586,-2.512,-1.375,-0.168,0.06,-0.228,-0.048,0.105,-0.153,0.684,0.054,0.63,-0.864,-0.014,-0.85,0.215,0.02,0.197,-0.226,-0.101,-0.101,-0.179,-0.28,0.0,-0.226,-0.367,0.141,-0.226,-0.367,0.141,-0.285,-0.1,-3.333,-0.023,-3.31,-1.01,-0.673,-0.337,-0.565,-0.395,-0.17,-1.735,0.073,-1.808,-0.753,-0.792,0.041,-0.577,-0.641,-0.641,-5.305,0.001,-0.577,-0.131,-0.446,-0.577,-0.131,-0.446,-2.797,-1.475,-5.025,-0.28,-5.304,6718,3341,3377
2052,DeShawn Stevenson,2005,-2.024,-0.023,-2.001,-0.276,0.381,-0.657,-0.894,-0.029,-0.865,-0.831,-0.176,-0.655,-0.252,0.133,-0.384,0.052,0.133,0.133,-2.224,-2.091,-0.0,0.052,-0.169,0.221,0.052,-0.169,0.221,-3.026,0.053,-2.914,0.091,-3.005,-1.5,-0.393,-1.107,-1.001,-0.14,-0.861,-0.504,0.079,-0.583,-0.104,-0.024,-0.078,-0.314,0.045,0.045,-3.332,-3.287,0.0,-0.314,-0.428,0.114,-0.314,-0.428,0.114,-2.048,-1.308,-4.938,0.068,-5.006,-1.777,-0.013,-1.764,-1.894,-0.168,-1.726,-1.335,-0.097,-1.238,-0.356,0.109,-0.463,-0.262,0.178,0.178,-5.378,-0.001,-0.262,-0.596,0.334,-0.262,-0.596,0.334,-5.074,-1.255,-2.091,-3.287,-5.379,21684,10843,10841
1895,William Avery,2005,-2.989,-0.592,-2.397,-1.112,-0.231,-0.881,-0.555,0.248,-0.803,-0.73,0.225,-0.955,-0.553,-0.386,-0.166,-0.917,0.218,0.218,-4.459,-4.241,0.0,-0.917,-0.602,-0.315,-0.917,-0.602,-0.315,-1.895,-0.735,-0.63,0.245,-0.875,-0.102,-0.086,-0.016,-1.315,-0.171,-1.144,0.542,0.021,0.521,-0.325,-0.577,0.253,0.004,-0.256,-0.256,-0.951,-1.207,0.0,0.004,0.19,-0.186,0.004,0.19,-0.186,0.342,0.001,-3.62,-0.347,-3.273,-1.215,-0.318,-0.897,-1.87,0.077,-1.947,-0.188,0.246,-0.434,-0.878,-0.963,0.087,-0.913,-0.037,-0.037,-5.448,-0.0,-0.913,-0.413,-0.5,-0.913,-0.413,-0.5,-1.553,-0.734,-4.241,-1.207,-5.448,4640,2318,2322
1565,Michael Stewart,2005,-3.737,-0.363,-3.374,-1.613,-0.201,-1.412,-1.956,-0.034,-1.922,0.195,-0.028,0.223,-0.174,0.128,-0.299,-0.439,-0.748,-0.748,-4.35,-5.098,0.0,-0.439,-0.402,-0.037,-0.439,-0.402,-0.037,-3.326,-0.792,-0.72,0.332,-1.052,0.068,-0.011,0.079,-0.603,-0.219,-0.384,-0.517,-0.012,-0.505,-0.366,-0.544,0.176,0.395,0.271,0.271,-0.691,-0.42,-0.0,0.395,0.174,0.221,0.395,0.174,0.221,-0.878,-0.094,-4.457,-0.031,-4.426,-1.545,-0.212,-1.333,-2.56,-0.254,-2.306,-0.321,-0.04,-0.281,-0.54,-0.416,-0.123,-0.044,-0.477,-0.477,-5.518,0.0,-0.044,-0.228,0.184,-0.044,-0.228,0.184,-4.204,-0.886,-5.098,-0.42,-5.518,4494,2232,2262
2219,Jeryl Sasser,2005,-4.165,-0.432,-3.733,-0.682,-0.047,-0.635,-1.121,-0.063,-1.058,-1.93,-0.082,-1.848,-0.61,-0.357,-0.253,-0.088,0.418,0.418,-4.863,-4.445,0.0,-0.088,-0.088,0.0,-0.088,-0.088,0.0,-2.946,-0.131,-1.192,0.172,-1.364,-0.789,-0.152,-0.637,-0.797,-0.159,-0.638,0.222,-0.06,0.282,0.067,0.189,-0.121,-0.055,0.085,0.085,-1.18,-1.095,0.0,-0.055,0.018,-0.073,-0.055,0.018,-0.073,-1.387,-0.531,-5.357,-0.26,-5.097,-1.472,-0.199,-1.273,-1.918,-0.222,-1.696,-1.707,-0.141,-1.566,-0.543,-0.168,-0.374,-0.143,0.503,0.503,-5.54,-0.001,-0.143,-0.071,-0.072,-0.143,-0.071,-0.072,-4.333,-0.662,-4.445,-1.095,-5.541,4045,2001,2044
1743,Bruno Sundov,2005,-2.567,-0.52,-2.047,0.055,-0.173,0.228,-1.038,-0.124,-0.914,-1.064,-0.035,-1.029,-0.837,-0.599,-0.237,-0.107,-1.397,-1.397,-3.511,-4.908,0.0,-0.107,-0.221,0.114,-0.107,-0.221,0.114,-2.343,-0.313,-0.412,0.278,-0.69,-0.095,0.084,-0.179,-0.783,-0.206,-0.577,0.188,-0.045,0.233,-0.457,-0.432,-0.023,-0.158,0.258,0.258,-1.027,-0.769,-0.0,-0.158,-0.005,-0.153,-0.158,-0.005,-0.153,0.138,0.011,-2.979,-0.242,-2.737,-0.04,-0.089,0.049,-1.821,-0.33,-1.491,-0.876,-0.08,-0.796,-1.295,-1.032,-0.26,-0.266,-1.139,-1.139,-5.677,0.0,-0.266,-0.225,-0.041,-0.266,-0.225,-0.041,-2.204,-0.302,-4.908,-0.769,-5.677,2073,1035,1038
2109,Eddie Gill,2005,-4.031,-0.302,-3.729,-1.366,-0.076,-1.29,-1.311,0.199,-1.51,-1.052,0.023,-1.075,1.115,0.635,0.482,-0.495,-1.029,-1.029,-3.411,-4.44,-0.0,-0.495,0.105,-0.6,-0.495,0.105,-0.6,-5.918,-1.157,-2.057,0.249,-2.306,-0.428,-0.037,-0.391,-0.599,-0.123,-0.476,-1.279,-0.047,-1.232,0.081,0.01,0.074,0.463,0.262,0.262,-1.513,-1.251,0.0,0.463,0.588,-0.125,0.463,0.588,-0.125,-0.632,-0.15,-6.088,-0.053,-6.035,-1.794,-0.113,-1.681,-1.91,0.076,-1.986,-2.331,-0.024,-2.307,1.197,0.644,0.556,-0.032,-0.767,-0.767,-5.691,-0.0,-0.032,0.693,-0.725,-0.032,0.693,-0.725,-6.55,-1.308,-4.44,-1.251,-5.691,6166,3081,3085
2469,Pat Burke,2005,-4.163,-0.098,-4.065,-0.86,-0.217,-0.643,-1.985,-0.363,-1.622,-1.22,-0.163,-1.057,-0.468,-0.443,-0.025,-0.773,-0.148,-0.148,-5.404,-5.552,0.0,-0.773,-0.381,-0.392,-0.773,-0.381,-0.392,-4.237,-0.436,-0.0,0.058,-0.058,-0.026,-0.033,0.007,-0.251,-0.012,-0.239,0.219,0.033,0.186,0.011,-0.067,0.077,0.288,-0.564,-0.564,0.299,-0.265,-0.0,0.288,0.227,0.061,0.288,0.227,0.061,0.357,0.01,-4.163,-0.04,-4.123,-0.886,-0.25,-0.636,-2.236,-0.375,-1.861,-1.001,-0.13,-0.871,-0.457,-0.511,0.052,-0.486,-0.713,-0.713,-5.817,-0.0,-0.486,-0.154,-0.332,-0.486,-0.154,-0.332,-3.88,-0.426,-5.552,-0.265,-5.817,3180,1579,1601
2044,Jason Collier,2005,-3.106,0.18,-3.286,-0.891,-0.184,-0.707,-1.18,-0.553,-0.627,-1.215,-0.163,-1.052,-0.856,-1.086,0.23,-0.244,0.442,0.442,-4.206,-3.764,-0.0,-0.244,-0.183,-0.061,-0.244,-0.183,-0.061,-1.131,-0.191,-2.347,-0.035,-2.312,-0.541,-0.023,-0.518,-0.88,0.026,-0.906,-0.891,0.002,-0.893,0.296,0.219,0.079,0.135,-0.194,-0.194,-1.916,-2.11,0.0,0.135,0.183,-0.048,0.135,0.183,-0.048,-2.681,-0.446,-5.452,0.145,-5.597,-1.432,-0.207,-1.225,-2.06,-0.527,-1.533,-2.105,-0.16,-1.945,-0.559,-0.868,0.309,-0.108,0.247,0.247,-5.874,0.0,-0.108,0.0,-0.108,-0.108,0.0,-0.108,-3.811,-0.637,-3.764,-2.11,-5.874,8215,4087,4128
753,Randy Brown,2005,-2.347,-0.167,-2.18,-1.309,0.192,-1.501,-0.516,-0.205,-0.311,-0.355,-0.177,-0.178,-0.719,-0.14,-0.577,-0.824,-0.792,-0.792,-3.89,-4.682,-0.0,-0.824,0.131,-0.955,-0.824,0.131,-0.955,-1.029,-0.601,-2.176,0.038,-2.214,-0.727,-0.442,-0.285,-1.536,-0.336,-1.2,0.049,-0.042,0.091,-0.223,-0.263,0.039,0.75,0.412,0.412,-1.649,-1.237,0.0,0.75,0.005,0.745,0.75,0.005,0.745,-1.892,-0.914,-4.525,-0.129,-4.396,-2.037,-0.251,-1.786,-2.052,-0.541,-1.511,-0.307,-0.219,-0.088,-0.942,-0.404,-0.537,-0.074,-0.38,-0.38,-5.919,0.0,-0.074,0.137,-0.211,-0.074,0.137,-0.211,-2.921,-1.515,-4.682,-1.237,-5.919,11732,5853,5879
788,Kevin Willis,2005,-2.396,-0.025,-2.371,-1.064,-0.249,-0.815,-1.589,-0.443,-1.146,0.282,-0.096,0.378,-0.927,-0.7,-0.227,-0.711,0.145,0.145,-4.034,-3.889,0.0,-0.711,-0.361,-0.35,-0.711,-0.361,-0.35,-1.522,-0.611,-1.457,-0.102,-1.355,-0.77,-0.345,-0.425,-0.18,-0.056,-0.124,-0.405,-0.008,-0.397,0.252,0.277,-0.027,-0.372,-0.465,-0.465,-1.577,-2.042,0.0,-0.372,0.048,-0.42,-0.372,0.048,-0.42,-1.581,-0.639,-3.853,-0.127,-3.726,-1.833,-0.593,-1.24,-1.77,-0.499,-1.271,-0.123,-0.104,-0.019,-0.675,-0.423,-0.254,-1.084,-0.32,-0.32,-5.931,0.001,-1.084,-0.313,-0.771,-1.084,-0.313,-0.771,-3.104,-1.249,-3.889,-2.042,-5.93,22857,11405,11452
2561,David West,2005,-3.503,0.07,-3.573,-0.661,-0.019,-0.642,-2.425,-0.122,-2.303,-0.487,0.038,-0.525,-0.891,-0.845,-0.047,-1.654,0.464,0.464,-6.048,-5.584,0.0,-1.654,-0.523,-1.131,-1.654,-0.523,-1.131,-1.739,0.063,-1.053,0.116,-1.169,-0.551,0.003,-0.554,-0.651,-0.062,-0.589,0.033,-0.029,0.062,0.385,0.288,0.096,0.047,0.185,0.185,-0.621,-0.436,-0.0,0.047,-0.102,0.149,0.047,-0.102,0.149,-2.363,-0.601,-4.556,0.186,-4.742,-1.211,-0.015,-1.196,-3.076,-0.184,-2.892,-0.455,0.008,-0.463,-0.506,-0.557,0.049,-1.606,0.649,0.649,-6.02,0.0,-1.606,-0.625,-0.981,-1.606,-0.625,-0.981,-4.102,-0.538,-5.584,-0.436,-6.02,5857,2920,2937
1741,Jelani McCoy,2005,-1.124,0.001,-1.125,-0.174,0.009,-0.183,-0.778,-0.184,-0.594,-0.173,-0.022,-0.151,-1.468,-0.513,-0.955,-1.315,-1.582,-1.582,-3.907,-5.489,0.0,-1.315,-0.29,-1.025,-1.315,-0.29,-1.025,-3.325,-0.283,0.103,-0.092,0.195,-0.586,0.071,-0.657,0.589,0.244,0.345,0.192,0.04,0.152,0.466,0.411,0.055,-0.735,-0.396,-0.396,-0.166,-0.562,-0.0,-0.735,-0.013,-0.722,-0.735,-0.013,-0.722,-2.101,-0.328,-1.02,-0.091,-0.929,-0.76,0.08,-0.84,-0.188,0.06,-0.248,0.019,0.018,0.001,-1.002,-0.102,-0.9,-2.05,-1.978,-1.978,-6.051,0.0,-2.05,-0.303,-1.747,-2.05,-0.303,-1.747,-5.426,-0.611,-5.489,-0.562,-6.051,13145,6565,6580
680,John Amaechi,2005,-2.244,0.067,-2.311,-0.263,0.409,-0.672,-1.231,-0.319,-0.912,-0.817,-0.31,-0.507,-0.46,-0.13,-0.327,-1.607,-1.131,-1.131,-4.311,-5.442,0.0,-1.607,-1.3,-0.307,-1.607,-1.3,-0.307,-5.186,-0.297,-1.063,-0.135,-0.928,-0.715,-0.034,-0.681,-0.374,0.099,-0.473,0.161,0.016,0.145,0.297,0.18,0.117,0.31,-0.839,-0.839,-0.456,-1.295,0.0,0.31,0.325,-0.015,0.31,0.325,-0.015,-1.841,-0.635,-3.305,-0.068,-3.237,-0.978,0.375,-1.353,-1.604,-0.219,-1.385,-0.655,-0.294,-0.361,-0.163,0.05,-0.21,-1.297,-1.969,-1.969,-6.737,0.0,-1.297,-0.975,-0.322,-1.297,-0.975,-0.322,-7.026,-0.932,-5.442,-1.295,-6.737,17426,8712,8714
763,Tony Massenburg,2005,-2.483,0.058,-2.541,-0.946,-0.673,-0.273,-1.448,-0.816,-0.632,-0.147,-0.135,-0.012,-1.02,-0.918,-0.102,-1.146,0.178,0.178,-4.649,-4.471,0.0,-1.146,-0.556,-0.59,-1.146,-0.556,-0.59,-1.321,-1.094,-1.351,-0.077,-1.274,-0.793,0.138,-0.931,-0.073,0.219,-0.292,-0.408,0.074,-0.482,-0.089,0.012,-0.102,-0.107,-0.981,-0.981,-1.547,-2.528,0.0,-0.107,-0.074,-0.033,-0.107,-0.074,-0.033,-2.223,-0.594,-3.836,-0.019,-3.817,-1.74,-0.535,-1.205,-1.522,-0.597,-0.925,-0.555,-0.06,-0.495,-1.109,-0.906,-0.203,-1.253,-0.803,-0.803,-6.999,0.0,-1.253,-0.63,-0.623,-1.253,-0.63,-0.623,-3.543,-1.688,-4.471,-2.528,-6.999,16968,8482,8486
