player_id,player_name,Latest_Year,oTS,oFT,oTOV,oTOV_bp,oTOV_sc,oREB,dTS,dFT,dTOV,dTOV_bp,dTOV_sc,dREB,off,def,net_rapm,RESID,o_sc,o_fc,d_sc,d_fc,o_pval,d_pval,possessions,off_poss,def_poss
203507,Giannis Antetokounmpo,2023,3.0,0.14,0.06,0.7,-0.64,-0.28,3.64,0.32,-0.38,-0.01,-0.38,1.51,3.0,4.64,7.64,0.09,-0.47,3.47,1.47,3.17,-0.22,1.13,52660,26412,26248
203954,Joel Embiid,2023,4.5,2.38,-0.19,0.34,-0.52,-0.78,4.04,0.63,-0.99,-0.28,-0.71,0.94,3.43,3.79,7.22,-0.3,-1.11,4.54,0.31,3.48,-0.97,-0.05,45866,22990,22876
202331,Paul George,2023,3.11,0.41,0.34,-0.51,0.86,-0.43,1.69,-0.04,1.8,0.8,0.99,0.43,3.06,3.73,6.78,-0.16,-0.49,3.55,0.8,2.93,-0.09,2.23,43399,21707,21692
202695,Kawhi Leonard,2023,3.75,1.05,1.22,0.89,0.34,0.43,0.37,0.02,0.06,0.09,-0.03,0.68,5.5,1.16,6.66,0.15,0.64,4.86,0.55,0.61,1.65,0.74,37322,18663,18659
1628369,Jayson Tatum,2023,2.53,0.74,1.21,0.4,0.81,0.38,2.2,0.26,-0.13,0.27,-0.39,0.52,4.47,2.19,6.65,-0.06,0.83,3.64,0.64,1.55,1.59,0.39,61872,30986,30886
201939,Stephen Curry,2023,5.23,0.57,-0.27,-0.46,0.19,-0.03,0.48,-0.12,1.38,0.24,1.14,-0.75,5.15,1.49,6.64,0.6,-0.49,5.64,-0.13,1.62,-0.3,0.63,45408,22770,22638
2544,LeBron James,2023,4.09,-0.21,0.34,-0.56,0.91,-0.42,0.97,0.15,0.25,-0.05,0.31,0.95,4.21,2.35,6.55,0.37,-0.11,4.32,0.7,1.65,-0.08,1.2,46903,23451,23452
203999,Nikola Jokic,2023,5.6,0.9,-0.64,-0.97,0.35,1.1,-0.0,0.64,-0.56,-0.03,-0.52,1.57,4.8,1.7,6.5,-0.57,0.66,4.14,1.53,0.17,0.46,1.01,58965,29602,29363
201142,Kevin Durant,2023,6.13,1.38,0.12,-0.32,0.44,-1.15,2.07,0.01,-0.56,-0.53,-0.03,0.31,4.91,1.52,6.43,-0.49,-1.01,5.92,-0.41,1.93,-1.03,-0.25,37108,18569,18539
203081,Damian Lillard,2023,4.84,2.01,1.26,-0.25,1.51,0.3,-0.51,-0.29,-0.69,-0.81,0.13,0.09,6.57,-1.29,5.28,-0.01,-0.13,6.7,-0.27,-1.02,1.56,-0.6,49058,24564,24494
1627936,Alex Caruso,2023,-0.4,0.56,-0.12,0.06,-0.19,0.71,2.4,-0.38,3.1,1.45,1.64,0.23,0.12,5.09,5.21,-0.71,0.23,-0.11,0.78,4.31,0.59,3.33,25847,12927,12920
101108,Chris Paul,2023,1.72,-0.2,1.27,0.57,0.7,-1.04,1.81,0.37,1.08,0.38,0.7,0.07,2.29,2.8,5.08,0.17,-0.6,2.89,0.36,2.44,0.23,1.15,49149,24609,24540
201950,Jrue Holiday,2023,2.27,-0.33,0.64,-0.16,0.8,1.16,0.49,0.73,0.52,0.1,0.42,0.34,3.47,1.39,4.86,-0.56,0.55,2.92,0.16,1.23,1.8,0.86,51592,25835,25757
203497,Rudy Gobert,2023,0.94,-0.31,-1.63,-1.02,-0.6,1.04,4.87,1.31,-1.41,-0.58,-0.83,1.24,0.05,4.68,4.73,-0.32,1.01,-0.96,1.11,3.57,-0.59,-0.17,50610,25297,25313
1627783,Pascal Siakam,2023,1.91,0.13,1.14,0.55,0.59,-0.03,0.88,0.02,0.15,-0.11,0.25,0.52,2.55,1.93,4.47,-0.1,-0.33,2.88,0.57,1.36,1.11,0.67,53829,26944,26885
202710,Jimmy Butler,2023,0.55,1.87,1.14,0.45,0.69,1.62,-0.0,0.02,0.77,0.75,0.03,0.32,2.86,1.48,4.34,-0.06,1.1,1.76,0.75,0.73,2.76,1.09,51158,25592,25566
1630532,Franz Wagner,2023,2.24,0.42,0.72,0.36,0.37,-0.21,0.86,-0.1,-0.04,-0.23,0.19,1.02,2.44,1.86,4.31,-0.28,0.06,2.38,0.7,1.16,0.51,0.98,20464,10239,10225
203110,Draymond Green,2023,2.92,0.26,-0.67,-1.46,0.78,-1.29,2.41,0.41,0.22,-0.15,0.37,0.84,0.79,3.43,4.22,-0.21,-1.04,1.83,0.65,2.78,-1.96,1.06,44927,22473,22454
201935,James Harden,2023,4.26,1.8,0.14,0.05,0.09,0.1,-0.33,0.1,0.34,0.38,-0.05,-0.78,4.37,-0.16,4.21,0.48,-0.18,4.55,-0.2,0.04,0.24,-0.44,54429,27208,27221
1630193,Immanuel Quickley,2023,0.37,0.67,0.21,0.65,-0.44,0.58,3.28,-0.26,0.28,0.34,-0.08,-0.21,1.37,2.76,4.13,-0.38,0.47,0.9,-0.19,2.95,0.79,0.07,21990,11004,10986
201588,George Hill,2023,0.48,0.41,0.31,0.4,-0.09,-0.12,2.79,-0.16,0.43,0.29,0.14,0.24,0.96,2.97,3.93,-0.2,-0.08,1.04,-0.01,2.98,0.19,0.67,25186,12588,12598
1628389,Bam Adebayo,2023,1.62,0.22,-0.14,-0.09,-0.04,-0.78,1.77,0.43,0.03,0.33,-0.31,1.3,0.64,3.19,3.83,0.03,-0.75,1.39,1.05,2.14,-0.92,1.33,52074,26052,26022
203991,Clint Capela,2023,-1.31,-0.99,-0.45,-0.5,0.05,2.31,2.87,1.08,-0.89,-0.39,-0.5,1.06,0.48,3.34,3.83,0.24,1.81,-1.33,1.08,2.26,1.86,0.17,41680,20777,20903
1626164,Devin Booker,2023,5.11,1.33,0.37,0.1,0.27,0.53,-0.29,-0.43,-1.02,-0.5,-0.51,-0.78,5.79,-1.98,3.81,-0.11,-0.0,5.79,-1.09,-0.89,0.9,-1.8,52587,26338,26249
1630217,Desmond Bane,2023,1.02,0.12,0.69,0.41,0.27,0.98,0.95,0.04,0.32,0.57,-0.25,-0.35,2.97,0.82,3.79,0.18,1.05,1.92,0.35,0.47,1.67,-0.03,26226,13146,13080
203932,Aaron Gordon,2023,1.56,-0.17,0.05,0.19,-0.14,0.58,1.5,0.48,-0.71,-0.05,-0.66,0.96,2.27,1.5,3.76,-0.18,0.42,1.85,0.54,0.96,0.63,0.25,47358,23691,23667
1628401,Derrick White,2023,1.48,0.62,0.84,0.25,0.59,-0.93,2.54,0.36,-0.03,-0.84,0.8,-0.07,1.36,2.4,3.76,-0.07,-0.88,2.24,-0.49,2.89,-0.09,-0.1,41509,20754,20755
203076,Anthony Davis,2023,0.38,0.92,-0.1,-0.46,0.36,1.19,1.11,-0.03,0.14,0.53,-0.39,1.19,0.98,2.68,3.66,-0.25,0.83,0.15,1.41,1.27,1.09,1.33,41190,20630,20560
201980,Danny Green,2023,2.92,0.03,-0.24,-0.14,-0.11,0.14,0.59,0.1,1.19,0.51,0.67,-0.55,2.54,1.09,3.63,-0.42,0.01,2.53,-0.04,1.13,-0.1,0.64,36933,18504,18429
1627750,Jamal Murray,2023,1.21,-0.08,0.74,0.49,0.24,0.39,1.12,-0.07,0.15,0.25,-0.1,-0.09,2.79,0.82,3.61,0.09,0.2,2.59,0.37,0.45,1.13,0.06,40680,20388,20292
203994,Jusuf Nurkic,2023,-0.04,-0.19,-0.52,-0.51,-0.01,0.68,1.45,0.58,-0.05,0.24,-0.29,1.65,-0.29,3.84,3.55,0.38,0.37,-0.66,1.84,2.0,0.16,1.6,26561,13287,13274
201144,Mike Conley,2023,0.43,0.45,1.07,0.59,0.5,0.14,-0.13,-0.03,0.95,0.19,0.76,0.51,2.34,0.98,3.31,0.34,0.73,1.61,0.2,0.78,1.21,1.46,39346,19695,19651
203500,Steven Adams,2023,-0.81,-0.94,-0.52,-0.31,-0.21,4.04,0.33,0.88,-1.47,-0.19,-1.28,1.85,2.22,0.99,3.21,-0.21,3.11,-0.89,1.4,-0.41,3.52,0.38,39468,19764,19704
1626172,Kevon Looney,2023,-0.57,-0.73,0.04,-0.11,0.16,2.56,1.43,0.17,-1.52,-0.66,-0.85,0.94,2.18,0.95,3.12,0.24,3.08,-0.9,0.49,0.46,2.6,-0.58,31848,15846,16002
203490,Otto Porter Jr.,2023,1.09,0.06,0.57,0.29,0.3,-0.07,-0.16,-0.13,1.59,0.83,0.76,-0.05,1.89,1.18,3.07,0.1,0.42,1.47,0.49,0.69,0.5,1.54,18562,9293,9269
1627751,Jakob Poeltl,2023,-0.16,-1.23,0.26,-0.41,0.67,1.98,-0.04,0.62,0.29,0.24,0.04,0.53,1.77,1.29,3.06,0.2,1.32,0.45,0.46,0.83,2.24,0.82,34051,17024,17027
1630631,Jose Alvarado,2023,0.27,0.25,-0.07,0.34,-0.41,0.68,-0.05,-0.54,1.79,0.63,1.16,0.44,1.05,1.98,3.03,-0.03,0.46,0.59,0.58,1.4,0.61,2.23,9065,4522,4543
202330,Gordon Hayward,2023,0.85,0.33,0.35,0.66,-0.31,-0.43,0.97,0.12,0.36,0.53,-0.18,0.53,1.1,1.93,3.03,0.4,-0.2,1.3,-0.17,2.1,-0.08,0.89,35712,17880,17832
200794,Paul Millsap,2023,-0.79,-0.17,0.19,0.56,-0.39,1.49,1.07,0.02,0.42,-0.2,0.64,0.12,0.98,2.02,3.0,0.5,1.28,-0.3,0.83,1.19,1.68,0.54,22700,11366,11334
202681,Kyrie Irving,2023,2.58,-0.13,1.72,0.65,1.07,-0.74,-0.07,-0.21,0.47,0.47,0.01,-1.04,3.53,-0.63,2.9,-0.02,-0.24,3.77,-0.54,-0.09,0.98,-0.57,36577,18339,18238
1629636,Darius Garland,2023,2.14,-0.12,-0.22,-0.07,-0.15,0.09,1.05,0.35,0.83,0.46,0.37,-0.57,1.53,1.36,2.89,-0.43,-0.4,1.93,-0.07,1.43,-0.13,0.26,34622,17371,17251
202355,Hassan Whiteside,2023,-0.6,-0.93,-0.9,-0.46,-0.42,2.18,2.84,0.88,-1.31,-0.42,-0.89,0.21,0.39,2.48,2.87,0.45,2.06,-1.67,-0.12,2.6,1.28,-1.1,22824,11391,11433
1627827,Dorian Finney-Smith,2023,0.38,-0.02,0.31,0.24,0.07,0.74,1.39,0.16,0.04,0.23,-0.18,-0.42,1.52,1.31,2.83,0.39,0.78,0.74,0.12,1.19,1.05,-0.38,47021,23469,23552
1628415,Dillon Brooks,2023,0.16,-0.19,0.77,0.34,0.44,0.03,0.71,-0.37,1.45,0.77,0.66,0.05,0.45,2.37,2.82,-0.35,0.72,-0.27,0.54,1.83,0.8,1.5,34576,17278,17298
1627832,Fred VanVleet,2023,0.26,0.56,0.71,0.59,0.14,0.03,1.16,-0.27,0.95,-0.25,1.19,-0.67,1.45,1.29,2.75,0.31,0.33,1.12,0.02,1.27,0.74,0.28,46708,23383,23325
201572,Brook Lopez,2023,0.21,-0.29,-0.15,-0.16,0.01,-0.21,3.76,1.35,-1.84,-0.58,-1.26,1.19,-0.58,3.27,2.69,-0.27,-0.14,-0.44,0.69,2.58,-0.36,-0.65,44269,22197,22072
201976,Patrick Beverley,2023,-0.22,0.27,-0.06,0.2,-0.26,0.89,1.06,-0.27,1.35,0.24,1.11,-0.17,0.38,2.3,2.67,-0.18,0.26,0.12,0.58,1.72,0.83,1.18,34580,17266,17314
1626157,Karl-Anthony Towns,2023,2.81,1.17,-0.11,0.27,-0.37,0.94,-0.38,0.17,-1.08,-0.47,-0.61,0.04,3.37,-0.86,2.51,0.29,0.8,2.57,0.28,-1.14,0.83,-1.04,38146,19120,19026
204060,Joe Ingles,2023,1.11,-0.01,-0.17,-0.2,0.02,-0.43,0.96,-0.13,0.19,0.41,-0.22,0.62,1.14,1.33,2.47,0.19,-0.46,1.6,-0.13,1.46,-0.6,0.81,38532,19283,19249
1628392,Isaiah Hartenstein,2023,0.54,0.12,-0.77,-0.5,-0.27,1.08,1.01,0.2,0.38,0.81,-0.42,-0.38,1.39,1.06,2.46,0.6,1.15,0.24,-0.17,1.23,0.31,0.0,16455,8227,8228
1630529,Herbert Jones,2023,0.88,0.6,0.44,0.52,-0.09,0.15,-0.23,-0.18,1.49,1.37,0.13,0.1,1.03,1.43,2.46,-0.37,-0.49,1.52,0.14,1.29,0.59,1.59,18025,9011,9014
1629026,Kenrich Williams,2023,-0.6,-0.7,-0.32,-0.1,-0.22,1.02,0.42,-0.52,1.56,0.62,0.94,0.01,0.47,1.98,2.45,0.36,0.79,-0.32,0.2,1.78,0.7,1.57,23498,11712,11786
1630559,Austin Reaves,2023,1.69,0.9,0.12,0.25,-0.12,-0.23,1.79,0.46,-0.75,-0.7,-0.05,0.26,1.6,0.81,2.42,-0.46,0.43,1.17,-0.1,0.91,-0.11,-0.49,15844,7947,7897
1627734,Domantas Sabonis,2023,1.1,-0.32,-0.86,-0.47,-0.39,0.94,-0.34,0.48,0.0,0.03,-0.03,1.39,0.74,1.66,2.4,0.17,0.37,0.37,1.9,-0.24,0.08,1.39,45936,23010,22926
200768,Kyle Lowry,2023,1.33,0.7,0.25,-0.11,0.36,-0.63,0.09,-0.06,1.57,0.17,1.41,-0.27,1.04,1.36,2.39,0.05,-0.37,1.41,-0.04,1.4,-0.38,1.3,48120,24076,24044
1628969,Mikal Bridges,2023,1.49,0.5,0.54,0.01,0.52,-0.62,0.8,-0.12,1.05,0.98,0.09,-0.33,1.13,1.25,2.37,-0.56,-0.69,1.82,-0.36,1.61,-0.08,0.72,56659,28323,28336
1629627,Zion Williamson,2023,2.08,0.56,-0.69,-0.42,-0.27,1.1,-0.22,-0.01,0.34,0.06,0.28,0.07,2.27,0.09,2.36,-0.32,1.17,1.1,0.1,-0.01,0.41,0.41,14982,7504,7478
1629056,Terence Davis,2023,1.25,0.01,0.16,-0.02,0.2,0.12,0.4,-0.96,0.74,0.67,0.06,-0.19,1.84,0.5,2.33,-0.15,0.36,1.48,-0.39,0.89,0.28,0.55,15624,7802,7822
101141,Ersan Ilyasova,2023,0.57,-0.17,0.42,0.07,0.34,0.13,-0.36,0.06,0.58,0.0,0.58,0.66,1.26,1.06,2.31,0.31,0.42,0.84,1.34,-0.28,0.55,1.24,10888,5433,5455
203992,Bogdan Bogdanovic,2023,1.13,-0.28,0.75,0.41,0.35,-0.22,0.39,0.1,0.22,0.3,-0.08,0.03,1.72,0.57,2.29,-0.01,-0.39,2.11,0.03,0.54,0.53,0.25,37061,18543,18518
203939,Dwight Powell,2023,1.21,0.15,-0.67,-0.69,0.01,0.7,0.26,0.53,0.22,0.01,0.19,0.19,0.98,1.29,2.27,0.36,1.09,-0.11,0.15,1.14,0.03,0.41,28463,14210,14253
1630596,Evan Mobley,2023,-0.21,-0.06,0.02,0.24,-0.2,0.01,2.08,0.08,1.13,0.48,0.64,-0.27,-0.26,2.48,2.21,-0.55,0.19,-0.45,0.31,2.17,0.03,0.86,20409,10217,10192
201143,Al Horford,2023,1.21,-0.58,0.12,0.06,0.05,-1.12,1.43,0.91,-0.77,-0.27,-0.51,0.92,0.3,1.91,2.21,0.42,-0.75,1.05,0.73,1.18,-1.0,0.15,42765,21411,21354
203114,Khris Middleton,2023,2.07,0.47,0.95,0.56,0.39,-0.79,-0.02,0.05,-0.09,-0.01,-0.08,0.48,1.8,0.41,2.21,-0.39,-0.56,2.36,0.08,0.33,0.16,0.39,47891,24019,23872
203488,Mike Muscala,2023,0.88,0.2,0.15,0.11,0.04,-1.03,1.59,0.19,-0.34,-0.66,0.33,0.42,0.46,1.73,2.19,0.52,-0.59,1.05,0.41,1.32,-0.88,0.08,16893,8469,8424
1626167,Myles Turner,2023,0.49,-0.13,0.09,0.19,-0.1,-1.33,2.9,0.63,0.19,0.2,-0.0,-0.55,-0.97,3.17,2.19,0.4,-0.68,-0.29,-0.16,3.33,-1.24,-0.36,35240,17593,17647
204001,Kristaps Porzingis,2023,1.46,0.24,0.57,-0.12,0.7,-0.18,1.0,0.5,-1.97,-0.46,-1.53,1.03,1.69,0.5,2.19,0.28,-0.52,2.21,0.8,-0.3,0.39,-0.94,28523,14301,14222
1628386,Jarrett Allen,2023,0.34,-0.36,-1.35,-0.94,-0.41,1.6,2.55,0.75,-0.5,0.04,-0.55,-0.61,0.38,1.79,2.18,0.15,0.92,-0.54,-0.34,2.13,0.25,-1.11,41486,20751,20735
203078,Bradley Beal,2023,3.03,1.02,0.26,0.19,0.07,0.75,-1.31,-0.2,-0.09,-0.13,0.04,-0.58,3.52,-1.45,2.07,0.01,0.3,3.22,-0.56,-0.89,1.01,-0.67,43287,21672,21615
1629008,Michael Porter Jr.,2023,2.38,-0.38,0.79,-0.14,0.92,0.18,-0.98,-0.3,-0.22,0.09,-0.32,0.46,3.14,-1.11,2.03,-0.58,-0.17,3.31,-0.56,-0.55,0.97,0.24,25428,12774,12654
202722,Davis Bertans,2023,2.69,0.68,1.15,0.36,0.77,-0.94,-1.21,-0.46,0.15,-0.29,0.44,0.23,3.0,-0.99,2.01,-0.06,-0.37,3.37,-0.15,-0.84,0.21,0.38,26114,13086,13028
1628371,Jonathan Isaac,2023,-1.67,-0.14,0.19,0.01,0.17,1.04,1.76,0.27,0.6,0.37,0.23,0.29,-0.74,2.69,1.96,-0.25,0.4,-1.14,0.21,2.48,1.23,0.89,12881,6424,6457
1630540,Miles McBride,2023,-0.68,-0.05,0.61,0.42,0.19,0.16,0.47,-0.19,-0.01,-0.0,-0.01,0.61,0.99,0.94,1.93,0.77,0.94,0.05,0.7,0.24,0.77,0.6,4486,2226,2260
203496,Robert Covington,2023,-0.08,-0.4,0.1,0.16,-0.06,-0.56,0.76,0.09,1.32,0.6,0.74,0.33,-0.31,2.22,1.91,0.04,-0.16,-0.15,0.39,1.83,-0.46,1.65,36212,18116,18096
2736,Luol Deng,2023,0.47,-0.11,0.32,0.1,0.22,0.25,0.89,-0.1,0.03,0.19,-0.18,-0.02,1.13,0.77,1.9,-0.04,0.46,0.67,0.13,0.64,0.57,0.01,1583,790,793
1626159,Justise Winslow,2023,-1.23,-0.64,-0.25,-0.17,-0.07,0.23,2.5,-0.15,0.51,0.34,0.17,0.52,-1.69,3.57,1.88,-0.4,0.25,-1.94,0.68,2.89,-0.02,1.03,18027,8988,9039
200757,Thabo Sefolosha,2023,0.32,-0.23,0.02,-0.17,0.2,-0.28,0.46,-0.08,1.12,0.83,0.29,0.09,-0.03,1.85,1.82,0.09,-0.45,0.42,0.55,1.3,-0.26,1.21,4504,2245,2259
1626166,Cameron Payne,2023,0.24,-0.32,0.17,0.21,-0.02,-0.06,0.88,-0.38,0.84,-0.27,1.11,-0.43,0.44,1.35,1.79,0.15,-0.01,0.45,-0.75,2.1,0.11,0.41,19993,10019,9974
1629011,Mitchell Robinson,2023,-1.18,-1.0,-1.09,-0.39,-0.7,2.61,1.4,0.28,-0.47,0.17,-0.64,0.19,0.43,1.36,1.79,0.33,3.07,-2.64,-0.12,1.48,1.52,-0.28,29103,14518,14585
1631117,Walker Kessler,2023,0.26,-0.08,-1.09,-1.04,-0.05,1.37,2.86,0.65,-1.47,-0.63,-0.84,-0.14,0.47,1.31,1.77,-0.02,1.86,-1.39,0.02,1.29,0.28,-1.61,6928,3457,3471
1628449,Chris Boucher,2023,-1.17,0.59,0.17,0.1,0.07,1.91,0.96,-0.37,0.65,0.37,0.27,-0.86,1.16,0.6,1.76,0.1,1.97,-0.81,-0.4,1.0,2.08,-0.21,23230,11596,11634
202683,Enes Kanter,2023,-1.4,-0.17,-0.17,0.31,-0.49,3.63,0.12,0.59,-1.52,-0.8,-0.71,0.88,1.87,-0.13,1.74,0.2,3.5,-1.63,0.9,-1.03,3.46,-0.64,21505,10792,10713
1629723,John Konchar,2023,-1.5,-0.33,0.09,0.25,-0.16,1.67,0.34,-0.37,0.93,0.52,0.41,-0.14,0.57,1.17,1.73,0.34,1.96,-1.39,0.16,1.01,1.76,0.79,14962,7475,7487
203935,Marcus Smart,2023,0.92,0.45,0.31,0.04,0.26,-0.23,-0.49,-0.33,1.55,0.36,1.19,-0.36,0.89,0.78,1.68,-0.02,-0.3,1.19,-0.0,0.78,0.08,1.19,49826,24873,24953
1628374,Lauri Markkanen,2023,1.04,0.34,0.11,0.11,-0.0,0.25,0.63,0.13,-0.85,-0.11,-0.74,0.15,1.43,0.23,1.66,0.33,-0.46,1.89,0.09,0.14,0.36,-0.7,34833,17424,17409
203468,CJ McCollum,2023,1.01,-0.66,1.76,1.0,0.77,0.47,-0.36,0.13,-0.72,-0.41,-0.32,-0.38,2.9,-1.3,1.6,-0.18,0.46,2.44,-0.87,-0.43,2.23,-1.1,51343,25700,25643
1629057,Robert Williams III,2023,0.01,-0.43,-0.81,-1.06,0.25,1.17,1.7,0.35,-0.09,0.7,-0.8,-0.51,0.28,1.3,1.58,0.11,1.63,-1.35,-0.64,1.94,0.36,-0.6,21076,10536,10540
1629029,Luka Doncic,2023,3.84,0.38,-0.35,-0.85,0.5,-0.38,-0.96,-0.1,-0.65,-0.14,-0.51,-0.07,3.51,-1.94,1.57,0.14,-0.44,3.95,-0.27,-1.67,-0.73,-0.72,49601,24818,24783
200752,Rudy Gay,2023,-1.45,0.14,0.45,0.47,-0.02,-0.34,2.26,0.2,0.0,0.06,-0.06,0.76,-1.05,2.59,1.54,-0.14,-0.05,-1.0,0.52,2.07,0.11,0.76,26907,13483,13424
1629652,Luguentz Dort,2023,-1.29,0.31,1.25,1.26,-0.02,-0.01,1.43,0.29,0.65,-0.19,0.85,-0.65,0.04,1.5,1.53,0.15,-0.11,0.15,-0.77,2.27,1.24,0.0,27100,13541,13559
1626161,Willie Cauley-Stein,2023,-2.03,-0.65,0.64,-0.01,0.65,-0.88,2.21,0.22,1.24,0.63,0.61,0.02,-2.4,3.92,1.51,0.31,-0.15,-2.25,-0.11,4.03,-0.24,1.26,18389,9192,9197
1629630,Ja Morant,2023,1.26,0.59,0.02,-0.57,0.61,1.37,0.29,-0.0,-0.65,-0.2,-0.44,0.05,2.33,-0.89,1.44,-0.9,0.5,1.83,-1.29,0.4,1.39,-0.6,36443,18239,18204
1629111,Jock Landale,2023,-1.31,-0.13,-0.75,-0.52,-0.22,1.33,0.68,-0.19,0.08,-0.14,0.22,0.54,0.0,1.42,1.42,0.85,1.69,-1.69,0.14,1.28,0.58,0.62,6846,3428,3418
1629661,Cameron Johnson,2023,0.11,0.49,0.37,0.21,0.17,-0.43,0.45,0.28,0.06,-0.14,0.19,0.38,0.49,0.92,1.4,0.46,0.17,0.32,0.45,0.47,-0.06,0.44,26260,13141,13119
1629611,Terance Mann,2023,-0.05,-0.11,0.17,-0.11,0.29,0.79,1.4,0.02,-0.08,-0.13,0.05,-0.67,1.02,0.36,1.39,-0.17,0.42,0.6,-0.56,0.92,0.96,-0.75,25309,12602,12707
1628973,Jalen Brunson,2023,0.94,0.35,1.35,0.72,0.64,-0.09,-0.27,0.09,-0.13,-0.27,0.14,-0.27,2.14,-0.75,1.39,-0.14,-0.13,2.27,0.16,-0.91,1.26,-0.4,41049,20548,20501
1628989,Kevin Huerter,2023,0.55,-0.71,0.71,0.17,0.54,0.08,-0.38,-0.02,0.11,0.66,-0.53,0.32,1.34,0.02,1.36,-0.03,0.2,1.14,0.22,-0.2,0.79,0.43,45530,22795,22735
203944,Julius Randle,2023,0.7,0.76,-0.81,-0.14,-0.67,0.77,0.93,-0.0,-0.77,-0.58,-0.19,0.37,0.65,0.71,1.36,0.17,0.57,0.08,0.37,0.34,-0.04,-0.4,51170,25590,25580
201937,Ricky Rubio,2023,-0.84,0.17,0.1,-0.39,0.47,0.16,-0.22,-0.02,1.56,0.37,1.19,0.49,-0.65,1.97,1.32,0.07,-0.07,-0.58,0.68,1.29,0.26,2.05,30517,15261,15256
201567,Kevin Love,2023,0.74,0.28,-0.07,-0.76,0.69,0.13,-0.33,0.71,-1.32,-1.08,-0.24,1.62,0.82,0.5,1.32,0.55,0.23,0.59,1.25,-0.75,0.06,0.3,25229,12654,12575
1631132,Christian Koloko,2023,-1.94,0.01,0.27,0.24,0.02,0.78,0.98,-0.31,0.79,0.39,0.39,0.27,-0.66,1.98,1.32,0.17,0.88,-1.54,1.26,0.72,1.05,1.06,3243,1628,1615
1628378,Donovan Mitchell,2023,1.54,0.08,1.3,0.59,0.71,-0.36,-2.1,-0.42,0.32,0.5,-0.18,0.17,2.61,-1.3,1.31,0.44,-0.1,2.71,0.68,-1.98,0.94,0.49,50675,25367,25308
1626246,Boban Marjanovic,2023,-0.41,-0.22,-1.34,-1.05,-0.29,1.85,1.34,0.86,-1.89,-0.62,-1.27,1.52,-0.15,1.39,1.24,0.17,2.16,-2.31,1.13,0.26,0.51,-0.37,7970,3987,3983
202696,Nikola Vucevic,2023,1.01,-0.32,0.44,-0.21,0.65,-1.65,0.33,1.0,-1.09,-0.38,-0.71,1.9,-0.25,1.41,1.15,0.21,-1.13,0.88,1.79,-0.38,-1.21,0.81,50575,25336,25239
202689,Kemba Walker,2023,1.44,0.02,1.11,0.46,0.65,-0.28,-0.55,0.26,-0.29,-0.19,-0.1,-0.17,2.04,-0.91,1.13,-0.13,-0.18,2.22,-0.1,-0.81,0.83,-0.46,31087,15551,15536
1627749,Dejounte Murray,2023,-0.32,-0.26,1.4,0.95,0.45,-0.34,-0.83,0.26,0.25,0.29,-0.04,0.56,0.82,0.28,1.1,0.38,0.03,0.79,0.31,-0.03,1.06,0.81,37416,18687,18729
200782,P.J. Tucker,2023,0.0,-0.06,-0.31,-0.19,-0.12,0.03,0.2,0.05,1.17,0.53,0.64,-0.34,-0.23,1.31,1.09,0.34,-0.09,-0.14,0.01,1.3,-0.28,0.83,51321,25613,25708
201188,Marc Gasol,2023,0.91,-0.32,-1.05,-0.86,-0.2,-1.65,1.72,0.95,0.86,0.5,0.37,0.25,-1.92,3.0,1.09,0.05,-1.95,0.03,0.76,2.24,-2.7,1.11,22179,11121,11058
1629750,Javonte Green,2023,0.8,-0.19,-0.61,-0.25,-0.37,0.27,-0.22,-0.32,0.94,0.14,0.79,-0.12,0.64,0.45,1.09,0.03,0.1,0.54,-0.02,0.47,-0.34,0.82,12552,6246,6306
1628404,Josh Hart,2023,0.94,-0.05,-0.8,-0.02,-0.76,0.47,0.26,-0.36,-0.09,0.2,-0.29,0.51,0.4,0.7,1.09,-0.2,-0.03,0.43,0.84,-0.14,-0.33,0.42,38644,19312,19332
1628380,Zach Collins,2023,0.68,0.01,-0.91,-0.6,-0.31,0.28,1.83,0.02,-0.75,-0.28,-0.47,-0.33,0.4,0.67,1.07,0.27,0.5,-0.1,-0.8,1.47,-0.63,-1.08,15745,7857,7888
1626153,Delon Wright,2023,-0.82,0.11,0.44,0.62,-0.19,0.28,-0.09,0.15,1.09,0.88,0.2,-0.18,0.41,0.66,1.07,0.35,0.77,-0.36,-0.06,0.72,0.72,0.91,31505,15727,15778
1630688,Ish Wainright,2023,-1.48,-0.37,0.0,0.21,-0.21,1.18,0.66,-1.09,0.05,-0.22,0.25,0.6,0.33,0.74,1.06,0.05,1.29,-0.96,0.69,0.05,1.18,0.65,5360,2682,2678
1627763,Malcolm Brogdon,2023,0.11,0.28,0.51,0.47,0.04,0.01,0.76,0.14,-0.88,-0.43,-0.44,0.23,1.07,-0.08,0.99,0.25,0.14,0.93,0.23,-0.31,0.52,-0.65,36791,18409,18382
1631106,Tari Eason,2023,-2.16,0.34,-1.01,-0.64,-0.37,2.05,0.54,-0.1,0.41,0.14,0.27,0.56,-0.65,1.64,0.99,0.6,1.62,-2.27,1.04,0.6,1.04,0.97,7226,3599,3627
203482,Kelly Olynyk,2023,2.11,0.25,-0.86,-0.66,-0.2,0.19,-0.29,0.09,0.48,0.03,0.46,-0.21,1.22,-0.23,0.99,-0.43,0.19,1.03,-0.32,0.09,-0.67,0.27,32806,16453,16353
201568,Danilo Gallinari,2023,2.87,1.49,0.74,0.45,0.27,-1.2,-0.85,0.1,-0.89,-0.55,-0.34,0.3,2.1,-1.13,0.96,-0.01,-1.04,3.14,0.08,-1.21,-0.46,-0.59,31255,15671,15584
2738,Andre Iguodala,2023,-0.31,0.35,-0.35,-0.5,0.15,-0.74,1.58,0.06,0.93,0.48,0.44,-0.19,-0.77,1.73,0.96,0.04,-0.7,-0.07,0.11,1.62,-1.09,0.74,20592,10258,10334
201933,Blake Griffin,2023,-0.57,0.22,0.46,0.46,-0.0,-0.05,-0.59,0.1,0.22,-0.5,0.71,0.92,0.03,0.92,0.94,0.55,-0.03,0.06,1.13,-0.21,0.41,1.14,25005,12521,12484
2403,Nene,2023,-0.04,0.13,0.17,0.11,0.06,-0.23,0.28,-0.45,0.27,0.06,0.22,-0.04,0.37,0.48,0.85,0.44,0.04,0.33,-0.04,0.52,-0.06,0.23,2399,1201,1198
1628998,Cody Martin,2023,0.49,-0.13,0.07,-0.19,0.26,0.55,-1.6,0.02,1.68,0.62,1.06,-0.21,0.99,-0.18,0.81,-0.17,0.12,0.87,0.51,-0.69,0.62,1.47,15001,7468,7533
203486,Mason Plumlee,2023,-0.67,-0.84,-0.4,-0.72,0.32,0.81,0.69,0.32,-0.13,-0.24,0.11,0.25,-0.23,1.01,0.79,0.24,1.05,-1.28,-0.35,1.36,0.41,0.12,35203,17566,17637
202704,Reggie Jackson,2023,1.02,-0.1,0.35,0.15,0.2,-0.63,0.83,0.42,-0.24,-0.01,-0.23,-0.24,0.43,0.36,0.79,-0.3,-0.75,1.18,-0.69,1.05,-0.28,-0.48,37799,18885,18914
1627741,Buddy Hield,2023,1.52,-0.63,0.01,-0.09,0.09,-0.03,-0.51,0.01,0.48,0.36,0.13,-1.06,1.42,-0.66,0.77,0.36,0.29,1.13,-0.99,0.33,-0.02,-0.58,50204,25142,25062
1628420,Monte Morris,2023,0.56,-0.16,0.96,0.64,0.32,-0.63,0.31,0.22,-0.38,0.01,-0.38,-0.13,1.19,-0.45,0.75,0.06,-0.35,1.54,-0.62,0.17,0.33,-0.51,39072,19563,19509
202711,Bojan Bogdanovic,2023,2.58,0.66,-0.11,0.3,-0.41,-0.03,-0.02,0.24,-0.91,-0.11,-0.8,-0.62,2.08,-1.35,0.73,-0.16,-0.13,2.21,-1.37,0.02,-0.14,-1.53,46971,23492,23479
1628983,Shai Gilgeous-Alexander,2023,2.57,1.22,0.61,0.49,0.14,-0.99,-0.81,-0.05,-0.04,-0.2,0.17,-0.5,2.09,-1.35,0.73,-0.11,-1.0,3.09,-0.44,-0.91,-0.38,-0.54,44123,22066,22057
1628384,OG Anunoby,2023,-0.16,-0.41,-0.6,0.2,-0.8,-0.19,-0.42,-0.06,1.56,1.09,0.47,-0.02,-0.82,1.55,0.73,0.56,-0.52,-0.3,0.26,1.29,-0.79,1.54,38666,19322,19344
201587,Nicolas Batum,2023,0.67,0.44,-0.25,-0.2,-0.05,-0.75,0.72,0.26,0.33,0.58,-0.25,-0.47,0.14,0.59,0.73,0.48,-1.11,1.25,-0.59,1.18,-1.0,-0.14,34080,17045,17035
1626220,Royce O'Neale,2023,0.62,0.09,-0.52,-0.05,-0.47,-0.38,1.41,0.07,-0.53,-0.18,-0.37,0.23,-0.47,1.18,0.71,-0.12,-0.87,0.4,0.39,0.79,-0.9,-0.3,47703,23788,23915
1629001,De'Anthony Melton,2023,-0.62,-0.42,-0.11,-0.25,0.14,0.55,-0.43,-0.34,1.65,0.99,0.66,-0.25,-0.09,0.79,0.7,-0.09,0.67,-0.76,-0.03,0.82,0.44,1.4,30864,15426,15438
202339,Eric Bledsoe,2023,0.48,-0.15,0.35,0.42,-0.06,-0.73,0.05,0.36,0.8,0.93,-0.13,-0.29,0.25,0.43,0.68,0.02,-1.18,1.43,-0.58,1.01,-0.38,0.51,33238,16621,16617
203471,Dennis Schroder,2023,-0.56,0.68,0.32,0.04,0.29,-0.37,1.32,0.1,0.51,-0.23,0.74,-0.07,-0.65,1.33,0.68,-0.47,-0.68,0.03,-0.25,1.58,-0.05,0.44,45102,22548,22554
203925,Joe Harris,2023,1.49,-0.22,0.17,0.1,0.07,-0.77,0.07,0.18,-0.81,-0.52,-0.31,0.14,1.01,-0.36,0.65,0.36,-0.56,1.57,-0.12,-0.24,-0.6,-0.67,37856,19019,18837
1626149,Montrezl Harrell,2023,0.76,0.28,-0.92,-0.65,-0.27,0.3,1.3,0.31,-0.65,-0.51,-0.14,-0.1,0.23,0.42,0.65,-0.04,0.85,-0.62,0.12,0.3,-0.62,-0.75,33654,16826,16828
202334,Ed Davis,2023,-3.36,-0.59,-0.8,0.55,-1.35,0.94,2.63,-0.18,-0.23,-0.18,-0.06,0.72,-2.65,3.29,0.64,0.74,1.53,-4.18,1.41,1.88,0.14,0.49,9157,4562,4595
202329,Al-Farouq Aminu,2023,-1.96,0.37,-0.75,0.24,-1.0,0.99,1.93,0.34,-0.01,-0.01,-0.0,0.25,-1.76,2.38,0.61,0.16,1.12,-2.88,0.0,2.38,0.24,0.24,14192,7095,7097
1630322,Lindy Waters III,2023,0.27,-0.18,0.06,-0.07,0.14,-0.11,-0.04,-0.36,0.1,0.14,-0.05,0.23,0.58,0.03,0.61,0.1,0.26,0.32,-0.33,0.36,-0.05,0.33,4099,2061,2038
1628408,PJ Dozier,2023,-1.63,-0.55,-0.21,-0.25,0.04,0.5,0.21,-0.22,1.16,0.28,0.89,0.46,-0.81,1.41,0.6,0.11,0.39,-1.2,0.9,0.51,0.29,1.62,8361,4156,4205
1628379,Luke Kennard,2023,2.02,-0.08,0.62,0.39,0.25,-0.89,0.04,-0.22,-0.86,-0.52,-0.34,-0.39,1.82,-1.23,0.59,0.05,-0.72,2.54,-0.48,-0.75,-0.27,-1.25,28929,14506,14423
1627742,Brandon Ingram,2023,1.63,0.7,0.25,0.22,0.01,-0.16,0.21,-0.27,-0.62,-0.53,-0.09,-0.26,1.23,-0.64,0.59,-0.46,-0.48,1.71,-0.32,-0.32,0.09,-0.88,39259,19639,19620
1629067,Isaac Bonga,2023,-2.43,-0.34,-0.99,-0.77,-0.21,0.6,1.56,-0.23,2.06,0.67,1.4,0.01,-2.87,3.43,0.56,-0.25,0.5,-3.37,0.73,2.7,-0.39,2.07,7866,3910,3956
203109,Jae Crowder,2023,0.31,0.09,0.82,0.36,0.46,-1.02,0.34,-0.25,0.11,-0.03,0.14,-0.04,0.18,0.38,0.56,0.04,-0.7,0.88,-0.05,0.43,-0.2,0.07,40356,20151,20205
1628467,Maxi Kleber,2023,-1.16,-0.19,-0.15,0.05,-0.2,-0.19,1.58,-0.11,-0.38,-0.52,0.14,0.55,-1.06,1.6,0.54,0.29,-0.31,-0.75,-0.29,1.89,-0.34,0.17,31601,15803,15798
1629130,Duncan Robinson,2023,1.91,-0.46,-0.19,-0.11,-0.06,-1.19,-0.73,-0.24,0.3,0.04,0.27,0.17,0.82,-0.28,0.54,0.27,-0.67,1.49,0.23,-0.51,-1.38,0.47,34046,17057,16989
1628991,Jaren Jackson Jr.,2023,-0.86,0.19,0.07,0.59,-0.52,-0.3,1.93,-0.15,0.04,-0.08,0.11,-0.65,-1.26,1.79,0.53,0.3,0.1,-1.36,-0.24,2.03,-0.23,-0.61,33123,16578,16545
1630167,Obi Toppin,2023,-0.14,-0.16,0.42,-0.34,0.77,-0.11,-0.23,0.26,0.36,0.52,-0.17,0.22,0.06,0.46,0.52,0.0,-0.15,0.21,0.32,0.14,0.31,0.58,12594,6280,6314
1628381,John Collins,2023,0.31,-0.16,-0.9,-0.91,0.01,0.74,1.43,0.49,-0.8,-0.48,-0.32,0.14,-0.58,1.1,0.52,-0.4,0.89,-1.47,-0.06,1.16,-0.16,-0.66,39602,19799,19803
1628970,Miles Bridges,2023,2.0,-0.16,-0.54,-0.81,0.29,-0.11,0.3,0.29,-0.67,0.01,-0.69,-0.47,1.43,-0.91,0.52,0.01,0.04,1.39,-0.68,-0.23,-0.65,-1.14,33979,16975,17004
202357,Nemanja Bjelica,2023,0.57,-0.83,-0.22,-0.19,-0.04,0.02,-0.85,-0.13,0.19,-0.14,0.33,0.44,0.47,0.03,0.5,0.35,-0.05,0.52,0.71,-0.68,-0.2,0.63,22968,11499,11469
1628436,Luke Kornet,2023,-0.52,-0.75,0.26,-0.0,0.26,-1.15,1.78,0.69,-0.6,-0.55,-0.05,0.32,-1.24,1.74,0.5,0.41,-0.81,-0.43,-0.01,1.75,-0.89,-0.28,10784,5403,5381
1629162,Jordan McLaughlin,2023,-0.02,-0.15,0.01,-0.25,0.26,-0.84,-0.44,-0.51,1.09,0.15,0.94,0.32,-0.48,0.97,0.49,0.37,-1.41,0.93,-0.38,1.35,-0.83,1.41,13514,6744,6770
201152,Thaddeus Young,2023,-0.81,-0.87,-0.45,-0.97,0.52,0.75,-1.28,-0.0,2.08,0.91,1.17,-0.07,-0.47,0.95,0.48,0.26,1.28,-1.75,0.3,0.65,0.3,2.01,30346,15137,15209
1631099,Keegan Murray,2023,1.76,-0.27,0.69,0.14,0.54,-0.4,-1.71,-0.21,-0.1,0.39,-0.51,-0.05,1.92,-1.45,0.47,0.28,-0.18,2.1,-0.28,-1.17,0.29,-0.15,10513,5267,5246
1630573,Sam Hauser,2023,0.84,-0.38,-0.57,-0.06,-0.51,-0.09,0.42,0.11,-0.64,0.08,-0.71,0.19,0.52,-0.05,0.47,0.32,0.19,0.33,-0.19,0.14,-0.66,-0.45,6343,3184,3159
1629103,Kelan Martin,2023,-1.77,-0.34,-0.14,0.02,-0.16,0.24,1.7,-0.43,0.03,0.09,-0.06,-0.28,-1.04,1.5,0.46,0.68,0.77,-1.81,-0.26,1.76,0.1,-0.25,5131,2559,2572
1629680,Matisse Thybulle,2023,-1.47,-0.13,-0.16,-0.22,0.06,-0.16,0.01,-0.54,2.71,1.79,0.92,-0.55,-1.53,1.97,0.45,0.07,0.26,-1.79,0.34,1.63,-0.32,2.16,24043,11926,12117
1628988,Aaron Holiday,2023,-0.58,-0.14,0.77,0.46,0.31,-0.08,0.82,-0.09,0.47,-0.11,0.58,-0.62,0.18,0.25,0.43,-0.35,0.43,-0.25,-0.96,1.21,0.69,-0.15,21906,10964,10942
1627732,Ben Simmons,2023,0.26,-1.01,-1.12,-0.59,-0.54,0.21,0.16,-0.1,0.8,0.71,0.09,-0.18,-0.79,1.22,0.43,0.3,-0.41,-0.38,0.62,0.6,-0.91,0.62,35132,17559,17573
202692,Alec Burks,2023,-0.19,1.0,1.01,0.69,0.32,-0.32,-0.24,-0.45,-0.27,0.09,-0.36,0.36,0.66,-0.24,0.42,0.07,-0.23,0.89,0.49,-0.73,0.69,0.09,31922,15958,15964
1628464,Daniel Theis,2023,-1.35,-0.22,-0.46,-0.51,0.04,0.14,1.21,0.02,0.1,0.2,-0.1,0.39,-1.52,1.93,0.4,0.37,0.12,-1.64,0.55,1.38,-0.32,0.49,23743,11843,11900
1629605,Tacko Fall,2023,0.46,-0.36,-0.14,-0.02,-0.12,0.08,-0.04,-0.04,-0.13,-0.01,-0.11,0.05,0.59,-0.19,0.4,0.12,-0.1,0.69,-0.12,-0.07,-0.06,-0.08,920,457,463
1629651,Nicolas Claxton,2023,0.03,-0.57,-0.32,-0.54,0.21,-0.67,2.32,0.19,0.25,-0.01,0.28,-1.14,-0.88,1.27,0.39,-0.08,0.3,-1.18,-1.15,2.42,-0.99,-0.89,17504,8699,8805
1628021,David Nwaba,2023,-0.9,-0.17,0.05,0.02,0.02,0.59,0.55,0.14,1.0,0.17,0.85,-0.55,-0.26,0.65,0.39,-0.35,0.92,-1.18,0.07,0.58,0.64,0.45,10159,5075,5084
1626204,Larry Nance Jr.,2023,-0.6,-0.45,-0.8,-0.44,-0.36,0.15,-0.15,0.12,1.17,1.05,0.11,0.55,-1.02,1.41,0.39,0.07,0.59,-1.61,0.51,0.9,-0.65,1.72,27124,13549,13575
202703,Nikola Mirotic,2023,0.45,0.16,0.11,-0.11,0.21,0.02,0.12,0.16,-0.05,0.1,-0.15,-0.24,0.69,-0.29,0.39,-0.02,0.59,0.1,0.09,-0.38,0.13,-0.29,6372,3187,3185
1626185,Jarell Martin,2023,-0.2,-0.03,0.4,0.07,0.31,-0.38,0.21,-0.34,0.09,0.17,-0.09,0.31,-0.19,0.57,0.38,-0.05,-0.23,0.04,0.69,-0.12,0.02,0.4,1420,712,708
1628997,Caleb Martin,2023,0.03,-0.06,-0.3,0.0,-0.3,-0.14,0.48,0.13,1.26,0.85,0.42,-0.69,-0.17,0.54,0.37,-0.27,-0.29,0.12,-0.84,1.38,-0.44,0.57,21539,10727,10812
1628396,Tony Bradley,2023,-0.18,-0.85,-0.45,0.3,-0.75,1.09,0.68,0.05,-1.08,-0.23,-0.85,0.05,0.72,-0.35,0.37,0.26,1.46,-0.74,-0.58,0.23,0.64,-1.03,8258,4123,4135
203077,Michael Kidd-Gilchrist,2023,-2.04,0.17,0.06,0.24,-0.17,0.25,1.4,-0.16,0.48,-0.23,0.71,0.06,-1.36,1.7,0.34,0.13,0.72,-2.08,-0.25,1.95,0.31,0.54,5842,2889,2953
1630198,Isaiah Joe,2023,0.73,0.66,0.41,0.52,-0.1,0.1,-1.55,-0.55,1.71,0.18,1.54,-0.84,1.53,-1.19,0.34,-0.22,0.28,1.25,-0.31,-0.88,0.51,0.87,9833,4950,4883
201942,DeMar DeRozan,2023,1.38,1.16,1.81,1.07,0.73,-1.44,-0.92,-0.28,-0.36,0.17,-0.53,-0.11,1.92,-1.58,0.34,-0.02,-1.25,3.17,-0.53,-1.05,0.37,-0.47,52311,26161,26150
203493,Reggie Bullock,2023,0.61,0.12,0.86,0.44,0.42,-2.0,0.05,-0.3,-0.04,0.14,-0.17,0.72,-0.36,0.69,0.34,0.14,-1.44,1.08,0.49,0.2,-1.14,0.68,37655,18851,18804
1626178,Rondae Hollis-Jefferson,2023,-1.78,0.28,-0.26,0.14,-0.4,1.42,-0.29,-0.22,0.99,0.28,0.71,0.66,-0.53,0.88,0.34,-0.4,1.18,-1.71,-0.1,0.98,1.16,1.65,10619,5296,5323
1627790,Ante Zizic,2023,0.22,-0.44,0.01,0.04,-0.02,0.11,0.92,0.67,-0.75,-0.33,-0.42,0.23,0.18,0.16,0.34,-0.4,0.51,-0.33,0.07,0.09,0.12,-0.52,5087,2546,2541
201565,Derrick Rose,2023,0.01,0.06,0.12,0.11,0.01,-0.05,1.45,0.26,-0.03,-0.05,0.03,-0.66,-0.02,0.35,0.33,-0.51,-0.08,0.06,-1.3,1.65,0.07,-0.69,20444,10250,10194
203087,Jeremy Lamb,2023,-0.17,0.69,0.94,0.52,0.4,-0.03,-0.35,0.1,0.24,0.17,0.08,-0.15,0.74,-0.41,0.32,-0.16,0.65,0.09,-1.09,0.68,0.91,0.09,21043,10539,10504
1629027,Trae Young,2023,3.94,1.49,0.84,-0.57,1.41,-0.12,-2.91,-0.49,-0.37,-0.29,-0.08,-1.2,4.58,-4.28,0.3,0.12,-0.37,4.95,-0.85,-3.43,0.72,-1.57,53608,26857,26751
203894,Shabazz Napier,2023,0.31,0.43,-0.44,-0.51,0.07,-0.11,-0.73,-0.04,0.71,-0.04,0.75,0.52,-0.36,0.65,0.29,0.03,-0.3,-0.06,0.68,-0.03,-0.55,1.23,9790,4891,4899
203552,Seth Curry,2023,1.13,0.47,0.4,0.25,0.15,-0.9,-0.67,0.1,-0.09,-0.42,0.34,-0.34,0.93,-0.66,0.27,0.74,-0.43,1.36,-0.21,-0.45,-0.5,-0.43,36217,18203,18014
203487,Michael Carter-Williams,2023,-1.26,0.04,0.25,-0.16,0.41,0.63,-1.01,-0.27,1.42,0.58,0.84,0.37,-0.47,0.74,0.27,-0.13,0.11,-0.58,0.28,0.46,0.88,1.79,8508,4251,4257
201609,Goran Dragic,2023,0.66,0.16,-0.15,0.04,-0.2,0.05,-0.77,-0.38,0.5,0.27,0.22,-0.36,0.76,-0.49,0.27,0.34,0.05,0.71,-0.25,-0.24,-0.1,0.14,24807,12424,12383
1628978,Donte DiVincenzo,2023,0.02,-0.09,-0.34,-0.04,-0.3,0.23,-0.59,0.02,0.85,0.53,0.32,-0.07,0.15,0.1,0.25,0.15,0.07,0.08,-0.08,0.18,-0.11,0.78,30234,15127,15107
1631100,AJ Griffin,2023,-0.04,-0.22,0.1,-0.07,0.17,0.31,0.21,-0.01,-0.44,-0.13,-0.32,0.07,0.4,-0.16,0.24,0.03,-0.14,0.54,-0.56,0.4,0.41,-0.37,5772,2882,2890
201956,Omri Casspi,2023,0.24,0.02,-0.72,-0.41,-0.32,0.08,0.16,0.02,0.71,0.19,0.52,0.02,-0.58,0.83,0.24,-0.25,-0.21,-0.37,0.09,0.74,-0.64,0.73,2107,1060,1047
1626259,Malcolm Miller,2023,0.34,-0.12,-0.31,-0.27,-0.04,0.09,0.16,-0.26,-0.43,-0.04,-0.41,0.01,0.44,-0.21,0.23,0.37,0.02,0.42,-0.13,-0.08,-0.22,-0.42,1071,527,544
203998,Bruno Caboclo,2023,-1.23,0.31,0.19,0.19,-0.0,0.41,0.48,-0.25,0.44,-0.13,0.57,0.12,-0.56,0.78,0.22,-0.19,0.87,-1.43,-0.06,0.84,0.6,0.56,4298,2141,2157
202083,Wesley Matthews,2023,-1.08,0.12,0.52,0.0,0.52,-1.09,0.95,-0.12,0.3,-0.47,0.78,0.48,-1.22,1.44,0.22,0.14,0.01,-1.23,0.36,1.08,-0.57,0.78,31077,15471,15606
1629185,Chris Chiozza,2023,-2.09,-0.78,0.37,0.49,-0.11,-0.21,0.37,0.17,0.97,0.28,0.67,0.19,-1.75,1.94,0.2,0.6,-0.38,-1.37,0.83,1.11,0.16,1.16,4567,2282,2285
203952,Andrew Wiggins,2023,-0.43,-0.23,-0.11,-0.01,-0.09,0.03,1.13,-0.13,-0.43,-0.09,-0.33,0.03,-0.59,0.79,0.2,-0.02,0.3,-0.89,-0.55,1.34,-0.08,-0.4,47292,23632,23660
200746,LaMarcus Aldridge,2023,0.04,-0.03,0.56,0.55,0.01,-0.37,0.03,0.64,-1.88,-0.46,-1.42,1.31,-0.23,0.43,0.19,0.5,-0.22,-0.01,0.95,-0.52,0.19,-0.57,25625,12818,12807
1630209,Omer Yurtseven,2023,0.25,-0.31,-0.27,-0.4,0.12,0.75,-0.51,-0.09,-0.09,0.01,-0.1,0.04,0.84,-0.67,0.17,0.0,1.0,-0.16,-0.02,-0.65,0.48,-0.05,3345,1674,1671
203083,Andre Drummond,2023,-1.36,-1.14,-1.73,-0.6,-1.13,2.7,-0.77,-0.07,0.76,0.69,0.09,0.64,-0.63,0.78,0.15,-0.09,1.45,-2.08,0.7,0.08,0.97,1.4,33312,16650,16662
1631114,Jalen Williams,2023,-0.45,-0.04,0.67,0.37,0.3,-0.08,-0.87,-0.33,1.28,0.55,0.74,-0.47,0.08,0.06,0.14,0.06,-0.35,0.43,-0.25,0.31,0.59,0.81,9737,4859,4878
1627788,Furkan Korkmaz,2023,-0.66,-0.18,0.36,0.15,0.22,-0.23,0.26,-0.39,0.57,0.41,0.17,-0.27,-0.36,0.49,0.13,0.1,0.19,-0.55,0.05,0.44,0.13,0.3,21870,10940,10930
1630567,Scottie Barnes,2023,-1.27,-0.27,0.4,-0.24,0.64,0.96,-0.71,0.38,1.05,0.69,0.37,-0.16,-0.08,0.2,0.12,-0.15,1.29,-1.37,0.13,0.07,1.36,0.89,21466,10723,10743
1630168,Onyeka Okongwu,2023,-1.53,-0.26,-0.49,-0.26,-0.22,0.88,0.88,-0.16,0.37,0.61,-0.24,-0.17,-0.81,0.92,0.11,0.17,1.33,-2.14,-0.17,1.09,0.39,0.2,15543,7766,7777
203084,Harrison Barnes,2023,0.67,1.11,0.54,0.69,-0.15,-0.86,-0.21,0.43,-0.53,-0.22,-0.31,0.46,0.26,-0.15,0.11,0.04,-0.43,0.69,0.12,-0.27,-0.32,-0.07,51134,25576,25558
101150,Lou Williams,2023,1.01,1.26,1.32,0.34,0.98,-0.58,0.18,-0.03,-0.64,-0.11,-0.52,-1.15,1.74,-1.64,0.1,-0.04,-0.35,2.09,-1.63,-0.01,0.74,-1.79,28294,14241,14053
202685,Jonas Valanciunas,2023,-0.81,-0.39,-1.36,-0.61,-0.75,1.97,0.79,0.8,-2.35,-0.6,-1.74,1.66,-0.42,0.51,0.1,0.2,2.05,-2.47,1.52,-1.01,0.61,-0.69,37738,18881,18857
201569,Eric Gordon,2023,0.84,0.6,-0.01,0.01,-0.02,-0.86,0.52,0.19,-0.18,-0.32,0.14,-0.77,0.44,-0.36,0.08,0.54,-0.53,0.97,-0.44,0.08,-0.87,-0.95,35361,17698,17663
201162,Jared Dudley,2023,-0.38,-0.19,-0.31,0.22,-0.55,-0.03,-0.19,-0.07,1.0,0.23,0.78,-0.12,-0.54,0.63,0.08,0.11,-0.52,-0.02,-0.0,0.63,-0.34,0.88,7102,3554,3548
1630846,Olivier Sarr,2023,-0.76,-0.58,-0.27,-0.1,-0.17,0.36,0.23,0.06,0.17,0.15,0.01,0.19,-0.42,0.48,0.06,0.14,0.63,-1.05,0.18,0.3,0.09,0.36,2165,1077,1088
1628455,Mike James,2023,-0.82,-0.44,0.54,0.17,0.36,-0.27,0.43,-0.01,0.06,-0.09,0.15,0.04,-0.57,0.62,0.05,0.07,-0.44,-0.13,-0.14,0.76,0.27,0.1,1364,686,678
203484,Kentavious Caldwell-Pope,2023,-0.08,-0.02,0.57,0.0,0.57,-0.68,-0.69,-0.15,0.42,0.2,0.2,-0.27,0.2,-0.16,0.04,0.77,-0.24,0.44,-0.25,0.09,-0.11,0.15,48269,24124,24145
1629656,Quentin Grimes,2023,-0.56,-0.24,0.92,0.02,0.9,-0.2,-1.17,-0.0,0.0,-0.5,0.5,0.83,0.4,-0.39,0.01,0.19,-0.25,0.65,0.35,-0.74,0.72,0.83,12237,6089,6148
1629719,Devontae Cacok,2023,-0.28,-0.2,0.14,0.11,0.02,0.37,-0.38,-0.23,0.34,-0.01,0.36,-0.1,0.18,-0.17,0.01,-0.08,0.34,-0.16,-0.01,-0.16,0.51,0.24,950,482,468
1630264,Anthony Gill,2023,-0.25,0.38,-0.07,-0.22,0.15,0.56,-1.0,-0.67,0.61,-0.42,1.02,0.31,0.21,-0.21,-0.01,-0.17,0.39,-0.18,0.5,-0.71,0.49,0.92,5386,2678,2708
1630551,Justin Champagnie,2023,-0.08,-0.26,0.11,0.24,-0.12,0.62,-1.04,-0.3,0.03,-0.23,0.25,-0.14,1.15,-1.16,-0.01,0.49,1.05,0.1,-0.02,-1.14,0.73,-0.11,1277,638,639
201988,Patty Mills,2023,-0.13,0.59,0.81,0.26,0.55,-0.74,1.24,-0.12,-0.11,-0.28,0.15,-1.04,0.57,-0.59,-0.02,-0.05,-0.01,0.58,-0.75,0.16,0.07,-1.15,33642,16868,16774
101107,Marvin Williams,2023,-0.42,-0.0,0.79,0.51,0.27,-0.23,-0.42,0.08,-0.15,-0.11,-0.04,0.39,0.05,-0.08,-0.03,0.01,-0.79,0.84,0.35,-0.43,0.56,0.24,13693,6827,6866
1629690,Adam Mokoka,2023,-0.04,0.06,-0.36,-0.15,-0.21,0.32,-0.71,-0.3,0.7,0.06,0.64,-0.02,0.04,-0.09,-0.05,0.06,0.07,-0.03,0.09,-0.18,-0.04,0.68,670,332,338
1629023,P.J. Washington,2023,-0.06,-0.28,0.06,-0.21,0.29,-0.35,0.4,0.33,0.2,-0.19,0.39,-0.39,-0.15,0.1,-0.05,0.09,-0.81,0.66,-0.05,0.15,-0.29,-0.19,31913,15982,15931
1627884,Derrick Jones Jr.,2023,-1.16,0.17,0.14,-0.06,0.2,-0.03,1.19,-0.09,-0.13,-0.04,-0.09,-0.26,-0.63,0.59,-0.05,0.2,0.79,-1.42,-0.58,1.17,0.11,-0.39,23291,11569,11722
1628368,De'Aaron Fox,2023,1.54,0.51,1.0,0.44,0.55,-0.11,-1.59,-0.17,-0.5,-0.53,0.05,-0.16,2.42,-2.48,-0.06,-0.24,-0.39,2.81,0.08,-2.56,0.89,-0.66,45447,22766,22681
201973,Jonas Jerebko,2023,-1.66,-0.06,0.17,0.26,-0.09,1.09,-0.46,0.03,-0.32,-0.6,0.29,0.15,-0.0,-0.07,-0.07,0.96,1.06,-1.06,0.3,-0.37,1.26,-0.17,5289,2640,2649
1630534,Ochai Agbaji,2023,0.3,-0.05,0.07,0.06,0.01,0.64,0.57,-0.03,-1.61,-0.71,-0.92,0.27,0.89,-0.96,-0.07,-0.31,0.65,0.24,-0.43,-0.53,0.71,-1.34,5064,2536,2528
1630194,Paul Reed,2023,-1.4,-0.61,-0.94,-0.2,-0.75,1.9,-1.21,-0.35,1.14,0.51,0.64,-0.32,0.08,-0.15,-0.07,0.76,2.88,-2.8,0.72,-0.87,0.96,0.82,6050,3010,3040
1627759,Jaylen Brown,2023,0.24,-0.11,-0.51,0.01,-0.52,-0.06,0.95,0.07,-0.18,-0.52,0.34,-0.28,-0.68,0.6,-0.08,-0.24,-0.72,0.04,-0.59,1.19,-0.57,-0.46,52700,26352,26348
1629216,Gabe Vincent,2023,-0.57,-0.29,-0.11,-0.16,0.06,-0.43,0.61,-0.26,0.91,-0.19,1.11,-0.66,-0.63,0.54,-0.08,0.17,-0.25,-0.38,-0.61,1.15,-0.54,0.25,20360,10157,10203
1629632,Coby White,2023,0.39,-0.16,0.15,0.25,-0.1,0.28,-1.46,-0.88,0.24,-0.14,0.37,0.14,1.11,-1.21,-0.1,0.16,0.59,0.52,-0.08,-1.13,0.43,0.38,30012,14990,15022
202699,Tobias Harris,2023,-0.86,-0.12,0.75,0.25,0.5,0.07,0.45,0.22,-1.38,-0.81,-0.58,1.21,-0.48,0.38,-0.1,-0.34,0.23,-0.71,0.83,-0.45,0.82,-0.17,57337,28701,28636
1627780,Gary Payton II,2023,-0.38,0.06,-0.11,-0.0,-0.11,0.68,-0.22,-0.34,1.33,1.09,0.24,-0.97,0.22,-0.34,-0.12,-0.45,0.95,-0.73,-0.54,0.2,0.57,0.36,10094,5008,5086
1630223,Jalen Harris,2023,0.08,0.04,0.0,-0.04,0.04,-0.12,-0.54,-0.21,0.27,0.25,0.01,0.11,-0.06,-0.06,-0.12,0.08,0.06,-0.12,0.29,-0.35,-0.12,0.38,716,355,361
1630182,Josh Green,2023,-0.99,-0.15,-0.42,-0.21,-0.21,-0.29,-0.5,-0.52,1.73,0.34,1.39,-0.25,-1.22,1.08,-0.14,0.58,-0.1,-1.12,-0.51,1.59,-0.71,1.48,12405,6210,6195
1630162,Anthony Edwards,2023,0.81,-0.03,0.29,0.35,-0.06,-0.46,-0.92,-0.33,0.71,0.3,0.39,-0.77,0.72,-0.86,-0.14,0.2,-0.43,1.15,-0.46,-0.4,-0.17,-0.06,33388,16702,16686
1629013,Landry Shamet,2023,0.06,-0.0,0.14,0.17,-0.02,-0.54,0.3,-0.22,-0.06,-0.06,0.0,0.04,-0.23,0.07,-0.15,-0.09,-0.29,0.06,-0.3,0.37,-0.4,-0.02,31974,16008,15966
1627747,Caris LeVert,2023,0.04,0.13,0.76,0.4,0.37,0.17,-0.14,-0.36,0.06,-0.14,0.2,-1.02,0.92,-1.09,-0.16,-0.03,0.09,0.83,-0.8,-0.29,0.93,-0.96,33616,16810,16806
1629020,Jarred Vanderbilt,2023,-0.2,-0.06,-1.36,-0.86,-0.5,1.48,0.27,-0.03,0.33,0.71,-0.38,-0.63,-0.2,0.01,-0.19,-0.08,1.81,-2.01,-0.31,0.32,0.12,-0.3,22135,11038,11097
1630163,LaMelo Ball,2023,1.69,-0.12,0.14,-0.45,0.59,0.2,-2.7,-0.23,0.74,0.67,0.05,-0.26,1.75,-1.94,-0.2,-0.01,-0.75,2.5,0.16,-2.1,0.34,0.48,21644,10855,10789
1629006,Josh Okogie,2023,-1.59,0.28,-0.14,-0.04,-0.1,0.79,-0.16,0.07,1.46,0.47,0.99,-0.37,-1.16,0.95,-0.21,-0.2,0.18,-1.34,0.07,0.88,0.65,1.09,26988,13474,13514
203967,Dario Saric,2023,0.77,0.33,-0.51,-0.1,-0.41,0.39,-1.68,-0.0,-0.33,-0.94,0.61,1.05,0.57,-0.78,-0.21,0.1,0.05,0.52,1.09,-1.87,-0.12,0.72,22277,11149,11128
202324,Derrick Favors,2023,-2.06,-0.45,-1.44,-1.11,-0.32,1.62,1.26,0.64,-0.97,0.04,-1.02,1.31,-1.95,1.73,-0.22,0.06,1.59,-3.54,1.01,0.72,0.18,0.34,20047,10011,10036
1626145,Tyus Jones,2023,-0.46,-0.09,1.3,0.94,0.36,-0.79,-0.05,0.23,0.41,0.47,-0.06,-0.62,0.22,-0.45,-0.23,-0.02,-0.94,1.16,-0.96,0.51,0.51,-0.21,32446,16246,16200
1628373,Frank Ntilikina,2023,-1.31,-0.14,0.5,0.05,0.46,-1.14,0.62,-0.48,1.21,1.03,0.18,0.32,-1.81,1.57,-0.23,-0.43,-1.39,-0.42,-0.58,2.15,-0.64,1.53,15232,7586,7646
1630166,Deni Avdija,2023,0.13,0.22,-0.21,-0.12,-0.07,-0.7,0.29,-0.24,0.17,0.09,0.08,0.6,-0.9,0.67,-0.23,-0.51,-0.56,-0.34,0.05,0.62,-0.91,0.77,21516,10725,10791
1630296,Braxton Key,2023,-0.44,-0.23,0.22,-0.04,0.25,-0.02,-0.34,-0.33,0.56,0.11,0.44,-0.15,-0.25,0.02,-0.24,-0.07,-0.07,-0.18,0.23,-0.21,0.2,0.41,853,428,425
1630284,Kevon Harris,2023,-0.59,0.11,-0.45,-0.04,-0.42,0.5,-0.23,-0.47,0.75,0.5,0.25,-0.03,-0.25,-0.0,-0.25,-0.2,0.74,-0.99,-0.23,0.23,0.05,0.72,1849,925,924
202709,Cory Joseph,2023,-1.28,-0.11,0.47,0.75,-0.27,-0.28,0.02,-0.29,0.55,0.04,0.52,0.2,-0.69,0.41,-0.28,0.04,0.32,-1.01,0.59,-0.18,0.19,0.75,32711,16330,16381
1628993,Alize Johnson,2023,-1.67,-0.48,0.09,0.3,-0.22,1.24,-0.09,0.06,-0.05,-0.32,0.25,-0.18,-0.01,-0.28,-0.28,0.38,1.65,-1.66,0.09,-0.37,1.33,-0.23,2364,1171,1193
1630587,Isaiah Livers,2023,0.72,0.05,-0.05,0.22,-0.27,0.05,-0.21,-0.41,-0.55,-0.37,-0.18,-0.44,1.02,-1.3,-0.28,0.2,-0.16,1.18,0.43,-1.73,0.0,-0.99,6327,3161,3166
201960,DeMarre Carroll,2023,0.17,0.41,-0.5,-0.04,-0.46,0.43,0.07,0.19,-0.69,-0.56,-0.14,0.37,0.3,-0.59,-0.29,-0.14,0.16,0.14,0.31,-0.9,-0.07,-0.32,8681,4330,4351
202702,Kenneth Faried,2023,-0.89,-0.31,0.32,0.07,0.25,0.33,-0.8,0.29,0.58,0.66,-0.08,-0.14,0.02,-0.31,-0.29,0.31,0.6,-0.58,0.21,-0.52,0.65,0.44,3218,1608,1610
1630598,Aaron Wiggins,2023,-0.04,-0.17,0.22,-0.01,0.24,-0.14,-0.12,0.14,-0.29,-0.05,-0.25,0.06,-0.06,-0.23,-0.29,0.02,-0.68,0.62,-0.28,0.05,0.08,-0.23,10370,5147,5223
1629048,Goga Bitadze,2023,-1.09,-0.61,-0.49,-0.65,0.16,1.07,0.7,0.0,-0.1,-0.01,-0.1,-0.17,-0.53,0.23,-0.3,-0.22,1.04,-1.57,-0.02,0.25,0.58,-0.27,9037,4520,4517
1628518,Amile Jefferson,2023,-0.51,-0.36,0.46,0.37,0.07,0.08,-0.54,-0.21,-0.09,-0.13,0.03,0.17,0.12,-0.41,-0.3,0.13,0.13,-0.01,0.16,-0.57,0.54,0.08,577,290,287
203526,Raul Neto,2023,0.64,0.22,-0.15,-0.02,-0.12,-0.43,-0.82,-0.62,0.18,-0.05,0.23,0.53,-0.02,-0.29,-0.31,-0.26,-0.47,0.45,0.7,-0.99,-0.58,0.71,18637,9307,9330
203085,Austin Rivers,2023,1.04,0.21,0.56,0.74,-0.17,-1.34,-0.61,-0.69,0.17,-0.19,0.36,-0.86,0.95,-1.28,-0.33,0.71,-0.52,1.47,-0.24,-1.04,-0.78,-0.69,31751,15844,15907
203960,JaKarr Sampson,2023,-0.19,-0.24,0.01,0.2,-0.19,0.01,-0.33,-0.48,0.05,-0.11,0.15,0.18,-0.45,0.12,-0.33,-0.06,0.22,-0.67,0.07,0.05,0.02,0.23,3871,1934,1937
203903,Jordan Clarkson,2023,0.86,0.13,0.25,0.57,-0.32,0.94,-1.36,-0.11,-0.93,-0.44,-0.48,-0.34,2.21,-2.54,-0.33,0.25,1.27,0.94,-0.11,-2.43,1.19,-1.27,41898,20964,20934
1631172,Ousmane Dieng,2023,-1.31,-0.34,0.52,0.14,0.37,0.27,-0.05,0.05,0.62,0.23,0.39,-0.31,-0.43,0.1,-0.33,-0.07,1.17,-1.6,-0.16,0.26,0.79,0.31,2353,1178,1175
1628388,TJ Leaf,2023,-1.73,-0.54,-0.45,-0.0,-0.45,0.28,1.46,-0.14,-0.39,-0.06,-0.34,0.37,-1.65,1.3,-0.34,0.12,0.58,-2.23,0.4,0.9,-0.17,-0.02,3263,1638,1625
1629151,Ryan Broekhoff,2023,0.06,-0.41,0.35,-0.01,0.36,-0.35,0.27,-0.13,-0.84,-0.76,-0.09,0.23,0.28,-0.63,-0.35,-0.07,-0.08,0.36,0.08,-0.71,0.0,-0.61,2560,1285,1275
1628539,Mychal Mulder,2023,0.57,-0.01,1.02,0.65,0.37,-0.99,-0.5,-0.06,-0.18,-0.27,0.08,-0.29,0.88,-1.22,-0.35,0.02,-0.89,1.77,-0.87,-0.35,0.03,-0.47,5025,2520,2505
204038,Langston Galloway,2023,-0.68,0.56,0.61,0.52,0.09,-0.07,-0.48,-0.14,-0.23,-0.3,0.06,0.09,0.45,-0.82,-0.36,0.4,0.62,-0.17,-0.16,-0.66,0.54,-0.14,16361,8185,8176
201149,Joakim Noah,2023,-1.54,0.1,-0.19,0.31,-0.51,0.38,0.95,-0.31,0.17,-0.09,0.25,0.34,-1.62,1.26,-0.36,-0.47,0.05,-1.67,0.39,0.87,0.19,0.51,2878,1434,1444
203118,Mike Scott,2023,-1.4,-0.6,-0.11,-0.29,0.17,0.55,0.87,-0.49,-0.77,-0.29,-0.48,0.52,-0.79,0.42,-0.37,-0.03,0.13,-0.92,0.36,0.06,0.44,-0.25,15234,7608,7626
203506,Victor Oladipo,2023,-1.24,0.03,0.65,0.17,0.47,-0.79,-0.15,-0.32,1.61,0.94,0.67,-0.17,-1.38,1.0,-0.38,-0.29,-0.82,-0.56,0.64,0.36,-0.14,1.44,18245,9120,9125
1627820,Tyrone Wallace,2023,-1.0,-0.07,-0.31,-0.24,-0.07,0.28,0.09,-0.56,0.71,0.23,0.48,-0.06,-0.77,0.39,-0.38,-0.09,0.71,-1.48,-0.56,0.95,-0.03,0.65,3690,1843,1847
201959,Taj Gibson,2023,-2.81,-0.93,0.3,0.4,-0.11,1.08,0.16,0.19,0.58,-0.05,0.62,-0.07,-1.28,0.87,-0.4,0.36,1.29,-2.57,-0.05,0.92,1.38,0.51,20508,10229,10279
1629117,Wenyen Gabriel,2023,-1.36,-0.24,-0.19,-0.05,-0.14,1.37,-0.52,-0.15,-0.43,-0.8,0.37,0.17,0.36,-0.78,-0.42,0.54,1.54,-1.18,-0.03,-0.75,1.18,-0.26,8023,3992,4031
203897,Zach LaVine,2023,2.43,0.76,0.21,0.32,-0.12,-1.15,-0.98,0.09,-0.55,-0.06,-0.48,-0.33,1.48,-1.9,-0.42,-0.05,-1.0,2.48,-0.01,-1.89,-0.94,-0.88,46958,23491,23467
203107,Tomas Satoransky,2023,-0.89,-0.32,-0.56,-0.47,-0.09,0.49,-0.71,0.11,1.26,0.41,0.86,0.0,-1.02,0.6,-0.42,-0.01,-0.12,-0.9,0.12,0.48,-0.07,1.26,25110,12554,12556
1629052,Oshae Brissett,2023,0.26,0.29,-0.59,-0.15,-0.45,1.72,-1.95,-0.03,0.32,0.36,-0.04,-0.46,1.38,-1.82,-0.44,0.26,1.03,0.35,-0.12,-1.7,1.13,-0.14,13476,6711,6765
1627863,Danuel House Jr.,2023,0.25,0.35,0.11,0.04,0.07,-0.89,-0.18,0.1,0.11,0.34,-0.23,-0.26,-0.08,-0.36,-0.44,0.42,-0.85,0.77,-0.07,-0.29,-0.78,-0.15,24012,11981,12031
202954,Brad Wanamaker,2023,-1.31,0.26,0.02,0.36,-0.34,-0.11,0.94,-0.34,0.18,-0.04,0.22,-0.11,-1.39,0.95,-0.44,-0.05,-0.27,-1.12,-0.51,1.46,-0.09,0.07,13577,6767,6810
1629671,Miye Oni,2023,-0.49,-0.43,-0.37,-0.16,-0.21,0.1,0.21,-0.13,-0.5,-0.2,-0.31,0.16,-0.23,-0.21,-0.45,0.44,-0.04,-0.19,-0.24,0.03,-0.27,-0.34,2892,1437,1455
1626154,RJ Hunter,2023,-0.26,-0.12,0.11,0.11,-0.01,0.06,-0.12,-0.08,-0.1,-0.04,-0.08,-0.06,-0.12,-0.34,-0.46,-0.09,0.11,-0.23,-0.05,-0.29,0.17,-0.16,103,52,51
1628961,Kostas Antetokounmpo,2023,-0.43,-0.1,-0.31,0.06,-0.37,0.28,-0.1,-0.04,0.33,-0.01,0.33,-0.02,-0.55,0.08,-0.47,-0.22,0.04,-0.59,-0.24,0.32,-0.03,0.31,377,191,186
1630191,Isaiah Stewart,2023,-2.34,-0.49,-0.81,0.25,-1.06,1.27,1.67,0.29,-0.42,-0.46,0.04,0.29,-1.99,1.49,-0.5,-0.16,1.1,-3.09,0.49,1.0,0.46,-0.13,18934,9462,9472
1630647,Eugene Omoruyi,2023,-0.06,0.08,-0.41,-0.04,-0.37,0.47,-0.71,-0.48,0.75,0.23,0.51,-0.33,0.03,-0.52,-0.5,-0.21,1.01,-0.98,-0.39,-0.13,0.06,0.42,2656,1332,1324
1629608,Dewan Hernandez,2023,-0.0,-0.09,-0.16,-0.1,-0.06,0.05,-0.53,-0.21,-0.06,-0.14,0.06,0.06,-0.01,-0.5,-0.51,0.13,0.14,-0.15,-0.01,-0.49,-0.11,0.0,121,59,62
201936,Tyreke Evans,2023,-1.54,-0.15,-0.2,-0.24,0.04,0.08,0.52,-0.05,0.57,-0.23,0.8,0.22,-1.5,0.99,-0.51,-0.16,-0.01,-1.49,0.06,0.93,-0.12,0.79,5894,2934,2960
1628971,Bruce Brown,2023,-0.68,-0.21,-0.59,-0.3,-0.3,0.88,0.67,0.17,0.2,0.36,-0.15,-0.89,-0.45,-0.07,-0.52,-0.11,0.34,-0.79,-0.65,0.58,0.29,-0.69,38284,19026,19258
1628366,Lonzo Ball,2023,-1.09,-0.73,-0.29,-0.32,0.04,-0.23,0.64,0.54,0.39,0.6,-0.2,-0.39,-1.52,0.98,-0.54,0.43,-0.14,-1.38,-0.31,1.29,-0.52,0.0,26430,13246,13184
203092,Tyler Zeller,2023,-0.62,-0.1,0.17,0.15,0.01,0.23,-0.37,-0.18,-0.19,-0.09,-0.09,0.15,-0.2,-0.34,-0.54,0.09,0.42,-0.62,0.04,-0.38,0.4,-0.04,389,197,192
1628515,Isaiah Briscoe,2023,-0.95,-0.16,0.16,-0.11,0.27,-0.48,1.37,-0.03,-0.57,-0.33,-0.24,0.09,-1.42,0.88,-0.54,-0.16,-0.61,-0.81,0.21,0.67,-0.32,-0.48,2242,1119,1123
1631197,Jared Rhoden,2023,-0.11,-0.03,-0.14,-0.19,0.04,0.14,-0.11,-0.15,-0.34,-0.17,-0.18,-0.01,-0.06,-0.49,-0.55,0.02,0.08,-0.14,0.24,-0.73,0.0,-0.35,787,396,391
1627814,Damion Lee,2023,-0.44,0.23,0.17,0.41,-0.24,-0.74,-0.63,-0.28,0.22,-0.13,0.34,0.82,-0.75,0.19,-0.56,0.04,-0.37,-0.38,0.39,-0.2,-0.57,1.04,23945,11982,11963
203112,Quincy Acy,2023,-0.72,-0.14,-0.01,0.22,-0.25,-0.08,0.11,-0.32,0.25,-0.13,0.38,0.08,-1.0,0.44,-0.56,-0.19,-0.02,-0.98,-0.1,0.54,-0.09,0.33,527,262,265
201571,D.J. Augustin,2023,0.51,0.69,-0.21,-0.0,-0.21,-0.03,-0.37,-0.16,-0.14,-0.14,-0.01,-0.42,0.29,-0.85,-0.56,0.1,-0.18,0.47,0.02,-0.87,-0.24,-0.56,23934,12009,11925
2733,Shaun Livingston,2023,-0.79,-0.36,0.04,-0.24,0.27,0.23,0.41,-0.17,-0.18,-0.0,-0.17,-0.27,-0.63,0.07,-0.56,0.0,0.36,-0.99,-0.0,0.07,0.27,-0.45,4922,2445,2477
1630600,Isaiah Mobley,2023,-0.4,-0.18,-0.15,-0.09,-0.07,-0.06,0.07,-0.09,0.14,0.2,-0.06,-0.05,-0.7,0.12,-0.57,-0.12,-0.07,-0.63,0.15,-0.03,-0.21,0.09,324,164,160
1630188,Jalen Smith,2023,-1.76,0.03,-0.37,-0.7,0.32,1.39,0.63,-0.04,-1.19,-0.89,-0.31,0.42,-0.59,0.01,-0.58,0.3,1.43,-2.02,0.43,-0.42,1.02,-0.77,9797,4903,4894
1641645,Xavier Cooks,2023,-0.16,-0.08,-0.04,0.09,-0.14,0.07,-0.47,-0.08,0.06,0.01,0.05,-0.01,-0.09,-0.51,-0.6,-0.05,0.37,-0.46,0.05,-0.56,0.03,0.05,553,278,275
1629203,Jemerrio Jones,2023,-0.65,-0.31,-0.57,-0.41,-0.16,0.49,0.37,-0.05,-0.55,-0.23,-0.32,0.13,-0.55,-0.06,-0.6,0.18,0.19,-0.74,-0.29,0.23,-0.08,-0.42,641,320,321
1630183,Jaden McDaniels,2023,-0.43,-0.32,-0.55,-0.29,-0.25,-0.04,0.29,-0.33,0.51,0.41,0.1,-0.32,-1.02,0.4,-0.62,-0.08,-0.19,-0.83,0.14,0.26,-0.59,0.19,24377,12181,12196
1629726,Garrison Mathews,2023,0.56,0.59,-0.14,-0.05,-0.09,-0.58,-0.98,-0.49,1.3,-0.01,1.31,-0.94,0.09,-0.71,-0.62,0.16,0.11,-0.02,-1.02,0.31,-0.72,0.36,15350,7667,7683
1629744,Matt Thomas,2023,-0.89,-0.11,-0.14,-0.06,-0.07,-0.18,0.71,-0.3,-0.64,-0.46,-0.19,0.2,-0.94,0.31,-0.63,0.31,-0.84,-0.1,0.91,-0.6,-0.32,-0.44,5386,2702,2684
1628578,Amida Brimah,2023,-0.04,-0.04,-0.21,-0.14,-0.09,0.01,-0.33,-0.1,0.04,0.09,-0.05,-0.0,-0.3,-0.33,-0.63,-0.1,-0.04,-0.26,-0.1,-0.23,-0.2,0.04,130,64,66
203121,Darius Miller,2023,0.18,0.28,0.35,0.45,-0.1,-0.95,0.95,-0.18,-0.52,-0.61,0.09,-0.5,-0.2,-0.43,-0.63,-0.14,-0.74,0.54,-0.47,0.04,-0.6,-1.02,8078,4037,4041
1629653,Devon Dotson,2023,-0.57,-0.07,-0.24,-0.16,-0.07,0.33,-0.71,-0.26,0.55,-0.14,0.69,0.05,-0.54,-0.09,-0.63,-0.04,-0.25,-0.29,0.27,-0.36,0.09,0.6,745,371,374
1630250,Marko Simonovic,2023,-0.64,-0.13,0.07,0.12,-0.05,0.1,-0.42,-0.09,0.27,-0.05,0.32,-0.01,-0.39,-0.23,-0.63,0.0,-0.06,-0.33,-0.27,0.04,0.17,0.26,225,110,115
203501,Tim Hardaway Jr.,2023,0.03,-0.03,1.58,1.11,0.47,-1.25,-0.5,0.09,-0.47,-0.62,0.15,-0.07,0.57,-1.21,-0.65,0.03,-0.54,1.11,-0.2,-1.01,0.33,-0.54,39949,20002,19947
1627746,Skal Labissiere,2023,-0.09,-0.26,-0.09,0.11,-0.2,-0.07,0.46,-0.15,-0.8,-0.71,-0.09,-0.07,-0.18,-0.46,-0.65,0.01,0.28,-0.46,-0.04,-0.42,-0.16,-0.87,3172,1581,1591
101109,Raymond Felton,2023,-2.44,-0.44,0.11,0.1,0.0,0.13,0.87,-0.14,0.57,0.05,0.52,-0.1,-1.91,1.27,-0.65,0.21,0.49,-2.4,-0.65,1.92,0.24,0.47,1770,884,886
201954,Darren Collison,2023,-0.34,0.06,-0.16,-0.05,-0.11,-0.23,-0.4,-0.1,0.89,0.23,0.66,-0.58,-0.52,-0.13,-0.65,0.17,-0.75,0.23,-0.38,0.25,-0.39,0.31,9165,4593,4572
203518,Alex Abrines,2023,-2.06,-0.3,-0.27,0.1,-0.39,0.09,0.94,-0.28,0.58,0.08,0.51,-0.1,-1.93,1.26,-0.67,0.15,0.06,-1.99,-0.16,1.42,-0.18,0.48,2459,1229,1230
1630218,Robert Woodard II,2023,-0.62,-0.15,0.04,-0.02,0.05,0.27,-0.54,-0.07,0.01,-0.15,0.17,0.09,-0.21,-0.46,-0.67,0.08,0.55,-0.76,-0.03,-0.43,0.31,0.1,362,182,180
1631199,Ron Harper Jr.,2023,-0.53,-0.16,0.05,0.05,0.0,0.15,-0.58,-0.09,0.04,0.0,0.03,0.08,-0.23,-0.45,-0.68,0.11,0.17,-0.4,0.06,-0.51,0.2,0.12,182,92,90
2225,Tony Parker,2023,-0.97,-0.01,0.46,0.46,-0.01,-0.39,-0.01,-0.3,-0.15,0.08,-0.23,0.06,-0.82,0.14,-0.68,0.32,0.03,-0.85,-0.45,0.59,0.07,-0.09,3982,2001,1981
1628462,Milos Teodosic,2023,0.52,-0.03,-0.06,-0.1,0.04,-0.11,-1.07,-0.21,-0.19,0.05,-0.24,0.12,0.32,-1.0,-0.68,0.11,-0.41,0.73,0.21,-1.21,-0.17,-0.07,638,317,321
1628221,Gabe York,2023,0.19,-0.03,0.11,-0.01,0.12,-0.23,-0.79,-0.13,0.18,0.18,0.0,0.02,-0.0,-0.69,-0.7,-0.18,-0.24,0.24,-0.15,-0.54,-0.12,0.2,320,159,161
1626171,Bobby Portis,2023,-0.79,-0.69,-0.16,0.3,-0.46,1.18,-0.77,0.07,-0.77,-0.2,-0.58,0.27,0.37,-1.07,-0.7,0.34,0.67,-0.3,-0.14,-0.93,1.02,-0.5,35512,17757,17755
1629755,Hassani Gravett,2023,-0.24,-0.11,0.11,0.11,-0.0,-0.14,-0.37,-0.32,0.24,0.13,0.11,-0.25,-0.3,-0.4,-0.7,-0.05,-0.19,-0.11,-0.09,-0.31,-0.03,-0.01,614,307,307
1629681,Killian Tillie,2023,-1.17,-0.4,-0.26,-0.09,-0.17,0.28,0.35,-0.41,-0.0,0.0,-0.01,-0.15,-0.91,0.21,-0.7,0.25,0.38,-1.29,0.83,-0.62,0.02,-0.15,2587,1299,1288
1630199,Cassius Stanley,2023,-1.49,0.43,-0.15,-0.09,-0.07,0.24,0.44,-0.36,0.24,0.17,0.08,-0.17,-1.01,0.31,-0.71,0.18,-0.04,-0.97,-0.11,0.42,0.09,0.07,1003,501,502
1628985,Devon Hall,2023,-0.52,-0.21,-0.1,-0.06,-0.05,0.02,-0.52,-0.06,0.19,0.11,0.08,0.17,-0.57,-0.14,-0.71,0.05,0.02,-0.59,0.36,-0.5,-0.08,0.36,356,176,180
1630644,Mac McClung,2023,-0.03,-0.04,-0.21,0.05,-0.27,-0.09,-0.48,-0.34,0.01,0.01,-0.01,0.17,-0.44,-0.28,-0.72,-0.09,-0.24,-0.2,0.4,-0.68,-0.3,0.18,285,142,143
1631115,Orlando Robinson,2023,-1.05,-0.03,-0.57,-0.32,-0.26,0.82,-1.31,-0.1,0.61,0.2,0.41,0.33,-0.61,-0.11,-0.72,0.45,1.19,-1.8,0.25,-0.36,0.25,0.94,1657,822,835
1630585,Marcus Garrett,2023,-0.12,-0.03,0.09,0.12,-0.04,0.11,-0.62,-0.09,-0.0,0.01,-0.01,-0.09,0.11,-0.84,-0.73,-0.1,0.01,0.1,-0.13,-0.71,0.2,-0.09,476,235,241
203457,Nerlens Noel,2023,-1.47,-0.42,-0.9,-0.69,-0.21,-0.21,1.1,0.07,1.35,-0.11,1.46,-1.24,-2.27,1.53,-0.73,0.64,-0.03,-2.24,-0.18,1.71,-1.11,0.11,18813,9380,9433
203933,T.J. Warren,2023,-0.79,-0.07,0.62,0.51,0.11,-0.33,-0.39,-0.49,0.24,0.08,0.17,-0.06,-0.81,0.07,-0.74,-0.03,-0.21,-0.6,0.55,-0.48,0.29,0.18,18654,9331,9323
1631169,Josh Minott,2023,-0.08,-0.13,-0.01,0.2,-0.21,-0.1,-0.51,-0.07,-0.09,-0.08,-0.03,0.08,-0.26,-0.48,-0.74,-0.03,0.07,-0.33,0.33,-0.81,-0.11,-0.01,446,224,222
1629603,Mamadi Diakite,2023,-1.59,-0.46,-0.56,-0.21,-0.35,0.11,0.7,-0.1,0.81,0.46,0.36,-0.09,-2.16,1.4,-0.75,-0.13,-0.42,-1.74,0.17,1.23,-0.45,0.72,2142,1069,1073
1628537,Jaylen Morris,2023,-0.61,-0.2,-0.02,0.02,-0.06,0.15,-0.46,-0.12,0.04,0.11,-0.09,0.15,-0.45,-0.3,-0.75,-0.0,0.29,-0.74,0.22,-0.52,0.13,0.19,195,99,96
1630539,Kai Jones,2023,-0.34,0.22,-0.47,0.14,-0.61,0.28,0.29,-0.24,-0.06,-0.11,0.05,-0.16,-0.69,-0.07,-0.75,-0.29,-0.04,-0.65,-0.9,0.83,-0.19,-0.22,2494,1244,1250
1626156,D'Angelo Russell,2023,1.13,-0.26,-0.15,-0.8,0.66,-0.25,-0.68,0.33,0.52,0.52,-0.01,-1.27,0.4,-1.17,-0.76,-0.06,-0.34,0.74,-1.35,0.18,-0.4,-0.75,42837,21477,21360
1631288,Jamal Cain,2023,-0.33,0.12,-0.75,-0.55,-0.21,0.25,0.11,-0.06,0.03,-0.22,0.24,0.18,-0.81,0.05,-0.77,-0.26,0.81,-1.62,0.04,0.01,-0.5,0.21,980,487,493
1627760,Cat Barber,2023,-0.14,-0.07,-0.15,-0.05,-0.11,0.03,-0.7,-0.14,0.09,0.0,0.09,0.04,-0.26,-0.54,-0.8,0.03,0.12,-0.38,0.09,-0.63,-0.12,0.13,55,28,27
1626210,Alan Williams,2023,-0.45,-0.13,0.04,-0.02,0.05,0.13,-0.28,-0.16,-0.19,-0.15,-0.04,0.02,-0.34,-0.46,-0.8,-0.07,0.2,-0.54,-0.01,-0.45,0.17,-0.17,112,57,55
1629667,Jalen McDaniels,2023,-0.68,-0.09,0.17,0.49,-0.3,0.49,-0.55,-0.14,0.38,0.18,0.19,-0.48,-0.04,-0.77,-0.82,-0.15,1.41,-1.45,-0.67,-0.1,0.66,-0.1,16594,8273,8321
1630595,Cade Cunningham,2023,-0.12,0.13,-0.14,-0.06,-0.07,0.31,-0.19,-0.24,-0.14,0.04,-0.19,-0.41,-0.53,-0.3,-0.83,-0.14,-0.55,0.02,0.03,-0.33,0.17,-0.55,10281,5145,5136
1629140,Johnathan Williams,2023,-1.87,-0.54,-0.26,-0.05,-0.22,1.04,0.0,-0.33,-0.18,0.01,-0.2,0.03,-0.64,-0.2,-0.84,0.4,1.12,-1.76,-0.2,-0.0,0.78,-0.15,2236,1114,1122
1626163,Frank Kaminsky,2023,-0.51,-0.24,0.91,0.34,0.57,-1.5,-0.93,0.28,0.15,0.13,0.03,0.68,-1.14,0.29,-0.84,0.36,-0.35,-0.79,1.24,-0.95,-0.59,0.83,11051,5558,5493
201975,Jodie Meeks,2023,-0.08,-0.2,0.11,-0.1,0.2,-0.24,-0.33,-0.1,-0.44,0.01,-0.46,-0.06,-0.05,-0.81,-0.85,0.19,-0.23,0.18,0.37,-1.18,-0.13,-0.5,662,331,331
203953,Jabari Parker,2023,0.31,-0.19,-0.75,-0.32,-0.44,-0.18,-0.37,0.24,0.77,0.33,0.44,-0.8,-0.44,-0.42,-0.85,0.17,0.24,-0.68,-0.33,-0.09,-0.93,-0.03,12031,6014,6017
1626158,Richaun Holmes,2023,-1.08,-0.36,-0.77,-0.76,-0.01,0.13,1.42,0.26,-0.25,-0.04,-0.22,-0.79,-1.62,0.78,-0.85,0.49,0.46,-2.08,-0.3,1.08,-0.64,-1.04,22592,11309,11283
1629015,Zhaire Smith,2023,-0.06,-0.27,0.04,-0.07,0.11,0.17,-1.01,-0.04,-0.15,0.08,-0.23,0.13,0.15,-1.02,-0.86,0.02,0.3,-0.15,0.02,-1.04,0.21,-0.02,617,307,310
1630202,Payton Pritchard,2023,-0.33,-0.33,-0.49,0.1,-0.59,0.52,-0.56,-0.46,-0.61,-0.42,-0.19,-0.02,0.34,-1.21,-0.87,0.62,0.66,-0.32,-0.18,-1.03,0.03,-0.63,13111,6555,6556
1630643,Jay Huff,2023,-0.24,0.03,0.04,0.17,-0.14,-0.06,-0.66,-0.12,0.23,0.05,0.17,0.02,-0.3,-0.56,-0.87,-0.2,0.08,-0.38,0.14,-0.7,-0.02,0.25,502,252,250
204456,T.J. McConnell,2023,-0.05,-0.2,0.54,0.67,-0.14,-0.48,-1.07,-0.1,1.07,0.58,0.48,-0.68,-0.11,-0.76,-0.87,-0.2,0.15,-0.26,-0.59,-0.17,0.06,0.39,28095,14045,14050
1627784,Jarrod Uthoff,2023,-0.36,-0.18,-0.24,0.0,-0.24,0.2,-0.55,-0.06,-0.09,-0.09,0.0,0.09,-0.33,-0.55,-0.88,0.07,0.14,-0.47,-0.05,-0.5,-0.04,0.0,212,106,106
1628769,Tahjere McCall,2023,-0.2,-0.03,-0.09,0.02,-0.11,-0.01,-0.66,-0.16,0.17,-0.04,0.2,-0.02,-0.35,-0.53,-0.88,-0.07,0.01,-0.36,-0.05,-0.48,-0.1,0.15,39,20,19
1628416,Tyler Dorsey,2023,-0.16,-0.05,-0.51,-0.12,-0.39,0.13,-0.13,-0.19,-0.24,-0.38,0.14,0.18,-0.54,-0.34,-0.88,-0.15,-0.04,-0.5,0.96,-1.3,-0.38,-0.06,2815,1409,1406
1630195,Leandro Bolmaro,2023,-1.04,-0.1,-0.17,0.1,-0.27,0.04,0.31,-0.24,-0.04,0.15,-0.19,0.13,-1.23,0.35,-0.89,-0.12,0.54,-1.77,0.81,-0.46,-0.13,0.09,1290,647,643
1631311,Lester Quinones,2023,-0.29,-0.12,-0.17,-0.06,-0.12,0.05,-0.4,-0.12,-0.08,-0.06,-0.01,0.02,-0.41,-0.48,-0.89,-0.02,-0.06,-0.35,-0.04,-0.44,-0.12,-0.06,78,39,39
200755,JJ Redick,2023,1.65,0.5,-0.87,-0.22,-0.65,-0.78,0.4,-0.21,-0.88,-0.65,-0.23,-0.35,0.35,-1.24,-0.89,-0.06,-0.51,0.86,-0.77,-0.47,-1.65,-1.23,20896,10489,10407
1630230,Naji Marshall,2023,-0.79,0.41,-0.12,0.01,-0.14,0.18,-0.87,-0.14,0.57,0.34,0.22,0.67,-0.74,-0.16,-0.9,-0.54,-0.52,-0.22,0.31,-0.47,0.06,1.24,13370,6669,6701
1627395,Julian Washburn,2023,-1.31,-0.13,0.3,0.11,0.17,0.13,-0.47,-0.17,0.09,0.14,-0.06,-0.01,-0.42,-0.48,-0.9,0.37,0.9,-1.32,-0.09,-0.39,0.43,0.08,830,407,423
1630637,Carlik Jones,2023,-0.62,-0.11,0.12,-0.06,0.19,-0.03,-0.47,-0.1,0.11,0.05,0.08,0.02,-0.52,-0.39,-0.91,-0.04,0.02,-0.54,-0.01,-0.38,0.09,0.13,331,164,167
1629677,Luka Samanic,2023,-0.67,-0.31,-0.25,-0.0,-0.25,-0.26,1.07,0.08,-0.27,-0.06,-0.2,-0.1,-1.51,0.6,-0.91,-0.43,0.07,-1.58,0.13,0.47,-0.51,-0.37,2133,1070,1063
1631466,Jeenathan Williams,2023,-0.29,-0.31,0.04,-0.1,0.14,0.03,-0.72,-0.14,-0.08,0.03,-0.1,-0.01,-0.29,-0.62,-0.91,0.12,-0.1,-0.19,-0.15,-0.47,0.07,-0.09,548,272,276
203937,Kyle Anderson,2023,-0.4,-0.26,0.07,0.26,-0.19,-1.04,0.04,-0.22,0.8,0.04,0.75,-0.22,-1.56,0.65,-0.91,-0.16,-1.24,-0.32,0.31,0.34,-0.97,0.58,34302,17157,17145
203924,Jerami Grant,2023,-0.16,0.39,-0.15,0.1,-0.25,-0.4,0.06,-0.07,0.23,-0.3,0.53,-0.43,-0.79,-0.12,-0.91,-0.06,-0.85,0.06,-0.05,-0.07,-0.55,-0.2,44734,22365,22369
203089,John Henson,2023,-0.75,-0.5,-0.69,-0.41,-0.27,0.11,0.3,-0.07,-0.28,-0.24,-0.04,0.37,-1.27,0.36,-0.91,0.03,0.55,-1.82,0.26,0.1,-0.58,0.09,3127,1563,1564
1628975,Jevon Carter,2023,-1.95,-0.3,0.1,0.2,-0.1,-0.0,0.49,-0.4,0.13,0.01,0.11,0.32,-1.54,0.64,-0.91,-0.0,0.01,-1.55,0.47,0.17,0.1,0.45,20823,10351,10472
204222,Greg Whittington,2023,-0.41,-0.11,-0.04,0.04,-0.07,-0.02,-0.38,-0.14,-0.11,-0.09,-0.04,0.04,-0.49,-0.43,-0.92,-0.0,0.02,-0.51,0.09,-0.52,-0.06,-0.07,49,25,24
1631109,Mark Williams,2023,-1.3,-0.45,0.01,0.12,-0.12,-0.17,1.36,-0.08,-0.97,-0.37,-0.6,0.21,-1.56,0.64,-0.92,-0.06,0.08,-1.64,0.18,0.46,-0.16,-0.76,3436,1716,1720
1630233,Nathan Knight,2023,-0.95,0.3,-1.1,-0.26,-0.83,0.37,0.21,-0.29,-0.06,-0.22,0.15,0.12,-1.29,0.37,-0.92,0.49,0.42,-1.71,0.37,-0.0,-0.73,0.06,3509,1756,1753
1628411,Wes Iwundu,2023,-2.32,0.05,0.24,0.22,0.01,-0.45,1.64,0.01,0.22,0.09,0.13,-0.22,-2.26,1.34,-0.92,-0.03,-0.54,-1.72,-0.33,1.67,-0.21,0.0,11932,5946,5986
1629962,Devin Cannady,2023,-0.7,-0.08,0.44,0.0,0.42,-0.07,-0.54,-0.08,0.06,-0.04,0.09,0.11,-0.48,-0.46,-0.93,-0.23,-0.1,-0.38,-0.17,-0.29,0.37,0.17,893,445,448
202326,DeMarcus Cousins,2023,-0.21,-0.06,-1.06,-0.4,-0.66,0.33,-1.04,0.07,0.11,0.01,0.1,0.55,-1.13,0.2,-0.93,0.39,-0.07,-1.06,0.81,-0.61,-0.73,0.66,9910,4961,4949
1629655,Daniel Gafford,2023,-0.63,-0.54,-1.0,-0.51,-0.47,0.99,0.94,0.17,-0.22,0.04,-0.25,-1.25,-0.72,-0.22,-0.94,0.23,0.94,-1.66,-0.6,0.38,-0.01,-1.47,18486,9217,9269
1627756,Denzel Valentine,2023,-1.31,-0.67,0.31,0.34,-0.02,-0.58,-0.0,-0.35,-0.47,-0.43,-0.04,0.62,-1.18,0.23,-0.95,0.48,-0.25,-0.93,1.19,-0.96,-0.27,0.15,7003,3504,3499
1631495,Donovan Williams,2023,-0.39,-0.12,-0.11,-0.01,-0.1,0.06,-0.54,-0.15,-0.04,-0.04,-0.01,0.03,-0.43,-0.55,-0.98,0.01,0.16,-0.59,0.05,-0.6,-0.05,-0.01,17,8,9
1629152,DeVaughn Akoon-Purcell,2023,-0.39,-0.1,-0.12,0.04,-0.16,0.09,-0.64,-0.14,-0.01,-0.03,0.01,0.03,-0.38,-0.61,-0.99,0.05,-0.01,-0.37,-0.01,-0.6,-0.03,0.02,89,44,45
1630578,Alperen Sengun,2023,0.26,-0.11,-1.12,-0.56,-0.56,1.4,-1.95,-0.09,0.17,-0.08,0.25,0.14,0.11,-1.09,-0.99,0.11,0.69,-0.58,-0.14,-0.95,0.28,0.31,15161,7595,7566
1629602,Javin DeLaurier,2023,-0.26,-0.11,-0.07,-0.01,-0.06,0.01,-0.57,-0.15,0.0,-0.04,0.04,-0.04,-0.35,-0.64,-0.99,-0.06,-0.01,-0.34,-0.08,-0.56,-0.06,-0.04,13,6,7
203521,Matthew Dellavedova,2023,-0.49,-0.32,-0.75,-0.67,-0.09,-0.91,1.54,-0.01,-0.04,-0.36,0.31,0.54,-2.52,1.53,-0.99,-0.88,-1.01,-1.51,0.35,1.18,-1.66,0.5,8278,4137,4141
1631298,Jack White,2023,-0.7,-0.21,-0.44,-0.11,-0.34,0.29,-0.49,-0.14,-0.15,-0.04,-0.11,0.22,-0.66,-0.33,-0.99,0.28,0.04,-0.7,0.3,-0.63,-0.15,0.07,245,119,126
1629716,Marques Bolden,2023,-0.85,-0.02,-0.07,-0.04,-0.05,-0.0,-0.19,-0.11,0.14,-0.04,0.18,0.02,-0.99,-0.01,-1.0,-0.05,-0.07,-0.92,0.12,-0.13,-0.07,0.16,126,63,63
1631094,Paolo Banchero,2023,1.34,0.27,-0.42,0.02,-0.45,0.21,-1.9,-0.25,0.19,0.25,-0.06,0.08,0.75,-1.75,-1.0,-0.5,-0.05,0.8,-0.18,-1.57,-0.21,0.27,9974,4994,4980
1630787,Cameron McGriff,2023,-0.61,-0.12,0.07,0.07,-0.01,0.31,-0.74,-0.31,0.04,-0.09,0.13,-0.03,-0.15,-0.85,-1.0,-0.04,0.24,-0.39,-0.12,-0.73,0.38,0.01,176,89,87
1627752,Taurean Prince,2023,0.07,-0.12,0.02,0.22,-0.2,-0.38,-1.15,-0.25,0.15,0.15,0.01,-0.09,-0.09,-0.91,-1.0,0.38,-0.6,0.51,0.24,-1.15,-0.36,0.06,28733,14353,14380
1629122,J.P. Macura,2023,-0.46,-0.13,-0.1,-0.05,-0.06,0.02,-0.42,-0.12,-0.03,-0.08,0.05,0.05,-0.59,-0.41,-1.0,-0.06,-0.01,-0.58,0.09,-0.5,-0.08,0.02,73,36,37
1631220,Dereon Seabron,2023,-0.49,-0.1,-0.04,0.02,-0.07,0.09,-0.35,-0.09,-0.14,-0.11,-0.03,-0.01,-0.43,-0.57,-1.0,-0.06,0.07,-0.5,0.09,-0.66,0.05,-0.15,44,22,22
1628968,Brian Bowen II,2023,-0.61,-0.09,-0.16,-0.14,-0.04,0.18,-0.31,-0.1,-0.09,-0.15,0.05,-0.0,-0.51,-0.5,-1.01,-0.02,0.15,-0.66,0.1,-0.6,0.02,-0.09,179,92,87
1630286,Trevon Scott,2023,-0.45,-0.12,-0.09,0.04,-0.12,0.03,-0.5,-0.14,-0.05,-0.08,0.03,0.03,-0.51,-0.5,-1.01,0.02,-0.01,-0.5,-0.01,-0.49,-0.06,-0.02,48,24,24
1626174,Christian Wood,2023,2.12,-0.05,-1.04,-0.75,-0.29,-0.84,-0.54,0.18,-0.88,-0.25,-0.62,0.07,0.17,-1.18,-1.01,0.1,-0.87,1.04,-0.38,-0.8,-1.88,-0.81,27030,13523,13507
201586,Serge Ibaka,2023,-0.91,-0.69,-0.5,-0.05,-0.46,-0.37,2.43,0.9,-2.18,-1.08,-1.11,0.32,-1.71,0.7,-1.01,0.2,0.4,-2.11,0.22,0.48,-0.87,-1.86,25266,12625,12641
1630994,Gabriel Lundberg,2023,-0.19,-0.18,-0.01,0.04,-0.05,0.01,-0.77,-0.22,0.18,0.01,0.17,-0.05,-0.29,-0.73,-1.02,-0.19,0.29,-0.58,0.07,-0.8,0.0,0.13,187,95,92
1627740,Henry Ellenson,2023,-1.06,0.1,0.41,-0.02,0.44,-0.23,0.09,-0.25,-0.08,-0.11,0.04,0.17,-1.1,0.08,-1.02,-0.32,-0.47,-0.63,0.4,-0.32,0.18,0.09,1281,645,636
1629724,Vic Law,2023,-0.63,-0.12,-0.11,0.02,-0.15,-0.04,-0.33,-0.08,0.23,0.08,0.14,-0.05,-0.8,-0.22,-1.03,-0.1,-0.02,-0.78,0.09,-0.31,-0.15,0.18,269,133,136
1626168,Trey Lyles,2023,-0.34,0.27,0.1,0.02,0.06,-0.41,-0.63,0.06,-0.23,-0.08,-0.15,0.24,-0.43,-0.6,-1.03,0.24,0.2,-0.63,0.28,-0.88,-0.31,0.01,23000,11512,11488
1631306,Cole Swider,2023,-0.18,-0.07,-0.05,0.0,-0.06,-0.04,-0.71,-0.07,-0.06,-0.06,0.01,0.09,-0.32,-0.7,-1.03,-0.08,-0.1,-0.22,0.11,-0.81,-0.09,0.03,173,88,85
202397,Ish Smith,2023,-1.55,-0.62,0.89,0.36,0.52,0.28,-0.48,-0.47,0.23,-0.13,0.36,-0.36,-0.27,-0.76,-1.03,-0.04,0.47,-0.74,-0.35,-0.41,1.17,-0.13,23325,11671,11654
1628591,Craig Sword,2023,-0.41,-0.15,-0.2,-0.1,-0.11,0.04,-0.54,-0.21,0.13,0.01,0.11,-0.01,-0.6,-0.44,-1.04,-0.05,0.05,-0.65,0.07,-0.51,-0.16,0.12,69,33,36
1628450,Eric Mika,2023,-0.27,-0.08,-0.11,-0.04,-0.07,0.01,-0.64,-0.16,0.0,-0.14,0.14,0.01,-0.39,-0.65,-1.04,-0.04,0.02,-0.41,0.12,-0.77,-0.1,0.01,78,39,39
1629634,Brandon Clarke,2023,-0.91,-0.25,0.02,-0.14,0.16,-0.28,0.03,-0.45,0.13,-0.15,0.28,0.23,-0.96,-0.1,-1.06,-0.28,-0.23,-0.73,-0.28,0.18,-0.26,0.36,22375,11175,11200
1629600,Jarron Cumberland,2023,-0.4,-0.09,-0.02,0.04,-0.06,0.07,-0.72,-0.18,0.04,-0.0,0.05,-0.01,-0.33,-0.73,-1.06,-0.02,0.17,-0.5,0.03,-0.76,0.05,0.03,49,25,24
1631112,Kendall Brown,2023,-0.4,-0.14,-0.26,-0.05,-0.22,-0.03,-0.37,-0.16,0.18,0.01,0.15,0.02,-0.83,-0.23,-1.06,-0.2,-0.1,-0.73,-0.11,-0.12,-0.29,0.2,189,95,94
2199,Tyson Chandler,2023,-2.6,-0.14,-0.94,-0.35,-0.59,0.33,1.7,0.25,-0.38,-0.38,-0.0,0.36,-2.82,1.75,-1.07,0.46,0.24,-3.06,0.34,1.41,-0.61,-0.02,4645,2320,2325
101123,Gerald Green,2023,-0.06,-0.03,0.36,-0.04,0.4,-0.5,-0.32,-0.62,-0.83,-0.18,-0.65,-0.18,0.32,-1.41,-1.08,0.45,0.32,0.0,-0.33,-1.08,-0.14,-1.01,6067,3034,3033
1628505,Troy Caupain,2023,-0.36,-0.1,-0.07,-0.02,-0.05,0.05,-0.66,-0.16,-0.05,-0.06,0.01,0.01,-0.39,-0.7,-1.08,0.0,0.14,-0.53,0.12,-0.82,-0.02,-0.04,60,30,30
203585,Rodney McGruder,2023,-0.76,-0.14,-0.22,-0.09,-0.14,0.77,-0.49,0.02,-0.14,-0.36,0.22,0.2,-0.18,-0.9,-1.08,-0.44,0.63,-0.81,0.23,-1.13,0.55,0.06,15861,7931,7930
203914,Gary Harris,2023,-1.21,0.08,0.12,-0.01,0.12,-0.56,0.45,-0.07,0.86,0.3,0.56,-0.78,-1.68,0.6,-1.09,0.03,-0.52,-1.16,-0.64,1.24,-0.44,0.08,33349,16684,16665
1631309,Trevor Hudgins,2023,-0.47,-0.04,-0.06,-0.04,-0.04,-0.08,-0.64,-0.2,0.13,0.04,0.09,0.02,-0.62,-0.48,-1.09,0.01,-0.08,-0.54,0.18,-0.66,-0.14,0.15,109,54,55
1629760,Matt Mooney,2023,-0.75,-0.14,0.05,-0.01,0.06,0.08,-0.59,-0.11,0.09,-0.06,0.14,0.02,-0.64,-0.44,-1.09,0.01,0.12,-0.76,-0.0,-0.44,0.13,0.11,84,41,43
1630620,Darius Days,2023,-0.58,-0.12,-0.04,-0.04,0.0,0.03,-0.65,-0.21,0.06,0.01,0.05,0.02,-0.54,-0.56,-1.1,0.06,0.28,-0.82,0.16,-0.72,-0.01,0.08,101,50,51
1629121,Jaylen Adams,2023,-0.46,-0.61,0.22,0.16,0.05,-0.18,-1.01,-0.24,-0.09,0.37,-0.44,0.22,-0.09,-1.0,-1.1,0.2,-0.18,0.09,-0.3,-0.7,0.04,0.13,1977,990,987
1630580,Joe Wieskamp,2023,-1.79,-0.14,0.51,0.3,0.21,0.13,0.03,-0.23,-0.13,-0.17,0.04,0.12,-1.1,0.0,-1.1,0.03,0.55,-1.65,0.24,-0.24,0.64,-0.01,1030,516,514
1629007,Jontay Porter,2023,-0.71,-0.07,-0.22,-0.15,-0.07,0.04,0.04,-0.14,-0.13,-0.11,-0.01,-0.06,-0.85,-0.26,-1.11,-0.07,-0.07,-0.78,-0.01,-0.25,-0.18,-0.19,216,108,108
202951,Jeremy Pargo,2023,-0.14,-0.04,-0.01,0.1,-0.12,-0.15,-0.74,-0.19,-0.0,0.06,-0.08,-0.04,-0.35,-0.77,-1.11,-0.03,-0.18,-0.17,-0.11,-0.66,-0.16,-0.04,176,88,88
203943,Noah Vonleh,2023,-0.73,-0.08,-0.31,0.17,-0.5,0.49,-0.11,0.23,0.3,0.04,0.28,-0.6,-0.86,-0.25,-1.11,-0.15,0.25,-1.11,-0.33,0.08,0.18,-0.3,9248,4628,4620
1627826,Ivica Zubac,2023,-2.13,-0.77,-1.29,-0.99,-0.3,1.4,0.96,0.68,-1.6,-0.74,-0.86,1.58,-2.54,1.44,-1.11,-0.03,0.94,-3.48,1.41,0.03,0.11,-0.02,35655,17810,17845
1626196,Josh Richardson,2023,-1.18,-0.05,-0.4,-0.02,-0.37,0.83,-0.59,-0.21,0.62,0.29,0.33,-0.5,-0.56,-0.56,-1.12,0.1,0.43,-0.99,-0.43,-0.13,0.43,0.12,37739,18857,18882
1629004,Svi Mykhailiuk,2023,-0.49,-0.33,-0.12,0.27,-0.4,-0.09,-0.54,0.15,0.48,0.65,-0.18,-0.26,-0.78,-0.35,-1.12,-0.1,0.13,-0.91,-0.41,0.06,-0.21,0.22,17100,8564,8536
1627758,Ron Baker,2023,-1.07,-0.15,-0.42,-0.21,-0.21,-0.13,-0.24,-0.1,0.52,0.04,0.48,0.12,-1.62,0.49,-1.13,0.09,0.01,-1.63,0.12,0.37,-0.55,0.64,632,316,316
1630649,Stanley Umude,2023,-0.36,-0.09,-0.1,-0.02,-0.09,0.01,-0.58,-0.13,-0.03,-0.06,0.04,-0.03,-0.47,-0.66,-1.13,-0.04,0.0,-0.47,-0.1,-0.56,-0.09,-0.06,8,4,4
1627777,Georges Niang,2023,0.65,0.25,-0.2,-0.01,-0.17,-1.06,0.28,-0.31,-0.53,-0.55,0.01,-0.09,-0.45,-0.69,-1.14,-0.19,-0.67,0.22,0.06,-0.75,-1.26,-0.62,26032,13042,12990
1630243,Trevelin Queen,2023,-0.86,-0.34,-0.15,0.1,-0.25,0.38,-0.87,-0.12,0.43,0.01,0.41,0.07,-0.77,-0.39,-1.15,-0.15,0.21,-0.98,0.42,-0.81,0.23,0.5,607,308,299
1629094,Marcus Derrickson,2023,-0.75,-0.17,-0.02,-0.02,-0.0,0.08,-0.29,-0.12,-0.15,-0.09,-0.06,-0.0,-0.68,-0.46,-1.15,-0.02,0.43,-1.11,-0.25,-0.21,0.06,-0.15,265,132,133
1627822,Petr Cornelie,2023,-0.49,-0.19,-0.06,-0.09,0.02,0.03,-0.87,-0.13,0.22,-0.03,0.24,0.02,-0.51,-0.64,-1.15,0.0,0.01,-0.52,-0.01,-0.63,-0.03,0.24,158,80,78
1628979,Trevon Duval,2023,-0.33,-0.1,-0.11,-0.07,-0.05,-0.0,-0.63,-0.12,-0.05,-0.08,0.03,0.01,-0.47,-0.69,-1.15,-0.04,-0.02,-0.45,-0.02,-0.67,-0.11,-0.04,22,11,11
1630238,Malik Fitts,2023,-0.46,-0.18,-0.37,-0.04,-0.35,-0.11,-0.06,-0.09,-0.3,-0.11,-0.19,0.08,-0.88,-0.27,-1.15,0.07,-0.03,-0.85,0.01,-0.28,-0.48,-0.22,348,174,174
1630648,Jordan Schakel,2023,-0.54,-0.1,-0.04,-0.06,0.02,-0.03,-0.62,-0.09,0.1,-0.1,0.2,0.07,-0.66,-0.49,-1.16,-0.1,-0.15,-0.51,0.1,-0.59,-0.07,0.17,143,73,70
1629875,Xavier Moon,2023,-0.04,-0.12,-0.05,-0.17,0.12,-0.06,-0.32,-0.09,-0.19,-0.05,-0.14,-0.32,-0.26,-0.9,-1.16,-0.18,-0.38,0.12,-0.7,-0.2,-0.11,-0.51,645,322,323
1629663,Louis King,2023,-1.32,-0.22,0.35,0.4,-0.05,0.07,-0.56,-0.38,0.06,-0.08,0.14,-0.02,-0.66,-0.5,-1.16,0.26,0.21,-0.87,0.08,-0.58,0.42,0.04,1143,570,573
204066,John Holland,2023,-0.41,-0.09,-0.11,-0.02,-0.1,0.01,-0.62,-0.14,-0.0,-0.05,0.05,0.0,-0.52,-0.64,-1.16,-0.03,0.01,-0.53,0.01,-0.65,-0.1,0.0,2,1,1
1630556,Kessler Edwards,2023,-0.17,-0.25,-0.72,-0.34,-0.39,1.45,-1.68,0.04,-0.22,-0.63,0.42,0.14,0.74,-1.91,-1.17,0.03,1.78,-1.04,0.52,-2.43,0.73,-0.08,5640,2809,2831
1630624,Feron Hunt,2023,-0.49,-0.08,-0.17,-0.02,-0.16,0.04,-0.46,-0.11,-0.05,-0.03,-0.04,-0.02,-0.62,-0.55,-1.17,-0.02,0.01,-0.63,-0.05,-0.5,-0.13,-0.07,33,16,17
201601,Luc Mbah a Moute,2023,-0.53,-0.07,-0.24,-0.1,-0.14,-0.09,-0.21,-0.11,-0.04,0.24,-0.27,0.07,-1.04,-0.13,-1.17,-0.13,0.05,-1.09,-0.0,-0.13,-0.33,0.03,388,193,195
1628417,Jaron Blossomgame,2023,-1.12,-0.18,0.44,-0.11,0.55,-0.01,-0.29,0.16,-0.19,-0.29,0.11,-0.07,-0.48,-0.69,-1.18,0.06,0.06,-0.54,0.19,-0.88,0.43,-0.26,1627,808,819
1626253,Axel Toupane,2023,-0.71,-0.14,-0.04,0.1,-0.14,0.03,-0.38,-0.09,0.3,0.01,0.31,-0.08,-0.78,-0.4,-1.18,-0.3,-0.13,-0.65,-0.04,-0.36,-0.01,0.22,284,140,144
1629155,Zach Lofton,2023,-0.37,-0.08,-0.12,-0.05,-0.07,-0.01,-0.71,-0.14,0.04,0.01,0.03,0.02,-0.52,-0.66,-1.18,-0.03,-0.01,-0.51,0.04,-0.7,-0.13,0.06,15,7,8
1628238,Paris Bass,2023,-0.51,-0.11,-0.2,-0.06,-0.15,0.13,-0.58,-0.14,0.04,-0.05,0.09,-0.04,-0.57,-0.6,-1.18,-0.02,0.18,-0.75,0.08,-0.68,-0.07,0.0,32,16,16
1629118,Thomas Welsh,2023,-0.63,-0.2,0.11,0.11,-0.0,-0.03,-0.71,-0.22,0.18,0.08,0.1,0.02,-0.62,-0.56,-1.18,-0.12,-0.09,-0.53,0.1,-0.66,0.08,0.2,160,80,80
1630693,Jaime Echenique,2023,-0.51,-0.09,-0.09,-0.01,-0.07,0.01,-0.58,-0.14,0.01,-0.03,0.04,-0.01,-0.6,-0.58,-1.19,-0.02,0.0,-0.6,0.02,-0.6,-0.08,0.0,8,4,4
1628249,Mitchell Creek,2023,-0.57,-0.15,-0.09,-0.04,-0.05,0.08,-0.32,-0.07,0.1,0.1,-0.0,-0.27,-0.54,-0.66,-1.19,-0.12,0.27,-0.81,-0.41,-0.25,-0.01,-0.17,189,96,93
201281,Andre Ingram,2023,-0.49,-0.03,-0.1,-0.02,-0.09,0.0,-0.47,-0.11,0.04,-0.09,0.13,-0.03,-0.6,-0.59,-1.19,-0.14,0.03,-0.63,-0.02,-0.57,-0.1,0.01,59,30,29
1630591,Jalen Suggs,2023,-1.02,-0.24,-1.07,-0.29,-0.78,0.02,0.47,-0.06,0.89,0.39,0.51,-0.32,-2.15,0.96,-1.19,-0.16,0.02,-2.17,-0.45,1.41,-1.05,0.57,10520,5261,5259
1631205,Buddy Boeheim,2023,-0.71,-0.15,-0.12,-0.07,-0.06,0.04,-0.24,-0.1,-0.17,-0.17,-0.0,0.07,-0.81,-0.38,-1.19,-0.06,0.23,-1.04,0.07,-0.45,-0.08,-0.1,357,180,177
1629093,Tyler Davis,2023,-0.47,-0.1,-0.11,-0.02,-0.09,0.03,-0.6,-0.13,-0.04,-0.05,0.01,0.01,-0.56,-0.64,-1.2,-0.02,0.01,-0.57,0.01,-0.65,-0.08,-0.03,2,1,1
1626155,Sam Dekker,2023,-0.37,-0.41,-0.09,0.12,-0.21,0.48,-1.64,0.02,0.71,0.74,-0.03,-0.37,0.15,-1.35,-1.2,0.08,0.6,-0.45,-0.04,-1.31,0.39,0.34,3159,1569,1590
203705,Josh Magette,2023,-0.71,-0.18,-0.21,-0.17,-0.05,0.11,-0.42,-0.09,0.13,0.09,0.04,-0.04,-0.82,-0.38,-1.2,-0.06,0.0,-0.82,-0.05,-0.33,-0.1,0.09,149,76,73
1629028,Deandre Ayton,2023,-0.93,-0.79,-0.71,-0.7,-0.0,0.17,0.05,0.65,-0.37,0.19,-0.55,-0.25,-1.9,0.69,-1.2,0.84,0.24,-2.14,0.42,0.27,-0.54,-0.62,43758,21897,21861
200826,J.J. Barea,2023,-0.49,-0.03,0.19,0.02,0.15,0.06,-1.75,-0.25,0.75,-0.51,1.26,-0.01,-0.23,-0.97,-1.21,0.04,0.04,-0.27,-0.33,-0.64,0.25,0.74,4851,2433,2418
1630278,Ade Murkey,2023,-0.45,-0.1,-0.11,-0.02,-0.09,0.0,-0.62,-0.13,-0.01,-0.06,0.04,0.01,-0.57,-0.64,-1.21,-0.03,0.01,-0.58,0.02,-0.66,-0.11,0.0,5,2,3
1629743,Donta Hall,2023,-0.89,-0.13,-0.11,-0.07,-0.05,-0.02,-0.62,-0.19,0.28,0.06,0.2,0.01,-0.96,-0.25,-1.21,0.14,0.15,-1.11,0.29,-0.54,-0.13,0.29,1368,677,691
1628443,Kadeem Allen,2023,0.65,0.04,0.42,0.14,0.29,-0.38,-1.44,-0.31,-0.33,-0.46,0.11,0.12,0.53,-1.74,-1.21,-0.25,-0.32,0.85,0.11,-1.85,0.04,-0.21,2143,1072,1071
1629641,Romeo Langford,2023,-3.14,-0.23,-0.19,0.05,-0.22,0.79,1.09,-0.22,-0.06,-0.15,0.09,0.22,-2.33,1.12,-1.21,0.08,0.71,-3.04,0.23,0.89,0.6,0.16,9766,4845,4921
1627755,Tyler Ulis,2023,-0.44,-0.1,-0.11,-0.02,-0.09,0.01,-0.6,-0.13,-0.04,-0.05,0.01,0.01,-0.56,-0.64,-1.21,-0.04,0.01,-0.57,0.01,-0.65,-0.1,-0.03,2,1,1
203915,Spencer Dinwiddie,2023,-1.18,0.54,1.19,0.96,0.22,-0.69,0.57,-0.09,-0.97,-0.44,-0.52,-0.22,-0.57,-0.64,-1.22,0.08,-0.53,-0.04,-0.4,-0.24,0.5,-1.19,37800,18924,18876
203816,Scotty Hopson,2023,-0.52,-0.15,-0.14,-0.01,-0.12,-0.01,-0.36,-0.12,-0.09,-0.15,0.06,-0.05,-0.72,-0.51,-1.23,-0.06,0.04,-0.76,-0.02,-0.49,-0.15,-0.14,73,35,38
1630525,David Johnson,2023,-0.47,-0.09,-0.09,-0.02,-0.07,0.02,-0.6,-0.14,-0.06,-0.06,0.0,-0.0,-0.55,-0.68,-1.23,-0.03,-0.0,-0.55,0.02,-0.7,-0.07,-0.06,8,4,4
1628439,Isaiah Hicks,2023,-0.43,-0.03,-0.07,-0.05,-0.04,-0.1,-0.57,-0.13,-0.03,-0.03,-0.0,0.05,-0.65,-0.59,-1.24,-0.09,-0.14,-0.51,0.01,-0.6,-0.17,0.02,129,65,64
1628430,Nigel Williams-Goss,2023,-0.67,-0.16,-0.1,-0.1,-0.01,0.04,-0.37,-0.22,-0.09,-0.06,-0.04,0.06,-0.77,-0.47,-1.24,-0.11,0.08,-0.85,0.1,-0.57,-0.06,-0.03,214,109,105
1631207,Dalen Terry,2023,-0.95,0.01,-0.32,-0.11,-0.21,0.19,-0.38,-0.18,0.46,0.06,0.38,0.05,-1.14,-0.1,-1.24,-0.29,-0.09,-1.05,-0.04,-0.06,-0.13,0.51,864,434,430
1630531,Jaden Springer,2023,-0.79,-0.11,-0.01,0.12,-0.15,0.11,-0.5,-0.21,-0.14,-0.09,-0.06,0.07,-0.74,-0.51,-1.25,0.01,0.58,-1.32,0.29,-0.8,0.1,-0.07,511,255,256
203516,James Ennis III,2023,0.72,0.43,-0.47,-0.35,-0.14,0.51,-2.01,-0.61,0.8,0.17,0.64,-0.46,0.67,-1.92,-1.25,-0.34,0.25,0.42,-0.46,-1.46,0.04,0.34,15707,7824,7883
1628999,Yante Maten,2023,-0.45,-0.13,-0.16,-0.07,-0.09,0.01,-0.38,-0.06,-0.04,-0.04,0.01,-0.12,-0.63,-0.62,-1.25,-0.11,-0.04,-0.59,-0.13,-0.49,-0.15,-0.16,52,27,25
1630555,Joel Ayayi,2023,-0.71,-0.12,-0.04,-0.05,0.01,0.01,-0.48,-0.12,0.03,-0.06,0.08,-0.04,-0.73,-0.53,-1.26,-0.03,-0.02,-0.71,-0.02,-0.51,-0.03,-0.01,71,37,34
201585,Kosta Koufos,2023,-1.6,-0.3,0.11,0.25,-0.15,0.28,-0.21,-0.31,0.57,0.09,0.48,-0.07,-1.11,-0.15,-1.26,-0.34,0.43,-1.54,-0.41,0.26,0.39,0.5,2091,1035,1056
1630174,Aaron Nesmith,2023,0.27,0.11,-0.05,0.04,-0.1,-0.25,-1.07,-0.49,-0.01,0.06,-0.09,0.05,-0.07,-1.19,-1.26,-0.2,-0.77,0.7,0.71,-1.9,-0.3,0.04,12919,6448,6471
1628419,Cameron Oliver,2023,0.11,-0.23,-0.05,0.21,-0.27,-0.12,-1.21,-0.23,-0.3,-0.15,-0.15,0.12,-0.04,-1.23,-1.27,0.18,-0.01,-0.03,0.34,-1.57,-0.17,-0.18,536,267,269
1629116,Angel Delgado,2023,-0.86,-0.13,0.01,0.01,-0.01,0.04,-0.5,-0.11,0.11,0.13,-0.03,0.04,-0.92,-0.35,-1.27,-0.11,-0.02,-0.9,0.13,-0.48,0.05,0.15,63,32,31
1630590,Scotty Pippen Jr.,2023,-0.72,-0.1,-0.16,-0.06,-0.11,0.05,-0.32,-0.08,-0.04,-0.17,0.13,0.02,-0.86,-0.41,-1.27,-0.1,-0.01,-0.85,-0.06,-0.35,-0.11,-0.02,124,63,61
1630575,Scottie Lewis,2023,-0.41,-0.05,-0.15,-0.06,-0.09,0.02,-0.79,-0.17,0.11,0.06,0.05,-0.02,-0.55,-0.72,-1.27,-0.03,-0.05,-0.5,-0.08,-0.64,-0.13,0.09,30,15,15
203564,Kalin Lucas,2023,-0.57,-0.11,-0.12,0.0,-0.12,-0.01,-0.53,-0.15,-0.03,-0.05,0.03,0.02,-0.74,-0.53,-1.27,-0.03,-0.03,-0.71,0.05,-0.58,-0.13,-0.01,23,11,12
1627855,Okaro White,2023,-0.6,-0.13,-0.11,0.01,-0.12,0.06,-0.59,-0.11,-0.04,-0.01,-0.03,0.0,-0.65,-0.63,-1.27,0.01,0.03,-0.68,0.06,-0.69,-0.05,-0.04,26,13,13
1629742,Stanton Kidd,2023,-0.44,-0.08,-0.21,-0.01,-0.21,-0.03,-0.44,-0.11,-0.22,-0.14,-0.09,0.08,-0.72,-0.54,-1.27,-0.01,-0.05,-0.67,0.08,-0.62,-0.24,-0.14,67,34,33
1628387,Ike Anigbogu,2023,-0.48,-0.12,-0.11,0.0,-0.12,-0.01,-0.56,-0.07,-0.03,-0.05,0.03,-0.05,-0.62,-0.66,-1.28,-0.04,-0.04,-0.58,-0.06,-0.6,-0.12,-0.08,25,13,12
1629684,Grant Williams,2023,-0.19,0.22,-0.25,0.44,-0.67,-0.43,-1.11,-0.39,0.17,-0.05,0.22,0.08,-0.4,-0.89,-1.29,0.44,-0.33,-0.07,0.51,-1.4,-0.68,0.25,29023,14474,14549
1630640,MJ Walker,2023,-0.66,-0.13,-0.22,-0.06,-0.17,0.14,-0.67,-0.16,0.09,-0.03,0.11,-0.0,-0.71,-0.57,-1.29,0.03,0.11,-0.82,0.09,-0.66,-0.08,0.09,37,18,19
1628476,Derrick Walton Jr.,2023,-1.12,0.24,-0.42,-0.25,-0.17,0.04,-0.29,-0.24,0.36,0.32,0.03,0.07,-1.28,-0.01,-1.29,0.07,0.0,-1.28,0.45,-0.46,-0.38,0.43,1456,733,723
1629044,Shamorie Ponds,2023,-0.4,-0.13,-0.07,0.02,-0.1,0.04,-0.84,-0.2,-0.01,-0.0,-0.01,-0.01,-0.45,-0.84,-1.29,0.0,0.04,-0.49,-0.01,-0.83,-0.03,-0.02,42,20,22
1629055,Donte Grantham,2023,-0.44,-0.1,-0.11,-0.02,-0.09,0.01,-0.65,-0.13,-0.04,-0.05,0.01,-0.02,-0.56,-0.73,-1.29,-0.04,0.01,-0.57,-0.08,-0.65,-0.1,-0.06,2,1,1
1626150,Andrew Harrison,2023,-0.41,0.02,-0.14,-0.06,-0.09,-0.11,-0.39,-0.24,-0.13,-0.18,0.04,-0.0,-0.55,-0.73,-1.29,-0.11,-0.46,-0.09,0.13,-0.86,-0.25,-0.13,690,341,349
1630701,Michael Foster Jr.,2023,-0.44,-0.1,-0.14,-0.02,-0.12,0.01,-0.65,-0.13,-0.04,-0.05,0.01,0.0,-0.6,-0.7,-1.3,-0.04,0.01,-0.61,0.01,-0.71,-0.13,-0.04,3,2,1
1630533,Ziaire Williams,2023,-0.9,-0.36,-0.24,0.1,-0.34,0.38,-0.6,-0.22,-0.41,-0.06,-0.36,0.07,-0.74,-0.57,-1.3,0.4,-0.1,-0.64,0.39,-0.96,0.14,-0.34,8741,4362,4379
1630568,Luka Garza,2023,-0.34,0.13,-0.61,-0.09,-0.54,0.94,-2.59,-0.7,1.0,0.67,0.33,-0.18,0.38,-1.68,-1.3,0.48,1.79,-1.41,0.44,-2.12,0.33,0.82,2637,1316,1321
203124,Kyle O'Quinn,2023,-0.35,-0.36,-0.19,-0.15,-0.05,0.29,-0.29,-0.21,-1.05,-0.41,-0.65,0.02,-0.05,-1.25,-1.3,0.27,0.26,-0.31,-0.22,-1.03,0.1,-1.03,2799,1400,1399
1630215,Jared Butler,2023,0.19,-0.31,-0.36,0.04,-0.4,0.07,-0.71,-0.35,-0.34,-0.15,-0.19,-0.32,-0.04,-1.27,-1.3,0.17,0.51,-0.55,-0.31,-0.96,-0.29,-0.66,1784,887,897
1629788,Tyler Hall,2023,-0.45,-0.1,-0.12,-0.06,-0.07,0.0,-0.72,-0.13,0.01,-0.03,0.04,0.0,-0.6,-0.71,-1.31,-0.03,0.0,-0.6,-0.03,-0.68,-0.12,0.01,9,4,5
1630169,Tyrese Haliburton,2023,1.31,-0.06,0.24,0.29,-0.05,-0.45,-1.54,-0.25,0.04,0.51,-0.47,-1.21,0.97,-2.28,-1.31,0.3,-1.08,2.05,-0.96,-1.32,-0.21,-1.17,26014,13014,13000
1630257,Jon Teske,2023,-0.51,-0.13,-0.12,-0.02,-0.11,0.02,-0.69,-0.12,-0.09,-0.05,-0.04,0.05,-0.62,-0.69,-1.31,0.03,0.01,-0.63,0.08,-0.77,-0.1,-0.04,31,16,15
1630589,Moses Wright,2023,-0.33,-0.11,-0.22,-0.06,-0.17,0.04,-0.71,-0.1,-0.17,-0.1,-0.08,0.04,-0.53,-0.78,-1.31,0.04,-0.02,-0.51,0.09,-0.87,-0.18,-0.13,60,30,30
1628399,Tyler Lydon,2023,-0.8,-0.19,0.09,0.16,-0.09,-0.01,-0.86,-0.21,0.2,0.06,0.14,0.02,-0.71,-0.61,-1.32,0.04,-0.11,-0.6,-0.02,-0.59,0.08,0.22,383,193,190
1631105,Jalen Duren,2023,-0.95,-0.07,-0.94,-0.72,-0.21,1.08,-0.09,-0.31,-0.05,0.06,-0.11,-0.42,-0.7,-0.63,-1.32,0.05,1.67,-2.37,-0.68,0.05,0.14,-0.47,6758,3379,3379
1631214,Alondes Williams,2023,-0.43,-0.08,-0.19,-0.07,-0.12,0.03,-0.66,-0.12,-0.06,-0.08,0.01,0.02,-0.62,-0.71,-1.33,-0.04,-0.04,-0.58,-0.01,-0.7,-0.16,-0.04,23,12,11
1631213,Tyrese Martin,2023,-0.75,-0.19,0.06,0.07,-0.01,0.12,-0.64,-0.01,-0.06,-0.05,-0.01,-0.01,-0.53,-0.79,-1.33,-0.05,0.32,-0.85,-0.11,-0.68,0.18,-0.07,252,126,126
203159,Scott Machado,2023,-0.44,-0.11,-0.06,0.0,-0.06,0.03,-0.68,-0.13,-0.14,-0.08,-0.06,0.0,-0.46,-0.87,-1.33,-0.04,-0.0,-0.46,-0.01,-0.86,-0.03,-0.14,73,37,36
1629606,Robert Franks,2023,-0.4,0.02,0.2,0.1,0.1,-0.01,-1.0,-0.28,0.14,0.01,0.13,-0.17,-0.26,-1.07,-1.33,-0.09,0.14,-0.4,-0.18,-0.89,0.19,-0.03,408,205,203
1628984,Devonte' Graham,2023,-0.86,0.36,0.37,0.14,0.24,-0.3,-0.73,0.26,0.7,0.28,0.41,-0.06,-0.67,-0.66,-1.33,-0.45,0.0,-0.67,-0.72,0.06,0.07,0.64,31869,15985,15884
1627982,Josh Gray,2023,-0.45,-0.15,-0.44,-0.24,-0.21,-0.01,-0.29,-0.05,0.0,-0.08,0.08,-0.04,-0.98,-0.35,-1.33,-0.1,-0.05,-0.93,-0.06,-0.29,-0.45,-0.04,91,46,45
1629734,Kyle Alexander,2023,-0.58,-0.1,-0.27,-0.17,-0.1,0.07,-0.59,-0.09,-0.0,-0.0,-0.0,0.02,-0.76,-0.59,-1.35,0.0,-0.13,-0.63,0.07,-0.66,-0.2,0.02,61,31,30
1629673,Jordan Poole,2023,-0.9,0.33,0.05,0.35,-0.29,-0.95,0.1,-0.12,0.09,-0.08,0.17,-0.15,-1.66,0.31,-1.35,0.41,-0.92,-0.74,0.38,-0.07,-0.9,-0.06,32741,16398,16343
1629053,Vincent Edwards,2023,-0.44,-0.06,-0.1,0.02,-0.12,-0.03,-0.6,-0.11,-0.14,-0.06,-0.09,0.01,-0.6,-0.74,-1.35,-0.05,-0.04,-0.56,-0.0,-0.74,-0.13,-0.13,64,32,32
203474,DJ Stephens,2023,-0.66,-0.13,-0.14,-0.02,-0.12,0.07,-0.69,-0.16,0.08,0.09,-0.01,-0.01,-0.7,-0.65,-1.35,-0.0,0.02,-0.72,0.0,-0.65,-0.07,0.07,32,16,16
1629005,Malik Newman,2023,-0.56,-0.12,-0.16,-0.06,-0.11,0.03,-0.49,-0.13,-0.04,-0.06,0.03,-0.04,-0.73,-0.63,-1.35,-0.09,-0.07,-0.66,-0.17,-0.46,-0.13,-0.08,37,19,18
1629091,Elijah Bryant,2023,-0.86,0.01,-0.15,0.01,-0.16,-0.06,-0.52,-0.16,0.19,0.18,0.03,-0.01,-1.15,-0.21,-1.36,0.05,0.15,-1.3,-0.03,-0.18,-0.21,0.18,341,172,169
1630691,Jamorko Pickett,2023,-0.26,-0.02,-0.06,-0.04,-0.02,-0.07,-0.67,-0.26,0.05,-0.05,0.1,-0.19,-0.55,-0.81,-1.36,-0.16,-0.06,-0.49,0.02,-0.83,-0.13,-0.14,726,364,362
1630538,Nah'Shon Hyland,2023,1.25,0.25,0.49,0.26,0.22,0.27,-2.65,-0.68,-0.08,-0.1,0.01,-0.32,2.03,-3.39,-1.36,-0.32,-0.04,2.07,-0.39,-3.0,0.76,-0.4,10251,5128,5123
202700,Donatas Motiejunas,2023,-0.66,-0.17,-0.09,0.06,-0.16,0.02,-0.69,-0.18,0.11,-0.06,0.18,-0.05,-0.73,-0.63,-1.37,-0.01,-0.02,-0.71,0.05,-0.68,-0.07,0.06,115,56,59
1626296,Jordan Sibert,2023,-0.38,-0.09,-0.14,-0.04,-0.11,0.06,-0.82,-0.12,-0.08,-0.08,-0.01,0.02,-0.46,-0.92,-1.37,-0.03,0.13,-0.59,0.04,-0.96,-0.08,-0.06,17,9,8
2207,Joe Johnson,2023,-0.41,-0.09,-0.14,-0.02,-0.12,0.01,-0.76,-0.14,-0.05,-0.06,0.0,0.01,-0.55,-0.82,-1.37,-0.03,-0.0,-0.55,0.02,-0.84,-0.13,-0.04,8,4,4
1630204,Ashton Hagans,2023,-0.53,-0.11,-0.15,-0.09,-0.07,0.02,-0.69,-0.15,0.03,-0.08,0.1,-0.02,-0.67,-0.71,-1.37,-0.03,0.07,-0.74,-0.0,-0.71,-0.13,0.01,19,10,9
1629783,Shaq Buchanan,2023,-0.49,-0.09,-0.14,-0.05,-0.1,0.07,-0.79,-0.12,0.05,0.03,0.03,-0.01,-0.59,-0.78,-1.37,-0.06,0.1,-0.69,0.01,-0.79,-0.07,0.04,45,23,22
1630171,Isaac Okoro,2023,-0.08,0.34,-0.17,0.05,-0.22,-0.07,-1.89,-0.46,0.04,0.39,-0.36,0.82,-0.68,-0.7,-1.38,-0.03,-0.34,-0.34,0.75,-1.45,-0.24,0.86,23472,11693,11779
1630605,JaQuori McLaughlin,2023,-0.32,-0.1,-0.27,-0.0,-0.29,0.06,-0.81,-0.21,-0.06,-0.08,0.01,-0.01,-0.5,-0.88,-1.38,0.03,0.13,-0.63,0.11,-0.99,-0.21,-0.07,48,24,24
1630175,Cole Anthony,2023,-0.65,0.27,0.39,0.24,0.15,0.8,-0.69,-0.11,-1.17,-0.93,-0.24,-0.21,0.54,-1.92,-1.38,0.15,0.21,0.33,-0.33,-1.59,1.19,-1.38,19773,9881,9892
201566,Russell Westbrook,2023,-0.52,-0.39,0.39,-0.25,0.64,-0.47,-0.88,-0.15,0.72,0.38,0.34,-0.37,-0.64,-0.75,-1.39,-0.26,-0.43,-0.21,-0.49,-0.26,-0.08,0.35,54008,27010,26998
1627812,Yogi Ferrell,2023,-0.98,-0.18,-0.2,-0.01,-0.2,-0.03,-0.61,0.04,1.14,-0.03,1.17,-0.44,-1.03,-0.36,-1.39,-0.27,-0.01,-1.02,-0.2,-0.16,-0.23,0.7,7007,3499,3508
1631097,Bennedict Mathurin,2023,-1.07,0.94,-0.44,-0.11,-0.32,0.74,-0.29,-0.42,0.52,-0.0,0.52,-0.61,-0.79,-0.6,-1.4,-0.25,0.27,-1.06,-0.53,-0.07,0.3,-0.09,9275,4646,4629
1629640,Keldon Johnson,2023,-0.46,-0.05,0.01,0.3,-0.29,0.56,-0.94,0.1,-0.28,-0.13,-0.15,-0.38,-0.26,-1.14,-1.4,0.09,0.95,-1.21,0.03,-1.17,0.57,-0.66,27851,13921,13930
1628976,Wendell Carter Jr.,2023,-1.9,-0.21,-1.8,-0.8,-1.0,0.33,1.41,0.32,0.06,0.36,-0.29,0.7,-3.82,2.42,-1.4,-0.2,0.55,-4.37,0.84,1.58,-1.47,0.76,29486,14743,14743
201584,Courtney Lee,2023,-0.5,-0.38,1.07,0.69,0.39,-0.6,-1.42,0.15,0.3,0.33,-0.03,0.1,-0.22,-1.18,-1.4,-0.35,-0.53,0.31,0.14,-1.32,0.47,0.4,3133,1564,1569
1629621,Marial Shayok,2023,-0.32,-0.04,-0.22,-0.14,-0.1,-0.08,-0.74,-0.11,-0.14,-0.08,-0.08,0.02,-0.61,-0.81,-1.42,0.06,-0.0,-0.61,-0.17,-0.64,-0.3,-0.12,123,61,62
1630234,Ty-Shon Alexander,2023,-0.49,-0.02,-0.09,-0.04,-0.06,0.03,-0.66,-0.14,-0.13,-0.01,-0.11,-0.01,-0.53,-0.89,-1.42,-0.07,-0.11,-0.42,-0.07,-0.82,-0.06,-0.14,187,92,95
1626203,Treveon Graham,2023,-1.46,-0.19,0.54,0.04,0.49,0.06,0.04,-0.02,-0.11,-0.22,0.09,-0.27,-0.91,-0.51,-1.43,-0.23,-0.02,-0.89,-0.05,-0.46,0.6,-0.38,7205,3584,3621
201158,Marco Belinelli,2023,0.63,-0.28,-0.06,-0.15,0.07,-0.36,-0.62,0.2,-1.07,-0.56,-0.51,0.38,0.5,-1.93,-1.43,-0.33,-0.41,0.91,-0.08,-1.85,-0.42,-0.69,11468,5724,5744
1628513,Naz Mitrou-Long,2023,-0.64,-0.08,-0.11,0.06,-0.17,0.11,-0.38,0.03,-0.38,-0.32,-0.06,-0.04,-0.63,-0.81,-1.43,0.01,0.16,-0.79,0.08,-0.89,0.0,-0.42,537,264,273
1631320,Chima Moneke,2023,-0.48,-0.1,-0.19,-0.1,-0.09,0.03,-0.78,-0.18,-0.01,-0.09,0.08,0.02,-0.66,-0.77,-1.43,-0.02,0.07,-0.73,0.01,-0.78,-0.16,0.01,33,16,17
1629639,Tyler Herro,2023,0.26,0.43,-0.25,-0.04,-0.21,-0.15,-1.04,-0.23,0.0,-0.09,0.09,-0.72,0.33,-1.75,-1.43,0.47,0.26,0.07,-1.46,-0.29,-0.4,-0.72,35018,17530,17488
1629309,Trayvon Palmer,2023,-0.53,-0.09,-0.27,-0.2,-0.07,0.03,-0.7,-0.19,0.01,0.06,-0.05,0.07,-0.81,-0.62,-1.43,-0.04,-0.01,-0.8,0.07,-0.69,-0.24,0.08,65,32,33
1627772,Daniel Hamilton,2023,-1.22,-0.09,-0.14,-0.15,0.01,0.34,0.04,-0.3,-0.5,-0.22,-0.28,0.01,-0.88,-0.57,-1.44,0.03,0.19,-1.07,0.01,-0.58,0.2,-0.49,746,375,371
1630179,Tyrell Terry,2023,-0.96,-0.16,-0.12,-0.15,0.02,0.07,-0.62,-0.12,0.32,0.04,0.28,0.01,-1.03,-0.41,-1.44,-0.14,-0.04,-0.99,-0.06,-0.35,-0.05,0.33,245,124,121
1628414,Sindarius Thornwell,2023,-1.39,-0.13,-0.19,0.21,-0.41,-0.05,-0.05,0.0,0.27,0.38,-0.11,0.57,-1.64,0.19,-1.45,-0.61,-0.43,-1.21,0.93,-0.74,-0.24,0.84,2379,1176,1203
1630583,Santi Aldama,2023,-1.44,-0.55,-0.14,-0.14,-0.0,-0.03,-0.14,0.03,-0.11,-0.23,0.1,0.29,-1.56,0.11,-1.45,0.12,0.18,-1.74,-0.26,0.37,-0.17,0.18,8869,4442,4427
203504,Trey Burke,2023,-0.84,-0.17,1.42,0.7,0.72,-0.22,-0.8,-0.19,0.36,0.05,0.31,-0.77,0.12,-1.58,-1.46,-0.61,-0.76,0.88,-1.13,-0.45,1.2,-0.41,12839,6430,6409
202323,Evan Turner,2023,-1.6,-0.06,-0.32,-0.64,0.31,-0.03,1.04,-0.16,-0.56,-0.41,-0.15,0.0,-1.67,0.21,-1.46,0.01,0.36,-2.03,-0.24,0.45,-0.35,-0.56,8438,4216,4222
1630235,Trent Forrest,2023,-0.04,0.15,-0.67,0.25,-0.92,0.55,-1.17,-0.23,-0.57,-0.39,-0.19,0.13,-0.17,-1.29,-1.46,0.31,0.32,-0.49,0.57,-1.86,-0.12,-0.44,5344,2656,2688
2594,Kyle Korver,2023,-0.01,-0.18,-0.91,-0.57,-0.34,-0.35,0.44,-0.17,-0.6,-0.77,0.17,0.08,-0.91,-0.56,-1.46,-0.11,0.11,-1.02,-0.37,-0.19,-1.26,-0.52,10209,5145,5064
1629873,Jaysean Paige,2023,-0.64,-0.13,-0.15,-0.02,-0.12,-0.01,-0.48,-0.18,-0.11,-0.09,-0.03,-0.03,-0.78,-0.68,-1.46,-0.04,0.01,-0.79,-0.15,-0.53,-0.16,-0.14,29,15,14
1630612,RJ Nembhard Jr.,2023,-1.02,-0.13,-0.12,0.1,-0.24,-0.04,-0.02,-0.07,-0.15,-0.15,0.0,-0.03,-1.19,-0.28,-1.46,-0.08,-0.25,-0.94,-0.01,-0.27,-0.16,-0.18,234,118,116
1630306,Rob Edwards,2023,-0.68,-0.13,-0.09,-0.06,-0.04,-0.03,-0.48,-0.11,-0.03,-0.1,0.08,-0.04,-0.83,-0.66,-1.48,-0.13,0.0,-0.83,0.03,-0.69,-0.12,-0.07,40,19,21
1630266,Will Magnay,2023,-0.48,-0.1,-0.22,-0.05,-0.17,0.04,-0.81,-0.14,-0.04,-0.08,0.03,0.01,-0.65,-0.84,-1.49,0.01,0.08,-0.73,0.04,-0.88,-0.18,-0.03,15,7,8
1631120,JD Davison,2023,-0.33,-0.21,-0.31,-0.19,-0.14,-0.04,-0.68,-0.17,-0.03,-0.03,-0.0,-0.05,-0.68,-0.81,-1.49,-0.05,0.03,-0.71,-0.18,-0.63,-0.35,-0.08,262,131,131
1630700,Dyson Daniels,2023,-0.19,0.01,-0.89,-0.52,-0.36,-1.04,0.9,0.04,0.2,0.32,-0.11,0.07,-2.35,0.86,-1.49,-0.54,-1.53,-0.82,-0.07,0.93,-1.93,0.27,4287,2137,2150
1631245,Quenton Jackson,2023,-0.51,-0.15,-0.29,-0.11,-0.19,-0.03,-0.97,-0.15,0.23,0.08,0.14,0.07,-0.87,-0.62,-1.49,0.01,0.19,-1.06,0.05,-0.67,-0.32,0.3,583,292,291
1630792,Malcolm Hill,2023,-0.35,-0.2,-0.14,0.06,-0.2,-0.11,-1.18,-0.17,-0.05,-0.23,0.17,0.22,-0.59,-0.92,-1.5,0.11,0.39,-0.98,0.59,-1.51,-0.25,0.17,915,450,465
1629083,Arnoldas Kulboka,2023,-0.56,-0.12,-0.14,-0.0,-0.14,-0.01,-0.67,-0.17,-0.1,-0.08,-0.01,-0.02,-0.68,-0.81,-1.5,0.0,0.03,-0.71,-0.09,-0.72,-0.15,-0.12,22,10,12
1629685,Dylan Windler,2023,-0.73,-0.2,-1.11,-0.32,-0.78,0.42,-0.37,-0.27,0.33,-0.06,0.39,0.25,-1.56,0.06,-1.5,-0.29,0.01,-1.57,-0.3,0.36,-0.69,0.58,3911,1950,1961
203093,Terrence Jones,2023,-0.58,-0.08,-0.16,-0.04,-0.14,-0.02,-0.65,-0.18,-0.06,-0.05,-0.01,0.0,-0.77,-0.73,-1.5,-0.03,0.02,-0.79,-0.05,-0.68,-0.18,-0.06,26,13,13
1630271,Brodric Thomas,2023,-1.26,-0.08,-0.17,0.1,-0.27,0.39,0.23,-0.32,0.0,-0.06,0.06,-0.23,-1.11,-0.39,-1.5,-0.46,0.86,-1.97,-0.25,-0.14,0.22,-0.23,1867,933,934
1630563,Joshua Primo,2023,-0.62,-0.0,-0.1,-0.67,0.56,0.02,0.13,-0.31,-0.52,-0.29,-0.23,-0.2,-0.74,-0.77,-1.51,-0.22,-0.35,-0.39,-1.03,0.26,-0.08,-0.72,4363,2175,2188
1629718,Charles Brown Jr.,2023,-2.29,-0.32,0.25,0.07,0.16,0.28,0.1,-0.13,0.34,0.14,0.22,-0.04,-1.47,-0.04,-1.51,-0.15,0.91,-2.38,0.2,-0.24,0.53,0.3,1518,750,768
1630579,Jericho Sims,2023,-0.79,-0.19,-0.72,-0.21,-0.51,-0.05,-0.33,-0.23,-0.37,-0.36,-0.03,0.56,-1.31,-0.2,-1.52,0.18,0.07,-1.38,0.0,-0.2,-0.77,0.19,5340,2664,2676
1630346,Matt Ryan,2023,0.06,-0.06,-0.17,-0.07,-0.1,-0.2,-0.45,-0.1,-0.18,-0.13,-0.05,-0.01,-0.5,-1.02,-1.52,-0.57,-0.09,-0.41,-0.18,-0.84,-0.37,-0.19,1322,668,654
1631303,Justin Minaya,2023,-0.56,-0.11,0.11,0.02,0.07,-0.04,-0.76,-0.19,-0.13,-0.05,-0.09,-0.09,-0.54,-0.97,-1.52,-0.05,0.17,-0.71,-0.05,-0.92,0.07,-0.22,376,188,188
1630550,JT Thor,2023,-1.05,-0.01,-0.55,-0.31,-0.25,0.12,0.59,-0.09,-0.52,-0.11,-0.41,0.42,-1.68,0.15,-1.53,-0.54,0.53,-2.21,0.38,-0.23,-0.43,-0.1,5038,2505,2533
1629353,Isaac Humphries,2023,-0.64,-0.22,-0.12,0.01,-0.14,0.08,-0.83,-0.24,0.05,0.18,-0.13,0.06,-0.71,-0.81,-1.53,-0.13,0.17,-0.88,0.14,-0.95,-0.04,0.11,249,125,124
1628605,Dusty Hannahs,2023,-0.55,-0.08,0.05,0.11,-0.06,-0.04,-0.69,-0.01,-0.2,-0.18,-0.03,0.02,-0.55,-1.0,-1.54,-0.13,-0.19,-0.36,-0.14,-0.86,0.01,-0.18,163,82,81
202691,Klay Thompson,2023,-0.04,-0.7,0.51,0.06,0.45,-0.14,-0.37,0.11,-0.55,-0.06,-0.48,-0.69,-0.12,-1.42,-1.54,-0.26,-0.15,0.03,-0.02,-1.4,0.37,-1.24,32670,16338,16332
201156,Nick Young,2023,-0.7,-0.22,-0.02,0.06,-0.1,-0.04,-0.59,-0.14,0.04,0.04,-0.0,-0.07,-0.84,-0.7,-1.54,-0.16,-0.21,-0.63,-0.2,-0.5,-0.06,-0.03,151,76,75
202697,Iman Shumpert,2023,-1.58,-0.44,-0.59,-0.2,-0.39,0.18,0.1,-0.26,0.74,-0.15,0.89,-0.62,-1.58,0.02,-1.55,0.22,0.14,-1.72,-0.23,0.25,-0.41,0.12,7587,3787,3800
1628959,Rawle Alkins,2023,-0.72,-0.21,-0.04,0.25,-0.29,0.17,-0.91,-0.27,-0.24,-0.36,0.11,0.15,-0.48,-1.07,-1.55,0.04,0.36,-0.84,0.18,-1.25,0.13,-0.09,489,244,245
1630492,Luca Vildoza,2023,-0.89,-0.2,-0.04,0.01,-0.05,-0.04,-0.65,-0.19,-0.05,-0.01,-0.05,0.06,-0.93,-0.62,-1.55,0.06,-0.01,-0.92,0.03,-0.65,-0.08,0.01,69,35,34
1629729,Josh Reaves,2023,-0.72,-0.15,0.06,0.1,-0.04,-0.07,-0.59,-0.13,-0.09,-0.15,0.06,0.07,-0.84,-0.71,-1.55,-0.21,0.06,-0.9,0.1,-0.81,-0.01,-0.02,149,75,74
1631367,Jacob Gilyard,2023,-0.66,-0.16,0.06,-0.04,0.1,-0.1,-0.69,-0.1,-0.0,-0.04,0.04,-0.02,-0.81,-0.75,-1.56,-0.15,-0.18,-0.63,0.04,-0.79,-0.04,-0.02,171,85,86
203210,JaMychal Green,2023,-1.31,0.27,-0.86,-0.41,-0.45,0.73,-0.62,-0.72,-0.29,-0.18,-0.13,0.28,-0.98,-0.58,-1.56,0.51,0.64,-1.62,0.24,-0.82,-0.13,-0.01,25505,12743,12762
1629003,Shake Milton,2023,-0.22,0.26,0.22,0.54,-0.31,0.46,-1.18,-0.6,-0.19,0.06,-0.25,-0.38,0.41,-1.98,-1.56,-0.27,0.15,0.26,-0.56,-1.42,0.68,-0.57,22952,11495,11457
1628370,Malik Monk,2023,0.27,0.13,0.25,-0.12,0.37,-0.64,-0.87,-0.14,0.15,-0.37,0.52,-0.87,-0.05,-1.52,-1.56,0.15,-0.43,0.38,-0.25,-1.27,-0.39,-0.72,29944,15032,14912
1627743,Demetrius Jackson,2023,-0.58,-0.15,-0.01,0.07,-0.09,-0.07,-0.77,-0.16,0.0,0.04,-0.04,-0.03,-0.68,-0.88,-1.56,-0.1,-0.11,-0.57,-0.05,-0.83,-0.08,-0.03,154,77,77
1631128,Christian Braun,2023,-1.31,-0.64,-0.91,-0.15,-0.77,-0.36,0.61,-0.47,0.24,0.39,-0.17,-0.17,-2.39,0.82,-1.57,0.33,-0.7,-1.69,0.22,0.6,-1.27,0.07,5666,2815,2851
1630537,Chris Duarte,2023,-1.55,-0.03,-1.06,-0.21,-0.85,0.87,0.19,0.02,0.03,0.15,-0.13,-0.12,-1.7,0.13,-1.57,0.07,0.35,-2.05,-0.15,0.28,-0.19,-0.09,9895,4944,4951
1628070,Jordan Loyd,2023,-0.45,-0.03,-0.65,-0.2,-0.45,0.16,-0.79,-0.16,-0.15,-0.05,-0.1,0.04,-0.75,-0.84,-1.58,0.26,0.21,-0.96,0.03,-0.87,-0.49,-0.11,240,119,121
1630184,Kira Lewis Jr.,2023,-2.37,-0.59,0.27,0.2,0.06,0.38,0.44,-0.15,-0.18,-0.11,-0.06,0.31,-1.94,0.36,-1.58,-0.43,-0.02,-1.92,-0.24,0.6,0.65,0.13,6069,3042,3027
1629133,Daryl Macon,2023,-0.95,-0.17,-0.12,-0.12,-0.01,-0.03,-0.25,-0.06,-0.25,0.04,-0.29,0.17,-1.14,-0.45,-1.58,-0.15,0.06,-1.2,0.32,-0.77,-0.15,-0.08,414,208,206
203086,Meyers Leonard,2023,0.3,-0.91,-0.35,-0.45,0.1,-0.34,-1.18,0.17,-0.85,-1.02,0.17,0.89,-0.61,-0.97,-1.58,-0.05,-0.8,0.19,1.05,-2.02,-0.69,0.04,8935,4462,4473
1629168,BJ Johnson,2023,-0.49,-0.17,-0.07,0.22,-0.3,-0.23,-0.87,-0.03,0.13,0.04,0.09,-0.16,-0.65,-0.93,-1.58,0.11,-0.03,-0.62,0.16,-1.09,-0.3,-0.03,831,414,417
203920,Khem Birch,2023,-2.54,-0.53,-0.25,0.25,-0.5,1.23,-0.43,0.32,0.13,0.27,-0.15,0.66,-1.83,0.23,-1.6,-0.4,1.12,-2.95,0.59,-0.36,0.98,0.79,17870,8932,8938
1630557,Corey Kispert,2023,1.06,-0.21,0.65,0.31,0.34,-0.68,-0.87,0.03,-1.64,-0.43,-1.21,0.16,0.73,-2.33,-1.6,-0.28,-0.69,1.42,-0.1,-2.23,-0.03,-1.48,15654,7851,7803
1631095,Jabari Smith Jr.,2023,-2.19,0.01,0.24,0.16,0.06,1.04,0.46,0.05,-1.28,-0.48,-0.8,0.06,-0.83,-0.76,-1.6,0.07,1.07,-1.9,0.13,-0.89,1.28,-1.22,10195,5092,5103
1630564,RaiQuan Gray,2023,-0.54,-0.07,-0.01,0.04,-0.06,-0.04,-0.84,-0.14,-0.05,-0.19,0.14,-0.04,-0.67,-0.95,-1.61,-0.09,-0.1,-0.57,0.04,-0.99,-0.05,-0.09,143,72,71
1628365,Markelle Fultz,2023,-1.33,-0.22,0.79,0.82,-0.04,-0.32,-1.28,-0.3,0.32,0.53,-0.22,0.28,-0.83,-0.78,-1.61,-0.07,0.19,-1.02,-0.01,-0.77,0.47,0.6,20122,10062,10060
1631211,Trevor Keels,2023,-0.59,-0.11,-0.11,-0.04,-0.09,-0.06,-0.71,-0.14,-0.14,-0.1,-0.04,0.02,-0.78,-0.83,-1.61,-0.02,-0.04,-0.74,0.03,-0.86,-0.17,-0.12,34,16,18
1628656,Billy Garrett,2023,-0.43,-0.04,-0.05,-0.14,0.07,-0.2,-0.62,-0.01,-0.22,-0.19,-0.04,0.08,-0.81,-0.79,-1.61,-0.17,-0.12,-0.69,0.1,-0.89,-0.25,-0.14,262,130,132
1628977,Hamidou Diallo,2023,-1.74,-0.57,-0.86,-0.51,-0.35,0.4,0.31,-0.49,0.69,0.03,0.66,-0.23,-2.31,0.7,-1.61,-0.18,0.75,-3.06,-0.47,1.17,-0.46,0.46,20454,10221,10233
203090,Maurice Harkless,2023,-0.47,-0.5,-0.42,-0.47,0.05,-0.1,-0.15,-0.54,0.39,0.32,0.08,-0.18,-1.59,-0.02,-1.61,-0.68,-0.64,-0.95,-0.03,0.01,-0.52,0.21,19788,9883,9905
203460,Andre Roberson,2023,-1.26,-0.13,-0.31,-0.25,-0.06,0.08,-0.54,-0.16,0.15,0.01,0.15,0.18,-1.39,-0.22,-1.62,0.08,0.32,-1.71,0.34,-0.56,-0.23,0.33,620,308,312
1628394,Anzejs Pasecniks,2023,-1.06,-0.11,0.54,0.31,0.22,0.13,-1.78,-0.32,0.37,0.1,0.25,0.02,-0.41,-1.22,-1.62,0.16,0.73,-1.14,0.1,-1.32,0.67,0.39,1858,931,927
1628421,Devin Robinson,2023,-0.56,-0.23,0.09,-0.0,0.07,0.08,-0.93,-0.05,-0.33,-0.22,-0.11,0.14,-0.5,-1.12,-1.62,-0.11,-0.13,-0.37,0.26,-1.38,0.17,-0.19,389,194,195
1631107,Nikola Jovic,2023,-0.75,0.0,-0.04,-0.11,0.07,-0.03,-0.81,-0.08,0.53,0.29,0.24,-0.25,-0.92,-0.7,-1.62,-0.27,-0.01,-0.91,0.14,-0.84,-0.07,0.28,860,430,430
202734,E'Twaun Moore,2023,-0.63,-0.7,0.21,-0.05,0.26,0.05,-0.36,-0.01,-0.48,0.22,-0.7,-0.45,-0.24,-1.39,-1.63,0.03,0.39,-0.63,-0.57,-0.82,0.26,-0.93,11997,6003,5994
1629745,Tariq Owens,2023,-0.64,-0.12,-0.06,-0.02,-0.04,0.0,-0.79,-0.14,-0.04,-0.01,-0.03,-0.07,-0.75,-0.88,-1.63,-0.03,0.02,-0.77,-0.06,-0.82,-0.06,-0.11,61,31,30
202705,MarShon Brooks,2023,-1.39,-0.3,0.22,0.37,-0.16,-0.07,-0.35,-0.26,0.56,-0.19,0.74,-0.42,-1.27,-0.36,-1.63,-0.18,-0.06,-1.21,-0.13,-0.23,0.15,0.14,1425,721,704
1630203,Grant Riller,2023,-0.54,-0.11,-0.15,0.1,-0.26,-0.06,-0.66,-0.14,0.05,-0.06,0.1,-0.12,-0.84,-0.79,-1.63,-0.15,-0.21,-0.63,-0.03,-0.76,-0.21,-0.07,104,54,50
202347,Quincy Pondexter,2023,-1.3,-0.11,-0.55,-0.16,-0.4,0.14,-0.04,0.04,-0.27,-0.1,-0.18,0.32,-1.76,0.12,-1.64,0.06,0.02,-1.78,0.49,-0.37,-0.41,0.05,1209,603,606
1630552,Jalen Johnson,2023,-0.82,-0.15,-0.41,-0.34,-0.07,-0.23,-0.04,-0.17,0.38,0.19,0.19,-0.08,-1.25,-0.39,-1.64,-0.44,-0.43,-0.82,-0.48,0.09,-0.64,0.3,5042,2524,2518
1630602,Chaundee Brown,2023,-0.82,-0.07,0.02,0.06,-0.05,-0.1,-0.53,-0.12,-0.18,-0.13,-0.06,0.03,-0.92,-0.72,-1.65,-0.07,0.12,-1.04,0.19,-0.91,-0.08,-0.15,425,209,216
1629065,Ky Bowman,2023,-1.7,0.04,-0.47,-0.54,0.06,-0.08,-0.03,0.11,0.57,0.01,0.56,0.25,-2.39,0.74,-1.65,-0.19,-0.19,-2.2,0.45,0.29,-0.55,0.82,4161,2079,2082
1626208,Keifer Sykes,2023,-0.1,0.08,-0.01,0.14,-0.15,-0.33,-1.01,0.08,0.32,-0.38,0.7,-0.42,-0.52,-1.13,-1.65,-0.1,-0.29,-0.23,0.01,-1.14,-0.34,-0.1,2240,1125,1115
203473,Dewayne Dedmon,2023,-1.03,-0.28,-1.65,-0.69,-0.97,1.07,-0.29,-0.22,-0.1,-0.39,0.29,0.52,-1.68,0.03,-1.65,-0.17,1.01,-2.69,-0.12,0.15,-0.58,0.42,17182,8576,8606
203079,Dion Waiters,2023,-0.86,-0.6,0.3,0.25,0.05,-0.55,-0.96,-0.27,0.37,0.05,0.32,-0.15,-1.09,-0.57,-1.66,0.19,-0.97,-0.12,-0.36,-0.21,-0.25,0.22,5514,2758,2756
1629631,De'Andre Hunter,2023,-1.29,0.15,0.5,0.64,-0.14,-0.74,-0.48,-0.1,0.37,-0.09,0.46,0.27,-1.88,0.22,-1.66,-0.29,-1.36,-0.52,0.35,-0.13,-0.24,0.64,28490,14229,14261
1631216,Caleb Houstan,2023,-0.64,0.01,-0.64,0.17,-0.81,0.48,-1.7,-0.38,0.55,0.37,0.19,0.17,-0.73,-0.94,-1.67,0.11,-0.04,-0.69,-0.2,-0.74,-0.16,0.72,3296,1644,1652
1629646,Charles Bassey,2023,-1.19,-0.49,-0.94,-0.52,-0.41,0.47,-0.34,-0.15,-0.01,-0.43,0.42,0.34,-1.54,-0.13,-1.67,-0.0,0.83,-2.37,0.72,-0.85,-0.47,0.33,2801,1401,1400
1629741,Marko Guduric,2023,-0.33,-0.25,-0.69,-0.3,-0.39,0.1,-1.01,-0.14,0.2,-0.1,0.31,0.03,-0.93,-0.75,-1.67,0.03,-0.18,-0.75,-0.56,-0.19,-0.59,0.23,2031,1020,1011
1629614,Andrew Nembhard,2023,-0.02,-0.0,0.24,0.09,0.15,-0.48,-1.1,-0.31,-0.24,0.09,-0.33,-0.46,-0.02,-1.65,-1.67,0.39,-0.05,0.03,-0.29,-1.36,-0.24,-0.7,8634,4313,4321
1631133,Jabari Walker,2023,-1.11,-0.29,-0.5,-0.16,-0.34,0.13,-0.23,-0.24,0.33,0.08,0.25,-0.31,-1.35,-0.33,-1.67,0.02,-0.35,-1.0,-0.07,-0.26,-0.37,0.02,2535,1268,1267
1629622,Max Strus,2023,0.06,-0.35,-0.32,-0.19,-0.14,-0.13,-1.58,-0.08,-0.51,-0.15,-0.37,0.66,-0.44,-1.23,-1.67,0.15,-0.23,-0.21,1.06,-2.29,-0.45,0.15,21755,10897,10858
1629668,Zach Norvell Jr.,2023,-0.11,-0.1,-0.27,-0.06,-0.21,-0.05,-1.28,-0.17,0.05,-0.03,0.06,-0.12,-0.38,-1.3,-1.69,0.09,-0.2,-0.18,-0.19,-1.11,-0.32,-0.07,171,85,86
1629066,Rodions Kurucs,2023,-0.58,-0.28,-1.0,-0.64,-0.36,0.11,0.46,-0.21,-0.61,-0.37,-0.24,0.37,-1.78,0.08,-1.7,-0.45,-0.26,-1.52,0.15,-0.07,-0.89,-0.24,9450,4737,4713
201147,Corey Brewer,2023,-2.34,-0.24,0.04,-0.05,0.07,0.53,-1.12,-0.13,0.5,-0.06,0.56,0.26,-1.3,-0.4,-1.7,0.43,0.7,-2.0,0.5,-0.9,0.57,0.76,2122,1056,1066
1631123,Jamaree Bouyea,2023,-0.51,-0.09,-0.22,-0.11,-0.12,0.07,-0.99,-0.15,-0.13,-0.13,-0.0,0.01,-0.7,-1.0,-1.7,0.07,0.03,-0.73,0.2,-1.2,-0.15,-0.12,263,130,133
1627824,Guerschon Yabusele,2023,-0.85,-0.18,-0.09,0.09,-0.19,-0.08,-0.21,-0.21,-0.3,-0.2,-0.1,-0.16,-0.95,-0.75,-1.71,-0.02,0.02,-0.97,-0.66,-0.09,-0.17,-0.46,1065,530,535
1629607,Jared Harper,2023,-0.33,-0.12,0.01,-0.05,0.06,0.07,-1.21,-0.11,0.09,0.03,0.06,-0.17,-0.3,-1.41,-1.71,-0.17,0.24,-0.54,-0.37,-1.04,0.08,-0.08,270,136,134
1629644,KZ Okpala,2023,-1.84,-0.4,-0.39,0.21,-0.61,-0.07,0.52,0.09,0.1,-0.44,0.55,0.03,-2.12,0.4,-1.72,-0.07,-0.43,-1.69,0.32,0.08,-0.46,0.13,3852,1912,1940
1626147,Justin Anderson,2023,-0.12,-0.14,0.26,0.32,-0.07,-0.24,-1.61,-0.17,0.27,0.04,0.23,-0.1,-0.01,-1.71,-1.72,-0.18,-0.54,0.53,-0.35,-1.36,0.02,0.17,3693,1837,1856
1627738,Deyonta Davis,2023,-1.4,-0.19,0.3,0.17,0.11,-0.1,-0.46,-0.21,0.11,0.32,-0.2,-0.04,-1.23,-0.51,-1.73,-0.14,-0.15,-1.08,-0.36,-0.15,0.2,0.07,511,257,254
1630565,Aaron Henry,2023,-0.69,-0.12,-0.27,-0.05,-0.22,0.11,-0.67,-0.17,-0.03,-0.08,0.05,-0.1,-0.83,-0.89,-1.73,-0.08,0.05,-0.88,0.03,-0.92,-0.16,-0.13,69,34,35
1629058,Dzanan Musa,2023,-1.31,-0.08,0.06,0.01,0.05,0.16,-0.54,0.1,0.01,-0.23,0.24,0.0,-1.09,-0.64,-1.73,-0.11,0.53,-1.62,-0.06,-0.58,0.22,0.01,2456,1232,1224
2730,Dwight Howard,2023,-1.95,-0.94,-1.63,-0.62,-1.02,2.27,-0.74,0.23,-0.69,-0.09,-0.6,0.45,-1.2,-0.53,-1.73,0.56,1.94,-3.14,0.32,-0.85,0.64,-0.24,16717,8337,8380
1629102,Brandon Sampson,2023,-0.0,-0.13,0.2,0.3,-0.1,-0.27,-1.11,-0.1,-0.39,-0.1,-0.31,0.13,-0.32,-1.41,-1.73,-0.29,-0.44,0.12,0.26,-1.67,-0.07,-0.26,853,432,421
1630530,Trey Murphy III,2023,-0.19,0.24,-0.72,-0.41,-0.32,0.05,-0.98,-0.34,0.1,0.18,-0.08,0.11,-1.05,-0.69,-1.74,-0.11,0.2,-1.25,-0.43,-0.26,-0.67,0.21,13763,6897,6866
1629150,Emanuel Terry,2023,-0.82,-0.03,-0.45,-0.16,-0.3,0.23,-0.88,-0.17,0.11,0.01,0.09,-0.04,-0.96,-0.79,-1.74,0.11,0.14,-1.1,0.03,-0.82,-0.22,0.07,172,86,86
1631260,A.J. Green,2023,-0.32,-0.52,-0.49,-0.12,-0.36,0.08,-0.65,-0.23,-0.57,-0.41,-0.17,-0.16,-0.36,-1.39,-1.74,0.37,0.66,-1.02,-0.12,-1.27,-0.41,-0.73,1403,700,703
1629739,William Howard,2023,-0.73,-0.12,-0.17,-0.06,-0.12,0.0,-0.88,-0.2,0.14,-0.06,0.19,0.02,-0.96,-0.79,-1.75,-0.13,-0.05,-0.91,0.11,-0.9,-0.17,0.16,57,28,29
1628424,Kobi Simmons,2023,-0.68,-0.06,-0.3,0.02,-0.32,-0.02,-0.54,-0.07,-0.2,-0.15,-0.06,-0.01,-0.99,-0.77,-1.76,-0.01,0.04,-1.03,0.0,-0.77,-0.32,-0.21,119,60,59
201577,Robin Lopez,2023,-2.46,-0.52,-0.92,0.25,-1.18,0.39,2.39,0.85,-2.27,-1.04,-1.23,0.75,-3.0,1.24,-1.76,0.36,0.54,-3.54,0.53,0.71,-0.53,-1.52,20212,10115,10097
1630758,Aleem Ford,2023,-0.54,-0.12,-0.14,-0.04,-0.1,0.03,-0.54,0.01,-0.15,-0.06,-0.09,-0.35,-0.59,-1.17,-1.76,-0.07,-0.24,-0.35,-0.64,-0.53,-0.11,-0.5,272,134,138
1630541,Moses Moody,2023,0.21,-0.27,-0.79,-0.47,-0.31,-0.28,-0.86,-0.23,-0.56,-0.53,-0.03,0.43,-0.9,-0.87,-1.77,0.08,-0.4,-0.5,0.26,-1.13,-1.07,-0.13,6923,3458,3465
1630211,Karim Mane,2023,-0.8,-0.15,-0.09,0.01,-0.1,0.03,-0.87,-0.15,0.04,-0.08,0.11,-0.0,-0.86,-0.91,-1.77,-0.08,0.13,-0.99,-0.23,-0.68,-0.06,0.04,349,175,174
101106,Andrew Bogut,2023,-0.39,-0.17,-0.36,-0.11,-0.25,0.15,-1.28,-0.15,0.17,0.06,0.09,0.02,-0.81,-0.96,-1.77,-0.08,0.14,-0.95,0.31,-1.27,-0.21,0.19,1254,628,626
1630696,Dru Smith,2023,-0.95,-0.11,-0.04,0.07,-0.11,-0.13,-0.04,-0.09,-0.06,-0.08,0.01,-0.07,-1.41,-0.38,-1.79,-0.5,-0.26,-1.15,0.11,-0.49,-0.17,-0.13,636,320,316
1630206,Jay Scrubb,2023,-0.59,-0.02,-0.11,0.01,-0.12,0.03,-1.19,-0.18,0.42,0.34,0.06,-0.11,-0.96,-0.82,-1.79,-0.24,-0.2,-0.76,0.12,-0.94,-0.08,0.31,1020,509,511
1630270,Xavier Sneed,2023,-0.89,-0.17,-0.11,0.22,-0.35,-0.19,-0.37,-0.21,-0.09,-0.15,0.06,-0.03,-1.32,-0.47,-1.79,-0.11,0.03,-1.35,0.11,-0.58,-0.3,-0.12,354,176,178
203469,Cody Zeller,2023,-1.29,-0.35,-1.42,-0.71,-0.71,1.56,-1.26,0.29,-0.1,-0.11,0.0,0.08,-0.95,-0.85,-1.8,0.63,1.26,-2.21,0.78,-1.63,0.14,-0.02,17116,8585,8531
1629147,Joe Chealey,2023,-0.98,-0.13,-0.25,-0.12,-0.12,-0.1,-0.4,-0.09,0.14,0.06,0.06,-0.06,-1.39,-0.4,-1.8,-0.15,-0.21,-1.18,-0.15,-0.25,-0.35,0.08,164,81,83
203926,Doug McDermott,2023,0.19,-0.58,0.15,-0.27,0.42,-0.38,-0.04,-0.04,-1.04,-0.56,-0.48,-0.86,0.14,-1.94,-1.8,0.18,0.11,0.03,-1.32,-0.62,-0.23,-1.9,28554,14336,14218
1631102,TyTy Washington Jr.,2023,-1.86,-0.53,0.17,0.17,-0.0,-0.02,-0.38,-0.04,-0.0,0.01,-0.01,0.42,-1.95,0.14,-1.81,-0.14,0.49,-2.44,0.38,-0.24,0.15,0.42,1762,878,884
1630180,Saddiq Bey,2023,-0.31,0.72,0.45,0.26,0.19,-0.01,-2.02,-0.19,-0.27,-0.04,-0.23,-0.14,0.21,-2.02,-1.81,0.49,0.14,0.07,0.12,-2.14,0.44,-0.41,28463,14248,14215
1629061,Deng Adel,2023,-0.88,-0.2,-0.16,-0.02,-0.14,0.08,-0.76,0.05,-0.36,-0.15,-0.2,0.2,-0.92,-0.89,-1.81,0.07,0.13,-1.05,0.39,-1.28,-0.08,-0.16,599,301,298
1629625,Justin Wright-Foreman,2023,-0.7,-0.06,-0.17,-0.16,-0.01,0.02,-1.03,-0.13,0.1,0.04,0.05,-0.03,-0.85,-0.96,-1.81,-0.0,-0.13,-0.72,-0.08,-0.88,-0.15,0.07,183,90,93
1627736,Malik Beasley,2023,-0.89,-0.56,0.22,0.42,-0.2,-0.23,-1.56,-0.35,0.25,0.33,-0.08,-0.07,-0.6,-1.22,-1.82,0.46,0.13,-0.73,-0.33,-0.89,-0.01,0.18,36308,18179,18129
201145,Jeff Green,2023,0.99,0.87,-0.44,-0.44,-0.0,-1.36,-0.69,0.1,-0.29,-0.13,-0.17,-0.17,-0.53,-1.29,-1.83,0.13,-0.98,0.45,-0.2,-1.09,-1.8,-0.46,35472,17725,17747
1630582,Yves Pons,2023,-1.03,-0.1,-0.42,-0.22,-0.21,0.14,-0.07,-0.12,-0.22,-0.06,-0.15,-0.18,-1.21,-0.63,-1.83,-0.05,0.38,-1.59,-0.23,-0.4,-0.28,-0.4,292,147,145
1629642,Nassir Little,2023,-0.26,-0.11,-0.11,0.41,-0.52,0.89,-0.93,0.08,-0.84,-0.38,-0.47,-0.22,0.55,-2.39,-1.84,-0.37,0.62,-0.07,-0.09,-2.3,0.78,-1.06,13206,6588,6618
1630192,Zeke Nnaji,2023,-2.18,-0.88,-0.7,0.21,-0.91,-0.38,0.14,-0.39,0.29,0.39,-0.1,0.32,-2.57,0.72,-1.85,0.66,0.25,-2.82,0.39,0.33,-1.08,0.61,7361,3667,3694
201229,Anthony Tolliver,2023,-1.99,0.03,0.36,0.01,0.35,-0.59,-0.45,-0.2,0.6,0.22,0.38,-0.29,-1.58,-0.27,-1.85,0.51,-0.62,-0.96,-0.38,0.11,-0.23,0.31,8323,4159,4164
203145,Kent Bazemore,2023,-2.59,-0.14,-0.71,-0.36,-0.35,-0.97,1.23,-0.48,2.07,0.81,1.26,-0.64,-4.01,2.15,-1.86,-0.25,-1.22,-2.79,-0.23,2.38,-1.68,1.43,21889,10926,10963
1629731,Dean Wade,2023,-2.39,-0.08,-0.35,-0.27,-0.07,-0.82,0.04,0.06,0.93,0.33,0.6,0.62,-3.22,1.36,-1.86,0.11,-0.56,-2.66,0.93,0.43,-1.17,1.55,12576,6286,6290
1628398,Kyle Kuzma,2023,-0.57,-0.29,-0.7,0.09,-0.78,-0.31,0.79,0.14,-0.67,-0.56,-0.1,0.12,-1.82,-0.04,-1.86,-0.52,-0.07,-1.75,-0.02,-0.02,-1.01,-0.55,44462,22247,22215
1630170,Devin Vassell,2023,-0.41,-0.39,0.04,-0.25,0.29,-0.84,-0.81,-0.26,0.44,0.27,0.17,-0.36,-0.99,-0.89,-1.87,0.07,-0.33,-0.66,0.65,-1.54,-0.8,0.08,17448,8717,8731
1629665,Jalen Lecque,2023,-1.03,-0.11,-0.11,-0.02,-0.1,-0.06,-0.65,-0.19,0.04,-0.04,0.08,-0.03,-1.11,-0.75,-1.87,-0.03,-0.06,-1.05,-0.18,-0.57,-0.17,0.01,182,89,93
1630544,Tre Mann,2023,-2.14,-0.4,0.25,-0.06,0.32,0.06,0.03,-0.24,0.36,0.33,0.04,-0.77,-1.56,-0.31,-1.87,0.34,-0.37,-1.19,-1.1,0.79,0.31,-0.41,10523,5288,5235
1627781,Malachi Richardson,2023,-1.09,-0.16,-0.55,-0.22,-0.32,0.04,-0.19,-0.1,-0.11,-0.04,-0.08,0.0,-1.45,-0.44,-1.89,0.01,-0.02,-1.43,0.06,-0.5,-0.51,-0.11,440,222,218
201563,Michael Beasley,2023,-1.21,-0.3,0.04,-0.1,0.14,0.13,0.02,0.08,-0.25,-0.09,-0.15,-0.21,-1.22,-0.69,-1.9,-0.42,-0.26,-0.96,-0.4,-0.29,0.17,-0.46,1147,574,573
1630554,Jason Preston,2023,-1.04,-0.28,0.01,0.1,-0.09,0.3,-1.07,-0.26,-0.19,-0.14,-0.04,0.17,-0.79,-1.12,-1.91,-0.09,0.23,-1.02,0.17,-1.29,0.31,-0.02,512,255,257
1629002,Chimezie Metu,2023,0.03,-0.07,-0.84,-0.32,-0.51,-0.68,-0.46,0.33,-0.06,-0.23,0.17,0.42,-1.52,-0.4,-1.92,-0.33,-0.29,-1.23,-0.02,-0.38,-1.52,0.36,11123,5561,5562
203463,Ben McLemore,2023,-0.34,-0.11,0.5,0.29,0.22,-0.78,-1.65,-0.68,0.67,0.13,0.55,-0.82,-0.2,-1.72,-1.92,0.5,-0.16,-0.04,-0.26,-1.46,-0.28,-0.15,17262,8633,8629
1630692,Jordan Goodwin,2023,-1.76,0.04,-0.61,0.01,-0.62,0.48,-0.87,-0.25,0.51,-0.08,0.58,0.5,-1.78,-0.14,-1.92,-0.17,0.54,-2.32,0.16,-0.3,-0.13,1.01,4509,2256,2253
1626192,Pat Connaughton,2023,-0.7,-0.27,0.22,-0.02,0.25,0.06,-0.7,-0.17,-1.13,-0.38,-0.75,0.18,0.06,-1.99,-1.93,0.14,0.32,-0.26,-0.31,-1.68,0.28,-0.95,35662,17775,17887
201952,Jeff Teague,2023,1.24,0.42,-0.05,0.2,-0.24,0.22,-1.5,-0.23,0.18,-0.2,0.38,-1.47,1.03,-2.96,-1.93,-0.55,-0.22,1.25,-2.13,-0.83,0.17,-1.29,15628,7832,7796
1629669,Jaylen Nowell,2023,-0.52,0.42,0.8,0.27,0.52,-0.57,-1.74,-0.76,0.65,-0.29,0.93,-0.15,-0.17,-1.76,-1.93,-0.4,-0.43,0.26,-0.46,-1.3,0.23,0.5,13339,6684,6655
1629045,Bonzie Colson,2023,-0.62,-0.17,0.01,0.0,0.0,0.17,-1.1,0.04,-0.3,-0.11,-0.2,0.01,-0.45,-1.49,-1.93,-0.1,0.1,-0.55,-0.15,-1.34,0.18,-0.29,443,221,222
1630273,Freddie Gillespie,2023,-1.16,-0.22,-0.49,0.04,-0.52,0.01,-0.42,-0.17,0.06,0.17,-0.1,-0.15,-1.62,-0.32,-1.93,0.22,0.2,-1.82,-0.2,-0.12,-0.48,-0.09,2012,1007,1005
1629682,Tremont Waters,2023,-0.57,-0.03,-0.74,-0.79,0.05,0.24,-0.3,-0.26,0.17,-0.09,0.27,-0.48,-1.13,-0.81,-1.94,-0.26,0.24,-1.37,-0.64,-0.17,-0.5,-0.31,1713,856,857
1631110,Jeremy Sochan,2023,-0.94,-0.31,-0.44,-0.46,0.02,0.68,-1.37,0.07,0.25,0.18,0.08,-0.27,-0.82,-1.12,-1.94,0.15,0.22,-1.04,0.57,-1.69,0.24,-0.02,6064,3029,3035
1630173,Precious Achiuwa,2023,-2.42,-0.74,-0.86,0.12,-0.98,1.45,0.38,0.02,-0.61,-0.34,-0.27,-0.17,-1.72,-0.22,-1.94,0.29,0.93,-2.65,-0.43,0.21,0.59,-0.78,14878,7420,7458
1628410,Edmond Sumner,2023,0.13,0.1,-0.6,-0.24,-0.35,-0.38,-0.59,-0.32,0.58,-0.04,0.64,-0.91,-0.94,-1.0,-1.95,-0.18,-0.6,-0.34,-1.49,0.49,-0.98,-0.33,9453,4722,4731
202327,Ekpe Udoh,2023,0.03,-0.28,-0.27,-0.05,-0.24,-0.2,-1.03,-0.2,-0.42,-0.14,-0.27,0.01,-0.52,-1.43,-1.95,-0.07,-0.36,-0.16,0.06,-1.49,-0.47,-0.41,1357,668,689
1630187,Daniel Oturu,2023,-1.24,-0.3,-0.19,0.12,-0.31,0.21,-0.69,-0.23,-0.2,-0.43,0.23,-0.02,-1.02,-0.92,-1.95,0.18,1.01,-2.03,0.34,-1.26,0.02,-0.22,785,392,393
1627215,Walter Lemon Jr.,2023,-0.84,-0.34,0.04,0.05,-0.01,-0.04,-0.89,-0.03,-0.11,-0.13,0.01,0.03,-0.95,-1.0,-1.95,-0.14,-0.03,-0.92,0.22,-1.22,0.0,-0.08,678,340,338
1630214,Xavier Tillman,2023,-2.01,-0.82,-0.29,-0.04,-0.25,-0.32,-1.04,0.39,1.94,1.63,0.32,-0.62,-2.43,0.49,-1.95,0.39,-0.03,-2.4,0.49,-0.0,-0.61,1.32,13581,6786,6795
1629619,Myles Powell,2023,-0.56,-0.08,-0.16,0.0,-0.17,0.06,-1.03,-0.26,-0.06,-0.1,0.03,-0.07,-0.66,-1.3,-1.96,-0.14,0.18,-0.84,-0.03,-1.27,-0.1,-0.13,209,104,105
1629674,Neemias Queta,2023,-1.24,-0.3,-0.25,0.05,-0.31,0.15,-0.94,-0.16,0.04,-0.13,0.17,0.13,-1.15,-0.81,-1.96,0.15,0.25,-1.4,0.12,-0.93,-0.1,0.17,605,299,306
1627883,Jalen Jones,2023,-0.69,-0.14,-0.11,-0.36,0.25,-0.09,-1.28,-0.05,0.15,0.09,0.08,0.1,-0.75,-1.23,-1.97,-0.05,0.11,-0.86,0.32,-1.55,-0.2,0.25,856,424,432
1628499,Antonius Cleveland,2023,-0.63,0.0,-0.1,-0.06,-0.05,0.08,-1.05,-0.18,-0.14,-0.17,0.03,0.1,-0.74,-1.24,-1.98,-0.24,0.06,-0.8,0.12,-1.36,-0.02,-0.04,220,111,109
1629034,Ray Spalding,2023,-1.28,-0.25,-0.26,-0.07,-0.19,0.12,-0.12,-0.21,0.03,-0.2,0.24,-0.2,-1.39,-0.59,-1.98,-0.27,0.1,-1.49,0.02,-0.61,-0.14,-0.17,695,351,344
203961,Eric Moreland,2023,-0.97,-0.09,-0.6,-0.42,-0.17,-0.15,-0.32,-0.15,-0.22,0.03,-0.24,0.03,-1.57,-0.41,-1.98,0.25,-0.06,-1.51,-0.04,-0.37,-0.75,-0.19,277,135,142
203901,Elfrid Payton,2023,-1.41,-0.97,0.06,0.0,0.05,1.09,-1.08,0.29,-0.14,0.11,-0.25,0.25,-0.82,-1.17,-1.99,-0.76,0.43,-1.25,0.57,-1.74,1.15,0.11,18655,9322,9333
1629123,Jared Terrell,2023,-1.05,-0.21,-0.06,-0.1,0.02,-0.13,-0.45,-0.24,-0.1,-0.09,-0.01,-0.13,-1.25,-0.75,-2.0,-0.08,-0.09,-1.16,-0.38,-0.37,-0.19,-0.23,445,222,223
1628413,Jonah Bolden,2023,-1.62,-0.31,-0.57,-0.59,0.0,0.25,-0.88,-0.22,-0.34,-0.13,-0.22,0.37,-1.38,-0.63,-2.01,0.78,0.67,-2.05,0.59,-1.22,-0.32,0.03,3243,1618,1625
1630178,Tyrese Maxey,2023,-0.24,0.44,1.24,0.89,0.35,-1.13,-1.64,-0.24,-0.36,0.17,-0.52,0.13,-0.14,-1.87,-2.01,-0.01,-1.22,1.08,0.01,-1.88,0.11,-0.23,26479,13269,13210
1629017,Khyri Thomas,2023,-1.07,-0.35,0.05,0.32,-0.29,0.07,-1.21,-0.54,0.08,0.13,-0.05,0.11,-0.83,-1.18,-2.01,-0.04,-0.2,-0.63,0.34,-1.52,0.12,0.19,1686,841,845
1630606,Javonte Smart,2023,-1.22,-0.13,-0.14,-0.12,-0.01,0.09,-0.94,-0.1,-0.01,-0.17,0.15,0.11,-1.15,-0.86,-2.02,0.09,0.17,-1.32,0.09,-0.95,-0.05,0.1,797,398,399
202066,Garrett Temple,2023,-1.19,0.09,-0.44,-0.52,0.09,-0.63,-0.05,-0.47,0.05,-0.03,0.09,0.33,-2.05,0.03,-2.02,-0.09,-0.59,-1.46,0.19,-0.16,-1.07,0.38,27442,13708,13734
1627761,DeAndre' Bembry,2023,-0.82,-0.11,-1.3,-0.81,-0.49,0.39,0.06,-0.59,0.76,0.43,0.33,-0.7,-1.77,-0.26,-2.03,-0.42,0.03,-1.8,-0.72,0.46,-0.91,0.06,19850,9889,9961
203382,Aron Baynes,2023,-1.63,-0.63,-0.99,-0.52,-0.46,0.17,-0.34,0.3,0.06,-0.3,0.37,0.56,-2.64,0.61,-2.03,0.14,-0.47,-2.17,-0.02,0.63,-0.82,0.62,11766,5886,5880
1628397,Ivan Rabb,2023,-0.45,-0.19,-1.01,-0.7,-0.32,0.28,-1.22,0.15,0.27,0.28,-0.01,0.1,-1.37,-0.66,-2.03,0.0,0.03,-1.4,0.59,-1.25,-0.73,0.37,2674,1335,1339
1628994,George King,2023,-0.49,-0.07,-0.16,-0.05,-0.11,-0.06,-0.98,-0.29,-0.15,-0.14,-0.01,-0.1,-0.78,-1.25,-2.04,-0.1,0.01,-0.79,-0.16,-1.09,-0.22,-0.25,103,49,54
1630586,Usman Garuba,2023,-1.91,-0.05,-0.51,0.31,-0.82,0.99,-0.98,-0.31,0.34,-0.27,0.61,-0.17,-1.0,-1.05,-2.04,0.2,0.85,-1.85,0.48,-1.53,0.48,0.17,4941,2454,2487
203458,Alex Len,2023,-2.51,-0.88,-1.25,-0.59,-0.66,0.65,1.21,0.39,-1.07,-0.57,-0.5,0.68,-3.1,1.05,-2.04,0.25,0.84,-3.94,0.28,0.77,-0.6,-0.39,18343,9171,9172
1627823,Juancho Hernangomez,2023,-0.91,-0.25,-0.06,0.1,-0.16,0.89,-1.14,-0.02,-1.0,-0.24,-0.76,0.37,-0.07,-1.99,-2.06,-0.21,0.97,-1.04,-0.19,-1.8,0.83,-0.63,17079,8544,8535
1629060,Rui Hachimura,2023,-0.56,0.34,0.14,0.05,0.09,-1.09,-0.14,0.09,-0.69,-0.09,-0.6,0.19,-1.55,-0.5,-2.06,0.09,-1.17,-0.38,0.4,-0.9,-0.95,-0.5,25750,12865,12885
1628405,Johnathan Motley,2023,-0.52,-0.14,-0.44,-0.17,-0.27,0.05,-1.47,-0.29,0.24,0.25,-0.01,0.19,-1.07,-0.99,-2.06,-0.11,-0.01,-1.06,0.39,-1.38,-0.39,0.43,830,413,417
1630256,Jae'Sean Tate,2023,-1.98,-0.72,-0.16,0.35,-0.51,0.68,-0.63,-0.22,0.01,-0.66,0.67,0.28,-1.64,-0.42,-2.06,-0.26,0.87,-2.51,0.12,-0.54,0.52,0.29,19696,9853,9843
1628435,Chance Comanche,2023,-0.61,-0.13,-0.06,-0.09,0.01,-0.01,-1.11,-0.11,-0.18,-0.11,-0.06,-0.05,-0.69,-1.39,-2.08,-0.06,0.1,-0.79,0.03,-1.42,-0.07,-0.23,84,41,43
1629346,Alen Smailagic,2023,-0.04,-0.01,-0.76,-0.55,-0.21,0.08,-0.82,-0.04,-0.11,-0.13,0.01,-0.21,-0.7,-1.38,-2.08,-0.22,-0.05,-0.65,-0.72,-0.66,-0.68,-0.32,927,466,461
202340,Avery Bradley,2023,-0.64,-0.15,-0.9,-0.97,0.07,-0.59,0.22,-0.39,0.61,-0.18,0.8,-0.74,-2.18,0.09,-2.09,-0.05,-1.05,-1.13,-0.42,0.51,-1.49,-0.13,20903,10428,10475
1630186,Jahmi'us Ramsey,2023,-0.81,-0.15,0.4,0.14,0.25,0.18,-1.7,-0.1,-0.38,-0.36,-0.03,0.17,-0.09,-2.01,-2.1,0.04,0.53,-0.62,0.17,-2.18,0.58,-0.21,947,475,472
201160,Jason Smith,2023,-1.21,-0.25,-0.21,-0.14,-0.07,-0.06,-0.54,-0.18,-0.1,-0.32,0.22,0.12,-1.65,-0.47,-2.12,-0.12,-0.08,-1.57,0.33,-0.8,-0.27,0.02,743,371,372
1630577,Julian Champagnie,2023,-0.4,-0.14,-0.37,-0.17,-0.2,0.34,-0.78,-0.22,-0.76,-0.27,-0.5,0.03,-0.56,-1.56,-2.12,-0.18,0.71,-1.27,-0.6,-0.96,-0.03,-0.73,1344,670,674
2760,Anderson Varejao,2023,-0.87,-0.13,-0.16,-0.14,-0.04,0.04,-0.9,-0.07,-0.2,-0.2,0.0,0.0,-1.01,-1.11,-2.12,-0.03,-0.07,-0.94,0.07,-1.18,-0.12,-0.2,154,77,77
1629659,Talen Horton-Tucker,2023,-1.67,-0.18,-0.19,0.24,-0.42,-0.08,0.19,-0.08,-0.04,-0.19,0.15,0.3,-2.16,0.04,-2.13,-0.64,-0.66,-1.5,-0.38,0.42,-0.27,0.26,17508,8754,8754
203546,Ian Clark,2023,-1.56,-0.33,0.15,-0.07,0.22,-0.06,-0.02,-0.03,-0.7,-0.51,-0.19,0.09,-1.33,-0.81,-2.13,-0.03,0.07,-1.4,-0.2,-0.61,0.09,-0.61,4135,2070,2065
201583,Ryan Anderson,2023,-1.2,-0.06,-0.74,-0.14,-0.6,0.02,0.09,-0.15,-0.51,-0.46,-0.05,0.19,-2.09,-0.04,-2.13,0.02,-0.59,-1.5,0.24,-0.28,-0.72,-0.32,1342,669,673
1628432,Davon Reed,2023,-0.51,0.11,-0.55,-0.29,-0.27,-0.42,-1.37,-0.49,-0.01,0.17,-0.18,0.69,-1.36,-0.78,-2.14,0.03,-0.07,-1.29,0.72,-1.5,-0.97,0.68,4255,2115,2140
1631165,Keon Ellis,2023,-0.71,-0.17,-0.1,0.04,-0.14,-0.1,-1.09,-0.22,0.22,-0.03,0.24,-0.09,-1.0,-1.14,-2.14,-0.27,-0.12,-0.88,-0.21,-0.93,-0.2,0.13,273,138,135
1631160,Jordan Hall,2023,-1.0,-0.17,-0.27,-0.07,-0.21,-0.03,-0.99,-0.14,0.22,0.06,0.15,0.08,-1.49,-0.64,-2.14,-0.15,0.06,-1.55,0.24,-0.88,-0.3,0.3,341,172,169
1628463,Tyler Cavanaugh,2023,-0.79,-0.09,-0.22,-0.01,-0.21,-0.01,-0.93,-0.12,-0.11,-0.08,-0.04,-0.07,-1.04,-1.11,-2.15,-0.02,-0.11,-0.93,-0.08,-1.03,-0.23,-0.18,169,84,85
203895,Jordan McRae,2023,-0.2,0.1,0.74,0.69,0.04,-0.62,-1.67,-0.6,-0.06,-0.25,0.19,-0.12,-0.36,-1.81,-2.16,-0.23,-0.47,0.11,0.05,-1.86,0.12,-0.18,4606,2303,2303
1628987,Kevin Hervey,2023,-1.43,-0.16,-0.02,-0.0,-0.02,-0.03,-0.97,-0.09,0.33,0.25,0.08,0.01,-1.48,-0.69,-2.17,-0.06,-0.15,-1.33,-0.02,-0.67,-0.05,0.34,228,114,114
2200,Pau Gasol,2023,-0.95,0.25,0.1,-0.12,0.21,-0.43,-0.99,0.13,-0.61,-0.14,-0.47,0.31,-1.2,-0.97,-2.17,0.4,0.01,-1.21,0.57,-1.54,-0.33,-0.3,1482,739,743
1630536,Sharife Cooper,2023,-0.95,-0.16,-0.19,-0.02,-0.17,-0.15,-0.81,-0.07,-0.09,-0.1,0.01,0.07,-1.34,-0.83,-2.17,-0.05,-0.13,-1.21,0.08,-0.91,-0.34,-0.02,154,77,77
1629738,Vincent Poirier,2023,-1.16,-0.18,-0.36,-0.19,-0.17,-0.02,-0.57,-0.37,-0.1,-0.14,0.03,-0.03,-1.37,-0.81,-2.18,0.06,-0.14,-1.23,0.13,-0.94,-0.38,-0.13,722,362,360
203485,Lorenzo Brown,2023,-1.46,-0.35,-0.84,-0.3,-0.55,-0.03,-0.2,-0.17,-0.09,0.14,-0.23,0.14,-2.01,-0.17,-2.18,0.3,0.01,-2.02,0.36,-0.53,-0.87,0.05,856,424,432
1630237,Anthony Lamb,2023,-0.57,-0.15,-0.97,-0.67,-0.3,0.28,-0.81,0.0,-0.36,-0.43,0.06,0.53,-1.17,-1.01,-2.19,-0.29,-0.14,-1.03,0.54,-1.55,-0.69,0.17,6792,3402,3390
1631219,John Butler Jr.,2023,-1.04,-0.4,0.22,0.12,0.09,-0.26,-0.92,-0.2,-0.18,0.17,-0.34,0.0,-1.21,-0.98,-2.19,-0.01,-0.25,-0.96,-0.1,-0.88,-0.04,-0.18,921,460,461
1631098,Johnny Davis,2023,-2.67,-0.42,0.0,0.54,-0.54,0.08,0.16,-0.12,-0.04,-0.38,0.33,0.19,-2.58,0.39,-2.19,0.09,0.2,-2.78,0.2,0.19,0.08,0.15,1753,880,873
1630241,Sam Merrill,2023,-1.94,-0.3,-0.01,0.07,-0.09,0.01,-0.28,0.01,0.34,0.18,0.17,-0.2,-2.05,-0.15,-2.2,-0.12,0.13,-2.18,-0.4,0.25,0.0,0.14,1557,779,778
1631113,Kennedy Chandler,2023,-1.35,-0.42,-0.75,-0.22,-0.54,0.52,-0.72,-0.2,0.25,0.15,0.09,-0.25,-1.47,-0.73,-2.2,0.1,0.82,-2.29,0.66,-1.39,-0.23,0.0,1160,579,581
202690,Jimmer Fredette,2023,-0.85,-0.03,0.0,0.17,-0.19,-0.16,-0.98,-0.15,-0.05,-0.03,-0.01,0.02,-1.07,-1.13,-2.2,-0.18,-0.17,-0.9,-0.02,-1.11,-0.16,-0.03,269,136,133
1629308,Juan Toscano-Anderson,2023,-0.41,-0.3,-1.12,-0.6,-0.54,-0.62,-0.0,-0.28,-0.14,-0.04,-0.1,0.32,-1.89,-0.33,-2.22,-0.25,-0.75,-1.14,-0.07,-0.26,-1.74,0.18,12771,6359,6412
1630613,Duane Washington Jr.,2023,-0.56,-0.22,-0.71,-0.54,-0.17,0.35,-1.4,-0.21,-0.33,-0.34,0.0,-0.15,-0.53,-1.7,-2.23,0.57,1.1,-1.63,0.13,-1.83,-0.36,-0.48,5624,2819,2805
1630185,Nico Mannion,2023,-0.27,-0.36,-0.29,-0.02,-0.26,-0.38,-0.97,-0.13,0.13,0.23,-0.11,-0.3,-1.05,-1.19,-2.23,-0.15,-0.49,-0.56,-0.61,-0.58,-0.67,-0.17,1506,750,756
1630698,Kevin Pangos,2023,-0.17,-0.19,-0.22,0.31,-0.54,-0.09,-1.62,-0.26,-0.23,-0.14,-0.1,0.02,-0.45,-1.79,-2.24,0.07,-0.44,-0.01,-0.13,-1.66,-0.31,-0.21,652,327,325
1631246,Vince Williams Jr.,2023,-1.54,-0.2,-0.25,-0.05,-0.21,0.05,-0.79,-0.14,0.39,0.17,0.22,-0.04,-1.79,-0.45,-2.24,-0.06,0.02,-1.81,0.21,-0.66,-0.2,0.35,429,217,212
1631111,Wendell Moore Jr.,2023,-0.81,-0.1,-0.3,0.14,-0.44,-0.03,-0.75,-0.24,0.05,-0.04,0.08,-0.17,-1.24,-1.0,-2.24,-0.23,-0.05,-1.19,-0.12,-0.88,-0.33,-0.12,663,329,334
1629714,Jarrell Brantley,2023,-1.93,-0.44,-0.05,0.02,-0.09,0.08,-0.12,-0.08,-0.46,-0.27,-0.2,0.02,-1.75,-0.51,-2.25,0.21,-0.24,-1.51,0.48,-0.99,0.03,-0.44,1175,586,589
1629626,Bol Bol,2023,-0.82,0.01,-1.3,-0.45,-0.83,0.33,-1.04,0.18,0.5,0.46,0.04,0.28,-1.9,-0.35,-2.25,-0.2,0.27,-2.17,0.06,-0.41,-0.97,0.78,7651,3821,3830
203263,James Nunnally,2023,-0.47,-0.15,0.19,-0.01,0.2,-0.16,-1.34,-0.09,-0.37,-0.23,-0.14,0.05,-0.56,-1.69,-2.25,-0.15,-0.17,-0.39,0.23,-1.92,0.03,-0.32,608,305,303
1626195,Willy Hernangomez,2023,-1.51,0.24,-0.31,-0.39,0.07,2.14,-2.98,-0.03,-0.64,-0.09,-0.55,0.78,0.49,-2.75,-2.25,0.27,2.33,-1.84,1.23,-3.98,1.83,0.14,13615,6803,6812
1630219,Skylar Mays,2023,-0.38,-0.24,0.27,0.11,0.15,0.02,-2.16,-0.15,-0.33,-0.22,-0.13,0.42,-0.28,-1.98,-2.26,-0.1,-0.22,-0.06,0.12,-2.1,0.29,0.09,2834,1420,1414
203710,C.J. Williams,2023,-0.9,-0.22,0.04,-0.01,0.05,-0.36,-0.71,-0.15,-0.1,-0.08,-0.03,-0.23,-1.23,-1.04,-2.27,-0.01,-0.6,-0.63,-0.34,-0.7,-0.32,-0.33,513,253,260
2772,Trevor Ariza,2023,-0.73,-0.04,-0.34,-0.25,-0.09,-1.48,-0.79,-0.16,0.97,0.62,0.34,-0.12,-2.32,0.05,-2.27,0.22,-1.13,-1.19,0.44,-0.39,-1.82,0.85,20823,10417,10406
1629610,DaQuan Jeffries,2023,-0.27,-0.21,0.07,0.0,0.06,-0.29,-1.27,-0.23,-0.5,-0.48,-0.01,0.49,-0.89,-1.38,-2.27,-0.5,-0.26,-0.63,0.24,-1.62,-0.22,-0.01,2692,1346,1346
1630695,Micah Potter,2023,-1.5,-0.25,-0.34,-0.22,-0.12,0.03,-0.23,-0.15,-0.22,-0.25,0.04,0.12,-1.83,-0.44,-2.27,-0.13,0.24,-2.07,0.26,-0.7,-0.31,-0.1,363,182,181
202694,Marcus Morris Sr.,2023,0.03,0.16,0.14,0.62,-0.49,-0.38,-2.09,-0.25,-0.65,0.06,-0.72,0.67,-0.15,-2.12,-2.27,0.01,-0.43,0.28,0.65,-2.77,-0.24,0.02,41380,20664,20716
1628425,Sterling Brown,2023,-1.82,-0.06,-0.29,-0.21,-0.07,-0.69,0.14,-0.18,-0.0,0.01,-0.01,-0.0,-2.51,0.24,-2.27,0.39,-0.83,-1.68,0.62,-0.38,-0.98,-0.0,16048,8017,8031
203503,Tony Snell,2023,-0.94,0.08,-0.27,-0.2,-0.07,-0.48,-0.39,-0.06,-0.55,-0.46,-0.09,-0.12,-1.33,-0.98,-2.3,0.45,-0.04,-1.29,-0.6,-0.38,-0.75,-0.67,19210,9595,9615
1628778,Paul Watson,2023,-0.5,-0.35,0.1,-0.15,0.25,-0.03,-1.09,-0.62,0.06,-0.13,0.19,-0.51,-0.43,-1.86,-2.3,-0.33,0.23,-0.66,-0.96,-0.9,0.07,-0.45,2269,1140,1129
203957,Dante Exum,2023,-2.19,-0.11,-0.99,-0.55,-0.44,0.42,-0.57,-0.26,0.85,0.25,0.6,0.59,-2.77,0.47,-2.3,-0.41,-0.06,-2.71,0.43,0.04,-0.57,1.44,5080,2537,2543
1631157,Ryan Rollins,2023,-1.01,-0.07,-0.42,-0.26,-0.17,-0.12,-0.71,-0.14,-0.06,-0.11,0.05,0.07,-1.62,-0.69,-2.31,-0.06,-0.17,-1.45,0.08,-0.77,-0.54,0.01,256,128,128
201163,Wilson Chandler,2023,-0.29,-0.32,-0.9,-0.62,-0.27,0.38,-1.12,0.3,-0.57,0.17,-0.74,0.53,-0.95,-1.36,-2.31,-0.34,0.26,-1.21,0.31,-1.67,-0.52,-0.04,7889,3938,3951
1631217,Moussa Diabate,2023,-1.28,-0.17,-0.27,0.14,-0.41,0.53,-1.58,-0.11,-0.15,-0.28,0.13,0.23,-0.8,-1.5,-2.31,0.21,0.58,-1.38,0.28,-1.78,0.26,0.08,791,396,395
1630268,Nate Darling,2023,-0.82,-0.08,-0.37,-0.06,-0.32,-0.0,-0.79,-0.1,-0.18,-0.15,-0.03,-0.06,-1.25,-1.07,-2.32,-0.1,-0.11,-1.14,-0.21,-0.86,-0.37,-0.24,100,52,48
203095,Evan Fournier,2023,-0.26,-0.35,0.64,0.21,0.42,-0.73,-2.26,-0.07,0.25,0.33,-0.08,0.02,-0.36,-1.97,-2.33,0.01,-0.4,0.04,-0.08,-1.89,-0.09,0.27,36797,18407,18390
203524,Solomon Hill,2023,-0.47,0.02,-0.27,0.26,-0.54,-0.48,-0.34,-0.03,-0.25,-0.38,0.13,-0.22,-0.96,-1.37,-2.33,-0.3,0.08,-1.04,-0.45,-0.92,-0.75,-0.47,15466,7717,7749
1631121,Bryce McGowens,2023,-1.0,0.03,-0.49,-0.16,-0.32,-0.19,-0.44,-0.06,-0.14,-0.24,0.1,0.07,-1.76,-0.58,-2.34,-0.15,-0.33,-1.43,0.06,-0.64,-0.68,-0.07,3250,1620,1630
1630245,Ayo Dosunmu,2023,-1.24,-0.29,-0.45,0.12,-0.57,-0.72,-0.27,-0.09,0.42,0.62,-0.22,-0.01,-2.66,0.32,-2.34,-0.07,-0.56,-2.1,0.34,-0.02,-1.17,0.41,17629,8801,8828
1629752,Juwan Morgan,2023,-1.11,-0.48,-0.19,-0.26,0.07,0.24,-0.49,-0.44,-0.32,-0.27,-0.05,-0.43,-0.96,-1.4,-2.36,-0.06,0.47,-1.43,-0.44,-0.96,0.05,-0.75,1694,845,849
1630625,Dalano Banton,2023,-2.2,-0.49,-0.6,-0.05,-0.55,0.89,-1.19,-0.21,0.33,0.58,-0.25,0.01,-1.56,-0.82,-2.38,0.38,0.81,-2.37,0.09,-0.91,0.29,0.34,3922,1963,1959
1629109,Gary Clark,2023,-1.54,0.36,-0.6,-0.09,-0.51,0.62,-0.26,0.08,-0.29,-0.37,0.09,-0.48,-1.11,-1.27,-2.38,0.17,0.96,-2.07,-1.55,0.28,0.02,-0.77,9610,4797,4813
1628391,D.J. Wilson,2023,-1.65,-0.68,-0.71,-0.11,-0.6,-0.47,0.01,-0.07,-0.76,-0.18,-0.58,0.42,-2.44,0.06,-2.39,0.77,-0.49,-1.95,0.44,-0.38,-1.18,-0.34,7223,3594,3629
1630288,Jeff Dowtin,2023,-1.23,-0.39,-0.02,0.07,-0.1,0.1,-1.22,-0.38,-0.01,-0.01,0.0,0.02,-0.98,-1.42,-2.4,-0.04,0.28,-1.26,0.2,-1.62,0.08,0.01,1442,719,723
1628972,Troy Brown Jr.,2023,-0.29,0.22,0.15,0.4,-0.26,-0.14,-0.66,0.1,-0.77,-0.19,-0.58,-0.41,-0.32,-2.08,-2.41,-0.29,-0.58,0.26,-0.28,-1.8,0.01,-1.18,25023,12515,12508
1628981,Bruno Fernando,2023,-3.06,-0.44,-2.31,-1.2,-1.11,1.86,0.84,-0.47,-0.53,-0.23,-0.32,0.25,-3.23,0.81,-2.42,0.53,1.71,-4.94,0.2,0.61,-0.45,-0.28,6063,3032,3031
1628963,Marvin Bagley III,2023,-2.38,-0.76,-0.29,0.35,-0.64,1.64,-0.25,0.11,-1.03,-0.5,-0.53,-0.12,-1.09,-1.34,-2.42,0.01,1.38,-2.47,-0.15,-1.19,1.35,-1.15,21038,10518,10520
101162,Marcin Gortat,2023,-1.34,-0.7,-1.04,-0.74,-0.31,0.3,0.18,0.21,-0.55,-0.5,-0.05,-0.38,-2.0,-0.43,-2.43,0.4,0.86,-2.86,-0.18,-0.25,-0.74,-0.93,3051,1525,1526
203101,Miles Plumlee,2023,-0.86,-0.19,-0.17,-0.29,0.11,-0.08,-1.31,-0.16,0.06,-0.18,0.23,0.02,-1.2,-1.24,-2.44,-0.1,-0.1,-1.1,0.01,-1.25,-0.25,0.08,739,374,365
203098,John Jenkins,2023,-0.56,-0.13,0.12,-0.26,0.39,-0.82,-0.05,-0.18,-0.7,-0.51,-0.19,0.06,-1.49,-0.95,-2.44,-0.49,-0.99,-0.5,-0.14,-0.81,-0.7,-0.64,1323,665,658
203918,Rodney Hood,2023,-1.82,0.08,0.41,0.31,0.1,-0.79,0.52,-0.29,0.27,-0.04,0.31,-0.91,-2.42,-0.03,-2.45,-0.13,-1.11,-1.31,-0.41,0.38,-0.38,-0.64,17964,8974,8990
1629638,Nickeil Alexander-Walker,2023,-0.49,-0.51,-0.06,0.0,-0.05,-0.42,-0.81,-0.21,0.3,-0.5,0.79,-0.88,-0.86,-1.59,-2.45,-0.09,-0.16,-0.7,-0.39,-1.2,-0.48,-0.58,16601,8295,8306
202335,Patrick Patterson,2023,-1.59,-0.32,-0.05,-0.05,-0.01,-0.18,-1.11,-0.03,0.03,-0.01,0.04,-0.05,-1.39,-1.05,-2.45,0.5,0.31,-1.7,0.1,-1.15,-0.23,-0.02,9060,4524,4536
1631212,Peyton Watson,2023,-1.09,-0.32,-0.24,0.02,-0.27,0.03,0.08,0.03,-0.17,0.04,-0.22,-0.44,-1.51,-0.95,-2.46,-0.63,-0.15,-1.36,-0.6,-0.35,-0.21,-0.61,781,394,387
1630558,Davion Mitchell,2023,-1.45,-0.09,-0.32,-0.21,-0.11,-0.38,-0.01,-0.37,0.71,-0.2,0.92,-0.34,-2.22,-0.24,-2.46,-0.67,-0.33,-1.89,-0.8,0.56,-0.7,0.37,14877,7404,7473
1631119,Jaylin Williams,2023,-1.01,-0.18,-0.27,-0.14,-0.14,0.38,-2.79,0.11,-0.14,-0.36,0.2,0.66,-1.01,-1.45,-2.47,0.7,0.45,-1.46,0.84,-2.29,0.11,0.52,3812,1902,1910
1627739,Kris Dunn,2023,-1.17,-0.16,-0.04,0.36,-0.4,-0.53,-1.39,-0.5,1.23,0.57,0.66,-0.29,-2.0,-0.46,-2.47,-0.28,-0.7,-1.3,-0.17,-0.29,-0.57,0.94,14808,7392,7416
1629730,Rayjon Tucker,2023,-1.14,-0.03,-0.06,0.0,-0.07,0.01,-1.87,-0.13,0.25,-0.1,0.36,0.15,-1.19,-1.29,-2.48,0.18,0.05,-1.24,0.38,-1.67,-0.05,0.4,1391,698,693
101133,Ian Mahinmi,2023,-2.39,-0.4,-0.14,-0.11,-0.04,0.63,-1.52,-0.16,0.75,0.39,0.36,-0.11,-1.76,-0.71,-2.48,0.3,0.69,-2.45,-0.1,-0.61,0.49,0.64,5370,2685,2685
2747,JR Smith,2023,-0.97,-0.32,-0.6,-0.2,-0.41,-0.5,-0.57,-0.3,0.37,0.17,0.2,0.07,-2.31,-0.17,-2.48,-0.28,-0.93,-1.38,-0.49,0.32,-1.1,0.44,1558,774,784
1630225,Isaiah Todd,2023,-1.76,-0.26,-0.11,-0.1,-0.02,-0.09,-0.57,-0.14,0.06,-0.2,0.27,0.07,-2.06,-0.43,-2.49,-0.09,-0.0,-2.06,0.11,-0.54,-0.2,0.13,553,279,274
1629541,Dairis Bertans,2023,-0.84,-0.23,-0.11,0.01,-0.14,-0.28,-0.57,-0.1,-0.52,-0.29,-0.23,0.1,-1.48,-1.0,-2.49,-0.27,-0.54,-0.94,-0.26,-0.74,-0.39,-0.42,710,358,352
201961,Wayne Ellington,2023,-0.79,-0.27,0.29,0.09,0.2,-0.21,-0.67,-0.33,-0.15,-0.14,-0.0,-0.34,-1.1,-1.4,-2.5,-0.63,-0.28,-0.82,-0.67,-0.73,0.08,-0.49,15555,7798,7757
1630240,Saben Lee,2023,-1.61,0.26,-0.15,-0.25,0.11,-0.35,-0.46,0.27,0.2,-0.33,0.55,-0.2,-1.84,-0.67,-2.51,0.06,0.23,-2.07,-0.48,-0.19,-0.5,0.0,7076,3541,3535
1630221,Josh Hall,2023,-0.94,-0.38,-0.11,-0.01,-0.1,-0.27,-1.04,-0.17,-0.53,-0.17,-0.38,0.32,-1.37,-1.15,-2.51,0.06,-0.25,-1.12,0.17,-1.32,-0.38,-0.21,1419,707,712
1631222,Jake LaRavia,2023,-0.75,-0.25,-0.52,-0.19,-0.34,-0.06,-0.28,-0.27,-0.38,-0.41,0.03,-0.21,-1.45,-1.07,-2.52,-0.32,-0.21,-1.24,-0.5,-0.57,-0.58,-0.59,1704,846,858
1630210,Markus Howard,2023,-0.86,-0.08,0.57,0.39,0.19,-0.28,-1.86,-0.23,-0.1,-0.24,0.14,0.01,-0.52,-2.01,-2.53,-0.01,-0.2,-0.32,0.4,-2.41,0.29,-0.09,1935,969,966
101139,CJ Miles,2023,-1.79,0.09,0.07,-0.04,0.11,-0.54,-0.21,-0.47,0.08,-0.1,0.18,-0.16,-2.1,-0.44,-2.53,0.02,-0.27,-1.83,0.04,-0.48,-0.47,-0.08,4192,2099,2093
2585,Zaza Pachulia,2023,-2.58,0.04,-0.7,0.36,-1.06,0.22,0.12,-0.27,-0.15,0.01,-0.17,0.64,-2.92,0.39,-2.53,-0.08,-0.12,-2.8,0.4,-0.01,-0.48,0.49,3556,1770,1786
1628372,Dennis Smith Jr.,2023,-3.07,-0.51,-0.72,-0.5,-0.22,-0.32,1.5,-0.45,0.64,0.34,0.29,0.07,-4.4,1.87,-2.53,-0.63,-0.48,-3.92,0.39,1.48,-1.04,0.71,18214,9086,9128
1631101,Shaedon Sharpe,2023,1.31,0.15,-0.86,-0.4,-0.46,-0.34,-2.35,0.12,-0.01,0.41,-0.42,0.2,-0.28,-2.26,-2.54,-0.49,-0.71,0.43,0.79,-3.05,-1.2,0.19,7253,3631,3622
1627816,Alex Poythress,2023,-1.02,-0.26,-0.4,-0.06,-0.34,-0.08,-1.22,-0.18,0.1,-0.38,0.48,0.05,-1.46,-1.08,-2.54,0.03,-0.29,-1.17,-0.34,-0.74,-0.48,0.15,1198,595,603
1630561,David Duke Jr.,2023,-1.93,-0.45,-0.5,-0.05,-0.45,0.82,-1.1,-0.2,0.06,-0.1,0.17,0.16,-1.54,-1.0,-2.54,-0.05,0.85,-2.39,0.05,-1.05,0.32,0.22,2324,1161,1163
1629597,Zylan Cheatham,2023,-0.8,-0.15,-0.36,-0.24,-0.14,-0.0,-1.05,-0.16,-0.29,-0.24,-0.05,0.09,-1.29,-1.25,-2.54,-0.13,-0.04,-1.25,-0.12,-1.13,-0.36,-0.2,235,117,118
1628393,Jawun Evans,2023,-1.03,-0.23,-0.21,-0.06,-0.16,-0.15,-0.86,-0.16,-0.06,-0.13,0.06,-0.12,-1.47,-1.08,-2.55,-0.12,-0.2,-1.27,0.08,-1.16,-0.36,-0.18,248,123,125
1631108,Max Christie,2023,-2.37,-0.24,0.24,0.22,0.01,0.11,0.04,-0.22,-0.19,-0.39,0.2,-0.11,-1.93,-0.63,-2.56,-0.28,0.69,-2.62,-0.52,-0.11,0.35,-0.3,2254,1128,1126
1629076,Tyler Cook,2023,-0.04,-0.33,-0.2,0.01,-0.22,-0.03,-1.29,0.16,-0.79,-0.55,-0.25,-0.05,-0.51,-2.06,-2.57,-0.17,-0.37,-0.14,-0.49,-1.57,-0.23,-0.84,2787,1400,1387
201580,JaVale McGee,2023,-2.57,-1.04,-2.0,-1.79,-0.21,1.95,0.89,0.5,-0.57,-0.01,-0.56,-0.32,-2.71,0.12,-2.59,0.03,0.49,-3.2,0.13,-0.01,-0.05,-0.89,21936,10963,10973
1630189,Tyler Bey,2023,-1.27,-0.23,-0.2,-0.12,-0.07,0.11,-1.1,-0.15,0.0,-0.14,0.14,-0.03,-1.46,-1.13,-2.59,-0.1,-0.11,-1.35,0.0,-1.13,-0.09,-0.03,298,151,147
1629134,Kendrick Nunn,2023,-0.19,-0.34,-0.37,-0.52,0.16,-0.56,-0.38,0.01,-0.43,0.06,-0.5,-0.3,-1.21,-1.39,-2.6,-0.37,-0.62,-0.59,-0.64,-0.75,-0.93,-0.73,19770,9872,9898
1630543,Isaiah Jackson,2023,-0.86,-0.27,-1.34,-1.15,-0.19,1.13,-0.18,0.09,0.08,0.09,-0.03,-0.67,-1.63,-0.97,-2.6,-0.76,0.28,-1.91,-0.14,-0.83,-0.21,-0.59,6610,3304,3306
1628403,Caleb Swanigan,2023,-0.68,-0.54,-1.37,-0.67,-0.71,-0.04,-0.68,-0.21,0.01,-0.08,0.09,-0.11,-1.89,-0.72,-2.61,0.26,-0.32,-1.57,-0.05,-0.67,-1.41,-0.1,1926,957,969
1629126,Deonte Burton,2023,-2.79,-0.4,0.25,0.14,0.11,-0.68,0.74,-0.11,0.34,0.11,0.23,-0.14,-3.33,0.72,-2.61,-0.33,-1.34,-1.99,-0.21,0.93,-0.43,0.2,2529,1258,1271
1627853,Ryan Arcidiacono,2023,-2.7,-0.62,0.72,0.21,0.51,-0.83,-0.15,-0.02,0.94,0.2,0.74,0.1,-2.73,0.12,-2.62,-0.7,-0.51,-2.22,-0.11,0.23,-0.11,1.04,14370,7173,7197
1630581,Josh Giddey,2023,-2.26,-0.88,-0.4,-0.69,0.29,0.46,-0.04,0.05,-0.05,0.05,-0.1,-0.39,-2.39,-0.24,-2.63,0.05,0.02,-2.41,-0.2,-0.04,0.06,-0.44,17095,8554,8541
1626187,Michael Frazier,2023,-1.31,-0.23,-0.15,-0.1,-0.05,-0.32,-0.92,-0.24,0.32,0.08,0.24,-0.03,-2.05,-0.59,-2.63,-0.22,0.12,-2.17,0.06,-0.65,-0.47,0.29,689,341,348
203584,Troy Daniels,2023,-1.37,-0.13,-0.17,0.17,-0.35,-0.02,-0.7,-0.15,0.37,-0.17,0.53,-0.48,-1.46,-1.17,-2.63,-0.26,0.15,-1.61,-0.26,-0.91,-0.19,-0.11,5411,2709,2702
1630224,Jalen Green,2023,0.04,0.05,-0.54,-0.07,-0.47,-0.12,-0.87,0.09,-0.72,-0.28,-0.43,-0.16,-1.15,-1.48,-2.63,-0.26,-0.45,-0.7,0.24,-1.72,-0.66,-0.88,19776,9892,9884
1629751,Dakota Mathias,2023,-1.97,-0.35,-0.14,-0.01,-0.12,0.07,-0.21,-0.12,-0.34,-0.27,-0.08,-0.19,-1.96,-0.7,-2.66,0.12,0.31,-2.27,-0.2,-0.5,-0.07,-0.53,572,288,284
1629014,Anfernee Simons,2023,-0.35,-0.18,0.67,0.45,0.22,-0.55,-0.83,-0.23,-1.1,-0.2,-0.9,-0.59,-0.1,-2.56,-2.66,0.09,0.1,-0.2,-1.2,-1.36,0.12,-1.69,27323,13663,13660
1629637,Jaxson Hayes,2023,-2.26,0.33,-0.67,-0.92,0.25,0.19,-1.07,-0.32,0.83,0.29,0.53,0.45,-2.57,-0.11,-2.68,-0.15,0.62,-3.19,0.42,-0.53,-0.48,1.28,16945,8470,8475
1627774,Jake Layman,2023,-1.44,-0.63,-1.3,-0.1,-1.2,0.15,0.08,0.19,0.3,0.37,-0.06,0.02,-2.86,0.19,-2.68,-0.49,-0.64,-2.22,-0.05,0.24,-1.15,0.32,11294,5664,5630
1630639,AJ Lawson,2023,-1.1,-0.28,0.12,0.01,0.11,-0.2,-1.54,-0.14,-0.15,-0.22,0.05,0.2,-1.27,-1.42,-2.69,-0.02,-0.19,-1.08,0.27,-1.69,-0.08,0.05,456,227,229
1630200,Tre Jones,2023,-0.95,-0.15,0.64,0.47,0.16,0.13,-1.9,0.5,0.04,0.1,-0.06,-0.08,-0.47,-2.23,-2.69,-0.57,-0.24,-0.23,-0.89,-1.34,0.77,-0.04,13903,6963,6940
1629139,Yuta Watanabe,2023,-1.01,-0.03,-0.64,-0.1,-0.55,0.23,-1.21,-0.11,0.48,0.34,0.13,-0.07,-1.57,-1.13,-2.7,-0.48,-0.34,-1.23,-0.15,-0.98,-0.41,0.41,9586,4804,4782
1631116,Patrick Baldwin Jr.,2023,-0.87,-0.38,-0.37,-0.3,-0.09,-0.18,-1.4,0.05,0.03,-0.15,0.17,0.01,-1.5,-1.2,-2.7,0.08,-0.59,-0.91,0.35,-1.55,-0.55,0.04,971,483,488
1626257,Salah Mejri,2023,-1.49,-0.26,-0.22,0.07,-0.31,0.09,-0.22,0.08,-0.61,-0.46,-0.15,-0.07,-1.65,-1.05,-2.7,-0.18,-0.33,-1.32,-0.04,-1.01,-0.13,-0.68,1610,803,807
1629244,Cameron Reynolds,2023,-0.71,-0.2,-0.19,0.01,-0.21,-0.24,-1.12,-0.16,-0.18,-0.18,0.0,-0.04,-1.3,-1.41,-2.71,-0.23,-0.3,-1.0,-0.34,-1.07,-0.43,-0.22,1177,594,583
1629735,Chris Silva,2023,-1.52,-0.2,-1.56,-0.36,-1.2,1.11,-1.45,-0.51,-0.1,-0.15,0.05,0.12,-1.31,-1.43,-2.73,0.67,0.99,-2.3,0.27,-1.7,-0.45,0.02,2161,1074,1087
101161,Amir Johnson,2023,-1.02,-0.4,-0.34,-0.22,-0.12,0.09,-1.35,-0.26,-0.51,0.0,-0.52,0.15,-1.24,-1.5,-2.74,0.24,0.08,-1.32,0.31,-1.81,-0.25,-0.36,2294,1137,1157
1717,Dirk Nowitzki,2023,-1.47,-0.42,-0.0,-0.04,0.04,-0.56,0.13,0.1,-1.32,-0.46,-0.86,0.3,-1.95,-0.81,-2.76,0.16,-0.31,-1.64,0.01,-0.82,-0.56,-1.02,3120,1570,1550
201599,DeAndre Jordan,2023,-2.0,-0.87,-2.36,-1.66,-0.7,1.31,1.38,0.64,-2.03,-0.86,-1.17,0.85,-3.08,0.33,-2.76,0.09,0.72,-3.8,0.07,0.26,-1.05,-1.18,23526,11735,11791
1631230,Dominick Barlow,2023,-1.45,-0.3,-0.55,0.04,-0.59,0.5,-0.62,-0.06,-0.72,-0.38,-0.34,-0.02,-1.47,-1.3,-2.77,0.09,0.68,-2.15,-0.05,-1.25,-0.05,-0.74,1622,810,812
1628980,Jacob Evans,2023,-1.85,0.15,-0.16,-0.15,-0.02,-0.08,-0.28,-0.3,-0.01,-0.06,0.05,0.05,-2.3,-0.5,-2.8,-0.47,-0.15,-2.15,-0.08,-0.42,-0.24,0.04,2626,1309,1317
1630466,Gabriel Deck,2023,-0.71,-0.19,0.22,0.07,0.14,-0.13,-1.47,0.04,-0.01,0.0,-0.03,-0.15,-0.84,-1.98,-2.81,-0.56,-0.25,-0.59,-0.32,-1.66,0.09,-0.16,1099,551,548
1630207,Nate Hinton,2023,-1.34,-0.15,-0.22,-0.1,-0.14,0.03,-1.0,-0.18,0.03,-0.23,0.25,-0.2,-1.54,-1.28,-2.81,-0.11,-0.15,-1.39,-0.13,-1.15,-0.19,-0.17,392,197,195
1629617,Reggie Perry,2023,-1.48,-0.38,-0.21,0.24,-0.46,0.28,-0.38,-0.42,-0.52,-0.23,-0.31,-0.29,-1.4,-1.42,-2.82,-0.22,0.38,-1.78,-0.5,-0.92,0.07,-0.81,1701,844,857
1630548,Johnny Juzang,2023,-2.02,-0.42,0.11,0.09,0.02,0.01,-0.67,-0.04,-0.6,-0.2,-0.39,0.17,-1.72,-1.11,-2.82,0.18,0.19,-1.91,0.25,-1.36,0.12,-0.43,976,485,491
1630526,Jeremiah Robinson-Earl,2023,-1.9,-0.47,0.11,-0.16,0.27,0.25,-0.62,0.34,-0.47,0.14,-0.61,-0.02,-1.75,-1.07,-2.82,-0.17,0.68,-2.43,0.26,-1.33,0.36,-0.49,8016,4012,4004
1630678,Terry Taylor,2023,-0.89,-0.29,-0.37,-0.14,-0.24,1.12,-3.01,0.2,0.27,0.11,0.15,0.34,-0.25,-2.57,-2.82,-0.28,1.03,-1.28,0.17,-2.74,0.75,0.61,4033,2012,2021
1628400,Semi Ojeleye,2023,-2.73,-0.42,-0.7,0.1,-0.8,-0.02,0.97,0.32,0.23,-0.38,0.61,-0.72,-3.34,0.52,-2.82,0.15,-0.07,-3.27,-0.66,1.18,-0.72,-0.49,12456,6203,6253
1629033,Theo Pinson,2023,-3.24,-0.36,0.16,0.2,-0.05,-0.6,1.67,0.03,-0.2,-0.3,0.11,-0.37,-3.62,0.79,-2.83,-0.25,-0.15,-3.47,-0.24,1.03,-0.44,-0.57,4512,2246,2266
202328,Greg Monroe,2023,-2.5,-0.47,-0.32,-0.26,-0.07,0.45,-1.13,-0.5,-0.01,-0.2,0.19,0.12,-1.88,-0.96,-2.84,0.55,0.3,-2.18,0.34,-1.3,0.13,0.11,3120,1559,1561
1627786,Troy Williams,2023,-1.14,0.04,-0.57,-0.4,-0.17,-0.14,-1.09,-0.35,0.19,-0.23,0.42,0.14,-1.87,-0.98,-2.85,-0.24,-0.3,-1.57,0.01,-0.99,-0.71,0.33,1357,680,677
1629686,Deividas Sirvydis,2023,-1.34,-0.35,-0.27,0.07,-0.35,-0.16,-0.83,-0.21,0.09,-0.03,0.1,0.05,-1.97,-0.89,-2.85,-0.39,-0.46,-1.51,0.37,-1.26,-0.43,0.14,652,330,322
1629645,Kevin Porter Jr.,2023,-0.72,-0.52,-0.95,-0.29,-0.66,0.34,-1.15,-0.04,-0.09,0.08,-0.17,-0.37,-1.38,-1.48,-2.86,0.08,0.29,-1.67,-0.42,-1.06,-0.61,-0.46,24514,12246,12268
203082,Terrence Ross,2023,-1.69,0.43,0.46,0.19,0.27,-0.49,-0.59,-0.65,-0.41,-0.04,-0.37,0.03,-1.39,-1.48,-2.87,-0.18,-0.64,-0.75,0.11,-1.59,-0.03,-0.38,34167,17134,17033
1627854,Bryn Forbes,2023,-0.15,-0.43,-0.4,0.09,-0.49,-0.45,-1.49,-0.0,-0.18,-0.13,-0.05,0.07,-1.03,-1.87,-2.9,-0.3,-0.22,-0.81,-0.27,-1.6,-0.85,-0.11,29556,14795,14761
1630253,Sean McDermott,2023,-2.03,-0.07,-0.56,-0.24,-0.32,0.22,-0.99,-0.02,0.18,0.22,-0.05,0.0,-2.16,-0.74,-2.9,0.28,0.53,-2.69,0.01,-0.75,-0.34,0.18,646,321,325
1629599,Amir Coffey,2023,-1.31,-0.03,-0.17,0.07,-0.25,-0.42,0.06,-0.21,-0.81,-0.36,-0.46,-0.07,-1.79,-1.13,-2.91,-0.19,-0.07,-1.72,-0.97,-0.16,-0.59,-0.88,11148,5544,5604
1630549,Day'Ron Sharpe,2023,-0.85,-0.44,-0.89,-0.5,-0.39,1.45,-2.66,-0.24,-0.3,-0.06,-0.25,0.06,-0.19,-2.72,-2.91,0.28,1.55,-1.74,0.66,-3.38,0.56,-0.24,3917,1966,1951
1630228,Jonathan Kuminga,2023,0.65,-0.18,-1.25,-0.69,-0.56,-0.66,-0.54,-0.2,0.05,0.2,-0.15,-0.55,-1.45,-1.46,-2.91,-0.61,-0.84,-0.61,-0.33,-1.13,-1.91,-0.5,11358,5659,5699
1630547,James Bouknight,2023,-1.03,0.17,-0.75,0.01,-0.76,0.14,-0.46,-0.52,-0.11,-0.44,0.32,-0.32,-1.49,-1.43,-2.92,-0.39,0.43,-1.92,-0.49,-0.94,-0.61,-0.43,3384,1687,1697
1629628,RJ Barrett,2023,-1.74,-0.37,0.41,0.45,-0.04,0.66,-0.59,-0.22,-0.93,-0.23,-0.7,-0.11,-1.11,-1.83,-2.94,-0.64,0.1,-1.21,-0.08,-1.75,1.07,-1.04,38483,19227,19256
1627735,Wade Baldwin IV,2023,-1.42,-0.22,-0.3,-0.1,-0.2,-0.04,-0.73,-0.04,-0.22,-0.15,-0.05,-0.17,-1.71,-1.23,-2.94,-0.06,-0.16,-1.55,-0.12,-1.11,-0.34,-0.39,380,189,191
1628966,Keita Bates-Diop,2023,-2.08,-0.02,0.16,0.32,-0.16,-0.39,-0.02,0.23,-0.38,0.11,-0.5,0.02,-2.35,-0.6,-2.95,-0.26,-0.24,-2.11,-0.17,-0.43,-0.23,-0.36,16083,8019,8064
203200,Justin Holiday,2023,-0.8,-0.15,0.14,-0.05,0.19,-1.7,-0.38,-0.32,0.24,0.5,-0.25,-0.6,-2.08,-0.87,-2.96,0.14,-1.84,-0.24,-0.74,-0.13,-1.56,-0.36,38295,19134,19161
1629018,Gary Trent Jr.,2023,-1.6,0.13,1.49,0.74,0.75,-0.05,-2.61,-0.03,0.53,-0.19,0.72,-0.91,-0.05,-2.92,-2.96,0.19,0.67,-0.72,-0.74,-2.18,1.44,-0.38,32934,16469,16465
1629658,Jaylen Hoard,2023,-1.34,-0.45,-0.44,-0.14,-0.3,0.53,-0.53,-0.18,-0.62,-0.3,-0.32,-0.18,-1.38,-1.59,-2.97,-0.39,0.82,-2.2,-0.36,-1.23,0.09,-0.8,2882,1443,1439
1630208,Nick Richards,2023,-1.47,-0.24,-0.71,-0.29,-0.42,0.72,-0.27,0.04,-0.72,-0.11,-0.61,-0.08,-1.41,-1.56,-2.97,-0.44,0.4,-1.81,-0.51,-1.05,0.01,-0.8,6745,3365,3380
1629713,Justin James,2023,-1.81,-0.38,-0.02,-0.16,0.12,-0.49,-0.59,-0.11,0.42,0.1,0.32,0.07,-2.62,-0.37,-2.98,-0.56,-0.5,-2.12,0.54,-0.91,-0.51,0.49,2249,1120,1129
202684,Tristan Thompson,2023,-3.16,-0.79,-0.47,0.46,-0.93,2.62,-1.8,0.72,-1.55,-0.55,-1.0,1.06,-1.08,-1.9,-2.98,0.32,1.51,-2.59,0.73,-2.63,2.15,-0.49,21105,10519,10586
1626170,Jerian Grant,2023,-1.78,-0.53,-0.16,-0.44,0.27,-0.38,-0.9,-0.44,0.24,-0.03,0.27,0.27,-2.46,-0.54,-3.0,-0.29,0.18,-2.64,0.32,-0.86,-0.54,0.51,4165,2071,2094
1627748,Thon Maker,2023,-2.35,-0.22,-0.24,-0.39,0.15,-0.28,-0.21,-0.13,0.58,0.38,0.2,-0.65,-2.41,-0.59,-3.0,0.15,-0.77,-1.64,0.34,-0.93,-0.52,-0.07,7322,3638,3684
1629712,Marcos Louzada Silva,2023,-1.52,-0.16,-0.37,-0.02,-0.35,-0.2,-0.43,-0.2,0.04,-0.0,0.04,-0.17,-2.25,-0.76,-3.0,-0.35,-0.27,-1.98,-0.03,-0.73,-0.57,-0.13,755,378,377
1626179,Terry Rozier,2023,-2.18,-0.41,0.51,0.51,-0.0,-0.18,-0.53,0.23,-0.23,-0.06,-0.17,-0.41,-2.05,-0.95,-3.0,0.02,0.11,-2.16,-0.19,-0.76,0.33,-0.64,44986,22502,22484
1626162,Kelly Oubre Jr.,2023,-2.08,0.27,0.56,0.61,-0.06,-0.42,-0.95,-0.59,0.95,0.06,0.88,-1.01,-1.98,-1.01,-3.0,-0.05,-0.12,-1.86,-0.34,-0.67,0.14,-0.06,37975,18978,18997
1713,Vince Carter,2023,-1.4,-0.28,-0.19,-0.1,-0.09,-1.38,-0.29,-0.71,0.71,0.53,0.18,-0.27,-2.94,-0.07,-3.01,-0.19,-1.51,-1.43,-0.01,-0.06,-1.57,0.44,9351,4693,4658
203658,Norvel Pelle,2023,-0.5,-0.19,-0.69,-0.69,-0.0,-0.0,-1.16,-0.13,-0.36,0.05,-0.41,-0.43,-1.03,-2.01,-3.03,0.11,0.02,-1.05,-0.67,-1.34,-0.69,-0.79,1360,680,680
1628469,Antonio Blakeney,2023,-0.6,-0.3,0.7,0.39,0.31,-0.83,-0.32,0.19,-1.31,-0.69,-0.62,0.08,-1.03,-2.0,-3.03,-0.75,-0.81,-0.22,0.37,-2.37,-0.13,-1.23,3345,1679,1666
1630216,Cassius Winston,2023,-1.09,-0.09,-0.16,-0.1,-0.06,-0.16,-0.85,-0.06,-0.64,-0.28,-0.36,-0.02,-1.54,-1.5,-3.04,-0.12,-0.22,-1.32,-0.33,-1.17,-0.32,-0.66,562,282,280
202325,Wesley Johnson,2023,-1.69,-0.43,-0.34,-0.26,-0.07,-0.06,-0.56,-0.33,-0.2,-0.33,0.13,-0.14,-1.98,-1.08,-3.06,-0.07,-0.13,-1.85,-0.62,-0.46,-0.4,-0.34,2141,1064,1077
1628412,Frank Mason,2023,-1.19,-0.48,-0.25,-0.19,-0.06,-0.61,-1.29,-0.11,0.03,0.05,-0.04,0.29,-1.92,-1.15,-3.07,-0.05,-0.6,-1.32,0.32,-1.47,-0.86,0.32,2704,1347,1357
202693,Markieff Morris,2023,-0.86,-0.34,-0.64,-0.52,-0.11,-0.43,-0.86,-0.43,-0.15,0.09,-0.23,-0.05,-2.11,-0.96,-3.07,-0.08,-0.65,-1.46,0.75,-1.71,-1.07,-0.2,19498,9752,9746
1626188,Quinn Cook,2023,-1.34,-0.45,0.61,0.16,0.45,-0.86,-0.57,0.06,-0.22,0.1,-0.32,-0.73,-1.5,-1.57,-3.07,0.04,-0.71,-0.79,-0.94,-0.63,-0.25,-0.95,7755,3879,3876
1627885,Shaquille Harrison,2023,-2.4,-0.44,-0.01,0.2,-0.21,-0.61,-0.79,-0.45,1.26,0.17,1.09,-0.45,-3.1,-0.01,-3.1,-0.1,-1.02,-2.08,-0.97,0.96,-0.62,0.81,9862,4912,4950
1630702,Jaden Hardy,2023,-0.87,-0.29,0.61,0.21,0.4,-0.41,-1.2,-0.32,-0.77,-0.58,-0.2,-0.36,-0.87,-2.25,-3.12,-0.12,0.26,-1.13,-0.75,-1.5,0.2,-1.13,2683,1349,1334
1628390,Terrance Ferguson,2023,-0.99,-0.7,-0.27,0.0,-0.29,-0.42,-1.46,-0.18,-0.17,-0.18,0.03,-0.02,-1.83,-1.3,-3.13,0.2,0.12,-1.95,0.24,-1.54,-0.69,-0.19,14136,7045,7091
1630176,Vernon Carey Jr.,2023,-1.49,-0.16,-0.3,-0.09,-0.21,-0.04,-1.03,-0.17,-0.03,-0.03,0.0,-0.24,-1.81,-1.33,-3.14,-0.01,-0.12,-1.69,-0.5,-0.83,-0.34,-0.27,752,375,377
1628382,Justin Jackson,2023,-1.91,-0.53,0.62,0.25,0.37,-0.58,-0.62,0.25,-0.75,-0.34,-0.39,0.23,-1.87,-1.26,-3.14,-0.13,-0.09,-1.78,0.27,-1.53,0.04,-0.52,13988,6979,7009
1629725,Jeremiah Martin,2023,-0.83,-0.22,0.01,0.02,-0.01,-0.05,-1.71,-0.2,-0.33,-0.18,-0.14,-0.12,-0.8,-2.35,-3.15,-0.12,0.11,-0.91,-0.36,-1.99,-0.04,-0.45,835,420,415
1629648,Jordan Bone,2023,-1.58,-0.21,-0.15,-0.04,-0.12,-0.08,-1.25,-0.1,0.0,0.04,-0.03,0.11,-1.78,-1.37,-3.15,-0.2,0.69,-2.47,0.11,-1.48,-0.23,0.11,992,497,495
1627767,Cheick Diallo,2023,-0.36,-0.16,-0.67,-0.46,-0.21,-0.24,-1.14,-0.04,-0.6,-0.29,-0.31,0.15,-1.5,-1.66,-3.16,-0.3,-0.93,-0.57,0.4,-2.06,-0.91,-0.45,5816,2908,2908
203648,Thanasis Antetokounmpo,2023,-0.96,-0.76,-1.41,-0.82,-0.59,0.08,-0.87,-0.13,0.5,0.34,0.14,-0.36,-1.97,-1.2,-3.17,-0.15,-0.61,-1.36,-0.32,-0.88,-1.33,0.14,5882,2906,2976
2548,Dwyane Wade,2023,-2.84,-0.52,0.05,-0.36,0.4,0.21,-0.11,-0.21,0.01,-0.22,0.24,-0.67,-2.04,-1.15,-3.18,0.17,0.39,-2.43,-0.81,-0.34,0.26,-0.66,7650,3830,3820
1631254,Kenneth Lofton Jr.,2023,-1.32,-0.36,-0.37,-0.06,-0.31,0.21,-1.71,-0.26,0.08,0.03,0.05,-0.06,-1.53,-1.67,-3.2,-0.03,-0.12,-1.41,-0.13,-1.54,-0.16,0.02,750,376,374
1628383,Justin Patton,2023,-1.86,-0.45,0.16,-0.01,0.17,0.03,-1.21,-0.21,-0.22,-0.05,-0.17,-0.07,-1.65,-1.54,-3.2,-0.03,-0.2,-1.45,-0.15,-1.39,0.19,-0.29,1216,608,608
202362,Lance Stephenson,2023,-0.27,-0.44,0.09,-0.1,0.19,-0.58,-1.78,-0.65,-0.6,-0.6,-0.0,0.12,-0.83,-2.39,-3.22,-0.2,-0.75,-0.08,-0.13,-2.26,-0.49,-0.48,8063,4023,4040
202718,Chandler Parsons,2023,-1.8,-0.11,-0.17,-0.19,0.0,-0.33,-0.14,-0.07,-0.06,0.28,-0.34,-0.07,-2.67,-0.57,-3.24,-0.67,-0.66,-2.01,-0.36,-0.21,-0.5,-0.13,2122,1069,1053
1628402,Frank Jackson,2023,-0.66,0.03,0.14,0.12,0.02,-0.87,-0.96,-0.5,-0.23,-0.2,-0.01,-0.52,-1.2,-2.04,-3.24,-0.14,-0.32,-0.88,-0.37,-1.67,-0.73,-0.75,16106,8046,8060
202720,Jon Leuer,2023,-1.84,-0.25,-0.34,-0.25,-0.1,-0.33,-0.98,-0.29,0.04,0.06,-0.03,0.35,-2.79,-0.45,-3.24,-0.14,-0.27,-2.52,0.68,-1.13,-0.67,0.39,1611,801,810
1630249,Vit Krejci,2023,-0.92,-0.44,-0.07,-0.29,0.21,-0.01,-2.3,-0.46,-0.04,-0.1,0.06,0.11,-1.21,-2.07,-3.28,-0.05,0.67,-1.88,-0.33,-1.74,-0.08,0.07,3452,1726,1726
1629740,Nicolo Melli,2023,-2.79,-0.68,-0.1,0.15,-0.25,0.04,-0.96,-0.05,-0.18,-0.04,-0.15,0.22,-2.45,-0.83,-3.28,0.49,0.19,-2.64,0.0,-0.83,-0.06,0.04,6554,3284,3270
1630231,Kenyon Martin Jr.,2023,0.15,-0.2,-0.61,-0.55,-0.06,0.75,-2.43,-0.55,-0.5,-0.01,-0.48,-0.07,0.11,-3.39,-3.28,-0.57,0.71,-0.6,-0.49,-2.9,0.14,-0.57,20654,10318,10336
1630201,Malachi Flynn,2023,-2.46,-0.17,0.94,0.77,0.17,-0.07,-1.42,-0.15,0.14,0.11,0.03,-0.17,-1.69,-1.6,-3.29,-0.25,0.74,-2.43,-0.09,-1.51,0.87,-0.03,8802,4406,4396
1628395,Jordan Bell,2023,-1.03,-0.24,-0.11,0.16,-0.27,0.05,-0.71,0.07,-1.03,-0.13,-0.9,-0.2,-1.16,-2.15,-3.32,-0.29,-0.09,-1.07,-0.5,-1.65,-0.06,-1.23,4905,2448,2457
1627733,Dragan Bender,2023,-0.19,-0.22,-1.24,-0.9,-0.34,-0.55,-0.15,0.11,-0.61,0.15,-0.76,-0.17,-2.22,-1.1,-3.32,-0.41,-0.14,-2.08,-0.43,-0.67,-1.79,-0.78,4634,2320,2314
2734,Devin Harris,2023,-1.84,-0.08,0.16,0.14,0.02,-0.03,-1.12,-0.25,-0.29,-0.74,0.43,0.05,-1.49,-1.83,-3.32,-0.25,-0.37,-1.12,-0.33,-1.5,0.13,-0.24,4221,2104,2117
1630227,Daishen Nix,2023,-1.79,-0.67,-1.02,-0.9,-0.14,0.62,-1.74,-0.08,0.69,0.1,0.58,0.18,-2.45,-0.88,-3.33,-0.27,-0.08,-2.37,0.67,-1.55,-0.4,0.87,4800,2388,2412
1627775,Patrick McCaw,2023,-1.24,-0.21,-0.75,0.02,-0.78,-0.45,-1.0,-0.24,0.15,-0.05,0.22,0.12,-2.26,-1.08,-3.34,-0.17,-0.72,-1.54,-0.47,-0.61,-1.2,0.27,5673,2824,2849
1628962,Udoka Azubuike,2023,-1.5,-0.34,-0.86,-0.15,-0.72,-0.34,0.23,0.15,-0.61,-0.24,-0.37,-0.22,-2.67,-0.67,-3.34,-0.04,-0.24,-2.43,-0.75,0.08,-1.2,-0.83,2538,1267,1271
1630222,Mason Jones,2023,-1.7,-0.04,-0.61,-0.6,-0.01,-0.01,-0.95,-0.17,-0.06,0.18,-0.24,0.27,-2.48,-0.86,-3.34,-0.28,-0.1,-2.38,0.21,-1.07,-0.62,0.21,1630,822,808
201949,James Johnson,2023,-1.69,-0.68,-0.37,0.09,-0.46,-0.19,0.18,-0.45,-0.46,-0.34,-0.11,-0.32,-2.63,-0.71,-3.34,-0.49,-0.77,-1.86,0.09,-0.8,-0.56,-0.78,17032,8501,8531
1630205,Lamar Stevens,2023,-1.15,-0.1,0.05,0.37,-0.32,-0.34,-1.04,-0.28,0.29,0.05,0.24,-0.42,-1.68,-1.67,-3.35,-0.74,-0.54,-1.14,-0.11,-1.56,-0.29,-0.13,10379,5171,5208
1629657,Kyle Guy,2023,-1.16,-0.29,-0.35,-0.15,-0.2,-0.12,-1.27,-0.15,-0.48,-0.32,-0.18,0.14,-1.63,-1.73,-3.36,-0.12,-0.28,-1.35,0.39,-2.12,-0.47,-0.34,1775,897,878
1629234,Drew Eubanks,2023,-2.02,0.09,-1.05,-0.82,-0.22,0.74,-0.47,0.33,-0.27,-0.1,-0.18,-0.17,-2.27,-1.09,-3.36,-0.12,0.16,-2.43,-0.7,-0.39,-0.31,-0.44,16168,8073,8095
1628035,Alfonzo McKinnie,2023,-2.1,-0.55,-0.24,0.1,-0.34,0.94,-2.04,-0.56,-0.13,-0.32,0.19,0.17,-0.95,-2.44,-3.39,0.01,0.56,-1.51,-0.2,-2.24,0.7,0.04,9230,4595,4635
1630593,McKinley Wright IV,2023,-1.5,-0.4,-0.1,0.11,-0.21,-0.2,-1.06,-0.19,-0.58,-0.36,-0.23,-0.21,-1.67,-1.73,-3.4,0.25,-0.21,-1.46,-0.59,-1.14,-0.3,-0.79,1322,655,667
1629633,Jarrett Culver,2023,-3.09,-0.7,0.26,0.41,-0.15,0.56,-1.14,-0.1,0.25,0.14,0.11,-0.26,-2.22,-1.21,-3.42,0.0,0.47,-2.69,0.06,-1.27,0.82,-0.01,10532,5266,5266
1629662,Mfiondu Kabengele,2023,-1.53,-0.53,-0.84,-0.24,-0.6,-0.1,-0.4,-0.37,-0.34,-0.08,-0.28,-0.16,-2.29,-1.14,-3.43,-0.06,0.32,-2.61,-0.05,-1.09,-0.94,-0.5,1538,765,773
1629623,Lindell Wigginton,2023,-0.11,-0.07,-0.22,-0.45,0.21,-0.23,-1.79,-0.03,-0.74,-0.46,-0.28,-0.15,-0.85,-2.59,-3.43,-0.19,-0.01,-0.84,0.14,-2.73,-0.45,-0.89,1192,593,599
203477,Isaiah Canaan,2023,-0.6,-0.17,-0.39,-0.12,-0.26,-0.62,-1.08,0.03,-0.29,-0.43,0.14,0.03,-1.79,-1.63,-3.43,-0.48,-0.44,-1.35,-0.02,-1.61,-1.01,-0.26,2529,1267,1262
1628964,Mo Bamba,2023,-2.85,-0.99,-0.41,-0.22,-0.17,-0.16,1.34,0.32,-0.95,-0.36,-0.6,-0.45,-3.02,-0.42,-3.44,0.04,1.0,-4.02,-0.47,0.05,-0.57,-1.4,19818,9879,9939
1629021,Moritz Wagner,2023,-0.83,0.31,-1.17,-0.39,-0.78,-0.59,-1.4,0.15,0.65,-0.63,1.28,0.01,-2.67,-0.77,-3.44,-0.11,-0.77,-1.9,-0.29,-0.48,-1.76,0.66,17060,8534,8526
202688,Brandon Knight,2023,-1.27,-0.63,0.29,0.17,0.11,-0.63,-1.66,-0.02,-0.74,-0.42,-0.32,0.53,-1.78,-1.67,-3.46,0.02,-0.71,-1.07,0.24,-1.91,-0.34,-0.21,4833,2419,2414
202498,Lance Thomas,2023,-2.29,-0.27,0.56,0.41,0.14,-0.6,-1.04,-0.09,-0.9,-0.38,-0.52,0.58,-2.48,-1.02,-3.49,0.2,-0.41,-2.07,0.97,-1.99,-0.04,-0.32,3609,1804,1805
1626224,Cedi Osman,2023,-0.34,-0.25,-0.25,0.01,-0.26,-0.58,-1.39,-0.24,0.2,-0.2,0.41,-1.12,-1.23,-2.26,-3.49,-0.01,-0.75,-0.48,-0.97,-1.29,-0.83,-0.92,35888,17957,17931
1629019,Allonzo Trier,2023,-0.89,0.53,-1.06,-0.24,-0.83,0.14,-0.51,-0.62,0.03,-0.06,0.09,-0.42,-1.95,-1.59,-3.53,-0.82,-0.39,-1.56,-0.88,-0.71,-0.92,-0.39,7110,3572,3538
1630172,Patrick Williams,2023,-1.2,-0.74,-0.76,-0.17,-0.59,-0.28,-0.51,-0.09,-1.09,-0.6,-0.5,0.59,-2.68,-0.86,-3.54,-0.29,-0.66,-2.02,0.07,-0.93,-1.04,-0.5,19853,9896,9957
1629683,Quinndary Weatherspoon,2023,-0.86,0.05,-0.35,-0.21,-0.14,-0.1,-2.25,-0.22,-0.14,0.2,-0.34,0.13,-1.39,-2.15,-3.54,0.03,-0.14,-1.25,0.04,-2.19,-0.45,-0.01,1144,570,574
1628422,Damyean Dotson,2023,-2.14,-0.31,-0.07,-0.02,-0.06,-0.32,0.33,-0.1,-0.46,0.04,-0.5,-0.02,-2.72,-0.82,-3.54,-0.86,-0.39,-2.33,-0.5,-0.32,-0.39,-0.48,15145,7582,7563
1629649,Ignas Brazdeikis,2023,-1.32,-0.42,0.95,0.64,0.3,-0.2,-1.97,-0.1,-0.67,-0.43,-0.24,-0.01,-0.74,-2.8,-3.54,-0.32,0.56,-1.3,-0.46,-2.34,0.75,-0.68,3405,1699,1706
1628418,Thomas Bryant,2023,-0.72,-0.6,0.11,-0.39,0.49,-0.78,-1.04,0.55,-1.27,-0.17,-1.11,0.02,-1.48,-2.07,-3.55,0.13,-0.1,-1.38,-0.28,-1.79,-0.67,-1.25,18240,9121,9119
203115,Will Barton,2023,-2.71,-0.69,-0.09,-0.05,-0.05,0.11,-0.33,0.11,-0.18,-0.1,-0.08,-0.35,-2.63,-0.92,-3.55,0.0,0.17,-2.8,-0.27,-0.65,0.02,-0.53,35063,17566,17497
1628427,Vlatko Cancar,2023,-1.66,-0.19,-0.66,0.11,-0.77,-0.42,-0.87,-0.17,-0.58,-0.18,-0.42,0.01,-2.48,-1.09,-3.57,0.61,-0.75,-1.73,0.31,-1.4,-1.08,-0.57,5804,2898,2906
1629598,Chris Clemons,2023,-1.83,-0.53,-0.06,0.02,-0.09,-0.5,-0.21,-0.07,-0.25,-0.1,-0.15,-0.26,-2.58,-1.0,-3.57,-0.46,0.12,-2.7,-0.58,-0.42,-0.56,-0.51,1274,638,636
1629010,Jerome Robinson,2023,-1.3,-0.06,-0.25,-0.01,-0.24,-0.14,-1.52,-0.59,0.15,-0.19,0.34,0.05,-1.78,-1.82,-3.6,-0.59,-0.93,-0.85,-0.09,-1.73,-0.39,0.2,6937,3469,3468
201967,Dante Cunningham,2023,-2.54,-0.25,-0.17,-0.21,0.04,-0.01,-0.82,0.34,-0.42,-0.18,-0.24,0.36,-2.68,-0.92,-3.61,-0.01,0.26,-2.94,0.29,-1.21,-0.18,-0.06,3787,1879,1908
1626184,Chasson Randle,2023,-2.19,-0.05,0.52,0.29,0.24,-0.57,-1.04,0.0,-0.38,-0.13,-0.25,0.51,-2.32,-1.3,-3.63,-0.48,-0.71,-1.61,0.13,-1.43,-0.05,0.13,6469,3222,3247
1626245,Cristiano Felicio,2023,-0.11,-0.23,-0.91,-0.6,-0.31,0.71,-2.65,0.08,-0.6,-0.41,-0.2,0.04,-0.3,-3.32,-3.63,-0.11,0.93,-1.23,-0.18,-3.14,-0.2,-0.56,4890,2454,2436
1628960,Grayson Allen,2023,-0.98,-0.12,0.44,0.02,0.41,-1.04,-1.9,-0.03,-0.42,-0.3,-0.11,0.17,-1.56,-2.08,-3.64,0.09,-0.05,-1.51,-0.34,-1.74,-0.6,-0.25,28194,14111,14083
1627789,Timothe Luwawu-Cabarrot,2023,-1.89,-0.02,-0.16,-0.06,-0.1,0.05,-2.02,-0.45,-0.43,-0.25,-0.18,0.79,-1.66,-1.99,-3.65,0.01,0.39,-2.05,0.0,-1.99,-0.11,0.36,14236,7105,7131
204020,Tyler Johnson,2023,-1.55,-0.29,0.2,-0.25,0.45,-0.53,-0.96,-0.52,0.04,-0.11,0.17,-0.27,-1.84,-1.82,-3.66,-0.59,-0.61,-1.23,-0.75,-1.07,-0.33,-0.23,13139,6576,6563
1630285,Zavier Simpson,2023,-1.28,-0.45,-0.02,-0.02,-0.01,-0.16,-1.4,-0.19,-0.36,-0.17,-0.2,-0.17,-1.64,-2.02,-3.66,-0.27,-0.22,-1.42,-0.47,-1.55,-0.18,-0.53,693,347,346
1631223,David Roddy,2023,-2.02,-0.44,-0.95,0.02,-0.97,0.74,-0.9,0.2,-0.47,-0.39,-0.06,-0.12,-1.99,-1.67,-3.66,0.06,-0.52,-1.47,-0.32,-1.35,-0.21,-0.59,5484,2735,2749
1630267,Facundo Campazzo,2023,-2.75,-0.16,-0.42,-0.11,-0.31,-0.43,-2.04,-0.66,1.18,0.05,1.14,0.42,-3.07,-0.6,-3.67,0.37,-0.43,-2.64,0.54,-1.14,-0.85,1.6,11871,5922,5949
202687,Bismack Biyombo,2023,-4.08,-1.44,-1.19,-0.6,-0.59,1.45,0.28,-0.02,-0.57,0.01,-0.58,0.2,-3.77,0.09,-3.68,0.23,0.58,-4.35,0.09,-0.0,0.26,-0.37,18554,9234,9320
1626144,Emmanuel Mudiay,2023,-0.94,0.02,-0.84,-0.04,-0.8,0.06,-0.92,-0.26,-0.34,-0.01,-0.33,-0.27,-2.2,-1.5,-3.71,-0.46,-0.49,-1.71,0.07,-1.57,-0.78,-0.61,10152,5084,5068
1628367,Josh Jackson,2023,-1.25,0.16,-1.51,-0.84,-0.69,-0.27,-0.43,-0.25,1.08,0.37,0.71,-0.97,-2.99,-0.75,-3.73,-0.38,-0.66,-2.33,-0.1,-0.65,-1.78,0.11,19509,9747,9762
1629643,Chuma Okeke,2023,-2.66,-0.3,0.09,-0.09,0.19,-1.03,-0.22,-0.03,-0.06,0.41,-0.48,0.25,-3.4,-0.34,-3.74,-0.11,-0.65,-2.75,0.31,-0.65,-0.94,0.19,13872,6943,6929
2617,Udonis Haslem,2023,-2.56,-0.27,-0.12,-0.06,-0.07,-0.43,-0.78,-0.36,0.34,-0.08,0.42,-0.11,-3.07,-0.67,-3.75,-0.09,-0.14,-2.93,0.11,-0.78,-0.55,0.23,1145,568,577
202738,Isaiah Thomas,2023,-0.65,-0.21,-0.55,-0.25,-0.3,0.03,-1.74,-0.48,-0.06,-0.37,0.29,-0.44,-1.48,-2.28,-3.76,-0.35,0.24,-1.72,-0.75,-1.53,-0.52,-0.5,6308,3168,3140
202322,John Wall,2023,-2.44,-0.64,0.05,-0.04,0.09,-1.3,1.09,0.17,0.28,-0.09,0.37,-1.09,-3.89,0.13,-3.76,-0.35,-1.73,-2.16,-1.31,1.44,-1.25,-0.81,12957,6470,6487
1629675,Naz Reid,2023,-2.55,-0.58,-0.16,-0.16,0.0,-1.09,-0.54,-0.51,0.28,-0.03,0.31,-0.13,-3.24,-0.54,-3.77,0.42,-0.04,-3.2,0.63,-1.17,-1.25,0.15,18204,9100,9104
1631103,Malaki Branham,2023,-0.67,-0.67,0.19,-0.57,0.75,-0.04,-2.17,-0.2,-0.58,-0.1,-0.47,-0.28,-0.9,-2.88,-3.78,-0.23,0.52,-1.42,-0.03,-2.85,0.15,-0.86,6404,3190,3214
1629604,CJ Elleby,2023,-1.84,-0.04,-0.22,-0.15,-0.07,0.1,-1.75,-0.4,0.39,-0.01,0.41,-0.31,-1.98,-1.81,-3.79,-0.16,0.46,-2.44,0.04,-1.85,-0.12,0.08,5617,2809,2808
1630535,Greg Brown III,2023,-1.54,-0.05,-1.02,-0.29,-0.72,-0.23,-0.79,-0.54,0.01,-0.06,0.08,-0.07,-2.85,-0.96,-3.81,-0.17,-0.23,-2.62,-0.07,-0.89,-1.25,-0.06,3011,1500,1511
203459,Allen Crabbe,2023,-2.16,-0.44,-0.3,-0.02,-0.27,-0.66,-0.29,-0.6,0.05,-0.25,0.31,-0.27,-3.21,-0.65,-3.86,-0.23,-0.34,-2.87,-0.75,0.1,-0.96,-0.22,7371,3708,3663
1626169,Stanley Johnson,2023,-1.62,-0.53,-1.0,-0.21,-0.78,-0.43,-1.04,-0.19,0.13,0.33,-0.19,-0.01,-2.81,-1.06,-3.87,0.1,-0.86,-1.95,-0.04,-1.02,-1.43,0.12,16138,8018,8120
1626181,Norman Powell,2023,-0.4,0.43,0.16,0.31,-0.15,-1.72,-1.42,-0.45,0.0,0.19,-0.19,-0.72,-1.5,-2.38,-3.88,0.22,-1.37,-0.13,-0.81,-1.57,-1.56,-0.72,36023,18025,17998
200765,Rajon Rondo,2023,-1.48,-0.65,-0.21,-0.46,0.25,-0.44,-0.41,-0.03,-0.05,0.04,-0.1,-1.21,-2.07,-1.82,-3.9,-0.1,-0.62,-1.45,-0.94,-0.88,-0.65,-1.26,18069,9037,9032
1628407,Dwayne Bacon,2023,-3.69,-0.13,1.14,0.86,0.27,-0.34,-0.02,0.07,-0.61,-0.46,-0.15,0.06,-3.07,-0.85,-3.92,-0.46,-0.14,-2.93,0.49,-1.34,0.8,-0.55,13212,6588,6624
202391,Jeremy Lin,2023,-1.58,0.15,-1.12,-0.66,-0.46,-0.31,-1.12,-0.62,0.1,-0.15,0.25,0.41,-3.4,-0.53,-3.94,-0.32,-1.24,-2.16,-0.2,-0.33,-1.43,0.51,6021,3011,3010
204025,Tim Frazier,2023,-1.13,-0.28,-1.04,-0.21,-0.82,-0.35,-1.49,0.07,-0.05,-0.13,0.09,-0.02,-2.52,-1.41,-3.94,0.14,-0.41,-2.11,0.34,-1.75,-1.39,-0.07,7191,3585,3606
1629035,Carsen Edwards,2023,-2.82,-0.22,-0.52,-0.26,-0.27,-0.21,-0.46,-0.18,0.13,-0.24,0.37,0.02,-3.46,-0.5,-3.96,-0.1,-0.62,-2.84,0.16,-0.66,-0.73,0.15,2946,1477,1469
1629620,Justin Robinson,2023,-1.94,-0.22,-0.52,0.02,-0.56,-0.26,-0.61,-0.17,0.01,-0.42,0.43,-0.32,-2.68,-1.32,-3.99,-0.35,-0.32,-2.36,-0.67,-0.65,-0.78,-0.31,1799,901,898
2546,Carmelo Anthony,2023,-0.44,0.08,0.54,0.59,-0.06,-0.98,-1.15,-0.46,-1.1,-0.61,-0.5,-0.51,-0.83,-3.17,-4.0,-0.36,-1.46,0.63,-0.3,-2.87,-0.44,-1.61,24260,12153,12107
1626209,Mario Hezonja,2023,-2.12,0.14,-0.49,-0.06,-0.42,-0.38,-0.45,-0.04,0.42,0.27,0.14,-0.79,-3.03,-0.98,-4.01,-0.2,0.31,-3.34,-0.88,-0.1,-0.87,-0.37,8821,4393,4428
1628385,Harry Giles III,2023,-1.5,-0.82,-0.19,-0.01,-0.19,-0.68,-1.32,-1.05,-0.03,0.19,-0.22,-0.09,-2.68,-1.33,-4.01,-0.2,-0.5,-2.18,-0.32,-1.01,-0.87,-0.12,7456,3706,3750
1628982,Melvin Frazier Jr.,2023,-2.41,-0.53,0.25,-0.12,0.37,0.02,-1.45,-0.4,-0.14,-0.13,-0.01,-0.08,-2.31,-1.71,-4.02,-0.21,0.15,-2.46,-0.09,-1.62,0.27,-0.22,1250,622,628
1629660,Ty Jerome,2023,-1.93,-0.51,-0.75,0.16,-0.92,-0.27,-1.49,-0.3,0.79,0.3,0.48,0.02,-2.83,-1.22,-4.05,-0.42,0.26,-3.09,0.14,-1.36,-1.02,0.81,10976,5503,5473
1629635,Sekou Doumbouya,2023,-0.44,-0.55,-0.52,-0.19,-0.34,-0.21,-1.46,0.08,-0.1,0.19,-0.28,-0.81,-1.67,-2.42,-4.09,-0.55,-0.05,-1.62,-0.62,-1.8,-0.73,-0.91,6478,3228,3250
203613,Jonathon Simmons,2023,-1.55,-0.51,-1.07,-0.4,-0.67,-0.26,-1.31,-0.33,-0.03,-0.43,0.42,0.14,-2.92,-1.18,-4.1,-0.02,-0.1,-2.82,0.05,-1.23,-1.33,0.11,4569,2274,2295
1629717,Armoni Brooks,2023,-2.62,-0.51,0.55,-0.02,0.57,-0.09,-1.23,-0.48,0.08,0.09,-0.01,-0.42,-2.24,-1.89,-4.13,-0.4,0.82,-3.06,-0.35,-1.54,0.46,-0.34,5631,2827,2804
1629650,Moses Brown,2023,-3.01,-0.84,-1.24,-0.07,-1.17,1.8,-0.7,-0.02,-1.59,-0.91,-0.69,0.37,-2.43,-1.72,-4.15,0.22,1.78,-4.21,0.66,-2.38,0.56,-1.22,6623,3313,3310
1630527,Brandon Boston Jr.,2023,-3.42,-0.39,-0.01,0.31,-0.32,0.13,-0.51,-0.07,0.48,0.3,0.18,-0.48,-3.33,-0.85,-4.18,-0.37,-0.31,-3.02,-0.8,-0.05,0.12,0.0,4114,2055,2059
1630314,Brandon Williams,2023,-2.02,-0.35,-0.21,-0.16,-0.06,0.23,-2.03,-0.56,0.06,-0.03,0.08,-0.47,-1.89,-2.32,-4.2,0.24,0.42,-2.31,-0.49,-1.83,0.02,-0.41,2620,1313,1307
1630699,MarJon Beauchamp,2023,-1.72,-0.35,-0.8,-0.02,-0.77,0.53,-1.56,-0.38,-0.28,-0.19,-0.1,-0.16,-1.94,-2.31,-4.25,-0.26,0.39,-2.33,-1.14,-1.17,-0.27,-0.44,2906,1445,1461
101181,Jose Calderon,2023,-3.12,-0.16,-0.6,0.12,-0.73,-0.23,-1.0,-0.5,0.25,0.04,0.23,0.28,-3.74,-0.57,-4.31,0.11,-0.33,-3.41,0.37,-0.94,-0.83,0.53,2503,1252,1251
1627782,Wayne Selden,2023,-1.5,-0.06,0.29,0.45,-0.17,-0.48,-1.63,-0.09,-0.36,-0.29,-0.05,-0.34,-1.64,-2.68,-4.32,-0.3,-0.12,-1.52,-0.29,-2.39,-0.19,-0.7,5794,2893,2901
203476,Gorgui Dieng,2023,-2.81,-0.44,-0.51,0.22,-0.73,-0.43,-0.93,0.18,-0.13,-0.5,0.37,0.19,-3.41,-0.93,-4.34,0.28,0.14,-3.55,0.4,-1.33,-0.94,0.06,13754,6855,6899
202714,Shelvin Mack,2023,-1.99,-0.27,-0.45,-0.2,-0.25,-0.68,-0.31,-0.3,-0.01,-0.38,0.37,-0.58,-3.15,-1.32,-4.47,-0.45,-0.58,-2.57,-0.27,-1.05,-1.13,-0.59,4768,2393,2375
1628990,Chandler Hutchison,2023,-2.38,-0.28,-0.86,-0.21,-0.66,-0.14,-1.13,-0.12,0.36,-0.08,0.43,0.21,-3.52,-0.98,-4.5,-0.56,-0.53,-2.99,0.47,-1.45,-1.0,0.57,7407,3707,3700
1630197,Aleksej Pokusevski,2023,-2.18,-0.67,-0.99,-0.12,-0.87,-0.07,-0.43,0.46,-0.98,-0.27,-0.71,0.51,-3.48,-1.06,-4.54,-0.4,-0.38,-3.1,0.23,-1.29,-1.06,-0.47,12454,6242,6212
1626143,Jahlil Okafor,2023,-1.72,-0.61,-0.71,0.05,-0.76,-0.16,-0.88,0.27,-1.4,-0.72,-0.67,0.18,-2.96,-1.68,-4.63,0.06,-0.78,-2.18,-0.54,-1.14,-0.87,-1.22,7164,3565,3599
201573,Jerryd Bayless,2023,-1.67,-0.37,0.01,0.27,-0.27,0.15,-2.54,-0.27,-0.18,-0.01,-0.15,-0.43,-1.3,-3.35,-4.65,0.01,0.6,-1.9,-0.61,-2.74,0.16,-0.61,2517,1260,1257
1630686,Georgios Kalaitzakis,2023,-1.24,-0.45,-0.46,-0.06,-0.4,-0.21,-1.83,-0.29,-0.47,-0.32,-0.17,-0.13,-2.08,-2.61,-4.69,-0.35,-0.41,-1.67,-0.37,-2.24,-0.67,-0.6,860,432,428
1631104,Blake Wesley,2023,-1.73,-0.36,-0.59,-0.5,-0.09,-0.09,-1.35,-0.25,-0.53,-0.5,-0.05,-0.07,-2.63,-2.09,-4.72,-0.36,0.01,-2.64,0.05,-2.14,-0.68,-0.6,2713,1355,1358
1629678,Admiral Schofield,2023,-2.66,-0.51,0.41,0.12,0.29,-0.68,-1.69,-0.75,0.03,-0.05,0.09,-0.22,-2.55,-2.19,-4.73,0.08,-0.37,-2.18,0.24,-2.43,-0.27,-0.19,5126,2561,2565
1629312,Haywood Highsmith,2023,-3.42,-0.66,-0.17,-0.01,-0.17,0.32,-1.12,-0.35,-0.13,-0.39,0.25,0.24,-3.1,-1.66,-4.76,-0.48,0.18,-3.28,-0.19,-1.47,0.15,0.11,5390,2677,2713
203917,Nik Stauskas,2023,-2.96,-0.36,-0.25,0.12,-0.39,-0.32,-1.12,0.28,-0.72,-0.19,-0.53,0.19,-3.09,-1.67,-4.76,0.42,-0.02,-3.07,-0.15,-1.52,-0.57,-0.53,4338,2166,2172
1630572,Sandro Mamukelashvili,2023,-2.14,-0.44,-0.57,-0.11,-0.46,0.65,-2.14,0.3,-0.19,-0.2,0.01,-0.35,-1.98,-2.81,-4.78,-0.04,0.93,-2.91,-0.53,-2.28,0.08,-0.54,4184,2104,2080
1630165,Killian Hayes,2023,-2.74,-0.7,-0.67,-0.59,-0.09,-0.28,-1.48,-0.42,0.77,0.24,0.53,-0.4,-3.9,-0.89,-4.79,0.01,-0.48,-3.42,-0.24,-0.65,-0.95,0.37,18368,9177,9191
101112,Channing Frye,2023,-1.99,-0.13,0.66,0.22,0.44,-0.51,-2.47,-0.09,-0.41,-0.28,-0.14,-0.08,-1.98,-2.87,-4.85,-0.05,-0.14,-1.84,-0.22,-2.65,0.15,-0.49,1324,665,659
1631323,Simone Fontecchio,2023,-2.21,-0.36,-0.37,-0.25,-0.14,0.26,-2.33,-0.33,-0.32,-0.19,-0.13,-0.1,-2.32,-2.6,-4.92,0.15,0.25,-2.57,-0.69,-1.91,-0.11,-0.42,3233,1620,1613
1629670,Jordan Nwora,2023,-0.65,-0.32,-0.65,0.27,-0.92,0.15,-2.63,-0.08,-0.33,-0.22,-0.13,-0.86,-1.31,-3.64,-4.95,0.02,0.46,-1.77,-0.06,-3.58,-0.5,-1.19,11169,5581,5588
1630570,Trendon Watford,2023,-0.49,0.24,-1.06,-0.11,-0.95,-0.33,-2.58,-0.33,0.05,0.36,-0.31,-0.31,-2.16,-2.81,-4.97,-0.25,-0.69,-1.47,-0.4,-2.41,-1.39,-0.26,8373,4187,4186
1627737,Marquese Chriss,2023,-2.01,-0.34,-0.72,-0.59,-0.14,0.36,-2.64,-0.2,-0.05,0.23,-0.28,-0.2,-2.28,-2.75,-5.02,0.24,-0.26,-2.02,-0.88,-1.87,-0.36,-0.25,8423,4211,4212
1629164,Brandon Goodwin,2023,-3.33,-0.16,0.01,0.44,-0.42,0.09,-1.31,-0.14,-0.57,-0.27,-0.32,0.46,-3.19,-1.86,-5.04,-0.39,0.09,-3.28,-0.14,-1.72,0.1,-0.11,6262,3126,3136
1628470,Torrey Craig,2023,-3.0,-0.57,0.05,0.22,-0.17,1.39,-1.94,-0.49,-1.05,-0.58,-0.46,-0.27,-1.54,-3.5,-5.04,-0.22,1.36,-2.9,-0.25,-3.25,1.44,-1.32,32317,16056,16261
1629059,Elie Okobo,2023,-2.5,-0.44,-0.6,-0.16,-0.44,0.1,-1.48,-0.31,0.64,0.37,0.27,-0.68,-3.25,-1.82,-5.07,-0.55,-0.11,-3.14,-1.39,-0.43,-0.5,-0.04,6797,3404,3393
1629676,Isaiah Roby,2023,-1.76,-0.55,-1.76,-0.92,-0.83,0.18,-1.54,-0.06,0.05,0.08,-0.03,0.05,-3.41,-1.69,-5.1,-0.32,-0.61,-2.8,-0.08,-1.61,-1.58,0.1,11775,5882,5893
1629022,Lonnie Walker IV,2023,-1.07,-0.26,0.46,0.5,-0.04,-1.58,-0.9,0.15,-0.97,-0.34,-0.62,-0.74,-2.3,-2.87,-5.17,-0.37,-1.51,-0.79,-1.21,-1.66,-1.12,-1.71,23459,11718,11741
1629016,Omari Spellman,2023,-2.88,0.18,-0.7,-0.37,-0.32,0.51,-1.46,0.33,0.01,-0.41,0.42,-0.52,-2.84,-2.33,-5.18,-0.14,0.08,-2.92,-0.45,-1.88,-0.19,-0.51,7069,3546,3523
1627846,Abdel Nader,2023,-2.99,-0.12,-0.61,-0.42,-0.17,-1.4,-0.16,-0.04,-0.2,-0.2,-0.01,-0.02,-4.77,-0.49,-5.27,0.11,-1.34,-3.43,0.19,-0.68,-2.01,-0.22,8566,4278,4288
1629672,Eric Paschall,2023,-0.72,0.28,-0.31,-0.1,-0.21,-0.63,-2.5,0.04,0.05,-0.34,0.38,-0.62,-1.94,-3.36,-5.3,-0.57,-0.87,-1.07,-0.38,-2.98,-0.94,-0.57,12674,6325,6349
203922,Glenn Robinson III,2023,-2.09,-0.3,-0.37,-0.42,0.05,0.65,-2.48,-0.04,-0.08,0.56,-0.62,-0.57,-1.97,-3.35,-5.31,-0.37,0.61,-2.58,-0.44,-2.91,0.28,-0.65,11425,5708,5717
1630560,Cam Thomas,2023,-2.1,0.69,-0.39,0.11,-0.5,0.03,-1.87,-0.34,-0.19,-0.0,-0.19,-0.38,-2.64,-2.78,-5.42,-0.52,0.17,-2.81,-0.53,-2.25,-0.36,-0.57,8660,4346,4314
1630190,Elijah Hughes,2023,-1.58,-0.35,-0.89,-0.2,-0.69,-0.11,-2.05,-0.52,-0.61,-0.28,-0.33,-0.27,-2.51,-3.04,-5.55,-0.04,-0.12,-2.39,-0.39,-2.65,-1.0,-0.88,2037,1011,1026
1629647,Darius Bazley,2023,-3.36,-0.87,-0.85,-0.39,-0.46,-1.19,0.76,0.4,-1.17,-0.47,-0.69,0.05,-5.44,-0.19,-5.63,0.13,-1.81,-3.63,-0.06,-0.13,-2.04,-1.12,22714,11322,11392
1627745,Damian Jones,2023,-1.43,-0.53,-0.86,-0.61,-0.26,-0.43,-2.06,0.07,-0.27,0.25,-0.53,-0.77,-2.93,-2.77,-5.7,0.12,-0.29,-2.64,-0.28,-2.49,-1.29,-1.04,13639,6826,6813
1631093,Jaden Ivey,2023,-1.53,0.19,-0.49,-0.72,0.24,0.24,-2.09,-0.34,-0.83,-0.24,-0.57,-0.09,-2.66,-3.07,-5.73,-0.94,-0.51,-2.15,-0.04,-3.03,-0.25,-0.92,9458,4732,4726
1629833,Keljin Blevins,2023,-2.14,-0.51,-0.29,0.06,-0.36,-0.23,-2.35,-0.39,-0.08,-0.14,0.06,-0.22,-2.79,-3.06,-5.86,-0.55,0.04,-2.83,-1.16,-1.9,-0.52,-0.3,1761,876,885
1629629,Cam Reddish,2023,-2.56,0.46,-0.27,0.37,-0.66,-0.13,-1.71,-0.31,-0.39,-0.24,-0.15,-0.32,-3.15,-2.75,-5.91,-0.53,-0.48,-2.67,-0.66,-2.09,-0.4,-0.71,17825,8898,8927
1629012,Collin Sexton,2023,-1.54,0.27,-0.51,-0.04,-0.47,0.62,-3.3,0.02,-0.76,-0.13,-0.64,-0.61,-2.04,-4.65,-6.69,-0.59,-0.25,-1.79,-0.52,-4.13,0.11,-1.37,33527,16783,16744
1630164,James Wiseman,2023,-1.78,-0.66,-1.6,-1.09,-0.52,-0.42,-1.54,-0.05,-0.71,-0.5,-0.22,-0.59,-4.06,-2.82,-6.88,-0.24,-0.86,-3.2,-0.43,-2.39,-2.02,-1.3,7141,3566,3575
1630553,Keon Johnson,2023,-2.58,-0.42,-0.44,0.04,-0.47,0.12,-3.1,-0.68,0.23,0.33,-0.1,-0.73,-2.81,-4.19,-7.0,-0.5,0.38,-3.19,-1.05,-3.14,-0.32,-0.5,4501,2246,2255
1630181,R.J. Hampton,2023,-1.93,-0.36,-0.19,-0.06,-0.12,-0.85,-2.69,-0.46,-0.32,-0.11,-0.22,-0.51,-3.09,-3.96,-7.05,-0.56,-0.49,-2.6,-0.54,-3.42,-1.04,-0.83,12243,6105,6138
1630528,Josh Christopher,2023,-1.74,-0.51,-0.84,-0.17,-0.65,0.23,-3.72,-0.69,0.15,0.42,-0.27,-0.91,-2.57,-4.65,-7.22,-0.39,-0.06,-2.51,-1.05,-3.6,-0.61,-0.76,8667,4333,4334
1630177,Theo Maledon,2023,-2.58,-0.22,-0.82,-0.26,-0.55,-0.79,-2.02,0.01,-0.7,-0.2,-0.51,-0.02,-4.43,-2.88,-7.3,-0.37,-0.77,-3.66,-0.09,-2.79,-1.61,-0.72,14822,7418,7404
2037,Jamal Crawford,2023,-1.6,0.0,-0.75,-0.65,-0.1,-0.73,-3.01,-0.74,-0.55,-0.44,-0.1,-0.67,-3.06,-4.35,-7.4,-0.09,-0.87,-2.19,-1.36,-2.99,-1.48,-1.22,5083,2544,2539
1628995,Kevin Knox II,2023,-3.27,-0.3,0.34,0.6,-0.26,-1.07,-2.09,-0.5,-0.44,-0.42,-0.04,-0.6,-4.1,-3.59,-7.7,-0.57,-0.77,-3.33,-0.66,-2.93,-0.73,-1.04,20281,10142,10139
