player_id,player_name,Latest_Year,oTS,oFT,oTOV,oTOV_bp,oTOV_sc,oREB,dTS,dFT,dTOV,dTOV_bp,dTOV_sc,dREB,off,def,net_rapm,RESID,o_sc,o_fc,d_sc,d_fc,o_pval,d_pval,possessions,off_poss,def_poss
2544,LeBron James,2021,3.3,-0.2,0.03,-0.43,0.46,-0.1,2.03,0.23,0.63,-0.05,0.67,0.86,3.32,3.6,6.92,0.17,-0.36,3.68,0.81,2.79,-0.07,1.49,27712,13868,13844
203507,Giannis Antetokounmpo,2021,1.76,-0.11,0.0,0.7,-0.7,-0.3,3.53,0.37,0.32,0.15,0.17,1.37,1.74,4.96,6.7,0.02,-0.42,2.16,1.4,3.56,-0.3,1.69,32609,16372,16237
202331,Paul George,2021,2.52,0.27,0.65,-0.25,0.9,0.09,1.6,0.03,1.24,0.86,0.38,0.46,3.33,3.22,6.55,-0.01,0.06,3.27,1.03,2.19,0.74,1.7,31005,15511,15494
201142,Kevin Durant,2021,5.29,1.05,0.43,-0.29,0.73,-0.63,2.2,0.09,-0.67,-0.47,-0.21,0.09,5.03,1.3,6.34,-0.37,-0.97,6.0,-0.67,1.97,-0.2,-0.58,19378,9696,9682
203954,Joel Embiid,2021,2.65,1.86,-0.45,0.15,-0.6,0.25,3.73,0.33,-0.69,-0.11,-0.58,0.76,2.4,3.48,5.88,-0.37,-0.03,2.43,0.16,3.32,-0.2,0.07,25020,12531,12489
201939,Stephen Curry,2021,4.62,0.65,-0.17,-0.19,0.03,0.11,0.31,-0.02,0.51,-0.28,0.8,-0.33,5.0,0.83,5.83,0.78,0.1,4.9,0.19,0.64,-0.06,0.18,22503,11291,11212
203497,Rudy Gobert,2021,2.08,-0.16,-0.66,-0.57,-0.09,0.17,3.77,0.95,-0.58,-0.23,-0.34,0.97,1.26,4.31,5.56,-0.19,0.47,0.79,0.81,3.5,-0.49,0.39,31971,15977,15994
202695,Kawhi Leonard,2021,3.22,0.9,0.93,0.55,0.38,0.19,0.11,0.12,0.23,0.05,0.18,0.67,4.31,1.0,5.31,-0.04,0.12,4.19,0.28,0.72,1.12,0.9,29763,14884,14879
101108,Chris Paul,2021,2.29,-0.11,1.12,0.38,0.74,-0.92,1.05,0.45,1.15,0.51,0.64,0.3,3.01,2.25,5.26,0.27,-0.14,3.15,0.61,1.64,0.2,1.45,30206,15123,15083
1628369,Jayson Tatum,2021,1.07,0.38,1.17,0.33,0.84,0.59,2.08,0.11,0.16,0.21,-0.05,0.33,3.0,2.2,5.2,-0.2,0.88,2.12,0.94,1.26,1.76,0.49,32978,16522,16456
201935,James Harden,2021,4.79,1.91,-0.19,-0.17,-0.03,0.19,0.41,-0.04,0.54,0.49,0.06,-1.15,4.78,0.24,5.02,0.43,-0.47,5.25,-0.83,1.07,0.0,-0.61,32857,16429,16428
1627936,Alex Caruso,2021,0.01,0.51,-0.43,-0.0,-0.43,0.78,2.42,-0.41,1.91,1.27,0.63,0.41,0.36,4.24,4.61,-0.49,0.34,0.02,0.49,3.75,0.35,2.32,14454,7225,7229
203081,Damian Lillard,2021,3.89,1.71,1.09,-0.14,1.24,0.58,-0.46,-0.54,-0.66,-0.77,0.12,0.09,6.0,-1.41,4.6,0.07,0.43,5.57,-0.28,-1.13,1.67,-0.57,36014,18030,17984
1627783,Pascal Siakam,2021,1.47,0.01,0.76,0.62,0.14,-0.16,1.81,-0.02,0.36,-0.27,0.61,0.18,2.12,2.42,4.54,0.12,0.21,1.91,0.13,2.29,0.6,0.54,32098,16067,16031
201980,Danny Green,2021,3.4,0.18,0.09,-0.06,0.15,0.49,0.58,0.19,0.93,0.51,0.43,-0.56,3.54,0.89,4.43,-0.5,0.28,3.26,0.2,0.69,0.58,0.37,29659,14857,14802
202710,Jimmy Butler,2021,0.53,1.59,1.08,0.37,0.71,1.01,1.48,0.31,0.2,0.58,-0.37,0.09,2.41,1.97,4.38,-0.01,0.66,1.75,0.5,1.47,2.09,0.29,29294,14651,14643
203110,Draymond Green,2021,3.44,0.34,-0.53,-1.37,0.83,-1.54,1.69,0.11,0.48,-0.0,0.48,0.47,1.34,2.83,4.17,0.16,-1.32,2.66,0.3,2.53,-2.07,0.95,25005,12515,12490
1627750,Jamal Murray,2021,2.09,0.26,0.1,0.15,-0.05,0.66,0.9,-0.02,-0.02,0.06,-0.1,0.13,3.18,0.88,4.05,0.19,0.35,2.83,0.88,-0.0,0.76,0.11,29008,14541,14467
200794,Paul Millsap,2021,0.54,-0.21,0.19,0.34,-0.15,1.07,0.61,0.05,0.69,-0.01,0.7,0.35,1.83,2.07,3.9,0.45,0.93,0.9,0.96,1.11,1.26,1.04,21171,10605,10566
203991,Clint Capela,2021,-0.75,-0.71,-0.93,-0.72,-0.2,1.87,3.74,1.07,-0.87,-0.55,-0.32,0.84,-0.21,4.09,3.88,-0.02,1.67,-1.88,0.81,3.28,0.94,-0.03,25354,12641,12713
201950,Jrue Holiday,2021,1.31,-0.24,0.28,-0.45,0.73,1.13,0.84,0.61,0.39,0.04,0.36,0.19,2.16,1.51,3.67,-0.47,0.62,1.54,-0.04,1.55,1.41,0.58,30541,15289,15252
203994,Jusuf Nurkic,2021,-0.04,0.04,0.29,-0.33,0.62,0.81,0.7,0.23,0.56,0.29,0.27,0.99,0.67,2.79,3.46,0.15,0.54,0.13,1.17,1.62,1.1,1.55,14365,7178,7187
201144,Mike Conley,2021,0.39,0.7,0.94,0.8,0.14,-0.03,0.42,0.0,1.2,0.27,0.93,0.08,1.87,1.46,3.33,0.33,0.44,1.43,-0.14,1.6,0.91,1.28,21746,10889,10857
1627827,Dorian Finney-Smith,2021,0.76,0.17,0.15,0.11,0.04,0.71,1.97,0.19,-0.29,-0.21,-0.09,-0.13,1.73,1.53,3.25,0.08,0.56,1.17,-0.1,1.63,0.86,-0.42,26079,13012,13067
201588,George Hill,2021,0.91,0.37,0.33,0.46,-0.13,0.01,1.51,-0.19,0.43,0.33,0.1,0.08,1.56,1.58,3.14,-0.13,0.12,1.44,-0.12,1.7,0.34,0.51,16423,8200,8223
202330,Gordon Hayward,2021,1.78,0.58,0.33,0.67,-0.34,-0.29,0.19,-0.1,0.42,0.47,-0.05,0.35,2.1,1.01,3.12,0.34,-0.11,2.21,-0.5,1.51,0.04,0.77,22586,11320,11266
1627751,Jakob Poeltl,2021,-0.49,-1.22,0.71,-0.04,0.74,1.06,0.77,0.6,0.18,0.32,-0.13,0.47,1.31,1.72,3.03,0.33,1.08,0.23,0.37,1.35,1.77,0.65,17961,8972,8989
201976,Patrick Beverley,2021,0.66,0.17,-0.05,0.14,-0.19,0.96,0.69,-0.57,1.09,0.16,0.93,-0.13,1.28,1.72,3.0,-0.22,0.31,0.97,0.57,1.15,0.91,0.96,20340,10156,10184
1628401,Derrick White,2021,1.49,0.84,0.57,0.11,0.46,-0.49,1.31,0.07,0.17,-0.36,0.53,0.28,1.25,1.72,2.97,-0.36,-0.88,2.13,0.03,1.69,0.08,0.45,18573,9290,9283
204060,Joe Ingles,2021,1.13,0.16,-0.41,-0.47,0.05,-0.28,1.63,0.1,0.48,0.62,-0.15,0.55,0.98,1.97,2.94,-0.16,-0.68,1.66,-0.19,2.16,-0.69,1.03,29325,14672,14653
1626157,Karl-Anthony Towns,2021,2.71,0.81,-0.03,0.28,-0.29,1.29,-0.36,0.05,-0.4,-0.07,-0.33,-0.55,3.85,-0.91,2.94,0.28,1.24,2.61,-0.41,-0.5,1.26,-0.95,22061,11057,11004
203076,Anthony Davis,2021,0.32,1.07,-0.03,-0.17,0.14,1.18,-0.15,-0.21,0.42,0.34,0.07,1.02,1.12,1.65,2.77,0.01,1.03,0.09,1.14,0.51,1.15,1.44,24936,12486,12450
202689,Kemba Walker,2021,2.11,0.25,1.16,0.41,0.74,0.14,0.05,0.3,-0.38,-0.15,-0.25,-0.22,3.17,-0.46,2.71,-0.15,0.04,3.13,-0.19,-0.27,1.3,-0.6,26970,13490,13480
1628415,Dillon Brooks,2021,1.13,0.08,0.66,0.1,0.57,0.35,-0.14,-0.31,1.21,0.82,0.39,-0.23,1.51,1.2,2.71,-0.27,0.2,1.31,0.11,1.09,1.01,0.98,19649,9818,9831
203999,Nikola Jokic,2021,3.29,0.54,-0.11,-0.36,0.23,0.88,-0.97,0.39,-0.29,0.01,-0.31,0.78,2.77,-0.07,2.7,-0.88,0.28,2.49,0.87,-0.94,0.77,0.49,35577,17870,17707
1626164,Devin Booker,2021,4.47,1.41,0.31,0.05,0.27,0.17,-0.51,-0.39,-0.93,-0.36,-0.58,-0.72,4.7,-2.0,2.7,-0.09,-0.3,5.0,-0.6,-1.4,0.48,-1.65,32248,16153,16095
203114,Khris Middleton,2021,1.63,-0.05,1.03,0.55,0.48,-0.69,0.64,0.09,-0.25,-0.16,-0.09,0.73,1.59,1.09,2.69,-0.4,-0.89,2.48,0.56,0.53,0.34,0.48,34346,17220,17126
1626220,Royce O'Neale,2021,1.2,0.16,-0.55,0.18,-0.73,0.41,1.69,0.13,-0.78,-0.22,-0.56,0.65,0.81,1.87,2.68,0.06,-0.13,0.94,0.98,0.89,-0.14,-0.13,27316,13602,13714
202704,Reggie Jackson,2021,2.54,0.15,0.36,0.24,0.13,-0.34,0.32,0.25,-0.21,0.11,-0.32,0.03,2.28,0.29,2.57,-0.13,-0.26,2.54,-0.53,0.82,0.02,-0.18,21735,10856,10879
203925,Joe Harris,2021,2.32,-0.16,0.29,0.1,0.19,-0.2,-0.09,0.02,-0.75,-0.33,-0.42,0.46,2.55,-0.04,2.5,0.47,0.07,2.48,0.37,-0.41,0.09,-0.29,29772,14944,14828
203552,Seth Curry,2021,1.4,0.21,0.64,0.42,0.22,-0.46,0.46,0.41,-0.09,-0.5,0.42,-0.19,1.91,0.55,2.46,0.7,-0.09,2.0,-0.12,0.67,0.18,-0.28,22183,11150,11033
1629130,Duncan Robinson,2021,2.52,-0.4,0.24,0.14,0.11,-1.22,-0.19,0.14,0.6,0.09,0.5,0.29,1.57,0.89,2.46,0.22,-0.77,2.34,0.45,0.44,-0.98,0.89,21104,10575,10529
202722,Davis Bertans,2021,3.19,0.75,0.78,0.2,0.57,-0.55,-0.91,-0.17,0.06,-0.28,0.33,0.15,3.46,-1.02,2.44,-0.28,-0.27,3.73,-0.17,-0.85,0.23,0.21,20229,10135,10094
203490,Otto Porter Jr.,2021,1.13,-0.14,0.83,0.5,0.33,-0.15,-0.73,-0.0,1.34,0.42,0.93,-0.08,1.96,0.43,2.38,0.04,-0.04,2.0,0.58,-0.15,0.68,1.26,10909,5453,5456
1626172,Kevon Looney,2021,-0.86,-0.4,0.43,-0.11,0.53,1.52,1.1,-0.2,-0.7,-0.4,-0.29,0.49,1.36,0.96,2.33,0.35,2.52,-1.16,0.17,0.79,1.95,-0.21,13415,6681,6734
1627832,Fred VanVleet,2021,0.27,0.56,0.59,0.71,-0.13,-0.29,1.19,-0.16,0.6,-0.13,0.74,-0.55,1.06,1.26,2.32,0.51,0.1,0.96,-0.0,1.26,0.3,0.05,26390,13199,13191
201572,Brook Lopez,2021,1.33,0.18,0.23,0.14,0.09,-0.76,2.51,1.29,-1.45,-0.28,-1.18,0.78,0.36,1.95,2.31,-0.33,-0.51,0.87,-0.11,2.06,-0.53,-0.67,31057,15589,15468
203468,CJ McCollum,2021,1.49,-0.47,1.48,0.89,0.59,0.33,0.04,0.43,-0.69,-0.4,-0.29,-0.37,2.94,-0.67,2.27,-0.01,-0.01,2.95,-0.96,0.29,1.81,-1.06,31238,15640,15598
203939,Dwight Powell,2021,1.93,0.08,-0.19,-0.29,0.1,0.02,0.34,0.04,0.22,-0.12,0.34,-0.19,1.66,0.57,2.23,0.1,0.38,1.28,0.11,0.46,-0.17,0.03,14950,7470,7480
202681,Kyrie Irving,2021,1.72,-0.1,1.58,0.7,0.88,-0.66,-0.15,-0.01,0.37,0.37,0.01,-0.57,2.53,-0.32,2.21,-0.08,-0.18,2.71,-0.39,0.07,0.92,-0.2,22467,11264,11203
1626166,Cameron Payne,2021,1.6,-0.0,0.28,0.03,0.25,-0.48,0.79,-0.18,0.09,-0.23,0.33,-0.26,1.43,0.78,2.2,0.18,-0.52,1.95,-0.32,1.1,-0.2,-0.17,9521,4775,4746
1628389,Bam Adebayo,2021,1.75,0.39,-0.41,-0.18,-0.23,-0.78,0.82,0.26,0.38,0.32,0.05,0.6,0.43,1.71,2.13,-0.23,-0.84,1.27,0.43,1.28,-1.19,0.98,29021,14511,14510
2736,Luol Deng,2021,0.62,-0.08,0.33,0.13,0.2,0.21,0.92,-0.11,0.02,0.21,-0.18,-0.0,1.21,0.88,2.09,-0.01,0.41,0.8,0.16,0.72,0.54,0.02,1583,790,793
1627763,Malcolm Brogdon,2021,0.84,0.44,0.43,0.36,0.08,-0.09,1.12,0.01,-0.66,-0.31,-0.34,0.12,1.49,0.55,2.04,0.28,0.05,1.44,0.33,0.22,0.34,-0.54,23111,11560,11551
1626159,Justise Winslow,2021,-1.03,-0.61,-0.45,-0.1,-0.34,0.07,2.09,-0.09,0.43,0.29,0.13,1.0,-1.65,3.65,2.0,-0.11,0.15,-1.8,1.16,2.49,-0.38,1.43,11538,5755,5783
203496,Robert Covington,2021,0.17,-0.25,0.14,0.11,0.03,-0.61,0.81,0.15,1.14,0.53,0.61,0.42,-0.34,2.34,2.0,-0.07,0.08,-0.42,0.82,1.52,-0.47,1.56,25211,12616,12595
1626161,Willie Cauley-Stein,2021,-1.15,-0.47,0.81,0.08,0.74,-0.93,2.11,0.26,1.0,0.43,0.56,-0.09,-1.37,3.35,1.98,0.23,-0.18,-1.19,-0.2,3.55,-0.12,0.91,17639,8817,8822
201568,Danilo Gallinari,2021,2.74,1.79,0.8,0.56,0.24,-0.78,-0.41,0.08,-0.71,-0.5,-0.2,0.14,2.55,-0.61,1.94,0.16,-0.63,3.18,-0.11,-0.5,0.02,-0.57,24122,12099,12023
1628408,PJ Dozier,2021,-0.52,-0.51,-0.31,-0.24,-0.06,0.58,0.45,-0.18,0.87,0.44,0.44,0.62,0.28,1.62,1.9,0.21,0.48,-0.2,0.97,0.65,0.27,1.49,6684,3320,3364
1629627,Zion Williamson,2021,1.74,0.44,-0.65,-0.6,-0.05,1.34,-0.21,0.34,0.07,0.1,-0.04,0.11,1.97,-0.1,1.87,-0.53,0.99,0.98,0.1,-0.2,0.69,0.18,11157,5588,5569
203471,Dennis Schroder,2021,0.15,0.53,0.1,-0.05,0.15,0.14,1.16,0.05,0.69,-0.16,0.85,0.05,0.31,1.54,1.85,-0.44,-0.26,0.57,-0.22,1.76,0.24,0.74,27858,13917,13941
201587,Nicolas Batum,2021,1.54,0.3,-0.37,-0.18,-0.19,-0.52,1.13,0.3,0.06,0.2,-0.13,-0.28,0.87,0.97,1.85,0.29,-1.27,2.14,0.05,0.92,-0.89,-0.22,20854,10422,10432
1629611,Terance Mann,2021,0.54,0.01,0.24,0.17,0.08,0.15,1.01,-0.3,-0.22,-0.28,0.06,-0.07,1.34,0.47,1.82,0.17,0.58,0.76,-0.61,1.08,0.39,-0.29,8079,4000,4079
201988,Patty Mills,2021,0.76,0.9,0.85,0.36,0.48,-0.73,1.48,-0.28,-0.1,-0.24,0.16,-0.48,1.81,-0.01,1.79,0.01,0.13,1.68,-0.48,0.47,0.12,-0.58,21461,10741,10720
202339,Eric Bledsoe,2021,1.22,0.02,0.48,0.51,-0.03,-0.25,-0.21,0.22,0.31,0.8,-0.48,0.07,1.64,0.15,1.79,0.17,-0.58,2.22,-0.17,0.32,0.23,0.38,27758,13884,13874
1628381,John Collins,2021,1.07,0.02,-0.79,-0.81,0.03,1.18,0.94,0.31,-0.58,-0.13,-0.43,0.23,1.03,0.73,1.76,-0.29,1.49,-0.46,-0.22,0.95,0.39,-0.35,22856,11429,11427
202685,Jonas Valanciunas,2021,-0.48,-0.28,-0.97,-0.55,-0.42,1.78,1.69,0.73,-1.99,-0.39,-1.59,1.42,0.49,1.24,1.73,0.28,2.15,-1.66,1.43,-0.19,0.81,-0.57,20271,10133,10138
201143,Al Horford,2021,1.24,-0.56,0.25,0.03,0.24,-1.41,1.45,0.57,-0.28,0.06,-0.34,0.4,0.18,1.51,1.69,0.04,-1.15,1.33,0.04,1.47,-1.16,0.12,21403,10703,10700
101141,Ersan Ilyasova,2021,0.24,-0.09,0.46,0.15,0.31,0.03,-0.46,0.08,0.58,-0.02,0.6,0.56,0.85,0.84,1.69,0.28,0.31,0.54,1.28,-0.44,0.49,1.14,10888,5433,5455
201609,Goran Dragic,2021,0.56,0.21,0.08,0.25,-0.18,0.19,0.02,-0.53,0.43,0.22,0.2,-0.14,1.18,0.49,1.68,0.54,0.39,0.79,-0.55,1.04,0.27,0.29,18812,9420,9392
1629056,Terence Davis,2021,0.66,0.23,-0.22,-0.37,0.15,0.41,0.41,-0.66,0.86,0.69,0.17,-0.34,1.17,0.5,1.67,-0.11,0.65,0.52,-0.51,1.01,0.19,0.52,9709,4851,4858
203992,Bogdan Bogdanovic,2021,0.14,-0.44,0.31,0.22,0.09,-0.03,0.69,-0.06,0.2,0.45,-0.26,0.19,0.5,1.16,1.66,0.16,-0.15,0.65,0.21,0.95,0.28,0.39,22436,11225,11211
203932,Aaron Gordon,2021,0.47,-0.35,-0.25,0.17,-0.42,0.31,1.03,0.54,-0.6,-0.16,-0.44,0.68,0.75,0.87,1.63,-0.01,0.45,0.3,0.2,0.67,0.06,0.08,25963,12976,12987
1628371,Jonathan Isaac,2021,-1.1,-0.14,0.01,-0.05,0.06,0.64,1.42,0.24,0.36,0.05,0.31,0.35,-0.72,2.29,1.57,-0.11,0.25,-0.97,0.36,1.93,0.65,0.71,12392,6180,6212
1627788,Furkan Korkmaz,2021,0.13,-0.05,0.66,0.52,0.14,-0.25,-0.01,-0.38,0.44,0.39,0.05,0.16,0.85,0.69,1.54,0.41,0.47,0.38,1.02,-0.33,0.41,0.6,14500,7253,7247
1629103,Kelan Martin,2021,-0.93,0.0,-0.15,0.03,-0.18,0.35,1.95,-0.37,0.34,-0.01,0.36,-0.29,-0.27,1.81,1.54,0.27,0.56,-0.83,-0.09,1.9,0.2,0.05,3375,1686,1689
202355,Hassan Whiteside,2021,-0.67,-0.85,-0.74,-0.52,-0.22,1.61,2.75,0.78,-1.27,-0.5,-0.77,-0.19,-0.26,1.79,1.53,0.04,1.32,-1.58,-0.47,2.26,0.87,-1.46,17930,8960,8970
1630193,Immanuel Quickley,2021,1.31,0.65,-0.32,-0.09,-0.24,0.08,0.53,-0.16,0.1,-0.11,0.2,0.14,1.09,0.45,1.53,-0.31,-0.21,1.3,-0.14,0.59,-0.24,0.24,5137,2577,2560
203500,Steven Adams,2021,-0.73,-0.71,-0.73,-0.29,-0.42,2.35,0.29,0.7,-0.94,-0.26,-0.7,1.48,0.81,0.71,1.52,-0.2,1.65,-0.84,0.79,-0.08,1.62,0.54,26193,13109,13084
200757,Thabo Sefolosha,2021,0.44,-0.22,-0.1,-0.25,0.15,-0.36,0.28,-0.11,1.13,0.82,0.31,0.05,-0.16,1.6,1.45,0.01,-0.52,0.36,0.47,1.13,-0.46,1.18,4504,2245,2259
1628467,Maxi Kleber,2021,-0.56,0.1,-0.05,0.03,-0.09,0.3,1.47,-0.07,-0.51,-0.48,-0.04,0.51,-0.01,1.45,1.44,0.28,0.24,-0.25,-0.15,1.6,0.25,0.0,20699,10336,10363
204001,Kristaps Porzingis,2021,1.45,0.01,0.65,0.01,0.62,-0.07,-0.04,0.38,-1.48,-0.22,-1.26,0.46,2.03,-0.6,1.44,0.47,-0.12,2.15,0.62,-1.22,0.58,-1.02,14099,7073,7026
203935,Marcus Smart,2021,0.6,0.44,-0.03,-0.09,0.06,-0.09,0.05,-0.18,1.45,0.62,0.81,-0.61,0.35,1.07,1.42,0.05,-0.64,0.99,-0.34,1.41,-0.12,0.84,26903,13416,13487
1627749,Dejounte Murray,2021,0.55,-0.05,0.74,0.51,0.23,-0.63,-0.09,0.31,0.17,0.5,-0.33,0.37,0.87,0.53,1.4,0.29,-0.21,1.08,-0.0,0.53,0.11,0.54,15441,7702,7739
200768,Kyle Lowry,2021,1.44,0.73,0.24,-0.14,0.38,-0.52,-0.47,0.0,1.42,0.2,1.23,-0.5,0.77,0.61,1.38,-0.23,-0.63,1.4,-0.22,0.83,-0.28,0.92,29398,14714,14684
1628978,Donte DiVincenzo,2021,0.37,-0.1,0.05,0.11,-0.06,0.63,-0.4,-0.0,0.63,0.49,0.13,0.24,1.03,0.33,1.37,-0.15,0.48,0.55,0.18,0.15,0.68,0.87,16936,8483,8453
1629029,Luka Doncic,2021,3.13,0.44,-0.43,-0.98,0.55,0.25,-1.27,-0.01,-0.53,0.01,-0.54,0.19,3.04,-1.69,1.35,0.01,0.31,2.73,0.09,-1.78,-0.18,-0.34,29030,14525,14505
201567,Kevin Love,2021,1.11,0.08,0.09,-0.55,0.64,0.24,-0.01,0.68,-1.48,-0.76,-0.72,1.01,1.42,-0.08,1.34,0.38,0.02,1.4,0.94,-1.02,0.33,-0.47,12170,6101,6069
202696,Nikola Vucevic,2021,0.61,-0.34,0.53,-0.11,0.65,-0.96,0.54,0.91,-0.94,-0.13,-0.81,1.76,-0.21,1.54,1.33,-0.21,-0.46,0.25,1.1,0.44,-0.43,0.82,28903,14471,14432
1629185,Chris Chiozza,2021,-1.22,-0.62,0.64,0.7,-0.06,-0.34,0.34,-0.02,1.12,0.43,0.7,0.29,-0.86,2.16,1.3,0.47,-0.42,-0.44,0.92,1.24,0.3,1.41,3131,1566,1565
201933,Blake Griffin,2021,-0.56,0.54,0.47,0.48,-0.01,0.37,0.26,-0.01,0.25,-0.39,0.64,0.4,0.36,0.94,1.3,0.11,-0.02,0.38,0.58,0.36,0.84,0.65,18647,9339,9308
1626158,Richaun Holmes,2021,0.44,-0.12,-0.13,-0.55,0.42,0.21,1.42,0.26,-0.33,-0.09,-0.25,-0.76,0.59,0.62,1.21,0.36,0.37,0.22,-0.28,0.9,0.08,-1.09,16775,8391,8384
1628021,David Nwaba,2021,-0.6,-0.07,0.03,0.14,-0.13,0.33,1.22,0.07,0.91,0.06,0.85,-0.34,-0.22,1.42,1.2,-0.35,0.78,-1.0,-0.14,1.56,0.36,0.57,7626,3813,3813
201937,Ricky Rubio,2021,0.09,0.18,-0.05,-0.5,0.45,0.26,-0.96,-0.17,1.19,0.32,0.87,0.54,0.07,1.11,1.18,0.11,-0.2,0.27,0.83,0.28,0.21,1.73,24284,12137,12147
1626174,Christian Wood,2021,1.42,0.14,-0.76,-0.64,-0.13,0.16,0.79,0.31,-0.5,0.16,-0.65,0.02,0.74,0.44,1.17,0.04,0.33,0.41,-0.18,0.62,-0.6,-0.48,11771,5887,5884
203482,Kelly Olynyk,2021,1.72,0.23,-0.6,-0.33,-0.28,0.09,-0.45,0.07,0.66,0.24,0.4,0.01,1.12,0.05,1.17,-0.26,0.49,0.63,0.03,0.02,-0.51,0.67,21844,10952,10892
201188,Marc Gasol,2021,1.03,-0.26,-0.84,-0.81,-0.03,-1.66,1.21,0.87,0.83,0.56,0.26,0.38,-1.5,2.67,1.17,0.22,-1.87,0.37,0.99,1.68,-2.5,1.21,22179,11121,11058
203078,Bradley Beal,2021,3.66,1.18,0.31,0.17,0.14,0.69,-2.42,-0.22,-0.27,-0.1,-0.17,-0.85,4.25,-3.08,1.17,0.05,0.33,3.92,-0.83,-2.25,1.0,-1.12,30787,15419,15368
200746,LaMarcus Aldridge,2021,0.3,-0.09,1.0,0.81,0.19,-0.87,0.14,0.49,-1.3,-0.17,-1.13,1.16,0.21,0.96,1.17,0.74,-0.58,0.79,1.15,-0.19,0.13,-0.14,21348,10682,10666
202683,Enes Kanter,2021,-1.33,-0.11,0.08,0.42,-0.34,3.45,-0.55,0.57,-1.26,-0.75,-0.52,0.74,1.86,-0.7,1.16,0.03,3.49,-1.63,0.82,-1.52,3.53,-0.52,19880,9983,9897
1628969,Mikal Bridges,2021,1.22,0.32,-0.17,-0.31,0.15,-0.61,0.56,-0.21,1.09,1.02,0.07,-0.35,0.09,1.06,1.15,-0.59,-0.68,0.77,-0.53,1.59,-0.78,0.74,30576,15284,15292
201565,Derrick Rose,2021,0.66,0.3,0.66,0.39,0.27,-0.26,0.99,0.17,-0.02,-0.01,-0.0,-0.4,1.03,0.11,1.14,-0.49,-0.16,1.19,-1.09,1.2,0.4,-0.42,16534,8293,8241
1629008,Michael Porter Jr.,2021,2.72,-0.03,0.51,-0.43,0.94,0.67,-2.73,-0.28,0.15,0.11,0.04,0.27,3.58,-2.45,1.13,-0.46,0.45,3.13,-0.43,-2.02,1.18,0.42,14421,7248,7173
1629630,Ja Morant,2021,1.4,0.16,0.0,-0.34,0.34,0.79,0.02,0.04,-0.26,-0.04,-0.22,-0.13,1.96,-0.85,1.12,-0.7,0.86,1.1,-1.09,0.24,0.79,-0.39,18299,9154,9145
201152,Thaddeus Young,2021,-0.04,-0.76,-0.04,-0.64,0.6,0.59,-1.12,-0.19,1.97,1.0,0.97,-0.35,0.6,0.51,1.11,0.1,0.93,-0.33,0.09,0.42,0.55,1.62,23469,11709,11760
1628392,Isaiah Hartenstein,2021,0.38,0.04,-1.2,-0.36,-0.84,0.68,0.27,-0.08,0.8,0.34,0.44,-0.2,0.31,0.79,1.09,0.36,0.46,-0.15,-0.21,1.0,-0.52,0.6,4206,2104,2102
1626167,Myles Turner,2021,-0.64,-0.16,-0.13,0.04,-0.17,-0.84,2.75,0.46,0.04,0.02,0.01,-0.43,-1.84,2.92,1.08,0.33,-0.62,-1.22,-0.09,3.01,-0.97,-0.39,22817,11389,11428
2403,Nene,2021,0.19,0.15,0.14,0.1,0.04,-0.3,0.35,-0.46,0.31,0.04,0.27,-0.04,0.37,0.66,1.04,0.39,-0.04,0.41,-0.07,0.73,-0.16,0.27,2399,1201,1198
203944,Julius Randle,2021,0.25,0.56,-0.67,-0.15,-0.53,0.6,1.33,-0.14,-0.82,-0.26,-0.56,0.48,-0.08,1.11,1.03,-0.14,0.13,-0.21,0.68,0.43,-0.07,-0.34,29108,14560,14548
1629661,Cameron Johnson,2021,-0.49,0.27,0.66,0.58,0.09,-0.33,0.14,0.1,0.06,-0.48,0.54,0.65,0.3,0.68,0.99,0.3,0.3,0.0,0.37,0.31,0.33,0.71,12514,6270,6244
1629001,De'Anthony Melton,2021,-0.54,-0.31,0.47,0.05,0.42,0.23,-0.2,-0.39,1.38,0.75,0.64,-0.28,0.18,0.77,0.95,-0.11,0.86,-0.68,-0.35,1.12,0.7,1.1,13650,6820,6830
1629652,Luguentz Dort,2021,-0.76,0.15,1.07,1.02,0.05,-0.45,1.1,0.14,-0.02,-0.29,0.28,-0.14,-0.05,0.96,0.92,0.12,-0.48,0.43,-0.08,1.04,0.62,-0.16,10524,5260,5264
1628998,Cody Martin,2021,-0.76,-0.09,0.01,-0.19,0.22,0.62,-0.82,0.01,1.92,0.54,1.39,-0.08,-0.1,1.01,0.92,0.03,0.34,-0.44,1.01,-0.0,0.63,1.84,6872,3422,3450
1627826,Ivica Zubac,2021,-2.34,-0.24,-0.95,-0.64,-0.32,1.49,2.24,0.44,-0.88,-0.36,-0.53,1.37,-2.02,2.93,0.91,-0.02,1.04,-3.06,1.63,1.3,0.54,0.49,18774,9378,9396
1628420,Monte Morris,2021,-0.75,-0.32,0.85,0.78,0.08,-0.14,1.0,0.21,0.17,0.36,-0.2,-0.3,0.29,0.6,0.9,0.07,0.22,0.07,-0.46,1.06,0.71,-0.13,22564,11299,11265
1628988,Aaron Holiday,2021,0.61,-0.18,0.46,0.51,-0.05,-0.3,1.18,0.06,0.11,-0.27,0.38,-0.99,0.99,-0.11,0.88,-0.19,0.38,0.61,-1.32,1.21,0.16,-0.88,14277,7149,7128
1628449,Chris Boucher,2021,0.74,0.73,0.03,-0.08,0.11,1.2,0.27,-0.37,0.04,0.17,-0.13,-1.06,2.14,-1.26,0.88,-0.34,1.03,1.11,-0.79,-0.47,1.23,-1.02,10077,5036,5041
203107,Tomas Satoransky,2021,-0.34,-0.38,-0.51,-0.51,-0.01,0.47,-0.12,0.17,1.18,0.37,0.8,-0.07,-0.42,1.29,0.87,0.26,-0.11,-0.31,0.2,1.09,-0.04,1.11,21523,10775,10748
1627734,Domantas Sabonis,2021,-0.43,-0.34,-0.39,-0.31,-0.1,0.61,-0.14,0.38,-0.06,-0.09,0.02,1.04,-0.33,1.19,0.86,0.23,0.41,-0.74,1.73,-0.54,0.22,0.98,25233,12627,12606
1628464,Daniel Theis,2021,-1.11,-0.14,0.42,0.01,0.41,0.13,0.63,0.05,0.11,0.22,-0.11,0.29,-0.54,1.32,0.79,0.32,0.65,-1.19,0.5,0.82,0.55,0.4,18529,9246,9283
202699,Tobias Harris,2021,-0.54,-0.02,0.51,0.09,0.42,0.27,0.96,0.16,-1.31,-0.6,-0.7,1.09,-0.27,1.05,0.78,-0.2,0.57,-0.84,1.0,0.05,0.78,-0.22,34522,17271,17251
202357,Nemanja Bjelica,2021,1.37,-0.59,-0.2,-0.03,-0.19,0.22,-1.56,0.02,0.21,-0.07,0.28,0.53,1.57,-0.81,0.76,0.19,0.28,1.29,0.92,-1.73,0.02,0.74,17834,8928,8906
202334,Ed Davis,2021,-3.2,-0.53,-0.17,0.83,-0.99,0.8,1.89,-0.22,0.15,0.05,0.1,0.56,-2.1,2.86,0.76,0.73,1.52,-3.62,1.51,1.35,0.63,0.71,8379,4171,4208
2738,Andre Iguodala,2021,0.01,0.42,-0.48,-0.57,0.09,-0.3,1.08,0.0,0.63,0.55,0.07,-0.07,-0.26,1.01,0.75,-0.12,-0.57,0.31,0.34,0.67,-0.78,0.56,17475,8712,8763
202324,Derrick Favors,2021,-0.78,-0.28,-1.34,-1.11,-0.23,1.56,0.69,0.43,-0.37,0.27,-0.63,0.79,-0.61,1.31,0.7,0.15,1.6,-2.21,0.58,0.73,0.22,0.42,17494,8744,8750
203487,Michael Carter-Williams,2021,-0.86,0.05,0.24,-0.11,0.36,0.52,-0.83,-0.25,1.21,0.5,0.71,0.41,-0.21,0.87,0.66,-0.03,0.05,-0.26,0.41,0.46,0.76,1.62,8334,4164,4170
1629655,Daniel Gafford,2021,-0.11,-0.04,-0.56,-0.29,-0.27,0.36,0.87,-0.3,1.09,0.67,0.42,-1.3,-0.26,0.92,0.66,0.31,0.1,-0.36,-0.41,1.33,-0.2,-0.21,6237,3103,3134
1627790,Ante Zizic,2021,0.61,-0.36,-0.09,0.05,-0.14,0.05,1.21,0.6,-0.6,-0.39,-0.22,0.05,0.38,0.28,0.66,-0.57,0.43,-0.05,-0.12,0.4,-0.04,-0.55,5087,2546,2541
1629067,Isaac Bonga,2021,-2.12,-0.36,-1.0,-0.8,-0.2,0.58,1.63,-0.22,1.8,0.49,1.31,0.13,-2.69,3.34,0.66,-0.36,0.44,-3.13,0.73,2.61,-0.42,1.93,7572,3764,3808
202711,Bojan Bogdanovic,2021,2.36,0.37,-0.39,-0.08,-0.32,-0.23,0.32,0.28,-0.92,-0.32,-0.6,-0.47,1.61,-0.96,0.65,-0.02,-0.22,1.83,-1.03,0.07,-0.62,-1.39,29802,14910,14892
200752,Rudy Gay,2021,-1.68,0.09,0.43,0.25,0.18,-0.26,2.03,0.33,-0.05,-0.15,0.09,0.59,-1.57,2.19,0.62,-0.44,0.06,-1.63,0.01,2.18,0.17,0.54,19466,9759,9707
203526,Raul Neto,2021,0.18,0.18,-0.19,-0.1,-0.08,-0.19,0.49,-0.48,-0.22,-0.26,0.04,0.41,-0.08,0.68,0.6,0.12,-0.12,0.04,0.46,0.22,-0.38,0.19,11186,5585,5601
1628539,Mychal Mulder,2021,1.18,0.01,0.64,0.57,0.06,-0.83,-0.0,-0.2,-0.1,-0.17,0.07,-0.33,1.29,-0.73,0.56,0.0,-0.73,2.02,-0.8,0.07,-0.19,-0.43,4048,2030,2018
1626259,Malcolm Miller,2021,0.4,-0.12,-0.31,-0.25,-0.05,0.1,0.25,-0.26,-0.37,-0.01,-0.36,-0.04,0.6,-0.05,0.55,0.52,0.1,0.5,-0.16,0.11,-0.21,-0.41,1071,527,544
202397,Ish Smith,2021,-1.51,-0.36,1.62,0.85,0.75,0.42,-0.04,-0.54,-0.0,-0.18,0.18,-0.08,0.72,-0.18,0.54,0.13,1.03,-0.31,-0.09,-0.09,2.04,-0.08,17127,8571,8556
1629011,Mitchell Robinson,2021,-1.51,-0.67,-0.8,-0.53,-0.28,1.62,1.6,-0.16,-0.51,0.24,-0.76,0.09,-0.51,1.04,0.53,0.04,1.93,-2.44,-0.15,1.19,0.82,-0.42,14582,7278,7304
201956,Omri Casspi,2021,0.34,0.05,-0.74,-0.41,-0.33,0.07,0.3,0.01,0.66,0.17,0.49,0.03,-0.43,0.94,0.51,-0.15,-0.19,-0.24,0.05,0.89,-0.67,0.69,2107,1060,1047
1626178,Rondae Hollis-Jefferson,2021,-1.78,0.25,-0.19,0.2,-0.39,1.43,-0.31,-0.27,1.02,0.28,0.74,0.67,-0.52,1.02,0.5,-0.34,1.2,-1.72,0.07,0.95,1.24,1.69,10619,5296,5323
1628380,Zach Collins,2021,0.61,-0.05,-0.74,-0.25,-0.48,0.19,1.07,-0.07,-0.6,-0.43,-0.17,-0.1,0.33,0.16,0.49,0.06,0.28,0.05,-1.17,1.33,-0.55,-0.7,7605,3790,3815
1630194,Paul Reed,2021,-0.65,-0.03,-0.25,0.11,-0.37,0.41,0.14,-0.32,0.51,0.28,0.23,-0.12,-0.27,0.76,0.49,0.45,0.36,-0.63,0.26,0.5,0.16,0.39,761,383,378
203521,Matthew Dellavedova,2021,0.08,-0.3,-0.53,-0.52,-0.01,-0.7,1.78,0.05,-0.11,-0.33,0.23,0.6,-1.39,1.84,0.45,-0.67,-0.69,-0.7,0.51,1.33,-1.23,0.49,7387,3695,3692
1626185,Jarell Martin,2021,-0.09,-0.02,0.41,0.1,0.31,-0.41,0.17,-0.33,0.07,0.15,-0.07,0.3,-0.11,0.55,0.44,-0.01,-0.24,0.13,0.68,-0.13,0.0,0.37,1420,712,708
1629651,Nicolas Claxton,2021,-0.79,-0.2,-0.2,-0.31,0.1,-0.06,1.43,-0.11,0.37,-0.09,0.45,-0.35,-0.92,1.36,0.44,0.04,0.62,-1.54,-0.56,1.92,-0.26,0.02,3684,1839,1845
203967,Dario Saric,2021,0.47,0.18,-0.19,0.01,-0.2,0.34,-1.03,0.11,-0.27,-0.89,0.63,0.89,0.68,-0.24,0.44,0.23,0.28,0.4,0.85,-1.09,0.15,0.62,19005,9508,9497
1630191,Isaiah Stewart,2021,-1.33,-0.14,-0.53,0.2,-0.73,0.63,1.76,0.09,0.07,-0.12,0.18,-0.13,-1.01,1.44,0.43,-0.04,1.14,-2.15,-0.1,1.54,0.1,-0.06,5831,2911,2920
203109,Jae Crowder,2021,-0.21,0.2,0.66,0.33,0.33,-0.72,0.45,-0.41,0.05,-0.09,0.12,0.08,-0.14,0.57,0.43,0.12,-0.07,-0.07,-0.11,0.68,-0.06,0.13,29537,14760,14777
1629023,P.J. Washington,2021,0.36,-0.32,-0.28,-0.56,0.28,-0.42,0.85,0.36,0.26,-0.37,0.63,-0.46,-0.38,0.79,0.41,0.1,-0.84,0.46,-0.27,1.06,-0.7,-0.2,14724,7383,7341
1629052,Oshae Brissett,2021,0.88,0.14,0.23,0.01,0.22,0.06,-0.3,0.08,-0.43,0.39,-0.81,-0.08,1.15,-0.74,0.41,0.05,0.27,0.88,0.07,-0.81,0.29,-0.51,2671,1337,1334
1628984,Devonte' Graham,2021,0.31,0.31,0.17,-0.18,0.34,0.0,-0.14,0.23,0.82,0.31,0.52,-0.35,0.76,-0.36,0.4,-0.41,0.46,0.3,-0.67,0.31,0.17,0.47,17710,8883,8827
202329,Al-Farouq Aminu,2021,-1.57,0.36,-0.8,0.18,-0.98,0.79,1.77,0.43,-0.25,-0.02,-0.21,0.4,-1.8,2.19,0.39,0.05,0.88,-2.68,0.29,1.9,-0.01,0.15,14192,7095,7097
201571,D.J. Augustin,2021,0.76,0.79,-0.03,0.15,-0.18,-0.03,0.1,-0.18,-0.11,-0.0,-0.1,-0.29,0.74,-0.35,0.39,-0.01,-0.4,1.14,0.19,-0.54,-0.06,-0.4,20364,10216,10148
203488,Mike Muscala,2021,-0.36,0.09,0.04,-0.09,0.11,-1.34,1.23,0.19,-0.27,-0.42,0.15,0.6,-1.48,1.87,0.38,0.48,-0.99,-0.49,0.54,1.33,-1.3,0.33,10467,5237,5230
1629605,Tacko Fall,2021,0.57,-0.27,0.0,-0.01,0.03,-0.03,0.03,-0.03,-0.1,-0.06,-0.02,-0.03,0.59,-0.21,0.38,-0.06,-0.04,0.63,0.02,-0.23,-0.03,-0.13,696,344,352
1630214,Xavier Tillman,2021,-0.74,-0.1,0.27,-0.05,0.32,-0.1,0.42,0.14,1.19,1.03,0.16,-0.63,-0.46,0.81,0.35,-0.06,-0.08,-0.38,-0.33,1.14,0.17,0.56,4483,2241,2242
1629723,John Konchar,2021,-0.02,-0.34,-0.04,-0.14,0.11,0.58,-0.32,-0.26,0.43,0.62,-0.18,-0.4,0.7,-0.37,0.33,0.1,0.97,-0.27,0.25,-0.62,0.54,0.03,3065,1536,1529
1629028,Deandre Ayton,2021,-0.29,-0.57,-0.59,-0.72,0.15,0.63,0.46,0.63,-0.59,0.09,-0.67,-0.09,-0.47,0.78,0.31,0.78,0.74,-1.21,0.5,0.28,0.04,-0.68,25713,12864,12849
201162,Jared Dudley,2021,-0.38,-0.19,-0.25,0.27,-0.52,-0.07,-0.11,-0.1,1.07,0.24,0.82,-0.13,-0.55,0.86,0.3,0.17,-0.55,0.0,0.09,0.77,-0.32,0.94,7102,3554,3548
1627741,Buddy Hield,2021,1.23,-0.63,-0.19,-0.09,-0.1,-0.03,-0.91,-0.04,0.77,0.44,0.32,-0.92,0.9,-0.61,0.29,0.34,0.39,0.51,-0.94,0.33,-0.22,-0.15,29753,14903,14850
203077,Michael Kidd-Gilchrist,2021,-2.01,0.17,0.1,0.29,-0.19,0.22,1.29,-0.19,0.51,-0.2,0.71,0.02,-1.31,1.6,0.29,0.16,0.76,-2.07,-0.27,1.87,0.32,0.53,5842,2889,2953
203085,Austin Rivers,2021,0.38,0.23,1.25,1.13,0.13,-1.34,-0.41,-0.47,-0.01,-0.15,0.13,-0.47,1.17,-0.89,0.29,0.89,-0.12,1.29,0.27,-1.16,-0.09,-0.48,21146,10569,10577
203998,Bruno Caboclo,2021,-1.09,0.24,0.17,0.19,-0.03,0.44,0.33,-0.28,0.4,-0.1,0.52,0.14,-0.4,0.68,0.28,-0.11,0.88,-1.28,-0.05,0.73,0.61,0.54,4298,2141,2157
202703,Nikola Mirotic,2021,0.53,0.17,0.14,-0.09,0.23,-0.03,0.04,0.2,-0.12,0.1,-0.22,-0.21,0.73,-0.44,0.28,-0.07,0.49,0.24,0.1,-0.54,0.11,-0.33,6372,3187,3185
1629026,Kenrich Williams,2021,-0.1,-0.7,-0.67,-0.28,-0.39,0.8,-1.14,-0.22,1.29,0.8,0.49,-0.12,0.23,0.01,0.25,0.19,0.16,0.07,-0.17,0.18,0.13,1.17,13951,6961,6990
1629690,Adam Mokoka,2021,0.09,0.07,-0.32,-0.1,-0.22,0.29,-0.58,-0.28,0.7,0.07,0.64,-0.03,0.2,0.04,0.24,0.09,0.04,0.16,0.05,-0.01,-0.03,0.67,670,332,338
1629680,Matisse Thybulle,2021,-0.72,0.02,-0.8,-0.23,-0.57,0.75,-0.77,-0.68,1.9,0.92,0.97,-0.03,-0.59,0.82,0.24,-0.09,0.62,-1.21,0.61,0.21,-0.05,1.87,11980,5926,6054
1629203,Jemerrio Jones,2021,-0.34,-0.23,-0.53,-0.45,-0.09,0.52,0.53,-0.03,-0.4,-0.15,-0.26,0.18,-0.16,0.4,0.24,0.28,0.13,-0.29,-0.06,0.46,-0.01,-0.22,583,291,292
1628993,Alize Johnson,2021,-1.16,-0.36,0.09,0.09,0.0,0.82,0.11,-0.04,0.09,-0.24,0.33,-0.12,-0.04,0.27,0.24,0.41,1.24,-1.28,0.17,0.1,0.91,-0.03,1597,793,804
203894,Shabazz Napier,2021,-0.03,0.38,-0.41,-0.48,0.06,-0.08,-0.59,-0.03,0.6,-0.04,0.64,0.56,-0.54,0.77,0.23,0.18,-0.21,-0.33,0.73,0.04,-0.49,1.16,9790,4891,4899
101150,Lou Williams,2021,1.04,1.27,1.18,0.11,1.07,-0.36,0.28,-0.1,-0.64,-0.16,-0.48,-1.15,1.77,-1.53,0.23,-0.12,-0.08,1.85,-1.74,0.21,0.82,-1.79,25124,12651,12473
202066,Garrett Temple,2021,0.04,0.24,-0.23,-0.42,0.19,-0.87,0.79,-0.52,0.01,-0.0,0.02,0.54,-0.85,1.07,0.22,-0.06,-0.85,0.0,0.67,0.4,-1.1,0.55,22375,11190,11185
203084,Harrison Barnes,2021,0.42,0.65,0.46,0.67,-0.23,-0.88,0.4,0.23,-0.59,-0.23,-0.36,0.23,0.15,0.05,0.21,0.17,-0.46,0.61,0.41,-0.36,-0.42,-0.36,28795,14398,14397
202083,Wesley Matthews,2021,-0.91,-0.08,0.13,-0.17,0.28,-1.12,1.17,0.05,0.45,-0.37,0.82,0.57,-1.73,1.93,0.2,-0.09,-0.31,-1.42,0.35,1.58,-0.99,1.02,21958,10954,11004
203457,Nerlens Noel,2021,-1.2,-0.31,-0.65,-0.61,-0.04,-0.16,1.78,-0.04,1.04,-0.28,1.32,-1.37,-1.58,1.74,0.17,0.73,0.19,-1.77,-0.66,2.4,-0.81,-0.33,15758,7861,7897
202954,Brad Wanamaker,2021,-1.05,0.3,0.0,0.52,-0.52,-0.05,1.37,-0.24,0.09,-0.1,0.18,-0.23,-1.0,1.13,0.14,0.01,-0.11,-0.89,-0.54,1.67,-0.05,-0.14,12316,6146,6170
200755,JJ Redick,2021,2.38,0.67,-0.84,-0.19,-0.64,-0.82,0.41,-0.15,-0.71,-0.59,-0.13,-0.29,1.14,-1.01,0.13,-0.0,-0.67,1.81,-0.66,-0.35,-1.66,-1.0,20896,10489,10407
1627814,Damion Lee,2021,0.42,0.29,0.85,0.32,0.55,-1.36,-0.65,-0.08,0.27,0.11,0.16,0.47,0.08,0.03,0.1,0.1,-0.6,0.68,0.04,-0.01,-0.51,0.74,11935,5969,5966
203506,Victor Oladipo,2021,-0.59,-0.21,0.59,0.32,0.27,-0.91,0.3,0.01,1.21,0.72,0.49,-0.32,-1.08,1.17,0.09,-0.19,-0.97,-0.11,0.3,0.87,-0.32,0.89,11564,5788,5776
201973,Jonas Jerebko,2021,-1.59,-0.07,0.14,0.24,-0.1,1.19,-0.45,0.02,-0.34,-0.6,0.27,0.15,0.17,-0.09,0.08,0.98,1.15,-0.98,0.32,-0.41,1.33,-0.19,5289,2640,2649
203486,Mason Plumlee,2021,-0.58,-0.55,-0.33,-0.69,0.34,0.35,0.42,0.08,-0.02,-0.2,0.16,0.02,-0.22,0.3,0.08,0.22,0.25,-0.47,-0.62,0.92,0.02,0.0,18925,9438,9487
1629653,Devon Dotson,2021,-0.3,-0.12,-0.08,-0.05,-0.01,0.11,-0.15,-0.14,0.28,-0.02,0.31,-0.02,-0.22,0.28,0.06,0.22,0.11,-0.33,0.1,0.18,0.03,0.26,202,100,102
1629719,Devontae Cacok,2021,0.04,-0.1,-0.05,0.14,-0.18,0.29,-0.23,-0.04,0.16,0.02,0.15,-0.18,0.34,-0.31,0.03,0.0,0.1,0.24,-0.41,0.1,0.24,-0.02,450,229,221
1627820,Tyrone Wallace,2021,-0.99,-0.13,-0.23,-0.19,-0.04,0.27,0.63,-0.48,0.56,0.05,0.52,-0.1,-0.73,0.76,0.03,-0.11,0.51,-1.24,-0.61,1.37,0.04,0.46,3390,1695,1695
1629671,Miye Oni,2021,-0.34,-0.32,-0.47,-0.23,-0.24,0.19,0.73,-0.0,-0.54,-0.2,-0.34,0.09,-0.09,0.12,0.03,0.37,0.19,-0.28,-0.16,0.28,-0.28,-0.45,2719,1354,1365
1626246,Boban Marjanovic,2021,-0.74,-0.14,-1.17,-0.97,-0.2,1.89,0.54,0.73,-1.8,-0.61,-1.19,1.21,-0.3,0.32,0.02,0.09,2.16,-2.46,0.76,-0.44,0.72,-0.59,6757,3380,3377
1630223,Jalen Harris,2021,0.17,0.06,0.05,-0.01,0.06,-0.14,-0.5,-0.21,0.27,0.24,0.04,0.07,0.06,-0.06,0.01,0.09,0.11,-0.05,0.27,-0.33,-0.09,0.34,716,355,361
1628455,Mike James,2021,-0.74,-0.43,0.52,0.17,0.36,-0.39,0.41,-0.03,0.12,-0.06,0.18,0.0,-0.65,0.65,-0.0,0.08,-0.52,-0.13,-0.15,0.8,0.13,0.12,1364,686,678
1629681,Killian Tillie,2021,-0.47,-0.06,0.05,0.05,-0.01,-0.15,0.95,-0.13,-0.22,-0.24,0.02,-0.05,-0.57,0.54,-0.03,-0.14,-0.04,-0.53,0.01,0.53,-0.1,-0.27,740,371,369
1628386,Jarrett Allen,2021,-0.3,-0.21,-0.73,-0.55,-0.18,0.76,1.58,0.7,-0.47,0.05,-0.52,-0.93,-0.38,0.33,-0.05,0.04,0.29,-0.67,-1.01,1.34,0.03,-1.4,25057,12540,12517
1629013,Landry Shamet,2021,1.18,-0.1,-0.04,0.1,-0.14,-0.43,0.09,-0.05,-0.56,-0.39,-0.18,-0.29,0.89,-0.96,-0.07,-0.02,-0.09,0.98,-0.5,-0.46,-0.47,-0.85,21331,10679,10652
202702,Kenneth Faried,2021,-0.62,-0.26,0.31,0.1,0.22,0.27,-0.69,0.27,0.54,0.56,-0.02,-0.14,0.08,-0.15,-0.07,0.26,0.46,-0.38,0.17,-0.32,0.58,0.4,3218,1608,1610
1629027,Trae Young,2021,3.99,1.12,0.42,-0.53,0.97,0.13,-2.93,-0.5,-0.81,-0.38,-0.43,-1.01,4.23,-4.29,-0.07,0.14,-0.11,4.34,-0.65,-3.64,0.55,-1.82,30372,15212,15160
203484,Kentavious Caldwell-Pope,2021,0.18,-0.06,0.28,-0.15,0.43,-0.15,-0.57,-0.19,0.32,0.42,-0.09,-0.56,0.54,-0.63,-0.09,0.41,0.15,0.39,-0.37,-0.26,0.13,-0.24,26502,13247,13255
201566,Russell Westbrook,2021,-0.99,-0.38,0.78,0.09,0.7,-0.4,-0.47,-0.1,1.15,0.58,0.58,0.21,-0.83,0.74,-0.09,-0.37,-0.31,-0.52,0.04,0.7,0.38,1.36,32973,16474,16499
203083,Andre Drummond,2021,-0.77,-1.09,-1.49,-0.47,-1.02,1.7,-1.01,-0.08,0.6,0.53,0.07,0.46,-0.68,0.58,-0.1,0.41,0.87,-1.55,1.07,-0.49,0.21,1.06,23877,11955,11922
2225,Tony Parker,2021,-0.55,0.02,0.48,0.46,0.03,-0.38,0.04,-0.29,-0.06,0.12,-0.18,-0.01,-0.32,0.2,-0.11,0.37,0.12,-0.44,-0.46,0.66,0.1,-0.07,3982,2001,1981
201960,DeMarre Carroll,2021,0.24,0.39,-0.55,-0.06,-0.48,0.36,0.28,0.2,-0.64,-0.51,-0.12,0.36,0.22,-0.32,-0.11,-0.16,0.08,0.14,0.34,-0.66,-0.19,-0.28,8681,4330,4351
201954,Darren Collison,2021,0.2,0.3,0.08,0.11,-0.04,-0.27,-0.83,-0.03,1.09,0.42,0.67,-0.62,0.12,-0.24,-0.12,0.23,-0.5,0.62,-0.46,0.22,-0.19,0.47,8998,4508,4490
1627777,Georges Niang,2021,0.11,-0.43,-0.14,0.1,-0.24,-0.13,0.16,-0.2,-0.61,-0.47,-0.15,0.24,0.1,-0.24,-0.13,0.24,-0.04,0.14,-0.03,-0.21,-0.27,-0.37,11750,5865,5885
201586,Serge Ibaka,2021,-0.6,-0.6,-0.14,0.04,-0.18,-0.11,2.19,0.71,-1.76,-0.85,-0.91,0.15,-0.8,0.66,-0.14,0.13,0.61,-1.41,0.14,0.52,-0.25,-1.61,20876,10430,10446
1628971,Bruce Brown,2021,-0.31,-0.26,-0.38,-0.2,-0.18,0.43,0.91,0.37,0.0,0.13,-0.13,-0.67,-0.29,0.14,-0.15,-0.13,-0.03,-0.26,-0.65,0.79,0.05,-0.67,19377,9607,9770
203648,Thanasis Antetokounmpo,2021,-0.62,-0.65,-0.92,-0.43,-0.5,0.17,0.53,-0.18,0.59,0.4,0.17,-0.04,-0.8,0.64,-0.16,0.13,-0.2,-0.6,-0.06,0.7,-0.75,0.55,3027,1481,1546
1629641,Romeo Langford,2021,-0.9,-0.14,-0.37,-0.17,-0.2,0.17,0.33,-0.58,-0.32,-0.49,0.17,0.31,-0.61,0.43,-0.18,0.6,0.35,-0.96,0.39,0.04,-0.2,-0.01,3258,1614,1644
1628518,Amile Jefferson,2021,-0.47,-0.34,0.5,0.42,0.09,0.07,-0.49,-0.2,-0.1,-0.12,0.02,0.17,0.18,-0.36,-0.18,0.14,0.12,0.06,0.15,-0.51,0.57,0.07,577,290,287
203112,Quincy Acy,2021,-0.55,-0.1,0.08,0.28,-0.2,-0.12,0.19,-0.33,0.26,-0.11,0.38,0.08,-0.78,0.59,-0.18,-0.12,-0.01,-0.77,-0.1,0.69,-0.04,0.34,527,262,265
1627742,Brandon Ingram,2021,1.16,0.36,0.19,0.23,-0.04,-0.12,-0.03,-0.13,-0.59,-0.61,0.01,-0.55,0.76,-0.96,-0.19,-0.25,-0.16,0.92,-0.3,-0.66,0.07,-1.14,24716,12361,12355
1628404,Josh Hart,2021,-0.6,-0.26,-0.73,0.08,-0.79,0.19,0.41,-0.52,-0.15,0.07,-0.22,0.49,-0.83,0.63,-0.2,0.19,0.19,-1.02,0.75,-0.12,-0.54,0.34,20002,9982,10020
2733,Shaun Livingston,2021,-0.68,-0.36,-0.01,-0.27,0.27,0.36,0.5,-0.18,-0.27,-0.04,-0.23,-0.25,-0.31,0.09,-0.21,0.14,0.53,-0.84,0.09,-0.0,0.35,-0.52,4922,2445,2477
1627732,Ben Simmons,2021,0.36,-0.66,-0.98,-0.42,-0.56,0.03,-0.68,-0.21,0.87,0.64,0.23,0.05,-0.94,0.72,-0.22,0.13,-0.98,0.04,0.53,0.19,-0.95,0.92,30664,15324,15340
1629020,Jarred Vanderbilt,2021,-0.68,-0.2,-1.45,-0.75,-0.7,0.65,0.97,-0.16,0.75,0.45,0.29,-0.47,-1.38,1.15,-0.23,-0.0,0.56,-1.94,0.07,1.08,-0.8,0.28,5278,2633,2645
1629151,Ryan Broekhoff,2021,0.18,-0.37,0.39,0.03,0.37,-0.36,0.16,-0.09,-0.76,-0.66,-0.1,0.19,0.44,-0.67,-0.23,-0.03,-0.07,0.51,0.0,-0.67,0.03,-0.57,2560,1285,1275
1627747,Caris LeVert,2021,0.25,0.1,0.31,0.15,0.17,0.0,0.32,-0.04,-0.22,0.0,-0.23,-1.1,0.64,-0.87,-0.23,0.21,0.06,0.58,-0.44,-0.43,0.31,-1.32,17211,8599,8612
1626154,RJ Hunter,2021,-0.18,-0.1,0.17,0.14,0.03,0.02,0.01,-0.07,-0.07,-0.01,-0.06,-0.07,-0.04,-0.19,-0.23,-0.11,0.08,-0.12,-0.04,-0.15,0.19,-0.14,103,52,51
1630167,Obi Toppin,2021,-0.2,-0.01,0.86,0.22,0.65,-0.42,-0.29,-0.05,0.02,0.12,-0.09,-0.08,0.17,-0.39,-0.23,-0.12,-0.39,0.56,-0.43,0.04,0.44,-0.06,2901,1445,1456
1626204,Larry Nance Jr.,2021,-0.69,-0.42,-1.11,-0.56,-0.53,0.33,0.0,-0.07,0.75,0.81,-0.06,0.47,-1.33,1.09,-0.24,0.01,0.03,-1.36,0.45,0.64,-0.78,1.22,17071,8545,8526
201936,Tyreke Evans,2021,-0.99,-0.09,-0.15,-0.24,0.09,0.05,0.46,-0.02,0.43,-0.27,0.7,0.13,-1.01,0.76,-0.24,-0.17,-0.07,-0.94,-0.03,0.79,-0.1,0.56,5894,2934,2960
203092,Tyler Zeller,2021,-0.49,-0.08,0.22,0.18,0.04,0.19,-0.23,-0.16,-0.17,-0.09,-0.09,0.14,-0.06,-0.19,-0.25,0.09,0.4,-0.46,0.03,-0.22,0.41,-0.03,389,197,192
1626163,Frank Kaminsky,2021,-0.27,-0.15,0.89,0.51,0.39,-0.91,-0.85,0.16,-0.15,-0.09,-0.06,0.62,-0.34,0.08,-0.25,0.42,0.14,-0.48,1.2,-1.12,-0.02,0.47,9348,4703,4645
1629140,Johnathan Williams,2021,-1.51,-0.46,-0.13,0.01,-0.14,0.99,0.06,-0.31,-0.02,0.02,-0.05,0.01,-0.22,-0.03,-0.25,0.35,1.09,-1.31,-0.17,0.14,0.86,-0.01,2236,1114,1122
203118,Mike Scott,2021,-1.13,-0.51,0.0,-0.27,0.27,0.32,0.78,-0.44,-0.56,-0.18,-0.39,0.42,-0.69,0.43,-0.26,-0.09,-0.05,-0.64,0.28,0.15,0.32,-0.14,15234,7608,7626
1629663,Louis King,2021,-0.73,-0.02,0.15,0.18,-0.03,-0.02,0.08,-0.18,0.09,0.05,0.04,0.07,-0.48,0.22,-0.26,0.1,-0.02,-0.46,0.07,0.15,0.13,0.16,590,295,295
203493,Reggie Bullock,2021,0.38,0.18,0.17,0.19,-0.03,-1.13,-0.18,-0.32,-0.18,-0.06,-0.11,0.83,-0.64,0.39,-0.26,-0.15,-1.1,0.46,0.73,-0.34,-0.96,0.65,18610,9318,9292
201569,Eric Gordon,2021,0.21,0.56,0.46,0.22,0.24,-0.47,-0.22,0.02,0.26,-0.01,0.26,-0.86,0.61,-0.88,-0.27,0.35,-0.25,0.86,-0.17,-0.71,-0.01,-0.6,19534,9781,9753
1629608,Dewan Hernandez,2021,0.13,-0.07,-0.14,-0.09,-0.05,0.01,-0.44,-0.21,-0.04,-0.11,0.07,0.05,0.12,-0.39,-0.27,0.16,0.13,-0.01,-0.02,-0.37,-0.13,0.01,121,59,62
203121,Darius Miller,2021,0.37,0.3,0.43,0.52,-0.1,-0.94,0.91,-0.19,-0.43,-0.58,0.15,-0.51,0.14,-0.41,-0.27,-0.1,-0.62,0.76,-0.41,-0.0,-0.51,-0.94,8078,4037,4041
1628961,Kostas Antetokounmpo,2021,-0.38,-0.07,-0.27,0.1,-0.38,0.24,-0.04,-0.04,0.34,-0.0,0.34,-0.03,-0.47,0.19,-0.28,-0.14,-0.01,-0.46,-0.24,0.43,-0.03,0.31,377,191,186
201149,Joakim Noah,2021,-1.43,0.07,-0.19,0.33,-0.51,0.39,0.85,-0.33,0.12,-0.07,0.2,0.36,-1.46,1.17,-0.28,-0.38,0.04,-1.5,0.36,0.81,0.2,0.48,2878,1434,1444
1629684,Grant Williams,2021,-1.16,0.13,-0.08,0.17,-0.23,-0.28,0.11,-0.68,0.89,0.55,0.36,-0.19,-1.06,0.76,-0.29,0.42,-0.26,-0.8,0.15,0.61,-0.36,0.7,9795,4873,4922
1628973,Jalen Brunson,2021,-1.11,-0.04,0.59,0.28,0.29,-0.26,0.41,-0.05,-0.15,-0.43,0.28,0.22,-0.57,0.28,-0.3,0.0,0.06,-0.63,0.85,-0.57,0.33,0.07,17739,8872,8867
1626153,Delon Wright,2021,-1.51,0.11,0.7,0.65,0.04,-0.05,-0.85,0.07,0.91,0.65,0.26,-0.28,-0.27,-0.04,-0.31,0.77,0.64,-0.91,0.14,-0.18,0.65,0.63,20350,10152,10198
1628462,Milos Teodosic,2021,0.68,0.01,-0.01,-0.1,0.09,-0.14,-0.94,-0.2,-0.18,0.06,-0.23,0.13,0.53,-0.84,-0.31,0.15,-0.41,0.94,0.25,-1.09,-0.15,-0.05,638,317,321
1626149,Montrezl Harrell,2021,0.39,0.51,-0.97,-0.27,-0.7,0.02,0.7,0.33,-0.28,-0.33,0.04,-0.32,-0.19,-0.13,-0.32,0.14,0.38,-0.57,-0.09,-0.04,-0.95,-0.6,24328,12164,12164
1630184,Kira Lewis Jr.,2021,-1.45,-0.25,0.39,0.36,0.05,0.66,-0.6,-0.12,0.11,0.09,0.04,0.56,-0.49,0.16,-0.33,-0.0,0.57,-1.06,0.35,-0.19,1.05,0.67,3708,1862,1846
1628384,OG Anunoby,2021,-0.42,-0.43,-0.43,0.24,-0.67,-0.69,-0.29,-0.1,1.07,0.64,0.42,-0.04,-1.28,0.95,-0.33,0.47,-0.75,-0.53,-0.26,1.21,-1.12,1.03,21507,10739,10768
203926,Doug McDermott,2021,0.25,-0.55,0.05,-0.23,0.28,-0.19,-0.24,-0.13,-0.01,-0.1,0.09,-0.47,0.31,-0.64,-0.34,0.27,0.4,-0.09,-0.79,0.15,-0.14,-0.48,17825,8935,8890
1628515,Isaiah Briscoe,2021,-0.7,-0.11,0.19,-0.09,0.29,-0.48,1.29,-0.03,-0.56,-0.29,-0.27,0.08,-1.18,0.83,-0.34,-0.16,-0.63,-0.55,0.22,0.61,-0.29,-0.48,2242,1119,1123
1626192,Pat Connaughton,2021,-0.34,-0.13,-0.04,-0.23,0.19,0.46,0.2,-0.25,-1.16,-0.28,-0.88,0.51,0.41,-0.76,-0.35,0.02,1.03,-0.62,-0.45,-0.31,0.42,-0.65,21083,10493,10590
1628374,Lauri Markkanen,2021,-0.25,0.03,0.18,0.36,-0.17,-0.48,0.14,0.12,-0.44,-0.05,-0.4,0.37,-0.45,0.1,-0.36,0.12,-1.06,0.61,0.18,-0.08,-0.3,-0.07,18199,9105,9094
203087,Jeremy Lamb,2021,-0.32,0.58,0.75,0.38,0.37,-0.19,-0.69,0.23,0.54,0.34,0.21,-0.27,0.18,-0.54,-0.36,-0.18,0.4,-0.22,-1.17,0.63,0.56,0.27,17290,8660,8630
1628436,Luke Kornet,2021,-0.45,-0.58,0.38,-0.01,0.39,-1.73,1.44,0.67,0.07,-0.28,0.36,0.22,-1.99,1.62,-0.37,-0.3,-2.0,0.01,0.22,1.4,-1.35,0.29,6903,3468,3435
1628388,TJ Leaf,2021,-1.65,-0.49,-0.45,-0.01,-0.43,0.3,1.46,-0.18,-0.44,-0.1,-0.34,0.33,-1.55,1.16,-0.39,0.06,0.57,-2.12,0.38,0.78,-0.15,-0.11,3263,1638,1625
1628578,Amida Brimah,2021,0.04,-0.01,-0.2,-0.13,-0.08,-0.03,-0.23,-0.09,0.09,0.11,-0.01,-0.02,-0.21,-0.18,-0.39,-0.04,-0.05,-0.16,-0.11,-0.07,-0.23,0.07,130,64,66
1629006,Josh Okogie,2021,-0.53,0.45,-0.01,-0.01,-0.0,0.02,-0.78,-0.05,1.12,0.32,0.8,0.08,-0.84,0.44,-0.41,-0.31,-0.32,-0.52,0.42,0.02,0.01,1.2,18632,9302,9330
203089,John Henson,2021,-0.34,-0.43,-0.71,-0.34,-0.37,0.03,0.45,-0.04,-0.21,-0.22,0.01,0.3,-0.99,0.56,-0.42,0.06,0.49,-1.48,0.14,0.42,-0.68,0.09,3127,1563,1564
202709,Cory Joseph,2021,-1.26,-0.1,0.24,0.71,-0.47,0.05,-0.39,-0.2,0.39,0.18,0.21,0.63,-0.84,0.4,-0.43,-0.09,0.45,-1.29,0.6,-0.2,0.29,1.02,21459,10693,10766
1629631,De'Andre Hunter,2021,-1.5,0.26,0.2,0.61,-0.41,-0.32,1.12,-0.05,0.23,0.2,0.04,0.16,-1.95,1.52,-0.44,-0.33,-1.18,-0.77,-0.07,1.59,-0.12,0.39,11584,5782,5802
1626196,Josh Richardson,2021,-1.46,-0.37,0.25,0.24,0.01,1.02,-0.43,-0.13,0.32,0.26,0.06,-0.3,0.0,-0.48,-0.47,0.13,0.69,-0.69,-0.36,-0.12,1.27,0.02,25070,12524,12546
1629750,Javonte Green,2021,0.02,-0.33,-0.78,-0.32,-0.46,-0.03,-0.9,-0.29,0.85,0.24,0.6,0.05,-0.53,0.06,-0.47,0.32,0.27,-0.8,0.78,-0.72,-0.81,0.9,3866,1921,1945
1628985,Devon Hall,2021,-0.38,-0.2,-0.1,-0.05,-0.04,-0.03,-0.42,-0.04,0.22,0.15,0.07,0.15,-0.47,-0.01,-0.48,0.08,-0.02,-0.45,0.35,-0.36,-0.13,0.37,356,176,180
101109,Raymond Felton,2021,-2.29,-0.4,0.08,0.09,-0.01,0.09,0.89,-0.13,0.63,0.09,0.54,-0.09,-1.89,1.4,-0.49,0.2,0.42,-2.31,-0.58,1.98,0.17,0.54,1770,884,886
1627759,Jaylen Brown,2021,0.24,-0.27,-0.8,-0.19,-0.61,0.08,0.25,-0.05,-0.27,-0.53,0.26,0.25,-0.72,0.23,-0.49,-0.24,-0.61,-0.11,-0.22,0.45,-0.72,-0.02,27403,13677,13726
1627746,Skal Labissiere,2021,0.11,-0.23,0.01,0.19,-0.18,-0.13,0.32,-0.08,-0.65,-0.6,-0.05,-0.09,-0.02,-0.49,-0.5,-0.07,0.22,-0.24,-0.06,-0.43,-0.12,-0.74,3172,1581,1591
1630199,Cassius Stanley,2021,-1.24,0.03,-0.09,-0.11,0.01,0.25,0.28,-0.14,-0.01,0.17,-0.18,0.02,-0.84,0.34,-0.5,0.29,0.04,-0.88,-0.05,0.39,0.16,0.01,377,188,189
203914,Gary Harris,2021,-2.02,0.24,-0.18,-0.22,0.05,-0.02,1.61,-0.2,0.44,-0.11,0.55,-0.27,-2.19,1.66,-0.53,-0.09,-0.19,-2.0,-0.43,2.09,-0.2,0.17,21576,10792,10784
1626181,Norman Powell,2021,0.01,0.23,0.57,0.47,0.09,-1.23,-0.07,-0.4,0.44,0.4,0.04,-0.62,-0.15,-0.38,-0.54,0.36,-1.15,1.0,-0.42,0.04,-0.66,-0.18,23015,11512,11503
1628432,Davon Reed,2021,-0.51,-0.18,0.22,0.03,0.19,0.03,-0.34,-0.11,0.17,0.09,0.1,-0.1,-0.29,-0.28,-0.56,-0.03,0.16,-0.45,-0.14,-0.14,0.25,0.07,203,103,100
1626210,Alan Williams,2021,-0.33,-0.09,0.08,-0.0,0.08,0.08,-0.18,-0.15,-0.17,-0.13,-0.02,0.03,-0.23,-0.34,-0.57,-0.08,0.17,-0.4,-0.01,-0.33,0.16,-0.14,112,57,55
1628366,Lonzo Ball,2021,-0.65,-0.61,-0.42,-0.39,-0.01,0.19,0.12,0.25,0.02,0.5,-0.48,-0.06,-0.87,0.28,-0.59,0.21,-0.05,-0.82,-0.19,0.47,-0.23,-0.04,21625,10837,10788
200782,P.J. Tucker,2021,-0.58,-0.26,-0.34,-0.11,-0.22,-0.07,-0.53,0.16,0.91,0.53,0.39,-0.62,-0.77,0.18,-0.59,0.64,-0.06,-0.71,-0.1,0.28,-0.41,0.29,32955,16439,16516
1627863,Danuel House Jr.,2021,0.11,0.31,0.24,0.24,0.0,-0.72,-0.32,0.02,-0.28,0.11,-0.39,-0.24,0.1,-0.71,-0.6,0.61,-0.79,0.89,-0.14,-0.57,-0.48,-0.52,17261,8618,8643
1627756,Denzel Valentine,2021,-1.41,-0.52,0.33,0.24,0.1,-0.4,0.5,-0.13,-0.49,-0.49,0.0,0.45,-1.13,0.52,-0.61,0.41,-0.04,-1.09,1.06,-0.54,-0.07,-0.04,6110,3057,3053
203145,Kent Bazemore,2021,-2.14,-0.01,-0.71,-0.32,-0.38,-0.8,1.85,-0.46,1.8,0.62,1.17,-0.46,-3.3,2.68,-0.61,-0.15,-0.99,-2.31,0.1,2.58,-1.51,1.34,19615,9790,9825
203518,Alex Abrines,2021,-1.98,-0.24,-0.29,0.11,-0.39,0.04,0.96,-0.25,0.66,0.13,0.53,-0.13,-1.95,1.34,-0.61,0.13,-0.06,-1.89,-0.15,1.49,-0.25,0.53,2459,1229,1230
203960,JaKarr Sampson,2021,-0.46,-0.22,-0.01,0.22,-0.22,0.08,-0.61,-0.58,0.11,-0.1,0.21,0.22,-0.61,-0.0,-0.61,0.06,0.29,-0.9,0.09,-0.09,0.07,0.33,3871,1934,1937
1627395,Julian Washburn,2021,-1.21,-0.11,0.36,0.15,0.2,0.11,-0.32,-0.16,0.07,0.13,-0.06,-0.03,-0.28,-0.33,-0.61,0.41,0.9,-1.18,-0.1,-0.23,0.47,0.04,830,407,423
1629603,Mamadi Diakite,2021,-1.1,-0.15,0.01,-0.01,0.03,0.0,-0.04,-0.2,0.6,0.28,0.32,0.03,-1.18,0.57,-0.61,-0.11,-0.08,-1.1,0.32,0.25,0.01,0.63,750,374,376
1629685,Dylan Windler,2021,-0.12,-0.04,-0.19,-0.03,-0.17,0.13,-0.91,-0.37,0.63,0.07,0.55,0.13,-0.35,-0.27,-0.62,-0.29,-0.17,-0.18,0.28,-0.55,-0.06,0.76,2088,1039,1049
1629015,Zhaire Smith,2021,0.06,-0.25,0.06,-0.06,0.13,0.13,-0.9,-0.03,-0.11,0.1,-0.21,0.13,0.25,-0.88,-0.63,0.0,0.26,-0.01,0.01,-0.89,0.19,0.02,617,307,310
1629726,Garrison Mathews,2021,0.46,0.64,0.09,-0.22,0.31,-0.7,-0.53,-0.25,0.56,-0.38,0.94,-0.56,-0.05,-0.58,-0.63,0.05,0.12,-0.17,-0.67,0.09,-0.61,0.0,5447,2715,2732
1628537,Jaylen Morris,2021,-0.53,-0.15,-0.09,0.01,-0.1,0.1,-0.34,-0.1,0.05,0.1,-0.05,0.05,-0.41,-0.23,-0.64,0.12,0.25,-0.66,0.12,-0.35,0.01,0.1,128,64,64
1628769,Tahjere McCall,2021,-0.1,0.0,-0.06,0.04,-0.1,-0.06,-0.56,-0.15,0.2,-0.01,0.21,-0.03,-0.25,-0.39,-0.64,-0.03,-0.02,-0.23,-0.06,-0.33,-0.12,0.17,39,20,19
203463,Ben McLemore,2021,0.47,-0.19,0.62,0.06,0.56,-0.58,-1.33,-0.6,0.37,-0.06,0.44,-0.57,0.9,-1.54,-0.64,0.38,-0.09,0.99,-0.18,-1.36,0.04,-0.2,12057,6031,6026
1630218,Robert Woodard II,2021,-0.15,-0.07,-0.01,-0.04,0.03,-0.02,-0.52,-0.07,-0.04,-0.1,0.06,0.08,-0.18,-0.47,-0.65,0.01,0.12,-0.3,-0.08,-0.39,-0.03,0.04,194,97,97
203897,Zach LaVine,2021,2.66,0.96,-0.46,-0.13,-0.33,-0.25,-1.52,0.04,-0.86,-0.02,-0.82,-0.17,1.69,-2.35,-0.65,-0.05,-0.0,1.69,-0.13,-2.22,-0.71,-1.03,25838,12930,12908
203937,Kyle Anderson,2021,-1.48,-0.22,0.03,0.23,-0.2,-0.74,1.57,-0.11,0.17,-0.12,0.29,-0.03,-2.35,1.69,-0.66,-0.18,-1.03,-1.32,0.32,1.37,-0.71,0.14,18873,9442,9431
1627784,Jarrod Uthoff,2021,-0.26,-0.15,-0.22,0.01,-0.23,0.16,-0.47,-0.05,-0.06,-0.07,0.02,0.08,-0.23,-0.43,-0.66,0.11,0.11,-0.34,-0.05,-0.38,-0.06,0.02,212,106,106
203504,Trey Burke,2021,-0.66,-0.21,1.58,0.79,0.78,-0.04,-0.55,-0.17,0.37,0.04,0.33,-0.85,0.67,-1.34,-0.67,-0.52,-0.57,1.24,-1.15,-0.19,1.54,-0.48,10947,5484,5463
204222,Greg Whittington,2021,-0.31,-0.09,-0.01,0.05,-0.06,-0.07,-0.28,-0.13,-0.09,-0.06,-0.02,0.04,-0.41,-0.27,-0.68,0.04,-0.02,-0.39,0.09,-0.36,-0.08,-0.05,49,25,24
1628400,Semi Ojeleye,2021,-1.83,-0.38,-0.83,0.08,-0.9,0.12,1.94,0.36,0.09,-0.34,0.43,-0.32,-2.4,1.71,-0.69,0.14,-0.16,-2.24,-0.59,2.3,-0.71,-0.23,10831,5394,5437
1628368,De'Aaron Fox,2021,0.45,0.29,1.17,0.43,0.74,-0.41,-1.34,-0.24,-0.21,-0.38,0.17,-0.28,0.95,-1.64,-0.69,-0.07,-0.98,1.93,0.03,-1.67,0.76,-0.49,25690,12862,12828
204038,Langston Galloway,2021,-0.38,0.39,0.46,0.41,0.05,-0.05,-0.91,-0.15,-0.17,-0.31,0.12,0.06,0.56,-1.27,-0.71,0.28,0.39,0.17,-0.32,-0.95,0.41,-0.11,15918,7967,7951
201959,Taj Gibson,2021,-3.34,-0.81,0.47,0.41,0.06,1.29,0.33,0.19,0.58,0.04,0.54,-0.35,-1.52,0.81,-0.72,0.3,1.49,-3.01,-0.04,0.85,1.76,0.23,15022,7487,7535
1630174,Aaron Nesmith,2021,-0.14,-0.45,-0.8,-0.13,-0.67,0.24,-0.27,-0.55,-0.16,-0.27,0.11,0.04,-0.3,-0.43,-0.73,0.36,-0.07,-0.23,0.42,-0.85,-0.56,-0.12,2875,1435,1440
201975,Jodie Meeks,2021,0.02,-0.16,0.13,-0.1,0.23,-0.29,-0.28,-0.08,-0.42,0.02,-0.44,-0.08,0.02,-0.74,-0.73,0.19,-0.26,0.28,0.34,-1.08,-0.16,-0.5,662,331,331
1629636,Darius Garland,2021,0.01,-0.45,-0.84,-0.64,-0.19,0.18,0.69,0.2,0.22,0.17,0.05,-0.38,-0.81,0.09,-0.73,-0.61,-0.15,-0.66,0.06,0.03,-0.66,-0.16,14814,7418,7396
1630267,Facundo Campazzo,2021,-1.27,0.06,-0.38,-0.04,-0.34,-0.01,-1.22,-0.8,0.91,0.34,0.58,0.56,-1.09,0.36,-0.73,0.68,-0.28,-0.81,0.4,-0.04,-0.39,1.47,6902,3447,3455
1630219,Skylar Mays,2021,-0.87,-0.1,0.05,-0.03,0.08,0.27,-0.69,-0.24,0.21,-0.07,0.28,0.33,-0.5,-0.26,-0.76,-0.06,0.43,-0.93,0.44,-0.7,0.32,0.54,1116,561,555
1627740,Henry Ellenson,2021,-0.99,0.12,0.46,0.01,0.45,-0.23,0.15,-0.24,-0.05,-0.1,0.06,0.16,-0.96,0.2,-0.76,-0.26,-0.39,-0.57,0.4,-0.2,0.23,0.11,1281,645,636
1628416,Tyler Dorsey,2021,0.11,-0.05,-0.51,-0.15,-0.37,0.08,-0.24,-0.19,-0.27,-0.36,0.1,0.19,-0.3,-0.46,-0.76,-0.12,-0.09,-0.21,0.95,-1.41,-0.43,-0.08,2786,1394,1392
1629760,Matt Mooney,2021,-0.64,-0.11,0.1,0.03,0.08,0.04,-0.39,-0.11,0.07,-0.06,0.13,0.01,-0.5,-0.26,-0.76,0.05,0.11,-0.61,0.03,-0.29,0.14,0.08,75,37,38
1628968,Brian Bowen II,2021,-0.51,-0.06,-0.14,-0.13,-0.0,0.14,-0.23,-0.1,-0.05,-0.11,0.07,-0.02,-0.38,-0.38,-0.76,0.05,0.15,-0.53,0.1,-0.48,0.0,-0.07,179,92,87
1628411,Wes Iwundu,2021,-1.99,-0.04,0.17,0.14,0.03,-0.5,1.56,-0.03,0.23,0.13,0.09,-0.21,-2.05,1.28,-0.77,-0.03,-0.72,-1.33,-0.33,1.61,-0.33,0.02,11614,5787,5827
1629122,J.P. Macura,2021,-0.35,-0.1,-0.08,-0.04,-0.04,-0.03,-0.32,-0.11,-0.0,-0.06,0.06,0.04,-0.5,-0.27,-0.77,-0.03,-0.05,-0.45,0.08,-0.35,-0.11,0.04,73,36,37
202694,Marcus Morris Sr.,2021,0.54,0.18,0.18,0.62,-0.45,-0.24,-2.01,-0.08,-0.33,0.09,-0.42,0.81,0.65,-1.42,-0.77,0.28,-0.16,0.81,0.7,-2.12,-0.06,0.48,27345,13645,13700
1629716,Marques Bolden,2021,-0.76,0.0,-0.04,-0.0,-0.03,-0.06,-0.07,-0.1,0.17,-0.01,0.18,0.02,-0.91,0.15,-0.77,-0.03,-0.12,-0.79,0.13,0.02,-0.1,0.19,126,63,63
1629152,DeVaughn Akoon-Purcell,2021,-0.27,-0.06,-0.1,0.05,-0.15,0.05,-0.55,-0.13,0.0,-0.01,0.01,0.03,-0.27,-0.49,-0.77,0.07,-0.04,-0.23,-0.02,-0.47,-0.05,0.03,89,44,45
204456,T.J. McConnell,2021,0.15,-0.32,0.94,0.75,0.19,-0.41,-1.33,-0.13,0.45,0.38,0.06,-0.47,0.62,-1.41,-0.79,-0.12,0.53,0.09,-0.8,-0.61,0.53,-0.02,19078,9548,9530
1629150,Emanuel Terry,2021,-0.14,0.06,-0.18,-0.09,-0.09,0.04,-0.74,-0.15,0.09,0.02,0.06,0.03,-0.21,-0.57,-0.79,0.11,0.11,-0.32,0.01,-0.58,-0.14,0.12,97,48,49
101107,Marvin Williams,2021,-0.74,-0.05,0.71,0.53,0.17,-0.31,-0.84,-0.05,-0.1,-0.09,-0.01,0.34,-0.32,-0.47,-0.79,0.15,-0.73,0.41,0.2,-0.67,0.4,0.24,13693,6827,6866
1628778,Paul Watson,2021,0.09,-0.32,0.11,-0.11,0.23,0.13,-0.78,-0.63,0.23,0.01,0.22,-0.43,0.43,-1.23,-0.8,-0.15,0.23,0.2,-0.44,-0.79,0.24,-0.2,1627,819,808
1630166,Deni Avdija,2021,-0.37,0.15,-0.28,0.09,-0.37,-0.51,-0.23,-0.12,0.36,0.09,0.27,0.3,-1.21,0.41,-0.8,-0.07,-0.48,-0.73,-0.03,0.44,-0.79,0.66,5404,2689,2715
1629634,Brandon Clarke,2021,-0.5,-0.48,0.11,-0.19,0.31,-0.08,-0.43,-0.25,0.12,0.12,0.0,0.12,-0.47,-0.33,-0.8,-0.14,-0.76,0.29,0.14,-0.47,0.03,0.24,11371,5681,5690
2199,Tyson Chandler,2021,-1.99,-0.03,-0.94,-0.33,-0.6,0.16,1.66,0.26,-0.42,-0.39,-0.01,0.35,-2.45,1.64,-0.81,0.37,0.02,-2.47,0.21,1.43,-0.78,-0.07,4645,2320,2325
1628450,Eric Mika,2021,-0.16,-0.05,-0.08,-0.03,-0.05,-0.04,-0.53,-0.14,0.02,-0.12,0.15,0.0,-0.29,-0.51,-0.81,-0.02,-0.02,-0.27,0.12,-0.63,-0.12,0.02,78,39,39
1628989,Kevin Huerter,2021,-0.93,-0.6,0.48,-0.01,0.48,-0.01,-0.78,-0.06,0.38,0.49,-0.11,0.17,-0.44,-0.37,-0.81,-0.12,0.13,-0.57,0.41,-0.78,0.47,0.55,26326,13174,13152
1629007,Jontay Porter,2021,-0.67,-0.05,-0.19,-0.11,-0.08,0.02,0.19,-0.13,-0.07,-0.07,0.01,-0.08,-0.76,-0.06,-0.82,-0.02,-0.06,-0.7,-0.03,-0.03,-0.17,-0.15,216,108,108
203943,Noah Vonleh,2021,-1.07,-0.02,-0.1,0.28,-0.38,0.41,0.12,0.07,0.39,0.09,0.32,-0.39,-0.99,0.17,-0.82,-0.18,0.16,-1.15,-0.02,0.19,0.31,0.0,8561,4288,4273
1629670,Jordan Nwora,2021,-0.24,-0.25,-0.61,-0.14,-0.47,0.05,0.19,-0.07,0.27,0.15,0.13,-0.37,-0.84,0.02,-0.82,-0.11,0.06,-0.9,-0.05,0.07,-0.56,-0.1,1281,640,641
203915,Spencer Dinwiddie,2021,-0.4,0.67,0.57,0.79,-0.22,0.01,0.34,-0.15,-1.0,-0.64,-0.37,-0.15,0.26,-1.09,-0.84,-0.21,-0.15,0.41,-0.57,-0.52,0.58,-1.15,16818,8428,8390
202691,Klay Thompson,2021,1.28,-0.54,0.15,0.13,0.03,-0.53,-0.74,0.3,0.11,0.11,0.0,-0.5,-0.05,-0.79,-0.84,-0.61,-0.91,0.86,0.07,-0.86,-0.38,-0.39,13655,6828,6827
1629643,Chuma Okeke,2021,-0.93,-0.1,0.46,0.08,0.38,-0.65,0.8,-0.14,-0.27,0.04,-0.29,-0.03,-1.15,0.28,-0.86,-0.24,-0.1,-1.05,-0.03,0.31,-0.19,-0.3,4586,2289,2297
1629724,Vic Law,2021,-0.55,-0.1,-0.09,0.04,-0.13,-0.08,-0.24,-0.07,0.25,0.09,0.16,-0.07,-0.74,-0.12,-0.86,-0.08,-0.04,-0.7,0.06,-0.18,-0.17,0.18,269,133,136
1628505,Troy Caupain,2021,-0.26,-0.07,-0.05,-0.01,-0.04,0.01,-0.56,-0.14,-0.02,-0.05,0.01,0.0,-0.29,-0.57,-0.86,0.02,0.11,-0.4,0.12,-0.69,-0.04,-0.02,60,30,30
1627823,Juancho Hernangomez,2021,-0.52,-0.19,0.0,0.25,-0.25,0.48,-0.73,-0.21,-0.51,-0.07,-0.44,0.35,0.07,-0.95,-0.88,0.05,0.51,-0.44,0.24,-1.19,0.48,-0.16,12694,6355,6339
201601,Luc Mbah a Moute,2021,-0.4,-0.03,-0.19,-0.09,-0.1,-0.14,-0.12,-0.1,-0.0,0.26,-0.26,0.06,-0.9,0.01,-0.89,-0.1,0.04,-0.94,0.01,-0.0,-0.33,0.06,388,193,195
203501,Tim Hardaway Jr.,2021,0.41,0.18,1.39,0.88,0.51,-1.07,-0.66,0.15,-0.54,-0.42,-0.12,-0.36,0.73,-1.63,-0.89,-0.06,-0.45,1.18,-0.52,-1.11,0.32,-0.9,26716,13386,13330
202951,Jeremy Pargo,2021,-0.06,-0.01,0.01,0.11,-0.11,-0.19,-0.62,-0.17,0.0,0.07,-0.06,-0.04,-0.26,-0.64,-0.9,0.0,-0.2,-0.06,-0.11,-0.53,-0.18,-0.04,176,88,88
1628424,Kobi Simmons,2021,-0.36,-0.06,-0.08,-0.01,-0.06,-0.03,-0.5,-0.13,0.01,-0.0,0.01,0.0,-0.43,-0.48,-0.91,0.05,0.03,-0.46,0.02,-0.5,-0.11,0.01,6,3,3
203115,Will Barton,2021,-1.44,-0.62,0.36,0.19,0.17,0.19,0.78,0.45,-0.34,0.05,-0.39,-0.59,-0.81,-0.1,-0.91,0.13,0.53,-1.34,-0.69,0.59,0.55,-0.93,21184,10611,10573
1626155,Sam Dekker,2021,-0.3,-0.37,-0.09,0.13,-0.2,0.48,-1.45,0.05,0.64,0.71,-0.07,-0.36,0.26,-1.18,-0.92,0.16,0.6,-0.34,-0.0,-1.18,0.39,0.28,3156,1568,1588
101123,Gerald Green,2021,0.18,-0.06,0.34,-0.03,0.37,-0.48,-0.39,-0.65,-0.78,-0.18,-0.6,-0.17,0.52,-1.43,-0.92,0.38,0.22,0.3,-0.39,-1.04,-0.14,-0.95,6067,3034,3033
1629094,Marcus Derrickson,2021,-0.67,-0.15,-0.01,-0.01,0.0,0.04,-0.2,-0.11,-0.12,-0.06,-0.05,-0.01,-0.6,-0.34,-0.93,0.04,0.41,-1.01,-0.26,-0.08,0.03,-0.13,265,132,133
1628417,Jaron Blossomgame,2021,-0.96,-0.15,0.45,-0.09,0.53,-0.03,-0.23,0.13,-0.06,-0.23,0.17,-0.11,-0.35,-0.59,-0.93,0.01,0.07,-0.42,0.12,-0.71,0.42,-0.17,1627,808,819
1627758,Ron Baker,2021,-0.95,-0.11,-0.41,-0.2,-0.2,-0.19,-0.2,-0.09,0.53,0.06,0.48,0.12,-1.52,0.59,-0.93,0.17,-0.03,-1.49,0.12,0.47,-0.6,0.65,632,316,316
1628979,Trevon Duval,2021,-0.22,-0.07,-0.09,-0.06,-0.03,-0.05,-0.53,-0.1,-0.02,-0.06,0.04,0.0,-0.37,-0.56,-0.93,-0.02,-0.06,-0.31,-0.02,-0.54,-0.14,-0.02,22,11,11
1629744,Matt Thomas,2021,-1.19,-0.25,-0.34,-0.31,-0.04,0.01,0.4,-0.44,-0.36,0.05,-0.4,0.23,-1.29,0.36,-0.94,0.31,-0.34,-0.95,0.61,-0.25,-0.33,-0.13,3546,1780,1766
1629121,Jaylen Adams,2021,-0.37,-0.63,0.24,0.19,0.04,-0.21,-0.92,-0.22,-0.1,0.36,-0.45,0.19,-0.01,-0.93,-0.94,0.23,-0.19,0.18,-0.33,-0.6,0.03,0.09,1977,990,987
204066,John Holland,2021,-0.3,-0.05,-0.09,-0.01,-0.08,-0.04,-0.52,-0.12,0.02,-0.04,0.06,-0.0,-0.43,-0.51,-0.94,-0.01,-0.03,-0.4,0.01,-0.52,-0.13,0.02,2,1,1
1630182,Josh Green,2021,-1.42,-0.06,0.03,-0.13,0.17,0.09,-0.12,-0.13,0.54,0.01,0.54,-0.24,-1.09,0.14,-0.94,0.18,-0.09,-1.0,-0.42,0.56,0.12,0.3,1803,900,903
1629155,Zach Lofton,2021,-0.26,-0.05,-0.1,-0.04,-0.05,-0.05,-0.6,-0.13,0.06,0.02,0.04,0.01,-0.43,-0.52,-0.95,-0.01,-0.05,-0.38,0.04,-0.56,-0.15,0.07,15,7,8
201281,Andre Ingram,2021,-0.4,-0.0,-0.08,-0.01,-0.06,-0.05,-0.36,-0.1,0.06,-0.07,0.13,-0.04,-0.51,-0.44,-0.95,-0.08,-0.01,-0.5,-0.02,-0.42,-0.13,0.02,59,30,29
1628378,Donovan Mitchell,2021,-0.04,0.0,0.9,0.47,0.43,-0.22,-1.5,-0.21,-0.61,-0.01,-0.6,0.17,0.94,-1.89,-0.95,0.35,-0.01,0.95,0.54,-2.43,0.68,-0.44,30500,15250,15250
203933,T.J. Warren,2021,-0.33,-0.16,0.65,0.51,0.15,-0.36,-1.17,-0.28,0.47,0.23,0.23,-0.2,-0.4,-0.57,-0.96,-0.02,-0.23,-0.17,0.52,-1.09,0.29,0.27,15506,7753,7753
1628249,Mitchell Creek,2021,-0.47,-0.12,-0.05,-0.03,-0.03,0.03,-0.22,-0.06,0.11,0.11,-0.0,-0.29,-0.45,-0.53,-0.98,-0.09,0.23,-0.68,-0.41,-0.12,-0.02,-0.18,189,96,93
1626150,Andrew Harrison,2021,-0.25,0.05,-0.1,-0.03,-0.06,-0.13,-0.33,-0.24,-0.09,-0.13,0.06,-0.03,-0.35,-0.63,-0.98,-0.05,-0.48,0.13,0.13,-0.76,-0.23,-0.12,690,341,349
1627755,Tyler Ulis,2021,-0.34,-0.07,-0.09,-0.01,-0.08,-0.04,-0.5,-0.12,-0.01,-0.04,0.02,0.0,-0.48,-0.51,-0.98,0.0,-0.02,-0.46,0.01,-0.52,-0.13,-0.01,2,1,1
1629093,Tyler Davis,2021,-0.37,-0.07,-0.09,-0.01,-0.08,-0.02,-0.5,-0.12,-0.01,-0.04,0.02,0.0,-0.47,-0.5,-0.98,0.01,-0.02,-0.45,0.01,-0.51,-0.11,-0.01,2,1,1
201585,Kosta Koufos,2021,-1.36,-0.25,0.2,0.32,-0.11,0.26,-0.22,-0.3,0.53,0.07,0.47,-0.09,-0.78,-0.2,-0.98,-0.3,0.41,-1.19,-0.41,0.21,0.46,0.44,2091,1035,1056
203705,Josh Magette,2021,-0.62,-0.16,-0.2,-0.18,-0.03,0.07,-0.32,-0.08,0.13,0.1,0.04,-0.05,-0.74,-0.25,-0.99,0.0,-0.03,-0.71,-0.06,-0.19,-0.13,0.08,149,76,73
1630186,Jahmi'us Ramsey,2021,-0.49,-0.03,0.13,0.04,0.09,-0.08,-0.62,-0.14,-0.1,-0.0,-0.09,0.19,-0.47,-0.52,-0.99,-0.02,0.09,-0.56,0.37,-0.89,0.05,0.09,404,203,201
1630202,Payton Pritchard,2021,-0.2,-0.08,-0.06,-0.05,-0.01,0.52,-1.42,-0.51,-0.42,-0.32,-0.1,0.06,0.65,-1.66,-1.0,0.52,1.06,-0.41,-0.04,-1.62,0.46,-0.36,5229,2617,2612
1629118,Thomas Welsh,2021,-0.52,-0.16,0.14,0.14,0.01,-0.08,-0.62,-0.21,0.2,0.1,0.11,0.02,-0.54,-0.47,-1.0,-0.14,-0.13,-0.41,0.08,-0.55,0.06,0.22,160,80,80
202340,Avery Bradley,2021,-0.01,0.11,-0.84,-1.03,0.19,-0.46,0.96,-0.38,0.22,-0.59,0.81,-0.72,-1.35,0.35,-1.0,-0.15,-0.68,-0.67,-0.53,0.88,-1.3,-0.5,15141,7562,7579
1628443,Kadeem Allen,2021,0.82,0.02,0.42,0.18,0.24,-0.33,-1.53,-0.27,-0.33,-0.47,0.12,0.1,0.79,-1.8,-1.01,-0.16,-0.18,0.97,0.07,-1.87,0.09,-0.23,2143,1072,1071
1628430,Nigel Williams-Goss,2021,-0.58,-0.13,-0.08,-0.08,0.0,-0.0,-0.25,-0.2,-0.06,-0.04,-0.02,0.03,-0.69,-0.33,-1.02,-0.08,0.05,-0.74,0.08,-0.41,-0.08,-0.03,214,109,105
202734,E'Twaun Moore,2021,-0.3,-0.68,0.24,-0.09,0.33,0.08,-0.28,0.1,-0.37,0.29,-0.66,-0.44,0.15,-1.18,-1.02,0.05,0.4,-0.25,-0.46,-0.72,0.32,-0.81,11997,6003,5994
1628999,Yante Maten,2021,-0.36,-0.1,-0.13,-0.06,-0.06,-0.03,-0.26,-0.05,-0.01,-0.02,0.01,-0.13,-0.55,-0.48,-1.02,-0.1,-0.07,-0.48,-0.13,-0.35,-0.16,-0.14,52,27,25
203095,Evan Fournier,2021,0.83,-0.12,0.88,0.28,0.59,-0.68,-2.22,-0.06,0.1,0.39,-0.29,0.01,0.95,-1.98,-1.03,0.05,-0.86,1.81,0.34,-2.32,0.2,0.11,25735,12866,12869
1628439,Isaiah Hicks,2021,-0.34,0.0,-0.04,-0.03,-0.01,-0.14,-0.46,-0.12,-0.0,-0.0,0.0,0.04,-0.57,-0.46,-1.03,-0.09,-0.17,-0.4,0.0,-0.46,-0.18,0.04,129,65,64
1629308,Juan Toscano-Anderson,2021,0.05,0.02,-0.83,-0.15,-0.67,-0.88,0.2,-0.11,0.11,0.49,-0.38,0.24,-1.56,0.53,-1.03,0.08,-0.96,-0.6,0.64,-0.11,-1.71,0.35,5742,2873,2869
1629742,Stanton Kidd,2021,-0.33,-0.04,-0.19,0.0,-0.19,-0.08,-0.32,-0.1,-0.2,-0.12,-0.07,0.07,-0.64,-0.4,-1.04,0.01,-0.09,-0.55,0.08,-0.48,-0.27,-0.13,67,34,33
203953,Jabari Parker,2021,0.3,-0.3,-0.73,-0.31,-0.42,-0.3,-0.68,0.24,0.78,0.17,0.61,-0.67,-0.48,-0.56,-1.04,0.26,0.11,-0.59,-0.23,-0.33,-1.03,0.11,11584,5791,5793
1629604,CJ Elleby,2021,-0.95,-0.15,0.06,0.23,-0.17,-0.04,0.33,-0.51,-0.42,-0.31,-0.11,0.17,-0.98,-0.06,-1.04,-0.19,0.2,-1.18,-0.02,-0.04,0.02,-0.25,848,426,422
203564,Kalin Lucas,2021,-0.47,-0.08,-0.09,0.03,-0.11,-0.05,-0.42,-0.14,-0.0,-0.02,0.02,0.01,-0.65,-0.39,-1.04,-0.02,-0.07,-0.58,0.05,-0.44,-0.14,0.01,23,11,12
1629718,Charles Brown Jr.,2021,-1.05,-0.22,0.32,0.23,0.09,0.11,-0.37,-0.07,0.4,0.12,0.29,-0.09,-0.76,-0.29,-1.04,-0.36,0.52,-1.28,0.27,-0.56,0.43,0.31,796,396,400
1629599,Amir Coffey,2021,-1.94,-0.22,-0.46,-0.0,-0.45,-0.08,1.09,-0.02,-0.36,-0.21,-0.15,0.45,-2.13,1.1,-1.04,0.26,0.34,-2.47,0.27,0.83,-0.54,0.09,2310,1146,1164
1629116,Angel Delgado,2021,-0.76,-0.09,0.04,0.03,0.01,-0.01,-0.41,-0.1,0.13,0.15,-0.01,0.04,-0.84,-0.21,-1.05,-0.08,-0.06,-0.78,0.13,-0.34,0.03,0.17,63,32,31
1630238,Malik Fitts,2021,-0.35,-0.05,-0.18,-0.04,-0.13,-0.04,-0.55,-0.14,-0.07,-0.07,0.0,0.03,-0.5,-0.55,-1.05,0.11,0.09,-0.59,0.09,-0.64,-0.22,-0.04,41,20,21
1630179,Tyrell Terry,2021,-0.91,-0.14,-0.11,-0.13,0.01,0.02,-0.4,-0.12,0.39,0.05,0.34,0.01,-1.0,-0.05,-1.05,-0.05,-0.09,-0.91,-0.05,-0.0,-0.09,0.4,230,116,114
1627855,Okaro White,2021,-0.5,-0.1,-0.09,0.03,-0.11,0.01,-0.5,-0.1,-0.01,0.0,-0.01,-0.01,-0.56,-0.5,-1.06,0.04,-0.0,-0.56,0.06,-0.56,-0.08,-0.02,26,13,13
1629044,Shamorie Ponds,2021,-0.3,-0.1,-0.04,0.05,-0.09,0.0,-0.75,-0.19,0.01,0.01,-0.0,-0.02,-0.34,-0.71,-1.06,0.04,0.01,-0.35,-0.01,-0.7,-0.04,-0.01,42,20,22
1628387,Ike Anigbogu,2021,-0.38,-0.08,-0.09,0.03,-0.1,-0.06,-0.46,-0.06,0.0,-0.02,0.02,-0.05,-0.54,-0.52,-1.06,-0.02,-0.08,-0.46,-0.06,-0.46,-0.15,-0.05,25,13,12
1629055,Donte Grantham,2021,-0.34,-0.07,-0.09,-0.01,-0.08,-0.04,-0.54,-0.12,-0.01,-0.04,0.02,-0.03,-0.48,-0.6,-1.07,-0.02,-0.03,-0.45,-0.08,-0.52,-0.13,-0.04,2,1,1
1630163,LaMelo Ball,2021,0.54,-0.02,-1.11,-0.95,-0.15,0.39,-1.92,0.02,0.91,0.64,0.27,0.02,-0.26,-0.81,-1.07,0.1,-0.48,0.22,0.38,-1.19,-0.72,0.93,6125,3080,3045
1626145,Tyus Jones,2021,-0.91,-0.03,0.86,0.67,0.19,-0.55,-0.28,0.37,0.18,0.24,-0.06,-0.25,-0.71,-0.36,-1.07,-0.12,-0.72,0.01,-0.11,-0.25,0.31,-0.07,16555,8277,8278
1629117,Wenyen Gabriel,2021,-1.79,-0.38,-0.14,0.01,-0.15,0.83,-1.03,-0.31,0.96,0.06,0.91,-0.14,-0.75,-0.33,-1.08,0.23,1.28,-2.03,0.09,-0.42,0.69,0.82,2176,1079,1097
1629005,Malik Newman,2021,-0.36,-0.06,-0.13,-0.04,-0.09,-0.06,-0.52,-0.11,0.01,-0.05,0.07,-0.01,-0.57,-0.53,-1.1,-0.03,-0.05,-0.52,-0.06,-0.47,-0.19,0.0,14,7,7
1628419,Cameron Oliver,2021,-0.22,-0.23,-0.15,0.1,-0.25,-0.08,-0.69,-0.17,-0.21,-0.12,-0.09,0.05,-0.36,-0.74,-1.1,0.2,-0.1,-0.26,0.14,-0.88,-0.23,-0.16,363,182,181
203159,Scott Machado,2021,-0.33,-0.08,-0.03,0.03,-0.04,-0.02,-0.59,-0.11,-0.11,-0.06,-0.05,-0.0,-0.35,-0.75,-1.1,-0.02,-0.04,-0.31,-0.01,-0.74,-0.05,-0.11,73,37,36
1629139,Yuta Watanabe,2021,-1.4,-0.22,-0.55,-0.05,-0.5,0.75,-1.04,0.13,0.76,0.54,0.23,0.17,-0.95,-0.16,-1.11,0.2,0.44,-1.39,0.23,-0.39,0.2,0.93,3925,1966,1959
1627982,Josh Gray,2021,-0.36,-0.12,-0.43,-0.23,-0.2,-0.06,-0.19,-0.04,0.04,-0.06,0.1,-0.05,-0.91,-0.21,-1.12,-0.07,-0.08,-0.83,-0.06,-0.15,-0.49,-0.01,91,46,45
1629734,Kyle Alexander,2021,-0.49,-0.06,-0.25,-0.17,-0.09,0.03,-0.46,-0.07,0.02,0.01,0.01,0.02,-0.69,-0.44,-1.13,0.0,-0.17,-0.52,0.07,-0.51,-0.22,0.04,61,31,30
203924,Jerami Grant,2021,0.18,0.22,-0.33,-0.2,-0.14,0.1,-0.91,-0.22,0.17,-0.4,0.56,-0.24,-0.29,-0.84,-1.13,-0.1,-0.14,-0.15,0.22,-1.06,-0.23,-0.07,29661,14825,14836
203474,DJ Stephens,2021,-0.56,-0.1,-0.11,-0.01,-0.1,0.02,-0.59,-0.15,0.1,0.11,-0.0,-0.02,-0.61,-0.53,-1.14,0.02,-0.02,-0.59,0.0,-0.53,-0.09,0.08,32,16,16
1629053,Vincent Edwards,2021,-0.34,-0.03,-0.08,0.04,-0.1,-0.07,-0.5,-0.1,-0.12,-0.04,-0.07,0.0,-0.52,-0.62,-1.14,-0.03,-0.07,-0.45,-0.01,-0.61,-0.15,-0.12,64,32,32
1630204,Ashton Hagans,2021,-0.42,-0.08,-0.13,-0.08,-0.05,-0.03,-0.59,-0.14,0.05,-0.06,0.11,-0.02,-0.57,-0.57,-1.14,0.0,0.03,-0.6,-0.0,-0.57,-0.16,0.03,19,10,9
1629628,RJ Barrett,2021,-1.19,-0.31,0.18,0.36,-0.19,0.53,-0.2,-0.06,0.09,0.21,-0.11,-0.21,-0.64,-0.5,-1.14,-0.34,0.53,-1.17,-0.33,-0.17,0.71,-0.12,17528,8761,8767
1629606,Robert Franks,2021,-0.25,0.03,0.23,0.11,0.11,-0.07,-0.93,-0.28,0.13,0.01,0.12,-0.19,-0.15,-0.99,-1.14,-0.06,0.11,-0.26,-0.2,-0.79,0.16,-0.06,408,205,203
203469,Cody Zeller,2021,-0.94,-0.13,-0.6,-0.28,-0.32,1.1,-1.2,0.38,0.01,0.04,-0.02,-0.16,-0.3,-0.84,-1.14,0.65,0.96,-1.26,0.42,-1.26,0.5,-0.15,14151,7100,7051
1630187,Daniel Oturu,2021,-1.11,-0.25,-0.11,0.13,-0.23,0.23,-0.19,-0.2,-0.11,-0.26,0.15,-0.08,-0.75,-0.39,-1.15,0.22,1.02,-1.77,0.2,-0.59,0.12,-0.19,674,337,337
202700,Donatas Motiejunas,2021,-0.55,-0.14,-0.06,0.09,-0.14,-0.03,-0.58,-0.17,0.13,-0.05,0.18,-0.06,-0.64,-0.51,-1.15,0.0,-0.06,-0.58,0.03,-0.54,-0.09,0.07,115,56,59
203585,Rodney McGruder,2021,-0.33,0.02,-0.69,-0.27,-0.42,0.68,-0.03,0.07,-0.69,-0.61,-0.06,0.24,-0.4,-0.76,-1.16,-0.34,-0.11,-0.29,-0.1,-0.66,-0.01,-0.45,10657,5322,5335
1626296,Jordan Sibert,2021,-0.28,-0.06,-0.11,-0.03,-0.09,0.01,-0.72,-0.1,-0.06,-0.05,-0.0,0.02,-0.37,-0.79,-1.16,-0.02,0.09,-0.46,0.04,-0.83,-0.1,-0.04,17,9,8
1629004,Svi Mykhailiuk,2021,-0.23,-0.21,-0.22,0.46,-0.67,-0.06,-0.78,-0.01,0.5,0.65,-0.15,-0.11,-0.66,-0.5,-1.17,-0.27,0.01,-0.67,0.05,-0.55,-0.28,0.39,12300,6158,6142
1628513,Naz Mitrou-Long,2021,-0.47,-0.03,-0.09,0.08,-0.15,0.04,-0.23,0.07,-0.36,-0.29,-0.05,-0.06,-0.51,-0.66,-1.17,0.0,0.11,-0.62,0.07,-0.73,-0.05,-0.42,537,264,273
1629658,Jaylen Hoard,2021,-0.76,-0.14,-0.48,-0.1,-0.38,0.59,0.05,-0.12,-0.16,-0.02,-0.12,-0.1,-0.67,-0.52,-1.19,-0.33,1.03,-1.7,-0.15,-0.37,0.11,-0.26,1923,962,961
1627772,Daniel Hamilton,2021,-1.16,-0.08,-0.08,-0.13,0.04,0.31,0.17,-0.29,-0.47,-0.2,-0.27,-0.01,-0.79,-0.4,-1.19,0.05,0.18,-0.97,-0.01,-0.39,0.23,-0.48,746,375,371
1630271,Brodric Thomas,2021,-1.29,-0.08,-0.05,0.1,-0.15,0.32,0.12,-0.29,0.16,-0.1,0.26,-0.17,-1.0,-0.19,-1.19,-0.28,0.58,-1.58,-0.12,-0.07,0.27,-0.01,1615,805,810
1628399,Tyler Lydon,2021,-0.69,-0.14,0.1,0.18,-0.08,-0.04,-0.85,-0.2,0.2,0.06,0.13,0.02,-0.59,-0.61,-1.2,0.06,-0.12,-0.47,-0.05,-0.56,0.06,0.22,383,193,190
1630234,Ty-Shon Alexander,2021,-0.45,0.01,-0.08,-0.04,-0.04,0.0,-0.51,-0.13,-0.12,-0.01,-0.11,-0.03,-0.46,-0.74,-1.2,-0.01,-0.11,-0.35,-0.08,-0.66,-0.08,-0.15,187,92,95
200826,J.J. Barea,2021,-0.54,-0.05,0.18,0.04,0.14,0.04,-1.89,-0.19,0.78,-0.37,1.15,0.02,-0.31,-0.9,-1.21,0.2,0.01,-0.32,-0.36,-0.54,0.22,0.8,4851,2433,2418
1629621,Marial Shayok,2021,-0.22,-0.01,-0.2,-0.13,-0.08,-0.12,-0.65,-0.1,-0.11,-0.05,-0.06,0.02,-0.53,-0.69,-1.22,0.06,-0.04,-0.49,-0.18,-0.51,-0.32,-0.09,123,61,62
1627812,Yogi Ferrell,2021,-0.96,-0.16,-0.08,0.08,-0.15,-0.01,-0.5,0.04,1.09,-0.06,1.15,-0.54,-0.89,-0.34,-1.23,-0.23,-0.09,-0.8,-0.31,-0.03,-0.09,0.55,7007,3499,3508
1628994,George King,2021,-0.39,-0.07,-0.04,0.01,-0.05,-0.03,-0.69,-0.16,-0.07,-0.06,-0.0,-0.01,-0.46,-0.76,-1.23,0.0,0.05,-0.51,0.04,-0.8,-0.07,-0.08,23,11,12
203086,Meyers Leonard,2021,0.45,-0.78,-0.33,-0.48,0.15,-0.36,-1.22,-0.0,-0.59,-0.75,0.16,0.83,-0.45,-0.78,-1.23,-0.01,-0.67,0.22,1.04,-1.82,-0.69,0.24,8446,4219,4227
1626253,Axel Toupane,2021,-0.69,-0.13,-0.04,0.1,-0.14,-0.02,-0.38,-0.07,0.31,0.01,0.31,-0.12,-0.81,-0.43,-1.24,-0.3,-0.18,-0.63,-0.06,-0.37,-0.06,0.19,284,140,144
201942,DeMar DeRozan,2021,0.84,0.93,1.16,0.8,0.36,-0.71,-1.16,-0.15,-0.92,-0.34,-0.58,-0.19,1.06,-2.3,-1.24,-0.26,-0.72,1.78,-0.89,-1.41,0.45,-1.11,29529,14771,14758
203952,Andrew Wiggins,2021,-0.31,-0.12,-0.34,-0.1,-0.25,0.15,0.28,-0.09,-1.05,-0.59,-0.47,0.0,-0.48,-0.76,-1.24,0.03,0.38,-0.86,-0.78,0.02,-0.19,-1.05,27680,13832,13848
203516,James Ennis III,2021,0.79,0.4,-0.52,-0.34,-0.19,0.44,-2.06,-0.57,0.63,0.07,0.55,-0.32,0.67,-1.91,-1.24,-0.2,0.22,0.45,-0.34,-1.57,-0.08,0.31,15480,7712,7768
203079,Dion Waiters,2021,-0.55,-0.56,0.25,0.18,0.08,-0.52,-0.68,-0.25,0.33,0.02,0.31,-0.19,-0.87,-0.37,-1.24,0.12,-1.01,0.14,-0.35,-0.02,-0.27,0.14,5514,2758,2756
1629741,Marko Guduric,2021,-0.15,-0.18,-0.65,-0.25,-0.39,0.08,-0.85,-0.16,0.29,-0.02,0.33,0.02,-0.7,-0.54,-1.25,0.01,-0.15,-0.55,-0.63,0.09,-0.57,0.31,2031,1020,1011
1626147,Justin Anderson,2021,-0.59,-0.04,0.15,0.14,0.03,-0.18,-0.41,-0.15,0.02,-0.02,0.05,-0.01,-0.56,-0.69,-1.25,-0.23,-0.19,-0.37,-0.55,-0.14,-0.03,0.01,2427,1207,1220
1628970,Miles Bridges,2021,0.77,-0.15,-0.71,-0.81,0.1,0.19,-0.72,0.05,-0.66,0.12,-0.79,-0.15,0.34,-1.6,-1.26,0.02,0.34,0.0,-0.38,-1.22,-0.52,-0.81,22315,11139,11176
1629962,Devin Cannady,2021,-0.61,0.06,0.11,-0.04,0.15,-0.01,-0.56,-0.28,0.2,0.11,0.09,-0.17,-0.61,-0.67,-1.28,-0.24,0.08,-0.69,-0.19,-0.48,0.1,0.03,307,152,155
1630266,Will Magnay,2021,-0.37,-0.07,-0.2,-0.04,-0.17,-0.01,-0.71,-0.13,-0.02,-0.05,0.04,0.0,-0.56,-0.71,-1.28,0.03,0.04,-0.6,0.04,-0.75,-0.21,-0.02,15,7,8
203093,Terrence Jones,2021,-0.48,-0.05,-0.14,-0.03,-0.11,-0.07,-0.55,-0.17,-0.04,-0.02,-0.01,-0.01,-0.69,-0.59,-1.28,0.01,-0.01,-0.68,-0.06,-0.53,-0.21,-0.05,26,13,13
1630176,Vernon Carey Jr.,2021,-0.18,-0.08,-0.11,0.08,-0.19,-0.21,-0.51,-0.09,0.25,0.17,0.07,-0.32,-0.6,-0.7,-1.29,-0.21,-0.42,-0.18,-0.23,-0.47,-0.32,-0.07,458,230,228
1629640,Keldon Johnson,2021,-0.95,-0.04,0.29,0.33,-0.04,-0.07,-1.02,0.08,0.11,-0.02,0.13,0.16,-0.73,-0.56,-1.29,0.19,0.51,-1.24,0.19,-0.75,0.22,0.27,9317,4660,4657
1626203,Treveon Graham,2021,-1.53,-0.2,0.53,0.04,0.5,0.05,0.23,-0.02,-0.07,-0.18,0.11,-0.25,-1.02,-0.27,-1.29,-0.25,-0.02,-1.0,0.01,-0.28,0.58,-0.32,7205,3584,3621
1628476,Derrick Walton Jr.,2021,-0.61,0.19,-0.24,-0.17,-0.06,-0.14,-0.54,-0.16,0.05,0.11,-0.06,0.04,-0.79,-0.51,-1.3,0.14,-0.08,-0.71,0.4,-0.91,-0.38,0.09,999,504,495
1629353,Isaac Humphries,2021,-0.53,-0.19,-0.09,0.03,-0.11,0.03,-0.73,-0.23,0.07,0.2,-0.12,0.04,-0.61,-0.69,-1.3,-0.09,0.13,-0.74,0.14,-0.83,-0.06,0.11,249,125,124
1630183,Jaden McDaniels,2021,-0.19,-0.3,-0.27,-0.42,0.15,-0.14,-0.34,-0.11,0.54,0.2,0.34,-0.48,-0.61,-0.68,-1.3,-0.42,-0.41,-0.2,-0.66,-0.02,-0.41,0.06,6283,3140,3143
1628975,Jevon Carter,2021,-1.56,-0.06,0.06,0.11,-0.05,-0.08,-0.67,-0.56,0.71,0.58,0.13,0.56,-1.44,0.13,-1.3,-0.32,0.08,-1.52,0.73,-0.6,-0.02,1.27,9002,4483,4519
201147,Corey Brewer,2021,-2.07,-0.2,0.15,0.04,0.11,0.5,-1.06,-0.13,0.54,-0.05,0.59,0.24,-0.99,-0.31,-1.31,0.39,0.66,-1.65,0.47,-0.78,0.65,0.78,2122,1056,1066
1628959,Rawle Alkins,2021,-0.62,-0.19,0.0,0.28,-0.28,0.12,-0.83,-0.26,-0.22,-0.33,0.12,0.16,-0.37,-0.93,-1.31,0.08,0.34,-0.71,0.21,-1.14,0.12,-0.06,489,244,245
201584,Courtney Lee,2021,-0.48,-0.36,1.11,0.74,0.38,-0.67,-1.34,0.16,0.32,0.36,-0.02,0.08,-0.25,-1.06,-1.31,-0.33,-0.62,0.37,0.09,-1.15,0.44,0.4,3133,1564,1569
203473,Dewayne Dedmon,2021,0.02,-0.3,-1.31,-0.99,-0.32,0.79,-0.95,0.05,0.0,-0.2,0.2,0.3,-0.75,-0.56,-1.32,-0.17,0.65,-1.4,-0.1,-0.46,-0.52,0.3,10707,5360,5347
1630188,Jalen Smith,2021,-0.43,-0.15,-0.03,-0.13,0.1,-0.11,-0.34,-0.01,-0.61,-0.22,-0.38,0.11,-0.55,-0.77,-1.32,0.09,-0.06,-0.49,0.07,-0.84,-0.14,-0.5,709,353,356
1629649,Ignas Brazdeikis,2021,-0.11,-0.01,0.45,0.51,-0.05,0.14,-1.03,0.01,-0.43,-0.15,-0.28,-0.01,0.26,-1.58,-1.32,-0.33,0.04,0.22,0.07,-1.65,0.59,-0.44,1222,615,607
1629712,Marcos Louzada Silva,2021,-0.55,-0.02,-0.04,-0.08,0.05,-0.03,-0.47,-0.14,-0.29,-0.18,-0.11,0.17,-0.61,-0.71,-1.32,-0.11,0.02,-0.63,0.27,-0.98,-0.07,-0.12,232,116,116
1628605,Dusty Hannahs,2021,-0.44,-0.05,0.09,0.14,-0.05,-0.08,-0.57,-0.0,-0.18,-0.17,-0.01,0.01,-0.45,-0.88,-1.33,-0.16,-0.21,-0.24,-0.14,-0.74,0.01,-0.17,163,82,81
201156,Nick Young,2021,-0.57,-0.19,-0.0,0.08,-0.08,-0.09,-0.5,-0.13,0.06,0.06,0.01,-0.08,-0.74,-0.59,-1.33,-0.15,-0.26,-0.48,-0.21,-0.38,-0.09,-0.02,151,76,75
1629168,BJ Johnson,2021,-0.27,-0.06,-0.09,0.24,-0.33,-0.22,-0.91,-0.07,0.18,0.07,0.11,-0.0,-0.65,-0.69,-1.33,-0.02,-0.03,-0.62,0.26,-0.95,-0.31,0.18,580,288,292
1629729,Josh Reaves,2021,-0.65,-0.12,0.09,0.11,-0.03,-0.11,-0.46,-0.11,-0.06,-0.13,0.07,0.07,-0.77,-0.56,-1.34,-0.22,0.04,-0.81,0.1,-0.66,-0.02,0.01,149,75,74
202705,MarShon Brooks,2021,-1.28,-0.28,0.28,0.45,-0.15,-0.08,-0.26,-0.27,0.56,-0.17,0.74,-0.43,-1.09,-0.25,-1.34,-0.13,-0.02,-1.07,-0.13,-0.12,0.2,0.13,1425,721,704
1627743,Demetrius Jackson,2021,-0.49,-0.12,0.01,0.09,-0.08,-0.11,-0.65,-0.15,0.02,0.06,-0.02,-0.05,-0.6,-0.75,-1.35,-0.08,-0.15,-0.45,-0.07,-0.68,-0.1,-0.03,154,77,77
1628070,Jordan Loyd,2021,-0.38,0.01,-0.66,-0.2,-0.46,0.13,-0.69,-0.14,-0.12,-0.02,-0.09,0.03,-0.67,-0.69,-1.36,0.33,0.21,-0.88,0.03,-0.72,-0.53,-0.09,240,119,121
1628396,Tony Bradley,2021,-0.53,-0.78,-0.13,0.22,-0.34,0.72,-0.96,-0.3,-0.88,-0.11,-0.77,0.16,0.33,-1.7,-1.37,0.25,1.42,-1.09,-0.45,-1.25,0.59,-0.72,5844,2925,2919
203090,Maurice Harkless,2021,-0.34,-0.48,-0.51,-0.5,-0.03,0.37,-0.17,-0.56,0.31,0.29,0.01,-0.26,-1.28,-0.09,-1.37,-0.77,-0.27,-1.01,-0.22,0.13,-0.14,0.05,16293,8132,8161
1629003,Shake Milton,2021,0.0,0.27,0.13,0.34,-0.23,0.52,-1.16,-0.52,-0.31,0.28,-0.59,-0.27,0.64,-2.01,-1.37,-0.28,0.26,0.38,-0.21,-1.8,0.65,-0.58,11254,5635,5619
1629607,Jared Harper,2021,-0.5,0.01,-0.05,-0.1,0.06,-0.14,-0.69,-0.11,0.09,0.01,0.09,-0.07,-0.73,-0.65,-1.38,-0.02,-0.13,-0.6,-0.03,-0.62,-0.19,0.02,108,54,54
1629743,Donta Hall,2021,-0.89,-0.14,-0.13,-0.08,-0.05,-0.05,-0.77,-0.2,0.27,0.06,0.22,-0.02,-0.95,-0.43,-1.38,0.21,0.18,-1.13,0.22,-0.65,-0.18,0.25,1368,677,691
1628373,Frank Ntilikina,2021,-0.87,-0.02,-0.05,-0.13,0.08,-0.64,-0.5,-0.49,0.99,0.62,0.37,0.14,-1.79,0.41,-1.38,-0.45,-1.29,-0.5,-0.68,1.09,-0.69,1.13,9673,4812,4861
1629091,Elijah Bryant,2021,-0.86,0.02,-0.17,0.01,-0.18,-0.1,-0.48,-0.15,0.21,0.17,0.02,-0.04,-1.19,-0.2,-1.39,0.05,0.15,-1.34,-0.08,-0.12,-0.27,0.17,341,172,169
1630198,Isaiah Joe,2021,-1.44,-0.11,0.04,0.34,-0.29,0.35,-1.04,-0.17,0.61,-0.02,0.64,-0.04,-1.05,-0.33,-1.39,0.13,0.42,-1.47,0.01,-0.34,0.39,0.57,1605,808,797
202347,Quincy Pondexter,2021,-1.18,-0.1,-0.57,-0.19,-0.38,0.11,0.14,0.08,-0.25,-0.12,-0.12,0.3,-1.69,0.3,-1.39,0.06,0.02,-1.71,0.37,-0.07,-0.46,0.05,1209,603,606
1630203,Grant Riller,2021,-0.43,-0.08,-0.14,0.13,-0.25,-0.1,-0.56,-0.13,0.09,-0.02,0.11,-0.13,-0.73,-0.66,-1.39,-0.12,-0.23,-0.5,-0.05,-0.61,-0.24,-0.04,104,54,50
1628656,Billy Garrett,2021,-0.32,-0.01,-0.04,-0.13,0.09,-0.24,-0.53,0.01,-0.2,-0.17,-0.02,0.07,-0.7,-0.69,-1.39,-0.13,-0.12,-0.58,0.09,-0.78,-0.28,-0.13,262,130,132
1627884,Derrick Jones Jr.,2021,-1.48,-0.07,-0.1,-0.1,0.01,-0.18,0.34,-0.2,-0.42,-0.01,-0.4,-0.0,-1.17,-0.23,-1.4,0.44,0.77,-1.94,-0.43,0.2,-0.28,-0.42,15840,7850,7990
203210,JaMychal Green,2021,-1.75,0.12,-0.43,-0.43,0.0,0.8,-0.6,-0.56,-0.22,0.0,-0.22,0.44,-1.03,-0.37,-1.4,0.36,1.03,-2.06,0.63,-1.0,0.37,0.22,17375,8696,8679
1630256,Jae'Sean Tate,2021,-0.61,-0.36,-0.09,0.09,-0.18,0.38,-1.36,-0.06,0.28,-0.34,0.63,0.18,-0.43,-0.97,-1.41,-0.19,0.46,-0.89,0.09,-1.06,0.29,0.46,8467,4238,4229
1629133,Daryl Macon,2021,-0.91,-0.14,-0.1,-0.1,0.01,-0.07,-0.14,-0.04,-0.22,0.06,-0.27,0.15,-1.1,-0.31,-1.41,-0.12,0.05,-1.15,0.32,-0.63,-0.17,-0.07,414,208,206
1627824,Guerschon Yabusele,2021,-0.76,-0.14,-0.01,0.11,-0.11,-0.13,-0.04,-0.18,-0.31,-0.18,-0.12,-0.19,-0.85,-0.58,-1.43,0.01,0.01,-0.86,-0.64,0.06,-0.14,-0.5,1065,530,535
1629745,Tariq Owens,2021,-0.54,-0.09,-0.03,-0.01,-0.03,-0.04,-0.69,-0.13,-0.01,0.0,-0.01,-0.08,-0.67,-0.76,-1.43,-0.04,-0.01,-0.66,-0.07,-0.69,-0.07,-0.09,61,31,30
1626171,Bobby Portis,2021,-0.59,-0.58,-0.17,0.51,-0.66,0.73,-1.54,0.01,-0.48,0.01,-0.49,0.2,0.27,-1.7,-1.43,0.42,0.31,-0.04,0.07,-1.77,0.56,-0.28,17867,8928,8939
203460,Andre Roberson,2021,-1.2,-0.11,-0.29,-0.24,-0.05,0.04,-0.43,-0.14,0.18,0.04,0.15,0.17,-1.34,-0.1,-1.44,0.09,0.32,-1.66,0.34,-0.44,-0.25,0.35,620,308,312
1628421,Devin Robinson,2021,-0.46,-0.2,0.1,0.01,0.09,0.03,-0.8,-0.02,-0.34,-0.22,-0.11,0.13,-0.42,-1.02,-1.44,-0.1,-0.18,-0.24,0.25,-1.27,0.13,-0.21,389,194,195
1629632,Coby White,2021,-0.44,-0.53,-0.59,-0.38,-0.19,0.19,-2.25,-0.88,0.48,0.07,0.39,0.49,-0.46,-0.99,-1.44,0.68,0.78,-1.24,0.75,-1.74,-0.4,0.97,15781,7873,7908
1628414,Sindarius Thornwell,2021,-1.38,-0.17,-0.18,0.23,-0.39,-0.06,-0.14,-0.01,0.25,0.36,-0.11,0.6,-1.58,0.13,-1.45,-0.54,-0.33,-1.25,0.91,-0.78,-0.24,0.85,2379,1176,1203
1630230,Naji Marshall,2021,-0.63,0.16,-0.71,-0.18,-0.53,0.25,-0.48,-0.07,-0.09,-0.38,0.29,0.56,-1.2,-0.26,-1.46,-0.36,-0.22,-0.98,0.91,-1.17,-0.46,0.47,2966,1490,1476
1629682,Tremont Waters,2021,-0.63,-0.02,-0.65,-0.75,0.1,0.3,0.04,-0.21,0.05,-0.05,0.11,-0.44,-0.93,-0.52,-1.46,-0.13,0.4,-1.33,-0.52,-0.0,-0.35,-0.39,1496,749,747
1627752,Taurean Prince,2021,-0.9,-0.3,0.11,0.28,-0.17,0.33,-0.69,-0.07,-0.34,-0.12,-0.21,0.04,-0.65,-0.8,-1.46,-0.01,-0.14,-0.51,0.21,-1.01,0.44,-0.3,18124,9056,9068
1629668,Zach Norvell Jr.,2021,-0.02,-0.07,-0.25,-0.05,-0.2,-0.08,-1.18,-0.15,0.07,-0.01,0.09,-0.13,-0.28,-1.2,-1.48,0.11,-0.22,-0.06,-0.19,-1.01,-0.33,-0.06,171,85,86
201158,Marco Belinelli,2021,0.6,-0.36,0.04,-0.13,0.17,-0.32,-0.77,0.2,-0.97,-0.56,-0.4,0.3,0.56,-2.05,-1.49,-0.37,-0.44,1.0,-0.13,-1.92,-0.28,-0.67,11468,5724,5744
1627738,Deyonta Davis,2021,-1.27,-0.16,0.36,0.2,0.15,-0.17,-0.37,-0.21,0.15,0.33,-0.18,-0.06,-1.11,-0.4,-1.5,-0.14,-0.22,-0.89,-0.36,-0.04,0.19,0.09,511,257,254
1629065,Ky Bowman,2021,-1.49,0.06,-0.64,-0.56,-0.08,-0.05,-0.04,0.07,0.51,0.0,0.52,0.3,-2.27,0.76,-1.51,-0.1,-0.18,-2.09,0.42,0.34,-0.69,0.81,4161,2079,2082
201145,Jeff Green,2021,1.04,0.85,-0.25,-0.25,0.0,-1.18,-0.32,0.15,-0.0,0.07,-0.07,-0.49,-0.47,-1.03,-1.51,-0.31,-0.69,0.22,-0.56,-0.47,-1.43,-0.49,21889,10955,10934
1630206,Jay Scrubb,2021,-0.8,-0.16,0.05,0.11,-0.06,0.09,-0.76,-0.14,-0.0,-0.11,0.11,-0.08,-0.7,-0.81,-1.52,-0.02,0.38,-1.08,0.11,-0.92,0.14,-0.08,369,183,186
1629147,Joe Chealey,2021,-0.85,-0.09,-0.22,-0.1,-0.11,-0.14,-0.31,-0.08,0.18,0.11,0.09,-0.07,-1.26,-0.26,-1.52,-0.11,-0.23,-1.03,-0.16,-0.1,-0.36,0.11,164,81,83
202323,Evan Turner,2021,-1.36,0.04,-0.32,-0.75,0.43,-0.09,1.03,-0.11,-0.61,-0.34,-0.27,-0.1,-1.58,0.05,-1.52,-0.07,0.35,-1.93,-0.14,0.19,-0.41,-0.71,8438,4216,4222
1627739,Kris Dunn,2021,-1.04,-0.26,-0.09,0.47,-0.56,-0.52,-0.8,-0.36,1.13,0.44,0.69,-0.22,-1.86,0.34,-1.52,0.02,-0.87,-0.99,-0.09,0.43,-0.61,0.91,11020,5503,5517
1630211,Karim Mane,2021,-0.68,-0.13,-0.06,0.01,-0.09,0.0,-0.79,-0.14,0.05,-0.07,0.12,0.01,-0.74,-0.79,-1.53,-0.06,0.11,-0.85,-0.23,-0.56,-0.06,0.06,349,175,174
1629102,Brandon Sampson,2021,0.11,-0.11,0.24,0.33,-0.09,-0.31,-1.05,-0.09,-0.38,-0.09,-0.29,0.14,-0.23,-1.29,-1.53,-0.28,-0.48,0.25,0.29,-1.58,-0.07,-0.24,853,432,421
203901,Elfrid Payton,2021,-0.61,-0.92,0.42,0.22,0.2,1.01,-1.45,0.42,-0.5,-0.24,-0.26,0.12,0.26,-1.8,-1.53,-0.52,0.65,-0.39,0.54,-2.34,1.43,-0.38,16395,8190,8205
1628394,Anzejs Pasecniks,2021,-0.97,-0.11,0.51,0.29,0.23,0.08,-1.72,-0.32,0.38,0.13,0.26,0.0,-0.37,-1.16,-1.53,0.19,0.62,-0.99,0.13,-1.29,0.59,0.38,1858,931,927
203382,Aron Baynes,2021,-1.19,-0.53,-0.59,-0.36,-0.24,0.16,-0.55,0.27,-0.04,-0.33,0.29,0.51,-1.76,0.23,-1.53,0.17,-0.28,-1.48,-0.03,0.26,-0.43,0.47,11766,5886,5880
1627736,Malik Beasley,2021,-0.56,-0.63,0.15,0.11,0.05,0.43,-1.67,-0.26,0.1,0.01,0.09,-0.08,-0.01,-1.53,-1.54,0.09,0.42,-0.43,-0.13,-1.4,0.58,0.02,18621,9318,9303
1628982,Melvin Frazier Jr.,2021,-1.29,-0.33,0.06,-0.14,0.22,0.13,-0.62,-0.4,0.23,0.11,0.12,-0.05,-1.08,-0.46,-1.54,0.0,0.27,-1.35,0.06,-0.52,0.19,0.18,770,380,390
1629739,William Howard,2021,-0.64,-0.08,-0.15,-0.05,-0.1,-0.04,-0.77,-0.19,0.16,-0.04,0.2,0.02,-0.88,-0.66,-1.54,-0.12,-0.08,-0.8,0.1,-0.76,-0.19,0.18,57,28,29
1630180,Saddiq Bey,2021,-0.61,0.43,-0.23,-0.18,-0.06,-0.55,-0.06,0.08,-0.38,-0.07,-0.31,-0.06,-1.54,-0.01,-1.55,0.34,-0.62,-0.92,0.45,-0.46,-0.78,-0.44,7958,3986,3972
202692,Alec Burks,2021,-1.71,0.76,0.8,0.52,0.29,-0.2,0.2,-0.17,-0.76,-0.21,-0.55,0.24,-1.0,-0.57,-1.57,-0.14,-0.19,-0.81,0.55,-1.12,0.6,-0.52,18322,9162,9160
1629048,Goga Bitadze,2021,-1.63,-0.52,-0.33,-0.57,0.25,0.25,0.79,-0.05,-0.58,-0.24,-0.33,-0.29,-1.45,-0.14,-1.59,0.2,0.28,-1.73,-0.02,-0.12,-0.08,-0.87,4242,2123,2119
2594,Kyle Korver,2021,0.01,-0.24,-0.94,-0.57,-0.36,-0.43,0.39,-0.1,-0.55,-0.71,0.16,0.04,-1.01,-0.59,-1.6,-0.12,-0.01,-1.0,-0.29,-0.3,-1.37,-0.51,10209,5145,5064
2730,Dwight Howard,2021,-2.57,-1.0,-1.3,-0.51,-0.79,1.64,0.2,0.24,-0.54,-0.04,-0.5,0.32,-1.83,0.22,-1.61,0.64,1.64,-3.47,-0.31,0.53,0.34,-0.22,12773,6369,6404
1627781,Malachi Richardson,2021,-0.98,-0.13,-0.56,-0.23,-0.34,0.03,-0.08,-0.07,-0.07,-0.01,-0.06,-0.01,-1.35,-0.27,-1.61,0.06,-0.01,-1.34,0.06,-0.33,-0.53,-0.08,440,222,218
203082,Terrence Ross,2021,-1.85,0.3,0.22,-0.11,0.33,-0.18,0.02,-0.56,0.06,-0.02,0.09,0.33,-1.37,-0.24,-1.62,-0.22,-0.2,-1.17,0.19,-0.43,0.04,0.39,22677,11365,11312
203124,Kyle O'Quinn,2021,-0.52,-0.35,-0.14,-0.15,0.03,0.24,-0.32,-0.24,-0.98,-0.38,-0.6,-0.08,-0.23,-1.4,-1.63,0.17,0.22,-0.45,-0.36,-1.04,0.1,-1.06,2799,1400,1399
1629066,Rodions Kurucs,2021,-0.57,-0.33,-1.09,-0.7,-0.38,0.13,0.57,-0.2,-0.53,-0.32,-0.2,0.35,-1.86,0.23,-1.63,-0.49,-0.24,-1.62,0.2,0.03,-0.96,-0.18,9450,4737,4713
1629617,Reggie Perry,2021,-1.06,-0.21,-0.27,-0.03,-0.23,0.39,-0.52,-0.27,-0.38,-0.29,-0.07,0.01,-0.77,-0.86,-1.63,0.2,0.49,-1.26,0.09,-0.95,0.12,-0.37,956,473,483
201229,Anthony Tolliver,2021,-1.86,0.05,0.42,0.05,0.37,-0.58,-0.56,-0.17,0.69,0.29,0.39,-0.28,-1.43,-0.2,-1.63,0.54,-0.59,-0.84,-0.38,0.18,-0.16,0.41,8323,4159,4164
1626168,Trey Lyles,2021,-1.51,-0.19,0.46,0.42,0.04,-0.51,-0.28,0.09,-0.16,0.24,-0.4,0.34,-1.63,-0.0,-1.63,0.03,-0.13,-1.5,0.05,-0.05,-0.05,0.18,11032,5513,5519
1630208,Nick Richards,2021,-0.75,-0.07,-0.2,0.06,-0.27,0.0,-0.28,-0.11,-0.17,-0.15,-0.02,-0.12,-0.95,-0.69,-1.64,-0.12,-0.4,-0.55,-0.27,-0.42,-0.2,-0.29,248,127,121
1629625,Justin Wright-Foreman,2021,-0.65,-0.04,-0.15,-0.15,0.01,-0.03,-0.94,-0.12,0.12,0.06,0.06,-0.04,-0.79,-0.85,-1.64,0.05,-0.17,-0.62,-0.08,-0.77,-0.18,0.08,183,90,93
101106,Andrew Bogut,2021,-0.38,-0.14,-0.37,-0.15,-0.22,0.1,-1.08,-0.16,0.2,0.1,0.1,-0.03,-0.83,-0.81,-1.64,-0.08,0.15,-0.98,0.28,-1.09,-0.27,0.17,1254,628,626
201577,Robin Lopez,2021,-1.74,-0.35,-1.03,0.03,-1.06,0.22,2.16,0.64,-2.17,-0.97,-1.2,0.75,-2.54,0.9,-1.64,0.17,0.08,-2.62,0.53,0.37,-0.81,-1.42,16524,8265,8259
1629665,Jalen Lecque,2021,-0.95,-0.09,-0.09,-0.0,-0.09,-0.09,-0.53,-0.18,0.06,-0.02,0.09,-0.04,-1.04,-0.61,-1.64,0.0,-0.08,-0.96,-0.19,-0.42,-0.18,0.02,182,89,93
1629057,Robert Williams III,2021,0.55,-0.18,-0.76,-0.66,-0.1,0.27,-0.96,-0.18,0.44,0.34,0.1,-1.01,0.02,-1.66,-1.65,-0.18,0.69,-0.67,-1.91,0.25,-0.49,-0.57,7437,3711,3726
202697,Iman Shumpert,2021,-1.52,-0.52,-0.6,-0.23,-0.36,0.2,0.05,-0.3,0.59,-0.18,0.77,-0.68,-1.43,-0.22,-1.65,0.31,0.16,-1.59,-0.3,0.08,-0.4,-0.09,7587,3787,3800
1629677,Luka Samanic,2021,-1.07,-0.28,-0.34,0.09,-0.43,0.03,0.27,-0.11,-0.12,-0.01,-0.1,-0.14,-1.55,-0.12,-1.67,-0.3,0.12,-1.67,0.33,-0.45,-0.31,-0.26,1442,726,716
1629061,Deng Adel,2021,-0.77,-0.17,-0.17,-0.03,-0.14,0.03,-0.69,0.06,-0.33,-0.13,-0.18,0.19,-0.85,-0.84,-1.69,0.05,0.12,-0.97,0.35,-1.19,-0.14,-0.14,599,301,298
1627215,Walter Lemon Jr.,2021,-0.72,-0.33,0.09,0.1,-0.0,-0.09,-0.8,0.0,-0.09,-0.1,0.01,0.03,-0.84,-0.86,-1.7,-0.12,-0.04,-0.8,0.24,-1.1,0.0,-0.06,678,340,338
1628398,Kyle Kuzma,2021,-0.73,-0.13,-0.28,-0.03,-0.25,-0.14,-0.32,-0.0,-0.37,-0.45,0.09,0.44,-1.52,-0.18,-1.7,-0.3,0.3,-1.82,0.56,-0.74,-0.42,0.07,26549,13284,13265
1627883,Jalen Jones,2021,-0.54,-0.11,-0.1,-0.36,0.25,-0.12,-1.19,-0.06,0.23,0.12,0.11,0.08,-0.6,-1.11,-1.71,-0.07,0.13,-0.73,0.27,-1.38,-0.22,0.31,856,424,432
1629017,Khyri Thomas,2021,-0.93,-0.35,0.1,0.36,-0.25,0.05,-1.14,-0.57,0.13,0.11,0.02,0.08,-0.62,-1.09,-1.71,0.0,-0.16,-0.46,0.36,-1.45,0.15,0.21,1686,841,845
1629610,DaQuan Jeffries,2021,0.18,-0.15,0.06,-0.04,0.1,-0.21,-1.09,-0.26,-0.48,-0.55,0.07,0.37,-0.29,-1.43,-1.71,-0.54,-0.16,-0.13,0.14,-1.57,-0.15,-0.11,2636,1318,1318
201961,Wayne Ellington,2021,-1.28,-0.36,0.32,0.2,0.11,0.3,-0.31,-0.24,-0.13,-0.05,-0.09,-0.26,-0.89,-0.82,-1.71,-0.35,0.43,-1.32,-0.66,-0.16,0.62,-0.39,12248,6141,6107
1628983,Shai Gilgeous-Alexander,2021,1.62,0.59,0.22,0.34,-0.13,-1.33,-1.37,0.03,-0.26,-0.11,-0.15,-0.32,-0.01,-1.7,-1.71,-0.27,-1.72,1.71,-0.37,-1.33,-1.11,-0.58,25722,12865,12857
203503,Tony Snell,2021,-0.88,0.08,-0.25,-0.24,-0.03,-0.32,0.05,0.03,-0.64,-0.42,-0.22,-0.24,-0.94,-0.79,-1.73,0.55,-0.04,-0.9,-0.81,0.02,-0.57,-0.88,15916,7944,7972
1630217,Desmond Bane,2021,-0.4,-0.32,-0.28,-0.08,-0.22,0.75,-2.01,-0.23,0.04,0.37,-0.33,0.06,0.22,-1.95,-1.73,0.11,0.38,-0.16,0.68,-2.63,0.47,0.1,6615,3319,3296
201563,Michael Beasley,2021,-0.98,-0.24,0.08,-0.08,0.17,0.08,-0.07,0.09,-0.26,-0.11,-0.15,-0.19,-1.04,-0.7,-1.74,-0.4,-0.33,-0.71,-0.4,-0.3,0.16,-0.45,1147,574,573
1629752,Juwan Morgan,2021,-0.8,-0.43,-0.19,-0.29,0.1,0.16,-0.25,-0.51,-0.25,-0.2,-0.04,-0.48,-0.67,-1.07,-1.74,0.07,0.3,-0.97,-0.36,-0.71,-0.03,-0.73,1514,754,760
1629033,Theo Pinson,2021,-2.78,-0.36,-0.31,-0.14,-0.17,-0.1,2.1,0.26,0.18,-0.02,0.21,-0.41,-3.08,1.34,-1.74,-0.42,0.49,-3.57,-0.68,2.02,-0.41,-0.23,2611,1302,1309
1629045,Bonzie Colson,2021,-0.54,-0.14,0.05,0.01,0.04,0.12,-1.0,0.04,-0.29,-0.1,-0.2,0.02,-0.36,-1.38,-1.75,-0.11,0.07,-0.43,-0.13,-1.25,0.17,-0.27,443,221,222
1629034,Ray Spalding,2021,-1.17,-0.2,-0.24,-0.06,-0.18,0.08,-0.05,-0.21,0.06,-0.18,0.25,-0.22,-1.27,-0.49,-1.76,-0.22,0.07,-1.34,0.04,-0.53,-0.16,-0.16,695,351,344
1629312,Haywood Highsmith,2021,-0.58,-0.12,-0.14,-0.08,-0.06,0.04,-0.96,-0.16,-0.11,-0.05,-0.06,-0.04,-0.63,-1.14,-1.77,0.02,0.15,-0.78,-0.19,-0.95,-0.1,-0.15,169,85,84
203903,Jordan Clarkson,2021,0.2,-0.02,0.62,0.6,0.03,0.34,-2.04,-0.08,-0.93,-0.49,-0.45,-0.14,1.38,-3.15,-1.77,0.18,1.06,0.32,0.12,-3.27,0.96,-1.07,24761,12388,12373
1629730,Rayjon Tucker,2021,-1.05,0.03,-0.08,-0.01,-0.06,0.17,-1.41,-0.16,0.4,-0.0,0.42,0.02,-0.79,-0.99,-1.78,0.17,0.46,-1.25,0.32,-1.31,0.09,0.42,1009,505,504
1628499,Antonius Cleveland,2021,-0.54,0.03,-0.1,-0.05,-0.04,0.04,-0.93,-0.17,-0.11,-0.15,0.04,0.09,-0.67,-1.11,-1.78,-0.23,0.04,-0.71,0.11,-1.22,-0.06,-0.02,220,111,109
1629622,Max Strus,2021,1.01,-0.17,-0.7,0.0,-0.7,-0.19,-1.57,-0.14,-0.26,-0.1,-0.16,-0.03,0.1,-1.89,-1.79,-0.05,-0.05,0.15,0.29,-2.18,-0.89,-0.29,2037,1018,1019
203961,Eric Moreland,2021,-0.9,-0.05,-0.6,-0.43,-0.17,-0.19,-0.24,-0.13,-0.18,0.05,-0.23,0.02,-1.51,-0.28,-1.79,0.3,-0.08,-1.43,-0.04,-0.24,-0.79,-0.16,277,135,142
1629642,Nassir Little,2021,-0.27,-0.09,0.65,0.29,0.36,0.44,-1.34,-0.36,-0.58,-0.31,-0.27,-0.32,0.87,-2.68,-1.8,-0.38,0.4,0.47,-1.11,-1.57,1.09,-0.9,4963,2472,2491
1627853,Ryan Arcidiacono,2021,-1.91,-0.52,0.85,0.31,0.56,-0.54,0.07,0.07,0.56,0.1,0.47,-0.05,-1.59,-0.21,-1.8,-0.78,-0.31,-1.28,-0.41,0.2,0.31,0.51,13345,6663,6682
1629123,Jared Terrell,2021,-0.96,-0.18,-0.05,-0.1,0.04,-0.17,-0.35,-0.23,-0.09,-0.06,-0.01,-0.13,-1.2,-0.6,-1.81,-0.06,-0.13,-1.07,-0.34,-0.26,-0.22,-0.22,445,222,223
1630190,Elijah Hughes,2021,-0.52,-0.16,-0.18,-0.0,-0.18,-0.07,-0.71,-0.26,-0.21,-0.12,-0.09,-0.13,-0.74,-1.07,-1.81,0.01,-0.02,-0.72,-0.27,-0.8,-0.25,-0.34,262,130,132
1629673,Jordan Poole,2021,-1.06,-0.07,0.15,0.33,-0.18,-0.91,-0.23,-0.01,0.07,0.09,-0.01,-0.08,-1.79,-0.03,-1.82,0.24,-1.24,-0.55,0.33,-0.36,-0.76,-0.01,9343,4689,4654
201599,DeAndre Jordan,2021,-1.64,-0.5,-1.74,-1.42,-0.32,0.99,1.3,0.57,-1.59,-0.83,-0.76,0.72,-2.41,0.59,-1.82,0.14,0.64,-3.05,0.2,0.39,-0.75,-0.87,18460,9215,9245
1629620,Justin Robinson,2021,-0.72,-0.25,-0.24,0.1,-0.34,-0.04,-0.66,-0.02,0.15,-0.15,0.29,-0.18,-1.06,-0.76,-1.82,-0.13,0.01,-1.07,-0.69,-0.07,-0.28,-0.03,549,276,273
203920,Khem Birch,2021,-2.81,-0.46,0.09,0.57,-0.47,0.76,0.17,0.23,-0.16,0.27,-0.43,0.62,-2.12,0.29,-1.83,-0.5,0.78,-2.9,0.69,-0.4,0.85,0.46,13089,6541,6548
203476,Gorgui Dieng,2021,-2.19,-0.34,-0.32,0.47,-0.79,-0.1,-0.16,-0.07,0.5,-0.1,0.6,-0.08,-2.03,0.2,-1.83,0.52,0.05,-2.08,-0.05,0.25,-0.42,0.42,10830,5385,5445
1629058,Dzanan Musa,2021,-1.29,-0.13,0.1,0.01,0.09,0.08,-0.57,0.1,0.02,-0.18,0.21,-0.06,-1.12,-0.71,-1.84,-0.12,0.46,-1.58,-0.06,-0.65,0.18,-0.04,2456,1232,1224
1628397,Ivan Rabb,2021,-0.33,-0.22,-1.0,-0.7,-0.31,0.28,-1.28,0.12,0.21,0.26,-0.06,0.14,-1.18,-0.67,-1.85,0.13,0.05,-1.23,0.61,-1.28,-0.72,0.35,2674,1335,1339
1629346,Alen Smailagic,2021,0.06,0.03,-0.78,-0.57,-0.2,0.05,-0.69,-0.02,-0.09,-0.12,0.05,-0.21,-0.59,-1.26,-1.85,-0.19,-0.02,-0.57,-0.74,-0.52,-0.73,-0.3,927,466,461
1630233,Nathan Knight,2021,-1.3,0.03,-0.81,-0.32,-0.48,0.38,-0.37,-0.4,-0.15,-0.13,-0.01,0.16,-1.54,-0.32,-1.86,0.23,0.1,-1.64,0.18,-0.5,-0.43,0.01,1158,579,579
1628379,Luke Kennard,2021,1.24,-0.06,0.23,0.17,0.06,-0.36,-1.79,-0.37,-0.92,-0.59,-0.33,-0.1,1.05,-2.93,-1.88,-0.18,-0.17,1.22,-0.4,-2.53,-0.13,-1.02,15537,7782,7755
203546,Ian Clark,2021,-1.3,-0.3,0.13,-0.06,0.19,-0.08,-0.06,-0.1,-0.61,-0.5,-0.11,0.07,-1.07,-0.82,-1.89,-0.04,0.08,-1.15,-0.2,-0.62,0.05,-0.54,4135,2070,2065
1630171,Isaac Okoro,2021,-1.15,0.3,-0.55,-0.09,-0.46,-0.04,-0.89,-0.25,-0.07,0.11,-0.17,0.65,-2.03,0.14,-1.89,0.16,-0.31,-1.72,0.7,-0.56,-0.59,0.58,8904,4449,4455
1630264,Anthony Gill,2021,-0.97,0.01,-0.39,-0.05,-0.34,0.08,-0.74,-0.18,0.22,-0.23,0.45,0.0,-1.38,-0.51,-1.89,-0.09,0.1,-1.48,0.19,-0.7,-0.31,0.22,1026,508,518
2760,Anderson Varejao,2021,-0.76,-0.1,-0.15,-0.13,-0.03,-0.0,-0.81,-0.06,-0.17,-0.18,0.01,-0.0,-0.9,-1.0,-1.9,-0.01,-0.1,-0.8,0.06,-1.06,-0.15,-0.17,154,77,77
1628413,Jonah Bolden,2021,-1.63,-0.3,-0.61,-0.6,-0.01,0.26,-0.87,-0.25,-0.16,-0.07,-0.09,0.32,-1.39,-0.51,-1.9,0.79,0.65,-2.04,0.56,-1.07,-0.35,0.16,3243,1618,1625
1628405,Johnathan Motley,2021,-0.42,-0.1,-0.42,-0.17,-0.25,0.03,-1.45,-0.28,0.29,0.28,0.0,0.16,-0.95,-0.95,-1.91,-0.1,-0.0,-0.95,0.36,-1.31,-0.39,0.45,830,413,417
1629597,Zylan Cheatham,2021,-0.48,-0.1,-0.29,-0.22,-0.08,-0.02,-0.85,-0.17,-0.23,-0.18,-0.04,0.05,-0.88,-1.03,-1.91,-0.09,-0.02,-0.86,-0.17,-0.86,-0.31,-0.18,213,106,107
202327,Ekpe Udoh,2021,0.33,-0.23,-0.24,-0.04,-0.2,-0.36,-1.05,-0.19,-0.34,-0.1,-0.25,-0.04,-0.43,-1.48,-1.91,-0.21,-0.56,0.13,0.04,-1.52,-0.6,-0.38,1357,668,689
1629751,Dakota Mathias,2021,-1.42,-0.23,0.01,0.06,-0.05,0.05,-0.04,-0.11,-0.37,-0.24,-0.11,-0.25,-1.28,-0.64,-1.92,0.1,0.32,-1.6,-0.24,-0.4,0.06,-0.62,504,253,251
1630240,Saben Lee,2021,-0.02,-0.16,0.03,0.03,0.01,-0.53,-1.06,0.22,-0.18,-0.54,0.36,0.1,-0.76,-1.16,-1.92,-0.26,-0.62,-0.14,-0.27,-0.89,-0.5,-0.08,3106,1554,1552
201160,Jason Smith,2021,-1.13,-0.21,-0.22,-0.13,-0.08,-0.1,-0.47,-0.19,-0.1,-0.29,0.21,0.12,-1.58,-0.37,-1.94,-0.04,-0.12,-1.46,0.33,-0.7,-0.32,0.02,743,371,372
1628463,Tyler Cavanaugh,2021,-0.65,-0.05,-0.2,-0.0,-0.2,-0.07,-0.82,-0.1,-0.09,-0.06,-0.02,-0.09,-0.96,-0.98,-1.94,-0.02,-0.16,-0.8,-0.09,-0.89,-0.27,-0.18,169,84,85
203485,Lorenzo Brown,2021,-1.32,-0.32,-0.88,-0.29,-0.59,-0.03,-0.16,-0.16,-0.05,0.17,-0.22,0.15,-1.9,-0.06,-1.95,0.34,0.02,-1.92,0.38,-0.44,-0.91,0.1,856,424,432
203957,Dante Exum,2021,-1.92,-0.11,-0.95,-0.51,-0.45,0.34,-0.44,-0.21,0.83,0.24,0.6,0.58,-2.57,0.62,-1.95,-0.39,-0.13,-2.44,0.47,0.15,-0.61,1.41,5080,2537,2543
1628987,Kevin Hervey,2021,-1.34,-0.14,-0.0,0.01,-0.01,-0.08,-0.86,-0.07,0.38,0.29,0.1,-0.01,-1.41,-0.54,-1.95,-0.04,-0.18,-1.23,-0.03,-0.51,-0.08,0.37,228,114,114
1628997,Caleb Martin,2021,-1.27,-0.34,-0.57,-0.39,-0.18,-0.03,0.59,0.12,0.26,0.27,-0.01,-0.71,-1.81,-0.15,-1.96,-0.23,-0.39,-1.42,-0.79,0.64,-0.6,-0.45,4473,2229,2244
203200,Justin Holiday,2021,-0.26,0.06,0.03,-0.04,0.06,-1.65,0.43,-0.17,0.47,0.65,-0.18,-0.81,-1.79,-0.19,-1.98,-0.19,-1.91,0.12,-0.71,0.52,-1.62,-0.34,27059,13531,13528
1630273,Freddie Gillespie,2021,-0.91,-0.1,-0.33,-0.01,-0.32,0.08,-0.68,-0.12,-0.0,0.17,-0.17,-0.16,-1.26,-0.73,-1.99,0.01,0.23,-1.49,-0.07,-0.66,-0.25,-0.16,1590,796,794
2200,Pau Gasol,2021,-0.87,0.28,0.17,-0.09,0.25,-0.51,-0.92,0.12,-0.56,-0.11,-0.44,0.3,-1.13,-0.86,-1.99,0.4,-0.03,-1.1,0.57,-1.43,-0.34,-0.26,1482,739,743
1629134,Kendrick Nunn,2021,-0.23,-0.3,-0.32,-0.58,0.28,-0.24,-0.97,-0.07,-0.32,0.16,-0.48,0.22,-0.8,-1.2,-2.0,-0.14,-0.49,-0.31,-0.29,-0.91,-0.56,-0.1,15797,7887,7910
1629833,Keljin Blevins,2021,-1.22,-0.14,-0.06,0.06,-0.11,-0.11,-0.41,-0.27,-0.07,-0.01,-0.06,0.08,-1.42,-0.58,-2.0,-0.21,0.01,-1.43,-0.18,-0.4,-0.17,0.01,346,172,174
201952,Jeff Teague,2021,1.02,0.41,-0.15,0.17,-0.33,0.3,-1.43,-0.15,0.09,-0.17,0.27,-1.37,0.78,-2.79,-2.01,-0.47,-0.23,1.01,-1.96,-0.83,0.15,-1.28,15628,7832,7796
1628382,Justin Jackson,2021,-0.99,-0.47,0.84,0.39,0.45,-0.56,-0.75,0.24,-0.58,-0.29,-0.28,0.27,-0.75,-1.26,-2.01,-0.24,-0.06,-0.69,0.16,-1.42,0.28,-0.31,13416,6695,6721
202690,Jimmer Fredette,2021,-0.75,-0.0,0.03,0.2,-0.18,-0.2,-0.92,-0.14,-0.01,-0.01,-0.0,0.01,-0.98,-1.03,-2.01,-0.17,-0.21,-0.77,-0.0,-1.03,-0.17,0.0,269,136,133
1627774,Jake Layman,2021,-1.21,-0.58,-1.46,-0.13,-1.34,0.11,0.42,0.13,0.4,0.38,0.02,-0.01,-2.73,0.72,-2.01,-0.26,-0.8,-1.93,0.19,0.53,-1.35,0.39,10327,5179,5148
201583,Ryan Anderson,2021,-1.12,-0.05,-0.74,-0.13,-0.61,-0.03,0.13,-0.14,-0.47,-0.44,-0.02,0.16,-2.03,0.01,-2.02,0.05,-0.62,-1.41,0.2,-0.19,-0.77,-0.31,1342,669,673
1629686,Deividas Sirvydis,2021,-0.98,-0.28,-0.19,0.15,-0.34,-0.11,-0.71,-0.11,-0.04,-0.0,-0.02,0.13,-1.35,-0.68,-2.03,-0.13,-0.32,-1.03,0.42,-1.1,-0.3,0.09,536,271,265
1630168,Onyeka Okongwu,2021,-1.92,-0.22,-0.31,-0.11,-0.19,0.2,-0.93,-0.41,0.5,0.62,-0.12,-0.1,-1.43,-0.61,-2.04,0.52,0.46,-1.89,-0.11,-0.5,-0.11,0.4,3055,1522,1533
1629738,Vincent Poirier,2021,-1.02,-0.15,-0.31,-0.15,-0.15,-0.07,-0.59,-0.35,-0.07,-0.12,0.05,-0.06,-1.23,-0.81,-2.04,0.08,-0.16,-1.07,0.1,-0.91,-0.38,-0.13,722,362,360
203710,C.J. Williams,2021,-0.77,-0.2,0.06,-0.01,0.06,-0.41,-0.61,-0.14,-0.07,-0.05,-0.02,-0.24,-1.14,-0.91,-2.05,-0.01,-0.64,-0.5,-0.34,-0.57,-0.35,-0.31,513,253,260
203263,James Nunnally,2021,-0.42,-0.14,0.22,-0.01,0.22,-0.18,-1.22,-0.07,-0.34,-0.21,-0.12,0.05,-0.51,-1.56,-2.07,-0.18,-0.19,-0.32,0.21,-1.77,0.04,-0.29,608,305,303
1628035,Alfonzo McKinnie,2021,-1.62,-0.46,-0.18,0.13,-0.31,0.87,-1.3,-0.54,-0.11,-0.22,0.11,0.3,-0.56,-1.52,-2.07,-0.03,0.78,-1.34,-0.1,-1.42,0.69,0.19,8455,4209,4246
1630235,Trent Forrest,2021,-0.66,-0.03,-0.06,0.15,-0.22,0.1,-1.18,-0.29,-0.25,-0.1,-0.15,-0.06,-0.68,-1.39,-2.07,0.04,-0.15,-0.53,-0.18,-1.21,0.04,-0.31,1232,611,621
101133,Ian Mahinmi,2021,-2.36,-0.38,-0.23,-0.14,-0.08,0.63,-1.16,-0.2,0.82,0.45,0.37,-0.11,-1.78,-0.29,-2.07,0.34,0.65,-2.43,-0.06,-0.23,0.4,0.71,5370,2685,2685
2617,Udonis Haslem,2021,-1.59,-0.16,-0.03,0.13,-0.15,-0.42,-0.09,-0.11,0.09,-0.17,0.26,-0.13,-1.96,-0.12,-2.08,0.09,-0.27,-1.69,-0.26,0.14,-0.45,-0.04,501,245,256
1629657,Kyle Guy,2021,-0.4,-0.12,0.0,0.01,-0.0,-0.1,-1.18,-0.04,-0.29,-0.02,-0.26,0.02,-0.49,-1.59,-2.08,-0.13,0.0,-0.49,0.28,-1.87,-0.1,-0.27,1019,519,500
1630241,Sam Merrill,2021,-1.27,-0.25,-0.24,0.04,-0.28,-0.01,-0.38,-0.02,0.31,0.1,0.21,-0.27,-1.65,-0.44,-2.09,-0.23,-0.04,-1.61,-0.27,-0.17,-0.25,0.04,1090,544,546
1630268,Nate Darling,2021,-0.72,-0.04,-0.37,-0.04,-0.33,-0.04,-0.69,-0.09,-0.15,-0.12,-0.01,-0.07,-1.16,-0.94,-2.1,-0.06,-0.13,-1.03,-0.22,-0.72,-0.41,-0.22,100,52,48
202326,DeMarcus Cousins,2021,-1.6,-0.39,-0.9,-0.45,-0.46,-0.25,0.05,0.22,0.37,0.22,0.13,0.08,-2.92,0.82,-2.1,0.15,-0.17,-2.75,0.45,0.37,-1.15,0.45,6808,3405,3403
203098,John Jenkins,2021,-0.44,-0.13,0.15,-0.24,0.39,-0.8,0.04,-0.14,-0.67,-0.49,-0.18,0.05,-1.29,-0.82,-2.11,-0.44,-0.87,-0.42,-0.14,-0.68,-0.65,-0.62,1323,665,658
1629637,Jaxson Hayes,2021,-1.61,0.25,-0.52,-0.62,0.1,-0.16,-0.39,-0.44,0.65,0.12,0.53,0.35,-2.38,0.28,-2.11,-0.43,0.42,-2.8,0.18,0.1,-0.68,1.0,8546,4280,4266
1626195,Willy Hernangomez,2021,-0.53,0.25,-0.24,-0.22,-0.03,1.06,-2.42,0.02,-0.71,-0.38,-0.33,0.47,0.42,-2.54,-2.12,0.25,1.35,-0.93,1.17,-3.71,0.82,-0.24,8240,4120,4120
1630192,Zeke Nnaji,2021,-0.81,-0.32,-0.17,0.13,-0.29,-0.6,-0.74,-0.27,-0.23,0.09,-0.32,0.08,-1.39,-0.75,-2.13,0.34,-0.51,-0.88,0.12,-0.87,-0.77,-0.15,1689,839,850
1628977,Hamidou Diallo,2021,-1.78,-0.62,-0.97,-0.57,-0.39,0.82,0.13,-0.44,-0.31,-0.43,0.12,-0.28,-1.79,-0.35,-2.14,0.25,1.01,-2.8,-0.82,0.47,-0.15,-0.59,10970,5477,5493
1628981,Bruno Fernando,2021,-2.24,-0.41,-1.76,-0.99,-0.76,1.17,0.05,-0.44,0.07,-0.18,0.26,0.1,-2.68,0.53,-2.15,0.46,1.0,-3.68,0.08,0.45,-0.59,0.17,3795,1902,1893
203101,Miles Plumlee,2021,-0.63,-0.16,-0.11,-0.28,0.17,-0.15,-1.24,-0.15,0.09,-0.15,0.23,-0.0,-0.96,-1.18,-2.15,-0.11,-0.15,-0.81,-0.02,-1.16,-0.26,0.09,739,374,365
1628972,Troy Brown Jr.,2021,-0.57,0.15,0.37,0.55,-0.18,-0.14,-1.03,-0.25,0.21,0.27,-0.07,-0.72,-0.46,-1.71,-2.17,-0.29,-0.04,-0.42,-0.69,-1.02,0.23,-0.51,12519,6262,6257
1629162,Jordan McLaughlin,2021,-1.8,-0.47,-0.15,0.03,-0.18,-0.14,-1.72,-0.34,0.88,0.21,0.69,0.21,-1.82,-0.34,-2.17,0.55,-0.88,-0.94,-0.61,0.27,-0.29,1.09,6410,3202,3208
1630201,Malachi Flynn,2021,-1.47,-0.28,-0.01,-0.01,0.0,-0.14,-0.87,-0.32,-0.12,0.09,-0.21,0.33,-1.72,-0.45,-2.17,0.11,-0.04,-1.68,0.55,-1.0,-0.15,0.21,3772,1885,1887
101139,CJ Miles,2021,-1.56,0.07,0.05,-0.06,0.11,-0.47,-0.24,-0.48,0.17,-0.04,0.22,-0.13,-1.84,-0.35,-2.19,-0.01,-0.19,-1.65,0.05,-0.4,-0.42,0.04,4184,2095,2089
203895,Jordan McRae,2021,-0.1,0.09,0.7,0.65,0.05,-0.67,-1.7,-0.61,-0.06,-0.26,0.2,-0.14,-0.33,-1.85,-2.19,-0.22,-0.55,0.22,0.02,-1.87,0.03,-0.2,4606,2303,2303
1629659,Talen Horton-Tucker,2021,-1.92,-0.52,-0.55,-0.37,-0.19,0.19,0.57,0.13,0.55,0.2,0.37,-0.3,-2.53,0.33,-2.2,-0.74,0.07,-2.6,-0.57,0.9,-0.36,0.25,5888,2936,2952
1627767,Cheick Diallo,2021,0.06,-0.15,-0.56,-0.36,-0.2,-0.19,-0.78,-0.03,-0.59,-0.36,-0.23,0.12,-0.84,-1.37,-2.21,-0.27,-0.85,0.01,0.32,-1.69,-0.75,-0.47,5680,2843,2837
1628403,Caleb Swanigan,2021,-0.45,-0.48,-1.35,-0.64,-0.71,-0.06,-0.67,-0.19,0.06,-0.05,0.11,-0.1,-1.62,-0.6,-2.21,0.36,-0.29,-1.33,0.03,-0.63,-1.41,-0.04,1926,957,969
1628402,Frank Jackson,2021,0.12,-0.02,-0.11,0.03,-0.15,-0.43,-0.75,-0.49,-0.42,-0.43,0.01,-0.35,-0.42,-1.8,-2.21,-0.27,-0.32,-0.1,-0.55,-1.25,-0.54,-0.77,11350,5672,5678
1628418,Thomas Bryant,2021,-0.52,-0.4,-0.09,-0.32,0.23,-0.23,-0.43,0.37,-0.96,0.04,-0.99,0.1,-0.93,-1.28,-2.22,-0.09,0.11,-1.04,0.2,-1.48,-0.32,-0.86,12032,6016,6016
1630185,Nico Mannion,2021,-0.31,-0.36,-0.29,-0.03,-0.27,-0.36,-0.9,-0.1,0.04,0.16,-0.12,-0.31,-0.99,-1.23,-2.22,-0.09,-0.33,-0.66,-0.63,-0.6,-0.65,-0.27,1506,750,756
1627761,DeAndre' Bembry,2021,-1.09,-0.01,-1.41,-0.81,-0.6,0.55,-0.57,-0.72,1.18,0.66,0.52,-0.5,-2.0,-0.22,-2.23,-0.39,-0.03,-1.97,-0.93,0.71,-0.86,0.68,15699,7836,7863
203458,Alex Len,2021,-1.66,-0.74,-1.23,-0.61,-0.64,0.3,0.82,0.27,-1.2,-0.6,-0.59,0.61,-2.56,0.33,-2.23,0.13,0.21,-2.77,0.41,-0.08,-0.93,-0.59,14865,7433,7432
1626156,D'Angelo Russell,2021,0.33,-0.35,-0.36,-0.84,0.48,-0.16,-0.96,0.26,0.18,0.26,-0.06,-1.3,-0.39,-1.87,-2.25,0.02,-0.61,0.22,-1.84,-0.03,-0.52,-1.12,21894,10968,10926
2772,Trevor Ariza,2021,-0.74,-0.04,-0.46,-0.28,-0.18,-1.48,-1.13,-0.3,1.07,0.66,0.4,0.07,-2.39,0.12,-2.28,0.39,-1.24,-1.15,0.46,-0.34,-1.94,1.14,18975,9494,9481
1630466,Gabriel Deck,2021,-0.8,-0.21,0.31,0.17,0.15,-0.1,-1.33,-0.0,0.15,0.18,-0.02,-0.16,-0.73,-1.57,-2.3,-0.37,-0.11,-0.62,-0.09,-1.48,0.21,-0.01,872,436,436
1627816,Alex Poythress,2021,-0.86,-0.22,-0.34,-0.04,-0.31,-0.13,-1.17,-0.18,0.13,-0.34,0.48,0.02,-1.26,-1.06,-2.32,0.03,-0.32,-0.94,-0.42,-0.64,-0.47,0.15,1198,595,603
1630221,Josh Hall,2021,-1.06,-0.41,-0.05,0.05,-0.09,-0.3,-0.77,-0.16,-0.45,-0.15,-0.31,0.3,-1.46,-0.87,-2.33,0.0,-0.26,-1.2,0.14,-1.01,-0.35,-0.15,1419,707,712
1629735,Chris Silva,2021,-1.09,-0.26,-1.56,-0.43,-1.12,1.0,-1.34,-0.35,0.13,0.01,0.12,-0.03,-0.98,-1.35,-2.33,0.56,1.04,-2.02,-0.07,-1.28,-0.56,0.1,1779,884,895
201580,JaVale McGee,2021,-2.02,-1.14,-1.41,-1.46,0.05,1.2,1.11,0.47,-0.44,-0.01,-0.43,-0.65,-2.35,0.0,-2.35,-0.14,-0.21,-2.14,-0.67,0.67,-0.21,-1.09,15208,7599,7609
1629638,Nickeil Alexander-Walker,2021,-0.36,-0.36,-0.03,-0.04,0.01,0.04,-1.35,-0.18,0.36,-0.31,0.66,-0.63,-0.36,-2.0,-2.36,-0.39,0.41,-0.77,-0.4,-1.6,0.01,-0.27,6530,3265,3265
2585,Zaza Pachulia,2021,-2.21,-0.03,-0.67,0.38,-1.04,0.06,0.11,-0.25,-0.1,0.05,-0.15,0.53,-2.71,0.34,-2.36,-0.08,-0.3,-2.41,0.39,-0.05,-0.61,0.43,3556,1770,1786
1630237,Anthony Lamb,2021,-1.2,-0.38,-0.14,-0.13,-0.01,0.03,-1.42,-0.04,-0.17,0.06,-0.22,0.42,-1.22,-1.14,-2.37,0.11,0.3,-1.52,0.73,-1.87,-0.11,0.25,1740,873,867
1630170,Devin Vassell,2021,-0.91,-0.47,0.25,0.05,0.2,-0.63,-1.09,-0.24,0.16,0.02,0.13,0.08,-1.37,-1.01,-2.38,-0.24,-0.77,-0.6,0.85,-1.86,-0.38,0.24,4317,2148,2169
202362,Lance Stephenson,2021,-0.66,-0.6,0.03,-0.33,0.36,-0.72,-0.62,-0.46,-0.38,-0.37,-0.01,-0.0,-1.27,-1.11,-2.38,-0.03,-0.94,-0.33,-0.28,-0.83,-0.69,-0.38,4763,2377,2386
1628393,Jawun Evans,2021,-0.96,-0.2,-0.2,-0.05,-0.15,-0.21,-0.76,-0.15,-0.02,-0.11,0.09,-0.13,-1.43,-0.96,-2.39,-0.11,-0.24,-1.19,0.09,-1.05,-0.41,-0.15,248,123,125
1629076,Tyler Cook,2021,-0.1,-0.27,-0.24,-0.03,-0.22,-0.19,-0.91,0.19,-0.59,-0.29,-0.29,-0.06,-0.66,-1.73,-2.39,-0.3,-0.27,-0.39,-0.41,-1.32,-0.43,-0.65,1987,997,990
2747,JR Smith,2021,-0.91,-0.29,-0.64,-0.2,-0.45,-0.51,-0.58,-0.27,0.38,0.17,0.21,0.04,-2.24,-0.17,-2.41,-0.19,-0.87,-1.37,-0.49,0.32,-1.15,0.42,1558,774,784
1630189,Tyler Bey,2021,-1.19,-0.2,-0.23,-0.14,-0.09,0.07,-1.02,-0.16,0.07,-0.1,0.18,-0.05,-1.44,-0.98,-2.42,-0.07,-0.14,-1.3,-0.03,-0.95,-0.16,0.02,298,151,147
1630210,Markus Howard,2021,-0.68,-0.03,-0.11,0.15,-0.27,-0.31,-1.05,-0.21,-0.22,-0.23,0.02,0.07,-1.15,-1.28,-2.43,-0.13,-0.62,-0.53,0.27,-1.55,-0.42,-0.15,1228,613,615
1628963,Marvin Bagley III,2021,-1.66,-0.52,-0.41,0.14,-0.55,1.29,-0.5,0.26,-0.91,-0.38,-0.53,-0.32,-0.77,-1.66,-2.43,0.08,1.36,-2.13,-0.2,-1.46,0.88,-1.23,12446,6226,6220
1629060,Rui Hachimura,2021,-0.65,0.18,-0.05,-0.04,-0.01,-0.91,-0.96,0.03,0.1,0.11,-0.01,-0.18,-1.8,-0.65,-2.45,0.2,-1.14,-0.66,0.25,-0.9,-0.96,-0.08,14400,7194,7206
1628365,Markelle Fultz,2021,-1.57,-0.13,0.73,0.79,-0.06,-0.34,-1.6,-0.27,0.31,0.59,-0.28,0.18,-1.11,-1.34,-2.45,-0.16,0.2,-1.31,0.2,-1.54,0.39,0.49,11294,5641,5653
1628410,Edmond Sumner,2021,-0.2,-0.24,-0.36,-0.27,-0.09,-0.13,-0.89,-0.14,0.27,-0.2,0.47,-1.0,-0.79,-1.66,-2.45,-0.14,-0.47,-0.32,-1.61,-0.05,-0.49,-0.73,6404,3200,3204
1629109,Gary Clark,2021,-1.22,0.49,-0.5,-0.14,-0.36,0.25,-0.32,0.03,-0.45,-0.42,-0.04,-0.53,-1.09,-1.37,-2.46,0.31,0.84,-1.93,-1.21,-0.16,-0.25,-0.98,8110,4054,4056
1630169,Tyrese Haliburton,2021,0.24,-0.12,-0.28,0.15,-0.43,-0.25,-1.31,-0.21,-0.09,0.24,-0.33,-0.83,-0.3,-2.16,-2.46,0.06,-0.84,0.54,-0.9,-1.26,-0.53,-0.92,7228,3617,3611
1629541,Dairis Bertans,2021,-0.66,-0.21,-0.14,0.03,-0.15,-0.33,-0.6,-0.13,-0.51,-0.29,-0.21,0.08,-1.39,-1.07,-2.46,-0.3,-0.64,-0.75,-0.27,-0.8,-0.47,-0.43,710,358,352
1629244,Cameron Reynolds,2021,-0.54,-0.17,-0.18,0.01,-0.19,-0.28,-1.03,-0.15,-0.16,-0.16,0.0,-0.03,-1.19,-1.27,-2.47,-0.25,-0.33,-0.86,-0.35,-0.92,-0.46,-0.19,1177,594,583
1717,Dirk Nowitzki,2021,-1.27,-0.38,0.05,-0.0,0.05,-0.56,0.01,0.2,-1.24,-0.37,-0.87,0.27,-1.68,-0.79,-2.48,0.26,-0.3,-1.38,-0.06,-0.73,-0.51,-0.97,3120,1570,1550
203658,Norvel Pelle,2021,-0.16,-0.14,-0.56,-0.57,0.03,-0.06,-1.15,-0.17,-0.18,0.1,-0.28,-0.47,-0.57,-1.92,-2.49,0.09,-0.05,-0.52,-0.72,-1.2,-0.62,-0.65,1288,643,645
101161,Amir Johnson,2021,-1.05,-0.42,-0.34,-0.2,-0.14,0.13,-1.28,-0.29,-0.36,0.06,-0.4,0.13,-1.16,-1.32,-2.49,0.28,0.15,-1.31,0.25,-1.57,-0.21,-0.23,2294,1137,1157
203918,Rodney Hood,2021,-1.92,0.05,0.47,0.43,0.04,-0.69,0.34,-0.57,0.13,-0.1,0.23,-0.67,-2.41,-0.1,-2.51,-0.17,-1.13,-1.28,-0.3,0.2,-0.22,-0.54,15115,7548,7567
1628391,D.J. Wilson,2021,-1.82,-0.65,-0.79,-0.08,-0.7,-0.41,-0.08,-0.12,-0.56,-0.17,-0.39,0.37,-2.6,0.08,-2.52,0.77,-0.51,-2.09,0.57,-0.49,-1.2,-0.19,6984,3475,3509
1626257,Salah Mejri,2021,-1.34,-0.25,-0.13,0.17,-0.29,0.02,-0.22,0.1,-0.53,-0.39,-0.13,-0.14,-1.49,-1.03,-2.52,-0.18,-0.42,-1.07,-0.1,-0.93,-0.11,-0.67,1610,803,807
1630216,Cassius Winston,2021,-0.92,-0.05,-0.15,-0.06,-0.09,-0.13,-0.62,-0.04,-0.5,-0.17,-0.34,-0.06,-1.32,-1.22,-2.53,-0.15,-0.18,-1.14,-0.32,-0.9,-0.28,-0.56,411,205,206
1628980,Jacob Evans,2021,-1.63,0.2,-0.24,-0.13,-0.11,-0.04,-0.3,-0.32,-0.02,-0.07,0.04,0.09,-2.11,-0.41,-2.53,-0.39,-0.13,-1.98,-0.05,-0.36,-0.28,0.07,2626,1309,1317
1626187,Michael Frazier,2021,-1.22,-0.21,-0.17,-0.11,-0.05,-0.36,-0.89,-0.26,0.36,0.1,0.26,-0.06,-1.99,-0.55,-2.54,-0.2,0.1,-2.09,0.02,-0.57,-0.53,0.3,689,341,348
1629714,Jarrell Brantley,2021,-1.56,-0.32,-0.25,-0.01,-0.23,-0.05,-0.58,-0.11,-0.33,-0.16,-0.17,0.02,-1.77,-0.79,-2.55,0.2,-0.35,-1.42,0.29,-1.08,-0.3,-0.31,1020,509,511
1628962,Udoka Azubuike,2021,-1.01,-0.04,-0.53,-0.18,-0.36,-0.03,-0.83,-0.27,-0.16,-0.16,0.01,-0.06,-1.52,-1.03,-2.55,0.07,-0.04,-1.48,-0.13,-0.9,-0.56,-0.22,239,116,123
201163,Wilson Chandler,2021,-0.34,-0.34,-0.9,-0.65,-0.25,0.36,-1.33,0.27,-0.48,0.21,-0.67,0.5,-1.05,-1.5,-2.55,-0.36,0.21,-1.26,0.26,-1.76,-0.54,0.02,7889,3938,3951
1629626,Bol Bol,2021,-0.04,-0.03,-0.45,-0.04,-0.41,-0.34,-1.86,-0.17,-0.25,0.04,-0.29,0.25,-0.76,-1.8,-2.56,0.13,-0.44,-0.32,0.53,-2.33,-0.79,0.0,1149,572,577
1629018,Gary Trent Jr.,2021,-0.78,0.01,1.3,0.66,0.62,-0.22,-1.73,0.06,0.07,-0.26,0.33,-1.1,0.45,-3.01,-2.56,-0.1,0.56,-0.11,-1.01,-2.0,1.08,-1.03,13863,6945,6918
202684,Tristan Thompson,2021,-2.16,-0.5,-0.64,0.38,-1.02,1.95,-1.2,0.73,-1.3,-0.67,-0.64,0.74,-1.13,-1.44,-2.56,0.05,0.96,-2.09,0.5,-1.94,1.31,-0.56,17248,8604,8644
1629126,Deonte Burton,2021,-2.87,-0.38,0.23,0.13,0.1,-0.71,0.86,-0.09,0.39,0.16,0.25,-0.18,-3.48,0.9,-2.58,-0.3,-1.39,-2.09,-0.11,1.01,-0.48,0.21,2502,1244,1258
101162,Marcin Gortat,2021,-1.36,-0.65,-0.85,-0.64,-0.22,0.17,-0.19,0.25,-0.37,-0.4,0.04,-0.4,-1.87,-0.72,-2.58,0.42,0.7,-2.57,-0.19,-0.53,-0.68,-0.77,3051,1525,1526
203524,Solomon Hill,2021,-0.19,-0.03,-0.06,0.33,-0.38,-0.51,-0.8,-0.0,-0.23,-0.38,0.15,-0.42,-0.5,-2.08,-2.58,-0.37,0.05,-0.55,-0.65,-1.43,-0.57,-0.65,14924,7444,7480
203584,Troy Daniels,2021,-1.28,-0.15,-0.22,0.18,-0.39,-0.03,-0.8,-0.14,0.43,-0.13,0.56,-0.52,-1.41,-1.18,-2.59,-0.17,0.11,-1.52,-0.18,-1.0,-0.25,-0.09,5411,2709,2702
1630205,Lamar Stevens,2021,-2.28,0.06,-0.04,-0.05,0.01,0.42,-0.76,-0.52,0.56,-0.05,0.63,-0.18,-1.88,-0.72,-2.59,-0.31,0.46,-2.34,-0.07,-0.65,0.38,0.38,1995,989,1006
1626170,Jerian Grant,2021,-1.29,-0.51,-0.1,-0.38,0.28,-0.45,-0.88,-0.45,0.1,-0.02,0.11,0.26,-2.02,-0.62,-2.64,-0.28,0.06,-2.08,0.36,-0.98,-0.55,0.36,4165,2071,2094
2548,Dwyane Wade,2021,-2.62,-0.46,-0.0,-0.45,0.45,0.33,0.16,-0.22,0.12,-0.2,0.33,-0.74,-1.81,-0.84,-2.65,0.1,0.43,-2.24,-0.73,-0.11,0.33,-0.62,7650,3830,3820
1629740,Nicolo Melli,2021,-2.49,-0.59,-0.04,0.2,-0.24,0.03,-0.89,-0.02,0.01,0.07,-0.05,0.16,-2.12,-0.57,-2.69,0.53,0.12,-2.24,-0.03,-0.54,-0.01,0.17,6554,3284,3270
1627786,Troy Williams,2021,-1.05,0.04,-0.56,-0.39,-0.15,-0.16,-1.03,-0.35,0.17,-0.23,0.4,0.13,-1.76,-0.95,-2.71,-0.21,-0.32,-1.44,0.02,-0.97,-0.72,0.3,1357,680,677
1628425,Sterling Brown,2021,-1.71,-0.2,-0.33,-0.13,-0.2,-0.75,0.1,-0.14,-0.25,-0.11,-0.13,-0.1,-2.57,-0.14,-2.71,0.33,-0.99,-1.58,0.57,-0.71,-1.08,-0.35,13315,6648,6667
1627735,Wade Baldwin IV,2021,-1.32,-0.18,-0.28,-0.09,-0.18,-0.08,-0.62,-0.02,-0.18,-0.12,-0.05,-0.19,-1.62,-1.1,-2.72,-0.05,-0.18,-1.44,-0.11,-0.99,-0.36,-0.37,380,189,191
1628976,Wendell Carter Jr.,2021,-3.69,-0.27,-0.86,-0.41,-0.47,0.36,0.83,0.06,0.45,0.44,0.01,0.15,-4.34,1.62,-2.72,0.04,0.75,-5.09,0.53,1.09,-0.5,0.6,15165,7582,7583
1628390,Terrance Ferguson,2021,-0.65,-0.64,-0.24,-0.01,-0.22,-0.23,-1.35,-0.11,-0.34,-0.18,-0.17,-0.15,-1.27,-1.47,-2.74,0.22,0.18,-1.45,0.16,-1.63,-0.47,-0.49,14136,7045,7091
1629633,Jarrett Culver,2021,-2.56,-0.47,0.42,0.37,0.05,0.2,-0.7,-0.15,0.29,0.12,0.17,-0.13,-2.07,-0.69,-2.76,-0.28,0.11,-2.18,0.01,-0.7,0.62,0.16,8471,4234,4237
1629713,Justin James,2021,-1.81,-0.36,0.0,-0.14,0.15,-0.53,-0.33,-0.1,0.37,0.04,0.33,0.06,-2.6,-0.16,-2.76,-0.52,-0.46,-2.14,0.48,-0.64,-0.53,0.43,2249,1120,1129
1630173,Precious Achiuwa,2021,-1.54,-0.75,-1.04,-0.53,-0.52,0.08,-0.35,0.05,0.29,-0.13,0.44,-0.33,-2.44,-0.32,-2.76,0.13,-0.59,-1.85,-0.48,0.16,-0.96,-0.04,3021,1497,1524
1630207,Nate Hinton,2021,-1.27,-0.11,-0.24,-0.09,-0.17,-0.06,-0.94,-0.19,0.02,-0.21,0.25,-0.23,-1.54,-1.24,-2.77,-0.05,-0.21,-1.33,-0.19,-1.05,-0.3,-0.21,381,192,189
202335,Patrick Patterson,2021,-1.77,-0.32,-0.04,-0.1,0.06,-0.25,-1.15,0.03,0.21,0.11,0.09,-0.16,-1.73,-1.05,-2.78,0.38,0.15,-1.88,0.05,-1.1,-0.29,0.05,9060,4524,4536
1630253,Sean McDermott,2021,-2.11,-0.07,-0.55,-0.2,-0.34,0.22,-0.9,-0.01,0.23,0.24,-0.01,-0.02,-2.19,-0.6,-2.79,0.34,0.61,-2.8,-0.02,-0.58,-0.33,0.21,646,321,325
1629002,Chimezie Metu,2021,-0.23,-0.16,-0.71,-0.19,-0.52,-0.04,-1.72,-0.02,-0.1,-0.13,0.04,-0.01,-0.95,-1.84,-2.8,0.01,-0.18,-0.77,0.09,-1.93,-0.75,-0.11,3045,1529,1516
202325,Wesley Johnson,2021,-1.51,-0.42,-0.29,-0.27,-0.03,-0.09,-0.49,-0.3,-0.23,-0.32,0.09,-0.11,-1.81,-0.99,-2.81,-0.09,-0.19,-1.62,-0.6,-0.39,-0.38,-0.34,2141,1064,1077
204025,Tim Frazier,2021,-0.8,-0.35,-0.75,-0.17,-0.59,-0.22,-1.24,0.23,-0.13,-0.2,0.05,0.12,-1.8,-1.02,-2.82,0.2,-0.37,-1.43,0.65,-1.67,-0.97,-0.01,6438,3208,3230
1630178,Tyrese Maxey,2021,-1.77,0.14,0.05,0.25,-0.2,-0.01,-0.8,-0.41,0.69,0.32,0.36,-0.49,-1.91,-0.93,-2.84,-0.51,-0.34,-1.57,-0.48,-0.45,0.04,0.2,4640,2316,2324
1629216,Gabe Vincent,2021,-1.61,-0.41,-0.5,-0.25,-0.24,-0.19,0.05,-0.13,0.45,-0.1,0.55,-0.69,-2.15,-0.69,-2.84,-0.35,-0.17,-1.98,-0.67,-0.02,-0.69,-0.24,2926,1452,1474
1628469,Antonio Blakeney,2021,-0.55,-0.34,0.74,0.42,0.32,-0.85,-0.33,0.18,-1.19,-0.62,-0.56,0.09,-0.98,-1.88,-2.86,-0.77,-0.8,-0.18,0.41,-2.29,-0.11,-1.1,3345,1679,1666
1628427,Vlatko Cancar,2021,-1.52,-0.1,-0.27,0.05,-0.32,-0.25,-1.06,-0.24,-0.76,-0.24,-0.52,0.32,-1.75,-1.13,-2.87,0.67,-0.15,-1.6,0.86,-1.99,-0.52,-0.44,1438,714,724
1629648,Jordan Bone,2021,-1.4,-0.18,-0.14,-0.03,-0.11,-0.09,-1.15,-0.09,-0.01,0.04,-0.04,0.11,-1.59,-1.27,-2.87,-0.19,0.66,-2.25,0.11,-1.38,-0.23,0.1,992,497,495
1629675,Naz Reid,2021,-2.14,-0.67,0.18,0.14,0.05,-0.3,-0.44,-0.1,-0.42,-0.28,-0.13,0.1,-1.9,-0.99,-2.89,0.13,0.25,-2.15,0.6,-1.59,-0.12,-0.32,7737,3868,3869
1629678,Admiral Schofield,2021,-1.34,-0.31,-0.04,0.08,-0.11,-0.19,-0.63,-0.16,0.1,-0.0,0.11,-0.53,-1.36,-1.53,-2.89,-0.26,-0.07,-1.29,-0.32,-1.21,-0.23,-0.43,1509,761,748
1629667,Jalen McDaniels,2021,-1.05,-0.42,-0.15,-0.04,-0.11,0.21,-1.69,-0.16,0.05,-0.05,0.1,-0.35,-0.93,-1.98,-2.9,0.08,0.52,-1.45,-0.33,-1.65,0.06,-0.3,4709,2346,2363
202322,John Wall,2021,-2.0,-0.65,0.27,-0.04,0.32,-1.21,1.02,0.15,0.16,-0.28,0.44,-0.89,-3.36,0.43,-2.93,-0.28,-1.67,-1.69,-0.97,1.4,-0.94,-0.73,9853,4927,4926
1629669,Jaylen Nowell,2021,-2.4,0.0,0.66,0.43,0.23,-0.42,-0.4,-0.38,0.32,-0.37,0.69,-0.14,-2.4,-0.58,-2.98,-0.6,-0.21,-2.19,-0.29,-0.29,0.24,0.18,3806,1908,1898
1629725,Jeremiah Martin,2021,-0.69,-0.2,0.04,0.05,-0.01,-0.08,-1.65,-0.18,-0.29,-0.16,-0.13,-0.15,-0.66,-2.32,-2.98,-0.16,0.1,-0.76,-0.38,-1.94,-0.04,-0.44,835,420,415
1713,Vince Carter,2021,-1.31,-0.26,-0.05,-0.08,0.03,-1.49,-0.32,-0.71,0.67,0.49,0.18,-0.35,-2.75,-0.23,-2.99,-0.14,-1.53,-1.22,-0.11,-0.12,-1.54,0.32,9351,4693,4658
1628370,Malik Monk,2021,-1.42,-0.05,0.69,0.05,0.64,-0.58,-1.11,-0.09,0.15,-0.2,0.34,-0.58,-1.2,-1.81,-3.01,-0.16,-0.43,-0.77,-0.9,-0.91,0.11,-0.43,13212,6633,6579
202720,Jon Leuer,2021,-1.67,-0.25,-0.28,-0.22,-0.06,-0.39,-0.9,-0.3,0.07,0.09,-0.02,0.31,-2.63,-0.38,-3.01,-0.15,-0.34,-2.29,0.66,-1.04,-0.67,0.38,1611,801,810
202328,Greg Monroe,2021,-2.36,-0.37,-0.48,0.0,-0.48,0.33,-1.07,-0.45,-0.09,-0.18,0.1,0.13,-2.1,-0.94,-3.03,0.51,0.14,-2.24,0.5,-1.44,-0.15,0.04,2300,1146,1154
1629662,Mfiondu Kabengele,2021,-1.39,-0.4,-0.78,-0.25,-0.52,-0.19,-0.03,-0.32,-0.36,-0.17,-0.18,-0.13,-2.21,-0.83,-3.04,-0.16,0.23,-2.44,-0.09,-0.74,-0.97,-0.49,1401,696,705
1628422,Damyean Dotson,2021,-2.14,-0.44,-0.22,-0.01,-0.22,-0.16,0.5,-0.03,-0.31,0.12,-0.43,0.01,-2.63,-0.43,-3.06,-0.74,-0.08,-2.55,-0.5,0.07,-0.38,-0.3,15073,7546,7527
201949,James Johnson,2021,-0.88,-0.57,-0.29,0.03,-0.32,-0.64,-0.27,-0.21,-0.55,-0.18,-0.37,-0.14,-1.99,-1.09,-3.08,-0.31,-0.71,-1.28,0.08,-1.17,-0.93,-0.69,11597,5801,5796
1627733,Dragan Bender,2021,-0.03,-0.2,-1.2,-0.85,-0.34,-0.58,-0.18,0.12,-0.58,0.13,-0.71,-0.21,-1.96,-1.12,-3.08,-0.3,-0.13,-1.83,-0.48,-0.64,-1.78,-0.79,4634,2320,2314
202718,Chandler Parsons,2021,-1.68,-0.12,-0.2,-0.19,-0.01,-0.3,-0.09,-0.06,-0.11,0.27,-0.37,-0.05,-2.54,-0.54,-3.08,-0.65,-0.63,-1.91,-0.38,-0.16,-0.5,-0.16,2122,1069,1053
1629683,Quinndary Weatherspoon,2021,-1.03,-0.01,-0.57,-0.23,-0.34,0.12,-1.71,-0.17,0.07,0.24,-0.17,0.03,-1.52,-1.57,-3.09,0.0,0.07,-1.59,-0.01,-1.56,-0.45,0.1,853,425,428
1628383,Justin Patton,2021,-1.87,-0.39,0.1,-0.03,0.13,0.02,-1.05,-0.24,-0.16,-0.04,-0.11,-0.09,-1.72,-1.36,-3.09,-0.04,-0.19,-1.53,-0.18,-1.18,0.12,-0.25,1216,608,608
1627854,Bryn Forbes,2021,0.02,-0.48,-0.11,0.19,-0.31,-0.74,-1.77,0.18,-0.32,-0.11,-0.21,-0.22,-0.74,-2.36,-3.1,0.04,-0.38,-0.36,-0.24,-2.12,-0.85,-0.54,22917,11466,11451
1628412,Frank Mason,2021,-1.27,-0.52,-0.22,-0.15,-0.06,-0.64,-1.26,-0.12,0.02,0.07,-0.05,0.27,-2.0,-1.12,-3.12,-0.02,-0.64,-1.36,0.33,-1.45,-0.86,0.29,2704,1347,1357
1626188,Quinn Cook,2021,-1.34,-0.44,0.55,0.17,0.38,-0.79,-0.61,0.02,-0.38,-0.02,-0.36,-0.7,-1.39,-1.74,-3.13,0.14,-0.58,-0.81,-0.85,-0.89,-0.24,-1.08,7755,3879,3876
200765,Rajon Rondo,2021,-0.4,-0.61,-0.23,-0.38,0.15,-0.23,-1.09,0.15,-0.09,0.07,-0.16,-1.15,-0.78,-2.35,-3.14,0.05,-0.44,-0.34,-0.98,-1.37,-0.46,-1.24,15221,7609,7612
1630165,Killian Hayes,2021,-1.5,-0.42,-0.85,-0.36,-0.5,-0.1,-0.81,-0.23,-0.02,-0.37,0.34,0.23,-2.74,-0.42,-3.16,-0.11,-0.22,-2.52,0.41,-0.83,-0.95,0.21,2728,1363,1365
1629717,Armoni Brooks,2021,-1.51,-0.37,-0.03,-0.23,0.2,-0.3,-0.82,-0.21,-0.21,0.17,-0.37,-0.19,-1.82,-1.35,-3.18,-0.12,0.06,-1.88,-0.46,-0.89,-0.33,-0.4,2170,1090,1080
1627885,Shaquille Harrison,2021,-2.51,-0.3,-0.01,0.24,-0.24,-0.62,-0.69,-0.4,1.04,0.02,1.02,-0.41,-3.17,-0.08,-3.25,-0.05,-0.9,-2.27,-0.91,0.83,-0.63,0.63,9156,4559,4597
1629644,KZ Okpala,2021,-1.7,-0.2,-0.27,0.24,-0.51,-0.18,-0.67,0.05,-0.07,-0.22,0.15,-0.07,-2.22,-1.03,-3.25,-0.29,-0.11,-2.11,0.23,-1.26,-0.45,-0.14,1868,935,933
202688,Brandon Knight,2021,-1.15,-0.67,0.41,0.2,0.2,-0.7,-1.85,0.07,-0.64,-0.44,-0.2,0.55,-1.61,-1.64,-3.26,0.12,-0.78,-0.83,0.35,-1.99,-0.29,-0.09,4567,2283,2284
202498,Lance Thomas,2021,-2.25,-0.29,0.61,0.5,0.11,-0.63,-1.02,-0.08,-0.82,-0.33,-0.48,0.62,-2.4,-0.88,-3.28,0.21,-0.42,-1.98,0.99,-1.87,-0.02,-0.2,3609,1804,1805
1627775,Patrick McCaw,2021,-1.34,-0.19,-0.83,0.04,-0.87,-0.36,-1.14,-0.27,0.22,-0.02,0.25,0.16,-2.28,-1.01,-3.29,-0.0,-0.57,-1.71,-0.26,-0.75,-1.19,0.38,5673,2824,2849
1627748,Thon Maker,2021,-2.4,-0.26,-0.34,-0.43,0.1,-0.36,-0.14,-0.15,0.6,0.38,0.23,-0.77,-2.7,-0.6,-3.3,0.11,-0.94,-1.76,0.24,-0.84,-0.7,-0.17,7322,3638,3684
1628395,Jordan Bell,2021,-1.09,-0.24,-0.19,0.14,-0.32,0.08,-0.68,0.05,-0.89,-0.06,-0.83,-0.24,-1.25,-2.06,-3.3,-0.29,-0.1,-1.15,-0.53,-1.53,-0.11,-1.13,4898,2445,2453
201967,Dante Cunningham,2021,-2.37,-0.22,-0.1,-0.2,0.1,-0.05,-0.78,0.33,-0.33,-0.11,-0.21,0.37,-2.49,-0.81,-3.3,-0.04,0.2,-2.69,0.24,-1.05,-0.15,0.04,3787,1879,1908
1628372,Dennis Smith Jr.,2021,-1.78,-0.66,-1.09,-0.5,-0.6,-0.08,0.05,-0.46,0.09,-0.01,0.11,-0.11,-3.17,-0.17,-3.34,-0.42,-0.29,-2.88,-0.18,0.01,-1.17,-0.02,9904,4945,4959
1629639,Tyler Herro,2021,-1.1,0.18,-0.41,-0.19,-0.23,-0.2,-0.84,-0.24,-0.53,-0.47,-0.05,-0.88,-1.12,-2.24,-3.36,0.6,-0.02,-1.1,-1.28,-0.96,-0.61,-1.41,15732,7871,7861
1628367,Josh Jackson,2021,-1.92,-0.06,-1.37,-0.64,-0.74,0.15,-0.03,-0.31,0.99,0.54,0.45,-0.87,-3.09,-0.28,-3.38,-0.33,-0.36,-2.73,-0.2,-0.08,-1.22,0.12,16172,8080,8092
2734,Devin Harris,2021,-1.92,-0.09,0.17,0.15,0.03,0.0,-1.36,-0.16,-0.21,-0.59,0.38,0.03,-1.55,-1.85,-3.39,-0.1,-0.33,-1.22,-0.37,-1.48,0.17,-0.18,4221,2104,2117
1629676,Isaiah Roby,2021,-1.42,-0.28,-1.63,-0.62,-1.01,0.52,-0.66,0.16,0.15,0.13,0.02,-0.31,-2.41,-0.98,-3.39,-0.04,0.28,-2.69,-0.77,-0.21,-1.11,-0.16,5970,2976,2994
2546,Carmelo Anthony,2021,-0.66,0.26,0.84,0.64,0.19,-0.72,-1.3,-0.06,-0.71,-0.27,-0.43,-0.46,-0.7,-2.69,-3.39,-0.38,-1.08,0.38,-0.0,-2.69,0.12,-1.17,16862,8444,8418
1629019,Allonzo Trier,2021,-0.83,0.47,-1.13,-0.2,-0.93,0.24,-0.63,-0.6,0.02,-0.09,0.11,-0.4,-1.79,-1.62,-3.41,-0.68,-0.25,-1.54,-0.89,-0.73,-0.89,-0.38,7110,3572,3538
1629731,Dean Wade,2021,-1.05,0.22,-0.23,-0.53,0.31,-0.69,-1.51,-0.18,0.67,0.34,0.33,0.03,-2.28,-1.14,-3.42,-0.64,-0.65,-1.63,0.57,-1.71,-0.92,0.7,5141,2581,2560
1629010,Jerome Robinson,2021,-1.21,-0.09,-0.22,-0.04,-0.18,-0.14,-1.41,-0.58,0.05,-0.24,0.29,0.05,-1.61,-1.82,-3.42,-0.54,-0.84,-0.77,-0.06,-1.76,-0.36,0.1,6937,3469,3468
1626162,Kelly Oubre Jr.,2021,-2.01,0.35,-0.1,0.22,-0.31,-0.7,-0.69,-0.59,1.35,0.1,1.26,-1.09,-2.9,-0.52,-3.42,-0.18,-0.69,-2.21,-0.4,-0.12,-0.8,0.26,23305,11653,11652
1629629,Cam Reddish,2021,-0.76,0.63,-0.15,0.42,-0.59,-0.05,-1.6,-0.42,-0.17,-0.27,0.1,-0.38,-1.11,-2.32,-3.43,-0.32,-0.09,-1.02,-0.76,-1.56,-0.2,-0.55,9714,4853,4861
1630200,Tre Jones,2021,-1.32,-0.05,-0.17,0.01,-0.18,-0.04,-1.25,0.02,-0.26,0.01,-0.27,-0.07,-1.62,-1.82,-3.44,-0.33,-0.05,-1.57,-0.04,-1.78,-0.21,-0.33,1074,541,533
1630222,Mason Jones,2021,-1.68,-0.1,-0.71,-0.69,-0.03,0.12,-1.23,-0.08,0.11,0.21,-0.1,0.12,-2.34,-1.1,-3.44,-0.17,0.13,-2.47,0.03,-1.13,-0.59,0.23,1420,716,704
204020,Tyler Johnson,2021,-1.49,-0.29,0.17,-0.29,0.46,-0.54,-0.89,-0.53,0.02,-0.12,0.15,-0.29,-1.79,-1.66,-3.45,-0.43,-0.71,-1.08,-0.61,-1.05,-0.37,-0.27,12771,6389,6382
1629598,Chris Clemons,2021,-1.69,-0.5,-0.09,-0.0,-0.08,-0.51,-0.17,-0.07,-0.2,-0.05,-0.15,-0.32,-2.47,-1.0,-3.48,-0.5,0.14,-2.61,-0.67,-0.33,-0.6,-0.52,1274,638,636
1630162,Anthony Edwards,2021,-0.63,0.02,0.38,0.32,0.06,-0.25,-2.15,-0.33,-0.12,0.29,-0.42,-0.56,-0.74,-2.78,-3.53,-0.2,0.2,-0.94,-0.79,-1.99,0.13,-0.68,9667,4838,4829
203477,Isaiah Canaan,2021,-0.55,-0.17,-0.36,-0.09,-0.27,-0.68,-1.11,0.03,-0.32,-0.47,0.15,-0.0,-1.82,-1.71,-3.53,-0.51,-0.5,-1.32,-0.08,-1.63,-1.04,-0.32,2529,1267,1262
1628470,Torrey Craig,2021,-1.94,-0.75,0.23,0.32,-0.08,1.06,-1.24,-0.24,-1.13,-0.31,-0.82,-0.28,-0.56,-2.98,-3.54,-0.24,1.26,-1.82,-0.46,-2.52,1.29,-1.41,17012,8443,8569
202693,Markieff Morris,2021,-1.27,-0.34,-0.75,-0.61,-0.15,-0.41,-0.71,-0.51,0.06,0.17,-0.12,-0.47,-2.55,-1.0,-3.55,0.0,-0.75,-1.8,0.21,-1.21,-1.16,-0.41,16775,8390,8385
203459,Allen Crabbe,2021,-2.16,-0.43,-0.32,-0.09,-0.23,-0.69,0.01,-0.56,0.09,-0.21,0.31,-0.29,-3.22,-0.34,-3.56,-0.2,-0.29,-2.93,-0.7,0.36,-1.01,-0.2,7371,3708,3663
1626144,Emmanuel Mudiay,2021,-0.63,0.03,-1.08,-0.04,-1.04,0.14,-0.97,-0.26,-0.37,-0.09,-0.28,-0.35,-1.97,-1.65,-3.63,-0.37,-0.46,-1.51,-0.04,-1.61,-0.94,-0.72,10104,5062,5042
1629234,Drew Eubanks,2021,-2.4,0.16,-0.88,-0.31,-0.57,0.08,-0.34,0.24,-0.53,-0.28,-0.25,0.24,-3.06,-0.56,-3.63,0.2,-0.26,-2.8,0.34,-0.9,-0.8,-0.29,4704,2344,2360
1630172,Patrick Williams,2021,-0.73,-0.66,-1.27,-0.48,-0.79,0.35,0.03,-0.05,-2.13,-1.14,-0.99,0.7,-2.2,-1.43,-3.63,-0.58,-0.3,-1.9,-0.24,-1.19,-0.92,-1.43,8089,4033,4056
1626245,Cristiano Felicio,2021,-0.15,-0.23,-0.83,-0.53,-0.29,0.64,-2.75,0.03,-0.44,-0.37,-0.07,0.04,-0.34,-3.3,-3.64,-0.15,0.78,-1.12,-0.19,-3.11,-0.19,-0.4,4890,2454,2436
1629035,Carsen Edwards,2021,-2.57,-0.12,-0.39,-0.1,-0.29,-0.34,-0.58,-0.07,0.04,-0.32,0.36,0.14,-3.12,-0.52,-3.64,0.06,-0.66,-2.46,0.12,-0.64,-0.73,0.18,2622,1313,1309
1627782,Wayne Selden,2021,-1.29,-0.06,0.37,0.51,-0.15,-0.41,-1.53,-0.13,-0.25,-0.21,-0.04,-0.4,-1.23,-2.41,-3.64,-0.13,0.07,-1.3,-0.14,-2.27,-0.04,-0.65,5721,2856,2865
202738,Isaiah Thomas,2021,-0.82,-0.22,-0.53,-0.36,-0.18,0.19,-1.7,-0.34,-0.34,-0.43,0.09,-0.29,-1.54,-2.12,-3.66,-0.17,0.31,-1.85,-0.53,-1.59,-0.34,-0.63,4950,2482,2468
1629660,Ty Jerome,2021,-1.86,-0.51,-1.14,-0.19,-0.94,0.33,-0.87,-0.33,-0.02,-0.06,0.04,0.05,-2.49,-1.18,-3.67,-0.16,0.81,-3.3,0.03,-1.21,-0.81,0.03,4545,2270,2275
1628991,Jaren Jackson Jr.,2021,-1.22,-0.31,-0.69,0.05,-0.73,-0.74,-0.65,-0.27,0.07,-0.38,0.45,-0.61,-2.91,-0.78,-3.69,0.15,-0.88,-2.03,-0.55,-0.23,-1.43,-0.54,14641,7322,7319
1628385,Harry Giles III,2021,-1.05,-0.69,-0.06,0.06,-0.13,-0.69,-1.48,-0.97,-0.0,0.13,-0.13,-0.16,-2.11,-1.58,-3.69,-0.25,-0.54,-1.57,-0.47,-1.11,-0.75,-0.16,7456,3706,3750
1626209,Mario Hezonja,2021,-1.94,0.13,-0.45,0.0,-0.46,-0.37,-0.54,0.01,0.39,0.27,0.12,-0.73,-2.8,-0.93,-3.73,-0.09,0.3,-3.1,-0.81,-0.12,-0.82,-0.34,8821,4393,4428
1628407,Dwayne Bacon,2021,-3.24,-0.16,1.08,0.86,0.22,-0.44,-0.23,0.1,-0.67,-0.45,-0.22,0.13,-2.77,-0.99,-3.76,-0.39,-0.29,-2.48,0.61,-1.6,0.64,-0.54,13212,6588,6624
203613,Jonathon Simmons,2021,-1.18,-0.51,-1.08,-0.38,-0.7,-0.35,-1.24,-0.35,-0.12,-0.45,0.33,0.13,-2.63,-1.17,-3.8,0.04,-0.25,-2.38,0.12,-1.29,-1.43,0.01,4569,2274,2295
202687,Bismack Biyombo,2021,-3.11,-0.96,-0.93,-0.58,-0.34,0.7,0.1,0.26,-0.76,0.09,-0.85,0.32,-3.53,-0.29,-3.81,-0.13,0.42,-3.95,0.3,-0.59,-0.23,-0.44,12386,6151,6235
1627789,Timothe Luwawu-Cabarrot,2021,-2.39,-0.22,-0.19,0.1,-0.29,0.32,-1.51,-0.37,-0.25,-0.2,-0.05,0.24,-1.94,-1.93,-3.87,-0.09,0.72,-2.66,-0.71,-1.22,0.13,-0.01,11316,5650,5666
1627780,Gary Payton II,2021,-1.54,-0.38,-0.6,0.01,-0.6,0.33,-1.42,-0.2,0.36,0.44,-0.09,-0.48,-1.85,-2.04,-3.89,-0.54,0.18,-2.03,-0.52,-1.52,-0.27,-0.12,2028,1012,1016
1629647,Darius Bazley,2021,-3.31,-0.46,-0.71,-0.24,-0.47,-0.62,1.03,0.27,-0.56,-0.56,0.0,0.14,-4.59,0.68,-3.9,0.13,-0.93,-3.66,0.33,0.35,-1.33,-0.42,12475,6225,6250
1630175,Cole Anthony,2021,-1.58,0.09,-0.09,-0.06,-0.04,0.51,-1.65,-0.16,-0.64,-0.81,0.17,-0.4,-1.2,-2.71,-3.91,-0.06,0.05,-1.25,-0.25,-2.46,0.42,-1.04,5156,2576,2580
101181,Jose Calderon,2021,-2.8,-0.17,-0.5,0.19,-0.69,-0.24,-1.06,-0.52,0.27,0.06,0.21,0.23,-3.28,-0.67,-3.95,0.15,-0.29,-2.99,0.33,-1.0,-0.74,0.5,2503,1252,1251
202391,Jeremy Lin,2021,-1.48,0.13,-1.16,-0.61,-0.53,-0.35,-1.11,-0.61,0.05,-0.13,0.18,0.4,-3.4,-0.55,-3.95,-0.3,-1.28,-2.12,-0.21,-0.34,-1.51,0.45,6021,3011,3010
1626179,Terry Rozier,2021,-2.7,-0.51,-0.06,0.38,-0.45,0.06,-0.49,0.22,-0.09,0.0,-0.09,-0.68,-2.89,-1.21,-4.1,-0.14,0.11,-3.0,-0.28,-0.93,0.0,-0.77,25675,12852,12823
1628960,Grayson Allen,2021,-1.16,0.17,0.52,0.13,0.41,-0.6,-2.7,-0.58,-0.17,-0.37,0.2,-0.01,-1.19,-2.96,-4.15,-0.03,0.3,-1.49,-0.61,-2.35,-0.08,-0.18,10532,5255,5277
1627737,Marquese Chriss,2021,-1.92,-0.2,-0.47,-0.28,-0.19,0.57,-2.58,-0.07,0.32,0.22,0.1,-0.31,-1.71,-2.45,-4.16,0.23,0.33,-2.04,-0.73,-1.72,0.1,0.01,6929,3459,3470
1629164,Brandon Goodwin,2021,-3.19,-0.13,0.17,0.6,-0.43,-0.13,-0.52,-0.15,-0.6,-0.12,-0.48,0.52,-3.22,-0.98,-4.19,-0.44,0.01,-3.23,0.19,-1.17,0.04,-0.08,4340,2169,2171
1629014,Anfernee Simons,2021,-1.38,-0.3,0.34,0.11,0.23,-0.1,-1.19,-0.6,-1.43,-0.44,-0.98,-0.73,-0.85,-3.35,-4.2,0.29,0.57,-1.42,-1.02,-2.33,0.24,-2.16,11697,5853,5844
1626184,Chasson Randle,2021,-2.29,-0.11,0.36,0.19,0.17,-0.69,-1.27,0.0,-0.45,-0.17,-0.28,0.56,-2.67,-1.54,-4.21,-0.43,-0.76,-1.91,0.13,-1.67,-0.33,0.11,6469,3222,3247
1626169,Stanley Johnson,2021,-3.75,-0.43,-1.21,-0.24,-0.97,-0.62,0.16,-0.08,0.37,0.43,-0.06,0.52,-5.15,0.89,-4.26,0.27,-0.96,-4.19,0.12,0.77,-1.83,0.89,9726,4834,4892
1629022,Lonnie Walker IV,2021,-1.09,-0.18,0.53,0.61,-0.08,-0.76,-1.63,-0.03,-0.43,0.09,-0.53,-0.68,-1.46,-2.86,-4.31,-0.25,-0.73,-0.73,-0.94,-1.92,-0.23,-1.11,10677,5341,5336
1630181,R.J. Hampton,2021,-1.11,-0.0,0.41,0.18,0.23,-0.36,-1.19,-0.2,-0.58,0.06,-0.64,-0.68,-1.48,-2.85,-4.33,-0.82,-0.3,-1.18,-0.55,-2.3,0.05,-1.26,3636,1810,1826
202714,Shelvin Mack,2021,-1.9,-0.26,-0.42,-0.13,-0.29,-0.67,-0.34,-0.33,0.01,-0.38,0.39,-0.65,-2.95,-1.4,-4.36,-0.39,-0.46,-2.49,-0.37,-1.03,-1.09,-0.64,4768,2393,2375
1629012,Collin Sexton,2021,-0.91,0.36,0.09,0.33,-0.24,0.78,-3.56,-0.02,-0.39,0.16,-0.55,-0.25,-0.48,-3.92,-4.4,-0.16,-0.17,-0.31,-0.28,-3.64,0.87,-0.64,27599,13813,13786
1628990,Chandler Hutchison,2021,-2.18,-0.3,-0.86,-0.2,-0.66,-0.18,-1.19,-0.11,0.27,-0.09,0.36,0.16,-3.26,-1.15,-4.41,-0.43,-0.5,-2.76,0.33,-1.48,-1.04,0.43,7310,3657,3653
1626143,Jahlil Okafor,2021,-1.7,-0.54,-0.61,0.11,-0.73,-0.2,-0.96,0.2,-1.12,-0.6,-0.52,0.12,-2.85,-1.64,-4.49,-0.02,-0.69,-2.16,-0.55,-1.09,-0.81,-1.0,7164,3565,3599
1626224,Cedi Osman,2021,-0.73,-0.35,-0.79,-0.29,-0.5,-0.01,-2.09,-0.06,-0.05,-0.02,-0.02,-0.67,-1.79,-2.76,-4.55,-0.21,-0.05,-1.74,-0.85,-1.91,-0.8,-0.72,23689,11849,11840
1629016,Omari Spellman,2021,-2.41,0.28,-0.64,-0.31,-0.33,0.47,-1.45,0.28,0.09,-0.36,0.44,-0.55,-2.33,-2.24,-4.57,-0.08,0.11,-2.44,-0.48,-1.76,-0.17,-0.46,7069,3546,3523
1628966,Keita Bates-Diop,2021,-2.14,-0.11,0.19,0.38,-0.19,-0.58,-0.26,0.13,-0.59,-0.28,-0.31,-0.74,-2.54,-2.03,-4.57,-0.45,-0.55,-1.99,-0.67,-1.36,-0.39,-1.33,6127,3067,3060
201573,Jerryd Bayless,2021,-1.65,-0.32,0.01,0.31,-0.29,0.1,-2.45,-0.25,-0.17,0.01,-0.18,-0.4,-1.41,-3.17,-4.58,-0.02,0.53,-1.94,-0.51,-2.66,0.11,-0.57,2517,1260,1257
101112,Channing Frye,2021,-1.82,-0.09,0.69,0.25,0.45,-0.55,-2.4,-0.1,-0.33,-0.24,-0.07,-0.13,-1.85,-2.81,-4.65,-0.11,-0.21,-1.64,-0.27,-2.54,0.14,-0.46,1324,665,659
1630164,James Wiseman,2021,-2.23,-0.61,-1.25,-0.52,-0.73,-0.44,-0.3,-0.26,-0.2,-0.04,-0.16,-0.23,-4.03,-0.66,-4.69,-0.04,-0.88,-3.15,-0.22,-0.44,-1.69,-0.43,3590,1793,1797
1630197,Aleksej Pokusevski,2021,-1.5,-0.55,-1.34,-0.45,-0.89,-0.01,-0.13,0.21,-1.48,-0.58,-0.91,0.07,-3.13,-1.56,-4.7,-0.31,-0.78,-2.35,0.24,-1.8,-1.35,-1.41,4608,2306,2302
1629059,Elie Okobo,2021,-2.28,-0.39,-0.39,-0.05,-0.34,0.04,-1.44,-0.27,0.53,0.32,0.22,-0.74,-2.87,-1.85,-4.73,-0.45,-0.08,-2.79,-1.42,-0.43,-0.35,-0.21,6797,3404,3393
1630231,Kenyon Martin Jr.,2021,-1.16,-0.34,-0.53,-0.47,-0.05,0.08,-2.36,-0.48,-0.49,0.02,-0.53,0.23,-1.77,-3.02,-4.79,-0.56,0.34,-2.11,-0.57,-2.45,-0.45,-0.26,4427,2209,2218
1628964,Mo Bamba,2021,-4.0,-0.67,0.11,0.08,0.04,0.2,0.08,0.18,-0.33,-0.06,-0.27,-0.71,-3.39,-1.46,-4.85,-0.2,1.33,-4.72,-0.69,-0.77,0.31,-1.04,9375,4670,4705
203922,Glenn Robinson III,2021,-2.0,-0.32,-0.43,-0.43,-0.01,0.7,-2.28,-0.01,0.01,0.6,-0.59,-0.51,-1.91,-2.95,-4.86,-0.35,0.71,-2.62,-0.39,-2.56,0.27,-0.5,11425,5708,5717
1627745,Damian Jones,2021,-0.76,-0.68,-0.62,-0.32,-0.31,-0.4,-2.79,0.2,0.15,0.67,-0.52,-0.67,-2.03,-2.82,-4.86,0.23,-0.34,-1.69,-0.15,-2.67,-1.02,-0.52,7525,3764,3761
1629650,Moses Brown,2021,-2.27,-0.59,-1.11,-0.14,-0.95,0.9,-1.51,0.04,-1.3,-0.65,-0.65,0.15,-2.35,-2.53,-4.89,0.25,1.39,-3.74,0.2,-2.73,-0.21,-1.15,4047,2027,2020
1629021,Moritz Wagner,2021,-1.29,0.17,-1.53,-0.48,-1.04,-0.73,-1.42,-0.0,0.39,-0.53,0.92,-0.13,-3.86,-1.11,-4.97,-0.26,-1.33,-2.53,-0.46,-0.65,-2.26,0.26,8558,4281,4277
1629635,Sekou Doumbouya,2021,-1.01,-0.56,-0.57,-0.24,-0.33,-0.09,-1.99,0.04,-0.02,0.17,-0.2,-1.0,-2.08,-3.07,-5.15,-0.47,0.18,-2.26,-0.82,-2.25,-0.66,-1.02,6406,3191,3215
1627846,Abdel Nader,2021,-3.0,-0.03,-0.18,-0.11,-0.08,-1.39,-0.21,-0.04,-0.28,-0.16,-0.12,-0.17,-4.45,-0.71,-5.16,0.07,-1.39,-3.06,0.2,-0.91,-1.57,-0.45,7952,3973,3979
1629672,Eric Paschall,2021,-1.32,0.35,-0.25,-0.27,0.01,-0.29,-2.59,-0.19,0.39,-0.11,0.5,-0.72,-2.16,-3.11,-5.27,-0.49,-0.65,-1.51,-0.22,-2.89,-0.54,-0.33,9680,4830,4850
1629645,Kevin Porter Jr.,2021,-1.93,-0.64,-0.51,-0.57,0.06,0.25,-2.97,0.05,0.33,0.26,0.07,-0.59,-2.23,-3.29,-5.53,-0.11,0.34,-2.57,-0.65,-2.64,-0.26,-0.26,8167,4079,4088
203917,Nik Stauskas,2021,-2.82,-0.34,-0.51,-0.08,-0.43,-0.34,-1.53,0.15,-0.71,-0.05,-0.66,-0.02,-3.21,-2.31,-5.53,0.4,-0.13,-3.08,-0.22,-2.09,-0.85,-0.73,4093,2043,2050
1630177,Theo Maledon,2021,-3.24,-0.37,-1.36,-0.5,-0.85,-0.36,-1.18,0.14,-0.38,-0.01,-0.37,-0.05,-5.14,-1.55,-6.69,-0.12,-0.6,-4.54,0.07,-1.62,-1.72,-0.43,7662,3833,3829
1628995,Kevin Knox II,2021,-3.34,-0.4,0.61,0.62,-0.01,-0.68,-1.48,-0.41,-0.72,-0.42,-0.32,-0.55,-3.62,-3.08,-6.7,-0.54,-0.31,-3.31,-0.59,-2.49,-0.07,-1.27,15372,7684,7688
2037,Jamal Crawford,2021,-1.49,0.03,-0.66,-0.6,-0.05,-0.79,-3.07,-0.74,-0.53,-0.47,-0.07,-0.73,-2.89,-4.36,-7.26,0.01,-0.89,-2.0,-1.35,-3.01,-1.45,-1.26,5083,2544,2539
