player_id,player_name,Latest_Year,oTS,oFT,oRIM_FREQ,oRIM_FG_PCT,oTHREE_FREQ,oTHREE_FG_PCT,oMIDRANGE_FREQ,oMIDRANGE_FG_PCT,oASSIST_POINTS,oTOV,oTOV_bp,oTOV_sc,oREB,dTS,dFT,dRIM_FREQ,dRIM_FG_PCT,dTHREE_FREQ,dTHREE_FG_PCT,dMIDRANGE_FREQ,dMIDRANGE_FG_PCT,dASSIST_POINTS,dTOV,dTOV_bp,dTOV_sc,dREB,off,def,net_rapm,RESID,o_sc,o_fc,d_sc,d_fc,o_pval,d_pval,possessions,off_poss,def_poss
1495,Tim Duncan,2003,3.34,0.04,-0.13,1.93,-0.5,0.63,0.63,1.02,1.47,0.35,-0.12,0.47,-0.15,4.33,0.74,1.26,2.61,0.89,0.6,-2.15,0.52,3.37,-0.82,-0.29,-0.53,0.86,3.64,4.52,8.15,0.24,0.73,2.91,0.8,3.72,0.2,0.04,62973,31568,31405
406,Shaquille O'Neal,2003,7.13,-1.36,4.91,4.78,-2.76,1.34,-2.16,1.19,5.86,-0.65,-0.65,-0.01,0.45,1.72,1.08,3.51,0.12,0.4,-0.37,-3.9,-0.04,-0.16,-1.72,-0.75,-0.96,0.42,6.52,1.17,7.69,0.34,0.09,6.43,-0.74,1.91,-0.2,-1.3,60521,30385,30136
304,John Stockton,2003,3.13,0.59,4.14,1.38,-1.78,0.54,-2.35,0.48,4.08,0.99,0.28,0.72,0.19,0.7,-0.0,1.06,-0.2,-0.65,0.07,-0.42,0.2,1.96,1.68,0.56,1.12,0.43,3.96,3.33,7.28,0.16,-0.14,4.1,0.95,2.38,1.18,2.11,45057,22506,22551
708,Kevin Garnett,2003,2.36,0.19,-1.08,1.43,-2.3,0.03,3.4,2.29,6.12,0.49,0.14,0.35,0.83,2.38,0.45,0.78,0.81,-0.25,0.5,-0.54,0.32,1.2,0.4,0.38,0.02,0.36,3.62,3.17,6.79,-0.03,1.23,2.39,0.08,3.09,1.32,0.76,58224,29241,28983
1713,Vince Carter,2003,2.66,-0.04,-0.35,0.92,0.95,1.15,-0.61,0.62,4.47,1.84,0.87,0.96,0.99,0.75,-0.0,-0.05,0.78,-0.32,0.06,0.37,0.19,1.1,-0.15,0.31,-0.45,-0.38,5.2,0.68,5.88,0.17,1.5,3.7,-0.0,0.68,2.83,-0.53,46127,23094,23033
739,Rasheed Wallace,2003,3.02,0.22,-0.1,1.26,0.53,0.18,-0.41,1.69,3.91,-0.42,-0.62,0.2,-0.28,1.82,0.07,0.72,0.94,-0.73,0.24,0.01,0.7,1.8,1.21,0.19,1.02,0.56,2.14,3.68,5.82,-0.09,-0.29,2.43,0.49,3.19,-0.7,1.77,52436,26242,26194
1717,Dirk Nowitzki,2003,3.59,1.23,-0.4,2.0,1.74,1.39,-1.34,0.92,1.53,1.14,0.24,0.9,-0.49,0.9,0.49,-0.61,0.19,-0.15,0.21,0.76,0.52,-0.45,0.27,0.19,0.07,-0.19,3.69,1.39,5.08,-0.14,-0.56,4.25,0.11,1.28,0.65,0.08,55533,27846,27687
764,David Robinson,2003,1.04,0.06,1.53,0.53,-1.26,0.5,-0.28,0.05,1.65,-0.13,-0.41,0.27,-0.36,3.31,1.18,2.02,1.87,1.16,-0.05,-3.18,0.23,1.26,0.56,0.38,0.2,0.02,0.5,4.57,5.07,0.63,-0.4,0.9,0.46,4.11,-0.49,0.58,44367,22248,22119
951,Ray Allen,2003,3.18,0.71,-0.58,1.13,4.92,1.16,-4.33,0.49,2.3,0.78,0.28,0.51,0.7,0.26,-0.12,-0.37,0.09,-0.74,0.22,1.11,0.03,0.42,0.15,0.69,-0.54,-0.1,4.67,0.36,5.03,0.06,0.45,4.22,0.34,0.02,1.48,0.05,52117,26115,26002
1718,Paul Pierce,2003,3.85,1.19,1.14,0.53,4.01,1.12,-5.15,-0.11,1.58,0.23,0.02,0.19,-0.14,-0.05,0.33,1.1,0.32,-1.48,-0.1,0.38,-0.63,-0.82,0.6,0.66,-0.05,0.05,3.4,1.58,4.98,0.44,-0.34,3.74,0.51,1.07,0.09,0.65,56343,28240,28103
467,Jason Kidd,2003,1.06,0.95,1.32,1.14,1.48,-0.23,-2.8,-0.58,4.43,0.47,-0.39,0.86,1.2,0.85,-0.29,0.69,0.93,-0.39,-0.01,-0.3,0.38,1.96,1.1,0.59,0.51,0.43,2.91,2.0,4.91,-0.2,0.96,1.95,0.05,1.95,1.67,1.53,60582,30402,30180
224,Eddie Jones,2003,1.66,0.6,-0.45,0.26,2.03,0.85,-1.58,0.07,0.96,0.85,0.16,0.7,-0.75,1.51,-0.43,-0.32,1.27,0.93,0.38,-0.6,0.28,3.7,1.07,0.95,0.12,0.32,1.67,2.9,4.57,-0.09,-0.22,1.89,0.74,2.16,0.1,1.39,44484,22262,22222
124,Vlade Divac,2003,1.07,-0.72,2.88,1.01,-1.28,-0.55,-1.6,0.43,1.33,-0.18,-0.05,-0.14,-0.33,2.78,1.47,3.33,0.33,0.87,-0.2,-4.21,-0.18,0.53,0.09,-0.08,0.19,0.7,0.09,4.36,4.45,0.32,-0.36,0.45,0.89,3.47,-0.51,0.79,50689,25455,25234
1112,Ben Wallace,2003,-1.04,-1.31,1.05,-1.18,-1.3,-0.2,0.24,0.76,-0.35,0.32,-0.04,0.37,1.65,3.1,0.89,0.49,1.41,0.24,0.17,-0.73,0.48,0.91,0.48,0.19,0.31,0.37,0.13,4.32,4.45,-0.43,1.24,-1.11,0.99,3.33,1.97,0.85,48504,24200,24304
448,Bo Outlaw,2003,1.2,-0.69,1.18,0.89,-1.36,-0.08,0.19,0.81,1.23,-1.76,-1.11,-0.66,1.47,2.89,0.69,0.74,1.7,-1.22,0.37,0.47,0.68,0.76,1.35,0.6,0.76,-0.73,1.01,3.34,4.35,-0.07,1.06,-0.05,-0.8,4.14,-0.29,0.62,36417,18196,18221
87,Dikembe Mutombo,2003,0.4,0.12,-0.54,0.48,-2.08,-0.76,2.62,0.89,-2.45,-0.63,0.2,-0.85,1.31,4.76,1.92,4.33,2.93,0.69,0.34,-5.02,-0.53,0.28,-1.88,-0.76,-1.1,0.88,0.14,4.14,4.28,-0.56,0.67,-0.53,0.72,3.42,0.68,-1.0,44831,22423,22408
965,Derek Fisher,2003,0.65,0.87,-0.05,-0.78,1.46,0.58,-1.41,0.46,1.33,0.98,0.47,0.5,-0.58,0.51,-0.28,0.72,0.25,-0.67,0.2,-0.05,0.3,2.0,0.85,-0.19,1.03,0.92,1.55,2.25,3.8,0.47,0.6,0.95,0.8,1.45,0.4,1.77,40340,20221,20119
1884,Baron Davis,2003,0.09,0.44,3.33,-0.38,1.89,-0.51,-5.22,-1.46,-0.05,0.25,0.1,0.17,0.61,0.6,-0.58,-1.14,0.73,0.31,-0.1,0.83,0.63,2.19,1.12,0.55,0.55,-0.02,2.34,1.4,3.74,1.09,0.35,1.99,-0.79,2.19,0.86,1.1,39809,19808,20001
717,Arvydas Sabonis,2003,1.12,-0.24,2.0,0.12,-3.21,-0.17,1.18,1.24,3.99,-0.49,-0.62,0.13,-1.17,2.78,0.77,1.29,1.26,0.25,0.08,-1.55,0.13,0.55,0.12,0.4,-0.29,0.61,-0.54,4.16,3.62,0.65,-0.82,0.28,0.15,4.01,-1.66,0.73,23941,12049,11892
1938,Manu Ginobili,2003,1.06,0.64,1.61,0.21,1.68,-0.17,-3.29,-0.5,-0.92,-0.25,0.55,-0.81,0.65,0.45,-0.1,-0.48,-0.02,-0.36,-0.03,0.83,-0.42,0.29,1.06,0.15,0.91,0.51,1.83,1.75,3.58,0.1,0.3,1.53,0.32,1.43,0.4,1.57,7821,3902,3919
369,Charlie Ward,2003,1.14,-0.04,0.54,0.11,2.09,0.56,-2.64,-0.04,1.0,0.05,-0.32,0.38,-0.51,1.34,-0.25,1.35,0.78,-1.01,0.05,-0.34,0.71,2.25,1.17,0.11,1.07,0.14,1.26,2.26,3.52,0.19,-0.29,1.55,0.43,1.83,-0.46,1.31,31095,15578,15517
345,Terry Porter,2003,2.02,0.94,0.26,0.17,2.26,0.98,-2.53,-0.25,-1.77,0.18,-0.28,0.44,-0.59,1.61,0.01,0.45,1.77,-0.5,0.38,0.04,0.74,2.68,-0.12,-0.2,0.08,0.65,1.69,1.73,3.42,-0.33,-1.02,2.71,0.1,1.63,-0.41,0.53,24000,12009,11991
1905,Andrei Kirilenko,2003,0.67,0.82,2.93,0.42,-0.15,-0.57,-2.77,-1.18,-1.48,-0.78,-0.68,-0.1,1.75,0.2,-1.04,-0.99,0.72,0.48,-0.04,0.52,0.42,3.49,1.61,0.52,1.1,0.07,1.72,1.7,3.41,-0.11,1.12,0.6,0.41,1.29,0.97,1.68,17072,8524,8548
56,Gary Payton,2003,0.7,-0.53,0.84,0.52,2.13,0.34,-2.98,-0.09,2.77,2.32,1.3,1.0,0.3,-0.55,0.29,0.76,-0.75,-1.4,0.17,0.64,-0.51,-1.92,0.28,0.29,-0.0,-0.23,3.78,-0.39,3.39,0.57,1.08,2.7,-0.24,-0.15,2.62,0.05,58748,29425,29323
389,Toni Kukoc,2003,2.92,0.24,2.72,0.95,3.08,0.05,-5.82,-0.15,3.28,0.45,-0.32,0.76,-0.11,0.41,0.21,-1.01,-0.48,-0.37,0.44,1.37,0.46,-1.13,0.43,0.31,0.13,-0.67,3.59,-0.25,3.34,-0.09,-0.42,4.01,-0.72,0.47,0.34,-0.24,31845,16005,15840
1513,Scot Pollard,2003,-1.71,-0.58,0.83,-0.97,-1.07,-0.33,0.25,-0.36,0.01,-0.67,-0.24,-0.43,2.0,2.28,0.46,2.69,0.69,0.58,-0.09,-3.28,0.11,1.69,0.31,-0.09,0.41,0.3,0.15,3.12,3.27,0.76,2.3,-2.15,0.79,2.33,1.33,0.61,22905,11462,11443
1883,Steve Francis,2003,2.01,0.8,2.48,0.8,1.7,-0.36,-4.2,-0.0,-1.09,-0.07,0.18,-0.25,0.47,0.48,0.12,0.35,0.74,0.03,0.06,-0.38,-0.48,0.28,-0.51,0.06,-0.56,0.13,3.06,0.12,3.18,0.67,1.78,1.28,-0.05,0.17,0.4,-0.38,43228,21568,21660
1763,Ryan Bowen,2003,-2.1,-0.16,2.11,-0.88,-2.17,-0.78,0.05,-1.42,-0.73,-0.86,-0.48,-0.38,2.5,1.01,-0.32,0.74,0.47,-0.02,0.06,-0.73,0.2,1.77,1.99,1.15,0.83,0.27,0.17,2.94,3.11,0.3,1.05,-0.88,0.25,2.69,1.64,2.26,14664,7295,7369
947,Allen Iverson,2003,1.24,1.14,2.42,1.65,-0.5,-1.08,-1.93,-0.96,-1.76,1.71,0.8,0.92,-0.3,-1.33,-0.27,-0.04,-0.87,-0.07,-0.1,0.11,0.34,-0.07,1.3,0.46,0.85,0.15,2.92,0.19,3.11,0.34,0.37,2.55,0.38,-0.19,1.41,1.45,60348,30275,30073
136,P.J. Brown,2003,0.9,0.03,-1.41,0.7,-1.6,1.17,3.02,0.86,2.96,0.16,0.04,0.12,2.2,-0.3,0.44,-0.16,1.45,0.75,-0.99,-0.58,-0.2,0.31,-0.15,0.05,-0.2,0.19,2.83,0.01,2.84,-0.16,1.28,1.55,0.3,-0.29,2.36,0.04,47410,23598,23812
1503,Tracy McGrady,2003,2.02,0.57,0.59,0.08,0.67,0.81,-1.25,0.52,0.7,1.46,0.1,1.36,-0.16,-0.03,-0.4,-1.42,0.08,0.78,0.0,0.64,0.32,0.73,0.32,0.21,0.11,-0.82,3.36,-0.57,2.79,0.0,0.18,3.18,-0.55,-0.02,1.3,-0.5,50432,25289,25143
2032,Darius Miles,2003,1.58,-0.27,2.72,1.32,-1.92,-0.24,-0.79,-0.6,-0.03,-0.87,-0.55,-0.32,0.2,2.24,0.35,0.2,0.99,-0.19,0.71,-0.02,0.06,0.79,-0.12,0.04,-0.16,-0.2,0.97,1.77,2.74,-0.09,0.19,0.78,-0.5,2.27,-0.67,-0.32,23906,11923,11983
2200,Pau Gasol,2003,3.06,0.11,1.26,1.07,-1.08,0.2,-0.17,1.04,1.78,0.01,-0.23,0.24,-0.24,0.08,0.48,-2.09,0.22,1.05,0.03,1.05,-0.33,-1.02,-0.81,-0.46,-0.35,-0.11,3.1,-0.43,2.67,0.68,0.31,2.79,0.12,-0.55,-0.23,-0.92,22526,11279,11247
2059,Eduardo Najera,2003,1.34,-0.23,1.72,-0.56,-0.39,0.7,-1.34,0.92,1.43,0.24,-0.47,0.69,1.3,-0.7,-0.7,-0.9,0.4,-0.52,-0.31,1.43,0.36,1.38,0.18,0.25,-0.07,0.11,3.08,-0.6,2.48,0.01,1.98,1.1,-0.1,-0.5,1.54,0.29,13071,6532,6539
966,Jerome Williams,2003,-0.71,0.2,1.97,-2.05,-1.66,-0.78,-0.29,0.24,-2.71,-0.74,-0.47,-0.27,3.23,0.29,0.19,-0.98,0.42,0.12,0.11,0.88,0.02,0.69,0.67,0.21,0.46,-0.16,1.2,1.2,2.41,-0.17,1.48,-0.28,0.19,1.01,2.49,0.51,31468,15665,15803
1885,Lamar Odom,2003,1.04,-0.06,2.32,-0.26,0.41,-0.85,-2.72,0.53,-1.94,-0.66,-0.12,-0.54,0.24,1.63,0.22,1.04,0.65,-0.43,-0.21,-0.63,0.32,1.14,-0.95,-0.62,-0.33,0.2,1.13,1.21,2.34,0.84,0.48,0.65,-0.35,1.56,-0.42,-0.75,30924,15450,15474
2399,Mike Dunleavy,2003,2.34,0.91,0.52,0.38,0.67,0.44,-1.2,0.25,0.69,-0.85,-0.39,-0.45,0.42,-0.46,-0.28,0.21,-0.09,0.42,-0.35,-0.63,0.12,0.55,0.39,0.2,0.19,-0.08,2.67,-0.4,2.27,0.51,0.63,2.04,0.38,-0.78,-0.43,0.31,5068,2535,2533
1889,Andre Miller,2003,1.76,1.13,1.6,0.07,-1.66,0.06,0.05,0.89,-0.02,0.92,0.75,0.17,0.03,0.46,0.1,1.3,0.23,-0.94,-0.26,-0.36,-0.19,-1.37,-0.31,0.2,-0.51,0.12,2.5,-0.24,2.26,-0.72,-0.64,3.14,-0.17,-0.07,0.95,-0.19,40890,20450,20440
255,Grant Hill,2003,3.16,0.88,2.22,0.68,-1.66,1.11,-0.54,0.33,-0.71,0.48,0.23,0.24,-0.24,-0.91,-0.2,0.48,-0.35,-0.78,-0.4,0.31,-0.06,-0.36,0.39,-0.13,0.51,-0.39,2.81,-0.59,2.22,-0.27,-0.3,3.11,-0.35,-0.24,0.24,0.0,24118,12089,12029
397,Reggie Miller,2003,2.9,1.2,-1.34,1.41,4.34,0.76,-3.01,0.62,2.91,1.81,0.94,0.86,-1.35,-0.65,-0.03,0.32,-0.53,0.34,0.45,-0.64,-0.45,1.32,-0.12,-0.33,0.21,-0.39,3.54,-1.33,2.22,0.02,-1.43,4.97,-0.35,-0.98,0.46,-0.51,55341,27694,27647
283,Lindsey Hunter,2003,0.42,0.2,-0.23,-0.02,3.11,0.52,-2.87,-0.5,0.58,1.21,0.68,0.51,-0.58,-0.69,-0.53,-0.01,-0.46,-0.18,0.4,0.2,-0.42,-0.08,0.74,-0.02,0.78,0.52,1.49,0.72,2.2,0.58,-0.46,1.95,0.31,0.41,0.63,1.26,36008,18007,18001
905,Dale Davis,2003,-0.69,-0.72,-1.65,1.0,-0.64,0.27,2.31,0.31,0.25,-0.33,0.04,-0.36,1.78,2.31,1.36,1.46,-0.26,0.63,0.4,-2.09,-0.32,-1.95,-1.09,-0.35,-0.75,-0.38,0.94,1.19,2.12,0.52,1.56,-0.62,-0.89,2.08,1.45,-1.47,42675,21298,21377
461,Popeye Jones,2003,-1.1,0.11,-1.11,-0.1,-1.82,0.23,2.94,-0.31,1.57,0.24,0.12,0.13,2.39,-0.26,-0.0,1.2,-1.45,-0.39,0.12,-0.81,0.21,-0.08,0.23,-0.25,0.48,0.12,1.94,0.17,2.12,0.5,2.09,-0.15,0.27,-0.1,2.63,0.35,12249,6111,6138
103,Todd Day,2003,2.12,-0.02,1.01,0.37,3.51,0.36,-4.47,0.01,1.97,-0.33,-0.1,-0.25,-0.49,-0.48,-0.42,-0.62,0.43,-0.02,-0.37,0.63,-0.01,-0.33,0.76,0.11,0.65,0.09,2.07,0.04,2.11,0.44,-0.77,2.84,0.13,-0.09,-0.82,0.85,5336,2668,2668
977,Kobe Bryant,2003,1.63,1.3,-0.52,1.22,-0.0,-0.26,0.53,0.69,-1.89,1.16,0.79,0.36,0.33,-0.1,-0.2,-0.2,-0.19,-0.03,0.18,0.24,0.2,0.71,-0.21,0.19,-0.39,-0.42,3.13,-1.04,2.09,-0.3,0.66,2.47,-0.71,-0.33,1.49,-0.63,63218,31696,31522
468,Jon Barry,2003,1.51,0.82,-0.17,0.1,4.43,0.77,-4.26,-0.47,0.95,0.26,-0.29,0.55,-0.32,0.38,-0.6,-1.12,0.12,0.54,0.3,0.57,0.86,3.68,1.28,0.28,1.0,-0.63,1.15,0.95,2.09,-0.39,-0.66,1.81,-0.19,1.14,-0.06,0.65,26391,13232,13159
445,Wesley Person,2003,2.96,0.11,-1.61,-0.34,1.53,2.47,0.08,1.64,4.73,1.17,1.06,0.11,-1.17,-0.58,0.29,-1.23,0.1,0.45,-0.36,0.78,-0.22,-0.8,-0.2,0.15,-0.35,-0.03,3.11,-1.05,2.06,-0.09,-0.47,3.58,-0.47,-0.58,0.0,-0.23,34125,17076,17049
1749,Cuttino Mobley,2003,2.32,1.13,0.16,0.44,2.19,1.01,-2.34,-0.25,-1.52,1.12,0.45,0.67,-0.83,0.46,0.08,0.02,0.66,1.03,-0.03,-1.06,-0.22,1.92,-1.1,-0.57,-0.52,-0.18,2.99,-0.96,2.03,0.24,-1.1,4.09,-0.62,-0.34,0.29,-1.28,48702,24297,24405
978,Peja Stojakovic,2003,1.7,0.8,-1.59,1.59,2.78,0.62,-1.2,0.2,1.23,1.17,0.47,0.69,-0.72,0.49,0.12,0.62,-0.48,0.29,0.3,-0.91,0.33,0.33,-0.4,-0.21,-0.18,-0.29,2.57,-0.58,2.0,0.05,-0.82,3.39,-0.34,-0.24,0.45,-0.69,47174,23658,23516
2215,Jason Collins,2003,-0.89,0.8,0.46,-0.8,-1.86,-0.8,1.4,-0.17,-2.77,-0.11,0.22,-0.31,0.98,0.36,0.33,1.44,0.36,-0.41,-0.29,-1.03,-0.03,0.98,1.25,-0.12,1.36,0.68,-0.61,2.56,1.96,-0.31,0.75,-1.36,0.73,1.83,0.87,1.93,15032,7545,7487
2203,Shane Battier,2003,-0.93,-0.25,0.52,0.15,0.22,-0.33,-0.75,-0.8,-0.22,0.22,0.44,-0.21,0.47,1.6,0.01,-0.83,0.77,0.09,-0.12,0.74,0.7,1.39,0.54,0.15,0.38,-0.18,0.17,1.73,1.9,0.18,1.28,-1.11,-0.28,2.01,0.69,0.36,20617,10338,10279
1802,Brad Miller,2003,0.55,1.01,1.89,-0.21,-1.44,-0.79,-0.45,0.25,1.26,-0.65,-0.49,-0.14,1.66,0.23,0.83,-0.18,0.4,-0.39,-0.38,0.58,-0.2,-2.83,-0.38,0.04,-0.42,0.6,1.35,0.53,1.88,-0.13,0.84,0.51,0.8,-0.27,1.01,0.22,29658,14810,14848
252,Karl Malone,2003,4.95,3.15,2.38,0.72,-2.96,0.68,0.58,1.78,4.65,-0.45,-0.78,0.35,-0.54,-1.75,-0.97,-0.31,0.07,-1.19,-0.22,1.5,-0.49,0.83,-0.12,-0.52,0.4,0.25,3.9,-2.04,1.86,-0.48,-1.27,5.17,0.33,-2.37,-0.99,0.13,55327,27635,27692
185,Chris Webber,2003,1.67,-0.5,0.01,1.82,-1.53,0.03,1.54,0.9,2.01,-0.57,-1.05,0.47,-0.26,1.06,0.4,0.42,-0.66,-0.01,0.44,-0.41,0.38,0.11,0.74,0.49,0.25,-0.64,0.86,0.91,1.77,-0.23,0.05,0.81,-0.68,1.59,-0.83,0.1,54419,27287,27132
2418,Casey Jacobsen,2003,0.28,0.08,0.62,-0.7,2.8,-0.42,-3.41,0.09,-1.04,0.13,0.2,-0.07,-0.24,0.41,-0.29,-0.63,-0.3,-0.02,0.32,0.65,0.46,1.04,0.09,-0.46,0.56,0.25,0.9,0.83,1.73,0.81,0.27,0.63,0.48,0.35,-0.11,0.34,4415,2222,2193
297,Alonzo Mourning,2003,1.18,-0.51,-1.26,2.22,-1.5,0.62,2.76,0.71,2.17,-0.87,-0.12,-0.76,-0.23,3.02,0.38,2.04,2.92,0.33,-0.18,-2.37,0.1,2.07,-1.03,-0.38,-0.67,-0.11,-0.66,2.36,1.7,-0.26,-0.53,-0.13,-0.21,2.57,-1.1,-1.14,28232,14151,14081
2047,Quentin Richardson,2003,-0.49,-0.26,1.69,-0.69,2.3,-0.74,-3.97,-0.45,-1.24,0.14,0.65,-0.5,1.2,0.1,-0.1,0.36,0.34,-0.64,0.1,0.28,-0.12,0.88,0.38,-0.09,0.48,-0.21,1.56,0.14,1.7,0.58,1.23,0.33,-0.14,0.28,1.34,0.17,17950,8976,8974
65,Greg Minor,2003,-0.94,-0.85,-0.14,-0.08,-0.38,-0.14,0.52,0.05,0.06,0.35,0.38,-0.05,0.69,0.55,-0.04,-0.44,0.1,-0.22,0.0,0.65,0.52,0.96,0.68,0.5,0.18,0.04,0.46,1.22,1.68,0.31,1.51,-1.05,-0.31,1.53,1.04,0.72,2769,1386,1383
935,Bryon Russell,2003,-0.15,0.97,-0.3,-0.87,1.43,0.37,-1.13,-0.19,0.06,0.61,0.11,0.5,-0.17,-0.31,-0.49,1.29,0.42,0.16,-0.07,-1.45,-0.42,2.64,0.97,-0.15,1.12,0.42,0.57,1.08,1.66,0.29,-0.05,0.62,0.23,0.85,0.44,1.39,41824,20903,20921
731,Greg Ostertag,2003,-0.21,-0.77,0.84,-0.18,-2.53,0.55,1.68,0.28,0.8,-2.81,-1.79,-1.03,2.11,3.63,0.62,2.93,2.72,-0.09,-0.34,-2.83,0.76,0.0,-0.76,-0.41,-0.34,0.18,-1.01,2.66,1.65,-0.49,1.02,-2.03,-0.29,2.95,-0.7,-0.58,29271,14575,14696
64,Sam Perkins,2003,0.14,0.12,-2.03,-0.18,3.45,0.08,-1.41,-0.46,-1.91,0.45,0.12,0.35,-1.0,0.65,0.51,1.45,-0.51,0.85,0.22,-2.3,-0.19,0.49,-0.15,0.23,-0.39,1.46,-0.37,2.01,1.64,0.09,-1.22,0.85,0.8,1.21,-0.55,1.31,14496,7261,7235
353,Darrell Armstrong,2003,0.39,0.74,-0.04,-0.06,3.46,-0.69,-3.43,-0.3,0.15,0.81,0.13,0.69,0.56,-1.07,-0.4,-1.08,-0.48,-0.14,-0.23,1.22,0.29,-0.11,1.56,1.34,0.22,-0.55,2.1,-0.49,1.61,-0.09,0.74,1.36,-0.22,-0.27,1.37,1.01,48541,24387,24154
762,Shawn Bradley,2003,-2.17,0.03,-0.61,0.16,-2.76,-0.96,3.36,-0.09,-2.29,0.16,-0.48,0.63,-0.92,4.49,1.0,2.52,2.88,-0.95,0.7,-1.56,0.05,-0.64,-0.19,0.22,-0.41,-0.01,-2.94,4.52,1.58,0.22,0.48,-3.42,-0.09,4.61,-0.76,-0.2,30376,15146,15230
248,George Lynch,2003,-1.67,-0.58,-0.78,1.07,-1.38,-0.03,2.15,-1.35,-0.34,-1.14,-0.54,-0.6,1.68,1.52,0.16,-0.42,-0.47,0.31,0.38,0.1,1.06,1.55,1.29,0.57,0.72,-0.65,-0.48,1.98,1.5,0.47,0.83,-1.31,-0.06,2.04,0.54,0.64,36612,18164,18448
959,Steve Nash,2003,2.61,0.5,0.21,1.17,3.29,1.4,-3.5,0.47,2.41,0.85,-0.11,0.96,-0.97,-0.49,0.01,-1.48,0.26,-0.03,0.34,1.52,0.0,0.93,0.0,0.5,-0.51,-0.2,2.51,-1.01,1.5,-0.3,-1.4,3.91,-0.81,-0.2,-0.12,-0.2,45581,22809,22772
270,Horace Grant,2003,-0.33,-0.41,-1.31,0.75,-0.18,0.2,1.49,0.17,2.0,0.56,0.05,0.53,0.23,0.98,0.99,0.12,-0.09,0.43,0.12,-0.54,-0.2,0.49,-0.29,-0.34,0.05,0.62,0.38,1.08,1.46,-0.31,0.19,0.19,-0.22,1.3,0.79,0.33,36953,18524,18429
105,Dan Majerle,2003,1.06,0.15,0.08,0.37,3.7,-0.4,-3.78,0.48,1.2,0.6,0.36,0.24,-1.18,0.3,-0.05,-0.2,0.81,-0.06,0.09,0.25,0.2,1.67,0.27,0.01,0.26,0.16,0.92,0.52,1.43,0.22,-1.02,1.94,0.4,0.12,-0.58,0.43,25184,12604,12580
1740,Rashard Lewis,2003,1.14,0.21,-0.97,1.83,0.11,0.79,0.86,0.0,1.57,0.02,0.65,-0.62,0.9,-0.39,0.29,0.95,-0.91,-1.29,0.0,0.34,-0.14,-0.01,-0.06,0.28,-0.34,-0.16,2.16,-0.76,1.41,-0.04,0.57,1.59,0.21,-0.97,0.92,-0.22,38283,19177,19106
2072,Michael Redd,2003,2.43,0.24,0.72,0.03,3.49,1.21,-4.23,0.11,3.67,0.77,0.33,0.44,0.08,-1.55,-0.45,-1.11,0.01,-0.02,-0.25,1.15,-0.41,-0.72,-0.08,0.31,-0.39,-0.43,4.15,-2.76,1.39,0.17,0.61,3.54,-0.8,-1.96,0.85,-0.51,14354,7198,7156
358,Anfernee Hardaway,2003,0.03,-0.11,1.41,0.41,-0.84,-0.78,-0.59,-0.13,1.45,-1.05,-1.06,0.01,1.04,0.97,0.05,-0.79,-0.17,-0.25,0.22,1.04,1.02,0.16,0.94,0.43,0.49,-0.44,0.18,1.18,1.36,-0.13,0.67,-0.49,-0.42,1.6,-0.01,0.5,34889,17464,17425
893,Michael Jordan,2003,0.0,0.06,-3.81,0.95,-2.58,0.11,6.36,1.18,0.99,2.69,1.59,1.11,-0.0,0.42,0.49,2.25,-1.61,-0.32,-0.05,-1.93,0.12,-0.36,-0.18,-0.31,0.12,-0.59,1.35,0.01,1.36,-0.98,0.36,0.99,-0.13,0.14,2.69,-0.77,18529,9285,9244
1887,Wally Szczerbiak,2003,2.2,0.34,-1.6,1.39,-0.47,1.28,2.06,1.53,2.39,0.39,0.67,-0.27,0.05,-0.32,0.3,-0.11,0.03,-0.32,-0.36,0.44,0.09,-0.64,-0.62,0.11,-0.73,0.24,2.17,-0.82,1.35,-0.59,0.41,1.76,0.26,-1.08,0.44,-0.38,39729,19934,19795
1762,Tremaine Fowlkes,2003,0.16,0.09,-0.1,-0.26,-0.9,0.56,1.0,-0.27,-0.7,-0.44,-0.56,0.11,0.89,-0.55,-0.26,0.04,-0.33,0.37,0.3,-0.41,-0.54,1.08,0.38,0.04,0.34,0.34,0.85,0.49,1.34,0.56,0.46,0.39,0.56,-0.07,0.45,0.72,3379,1680,1699
2050,Morris Peterson,2003,0.83,-0.38,0.88,0.44,0.52,0.08,-1.4,-0.04,1.41,0.97,0.31,0.67,0.1,-0.82,-0.23,-0.31,-0.05,1.38,-0.68,-1.06,-0.41,0.04,-0.28,-0.26,-0.02,-0.06,2.22,-0.89,1.33,0.59,0.32,1.9,-0.04,-0.85,1.07,-0.34,25823,12887,12936
109,Robert Horry,2003,0.08,0.14,-1.69,0.94,2.04,-0.21,-0.34,-0.87,-0.1,-0.22,-0.63,0.41,-0.46,1.51,-0.2,-0.49,0.17,-0.6,0.62,1.1,1.36,1.71,0.83,0.16,0.67,-0.09,-0.4,1.73,1.33,-0.32,-0.58,0.18,0.04,1.69,-0.68,0.74,40554,20322,20232
983,Moochie Norris,2003,0.33,0.19,-0.37,-0.04,1.36,-0.21,-1.01,-0.2,0.92,0.29,0.32,-0.04,0.89,0.05,0.05,0.68,-0.15,0.06,0.38,-0.73,-0.63,0.78,-0.04,-0.18,0.15,-0.22,1.43,-0.11,1.32,0.02,0.58,0.85,-0.08,-0.03,1.18,-0.26,21407,10680,10727
674,Reggie Jordan,2003,-0.82,0.17,1.36,-0.29,-1.24,-0.27,-0.15,-0.48,-0.59,-0.25,-0.55,0.29,1.12,0.67,-0.35,0.15,0.13,-0.27,0.1,0.11,0.28,1.0,0.29,-0.18,0.46,0.11,0.46,0.84,1.3,0.18,1.08,-0.62,0.59,0.25,0.87,0.4,2046,1007,1039
950,Stephon Marbury,2003,0.66,0.55,3.0,-1.38,2.75,0.02,-5.76,-0.7,0.27,2.15,1.1,1.05,0.16,-1.69,-0.36,-1.05,0.05,-0.52,0.1,1.57,-0.81,-1.37,-0.06,0.11,-0.16,-0.85,3.24,-1.97,1.27,0.9,0.95,2.29,-0.61,-1.36,2.31,-0.91,52949,26484,26465
57,Doug Christie,2003,1.13,0.93,1.46,0.22,0.05,0.5,-1.52,0.18,0.69,0.1,0.38,-0.29,-0.37,-0.4,0.05,-0.95,-0.28,0.1,-0.11,0.84,0.06,0.11,0.78,0.65,0.14,0.56,0.51,0.75,1.26,-0.54,-0.49,1.0,0.8,-0.05,-0.27,1.34,53699,26901,26798
1897,Metta World Peace,2003,0.15,0.01,1.88,-1.07,-0.03,-0.24,-1.88,-0.07,-1.2,0.1,0.8,-0.7,-0.75,0.46,0.09,-1.06,0.72,0.2,0.38,0.86,-0.27,0.47,1.21,0.36,0.83,-0.07,-0.63,1.87,1.24,0.14,-0.87,0.24,0.36,1.51,-0.65,1.14,33346,16606,16740
1721,Keon Clark,2003,0.15,-0.65,2.03,0.79,-1.0,-0.16,-1.03,-0.56,0.27,-1.36,-0.93,-0.43,0.03,2.01,0.13,0.79,0.78,0.26,0.21,-1.04,0.92,1.09,-0.02,-0.41,0.39,-0.29,-0.48,1.72,1.24,0.72,0.69,-1.17,-0.21,1.93,-1.33,-0.31,31589,15749,15840
2101,Paul McPherson,2003,0.52,-0.13,0.58,0.19,-0.11,-0.32,-0.48,0.17,-2.1,-0.13,0.06,-0.19,0.67,-0.99,-0.41,0.17,-0.29,-0.32,0.04,0.14,-0.33,0.62,0.62,0.23,0.38,-0.23,2.02,-0.78,1.24,0.78,0.93,1.09,-0.16,-0.62,0.54,0.39,2258,1127,1131
1890,Shawn Marion,2003,-0.02,0.05,0.56,-0.34,-2.77,-0.48,2.2,0.89,-1.34,-0.16,-0.11,-0.02,-0.38,0.67,-0.2,-0.57,0.62,0.58,0.22,-0.02,0.01,1.95,0.58,0.69,-0.12,0.76,-0.36,1.58,1.23,-0.22,-0.28,-0.08,0.31,1.27,-0.54,1.34,42691,21357,21334
96,Detlef Schrempf,2003,1.15,0.82,0.31,0.74,1.38,-0.11,-1.69,-0.29,0.87,-0.11,-0.08,-0.04,0.3,0.72,-0.1,0.17,-0.14,-0.55,0.51,0.38,0.24,1.21,-0.58,-0.75,0.16,0.32,1.5,-0.28,1.22,-0.58,-0.07,1.57,-0.39,0.11,0.19,-0.26,14945,7455,7490
1711,Raef LaFrentz,2003,0.45,-1.18,0.97,0.8,0.88,1.27,-1.84,-0.88,2.1,0.47,0.07,0.41,-1.01,1.41,0.59,0.02,0.52,0.93,-0.05,-0.96,-0.1,-0.87,-0.78,-0.28,-0.51,0.18,-0.08,1.28,1.21,0.49,0.34,-0.42,0.06,1.22,-0.54,-0.6,38366,19169,19197
1739,Ruben Patterson,2003,0.94,0.28,3.21,0.34,-0.31,-0.41,-2.9,-0.75,0.64,-0.75,-0.33,-0.42,1.84,-0.46,0.19,-0.03,-0.72,-0.8,0.12,0.83,-0.22,-2.21,0.33,0.49,-0.18,-0.47,2.22,-1.02,1.2,-0.23,1.6,0.62,-0.84,-0.18,1.09,-0.14,29761,14843,14918
782,Mitch Richmond,2003,0.04,0.57,-0.45,0.34,0.93,-0.49,-0.49,-0.23,-1.52,0.87,0.89,-0.01,-0.19,0.82,0.0,0.51,-1.23,0.53,0.18,-1.04,0.73,2.01,0.68,0.2,0.48,-0.37,0.25,0.96,1.2,-0.65,-0.11,0.36,-0.19,1.15,0.68,0.31,23141,11557,11584
896,Tim Hardaway,2003,0.33,0.29,-1.73,-0.94,5.35,-0.14,-3.64,1.05,0.73,1.47,0.37,1.09,-1.17,0.03,-0.01,1.48,-0.09,-1.52,0.11,0.03,0.13,0.75,-0.01,0.08,-0.09,-0.34,1.29,-0.11,1.18,0.87,-0.7,1.99,-0.46,0.35,0.3,-0.35,29578,14814,14764
714,Michael Finley,2003,0.67,-0.19,-1.36,0.05,0.62,0.88,0.74,0.98,0.12,1.24,-0.23,1.46,-0.3,-0.76,-0.12,-1.41,0.3,0.37,0.15,1.04,-0.27,1.2,0.35,0.54,-0.18,-0.44,2.01,-0.85,1.16,0.4,-0.02,2.03,-0.32,-0.53,0.94,-0.09,60628,30377,30251
907,Malik Sealy,2003,0.6,0.27,-0.48,-1.56,-2.03,-0.25,2.53,1.84,1.22,0.51,0.17,0.35,-0.27,-0.1,-0.3,-0.65,0.3,-0.12,0.47,0.77,-0.33,1.36,-0.02,-0.26,0.24,0.41,1.02,0.12,1.14,0.01,0.04,0.98,0.35,-0.23,0.24,0.39,12311,6162,6149
787,Charles Barkley,2003,1.7,-0.55,0.15,1.0,2.69,0.14,-2.82,0.22,2.68,0.02,0.11,-0.1,0.43,-0.55,0.25,0.18,0.14,0.43,-0.38,-0.62,-0.27,-0.75,-0.36,-0.07,-0.28,0.13,1.96,-0.84,1.12,-0.25,1.17,0.79,-0.31,-0.53,0.45,-0.23,8509,4252,4257
1630,Mikki Moore,2003,1.11,0.07,1.32,-0.21,-0.78,-0.02,-0.53,0.47,-1.65,-1.08,-0.79,-0.27,0.61,0.43,-0.52,0.87,0.53,-0.59,0.33,-0.27,-0.21,0.59,0.19,0.07,0.12,-0.25,0.85,0.25,1.1,0.09,0.52,0.33,-0.03,0.28,-0.47,-0.06,7408,3700,3708
2202,Jason Richardson,2003,2.07,0.54,0.17,1.51,1.32,-0.18,-1.51,0.12,-1.1,0.26,-0.02,0.31,0.19,-0.79,-0.09,-0.14,-0.97,-0.1,-0.06,0.23,-0.08,-0.47,-0.75,-0.18,-0.58,-0.61,3.47,-2.38,1.09,0.72,0.37,3.1,-0.84,-1.54,0.45,-1.36,20827,10377,10450
299,Glenn Robinson,2003,3.02,0.64,-1.31,-0.74,-0.34,1.15,1.67,2.97,2.46,0.19,0.13,0.06,-0.41,-0.79,-0.31,-1.37,0.25,-0.32,-0.34,1.7,0.24,-0.84,-0.41,0.11,-0.49,-0.44,2.7,-1.65,1.05,-0.11,0.22,2.48,-0.23,-1.42,-0.22,-0.85,49520,24784,24736
904,Chris Mullin,2003,1.36,0.2,-1.14,0.23,2.72,0.75,-1.58,-0.14,1.73,0.14,0.0,0.14,-0.46,0.39,0.08,-0.04,-0.18,0.1,0.02,-0.06,0.16,-0.46,-0.35,-0.14,-0.21,-0.2,0.93,0.07,1.01,0.13,-0.83,1.76,0.02,0.05,-0.32,-0.55,9133,4566,4567
197,Scott Burrell,2003,-0.04,0.08,-1.34,-0.29,2.54,0.14,-1.2,-0.77,-0.8,0.24,0.18,0.06,-0.53,0.53,-0.35,-0.11,0.26,-0.48,0.18,0.58,0.19,1.54,0.85,0.55,0.29,-0.2,-0.49,1.49,1.0,0.15,-0.96,0.47,0.77,0.72,-0.29,0.65,8008,3988,4020
1744,Jerome James,2003,0.58,-1.25,-1.38,0.9,-1.44,0.48,2.81,0.46,-0.66,-2.31,-0.28,-2.05,0.75,2.27,0.17,1.53,0.15,-0.19,0.07,-1.34,1.05,0.6,-0.07,0.04,-0.11,-0.16,-1.28,2.28,1.0,-0.06,0.22,-1.5,0.05,2.23,-1.56,-0.23,6659,3324,3335
2060,Marko Jaric,2003,1.17,0.24,1.97,-0.01,0.69,0.12,-2.65,-0.17,-0.21,-0.24,-0.06,-0.19,-0.02,-0.1,-0.04,-0.15,0.56,-0.94,-0.06,1.08,-0.42,0.44,0.66,0.45,0.21,-0.29,0.98,-0.01,0.97,-0.21,1.17,-0.19,-0.24,0.23,-0.26,0.37,5085,2546,2539
204,Jeff Hornacek,2003,0.12,0.2,0.06,-0.56,0.54,0.37,-0.59,0.42,1.6,1.12,0.31,0.82,-0.49,0.34,0.11,-0.09,0.69,0.52,0.33,-0.43,-0.55,0.85,-0.19,-0.59,0.39,0.4,0.96,-0.0,0.96,-0.34,-0.44,1.4,0.41,-0.41,0.63,0.21,15232,7616,7616
15,Eric Piatkowski,2003,1.73,-0.06,0.5,0.19,2.82,1.56,-3.32,-0.28,1.42,1.04,0.24,0.8,-0.52,-0.37,0.02,-1.14,-1.08,0.38,0.18,0.74,0.22,0.26,-0.68,-0.26,-0.41,-0.64,2.51,-1.56,0.95,0.39,-0.06,2.57,-0.67,-0.89,0.52,-1.32,30584,15315,15269
2403,Nene,2003,1.01,-0.84,0.69,0.66,-1.18,-0.99,0.49,0.23,0.13,-0.99,-0.25,-0.72,0.31,-0.7,-0.62,0.52,-0.39,-0.03,-0.1,-0.49,0.12,0.76,1.3,0.43,0.87,0.31,-0.04,0.99,0.95,-0.29,0.08,-0.12,0.14,0.85,-0.68,1.61,8336,4156,4180
1760,Derrick Dial,2003,-0.57,-0.88,-0.8,-0.12,-1.08,0.19,1.88,0.12,-1.34,0.44,0.59,-0.14,0.49,0.12,0.05,-0.4,-0.03,-0.06,0.1,0.45,-0.09,0.67,-0.33,-0.41,0.09,0.47,0.5,0.44,0.94,0.32,0.02,0.48,0.4,0.04,0.93,0.14,2185,1087,1098
2248,Earl Watson,2003,0.09,-0.65,0.53,0.34,-0.62,0.02,0.08,-0.01,1.56,-0.54,0.01,-0.55,-0.2,-0.23,0.23,0.31,-0.24,-1.43,-0.17,1.11,0.2,0.18,1.57,0.4,1.19,0.1,-0.47,1.39,0.92,0.13,-0.53,0.06,0.01,1.38,-0.74,1.67,8510,4249,4261
2030,Kenyon Martin,2003,0.6,-0.19,0.76,1.85,-1.69,-0.37,0.92,-0.75,0.43,0.19,0.41,-0.21,-0.1,0.42,0.05,0.03,0.87,0.05,-0.01,-0.07,-0.44,0.83,-0.04,-0.38,0.35,0.31,-0.04,0.94,0.91,-0.47,-0.81,0.77,0.31,0.63,0.09,0.27,33729,16940,16789
1888,Richard Hamilton,2003,0.66,0.93,-1.72,1.02,-1.96,0.41,3.68,0.5,-1.1,1.4,1.02,0.37,-0.28,0.22,-0.24,0.32,-1.22,0.89,-0.4,-1.2,0.43,0.64,-0.73,-0.36,-0.38,-0.3,1.56,-0.66,0.9,-0.07,-0.24,1.8,-0.37,-0.29,1.12,-1.03,34771,17409,17362
1477,Bruce Bowen,2003,-0.83,-0.4,1.09,0.02,0.71,-0.08,-1.79,-0.79,-1.93,-0.41,0.02,-0.42,-0.29,1.17,-0.08,-0.39,0.68,-0.12,0.5,0.52,0.61,3.6,1.19,0.07,1.13,-0.25,-1.18,2.07,0.9,0.32,-0.18,-1.0,-0.61,2.68,-0.7,0.94,34832,17376,17456
2071,Olumide Oyedeji,2003,-0.39,-0.36,0.1,-0.51,-0.89,-0.02,0.78,0.27,-0.75,-0.56,-0.22,-0.35,1.11,0.68,0.09,1.01,-0.27,-0.6,0.14,-0.41,0.32,-0.58,-0.33,0.05,-0.36,0.22,0.59,0.29,0.89,0.16,0.21,0.38,0.28,0.01,0.55,-0.11,2161,1069,1092
184,Bobby Phills,2003,2.44,-0.01,0.15,0.97,1.66,0.82,-1.79,-0.16,0.87,-0.35,-0.25,-0.12,-0.98,-0.23,-0.09,0.06,-0.39,-0.26,0.01,0.19,0.31,-0.81,1.02,0.7,0.33,-0.33,0.56,0.32,0.88,-0.69,-0.95,1.51,-0.1,0.42,-1.33,0.69,9101,4559,4542
722,Corliss Williamson,2003,-0.66,-0.22,2.16,-0.05,-1.4,-0.84,-0.77,-0.55,-0.46,-0.63,-0.67,0.02,1.53,0.68,0.07,0.21,0.65,1.13,-0.06,-1.35,-0.06,1.22,-0.66,-0.15,-0.51,0.32,0.25,0.62,0.87,0.29,0.93,-0.68,-0.07,0.69,0.9,-0.34,35004,17539,17465
173,Keith Askins,2003,-0.49,-0.29,0.17,-0.45,0.27,-0.08,-0.45,0.01,0.61,0.05,-0.16,0.19,-0.02,0.32,-0.0,0.48,0.12,-0.13,-0.04,-0.35,-0.02,0.62,0.38,-0.08,0.45,0.23,-0.01,0.86,0.85,0.38,-0.3,0.29,0.33,0.53,0.03,0.61,1656,824,832
361,Clifford Robinson,2003,1.59,0.24,-1.43,0.22,2.3,1.06,-0.89,0.32,3.0,0.32,-0.25,0.59,-2.05,0.42,0.26,-0.96,0.81,1.32,-0.52,-0.35,0.16,1.44,0.42,0.02,0.39,-0.13,-0.44,1.24,0.8,0.23,-1.65,1.21,-0.06,1.3,-1.73,0.29,54044,27047,26997
166,Ron Harper,2003,-1.83,-0.1,-1.13,-0.78,-0.24,-0.79,1.37,-0.02,-0.03,0.96,0.44,0.5,0.52,0.64,0.23,0.21,0.26,0.42,-0.02,-0.64,-0.07,1.56,-0.58,-0.29,-0.28,0.38,0.15,0.61,0.76,0.67,0.54,-0.39,0.1,0.51,1.48,-0.2,18422,9223,9199
913,Larry Johnson,2003,-0.45,0.14,0.73,0.06,0.19,-0.76,-0.91,-0.16,-1.85,-0.55,0.41,-0.97,-1.04,1.68,0.74,1.6,0.69,-0.26,-0.43,-1.35,0.37,0.24,0.14,0.27,-0.12,0.82,-2.22,2.97,0.75,0.15,-1.33,-0.89,0.35,2.62,-1.59,0.96,25670,12851,12819
727,Eric Snow,2003,-1.12,0.25,0.58,-0.26,-2.93,-0.67,2.35,-0.27,0.48,0.05,0.13,-0.08,-0.22,0.13,-0.02,1.11,0.07,-0.57,0.13,-0.55,-0.21,0.27,1.3,0.77,0.53,0.52,-1.09,1.84,0.75,0.09,-0.05,-1.04,0.33,1.51,-0.17,1.82,49155,24612,24543
198,Danny Ferry,2003,1.2,-0.41,-1.99,-0.25,0.93,1.37,1.06,0.95,3.08,0.0,0.3,-0.29,-0.58,0.52,-0.35,0.23,0.29,-0.23,0.73,-0.0,0.16,1.26,-0.41,-0.27,-0.14,0.09,0.66,0.09,0.75,-0.07,-0.97,1.63,-0.23,0.32,-0.58,-0.32,22244,11154,11090
1761,Greg Buckner,2003,0.85,-0.29,1.44,-0.62,-0.78,0.29,-0.66,0.91,-0.3,0.6,0.01,0.59,0.35,-1.67,-0.98,-0.0,-1.03,-0.98,0.17,0.98,-0.05,1.36,0.26,-0.16,0.42,-0.01,2.34,-1.6,0.74,0.36,0.85,1.49,-0.1,-1.5,0.95,0.25,16743,8331,8412
84,Latrell Sprewell,2003,1.45,0.54,-1.13,-0.31,2.33,0.25,-1.21,0.52,-0.41,1.92,0.81,1.11,-1.23,-1.12,-0.19,-0.7,-0.79,-0.41,0.12,1.13,0.15,0.39,-0.13,0.09,-0.22,-0.12,2.46,-1.73,0.73,-0.04,-0.72,3.18,-0.16,-1.57,0.69,-0.25,55424,27729,27695
2240,Gilbert Arenas,2003,1.14,1.19,0.88,0.55,2.07,0.01,-2.94,-0.31,-2.8,0.97,0.56,0.42,-0.01,-0.02,-0.24,0.46,-0.52,-0.27,-0.06,-0.19,0.26,0.29,-0.15,0.18,-0.33,-0.7,1.78,-1.07,0.71,-0.52,0.91,0.87,-0.3,-0.77,0.96,-0.85,15819,7895,7924
247,Joe Dumars,2003,0.83,-0.63,-1.28,0.37,1.96,-0.06,-0.67,0.83,3.5,1.04,0.43,0.6,-0.29,-0.16,0.29,0.23,-0.13,-0.26,0.23,0.02,-0.34,-1.03,-0.31,-0.04,-0.27,-0.02,1.03,-0.33,0.7,-0.39,-0.87,1.9,0.23,-0.56,0.75,-0.33,4372,2187,2185
2045,Hedo Turkoglu,2003,0.01,0.53,-0.06,-0.65,0.24,0.72,-0.19,-0.29,-2.89,0.51,0.6,-0.1,-0.29,0.74,-0.1,1.03,-0.18,0.01,0.44,-1.02,0.29,1.0,-0.4,-0.19,-0.21,0.13,0.2,0.49,0.69,-0.01,0.47,-0.27,-0.03,0.52,0.22,-0.27,19841,9920,9921
994,Jamie Feick,2003,0.33,0.32,-1.42,-1.07,0.32,0.68,1.1,0.05,-1.1,0.93,0.12,0.81,1.48,-1.46,0.6,-1.21,-1.28,0.23,0.26,0.98,-0.51,0.03,-0.06,-0.35,0.28,-0.47,1.84,-1.19,0.66,-0.09,0.44,1.4,-0.05,-1.14,2.41,-0.53,12147,6051,6096
1892,Trajan Langdon,2003,0.67,0.33,-0.57,0.57,1.57,0.24,-1.01,-0.51,0.2,-0.47,0.07,-0.55,-0.4,0.64,-0.6,0.3,0.09,-0.17,0.24,-0.14,0.36,1.53,0.49,0.32,0.16,0.11,-0.4,1.06,0.66,-0.38,-0.17,-0.23,0.0,1.06,-0.87,0.6,6540,3295,3245
2048,Jamaal Magloire,2003,0.6,0.52,0.7,-0.5,-0.75,-0.03,0.05,0.2,-0.26,-0.62,0.19,-0.8,0.55,0.49,-0.22,-1.07,1.21,0.16,-0.08,0.91,0.25,0.41,-0.61,-0.4,-0.21,0.03,0.87,-0.24,0.63,0.19,0.66,0.21,-0.47,0.23,-0.07,-0.58,20164,10040,10124
1953,Lazaro Borrell,2003,0.2,-0.58,-0.14,0.51,0.17,-0.07,-0.04,-0.15,-0.09,0.62,-0.18,0.78,0.03,-0.56,-0.12,-0.01,-0.0,-0.25,-0.21,0.26,-0.1,-0.28,0.32,0.21,0.09,0.03,0.84,-0.25,0.59,-0.05,0.2,0.64,0.02,-0.27,0.65,0.35,738,370,368
1725,Rasho Nesterovic,2003,-0.94,-1.89,-1.65,0.37,-2.74,0.88,4.39,0.96,2.63,0.04,-0.05,0.1,-0.29,1.16,0.73,1.74,0.69,0.25,-0.85,-1.99,0.23,-1.65,-1.1,-0.59,-0.53,1.1,-1.23,1.82,0.59,0.62,-0.19,-1.04,1.17,0.65,-0.25,0.0,29980,15025,14955
696,Travis Best,2003,-0.84,0.31,-0.34,-0.92,-0.64,-0.31,1.01,0.25,-4.01,1.04,1.1,-0.06,-0.08,-0.08,-0.6,1.36,-0.06,-0.14,-0.32,-1.22,0.25,1.06,0.35,-0.31,0.66,0.36,-0.18,0.77,0.58,-0.17,0.04,-0.22,0.6,0.17,0.96,0.71,34563,17260,17303
2229,Mike James,2003,-0.94,-0.01,-0.09,-0.91,2.15,-0.67,-2.06,-0.15,-0.55,1.02,0.39,0.62,0.24,-0.0,-0.19,-0.07,0.21,0.09,0.17,-0.01,-0.26,0.43,0.13,0.23,-0.11,0.28,0.53,0.04,0.57,-0.16,1.07,-0.54,0.12,-0.08,1.26,0.41,6484,3239,3245
243,Aaron McKie,2003,0.27,0.56,0.24,-0.01,-0.41,-1.0,0.17,0.42,-1.12,-0.18,0.32,-0.51,-0.48,0.31,-0.32,1.17,-0.81,-1.59,0.81,0.41,0.47,1.15,0.33,0.14,0.19,0.62,-0.13,0.69,0.56,-0.31,-0.56,0.43,0.33,0.36,-0.66,0.95,40615,20350,20265
937,Scottie Pippen,2003,0.64,-0.06,1.41,0.47,1.66,-0.31,-3.08,0.51,1.68,-0.04,-0.18,0.14,-0.07,-0.53,-0.01,0.6,0.14,-1.39,-0.3,0.79,-0.11,-0.36,-0.27,0.09,-0.36,0.9,0.72,-0.16,0.56,-0.07,-0.11,0.83,0.1,-0.26,-0.11,0.63,43118,21576,21542
2408,Melvin Ely,2003,-0.32,-0.41,0.88,-0.49,-0.85,0.13,0.0,0.09,-1.24,-0.16,0.31,-0.47,-0.03,0.05,0.14,0.37,-0.1,-0.03,0.1,-0.33,-0.13,-0.11,0.2,0.16,0.04,0.05,0.16,0.4,0.55,0.76,-0.22,0.38,0.18,0.22,-0.19,0.25,2953,1472,1481
2210,Richard Jefferson,2003,0.82,0.07,2.33,-0.24,-1.43,-0.15,-0.88,-0.19,-0.49,-0.8,-0.29,-0.51,-0.39,0.52,-0.26,0.04,1.22,-0.08,-0.2,0.04,0.05,0.86,0.39,0.25,0.15,0.28,-0.54,1.07,0.53,-0.29,-0.82,0.28,0.28,0.79,-1.19,0.67,22252,11170,11082
915,Rodney Rogers,2003,-0.2,-0.03,2.1,-1.3,2.49,-0.1,-4.58,-0.74,0.98,-0.79,-0.36,-0.43,0.56,0.75,-0.49,0.35,0.52,-0.93,0.17,0.57,1.13,2.25,0.65,0.42,0.22,-0.48,-0.37,0.89,0.52,0.03,0.52,-0.89,0.23,0.66,-0.23,0.17,36783,18383,18400
694,Sam Mack,2003,-0.48,-0.28,-1.82,-0.14,3.37,0.17,-1.56,-0.94,0.72,-0.02,0.22,-0.25,-0.24,0.5,-0.22,0.21,-0.3,-0.12,-0.01,-0.11,0.55,0.93,0.86,0.19,0.68,-0.2,-0.33,0.85,0.52,0.1,-0.2,-0.13,-0.07,0.92,-0.26,0.66,6302,3141,3161
456,Chuck Person,2003,0.58,0.04,-1.71,0.69,3.88,0.01,-2.18,-0.63,-0.52,-0.02,-0.13,0.11,-0.55,0.44,-0.49,0.85,-0.55,0.22,0.21,-1.07,0.52,1.0,-0.23,-0.04,-0.2,0.1,0.29,0.21,0.5,0.18,-0.58,0.87,0.02,0.19,-0.57,-0.13,4959,2503,2456
711,Jerry Stackhouse,2003,1.32,1.47,1.51,-0.39,2.29,0.15,-3.8,-0.7,-1.1,0.17,0.51,-0.35,0.06,-0.07,0.09,-0.45,0.27,-0.61,-0.15,1.07,-0.26,-0.71,-0.28,0.18,-0.46,-0.74,1.44,-0.94,0.49,0.03,-0.44,1.88,-0.29,-0.65,0.23,-1.02,51162,25615,25547
107,Dale Ellis,2003,1.28,-0.0,-0.61,0.2,3.87,0.43,-3.27,-0.36,1.92,0.36,0.01,0.33,-0.35,-0.73,-0.13,-0.51,-0.38,-0.08,0.11,0.59,-0.01,0.04,-0.15,0.18,-0.33,-0.34,1.86,-1.43,0.44,0.37,-0.16,2.02,-0.2,-1.23,0.01,-0.49,6588,3315,3273
51,Mahmoud Abdul-Rauf,2003,-0.27,-0.67,-2.52,0.16,-1.37,0.1,3.93,0.86,1.82,1.65,0.97,0.66,-0.28,-0.33,-0.37,0.2,-0.07,0.0,-0.22,-0.21,0.13,-0.56,0.4,-0.06,0.46,-0.11,0.98,-0.55,0.43,-0.63,0.24,0.74,0.12,-0.67,1.37,0.29,1797,900,897
1032,Darvin Ham,2003,-0.93,-0.9,0.08,-0.26,0.31,-0.62,-0.4,-0.12,-1.08,-1.37,-0.29,-1.09,0.97,1.12,-0.13,1.67,1.25,-0.85,-0.49,-0.83,0.36,0.28,-0.21,0.13,-0.34,0.61,-1.43,1.84,0.41,0.22,-0.28,-1.15,1.05,0.79,-0.4,0.4,13770,6831,6939
2000,Dedric Willoughby,2003,-0.12,-0.24,-0.21,-0.03,1.59,-0.19,-1.34,-0.18,0.07,-0.25,-0.53,0.26,0.47,-0.65,-0.39,-0.14,-0.09,0.36,-0.18,-0.22,-0.05,1.07,0.48,0.48,-0.01,0.07,0.57,-0.18,0.38,0.38,0.67,-0.1,0.23,-0.41,0.22,0.55,1912,951,961
1712,Antawn Jamison,2003,-1.06,-0.61,-0.18,1.17,-1.53,-0.19,1.71,-1.26,1.39,0.29,0.28,0.01,2.14,-0.79,-0.09,-0.77,-1.56,0.66,-0.24,0.12,0.23,-0.37,-0.16,-0.35,0.19,-0.36,1.38,-1.01,0.37,0.31,1.78,-0.4,-0.45,-0.56,2.43,-0.52,47569,23735,23834
120,Steven Smith,2003,1.21,0.98,0.16,0.29,1.61,-0.08,-1.76,0.45,-1.95,0.45,0.55,-0.11,-0.67,-0.05,-0.31,-1.2,0.94,0.39,0.07,0.81,0.46,1.77,-0.46,-0.52,0.05,-0.04,1.62,-1.27,0.35,-0.09,-0.29,1.91,-0.26,-1.01,-0.22,-0.5,41786,20937,20849
2080,Igor Rakocevic,2003,1.17,0.29,-0.02,-0.07,-0.15,0.06,0.16,0.49,0.59,-0.54,-0.32,-0.21,-0.5,0.16,-0.18,0.06,0.15,0.03,-0.07,-0.1,-0.01,-0.12,0.26,0.12,0.13,0.18,0.17,0.17,0.34,-0.39,-0.83,1.0,0.26,-0.09,-1.04,0.44,899,459,440
979,Jermaine O'Neal,2003,-0.93,-0.88,-0.85,1.04,-2.18,-0.36,3.03,0.15,1.44,-1.05,-0.45,-0.6,0.66,3.0,0.53,1.24,1.6,0.3,0.53,-1.53,0.35,0.19,-1.06,-0.67,-0.4,-0.68,-1.32,1.63,0.31,0.37,0.97,-2.29,-1.0,2.63,-0.39,-1.74,36225,18105,18120
1710,Mike Bibby,2003,1.74,-0.06,-0.3,0.87,-0.85,0.45,1.16,1.08,2.98,1.26,0.48,0.75,-0.9,-0.78,-0.18,-0.58,-1.05,0.15,0.31,0.42,-0.12,-0.73,-0.75,-0.53,-0.22,-0.09,2.04,-1.75,0.3,-0.18,-1.39,3.43,-0.76,-0.99,0.36,-0.84,52412,26196,26216
2209,Vladimir Radmanovic,2003,0.21,-0.58,-0.63,0.94,2.87,0.19,-2.24,-0.54,1.14,-0.41,0.45,-0.86,-0.56,0.52,-0.12,0.19,0.12,-0.64,0.31,0.45,-0.09,-0.06,0.68,0.6,0.09,0.01,-0.77,1.08,0.3,-0.15,-1.24,0.47,0.39,0.69,-0.97,0.69,11859,5938,5921
895,Tyrone Corbin,2003,-2.33,0.31,-1.53,-1.4,1.41,-1.09,0.11,-0.6,-2.19,0.67,0.79,-0.12,1.41,-0.04,-0.38,0.81,-0.77,-0.08,0.22,-0.73,0.56,1.36,-0.06,0.13,-0.19,0.24,0.2,0.07,0.28,0.39,0.46,-0.26,0.24,-0.17,2.08,0.18,8849,4408,4441
2217,Brendan Haywood,2003,-1.54,-0.9,-2.75,1.1,-2.21,0.05,4.95,-0.54,-1.18,-0.33,-0.19,-0.16,1.09,2.31,0.87,3.1,-0.33,0.15,-0.05,-3.26,0.35,-1.23,-0.97,-0.14,-0.85,-0.08,-1.25,1.53,0.28,-0.2,1.03,-2.28,0.39,1.14,0.76,-1.05,11421,5688,5733
1506,Austin Croshere,2003,-0.05,0.36,-0.77,0.24,2.78,-0.06,-2.01,-0.2,0.14,-0.53,-0.1,-0.42,0.31,-0.09,0.23,0.6,-0.32,-0.11,0.22,-0.48,-0.33,-0.67,-0.49,-0.75,0.26,0.87,0.0,0.26,0.27,0.25,0.97,-0.97,0.28,-0.02,-0.22,0.38,24799,12424,12375
693,Joe Smith,2003,-1.29,0.24,-1.07,-0.94,-2.65,0.27,3.73,-0.09,-0.18,-0.11,-0.02,-0.08,1.15,0.36,-0.06,0.63,0.59,-0.38,-0.07,-0.25,0.18,-0.51,0.0,-0.45,0.46,0.38,-0.59,0.83,0.25,-0.24,1.16,-1.75,0.55,0.28,1.04,0.38,32538,16324,16214
689,Theo Ratliff,2003,0.1,-0.1,-1.42,1.92,-0.74,-0.29,2.17,-0.21,-1.27,-1.58,-0.55,-1.02,-0.18,3.47,1.42,2.0,0.81,0.56,-0.35,-2.56,0.82,-0.58,-0.53,-0.41,-0.12,-0.55,-2.47,2.72,0.25,-0.48,-0.79,-1.68,-0.36,3.08,-1.76,-1.08,31037,15516,15521
960,Tony Delk,2003,-0.92,-0.09,-1.83,0.37,1.28,-1.18,0.54,0.06,-2.43,0.96,0.6,0.36,-0.25,0.17,-0.57,-0.13,-0.89,0.17,0.6,-0.04,0.38,0.36,0.62,0.09,0.53,-0.36,-0.12,0.37,0.25,0.03,-0.15,0.03,-0.26,0.63,0.71,0.26,29286,14627,14659
292,Anthony Miller,2003,-0.14,-0.3,0.51,-0.34,-0.44,0.41,-0.08,-0.32,-0.44,-0.85,-0.56,-0.29,0.64,0.62,0.19,0.64,0.06,0.33,-0.05,-0.97,0.07,-0.51,-0.52,-0.14,-0.38,0.22,-0.22,0.43,0.22,0.25,0.62,-0.84,0.56,-0.13,-0.21,-0.3,2778,1384,1394
677,Eric Williams,2003,-0.49,0.98,-0.12,-0.28,2.43,-1.16,-2.32,-1.14,-2.87,-0.07,0.45,-0.53,-0.88,0.43,-0.33,0.82,-0.22,-0.98,0.38,0.17,0.1,1.38,0.95,0.07,0.87,0.23,-1.13,1.34,0.21,0.04,-0.68,-0.45,0.88,0.46,-0.95,1.18,34148,17055,17093
1899,James Posey,2003,-1.33,-0.07,0.96,-0.35,1.4,-0.37,-2.37,-1.3,0.01,-0.63,-0.37,-0.25,0.33,0.01,-0.09,0.46,0.6,-0.1,-0.32,-0.36,-0.25,-0.08,0.92,0.25,0.67,0.59,-1.32,1.52,0.2,0.31,0.43,-1.75,0.63,0.89,-0.3,1.51,34180,17056,17124
317,John Starks,2003,-0.23,-0.25,-0.33,-0.54,2.11,-0.61,-1.78,0.58,1.89,1.09,0.3,0.79,0.16,-0.67,-0.33,-0.1,-0.46,0.21,0.14,-0.12,-0.07,1.48,0.47,-0.01,0.48,-0.02,0.96,-0.78,0.18,-0.62,1.11,-0.15,-0.36,-0.42,1.25,0.45,22114,11041,11073
2034,Mike Miller,2003,0.76,-0.07,-1.44,-0.54,3.01,0.85,-1.56,0.5,1.94,0.55,0.65,-0.11,-0.94,-0.08,-0.33,0.01,-0.05,1.4,-0.06,-1.4,-0.04,1.41,-0.22,-0.06,-0.16,0.07,0.32,-0.16,0.17,0.03,-0.54,0.86,-0.45,0.29,-0.39,-0.15,26409,13268,13141
948,Marcus Camby,2003,-0.8,-0.56,3.49,-0.99,-3.36,-0.15,-0.15,0.12,-1.33,-0.63,-0.28,-0.36,0.32,0.85,-0.35,0.76,0.79,-1.24,0.54,0.48,-0.06,0.78,-0.15,-0.12,-0.02,-0.19,-0.33,0.49,0.16,0.76,0.15,-0.48,-0.42,0.91,-0.31,-0.34,25840,12858,12982
1005,Walt Williams,2003,0.21,0.13,0.07,-0.22,3.87,0.6,-3.95,-1.04,1.72,0.24,0.39,-0.16,-0.48,-0.15,-0.14,-0.33,0.04,0.31,0.1,0.03,0.04,0.72,-0.28,-0.09,-0.19,0.61,0.29,-0.13,0.16,0.01,-0.43,0.72,0.51,-0.64,-0.24,0.33,26912,13479,13433
2128,David Vanterpool,2003,0.28,-0.1,0.61,0.4,-0.46,-0.51,-0.16,0.03,-0.24,-0.12,0.32,-0.45,-0.07,-0.55,-0.2,-0.12,-0.31,0.11,-0.02,0.01,-0.14,0.07,0.23,0.01,0.21,0.16,0.32,-0.17,0.15,0.22,0.35,-0.03,0.59,-0.76,-0.19,0.39,1565,783,782
1965,Rick Hughes,2003,-0.52,-0.48,-0.45,-0.48,0.09,0.25,0.36,-0.1,1.0,0.39,-0.1,0.48,0.27,-0.18,-0.0,-0.16,-0.07,-0.36,0.0,0.49,-0.09,-0.69,0.01,0.04,-0.02,-0.13,0.6,-0.45,0.15,0.31,0.6,0.0,-0.1,-0.35,0.66,-0.12,894,447,447
1863,Earl Boykins,2003,0.08,0.5,-1.58,0.23,1.12,-0.5,0.44,0.67,0.47,0.92,0.94,-0.02,1.02,-1.17,-0.31,-0.18,-0.34,-0.1,-0.21,0.27,-0.02,-1.61,0.56,0.29,0.28,-0.74,2.0,-1.87,0.13,-0.54,1.51,0.49,-1.05,-0.82,1.94,-0.18,10100,5042,5058
1038,Juaquin Hawkins,2003,0.4,-0.22,0.38,-0.06,-1.56,-0.13,1.18,0.54,0.38,-0.43,-0.18,-0.25,0.04,0.42,-0.06,0.4,0.0,-0.07,0.07,-0.33,0.09,0.32,-0.4,-0.33,-0.07,0.29,-0.06,0.17,0.11,-0.21,-0.09,0.03,0.64,-0.47,-0.39,-0.11,2418,1200,1218
1904,Devean George,2003,-2.19,-0.37,-1.51,-0.72,2.31,-0.6,-0.82,-0.4,-1.46,0.07,0.05,0.01,0.81,0.71,-0.61,0.35,0.45,-0.45,0.3,0.1,0.57,1.83,-0.09,0.16,-0.26,0.32,-0.59,0.69,0.11,0.48,0.7,-1.29,0.32,0.37,0.88,0.23,18923,9460,9463
2041,Etan Thomas,2003,-0.92,-0.62,-1.2,0.26,-1.61,-0.36,2.81,-0.02,-2.03,-0.31,-0.08,-0.21,0.68,0.64,0.22,0.3,-0.53,-0.02,0.27,-0.27,0.28,0.55,-0.13,-0.14,0.01,0.16,-0.94,1.04,0.1,-0.02,0.16,-1.1,-0.06,1.1,0.37,0.03,4138,2059,2079
1086,Joe Stephens,2003,-0.01,-0.17,0.26,-0.15,0.02,-0.14,-0.31,0.17,-0.48,0.02,0.1,-0.08,0.06,-0.26,-0.4,0.06,-0.1,-0.09,-0.05,0.02,0.07,0.69,0.33,0.22,0.09,0.01,0.06,0.03,0.09,-0.06,0.15,-0.09,-0.02,0.05,0.08,0.34,700,345,355
133,David Wesley,2003,0.09,0.68,-1.07,-1.06,1.2,0.31,-0.12,0.14,1.71,0.41,0.3,0.11,-0.9,-0.62,-0.13,-0.7,0.29,-0.08,-0.4,0.78,-0.09,-1.04,-0.45,-0.14,-0.31,0.65,0.7,-0.61,0.09,0.91,-0.18,0.88,0.36,-0.97,-0.49,0.2,51299,25557,25742
703,Kurt Thomas,2003,-0.22,-0.56,-0.78,0.17,-1.98,0.05,2.77,1.01,1.36,-0.57,-0.22,-0.33,-0.2,0.21,0.12,0.52,0.3,0.03,-0.38,-0.54,-0.13,-1.02,0.49,0.27,0.22,0.37,-1.29,1.37,0.08,0.0,0.51,-1.8,0.55,0.82,-0.77,0.86,41802,20919,20883
365,Derrick McKey,2003,0.33,0.9,-1.87,-0.14,-0.18,0.28,2.05,-0.24,-1.12,0.35,-0.0,0.36,-0.26,-0.0,-0.24,0.66,0.06,-1.06,0.18,0.4,-0.18,1.57,0.38,-0.59,0.96,-0.3,0.53,-0.45,0.07,-0.43,-0.69,1.22,0.43,-0.88,0.09,0.08,11882,5899,5983
692,Andrew DeClercq,2003,-1.71,-1.45,1.4,-0.49,-1.99,-0.76,0.59,0.01,0.43,-0.97,-0.6,-0.37,1.52,0.43,-0.39,0.98,-0.02,0.27,-0.09,-1.26,0.41,0.56,1.53,0.84,0.68,-0.7,-1.48,1.54,0.06,-0.04,0.97,-2.45,-0.24,1.78,0.55,0.83,22394,11177,11217
1845,Andrew Gaze,2003,-0.28,-0.05,-0.54,0.04,0.53,-0.05,0.01,-0.29,-0.15,-0.01,0.02,-0.05,0.29,0.02,-0.03,0.15,-0.02,-0.16,-0.05,0.01,0.01,0.22,0.01,-0.04,0.05,0.15,-0.01,0.07,0.06,-0.12,0.88,-0.89,0.12,-0.05,0.28,0.16,209,102,107
1731,Tyronn Lue,2003,-0.08,-0.24,-1.59,0.7,0.29,-0.82,1.29,0.8,-1.66,0.36,0.23,0.13,0.15,0.21,-0.7,0.35,-0.88,-0.09,0.41,-0.26,0.52,0.13,-0.54,-0.52,-0.02,-0.19,0.99,-0.94,0.05,0.14,0.19,0.8,-1.16,0.22,0.51,-0.73,16002,7974,8028
1915,Evan Eschmeyer,2003,-0.32,-0.4,0.29,-0.69,-0.72,0.31,0.45,0.0,0.66,-1.02,-0.62,-0.39,0.11,1.13,0.04,0.31,0.39,-0.2,0.11,-0.11,0.28,-0.86,-0.38,0.36,-0.75,0.25,-1.2,1.24,0.04,0.27,-0.1,-1.1,0.71,0.53,-0.91,-0.13,8287,4142,4145
147,Jalen Rose,2003,1.32,0.47,-1.79,0.52,-0.1,0.38,1.9,1.31,0.15,0.87,0.54,0.33,-1.36,0.62,-0.09,-0.07,-0.16,0.62,0.7,-0.56,0.29,0.3,-0.54,-0.18,-0.36,-0.6,0.91,-0.87,0.04,-0.27,-1.31,2.22,-0.77,-0.1,-0.49,-1.14,56642,28332,28310
165,Hakeem Olajuwon,2003,-1.12,-1.21,-0.61,0.78,-0.57,-0.26,1.19,0.05,1.73,-0.96,-0.62,-0.33,0.01,1.07,0.86,1.35,0.74,0.49,-0.27,-1.84,-0.09,0.32,0.52,-0.08,0.61,0.07,-2.55,2.57,0.02,0.43,-0.77,-1.78,1.09,1.48,-0.95,0.59,22148,11042,11106
1919,Laron Profit,2003,0.84,0.06,1.34,0.8,-0.3,-0.39,-1.05,-0.32,-1.41,-0.68,-0.56,-0.13,0.85,-0.78,0.1,-0.39,-0.45,-0.53,-0.2,0.9,0.03,-0.65,0.09,0.45,-0.35,-0.13,1.01,-1.0,0.01,-0.18,0.66,0.35,-0.17,-0.83,0.17,-0.04,3128,1563,1565
1499,Tony Battie,2003,-1.72,-1.08,-0.81,0.24,-0.97,-0.1,1.78,-0.37,-0.2,-0.74,-0.36,-0.38,0.03,2.41,0.3,2.22,0.44,-0.3,0.26,-1.92,0.65,1.1,-0.11,0.2,-0.31,0.44,-3.05,3.03,-0.01,-0.32,0.29,-3.34,0.84,2.19,-0.71,0.33,28808,14374,14434
1909,Scott Padgett,2003,-0.31,-0.34,1.59,-0.23,1.65,-0.26,-3.24,-0.89,1.05,-1.06,-1.09,0.02,0.79,0.09,-0.68,-0.12,0.27,-0.96,-0.14,1.08,0.77,1.47,0.26,0.06,0.2,0.28,-0.0,-0.01,-0.02,-0.07,0.45,-0.45,-0.01,-0.0,-0.27,0.54,12100,6055,6045
1108,Tony Farmer,2003,1.12,0.79,0.64,0.23,-0.12,0.03,-0.51,-0.36,-0.37,0.3,0.17,0.14,0.15,-2.04,-0.44,-0.65,-0.64,-0.55,-0.24,1.18,-0.07,-0.98,0.41,0.23,0.18,0.16,1.37,-1.39,-0.02,-0.12,0.76,0.61,0.35,-1.74,0.45,0.57,4852,2445,2407
356,Chris Morris,2003,-1.4,-0.38,-0.2,-0.38,0.74,-0.29,-0.54,-0.35,0.13,-0.17,-0.51,0.33,0.82,-0.41,-0.04,0.3,-0.35,-0.43,0.05,0.13,-0.04,-0.86,0.13,0.11,0.02,-0.06,0.24,-0.27,-0.03,1.06,1.59,-1.35,-0.37,0.1,0.65,0.07,1975,984,991
296,Rick Fox,2003,-0.89,-0.33,0.27,0.32,1.69,-0.28,-1.94,-0.4,1.12,0.01,0.12,-0.1,-0.13,0.29,-0.42,0.83,-0.4,0.17,-0.11,-0.99,0.38,1.74,-0.01,-0.15,0.15,0.53,-0.59,0.55,-0.04,0.16,-0.17,-0.42,1.01,-0.46,-0.12,0.52,41844,20932,20912
988,Randy Livingston,2003,-1.05,-0.13,1.23,-0.19,-0.14,-0.36,-1.06,-0.05,1.48,0.08,-0.2,0.27,-0.43,0.68,-0.08,0.24,0.4,-0.45,0.03,0.21,0.05,0.64,-0.06,-0.45,0.38,0.22,-0.88,0.84,-0.04,0.52,0.03,-0.91,0.66,0.18,-0.35,0.16,5432,2717,2715
134,Kevin Johnson,2003,-0.03,-0.19,-0.44,-0.13,-0.02,-0.14,0.46,0.37,0.36,0.02,-0.45,0.47,-0.31,0.75,0.07,0.26,0.03,0.06,-0.03,-0.32,0.11,-0.14,-0.15,0.01,-0.16,-0.07,-0.47,0.43,-0.04,-0.25,-0.1,-0.37,0.02,0.41,-0.29,-0.22,903,453,450
2365,Chris Andersen,2003,-1.77,-0.45,2.5,-1.06,-1.58,-0.71,-0.91,-0.95,-3.1,-0.67,-0.45,-0.21,1.03,0.49,-0.03,-0.53,0.46,-0.15,-0.06,0.68,0.2,-0.19,0.43,0.4,0.04,-0.12,-0.47,0.42,-0.05,0.56,0.81,-1.28,0.21,0.21,0.36,0.31,4316,2148,2168
2246,Mehmet Okur,2003,-1.18,-0.09,-0.61,-0.84,2.16,-0.27,-1.56,0.2,2.09,0.13,0.6,-0.47,0.88,-0.53,-0.37,-0.13,0.14,0.09,-0.06,0.04,-0.07,0.9,-0.34,-0.56,0.22,0.44,-0.01,-0.06,-0.07,0.53,0.68,-0.69,0.84,-0.9,1.01,0.1,5996,2997,2999
234,Khalid Reeves,2003,-0.5,0.1,0.22,-0.18,-0.14,-0.1,-0.11,-0.28,0.37,-0.13,-0.24,0.1,0.26,-0.3,-0.14,0.14,-0.13,-0.34,-0.08,0.2,0.06,-0.09,0.21,0.09,0.11,0.04,-0.07,-0.01,-0.08,0.34,-0.14,0.07,0.2,-0.21,0.13,0.25,566,284,282
699,Brent Barry,2003,1.8,0.1,0.51,1.18,2.5,0.15,-3.02,0.47,1.6,0.54,0.04,0.51,-1.16,-0.96,0.02,0.29,-1.44,-0.19,0.07,-0.11,-0.3,-0.23,0.23,0.52,-0.28,-0.11,0.4,-0.48,-0.08,-0.42,-1.07,1.47,0.04,-0.52,-0.62,0.12,42073,21084,20989
1722,Michael Dickerson,2003,1.33,0.58,-0.66,0.78,1.24,0.28,-0.58,0.4,0.22,-0.26,-0.13,-0.14,-0.4,-0.02,0.28,0.13,-0.89,0.1,0.3,-0.25,-0.26,-0.14,-0.73,-0.42,-0.32,0.12,0.67,-0.74,-0.08,-0.12,-0.76,1.43,-0.72,-0.02,-0.66,-0.61,28376,14171,14205
1734,Sam Jacobson,2003,1.15,0.37,-0.31,-0.05,-0.15,-0.32,0.46,0.89,-0.93,0.86,0.48,0.38,-0.03,-2.05,-0.79,0.18,-0.37,-0.25,-0.18,0.07,-0.49,-0.39,0.27,0.15,0.12,0.01,1.41,-1.5,-0.09,-0.3,-0.27,1.68,0.3,-1.8,0.83,0.28,2968,1475,1493
2250,Bobby Simmons,2003,-0.54,0.45,-0.03,-0.07,-2.04,-0.21,2.06,-0.04,-1.63,0.62,0.57,0.04,1.06,-1.49,-0.19,0.37,-0.5,-0.65,-0.43,0.28,0.01,-1.61,-0.11,-0.19,0.08,0.22,1.24,-1.34,-0.1,0.14,1.27,-0.03,0.09,-1.43,1.68,0.11,2607,1292,1315
440,Zan Tabak,2003,-0.2,-0.91,-0.16,-0.43,-0.64,0.26,0.8,0.47,1.2,-1.81,-0.77,-1.04,0.49,0.92,-0.02,0.34,0.08,0.07,-0.01,-0.41,0.43,0.39,-0.11,0.12,-0.22,0.14,-1.23,1.13,-0.11,0.46,0.55,-1.78,0.17,0.96,-1.32,0.03,3485,1735,1750
2224,Jamaal Tinsley,2003,0.39,0.48,0.51,0.93,0.14,-0.63,-0.68,-0.29,1.16,0.47,-0.19,0.67,-0.22,-1.09,-0.46,-0.45,-0.5,0.32,-0.2,0.14,0.26,-0.04,0.65,0.12,0.53,0.18,0.1,-0.22,-0.12,-0.5,0.33,-0.23,-0.25,0.03,0.25,0.83,18824,9416,9408
672,Matt Bullard,2003,0.89,-0.4,-0.72,-0.58,4.73,1.11,-4.02,-0.43,2.14,1.67,0.99,0.68,-1.05,-0.04,0.24,0.31,-0.01,0.77,0.09,-1.09,-0.46,-0.0,-1.12,-1.17,0.06,-0.2,1.54,-1.67,-0.13,-0.28,-0.44,1.98,-0.8,-0.87,0.62,-1.32,10409,5219,5190
2397,Yao Ming,2003,0.34,0.54,0.6,0.63,-2.02,0.17,1.43,-0.31,-1.29,-0.71,-0.13,-0.56,0.38,0.97,0.06,0.88,0.49,0.03,-0.16,-0.91,0.3,0.71,-0.55,-0.05,-0.49,0.06,-1.03,0.89,-0.14,-0.63,0.43,-1.46,-0.0,0.89,-0.33,-0.49,8763,4376,4387
1073,Reggie Slater,2003,-0.02,0.05,1.82,-0.46,-1.52,0.14,-0.29,-0.4,-0.62,-0.26,0.37,-0.62,1.35,-0.88,0.02,0.31,-0.41,-0.33,0.04,0.03,-0.4,-1.18,-0.52,0.0,-0.52,0.11,1.4,-1.54,-0.14,0.08,1.46,-0.06,-0.46,-1.08,1.09,-0.41,4497,2247,2250
964,Roy Rogers,2003,-0.7,-0.05,-0.27,0.15,-0.12,-0.33,0.39,-0.33,-1.08,-0.39,-0.24,-0.16,0.47,0.31,0.05,-0.15,0.13,-0.07,0.12,0.22,-0.15,0.12,-0.15,-0.06,-0.09,0.07,-0.29,0.14,-0.15,0.24,0.47,-0.76,0.04,0.1,0.08,-0.08,1361,668,693
2046,Desmond Mason,2003,0.74,0.25,0.01,-0.38,-2.19,0.17,2.17,1.03,-0.7,0.38,0.28,0.11,-0.09,-0.83,-0.74,-0.45,0.18,-0.29,-0.44,0.74,0.22,0.82,0.38,-0.07,0.45,-0.33,1.1,-1.28,-0.17,-0.42,0.1,1.0,-0.51,-0.77,0.29,0.05,26191,13096,13095
1065,Erick Strickland,2003,-0.71,0.32,-2.01,-0.13,3.44,-0.57,-1.44,-0.64,-0.67,0.47,-0.01,0.48,-1.06,-0.29,-0.26,1.45,-0.44,-1.32,0.05,-0.11,0.15,0.48,0.61,0.43,0.16,0.16,-0.65,0.48,-0.17,0.65,-0.46,-0.19,-0.05,0.53,-0.59,0.77,24787,12365,12422
2092,Ruben Garces,2003,-1.0,-0.35,0.26,-0.37,-0.24,-0.12,-0.05,-0.21,-0.38,-0.07,-0.08,0.0,0.45,-0.03,-0.17,-0.01,-0.13,-0.31,0.06,0.31,0.08,0.08,0.0,0.02,-0.02,0.04,-0.09,-0.09,-0.17,0.44,0.6,-0.69,0.17,-0.26,0.38,0.04,290,144,146
1733,Al Harrington,2003,-0.51,0.14,0.22,0.64,-2.87,-0.24,2.64,-0.31,-0.17,-0.49,-0.24,-0.25,0.47,-0.29,-0.36,0.27,-0.1,-0.28,0.19,0.02,0.06,0.44,0.43,-0.16,0.61,0.2,-0.45,0.27,-0.18,0.01,0.23,-0.68,0.64,-0.37,-0.02,0.63,25591,12739,12852
469,Jamal Mashburn,2003,-0.28,-0.55,-1.25,-0.47,0.2,0.89,1.06,0.46,-0.34,0.77,0.26,0.5,-0.36,1.36,0.37,-0.8,1.09,0.43,0.46,0.38,-0.02,0.89,-0.73,-0.15,-0.59,0.39,-1.48,1.29,-0.19,-1.34,0.05,-1.53,0.37,0.92,0.41,-0.34,45891,22956,22935
970,Othella Harrington,2003,-0.1,-0.23,-1.86,0.52,-1.2,0.53,3.05,0.52,-0.32,-1.96,-0.97,-0.98,1.16,0.64,0.54,0.28,-0.88,0.65,0.13,-0.94,0.38,-0.47,0.04,-0.18,0.21,0.23,-1.52,1.34,-0.19,-0.2,1.09,-2.61,0.43,0.91,-0.8,0.27,32656,16328,16328
426,Terry Davis,2003,-0.88,-0.48,-0.65,-0.48,-0.32,0.22,0.98,-0.32,0.25,0.53,0.49,0.02,0.1,-0.94,0.15,0.26,-0.71,0.4,-0.03,-0.67,-0.37,-0.88,0.26,0.04,0.22,0.38,-0.31,0.1,-0.2,0.35,1.07,-1.38,0.6,-0.5,0.63,0.64,2943,1469,1474
1714,Robert Traylor,2003,-0.09,-1.22,2.52,0.16,-2.85,0.44,0.32,-0.3,1.07,-1.6,0.04,-1.64,1.73,-0.79,-0.47,-0.78,-0.18,0.48,0.12,0.29,0.05,-0.29,0.41,0.6,-0.19,0.01,0.25,-0.46,-0.21,0.12,0.77,-0.52,-0.08,-0.38,0.13,0.42,15406,7674,7732
1727,Pat Garrity,2003,1.51,0.08,-1.31,-0.93,3.73,1.5,-2.43,0.87,0.7,1.09,1.02,0.07,-1.82,-1.18,-0.1,0.61,-1.24,-0.99,0.22,0.38,-0.47,-1.93,-0.28,-0.26,-0.01,0.11,1.14,-1.35,-0.21,0.36,-1.12,2.26,0.78,-2.13,-0.73,-0.17,34396,17344,17052
1902,Jeff Foster,2003,-2.9,-1.04,-0.2,0.11,-1.64,-0.47,1.84,-1.5,-0.02,-1.43,-0.47,-0.97,2.24,0.23,-0.22,0.47,-0.16,-0.86,-0.33,0.39,0.86,1.02,0.25,0.18,0.07,0.82,-1.64,1.41,-0.23,0.56,2.77,-4.41,0.78,0.63,0.81,1.07,15091,7466,7625
2407,Jared Jeffries,2003,-0.33,-0.55,-0.42,0.15,0.12,-0.28,0.29,0.14,-0.07,-0.77,-0.17,-0.59,-0.0,0.29,-0.05,0.62,-0.17,-0.0,0.08,-0.61,0.01,0.43,0.16,-0.06,0.21,0.2,-1.03,0.79,-0.24,0.21,-0.19,-0.84,0.38,0.41,-0.77,0.36,1036,521,515
89,Nick Van Exel,2003,0.67,0.48,-1.16,-0.88,3.57,-0.05,-2.4,0.85,0.85,2.26,1.02,1.23,-0.9,-1.48,-0.25,-0.25,-0.78,-1.44,-0.21,1.69,0.11,-2.81,-1.32,-0.61,-0.72,-0.04,3.09,-3.33,-0.24,0.57,0.16,2.93,-0.51,-2.82,1.36,-1.36,48368,24191,24177
278,Stacey Augmon,2003,-1.18,0.43,0.44,-1.17,-1.47,0.27,1.04,-0.44,-2.36,-0.92,-0.25,-0.67,0.45,0.52,-0.52,-1.8,1.75,-0.12,-0.04,1.91,0.62,1.31,0.54,0.12,0.42,0.16,-0.96,0.71,-0.25,0.18,0.31,-1.27,0.4,0.31,-0.47,0.7,19512,9648,9864
998,Mark Pope,2003,-0.82,-1.34,-1.51,-0.4,0.64,-0.17,0.87,0.92,0.33,0.82,0.39,0.44,-1.0,0.24,0.19,0.13,-0.09,0.24,0.09,-0.38,-0.06,0.53,-0.58,-0.43,-0.14,0.36,-0.63,0.37,-0.26,0.72,-1.28,0.65,0.05,0.32,-0.18,-0.22,5322,2651,2671
2039,Keyon Dooling,2003,0.97,0.39,0.62,0.57,1.92,-0.42,-2.53,-0.63,-2.64,-0.36,0.37,-0.74,-0.51,0.33,-0.38,0.36,-0.25,-0.22,0.17,-0.14,0.57,-0.27,0.0,-0.27,0.28,-0.43,0.0,-0.26,-0.26,-0.26,-0.83,0.83,-0.35,0.09,-0.87,-0.43,8710,4358,4352
28,Doug West,2003,-0.69,0.51,1.54,-0.72,-1.34,-0.44,-0.2,-0.19,-1.54,0.19,-0.04,0.21,-0.31,-0.19,-0.24,-0.23,-0.06,0.16,0.05,0.08,-0.11,0.71,1.13,0.14,0.98,0.11,-0.7,0.42,-0.27,-0.51,-0.28,-0.42,0.14,0.28,-0.12,1.24,3910,1950,1960
258,Brian Grant,2003,-0.35,0.32,-0.49,-0.29,-1.59,-0.64,2.08,0.36,-0.77,-0.67,-0.41,-0.25,1.2,-0.18,0.39,1.11,0.26,-0.0,0.19,-1.11,-0.78,0.27,-0.15,-0.52,0.36,0.22,-0.53,0.25,-0.28,-0.35,1.33,-1.86,0.22,0.03,0.53,0.07,40557,20275,20282
446,Lucious Harris,2003,-1.61,0.05,-0.82,-1.54,0.07,-0.82,0.76,-0.0,-1.48,1.36,0.86,0.5,0.19,-0.31,0.18,-0.7,0.57,0.2,-0.6,0.51,0.08,0.61,0.28,-0.06,0.35,-0.44,-0.02,-0.26,-0.28,0.25,0.49,-0.51,0.06,-0.32,1.55,-0.16,31712,15865,15847
954,Kerry Kittles,2003,-0.63,-0.81,0.74,-0.13,1.4,0.32,-2.16,-0.54,1.87,0.33,-0.06,0.39,-0.28,0.18,0.53,-1.73,0.77,0.72,-0.11,1.01,-0.07,1.2,0.07,-0.02,0.09,-0.16,-0.68,0.37,-0.3,0.19,-0.03,-0.65,0.23,0.14,0.05,-0.09,34846,17490,17356
952,Antoine Walker,2003,0.88,-0.23,3.12,-0.66,4.63,-0.04,-7.74,-0.99,1.54,1.29,0.86,0.44,-0.6,-1.77,-0.31,-1.4,-1.26,-0.14,-0.06,1.55,0.11,-1.41,-0.12,-0.23,0.11,-0.34,1.34,-1.64,-0.3,0.36,-0.44,1.78,-0.33,-1.31,0.69,-0.46,59247,29692,29555
1525,Charles O'Bannon,2003,-0.85,-0.42,-0.57,-0.27,-0.46,-0.07,1.04,0.04,0.15,-0.06,-0.0,-0.06,0.4,0.51,-0.05,0.05,0.01,-0.1,0.04,0.04,0.15,0.26,-0.35,-0.22,-0.13,0.11,-0.57,0.26,-0.31,-0.07,0.79,-1.36,-0.51,0.77,0.34,-0.24,595,291,304
2204,Eddie Griffin,2003,-1.97,-1.23,-2.05,-0.15,1.4,-0.45,0.63,-0.12,-0.64,0.47,-0.13,0.61,-0.03,1.73,0.71,-0.82,1.4,0.1,0.01,0.73,-0.03,-0.88,-0.54,-0.15,-0.39,-0.21,-1.43,1.11,-0.32,0.23,-0.47,-0.96,0.03,1.08,0.44,-0.75,13717,6834,6883
2249,Jamison Brewer,2003,-0.76,-0.38,-0.42,-0.0,0.03,-0.12,0.39,-0.29,0.32,0.01,-0.1,0.1,0.19,-0.16,-0.26,0.31,-0.15,-0.17,-0.02,-0.14,0.02,0.1,-0.14,-0.16,0.02,0.2,-0.33,-0.02,-0.35,0.31,0.04,-0.37,0.35,-0.37,0.2,0.06,457,223,234
21,Greg Anthony,2003,-0.36,0.05,-0.76,-0.41,2.26,-0.34,-1.52,-0.04,0.15,-0.27,0.17,-0.44,-0.04,-0.12,-0.35,-0.81,-0.08,-0.16,0.25,0.97,0.29,0.29,1.4,0.52,0.87,-0.32,-0.7,0.33,-0.36,-0.65,0.68,-1.38,-0.46,0.79,-0.31,1.08,18883,9411,9472
1507,Derek Anderson,2003,-0.07,0.64,-0.15,0.77,1.68,0.01,-1.53,-0.86,-0.56,0.59,0.42,0.2,-1.22,-0.9,-0.1,-0.4,-0.88,0.12,0.08,0.29,-0.02,-0.24,0.61,0.43,0.19,0.62,-0.33,-0.04,-0.36,0.01,-0.7,0.37,0.84,-0.88,-0.63,1.23,39680,19877,19803
1133,Corey Beck,2003,0.22,-0.12,-0.27,0.03,-0.16,0.1,0.43,-0.03,0.27,0.01,0.19,-0.19,-0.03,-0.37,-0.12,-0.11,-0.18,0.08,-0.03,0.02,-0.05,-0.08,-0.15,-0.13,-0.02,0.02,0.14,-0.51,-0.37,-0.07,-0.05,0.19,0.15,-0.66,-0.02,-0.13,631,313,318
757,Damon Stoudamire,2003,-0.45,-0.02,-1.05,-0.59,0.94,0.27,0.1,-0.04,1.12,1.51,0.65,0.86,-0.06,-0.73,-0.14,-0.48,0.77,0.4,0.11,0.08,-0.71,-1.36,-0.76,-0.46,-0.32,0.65,1.46,-1.84,-0.38,-0.54,0.44,1.02,0.2,-2.04,1.45,-0.11,43735,21907,21828
400,Derek Strong,2003,-1.04,-0.17,0.28,-0.83,-1.27,0.12,1.0,-0.32,-2.33,-1.45,-0.35,-1.11,1.21,-0.62,0.75,-0.27,-0.45,0.17,-0.05,0.09,-0.39,-1.11,0.34,-0.05,0.39,0.47,-0.81,0.42,-0.39,0.7,1.55,-2.36,0.71,-0.29,-0.24,0.81,4899,2461,2438
2074,Jabari Smith,2003,0.77,0.03,0.26,-0.05,-0.62,-0.02,0.35,0.25,0.46,-0.33,-0.17,-0.18,-0.31,0.04,-0.1,-0.33,0.14,-0.08,0.04,0.4,-0.04,0.47,0.09,0.14,-0.05,-0.22,-0.06,-0.33,-0.39,-0.43,-0.52,0.46,-0.09,-0.24,-0.64,-0.13,966,484,482
1511,Johnny Taylor,2003,0.36,-0.42,-1.0,-0.59,0.72,0.2,0.29,0.39,0.93,0.39,-0.41,0.8,-0.81,-0.34,-0.24,-0.02,-0.08,-0.24,-0.04,0.26,0.02,0.23,-0.08,-0.13,0.05,0.11,0.02,-0.42,-0.4,-0.03,-0.42,0.44,0.09,-0.51,-0.42,0.03,2915,1463,1452
686,Antonio McDyess,2003,0.82,-0.44,0.62,1.4,-0.32,-0.81,-0.28,0.38,3.53,-0.42,-0.68,0.25,-0.66,0.99,0.77,0.56,-0.32,0.53,-0.56,-1.1,0.49,-1.95,-1.23,-0.73,-0.49,0.38,-0.84,0.43,-0.41,-0.29,-1.07,0.23,0.45,-0.02,-1.08,-0.85,28174,14086,14088
1498,Antonio Daniels,2003,0.88,0.51,0.2,0.97,0.14,-0.27,-0.33,-0.01,-1.05,0.88,0.25,0.62,-0.46,-1.24,0.1,-0.69,-0.48,-0.5,0.56,1.19,-0.49,-0.24,-0.22,0.12,-0.34,-0.22,1.8,-2.21,-0.42,-0.04,0.15,1.65,0.09,-2.3,0.42,-0.44,28472,14192,14280
339,Tom Gugliotta,2003,-0.6,-0.23,-1.07,-0.23,-3.36,-0.08,4.42,0.75,0.6,0.63,0.06,0.57,-0.37,-0.45,0.54,0.22,-0.29,-0.57,0.02,0.36,-0.31,-1.34,0.35,0.11,0.26,0.26,-0.65,0.22,-0.43,-0.25,-0.88,0.23,-0.37,0.59,0.26,0.61,23696,11838,11858
1572,Nate Huffman,2003,0.1,0.05,-0.0,-0.26,0.03,0.02,-0.05,0.11,0.55,-0.08,-0.08,0.0,-0.13,-0.73,-0.22,-0.03,-0.18,-0.06,-0.11,0.08,-0.14,-0.37,0.07,-0.01,0.08,0.08,0.08,-0.52,-0.44,0.25,0.09,-0.01,0.11,-0.63,-0.21,0.15,283,139,144
2225,Tony Parker,2003,1.24,0.1,2.54,0.8,0.15,-0.32,-2.72,0.0,-1.92,-0.04,0.02,-0.06,-0.56,-1.03,0.18,-1.42,0.12,1.05,-0.34,0.38,0.17,-0.4,-0.35,-0.09,-0.27,0.02,0.91,-1.36,-0.45,0.27,-0.39,1.3,-0.63,-0.73,-0.6,-0.33,22922,11485,11437
29,Jim McIlvaine,2003,-1.41,-0.5,-0.44,-0.43,-0.84,0.0,1.28,-0.76,-1.25,-0.74,-0.01,-0.73,0.29,0.99,-0.02,0.63,0.78,-0.13,-0.39,-0.51,0.29,0.64,0.88,0.14,0.73,-0.39,-2.16,1.71,-0.45,-0.07,-0.24,-1.92,0.22,1.49,-0.45,0.49,5718,2854,2864
1510,Brevin Knight,2003,-0.88,0.29,1.23,-0.62,-2.58,-0.25,1.34,-0.51,1.32,-0.16,-0.49,0.33,-0.36,-0.12,-0.44,0.85,0.31,-0.68,-0.23,-0.16,0.04,-0.3,1.47,0.21,1.26,-0.25,-1.67,1.21,-0.46,-0.16,-1.2,-0.47,0.12,1.09,-0.52,1.22,24908,12460,12448
2501,Reggie Evans,2003,-1.99,-0.65,-2.61,-0.45,-0.64,-0.11,3.25,-0.27,-1.85,-0.51,0.11,-0.63,1.48,-0.16,0.06,0.42,-0.67,-0.19,0.04,-0.22,0.0,-0.49,0.16,0.23,-0.08,0.23,-1.02,0.55,-0.47,0.32,0.72,-1.74,0.55,-0.0,0.97,0.39,4861,2425,2436
201,Chris Dudley,2003,-3.05,-1.5,-0.64,-2.05,-1.38,-0.47,2.02,0.5,0.3,-0.94,0.06,-1.02,2.05,0.53,0.35,1.37,0.17,0.71,-0.21,-2.09,0.0,-1.09,-0.12,-0.23,0.12,0.32,-1.49,1.01,-0.47,0.74,0.78,-2.27,0.54,0.47,1.11,0.2,8833,4384,4449
72,Kenny Anderson,2003,-2.16,-0.59,0.92,-1.48,-3.37,0.18,2.46,-0.06,-1.81,0.78,0.67,0.11,0.63,-0.02,-0.5,-0.58,-0.21,0.12,0.12,0.46,0.51,1.6,0.45,0.25,0.2,0.25,-1.25,0.76,-0.49,-0.42,0.99,-2.24,-0.39,1.15,1.41,0.7,32784,16410,16374
1908,Jumaine Jones,2003,-0.33,-0.61,-1.32,1.27,1.6,-0.23,-0.26,-0.43,2.37,0.33,-0.01,0.36,0.63,-0.88,-0.21,-0.61,0.32,-0.11,-0.71,0.73,-0.16,-1.58,0.05,-0.06,0.11,-0.4,0.89,-1.39,-0.5,0.1,0.55,0.34,0.15,-1.54,0.96,-0.35,21495,10725,10770
2306,Carlos Arroyo,2003,0.13,-0.27,2.13,-0.19,-1.33,-0.4,-0.82,-0.06,-0.47,-0.0,0.19,-0.2,-0.04,-0.49,-0.34,-0.84,-0.23,-0.19,0.19,1.02,0.11,0.14,0.27,0.28,-0.01,0.02,-0.09,-0.4,-0.5,-0.39,-0.17,0.08,0.24,-0.64,-0.04,0.29,2502,1259,1243
180,John Crotty,2003,-0.21,0.43,1.1,-1.1,1.05,-0.27,-2.15,-0.08,0.02,0.19,0.16,0.04,0.07,-0.18,-0.71,0.71,0.04,0.03,-0.02,-0.75,-0.01,0.94,0.18,0.05,0.12,-0.32,0.36,-0.87,-0.51,-0.24,0.41,-0.05,-0.55,-0.32,0.26,-0.14,9690,4836,4854
302,Mookie Blaylock,2003,-2.08,-0.33,-1.1,-0.61,1.25,-0.97,-0.15,-0.95,-0.22,1.54,0.55,0.98,-0.15,-0.13,0.33,-0.71,-0.53,0.14,0.22,0.56,0.06,-0.14,0.75,0.41,0.35,-0.47,-1.04,0.53,-0.51,0.03,-0.03,-1.01,0.09,0.44,1.39,0.28,28437,14223,14214
210,Terrell Brandon,2003,-0.74,-0.26,-0.35,0.97,-2.0,-0.13,2.34,0.02,1.44,1.2,0.48,0.73,-0.02,-1.03,-0.49,-0.96,0.29,0.59,-0.38,0.37,0.02,0.19,0.68,0.7,-0.02,0.04,-0.08,-0.44,-0.52,-0.65,-0.25,0.17,0.12,-0.56,1.18,0.72,30372,15254,15118
1724,Bryce Drew,2003,-0.88,-0.64,-0.61,0.32,1.69,-0.0,-1.06,-0.82,1.39,0.96,0.16,0.79,-0.88,0.49,0.17,-0.68,0.26,0.16,0.29,0.52,-0.07,0.91,-0.4,-0.39,-0.01,0.23,-0.82,0.29,-0.53,-0.05,-0.55,-0.27,0.44,-0.15,0.08,-0.17,14490,7240,7250
236,Kevin Edwards,2003,-1.07,0.1,-0.45,-0.11,-0.8,-0.35,1.24,0.05,-0.45,-0.11,0.19,-0.31,0.19,-0.23,0.11,-0.46,-0.22,0.18,-0.11,0.28,0.09,0.39,0.46,0.08,0.38,0.18,-0.33,-0.2,-0.53,0.05,0.07,-0.4,0.04,-0.24,0.08,0.64,2400,1193,1207
168,Chris Mills,2003,-0.45,-0.33,-1.57,0.64,0.17,-1.05,1.4,0.02,0.11,-0.22,0.36,-0.57,0.54,-0.36,-0.68,-0.37,-0.39,0.3,-0.32,0.05,1.12,0.15,0.14,-0.04,0.19,-0.07,-0.29,-0.25,-0.54,-0.12,0.43,-0.72,0.5,-0.75,0.32,0.07,15196,7597,7599
1910,Leon Smith,2003,-0.36,-0.04,0.06,-0.2,-0.45,-0.18,0.38,0.08,-0.57,-0.06,0.06,-0.12,0.11,-0.5,-0.16,0.0,-0.18,-0.09,-0.05,0.09,-0.1,-0.0,0.12,0.02,0.09,0.14,-0.32,-0.23,-0.55,0.0,0.15,-0.47,0.12,-0.35,0.05,0.26,375,188,187
2244,Jeff Trepagnier,2003,-0.27,-0.05,0.24,-0.36,0.1,0.09,-0.36,-0.19,0.58,-0.32,-0.38,0.05,-0.19,0.02,0.1,-0.08,-0.12,0.03,-0.03,0.04,0.07,-0.57,0.05,0.02,0.01,-0.07,-0.48,-0.07,-0.56,0.22,-0.03,-0.45,0.03,-0.1,-0.51,-0.02,622,313,309
1918,Obinna Ekezie,2003,-0.46,-0.16,-0.11,-0.59,-0.95,0.28,1.06,-0.07,-1.16,-0.63,-0.45,-0.17,1.0,-0.23,-0.03,1.17,-0.38,-0.59,0.09,-0.57,-0.27,-0.82,0.0,-0.22,0.22,-0.11,-0.27,-0.29,-0.56,-0.13,-0.01,-0.26,-0.42,0.13,0.37,-0.11,2930,1458,1472
1898,Cal Bowdler,2003,-0.47,0.32,1.5,-0.21,-0.73,-0.44,-0.75,-0.49,-0.28,0.92,0.55,0.38,-0.13,-0.68,-0.12,-0.49,-0.76,0.24,0.01,0.25,0.3,-1.33,-0.15,0.33,-0.48,-0.01,0.49,-1.06,-0.57,-0.05,-0.05,0.54,0.06,-1.12,0.79,-0.16,5190,2613,2577
1723,Matt Harpring,2003,-0.82,0.24,0.09,0.15,-2.52,-0.75,2.4,-0.27,0.11,-0.69,-0.35,-0.35,1.5,0.0,-0.01,-0.15,-0.01,-0.63,0.33,0.78,0.03,-1.03,0.19,-0.25,0.45,-0.28,-0.07,-0.5,-0.57,-0.47,1.14,-1.21,0.36,-0.86,0.81,-0.09,30236,15076,15160
281,Scott Williams,2003,-2.44,-0.95,-2.49,-0.61,-2.58,0.82,5.08,-0.17,0.71,0.06,-0.02,0.08,1.02,-0.21,0.52,0.38,-0.21,0.07,-0.25,-0.45,-0.29,-2.22,0.62,0.27,0.35,0.34,-1.52,0.94,-0.58,0.03,0.8,-2.32,-0.17,1.11,1.08,0.96,18366,9196,9170
393,Rod Strickland,2003,0.59,0.21,0.61,1.87,-3.13,-0.49,2.52,-0.02,-0.21,0.22,0.44,-0.21,0.0,-0.53,-0.42,0.45,-0.56,-0.11,-0.35,-0.35,0.36,0.06,-0.29,-0.32,0.02,-0.4,0.2,-0.8,-0.6,-0.19,-0.54,0.74,-0.04,-0.76,0.22,-0.69,31762,15912,15850
2437,Lonny Baxter,2003,-1.43,0.16,0.44,-0.46,-0.96,-0.29,0.5,-0.41,-2.31,-0.3,0.49,-0.79,0.57,0.15,-0.03,-0.23,-0.06,-0.71,0.23,0.94,-0.09,-1.1,0.07,0.08,-0.01,0.11,-0.59,-0.01,-0.61,0.22,0.8,-1.39,0.09,-0.1,0.27,0.18,2614,1310,1304
1737,Nazr Mohammed,2003,-0.52,-0.88,1.36,-0.18,-2.22,0.76,0.85,-0.87,-0.55,-1.43,-0.23,-1.22,0.78,-0.25,0.28,0.66,-0.5,-0.14,-0.51,-0.52,0.21,-1.3,-0.18,0.38,-0.55,0.22,-0.61,-0.01,-0.61,0.77,0.46,-1.07,0.4,-0.41,-0.65,0.04,14571,7241,7330
213,Antonio Davis,2003,-0.85,0.24,-1.16,-0.63,-0.91,0.33,2.06,0.05,-0.16,-0.16,-0.26,0.12,0.93,-0.06,0.35,-0.08,0.85,0.96,0.23,-0.87,-0.99,0.91,-0.53,-0.34,-0.19,0.45,-0.57,-0.04,-0.62,-0.4,0.23,-0.8,0.17,-0.21,0.77,-0.08,45666,22818,22848
320,Jamie Watson,2003,-0.24,-0.05,-0.44,-0.02,0.19,-0.05,0.25,-0.11,-0.32,0.02,-0.01,0.02,-0.08,-0.18,-0.05,0.15,-0.02,-0.07,-0.06,-0.08,-0.1,-0.32,-0.08,-0.02,-0.07,0.05,-0.32,-0.31,-0.62,-0.11,-0.01,-0.31,0.02,-0.33,-0.06,-0.03,55,28,27
7,Dan Schayes,2003,-0.17,-0.09,0.04,-0.1,-0.25,-0.18,0.19,-0.03,-0.86,-0.05,0.3,-0.35,0.06,-0.31,-0.04,-0.04,0.05,-0.1,-0.06,0.14,-0.17,0.11,-0.04,-0.18,0.14,0.24,-0.42,-0.22,-0.63,-0.36,0.5,-0.92,-0.03,-0.19,0.01,0.2,512,258,254
1517,Bobby Jackson,2003,-2.59,-0.13,0.71,-0.81,-0.63,-0.1,-0.06,-2.09,-2.32,0.48,0.53,-0.06,1.06,0.81,-0.54,0.01,-0.03,0.46,0.71,-0.46,0.81,1.05,0.15,0.23,-0.07,-0.57,-0.78,0.15,-0.63,0.03,0.59,-1.37,-0.32,0.47,1.54,-0.42,30397,15185,15212
35,Eric Riley,2003,-0.57,-0.57,-0.33,-0.31,-0.63,0.17,0.97,0.04,0.28,-0.87,-0.48,-0.39,0.14,0.37,-0.33,-0.42,-0.07,0.18,0.14,0.23,0.35,0.19,0.07,-0.19,0.26,0.07,-1.2,0.58,-0.63,0.16,-0.36,-0.84,0.16,0.42,-0.73,0.14,1377,686,691
2056,Primoz Brezec,2003,-0.68,0.0,-0.31,-0.16,-1.11,-0.1,1.41,-0.22,-0.6,-0.32,-0.11,-0.2,0.41,0.08,-0.08,0.12,0.04,-0.16,-0.04,0.04,0.09,0.34,-0.11,-0.29,0.19,-0.07,-0.26,-0.37,-0.63,0.06,0.74,-1.0,-0.45,0.08,0.09,-0.18,967,484,483
2201,Eddy Curry,2003,1.67,-0.41,3.47,0.26,-2.13,-0.27,-1.33,0.8,0.55,-1.42,-0.39,-1.03,-0.1,-0.63,0.06,-1.25,0.21,0.62,0.1,0.64,-0.65,-0.96,-1.14,-0.48,-0.66,0.28,0.4,-1.04,-0.64,0.7,-0.23,0.63,0.42,-1.46,-1.52,-0.86,10330,5169,5161
1719,Bonzi Wells,2003,1.61,0.02,3.37,0.72,-1.31,0.3,-2.07,-0.05,0.74,-1.54,-0.59,-0.94,0.89,-1.93,-0.41,0.13,-0.89,-0.73,-0.1,0.61,-0.4,-1.25,0.52,0.02,0.49,0.4,0.68,-1.32,-0.64,-0.59,0.33,0.35,0.19,-1.51,-0.65,0.92,31189,15553,15636
209,Dell Curry,2003,1.0,-0.63,-1.79,-0.54,3.15,0.33,-1.34,0.89,3.03,1.1,0.62,0.47,-0.78,-1.15,-0.42,-1.9,-0.18,-0.39,0.66,2.29,-0.62,0.06,0.32,0.18,0.14,-1.14,1.61,-2.27,-0.66,-0.01,-0.25,1.86,-0.97,-1.3,0.32,-0.82,15534,7835,7699
2082,Dan McClintock,2003,-0.57,-0.51,-0.37,-0.12,0.22,-0.09,0.15,-0.05,0.4,-0.05,-0.05,-0.01,0.21,-0.62,-0.04,-0.23,-0.17,-0.14,-0.08,0.37,-0.09,-0.7,-0.02,-0.09,0.07,0.11,-0.16,-0.5,-0.66,0.28,0.32,-0.48,0.22,-0.72,0.16,0.09,218,107,111
766,David Wingate,2003,-1.21,-0.43,0.12,-0.32,-0.64,-0.19,0.5,-0.06,-0.14,-0.26,-0.25,-0.02,0.5,0.01,-0.18,0.27,-0.03,-0.22,0.04,-0.05,-0.04,0.2,0.2,0.09,0.09,0.06,-0.9,0.24,-0.66,0.04,0.66,-1.56,0.33,-0.09,0.24,0.26,435,215,220
2442,Chris Owens,2003,-0.23,-0.17,-0.39,-0.1,0.0,-0.04,0.39,0.04,-0.07,-0.04,0.01,-0.06,-0.1,-0.31,-0.09,0.13,-0.09,-0.19,-0.07,0.06,-0.07,-0.37,-0.14,-0.08,-0.06,0.09,-0.34,-0.33,-0.67,0.06,0.08,-0.42,0.06,-0.39,-0.14,-0.05,23,12,11
1074,Matt Maloney,2003,-1.96,0.11,-0.88,-1.1,1.55,-0.34,-0.68,-0.85,-1.74,-0.42,-0.33,-0.08,0.94,1.7,0.12,0.28,0.45,-0.38,0.25,0.09,0.62,0.02,-0.28,-0.36,0.08,-0.14,-1.53,0.84,-0.68,-0.52,0.58,-2.11,-0.32,1.16,0.52,-0.42,10311,5177,5134
2035,DerMarr Johnson,2003,-0.63,-0.22,0.92,-1.09,1.14,-0.27,-2.05,0.16,-1.01,-0.16,-0.35,0.19,-0.37,-0.28,-0.28,-0.57,0.35,-0.18,-0.02,0.74,-0.3,1.9,0.55,0.28,0.26,-0.07,-0.95,0.26,-0.69,0.27,-0.82,-0.13,0.01,0.25,-0.53,0.48,12103,6040,6063
1564,Etdrick Bohannon,2003,0.06,-0.25,-0.13,-0.15,0.41,0.01,-0.3,0.09,-0.94,-0.36,0.1,-0.45,-0.07,-0.45,-0.16,0.35,-0.22,-0.23,-0.07,-0.12,-0.12,-0.04,0.11,-0.05,0.14,-0.09,-0.17,-0.52,-0.69,0.11,0.19,-0.36,0.11,-0.63,-0.43,0.02,508,250,258
1509,Kelvin Cato,2003,-0.96,-0.81,0.21,0.04,-0.44,-0.09,0.21,-0.78,-0.7,-1.47,-0.66,-0.81,0.85,1.1,0.54,1.34,0.54,0.73,0.0,-2.06,-0.04,0.78,-0.43,-0.15,-0.27,0.7,-2.05,1.35,-0.69,-0.48,-0.39,-1.66,-0.07,1.42,-0.62,0.27,21996,10955,11041
53,Mario Elie,2003,-1.53,0.23,0.15,0.01,-0.16,-0.14,0.02,-0.7,-0.05,-0.67,-0.41,-0.27,0.14,0.5,0.42,-0.09,0.37,0.91,0.06,-0.82,-0.07,0.2,0.05,0.34,-0.31,0.36,-1.77,1.07,-0.7,0.45,0.58,-2.35,0.18,0.89,-0.53,0.41,20969,10496,10473
2040,Jerome Moiso,2003,-1.43,-0.85,-0.21,-0.15,-0.23,-0.09,0.43,-0.82,-0.81,-1.27,-0.48,-0.79,0.35,1.07,-0.29,-0.04,0.13,0.34,0.36,-0.3,0.3,2.04,0.49,0.16,0.32,0.17,-2.63,1.91,-0.72,-0.1,-0.12,-2.51,0.18,1.73,-0.92,0.66,3314,1654,1660
208,Sam Cassell,2003,0.79,0.83,-1.44,-0.49,-2.88,0.15,4.32,2.22,-2.51,1.51,1.03,0.48,-0.46,-1.15,-0.24,-0.55,0.43,-0.48,-0.74,1.04,-0.36,-1.24,-0.36,-0.25,-0.12,-0.56,1.23,-1.96,-0.73,-0.5,-1.11,2.34,-0.39,-1.57,1.05,-0.92,46290,23174,23116
1619,Kiwane Garris,2003,-0.24,-0.13,-0.37,-0.14,-0.14,-0.05,0.51,0.09,-0.6,-0.01,0.14,-0.17,-0.08,-0.39,-0.08,0.17,-0.11,-0.09,-0.07,-0.08,-0.12,-0.38,-0.01,-0.07,0.06,0.07,-0.4,-0.33,-0.73,-0.07,0.06,-0.46,0.15,-0.48,-0.09,0.06,88,46,42
1429,Jimmy Oliver,2003,-0.19,-0.08,-0.37,-0.05,-0.04,-0.06,0.42,-0.03,-0.28,0.08,0.05,0.02,-0.13,-0.34,-0.08,0.12,-0.07,-0.16,-0.09,0.04,-0.09,-0.32,-0.12,-0.07,-0.05,0.07,-0.29,-0.45,-0.74,-0.11,-0.04,-0.25,0.04,-0.49,-0.05,-0.05,40,20,20
1844,Fred Vinson,2003,-0.91,-0.27,-0.62,-0.04,0.11,-0.12,0.51,-0.2,-0.33,0.24,0.08,0.14,-0.09,0.11,-0.16,0.28,-0.03,-0.14,0.01,-0.14,-0.01,0.2,0.02,0.09,-0.07,0.04,-0.86,0.11,-0.75,-0.16,0.33,-1.19,0.1,0.01,0.15,0.06,152,78,74
2037,Jamal Crawford,2003,-0.23,-0.48,0.29,0.08,0.28,0.3,-0.57,-0.4,-1.35,-0.23,0.08,-0.32,-0.3,-0.28,-0.17,-1.27,-0.81,-0.69,0.35,1.95,0.61,-1.66,0.22,0.27,-0.06,-0.1,-0.61,-0.14,-0.75,0.17,0.62,-1.23,0.08,-0.22,-0.53,0.12,13276,6658,6618
2347,Tang Hamilton,2003,-0.73,-0.16,-0.43,0.08,-0.32,-0.1,0.75,-0.34,-0.9,-0.06,0.02,-0.1,-0.13,-0.06,-0.23,-0.04,-0.03,-0.0,-0.04,0.04,0.05,0.33,0.2,-0.02,0.21,-0.05,-0.77,0.03,-0.75,0.08,-0.21,-0.56,-0.11,0.14,-0.19,0.15,347,171,176
1114,Jaren Jackson,2003,-0.39,0.01,-1.34,-0.48,3.08,-0.45,-1.75,0.02,-0.42,0.24,-0.04,0.26,-0.14,-1.04,-0.51,-0.01,-0.31,-0.11,0.27,0.12,-0.19,0.19,-0.63,-0.14,-0.49,0.87,-0.05,-0.7,-0.76,0.33,0.02,-0.07,0.64,-1.34,0.1,0.24,11958,5961,5997
2049,Speedy Claxton,2003,-1.38,0.29,1.59,-0.55,-0.14,-0.65,-1.44,-0.92,-1.23,-0.67,-0.25,-0.43,0.61,-0.65,-0.54,-1.13,0.49,-0.51,-0.03,1.65,-0.57,0.42,1.49,0.47,1.02,0.04,-1.29,0.52,-0.77,-0.21,1.63,-2.92,-0.28,0.8,-0.06,1.53,8625,4290,4335
2422,John Salmons,2003,-0.5,0.13,0.92,-0.52,0.17,-0.44,-1.12,0.33,-0.27,-0.47,-0.04,-0.43,0.19,-0.69,-0.18,-0.39,0.17,-0.71,-0.3,1.09,-0.14,0.16,0.22,0.21,-0.0,0.45,-0.74,-0.02,-0.77,0.03,-0.62,-0.12,0.05,-0.07,-0.28,0.67,1883,931,952
707,Mark Davis,2003,-0.71,0.1,0.66,-0.27,-1.12,-0.2,0.45,-0.31,-2.04,-0.27,-0.07,-0.2,0.13,-0.5,-0.35,0.34,-0.15,-0.35,-0.07,0.02,-0.09,0.31,0.87,0.63,0.22,-0.42,-0.68,-0.09,-0.77,0.13,0.18,-0.86,-0.55,0.46,-0.14,0.45,1960,979,981
2068,Lavor Postell,2003,-0.85,0.39,0.19,-0.29,-0.09,-0.05,-0.12,-0.63,-2.27,-0.22,-0.11,-0.11,-0.11,0.56,0.04,0.6,0.2,-0.23,0.13,-0.37,-0.19,0.13,-0.29,-0.08,-0.2,0.22,-1.46,0.69,-0.77,-0.08,0.19,-1.65,0.24,0.45,-0.33,-0.07,1682,843,839
1823,Makhtar N'diaye,2003,-0.48,-0.23,-0.61,-0.14,0.28,-0.14,0.34,0.08,-0.41,0.02,-0.02,0.05,-0.03,-0.42,-0.07,0.11,-0.1,-0.09,-0.12,-0.02,-0.07,-0.39,-0.06,-0.02,-0.04,0.09,-0.43,-0.34,-0.77,0.11,-0.01,-0.42,-0.02,-0.32,-0.01,0.03,81,41,40
1748,Korleone Young,2003,-0.55,-0.22,-0.24,0.02,0.08,-0.14,0.15,-0.16,-0.22,0.01,0.08,-0.08,-0.11,-0.24,-0.13,0.17,-0.09,-0.2,-0.03,0.02,-0.07,-0.18,0.02,-0.01,0.02,0.08,-0.62,-0.17,-0.79,0.0,0.05,-0.67,0.04,-0.21,-0.1,0.1,55,28,27
911,Ervin Johnson,2003,-1.3,-0.95,-2.18,-1.08,-0.46,0.05,2.64,0.81,-1.38,-1.11,-0.13,-0.97,0.84,1.17,0.43,1.03,1.12,-1.53,-0.63,0.5,0.35,-2.5,-0.08,-0.04,-0.05,-0.21,-1.72,0.92,-0.8,-0.11,0.8,-2.52,-0.43,1.35,-0.27,-0.29,32057,15972,16085
273,Duane Ferrell,2003,-1.01,-0.2,-0.39,-0.19,-0.22,-0.0,0.6,-0.43,-0.64,-0.05,-0.32,0.26,0.24,-0.16,-0.08,0.08,-0.07,-0.09,-0.06,0.01,0.01,-0.27,-0.04,-0.02,-0.02,0.16,-0.72,-0.08,-0.8,0.06,0.66,-1.38,0.13,-0.21,0.19,0.12,162,80,82
2207,Joe Johnson,2003,-0.93,-0.47,-0.62,-0.66,1.17,-0.09,-0.55,0.08,0.19,0.53,0.11,0.43,-0.65,1.23,0.05,0.04,0.19,-0.43,0.4,0.39,0.5,-0.82,-0.73,-0.42,-0.31,-0.08,-0.85,0.05,-0.8,-0.17,-0.33,-0.52,-0.55,0.6,-0.12,-0.81,16186,8113,8073
416,Willie Burton,2003,-0.45,-0.19,-0.48,-0.06,-0.06,-0.12,0.55,0.01,-0.41,-0.12,0.02,-0.16,-0.01,-0.26,-0.11,0.19,-0.08,-0.16,-0.06,-0.02,-0.08,-0.22,0.0,-0.0,0.0,0.09,-0.62,-0.18,-0.8,-0.05,-0.05,-0.57,0.11,-0.29,-0.13,0.09,71,36,35
375,Isaiah Rider,2003,-0.09,-0.09,-1.14,-0.27,0.55,0.17,0.58,0.49,-1.46,0.3,0.45,-0.16,0.41,-0.14,0.04,-1.32,0.18,-0.03,-0.02,1.35,0.23,-0.53,-1.35,-0.97,-0.38,-0.04,1.08,-1.88,-0.8,0.11,0.46,0.62,-0.26,-1.62,0.71,-1.39,19504,9752,9752
1497,Chauncey Billups,2003,0.3,1.19,-0.03,-1.2,3.23,0.19,-3.22,-0.13,-3.27,0.6,0.56,0.04,0.02,-2.19,-0.5,-1.79,-0.33,0.82,0.09,0.98,-1.14,0.11,-0.22,-0.2,-0.04,0.41,1.3,-2.13,-0.84,0.24,0.09,1.21,0.35,-2.48,0.62,0.19,32810,16428,16382
967,Brian Evans,2003,-1.49,-0.21,-0.43,-0.5,-0.04,-0.15,0.47,-0.27,-0.21,-0.66,-0.16,-0.5,0.18,0.26,-0.11,-0.05,-0.01,0.08,0.08,-0.04,0.03,0.88,0.0,-0.05,0.05,0.17,-1.41,0.57,-0.84,0.7,0.2,-1.61,0.22,0.35,-0.48,0.17,525,266,259
1545,DeJuan Wheat,2003,-1.14,-0.28,0.14,-0.71,1.18,-0.18,-1.33,-0.53,0.41,-0.13,0.16,-0.3,0.15,-0.37,0.06,-0.42,-0.15,0.04,-0.21,0.38,0.16,-0.59,0.63,0.18,0.46,-0.15,-0.64,-0.21,-0.85,0.16,-0.05,-0.59,-0.0,-0.21,0.02,0.48,2069,1039,1030
164,Chris Childs,2003,-1.23,0.56,0.36,-1.47,-0.52,-0.7,0.17,-0.58,-1.13,-1.33,-0.44,-0.9,-0.41,1.27,-1.27,1.31,1.81,-0.89,0.37,-0.43,0.61,3.53,0.9,0.18,0.73,-0.06,-2.71,1.85,-0.86,0.0,-0.86,-1.85,0.46,1.39,-1.74,0.84,27881,13919,13962
2428,Vincent Yarbrough,2003,-0.88,0.04,-0.05,-0.03,-1.67,-0.81,1.74,-0.32,0.67,0.77,0.06,0.7,-0.19,-1.11,-0.52,0.29,-0.29,0.03,-0.24,-0.33,-0.1,-0.3,0.46,0.67,-0.21,0.18,-0.5,-0.36,-0.86,-0.09,0.53,-1.03,0.03,-0.39,0.58,0.64,5151,2562,2589
980,Zydrunas Ilgauskas,2003,-0.97,0.39,-0.77,-0.45,-1.74,-0.02,2.51,-0.25,-0.22,-1.15,-0.29,-0.85,0.86,0.24,0.39,1.11,-0.58,0.61,-0.53,-1.72,0.22,-1.61,-1.0,-0.53,-0.48,0.36,-1.08,0.21,-0.87,0.79,0.72,-1.8,0.44,-0.23,-0.29,-0.64,16916,8455,8461
1903,Kenny Thomas,2003,0.05,-0.19,2.14,-0.08,-0.74,-0.15,-1.41,-0.55,-1.92,-0.38,-0.18,-0.2,0.57,-0.75,0.32,-0.15,-0.42,0.46,-0.26,-0.31,-0.48,-1.28,-0.21,-0.02,-0.19,0.1,-0.19,-0.67,-0.87,-0.25,-0.75,0.56,-0.12,-0.55,0.19,-0.11,31272,15617,15655
1764,J.R. Henderson,2003,-1.16,-0.3,-0.01,-0.62,-0.3,0.03,0.3,-0.34,-0.29,0.07,0.04,0.02,0.26,-0.14,-0.24,-0.36,-0.11,0.03,-0.14,0.32,0.31,-0.25,0.22,0.22,-0.0,0.01,-0.73,-0.14,-0.87,-0.13,-0.12,-0.61,0.16,-0.3,0.33,0.23,1167,584,583
923,Donyell Marshall,2003,-0.9,-0.21,2.69,-0.8,0.01,0.18,-2.67,-1.26,0.56,-1.37,-0.9,-0.49,1.48,0.25,-0.44,-0.21,-0.49,-0.85,0.41,1.05,0.69,0.03,-0.39,-0.11,-0.28,0.05,-0.91,0.04,-0.87,0.01,0.81,-1.72,-0.29,0.33,0.11,-0.34,37921,18895,19026
779,Glen Rice,2003,0.19,0.51,-0.55,0.56,1.07,-0.2,-0.51,0.23,-1.79,-0.06,-0.2,0.14,-0.94,-0.09,-0.38,1.1,0.37,-0.24,0.24,-0.86,0.02,1.27,-0.2,-0.52,0.31,0.47,-0.62,-0.26,-0.88,-0.25,-0.65,0.03,1.05,-1.31,-1.0,0.27,33250,16669,16581
2432,Tito Maddox,2003,-0.44,-0.15,0.11,-0.08,-0.2,-0.12,0.06,-0.13,-0.27,0.02,0.17,-0.14,-0.09,-0.35,-0.15,0.08,-0.12,-0.15,-0.05,0.07,-0.07,-0.32,-0.09,-0.05,-0.05,0.07,-0.47,-0.42,-0.88,-0.0,0.27,-0.74,0.02,-0.44,-0.07,-0.02,132,64,68
187,Terry Cummings,2003,-2.29,-0.27,-0.94,-1.15,-1.5,-1.27,2.46,0.79,-1.49,0.32,0.29,0.04,0.88,0.1,-0.84,-0.03,-0.08,0.06,0.03,-0.03,0.68,1.69,-0.02,-0.31,0.29,0.46,-1.39,0.51,-0.88,-0.33,0.42,-1.81,0.29,0.22,1.2,0.44,5635,2836,2799
2441,Jamal Sampson,2003,-0.55,-0.18,-0.44,-0.09,0.08,-0.07,0.36,-0.11,-0.16,0.04,0.06,-0.02,-0.11,-0.21,-0.09,0.17,-0.09,-0.13,-0.05,-0.05,-0.06,-0.22,-0.09,-0.05,-0.05,0.09,-0.67,-0.23,-0.89,-0.06,0.02,-0.69,0.05,-0.28,-0.07,0.0,16,8,8
1937,Tim Young,2003,-0.85,0.18,-0.51,-0.34,-0.36,-0.12,0.89,-0.15,-1.26,0.22,0.12,0.08,0.32,-0.77,0.04,0.2,-0.19,-0.36,-0.13,0.16,-0.26,-0.71,-0.05,-0.07,0.01,0.24,-0.43,-0.46,-0.89,0.0,0.21,-0.64,0.36,-0.82,0.54,0.19,517,264,253
146,Jud Buechler,2003,-1.68,-0.16,-0.27,-0.68,1.58,-0.9,-1.31,-0.62,-0.61,-0.1,0.2,-0.3,-0.15,-0.29,-0.35,-0.32,0.83,-0.59,0.03,0.91,-0.24,-0.14,0.58,-0.02,0.61,0.28,-1.44,0.54,-0.9,0.46,-0.06,-1.38,0.55,-0.01,-0.25,0.86,12159,6075,6084
2427,Roger Mason Jr.,2003,-0.15,-0.3,-1.19,-0.14,0.54,-0.02,0.69,0.22,0.24,0.13,0.02,0.1,-0.35,-0.25,-0.18,0.04,0.07,-0.25,-0.07,0.21,-0.08,-0.39,-0.2,-0.08,-0.13,0.11,-0.53,-0.37,-0.9,-0.19,-0.91,0.38,0.29,-0.66,-0.22,-0.09,430,219,211
43,Chris Whitney,2003,-0.34,0.1,-2.64,0.55,3.39,0.4,-0.75,-0.71,0.5,0.18,0.1,0.07,0.13,-1.57,-0.48,2.05,-1.39,-1.11,-0.35,-0.94,-0.73,0.08,0.32,-0.05,0.36,0.08,-0.09,-0.81,-0.9,0.3,0.08,-0.17,0.3,-1.11,0.31,0.4,25685,12828,12857
990,Malik Rose,2003,-0.81,0.39,1.44,-0.88,-0.62,0.66,-0.82,-0.27,-0.44,-1.63,-0.81,-0.82,0.91,0.88,0.29,0.68,-0.28,0.33,0.5,-1.01,0.34,0.74,0.14,-0.09,0.24,-0.02,-1.5,0.59,-0.91,-0.38,0.15,-1.65,-0.76,1.35,-0.72,0.12,29605,14785,14820
22,Rik Smits,2003,1.1,-0.99,-2.83,0.93,-2.18,1.2,5.0,1.14,2.22,0.22,-0.39,0.62,-0.62,-1.1,0.26,0.4,-0.61,0.32,-0.22,-0.72,0.1,0.27,-0.35,-0.18,-0.18,-0.23,0.29,-1.2,-0.91,0.07,-0.95,1.24,0.4,-1.6,-0.4,-0.58,14412,7224,7188
1527,Marko Milic,2003,-0.64,-0.3,-0.04,-0.12,-0.03,0.02,0.05,-0.33,-0.59,-0.23,-0.2,-0.02,0.13,-0.31,-0.01,-0.14,-0.16,-0.03,-0.04,0.16,-0.05,-0.56,-0.01,0.11,-0.12,0.05,-0.59,-0.32,-0.91,0.1,0.43,-1.02,0.06,-0.38,-0.1,0.04,195,95,100
2223,Samuel Dalembert,2003,-0.56,-0.22,0.26,-0.4,-0.51,-0.0,0.23,-0.17,-0.45,-0.26,-0.24,-0.02,0.38,-0.49,-0.19,-0.09,-0.13,-0.08,-0.1,0.17,0.04,0.02,-0.04,-0.12,0.08,0.07,-0.36,-0.55,-0.91,-0.01,0.44,-0.8,-0.23,-0.32,0.12,0.03,694,344,350
2412,Jiri Welsch,2003,-0.01,0.17,-0.52,0.09,-0.35,0.02,0.88,-0.09,-0.15,-0.39,-0.19,-0.2,0.16,-0.14,-0.19,0.01,-0.03,0.21,-0.1,-0.23,0.05,0.21,-0.23,0.11,-0.34,-0.02,-0.36,-0.56,-0.92,-0.29,0.26,-0.62,0.05,-0.61,-0.23,-0.25,884,442,442
922,Elden Campbell,2003,-1.55,-0.07,-0.17,-1.05,-2.58,-0.47,2.76,0.25,-0.05,0.3,0.36,-0.06,-0.53,0.84,0.77,1.0,0.7,0.08,-0.42,-1.07,-0.18,-1.6,-0.14,0.31,-0.45,0.05,-1.58,0.66,-0.92,0.11,-0.98,-0.6,-0.39,1.05,-0.23,-0.09,36313,18095,18218
1559,Adrian Griffin,2003,-1.07,0.03,-0.35,-0.23,-1.11,-0.03,1.46,-0.2,-2.12,0.43,0.51,-0.08,0.9,-2.24,-0.76,-1.07,-0.5,0.7,0.11,0.37,-0.79,0.62,0.75,0.67,0.08,0.29,-0.07,-0.85,-0.92,0.02,0.92,-0.99,0.7,-1.55,1.33,1.04,20098,10031,10067
1852,Jeff Sheppard,2003,-0.79,-0.3,0.34,-0.12,0.06,-0.07,-0.43,-0.55,-0.24,0.22,0.07,0.14,-0.29,-0.13,-0.02,0.46,-0.11,-0.24,0.01,-0.22,-0.12,-0.07,-0.33,-0.07,-0.26,0.29,-0.97,0.03,-0.93,0.1,-0.04,-0.93,0.43,-0.4,-0.07,-0.04,695,349,346
1820,Kelly McCarty,2003,-0.64,-0.17,-0.48,-0.09,0.0,-0.09,0.48,-0.15,-0.34,-0.06,0.06,-0.12,-0.05,-0.11,-0.09,0.16,-0.06,-0.19,-0.02,0.03,-0.07,-0.16,-0.09,-0.05,-0.05,0.02,-0.71,-0.24,-0.95,-0.02,0.11,-0.82,0.05,-0.29,-0.11,-0.07,17,8,9
786,Gerald Wilkins,2003,-0.58,0.04,-0.23,-0.23,-0.27,-0.01,0.5,-0.25,-0.6,-0.05,0.0,-0.06,-0.02,-0.46,-0.13,-0.02,-0.06,-0.12,-0.1,0.13,-0.11,-0.38,0.09,-0.07,0.16,0.1,-0.61,-0.33,-0.95,-0.03,0.05,-0.66,0.09,-0.42,-0.07,0.19,131,65,66
1882,Elton Brand,2003,0.44,0.3,-0.75,-0.37,-0.44,0.07,1.18,0.44,2.72,-1.09,-0.29,-0.82,1.64,-0.82,0.37,0.12,0.02,0.63,-0.78,-0.77,-0.46,-2.27,-0.82,-0.35,-0.47,-0.27,0.67,-1.62,-0.95,-0.03,1.81,-1.14,0.07,-1.69,0.55,-1.09,41810,20879,20931
1868,Trevor Winter,2003,-0.66,-0.19,-0.21,-0.17,-0.03,-0.07,0.23,-0.15,-0.39,0.04,0.05,-0.02,-0.02,-0.31,-0.12,0.1,-0.11,-0.13,-0.05,0.03,-0.07,-0.27,-0.13,-0.08,-0.05,0.08,-0.57,-0.39,-0.95,0.05,0.18,-0.75,0.05,-0.44,0.02,-0.05,18,8,10
1891,Jason Terry,2003,-0.28,-0.0,-1.28,0.18,1.8,-0.18,-0.52,0.25,-0.84,1.24,0.33,0.92,-1.21,-0.48,-0.16,-1.45,-0.14,0.01,-0.0,1.45,0.11,0.26,-0.2,0.34,-0.54,-0.01,-0.06,-0.9,-0.96,-0.02,-0.42,0.36,-0.34,-0.56,0.03,-0.21,41860,20960,20900
2321,Paul Shirley,2003,-0.67,-0.19,-0.36,-0.2,-0.03,-0.08,0.39,-0.07,-0.34,-0.06,-0.05,-0.02,0.01,-0.21,-0.1,0.15,-0.09,-0.14,-0.04,-0.01,-0.07,-0.19,-0.06,-0.02,-0.05,0.05,-0.74,-0.23,-0.97,-0.03,-0.06,-0.68,0.03,-0.26,-0.05,-0.01,13,7,6
1944,Eddie Robinson,2003,0.63,0.04,0.63,0.96,-3.75,-0.61,3.12,0.61,-0.51,0.5,-0.04,0.54,-0.66,-1.24,-0.29,-1.9,-0.28,-0.1,0.07,1.99,-0.02,-1.21,0.48,0.5,-0.02,-0.31,0.41,-1.38,-0.98,-0.38,-0.06,0.47,-0.69,-0.69,-0.16,0.17,16905,8481,8424
71,Pooh Richardson,2003,-0.61,0.0,-0.39,-0.16,0.02,-0.03,0.37,-0.33,0.26,-0.01,0.06,-0.07,0.02,-0.51,0.02,-0.1,-0.11,0.03,-0.05,0.06,-0.25,-0.2,-0.06,-0.02,-0.04,0.06,-0.55,-0.42,-0.98,0.13,-0.64,0.09,-0.14,-0.28,0.01,0.0,506,252,254
2237,Ratko Varda,2003,-0.44,-0.12,-0.35,-0.08,-0.01,-0.06,0.35,-0.11,-0.18,-0.02,-0.04,-0.0,-0.08,-0.4,-0.1,0.14,-0.1,-0.14,-0.07,-0.0,-0.13,-0.19,-0.08,-0.06,-0.04,0.07,-0.58,-0.4,-0.98,-0.03,0.13,-0.71,0.06,-0.46,-0.1,-0.01,23,12,11
195,Lee Mayberry,2003,0.2,-0.01,-0.17,-0.44,-0.29,-0.04,0.45,0.42,-0.95,-0.48,-0.17,-0.31,-0.35,-0.14,-0.21,-0.21,-0.05,0.12,-0.01,0.08,-0.01,-0.37,0.0,-0.02,0.02,0.01,-0.7,-0.3,-0.99,-0.23,-0.32,-0.38,0.25,-0.55,-0.83,0.01,477,246,231
949,Shareef Abdur-Rahim,2003,0.48,1.45,0.96,-0.51,-0.59,0.21,-0.37,-0.36,-0.86,-0.78,-0.08,-0.7,0.1,-1.14,-0.06,-0.94,-1.6,0.24,0.38,0.69,-0.41,-1.15,-0.01,0.36,-0.36,0.06,0.15,-1.14,-0.99,0.3,0.28,-0.13,0.61,-1.75,-0.68,0.05,54088,27001,27087
962,Walter McCarty,2003,0.24,-0.25,-1.66,-0.39,4.36,0.24,-2.69,-0.79,0.24,-0.41,0.18,-0.6,-1.49,-0.4,-1.19,-0.08,0.3,-1.13,0.4,1.2,0.02,1.38,0.79,0.32,0.47,-0.33,-0.99,0.0,-0.99,0.61,-0.8,-0.19,-0.44,0.44,-1.9,0.46,18905,9423,9482
1683,Larry Robinson,2003,0.83,0.27,-0.71,-0.26,1.65,0.21,-0.93,0.15,-0.12,-1.09,-0.16,-0.93,-0.29,-0.86,-0.7,-0.86,-0.24,0.36,-0.08,0.49,0.21,0.87,0.15,-0.04,0.2,0.2,-0.31,-0.68,-0.99,0.07,-0.36,0.05,0.05,-0.73,-1.38,0.35,2417,1205,1212
2256,Ken Johnson,2003,-0.11,-0.39,-0.3,-0.03,0.22,-0.16,0.09,0.2,-0.21,0.13,0.0,0.12,-0.4,-0.38,0.05,0.13,0.02,-0.04,-0.14,-0.09,-0.17,-0.48,-0.12,-0.12,-0.0,-0.05,-0.39,-0.59,-0.99,-0.06,-0.38,-0.01,0.21,-0.8,-0.27,-0.17,568,282,286
1612,Chris Garner,2003,-0.73,0.06,-0.28,0.01,-0.46,-0.29,0.73,-0.17,-0.21,0.23,0.01,0.2,0.07,-0.42,-0.14,0.11,-0.03,-0.03,-0.21,-0.08,-0.04,-0.33,-0.09,-0.04,-0.06,-0.01,-0.33,-0.67,-1.0,-0.05,-0.08,-0.25,-0.26,-0.41,0.3,-0.1,544,275,269
2121,Terrance Roberson,2003,-0.47,-0.12,-0.34,-0.03,0.08,-0.09,0.26,-0.15,-0.32,-0.07,0.01,-0.08,-0.05,-0.36,-0.12,0.02,-0.05,-0.09,-0.08,0.06,-0.08,-0.21,-0.13,-0.07,-0.05,0.05,-0.56,-0.45,-1.0,0.03,0.17,-0.73,-0.04,-0.41,-0.12,-0.08,49,24,25
104,Benoit Benjamin,2003,-0.67,-0.32,-0.95,-0.12,-0.08,-0.02,1.06,0.0,-0.58,-0.1,0.01,-0.11,0.02,-0.15,-0.08,0.03,-0.09,-0.18,-0.01,0.14,-0.04,-0.24,-0.05,-0.08,0.04,0.1,-0.87,-0.13,-1.0,-0.15,-0.09,-0.78,-0.06,-0.07,-0.08,0.05,147,72,75
1906,Tim James,2003,-1.46,-0.35,-0.98,-0.18,-0.63,-0.34,1.63,-0.01,-0.31,-0.07,0.04,-0.11,0.42,0.26,-0.05,0.12,-0.11,-0.26,0.06,0.13,0.16,0.21,-0.13,-0.06,-0.07,-0.07,-1.12,0.11,-1.01,0.04,0.59,-1.71,-0.31,0.42,0.35,-0.2,928,461,467
2349,Victor Alexander,2003,-0.71,-0.43,-0.83,-0.02,-0.28,0.02,1.14,-0.14,0.18,0.16,-0.01,0.16,0.08,-0.22,-0.07,-0.14,-0.01,0.0,0.08,0.13,-0.23,0.15,-0.32,-0.07,-0.25,0.1,-0.63,-0.38,-1.01,-0.1,0.36,-0.99,0.03,-0.41,0.24,-0.22,365,182,183
1894,Corey Maggette,2003,0.24,1.28,2.01,1.06,-2.24,-0.61,0.25,-1.06,-2.75,-0.54,0.38,-0.93,-0.28,-0.12,-0.52,-0.24,-0.14,0.82,0.04,-0.58,0.06,0.2,-0.12,-0.08,-0.04,-0.25,-0.49,-0.53,-1.02,0.05,-0.11,-0.38,-0.67,0.14,-0.82,-0.37,24173,12095,12078
49,Gheorghe Muresan,2003,-0.43,-0.35,-0.96,0.1,-0.19,-0.08,1.18,0.08,-0.34,-0.29,-0.32,0.04,-0.35,0.15,0.05,0.05,0.1,0.12,0.05,-0.17,-0.24,-0.3,-0.11,0.13,-0.24,0.14,-1.19,0.17,-1.02,-0.13,0.03,-1.22,0.29,-0.12,-0.64,0.03,1063,533,530
1855,Mark Macon,2003,-0.63,-0.24,-0.22,-0.19,-0.32,-0.06,0.54,-0.02,-0.62,-0.18,-0.18,-0.01,-0.07,-0.3,-0.13,0.3,0.02,-0.3,-0.12,-0.01,-0.1,-0.21,0.01,0.01,0.0,0.16,-0.89,-0.13,-1.02,-0.01,-0.09,-0.8,0.18,-0.31,-0.25,0.17,243,120,123
2404,Chris Wilcox,2003,-0.28,-0.54,1.27,-0.1,-0.35,-0.07,-0.93,-0.29,-0.95,-0.42,-0.2,-0.21,-0.66,0.49,-0.23,-0.51,-0.06,0.19,0.17,0.32,0.33,0.69,0.13,0.01,0.12,-0.26,-1.16,0.13,-1.03,-0.03,0.46,-1.62,-0.17,0.3,-1.08,-0.13,1794,899,895
989,Ben Davis,2003,-0.98,-0.29,0.18,-0.42,-0.45,-0.11,0.24,-0.05,-0.06,-0.05,-0.06,0.01,0.13,-0.47,-0.12,0.17,-0.06,-0.12,-0.1,-0.05,-0.16,-0.19,-0.01,0.02,-0.04,0.07,-0.62,-0.4,-1.03,0.28,0.12,-0.74,-0.0,-0.4,0.08,0.06,161,79,82
1864,Steve Goodrich,2003,-0.73,-0.31,-0.68,-0.56,-0.02,-0.11,0.71,0.36,-0.89,-0.17,-0.01,-0.16,0.29,-0.23,-0.0,-0.06,-0.2,-0.18,0.02,0.24,-0.02,-0.44,-0.28,-0.02,-0.25,0.02,-0.57,-0.47,-1.04,0.06,0.02,-0.59,-0.13,-0.34,0.12,-0.26,594,294,300
1753,Toby Bailey,2003,-1.0,-0.53,1.52,-0.49,-1.21,0.02,-0.27,-0.25,-0.83,-1.0,-0.77,-0.25,0.35,-0.88,-0.2,-0.3,0.28,-0.08,-0.15,0.38,-0.39,-0.06,0.27,-0.16,0.43,0.27,-0.63,-0.42,-1.05,0.94,0.52,-1.15,0.35,-0.77,-0.65,0.54,2821,1387,1434
1023,Emanual Davis,2003,-0.58,-0.03,0.4,-0.33,0.92,0.03,-1.33,-0.49,-1.23,-0.41,-0.08,-0.31,-0.66,-0.07,-0.38,0.89,-0.4,-1.41,0.24,0.52,0.06,0.5,0.56,0.34,0.22,0.21,-1.53,0.47,-1.06,-0.11,-0.41,-1.12,-0.58,1.05,-1.07,0.77,11649,5802,5847
684,Loren Meyer,2003,-0.81,-0.13,-0.3,-0.22,0.06,-0.1,0.23,-0.23,-0.77,-0.27,-0.1,-0.18,-0.07,0.01,-0.27,0.16,-0.1,-0.17,0.06,0.0,0.05,0.34,-0.06,-0.13,0.07,0.07,-1.06,-0.01,-1.06,0.07,0.13,-1.19,0.24,-0.25,-0.34,0.01,279,138,141
1514,Paul Grant,2003,-0.53,-0.2,-0.42,-0.16,-0.13,-0.07,0.55,-0.02,-0.45,-0.04,0.06,-0.11,-0.13,-0.28,-0.16,0.04,-0.09,-0.13,-0.03,0.08,-0.07,-0.22,-0.11,-0.04,-0.07,0.06,-0.68,-0.39,-1.07,-0.04,-0.13,-0.55,-0.04,-0.35,-0.17,-0.05,50,24,26
1746,DeMarco Johnson,2003,-0.75,-0.22,-0.35,-0.18,-0.17,0.04,0.52,-0.28,-0.21,-0.11,0.07,-0.18,0.0,-0.11,-0.01,0.23,-0.06,-0.04,-0.09,-0.2,-0.04,-0.24,-0.16,-0.09,-0.07,0.07,-0.88,-0.19,-1.08,-0.02,-0.03,-0.85,-0.05,-0.14,-0.11,-0.09,127,61,66
2405,Amar'e Stoudemire,2003,1.08,0.37,1.28,-0.12,-0.78,0.59,-0.49,-0.52,-1.33,-1.35,0.14,-1.49,-0.07,-0.01,0.27,-0.82,-0.53,-0.99,0.4,1.81,0.1,-1.79,-0.36,-0.43,0.07,-0.43,-0.25,-0.84,-1.09,0.05,-0.17,-0.08,-0.59,-0.25,-1.42,-0.79,10392,5217,5175
1943,Wayne Turner,2003,-0.7,-0.21,-0.36,-0.32,-0.13,0.03,0.49,-0.09,-0.54,-0.18,-0.05,-0.13,-0.11,-0.15,-0.06,0.16,-0.1,-0.21,-0.03,0.04,-0.07,-0.12,-0.02,0.09,-0.12,0.09,-1.01,-0.08,-1.09,-0.02,0.01,-1.02,0.04,-0.12,-0.29,0.07,162,81,81
1353,ID_1353,2003,-0.45,-0.15,-0.43,-0.13,0.03,-0.07,0.4,-0.04,-0.3,-0.01,0.02,-0.05,-0.1,-0.38,-0.09,0.06,-0.11,-0.12,-0.05,0.06,-0.12,-0.26,-0.09,-0.07,-0.02,0.07,-0.65,-0.45,-1.1,-0.14,-0.02,-0.63,-0.0,-0.45,-0.11,-0.02,8,1,7
1967,Derek Hood,2003,-0.5,-0.13,-0.45,-0.08,0.02,-0.09,0.43,-0.1,-0.34,0.01,0.01,-0.01,-0.12,-0.42,-0.12,0.17,-0.09,-0.15,-0.09,-0.02,-0.12,-0.32,-0.13,-0.08,-0.06,0.07,-0.62,-0.49,-1.1,-0.01,0.21,-0.83,0.05,-0.54,-0.11,-0.06,19,10,9
364,Rex Chapman,2003,0.11,-0.72,-1.55,0.2,0.82,0.43,0.71,0.16,2.3,0.92,0.31,0.6,-1.26,-0.74,0.35,0.39,-0.67,-0.45,-0.23,0.06,0.21,-0.5,0.07,-0.02,0.08,-0.25,-0.01,-1.1,-1.11,0.04,-0.42,0.41,-0.98,-0.12,-0.34,-0.18,8279,4152,4127
2457,Jannero Pargo,2003,-0.76,-0.37,-0.71,-0.01,-0.17,-0.1,0.89,-0.12,0.56,0.3,-0.3,0.59,0.01,-1.41,-0.31,0.57,-0.42,-0.42,-0.1,-0.15,-0.11,-0.74,0.39,0.19,0.2,0.25,-0.53,-0.59,-1.11,0.11,0.38,-0.91,0.35,-0.94,0.31,0.64,1768,884,884
2264,Alvin Jones,2003,-0.1,-0.38,-0.14,-0.31,-0.5,-0.04,0.62,0.36,-0.52,-0.56,-0.25,-0.3,0.21,-0.6,-0.19,-0.32,0.05,-0.06,-0.07,0.36,-0.15,-0.63,-0.05,-0.14,0.09,-0.15,-0.3,-0.81,-1.11,0.14,0.24,-0.54,-0.21,-0.6,-0.35,-0.2,499,245,254
349,Mark Jackson,2003,0.28,-0.04,-0.59,0.56,1.07,0.31,-0.49,-0.07,3.67,-0.1,-0.43,0.36,-0.2,0.08,0.41,-0.5,0.36,-0.05,-0.03,0.56,-0.04,-0.18,-1.29,-0.48,-0.8,0.35,0.11,-1.24,-1.12,-0.24,-0.34,0.45,0.25,-1.49,-0.3,-0.94,41613,20843,20770
1824,Peter Aluma,2003,-0.66,-0.18,-0.39,-0.17,0.08,-0.12,0.32,-0.06,-0.5,-0.11,0.06,-0.17,-0.05,-0.23,-0.11,0.1,-0.05,-0.12,-0.07,0.01,-0.05,-0.28,-0.11,-0.08,-0.02,0.01,-0.76,-0.36,-1.12,0.03,0.08,-0.84,-0.06,-0.3,-0.16,-0.1,19,10,9
177,Muggsy Bogues,2003,-2.27,0.03,-2.62,-1.19,-1.04,-0.22,3.65,-0.14,-1.07,0.02,0.24,-0.24,0.3,0.29,-0.38,0.24,0.14,0.28,0.09,-0.52,0.16,0.14,0.76,0.09,0.67,0.04,-2.16,1.04,-1.12,-0.26,0.02,-2.18,0.03,1.01,0.32,0.8,9462,4729,4733
2055,Mamadou N'diaye,2003,-1.06,-0.14,-0.31,-0.17,-0.61,-0.27,0.92,-0.25,-2.34,-0.05,0.19,-0.24,0.39,-0.16,0.06,-0.0,-0.11,-0.05,-0.02,0.05,-0.07,-0.52,-0.29,-0.15,-0.13,-0.11,-0.61,-0.51,-1.12,0.16,0.52,-1.13,-0.12,-0.39,0.34,-0.4,1579,792,787
1442,Zeljko Rebraca,2003,3.06,0.24,-0.6,1.12,-1.02,0.56,1.62,1.14,0.28,-2.67,-0.84,-1.84,-0.69,-0.29,0.24,0.21,0.04,0.42,-0.35,-0.63,0.17,-1.52,-0.41,-0.08,-0.33,0.02,-0.57,-0.55,-1.12,-0.14,-0.78,0.21,-0.48,-0.07,-3.36,-0.39,6341,3181,3160
2222,Gerald Wallace,2003,-0.68,-0.9,1.42,-0.35,-1.53,0.06,0.12,-0.37,-2.05,-0.57,-0.66,0.08,0.24,0.2,-0.13,0.12,-0.01,0.06,-0.02,-0.18,0.32,0.54,-0.73,-0.46,-0.27,-0.02,-0.48,-0.64,-1.12,0.44,0.45,-0.93,-0.42,-0.22,-0.33,-0.75,4021,2011,2010
2366,Mike Wilks,2003,-1.24,-0.03,-0.25,-0.47,0.03,-0.21,0.22,-0.02,-0.87,-0.1,0.08,-0.19,-0.04,0.16,-0.4,0.62,-0.14,-0.28,0.26,-0.34,-0.12,1.2,0.12,-0.04,0.15,0.11,-1.32,0.2,-1.12,-0.13,-0.51,-0.81,-0.25,0.45,-0.14,0.23,2401,1191,1210
2123,Garth Joseph,2003,-0.58,-0.24,-0.46,-0.14,-0.13,-0.04,0.59,-0.11,-0.24,0.01,0.04,-0.02,-0.03,-0.48,-0.04,0.12,-0.14,-0.23,-0.1,0.11,-0.09,-0.55,-0.12,-0.02,-0.11,0.03,-0.53,-0.59,-1.12,0.05,0.05,-0.58,-0.02,-0.57,-0.02,-0.09,57,28,29
1914,Chris Herren,2003,-0.3,0.04,0.7,-0.39,1.88,-0.54,-2.57,0.18,-1.74,-0.47,-0.38,-0.08,0.27,-0.5,-0.39,0.44,-0.3,-0.02,-0.02,-0.44,-0.01,0.01,-0.19,-0.05,-0.14,-0.11,-0.03,-1.11,-1.13,0.17,0.7,-0.73,-0.52,-0.59,-0.2,-0.3,3762,1871,1891
265,Harvey Grant,2003,-1.44,-0.05,-1.35,0.37,-1.07,-0.19,2.43,-0.81,-1.32,1.06,0.32,0.72,-0.08,-0.13,-0.11,-0.23,-0.46,0.01,0.1,0.22,0.36,0.53,-0.25,-0.38,0.13,0.32,-1.0,-0.13,-1.13,-0.61,0.81,-1.81,0.32,-0.45,0.98,0.07,2977,1492,1485
2425,Robert Archibald,2003,-0.58,-0.41,-0.27,-0.19,-0.24,-0.01,0.51,-0.2,-0.34,-0.17,-0.2,0.04,-0.26,-0.23,-0.08,0.23,-0.21,-0.32,0.01,0.09,-0.02,-0.22,-0.07,-0.0,-0.07,0.15,-0.97,-0.16,-1.13,0.03,0.08,-1.05,0.12,-0.28,-0.43,0.08,273,136,137
1924,Lee Nailon,2003,0.17,0.56,0.88,-0.26,-2.9,-0.65,2.0,0.37,-2.66,-0.84,-0.01,-0.82,0.36,-0.98,-0.62,-0.78,0.28,-0.09,-0.19,0.87,-0.26,0.87,-0.62,-0.29,-0.34,0.38,0.19,-1.32,-1.13,0.4,0.13,0.06,0.52,-1.84,-0.48,-0.24,10735,5327,5408
1732,Felipe Lopez,2003,-0.34,0.39,3.77,-0.16,-1.44,-0.42,-2.32,-1.48,-2.86,-1.34,-0.68,-0.66,0.46,-0.28,-0.3,-0.83,-0.85,-0.2,-0.01,1.02,0.72,0.21,0.4,-0.11,0.51,-0.21,-0.79,-0.34,-1.13,0.18,0.49,-1.28,-0.6,0.26,-0.88,0.19,15723,7817,7906
682,Bob Sura,2003,0.96,0.57,2.4,-0.52,2.08,-0.38,-4.49,-0.66,-0.35,-0.99,-0.28,-0.72,-0.62,-0.81,-0.42,-0.88,-0.6,-0.21,0.05,1.09,0.15,0.26,0.79,-0.04,0.82,-0.75,-0.48,-0.67,-1.15,0.27,-0.61,0.13,-0.97,0.3,-1.61,0.04,29402,14681,14721
2078,Jason Hart,2003,-0.49,-0.12,-0.11,-0.4,-0.4,0.01,0.49,0.02,-0.76,-0.2,-0.07,-0.13,-0.11,-0.42,-0.09,-0.12,-0.15,-0.22,0.01,0.33,-0.11,-0.2,-0.04,0.04,-0.07,0.2,-0.83,-0.33,-1.16,-0.1,-0.29,-0.54,0.19,-0.52,-0.31,0.16,336,168,168
698,Eddie Johnson,2003,-0.35,-0.18,-0.37,-0.13,0.03,-0.03,0.34,-0.01,-0.2,-0.1,-0.1,-0.01,-0.06,-0.54,-0.15,-0.02,-0.11,-0.07,-0.09,0.08,-0.11,-0.29,-0.14,-0.06,-0.08,0.02,-0.49,-0.67,-1.16,0.01,-0.16,-0.33,-0.02,-0.65,-0.16,-0.12,75,39,36
1766,Maceo Baston,2003,-0.27,0.09,-0.17,-0.04,-0.12,-0.03,0.27,-0.13,-1.02,-0.05,-0.11,0.05,-0.45,-0.21,-0.24,0.14,-0.04,-0.35,-0.04,0.21,-0.01,-0.09,-0.25,-0.14,-0.11,0.04,-0.77,-0.39,-1.17,0.02,-0.92,0.15,-0.12,-0.27,-0.5,-0.21,395,199,196
690,Don Reid,2003,-1.83,-1.15,0.25,-0.24,-0.02,-0.4,-0.23,-0.47,-0.25,-0.96,-0.67,-0.29,0.36,-0.18,-1.01,0.9,0.98,-0.17,0.13,-0.73,-0.43,2.75,0.55,0.4,0.16,0.74,-2.32,1.15,-1.17,0.15,1.29,-3.61,0.82,0.33,-0.6,1.29,11419,5683,5736
2400,Drew Gooden,2003,0.3,-0.19,-0.66,-0.29,-1.02,-0.1,1.68,1.2,-0.3,-1.02,-0.1,-0.93,0.72,-0.03,0.11,0.0,0.04,0.48,-0.25,-0.5,-0.22,-1.32,-0.52,-0.31,-0.21,-0.43,-0.16,-1.01,-1.17,-0.19,0.7,-0.86,0.41,-1.42,-0.3,-0.95,7962,3980,3982
1751,Jahidi White,2003,0.46,-1.98,1.49,-0.03,-1.91,0.98,0.4,0.7,1.16,-1.55,-0.61,-0.92,1.98,-0.47,0.69,-0.49,-1.12,0.74,-0.77,-0.25,0.28,-2.8,-0.94,-0.36,-0.58,-0.53,0.14,-1.32,-1.17,-0.12,0.63,-0.49,0.03,-1.35,0.43,-1.47,18282,9112,9170
710,David Vaughn,2003,-0.44,-0.29,-0.29,-0.11,-0.19,-0.09,0.47,0.03,-0.89,-0.19,0.13,-0.32,-0.2,-0.11,-0.17,0.06,-0.14,-0.12,-0.08,0.05,0.17,-0.03,-0.01,-0.09,0.08,0.02,-0.81,-0.35,-1.17,-0.24,-0.47,-0.34,0.03,-0.38,-0.39,0.01,401,199,202
52,Micheal Williams,2003,-0.63,-0.12,-0.56,-0.14,-0.04,-0.1,0.61,-0.09,-0.6,-0.07,-0.06,-0.02,-0.03,-0.39,-0.12,0.12,-0.09,-0.14,-0.07,0.02,-0.11,-0.37,-0.07,-0.01,-0.07,0.07,-0.78,-0.39,-1.18,-0.06,-0.01,-0.77,0.05,-0.44,-0.1,0.0,49,24,25
1745,Casey Shaw,2003,-0.83,-0.22,-0.38,-0.22,-0.13,-0.07,0.51,-0.15,-0.49,-0.11,-0.08,-0.04,-0.07,-0.09,-0.06,0.16,-0.11,-0.24,0.03,0.08,-0.08,-0.13,-0.12,-0.11,-0.02,0.06,-0.99,-0.2,-1.18,-0.02,-0.09,-0.9,0.07,-0.27,-0.18,-0.06,56,26,30
1512,Chris Anstey,2003,-1.02,-0.28,0.06,-0.34,-1.02,-0.87,0.98,0.33,-0.01,-0.77,-0.47,-0.29,0.29,-0.49,-0.39,-0.45,0.29,0.04,0.03,0.41,-0.27,0.41,1.01,0.31,0.69,-0.16,-1.41,0.22,-1.18,-0.04,-0.16,-1.25,0.25,-0.03,-0.48,0.85,5441,2709,2732
341,Joe Wolf,2003,-0.64,-0.15,-0.51,-0.19,-0.06,-0.04,0.57,-0.1,-0.28,0.08,0.05,0.02,-0.12,-0.46,-0.17,0.13,-0.11,-0.16,-0.07,0.03,-0.11,-0.3,-0.12,-0.05,-0.07,0.08,-0.72,-0.47,-1.18,0.0,-0.12,-0.6,0.04,-0.51,-0.04,-0.04,39,18,21
1941,ID_1941,2003,-0.44,-0.14,-0.43,-0.13,0.03,-0.07,0.4,-0.04,-0.43,0.04,0.06,-0.02,-0.19,-0.27,-0.14,0.17,-0.1,-0.12,-0.05,-0.05,-0.07,-0.23,-0.01,-0.01,-0.0,0.07,-0.86,-0.33,-1.19,-0.39,-0.06,-0.8,0.01,-0.34,-0.15,0.06,17,7,10
1501,Tim Thomas,2003,0.52,0.23,0.07,0.29,2.85,-0.36,-2.91,0.11,0.64,0.01,0.29,-0.29,-0.49,-0.57,-0.4,0.31,-0.0,-1.12,0.09,0.81,-0.39,-0.29,-0.18,-0.57,0.4,-0.78,0.45,-1.65,-1.2,0.29,-0.31,0.76,-0.73,-0.92,-0.48,-0.96,37878,19006,18872
2051,Donnell Harvey,2003,-1.49,-0.02,0.73,-0.06,-1.8,-1.3,1.08,-1.16,-1.82,-1.98,-0.71,-1.29,0.26,0.42,-0.25,-0.21,0.03,-0.7,-0.02,0.92,0.62,0.38,0.61,0.15,0.47,0.54,-2.42,1.23,-1.2,0.44,0.42,-2.84,0.63,0.6,-1.72,1.15,9406,4670,4736
2294,Charlie Bell,2003,-0.3,0.05,-0.53,0.14,0.13,-0.21,0.41,-0.06,-0.61,-0.04,0.01,-0.06,-0.08,-0.47,-0.1,-0.16,-0.09,-0.01,-0.08,0.15,-0.09,-0.13,-0.18,-0.09,-0.09,0.06,-0.5,-0.7,-1.2,-0.19,-0.14,-0.36,-0.1,-0.6,-0.12,-0.12,153,76,77
3,Grant Long,2003,-2.44,0.13,-1.41,-0.88,-0.45,-1.15,1.86,-0.76,-3.06,-1.17,-0.26,-0.92,0.24,1.27,0.46,1.38,0.23,-0.62,0.22,-0.75,0.22,0.71,1.21,0.36,0.85,-0.16,-3.49,2.27,-1.22,-0.17,0.39,-3.88,-0.15,2.42,-0.93,1.05,23801,11844,11957
262,Michael Cage,2003,-1.07,-0.0,-1.09,-0.29,0.46,-0.26,0.66,-0.13,-0.32,-0.36,-0.39,0.04,0.1,-0.29,0.03,0.46,-0.28,0.17,-0.12,-0.62,0.0,0.02,-0.08,0.06,-0.14,0.31,-1.29,0.06,-1.22,0.17,0.08,-1.37,0.14,-0.08,-0.26,0.23,911,454,457
1070,Devin Gray,2003,-0.8,0.08,0.07,-0.31,0.33,-0.23,-0.43,-0.11,-1.06,-0.16,-0.25,0.08,-0.0,-0.55,-0.02,0.16,-0.18,-0.12,-0.14,-0.04,-0.06,-0.38,-0.12,-0.12,-0.01,0.17,-0.86,-0.37,-1.23,0.23,-0.13,-0.73,0.09,-0.46,-0.16,0.05,489,244,245
1003,Drew Barry,2003,0.33,0.18,-0.16,0.1,0.72,-0.21,-0.57,0.06,0.19,-0.66,-0.59,-0.07,-0.49,-0.28,-0.16,-0.13,-0.17,-0.04,0.01,0.16,0.05,0.01,-0.25,-0.26,0.01,0.02,-0.72,-0.51,-1.23,0.1,-0.86,0.14,-0.07,-0.44,-1.15,-0.23,1315,656,659
2062,A.J. Guyton,2003,-1.79,-0.4,-1.87,-1.05,2.78,-0.15,-0.93,-0.24,0.52,0.59,0.62,-0.05,-0.0,-0.83,0.06,-0.18,-0.52,-0.09,0.25,0.26,-0.61,-1.16,0.47,0.33,0.13,0.07,-1.09,-0.15,-1.24,0.25,-0.3,-0.79,0.1,-0.25,0.59,0.54,4441,2207,2234
1544,Chris Crawford,2003,-1.42,0.13,0.51,-0.23,-0.99,-0.43,0.49,-0.67,-3.83,-0.47,0.05,-0.51,0.4,-0.36,-0.23,0.19,-0.04,0.87,-0.29,-1.07,-0.0,0.92,0.06,-0.11,0.16,-0.24,-1.07,-0.17,-1.24,0.79,-0.06,-1.01,-0.19,0.02,-0.07,-0.18,9656,4825,4831
1037,Stojko Vrankovic,2003,-0.56,-0.17,-0.29,-0.27,0.08,-0.05,0.2,-0.03,-0.64,0.04,0.07,-0.05,-0.09,-0.49,-0.13,0.17,-0.13,-0.17,-0.07,-0.0,-0.14,-0.48,-0.14,-0.08,-0.06,0.05,-0.65,-0.6,-1.25,-0.06,-0.08,-0.57,-0.06,-0.54,-0.05,-0.09,49,24,25
1954,Jason Miskiri,2003,-0.55,-0.18,-0.52,-0.13,0.09,-0.1,0.43,-0.02,-0.29,-0.07,0.0,-0.07,-0.1,-0.4,-0.12,0.1,-0.11,-0.11,-0.06,0.0,-0.12,-0.28,-0.13,-0.07,-0.05,0.07,-0.76,-0.48,-1.25,-0.07,0.03,-0.79,-0.0,-0.48,-0.17,-0.06,14,7,7
760,Jerome Kersey,2003,-4.53,-1.04,-1.01,-1.42,-2.65,-0.8,3.66,-0.08,-1.11,-0.56,-0.2,-0.38,0.95,1.23,-0.38,0.79,0.37,0.22,0.07,-1.03,0.51,2.89,1.3,0.93,0.39,0.2,-4.11,2.85,-1.26,0.15,0.54,-4.65,0.53,2.32,0.39,1.5,8922,4446,4476
712,Mario Bennett,2003,-1.0,-0.25,-0.29,-0.34,-0.06,-0.13,0.34,-0.08,-0.72,0.16,0.16,-0.01,-0.08,-0.32,-0.16,0.08,-0.1,-0.06,-0.07,-0.03,-0.05,0.04,-0.15,-0.13,-0.04,0.13,-0.96,-0.3,-1.26,-0.0,0.23,-1.19,0.04,-0.34,0.08,-0.02,91,46,45
987,Jason Sasser,2003,-0.6,-0.21,-0.62,-0.14,0.09,-0.09,0.54,-0.04,-0.53,0.02,0.05,-0.04,-0.31,-0.33,-0.07,0.09,-0.17,-0.03,-0.11,-0.06,0.03,-0.37,-0.01,0.06,-0.07,0.11,-1.03,-0.24,-1.26,-0.14,-0.2,-0.83,0.04,-0.28,-0.29,0.1,140,70,70
1667,Steve Henson,2003,-0.54,0.01,-0.43,-0.12,-0.13,-0.09,0.56,-0.14,-0.75,-0.33,-0.19,-0.14,0.0,-0.06,-0.09,0.08,-0.0,-0.19,0.0,0.1,-0.1,-0.02,-0.15,-0.11,-0.05,0.1,-1.12,-0.15,-1.27,-0.29,0.03,-1.15,0.09,-0.24,-0.33,-0.05,83,45,38
873,ID_873,2003,-0.45,-0.15,-0.43,-0.13,0.03,-0.07,0.4,-0.04,-0.37,0.0,0.04,-0.05,-0.15,-0.44,-0.1,0.07,-0.1,-0.11,-0.07,0.03,-0.13,-0.34,-0.06,-0.01,-0.04,0.05,-0.75,-0.52,-1.27,-0.22,-0.04,-0.71,0.07,-0.59,-0.15,-0.01,20,4,16
2230,Maurice Evans,2003,-0.66,-0.15,-0.37,-0.06,0.28,-0.19,0.08,-0.16,-0.32,-0.14,0.01,-0.16,0.01,-0.42,-0.15,0.15,-0.06,-0.22,-0.06,0.07,-0.12,-0.17,0.05,0.0,0.04,-0.02,-0.86,-0.41,-1.27,-0.09,-0.21,-0.65,0.2,-0.61,-0.13,0.03,177,90,87
2253,Sean Lampley,2003,-0.9,-0.07,0.82,-0.31,-1.43,-0.43,0.58,-0.16,-2.13,-0.33,-0.25,-0.08,-0.0,0.29,0.18,-0.39,-0.06,0.02,0.16,0.37,0.01,-0.3,-0.06,-0.04,-0.02,0.13,-1.39,0.12,-1.27,-0.4,-0.29,-1.1,0.39,-0.27,-0.33,0.07,1729,872,857
1496,Keith Van Horn,2003,0.95,0.05,1.21,-0.98,0.63,-0.35,-1.83,1.12,0.85,-0.37,-0.14,-0.24,0.58,-0.88,0.21,-1.07,-0.19,0.41,0.14,0.66,-0.99,-0.69,0.01,-0.05,0.07,-1.13,0.35,-1.63,-1.28,-0.44,0.07,0.28,-0.67,-0.96,0.21,-1.12,45123,22647,22476
55,Marty Conlon,2003,-0.7,-0.26,-0.46,-0.3,0.11,0.06,0.35,-0.17,-0.04,-0.07,-0.18,0.1,-0.04,-0.23,-0.16,0.04,-0.01,-0.08,-0.08,0.03,-0.04,-0.03,-0.21,-0.15,-0.06,0.01,-0.77,-0.51,-1.28,-0.04,0.04,-0.81,0.02,-0.53,-0.11,-0.2,158,81,77
920,A.C. Green,2003,-4.86,-0.72,-1.36,-1.66,-1.92,-1.06,3.28,-0.74,-1.9,0.77,0.43,0.32,1.2,1.76,1.05,-0.01,0.19,0.56,0.62,-0.55,-0.05,0.7,-0.15,-0.35,0.2,0.03,-3.08,1.79,-1.29,-0.04,0.83,-3.91,0.23,1.56,1.97,-0.12,17132,8547,8585
458,Howard Eisley,2003,0.11,0.07,-1.76,-0.94,2.56,0.75,-0.78,0.47,-0.09,0.12,-0.43,0.55,-0.97,-0.38,-0.51,-0.55,-0.15,0.89,0.39,-0.34,-0.04,0.67,-0.38,-0.31,-0.07,-0.09,-0.08,-1.2,-1.29,0.3,-0.6,0.52,-0.05,-1.15,-0.85,-0.47,33334,16655,16679
2343,Joe Crispin,2003,-0.63,-0.37,-0.93,0.01,1.18,-0.18,-0.23,0.03,0.23,0.04,-0.24,0.27,-0.16,-0.55,-0.17,-0.3,-0.36,-0.03,-0.05,0.32,0.16,-0.13,-0.15,-0.01,-0.15,0.05,-0.69,-0.61,-1.3,0.1,-0.56,-0.13,0.0,-0.61,-0.12,-0.1,582,291,291
2436,Flip Murray,2003,-0.61,-0.29,0.2,-0.2,-0.12,-0.04,-0.11,-0.18,-0.79,0.05,0.19,-0.16,-0.27,-0.33,-0.02,0.16,-0.03,-0.15,-0.07,-0.0,-0.17,-0.64,-0.08,-0.01,-0.08,0.08,-0.93,-0.36,-1.3,-0.14,-0.18,-0.75,-0.07,-0.29,-0.22,0.0,233,120,113
932,Oliver Miller,2003,0.25,-0.62,2.12,0.2,0.2,0.33,-2.31,-0.59,-0.33,-1.58,-1.4,-0.19,-0.24,0.46,-0.23,-0.04,0.44,-0.25,-0.05,0.3,0.27,-0.31,-0.16,-0.01,-0.15,0.0,-0.94,-0.36,-1.3,-0.03,-0.45,-0.49,-0.2,-0.16,-1.82,-0.16,4419,2208,2211
1000,Shandon Anderson,2003,0.11,0.21,1.71,-0.43,0.73,-0.83,-2.45,0.21,-0.8,-1.3,-0.84,-0.45,0.04,0.36,-0.29,0.13,-0.24,0.28,0.35,-0.39,-0.01,1.26,-0.31,-0.38,0.08,0.0,-1.44,0.13,-1.31,-0.21,-0.13,-1.31,-0.57,0.7,-1.26,-0.31,36380,18120,18260
914,Stanley Roberts,2003,-0.75,-0.26,-0.42,-0.1,-0.47,-0.05,0.89,-0.16,-0.38,-0.3,-0.23,-0.07,-0.13,-0.06,-0.06,0.22,-0.12,-0.17,-0.05,-0.05,0.06,-0.34,-0.02,-0.04,0.02,0.01,-1.06,-0.25,-1.31,-0.06,-0.28,-0.78,0.06,-0.31,-0.43,-0.01,379,189,190
1122,Dominique Wilkins,2003,-0.88,-0.06,0.14,-0.17,0.09,-0.16,-0.25,-0.39,-0.36,-0.43,-0.11,-0.32,0.15,0.01,0.04,-0.57,-0.18,-0.04,0.09,0.6,0.12,-0.29,-0.07,-0.04,-0.04,-0.02,-1.2,-0.12,-1.32,-0.08,0.23,-1.43,0.06,-0.18,-0.28,-0.09,945,476,469
1585,Brandon Williams,2003,-0.98,-0.18,-0.48,-0.19,-0.04,-0.11,0.53,-0.21,-0.72,-0.07,-0.0,-0.07,-0.07,-0.28,-0.06,0.21,-0.11,-0.11,-0.11,-0.1,-0.03,-0.17,-0.01,-0.04,0.02,0.1,-1.15,-0.18,-1.33,-0.02,-0.16,-0.99,0.05,-0.23,-0.14,0.09,85,42,43
275,Allan Houston,2003,0.27,0.42,-2.91,-2.37,1.59,1.5,1.33,1.18,-1.36,1.03,0.69,0.35,-1.5,-0.39,-0.21,-0.04,-0.59,-0.3,0.11,0.36,0.21,-0.36,-0.55,-0.47,-0.08,-0.23,-0.38,-0.95,-1.33,0.04,-1.35,0.97,0.22,-1.17,-0.47,-0.78,56400,28279,28121
2243,Brian Scalabrine,2003,-0.86,-0.28,0.22,-0.66,0.64,-0.24,-0.87,-0.03,0.23,0.48,0.0,0.49,-0.08,-1.15,-0.26,-0.69,-0.11,0.06,0.12,0.62,-0.41,-0.13,0.32,0.15,0.18,-0.13,-0.7,-0.63,-1.33,0.09,-0.32,-0.38,0.06,-0.69,0.4,0.19,3842,1923,1919
182,Billy Owens,2003,-2.49,-0.9,-0.15,-1.31,-0.66,-0.13,0.81,-0.75,-0.91,0.08,-0.02,0.11,0.79,0.03,-0.25,0.01,-0.38,-0.21,0.02,0.2,0.52,0.45,0.26,-0.19,0.45,0.04,-1.6,0.27,-1.33,-0.04,0.83,-2.43,0.04,0.23,0.87,0.3,9826,4908,4918
704,Shawn Respert,2003,-0.97,-0.04,-0.43,-0.15,-0.02,-0.21,0.45,-0.22,-1.25,-0.29,-0.06,-0.23,-0.19,-0.13,-0.07,0.26,-0.19,-0.33,0.01,0.07,0.02,-0.63,0.06,0.04,0.01,-0.02,-1.19,-0.16,-1.34,0.2,0.15,-1.34,-0.17,0.01,-0.48,0.04,359,176,183
1750,Miles Simon,2003,-0.67,-0.14,-0.35,-0.11,0.08,-0.15,0.26,-0.1,-0.42,-0.12,-0.13,0.0,-0.16,-0.29,-0.03,0.12,-0.11,-0.17,-0.04,0.05,-0.12,-0.53,-0.18,-0.13,-0.04,0.12,-0.98,-0.38,-1.36,-0.06,-0.2,-0.78,-0.0,-0.38,-0.28,-0.06,70,34,36
2208,Kedrick Brown,2003,-1.62,-0.52,-1.1,0.05,1.22,-0.4,-0.13,-0.42,-1.29,0.31,-0.08,0.39,-0.26,0.38,0.14,0.5,-0.08,-0.72,-0.04,0.22,0.21,-0.48,0.13,-0.05,0.16,-0.02,-1.55,0.19,-1.36,-0.28,-0.36,-1.19,-0.51,0.7,0.05,0.11,3404,1700,1704
1554,Jamal Robinson,2003,-1.34,-0.16,-0.55,-0.26,-0.3,-0.19,0.86,-0.22,-0.98,-0.02,-0.01,-0.02,0.08,-0.36,-0.15,0.15,-0.16,-0.01,-0.02,-0.14,-0.1,0.35,0.28,0.01,0.26,0.09,-1.36,-0.02,-1.37,-0.1,0.15,-1.51,-0.01,-0.01,0.06,0.37,262,128,134
170,Joe Kleine,2003,-0.2,-0.4,-1.93,-0.11,-0.36,0.27,2.33,0.19,2.19,-0.04,-0.07,0.04,0.25,-0.67,0.12,0.53,-0.25,0.1,-0.14,-0.63,-0.32,-0.05,-0.75,-0.16,-0.58,0.05,-0.02,-1.35,-1.37,-0.01,-0.17,0.15,-0.43,-0.92,0.21,-0.7,1548,765,783
1304,ID_1304,2003,-0.45,-0.14,-0.43,-0.13,0.03,-0.07,0.4,-0.04,-0.43,0.04,0.05,-0.02,-0.16,-0.33,-0.12,0.06,-0.06,-0.1,-0.05,0.03,-0.13,-0.31,-0.06,-0.09,0.04,0.02,-0.87,-0.5,-1.37,-0.43,-0.06,-0.81,-0.01,-0.49,-0.12,-0.04,23,7,16
431,Shawn Kemp,2003,-0.7,0.46,1.54,-1.51,-1.75,0.47,0.22,-0.56,-0.25,-0.82,0.13,-0.96,0.13,-1.08,-0.16,0.08,-0.78,0.3,0.09,-0.38,-0.75,-1.34,0.06,0.62,-0.55,0.97,-1.78,0.4,-1.37,0.07,0.32,-2.1,1.19,-0.79,-0.69,1.03,30387,15208,15179
2470,Smush Parker,2003,0.33,0.47,1.73,0.03,0.87,-0.24,-2.62,-0.6,0.2,-0.96,-0.79,-0.18,0.03,-1.51,-0.36,-0.02,-0.15,-0.33,-0.42,0.35,-0.36,-0.33,0.13,-0.0,0.13,0.42,-0.34,-1.05,-1.4,0.16,-0.53,0.19,0.52,-1.57,-0.93,0.55,4313,2151,2162
1542,Predrag Drobnjak,2003,-1.42,-0.22,-1.43,-0.17,-1.81,-0.36,3.22,0.55,2.55,0.73,0.68,0.06,0.35,-1.14,0.69,0.33,-1.22,0.22,-0.15,-0.54,-0.34,-1.28,-0.8,0.08,-0.87,0.51,-0.44,-0.95,-1.4,0.37,0.28,-0.72,-0.01,-0.94,1.08,-0.29,11507,5766,5741
1917,Wang Zhi-zhi,2003,-0.22,0.0,-0.07,0.04,3.09,-0.11,-3.02,-0.48,-1.12,-0.11,-0.49,0.39,-0.19,-1.2,-0.1,-0.56,-0.04,-1.13,-0.25,1.69,-0.21,-1.12,0.01,0.14,-0.13,0.18,-0.44,-0.97,-1.41,0.12,-0.35,-0.09,-0.21,-0.76,-0.3,0.19,4166,2091,2075
1928,Todd MacCulloch,2003,-0.48,-1.72,1.24,1.03,-1.88,0.35,0.65,-0.82,0.81,-0.88,-0.68,-0.21,0.38,0.52,0.27,0.68,-0.05,0.24,-0.12,-0.91,0.39,0.43,-0.58,-0.53,-0.05,0.11,-1.32,-0.1,-1.41,-0.48,0.85,-2.17,0.14,-0.24,-0.5,-0.47,15167,7632,7535
1817,Adonis Jordan,2003,-0.63,-0.2,-0.55,-0.09,0.04,-0.09,0.52,-0.08,-0.2,0.05,-0.04,0.08,-0.25,-0.36,-0.07,0.07,-0.06,-0.1,-0.08,0.02,-0.14,-0.43,-0.08,-0.04,-0.06,-0.01,-0.89,-0.52,-1.41,-0.13,-0.09,-0.8,-0.03,-0.49,-0.2,-0.09,77,39,38
2073,Brian Cardinal,2003,-1.05,0.07,-0.2,-0.24,0.35,-0.21,-0.15,-0.43,-1.48,-0.14,-0.12,-0.02,0.06,-0.19,-0.31,0.31,-0.17,-0.3,0.01,-0.01,0.12,0.27,-0.13,-0.21,0.08,0.18,-1.24,-0.19,-1.43,-0.16,-0.32,-0.92,0.23,-0.42,-0.08,0.05,695,352,343
934,Derrick Coleman,2003,-0.84,0.32,0.96,0.14,-1.39,-1.49,0.42,-0.43,0.39,-0.32,-0.59,0.26,0.01,0.96,0.64,-1.5,1.12,0.03,-0.03,1.47,0.39,-2.14,-0.68,0.15,-0.83,0.34,-1.79,0.36,-1.43,-0.9,-0.39,-1.4,0.32,0.04,-0.31,-0.34,32659,16368,16291
1591,Alvin Sims,2003,-0.75,-0.23,-0.25,-0.2,-0.14,-0.04,0.38,-0.17,-0.42,-0.36,-0.16,-0.2,0.18,-0.35,-0.06,0.1,-0.04,-0.21,0.0,0.11,-0.24,-0.47,-0.18,-0.13,-0.05,0.07,-0.86,-0.57,-1.43,-0.04,0.04,-0.9,-0.01,-0.56,-0.18,-0.11,82,42,40
1716,Larry Hughes,2003,-1.34,0.12,0.81,1.92,-2.4,-2.21,1.6,-1.36,-2.19,-0.12,-0.12,-0.0,1.02,-0.9,-0.75,-0.5,-2.01,-0.47,-0.28,0.97,1.22,-0.95,0.49,0.43,0.06,-0.43,-0.66,-0.78,-1.44,-0.16,0.42,-1.08,-0.12,-0.66,0.9,0.06,36611,18290,18321
2369,Norman Richardson,2003,-0.58,-0.2,-0.34,-0.17,-0.13,-0.03,0.47,-0.13,-0.32,-0.18,-0.12,-0.06,-0.17,-0.28,0.04,0.18,-0.06,-0.25,-0.07,0.06,-0.17,-0.83,-0.25,-0.11,-0.14,0.08,-0.94,-0.5,-1.45,-0.07,-0.02,-0.92,-0.09,-0.41,-0.35,-0.17,251,125,126
1853,Anthony Carter,2003,-0.53,-0.45,-0.39,0.85,-1.35,-0.15,1.73,-0.63,-0.46,-1.22,-0.78,-0.43,-1.09,0.54,-0.3,1.32,-0.05,-0.69,0.11,-0.62,0.47,1.37,0.49,0.23,0.26,0.23,-2.75,1.3,-1.45,0.13,-1.52,-1.23,0.29,1.01,-2.31,0.72,21020,10498,10522
1730,Brian Skinner,2003,-1.47,0.01,0.01,-1.15,-0.89,-0.45,0.87,-0.42,-2.22,-1.47,-0.42,-1.04,1.04,0.35,-0.03,-1.22,0.34,-0.03,0.28,1.26,0.02,-0.22,0.19,0.01,0.18,0.07,-2.04,0.58,-1.46,-0.17,0.75,-2.79,0.49,0.09,-0.43,0.26,15504,7722,7782
2173,Sean Colson,2003,-0.83,-0.26,-0.56,-0.15,-0.08,-0.17,0.65,-0.07,-0.56,-0.04,-0.07,0.02,-0.04,-0.49,-0.11,0.12,-0.13,-0.17,-0.02,0.05,-0.22,-0.41,-0.07,-0.08,0.01,0.04,-0.98,-0.48,-1.46,-0.03,-0.11,-0.87,0.01,-0.49,-0.08,-0.03,153,75,78
715,John Coker,2003,-1.08,-0.34,-0.66,-0.32,0.7,-0.06,-0.03,-0.24,-0.28,0.23,0.16,0.07,-0.03,-0.62,-0.07,0.07,-0.24,-0.09,-0.0,0.02,-0.25,-0.63,-0.07,-0.02,-0.05,0.01,-0.87,-0.6,-1.47,0.09,0.18,-1.05,0.0,-0.6,0.2,-0.06,477,240,237
2447,Tamar Slay,2003,-0.48,-0.55,-0.63,-0.32,0.22,-0.05,0.42,0.33,-1.03,-0.42,-0.18,-0.23,-0.07,-0.74,-0.21,-0.25,-0.21,0.12,-0.06,0.12,0.01,0.07,0.08,-0.04,0.12,0.12,-1.09,-0.38,-1.47,0.04,-0.37,-0.72,0.28,-0.66,-0.49,0.2,1062,522,540
2065,Mike Smith,2003,-0.66,-0.16,0.71,-0.32,-0.19,-0.24,-0.55,-0.02,-0.08,0.1,-0.04,0.11,-0.04,-0.63,0.01,-0.25,-0.22,-0.11,-0.09,0.35,-0.16,-1.04,-0.05,-0.13,0.08,-0.03,-0.68,-0.79,-1.48,-0.17,0.12,-0.8,0.02,-0.81,0.06,-0.08,661,338,323
1942,Harold Jamison,2003,-1.67,-0.47,0.78,-0.37,-0.29,-0.37,-0.54,-0.33,-1.48,0.01,0.11,-0.1,1.07,-0.88,-0.22,-0.03,-0.18,-0.33,-0.19,0.36,0.02,-0.77,-0.04,-0.05,-0.0,-0.02,-0.45,-1.04,-1.48,0.05,0.67,-1.12,-0.43,-0.61,1.08,-0.06,919,462,457
1563,Kevin Ollie,2003,-0.44,0.74,-0.44,0.12,-1.48,0.44,1.91,-1.02,-1.74,-0.32,-0.2,-0.11,-0.68,0.09,-0.29,0.67,-0.58,-0.46,0.26,-0.2,0.58,0.93,0.22,0.21,0.01,0.27,-1.4,-0.08,-1.48,-0.62,0.47,-1.87,-0.32,0.24,-1.0,0.49,18829,9369,9460
1861,Negele Knight,2003,-0.59,-0.13,-0.63,-0.09,0.02,-0.2,0.62,0.04,0.23,-0.18,-0.01,-0.17,-0.1,-0.59,-0.16,0.31,-0.11,-0.13,-0.12,-0.19,-0.17,-0.45,-0.13,-0.07,-0.07,0.13,-0.99,-0.49,-1.49,-0.03,0.14,-1.13,0.16,-0.65,-0.28,0.0,215,107,108
1562,Gerard King,2003,-1.57,-0.03,-2.34,0.38,-0.32,-0.14,2.65,-0.49,-0.16,-0.57,-0.41,-0.18,0.67,-0.92,-0.04,-0.09,-0.6,-0.65,-0.13,0.74,-0.02,1.19,0.58,0.04,0.54,0.46,-1.73,0.24,-1.49,-0.14,0.44,-2.17,1.06,-0.82,0.1,1.04,6926,3451,3475
2143,Pepe Sanchez,2003,-0.39,0.05,-0.59,0.17,0.34,-0.24,0.26,-0.13,0.79,-0.11,-0.1,-0.02,-0.33,-0.7,-0.02,0.18,-0.25,-0.16,-0.1,-0.02,-0.17,-0.65,-0.04,-0.22,0.2,0.26,-0.95,-0.55,-1.49,-0.18,-0.29,-0.66,0.13,-0.68,-0.44,0.22,663,332,331
85,Brent Price,2003,0.44,-0.01,0.42,0.55,2.16,0.04,-2.57,-0.93,-2.89,-0.98,-0.14,-0.85,0.22,-0.35,-0.21,0.14,0.22,0.28,-0.04,-0.43,-0.43,0.89,-0.28,-0.32,0.04,-0.4,-0.19,-1.31,-1.5,-0.15,-0.01,-0.18,-0.12,-1.19,-0.76,-0.68,5386,2694,2692
202,Gary Grant,2003,-0.7,-0.28,-0.46,-0.26,-0.22,0.0,0.68,0.07,-0.11,-0.02,-0.06,0.04,-0.23,-0.44,-0.19,0.03,-0.1,-0.08,-0.06,0.04,-0.03,-0.21,-0.19,-0.08,-0.11,0.05,-0.86,-0.65,-1.5,0.03,-0.11,-0.75,0.08,-0.73,-0.25,-0.14,195,96,99
31,Lorenzo Williams,2003,-0.52,-0.25,0.08,-0.25,0.09,0.06,-0.19,-0.24,-0.78,-0.17,-0.33,0.16,-0.07,-0.29,-0.13,0.12,-0.02,-0.17,-0.06,0.05,-0.14,-0.78,-0.12,-0.06,-0.06,0.06,-0.93,-0.58,-1.5,-0.39,-0.22,-0.71,-0.11,-0.47,-0.24,-0.06,381,190,191
2410,Fred Jones,2003,-0.76,-0.25,-0.05,-0.25,-0.23,-0.06,0.27,-0.24,-0.92,-0.35,0.07,-0.42,-0.08,-0.1,-0.21,0.15,-0.03,-0.24,-0.0,0.09,0.01,0.08,-0.05,-0.14,0.08,-0.0,-1.26,-0.24,-1.5,-0.16,-0.2,-1.06,-0.11,-0.13,-0.43,-0.05,415,204,211
12,Chris King,2003,-0.62,-0.14,-0.07,-0.3,-0.11,-0.03,0.16,-0.11,-0.54,-0.41,0.01,-0.42,-0.09,-0.22,-0.1,-0.03,-0.04,-0.18,-0.01,0.2,-0.09,-0.19,-0.18,-0.09,-0.08,0.01,-1.1,-0.42,-1.51,0.0,0.05,-1.15,-0.18,-0.24,-0.5,-0.17,151,78,73
1901,Dion Glover,2003,0.58,0.06,2.04,-0.28,-0.77,-0.35,-1.28,0.48,-2.24,-0.02,-0.2,0.18,-1.19,0.1,0.23,-0.33,0.26,-0.12,-0.65,0.45,0.47,-0.25,-0.39,-0.06,-0.33,-0.16,-0.6,-0.9,-1.51,-0.43,-0.77,0.17,-0.81,-0.09,-1.21,-0.55,16800,8380,8420
2419,Tayshaun Prince,2003,-1.41,-0.53,-1.08,-0.34,1.49,-0.47,-0.39,-0.03,-0.61,0.49,0.32,0.17,-0.96,0.6,0.26,-0.13,-0.1,0.68,-0.06,-0.56,-0.14,0.09,-0.14,0.12,-0.26,-0.02,-2.18,0.66,-1.52,-0.08,-0.8,-1.38,0.15,0.51,-0.47,-0.16,2896,1446,1450
381,James Robinson,2003,-1.31,-0.17,0.06,-1.26,1.11,0.01,-1.17,-0.24,-0.89,-0.41,-0.36,-0.06,0.51,-0.82,-0.37,-0.25,-0.24,0.06,0.11,0.18,-0.34,0.05,-0.05,-0.04,-0.01,0.12,-0.59,-0.93,-1.52,0.44,0.77,-1.36,0.31,-1.24,0.1,0.07,2086,1050,1036
2031,Stromile Swift,2003,0.26,-0.25,0.63,0.59,-1.76,-0.39,1.12,0.17,0.87,-1.42,-1.1,-0.32,0.07,0.43,0.19,-0.49,0.2,-0.11,-0.2,0.61,0.24,-1.75,0.32,0.23,0.08,-1.18,-0.73,-0.79,-1.53,-0.01,-0.56,-0.17,-1.08,0.29,-1.35,-0.86,17109,8528,8581
1754,Andrae Patterson,2003,-1.5,-0.38,0.02,0.04,-0.09,-0.3,0.07,-0.83,-0.8,-0.05,-0.07,0.02,0.13,-0.18,-0.28,0.22,-0.13,-0.04,-0.05,-0.18,0.16,0.34,0.18,-0.02,0.2,0.09,-1.52,-0.01,-1.53,-0.2,0.81,-2.33,0.26,-0.27,0.08,0.27,1166,584,582
1926,Ryan Robertson,2003,-0.79,-0.2,-0.58,-0.18,0.03,-0.01,0.57,-0.23,-0.73,-0.24,-0.04,-0.2,-0.14,-0.26,-0.06,0.06,-0.06,-0.08,-0.05,0.01,-0.13,-0.42,-0.11,-0.12,0.01,0.02,-1.17,-0.37,-1.54,-0.02,0.09,-1.26,-0.03,-0.34,-0.38,-0.09,88,45,43
280,Felton Spencer,2003,-1.61,-0.48,-1.03,-0.56,-0.58,0.19,1.62,-0.7,-1.89,-1.03,-0.72,-0.31,0.62,0.17,-0.57,1.35,0.05,-0.52,0.15,-0.83,-0.1,0.53,0.02,0.38,-0.36,0.43,-2.26,0.71,-1.55,-0.15,0.4,-2.66,0.59,0.12,-0.41,0.45,2489,1246,1243
906,Haywoode Workman,2003,-0.35,-0.28,-0.16,0.58,0.32,-0.23,-0.16,-0.11,1.34,-0.02,0.16,-0.19,-0.23,-0.59,-0.39,0.08,-0.05,-0.8,0.2,0.71,-0.26,0.58,1.12,0.72,0.4,-0.17,-1.37,-0.19,-1.55,-1.31,-0.16,-1.21,0.04,-0.23,-0.25,0.95,4381,2193,2188
754,Jim Jackson,2003,-0.81,0.06,-1.29,-0.13,-0.16,0.14,1.46,-0.37,-2.76,0.02,-0.35,0.36,-0.13,-0.28,-0.16,-0.03,-0.18,-0.27,0.11,0.3,0.39,0.55,-0.51,-0.12,-0.39,0.39,-0.78,-0.79,-1.56,-0.24,0.47,-1.25,0.56,-1.35,-0.11,-0.12,34308,17152,17156
1720,Michael Doleac,2003,-1.27,-0.7,-2.59,-0.87,-1.87,0.16,4.46,0.98,1.59,0.44,0.04,0.39,0.44,-1.17,-0.62,0.73,-0.66,0.01,-0.12,-0.74,-0.2,-0.6,-0.38,0.09,-0.47,0.96,-0.96,-0.59,-1.56,-0.58,0.26,-1.22,0.82,-1.41,0.88,0.58,20094,10075,10019
2057,Erick Barkley,2003,-1.16,-0.39,-0.03,0.03,-0.16,-0.28,0.18,-0.24,-0.16,0.05,-0.07,0.11,-0.22,-0.46,-0.16,-0.38,0.16,0.03,-0.25,0.34,0.04,-1.04,0.15,-0.09,0.25,-0.02,-0.98,-0.59,-1.57,0.09,0.44,-1.42,-0.06,-0.53,-0.17,0.13,966,486,480
2456,Cezary Trybanski,2003,-1.02,-0.19,-0.69,-0.14,-0.22,-0.04,0.92,-0.41,-1.36,-0.39,0.08,-0.48,-0.01,-0.22,-0.15,0.08,-0.07,-0.11,0.01,0.03,-0.12,-0.28,-0.15,-0.08,-0.07,0.11,-1.21,-0.37,-1.57,0.11,0.44,-1.65,0.09,-0.46,-0.4,-0.04,309,157,152
702,Voshon Lenard,2003,-0.43,0.15,-0.58,-0.53,2.47,0.1,-1.88,-0.99,1.22,0.73,0.66,0.08,-0.16,-0.75,-0.37,-0.5,0.07,0.11,-0.15,0.4,-0.46,-0.7,-0.97,-0.52,-0.46,-0.29,0.74,-2.32,-1.58,0.29,0.09,0.65,-0.13,-2.19,0.57,-1.26,28189,14096,14093
348,Mitchell Butler,2003,-0.58,-0.05,0.04,-0.5,0.26,-0.19,-0.32,0.04,-0.24,-0.1,-0.16,0.05,-0.31,-0.1,0.06,0.3,0.22,-0.56,-0.11,0.26,-0.18,-1.18,0.25,0.07,0.18,-0.21,-1.31,-0.26,-1.58,-0.53,-0.92,-0.39,-0.01,-0.25,-0.41,0.04,1845,921,924
2484,Devin Brown,2003,-1.0,-0.17,-0.23,-0.31,-0.51,-0.01,0.74,-0.3,-0.38,-0.47,-0.02,-0.44,-0.12,-0.24,-0.03,0.21,-0.16,0.08,-0.03,-0.29,-0.1,0.0,-0.08,-0.07,-0.01,0.18,-1.41,-0.19,-1.59,0.14,-0.5,-0.91,0.13,-0.32,-0.59,0.1,373,185,188
1921,Gordan Giricek,2003,0.47,0.63,0.17,-0.67,2.02,0.14,-2.2,0.4,-1.74,-0.74,-0.24,-0.5,-0.4,0.2,0.09,-0.26,-0.14,0.57,0.14,-0.33,-0.12,-0.22,-0.32,-0.36,0.04,-0.44,-1.12,-0.48,-1.6,-0.37,-0.62,-0.5,-0.62,0.14,-1.14,-0.76,9099,4554,4545
1515,Anthony Parker,2003,-0.61,0.15,-0.51,-0.19,-0.06,-0.4,0.57,0.34,-0.42,-0.2,0.26,-0.47,0.03,-0.03,-0.19,0.3,-0.16,-0.1,0.05,-0.2,-0.03,-0.09,-0.12,-0.07,-0.06,-0.27,-1.02,-0.58,-1.6,-0.4,0.28,-1.3,-0.24,-0.34,-0.17,-0.39,754,378,376
2351,Oscar Torres,2003,-0.74,-0.01,-0.09,-0.72,1.29,-0.5,-1.2,0.04,-1.37,-0.2,-0.05,-0.16,0.61,-1.03,0.04,-0.48,-0.03,0.25,-0.19,0.24,-0.59,-1.9,-0.35,-0.05,-0.31,-0.03,-0.18,-1.42,-1.6,0.14,0.42,-0.6,-0.01,-1.41,0.41,-0.38,4224,2113,2111
697,Fred Hoiberg,2003,-0.14,0.37,-0.55,-0.69,0.79,-0.05,-0.24,-0.35,1.58,0.65,0.19,0.45,-0.83,-1.28,-0.54,-0.55,-0.4,-0.46,0.19,1.0,-0.56,-0.96,-0.07,0.08,-0.15,0.25,-0.42,-1.19,-1.61,-0.19,-0.5,0.08,0.3,-1.49,-0.18,0.18,19737,9890,9847
1893,Aleksandar Radojevic,2003,-1.12,-0.3,-0.38,-0.19,0.34,-0.17,0.04,-0.23,-0.68,0.02,0.02,-0.0,-0.22,-0.21,-0.17,0.19,-0.05,-0.11,-0.05,-0.08,-0.07,-0.22,-0.12,-0.04,-0.09,0.08,-1.4,-0.23,-1.62,-0.05,0.03,-1.43,0.11,-0.34,-0.2,-0.04,104,54,50
2098,Slava Medvedenko,2003,-1.45,-1.1,-0.36,-0.99,-1.73,-0.13,2.09,0.17,0.5,0.05,0.13,-0.07,0.01,0.04,0.03,-0.77,-0.54,-0.03,0.31,0.8,0.47,0.7,0.05,0.04,0.01,-0.17,-1.16,-0.46,-1.62,-0.15,0.2,-1.36,-1.33,0.87,0.06,-0.12,5606,2799,2807
2199,Tyson Chandler,2003,0.33,-0.58,2.14,0.38,-1.39,-0.2,-0.75,-0.24,0.16,-1.69,-1.18,-0.49,-0.45,0.11,0.43,-0.31,1.02,-0.09,-0.46,0.4,-0.55,-3.3,-0.26,-0.09,-0.15,-0.36,-1.07,-0.55,-1.62,0.7,0.12,-1.19,0.46,-1.01,-2.14,-0.62,12252,6129,6123
423,Chris Gatling,2003,-0.84,-0.33,0.22,-0.23,-1.69,-0.3,1.49,-0.08,-1.9,-0.94,-0.16,-0.8,0.47,-0.88,-0.44,-0.39,0.15,-0.57,0.41,0.95,-0.73,0.18,0.66,0.27,0.39,-0.33,-1.26,-0.36,-1.62,0.24,0.81,-2.07,-0.26,-0.1,-0.47,0.33,19152,9587,9565
2446,Rasual Butler,2003,-1.14,-0.53,-0.7,-0.3,0.33,-0.68,0.37,-0.03,-0.06,-0.01,-0.5,0.48,-0.35,0.6,-0.11,-0.66,0.37,-0.26,0.06,0.91,0.26,0.04,-0.46,-0.08,-0.38,-0.05,-1.42,-0.22,-1.64,-0.23,0.54,-1.96,-0.28,0.06,-0.36,-0.51,5450,2718,2732
1061,William Cunningham,2003,-1.13,-0.38,-0.63,-0.4,0.41,0.05,0.23,-0.31,-0.54,0.22,0.55,-0.35,-0.03,-0.31,-0.25,0.04,-0.01,-0.28,-0.11,0.24,-0.0,0.41,-0.16,-0.04,-0.14,-0.03,-1.11,-0.52,-1.64,-0.2,0.29,-1.4,-0.13,-0.39,0.19,-0.19,585,290,295
1085,Ira Bowman,2003,-0.45,-0.2,-0.41,-0.01,-0.13,-0.12,0.55,-0.04,-0.43,-0.2,-0.22,0.01,-0.27,-0.38,-0.06,0.35,-0.13,-0.22,-0.09,-0.13,-0.02,-0.38,-0.25,-0.13,-0.12,0.1,-1.07,-0.57,-1.65,-0.2,-0.4,-0.67,-0.03,-0.54,-0.47,-0.15,257,126,131
676,Thomas Hamilton,2003,-0.32,-0.32,0.06,-0.09,-0.17,0.07,0.1,-0.21,-0.15,-1.05,-0.61,-0.43,0.61,-1.06,0.01,-0.01,-0.29,0.2,-0.04,-0.18,-0.49,-0.96,-0.33,-0.07,-0.27,0.23,-0.69,-0.96,-1.65,0.27,0.74,-1.43,0.7,-1.66,-0.44,-0.1,1034,517,517
216,Brian Shaw,2003,-0.52,-0.34,-0.62,-0.26,1.01,-1.07,-0.41,-0.03,-0.37,0.14,-0.01,0.16,-0.36,-0.87,-0.56,-0.46,-0.1,-0.58,0.05,1.04,0.08,0.2,-0.21,-0.23,0.02,-0.04,-0.27,-1.39,-1.66,0.2,0.08,-0.35,0.34,-1.73,-0.22,-0.25,21877,10945,10932
70,Steve Kerr,2003,-0.51,-0.14,-1.58,0.47,2.13,-0.17,-0.56,-0.88,-0.78,0.67,0.35,0.32,-1.28,-0.2,-0.32,-0.17,0.11,0.37,0.24,-0.2,0.08,-0.07,0.16,0.27,-0.11,-0.35,-0.77,-0.89,-1.67,-0.16,-1.17,0.4,-0.81,-0.08,-0.61,-0.19,13245,6638,6607
121,Patrick Ewing,2003,-0.51,-0.13,0.91,-0.2,-2.54,0.38,1.63,-0.56,-1.5,-1.3,-0.68,-0.62,-0.12,1.37,0.73,0.55,0.66,0.71,0.06,-1.26,-0.33,-1.15,-0.94,-0.32,-0.61,-0.12,-1.97,0.3,-1.67,-0.05,-0.48,-1.49,0.27,0.03,-1.42,-1.06,26430,13283,13147
192,Dennis Scott,2003,-0.03,-0.62,-1.73,-0.11,3.27,-0.09,-1.55,-0.0,1.55,0.42,0.36,0.07,-0.98,-0.91,-0.6,-0.35,0.03,0.28,0.15,0.07,-0.33,0.58,0.34,-0.05,0.39,-0.29,-0.7,-0.98,-1.68,-0.23,-0.57,-0.13,0.35,-1.33,-0.56,0.05,7268,3671,3597
2411,Bostjan Nachbar,2003,-0.73,-0.23,-0.08,-0.01,-0.22,-0.15,0.28,-0.27,-1.37,-0.87,-0.62,-0.24,-0.02,-0.1,-0.09,0.08,-0.0,-0.08,-0.04,0.0,-0.08,0.2,-0.14,-0.08,-0.06,0.11,-1.64,-0.08,-1.71,0.04,-0.24,-1.4,0.04,-0.12,-0.89,-0.03,296,149,147
380,Tony Smith,2003,-0.63,-0.29,-0.73,0.1,-0.44,-0.07,1.19,-0.1,-0.54,-0.32,-0.2,-0.12,-0.16,-0.63,-0.13,0.19,-0.2,-0.24,-0.05,0.04,-0.17,-0.13,0.07,-0.06,0.13,0.1,-1.24,-0.49,-1.72,-0.15,-0.12,-1.12,0.06,-0.55,-0.48,0.17,302,150,152
428,Sherman Douglas,2003,-2.47,0.39,1.58,-1.03,-2.09,-0.92,0.53,-1.08,-5.07,-0.44,-0.11,-0.35,0.77,-0.8,-0.5,0.04,-0.26,-0.85,0.48,0.8,-0.59,-0.02,0.62,0.21,0.42,-0.23,-1.84,0.12,-1.72,0.83,0.43,-2.27,-0.27,0.39,0.33,0.39,8194,4090,4104
924,Anthony Goldwire,2003,-1.18,-0.52,0.03,-0.01,0.53,-0.21,-0.57,-0.61,-1.3,-0.04,-0.2,0.17,-0.02,-0.55,-0.13,-0.48,-0.27,-0.09,0.03,0.56,0.03,-0.49,0.07,0.05,0.01,-0.14,-1.04,-0.69,-1.73,0.13,0.1,-1.14,-0.17,-0.52,-0.06,-0.07,1060,529,531
128,David Benoit,2003,0.55,0.31,-0.07,0.54,-0.55,0.23,0.62,-0.41,-0.4,-0.49,0.11,-0.6,-0.83,-0.77,-0.72,0.35,-0.02,-0.44,0.06,0.09,-0.25,0.19,-0.4,-0.31,-0.09,0.47,-1.11,-0.62,-1.73,-0.26,-0.9,-0.21,0.52,-1.14,-1.32,0.07,1891,947,944
386,Elliot Perry,2003,-0.62,-0.08,-0.75,-0.05,-1.05,-0.32,1.8,0.04,-2.09,0.3,-0.23,0.53,-1.14,-0.63,-0.08,-1.18,0.19,0.36,-0.09,0.82,-0.2,0.03,0.53,0.42,0.11,-0.06,-1.71,-0.05,-1.76,-0.14,-0.49,-1.22,-0.22,0.17,-0.84,0.47,6322,3145,3177
457,Andrew Lang,2003,-1.92,-0.66,-1.64,-0.83,-1.31,0.11,3.01,-0.02,-0.48,-0.14,0.3,-0.44,0.23,0.32,0.03,0.15,-0.06,-0.16,0.1,0.01,0.02,0.56,-0.29,-0.29,0.0,0.04,-2.03,0.27,-1.76,0.0,0.39,-2.42,-0.32,0.59,0.09,-0.25,2235,1115,1120
2245,Damone Brown,2003,-0.64,-0.05,-0.29,-0.0,-0.71,-0.3,0.99,-0.16,-1.38,-0.86,-0.44,-0.41,-0.12,0.2,-0.04,0.17,-0.09,-0.21,-0.02,0.04,0.16,0.62,-0.34,-0.13,-0.2,0.21,-1.85,0.1,-1.76,-0.21,-0.64,-1.21,0.27,-0.17,-0.98,-0.13,667,330,337
2454,Junior Harrington,2003,-2.38,-0.52,-0.18,-0.73,-3.01,-1.09,3.19,-0.28,-0.02,-1.3,-0.61,-0.7,0.38,-0.47,-0.63,1.34,-0.27,-0.15,-0.14,-1.2,-0.07,0.94,0.94,0.72,0.22,0.69,-3.1,1.33,-1.77,0.37,-0.19,-2.91,1.05,0.28,-0.92,1.63,7526,3754,3772
1006,Herb Williams,2003,-1.19,-0.26,-0.45,-0.17,-0.22,-0.09,0.67,-0.16,-0.59,-0.17,0.01,-0.18,0.03,-0.39,-0.15,0.12,-0.08,-0.11,-0.06,-0.01,-0.04,-0.28,-0.13,-0.08,-0.05,0.02,-1.25,-0.52,-1.77,0.06,0.14,-1.39,0.16,-0.68,-0.14,-0.11,176,88,88
98,Nick Anderson,2003,-1.31,-0.36,-1.27,-0.4,4.22,-0.79,-2.97,-0.67,-0.8,-0.3,-0.38,0.07,-0.81,0.04,0.33,0.94,-0.24,-0.47,0.0,-0.47,-0.17,-0.47,0.61,0.27,0.35,-0.16,-2.02,0.25,-1.77,0.16,-0.19,-1.83,0.53,-0.28,-1.11,0.45,16913,8476,8437
1956,Ira Newble,2003,-0.97,-0.33,0.37,-0.5,-0.97,-0.22,0.61,0.14,-0.7,-0.44,-0.71,0.26,0.21,0.49,0.27,-0.32,0.54,-0.22,-0.14,0.54,0.06,0.66,-0.96,0.26,-1.22,0.3,-1.33,-0.45,-1.78,-0.41,-0.21,-1.12,-0.5,0.05,-0.23,-0.66,12799,6370,6429
1742,Shammond Williams,2003,-0.58,-0.31,-0.62,0.53,3.07,-0.55,-2.45,-0.8,-0.56,0.57,0.28,0.31,-1.24,-0.62,-0.77,-0.96,0.12,-0.76,0.15,1.71,0.55,-1.18,0.47,0.4,0.07,-0.67,-0.48,-1.3,-1.78,0.29,-0.43,-0.05,-0.71,-0.59,-0.67,-0.2,16357,8211,8146
223,Bill Curley,2003,-1.24,-0.43,-0.76,-0.27,-0.88,-0.34,1.66,0.04,-0.71,-0.31,-0.49,0.18,0.04,-1.49,-0.47,-0.49,-0.4,-0.36,-0.08,0.85,-0.18,-0.74,0.89,0.6,0.28,0.07,-1.37,-0.41,-1.78,0.26,0.67,-2.04,0.19,-0.6,-0.27,0.96,3341,1668,1673
1088,Chucky Atkins,2003,0.27,-0.52,-1.11,0.63,2.38,0.74,-1.26,-0.5,0.21,0.39,0.39,-0.0,-0.58,-1.44,-0.19,-0.43,0.1,0.23,0.07,0.19,-0.67,-0.9,-0.22,-0.27,0.05,-0.65,0.38,-2.16,-1.78,0.45,0.62,-0.24,-0.3,-1.86,-0.19,-0.87,31308,15719,15589
441,Lamond Murray,2003,-0.46,0.04,0.53,-0.62,-0.15,0.14,-0.36,-0.37,-1.36,-0.45,0.12,-0.56,0.07,-0.8,-0.41,-0.67,0.33,-0.34,0.16,1.02,-0.73,-0.14,-0.45,-0.12,-0.33,0.13,-0.73,-1.07,-1.8,0.16,0.08,-0.81,0.23,-1.3,-0.38,-0.32,31163,15582,15581
2492,Adam Harrington,2003,-0.92,-0.22,-0.14,-0.06,-0.1,-0.02,0.23,-0.52,-0.33,0.04,-0.2,0.23,-0.25,-0.63,-0.13,0.07,-0.08,-0.28,-0.15,0.21,-0.12,-0.41,-0.18,-0.0,-0.18,0.11,-1.08,-0.71,-1.8,0.03,0.16,-1.24,0.11,-0.82,-0.21,-0.07,253,126,127
45,George McCloud,2003,0.45,0.36,-0.79,-0.12,2.93,-0.61,-2.15,0.13,1.38,-0.14,-0.0,-0.14,0.04,-1.9,-1.03,-0.88,-0.41,-0.26,-0.08,1.13,-0.24,-1.15,-0.22,-0.09,-0.13,-0.25,0.89,-2.7,-1.81,0.21,0.09,0.8,-0.85,-1.85,-0.1,-0.47,27416,13688,13728
2081,Ernest Brown,2003,-0.83,-0.24,-0.62,-0.12,-0.03,-0.09,0.66,-0.19,-0.87,-0.37,-0.16,-0.2,-0.08,-0.42,-0.06,0.15,-0.09,-0.11,-0.08,-0.04,-0.15,-0.31,-0.15,-0.07,-0.09,0.05,-1.29,-0.51,-1.81,-0.01,-0.23,-1.06,-0.03,-0.48,-0.45,-0.1,75,39,36
422,Avery Johnson,2003,1.08,0.07,2.24,-0.45,-2.5,1.07,0.26,0.29,0.85,0.43,0.26,0.14,-1.02,-0.36,-0.2,0.23,0.21,0.34,-0.32,-0.57,0.29,-1.44,-0.36,0.2,-0.56,-0.84,0.52,-2.33,-1.81,-0.74,-1.24,1.76,-0.91,-1.42,-0.59,-1.2,30342,15173,15169
226,Antonio Lang,2003,-0.67,-0.21,-0.33,-0.31,-0.41,0.15,0.74,-0.31,-0.12,-0.35,-0.16,-0.19,-0.12,-0.42,-0.13,0.1,0.03,-0.2,-0.09,0.1,-0.18,-0.64,0.06,0.11,-0.05,-0.11,-1.21,-0.6,-1.81,-0.2,-0.3,-0.91,0.0,-0.6,-0.47,-0.05,366,183,183
1532,Jerald Honeycutt,2003,-1.18,-0.09,-0.47,-0.39,0.66,-0.1,-0.19,-0.37,-1.06,-0.01,0.1,-0.11,-0.02,-0.46,-0.14,0.17,-0.03,-0.11,-0.16,-0.06,-0.08,-0.2,-0.07,-0.13,0.05,0.14,-1.27,-0.53,-1.81,-0.21,-0.19,-1.08,0.07,-0.6,-0.03,0.07,395,196,199
976,Jeff McInnis,2003,-0.56,0.05,-3.12,0.44,-0.82,-0.47,3.93,0.89,-1.33,1.22,0.94,0.29,0.61,-1.14,-0.24,0.08,-0.97,-0.0,0.13,-0.09,-0.23,-1.23,-0.62,-0.26,-0.35,-0.63,1.19,-3.01,-1.82,-0.7,-0.03,1.22,-0.58,-2.43,1.83,-1.25,30064,15014,15050
251,Sean Elliott,2003,-1.61,-0.12,0.03,-0.3,-0.26,0.18,0.22,-0.77,-0.66,-0.24,-0.28,0.0,-1.15,1.83,0.35,0.01,0.47,0.49,0.28,-0.52,0.48,0.29,-0.89,-0.47,-0.42,-0.03,-2.88,1.05,-1.82,0.27,-0.45,-2.43,0.07,0.98,-1.39,-0.92,14736,7388,7348
328,Rick Mahorn,2003,-0.92,-0.62,-0.74,-0.05,-0.07,-0.22,0.83,0.11,-0.3,-0.12,0.14,-0.26,-0.13,-0.73,-0.19,-0.04,-0.25,-0.16,0.06,0.19,-0.32,-0.02,-0.08,-0.02,-0.06,0.07,-1.1,-0.73,-1.83,0.08,-0.3,-0.8,-0.03,-0.7,-0.25,-0.01,575,284,291
891,Charles Oakley,2003,-2.61,-0.32,-1.27,-2.38,-1.11,-0.29,2.37,0.13,1.42,-0.12,-0.74,0.61,0.67,-0.15,0.22,1.63,0.45,-0.68,-0.26,-0.95,-0.59,-0.1,-0.12,-0.43,0.33,0.88,-3.0,1.18,-1.83,-0.38,-0.85,-2.15,1.06,0.12,0.55,0.76,33805,16906,16899
2066,Soumaila Samake,2003,-1.29,-0.11,-0.08,-0.39,0.23,-0.39,-0.16,-0.35,-1.4,-0.17,-0.13,-0.04,0.36,-0.36,-0.17,-0.01,0.19,0.0,-0.25,0.0,-0.07,-0.53,-0.39,-0.09,-0.28,-0.02,-1.03,-0.8,-1.83,0.04,0.3,-1.33,-0.11,-0.69,0.19,-0.41,1108,561,547
2413,Juan Dixon,2003,-1.39,0.12,-1.48,-0.11,0.32,-0.43,1.17,-0.13,-2.81,-0.16,-0.11,-0.05,0.2,-0.21,-0.5,0.39,-0.37,0.13,-0.04,-0.53,0.24,0.92,-0.04,0.01,-0.06,-0.17,-1.34,-0.48,-1.83,-0.06,-0.18,-1.16,-0.09,-0.39,0.04,-0.21,2336,1162,1174
765,Hersey Hawkins,2003,-1.54,0.7,0.08,-1.34,2.06,-1.05,-2.13,-0.67,-1.28,-0.25,-0.24,-0.01,0.32,0.04,0.11,-0.36,-0.57,-0.29,0.25,0.65,0.47,0.04,-0.2,0.15,-0.35,0.18,-1.63,-0.22,-1.84,-0.39,-0.11,-1.52,-0.36,0.14,0.07,-0.02,14329,7161,7168
1504,Danny Fortson,2003,-1.24,0.43,1.59,-1.27,-2.33,-1.11,0.72,-0.24,-2.52,-1.54,-0.06,-1.48,2.85,-1.8,-0.11,-1.09,-0.86,0.85,-0.75,0.23,0.17,-1.53,-0.65,-0.48,-0.16,0.59,-0.27,-1.57,-1.84,-0.05,2.2,-2.47,1.01,-2.58,1.31,-0.06,18887,9452,9435
2212,Steven Hunter,2003,-1.57,-1.14,-0.82,-0.02,-0.62,-0.17,1.44,-0.59,-1.82,0.04,-0.35,0.37,-0.03,0.75,0.04,-1.27,0.36,-0.05,0.2,1.32,0.37,-0.47,-0.6,-0.39,-0.21,-0.52,-1.46,-0.38,-1.85,0.08,-0.54,-0.92,-0.36,-0.02,0.01,-1.12,3744,1860,1884
1519,John Thomas,2003,-2.01,-0.87,0.46,-0.85,-1.07,-0.51,0.6,0.3,-0.86,-0.86,-0.71,-0.17,0.78,-0.17,-0.27,0.21,-0.06,-0.12,0.05,-0.09,-0.02,-1.08,0.73,0.76,-0.04,-0.33,-2.06,0.21,-1.85,0.01,0.98,-3.04,0.32,-0.11,-0.08,0.4,3998,1991,2007
1536,Stephen Jackson,2003,0.58,-0.22,2.48,-0.17,0.01,-0.81,-2.49,0.34,-1.37,-0.45,0.14,-0.6,-0.78,-1.14,-0.35,-0.43,0.28,0.01,-0.52,0.43,-0.35,-0.49,0.18,-0.08,0.27,-0.12,-0.76,-1.1,-1.86,-0.13,-1.14,0.38,0.18,-1.28,-1.23,0.06,18589,9308,9281
183,Bison Dele,2003,0.03,-0.89,-0.14,0.18,-0.75,0.27,0.89,0.13,2.27,-1.2,-0.73,-0.47,0.08,-0.42,0.37,-0.1,0.26,0.18,-0.21,-0.07,-0.19,-2.08,0.11,0.4,-0.31,0.05,-1.84,-0.03,-1.87,-0.52,-1.52,-0.32,0.16,-0.19,-1.12,0.16,4537,2278,2259
244,Dee Brown,2003,-0.84,0.02,-1.15,-1.03,4.81,-0.58,-3.67,-0.72,-0.73,-0.5,0.04,-0.56,0.13,-0.42,-0.35,-0.28,0.03,-0.24,0.01,0.51,-0.04,-1.86,-0.67,-0.34,-0.34,-0.16,-0.68,-1.22,-1.9,0.56,1.12,-1.8,0.2,-1.42,-0.37,-0.83,8783,4387,4396
77,Doug Overton,2003,-1.83,0.12,-0.03,-0.1,-1.06,-0.68,1.08,-0.67,-3.15,0.32,0.69,-0.37,0.16,-0.67,-0.34,-1.15,0.32,0.76,-0.07,0.39,-0.38,0.21,-0.48,-0.14,-0.34,0.1,-0.94,-0.96,-1.9,0.5,1.13,-2.07,0.57,-1.53,0.48,-0.38,4875,2428,2447
1847,Thurl Bailey,2003,-1.47,-0.11,0.28,-0.28,-1.87,-0.37,1.58,-0.31,-1.32,-0.98,-0.87,-0.11,-0.21,0.31,-0.19,0.4,0.19,-0.23,0.1,-0.17,-0.13,0.29,0.15,0.13,0.02,0.15,-2.29,0.38,-1.91,0.14,0.01,-2.3,0.03,0.35,-1.19,0.3,2303,1150,1153
2211,Troy Murphy,2003,-0.26,0.81,-0.63,0.33,-1.72,0.01,2.34,-0.16,-0.86,-0.65,0.59,-1.23,0.51,-1.26,-0.29,0.67,-1.42,0.01,0.07,-0.67,-0.1,-1.43,-0.54,-0.46,-0.08,-0.07,-0.21,-1.71,-1.92,0.35,-0.1,-0.11,0.75,-2.46,-0.14,-0.61,15330,7652,7678
143,Terry Dehere,2003,-1.4,-0.6,-0.59,-0.26,1.05,-0.13,-0.46,-0.48,-0.74,-0.1,0.49,-0.6,-0.08,0.06,-0.11,-0.15,-0.07,-0.14,-0.06,0.28,0.21,-0.23,-0.06,0.04,-0.09,-0.23,-1.59,-0.33,-1.92,-0.11,-0.37,-1.22,-0.34,0.01,-0.18,-0.29,1018,508,510
2198,Kwame Brown,2003,-0.8,-0.37,0.02,0.15,-2.69,0.33,2.68,-0.6,-3.02,-0.96,-0.59,-0.37,0.0,-0.21,0.12,0.46,-0.52,0.17,-0.16,-0.62,0.18,-1.72,0.39,-0.16,0.55,-0.28,-2.3,0.36,-1.94,-0.08,-0.26,-2.04,0.18,0.18,-0.96,0.11,9468,4704,4764
2453,Predrag Savovic,2003,-1.61,-0.25,0.41,-0.56,0.05,-0.44,-0.48,-0.32,-1.86,-1.75,-0.9,-0.84,0.72,-0.39,-0.32,0.05,0.13,-0.19,0.0,0.14,-0.25,-0.09,0.49,0.28,0.21,0.07,-2.14,0.21,-1.94,0.53,-0.37,-1.77,0.55,-0.34,-1.03,0.56,966,482,484
239,Darrick Martin,2003,-0.33,0.67,1.1,-0.15,1.62,-0.5,-2.71,-0.99,-2.69,1.1,0.45,0.64,-1.16,-1.68,-0.31,-1.06,-0.21,-0.33,-0.29,1.39,-0.14,-0.62,0.65,0.47,0.18,-0.46,-0.72,-1.22,-1.94,-0.06,-1.71,0.99,-0.26,-0.96,-0.06,0.19,7827,3900,3927
992,Marcus Brown,2003,-1.02,-0.11,-0.49,-0.28,0.23,-0.22,0.27,-0.1,-1.1,-0.23,-0.06,-0.17,-0.17,-0.58,-0.23,0.17,-0.12,-0.1,-0.11,-0.07,-0.12,-0.48,-0.14,-0.06,-0.08,0.07,-1.26,-0.67,-1.94,0.13,-0.08,-1.18,0.11,-0.78,-0.4,-0.07,175,86,89
2429,Dan Gadzuric,2003,-1.6,-1.13,-1.64,0.29,-1.24,0.1,2.9,-0.37,-2.5,-0.02,-0.39,0.37,-0.4,-0.18,0.22,0.12,-0.27,0.49,-0.03,-0.6,-0.2,-1.17,-0.02,0.06,-0.09,-0.06,-1.97,0.01,-1.96,0.32,0.23,-2.2,-0.06,0.07,-0.42,-0.08,2861,1428,1433
2238,Antonis Fotsis,2003,-0.72,-0.03,-0.11,-0.22,0.87,-0.22,-0.77,-0.15,-1.47,-0.82,-0.07,-0.75,-0.11,-0.16,-0.12,-0.33,-0.11,0.49,-0.1,-0.16,0.12,-0.45,0.02,0.23,-0.22,0.02,-1.75,-0.22,-1.97,-0.2,0.04,-1.79,-0.13,-0.09,-0.93,0.04,1177,590,587
2067,Eddie House,2003,-2.37,-0.97,-2.03,0.05,0.92,-1.09,1.1,-0.5,-1.23,1.18,0.26,0.93,-0.45,-0.78,-0.63,0.14,-0.53,0.03,0.13,-0.18,0.23,1.17,0.19,0.32,-0.13,0.43,-1.57,-0.4,-1.97,-0.17,-0.11,-1.46,0.56,-0.96,0.73,0.62,10182,5095,5087
1872,Randell Jackson,2003,-1.39,-0.17,-0.53,-0.14,0.22,-0.3,0.32,-0.36,-1.58,-0.45,-0.01,-0.44,-0.05,-0.22,0.13,-0.38,-0.22,-0.1,-0.08,0.46,0.13,-1.06,-0.04,-0.08,0.04,-0.08,-1.68,-0.3,-1.98,0.25,0.24,-1.92,-0.21,-0.09,-0.5,-0.12,1038,520,518
2226,Will Solomon,2003,-2.17,-0.07,-0.65,-0.12,2.54,-0.65,-1.88,-1.03,-1.82,-0.08,-0.41,0.31,0.19,-0.13,-0.16,-1.23,-0.04,0.73,0.01,0.5,0.09,-0.73,0.02,-0.13,0.15,-0.14,-1.5,-0.47,-1.98,0.33,0.58,-2.08,-0.0,-0.47,0.11,-0.12,3269,1641,1628
681,Donny Marshall,2003,-1.76,-0.32,-0.76,-0.56,0.26,-0.09,0.51,-0.36,-1.28,0.3,0.06,0.23,-0.16,-0.15,-0.06,0.07,-0.03,0.04,0.0,-0.11,0.03,0.21,0.08,0.01,0.07,-0.12,-1.68,-0.3,-1.99,-0.18,-0.16,-1.52,0.14,-0.44,0.14,-0.04,636,315,321
2402,Dajuan Wagner,2003,-1.13,0.07,0.87,-1.28,1.17,0.06,-2.06,-0.72,-3.12,0.3,0.5,-0.2,-0.1,-0.29,-0.22,-0.2,-0.12,-0.05,0.17,0.24,-0.35,-0.77,-0.7,-0.13,-0.59,-0.22,-0.54,-1.46,-2.0,0.14,1.93,-2.47,-0.51,-0.95,0.2,-0.92,5296,2651,2645
1138,Michael Hawkins,2003,-0.15,-0.31,-0.4,0.35,0.68,-0.29,-0.27,-0.07,0.84,-0.08,0.16,-0.24,-0.5,-0.7,0.04,0.15,-0.16,-0.23,-0.16,0.07,-0.09,-1.07,-0.26,-0.12,-0.14,0.05,-1.06,-0.94,-2.01,-0.37,-0.08,-0.98,0.31,-1.25,-0.58,-0.21,1213,612,601
2084,Chris Porter,2003,-2.53,-0.65,-0.9,-0.13,-1.47,-0.27,2.37,-1.06,-0.49,1.14,0.87,0.25,1.25,-1.59,0.15,-0.45,-0.76,0.32,-0.42,0.12,-0.15,-1.92,-0.02,0.04,-0.07,-0.23,-0.39,-1.62,-2.02,-0.04,1.01,-1.4,0.33,-1.95,2.39,-0.25,4434,2220,2214
1035,Shawnelle Scott,2003,-2.08,-0.79,-0.1,-0.15,-0.45,-0.26,0.54,-0.65,-0.0,-0.43,0.05,-0.48,0.67,-0.62,-0.09,0.67,-0.26,0.26,-0.08,-0.92,-0.28,-0.65,-0.43,0.04,-0.47,0.16,-1.21,-0.81,-2.02,0.71,0.93,-2.14,0.3,-1.11,0.24,-0.27,1501,743,758
1502,Adonal Foyle,2003,-3.22,-1.09,-1.05,-0.67,-2.78,-0.8,3.82,-0.64,-0.86,-0.71,-0.18,-0.53,0.49,2.51,1.01,0.05,0.95,1.1,-0.46,-1.15,0.72,-1.13,-0.73,-0.34,-0.39,-0.47,-3.69,1.68,-2.02,0.11,-0.19,-3.5,-0.79,2.47,-0.22,-1.2,26760,13306,13454
761,Matt Geiger,2003,-2.55,-0.94,-1.37,1.38,-2.08,-1.0,3.47,-1.37,-1.14,-0.66,-0.67,0.0,0.73,0.12,0.23,1.41,-1.06,-0.34,-0.21,-1.07,0.6,-0.92,0.36,0.53,-0.16,0.02,-2.39,0.36,-2.03,-0.05,0.76,-3.15,0.64,-0.28,0.07,0.38,14573,7308,7265
219,Vinny Del Negro,2003,-0.98,-0.09,-2.3,-0.45,-2.16,-0.61,4.47,1.0,-0.64,1.04,0.55,0.49,-1.09,-1.35,-0.21,-1.88,0.18,-0.29,-0.21,2.17,-0.27,-2.52,0.39,0.19,0.19,-0.4,-0.31,-1.76,-2.07,0.32,-0.71,0.4,-0.12,-1.64,-0.05,-0.01,12341,6222,6119
1838,Tyrone Nesby,2003,-1.48,-0.11,-0.05,-0.07,1.12,-0.43,-1.08,-1.44,-2.0,0.51,0.81,-0.3,0.28,-1.6,-0.11,-1.09,-0.78,0.48,-0.85,0.62,-0.1,-0.11,0.43,0.22,0.2,-0.14,-0.97,-1.09,-2.07,-0.07,0.58,-1.55,0.17,-1.26,0.79,0.29,24943,12430,12513
785,Eric Murdock,2003,-2.4,-0.34,0.25,-0.94,-0.93,-0.25,0.69,-0.78,-4.58,-0.2,0.68,-0.9,-0.75,0.47,-0.0,-0.48,-0.05,0.24,-0.02,0.24,0.39,0.37,0.59,0.47,0.11,0.16,-3.32,1.24,-2.08,0.05,-1.43,-1.89,0.13,1.11,-0.95,0.75,4213,2099,2114
2423,Chris Jefferies,2003,-1.11,-0.55,0.22,0.0,-0.23,-0.32,0.01,-0.58,-1.69,-0.2,0.22,-0.43,-0.69,-0.71,-0.29,-0.52,0.05,0.27,-0.13,0.25,-0.26,-0.17,0.32,0.05,0.27,-0.0,-1.93,-0.17,-2.1,0.29,-0.27,-1.66,-0.02,-0.15,-0.89,0.32,2496,1245,1251
1607,Troy Hudson,2003,1.1,0.54,0.79,0.38,0.97,-0.06,-1.76,0.27,-1.6,0.2,0.23,-0.02,-0.61,-1.08,-0.26,-1.03,-0.46,-0.63,0.03,1.67,-0.1,-1.64,-0.56,-0.33,-0.24,-0.79,1.07,-3.17,-2.1,-0.36,-0.06,1.13,-0.95,-2.22,-0.41,-1.35,30534,15331,15203
138,Anthony Avent,2003,-1.85,-0.06,0.1,-1.05,0.12,-0.22,-0.22,-0.3,-1.46,-0.31,-0.26,-0.04,0.03,-0.4,-0.11,-0.3,-0.22,0.02,-0.0,0.28,0.01,-0.22,0.38,0.14,0.22,-0.37,-1.64,-0.46,-2.1,0.42,0.06,-1.7,-0.35,-0.11,-0.28,0.01,1596,800,796
436,Juwan Howard,2003,-0.15,0.31,-0.27,-0.7,-2.29,-0.2,2.59,0.76,-0.52,-0.79,-0.5,-0.29,0.12,-1.07,-0.53,-1.19,-1.28,0.53,-0.34,0.66,0.37,-0.5,-0.33,-0.07,-0.26,0.04,-1.21,-0.91,-2.11,0.07,-0.3,-0.91,0.59,-1.5,-0.67,-0.29,48883,24421,24462
1735,Vladimir Stepania,2003,-3.61,-0.76,-0.33,-1.39,-0.17,-0.25,0.53,-2.31,-2.11,-1.4,-0.36,-1.05,1.62,0.26,0.2,-0.38,0.56,-0.3,-0.01,0.68,-0.01,0.8,-0.0,-0.5,0.51,0.59,-2.77,0.66,-2.11,0.43,1.4,-4.17,0.21,0.45,0.22,0.59,11662,5809,5853
384,Calbert Cheaney,2003,-0.43,-1.11,-1.06,0.42,-1.67,-0.16,2.71,0.81,1.81,0.18,-0.23,0.41,-0.67,-1.32,-0.23,-0.88,-0.71,0.43,0.02,0.45,-0.2,-0.16,0.61,0.36,0.25,-0.28,-1.21,-0.91,-2.12,-0.21,-0.22,-0.99,-0.01,-0.9,-0.49,0.33,25176,12545,12631
228,Adam Keefe,2003,-0.78,0.08,-0.99,0.21,-1.8,-0.18,2.8,-0.6,-1.6,-1.3,-0.44,-0.87,0.86,-0.95,-0.03,0.04,-0.07,-0.69,0.0,0.65,-0.39,-0.77,0.26,-0.05,0.31,0.23,-1.64,-0.48,-2.12,-0.44,0.42,-2.06,0.59,-1.07,-0.44,0.49,8000,4001,3999
1526,James Cotton,2003,-0.6,-0.06,0.0,-0.09,-0.21,-0.16,0.19,-0.19,-1.49,-0.25,-0.02,-0.23,-0.37,-0.57,-0.09,0.05,-0.12,-0.29,-0.13,0.23,-0.07,-0.74,-0.18,-0.09,-0.08,-0.06,-1.21,-0.91,-2.12,-0.09,-0.15,-1.06,-0.23,-0.68,-0.62,-0.24,236,119,117
981,Efthimios Rentzias,2003,-1.47,-0.21,-0.69,-0.2,-0.09,-0.16,0.8,-0.38,-0.49,0.36,0.0,0.33,-0.02,-0.9,-0.15,-0.01,-0.13,-0.21,-0.05,0.22,-0.34,-0.5,0.06,0.06,-0.01,0.09,-1.25,-0.88,-2.13,-0.25,-0.23,-1.02,0.04,-0.92,0.34,0.15,539,273,266
2401,Nikoloz Tskitishvili,2003,-1.39,-0.41,0.83,-0.68,1.05,-0.78,-1.87,-0.57,-0.74,-0.87,0.06,-0.93,-0.1,-0.07,-0.28,-0.23,0.33,-0.08,-0.11,0.3,-0.1,-0.92,-0.02,0.04,-0.06,0.02,-1.65,-0.48,-2.13,0.3,-0.3,-1.35,0.33,-0.81,-0.97,0.0,4936,2475,2461
898,Blue Edwards,2003,-0.7,-0.21,0.22,0.13,-0.96,-0.06,0.73,-0.44,0.08,-0.51,-0.17,-0.35,-0.22,0.0,-0.12,0.11,0.01,-0.08,-0.03,-0.03,0.05,-0.34,-0.15,0.05,-0.2,-0.09,-1.68,-0.46,-2.14,-0.47,-0.09,-1.59,-0.19,-0.27,-0.73,-0.24,1039,518,521
61,Carl Herrera,2003,-2.58,-0.21,-1.05,-0.58,0.29,-0.13,0.78,-1.0,-2.16,0.16,0.39,-0.25,-0.27,-0.08,-0.22,0.09,-0.24,0.03,0.05,-0.12,0.09,0.48,0.38,0.18,0.19,-0.04,-2.37,0.2,-2.17,0.26,-0.56,-1.81,-0.06,0.26,-0.11,0.34,1120,563,557
1531,Marc Jackson,2003,-0.86,0.19,-1.76,0.78,-1.1,-0.29,2.86,-0.19,-1.14,-1.06,-0.44,-0.62,0.25,-0.74,0.47,0.67,-0.87,-0.72,-0.24,0.05,-0.05,-2.71,-0.35,-0.42,0.06,0.56,-1.85,-0.33,-2.18,0.02,0.67,-2.52,0.86,-1.19,-0.81,0.21,11644,5832,5812
193,Anthony Mason,2003,0.79,-0.09,-1.52,-0.58,0.75,0.71,0.76,1.0,1.08,0.51,0.28,0.24,-1.48,-1.34,0.47,0.73,-0.73,0.19,-0.41,-0.93,-0.93,-0.87,-1.33,-0.65,-0.68,1.15,-0.7,-1.49,-2.19,-0.49,-1.07,0.37,0.84,-2.33,-0.97,-0.18,44627,22314,22313
927,John Salley,2003,-1.81,0.15,0.08,-0.54,-0.38,-0.56,0.28,-0.36,-1.75,0.13,0.19,-0.06,-0.03,-0.23,-0.65,0.06,0.0,0.0,-0.03,-0.06,0.28,0.8,0.08,-0.07,0.16,-0.03,-1.86,-0.34,-2.19,-0.3,-0.66,-1.2,0.27,-0.61,0.1,0.05,1409,687,722
1913,Michael Ruffin,2003,-1.57,-0.6,0.68,-0.94,-0.09,-0.36,-0.58,-0.63,-3.13,-2.26,-0.38,-1.87,1.09,-0.19,-0.16,-0.17,0.03,-1.08,0.13,1.25,-0.03,0.39,0.19,0.29,-0.09,0.37,-2.27,0.07,-2.2,0.17,-0.01,-2.26,-0.04,0.11,-1.17,0.56,7320,3617,3703
1594,Rick Brunson,2003,-0.82,-0.06,0.53,-0.22,-1.54,-0.21,1.01,-0.28,-0.84,-1.04,-0.39,-0.66,0.45,-0.88,-0.37,-0.06,-0.0,-0.62,-0.2,0.67,0.02,-0.4,0.05,0.25,-0.21,0.08,-1.19,-1.0,-2.2,-0.04,-0.44,-0.75,-0.06,-0.94,-0.59,0.13,4754,2374,2380
1911,John Celestand,2003,-1.32,-0.31,-0.49,-0.2,-0.18,-0.04,0.67,-0.38,-0.33,-0.44,-0.54,0.1,-0.03,-0.27,-0.29,0.29,-0.07,0.07,-0.06,-0.36,-0.0,-0.06,-0.04,0.01,-0.05,0.07,-1.83,-0.37,-2.2,-0.17,0.41,-2.24,-0.24,-0.13,-0.47,0.03,722,359,363
931,Don MacLean,2003,-0.53,0.06,-0.08,-0.04,0.68,-0.19,-0.59,-0.39,-0.67,0.04,0.86,-0.82,-0.51,-0.81,-0.15,-0.58,-0.16,-0.09,-0.07,0.66,-0.04,0.46,0.02,-0.16,0.19,-0.1,-1.25,-0.95,-2.21,-0.32,-1.05,-0.2,-0.2,-0.75,-0.47,-0.08,2210,1104,1106
2038,Joel Przybilla,2003,-2.11,-2.08,-0.84,-1.38,-0.93,0.13,1.78,0.41,-0.23,-0.27,-0.11,-0.17,-0.29,1.04,0.4,0.24,0.78,0.61,-0.23,-0.86,-0.18,-1.53,-0.45,-0.08,-0.36,-0.06,-2.92,0.7,-2.22,-0.08,-0.51,-2.41,-0.33,1.03,-0.56,-0.51,7286,3639,3647
178,Olden Polynice,2003,-1.87,-2.84,-1.07,1.1,-2.05,0.44,3.12,-0.26,3.59,-0.77,-0.53,-0.24,0.21,-0.33,1.34,0.42,-0.18,0.95,-0.35,-1.37,-1.12,-2.54,0.25,-0.04,0.28,0.08,-2.58,0.34,-2.24,0.19,0.16,-2.74,-0.07,0.41,-0.56,0.33,19265,9610,9655
1800,Damon Jones,2003,-0.82,-0.85,-1.9,0.19,3.95,0.43,-2.05,-0.88,1.89,1.42,0.83,0.61,-1.11,-0.77,0.05,-0.55,-0.94,0.38,-0.06,0.15,0.19,0.43,-0.43,-0.15,-0.28,-0.25,-0.43,-1.83,-2.26,-0.3,-0.02,-0.41,-0.35,-1.48,0.31,-0.68,16599,8299,8300
1757,Cory Carr,2003,-0.88,-0.02,-0.67,0.05,-0.74,-0.47,1.41,-0.31,-0.63,-0.19,-0.13,-0.07,-0.77,-0.77,-0.09,-0.51,-0.17,0.08,-0.07,0.43,-0.16,-0.2,0.33,0.11,0.21,0.17,-2.07,-0.19,-2.26,-0.15,-1.07,-1.0,0.18,-0.37,-0.96,0.5,2265,1126,1139
2218,Joseph Forte,2003,-1.3,-0.28,-0.43,-0.13,-0.46,0.0,0.88,-0.54,-1.07,-0.18,0.02,-0.2,-0.14,-0.38,0.04,-0.13,-0.24,-0.25,0.08,0.37,-0.15,-0.77,-0.18,-0.09,-0.08,0.06,-1.78,-0.5,-2.28,-0.16,-0.11,-1.67,-0.06,-0.44,-0.32,-0.12,432,218,214
971,Mark Hendrickson,2003,-0.79,-0.09,-0.83,-0.34,0.19,-0.22,0.66,0.09,0.14,0.02,0.11,-0.08,0.07,-1.24,-0.1,-0.25,-0.36,-0.43,-0.18,0.68,-0.08,-0.24,0.06,-0.2,0.26,0.07,-1.14,-1.15,-2.29,-0.48,0.13,-1.27,0.17,-1.32,0.09,0.13,1644,818,826
1871,Gerald Brown,2003,-1.31,-0.42,-0.51,-0.14,-0.85,-0.12,1.37,-0.27,-1.24,-0.33,-0.47,0.13,0.26,-0.31,-0.05,-0.28,-0.1,0.1,-0.1,0.16,0.0,-0.47,-0.47,-0.13,-0.34,0.02,-1.37,-0.95,-2.31,-0.17,-0.47,-0.9,-0.08,-0.87,-0.07,-0.45,867,428,439
100,Tim Legler,2003,-1.79,-0.46,-0.37,-0.21,0.52,-0.23,-0.14,-0.63,-2.08,0.18,0.1,0.08,-0.73,-0.52,-0.27,-0.25,-0.28,-0.28,0.01,0.52,0.06,0.1,-0.15,-0.35,0.2,0.2,-1.91,-0.4,-2.31,0.5,0.42,-2.33,0.16,-0.56,-0.55,0.05,2566,1300,1266
1576,Travis Williams,2003,-1.54,-0.34,-0.35,-0.11,0.04,-0.25,0.3,-0.41,-1.33,-0.3,-0.0,-0.3,-0.26,-0.23,-0.09,-0.0,-0.1,-0.06,-0.07,0.06,0.0,-0.3,0.04,-0.0,0.04,0.06,-2.26,-0.05,-2.31,-0.08,-0.26,-2.0,-0.12,0.07,-0.56,0.1,247,123,124
368,Dwayne Schintzius,2003,-1.38,-0.41,-0.53,-0.23,0.03,-0.22,0.51,-0.13,-0.17,-0.67,-0.04,-0.63,0.16,-0.36,-0.22,-0.03,-0.1,-0.03,-0.03,0.06,-0.07,-0.2,-0.13,-0.05,-0.09,-0.06,-1.68,-0.64,-2.32,0.12,-0.04,-1.64,-0.24,-0.4,-0.51,-0.19,334,165,169
2415,Ryan Humphrey,2003,-2.91,-0.47,0.42,-1.02,-1.22,-0.54,0.78,-0.56,-2.83,-0.9,0.13,-1.03,0.32,0.47,-0.17,0.27,-0.03,-0.39,0.08,0.12,0.17,0.37,0.16,-0.07,0.24,0.13,-3.0,0.68,-2.32,0.41,0.73,-3.73,-0.01,0.69,-0.58,0.29,1671,831,840
1425,Aaron Williams,2003,-0.69,0.16,-0.22,0.26,-1.78,-0.25,2.0,-0.3,-0.91,-1.15,-0.97,-0.18,-0.02,-0.2,-0.52,-0.14,0.76,-0.36,-0.37,0.5,0.12,0.53,0.36,-0.23,0.6,-0.63,-2.05,-0.27,-2.32,0.01,0.12,-2.17,0.17,-0.44,-1.17,-0.27,31094,15539,15555
1533,Anthony Johnson,2003,-1.49,-0.15,-0.27,-0.61,-1.81,-0.22,2.08,-0.99,-2.67,-0.49,-0.18,-0.31,-0.82,0.03,-0.07,-0.58,-0.28,0.11,0.27,0.46,0.57,0.98,0.4,-0.22,0.61,0.17,-2.57,0.25,-2.32,-0.12,-0.41,-2.16,0.62,-0.37,-1.31,0.57,13179,6579,6600
2064,Khalid El-Amin,2003,-2.66,-0.1,0.88,-1.02,0.15,-0.61,-1.04,-0.74,-1.4,0.9,0.84,0.04,-0.06,-0.75,-0.39,-0.14,-0.15,-0.09,-0.06,0.22,-0.05,0.18,0.12,0.33,-0.21,0.09,-1.81,-0.52,-2.33,0.03,0.44,-2.25,-0.04,-0.48,0.84,0.21,3372,1692,1680
330,Danny Manning,2003,-0.02,-0.09,-0.2,0.99,-1.24,-0.61,1.44,0.08,-0.75,-0.57,-1.05,0.47,-1.4,-0.6,-0.6,0.08,0.05,-1.17,0.21,1.1,-0.06,1.02,0.59,-0.23,0.82,-0.52,-1.47,-0.87,-2.34,0.18,-0.94,-0.53,-0.96,0.09,-1.97,0.07,16575,8309,8266
82,Bill Wennington,2003,-2.13,-0.16,-0.75,-0.77,-1.41,-0.44,2.18,-0.18,-0.68,0.5,0.19,0.31,-0.38,0.06,-0.15,0.06,-0.04,-0.17,0.1,0.11,-0.07,-0.07,0.56,-0.04,0.59,-0.15,-2.27,-0.08,-2.35,-0.81,-0.15,-2.12,0.02,-0.1,0.12,0.41,1802,905,897
383,Kendall Gill,2003,-2.29,-0.03,0.53,-0.29,-2.95,-0.74,2.43,-1.31,-2.29,0.57,0.73,-0.17,-0.38,-0.13,-0.03,-1.67,-0.19,0.14,-0.27,1.53,0.88,0.3,0.32,0.34,-0.04,-0.02,-2.59,0.23,-2.36,-0.43,-0.91,-1.68,0.01,0.22,0.19,0.3,31802,15897,15905
1920,A.J. Bramlett,2003,-1.75,-0.17,-0.05,-0.49,-0.25,-0.22,0.29,-0.33,-1.41,-0.29,0.04,-0.32,0.24,-0.91,-0.21,0.13,-0.17,-0.37,-0.09,0.24,-0.23,-0.36,-0.06,-0.05,-0.02,0.16,-1.6,-0.76,-2.36,0.25,0.38,-1.98,0.15,-0.91,-0.05,0.1,261,129,132
452,Vin Baker,2003,-0.33,-0.57,-0.5,1.09,-0.14,0.83,0.65,-1.06,-0.87,-1.65,-0.33,-1.33,0.73,-0.12,0.24,-0.13,-0.54,0.49,0.2,-0.35,-0.3,-1.16,-0.35,-0.28,-0.07,-0.39,-1.78,-0.59,-2.37,-0.26,0.4,-2.18,-0.08,-0.51,-0.92,-0.74,33806,16929,16877
1829,Ike Fontaine,2003,-0.99,-0.07,-0.42,-0.15,-0.13,-0.25,0.55,-0.16,-1.59,-0.26,-0.02,-0.25,-0.26,-0.79,-0.08,-0.23,-0.11,-0.12,-0.18,0.34,-0.11,-0.69,-0.11,-0.19,0.08,0.07,-1.49,-0.9,-2.39,-0.05,-0.02,-1.47,0.09,-0.99,-0.52,-0.04,278,141,137
770,Mark West,2003,-2.26,-0.69,-0.68,-0.81,-0.55,-0.03,1.24,-0.62,-2.48,0.56,0.06,0.5,-0.24,-0.03,-0.09,0.65,-0.21,-0.22,0.09,-0.42,-0.09,0.54,-1.05,-0.39,-0.65,0.43,-1.8,-0.59,-2.39,0.2,0.08,-1.88,0.58,-1.17,0.32,-0.62,2411,1204,1207
1934,Rodney Buford,2003,0.21,-0.39,-0.25,0.95,-1.28,-0.52,1.52,0.28,-0.38,-0.2,-0.12,-0.08,0.03,-1.28,-0.23,-0.51,-0.41,-0.12,-0.19,0.64,-0.12,-1.27,-0.73,-0.42,-0.32,-0.45,0.16,-2.55,-2.39,0.03,0.39,-0.23,-0.05,-2.5,-0.17,-1.18,10445,5236,5209
956,Erick Dampier,2003,-1.91,-0.93,-0.12,-0.17,-1.64,-0.19,1.77,-0.89,-1.89,-1.95,-0.89,-1.07,1.14,1.32,0.85,1.22,-0.31,0.79,-0.03,-2.01,-0.28,-0.57,-1.21,-0.47,-0.74,0.02,-3.3,0.91,-2.39,0.2,0.31,-3.61,0.93,-0.02,-0.81,-1.19,25230,12571,12659
2261,Kenny Satterfield,2003,-2.7,-0.02,1.4,-0.64,-1.29,-0.91,-0.09,-1.2,-1.35,0.26,0.17,0.1,0.85,-1.33,0.0,-0.95,-0.28,0.11,-0.08,0.84,-0.33,-1.06,1.13,0.49,0.62,-0.07,-1.81,-0.6,-2.42,-0.56,0.66,-2.47,0.32,-0.92,1.11,1.06,3824,1917,1907
420,Jayson Williams,2003,-2.88,-0.38,0.34,-0.84,-1.74,-0.4,1.42,-1.1,-2.84,-0.6,0.1,-0.69,0.64,0.24,-0.12,-1.55,0.27,0.75,0.02,0.79,0.26,0.77,-0.65,-0.2,-0.43,0.16,-2.69,0.26,-2.43,0.66,0.64,-3.33,0.69,-0.43,0.04,-0.49,3835,1916,1919
2257,Ruben Boumtje-Boumtje,2003,-1.18,-0.41,-0.76,-0.46,0.53,-0.03,0.24,-0.26,-0.45,-0.49,0.05,-0.54,-0.05,-0.72,0.08,0.34,0.06,-0.5,-0.31,0.16,-0.2,-1.05,-0.16,-0.15,-0.02,-0.06,-1.29,-1.14,-2.43,0.23,-0.1,-1.19,-0.07,-1.07,-0.54,-0.22,971,479,492
957,Todd Fuller,2003,-1.98,-0.99,0.61,-0.42,-2.26,0.14,1.66,-0.58,0.69,-1.09,-0.54,-0.55,-0.17,1.19,0.25,-0.23,0.22,0.09,0.01,0.14,0.19,0.12,-0.02,-0.28,0.26,0.43,-3.73,1.28,-2.45,-0.81,-0.95,-2.78,-0.21,1.49,-1.26,0.41,3940,1980,1960
2406,Caron Butler,2003,-0.96,-0.05,0.68,-0.92,-1.31,-0.38,0.63,-0.18,-1.05,0.32,0.08,0.25,-0.33,-1.3,-0.49,-0.41,-0.2,-0.1,-0.21,0.51,-0.19,1.15,-0.29,0.07,-0.36,0.25,-0.99,-1.46,-2.46,-0.15,-1.48,0.49,0.22,-1.68,-0.01,-0.04,10488,5237,5251
2452,J.R. Bremer,2003,-0.83,-0.69,-1.14,0.21,3.03,-0.29,-1.9,0.12,1.54,0.94,0.56,0.37,-0.87,-1.26,0.22,-0.0,-0.2,-0.42,-0.17,0.42,-0.47,-2.6,-0.53,-0.06,-0.47,-0.04,-0.32,-2.14,-2.46,0.13,-0.18,-0.14,-0.34,-1.8,0.07,-0.57,6016,3016,3000
1541,Alvin Williams,2003,-1.35,-0.25,-1.03,-1.03,-2.11,-0.07,3.14,0.16,-2.88,0.94,0.6,0.33,-0.28,-0.71,0.12,-1.23,0.1,0.85,-0.33,0.38,-0.37,-0.33,0.31,-0.04,0.35,-0.66,-1.31,-1.15,-2.46,-0.71,0.21,-1.52,-0.95,-0.2,0.66,-0.35,39499,19724,19775
781,Will Perdue,2003,-0.72,-0.94,0.33,-1.18,-0.78,0.45,0.45,0.18,-1.94,-1.77,-1.55,-0.23,-0.06,0.28,0.18,-0.99,0.27,0.33,0.11,0.67,0.01,-0.46,0.01,0.12,-0.11,-0.2,-2.38,-0.09,-2.47,-0.01,-0.94,-1.44,-0.08,-0.01,-1.83,-0.19,5891,2935,2956
1444,Lawrence Funderburke,2003,-0.39,-0.68,0.24,-0.19,-0.05,-0.52,-0.19,-0.04,-1.49,-1.4,-0.67,-0.73,0.82,-1.54,0.31,-0.87,-1.1,1.04,0.25,-0.16,-0.33,-1.16,-0.28,-0.18,-0.11,-0.23,-0.58,-1.91,-2.48,0.54,1.18,-1.76,-0.04,-1.87,-0.58,-0.51,14308,7150,7158
2106,Ruben Wolkowyski,2003,-1.18,0.18,-0.66,-0.02,-0.16,-0.09,0.83,-0.64,-2.02,-0.42,-0.14,-0.26,-0.13,0.07,0.03,-0.59,-0.28,-0.04,0.23,0.61,0.06,0.64,-0.06,-0.08,0.02,-0.19,-2.08,-0.41,-2.49,-0.58,-0.09,-1.99,-0.5,0.09,-0.55,-0.25,1269,635,634
1601,Rusty LaRue,2003,-1.29,-0.5,-0.4,-0.67,0.14,-0.5,0.26,-0.16,-0.47,0.13,-0.2,0.33,0.19,-0.92,-0.6,-1.01,-0.26,0.09,0.1,0.91,-0.08,-0.55,-0.49,-0.28,-0.21,0.12,-1.27,-1.23,-2.49,-0.23,0.32,-1.59,0.37,-1.6,0.32,-0.37,5268,2625,2643
1975,Jamel Thomas,2003,-1.37,-0.04,-0.53,-0.12,0.0,-0.15,0.53,-0.62,-1.07,-0.18,-0.08,-0.1,-0.28,-0.54,-0.06,-0.09,-0.01,-0.14,-0.07,0.21,-0.23,-0.2,0.11,-0.0,0.11,-0.02,-2.01,-0.5,-2.5,-0.22,-0.45,-1.56,-0.07,-0.43,-0.46,0.09,427,213,214
1521,Jacque Vaughn,2003,-0.8,-0.15,0.73,-1.42,-0.36,0.19,-0.37,-0.26,-1.55,-0.47,-0.28,-0.19,-0.2,-2.03,-0.38,0.32,-0.07,-0.85,-0.33,0.52,-1.13,-1.13,0.13,-0.35,0.48,0.47,-0.9,-1.62,-2.52,0.38,-0.71,-0.19,0.25,-1.87,-0.67,0.6,23306,11641,11665
1043,Amal McCaskill,2003,-1.67,-0.49,-0.09,-0.6,-0.14,-0.03,0.22,-0.58,-1.02,-0.32,-0.16,-0.16,0.08,-0.38,-0.18,-0.49,0.01,0.03,-0.07,0.46,-0.03,-0.02,0.06,0.22,-0.18,0.01,-1.92,-0.61,-2.53,-0.31,-0.3,-1.62,-0.15,-0.46,-0.24,0.07,816,399,417
1952,Raja Bell,2003,-1.46,-0.33,-1.72,-0.55,0.27,-0.41,1.42,-0.46,-1.19,-0.12,0.3,-0.42,-0.73,-0.21,-0.59,0.79,-0.29,-1.16,0.24,0.37,-0.01,0.2,0.47,0.34,0.14,0.11,-2.56,0.02,-2.54,-0.6,-0.98,-1.58,-0.35,0.37,-0.85,0.58,9761,4836,4925
1729,Ricky Davis,2003,0.36,0.3,0.62,0.84,-2.62,-0.68,2.01,0.07,-0.69,-1.29,-0.94,-0.35,0.37,-1.82,-0.64,-1.6,-0.37,-0.15,-0.46,1.75,0.02,-0.82,0.38,0.72,-0.34,-0.1,-0.53,-2.01,-2.55,-0.45,0.01,-0.54,-0.04,-1.97,-0.92,0.28,24183,12085,12098
2417,Qyntel Woods,2003,-0.5,-0.66,0.61,-0.14,-0.42,-0.08,-0.21,-0.11,-0.46,-0.36,-0.61,0.26,-0.74,-1.23,-0.18,-0.7,-0.4,-0.39,-0.19,1.08,0.18,-1.05,0.27,0.06,0.2,-0.12,-1.38,-1.17,-2.55,0.13,-0.39,-0.99,0.13,-1.3,-1.1,0.15,1262,625,637
344,Dana Barros,2003,-0.75,-0.19,-0.63,-1.59,0.91,-0.34,-0.3,0.87,-0.62,-0.07,0.33,-0.39,0.05,-1.52,-0.54,-1.5,-0.08,0.66,0.0,0.84,-0.1,0.96,-0.42,0.15,-0.56,-0.11,-0.36,-2.2,-2.56,0.26,0.34,-0.7,0.49,-2.69,-0.02,-0.53,15165,7613,7552
238,Tyrone Hill,2003,-2.58,-0.52,-0.73,-0.07,-2.75,0.08,3.48,-1.06,-1.83,-0.26,-0.17,-0.08,1.29,-0.62,0.29,0.67,-1.11,0.35,-0.0,-1.02,-0.51,-0.7,-0.8,0.07,-0.87,0.7,-2.11,-0.45,-2.56,-0.29,0.83,-2.94,0.72,-1.17,1.03,-0.1,33945,16990,16955
221,Clar. Weatherspoon,2003,-1.81,0.08,-0.89,-1.43,-0.23,-0.86,1.12,0.28,-0.94,-0.26,-0.17,-0.08,0.56,-0.17,-0.01,-0.46,0.21,0.79,-0.24,-0.31,-0.19,-0.37,-0.21,0.06,-0.27,-0.52,-1.64,-0.93,-2.57,-0.16,-0.0,-1.64,-0.56,-0.37,0.3,-0.73,34430,17234,17196
2216,Zach Randolph,2003,-1.76,-0.47,1.82,0.01,-2.23,-0.13,0.42,-1.34,-1.01,-0.86,-0.45,-0.41,0.34,-1.32,0.01,-1.58,-0.58,0.09,-0.29,1.5,-0.24,-2.02,0.26,-0.08,0.34,-0.03,-1.26,-1.32,-2.58,0.79,1.19,-2.45,0.39,-1.71,-0.52,0.23,6323,3152,3171
1728,Roshown McLeod,2003,-2.15,-0.48,-1.02,-0.41,-2.35,-0.16,3.38,-0.28,-1.51,-0.18,0.33,-0.51,0.28,-0.47,-0.02,-0.17,-0.02,-0.05,0.13,0.21,-0.45,-0.03,-0.38,-0.14,-0.25,0.5,-2.41,-0.2,-2.61,-0.21,0.02,-2.43,0.93,-1.13,0.1,0.12,8049,4028,4021
2220,Brandon Armstrong,2003,-2.42,-0.36,-0.71,-0.67,-0.55,-0.26,1.28,-0.45,-2.68,0.31,-0.05,0.35,0.11,-0.21,0.01,-0.38,-0.09,0.27,-0.07,0.1,-0.02,-0.33,0.01,0.07,-0.07,-0.31,-2.03,-0.58,-2.62,-0.11,-0.01,-2.02,-0.2,-0.38,0.42,-0.3,937,470,467
958,Vitaly Potapenko,2003,-1.31,-0.81,-1.18,-1.72,-1.34,-0.35,2.52,1.65,0.65,-0.98,-0.3,-0.69,0.48,-0.78,0.17,-0.34,-1.1,-0.06,-0.14,0.38,0.1,-1.01,-0.07,0.18,-0.25,0.32,-2.09,-0.53,-2.62,-0.28,-0.25,-1.84,-0.08,-0.45,-0.5,0.25,25513,12790,12723
363,Christian Laettner,2003,0.59,0.66,0.64,0.12,-2.72,0.12,2.09,0.92,0.63,-0.84,-1.04,0.21,-1.29,-1.84,0.42,-0.68,-2.02,0.04,-0.85,0.65,0.14,-0.27,0.33,0.06,0.27,0.36,-2.1,-0.53,-2.63,0.06,-1.31,-0.79,0.27,-0.8,-2.13,0.69,31230,15654,15576
724,Cory Alexander,2003,-2.26,0.11,-0.68,-0.24,1.26,-0.76,-0.59,-1.22,-2.09,-1.08,-1.35,0.26,-0.2,-0.22,-0.53,-0.12,0.21,-0.23,0.22,0.35,-0.28,1.11,1.02,0.34,0.68,0.17,-3.44,0.78,-2.66,-0.09,-0.72,-2.72,0.31,0.47,-1.28,1.19,4889,2444,2445
1569,Keith Closs,2003,0.14,-0.14,0.32,0.86,-0.27,-0.1,-0.04,-0.85,-0.38,-0.92,-0.6,-0.31,-0.56,-0.72,0.13,-0.64,0.19,-0.01,-0.23,0.65,-0.44,-0.74,-0.16,-0.19,0.04,-0.29,-1.17,-1.48,-2.66,-0.15,-0.12,-1.05,-0.89,-0.59,-1.48,-0.45,3528,1760,1768
271,Johnny Newman,2003,-0.54,0.78,0.93,-1.62,1.74,-0.75,-2.68,-0.11,-2.64,-0.2,0.2,-0.41,-1.94,-0.19,-0.24,-0.62,0.08,-0.31,0.09,0.93,0.04,-0.17,0.94,0.31,0.65,-0.77,-2.6,-0.06,-2.67,0.03,-2.16,-0.44,-0.6,0.54,-2.14,0.17,20508,10215,10293
777,Rex Walters,2003,-0.13,-0.31,-0.61,0.3,0.25,-0.04,0.36,-0.07,-0.77,-1.96,-0.78,-1.21,-0.47,0.56,-0.27,0.13,0.51,0.3,0.15,-0.43,-0.15,0.73,-0.14,-0.2,0.06,-0.14,-2.78,0.1,-2.68,-0.4,-0.28,-2.5,0.21,-0.11,-2.43,-0.28,3203,1601,1602
1930,Lari Ketner,2003,-1.94,-0.17,-0.42,-0.39,-0.2,-0.42,0.61,-0.24,-2.57,-0.17,-0.22,0.05,0.05,-0.65,-0.2,-0.14,-0.0,-0.01,-0.14,0.15,-0.2,-0.4,-0.19,-0.0,-0.18,0.03,-1.79,-0.9,-2.69,0.18,0.29,-2.08,0.19,-1.09,-0.12,-0.16,514,256,258
2130,Mike Penberthy,2003,-0.77,-0.23,-0.45,-0.21,2.51,-0.39,-2.06,0.01,-0.07,0.12,-0.17,0.27,-0.36,-0.71,-0.15,-0.7,-0.26,0.31,-0.17,0.38,0.08,-0.16,-0.82,-0.54,-0.28,-0.25,-0.41,-2.3,-2.71,0.08,-0.19,-0.22,-0.52,-1.78,-0.24,-1.07,3249,1626,1623
1505,Tariq Abdul-Wahad,2003,-2.88,-0.44,-0.17,-0.26,-2.9,-0.47,3.07,-1.69,-2.96,-0.37,-0.38,0.01,0.56,-0.3,0.12,-0.39,0.12,-0.3,-0.18,0.69,0.02,-1.28,0.07,0.5,-0.43,0.13,-2.48,-0.23,-2.72,0.07,0.05,-2.53,-0.67,0.44,0.19,0.2,15902,7931,7971
1916,Calvin Booth,2003,-2.07,-0.43,-1.04,-0.15,-2.02,0.25,3.06,-0.62,-0.3,-0.16,0.05,-0.2,-0.28,0.61,0.34,1.0,0.29,-0.06,-0.31,-0.94,0.28,-1.08,-0.23,-0.15,-0.08,-0.46,-2.4,-0.33,-2.73,-0.14,-0.6,-1.8,-0.53,0.2,-0.44,-0.69,7683,3824,3859
176,Antonio Harvey,2003,-0.65,-0.58,0.14,-0.15,0.03,-0.25,-0.19,0.16,-1.61,-0.93,-0.47,-0.47,-0.24,-0.02,-0.14,-0.11,-0.06,-0.2,0.0,0.31,0.14,-0.15,-0.19,-0.01,-0.19,-0.29,-1.74,-0.99,-2.73,-0.41,-0.71,-1.03,-0.73,-0.26,-1.17,-0.48,1160,574,586
953,Lorenzen Wright,2003,-1.46,-0.51,-0.12,0.11,-2.43,-0.31,2.57,-0.97,-1.92,-0.6,-0.17,-0.43,0.32,-1.26,-0.25,-0.93,-0.62,0.96,-0.11,-0.02,-0.28,-1.19,-0.41,-0.38,-0.04,-0.26,-1.45,-1.29,-2.74,0.93,0.9,-2.35,0.68,-1.97,-0.28,-0.67,28080,14015,14065
1522,Keith Booth,2003,-1.18,-0.47,-0.39,-0.41,-0.64,-0.32,1.04,-0.04,-1.12,-0.41,-0.06,-0.35,-0.51,-0.75,-0.02,-0.57,-0.19,0.04,-0.19,0.52,-0.01,-0.54,-0.01,-0.27,0.26,0.22,-1.86,-0.89,-2.75,-0.11,-0.73,-1.13,0.42,-1.31,-0.92,0.21,1569,780,789
2091,Daniel Santiago,2003,-1.91,-0.21,-0.2,-0.08,-1.5,-0.43,1.7,-0.51,-2.3,-0.48,0.23,-0.69,-0.31,-0.18,-0.14,-0.28,-0.03,0.21,-0.14,0.06,0.11,-0.13,0.46,0.09,0.35,0.02,-2.82,0.05,-2.77,-0.37,0.22,-3.04,0.23,-0.18,-0.79,0.48,2388,1193,1195
1726,Mirsad Turkcan,2003,-2.07,-0.27,-0.43,-0.65,-0.16,-0.18,0.59,-0.06,-0.12,-0.29,-0.33,0.04,0.38,-0.65,-0.06,0.16,-0.1,-0.28,-0.12,0.12,-0.19,-0.79,-0.19,-0.02,-0.16,0.02,-1.95,-0.82,-2.78,0.02,-0.03,-1.92,0.05,-0.87,0.09,-0.17,355,177,178
2352,Dean Oliver,2003,-0.91,0.02,-0.5,-0.47,0.72,-0.2,-0.23,-0.04,-1.55,-0.42,-0.3,-0.12,-0.51,-0.73,-0.34,-0.06,-0.15,0.34,-0.1,-0.28,-0.14,0.49,0.34,0.16,0.16,-0.05,-2.11,-0.7,-2.81,-0.53,-1.39,-0.72,-0.11,-0.59,-0.93,0.29,921,462,459
938,Rony Seikaly,2003,-1.94,-0.38,-0.84,-0.16,0.08,-0.28,0.78,-0.49,-1.49,-0.48,-0.16,-0.31,-0.08,-0.33,-0.18,0.12,-0.05,-0.14,-0.07,0.01,-0.06,0.04,-0.04,-0.02,-0.01,0.06,-2.58,-0.26,-2.84,-0.03,-0.28,-2.3,0.13,-0.39,-0.56,0.02,336,168,168
769,B.J. Armstrong,2003,-1.56,-0.66,-0.27,-0.51,-0.33,-0.27,0.6,-0.1,-1.14,-0.86,-0.59,-0.29,-0.38,0.33,0.27,0.27,0.1,-0.02,-0.08,-0.25,-0.06,-0.65,-0.51,-0.26,-0.24,0.24,-3.01,0.13,-2.87,-0.13,-1.06,-1.95,0.43,-0.3,-1.24,-0.27,3403,1682,1721
179,Bryant Stith,2003,-0.28,0.18,0.36,-1.93,1.97,0.31,-2.33,-0.15,-0.67,-0.24,-0.19,-0.06,-0.98,-1.31,0.24,-1.33,0.11,0.55,-0.76,0.76,-0.46,-1.96,0.02,-0.06,0.08,-0.23,-1.23,-1.65,-2.88,0.14,-0.92,-0.31,-0.16,-1.49,-1.22,-0.21,19005,9532,9473
2214,Michael Bradley,2003,0.41,-0.96,0.89,0.08,-0.7,-0.07,-0.18,0.39,-1.56,-1.43,-0.72,-0.72,0.83,-3.0,-0.25,-1.16,-0.6,0.1,-0.44,1.07,-0.74,-1.07,-0.27,0.02,-0.29,0.02,0.25,-3.14,-2.88,0.56,2.41,-2.16,0.44,-3.58,-0.6,-0.25,5176,2577,2599
1609,Art Long,2003,-1.45,-0.63,0.27,-0.31,-1.49,-0.57,1.23,0.27,-1.52,-1.59,-0.86,-0.73,0.47,-0.17,-0.28,0.68,-0.17,-0.75,-0.11,0.07,0.12,-0.7,0.33,0.53,-0.2,-0.17,-2.62,-0.26,-2.88,-0.3,0.0,-2.62,-0.22,-0.04,-1.12,0.16,4485,2233,2252
93,Hubert Davis,2003,0.27,0.2,-1.02,-0.64,1.26,0.86,-0.25,-0.27,-2.06,0.42,0.19,0.23,-0.52,-2.03,-0.15,-1.64,-0.87,0.33,0.13,1.3,-0.65,-0.47,-0.54,0.19,-0.72,-0.74,0.43,-3.33,-2.9,0.24,-0.77,1.2,0.08,-3.41,-0.1,-1.28,23980,11976,12004
1752,Sean Marks,2003,-0.36,-0.19,-0.55,-0.06,-1.18,-0.02,1.74,-0.06,-1.93,-1.26,-0.43,-0.81,-0.22,-1.07,-0.4,-0.09,-0.17,0.01,-0.14,0.08,-0.07,0.47,0.68,0.11,0.56,-0.04,-2.37,-0.54,-2.9,-0.63,-0.67,-1.7,0.3,-0.84,-1.48,0.64,2131,1065,1066
2213,Kirk Haston,2003,-1.51,-0.38,-0.23,-0.4,-0.3,-0.15,0.52,-0.3,-0.54,-0.31,0.12,-0.43,-0.28,-0.49,-0.12,-0.24,-0.21,-0.37,0.07,0.6,-0.05,-0.43,-0.35,-0.05,-0.31,0.24,-2.41,-0.5,-2.91,-0.21,-0.79,-1.62,0.52,-1.02,-0.59,-0.11,549,270,279
2254,Loren Woods,2003,-1.92,-0.69,-0.66,-0.68,0.01,0.13,0.65,-0.64,-1.92,-0.44,0.02,-0.45,0.2,-0.21,0.16,-0.19,0.15,-0.4,-0.31,0.59,0.16,-0.7,-0.19,0.27,-0.47,-0.14,-2.22,-0.7,-2.92,-0.22,0.34,-2.56,-0.49,-0.21,-0.24,-0.33,3336,1664,1672
721,Tyus Edney,2003,-1.49,0.18,-0.15,-0.08,-0.93,-0.18,1.07,-0.58,-0.84,-0.2,0.05,-0.26,-0.03,-0.58,-0.12,0.64,-0.17,-0.51,-0.11,-0.13,-0.15,-0.76,-0.27,-0.06,-0.22,0.15,-2.08,-0.85,-2.92,-0.5,-0.16,-1.92,-0.14,-0.71,-0.23,-0.12,1042,524,518
2061,Dan Langhi,2003,-2.54,-0.92,-1.45,-1.09,-0.58,-0.65,2.03,0.47,-2.56,0.91,0.54,0.37,-0.12,-0.61,0.12,-0.62,-0.48,-0.01,0.16,0.64,-0.15,-0.86,-0.46,0.01,-0.47,0.01,-1.62,-1.3,-2.92,-0.11,0.07,-1.69,-0.04,-1.26,0.79,-0.45,4390,2207,2183
324,Anthony Peeler,2003,0.19,0.22,-1.06,-0.55,2.23,-0.16,-1.17,0.42,0.29,0.74,0.19,0.56,-1.5,-1.1,-0.66,-0.81,-0.1,0.08,-0.04,0.73,-0.33,-0.08,-0.26,-0.25,-0.0,-0.29,-0.59,-2.35,-2.94,-0.72,-1.43,0.84,-0.85,-1.5,-0.76,-0.55,37142,18647,18495
2424,Dan Dickau,2003,-1.84,-0.12,0.04,-0.69,-0.33,0.01,0.29,-0.6,-1.07,0.22,-0.2,0.41,0.35,-1.46,-0.34,0.37,-0.1,-0.38,-0.35,0.01,-0.26,-0.76,-0.43,0.09,-0.53,0.09,-1.28,-1.67,-2.95,0.12,0.36,-1.64,0.19,-1.86,0.57,-0.34,1921,955,966
2471,Mike Batiste,2003,-1.45,-0.33,0.71,-0.33,-0.22,-0.13,-0.5,-0.63,-1.61,-0.45,-0.2,-0.24,-0.42,-1.37,0.13,-0.05,0.17,-0.57,-0.49,0.62,-0.5,-0.93,0.52,0.01,0.51,-0.02,-2.12,-0.83,-2.96,0.23,0.1,-2.22,0.02,-0.85,-0.87,0.5,4668,2328,2340
2370,Mengke Bateer,2003,-1.3,-0.1,-0.59,-0.34,-0.79,-0.14,1.41,-0.39,-0.65,-0.79,-0.38,-0.39,-0.46,-0.24,-0.22,0.13,-0.18,-0.02,0.11,-0.1,-0.14,0.07,-0.13,0.13,-0.26,0.21,-2.96,-0.02,-2.97,-0.26,-0.63,-2.33,-0.08,0.06,-1.25,0.08,1690,838,852
1593,Charles Shackleford,2003,-1.55,-0.4,-0.85,0.06,-0.36,-0.33,1.22,-0.23,-1.51,-1.21,-0.29,-0.91,-0.3,0.46,-0.19,0.18,-0.16,0.42,0.09,-0.59,0.26,0.34,0.04,0.01,0.02,0.05,-3.5,0.51,-2.99,-0.48,-0.75,-2.75,-0.46,0.97,-1.51,0.09,1345,675,670
1110,Mark Strickland,2003,-2.31,-0.83,1.72,-0.48,-2.04,-0.25,0.33,-1.46,-1.62,-0.32,-0.1,-0.21,0.26,-1.02,-0.48,-1.21,0.21,-0.51,0.01,1.73,-0.33,0.62,0.31,0.46,-0.15,0.32,-2.91,-0.09,-3.0,-0.24,-0.71,-2.2,0.73,-0.82,-0.06,0.63,9044,4502,4542
359,Chucky Brown,2003,-1.12,-0.84,-1.76,0.84,-1.32,-0.14,3.08,0.15,0.64,0.47,-0.13,0.6,-1.47,0.03,0.08,-0.2,-0.19,0.87,0.05,-0.67,0.18,0.35,-0.87,0.05,-0.92,0.24,-2.49,-0.52,-3.01,-0.29,-1.47,-1.02,-0.76,0.24,-1.0,-0.63,10194,5092,5102
2228,Alton Ford,2003,-1.06,0.14,-0.24,-0.65,-0.09,0.1,0.32,-0.42,-1.41,-0.88,-0.43,-0.44,0.21,-1.05,-0.33,-0.06,-0.24,-0.18,-0.03,0.25,-0.18,-0.79,-0.79,-0.62,-0.16,0.21,-1.7,-1.31,-3.02,0.34,0.49,-2.19,0.14,-1.45,-0.67,-0.58,1776,880,896
1538,Cedric Henderson,2003,-1.6,0.06,1.47,0.6,-1.65,-0.9,0.2,-1.4,-1.91,-0.75,-0.43,-0.33,-0.74,0.23,0.14,-0.66,-0.8,-0.83,-0.38,1.49,1.58,-1.45,-0.06,-0.04,-0.02,-0.42,-2.71,-0.32,-3.03,0.31,0.32,-3.03,-0.48,0.16,-1.49,-0.48,13603,6810,6793
1983,Jermaine Jackson,2003,-1.36,-0.09,-0.11,-0.05,-1.14,-0.24,1.25,-0.7,-1.63,0.07,-0.6,0.66,-0.88,-0.86,-0.42,-0.25,0.15,-0.27,-0.48,0.52,0.1,-0.11,0.32,0.11,0.21,-0.02,-2.37,-0.66,-3.03,-0.3,-1.0,-1.37,0.02,-0.68,-0.81,0.3,3383,1676,1707
2205,DeSagana Diop,2003,-1.28,-1.14,-0.21,-0.35,-0.26,-0.42,0.49,-0.01,-0.9,-1.39,-0.48,-0.9,-0.12,-0.33,-0.21,0.17,0.21,-0.43,-0.14,0.26,-0.1,-0.97,-0.16,0.22,-0.4,0.26,-2.7,-0.34,-3.05,-0.03,-0.84,-1.86,1.04,-1.38,-1.51,0.1,4032,2011,2021
73,Hot Rod Williams,2003,-2.01,-0.52,-0.56,-0.76,-0.4,-0.18,0.97,-0.21,-2.66,-1.1,-0.35,-0.75,-0.26,0.33,0.24,-0.02,-0.2,-0.01,0.24,0.03,-0.22,-0.13,-0.16,0.08,-0.25,0.1,-3.53,0.47,-3.06,0.04,-0.14,-3.39,0.04,0.43,-1.36,-0.06,1519,759,760
673,Alan Henderson,2003,-1.03,-0.66,0.36,-0.23,-1.37,0.37,1.0,-1.0,-1.52,-1.4,-0.38,-1.0,1.07,-1.73,-0.24,-1.33,-0.53,0.54,0.02,0.79,-0.59,0.37,-0.89,-0.55,-0.33,0.22,-0.75,-2.33,-3.07,0.69,0.92,-1.67,-0.1,-2.23,-0.33,-0.67,28459,14222,14237
2409,Marcus Haislip,2003,-1.8,-0.48,-0.04,-0.21,-1.17,-0.26,1.2,-0.6,-1.7,0.07,0.04,0.04,-0.4,-0.99,-0.09,0.1,-0.08,0.16,-0.27,-0.25,-0.23,-1.25,0.11,0.0,0.11,-0.03,-2.19,-0.89,-3.08,-0.04,-0.1,-2.09,0.21,-1.1,-0.33,0.08,1699,852,847
145,Tracy Murray,2003,-0.37,-0.09,-1.12,0.23,3.63,0.1,-2.51,-1.06,0.83,0.68,0.57,0.11,-0.52,-2.98,-1.21,-0.75,-1.01,0.18,-0.29,0.58,-0.3,0.19,-0.28,-0.5,0.22,0.19,0.2,-3.28,-3.08,0.2,0.08,0.12,0.45,-3.73,0.16,-0.09,14273,7202,7071
919,Loy Vaught,2003,-2.27,-0.57,-1.28,0.03,-1.83,-0.51,3.11,-0.22,-1.8,-0.45,0.0,-0.45,0.03,-0.25,-0.28,-0.72,0.29,0.32,-0.0,0.4,-0.12,-0.1,-0.48,-0.36,-0.12,0.32,-2.91,-0.17,-3.08,0.02,-0.45,-2.46,0.11,-0.28,-0.42,-0.16,4960,2476,2484
2053,Dalibor Bagaric,2003,-0.84,-0.76,-1.35,-0.62,-0.04,0.17,1.36,0.07,-0.96,-0.3,-0.41,0.12,-0.88,-1.18,0.22,-0.27,-0.26,0.14,0.03,0.12,-0.63,-1.63,-0.48,-0.04,-0.43,0.25,-1.79,-1.3,-3.09,0.34,-0.41,-1.38,0.35,-1.65,-1.18,-0.23,3627,1819,1808
2398,Jay Williams,2003,-0.29,-0.55,1.82,-0.63,-0.03,-0.16,-1.77,0.09,-1.58,-0.93,-0.12,-0.82,-0.25,-1.09,-0.46,-0.65,0.27,0.04,-0.25,0.61,-0.28,-0.74,0.21,0.14,0.07,-0.27,-1.78,-1.3,-3.09,-0.47,-1.42,-0.36,0.43,-1.73,-1.18,-0.06,7549,3776,3773
2033,Marcus Fizer,2003,-1.06,-0.33,0.82,-1.38,-0.61,-0.15,-0.2,-0.27,0.1,-0.06,-0.37,0.31,-0.52,-1.92,-0.79,-1.45,-1.17,0.05,0.29,1.39,-0.21,-1.27,0.51,0.07,0.43,-0.56,-1.25,-1.89,-3.15,0.46,-0.94,-0.31,-0.87,-1.02,-0.58,-0.05,16075,8037,8038
2239,Trenton Hassell,2003,-1.62,-0.29,0.47,-0.7,-0.93,0.13,0.43,-1.36,-0.51,-0.17,-0.04,-0.13,-0.43,-0.92,-0.34,-0.59,0.43,-0.05,-0.29,0.64,-0.63,-2.83,-0.46,0.26,-0.71,-0.2,-1.5,-1.65,-3.16,0.64,0.77,-2.27,0.3,-1.95,-0.6,-0.66,15875,7919,7956
916,Corie Blount,2003,-2.62,-0.95,-0.53,-1.39,-1.8,-0.78,2.33,-0.32,-1.67,-1.36,-0.61,-0.74,1.38,-0.73,-0.7,-0.66,0.08,-0.68,0.1,1.34,0.3,0.89,0.29,0.12,0.18,-0.07,-2.59,-0.58,-3.17,-0.06,0.61,-3.2,0.02,-0.6,0.02,0.22,17818,8897,8921
2206,Rodney White,2003,-2.09,-0.49,-0.77,-0.12,-0.65,-0.57,1.42,-0.97,-0.29,-1.79,-0.56,-1.24,-0.01,0.48,0.05,0.14,0.04,-0.23,-0.2,0.09,0.58,-0.65,-0.15,-0.25,0.08,0.23,-3.71,0.54,-3.17,0.16,-0.0,-3.71,0.28,0.26,-1.8,0.08,6390,3194,3196
2043,Mateen Cleaves,2003,-1.23,-0.27,2.8,-1.09,-1.87,-0.16,-0.92,-0.84,-3.23,-1.23,-0.41,-0.84,-1.12,-0.07,-0.44,-0.43,0.32,-0.18,0.19,0.6,-0.02,0.39,0.39,-0.14,0.52,0.21,-3.66,0.49,-3.17,-0.12,-1.58,-2.08,0.03,0.46,-2.35,0.6,5859,2909,2950
1900,Quincy Lewis,2003,-2.76,-0.7,-1.17,-0.87,-0.52,0.05,1.67,-0.85,-0.43,-1.04,-0.42,-0.63,0.25,0.05,-0.63,1.35,0.14,-0.64,-0.21,-0.71,0.11,1.16,0.6,0.04,0.55,-0.09,-3.4,0.21,-3.19,-0.2,0.28,-3.68,-0.29,0.5,-0.79,0.51,7051,3511,3540
63,Michael Smith,2003,-1.79,0.18,1.05,-0.91,-0.88,-0.98,-0.14,-0.88,-3.48,-1.61,-0.86,-0.75,1.92,-1.34,0.05,-0.23,-1.14,0.0,-0.18,0.22,-0.32,-3.27,-0.49,-0.33,-0.16,0.25,-1.73,-1.46,-3.19,-0.13,1.07,-2.8,-0.29,-1.17,0.31,-0.24,14463,7176,7287
2058,Mark Madsen,2003,-2.58,-0.85,0.44,-1.24,-0.12,-0.17,-0.31,-0.68,-0.24,-0.14,-0.44,0.3,1.89,-2.64,-0.52,0.41,-0.76,-0.57,-0.02,0.16,-0.8,-0.78,-0.23,-0.08,-0.15,0.56,-0.73,-2.48,-3.21,-0.07,1.7,-2.43,0.64,-3.12,1.75,0.33,8546,4244,4302
2421,Frank Williams,2003,-1.36,-0.24,-0.68,-0.12,0.22,-0.01,0.47,-0.68,-1.03,-0.42,-0.31,-0.12,-0.24,-0.63,-0.13,0.1,-0.07,0.01,-0.09,-0.11,-0.27,0.09,-0.12,0.0,-0.13,-0.15,-2.26,-0.95,-3.22,-0.3,-0.51,-1.75,-0.28,-0.67,-0.66,-0.27,604,305,299
1738,Ansu Sesay,2003,-2.75,-0.89,-0.47,-0.32,-1.8,-0.07,2.27,-1.51,-1.82,-0.93,-0.17,-0.76,-0.05,0.77,-0.46,0.06,0.06,-0.11,0.13,0.05,0.28,1.58,0.01,0.22,-0.21,-0.1,-3.75,0.54,-3.22,-0.17,-0.34,-3.41,-0.27,0.81,-0.98,-0.09,2332,1143,1189
735,Bryant Reeves,2003,-2.86,-1.18,-1.56,0.77,-2.58,-0.67,4.14,-0.45,-1.05,-0.26,0.04,-0.31,0.06,-0.45,0.45,1.37,-0.77,0.18,-0.47,-1.55,-0.09,-0.86,-0.07,-0.21,0.14,0.54,-3.58,0.34,-3.25,-0.21,0.05,-3.63,0.21,0.13,-0.2,0.47,16146,8061,8085
111,LaPhonso Ellis,2003,-2.24,-0.22,-1.77,-0.28,-0.43,-1.08,2.21,-0.16,-1.32,-0.66,0.14,-0.8,0.54,-0.12,-0.94,-0.56,0.09,0.46,0.26,0.1,0.38,2.11,-0.13,-0.13,-0.01,-0.31,-2.39,-0.86,-3.25,-0.33,0.88,-3.27,-0.53,-0.33,-0.12,-0.44,23070,11521,11549
371,Terry Mills,2003,-0.63,-1.37,0.36,-0.84,2.43,0.13,-2.79,0.18,0.91,0.0,-0.06,0.06,-1.13,-1.38,0.35,0.83,-0.44,0.15,-0.28,-0.97,-1.05,-1.37,-0.32,-0.12,-0.2,0.2,-2.18,-1.07,-3.26,-0.0,-1.3,-0.88,0.16,-1.23,-1.13,-0.12,8036,4019,4017
901,Otis Thorpe,2003,-0.45,-0.49,-1.65,1.05,-1.16,-0.69,2.81,0.54,1.85,-0.66,-0.24,-0.42,-0.85,-1.26,-0.26,1.44,-0.56,0.31,-0.28,-1.76,-0.44,-1.93,-0.22,-0.23,0.02,0.14,-2.04,-1.22,-3.26,0.04,-0.84,-1.2,0.31,-1.53,-1.51,-0.08,11404,5693,5711
2063,Jake Voskuhl,2003,-2.08,-0.54,0.97,-0.11,-1.46,-0.37,0.49,-0.71,-2.26,-0.79,-0.51,-0.27,0.02,-1.07,-0.2,-0.16,-0.46,-0.27,0.01,0.43,-0.06,-1.21,0.49,0.22,0.26,-0.27,-2.31,-0.94,-3.26,0.44,0.84,-3.15,0.23,-1.17,-0.77,0.22,7825,3904,3921
1886,Jonathan Bender,2003,-0.43,0.56,-1.5,0.23,-0.34,-0.86,1.83,0.03,-2.87,-1.24,0.07,-1.3,-1.36,0.6,-0.44,-0.39,0.2,0.5,0.18,-0.11,0.55,0.75,-1.53,-0.74,-0.79,0.66,-3.04,-0.22,-3.27,0.03,-1.28,-1.76,0.56,-0.78,-2.6,-0.87,12367,6191,6176
695,Eldridge Recasner,2003,-1.79,-0.35,-0.64,0.5,1.14,-0.51,-0.51,-1.01,-0.35,-0.57,-0.05,-0.55,-0.67,0.37,-0.19,-0.62,0.08,0.25,0.09,0.36,0.34,0.53,-0.2,-0.26,0.06,-0.14,-3.14,-0.13,-3.27,-0.27,-0.64,-2.5,-0.32,0.19,-1.24,-0.34,4342,2178,2164
2430,Carlos Boozer,2003,-1.35,-0.53,0.48,-0.36,-1.28,-0.17,0.81,-0.49,-0.5,-0.17,-0.2,0.04,-0.22,-1.68,0.08,-0.66,-0.51,0.35,-0.34,0.31,-0.53,-1.85,-0.97,-0.26,-0.71,0.25,-1.31,-1.97,-3.28,0.86,-0.13,-1.18,0.19,-2.16,-0.39,-0.72,7939,3950,3989
2541,Antoine Rigaudeau,2003,-1.69,-0.55,-0.35,-0.38,0.2,-0.22,0.15,-0.26,-0.81,-0.39,0.04,-0.42,-0.14,-0.66,-0.12,-0.19,-0.14,-0.17,-0.08,0.35,-0.15,-0.61,-0.11,-0.05,-0.07,-0.02,-2.44,-0.84,-3.28,-0.27,0.09,-2.53,0.15,-0.99,-0.53,-0.13,330,164,166
137,Vernon Maxwell,2003,-1.76,0.08,-0.41,-0.19,4.86,-1.54,-4.45,-0.31,-1.75,0.26,0.73,-0.48,-0.84,-0.16,-0.07,0.22,0.09,-0.07,0.07,-0.16,-0.48,0.09,-0.16,-0.12,-0.05,-0.48,-1.99,-1.33,-3.32,-0.18,-1.02,-0.97,-0.65,-0.68,-0.58,-0.64,10817,5430,5387
2357,Tierre Brown,2003,-2.13,-0.35,0.54,-0.58,-1.13,-0.37,0.56,-0.73,-1.81,-0.39,-0.3,-0.1,-0.16,-0.68,0.11,-0.7,-0.14,-0.1,-0.01,0.8,-0.31,-1.3,-0.11,0.12,-0.22,0.43,-3.0,-0.33,-3.33,-0.29,-0.33,-2.67,0.61,-0.94,-0.55,0.32,2116,1059,1057
1985,Zendon Hamilton,2003,-1.3,0.44,1.29,-0.95,-0.89,-0.47,-0.4,-0.65,-3.07,-1.32,-0.61,-0.69,1.14,-2.14,-0.02,-0.62,-0.3,0.01,-0.24,0.61,-0.77,-2.25,-0.26,-0.07,-0.19,-0.02,-0.91,-2.46,-3.37,0.53,1.09,-2.0,-0.39,-2.07,-0.18,-0.28,3218,1607,1611
432,Pete Chilcutt,2003,-1.05,-0.58,-0.69,-0.54,1.56,-0.26,-0.87,-0.26,-1.03,-0.14,-0.04,-0.12,-0.46,-0.63,-0.56,-1.01,-0.57,0.13,-0.07,0.88,0.67,-0.47,0.04,-0.34,0.38,-0.88,-1.5,-1.88,-3.38,-0.26,-0.97,-0.53,-1.29,-0.59,-0.6,-0.84,4734,2375,2359
1756,Ryan Stack,2003,-2.21,-0.56,-1.1,-0.54,-0.17,-0.1,1.3,-0.39,-0.31,-0.2,0.18,-0.38,-0.32,-0.35,-0.23,0.0,-0.05,-0.6,0.05,0.6,-0.09,-1.05,-0.01,0.04,-0.06,-0.18,-2.8,-0.61,-3.41,-0.14,-0.73,-2.07,0.01,-0.62,-0.52,-0.19,1466,736,730
1831,Marlon Garnett,2003,-2.62,-0.28,-0.25,-0.41,-0.1,-0.4,0.35,-0.61,-3.14,-0.85,-0.1,-0.74,-0.38,0.38,0.04,-0.21,-0.1,-0.09,0.09,0.29,0.22,-0.01,-0.22,-0.13,-0.09,0.13,-3.7,0.29,-3.41,0.15,-0.17,-3.53,0.12,0.17,-1.23,-0.09,784,399,385
123,Robert Pack,2003,-1.26,0.32,2.02,-1.0,-2.07,0.2,0.03,-1.24,-0.66,0.26,0.01,0.25,-0.27,-1.42,-0.12,-0.78,-0.69,-0.18,0.26,0.96,-0.31,-1.59,-0.4,-0.08,-0.32,-0.09,-1.19,-2.23,-3.42,-0.24,-0.34,-0.85,-0.4,-1.83,-0.01,-0.49,12056,6011,6045
288,Armen Gilliam,2003,-3.73,-0.63,-1.98,-1.19,-0.75,-0.16,2.73,-0.38,-1.95,-0.42,-0.17,-0.25,-0.43,0.44,0.28,0.07,0.33,-0.22,-0.16,0.15,0.16,0.33,-0.22,0.22,-0.45,0.46,-3.96,0.54,-3.43,0.47,0.33,-4.29,0.02,0.52,-0.85,0.24,5734,2858,2876
1540,Eric Washington,2003,-1.96,-0.4,-0.8,-0.75,1.2,-0.45,-0.4,-0.37,-1.89,-0.44,0.45,-0.9,-0.28,-0.31,-0.21,-0.32,0.05,-0.35,0.08,0.66,-0.17,0.17,0.15,0.11,0.05,-0.34,-2.65,-0.79,-3.44,-0.26,0.01,-2.66,-0.57,-0.22,-0.72,-0.19,2782,1399,1383
718,Gary Trent,2003,-1.7,-1.27,-0.27,-0.13,-3.03,0.17,3.3,-0.44,-1.12,-0.16,0.04,-0.19,0.96,-1.27,-0.24,-0.41,0.44,0.17,0.03,0.23,-1.12,-1.89,-1.42,-0.53,-0.88,0.44,-1.09,-2.36,-3.45,-0.3,1.0,-2.09,-0.19,-2.17,0.8,-0.98,16306,8142,8164
26,Luc Longley,2003,-3.26,-1.22,-0.98,-1.16,-2.08,0.48,3.05,-0.5,0.21,-1.14,-0.63,-0.51,-0.03,1.7,1.05,1.66,-0.15,0.11,-0.1,-1.77,0.52,-0.51,-0.66,-0.38,-0.28,0.35,-4.83,1.39,-3.45,-0.41,-0.08,-4.75,0.51,0.88,-1.17,-0.31,10692,5340,5352
1869,Charles R. Jones,2003,-1.99,-0.4,-0.65,-0.98,2.61,-0.6,-1.96,-0.4,1.52,1.1,0.44,0.66,-0.98,-1.42,-0.19,-0.85,-0.11,-0.23,-0.12,1.07,-0.46,-2.22,0.14,-0.06,0.2,-0.27,-1.48,-1.97,-3.46,-0.04,-1.11,-0.37,-0.22,-1.75,0.12,-0.13,4234,2118,2116
417,Sam Mitchell,2003,-1.46,-0.14,-2.66,-1.49,-1.32,-0.49,3.98,0.6,0.51,0.59,0.2,0.38,-0.44,-1.44,-0.03,-0.86,-0.06,0.27,-0.33,0.58,-0.52,-1.15,-0.23,0.13,-0.36,0.05,-1.45,-2.05,-3.49,-0.56,0.13,-1.58,-0.14,-1.91,0.15,-0.18,16987,8538,8449
156,Antoine Carr,2003,-1.97,-0.64,-1.42,-0.07,0.15,-0.46,1.3,-0.05,-1.12,-0.84,-0.07,-0.75,-0.65,0.4,-0.19,0.24,0.12,-0.03,-0.01,-0.22,0.01,0.23,-0.38,-0.25,-0.13,0.01,-3.56,0.07,-3.49,-0.06,-0.78,-2.78,0.14,-0.07,-1.49,-0.37,1510,752,758
42,Monty Williams,2003,-0.7,-0.07,2.81,-0.66,-2.79,-0.74,-0.03,-0.31,-2.69,-2.42,-0.99,-1.42,0.74,-0.94,-0.35,-0.55,-0.07,-0.05,0.25,0.6,-0.61,-2.71,0.23,0.13,0.09,-0.26,-1.95,-1.55,-3.5,-0.15,-0.23,-1.72,0.25,-1.8,-1.68,-0.03,17191,8594,8597
1736,Corey Benjamin,2003,-2.15,-0.57,0.28,-1.12,0.29,-0.42,-0.55,-0.79,-1.97,-0.74,-0.42,-0.32,-0.14,-1.26,-0.68,-0.78,0.44,0.07,-0.03,0.71,-0.71,-0.32,0.19,0.15,0.04,-0.14,-2.43,-1.09,-3.52,0.72,-0.45,-1.98,-0.14,-0.95,-0.88,0.05,8014,3975,4039
1548,Mark Blount,2003,-1.54,-0.54,-0.8,-0.76,0.83,0.05,-0.04,-0.91,-0.08,-1.95,-0.48,-1.47,-0.31,0.23,0.58,0.34,0.67,-0.33,-0.49,-0.01,-0.5,-2.52,0.38,0.33,0.05,-0.5,-3.82,0.23,-3.59,0.1,-0.43,-3.39,0.11,0.12,-2.26,-0.12,11543,5768,5775
23,Dennis Rodman,2003,-1.33,-0.29,-0.7,-0.48,-1.21,0.07,1.9,-0.06,-1.76,-0.72,-0.74,0.02,0.4,-1.72,0.08,-0.29,-0.55,0.58,-0.19,-0.29,-0.58,-1.53,-0.78,-0.68,-0.09,0.28,-1.52,-2.06,-3.59,0.28,0.36,-1.88,0.16,-2.22,-0.32,-0.5,3958,1977,1981
1516,Ed Gray,2003,-3.45,-0.51,0.09,-0.67,0.45,-0.34,-0.56,-1.05,-1.91,0.16,0.24,-0.1,0.25,-0.81,-0.25,0.47,-0.11,-0.34,0.07,-0.14,-0.44,-0.36,-0.09,-0.16,0.07,0.16,-3.01,-0.59,-3.6,0.18,0.99,-4.0,0.03,-0.62,0.41,0.07,1455,722,733
442,Pervis Ellison,2003,-1.2,-0.21,-0.18,-0.47,0.02,-0.2,0.16,-0.13,-1.95,-1.17,-0.61,-0.55,-0.19,-0.79,-0.21,-0.03,-0.1,-0.02,-0.08,0.04,-0.27,0.07,-0.04,-0.19,0.15,0.04,-2.85,-0.75,-3.6,-0.25,-0.2,-2.65,0.01,-0.76,-1.36,0.0,1166,582,584
1500,Ron Mercer,2003,-1.45,-0.35,-0.86,-0.79,-3.79,0.06,4.63,0.02,-0.54,0.17,0.33,-0.17,-0.5,-1.01,-0.23,-2.29,-0.75,1.89,0.4,0.39,-0.07,0.53,0.35,0.41,-0.06,-0.79,-1.93,-1.71,-3.63,-0.4,-0.77,-1.16,-0.96,-0.75,-0.33,-0.44,37577,18793,18784
76,Cedric Ceballos,2003,-1.58,-0.66,0.73,-0.55,-0.25,-0.13,-0.46,-1.11,0.27,-0.41,-0.41,-0.01,-0.09,-0.34,0.1,-0.08,-1.09,0.28,-0.12,-0.19,0.71,-0.66,-0.46,0.08,-0.55,-0.92,-1.77,-1.89,-3.66,0.14,-0.44,-1.33,-1.41,-0.48,-0.5,-1.38,11446,5731,5715
2109,Eddie Gill,2003,-2.15,0.65,0.07,-0.88,-0.24,-0.36,0.16,-0.78,-3.32,-0.63,-0.57,-0.07,-0.17,-0.96,-0.02,-0.05,-0.19,-0.2,-0.05,0.24,-0.35,-0.31,-0.09,0.2,-0.31,0.16,-2.94,-0.74,-3.68,0.16,-0.61,-2.33,-0.05,-0.69,-0.8,0.07,1850,926,924
1960,Milt Palacio,2003,-2.87,0.21,0.84,-1.38,-0.3,-0.91,-0.54,-1.65,-3.31,-0.37,0.04,-0.42,-0.78,-0.7,-0.71,0.13,-0.96,0.03,0.32,-0.15,0.02,0.94,0.7,0.16,0.53,0.29,-3.62,-0.06,-3.68,0.05,-0.67,-2.95,0.03,-0.09,-1.15,0.99,16304,8123,8181
688,Michael Curry,2003,-0.84,0.32,-0.58,-0.51,-1.15,-0.46,1.73,0.07,-3.19,-0.5,-0.02,-0.49,-2.32,-0.81,0.04,0.5,0.75,-0.06,-0.22,-0.44,-0.95,1.0,0.79,0.06,0.72,-0.05,-3.92,0.2,-3.72,0.01,-2.37,-1.55,-0.16,0.36,-2.82,0.74,30895,15371,15524
2416,Kareem Rush,2003,-1.04,-0.68,0.16,-0.18,-0.09,-0.19,-0.08,-0.08,0.25,-1.02,-0.96,-0.06,-0.05,-1.2,-0.28,-1.06,0.08,0.48,-0.16,0.56,-0.39,-1.43,-0.52,-0.39,-0.13,0.26,-2.21,-1.52,-3.73,-0.16,0.49,-2.7,0.15,-1.67,-1.07,-0.26,3549,1772,1777
1051,Dean Garrett,2003,-4.25,-1.85,-2.42,-0.89,-2.69,-1.39,5.1,0.34,0.59,-0.02,-0.25,0.24,-0.12,0.59,0.82,0.08,0.22,1.22,0.09,-1.3,-0.4,-2.65,0.05,0.14,-0.09,-0.34,-4.51,0.75,-3.76,0.33,-0.28,-4.23,-0.23,0.98,-0.14,-0.29,10512,5256,5256
462,J.R. Reid,2003,-1.06,-0.43,-1.83,0.02,-0.87,0.22,2.69,0.12,-0.63,0.05,0.14,-0.1,-1.16,-0.49,0.13,0.44,-0.18,-0.36,-0.36,-0.09,0.09,-1.05,-0.2,-0.18,-0.02,-0.19,-2.71,-1.06,-3.77,-0.72,-1.18,-1.53,0.42,-1.48,-1.11,-0.39,6894,3450,3444
902,Bimbo Coles,2003,-2.58,-0.2,-2.73,-0.78,-2.17,-1.34,4.88,0.55,-1.85,1.06,1.11,-0.05,-1.0,-0.5,-0.14,0.35,-0.03,0.42,-0.45,-0.78,-0.05,-1.23,0.07,-0.22,0.29,-0.21,-2.92,-0.87,-3.78,-0.62,-0.38,-2.54,-0.49,-0.38,0.06,-0.14,19877,9922,9955
2054,Jake Tsakalidis,2003,-2.9,-1.45,-0.75,-0.66,-3.71,-0.67,4.46,0.33,-0.92,-1.2,-0.93,-0.26,-0.24,1.11,0.74,0.66,0.49,1.72,-0.39,-2.38,0.02,-0.88,-1.25,-0.15,-1.1,0.91,-4.97,1.18,-3.78,-0.21,-0.82,-4.15,0.96,0.22,-1.44,-0.34,11896,5951,5945
2069,Hanno Mottola,2003,-1.0,-0.35,-1.16,-0.08,-0.77,-0.46,1.93,0.26,-1.91,-0.45,-0.04,-0.42,-0.81,-1.41,-0.43,0.23,-0.59,-0.84,-0.22,0.62,-0.02,-0.25,0.06,-0.21,0.26,0.13,-2.49,-1.35,-3.84,-0.36,-0.64,-1.85,0.14,-1.49,-1.26,0.19,8890,4438,4452
1907,Vonteego Cummings,2003,-2.02,-0.29,-1.53,-0.13,1.12,-1.21,0.41,-0.66,-1.45,-0.57,-0.2,-0.37,1.03,-3.22,-0.89,-0.39,-1.1,-0.92,-0.2,1.3,-0.76,-0.24,0.94,0.13,0.81,-0.25,-1.64,-2.32,-3.96,0.13,0.09,-1.73,0.31,-2.63,0.46,0.69,14548,7265,7283
67,Tom Hammonds,2003,-3.43,-0.89,-1.05,-1.55,-1.34,0.02,2.41,-0.67,-1.64,-0.98,-1.06,0.07,0.41,-0.09,-0.31,0.05,-0.13,-0.09,0.23,0.04,-0.05,0.83,-0.26,-0.21,-0.05,0.39,-4.03,0.03,-3.99,-0.03,0.61,-4.64,0.01,0.02,-0.57,0.13,4269,2139,2130
1518,Rodrick Rhodes,2003,-2.46,-0.1,0.43,-0.63,-0.33,-0.39,-0.13,-0.71,-2.64,-1.03,-0.72,-0.3,0.03,-0.68,-0.18,0.12,-0.08,-0.39,-0.16,0.27,-0.11,-0.64,-0.08,-0.02,-0.06,0.12,-3.28,-0.73,-4.01,0.09,-0.09,-3.19,0.1,-0.83,-1.0,0.04,609,304,305
2036,Chris Mihm,2003,-2.83,-0.37,-1.65,-1.11,-2.39,0.14,4.03,-0.55,-1.8,-1.41,-0.98,-0.43,0.21,0.21,0.39,0.18,0.34,0.63,-0.47,-0.81,-0.09,-2.44,-0.95,-0.52,-0.43,0.26,-3.87,-0.14,-4.01,0.5,0.48,-4.35,-0.17,0.03,-1.2,-0.69,13552,6774,6778
713,Chris Carr,2003,-0.38,0.22,-0.45,-1.52,1.73,0.23,-1.28,-0.37,-1.21,-2.3,-1.21,-1.11,-0.2,-0.64,-0.4,-1.5,0.6,-0.27,0.04,1.76,-0.36,-0.65,-0.42,0.05,-0.47,-0.11,-2.58,-1.58,-4.16,-0.11,-0.83,-1.75,-0.51,-1.07,-2.5,-0.53,7117,3574,3543
679,Jason Caffey,2003,-1.95,-1.21,-0.47,-0.12,-0.94,0.27,1.41,-0.53,0.23,-1.34,-0.2,-1.13,0.4,-0.61,0.36,-0.04,-0.53,0.42,-0.1,-0.37,-0.43,-2.46,-0.6,-0.25,-0.34,0.1,-3.41,-0.75,-4.16,-0.16,-0.15,-3.26,-0.04,-0.71,-0.94,-0.5,22169,11081,11088
1715,Jason Williams,2003,-0.2,-0.26,-0.68,1.11,4.68,-0.88,-4.0,0.14,-0.25,0.42,-0.24,0.66,-1.3,-1.92,0.23,-0.11,-0.94,-0.02,-0.17,0.13,-1.15,-2.12,-0.87,-0.27,-0.6,-0.29,-0.86,-3.3,-4.16,0.0,-1.06,0.2,-0.26,-3.04,-0.88,-1.16,47588,23832,23756
2242,Terence Morris,2003,-2.49,-0.7,0.45,-0.71,-0.64,-1.06,0.2,-0.25,-0.98,0.14,-0.22,0.36,0.88,-1.15,0.48,-1.11,-0.18,0.01,-0.23,1.11,-0.37,-1.17,-0.55,-0.29,-0.27,-0.55,-1.61,-2.57,-4.18,-0.46,0.26,-1.87,-0.99,-1.58,1.02,-1.1,6279,3134,3145
1747,Rafer Alston,2003,-2.07,-1.08,-0.97,-0.69,2.01,0.15,-1.06,-1.01,1.72,-0.25,-0.51,0.26,-0.81,-0.8,-0.19,0.7,-0.37,-0.89,-0.16,0.17,-0.11,-1.26,-0.21,-0.06,-0.15,-0.38,-2.63,-1.66,-4.29,0.23,-1.19,-1.44,-0.32,-1.34,-1.06,-0.59,8192,4091,4101
1709,Michael Olowokandi,2003,-2.74,-1.48,-3.56,-0.3,-0.39,0.16,3.93,-0.32,-1.67,-1.26,-0.45,-0.79,-0.62,0.21,0.78,0.27,-0.89,1.53,-0.38,-1.8,0.01,-0.46,-1.32,-0.6,-0.72,0.79,-5.03,0.7,-4.33,0.61,-1.02,-4.01,0.59,0.11,-1.88,-0.53,36340,18112,18228
1508,Maurice Taylor,2003,-0.85,-0.43,-0.09,-0.23,-3.14,-0.48,3.23,0.59,-4.69,-0.57,-0.17,-0.39,-0.29,-2.39,-0.16,-0.81,-0.48,0.38,-0.74,0.44,-0.88,-1.31,0.02,-0.27,0.31,0.32,-2.27,-2.07,-4.35,-0.59,-0.37,-1.9,0.02,-2.09,-0.86,0.34,26441,13199,13242
1434,Dragan Tarlac,2003,-1.59,-0.24,-0.82,-0.18,-0.62,-0.14,1.44,-0.46,-1.39,-0.86,-0.71,-0.14,-0.45,-1.16,-0.26,-0.19,-0.19,-0.13,-0.16,0.32,-0.26,-0.9,0.09,0.02,0.07,-0.18,-2.94,-1.43,-4.37,-0.22,-0.47,-2.47,-0.16,-1.27,-1.31,-0.09,2196,1097,1099
2260,Jarron Collins,2003,-4.0,-0.66,0.06,-0.92,-2.15,-0.22,2.09,-1.4,-2.52,-1.29,-0.73,-0.57,0.67,-0.49,0.09,0.29,-0.06,0.54,-0.24,-0.84,-0.28,0.39,1.15,0.06,1.1,-0.04,-5.2,0.72,-4.48,-0.48,0.67,-5.87,0.18,0.54,-0.62,1.11,7011,3503,3508
1565,Michael Stewart,2003,-4.68,-0.4,-0.76,-1.76,0.56,-0.29,0.2,-1.73,-3.73,-0.48,-0.78,0.3,0.32,-0.99,-0.51,-0.03,0.2,-0.09,-0.16,0.13,-0.29,-0.91,0.66,0.14,0.52,0.05,-4.57,0.01,-4.56,0.56,-0.29,-4.28,0.08,-0.07,-0.16,0.71,4718,2343,2375
54,Dickey Simpkins,2003,-3.47,-0.93,-0.34,-1.23,-1.06,-0.63,1.4,-1.32,-0.69,-1.61,-0.91,-0.69,-0.45,-0.15,0.43,-0.33,-0.48,0.41,0.18,-0.08,-0.09,-1.86,-0.22,0.28,-0.51,0.79,-5.25,0.68,-4.57,0.54,-0.05,-5.2,1.22,-0.54,-2.06,0.57,11217,5584,5633
1134,Ike Austin,2003,-2.09,-1.21,-0.41,-0.5,-1.63,0.12,2.04,-0.61,-0.66,-1.06,-0.49,-0.57,-0.98,-0.34,0.86,0.42,-0.78,0.97,-0.27,-1.39,-0.29,-1.45,-0.22,-0.13,-0.09,0.38,-4.91,0.32,-4.59,-0.28,-1.75,-3.16,0.56,-0.24,-2.04,0.16,13845,6933,6912
2042,Courtney Alexander,2003,-1.7,0.36,-0.55,-0.67,-2.55,-0.47,3.08,-0.18,-3.92,-0.53,-0.49,-0.01,0.19,-1.39,-0.48,-1.53,-1.24,0.25,0.07,1.27,0.24,-0.81,0.23,0.04,0.2,-0.47,-3.03,-1.59,-4.62,-0.95,0.12,-3.15,-0.42,-1.17,-0.34,-0.24,15275,7607,7668
399,Sean Rooks,2003,-2.45,-0.54,-1.81,0.11,-1.56,-0.91,3.39,-0.36,-2.0,-0.55,-1.02,0.45,-0.76,-0.23,-0.16,0.32,-0.35,-0.02,-0.0,-0.31,0.29,-0.02,0.19,0.25,-0.07,-0.64,-4.05,-0.67,-4.71,-0.27,-0.37,-3.68,-0.49,-0.18,-1.31,-0.45,18735,9396,9339
435,Carlos Rogers,2003,-1.27,-0.71,1.49,0.46,-0.14,-0.23,-1.33,-1.29,-1.76,-1.76,-1.17,-0.61,-0.17,-1.0,0.56,-0.91,-0.02,0.58,-0.06,0.33,-0.73,-2.5,-0.27,-0.16,-0.11,-0.47,-2.79,-1.92,-4.71,0.23,0.09,-2.88,-0.81,-1.11,-1.93,-0.74,6841,3408,3433
1743,Bruno Sundov,2003,-2.01,-0.96,-0.47,0.23,-0.31,-0.49,0.78,-0.52,-1.75,-0.1,-0.24,0.16,-1.05,-1.07,-0.42,0.18,-0.22,-0.83,0.07,0.65,-0.37,-0.16,-0.15,-0.01,-0.14,-0.01,-3.38,-1.34,-4.72,-0.33,-1.01,-2.37,0.05,-1.39,-1.15,-0.16,1669,833,836
1600,Kornel David,2003,-3.12,-0.23,0.11,-0.93,-1.1,-0.76,0.99,-1.29,-2.66,-0.45,-0.36,-0.1,-0.36,-1.86,-0.64,-2.0,-0.57,0.53,-0.01,1.47,0.09,0.2,0.15,-0.11,0.26,0.43,-3.57,-1.17,-4.74,0.47,-0.72,-2.85,0.44,-1.61,-0.81,0.58,5913,2943,2970
2124,Malik Allen,2003,-1.79,-0.94,-1.2,-0.82,-2.22,-0.03,3.42,0.15,-1.79,-0.1,0.12,-0.2,-1.29,-0.92,-0.27,-0.12,-0.24,-0.0,-0.1,0.13,-0.22,0.41,-0.76,0.13,-0.88,0.44,-3.41,-1.37,-4.78,-0.36,-1.12,-2.29,0.06,-1.43,-1.39,-0.32,8930,4458,4472
95,Mark Bryant,2003,-4.1,-0.83,-2.12,-1.28,-1.39,-0.46,3.51,-1.2,-2.03,-0.78,-0.08,-0.69,0.12,-0.29,0.18,0.47,-0.39,-0.16,-0.22,-0.31,0.29,-1.24,0.13,-0.28,0.42,0.53,-5.35,0.56,-4.8,-0.41,0.02,-5.37,0.55,0.01,-0.66,0.66,12475,6233,6242
1895,William Avery,2003,-2.4,-0.52,-0.64,-0.76,3.12,-0.56,-2.48,-0.47,-1.86,-1.36,-0.72,-0.67,-0.12,-1.03,-0.37,-0.8,0.01,0.08,0.15,0.72,-0.63,0.26,-0.19,0.12,-0.31,0.15,-3.29,-1.53,-4.82,0.13,0.28,-3.57,-0.43,-1.1,-1.48,-0.04,4524,2261,2263
157,Derek Harper,2003,-2.31,-0.5,-0.85,-0.79,1.42,0.03,-0.57,-0.26,0.16,-0.42,-0.2,-0.24,-0.35,-0.96,-0.28,-0.79,-0.07,0.34,-0.18,0.44,0.04,-1.34,-1.27,-0.86,-0.41,-0.38,-2.06,-2.83,-4.89,0.8,-0.18,-1.88,-1.24,-1.59,-0.77,-1.65,4579,2295,2284
1520,Charles Smith,2003,-3.01,-0.99,1.58,-0.2,0.18,-1.73,-1.75,-0.24,-2.19,-0.53,-0.5,-0.02,-0.32,-1.59,-0.04,-1.24,-0.57,0.3,-0.02,0.94,-0.32,-0.78,0.54,0.88,-0.34,0.26,-3.98,-0.94,-4.91,-0.26,-0.65,-3.33,0.23,-1.17,-0.85,0.8,5669,2828,2841
190,Duane Causwell,2003,-1.01,-0.82,-0.33,-0.48,-0.9,-0.05,1.23,-0.08,-3.22,-1.42,-0.18,-1.24,-0.04,-1.41,-0.51,-0.04,-0.15,-0.22,-0.24,0.26,-0.1,-0.42,-0.26,-0.09,-0.16,-0.4,-2.37,-2.67,-5.04,-0.5,0.0,-2.37,-1.15,-1.52,-1.46,-0.66,2605,1298,1307
685,Cherokee Parks,2003,-2.58,-0.81,-0.33,-0.06,-2.23,-1.06,2.58,-0.54,-2.12,-0.39,-0.11,-0.29,-0.08,-2.49,0.04,-0.81,-1.13,-0.06,-0.28,0.86,-0.6,-1.79,-0.02,0.59,-0.61,0.25,-3.2,-1.91,-5.11,0.2,-0.26,-2.94,0.16,-2.07,-0.47,0.23,14235,7082,7153
2044,Jason Collier,2003,-4.09,-0.71,-1.06,-0.96,-2.04,-0.78,3.11,-0.2,-2.95,0.13,0.24,-0.11,0.29,-1.71,-0.19,-0.19,-0.3,0.27,-0.13,-0.08,-0.59,-1.78,0.35,0.08,0.27,-0.28,-3.74,-1.39,-5.12,0.19,0.14,-3.88,0.14,-1.53,0.42,0.07,2484,1239,1245
376,Eric Montross,2003,-1.84,-0.95,-1.19,-0.77,-1.25,-0.11,2.44,0.12,-0.49,-1.63,-0.65,-0.99,0.18,-1.5,-0.3,1.36,-0.23,-0.24,-0.2,-1.12,-0.62,-1.38,-0.28,-0.31,0.02,0.01,-3.47,-1.65,-5.12,-0.06,-0.81,-2.66,0.19,-1.84,-1.45,-0.27,8450,4183,4267
753,Randy Brown,2003,-3.54,-0.63,0.97,-2.55,-3.6,-0.38,2.62,-0.73,-1.39,-1.03,-0.14,-0.9,-0.26,-1.07,-0.26,-1.26,0.06,-0.3,0.01,1.56,-0.58,-1.42,1.14,-0.11,1.26,-0.41,-4.8,-0.57,-5.37,-0.2,-1.33,-3.47,0.19,-0.76,-1.29,0.73,15649,7804,7845
961,John Wallace,2003,-1.46,-0.27,-0.12,-0.6,-2.19,-0.45,2.29,-0.28,-3.56,-1.06,-0.59,-0.48,0.48,-1.72,-0.19,-1.03,0.19,0.31,-0.27,0.73,-0.5,-1.6,-0.88,-0.55,-0.34,-0.1,-2.27,-3.11,-5.39,-0.65,-0.16,-2.11,-0.4,-2.71,-0.58,-0.98,9480,4742,4738
2052,DeShawn Stevenson,2003,-3.11,-0.56,0.94,-1.11,-1.99,-0.64,1.06,-1.16,-1.56,-0.24,-0.57,0.33,-0.03,-2.23,-0.28,-0.89,-0.7,0.59,-0.34,0.29,-0.14,-1.59,-0.02,-0.39,0.35,-0.1,-2.88,-2.58,-5.46,0.27,-0.01,-2.87,0.15,-2.73,-0.27,-0.12,8223,4101,4122
2219,Jeryl Sasser,2003,-4.58,-0.79,-0.33,-0.99,-0.75,-1.27,1.08,-0.85,-2.8,-0.73,-0.23,-0.51,0.61,-0.81,0.01,-0.23,-0.65,-0.82,0.3,1.05,-0.42,-1.59,-0.18,-0.02,-0.16,-0.1,-4.07,-1.41,-5.47,0.32,0.34,-4.41,0.04,-1.45,-0.12,-0.28,3935,1945,1990
763,Tony Massenburg,2003,-2.03,-0.65,-1.69,0.03,-2.87,-0.2,4.58,-0.33,-0.97,-1.51,-0.79,-0.72,-0.28,-1.74,0.09,0.39,-1.2,0.02,-0.46,-0.42,-0.09,-2.63,0.08,-0.14,0.21,-0.52,-3.74,-1.76,-5.51,0.49,0.1,-3.84,-0.69,-1.07,-1.79,-0.44,15387,7675,7712
955,Samaki Walker,2003,-2.82,-1.44,-2.7,-0.63,-1.96,0.36,4.66,0.11,-3.29,-0.44,-0.22,-0.24,-0.46,0.21,0.45,-0.98,0.16,1.19,0.05,-0.21,-0.41,-1.23,-1.49,-0.66,-0.83,-0.42,-4.0,-1.73,-5.72,-0.3,0.09,-4.09,-1.03,-0.7,-0.9,-1.91,21701,10821,10880
969,Travis Knight,2003,-3.79,-0.58,-0.83,-0.68,-0.72,-0.93,1.55,-0.9,-1.68,-1.22,-0.57,-0.66,0.56,-0.63,-0.75,-0.12,0.24,-1.09,0.08,1.22,0.14,-0.44,-0.04,0.16,-0.2,-0.14,-4.57,-1.15,-5.72,-0.46,-0.28,-4.29,0.19,-1.34,-0.66,-0.18,7236,3617,3619
1741,Jelani McCoy,2003,-1.59,-1.64,-0.26,0.39,-0.53,-0.15,0.8,-0.8,-4.08,-1.7,-0.42,-1.28,-1.57,0.41,0.61,0.46,-0.75,0.52,-0.21,-0.97,0.42,-2.09,-1.12,-0.2,-0.92,-0.46,-4.87,-0.87,-5.74,0.29,-1.55,-3.32,-0.26,-0.61,-3.27,-1.58,13756,6867,6889
788,Kevin Willis,2003,-4.15,-0.81,-0.99,-1.76,-1.34,-0.22,2.33,-1.55,-1.57,-1.08,-0.47,-0.61,0.47,-0.41,0.57,-0.75,-0.47,0.31,-0.33,0.43,-0.07,-1.48,-0.63,-0.06,-0.58,-0.17,-4.7,-1.07,-5.77,0.2,0.49,-5.19,-0.09,-0.98,-0.61,-0.8,24218,12090,12128
2469,Pat Burke,2003,-4.18,-0.43,-0.75,-0.86,-1.55,-0.69,2.32,-1.19,-4.17,-1.03,-0.38,-0.64,-0.29,-0.65,-0.16,-0.23,-0.31,0.26,0.06,-0.03,-0.31,0.06,0.29,0.27,0.01,-0.05,-5.69,-0.3,-5.99,-0.08,0.16,-5.85,-0.43,0.13,-1.32,0.24,3113,1546,1567
323,Greg Foster,2003,-3.66,-1.16,-2.96,-0.37,-0.32,-0.5,3.28,-0.79,-2.3,-1.17,-0.3,-0.88,-1.0,0.04,0.27,-0.19,-0.85,0.21,-0.13,-0.03,0.69,0.5,-0.36,-0.45,0.09,0.18,-5.73,-0.31,-6.04,-0.07,-0.25,-5.48,-0.2,-0.11,-2.17,-0.18,8484,4213,4271
680,John Amaechi,2003,-2.58,-0.34,1.42,-1.04,-2.99,-0.52,1.56,-1.29,-5.2,-1.95,-1.44,-0.51,-0.4,-0.86,0.3,-0.42,-0.36,0.06,0.11,0.36,-0.4,-1.7,0.27,0.36,-0.08,-0.65,-5.18,-1.15,-6.34,-0.17,-1.01,-4.17,-0.87,-0.28,-2.35,-0.38,17115,8574,8541
