player_id,player_name,Latest_Year,oALT_EFG_VALUE,oALT_EFG_BASELINE,oALT_EFG_ATOMS_VALUE,oALT_EFG_RIM,oALT_EFG_RIM_FREQ,oALT_EFG_RIM_FG,oALT_EFG_MID,oALT_EFG_MID_FREQ,oALT_EFG_MID_FG,oALT_EFG_THREE,oALT_EFG_THREE_FREQ,oALT_EFG_THREE_FG,oALT_FT,oALT_FT_FREQ,oALT_FT_SEVERITY,oALT_TOV_VALUE,oSC,oSC_CLEAN,oFC,oDISPLAY_SUM,oRESID,oALT_TOV_LOSS_VALUE,oALT_TOV_VALUE_bp,oALT_TOV_VALUE_sc,oALT_TOV_VALUE_split,oALT_BADPASS_TOV_VALUE,oALT_SCORING_TOV_VALUE,oASSIST_POINTS,oRIM_ASSIST,dALT_EFG_VALUE,dALT_EFG_BASELINE,dALT_EFG_ATOMS_VALUE,dALT_EFG_RIM,dALT_EFG_RIM_FREQ,dALT_EFG_RIM_FG,dALT_EFG_MID,dALT_EFG_MID_FREQ,dALT_EFG_MID_FG,dALT_EFG_THREE,dALT_EFG_THREE_FREQ,dALT_EFG_THREE_FG,dALT_FT,dALT_FT_FREQ,dALT_FT_SEVERITY,dALT_TOV_VALUE,dSC,dSC_CLEAN,dFC,dDISPLAY_SUM,dRESID,dALT_TOV_LOSS_VALUE,dALT_TOV_VALUE_bp,dALT_TOV_VALUE_sc,dALT_TOV_VALUE_split,dALT_BADPASS_TOV_VALUE,dALT_SCORING_TOV_VALUE,dASSIST_POINTS,dRIM_ASSIST,nALT_EFG_VALUE,nALT_EFG_BASELINE,nALT_EFG_ATOMS_VALUE,nALT_EFG_RIM,nALT_EFG_RIM_FREQ,nALT_EFG_RIM_FG,nALT_EFG_MID,nALT_EFG_MID_FREQ,nALT_EFG_MID_FG,nALT_EFG_THREE,nALT_EFG_THREE_FREQ,nALT_EFG_THREE_FG,nALT_FT,nALT_FT_FREQ,nALT_FT_SEVERITY,nALT_TOV_VALUE,nSC,nSC_CLEAN,nDISPLAY_SUM,RESID,nALT_TOV_LOSS_VALUE,nALT_TOV_VALUE_bp,nALT_TOV_VALUE_sc,nALT_TOV_VALUE_split,nALT_BADPASS_TOV_VALUE,nALT_SCORING_TOV_VALUE,nASSIST_POINTS,nRIM_ASSIST,off,def,net_rapm,possessions,off_poss,def_poss
203999,Nikola Jokic,2024,5.044,-0.343,5.387,2.088,0.167,1.921,2.237,0.01,2.227,1.062,-0.001,1.063,0.799,0.471,0.329,-0.123,0.335,0.335,5.72,6.055,0.0,-0.123,-0.548,0.425,-0.123,-0.548,0.425,9.076,2.311,-0.441,0.127,-0.568,-0.682,0.134,-0.816,-0.37,0.105,-0.475,0.484,-0.001,0.485,0.525,0.484,0.038,0.044,1.612,1.612,0.128,1.74,-0.0,0.044,0.321,-0.277,0.044,0.321,-0.277,-0.985,0.128,4.603,-0.216,4.819,1.406,0.301,1.105,1.867,0.115,1.752,1.546,-0.002,1.548,1.324,0.954,0.367,-0.079,1.947,1.947,7.795,-0.001,-0.079,-0.227,0.148,-0.079,-0.227,0.148,8.091,2.439,6.055,1.74,7.794,25432,12762,12670
203954,Joel Embiid,2024,3.2,-0.099,3.299,1.497,-0.09,1.587,0.62,-0.068,0.688,1.182,-0.012,1.194,2.007,1.383,0.616,-0.308,-1.216,-1.216,4.899,3.683,-0.0,-0.308,0.044,-0.352,-0.308,0.044,-0.352,3.4,0.636,2.649,0.11,2.539,0.779,0.257,0.522,0.878,0.253,0.625,0.882,0.002,0.88,0.345,0.307,0.052,0.08,0.026,0.026,3.074,3.1,0.0,0.08,0.054,0.026,0.08,0.054,0.026,2.58,0.822,5.849,0.011,5.838,2.276,0.167,2.109,1.498,0.185,1.313,2.064,-0.01,2.074,2.352,1.691,0.668,-0.228,-1.19,-1.19,6.783,0.0,-0.228,0.099,-0.327,-0.228,0.099,-0.327,5.98,1.457,3.683,3.1,6.783,16632,8334,8298
202331,Paul George,2024,4.025,0.141,3.884,0.43,-0.111,0.541,0.886,-0.061,0.947,2.568,-0.002,2.57,0.454,-0.109,0.555,0.221,-0.756,-0.756,4.7,3.944,0.0,0.221,-0.176,0.397,0.221,-0.176,0.397,1.461,-0.152,0.669,0.108,0.561,0.84,0.109,0.731,0.307,-0.017,0.324,-0.586,-0.001,-0.585,0.074,0.063,0.048,0.803,0.352,0.352,1.546,1.898,-0.0,0.803,0.104,0.699,0.803,0.104,0.699,0.137,0.413,4.694,0.249,4.445,1.27,-0.003,1.273,1.192,-0.078,1.27,1.983,-0.003,1.986,0.527,-0.046,0.603,1.024,-0.404,-0.404,5.842,-0.0,1.024,-0.072,1.096,1.024,-0.072,1.096,1.598,0.261,3.944,1.898,5.842,18792,9402,9390
1628983,Shai Gilgeous-Alexander,2024,0.745,-0.152,0.897,-0.338,-0.032,-0.306,0.52,-0.27,0.79,0.715,-0.004,0.719,1.627,0.663,0.953,1.749,-0.199,-0.199,4.121,3.922,-0.0,1.749,0.81,0.939,1.749,0.81,0.939,-3.124,-0.976,0.872,0.081,0.791,0.045,0.006,0.039,0.079,-0.071,0.15,0.667,0.004,0.663,0.127,-0.277,0.383,0.807,-0.244,-0.244,1.806,1.562,0.0,0.807,0.04,0.767,0.807,0.04,0.767,1.053,0.188,1.616,-0.071,1.687,-0.293,-0.026,-0.267,0.599,-0.341,0.94,1.381,-0.001,1.382,1.754,0.386,1.335,2.556,-0.443,-0.443,5.484,-0.0,2.556,0.85,1.706,2.556,0.85,1.706,-2.071,-0.788,3.922,1.562,5.484,22555,11291,11264
2544,LeBron James,2024,4.231,0.067,4.164,3.257,0.553,2.704,0.24,0.459,-0.219,0.667,-0.007,0.674,-0.242,-0.151,-0.106,0.073,-0.275,-0.275,4.062,3.787,-0.0,0.073,-0.65,0.723,0.073,-0.65,0.723,3.529,2.213,0.966,-0.099,1.065,0.151,0.007,0.144,0.198,-0.005,0.203,0.716,-0.004,0.72,0.474,0.516,-0.043,-0.051,0.24,0.24,1.389,1.629,0.0,-0.051,-0.01,-0.041,-0.051,-0.01,-0.041,-0.078,0.066,5.197,-0.032,5.229,3.408,0.56,2.848,0.438,0.453,-0.015,1.383,-0.011,1.394,0.232,0.366,-0.15,0.022,-0.035,-0.035,5.416,0.0,0.022,-0.66,0.682,0.022,-0.66,0.682,3.452,2.279,3.787,1.629,5.416,21783,10888,10895
203081,Damian Lillard,2024,3.345,0.094,3.251,0.74,0.081,0.659,1.166,0.834,0.332,1.345,0.014,1.331,1.902,0.905,1.072,0.833,-1.495,-1.495,6.08,4.585,0.0,0.833,-0.159,0.992,0.833,-0.159,0.992,-0.114,-0.366,1.155,0.067,1.088,-0.543,-0.111,-0.432,0.053,-0.003,0.056,1.578,0.004,1.574,0.113,-0.019,0.124,-0.452,-0.097,-0.097,0.816,0.719,-0.0,-0.452,-0.28,-0.172,-0.452,-0.28,-0.172,0.254,-0.785,4.5,0.161,4.339,0.197,-0.03,0.227,1.219,0.831,0.388,2.923,0.018,2.905,2.015,0.886,1.196,0.381,-1.592,-1.592,5.304,-0.001,0.381,-0.439,0.82,0.381,-0.439,0.82,0.14,-1.151,4.585,0.719,5.303,20084,10059,10025
202681,Kyrie Irving,2024,3.6,-0.047,3.647,0.674,-0.158,0.832,0.646,-0.244,0.89,2.327,0.002,2.325,-0.252,-0.645,0.366,1.005,0.275,0.275,4.353,4.628,0.0,1.005,0.575,0.43,1.005,0.575,0.43,1.62,-0.076,0.773,-0.104,0.877,0.351,0.073,0.278,0.207,0.15,0.057,0.319,0.002,0.317,0.047,-0.083,0.108,-0.25,0.01,0.01,0.57,0.58,-0.0,-0.25,-0.095,-0.155,-0.25,-0.095,-0.155,0.413,0.413,4.372,-0.151,4.523,1.025,-0.085,1.11,0.853,-0.094,0.947,2.645,0.004,2.641,-0.205,-0.728,0.474,0.754,0.285,0.285,5.208,0.001,0.754,0.481,0.273,0.754,0.481,0.273,2.033,0.337,4.628,0.58,5.209,20589,10326,10263
202695,Kawhi Leonard,2024,0.975,-0.159,1.134,-0.095,-0.315,0.22,0.714,-0.465,1.179,0.515,-0.008,0.523,0.591,0.195,0.392,1.196,-0.016,-0.016,2.762,2.746,0.0,1.196,0.751,0.445,1.196,0.751,0.445,-0.299,-0.664,0.642,-0.046,0.688,0.096,-0.042,0.138,0.513,0.014,0.499,0.079,-0.001,0.08,0.069,-0.002,0.065,0.534,0.927,0.927,1.245,2.172,0.0,0.534,0.418,0.116,0.534,0.418,0.116,1.883,0.117,1.617,-0.205,1.822,0.002,-0.356,0.358,1.227,-0.452,1.679,0.593,-0.01,0.603,0.661,0.192,0.457,1.73,0.911,0.911,4.918,0.0,1.73,1.169,0.561,1.73,1.169,0.561,1.585,-0.546,2.746,2.172,4.918,17052,8527,8525
203110,Draymond Green,2024,1.629,0.304,1.325,1.138,0.303,0.835,0.392,0.281,0.111,-0.205,-0.008,-0.197,-0.056,-0.365,0.311,0.062,-0.485,-0.485,1.635,1.15,0.0,0.062,-0.623,0.685,0.062,-0.623,0.685,4.611,1.821,2.485,-0.006,2.491,1.424,0.383,1.041,0.564,0.156,0.408,0.503,-0.002,0.505,0.527,0.352,0.184,-0.032,0.695,0.695,2.98,3.675,0.0,-0.032,-0.014,-0.018,-0.032,-0.014,-0.018,0.753,1.157,4.113,0.298,3.815,2.562,0.686,1.876,0.955,0.437,0.518,0.298,-0.01,0.308,0.471,-0.013,0.495,0.03,0.21,0.21,4.825,0.0,0.03,-0.637,0.667,0.03,-0.637,0.667,5.364,2.978,1.15,3.675,4.825,17872,8933,8939
1628973,Jalen Brunson,2024,1.231,-0.203,1.434,-0.039,-0.366,0.327,0.748,-0.649,1.397,0.725,-0.002,0.727,0.749,0.607,0.162,1.726,1.343,1.343,3.706,5.049,0.0,1.726,0.884,0.842,1.726,0.884,0.842,-1.714,-0.782,-0.508,-0.002,-0.506,-0.164,-0.008,-0.156,0.186,-0.047,0.233,-0.528,0.0,-0.528,-0.066,-0.088,0.04,0.248,0.032,0.032,-0.326,-0.294,0.0,0.248,-0.215,0.463,0.248,-0.215,0.463,-0.794,-0.213,0.724,-0.205,0.929,-0.202,-0.374,0.172,0.934,-0.696,1.63,0.197,-0.002,0.199,0.683,0.519,0.202,1.974,1.375,1.375,4.755,0.0,1.974,0.669,1.305,1.974,0.669,1.305,-2.508,-0.995,5.049,-0.294,4.755,23838,11949,11889
1630532,Franz Wagner,2024,0.069,0.004,0.065,1.357,0.52,0.837,0.842,0.359,0.483,-2.134,-0.015,-2.119,0.804,0.426,0.355,0.283,0.069,0.069,1.156,1.225,0.0,0.283,0.012,0.271,0.283,0.012,0.271,-1.348,0.957,1.676,-0.01,1.686,0.623,0.04,0.583,0.169,0.039,0.13,0.894,0.003,0.891,0.015,0.326,-0.288,0.72,1.008,1.008,2.411,3.419,0.0,0.72,0.103,0.617,0.72,0.103,0.617,2.81,0.503,1.745,-0.006,1.751,1.98,0.56,1.42,1.011,0.398,0.613,-1.24,-0.012,-1.228,0.819,0.753,0.067,1.003,1.077,1.077,4.644,-0.001,1.003,0.115,0.888,1.003,0.115,0.888,1.461,1.46,1.225,3.419,4.643,21068,10541,10527
203507,Giannis Antetokounmpo,2024,2.489,0.25,2.239,2.855,0.658,2.197,-0.167,0.883,-1.05,-0.449,0.002,-0.451,-0.13,1.481,-1.596,0.123,1.018,1.018,2.482,3.5,0.0,0.123,0.709,-0.586,0.123,0.709,-0.586,2.163,1.677,1.008,-0.04,1.048,1.116,0.145,0.971,-0.194,0.138,-0.332,0.126,-0.003,0.129,-0.059,0.073,-0.116,-0.682,0.831,0.831,0.267,1.098,0.0,-0.682,-0.144,-0.538,-0.682,-0.144,-0.538,1.331,0.749,3.498,0.21,3.288,3.971,0.803,3.168,-0.361,1.021,-1.382,-0.322,-0.0,-0.322,-0.189,1.554,-1.712,-0.559,1.849,1.849,4.598,0.0,-0.559,0.565,-1.124,-0.559,0.565,-1.124,3.494,2.426,3.5,1.098,4.598,19478,9758,9720
1628369,Jayson Tatum,2024,1.856,0.139,1.717,1.174,0.033,1.141,0.461,0.454,0.007,0.082,0.001,0.081,0.881,0.363,0.569,0.817,0.463,0.463,3.554,4.017,0.0,0.817,0.578,0.239,0.817,0.578,0.239,1.431,0.422,0.577,0.016,0.561,0.219,0.038,0.181,-0.276,0.008,-0.284,0.618,-0.0,0.618,0.447,0.408,0.034,-0.436,-0.073,-0.073,0.588,0.515,-0.0,-0.436,-0.115,-0.321,-0.436,-0.115,-0.321,1.588,0.155,2.433,0.155,2.278,1.393,0.071,1.322,0.185,0.462,-0.277,0.7,0.0,0.7,1.328,0.771,0.602,0.381,0.391,0.391,4.532,0.001,0.381,0.463,-0.082,0.381,0.463,-0.082,3.019,0.576,4.017,0.515,4.533,27705,13872,13833
1628374,Lauri Markkanen,2024,1.257,-0.069,1.326,-0.078,0.112,-0.19,0.11,0.502,-0.392,1.294,0.002,1.292,0.561,0.234,0.307,-0.224,1.633,1.633,1.594,3.227,-0.0,-0.224,0.136,-0.36,-0.224,0.136,-0.36,3.505,0.533,0.81,-0.065,0.875,0.165,-0.009,0.174,0.218,0.053,0.165,0.492,0.0,0.492,0.008,0.127,-0.107,-0.323,0.604,0.604,0.495,1.099,0.0,-0.323,-0.054,-0.269,-0.323,-0.054,-0.269,0.708,0.164,2.069,-0.134,2.203,0.088,0.103,-0.015,0.328,0.555,-0.227,1.787,0.003,1.784,0.569,0.361,0.2,-0.547,2.237,2.237,4.326,-0.0,-0.547,0.082,-0.629,-0.547,0.082,-0.629,4.213,0.697,3.227,1.099,4.326,16730,8361,8369
1629029,Luka Doncic,2024,3.799,0.032,3.767,1.615,-0.292,1.907,0.777,0.171,0.606,1.375,0.005,1.37,0.057,0.626,-0.573,0.157,-0.815,-0.815,4.013,3.198,0.0,0.157,-0.365,0.522,0.157,-0.365,0.522,-3.138,0.13,0.703,0.278,0.425,-0.019,0.002,-0.021,0.037,-0.033,0.07,0.407,-0.001,0.408,0.03,0.112,-0.109,0.027,0.361,0.361,0.76,1.121,0.0,0.027,0.008,0.019,0.027,0.008,0.019,-0.242,-0.078,4.502,0.31,4.192,1.596,-0.29,1.886,0.814,0.138,0.676,1.782,0.004,1.778,0.087,0.738,-0.682,0.184,-0.454,-0.454,4.319,0.0,0.184,-0.357,0.541,0.184,-0.357,0.541,-3.38,0.052,3.198,1.121,4.319,23730,11894,11836
1628401,Derrick White,2024,1.452,-0.047,1.499,0.294,-0.111,0.405,-0.535,0.214,-0.749,1.74,-0.0,1.74,0.029,-0.376,0.383,1.059,-0.393,-0.393,2.54,2.147,-0.0,1.059,0.209,0.85,1.059,0.209,0.85,4.08,-0.033,1.889,-0.005,1.894,1.027,0.004,1.023,0.112,0.196,-0.084,0.755,-0.001,0.756,0.291,0.298,0.009,0.072,-0.102,-0.102,2.252,2.15,-0.0,0.072,-0.363,0.435,0.072,-0.363,0.435,1.267,0.447,3.342,-0.052,3.394,1.321,-0.107,1.428,-0.422,0.411,-0.833,2.495,-0.001,2.496,0.319,-0.078,0.392,1.131,-0.496,-0.496,4.297,-0.001,1.131,-0.154,1.285,1.131,-0.154,1.285,5.347,0.414,2.147,2.15,4.296,23949,11966,11983
1626164,Devin Booker,2024,3.717,-0.117,3.834,1.19,-0.185,1.375,0.894,-0.158,1.052,1.75,0.004,1.746,0.778,0.378,0.394,0.763,-0.012,-0.012,5.258,5.246,0.0,0.763,0.438,0.325,0.763,0.438,0.325,1.475,0.01,0.423,0.069,0.354,0.492,0.091,0.401,0.036,0.042,-0.006,-0.174,-0.004,-0.17,-0.32,-0.375,0.05,-0.291,-0.777,-0.777,-0.188,-0.965,0.0,-0.291,0.064,-0.355,-0.291,0.064,-0.355,0.914,0.398,4.141,-0.048,4.189,1.683,-0.094,1.777,0.93,-0.116,1.046,1.576,0.0,1.576,0.458,0.003,0.444,0.473,-0.789,-0.789,4.281,-0.0,0.473,0.502,-0.029,0.473,0.502,-0.029,2.389,0.407,5.246,-0.965,4.281,19839,9946,9893
1630169,Tyrese Haliburton,2024,3.745,-0.197,3.942,1.528,-0.181,1.709,1.363,0.46,0.903,1.051,0.011,1.04,-0.067,-0.187,0.112,1.071,-0.664,-0.664,4.749,4.085,0.0,1.071,0.135,0.936,1.071,0.135,0.936,3.665,0.59,1.051,0.24,0.811,-0.726,-0.236,-0.49,0.265,-0.089,0.354,1.272,0.007,1.265,-0.286,-0.356,0.043,-0.195,-0.431,-0.431,0.57,0.139,0.0,-0.195,0.227,-0.422,-0.195,0.227,-0.422,2.584,-0.507,4.796,0.043,4.753,0.802,-0.417,1.219,1.628,0.371,1.257,2.323,0.018,2.305,-0.353,-0.543,0.154,0.876,-1.095,-1.095,4.224,0.0,0.876,0.362,0.514,0.876,0.362,0.514,6.249,0.083,4.085,0.139,4.224,19203,9620,9583
201950,Jrue Holiday,2024,1.917,-0.109,2.026,0.457,-0.086,0.543,0.162,0.234,-0.072,1.407,0.007,1.4,-0.53,-0.301,-0.258,0.604,0.061,0.061,1.991,2.052,0.0,0.604,0.048,0.556,0.604,0.048,0.556,0.154,0.016,0.909,0.039,0.87,0.529,0.086,0.443,0.753,0.057,0.696,-0.412,-0.007,-0.405,0.621,0.646,-0.032,0.151,0.333,0.333,1.681,2.014,-0.0,0.151,0.065,0.086,0.151,0.065,0.086,0.209,0.334,2.825,-0.07,2.895,0.986,0.0,0.986,0.914,0.291,0.623,0.995,-0.001,0.996,0.091,0.344,-0.289,0.755,0.394,0.394,4.066,-0.0,0.755,0.113,0.642,0.755,0.113,0.642,0.363,0.35,2.052,2.014,4.066,21706,10875,10831
203076,Anthony Davis,2024,-0.045,-0.254,0.209,0.747,0.142,0.605,-0.357,-0.366,0.009,-0.181,-0.008,-0.173,0.756,0.533,0.246,0.18,0.151,0.151,0.891,1.042,0.0,0.18,-0.079,0.259,0.18,-0.079,0.259,0.074,1.044,1.697,0.17,1.527,0.938,0.258,0.68,0.992,0.311,0.681,-0.403,-0.001,-0.402,0.295,0.494,-0.186,0.105,0.905,0.905,2.097,3.002,0.0,0.105,0.281,-0.176,0.105,0.281,-0.176,1.004,0.837,1.653,-0.084,1.737,1.685,0.4,1.285,0.635,-0.055,0.69,-0.583,-0.009,-0.574,1.051,1.027,0.06,0.285,1.056,1.056,4.044,0.001,0.285,0.202,0.083,0.285,0.202,0.083,1.078,1.882,1.042,3.002,4.045,22512,11271,11241
1630162,Anthony Edwards,2024,2.387,0.044,2.343,0.997,0.177,0.82,0.662,0.344,0.318,0.684,-0.005,0.689,0.472,0.342,0.111,0.138,-0.702,-0.702,2.997,2.295,0.0,0.138,0.31,-0.172,0.138,0.31,-0.172,-1.855,-0.118,1.377,0.08,1.297,0.658,-0.036,0.694,-0.409,-0.072,-0.337,1.048,0.004,1.044,-0.385,-0.464,0.073,0.245,0.356,0.356,1.237,1.593,0.0,0.245,-0.222,0.467,0.245,-0.222,0.467,1.573,0.206,3.761,0.124,3.637,1.654,0.141,1.513,0.252,0.272,-0.02,1.731,-0.001,1.732,0.086,-0.122,0.184,0.383,-0.347,-0.347,3.888,0.0,0.383,0.088,0.295,0.383,0.088,0.295,-0.282,0.088,2.295,1.593,3.888,26159,13088,13071
1631096,Chet Holmgren,2024,2.408,0.096,2.312,0.959,-0.019,0.978,0.504,-0.151,0.655,0.849,-0.01,0.859,0.067,-0.144,0.17,0.097,-0.416,-0.416,2.572,2.156,0.0,0.097,0.077,0.02,0.097,0.077,0.02,1.97,0.842,2.009,-0.042,2.051,1.715,0.12,1.595,0.613,0.097,0.516,-0.277,-0.012,-0.265,0.265,0.277,-0.018,-0.177,-0.487,-0.487,2.097,1.61,0.0,-0.177,-0.256,0.079,-0.177,-0.256,0.079,0.333,0.935,4.418,0.054,4.364,2.674,0.101,2.573,1.118,-0.054,1.172,0.572,-0.022,0.594,0.332,0.134,0.153,-0.08,-0.903,-0.903,3.766,0.0,-0.08,-0.18,0.1,-0.08,-0.18,0.1,2.302,1.777,2.156,1.61,3.766,11331,5675,5656
1629111,Jock Landale,2024,0.366,-0.023,0.389,-0.649,-0.255,-0.394,0.997,-0.082,1.079,0.041,0.001,0.04,-0.355,-0.246,-0.087,-0.792,2.182,2.182,-0.781,1.401,0.0,-0.792,-0.383,-0.409,-0.792,-0.383,-0.409,0.568,-0.782,1.739,0.04,1.699,0.757,-0.016,0.773,0.139,0.002,0.137,0.803,0.002,0.801,-0.08,-0.231,0.151,0.12,0.517,0.517,1.779,2.296,0.0,0.12,-0.145,0.265,0.12,-0.145,0.265,2.058,0.212,2.106,0.017,2.089,0.108,-0.271,0.379,1.137,-0.08,1.217,0.844,0.003,0.841,-0.435,-0.477,0.064,-0.672,2.699,2.699,3.697,0.0,-0.672,-0.528,-0.144,-0.672,-0.528,-0.144,2.626,-0.57,1.401,2.296,3.697,7573,3794,3779
203500,Steven Adams,2024,0.204,-0.11,0.314,-0.206,0.143,-0.349,-0.765,-0.222,-0.543,1.285,0.003,1.282,-0.752,0.119,-0.869,0.691,2.423,2.423,0.143,2.566,0.0,0.691,0.301,0.39,0.691,0.301,0.39,-0.817,0.162,0.735,-0.157,0.892,0.422,-0.014,0.436,0.694,0.04,0.654,-0.224,-0.001,-0.223,0.326,0.394,-0.079,-0.331,0.362,0.362,0.73,1.092,0.0,-0.331,-0.076,-0.255,-0.331,-0.076,-0.255,-0.64,-0.023,0.94,-0.267,1.207,0.217,0.13,0.087,-0.071,-0.182,0.111,1.061,0.002,1.059,-0.427,0.513,-0.947,0.36,2.785,2.785,3.658,0.0,0.36,0.226,0.134,0.36,0.226,0.134,-1.456,0.139,2.566,1.092,3.658,4686,2345,2341
1630529,Herbert Jones,2024,1.203,-0.155,1.358,0.352,0.218,0.134,0.363,-0.008,0.371,0.643,-0.01,0.653,0.42,0.188,0.197,0.441,-0.544,-0.544,2.064,1.52,0.0,0.441,0.267,0.174,0.441,0.267,0.174,0.851,0.389,1.084,0.055,1.029,0.101,0.206,-0.105,0.326,0.055,0.271,0.602,-0.009,0.611,-0.019,-0.088,0.038,0.843,0.086,0.086,1.908,1.994,-0.0,0.843,0.642,0.201,0.843,0.642,0.201,1.065,0.456,2.288,-0.1,2.388,0.452,0.423,0.029,0.69,0.047,0.643,1.246,-0.019,1.265,0.401,0.099,0.235,1.284,-0.459,-0.459,3.514,-0.0,1.284,0.909,0.375,1.284,0.909,0.375,1.915,0.845,1.52,1.994,3.514,17626,8801,8825
1641764,Brandin Podziemski,2024,0.698,-0.013,0.711,0.158,0.136,0.022,0.253,-0.012,0.265,0.3,0.009,0.291,-0.504,-0.086,-0.442,1.052,1.801,1.801,1.246,3.047,0.0,1.052,0.548,0.504,1.052,0.548,0.504,0.731,0.381,1.03,-0.038,1.068,-0.246,0.081,-0.327,0.552,0.02,0.532,0.762,-0.01,0.772,-0.078,0.187,-0.241,-0.07,-0.447,-0.447,0.882,0.435,-0.0,-0.07,0.168,-0.238,-0.07,0.168,-0.238,0.0,0.15,1.728,-0.051,1.779,-0.088,0.217,-0.305,0.805,0.008,0.797,1.062,-0.001,1.063,-0.582,0.101,-0.683,0.982,1.354,1.354,3.482,0.001,0.982,0.716,0.266,0.982,0.716,0.266,0.731,0.531,3.047,0.435,3.483,7939,3958,3981
203957,Dante Exum,2024,2.41,0.004,2.406,0.689,0.151,0.538,0.268,0.158,0.11,1.449,0.013,1.436,-0.102,-0.095,-0.009,0.873,-0.124,-0.124,3.181,3.057,0.0,0.873,0.408,0.465,0.873,0.408,0.465,1.811,0.783,-0.008,0.09,-0.098,0.52,0.002,0.518,0.003,0.024,-0.021,-0.621,-0.002,-0.619,0.157,0.094,0.076,0.021,0.252,0.252,0.17,0.422,0.0,0.021,-0.178,0.199,0.021,-0.178,0.199,0.563,0.098,2.402,0.094,2.308,1.209,0.153,1.056,0.271,0.182,0.089,0.828,0.011,0.817,0.056,-0.001,0.067,0.895,0.128,0.128,3.479,0.0,0.895,0.23,0.665,0.895,0.23,0.665,2.375,0.881,3.057,0.422,3.479,4991,2488,2503
1628378,Donovan Mitchell,2024,0.585,-0.074,0.659,1.042,0.067,0.975,0.494,0.236,0.258,-0.877,0.007,-0.884,0.006,-0.276,0.3,0.803,0.239,0.239,1.394,1.633,0.0,0.803,0.025,0.778,0.803,0.025,0.778,-4.166,-0.435,0.944,0.085,0.859,0.097,0.066,0.031,0.758,0.161,0.597,0.004,0.003,0.001,-0.122,-0.14,0.035,0.583,0.425,0.425,1.405,1.83,0.0,0.583,0.258,0.325,0.583,0.258,0.325,1.971,0.325,1.528,0.011,1.517,1.139,0.134,1.005,1.252,0.397,0.855,-0.874,0.01,-0.884,-0.116,-0.416,0.335,1.386,0.663,0.663,3.463,0.0,1.386,0.282,1.104,1.386,0.282,1.104,-2.195,-0.11,1.633,1.83,3.463,19582,9839,9743
1630573,Sam Hauser,2024,1.097,0.267,0.83,-0.47,-0.214,-0.256,0.5,0.403,0.097,0.8,0.015,0.785,0.013,0.119,-0.122,0.124,0.472,0.472,1.234,1.706,0.0,0.124,0.042,0.082,0.124,0.042,0.082,1.366,-0.987,2.248,-0.139,2.387,0.862,-0.016,0.878,0.322,0.154,0.168,1.203,0.003,1.2,0.129,0.117,-0.004,-0.644,0.001,0.001,1.733,1.734,0.0,-0.644,-0.227,-0.417,-0.644,-0.227,-0.417,1.944,0.007,3.347,0.128,3.219,0.392,-0.23,0.622,0.822,0.558,0.264,2.005,0.019,1.986,0.142,0.236,-0.126,-0.52,0.473,0.473,3.44,0.0,-0.52,-0.185,-0.335,-0.52,-0.185,-0.335,3.31,-0.98,1.706,1.734,3.44,13597,6824,6773
1627832,Fred VanVleet,2024,0.173,-0.047,0.22,-0.32,-0.232,-0.088,0.287,0.181,0.106,0.253,0.011,0.242,0.761,0.308,0.438,1.191,-0.262,-0.262,2.125,1.863,0.0,1.191,0.707,0.484,1.191,0.707,0.484,-0.188,-0.556,-0.108,0.076,-0.184,-0.221,0.043,-0.264,-0.648,-0.045,-0.603,0.685,-0.003,0.688,-0.356,-0.561,0.175,1.192,0.812,0.812,0.728,1.54,0.0,1.192,0.044,1.148,1.192,0.044,1.148,2.871,0.375,0.066,0.029,0.037,-0.541,-0.189,-0.352,-0.361,0.136,-0.497,0.939,0.008,0.931,0.406,-0.253,0.613,2.382,0.55,0.55,3.403,0.0,2.382,0.751,1.631,2.382,0.751,1.631,2.683,-0.181,1.863,1.54,3.403,20977,10516,10461
1628384,OG Anunoby,2024,-0.363,-0.056,-0.307,-0.012,0.071,-0.083,0.381,0.108,0.273,-0.676,0.003,-0.679,-0.192,-0.257,0.06,-0.388,0.895,0.895,-0.943,-0.048,-0.0,-0.388,-0.228,-0.16,-0.388,-0.228,-0.16,0.387,0.335,1.594,-0.028,1.622,-0.116,-0.127,0.011,0.595,-0.101,0.696,1.143,0.003,1.14,0.035,0.141,-0.109,1.12,0.535,0.535,2.749,3.284,-0.0,1.12,0.758,0.362,1.12,0.758,0.362,-0.239,-0.68,1.232,-0.084,1.316,-0.127,-0.056,-0.071,0.976,0.007,0.969,0.467,0.006,0.461,-0.157,-0.116,-0.049,0.733,1.43,1.43,3.236,0.0,0.733,0.53,0.203,0.733,0.53,0.203,0.148,-0.345,-0.048,3.284,3.236,17608,8811,8797
1641726,Dereck Lively II,2024,1.562,0.173,1.389,0.541,0.055,0.486,-0.396,-0.197,-0.199,1.244,0.01,1.234,-0.396,0.059,-0.463,0.402,1.499,1.499,1.568,3.067,0.0,0.402,0.084,0.318,0.402,0.084,0.318,2.178,0.939,-0.336,0.008,-0.344,0.652,0.098,0.554,0.115,0.046,0.069,-1.111,-0.01,-1.101,0.092,0.268,-0.179,-0.249,0.648,0.648,-0.493,0.155,-0.0,-0.249,0.116,-0.365,-0.249,0.116,-0.365,-1.804,0.199,1.226,0.181,1.045,1.193,0.153,1.04,-0.281,-0.151,-0.13,0.133,0.0,0.133,-0.304,0.327,-0.641,0.153,2.147,2.147,3.222,-0.0,0.153,0.2,-0.047,0.153,0.2,-0.047,0.374,1.139,3.067,0.155,3.222,7091,3543,3548
1630178,Tyrese Maxey,2024,1.3,-0.059,1.359,-0.322,-0.022,-0.3,0.762,-0.088,0.85,0.919,-0.002,0.921,0.719,0.196,0.56,1.362,0.113,0.113,3.381,3.494,0.0,1.362,0.797,0.565,1.362,0.797,0.565,-0.197,-0.173,-0.168,0.112,-0.28,0.095,-0.171,0.266,-0.344,-0.092,-0.252,-0.031,0.006,-0.037,-0.284,-0.403,0.075,-0.33,0.477,0.477,-0.782,-0.305,0.0,-0.33,-0.206,-0.124,-0.33,-0.206,-0.124,-0.198,-0.528,1.131,0.053,1.078,-0.227,-0.193,-0.034,0.417,-0.181,0.598,0.888,0.004,0.884,0.435,-0.206,0.634,1.031,0.59,0.59,3.189,-0.001,1.031,0.591,0.44,1.031,0.591,0.44,-0.395,-0.701,3.494,-0.305,3.188,21062,10571,10491
1626172,Kevon Looney,2024,-0.513,0.169,-0.682,-1.331,-0.37,-0.961,-0.644,-0.159,-0.485,1.293,-0.004,1.297,-0.274,-0.334,0.061,-0.019,2.952,2.952,-0.806,2.146,0.0,-0.019,0.093,-0.112,-0.019,0.093,-0.112,2.709,-0.66,1.186,-0.059,1.245,-0.071,0.043,-0.114,0.589,0.09,0.499,0.727,-0.003,0.73,0.215,0.187,0.03,-0.978,0.471,0.471,0.423,0.894,0.0,-0.978,-0.616,-0.362,-0.978,-0.616,-0.362,0.591,0.31,0.671,0.11,0.561,-1.402,-0.327,-1.075,-0.055,-0.068,0.013,2.018,-0.008,2.026,-0.059,-0.147,0.091,-0.997,3.423,3.423,3.04,0.0,-0.997,-0.523,-0.474,-0.997,-0.523,-0.474,3.3,-0.35,2.146,0.894,3.04,14461,7199,7262
202710,Jimmy Butler,2024,0.525,-0.123,0.648,0.163,-0.085,0.248,0.028,-0.154,0.182,0.457,-0.0,0.457,1.29,0.987,0.324,0.711,0.48,0.48,2.526,3.006,0.0,0.711,0.015,0.696,0.711,0.015,0.696,-1.032,-0.305,-0.849,0.031,-0.88,-0.421,-0.056,-0.365,-0.582,-0.079,-0.503,0.123,-0.005,0.128,-0.032,-0.182,0.161,0.837,0.07,0.07,-0.044,0.026,0.0,0.837,0.409,0.428,0.837,0.409,0.428,0.375,-0.228,-0.323,-0.092,-0.231,-0.257,-0.14,-0.117,-0.555,-0.234,-0.321,0.581,-0.005,0.586,1.259,0.804,0.485,1.548,0.55,0.55,3.032,0.0,1.548,0.424,1.124,1.548,0.424,1.124,-0.657,-0.533,3.006,0.026,3.032,19899,9959,9940
1630631,Jose Alvarado,2024,0.652,0.163,0.489,0.807,0.006,0.801,-0.039,0.075,-0.114,-0.279,0.006,-0.285,-0.081,0.26,-0.308,0.15,0.396,0.396,0.721,1.117,0.0,0.15,0.371,-0.221,0.15,0.371,-0.221,0.509,-0.039,0.885,0.034,0.851,0.008,0.065,-0.057,0.47,-0.03,0.5,0.373,-0.0,0.373,-0.262,-0.202,-0.052,0.854,0.313,0.313,1.477,1.79,0.0,0.854,0.322,0.532,0.854,0.322,0.532,1.93,0.234,1.539,0.197,1.342,0.816,0.071,0.745,0.432,0.046,0.386,0.094,0.006,0.088,-0.342,0.058,-0.36,1.005,0.709,0.709,2.907,0.0,1.005,0.693,0.312,1.005,0.693,0.312,2.439,0.195,1.117,1.79,2.907,9611,4789,4822
203484,Kentavious Caldwell-Pope,2024,1.811,-0.193,2.004,0.218,0.113,0.105,0.042,-0.027,0.069,1.744,-0.008,1.752,0.161,0.252,-0.054,0.319,-0.442,-0.442,2.291,1.849,0.0,0.319,-0.197,0.516,0.319,-0.197,0.516,2.911,0.596,0.432,0.0,0.432,-0.243,-0.087,-0.156,-0.054,0.051,-0.105,0.729,0.005,0.724,0.109,0.013,0.093,0.468,0.033,0.033,1.009,1.042,0.0,0.468,0.249,0.219,0.468,0.249,0.219,0.473,-0.104,2.243,-0.193,2.436,-0.025,0.026,-0.051,-0.012,0.024,-0.036,2.473,-0.003,2.476,0.27,0.265,0.04,0.787,-0.408,-0.408,2.891,0.0,0.787,0.052,0.735,0.787,0.052,0.735,3.384,0.491,1.849,1.042,2.891,23592,11796,11796
1629731,Dean Wade,2024,-1.156,-0.008,-1.148,-0.771,-0.089,-0.682,-1.052,0.092,-1.144,0.675,0.006,0.669,0.145,0.043,0.098,0.243,-0.207,-0.207,-0.768,-0.975,-0.0,0.243,0.028,0.215,0.243,0.028,0.215,0.304,-0.689,2.159,-0.102,2.261,0.635,-0.107,0.742,0.49,0.175,0.315,1.136,0.005,1.131,0.116,0.074,0.041,0.627,0.934,0.934,2.902,3.836,-0.0,0.627,0.131,0.496,0.627,0.131,0.496,3.174,-0.039,1.003,-0.11,1.113,-0.136,-0.196,0.06,-0.562,0.267,-0.829,1.811,0.011,1.8,0.261,0.116,0.14,0.87,0.727,0.727,2.861,-0.0,0.87,0.159,0.711,0.87,0.159,0.711,3.478,-0.728,-0.975,3.836,2.861,8228,4087,4141
201939,Stephen Curry,2024,3.693,-0.176,3.869,1.653,0.347,1.306,0.346,0.658,-0.312,1.87,0.007,1.863,0.414,0.112,0.281,-0.655,-0.69,-0.69,3.452,2.762,0.0,-0.655,-0.825,0.17,-0.655,-0.825,0.17,0.79,1.434,-0.341,0.095,-0.436,-0.837,0.057,-0.894,-0.017,0.063,-0.08,0.418,-0.002,0.42,-0.086,-0.15,0.061,0.133,0.341,0.341,-0.294,0.047,0.0,0.133,-0.044,0.177,0.133,-0.044,0.177,1.386,0.048,3.353,-0.081,3.434,0.817,0.405,0.412,0.329,0.721,-0.392,2.288,0.005,2.283,0.328,-0.037,0.342,-0.523,-0.348,-0.348,2.809,0.0,-0.523,-0.869,0.346,-0.523,-0.869,0.346,2.176,1.482,2.762,0.047,2.809,20814,10435,10379
1628404,Josh Hart,2024,1.268,0.154,1.114,0.912,0.242,0.67,-0.282,0.185,-0.467,0.484,0.001,0.483,0.113,0.053,0.046,-0.341,0.599,0.599,1.04,1.639,0.0,-0.341,-0.174,-0.167,-0.341,-0.174,-0.167,0.88,0.284,0.218,-0.036,0.254,-0.142,-0.026,-0.116,0.61,0.029,0.581,-0.214,-0.004,-0.21,0.052,0.094,-0.054,0.576,0.313,0.313,0.846,1.159,0.0,0.576,0.322,0.254,0.576,0.322,0.254,1.164,0.269,1.486,0.118,1.368,0.77,0.216,0.554,0.328,0.214,0.114,0.27,-0.003,0.273,0.165,0.147,-0.008,0.235,0.912,0.912,2.798,0.0,0.235,0.148,0.087,0.235,0.148,0.087,2.044,0.552,1.639,1.159,2.798,23966,11991,11975
1629162,Jordan McLaughlin,2024,1.137,-0.047,1.184,0.73,0.133,0.597,-0.019,0.137,-0.156,0.473,0.013,0.46,-0.732,-0.712,-0.006,0.102,-0.636,-0.636,0.507,-0.129,0.0,0.102,-0.011,0.113,0.102,-0.011,0.113,4.984,1.176,1.414,0.046,1.368,0.099,0.093,0.006,0.442,0.1,0.342,0.827,0.001,0.826,-0.284,-0.377,0.093,0.947,0.792,0.792,2.077,2.869,0.0,0.947,0.247,0.7,0.947,0.247,0.7,2.464,0.32,2.551,-0.001,2.552,0.829,0.226,0.603,0.423,0.236,0.187,1.3,0.014,1.286,-1.016,-1.089,0.087,1.049,0.156,0.156,2.74,-0.001,1.049,0.236,0.813,1.049,0.236,0.813,7.449,1.496,-0.129,2.869,2.739,5569,2780,2789
1629630,Ja Morant,2024,0.146,-0.007,0.153,0.613,0.473,0.14,0.009,0.296,-0.287,-0.469,-0.005,-0.464,0.692,1.153,-0.443,0.013,0.128,0.128,0.851,0.979,0.0,0.013,-0.272,0.285,0.013,-0.272,0.285,-3.414,0.835,2.386,-0.045,2.431,-0.079,0.055,-0.134,0.863,0.105,0.758,1.647,0.002,1.645,0.08,-0.043,0.111,-0.29,-0.425,-0.425,2.176,1.751,-0.0,-0.29,-0.264,-0.026,-0.29,-0.264,-0.026,1.372,-0.138,2.531,-0.052,2.583,0.534,0.528,0.006,0.871,0.401,0.47,1.178,-0.003,1.181,0.772,1.11,-0.332,-0.277,-0.297,-0.297,2.73,0.0,-0.277,-0.536,0.259,-0.277,-0.536,0.259,-2.042,0.697,0.979,1.751,2.73,10235,5128,5107
201143,Al Horford,2024,2.563,-0.093,2.656,0.085,0.077,0.008,0.407,0.277,0.13,2.164,0.007,2.157,-0.315,-0.366,0.003,0.264,-0.88,-0.88,2.512,1.632,-0.0,0.264,0.223,0.041,0.264,0.223,0.041,2.967,-0.11,0.616,0.119,0.497,-0.274,-0.105,-0.169,-0.211,-0.034,-0.177,0.982,-0.002,0.984,0.285,0.368,-0.071,-0.572,0.766,0.766,0.329,1.095,-0.0,-0.572,-0.377,-0.195,-0.572,-0.377,-0.195,1.61,-0.104,3.179,0.026,3.153,-0.189,-0.028,-0.161,0.196,0.243,-0.047,3.146,0.005,3.141,-0.03,0.001,-0.068,-0.307,-0.114,-0.114,2.727,-0.0,-0.307,-0.155,-0.152,-0.307,-0.155,-0.152,4.577,-0.214,1.632,1.095,2.727,19349,9691,9658
204001,Kristaps Porzingis,2024,0.751,-0.159,0.91,0.529,-0.064,0.593,0.863,-0.139,1.002,-0.482,0.008,-0.49,0.76,0.397,0.391,0.034,-0.394,-0.394,1.545,1.151,-0.0,0.034,-0.299,0.333,0.034,-0.299,0.333,-0.077,0.064,2.295,-0.071,2.366,1.489,0.021,1.468,0.62,-0.065,0.685,0.257,-0.006,0.263,0.153,0.131,0.035,-1.018,0.145,0.145,1.43,1.575,0.0,-1.018,-0.422,-0.596,-1.018,-0.422,-0.596,0.228,0.501,3.047,-0.23,3.277,2.019,-0.042,2.061,1.483,-0.204,1.687,-0.225,0.002,-0.227,0.913,0.528,0.426,-0.984,-0.249,-0.249,2.726,-0.001,-0.984,-0.722,-0.262,-0.984,-0.722,-0.262,0.152,0.565,1.151,1.575,2.725,16135,8093,8042
1628386,Jarrett Allen,2024,2.145,0.042,2.103,0.629,0.021,0.608,0.657,-0.197,0.854,0.817,-0.004,0.821,-0.513,-0.281,-0.23,-0.808,0.965,0.965,0.824,1.789,-0.0,-0.808,-1.078,0.27,-0.808,-1.078,0.27,3.614,1.273,0.238,0.058,0.18,0.148,-0.004,0.152,-0.271,0.031,-0.302,0.303,-0.004,0.307,0.353,0.33,0.022,-0.005,0.334,0.334,0.586,0.92,0.0,-0.005,0.16,-0.165,-0.005,0.16,-0.165,-0.169,0.189,2.384,0.1,2.284,0.777,0.017,0.76,0.385,-0.166,0.551,1.122,-0.007,1.129,-0.16,0.049,-0.208,-0.812,1.299,1.299,2.709,0.0,-0.812,-0.918,0.106,-0.812,-0.918,0.106,3.445,1.461,1.789,0.92,2.709,19539,9760,9779
201142,Kevin Durant,2024,3.001,0.074,2.927,0.615,-0.208,0.823,1.079,-0.596,1.675,1.233,-0.005,1.238,0.954,0.508,0.493,-0.655,-1.025,-1.025,3.3,2.275,0.0,-0.655,-0.581,-0.074,-0.655,-0.581,-0.074,-0.042,0.13,0.746,0.173,0.573,0.259,-0.128,0.387,0.314,-0.07,0.384,-0.0,-0.003,0.003,0.077,0.231,-0.144,-0.166,-0.255,-0.255,0.657,0.402,0.0,-0.166,-0.309,0.143,-0.166,-0.309,0.143,1.197,0.198,3.746,0.247,3.499,0.874,-0.336,1.21,1.393,-0.666,2.059,1.232,-0.009,1.241,1.031,0.739,0.349,-0.82,-1.28,-1.28,2.677,0.001,-0.82,-0.89,0.07,-0.82,-0.89,0.07,1.156,0.327,2.275,0.402,2.678,20656,10345,10311
203994,Jusuf Nurkic,2024,0.946,-0.092,1.038,0.516,-0.009,0.525,-0.104,-0.095,-0.009,0.626,-0.006,0.632,-0.752,-0.376,-0.346,-0.477,0.552,0.552,-0.283,0.269,0.0,-0.477,-0.535,0.058,-0.477,-0.535,0.058,4.247,1.029,1.783,-0.049,1.832,0.793,0.009,0.784,0.476,0.145,0.331,0.563,-0.0,0.563,0.074,0.246,-0.175,-0.73,1.218,1.218,1.127,2.345,0.0,-0.73,-0.149,-0.581,-0.73,-0.149,-0.581,0.467,0.255,2.731,-0.141,2.872,1.31,0.0,1.31,0.372,0.05,0.322,1.19,-0.006,1.196,-0.678,-0.13,-0.521,-1.207,1.77,1.77,2.614,0.0,-1.207,-0.683,-0.524,-1.207,-0.683,-0.524,4.715,1.284,0.269,2.345,2.614,14704,7359,7345
203992,Bogdan Bogdanovic,2024,2.172,0.144,2.028,-0.452,-0.101,-0.351,1.021,0.064,0.957,1.459,0.006,1.453,-0.113,-0.083,-0.039,0.884,0.084,0.084,2.943,3.027,0.0,0.884,0.184,0.7,0.884,0.184,0.7,2.001,-0.505,-0.687,-0.194,-0.493,0.107,0.077,0.03,-0.185,-0.113,-0.072,-0.415,-0.008,-0.407,0.031,0.056,-0.05,-0.19,0.426,0.426,-0.846,-0.42,0.0,-0.19,-0.095,-0.095,-0.19,-0.095,-0.095,-0.591,0.186,1.485,-0.05,1.535,-0.345,-0.024,-0.321,0.835,-0.05,0.885,1.045,-0.002,1.047,-0.082,-0.027,-0.089,0.694,0.51,0.51,2.607,0.0,0.694,0.09,0.604,0.694,0.09,0.604,1.41,-0.318,3.027,-0.42,2.607,16602,8315,8287
1626168,Trey Lyles,2024,1.886,0.057,1.829,-0.525,-0.208,-0.317,0.473,0.229,0.244,1.881,0.006,1.875,-0.043,0.198,-0.242,-0.083,1.088,1.088,1.76,2.848,0.0,-0.083,-0.162,0.079,-0.083,-0.162,0.079,1.869,-0.694,0.079,-0.028,0.107,0.294,0.035,0.259,0.27,-0.008,0.278,-0.457,-0.0,-0.457,-0.068,-0.036,0.002,-0.309,0.048,0.048,-0.298,-0.25,0.0,-0.309,-0.307,-0.002,-0.309,-0.307,-0.002,-0.85,0.224,1.964,0.029,1.935,-0.231,-0.173,-0.058,0.743,0.221,0.522,1.423,0.005,1.418,-0.111,0.162,-0.24,-0.392,1.135,1.135,2.598,-0.001,-0.392,-0.469,0.077,-0.392,-0.469,0.077,1.02,-0.47,2.848,-0.25,2.597,10218,5123,5095
1629026,Kenrich Williams,2024,-0.909,0.029,-0.938,-0.928,0.045,-0.973,0.282,-0.035,0.317,-0.292,0.001,-0.293,-0.121,0.2,-0.3,-0.021,1.661,1.661,-1.051,0.61,-0.0,-0.021,-0.054,0.033,-0.021,-0.054,0.033,-0.237,-0.043,0.916,-0.086,1.002,-0.1,0.007,-0.107,-0.153,-0.004,-0.149,1.255,0.001,1.254,-0.453,-0.477,0.03,0.831,0.647,0.647,1.294,1.941,0.0,0.831,0.122,0.709,0.831,0.122,0.709,1.72,0.014,0.007,-0.057,0.064,-1.028,0.052,-1.08,0.129,-0.039,0.168,0.963,0.002,0.961,-0.574,-0.277,-0.269,0.81,2.308,2.308,2.551,0.001,0.81,0.068,0.742,0.81,0.068,0.742,1.482,-0.029,0.61,1.941,2.552,9675,4803,4872
1628371,Jonathan Isaac,2024,-0.9,0.369,-1.269,0.409,0.057,0.352,-0.962,-0.02,-0.942,-0.716,0.004,-0.72,-0.277,-0.059,-0.255,0.101,1.146,1.146,-1.076,0.07,0.0,0.101,0.07,0.031,0.101,0.07,0.031,-1.224,0.34,1.066,-0.047,1.113,1.103,0.074,1.029,0.336,0.051,0.285,-0.326,-0.006,-0.32,-0.188,-0.195,0.011,1.018,0.523,0.523,1.896,2.419,0.0,1.018,0.722,0.296,1.018,0.722,0.296,1.637,0.829,0.166,0.322,-0.156,1.512,0.131,1.381,-0.626,0.031,-0.657,-1.042,-0.002,-1.04,-0.465,-0.255,-0.243,1.119,1.67,1.67,2.489,0.0,1.119,0.792,0.327,1.119,0.792,0.327,0.413,1.169,0.07,2.419,2.489,4646,2315,2331
1628368,De'Aaron Fox,2024,1.115,0.271,0.844,0.194,-0.155,0.349,0.494,-0.241,0.735,0.156,0.003,0.153,0.131,-0.06,0.173,0.974,0.729,0.729,2.22,2.949,0.0,0.974,0.748,0.226,0.974,0.748,0.226,-2.449,-0.885,-1.058,0.015,-1.073,0.005,0.061,-0.056,0.101,0.005,0.096,-1.179,0.0,-1.179,0.025,0.036,-0.021,-0.19,0.667,0.667,-1.223,-0.556,0.0,-0.19,-0.382,0.192,-0.19,-0.382,0.192,0.039,0.255,0.056,0.286,-0.23,0.199,-0.094,0.293,0.594,-0.237,0.831,-1.023,0.003,-1.026,0.155,-0.024,0.152,0.784,1.396,1.396,2.393,0.0,0.784,0.366,0.418,0.784,0.366,0.418,-2.41,-0.631,2.949,-0.556,2.393,22023,11046,10977
1629638,Nickeil Alexander-Walker,2024,1.45,0.088,1.362,-0.288,0.023,-0.311,0.762,0.253,0.509,0.888,0.005,0.883,-0.06,-0.061,0.012,0.012,-0.334,-0.334,1.402,1.068,0.0,0.012,0.489,-0.477,0.012,0.489,-0.477,0.961,-0.509,0.544,0.154,0.39,0.731,-0.035,0.766,0.229,0.036,0.193,-0.57,-0.0,-0.57,-0.561,-0.556,-0.033,0.653,0.609,0.609,0.636,1.245,0.0,0.653,0.22,0.433,0.653,0.22,0.433,2.707,0.475,1.993,0.242,1.751,0.443,-0.011,0.454,0.991,0.289,0.702,0.317,0.004,0.313,-0.621,-0.617,-0.021,0.666,0.275,0.275,2.313,-0.001,0.666,0.709,-0.043,0.666,0.709,-0.043,3.669,-0.034,1.068,1.245,2.312,13365,6652,6713
203458,Alex Len,2024,0.092,0.344,-0.252,-0.842,-0.2,-0.642,0.41,-0.151,0.561,0.18,0.017,0.163,-0.444,-0.418,-0.023,-0.032,0.744,0.744,-0.384,0.36,0.0,-0.032,0.217,-0.249,-0.032,0.217,-0.249,0.035,-0.743,1.048,-0.124,1.172,0.261,0.098,0.163,0.575,0.013,0.562,0.336,-0.005,0.341,-0.23,-0.26,0.033,0.438,0.682,0.682,1.256,1.938,-0.0,0.438,0.152,0.286,0.438,0.152,0.286,1.965,0.464,1.14,0.22,0.92,-0.582,-0.102,-0.48,0.986,-0.138,1.124,0.516,0.012,0.504,-0.674,-0.678,0.01,0.406,1.426,1.426,2.298,0.0,0.406,0.369,0.037,0.406,0.369,0.037,2.001,-0.278,0.36,1.938,2.298,2695,1351,1344
1630200,Tre Jones,2024,1.432,0.043,1.389,0.401,0.229,0.172,1.007,0.055,0.952,-0.019,0.001,-0.02,-0.142,-0.198,0.045,0.796,-0.259,-0.259,2.086,1.827,-0.0,0.796,0.191,0.605,0.796,0.191,0.605,2.719,0.602,0.149,0.039,0.11,-0.212,-0.037,-0.175,0.195,0.164,0.031,0.127,0.003,0.124,0.457,0.352,0.101,0.365,-0.506,-0.506,0.971,0.465,0.0,0.365,0.137,0.228,0.365,0.137,0.228,0.292,-0.271,1.581,0.082,1.499,0.189,0.192,-0.003,1.202,0.219,0.983,0.108,0.004,0.104,0.315,0.154,0.145,1.161,-0.765,-0.765,2.292,-0.0,1.161,0.327,0.834,1.161,0.327,0.834,3.011,0.331,1.827,0.465,2.292,17006,8512,8494
1641767,Ben Sheppard,2024,1.453,0.227,1.226,0.891,0.176,0.715,0.742,-0.005,0.747,-0.407,0.013,-0.42,-0.342,-0.391,0.031,0.623,1.314,1.314,1.734,3.048,0.0,0.623,0.283,0.34,0.623,0.283,0.34,2.296,0.586,0.032,-0.079,0.111,0.052,-0.045,0.097,-0.004,0.061,-0.065,0.063,0.004,0.059,-0.212,-0.39,0.188,0.097,-0.676,-0.676,-0.083,-0.759,0.0,0.097,-0.07,0.167,0.097,-0.07,0.167,1.619,-0.02,1.484,0.148,1.336,0.943,0.13,0.813,0.737,0.055,0.682,-0.344,0.017,-0.361,-0.554,-0.781,0.219,0.72,0.639,0.639,2.289,0.0,0.72,0.213,0.507,0.72,0.213,0.507,3.915,0.565,3.048,-0.759,2.289,4678,2330,2348
1627780,Gary Payton II,2024,0.073,-0.082,0.155,0.774,0.058,0.716,0.41,0.301,0.109,-1.029,0.006,-1.035,0.664,0.493,0.153,0.174,1.752,1.752,0.911,2.663,-0.0,0.174,0.291,-0.117,0.174,0.291,-0.117,0.803,0.595,-1.013,0.059,-1.072,-0.123,-0.08,-0.043,0.159,-0.029,0.188,-1.108,-0.004,-1.104,-0.223,-0.258,0.025,0.382,0.439,0.439,-0.854,-0.415,0.0,0.382,0.402,-0.02,0.382,0.402,-0.02,0.312,-0.096,-0.939,-0.023,-0.916,0.651,-0.022,0.673,0.57,0.273,0.297,-2.137,0.002,-2.139,0.441,0.235,0.178,0.556,2.191,2.191,2.248,0.001,0.556,0.693,-0.137,0.556,0.693,-0.137,1.115,0.499,2.663,-0.415,2.249,5058,2505,2553
1626153,Delon Wright,2024,0.974,-0.092,1.066,-0.267,-0.031,-0.236,0.278,0.121,0.157,1.055,0.004,1.051,0.134,-0.038,0.154,-0.11,0.157,0.157,0.998,1.155,0.0,-0.11,0.432,-0.542,-0.11,0.432,-0.542,1.72,-0.211,0.393,-0.001,0.394,0.157,-0.044,0.201,-0.165,0.104,-0.269,0.402,0.002,0.4,0.069,0.205,-0.149,0.58,0.051,0.051,1.042,1.093,0.0,0.58,0.496,0.084,0.58,0.496,0.084,1.139,0.344,1.366,-0.093,1.459,-0.11,-0.075,-0.035,0.112,0.224,-0.112,1.457,0.006,1.451,0.203,0.168,0.005,0.47,0.208,0.208,2.248,-0.001,0.47,0.928,-0.458,0.47,0.928,-0.458,2.859,0.133,1.155,1.093,2.247,8291,4151,4140
203939,Dwight Powell,2024,-0.544,-0.095,-0.449,-0.665,-0.158,-0.507,-0.236,-0.088,-0.148,0.452,-0.002,0.454,0.259,0.498,-0.205,-0.216,2.038,2.038,-0.501,1.537,0.0,-0.216,0.154,-0.37,-0.216,0.154,-0.37,0.119,-0.368,0.363,0.055,0.308,-0.737,0.133,-0.87,0.266,0.162,0.104,0.779,0.001,0.778,-0.041,-0.037,-0.003,0.387,-0.018,-0.018,0.709,0.691,-0.0,0.387,0.24,0.147,0.387,0.24,0.147,0.227,-0.048,-0.18,-0.04,-0.14,-1.402,-0.025,-1.377,0.03,0.074,-0.044,1.232,-0.001,1.233,0.218,0.461,-0.208,0.17,2.021,2.021,2.228,0.0,0.17,0.394,-0.224,0.17,0.394,-0.224,0.346,-0.416,1.537,0.691,2.228,9254,4618,4636
201572,Brook Lopez,2024,-1.308,-0.114,-1.194,-0.829,-0.115,-0.714,-0.314,-0.156,-0.158,-0.051,-0.001,-0.05,-0.113,-0.22,0.117,-0.028,0.455,0.455,-1.449,-0.994,0.0,-0.028,-0.389,0.361,-0.028,-0.389,0.361,-1.386,-0.388,3.039,0.161,2.878,1.806,0.278,1.528,0.678,0.541,0.137,0.394,0.009,0.385,0.837,0.831,0.001,-1.443,0.731,0.731,2.433,3.164,0.0,-1.443,-0.851,-0.592,-1.443,-0.851,-0.592,0.759,0.953,1.731,0.047,1.684,0.977,0.163,0.814,0.364,0.385,-0.021,0.343,0.008,0.335,0.724,0.611,0.118,-1.47,1.186,1.186,2.17,0.001,-1.47,-1.24,-0.23,-1.47,-1.24,-0.23,-0.627,0.565,-0.994,3.164,2.171,21420,10734,10686
203932,Aaron Gordon,2024,-0.35,0.062,-0.412,-0.083,0.089,-0.172,0.061,0.103,-0.042,-0.39,-0.0,-0.39,-0.193,0.203,-0.425,-0.081,0.753,0.753,-0.624,0.129,-0.0,-0.081,0.178,-0.259,-0.081,0.178,-0.259,-1.267,-0.064,0.914,0.141,0.773,-0.017,-0.07,0.053,0.545,0.028,0.517,0.245,0.0,0.245,0.315,0.316,0.004,0.193,0.604,0.604,1.422,2.026,-0.0,0.193,0.265,-0.072,0.193,0.265,-0.072,-0.053,-0.184,0.562,0.203,0.359,-0.1,0.019,-0.119,0.604,0.13,0.474,-0.145,-0.0,-0.145,0.122,0.519,-0.421,0.112,1.357,1.357,2.155,0.001,0.112,0.443,-0.331,0.112,0.443,-0.331,-1.32,-0.248,0.129,2.026,2.156,22016,11003,11013
1628392,Isaiah Hartenstein,2024,0.185,0.228,-0.043,-0.274,0.064,-0.338,0.539,-0.07,0.609,-0.308,0.001,-0.309,0.171,-0.068,0.263,0.431,0.776,0.776,0.787,1.563,0.0,0.431,-0.102,0.533,0.431,-0.102,0.533,1.458,0.397,-0.122,-0.1,-0.022,0.683,0.076,0.607,-0.122,0.033,-0.155,-0.583,0.001,-0.584,0.15,0.124,0.031,0.015,0.547,0.547,0.043,0.59,-0.0,0.015,0.095,-0.08,0.015,0.095,-0.08,-0.824,0.208,0.063,0.128,-0.065,0.409,0.14,0.269,0.417,-0.037,0.454,-0.891,0.002,-0.893,0.321,0.056,0.294,0.446,1.323,1.323,2.153,0.0,0.446,-0.007,0.453,0.446,-0.007,0.453,0.634,0.605,1.563,0.59,2.153,16330,8169,8161
201144,Mike Conley,2024,-0.177,-0.124,-0.053,-1.02,-0.184,-0.836,-0.228,0.124,-0.352,1.195,0.001,1.194,0.203,0.171,0.018,0.405,1.352,1.352,0.431,1.783,-0.0,0.405,-0.14,0.545,0.405,-0.14,0.545,3.578,-0.153,0.094,-0.027,0.121,-0.069,-0.095,0.026,0.264,0.193,0.071,-0.074,0.004,-0.078,0.156,0.295,-0.114,0.329,-0.211,-0.211,0.579,0.368,0.0,0.329,0.089,0.24,0.329,0.089,0.24,1.846,-0.044,-0.082,-0.151,0.069,-1.089,-0.279,-0.81,0.037,0.318,-0.281,1.121,0.005,1.116,0.359,0.466,-0.096,0.735,1.141,1.141,2.151,-0.0,0.735,-0.051,0.786,0.735,-0.051,0.786,5.424,-0.197,1.783,0.368,2.151,19260,9653,9607
1630217,Desmond Bane,2024,0.962,-0.051,1.013,0.219,0.062,0.157,0.247,0.108,0.139,0.547,0.001,0.546,-0.038,-0.334,0.293,-0.193,0.645,0.645,0.731,1.376,0.0,-0.193,0.143,-0.336,-0.193,0.143,-0.336,1.008,-0.023,1.008,-0.006,1.014,0.405,0.137,0.268,0.496,0.04,0.456,0.113,-0.002,0.115,-0.213,-0.071,-0.12,0.093,-0.138,-0.138,0.888,0.75,0.0,0.093,0.212,-0.119,0.093,0.212,-0.119,0.116,0.235,1.969,-0.057,2.026,0.623,0.199,0.424,0.743,0.148,0.595,0.66,-0.001,0.661,-0.251,-0.406,0.173,-0.1,0.507,0.507,2.126,0.0,-0.1,0.355,-0.455,-0.1,0.355,-0.455,1.124,0.212,1.376,0.75,2.126,14534,7276,7258
1627936,Alex Caruso,2024,-0.492,0.129,-0.621,-0.191,0.196,-0.387,0.164,0.225,-0.061,-0.594,-0.003,-0.591,0.125,0.204,-0.079,-0.266,-0.269,-0.269,-0.633,-0.902,0.0,-0.266,-0.233,-0.033,-0.266,-0.233,-0.033,-1.392,0.253,0.421,-0.092,0.513,0.177,0.201,-0.024,0.278,0.01,0.268,0.058,-0.009,0.067,0.246,0.21,0.03,1.824,0.511,0.511,2.491,3.002,-0.0,1.824,0.745,1.079,1.824,0.745,1.079,0.825,0.533,-0.07,0.037,-0.107,-0.013,0.397,-0.41,0.442,0.235,0.207,-0.536,-0.012,-0.524,0.371,0.414,-0.049,1.558,0.242,0.242,2.1,0.0,1.558,0.513,1.045,1.558,0.513,1.045,-0.567,0.786,-0.902,3.002,2.1,14463,7233,7230
1629004,Svi Mykhailiuk,2024,2.258,0.109,2.149,-0.058,0.14,-0.198,0.796,0.279,0.517,1.411,0.011,1.4,-0.591,-0.453,-0.142,-0.178,-0.16,-0.16,1.489,1.329,-0.0,-0.178,-0.027,-0.151,-0.178,-0.027,-0.151,4.184,0.634,0.045,0.025,0.02,-0.152,-0.056,-0.096,0.147,0.048,0.099,0.025,-0.0,0.025,0.224,0.247,-0.008,0.103,0.393,0.393,0.372,0.765,0.0,0.103,0.149,-0.046,0.103,0.149,-0.046,0.821,0.101,2.303,0.134,2.169,-0.21,0.084,-0.294,0.944,0.327,0.617,1.435,0.01,1.425,-0.368,-0.206,-0.151,-0.075,0.233,0.233,2.094,-0.0,-0.075,0.123,-0.198,-0.075,0.123,-0.198,5.005,0.736,1.329,0.765,2.094,3661,1842,1819
1627783,Pascal Siakam,2024,1.186,-0.054,1.24,0.888,0.098,0.79,0.402,-0.296,0.698,-0.05,-0.019,-0.031,0.191,0.45,-0.25,1.036,-0.205,-0.205,2.413,2.208,0.0,1.036,0.446,0.59,1.036,0.446,0.59,0.935,0.478,-0.689,0.185,-0.874,-0.846,-0.021,-0.825,0.389,0.084,0.305,-0.417,0.011,-0.428,-0.048,0.124,-0.173,-0.309,0.849,0.849,-1.046,-0.197,0.0,-0.309,-0.204,-0.105,-0.309,-0.204,-0.105,0.109,-0.129,0.497,0.131,0.366,0.043,0.077,-0.034,0.791,-0.212,1.003,-0.468,-0.008,-0.46,0.143,0.574,-0.423,0.727,0.644,0.644,2.011,0.0,0.727,0.242,0.485,0.727,0.242,0.485,1.045,0.349,2.208,-0.197,2.011,23825,11934,11891
1626167,Myles Turner,2024,1.691,-0.176,1.867,0.34,0.113,0.227,1.283,0.112,1.171,0.244,-0.003,0.247,0.244,-0.042,0.311,0.527,-0.772,-0.772,2.462,1.69,-0.0,0.527,0.301,0.226,0.527,0.301,0.226,1.332,0.118,0.419,-0.008,0.427,0.82,-0.008,0.828,-0.153,0.252,-0.405,-0.24,0.004,-0.244,0.305,0.399,-0.085,-0.512,0.108,0.108,0.212,0.32,0.0,-0.512,-0.114,-0.398,-0.512,-0.114,-0.398,0.46,0.279,2.11,-0.184,2.294,1.16,0.105,1.055,1.129,0.364,0.765,0.005,0.002,0.003,0.55,0.357,0.226,0.015,-0.664,-0.664,2.01,0.001,0.015,0.187,-0.172,0.015,0.187,-0.172,1.792,0.397,1.69,0.32,2.011,18294,9160,9134
1628420,Monte Morris,2024,0.707,0.049,0.658,0.296,-0.231,0.527,0.194,-0.224,0.418,0.168,-0.0,0.168,0.062,-0.044,0.071,1.195,0.258,0.258,1.964,2.222,0.0,1.195,0.588,0.607,1.195,0.588,0.607,2.394,-0.223,0.495,-0.021,0.516,-0.029,-0.148,0.119,0.451,0.122,0.329,0.094,0.004,0.09,0.254,0.118,0.138,-0.705,-0.296,-0.296,0.044,-0.252,-0.0,-0.705,-0.416,-0.289,-0.705,-0.416,-0.289,-0.004,-0.353,1.204,0.028,1.176,0.268,-0.379,0.647,0.646,-0.101,0.747,0.262,0.004,0.258,0.316,0.074,0.209,0.49,-0.038,-0.038,1.97,0.0,0.49,0.172,0.318,0.49,0.172,0.318,2.391,-0.576,2.222,-0.252,1.97,9040,4515,4525
1629632,Coby White,2024,2.103,0.021,2.082,0.626,-0.098,0.724,0.418,0.08,0.338,1.038,0.001,1.037,0.059,-0.009,0.043,0.668,0.347,0.347,2.83,3.177,-0.0,0.668,0.628,0.04,0.668,0.628,0.04,1.088,-0.676,-0.023,0.134,-0.157,-0.273,0.113,-0.386,-0.014,-0.217,0.203,0.13,-0.011,0.141,-0.013,-0.034,0.011,-0.163,-1.062,-1.062,-0.199,-1.261,0.0,-0.163,-0.056,-0.107,-0.163,-0.056,-0.107,-2.615,-0.38,2.081,0.155,1.926,0.353,0.015,0.338,0.405,-0.137,0.542,1.168,-0.011,1.179,0.046,-0.044,0.054,0.505,-0.715,-0.715,1.916,-0.0,0.505,0.572,-0.067,0.505,0.572,-0.067,-1.527,-1.056,3.177,-1.261,1.916,18412,9218,9194
1629652,Luguentz Dort,2024,1.69,-0.056,1.746,-0.276,0.13,-0.406,1.797,0.157,1.64,0.225,-0.0,0.225,0.061,0.248,-0.18,0.742,-0.889,-0.889,2.493,1.604,0.0,0.742,0.887,-0.145,0.742,0.887,-0.145,-1.05,-0.19,0.636,0.04,0.596,0.637,0.024,0.613,-0.034,-0.141,0.107,-0.007,-0.006,-0.001,0.134,0.018,0.112,0.658,-1.136,-1.136,1.428,0.292,-0.0,0.658,-0.02,0.678,0.658,-0.02,0.678,-0.339,0.303,2.326,-0.016,2.342,0.361,0.154,0.207,1.763,0.016,1.747,0.218,-0.006,0.224,0.195,0.266,-0.069,1.401,-2.025,-2.025,1.896,0.0,1.401,0.866,0.535,1.401,0.866,0.535,-1.389,0.112,1.604,0.292,1.896,20426,10197,10229
203915,Spencer Dinwiddie,2024,0.811,0.073,0.738,-1.0,-0.131,-0.869,0.731,0.282,0.449,1.007,0.001,1.006,0.425,0.398,0.039,1.012,-0.376,-0.376,2.248,1.872,-0.0,1.012,0.569,0.443,1.012,0.569,0.443,0.743,-0.798,0.319,-0.006,0.325,0.33,0.065,0.265,-0.248,0.236,-0.484,0.243,0.002,0.241,0.182,0.283,-0.083,-0.498,-0.007,-0.007,0.003,-0.004,-0.0,-0.498,-0.233,-0.265,-0.498,-0.233,-0.265,-0.235,0.166,1.128,0.067,1.061,-0.67,-0.066,-0.604,0.482,0.517,-0.035,1.249,0.003,1.246,0.607,0.681,-0.044,0.514,-0.383,-0.383,1.868,-0.0,0.514,0.336,0.178,0.514,0.336,0.178,0.509,-0.632,1.872,-0.004,1.868,20328,10163,10165
1630193,Immanuel Quickley,2024,-2.063,-0.081,-1.982,-0.456,-0.067,-0.389,0.057,-0.057,0.114,-1.583,-0.006,-1.577,0.465,0.379,0.073,0.217,0.617,0.617,-1.381,-0.764,0.0,0.217,0.663,-0.446,0.217,0.663,-0.446,-3.947,-0.697,2.451,-0.013,2.464,0.501,0.111,0.39,0.953,0.016,0.937,1.01,-0.004,1.014,0.097,0.115,-0.004,0.184,-0.102,-0.102,2.732,2.63,-0.0,0.184,0.035,0.149,0.184,0.035,0.149,1.351,0.58,0.389,-0.094,0.483,0.045,0.044,0.001,1.011,-0.041,1.052,-0.573,-0.01,-0.563,0.563,0.494,0.069,0.401,0.516,0.516,1.866,-0.0,0.401,0.698,-0.297,0.401,0.698,-0.297,-2.596,-0.116,-0.764,2.63,1.866,18008,9008,9000
1629011,Mitchell Robinson,2024,-0.172,-0.112,-0.06,-0.73,-0.311,-0.419,-1.198,-0.239,-0.959,1.868,0.006,1.862,-1.019,-0.511,-0.531,-0.075,2.554,2.554,-1.266,1.288,0.0,-0.075,0.345,-0.42,-0.075,0.345,-0.42,0.661,-0.74,-0.185,-0.051,-0.134,-0.376,0.08,-0.456,0.302,-0.001,0.303,-0.06,-0.003,-0.057,0.349,0.283,0.066,0.004,0.349,0.349,0.168,0.517,0.0,0.004,0.15,-0.146,0.004,0.15,-0.146,-0.031,0.21,-0.357,-0.163,-0.194,-1.106,-0.231,-0.875,-0.896,-0.24,-0.656,1.808,0.003,1.805,-0.67,-0.228,-0.465,-0.071,2.902,2.902,1.805,0.0,-0.071,0.495,-0.566,-0.071,0.495,-0.566,0.63,-0.53,1.288,0.517,1.805,10861,5408,5453
1641705,Victor Wembanyama,2024,0.824,0.182,0.642,2.256,0.136,2.12,-0.373,0.471,-0.844,-1.241,0.017,-1.258,0.174,-0.076,0.262,-1.398,-0.599,-0.599,-0.4,-0.999,-0.0,-1.398,-0.963,-0.435,-1.398,-0.963,-0.435,3.19,1.762,1.492,-0.213,1.705,0.816,0.005,0.811,0.031,-0.035,0.066,0.858,-0.009,0.867,0.485,0.587,-0.079,-0.103,0.906,0.906,1.874,2.78,0.0,-0.103,-0.004,-0.099,-0.103,-0.004,-0.099,-0.228,0.215,2.316,-0.031,2.347,3.072,0.141,2.931,-0.342,0.436,-0.778,-0.383,0.008,-0.391,0.66,0.51,0.182,-1.501,0.307,0.307,1.781,0.0,-1.501,-0.967,-0.534,-1.501,-0.967,-0.534,2.961,1.977,-0.999,2.78,1.781,8764,4377,4387
1629636,Darius Garland,2024,1.686,0.047,1.639,0.467,0.063,0.404,0.613,-0.141,0.754,0.559,-0.006,0.565,0.228,-0.003,0.225,0.235,-0.959,-0.959,2.149,1.19,0.0,0.235,0.706,-0.471,0.235,0.706,-0.471,1.295,0.705,0.12,-0.07,0.19,-0.132,-0.017,-0.115,-0.03,0.051,-0.081,0.352,-0.0,0.352,0.142,0.137,-0.012,0.583,-0.264,-0.264,0.845,0.581,0.0,0.583,0.485,0.098,0.583,0.485,0.098,0.748,0.008,1.808,-0.023,1.831,0.336,0.046,0.29,0.584,-0.089,0.673,0.911,-0.006,0.917,0.369,0.134,0.213,0.818,-1.223,-1.223,1.771,-0.001,0.818,1.191,-0.373,0.818,1.191,-0.373,2.043,0.713,1.19,0.581,1.77,19378,9745,9633
1626204,Larry Nance Jr.,2024,0.206,-0.241,0.447,0.268,-0.001,0.269,-0.224,0.105,-0.329,0.403,0.004,0.399,0.145,0.111,0.039,-0.465,0.101,0.101,-0.114,-0.013,0.0,-0.465,-0.281,-0.184,-0.465,-0.281,-0.184,2.365,0.247,0.015,0.063,-0.048,-0.151,0.032,-0.183,-0.319,-0.13,-0.189,0.422,-0.007,0.429,0.192,0.107,0.084,1.343,0.176,0.176,1.55,1.726,0.0,1.343,0.559,0.784,1.343,0.559,0.784,1.478,0.121,0.221,-0.178,0.399,0.117,0.031,0.086,-0.543,-0.025,-0.518,0.825,-0.003,0.828,0.337,0.218,0.122,0.878,0.277,0.277,1.713,0.0,0.878,0.279,0.599,0.878,0.279,0.599,3.842,0.369,-0.013,1.726,1.713,10633,5298,5335
1628989,Kevin Huerter,2024,2.956,0.027,2.929,1.719,-0.003,1.722,1.145,0.185,0.96,0.065,0.005,0.06,-0.3,-0.095,-0.212,0.334,-0.961,-0.961,2.99,2.029,-0.0,0.334,0.107,0.227,0.334,0.107,0.227,3.5,0.415,-0.179,0.059,-0.238,-0.64,-0.153,-0.487,-0.112,-0.009,-0.103,0.514,0.004,0.51,0.137,0.07,0.072,-0.085,-0.189,-0.189,-0.127,-0.316,0.0,-0.085,0.004,-0.089,-0.085,0.004,-0.089,0.013,-0.528,2.777,0.086,2.691,1.079,-0.156,1.235,1.034,0.177,0.857,0.578,0.009,0.569,-0.162,-0.025,-0.14,0.249,-1.15,-1.15,1.713,-0.001,0.249,0.111,0.138,0.249,0.111,0.138,3.514,-0.113,2.029,-0.316,1.712,16143,8102,8041
201935,James Harden,2024,1.175,-0.057,1.232,0.825,-0.039,0.864,0.311,0.415,-0.104,0.096,0.005,0.091,1.265,0.406,0.879,0.076,-0.276,-0.276,2.516,2.24,0.0,0.076,0.074,0.002,0.076,0.074,0.002,1.642,0.885,-0.761,0.024,-0.785,-0.222,0.071,-0.293,-0.066,-0.045,-0.021,-0.497,-0.002,-0.495,0.187,0.243,-0.075,-0.041,0.085,0.085,-0.615,-0.53,0.0,-0.041,0.249,-0.29,-0.041,0.249,-0.29,-1.112,0.041,0.412,-0.033,0.445,0.603,0.032,0.571,0.243,0.369,-0.126,-0.401,0.003,-0.404,1.452,0.649,0.804,0.035,-0.191,-0.191,1.71,-0.001,0.035,0.323,-0.288,0.035,0.323,-0.288,0.53,0.926,2.24,-0.53,1.709,20642,10327,10315
203991,Clint Capela,2024,-0.975,-0.003,-0.972,-0.183,0.11,-0.293,-0.251,-0.236,-0.015,-0.538,0.0,-0.538,-0.732,-0.628,-0.154,0.226,2.205,2.205,-1.481,0.724,-0.0,0.226,-0.142,0.368,0.226,-0.142,0.368,0.745,0.572,0.222,-0.104,0.326,1.076,0.039,1.037,-0.199,0.155,-0.354,-0.551,-0.0,-0.551,0.316,0.402,-0.08,-0.237,0.644,0.644,0.301,0.945,-0.0,-0.237,-0.066,-0.171,-0.237,-0.066,-0.171,0.213,0.613,-0.752,-0.107,-0.645,0.893,0.149,0.744,-0.45,-0.081,-0.369,-1.088,0.0,-1.088,-0.415,-0.226,-0.233,-0.011,2.849,2.849,1.669,-0.001,-0.011,-0.208,0.197,-0.011,-0.208,0.197,0.958,1.185,0.724,0.945,1.668,15656,7818,7838
1629674,Neemias Queta,2024,-0.026,-0.137,0.111,0.097,-0.032,0.129,-0.287,-0.042,-0.245,0.301,0.022,0.279,-0.071,0.012,-0.061,0.181,1.758,1.758,0.084,1.842,0.0,0.181,0.196,-0.015,0.181,0.196,-0.015,0.444,0.268,-0.076,0.064,-0.14,0.117,0.074,0.043,0.064,-0.08,0.144,-0.321,-0.009,-0.312,-0.196,-0.191,-0.013,0.038,0.052,0.052,-0.234,-0.182,0.0,0.038,-0.045,0.083,0.038,-0.045,0.083,0.095,0.13,-0.101,-0.073,-0.028,0.214,0.042,0.172,-0.222,-0.121,-0.101,-0.02,0.013,-0.033,-0.266,-0.178,-0.074,0.22,1.81,1.81,1.66,-0.0,0.22,0.151,0.069,0.22,0.151,0.069,0.54,0.397,1.842,-0.182,1.66,1495,745,750
204456,T.J. McConnell,2024,1.735,-0.101,1.836,0.87,0.251,0.619,0.277,-0.207,0.484,0.689,-0.015,0.704,0.242,-0.173,0.444,0.066,-0.628,-0.628,2.043,1.415,0.0,0.066,0.106,-0.04,0.066,0.106,-0.04,1.21,0.757,-0.604,0.067,-0.671,-0.173,-0.094,-0.079,-0.788,-0.099,-0.689,0.29,0.007,0.283,-0.208,-0.525,0.32,1.026,-0.011,-0.011,0.214,0.203,-0.0,1.026,0.569,0.457,1.026,0.569,0.457,0.62,-0.362,1.132,-0.034,1.166,0.697,0.157,0.54,-0.51,-0.305,-0.205,0.979,-0.008,0.987,0.034,-0.697,0.764,1.092,-0.638,-0.638,1.618,-0.001,1.092,0.674,0.418,1.092,0.674,0.418,1.829,0.394,1.415,0.203,1.617,13055,6510,6545
203944,Julius Randle,2024,0.969,-0.126,1.095,0.196,-0.215,0.411,0.624,0.132,0.492,0.275,-0.001,0.276,0.804,0.926,-0.116,-0.822,1.194,1.194,0.951,2.145,0.0,-0.822,0.022,-0.844,-0.822,0.022,-0.844,-1.458,-0.481,0.114,0.198,-0.084,-0.315,0.015,-0.33,-0.083,-0.062,-0.021,0.314,0.006,0.308,-0.164,-0.119,-0.038,-0.757,0.204,0.204,-0.807,-0.603,0.0,-0.757,-0.304,-0.453,-0.757,-0.304,-0.453,0.048,-0.155,1.083,0.072,1.011,-0.119,-0.2,0.081,0.541,0.07,0.471,0.589,0.005,0.584,0.64,0.807,-0.154,-1.579,1.397,1.397,1.542,0.0,-1.579,-0.282,-1.297,-1.579,-0.282,-1.297,-1.41,-0.637,2.145,-0.603,1.542,18688,9349,9339
1626220,Royce O'Neale,2024,1.135,0.115,1.02,-0.769,-0.139,-0.63,0.76,0.333,0.427,1.029,0.01,1.019,0.048,0.137,-0.097,0.124,-1.317,-1.317,1.307,-0.01,0.0,0.124,0.141,-0.017,0.124,0.141,-0.017,1.977,-0.488,1.365,0.069,1.296,0.774,0.035,0.739,-0.043,-0.075,0.032,0.565,0.0,0.565,-0.039,-0.349,0.317,-0.035,0.26,0.26,1.291,1.551,-0.0,-0.035,-0.016,-0.019,-0.035,-0.016,-0.019,2.043,0.502,2.499,0.184,2.315,0.004,-0.104,0.108,0.717,0.258,0.459,1.594,0.01,1.584,0.009,-0.212,0.22,0.089,-1.056,-1.056,1.541,-0.0,0.089,0.125,-0.036,0.089,0.125,-0.036,4.02,0.015,-0.01,1.551,1.541,18345,9181,9164
1629627,Zion Williamson,2024,0.375,0.281,0.094,0.622,0.777,-0.155,0.096,0.759,-0.663,-0.624,-0.009,-0.615,-0.023,0.572,-0.593,-0.02,0.577,0.577,0.332,0.909,0.0,-0.02,0.349,-0.369,-0.02,0.349,-0.369,-1.113,1.081,0.208,-0.115,0.323,-0.525,-0.027,-0.498,0.15,-0.261,0.411,0.698,-0.014,0.712,-0.161,0.03,-0.203,0.391,0.176,0.176,0.438,0.614,0.0,0.391,0.05,0.341,0.391,0.05,0.341,-0.563,-0.301,0.583,0.166,0.417,0.096,0.75,-0.654,0.246,0.498,-0.252,0.075,-0.022,0.097,-0.183,0.602,-0.797,0.371,0.754,0.754,1.523,0.0,0.371,0.399,-0.028,0.371,0.399,-0.028,-1.675,0.78,0.909,0.614,1.523,12837,6443,6394
101108,Chris Paul,2024,0.732,0.147,0.585,0.356,-0.48,0.836,0.292,-0.436,0.728,-0.063,0.01,-0.073,-0.282,-0.281,-0.019,0.988,-1.162,-1.162,1.438,0.276,0.0,0.988,0.563,0.425,0.988,0.563,0.425,2.914,0.001,1.943,0.001,1.942,0.69,0.082,0.608,0.613,-0.044,0.657,0.639,-0.0,0.639,-0.089,-0.121,0.028,0.029,-0.637,-0.637,1.883,1.246,0.0,0.029,-0.099,0.128,0.029,-0.099,0.128,1.16,0.35,2.676,0.148,2.528,1.047,-0.398,1.445,0.906,-0.479,1.385,0.575,0.009,0.566,-0.372,-0.402,0.009,1.018,-1.799,-1.799,1.522,-0.001,1.018,0.464,0.554,1.018,0.464,0.554,4.074,0.351,0.276,1.246,1.521,14646,7327,7319
1629750,Javonte Green,2024,1.734,-0.087,1.821,0.182,0.252,-0.07,0.81,-0.056,0.866,0.829,0.003,0.826,-0.369,-0.271,-0.1,-0.317,-0.373,-0.373,1.048,0.675,0.0,-0.317,-0.033,-0.284,-0.317,-0.033,-0.284,0.797,0.704,0.121,-0.135,0.256,0.162,-0.034,0.196,0.487,0.013,0.474,-0.393,0.001,-0.394,-0.196,-0.177,-0.036,0.453,0.428,0.428,0.378,0.806,0.0,0.453,-0.011,0.464,0.453,-0.011,0.464,0.547,0.039,1.854,-0.222,2.076,0.344,0.218,0.126,1.297,-0.043,1.34,0.435,0.004,0.431,-0.566,-0.448,-0.136,0.136,0.056,0.056,1.481,0.0,0.136,-0.045,0.181,0.136,-0.045,0.181,1.344,0.744,0.675,0.806,1.481,2896,1445,1451
203497,Rudy Gobert,2024,0.185,0.027,0.158,1.129,0.124,1.005,-0.78,-0.132,-0.648,-0.191,-0.004,-0.187,-0.508,0.247,-0.718,-1.83,1.237,1.237,-2.153,-0.916,-0.0,-1.83,-1.379,-0.451,-1.83,-1.379,-0.451,-1.306,0.916,1.664,-0.088,1.752,1.531,0.343,1.188,0.09,0.474,-0.384,0.131,-0.002,0.133,0.709,0.756,-0.069,-0.459,0.483,0.483,1.914,2.397,0.0,-0.459,-0.241,-0.218,-0.459,-0.241,-0.218,-0.262,1.003,1.85,-0.061,1.911,2.66,0.467,2.193,-0.69,0.342,-1.032,-0.059,-0.005,-0.054,0.201,1.004,-0.787,-2.288,1.72,1.72,1.481,0.0,-2.288,-1.62,-0.668,-2.288,-1.62,-0.668,-1.568,1.919,-0.916,2.397,1.481,21663,10806,10857
1630230,Naji Marshall,2024,-0.484,0.105,-0.589,-0.594,0.185,-0.779,0.075,0.026,0.049,-0.07,-0.01,-0.06,0.711,0.62,0.122,0.69,-0.1,-0.1,0.917,0.817,0.0,0.69,0.375,0.315,0.69,0.375,0.315,0.116,0.324,0.235,0.017,0.218,-0.652,-0.062,-0.59,0.04,-0.189,0.229,0.83,-0.002,0.832,-0.039,-0.116,0.089,0.453,-0.026,-0.026,0.649,0.623,0.0,0.453,0.528,-0.075,0.453,0.528,-0.075,0.294,-0.318,-0.247,0.122,-0.369,-1.245,0.123,-1.368,0.116,-0.163,0.279,0.76,-0.012,0.772,0.672,0.505,0.211,1.143,-0.126,-0.126,1.44,0.0,1.143,0.903,0.24,1.143,0.903,0.24,0.41,0.006,0.817,0.623,1.44,12588,6274,6314
201587,Nicolas Batum,2024,0.651,0.044,0.607,0.134,-0.319,0.453,-0.245,0.087,-0.332,0.718,0.003,0.715,0.686,0.64,0.082,-0.011,0.017,0.017,1.326,1.343,-0.0,-0.011,0.015,-0.026,-0.011,0.015,-0.026,1.418,-0.846,0.436,-0.123,0.559,-0.05,-0.134,0.084,0.368,0.08,0.288,0.241,0.003,0.238,0.092,0.159,-0.064,0.238,-0.684,-0.684,0.766,0.082,0.0,0.238,0.511,-0.273,0.238,0.511,-0.273,1.191,-0.213,1.084,-0.079,1.163,0.084,-0.453,0.537,0.121,0.166,-0.045,0.958,0.006,0.952,0.778,0.799,0.019,0.227,-0.667,-0.667,1.425,-0.0,0.227,0.527,-0.3,0.227,0.527,-0.3,2.609,-1.059,1.343,0.082,1.425,14040,7022,7018
1628389,Bam Adebayo,2024,-0.418,-0.178,-0.24,0.642,-0.064,0.706,-1.26,-0.651,-0.609,0.378,-0.014,0.392,0.115,-0.093,0.22,0.483,-1.363,-1.363,0.18,-1.183,0.0,0.483,0.282,0.201,0.483,0.282,0.201,-1.281,-0.034,1.592,-0.055,1.647,0.416,0.219,0.197,0.297,0.174,0.123,0.934,-0.003,0.937,0.381,0.445,-0.07,0.234,0.362,0.362,2.207,2.569,-0.0,0.234,0.018,0.216,0.234,0.018,0.216,1.532,0.621,1.175,-0.233,1.408,1.058,0.155,0.903,-0.963,-0.477,-0.486,1.313,-0.016,1.329,0.496,0.352,0.15,0.716,-1.001,-1.001,1.386,-0.0,0.716,0.3,0.416,0.716,0.3,0.416,0.251,0.587,-1.183,2.569,1.386,23758,11893,11865
1630198,Isaiah Joe,2024,0.709,-0.043,0.752,-0.364,-0.264,-0.1,0.175,0.226,-0.051,0.941,-0.002,0.943,0.956,0.704,0.293,0.604,-0.243,-0.243,2.269,2.026,-0.0,0.604,0.591,0.013,0.604,0.591,0.013,-1.942,-1.684,-1.119,0.085,-1.204,-0.11,0.229,-0.339,-0.274,-0.097,-0.177,-0.82,-0.001,-0.819,-0.521,-0.739,0.213,1.031,-0.047,-0.047,-0.609,-0.656,0.0,1.031,0.117,0.914,1.031,0.117,0.914,0.585,0.613,-0.409,0.042,-0.451,-0.474,-0.035,-0.439,-0.098,0.13,-0.228,0.121,-0.003,0.124,0.435,-0.035,0.506,1.635,-0.29,-0.29,1.37,0.0,1.635,0.708,0.927,1.635,0.708,0.927,-1.357,-1.071,2.026,-0.656,1.37,12408,6282,6126
1630167,Obi Toppin,2024,1.064,0.146,0.918,1.313,0.224,1.089,0.598,0.221,0.377,-0.993,0.004,-0.997,-0.291,-0.271,-0.033,0.442,0.58,0.58,1.215,1.795,0.0,0.442,-0.025,0.467,0.442,-0.025,0.467,3.159,1.358,-0.805,0.003,-0.808,-0.652,-0.107,-0.545,-0.386,0.109,-0.495,0.23,0.019,0.211,-0.334,-0.374,0.027,-0.035,0.737,0.737,-1.174,-0.437,-0.0,-0.035,0.226,-0.261,-0.035,0.226,-0.261,1.675,-0.176,0.26,0.149,0.111,0.661,0.117,0.544,0.213,0.331,-0.118,-0.763,0.023,-0.786,-0.625,-0.645,-0.006,0.407,1.317,1.317,1.358,0.0,0.407,0.201,0.206,0.407,0.201,0.206,4.834,1.182,1.795,-0.437,1.358,13601,6785,6816
201567,Kevin Love,2024,-0.122,0.295,-0.417,0.327,-0.048,0.375,-0.12,0.236,-0.356,-0.624,0.005,-0.629,0.592,0.549,0.044,0.034,0.069,0.069,0.504,0.573,0.0,0.034,-0.366,0.4,0.034,-0.366,0.4,0.725,0.041,-1.086,-0.136,-0.95,-0.756,0.115,-0.871,0.034,0.011,0.023,-0.228,-0.0,-0.228,0.221,0.209,0.001,0.055,1.592,1.592,-0.81,0.782,0.0,0.055,-0.338,0.393,0.055,-0.338,0.393,-0.502,-0.014,-1.209,0.159,-1.368,-0.429,0.066,-0.495,-0.086,0.247,-0.333,-0.853,0.004,-0.857,0.813,0.758,0.045,0.089,1.66,1.66,1.355,0.001,0.089,-0.704,0.793,0.089,-0.704,0.793,0.223,0.027,0.573,0.782,1.356,10151,5081,5070
1627739,Kris Dunn,2024,1.665,-0.039,1.704,0.117,-0.006,0.123,0.272,-0.02,0.292,1.315,0.008,1.307,-0.33,-0.463,0.131,-0.006,0.907,0.907,1.329,2.236,0.0,-0.006,0.245,-0.251,-0.006,0.245,-0.251,2.949,0.41,-0.655,0.056,-0.711,0.09,0.048,0.042,-0.463,-0.174,-0.289,-0.338,-0.002,-0.336,-0.347,-0.278,-0.082,0.194,-0.101,-0.101,-0.808,-0.909,0.0,0.194,0.266,-0.072,0.194,0.266,-0.072,-1.44,0.136,1.01,0.017,0.993,0.207,0.043,0.164,-0.191,-0.194,0.003,0.977,0.006,0.971,-0.676,-0.741,0.048,0.187,0.806,0.806,1.327,-0.001,0.187,0.511,-0.324,0.187,0.511,-0.324,1.509,0.546,2.236,-0.909,1.326,7582,3796,3786
1631106,Tari Eason,2024,-1.806,0.096,-1.902,-1.539,0.238,-1.777,0.394,0.29,0.104,-0.757,-0.008,-0.749,0.4,0.778,-0.353,-0.867,2.09,2.09,-2.273,-0.183,0.0,-0.867,-0.52,-0.347,-0.867,-0.52,-0.347,-3.337,-0.623,1.038,-0.183,1.221,0.209,0.018,0.191,0.074,-0.089,0.163,0.938,0.004,0.934,-0.318,-0.297,-0.035,0.171,0.578,0.578,0.891,1.469,0.0,0.171,0.176,-0.005,0.171,0.176,-0.005,1.892,0.229,-0.769,-0.087,-0.682,-1.331,0.256,-1.587,0.467,0.201,0.266,0.182,-0.004,0.186,0.082,0.481,-0.389,-0.696,2.668,2.668,1.286,-0.001,-0.696,-0.344,-0.352,-0.696,-0.344,-0.352,-1.445,-0.394,-0.183,1.469,1.285,9164,4560,4604
203995,Vasilije Micic,2024,2.238,-0.075,2.313,1.491,0.196,1.295,0.87,0.358,0.512,-0.048,0.017,-0.065,-0.099,-0.185,0.089,-0.584,-0.403,-0.403,1.555,1.152,0.0,-0.584,-0.806,0.222,-0.584,-0.806,0.222,2.841,1.152,0.574,0.168,0.406,-0.578,0.073,-0.651,0.61,-0.011,0.621,0.374,-0.008,0.382,0.058,0.104,-0.047,0.204,-0.73,-0.73,0.836,0.106,0.0,0.204,-0.029,0.233,0.204,-0.029,0.233,-1.324,-0.188,2.814,0.093,2.721,0.914,0.269,0.645,1.48,0.347,1.133,0.327,0.009,0.318,-0.041,-0.08,0.042,-0.38,-1.133,-1.133,1.258,0.0,-0.38,-0.835,0.455,-0.38,-0.835,0.455,1.518,0.964,1.152,0.106,1.258,4654,2328,2326
201942,DeMar DeRozan,2024,-0.171,-0.094,-0.077,0.635,-0.361,0.996,-0.39,-0.789,0.399,-0.322,-0.012,-0.31,0.795,0.429,0.363,1.66,-0.614,-0.614,2.284,1.67,0.0,1.66,0.974,0.686,1.66,0.974,0.686,-2.551,-0.849,-1.071,-0.122,-0.949,-0.359,-0.006,-0.353,-0.297,-0.237,-0.06,-0.293,-0.006,-0.287,-0.182,-0.203,0.033,0.35,0.485,0.485,-0.903,-0.418,-0.0,0.35,0.239,0.111,0.35,0.239,0.111,-0.238,-0.03,-1.242,-0.216,-1.026,0.276,-0.367,0.643,-0.687,-1.026,0.339,-0.615,-0.018,-0.597,0.613,0.226,0.396,2.01,-0.13,-0.13,1.252,0.0,2.01,1.213,0.797,2.01,1.213,0.797,-2.79,-0.879,1.67,-0.418,1.252,22619,11310,11309
1630568,Luka Garza,2024,0.22,-0.099,0.319,-0.173,-0.125,-0.048,0.408,-0.146,0.554,0.084,0.008,0.076,-0.142,-0.421,0.264,0.393,1.405,1.405,0.471,1.876,-0.0,0.393,0.525,-0.132,0.393,0.525,-0.132,0.402,-0.326,-0.835,-0.114,-0.721,-0.046,0.034,-0.08,0.088,0.0,0.088,-0.763,-0.001,-0.762,-0.287,-0.359,0.081,0.311,0.149,0.149,-0.811,-0.662,-0.0,0.311,0.197,0.114,0.311,0.197,0.114,-0.162,0.002,-0.615,-0.213,-0.402,-0.219,-0.091,-0.128,0.496,-0.146,0.642,-0.679,0.007,-0.686,-0.429,-0.78,0.345,0.704,1.554,1.554,1.214,0.001,0.704,0.722,-0.018,0.704,0.722,-0.018,0.24,-0.324,1.876,-0.662,1.215,1650,827,823
204060,Joe Ingles,2024,3.323,0.007,3.316,1.439,0.062,1.377,0.465,0.166,0.299,1.412,-0.016,1.428,-0.186,0.121,-0.306,-0.397,-0.548,-0.548,2.74,2.192,0.0,-0.397,-0.229,-0.168,-0.397,-0.229,-0.168,3.71,0.909,-0.434,0.017,-0.451,-0.466,-0.078,-0.388,-0.137,0.063,-0.2,0.152,0.004,0.148,-0.603,-0.475,-0.119,-0.161,0.192,0.192,-1.198,-1.006,0.0,-0.161,-0.159,-0.002,-0.161,-0.159,-0.002,2.764,0.11,2.889,0.024,2.865,0.974,-0.016,0.99,0.327,0.229,0.098,1.564,-0.012,1.576,-0.789,-0.354,-0.425,-0.558,-0.356,-0.356,1.186,-0.0,-0.558,-0.389,-0.169,-0.558,-0.389,-0.169,6.474,1.019,2.192,-1.006,1.186,9616,4820,4796
1628997,Caleb Martin,2024,0.063,0.094,-0.031,-0.457,0.072,-0.529,-0.061,0.034,-0.095,0.487,-0.005,0.492,0.327,0.093,0.223,0.288,-0.038,-0.038,0.678,0.64,0.0,0.288,0.303,-0.015,0.288,0.303,-0.015,0.475,0.178,-0.018,-0.171,0.153,0.229,0.127,0.102,-0.586,0.024,-0.61,0.51,-0.002,0.512,-0.043,0.179,-0.205,0.405,0.197,0.197,0.344,0.541,0.0,0.405,0.183,0.222,0.405,0.183,0.222,-0.779,0.262,0.046,-0.077,0.123,-0.228,0.199,-0.427,-0.646,0.058,-0.704,0.997,-0.007,1.004,0.284,0.272,0.018,0.693,0.159,0.159,1.181,0.0,0.693,0.486,0.207,0.693,0.486,0.207,-0.304,0.44,0.64,0.541,1.181,18348,9151,9197
203488,Mike Muscala,2024,1.396,0.156,1.24,1.159,-0.047,1.206,-1.14,0.26,-1.4,1.221,0.01,1.211,-0.111,-0.041,-0.099,0.036,-0.488,-0.488,1.321,0.833,0.0,0.036,-0.039,0.075,0.036,-0.039,0.075,2.294,-0.055,0.628,0.025,0.603,0.4,-0.047,0.447,0.159,-0.111,0.27,0.044,-0.002,0.046,0.021,0.007,0.032,-0.291,-0.032,-0.032,0.358,0.326,-0.0,-0.291,-0.398,0.107,-0.291,-0.398,0.107,-0.81,-0.292,2.024,0.181,1.843,1.559,-0.094,1.653,-0.981,0.149,-1.13,1.265,0.008,1.257,-0.09,-0.033,-0.067,-0.254,-0.52,-0.52,1.159,0.0,-0.254,-0.437,0.183,-0.254,-0.437,0.183,1.484,-0.348,0.833,0.326,1.159,6488,3253,3235
1628988,Aaron Holiday,2024,-0.554,-0.052,-0.502,-0.836,-0.064,-0.772,-0.201,-0.186,-0.015,0.535,-0.003,0.538,0.1,0.06,0.008,0.564,0.17,0.17,0.11,0.28,0.0,0.564,0.405,0.159,0.564,0.405,0.159,-1.967,-1.052,0.843,-0.033,0.876,-0.054,-0.007,-0.047,0.471,0.024,0.447,0.459,0.005,0.454,-0.391,-0.444,0.07,0.814,-0.405,-0.405,1.266,0.861,0.0,0.814,0.288,0.526,0.814,0.288,0.526,1.559,-0.058,0.288,-0.085,0.373,-0.89,-0.071,-0.819,0.269,-0.163,0.432,0.994,0.002,0.992,-0.291,-0.384,0.078,1.377,-0.234,-0.234,1.141,0.0,1.377,0.693,0.684,1.377,0.693,0.684,-0.409,-1.11,0.28,0.861,1.141,8651,4305,4346
1628372,Dennis Smith Jr.,2024,-1.801,-0.038,-1.763,-0.393,0.406,-0.799,-0.276,0.315,-0.591,-1.094,0.004,-1.098,-0.269,0.141,-0.402,0.178,-0.153,-0.153,-1.892,-2.045,0.0,0.178,0.162,0.016,0.178,0.162,0.016,0.077,1.054,2.147,-0.031,2.178,0.765,0.073,0.692,0.261,-0.078,0.339,1.152,-0.002,1.154,-0.233,-0.27,0.014,0.838,0.405,0.405,2.752,3.157,0.0,0.838,0.244,0.594,0.838,0.244,0.594,2.443,0.729,0.345,-0.069,0.414,0.371,0.479,-0.108,-0.015,0.237,-0.252,0.058,0.002,0.056,-0.503,-0.129,-0.387,1.016,0.251,0.251,1.112,0.0,1.016,0.406,0.61,1.016,0.406,0.61,2.52,1.783,-2.045,3.157,1.112,9886,4918,4968
1628415,Dillon Brooks,2024,-0.962,-0.038,-0.924,-0.472,0.033,-0.505,0.12,-0.12,0.24,-0.572,-0.009,-0.563,-0.354,-0.317,-0.078,0.189,0.449,0.449,-1.127,-0.678,-0.0,0.189,0.111,0.078,0.189,0.111,0.078,0.047,-0.145,1.932,-0.065,1.997,0.994,0.163,0.831,0.246,0.046,0.2,0.757,-0.003,0.76,-0.162,-0.099,-0.073,0.152,-0.141,-0.141,1.922,1.781,0.0,0.152,0.138,0.014,0.152,0.138,0.014,1.198,0.653,0.972,-0.103,1.075,0.522,0.196,0.326,0.367,-0.074,0.441,0.186,-0.011,0.197,-0.516,-0.415,-0.151,0.341,0.308,0.308,1.103,0.001,0.341,0.249,0.092,0.341,0.249,0.092,1.245,0.507,-0.678,1.781,1.104,18927,9442,9485
1627750,Jamal Murray,2024,2.323,0.136,2.187,0.722,-0.186,0.908,0.564,-0.323,0.887,0.901,-0.003,0.904,-0.417,-0.716,0.312,0.383,-0.187,-0.187,2.289,2.102,0.0,0.383,-0.027,0.41,0.383,-0.027,0.41,-0.393,-0.075,-0.257,-0.187,-0.07,-0.118,-0.089,-0.029,0.094,0.006,0.088,-0.046,-0.001,-0.045,0.194,0.455,-0.228,-0.196,-0.752,-0.752,-0.259,-1.011,0.0,-0.196,0.22,-0.416,-0.196,0.22,-0.416,-0.565,-0.364,2.068,-0.051,2.119,0.604,-0.275,0.879,0.659,-0.317,0.976,0.856,-0.003,0.859,-0.223,-0.261,0.084,0.186,-0.939,-0.939,1.091,0.0,0.186,0.193,-0.007,0.186,0.193,-0.007,-0.958,-0.438,2.102,-1.011,1.091,20757,10393,10364
1628373,Frank Ntilikina,2024,1.056,-0.063,1.119,-0.151,-0.163,0.012,0.012,0.195,-0.183,1.258,0.006,1.252,-0.202,0.07,-0.252,0.757,-0.452,-0.452,1.611,1.159,-0.0,0.757,0.382,0.375,0.757,0.382,0.375,2.25,-0.464,0.387,-0.117,0.504,0.218,0.09,0.128,0.152,0.024,0.128,0.134,-0.002,0.136,-0.259,-0.347,0.084,-0.235,0.03,0.03,-0.107,-0.077,-0.0,-0.235,-0.063,-0.172,-0.235,-0.063,-0.172,1.117,0.18,1.445,-0.18,1.625,0.067,-0.073,0.14,0.165,0.219,-0.054,1.393,0.005,1.388,-0.46,-0.277,-0.168,0.522,-0.422,-0.422,1.082,-0.0,0.522,0.319,0.203,0.522,0.319,0.203,3.367,-0.284,1.159,-0.077,1.082,2539,1261,1278
1627734,Domantas Sabonis,2024,2.05,-0.182,2.232,0.731,0.135,0.596,1.05,0.134,0.916,0.451,0.0,0.451,-0.462,-0.442,0.001,-0.43,-0.164,-0.164,1.158,0.994,0.0,-0.43,-0.24,-0.19,-0.43,-0.24,-0.19,4.778,0.442,-1.542,0.145,-1.687,-0.757,0.084,-0.841,-0.248,0.08,-0.328,-0.682,0.002,-0.684,0.119,0.118,-0.01,0.324,1.178,1.178,-1.099,0.079,0.0,0.324,0.086,0.238,0.324,0.086,0.238,-1.503,-0.002,0.508,-0.037,0.545,-0.026,0.219,-0.245,0.802,0.214,0.588,-0.231,0.002,-0.233,-0.344,-0.324,-0.009,-0.107,1.014,1.014,1.073,0.0,-0.107,-0.154,0.047,-0.107,-0.154,0.047,3.275,0.44,0.994,0.079,1.073,24063,12055,12008
1627763,Malcolm Brogdon,2024,-0.141,0.21,-0.351,-1.327,0.116,-1.443,-0.431,0.209,-0.64,1.407,-0.012,1.419,0.27,0.385,-0.121,0.128,0.292,0.292,0.257,0.549,0.0,0.128,0.172,-0.044,0.128,0.172,-0.044,-1.784,-0.644,0.787,-0.084,0.871,-0.199,-0.092,-0.107,0.2,0.086,0.114,0.87,0.006,0.864,0.008,-0.056,0.042,-0.054,-0.232,-0.232,0.741,0.509,0.0,-0.054,0.123,-0.177,-0.054,0.123,-0.177,1.215,-0.073,0.642,0.126,0.516,-1.527,0.023,-1.55,-0.232,0.295,-0.527,2.275,-0.007,2.282,0.277,0.329,-0.078,0.074,0.06,0.06,1.058,0.001,0.074,0.296,-0.222,0.074,0.296,-0.222,-0.569,-0.717,0.549,0.509,1.059,13367,6691,6676
1628379,Luke Kennard,2024,2.741,0.05,2.691,-0.416,-0.139,-0.277,0.734,0.143,0.591,2.373,0.006,2.367,-0.239,-0.356,0.124,0.261,-1.494,-1.494,2.763,1.269,-0.0,0.261,0.174,0.087,0.261,0.174,0.087,2.669,-0.543,0.408,0.143,0.265,-0.186,-0.006,-0.18,0.167,-0.028,0.195,0.284,0.003,0.281,0.013,-0.084,0.072,-0.203,-0.489,-0.489,0.218,-0.271,0.0,-0.203,-0.197,-0.006,-0.203,-0.197,-0.006,0.768,0.003,3.147,0.193,2.954,-0.602,-0.145,-0.457,0.9,0.115,0.785,2.656,0.008,2.648,-0.226,-0.44,0.196,0.059,-1.983,-1.983,0.998,0.001,0.059,-0.022,0.081,0.059,-0.022,0.081,3.437,-0.54,1.269,-0.271,0.999,9772,4903,4869
1629052,Oshae Brissett,2024,-0.473,0.343,-0.816,-0.816,0.131,-0.947,0.158,0.362,-0.204,-0.158,0.016,-0.174,0.111,0.347,-0.242,-0.451,1.239,1.239,-0.813,0.426,-0.0,-0.451,0.075,-0.526,-0.451,0.075,-0.526,-0.613,-0.346,-0.047,-0.085,0.038,-0.2,-0.029,-0.171,-0.403,-0.138,-0.265,0.641,-0.004,0.645,0.263,0.124,0.136,0.299,0.055,0.055,0.515,0.57,-0.0,0.299,-0.013,0.312,0.299,-0.013,0.312,-0.711,-0.332,-0.52,0.258,-0.778,-1.016,0.102,-1.118,-0.245,0.224,-0.469,0.483,0.012,0.471,0.374,0.47,-0.106,-0.152,1.294,1.294,0.996,-0.0,-0.152,0.062,-0.214,-0.152,0.062,-0.214,-1.325,-0.678,0.426,0.57,0.996,7176,3584,3592
203933,T.J. Warren,2024,-1.18,0.051,-1.231,-0.198,-0.269,0.071,0.309,-0.567,0.876,-1.342,0.006,-1.348,0.233,-0.067,0.26,0.461,0.304,0.304,-0.486,-0.182,-0.0,0.461,0.351,0.11,0.461,0.351,0.11,-0.433,-0.827,1.312,0.004,1.308,0.159,-0.106,0.265,-0.072,-0.045,-0.027,1.221,0.003,1.218,-0.412,-0.377,-0.018,0.07,0.13,0.13,0.97,1.1,0.0,0.07,-0.098,0.168,0.07,-0.098,0.168,2.117,0.127,0.131,0.055,0.076,-0.039,-0.375,0.336,0.237,-0.612,0.849,-0.122,0.008,-0.13,-0.18,-0.444,0.242,0.531,0.434,0.434,0.918,-0.0,0.531,0.253,0.278,0.531,0.253,0.278,1.684,-0.7,-0.182,1.1,0.918,3711,1859,1852
1631170,Jaime Jaquez Jr.,2024,-0.486,0.017,-0.503,-0.511,0.164,-0.675,0.326,0.083,0.243,-0.318,0.002,-0.32,0.176,0.2,-0.047,0.673,0.035,0.035,0.363,0.398,0.0,0.673,-0.009,0.682,0.673,-0.009,0.682,1.262,0.29,1.312,0.176,1.136,0.195,0.088,0.107,0.073,-0.005,0.078,0.868,-0.013,0.881,0.07,0.003,0.033,-0.625,-0.257,-0.257,0.757,0.5,-0.0,-0.625,-0.027,-0.598,-0.625,-0.027,-0.598,-0.08,0.17,0.826,0.193,0.633,-0.316,0.252,-0.568,0.399,0.078,0.321,0.55,-0.011,0.561,0.246,0.203,-0.014,0.048,-0.222,-0.222,0.898,-0.0,0.048,-0.037,0.085,0.048,-0.037,0.085,1.181,0.46,0.398,0.5,0.898,8817,4403,4414
1629639,Tyler Herro,2024,1.111,-0.049,1.16,-0.206,-0.249,0.043,0.46,-0.262,0.722,0.906,-0.001,0.907,-0.283,-0.621,0.343,-0.03,-0.058,-0.058,0.798,0.74,0.0,-0.03,-0.128,0.098,-0.03,-0.128,0.098,1.418,-0.463,-0.113,0.143,-0.256,-0.135,-0.024,-0.111,-0.158,0.044,-0.202,0.037,0.002,0.035,0.285,0.39,-0.068,0.364,-0.378,-0.378,0.536,0.158,-0.0,0.364,0.416,-0.052,0.364,0.416,-0.052,-0.587,-0.115,0.999,0.094,0.905,-0.341,-0.273,-0.068,0.302,-0.218,0.52,0.944,0.001,0.943,0.002,-0.231,0.275,0.334,-0.436,-0.436,0.898,-0.001,0.334,0.288,0.046,0.334,0.288,0.046,0.831,-0.578,0.74,0.158,0.897,15595,7820,7775
1631132,Christian Koloko,2024,-2.54,-0.066,-2.474,-0.815,-0.04,-0.775,-0.881,-0.269,-0.612,-0.778,0.003,-0.781,0.04,0.091,-0.063,0.388,1.225,1.225,-2.112,-0.887,0.0,0.388,0.345,0.043,0.388,0.345,0.043,-2.745,-0.371,0.425,-0.135,0.56,0.445,0.13,0.315,0.148,-0.058,0.206,-0.033,-0.003,-0.03,-0.249,-0.289,0.047,0.716,0.835,0.835,0.892,1.727,0.0,0.716,0.352,0.364,0.716,0.352,0.364,0.551,0.487,-2.116,-0.201,-1.915,-0.37,0.09,-0.46,-0.734,-0.327,-0.407,-0.811,-0.0,-0.811,-0.208,-0.198,-0.016,1.104,2.06,2.06,0.84,0.0,1.104,0.697,0.407,1.104,0.697,0.407,-2.195,0.115,-0.887,1.727,0.84,3243,1628,1615
1630202,Payton Pritchard,2024,0.729,-0.096,0.825,-0.209,-0.271,0.062,0.337,0.005,0.332,0.697,0.016,0.681,-0.73,-0.629,-0.133,0.763,1.106,1.106,0.762,1.868,0.0,0.763,0.785,-0.022,0.763,0.785,-0.022,1.887,-0.621,-1.536,-0.076,-1.46,-0.1,-0.036,-0.064,-0.23,0.187,-0.417,-1.13,0.001,-1.131,0.282,0.279,0.034,-0.076,0.295,0.295,-1.33,-1.035,0.0,-0.076,0.172,-0.248,-0.076,0.172,-0.248,-0.341,-0.149,-0.807,-0.172,-0.635,-0.309,-0.307,-0.002,0.106,0.192,-0.086,-0.432,0.018,-0.45,-0.448,-0.35,-0.1,0.687,1.401,1.401,0.833,0.001,0.687,0.957,-0.27,0.687,0.957,-0.27,1.546,-0.77,1.868,-1.035,0.834,11189,5604,5585
1631099,Keegan Murray,2024,0.806,-0.048,0.854,-0.2,-0.055,-0.145,-0.602,0.051,-0.653,1.656,-0.001,1.657,-0.767,-0.596,-0.198,-0.061,0.668,0.668,-0.022,0.646,-0.0,-0.061,0.15,-0.211,-0.061,0.15,-0.211,3.714,0.277,-0.588,0.009,-0.597,-0.002,-0.09,0.088,0.052,-0.001,0.053,-0.647,0.002,-0.649,-0.068,-0.042,-0.023,0.236,0.596,0.596,-0.42,0.176,-0.0,0.236,0.256,-0.02,0.236,0.256,-0.02,-0.585,-0.209,0.219,-0.039,0.258,-0.201,-0.145,-0.056,-0.55,0.05,-0.6,1.009,0.001,1.008,-0.835,-0.638,-0.221,0.174,1.264,1.264,0.822,-0.0,0.174,0.406,-0.232,0.174,0.406,-0.232,3.129,0.069,0.646,0.176,0.822,21017,10523,10494
1629723,John Konchar,2024,-0.451,-0.07,-0.381,0.017,-0.016,0.033,-0.639,-0.022,-0.617,0.241,0.003,0.238,-0.277,-0.015,-0.253,-0.415,0.672,0.672,-1.143,-0.471,0.0,-0.415,-0.184,-0.231,-0.415,-0.184,-0.231,-0.31,-0.2,0.139,0.019,0.12,0.36,-0.229,0.589,-0.233,-0.176,-0.057,-0.007,0.002,-0.009,0.213,0.152,0.091,0.579,0.358,0.358,0.931,1.289,0.0,0.579,0.076,0.503,0.579,0.076,0.503,-0.242,-0.251,-0.314,-0.051,-0.263,0.377,-0.245,0.622,-0.873,-0.199,-0.674,0.233,0.004,0.229,-0.065,0.137,-0.162,0.163,1.03,1.03,0.818,0.0,0.163,-0.108,0.271,0.163,-0.108,0.271,-0.552,-0.452,-0.471,1.289,0.818,11084,5535,5549
1630194,Paul Reed,2024,-1.759,0.185,-1.944,-1.152,0.156,-1.308,-0.634,-0.306,-0.328,-0.158,-0.008,-0.15,-0.719,-0.734,0.011,0.313,2.67,2.67,-2.165,0.505,-0.0,0.313,0.093,0.22,0.313,0.093,0.22,-2.183,0.144,-0.661,-0.071,-0.59,-0.587,-0.091,-0.496,-0.125,-0.148,0.023,0.122,0.0,0.122,-0.122,-0.128,-0.003,0.832,0.256,0.256,0.049,0.305,0.0,0.832,0.416,0.416,0.832,0.416,0.416,-0.851,-0.384,-2.417,0.114,-2.531,-1.738,0.065,-1.803,-0.758,-0.454,-0.304,-0.035,-0.007,-0.028,-0.841,-0.862,0.008,1.144,2.926,2.926,0.81,-0.0,1.144,0.51,0.634,1.144,0.51,0.634,-3.033,-0.24,0.505,0.305,0.81,10030,4998,5032
1630559,Austin Reaves,2024,0.559,-0.009,0.568,1.351,-0.002,1.353,0.006,0.031,-0.025,-0.789,-0.005,-0.784,1.027,0.978,0.053,0.179,-0.443,-0.443,1.765,1.322,0.0,0.179,0.335,-0.156,0.179,0.335,-0.156,-1.515,0.528,-0.34,0.098,-0.438,-0.166,0.076,-0.242,-0.248,0.057,-0.305,-0.024,-0.003,-0.021,0.295,0.355,-0.085,-0.356,-0.135,-0.135,-0.401,-0.536,0.0,-0.356,-0.395,0.039,-0.356,-0.395,0.039,-0.935,0.136,0.221,0.089,0.132,1.185,0.074,1.111,-0.241,0.089,-0.33,-0.812,-0.008,-0.804,1.321,1.333,-0.032,-0.177,-0.578,-0.578,0.786,0.0,-0.177,-0.059,-0.118,-0.177,-0.059,-0.118,-2.45,0.663,1.322,-0.536,0.786,21603,10816,10787
1628449,Chris Boucher,2024,-2.025,0.003,-2.028,0.281,-0.243,0.524,-0.058,-0.27,0.212,-2.251,0.002,-2.253,0.077,0.144,-0.024,0.623,1.657,1.657,-1.325,0.332,-0.0,0.623,0.654,-0.031,0.623,0.654,-0.031,-2.855,-0.781,-0.282,-0.023,-0.259,-0.173,0.038,-0.211,0.13,-0.072,0.202,-0.216,-0.002,-0.214,-0.129,-0.195,0.063,0.904,-0.047,-0.047,0.493,0.446,-0.0,0.904,0.296,0.608,0.904,0.296,0.608,-0.937,-0.115,-2.307,-0.02,-2.287,0.109,-0.205,0.314,0.072,-0.342,0.414,-2.468,0.0,-2.468,-0.053,-0.052,0.039,1.527,1.61,1.61,0.778,-0.001,1.527,0.95,0.577,1.527,0.95,0.577,-3.792,-0.896,0.332,0.446,0.777,8851,4407,4444
1630264,Anthony Gill,2024,0.527,-0.204,0.731,0.134,0.057,0.077,0.413,0.077,0.336,0.184,0.009,0.175,0.103,0.242,-0.167,0.174,0.226,0.226,0.804,1.03,0.0,0.174,0.014,0.16,0.174,0.014,0.16,-1.096,0.172,-0.291,0.061,-0.352,0.478,-0.004,0.482,-0.56,-0.143,-0.417,-0.27,-0.003,-0.267,-0.298,-0.302,-0.02,0.075,0.253,0.253,-0.514,-0.261,0.0,0.075,-0.161,0.236,0.075,-0.161,0.236,0.263,0.367,0.235,-0.143,0.378,0.611,0.053,0.558,-0.147,-0.066,-0.081,-0.086,0.006,-0.092,-0.196,-0.06,-0.186,0.249,0.479,0.479,0.769,0.0,0.249,-0.147,0.396,0.249,-0.147,0.396,-0.833,0.539,1.03,-0.261,0.769,4457,2228,2229
1641717,Cason Wallace,2024,0.796,0.138,0.658,0.608,0.022,0.586,-0.107,-0.063,-0.044,0.157,0.008,0.149,-0.057,-0.182,0.149,-0.457,-0.685,-0.685,0.282,-0.403,0.0,-0.457,-0.15,-0.307,-0.457,-0.15,-0.307,-0.12,-0.222,0.379,-0.011,0.39,-0.234,-0.112,-0.122,0.045,-0.076,0.121,0.579,-0.001,0.58,0.153,-0.022,0.178,0.996,-0.369,-0.369,1.528,1.159,0.0,0.996,0.444,0.552,0.996,0.444,0.552,-0.015,-0.374,1.174,0.127,1.047,0.374,-0.09,0.464,-0.063,-0.139,0.076,0.736,0.006,0.73,0.097,-0.204,0.327,0.539,-1.055,-1.055,0.756,0.0,0.539,0.294,0.245,0.539,0.294,0.245,-0.135,-0.596,-0.403,1.159,0.756,7687,3824,3863
1628464,Daniel Theis,2024,1.105,0.019,1.086,0.244,-0.013,0.257,-0.011,-0.163,0.152,0.853,0.009,0.844,-0.15,-0.323,0.147,0.944,-1.193,-1.193,1.899,0.706,0.0,0.944,0.676,0.268,0.944,0.676,0.268,1.018,-0.233,0.651,-0.04,0.691,-0.323,-0.06,-0.263,0.15,-0.141,0.291,0.864,-0.005,0.869,-0.193,-0.063,-0.136,0.16,-0.593,-0.593,0.618,0.025,-0.0,0.16,0.027,0.133,0.16,0.027,0.133,0.019,-0.343,1.756,-0.021,1.777,-0.079,-0.073,-0.006,0.139,-0.304,0.443,1.717,0.004,1.713,-0.343,-0.386,0.011,1.104,-1.786,-1.786,0.731,0.0,1.104,0.703,0.401,1.104,0.703,0.401,1.037,-0.576,0.706,0.025,0.731,4531,2268,2263
202684,Tristan Thompson,2024,-0.446,0.179,-0.625,-0.46,-0.197,-0.263,0.08,-0.136,0.216,-0.245,0.013,-0.258,-0.03,0.539,-0.56,-0.329,2.116,2.116,-0.805,1.311,-0.0,-0.329,0.332,-0.661,-0.329,0.332,-0.661,0.471,-0.883,-0.125,-0.035,-0.09,0.117,0.032,0.085,0.32,-0.091,0.411,-0.527,-0.009,-0.518,-0.136,-0.197,0.069,-0.339,0.007,0.007,-0.6,-0.593,0.0,-0.339,-0.078,-0.261,-0.339,-0.078,-0.261,0.588,0.371,-0.571,0.144,-0.715,-0.343,-0.165,-0.178,0.4,-0.227,0.627,-0.772,0.004,-0.776,-0.166,0.341,-0.491,-0.668,2.124,2.124,0.718,-0.0,-0.668,0.254,-0.922,-0.668,0.254,-0.922,1.059,-0.513,1.311,-0.593,0.718,2586,1285,1301
1631107,Nikola Jovic,2024,1.345,0.262,1.083,0.733,-0.081,0.814,-0.512,0.287,-0.799,0.862,0.017,0.845,-0.086,0.04,-0.105,0.193,-1.873,-1.873,1.452,-0.421,0.0,0.193,-0.21,0.403,0.193,-0.21,0.403,2.268,0.452,0.898,0.089,0.809,-0.721,-0.007,-0.714,-0.47,-0.063,-0.407,2.0,-0.007,2.007,0.374,0.354,0.027,0.238,-0.376,-0.376,1.51,1.134,0.0,0.238,0.276,-0.038,0.238,0.276,-0.038,-0.22,-0.268,2.245,0.351,1.894,0.013,-0.087,0.1,-0.981,0.225,-1.206,2.862,0.01,2.852,0.287,0.394,-0.078,0.431,-2.249,-2.249,0.713,0.001,0.431,0.065,0.366,0.431,0.065,0.366,2.048,0.184,-0.421,1.134,0.714,4889,2446,2443
1629057,Robert Williams III,2024,-0.336,0.007,-0.343,0.299,-0.044,0.343,-0.214,-0.123,-0.091,-0.428,-0.001,-0.427,-0.048,-0.074,0.008,-0.473,1.075,1.075,-0.857,0.218,0.0,-0.473,-0.417,-0.056,-0.473,-0.417,-0.056,-0.251,0.685,0.164,-0.015,0.179,-0.311,0.175,-0.486,1.153,0.059,1.094,-0.663,-0.001,-0.662,0.057,0.132,-0.048,-0.527,0.799,0.799,-0.306,0.493,0.0,-0.527,0.011,-0.538,-0.527,0.011,-0.538,-1.46,-0.017,-0.172,-0.008,-0.164,-0.012,0.131,-0.143,0.939,-0.064,1.003,-1.091,-0.001,-1.09,0.009,0.058,-0.039,-1.0,1.873,1.873,0.711,0.001,-1.0,-0.406,-0.594,-1.0,-0.406,-0.594,-1.71,0.668,0.218,0.493,0.712,5435,2716,2719
1629661,Cameron Johnson,2024,-1.296,0.095,-1.391,-1.026,-0.111,-0.915,0.223,0.074,0.149,-0.588,0.01,-0.598,0.224,0.125,0.111,0.518,0.742,0.742,-0.554,0.188,0.0,0.518,-0.19,0.708,0.518,-0.19,0.708,1.858,-0.477,0.558,-0.098,0.656,0.502,0.011,0.491,0.372,0.08,0.292,-0.218,-0.0,-0.218,0.157,0.158,-0.009,0.051,-0.246,-0.246,0.766,0.52,-0.0,0.051,0.348,-0.297,0.051,0.348,-0.297,0.322,0.306,-0.737,-0.003,-0.734,-0.523,-0.1,-0.423,0.594,0.154,0.44,-0.805,0.01,-0.815,0.381,0.283,0.102,0.569,0.496,0.496,0.708,-0.0,0.569,0.158,0.411,0.569,0.158,0.411,2.18,-0.171,0.188,0.52,0.708,11741,5895,5846
1629048,Goga Bitadze,2024,-2.03,0.137,-2.167,-0.303,0.122,-0.425,-0.358,0.025,-0.383,-1.506,0.001,-1.507,-0.256,-0.039,-0.218,-0.261,2.074,2.074,-2.547,-0.473,-0.0,-0.261,-0.408,0.147,-0.261,-0.408,0.147,-1.119,0.078,1.32,-0.074,1.394,0.904,-0.05,0.954,0.541,-0.073,0.614,-0.051,0.002,-0.053,0.019,-0.116,0.127,0.114,-0.273,-0.273,1.453,1.18,-0.0,0.114,0.025,0.089,0.114,0.025,0.089,0.8,0.337,-0.711,0.063,-0.774,0.6,0.072,0.528,0.183,-0.048,0.231,-1.557,0.003,-1.56,-0.237,-0.154,-0.091,-0.147,1.801,1.801,0.707,0.001,-0.147,-0.383,0.236,-0.147,-0.383,0.236,-0.319,0.415,-0.473,1.18,0.708,5686,2847,2839
1629008,Michael Porter Jr.,2024,0.657,0.239,0.418,0.431,-0.023,0.454,0.118,-0.14,0.258,-0.131,-0.005,-0.126,-0.403,-0.558,0.138,0.97,0.162,0.162,1.224,1.386,0.0,0.97,0.077,0.893,0.97,0.077,0.893,3.041,0.459,1.107,-0.117,1.224,-0.258,-0.091,-0.167,0.546,0.084,0.462,0.936,0.002,0.934,-0.481,-0.294,-0.184,-1.37,0.015,0.015,-0.744,-0.729,0.0,-1.37,-0.54,-0.83,-1.37,-0.54,-0.83,-0.282,-0.495,1.764,0.122,1.642,0.173,-0.114,0.287,0.664,-0.056,0.72,0.805,-0.003,0.808,-0.883,-0.852,-0.047,-0.4,0.177,0.177,0.657,0.0,-0.4,-0.464,0.064,-0.4,-0.464,0.064,2.758,-0.036,1.386,-0.729,0.657,21819,10960,10859
202699,Tobias Harris,2024,-0.894,-0.071,-0.823,-0.463,0.068,-0.531,-0.11,-0.192,0.082,-0.25,-0.006,-0.244,-0.262,-0.419,0.148,0.28,0.175,0.175,-0.876,-0.701,0.0,0.28,0.244,0.036,0.28,0.244,0.036,-1.077,-0.235,0.729,-0.162,0.891,-0.142,-0.008,-0.134,0.339,0.031,0.308,0.694,0.003,0.691,0.137,0.198,-0.056,-0.294,0.775,0.775,0.572,1.347,0.0,-0.294,-0.298,0.004,-0.294,-0.298,0.004,0.995,0.065,-0.165,-0.233,0.068,-0.604,0.06,-0.664,0.228,-0.161,0.389,0.444,-0.003,0.447,-0.125,-0.222,0.092,-0.015,0.95,0.95,0.646,0.0,-0.015,-0.054,0.039,-0.015,-0.054,0.039,-0.082,-0.171,-0.701,1.347,0.646,21383,10708,10675
1629006,Josh Okogie,2024,-1.709,-0.084,-1.625,-1.521,-0.069,-1.452,0.979,0.006,0.973,-1.083,0.001,-1.084,0.589,1.001,-0.37,-0.165,0.663,0.663,-1.285,-0.622,0.0,-0.165,-0.151,-0.014,-0.165,-0.151,-0.014,-1.795,-0.891,0.48,-0.066,0.546,0.183,0.002,0.181,-0.003,-0.005,0.002,0.366,0.001,0.365,0.069,-0.199,0.264,0.786,-0.071,-0.071,1.335,1.264,0.0,0.786,0.168,0.618,0.786,0.168,0.618,0.443,0.04,-1.23,-0.15,-1.08,-1.338,-0.067,-1.271,0.976,0.001,0.975,-0.718,0.002,-0.72,0.658,0.802,-0.106,0.621,0.593,0.593,0.642,0.001,0.621,0.017,0.604,0.621,0.017,0.604,-1.351,-0.851,-0.622,1.264,0.643,10189,5080,5109
1627884,Derrick Jones Jr.,2024,-1.67,0.128,-1.798,0.304,0.155,0.149,0.405,0.056,0.349,-2.507,0.009,-2.516,0.41,0.287,0.116,-0.301,0.124,0.124,-1.561,-1.437,-0.0,-0.301,-0.487,0.186,-0.301,-0.487,0.186,-1.797,0.622,1.819,0.013,1.806,-0.763,-0.073,-0.69,1.104,-0.017,1.121,1.465,-0.001,1.466,0.184,0.281,-0.088,0.201,-0.127,-0.127,2.204,2.077,0.0,0.201,0.124,0.077,0.201,0.124,0.077,0.457,-0.7,0.15,0.141,0.009,-0.458,0.082,-0.54,1.509,0.039,1.47,-1.042,0.008,-1.05,0.594,0.568,0.027,-0.1,-0.003,-0.003,0.64,0.001,-0.1,-0.364,0.264,-0.1,-0.364,0.264,-1.34,-0.078,-1.437,2.077,0.641,13415,6694,6721
1628977,Hamidou Diallo,2024,-0.742,0.038,-0.78,0.596,0.181,0.415,-0.656,-0.191,-0.465,-0.72,0.007,-0.727,-0.217,0.318,-0.56,-0.143,0.186,0.186,-1.102,-0.916,-0.0,-0.143,-0.06,-0.083,-0.143,-0.06,-0.083,-3.52,0.496,0.341,-0.084,0.425,0.312,-0.07,0.382,0.163,-0.18,0.343,-0.05,-0.003,-0.047,0.032,-0.231,0.255,0.877,0.305,0.305,1.25,1.555,0.0,0.877,0.433,0.444,0.877,0.433,0.444,0.76,-0.202,-0.401,-0.046,-0.355,0.908,0.111,0.797,-0.491,-0.37,-0.121,-0.772,0.003,-0.775,-0.185,0.087,-0.305,0.733,0.491,0.491,0.639,-0.001,0.733,0.373,0.36,0.733,0.373,0.36,-2.76,0.294,-0.916,1.555,0.638,4130,2060,2070
1630183,Jaden McDaniels,2024,1.421,0.151,1.27,0.179,0.149,0.03,0.155,-0.033,0.188,0.936,-0.003,0.939,-0.444,-0.364,-0.101,-0.156,-0.502,-0.502,0.821,0.319,-0.0,-0.156,0.071,-0.227,-0.156,0.071,-0.227,0.455,0.33,-0.039,0.067,-0.106,0.52,0.013,0.507,0.095,0.042,0.053,-0.721,0.001,-0.722,-0.129,0.05,-0.179,0.212,0.265,0.265,0.044,0.309,0.0,0.212,0.376,-0.164,0.212,0.376,-0.164,0.595,0.213,1.38,0.218,1.162,0.699,0.162,0.537,0.25,0.009,0.241,0.213,-0.003,0.216,-0.572,-0.314,-0.28,0.057,-0.237,-0.237,0.628,-0.001,0.057,0.446,-0.389,0.057,0.446,-0.389,1.05,0.542,0.319,0.309,0.627,20420,10189,10231
2738,Andre Iguodala,2024,1.098,0.027,1.071,0.396,0.036,0.36,-0.297,0.126,-0.423,0.972,0.014,0.958,-0.106,-0.216,0.106,-0.27,-0.218,-0.218,0.722,0.504,-0.0,-0.27,-0.171,-0.099,-0.27,-0.171,-0.099,1.591,0.32,-0.192,0.054,-0.246,-0.082,0.033,-0.115,-0.232,0.028,-0.26,0.068,-0.005,0.073,-0.097,-0.095,0.004,0.148,0.245,0.245,-0.141,0.104,0.0,0.148,0.077,0.071,0.148,0.077,0.071,0.128,0.034,0.907,0.081,0.826,0.313,0.069,0.244,-0.528,0.154,-0.682,1.041,0.009,1.032,-0.203,-0.311,0.111,-0.122,0.027,0.027,0.608,0.001,-0.122,-0.093,-0.029,-0.122,-0.093,-0.029,1.719,0.354,0.504,0.104,0.609,488,241,247
201933,Blake Griffin,2024,-0.206,-0.089,-0.117,-0.69,-0.095,-0.595,0.318,0.236,0.082,0.255,0.001,0.254,-0.655,-0.48,-0.126,0.376,0.193,0.193,-0.485,-0.292,0.0,0.376,0.082,0.294,0.376,0.082,0.294,2.65,-0.24,-0.168,0.002,-0.17,0.027,0.08,-0.053,-0.263,0.097,-0.36,0.066,-0.004,0.07,-0.05,-0.079,0.016,0.352,0.761,0.761,0.134,0.895,0.0,0.352,-0.095,0.447,0.352,-0.095,0.447,1.182,0.178,-0.375,-0.087,-0.288,-0.663,-0.015,-0.648,0.054,0.332,-0.278,0.321,-0.003,0.324,-0.705,-0.559,-0.11,0.728,0.954,0.954,0.603,0.0,0.728,-0.013,0.741,0.728,-0.013,0.741,3.832,-0.062,-0.292,0.895,0.603,2327,1166,1161
1630171,Isaac Okoro,2024,0.097,-0.021,0.118,-0.151,0.176,-0.327,-0.719,0.189,-0.908,0.988,0.006,0.982,0.042,0.044,0.002,0.226,-0.352,-0.352,0.365,0.013,-0.0,0.226,0.457,-0.231,0.226,0.457,-0.231,1.257,0.52,-0.149,0.089,-0.238,-0.204,-0.001,-0.203,-0.124,0.173,-0.297,0.09,0.001,0.089,0.1,0.089,-0.034,0.005,0.632,0.632,-0.044,0.588,0.0,0.005,0.331,-0.326,0.005,0.331,-0.326,0.223,-0.232,-0.052,0.068,-0.12,-0.355,0.176,-0.531,-0.843,0.362,-1.205,1.078,0.007,1.071,0.142,0.134,-0.032,0.23,0.279,0.279,0.601,0.0,0.23,0.789,-0.559,0.23,0.789,-0.559,1.48,0.288,0.013,0.588,0.601,15220,7558,7662
1630166,Deni Avdija,2024,0.852,0.036,0.816,0.366,0.194,0.172,-0.034,0.31,-0.344,0.484,-0.003,0.487,0.148,0.31,-0.139,-0.248,-0.497,-0.497,0.752,0.255,0.0,-0.248,-0.265,0.017,-0.248,-0.265,0.017,1.033,0.705,0.7,0.132,0.568,0.007,-0.083,0.09,0.325,0.022,0.303,0.236,0.005,0.231,-0.033,0.115,-0.148,0.081,-0.407,-0.407,0.748,0.341,0.0,0.081,0.09,-0.009,0.081,0.09,-0.009,1.172,-0.315,1.551,0.168,1.383,0.373,0.111,0.262,0.291,0.332,-0.041,0.719,0.002,0.717,0.115,0.425,-0.287,-0.168,-0.904,-0.904,0.596,0.001,-0.168,-0.175,0.007,-0.168,-0.175,0.007,2.205,0.39,0.255,0.341,0.597,17731,8850,8881
1630567,Scottie Barnes,2024,0.446,-0.013,0.459,0.958,0.097,0.861,-0.763,-0.195,-0.568,0.264,-0.011,0.275,-0.435,-0.374,-0.075,0.497,0.063,0.063,0.508,0.571,0.0,0.497,0.06,0.437,0.497,0.06,0.437,1.906,0.908,-0.883,-0.205,-0.678,0.278,-0.038,0.316,-0.158,-0.03,-0.128,-0.798,-0.003,-0.795,0.385,0.317,0.064,0.634,-0.127,-0.127,0.136,0.009,-0.0,0.634,0.401,0.233,0.634,0.401,0.233,-1.14,0.005,-0.438,-0.218,-0.22,1.236,0.059,1.177,-0.922,-0.225,-0.697,-0.534,-0.014,-0.52,-0.05,-0.057,-0.012,1.131,-0.064,-0.064,0.58,0.001,1.131,0.461,0.67,1.131,0.461,0.67,0.766,0.913,0.571,0.009,0.581,19217,9608,9609
1629027,Trae Young,2024,1.946,0.017,1.929,1.031,0.07,0.961,1.35,0.433,0.917,-0.452,0.007,-0.459,0.933,0.389,0.494,0.179,-1.162,-1.162,3.058,1.896,0.0,0.179,-0.819,0.998,0.179,-0.819,0.998,-0.828,1.366,-0.505,0.197,-0.702,-0.864,-0.217,-0.647,-0.144,-0.02,-0.124,0.306,0.007,0.299,-0.078,0.048,-0.122,0.356,-1.093,-1.093,-0.227,-1.32,-0.0,0.356,-0.157,0.513,0.356,-0.157,0.513,-0.095,-0.695,1.441,0.214,1.227,0.167,-0.147,0.314,1.206,0.413,0.793,-0.146,0.014,-0.16,0.855,0.437,0.372,0.535,-2.255,-2.255,0.576,-0.0,0.535,-0.976,1.511,0.535,-0.976,1.511,-0.923,0.672,1.896,-1.32,0.576,19901,9964,9937
1641775,Jordan Walsh,2024,-0.533,-0.097,-0.436,-0.099,0.03,-0.129,-0.366,-0.013,-0.353,0.029,0.015,0.014,-0.263,-0.201,-0.063,0.15,0.627,0.627,-0.646,-0.019,0.0,0.15,0.236,-0.086,0.15,0.236,-0.086,0.037,0.014,0.468,0.015,0.453,0.074,0.032,0.042,0.149,0.018,0.131,0.23,-0.006,0.236,-0.031,-0.028,-0.001,0.072,0.057,0.057,0.509,0.566,-0.0,0.072,0.057,0.015,0.072,0.057,0.015,0.43,0.089,-0.064,-0.082,0.018,-0.024,0.063,-0.087,-0.217,0.005,-0.222,0.259,0.009,0.25,-0.295,-0.229,-0.063,0.222,0.684,0.684,0.547,0.0,0.222,0.293,-0.071,0.222,0.293,-0.071,0.466,0.103,-0.019,0.566,0.547,370,183,187
1631100,AJ Griffin,2024,0.746,-0.124,0.87,0.167,-0.268,0.435,0.027,-0.41,0.437,0.676,-0.002,0.678,-0.357,-0.305,-0.057,0.293,-0.512,-0.512,0.682,0.17,0.0,0.293,0.15,0.143,0.293,0.15,0.143,-0.418,-0.395,0.779,0.063,0.716,0.395,-0.037,0.432,0.034,-0.074,0.108,0.287,0.003,0.284,0.056,-0.105,0.178,-0.165,-0.309,-0.309,0.67,0.361,-0.0,-0.165,-0.096,-0.069,-0.165,-0.096,-0.069,-0.425,-0.064,1.525,-0.061,1.586,0.562,-0.305,0.867,0.061,-0.484,0.545,0.963,0.001,0.962,-0.302,-0.41,0.121,0.128,-0.82,-0.82,0.531,-0.001,0.128,0.054,0.074,0.128,0.054,0.074,-0.843,-0.458,0.17,0.361,0.53,6493,3241,3252
1630688,Ish Wainright,2024,-1.258,-0.009,-1.249,-0.257,-0.14,-0.117,-0.512,-0.002,-0.51,-0.48,0.002,-0.482,-0.196,0.057,-0.278,0.307,0.633,0.633,-1.147,-0.514,0.0,0.307,0.18,0.127,0.307,0.18,0.127,0.428,-0.498,1.107,-0.078,1.185,0.403,0.186,0.217,0.303,0.085,0.218,0.479,-0.001,0.48,-0.493,-0.573,0.081,0.084,0.335,0.335,0.698,1.033,0.0,0.084,-0.152,0.236,0.084,-0.152,0.236,2.215,0.627,-0.153,-0.087,-0.066,0.145,0.045,0.1,-0.209,0.083,-0.292,-0.002,0.0,-0.002,-0.688,-0.515,-0.197,0.391,0.967,0.967,0.519,0.0,0.391,0.027,0.364,0.391,0.027,0.364,2.643,0.128,-0.514,1.033,0.519,4046,2019,2027
1630598,Aaron Wiggins,2024,0.233,0.03,0.203,0.163,0.281,-0.118,-0.407,0.119,-0.526,0.447,-0.006,0.453,-0.09,-0.1,0.063,0.017,0.319,0.319,0.16,0.479,-0.0,0.017,0.062,-0.045,0.017,0.062,-0.045,1.579,0.815,0.488,-0.045,0.533,0.735,-0.052,0.787,0.052,-0.047,0.099,-0.254,0.0,-0.254,0.329,0.251,0.099,0.084,-0.867,-0.867,0.901,0.034,0.0,0.084,0.27,-0.186,0.084,0.27,-0.186,-0.038,0.234,0.721,-0.015,0.736,0.897,0.229,0.668,-0.355,0.072,-0.427,0.194,-0.006,0.2,0.239,0.15,0.162,0.101,-0.547,-0.547,0.513,0.0,0.101,0.332,-0.231,0.101,0.332,-0.231,1.542,1.049,0.479,0.034,0.513,11144,5521,5623
203496,Robert Covington,2024,-0.142,0.137,-0.279,-0.86,0.108,-0.968,0.026,0.091,-0.065,0.555,0.0,0.555,-0.241,-0.057,-0.132,0.033,-0.284,-0.284,-0.35,-0.634,-0.0,0.033,-0.16,0.193,0.033,-0.16,0.193,-0.055,-0.051,2.083,-0.125,2.208,0.725,0.049,0.676,0.017,-0.085,0.102,1.466,-0.003,1.469,-0.309,-0.299,-0.014,0.179,-0.816,-0.816,1.953,1.137,-0.0,0.179,-0.173,0.352,0.179,-0.173,0.352,1.411,0.209,1.94,0.012,1.928,-0.135,0.157,-0.292,0.042,0.005,0.037,2.021,-0.003,2.024,-0.551,-0.357,-0.145,0.212,-1.099,-1.099,0.503,-0.0,0.212,-0.333,0.545,0.212,-0.333,0.545,1.356,0.159,-0.634,1.137,0.503,5115,2554,2561
1629717,Armoni Brooks,2024,0.119,0.123,-0.004,-0.3,0.011,-0.311,0.315,0.03,0.285,-0.019,0.017,-0.036,0.039,0.035,-0.002,0.222,0.6,0.6,0.38,0.98,0.0,0.222,-0.03,0.252,0.222,-0.03,0.252,0.919,0.098,-0.149,-0.004,-0.145,-0.213,0.015,-0.228,-0.027,-0.064,0.037,0.095,-0.01,0.105,-0.05,-0.088,0.042,-0.146,-0.177,-0.177,-0.345,-0.522,0.0,-0.146,-0.061,-0.085,-0.146,-0.061,-0.085,-0.442,-0.103,-0.029,0.119,-0.148,-0.512,0.026,-0.538,0.288,-0.034,0.322,0.076,0.007,0.069,-0.011,-0.053,0.041,0.075,0.423,0.423,0.458,0.0,0.075,-0.091,0.166,0.075,-0.091,0.166,0.477,-0.005,0.98,-0.522,0.458,412,207,205
1631165,Keon Ellis,2024,-0.958,0.112,-1.07,0.317,-0.305,0.622,-1.416,-0.045,-1.371,0.029,0.029,-0.0,-0.782,-0.295,-0.452,0.222,0.802,0.802,-1.518,-0.716,0.0,0.222,0.288,-0.066,0.222,0.288,-0.066,2.913,-0.047,0.399,-0.132,0.531,-0.072,-0.099,0.027,0.148,-0.148,0.296,0.455,-0.004,0.459,-0.239,-0.189,-0.029,0.333,0.665,0.665,0.493,1.158,-0.0,0.333,-0.06,0.393,0.333,-0.06,0.393,1.077,-0.194,-0.558,-0.02,-0.538,0.245,-0.404,0.649,-1.268,-0.193,-1.075,0.485,0.026,0.459,-1.022,-0.484,-0.481,0.556,1.466,1.466,0.442,-0.0,0.556,0.227,0.329,0.556,0.227,0.329,3.99,-0.242,-0.716,1.158,0.442,4168,2078,2090
203114,Khris Middleton,2024,0.612,0.197,0.415,1.006,-0.076,1.082,-0.046,-0.472,0.426,-0.545,0.001,-0.546,0.117,-0.279,0.391,-0.113,0.445,0.445,0.616,1.061,0.0,-0.113,-0.088,-0.025,-0.113,-0.088,-0.025,1.319,0.749,0.177,-0.051,0.228,0.725,0.151,0.574,0.119,0.134,-0.015,-0.616,-0.0,-0.616,-0.096,-0.108,0.002,-0.397,-0.306,-0.306,-0.316,-0.622,0.0,-0.397,-0.252,-0.145,-0.397,-0.252,-0.145,1.243,0.928,0.789,0.146,0.643,1.731,0.075,1.656,0.072,-0.338,0.41,-1.16,0.001,-1.161,0.02,-0.387,0.393,-0.509,0.139,0.139,0.439,0.0,-0.509,-0.341,-0.168,-0.509,-0.341,-0.168,2.562,1.677,1.061,-0.622,0.439,11162,5600,5562
1627742,Brandon Ingram,2024,0.414,-0.089,0.503,-0.2,-0.182,-0.018,0.901,-0.52,1.421,-0.198,-0.012,-0.186,0.224,0.117,0.099,0.029,-0.327,-0.327,0.667,0.34,0.0,0.029,0.027,0.002,0.029,0.027,0.002,-0.425,-0.157,0.561,0.099,0.462,-0.018,0.045,-0.063,0.21,-0.155,0.365,0.27,-0.006,0.276,-0.146,-0.248,0.1,-0.383,0.066,0.066,0.032,0.098,-0.0,-0.383,-0.193,-0.19,-0.383,-0.193,-0.19,-0.012,-0.043,0.976,0.01,0.966,-0.217,-0.136,-0.081,1.111,-0.675,1.786,0.072,-0.018,0.09,0.078,-0.131,0.199,-0.353,-0.261,-0.261,0.438,-0.0,-0.353,-0.166,-0.187,-0.353,-0.166,-0.187,-0.437,-0.2,0.34,0.098,0.438,15208,7619,7589
1628991,Jaren Jackson Jr.,2024,-1.578,0.15,-1.728,-1.034,-0.091,-0.943,-0.136,0.019,-0.155,-0.558,0.003,-0.561,0.542,0.496,0.018,0.255,-0.162,-0.162,-0.781,-0.943,0.0,0.255,0.772,-0.517,0.255,0.772,-0.517,-1.926,-0.922,1.105,-0.058,1.163,1.484,0.146,1.338,0.161,-0.045,0.206,-0.482,-0.005,-0.477,0.157,0.125,0.016,0.148,-0.048,-0.048,1.41,1.362,0.0,0.148,0.265,-0.117,0.148,0.265,-0.117,-0.579,0.544,-0.473,0.092,-0.565,0.45,0.055,0.395,0.025,-0.026,0.051,-1.04,-0.002,-1.038,0.698,0.621,0.034,0.404,-0.21,-0.21,0.419,0.0,0.404,1.037,-0.633,0.404,1.037,-0.633,-2.505,-0.378,-0.943,1.362,0.419,16999,8514,8485
203471,Dennis Schroder,2024,0.441,-0.068,0.509,-0.793,-0.085,-0.708,0.798,0.135,0.663,0.504,0.003,0.501,0.649,0.685,0.008,-0.062,-0.785,-0.785,1.028,0.243,0.0,-0.062,-0.089,0.027,-0.062,-0.089,0.027,1.688,-0.214,0.934,-0.042,0.976,-0.195,0.094,-0.289,0.475,0.116,0.359,0.696,0.002,0.694,0.067,0.204,-0.144,-0.667,-0.164,-0.164,0.334,0.17,-0.0,-0.667,-0.516,-0.151,-0.667,-0.516,-0.151,0.618,0.194,1.375,-0.11,1.485,-0.988,0.009,-0.997,1.273,0.252,1.021,1.2,0.005,1.195,0.715,0.889,-0.136,-0.729,-0.949,-0.949,0.413,0.001,-0.729,-0.605,-0.124,-0.729,-0.605,-0.124,2.306,-0.02,0.243,0.17,0.414,19865,9942,9923
1629001,De'Anthony Melton,2024,-0.144,-0.029,-0.115,-0.223,-0.004,-0.219,-0.044,0.276,-0.32,0.152,0.003,0.149,0.347,0.193,0.142,-0.075,0.117,0.117,0.128,0.245,0.0,-0.075,-0.036,-0.039,-0.075,-0.036,-0.039,0.466,-0.492,-0.243,0.07,-0.313,0.457,-0.104,0.561,-0.248,0.045,-0.293,-0.522,0.004,-0.526,-0.203,-0.102,-0.073,0.516,0.098,0.098,0.07,0.168,0.0,0.516,-0.033,0.549,0.516,-0.033,0.549,0.267,-0.118,-0.386,0.041,-0.427,0.234,-0.108,0.342,-0.291,0.321,-0.612,-0.37,0.007,-0.377,0.144,0.091,0.069,0.442,0.215,0.215,0.413,-0.0,0.442,-0.069,0.511,0.442,-0.069,0.511,0.733,-0.611,0.245,0.168,0.413,13810,6907,6903
1630591,Jalen Suggs,2024,-0.226,-0.189,-0.037,-0.163,-0.022,-0.141,-0.099,0.095,-0.194,0.225,0.0,0.225,-0.391,-0.344,-0.034,-0.805,0.683,0.683,-1.422,-0.739,0.0,-0.805,-0.318,-0.487,-0.805,-0.318,-0.487,-1.062,-0.137,-0.006,0.11,-0.116,0.153,0.03,0.123,-0.071,-0.003,-0.068,-0.198,0.004,-0.202,-0.255,-0.29,0.047,0.87,0.484,0.484,0.609,1.093,0.0,0.87,0.145,0.725,0.87,0.145,0.725,0.688,0.249,-0.233,-0.079,-0.154,-0.01,0.009,-0.019,-0.171,0.091,-0.262,0.027,0.004,0.023,-0.647,-0.634,0.012,0.065,1.167,1.167,0.354,0.0,0.065,-0.172,0.237,0.065,-0.172,0.237,-0.374,0.111,-0.739,1.093,0.354,14286,7152,7134
1630180,Saddiq Bey,2024,-0.573,-0.081,-0.492,-0.551,0.038,-0.589,0.072,0.361,-0.289,-0.013,0.004,-0.017,0.663,0.488,0.234,0.536,2.071,2.071,0.626,2.697,0.0,0.536,0.364,0.172,0.536,0.364,0.172,-1.1,-0.257,-1.723,-0.041,-1.682,-1.267,-0.195,-1.072,-0.151,-0.137,-0.014,-0.264,0.002,-0.266,-0.169,-0.117,-0.055,-0.045,-0.414,-0.414,-1.937,-2.351,0.0,-0.045,0.119,-0.164,-0.045,0.119,-0.164,-0.935,-0.847,-2.298,-0.122,-2.176,-1.819,-0.158,-1.661,-0.08,0.223,-0.303,-0.277,0.006,-0.283,0.494,0.371,0.179,0.491,1.657,1.657,0.346,-0.0,0.491,0.483,0.008,0.491,0.483,0.008,-2.035,-1.104,2.697,-2.351,0.346,17905,8959,8946
1631260,A.J. Green,2024,0.717,-0.049,0.766,-0.811,-0.318,-0.493,0.224,0.11,0.114,1.353,0.018,1.335,-0.414,-0.521,0.099,-0.433,0.58,0.58,-0.13,0.45,0.0,-0.433,0.213,-0.646,-0.433,0.213,-0.646,2.364,-0.696,0.131,-0.148,0.279,0.186,0.207,-0.021,-0.056,0.041,-0.097,0.149,-0.009,0.158,-0.231,-0.137,-0.105,-0.086,0.08,0.08,-0.186,-0.106,0.0,-0.086,-0.182,0.096,-0.086,-0.182,0.096,0.588,0.386,0.846,-0.197,1.043,-0.626,-0.111,-0.515,0.168,0.151,0.017,1.501,0.009,1.492,-0.645,-0.658,-0.006,-0.519,0.66,0.66,0.344,0.0,-0.519,0.031,-0.55,-0.519,0.031,-0.55,2.952,-0.31,0.45,-0.106,0.344,4090,2040,2050
1626246,Boban Marjanovic,2024,0.266,0.03,0.236,0.946,0.034,0.912,0.18,-0.2,0.38,-0.89,0.006,-0.896,-0.223,-0.141,-0.102,-0.175,0.407,0.407,-0.132,0.275,0.0,-0.175,-0.037,-0.138,-0.175,-0.037,-0.138,-0.768,0.144,-0.226,0.041,-0.267,-0.08,0.109,-0.189,-0.347,-0.025,-0.322,0.16,-0.006,0.166,0.035,0.098,-0.057,-0.141,0.382,0.382,-0.332,0.05,-0.0,-0.141,0.008,-0.149,-0.141,0.008,-0.149,-0.782,0.16,0.04,0.071,-0.031,0.867,0.144,0.723,-0.168,-0.225,0.057,-0.73,-0.0,-0.73,-0.187,-0.043,-0.159,-0.316,0.789,0.789,0.325,-0.0,-0.316,-0.029,-0.287,-0.316,-0.029,-0.287,-1.55,0.303,0.275,0.05,0.325,975,487,488
1630563,Joshua Primo,2024,0.489,0.033,0.456,-0.187,0.009,-0.196,0.012,0.112,-0.1,0.631,0.016,0.615,0.02,-0.014,0.024,-0.19,0.063,0.063,0.319,0.382,0.0,-0.19,-0.341,0.151,-0.19,-0.341,0.151,0.856,0.077,0.259,-0.016,0.275,0.091,-0.005,0.096,-0.085,-0.053,-0.032,0.269,-0.006,0.275,-0.091,-0.088,0.002,-0.029,-0.203,-0.203,0.139,-0.064,0.0,-0.029,0.085,-0.114,-0.029,0.085,-0.114,0.216,-0.048,0.749,0.017,0.732,-0.096,0.004,-0.1,-0.073,0.059,-0.132,0.901,0.011,0.89,-0.071,-0.102,0.026,-0.219,-0.14,-0.14,0.318,0.0,-0.219,-0.255,0.036,-0.219,-0.255,0.036,1.071,0.029,0.382,-0.064,0.318,442,220,222
1631262,Jules Bernard,2024,-0.989,-0.09,-0.899,-0.558,0.078,-0.636,-0.203,0.061,-0.264,-0.138,0.015,-0.153,-0.132,-0.166,0.036,-0.051,1.412,1.412,-1.172,0.24,0.0,-0.051,-0.054,0.003,-0.051,-0.054,0.003,0.558,0.012,0.159,-0.039,0.198,0.146,-0.057,0.203,-0.328,-0.022,-0.306,0.38,-0.001,0.381,-0.156,-0.188,0.038,0.125,-0.095,-0.095,0.128,0.033,0.0,0.125,-0.118,0.243,0.125,-0.118,0.243,0.142,-0.058,-0.83,-0.129,-0.701,-0.413,0.021,-0.434,-0.531,0.039,-0.57,0.243,0.014,0.229,-0.288,-0.354,0.074,0.074,1.317,1.317,0.273,0.0,0.074,-0.172,0.246,0.074,-0.172,0.246,0.7,-0.046,0.24,0.033,0.273,626,317,309
203935,Marcus Smart,2024,0.68,-0.285,0.965,0.182,0.003,0.179,0.701,0.309,0.392,0.082,-0.006,0.088,-0.117,-0.375,0.24,0.025,-0.904,-0.904,0.588,-0.316,-0.0,0.025,-0.065,0.09,0.025,-0.065,0.09,1.661,0.221,-0.231,0.051,-0.282,0.307,0.167,0.14,0.642,0.116,0.526,-1.231,0.002,-1.233,-0.176,-0.081,-0.089,0.477,0.508,0.508,0.07,0.578,0.0,0.477,-0.259,0.736,0.477,-0.259,0.736,1.745,0.672,0.448,-0.234,0.682,0.489,0.17,0.319,1.342,0.425,0.917,-1.149,-0.004,-1.145,-0.293,-0.455,0.151,0.502,-0.396,-0.396,0.262,0.0,0.502,-0.324,0.826,0.502,-0.324,0.826,3.407,0.894,-0.316,0.578,0.262,13200,6592,6608
1630168,Onyeka Okongwu,2024,0.18,-0.017,0.197,-0.127,-0.131,0.004,-0.481,-0.289,-0.192,0.805,0.006,0.799,0.178,-0.245,0.426,-0.101,0.432,0.432,0.257,0.689,-0.0,-0.101,-0.043,-0.058,-0.101,-0.043,-0.058,-0.826,-0.284,-0.237,0.088,-0.325,-0.53,-0.047,-0.483,-0.219,-0.131,-0.088,0.424,-0.0,0.424,-0.057,-0.1,0.041,-0.044,-0.116,-0.116,-0.338,-0.454,-0.0,-0.044,0.102,-0.146,-0.044,0.102,-0.146,-0.623,-0.322,-0.057,0.071,-0.128,-0.657,-0.178,-0.479,-0.7,-0.42,-0.28,1.229,0.006,1.223,0.12,-0.345,0.467,-0.145,0.315,0.315,0.235,-0.0,-0.145,0.059,-0.204,-0.145,0.059,-0.204,-1.449,-0.606,0.689,-0.454,0.235,13996,6997,6999
1641739,Toumani Camara,2024,-2.654,0.054,-2.708,-0.531,-0.01,-0.521,-1.229,0.103,-1.332,-0.948,0.006,-0.954,0.17,0.071,0.169,-0.955,1.839,1.839,-3.439,-1.6,0.0,-0.955,-0.253,-0.702,-0.955,-0.253,-0.702,-1.964,-0.245,1.594,0.08,1.514,0.304,0.036,0.268,0.269,-0.03,0.299,0.941,-0.001,0.942,-0.367,-0.335,-0.011,0.569,0.033,0.033,1.796,1.829,0.0,0.569,0.11,0.459,0.569,0.11,0.459,1.495,0.164,-1.06,0.134,-1.194,-0.227,0.026,-0.253,-0.96,0.073,-1.033,-0.007,0.005,-0.012,-0.198,-0.265,0.159,-0.385,1.872,1.872,0.229,0.0,-0.385,-0.143,-0.242,-0.385,-0.143,-0.242,-0.469,-0.081,-1.6,1.829,0.229,6992,3497,3495
1641774,Tristan Vukcevic,2024,0.24,0.177,0.063,0.249,-0.021,0.27,0.386,0.033,0.353,-0.572,0.018,-0.59,-0.058,0.062,-0.097,-0.46,-0.148,-0.148,-0.278,-0.426,0.0,-0.46,-0.145,-0.315,-0.46,-0.145,-0.315,0.075,0.039,0.802,0.014,0.788,-0.084,0.017,-0.101,0.026,-0.004,0.03,0.846,-0.005,0.851,-0.088,-0.101,0.019,-0.001,-0.059,-0.059,0.713,0.654,-0.0,-0.001,-0.018,0.017,-0.001,-0.018,0.017,0.837,0.019,1.044,0.191,0.853,0.166,-0.004,0.17,0.412,0.029,0.383,0.275,0.014,0.261,-0.145,-0.039,-0.078,-0.462,-0.207,-0.207,0.228,-0.0,-0.462,-0.162,-0.3,-0.462,-0.162,-0.3,0.912,0.057,-0.426,0.654,0.228,655,326,329
1641708,Amen Thompson,2024,-1.934,-0.074,-1.86,-0.053,0.237,-0.29,-0.403,0.165,-0.568,-1.404,-0.002,-1.402,-0.35,0.166,-0.501,0.35,1.33,1.33,-1.934,-0.604,-0.0,0.35,-0.163,0.513,0.35,-0.163,0.513,-1.986,0.31,-0.176,0.054,-0.23,-0.365,-0.034,-0.331,0.588,0.036,0.552,-0.453,0.005,-0.458,-0.138,-0.192,0.066,0.419,0.699,0.699,0.105,0.804,0.0,0.419,-0.08,0.499,0.419,-0.08,0.499,1.136,-0.039,-2.111,-0.02,-2.091,-0.418,0.203,-0.621,0.185,0.201,-0.016,-1.858,0.002,-1.86,-0.488,-0.027,-0.435,0.769,2.029,2.029,0.2,0.001,0.769,-0.242,1.011,0.769,-0.242,1.011,-0.85,0.271,-0.604,0.804,0.201,5743,2861,2882
1629631,De'Andre Hunter,2024,0.738,0.025,0.713,-0.448,-0.259,-0.189,0.132,-0.475,0.607,1.029,-0.006,1.035,0.357,0.043,0.323,0.177,-0.695,-0.695,1.272,0.577,-0.0,0.177,0.175,0.002,0.177,0.175,0.002,-0.221,-0.393,-0.959,0.149,-1.108,-0.001,-0.051,0.05,-0.8,-0.087,-0.713,-0.307,-0.004,-0.303,0.121,-0.02,0.138,0.197,0.265,0.265,-0.641,-0.376,0.0,0.197,-0.241,0.438,0.197,-0.241,0.438,0.007,-0.002,-0.222,0.174,-0.396,-0.449,-0.31,-0.139,-0.668,-0.562,-0.106,0.721,-0.011,0.732,0.477,0.023,0.461,0.374,-0.43,-0.43,0.201,-0.001,0.374,-0.066,0.44,0.374,-0.066,0.44,-0.214,-0.395,0.577,-0.376,0.2,16721,8365,8356
1631169,Josh Minott,2024,-0.428,-0.162,-0.266,0.036,-0.003,0.039,0.358,0.026,0.332,-0.66,0.008,-0.668,0.097,-0.104,0.184,0.272,0.126,0.126,-0.059,0.067,-0.0,0.272,0.479,-0.207,0.272,0.479,-0.207,-0.011,0.155,-0.345,-0.04,-0.305,-0.277,-0.003,-0.274,-0.236,-0.022,-0.214,0.208,-0.002,0.21,-0.052,-0.198,0.154,0.209,0.315,0.315,-0.188,0.127,-0.0,0.209,0.08,0.129,0.209,0.08,0.129,0.514,0.032,-0.773,-0.202,-0.571,-0.241,-0.006,-0.235,0.122,0.004,0.118,-0.452,0.007,-0.459,0.045,-0.301,0.338,0.481,0.441,0.441,0.194,-0.0,0.481,0.559,-0.078,0.481,0.559,-0.078,0.503,0.188,0.067,0.127,0.194,911,458,453
1630249,Vit Krejci,2024,0.734,-0.048,0.782,0.112,-0.156,0.268,0.129,0.063,0.066,0.541,0.016,0.525,-0.48,-0.413,-0.061,-0.151,1.216,1.216,0.103,1.319,0.0,-0.151,-0.451,0.3,-0.151,-0.451,0.3,2.236,0.003,-1.117,0.083,-1.2,-0.76,-0.053,-0.707,-0.075,-0.061,-0.014,-0.365,-0.001,-0.364,-0.316,-0.177,-0.137,0.046,0.255,0.255,-1.387,-1.132,0.0,0.046,0.089,-0.043,0.046,0.089,-0.043,-0.868,-0.331,-0.385,0.035,-0.42,-0.649,-0.209,-0.44,0.053,0.002,0.051,0.176,0.015,0.161,-0.796,-0.589,-0.198,-0.106,1.471,1.471,0.187,0.0,-0.106,-0.362,0.256,-0.106,-0.362,0.256,1.368,-0.328,1.319,-1.132,0.187,2793,1400,1393
1630256,Jae'Sean Tate,2024,-2.074,-0.096,-1.978,-1.445,0.128,-1.573,-0.529,0.176,-0.705,-0.004,0.011,-0.015,-0.125,0.121,-0.231,0.136,0.553,0.553,-2.063,-1.51,-0.0,0.136,0.54,-0.404,0.136,0.54,-0.404,-2.791,-0.861,1.504,-0.015,1.519,0.91,0.119,0.791,-0.616,-0.048,-0.568,1.225,-0.002,1.227,-0.559,-0.372,-0.168,0.408,0.326,0.326,1.353,1.679,0.0,0.408,-0.114,0.522,0.408,-0.114,0.522,2.533,0.86,-0.568,-0.111,-0.457,-0.533,0.248,-0.781,-1.145,0.128,-1.273,1.221,0.009,1.212,-0.683,-0.251,-0.399,0.545,0.879,0.879,0.169,-0.0,0.545,0.426,0.119,0.545,0.426,0.119,-0.258,-0.001,-1.51,1.679,0.169,6950,3459,3491
1631466,Jeenathan Williams,2024,0.119,-0.032,0.151,0.781,0.178,0.603,-0.093,0.067,-0.16,-0.537,0.006,-0.543,-0.304,-0.189,-0.132,-0.032,0.645,0.645,-0.217,0.428,-0.0,-0.032,-0.381,0.349,-0.032,-0.381,0.349,0.618,0.381,-0.085,0.035,-0.12,-0.333,-0.034,-0.299,0.071,-0.056,0.127,0.142,-0.003,0.145,-0.116,-0.044,-0.066,-0.067,-0.004,-0.004,-0.268,-0.272,0.0,-0.067,0.002,-0.069,-0.067,0.002,-0.069,-0.388,-0.168,0.033,0.003,0.03,0.446,0.143,0.303,-0.022,0.011,-0.033,-0.394,0.004,-0.398,-0.42,-0.232,-0.198,-0.1,0.642,0.642,0.156,-0.0,-0.1,-0.379,0.279,-0.1,-0.379,0.279,0.23,0.213,0.428,-0.272,0.156,1091,541,550
1630578,Alperen Sengun,2024,1.552,-0.051,1.603,1.077,0.13,0.947,0.419,-0.244,0.663,0.107,-0.009,0.116,-0.43,0.097,-0.501,-0.022,-0.501,-0.501,1.1,0.599,-0.0,-0.022,-0.158,0.136,-0.022,-0.158,0.136,1.512,0.652,-0.21,0.132,-0.342,0.301,0.159,0.142,-0.066,0.057,-0.123,-0.577,-0.002,-0.575,0.217,0.307,-0.093,-0.295,-0.158,-0.158,-0.288,-0.446,-0.0,-0.295,0.016,-0.311,-0.295,0.016,-0.311,-0.878,0.656,1.342,0.081,1.261,1.378,0.289,1.089,0.353,-0.187,0.54,-0.47,-0.011,-0.459,-0.213,0.405,-0.594,-0.316,-0.659,-0.659,0.153,-0.0,-0.316,-0.142,-0.174,-0.316,-0.142,-0.174,0.633,1.308,0.599,-0.446,0.153,17324,8679,8645
1627747,Caris LeVert,2024,-1.089,0.037,-1.126,-0.463,-0.022,-0.441,-0.272,0.028,-0.3,-0.391,-0.0,-0.391,0.268,0.774,-0.51,0.796,-0.234,-0.234,-0.025,-0.259,-0.0,0.796,0.098,0.698,0.796,0.098,0.698,-1.777,-0.053,0.945,0.086,0.859,0.099,-0.081,0.18,0.365,0.008,0.357,0.395,0.006,0.389,-0.386,-0.517,0.144,0.549,-0.698,-0.698,1.108,0.41,-0.0,0.549,-0.109,0.658,0.549,-0.109,0.658,2.41,0.078,-0.144,0.123,-0.267,-0.364,-0.103,-0.261,0.092,0.036,0.056,0.005,0.006,-0.001,-0.119,0.258,-0.366,1.346,-0.932,-0.932,0.151,0.001,1.346,-0.01,1.356,1.346,-0.01,1.356,0.633,0.025,-0.259,0.41,0.152,18238,9123,9115
1627827,Dorian Finney-Smith,2024,-1.658,-0.093,-1.565,-0.735,-0.084,-0.651,-0.2,0.215,-0.415,-0.63,0.008,-0.638,-0.356,-0.308,-0.042,0.827,0.847,0.847,-1.187,-0.34,-0.0,0.827,0.508,0.319,0.827,0.508,0.319,-1.787,-0.879,0.052,0.054,-0.002,-0.146,-0.011,-0.135,0.008,0.056,-0.048,0.136,-0.003,0.139,-0.067,-0.013,-0.022,0.411,0.074,0.074,0.396,0.47,0.0,0.411,0.303,0.108,0.411,0.303,0.108,1.48,-0.055,-1.605,-0.039,-1.566,-0.881,-0.095,-0.786,-0.192,0.271,-0.463,-0.493,0.006,-0.499,-0.423,-0.321,-0.064,1.239,0.921,0.921,0.13,-0.0,1.239,0.811,0.428,1.239,0.811,0.428,-0.307,-0.934,-0.34,0.47,0.13,15791,7869,7922
1629216,Gabe Vincent,2024,-0.112,0.113,-0.225,-0.056,-0.263,0.207,0.714,-0.054,0.768,-0.883,0.003,-0.886,-0.095,-0.233,0.104,-0.228,-0.518,-0.518,-0.435,-0.953,0.0,-0.228,-0.12,-0.108,-0.228,-0.12,-0.108,-1.182,-0.984,0.667,0.167,0.5,-0.517,0.161,-0.678,-0.309,0.026,-0.335,1.326,0.004,1.322,-0.149,-0.141,-0.034,0.612,-0.049,-0.049,1.13,1.081,0.0,0.612,0.405,0.207,0.612,0.405,0.207,1.814,0.234,0.556,0.28,0.276,-0.573,-0.102,-0.471,0.406,-0.028,0.434,0.443,0.007,0.436,-0.244,-0.375,0.07,0.383,-0.568,-0.568,0.128,0.0,0.383,0.285,0.098,0.383,0.285,0.098,0.632,-0.75,-0.953,1.081,0.128,10788,5388,5400
1628221,Gabe York,2024,0.616,-0.047,0.663,0.378,0.02,0.358,0.013,0.064,-0.051,0.272,0.016,0.256,-0.029,0.01,-0.044,0.154,-0.26,-0.26,0.741,0.481,0.0,0.154,0.085,0.069,0.154,0.085,0.069,1.201,0.288,-0.188,-0.014,-0.174,-0.106,0.01,-0.116,0.08,-0.013,0.093,-0.148,-0.006,-0.142,-0.069,-0.066,0.002,-0.008,-0.094,-0.094,-0.265,-0.359,0.0,-0.008,0.047,-0.055,-0.008,0.047,-0.055,-0.205,-0.037,0.429,-0.061,0.49,0.272,0.031,0.241,0.094,0.051,0.043,0.124,0.01,0.114,-0.098,-0.056,-0.042,0.145,-0.354,-0.354,0.122,0.0,0.145,0.133,0.012,0.145,0.133,0.012,0.996,0.251,0.481,-0.359,0.122,227,114,113
1631220,Dereon Seabron,2024,-0.063,-0.005,-0.058,-0.19,0.007,-0.197,-0.466,-0.047,-0.419,0.598,0.012,0.586,0.036,0.003,0.026,-0.232,0.24,0.24,-0.259,-0.019,0.0,-0.232,-0.212,-0.02,-0.232,-0.212,-0.02,0.166,-0.039,0.18,-0.026,0.206,-0.038,0.027,-0.065,-0.099,-0.03,-0.069,0.343,-0.007,0.35,-0.038,-0.06,0.011,-0.199,0.185,0.185,-0.057,0.128,0.0,-0.199,-0.127,-0.072,-0.199,-0.127,-0.072,0.093,-0.059,0.118,-0.031,0.149,-0.227,0.035,-0.262,-0.565,-0.077,-0.488,0.941,0.005,0.936,-0.002,-0.058,0.037,-0.431,0.424,0.424,0.109,0.0,-0.431,-0.339,-0.092,-0.431,-0.339,-0.092,0.259,-0.098,-0.019,0.128,0.109,274,138,136
1631109,Mark Williams,2024,-0.197,0.103,-0.3,-0.137,-0.032,-0.105,-1.095,-0.393,-0.702,0.932,-0.006,0.938,-0.495,-0.427,-0.05,-0.458,0.479,0.479,-1.15,-0.671,-0.0,-0.458,-0.234,-0.224,-0.458,-0.234,-0.224,-0.718,0.031,1.112,-0.018,1.13,-0.744,-0.02,-0.724,0.673,0.043,0.63,1.201,-0.002,1.203,0.149,0.304,-0.159,-0.204,-0.282,-0.282,1.057,0.775,-0.0,-0.204,0.079,-0.283,-0.204,0.079,-0.283,0.094,-0.305,0.914,0.085,0.829,-0.882,-0.052,-0.83,-0.422,-0.35,-0.072,2.133,-0.008,2.141,-0.346,-0.123,-0.209,-0.662,0.197,0.197,0.104,-0.0,-0.662,-0.156,-0.506,-0.662,-0.156,-0.506,-0.624,-0.273,-0.671,0.775,0.104,5510,2749,2761
1626156,D'Angelo Russell,2024,1.516,0.075,1.441,0.667,0.014,0.653,0.011,0.034,-0.023,0.763,0.005,0.758,-0.658,-0.739,0.07,-0.095,-0.198,-0.198,0.763,0.565,0.0,-0.095,-0.553,0.458,-0.095,-0.553,0.458,2.52,0.621,-0.155,-0.006,-0.149,-0.16,-0.133,-0.027,-0.052,-0.034,-0.018,0.063,0.003,0.06,0.418,0.414,0.014,0.051,-0.779,-0.779,0.314,-0.465,0.0,0.051,0.362,-0.311,0.051,0.362,-0.311,-1.506,-0.415,1.362,0.069,1.293,0.508,-0.118,0.626,-0.042,0.0,-0.042,0.827,0.009,0.818,-0.24,-0.325,0.083,-0.043,-0.977,-0.977,0.1,0.0,-0.043,-0.191,0.148,-0.043,-0.191,0.148,1.014,0.206,0.565,-0.465,0.1,22584,11315,11269
1629060,Rui Hachimura,2024,0.136,-0.102,0.238,0.558,0.063,0.495,-0.268,-0.179,-0.089,-0.052,-0.006,-0.046,-0.032,0.127,-0.156,-0.004,-0.87,-0.87,0.1,-0.77,0.0,-0.004,0.119,-0.123,-0.004,0.119,-0.123,-0.707,0.683,1.326,0.044,1.282,0.235,-0.006,0.241,0.494,0.047,0.447,0.553,-0.003,0.556,0.292,0.466,-0.186,-0.718,-0.031,-0.031,0.9,0.869,-0.0,-0.718,-0.064,-0.654,-0.718,-0.064,-0.654,0.495,0.072,1.464,-0.058,1.522,0.793,0.057,0.736,0.226,-0.132,0.358,0.503,-0.008,0.511,0.26,0.593,-0.342,-0.722,-0.901,-0.901,0.099,-0.0,-0.722,0.055,-0.777,-0.722,0.055,-0.777,-0.212,0.755,-0.77,0.869,0.099,15741,7862,7879
200768,Kyle Lowry,2024,-0.756,0.097,-0.853,-0.615,-0.226,-0.389,-0.303,0.005,-0.308,0.065,0.005,0.06,0.407,0.166,0.275,-0.101,-0.087,-0.087,-0.45,-0.537,0.0,-0.101,-0.168,0.067,-0.101,-0.168,0.067,0.796,-0.185,-0.581,-0.074,-0.507,-0.144,0.131,-0.275,0.13,-0.062,0.192,-0.493,-0.002,-0.491,-0.121,-0.274,0.108,0.861,0.447,0.447,0.159,0.606,-0.0,0.861,0.159,0.702,0.861,0.159,0.702,-1.018,0.273,-1.333,0.023,-1.356,-0.758,-0.094,-0.664,-0.172,-0.057,-0.115,-0.426,0.004,-0.43,0.287,-0.107,0.383,0.76,0.36,0.36,0.069,0.001,0.76,-0.009,0.769,0.76,-0.009,0.769,-0.222,0.088,-0.537,0.606,0.07,16402,8205,8197
1628410,Edmond Sumner,2024,0.066,-0.213,0.279,-0.605,0.202,-0.807,0.866,0.085,0.781,0.018,0.007,0.011,0.657,0.292,0.41,-0.759,-0.035,-0.035,-0.036,-0.071,-0.0,-0.759,-0.023,-0.736,-0.759,-0.023,-0.736,-1.015,0.089,0.034,-0.01,0.044,0.237,-0.095,0.332,0.471,-0.096,0.567,-0.664,-0.001,-0.663,-0.22,-0.212,0.008,0.467,-0.15,-0.15,0.281,0.131,-0.0,0.467,0.101,0.366,0.467,0.101,0.366,0.352,-0.271,0.099,-0.223,0.322,-0.369,0.107,-0.476,1.338,-0.01,1.348,-0.647,0.005,-0.652,0.437,0.08,0.417,-0.291,-0.186,-0.186,0.06,-0.0,-0.291,0.078,-0.369,-0.291,0.078,-0.369,-0.662,-0.181,-0.071,0.131,0.06,3049,1522,1527
1641645,Xavier Cooks,2024,-0.049,-0.068,0.019,-0.068,-0.075,0.007,0.018,0.081,-0.063,0.069,0.012,0.057,-0.056,0.023,-0.085,-0.047,0.442,0.442,-0.152,0.29,0.0,-0.047,0.03,-0.077,-0.047,0.03,-0.077,0.928,0.194,-0.275,-0.031,-0.244,0.049,-0.012,0.061,-0.158,-0.05,-0.108,-0.135,-0.005,-0.13,-0.022,-0.009,-0.006,0.015,0.039,0.039,-0.282,-0.243,0.0,0.015,0.047,-0.032,0.015,0.047,-0.032,0.058,0.05,-0.323,-0.099,-0.224,-0.019,-0.087,0.068,-0.14,0.031,-0.171,-0.065,0.008,-0.073,-0.077,0.014,-0.091,-0.032,0.48,0.48,0.047,0.0,-0.032,0.076,-0.108,-0.032,0.076,-0.108,0.985,0.244,0.29,-0.243,0.047,553,278,275
1630637,Carlik Jones,2024,-0.267,0.075,-0.342,-0.083,-0.001,-0.082,-0.072,0.04,-0.112,-0.187,0.016,-0.203,-0.147,0.072,-0.224,0.253,0.18,0.18,-0.161,0.019,0.0,0.253,0.049,0.204,0.253,0.049,0.204,-0.387,-0.06,-0.23,0.007,-0.237,-0.187,0.011,-0.198,-0.031,-0.011,-0.02,-0.019,-0.005,-0.014,-0.052,-0.019,-0.028,0.176,0.129,0.129,-0.106,0.023,0.0,0.176,0.099,0.077,0.176,0.099,0.077,0.007,0.001,-0.498,0.082,-0.58,-0.27,0.01,-0.28,-0.103,0.029,-0.132,-0.207,0.01,-0.217,-0.198,0.053,-0.252,0.43,0.309,0.309,0.042,-0.001,0.43,0.149,0.281,0.43,0.149,0.281,-0.38,-0.059,0.019,0.023,0.041,229,115,114
1630191,Isaiah Stewart,2024,0.361,0.021,0.34,-0.501,0.017,-0.518,0.385,0.152,0.233,0.456,-0.002,0.458,-0.154,-0.161,0.029,-0.751,-0.252,-0.252,-0.544,-0.796,0.0,-0.751,-0.027,-0.724,-0.751,-0.027,-0.724,0.734,-0.043,0.758,0.188,0.57,0.419,0.04,0.379,-0.04,0.055,-0.095,0.191,0.005,0.186,0.063,0.131,-0.096,-0.119,0.126,0.126,0.702,0.828,0.0,-0.119,-0.145,0.026,-0.119,-0.145,0.026,1.389,0.416,1.117,0.209,0.908,-0.083,0.057,-0.14,0.345,0.207,0.138,0.646,0.003,0.643,-0.091,-0.03,-0.067,-0.87,-0.126,-0.126,0.032,0.0,-0.87,-0.172,-0.698,-0.87,-0.172,-0.698,2.123,0.374,-0.796,0.828,0.032,11647,5823,5824
1629002,Chimezie Metu,2024,0.755,0.021,0.734,0.763,0.045,0.718,0.347,-0.146,0.493,-0.376,-0.009,-0.367,-0.166,-0.358,0.173,0.006,-1.656,-1.656,0.595,-1.061,0.0,0.006,-0.145,0.151,0.006,-0.145,0.151,-0.927,0.323,0.107,-0.055,0.162,-0.137,-0.061,-0.076,-0.528,-0.154,-0.374,0.827,-0.006,0.833,0.147,0.106,0.054,0.401,0.438,0.438,0.655,1.093,0.0,0.401,0.312,0.089,0.401,0.312,0.089,0.907,0.075,0.862,-0.034,0.896,0.625,-0.017,0.642,-0.181,-0.3,0.119,0.452,-0.015,0.467,-0.018,-0.251,0.227,0.407,-1.217,-1.217,0.032,-0.0,0.407,0.166,0.241,0.407,0.166,0.241,-0.019,0.398,-1.061,1.093,0.032,6301,3132,3169
1629611,Terance Mann,2024,-0.068,0.021,-0.089,0.435,0.065,0.37,-0.141,-0.07,-0.071,-0.383,-0.006,-0.377,-0.162,-0.158,-0.038,0.356,0.831,0.831,0.126,0.957,0.0,0.356,0.249,0.107,0.356,0.249,0.107,-0.51,0.117,-0.288,-0.179,-0.109,-0.444,-0.042,-0.402,0.015,0.084,-0.069,0.32,-0.002,0.322,0.162,-0.046,0.198,-0.473,-0.332,-0.332,-0.599,-0.931,0.0,-0.473,-0.051,-0.422,-0.473,-0.051,-0.422,-0.264,-0.294,-0.354,-0.158,-0.196,-0.009,0.023,-0.032,-0.125,0.014,-0.139,-0.062,-0.007,-0.055,0.0,-0.204,0.16,-0.118,0.499,0.499,0.026,-0.001,-0.118,0.199,-0.317,-0.118,0.199,-0.317,-0.774,-0.177,0.957,-0.931,0.025,16092,8013,8079
1626149,Montrezl Harrell,2024,-0.574,-0.098,-0.476,-0.884,0.039,-0.923,-0.115,-0.058,-0.057,0.523,0.006,0.517,-0.138,0.077,-0.233,-0.129,0.442,0.442,-0.841,-0.399,-0.0,-0.129,-0.458,0.329,-0.129,-0.458,0.329,-2.343,-0.225,0.204,-0.006,0.21,0.052,-0.003,0.055,-0.178,-0.098,-0.08,0.336,-0.003,0.339,-0.044,-0.054,0.014,-0.01,0.237,0.237,0.15,0.387,0.0,-0.01,0.026,-0.036,-0.01,0.026,-0.036,0.005,0.014,-0.372,-0.104,-0.268,-0.834,0.035,-0.869,-0.293,-0.156,-0.137,0.859,0.003,0.856,-0.182,0.023,-0.219,-0.14,0.68,0.68,-0.012,-0.001,-0.14,-0.432,0.292,-0.14,-0.432,0.292,-2.339,-0.211,-0.399,0.387,-0.013,2770,1382,1388
1627732,Ben Simmons,2024,1.752,0.138,1.614,0.499,-0.079,0.578,0.252,-0.112,0.364,0.863,0.002,0.861,-0.994,-0.56,-0.414,-0.66,-0.623,-0.623,0.098,-0.525,0.0,-0.66,-0.679,0.019,-0.66,-0.679,0.019,4.242,0.707,0.018,-0.042,0.06,-0.405,-0.048,-0.357,0.402,-0.069,0.471,0.063,-0.0,0.063,0.386,0.239,0.151,0.02,0.08,0.08,0.424,0.504,0.0,0.02,0.185,-0.165,0.02,0.185,-0.165,0.273,-0.183,1.769,0.096,1.673,0.093,-0.128,0.221,0.654,-0.181,0.835,0.926,0.001,0.925,-0.608,-0.321,-0.263,-0.64,-0.543,-0.543,-0.021,-0.001,-0.64,-0.493,-0.147,-0.64,-0.493,-0.147,4.515,0.524,-0.525,0.504,-0.022,5956,2973,2983
1628976,Wendell Carter Jr.,2024,0.408,-0.14,0.548,0.705,-0.07,0.775,-0.645,-0.055,-0.59,0.488,0.007,0.481,-0.804,-0.444,-0.345,-1.346,0.02,0.02,-1.742,-1.722,0.0,-1.346,-0.465,-0.881,-1.346,-0.465,-0.881,0.578,0.181,0.485,-0.01,0.495,0.499,0.083,0.416,-0.115,0.145,-0.26,0.111,-0.002,0.113,0.174,0.256,-0.097,0.069,0.959,0.959,0.728,1.687,0.0,0.069,0.209,-0.14,0.069,0.209,-0.14,0.354,0.077,0.893,-0.15,1.043,1.204,0.013,1.191,-0.76,0.09,-0.85,0.599,0.005,0.594,-0.63,-0.187,-0.442,-1.277,0.979,0.979,-0.035,0.0,-1.277,-0.256,-1.021,-1.277,-0.256,-1.021,0.932,0.258,-1.722,1.687,-0.035,13205,6607,6598
203897,Zach LaVine,2024,0.415,-0.189,0.604,0.626,0.123,0.503,0.025,0.093,-0.068,-0.047,0.004,-0.051,0.092,-0.153,0.259,0.051,-1.763,-1.763,0.558,-1.205,-0.0,0.051,0.401,-0.35,0.051,0.401,-0.35,-1.154,0.001,0.543,0.044,0.499,0.085,-0.005,0.09,-0.105,-0.085,-0.02,0.519,0.004,0.515,0.039,0.011,0.047,0.298,0.277,0.277,0.88,1.157,0.0,0.298,0.007,0.291,0.298,0.007,0.291,0.433,0.304,0.957,-0.145,1.102,0.711,0.118,0.593,-0.081,0.007,-0.088,0.472,0.008,0.464,0.131,-0.143,0.306,0.349,-1.487,-1.487,-0.048,-0.0,0.349,0.408,-0.059,0.349,0.408,-0.059,-0.721,0.305,-1.205,1.157,-0.048,14683,7335,7348
1630175,Cole Anthony,2024,-0.716,-0.064,-0.652,-0.394,-0.083,-0.311,0.445,-0.142,0.587,-0.703,-0.007,-0.696,0.59,0.322,0.302,0.629,0.136,0.136,0.503,0.639,0.0,0.629,0.335,0.294,0.629,0.335,0.294,-2.177,-0.175,0.263,-0.192,0.455,0.095,0.11,-0.015,-0.259,0.041,-0.3,0.619,0.003,0.616,-0.287,-0.329,0.049,-0.276,-0.39,-0.39,-0.3,-0.69,0.0,-0.276,-0.284,0.008,-0.276,-0.284,0.008,0.584,0.011,-0.453,-0.256,-0.197,-0.3,0.027,-0.327,0.186,-0.101,0.287,-0.083,-0.003,-0.08,0.302,-0.008,0.351,0.353,-0.254,-0.254,-0.051,-0.0,0.353,0.051,0.302,0.353,0.051,0.302,-1.593,-0.164,0.639,-0.69,-0.051,13763,6890,6873
1641766,Adama Sanogo,2024,0.124,-0.064,0.188,0.133,-0.04,0.173,0.091,-0.027,0.118,-0.036,0.014,-0.05,0.001,0.059,-0.065,-0.298,0.13,0.13,-0.173,-0.043,-0.0,-0.298,-0.055,-0.243,-0.298,-0.055,-0.243,-0.812,-0.292,-0.12,-0.061,-0.059,-0.078,-0.023,-0.055,-0.014,-0.055,0.041,0.033,-0.006,0.039,-0.105,-0.101,0.001,0.125,0.087,0.087,-0.1,-0.013,-0.0,0.125,0.015,0.11,0.125,0.015,0.11,0.064,0.001,0.006,-0.125,0.131,0.055,-0.063,0.118,0.077,-0.082,0.159,-0.001,0.009,-0.01,-0.104,-0.042,-0.064,-0.173,0.218,0.218,-0.056,-0.0,-0.173,-0.041,-0.132,-0.173,-0.041,-0.132,-0.748,-0.291,-0.043,-0.013,-0.056,267,134,133
1631205,Buddy Boeheim,2024,-0.601,0.124,-0.725,0.012,-0.146,0.158,-0.288,-0.014,-0.274,-0.449,0.019,-0.468,-0.042,-0.026,-0.001,-0.046,0.546,0.546,-0.689,-0.143,0.0,-0.046,-0.11,0.064,-0.046,-0.11,0.064,0.395,0.117,0.315,-0.045,0.36,-0.333,0.005,-0.338,0.149,-0.076,0.225,0.544,-0.005,0.549,-0.07,-0.156,0.09,-0.239,0.077,0.077,0.006,0.083,0.0,-0.239,-0.155,-0.084,-0.239,-0.155,-0.084,0.308,-0.076,-0.286,0.079,-0.365,-0.322,-0.141,-0.181,-0.138,-0.09,-0.048,0.095,0.014,0.081,-0.112,-0.181,0.089,-0.285,0.623,0.623,-0.06,0.0,-0.285,-0.265,-0.02,-0.285,-0.265,-0.02,0.703,0.042,-0.143,0.083,-0.06,690,345,345
202330,Gordon Hayward,2024,0.318,-0.146,0.464,-0.021,-0.183,0.162,-0.645,-0.449,-0.196,1.13,-0.01,1.14,-0.167,0.044,-0.211,-0.664,-0.657,-0.657,-0.513,-1.17,0.0,-0.664,-0.269,-0.395,-0.664,-0.269,-0.395,0.816,-0.054,0.862,0.013,0.849,-0.324,-0.114,-0.21,-0.011,0.048,-0.059,1.184,0.003,1.181,-0.103,-0.155,0.058,-0.122,0.459,0.459,0.637,1.096,0.0,-0.122,0.141,-0.263,-0.122,0.141,-0.263,1.987,0.046,1.179,-0.133,1.312,-0.346,-0.297,-0.049,-0.656,-0.401,-0.255,2.314,-0.007,2.321,-0.271,-0.111,-0.152,-0.786,-0.199,-0.199,-0.074,-0.001,-0.786,-0.128,-0.658,-0.786,-0.128,-0.658,2.802,-0.008,-1.17,1.096,-0.075,11877,5930,5947
1630700,Dyson Daniels,2024,0.099,-0.093,0.192,-0.342,0.052,-0.394,-0.038,0.114,-0.152,0.572,-0.002,0.574,-0.039,0.367,-0.448,-0.078,-0.602,-0.602,-0.018,-0.62,0.0,-0.078,-0.223,0.145,-0.078,-0.223,0.145,-0.054,0.092,-0.043,0.138,-0.181,0.033,0.081,-0.048,-0.022,-0.07,0.048,-0.192,-0.006,-0.186,0.125,0.038,0.055,0.399,0.051,0.051,0.481,0.532,0.0,0.399,0.091,0.308,0.399,0.091,0.308,0.687,0.568,0.055,0.045,0.01,-0.31,0.133,-0.443,-0.06,0.044,-0.104,0.38,-0.008,0.388,0.086,0.405,-0.393,0.321,-0.551,-0.551,-0.088,-0.0,0.321,-0.132,0.453,0.321,-0.132,0.453,0.633,0.66,-0.62,0.532,-0.088,9807,4883,4924
1628969,Mikal Bridges,2024,-0.516,-0.093,-0.423,0.413,-0.178,0.591,-1.248,-0.112,-1.136,0.412,-0.0,0.412,0.012,0.063,-0.078,0.406,-0.562,-0.562,-0.098,-0.66,0.0,0.406,0.428,-0.022,0.406,0.428,-0.022,1.27,0.147,0.478,-0.01,0.488,-0.104,-0.045,-0.059,0.442,0.122,0.32,0.15,0.006,0.144,0.191,0.073,0.116,-0.113,0.015,0.015,0.556,0.571,-0.0,-0.113,-0.069,-0.044,-0.113,-0.069,-0.044,0.811,-0.003,-0.039,-0.103,0.064,0.309,-0.223,0.532,-0.807,0.01,-0.817,0.562,0.006,0.556,0.203,0.136,0.038,0.294,-0.547,-0.547,-0.089,-0.001,0.294,0.36,-0.066,0.294,0.36,-0.066,2.081,0.144,-0.66,0.571,-0.09,23879,11955,11924
203585,Rodney McGruder,2024,-0.759,0.152,-0.911,-0.368,-0.125,-0.243,-0.96,-0.155,-0.805,0.417,0.01,0.407,-0.363,-0.15,-0.23,0.053,1.551,1.551,-1.069,0.482,0.0,0.053,0.23,-0.177,0.053,0.23,-0.177,0.178,-0.556,-0.937,-0.044,-0.893,-0.315,0.039,-0.354,-0.341,0.07,-0.411,-0.237,-0.005,-0.232,-0.051,-0.045,0.001,0.388,0.025,0.025,-0.6,-0.575,0.0,0.388,0.289,0.099,0.388,0.289,0.099,-0.464,0.126,-1.695,0.108,-1.803,-0.682,-0.086,-0.596,-1.301,-0.085,-1.216,0.18,0.005,0.175,-0.414,-0.195,-0.229,0.441,1.576,1.576,-0.093,-0.001,0.441,0.519,-0.078,0.441,0.519,-0.078,-0.286,-0.43,0.482,-0.575,-0.094,2135,1072,1063
1630644,Mac McClung,2024,0.096,-0.035,0.131,0.057,0.028,0.029,-0.291,0.017,-0.308,0.365,0.016,0.349,-0.043,0.005,-0.057,-0.132,-0.102,-0.102,-0.079,-0.181,0.0,-0.132,0.07,-0.202,-0.132,0.07,-0.202,0.302,0.205,-0.076,-0.024,-0.052,0.046,-0.005,0.051,0.011,-0.014,0.025,-0.109,-0.006,-0.103,-0.125,-0.028,-0.094,0.12,0.14,0.14,-0.081,0.059,0.0,0.12,0.082,0.038,0.12,0.082,0.038,0.08,-0.027,0.02,-0.059,0.079,0.103,0.023,0.08,-0.28,0.003,-0.283,0.256,0.01,0.246,-0.168,-0.023,-0.151,-0.012,0.038,0.038,-0.122,-0.001,-0.012,0.151,-0.163,-0.012,0.151,-0.163,0.382,0.178,-0.181,0.059,-0.123,178,89,89
1628975,Jevon Carter,2024,-1.832,0.037,-1.869,-1.348,-0.221,-1.127,-0.133,-0.008,-0.125,-0.388,-0.005,-0.383,-0.646,-0.487,-0.162,0.089,0.227,0.227,-2.389,-2.162,0.0,0.089,0.077,0.012,0.089,0.077,0.012,-0.851,-1.226,1.802,-0.104,1.906,1.143,0.096,1.047,0.071,0.103,-0.032,0.692,-0.003,0.695,0.142,-0.233,0.364,0.515,-0.428,-0.428,2.459,2.031,0.0,0.515,0.174,0.341,0.515,0.174,0.341,1.256,0.421,-0.029,-0.067,0.038,-0.204,-0.125,-0.079,-0.062,0.095,-0.157,0.304,-0.008,0.312,-0.503,-0.72,0.202,0.605,-0.2,-0.2,-0.131,0.0,0.605,0.252,0.353,0.605,0.252,0.353,0.406,-0.805,-2.162,2.031,-0.131,11636,5783,5853
203078,Bradley Beal,2024,0.809,0.123,0.686,-0.16,0.043,-0.203,0.272,-0.197,0.469,0.574,-0.004,0.578,-0.066,-0.258,0.201,-0.078,0.049,0.049,0.665,0.714,-0.0,-0.078,0.089,-0.167,-0.078,0.089,-0.167,0.87,-0.235,-0.715,-0.055,-0.66,-0.646,0.064,-0.71,0.456,0.074,0.382,-0.47,-0.002,-0.468,0.116,0.021,0.095,0.1,-0.356,-0.356,-0.499,-0.855,0.0,0.1,0.08,0.02,0.1,0.08,0.02,-1.779,-0.297,0.095,0.068,0.027,-0.806,0.107,-0.913,0.728,-0.123,0.851,0.105,-0.006,0.111,0.05,-0.237,0.297,0.022,-0.306,-0.306,-0.141,-0.0,0.022,0.169,-0.147,0.022,0.169,-0.147,-0.909,-0.533,0.714,-0.855,-0.141,14400,7208,7192
1628960,Grayson Allen,2024,0.924,-0.064,0.988,-0.27,-0.111,-0.159,0.44,0.089,0.351,0.818,-0.009,0.827,-0.137,-0.249,0.102,0.127,-1.005,-1.005,0.914,-0.091,-0.0,0.127,-0.121,0.248,0.127,-0.121,0.248,1.217,-0.802,-0.237,-0.141,-0.096,-0.371,0.06,-0.431,0.147,0.261,-0.114,0.128,0.003,0.125,0.438,0.535,-0.095,-0.234,-0.028,-0.028,-0.033,-0.061,0.0,-0.234,-0.134,-0.1,-0.234,-0.134,-0.1,-1.054,-0.29,0.687,-0.205,0.892,-0.641,-0.051,-0.59,0.587,0.35,0.237,0.946,-0.005,0.951,0.302,0.286,0.007,-0.108,-1.033,-1.033,-0.152,-0.0,-0.108,-0.255,0.147,-0.108,-0.255,0.147,0.164,-1.093,-0.091,-0.061,-0.152,19171,9615,9556
1641809,Drew Peterson,2024,-0.043,-0.033,-0.01,-0.133,-0.008,-0.125,-0.055,-0.008,-0.047,0.178,0.017,0.161,-0.112,-0.102,-0.01,0.096,0.24,0.24,-0.059,0.181,0.0,0.096,0.077,0.019,0.096,0.077,0.019,0.672,0.041,-0.216,-0.0,-0.216,-0.153,-0.004,-0.149,-0.009,-0.031,0.022,-0.054,-0.006,-0.048,-0.116,-0.073,-0.041,0.009,-0.016,-0.016,-0.323,-0.339,0.0,0.009,0.009,-0.0,0.009,0.009,-0.0,-0.103,-0.061,-0.258,-0.033,-0.225,-0.286,-0.012,-0.274,-0.063,-0.038,-0.025,0.124,0.011,0.113,-0.227,-0.175,-0.051,0.105,0.224,0.224,-0.158,0.0,0.105,0.086,0.019,0.105,0.086,0.019,0.569,-0.021,0.181,-0.339,-0.158,96,47,49
1626157,Karl-Anthony Towns,2024,-0.436,0.048,-0.484,-0.138,0.013,-0.151,-0.098,-0.072,-0.026,-0.248,-0.002,-0.246,0.66,0.255,0.438,-0.509,-0.225,-0.225,-0.285,-0.51,0.0,-0.509,0.054,-0.563,-0.509,0.054,-0.563,0.197,0.126,0.888,0.077,0.811,-0.06,-0.019,-0.041,0.998,-0.043,1.041,-0.127,0.003,-0.13,0.147,0.095,0.066,-0.685,-0.004,-0.004,0.35,0.346,0.0,-0.685,-0.521,-0.164,-0.685,-0.521,-0.164,-0.878,-0.297,0.45,0.125,0.325,-0.199,-0.006,-0.193,0.899,-0.115,1.014,-0.375,0.001,-0.376,0.807,0.349,0.504,-1.195,-0.229,-0.229,-0.164,-0.001,-1.195,-0.467,-0.728,-1.195,-0.467,-0.728,-0.682,-0.171,-0.51,0.346,-0.165,14981,7522,7459
1630595,Cade Cunningham,2024,0.946,-0.118,1.064,0.889,0.391,0.498,0.194,0.061,0.133,-0.019,-0.016,-0.003,-0.082,-0.098,0.014,-0.303,-0.387,-0.387,0.561,0.174,0.0,-0.303,-0.098,-0.205,-0.303,-0.098,-0.205,-0.87,0.934,-0.11,0.017,-0.127,0.113,-0.015,0.128,-0.783,0.106,-0.889,0.543,0.004,0.539,-0.207,-0.116,-0.09,-0.393,0.345,0.345,-0.71,-0.365,0.0,-0.393,-0.08,-0.313,-0.393,-0.08,-0.313,1.235,-0.155,0.835,-0.101,0.936,1.001,0.375,0.626,-0.589,0.167,-0.756,0.524,-0.012,0.536,-0.288,-0.214,-0.076,-0.696,-0.043,-0.043,-0.191,-0.001,-0.696,-0.177,-0.519,-0.696,-0.177,-0.519,0.365,0.779,0.174,-0.365,-0.192,10199,5088,5111
1626169,Stanley Johnson,2024,1.568,0.084,1.484,1.066,0.068,0.998,-0.203,-0.156,-0.047,0.621,0.01,0.611,-0.423,-0.101,-0.343,-0.53,0.264,0.264,0.615,0.879,0.0,-0.53,-0.31,-0.22,-0.53,-0.31,-0.22,-0.143,0.181,-0.384,-0.067,-0.317,-0.109,-0.011,-0.098,0.053,-0.006,0.059,-0.261,-0.003,-0.258,-0.346,-0.386,0.023,-0.17,-0.179,-0.179,-0.9,-1.079,0.0,-0.17,-0.234,0.064,-0.17,-0.234,0.064,0.802,0.036,1.186,0.017,1.169,0.957,0.057,0.9,-0.149,-0.162,0.013,0.361,0.008,0.353,-0.769,-0.486,-0.319,-0.7,0.085,0.085,-0.2,-0.0,-0.7,-0.544,-0.156,-0.7,-0.544,-0.156,0.659,0.216,0.879,-1.079,-0.2,1945,964,981
1629003,Shake Milton,2024,-1.145,-0.091,-1.054,-0.201,0.021,-0.222,-0.422,-0.22,-0.202,-0.431,-0.009,-0.422,0.269,0.151,0.174,0.584,-0.257,-0.257,-0.292,-0.549,0.0,0.584,0.693,-0.109,0.584,0.693,-0.109,-2.288,0.387,0.596,0.082,0.514,-0.361,0.039,-0.4,0.012,-0.031,0.043,0.863,-0.001,0.864,-0.251,-0.385,0.096,0.226,-0.23,-0.23,0.571,0.341,0.0,0.226,0.19,0.036,0.226,0.19,0.036,0.191,-0.194,-0.547,-0.009,-0.538,-0.561,0.061,-0.622,-0.41,-0.251,-0.159,0.433,-0.01,0.443,0.018,-0.235,0.27,0.81,-0.487,-0.487,-0.208,-0.001,0.81,0.883,-0.073,0.81,0.883,-0.073,-2.097,0.193,-0.549,0.341,-0.209,8941,4475,4466
1631199,Ron Harper Jr.,2024,-0.055,-0.004,-0.051,-0.067,-0.022,-0.045,-0.177,-0.044,-0.133,0.193,0.015,0.178,-0.168,-0.135,-0.035,0.147,0.198,0.198,-0.076,0.122,0.0,0.147,0.16,-0.013,0.147,0.16,-0.013,0.382,0.031,-0.245,-0.02,-0.225,-0.105,0.017,-0.122,0.044,-0.019,0.063,-0.164,-0.005,-0.159,-0.081,-0.095,0.017,0.017,-0.026,-0.026,-0.309,-0.335,0.0,0.017,0.034,-0.017,0.017,0.034,-0.017,-0.366,-0.091,-0.301,-0.024,-0.277,-0.172,-0.005,-0.167,-0.133,-0.063,-0.07,0.028,0.01,0.018,-0.248,-0.229,-0.018,0.164,0.172,0.172,-0.213,-0.001,0.164,0.193,-0.029,0.164,0.193,-0.029,0.016,-0.059,0.122,-0.335,-0.214,198,100,98
1641741,Ricky Council IV,2024,-0.29,0.086,-0.376,-0.056,0.141,-0.197,-0.45,0.123,-0.573,0.13,0.006,0.124,0.16,0.397,-0.258,-0.244,0.424,0.424,-0.374,0.05,0.0,-0.244,-0.024,-0.22,-0.244,-0.024,-0.22,-0.271,0.312,-0.42,0.004,-0.424,-0.469,0.006,-0.475,0.041,-0.025,0.066,0.004,-0.006,0.01,-0.038,0.029,-0.082,-0.052,0.24,0.24,-0.51,-0.27,0.0,-0.052,-0.126,0.074,-0.052,-0.126,0.074,-0.524,-0.304,-0.708,0.09,-0.798,-0.524,0.148,-0.672,-0.409,0.098,-0.507,0.135,0.001,0.134,0.122,0.426,-0.34,-0.296,0.664,0.664,-0.22,0.001,-0.296,-0.149,-0.147,-0.296,-0.149,-0.147,-0.795,0.008,0.05,-0.27,-0.219,1186,588,598
1641871,Duop Reath,2024,-0.106,0.108,-0.214,-0.373,-0.031,-0.342,-0.124,0.393,-0.517,0.283,0.035,0.248,-0.258,-0.167,-0.1,0.001,1.105,1.105,-0.363,0.742,0.0,0.001,0.442,-0.441,0.001,0.442,-0.441,1.32,-0.637,-0.348,0.02,-0.368,-0.28,-0.062,-0.218,-0.55,-0.051,-0.499,0.462,0.002,0.46,-0.43,-0.293,-0.132,0.219,-0.41,-0.41,-0.559,-0.969,0.0,0.219,0.252,-0.033,0.219,0.252,-0.033,0.418,-0.248,-0.455,0.128,-0.583,-0.654,-0.093,-0.561,-0.674,0.342,-1.016,0.745,0.037,0.708,-0.688,-0.46,-0.232,0.22,0.695,0.695,-0.227,0.0,0.22,0.694,-0.474,0.22,0.694,-0.474,1.738,-0.886,0.742,-0.969,-0.227,4805,2406,2399
1629010,Jerome Robinson,2024,-0.237,-0.003,-0.234,0.008,0.066,-0.058,0.037,0.171,-0.134,-0.279,0.019,-0.298,-0.209,-0.122,-0.095,-0.024,0.095,0.095,-0.47,-0.375,0.0,-0.024,-0.136,0.112,-0.024,-0.136,0.112,0.155,0.262,-0.045,-0.02,-0.025,-0.112,-0.025,-0.087,0.006,-0.037,0.043,0.081,-0.005,0.086,-0.091,-0.106,0.018,-0.049,0.326,0.326,-0.185,0.141,-0.0,-0.049,0.016,-0.065,-0.049,0.016,-0.065,0.458,0.048,-0.282,-0.023,-0.259,-0.104,0.041,-0.145,0.044,0.135,-0.091,-0.199,0.014,-0.213,-0.3,-0.228,-0.077,-0.073,0.42,0.42,-0.234,-0.0,-0.073,-0.12,0.047,-0.073,-0.12,0.047,0.612,0.31,-0.375,0.141,-0.234,330,165,165
1630250,Marko Simonovic,2024,-0.201,0.016,-0.217,-0.04,0.003,-0.043,-0.043,0.012,-0.055,-0.134,0.017,-0.151,-0.104,-0.008,-0.098,0.112,-0.019,-0.019,-0.193,-0.212,0.0,0.112,0.068,0.044,0.112,0.068,0.044,-0.345,-0.127,-0.178,0.001,-0.179,-0.082,0.0,-0.082,-0.071,-0.03,-0.041,-0.026,-0.006,-0.02,-0.055,-0.027,-0.023,0.222,-0.012,-0.012,-0.011,-0.023,-0.0,0.222,0.048,0.174,0.222,0.048,0.174,-0.249,-0.056,-0.377,0.017,-0.394,-0.121,0.003,-0.124,-0.113,-0.018,-0.095,-0.16,0.011,-0.171,-0.159,-0.035,-0.121,0.334,-0.031,-0.031,-0.235,0.001,0.334,0.116,0.218,0.334,0.116,0.218,-0.594,-0.183,-0.212,-0.023,-0.234,89,44,45
1631114,Jalen Williams,2024,-0.066,0.008,-0.074,0.678,0.246,0.432,-0.31,-0.14,-0.17,-0.442,-0.015,-0.427,-0.549,-0.351,-0.2,0.886,-1.231,-1.231,0.271,-0.96,0.0,0.886,0.416,0.47,0.886,0.416,0.47,-0.764,0.429,0.454,-0.106,0.56,0.705,0.059,0.646,-0.299,-0.043,-0.256,0.154,0.0,0.154,-0.252,-0.261,-0.001,0.865,-0.354,-0.354,1.067,0.713,0.0,0.865,0.377,0.488,0.865,0.377,0.488,0.309,0.203,0.389,-0.098,0.487,1.383,0.305,1.078,-0.608,-0.182,-0.426,-0.288,-0.015,-0.273,-0.8,-0.612,-0.2,1.751,-1.585,-1.585,-0.247,0.0,1.751,0.793,0.958,1.751,0.793,0.958,-0.455,0.632,-0.96,0.713,-0.247,20456,10220,10236
1630172,Patrick Williams,2024,1.028,-0.01,1.038,-1.327,-0.076,-1.251,-0.007,-0.216,0.209,2.372,-0.0,2.372,-0.304,-0.296,-0.01,-0.535,-0.294,-0.294,0.189,-0.105,0.0,-0.535,0.281,-0.816,-0.535,0.281,-0.816,-0.578,-1.017,-0.303,-0.119,-0.184,-0.534,-0.115,-0.419,0.117,-0.014,0.131,0.233,0.005,0.228,0.023,0.174,-0.141,-0.01,0.135,0.135,-0.29,-0.155,-0.0,-0.01,0.011,-0.021,-0.01,0.011,-0.021,-1.639,-0.634,0.726,-0.129,0.855,-1.86,-0.191,-1.669,0.11,-0.23,0.34,2.605,0.005,2.6,-0.28,-0.122,-0.151,-0.545,-0.159,-0.159,-0.26,0.0,-0.545,0.292,-0.837,-0.545,0.292,-0.837,-2.217,-1.651,-0.105,-0.155,-0.26,14069,7009,7060
1631120,JD Davison,2024,-0.277,-0.091,-0.186,-0.073,0.017,-0.09,-0.071,0.033,-0.104,-0.042,0.011,-0.053,-0.191,-0.145,-0.05,-0.345,0.411,0.411,-0.813,-0.402,-0.0,-0.345,-0.185,-0.16,-0.345,-0.185,-0.16,0.786,0.171,0.422,0.046,0.376,0.1,-0.006,0.106,-0.031,-0.066,0.035,0.307,-0.004,0.311,-0.12,-0.035,-0.081,0.085,-0.252,-0.252,0.387,0.135,0.0,0.085,0.104,-0.019,0.085,0.104,-0.019,-0.141,0.002,0.146,-0.045,0.191,0.027,0.011,0.016,-0.102,-0.033,-0.069,0.266,0.008,0.258,-0.311,-0.18,-0.132,-0.26,0.159,0.159,-0.267,-0.0,-0.26,-0.081,-0.179,-0.26,-0.081,-0.179,0.645,0.173,-0.402,0.135,-0.267,428,213,215
203468,CJ McCollum,2024,-0.076,0.04,-0.116,-0.321,-0.054,-0.267,0.829,-0.268,1.097,-0.624,0.002,-0.626,-0.479,-0.426,-0.059,0.632,0.713,0.713,0.077,0.79,0.0,0.632,0.558,0.074,0.632,0.558,0.074,0.243,-0.209,-0.673,-0.017,-0.656,-0.755,-0.108,-0.647,-0.347,-0.116,-0.231,0.446,0.003,0.443,0.134,0.071,0.074,-0.424,-0.095,-0.095,-0.963,-1.058,0.0,-0.424,-0.044,-0.38,-0.424,-0.044,-0.38,-1.114,-0.569,-0.749,0.023,-0.772,-1.076,-0.162,-0.914,0.482,-0.384,0.866,-0.178,0.005,-0.183,-0.345,-0.355,0.015,0.208,0.618,0.618,-0.268,0.0,0.208,0.514,-0.306,0.208,0.514,-0.306,-0.871,-0.778,0.79,-1.058,-0.268,19821,9934,9887
1630288,Jeff Dowtin,2024,-0.586,-0.012,-0.574,-0.471,0.035,-0.506,-0.391,-0.045,-0.346,0.288,0.012,0.276,-0.449,-0.297,-0.15,0.588,0.578,0.578,-0.447,0.131,0.0,0.588,0.327,0.261,0.588,0.327,0.261,0.64,0.047,-0.381,0.068,-0.449,0.41,-0.003,0.413,-0.155,-0.016,-0.139,-0.704,-0.005,-0.699,0.115,0.021,0.049,-0.114,-0.026,-0.026,-0.38,-0.406,0.0,-0.114,-0.077,-0.037,-0.114,-0.077,-0.037,-0.787,-0.058,-0.966,0.056,-1.022,-0.061,0.032,-0.093,-0.546,-0.061,-0.485,-0.415,0.007,-0.422,-0.334,-0.276,-0.101,0.474,0.552,0.552,-0.275,0.0,0.474,0.251,0.223,0.474,0.251,0.223,-0.147,-0.011,0.131,-0.406,-0.275,1556,777,779
1627814,Damion Lee,2024,-0.787,0.18,-0.967,-1.079,-0.05,-1.029,-0.323,-0.142,-0.181,0.435,-0.003,0.438,0.001,0.113,-0.088,-0.735,0.683,0.683,-1.521,-0.838,-0.0,-0.735,0.129,-0.864,-0.735,0.129,-0.864,0.053,-0.358,-0.131,-0.119,-0.012,-0.256,-0.03,-0.226,0.386,0.063,0.323,-0.142,0.0,-0.142,-0.228,-0.34,0.104,0.256,0.663,0.663,-0.103,0.56,0.0,0.256,0.109,0.147,0.256,0.109,0.147,1.67,0.096,-0.918,0.061,-0.979,-1.335,-0.08,-1.255,0.063,-0.079,0.142,0.293,-0.003,0.296,-0.227,-0.226,0.015,-0.478,1.346,1.346,-0.278,-0.0,-0.478,0.238,-0.716,-0.478,0.238,-0.716,1.723,-0.262,-0.838,0.56,-0.278,6457,3236,3221
1630174,Aaron Nesmith,2024,0.86,0.153,0.707,-0.381,0.102,-0.483,0.407,0.092,0.315,0.681,-0.002,0.683,-0.06,-0.126,0.051,-0.131,0.231,0.231,0.669,0.9,0.0,-0.131,0.254,-0.385,-0.131,0.254,-0.385,2.607,0.299,-1.279,-0.134,-1.145,0.729,-0.039,0.768,-1.02,-0.08,-0.94,-0.854,0.001,-0.855,-0.114,-0.15,0.044,0.128,0.083,0.083,-1.265,-1.182,0.0,0.128,0.009,0.119,0.128,0.009,0.119,-0.558,0.203,-0.42,0.019,-0.439,0.348,0.063,0.285,-0.613,0.012,-0.625,-0.174,-0.001,-0.173,-0.174,-0.276,0.095,-0.003,0.313,0.313,-0.282,0.001,-0.003,0.263,-0.266,-0.003,0.263,-0.266,2.049,0.502,0.9,-1.182,-0.281,17933,8979,8954
1641716,Jarace Walker,2024,0.639,-0.0,0.639,0.326,0.017,0.309,0.008,-0.111,0.119,0.305,0.007,0.298,-0.098,-0.048,-0.066,-0.433,0.159,0.159,0.108,0.267,0.0,-0.433,-0.163,-0.27,-0.433,-0.163,-0.27,0.118,0.422,-0.758,-0.001,-0.757,0.055,0.01,0.045,-0.009,0.063,-0.072,-0.803,0.003,-0.806,-0.134,-0.201,0.064,0.278,0.062,0.062,-0.614,-0.552,0.0,0.278,-0.089,0.367,0.278,-0.089,0.367,0.727,-0.033,-0.12,-0.001,-0.119,0.381,0.027,0.354,-0.002,-0.049,0.047,-0.498,0.01,-0.508,-0.231,-0.249,-0.002,-0.155,0.221,0.221,-0.285,0.001,-0.155,-0.252,0.097,-0.155,-0.252,0.097,0.845,0.389,0.267,-0.552,-0.284,1534,764,770
1627885,Shaquille Harrison,2024,0.451,-0.072,0.523,0.127,0.009,0.118,-0.257,0.033,-0.29,0.653,0.013,0.64,-0.355,-0.114,-0.226,-0.034,-0.1,-0.1,0.062,-0.038,-0.0,-0.034,0.085,-0.119,-0.034,0.085,-0.119,1.996,0.147,-0.058,0.05,-0.108,-0.141,-0.022,-0.119,-0.235,-0.084,-0.151,0.268,-0.006,0.274,-0.13,-0.071,-0.07,0.191,-0.267,-0.267,0.003,-0.264,0.0,0.191,0.066,0.125,0.191,0.066,0.125,-0.346,-0.132,0.392,-0.022,0.414,-0.014,-0.013,-0.001,-0.493,-0.051,-0.442,0.921,0.007,0.914,-0.485,-0.185,-0.296,0.157,-0.367,-0.367,-0.302,0.0,0.157,0.151,0.006,0.157,0.151,0.006,1.65,0.015,-0.038,-0.264,-0.302,638,319,319
1628436,Luke Kornet,2024,-0.967,-0.11,-0.857,-0.335,-0.071,-0.264,-0.501,-0.08,-0.421,-0.021,0.012,-0.033,-0.402,-0.478,0.06,0.249,1.195,1.195,-1.12,0.075,0.0,0.249,0.142,0.107,0.249,0.142,0.107,-0.884,0.039,0.388,-0.127,0.515,0.443,0.283,0.16,0.115,0.255,-0.14,-0.043,-0.004,-0.039,0.172,0.259,-0.092,-0.677,-0.263,-0.263,-0.117,-0.38,0.0,-0.677,-0.309,-0.368,-0.677,-0.309,-0.368,-0.708,0.659,-0.577,-0.237,-0.34,0.108,0.212,-0.104,-0.385,0.176,-0.561,-0.063,0.008,-0.071,-0.23,-0.219,-0.032,-0.427,0.932,0.932,-0.305,0.0,-0.427,-0.167,-0.26,-0.427,-0.167,-0.26,-1.592,0.698,0.075,-0.38,-0.305,7716,3850,3866
1628993,Alize Johnson,2024,-0.127,0.045,-0.172,-0.063,0.006,-0.069,0.149,0.016,0.133,-0.258,0.017,-0.275,-0.076,-0.068,0.02,-0.037,-0.024,-0.024,-0.24,-0.264,0.0,-0.037,-0.005,-0.032,-0.037,-0.005,-0.032,-0.089,-0.074,-0.15,-0.074,-0.076,-0.001,0.004,-0.005,0.082,-0.01,0.092,-0.157,-0.006,-0.151,-0.048,-0.013,-0.03,-0.04,0.189,0.189,-0.238,-0.049,0.0,-0.04,0.02,-0.06,-0.04,0.02,-0.06,-0.125,0.017,-0.277,-0.029,-0.248,-0.064,0.01,-0.074,0.231,0.006,0.225,-0.415,0.011,-0.426,-0.124,-0.081,-0.01,-0.077,0.165,0.165,-0.313,0.0,-0.077,0.015,-0.092,-0.077,0.015,-0.092,-0.215,-0.056,-0.264,-0.049,-0.313,122,60,62
1630792,Malcolm Hill,2024,-0.156,0.032,-0.188,0.077,-0.017,0.094,-0.221,-0.009,-0.212,-0.044,0.018,-0.062,-0.08,-0.085,0.003,0.001,0.025,0.025,-0.235,-0.21,0.0,0.001,0.036,-0.035,0.001,0.036,-0.035,0.078,-0.017,-0.034,-0.006,-0.028,0.043,-0.001,0.044,-0.098,-0.041,-0.057,0.027,-0.006,0.033,-0.086,-0.099,0.015,-0.051,0.056,0.056,-0.171,-0.115,-0.0,-0.051,-0.045,-0.006,-0.051,-0.045,-0.006,-0.076,-0.02,-0.191,0.026,-0.217,0.12,-0.018,0.138,-0.319,-0.05,-0.269,-0.018,0.011,-0.029,-0.166,-0.183,0.018,-0.05,0.081,0.081,-0.325,-0.0,-0.05,-0.009,-0.041,-0.05,-0.009,-0.041,0.002,-0.037,-0.21,-0.115,-0.325,40,18,22
201566,Russell Westbrook,2024,0.795,0.199,0.596,-0.349,0.647,-0.996,0.472,0.382,0.09,0.473,-0.01,0.483,0.123,0.397,-0.275,-0.505,0.361,0.361,0.413,0.774,0.0,-0.505,-0.564,0.059,-0.505,-0.564,0.059,-0.581,1.157,0.337,-0.053,0.39,-0.266,0.015,-0.281,-0.044,0.02,-0.064,0.7,0.003,0.697,-0.397,-0.398,0.007,-0.103,-0.937,-0.937,-0.163,-1.1,0.0,-0.103,-0.009,-0.094,-0.103,-0.009,-0.094,0.985,-0.186,1.133,0.146,0.987,-0.614,0.663,-1.277,0.428,0.402,0.026,1.173,-0.007,1.18,-0.274,-0.001,-0.268,-0.608,-0.576,-0.576,-0.326,0.0,-0.608,-0.573,-0.035,-0.608,-0.573,-0.035,0.404,0.971,0.774,-1.1,-0.326,16710,8364,8346
1630284,Kevon Harris,2024,-0.61,0.036,-0.646,-0.475,0.061,-0.536,-0.616,0.133,-0.749,0.445,0.006,0.439,0.076,0.017,0.05,-0.465,0.916,0.916,-0.999,-0.083,0.0,-0.465,0.009,-0.474,-0.465,0.009,-0.474,-0.305,-0.237,-0.023,-0.056,0.033,0.016,0.025,-0.009,-0.001,-0.013,0.012,0.018,-0.002,0.02,-0.308,-0.21,-0.09,0.385,-0.304,-0.304,0.054,-0.25,0.0,0.385,0.29,0.095,0.385,0.29,0.095,-0.324,-0.114,-0.631,-0.02,-0.611,-0.458,0.086,-0.544,-0.616,0.121,-0.737,0.463,0.004,0.459,-0.233,-0.193,-0.04,-0.081,0.612,0.612,-0.333,0.0,-0.081,0.298,-0.379,-0.081,0.298,-0.379,-0.629,-0.35,-0.083,-0.25,-0.333,1876,938,938
203914,Gary Harris,2024,0.555,-0.121,0.676,-0.039,0.09,-0.129,0.266,0.307,-0.041,0.449,0.004,0.445,0.002,-0.01,-0.015,0.318,-0.1,-0.1,0.875,0.775,0.0,0.318,0.587,-0.269,0.318,0.587,-0.269,0.416,-0.065,-0.794,0.124,-0.918,-0.344,-0.041,-0.303,-0.137,0.048,-0.185,-0.437,-0.0,-0.437,-0.074,0.03,-0.107,0.409,-0.654,-0.654,-0.459,-1.113,0.0,0.409,0.445,-0.036,0.409,0.445,-0.036,-0.178,-0.3,-0.24,0.003,-0.243,-0.383,0.049,-0.432,0.128,0.355,-0.227,0.012,0.004,0.008,-0.072,0.019,-0.122,0.727,-0.754,-0.754,-0.338,-0.001,0.727,1.032,-0.305,0.727,1.032,-0.305,0.238,-0.364,0.775,-1.113,-0.339,10633,5319,5314
1631131,Oscar Tshiebwe,2024,-0.403,0.052,-0.455,-0.075,-0.03,-0.045,-0.153,-0.033,-0.12,-0.227,0.014,-0.241,0.037,0.086,-0.054,-0.235,0.336,0.336,-0.601,-0.265,-0.0,-0.235,-0.1,-0.135,-0.235,-0.1,-0.135,-0.161,-0.03,-0.271,0.011,-0.282,-0.091,0.018,-0.109,-0.046,-0.026,-0.02,-0.145,-0.006,-0.139,-0.14,-0.128,-0.008,0.192,0.14,0.14,-0.219,-0.079,0.0,0.192,0.052,0.14,0.192,0.052,0.14,0.146,-0.046,-0.672,0.063,-0.735,-0.166,-0.012,-0.154,-0.198,-0.058,-0.14,-0.371,0.009,-0.38,-0.103,-0.042,-0.062,-0.043,0.476,0.476,-0.344,0.0,-0.043,-0.048,0.005,-0.043,-0.048,0.005,-0.015,-0.075,-0.265,-0.079,-0.344,182,92,90
200752,Rudy Gay,2024,-0.526,0.286,-0.812,-0.748,-0.092,-0.656,-0.358,-0.202,-0.156,0.294,-0.0,0.294,-0.046,-0.037,-0.022,0.173,-0.583,-0.583,-0.399,-0.982,0.0,0.173,0.113,0.06,0.173,0.113,0.06,-1.255,-0.29,0.403,0.008,0.395,-0.114,-0.022,-0.092,0.157,-0.069,0.226,0.352,-0.001,0.353,0.034,-0.073,0.101,0.12,0.078,0.078,0.557,0.635,0.0,0.12,0.037,0.083,0.12,0.037,0.083,0.768,0.061,-0.124,0.294,-0.418,-0.862,-0.115,-0.747,-0.202,-0.271,0.069,0.646,-0.001,0.647,-0.011,-0.11,0.08,0.293,-0.506,-0.506,-0.347,0.0,0.293,0.15,0.143,0.293,0.15,0.143,-0.487,-0.23,-0.982,0.635,-0.347,3297,1651,1646
1630259,Jordan Ford,2024,-0.113,-0.031,-0.082,-0.088,-0.032,-0.056,-0.003,0.024,-0.027,0.009,0.019,-0.01,-0.095,-0.077,-0.02,0.031,0.143,0.143,-0.177,-0.034,0.0,0.031,0.007,0.024,0.031,0.007,0.024,-0.058,-0.112,-0.214,0.0,-0.214,-0.068,0.009,-0.077,0.022,-0.008,0.03,-0.168,-0.006,-0.162,-0.059,-0.043,-0.014,-0.025,-0.035,-0.035,-0.298,-0.333,0.0,-0.025,-0.047,0.022,-0.025,-0.047,0.022,-0.13,0.007,-0.326,-0.031,-0.295,-0.155,-0.023,-0.132,0.019,0.016,0.003,-0.159,0.013,-0.172,-0.154,-0.12,-0.034,0.005,0.108,0.108,-0.367,0.001,0.005,-0.041,0.046,0.005,-0.041,0.046,-0.189,-0.105,-0.034,-0.333,-0.366,82,42,40
1631321,Sidy Cissoko,2024,-0.204,-0.079,-0.125,-0.175,0.03,-0.205,0.456,0.113,0.343,-0.406,0.019,-0.425,-0.236,-0.234,-0.011,-0.135,-0.278,-0.278,-0.575,-0.853,0.0,-0.135,-0.179,0.044,-0.135,-0.179,0.044,0.089,0.104,0.9,0.031,0.869,0.257,0.038,0.219,0.174,-0.011,0.185,0.438,-0.008,0.446,-0.079,-0.055,-0.018,-0.119,-0.238,-0.238,0.702,0.464,-0.0,-0.119,-0.086,-0.033,-0.119,-0.086,-0.033,0.71,0.077,0.696,-0.048,0.744,0.082,0.068,0.014,0.63,0.102,0.528,0.032,0.011,0.021,-0.315,-0.289,-0.029,-0.254,-0.516,-0.516,-0.389,0.001,-0.254,-0.266,0.012,-0.254,-0.266,0.012,0.799,0.181,-0.853,0.464,-0.388,593,296,297
1630592,Jalen Wilson,2024,-0.06,0.238,-0.298,-0.178,-0.087,-0.091,-0.318,-0.028,-0.29,0.198,0.014,0.184,-0.186,-0.316,0.104,-0.558,0.972,0.972,-0.804,0.168,0.0,-0.558,0.136,-0.694,-0.558,0.136,-0.694,-0.115,-0.142,-0.375,-0.088,-0.287,-0.219,0.052,-0.271,-0.317,-0.036,-0.281,0.249,-0.011,0.26,0.02,-0.121,0.148,-0.465,0.254,0.254,-0.82,-0.566,0.0,-0.465,-0.41,-0.055,-0.465,-0.41,-0.055,-0.236,0.166,-0.436,0.15,-0.586,-0.397,-0.035,-0.362,-0.636,-0.064,-0.572,0.447,0.003,0.444,-0.166,-0.437,0.252,-1.023,1.226,1.226,-0.398,0.0,-1.023,-0.274,-0.749,-1.023,-0.274,-0.749,-0.351,0.024,0.168,-0.566,-0.398,2575,1286,1289
1631159,Leonard Miller,2024,0.114,-0.013,0.127,-0.309,0.068,-0.377,0.277,0.015,0.262,0.159,0.014,0.145,-0.223,-0.2,-0.025,0.005,-0.06,-0.06,-0.104,-0.164,-0.0,0.005,0.082,-0.077,0.005,0.082,-0.077,0.339,0.264,-0.484,-0.059,-0.425,-0.136,-0.008,-0.128,-0.213,-0.029,-0.184,-0.076,-0.004,-0.072,-0.059,-0.18,0.126,0.158,0.145,0.145,-0.385,-0.24,-0.0,0.158,0.119,0.039,0.158,0.119,0.039,-0.006,-0.072,-0.369,-0.072,-0.297,-0.444,0.06,-0.504,0.064,-0.014,0.078,0.083,0.01,0.073,-0.282,-0.381,0.101,0.163,0.086,0.086,-0.404,-0.0,0.163,0.201,-0.038,0.163,0.201,-0.038,0.333,0.192,-0.164,-0.24,-0.404,249,125,124
1630163,LaMelo Ball,2024,1.202,0.122,1.08,0.245,0.143,0.102,1.137,0.43,0.707,-0.302,0.002,-0.304,0.163,0.023,0.15,0.422,0.148,0.148,1.787,1.935,0.0,0.422,0.273,0.149,0.422,0.273,0.149,-0.494,0.106,-2.114,-0.186,-1.928,-0.638,-0.098,-0.54,0.051,-0.234,0.285,-1.341,-0.004,-1.337,-0.443,-0.191,-0.242,-0.091,0.307,0.307,-2.648,-2.341,0.0,-0.091,0.08,-0.171,-0.091,0.08,-0.171,-1.906,-0.294,-0.912,-0.064,-0.848,-0.393,0.045,-0.438,1.189,0.197,0.992,-1.644,-0.002,-1.642,-0.28,-0.168,-0.092,0.332,0.456,0.456,-0.406,0.0,0.332,0.352,-0.02,0.332,0.352,-0.02,-2.4,-0.188,1.935,-2.341,-0.406,8337,4165,4172
1630929,Henri Drell,2024,0.169,0.003,0.166,0.087,-0.027,0.114,-0.09,0.024,-0.114,0.169,0.018,0.151,-0.028,0.057,-0.089,-0.088,0.054,0.054,0.053,0.107,-0.0,-0.088,-0.041,-0.047,-0.088,-0.041,-0.047,0.009,-0.099,-0.407,-0.002,-0.405,-0.119,-0.014,-0.105,-0.17,-0.057,-0.113,-0.116,-0.006,-0.11,-0.12,-0.129,0.012,0.003,0.006,0.006,-0.524,-0.518,-0.0,0.003,-0.092,0.095,0.003,-0.092,0.095,-0.17,-0.042,-0.239,0.001,-0.24,-0.032,-0.041,0.009,-0.261,-0.033,-0.228,0.053,0.012,0.041,-0.148,-0.072,-0.077,-0.085,0.06,0.06,-0.411,-0.001,-0.085,-0.134,0.049,-0.085,-0.134,0.049,-0.161,-0.141,0.107,-0.518,-0.412,128,63,65
1630243,Trevelin Queen,2024,0.343,0.177,0.166,-0.817,-0.074,-0.743,0.625,0.141,0.484,0.358,0.022,0.336,-0.35,-0.122,-0.224,-0.279,-0.259,-0.259,-0.286,-0.545,-0.0,-0.279,0.157,-0.436,-0.279,0.157,-0.436,0.151,-0.526,0.041,-0.043,0.084,0.232,-0.038,0.27,-0.197,-0.047,-0.15,0.049,-0.005,0.054,-0.054,-0.062,0.019,0.21,-0.065,-0.065,0.197,0.132,0.0,0.21,0.011,0.199,0.21,0.011,0.199,-0.068,-0.046,0.385,0.134,0.251,-0.585,-0.112,-0.473,0.428,0.094,0.334,0.408,0.018,0.39,-0.404,-0.184,-0.205,-0.069,-0.324,-0.324,-0.413,-0.0,-0.069,0.167,-0.236,-0.069,0.167,-0.236,0.083,-0.573,-0.545,0.132,-0.413,937,467,470
1630207,Nate Hinton,2024,-0.439,-0.07,-0.369,0.504,0.002,0.502,-0.245,-0.016,-0.229,-0.628,0.013,-0.641,-0.158,-0.021,-0.143,0.059,0.444,0.444,-0.538,-0.094,0.0,0.059,0.02,0.039,0.059,0.02,0.039,-0.405,0.177,-0.208,-0.03,-0.178,0.066,0.017,0.049,-0.25,-0.064,-0.186,0.006,-0.006,0.012,-0.162,-0.213,0.054,-0.184,0.232,0.232,-0.554,-0.322,0.0,-0.184,-0.043,-0.141,-0.184,-0.043,-0.141,0.366,0.094,-0.647,-0.1,-0.547,0.569,0.018,0.551,-0.494,-0.08,-0.414,-0.622,0.007,-0.629,-0.32,-0.234,-0.089,-0.126,0.675,0.675,-0.416,0.0,-0.126,-0.023,-0.103,-0.126,-0.023,-0.103,-0.039,0.271,-0.094,-0.322,-0.416,326,161,165
1629126,Deonte Burton,2024,0.047,-0.015,0.062,-0.131,-0.027,-0.104,-0.03,0.009,-0.039,0.223,0.017,0.206,-0.036,-0.038,0.001,-0.062,0.052,0.052,-0.051,0.001,-0.0,-0.062,-0.018,-0.044,-0.062,-0.018,-0.044,0.337,-0.054,-0.255,-0.008,-0.247,-0.119,0.008,-0.127,-0.033,-0.015,-0.018,-0.095,-0.006,-0.089,-0.076,-0.063,-0.011,-0.018,-0.07,-0.07,-0.349,-0.419,0.0,-0.018,-0.006,-0.012,-0.018,-0.006,-0.012,-0.328,-0.059,-0.208,-0.023,-0.185,-0.25,-0.019,-0.231,-0.063,-0.006,-0.057,0.128,0.011,0.117,-0.112,-0.102,-0.01,-0.08,-0.019,-0.019,-0.418,0.0,-0.08,-0.024,-0.056,-0.08,-0.024,-0.056,0.009,-0.113,0.001,-0.419,-0.418,27,14,13
1629663,Louis King,2024,0.157,-0.029,0.186,-0.083,-0.007,-0.076,-0.002,0.001,-0.003,0.271,0.017,0.254,-0.121,-0.107,-0.017,-0.1,0.098,0.098,-0.064,0.034,0.0,-0.1,0.129,-0.229,-0.1,0.129,-0.229,0.137,-0.038,-0.357,-0.026,-0.331,-0.097,0.014,-0.111,-0.06,-0.027,-0.033,-0.174,-0.006,-0.168,-0.142,-0.099,-0.041,-0.028,0.073,0.073,-0.527,-0.454,0.0,-0.028,-0.003,-0.025,-0.028,-0.003,-0.025,-0.127,-0.035,-0.2,-0.055,-0.145,-0.18,0.007,-0.187,-0.062,-0.026,-0.036,0.097,0.011,0.086,-0.263,-0.206,-0.058,-0.129,0.171,0.171,-0.42,0.0,-0.129,0.126,-0.255,-0.129,0.126,-0.255,0.009,-0.073,0.034,-0.454,-0.42,120,59,61
202687,Bismack Biyombo,2024,0.563,0.027,0.536,-0.604,-0.346,-0.258,-1.027,-0.611,-0.416,2.167,-0.003,2.17,-1.12,-0.593,-0.472,-0.127,0.113,0.113,-0.684,-0.571,0.0,-0.127,0.076,-0.203,-0.127,0.076,-0.203,0.469,-0.987,1.257,0.017,1.24,1.435,-0.016,1.451,0.48,0.026,0.454,-0.675,-0.001,-0.674,-0.144,-0.185,0.06,-0.499,-0.466,-0.466,0.614,0.148,0.0,-0.499,-0.335,-0.164,-0.499,-0.335,-0.164,0.061,0.551,1.819,0.044,1.775,0.83,-0.363,1.193,-0.547,-0.585,0.038,1.492,-0.004,1.496,-1.264,-0.778,-0.412,-0.626,-0.353,-0.353,-0.423,0.001,-0.626,-0.259,-0.367,-0.626,-0.259,-0.367,0.531,-0.437,-0.571,0.148,-0.422,7028,3506,3522
1629680,Matisse Thybulle,2024,-0.847,0.074,-0.921,-0.87,-0.004,-0.866,0.283,0.035,0.248,-0.334,0.002,-0.336,-0.395,-0.337,-0.083,0.228,-0.543,-0.543,-1.014,-1.557,0.0,0.228,-0.143,0.371,0.228,-0.143,0.371,-0.316,-0.674,0.069,-0.047,0.116,-0.48,-0.16,-0.32,0.741,-0.104,0.845,-0.145,0.003,-0.148,-0.069,-0.166,0.1,1.69,-0.557,-0.557,1.69,1.133,0.0,1.69,1.152,0.538,1.69,1.152,0.538,0.938,-0.473,-0.777,0.027,-0.804,-1.35,-0.164,-1.186,1.024,-0.069,1.093,-0.478,0.006,-0.484,-0.465,-0.503,0.017,1.918,-1.101,-1.101,-0.424,-0.0,1.918,1.009,0.909,1.918,1.009,0.909,0.621,-1.147,-1.557,1.133,-0.424,10858,5410,5448
202692,Alec Burks,2024,-0.155,0.037,-0.192,-1.242,-0.324,-0.918,-0.16,-0.095,-0.065,1.21,-0.0,1.21,0.735,0.566,0.193,0.425,0.071,0.071,1.005,1.076,0.0,0.425,0.572,-0.147,0.425,0.572,-0.147,-2.288,-1.373,-0.622,-0.133,-0.489,-0.143,-0.138,-0.005,-0.615,-0.043,-0.572,0.269,0.005,0.264,-0.448,-0.333,-0.102,-0.098,-0.333,-0.333,-1.168,-1.501,0.0,-0.098,-0.37,0.272,-0.098,-0.37,0.272,1.755,-0.212,-0.778,-0.096,-0.682,-1.385,-0.462,-0.923,-0.775,-0.138,-0.637,1.478,0.004,1.474,0.287,0.233,0.09,0.327,-0.263,-0.263,-0.425,0.0,0.327,0.202,0.125,0.327,0.202,0.125,-0.533,-1.585,1.076,-1.501,-0.425,9950,4970,4980
1631128,Christian Braun,2024,-1.826,0.083,-1.909,0.095,0.366,-0.271,-0.595,-0.048,-0.547,-1.409,-0.005,-1.404,-0.283,0.057,-0.37,-0.025,0.166,0.166,-2.134,-1.968,0.0,-0.025,-0.07,0.045,-0.025,-0.07,0.045,-1.446,0.7,1.881,-0.104,1.985,0.743,-0.027,0.77,1.141,0.083,1.058,0.101,0.004,0.097,-0.219,-0.308,0.112,-0.008,-0.112,-0.112,1.654,1.542,0.0,-0.008,0.211,-0.219,-0.008,0.211,-0.219,1.72,0.241,0.056,-0.021,0.077,0.837,0.339,0.498,0.547,0.036,0.511,-1.307,-0.001,-1.306,-0.502,-0.251,-0.258,-0.033,0.054,0.054,-0.426,0.0,-0.033,0.141,-0.174,-0.033,0.141,-0.174,0.274,0.941,-1.968,1.542,-0.426,12962,6447,6515
1631495,Donovan Williams,2024,-0.325,-0.021,-0.304,-0.016,-0.002,-0.014,-0.036,0.018,-0.054,-0.252,0.018,-0.27,-0.083,-0.058,-0.026,-0.056,0.271,0.271,-0.464,-0.193,0.0,-0.056,0.013,-0.069,-0.056,0.013,-0.069,0.011,0.075,-0.167,-0.008,-0.159,-0.091,0.008,-0.099,-0.05,-0.016,-0.034,-0.018,-0.006,-0.012,-0.086,-0.067,-0.017,-0.023,0.042,0.042,-0.276,-0.234,0.0,-0.023,0.005,-0.028,-0.023,0.005,-0.028,-0.134,-0.024,-0.492,-0.029,-0.463,-0.107,0.006,-0.113,-0.085,0.002,-0.087,-0.271,0.011,-0.282,-0.169,-0.125,-0.043,-0.079,0.313,0.313,-0.427,0.0,-0.079,0.018,-0.097,-0.079,0.018,-0.097,-0.123,0.051,-0.193,-0.234,-0.427,17,8,9
1630572,Sandro Mamukelashvili,2024,-2.588,0.053,-2.641,-0.549,-0.02,-0.529,-0.442,0.208,-0.65,-1.65,0.008,-1.658,-0.199,-0.135,-0.018,0.228,1.344,1.344,-2.559,-1.215,-0.0,0.228,0.007,0.221,0.228,0.007,0.221,0.07,-0.109,0.582,0.014,0.568,0.121,-0.078,0.199,0.337,-0.051,0.388,0.11,-0.001,0.111,0.324,0.388,-0.046,-0.007,-0.121,-0.121,0.899,0.778,0.0,-0.007,-0.101,0.094,-0.007,-0.101,0.094,0.209,-0.042,-2.007,0.067,-2.074,-0.428,-0.098,-0.33,-0.106,0.157,-0.263,-1.54,0.007,-1.547,0.125,0.253,-0.064,0.221,1.223,1.223,-0.437,-0.0,0.221,-0.094,0.315,0.221,-0.094,0.315,0.279,-0.152,-1.215,0.778,-0.437,4441,2230,2211
1631246,Vince Williams Jr.,2024,-0.247,-0.158,-0.089,0.14,-0.163,0.303,0.279,0.089,0.19,-0.508,0.014,-0.522,0.186,0.187,-0.035,-0.641,-0.307,-0.307,-0.702,-1.009,0.0,-0.641,-0.4,-0.241,-0.641,-0.4,-0.241,0.66,-0.391,-0.621,0.106,-0.727,-0.075,-0.205,0.13,-0.908,-0.152,-0.756,0.256,0.002,0.254,-0.042,-0.113,0.059,0.803,0.43,0.43,0.14,0.57,-0.0,0.803,0.415,0.388,0.803,0.415,0.388,0.876,-0.321,-0.868,-0.052,-0.816,0.065,-0.368,0.433,-0.629,-0.063,-0.566,-0.252,0.016,-0.268,0.144,0.074,0.025,0.162,0.123,0.123,-0.439,-0.001,0.162,0.015,0.147,0.162,0.015,0.147,1.537,-0.712,-1.009,0.57,-0.44,6194,3104,3090
1630530,Trey Murphy III,2024,-0.113,-0.165,0.052,-0.296,-0.167,-0.129,-1.215,0.109,-1.324,1.563,0.013,1.55,-0.027,-0.076,0.054,-0.727,-0.378,-0.378,-0.867,-1.245,0.0,-0.727,-0.651,-0.076,-0.727,-0.651,-0.076,-0.572,-0.734,0.08,0.014,0.066,-0.076,-0.079,0.003,-0.004,-0.118,0.114,0.146,0.002,0.144,0.107,0.015,0.107,0.198,0.388,0.388,0.385,0.773,0.0,0.198,0.3,-0.102,0.198,0.3,-0.102,0.929,0.038,-0.033,-0.151,0.118,-0.371,-0.245,-0.126,-1.219,-0.009,-1.21,1.708,0.014,1.694,0.081,-0.061,0.161,-0.529,0.01,0.01,-0.472,-0.001,-0.529,-0.352,-0.177,-0.529,-0.352,-0.177,0.357,-0.696,-1.245,0.773,-0.473,17289,8656,8633
1641735,Amari Bailey,2024,-0.056,0.012,-0.068,-0.084,-0.075,-0.009,-0.026,-0.064,0.038,0.042,0.016,0.026,-0.02,0.0,-0.025,-0.185,0.171,0.171,-0.261,-0.09,0.0,-0.185,-0.258,0.073,-0.185,-0.258,0.073,-0.328,-0.114,-0.146,-0.013,-0.133,-0.044,0.017,-0.061,0.01,0.007,0.003,-0.099,-0.006,-0.093,-0.005,-0.005,0.004,-0.022,-0.214,-0.214,-0.173,-0.387,0.0,-0.022,0.019,-0.041,-0.022,0.019,-0.041,-0.497,-0.109,-0.201,-0.001,-0.2,-0.126,-0.057,-0.069,-0.017,-0.057,0.04,-0.057,0.01,-0.067,-0.025,-0.005,-0.021,-0.208,-0.043,-0.043,-0.477,0.001,-0.208,-0.239,0.031,-0.208,-0.239,0.031,-0.825,-0.223,-0.09,-0.387,-0.476,255,127,128
1630540,Miles McBride,2024,-2.501,0.059,-2.56,-0.616,-0.211,-0.405,-1.522,-0.02,-1.502,-0.422,0.013,-0.435,-0.595,-0.482,-0.148,0.817,1.268,1.268,-2.279,-1.011,0.0,0.817,0.266,0.551,0.817,0.266,0.551,0.755,-0.922,-0.194,-0.04,-0.154,0.647,0.145,0.502,-0.679,0.053,-0.732,-0.122,-0.004,-0.118,0.154,0.015,0.146,0.245,0.32,0.32,0.205,0.525,0.0,0.245,0.067,0.178,0.245,0.067,0.178,-0.075,0.379,-2.694,0.019,-2.713,0.032,-0.065,0.097,-2.201,0.033,-2.234,-0.544,0.009,-0.553,-0.442,-0.467,-0.002,1.062,1.588,1.588,-0.486,-0.0,1.062,0.333,0.729,1.062,0.333,0.729,0.68,-0.543,-1.011,0.525,-0.486,9445,4693,4752
1629056,Terence Davis,2024,0.499,-0.101,0.6,-0.136,0.072,-0.208,0.132,0.372,-0.24,0.604,-0.001,0.605,-0.358,-0.468,0.101,-0.214,0.259,0.259,-0.073,0.186,-0.0,-0.214,0.009,-0.223,-0.214,0.009,-0.223,1.91,-0.124,-0.523,0.008,-0.531,-0.116,0.076,-0.192,0.086,0.0,0.086,-0.501,-0.001,-0.5,-0.368,-0.434,0.034,0.025,0.186,0.186,-0.866,-0.68,-0.0,0.025,0.216,-0.191,0.025,0.216,-0.191,0.676,0.329,-0.023,-0.093,0.07,-0.251,0.148,-0.399,0.218,0.372,-0.154,0.103,-0.002,0.105,-0.726,-0.902,0.135,-0.189,0.445,0.445,-0.494,-0.0,-0.189,0.226,-0.415,-0.189,0.226,-0.415,2.586,0.205,0.186,-0.68,-0.494,3691,1837,1854
1629714,Jarrell Brantley,2024,-0.475,-0.025,-0.45,-0.199,0.022,-0.221,-0.074,0.081,-0.155,-0.177,0.016,-0.193,-0.231,-0.14,-0.095,0.16,0.093,0.093,-0.546,-0.453,-0.0,0.16,0.124,0.036,0.16,0.124,0.036,0.198,-0.033,-0.084,-0.048,-0.036,-0.084,0.006,-0.09,0.005,-0.027,0.032,0.043,-0.006,0.049,-0.036,-0.024,-0.008,-0.082,0.157,0.157,-0.202,-0.045,0.0,-0.082,-0.081,-0.001,-0.082,-0.081,-0.001,-0.197,-0.002,-0.558,-0.073,-0.485,-0.283,0.028,-0.311,-0.068,0.055,-0.123,-0.134,0.011,-0.145,-0.267,-0.164,-0.102,0.078,0.25,0.25,-0.498,0.0,0.078,0.043,0.035,0.078,0.043,0.035,0.001,-0.035,-0.453,-0.045,-0.498,155,77,78
201588,George Hill,2024,-1.092,0.058,-1.15,0.094,-0.15,0.244,-0.434,-0.047,-0.387,-0.81,0.002,-0.812,-0.032,0.391,-0.402,0.216,-0.338,-0.338,-0.908,-1.246,0.0,0.216,0.282,-0.066,0.216,0.282,-0.066,-0.277,-0.468,1.002,-0.146,1.148,0.239,0.07,0.169,0.296,0.049,0.247,0.613,-0.001,0.614,0.158,-0.043,0.171,-0.393,-0.019,-0.019,0.767,0.748,0.0,-0.393,-0.412,0.019,-0.393,-0.412,0.019,2.379,0.558,-0.09,-0.088,-0.002,0.333,-0.08,0.413,-0.138,0.002,-0.14,-0.197,0.001,-0.198,0.126,0.348,-0.231,-0.178,-0.357,-0.357,-0.498,-0.001,-0.178,-0.13,-0.048,-0.178,-0.13,-0.048,2.102,0.089,-1.246,0.748,-0.499,3374,1688,1686
1631197,Jared Rhoden,2024,0.447,-0.01,0.457,-0.304,-0.287,-0.017,0.481,-0.25,0.731,0.28,0.007,0.273,0.017,0.076,-0.037,0.099,-0.315,-0.315,0.563,0.248,-0.0,0.099,0.081,0.018,0.099,0.081,0.018,-0.857,-0.654,-0.502,-0.001,-0.501,-0.318,-0.04,-0.278,-0.368,-0.062,-0.306,0.185,-0.003,0.188,-0.052,-0.101,0.06,0.058,-0.254,-0.254,-0.496,-0.75,0.0,0.058,-0.062,0.12,0.058,-0.062,0.12,0.414,-0.08,-0.054,-0.011,-0.043,-0.622,-0.327,-0.295,0.113,-0.312,0.425,0.466,0.005,0.461,-0.034,-0.025,0.022,0.157,-0.569,-0.569,-0.502,0.001,0.157,0.018,0.139,0.157,0.018,0.139,-0.443,-0.734,0.248,-0.75,-0.501,1757,881,876
1630224,Jalen Green,2024,1.357,0.062,1.295,0.069,0.239,-0.17,0.728,0.448,0.28,0.498,0.005,0.493,0.267,0.366,-0.118,-0.163,-0.573,-0.573,1.461,0.888,-0.0,-0.163,0.22,-0.383,-0.163,0.22,-0.383,-1.351,0.406,-0.74,-0.061,-0.679,-0.491,-0.111,-0.38,0.082,-0.158,0.24,-0.27,0.002,-0.272,-0.043,-0.066,0.028,-0.545,-0.061,-0.061,-1.328,-1.389,0.0,-0.545,-0.305,-0.24,-0.545,-0.305,-0.24,-0.987,-0.401,0.62,0.001,0.619,-0.421,0.128,-0.549,0.811,0.29,0.521,0.229,0.008,0.221,0.224,0.3,-0.091,-0.709,-0.633,-0.633,-0.501,-0.0,-0.709,-0.085,-0.624,-0.709,-0.085,-0.624,-2.338,0.005,0.888,-1.389,-0.501,21444,10720,10724
1629644,KZ Okpala,2024,-0.578,-0.128,-0.45,0.004,0.013,-0.009,0.234,0.049,0.185,-0.688,0.011,-0.699,0.09,-0.101,0.176,-0.387,-0.227,-0.227,-0.875,-1.102,0.0,-0.387,-0.264,-0.123,-0.387,-0.264,-0.123,0.345,0.124,0.486,0.065,0.421,0.126,0.014,0.112,0.097,0.032,0.065,0.198,-0.005,0.203,0.046,-0.101,0.142,0.056,0.012,0.012,0.588,0.6,-0.0,0.056,-0.094,0.15,0.056,-0.094,0.15,0.646,0.161,-0.09,-0.063,-0.027,0.131,0.027,0.104,0.332,0.081,0.251,-0.49,0.006,-0.496,0.136,-0.202,0.318,-0.332,-0.215,-0.215,-0.502,0.0,-0.332,-0.358,0.026,-0.332,-0.358,0.026,0.991,0.285,-1.102,0.6,-0.502,1041,511,530
1630196,Filip Petrusev,2024,-0.044,-0.013,-0.031,0.035,-0.024,0.059,0.049,-0.003,0.052,-0.115,0.018,-0.133,-0.057,-0.001,-0.059,-0.087,-0.079,-0.079,-0.188,-0.267,0.0,-0.087,-0.052,-0.035,-0.087,-0.052,-0.035,0.207,0.009,-0.192,-0.005,-0.187,-0.102,-0.002,-0.1,-0.042,-0.03,-0.012,-0.043,-0.007,-0.036,-0.047,-0.036,-0.009,-0.038,0.039,0.039,-0.277,-0.238,-0.0,-0.038,-0.042,0.004,-0.038,-0.042,0.004,-0.278,-0.094,-0.237,-0.018,-0.219,-0.067,-0.026,-0.041,0.007,-0.033,0.04,-0.159,0.011,-0.17,-0.104,-0.036,-0.068,-0.125,-0.04,-0.04,-0.505,0.0,-0.125,-0.094,-0.031,-0.125,-0.094,-0.031,-0.071,-0.085,-0.267,-0.238,-0.505,37,19,18
1631117,Walker Kessler,2024,-1.079,0.085,-1.164,0.112,-0.09,0.202,-0.158,-0.24,0.082,-1.118,-0.009,-1.109,-0.011,0.098,-0.102,-1.203,1.172,1.172,-2.293,-1.121,0.0,-1.203,-0.767,-0.436,-1.203,-0.767,-0.436,-2.067,0.317,1.213,0.012,1.201,1.578,0.103,1.475,0.354,0.187,0.167,-0.731,-0.003,-0.728,0.729,0.587,0.141,-1.098,-0.23,-0.23,0.844,0.614,-0.0,-1.098,-0.63,-0.468,-1.098,-0.63,-0.468,-1.798,0.414,0.135,0.097,0.038,1.691,0.013,1.678,0.195,-0.053,0.248,-1.848,-0.011,-1.837,0.718,0.685,0.039,-2.302,0.942,0.942,-0.507,0.0,-2.302,-1.397,-0.905,-2.302,-1.397,-0.905,-3.864,0.731,-1.121,0.614,-0.507,12999,6481,6518
1628964,Mo Bamba,2024,-1.596,-0.114,-1.482,-1.234,-0.207,-1.027,-0.077,0.019,-0.096,-0.171,0.01,-0.181,-0.586,-0.485,-0.068,0.082,1.108,1.108,-2.1,-0.992,0.0,0.082,0.04,0.042,0.082,0.04,0.042,0.492,-0.848,0.982,-0.018,1.0,-0.157,0.145,-0.302,0.671,-0.059,0.73,0.486,-0.001,0.487,-0.122,-0.261,0.113,-0.654,0.276,0.276,0.206,0.482,0.0,-0.654,-0.184,-0.47,-0.654,-0.184,-0.47,-0.457,0.218,-0.614,-0.132,-0.482,-1.391,-0.062,-1.329,0.594,-0.04,0.634,0.315,0.008,0.307,-0.708,-0.746,0.045,-0.572,1.383,1.383,-0.51,0.0,-0.572,-0.144,-0.428,-0.572,-0.144,-0.428,0.035,-0.63,-0.992,0.482,-0.51,6025,3017,3008
1630204,Ashton Hagans,2024,-0.248,0.081,-0.329,0.065,0.092,-0.027,-0.38,0.004,-0.384,-0.014,0.003,-0.017,-0.214,0.134,-0.331,-0.532,0.433,0.433,-0.994,-0.561,-0.0,-0.532,-0.094,-0.438,-0.532,-0.094,-0.438,-0.728,0.381,0.081,-0.045,0.126,0.079,0.012,0.067,0.332,0.006,0.326,-0.285,0.002,-0.287,-0.313,-0.396,0.09,0.135,0.148,0.148,-0.097,0.051,-0.0,0.135,0.032,0.103,0.135,0.032,0.103,1.196,0.178,-0.168,0.036,-0.204,0.144,0.104,0.04,-0.049,0.009,-0.058,-0.299,0.005,-0.304,-0.527,-0.262,-0.242,-0.398,0.581,0.581,-0.51,-0.0,-0.398,-0.062,-0.336,-0.398,-0.062,-0.336,0.469,0.559,-0.561,0.051,-0.51,1215,612,603
202685,Jonas Valanciunas,2024,-0.458,0.061,-0.519,-0.025,-0.177,0.152,-0.579,-0.466,-0.113,0.085,-0.007,0.092,-0.315,-0.469,0.205,-0.705,1.263,1.263,-1.478,-0.215,0.0,-0.705,-0.257,-0.448,-0.705,-0.257,-0.448,1.07,-0.534,-0.142,-0.149,0.007,0.149,0.07,0.079,0.076,0.005,0.071,-0.218,-0.003,-0.215,0.412,0.498,-0.076,-1.037,0.469,0.469,-0.767,-0.298,-0.0,-1.037,-0.123,-0.914,-1.037,-0.123,-0.914,-3.341,-0.165,-0.598,-0.088,-0.51,0.125,-0.107,0.232,-0.502,-0.461,-0.041,-0.133,-0.01,-0.123,0.097,0.029,0.13,-1.742,1.731,1.731,-0.513,0.0,-1.742,-0.381,-1.361,-1.742,-0.381,-1.361,-2.271,-0.698,-0.215,-0.298,-0.513,16001,8011,7990
1626171,Bobby Portis,2024,0.253,-0.07,0.323,-0.548,-0.405,-0.143,0.328,-0.675,1.003,0.543,-0.001,0.544,-0.608,-0.876,0.232,0.291,0.837,0.837,-0.064,0.773,0.0,0.291,0.352,-0.061,0.291,0.352,-0.061,0.848,-0.99,-0.737,0.055,-0.792,-1.025,0.027,-1.052,0.22,0.083,0.137,0.013,0.004,0.009,-0.053,-0.047,-0.02,-0.382,-0.115,-0.115,-1.172,-1.287,0.0,-0.382,-0.259,-0.123,-0.382,-0.259,-0.123,-0.667,-0.355,-0.484,-0.015,-0.469,-1.573,-0.378,-1.195,0.548,-0.592,1.14,0.556,0.003,0.553,-0.661,-0.923,0.212,-0.091,0.722,0.722,-0.514,0.0,-0.091,0.093,-0.184,-0.091,0.093,-0.184,0.181,-1.346,0.773,-1.287,-0.514,16772,8373,8399
1628425,Sterling Brown,2024,-0.33,0.013,-0.343,0.016,-0.02,0.036,-0.174,-0.016,-0.158,-0.185,0.017,-0.202,-0.007,-0.035,0.025,-0.045,0.073,0.073,-0.382,-0.309,0.0,-0.045,0.021,-0.066,-0.045,0.021,-0.066,-0.519,-0.101,-0.092,0.003,-0.095,0.035,0.013,0.022,-0.076,-0.042,-0.034,-0.054,-0.006,-0.048,-0.066,-0.083,0.019,-0.005,-0.043,-0.043,-0.163,-0.206,0.0,-0.005,-0.017,0.012,-0.005,-0.017,0.012,-0.081,0.049,-0.421,0.016,-0.437,0.051,-0.007,0.058,-0.249,-0.057,-0.192,-0.239,0.011,-0.25,-0.074,-0.118,0.044,-0.05,0.03,0.03,-0.515,0.0,-0.05,0.004,-0.054,-0.05,0.004,-0.054,-0.6,-0.052,-0.309,-0.206,-0.515,115,57,58
1628396,Tony Bradley,2024,0.013,0.061,-0.048,0.005,-0.037,0.042,-0.266,0.026,-0.292,0.213,0.017,0.196,-0.061,-0.022,-0.041,0.087,-0.343,-0.343,0.039,-0.304,0.0,0.087,0.169,-0.082,0.087,0.169,-0.082,0.441,-0.089,-0.138,0.003,-0.141,0.04,0.019,0.021,-0.123,-0.023,-0.1,-0.058,-0.006,-0.052,-0.054,-0.07,0.019,-0.022,-0.008,-0.008,-0.214,-0.222,0.0,-0.022,-0.006,-0.016,-0.022,-0.006,-0.016,-0.157,0.024,-0.125,0.064,-0.189,0.045,-0.018,0.063,-0.389,0.003,-0.392,0.155,0.011,0.144,-0.115,-0.091,-0.022,0.065,-0.352,-0.352,-0.526,0.0,0.065,0.163,-0.098,0.065,0.163,-0.098,0.284,-0.064,-0.304,-0.222,-0.526,150,75,75
203526,Raul Neto,2024,1.059,0.036,1.023,-0.114,-0.096,-0.018,0.652,-0.063,0.715,0.485,0.007,0.478,0.086,-0.057,0.133,-0.896,-0.313,-0.313,0.249,-0.064,0.0,-0.896,-0.319,-0.577,-0.896,-0.319,-0.577,-0.695,-0.371,-0.08,-0.043,-0.037,-0.251,0.0,-0.251,0.665,0.011,0.654,-0.451,-0.003,-0.448,-0.074,-0.06,0.005,0.067,-0.386,-0.386,-0.087,-0.473,0.0,0.067,0.135,-0.068,0.067,0.135,-0.068,0.959,0.033,0.981,-0.007,0.988,-0.364,-0.095,-0.269,1.318,-0.052,1.37,0.034,0.004,0.03,0.012,-0.117,0.139,-0.83,-0.699,-0.699,-0.537,0.001,-0.83,-0.185,-0.645,-0.83,-0.185,-0.645,0.264,-0.338,-0.064,-0.473,-0.536,1965,979,986
1641745,Adam Flagler,2024,-0.294,-0.03,-0.264,-0.154,-0.04,-0.114,0.009,0.022,-0.013,-0.119,0.021,-0.14,-0.059,-0.066,0.004,-0.031,0.118,0.118,-0.384,-0.266,0.0,-0.031,0.024,-0.055,-0.031,0.024,-0.055,0.008,-0.081,-0.182,-0.005,-0.177,-0.086,-0.017,-0.069,-0.128,-0.042,-0.086,0.037,-0.006,0.043,-0.043,-0.037,-0.005,-0.027,-0.023,-0.023,-0.252,-0.275,0.0,-0.027,0.02,-0.047,-0.027,0.02,-0.047,-0.341,-0.104,-0.477,-0.035,-0.442,-0.24,-0.057,-0.183,-0.119,-0.02,-0.099,-0.083,0.014,-0.097,-0.103,-0.103,-0.002,-0.058,0.095,0.095,-0.541,0.0,-0.058,0.044,-0.102,-0.058,0.044,-0.102,-0.333,-0.185,-0.266,-0.275,-0.541,60,29,31
1627788,Furkan Korkmaz,2024,-0.459,-0.021,-0.438,0.915,0.068,0.847,-0.774,0.121,-0.895,-0.579,0.007,-0.586,0.477,0.503,-0.013,-0.904,0.289,0.289,-0.886,-0.597,0.0,-0.904,-0.732,-0.172,-0.904,-0.732,-0.172,-0.394,0.628,-0.371,-0.002,-0.369,-0.643,-0.091,-0.552,-0.026,-0.132,0.106,0.3,-0.001,0.301,-0.424,-0.321,-0.1,0.674,0.172,0.172,-0.121,0.051,-0.0,0.674,0.19,0.484,0.674,0.19,0.484,-0.041,-0.456,-0.828,-0.023,-0.805,0.272,-0.023,0.295,-0.8,-0.011,-0.789,-0.277,0.007,-0.284,0.052,0.182,-0.112,-0.23,0.461,0.461,-0.546,0.0,-0.23,-0.542,0.312,-0.23,-0.542,0.312,-0.436,0.172,-0.597,0.051,-0.546,2725,1371,1354
1630648,Jordan Schakel,2024,-0.199,-0.018,-0.181,-0.152,-0.038,-0.114,0.038,-0.019,0.057,-0.067,0.018,-0.085,-0.099,-0.079,-0.022,0.011,0.063,0.063,-0.287,-0.224,0.0,0.011,0.016,-0.005,0.011,0.016,-0.005,0.022,-0.079,-0.333,-0.008,-0.325,-0.139,-0.004,-0.135,-0.074,-0.026,-0.048,-0.112,-0.006,-0.106,-0.076,-0.067,-0.007,0.05,0.036,0.036,-0.359,-0.323,0.0,0.05,-0.023,0.073,0.05,-0.023,0.073,-0.276,-0.094,-0.534,-0.026,-0.508,-0.291,-0.042,-0.249,-0.036,-0.045,0.009,-0.181,0.011,-0.192,-0.175,-0.146,-0.028,0.061,0.099,0.099,-0.547,0.0,0.061,-0.007,0.068,0.061,-0.007,0.068,-0.254,-0.173,-0.224,-0.323,-0.547,22,12,10
1630622,Jalen Crutcher,2024,-0.188,-0.018,-0.17,-0.136,-0.02,-0.116,-0.095,0.003,-0.098,0.061,0.018,0.043,-0.071,-0.047,-0.025,-0.024,0.033,0.033,-0.283,-0.25,0.0,-0.024,0.001,-0.025,-0.024,0.001,-0.025,0.11,-0.044,-0.224,-0.007,-0.217,-0.122,0.0,-0.122,-0.077,-0.027,-0.05,-0.018,-0.007,-0.011,-0.082,-0.068,-0.012,-0.032,0.027,0.027,-0.338,-0.311,-0.0,-0.032,-0.016,-0.016,-0.032,-0.016,-0.016,-0.235,-0.082,-0.412,-0.025,-0.387,-0.258,-0.02,-0.238,-0.173,-0.025,-0.148,0.044,0.012,0.032,-0.154,-0.115,-0.038,-0.055,0.059,0.059,-0.561,-0.0,-0.055,-0.015,-0.04,-0.055,-0.015,-0.04,-0.125,-0.125,-0.25,-0.311,-0.561,9,4,5
1631167,Izaiah Brockington,2024,-0.395,-0.022,-0.373,-0.027,-0.007,-0.02,-0.135,0.002,-0.137,-0.211,0.017,-0.228,-0.055,-0.041,-0.015,0.012,0.231,0.231,-0.438,-0.207,0.0,0.012,0.017,-0.005,0.012,0.017,-0.005,-0.053,-0.018,-0.22,-0.008,-0.212,-0.14,-0.001,-0.139,-0.024,-0.02,-0.004,-0.048,-0.006,-0.042,-0.062,-0.053,-0.006,-0.041,-0.038,-0.038,-0.323,-0.361,0.0,-0.041,-0.023,-0.018,-0.041,-0.023,-0.018,-0.209,-0.075,-0.614,-0.03,-0.584,-0.167,-0.008,-0.159,-0.159,-0.018,-0.141,-0.258,0.011,-0.269,-0.116,-0.094,-0.021,-0.029,0.193,0.193,-0.568,0.0,-0.029,-0.006,-0.023,-0.029,-0.006,-0.023,-0.262,-0.093,-0.207,-0.361,-0.568,15,8,7
1630620,Darius Days,2024,-0.638,0.006,-0.644,-0.032,-0.044,0.012,-0.063,0.009,-0.072,-0.549,0.017,-0.566,-0.167,-0.153,-0.02,0.042,0.441,0.441,-0.763,-0.322,0.0,0.042,0.007,0.035,0.042,0.007,0.035,0.108,-0.127,-0.265,0.004,-0.269,-0.077,0.015,-0.092,-0.152,-0.028,-0.124,-0.04,-0.006,-0.034,-0.12,-0.098,-0.019,-0.006,0.138,0.138,-0.391,-0.253,0.0,-0.006,0.043,-0.049,-0.006,0.043,-0.049,-0.084,-0.014,-0.903,0.01,-0.913,-0.109,-0.029,-0.08,-0.215,-0.019,-0.196,-0.589,0.011,-0.6,-0.286,-0.251,-0.04,0.036,0.579,0.579,-0.575,0.0,0.036,0.051,-0.015,0.036,0.051,-0.015,0.025,-0.141,-0.322,-0.253,-0.575,101,50,51
1630596,Evan Mobley,2024,-0.685,0.035,-0.72,1.281,0.183,1.098,-1.887,-0.328,-1.559,-0.114,-0.012,-0.102,-0.551,-0.178,-0.393,-0.498,0.042,0.042,-1.734,-1.692,0.0,-0.498,-0.219,-0.279,-0.498,-0.219,-0.279,0.117,1.529,0.6,-0.135,0.735,1.026,0.094,0.932,0.996,0.047,0.949,-1.287,-0.001,-1.286,0.02,0.161,-0.169,0.304,0.183,0.183,0.924,1.107,0.0,0.304,0.225,0.079,0.304,0.225,0.079,-1.137,0.409,-0.086,-0.1,0.014,2.307,0.277,2.03,-0.891,-0.281,-0.61,-1.402,-0.014,-1.388,-0.53,-0.017,-0.562,-0.194,0.225,0.225,-0.585,0.001,-0.194,0.006,-0.2,-0.194,0.006,-0.2,-1.021,1.938,-1.692,1.107,-0.584,19092,9558,9534
1631221,Collin Gillespie,2024,-0.365,-0.178,-0.187,-0.489,-0.075,-0.414,0.424,0.015,0.409,-0.122,0.014,-0.136,-0.089,0.022,-0.094,0.176,-0.019,-0.019,-0.278,-0.297,0.0,0.176,-0.019,0.195,0.176,-0.019,0.195,-0.181,-0.287,-0.123,0.048,-0.171,-0.319,0.016,-0.335,0.213,0.036,0.177,-0.065,-0.003,-0.062,-0.162,-0.06,-0.096,-0.043,0.041,0.041,-0.328,-0.287,0.0,-0.043,0.058,-0.101,-0.043,0.058,-0.101,0.429,0.089,-0.489,-0.13,-0.359,-0.807,-0.058,-0.749,0.637,0.051,0.586,-0.189,0.01,-0.199,-0.251,-0.038,-0.19,0.133,0.022,0.022,-0.584,0.0,0.133,0.039,0.094,0.133,0.039,0.094,0.249,-0.198,-0.297,-0.287,-0.584,895,444,451
1630564,RaiQuan Gray,2024,0.001,0.025,-0.024,-0.317,0.018,-0.335,-0.05,0.031,-0.081,0.343,0.015,0.328,-0.018,-0.117,0.095,0.22,-0.082,-0.082,0.203,0.121,-0.0,0.22,0.046,0.174,0.22,0.046,0.174,0.736,0.046,-0.488,-0.012,-0.476,0.009,0.012,-0.003,-0.055,-0.026,-0.029,-0.43,-0.007,-0.423,-0.082,-0.094,0.016,-0.132,-0.013,-0.013,-0.702,-0.715,0.0,-0.132,-0.143,0.011,-0.132,-0.143,0.011,-0.293,-0.039,-0.485,0.013,-0.498,-0.306,0.031,-0.337,-0.105,0.005,-0.11,-0.087,0.008,-0.095,-0.1,-0.21,0.111,0.087,-0.095,-0.095,-0.594,-0.001,0.087,-0.097,0.184,0.087,-0.097,0.184,0.443,0.007,0.121,-0.715,-0.595,300,152,148
1631207,Dalen Terry,2024,-0.325,-0.14,-0.185,0.759,0.15,0.609,0.364,0.035,0.329,-1.308,-0.007,-1.301,-0.235,0.542,-0.769,-0.392,0.611,0.611,-0.952,-0.341,0.0,-0.392,-0.193,-0.199,-0.392,-0.193,-0.199,-1.978,0.247,-0.321,-0.245,-0.076,0.348,0.033,0.315,0.351,0.043,0.308,-0.775,-0.002,-0.773,-0.512,-0.356,-0.129,0.241,0.335,0.335,-0.592,-0.257,-0.0,0.241,-0.088,0.329,0.241,-0.088,0.329,-0.625,0.26,-0.648,-0.385,-0.263,1.106,0.182,0.924,0.714,0.077,0.637,-2.083,-0.009,-2.074,-0.747,0.186,-0.898,-0.151,0.946,0.946,-0.598,0.0,-0.151,-0.281,0.13,-0.151,-0.281,0.13,-2.603,0.507,-0.341,-0.257,-0.598,3562,1781,1781
1641806,Markquis Nowell,2024,-0.276,-0.017,-0.259,-0.054,-0.025,-0.029,-0.135,-0.002,-0.133,-0.07,0.018,-0.088,-0.063,-0.039,-0.026,-0.068,0.086,0.086,-0.407,-0.321,0.0,-0.068,0.012,-0.08,-0.068,0.012,-0.08,-0.023,-0.018,-0.243,-0.008,-0.235,-0.075,0.008,-0.083,-0.071,-0.018,-0.053,-0.089,-0.007,-0.082,-0.07,-0.061,-0.006,0.004,0.031,0.031,-0.309,-0.278,0.0,0.004,0.005,-0.001,0.004,0.005,-0.001,-0.178,-0.029,-0.519,-0.025,-0.494,-0.129,-0.017,-0.112,-0.206,-0.02,-0.186,-0.159,0.011,-0.17,-0.133,-0.1,-0.032,-0.063,0.117,0.117,-0.599,0.0,-0.063,0.017,-0.08,-0.063,0.017,-0.08,-0.201,-0.047,-0.321,-0.278,-0.599,14,7,7
1628426,Sasha Vezenkov,2024,1.635,0.194,1.441,-0.29,0.032,-0.322,0.623,0.307,0.316,1.108,0.034,1.074,-0.49,-0.596,0.107,-0.231,-1.043,-1.043,0.914,-0.129,-0.0,-0.231,-0.145,-0.086,-0.231,-0.145,-0.086,1.691,0.086,-0.482,-0.123,-0.359,0.237,-0.011,0.248,-0.164,0.01,-0.174,-0.432,0.0,-0.432,-0.164,-0.276,0.128,0.076,0.09,0.09,-0.57,-0.48,0.0,0.076,-0.141,0.217,0.076,-0.141,0.217,0.042,0.081,1.152,0.071,1.081,-0.054,0.021,-0.075,0.459,0.317,0.142,0.676,0.034,0.642,-0.654,-0.872,0.235,-0.155,-0.953,-0.953,-0.609,0.0,-0.155,-0.286,0.131,-0.155,-0.286,0.131,1.733,0.166,-0.129,-0.48,-0.609,2087,1045,1042
1629656,Quentin Grimes,2024,-1.572,-0.211,-1.361,-1.13,-0.163,-0.967,-0.646,0.065,-0.711,0.415,-0.001,0.416,-0.363,-0.113,-0.246,0.905,-0.702,-0.702,-1.03,-1.732,0.0,0.905,0.009,0.896,0.905,0.009,0.896,-0.701,-0.422,1.086,-0.022,1.108,0.546,-0.038,0.584,-0.399,-0.084,-0.315,0.961,0.002,0.959,0.014,0.095,-0.084,-0.027,0.049,0.049,1.073,1.122,0.0,-0.027,-0.123,0.096,-0.027,-0.123,0.096,0.421,-0.062,-0.485,-0.233,-0.252,-0.584,-0.201,-0.383,-1.044,-0.019,-1.025,1.376,0.001,1.375,-0.35,-0.018,-0.329,0.878,-0.653,-0.653,-0.61,-0.0,0.878,-0.114,0.992,0.878,-0.114,0.992,-0.28,-0.484,-1.732,1.122,-0.61,13400,6679,6721
1630611,Gui Santos,2024,-1.03,0.029,-1.059,0.144,0.048,0.096,-0.074,0.126,-0.2,-1.129,0.018,-1.147,-0.036,-0.129,0.079,0.135,0.728,0.728,-0.931,-0.203,0.0,0.135,0.1,0.035,0.135,0.1,0.035,-0.038,0.437,-0.328,-0.116,-0.212,0.156,-0.017,0.173,-0.257,-0.032,-0.225,-0.111,-0.006,-0.105,-0.137,-0.071,-0.059,-0.175,0.231,0.231,-0.64,-0.409,0.0,-0.175,-0.073,-0.102,-0.175,-0.073,-0.102,-0.143,0.085,-1.359,-0.087,-1.272,0.3,0.031,0.269,-0.331,0.094,-0.425,-1.241,0.011,-1.252,-0.172,-0.2,0.02,-0.04,0.959,0.959,-0.612,0.001,-0.04,0.027,-0.067,-0.04,0.027,-0.067,-0.181,0.522,-0.203,-0.409,-0.611,782,388,394
1628467,Maxi Kleber,2024,0.153,-0.168,0.321,-0.054,-0.133,0.079,-0.148,0.274,-0.422,0.523,0.007,0.516,0.431,0.569,-0.123,-0.522,-1.344,-1.344,0.062,-1.282,0.0,-0.522,-0.256,-0.266,-0.522,-0.256,-0.266,-2.861,-0.862,0.594,0.16,0.434,0.534,0.112,0.422,-0.063,0.097,-0.16,-0.037,0.002,-0.039,-0.165,-0.173,-0.024,0.145,0.092,0.092,0.574,0.666,0.0,0.145,-0.15,0.295,0.145,-0.15,0.295,0.995,0.337,0.747,-0.008,0.755,0.48,-0.021,0.501,-0.211,0.372,-0.583,0.486,0.009,0.477,0.267,0.395,-0.147,-0.377,-1.252,-1.252,-0.616,0.0,-0.377,-0.406,0.029,-0.377,-0.406,0.029,-1.866,-0.525,-1.282,0.666,-0.616,7972,3993,3979
203952,Andrew Wiggins,2024,0.066,-0.054,0.12,-0.555,-0.124,-0.431,-0.092,-0.01,-0.082,0.767,0.003,0.764,-0.206,-0.184,-0.054,-0.127,-0.346,-0.346,-0.267,-0.613,0.0,-0.127,-0.239,0.112,-0.127,-0.239,0.112,1.186,-0.628,0.329,-0.13,0.459,0.019,0.123,-0.104,0.289,0.141,0.148,0.151,-0.003,0.154,-0.043,-0.053,-0.009,0.155,-0.448,-0.448,0.441,-0.007,-0.0,0.155,-0.224,0.379,0.155,-0.224,0.379,0.268,0.206,0.395,-0.184,0.579,-0.535,-0.001,-0.534,0.196,0.13,0.066,0.918,0.0,0.918,-0.249,-0.237,-0.063,0.028,-0.794,-0.794,-0.62,-0.0,0.028,-0.463,0.491,0.028,-0.463,0.491,1.454,-0.421,-0.613,-0.007,-0.62,14940,7456,7484
1628391,D.J. Wilson,2024,-0.114,-0.022,-0.092,0.085,-0.004,0.089,-0.097,0.035,-0.132,-0.08,0.018,-0.098,-0.07,0.016,-0.09,0.004,-0.035,-0.035,-0.18,-0.215,0.0,0.004,0.018,-0.014,0.004,0.018,-0.014,0.04,0.089,-0.314,-0.027,-0.287,-0.104,0.005,-0.109,-0.105,-0.008,-0.097,-0.078,-0.006,-0.072,-0.07,-0.067,-0.0,-0.076,0.054,0.054,-0.46,-0.406,0.0,-0.076,0.003,-0.079,-0.076,0.003,-0.079,-0.224,-0.04,-0.428,-0.049,-0.379,-0.019,0.001,-0.02,-0.202,0.027,-0.229,-0.158,0.012,-0.17,-0.141,-0.051,-0.09,-0.071,0.019,0.019,-0.621,0.0,-0.071,0.02,-0.091,-0.071,0.02,-0.091,-0.184,0.049,-0.215,-0.406,-0.621,56,28,28
1629655,Daniel Gafford,2024,-0.833,0.165,-0.998,0.332,0.059,0.273,-0.132,-0.496,0.364,-1.198,-0.002,-1.196,-0.814,-0.726,-0.114,-0.388,1.564,1.564,-2.035,-0.471,-0.0,-0.388,-0.373,-0.015,-0.388,-0.373,-0.015,-0.713,0.945,1.044,0.028,1.016,1.561,0.087,1.474,0.218,0.006,0.212,-0.763,-0.002,-0.761,0.397,0.318,0.087,-0.591,-1.006,-1.006,0.85,-0.156,-0.0,-0.591,-0.42,-0.171,-0.591,-0.42,-0.171,-2.605,0.341,0.212,0.193,0.019,1.893,0.146,1.747,0.086,-0.49,0.576,-1.96,-0.003,-1.957,-0.417,-0.407,-0.027,-0.979,0.558,0.558,-0.627,-0.0,-0.979,-0.793,-0.186,-0.979,-0.793,-0.186,-3.318,1.286,-0.471,-0.156,-0.627,15753,7875,7878
203469,Cody Zeller,2024,0.534,-0.086,0.62,-0.213,-0.093,-0.12,0.012,-0.091,0.103,0.821,0.002,0.819,-0.309,-0.052,-0.284,-0.381,0.259,0.259,-0.156,0.103,-0.0,-0.381,-0.314,-0.067,-0.381,-0.314,-0.067,0.076,-0.389,-0.929,0.061,-0.99,-0.286,0.059,-0.345,-0.763,-0.006,-0.757,0.059,-0.003,0.062,-0.139,-0.088,-0.041,-0.22,0.552,0.552,-1.288,-0.736,0.0,-0.22,0.001,-0.221,-0.22,0.001,-0.221,-0.881,-0.064,-0.395,-0.025,-0.37,-0.499,-0.034,-0.465,-0.751,-0.097,-0.654,0.88,-0.001,0.881,-0.448,-0.14,-0.325,-0.601,0.81,0.81,-0.633,0.001,-0.601,-0.313,-0.288,-0.601,-0.313,-0.288,-0.805,-0.454,0.103,-0.736,-0.632,2859,1433,1426
1641847,Andrew Funk,2024,-0.32,-0.024,-0.296,-0.074,-0.02,-0.054,-0.219,-0.001,-0.218,-0.003,0.018,-0.021,-0.086,-0.059,-0.029,-0.097,0.247,0.247,-0.503,-0.256,0.0,-0.097,-0.041,-0.056,-0.097,-0.041,-0.056,-0.18,-0.02,-0.141,-0.002,-0.139,0.041,-0.002,0.043,-0.096,-0.036,-0.06,-0.084,-0.006,-0.078,-0.107,-0.106,0.001,-0.016,-0.115,-0.115,-0.264,-0.379,0.0,-0.016,-0.026,0.01,-0.016,-0.026,0.01,-0.212,-0.004,-0.463,-0.026,-0.437,-0.034,-0.022,-0.012,-0.316,-0.037,-0.279,-0.087,0.012,-0.099,-0.193,-0.165,-0.028,-0.113,0.132,0.132,-0.635,0.0,-0.113,-0.067,-0.046,-0.113,-0.067,-0.046,-0.392,-0.024,-0.256,-0.379,-0.635,53,26,27
1629735,Chris Silva,2024,-0.288,-0.016,-0.272,-0.048,-0.026,-0.022,-0.108,-0.024,-0.084,-0.116,0.018,-0.134,-0.063,-0.041,-0.023,-0.065,0.012,0.012,-0.416,-0.404,-0.0,-0.065,0.008,-0.073,-0.065,0.008,-0.073,-0.087,-0.014,-0.141,0.018,-0.159,-0.097,0.006,-0.103,-0.048,-0.025,-0.023,-0.014,-0.006,-0.008,-0.092,-0.082,-0.008,-0.044,0.04,0.04,-0.277,-0.237,-0.0,-0.044,-0.022,-0.022,-0.044,-0.022,-0.022,-0.146,-0.05,-0.428,0.002,-0.43,-0.144,-0.02,-0.124,-0.156,-0.049,-0.107,-0.13,0.012,-0.142,-0.154,-0.123,-0.031,-0.11,0.052,0.052,-0.641,-0.0,-0.11,-0.013,-0.097,-0.11,-0.013,-0.097,-0.233,-0.064,-0.404,-0.237,-0.641,15,8,7
1630580,Joe Wieskamp,2024,-0.783,0.021,-0.804,-0.381,0.016,-0.397,-0.195,0.031,-0.226,-0.228,0.016,-0.244,-0.204,-0.135,-0.072,0.055,0.097,0.097,-0.932,-0.835,0.0,0.055,0.016,0.039,0.055,0.016,0.039,-0.597,-0.079,0.14,-0.013,0.153,0.01,0.034,-0.024,0.132,-0.018,0.15,0.011,-0.006,0.017,-0.046,-0.102,0.059,0.023,0.077,0.077,0.117,0.194,0.0,0.023,0.032,-0.009,0.023,0.032,-0.009,-0.209,0.001,-0.642,0.008,-0.65,-0.371,0.05,-0.421,-0.063,0.013,-0.076,-0.216,0.011,-0.227,-0.25,-0.237,-0.013,0.078,0.174,0.174,-0.641,0.0,0.078,0.048,0.03,0.078,0.048,0.03,-0.806,-0.078,-0.835,0.194,-0.641,205,101,104
1628416,Tyler Dorsey,2024,-0.394,-0.02,-0.374,-0.208,-0.013,-0.195,0.004,0.0,0.004,-0.17,0.018,-0.188,-0.067,-0.035,-0.034,-0.093,0.155,0.155,-0.554,-0.399,0.0,-0.093,-0.012,-0.081,-0.093,-0.012,-0.081,-0.067,-0.048,-0.117,-0.009,-0.108,-0.056,0.009,-0.065,-0.0,-0.014,0.014,-0.052,-0.006,-0.046,-0.068,-0.052,-0.014,-0.041,-0.023,-0.023,-0.226,-0.249,0.0,-0.041,-0.031,-0.01,-0.041,-0.031,-0.01,-0.181,-0.032,-0.511,-0.029,-0.482,-0.264,-0.004,-0.26,0.005,-0.014,0.019,-0.223,0.011,-0.234,-0.135,-0.087,-0.048,-0.134,0.132,0.132,-0.648,0.0,-0.134,-0.043,-0.091,-0.134,-0.043,-0.091,-0.249,-0.08,-0.399,-0.249,-0.648,29,15,14
1629651,Nicolas Claxton,2024,0.106,0.075,0.031,0.942,0.099,0.843,-0.248,-0.303,0.055,-0.663,-0.007,-0.656,-0.736,-0.405,-0.33,-0.256,-0.197,-0.197,-0.886,-1.083,0.0,-0.256,-0.497,0.241,-0.256,-0.497,0.241,0.139,0.855,1.266,-0.072,1.338,1.262,0.002,1.26,0.829,0.117,0.712,-0.753,-0.001,-0.752,0.283,0.3,-0.018,-0.263,-0.854,-0.854,1.286,0.432,-0.0,-0.263,0.006,-0.269,-0.263,0.006,-0.269,0.253,0.172,1.372,0.003,1.369,2.204,0.101,2.103,0.579,-0.187,0.766,-1.414,-0.007,-1.407,-0.453,-0.105,-0.348,-0.519,-1.051,-1.051,-0.651,-0.0,-0.519,-0.491,-0.028,-0.519,-0.491,-0.028,0.392,1.027,-1.083,0.432,-0.651,17868,8888,8980
1630237,Anthony Lamb,2024,0.751,-0.048,0.799,0.302,-0.19,0.492,-0.375,0.207,-0.582,0.872,0.001,0.871,0.188,-0.176,0.337,-1.035,-0.419,-0.419,-0.096,-0.515,-0.0,-1.035,-0.489,-0.546,-1.035,-0.489,-0.546,2.843,-0.192,-0.004,-0.043,0.039,0.068,0.067,0.001,-0.211,-0.049,-0.162,0.182,0.001,0.181,-0.083,-0.073,-0.004,-0.061,0.009,0.009,-0.148,-0.139,0.0,-0.061,-0.404,0.343,-0.061,-0.404,0.343,-0.632,0.223,0.747,-0.091,0.838,0.37,-0.123,0.493,-0.586,0.158,-0.744,1.054,0.002,1.052,0.105,-0.25,0.334,-1.095,-0.411,-0.411,-0.654,-0.0,-1.095,-0.893,-0.202,-1.095,-0.893,-0.202,2.211,0.031,-0.515,-0.139,-0.654,5021,2513,2508
1631309,Trevor Hudgins,2024,-0.341,0.017,-0.358,-0.047,-0.052,0.005,-0.087,-0.003,-0.084,-0.224,0.017,-0.241,-0.039,-0.085,0.04,0.018,-0.091,-0.091,-0.362,-0.453,-0.0,0.018,0.026,-0.008,0.018,0.026,-0.008,-0.058,-0.145,-0.277,0.004,-0.281,-0.125,0.016,-0.141,-0.129,-0.024,-0.105,-0.027,-0.006,-0.021,-0.115,-0.082,-0.031,0.05,0.139,0.139,-0.342,-0.203,0.0,0.05,0.087,-0.037,0.05,0.087,-0.037,-0.121,-0.029,-0.617,0.021,-0.638,-0.172,-0.036,-0.136,-0.216,-0.027,-0.189,-0.25,0.011,-0.261,-0.154,-0.167,0.009,0.068,0.048,0.048,-0.656,0.001,0.068,0.113,-0.045,0.068,0.113,-0.045,-0.179,-0.175,-0.453,-0.203,-0.655,109,54,55
1641854,Craig Porter,2024,1.228,-0.064,1.292,0.039,-0.106,0.145,0.146,-0.295,0.441,1.107,0.006,1.101,-0.702,-0.436,-0.295,-0.525,0.017,0.017,0.001,0.018,-0.0,-0.525,0.264,-0.789,-0.525,0.264,-0.789,2.234,-0.261,-0.473,-0.029,-0.444,0.109,0.041,0.068,-0.367,-0.061,-0.306,-0.186,-0.012,-0.174,0.015,0.104,-0.064,-0.731,0.513,0.513,-1.189,-0.676,0.0,-0.731,-0.485,-0.246,-0.731,-0.485,-0.246,-0.397,0.223,0.757,-0.093,0.85,0.149,-0.064,0.213,-0.22,-0.355,0.135,0.921,-0.005,0.926,-0.687,-0.332,-0.359,-1.257,0.53,0.53,-0.658,0.0,-1.257,-0.22,-1.037,-1.257,-0.22,-1.037,1.837,-0.038,0.018,-0.676,-0.658,2534,1265,1269
1631115,Orlando Robinson,2024,-1.003,-0.007,-0.996,-1.042,-0.063,-0.979,-0.062,-0.014,-0.048,0.108,0.006,0.102,-0.129,-0.214,0.092,-0.706,1.132,1.132,-1.838,-0.706,0.0,-0.706,-0.449,-0.257,-0.706,-0.449,-0.257,-0.792,-0.533,-0.214,-0.131,-0.083,0.29,0.002,0.288,0.427,-0.098,0.525,-0.8,-0.002,-0.798,-0.076,-0.048,-0.008,0.493,-0.174,-0.174,0.203,0.029,-0.0,0.493,0.224,0.269,0.493,0.224,0.269,-1.488,-0.068,-1.217,-0.138,-1.079,-0.752,-0.061,-0.691,0.365,-0.112,0.477,-0.692,0.004,-0.696,-0.205,-0.262,0.084,-0.213,0.957,0.957,-0.677,-0.0,-0.213,-0.224,0.011,-0.213,-0.224,0.011,-2.28,-0.601,-0.706,0.029,-0.677,2857,1423,1434
1627823,Juancho Hernangomez,2024,-1.413,-0.141,-1.272,0.627,0.063,0.564,-1.044,-0.105,-0.939,-0.855,0.006,-0.861,-0.003,-0.032,0.016,-0.179,1.83,1.83,-1.595,0.235,-0.0,-0.179,-0.258,0.079,-0.179,-0.258,0.079,-2.282,0.004,-1.029,0.021,-1.05,-0.904,-0.01,-0.894,-0.303,-0.093,-0.21,0.157,-0.002,0.159,-0.033,0.021,-0.05,-0.329,0.478,0.478,-1.391,-0.913,-0.0,-0.329,-0.212,-0.117,-0.329,-0.212,-0.117,-0.929,-0.203,-2.443,-0.12,-2.323,-0.278,0.052,-0.33,-1.347,-0.198,-1.149,-0.698,0.004,-0.702,-0.036,-0.011,-0.035,-0.508,2.308,2.308,-0.678,-0.0,-0.508,-0.469,-0.039,-0.508,-0.469,-0.039,-3.211,-0.199,0.235,-0.913,-0.678,2454,1229,1225
203083,Andre Drummond,2024,-1.857,0.33,-2.187,-0.544,0.131,-0.675,-0.621,-0.349,-0.272,-1.022,-0.013,-1.009,-0.573,0.306,-0.875,-0.778,2.727,2.727,-3.208,-0.481,-0.0,-0.778,-0.4,-0.378,-0.778,-0.4,-0.378,-5.177,-0.168,-0.479,-0.091,-0.388,0.29,0.122,0.168,-0.178,-0.041,-0.137,-0.5,-0.009,-0.491,-0.051,-0.044,-0.029,0.439,-0.11,-0.11,-0.091,-0.201,0.0,0.439,0.279,0.16,0.439,0.279,0.16,-0.458,0.261,-2.335,0.239,-2.574,-0.253,0.254,-0.507,-0.799,-0.39,-0.409,-1.522,-0.022,-1.5,-0.624,0.262,-0.904,-0.34,2.616,2.616,-0.682,-0.001,-0.34,-0.121,-0.219,-0.34,-0.121,-0.219,-5.635,0.093,-0.481,-0.201,-0.683,8736,4356,4380
203486,Mason Plumlee,2024,0.187,-0.031,0.218,-0.302,0.109,-0.411,-0.063,-0.013,-0.05,0.583,-0.002,0.585,-0.512,0.009,-0.543,-0.032,0.528,0.528,-0.357,0.171,-0.0,-0.032,-0.242,0.21,-0.032,-0.242,0.21,2.606,0.84,-0.894,0.017,-0.911,-0.44,0.026,-0.466,-0.496,0.097,-0.593,0.025,0.001,0.024,0.327,0.371,-0.02,0.081,-0.37,-0.37,-0.486,-0.856,-0.0,0.081,-0.034,0.115,0.081,-0.034,0.115,-1.68,-0.08,-0.707,-0.014,-0.693,-0.742,0.135,-0.877,-0.559,0.084,-0.643,0.608,-0.001,0.609,-0.186,0.379,-0.563,0.049,0.158,0.158,-0.685,0.001,0.049,-0.276,0.325,0.049,-0.276,0.325,0.927,0.76,0.171,-0.856,-0.684,11871,5938,5933
1641709,Ausar Thompson,2024,-2.117,0.0,-2.117,0.041,0.199,-0.158,-0.179,0.054,-0.233,-1.979,-0.005,-1.974,0.193,0.098,0.103,-0.521,0.537,0.537,-2.445,-1.908,0.0,-0.521,-0.309,-0.212,-0.521,-0.309,-0.212,-1.718,0.797,0.893,-0.001,0.894,0.386,0.015,0.371,0.417,0.005,0.412,0.091,0.0,0.091,0.013,-0.275,0.259,0.116,0.181,0.181,1.022,1.203,0.0,0.116,-0.046,0.162,0.116,-0.046,0.162,-0.024,-0.079,-1.224,-0.001,-1.223,0.426,0.214,0.212,0.239,0.059,0.18,-1.888,-0.005,-1.883,0.206,-0.177,0.362,-0.405,0.718,0.718,-0.705,-0.0,-0.405,-0.355,-0.05,-0.405,-0.355,-0.05,-1.742,0.718,-1.908,1.203,-0.705,6486,3228,3258
1627741,Buddy Hield,2024,0.378,0.083,0.295,-0.056,0.075,-0.131,0.051,0.549,-0.498,0.3,0.01,0.29,-0.515,-0.562,0.059,0.08,-0.035,-0.035,-0.057,-0.092,0.0,0.08,-0.089,0.169,0.08,-0.089,0.169,2.7,0.46,-0.258,0.135,-0.393,0.664,-0.115,0.779,-0.454,-0.037,-0.417,-0.603,0.007,-0.61,0.04,-0.057,0.101,-0.003,-0.393,-0.393,-0.221,-0.614,0.0,-0.003,-0.046,0.043,-0.003,-0.046,0.043,0.301,0.173,0.12,0.218,-0.098,0.608,-0.04,0.648,-0.403,0.512,-0.915,-0.303,0.017,-0.32,-0.476,-0.62,0.16,0.078,-0.428,-0.428,-0.706,0.0,0.078,-0.135,0.213,0.078,-0.135,0.213,3.001,0.633,-0.092,-0.614,-0.706,19333,9681,9652
1630643,Jay Huff,2024,0.263,-0.079,0.342,0.067,-0.033,0.1,0.467,0.067,0.4,-0.192,0.016,-0.208,0.009,0.005,-0.002,-0.028,-0.354,-0.354,0.244,-0.11,-0.0,-0.028,0.155,-0.183,-0.028,0.155,-0.183,0.34,0.142,-0.803,-0.055,-0.748,-0.204,0.004,-0.208,-0.273,-0.044,-0.229,-0.271,-0.003,-0.268,-0.121,-0.125,0.012,0.096,0.229,0.229,-0.828,-0.599,0.0,0.096,0.169,-0.073,0.096,0.169,-0.073,-0.14,0.092,-0.544,-0.134,-0.41,-0.138,-0.03,-0.108,0.193,0.022,0.171,-0.465,0.012,-0.477,-0.112,-0.12,0.01,0.068,-0.125,-0.125,-0.709,0.0,0.068,0.324,-0.256,0.068,0.324,-0.256,0.2,0.234,-0.11,-0.599,-0.709,623,310,313
1629021,Moritz Wagner,2024,-0.81,0.017,-0.827,-0.424,0.423,-0.847,-0.092,0.326,-0.418,-0.311,-0.001,-0.31,0.342,0.243,0.09,-0.873,0.811,0.811,-1.341,-0.53,-0.0,-0.873,-0.303,-0.57,-0.873,-0.303,-0.57,1.132,1.284,-1.111,-0.096,-1.015,-1.0,0.07,-1.07,-0.205,-0.062,-0.143,0.19,-0.001,0.191,0.134,0.158,-0.025,0.589,0.205,0.205,-0.388,-0.183,0.0,0.589,-0.064,0.653,0.589,-0.064,0.653,-1.426,-0.179,-1.921,-0.079,-1.842,-1.424,0.493,-1.917,-0.297,0.264,-0.561,-0.121,-0.002,-0.119,0.476,0.401,0.065,-0.284,1.016,1.016,-0.713,0.0,-0.284,-0.367,0.083,-0.284,-0.367,0.083,-0.294,1.105,-0.53,-0.183,-0.713,10580,5303,5277
1641816,Hunter Tyson,2024,0.096,-0.078,0.174,-0.11,-0.082,-0.028,0.216,0.077,0.139,0.068,0.024,0.044,-0.24,-0.1,-0.142,-0.076,-0.307,-0.307,-0.22,-0.527,-0.0,-0.076,-0.101,0.025,-0.076,-0.101,0.025,0.388,-0.176,-0.151,-0.003,-0.148,-0.225,0.001,-0.226,-0.166,-0.065,-0.101,0.243,-0.006,0.249,-0.181,-0.121,-0.058,-0.083,0.228,0.228,-0.415,-0.187,-0.0,-0.083,-0.017,-0.066,-0.083,-0.017,-0.066,-0.008,-0.044,-0.055,-0.081,0.026,-0.335,-0.081,-0.254,0.05,0.012,0.038,0.311,0.018,0.293,-0.42,-0.221,-0.2,-0.16,-0.078,-0.078,-0.714,-0.0,-0.16,-0.118,-0.042,-0.16,-0.118,-0.042,0.38,-0.22,-0.527,-0.187,-0.714,256,130,126
1628402,Frank Jackson,2024,-0.378,-0.02,-0.358,-0.065,-0.016,-0.049,-0.097,-0.006,-0.091,-0.196,0.018,-0.214,-0.063,-0.027,-0.038,0.008,0.119,0.119,-0.433,-0.314,0.0,0.008,0.02,-0.012,0.008,0.02,-0.012,-0.033,0.022,-0.287,-0.007,-0.28,-0.114,-0.004,-0.11,-0.096,-0.016,-0.08,-0.07,-0.006,-0.064,-0.064,-0.055,-0.007,-0.051,-0.001,-0.001,-0.402,-0.403,-0.0,-0.051,-0.023,-0.028,-0.051,-0.023,-0.028,-0.282,-0.072,-0.665,-0.027,-0.638,-0.178,-0.019,-0.159,-0.193,-0.022,-0.171,-0.267,0.011,-0.278,-0.127,-0.082,-0.045,-0.043,0.118,0.118,-0.717,0.0,-0.043,-0.002,-0.041,-0.043,-0.002,-0.041,-0.315,-0.05,-0.314,-0.403,-0.717,17,9,8
1629645,Kevin Porter Jr.,2024,-0.694,0.117,-0.811,-0.743,-0.042,-0.701,-0.827,-0.065,-0.762,0.759,-0.001,0.76,0.131,-0.037,0.137,-0.8,1.217,1.217,-1.363,-0.146,-0.0,-0.8,0.055,-0.855,-0.8,0.055,-0.855,-3.288,-0.474,-0.844,-0.034,-0.81,-0.81,0.007,-0.817,0.069,-0.246,0.315,-0.069,0.004,-0.073,-0.124,-0.085,-0.052,0.139,0.256,0.256,-0.829,-0.573,0.0,0.139,0.2,-0.061,0.139,0.2,-0.061,-0.992,-0.107,-1.537,0.083,-1.62,-1.553,-0.035,-1.518,-0.757,-0.31,-0.447,0.69,0.003,0.687,0.008,-0.122,0.084,-0.661,1.473,1.473,-0.719,-0.0,-0.661,0.255,-0.916,-0.661,0.255,-0.916,-4.28,-0.581,-0.146,-0.573,-0.719,8408,4195,4213
1629653,Devon Dotson,2024,-0.59,-0.052,-0.538,-0.092,-0.009,-0.083,-0.37,0.013,-0.383,-0.076,0.017,-0.093,0.024,0.135,-0.117,0.04,-0.091,-0.091,-0.526,-0.617,-0.0,0.04,0.029,0.011,0.04,0.029,0.011,-0.437,-0.019,-0.18,0.016,-0.196,-0.058,0.004,-0.062,-0.052,-0.015,-0.037,-0.086,-0.006,-0.08,-0.172,-0.114,-0.076,0.13,0.11,0.11,-0.222,-0.112,-0.0,0.13,0.034,0.096,0.13,0.034,0.096,0.413,0.088,-0.769,-0.036,-0.733,-0.149,-0.004,-0.145,-0.422,-0.002,-0.42,-0.162,0.011,-0.173,-0.148,0.021,-0.193,0.17,0.018,0.018,-0.729,-0.0,0.17,0.063,0.107,0.17,0.063,0.107,-0.024,0.069,-0.617,-0.112,-0.729,210,105,105
202689,Kemba Walker,2024,-0.372,-0.021,-0.351,-0.163,-0.015,-0.148,-0.07,0.062,-0.132,-0.118,0.013,-0.131,-0.111,-0.071,-0.047,0.421,0.002,0.002,-0.062,-0.06,0.0,0.421,0.44,-0.019,0.421,0.44,-0.019,-0.689,0.01,-0.416,-0.05,-0.366,-0.033,0.007,-0.04,-0.22,-0.002,-0.218,-0.113,-0.005,-0.108,-0.183,-0.113,-0.066,-0.073,-0.006,-0.006,-0.672,-0.678,-0.0,-0.073,0.035,-0.108,-0.073,0.035,-0.108,-0.144,-0.072,-0.788,-0.071,-0.717,-0.197,-0.008,-0.189,-0.289,0.061,-0.35,-0.231,0.008,-0.239,-0.294,-0.184,-0.113,0.347,-0.004,-0.004,-0.738,0.0,0.347,0.475,-0.128,0.347,0.475,-0.128,-0.833,-0.062,-0.06,-0.678,-0.738,406,202,204
1630228,Jonathan Kuminga,2024,1.221,-0.008,1.229,0.69,0.299,0.391,0.261,0.254,0.007,0.278,-0.005,0.283,-0.057,-0.047,0.021,-0.611,-1.406,-1.406,0.553,-0.853,-0.0,-0.611,-0.107,-0.504,-0.611,-0.107,-0.504,0.756,0.692,-0.182,0.115,-0.297,0.017,0.029,-0.012,-0.219,0.007,-0.226,-0.095,0.003,-0.098,-0.156,-0.206,0.073,0.437,0.013,0.013,0.099,0.112,-0.0,0.437,0.45,-0.013,0.437,0.45,-0.013,-0.434,-0.135,1.039,0.107,0.932,0.706,0.328,0.378,0.042,0.261,-0.219,0.184,-0.002,0.186,-0.213,-0.253,0.094,-0.174,-1.393,-1.393,-0.741,-0.0,-0.174,0.344,-0.518,-0.174,0.344,-0.518,0.322,0.557,-0.853,0.112,-0.741,14063,7005,7058
203937,Kyle Anderson,2024,-1.134,-0.145,-0.989,-0.025,-0.131,0.106,-0.861,-0.351,-0.51,-0.103,-0.009,-0.094,0.308,0.556,-0.258,0.387,-0.73,-0.73,-0.439,-1.169,-0.0,0.387,0.271,0.116,0.387,0.271,0.116,0.336,0.32,-0.306,-0.227,-0.079,-0.39,-0.002,-0.388,0.426,0.005,0.421,-0.115,0.001,-0.116,-0.155,-0.196,0.036,0.938,-0.062,-0.062,0.477,0.415,0.0,0.938,0.08,0.858,0.938,0.08,0.858,1.484,0.404,-1.442,-0.372,-1.07,-0.417,-0.134,-0.283,-0.435,-0.346,-0.089,-0.218,-0.008,-0.21,0.153,0.36,-0.222,1.324,-0.793,-0.793,-0.754,0.001,1.324,0.352,0.972,1.324,0.352,0.972,1.819,0.724,-1.169,0.415,-0.753,16300,8132,8168
202691,Klay Thompson,2024,0.002,-0.127,0.129,0.12,0.043,0.077,-0.257,0.167,-0.424,0.266,0.0,0.266,-0.292,-0.313,0.022,-0.089,0.619,0.619,-0.379,0.24,0.0,-0.089,-0.369,0.28,-0.089,-0.369,0.28,3.113,0.68,-0.262,0.043,-0.305,0.248,-0.04,0.288,-0.086,-0.056,-0.03,-0.467,-0.002,-0.465,0.058,0.024,0.018,-0.699,-0.103,-0.103,-0.903,-1.006,0.0,-0.699,-0.475,-0.224,-0.699,-0.475,-0.224,-0.734,-0.138,-0.26,-0.084,-0.176,0.368,0.003,0.365,-0.344,0.11,-0.454,-0.2,-0.001,-0.199,-0.234,-0.289,0.04,-0.787,0.516,0.516,-0.766,-0.001,-0.787,-0.843,0.056,-0.787,-0.843,0.056,2.379,0.542,0.24,-1.006,-0.767,21408,10710,10698
1630534,Ochai Agbaji,2024,0.003,-0.228,0.231,0.548,0.089,0.459,0.422,0.159,0.263,-0.739,0.001,-0.74,-0.083,-0.158,0.121,0.302,-0.177,-0.177,0.222,0.045,0.0,0.302,0.041,0.261,0.302,0.041,0.261,0.16,0.568,0.934,-0.059,0.993,0.532,0.081,0.451,-0.367,0.015,-0.382,0.828,0.002,0.826,-0.049,-0.067,0.018,-0.899,-0.809,-0.809,-0.014,-0.823,0.0,-0.899,-0.371,-0.528,-0.899,-0.371,-0.528,-0.19,0.273,0.937,-0.287,1.224,1.08,0.17,0.91,0.055,0.174,-0.119,0.089,0.003,0.086,-0.133,-0.225,0.139,-0.596,-0.986,-0.986,-0.778,0.0,-0.596,-0.33,-0.266,-0.596,-0.33,-0.266,-0.03,0.841,0.045,-0.823,-0.778,11790,5888,5902
1630846,Olivier Sarr,2024,-0.675,0.048,-0.723,-0.473,-0.079,-0.394,0.035,-0.017,0.052,-0.285,0.015,-0.3,-0.177,-0.079,-0.11,-0.428,0.55,0.55,-1.28,-0.73,0.0,-0.428,0.082,-0.51,-0.428,0.082,-0.51,-0.727,-0.284,-0.185,-0.151,-0.034,-0.05,-0.002,-0.048,0.127,-0.022,0.149,-0.111,-0.007,-0.104,0.005,0.005,0.006,-0.067,0.198,0.198,-0.247,-0.049,-0.0,-0.067,-0.034,-0.033,-0.067,-0.034,-0.033,0.071,0.058,-0.86,-0.103,-0.757,-0.523,-0.08,-0.443,0.162,-0.039,0.201,-0.396,0.008,-0.404,-0.172,-0.074,-0.104,-0.495,0.748,0.748,-0.779,-0.0,-0.495,0.048,-0.543,-0.495,0.048,-0.543,-0.655,-0.225,-0.73,-0.049,-0.779,856,426,430
1631157,Ryan Rollins,2024,-0.321,0.016,-0.337,0.281,0.058,0.223,-0.366,-0.002,-0.364,-0.252,0.007,-0.259,0.015,-0.095,0.1,-0.65,-0.385,-0.385,-0.956,-1.341,0.0,-0.65,-0.214,-0.436,-0.65,-0.214,-0.436,-0.835,0.111,0.013,0.023,-0.01,-0.035,0.022,-0.057,-0.07,-0.068,-0.002,0.095,-0.007,0.102,-0.092,-0.118,0.031,0.409,0.222,0.222,0.33,0.552,0.0,0.409,0.242,0.167,0.409,0.242,0.167,0.219,0.052,-0.306,0.039,-0.345,0.246,0.08,0.166,-0.434,-0.069,-0.365,-0.157,0.0,-0.157,-0.077,-0.213,0.131,-0.24,-0.163,-0.163,-0.789,0.0,-0.24,0.028,-0.268,-0.24,0.028,-0.268,-0.616,0.163,-1.341,0.552,-0.789,594,298,296
1629603,Mamadi Diakite,2024,-0.248,0.099,-0.347,-0.271,-0.023,-0.248,0.061,-0.046,0.107,-0.137,0.01,-0.147,-0.171,-0.228,0.081,-0.378,-0.41,-0.41,-0.797,-1.207,0.0,-0.378,0.132,-0.51,-0.378,0.132,-0.51,-1.427,-0.415,0.113,0.077,0.036,-0.269,0.057,-0.326,-0.056,-0.023,-0.033,0.361,-0.007,0.368,-0.057,-0.036,-0.011,0.245,0.116,0.116,0.301,0.417,0.0,0.245,0.154,0.091,0.245,0.154,0.091,0.194,0.127,-0.136,0.176,-0.312,-0.541,0.033,-0.574,0.005,-0.069,0.074,0.224,0.003,0.221,-0.228,-0.264,0.07,-0.132,-0.294,-0.294,-0.79,0.0,-0.132,0.287,-0.419,-0.132,0.287,-0.419,-1.232,-0.288,-1.207,0.417,-0.79,820,405,415
1626224,Cedi Osman,2024,0.979,0.233,0.746,0.451,-0.157,0.608,0.341,0.036,0.305,-0.046,-0.003,-0.043,-0.045,0.208,-0.264,0.244,-0.882,-0.882,1.178,0.296,0.0,0.244,0.264,-0.02,0.244,0.264,-0.02,0.874,-0.221,-0.79,0.022,-0.812,-0.348,0.005,-0.353,0.187,-0.068,0.255,-0.651,-0.002,-0.649,-0.35,-0.373,-0.006,0.477,-0.429,-0.429,-0.663,-1.092,0.0,0.477,-0.103,0.58,0.477,-0.103,0.58,0.92,-0.123,0.191,0.255,-0.064,0.105,-0.151,0.256,0.528,-0.032,0.56,-0.697,-0.005,-0.692,-0.395,-0.164,-0.271,0.721,-1.312,-1.312,-0.796,0.0,0.721,0.161,0.56,0.721,0.161,0.56,1.794,-0.344,0.296,-1.092,-0.796,11666,5827,5839
1626195,Willy Hernangomez,2024,-1.428,-0.041,-1.387,-0.619,0.113,-0.732,-0.515,0.029,-0.544,-0.253,0.009,-0.262,0.14,0.405,-0.239,-0.301,0.545,0.545,-1.589,-1.044,-0.0,-0.301,-0.14,-0.161,-0.301,-0.14,-0.161,-2.24,-0.04,0.091,-0.11,0.201,-0.279,-0.018,-0.261,-0.261,-0.049,-0.212,0.741,-0.002,0.743,-0.04,0.075,-0.102,0.299,-0.103,-0.103,0.35,0.247,0.0,0.299,0.348,-0.049,0.299,0.348,-0.049,0.026,-0.016,-1.337,-0.151,-1.186,-0.898,0.095,-0.993,-0.776,-0.021,-0.755,0.488,0.008,0.48,0.1,0.48,-0.341,-0.002,0.442,0.442,-0.797,-0.0,-0.002,0.208,-0.21,-0.002,0.208,-0.21,-2.214,-0.056,-1.044,0.247,-0.797,1912,956,956
201569,Eric Gordon,2024,0.287,0.005,0.282,0.094,0.137,-0.043,0.636,0.337,0.299,-0.448,0.004,-0.452,0.61,0.366,0.225,-1.112,-0.244,-0.244,-0.215,-0.459,0.0,-1.112,-0.475,-0.637,-1.112,-0.475,-0.637,-1.484,-0.192,0.55,-0.034,0.584,-0.033,-0.037,0.004,0.799,-0.016,0.815,-0.182,0.002,-0.184,-0.049,0.033,-0.057,-0.701,-0.143,-0.143,-0.2,-0.343,-0.0,-0.701,-0.443,-0.258,-0.701,-0.443,-0.258,1.01,0.126,0.837,-0.029,0.866,0.061,0.1,-0.039,1.435,0.321,1.114,-0.63,0.006,-0.636,0.561,0.398,0.167,-1.813,-0.387,-0.387,-0.802,0.0,-1.813,-0.918,-0.895,-1.813,-0.918,-0.895,-0.474,-0.066,-0.459,-0.343,-0.802,17005,8491,8514
1631213,Tyrese Martin,2024,-0.912,-0.03,-0.882,-0.367,-0.034,-0.333,-0.162,0.003,-0.165,-0.353,0.015,-0.368,-0.215,-0.212,-0.007,0.205,0.513,0.513,-0.922,-0.409,0.0,0.205,0.131,0.074,0.205,0.131,0.074,0.201,-0.08,-0.26,0.014,-0.274,-0.155,-0.016,-0.139,-0.068,-0.024,-0.044,-0.051,-0.005,-0.046,0.024,0.009,0.018,-0.084,-0.08,-0.08,-0.32,-0.4,0.0,-0.084,0.001,-0.085,-0.084,0.001,-0.085,-0.235,-0.088,-1.172,-0.016,-1.156,-0.522,-0.05,-0.472,-0.23,-0.021,-0.209,-0.404,0.01,-0.414,-0.19,-0.204,0.011,0.121,0.433,0.433,-0.809,0.0,0.121,0.133,-0.012,0.121,0.133,-0.012,-0.034,-0.168,-0.409,-0.4,-0.809,252,126,126
1631209,Isaiah Wong,2024,-0.344,-0.02,-0.324,-0.064,-0.027,-0.037,-0.057,-0.018,-0.039,-0.203,0.018,-0.221,-0.078,-0.058,-0.021,-0.042,0.007,0.007,-0.464,-0.457,-0.0,-0.042,0.022,-0.064,-0.042,0.022,-0.064,-0.196,-0.028,-0.31,-0.008,-0.302,-0.114,-0.004,-0.11,-0.077,-0.03,-0.047,-0.111,-0.006,-0.105,-0.074,-0.062,-0.01,-0.021,0.045,0.045,-0.405,-0.36,0.0,-0.021,-0.022,0.001,-0.021,-0.022,0.001,-0.203,-0.073,-0.657,-0.028,-0.629,-0.178,-0.031,-0.147,-0.135,-0.048,-0.087,-0.316,0.011,-0.327,-0.152,-0.12,-0.031,-0.063,0.052,0.052,-0.817,-0.001,-0.063,0.0,-0.063,-0.063,0.0,-0.063,-0.4,-0.101,-0.457,-0.36,-0.818,16,8,8
1629232,Kaiser Gates,2024,-0.546,-0.027,-0.519,-0.212,-0.017,-0.195,-0.081,0.005,-0.086,-0.226,0.018,-0.244,-0.037,-0.013,-0.025,-0.068,0.092,0.092,-0.651,-0.559,0.0,-0.068,-0.072,0.004,-0.068,-0.072,0.004,-0.402,-0.098,-0.181,-0.008,-0.173,0.016,-0.002,0.018,-0.077,-0.026,-0.051,-0.112,-0.006,-0.106,-0.059,-0.057,0.0,0.005,-0.024,-0.024,-0.235,-0.259,0.0,0.005,0.019,-0.014,0.005,0.019,-0.014,-0.035,0.002,-0.73,-0.035,-0.695,-0.197,-0.02,-0.177,-0.158,-0.021,-0.137,-0.34,0.011,-0.351,-0.096,-0.07,-0.025,-0.063,0.068,0.068,-0.818,0.0,-0.063,-0.053,-0.01,-0.063,-0.053,-0.01,-0.438,-0.096,-0.559,-0.259,-0.818,32,16,16
1626145,Tyus Jones,2024,2.317,-0.124,2.441,0.403,-0.208,0.611,0.695,-0.237,0.932,1.343,-0.007,1.35,-0.482,-0.533,0.066,1.014,-1.32,-1.32,2.849,1.529,-0.0,1.014,0.469,0.545,1.014,0.469,0.545,5.06,0.676,-1.577,-0.022,-1.555,-0.754,-0.136,-0.618,-0.275,-0.058,-0.217,-0.526,0.009,-0.535,-0.118,0.065,-0.178,0.221,-0.879,-0.879,-1.474,-2.353,-0.0,0.221,0.382,-0.161,0.221,0.382,-0.161,-2.674,-1.043,0.737,-0.146,0.883,-0.352,-0.345,-0.007,0.419,-0.295,0.714,0.816,0.001,0.815,-0.599,-0.468,-0.112,1.234,-2.199,-2.199,-0.824,-0.001,1.234,0.851,0.383,1.234,0.851,0.383,2.385,-0.367,1.529,-2.353,-0.825,16738,8396,8342
203920,Khem Birch,2024,-0.454,0.003,-0.457,0.533,-0.027,0.56,-0.744,-0.034,-0.71,-0.246,0.015,-0.261,-0.062,-0.105,0.038,-0.309,-0.062,-0.062,-0.825,-0.887,0.0,-0.309,0.112,-0.421,-0.309,0.112,-0.421,-0.609,0.022,-0.129,-0.016,-0.113,0.026,0.029,-0.003,0.069,-0.031,0.1,-0.208,-0.006,-0.202,0.021,0.009,0.019,0.253,-0.085,-0.085,0.145,0.06,-0.0,0.253,0.285,-0.032,0.253,0.285,-0.032,-0.52,0.016,-0.583,-0.013,-0.57,0.559,0.003,0.556,-0.675,-0.065,-0.61,-0.454,0.009,-0.463,-0.042,-0.096,0.056,-0.056,-0.147,-0.147,-0.827,0.0,-0.056,0.397,-0.453,-0.056,0.397,-0.453,-1.129,0.038,-0.887,0.06,-0.827,638,314,324
1641753,Chris Livingston,2024,0.166,-0.062,0.228,0.009,0.046,-0.037,0.28,0.032,0.248,-0.061,0.017,-0.078,-0.242,-0.106,-0.109,-0.003,-0.298,-0.298,-0.079,-0.377,0.0,-0.003,0.096,-0.099,-0.003,0.096,-0.099,-0.328,-0.011,-0.313,-0.003,-0.31,-0.048,0.039,-0.087,-0.114,-0.026,-0.088,-0.148,-0.006,-0.142,-0.349,-0.348,-0.023,-0.001,0.197,0.197,-0.663,-0.466,-0.0,-0.001,-0.074,0.073,-0.001,-0.074,0.073,-0.016,-0.024,-0.146,-0.065,-0.081,-0.039,0.085,-0.124,0.167,0.007,0.16,-0.209,0.011,-0.22,-0.591,-0.453,-0.132,-0.003,-0.101,-0.101,-0.843,0.0,-0.003,0.022,-0.025,-0.003,0.022,-0.025,-0.344,-0.036,-0.377,-0.466,-0.843,390,190,200
1630188,Jalen Smith,2024,-0.928,0.093,-1.021,-0.317,0.144,-0.461,-0.023,0.118,-0.141,-0.681,0.001,-0.682,-0.423,-0.374,-0.043,-0.111,1.283,1.283,-1.462,-0.179,0.0,-0.111,-0.443,0.332,-0.111,-0.443,0.332,0.916,0.755,-0.052,-0.08,0.028,-0.152,-0.109,-0.043,0.435,-0.167,0.602,-0.255,0.003,-0.258,-0.078,-0.109,0.071,-0.271,-0.263,-0.263,-0.401,-0.664,0.0,-0.271,-0.204,-0.067,-0.271,-0.204,-0.067,-1.197,-0.533,-0.983,0.013,-0.996,-0.471,0.034,-0.505,0.411,-0.049,0.46,-0.936,0.004,-0.94,-0.5,-0.484,0.028,-0.382,1.021,1.021,-0.843,0.0,-0.382,-0.647,0.265,-0.382,-0.647,0.265,-0.28,0.222,-0.179,-0.664,-0.843,9846,4917,4929
1629610,DaQuan Jeffries,2024,-1.261,-0.036,-1.225,-0.146,-0.027,-0.119,-0.399,0.052,-0.451,-0.68,0.018,-0.698,-0.027,0.044,-0.079,0.219,-0.005,-0.005,-1.069,-1.074,-0.0,0.219,0.164,0.055,0.219,0.164,0.055,-0.323,0.053,-0.028,0.061,-0.089,-0.038,0.037,-0.075,0.018,-0.024,0.042,-0.069,-0.011,-0.058,-0.06,-0.093,0.036,0.179,0.136,0.136,0.091,0.227,0.0,0.179,0.087,0.092,0.179,0.087,0.092,0.0,0.026,-1.288,0.025,-1.313,-0.184,0.01,-0.194,-0.38,0.029,-0.409,-0.749,0.007,-0.756,-0.087,-0.05,-0.044,0.398,0.131,0.131,-0.847,-0.0,0.398,0.251,0.147,0.398,0.251,0.147,-0.323,0.079,-1.074,0.227,-0.847,279,135,144
1630214,Xavier Tillman,2024,-2.101,-0.097,-2.004,-0.034,-0.106,0.072,-0.653,-0.079,-0.574,-1.317,0.006,-1.323,-0.886,-0.682,-0.221,-0.033,0.571,0.571,-3.02,-2.449,0.0,-0.033,0.242,-0.275,-0.033,0.242,-0.275,-0.116,-0.433,-0.171,-0.013,-0.158,-0.039,-0.025,-0.014,-0.21,0.05,-0.26,0.091,-0.004,0.095,0.311,0.264,0.057,1.313,0.138,0.138,1.453,1.591,0.0,1.313,0.871,0.442,1.313,0.871,0.442,0.525,0.067,-2.272,-0.11,-2.162,-0.073,-0.131,0.058,-0.863,-0.029,-0.834,-1.226,0.002,-1.228,-0.575,-0.418,-0.164,1.28,0.709,0.709,-0.858,0.0,1.28,1.113,0.167,1.28,1.113,0.167,0.41,-0.366,-2.449,1.591,-0.858,9815,4899,4916
1626166,Cameron Payne,2024,-0.397,0.0,-0.397,-0.776,-0.158,-0.618,-0.272,-0.187,-0.085,0.651,0.006,0.645,-0.467,-0.324,-0.201,0.196,-0.187,-0.187,-0.668,-0.855,0.0,0.196,0.127,0.069,0.196,0.127,0.069,1.065,-0.422,0.799,-0.101,0.9,0.009,-0.072,0.081,-0.274,0.075,-0.349,1.165,0.004,1.161,-0.385,-0.284,-0.106,0.331,-0.751,-0.751,0.745,-0.006,-0.0,0.331,-0.212,0.543,0.331,-0.212,0.543,1.274,-0.047,0.402,-0.101,0.503,-0.767,-0.23,-0.537,-0.546,-0.112,-0.434,1.816,0.01,1.806,-0.852,-0.608,-0.307,0.527,-0.939,-0.939,-0.861,0.0,0.527,-0.085,0.612,0.527,-0.085,0.612,2.338,-0.469,-0.855,-0.006,-0.861,10030,5026,5004
1641970,Maozinha Pereira,2024,-0.99,0.027,-1.017,-0.184,-0.025,-0.159,-0.661,-0.034,-0.627,-0.172,0.012,-0.184,-0.203,0.064,-0.279,-0.239,0.213,0.213,-1.432,-1.219,-0.0,-0.239,-0.143,-0.096,-0.239,-0.143,-0.096,-0.713,-0.135,-0.144,-0.049,-0.095,-0.026,0.031,-0.057,-0.055,-0.024,-0.031,-0.014,-0.007,-0.007,-0.091,-0.057,-0.026,0.153,0.433,0.433,-0.082,0.351,0.0,0.153,0.021,0.132,0.153,0.021,0.132,-0.227,0.061,-1.133,-0.022,-1.111,-0.21,0.006,-0.216,-0.715,-0.058,-0.657,-0.186,0.005,-0.191,-0.294,0.006,-0.306,-0.086,0.646,0.646,-0.868,0.001,-0.086,-0.122,0.036,-0.086,-0.122,0.036,-0.939,-0.074,-1.219,0.351,-0.867,493,245,248
1631217,Moussa Diabate,2024,-1.55,0.027,-1.577,-0.515,-0.097,-0.418,-0.967,-0.221,-0.746,-0.095,0.011,-0.106,-0.046,0.111,-0.175,0.093,1.624,1.624,-1.503,0.121,0.0,0.093,0.323,-0.23,0.093,0.323,-0.23,-0.19,0.049,-0.785,0.019,-0.804,-0.031,-0.048,0.017,0.088,-0.008,0.096,-0.861,-0.005,-0.856,-0.082,-0.061,-0.011,-0.176,0.042,0.042,-1.043,-1.001,0.0,-0.176,-0.183,0.007,-0.176,-0.183,0.007,-0.8,-0.169,-2.335,0.046,-2.381,-0.547,-0.146,-0.401,-0.878,-0.229,-0.649,-0.956,0.006,-0.962,-0.127,0.05,-0.186,-0.084,1.666,1.666,-0.88,-0.0,-0.084,0.14,-0.224,-0.084,0.14,-0.224,-0.99,-0.12,0.121,-1.001,-0.88,1037,518,519
1641763,Julian Phillips,2024,-0.36,-0.123,-0.237,-0.473,-0.006,-0.467,-0.322,0.003,-0.325,0.558,0.01,0.548,-0.253,0.043,-0.311,0.003,0.307,0.307,-0.61,-0.303,0.0,0.003,0.064,-0.061,0.003,0.064,-0.061,-0.018,-0.083,0.088,-0.044,0.132,-0.354,-0.037,-0.317,-0.324,-0.147,-0.177,0.81,-0.004,0.814,-0.607,-0.647,0.05,-0.1,0.041,0.041,-0.619,-0.578,0.0,-0.1,-0.121,0.021,-0.1,-0.121,0.021,0.191,-0.461,-0.271,-0.167,-0.104,-0.827,-0.043,-0.784,-0.645,-0.144,-0.501,1.368,0.006,1.362,-0.86,-0.605,-0.261,-0.097,0.348,0.348,-0.881,0.0,-0.097,-0.057,-0.04,-0.097,-0.057,-0.04,0.173,-0.544,-0.303,-0.578,-0.881,1299,654,645
1629716,Marques Bolden,2024,-0.533,-0.051,-0.482,-0.207,-0.091,-0.116,-0.497,-0.063,-0.434,0.222,0.013,0.209,-0.085,0.017,-0.106,-0.317,0.46,0.46,-0.935,-0.475,0.0,-0.317,-0.164,-0.153,-0.317,-0.164,-0.153,0.134,-0.163,-0.431,0.025,-0.456,-0.086,-0.025,-0.061,-0.023,0.008,-0.031,-0.347,-0.003,-0.344,-0.043,0.016,-0.056,-0.004,0.07,0.07,-0.478,-0.408,0.0,-0.004,-0.029,0.025,-0.004,-0.029,0.025,-0.321,-0.018,-0.967,-0.026,-0.941,-0.293,-0.116,-0.177,-0.521,-0.056,-0.465,-0.127,0.009,-0.136,-0.127,0.033,-0.161,-0.322,0.53,0.53,-0.883,0.0,-0.322,-0.193,-0.129,-0.322,-0.193,-0.129,-0.187,-0.181,-0.475,-0.408,-0.883,485,243,242
201959,Taj Gibson,2024,-0.079,0.275,-0.354,-0.278,-0.178,-0.1,0.534,-0.333,0.867,-0.61,0.009,-0.619,-0.553,-0.508,-0.068,0.236,-0.614,-0.614,-0.396,-1.01,0.0,0.236,0.487,-0.251,0.236,0.487,-0.251,-1.946,-0.873,-1.171,-0.027,-1.144,-0.611,0.049,-0.66,-0.331,-0.081,-0.25,-0.202,-0.008,-0.194,-0.067,-0.157,0.094,0.434,0.924,0.924,-0.804,0.12,0.0,0.434,0.05,0.384,0.434,0.05,0.384,-0.074,0.013,-1.247,0.248,-1.495,-0.888,-0.128,-0.76,0.204,-0.414,0.618,-0.811,0.002,-0.813,-0.62,-0.665,0.026,0.67,0.31,0.31,-0.89,0.0,0.67,0.537,0.133,0.67,0.537,0.133,-2.02,-0.86,-1.01,0.12,-0.89,2716,1368,1348
1630562,Matt Hurt,2024,-0.946,-0.06,-0.886,-0.193,-0.091,-0.102,-0.226,-0.013,-0.213,-0.467,0.014,-0.481,0.268,0.293,-0.037,-0.461,0.207,0.207,-1.139,-0.932,0.0,-0.461,-0.295,-0.166,-0.461,-0.295,-0.166,-1.556,-0.412,0.118,-0.037,0.155,-0.078,-0.021,-0.057,0.089,-0.047,0.136,0.144,-0.007,0.151,-0.006,0.005,-0.008,0.21,-0.295,-0.295,0.322,0.027,0.0,0.21,0.091,0.119,0.21,0.091,0.119,-0.008,-0.108,-0.827,-0.097,-0.73,-0.271,-0.113,-0.158,-0.136,-0.059,-0.077,-0.323,0.007,-0.33,0.262,0.298,-0.045,-0.251,-0.088,-0.088,-0.905,0.0,-0.251,-0.204,-0.047,-0.251,-0.204,-0.047,-1.564,-0.52,-0.932,0.027,-0.905,445,224,221
1641771,Jalen Slawson,2024,-0.172,0.017,-0.189,-0.025,-0.016,-0.009,0.204,-0.009,0.213,-0.368,0.016,-0.384,-0.109,-0.027,-0.087,-0.281,0.25,0.25,-0.562,-0.312,0.0,-0.281,-0.133,-0.148,-0.281,-0.133,-0.148,-0.023,-0.02,-0.334,-0.041,-0.293,-0.056,-0.021,-0.035,-0.177,-0.031,-0.146,-0.06,-0.005,-0.055,-0.093,-0.097,0.007,-0.085,-0.097,-0.097,-0.512,-0.609,0.0,-0.085,-0.046,-0.039,-0.085,-0.046,-0.039,-0.113,-0.058,-0.507,-0.024,-0.483,-0.081,-0.037,-0.044,0.027,-0.04,0.067,-0.429,0.01,-0.439,-0.203,-0.124,-0.08,-0.365,0.153,0.153,-0.921,0.001,-0.365,-0.179,-0.186,-0.365,-0.179,-0.186,-0.136,-0.078,-0.312,-0.609,-0.92,138,70,68
1628978,Donte DiVincenzo,2024,1.258,-0.019,1.277,-0.729,-0.089,-0.64,0.646,0.324,0.322,1.36,0.007,1.353,-0.258,-0.292,0.03,-0.856,-0.283,-0.283,0.144,-0.139,-0.0,-0.856,-0.523,-0.333,-0.856,-0.523,-0.333,3.033,-0.123,-1.228,0.054,-1.282,0.325,-0.136,0.461,-0.835,-0.104,-0.731,-0.772,-0.002,-0.77,0.107,0.129,-0.012,0.448,-0.11,-0.11,-0.673,-0.783,0.0,0.448,0.209,0.239,0.448,0.209,0.239,-0.645,-0.166,0.029,0.035,-0.006,-0.404,-0.225,-0.179,-0.19,0.219,-0.409,0.588,0.005,0.583,-0.151,-0.164,0.018,-0.408,-0.393,-0.393,-0.922,-0.0,-0.408,-0.314,-0.094,-0.408,-0.314,-0.094,2.388,-0.289,-0.139,-0.783,-0.922,20199,10089,10110
1630604,E.J. Liddell,2024,-0.524,0.011,-0.535,-0.04,-0.022,-0.018,0.108,0.038,0.07,-0.603,0.018,-0.621,0.004,-0.006,0.007,-0.224,0.11,0.11,-0.744,-0.634,0.0,-0.224,-0.266,0.042,-0.224,-0.266,0.042,-0.937,-0.191,-0.32,0.01,-0.33,-0.098,-0.008,-0.09,-0.146,-0.026,-0.12,-0.086,-0.007,-0.079,-0.034,-0.024,-0.007,0.101,-0.045,-0.045,-0.253,-0.298,0.0,0.101,0.036,0.065,0.101,0.036,0.065,-0.034,-0.006,-0.844,0.021,-0.865,-0.138,-0.03,-0.108,-0.038,0.012,-0.05,-0.689,0.011,-0.7,-0.03,-0.03,0.0,-0.123,0.065,0.065,-0.932,-0.0,-0.123,-0.23,0.107,-0.123,-0.23,0.107,-0.97,-0.196,-0.634,-0.298,-0.932,108,54,54
1630267,Facundo Campazzo,2024,-0.646,-0.054,-0.592,-0.383,-0.003,-0.38,0.037,0.07,-0.033,-0.246,0.016,-0.262,-0.1,0.01,-0.114,-0.039,-0.219,-0.219,-0.785,-1.004,0.0,-0.039,0.068,-0.107,-0.039,0.068,-0.107,-0.165,-0.063,-0.077,-0.026,-0.051,-0.131,0.008,-0.139,0.176,0.001,0.175,-0.096,-0.006,-0.09,-0.085,-0.118,0.036,0.081,0.15,0.15,-0.081,0.069,0.0,0.081,0.038,0.043,0.081,0.038,0.043,0.317,0.016,-0.723,-0.08,-0.643,-0.514,0.005,-0.519,0.213,0.071,0.142,-0.342,0.01,-0.352,-0.184,-0.108,-0.077,0.043,-0.068,-0.068,-0.935,0.0,0.043,0.106,-0.063,0.043,0.106,-0.063,0.151,-0.047,-1.004,0.069,-0.935,205,102,103
1630311,Pat Spencer,2024,-0.655,0.001,-0.656,-0.029,0.016,-0.045,-0.072,0.065,-0.137,-0.555,0.018,-0.573,-0.052,-0.029,-0.027,0.1,0.013,0.013,-0.607,-0.594,0.0,0.1,0.057,0.043,0.1,0.057,0.043,0.096,0.231,-0.296,-0.003,-0.293,-0.012,0.003,-0.015,-0.047,-0.003,-0.044,-0.234,-0.005,-0.229,-0.076,-0.04,-0.033,0.071,-0.05,-0.05,-0.301,-0.351,0.0,0.071,0.017,0.054,0.071,0.017,0.054,-0.042,0.012,-0.948,-0.002,-0.946,-0.04,0.02,-0.06,-0.117,0.063,-0.18,-0.789,0.013,-0.802,-0.128,-0.069,-0.06,0.171,-0.037,-0.037,-0.945,0.0,0.171,0.074,0.097,0.171,0.074,0.097,0.055,0.243,-0.594,-0.351,-0.945,104,52,52
1628971,Bruce Brown,2024,0.991,0.085,0.906,0.622,0.16,0.462,-0.137,0.051,-0.188,0.421,-0.002,0.423,-0.076,0.299,-0.38,-0.539,0.076,0.076,0.376,0.452,0.0,-0.539,-0.161,-0.378,-0.539,-0.161,-0.378,1.541,0.858,-0.552,-0.047,-0.505,-0.285,-0.045,-0.24,-0.011,-0.075,0.064,-0.209,0.006,-0.215,-0.349,-0.262,-0.099,0.016,-0.513,-0.513,-0.885,-1.398,0.0,0.016,0.127,-0.111,0.016,0.127,-0.111,-0.343,-0.391,0.44,0.038,0.402,0.337,0.115,0.222,-0.148,-0.024,-0.124,0.213,0.005,0.208,-0.425,0.037,-0.48,-0.522,-0.437,-0.437,-0.946,0.0,-0.522,-0.034,-0.488,-0.522,-0.034,-0.488,1.198,0.466,0.452,-1.398,-0.946,18966,9467,9499
1630556,Kessler Edwards,2024,-1.431,-0.322,-1.109,-1.005,-0.092,-0.913,0.629,0.112,0.517,-0.733,0.006,-0.739,-0.413,-0.179,-0.237,-0.357,1.712,1.712,-2.201,-0.489,0.0,-0.357,-0.344,-0.013,-0.357,-0.344,-0.013,0.169,-0.451,-1.173,-0.074,-1.099,-0.434,0.082,-0.516,-0.156,-0.064,-0.092,-0.509,-0.003,-0.506,-0.066,-0.131,0.024,0.647,0.132,0.132,-0.592,-0.46,0.0,0.647,-0.095,0.742,0.647,-0.095,0.742,-0.628,0.143,-2.601,-0.396,-2.205,-1.437,-0.009,-1.428,0.473,0.048,0.425,-1.241,0.003,-1.244,-0.479,-0.31,-0.213,0.29,1.845,1.845,-0.949,0.0,0.29,-0.439,0.729,0.29,-0.439,0.729,-0.459,-0.308,-0.489,-0.46,-0.949,2690,1332,1358
1629033,Theo Pinson,2024,-0.132,-0.151,0.019,-0.059,-0.206,0.147,0.145,0.075,0.07,-0.067,0.008,-0.075,-0.159,-0.095,-0.079,0.442,-0.452,-0.452,0.151,-0.301,0.0,0.442,0.277,0.165,0.442,0.277,0.165,0.835,-0.646,-0.302,0.016,-0.318,-0.236,0.045,-0.281,-0.361,0.035,-0.396,0.279,-0.003,0.282,-0.145,-0.12,-0.018,-0.229,0.026,0.026,-0.676,-0.65,-0.0,-0.229,-0.143,-0.086,-0.229,-0.143,-0.086,0.177,-0.036,-0.433,-0.135,-0.298,-0.294,-0.16,-0.134,-0.216,0.11,-0.326,0.212,0.005,0.207,-0.304,-0.216,-0.098,0.214,-0.426,-0.426,-0.951,0.0,0.214,0.134,0.08,0.214,0.134,0.08,1.012,-0.682,-0.301,-0.65,-0.951,1295,645,650
1629618,Jalen Pickett,2024,0.193,-0.022,0.215,0.232,-0.002,0.234,-0.04,0.106,-0.146,0.023,0.018,0.005,-0.212,-0.088,-0.129,-0.163,-0.71,-0.71,-0.182,-0.892,-0.0,-0.163,-0.117,-0.046,-0.163,-0.117,-0.046,1.105,0.397,-0.054,-0.008,-0.046,-0.158,-0.018,-0.14,0.099,-0.059,0.158,0.013,-0.004,0.017,-0.113,-0.127,0.017,-0.062,0.166,0.166,-0.229,-0.063,0.0,-0.062,0.004,-0.066,-0.062,0.004,-0.066,0.164,0.032,0.139,-0.03,0.169,0.075,-0.02,0.095,0.059,0.047,0.012,0.035,0.014,0.021,-0.325,-0.214,-0.112,-0.225,-0.544,-0.544,-0.955,-0.0,-0.225,-0.113,-0.112,-0.225,-0.113,-0.112,1.268,0.429,-0.892,-0.063,-0.955,516,260,256
1630544,Tre Mann,2024,0.608,0.137,0.471,0.412,0.012,0.4,-0.006,-0.009,0.003,0.065,0.001,0.064,-0.572,-0.539,-0.037,0.064,-1.758,-1.758,0.1,-1.658,0.0,0.064,0.105,-0.041,0.064,0.105,-0.041,-0.775,-0.089,0.647,-0.078,0.725,-0.008,-0.207,0.199,-0.143,-0.156,0.013,0.876,-0.002,0.878,0.139,0.16,-0.013,0.676,-0.761,-0.761,1.462,0.701,-0.0,0.676,0.475,0.201,0.676,0.475,0.201,-0.786,-0.441,1.255,0.059,1.196,0.404,-0.195,0.599,-0.15,-0.165,0.015,0.942,-0.0,0.942,-0.434,-0.379,-0.05,0.74,-2.519,-2.519,-0.957,-0.0,0.74,0.579,0.161,0.74,0.579,0.161,-1.561,-0.53,-1.658,0.701,-0.957,8961,4491,4470
1626181,Norman Powell,2024,-0.716,0.055,-0.771,-0.404,0.136,-0.54,-0.449,0.259,-0.708,0.082,-0.0,0.082,0.965,0.845,0.105,0.225,-0.815,-0.815,0.474,-0.341,-0.0,0.225,-0.025,0.25,0.225,-0.025,0.25,-3.399,-0.444,0.591,0.131,0.46,0.166,-0.034,0.2,0.089,-0.115,0.204,0.205,0.002,0.203,-0.408,-0.653,0.225,-0.328,-0.477,-0.477,-0.145,-0.622,0.0,-0.328,-0.003,-0.325,-0.328,-0.003,-0.325,2.321,0.277,-0.125,0.186,-0.311,-0.238,0.102,-0.34,-0.36,0.144,-0.504,0.287,0.001,0.286,0.557,0.192,0.33,-0.103,-1.292,-1.292,-0.963,0.0,-0.103,-0.028,-0.075,-0.103,-0.028,-0.075,-1.078,-0.167,-0.341,-0.622,-0.963,15842,7939,7903
1631320,Chima Moneke,2024,-0.46,-0.025,-0.435,-0.084,-0.021,-0.063,-0.128,0.01,-0.138,-0.223,0.018,-0.241,-0.063,-0.027,-0.037,-0.169,0.139,0.139,-0.692,-0.553,0.0,-0.169,-0.126,-0.043,-0.169,-0.126,-0.043,-0.109,0.03,-0.349,-0.008,-0.341,-0.153,0.002,-0.155,-0.085,-0.038,-0.047,-0.103,-0.006,-0.097,-0.098,-0.082,-0.013,0.005,0.018,0.018,-0.442,-0.424,-0.0,0.005,-0.036,0.041,0.005,-0.036,0.041,-0.247,-0.072,-0.81,-0.033,-0.777,-0.238,-0.019,-0.219,-0.213,-0.028,-0.185,-0.326,0.012,-0.338,-0.16,-0.11,-0.05,-0.164,0.157,0.157,-0.977,0.0,-0.164,-0.161,-0.003,-0.164,-0.161,-0.003,-0.356,-0.042,-0.553,-0.424,-0.977,33,16,17
1629633,Jarrett Culver,2024,-0.741,0.055,-0.796,-0.414,-0.056,-0.358,0.502,-0.125,0.627,-0.884,0.013,-0.897,-0.125,-0.209,0.08,0.085,0.085,0.085,-0.781,-0.696,0.0,0.085,0.162,-0.077,0.085,0.162,-0.077,-2.106,-0.523,-0.28,-0.013,-0.267,-0.167,-0.026,-0.141,0.064,-0.06,0.124,-0.164,-0.006,-0.158,-0.128,-0.077,-0.055,0.091,0.034,0.034,-0.317,-0.283,0.0,0.091,0.003,0.088,0.091,0.003,0.088,-0.301,-0.13,-1.021,0.042,-1.063,-0.581,-0.082,-0.499,0.566,-0.185,0.751,-1.048,0.007,-1.055,-0.253,-0.285,0.025,0.176,0.118,0.118,-0.979,0.0,0.176,0.165,0.011,0.176,0.165,0.011,-2.407,-0.653,-0.696,-0.283,-0.979,571,286,285
203506,Victor Oladipo,2024,-0.85,0.024,-0.874,-0.576,-0.227,-0.349,-0.461,0.148,-0.609,0.163,0.002,0.161,0.432,0.408,0.02,-0.15,0.274,0.274,-0.568,-0.294,-0.0,-0.15,-0.349,0.199,-0.15,-0.349,0.199,-0.994,-0.655,-1.176,0.027,-1.203,-0.255,0.226,-0.481,-0.175,0.006,-0.181,-0.773,0.002,-0.775,-0.602,-0.623,0.003,0.433,0.657,0.657,-1.345,-0.688,0.0,0.433,0.406,0.027,0.433,0.406,0.027,-0.483,0.333,-2.025,0.051,-2.076,-0.831,-0.001,-0.83,-0.635,0.155,-0.79,-0.61,0.004,-0.614,-0.17,-0.216,0.023,0.283,0.931,0.931,-0.982,-0.0,0.283,0.057,0.226,0.283,0.057,0.226,-1.477,-0.322,-0.294,-0.688,-0.982,4545,2262,2283
1631311,Lester Quinones,2024,-1.755,0.129,-1.884,-0.088,0.087,-0.175,-0.272,0.174,-0.446,-1.524,0.017,-1.541,-0.398,-0.019,-0.36,-0.051,0.966,0.966,-2.204,-1.238,0.0,-0.051,-0.158,0.107,-0.051,-0.158,0.107,-0.758,0.296,-0.002,-0.124,0.122,0.141,-0.038,0.179,-0.329,-0.022,-0.307,0.31,-0.002,0.312,-0.181,-0.142,-0.026,-0.145,0.561,0.561,-0.328,0.233,-0.0,-0.145,-0.245,0.1,-0.145,-0.245,0.1,0.287,0.06,-1.759,0.005,-1.764,0.052,0.048,0.004,-0.601,0.152,-0.753,-1.215,0.015,-1.23,-0.579,-0.161,-0.386,-0.195,1.527,1.527,-1.005,0.001,-0.195,-0.403,0.208,-0.195,-0.403,0.208,-0.471,0.356,-1.238,0.233,-1.004,1671,835,836
1629012,Collin Sexton,2024,0.691,0.051,0.64,-0.243,0.224,-0.467,0.097,0.206,-0.109,0.786,-0.0,0.786,0.628,0.228,0.405,-0.165,1.201,1.201,1.154,2.355,0.0,-0.165,0.301,-0.466,-0.165,0.301,-0.466,-0.101,-0.108,-3.038,-0.025,-3.013,-0.327,-0.108,-0.219,-0.506,-0.18,-0.326,-2.18,-0.001,-2.179,-0.424,-0.389,-0.023,-0.01,0.109,0.109,-3.472,-3.363,-0.0,-0.01,-0.155,0.145,-0.01,-0.155,0.145,-2.196,-0.412,-2.346,0.026,-2.372,-0.57,0.116,-0.686,-0.408,0.026,-0.434,-1.394,-0.001,-1.393,0.204,-0.162,0.382,-0.175,1.309,1.309,-1.008,-0.0,-0.175,0.147,-0.322,-0.175,0.147,-0.322,-2.298,-0.52,2.355,-3.363,-1.008,13199,6590,6609
1630554,Jason Preston,2024,-0.774,-0.087,-0.687,0.254,0.026,0.228,-0.545,-0.134,-0.411,-0.396,0.011,-0.407,-0.236,-0.158,-0.093,0.175,0.34,0.34,-0.835,-0.495,-0.0,0.175,0.203,-0.028,0.175,0.203,-0.028,-0.289,0.524,-0.271,0.025,-0.296,0.136,0.001,0.135,-0.185,0.007,-0.192,-0.247,-0.003,-0.244,-0.145,-0.137,-0.003,-0.203,0.104,0.104,-0.619,-0.515,0.0,-0.203,0.035,-0.238,-0.203,0.035,-0.238,0.024,0.07,-1.046,-0.062,-0.984,0.389,0.027,0.362,-0.73,-0.127,-0.603,-0.643,0.008,-0.651,-0.381,-0.295,-0.096,-0.027,0.445,0.445,-1.01,0.0,-0.027,0.237,-0.264,-0.027,0.237,-0.264,-0.265,0.594,-0.495,-0.515,-1.01,805,403,402
1629117,Wenyen Gabriel,2024,-1.819,0.22,-2.039,-0.164,0.039,-0.203,-1.158,-0.193,-0.965,-0.717,0.002,-0.719,0.054,-0.026,0.05,-0.055,0.646,0.646,-1.82,-1.174,0.0,-0.055,0.129,-0.184,-0.055,0.129,-0.184,-2.022,-0.241,0.313,-0.241,0.554,0.914,0.098,0.816,0.047,0.05,-0.003,-0.407,0.0,-0.407,-0.004,0.001,0.018,-0.158,0.006,0.006,0.151,0.157,0.0,-0.158,-0.583,0.425,-0.158,-0.583,0.425,-0.38,0.415,-1.508,-0.021,-1.487,0.748,0.136,0.612,-1.112,-0.144,-0.968,-1.123,0.003,-1.126,0.05,-0.025,0.068,-0.213,0.652,0.652,-1.017,-0.001,-0.213,-0.454,0.241,-0.213,-0.454,0.241,-2.402,0.174,-1.174,0.157,-1.018,4710,2340,2370
203943,Noah Vonleh,2024,0.205,-0.033,0.238,-0.166,-0.017,-0.149,-0.386,-0.011,-0.375,0.79,0.012,0.778,-0.322,-0.388,0.056,-0.432,0.143,0.143,-0.549,-0.406,0.0,-0.432,-0.17,-0.262,-0.432,-0.17,-0.262,0.629,-0.231,-0.455,0.059,-0.514,0.256,0.023,0.233,-0.299,-0.017,-0.282,-0.471,-0.005,-0.466,0.086,0.11,-0.016,0.116,-0.361,-0.361,-0.253,-0.614,0.0,0.116,0.029,0.087,0.116,0.029,0.087,-0.397,0.146,-0.251,0.026,-0.277,0.089,0.005,0.084,-0.685,-0.028,-0.657,0.319,0.007,0.312,-0.236,-0.278,0.041,-0.316,-0.218,-0.218,-1.02,0.0,-0.316,-0.14,-0.176,-0.316,-0.14,-0.176,0.232,-0.085,-0.406,-0.614,-1.02,687,340,347
1641724,Jett Howard,2024,-0.004,-0.021,0.017,-0.099,-0.091,-0.008,0.296,0.065,0.231,-0.18,0.023,-0.203,-0.195,0.039,-0.242,-0.494,-0.21,-0.21,-0.693,-0.903,0.0,-0.494,-0.005,-0.489,-0.494,-0.005,-0.489,0.142,-0.052,-0.257,0.019,-0.276,-0.0,0.009,-0.009,-0.216,-0.003,-0.213,-0.06,-0.006,-0.054,-0.007,0.008,-0.011,-0.024,0.161,0.161,-0.288,-0.127,0.0,-0.024,-0.038,0.014,-0.024,-0.038,0.014,-0.09,0.062,-0.261,-0.002,-0.259,-0.099,-0.082,-0.017,0.08,0.062,0.018,-0.24,0.017,-0.257,-0.202,0.048,-0.254,-0.517,-0.049,-0.049,-1.03,0.0,-0.517,-0.042,-0.475,-0.517,-0.042,-0.475,0.051,0.01,-0.903,-0.127,-1.03,313,157,156
1629130,Duncan Robinson,2024,1.834,0.005,1.829,0.431,-0.209,0.64,0.206,0.121,0.085,1.192,-0.001,1.193,-0.089,-0.164,0.036,-0.458,-0.839,-0.839,1.287,0.448,-0.0,-0.458,-0.288,-0.17,-0.458,-0.288,-0.17,2.585,-0.212,-1.159,-0.204,-0.955,-0.228,0.017,-0.245,0.598,-0.113,0.711,-1.325,-0.002,-1.323,-0.235,-0.245,0.011,-0.072,-0.016,-0.016,-1.466,-1.482,0.0,-0.072,-0.112,0.04,-0.072,-0.112,0.04,-1.619,-0.044,0.674,-0.199,0.873,0.203,-0.192,0.395,0.803,0.008,0.795,-0.133,-0.003,-0.13,-0.324,-0.408,0.047,-0.53,-0.855,-0.855,-1.034,-0.001,-0.53,-0.401,-0.129,-0.53,-0.401,-0.129,0.967,-0.256,0.448,-1.482,-1.035,12092,6064,6028
1630558,Davion Mitchell,2024,-0.829,0.018,-0.847,0.089,-0.039,0.128,-0.52,0.086,-0.606,-0.416,0.005,-0.421,-0.175,-0.042,-0.133,-0.101,-0.612,-0.612,-1.105,-1.717,0.0,-0.101,-0.078,-0.023,-0.101,-0.078,-0.023,1.606,0.01,0.613,0.072,0.541,-0.624,0.036,-0.66,0.468,0.052,0.416,0.697,0.003,0.694,-0.278,-0.458,0.173,0.373,-0.03,-0.03,0.708,0.678,0.0,0.373,0.26,0.113,0.373,0.26,0.113,-0.09,-0.158,-0.217,0.09,-0.307,-0.535,-0.003,-0.532,-0.053,0.137,-0.19,0.281,0.007,0.274,-0.454,-0.501,0.04,0.272,-0.642,-0.642,-1.039,0.001,0.272,0.182,0.09,0.272,0.182,0.09,1.516,-0.148,-1.717,0.678,-1.038,10860,5396,5464
1629662,Mfiondu Kabengele,2024,-0.383,-0.045,-0.338,-0.233,-0.02,-0.213,-0.017,0.032,-0.049,-0.088,0.015,-0.103,-0.217,-0.135,-0.081,-0.103,0.147,0.147,-0.703,-0.556,-0.0,-0.103,0.023,-0.126,-0.103,0.023,-0.126,0.215,-0.115,-0.378,-0.024,-0.354,-0.081,-0.002,-0.079,-0.094,-0.038,-0.056,-0.179,-0.006,-0.173,-0.061,-0.03,-0.028,0.027,-0.073,-0.073,-0.412,-0.485,0.0,0.027,0.077,-0.05,0.027,0.077,-0.05,-0.359,-0.027,-0.763,-0.069,-0.694,-0.315,-0.022,-0.293,-0.111,-0.006,-0.105,-0.268,0.009,-0.277,-0.277,-0.165,-0.11,-0.077,0.074,0.074,-1.041,0.0,-0.077,0.099,-0.176,-0.077,0.099,-0.176,-0.144,-0.141,-0.556,-0.485,-1.041,137,69,68
1629650,Moses Brown,2024,-1.019,0.038,-1.057,-0.513,0.089,-0.602,-1.127,0.035,-1.162,0.583,0.01,0.573,-0.748,0.068,-0.736,0.115,0.998,0.998,-1.652,-0.654,-0.0,0.115,0.076,0.039,0.115,0.076,0.039,-0.921,0.321,-0.567,-0.137,-0.43,0.359,0.19,0.169,-0.221,0.138,-0.359,-0.568,-0.005,-0.563,0.079,0.096,-0.002,-0.442,0.543,0.543,-0.93,-0.387,-0.0,-0.442,-0.338,-0.104,-0.442,-0.338,-0.104,-0.306,0.663,-1.587,-0.099,-1.488,-0.154,0.279,-0.433,-1.348,0.173,-1.521,0.014,0.005,0.009,-0.669,0.163,-0.739,-0.327,1.54,1.54,-1.041,-0.001,-0.327,-0.262,-0.065,-0.327,-0.262,-0.065,-1.227,0.984,-0.654,-0.387,-1.042,1987,995,992
1641757,Jordan Miller,2024,-0.396,-0.029,-0.367,-0.042,-0.033,-0.009,-0.274,-0.017,-0.257,-0.051,0.016,-0.067,-0.101,-0.037,-0.067,-0.155,0.14,0.14,-0.652,-0.512,0.0,-0.155,-0.05,-0.105,-0.155,-0.05,-0.105,-0.189,-0.094,-0.179,0.006,-0.185,-0.127,-0.027,-0.1,-0.0,-0.034,0.034,-0.058,-0.005,-0.053,-0.12,-0.119,0.002,-0.058,-0.174,-0.174,-0.357,-0.531,-0.0,-0.058,-0.102,0.044,-0.058,-0.102,0.044,-0.219,-0.122,-0.573,-0.023,-0.55,-0.168,-0.059,-0.109,-0.273,-0.051,-0.222,-0.109,0.012,-0.121,-0.221,-0.156,-0.065,-0.213,-0.035,-0.035,-1.043,0.0,-0.213,-0.152,-0.061,-0.213,-0.152,-0.061,-0.408,-0.216,-0.512,-0.531,-1.043,116,58,58
1630600,Isaiah Mobley,2024,-0.456,-0.078,-0.378,-0.056,-0.092,0.036,-0.573,-0.118,-0.455,0.251,0.011,0.24,-0.381,-0.35,-0.035,-0.288,-0.115,-0.115,-1.125,-1.24,0.0,-0.288,-0.174,-0.114,-0.288,-0.174,-0.114,-0.253,-0.331,-0.073,0.049,-0.122,-0.248,0.016,-0.264,0.089,-0.017,0.106,0.037,-0.005,0.042,0.005,0.013,-0.004,0.043,0.214,0.214,-0.025,0.189,0.0,0.043,0.086,-0.043,0.043,0.086,-0.043,-0.262,-0.055,-0.527,-0.029,-0.498,-0.304,-0.076,-0.228,-0.484,-0.136,-0.348,0.29,0.007,0.283,-0.376,-0.337,-0.04,-0.246,0.099,0.099,-1.051,0.0,-0.246,-0.088,-0.158,-0.246,-0.088,-0.158,-0.514,-0.386,-1.24,0.189,-1.051,598,301,297
1629659,Talen Horton-Tucker,2024,-0.74,0.092,-0.832,-0.858,0.128,-0.986,-0.226,0.233,-0.459,0.252,0.004,0.248,-0.018,0.148,-0.187,0.38,-0.175,-0.175,-0.378,-0.553,-0.0,0.38,0.65,-0.27,0.38,0.65,-0.27,-0.951,-0.506,0.601,-0.027,0.628,0.526,0.066,0.46,0.011,-0.118,0.129,0.091,-0.005,0.096,0.083,0.01,0.06,-0.669,-0.518,-0.518,0.015,-0.503,0.0,-0.669,-0.353,-0.316,-0.669,-0.353,-0.316,0.218,0.537,-0.14,0.065,-0.205,-0.332,0.194,-0.526,-0.216,0.114,-0.33,0.343,-0.001,0.344,0.065,0.158,-0.127,-0.289,-0.693,-0.693,-1.056,0.0,-0.289,0.297,-0.586,-0.289,0.297,-0.586,-0.734,0.031,-0.553,-0.503,-1.056,9555,4772,4783
1630222,Mason Jones,2024,-0.651,0.0,-0.651,-0.361,-0.038,-0.323,0.041,0.009,0.032,-0.331,0.019,-0.35,-0.155,-0.024,-0.134,-0.215,0.189,0.189,-1.021,-0.832,0.0,-0.215,-0.145,-0.07,-0.215,-0.145,-0.07,-0.374,-0.203,-0.247,-0.017,-0.23,-0.036,0.002,-0.038,-0.165,-0.017,-0.148,-0.029,-0.006,-0.023,-0.078,-0.051,-0.025,0.063,0.028,0.028,-0.262,-0.234,0.0,0.063,0.032,0.031,0.063,0.032,0.031,0.004,-0.018,-0.898,-0.017,-0.881,-0.398,-0.036,-0.362,-0.123,-0.007,-0.116,-0.36,0.013,-0.373,-0.233,-0.074,-0.159,-0.152,0.217,0.217,-1.066,0.0,-0.152,-0.113,-0.039,-0.152,-0.113,-0.039,-0.371,-0.22,-0.832,-0.234,-1.066,111,55,56
1629685,Dylan Windler,2024,0.399,-0.001,0.4,0.24,-0.058,0.298,-0.123,-0.045,-0.078,0.283,0.015,0.268,-0.081,-0.05,-0.04,-0.435,-0.425,-0.425,-0.117,-0.542,0.0,-0.435,-0.085,-0.35,-0.435,-0.085,-0.35,-0.066,-0.086,-0.263,0.057,-0.32,-0.213,-0.008,-0.205,-0.176,-0.055,-0.121,0.069,-0.007,0.076,-0.024,-0.05,0.03,-0.235,-0.019,-0.019,-0.522,-0.541,0.0,-0.235,0.007,-0.242,-0.235,0.007,-0.242,-0.341,-0.168,0.136,0.056,0.08,0.026,-0.066,0.092,-0.299,-0.1,-0.199,0.353,0.008,0.345,-0.105,-0.1,-0.01,-0.67,-0.444,-0.444,-1.083,0.0,-0.67,-0.078,-0.592,-0.67,-0.078,-0.592,-0.408,-0.254,-0.542,-0.541,-1.083,470,237,233
1630531,Jaden Springer,2024,-0.978,0.024,-1.002,-0.369,-0.025,-0.344,-0.643,-0.081,-0.562,0.01,0.009,0.001,0.029,0.105,-0.072,-0.006,0.591,0.591,-0.955,-0.364,0.0,-0.006,0.65,-0.656,-0.006,0.65,-0.656,-1.521,-0.106,-0.786,0.028,-0.814,-0.289,-0.022,-0.267,-0.309,-0.087,-0.222,-0.216,-0.002,-0.214,-0.341,-0.294,-0.066,0.313,0.09,0.09,-0.814,-0.724,0.0,0.313,0.22,0.093,0.313,0.22,0.093,-0.152,-0.136,-1.764,0.052,-1.816,-0.658,-0.047,-0.611,-0.952,-0.168,-0.784,-0.206,0.007,-0.213,-0.312,-0.188,-0.139,0.307,0.681,0.681,-1.088,0.0,0.307,0.87,-0.563,0.307,0.87,-0.563,-1.673,-0.243,-0.364,-0.724,-1.088,2541,1265,1276
1631288,Jamal Cain,2024,-1.499,-0.011,-1.488,0.132,0.044,0.088,-0.409,0.06,-0.469,-1.211,0.009,-1.22,-0.064,0.173,-0.253,-1.25,1.604,1.604,-2.813,-1.209,0.0,-1.25,-0.765,-0.485,-1.25,-0.765,-0.485,-2.577,-0.041,0.117,-0.047,0.164,-0.28,0.07,-0.35,-0.219,-0.042,-0.177,0.663,-0.003,0.666,-0.142,-0.182,0.036,0.154,-0.01,-0.01,0.129,0.119,-0.0,0.154,-0.182,0.336,0.154,-0.182,0.336,-0.348,-0.128,-1.381,-0.058,-1.323,-0.148,0.114,-0.262,-0.627,0.018,-0.645,-0.548,0.006,-0.554,-0.206,-0.009,-0.217,-1.096,1.595,1.595,-1.09,0.001,-1.096,-0.947,-0.149,-1.096,-0.947,-0.149,-2.925,-0.17,-1.209,0.119,-1.089,2018,1006,1012
1631173,Terquavion Smith,2024,0.075,0.021,0.054,0.483,-0.013,0.496,-0.258,0.101,-0.359,-0.171,0.019,-0.19,-0.072,0.102,-0.181,-0.37,0.009,0.009,-0.367,-0.358,0.0,-0.37,-0.18,-0.19,-0.37,-0.18,-0.19,0.003,0.159,-0.717,0.008,-0.725,-0.149,-0.001,-0.148,-0.267,-0.058,-0.209,-0.309,-0.007,-0.302,-0.064,-0.02,-0.037,0.098,-0.054,-0.054,-0.683,-0.737,0.0,0.098,0.088,0.01,0.098,0.088,0.01,-0.897,-0.139,-0.642,0.029,-0.671,0.334,-0.014,0.348,-0.525,0.043,-0.568,-0.48,0.012,-0.492,-0.136,0.082,-0.218,-0.272,-0.045,-0.045,-1.095,0.001,-0.272,-0.092,-0.18,-0.272,-0.092,-0.18,-0.895,0.02,-0.358,-0.737,-1.094,380,191,189
1630539,Kai Jones,2024,-1.335,-0.21,-1.125,-0.588,0.056,-0.644,-0.713,-0.046,-0.667,0.176,0.008,0.168,0.237,0.319,-0.05,-0.102,0.108,0.108,-1.2,-1.092,-0.0,-0.102,0.243,-0.345,-0.102,0.243,-0.345,-2.278,-0.119,0.769,-0.013,0.782,0.823,-0.137,0.96,-0.093,-0.087,-0.006,0.052,-0.002,0.054,-0.214,-0.052,-0.142,-0.122,-0.438,-0.438,0.433,-0.005,-0.0,-0.122,-0.147,0.025,-0.122,-0.147,0.025,-0.154,-0.131,-0.563,-0.223,-0.34,0.236,-0.081,0.317,-0.805,-0.133,-0.672,0.229,0.007,0.222,0.023,0.266,-0.192,-0.224,-0.331,-0.331,-1.097,-0.0,-0.224,0.097,-0.321,-0.224,0.097,-0.321,-2.432,-0.25,-1.092,-0.005,-1.097,2245,1121,1124
1630346,Matt Ryan,2024,-0.909,0.126,-1.035,-0.452,-0.17,-0.282,0.072,-0.012,0.084,-0.655,0.005,-0.66,-0.026,-0.223,0.165,-0.665,0.386,0.386,-1.6,-1.214,0.0,-0.665,-0.241,-0.424,-0.665,-0.241,-0.424,-0.632,-1.203,0.48,0.047,0.433,0.058,0.017,0.041,-0.479,-0.03,-0.449,0.854,-0.005,0.859,0.024,-0.069,0.094,0.066,-0.455,-0.455,0.57,0.115,-0.0,0.066,-0.066,0.132,0.066,-0.066,0.132,1.194,-0.012,-0.429,0.173,-0.602,-0.395,-0.153,-0.242,-0.407,-0.042,-0.365,0.2,0.0,0.2,-0.002,-0.292,0.259,-0.599,-0.069,-0.069,-1.099,0.0,-0.599,-0.308,-0.291,-0.599,-0.308,-0.291,0.563,-1.216,-1.214,0.115,-1.099,2939,1478,1461
202738,Isaiah Thomas,2024,-0.287,-0.037,-0.25,-0.272,-0.013,-0.259,-0.047,-0.024,-0.023,0.069,0.018,0.051,-0.209,-0.137,-0.072,0.023,-0.115,-0.115,-0.473,-0.588,0.0,0.023,-0.024,0.047,0.023,-0.024,0.047,-0.302,-0.233,-0.372,-0.024,-0.348,-0.09,0.001,-0.091,-0.102,0.007,-0.109,-0.156,-0.006,-0.15,-0.043,-0.023,-0.017,0.012,-0.117,-0.117,-0.403,-0.52,0.0,0.012,-0.047,0.059,0.012,-0.047,0.059,-0.411,-0.055,-0.66,-0.061,-0.599,-0.363,-0.012,-0.351,-0.149,-0.017,-0.132,-0.087,0.012,-0.099,-0.251,-0.161,-0.089,0.035,-0.232,-0.232,-1.108,0.0,0.035,-0.07,0.105,0.035,-0.07,0.105,-0.713,-0.288,-0.588,-0.52,-1.108,90,44,46
1630535,Greg Brown III,2024,-1.161,-0.091,-1.07,-0.538,0.078,-0.616,-0.184,0.024,-0.208,-0.348,0.013,-0.361,-0.061,0.18,-0.255,-0.515,0.053,0.053,-1.737,-1.684,0.0,-0.515,-0.145,-0.37,-0.515,-0.145,-0.37,-1.29,0.107,0.472,0.043,0.429,-0.038,0.012,-0.05,-0.116,0.029,-0.145,0.583,-0.004,0.587,-0.056,-0.106,0.047,-0.017,0.174,0.174,0.399,0.573,0.0,-0.017,-0.075,0.058,-0.017,-0.075,0.058,0.877,0.017,-0.691,-0.048,-0.643,-0.577,0.089,-0.666,-0.301,0.053,-0.354,0.235,0.009,0.226,-0.117,0.074,-0.208,-0.532,0.227,0.227,-1.111,0.001,-0.532,-0.219,-0.313,-0.532,-0.219,-0.313,-0.413,0.124,-1.684,0.573,-1.11,572,285,287
1628998,Cody Martin,2024,-0.63,-0.182,-0.448,-0.404,0.054,-0.458,-0.789,0.047,-0.836,0.745,0.009,0.736,-0.322,-0.187,-0.148,0.016,-0.194,-0.194,-0.936,-1.13,0.0,0.016,-0.265,0.281,0.016,-0.265,0.281,-0.061,-0.014,-0.054,0.119,-0.173,-0.424,0.081,-0.505,0.261,0.007,0.254,-0.01,-0.006,-0.004,-0.132,-0.056,-0.073,0.107,0.097,0.097,-0.079,0.018,-0.0,0.107,0.259,-0.152,0.107,0.259,-0.152,-0.677,-0.078,-0.684,-0.063,-0.621,-0.829,0.135,-0.964,-0.528,0.054,-0.582,0.736,0.003,0.733,-0.454,-0.243,-0.221,0.123,-0.097,-0.097,-1.112,0.001,0.123,-0.006,0.129,0.123,-0.006,0.129,-0.738,-0.092,-1.13,0.018,-1.111,3555,1768,1787
1630541,Moses Moody,2024,-1.552,0.172,-1.724,-1.369,0.016,-1.385,-0.329,0.038,-0.367,-0.026,-0.003,-0.023,-0.061,-0.003,-0.047,-0.773,1.244,1.244,-2.386,-1.142,0.0,-0.773,-0.551,-0.222,-0.773,-0.551,-0.222,-1.067,-0.496,-0.251,-0.02,-0.231,0.141,0.021,0.12,-0.142,-0.046,-0.096,-0.23,-0.0,-0.23,-0.175,-0.081,-0.109,-0.163,0.619,0.619,-0.589,0.03,-0.0,-0.163,-0.152,-0.011,-0.163,-0.152,-0.011,-0.529,0.151,-1.803,0.152,-1.955,-1.228,0.037,-1.265,-0.472,-0.009,-0.463,-0.255,-0.003,-0.252,-0.236,-0.084,-0.156,-0.937,1.864,1.864,-1.112,0.0,-0.937,-0.703,-0.234,-0.937,-0.703,-0.234,-1.595,-0.345,-1.142,0.03,-1.112,8723,4375,4348
1631257,Jermaine Samuels Jr.,2024,-0.297,-0.005,-0.292,0.501,0.079,0.422,-0.061,0.015,-0.076,-0.732,0.013,-0.745,-0.178,-0.148,-0.033,0.011,0.05,0.05,-0.464,-0.414,0.0,0.011,0.084,-0.073,0.011,0.084,-0.073,-0.501,0.201,-0.503,-0.013,-0.49,-0.096,0.01,-0.106,-0.295,-0.06,-0.235,-0.099,-0.006,-0.093,-0.123,-0.156,0.036,-0.162,0.084,0.084,-0.788,-0.704,0.0,-0.162,-0.002,-0.16,-0.162,-0.002,-0.16,-0.033,-0.038,-0.799,-0.018,-0.781,0.406,0.09,0.316,-0.356,-0.045,-0.311,-0.831,0.007,-0.838,-0.301,-0.304,0.004,-0.151,0.133,0.133,-1.118,0.0,-0.151,0.081,-0.232,-0.151,0.081,-0.232,-0.535,0.164,-0.414,-0.704,-1.118,258,129,129
203501,Tim Hardaway Jr.,2024,-0.5,0.026,-0.526,0.227,-0.257,0.484,-0.261,0.034,-0.295,-0.492,0.005,-0.497,0.236,0.187,0.041,0.823,-0.235,-0.235,0.559,0.324,0.0,0.823,0.548,0.275,0.823,0.548,0.275,0.116,-0.653,-0.337,0.104,-0.441,0.046,0.1,-0.054,-0.465,0.025,-0.49,-0.022,0.001,-0.023,0.08,-0.07,0.173,-0.333,-0.852,-0.852,-0.59,-1.442,0.0,-0.333,-0.536,0.203,-0.333,-0.536,0.203,-0.354,0.192,-0.837,0.13,-0.967,0.273,-0.157,0.43,-0.726,0.059,-0.785,-0.514,0.006,-0.52,0.316,0.117,0.214,0.49,-1.087,-1.087,-1.118,0.0,0.49,0.012,0.478,0.49,0.012,0.478,-0.238,-0.461,0.324,-1.442,-1.118,17787,8896,8891
1629634,Brandon Clarke,2024,-1.899,0.032,-1.931,-0.785,-0.017,-0.768,0.253,-0.172,0.425,-1.399,-0.001,-1.398,-0.393,-0.227,-0.105,0.338,0.085,0.085,-1.954,-1.869,-0.0,0.338,-0.01,0.348,0.338,-0.01,0.348,0.035,0.129,1.011,-0.013,1.024,0.734,0.059,0.675,0.745,-0.122,0.867,-0.455,-0.0,-0.455,-0.193,-0.136,-0.058,0.193,-0.264,-0.264,1.011,0.747,0.0,0.193,0.245,-0.052,0.193,0.245,-0.052,-0.393,0.162,-0.889,0.019,-0.908,-0.051,0.042,-0.093,0.997,-0.294,1.291,-1.854,-0.001,-1.853,-0.585,-0.363,-0.163,0.531,-0.179,-0.179,-1.122,-0.0,0.531,0.235,0.296,0.531,0.235,0.296,-0.357,0.291,-1.869,0.747,-1.122,5071,2538,2533
1627751,Jakob Poeltl,2024,-0.16,0.037,-0.197,1.117,0.164,0.953,-1.029,-0.522,-0.507,-0.285,-0.013,-0.272,-0.906,-0.33,-0.572,-0.905,0.841,0.841,-1.971,-1.13,0.0,-0.905,-0.87,-0.035,-0.905,-0.87,-0.035,1.745,1.535,-1.663,-0.093,-1.57,0.299,-0.132,0.431,-0.067,0.063,-0.13,-1.802,-0.008,-1.794,0.659,0.525,0.149,0.384,0.605,0.605,-0.62,-0.015,0.0,0.384,0.402,-0.018,0.384,0.402,-0.018,-1.762,-0.264,-1.821,-0.056,-1.765,1.417,0.033,1.384,-1.096,-0.459,-0.637,-2.086,-0.021,-2.065,-0.247,0.196,-0.423,-0.521,1.447,1.447,-1.145,0.0,-0.521,-0.468,-0.053,-0.521,-0.468,-0.053,-0.016,1.272,-1.13,-0.015,-1.145,13205,6608,6597
1631386,Taze Moore,2024,-0.914,-0.018,-0.896,0.047,-0.027,0.074,-0.283,0.026,-0.309,-0.66,0.019,-0.679,-0.107,-0.062,-0.048,0.052,0.243,0.243,-0.969,-0.726,0.0,0.052,-0.06,0.112,0.052,-0.06,0.112,-0.525,-0.061,-0.309,0.015,-0.324,-0.133,0.019,-0.152,-0.104,-0.012,-0.092,-0.087,-0.005,-0.082,-0.089,-0.151,0.065,0.102,-0.123,-0.123,-0.296,-0.419,0.0,0.102,-0.056,0.158,0.102,-0.056,0.158,-0.028,0.017,-1.223,-0.003,-1.22,-0.086,-0.008,-0.078,-0.387,0.014,-0.401,-0.747,0.014,-0.761,-0.196,-0.213,0.017,0.155,0.12,0.12,-1.145,0.0,0.155,-0.116,0.271,0.155,-0.116,0.271,-0.553,-0.044,-0.726,-0.419,-1.145,174,86,88
1627759,Jaylen Brown,2024,-0.056,0.07,-0.126,0.407,0.307,0.1,0.748,0.169,0.579,-1.281,-0.006,-1.275,0.151,0.327,-0.143,-0.35,-0.917,-0.917,-0.255,-1.172,0.0,-0.35,0.151,-0.501,-0.35,0.151,-0.501,-3.047,0.385,-0.089,0.16,-0.249,0.46,-0.067,0.527,-0.379,-0.106,-0.273,-0.33,-0.004,-0.326,0.377,0.387,-0.027,0.173,-0.435,-0.435,0.461,0.026,-0.0,0.173,-0.007,0.18,0.173,-0.007,0.18,0.598,0.407,-0.144,0.23,-0.374,0.867,0.24,0.627,0.369,0.063,0.306,-1.61,-0.01,-1.6,0.529,0.714,-0.17,-0.177,-1.352,-1.352,-1.146,0.0,-0.177,0.145,-0.322,-0.177,0.145,-0.322,-2.449,0.791,-1.172,0.026,-1.146,25048,12534,12514
1630206,Jay Scrubb,2024,-0.204,-0.026,-0.178,-0.086,0.027,-0.113,-0.078,0.036,-0.114,-0.014,0.016,-0.03,-0.065,-0.053,-0.014,-0.337,0.081,0.081,-0.606,-0.525,0.0,-0.337,-0.17,-0.167,-0.337,-0.17,-0.167,-0.13,-0.021,-0.589,-0.021,-0.568,0.008,-0.006,0.014,-0.257,-0.027,-0.23,-0.319,-0.005,-0.314,-0.05,-0.04,-0.008,0.055,-0.039,-0.039,-0.584,-0.623,0.0,0.055,0.065,-0.01,0.055,0.065,-0.01,-0.519,-0.024,-0.792,-0.047,-0.745,-0.077,0.021,-0.098,-0.335,0.009,-0.344,-0.333,0.011,-0.344,-0.115,-0.093,-0.022,-0.282,0.042,0.042,-1.148,0.001,-0.282,-0.104,-0.178,-0.282,-0.104,-0.178,-0.648,-0.045,-0.525,-0.623,-1.147,122,61,61
1630195,Leandro Bolmaro,2024,-1.214,-0.086,-1.128,-0.028,0.031,-0.059,-0.117,-0.018,-0.099,-0.983,0.015,-0.998,-0.271,-0.253,-0.02,0.024,0.459,0.459,-1.461,-1.002,-0.0,0.024,-0.071,0.095,0.024,-0.071,0.095,-0.842,0.083,-0.107,0.007,-0.114,0.099,0.018,0.081,-0.048,-0.003,-0.045,-0.165,-0.006,-0.159,-0.116,-0.213,0.1,-0.026,0.103,0.103,-0.249,-0.146,0.0,-0.026,-0.041,0.015,-0.026,-0.041,0.015,0.516,0.067,-1.319,-0.079,-1.24,0.071,0.049,0.022,-0.164,-0.021,-0.143,-1.147,0.01,-1.157,-0.387,-0.466,0.08,-0.002,0.562,0.562,-1.148,-0.001,-0.002,-0.112,0.11,-0.002,-0.112,0.11,-0.326,0.151,-1.002,-0.146,-1.149,280,142,138
1629718,Charles Brown Jr.,2024,-0.409,-0.035,-0.374,-0.189,-0.043,-0.146,0.027,-0.02,0.047,-0.212,0.019,-0.231,-0.098,-0.115,0.015,-0.185,-0.051,-0.051,-0.692,-0.743,0.0,-0.185,-0.068,-0.117,-0.185,-0.068,-0.117,-0.596,-0.125,-0.223,-0.02,-0.203,-0.072,0.008,-0.08,-0.032,-0.017,-0.015,-0.099,-0.007,-0.092,-0.097,-0.078,-0.016,-0.173,0.087,0.087,-0.493,-0.406,0.0,-0.173,-0.1,-0.073,-0.173,-0.1,-0.073,-0.334,-0.031,-0.632,-0.055,-0.577,-0.261,-0.035,-0.226,-0.004,-0.037,0.033,-0.312,0.011,-0.323,-0.196,-0.194,-0.001,-0.358,0.036,0.036,-1.149,0.0,-0.358,-0.168,-0.19,-0.358,-0.168,-0.19,-0.93,-0.156,-0.743,-0.406,-1.149,142,73,69
1630322,Lindy Waters III,2024,-0.97,-0.042,-0.928,-1.014,-0.19,-0.824,0.055,0.238,-0.183,0.031,0.014,0.017,-0.508,-0.5,0.024,-0.146,0.277,0.277,-1.624,-1.347,0.0,-0.146,0.043,-0.189,-0.146,0.043,-0.189,1.579,-0.766,0.571,-0.072,0.643,0.546,0.084,0.462,0.19,-0.041,0.231,-0.093,-0.002,-0.091,-0.216,-0.217,0.019,-0.106,-0.053,-0.053,0.249,0.196,0.0,-0.106,0.222,-0.328,-0.106,0.222,-0.328,-0.28,0.255,-0.401,-0.114,-0.287,-0.468,-0.106,-0.362,0.243,0.196,0.047,-0.062,0.012,-0.074,-0.724,-0.717,0.043,-0.252,0.224,0.224,-1.151,0.0,-0.252,0.265,-0.517,-0.252,0.265,-0.517,1.299,-0.511,-1.347,0.196,-1.151,3338,1680,1658
1630182,Josh Green,2024,0.771,0.01,0.761,-0.464,0.061,-0.525,0.428,0.166,0.262,0.797,-0.002,0.799,-0.135,0.045,-0.208,0.484,-0.849,-0.849,1.12,0.271,-0.0,0.484,-0.001,0.485,0.484,-0.001,0.485,1.211,0.315,-1.353,0.073,-1.426,-0.325,0.144,-0.469,-0.643,0.148,-0.791,-0.458,-0.001,-0.457,-0.281,-0.415,0.127,0.815,-0.606,-0.606,-0.819,-1.425,-0.0,0.815,0.341,0.474,0.815,0.341,0.474,-0.444,-0.024,-0.581,0.083,-0.664,-0.789,0.205,-0.994,-0.215,0.314,-0.529,0.34,-0.002,0.342,-0.416,-0.369,-0.08,1.299,-1.455,-1.455,-1.154,-0.0,1.299,0.339,0.96,1.299,0.339,0.96,0.767,0.291,0.271,-1.425,-1.154,13667,6815,6852
1631211,Trevor Keels,2024,-0.533,-0.026,-0.507,-0.079,-0.041,-0.038,-0.107,0.013,-0.12,-0.321,0.018,-0.339,-0.083,-0.034,-0.051,-0.036,-0.042,-0.042,-0.652,-0.694,0.0,-0.036,-0.011,-0.025,-0.036,-0.011,-0.025,-0.15,-0.062,-0.325,-0.006,-0.319,-0.147,-0.001,-0.146,-0.101,-0.028,-0.073,-0.071,-0.006,-0.065,-0.08,-0.058,-0.02,-0.08,0.024,0.024,-0.485,-0.461,0.0,-0.08,-0.04,-0.04,-0.08,-0.04,-0.04,-0.144,-0.05,-0.86,-0.032,-0.828,-0.227,-0.043,-0.184,-0.208,-0.015,-0.193,-0.393,0.011,-0.404,-0.163,-0.093,-0.07,-0.117,-0.018,-0.018,-1.155,0.0,-0.117,-0.051,-0.066,-0.117,-0.051,-0.066,-0.293,-0.112,-0.694,-0.461,-1.155,34,16,18
1629677,Luka Samanic,2024,-0.72,0.017,-0.737,1.168,0.147,1.021,0.161,0.126,0.035,-2.066,0.003,-2.069,0.351,0.245,0.097,-0.872,-0.372,-0.372,-1.241,-1.613,0.0,-0.872,-0.044,-0.828,-0.872,-0.044,-0.828,-2.116,0.685,1.131,-0.036,1.167,-0.247,0.023,-0.27,0.521,-0.078,0.599,0.893,-0.009,0.902,0.16,0.255,-0.093,-0.337,-0.506,-0.506,0.954,0.448,0.0,-0.337,0.13,-0.467,-0.337,0.13,-0.467,-0.186,-0.071,0.412,-0.019,0.431,0.922,0.17,0.752,0.682,0.048,0.634,-1.173,-0.006,-1.167,0.511,0.501,0.004,-1.209,-0.878,-0.878,-1.165,0.001,-1.209,0.086,-1.295,-1.209,0.086,-1.295,-2.302,0.614,-1.613,0.448,-1.164,2363,1183,1180
1641727,Dariq Whitehead,2024,-0.555,-0.047,-0.508,-0.129,0.017,-0.146,-0.057,0.046,-0.103,-0.322,0.017,-0.339,-0.073,-0.043,-0.033,-0.034,0.33,0.33,-0.662,-0.332,0.0,-0.034,0.079,-0.113,-0.034,0.079,-0.113,0.101,0.047,-0.631,0.003,-0.634,-0.176,0.003,-0.179,-0.143,-0.034,-0.109,-0.315,-0.008,-0.307,-0.046,-0.038,-0.004,-0.062,-0.093,-0.093,-0.739,-0.832,0.0,-0.062,-0.006,-0.056,-0.062,-0.006,-0.056,-0.826,-0.183,-1.185,-0.044,-1.141,-0.305,0.02,-0.325,-0.2,0.012,-0.212,-0.636,0.01,-0.646,-0.119,-0.081,-0.038,-0.095,0.237,0.237,-1.164,0.0,-0.095,0.073,-0.168,-0.095,0.073,-0.168,-0.725,-0.136,-0.332,-0.832,-1.164,103,52,51
1630176,Vernon Carey Jr.,2024,-1.03,-0.044,-0.986,-0.113,-0.046,-0.067,-0.499,-0.04,-0.459,-0.374,0.017,-0.391,-0.081,-0.08,-0.003,-0.089,0.131,0.131,-1.2,-1.069,0.0,-0.089,0.108,-0.197,-0.089,0.108,-0.197,-0.513,-0.059,0.039,-0.003,0.042,0.014,0.013,0.001,0.076,-0.017,0.093,-0.048,-0.006,-0.042,-0.121,-0.153,0.035,-0.019,0.005,0.005,-0.101,-0.096,-0.0,-0.019,-0.079,0.06,-0.019,-0.079,0.06,0.079,0.008,-0.99,-0.047,-0.943,-0.098,-0.032,-0.066,-0.423,-0.057,-0.366,-0.422,0.011,-0.433,-0.202,-0.233,0.032,-0.108,0.135,0.135,-1.165,-0.001,-0.108,0.029,-0.137,-0.108,0.029,-0.137,-0.434,-0.051,-1.069,-0.096,-1.166,113,56,57
1641926,Dexter Dennis,2024,-0.717,-0.019,-0.698,0.036,0.006,0.03,-0.226,0.029,-0.255,-0.508,0.015,-0.523,0.047,0.096,-0.054,-0.129,-0.163,-0.163,-0.799,-0.962,0.0,-0.129,-0.199,0.07,-0.129,-0.199,0.07,-0.64,0.035,-0.071,-0.022,-0.049,-0.224,-0.01,-0.214,0.039,-0.026,0.065,0.136,-0.006,0.142,-0.045,-0.058,0.016,-0.057,-0.032,-0.032,-0.173,-0.205,0.0,-0.057,-0.013,-0.044,-0.057,-0.013,-0.044,-0.084,-0.149,-0.786,-0.041,-0.745,-0.187,-0.003,-0.184,-0.186,0.004,-0.19,-0.372,0.009,-0.381,0.002,0.038,-0.038,-0.186,-0.195,-0.195,-1.167,0.0,-0.186,-0.211,0.025,-0.186,-0.211,0.025,-0.724,-0.114,-0.962,-0.205,-1.167,143,72,71
201949,James Johnson,2024,-0.905,0.022,-0.927,-0.18,0.032,-0.212,0.384,0.116,0.268,-1.131,0.012,-1.143,-0.087,-0.075,-0.017,-0.297,0.018,0.018,-1.289,-1.271,0.0,-0.297,0.005,-0.302,-0.297,0.005,-0.302,-0.423,-0.07,-0.698,-0.065,-0.633,-0.212,0.079,-0.291,-0.088,-0.005,-0.083,-0.333,-0.006,-0.327,-0.103,-0.106,-0.02,0.475,0.417,0.417,-0.326,0.091,-0.0,0.475,0.255,0.22,0.475,0.255,0.22,0.361,0.122,-1.601,-0.043,-1.558,-0.391,0.111,-0.502,0.296,0.111,0.185,-1.463,0.006,-1.469,-0.19,-0.181,-0.037,0.178,0.436,0.436,-1.18,0.0,0.178,0.26,-0.082,0.178,0.26,-0.082,-0.062,0.052,-1.271,0.091,-1.18,875,437,438
1641778,Leaky Black,2024,-1.003,0.031,-1.034,-0.254,-0.074,-0.18,-0.208,-0.122,-0.086,-0.572,0.009,-0.581,-0.164,-0.047,-0.131,0.068,0.075,0.075,-1.099,-1.024,-0.0,0.068,-0.438,0.506,0.068,-0.438,0.506,-1.426,-0.293,0.458,0.02,0.438,0.276,-0.048,0.324,-0.29,-0.078,-0.212,0.452,-0.005,0.457,-0.041,-0.051,0.02,-0.48,-0.095,-0.095,-0.063,-0.158,-0.0,-0.48,-0.214,-0.266,-0.48,-0.214,-0.266,-0.054,-0.047,-0.546,0.051,-0.597,0.021,-0.122,0.143,-0.498,-0.2,-0.298,-0.12,0.004,-0.124,-0.205,-0.098,-0.111,-0.412,-0.02,-0.02,-1.182,-0.0,-0.412,-0.653,0.241,-0.412,-0.653,0.241,-1.48,-0.341,-1.024,-0.158,-1.182,1131,569,562
203903,Jordan Clarkson,2024,0.544,-0.037,0.581,0.6,-0.177,0.777,0.285,0.077,0.208,-0.304,0.002,-0.306,0.429,0.114,0.309,-0.152,-0.066,-0.066,0.821,0.755,-0.0,-0.152,-0.0,-0.152,-0.152,-0.0,-0.152,-1.117,-0.106,-0.764,-0.081,-0.683,0.019,-0.058,0.077,-0.28,-0.024,-0.256,-0.422,0.002,-0.424,-0.215,-0.299,0.085,-0.475,-0.492,-0.492,-1.454,-1.946,0.0,-0.475,-0.332,-0.143,-0.475,-0.332,-0.143,1.081,0.2,-0.22,-0.118,-0.102,0.619,-0.235,0.854,0.005,0.053,-0.048,-0.726,0.004,-0.73,0.213,-0.185,0.393,-0.627,-0.558,-0.558,-1.191,-0.0,-0.627,-0.332,-0.295,-0.627,-0.332,-0.295,-0.037,0.093,0.755,-1.946,-1.191,14885,7439,7446
1631105,Jalen Duren,2024,-1.686,0.098,-1.784,0.39,0.199,0.191,-0.937,-0.091,-0.846,-1.237,-0.009,-1.228,-0.158,0.005,-0.137,-0.979,1.606,1.606,-2.823,-1.217,-0.0,-0.979,-0.851,-0.128,-0.979,-0.851,-0.128,-0.886,1.027,0.928,0.005,0.923,0.246,-0.085,0.331,-0.198,-0.106,-0.092,0.875,-0.002,0.877,-0.148,-0.029,-0.103,-0.563,-0.192,-0.192,0.217,0.025,-0.0,-0.563,-0.213,-0.35,-0.563,-0.213,-0.35,-0.356,-0.167,-0.758,0.103,-0.861,0.638,0.115,0.523,-1.135,-0.197,-0.938,-0.364,-0.012,-0.352,-0.305,-0.023,-0.24,-1.542,1.414,1.414,-1.192,-0.0,-1.542,-1.064,-0.478,-1.542,-1.064,-0.478,-1.243,0.86,-1.217,0.025,-1.192,14086,7039,7047
201568,Danilo Gallinari,2024,0.666,0.092,0.574,0.386,-0.226,0.612,-0.223,-0.063,-0.16,0.411,0.023,0.388,0.54,0.285,0.248,-0.32,-0.864,-0.864,0.886,0.022,0.0,-0.32,0.243,-0.563,-0.32,0.243,-0.563,-1.979,-0.868,-0.865,-0.141,-0.724,-0.618,-0.006,-0.612,-0.328,-0.047,-0.281,0.222,-0.008,0.23,0.122,0.114,0.009,-0.266,-0.212,-0.212,-1.009,-1.221,-0.0,-0.266,-0.167,-0.099,-0.266,-0.167,-0.099,-1.206,-0.253,-0.198,-0.049,-0.149,-0.231,-0.231,0.0,-0.551,-0.11,-0.441,0.633,0.015,0.618,0.662,0.399,0.257,-0.586,-1.076,-1.076,-1.199,-0.0,-0.586,0.076,-0.662,-0.586,0.076,-0.662,-3.185,-1.121,0.022,-1.221,-1.199,2679,1344,1335
1629646,Charles Bassey,2024,-0.844,-0.02,-0.824,-0.165,-0.162,-0.003,-0.472,-0.391,-0.081,-0.187,0.003,-0.19,-0.633,-0.521,-0.105,-1.182,1.432,1.432,-2.659,-1.227,-0.0,-1.182,-0.845,-0.337,-1.182,-0.845,-0.337,-1.496,-0.493,-0.603,-0.024,-0.579,0.088,-0.023,0.111,-0.097,-0.13,0.033,-0.57,-0.005,-0.565,-0.053,-0.132,0.088,0.249,0.433,0.433,-0.407,0.026,0.0,0.249,-0.037,0.286,0.249,-0.037,0.286,0.107,0.462,-1.447,-0.044,-1.403,-0.077,-0.185,0.108,-0.569,-0.521,-0.048,-0.757,-0.002,-0.755,-0.685,-0.653,-0.017,-0.932,1.865,1.865,-1.201,-0.001,-0.932,-0.881,-0.051,-0.932,-0.881,-0.051,-1.389,-0.031,-1.227,0.026,-1.202,2954,1478,1476
1630233,Nathan Knight,2024,-1.017,-0.064,-0.953,0.177,0.048,0.129,-0.67,0.152,-0.822,-0.46,0.008,-0.468,0.389,0.361,0.044,-0.002,0.136,0.136,-0.63,-0.494,-0.0,-0.002,0.348,-0.35,-0.002,0.348,-0.35,-1.737,0.114,-0.76,0.041,-0.801,-0.37,-0.019,-0.351,0.11,-0.045,0.155,-0.541,-0.004,-0.537,-0.121,-0.132,0.006,0.144,0.028,0.028,-0.737,-0.709,0.0,0.144,-0.076,0.22,0.144,-0.076,0.22,-0.707,-0.164,-1.776,-0.023,-1.753,-0.193,0.029,-0.222,-0.56,0.107,-0.667,-1.0,0.004,-1.004,0.268,0.229,0.05,0.142,0.165,0.165,-1.203,-0.001,0.142,0.271,-0.129,0.142,0.271,-0.129,-2.444,-0.05,-0.494,-0.709,-1.204,1248,624,624
203086,Meyers Leonard,2024,0.026,-0.006,0.032,-0.118,-0.028,-0.09,-0.048,0.007,-0.055,0.198,0.014,0.184,-0.215,-0.245,0.024,0.075,-0.085,-0.085,-0.114,-0.199,0.0,0.075,0.061,0.014,0.075,0.061,0.014,-0.297,-0.353,-0.765,-0.005,-0.76,-0.249,0.066,-0.315,-0.063,-0.013,-0.05,-0.448,-0.004,-0.444,0.031,-0.003,0.04,-0.331,0.059,0.059,-1.065,-1.006,0.0,-0.331,-0.205,-0.126,-0.331,-0.205,-0.126,-1.113,-0.01,-0.739,-0.011,-0.728,-0.366,0.038,-0.404,-0.111,-0.006,-0.105,-0.251,0.009,-0.26,-0.184,-0.248,0.064,-0.257,-0.026,-0.026,-1.205,0.0,-0.257,-0.144,-0.113,-0.257,-0.144,-0.113,-1.41,-0.363,-0.199,-1.006,-1.205,489,243,246
202709,Cory Joseph,2024,-1.15,-0.092,-1.058,-1.112,-0.217,-0.895,-0.774,-0.112,-0.662,0.828,0.002,0.826,-0.218,-0.332,0.159,0.528,0.866,0.866,-0.84,0.026,-0.0,0.528,0.366,0.162,0.528,0.366,0.162,0.028,-0.882,-0.879,-0.222,-0.657,-0.306,0.061,-0.367,-0.208,0.094,-0.302,-0.143,-0.001,-0.142,-0.284,-0.193,-0.07,0.143,-0.23,-0.23,-1.02,-1.25,0.0,0.143,-0.184,0.327,0.143,-0.184,0.327,-0.59,-0.125,-2.029,-0.314,-1.715,-1.417,-0.155,-1.262,-0.983,-0.019,-0.964,0.685,0.001,0.684,-0.502,-0.525,0.089,0.671,0.636,0.636,-1.224,-0.0,0.671,0.182,0.489,0.671,0.182,0.489,-0.562,-1.007,0.026,-1.25,-1.224,6084,3050,3034
1630549,Day'Ron Sharpe,2024,-1.765,0.105,-1.87,-0.712,-0.046,-0.666,-1.006,-0.449,-0.557,-0.152,-0.01,-0.142,-0.203,0.235,-0.44,-1.35,3.259,3.259,-3.318,-0.059,0.0,-1.35,-0.494,-0.856,-1.35,-0.494,-0.856,-2.983,0.127,-0.694,-0.015,-0.679,0.063,0.025,0.038,-0.301,0.005,-0.306,-0.441,-0.003,-0.438,-0.438,-0.425,-0.021,-0.377,0.332,0.332,-1.509,-1.177,-0.0,-0.377,0.109,-0.486,-0.377,0.109,-0.486,0.217,0.021,-2.459,0.09,-2.549,-0.649,-0.021,-0.628,-1.307,-0.444,-0.863,-0.593,-0.013,-0.58,-0.641,-0.19,-0.462,-1.728,3.591,3.591,-1.236,0.0,-1.728,-0.384,-1.344,-1.728,-0.384,-1.344,-2.766,0.148,-0.059,-1.177,-1.236,6028,3007,3021
1631110,Jeremy Sochan,2024,-0.643,-0.088,-0.555,0.041,0.081,-0.04,-0.753,-0.151,-0.602,0.157,-0.002,0.159,-0.3,-0.265,-0.064,-0.457,0.101,0.101,-1.4,-1.299,0.0,-0.457,-0.271,-0.186,-0.457,-0.271,-0.186,0.754,0.582,-0.774,0.066,-0.84,-0.314,-0.115,-0.199,-0.392,-0.008,-0.384,-0.134,0.002,-0.136,0.318,0.38,-0.057,-0.107,0.614,0.614,-0.563,0.051,0.0,-0.107,-0.061,-0.046,-0.107,-0.061,-0.046,-1.31,-0.544,-1.419,-0.022,-1.397,-0.274,-0.034,-0.24,-1.144,-0.159,-0.985,0.021,-0.001,0.022,0.018,0.115,-0.121,-0.564,0.715,0.715,-1.248,0.0,-0.564,-0.333,-0.231,-0.564,-0.333,-0.231,-0.557,0.037,-1.299,0.051,-1.248,15169,7577,7592
203084,Harrison Barnes,2024,-2.264,-0.089,-2.175,-0.203,-0.062,-0.141,-0.126,0.049,-0.175,-1.846,-0.004,-1.842,0.946,1.013,-0.038,0.802,-0.333,-0.333,-0.516,-0.849,-0.0,0.802,0.237,0.565,0.802,0.237,0.565,-3.693,-0.276,-0.553,0.096,-0.649,-0.571,-0.053,-0.518,0.133,-0.019,0.152,-0.211,-0.002,-0.209,0.15,0.315,-0.192,-0.258,0.247,0.247,-0.661,-0.414,0.0,-0.258,0.185,-0.443,-0.258,0.185,-0.443,-0.671,-0.348,-2.818,0.007,-2.825,-0.774,-0.115,-0.659,0.006,0.03,-0.024,-2.057,-0.006,-2.051,1.096,1.329,-0.231,0.544,-0.086,-0.086,-1.263,0.0,0.544,0.422,0.122,0.544,0.422,0.122,-4.364,-0.624,-0.849,-0.414,-1.263,21431,10726,10705
1641749,Keyontae Johnson,2024,-0.709,-0.066,-0.643,-0.542,0.011,-0.553,0.085,0.018,0.067,-0.186,0.016,-0.202,-0.041,-0.06,0.014,-0.515,0.357,0.357,-1.265,-0.908,0.0,-0.515,-0.151,-0.364,-0.515,-0.151,-0.364,-0.556,-0.101,-0.565,-0.014,-0.551,-0.172,0.024,-0.196,-0.207,-0.002,-0.205,-0.172,-0.008,-0.164,-0.019,-0.014,-0.003,-0.097,0.304,0.304,-0.681,-0.377,-0.0,-0.097,-0.011,-0.086,-0.097,-0.011,-0.086,-0.008,0.088,-1.277,-0.08,-1.197,-0.715,0.035,-0.75,-0.124,0.015,-0.139,-0.358,0.008,-0.366,-0.06,-0.074,0.012,-0.613,0.661,0.661,-1.285,0.001,-0.613,-0.163,-0.45,-0.613,-0.163,-0.45,-0.564,-0.012,-0.908,-0.377,-1.284,265,134,131
1630577,Julian Champagnie,2024,-0.689,-0.181,-0.508,0.116,0.095,0.021,-0.453,0.284,-0.737,-0.171,0.008,-0.179,0.101,-0.141,0.248,-0.605,0.729,0.729,-1.193,-0.464,0.0,-0.605,-0.422,-0.183,-0.605,-0.422,-0.183,2.065,0.601,-0.943,0.157,-1.1,-0.332,-0.03,-0.302,-0.352,0.094,-0.446,-0.416,0.006,-0.422,0.14,0.239,-0.087,0.095,-0.119,-0.119,-0.708,-0.827,0.0,0.095,0.212,-0.117,0.095,0.212,-0.117,-1.208,-0.279,-1.633,-0.024,-1.609,-0.217,0.065,-0.282,-0.805,0.378,-1.183,-0.587,0.014,-0.601,0.241,0.098,0.161,-0.51,0.61,0.61,-1.291,0.0,-0.51,-0.209,-0.301,-0.51,-0.209,-0.301,0.856,0.321,-0.464,-0.827,-1.291,7463,3721,3742
1630678,Terry Taylor,2024,-1.7,-0.003,-1.697,-0.085,0.017,-0.102,0.025,0.032,-0.007,-1.637,0.006,-1.643,-0.247,-0.074,-0.183,-0.094,0.865,0.865,-2.041,-1.176,0.0,-0.094,0.186,-0.28,-0.094,0.186,-0.28,-0.989,0.167,-0.218,-0.021,-0.197,0.13,0.108,0.022,0.395,-0.135,0.53,-0.722,-0.01,-0.712,0.091,-0.276,0.354,0.011,-0.001,-0.001,-0.116,-0.117,0.0,0.011,0.103,-0.092,0.011,0.103,-0.092,-0.617,-0.05,-1.918,-0.024,-1.894,0.044,0.125,-0.081,0.42,-0.103,0.523,-2.358,-0.003,-2.355,-0.155,-0.35,0.171,-0.083,0.864,0.864,-1.293,0.0,-0.083,0.289,-0.372,-0.083,0.289,-0.372,-1.606,0.117,-1.176,-0.117,-1.293,1849,923,926
201586,Serge Ibaka,2024,-0.887,-0.057,-0.83,-0.486,-0.121,-0.365,-0.55,-0.02,-0.53,0.206,0.014,0.192,0.067,0.192,-0.137,-0.285,0.082,0.082,-1.105,-1.023,0.0,-0.285,-0.009,-0.276,-0.285,-0.009,-0.276,-0.831,-0.414,-0.404,-0.116,-0.288,0.207,0.04,0.167,-0.037,0.072,-0.109,-0.458,-0.005,-0.453,0.089,0.075,0.023,-0.096,0.14,0.14,-0.411,-0.271,0.0,-0.096,-0.082,-0.014,-0.096,-0.082,-0.014,0.028,0.117,-1.291,-0.173,-1.118,-0.279,-0.081,-0.198,-0.587,0.052,-0.639,-0.252,0.009,-0.261,0.156,0.266,-0.114,-0.382,0.221,0.221,-1.294,-0.001,-0.382,-0.091,-0.291,-0.382,-0.091,-0.291,-0.803,-0.298,-1.023,-0.271,-1.295,725,365,360
1626163,Frank Kaminsky,2024,-0.604,0.156,-0.76,-0.218,-0.016,-0.202,0.069,0.111,-0.042,-0.611,0.009,-0.62,-0.264,-0.237,-0.015,0.878,-0.401,-0.401,0.01,-0.391,0.0,0.878,0.232,0.646,0.878,0.232,0.646,0.074,-0.435,-0.921,0.005,-0.926,-0.602,-0.028,-0.574,-0.029,-0.063,0.034,-0.295,-0.004,-0.291,-0.034,-0.008,-0.016,0.061,-0.016,-0.016,-0.894,-0.91,0.0,0.061,0.052,0.009,0.061,0.052,0.009,-0.761,-0.238,-1.527,0.161,-1.688,-0.821,-0.045,-0.776,0.04,0.048,-0.008,-0.907,0.005,-0.912,-0.297,-0.245,-0.031,0.939,-0.417,-0.417,-1.301,0.0,0.939,0.284,0.655,0.939,0.284,0.655,-0.687,-0.673,-0.391,-0.91,-1.301,942,473,469
1629013,Landry Shamet,2024,-0.749,-0.166,-0.583,-0.502,-0.126,-0.376,-0.076,0.132,-0.208,-0.005,0.012,-0.017,0.151,-0.065,0.225,0.364,-0.613,-0.613,-0.234,-0.847,0.0,0.364,-0.131,0.495,0.364,-0.131,0.495,0.796,-0.639,-0.339,-0.129,-0.21,-0.28,0.103,-0.383,0.138,0.054,0.084,-0.068,-0.004,-0.064,-0.577,-0.475,-0.106,0.049,0.411,0.411,-0.867,-0.456,-0.0,0.049,0.112,-0.063,0.049,0.112,-0.063,0.794,0.123,-1.089,-0.295,-0.794,-0.783,-0.023,-0.76,0.062,0.186,-0.124,-0.073,0.008,-0.081,-0.426,-0.54,0.119,0.412,-0.202,-0.202,-1.303,0.001,0.412,-0.018,0.43,0.412,-0.018,0.43,1.589,-0.516,-0.847,-0.456,-1.302,7041,3518,3523
1641732,Colby Jones,2024,-0.758,0.025,-0.783,-0.388,-0.056,-0.332,0.082,-0.058,0.14,-0.477,0.015,-0.492,-0.339,-0.101,-0.221,-0.022,-0.224,-0.224,-1.119,-1.343,0.0,-0.022,0.02,-0.042,-0.022,0.02,-0.042,-1.131,-0.531,0.054,-0.12,0.174,0.106,0.022,0.084,0.006,-0.027,0.033,0.062,-0.006,0.068,-0.101,-0.174,0.081,-0.067,0.143,0.143,-0.114,0.029,0.0,-0.067,0.072,-0.139,-0.067,0.072,-0.139,0.254,0.081,-0.706,-0.095,-0.611,-0.283,-0.035,-0.248,0.087,-0.086,0.173,-0.415,0.009,-0.424,-0.439,-0.275,-0.14,-0.089,-0.08,-0.08,-1.314,0.001,-0.089,0.092,-0.181,-0.089,0.092,-0.181,-0.877,-0.449,-1.343,0.029,-1.313,747,373,374
1629614,Andrew Nembhard,2024,0.073,-0.035,0.108,0.032,0.096,-0.064,-0.057,-0.06,0.003,0.133,-0.005,0.138,-0.41,-0.393,-0.048,-0.323,-0.245,-0.245,-0.66,-0.905,-0.0,-0.323,-0.032,-0.291,-0.323,-0.032,-0.291,1.724,0.43,-0.024,0.12,-0.144,0.95,0.012,0.938,-0.33,0.092,-0.422,-0.764,0.002,-0.766,-0.235,-0.118,-0.117,0.21,-0.36,-0.36,-0.049,-0.409,0.0,0.21,0.101,0.109,0.21,0.101,0.109,0.751,0.412,0.049,0.085,-0.036,0.981,0.107,0.874,-0.387,0.032,-0.419,-0.63,-0.002,-0.628,-0.645,-0.512,-0.165,-0.113,-0.605,-0.605,-1.314,0.0,-0.113,0.069,-0.182,-0.113,0.069,-0.182,2.476,0.842,-0.905,-0.409,-1.314,17717,8853,8864
203490,Otto Porter Jr.,2024,-1.141,-0.125,-1.016,-0.037,-0.073,0.036,-0.561,0.036,-0.597,-0.418,0.012,-0.43,0.085,0.069,-0.005,0.042,-0.03,-0.03,-1.014,-1.044,0.0,0.042,0.14,-0.098,0.042,0.14,-0.098,-0.619,-0.071,0.041,-0.035,0.076,0.103,-0.019,0.122,0.017,-0.137,0.154,-0.044,-0.007,-0.037,0.005,-0.065,0.081,0.163,-0.487,-0.487,0.209,-0.278,-0.0,0.163,0.129,0.034,0.163,0.129,0.034,-0.359,-0.175,-1.101,-0.16,-0.941,0.066,-0.092,0.158,-0.545,-0.101,-0.444,-0.462,0.005,-0.467,0.089,0.004,0.076,0.204,-0.518,-0.518,-1.322,-0.001,0.204,0.269,-0.065,0.204,0.269,-0.065,-0.978,-0.245,-1.044,-0.278,-1.323,1309,659,650
1628398,Kyle Kuzma,2024,0.459,-0.155,0.614,0.259,0.047,0.212,-0.249,-0.11,-0.139,0.604,-0.008,0.612,-0.231,-0.237,-0.03,-0.183,-0.959,-0.959,0.045,-0.914,-0.0,-0.183,0.337,-0.52,-0.183,0.337,-0.52,-0.531,0.213,-0.194,-0.083,-0.111,0.033,-0.265,0.298,-0.498,0.002,-0.5,0.354,0.008,0.346,0.133,0.213,-0.071,0.161,-0.512,-0.512,0.1,-0.412,0.0,0.161,0.024,0.137,0.161,0.024,0.137,0.682,-0.381,0.264,-0.238,0.502,0.291,-0.219,0.51,-0.747,-0.108,-0.639,0.958,-0.0,0.958,-0.098,-0.024,-0.101,-0.022,-1.472,-1.472,-1.326,-0.001,-0.022,0.361,-0.383,-0.022,0.361,-0.383,0.151,-0.168,-0.914,-0.412,-1.327,18718,9368,9350
1631245,Quenton Jackson,2024,-0.439,-0.038,-0.401,-0.299,0.006,-0.305,-0.106,0.013,-0.119,0.004,0.012,-0.008,-0.2,-0.031,-0.174,-0.573,0.05,0.05,-1.212,-1.162,0.0,-0.573,-0.297,-0.276,-0.573,-0.297,-0.276,-0.582,-0.042,-0.402,-0.043,-0.359,-0.157,-0.05,-0.107,-0.289,-0.047,-0.242,0.087,-0.004,0.091,-0.063,-0.023,-0.038,0.152,0.133,0.133,-0.313,-0.18,0.0,0.152,0.094,0.058,0.152,0.094,0.058,-0.357,-0.161,-0.843,-0.081,-0.762,-0.457,-0.045,-0.412,-0.395,-0.034,-0.361,0.09,0.008,0.082,-0.263,-0.054,-0.212,-0.421,0.183,0.183,-1.342,-0.001,-0.421,-0.203,-0.218,-0.421,-0.203,-0.218,-0.938,-0.203,-1.162,-0.18,-1.343,628,314,314
1630205,Lamar Stevens,2024,-1.462,-0.175,-1.287,-0.155,-0.108,-0.047,0.032,-0.169,0.201,-1.164,-0.001,-1.163,-0.247,-0.273,-0.002,-0.033,0.198,0.198,-1.742,-1.544,0.0,-0.033,0.072,-0.105,-0.033,0.072,-0.105,-1.546,-0.24,-0.125,0.013,-0.138,-0.111,0.062,-0.173,-0.052,-0.04,-0.012,0.025,-0.003,0.028,0.168,0.118,0.058,0.199,-0.044,-0.044,0.242,0.198,0.0,0.199,0.257,-0.058,0.199,0.257,-0.058,0.434,0.18,-1.587,-0.162,-1.425,-0.265,-0.045,-0.22,-0.02,-0.209,0.189,-1.14,-0.004,-1.136,-0.079,-0.155,0.056,0.166,0.154,0.154,-1.346,0.0,0.166,0.328,-0.162,0.166,0.328,-0.162,-1.113,-0.06,-1.544,0.198,-1.346,6609,3296,3313
1629014,Anfernee Simons,2024,0.415,0.01,0.405,-0.228,-0.144,-0.084,0.363,0.074,0.289,0.27,0.004,0.266,-0.039,-0.512,0.439,0.572,-0.621,-0.621,0.948,0.327,0.0,0.572,0.333,0.239,0.572,0.333,0.239,-0.765,-0.637,-1.135,-0.065,-1.07,-0.873,0.018,-0.891,0.15,0.064,0.086,-0.347,0.001,-0.348,0.03,0.049,-0.005,-0.358,-0.226,-0.226,-1.463,-1.689,0.0,-0.358,-0.115,-0.243,-0.358,-0.115,-0.243,-1.906,-0.449,-0.72,-0.055,-0.665,-1.102,-0.126,-0.976,0.514,0.138,0.376,-0.077,0.005,-0.082,-0.008,-0.463,0.434,0.214,-0.847,-0.847,-1.362,0.0,0.214,0.218,-0.004,0.214,0.218,-0.004,-2.671,-1.086,0.327,-1.689,-1.362,15214,7608,7606
1630639,AJ Lawson,2024,-0.805,-0.148,-0.657,-0.24,0.011,-0.251,-0.261,0.126,-0.387,-0.156,0.007,-0.163,-0.315,0.076,-0.411,0.03,-0.079,-0.079,-1.09,-1.169,0.0,0.03,-0.196,0.226,0.03,-0.196,0.226,-1.404,-0.285,-0.461,0.062,-0.523,-0.136,-0.022,-0.114,-0.473,-0.018,-0.455,0.086,-0.003,0.089,0.082,-0.008,0.102,-0.13,0.312,0.312,-0.509,-0.197,0.0,-0.13,-0.278,0.148,-0.13,-0.278,0.148,0.227,-0.051,-1.266,-0.086,-1.18,-0.376,-0.011,-0.365,-0.734,0.108,-0.842,-0.07,0.004,-0.074,-0.233,0.069,-0.309,-0.1,0.232,0.232,-1.366,0.0,-0.1,-0.474,0.374,-0.1,-0.474,0.374,-1.178,-0.336,-1.169,-0.197,-1.366,1894,947,947
1626159,Justise Winslow,2024,-2.034,-0.256,-1.778,-0.749,-0.036,-0.713,-0.259,0.017,-0.276,-0.77,0.008,-0.778,-0.509,-0.252,-0.275,-0.495,0.796,0.796,-3.038,-2.242,0.0,-0.495,0.281,-0.776,-0.495,0.281,-0.776,0.168,0.283,0.918,0.09,0.828,0.631,-0.007,0.638,-0.141,-0.088,-0.053,0.338,-0.002,0.34,-0.175,-0.184,0.02,0.056,0.077,0.077,0.799,0.876,-0.0,0.056,0.109,-0.053,0.056,0.109,-0.053,0.396,0.426,-1.118,-0.166,-0.952,-0.119,-0.043,-0.076,-0.401,-0.071,-0.33,-0.432,0.006,-0.438,-0.684,-0.437,-0.254,-0.438,0.873,0.873,-1.366,-0.001,-0.438,0.39,-0.828,-0.438,0.39,-0.828,0.565,0.709,-2.242,0.876,-1.367,3286,1638,1648
1631212,Peyton Watson,2024,-0.053,0.327,-0.38,-0.729,0.057,-0.786,0.198,-0.137,0.335,0.151,-0.002,0.153,-0.374,-0.107,-0.24,0.001,-1.244,-1.244,-0.426,-1.67,0.0,0.001,0.087,-0.086,0.001,0.087,-0.086,-0.088,0.161,2.028,-0.113,2.141,0.94,-0.024,0.964,0.653,0.085,0.568,0.548,0.007,0.541,-0.198,-0.366,0.158,-0.589,-0.939,-0.939,1.241,0.302,-0.0,-0.589,-0.158,-0.431,-0.589,-0.158,-0.431,1.738,0.23,1.975,0.214,1.761,0.211,0.033,0.178,0.851,-0.052,0.903,0.699,0.005,0.694,-0.572,-0.473,-0.083,-0.589,-2.183,-2.183,-1.368,-0.0,-0.589,-0.071,-0.518,-0.589,-0.071,-0.518,1.65,0.39,-1.67,0.302,-1.368,6984,3471,3513
1641754,Seth Lundy,2024,-0.294,0.053,-0.347,0.073,-0.068,0.141,0.331,0.046,0.285,-0.751,0.021,-0.772,-0.02,0.074,-0.103,-0.17,-0.279,-0.279,-0.484,-0.763,0.0,-0.17,-0.086,-0.084,-0.17,-0.086,-0.084,-0.01,0.003,-0.497,0.012,-0.509,-0.224,-0.014,-0.21,-0.229,-0.029,-0.2,-0.056,-0.006,-0.05,-0.09,-0.023,-0.065,0.01,-0.05,-0.05,-0.577,-0.627,0.0,0.01,-0.048,0.058,0.01,-0.048,0.058,-0.671,-0.118,-0.791,0.065,-0.856,-0.152,-0.082,-0.07,0.102,0.017,0.085,-0.806,0.015,-0.821,-0.11,0.051,-0.169,-0.16,-0.329,-0.329,-1.39,0.0,-0.16,-0.134,-0.026,-0.16,-0.134,-0.026,-0.68,-0.115,-0.763,-0.627,-1.39,206,103,103
1630225,Isaiah Todd,2024,-1.018,-0.053,-0.965,-0.138,-0.058,-0.08,-0.442,-0.018,-0.424,-0.385,0.015,-0.4,-0.189,-0.127,-0.063,-0.078,0.078,0.078,-1.285,-1.207,0.0,-0.078,-0.022,-0.056,-0.078,-0.022,-0.056,-0.186,-0.168,-0.136,-0.052,-0.084,0.034,-0.028,0.062,-0.126,-0.03,-0.096,0.008,-0.006,0.014,-0.091,-0.075,-0.015,-0.01,0.055,0.055,-0.237,-0.182,0.0,-0.01,-0.058,0.048,-0.01,-0.058,0.048,-0.077,-0.139,-1.153,-0.105,-1.048,-0.105,-0.087,-0.018,-0.568,-0.048,-0.52,-0.375,0.01,-0.385,-0.28,-0.202,-0.079,-0.088,0.132,0.132,-1.389,-0.001,-0.088,-0.08,-0.008,-0.088,-0.08,-0.008,-0.263,-0.306,-1.207,-0.182,-1.39,262,132,130
1631200,Kris Murray,2024,-1.802,0.2,-2.002,-1.373,0.072,-1.445,0.556,0.044,0.512,-1.185,0.0,-1.185,-0.205,-0.068,-0.143,-1.181,1.365,1.365,-3.188,-1.823,0.0,-1.181,-1.243,0.062,-1.181,-1.243,0.062,-2.581,-0.665,-0.335,-0.075,-0.26,-0.189,-0.006,-0.183,0.083,-0.032,0.115,-0.154,0.001,-0.155,-0.201,-0.235,0.034,0.229,0.728,0.728,-0.307,0.421,0.0,0.229,0.021,0.208,0.229,0.021,0.208,0.52,0.088,-2.136,0.125,-2.261,-1.562,0.066,-1.628,0.638,0.012,0.626,-1.337,0.002,-1.339,-0.405,-0.304,-0.109,-0.952,2.093,2.093,-1.402,0.0,-0.952,-1.222,0.27,-0.952,-1.222,0.27,-2.061,-0.578,-1.823,0.421,-1.402,5396,2702,2694
1630296,Braxton Key,2024,-0.538,-0.057,-0.481,-0.13,0.026,-0.156,0.422,0.109,0.313,-0.773,0.017,-0.79,-0.036,0.047,-0.064,-0.004,-0.362,-0.362,-0.578,-0.94,0.0,-0.004,0.157,-0.161,-0.004,0.157,-0.161,-0.297,0.101,-0.265,-0.003,-0.262,-0.119,0.009,-0.128,-0.097,-0.067,-0.03,-0.046,-0.006,-0.04,-0.139,-0.154,0.018,-0.017,-0.047,-0.047,-0.421,-0.468,0.0,-0.017,-0.089,0.072,-0.017,-0.089,0.072,-0.115,-0.003,-0.804,-0.06,-0.744,-0.25,0.034,-0.284,0.325,0.042,0.283,-0.819,0.011,-0.83,-0.175,-0.106,-0.046,-0.021,-0.409,-0.409,-1.408,0.001,-0.021,0.068,-0.089,-0.021,0.068,-0.089,-0.412,0.098,-0.94,-0.468,-1.407,287,144,143
1628435,Chance Comanche,2024,-0.55,-0.029,-0.521,-0.111,-0.038,-0.073,-0.331,-0.034,-0.297,-0.079,0.017,-0.096,-0.098,-0.018,-0.083,-0.015,0.149,0.149,-0.663,-0.514,0.0,-0.015,-0.107,0.092,-0.015,-0.107,0.092,-0.171,0.004,-0.793,-0.003,-0.79,-0.207,-0.002,-0.205,-0.059,-0.033,-0.026,-0.524,-0.006,-0.518,-0.056,-0.056,0.003,-0.105,0.054,0.054,-0.954,-0.9,0.0,-0.105,-0.043,-0.062,-0.105,-0.043,-0.062,-0.692,-0.154,-1.343,-0.032,-1.311,-0.318,-0.04,-0.278,-0.39,-0.067,-0.323,-0.603,0.011,-0.614,-0.153,-0.074,-0.08,-0.12,0.203,0.203,-1.414,0.001,-0.12,-0.151,0.031,-0.12,-0.151,0.031,-0.864,-0.15,-0.514,-0.9,-1.413,84,41,43
1641715,Cam Whitmore,2024,-1.74,-0.198,-1.542,-0.065,0.095,-0.16,0.131,0.189,-0.058,-1.608,0.012,-1.62,-0.285,-0.019,-0.251,0.025,1.487,1.487,-2.0,-0.513,-0.0,0.025,-0.038,0.063,0.025,-0.038,0.063,-0.529,0.279,-0.551,0.03,-0.581,-0.013,0.051,-0.064,-0.123,-0.016,-0.107,-0.445,-0.004,-0.441,-0.08,-0.315,0.242,-0.102,-0.168,-0.168,-0.733,-0.901,0.0,-0.102,-0.052,-0.05,-0.102,-0.052,-0.05,-0.091,-0.033,-2.289,-0.168,-2.121,-0.077,0.146,-0.223,0.009,0.174,-0.165,-2.053,0.008,-2.061,-0.366,-0.335,-0.008,-0.077,1.319,1.319,-1.414,0.0,-0.077,-0.089,0.012,-0.077,-0.089,0.012,-0.619,0.246,-0.513,-0.901,-1.414,3654,1831,1823
1630186,Jahmi'us Ramsey,2024,-0.441,-0.012,-0.429,0.417,-0.034,0.451,-0.366,-0.025,-0.341,-0.48,0.013,-0.493,-0.002,0.055,-0.066,-0.194,-0.481,-0.481,-0.637,-1.118,-0.0,-0.194,-0.527,0.333,-0.194,-0.527,0.333,-0.641,-0.128,0.09,0.044,0.046,-0.25,0.007,-0.257,0.296,-0.034,0.33,-0.0,-0.005,0.005,-0.049,-0.091,0.048,-0.008,-0.342,-0.342,0.033,-0.309,0.0,-0.008,-0.018,0.01,-0.008,-0.018,0.01,0.166,0.064,-0.352,0.032,-0.384,0.167,-0.027,0.194,-0.071,-0.06,-0.011,-0.48,0.008,-0.488,-0.051,-0.035,-0.018,-0.202,-0.823,-0.823,-1.427,0.0,-0.202,-0.545,0.343,-0.202,-0.545,0.343,-0.475,-0.064,-1.118,-0.309,-1.427,498,249,249
201937,Ricky Rubio,2024,-1.946,0.232,-2.178,-0.802,-0.112,-0.69,-0.986,-0.064,-0.922,-0.39,0.008,-0.398,-0.204,-0.081,-0.129,0.301,-0.26,-0.26,-1.849,-2.109,0.0,0.301,0.338,-0.037,0.301,0.338,-0.037,1.844,0.086,-0.261,-0.017,-0.244,-0.187,-0.019,-0.168,-0.343,0.11,-0.453,0.286,-0.004,0.29,0.053,-0.037,0.114,0.593,0.297,0.297,0.385,0.682,0.0,0.593,0.178,0.415,0.593,0.178,0.415,0.327,-0.016,-2.209,0.215,-2.424,-0.989,-0.131,-0.858,-1.33,0.046,-1.376,-0.105,0.003,-0.108,-0.151,-0.118,-0.015,0.894,0.037,0.037,-1.427,0.0,0.894,0.516,0.378,0.894,0.516,0.378,2.172,0.069,-2.109,0.682,-1.427,2294,1153,1141
203487,Michael Carter-Williams,2024,-0.139,-0.025,-0.114,-0.158,0.021,-0.179,-0.105,0.043,-0.148,0.149,0.015,0.134,-0.085,0.026,-0.1,-0.208,-0.164,-0.164,-0.432,-0.596,0.0,-0.208,-0.093,-0.115,-0.208,-0.093,-0.115,-0.153,-0.105,-0.721,-0.017,-0.704,-0.085,0.017,-0.102,-0.185,-0.016,-0.169,-0.434,-0.005,-0.429,-0.104,-0.045,-0.056,0.05,-0.058,-0.058,-0.775,-0.833,0.0,0.05,0.1,-0.05,0.05,0.1,-0.05,-0.854,-0.043,-0.861,-0.042,-0.819,-0.244,0.037,-0.281,-0.29,0.027,-0.317,-0.285,0.01,-0.295,-0.189,-0.019,-0.155,-0.158,-0.222,-0.222,-1.429,0.001,-0.158,0.007,-0.165,-0.158,0.007,-0.165,-1.007,-0.148,-0.596,-0.833,-1.428,174,87,87
1631306,Cole Swider,2024,-0.242,0.071,-0.313,-0.036,0.01,-0.046,0.157,0.104,0.053,-0.434,0.023,-0.457,-0.112,-0.106,-0.009,-0.243,-0.207,-0.207,-0.597,-0.804,-0.0,-0.243,0.131,-0.374,-0.243,0.131,-0.374,-0.602,-0.256,-0.434,-0.056,-0.378,-0.054,0.039,-0.093,-0.013,0.005,-0.018,-0.311,-0.006,-0.305,-0.069,-0.098,0.035,-0.157,0.031,0.031,-0.66,-0.629,0.0,-0.157,-0.093,-0.064,-0.157,-0.093,-0.064,-0.519,0.045,-0.674,0.015,-0.689,-0.089,0.049,-0.138,0.144,0.108,0.036,-0.744,0.017,-0.761,-0.181,-0.204,0.026,-0.4,-0.176,-0.176,-1.433,-0.0,-0.4,0.039,-0.439,-0.4,0.039,-0.439,-1.12,-0.211,-0.804,-0.629,-1.433,513,260,253
1630610,DeJon Jarreau,2024,-1.816,0.073,-1.889,-0.166,-0.04,-0.126,-0.736,-0.037,-0.699,-0.987,0.017,-1.004,-0.086,0.037,-0.134,0.48,0.251,0.251,-1.422,-1.171,0.0,0.48,0.361,0.119,0.48,0.361,0.119,-1.069,-0.093,-0.444,-0.068,-0.376,0.03,-0.011,0.041,-0.071,-0.018,-0.053,-0.335,-0.007,-0.328,0.031,0.043,-0.008,-0.087,0.235,0.235,-0.5,-0.265,0.0,-0.087,-0.027,-0.06,-0.087,-0.027,-0.06,-0.742,-0.112,-2.26,0.005,-2.265,-0.136,-0.051,-0.085,-0.806,-0.054,-0.752,-1.323,0.009,-1.332,-0.055,0.081,-0.142,0.393,0.486,0.486,-1.436,0.0,0.393,0.334,0.059,0.393,0.334,0.059,-1.812,-0.205,-1.171,-0.265,-1.436,607,303,304
1627863,Danuel House Jr.,2024,-0.485,0.054,-0.539,0.579,0.116,0.463,-0.342,-0.004,-0.338,-0.776,-0.009,-0.767,0.605,0.511,0.065,-0.354,-0.724,-0.724,-0.234,-0.958,0.0,-0.354,-0.253,-0.101,-0.354,-0.253,-0.101,-2.544,0.034,-0.655,0.112,-0.767,-0.27,0.039,-0.309,-0.705,-0.085,-0.62,0.208,-0.001,0.209,-0.233,-0.236,0.006,0.438,-0.03,-0.03,-0.45,-0.48,0.0,0.438,0.252,0.186,0.438,0.252,0.186,0.217,0.18,-1.141,0.166,-1.307,0.309,0.155,0.154,-1.047,-0.089,-0.958,-0.569,-0.01,-0.559,0.372,0.275,0.072,0.084,-0.754,-0.754,-1.438,-0.001,0.084,-0.001,0.085,0.084,-0.001,0.085,-2.326,0.214,-0.958,-0.48,-1.439,5470,2730,2740
1631298,Jack White,2024,-0.993,-0.078,-0.915,-0.178,-0.017,-0.161,-0.307,-0.026,-0.281,-0.43,0.014,-0.444,-0.114,-0.232,0.113,0.171,-0.316,-0.316,-0.936,-1.252,0.0,0.171,-0.096,0.267,0.171,-0.096,0.267,-0.344,-0.24,-0.368,-0.026,-0.342,-0.174,0.018,-0.192,-0.35,-0.068,-0.282,0.182,-0.006,0.188,-0.166,-0.163,0.002,-0.087,0.4,0.4,-0.621,-0.221,-0.0,-0.087,-0.001,-0.086,-0.087,-0.001,-0.086,0.11,0.007,-1.36,-0.104,-1.256,-0.353,0.0,-0.353,-0.657,-0.094,-0.563,-0.246,0.009,-0.255,-0.28,-0.395,0.115,0.084,0.084,0.084,-1.473,-0.0,0.084,-0.097,0.181,0.084,-0.097,0.181,-0.235,-0.233,-1.252,-0.221,-1.473,503,248,255
1630241,Sam Merrill,2024,-0.271,0.044,-0.315,-0.656,-0.2,-0.456,0.705,0.369,0.336,-0.364,0.037,-0.401,-0.411,-0.166,-0.237,0.391,-0.736,-0.736,-0.291,-1.027,0.0,0.391,0.031,0.36,0.391,0.031,0.36,2.413,-0.502,-0.475,0.012,-0.487,-0.287,-0.028,-0.259,0.31,0.006,0.304,-0.51,0.001,-0.511,-0.154,-0.017,-0.131,-0.403,0.581,0.581,-1.032,-0.451,0.0,-0.403,-0.222,-0.181,-0.403,-0.222,-0.181,0.7,0.155,-0.747,0.056,-0.803,-0.944,-0.229,-0.715,1.015,0.375,0.64,-0.874,0.038,-0.912,-0.566,-0.183,-0.368,-0.012,-0.156,-0.156,-1.478,-0.001,-0.012,-0.192,0.18,-0.012,-0.192,0.18,3.112,-0.347,-1.027,-0.451,-1.479,4876,2453,2423
1629675,Naz Reid,2024,-0.999,-0.066,-0.933,-0.71,0.133,-0.843,0.106,0.273,-0.167,-0.329,-0.001,-0.328,-0.111,0.026,-0.152,-0.328,-0.628,-0.628,-1.438,-2.066,0.0,-0.328,-0.37,0.042,-0.328,-0.37,0.042,-0.271,-0.107,0.278,0.068,0.21,0.162,-0.038,0.2,0.275,-0.084,0.359,-0.227,0.005,-0.232,-0.363,-0.533,0.159,0.391,0.276,0.276,0.306,0.582,-0.0,0.391,0.332,0.059,0.391,0.332,0.059,0.498,-0.083,-0.723,0.002,-0.725,-0.549,0.094,-0.643,0.381,0.189,0.192,-0.557,0.003,-0.56,-0.474,-0.507,0.006,0.062,-0.352,-0.352,-1.484,0.0,0.062,-0.038,0.1,0.062,-0.038,0.1,0.227,-0.19,-2.066,0.582,-1.484,14432,7203,7229
1641710,Anthony Black,2024,-0.288,-0.076,-0.212,-0.437,0.187,-0.624,-0.15,0.088,-0.238,0.375,-0.007,0.382,0.03,0.221,-0.189,-1.609,-0.199,-0.199,-1.867,-2.066,0.0,-1.609,-0.682,-0.927,-1.609,-0.682,-0.927,-1.038,0.798,-0.009,0.072,-0.081,0.308,-0.108,0.416,0.077,0.025,0.052,-0.466,0.003,-0.469,-0.033,-0.09,0.054,0.23,0.393,0.393,0.188,0.581,0.0,0.23,-0.095,0.325,0.23,-0.095,0.325,0.735,0.103,-0.298,-0.004,-0.294,-0.13,0.079,-0.209,-0.073,0.113,-0.186,-0.091,-0.004,-0.087,-0.004,0.131,-0.135,-1.379,0.194,0.194,-1.485,-0.0,-1.379,-0.777,-0.602,-1.379,-0.777,-0.602,-0.302,0.901,-2.066,0.581,-1.485,4726,2360,2366
1631210,Jacob Toppin,2024,-0.534,-0.039,-0.495,-0.203,-0.013,-0.19,-0.28,-0.034,-0.246,-0.012,0.017,-0.029,-0.077,-0.095,0.016,-0.136,-0.115,-0.115,-0.747,-0.862,0.0,-0.136,-0.015,-0.121,-0.136,-0.015,-0.121,-0.467,-0.014,-0.535,-0.019,-0.516,-0.118,-0.011,-0.107,-0.055,-0.031,-0.024,-0.343,-0.006,-0.337,-0.107,-0.051,-0.054,-0.089,0.098,0.098,-0.731,-0.633,0.0,-0.089,-0.063,-0.026,-0.089,-0.063,-0.026,-0.658,-0.111,-1.07,-0.058,-1.012,-0.322,-0.025,-0.297,-0.335,-0.064,-0.271,-0.355,0.011,-0.366,-0.184,-0.146,-0.038,-0.225,-0.018,-0.018,-1.495,0.0,-0.225,-0.078,-0.147,-0.225,-0.078,-0.147,-1.126,-0.125,-0.862,-0.633,-1.495,138,72,66
1628370,Malik Monk,2024,-0.36,0.05,-0.41,0.974,0.305,0.669,0.333,0.369,-0.036,-1.717,-0.007,-1.71,0.792,0.943,-0.137,-0.542,-0.641,-0.641,-0.11,-0.751,0.0,-0.542,-0.542,0.0,-0.542,-0.542,0.0,-1.408,1.224,-0.265,-0.069,-0.196,0.796,-0.019,0.815,-0.672,0.038,-0.71,-0.32,0.007,-0.327,-0.457,-0.722,0.262,-0.072,0.046,0.046,-0.794,-0.748,-0.0,-0.072,-0.469,0.397,-0.072,-0.469,0.397,0.872,0.449,-0.623,-0.019,-0.604,1.771,0.286,1.485,-0.339,0.407,-0.746,-2.036,0.001,-2.037,0.335,0.22,0.126,-0.614,-0.595,-0.595,-1.499,-0.0,-0.614,-1.011,0.397,-0.614,-1.011,0.397,-0.536,1.674,-0.751,-0.748,-1.499,15601,7836,7765
1629028,Deandre Ayton,2024,-1.676,-0.092,-1.584,-0.86,-0.237,-0.623,-0.529,-1.11,0.581,-0.195,-0.016,-0.179,-0.661,-0.847,0.165,-0.924,0.945,0.945,-3.261,-2.316,0.0,-0.924,-0.768,-0.156,-0.924,-0.768,-0.156,-0.141,-0.707,-0.009,0.037,-0.046,-0.935,0.134,-1.069,0.228,0.277,-0.049,0.661,0.001,0.66,0.333,0.492,-0.135,0.159,0.304,0.304,0.483,0.787,0.0,0.159,0.012,0.147,0.159,0.012,0.147,-0.237,-0.137,-1.686,-0.055,-1.631,-1.796,-0.104,-1.692,-0.301,-0.832,0.531,0.466,-0.015,0.481,-0.328,-0.354,0.03,-0.764,1.249,1.249,-1.529,0.0,-0.764,-0.756,-0.008,-0.764,-0.756,-0.008,-0.378,-0.845,-2.316,0.787,-1.529,16578,8302,8276
1631218,Trayce Jackson-Davis,2024,-0.547,0.279,-0.826,-0.608,0.104,-0.712,0.348,-0.045,0.393,-0.566,0.006,-0.572,-0.666,-0.132,-0.468,-0.263,0.829,0.829,-1.476,-0.647,0.0,-0.263,-0.399,0.136,-0.263,-0.399,0.136,-0.24,0.622,-0.604,-0.085,-0.519,0.01,-0.109,0.119,0.41,-0.084,0.494,-0.939,-0.005,-0.934,-0.012,0.015,-0.017,-0.39,0.118,0.118,-1.006,-0.888,0.0,-0.39,-0.27,-0.12,-0.39,-0.27,-0.12,-1.596,-0.486,-1.152,0.194,-1.346,-0.599,-0.006,-0.593,0.758,-0.129,0.887,-1.505,0.001,-1.506,-0.678,-0.117,-0.485,-0.652,0.947,0.947,-1.535,0.0,-0.652,-0.669,0.017,-0.652,-0.669,0.017,-1.836,0.137,-0.647,-0.888,-1.535,4581,2281,2300
1631113,Kennedy Chandler,2024,-1.225,-0.105,-1.12,-0.369,0.072,-0.441,-0.092,-0.062,-0.03,-0.659,0.01,-0.669,-0.565,-0.261,-0.307,-0.512,1.107,1.107,-2.302,-1.195,0.0,-0.512,-0.037,-0.475,-0.512,-0.037,-0.475,0.213,0.416,-0.956,-0.078,-0.878,-0.264,-0.041,-0.223,-0.141,-0.078,-0.063,-0.473,-0.003,-0.47,-0.122,-0.037,-0.09,0.146,0.587,0.587,-0.932,-0.345,-0.0,0.146,0.109,0.037,0.146,0.109,0.037,-0.457,-0.189,-2.182,-0.183,-1.999,-0.633,0.031,-0.664,-0.233,-0.14,-0.093,-1.133,0.006,-1.139,-0.686,-0.297,-0.398,-0.367,1.694,1.694,-1.54,0.0,-0.367,0.072,-0.439,-0.367,0.072,-0.439,-0.245,0.227,-1.195,-0.345,-1.54,1160,579,581
202696,Nikola Vucevic,2024,1.058,-0.136,1.194,0.326,-0.265,0.591,0.807,-0.333,1.14,0.061,0.005,0.056,-0.123,-0.646,0.53,-0.467,-1.166,-1.166,0.468,-0.698,0.0,-0.467,-0.543,0.076,-0.467,-0.543,0.076,2.424,-0.814,-1.381,0.192,-1.573,-0.281,0.012,-0.293,-0.555,-0.127,-0.428,-0.737,-0.005,-0.732,0.179,0.171,-0.0,-0.705,1.05,1.05,-1.907,-0.857,0.0,-0.705,-0.366,-0.339,-0.705,-0.366,-0.339,-2.123,-0.245,-0.325,0.056,-0.381,0.045,-0.253,0.298,0.251,-0.46,0.711,-0.677,-0.001,-0.676,0.056,-0.475,0.53,-1.172,-0.117,-0.117,-1.555,0.0,-1.172,-0.909,-0.263,-1.172,-0.909,-0.263,0.301,-1.059,-0.698,-0.857,-1.555,21424,10732,10692
1631172,Ousmane Dieng,2024,-2.628,0.081,-2.709,-1.304,0.035,-1.339,0.521,0.204,0.317,-1.926,0.011,-1.937,-0.435,-0.457,-0.003,0.35,1.197,1.197,-2.713,-1.516,0.0,0.35,-0.059,0.409,0.35,-0.059,0.409,0.547,-0.091,-0.34,-0.01,-0.33,0.253,-0.012,0.265,-0.644,-0.031,-0.613,0.061,-0.002,0.063,0.127,0.209,-0.063,-0.141,0.313,0.313,-0.354,-0.041,-0.0,-0.141,-0.217,0.076,-0.141,-0.217,0.076,-0.51,0.184,-2.967,0.071,-3.038,-1.051,0.023,-1.074,-0.123,0.173,-0.296,-1.864,0.009,-1.873,-0.308,-0.248,-0.066,0.209,1.51,1.51,-1.557,0.0,0.209,-0.276,0.485,0.209,-0.276,0.485,0.037,0.093,-1.516,-0.041,-1.557,3852,1928,1924
1631250,Pete Nance,2024,-0.648,-0.03,-0.618,-0.185,-0.038,-0.147,-0.307,-0.057,-0.25,-0.126,0.015,-0.141,-0.125,-0.08,-0.047,-0.331,-0.126,-0.126,-1.104,-1.23,0.0,-0.331,-0.123,-0.208,-0.331,-0.123,-0.208,-0.625,-0.185,-0.308,-0.0,-0.308,-0.222,0.006,-0.228,-0.017,-0.021,0.004,-0.069,-0.006,-0.063,-0.052,-0.06,0.01,-0.03,0.047,0.047,-0.39,-0.343,0.0,-0.03,-0.09,0.06,-0.03,-0.09,0.06,-0.23,-0.062,-0.954,-0.03,-0.924,-0.405,-0.031,-0.374,-0.324,-0.078,-0.246,-0.195,0.009,-0.204,-0.177,-0.14,-0.037,-0.361,-0.079,-0.079,-1.573,0.0,-0.361,-0.213,-0.148,-0.361,-0.213,-0.148,-0.856,-0.247,-1.23,-0.343,-1.573,98,49,49
1630270,Xavier Sneed,2024,-0.609,-0.043,-0.566,0.003,-0.039,0.042,-0.077,-0.04,-0.037,-0.492,0.016,-0.508,-0.105,-0.137,0.029,-0.25,-0.234,-0.234,-0.964,-1.198,0.0,-0.25,0.056,-0.306,-0.25,0.056,-0.306,-0.106,0.029,-0.167,0.007,-0.174,0.02,-0.014,0.034,-0.094,-0.033,-0.061,-0.1,-0.006,-0.094,-0.149,-0.124,-0.022,-0.049,-0.015,-0.015,-0.365,-0.38,0.0,-0.049,-0.124,0.075,-0.049,-0.124,0.075,0.116,0.016,-0.775,-0.036,-0.739,0.023,-0.053,0.076,-0.17,-0.072,-0.098,-0.592,0.01,-0.602,-0.254,-0.261,0.007,-0.299,-0.249,-0.249,-1.578,-0.0,-0.299,-0.067,-0.232,-0.299,-0.067,-0.232,0.009,0.045,-1.198,-0.38,-1.578,200,98,102
203482,Kelly Olynyk,2024,0.727,-0.009,0.736,1.028,0.409,0.619,0.681,0.432,0.249,-0.973,-0.008,-0.965,0.143,-0.125,0.289,-1.199,-0.156,-0.156,-0.329,-0.485,0.0,-1.199,-0.907,-0.292,-1.199,-0.907,-0.292,2.737,1.351,0.087,0.07,0.017,0.084,-0.014,0.098,-0.48,-0.071,-0.409,0.413,-0.002,0.415,-0.06,0.056,-0.141,-0.052,-1.072,-1.072,-0.025,-1.097,0.0,-0.052,-0.136,0.084,-0.052,-0.136,0.084,-0.232,-0.115,0.815,0.061,0.754,1.112,0.395,0.717,0.202,0.362,-0.16,-0.56,-0.01,-0.55,0.083,-0.069,0.148,-1.251,-1.228,-1.228,-1.582,0.001,-1.251,-1.043,-0.208,-1.251,-1.043,-0.208,2.504,1.236,-0.485,-1.097,-1.581,15124,7574,7550
1628408,PJ Dozier,2024,-0.962,-0.122,-0.84,-0.318,-0.083,-0.235,-0.04,-0.038,-0.002,-0.482,0.015,-0.497,-0.241,-0.161,-0.088,-0.009,-0.008,-0.008,-1.212,-1.22,-0.0,-0.009,-0.091,0.082,-0.009,-0.091,0.082,-0.465,-0.237,-0.261,-0.016,-0.245,0.008,0.02,-0.012,-0.207,-0.035,-0.172,-0.046,-0.006,-0.04,-0.124,-0.076,-0.045,0.148,-0.129,-0.129,-0.237,-0.366,0.0,0.148,-0.029,0.177,0.148,-0.029,0.177,-0.51,-0.059,-1.223,-0.138,-1.085,-0.31,-0.063,-0.247,-0.247,-0.073,-0.174,-0.528,0.009,-0.537,-0.365,-0.237,-0.133,0.139,-0.137,-0.137,-1.586,0.001,0.139,-0.12,0.259,0.139,-0.12,0.259,-0.975,-0.295,-1.22,-0.366,-1.585,340,171,169
1628381,John Collins,2024,-1.604,-0.081,-1.523,0.496,-0.023,0.519,-0.534,-0.346,-0.188,-1.485,-0.0,-1.485,-0.284,-0.452,0.159,0.305,0.492,0.492,-1.583,-1.091,0.0,0.305,0.022,0.283,0.305,0.022,0.283,0.062,0.437,-0.843,0.031,-0.874,-0.192,0.005,-0.197,-0.484,0.103,-0.587,-0.198,-0.001,-0.197,0.427,0.376,0.062,-0.463,0.381,0.381,-0.879,-0.498,0.0,-0.463,-0.217,-0.246,-0.463,-0.217,-0.246,-1.401,-0.163,-2.447,-0.05,-2.397,0.304,-0.018,0.322,-1.018,-0.243,-0.775,-1.683,-0.001,-1.682,0.142,-0.077,0.222,-0.158,0.873,0.873,-1.589,0.0,-0.158,-0.196,0.038,-0.158,-0.196,0.038,-1.338,0.275,-1.091,-0.498,-1.589,17415,8687,8728
1630649,Stanley Umude,2024,-0.208,-0.061,-0.147,-0.027,-0.112,0.085,-0.919,-0.129,-0.79,0.799,0.006,0.793,0.263,0.106,0.153,-0.643,-0.476,-0.476,-0.588,-1.064,0.0,-0.643,-0.152,-0.491,-0.643,-0.152,-0.491,0.278,-0.111,-0.429,-0.036,-0.393,-0.104,0.033,-0.137,0.048,-0.014,0.062,-0.337,-0.007,-0.33,-0.286,-0.296,0.003,-0.33,0.505,0.505,-1.045,-0.54,-0.0,-0.33,-0.19,-0.14,-0.33,-0.19,-0.14,0.025,0.012,-0.637,-0.097,-0.54,-0.132,-0.08,-0.052,-0.871,-0.144,-0.727,0.463,-0.001,0.464,-0.023,-0.191,0.156,-0.974,0.03,0.03,-1.604,0.0,-0.974,-0.343,-0.631,-0.974,-0.343,-0.631,0.303,-0.098,-1.064,-0.54,-1.604,1273,635,638
1626174,Christian Wood,2024,0.724,-0.083,0.807,0.969,-0.056,1.025,1.087,0.088,0.999,-1.249,-0.014,-1.235,0.33,0.509,-0.144,-0.529,-1.095,-1.095,0.525,-0.57,0.0,-0.529,-0.158,-0.371,-0.529,-0.158,-0.371,-0.743,0.183,0.557,-0.018,0.575,0.709,0.023,0.686,-0.054,0.004,-0.058,-0.08,0.001,-0.081,-0.201,-0.012,-0.187,-0.6,-0.793,-0.793,-0.244,-1.037,0.0,-0.6,-0.312,-0.288,-0.6,-0.312,-0.288,-1.028,0.45,1.281,-0.101,1.382,1.677,-0.033,1.71,1.033,0.092,0.941,-1.328,-0.012,-1.316,0.128,0.497,-0.331,-1.129,-1.888,-1.888,-1.607,0.001,-1.129,-0.47,-0.659,-1.129,-0.47,-0.659,-1.77,0.633,-0.57,-1.037,-1.606,10116,5049,5067
1630695,Micah Potter,2024,-1.196,0.026,-1.222,0.222,-0.078,0.3,-0.564,-0.037,-0.527,-0.88,0.011,-0.891,-0.072,-0.07,-0.019,-0.145,-0.167,-0.167,-1.413,-1.58,0.0,-0.145,-0.276,0.131,-0.145,-0.276,0.131,-0.935,-0.113,-0.226,-0.034,-0.192,-0.195,-0.013,-0.182,0.255,-0.084,0.339,-0.252,-0.01,-0.242,0.031,-0.018,0.057,0.029,0.135,0.135,-0.166,-0.031,0.0,0.029,0.022,0.007,0.029,0.022,0.007,-0.947,-0.123,-1.42,-0.008,-1.412,0.028,-0.091,0.119,-0.308,-0.12,-0.188,-1.132,0.001,-1.133,-0.041,-0.088,0.038,-0.116,-0.032,-0.032,-1.611,0.0,-0.116,-0.254,0.138,-0.116,-0.254,0.138,-1.882,-0.236,-1.58,-0.031,-1.611,968,484,484
1627749,Dejounte Murray,2024,-1.337,-0.105,-1.232,-0.78,-0.206,-0.574,-0.322,-0.512,0.19,-0.13,-0.006,-0.124,-0.236,-0.129,-0.074,0.248,0.284,0.284,-1.325,-1.041,0.0,0.248,0.409,-0.161,0.248,0.409,-0.161,-3.018,-1.099,-1.132,0.052,-1.184,-0.659,-0.179,-0.48,-0.197,-0.056,-0.141,-0.328,0.003,-0.331,0.065,0.078,-0.019,-0.082,0.55,0.55,-1.149,-0.599,0.0,-0.082,0.253,-0.335,-0.082,0.253,-0.335,0.015,-0.527,-2.468,-0.053,-2.415,-1.439,-0.385,-1.054,-0.519,-0.568,0.049,-0.457,-0.003,-0.454,-0.171,-0.052,-0.093,0.166,0.834,0.834,-1.64,0.0,0.166,0.663,-0.497,0.166,0.663,-0.497,-3.003,-1.627,-1.041,-0.599,-1.64,23501,11755,11746
2617,Udonis Haslem,2024,-1.372,-0.047,-1.325,-0.414,-0.098,-0.316,-0.56,-0.036,-0.524,-0.351,0.016,-0.367,-0.009,-0.028,0.016,-0.071,0.483,0.483,-1.452,-0.969,0.0,-0.071,-0.077,0.006,-0.071,-0.077,0.006,-0.858,-0.374,-0.744,0.059,-0.803,-0.072,-0.029,-0.043,-0.144,-0.056,-0.088,-0.587,-0.006,-0.581,-0.207,-0.165,-0.065,0.204,0.068,0.068,-0.747,-0.679,0.0,0.204,0.083,0.121,0.204,0.083,0.121,-0.015,0.081,-2.115,0.012,-2.127,-0.487,-0.128,-0.359,-0.703,-0.091,-0.612,-0.937,0.01,-0.947,-0.216,-0.192,-0.049,0.133,0.551,0.551,-1.648,0.0,0.133,0.006,0.127,0.133,0.006,0.127,-0.873,-0.293,-0.969,-0.679,-1.648,308,154,154
1630561,David Duke Jr.,2024,-0.192,-0.035,-0.157,-0.435,0.208,-0.643,-0.244,0.169,-0.413,0.522,0.011,0.511,-0.072,-0.124,0.061,-0.736,-0.176,-0.176,-1.0,-1.176,0.0,-0.736,-0.091,-0.645,-0.736,-0.091,-0.645,-0.936,0.108,-0.272,0.048,-0.32,0.27,0.003,0.267,0.04,-0.035,0.075,-0.63,-0.004,-0.626,-0.157,-0.246,0.079,-0.045,-0.0,-0.0,-0.474,-0.474,0.0,-0.045,-0.207,0.162,-0.045,-0.207,0.162,-0.808,-0.106,-0.467,0.013,-0.48,-0.167,0.21,-0.377,-0.204,0.134,-0.338,-0.109,0.007,-0.116,-0.229,-0.369,0.14,-0.781,-0.177,-0.177,-1.65,0.0,-0.781,-0.298,-0.483,-0.781,-0.298,-0.483,-1.745,0.003,-1.176,-0.474,-1.65,1158,579,579
203200,Justin Holiday,2024,-1.085,-0.053,-1.032,-0.794,-0.007,-0.787,-0.654,-0.006,-0.648,0.416,-0.003,0.419,-0.274,-0.11,-0.185,0.268,-0.635,-0.635,-1.091,-1.726,0.0,0.268,0.059,0.209,0.268,0.059,0.209,-0.767,-0.282,0.797,-0.097,0.894,0.131,-0.019,0.15,-0.113,-0.044,-0.069,0.876,0.002,0.874,-0.459,-0.532,0.08,0.229,-0.505,-0.505,0.567,0.062,-0.0,0.229,0.341,-0.112,0.229,0.341,-0.112,1.992,0.039,-0.287,-0.15,-0.137,-0.663,-0.026,-0.637,-0.767,-0.05,-0.717,1.293,-0.0,1.293,-0.734,-0.641,-0.105,0.497,-1.14,-1.14,-1.664,0.0,0.497,0.401,0.096,0.497,0.401,0.096,1.225,-0.244,-1.726,0.062,-1.664,6890,3429,3461
1629007,Jontay Porter,2024,0.488,0.173,0.315,0.368,-0.044,0.412,-0.144,0.089,-0.233,0.091,0.022,0.069,-0.114,-0.228,0.105,-0.789,-0.691,-0.691,-0.415,-1.106,-0.0,-0.789,-0.956,0.167,-0.789,-0.956,0.167,1.03,-0.211,-0.961,0.075,-1.036,-0.242,-0.061,-0.181,-0.021,-0.032,0.011,-0.773,-0.002,-0.771,-0.005,-0.026,0.033,0.116,0.29,0.29,-0.85,-0.56,0.0,0.116,0.133,-0.017,0.116,0.133,-0.017,-0.087,0.005,-0.472,0.248,-0.72,0.126,-0.105,0.231,-0.165,0.057,-0.222,-0.681,0.021,-0.702,-0.119,-0.254,0.138,-0.673,-0.401,-0.401,-1.666,0.0,-0.673,-0.823,0.15,-0.673,-0.823,0.15,0.943,-0.205,-1.106,-0.56,-1.666,1492,748,744
1627853,Ryan Arcidiacono,2024,-1.471,-0.084,-1.387,-0.131,-0.131,0.0,-0.392,0.022,-0.414,-0.864,0.016,-0.88,-0.207,-0.14,-0.055,-0.177,-0.562,-0.562,-1.855,-2.417,0.0,-0.177,-0.259,0.082,-0.177,-0.259,0.082,-1.002,-0.333,0.23,0.047,0.183,0.207,0.073,0.134,-0.13,0.022,-0.152,0.106,-0.005,0.111,-0.073,-0.143,0.078,0.321,0.272,0.272,0.478,0.75,0.0,0.321,0.017,0.304,0.321,0.017,0.304,0.352,0.17,-1.242,-0.037,-1.205,0.075,-0.059,0.134,-0.522,0.044,-0.566,-0.758,0.01,-0.768,-0.28,-0.283,0.023,0.144,-0.29,-0.29,-1.667,0.001,0.144,-0.242,0.386,0.144,-0.242,0.386,-0.65,-0.163,-2.417,0.75,-1.666,899,446,453
1628963,Marvin Bagley III,2024,-1.372,-0.161,-1.211,-0.02,-0.039,0.019,-0.912,-0.378,-0.534,-0.279,-0.007,-0.272,-0.383,-0.381,-0.0,-0.511,0.793,0.793,-2.266,-1.473,-0.0,-0.511,-0.197,-0.314,-0.511,-0.197,-0.314,-1.385,0.208,-0.394,-0.167,-0.227,0.432,0.105,0.327,0.048,0.1,-0.052,-0.707,0.001,-0.708,0.209,0.249,-0.02,-0.444,0.431,0.431,-0.629,-0.198,0.0,-0.444,-0.136,-0.308,-0.444,-0.136,-0.308,-1.224,0.091,-1.766,-0.328,-1.438,0.412,0.066,0.346,-0.864,-0.278,-0.586,-0.986,-0.006,-0.98,-0.174,-0.131,-0.02,-0.955,1.224,1.224,-1.671,0.001,-0.955,-0.333,-0.622,-0.955,-0.333,-0.622,-2.609,0.299,-1.473,-0.198,-1.67,8381,4200,4181
1628365,Markelle Fultz,2024,-1.507,0.135,-1.642,-0.541,0.158,-0.699,-0.932,-0.201,-0.731,-0.169,-0.003,-0.166,-0.494,-0.367,-0.12,-0.013,0.307,0.307,-2.014,-1.707,-0.0,-0.013,0.26,-0.273,-0.013,0.26,-0.273,-0.747,-0.42,-0.193,0.115,-0.308,-1.125,0.052,-1.177,0.149,-0.028,0.177,0.668,-0.002,0.67,0.145,0.192,-0.042,0.387,-0.304,-0.304,0.339,0.035,0.0,0.387,0.352,0.035,0.387,0.352,0.035,-1.484,-0.524,-1.7,0.25,-1.95,-1.665,0.21,-1.875,-0.784,-0.23,-0.554,0.499,-0.005,0.504,-0.349,-0.176,-0.162,0.374,0.003,0.003,-1.672,0.001,0.374,0.612,-0.238,0.374,0.612,-0.238,-2.232,-0.944,-1.707,0.035,-1.671,11368,5694,5674
1641722,Jordan Hawkins,2024,-1.023,-0.074,-0.949,-1.005,-0.241,-0.764,-0.143,-0.03,-0.113,0.199,0.015,0.184,-0.075,0.114,-0.192,0.764,0.093,0.093,-0.334,-0.241,-0.0,0.764,0.551,0.213,0.764,0.551,0.213,0.658,-0.974,-0.899,0.152,-1.051,-0.299,0.019,-0.318,-0.308,-0.039,-0.269,-0.444,-0.011,-0.433,-0.005,0.065,-0.05,-0.308,-0.221,-0.221,-1.212,-1.433,0.0,-0.308,-0.364,0.056,-0.308,-0.364,0.056,-1.712,-0.129,-1.92,0.078,-1.998,-1.303,-0.221,-1.082,-0.45,-0.068,-0.382,-0.245,0.004,-0.249,-0.08,0.178,-0.242,0.456,-0.128,-0.128,-1.674,0.001,0.456,0.187,0.269,0.456,0.187,0.269,-1.054,-1.103,-0.241,-1.433,-1.673,4738,2383,2355
1630552,Jalen Johnson,2024,-1.794,0.038,-1.832,-0.203,0.201,-0.404,-0.032,0.092,-0.124,-1.597,-0.009,-1.588,0.089,0.174,-0.026,-0.352,0.039,0.039,-2.057,-2.018,0.0,-0.352,-0.246,-0.106,-0.352,-0.246,-0.106,0.176,0.839,0.401,-0.182,0.583,-0.019,-0.071,0.052,0.768,-0.235,1.003,-0.166,-0.011,-0.155,0.146,0.256,-0.115,-0.117,-0.101,-0.101,0.43,0.329,-0.0,-0.117,0.058,-0.175,-0.117,0.058,-0.175,-0.7,-0.069,-1.389,-0.144,-1.245,-0.221,0.131,-0.352,0.737,-0.143,0.88,-1.761,-0.019,-1.742,0.234,0.43,-0.141,-0.469,-0.062,-0.062,-1.689,-0.0,-0.469,-0.188,-0.281,-0.469,-0.188,-0.281,-0.524,0.77,-2.018,0.329,-1.689,12387,6186,6201
1628418,Thomas Bryant,2024,-0.048,-0.046,-0.002,0.373,-0.114,0.487,-0.81,-0.357,-0.453,0.435,0.005,0.43,-0.797,-0.763,-0.066,0.413,-0.428,-0.428,-0.432,-0.86,0.0,0.413,-0.09,0.503,0.413,-0.09,0.503,-0.3,-0.221,-0.688,-0.03,-0.658,-0.113,0.006,-0.119,-0.597,0.119,-0.716,0.052,-0.001,0.053,0.24,0.345,-0.084,-0.306,-0.079,-0.079,-0.754,-0.833,0.0,-0.306,-0.134,-0.172,-0.306,-0.134,-0.172,-0.949,-0.086,-0.738,-0.076,-0.662,0.259,-0.108,0.367,-1.407,-0.238,-1.169,0.486,0.003,0.483,-0.557,-0.418,-0.15,0.107,-0.507,-0.507,-1.693,0.001,0.107,-0.224,0.331,0.107,-0.224,0.331,-1.25,-0.307,-0.86,-0.833,-1.692,6277,3133,3144
1627736,Malik Beasley,2024,-0.243,-0.029,-0.214,0.341,-0.336,0.677,-0.048,-0.118,0.07,-0.507,0.005,-0.512,-0.654,-0.681,0.004,0.23,-0.754,-0.754,-0.667,-1.421,0.0,0.23,0.206,0.024,0.23,0.206,0.024,-1.414,-1.271,-0.08,0.021,-0.101,0.118,-0.187,0.305,-0.647,-0.011,-0.636,0.428,0.003,0.425,0.181,0.141,0.056,-0.121,-0.255,-0.255,-0.02,-0.275,0.0,-0.121,0.345,-0.466,-0.121,0.345,-0.466,0.593,-0.133,-0.321,-0.008,-0.313,0.46,-0.522,0.982,-0.695,-0.129,-0.566,-0.078,0.009,-0.087,-0.472,-0.54,0.059,0.109,-1.009,-1.009,-1.696,0.0,0.109,0.551,-0.442,0.109,0.551,-0.442,-0.821,-1.404,-1.421,-0.275,-1.696,19187,9597,9590
1631214,Alondes Williams,2024,-0.639,0.01,-0.649,-0.006,-0.01,0.004,-0.037,0.03,-0.067,-0.606,0.017,-0.623,-0.046,-0.059,0.012,-0.438,-0.189,-0.189,-1.123,-1.312,0.0,-0.438,-0.171,-0.267,-0.438,-0.171,-0.267,-0.956,-0.106,-0.226,-0.025,-0.201,-0.13,-0.002,-0.128,-0.079,-0.03,-0.049,0.008,-0.006,0.014,-0.086,-0.071,-0.013,-0.073,-0.006,-0.006,-0.385,-0.391,0.0,-0.073,-0.053,-0.02,-0.073,-0.053,-0.02,-0.188,-0.093,-0.866,-0.015,-0.851,-0.137,-0.013,-0.124,-0.116,-0.0,-0.116,-0.598,0.011,-0.609,-0.132,-0.13,-0.001,-0.511,-0.195,-0.195,-1.703,0.0,-0.511,-0.224,-0.287,-0.511,-0.224,-0.287,-1.143,-0.199,-1.312,-0.391,-1.703,92,47,45
1630215,Jared Butler,2024,-0.229,-0.009,-0.22,0.084,0.265,-0.181,0.713,0.284,0.429,-1.017,0.005,-1.022,-0.368,-0.176,-0.186,-0.284,-0.306,-0.306,-0.881,-1.187,0.0,-0.284,-0.229,-0.055,-0.284,-0.229,-0.055,-0.427,0.37,-0.785,-0.061,-0.724,0.061,0.015,0.046,-0.268,-0.127,-0.141,-0.517,-0.006,-0.511,-0.141,-0.263,0.121,0.066,0.333,0.333,-0.86,-0.527,0.0,0.066,-0.144,0.21,0.066,-0.144,0.21,-0.377,-0.226,-1.017,-0.07,-0.947,0.144,0.28,-0.136,0.444,0.157,0.287,-1.535,-0.001,-1.534,-0.51,-0.439,-0.065,-0.218,0.027,0.027,-1.714,0.0,-0.218,-0.373,0.155,-0.218,-0.373,0.155,-0.804,0.144,-1.187,-0.527,-1.714,2651,1333,1318
1630618,D.J. Carton,2024,-0.783,0.049,-0.832,0.074,-0.021,0.095,-0.271,0.008,-0.279,-0.635,0.017,-0.652,-0.06,-0.047,-0.016,-0.189,-0.138,-0.138,-1.032,-1.17,0.0,-0.189,-0.21,0.021,-0.189,-0.21,0.021,-0.753,-0.125,0.002,0.011,-0.009,0.029,0.01,0.019,-0.049,0.003,-0.052,0.011,-0.005,0.016,-0.063,-0.089,0.029,-0.043,-0.45,-0.45,-0.104,-0.554,0.0,-0.043,-0.051,0.008,-0.043,-0.051,0.008,0.03,0.081,-0.782,0.06,-0.842,0.103,-0.011,0.114,-0.321,0.01,-0.331,-0.624,0.012,-0.636,-0.123,-0.136,0.013,-0.232,-0.588,-0.588,-1.724,0.0,-0.232,-0.261,0.029,-0.232,-0.261,0.029,-0.723,-0.044,-1.17,-0.554,-1.724,149,75,74
1629622,Max Strus,2024,-1.191,0.067,-1.258,-0.51,-0.002,-0.508,0.804,0.214,0.59,-1.552,-0.003,-1.549,-0.131,-0.194,0.06,-0.196,0.23,0.23,-1.518,-1.288,0.0,-0.196,-0.25,0.054,-0.196,-0.25,0.054,0.866,0.148,-0.688,0.072,-0.76,0.382,0.115,0.267,-0.235,0.019,-0.254,-0.907,0.007,-0.914,0.083,0.145,-0.075,-0.017,0.185,0.185,-0.622,-0.437,0.0,-0.017,0.022,-0.039,-0.017,0.022,-0.039,-1.978,0.348,-1.878,0.139,-2.017,-0.128,0.113,-0.241,0.57,0.233,0.337,-2.459,0.004,-2.463,-0.048,-0.048,-0.015,-0.213,0.416,0.416,-1.725,-0.001,-0.213,-0.228,0.015,-0.213,-0.228,0.015,-1.112,0.496,-1.288,-0.437,-1.726,22226,11135,11091
1629134,Kendrick Nunn,2024,-0.901,-0.178,-0.723,-0.637,-0.096,-0.541,0.068,0.038,0.03,-0.154,0.005,-0.159,-0.228,-0.198,-0.006,-0.246,0.392,0.392,-1.375,-0.983,0.0,-0.246,-0.158,-0.088,-0.246,-0.158,-0.088,-2.301,-0.743,0.098,0.039,0.059,0.425,-0.017,0.442,-0.203,-0.015,-0.188,-0.163,0.0,-0.163,-0.247,-0.375,0.096,-0.28,-0.319,-0.319,-0.429,-0.748,0.0,-0.28,-0.244,-0.036,-0.28,-0.244,-0.036,-0.592,0.082,-0.801,-0.139,-0.662,-0.212,-0.113,-0.099,-0.134,0.023,-0.157,-0.316,0.005,-0.321,-0.475,-0.573,0.09,-0.527,0.073,0.073,-1.731,-0.0,-0.527,-0.402,-0.125,-0.527,-0.402,-0.125,-2.893,-0.661,-0.983,-0.748,-1.731,3973,1985,1988
1626179,Terry Rozier,2024,-0.615,-0.147,-0.468,-0.372,-0.191,-0.181,0.463,-0.161,0.624,-0.559,0.002,-0.561,-0.442,-0.571,0.109,0.814,-0.448,-0.448,-0.243,-0.691,0.0,0.814,0.532,0.282,0.814,0.532,0.282,-0.505,-0.748,-0.971,0.115,-1.086,-0.059,-0.012,-0.047,-0.467,0.039,-0.506,-0.56,0.003,-0.563,0.108,0.028,0.084,-0.012,-0.184,-0.184,-0.875,-1.059,0.0,-0.012,-0.152,0.14,-0.012,-0.152,0.14,-0.688,-0.145,-1.589,-0.032,-1.557,-0.432,-0.204,-0.228,-0.004,-0.122,0.118,-1.121,0.004,-1.125,-0.334,-0.543,0.193,0.802,-0.632,-0.632,-1.75,0.0,0.802,0.38,0.422,0.802,0.38,0.422,-1.193,-0.893,-0.691,-1.059,-1.75,17332,8656,8676
203967,Dario Saric,2024,-0.715,0.098,-0.813,0.532,-0.028,0.56,-0.788,0.049,-0.837,-0.557,0.013,-0.57,0.303,0.059,0.279,-0.439,0.125,0.125,-0.851,-0.726,0.0,-0.439,-0.062,-0.377,-0.439,-0.062,-0.377,0.81,0.18,-1.389,0.058,-1.447,-0.349,0.02,-0.369,-0.541,-0.037,-0.504,-0.557,0.0,-0.557,-0.234,0.018,-0.248,0.114,0.484,0.484,-1.509,-1.025,0.0,0.114,-0.027,0.141,0.114,-0.027,0.141,-0.318,0.073,-2.104,0.156,-2.26,0.182,-0.009,0.191,-1.328,0.012,-1.34,-1.114,0.013,-1.127,0.069,0.077,0.031,-0.324,0.61,0.61,-1.751,0.0,-0.324,-0.089,-0.235,-0.324,-0.089,-0.235,0.493,0.254,-0.726,-1.025,-1.751,7694,3851,3843
1629623,Lindell Wigginton,2024,-0.39,-0.019,-0.371,0.142,-0.002,0.144,0.194,-0.006,0.2,-0.707,0.014,-0.721,-0.212,-0.082,-0.14,-0.215,-0.092,-0.092,-0.817,-0.909,-0.0,-0.215,-0.402,0.187,-0.215,-0.402,0.187,-0.409,-0.086,-0.648,-0.041,-0.607,-0.297,-0.004,-0.293,0.08,-0.033,0.113,-0.39,-0.005,-0.385,0.044,0.004,0.045,-0.307,0.066,0.066,-0.911,-0.845,0.0,-0.307,-0.136,-0.171,-0.307,-0.136,-0.171,-1.268,-0.327,-1.038,-0.06,-0.978,-0.155,-0.005,-0.15,0.275,-0.038,0.313,-1.098,0.009,-1.107,-0.168,-0.078,-0.095,-0.522,-0.026,-0.026,-1.754,0.0,-0.522,-0.538,0.016,-0.522,-0.538,0.016,-1.677,-0.413,-0.909,-0.845,-1.754,389,192,197
201980,Danny Green,2024,0.388,0.377,0.011,-0.075,-0.126,0.051,0.36,0.012,0.348,-0.274,0.011,-0.285,-0.291,-0.178,-0.123,-0.676,-0.878,-0.878,-0.579,-1.457,-0.0,-0.676,-0.679,0.003,-0.676,-0.679,0.003,0.979,-0.225,-0.065,0.034,-0.099,0.118,0.071,0.047,-0.21,-0.02,-0.19,-0.007,-0.004,-0.003,-0.257,-0.227,-0.04,0.17,-0.148,-0.148,-0.152,-0.3,0.0,0.17,0.227,-0.057,0.17,0.227,-0.057,-0.2,0.071,0.322,0.411,-0.089,0.043,-0.055,0.098,0.149,-0.008,0.157,-0.281,0.007,-0.288,-0.548,-0.405,-0.163,-0.506,-1.026,-1.026,-1.757,0.0,-0.506,-0.452,-0.054,-0.506,-0.452,-0.054,0.779,-0.154,-1.457,-0.3,-1.757,777,390,387
203082,Terrence Ross,2024,0.343,0.035,0.308,0.549,-0.269,0.818,0.395,-0.216,0.611,-0.636,-0.0,-0.636,-0.082,-0.231,0.099,0.775,-1.304,-1.304,1.036,-0.268,0.0,0.775,0.686,0.089,0.775,0.686,0.089,-0.46,-0.655,-0.604,0.041,-0.645,-0.473,-0.036,-0.437,-0.677,-0.094,-0.583,0.505,0.001,0.504,-0.223,-0.143,-0.074,-0.72,0.026,0.026,-1.547,-1.521,0.0,-0.72,-0.141,-0.579,-0.72,-0.141,-0.579,-0.984,-0.416,-0.264,0.076,-0.34,0.075,-0.306,0.381,-0.282,-0.311,0.029,-0.133,0.0,-0.133,-0.305,-0.373,0.025,0.055,-1.278,-1.278,-1.789,0.0,0.055,0.544,-0.489,0.055,0.544,-0.489,-1.445,-1.071,-0.268,-1.521,-1.789,5699,2863,2836
1630285,Zavier Simpson,2024,-1.756,-0.012,-1.744,-0.408,0.037,-0.445,-0.798,-0.062,-0.736,-0.538,0.01,-0.548,-0.191,-0.184,-0.015,0.166,0.157,0.157,-1.781,-1.624,0.0,0.166,0.098,0.068,0.166,0.098,0.068,-1.082,-0.208,-0.52,-0.092,-0.428,-0.246,0.04,-0.286,-0.323,-0.011,-0.312,0.141,-0.007,0.148,-0.151,-0.156,0.011,0.223,0.268,0.268,-0.448,-0.18,0.0,0.223,0.188,0.035,0.223,0.188,0.035,-0.111,-0.0,-2.275,-0.104,-2.171,-0.653,0.078,-0.731,-1.121,-0.073,-1.048,-0.397,0.003,-0.4,-0.342,-0.339,-0.004,0.39,0.426,0.426,-1.804,-0.001,0.39,0.285,0.105,0.39,0.285,0.105,-1.194,-0.208,-1.624,-0.18,-1.805,651,325,326
1630613,Duane Washington Jr.,2024,-1.363,0.015,-1.378,-1.446,-0.047,-1.399,-0.158,-0.105,-0.053,0.226,0.011,0.215,-0.712,-0.443,-0.246,-0.376,0.924,0.924,-2.451,-1.527,0.0,-0.376,-0.576,0.2,-0.376,-0.576,0.2,-1.27,-0.53,-0.248,0.044,-0.292,0.079,-0.031,0.11,0.029,0.015,0.014,-0.4,-0.004,-0.396,-0.115,-0.1,-0.015,-0.011,0.085,0.085,-0.374,-0.289,0.0,-0.011,0.028,-0.039,-0.011,0.028,-0.039,-0.022,-0.144,-1.611,0.059,-1.67,-1.367,-0.078,-1.289,-0.129,-0.09,-0.039,-0.174,0.007,-0.181,-0.827,-0.543,-0.261,-0.387,1.009,1.009,-1.816,0.0,-0.387,-0.548,0.161,-0.387,-0.548,0.161,-1.292,-0.674,-1.527,-0.289,-1.816,1609,810,799
201609,Goran Dragic,2024,0.479,-0.058,0.537,0.204,0.152,0.052,0.06,-0.029,0.089,0.273,0.006,0.267,-0.162,0.011,-0.165,-0.505,-0.489,-0.489,-0.188,-0.677,0.0,-0.505,-0.355,-0.15,-0.505,-0.355,-0.15,0.732,0.617,-1.308,0.013,-1.321,-0.969,-0.116,-0.853,-0.489,0.007,-0.496,0.137,0.004,0.133,-0.243,-0.374,0.135,0.056,0.349,0.349,-1.495,-1.146,0.0,0.056,0.04,0.016,0.056,0.04,0.016,-0.153,-0.609,-0.829,-0.045,-0.784,-0.766,0.036,-0.802,-0.428,-0.022,-0.406,0.41,0.01,0.4,-0.405,-0.363,-0.03,-0.448,-0.141,-0.141,-1.823,0.0,-0.448,-0.316,-0.132,-0.448,-0.316,-0.132,0.579,0.008,-0.677,-1.146,-1.823,3647,1826,1821
1630692,Jordan Goodwin,2024,-3.524,0.079,-3.603,-0.592,-0.181,-0.411,-0.795,-0.372,-0.423,-2.216,-0.016,-2.2,0.081,0.473,-0.379,-0.65,1.641,1.641,-4.093,-2.452,0.0,-0.65,0.133,-0.783,-0.65,0.133,-0.783,-3.725,-0.834,-0.563,-0.142,-0.421,0.234,-0.095,0.329,-0.488,-0.112,-0.376,-0.167,0.001,-0.168,-0.104,-0.079,-0.034,0.551,0.741,0.741,-0.116,0.625,-0.0,0.551,0.234,0.317,0.551,0.234,0.317,1.108,0.132,-4.085,-0.063,-4.022,-0.357,-0.276,-0.081,-1.283,-0.484,-0.799,-2.382,-0.015,-2.367,-0.022,0.394,-0.413,-0.1,2.382,2.382,-1.827,0.0,-0.1,0.366,-0.466,-0.1,0.366,-0.466,-2.617,-0.703,-2.452,0.625,-1.827,8670,4334,4336
1630240,Saben Lee,2024,-3.78,0.139,-3.919,-0.884,0.11,-0.994,-1.119,0.013,-1.132,-1.916,0.005,-1.921,0.395,0.448,-0.041,-0.08,0.786,0.786,-3.465,-2.679,0.0,-0.08,0.155,-0.235,-0.08,0.155,-0.235,-1.136,-0.056,0.492,0.047,0.445,0.456,-0.014,0.47,0.05,0.06,-0.01,-0.061,-0.006,-0.055,0.254,0.283,-0.012,0.283,-0.19,-0.19,1.029,0.839,0.0,0.283,0.122,0.161,0.283,0.122,0.161,0.479,0.342,-3.286,0.186,-3.472,-0.428,0.096,-0.524,-1.069,0.073,-1.142,-1.975,-0.0,-1.975,0.648,0.731,-0.054,0.204,0.596,0.596,-1.84,-0.0,0.204,0.277,-0.073,0.204,0.277,-0.073,-0.657,0.286,-2.679,0.839,-1.84,2285,1139,1146
1641793,D'Moi Hodge,2024,-0.734,-0.041,-0.693,0.029,-0.047,0.076,0.021,-0.015,0.036,-0.743,0.018,-0.761,-0.153,-0.035,-0.122,-0.203,0.037,0.037,-1.09,-1.053,0.0,-0.203,-0.167,-0.036,-0.203,-0.167,-0.036,-0.418,-0.002,-0.485,-0.043,-0.442,-0.094,-0.005,-0.089,-0.066,-0.028,-0.038,-0.282,-0.007,-0.275,-0.044,-0.051,0.01,-0.026,-0.233,-0.233,-0.555,-0.788,0.0,-0.026,-0.022,-0.004,-0.026,-0.022,-0.004,-0.28,-0.081,-1.219,-0.084,-1.135,-0.065,-0.052,-0.013,-0.045,-0.043,-0.002,-1.025,0.011,-1.036,-0.197,-0.085,-0.112,-0.229,-0.196,-0.196,-1.841,0.0,-0.229,-0.189,-0.04,-0.229,-0.189,-0.04,-0.698,-0.083,-1.053,-0.788,-1.841,164,81,83
1630590,Scotty Pippen Jr.,2024,-0.477,0.152,-0.629,-0.406,0.061,-0.467,-0.379,0.149,-0.528,0.156,0.013,0.143,-0.301,-0.131,-0.192,-0.298,-0.901,-0.901,-1.076,-1.977,0.0,-0.298,0.002,-0.3,-0.298,0.002,-0.3,-1.013,-0.08,-0.724,-0.041,-0.683,0.374,0.029,0.345,-0.542,-0.06,-0.482,-0.515,-0.008,-0.507,-0.044,0.064,-0.097,0.746,0.123,0.123,-0.022,0.101,0.0,0.746,0.234,0.512,0.746,0.234,0.512,-0.376,0.285,-1.2,0.111,-1.311,-0.031,0.091,-0.122,-0.921,0.089,-1.01,-0.359,0.005,-0.364,-0.345,-0.068,-0.289,0.448,-0.778,-0.778,-1.876,0.0,0.448,0.237,0.211,0.448,0.237,0.211,-1.39,0.205,-1.977,0.101,-1.876,2262,1134,1128
1629641,Romeo Langford,2024,-2.008,-0.076,-1.932,-1.042,0.222,-1.264,-0.01,-0.16,0.15,-0.88,0.006,-0.886,-0.438,-0.212,-0.205,-0.273,1.195,1.195,-2.719,-1.524,0.0,-0.273,0.281,-0.554,-0.273,0.281,-0.554,-1.983,-0.201,-0.537,0.007,-0.544,-0.187,-0.062,-0.125,-0.198,0.041,-0.239,-0.159,-0.002,-0.157,0.078,-0.019,0.089,-0.095,0.182,0.182,-0.554,-0.372,0.0,-0.095,-0.377,0.282,-0.095,-0.377,0.282,-0.276,-0.348,-2.545,-0.069,-2.476,-1.229,0.16,-1.389,-0.207,-0.118,-0.089,-1.04,0.004,-1.044,-0.36,-0.23,-0.116,-0.368,1.377,1.377,-1.896,0.001,-0.368,-0.096,-0.272,-0.368,-0.096,-0.272,-2.259,-0.549,-1.524,-0.372,-1.895,3442,1707,1735
1627826,Ivica Zubac,2024,-0.147,-0.121,-0.026,0.008,-0.292,0.3,0.113,-0.753,0.866,-0.147,0.001,-0.148,-1.195,-0.957,-0.252,-1.416,-0.182,-0.182,-2.758,-2.94,0.0,-1.416,-1.105,-0.311,-1.416,-1.105,-0.311,-0.423,-0.562,0.73,-0.034,0.764,0.793,0.361,0.432,0.191,0.439,-0.248,-0.22,-0.005,-0.215,0.726,0.703,0.012,-0.785,0.371,0.371,0.671,1.042,0.0,-0.785,-0.487,-0.298,-0.785,-0.487,-0.298,-2.009,0.847,0.582,-0.155,0.737,0.801,0.069,0.732,0.303,-0.314,0.617,-0.367,-0.004,-0.363,-0.47,-0.254,-0.24,-2.201,0.189,0.189,-1.898,0.0,-2.201,-1.592,-0.609,-2.201,-1.592,-0.609,-2.431,0.285,-2.94,1.042,-1.898,17294,8648,8646
1631230,Dominick Barlow,2024,-1.442,-0.051,-1.391,-1.235,-0.116,-1.119,0.129,-0.271,0.4,-0.285,0.001,-0.286,-0.264,-0.1,-0.184,0.107,1.207,1.207,-1.599,-0.392,-0.0,0.107,0.311,-0.204,0.107,0.311,-0.204,-0.423,-1.004,-0.721,0.087,-0.808,-0.012,-0.074,0.062,-0.189,-0.159,-0.03,-0.607,-0.001,-0.606,0.036,-0.157,0.194,-0.318,-0.506,-0.506,-1.003,-1.509,0.0,-0.318,-0.169,-0.149,-0.318,-0.169,-0.149,-1.322,-0.439,-2.161,0.036,-2.197,-1.246,-0.19,-1.056,-0.059,-0.43,0.371,-0.892,-0.0,-0.892,-0.229,-0.258,0.01,-0.211,0.701,0.701,-1.901,-0.0,-0.211,0.142,-0.353,-0.211,0.142,-0.353,-1.745,-1.443,-0.392,-1.509,-1.901,3324,1658,1666
1629020,Jarred Vanderbilt,2024,-0.763,0.092,-0.855,-1.16,-0.113,-1.047,-0.004,0.02,-0.024,0.309,-0.007,0.316,-0.188,-0.129,-0.082,-0.825,0.731,0.731,-1.776,-1.045,0.0,-0.825,-0.381,-0.444,-0.825,-0.381,-0.444,-0.305,-0.878,-0.902,0.081,-0.983,-0.753,-0.172,-0.581,-0.505,-0.231,-0.274,0.275,0.001,0.274,0.0,0.023,-0.042,0.485,-0.445,-0.445,-0.417,-0.862,0.0,0.485,0.652,-0.167,0.485,0.652,-0.167,0.063,-0.465,-1.667,0.173,-1.84,-1.914,-0.285,-1.629,-0.509,-0.211,-0.298,0.583,-0.007,0.59,-0.188,-0.106,-0.124,-0.339,0.287,0.287,-1.907,0.001,-0.339,0.271,-0.61,-0.339,0.271,-0.61,-0.242,-1.343,-1.045,-0.862,-1.906,11029,5499,5530
1630526,Jeremiah Robinson-Earl,2024,-1.245,0.234,-1.479,-0.314,0.232,-0.546,-0.486,0.025,-0.511,-0.679,-0.002,-0.677,-0.08,-0.205,0.101,-0.648,0.973,0.973,-1.973,-1.0,0.0,-0.648,-0.341,-0.307,-0.648,-0.341,-0.307,-0.789,-0.002,-0.476,-0.08,-0.396,0.006,-0.058,0.064,0.075,-0.063,0.138,-0.477,-0.0,-0.477,0.156,0.2,-0.073,-0.482,-0.124,-0.124,-0.802,-0.926,-0.0,-0.482,0.077,-0.559,-0.482,0.077,-0.559,-0.177,0.044,-1.721,0.154,-1.875,-0.307,0.174,-0.481,-0.411,-0.038,-0.373,-1.157,-0.003,-1.154,0.077,-0.005,0.028,-1.13,0.849,0.849,-1.926,0.0,-1.13,-0.264,-0.866,-1.13,-0.264,-0.866,-0.966,0.041,-1.0,-0.926,-1.926,4991,2491,2500
202083,Wesley Matthews,2024,-1.931,-0.15,-1.781,-0.51,-0.258,-0.252,-0.534,0.093,-0.627,-0.737,0.008,-0.745,0.243,0.454,-0.216,0.619,-0.229,-0.229,-1.069,-1.298,0.0,0.619,0.312,0.307,0.619,0.312,0.307,-1.865,-0.965,0.177,-0.084,0.261,-0.008,0.005,-0.013,0.689,-0.017,0.706,-0.42,-0.0,-0.42,-0.269,-0.332,0.046,-0.292,-0.25,-0.25,-0.384,-0.634,0.0,-0.292,-0.311,0.019,-0.292,-0.311,0.019,1.551,0.044,-1.755,-0.234,-1.521,-0.518,-0.253,-0.265,0.155,0.076,0.079,-1.158,0.007,-1.165,-0.026,0.122,-0.169,0.327,-0.48,-0.48,-1.932,0.0,0.327,0.001,0.326,0.327,0.001,0.326,-0.314,-0.921,-1.298,-0.634,-1.932,5263,2609,2654
202722,Davis Bertans,2024,-0.097,-0.359,0.262,0.356,-0.059,0.415,0.643,0.334,0.309,-0.737,0.013,-0.75,0.131,-0.25,0.385,-0.272,-0.757,-0.757,-0.238,-0.995,0.0,-0.272,-0.073,-0.199,-0.272,-0.073,-0.199,1.351,0.131,-0.926,-0.05,-0.876,-0.248,0.161,-0.409,-0.793,-0.027,-0.766,0.165,-0.007,0.172,-0.226,-0.188,-0.018,-0.087,0.293,0.293,-1.239,-0.946,0.0,-0.087,-0.07,-0.017,-0.087,-0.07,-0.017,-1.189,0.225,-1.026,-0.409,-0.617,0.108,0.102,0.006,-0.151,0.306,-0.457,-0.574,0.005,-0.579,-0.094,-0.438,0.367,-0.36,-0.464,-0.464,-1.941,0.0,-0.36,-0.143,-0.217,-0.36,-0.143,-0.217,0.162,0.356,-0.995,-0.946,-1.941,4595,2298,2297
1641998,Trey Jemison,2024,-0.611,0.027,-0.638,-0.504,-0.115,-0.389,-0.921,-0.362,-0.559,0.787,-0.002,0.789,-0.407,-0.29,-0.142,-1.009,0.828,0.828,-2.027,-1.199,0.0,-1.009,-0.66,-0.349,-1.009,-0.66,-0.349,-0.267,-0.124,-1.12,-0.04,-1.08,-0.671,0.025,-0.696,-0.285,0.009,-0.294,-0.124,-0.006,-0.118,-0.016,-0.027,0.032,-0.098,0.469,0.469,-1.234,-0.765,0.0,-0.098,0.292,-0.39,-0.098,0.292,-0.39,-1.309,-0.1,-1.73,-0.013,-1.717,-1.174,-0.089,-1.085,-1.206,-0.353,-0.853,0.663,-0.008,0.671,-0.422,-0.317,-0.11,-1.107,1.298,1.298,-1.964,0.0,-1.107,-0.368,-0.739,-1.107,-0.368,-0.739,-1.576,-0.224,-1.199,-0.765,-1.964,2282,1138,1144
1629023,P.J. Washington,2024,-1.847,-0.01,-1.837,-0.049,0.153,-0.202,0.296,0.158,0.138,-2.084,-0.003,-2.081,-0.256,0.03,-0.278,0.081,0.11,0.11,-2.022,-1.912,-0.0,0.081,0.271,-0.19,0.081,0.271,-0.19,0.256,0.778,-0.118,0.018,-0.136,1.021,-0.077,1.098,-0.825,-0.105,-0.72,-0.332,0.002,-0.334,0.019,-0.059,0.081,-0.003,0.05,0.05,-0.102,-0.052,-0.0,-0.003,0.018,-0.021,-0.003,0.018,-0.021,0.477,0.301,-1.965,0.008,-1.973,0.972,0.076,0.896,-0.529,0.053,-0.582,-2.416,-0.001,-2.415,-0.237,-0.029,-0.197,0.078,0.16,0.16,-1.964,-0.0,0.078,0.289,-0.211,0.078,0.289,-0.211,0.733,1.078,-1.912,-0.052,-1.964,21992,10985,11007
1630551,Justin Champagnie,2024,-1.691,0.021,-1.712,-0.218,0.006,-0.224,-0.171,0.04,-0.211,-1.323,0.014,-1.337,-0.281,-0.217,-0.062,0.213,0.955,0.955,-1.759,-0.804,-0.0,0.213,0.017,0.196,0.213,0.017,0.196,0.212,0.228,-0.429,0.033,-0.462,-0.111,-0.019,-0.092,-0.421,-0.098,-0.323,0.07,-0.004,0.074,-0.343,-0.285,-0.051,-0.012,-0.401,-0.401,-0.784,-1.185,0.0,-0.012,-0.0,-0.012,-0.012,-0.0,-0.012,-0.42,0.054,-2.121,0.054,-2.175,-0.33,-0.013,-0.317,-0.592,-0.058,-0.534,-1.253,0.01,-1.263,-0.624,-0.502,-0.113,0.202,0.553,0.553,-1.989,-0.0,0.202,0.017,0.185,0.202,0.017,0.185,-0.207,0.282,-0.804,-1.185,-1.989,1147,580,567
1630550,JT Thor,2024,-2.417,-0.072,-2.345,-0.926,-0.245,-0.681,-1.833,-0.063,-1.77,0.414,0.005,0.409,-0.08,0.035,-0.139,-0.503,0.528,0.528,-3.0,-2.472,0.0,-0.503,0.046,-0.549,-0.503,0.046,-0.549,-2.163,-0.787,0.818,0.118,0.7,0.038,-0.051,0.089,-0.082,-0.058,-0.024,0.744,0.004,0.74,-0.259,-0.224,-0.051,-0.178,0.101,0.101,0.381,0.482,0.0,-0.178,-0.048,-0.13,-0.178,-0.048,-0.13,0.744,0.089,-1.6,0.046,-1.646,-0.889,-0.296,-0.593,-1.915,-0.121,-1.794,1.158,0.009,1.149,-0.34,-0.189,-0.19,-0.681,0.63,0.63,-1.99,0.0,-0.681,-0.002,-0.679,-0.681,-0.002,-0.679,-1.419,-0.698,-2.472,0.482,-1.99,7085,3533,3552
1630548,Johnny Juzang,2024,-1.992,-0.012,-1.98,-0.787,-0.238,-0.549,-0.09,-0.196,0.106,-1.103,0.01,-1.113,-0.46,-0.608,0.144,0.196,1.08,1.08,-2.256,-1.176,-0.0,0.196,0.066,0.13,0.196,0.066,0.13,-0.408,-0.925,-0.034,-0.034,-0.0,0.428,0.004,0.424,0.275,-0.078,0.353,-0.703,-0.001,-0.702,-0.028,-0.073,0.046,-0.568,-0.203,-0.203,-0.63,-0.833,0.0,-0.568,-0.04,-0.528,-0.568,-0.04,-0.528,-0.483,0.352,-2.026,-0.046,-1.98,-0.359,-0.234,-0.125,0.185,-0.274,0.459,-1.806,0.009,-1.815,-0.488,-0.68,0.19,-0.372,0.877,0.877,-2.009,-0.001,-0.372,0.026,-0.398,-0.372,0.026,-0.398,-0.891,-0.573,-1.176,-0.833,-2.01,2429,1215,1214
1629726,Garrison Mathews,2024,-0.37,-0.048,-0.322,-0.715,-0.096,-0.619,0.303,0.382,-0.079,0.09,0.015,0.075,0.017,-0.208,0.236,-0.612,-1.156,-1.156,-0.965,-2.121,0.0,-0.612,-0.282,-0.33,-0.612,-0.282,-0.33,1.912,-0.452,-0.526,0.117,-0.643,0.125,0.11,0.015,-0.103,-0.117,0.014,-0.665,-0.002,-0.663,-0.194,-0.154,-0.01,0.839,-0.016,-0.016,0.119,0.103,0.0,0.839,0.183,0.656,0.839,0.183,0.656,-0.554,0.375,-0.894,0.069,-0.963,-0.59,0.014,-0.604,0.201,0.266,-0.065,-0.574,0.013,-0.587,-0.177,-0.362,0.226,0.227,-1.172,-1.172,-2.018,-0.001,0.227,-0.099,0.326,0.227,-0.099,0.326,1.358,-0.077,-2.121,0.103,-2.019,6857,3414,3443
1631116,Patrick Baldwin Jr.,2024,0.004,0.116,-0.112,0.218,-0.025,0.243,-0.698,0.287,-0.985,0.368,0.018,0.35,-0.755,-0.607,-0.164,-0.136,-0.776,-0.776,-0.887,-1.663,0.0,-0.136,-0.227,0.091,-0.136,-0.227,0.091,2.659,-0.36,-1.02,0.1,-1.12,-0.45,0.01,-0.46,-0.195,-0.058,-0.137,-0.475,-0.004,-0.471,-0.08,-0.102,0.028,0.093,0.629,0.629,-1.007,-0.378,0.0,0.093,-0.042,0.135,0.093,-0.042,0.135,-1.277,-0.123,-1.016,0.216,-1.232,-0.232,-0.015,-0.217,-0.892,0.229,-1.121,-0.108,0.014,-0.122,-0.835,-0.709,-0.137,-0.043,-0.146,-0.146,-2.041,0.0,-0.043,-0.269,0.226,-0.043,-0.269,0.226,1.382,-0.483,-1.663,-0.378,-2.041,3060,1528,1532
203924,Jerami Grant,2024,-0.125,-0.175,0.05,-0.721,0.175,-0.896,0.223,0.133,0.09,0.548,-0.018,0.566,0.615,0.593,0.027,0.05,-1.245,-1.245,0.54,-0.705,0.0,0.05,0.257,-0.207,0.05,0.257,-0.207,-1.119,-0.235,-0.211,-0.006,-0.205,-0.504,-0.147,-0.357,0.228,0.039,0.189,0.071,0.007,0.064,-0.029,-0.017,-0.007,-0.32,-0.784,-0.784,-0.56,-1.344,0.0,-0.32,-0.351,0.031,-0.32,-0.351,0.031,-0.478,-0.689,-0.336,-0.181,-0.155,-1.225,0.028,-1.253,0.45,0.172,0.278,0.62,-0.01,0.63,0.586,0.576,0.02,-0.27,-2.028,-2.028,-2.049,0.0,-0.27,-0.094,-0.176,-0.27,-0.094,-0.176,-1.597,-0.924,-0.705,-1.344,-2.049,16383,8200,8183
202693,Markieff Morris,2024,-0.965,0.101,-1.066,-0.127,-0.057,-0.07,-0.518,-0.076,-0.442,-0.421,0.002,-0.423,0.08,-0.016,0.076,-0.228,-0.781,-0.781,-1.113,-1.894,0.0,-0.228,0.007,-0.235,-0.228,0.007,-0.235,-0.029,-0.255,-0.214,-0.04,-0.174,-0.205,-0.038,-0.167,-0.016,-0.088,0.072,0.047,-0.002,0.049,-0.07,-0.1,0.017,-0.32,0.444,0.444,-0.604,-0.16,0.0,-0.32,-0.024,-0.296,-0.32,-0.024,-0.296,0.145,-0.042,-1.181,0.061,-1.242,-0.333,-0.096,-0.237,-0.535,-0.165,-0.37,-0.374,-0.0,-0.374,0.01,-0.116,0.093,-0.549,-0.336,-0.336,-2.054,0.0,-0.549,-0.017,-0.532,-0.549,-0.017,-0.532,0.116,-0.297,-1.894,-0.16,-2.054,2481,1242,1239
1641738,Kobe Brown,2024,-1.775,-0.271,-1.504,-0.341,-0.093,-0.248,-0.117,-0.065,-0.052,-1.046,0.01,-1.056,-0.369,-0.312,-0.038,0.227,0.746,0.746,-1.917,-1.171,0.0,0.227,0.193,0.034,0.227,0.193,0.034,-1.169,-0.28,-0.196,-0.107,-0.089,-0.273,-0.045,-0.228,-0.259,-0.138,-0.121,0.443,-0.007,0.45,-0.202,-0.213,0.01,0.032,-0.519,-0.519,-0.366,-0.885,0.0,0.032,-0.132,0.164,0.032,-0.132,0.164,-0.972,-0.385,-1.97,-0.378,-1.592,-0.614,-0.138,-0.476,-0.376,-0.203,-0.173,-0.602,0.003,-0.605,-0.571,-0.526,-0.029,0.259,0.227,0.227,-2.056,-0.001,0.259,0.061,0.198,0.259,0.061,0.198,-2.141,-0.665,-1.171,-0.885,-2.057,1611,799,812
1641788,Alex Fudge,2024,-1.029,-0.045,-0.984,-0.247,-0.025,-0.222,-0.045,-0.006,-0.039,-0.692,0.016,-0.708,-0.206,-0.054,-0.155,-0.355,0.197,0.197,-1.59,-1.393,-0.0,-0.355,-0.124,-0.231,-0.355,-0.124,-0.231,-0.752,-0.095,-0.558,0.006,-0.564,-0.185,-0.001,-0.184,-0.158,-0.041,-0.117,-0.221,-0.007,-0.214,-0.096,-0.061,-0.031,0.006,-0.021,-0.021,-0.648,-0.669,0.0,0.006,-0.04,0.046,0.006,-0.04,0.046,-0.425,-0.1,-1.586,-0.039,-1.547,-0.432,-0.026,-0.406,-0.202,-0.047,-0.155,-0.913,0.009,-0.922,-0.302,-0.115,-0.186,-0.349,0.176,0.176,-2.062,0.0,-0.349,-0.164,-0.185,-0.349,-0.164,-0.185,-1.177,-0.195,-1.393,-0.669,-2.062,166,82,84
1630581,Josh Giddey,2024,-0.167,0.198,-0.365,0.108,0.412,-0.304,-0.545,0.248,-0.793,0.072,-0.003,0.075,-0.661,-0.486,-0.185,-0.966,0.343,0.343,-1.794,-1.451,0.0,-0.966,-0.559,-0.407,-0.966,-0.559,-0.407,2.911,1.267,-0.577,-0.17,-0.407,-0.381,-0.142,-0.239,-0.109,-0.094,-0.015,0.083,0.002,0.081,0.077,0.137,-0.051,-0.209,0.068,0.068,-0.709,-0.641,0.0,-0.209,-0.184,-0.025,-0.209,-0.184,-0.025,-1.43,-0.679,-0.743,0.028,-0.771,-0.273,0.27,-0.543,-0.654,0.154,-0.808,0.156,-0.0,0.156,-0.584,-0.349,-0.236,-1.175,0.411,0.411,-2.092,0.0,-1.175,-0.743,-0.432,-1.175,-0.743,-0.432,1.481,0.588,-1.451,-0.641,-2.092,19459,9750,9709
1628427,Vlatko Cancar,2024,-0.339,-0.074,-0.265,-0.096,0.076,-0.172,-0.552,0.264,-0.816,0.383,0.005,0.378,-0.14,-0.164,0.016,-0.49,-0.748,-0.748,-0.969,-1.717,0.0,-0.49,0.102,-0.592,-0.49,0.102,-0.592,0.089,0.107,0.094,0.113,-0.019,-0.488,-0.103,-0.385,-0.068,-0.03,-0.038,0.537,-0.001,0.538,-0.015,-0.055,0.064,-0.145,-0.311,-0.311,-0.066,-0.377,0.0,-0.145,0.038,-0.183,-0.145,0.038,-0.183,-0.216,-0.481,-0.243,0.039,-0.282,-0.582,-0.026,-0.556,-0.62,0.234,-0.854,0.92,0.004,0.916,-0.154,-0.219,0.08,-0.635,-1.059,-1.059,-2.094,0.001,-0.635,0.141,-0.776,-0.635,0.141,-0.776,-0.127,-0.374,-1.717,-0.377,-2.093,3594,1795,1799
1631219,John Butler Jr.,2024,-0.544,-0.017,-0.527,-0.041,-0.043,0.002,-0.642,0.056,-0.698,0.156,0.011,0.145,-0.542,-0.378,-0.155,0.335,-0.688,-0.688,-0.751,-1.439,0.0,0.335,0.171,0.164,0.335,0.171,0.164,0.186,-0.117,-0.393,0.033,-0.426,-0.032,-0.06,0.028,-0.095,-0.104,0.009,-0.299,-0.004,-0.295,-0.095,-0.087,-0.008,-0.051,-0.12,-0.12,-0.539,-0.659,0.0,-0.051,0.127,-0.178,-0.051,0.127,-0.178,-0.92,-0.154,-0.937,0.016,-0.953,-0.073,-0.103,0.03,-0.737,-0.048,-0.689,-0.143,0.007,-0.15,-0.637,-0.465,-0.162,0.283,-0.808,-0.808,-2.098,0.0,0.283,0.298,-0.015,0.283,0.298,-0.015,-0.734,-0.272,-1.439,-0.659,-2.098,921,460,461
1641713,GG Jackson,2024,-1.008,0.069,-1.077,0.16,0.011,0.149,-0.828,0.198,-1.026,-0.409,0.006,-0.415,0.174,0.299,-0.112,-1.065,-0.246,-0.246,-1.899,-2.145,0.0,-1.065,-0.667,-0.398,-1.065,-0.667,-0.398,-0.979,-0.07,-0.303,0.055,-0.358,-0.591,-0.033,-0.558,0.051,-0.129,0.18,0.182,-0.008,0.19,0.198,0.094,0.127,0.476,-0.335,-0.335,0.371,0.036,0.0,0.476,0.414,0.062,0.476,0.414,0.062,-0.199,-0.328,-1.312,0.124,-1.436,-0.432,-0.022,-0.41,-0.777,0.069,-0.846,-0.227,-0.002,-0.225,0.372,0.393,0.016,-0.588,-0.581,-0.581,-2.109,0.0,-0.588,-0.254,-0.334,-0.588,-0.254,-0.334,-1.178,-0.398,-2.145,0.036,-2.109,4972,2491,2481
1628385,Harry Giles III,2024,-1.123,0.014,-1.137,-0.172,0.027,-0.199,0.211,-0.041,0.252,-1.176,0.014,-1.19,-0.239,-0.201,-0.043,-0.239,0.777,0.777,-1.601,-0.824,0.0,-0.239,-0.145,-0.094,-0.239,-0.145,-0.094,-0.248,0.261,-0.785,-0.017,-0.768,-0.269,0.038,-0.307,-0.105,-0.024,-0.081,-0.394,-0.008,-0.386,-0.156,-0.207,0.056,-0.191,-0.165,-0.165,-1.132,-1.297,0.0,-0.191,-0.04,-0.151,-0.191,-0.04,-0.151,-0.918,-0.132,-1.907,-0.003,-1.904,-0.441,0.065,-0.506,0.107,-0.064,0.171,-1.57,0.006,-1.576,-0.395,-0.408,0.013,-0.43,0.612,0.612,-2.121,-0.001,-0.43,-0.186,-0.244,-0.43,-0.186,-0.244,-1.166,0.129,-0.824,-1.297,-2.122,407,206,201
200782,P.J. Tucker,2024,-0.008,-0.101,0.093,-1.366,-0.362,-1.004,0.067,-0.326,0.393,1.392,0.0,1.392,-0.185,-0.235,0.047,0.099,-0.868,-0.868,-0.094,-0.962,0.0,0.099,-0.273,0.372,0.099,-0.273,0.372,-1.743,-1.591,-1.459,0.032,-1.491,-0.726,0.056,-0.782,0.145,0.191,-0.046,-0.91,-0.001,-0.909,0.277,0.34,-0.114,-0.111,0.127,0.127,-1.293,-1.166,0.0,-0.111,0.11,-0.221,-0.111,0.11,-0.221,-1.252,-0.264,-1.466,-0.069,-1.397,-2.092,-0.306,-1.786,0.212,-0.135,0.347,0.483,-0.0,0.483,0.092,0.105,-0.067,-0.012,-0.741,-0.741,-2.128,0.0,-0.012,-0.162,0.15,-0.012,-0.162,0.15,-2.995,-1.855,-0.962,-1.166,-2.128,10673,5316,5357
1631160,Jordan Hall,2024,-1.313,-0.022,-1.291,-0.455,-0.078,-0.377,-0.03,0.033,-0.063,-0.806,0.016,-0.822,-0.184,-0.041,-0.145,-0.383,0.052,0.052,-1.88,-1.828,-0.0,-0.383,-0.077,-0.306,-0.383,-0.077,-0.306,-0.579,-0.105,-0.555,0.009,-0.564,-0.154,-0.021,-0.133,0.063,-0.036,0.099,-0.473,-0.006,-0.467,-0.034,-0.065,0.027,0.089,0.194,0.194,-0.5,-0.306,0.0,0.089,0.076,0.013,0.089,0.076,0.013,-0.115,-0.039,-1.868,-0.013,-1.855,-0.609,-0.099,-0.51,0.033,-0.003,0.036,-1.279,0.01,-1.289,-0.219,-0.106,-0.119,-0.294,0.246,0.246,-2.134,0.0,-0.294,-0.001,-0.293,-0.294,-0.001,-0.293,-0.694,-0.144,-1.828,-0.306,-2.134,341,172,169
1641707,Taylor Hendricks,2024,-0.176,-0.043,-0.133,0.565,-0.004,0.569,-0.825,0.044,-0.869,0.127,0.008,0.119,-0.437,-0.495,0.131,-0.89,-0.011,-0.011,-1.503,-1.514,0.0,-0.89,-0.229,-0.661,-0.89,-0.229,-0.661,0.228,-0.173,-0.404,0.051,-0.455,-0.159,-0.097,-0.062,0.381,-0.13,0.511,-0.677,-0.002,-0.675,-0.151,-0.186,0.051,-0.06,-0.017,-0.017,-0.615,-0.632,0.0,-0.06,0.111,-0.171,-0.06,0.111,-0.171,-1.28,-0.263,-0.58,0.008,-0.588,0.405,-0.101,0.506,-0.444,-0.086,-0.358,-0.549,0.007,-0.556,-0.588,-0.681,0.181,-0.95,-0.028,-0.028,-2.146,0.001,-0.95,-0.119,-0.831,-0.95,-0.119,-0.831,-1.052,-0.436,-1.514,-0.632,-2.145,3510,1746,1764
1627854,Bryn Forbes,2024,-1.625,-0.009,-1.616,-0.898,-0.113,-0.785,0.052,-0.029,0.081,-0.77,0.012,-0.782,0.115,-0.005,0.106,-0.356,0.721,0.721,-1.866,-1.145,0.0,-0.356,-0.136,-0.22,-0.356,-0.136,-0.22,-1.564,-0.541,-0.74,-0.009,-0.731,0.16,-0.013,0.173,-0.261,-0.113,-0.148,-0.63,-0.004,-0.626,-0.108,-0.171,0.073,0.017,-0.172,-0.172,-0.831,-1.003,0.0,0.017,-0.081,0.098,0.017,-0.081,0.098,-1.075,-0.124,-2.366,-0.018,-2.348,-0.738,-0.126,-0.612,-0.209,-0.142,-0.067,-1.401,0.007,-1.408,0.007,-0.175,0.179,-0.339,0.549,0.549,-2.148,-0.0,-0.339,-0.216,-0.123,-0.339,-0.216,-0.123,-2.639,-0.666,-1.145,-1.003,-2.148,1112,554,558
1630231,Kenyon Martin Jr.,2024,-0.874,0.009,-0.883,0.239,0.365,-0.126,0.183,0.3,-0.117,-1.305,-0.005,-1.3,-0.105,0.267,-0.342,-0.386,0.951,0.951,-1.365,-0.414,0.0,-0.386,-0.394,0.008,-0.386,-0.394,0.008,-1.081,1.313,-1.25,-0.033,-1.217,-0.799,-0.067,-0.732,-0.217,-0.28,0.063,-0.201,0.007,-0.208,-0.364,-0.466,0.082,0.025,-0.153,-0.153,-1.589,-1.742,0.0,0.025,-0.228,0.253,0.025,-0.228,0.253,0.34,-0.361,-2.123,-0.024,-2.099,-0.559,0.299,-0.858,-0.034,0.02,-0.054,-1.506,0.002,-1.508,-0.469,-0.2,-0.26,-0.361,0.798,0.798,-2.156,0.001,-0.361,-0.623,0.262,-0.361,-0.623,0.262,-0.741,0.952,-0.414,-1.742,-2.155,12413,6204,6209
1628981,Bruno Fernando,2024,-1.568,-0.084,-1.484,-0.365,0.022,-0.387,-0.292,-0.091,-0.201,-0.827,0.002,-0.829,-0.5,-0.272,-0.234,-1.345,1.454,1.454,-3.413,-1.959,0.0,-1.345,-0.632,-0.713,-1.345,-0.632,-0.713,-1.942,0.053,-0.066,0.049,-0.115,-0.058,0.027,-0.085,0.048,-0.136,0.184,-0.105,-0.002,-0.103,-0.158,-0.317,0.179,-0.047,0.063,0.063,-0.271,-0.208,0.0,-0.047,-0.18,0.133,-0.047,-0.18,0.133,-0.374,-0.124,-1.635,-0.035,-1.6,-0.423,0.049,-0.472,-0.245,-0.228,-0.017,-0.932,-0.0,-0.932,-0.658,-0.589,-0.055,-1.392,1.517,1.517,-2.167,0.0,-1.392,-0.812,-0.58,-1.392,-0.812,-0.58,-2.316,-0.071,-1.959,-0.208,-2.167,4348,2158,2190
1641730,Noah Clowney,2024,-1.973,0.003,-1.976,-0.454,-0.024,-0.43,-0.477,-0.014,-0.463,-1.045,0.008,-1.053,-0.038,-0.139,0.127,-0.461,0.41,0.41,-2.472,-2.062,0.0,-0.461,-0.06,-0.401,-0.461,-0.06,-0.401,-2.579,-0.402,0.398,0.028,0.37,0.178,0.028,0.15,-0.36,0.013,-0.373,0.552,-0.005,0.557,-0.015,-0.063,0.029,0.11,-0.607,-0.607,0.493,-0.114,-0.0,0.11,0.052,0.058,0.11,0.052,0.058,-0.221,-0.005,-1.575,0.031,-1.606,-0.277,0.004,-0.281,-0.836,-0.001,-0.835,-0.493,0.003,-0.496,-0.053,-0.202,0.155,-0.351,-0.198,-0.198,-2.176,-0.0,-0.351,-0.008,-0.343,-0.351,-0.008,-0.343,-2.8,-0.407,-2.062,-0.114,-2.176,1469,734,735
202711,Bojan Bogdanovic,2024,-0.051,0.047,-0.098,-0.44,-0.251,-0.189,0.633,-0.097,0.73,-0.291,0.004,-0.295,0.319,0.375,-0.024,-0.102,-0.262,-0.262,0.166,-0.096,-0.0,-0.102,0.115,-0.217,-0.102,0.115,-0.217,-1.043,-1.008,-0.898,-0.014,-0.884,-0.528,-0.108,-0.42,-0.057,0.035,-0.092,-0.299,0.006,-0.305,-0.124,-0.029,-0.064,-0.465,-0.596,-0.596,-1.487,-2.083,0.0,-0.465,-0.184,-0.281,-0.465,-0.184,-0.281,0.03,-0.42,-0.952,0.033,-0.985,-0.969,-0.359,-0.61,0.575,-0.062,0.637,-0.591,0.01,-0.601,0.195,0.346,-0.088,-0.567,-0.858,-0.858,-2.179,-0.001,-0.567,-0.069,-0.498,-0.567,-0.069,-0.498,-1.014,-1.428,-0.096,-2.083,-2.18,13940,6974,6966
1631243,Mouhamed Gueye,2024,-1.076,-0.072,-1.004,-0.386,-0.046,-0.34,-0.232,-0.0,-0.232,-0.386,0.017,-0.403,-0.193,-0.066,-0.131,-0.39,-0.154,-0.154,-1.659,-1.813,0.0,-0.39,-0.204,-0.186,-0.39,-0.204,-0.186,-0.776,-0.26,-0.508,0.082,-0.59,-0.234,0.013,-0.247,-0.149,-0.041,-0.108,-0.207,-0.005,-0.202,-0.14,-0.144,0.006,0.059,0.219,0.219,-0.589,-0.37,0.0,0.059,0.03,0.029,0.059,0.03,0.029,-0.056,-0.092,-1.583,0.01,-1.593,-0.619,-0.032,-0.587,-0.381,-0.042,-0.339,-0.593,0.012,-0.605,-0.333,-0.209,-0.125,-0.33,0.064,0.064,-2.183,-0.001,-0.33,-0.174,-0.156,-0.33,-0.174,-0.156,-0.833,-0.352,-1.813,-0.37,-2.184,308,153,155
1641931,Onuralp Bitim,2024,-1.057,-0.115,-0.942,-0.213,-0.028,-0.185,-0.66,-0.032,-0.628,-0.069,0.01,-0.079,-0.221,0.027,-0.263,-0.375,0.267,0.267,-1.653,-1.386,0.0,-0.375,-0.142,-0.233,-0.375,-0.142,-0.233,0.43,-0.034,-0.2,0.009,-0.209,0.077,0.043,0.034,-0.363,-0.035,-0.328,0.077,-0.008,0.085,-0.108,-0.189,0.058,-0.219,-0.273,-0.273,-0.527,-0.8,0.0,-0.219,-0.152,-0.067,-0.219,-0.152,-0.067,-0.187,-0.062,-1.258,-0.106,-1.152,-0.137,0.015,-0.152,-1.023,-0.067,-0.956,0.008,0.002,0.006,-0.329,-0.162,-0.206,-0.594,-0.006,-0.006,-2.186,0.0,-0.594,-0.294,-0.3,-0.594,-0.294,-0.3,0.243,-0.096,-1.386,-0.8,-2.186,1075,532,543
1626162,Kelly Oubre Jr.,2024,-2.472,0.038,-2.51,-1.04,0.26,-1.3,-0.192,0.042,-0.234,-1.278,-0.005,-1.273,0.073,0.01,0.067,1.144,-0.024,-0.024,-1.255,-1.279,0.0,1.144,0.594,0.55,1.144,0.594,0.55,-3.308,-0.191,-0.242,0.114,-0.356,-0.02,-0.121,0.101,-0.227,-0.146,-0.081,-0.109,-0.004,-0.105,-0.254,-0.236,-0.024,0.227,-0.644,-0.644,-0.269,-0.913,0.0,0.227,-0.046,0.273,0.227,-0.046,0.273,-0.627,-0.068,-2.714,0.152,-2.866,-1.059,0.139,-1.198,-0.419,-0.104,-0.315,-1.388,-0.009,-1.379,-0.181,-0.226,0.043,1.37,-0.668,-0.668,-2.192,-0.001,1.37,0.548,0.822,1.37,0.548,0.822,-3.935,-0.259,-1.279,-0.913,-2.193,15522,7737,7785
1628972,Troy Brown Jr.,2024,-1.089,0.098,-1.187,-0.508,-0.006,-0.502,-0.338,0.001,-0.339,-0.341,-0.001,-0.34,0.193,0.215,-0.048,0.24,-0.49,-0.49,-0.656,-1.146,0.0,0.24,-0.228,0.468,0.24,-0.228,0.468,-1.701,-0.484,-0.485,-0.123,-0.362,-0.471,-0.034,-0.437,-0.01,0.179,-0.189,0.119,0.009,0.11,0.127,0.151,-0.012,-0.879,0.132,0.132,-1.237,-1.105,0.0,-0.879,-0.309,-0.57,-0.879,-0.309,-0.57,-0.23,-0.503,-1.572,-0.025,-1.547,-0.977,-0.039,-0.938,-0.348,0.18,-0.528,-0.222,0.008,-0.23,0.321,0.367,-0.06,-0.639,-0.359,-0.359,-2.251,0.0,-0.639,-0.537,-0.102,-0.639,-0.537,-0.102,-1.931,-0.987,-1.146,-1.105,-2.251,11511,5764,5747
1631123,Jamaree Bouyea,2024,-1.083,-0.043,-1.04,-0.201,-0.035,-0.166,-0.533,0.058,-0.591,-0.306,0.016,-0.322,-0.152,0.074,-0.236,-0.434,-0.136,-0.136,-1.669,-1.805,-0.0,-0.434,-0.249,-0.185,-0.434,-0.249,-0.185,-0.534,-0.137,-0.661,0.014,-0.675,-0.092,0.017,-0.109,-0.196,-0.062,-0.134,-0.387,-0.008,-0.379,-0.087,-0.098,0.017,0.045,0.241,0.241,-0.703,-0.462,-0.0,0.045,-0.01,0.055,0.045,-0.01,0.055,-0.128,0.045,-1.742,-0.029,-1.713,-0.292,-0.018,-0.274,-0.729,-0.004,-0.725,-0.692,0.009,-0.701,-0.239,-0.024,-0.219,-0.389,0.105,0.105,-2.267,-0.0,-0.389,-0.259,-0.13,-0.389,-0.259,-0.13,-0.662,-0.093,-1.805,-0.462,-2.267,647,324,323
203521,Matthew Dellavedova,2024,-1.107,-0.045,-1.062,-0.212,-0.129,-0.083,-0.299,0.059,-0.358,-0.551,0.012,-0.563,-0.086,-0.055,-0.048,-0.672,-0.412,-0.412,-1.865,-2.277,0.0,-0.672,-0.239,-0.433,-0.672,-0.239,-0.433,-0.539,-0.193,0.182,0.084,0.098,0.186,0.027,0.159,0.162,-0.038,0.2,-0.25,-0.005,-0.245,-0.162,-0.154,-0.035,0.222,-0.243,-0.243,0.242,-0.001,0.0,0.222,-0.068,0.29,0.222,-0.068,0.29,0.786,0.198,-0.924,0.039,-0.963,-0.026,-0.102,0.076,-0.137,0.021,-0.158,-0.8,0.007,-0.807,-0.247,-0.209,-0.083,-0.45,-0.654,-0.654,-2.278,0.0,-0.45,-0.307,-0.143,-0.45,-0.307,-0.143,0.247,0.005,-2.277,-0.001,-2.278,891,442,449
1628966,Keita Bates-Diop,2024,-1.868,-0.067,-1.801,-0.43,0.117,-0.547,-0.834,-0.033,-0.801,-0.537,-0.003,-0.534,0.12,0.223,-0.126,0.075,0.041,0.041,-1.673,-1.632,0.0,0.075,0.196,-0.121,0.075,0.196,-0.121,-0.986,0.197,-1.029,-0.116,-0.913,-0.409,-0.152,-0.257,-0.222,-0.101,-0.121,-0.282,-0.0,-0.282,-0.118,-0.057,-0.041,-0.056,0.552,0.552,-1.203,-0.651,-0.0,-0.056,0.147,-0.203,-0.056,0.147,-0.203,0.356,-0.169,-2.896,-0.183,-2.713,-0.838,-0.034,-0.804,-1.056,-0.134,-0.922,-0.819,-0.003,-0.816,0.003,0.166,-0.167,0.019,0.593,0.593,-2.283,0.0,0.019,0.342,-0.323,0.019,0.342,-0.323,-0.63,0.028,-1.632,-0.651,-2.283,8659,4315,4344
1627777,Georges Niang,2024,0.962,0.079,0.883,-0.625,-0.106,-0.519,0.468,0.266,0.202,1.04,0.013,1.027,-0.137,-0.176,0.037,-0.466,-1.112,-1.112,0.359,-0.753,0.0,-0.466,-0.132,-0.334,-0.466,-0.132,-0.334,2.36,-0.841,-0.217,0.016,-0.233,-0.021,0.111,-0.132,-0.483,0.016,-0.499,0.271,0.001,0.27,-0.368,-0.339,-0.047,-0.396,-0.561,-0.561,-0.981,-1.542,0.0,-0.396,-0.095,-0.301,-0.396,-0.095,-0.301,-0.577,0.153,0.744,0.095,0.649,-0.646,0.005,-0.651,-0.016,0.282,-0.298,1.311,0.014,1.297,-0.505,-0.515,-0.011,-0.861,-1.673,-1.673,-2.295,0.0,-0.861,-0.227,-0.634,-0.861,-0.227,-0.634,1.783,-0.688,-0.753,-1.542,-2.295,14414,7243,7171
1631111,Wendell Moore Jr.,2024,-1.036,0.014,-1.05,0.287,0.062,0.225,-0.02,0.004,-0.024,-1.317,0.009,-1.326,-0.209,-0.186,-0.034,-0.408,-0.181,-0.181,-1.653,-1.834,0.0,-0.408,0.174,-0.582,-0.408,0.174,-0.582,-1.255,0.15,-0.567,-0.018,-0.549,-0.359,-0.021,-0.338,-0.381,-0.064,-0.317,0.191,-0.002,0.193,-0.114,-0.189,0.068,0.107,0.103,0.103,-0.574,-0.471,0.0,0.107,0.062,0.045,0.107,0.062,0.045,-0.046,-0.207,-1.604,-0.004,-1.6,-0.072,0.041,-0.113,-0.402,-0.061,-0.341,-1.126,0.007,-1.133,-0.322,-0.375,0.034,-0.3,-0.078,-0.078,-2.305,0.0,-0.3,0.237,-0.537,-0.3,0.237,-0.537,-1.301,-0.056,-1.834,-0.471,-2.305,1066,529,537
1642013,Malik Williams,2024,-0.952,0.02,-0.972,-0.21,-0.03,-0.18,-0.371,-0.09,-0.281,-0.391,0.013,-0.404,-0.109,-0.164,0.048,-0.617,-0.007,-0.007,-1.678,-1.685,-0.0,-0.617,-0.455,-0.162,-0.617,-0.455,-0.162,-1.514,-0.335,-0.14,-0.028,-0.112,-0.024,0.005,-0.029,-0.04,-0.065,0.025,-0.048,-0.01,-0.038,-0.018,-0.015,0.002,-0.264,-0.206,-0.206,-0.422,-0.628,0.0,-0.264,-0.156,-0.108,-0.264,-0.156,-0.108,-0.607,-0.034,-1.091,-0.008,-1.083,-0.233,-0.024,-0.209,-0.411,-0.155,-0.256,-0.439,0.003,-0.442,-0.127,-0.179,0.049,-0.881,-0.213,-0.213,-2.313,-0.0,-0.881,-0.611,-0.27,-0.881,-0.611,-0.27,-2.121,-0.369,-1.685,-0.628,-2.313,424,213,211
1629667,Jalen McDaniels,2024,-2.109,0.137,-2.246,-0.497,0.098,-0.595,-0.476,0.045,-0.521,-1.273,0.001,-1.274,0.013,0.005,-0.014,-0.718,1.19,1.19,-2.814,-1.624,0.0,-0.718,0.058,-0.776,-0.718,0.058,-0.776,-1.663,-0.326,0.159,-0.178,0.337,0.193,-0.04,0.233,0.284,-0.074,0.358,-0.14,0.004,-0.144,-0.084,-0.05,-0.093,-0.039,-0.741,-0.741,0.036,-0.705,0.0,-0.039,-0.063,0.024,-0.039,-0.063,0.024,-0.689,-0.136,-1.949,-0.041,-1.908,-0.303,0.058,-0.361,-0.192,-0.029,-0.163,-1.413,0.005,-1.418,-0.071,-0.045,-0.107,-0.756,0.449,0.449,-2.329,0.0,-0.756,-0.004,-0.752,-0.756,-0.004,-0.752,-2.352,-0.462,-1.624,-0.705,-2.329,10434,5199,5235
1630177,Theo Maledon,2024,-0.85,0.082,-0.932,-0.276,0.175,-0.451,0.227,0.08,0.147,-0.883,0.002,-0.885,0.257,0.41,-0.16,-0.219,0.526,0.526,-0.812,-0.286,-0.0,-0.219,0.203,-0.422,-0.219,0.203,-0.422,-1.486,0.342,-1.7,-0.027,-1.673,-0.131,-0.041,-0.09,-0.81,-0.079,-0.731,-0.732,-0.001,-0.731,-0.339,-0.276,-0.047,-0.038,0.022,0.022,-2.077,-2.055,0.0,-0.038,0.05,-0.088,-0.038,0.05,-0.088,-1.121,-0.049,-2.549,0.055,-2.604,-0.407,0.134,-0.541,-0.583,0.001,-0.584,-1.614,0.001,-1.615,-0.082,0.134,-0.207,-0.256,0.547,0.547,-2.341,0.0,-0.256,0.253,-0.509,-0.256,0.253,-0.509,-2.607,0.293,-0.286,-2.055,-2.341,4399,2194,2205
1629660,Ty Jerome,2024,0.136,-0.162,0.298,0.232,-0.154,0.386,-0.002,-0.027,0.025,0.068,0.004,0.064,-0.126,0.079,-0.186,-0.425,0.198,0.198,-0.415,-0.217,-0.0,-0.425,0.021,-0.446,-0.425,0.021,-0.446,0.258,-0.375,-1.737,0.05,-1.787,-0.432,0.083,-0.515,-0.18,0.041,-0.221,-1.175,-0.0,-1.175,-0.298,-0.212,-0.085,0.05,-0.146,-0.146,-1.985,-2.131,0.0,0.05,0.11,-0.06,0.05,0.11,-0.06,-1.149,0.023,-1.601,-0.112,-1.489,-0.2,-0.071,-0.129,-0.182,0.014,-0.196,-1.107,0.004,-1.111,-0.424,-0.134,-0.271,-0.375,0.052,0.052,-2.348,0.0,-0.375,0.131,-0.506,-0.375,0.131,-0.506,-0.892,-0.352,-0.217,-2.131,-2.348,3393,1701,1692
1641787,Tosan Evbuomwan,2024,-0.991,-0.168,-0.823,-0.225,-0.093,-0.132,0.193,-0.021,0.214,-0.791,0.01,-0.801,-0.086,0.009,-0.104,-0.376,0.114,0.114,-1.453,-1.339,-0.0,-0.376,-0.113,-0.263,-0.376,-0.113,-0.263,-0.886,-0.484,-1.242,0.127,-1.369,-0.305,-0.001,-0.304,-0.599,-0.062,-0.537,-0.465,-0.008,-0.457,-0.005,-0.005,0.009,0.073,0.164,0.164,-1.174,-1.01,0.0,0.073,0.14,-0.067,0.073,0.14,-0.067,-1.409,-0.054,-2.232,-0.041,-2.191,-0.529,-0.094,-0.435,-0.406,-0.083,-0.323,-1.256,0.002,-1.258,-0.091,0.004,-0.095,-0.303,0.278,0.278,-2.349,-0.0,-0.303,0.027,-0.33,-0.303,0.027,-0.33,-2.295,-0.539,-1.339,-1.01,-2.349,1473,732,741
1630184,Kira Lewis Jr.,2024,-2.235,-0.139,-2.096,-0.557,0.073,-0.63,0.307,0.065,0.242,-1.846,0.006,-1.852,0.153,0.108,0.052,0.162,-0.18,-0.18,-1.92,-2.1,0.0,0.162,-0.047,0.209,0.162,-0.047,0.209,-1.367,0.079,0.564,-0.085,0.649,0.077,0.016,0.061,-0.001,-0.081,0.08,0.573,-0.005,0.578,-0.176,-0.182,-0.008,-0.164,-0.477,-0.477,0.224,-0.253,0.0,-0.164,0.097,-0.261,-0.164,0.097,-0.261,-0.069,0.015,-1.67,-0.224,-1.446,-0.479,0.09,-0.569,0.307,-0.016,0.323,-1.274,0.001,-1.275,-0.023,-0.074,0.044,-0.003,-0.657,-0.657,-2.353,0.0,-0.003,0.05,-0.053,-0.003,0.05,-0.053,-1.436,0.094,-2.1,-0.253,-2.353,2047,1026,1021
1631323,Simone Fontecchio,2024,-1.781,0.056,-1.837,-0.155,0.022,-0.177,-0.237,0.204,-0.441,-1.445,0.011,-1.456,-0.15,-0.212,0.057,0.01,-0.109,-0.109,-1.921,-2.03,0.0,0.01,0.054,-0.044,0.01,0.054,-0.044,1.331,0.314,-0.598,0.033,-0.631,-0.457,-0.021,-0.436,-0.246,-0.053,-0.193,0.072,0.0,0.072,-0.131,-0.113,-0.007,0.19,0.213,0.213,-0.539,-0.326,-0.0,0.19,0.151,0.039,0.19,0.151,0.039,-0.601,-0.146,-2.379,0.089,-2.468,-0.612,0.001,-0.613,-0.484,0.15,-0.634,-1.372,0.011,-1.383,-0.281,-0.325,0.05,0.201,0.104,0.104,-2.356,0.0,0.201,0.205,-0.004,0.201,0.205,-0.004,0.73,0.169,-2.03,-0.326,-2.356,10073,5038,5035
1626192,Pat Connaughton,2024,-0.256,0.071,-0.327,-0.523,-0.233,-0.29,0.672,0.13,0.542,-0.476,0.001,-0.477,0.133,0.472,-0.305,0.506,-1.111,-1.111,0.383,-0.728,0.0,0.506,0.302,0.204,0.506,0.302,0.204,-0.465,-0.816,-1.208,-0.02,-1.188,-0.565,0.113,-0.678,-0.787,0.178,-0.965,0.164,-0.003,0.167,0.03,0.127,-0.09,-0.278,-0.179,-0.179,-1.456,-1.635,0.0,-0.278,-0.122,-0.156,-0.278,-0.122,-0.156,-0.252,0.205,-1.464,0.051,-1.515,-1.089,-0.12,-0.969,-0.114,0.308,-0.422,-0.312,-0.002,-0.31,0.162,0.598,-0.395,0.228,-1.29,-1.29,-2.363,0.0,0.228,0.18,0.048,0.228,0.18,0.048,-0.717,-0.611,-0.728,-1.635,-2.363,13665,6841,6824
1630181,R.J. Hampton,2024,0.076,-0.025,0.101,-0.108,-0.078,-0.03,-0.534,0.082,-0.616,0.743,0.007,0.736,-0.281,-0.027,-0.204,-0.456,-0.339,-0.339,-0.661,-1.0,0.0,-0.456,-0.099,-0.357,-0.456,-0.099,-0.357,-1.783,-0.584,-0.445,-0.051,-0.394,-0.563,-0.103,-0.46,-0.053,-0.105,0.052,0.222,-0.002,0.224,-0.304,-0.184,-0.119,0.012,-0.627,-0.627,-0.737,-1.364,-0.0,0.012,-0.116,0.128,0.012,-0.116,0.128,-0.657,-0.529,-0.369,-0.076,-0.293,-0.672,-0.182,-0.49,-0.585,-0.022,-0.563,0.964,0.004,0.96,-0.585,-0.211,-0.323,-0.444,-0.966,-0.966,-2.364,0.0,-0.444,-0.215,-0.229,-0.444,-0.215,-0.229,-2.44,-1.113,-1.0,-1.364,-2.364,3310,1652,1658
202066,Garrett Temple,2024,-1.688,-0.137,-1.551,-1.243,0.051,-1.294,-0.212,0.074,-0.286,-0.096,0.005,-0.101,-0.129,-0.223,0.087,-0.609,0.291,0.291,-2.426,-2.135,0.0,-0.609,-0.215,-0.394,-0.609,-0.215,-0.394,-0.996,-0.297,0.166,0.012,0.154,-0.077,-0.034,-0.043,-0.064,-0.152,0.088,0.295,-0.006,0.301,-0.059,-0.129,0.086,0.269,-0.607,-0.607,0.376,-0.231,-0.0,0.269,0.145,0.124,0.269,0.145,0.124,-0.257,-0.072,-1.522,-0.125,-1.397,-1.32,0.017,-1.337,-0.277,-0.079,-0.198,0.2,-0.0,0.2,-0.188,-0.352,0.173,-0.34,-0.315,-0.315,-2.366,0.0,-0.34,-0.07,-0.27,-0.34,-0.07,-0.27,-1.253,-0.369,-2.135,-0.231,-2.366,1867,928,939
201152,Thaddeus Young,2024,-1.355,-0.103,-1.252,-0.137,-0.097,-0.04,-0.87,-0.469,-0.401,-0.245,-0.005,-0.24,-0.046,0.025,-0.096,-0.041,0.783,0.783,-1.442,-0.659,-0.0,-0.041,-0.314,0.273,-0.041,-0.314,0.273,-1.951,0.125,-1.694,-0.164,-1.53,-1.347,-0.091,-1.256,-0.519,-0.301,-0.218,0.336,-0.004,0.34,-0.132,-0.154,0.043,0.573,-0.469,-0.469,-1.253,-1.722,0.0,0.573,0.04,0.533,0.573,0.04,0.533,-2.399,-0.664,-3.049,-0.267,-2.782,-1.484,-0.188,-1.296,-1.389,-0.77,-0.619,0.091,-0.009,0.1,-0.178,-0.129,-0.053,0.532,0.314,0.314,-2.381,0.001,0.532,-0.275,0.807,0.532,-0.275,0.807,-4.35,-0.539,-0.659,-1.722,-2.38,4916,2452,2464
1631204,Marcus Sasser,2024,-0.196,-0.12,-0.076,-0.764,-0.309,-0.455,-0.221,-0.217,-0.004,0.909,0.013,0.896,0.073,-0.097,0.187,0.231,-1.368,-1.368,0.108,-1.26,0.0,0.231,0.344,-0.113,0.231,0.344,-0.113,-1.119,-0.892,-0.829,-0.047,-0.782,-0.493,-0.024,-0.469,-0.125,0.031,-0.156,-0.164,0.003,-0.167,-0.407,-0.361,-0.045,0.065,0.034,0.034,-1.171,-1.137,0.0,0.065,0.071,-0.006,0.065,0.071,-0.006,0.531,-0.035,-1.026,-0.167,-0.859,-1.257,-0.333,-0.924,-0.347,-0.186,-0.161,0.745,0.016,0.729,-0.334,-0.458,0.142,0.296,-1.335,-1.335,-2.397,0.001,0.296,0.415,-0.119,0.296,0.415,-0.119,-0.589,-0.926,-1.26,-1.137,-2.396,5540,2779,2761
1631124,Julian Strawther,2024,-1.13,0.319,-1.449,-0.612,-0.065,-0.547,0.502,0.007,0.495,-1.339,0.017,-1.356,-0.352,-0.184,-0.164,0.461,0.198,0.198,-1.021,-0.823,-0.0,0.461,0.279,0.182,0.461,0.279,0.182,0.205,-0.347,-0.978,0.1,-1.078,0.183,0.008,0.175,0.097,-0.047,0.144,-1.358,-0.003,-1.355,-0.214,-0.182,-0.019,-0.32,-0.071,-0.071,-1.512,-1.583,0.0,-0.32,-0.283,-0.037,-0.32,-0.283,-0.037,-0.978,0.061,-2.107,0.419,-2.526,-0.429,-0.057,-0.372,0.6,-0.04,0.64,-2.697,0.014,-2.711,-0.566,-0.366,-0.183,0.141,0.128,0.128,-2.406,-0.0,0.141,-0.003,0.144,0.141,-0.003,0.144,-0.773,-0.286,-0.823,-1.583,-2.406,2274,1134,1140
1631108,Max Christie,2024,-1.806,0.019,-1.825,-1.518,0.019,-1.537,-0.677,-0.157,-0.52,0.37,-0.008,0.378,-0.375,0.106,-0.482,0.128,-0.48,-0.48,-2.053,-2.533,0.0,0.128,0.125,0.003,0.128,0.125,0.003,-2.908,-0.427,1.11,0.045,1.065,0.635,0.064,0.571,0.329,0.149,0.18,0.101,-0.002,0.103,-0.114,0.014,-0.131,-0.427,-0.451,-0.451,0.569,0.118,-0.0,-0.427,-0.149,-0.278,-0.427,-0.149,-0.278,0.418,0.153,-0.696,0.064,-0.76,-0.883,0.083,-0.966,-0.348,-0.008,-0.34,0.471,-0.01,0.481,-0.489,0.12,-0.613,-0.299,-0.93,-0.93,-2.415,-0.0,-0.299,-0.024,-0.275,-0.299,-0.024,-0.275,-2.489,-0.274,-2.533,0.118,-2.415,6190,3090,3100
1628984,Devonte' Graham,2024,-1.615,0.092,-1.707,-1.161,-0.09,-1.071,-0.064,0.222,-0.286,-0.482,0.004,-0.486,-0.055,0.027,-0.053,0.009,-0.514,-0.514,-1.661,-2.175,0.0,0.009,0.34,-0.331,0.009,0.34,-0.331,-0.419,-0.423,-0.701,-0.057,-0.644,-0.653,0.051,-0.704,-0.212,-0.058,-0.154,0.221,0.004,0.217,-0.074,-0.143,0.079,0.446,0.08,0.08,-0.329,-0.249,-0.0,0.446,0.305,0.141,0.446,0.305,0.141,-1.108,-0.089,-2.314,0.035,-2.349,-1.814,-0.039,-1.775,-0.276,0.164,-0.44,-0.259,0.009,-0.268,-0.129,-0.116,0.026,0.455,-0.434,-0.434,-2.424,-0.0,0.455,0.645,-0.19,0.455,0.645,-0.19,-1.527,-0.512,-2.175,-0.249,-2.424,6566,3286,3280
1641851,Timmy Allen,2024,-1.677,-0.032,-1.645,-0.607,-0.053,-0.554,-0.645,-0.171,-0.474,-0.393,0.01,-0.403,-0.178,-0.174,-0.012,0.235,-0.378,-0.378,-1.62,-1.998,0.0,0.235,0.217,0.018,0.235,0.217,0.018,-1.692,-0.4,-0.563,-0.09,-0.473,-0.192,0.052,-0.244,-0.377,-0.045,-0.332,0.096,-0.009,0.105,-0.159,-0.141,-0.013,0.052,0.244,0.244,-0.67,-0.426,-0.0,0.052,0.094,-0.042,0.052,0.094,-0.042,0.006,0.056,-2.24,-0.122,-2.118,-0.798,-0.0,-0.798,-1.022,-0.216,-0.806,-0.298,0.001,-0.299,-0.337,-0.315,-0.025,0.287,-0.134,-0.134,-2.424,0.0,0.287,0.311,-0.024,0.287,0.311,-0.024,-1.685,-0.344,-1.998,-0.426,-2.424,505,250,255
1629139,Yuta Watanabe,2024,0.107,0.002,0.105,-0.111,-0.176,0.065,0.048,0.067,-0.019,0.168,0.004,0.164,0.494,0.347,0.137,-0.508,-1.017,-1.017,0.093,-0.924,-0.0,-0.508,-0.455,-0.053,-0.508,-0.455,-0.053,-1.628,-0.469,-0.551,-0.021,-0.53,-0.406,-0.016,-0.39,0.58,-0.149,0.729,-0.704,0.002,-0.706,-0.328,-0.433,0.089,-0.267,-0.359,-0.359,-1.146,-1.505,0.0,-0.267,-0.274,0.007,-0.267,-0.274,0.007,0.059,-0.113,-0.444,-0.019,-0.425,-0.517,-0.193,-0.324,0.628,-0.082,0.71,-0.536,0.006,-0.542,0.166,-0.086,0.226,-0.775,-1.376,-1.376,-2.429,0.001,-0.775,-0.729,-0.046,-0.775,-0.729,-0.046,-1.569,-0.582,-0.924,-1.505,-2.428,5665,2845,2820
1641748,Andre Jackson Jr.,2024,0.239,0.011,0.228,-0.69,-0.1,-0.59,0.685,-0.059,0.744,0.233,0.019,0.214,0.009,-0.109,0.079,-0.305,-0.263,-0.263,-0.057,-0.32,0.0,-0.305,0.152,-0.457,-0.305,0.152,-0.457,0.838,-0.509,-1.371,0.025,-1.396,-0.351,-0.002,-0.349,-0.083,-0.026,-0.057,-0.962,-0.001,-0.961,-0.384,-0.433,0.004,-0.184,-0.19,-0.19,-1.939,-2.129,0.0,-0.184,-0.229,0.045,-0.184,-0.229,0.045,-0.869,-0.101,-1.131,0.036,-1.167,-1.041,-0.102,-0.939,0.602,-0.085,0.687,-0.728,0.019,-0.747,-0.375,-0.542,0.083,-0.489,-0.453,-0.453,-2.449,0.0,-0.489,-0.076,-0.413,-0.489,-0.076,-0.413,-0.031,-0.61,-0.32,-2.129,-2.449,2551,1270,1281
1628380,Zach Collins,2024,-0.598,-0.041,-0.557,-0.448,-0.192,-0.256,-0.368,-0.42,0.052,0.259,-0.009,0.268,-0.377,-0.337,-0.021,-1.314,-0.307,-0.307,-2.289,-2.596,0.0,-1.314,-0.963,-0.351,-1.314,-0.963,-0.351,0.551,-0.387,1.08,-0.021,1.101,0.732,0.102,0.63,-0.21,0.204,-0.414,0.579,0.0,0.579,-0.041,-0.212,0.16,-1.075,0.174,0.174,-0.036,0.138,-0.0,-1.075,-0.43,-0.645,-1.075,-0.43,-0.645,1.007,0.373,0.483,-0.062,0.545,0.284,-0.09,0.374,-0.578,-0.216,-0.362,0.839,-0.008,0.847,-0.419,-0.549,0.139,-2.39,-0.133,-0.133,-2.458,-0.0,-2.39,-1.393,-0.997,-2.39,-1.393,-0.997,1.558,-0.014,-2.596,0.138,-2.458,12407,6193,6214
1631216,Caleb Houstan,2024,0.014,0.043,-0.029,0.042,-0.321,0.363,0.57,0.047,0.523,-0.641,0.017,-0.658,-0.336,-0.212,-0.144,-0.226,-0.767,-0.767,-0.548,-1.315,0.0,-0.226,0.287,-0.513,-0.226,0.287,-0.513,-0.906,-0.937,-0.69,-0.168,-0.522,-0.496,-0.027,-0.469,-0.446,-0.075,-0.371,0.42,-0.005,0.425,-0.269,-0.06,-0.218,-0.069,-0.12,-0.12,-1.028,-1.148,0.0,-0.069,0.082,-0.151,-0.069,0.082,-0.151,0.251,-0.273,-0.675,-0.125,-0.55,-0.454,-0.348,-0.106,0.125,-0.027,0.152,-0.221,0.012,-0.233,-0.605,-0.271,-0.362,-0.295,-0.887,-0.887,-2.463,0.0,-0.295,0.369,-0.664,-0.295,0.369,-0.664,-0.655,-1.21,-1.315,-1.148,-2.463,6520,3264,3256
1629875,Xavier Moon,2024,-1.186,-0.062,-1.124,0.079,-0.044,0.123,0.169,-0.069,0.238,-1.372,0.014,-1.386,-0.423,-0.314,-0.11,-0.573,-0.245,-0.245,-2.182,-2.427,0.0,-0.573,-0.297,-0.276,-0.573,-0.297,-0.276,-0.944,-0.047,0.14,-0.077,0.217,-0.223,-0.036,-0.187,0.207,-0.015,0.222,0.233,-0.005,0.238,-0.095,0.0,-0.087,0.123,-0.211,-0.211,0.168,-0.043,-0.0,0.123,0.072,0.051,0.123,0.072,0.051,-0.131,-0.207,-1.046,-0.139,-0.907,-0.144,-0.08,-0.064,0.376,-0.084,0.46,-1.139,0.009,-1.148,-0.518,-0.313,-0.197,-0.451,-0.456,-0.456,-2.47,0.0,-0.451,-0.224,-0.227,-0.451,-0.224,-0.227,-1.075,-0.254,-2.427,-0.043,-2.47,564,285,279
1630543,Isaiah Jackson,2024,-0.865,0.006,-0.871,0.361,0.228,0.133,-0.134,-0.186,0.052,-1.098,-0.002,-1.096,-0.282,-0.087,-0.181,-1.311,0.401,0.401,-2.458,-2.057,0.0,-1.311,-1.393,0.082,-1.311,-1.393,0.082,-0.682,1.179,-0.512,-0.037,-0.475,0.03,-0.086,0.116,-0.605,-0.111,-0.494,0.1,0.005,0.095,-0.108,-0.369,0.262,0.55,-0.343,-0.343,-0.07,-0.413,0.0,0.55,0.243,0.307,0.55,0.243,0.307,0.048,-0.228,-1.378,-0.031,-1.347,0.39,0.142,0.248,-0.739,-0.297,-0.442,-0.998,0.003,-1.001,-0.39,-0.456,0.081,-0.76,0.057,0.057,-2.47,0.0,-0.76,-1.151,0.391,-0.76,-1.151,0.391,-0.634,0.951,-2.057,-0.413,-2.47,8163,4077,4086
203457,Nerlens Noel,2024,-0.72,-0.005,-0.715,-0.408,-0.062,-0.346,-0.287,-0.132,-0.155,-0.02,0.014,-0.034,-0.044,-0.182,0.125,-0.622,-1.04,-1.04,-1.386,-2.426,0.0,-0.622,-0.259,-0.363,-0.622,-0.259,-0.363,-1.905,-0.766,-0.471,-0.154,-0.317,-0.287,0.048,-0.335,-0.235,-0.064,-0.171,0.205,-0.006,0.211,-0.135,-0.192,0.062,0.468,0.07,0.07,-0.138,-0.068,-0.0,0.468,0.192,0.276,0.468,0.192,0.276,-0.167,0.071,-1.191,-0.159,-1.032,-0.695,-0.014,-0.681,-0.522,-0.196,-0.326,0.185,0.008,0.177,-0.18,-0.374,0.187,-0.154,-0.97,-0.97,-2.494,0.0,-0.154,-0.068,-0.086,-0.154,-0.068,-0.086,-2.072,-0.695,-2.426,-0.068,-2.494,819,407,412
1631254,Kenneth Lofton Jr.,2024,-0.599,-0.155,-0.444,0.758,0.071,0.687,-0.412,0.088,-0.5,-0.79,0.013,-0.803,-0.376,-0.247,-0.119,-0.719,0.37,0.37,-1.694,-1.324,-0.0,-0.719,-0.212,-0.507,-0.719,-0.212,-0.507,0.923,0.614,-0.48,-0.109,-0.371,-0.079,-0.031,-0.048,-0.38,-0.132,-0.248,0.088,-0.004,0.092,-0.265,-0.138,-0.131,0.03,-0.456,-0.456,-0.715,-1.171,0.0,0.03,0.002,0.028,0.03,0.002,0.028,-0.41,-0.25,-1.079,-0.264,-0.815,0.679,0.04,0.639,-0.792,-0.044,-0.748,-0.702,0.009,-0.711,-0.641,-0.385,-0.25,-0.689,-0.085,-0.085,-2.495,0.0,-0.689,-0.21,-0.479,-0.689,-0.21,-0.479,0.513,0.364,-1.324,-1.171,-2.495,1569,782,787
1641712,Rayan Rupert,2024,-0.879,0.17,-1.049,-1.002,0.053,-1.055,-0.693,-0.006,-0.687,0.646,0.009,0.637,-0.802,-0.646,-0.188,-0.292,0.347,0.347,-1.973,-1.626,0.0,-0.292,-0.395,0.103,-0.292,-0.395,0.103,1.042,0.016,-1.046,-0.087,-0.959,-0.042,0.032,-0.074,-0.559,0.019,-0.578,-0.358,-0.0,-0.358,-0.243,-0.234,-0.001,0.353,0.057,0.057,-0.936,-0.879,0.0,0.353,0.241,0.112,0.353,0.241,0.112,-0.038,0.077,-1.925,0.083,-2.008,-1.043,0.086,-1.129,-1.252,0.013,-1.265,0.287,0.008,0.279,-1.045,-0.88,-0.188,0.061,0.404,0.404,-2.505,-0.001,0.061,-0.154,0.215,0.061,-0.154,0.215,1.004,0.092,-1.626,-0.879,-2.506,2540,1275,1265
1628424,Kobi Simmons,2024,-0.986,0.015,-1.001,-0.322,-0.061,-0.261,-0.129,-0.051,-0.078,-0.55,0.015,-0.565,-0.034,-0.076,0.039,-0.505,-0.259,-0.259,-1.525,-1.784,-0.0,-0.505,0.085,-0.59,-0.505,0.085,-0.59,-0.329,0.003,-0.464,0.031,-0.495,-0.064,-0.015,-0.049,-0.091,-0.053,-0.038,-0.34,-0.006,-0.334,0.017,-0.005,0.028,-0.111,-0.172,-0.172,-0.558,-0.73,0.0,-0.111,-0.064,-0.047,-0.111,-0.064,-0.047,-0.864,-0.18,-1.45,0.046,-1.496,-0.386,-0.076,-0.31,-0.22,-0.104,-0.116,-0.89,0.009,-0.899,-0.016,-0.081,0.067,-0.616,-0.431,-0.431,-2.514,0.001,-0.616,0.021,-0.637,-0.616,0.021,-0.637,-1.192,-0.176,-1.784,-0.73,-2.513,377,190,187
1631112,Kendall Brown,2024,-1.199,-0.006,-1.193,-0.167,-0.022,-0.145,-0.121,-0.03,-0.091,-0.905,0.016,-0.921,-0.123,0.101,-0.229,-1.09,-0.262,-0.262,-2.412,-2.674,0.0,-1.09,-0.266,-0.824,-1.09,-0.266,-0.824,-1.581,-0.016,-0.105,0.002,-0.107,-0.149,0.032,-0.181,0.067,-0.041,0.108,-0.025,-0.005,-0.02,-0.129,-0.165,0.028,0.325,0.065,0.065,0.091,0.156,-0.0,0.325,0.018,0.307,0.325,0.018,0.307,0.142,-0.116,-1.303,-0.004,-1.299,-0.315,0.01,-0.325,-0.054,-0.071,0.017,-0.93,0.011,-0.941,-0.252,-0.064,-0.201,-0.766,-0.197,-0.197,-2.518,-0.001,-0.766,-0.248,-0.518,-0.766,-0.248,-0.518,-1.439,-0.132,-2.674,0.156,-2.519,534,268,266
1641706,Brandon Miller,2024,-0.466,0.112,-0.578,0.91,-0.111,1.021,-0.855,-0.281,-0.574,-0.633,0.001,-0.634,-0.026,-0.158,0.141,-0.378,-0.298,-0.298,-0.87,-1.168,0.0,-0.378,-0.384,0.006,-0.378,-0.384,0.006,-0.655,-0.281,-1.027,-0.205,-0.822,-0.753,-0.18,-0.573,-0.33,-0.248,-0.082,0.261,-0.004,0.265,-0.199,0.044,-0.254,0.04,-0.178,-0.178,-1.186,-1.364,-0.0,0.04,0.204,-0.164,0.04,0.204,-0.164,-1.027,-0.688,-1.493,-0.093,-1.4,0.157,-0.291,0.448,-1.185,-0.529,-0.656,-0.372,-0.003,-0.369,-0.225,-0.114,-0.113,-0.339,-0.476,-0.476,-2.532,0.0,-0.339,-0.18,-0.159,-0.339,-0.18,-0.159,-1.682,-0.969,-1.168,-1.364,-2.532,9540,4764,4776
1630583,Santi Aldama,2024,-1.119,0.105,-1.224,-0.282,-0.113,-0.169,-0.052,0.087,-0.139,-0.89,0.011,-0.901,-0.359,-0.115,-0.233,0.177,-0.284,-0.284,-1.301,-1.585,0.0,0.177,0.12,0.057,0.177,0.12,0.057,0.057,-0.373,-0.825,-0.037,-0.788,-0.161,0.153,-0.314,0.266,0.101,0.165,-0.893,0.0,-0.893,0.177,0.174,0.024,-0.104,-0.197,-0.197,-0.752,-0.949,-0.0,-0.104,0.058,-0.162,-0.104,0.058,-0.162,-1.318,0.374,-1.944,0.068,-2.012,-0.444,0.04,-0.484,0.214,0.188,0.026,-1.782,0.012,-1.794,-0.182,0.059,-0.209,0.073,-0.482,-0.482,-2.534,0.0,0.073,0.178,-0.105,0.073,0.178,-0.105,-1.261,0.001,-1.585,-0.949,-2.534,13824,6932,6892
1630170,Devin Vassell,2024,-0.08,-0.037,-0.043,-0.283,-0.115,-0.168,-0.13,-0.102,-0.028,0.37,-0.003,0.373,-0.069,-0.193,0.108,-0.813,-1.347,-1.347,-0.962,-2.309,0.0,-0.813,-0.679,-0.134,-0.813,-0.679,-0.134,0.338,-0.317,-0.06,-0.09,0.03,-0.887,-0.196,-0.691,0.486,-0.029,0.515,0.431,0.006,0.425,0.015,-0.028,0.051,0.01,-0.197,-0.197,-0.035,-0.232,0.0,0.01,0.612,-0.602,0.01,0.612,-0.602,-0.304,-0.865,-0.141,-0.127,-0.014,-1.17,-0.311,-0.859,0.355,-0.132,0.487,0.801,0.003,0.798,-0.053,-0.221,0.159,-0.803,-1.544,-1.544,-2.541,0.0,-0.803,-0.066,-0.737,-0.803,-0.066,-0.737,0.035,-1.182,-2.309,-0.232,-2.541,14299,7160,7139
201976,Patrick Beverley,2024,-2.716,0.043,-2.759,-1.094,-0.032,-1.062,-0.407,-0.137,-0.27,-1.258,-0.004,-1.254,0.339,-0.013,0.313,0.316,-0.166,-0.166,-2.061,-2.227,0.0,0.316,0.21,0.106,0.316,0.21,0.106,-2.51,-0.577,-0.017,-0.036,0.019,-0.111,0.09,-0.201,0.254,-0.08,0.334,-0.124,-0.001,-0.123,0.013,-0.058,0.027,0.044,-0.354,-0.354,0.04,-0.314,0.0,0.044,-0.234,0.278,0.044,-0.234,0.278,-0.963,0.134,-2.734,0.007,-2.741,-1.205,0.058,-1.263,-0.153,-0.217,0.064,-1.383,-0.006,-1.377,0.353,-0.071,0.34,0.36,-0.521,-0.521,-2.541,-0.001,0.36,-0.024,0.384,0.36,-0.024,0.384,-3.473,-0.443,-2.227,-0.314,-2.542,13909,6938,6971
1630658,Colin Castleton,2024,-1.193,0.024,-1.217,-0.289,-0.028,-0.261,0.124,-0.054,0.178,-1.052,0.014,-1.066,-0.152,-0.137,-0.017,-0.19,-0.164,-0.164,-1.535,-1.699,-0.0,-0.19,0.028,-0.218,-0.19,0.028,-0.218,-1.173,-0.175,-0.751,-0.039,-0.712,-0.142,-0.02,-0.122,-0.191,-0.064,-0.127,-0.379,-0.007,-0.372,-0.056,-0.06,0.008,0.027,-0.071,-0.071,-0.78,-0.851,0.0,0.027,0.031,-0.004,0.027,0.031,-0.004,-0.553,-0.14,-1.942,-0.015,-1.927,-0.43,-0.047,-0.383,-0.067,-0.117,0.05,-1.43,0.008,-1.438,-0.207,-0.197,-0.009,-0.164,-0.236,-0.236,-2.55,0.001,-0.164,0.059,-0.223,-0.164,0.059,-0.223,-1.726,-0.315,-1.699,-0.851,-2.549,235,120,115
1630245,Ayo Dosunmu,2024,-2.404,0.106,-2.51,-0.895,0.179,-1.074,-0.355,-0.061,-0.294,-1.26,-0.006,-1.254,-0.411,-0.238,-0.16,-0.135,-0.293,-0.293,-2.95,-3.243,0.0,-0.135,-0.192,0.057,-0.135,-0.192,0.057,0.701,0.186,1.084,0.082,1.002,0.166,0.014,0.152,0.634,-0.006,0.64,0.202,-0.001,0.203,0.128,0.138,-0.016,-0.434,-0.125,-0.125,0.778,0.653,-0.0,-0.434,0.31,-0.744,-0.434,0.31,-0.744,-0.388,-0.102,-1.321,0.188,-1.509,-0.729,0.193,-0.922,0.278,-0.068,0.346,-1.058,-0.007,-1.051,-0.283,-0.1,-0.176,-0.569,-0.418,-0.418,-2.59,0.0,-0.569,0.118,-0.687,-0.569,0.118,-0.687,0.313,0.084,-3.243,0.653,-2.59,17321,8654,8667
1629684,Grant Williams,2024,-1.524,-0.147,-1.377,-0.232,-0.205,-0.027,0.436,0.225,0.211,-1.581,0.005,-1.586,-0.057,-0.134,0.067,0.223,-0.124,-0.124,-1.358,-1.482,-0.0,0.223,0.592,-0.369,0.223,0.592,-0.369,-0.588,-0.849,-1.077,-0.012,-1.065,-0.979,-0.037,-0.942,-0.039,0.037,-0.076,-0.047,0.0,-0.047,0.029,-0.116,0.165,-0.297,0.236,0.236,-1.345,-1.109,0.0,-0.297,-0.442,0.145,-0.297,-0.442,0.145,-0.349,-0.339,-2.601,-0.159,-2.442,-1.211,-0.242,-0.969,0.397,0.262,0.135,-1.628,0.005,-1.633,-0.028,-0.25,0.232,-0.074,0.113,0.113,-2.591,-0.0,-0.074,0.151,-0.225,-0.074,0.151,-0.225,-0.937,-1.188,-1.482,-1.109,-2.591,17813,8889,8924
1629234,Drew Eubanks,2024,-1.83,0.094,-1.924,-0.159,-0.15,-0.009,-0.963,-0.398,-0.565,-0.802,-0.01,-0.792,-0.126,-0.062,-0.012,-0.086,0.544,0.544,-2.042,-1.498,-0.0,-0.086,-0.31,0.224,-0.086,-0.31,0.224,-1.479,-0.278,-0.122,0.027,-0.149,0.564,0.02,0.544,0.1,-0.117,0.217,-0.813,-0.005,-0.808,-0.209,-0.182,-0.018,0.194,-0.976,-0.976,-0.137,-1.113,0.0,0.194,0.005,0.189,0.194,0.005,0.189,-1.401,-0.058,-1.952,0.121,-2.073,0.405,-0.13,0.535,-0.863,-0.514,-0.349,-1.615,-0.015,-1.6,-0.336,-0.244,-0.031,0.108,-0.431,-0.431,-2.611,-0.0,0.108,-0.305,0.413,0.108,-0.305,0.413,-2.88,-0.336,-1.498,-1.113,-2.611,11191,5606,5585
1631094,Paolo Banchero,2024,-1.336,-0.069,-1.267,-0.635,-0.008,-0.627,-0.896,-0.157,-0.739,0.264,-0.01,0.274,0.38,0.978,-0.616,-0.043,-0.652,-0.652,-0.999,-1.651,0.0,-0.043,0.067,-0.11,-0.043,0.067,-0.11,-3.158,-0.428,-1.05,0.111,-1.161,-0.203,-0.062,-0.141,-0.206,-0.046,-0.16,-0.752,0.007,-0.759,-0.425,-0.334,-0.096,0.72,-0.208,-0.208,-0.755,-0.963,0.0,0.72,0.35,0.37,0.72,0.35,0.37,0.679,-0.152,-2.386,0.042,-2.428,-0.838,-0.07,-0.768,-1.102,-0.203,-0.899,-0.488,-0.003,-0.485,-0.045,0.644,-0.712,0.676,-0.86,-0.86,-2.614,0.0,0.676,0.417,0.259,0.676,0.417,0.259,-2.479,-0.579,-1.651,-0.963,-2.614,22247,11136,11111
1630560,Cam Thomas,2024,-1.118,0.194,-1.312,0.118,-0.166,0.284,-1.737,-0.562,-1.175,0.307,-0.007,0.314,0.583,0.093,0.461,0.246,-0.006,-0.006,-0.289,-0.295,0.0,0.246,0.416,-0.17,0.246,0.416,-0.17,-2.99,-0.618,-1.629,0.071,-1.7,-0.885,-0.081,-0.804,0.266,-0.063,0.329,-1.081,-0.001,-1.08,0.086,0.05,0.022,-0.423,-0.362,-0.362,-1.966,-2.328,0.0,-0.423,-0.191,-0.232,-0.423,-0.191,-0.232,-2.161,-0.764,-2.748,0.265,-3.013,-0.767,-0.247,-0.52,-1.472,-0.626,-0.846,-0.774,-0.008,-0.766,0.669,0.143,0.484,-0.177,-0.367,-0.367,-2.623,0.0,-0.177,0.225,-0.402,-0.177,0.225,-0.402,-5.151,-1.382,-0.295,-2.328,-2.623,12266,6179,6087
1630538,Nah'Shon Hyland,2024,0.203,-0.039,0.242,0.426,-0.022,0.448,-0.325,0.181,-0.506,0.141,0.002,0.139,-0.079,-0.262,0.189,-0.535,-0.412,-0.412,-0.411,-0.823,0.0,-0.535,-0.434,-0.101,-0.535,-0.434,-0.101,-1.414,-0.02,-1.611,-0.103,-1.508,-0.667,-0.063,-0.604,0.092,-0.129,0.221,-0.933,-0.003,-0.93,0.05,0.04,-0.011,-0.009,-0.233,-0.233,-1.57,-1.803,0.0,-0.009,-0.285,0.276,-0.009,-0.285,0.276,-2.19,-0.396,-1.407,-0.142,-1.265,-0.241,-0.085,-0.156,-0.233,0.052,-0.285,-0.791,-0.0,-0.791,-0.029,-0.222,0.179,-0.544,-0.645,-0.645,-2.626,0.001,-0.544,-0.719,0.175,-0.544,-0.719,0.175,-3.604,-0.415,-0.823,-1.803,-2.625,6854,3432,3422
1641720,Jalen Hood-Schifino,2024,-1.302,-0.045,-1.257,-0.643,-0.044,-0.599,0.008,-0.023,0.031,-0.622,0.014,-0.636,-0.145,0.1,-0.257,-0.309,-0.384,-0.384,-1.756,-2.14,0.0,-0.309,-0.066,-0.243,-0.309,-0.066,-0.243,-1.268,-0.374,-0.134,0.06,-0.194,-0.238,0.011,-0.249,0.198,-0.06,0.258,-0.154,-0.007,-0.147,-0.077,-0.148,0.06,-0.287,-0.028,-0.028,-0.498,-0.526,0.0,-0.287,-0.095,-0.192,-0.287,-0.095,-0.192,-0.22,-0.107,-1.436,0.015,-1.451,-0.881,-0.033,-0.848,0.206,-0.083,0.289,-0.776,0.007,-0.783,-0.222,-0.047,-0.197,-0.596,-0.413,-0.413,-2.666,0.0,-0.596,-0.161,-0.435,-0.596,-0.161,-0.435,-1.487,-0.48,-2.14,-0.526,-2.666,445,222,223
1641723,Kobe Bufkin,2024,-1.98,-0.094,-1.886,-0.406,-0.068,-0.338,-0.043,-0.066,0.023,-1.437,0.013,-1.45,-0.205,0.065,-0.277,-0.18,-0.321,-0.321,-2.365,-2.686,0.0,-0.18,-0.141,-0.039,-0.18,-0.141,-0.039,-1.967,-0.24,-0.052,0.0,-0.052,0.036,-0.065,0.101,0.012,-0.061,0.073,-0.1,-0.002,-0.098,-0.14,-0.156,0.022,-0.034,0.243,0.243,-0.226,0.017,0.0,-0.034,-0.036,0.002,-0.034,-0.036,0.002,0.603,-0.029,-2.035,-0.094,-1.941,-0.37,-0.133,-0.237,-0.033,-0.128,0.095,-1.538,0.011,-1.549,-0.344,-0.09,-0.255,-0.213,-0.079,-0.079,-2.669,0.0,-0.213,-0.177,-0.036,-0.213,-0.177,-0.036,-1.365,-0.27,-2.686,0.017,-2.669,801,399,402
1629669,Jaylen Nowell,2024,-1.485,0.009,-1.494,-0.282,0.061,-0.343,0.598,0.013,0.585,-1.81,0.002,-1.812,0.045,0.272,-0.204,0.247,-0.223,-0.223,-1.193,-1.416,0.0,0.247,0.056,0.191,0.247,0.056,0.191,-2.233,-0.107,-0.898,-0.105,-0.793,-0.572,-0.097,-0.475,-0.105,-0.106,0.001,-0.116,-0.0,-0.116,-0.698,-0.7,-0.01,0.528,-0.194,-0.194,-1.068,-1.262,0.0,0.528,-0.076,0.604,0.528,-0.076,0.604,-0.04,-0.403,-2.384,-0.096,-2.288,-0.855,-0.037,-0.818,0.493,-0.093,0.586,-1.926,0.002,-1.928,-0.653,-0.429,-0.214,0.775,-0.417,-0.417,-2.678,0.0,0.775,-0.02,0.795,0.775,-0.02,0.795,-2.273,-0.51,-1.416,-1.262,-2.678,6286,3144,3142
201580,JaVale McGee,2024,-0.817,0.003,-0.82,0.664,0.207,0.457,0.095,0.114,-0.019,-1.579,0.006,-1.585,-0.426,-0.074,-0.357,-1.078,-0.102,-0.102,-2.321,-2.423,-0.0,-1.078,-1.029,-0.049,-1.078,-1.029,-0.049,-1.128,0.735,0.053,-0.14,0.193,0.366,-0.033,0.399,0.126,0.06,0.066,-0.299,-0.0,-0.299,-0.176,-0.072,-0.1,-0.1,-0.038,-0.038,-0.223,-0.261,0.0,-0.1,-0.02,-0.08,-0.1,-0.02,-0.08,0.569,0.41,-0.763,-0.137,-0.626,1.031,0.175,0.856,0.222,0.175,0.047,-1.879,0.006,-1.885,-0.602,-0.146,-0.456,-1.177,-0.141,-0.141,-2.684,0.001,-1.177,-1.048,-0.129,-1.177,-1.048,-0.129,-0.559,1.146,-2.423,-0.261,-2.683,2828,1422,1406
1631102,TyTy Washington Jr.,2024,-3.004,-0.259,-2.745,-0.278,-0.011,-0.267,-0.479,-0.148,-0.331,-1.988,0.007,-1.995,-0.613,-0.356,-0.172,-0.002,0.513,0.513,-3.619,-3.106,0.0,-0.002,0.075,-0.077,-0.002,0.075,-0.077,-0.511,0.27,-0.326,0.098,-0.424,-0.004,0.113,-0.117,0.038,-0.08,0.118,-0.458,-0.003,-0.455,-0.049,-0.046,0.012,0.149,0.638,0.638,-0.226,0.412,-0.0,0.149,0.123,0.026,0.149,0.123,0.026,-0.012,0.439,-3.331,-0.161,-3.17,-0.282,0.102,-0.384,-0.442,-0.229,-0.213,-2.446,0.004,-2.45,-0.662,-0.402,-0.16,0.147,1.151,1.151,-2.694,0.0,0.147,0.199,-0.052,0.147,0.199,-0.052,-0.523,0.709,-3.106,0.412,-2.694,1995,995,1000
203210,JaMychal Green,2024,-0.69,0.038,-0.728,-0.716,-0.044,-0.672,-0.109,0.285,-0.394,0.097,-0.0,0.097,0.007,-0.027,0.048,-0.758,-0.117,-0.117,-1.441,-1.558,-0.0,-0.758,-0.1,-0.658,-0.758,-0.1,-0.658,0.605,-0.531,-0.536,0.103,-0.639,-0.238,-0.024,-0.214,-0.108,-0.123,0.015,-0.293,-0.001,-0.292,-0.261,-0.19,-0.055,0.098,-0.442,-0.442,-0.699,-1.141,0.0,0.098,0.0,0.098,0.098,0.0,0.098,-0.401,-0.047,-1.227,0.141,-1.368,-0.954,-0.068,-0.886,-0.218,0.162,-0.38,-0.196,-0.001,-0.195,-0.254,-0.217,-0.007,-0.66,-0.558,-0.558,-2.699,-0.001,-0.66,-0.1,-0.56,-0.66,-0.1,-0.56,0.203,-0.578,-1.558,-1.141,-2.7,3550,1773,1777
1629626,Bol Bol,2024,-1.893,0.098,-1.991,-0.577,0.071,-0.648,-0.389,-0.377,-0.012,-1.025,0.001,-1.026,-0.355,-0.476,0.137,-0.989,0.345,0.345,-3.237,-2.892,0.0,-0.989,-0.367,-0.622,-0.989,-0.367,-0.622,-3.106,0.007,0.011,-0.005,0.016,-0.479,0.04,-0.519,0.156,-0.273,0.429,0.339,-0.004,0.343,0.257,0.197,0.075,0.262,-0.355,-0.355,0.53,0.175,-0.0,0.262,0.237,0.025,0.262,0.237,0.025,-1.737,-0.214,-1.882,0.093,-1.975,-1.055,0.111,-1.166,-0.234,-0.651,0.417,-0.686,-0.003,-0.683,-0.098,-0.278,0.212,-0.727,-0.011,-0.011,-2.717,0.0,-0.727,-0.13,-0.597,-0.727,-0.13,-0.597,-4.843,-0.206,-2.892,0.175,-2.717,8093,4038,4055
1629018,Gary Trent Jr.,2024,-1.198,0.099,-1.297,-0.749,-0.145,-0.604,-1.742,-0.207,-1.535,1.194,0.002,1.192,-0.269,-0.338,0.033,0.445,0.079,0.079,-1.022,-0.943,0.0,0.445,0.187,0.258,0.445,0.187,0.258,0.287,-0.342,-1.91,0.126,-2.036,-0.829,-0.166,-0.663,-0.553,-0.087,-0.466,-0.654,0.0,-0.654,0.028,0.082,-0.046,0.429,-0.334,-0.334,-1.453,-1.787,0.0,0.429,0.177,0.252,0.429,0.177,0.252,-1.405,-0.458,-3.107,0.225,-3.332,-1.577,-0.31,-1.267,-2.295,-0.294,-2.001,0.54,0.002,0.538,-0.241,-0.256,-0.013,0.873,-0.255,-0.255,-2.73,0.0,0.873,0.364,0.509,0.873,0.364,0.509,-1.117,-0.8,-0.943,-1.787,-2.73,16667,8344,8323
1630314,Brandon Williams,2024,-1.846,-0.082,-1.764,-0.653,0.023,-0.676,-0.626,-0.04,-0.586,-0.485,0.012,-0.497,-0.251,-0.156,-0.101,-0.172,0.258,0.258,-2.269,-2.011,0.0,-0.172,0.068,-0.24,-0.172,0.068,-0.24,-1.429,-0.316,-0.551,0.013,-0.564,-0.178,-0.012,-0.166,-0.107,0.026,-0.133,-0.279,-0.005,-0.274,0.018,0.074,-0.052,-0.139,-0.048,-0.048,-0.672,-0.72,0.0,-0.139,-0.135,-0.004,-0.139,-0.135,-0.004,-0.441,-0.146,-2.397,-0.069,-2.328,-0.831,0.011,-0.842,-0.733,-0.014,-0.719,-0.764,0.007,-0.771,-0.233,-0.082,-0.153,-0.31,0.21,0.21,-2.731,0.0,-0.31,-0.066,-0.244,-0.31,-0.066,-0.244,-1.871,-0.462,-2.011,-0.72,-2.731,474,236,238
203552,Seth Curry,2024,-0.547,-0.06,-0.487,0.241,-0.328,0.569,-0.435,-0.244,-0.191,-0.293,0.003,-0.296,0.151,-0.013,0.18,-0.157,-1.796,-1.796,-0.553,-2.349,0.0,-0.157,0.296,-0.453,-0.157,0.296,-0.453,-0.691,-0.756,-0.207,0.101,-0.308,-0.227,0.035,-0.262,0.269,0.004,0.265,-0.35,-0.004,-0.346,-0.099,0.033,-0.143,0.247,-0.323,-0.323,-0.059,-0.382,0.0,0.247,0.117,0.13,0.247,0.117,0.13,-0.543,0.011,-0.754,0.041,-0.795,0.015,-0.292,0.307,-0.166,-0.24,0.074,-0.644,-0.001,-0.643,0.052,0.02,0.038,0.09,-2.12,-2.12,-2.731,-0.001,0.09,0.414,-0.324,0.09,0.414,-0.324,-1.235,-0.745,-2.349,-0.382,-2.732,7612,3823,3789
1630570,Trendon Watford,2024,-0.352,-0.018,-0.334,0.236,0.156,0.08,0.263,-0.053,0.316,-0.833,-0.014,-0.819,0.225,0.244,-0.021,-1.534,0.382,0.382,-1.661,-1.279,0.0,-1.534,-0.181,-1.353,-1.534,-0.181,-1.353,-2.916,-0.138,-0.884,0.055,-0.939,-0.517,0.11,-0.627,-0.022,-0.179,0.157,-0.4,-0.008,-0.392,0.0,-0.091,0.089,-0.256,-0.333,-0.333,-1.14,-1.473,0.0,-0.256,0.257,-0.513,-0.256,0.257,-0.513,-0.903,0.189,-1.236,0.037,-1.273,-0.281,0.266,-0.547,0.241,-0.232,0.473,-1.233,-0.022,-1.211,0.225,0.153,0.068,-1.79,0.049,0.049,-2.752,-0.001,-1.79,0.076,-1.866,-1.79,0.076,-1.866,-3.819,0.051,-1.279,-1.473,-2.753,8174,4095,4079
1630587,Isaiah Livers,2024,-0.088,0.114,-0.202,0.068,-0.219,0.287,-0.145,-0.07,-0.075,-0.125,0.009,-0.134,-0.257,0.056,-0.272,-0.391,-0.266,-0.266,-0.736,-1.002,0.0,-0.391,0.023,-0.414,-0.391,0.023,-0.414,-0.895,-0.903,-0.867,0.01,-0.877,0.012,0.007,0.005,-0.22,-0.016,-0.204,-0.669,0.004,-0.673,-0.464,-0.506,0.01,-0.421,-0.019,-0.019,-1.752,-1.771,0.0,-0.421,-0.274,-0.147,-0.421,-0.274,-0.147,0.54,0.112,-0.955,0.124,-1.079,0.08,-0.212,0.292,-0.365,-0.086,-0.279,-0.794,0.013,-0.807,-0.72,-0.45,-0.262,-0.812,-0.285,-0.285,-2.773,-0.0,-0.812,-0.251,-0.561,-0.812,-0.251,-0.561,-0.354,-0.791,-1.002,-1.771,-2.773,6762,3369,3393
1631303,Justin Minaya,2024,-3.016,0.01,-3.026,-0.98,-0.126,-0.854,-0.042,-0.01,-0.032,-2.004,0.015,-2.019,-0.277,-0.008,-0.264,0.162,0.633,0.633,-3.131,-2.498,0.0,0.162,0.076,0.086,0.162,0.076,0.086,-1.337,-0.482,-0.01,-0.04,0.03,0.076,0.022,0.054,-0.419,-0.07,-0.349,0.373,-0.005,0.378,-0.166,-0.183,0.012,0.006,-0.12,-0.12,-0.17,-0.29,0.0,0.006,-0.018,0.024,0.006,-0.018,0.024,0.142,0.025,-3.027,-0.03,-2.997,-0.904,-0.104,-0.8,-0.461,-0.08,-0.381,-1.632,0.009,-1.641,-0.443,-0.191,-0.252,0.168,0.513,0.513,-2.788,0.0,0.168,0.057,0.111,0.168,0.057,0.111,-1.196,-0.457,-2.498,-0.29,-2.788,1856,925,931
1631119,Jaylin Williams,2024,-1.357,-0.296,-1.061,-0.781,-0.238,-0.543,-0.236,-0.009,-0.227,-0.044,0.013,-0.057,-0.071,-0.1,-0.011,-0.56,-0.325,-0.325,-1.988,-2.313,0.0,-0.56,-0.355,-0.205,-0.56,-0.355,-0.205,0.807,-0.794,-1.506,0.148,-1.654,-0.624,0.181,-0.805,-0.156,0.138,-0.294,-0.874,-0.001,-0.873,0.126,0.06,0.091,0.235,0.663,0.663,-1.145,-0.482,0.0,0.235,0.013,0.222,0.235,0.013,0.222,-2.221,-0.161,-2.866,-0.148,-2.718,-1.405,-0.057,-1.348,-0.393,0.128,-0.521,-0.92,0.011,-0.931,0.054,-0.04,0.08,-0.325,0.338,0.338,-2.795,-0.001,-0.325,-0.342,0.017,-0.325,-0.342,0.017,-1.414,-0.955,-2.313,-0.482,-2.796,7942,3964,3978
1630227,Daishen Nix,2024,-0.978,0.043,-1.021,0.882,0.296,0.586,-0.444,0.258,-0.702,-1.459,0.007,-1.466,-0.524,-0.623,0.097,-0.651,0.167,0.167,-2.153,-1.986,0.0,-0.651,-0.72,0.069,-0.651,-0.72,0.069,0.049,0.92,-1.829,-0.072,-1.757,-0.766,-0.062,-0.704,-0.671,-0.097,-0.574,-0.32,0.0,-0.32,0.016,0.043,-0.01,0.453,0.535,0.535,-1.36,-0.825,-0.0,0.453,0.056,0.397,0.453,0.056,0.397,-1.131,-0.316,-2.807,-0.029,-2.778,0.115,0.234,-0.119,-1.114,0.161,-1.275,-1.779,0.007,-1.786,-0.509,-0.581,0.087,-0.198,0.702,0.702,-2.811,0.0,-0.198,-0.664,0.466,-0.198,-0.664,0.466,-1.082,0.604,-1.986,-0.825,-2.811,3920,1953,1967
1630173,Precious Achiuwa,2024,-2.465,-0.019,-2.446,-1.024,0.157,-1.181,0.216,0.128,0.088,-1.638,0.005,-1.643,-0.204,-0.093,-0.11,-0.241,1.776,1.776,-2.91,-1.134,0.0,-0.241,0.165,-0.406,-0.241,0.165,-0.406,-1.372,0.031,-0.541,-0.262,-0.279,0.439,-0.144,0.583,0.134,-0.081,0.215,-0.852,-0.002,-0.85,0.171,0.207,-0.031,-0.869,-0.471,-0.471,-1.239,-1.71,0.0,-0.869,-0.219,-0.65,-0.869,-0.219,-0.65,-1.782,-0.311,-3.007,-0.281,-2.726,-0.586,0.013,-0.599,0.35,0.047,0.303,-2.49,0.003,-2.493,-0.033,0.114,-0.141,-1.11,1.305,1.305,-2.844,0.0,-1.11,-0.054,-1.056,-1.11,-0.054,-1.056,-3.153,-0.28,-1.134,-1.71,-2.844,11461,5721,5740
1628970,Miles Bridges,2024,-0.223,-0.09,-0.133,-0.673,0.071,-0.744,-0.429,0.119,-0.548,0.969,0.005,0.964,0.072,-0.264,0.305,0.142,-0.597,-0.597,-0.009,-0.606,0.0,0.142,0.001,0.141,0.142,0.001,0.141,0.536,-0.362,-1.683,0.15,-1.833,-1.216,0.089,-1.305,-0.117,-0.117,-0.0,-0.5,-0.013,-0.487,0.045,0.297,-0.244,-0.279,-0.321,-0.321,-1.917,-2.238,0.0,-0.279,-0.147,-0.132,-0.279,-0.147,-0.132,-3.195,-0.472,-1.908,0.06,-1.968,-1.891,0.159,-2.05,-0.547,0.002,-0.549,0.47,-0.007,0.477,0.118,0.033,0.061,-0.138,-0.919,-0.919,-2.844,0.0,-0.138,-0.146,0.008,-0.138,-0.146,0.008,-2.66,-0.834,-0.606,-2.238,-2.844,10303,5139,5164
1641734,Emoni Bates,2024,-1.047,-0.016,-1.031,-0.246,-0.113,-0.133,-0.527,-0.117,-0.41,-0.258,0.016,-0.274,-0.258,-0.098,-0.166,-0.344,-0.139,-0.139,-1.649,-1.788,0.0,-0.344,-0.165,-0.179,-0.344,-0.165,-0.179,-0.484,-0.158,-0.95,-0.072,-0.878,-0.343,0.036,-0.379,0.033,-0.047,0.08,-0.568,-0.009,-0.559,-0.081,-0.102,0.027,-0.014,-0.044,-0.044,-1.045,-1.089,0.0,-0.014,0.057,-0.071,-0.014,0.057,-0.071,-1.195,-0.158,-1.996,-0.088,-1.908,-0.589,-0.077,-0.512,-0.494,-0.164,-0.33,-0.825,0.008,-0.833,-0.339,-0.199,-0.139,-0.357,-0.183,-0.183,-2.877,-0.001,-0.357,-0.108,-0.249,-0.357,-0.108,-0.249,-1.678,-0.316,-1.788,-1.089,-2.878,520,258,262
1626196,Josh Richardson,2024,-1.249,0.045,-1.294,-0.52,-0.234,-0.286,-0.13,-0.219,0.089,-0.644,0.006,-0.65,0.155,0.133,0.017,-0.855,-0.266,-0.266,-1.949,-2.215,0.0,-0.855,-0.169,-0.686,-0.855,-0.169,-0.686,-1.306,-0.847,0.094,0.057,0.037,-0.487,0.007,-0.494,0.022,0.013,0.009,0.502,-0.003,0.505,-0.133,-0.102,-0.032,0.067,-0.692,-0.692,0.028,-0.664,-0.0,0.067,0.141,-0.074,0.067,0.141,-0.074,0.457,0.132,-1.155,0.102,-1.257,-1.006,-0.227,-0.779,-0.108,-0.206,0.098,-0.143,0.002,-0.145,0.022,0.032,-0.016,-0.788,-0.959,-0.959,-2.879,-0.0,-0.788,-0.028,-0.76,-0.788,-0.028,-0.76,-0.849,-0.715,-2.215,-0.664,-2.879,10685,5334,5351
201988,Patty Mills,2024,-1.832,-0.046,-1.786,-0.388,-0.095,-0.293,-0.337,0.072,-0.409,-1.061,0.011,-1.072,-0.165,-0.59,0.4,0.687,-0.502,-0.502,-1.31,-1.812,0.0,0.687,0.323,0.364,0.687,0.323,0.364,-0.757,-0.172,-1.183,-0.197,-0.986,-0.397,-0.024,-0.373,-0.372,-0.071,-0.301,-0.217,-0.002,-0.215,-0.224,-0.274,0.055,0.501,-0.167,-0.167,-0.906,-1.073,0.0,0.501,0.418,0.083,0.501,0.418,0.083,-0.211,-0.437,-3.013,-0.243,-2.77,-0.783,-0.118,-0.665,-0.709,0.002,-0.711,-1.278,0.009,-1.287,-0.389,-0.863,0.455,1.188,-0.669,-0.669,-2.885,0.0,1.188,0.741,0.447,1.188,0.741,0.447,-0.969,-0.609,-1.812,-1.073,-2.885,4230,2126,2104
1629647,Darius Bazley,2024,-0.983,0.209,-1.192,-1.163,0.205,-1.368,0.234,0.02,0.214,-0.263,0.005,-0.268,-0.636,-0.05,-0.534,-0.186,-0.495,-0.495,-1.805,-2.3,0.0,-0.186,-0.26,0.074,-0.186,-0.26,0.074,-2.069,-0.186,-0.227,-0.013,-0.214,0.461,-0.113,0.574,-0.413,-0.091,-0.322,-0.262,-0.002,-0.26,0.131,0.29,-0.145,0.041,-0.549,-0.549,-0.055,-0.604,0.0,0.041,0.251,-0.21,0.041,0.251,-0.21,-0.355,0.04,-1.21,0.196,-1.406,-0.702,0.092,-0.794,-0.179,-0.072,-0.107,-0.525,0.003,-0.528,-0.504,0.24,-0.679,-0.145,-1.044,-1.044,-2.904,0.0,-0.145,-0.009,-0.136,-0.145,-0.009,-0.136,-2.424,-0.146,-2.3,-0.604,-2.904,3136,1555,1581
1630593,McKinley Wright IV,2024,-1.429,-0.089,-1.34,-0.034,-0.208,0.174,-0.719,-0.102,-0.617,-0.587,0.009,-0.596,-0.403,-0.337,-0.08,0.083,-0.357,-0.357,-1.749,-2.106,0.0,0.083,0.115,-0.032,0.083,0.115,-0.032,0.363,-0.561,0.156,0.004,0.152,-0.32,0.021,-0.341,-0.107,0.02,-0.127,0.579,-0.003,0.582,-0.102,-0.093,-0.001,-0.289,-0.565,-0.565,-0.235,-0.8,-0.0,-0.289,-0.183,-0.106,-0.289,-0.183,-0.106,-0.17,-0.127,-1.274,-0.085,-1.189,-0.354,-0.187,-0.167,-0.826,-0.082,-0.744,-0.009,0.005,-0.014,-0.504,-0.43,-0.081,-0.206,-0.922,-0.922,-2.906,-0.0,-0.206,-0.069,-0.137,-0.206,-0.069,-0.137,0.193,-0.689,-2.106,-0.8,-2.906,1246,617,629
1627752,Taurean Prince,2024,0.258,0.072,0.186,-0.741,0.069,-0.81,-0.289,0.105,-0.394,1.216,-0.007,1.223,0.248,0.274,-0.022,0.048,-1.329,-1.329,0.554,-0.775,-0.0,0.048,0.003,0.045,0.048,0.003,0.045,0.495,0.059,-1.456,-0.058,-1.398,-0.432,-0.024,-0.408,-0.213,-0.046,-0.167,-0.753,-0.007,-0.746,-0.248,-0.251,0.01,-0.124,-0.312,-0.312,-1.828,-2.14,-0.0,-0.124,-0.086,-0.038,-0.124,-0.086,-0.038,-1.268,-0.091,-1.197,0.014,-1.211,-1.173,0.045,-1.218,-0.502,0.059,-0.561,0.464,-0.013,0.477,0.0,0.023,-0.012,-0.077,-1.641,-1.641,-2.915,-0.001,-0.077,-0.084,0.007,-0.077,-0.084,0.007,-0.773,-0.032,-0.775,-2.14,-2.916,14558,7260,7298
1629640,Keldon Johnson,2024,-1.803,-0.026,-1.777,-0.685,0.121,-0.806,-0.092,0.057,-0.149,-1.0,-0.003,-0.997,0.094,0.351,-0.242,0.399,0.961,0.961,-1.31,-0.349,-0.0,0.399,0.473,-0.074,0.399,0.473,-0.074,-0.808,-0.107,-1.566,0.063,-1.629,-0.418,-0.121,-0.297,-0.241,-0.072,-0.169,-0.97,0.004,-0.974,-0.228,-0.266,0.054,-0.167,-0.613,-0.613,-1.961,-2.574,0.0,-0.167,0.014,-0.181,-0.167,0.014,-0.181,-0.293,-0.294,-3.369,0.037,-3.406,-1.103,0.001,-1.104,-0.333,-0.015,-0.318,-1.97,0.001,-1.971,-0.134,0.084,-0.188,0.231,0.348,0.348,-2.923,-0.0,0.231,0.486,-0.255,0.231,0.486,-0.255,-1.1,-0.401,-0.349,-2.574,-2.923,16957,8466,8491
1630208,Nick Richards,2024,-1.172,0.177,-1.349,0.202,-0.09,0.292,-1.312,-0.409,-0.903,-0.239,-0.012,-0.227,-0.322,-0.191,-0.129,-1.144,0.58,0.58,-2.638,-2.058,0.0,-1.144,-0.858,-0.286,-1.144,-0.858,-0.286,-3.498,-0.116,-0.838,-0.147,-0.691,-0.25,-0.166,-0.084,-0.303,-0.121,-0.182,-0.138,-0.003,-0.135,0.133,0.173,-0.059,-0.353,0.183,0.183,-1.058,-0.875,-0.0,-0.353,0.265,-0.618,-0.353,0.265,-0.618,-2.089,-0.745,-2.008,0.03,-2.038,-0.047,-0.255,0.208,-1.615,-0.53,-1.085,-0.376,-0.014,-0.362,-0.189,-0.018,-0.188,-1.496,0.763,0.763,-2.933,0.0,-1.496,-0.593,-0.903,-1.496,-0.593,-0.903,-5.587,-0.861,-2.058,-0.875,-2.933,11964,5970,5994
1629637,Jaxson Hayes,2024,-0.571,0.154,-0.725,-0.076,-0.038,-0.038,-1.249,-0.115,-1.134,0.6,0.005,0.595,-0.241,0.047,-0.271,-1.012,-0.684,-0.684,-1.824,-2.508,0.0,-1.012,-0.815,-0.197,-1.012,-0.815,-0.197,-1.115,0.126,-0.254,-0.05,-0.204,-0.098,0.115,-0.213,-0.475,0.079,-0.554,0.369,-0.005,0.374,-0.087,0.033,-0.121,-0.139,-0.037,-0.037,-0.48,-0.517,0.0,-0.139,0.007,-0.146,-0.139,0.007,-0.146,-0.16,0.096,-0.825,0.104,-0.929,-0.174,0.077,-0.251,-1.723,-0.036,-1.687,0.968,-0.0,0.968,-0.328,0.08,-0.392,-1.151,-0.721,-0.721,-3.025,0.0,-1.151,-0.809,-0.342,-1.151,-0.809,-0.342,-1.274,0.222,-2.508,-0.517,-3.025,6165,3062,3103
201565,Derrick Rose,2024,-1.827,0.047,-1.874,-0.577,-0.001,-0.576,-0.288,-0.177,-0.111,-1.009,0.002,-1.011,-0.504,-0.333,-0.179,-0.523,-0.283,-0.283,-2.854,-3.137,0.0,-0.523,-0.351,-0.172,-0.523,-0.351,-0.172,-0.134,-0.209,0.755,-0.04,0.795,-0.07,0.003,-0.073,0.305,0.029,0.276,0.56,-0.004,0.564,-0.027,-0.05,0.044,0.13,-0.758,-0.758,0.858,0.1,0.0,0.13,0.002,0.128,0.13,0.002,0.128,-0.583,-0.203,-1.072,0.007,-1.079,-0.647,0.002,-0.649,0.017,-0.148,0.165,-0.449,-0.002,-0.447,-0.531,-0.383,-0.135,-0.393,-1.041,-1.041,-3.037,0.001,-0.393,-0.348,-0.045,-0.393,-0.348,-0.045,-0.717,-0.412,-3.137,0.1,-3.036,3041,1520,1521
1628995,Kevin Knox II,2024,-1.482,-0.085,-1.397,0.022,-0.131,0.153,-0.435,0.049,-0.484,-0.984,0.001,-0.985,-0.006,0.243,-0.292,0.168,-0.804,-0.804,-1.32,-2.124,0.0,0.168,0.169,-0.001,0.168,0.169,-0.001,-0.399,0.053,-1.29,0.075,-1.365,-0.649,-0.065,-0.584,0.01,-0.042,0.052,-0.726,0.006,-0.732,-0.287,-0.214,-0.083,0.198,0.459,0.459,-1.379,-0.92,-0.0,0.198,0.084,0.114,0.198,0.084,0.114,-0.264,-0.459,-2.772,-0.01,-2.762,-0.627,-0.196,-0.431,-0.425,0.007,-0.432,-1.71,0.008,-1.718,-0.293,0.029,-0.375,0.366,-0.345,-0.345,-3.044,-0.001,0.366,0.252,0.114,0.366,0.252,0.114,-0.663,-0.406,-2.124,-0.92,-3.045,6295,3147,3148
1631222,Jake LaRavia,2024,-2.384,-0.042,-2.342,-0.776,-0.029,-0.747,-0.874,0.027,-0.901,-0.692,-0.004,-0.688,0.129,0.17,-0.054,-0.667,0.727,0.727,-2.922,-2.195,0.0,-0.667,-0.15,-0.517,-0.667,-0.15,-0.517,-3.188,-0.35,0.434,-0.042,0.476,0.089,-0.0,0.089,0.071,-0.093,0.164,0.316,-0.002,0.318,-0.216,-0.323,0.083,-0.285,-0.793,-0.793,-0.067,-0.86,0.0,-0.285,-0.327,0.042,-0.285,-0.327,0.042,-0.069,-0.103,-1.949,-0.084,-1.865,-0.686,-0.029,-0.657,-0.803,-0.066,-0.737,-0.376,-0.006,-0.37,-0.087,-0.153,0.029,-0.952,-0.066,-0.066,-3.055,-0.0,-0.952,-0.477,-0.475,-0.952,-0.477,-0.475,-3.257,-0.453,-2.195,-0.86,-3.055,4937,2461,2476
1628432,Davon Reed,2024,-1.427,-0.053,-1.374,-0.488,-0.062,-0.426,-0.571,-0.051,-0.52,-0.315,0.012,-0.327,-0.199,-0.039,-0.145,-1.208,0.261,0.261,-2.834,-2.573,0.0,-1.208,-0.487,-0.721,-1.208,-0.487,-0.721,-1.862,-0.531,-1.066,0.076,-1.142,-0.522,0.014,-0.536,-0.214,-0.122,-0.092,-0.406,-0.003,-0.403,-0.08,-0.215,0.139,-0.026,0.685,0.685,-1.172,-0.487,0.0,-0.026,0.125,-0.151,-0.026,0.125,-0.151,-0.927,-0.137,-2.494,0.023,-2.517,-1.01,-0.048,-0.962,-0.785,-0.173,-0.612,-0.722,0.009,-0.731,-0.279,-0.254,-0.006,-1.235,0.946,0.946,-3.06,0.0,-1.235,-0.362,-0.873,-1.235,-0.362,-0.873,-2.789,-0.667,-2.573,-0.487,-3.06,1386,691,695
202694,Marcus Morris Sr.,2024,-1.874,-0.098,-1.776,-0.46,-0.423,-0.037,-0.584,-0.289,-0.295,-0.732,-0.001,-0.731,0.421,0.371,0.071,0.255,-0.388,-0.388,-1.198,-1.586,-0.0,0.255,0.36,-0.105,0.255,0.36,-0.105,-3.459,-1.567,-1.409,0.039,-1.448,-1.1,0.033,-1.133,0.345,0.071,0.274,-0.693,0.004,-0.697,-0.17,-0.108,-0.04,-0.697,0.761,0.761,-2.276,-1.515,-0.0,-0.697,-0.136,-0.561,-0.697,-0.136,-0.561,-0.845,-0.152,-3.285,-0.059,-3.226,-1.56,-0.39,-1.17,-0.24,-0.219,-0.021,-1.426,0.003,-1.429,0.25,0.263,0.031,-0.442,0.373,0.373,-3.101,-0.0,-0.442,0.223,-0.665,-0.442,0.223,-0.665,-4.304,-1.72,-1.586,-1.515,-3.101,11535,5777,5758
1630547,James Bouknight,2024,-1.191,-0.124,-1.067,-0.27,0.066,-0.336,-0.254,0.144,-0.398,-0.543,0.012,-0.555,-0.469,-0.399,-0.087,-0.918,0.231,0.231,-2.578,-2.347,0.0,-0.918,-0.096,-0.822,-0.918,-0.096,-0.822,-1.115,-0.032,-0.11,-0.044,-0.066,0.144,-0.033,0.177,-0.016,-0.043,0.027,-0.194,-0.001,-0.193,-0.323,-0.293,-0.022,-0.232,-0.092,-0.092,-0.665,-0.757,0.0,-0.232,-0.349,0.117,-0.232,-0.349,0.117,-0.393,0.021,-1.302,-0.168,-1.134,-0.126,0.033,-0.159,-0.271,0.1,-0.371,-0.737,0.011,-0.748,-0.792,-0.692,-0.109,-1.151,0.139,0.139,-3.104,0.0,-1.151,-0.445,-0.706,-1.151,-0.445,-0.706,-1.508,-0.012,-2.347,-0.757,-3.104,2442,1221,1221
1631241,Javon Freeman-Liberty,2024,-2.224,-0.12,-2.104,-0.833,0.038,-0.871,0.114,0.014,0.1,-1.385,0.009,-1.394,-0.001,-0.258,0.229,-0.945,1.175,1.175,-3.17,-1.995,-0.0,-0.945,-0.652,-0.293,-0.945,-0.652,-0.293,-2.055,-0.441,-0.975,-0.062,-0.913,-0.406,-0.011,-0.395,-0.461,-0.134,-0.327,-0.046,-0.009,-0.037,-0.063,-0.129,0.062,0.431,-0.543,-0.543,-0.607,-1.15,0.0,0.431,0.382,0.049,0.431,0.382,0.049,-0.989,-0.174,-3.199,-0.182,-3.017,-1.239,0.027,-1.266,-0.347,-0.12,-0.227,-1.431,-0.0,-1.431,-0.064,-0.386,0.291,-0.515,0.632,0.632,-3.145,-0.0,-0.515,-0.27,-0.245,-0.515,-0.27,-0.245,-3.044,-0.616,-1.995,-1.15,-3.145,1658,827,831
1629312,Haywood Highsmith,2024,-2.381,0.144,-2.525,-0.69,-0.29,-0.4,-0.145,-0.124,-0.021,-1.69,0.0,-1.69,-0.454,-0.378,-0.098,-0.716,0.154,0.154,-3.551,-3.397,0.0,-0.716,-0.521,-0.195,-0.716,-0.521,-0.195,-1.822,-0.812,0.179,-0.005,0.184,-0.15,0.152,-0.302,0.702,0.018,0.684,-0.368,-0.001,-0.367,-0.044,-0.1,0.064,0.157,-0.081,-0.081,0.292,0.211,-0.0,0.157,-0.003,0.16,0.157,-0.003,0.16,-2.113,0.064,-2.204,0.139,-2.343,-0.84,-0.138,-0.702,0.556,-0.106,0.662,-2.059,-0.001,-2.058,-0.498,-0.479,-0.034,-0.559,0.073,0.073,-3.186,0.0,-0.559,-0.524,-0.035,-0.559,-0.524,-0.035,-3.936,-0.748,-3.397,0.211,-3.186,10274,5107,5167
1641765,Olivier-Maxence Prosper,2024,-2.632,-0.121,-2.511,-0.125,0.091,-0.216,-1.126,0.06,-1.186,-1.26,0.011,-1.271,-0.145,-0.09,-0.012,-0.013,0.523,0.523,-2.79,-2.267,0.0,-0.013,0.126,-0.139,-0.013,0.126,-0.139,-2.112,0.074,-0.591,-0.112,-0.479,-0.28,0.041,-0.321,0.099,0.046,0.053,-0.298,-0.007,-0.291,-0.059,0.02,-0.07,-0.359,0.058,0.058,-1.009,-0.951,-0.0,-0.359,-0.219,-0.14,-0.359,-0.219,-0.14,-0.143,0.094,-3.223,-0.233,-2.99,-0.404,0.133,-0.537,-1.027,0.106,-1.133,-1.559,0.004,-1.563,-0.204,-0.069,-0.082,-0.372,0.581,0.581,-3.218,0.0,-0.372,-0.093,-0.279,-0.372,-0.093,-0.279,-2.255,0.168,-2.267,-0.951,-3.218,1434,716,718
203925,Joe Harris,2024,-0.909,0.018,-0.927,-1.182,-0.073,-1.109,1.149,0.206,0.943,-0.894,-0.006,-0.888,-0.23,-0.109,-0.074,-0.238,-0.524,-0.524,-1.377,-1.901,0.0,-0.238,-0.366,0.128,-0.238,-0.366,0.128,0.988,-0.556,-0.207,0.148,-0.355,-0.45,-0.02,-0.43,0.241,0.092,0.149,-0.146,0.004,-0.15,-0.142,-0.083,-0.05,-0.143,-0.838,-0.838,-0.492,-1.33,0.0,-0.143,-0.253,0.11,-0.143,-0.253,0.11,0.725,-0.128,-1.117,0.166,-1.283,-1.632,-0.094,-1.538,1.389,0.297,1.092,-1.04,-0.002,-1.038,-0.372,-0.192,-0.124,-0.381,-1.362,-1.362,-3.231,0.0,-0.381,-0.62,0.239,-0.381,-0.62,0.239,1.714,-0.684,-1.901,-1.33,-3.231,7023,3544,3479
1628382,Justin Jackson,2024,-1.778,-0.114,-1.664,-0.178,0.014,-0.192,-0.382,0.086,-0.468,-1.104,0.011,-1.115,-0.297,-0.15,-0.154,-0.322,-0.425,-0.425,-2.397,-2.822,0.0,-0.322,-0.085,-0.237,-0.322,-0.085,-0.237,-0.319,0.178,-0.212,0.07,-0.282,0.024,0.038,-0.014,-0.076,0.011,-0.087,-0.23,-0.005,-0.225,-0.105,-0.045,-0.054,-0.135,0.001,0.001,-0.452,-0.451,0.0,-0.135,-0.077,-0.058,-0.135,-0.077,-0.058,-0.091,0.115,-1.991,-0.044,-1.947,-0.155,0.052,-0.207,-0.458,0.097,-0.555,-1.334,0.006,-1.34,-0.402,-0.196,-0.209,-0.457,-0.424,-0.424,-3.273,-0.001,-0.457,-0.163,-0.294,-0.457,-0.163,-0.294,-0.41,0.293,-2.822,-0.451,-3.274,430,211,219
1629642,Nassir Little,2024,-1.178,0.033,-1.211,-0.28,-0.107,-0.173,-0.807,-0.087,-0.72,-0.124,0.002,-0.126,-0.083,-0.017,-0.102,-0.254,0.187,0.187,-1.515,-1.328,-0.0,-0.254,0.013,-0.267,-0.254,0.013,-0.267,-2.018,-0.613,-1.33,-0.131,-1.199,-0.349,-0.11,-0.239,-0.151,-0.149,-0.002,-0.699,0.003,-0.702,-0.058,-0.217,0.121,-0.533,-0.03,-0.03,-1.921,-1.951,0.0,-0.533,-0.013,-0.52,-0.533,-0.013,-0.52,-1.331,-0.485,-2.507,-0.098,-2.409,-0.629,-0.217,-0.412,-0.958,-0.236,-0.722,-0.822,0.005,-0.827,-0.141,-0.234,0.02,-0.787,0.157,0.157,-3.279,0.0,-0.787,0.001,-0.788,-0.787,0.001,-0.788,-3.349,-1.098,-1.328,-1.951,-3.279,5796,2886,2910
202704,Reggie Jackson,2024,-2.146,-0.129,-2.017,-0.549,-0.052,-0.497,-0.95,0.018,-0.968,-0.518,-0.007,-0.511,-0.359,-0.103,-0.251,-0.527,0.128,0.128,-3.032,-2.904,0.0,-0.527,0.005,-0.532,-0.527,0.005,-0.532,-1.348,-0.365,0.361,-0.14,0.501,0.93,0.133,0.797,-0.101,0.148,-0.249,-0.328,0.005,-0.333,0.11,0.096,0.021,-0.48,-0.408,-0.408,-0.009,-0.417,0.0,-0.48,-0.156,-0.324,-0.48,-0.156,-0.324,0.09,0.386,-1.786,-0.269,-1.517,0.381,0.081,0.3,-1.052,0.165,-1.217,-0.846,-0.002,-0.844,-0.249,-0.006,-0.23,-1.007,-0.28,-0.28,-3.321,-0.0,-1.007,-0.152,-0.855,-1.007,-0.152,-0.855,-1.258,0.021,-2.904,-0.417,-3.321,14382,7212,7170
1630537,Chris Duarte,2024,-2.283,0.201,-2.484,-0.795,0.069,-0.864,-0.434,0.143,-0.577,-1.255,0.01,-1.265,-0.174,-0.107,-0.087,-0.502,0.828,0.828,-2.959,-2.131,0.0,-0.502,0.037,-0.539,-0.502,0.037,-0.539,-2.73,-0.23,-1.014,-0.178,-0.836,-0.276,-0.016,-0.26,0.304,-0.069,0.373,-0.864,-0.005,-0.859,-0.197,-0.03,-0.174,-0.159,0.167,0.167,-1.37,-1.203,0.0,-0.159,-0.021,-0.138,-0.159,-0.021,-0.138,-2.323,-0.414,-3.297,0.023,-3.32,-1.071,0.053,-1.124,-0.13,0.074,-0.204,-2.119,0.005,-2.124,-0.371,-0.136,-0.261,-0.661,0.994,0.994,-3.334,-0.0,-0.661,0.016,-0.677,-0.661,0.016,-0.677,-5.053,-0.644,-2.131,-1.203,-3.334,6570,3269,3301
1630209,Omer Yurtseven,2024,-2.886,0.072,-2.958,-1.35,-0.202,-1.148,-1.033,-0.268,-0.765,-0.575,0.003,-0.578,-0.153,-0.271,0.103,-0.59,1.771,1.771,-3.629,-1.858,0.0,-0.59,-0.401,-0.189,-0.59,-0.401,-0.189,-1.381,-0.978,-1.133,-0.109,-1.024,-0.488,-0.13,-0.358,-0.36,-0.123,-0.237,-0.176,-0.002,-0.174,-0.123,-0.038,-0.07,-0.457,0.232,0.232,-1.713,-1.481,0.0,-0.457,-0.154,-0.303,-0.457,-0.154,-0.303,-1.812,-0.616,-4.018,-0.037,-3.981,-1.837,-0.332,-1.505,-1.393,-0.391,-1.002,-0.751,0.001,-0.752,-0.276,-0.309,0.033,-1.047,2.003,2.003,-3.339,-0.001,-1.047,-0.555,-0.492,-1.047,-0.555,-0.492,-3.193,-1.594,-1.858,-1.481,-3.34,2601,1314,1287
1631338,Mouhamadou Gueye,2024,-2.078,0.025,-2.103,-0.929,-0.017,-0.912,-0.266,-0.039,-0.227,-0.908,0.01,-0.918,-0.097,0.021,-0.128,-0.542,-0.331,-0.331,-2.717,-3.048,-0.0,-0.542,-0.507,-0.035,-0.542,-0.507,-0.035,-2.166,-0.304,0.113,0.031,0.082,-0.126,-0.07,-0.056,0.05,-0.085,0.135,0.158,-0.005,0.163,-0.033,-0.043,0.016,-0.032,-0.391,-0.391,0.048,-0.343,0.0,-0.032,-0.0,-0.032,-0.032,-0.0,-0.032,-0.407,-0.29,-1.965,0.056,-2.021,-1.055,-0.087,-0.968,-0.216,-0.124,-0.092,-0.75,0.005,-0.755,-0.13,-0.022,-0.112,-0.574,-0.722,-0.722,-3.391,0.001,-0.574,-0.507,-0.067,-0.574,-0.507,-0.067,-2.573,-0.594,-3.048,-0.343,-3.39,487,242,245
1631367,Jacob Gilyard,2024,-1.415,0.058,-1.473,-0.268,-0.189,-0.079,-0.689,0.166,-0.855,-0.516,0.033,-0.549,-0.284,-0.45,0.189,0.34,-0.364,-0.364,-1.359,-1.723,-0.0,0.34,0.018,0.322,0.34,0.018,0.322,2.701,-0.133,-1.248,-0.127,-1.121,-0.425,-0.041,-0.384,-0.42,-0.1,-0.32,-0.276,-0.005,-0.271,-0.184,-0.273,0.101,0.206,-0.496,-0.496,-1.226,-1.722,0.0,0.206,0.303,-0.097,0.206,0.303,-0.097,-1.404,-0.419,-2.662,-0.069,-2.593,-0.693,-0.229,-0.464,-1.108,0.066,-1.174,-0.792,0.028,-0.82,-0.468,-0.723,0.29,0.547,-0.86,-0.86,-3.445,0.001,0.547,0.321,0.226,0.547,0.321,0.226,1.297,-0.552,-1.723,-1.722,-3.444,2923,1461,1462
201577,Robin Lopez,2024,-1.245,-0.046,-1.199,-0.739,-0.22,-0.519,-0.458,-0.284,-0.174,-0.002,0.01,-0.012,-0.33,-0.393,0.051,-0.826,-0.473,-0.473,-2.401,-2.874,0.0,-0.826,-0.096,-0.73,-0.826,-0.096,-0.73,-3.383,-0.889,-0.28,-0.03,-0.25,-0.498,0.056,-0.554,0.434,0.115,0.319,-0.186,-0.003,-0.183,-0.164,-0.178,0.011,-0.14,0.012,0.012,-0.584,-0.572,0.0,-0.14,-0.138,-0.002,-0.14,-0.138,-0.002,0.018,-0.062,-1.526,-0.076,-1.45,-1.237,-0.164,-1.073,-0.024,-0.169,0.145,-0.189,0.007,-0.196,-0.495,-0.571,0.062,-0.967,-0.461,-0.461,-3.446,0.0,-0.967,-0.235,-0.732,-0.967,-0.235,-0.732,-3.365,-0.951,-2.874,-0.572,-3.446,1482,743,739
1641729,Brice Sensabaugh,2024,-0.534,-0.26,-0.274,0.239,0.009,0.23,0.327,-0.003,0.33,-0.84,0.003,-0.843,0.028,-0.268,0.334,-0.205,-0.549,-0.549,-0.711,-1.26,0.0,-0.205,-0.124,-0.081,-0.205,-0.124,-0.081,-0.695,0.03,-2.14,-0.056,-2.084,-0.568,0.02,-0.588,-0.35,-0.079,-0.271,-1.166,-0.009,-1.157,-0.017,-0.001,-0.007,-0.133,0.078,0.078,-2.29,-2.212,0.0,-0.133,0.122,-0.255,-0.133,0.122,-0.255,-2.097,-0.244,-2.674,-0.316,-2.358,-0.328,0.029,-0.357,-0.024,-0.082,0.058,-2.006,-0.006,-2.0,0.011,-0.269,0.326,-0.338,-0.471,-0.471,-3.472,0.0,-0.338,-0.002,-0.336,-0.338,-0.002,-0.336,-2.792,-0.213,-1.26,-2.212,-3.472,2396,1198,1198
1628470,Torrey Craig,2024,-2.698,0.062,-2.76,-0.468,-0.266,-0.202,-1.29,-0.455,-0.835,-1.002,-0.003,-0.999,0.09,-0.096,0.186,0.731,1.013,1.013,-1.877,-0.864,0.0,0.731,0.249,0.482,0.731,0.249,0.482,-0.626,-0.519,-2.468,-0.043,-2.425,-0.33,-0.089,-0.241,-0.447,-0.172,-0.275,-1.648,-0.005,-1.643,-0.062,-0.124,0.075,0.092,-0.193,-0.193,-2.438,-2.631,0.0,0.092,-0.246,0.338,0.092,-0.246,0.338,-1.45,0.082,-5.168,0.019,-5.187,-0.799,-0.356,-0.443,-1.738,-0.628,-1.11,-2.65,-0.009,-2.641,0.028,-0.221,0.262,0.823,0.82,0.82,-3.495,0.001,0.823,0.002,0.821,0.823,0.002,0.821,-2.077,-0.437,-0.864,-2.631,-3.494,12732,6327,6405
1630696,Dru Smith,2024,-3.076,-0.151,-2.925,-0.377,0.055,-0.432,-0.956,0.03,-0.986,-1.592,0.011,-1.603,-0.096,-0.154,0.075,0.042,-0.25,-0.25,-3.13,-3.38,0.0,0.042,0.106,-0.064,0.042,0.106,-0.064,-1.913,0.022,-0.178,0.101,-0.279,0.273,0.039,0.234,-0.195,-0.026,-0.169,-0.357,-0.005,-0.352,-0.017,-0.112,0.089,0.248,-0.189,-0.189,0.053,-0.136,0.0,0.248,0.137,0.111,0.248,0.137,0.111,-0.321,0.24,-3.253,-0.05,-3.203,-0.103,0.094,-0.197,-1.151,0.004,-1.155,-1.949,0.007,-1.956,-0.113,-0.266,0.164,0.291,-0.439,-0.439,-3.516,0.0,0.291,0.243,0.048,0.291,0.243,0.048,-2.234,0.262,-3.38,-0.136,-3.516,1166,582,584
1629628,RJ Barrett,2024,-0.615,0.406,-1.021,0.322,0.347,-0.025,-0.166,0.2,-0.366,-1.177,-0.013,-1.164,-0.258,-0.067,-0.226,0.542,-0.833,-0.833,-0.331,-1.164,0.0,0.542,0.352,0.19,0.542,0.352,0.19,-0.41,0.668,-0.843,-0.096,-0.747,0.387,0.1,0.287,-0.64,-0.058,-0.582,-0.494,-0.001,-0.493,-0.028,-0.012,-0.021,-0.928,-0.581,-0.581,-1.799,-2.38,0.0,-0.928,-0.313,-0.615,-0.928,-0.313,-0.615,-2.734,0.006,-1.458,0.31,-1.768,0.709,0.447,0.262,-0.807,0.142,-0.949,-1.67,-0.013,-1.657,-0.287,-0.078,-0.246,-0.387,-1.414,-1.414,-3.544,-0.0,-0.387,0.039,-0.426,-0.387,0.039,-0.426,-3.144,0.675,-1.164,-2.38,-3.544,18914,9436,9478
201599,DeAndre Jordan,2024,-0.765,0.027,-0.792,0.552,-0.005,0.557,-1.238,-0.2,-1.038,-0.106,0.005,-0.111,-0.725,-0.153,-0.563,-0.893,0.482,0.482,-2.383,-1.901,0.0,-0.893,-0.452,-0.441,-0.893,-0.452,-0.441,-1.575,0.34,-1.275,-0.204,-1.071,-0.369,0.053,-0.422,0.532,-0.02,0.552,-1.234,-0.004,-1.23,0.069,0.04,0.034,-0.42,-0.041,-0.041,-1.626,-1.667,-0.0,-0.42,-0.062,-0.358,-0.42,-0.062,-0.358,-3.131,-0.383,-2.04,-0.177,-1.863,0.183,0.048,0.135,-0.707,-0.221,-0.486,-1.339,0.001,-1.34,-0.657,-0.113,-0.529,-1.312,0.441,0.441,-3.568,-0.0,-1.312,-0.514,-0.798,-1.312,-0.514,-0.798,-4.706,-0.043,-1.901,-1.667,-3.568,3973,1982,1991
1630647,Eugene Omoruyi,2024,-2.449,0.112,-2.561,-0.39,0.083,-0.473,-0.07,0.067,-0.137,-2.101,-0.0,-2.101,0.022,0.216,-0.183,-0.993,1.249,1.249,-3.42,-2.171,0.0,-0.993,-0.283,-0.71,-0.993,-0.283,-0.71,-3.06,0.222,-1.799,0.008,-1.807,-0.298,0.085,-0.383,-1.194,-0.121,-1.073,-0.315,-0.003,-0.312,-0.435,-0.534,0.102,0.95,-0.121,-0.121,-1.284,-1.405,0.0,0.95,0.355,0.595,0.95,0.355,0.595,-0.325,-0.019,-4.248,0.12,-4.368,-0.689,0.167,-0.856,-1.263,-0.053,-1.21,-2.416,-0.003,-2.413,-0.413,-0.318,-0.081,-0.043,1.128,1.128,-3.576,-0.0,-0.043,0.073,-0.116,-0.043,0.073,-0.116,-3.385,0.203,-2.171,-1.405,-3.576,4272,2139,2133
1629676,Isaiah Roby,2024,-1.46,0.001,-1.461,-0.044,-0.023,-0.021,0.108,-0.011,0.119,-1.525,0.008,-1.533,-0.568,-0.193,-0.392,-0.49,-0.458,-0.458,-2.518,-2.976,0.0,-0.49,-0.102,-0.388,-0.49,-0.102,-0.388,-0.933,0.128,-1.086,-0.089,-0.997,-0.095,-0.029,-0.066,-0.655,-0.068,-0.587,-0.247,-0.004,-0.243,-0.133,-0.18,0.054,-0.005,0.603,0.603,-1.224,-0.621,0.0,-0.005,-0.202,0.197,-0.005,-0.202,0.197,0.07,-0.11,-2.546,-0.088,-2.458,-0.139,-0.052,-0.087,-0.547,-0.079,-0.468,-1.772,0.004,-1.776,-0.701,-0.373,-0.337,-0.496,0.146,0.146,-3.597,0.0,-0.496,-0.304,-0.192,-0.496,-0.304,-0.192,-0.863,0.018,-2.976,-0.621,-3.597,1974,990,984
201145,Jeff Green,2024,-0.951,-0.172,-0.779,-0.326,0.013,-0.339,-0.459,0.207,-0.666,0.006,0.007,-0.001,0.444,0.666,-0.216,-0.653,-1.11,-1.11,-1.16,-2.27,0.0,-0.653,-0.168,-0.485,-0.653,-0.168,-0.485,-4.017,-0.514,-0.74,-0.015,-0.725,-0.768,0.131,-0.899,-0.2,0.009,-0.209,0.243,-0.003,0.246,-0.39,-0.322,-0.065,-0.426,0.215,0.215,-1.556,-1.341,-0.0,-0.426,-0.698,0.272,-0.426,-0.698,0.272,1.21,0.214,-1.691,-0.187,-1.504,-1.095,0.144,-1.239,-0.659,0.216,-0.875,0.25,0.004,0.246,0.053,0.345,-0.281,-1.079,-0.895,-0.895,-3.611,-0.0,-1.079,-0.866,-0.213,-1.079,-0.866,-0.213,-2.807,-0.3,-2.27,-1.341,-3.611,10941,5449,5492
1630641,Ibou Badji,2024,-2.23,-0.0,-2.23,-0.671,-0.08,-0.591,-0.855,-0.177,-0.678,-0.704,0.009,-0.713,-0.158,-0.035,-0.106,-0.661,0.208,0.208,-3.049,-2.841,-0.0,-0.661,-0.316,-0.345,-0.661,-0.316,-0.345,-3.076,-0.451,-0.169,-0.037,-0.132,0.094,0.01,0.084,-0.025,-0.054,0.029,-0.201,-0.004,-0.197,-0.153,-0.326,0.175,-0.202,-0.249,-0.249,-0.524,-0.773,0.0,-0.202,-0.199,-0.003,-0.202,-0.199,-0.003,-0.13,0.254,-2.399,-0.037,-2.362,-0.577,-0.07,-0.507,-0.879,-0.231,-0.648,-0.906,0.005,-0.911,-0.311,-0.361,0.068,-0.863,-0.041,-0.041,-3.614,0.0,-0.863,-0.515,-0.348,-0.863,-0.515,-0.348,-3.207,-0.197,-2.841,-0.773,-3.614,915,458,457
1630192,Zeke Nnaji,2024,-3.699,0.201,-3.9,-1.157,-0.108,-1.049,-0.393,-0.123,-0.27,-2.35,0.003,-2.353,-0.926,-0.55,-0.405,0.03,0.764,0.764,-4.595,-3.831,-0.0,0.03,0.6,-0.57,0.03,0.6,-0.57,-3.801,-0.362,0.979,-0.063,1.042,0.782,-0.117,0.899,-0.001,-0.109,0.108,0.261,0.003,0.258,-0.263,-0.375,0.118,0.154,-0.656,-0.656,0.87,0.214,0.0,0.154,0.122,0.032,0.154,0.122,0.032,1.966,0.03,-2.719,0.138,-2.857,-0.374,-0.224,-0.15,-0.394,-0.232,-0.162,-2.089,0.006,-2.095,-1.189,-0.925,-0.287,0.184,0.108,0.108,-3.617,-0.0,0.184,0.722,-0.538,0.184,0.722,-0.538,-1.835,-0.332,-3.831,0.214,-3.617,5199,2585,2614
1630699,MarJon Beauchamp,2024,-0.466,0.035,-0.501,-0.186,0.011,-0.197,-0.563,0.091,-0.654,0.248,-0.004,0.252,-0.36,0.075,-0.383,-1.024,-0.301,-0.301,-1.85,-2.151,0.0,-1.024,0.077,-1.101,-1.024,0.077,-1.101,-2.137,-0.281,-0.404,-0.138,-0.266,-0.018,0.057,-0.075,-0.467,0.025,-0.492,0.219,0.003,0.216,-0.464,-0.406,-0.069,0.015,-0.645,-0.645,-0.853,-1.498,0.0,0.015,-0.004,0.019,0.015,-0.004,0.019,0.049,0.123,-0.873,-0.103,-0.77,-0.206,0.067,-0.273,-1.03,0.116,-1.146,0.466,-0.002,0.468,-0.825,-0.331,-0.452,-1.009,-0.946,-0.946,-3.649,0.001,-1.009,0.073,-1.082,-1.009,0.073,-1.082,-2.087,-0.157,-2.151,-1.498,-3.648,5469,2725,2744
1631101,Shaedon Sharpe,2024,-0.621,0.022,-0.643,0.445,0.042,0.403,0.021,0.016,0.005,-1.109,0.003,-1.112,0.236,0.043,0.194,-0.797,-0.642,-0.642,-1.182,-1.824,-0.0,-0.797,-0.422,-0.375,-0.797,-0.422,-0.375,-3.861,-0.518,-2.459,0.075,-2.534,-0.531,-0.164,-0.367,-0.571,-0.172,-0.399,-1.432,0.008,-1.44,-0.16,-0.01,-0.16,0.223,0.556,0.556,-2.396,-1.84,0.0,0.223,0.225,-0.002,0.223,0.225,-0.002,-1.503,-0.567,-3.08,0.097,-3.177,-0.086,-0.122,0.036,-0.55,-0.156,-0.394,-2.541,0.011,-2.552,0.076,0.033,0.034,-0.574,-0.086,-0.086,-3.664,0.0,-0.574,-0.198,-0.376,-0.574,-0.198,-0.376,-5.365,-1.086,-1.824,-1.84,-3.664,11544,5773,5771
1629678,Admiral Schofield,2024,-1.77,-0.025,-1.745,-0.459,-0.248,-0.211,-0.685,0.088,-0.773,-0.601,0.013,-0.614,-0.247,-0.397,0.154,-0.113,-0.794,-0.794,-2.13,-2.924,0.0,-0.113,0.021,-0.134,-0.113,0.021,-0.134,-0.606,-0.98,-1.132,0.157,-1.289,-0.472,0.051,-0.523,0.076,-0.149,0.225,-0.893,-0.003,-0.89,-0.27,-0.058,-0.215,0.158,0.486,0.486,-1.244,-0.758,0.0,0.158,0.263,-0.105,0.158,0.263,-0.105,-1.888,-0.248,-2.903,0.132,-3.035,-0.931,-0.197,-0.734,-0.609,-0.061,-0.548,-1.495,0.009,-1.504,-0.517,-0.455,-0.061,0.045,-0.308,-0.308,-3.682,0.0,0.045,0.284,-0.239,0.045,0.284,-0.239,-2.495,-1.228,-2.924,-0.758,-3.682,2132,1068,1064
1629673,Jordan Poole,2024,-1.902,0.006,-1.908,0.406,0.06,0.346,-0.573,0.265,-0.838,-1.741,-0.002,-1.739,-0.01,-0.067,0.052,0.039,-1.157,-1.157,-1.873,-3.03,0.0,0.039,0.186,-0.147,0.039,0.186,-0.147,-2.618,-0.072,0.014,-0.053,0.067,-0.348,-0.04,-0.308,0.435,-0.035,0.47,-0.02,0.006,-0.026,-0.363,-0.275,-0.071,-0.124,-0.199,-0.199,-0.473,-0.672,-0.0,-0.124,-0.15,0.026,-0.124,-0.15,0.026,0.275,-0.205,-1.887,-0.047,-1.84,0.059,0.021,0.038,-0.138,0.23,-0.368,-1.761,0.004,-1.765,-0.373,-0.341,-0.019,-0.085,-1.357,-1.357,-3.702,0.0,-0.085,0.035,-0.12,-0.085,0.035,-0.12,-2.343,-0.277,-3.03,-0.672,-3.702,21690,10875,10815
203085,Austin Rivers,2024,-0.016,-0.13,0.114,-0.03,0.145,-0.175,0.712,0.227,0.485,-0.568,0.004,-0.572,-0.47,-0.337,-0.112,-0.676,-0.794,-0.794,-1.162,-1.956,0.0,-0.676,-0.514,-0.162,-0.676,-0.514,-0.162,-3.557,-0.672,-1.285,-0.055,-1.23,-0.34,-0.035,-0.305,-0.06,-0.049,-0.011,-0.83,-0.003,-0.827,-0.307,-0.277,-0.037,0.356,-0.513,-0.513,-1.236,-1.749,-0.0,0.356,-0.032,0.388,0.356,-0.032,0.388,0.361,-0.216,-1.301,-0.185,-1.116,-0.37,0.11,-0.48,0.653,0.178,0.475,-1.399,0.001,-1.4,-0.778,-0.614,-0.149,-0.32,-1.307,-1.307,-3.705,-0.0,-0.32,-0.547,0.227,-0.32,-0.547,0.227,-3.196,-0.888,-1.956,-1.749,-3.705,4267,2122,2145
1641721,Maxwell Lewis,2024,-1.871,0.029,-1.9,-0.43,-0.026,-0.404,-0.441,-0.06,-0.381,-1.029,0.012,-1.041,-0.204,-0.06,-0.152,-0.618,-0.599,-0.599,-2.693,-3.292,0.0,-0.618,-0.222,-0.396,-0.618,-0.222,-0.396,-1.883,-0.29,-0.198,0.056,-0.254,-0.301,-0.016,-0.285,-0.034,-0.035,0.001,0.081,-0.004,0.085,-0.033,-0.061,0.033,-0.014,-0.174,-0.174,-0.245,-0.419,0.0,-0.014,-0.052,0.038,-0.014,-0.052,0.038,-0.058,-0.205,-2.068,0.085,-2.153,-0.73,-0.041,-0.689,-0.475,-0.095,-0.38,-0.948,0.007,-0.955,-0.238,-0.121,-0.119,-0.632,-0.773,-0.773,-3.711,-0.001,-0.632,-0.274,-0.358,-0.632,-0.274,-0.358,-1.942,-0.495,-3.292,-0.419,-3.712,421,213,208
1630579,Jericho Sims,2024,-2.033,-0.194,-1.839,-0.977,-0.102,-0.875,-0.707,-0.114,-0.593,-0.155,0.005,-0.16,-0.524,-0.681,0.202,-1.089,0.001,0.001,-3.646,-3.645,0.0,-1.089,-0.24,-0.849,-1.089,-0.24,-0.849,-2.544,-0.918,0.376,0.057,0.319,0.01,0.077,-0.067,-0.036,0.031,-0.067,0.345,-0.007,0.352,0.13,0.194,-0.07,-0.466,-0.116,-0.116,0.04,-0.076,0.0,-0.466,-0.368,-0.098,-0.466,-0.368,-0.098,0.044,0.187,-1.656,-0.137,-1.519,-0.967,-0.025,-0.942,-0.743,-0.083,-0.66,0.191,-0.002,0.193,-0.393,-0.487,0.132,-1.556,-0.114,-0.114,-3.721,0.0,-1.556,-0.607,-0.949,-1.556,-0.607,-0.949,-2.5,-0.731,-3.645,-0.076,-3.721,5472,2729,2743
1628962,Udoka Azubuike,2024,-1.483,0.089,-1.572,0.392,0.055,0.337,-0.151,-0.181,0.03,-1.813,0.003,-1.816,-0.264,0.361,-0.648,-0.389,-0.445,-0.445,-2.136,-2.581,0.0,-0.389,-0.008,-0.381,-0.389,-0.008,-0.381,-3.138,0.178,-0.331,0.071,-0.402,-0.051,0.167,-0.218,0.271,0.024,0.247,-0.622,-0.005,-0.617,0.118,-0.007,0.112,-0.26,-0.674,-0.674,-0.473,-1.147,0.0,-0.26,-0.136,-0.124,-0.26,-0.136,-0.124,-1.773,-0.054,-1.814,0.16,-1.974,0.341,0.222,0.119,0.12,-0.157,0.277,-2.435,-0.002,-2.433,-0.145,0.354,-0.536,-0.648,-1.119,-1.119,-3.728,-0.0,-0.648,-0.144,-0.504,-0.648,-0.144,-0.504,-4.911,0.124,-2.581,-1.147,-3.728,1970,985,985
1630219,Skylar Mays,2024,-1.978,0.187,-2.165,-1.033,-0.0,-1.033,-0.584,-0.133,-0.451,-0.548,0.004,-0.552,-0.527,-0.155,-0.318,0.151,0.577,0.577,-2.354,-1.777,0.0,0.151,0.422,-0.271,0.151,0.422,-0.271,0.802,-0.298,-1.545,-0.064,-1.481,-0.92,-0.104,-0.816,-0.171,-0.142,-0.029,-0.39,-0.001,-0.389,-0.208,-0.175,-0.011,-0.268,0.065,0.065,-2.021,-1.956,0.0,-0.268,-0.095,-0.173,-0.268,-0.095,-0.173,-1.671,-0.772,-3.521,0.123,-3.644,-1.953,-0.104,-1.849,-0.753,-0.274,-0.479,-0.938,0.003,-0.941,-0.736,-0.33,-0.329,-0.116,0.642,0.642,-3.733,0.001,-0.116,0.327,-0.443,-0.116,0.327,-0.443,-0.87,-1.07,-1.777,-1.956,-3.732,2526,1272,1254
1630553,Keon Johnson,2024,-1.294,0.103,-1.397,-0.341,0.022,-0.363,-1.222,-0.016,-1.206,0.166,0.013,0.153,-0.432,-0.092,-0.34,-0.646,0.569,0.569,-2.372,-1.803,0.0,-0.646,-0.081,-0.565,-0.646,-0.081,-0.565,-0.51,-0.191,-1.811,0.01,-1.821,-0.07,-0.085,0.015,-0.568,-0.147,-0.421,-1.183,-0.005,-1.178,-0.205,-0.187,-0.024,0.099,-0.06,-0.06,-1.917,-1.977,0.0,0.099,0.16,-0.061,0.099,0.16,-0.061,-1.583,-0.389,-3.106,0.113,-3.219,-0.411,-0.063,-0.348,-1.79,-0.163,-1.627,-1.018,0.008,-1.026,-0.637,-0.279,-0.364,-0.547,0.509,0.509,-3.78,0.0,-0.547,0.079,-0.626,-0.547,0.079,-0.626,-2.093,-0.58,-1.803,-1.977,-3.78,1948,972,976
202322,John Wall,2024,-1.75,0.099,-1.849,-0.572,0.021,-0.593,-0.591,0.183,-0.774,-0.686,0.005,-0.691,-0.286,0.319,-0.571,-0.658,-0.982,-0.982,-2.694,-3.676,0.0,-0.658,-0.041,-0.617,-0.658,-0.041,-0.617,-0.431,-0.524,0.461,-0.055,0.516,0.112,0.0,0.112,0.024,-0.073,0.097,0.38,-0.001,0.381,-0.067,-0.117,0.054,-0.117,-0.449,-0.449,0.277,-0.172,0.0,-0.117,0.123,-0.24,-0.117,0.123,-0.24,0.174,-0.003,-1.288,0.044,-1.332,-0.46,0.021,-0.481,-0.567,0.11,-0.677,-0.305,0.004,-0.309,-0.353,0.202,-0.518,-0.775,-1.431,-1.431,-3.848,0.0,-0.775,0.083,-0.858,-0.775,0.083,-0.858,-0.257,-0.528,-3.676,-0.172,-3.848,3104,1543,1561
1631097,Bennedict Mathurin,2024,-3.097,-0.183,-2.914,-2.296,0.239,-2.535,-1.172,0.103,-1.275,0.554,-0.012,0.566,0.796,0.654,0.156,-0.541,0.644,0.644,-2.842,-2.198,0.0,-0.541,0.127,-0.668,-0.541,0.127,-0.668,-4.769,-0.578,-0.511,-0.048,-0.463,-1.127,-0.166,-0.961,0.573,-0.124,0.697,0.091,0.006,0.085,-0.295,-0.472,0.125,0.225,-1.085,-1.085,-0.581,-1.666,0.0,0.225,0.056,0.169,0.225,0.056,0.169,0.592,-0.585,-3.609,-0.231,-3.378,-3.423,0.073,-3.496,-0.599,-0.021,-0.578,0.644,-0.006,0.65,0.501,0.182,0.282,-0.315,-0.441,-0.441,-3.864,0.001,-0.315,0.183,-0.498,-0.315,0.183,-0.498,-4.177,-1.163,-2.198,-1.666,-3.863,15723,7865,7858
203109,Jae Crowder,2024,-1.621,-0.087,-1.534,-0.682,-0.195,-0.487,-0.785,-0.118,-0.667,-0.067,0.014,-0.081,-0.324,-0.37,0.045,0.307,-0.76,-0.76,-1.638,-2.398,0.0,0.307,0.182,0.125,0.307,0.182,0.125,-0.186,-0.999,-2.261,0.04,-2.301,-0.629,-0.021,-0.608,-0.024,-0.038,0.014,-1.648,-0.0,-1.648,-0.153,0.013,-0.162,0.26,0.675,0.675,-2.154,-1.479,-0.0,0.26,0.065,0.195,0.26,0.065,0.195,-0.68,-0.103,-3.882,-0.047,-3.835,-1.311,-0.216,-1.095,-0.809,-0.156,-0.653,-1.715,0.014,-1.729,-0.477,-0.357,-0.117,0.566,-0.085,-0.085,-3.877,0.0,0.566,0.246,0.32,0.566,0.246,0.32,-0.866,-1.102,-2.398,-1.479,-3.877,6494,3245,3249
1626158,Richaun Holmes,2024,-1.705,-0.185,-1.52,0.584,0.003,0.581,-1.166,-0.257,-0.909,-0.938,-0.003,-0.935,-0.174,-0.18,0.028,-0.676,0.006,0.006,-2.555,-2.549,0.0,-0.676,-0.544,-0.132,-0.676,-0.544,-0.132,-2.195,0.274,-0.983,0.068,-1.051,0.051,0.109,-0.058,-0.577,0.043,-0.62,-0.525,-0.002,-0.523,-0.196,-0.314,0.135,-0.014,-0.184,-0.184,-1.193,-1.377,0.0,-0.014,0.014,-0.028,-0.014,0.014,-0.028,-0.352,0.326,-2.69,-0.117,-2.573,0.634,0.112,0.522,-1.743,-0.214,-1.529,-1.464,-0.005,-1.459,-0.37,-0.494,0.163,-0.69,-0.178,-0.178,-3.926,0.0,-0.69,-0.53,-0.16,-0.69,-0.53,-0.16,-2.546,0.6,-2.549,-1.377,-3.926,3701,1856,1845
1631133,Jabari Walker,2024,-1.994,-0.119,-1.875,0.211,0.168,0.043,-1.195,0.061,-1.256,-0.891,-0.012,-0.879,0.108,0.052,0.107,-0.571,0.472,0.472,-2.457,-1.985,-0.0,-0.571,0.189,-0.76,-0.571,0.189,-0.76,-2.365,0.283,-0.731,-0.09,-0.641,-0.283,-0.162,-0.121,-0.875,-0.236,-0.639,0.517,0.002,0.515,-0.422,-0.463,0.034,-0.141,-0.651,-0.651,-1.294,-1.945,0.0,-0.141,0.009,-0.15,-0.141,0.009,-0.15,0.419,-0.344,-2.725,-0.209,-2.516,-0.072,0.006,-0.078,-2.07,-0.175,-1.895,-0.374,-0.01,-0.364,-0.314,-0.41,0.141,-0.712,-0.179,-0.179,-3.93,-0.0,-0.712,0.198,-0.91,-0.712,0.198,-0.91,-1.947,-0.061,-1.985,-1.945,-3.93,9280,4654,4626
1629022,Lonnie Walker IV,2024,-0.441,0.08,-0.521,-0.206,0.037,-0.243,0.193,0.155,0.038,-0.508,0.016,-0.524,-0.762,-0.67,-0.093,-0.409,-0.964,-0.964,-1.612,-2.576,0.0,-0.409,-0.127,-0.282,-0.409,-0.127,-0.282,-1.366,-0.384,-0.869,0.038,-0.907,-0.605,0.016,-0.621,-0.468,-0.055,-0.413,0.166,0.004,0.162,-0.125,-0.258,0.153,-0.374,0.001,0.001,-1.368,-1.367,0.0,-0.374,-0.166,-0.208,-0.374,-0.166,-0.208,0.317,-0.283,-1.308,0.118,-1.426,-0.81,0.054,-0.864,-0.274,0.101,-0.375,-0.342,0.02,-0.362,-0.887,-0.928,0.06,-0.783,-0.963,-0.963,-3.943,0.0,-0.783,-0.293,-0.49,-0.783,-0.293,-0.49,-1.049,-0.668,-2.576,-1.367,-3.943,10221,5101,5120
202397,Ish Smith,2024,-1.144,0.054,-1.198,-0.125,0.166,-0.291,-0.206,-0.247,0.041,-0.867,-0.007,-0.86,-0.931,-0.736,-0.185,-0.333,-0.834,-0.834,-2.408,-3.242,0.0,-0.333,-0.2,-0.133,-0.333,-0.2,-0.133,0.063,0.555,-0.994,0.082,-1.076,-0.745,0.055,-0.8,0.088,-0.015,0.103,-0.419,-0.001,-0.418,-0.232,-0.239,0.018,-0.107,0.592,0.592,-1.333,-0.741,0.0,-0.107,-0.208,0.101,-0.107,-0.208,0.101,-0.582,-0.311,-2.14,0.136,-2.276,-0.871,0.22,-1.091,-0.118,-0.262,0.144,-1.287,-0.008,-1.279,-1.163,-0.975,-0.167,-0.44,-0.242,-0.242,-3.983,0.0,-0.44,-0.408,-0.032,-0.44,-0.408,-0.032,-0.52,0.245,-3.242,-0.741,-3.983,4635,2313,2322
203493,Reggie Bullock,2024,-1.077,0.122,-1.199,-0.56,-0.138,-0.422,0.439,0.16,0.279,-1.078,-0.012,-1.066,-0.11,-0.079,-0.043,0.159,-1.262,-1.262,-1.028,-2.29,0.0,0.159,0.053,0.106,0.159,0.053,0.106,-2.048,-0.789,-0.859,0.009,-0.868,-1.202,-0.138,-1.064,-0.028,0.043,-0.071,0.362,0.001,0.361,-0.142,-0.133,-0.008,-0.858,0.158,0.158,-1.859,-1.701,0.0,-0.858,-0.395,-0.463,-0.858,-0.395,-0.463,0.403,-0.474,-1.936,0.131,-2.067,-1.762,-0.276,-1.486,0.411,0.203,0.208,-0.716,-0.011,-0.705,-0.253,-0.212,-0.051,-0.699,-1.104,-1.104,-3.991,0.0,-0.699,-0.342,-0.357,-0.699,-0.342,-0.357,-1.645,-1.263,-2.29,-1.701,-3.991,10687,5346,5341
1641877,Nathan Mensah,2024,-2.621,-0.046,-2.575,-1.013,-0.122,-0.891,-0.195,-0.216,0.021,-1.367,0.007,-1.374,0.007,-0.076,0.075,-0.4,-0.228,-0.228,-3.014,-3.242,0.0,-0.4,-0.063,-0.337,-0.4,-0.063,-0.337,-3.841,-0.898,-0.271,-0.002,-0.269,-0.033,0.023,-0.056,-0.189,-0.065,-0.124,-0.047,-0.006,-0.041,-0.118,-0.165,0.058,0.13,-0.508,-0.508,-0.259,-0.767,0.0,0.13,0.038,0.092,0.13,0.038,0.092,-0.404,0.044,-2.892,-0.048,-2.844,-1.046,-0.099,-0.947,-0.385,-0.281,-0.104,-1.413,0.001,-1.414,-0.111,-0.241,0.133,-0.27,-0.735,-0.735,-4.009,0.0,-0.27,-0.025,-0.245,-0.27,-0.025,-0.245,-4.245,-0.854,-3.242,-0.767,-4.009,1217,610,607
1631223,David Roddy,2024,-1.622,0.024,-1.646,0.077,0.039,0.038,-0.1,0.042,-0.142,-1.623,-0.004,-1.619,-0.159,-0.089,-0.058,-0.614,-0.108,-0.108,-2.395,-2.503,0.0,-0.614,0.012,-0.626,-0.614,0.012,-0.626,-1.524,0.089,-0.664,0.083,-0.747,-0.292,-0.141,-0.151,-0.438,-0.208,-0.23,-0.017,0.002,-0.019,-0.024,0.026,-0.033,-0.429,-0.441,-0.441,-1.117,-1.558,0.0,-0.429,-0.346,-0.083,-0.429,-0.346,-0.083,-1.322,-0.36,-2.285,0.107,-2.392,-0.213,-0.101,-0.112,-0.539,-0.166,-0.373,-1.64,-0.002,-1.638,-0.183,-0.063,-0.092,-1.043,-0.549,-0.549,-4.061,0.0,-1.043,-0.334,-0.709,-1.043,-0.334,-0.709,-2.846,-0.271,-2.503,-1.558,-4.061,10278,5129,5149
1629308,Juan Toscano-Anderson,2024,-2.514,0.015,-2.529,0.049,0.07,-0.021,-0.337,-0.009,-0.328,-2.241,0.004,-2.245,-0.636,-0.21,-0.431,-0.469,-0.013,-0.013,-3.619,-3.632,-0.0,-0.469,-0.119,-0.35,-0.469,-0.119,-0.35,-2.75,-0.464,0.319,0.028,0.291,0.459,0.059,0.4,-0.19,-0.034,-0.156,0.022,0.0,0.022,-0.161,-0.182,0.016,-0.263,-0.342,-0.342,-0.105,-0.447,0.0,-0.263,-0.321,0.058,-0.263,-0.321,0.058,0.355,0.329,-2.194,0.043,-2.237,0.508,0.129,0.379,-0.527,-0.043,-0.484,-2.218,0.004,-2.222,-0.797,-0.392,-0.415,-0.731,-0.355,-0.355,-4.079,0.0,-0.731,-0.44,-0.291,-0.731,-0.44,-0.291,-2.395,-0.135,-3.632,-0.447,-4.079,3117,1548,1569
1630557,Corey Kispert,2024,0.489,-0.031,0.52,-0.511,0.17,-0.681,0.872,0.268,0.604,0.159,-0.001,0.16,-0.127,0.051,-0.176,-0.344,-1.315,-1.315,0.018,-1.297,0.0,-0.344,0.051,-0.395,-0.344,0.051,-0.395,0.83,-0.129,-1.326,0.06,-1.386,-1.038,-0.093,-0.945,-0.237,0.01,-0.247,-0.111,0.002,-0.113,-0.065,-0.058,-0.007,-1.122,-0.271,-0.271,-2.513,-2.784,0.0,-1.122,-0.233,-0.889,-1.122,-0.233,-0.889,-0.588,-0.453,-0.836,0.029,-0.865,-1.549,0.077,-1.626,0.636,0.278,0.358,0.048,0.001,0.047,-0.192,-0.008,-0.183,-1.466,-1.586,-1.586,-4.081,-0.0,-1.466,-0.182,-1.284,-1.466,-0.182,-1.284,0.242,-0.581,-1.297,-2.784,-4.081,17164,8600,8564
1629599,Amir Coffey,2024,-1.051,0.182,-1.233,-0.835,0.099,-0.934,0.037,-0.043,0.08,-0.435,-0.001,-0.434,0.149,-0.041,0.181,-0.427,-0.261,-0.261,-1.329,-1.59,-0.0,-0.427,0.309,-0.736,-0.427,0.309,-0.736,-2.193,-0.166,-1.421,0.028,-1.449,-0.51,-0.141,-0.369,-0.258,-0.063,-0.195,-0.681,0.002,-0.683,-0.11,-0.043,-0.074,-0.766,-0.209,-0.209,-2.297,-2.506,0.0,-0.766,-0.169,-0.597,-0.766,-0.169,-0.597,-1.589,-0.522,-2.472,0.21,-2.682,-1.345,-0.042,-1.303,-0.221,-0.106,-0.115,-1.116,0.001,-1.117,0.039,-0.084,0.106,-1.193,-0.471,-0.471,-4.096,-0.001,-1.193,0.141,-1.334,-1.193,0.141,-1.334,-3.782,-0.688,-1.59,-2.506,-4.097,8833,4413,4420
203926,Doug McDermott,2024,-0.216,0.105,-0.321,-0.07,-0.042,-0.028,-0.292,0.117,-0.409,0.041,0.006,0.035,-0.416,-0.124,-0.304,0.307,0.109,0.109,-0.325,-0.216,0.0,0.307,-0.241,0.548,0.307,-0.241,0.548,2.182,-0.103,-1.677,-0.191,-1.486,0.007,-0.048,0.055,-0.308,-0.046,-0.262,-1.185,-0.002,-1.183,-0.147,-0.288,0.154,-1.269,-0.842,-0.842,-3.093,-3.935,0.0,-1.269,-0.534,-0.735,-1.269,-0.534,-0.735,-0.927,0.229,-1.893,-0.086,-1.807,-0.063,-0.09,0.027,-0.6,0.071,-0.671,-1.144,0.004,-1.148,-0.562,-0.412,-0.15,-0.962,-0.733,-0.733,-4.151,0.0,-0.962,-0.774,-0.188,-0.962,-0.774,-0.188,1.255,0.125,-0.216,-3.935,-4.151,9442,4749,4693
1630625,Dalano Banton,2024,-2.217,-0.082,-2.135,0.24,0.14,0.1,-1.096,0.008,-1.104,-1.279,-0.005,-1.274,-0.301,-0.111,-0.24,-0.887,0.135,0.135,-3.405,-3.27,0.0,-0.887,-0.177,-0.71,-0.887,-0.177,-0.71,-1.078,0.382,-0.322,-0.114,-0.208,-0.057,-0.057,0.0,-0.179,-0.081,-0.098,0.028,0.001,0.027,-0.175,-0.145,-0.025,-0.324,-0.081,-0.081,-0.821,-0.902,-0.0,-0.324,0.012,-0.336,-0.324,0.012,-0.336,-0.969,-0.304,-2.537,-0.196,-2.341,0.185,0.084,0.101,-1.275,-0.073,-1.202,-1.251,-0.004,-1.247,-0.476,-0.257,-0.265,-1.211,0.053,0.053,-4.172,0.0,-1.211,-0.165,-1.046,-1.211,-0.165,-1.046,-2.047,0.078,-3.27,-0.902,-4.172,5263,2630,2633
1641718,Keyonte George,2024,-1.733,-0.04,-1.693,-1.346,-0.172,-1.174,0.265,0.044,0.221,-0.612,0.009,-0.621,0.678,0.477,0.201,-1.388,-0.455,-0.455,-2.443,-2.898,0.0,-1.388,-0.453,-0.935,-1.388,-0.453,-0.935,-2.664,-0.523,-1.101,0.015,-1.116,-0.336,-0.143,-0.193,0.025,-0.169,0.194,-0.805,-0.007,-0.798,0.305,0.281,0.039,-0.461,-0.114,-0.114,-1.257,-1.371,0.0,-0.461,-0.234,-0.227,-0.461,-0.234,-0.227,-2.637,-0.811,-2.834,-0.025,-2.809,-1.682,-0.315,-1.367,0.29,-0.125,0.415,-1.417,0.002,-1.419,0.984,0.757,0.24,-1.849,-0.569,-0.569,-4.269,0.0,-1.849,-0.687,-1.162,-1.849,-0.687,-1.162,-5.301,-1.334,-2.898,-1.371,-4.269,8292,4139,4153
1631104,Blake Wesley,2024,-1.741,0.015,-1.756,-0.411,0.142,-0.553,-0.578,0.075,-0.653,-0.767,-0.0,-0.767,-0.636,-0.258,-0.389,-0.039,-1.003,-1.003,-2.416,-3.419,0.0,-0.039,-0.718,0.679,-0.039,-0.718,0.679,0.585,0.452,-0.131,0.133,-0.264,0.289,-0.027,0.316,-0.425,-0.053,-0.372,-0.128,0.005,-0.133,-0.182,-0.14,-0.027,-0.497,-0.04,-0.04,-0.81,-0.85,0.0,-0.497,-0.395,-0.102,-0.497,-0.395,-0.102,1.082,0.24,-1.873,0.148,-2.021,-0.121,0.115,-0.236,-1.004,0.022,-1.026,-0.896,0.004,-0.9,-0.817,-0.398,-0.416,-0.536,-1.042,-1.042,-4.269,0.0,-0.536,-1.114,0.578,-0.536,-1.114,0.578,1.667,0.693,-3.419,-0.85,-4.269,6341,3162,3179
1641733,Nick Smith Jr.,2024,-1.936,0.01,-1.946,-1.355,-0.38,-0.975,-1.176,-0.223,-0.953,0.585,0.025,0.56,-0.307,-0.461,0.138,-0.172,-0.701,-0.701,-2.415,-3.116,0.0,-0.172,-0.209,0.037,-0.172,-0.209,0.037,-2.092,-1.649,-0.878,-0.004,-0.874,0.025,0.043,-0.018,-0.553,-0.037,-0.516,-0.346,-0.005,-0.341,-0.118,-0.174,0.078,-0.018,-0.188,-0.188,-1.014,-1.202,0.0,-0.018,0.074,-0.092,-0.018,0.074,-0.092,-0.833,0.181,-2.813,0.006,-2.819,-1.329,-0.337,-0.992,-1.729,-0.26,-1.469,0.239,0.02,0.219,-0.425,-0.635,0.216,-0.19,-0.889,-0.889,-4.318,0.0,-0.19,-0.135,-0.055,-0.19,-0.135,-0.055,-2.924,-1.469,-3.116,-1.202,-4.318,2868,1436,1432
1631103,Malaki Branham,2024,-0.862,-0.075,-0.787,-0.353,0.027,-0.38,-0.308,-0.235,-0.073,-0.126,-0.001,-0.125,-0.702,-0.615,-0.111,-0.497,-0.156,-0.156,-2.061,-2.217,0.0,-0.497,-0.724,0.227,-0.497,-0.724,0.227,-0.222,-0.186,-1.644,-0.031,-1.613,-0.084,-0.101,0.017,-1.087,0.072,-1.159,-0.442,0.007,-0.449,0.166,-0.018,0.191,-0.377,-0.267,-0.267,-1.855,-2.122,0.0,-0.377,-0.012,-0.365,-0.377,-0.012,-0.365,-0.546,-0.245,-2.506,-0.106,-2.4,-0.437,-0.074,-0.363,-1.395,-0.163,-1.232,-0.568,0.006,-0.574,-0.536,-0.633,0.079,-0.874,-0.423,-0.423,-4.339,0.0,-0.874,-0.736,-0.138,-0.874,-0.736,-0.138,-0.768,-0.431,-2.217,-2.122,-4.339,13089,6525,6564
1631095,Jabari Smith Jr.,2024,-3.394,0.051,-3.445,-0.759,0.107,-0.866,-1.6,-0.158,-1.442,-1.086,-0.002,-1.084,-0.346,-0.393,0.078,0.407,0.739,0.739,-3.333,-2.594,0.0,0.407,0.33,0.077,0.407,0.33,0.077,-2.49,-0.246,-0.044,-0.214,0.17,0.259,0.05,0.209,-0.383,-0.034,-0.349,0.294,-0.002,0.296,-0.021,0.159,-0.162,-1.08,-0.625,-0.625,-1.145,-1.77,0.0,-1.08,-0.587,-0.493,-1.08,-0.587,-0.493,-0.475,0.077,-3.438,-0.163,-3.275,-0.5,0.157,-0.657,-1.984,-0.192,-1.792,-0.791,-0.004,-0.787,-0.367,-0.234,-0.084,-0.673,0.114,0.114,-4.364,0.0,-0.673,-0.257,-0.416,-0.673,-0.257,-0.416,-2.965,-0.169,-2.594,-1.77,-4.364,19974,9976,9998
1631098,Johnny Davis,2024,-4.051,-0.233,-3.818,-1.23,0.007,-1.237,-0.837,-0.131,-0.706,-1.751,0.001,-1.752,-0.717,-0.532,-0.193,0.466,0.212,0.212,-4.302,-4.09,0.0,0.466,0.69,-0.224,0.466,0.69,-0.224,-3.105,-0.68,-0.18,0.028,-0.208,-0.714,-0.109,-0.605,-0.042,-0.086,0.044,0.548,0.005,0.543,-0.308,-0.501,0.187,0.005,0.16,0.16,-0.483,-0.323,-0.0,0.005,-0.309,0.314,0.005,-0.309,0.314,0.512,-0.646,-4.231,-0.205,-4.026,-1.944,-0.102,-1.842,-0.878,-0.217,-0.661,-1.204,0.006,-1.21,-1.025,-1.033,-0.006,0.472,0.372,0.372,-4.413,0.0,0.472,0.381,0.091,0.472,0.381,0.091,-2.593,-1.325,-4.09,-0.323,-4.413,4339,2172,2167
203648,Thanasis Antetokounmpo,2024,0.438,-0.118,0.556,-0.331,0.007,-0.338,0.824,0.167,0.657,0.063,0.015,0.048,-0.618,-0.417,-0.197,-1.299,-1.391,-1.391,-1.479,-2.87,0.0,-1.299,-0.553,-0.746,-1.299,-0.553,-0.746,-0.591,-0.47,-1.113,-0.136,-0.977,-0.135,0.055,-0.19,0.15,-0.109,0.259,-0.992,-0.004,-0.988,-0.171,-0.216,0.024,-0.279,-0.014,-0.014,-1.563,-1.577,0.0,-0.279,-0.197,-0.082,-0.279,-0.197,-0.082,-1.644,-0.133,-0.674,-0.254,-0.42,-0.464,0.063,-0.527,0.974,0.058,0.916,-0.93,0.011,-0.941,-0.789,-0.633,-0.173,-1.577,-1.405,-1.405,-4.447,0.0,-1.577,-0.75,-0.827,-1.577,-0.75,-0.827,-2.235,-0.604,-2.87,-1.577,-4.447,1505,747,758
1630201,Malachi Flynn,2024,-3.203,0.251,-3.454,-1.027,-0.099,-0.928,-0.722,0.058,-0.78,-1.705,0.01,-1.715,-0.199,0.141,-0.341,0.364,0.303,0.303,-3.038,-2.735,0.0,0.364,0.791,-0.427,0.364,0.791,-0.427,-2.123,-0.862,-1.175,-0.119,-1.056,-0.198,-0.002,-0.196,-0.338,0.081,-0.419,-0.52,0.002,-0.522,0.015,0.009,0.012,-0.015,-0.55,-0.55,-1.175,-1.725,0.0,-0.015,0.153,-0.168,-0.015,0.153,-0.168,-0.783,-0.042,-4.375,0.132,-4.507,-1.224,-0.1,-1.124,-1.059,0.14,-1.199,-2.224,0.013,-2.237,-0.184,0.15,-0.329,0.348,-0.247,-0.247,-4.46,0.0,0.348,0.944,-0.596,0.348,0.944,-0.596,-2.906,-0.904,-2.735,-1.725,-4.46,6214,3110,3104
1631093,Jaden Ivey,2024,-1.417,-0.043,-1.374,-0.281,0.193,-0.474,-0.826,0.038,-0.864,-0.267,-0.013,-0.254,0.13,0.23,-0.133,-0.692,-0.664,-0.664,-1.979,-2.643,0.0,-0.692,-0.304,-0.388,-0.692,-0.304,-0.388,-1.99,-0.105,-0.854,0.044,-0.898,-0.426,-0.04,-0.386,0.432,-0.027,0.459,-0.904,0.004,-0.908,-0.134,-0.209,0.059,-0.973,0.122,0.122,-1.961,-1.839,0.0,-0.973,-0.392,-0.581,-0.973,-0.392,-0.581,-1.01,-0.211,-2.27,0.001,-2.271,-0.706,0.153,-0.859,-0.394,0.011,-0.405,-1.171,-0.009,-1.162,-0.004,0.022,-0.074,-1.666,-0.542,-0.542,-4.482,-0.001,-1.666,-0.696,-0.97,-1.666,-0.696,-0.97,-3.001,-0.316,-2.643,-1.839,-4.483,18628,9317,9311
1630586,Usman Garuba,2024,-3.119,-0.253,-2.866,-1.879,-0.144,-1.735,0.027,0.167,-0.14,-1.014,0.001,-1.015,0.016,-0.049,0.083,-0.928,0.855,0.855,-4.031,-3.176,0.0,-0.928,-0.153,-0.775,-0.928,-0.153,-0.775,-1.659,-0.663,-1.615,-0.115,-1.5,-0.717,-0.022,-0.695,-0.068,-0.088,0.02,-0.715,-0.001,-0.714,-0.138,-0.171,0.052,0.057,0.351,0.351,-1.696,-1.345,0.0,0.057,-0.18,0.237,0.057,-0.18,0.237,-1.312,-0.365,-4.733,-0.368,-4.365,-2.596,-0.166,-2.43,-0.041,0.079,-0.12,-1.728,0.001,-1.729,-0.122,-0.22,0.135,-0.871,1.206,1.206,-4.521,0.0,-0.871,-0.333,-0.538,-0.871,-0.333,-0.538,-2.972,-1.028,-3.176,-1.345,-4.521,4015,1991,2024
1629643,Chuma Okeke,2024,-2.941,0.099,-3.04,-1.015,-0.275,-0.74,-1.03,0.097,-1.127,-0.995,0.016,-1.011,-0.126,0.19,-0.31,-0.664,0.425,0.425,-3.731,-3.306,0.0,-0.664,-0.032,-0.632,-0.664,-0.032,-0.632,-1.98,-0.939,-0.566,0.023,-0.589,-0.576,-0.071,-0.505,-0.737,-0.077,-0.66,0.724,0.0,0.724,-0.163,-0.004,-0.153,-0.741,0.235,0.235,-1.47,-1.235,-0.0,-0.741,-0.331,-0.41,-0.741,-0.331,-0.41,-0.163,-0.126,-3.508,0.122,-3.63,-1.592,-0.347,-1.245,-1.767,0.02,-1.787,-0.271,0.016,-0.287,-0.289,0.186,-0.463,-1.406,0.66,0.66,-4.541,0.0,-1.406,-0.363,-1.043,-1.406,-0.363,-1.043,-2.143,-1.065,-3.306,-1.235,-4.541,3805,1906,1899
203473,Dewayne Dedmon,2024,-2.826,-0.151,-2.675,-0.667,-0.175,-0.492,0.201,0.044,0.157,-2.209,0.007,-2.216,-0.325,-0.153,-0.195,-0.66,-0.437,-0.437,-3.811,-4.248,0.0,-0.66,-0.22,-0.44,-0.66,-0.22,-0.44,-2.869,-0.369,0.079,0.082,-0.003,0.227,0.029,0.198,-0.25,-0.02,-0.23,0.02,-0.003,0.023,-0.227,-0.224,-0.066,0.08,-0.236,-0.236,-0.068,-0.304,0.0,0.08,0.059,0.021,0.08,0.059,0.021,0.104,-0.17,-2.746,-0.069,-2.677,-0.44,-0.146,-0.294,-0.048,0.025,-0.073,-2.189,0.004,-2.193,-0.552,-0.377,-0.26,-0.58,-0.674,-0.674,-4.552,0.0,-0.58,-0.16,-0.42,-0.58,-0.16,-0.42,-2.765,-0.539,-4.248,-0.304,-4.552,1755,865,890
1630527,Brandon Boston Jr.,2024,-2.419,-0.119,-2.3,-1.029,-0.04,-0.989,-0.194,-0.115,-0.079,-1.077,0.006,-1.083,-0.526,-0.15,-0.397,0.074,-0.319,-0.319,-2.871,-3.19,0.0,0.074,0.491,-0.417,0.074,0.491,-0.417,-2.84,-0.318,-0.853,0.103,-0.956,-0.641,-0.081,-0.56,-0.331,-0.022,-0.309,0.016,-0.003,0.019,-0.042,0.094,-0.132,-0.288,-0.252,-0.252,-1.183,-1.435,0.0,-0.288,-0.029,-0.259,-0.288,-0.029,-0.259,-0.822,-0.332,-3.272,-0.016,-3.256,-1.67,-0.121,-1.549,-0.525,-0.137,-0.388,-1.061,0.003,-1.064,-0.569,-0.056,-0.529,-0.214,-0.57,-0.57,-4.625,-0.001,-0.214,0.462,-0.676,-0.214,0.462,-0.676,-3.662,-0.651,-3.19,-1.435,-4.626,2445,1223,1222
1630165,Killian Hayes,2024,-1.46,0.016,-1.476,0.193,-0.185,0.378,-1.005,-0.393,-0.612,-0.664,-0.005,-0.659,-0.714,-0.596,-0.132,-0.338,-0.86,-0.86,-2.512,-3.372,0.0,-0.338,-0.281,-0.057,-0.338,-0.281,-0.057,0.586,-0.03,-0.467,0.188,-0.655,-0.809,-0.018,-0.791,-0.276,-0.076,-0.2,0.43,0.003,0.427,-0.336,-0.305,-0.014,0.096,-0.558,-0.558,-0.707,-1.265,0.0,0.096,-0.105,0.201,0.096,-0.105,0.201,-0.161,-0.397,-1.927,0.204,-2.131,-0.616,-0.203,-0.413,-1.281,-0.469,-0.812,-0.234,-0.002,-0.232,-1.05,-0.901,-0.147,-0.242,-1.418,-1.418,-4.637,0.0,-0.242,-0.386,0.144,-0.242,-0.386,0.144,0.425,-0.426,-3.372,-1.265,-4.637,12913,6455,6458
1630703,Scoot Henderson,2024,-2.915,0.061,-2.976,-1.94,0.032,-1.972,-0.995,-0.083,-0.912,-0.041,0.0,-0.041,-0.081,-0.274,0.213,-0.529,1.29,1.29,-3.525,-2.235,0.0,-0.529,-0.352,-0.177,-0.529,-0.352,-0.177,-3.047,-0.958,-1.676,-0.081,-1.595,-1.266,-0.02,-1.246,-0.479,-0.155,-0.324,0.15,-0.007,0.157,-0.275,-0.145,-0.108,-0.255,-0.232,-0.232,-2.206,-2.438,0.0,-0.255,-0.175,-0.08,-0.255,-0.175,-0.08,-2.305,-0.827,-4.591,-0.02,-4.571,-3.206,0.011,-3.217,-1.474,-0.237,-1.237,0.109,-0.007,0.116,-0.356,-0.418,0.105,-0.785,1.058,1.058,-4.673,-0.001,-0.785,-0.528,-0.257,-0.785,-0.528,-0.257,-5.353,-1.785,-2.235,-2.438,-4.674,7104,3552,3552
203115,Will Barton,2024,-3.155,0.093,-3.248,-1.419,0.005,-1.424,-0.917,-0.114,-0.803,-0.912,0.008,-0.92,-0.628,-0.408,-0.19,-0.065,0.002,0.002,-3.848,-3.846,0.0,-0.065,-0.019,-0.046,-0.065,-0.019,-0.046,-2.793,-0.626,-0.797,0.047,-0.844,-0.112,-0.187,0.075,-0.479,-0.087,-0.392,-0.253,-0.001,-0.252,-0.411,-0.296,-0.108,0.345,0.024,0.024,-0.863,-0.839,0.0,0.345,0.103,0.242,0.345,0.103,0.242,-0.392,-0.499,-3.95,0.14,-4.09,-1.53,-0.181,-1.349,-1.395,-0.201,-1.194,-1.165,0.007,-1.172,-1.039,-0.704,-0.298,0.28,0.026,0.026,-4.685,0.0,0.28,0.084,0.196,0.28,0.084,0.196,-3.185,-1.125,-3.846,-0.839,-4.685,3996,1997,1999
1631121,Bryce McGowens,2024,-2.488,-0.114,-2.374,-0.613,0.147,-0.76,-0.636,-0.07,-0.566,-1.125,-0.003,-1.122,0.003,0.222,-0.238,-0.68,-0.849,-0.849,-3.165,-4.014,0.0,-0.68,-0.341,-0.339,-0.68,-0.341,-0.339,-2.648,-0.046,-0.352,0.255,-0.607,0.802,-0.058,0.86,-0.145,0.013,-0.158,-1.264,0.002,-1.266,0.061,0.118,-0.038,-0.021,-0.451,-0.451,-0.312,-0.763,0.0,-0.021,-0.213,0.192,-0.021,-0.213,0.192,-0.571,0.234,-2.839,0.141,-2.98,0.189,0.088,0.101,-0.78,-0.056,-0.724,-2.389,-0.001,-2.388,0.064,0.339,-0.276,-0.701,-1.299,-1.299,-4.777,0.0,-0.701,-0.554,-0.147,-0.701,-0.554,-0.147,-3.22,0.188,-4.014,-0.763,-4.777,6764,3380,3384
1630702,Jaden Hardy,2024,-1.779,-0.189,-1.59,-1.852,0.0,-1.852,-0.353,0.053,-0.406,0.615,-0.0,0.615,-0.499,-0.325,-0.171,-0.36,-0.338,-0.338,-2.638,-2.976,0.0,-0.36,-0.153,-0.207,-0.36,-0.153,-0.207,-0.463,-0.762,-0.751,-0.045,-0.706,0.119,0.088,0.031,-0.75,0.085,-0.835,-0.075,0.003,-0.078,-0.186,-0.142,-0.035,-0.414,-0.453,-0.453,-1.351,-1.804,0.0,-0.414,-0.332,-0.082,-0.414,-0.332,-0.082,0.185,0.039,-2.529,-0.234,-2.295,-1.732,0.088,-1.82,-1.103,0.138,-1.241,0.54,0.003,0.537,-0.685,-0.467,-0.205,-0.773,-0.791,-0.791,-4.78,0.0,-0.773,-0.485,-0.288,-0.773,-0.485,-0.288,-0.277,-0.722,-2.976,-1.804,-4.78,7285,3655,3630
203095,Evan Fournier,2024,-4.263,-0.113,-4.15,-1.06,-0.133,-0.927,-0.204,-0.063,-0.141,-2.886,0.004,-2.89,-0.091,-0.241,0.157,-0.549,-0.055,-0.055,-4.903,-4.958,0.0,-0.549,-0.328,-0.221,-0.549,-0.328,-0.221,-2.962,-0.741,0.134,-0.039,0.173,-0.471,0.044,-0.515,0.384,-0.1,0.484,0.26,-0.004,0.264,-0.249,-0.19,-0.053,0.52,-0.42,-0.42,0.405,-0.015,-0.0,0.52,0.341,0.179,0.52,0.341,0.179,-0.109,-0.124,-4.128,-0.152,-3.976,-1.531,-0.089,-1.442,0.18,-0.163,0.343,-2.625,0.001,-2.626,-0.34,-0.431,0.104,-0.029,-0.476,-0.476,-4.973,0.0,-0.029,0.013,-0.042,-0.029,0.013,-0.042,-3.072,-0.865,-4.958,-0.015,-4.973,4195,2094,2101
1630528,Josh Christopher,2024,-1.338,0.115,-1.453,-0.478,0.19,-0.668,0.011,-0.142,0.153,-0.986,0.007,-0.993,-0.342,-0.167,-0.167,-0.526,-0.145,-0.145,-2.206,-2.351,0.0,-0.526,-0.201,-0.325,-0.526,-0.201,-0.325,-3.365,-0.255,-1.552,-0.044,-1.508,-0.529,-0.084,-0.445,-0.095,-0.119,0.024,-0.884,-0.0,-0.884,-0.203,-0.066,-0.124,-0.281,-0.59,-0.59,-2.036,-2.626,0.0,-0.281,0.016,-0.297,-0.281,0.016,-0.297,-2.75,-0.627,-2.888,0.071,-2.959,-1.007,0.106,-1.113,-0.083,-0.26,0.177,-1.869,0.007,-1.876,-0.545,-0.233,-0.291,-0.807,-0.736,-0.736,-4.977,0.0,-0.807,-0.185,-0.622,-0.807,-0.185,-0.622,-6.115,-0.882,-2.351,-2.626,-4.977,3158,1578,1580
1629629,Cam Reddish,2024,-1.993,0.154,-2.147,-0.671,0.083,-0.754,-0.161,0.122,-0.283,-1.315,-0.003,-1.312,0.16,0.107,0.021,-0.549,-1.317,-1.317,-2.382,-3.699,0.0,-0.549,-0.398,-0.151,-0.549,-0.398,-0.151,-2.352,-0.12,-1.635,-0.038,-1.597,-0.306,-0.033,-0.273,-0.373,-0.06,-0.313,-0.918,-0.003,-0.915,-0.018,0.006,-0.036,0.651,-0.352,-0.352,-1.002,-1.354,0.0,0.651,0.561,0.09,0.651,0.561,0.09,-1.686,-0.077,-3.627,0.116,-3.743,-0.977,0.05,-1.027,-0.533,0.062,-0.595,-2.233,-0.006,-2.227,0.141,0.113,-0.015,0.103,-1.669,-1.669,-5.053,-0.001,0.103,0.162,-0.059,0.103,0.162,-0.059,-4.038,-0.197,-3.699,-1.354,-5.054,8162,4081,4081
203476,Gorgui Dieng,2024,-3.17,0.008,-3.178,-0.981,-0.142,-0.839,-0.598,-0.043,-0.555,-1.599,0.009,-1.608,-0.53,-0.283,-0.229,-0.4,0.56,0.56,-4.1,-3.54,0.0,-0.4,-0.292,-0.108,-0.4,-0.292,-0.108,-1.848,-0.621,-1.189,0.029,-1.218,-0.289,0.036,-0.325,-0.139,-0.059,-0.08,-0.79,-0.004,-0.786,0.001,-0.046,0.059,-0.443,0.074,0.074,-1.631,-1.557,0.0,-0.443,-0.174,-0.269,-0.443,-0.174,-0.269,-1.847,-0.262,-4.361,0.037,-4.398,-1.271,-0.106,-1.165,-0.738,-0.102,-0.636,-2.389,0.005,-2.394,-0.529,-0.33,-0.171,-0.843,0.634,0.634,-5.097,0.0,-0.843,-0.466,-0.377,-0.843,-0.466,-0.377,-3.695,-0.883,-3.54,-1.557,-5.097,1418,712,706
1630533,Ziaire Williams,2024,-2.159,0.281,-2.44,0.064,0.005,0.059,-0.807,-0.044,-0.763,-1.697,0.01,-1.707,-0.186,-0.061,-0.143,-0.682,-0.967,-0.967,-3.027,-3.994,-0.0,-0.682,-0.253,-0.429,-0.682,-0.253,-0.429,-1.374,0.135,-0.545,-0.141,-0.404,-0.339,-0.01,-0.329,-0.13,-0.089,-0.041,0.065,-0.001,0.066,-0.236,-0.285,0.037,0.07,-0.486,-0.486,-0.711,-1.197,0.0,0.07,-0.163,0.233,0.07,-0.163,0.233,-0.614,-0.384,-2.703,0.14,-2.843,-0.275,-0.005,-0.27,-0.936,-0.132,-0.804,-1.632,0.009,-1.641,-0.422,-0.346,-0.106,-0.612,-1.452,-1.452,-5.191,0.0,-0.612,-0.416,-0.196,-0.612,-0.416,-0.196,-1.988,-0.249,-3.994,-1.197,-5.191,6551,3265,3286
1627745,Damian Jones,2024,-2.881,-0.004,-2.877,-1.262,0.01,-1.272,-0.346,-0.094,-0.252,-1.269,0.002,-1.271,-0.674,-0.521,-0.148,-1.267,0.321,0.321,-4.822,-4.501,-0.0,-1.267,-0.622,-0.645,-1.267,-0.622,-0.645,-3.82,-0.624,-0.673,-0.062,-0.611,-0.105,0.047,-0.152,0.234,-0.007,0.241,-0.74,-0.001,-0.739,0.031,0.018,0.009,-0.302,0.086,0.086,-0.944,-0.858,0.0,-0.302,-0.13,-0.172,-0.302,-0.13,-0.172,-1.108,0.066,-3.555,-0.066,-3.489,-1.367,0.057,-1.424,-0.113,-0.101,-0.012,-2.009,0.001,-2.01,-0.643,-0.503,-0.139,-1.569,0.407,0.407,-5.359,-0.0,-1.569,-0.751,-0.818,-1.569,-0.751,-0.818,-4.929,-0.558,-4.501,-0.858,-5.359,3069,1538,1531
1630235,Trent Forrest,2024,-2.401,0.123,-2.524,-0.904,-0.063,-0.841,-0.327,-0.304,-0.023,-1.293,0.006,-1.299,-0.382,-0.312,-0.073,-0.562,-0.586,-0.586,-3.345,-3.931,-0.0,-0.562,-0.162,-0.4,-0.562,-0.162,-0.4,-0.16,-0.282,-1.634,-0.006,-1.628,-0.48,0.012,-0.492,-0.628,0.025,-0.653,-0.52,0.0,-0.52,-0.186,-0.085,-0.103,0.121,0.17,0.17,-1.699,-1.529,0.0,0.121,-0.012,0.133,0.121,-0.012,0.133,-1.25,-0.235,-4.035,0.117,-4.152,-1.384,-0.051,-1.333,-0.955,-0.279,-0.676,-1.813,0.006,-1.819,-0.567,-0.397,-0.176,-0.441,-0.416,-0.416,-5.46,-0.0,-0.441,-0.174,-0.267,-0.441,-0.174,-0.267,-1.411,-0.517,-3.931,-1.529,-5.46,2734,1362,1372
1630197,Aleksej Pokusevski,2024,-3.33,-0.112,-3.218,-0.482,0.163,-0.645,-1.217,0.129,-1.346,-1.519,0.008,-1.527,-0.438,-0.47,0.023,-0.673,0.391,0.391,-4.441,-4.05,0.0,-0.673,-0.288,-0.385,-0.673,-0.288,-0.385,-1.96,0.204,-1.088,0.011,-1.099,0.261,-0.021,0.282,-0.149,-0.048,-0.101,-1.211,-0.003,-1.208,0.073,0.092,-0.013,-0.396,-0.015,-0.015,-1.411,-1.426,0.0,-0.396,-0.162,-0.234,-0.396,-0.162,-0.234,-1.451,0.17,-4.418,-0.101,-4.317,-0.22,0.143,-0.363,-1.366,0.081,-1.447,-2.731,0.004,-2.735,-0.365,-0.378,0.01,-1.069,0.376,0.376,-5.476,0.0,-1.069,-0.45,-0.619,-1.069,-0.45,-0.619,-3.411,0.373,-4.05,-1.426,-5.476,4531,2257,2274
1641731,Bilal Coulibaly,2024,-2.151,-0.107,-2.044,-0.282,0.117,-0.399,-0.566,0.021,-0.587,-1.196,0.005,-1.201,-0.107,0.179,-0.244,-0.586,-0.851,-0.851,-2.844,-3.695,0.0,-0.586,-0.335,-0.251,-0.586,-0.335,-0.251,-2.337,0.121,-0.95,-0.08,-0.87,-0.168,-0.181,0.013,-0.827,-0.056,-0.771,0.125,0.006,0.119,-0.04,-0.16,0.129,0.148,-0.946,-0.946,-0.842,-1.788,-0.0,0.148,0.258,-0.11,0.148,0.258,-0.11,-0.497,-0.618,-3.102,-0.187,-2.915,-0.45,-0.064,-0.386,-1.394,-0.036,-1.358,-1.071,0.011,-1.082,-0.146,0.02,-0.115,-0.438,-1.797,-1.797,-5.483,0.0,-0.438,-0.077,-0.361,-0.438,-0.077,-0.361,-2.834,-0.497,-3.695,-1.788,-5.483,7181,3596,3585
1641711,Gradey Dick,2024,-2.157,0.069,-2.226,-0.285,0.088,-0.373,-0.552,0.197,-0.749,-1.389,0.013,-1.402,-0.257,-0.488,0.266,-0.872,-0.147,-0.147,-3.286,-3.433,0.0,-0.872,-1.108,0.236,-0.872,-1.108,0.236,0.395,0.402,-1.919,0.113,-2.032,-1.504,-0.031,-1.473,-0.415,-0.113,-0.302,-0.113,-0.007,-0.106,-0.215,-0.138,-0.059,0.261,-0.668,-0.668,-1.873,-2.541,0.0,0.261,0.509,-0.248,0.261,0.509,-0.248,-1.409,-0.655,-4.076,0.182,-4.258,-1.79,0.056,-1.846,-0.966,0.084,-1.05,-1.502,0.006,-1.508,-0.472,-0.626,0.207,-0.611,-0.815,-0.815,-5.974,0.0,-0.611,-0.599,-0.012,-0.611,-0.599,-0.012,-1.014,-0.253,-3.433,-2.541,-5.974,5209,2604,2605
1630164,James Wiseman,2024,-1.313,-0.063,-1.25,-0.171,-0.24,0.069,-0.564,-0.546,-0.018,-0.515,-0.003,-0.512,-0.338,-0.109,-0.235,-1.269,-0.044,-0.044,-2.92,-2.964,0.0,-1.269,-0.787,-0.482,-1.269,-0.787,-0.482,-1.427,-0.338,-1.941,-0.072,-1.869,-0.018,0.026,-0.044,-0.664,0.062,-0.726,-1.187,0.006,-1.193,-0.243,-0.348,0.122,-0.562,-0.675,-0.675,-2.746,-3.421,0.0,-0.562,-0.31,-0.252,-0.562,-0.31,-0.252,-2.727,-0.154,-3.256,-0.135,-3.121,-0.191,-0.215,0.024,-1.228,-0.484,-0.744,-1.702,0.003,-1.705,-0.582,-0.457,-0.113,-1.83,-0.719,-0.719,-6.385,-0.001,-1.83,-1.097,-0.733,-1.83,-1.097,-0.733,-4.154,-0.492,-2.964,-3.421,-6.386,8011,4001,4010
1629670,Jordan Nwora,2024,-2.079,-0.012,-2.067,-0.573,0.033,-0.606,-0.312,-0.155,-0.157,-1.182,-0.01,-1.172,-0.186,-0.169,-0.025,-0.852,-0.558,-0.558,-3.117,-3.675,0.0,-0.852,-0.165,-0.687,-0.852,-0.165,-0.687,-1.272,0.066,-2.414,-0.093,-2.321,-1.155,-0.224,-0.931,-0.502,-0.037,-0.465,-0.664,0.002,-0.666,-0.076,-0.161,0.084,-0.327,0.066,0.066,-2.817,-2.751,0.0,-0.327,-0.278,-0.049,-0.327,-0.278,-0.049,0.59,-0.469,-4.491,-0.105,-4.386,-1.728,-0.191,-1.537,-0.813,-0.192,-0.621,-1.845,-0.007,-1.838,-0.263,-0.33,0.059,-1.18,-0.492,-0.492,-6.426,0.0,-1.18,-0.443,-0.737,-1.18,-0.443,-0.737,-0.683,-0.403,-3.675,-2.751,-6.426,7909,3947,3962
