player_id,player_name,Latest_Year,oRIM_FREQ,oRIM_FG_PCT,oTHREE_FREQ,oTHREE_FG_PCT,oMIDRANGE_FREQ,oMIDRANGE_FG_PCT,oASSIST_POINTS,oALT_TS,oALT_EFG,oALT_FT,oALT_TOV,oALT_TOV_bp,oALT_TOV_sc,oSC,dRIM_FREQ,dRIM_FG_PCT,dTHREE_FREQ,dTHREE_FG_PCT,dMIDRANGE_FREQ,dMIDRANGE_FG_PCT,dASSIST_POINTS,dALT_TS,dALT_EFG,dALT_FT,dALT_TOV,dALT_TOV_bp,dALT_TOV_sc,dSC,oFC,dFC,off,def,net_rapm,RESID,possessions,off_poss,def_poss
2544,LeBron James,2020,3.280,3.770,1.580,0.720,-4.850,-0.400,2.540,5.440,5.440,-0.000,0.661,-0.026,0.687,-0.931,0.070,0.360,-0.430,0.100,0.390,-0.300,-0.360,0.670,0.460,0.210,0.656,0.205,0.451,0.864,6.101,1.326,5.170,2.190,7.360,0.000,36302,18159,18143
201939,Stephen Curry,2020,1.710,1.070,4.270,1.790,-5.980,1.570,4.140,5.940,5.080,0.860,0.385,-0.318,0.703,0.595,0.590,-0.550,-0.180,0.050,-0.410,0.480,0.420,-0.410,-0.480,0.070,0.438,0.008,0.430,0.222,6.325,0.028,6.920,0.250,7.170,0.000,21776,10932,10844
203081,Damian Lillard,2020,1.280,-0.270,2.900,0.420,-4.130,1.080,-2.480,5.020,2.950,2.070,1.040,-0.092,1.132,0.090,-0.220,0.360,0.660,0.190,-0.410,0.470,2.510,0.770,1.120,-0.350,-0.271,-0.439,0.168,-0.189,6.060,0.499,6.150,0.310,6.460,0.000,36274,18175,18099
202710,Jimmy Butler,2020,-0.130,1.360,-1.500,0.350,1.710,0.280,0.670,1.830,0.390,1.440,0.978,0.162,0.816,0.842,0.360,-0.410,-0.040,0.610,-0.290,0.540,1.680,1.970,1.530,0.440,0.465,0.596,-0.131,0.365,2.808,2.435,3.650,2.800,6.460,0.010,30118,15066,15052
101108,Chris Paul,2020,-3.360,0.570,2.830,0.940,0.530,2.700,1.850,3.280,3.320,-0.040,1.969,0.844,1.125,-0.539,0.720,0.150,-0.360,-0.000,-0.340,0.110,1.260,0.170,0.030,0.140,1.141,0.514,0.627,0.269,5.249,1.311,4.710,1.580,6.290,0.000,27823,13935,13888
203954,Joel Embiid,2020,-0.270,1.870,-2.710,-0.220,2.970,0.010,-2.690,2.540,0.940,1.600,-0.537,0.095,-0.632,0.377,2.310,1.610,0.090,0.750,-2.390,0.870,3.080,4.350,4.220,0.130,-0.686,-0.215,-0.471,0.136,2.003,3.664,2.380,3.800,6.180,0.000,25590,12837,12753
201935,James Harden,2020,1.840,0.540,4.980,0.170,-6.800,0.620,-2.810,5.740,3.330,2.410,0.254,0.052,0.202,-0.904,-1.040,-0.250,-0.180,0.330,1.210,0.760,0.860,0.500,0.410,0.090,0.843,0.677,0.166,-0.323,5.994,1.343,5.090,1.020,6.120,0.010,37536,18752,18784
203507,Giannis Antetokounmpo,2020,3.240,2.590,1.290,-0.480,-4.530,-1.230,1.260,2.140,1.900,0.240,0.319,0.538,-0.219,-0.399,0.900,2.050,-1.060,0.260,0.160,0.890,1.910,2.880,2.740,0.140,0.257,0.238,0.019,0.873,2.459,3.137,2.060,4.010,6.070,0.000,32123,16094,16029
201142,Kevin Durant,2020,-1.490,2.820,0.520,1.030,0.970,2.320,1.380,6.070,4.570,1.500,0.187,-0.257,0.444,-0.397,0.370,0.350,-0.100,0.300,-0.260,0.210,1.220,0.940,0.910,0.030,-0.521,-0.237,-0.284,-0.349,6.257,0.419,5.860,0.070,5.940,0.010,24814,12422,12392
202331,Paul George,2020,-0.340,0.360,2.640,0.480,-2.250,-0.160,-0.240,2.250,1.650,0.600,0.502,-0.048,0.550,0.328,-0.200,0.790,-0.380,0.010,0.600,0.470,2.280,0.670,0.710,-0.040,0.956,0.640,0.316,0.744,2.752,1.626,3.080,2.370,5.460,0.010,33272,16646,16626
1628369,Jayson Tatum,2020,1.040,-0.450,-1.230,0.910,0.110,0.200,-0.890,1.030,0.670,0.360,0.959,0.520,0.439,0.211,0.100,0.810,-0.170,1.020,0.110,0.960,1.810,2.410,2.150,0.260,0.387,0.270,0.117,0.203,1.989,2.797,2.200,3.000,5.200,0.000,34974,17535,17439
202689,Kemba Walker,2020,0.610,-0.780,1.270,1.100,-1.980,1.520,-0.320,3.660,2.870,0.790,1.406,0.515,0.891,-0.116,0.500,0.030,-0.450,-0.390,0.010,0.190,-1.220,0.160,-0.200,0.360,-0.411,-0.154,-0.257,0.231,5.066,-0.251,4.950,-0.020,4.930,-0.000,31926,15960,15966
203490,Otto Porter Jr.,2020,-1.260,0.760,-1.360,1.230,2.610,1.300,3.880,2.620,2.660,-0.040,0.948,0.594,0.354,-0.108,-0.240,0.090,-0.060,0.030,0.260,-0.280,1.020,-0.420,-0.600,0.180,1.105,0.769,0.336,0.625,3.568,0.685,3.460,1.310,4.770,0.000,18391,9215,9176
201950,Jrue Holiday,2020,3.780,1.340,-1.200,-0.050,-2.580,0.460,-0.140,1.940,2.000,-0.060,-0.042,-0.570,0.528,0.192,0.800,0.230,-1.260,0.330,0.470,0.810,0.090,2.290,1.950,0.340,0.414,0.272,0.142,-0.024,1.898,2.704,2.090,2.680,4.770,0.000,30906,15460,15446
203076,Anthony Davis,2020,2.080,1.910,-3.710,-0.310,1.630,-1.200,2.020,0.530,-0.510,1.040,-0.025,-0.372,0.347,0.955,0.750,0.380,-0.220,0.440,-0.540,0.420,1.630,1.600,1.420,0.180,0.556,0.362,0.194,0.864,0.505,2.156,1.460,3.020,4.480,0.000,31144,15603,15541
202695,Kawhi Leonard,2020,-3.330,1.810,-0.510,0.250,3.820,1.730,-2.480,2.460,1.700,0.760,0.930,0.673,0.257,-0.070,1.420,-0.090,-0.630,0.030,-0.800,0.010,-0.960,0.600,0.310,0.290,0.273,0.035,0.238,0.137,3.390,0.873,3.320,1.010,4.330,0.000,21876,10944,10932
200768,Kyle Lowry,2020,0.530,0.720,2.230,0.130,-2.720,1.120,2.440,2.030,1.220,0.810,0.434,-0.255,0.689,-0.334,1.040,0.120,-0.840,0.160,-0.200,-0.060,-0.480,0.550,0.460,0.090,1.154,0.260,0.894,0.286,2.464,1.704,2.130,1.990,4.120,0.000,33766,16898,16868
203552,Seth Curry,2020,-1.250,0.360,1.620,0.690,-0.340,0.610,1.170,2.180,1.730,0.450,0.653,-0.040,0.693,0.737,-0.200,0.080,0.530,0.330,-0.320,-0.040,0.420,1.200,1.020,0.180,-0.450,-0.659,0.209,-0.390,2.833,0.750,3.570,0.360,3.930,0.000,13895,6978,6917
1627783,Pascal Siakam,2020,1.070,0.800,-0.240,1.130,-0.850,-0.140,2.100,1.810,1.980,-0.170,0.185,0.362,-0.177,-0.235,1.050,0.490,-0.910,0.690,-0.140,0.410,0.680,1.270,1.350,-0.080,0.458,-0.014,0.472,0.382,1.995,1.728,1.760,2.110,3.870,-0.000,30709,15345,15364
201980,Danny Green,2020,-1.620,0.970,0.920,0.370,0.680,1.620,2.260,1.620,1.870,-0.250,-0.069,-0.172,0.103,0.959,-0.580,0.750,0.610,0.090,-0.020,0.350,0.930,0.680,0.590,0.090,0.351,0.199,0.152,0.309,1.551,1.031,2.510,1.340,3.850,-0.000,27811,13931,13880
203506,Victor Oladipo,2020,0.900,-0.240,-0.200,0.120,-0.660,1.340,-3.390,1.130,1.060,0.070,0.186,0.182,0.004,0.044,1.160,0.540,-1.770,0.190,0.610,0.600,1.370,1.270,1.120,0.150,1.041,0.608,0.433,0.159,1.316,2.311,1.360,2.470,3.830,0.000,18014,9017,8997
200794,Paul Millsap,2020,-0.540,0.080,-1.040,0.170,1.600,0.600,0.460,-0.450,-0.480,0.030,0.240,0.605,-0.365,1.580,0.340,0.300,-0.810,0.500,0.460,0.300,0.050,1.510,1.470,0.040,0.524,-0.012,0.536,0.306,-0.210,2.034,1.370,2.340,3.720,0.010,20484,10262,10222
1629056,Terence Davis,2020,1.360,-0.800,0.480,1.170,-1.850,-0.490,2.260,1.240,1.040,0.200,-0.337,-0.001,-0.336,2.277,1.010,0.480,-1.770,0.350,0.760,0.090,-0.930,0.640,1.170,-0.530,0.304,0.201,0.103,-0.434,0.903,0.944,3.180,0.510,3.690,-0.000,5310,2654,2656
1627936,Alex Caruso,2020,1.250,1.510,-0.370,-0.940,-0.880,-0.760,-0.090,0.600,0.150,0.450,-0.249,-0.036,-0.213,-0.111,-0.230,0.290,-0.210,1.110,0.440,0.170,3.020,2.100,2.370,-0.270,1.060,0.898,0.162,0.220,0.351,3.160,0.240,3.380,3.620,0.000,11342,5670,5672
204060,Joe Ingles,2020,1.620,-0.090,2.380,0.620,-4.010,-0.130,3.680,2.410,2.450,-0.040,-0.234,-0.390,0.156,-0.736,-0.420,0.710,1.440,0.240,-1.020,0.640,2.490,1.900,1.850,0.050,0.133,0.478,-0.345,0.047,2.176,2.033,1.440,2.080,3.520,0.000,31694,15869,15825
202696,Nikola Vucevic,2020,-1.040,0.980,-0.380,0.620,1.520,1.530,5.140,1.940,2.040,-0.100,0.585,-0.057,0.642,-0.545,0.800,-0.080,-0.090,-0.520,-0.680,-0.140,-1.270,0.020,-0.180,0.200,0.225,0.438,-0.213,1.275,2.525,0.245,1.980,1.520,3.500,0.000,26323,13180,13143
1626157,Karl-Anthony Towns,2020,0.460,0.870,0.940,0.610,-1.360,0.710,3.880,2.330,1.880,0.450,-0.025,0.235,-0.260,1.765,-0.500,0.160,0.740,-0.820,-0.220,0.230,-1.800,-0.240,-0.410,0.170,-0.192,-0.083,-0.109,-0.138,2.305,-0.432,4.070,-0.570,3.500,0.000,26484,13271,13213
201937,Ricky Rubio,2020,0.950,1.100,-1.410,-0.120,0.470,0.050,4.090,1.240,1.100,0.140,0.086,-0.290,0.376,-0.396,0.200,-0.170,0.610,-0.300,-0.810,0.240,1.690,0.370,0.180,0.190,1.490,0.435,1.055,0.680,1.326,1.860,0.930,2.540,3.470,0.000,25973,12983,12990
203999,Nikola Jokic,2020,0.360,0.700,-0.440,0.310,0.080,1.850,4.690,2.760,2.510,0.250,-0.710,-0.504,-0.206,0.650,1.050,-0.380,-0.680,-0.340,-0.370,0.280,-2.670,0.460,-0.120,0.580,-0.281,-0.064,-0.217,0.591,2.050,0.179,2.700,0.770,3.470,0.000,33055,16624,16431
201143,Al Horford,2020,-1.380,1.620,0.730,0.890,0.670,2.040,5.580,2.890,3.380,-0.490,-0.356,-0.339,-0.017,-0.964,-0.150,-0.230,0.610,0.320,-0.470,0.920,1.240,1.940,1.540,0.400,-0.259,-0.026,-0.233,0.109,2.534,1.681,1.570,1.790,3.360,-0.000,29092,14558,14534
1629130,Duncan Robinson,2020,-1.600,1.530,3.420,1.180,-1.830,0.310,6.300,3.370,3.540,-0.170,0.307,0.246,0.061,-0.617,1.000,-0.650,-1.600,0.100,0.580,0.330,-0.880,0.050,-0.030,0.080,-0.182,-0.144,-0.038,0.412,3.677,-0.132,3.060,0.280,3.330,-0.010,11730,5875,5855
202357,Nemanja Bjelica,2020,0.500,1.200,0.500,0.600,-1.010,0.540,2.180,1.990,2.250,-0.260,0.344,0.087,0.257,0.136,-0.580,-0.850,0.050,0.400,0.530,-0.260,-0.030,-0.470,-0.520,0.050,0.292,-0.040,0.332,1.028,2.334,-0.178,2.470,0.850,3.320,0.000,20789,10400,10389
201976,Patrick Beverley,2020,-1.270,-1.300,2.080,1.330,-0.780,-0.120,3.300,0.580,0.480,0.100,-0.040,0.042,-0.082,1.040,1.220,0.500,0.030,-0.020,-1.220,0.590,2.080,0.890,1.370,-0.480,0.780,0.208,0.572,-0.020,0.540,1.670,1.580,1.650,3.240,0.010,16787,8378,8409
204001,Kristaps Porzingis,2020,-0.940,0.030,-0.240,0.910,1.190,-0.070,1.470,1.120,0.680,0.440,0.483,0.603,-0.120,0.217,0.520,1.300,-1.470,-0.090,0.950,0.320,0.640,2.080,1.910,0.170,-0.767,0.005,-0.772,0.067,1.603,1.313,1.820,1.380,3.200,-0.000,13616,6822,6794
203496,Robert Covington,2020,0.260,0.340,2.870,-0.170,-3.120,-0.880,3.030,-0.730,-0.410,-0.320,-0.302,-0.302,-0.000,0.422,0.240,1.380,-0.140,0.290,-0.110,0.310,1.910,1.990,1.970,0.020,0.940,0.637,0.303,0.830,-1.032,2.930,-0.610,3.760,3.140,-0.010,26724,13360,13364
2403,Nene,2020,-1.450,-0.360,1.300,0.590,0.160,0.360,0.080,1.180,0.900,0.280,-0.015,-0.256,0.241,-0.065,0.670,0.020,-0.420,0.440,-0.240,0.180,2.710,1.360,1.770,-0.410,0.443,0.317,0.126,0.187,1.165,1.803,1.100,1.990,3.090,0.000,5811,2901,2910
1627750,Jamal Murray,2020,-0.710,0.510,0.010,1.220,0.710,1.470,2.990,3.410,2.930,0.480,0.863,0.482,0.381,-0.013,-0.250,-0.760,0.450,-0.380,-0.200,0.150,-0.600,-1.550,-1.520,-0.030,-0.599,-0.271,-0.328,0.959,4.273,-2.149,4.260,-1.190,3.070,0.000,31611,15839,15772
202703,Nikola Mirotic,2020,-0.590,1.120,1.600,0.170,-1.010,-0.630,2.100,0.760,0.550,0.210,0.588,0.292,0.296,0.812,-1.130,-0.010,0.530,0.390,0.610,0.300,0.880,1.100,0.680,0.420,-0.321,-0.001,-0.320,0.091,1.348,0.779,2.160,0.870,3.030,-0.000,13320,6668,6652
203500,Steven Adams,2020,-0.350,-0.170,-1.910,-0.210,2.320,1.020,-1.370,-0.390,-0.130,-0.260,-0.627,-0.557,-0.070,2.357,0.460,0.120,-0.890,0.410,0.420,-0.350,0.070,1.420,0.930,0.490,-0.572,-0.174,-0.398,0.822,-1.017,0.848,1.340,1.670,3.020,0.010,30446,15238,15208
202704,Reggie Jackson,2020,-0.640,-1.570,1.770,0.660,-1.090,1.400,-0.300,1.350,1.010,0.340,1.034,0.750,0.284,0.146,0.550,-0.480,-0.620,0.020,0.060,-0.130,-0.670,0.250,-0.130,0.380,0.310,0.093,0.217,-0.070,2.384,0.560,2.530,0.490,3.020,-0.000,17602,8789,8813
203482,Kelly Olynyk,2020,-0.440,0.970,3.340,1.490,-2.880,-0.310,5.750,2.940,3.090,-0.150,-0.127,-0.183,0.056,0.117,0.520,0.160,-1.280,-0.360,0.770,-0.030,-0.500,-0.650,-0.550,-0.100,0.883,0.540,0.343,-0.243,2.813,0.233,2.930,-0.010,2.920,0.000,20639,10353,10286
203110,Draymond Green,2020,-0.760,2.250,1.910,0.820,-1.140,0.320,7.110,2.170,1.980,0.190,-0.634,-1.133,0.499,-1.486,2.140,0.900,-1.750,-0.060,-0.400,0.650,-0.290,2.100,1.930,0.170,0.463,0.010,0.453,0.227,1.536,2.563,0.050,2.790,2.840,-0.000,28715,14359,14356
201569,Eric Gordon,2020,0.920,0.590,4.320,-0.240,-5.250,-0.080,0.880,2.200,1.560,0.640,0.905,0.491,0.414,-0.455,-0.700,-0.420,0.220,0.440,0.480,0.770,1.290,0.990,0.810,0.180,-0.425,-0.354,-0.071,-0.485,3.105,0.565,2.650,0.080,2.720,-0.010,26817,13419,13398
203114,Khris Middleton,2020,-1.720,0.590,-1.500,0.860,3.230,2.000,-0.180,2.110,1.740,0.370,0.840,0.606,0.234,-0.860,-0.290,0.960,-0.220,-0.200,0.510,0.070,0.460,-0.090,0.040,-0.130,0.554,0.513,0.041,0.056,2.950,0.464,2.090,0.520,2.610,0.000,33242,16675,16567
201588,George Hill,2020,-0.270,0.700,-0.300,0.550,0.560,-0.000,-0.590,1.220,0.990,0.230,0.263,0.184,0.079,0.627,0.980,0.570,-0.910,-0.360,-0.010,0.360,0.120,0.290,0.290,0.000,-0.046,0.041,-0.087,0.166,1.483,0.244,2.110,0.410,2.520,-0.000,21765,10880,10885
203497,Rudy Gobert,2020,1.970,0.450,-0.510,0.470,-1.440,-0.270,-1.190,0.600,0.590,0.010,-0.992,-0.589,-0.403,0.552,2.320,0.710,0.610,-0.360,-2.940,0.480,1.250,2.200,1.610,0.590,-0.329,-0.203,-0.126,0.489,-0.392,1.871,0.160,2.360,2.520,0.000,30130,15078,15052
1627826,Ivica Zubac,2020,0.370,-1.100,-2.460,0.280,2.060,-0.270,0.010,-1.270,-1.080,-0.190,-0.471,-0.455,-0.016,0.581,1.260,0.990,-0.100,0.420,-1.150,0.250,0.780,2.480,2.120,0.360,-0.191,0.132,-0.323,1.371,-1.741,2.289,-1.160,3.660,2.510,0.010,12841,6415,6426
2738,Andre Iguodala,2020,-1.030,1.160,1.320,0.050,-0.300,-0.160,0.480,0.960,0.370,0.590,0.167,-0.112,0.279,-0.617,1.240,0.720,0.020,0.380,-1.260,0.420,2.210,1.300,1.450,-0.150,0.539,0.221,0.318,0.141,1.127,1.839,0.510,1.980,2.490,0.000,19672,9842,9830
202722,Davis Bertans,2020,-0.790,0.630,2.890,1.500,-2.040,0.480,3.940,3.550,3.210,0.340,0.302,-0.011,0.313,-1.082,0.460,0.690,0.200,-0.550,-0.640,-0.780,0.930,-0.270,-0.440,0.170,-0.096,-0.415,0.319,0.016,3.852,-0.366,2.770,-0.350,2.420,0.000,18177,9104,9073
1627832,Fred VanVleet,2020,1.380,-1.090,1.140,0.390,-2.520,-0.450,-0.240,0.340,-0.070,0.410,0.447,0.481,-0.034,0.313,0.600,0.900,-0.320,0.460,-0.300,0.220,0.280,1.080,1.070,0.010,0.527,0.136,0.391,-0.307,0.787,1.607,1.100,1.300,2.400,-0.000,24656,12319,12337
101141,Ersan Ilyasova,2020,0.860,-0.840,1.130,0.020,-2.000,0.140,2.250,0.040,0.120,-0.080,0.562,-0.039,0.601,0.858,1.370,0.570,-1.020,-0.570,-0.350,0.060,-0.980,-0.720,-0.690,-0.030,0.715,-0.095,0.810,0.945,0.602,-0.005,1.460,0.940,2.400,0.000,18000,8974,9026
1628978,Donte DiVincenzo,2020,0.570,-0.050,1.170,-0.010,-1.730,-0.130,-0.140,0.130,0.190,-0.060,-0.281,0.023,-0.304,0.471,0.150,0.700,-0.610,0.500,0.460,0.120,1.640,0.980,1.140,-0.160,0.519,0.191,0.328,0.551,-0.151,1.499,0.320,2.050,2.370,0.000,8972,4485,4487
2736,Luol Deng,2020,0.560,0.140,-0.100,0.160,-0.470,-0.190,1.580,0.760,0.740,0.020,0.482,0.204,0.278,0.518,0.170,-0.100,-0.580,0.250,0.410,0.200,0.470,0.710,0.730,-0.020,-0.078,0.070,-0.148,-0.052,1.242,0.632,1.760,0.580,2.340,0.000,1642,821,821
1626220,Royce O'Neale,2020,1.020,-0.540,1.640,0.250,-2.680,-0.140,0.500,0.580,0.570,0.010,-0.296,0.039,-0.335,-0.234,0.300,1.030,0.500,0.460,-0.810,-0.020,3.810,1.900,1.770,0.130,-0.564,-0.198,-0.366,0.894,0.284,1.336,0.050,2.230,2.280,-0.000,22082,10995,11087
201572,Brook Lopez,2020,-0.340,1.200,1.760,-0.010,-1.430,0.360,1.220,0.590,0.900,-0.310,-0.071,-0.045,-0.026,-0.569,3.330,1.400,-0.800,-0.430,-2.540,0.280,-2.590,3.150,2.020,1.130,-1.123,-0.389,-0.734,0.273,0.519,2.027,-0.050,2.300,2.250,0.000,27235,13671,13564
202339,Eric Bledsoe,2020,2.580,1.670,-0.570,-0.130,-2.000,0.040,-0.580,1.780,1.580,0.200,0.385,0.116,0.269,-0.325,-0.080,1.100,-0.160,-0.300,0.240,0.180,-0.250,0.400,0.260,0.140,0.589,0.712,-0.123,-0.609,2.165,0.989,1.840,0.380,2.220,0.000,28556,14295,14261
1628988,Aaron Holiday,2020,0.010,0.420,-0.300,0.750,0.300,0.130,2.820,0.700,1.290,-0.590,0.569,0.578,-0.009,0.661,-0.110,0.260,-0.170,0.610,0.280,0.150,0.540,1.430,1.420,0.010,-0.478,-0.208,-0.270,-0.722,1.269,0.952,1.930,0.230,2.160,0.000,9446,4734,4712
1627751,Jakob Poeltl,2020,0.050,0.080,-1.520,0.410,1.540,0.700,2.040,-0.080,0.570,-0.650,0.535,0.224,0.311,1.565,-0.830,1.060,0.640,-0.410,0.240,-0.560,-0.360,0.230,-0.060,0.290,-0.029,0.114,-0.143,-0.071,0.455,0.201,2.020,0.130,2.150,0.000,16590,8293,8297
1626172,Kevon Looney,2020,-0.900,-0.160,-1.010,0.250,1.910,-0.550,-1.420,-1.420,-1.340,-0.080,0.275,0.040,0.235,2.305,0.680,0.370,-0.510,0.310,-0.180,0.180,0.230,0.480,0.750,-0.270,-0.292,-0.213,-0.079,0.772,-1.145,0.188,1.160,0.960,2.120,0.000,13514,6732,6782
203526,Raul Neto,2020,0.920,0.590,-0.770,0.350,-0.160,-0.540,0.240,0.870,1.010,-0.140,-0.645,-0.477,-0.168,0.425,0.070,0.380,0.650,0.500,-0.720,0.270,2.090,1.210,1.330,-0.120,0.042,-0.145,0.187,0.218,0.225,1.252,0.650,1.470,2.120,0.000,7006,3501,3505
202685,Jonas Valanciunas,2020,-1.100,-0.060,-1.530,0.330,2.600,0.990,0.380,0.550,0.760,-0.210,-0.723,-0.494,-0.229,1.773,2.530,0.550,0.940,-0.160,-3.400,0.160,0.050,1.640,1.130,0.510,-1.684,-0.561,-1.123,0.514,-0.173,-0.044,1.600,0.470,2.070,-0.000,19768,9885,9883
1628401,Derrick White,2020,0.580,0.270,-1.800,-0.030,1.260,1.370,0.660,1.830,1.220,0.610,0.290,0.138,0.152,-1.460,1.380,0.490,-1.670,-0.160,0.320,0.270,-1.310,1.430,1.320,0.110,-0.189,-0.247,0.058,0.149,2.120,1.241,0.660,1.390,2.050,0.000,14923,7464,7459
200746,LaMarcus Aldridge,2020,-2.220,0.670,-3.520,0.260,5.800,0.400,-1.080,-1.100,-1.360,0.260,0.559,0.371,0.188,0.931,2.150,0.390,0.060,-0.220,-2.190,-0.360,-0.290,1.320,0.910,0.410,-0.751,-0.213,-0.538,1.071,-0.541,0.569,0.390,1.640,2.030,0.000,28851,14433,14418
203471,Dennis Schroder,2020,0.770,-0.330,-0.800,-0.280,-0.010,0.330,-1.970,1.130,0.470,0.660,0.441,0.211,0.230,-0.611,-1.480,0.490,1.060,0.460,0.400,-0.340,0.510,0.470,0.290,0.180,0.862,0.032,0.830,-0.292,1.571,1.332,0.960,1.040,2.000,0.000,27302,13649,13653
201988,Patty Mills,2020,-1.440,0.980,2.290,0.310,-0.980,-0.330,0.630,1.340,0.660,0.680,1.028,0.220,0.808,0.642,-0.190,-0.510,-0.410,0.390,0.500,-0.110,0.110,-0.540,-0.650,0.110,0.034,-0.185,0.219,-0.524,2.368,-0.506,3.010,-1.030,1.980,0.000,23335,11693,11642
1628389,Bam Adebayo,2020,-0.370,0.540,-0.990,0.480,1.370,0.250,2.420,1.170,1.290,-0.120,-0.412,-0.062,-0.350,-0.518,0.910,-0.270,-0.770,0.320,-0.140,0.450,1.140,1.370,1.270,0.100,-0.065,0.007,-0.072,0.425,0.758,1.305,0.240,1.730,1.980,0.010,25377,12667,12710
203939,Dwight Powell,2020,-0.580,1.430,0.620,0.790,-0.010,-0.020,2.760,1.430,1.380,0.050,0.135,-0.451,0.586,0.675,1.350,-0.310,-0.940,-0.130,-0.400,-0.550,-1.270,-0.430,-0.700,0.270,-0.200,-0.442,0.242,0.300,1.565,-0.630,2.240,-0.330,1.900,-0.010,16638,8314,8324
201609,Goran Dragic,2020,0.340,0.600,-0.250,0.100,-0.100,-0.250,-0.640,0.890,0.450,0.440,0.366,0.564,-0.198,-0.026,-0.360,-0.070,0.850,0.070,-0.500,0.850,1.140,0.510,0.860,-0.350,0.285,-0.008,0.293,-0.135,1.256,0.795,1.230,0.660,1.900,0.010,22562,11301,11261
1626159,Justise Winslow,2020,0.760,0.340,-0.050,0.340,-0.720,-1.520,0.220,-0.880,-0.540,-0.340,-0.154,-0.255,0.101,0.244,0.880,0.910,-0.350,0.550,-0.540,-0.220,2.590,1.520,1.480,0.040,0.200,-0.084,0.284,0.970,-1.034,1.720,-0.790,2.690,1.890,-0.010,16229,8087,8142
201144,Mike Conley,2020,-0.930,-0.060,-0.120,-0.040,1.060,0.170,-1.070,0.720,-0.090,0.810,0.859,0.736,0.123,0.171,0.230,-0.230,-0.620,-0.170,0.380,0.170,0.510,-0.400,-0.180,-0.220,0.968,0.371,0.597,-0.468,1.579,0.568,1.750,0.100,1.850,0.000,16303,8159,8144
1626145,Tyus Jones,2020,-1.820,0.770,-0.980,-0.400,2.780,0.570,2.260,0.500,0.110,0.390,1.153,0.813,0.340,-0.343,-1.140,-0.370,0.760,-0.240,0.360,0.200,-0.120,-0.240,-0.480,0.240,0.524,0.253,0.271,0.226,1.653,0.284,1.310,0.510,1.820,0.000,16913,8459,8454
1629630,Ja Morant,2020,1.630,0.290,-1.800,-0.130,0.050,0.620,-1.240,0.730,0.500,0.230,-0.559,-0.281,-0.278,0.679,0.580,0.300,-0.790,0.430,0.270,0.080,0.510,1.810,1.640,0.170,-0.303,-0.077,-0.226,-0.547,0.171,1.507,0.850,0.960,1.810,0.000,8934,4469,4465
1626174,Christian Wood,2020,2.750,0.030,-1.020,0.260,-1.740,-0.120,1.120,1.290,1.000,0.290,-0.489,-0.585,0.096,1.109,0.420,0.030,0.310,0.030,-0.720,-0.160,0.160,0.500,0.400,0.100,-0.306,0.141,-0.447,-0.304,0.801,0.194,1.910,-0.110,1.800,0.000,6235,3113,3122
203460,Andre Roberson,2020,0.540,0.220,-1.640,-0.870,1.120,-0.820,-1.540,-3.140,-2.560,-0.580,-0.093,0.027,-0.120,1.643,0.840,-0.090,-1.190,0.510,0.350,0.230,0.890,0.790,0.880,-0.090,1.525,0.820,0.705,1.005,-3.233,2.315,-1.590,3.320,1.730,0.000,4303,2141,2162
203935,Marcus Smart,2020,-0.530,0.750,2.470,-1.190,-1.980,-0.100,0.930,0.170,-0.160,0.330,0.171,-0.116,0.287,-0.421,0.820,0.290,-0.770,0.780,-0.020,0.090,1.560,1.380,1.500,-0.120,0.972,0.655,0.317,-0.562,0.341,2.352,-0.080,1.790,1.710,0.000,27351,13648,13703
203962,Josh Huestis,2020,0.000,0.240,0.070,0.110,-0.060,-0.360,-0.740,0.390,0.760,-0.370,0.523,0.209,0.314,0.587,0.080,0.520,-0.340,-0.150,0.260,0.380,-0.080,1.120,1.030,0.090,-0.421,-0.048,-0.373,-0.479,0.913,0.699,1.500,0.220,1.710,-0.010,3849,1922,1927
2594,Kyle Korver,2020,-0.880,1.280,2.910,0.130,-2.020,-0.060,3.120,1.440,1.260,0.180,-0.325,-0.025,-0.300,-0.385,-0.200,1.080,0.230,0.320,-0.050,0.290,0.560,1.740,1.700,0.040,-0.419,-0.531,0.112,-0.391,1.115,1.321,0.730,0.930,1.660,0.000,18355,9243,9112
202330,Gordon Hayward,2020,-0.550,0.580,0.050,0.410,0.570,0.730,2.890,2.390,1.980,0.410,0.155,0.638,-0.483,-0.325,-0.750,0.420,0.270,-0.160,0.450,-0.790,1.380,-0.550,-0.480,-0.070,0.522,0.372,0.150,-0.532,2.545,-0.028,2.220,-0.560,1.660,0.000,16471,8257,8214
201936,Tyreke Evans,2020,3.890,-1.770,-0.660,0.200,-3.230,0.080,-1.540,0.760,0.570,0.190,0.094,-0.046,0.140,-0.014,0.000,0.210,-0.350,0.130,0.330,0.670,1.040,0.650,0.920,-0.270,-0.084,-0.151,0.067,0.174,0.854,0.566,0.840,0.740,1.580,0.000,11752,5863,5889
1629640,Keldon Johnson,2020,0.140,0.180,-0.890,0.630,0.750,-0.260,0.730,1.660,1.440,0.220,-0.259,0.243,-0.502,0.019,-0.620,-0.240,-0.050,0.160,0.670,-0.010,0.060,-0.170,0.070,-0.240,0.048,0.287,-0.239,0.272,1.401,-0.122,1.420,0.150,1.570,0.000,1304,647,657
203925,Joe Harris,2020,2.690,-0.120,1.270,0.770,-3.950,0.160,4.300,2.150,2.130,0.020,-0.484,-0.071,-0.413,0.264,0.830,-0.110,0.870,0.060,-1.700,-0.270,1.880,0.020,0.180,-0.160,-0.932,-0.451,-0.481,0.512,1.666,-0.912,1.930,-0.400,1.540,0.010,26929,13498,13431
101150,Lou Williams,2020,1.730,1.080,-1.440,-0.190,-0.250,0.410,-1.850,2.800,1.240,1.560,0.842,-0.147,0.989,-0.162,-0.560,-0.220,0.470,0.350,0.140,-0.000,-0.060,0.060,0.210,-0.150,-0.446,-0.221,-0.225,-1.564,3.642,-0.386,3.480,-1.950,1.540,0.010,28009,14120,13889
201933,Blake Griffin,2020,0.270,-0.650,2.880,0.090,-3.170,-0.520,-1.010,1.500,0.810,0.690,0.103,0.191,-0.088,-0.653,0.230,-0.850,-0.400,0.350,0.190,0.330,0.810,0.440,0.470,-0.030,-0.078,-0.191,0.113,0.198,1.603,0.362,0.950,0.560,1.510,0.000,19917,9976,9941
202397,Ish Smith,2020,0.040,-0.760,-0.670,0.140,0.560,-0.070,-0.140,-0.500,-0.010,-0.490,1.815,1.100,0.715,0.655,-0.540,0.280,0.370,0.280,0.160,-0.530,0.140,-0.130,0.340,-0.470,-0.354,-0.168,-0.186,0.014,1.315,-0.484,1.970,-0.470,1.500,0.000,20577,10296,10281
203994,Jusuf Nurkic,2020,1.020,0.380,-3.510,-0.340,2.440,-0.340,1.640,-0.680,-0.530,-0.150,-0.206,-0.350,0.144,-0.094,0.790,0.780,0.900,-0.260,-1.690,-0.080,0.670,1.270,0.810,0.460,0.267,0.063,0.204,0.923,-0.886,1.537,-0.980,2.460,1.480,0.000,18482,9247,9235
202954,Brad Wanamaker,2020,1.130,-0.500,-1.450,-0.140,0.340,0.280,-1.990,0.880,0.440,0.440,0.166,0.448,-0.282,-0.066,0.160,0.310,-0.570,0.730,0.420,-0.060,1.260,1.360,1.530,-0.170,-0.306,-0.236,-0.070,-0.564,1.046,1.054,0.980,0.490,1.470,0.000,8052,4023,4029
203107,Tomas Satoransky,2020,-0.120,0.170,0.870,-0.430,-0.740,0.600,3.170,0.570,0.710,-0.140,-0.715,-0.551,-0.164,0.285,-1.600,-0.760,0.640,0.610,0.970,0.090,0.860,0.090,0.030,0.060,0.949,0.487,0.462,0.281,-0.145,1.039,0.140,1.320,1.460,0.000,22702,11373,11329
201568,Danilo Gallinari,2020,-0.080,-0.210,-0.230,1.200,0.190,0.210,-0.040,3.330,1.910,1.420,0.520,0.459,0.061,-1.110,-0.120,-0.360,0.290,-0.510,-0.310,-0.340,-1.440,-1.130,-1.390,0.260,-0.601,-0.632,0.031,0.391,3.850,-1.731,2.740,-1.340,1.400,-0.000,20115,10094,10021
200755,JJ Redick,2020,-1.870,0.880,3.050,1.230,-1.180,0.570,4.040,3.450,2.460,0.990,-0.393,-0.046,-0.347,-0.517,-0.200,0.600,0.240,0.340,-0.050,-0.140,0.470,-0.110,-0.010,-0.100,-0.628,-0.431,-0.197,-0.432,3.057,-0.738,2.540,-1.170,1.380,0.010,27979,14029,13950
1629752,Juwan Morgan,2020,0.280,0.130,0.210,0.080,-0.490,0.130,0.180,0.290,0.550,-0.260,0.111,-0.017,0.128,0.839,-0.100,-0.030,-0.190,0.230,0.290,0.090,0.840,0.440,0.630,-0.190,-0.145,-0.117,-0.028,-0.165,0.401,0.295,1.240,0.130,1.370,0.000,889,448,441
201567,Kevin Love,2020,-0.530,1.110,1.800,0.780,-1.260,-0.680,2.190,2.420,1.920,0.500,-0.981,-1.089,0.108,0.351,-0.900,-1.340,0.180,-0.330,0.660,-0.010,-2.060,-0.540,-1.190,0.650,-0.288,-0.035,-0.253,0.408,1.439,-0.828,1.790,-0.420,1.360,-0.010,18419,9244,9175
1629690,Adam Mokoka,2020,0.270,-0.380,0.250,0.300,-0.520,0.140,-0.040,0.930,0.920,0.010,0.176,0.169,0.007,0.554,-0.130,-0.080,-0.150,-0.030,0.280,-0.050,-0.200,-0.320,-0.130,-0.190,0.160,0.024,0.136,-0.150,1.106,-0.160,1.660,-0.310,1.350,0.000,441,220,221
1627827,Dorian Finney-Smith,2020,-0.710,1.040,2.550,-0.900,-1.830,-0.250,0.400,-0.840,-0.880,0.040,0.223,0.421,-0.198,0.697,-0.150,-0.070,0.320,0.640,-0.140,0.370,1.680,1.630,1.450,0.180,-0.198,0.063,-0.261,-0.192,-0.617,1.432,0.080,1.240,1.320,0.000,18945,9440,9505
1629627,Zion Williamson,2020,3.650,0.310,-1.360,-0.100,-2.280,-0.260,2.600,1.070,0.970,0.100,-0.751,-0.637,-0.114,1.151,-0.360,-0.190,-0.370,0.210,0.720,0.010,0.260,0.070,0.030,0.040,-0.069,0.052,-0.121,-0.161,0.319,0.001,1.470,-0.160,1.320,0.010,2895,1449,1446
203468,CJ McCollum,2020,-2.750,-0.080,-1.180,1.200,3.990,1.470,-0.800,1.580,2.070,-0.490,1.407,1.078,0.329,-0.537,-0.150,0.470,1.520,-0.740,-1.340,0.340,0.380,0.140,0.220,-0.080,-0.508,-0.323,-0.185,-0.822,2.987,-0.368,2.450,-1.190,1.260,-0.000,35750,17888,17862
1626149,Montrezl Harrell,2020,2.950,0.560,-4.450,0.230,1.500,0.340,-0.940,1.260,0.930,0.330,-0.533,-0.298,-0.235,0.063,0.810,0.200,-0.280,0.420,-0.540,0.330,1.140,0.980,1.000,-0.020,-0.346,-0.087,-0.259,-0.174,0.727,0.634,0.790,0.460,1.250,0.000,22551,11274,11277
1628539,Mychal Mulder,2020,0.080,0.620,0.760,-0.430,-0.840,0.350,2.220,0.950,0.970,-0.020,0.231,0.122,0.109,-0.011,-0.230,-0.070,-0.190,0.110,0.420,0.190,0.150,0.350,0.490,-0.140,0.023,-0.163,0.186,-0.323,1.181,0.373,1.170,0.050,1.230,0.010,819,413,406
203512,Lucas Nogueira,2020,0.310,-0.010,1.920,-0.170,-2.230,0.180,1.400,0.190,0.790,-0.600,0.164,-0.181,0.345,-0.574,-0.400,0.480,0.040,0.060,0.370,0.020,1.310,0.890,0.860,0.030,0.599,0.257,0.342,-0.069,0.354,1.489,-0.220,1.420,1.210,0.010,1562,779,783
200782,P.J. Tucker,2020,-1.120,-0.010,3.200,-0.030,-2.080,0.040,-3.180,-0.040,-0.130,0.090,-0.253,0.181,-0.434,0.433,0.940,-0.280,-0.590,0.380,-0.380,-0.020,0.880,0.160,0.080,0.080,0.862,0.473,0.389,0.028,-0.293,1.022,0.140,1.050,1.200,0.010,35658,17815,17843
1629029,Luka Doncic,2020,-0.230,1.810,3.420,-0.220,-3.280,0.920,-1.600,3.380,2.640,0.740,-0.776,-0.793,0.017,0.036,0.130,-0.620,-0.310,0.050,0.090,-0.480,-0.170,-0.990,-1.030,0.040,-0.497,-0.122,-0.375,0.027,2.604,-1.487,2.640,-1.460,1.190,0.010,18871,9429,9442
201188,Marc Gasol,2020,-1.680,0.300,2.080,1.060,-0.390,-0.520,4.370,2.020,1.980,0.040,-0.385,-0.396,0.011,-2.105,1.140,0.080,-1.540,-0.680,0.390,0.970,-1.140,0.190,-0.250,0.440,0.581,0.106,0.475,0.869,1.635,0.771,-0.470,1.640,1.170,0.000,26709,13384,13325
202329,Al-Farouq Aminu,2020,-0.080,-1.390,0.800,-0.490,-0.770,0.510,-1.330,-2.410,-2.360,-0.050,-0.024,0.347,-0.371,2.094,0.270,0.540,0.090,-0.170,-0.370,0.080,-0.250,0.930,0.520,0.410,0.341,0.233,0.108,0.199,-2.434,1.271,-0.340,1.470,1.120,-0.010,21063,10530,10533
201578,Marreese Speights,2020,-0.320,-0.620,2.720,0.050,-2.440,0.060,1.010,0.930,0.780,0.150,0.473,0.498,-0.025,-0.473,0.710,-0.130,0.220,0.410,-0.930,0.340,1.180,0.990,1.310,-0.320,-0.473,-0.316,-0.157,-0.327,1.403,0.517,0.930,0.190,1.120,0.000,2619,1316,1303
202681,Kyrie Irving,2020,-1.330,-0.290,0.790,0.820,0.560,1.700,-1.430,2.260,1.960,0.300,0.420,0.234,0.186,-0.660,-0.300,-0.410,0.160,0.040,0.120,0.310,0.130,-0.970,-0.790,-0.180,-0.142,-0.266,0.124,0.202,2.680,-1.112,2.020,-0.910,1.120,0.010,20655,10360,10295
202355,Hassan Whiteside,2020,0.340,0.370,-4.090,0.170,3.820,-0.230,-1.090,-1.590,-0.840,-0.750,-0.632,-0.486,-0.146,1.772,1.040,1.620,0.020,-0.520,-1.030,0.620,-1.710,2.570,2.080,0.490,-0.941,-0.305,-0.636,-0.089,-2.222,1.629,-0.450,1.540,1.090,-0.000,21165,10573,10592
1628392,Isaiah Hartenstein,2020,0.170,0.450,1.560,-0.020,-1.720,-0.140,-0.460,1.170,0.950,0.220,-0.646,-0.279,-0.367,0.286,-0.240,-0.120,-0.340,0.310,0.590,-0.130,0.660,0.020,0.090,-0.070,0.163,-0.000,0.163,0.067,0.524,0.183,0.810,0.250,1.050,-0.010,1986,994,992
1627763,Malcolm Brogdon,2020,1.890,0.560,0.390,-0.270,-2.280,0.620,0.420,2.030,1.810,0.220,-0.134,0.138,-0.272,-0.646,-0.030,0.000,0.990,0.130,-0.950,0.050,0.740,-0.240,-0.080,-0.160,-0.273,0.076,-0.349,0.313,1.896,-0.513,1.250,-0.200,1.040,-0.010,21016,10501,10515
1629008,Michael Porter Jr.,2020,1.370,0.280,-1.070,0.140,-0.300,0.240,0.240,0.900,0.780,0.120,0.149,-0.204,0.353,1.421,-0.660,-0.080,-0.620,-0.540,1.290,-0.160,-2.130,-1.640,-1.430,-0.210,0.253,0.187,0.066,-0.053,1.049,-1.387,2.470,-1.440,1.030,0.000,5438,2731,2707
201162,Jared Dudley,2020,1.450,-0.210,1.140,0.230,-2.560,-0.560,0.540,1.250,1.300,-0.050,0.128,0.496,-0.368,-1.098,0.960,0.310,-0.550,0.170,-0.410,-0.650,1.160,-0.220,-0.080,-0.140,0.699,0.150,0.549,0.221,1.378,0.479,0.280,0.700,0.990,0.010,9472,4745,4727
203078,Bradley Beal,2020,0.810,1.160,0.100,0.380,-0.900,0.300,-0.190,2.230,1.560,0.670,0.370,-0.043,0.413,0.010,-0.830,-0.700,-0.170,-0.760,0.980,0.310,-1.170,-0.900,-0.750,-0.150,-0.105,0.060,-0.165,-0.635,2.600,-1.005,2.610,-1.640,0.970,0.000,33075,16569,16506
1627734,Domantas Sabonis,2020,0.980,0.270,-3.570,-0.240,2.640,0.240,0.460,-0.740,-0.640,-0.100,-0.099,-0.235,0.136,0.909,0.740,-0.300,-0.580,0.310,-0.150,-0.470,-1.460,-0.310,-0.470,0.160,0.039,-0.076,0.115,1.151,-0.839,-0.271,0.070,0.880,0.950,-0.000,23709,11853,11856
1628378,Donovan Mitchell,2020,-0.650,0.450,0.550,0.480,0.110,-0.400,-3.360,0.750,0.810,-0.060,0.635,0.430,0.205,-0.735,0.810,0.190,0.320,0.010,-1.120,-0.470,1.170,-0.150,-0.130,-0.020,-0.131,0.197,-0.328,0.541,1.385,-0.281,0.650,0.260,0.910,0.000,33534,16772,16762
1626164,Devin Booker,2020,0.440,0.150,0.090,0.530,-0.600,1.470,-0.230,4.180,2.680,1.500,-0.301,-0.375,0.074,-0.659,-0.680,-0.190,0.330,-0.120,0.290,-0.740,0.400,-1.570,-1.000,-0.570,-0.645,-0.276,-0.369,-0.115,3.879,-2.215,3.220,-2.330,0.900,0.010,27573,13818,13755
202324,Derrick Favors,2020,1.770,0.240,-1.770,0.080,-0.000,-0.150,1.970,-0.580,0.010,-0.590,-1.211,-0.947,-0.264,1.701,0.100,0.370,0.620,0.080,-0.700,-0.380,0.630,0.240,-0.160,0.400,-0.237,0.321,-0.558,0.977,-1.791,0.003,-0.090,0.980,0.890,-0.000,21777,10867,10910
1629641,Romeo Langford,2020,0.800,-0.910,-0.130,0.190,-0.670,0.130,-0.920,-0.760,-0.420,-0.340,0.494,0.403,0.091,0.836,-0.270,0.150,0.140,-0.000,0.130,0.160,1.140,-0.190,0.210,-0.400,0.231,-0.101,0.332,0.269,-0.266,0.041,0.570,0.310,0.890,0.010,1698,847,851
203087,Jeremy Lamb,2020,-1.030,-0.920,-0.390,-0.030,1.450,0.890,-1.420,-0.280,-0.890,0.610,0.508,0.498,0.010,0.552,0.110,-0.060,-0.570,-0.230,0.450,0.040,-0.540,-0.270,-0.380,0.110,0.111,0.087,0.024,0.229,0.228,-0.159,0.780,0.070,0.850,0.000,21806,10919,10887
1629185,Chris Chiozza,2020,-1.030,-0.080,2.810,-0.340,-1.760,0.020,1.860,-0.630,-0.370,-0.260,0.878,1.014,-0.136,-0.378,0.460,-0.110,-0.840,0.400,0.380,-0.370,0.450,0.040,0.080,-0.040,0.676,0.222,0.454,0.264,0.248,0.716,-0.130,0.980,0.850,-0.000,2113,1060,1053
200757,Thabo Sefolosha,2020,-0.250,0.520,0.830,-0.040,-0.550,-0.750,-0.900,0.470,0.260,0.210,0.028,0.110,-0.082,-1.128,-0.390,0.130,0.080,0.070,0.300,0.190,1.680,0.210,0.340,-0.130,0.878,0.667,0.211,0.352,0.498,1.088,-0.630,1.440,0.810,0.000,7366,3671,3695
1627863,Danuel House Jr.,2020,0.050,-0.350,2.720,0.260,-2.720,-0.420,0.270,1.370,0.960,0.410,0.315,0.221,0.094,-0.745,0.100,-0.010,-0.160,0.330,0.090,0.180,-0.450,0.460,0.390,0.070,-0.269,0.081,-0.350,-0.331,1.685,0.191,0.940,-0.140,0.810,0.010,14954,7466,7488
201960,DeMarre Carroll,2020,-1.380,-0.370,2.510,-0.360,-1.140,-0.310,-0.490,0.180,-0.390,0.570,-0.227,0.245,-0.472,0.347,0.260,0.550,0.650,0.380,-0.910,-0.510,1.300,0.760,0.540,0.220,-0.432,-0.325,-0.107,0.152,-0.047,0.328,0.300,0.480,0.790,0.010,17077,8530,8547
2733,Shaun Livingston,2020,-1.940,0.800,-2.570,-0.040,4.500,0.440,0.160,0.030,-0.030,0.060,0.094,-0.071,0.165,0.356,-0.160,-0.020,1.340,0.420,-1.170,0.380,0.800,0.450,0.770,-0.320,0.008,0.173,-0.165,-0.178,0.124,0.458,0.480,0.280,0.760,0.000,10581,5262,5319
201586,Serge Ibaka,2020,-3.100,0.820,-0.280,0.120,3.400,0.770,1.840,-0.070,-0.210,0.140,-0.015,0.410,-0.425,0.625,0.240,0.960,0.190,0.380,-0.440,0.200,0.170,1.750,1.630,0.120,-1.389,-0.917,-0.472,-0.141,-0.085,0.361,0.540,0.220,0.760,0.000,26028,12998,13030
202334,Ed Davis,2020,-0.460,-2.020,-1.770,0.590,2.220,-0.810,-5.320,-3.210,-2.650,-0.560,-0.261,0.552,-0.813,2.101,1.460,0.250,-0.020,0.540,-1.450,0.290,1.420,1.030,1.190,-0.160,-0.003,-0.175,0.172,1.073,-3.471,1.027,-1.370,2.100,0.730,0.000,13000,6477,6523
1628021,David Nwaba,2020,1.680,-2.080,-1.620,-0.180,-0.050,1.010,-2.410,-0.470,-0.570,0.100,0.014,0.472,-0.458,1.046,0.610,-0.680,-1.960,0.050,1.350,0.210,-1.630,0.010,-0.090,0.100,0.225,0.007,0.218,-0.105,-0.456,0.235,0.590,0.130,0.720,-0.000,10640,5306,5334
1629726,Garrison Mathews,2020,-0.160,-0.380,0.610,0.110,-0.440,-0.040,-0.730,0.060,-0.240,0.300,0.172,-0.147,0.319,0.598,-0.400,-0.040,0.170,0.120,0.240,-0.120,0.740,-0.070,0.160,-0.230,0.180,-0.001,0.181,-0.220,0.232,0.110,0.830,-0.110,0.720,0.000,938,467,471
202694,Marcus Morris Sr.,2020,-1.750,-0.540,-0.150,0.530,1.900,0.610,-0.200,0.040,-0.040,0.080,0.574,0.551,0.023,0.546,0.600,-0.560,-0.530,-0.780,-0.080,0.490,-0.620,-1.120,-1.190,0.070,-0.194,0.178,-0.372,0.844,0.614,-1.314,1.160,-0.470,0.700,0.010,26668,13331,13337
1629001,De'Anthony Melton,2020,-0.580,0.580,0.390,0.380,0.220,-0.030,2.520,0.450,0.840,-0.390,-0.009,-0.249,0.240,0.439,0.500,0.390,-0.120,-0.730,-0.400,-0.120,-0.140,-1.120,-0.820,-0.300,0.979,0.563,0.416,-0.069,0.441,-0.141,0.880,-0.210,0.670,0.000,9010,4501,4509
1629744,Matt Thomas,2020,-0.610,-1.110,1.550,0.280,-0.940,0.190,2.370,0.300,0.670,-0.370,-0.177,-0.403,0.226,-0.063,-0.030,0.460,-0.440,0.250,0.470,-0.080,-0.300,0.360,0.570,-0.210,-0.201,-0.083,-0.118,0.441,0.123,0.159,0.060,0.600,0.660,0.000,2189,1102,1087
1629004,Svi Mykhailiuk,2020,0.200,-0.010,1.550,0.220,-1.740,-0.330,1.400,0.260,0.400,-0.140,0.319,0.433,-0.114,-0.299,-0.480,0.280,0.820,0.060,-0.330,-0.400,1.590,0.090,0.330,-0.240,0.313,0.480,-0.167,-0.073,0.579,0.403,0.280,0.330,0.600,-0.010,6841,3429,3412
1626259,Malcolm Miller,2020,0.170,-0.630,1.540,0.350,-1.700,-0.200,1.430,0.910,0.870,0.040,-0.533,-0.246,-0.287,0.273,-0.040,-0.120,-0.080,0.370,0.130,-0.210,1.050,0.190,0.410,-0.220,-0.202,0.236,-0.438,-0.038,0.377,-0.012,0.650,-0.050,0.600,-0.000,1546,763,783
1626246,Boban Marjanovic,2020,1.270,0.330,-5.600,0.060,4.320,0.660,-2.880,-0.640,-0.470,-0.170,-1.496,-1.068,-0.428,2.906,3.070,-0.280,-0.880,0.000,-2.190,-0.550,-1.260,0.700,0.260,0.440,-1.488,-0.445,-1.043,0.618,-2.136,-0.788,0.770,-0.170,0.600,0.000,6593,3292,3301
1629011,Mitchell Robinson,2020,2.440,0.110,-2.480,-0.410,0.030,-0.090,-3.280,-0.790,-0.040,-0.750,-0.727,-0.656,-0.071,1.927,0.380,0.760,-0.920,-0.000,0.540,0.240,-0.170,0.860,1.120,-0.260,-0.352,0.223,-0.575,-0.328,-1.517,0.508,0.410,0.180,0.590,-0.000,11241,5608,5633
1629634,Brandon Clarke,2020,1.060,1.010,-1.910,-0.220,0.920,-0.040,3.510,1.210,1.600,-0.390,0.185,-0.102,0.287,-0.455,-0.020,0.170,-0.030,-0.190,0.010,0.170,0.510,-0.310,0.040,-0.350,-0.177,-0.269,0.092,0.147,1.395,-0.487,0.940,-0.340,0.590,-0.010,5532,2763,2769
1629661,Cameron Johnson,2020,-0.370,0.140,1.160,-0.120,-0.780,-0.320,0.870,-0.620,-0.610,-0.010,0.501,0.108,0.393,0.799,-0.200,-0.200,0.090,-0.050,0.110,0.030,1.080,-0.010,0.140,-0.150,-0.106,-0.461,0.355,-0.014,-0.119,-0.116,0.680,-0.130,0.550,0.000,5114,2560,2554
1628380,Zach Collins,2020,-0.740,0.540,-0.230,0.990,0.960,-0.130,1.070,1.140,1.410,-0.270,-0.257,0.069,-0.326,0.437,1.240,0.720,-0.010,-0.600,-1.240,0.200,0.240,0.780,0.800,-0.020,-0.742,-0.533,-0.209,-0.808,0.883,0.038,1.320,-0.770,0.550,0.000,11901,5936,5965
1627749,Dejounte Murray,2020,0.150,-1.380,-2.360,0.340,2.230,-0.320,0.560,-2.030,-1.540,-0.490,0.160,0.132,0.028,0.690,-0.760,0.820,0.400,-0.030,0.370,-0.200,0.340,1.090,0.880,0.210,0.432,0.475,-0.043,0.198,-1.870,1.522,-1.180,1.720,0.540,-0.000,13919,6927,6992
1627790,Ante Zizic,2020,0.070,0.200,-1.640,0.830,1.560,-0.310,-0.120,-0.020,0.540,-0.560,-0.581,-0.359,-0.222,1.361,0.280,-0.560,-0.350,0.140,0.060,0.100,-0.150,0.410,0.120,0.290,-0.649,-0.341,-0.308,-0.001,-0.601,-0.239,0.760,-0.240,0.520,0.000,6025,3015,3010
202711,Bojan Bogdanovic,2020,-0.360,0.690,-0.200,1.160,0.570,0.520,0.520,1.640,1.310,0.330,-0.243,0.104,-0.347,-0.247,-0.730,-0.500,1.000,0.200,-0.270,0.480,-0.140,0.760,0.560,0.200,-0.673,-0.271,-0.402,-0.747,1.397,0.087,1.150,-0.660,0.490,0.000,29773,14897,14876
1628778,Paul Watson,2020,-0.110,0.040,0.420,0.110,-0.310,-0.120,1.020,0.490,0.600,-0.110,-0.118,-0.220,0.102,0.498,-0.140,-0.070,-0.010,-0.050,0.150,-0.010,0.270,-0.640,-0.340,-0.300,0.113,0.055,0.058,0.137,0.372,-0.527,0.870,-0.390,0.480,0.000,410,206,204
203501,Tim Hardaway Jr.,2020,-1.100,0.660,2.210,0.080,-1.110,-0.610,0.670,0.490,0.020,0.470,1.102,0.553,0.549,-0.132,0.820,0.030,-1.060,-0.490,0.240,-0.000,-1.430,-0.470,-0.680,0.210,-0.393,-0.185,-0.208,-0.127,1.592,-0.863,1.460,-0.990,0.470,0.000,24885,12464,12421
201954,Darren Collison,2020,-1.080,-0.060,-1.240,1.130,2.360,0.280,2.060,1.980,1.700,0.280,0.188,0.280,-0.092,-0.828,-0.080,-0.030,-0.650,-0.580,0.740,-0.100,-2.100,-1.380,-1.330,-0.050,0.842,0.355,0.487,-0.332,2.168,-0.538,1.340,-0.870,0.470,-0.000,17553,8794,8759
1938,Manu Ginobili,2020,1.340,-0.210,0.780,-0.860,-2.130,-0.040,-0.170,1.060,0.270,0.790,-0.216,-0.617,0.401,0.396,-0.340,0.040,0.850,0.210,-0.510,-0.010,1.430,-0.180,0.390,-0.570,-0.036,-0.038,0.002,-0.564,0.844,-0.216,1.240,-0.780,0.460,-0.000,5435,2731,2704
1629027,Trae Young,2020,1.840,1.030,1.430,0.280,-3.320,0.480,1.060,3.700,2.850,0.850,0.150,-0.621,0.771,0.280,-1.310,-1.250,0.290,-0.040,1.000,-0.960,-1.240,-2.460,-2.050,-0.410,-0.598,-0.147,-0.451,-0.612,3.850,-3.058,4.130,-3.670,0.460,-0.000,19265,9652,9613
203932,Aaron Gordon,2020,1.540,1.520,-0.170,-0.610,-1.420,-0.470,1.230,-0.150,0.250,-0.400,-0.215,-0.035,-0.180,0.405,-0.440,0.180,0.700,-0.180,-0.260,-0.160,-0.170,0.390,0.040,0.350,-0.461,-0.169,-0.292,0.491,-0.365,-0.071,0.040,0.420,0.460,0.000,26791,13390,13401
1628464,Daniel Theis,2020,-0.130,-0.260,0.820,-0.560,-0.800,-0.810,0.460,-1.980,-1.830,-0.150,0.077,-0.204,0.281,1.183,0.250,1.030,-0.460,0.190,0.290,-0.220,1.320,0.550,1.000,-0.450,0.210,0.132,0.078,0.400,-1.903,0.760,-0.720,1.160,0.440,-0.000,15674,7808,7866
201956,Omri Casspi,2020,0.710,0.020,-1.920,-0.260,1.210,0.830,-0.010,0.970,0.610,0.360,-1.151,-1.050,-0.101,-0.249,-0.690,0.220,0.400,0.080,0.290,0.240,0.700,0.750,0.580,0.170,0.164,0.143,0.021,-0.054,-0.181,0.914,-0.430,0.860,0.430,0.000,4769,2386,2383
1629652,Luguentz Dort,2020,0.350,-0.750,0.160,-0.230,-0.510,0.570,-1.490,-0.530,-0.470,-0.060,0.465,0.190,0.275,-0.175,0.380,0.080,-1.030,0.320,0.670,-0.300,0.190,0.940,0.760,0.180,-0.035,-0.169,0.134,-0.245,-0.065,0.905,-0.240,0.660,0.420,0.000,3960,1975,1985
1627759,Jaylen Brown,2020,1.970,-0.120,-0.390,-0.120,-1.520,-0.140,0.140,-0.530,-0.290,-0.240,-0.112,0.008,-0.120,0.262,0.260,0.270,-0.200,0.520,-0.100,-0.030,-0.140,0.520,0.500,0.020,0.045,-0.142,0.187,0.235,-0.642,0.565,-0.380,0.800,0.420,0.000,29651,14812,14839
201571,D.J. Augustin,2020,-0.000,-0.460,0.620,-0.520,-0.670,0.010,-1.130,-0.020,-0.730,0.710,-0.156,0.035,-0.191,-0.144,0.170,-0.180,0.070,0.840,-0.250,-0.140,0.220,0.970,0.810,0.160,-0.245,-0.268,0.023,-0.005,-0.176,0.725,-0.320,0.720,0.410,0.010,22461,11258,11203
1629203,Jemerrio Jones,2020,0.720,-0.360,0.040,0.070,-0.750,-0.170,1.210,0.320,0.500,-0.180,-0.536,-0.473,-0.063,0.316,0.060,-0.030,-0.540,0.160,0.470,0.080,0.280,0.600,0.640,-0.040,-0.187,-0.062,-0.125,-0.093,-0.216,0.413,0.100,0.320,0.410,-0.010,583,291,292
203914,Gary Harris,2020,0.240,0.320,0.510,-1.220,-0.730,0.190,-0.670,-1.240,-1.210,-0.030,0.044,-0.110,0.154,-0.314,-0.960,-0.750,0.590,1.460,0.360,-0.150,2.260,1.000,1.270,-0.270,0.857,0.095,0.762,0.053,-1.196,1.857,-1.510,1.910,0.410,0.010,25819,12917,12902
1627812,Yogi Ferrell,2020,-1.640,-0.940,0.450,-0.680,1.160,1.220,-1.620,-1.460,-1.340,-0.120,0.624,0.313,0.311,-0.024,0.490,0.050,0.170,0.250,-0.680,-0.320,2.220,0.850,0.650,0.200,0.661,-0.051,0.712,-0.251,-0.836,1.511,-0.860,1.260,0.400,0.000,14215,7103,7112
1629067,Isaac Bonga,2020,0.430,-0.710,-1.030,-0.440,0.600,-0.440,-0.550,-1.640,-1.380,-0.260,-0.515,-0.627,0.112,0.485,0.330,0.290,-0.530,0.150,0.200,-0.280,1.910,0.380,0.790,-0.410,1.173,0.550,0.623,0.517,-2.155,1.553,-1.670,2.070,0.400,0.000,5737,2855,2882
203504,Trey Burke,2020,0.020,-0.200,-1.000,0.040,0.970,0.770,0.040,0.840,1.260,-0.420,1.721,1.080,0.641,-0.551,-0.500,-0.280,0.240,-0.090,0.270,-0.310,-0.660,-0.680,-0.630,-0.050,-0.013,0.177,-0.190,-0.947,2.561,-0.693,2.010,-1.640,0.370,0.000,10133,5071,5062
201566,Russell Westbrook,2020,2.860,0.120,-2.100,-0.590,-0.800,-0.760,0.670,-0.840,-0.340,-0.500,0.715,0.058,0.657,-0.015,-0.520,-0.610,-0.550,-0.460,1.110,0.230,-0.600,-0.750,-0.670,-0.080,1.180,0.671,0.509,0.070,-0.125,0.430,-0.140,0.500,0.370,0.010,34753,17373,17380
203915,Spencer Dinwiddie,2020,1.980,-0.620,1.540,-0.520,-3.520,-0.600,-0.960,0.300,-0.370,0.670,0.926,0.746,0.180,-0.116,0.880,0.450,1.220,0.090,-2.100,-0.690,1.590,0.350,0.320,0.030,-0.813,-0.467,-0.346,-0.287,1.226,-0.463,1.110,-0.750,0.360,-0.000,25335,12684,12651
201601,Luc Mbah a Moute,2020,1.210,-0.320,1.620,-0.160,-2.820,0.090,-2.190,0.610,0.390,0.220,-0.415,-0.204,-0.211,-0.765,-0.210,0.480,-0.800,0.040,1.000,-0.020,-0.730,0.250,0.250,0.000,0.226,0.300,-0.074,0.424,0.195,0.476,-0.570,0.900,0.330,0.000,7179,3582,3597
203487,Michael Carter-Williams,2020,0.600,-0.740,-1.220,-0.490,0.620,-1.240,-0.190,-0.990,-1.710,0.720,0.602,0.205,0.397,1.188,0.200,-0.160,-0.310,0.170,0.110,-0.890,-0.120,-1.640,-1.130,-0.510,0.542,0.182,0.360,0.628,-0.388,-1.098,0.800,-0.470,0.330,-0.000,8154,4065,4089
1629675,Naz Reid,2020,0.130,-0.580,0.780,0.220,-0.890,-0.100,0.070,0.190,0.600,-0.410,0.414,0.159,0.255,-0.154,-0.420,-0.410,0.130,0.250,0.290,-0.170,0.340,-0.610,-0.570,-0.040,-0.285,-0.312,0.027,0.755,0.604,-0.895,0.450,-0.140,0.310,0.000,2121,1061,1060
1628409,Alec Peters,2020,0.350,-0.180,1.300,-0.060,-1.640,-0.030,1.020,0.250,0.370,-0.120,0.407,0.005,0.402,-0.017,-0.080,0.030,-0.180,-0.060,0.270,0.070,0.140,-0.080,-0.020,-0.060,-0.335,-0.036,-0.299,0.085,0.657,-0.415,0.640,-0.330,0.310,-0.000,918,466,452
1628420,Monte Morris,2020,-1.640,0.510,-0.900,-0.740,2.520,0.520,1.920,-1.260,-0.970,-0.290,1.021,0.483,0.538,0.109,-0.380,0.020,0.440,0.490,-0.060,-0.470,0.540,1.030,0.840,0.190,0.009,0.256,-0.247,-0.619,-0.239,1.039,-0.130,0.420,0.290,0.000,16937,8487,8450
1628449,Chris Boucher,2020,1.330,-1.690,0.180,0.050,-1.510,-0.150,-1.350,-0.300,-0.590,0.290,-0.114,-0.242,0.128,1.314,0.150,0.480,-1.300,0.220,1.150,-0.210,-0.620,-0.070,0.350,-0.420,-0.047,0.082,-0.129,-0.493,-0.414,-0.117,0.900,-0.610,0.290,-0.000,4215,2099,2116
1627732,Ben Simmons,2020,2.300,1.460,-1.340,-0.110,-0.970,-0.290,2.000,0.440,1.280,-0.840,-0.852,-0.499,-0.353,-0.308,-0.660,0.220,0.770,0.590,-0.120,-0.200,2.120,0.510,0.790,-0.280,0.262,0.345,-0.083,0.238,-0.412,0.772,-0.720,1.010,0.290,-0.000,33808,16891,16917
203998,Bruno Caboclo,2020,-0.130,-0.650,0.490,-0.720,-0.360,-0.050,-1.770,-2.520,-2.920,0.400,0.565,0.247,0.318,1.495,0.520,0.340,-0.960,-0.160,0.440,0.180,0.620,0.370,0.600,-0.230,0.305,0.054,0.251,0.055,-1.955,0.675,-0.460,0.730,0.270,0.000,4463,2225,2238
1629658,Jaylen Hoard,2020,0.740,-0.300,-0.600,-0.080,-0.150,-0.070,-0.700,-0.470,-0.660,0.190,-0.104,-0.025,-0.079,1.364,-0.090,-0.260,-0.280,0.020,0.370,0.030,-0.200,-0.830,-0.670,-0.160,-0.073,-0.026,-0.047,0.363,-0.574,-0.903,0.790,-0.540,0.250,-0.000,593,298,295
1628467,Maxi Kleber,2020,-1.100,-0.460,2.280,-0.490,-1.170,-0.070,0.250,-0.550,-0.260,-0.290,0.592,0.171,0.421,-0.202,0.210,0.290,0.780,0.360,-0.980,-0.600,1.240,0.600,0.670,-0.070,-0.299,-0.409,0.110,0.109,0.042,0.301,-0.160,0.410,0.240,-0.010,18376,9164,9212
203518,Alex Abrines,2020,-0.910,-0.830,1.700,-0.310,-0.790,-0.550,-1.690,-1.150,-1.270,0.120,0.103,0.289,-0.186,0.627,0.340,0.160,-0.200,0.480,-0.160,-0.020,1.530,0.880,1.350,-0.470,0.390,0.203,0.187,-0.610,-1.047,1.270,-0.420,0.660,0.240,-0.000,7166,3591,3575
1628518,Amile Jefferson,2020,-0.400,-0.190,0.260,0.030,0.140,-0.030,-0.890,-0.320,-0.020,-0.300,0.678,0.501,0.177,0.182,-0.120,-0.320,-0.290,0.040,0.420,0.110,0.200,-0.380,-0.230,-0.150,-0.021,-0.068,0.047,0.091,0.358,-0.401,0.540,-0.310,0.240,0.010,577,290,287
202344,Trevor Booker,2020,-1.050,0.060,-0.170,0.250,1.230,-0.610,0.710,-0.570,-0.150,-0.420,0.296,0.204,0.092,0.334,0.790,-0.230,-1.100,0.370,0.320,-0.520,0.200,-0.150,-0.040,-0.110,0.412,0.145,0.267,-0.082,-0.274,0.262,0.060,0.180,0.230,-0.010,4696,2341,2355
1628395,Jordan Bell,2020,-0.540,0.420,-0.440,0.020,0.980,0.450,-0.970,0.860,0.760,0.100,0.060,0.022,0.038,0.000,-0.520,0.440,0.140,0.010,0.380,0.070,0.530,0.170,0.360,-0.190,-0.259,-0.010,-0.249,-0.601,0.920,-0.089,0.920,-0.690,0.230,0.000,8172,4072,4100
1626196,Josh Richardson,2020,-1.200,-0.730,-0.960,0.210,2.140,-0.220,-1.120,-0.590,-0.420,-0.170,0.180,0.359,-0.179,0.000,0.000,0.570,1.100,-0.100,-1.120,0.040,1.280,0.310,0.450,-0.140,0.583,0.342,0.241,-0.253,-0.410,0.893,-0.410,0.640,0.220,-0.010,28055,14029,14026
1629723,John Konchar,2020,-0.500,0.150,0.320,-0.060,0.180,0.070,0.590,0.110,0.220,-0.110,0.105,-0.086,0.191,0.395,0.010,0.170,-0.410,-0.120,0.400,-0.090,-0.480,-0.410,-0.280,-0.130,0.065,0.102,-0.037,-0.065,0.215,-0.345,0.610,-0.410,0.200,0.000,734,372,362
1628989,Kevin Huerter,2020,0.200,-0.150,2.030,0.620,-2.250,-0.440,3.000,0.200,0.750,-0.550,0.007,-0.179,0.186,0.683,-1.450,-0.530,0.970,-0.090,0.480,-0.370,0.390,-0.770,-0.760,-0.010,-0.176,-0.007,-0.169,0.256,0.207,-0.946,0.890,-0.690,0.200,-0.000,15529,7778,7751
202083,Wesley Matthews,2020,-1.980,0.120,1.940,0.140,0.070,-0.130,0.700,-0.490,-0.390,-0.100,0.261,-0.003,0.264,-0.801,1.360,-0.170,-0.340,0.100,-1.000,0.010,1.010,0.590,0.680,-0.090,0.237,-0.322,0.559,0.403,-0.229,0.827,-1.030,1.230,0.200,0.000,24182,12073,12109
203077,Michael Kidd-Gilchrist,2020,-0.110,-0.730,-2.080,-0.390,2.210,-0.570,-3.110,-2.970,-3.070,0.100,0.467,0.307,0.160,0.983,0.990,0.330,-0.620,-0.010,-0.380,0.140,1.520,1.220,1.010,0.210,-0.001,-0.088,0.087,0.491,-2.503,1.219,-1.520,1.710,0.190,0.000,13093,6503,6590
1628984,Devonte' Graham,2020,0.690,0.350,2.700,-0.200,-3.400,-0.710,1.820,1.200,0.850,0.350,-0.080,-0.200,0.120,0.560,-0.350,-0.640,-0.500,-0.070,0.850,-0.450,-2.230,-1.420,-1.550,0.130,0.460,0.170,0.290,-0.530,1.120,-0.960,1.680,-1.490,0.190,0.000,11118,5570,5548
1626153,Delon Wright,2020,0.860,-1.050,1.270,-0.740,-2.140,-0.810,-0.470,-1.860,-1.760,-0.100,0.591,0.588,0.003,1.129,-1.240,0.230,1.600,0.210,-0.360,-0.300,2.640,-0.180,-0.010,-0.170,0.729,0.530,0.199,-0.229,-1.269,0.549,-0.140,0.320,0.180,0.000,19270,9605,9665
1629151,Ryan Broekhoff,2020,-1.000,-0.000,3.080,0.640,-2.080,-0.740,3.340,0.560,0.950,-0.390,0.138,0.097,0.041,-0.018,-0.350,-0.090,0.100,0.100,0.250,0.070,0.510,0.020,0.200,-0.180,-0.604,-0.487,-0.117,0.084,0.698,-0.584,0.680,-0.500,0.180,-0.000,2560,1285,1275
1629052,Oshae Brissett,2020,0.040,-0.330,0.970,0.060,-1.000,-0.180,1.050,-0.110,0.010,-0.120,-0.082,-0.023,-0.059,0.372,-0.140,0.050,-0.260,0.190,0.410,-0.150,0.020,0.120,0.260,-0.140,-0.032,-0.007,-0.025,-0.108,-0.192,0.088,0.180,-0.020,0.160,-0.000,533,265,268
101161,Amir Johnson,2020,-0.940,-0.370,-1.430,0.510,2.370,-0.330,-0.120,-0.280,0.230,-0.510,-1.163,-0.929,-0.234,0.293,0.460,-0.190,0.580,0.040,-1.030,-0.100,1.530,0.200,0.470,-0.270,0.391,0.542,-0.151,0.709,-1.443,0.591,-1.150,1.300,0.150,0.000,7433,3690,3743
1628973,Jalen Brunson,2020,-1.020,-0.090,-0.230,-0.490,1.260,0.740,-0.380,-0.670,-0.650,-0.020,0.320,0.150,0.170,0.090,0.240,-0.040,0.360,0.560,-0.590,-0.420,0.280,0.060,0.120,-0.060,-0.041,-0.089,0.048,0.391,-0.350,0.019,-0.260,0.410,0.150,0.000,10572,5283,5289
1626154,RJ Hunter,2020,-0.240,-0.200,0.720,-0.240,-0.480,0.270,0.180,-0.240,-0.090,-0.150,0.250,0.232,0.018,0.130,0.080,0.060,-0.450,0.110,0.370,-0.040,-0.140,0.310,0.360,-0.050,-0.163,-0.074,-0.089,-0.147,0.010,0.147,0.140,0.000,0.140,-0.000,281,139,142
1628969,Mikal Bridges,2020,0.370,0.670,-0.040,-0.240,-0.310,0.530,0.730,1.260,0.700,0.560,-0.162,-0.027,-0.135,-1.038,-1.180,0.240,1.030,-0.350,0.160,0.100,0.100,-0.240,0.020,-0.260,0.834,0.840,-0.006,-0.514,1.098,0.594,0.060,0.080,0.140,0.000,18386,9196,9190
1629599,Amir Coffey,2020,-0.090,-0.440,0.790,0.350,-0.700,-0.070,1.320,0.470,0.560,-0.090,-0.121,-0.249,0.128,-0.159,-0.090,-0.130,-0.030,-0.000,0.130,0.200,-0.010,0.050,0.080,-0.030,-0.193,-0.132,-0.061,0.053,0.349,-0.143,0.190,-0.090,0.110,0.010,689,341,348
1628386,Jarrett Allen,2020,-0.650,0.030,0.360,0.190,0.300,0.240,1.710,0.130,0.710,-0.580,-0.302,-0.484,0.182,0.112,-0.440,1.050,1.020,-0.040,-0.590,-0.400,0.920,1.660,1.080,0.580,-0.268,0.034,-0.302,-1.212,-0.172,1.392,-0.060,0.180,0.110,-0.010,22865,11428,11437
1626168,Trey Lyles,2020,0.760,0.000,1.100,-0.870,-1.840,0.750,0.950,-0.200,-0.200,-0.000,0.523,0.549,-0.026,0.007,-0.590,-0.480,0.260,-0.040,0.340,0.060,0.260,-0.680,-0.510,-0.170,-0.261,-0.048,-0.213,0.721,0.323,-0.941,0.330,-0.220,0.100,-0.010,14539,7261,7278
203382,Aron Baynes,2020,-2.220,-1.680,-0.540,0.510,2.770,0.450,0.660,-1.760,-0.670,-1.090,-0.370,-0.015,-0.355,0.390,2.070,0.450,-0.050,0.100,-2.020,-0.460,0.410,1.630,1.350,0.280,-0.235,-0.186,-0.049,0.425,-2.130,1.395,-1.740,1.820,0.080,-0.000,14723,7326,7397
1628379,Luke Kennard,2020,-1.130,0.300,-0.040,0.840,1.220,-0.400,1.890,0.920,0.990,-0.070,0.242,0.201,0.041,-0.482,-0.410,0.080,0.160,0.120,0.260,-0.270,-1.150,-0.230,-0.210,-0.020,-0.433,-0.346,-0.087,0.063,1.162,-0.663,0.680,-0.600,0.080,0.000,15138,7598,7540
1628444,Jabari Bird,2020,0.680,0.020,0.080,-0.100,-0.770,0.090,0.540,0.940,0.940,-0.000,-0.240,-0.109,-0.131,-0.220,-0.200,-0.190,-0.300,-0.030,0.500,0.030,-0.000,-0.380,-0.370,-0.010,-0.025,0.002,-0.027,-0.005,0.700,-0.405,0.480,-0.410,0.070,0.000,461,227,234
1629608,Dewan Hernandez,2020,0.030,-0.210,0.100,0.260,-0.130,-0.150,0.680,0.360,0.390,-0.030,-0.095,-0.101,0.006,0.165,0.020,-0.100,-0.140,-0.010,0.120,-0.050,-0.130,-0.280,-0.140,-0.140,-0.046,-0.082,0.036,-0.034,0.265,-0.326,0.430,-0.360,0.070,-0.000,121,59,62
200826,J.J. Barea,2020,-0.130,0.950,0.240,-0.300,-0.100,0.700,1.180,1.080,1.480,-0.400,0.268,0.081,0.187,-0.688,0.930,-0.770,0.180,-0.480,-1.110,-0.060,-1.470,-0.990,-0.990,0.000,0.746,-0.239,0.985,-0.356,1.348,-0.244,0.660,-0.600,0.060,-0.000,10248,5141,5107
204179,Omari Johnson,2020,-0.220,0.040,0.210,0.010,0.010,0.130,0.740,0.630,0.640,-0.010,0.208,-0.187,0.395,0.022,0.010,-0.110,-0.570,-0.070,0.560,-0.150,-0.770,-0.690,-0.630,-0.060,-0.039,0.049,-0.088,-0.071,0.838,-0.729,0.860,-0.800,0.060,-0.000,295,148,147
1629121,Jaylen Adams,2020,-0.560,-0.820,1.980,0.660,-1.450,-0.150,1.550,0.720,1.450,-0.730,0.328,0.355,-0.027,-0.268,0.130,0.110,-0.400,0.020,0.270,-0.500,0.220,-0.650,-0.510,-0.140,-0.013,0.308,-0.321,-0.067,1.048,-0.663,0.780,-0.730,0.050,0.000,1900,950,950
1627741,Buddy Hield,2020,-0.040,-0.040,1.260,1.340,-1.210,-0.820,2.230,0.750,1.190,-0.440,-0.544,-0.165,-0.379,0.404,-0.510,-0.320,-0.460,0.110,0.970,-0.130,-0.600,-0.330,-0.280,-0.050,0.509,0.234,0.275,-0.739,0.206,0.179,0.610,-0.560,0.050,0.000,26856,13446,13410
202691,Klay Thompson,2020,-1.510,2.160,-1.550,0.970,3.080,1.410,6.130,1.210,2.400,-1.190,-0.384,-0.214,-0.170,-1.326,-0.500,-0.230,0.750,0.090,-0.250,0.710,-0.600,1.220,0.820,0.400,-0.238,0.190,-0.428,-0.452,0.826,0.982,-0.500,0.530,0.040,0.010,26336,13169,13167
203484,Kentavious Caldwell-Pope,2020,-0.320,0.200,0.910,-0.790,-0.580,-0.020,-0.440,-0.380,-0.480,0.100,0.603,-0.038,0.641,0.277,-1.160,-0.570,0.870,0.500,0.290,-0.050,0.360,-0.010,0.270,-0.280,0.232,0.196,0.036,-0.692,0.223,0.222,0.500,-0.470,0.030,-0.000,28194,14083,14111
201148,Brandan Wright,2020,0.660,-0.280,-0.230,-0.090,-0.420,-0.460,-2.140,-0.420,-0.500,0.080,-0.209,0.014,-0.223,0.099,0.270,-0.040,0.130,0.320,-0.400,-0.070,0.910,0.510,0.840,-0.330,0.286,0.114,0.172,-0.246,-0.629,0.796,-0.530,0.550,0.020,0.000,1340,668,672
203926,Doug McDermott,2020,1.440,0.010,-1.010,0.570,-0.440,-0.590,3.070,-0.410,0.160,-0.570,0.069,0.030,0.039,0.451,-0.240,0.660,0.460,0.170,-0.230,-0.070,0.790,0.880,0.960,-0.080,-0.216,-0.373,0.157,-0.754,-0.341,0.664,0.110,-0.090,0.020,-0.000,17756,8900,8856
203991,Clint Capela,2020,1.590,-0.490,-1.520,-0.060,-0.040,-0.210,2.070,-2.180,-1.010,-1.170,-1.172,-1.271,0.099,1.872,-0.700,0.040,1.330,0.010,-0.630,0.510,-0.600,1.680,0.790,0.890,-0.847,-0.429,-0.418,0.657,-3.352,0.833,-1.480,1.490,0.000,-0.010,25430,12686,12744
1628993,Alize Johnson,2020,-0.180,-0.290,-0.000,0.190,0.190,-0.390,0.260,-1.150,-0.980,-0.170,0.510,0.252,0.258,0.810,-0.040,-0.050,-0.630,0.050,0.670,0.010,-0.710,-0.120,-0.100,-0.020,0.044,-0.123,0.167,-0.104,-0.640,-0.076,0.170,-0.180,-0.000,0.010,732,365,367
101107,Marvin Williams,2020,-0.780,0.690,0.930,-0.040,-0.120,-0.530,-0.890,0.470,0.250,0.220,0.013,0.065,-0.052,-0.673,-0.170,0.170,-0.510,0.020,0.670,-0.320,-0.080,0.260,0.030,0.230,-0.238,0.065,-0.303,0.168,0.483,0.022,-0.190,0.190,0.000,0.000,21558,10763,10795
1629718,Charles Brown Jr.,2020,0.060,-0.120,0.210,-0.090,-0.270,-0.220,0.100,-0.500,-0.510,0.010,0.174,0.158,0.016,0.306,0.010,-0.080,-0.300,-0.010,0.290,0.030,0.080,-0.200,-0.110,-0.090,0.211,0.029,0.182,0.009,-0.326,0.011,-0.020,0.020,-0.010,-0.010,161,80,81
202699,Tobias Harris,2020,-0.120,-0.760,-1.710,-0.030,1.840,0.620,-0.370,-1.330,-1.260,-0.070,0.812,0.342,0.470,0.688,0.220,-0.410,0.300,-0.300,-0.490,0.250,-0.550,-0.370,-0.480,0.110,-0.647,-0.274,-0.373,0.837,-0.518,-1.017,0.170,-0.180,-0.010,0.000,34421,17220,17201
1628415,Dillon Brooks,2020,0.480,-0.770,-1.790,-0.320,1.280,0.420,0.060,-0.750,-0.510,-0.240,0.244,0.023,0.221,-0.164,0.810,-0.360,-0.920,0.440,0.200,0.390,0.450,0.450,0.960,-0.510,0.323,0.092,0.231,-0.123,-0.506,0.773,-0.670,0.650,-0.020,0.000,19457,9717,9740
1629140,Johnathan Williams,2020,0.500,-0.500,-1.280,-0.100,0.780,-0.570,-0.700,-1.380,-1.020,-0.360,-0.217,0.078,-0.295,1.437,-0.280,-0.310,-0.480,0.280,0.770,0.160,-0.600,0.200,0.410,-0.210,0.024,0.019,0.005,-0.114,-1.597,0.224,-0.160,0.110,-0.050,-0.000,2236,1114,1122
1628462,Milos Teodosic,2020,-0.070,0.740,2.020,-0.420,-1.910,0.340,2.160,1.050,1.290,-0.240,0.361,-0.245,0.606,-1.471,-0.320,-0.420,0.320,0.220,0.050,0.270,-0.430,0.520,0.320,0.200,-0.317,-0.096,-0.221,-0.213,1.411,0.203,-0.060,-0.010,-0.070,0.000,5019,2527,2492
203118,Mike Scott,2020,-1.620,-0.980,0.100,0.560,1.500,0.030,1.750,-0.350,-0.240,-0.110,0.023,-0.226,0.249,0.477,-0.290,-0.460,0.850,0.790,-0.590,-0.040,1.200,0.150,0.580,-0.430,-0.462,-0.420,-0.042,0.092,-0.327,-0.312,0.150,-0.220,-0.070,-0.000,17457,8710,8747
1629684,Grant Williams,2020,-0.540,-0.760,1.050,-0.220,-0.480,0.360,-2.200,-0.460,-0.410,-0.050,-0.142,0.057,-0.199,-0.098,-0.700,0.070,-0.040,0.430,0.720,0.260,2.730,-0.220,0.470,-0.690,0.468,0.246,0.222,0.362,-0.602,0.248,-0.700,0.610,-0.080,0.010,4961,2470,2491
203083,Andre Drummond,2020,3.840,-0.970,-2.820,0.490,-1.070,0.210,0.530,-0.350,0.530,-0.880,-1.059,-0.571,-0.488,1.789,-0.600,-0.600,0.700,-0.240,-0.120,-0.340,-1.470,-1.020,-1.110,0.090,0.258,0.247,0.011,0.292,-1.409,-0.762,0.380,-0.470,-0.080,0.010,28512,14283,14229
1626167,Myles Turner,2020,-0.980,-0.440,-0.860,0.650,1.800,-0.490,-0.670,-1.320,-1.110,-0.210,-0.305,-0.080,-0.225,-0.715,-0.050,1.640,-0.410,-0.090,0.460,0.240,0.120,2.380,1.800,0.580,0.041,-0.034,0.075,-0.161,-1.625,2.421,-2.340,2.260,-0.080,-0.000,24427,12206,12221
1629015,Zhaire Smith,2020,-0.120,0.020,-0.020,0.080,0.150,0.100,0.180,0.130,0.390,-0.260,0.124,-0.099,0.223,0.346,0.010,-0.140,-0.110,-0.150,0.100,-0.080,-0.790,-0.640,-0.650,0.010,-0.095,0.097,-0.192,0.015,0.254,-0.735,0.600,-0.720,-0.120,0.000,617,307,310
202709,Cory Joseph,2020,-0.910,-0.020,-1.000,-0.700,1.880,-0.200,-0.820,-1.760,-1.530,-0.230,0.524,0.713,-0.189,0.596,0.590,-0.680,-0.070,0.610,-0.510,-0.360,0.530,-0.420,-0.300,-0.120,0.471,0.316,0.155,0.469,-1.236,0.051,-0.640,0.520,-0.120,0.000,24145,12021,12124
1628411,Wes Iwundu,2020,0.280,-1.200,-1.600,0.070,1.410,-1.210,-1.730,-1.620,-1.520,-0.100,0.535,0.289,0.246,-0.325,-0.450,0.100,0.890,0.620,-0.390,0.240,0.520,1.040,0.950,0.090,0.108,0.264,-0.156,0.132,-1.085,1.148,-1.410,1.280,-0.130,-0.000,13322,6637,6685
203095,Evan Fournier,2020,-0.120,-0.030,0.920,0.240,-0.840,0.860,2.420,1.510,1.590,-0.080,0.514,0.265,0.249,-0.884,-0.680,-0.280,1.010,-0.180,-0.350,-1.380,-1.220,-1.360,-1.650,0.290,0.241,0.591,-0.350,-0.151,2.024,-1.119,1.140,-1.270,-0.130,-0.000,27307,13660,13647
202734,E'Twaun Moore,2020,-1.070,-0.430,-0.880,0.880,1.960,1.160,2.860,0.620,1.460,-0.840,0.503,0.510,-0.007,-0.263,-1.420,0.140,1.730,-0.290,-0.300,0.230,-0.700,0.430,0.200,0.230,-0.454,0.069,-0.523,-0.976,1.123,-0.024,0.860,-1.000,-0.140,-0.000,20785,10397,10388
101127,Jarrett Jack,2020,-0.400,-0.150,-2.620,0.030,3.010,1.000,0.630,0.480,0.650,-0.170,-0.357,-0.064,-0.293,0.017,0.150,0.270,0.190,-0.040,-0.330,-0.260,-0.210,0.290,0.210,0.080,-0.354,-0.290,-0.064,-0.226,0.123,-0.064,0.140,-0.290,-0.150,0.000,5798,2902,2896
1627788,Furkan Korkmaz,2020,-1.340,-0.100,1.890,0.580,-0.540,-0.580,1.550,-0.110,-0.210,0.100,0.785,0.350,0.435,-0.135,-0.370,-0.210,1.280,-0.130,-0.900,-0.210,1.580,-1.670,-1.410,-0.260,0.015,0.096,-0.081,0.955,0.675,-1.655,0.540,-0.700,-0.160,0.000,9628,4824,4804
203085,Austin Rivers,2020,-0.660,-0.190,4.090,0.250,-3.470,0.210,-2.730,0.180,0.480,-0.300,1.092,0.828,0.264,0.268,-0.410,-0.850,0.090,0.120,0.220,-0.270,-1.620,-2.120,-1.750,-0.370,0.012,-0.040,0.052,0.398,1.272,-2.108,1.540,-1.710,-0.170,0.000,24190,12099,12091
204037,Travis Wear,2020,-1.480,-0.220,1.520,-0.030,-0.040,0.080,-0.010,0.090,0.240,-0.150,0.497,0.351,0.146,-0.757,-0.010,-0.040,-0.200,0.130,0.210,-0.210,0.320,-0.010,-0.010,0.000,-0.183,-0.236,0.053,0.183,0.587,-0.193,-0.170,-0.010,-0.180,0.000,911,454,457
1626155,Sam Dekker,2020,3.870,0.210,-2.000,-0.720,-1.840,-0.190,-0.020,-0.730,-0.040,-0.690,0.146,0.160,-0.014,0.984,-0.740,-0.720,0.890,-0.120,-0.120,0.300,-0.100,-1.300,-1.300,0.000,0.465,0.491,-0.026,0.255,-0.584,-0.835,0.400,-0.580,-0.180,0.000,6300,3135,3165
1627814,Damion Lee,2020,-1.780,0.440,1.080,-0.800,0.710,0.110,2.300,-0.430,-0.760,0.330,0.584,0.268,0.316,-0.654,0.680,-0.120,-0.040,-0.190,-0.620,-0.100,-0.310,0.350,0.310,0.040,-0.032,0.008,-0.040,0.002,0.154,0.318,-0.500,0.320,-0.190,-0.010,9058,4531,4527
1627820,Tyrone Wallace,2020,2.010,0.160,-2.690,-0.910,0.710,-0.210,-1.800,-0.970,-0.880,-0.090,-0.263,0.144,-0.407,0.133,-0.440,-0.040,0.280,0.630,0.170,0.250,1.670,1.340,1.630,-0.290,0.098,0.085,0.013,-0.518,-1.233,1.438,-1.100,0.920,-0.190,-0.010,6592,3290,3302
1629622,Max Strus,2020,0.060,-0.030,0.320,-0.050,-0.370,-0.080,-0.080,0.010,0.010,-0.000,-0.017,-0.011,-0.006,0.187,-0.070,-0.070,-0.180,0.010,0.250,-0.040,-0.020,-0.330,-0.150,-0.180,-0.069,-0.027,-0.042,-0.001,-0.007,-0.399,0.180,-0.400,-0.210,0.010,30,15,15
203944,Julius Randle,2020,2.300,0.290,-2.110,-0.340,-0.200,-0.450,-0.320,0.550,0.310,0.240,-0.657,-0.073,-0.584,0.457,-0.180,-0.060,-0.670,0.020,0.850,0.090,-0.300,-0.270,-0.160,-0.110,-0.691,-0.383,-0.308,0.401,-0.107,-0.961,0.350,-0.560,-0.210,-0.000,26571,13280,13291
1629139,Yuta Watanabe,2020,-0.540,-0.130,0.350,-0.300,0.200,0.040,-1.300,-0.270,-0.120,-0.150,-0.040,0.141,-0.181,0.240,0.200,-0.020,-0.670,-0.100,0.470,0.020,-1.010,-0.160,-0.170,0.010,0.158,0.114,0.044,-0.138,-0.310,-0.002,-0.070,-0.140,-0.220,-0.010,988,498,490
203967,Dario Saric,2020,0.580,0.200,-0.100,0.120,-0.420,0.020,2.860,0.310,0.440,-0.130,-0.353,-0.107,-0.246,0.483,0.060,0.050,-0.250,-0.540,0.170,0.090,-1.250,-0.790,-0.940,0.150,-0.468,-0.500,0.032,0.588,-0.043,-1.258,0.440,-0.670,-0.230,0.000,25591,12781,12810
1629620,Justin Robinson,2020,-0.390,-0.240,0.220,0.040,0.180,0.050,0.650,-0.210,-0.000,-0.210,-0.014,0.085,-0.099,-0.016,0.130,-0.150,-0.310,-0.020,0.190,-0.040,-0.090,-0.300,-0.310,0.010,0.252,-0.035,0.287,0.048,-0.224,-0.048,-0.240,0.000,-0.230,0.010,190,96,94
1629013,Landry Shamet,2020,-1.690,0.060,2.250,0.700,-0.560,-0.140,2.830,0.720,0.700,0.020,-0.183,0.441,-0.624,0.113,-0.310,-0.540,0.940,0.310,-0.630,-0.260,-0.430,-0.690,-0.500,-0.190,-0.556,-0.326,-0.230,0.346,0.537,-1.246,0.650,-0.900,-0.250,0.000,14832,7432,7400
1891,Jason Terry,2020,-1.130,-0.130,0.060,0.400,1.070,-0.330,0.800,0.170,0.070,0.100,-0.203,-0.228,0.025,0.083,-1.230,-0.330,0.440,-0.060,0.790,-0.060,0.120,-1.100,-0.830,-0.270,0.904,0.905,-0.001,-0.104,-0.033,-0.196,0.050,-0.300,-0.250,0.000,3274,1635,1639
201942,DeMar DeRozan,2020,-2.390,0.400,-2.650,0.520,4.920,1.250,-2.400,2.220,1.330,0.890,1.138,0.984,0.154,-1.558,-1.150,0.090,1.760,-0.520,-0.720,-0.620,1.080,-0.860,-0.460,-0.400,-0.567,-0.148,-0.419,-0.633,3.358,-1.427,1.800,-2.060,-0.260,-0.000,32769,16391,16378
201959,Taj Gibson,2020,-0.920,0.270,-5.180,-0.460,6.170,-0.340,-2.740,-3.210,-2.390,-0.820,0.581,0.397,0.184,1.369,0.050,-0.490,-0.820,0.030,0.790,0.470,-0.620,0.440,0.120,0.320,0.757,0.150,0.607,-0.207,-2.629,1.197,-1.260,0.990,-0.270,0.000,21432,10697,10735
1626178,Rondae Hollis-Jefferson,2020,2.640,-1.860,-1.390,-0.360,-1.250,-0.440,-0.910,-0.950,-1.460,0.510,-0.058,0.319,-0.377,0.338,0.690,0.580,-0.060,-0.160,-0.630,-0.310,0.030,-0.140,0.120,-0.260,0.153,-0.007,0.160,0.377,-1.008,0.013,-0.670,0.390,-0.280,-0.000,17411,8674,8737
2863,Damien Wilkins,2020,-0.170,-0.290,0.080,-0.110,0.100,-0.020,-0.530,-0.190,-0.150,-0.040,0.060,0.096,-0.036,0.350,-0.210,-0.110,0.140,0.190,0.080,-0.220,0.210,-0.340,-0.220,-0.120,-0.074,-0.045,-0.029,-0.096,-0.130,-0.414,0.220,-0.510,-0.290,0.000,497,252,245
1629626,Bol Bol,2020,0.360,-0.110,-0.270,0.190,-0.090,-0.220,0.380,0.420,0.310,0.110,-0.228,-0.100,-0.128,0.348,-0.060,-0.080,-0.390,-0.140,0.460,-0.070,-0.800,-0.940,-0.870,-0.070,0.003,-0.034,0.037,0.097,0.192,-0.937,0.540,-0.840,-0.300,0.000,429,214,215
1627736,Malik Beasley,2020,0.420,-0.860,0.220,1.270,-0.640,-1.160,2.170,0.600,0.890,-0.290,0.017,-0.269,0.286,0.163,-0.790,-0.930,0.590,-0.260,0.190,0.150,-0.260,-1.550,-1.360,-0.190,0.373,0.274,0.099,0.097,0.617,-1.177,0.780,-1.080,-0.300,0.000,15692,7849,7843
1628384,OG Anunoby,2020,0.520,0.100,0.820,-0.280,-1.330,-0.080,-1.240,-0.370,-0.080,-0.290,-0.393,0.069,-0.462,-0.337,0.120,-0.160,0.090,0.200,-0.200,-0.700,-1.480,-0.280,-0.550,0.270,0.708,0.362,0.346,0.362,-0.763,0.428,-1.100,0.790,-0.310,0.000,22165,11061,11104
1629663,Louis King,2020,-0.050,-0.060,0.160,-0.070,-0.110,-0.210,-0.080,0.050,0.020,0.030,0.129,0.065,0.064,-0.199,-0.110,-0.020,-0.110,-0.050,0.220,0.010,-0.010,-0.130,-0.020,-0.110,-0.084,-0.049,-0.035,-0.076,0.179,-0.214,-0.020,-0.290,-0.310,0.000,236,120,116
202933,Julyan Stone,2020,-0.920,0.020,1.340,-0.060,-0.410,-0.050,0.500,-0.320,-0.020,-0.300,0.093,-0.066,0.159,-0.033,0.100,-0.040,0.110,-0.010,-0.200,-0.030,0.180,0.130,0.260,-0.130,-0.052,-0.058,0.006,-0.138,-0.227,0.078,-0.260,-0.060,-0.320,0.000,702,353,349
204038,Langston Galloway,2020,-0.990,-1.340,2.540,-0.500,-1.530,0.280,0.080,-0.840,-1.090,0.250,0.467,0.294,0.173,0.303,-0.720,-0.100,1.430,0.230,-0.700,-0.240,0.710,-0.280,-0.200,-0.080,0.100,-0.129,0.229,-0.070,-0.373,-0.180,-0.070,-0.250,-0.320,-0.000,17188,8602,8586
1629611,Terance Mann,2020,0.220,-0.120,0.080,0.270,-0.300,-0.780,0.240,-0.190,-0.400,0.210,-0.129,-0.012,-0.117,-0.421,-0.560,-0.150,0.320,0.060,0.240,0.290,1.190,0.190,0.380,-0.190,0.113,0.088,0.025,0.117,-0.319,0.303,-0.740,0.420,-0.330,-0.010,1574,779,795
1627779,Marcus Paige,2020,-0.010,-0.120,0.340,-0.140,-0.320,-0.050,0.610,0.000,-0.030,0.030,0.228,0.166,0.062,-0.118,-0.080,-0.120,-0.130,-0.030,0.210,-0.070,-0.240,-0.470,-0.330,-0.140,-0.043,-0.037,-0.006,0.073,0.228,-0.513,0.110,-0.440,-0.330,-0.000,110,54,56
1629026,Kenrich Williams,2020,-0.490,-0.280,1.640,-0.250,-1.170,-0.500,2.780,-0.790,-0.320,-0.470,0.211,0.192,0.019,0.249,-0.660,-0.500,0.140,-0.380,0.490,0.140,-0.040,-0.840,-0.920,0.080,0.804,0.250,0.554,0.026,-0.579,-0.036,-0.330,-0.010,-0.340,-0.000,8012,3993,4019
1628398,Kyle Kuzma,2020,1.640,0.880,-0.680,-0.960,-0.970,-0.010,-1.430,-0.350,-0.350,-0.000,-0.131,0.086,-0.217,0.541,-0.400,0.250,0.560,-0.170,-0.160,0.830,1.430,0.110,0.500,-0.390,-0.245,-0.210,-0.035,-0.265,-0.481,-0.135,0.060,-0.400,-0.340,-0.000,27515,13755,13760
203121,Darius Miller,2020,-1.170,-0.180,1.710,0.400,-0.550,0.790,1.570,1.650,1.390,0.260,0.472,0.563,-0.091,-0.802,-0.500,-0.270,0.330,0.490,0.160,-0.120,0.590,-0.200,0.440,-0.640,-0.736,-0.650,-0.086,-0.724,2.122,-0.936,1.320,-1.660,-0.350,-0.010,14874,7427,7447
1628475,Matt Williams Jr.,2020,-0.100,-0.100,0.350,-0.110,-0.240,0.000,-0.110,-0.010,-0.040,0.030,-0.034,0.010,-0.044,-0.106,-0.050,-0.060,-0.180,0.020,0.230,-0.080,0.080,-0.200,-0.090,-0.110,0.030,-0.068,0.098,-0.030,-0.044,-0.170,-0.150,-0.200,-0.350,0.000,45,22,23
201152,Thaddeus Young,2020,2.270,-0.590,-1.420,-0.290,-0.830,0.110,1.050,-1.720,-1.060,-0.660,-0.321,-0.497,0.176,0.661,-0.380,-0.590,-0.770,-0.250,1.160,-0.040,-1.140,-0.910,-0.930,0.020,1.945,0.918,1.027,-0.015,-2.041,1.035,-1.380,1.020,-0.360,0.000,27811,13876,13935
1627819,Isaiah Taylor,2020,1.260,-0.730,-0.290,0.520,-0.970,-0.570,-0.300,0.420,0.480,-0.060,-0.413,0.018,-0.431,-0.567,0.550,0.080,-0.380,0.140,-0.160,0.020,-0.110,0.440,0.600,-0.160,-0.224,-0.071,-0.153,-0.016,0.007,0.216,-0.560,0.200,-0.360,0.000,4550,2276,2274
202322,John Wall,2020,1.070,0.960,0.800,-0.160,-1.920,-0.320,-1.230,0.950,1.020,-0.070,-0.236,-0.265,0.029,-1.594,-0.300,0.410,0.440,-0.220,-0.210,0.130,0.290,0.380,0.220,0.160,0.512,-0.069,0.581,-0.372,0.714,0.892,-0.880,0.520,-0.370,-0.010,10709,5368,5341
1628769,Tahjere McCall,2020,0.100,-0.060,0.200,-0.090,-0.300,-0.040,0.070,-0.050,-0.100,0.050,-0.023,0.063,-0.086,0.023,-0.110,-0.120,-0.210,-0.010,0.320,-0.070,-0.080,-0.370,-0.250,-0.120,0.124,-0.008,0.132,-0.084,-0.073,-0.246,-0.050,-0.330,-0.380,0.000,39,20,19
1628396,Tony Bradley,2020,-1.470,-0.490,0.520,-0.200,0.960,0.530,-1.130,-1.460,-1.170,-0.290,0.183,0.319,-0.136,2.067,-0.510,-0.180,0.480,0.210,0.040,-0.510,0.850,-0.600,-0.460,-0.140,-0.512,-0.325,-0.187,-0.058,-1.277,-1.112,0.790,-1.170,-0.380,-0.000,3148,1575,1573
1626177,Dakari Johnson,2020,-0.060,-0.070,-0.560,-0.200,0.630,-0.260,-0.780,-1.100,-0.950,-0.150,-0.267,0.049,-0.316,0.377,0.400,-0.160,-0.480,0.190,0.090,-0.010,0.540,0.000,0.170,-0.170,0.252,0.217,0.035,0.348,-1.367,0.252,-0.990,0.600,-0.390,0.000,613,305,308
1629642,Nassir Little,2020,-0.420,-0.070,-0.100,-0.200,0.490,0.110,-0.030,-0.080,0.020,-0.100,0.357,-0.120,0.477,0.363,0.000,0.280,-0.550,-0.270,0.540,-0.150,0.090,-0.530,-0.240,-0.290,-0.052,-0.095,0.043,-0.448,0.277,-0.582,0.640,-1.030,-0.390,0.000,2380,1179,1201
1627852,Nicolas Brussino,2020,-0.170,-0.100,0.320,-0.130,-0.150,-0.010,-0.210,-0.180,-0.090,-0.090,0.013,0.004,0.009,-0.033,-0.020,-0.100,-0.300,0.080,0.320,-0.070,-0.060,-0.150,-0.070,-0.080,-0.057,-0.036,-0.021,0.007,-0.167,-0.207,-0.200,-0.200,-0.400,-0.000,38,19,19
1626257,Salah Mejri,2020,-1.640,-0.470,1.290,-0.020,0.340,0.400,0.300,-0.070,0.520,-0.590,0.140,0.255,-0.115,-0.120,1.310,0.230,-1.040,-0.020,-0.280,-0.110,-0.940,0.600,0.620,-0.020,-0.617,-0.395,-0.222,-0.343,0.070,-0.017,-0.050,-0.360,-0.410,0.000,3912,1949,1963
1628443,Kadeem Allen,2020,0.480,-0.020,-0.690,0.080,0.200,-0.060,1.060,0.450,0.280,0.170,0.230,0.216,0.014,0.110,-0.130,-0.040,-0.290,-0.120,0.420,-0.260,-1.540,-1.120,-0.800,-0.320,-0.266,-0.282,0.016,0.186,0.680,-1.386,0.790,-1.200,-0.410,0.000,2567,1278,1289
1627395,Julian Washburn,2020,-0.590,-0.330,0.430,-0.150,0.160,-0.560,-1.060,-1.930,-1.880,-0.050,0.646,0.197,0.449,1.194,-0.210,-0.050,-0.380,-0.030,0.590,-0.010,-0.760,-0.220,-0.090,-0.130,0.054,0.119,-0.065,-0.154,-1.284,-0.166,-0.090,-0.320,-0.410,-0.000,830,407,423
1626192,Pat Connaughton,2020,-0.210,-0.480,2.610,-0.760,-2.390,0.620,0.040,-0.750,-0.570,-0.180,0.080,0.119,-0.039,0.770,1.740,0.980,-0.950,0.130,-0.790,-0.230,-0.470,0.540,0.730,-0.190,-1.123,-0.620,-0.503,0.053,-0.670,-0.583,0.100,-0.530,-0.430,0.000,18274,9105,9169
1627856,Matt Costello,2020,-0.080,-0.220,0.380,0.080,-0.300,0.070,0.400,0.300,0.430,-0.130,-0.128,-0.085,-0.043,-0.122,0.010,-0.120,-0.280,-0.030,0.280,-0.080,-0.210,-0.350,-0.250,-0.100,0.072,-0.030,0.102,-0.212,0.172,-0.278,0.050,-0.490,-0.440,-0.000,126,63,63
1627784,Jarrod Uthoff,2020,-0.370,-0.150,0.320,-0.010,0.060,-0.080,0.460,-0.140,-0.000,-0.140,-0.178,0.049,-0.227,0.218,-0.250,-0.150,-0.260,0.010,0.500,-0.000,-0.230,-0.200,-0.150,-0.050,-0.049,-0.044,-0.005,-0.091,-0.318,-0.249,-0.100,-0.340,-0.440,0.000,212,106,106
203894,Shabazz Napier,2020,-0.290,-0.480,1.440,-0.490,-1.160,-0.720,-2.690,-0.800,-1.360,0.560,-0.300,-0.111,-0.189,-0.090,-0.310,0.110,0.760,0.350,-0.440,-0.490,2.520,0.080,-0.090,0.170,0.413,-0.150,0.563,0.247,-1.100,0.493,-1.190,0.740,-0.450,0.000,15784,7893,7891
1628368,De'Aaron Fox,2020,1.360,0.240,-2.020,0.820,0.660,-0.830,-0.880,-0.140,-0.010,-0.130,0.857,0.266,0.591,-0.057,-0.920,-0.290,-0.830,-0.130,1.750,-0.050,-0.030,-1.090,-0.980,-0.110,-0.003,-0.004,0.001,-0.017,0.717,-1.093,0.660,-1.110,-0.460,-0.010,24484,12260,12224
1628417,Jaron Blossomgame,2020,-0.420,0.280,-0.030,-0.180,0.460,-0.660,-0.680,-0.310,-0.370,0.060,0.301,-0.118,0.419,0.019,-0.380,-0.060,0.010,-0.040,0.360,-0.030,-0.720,-0.310,-0.360,0.050,-0.232,-0.239,0.007,0.062,-0.009,-0.542,0.010,-0.480,-0.470,0.000,1627,808,819
1628968,Brian Bowen II,2020,0.240,-0.090,-0.070,-0.110,-0.170,-0.050,-0.280,-0.200,-0.120,-0.080,-0.086,-0.152,0.066,0.206,-0.190,-0.050,-0.180,-0.010,0.370,-0.050,-0.280,-0.330,-0.240,-0.090,-0.123,-0.083,-0.040,0.053,-0.286,-0.453,-0.080,-0.400,-0.480,0.000,122,62,60
1628998,Cody Martin,2020,1.270,-0.060,-1.100,-0.900,-0.170,-0.090,-1.530,-1.380,-1.350,-0.030,0.080,-0.057,0.137,0.830,0.090,-0.160,-0.860,-0.140,0.770,-0.480,-0.690,-1.910,-1.850,-0.060,0.988,0.143,0.845,0.912,-1.300,-0.922,-0.470,-0.010,-0.480,-0.000,3457,1722,1735
1629150,Emanuel Terry,2020,0.170,-0.160,0.210,-0.180,-0.390,0.100,-0.610,-0.080,-0.160,0.080,-0.189,-0.100,-0.089,0.239,-0.070,-0.120,-0.250,-0.020,0.330,-0.140,-0.220,-0.500,-0.380,-0.120,0.061,0.021,0.040,-0.021,-0.269,-0.439,-0.030,-0.460,-0.490,0.000,97,48,49
1629667,Jalen McDaniels,2020,-0.150,-0.430,0.390,0.060,-0.230,0.000,0.100,-0.330,-0.160,-0.170,-0.344,-0.386,0.042,0.464,0.230,-0.040,-0.470,0.150,0.240,-0.320,-0.490,-0.410,-0.270,-0.140,0.086,0.097,-0.011,0.034,-0.674,-0.324,-0.210,-0.290,-0.500,-0.000,1128,560,568
202705,MarShon Brooks,2020,0.320,0.100,-0.530,-0.140,0.210,-0.560,-2.060,-0.880,-0.650,-0.230,0.490,0.499,-0.009,0.740,-0.360,0.120,-0.820,-0.050,1.170,-0.440,-1.110,-1.240,-1.140,-0.100,0.490,0.119,0.371,-0.110,-0.390,-0.750,0.350,-0.860,-0.500,0.010,2179,1101,1078
1628961,Kostas Antetokounmpo,2020,0.050,-0.100,-0.050,-0.060,0.000,-0.090,-0.050,-0.080,-0.060,-0.020,-0.068,0.014,-0.082,-0.012,-0.110,-0.180,-0.260,0.010,0.370,-0.060,-0.170,-0.400,-0.340,-0.060,0.008,-0.062,0.070,0.052,-0.148,-0.392,-0.160,-0.340,-0.510,-0.010,132,65,67
203457,Nerlens Noel,2020,-0.180,-1.010,-2.210,-0.770,2.430,-0.590,-3.230,-2.530,-2.500,-0.030,-0.537,-0.762,0.225,0.397,-0.620,0.670,-0.150,0.460,0.770,0.200,2.040,1.540,1.670,-0.130,0.836,-0.197,1.033,-0.226,-3.067,2.376,-2.670,2.150,-0.510,0.010,10877,5421,5456
1626780,Jonathan Gibson,2020,0.290,0.020,0.370,-0.090,-0.640,0.060,0.670,0.190,0.340,-0.150,-0.072,0.066,-0.138,0.002,-0.230,-0.150,-0.270,-0.040,0.500,-0.060,-0.770,-0.440,-0.390,-0.050,-0.066,-0.056,-0.010,-0.134,0.118,-0.506,0.120,-0.640,-0.520,0.000,167,84,83
1628985,Devon Hall,2020,-0.640,-0.250,0.870,0.080,-0.220,-0.260,0.570,-0.430,-0.280,-0.150,0.059,0.097,-0.038,-0.039,-0.140,-0.090,-0.160,0.080,0.300,-0.190,0.210,-0.440,-0.390,-0.050,0.112,0.069,0.043,0.218,-0.371,-0.328,-0.410,-0.110,-0.520,0.000,356,176,180
201599,DeAndre Jordan,2020,1.310,-0.580,-2.060,0.000,0.730,-1.420,-1.520,-1.770,-1.340,-0.430,-1.841,-1.700,-0.141,1.551,2.270,-0.780,-0.920,0.400,-1.410,0.590,-0.660,2.300,1.750,0.550,-0.987,-0.365,-0.622,0.227,-3.611,1.313,-2.060,1.540,-0.520,-0.000,22378,11182,11196
1628404,Josh Hart,2020,0.030,-0.210,1.980,0.280,-2.020,-1.280,0.680,-0.500,-0.010,-0.490,-0.483,0.039,-0.522,0.343,-0.680,0.280,0.160,0.210,0.530,0.380,1.100,-0.410,-0.090,-0.320,-0.049,0.036,-0.085,0.569,-0.983,-0.459,-0.640,0.110,-0.530,-0.000,20221,10093,10128
203481,Jeff Withey,2020,-0.280,-0.010,0.410,-0.080,-0.120,-0.150,-0.120,-0.260,-0.250,-0.010,0.096,0.025,0.071,-0.086,0.070,-0.120,-0.330,0.030,0.260,-0.090,0.000,-0.240,-0.140,-0.100,-0.008,-0.022,0.014,-0.032,-0.164,-0.248,-0.250,-0.280,-0.530,0.000,105,53,52
202683,Enes Kanter,2020,1.460,-1.030,-4.310,-0.160,2.860,-0.520,-3.340,-2.170,-1.990,-0.180,-0.641,-0.041,-0.600,3.271,0.200,-1.140,0.320,0.070,-0.530,-0.630,-1.770,-1.620,-1.700,0.080,-0.254,-0.277,0.023,0.874,-2.811,-1.874,0.460,-1.000,-0.530,0.010,19519,9794,9725
1629152,DeVaughn Akoon-Purcell,2020,0.140,-0.180,0.270,-0.090,-0.410,-0.060,0.240,-0.060,-0.060,-0.000,-0.029,0.084,-0.113,-0.021,-0.070,-0.140,-0.260,-0.010,0.330,-0.050,-0.080,-0.380,-0.300,-0.080,0.016,0.001,0.015,-0.056,-0.089,-0.364,-0.110,-0.420,-0.540,-0.010,89,44,45
1629605,Tacko Fall,2020,0.180,-0.020,-0.040,-0.150,-0.140,0.000,-0.010,-0.120,-0.090,-0.030,-0.081,0.111,-0.192,-0.129,0.260,-0.070,-0.430,-0.000,0.170,-0.000,-0.250,-0.230,-0.160,-0.070,-0.041,-0.027,-0.014,0.061,-0.201,-0.271,-0.330,-0.210,-0.550,-0.010,143,71,72
1628450,Eric Mika,2020,-0.140,-0.160,0.530,-0.100,-0.380,0.060,-0.100,-0.010,-0.000,-0.010,-0.111,-0.046,-0.065,-0.009,0.080,-0.060,-0.260,-0.020,0.180,-0.130,-0.240,-0.420,-0.320,-0.100,-0.042,-0.086,0.044,0.042,-0.121,-0.462,-0.130,-0.420,-0.550,0.000,78,39,39
2772,Trevor Ariza,2020,0.180,0.690,2.970,0.200,-3.170,-1.080,1.240,0.280,0.310,-0.030,-0.513,0.067,-0.580,-0.967,-1.460,-0.840,0.640,-0.310,0.810,0.860,0.290,-0.770,-0.940,0.170,0.753,0.475,0.278,0.647,-0.233,-0.017,-1.200,0.630,-0.570,0.000,26278,13154,13124
201281,Andre Ingram,2020,-0.750,0.060,0.730,0.020,0.030,-0.150,0.510,0.120,0.130,-0.010,-0.181,-0.228,0.047,-0.319,-0.230,-0.010,-0.200,-0.010,0.430,-0.090,-0.170,-0.430,-0.380,-0.050,0.115,-0.050,0.165,0.135,-0.061,-0.315,-0.380,-0.180,-0.570,-0.010,335,169,166
1626171,Bobby Portis,2020,-1.550,-0.040,0.370,-0.080,1.180,0.810,2.740,1.170,1.490,-0.320,0.088,0.623,-0.535,0.052,0.820,-1.060,-1.470,-0.460,0.640,-0.100,-1.780,-1.540,-1.530,-0.010,-0.217,-0.026,-0.191,-0.133,1.258,-1.757,1.310,-1.890,-0.570,0.010,16719,8353,8366
1628505,Troy Caupain,2020,0.010,-0.080,0.260,-0.090,-0.270,-0.080,-0.090,-0.270,-0.210,-0.060,-0.018,-0.011,-0.007,0.178,-0.100,-0.110,-0.170,-0.010,0.280,-0.090,-0.170,-0.430,-0.330,-0.100,-0.079,-0.053,-0.026,0.039,-0.288,-0.509,-0.110,-0.470,-0.580,0.000,60,30,30
202951,Jeremy Pargo,2020,0.090,-0.020,0.190,-0.040,-0.280,-0.120,-0.040,0.150,0.170,-0.020,0.062,0.179,-0.117,-0.302,0.130,-0.130,-0.380,0.020,0.260,-0.140,-0.130,-0.410,-0.310,-0.100,0.013,0.057,-0.044,-0.093,0.212,-0.397,-0.090,-0.490,-0.580,0.000,176,88,88
202327,Ekpe Udoh,2020,-1.740,-0.520,1.100,0.810,0.620,-0.140,-0.740,0.200,0.620,-0.420,-0.066,0.065,-0.131,-0.464,-1.460,0.340,0.280,-0.080,1.170,-0.200,0.310,-0.870,-0.680,-0.190,0.390,0.235,0.155,0.220,0.134,-0.480,-0.330,-0.260,-0.590,0.000,4431,2202,2229
1629662,Mfiondu Kabengele,2020,0.020,-0.200,0.330,0.050,-0.350,-0.030,0.500,0.040,0.100,-0.060,-0.285,-0.018,-0.267,0.115,-0.150,-0.170,0.050,-0.020,0.100,-0.010,-0.040,-0.460,-0.320,-0.140,-0.030,-0.030,-0.000,0.030,-0.245,-0.490,-0.130,-0.460,-0.590,0.000,260,130,130
1626199,Darrun Hilliard,2020,-0.140,-0.150,0.440,-0.060,-0.300,0.180,-0.220,0.000,0.100,-0.100,0.024,0.047,-0.023,0.116,0.090,-0.240,-0.200,0.010,0.110,-0.110,-0.300,-0.370,-0.260,-0.110,-0.124,-0.085,-0.039,-0.236,0.024,-0.494,0.140,-0.730,-0.590,0.000,371,188,183
1626210,Alan Williams,2020,-0.560,-0.100,0.480,-0.200,0.100,-0.170,0.400,-0.820,-0.630,-0.190,-0.020,-0.298,0.278,0.040,-0.130,0.100,-0.090,0.050,0.230,-0.010,0.080,0.180,0.340,-0.160,-0.013,0.088,-0.101,0.023,-0.840,0.167,-0.800,0.190,-0.610,-0.000,388,197,191
1628366,Lonzo Ball,2020,0.510,-0.640,1.950,-0.160,-2.460,-1.160,2.620,-1.420,-0.750,-0.670,-0.482,-0.569,0.087,-0.438,-1.210,0.460,0.970,0.210,0.230,0.060,0.820,1.520,1.140,0.380,0.436,0.429,0.007,-0.226,-1.902,1.956,-2.340,1.730,-0.610,-0.000,21453,10750,10703
203186,Willie Reed,2020,-0.130,-0.340,-0.570,-0.110,0.720,0.550,0.030,-0.240,-0.240,-0.000,-0.098,-0.284,0.186,0.418,-0.070,-0.210,0.230,-0.000,-0.140,-0.290,0.050,-0.830,-0.620,-0.210,0.333,0.116,0.217,-0.203,-0.338,-0.497,0.080,-0.700,-0.620,0.000,1408,707,701
1627855,Okaro White,2020,-0.110,-0.170,0.390,-0.060,-0.280,0.080,-0.490,-0.110,-0.050,-0.060,-0.160,0.039,-0.199,0.000,-0.180,-0.130,-0.190,-0.010,0.370,-0.070,-0.010,-0.430,-0.360,-0.070,0.013,-0.031,0.044,0.057,-0.270,-0.417,-0.270,-0.360,-0.620,0.010,247,123,124
1626205,Vincent Hunter,2020,0.060,-0.010,0.160,-0.130,-0.220,-0.140,-0.120,-0.260,-0.230,-0.030,-0.032,-0.019,-0.013,0.042,-0.030,-0.100,-0.240,-0.040,0.270,-0.060,-0.240,-0.390,-0.310,-0.080,0.031,0.033,-0.002,-0.021,-0.292,-0.359,-0.250,-0.380,-0.620,0.010,21,11,10
203092,Tyler Zeller,2020,-0.800,-0.660,-1.300,0.010,2.100,0.160,0.910,-0.660,-0.390,-0.270,-0.076,0.150,-0.226,0.236,0.670,0.090,0.660,-0.080,-1.330,-0.040,-0.820,0.590,0.450,0.140,-0.896,-0.248,-0.648,0.176,-0.736,-0.306,-0.500,-0.130,-0.630,0.000,4978,2495,2483
201229,Anthony Tolliver,2020,-1.720,-1.340,2.410,-0.610,-0.680,0.070,-0.210,-1.440,-1.220,-0.220,1.116,0.123,0.993,-0.376,0.340,0.330,-0.760,-0.320,0.410,0.290,-0.570,-0.170,-0.140,-0.030,0.445,0.096,0.349,-0.215,-0.324,0.275,-0.700,0.060,-0.630,0.010,14313,7147,7166
2570,Kendrick Perkins,2020,-0.110,-0.100,0.190,-0.030,-0.080,-0.100,-0.300,-0.070,-0.080,0.010,-0.074,-0.068,-0.006,0.064,-0.090,-0.110,-0.180,-0.070,0.270,-0.080,-0.500,-0.480,-0.420,-0.060,0.031,-0.042,0.073,-0.111,-0.144,-0.449,-0.080,-0.560,-0.640,0.000,57,28,29
203200,Justin Holiday,2020,-2.120,-0.540,1.770,0.170,0.350,-0.050,2.580,0.940,0.630,0.310,0.217,-0.239,0.456,-2.117,0.260,0.100,-0.490,0.160,0.210,-0.080,0.690,0.230,0.040,0.190,0.369,0.487,-0.118,-0.269,1.157,0.599,-0.960,0.330,-0.640,-0.010,26150,13080,13070
1629760,Matt Mooney,2020,0.100,-0.140,0.220,-0.300,-0.320,-0.050,-0.340,-0.770,-0.710,-0.060,0.150,0.046,0.104,0.190,-0.170,-0.040,-0.220,-0.020,0.390,-0.060,-0.270,-0.240,-0.160,-0.080,0.038,-0.042,0.080,-0.018,-0.620,-0.202,-0.430,-0.220,-0.650,-0.000,75,37,38
1629719,Devontae Cacok,2020,0.050,-0.200,0.110,-0.070,-0.160,-0.020,0.090,-0.140,-0.100,-0.040,-0.066,-0.094,0.028,0.046,-0.200,-0.130,-0.180,-0.010,0.380,-0.070,-0.310,-0.350,-0.290,-0.060,-0.041,-0.012,-0.029,-0.099,-0.206,-0.391,-0.160,-0.490,-0.650,0.000,43,22,21
1629346,Alen Smailagic,2020,0.000,0.200,0.080,0.040,-0.080,-0.030,0.180,0.800,0.790,0.010,-0.511,-0.138,-0.373,-0.249,0.170,0.040,-0.510,-0.130,0.340,-0.040,-0.480,-0.100,-0.060,-0.040,-0.133,-0.119,-0.014,-0.447,0.289,-0.233,0.040,-0.680,-0.650,-0.010,570,288,282
201149,Joakim Noah,2020,1.010,-0.530,-2.020,-0.750,1.010,-0.390,-2.040,-1.460,-1.580,0.120,-0.295,0.241,-0.536,-0.155,0.650,0.160,-1.370,0.340,0.720,0.060,0.090,0.760,0.970,-0.210,0.057,0.011,0.046,0.423,-1.755,0.817,-1.910,1.240,-0.670,-0.000,3046,1518,1528
1628493,Mangok Mathiang,2020,-0.020,-0.080,0.210,-0.240,-0.190,-0.010,0.310,-0.170,-0.160,-0.010,-0.128,-0.030,-0.098,-0.102,-0.090,-0.080,-0.150,0.000,0.250,-0.030,-0.050,-0.290,-0.160,-0.130,-0.036,-0.043,0.007,0.056,-0.298,-0.326,-0.400,-0.270,-0.670,-0.000,80,39,41
1627866,Jameel Warney,2020,-0.120,-0.080,0.130,-0.170,-0.010,-0.090,-0.350,-0.470,-0.410,-0.060,-0.003,-0.004,0.001,0.273,0.000,-0.120,-0.270,-0.010,0.270,-0.090,-0.100,-0.480,-0.400,-0.080,-0.064,-0.039,-0.025,0.074,-0.473,-0.544,-0.200,-0.470,-0.670,0.000,99,48,51
2754,Tony Allen,2020,0.460,-0.340,0.660,-0.100,-1.120,-0.150,0.020,-0.290,-0.040,-0.250,-0.046,0.191,-0.237,-0.014,-0.110,0.050,-0.370,0.100,0.480,-0.290,-0.100,-0.360,-0.200,-0.160,0.226,0.157,0.069,-0.196,-0.336,-0.134,-0.350,-0.330,-0.670,0.010,858,421,437
1629122,J.P. Macura,2020,0.040,-0.100,0.340,-0.150,-0.370,-0.080,-0.140,-0.310,-0.250,-0.060,-0.111,-0.062,-0.049,-0.029,-0.060,-0.060,-0.230,-0.040,0.290,0.000,-0.260,-0.230,-0.140,-0.090,-0.032,-0.065,0.033,0.032,-0.421,-0.262,-0.450,-0.230,-0.680,0.000,73,36,37
1628455,Mike James,2020,0.780,-0.650,-0.550,-0.230,-0.180,-0.460,-2.540,-1.350,-1.100,-0.250,0.693,0.321,0.372,-0.143,-0.130,0.130,0.220,0.170,-0.060,-0.210,1.020,0.470,0.460,0.010,-0.118,-0.109,-0.009,-0.242,-0.657,0.352,-0.800,0.110,-0.680,0.010,2693,1350,1343
1628374,Lauri Markkanen,2020,0.940,-0.540,-0.150,0.140,-0.780,-1.220,0.400,0.190,-0.130,0.320,0.283,0.220,0.063,-0.693,-1.280,-0.720,0.450,0.040,0.830,-0.100,-1.050,-0.500,-0.450,-0.050,-0.283,-0.131,-0.152,0.303,0.473,-0.783,-0.220,-0.480,-0.690,0.010,19884,9934,9950
1628979,Trevon Duval,2020,-0.030,-0.060,0.290,-0.080,-0.260,-0.080,0.100,-0.140,-0.090,-0.050,-0.062,-0.067,0.005,-0.038,-0.120,-0.120,-0.140,-0.010,0.260,-0.080,-0.220,-0.370,-0.300,-0.070,-0.038,-0.045,0.007,-0.062,-0.202,-0.408,-0.240,-0.470,-0.700,0.010,22,11,11
1626148,Anthony Brown,2020,-0.050,-0.130,0.300,-0.070,-0.250,-0.060,0.090,-0.190,-0.150,-0.040,-0.058,-0.034,-0.024,-0.042,-0.030,-0.100,-0.260,-0.010,0.300,-0.090,-0.100,-0.410,-0.310,-0.100,0.007,-0.018,0.025,-0.007,-0.248,-0.403,-0.290,-0.410,-0.700,0.000,19,9,10
203521,Matthew Dellavedova,2020,-0.160,0.390,1.550,-0.180,-1.390,-0.560,3.740,-0.040,0.220,-0.260,-0.238,-0.341,0.103,-1.152,0.190,-0.240,0.380,0.360,-0.570,0.160,0.390,0.510,0.450,0.060,-0.161,-0.240,0.079,0.381,-0.278,0.349,-1.430,0.730,-0.700,0.000,9340,4670,4670
1626158,Richaun Holmes,2020,-1.180,0.620,-0.520,-0.550,1.710,0.330,0.400,-0.580,-0.140,-0.440,-0.405,-0.591,0.186,0.415,0.440,0.210,-0.020,-0.140,-0.420,0.330,-0.910,0.480,0.420,0.060,0.022,0.180,-0.158,-0.632,-0.985,0.502,-0.570,-0.130,-0.700,0.000,12463,6234,6229
203648,Thanasis Antetokounmpo,2020,0.180,0.050,0.370,-0.100,-0.550,-0.140,0.780,-0.140,0.250,-0.390,-0.321,-0.375,0.054,-0.019,0.100,-0.040,-0.320,-0.060,0.230,-0.110,0.170,-0.220,-0.220,0.000,-0.064,0.042,-0.106,0.054,-0.461,-0.284,-0.480,-0.230,-0.710,0.000,560,275,285
203960,JaKarr Sampson,2020,0.260,-0.330,-1.760,-0.580,1.510,0.770,-2.010,-1.150,-0.860,-0.290,-0.018,0.127,-0.145,-0.432,0.250,0.310,-0.560,0.280,0.300,-0.360,1.050,0.570,0.860,-0.290,0.378,0.117,0.261,-0.058,-1.168,0.948,-1.600,0.890,-0.710,-0.000,3806,1907,1899
1628371,Jonathan Isaac,2020,-0.750,-0.550,-2.030,-0.140,2.760,-0.360,-1.820,-1.610,-1.300,-0.310,-0.239,-0.152,-0.087,-0.161,0.710,1.090,0.270,-0.250,-0.980,-0.300,1.570,0.910,0.790,0.120,0.118,-0.068,0.186,0.262,-1.849,1.028,-2.010,1.290,-0.720,0.000,14399,7177,7222
101162,Marcin Gortat,2020,-1.810,-0.460,-2.930,0.820,4.720,0.100,-0.400,-1.780,-0.830,-0.950,-0.616,-0.486,-0.130,0.596,-0.060,-0.270,0.510,0.150,-0.510,0.440,-0.120,1.140,0.730,0.410,-0.455,-0.162,-0.293,0.395,-2.396,0.685,-1.800,1.080,-0.720,0.000,11587,5803,5784
1628502,Nigel Hayes,2020,-0.400,-0.390,0.220,-0.140,0.190,-0.170,-0.560,-0.700,-0.420,-0.280,0.169,0.098,0.071,-0.099,-0.060,-0.180,-0.220,0.140,0.290,-0.040,0.080,0.070,0.170,-0.100,-0.031,-0.122,0.091,-0.139,-0.531,0.039,-0.630,-0.100,-0.730,-0.000,448,221,227
202918,Xavier Silas,2020,-0.090,-0.110,0.370,-0.170,-0.270,-0.130,-0.470,-0.380,-0.400,0.020,0.043,0.039,0.004,0.047,-0.140,-0.070,-0.160,-0.030,0.300,-0.070,-0.200,-0.300,-0.240,-0.060,-0.056,-0.021,-0.035,-0.094,-0.337,-0.356,-0.290,-0.450,-0.730,0.010,29,14,15
201951,Ty Lawson,2020,-0.280,-0.240,-0.060,-0.060,0.340,-0.120,0.290,-0.570,-0.630,0.060,0.161,0.045,0.116,0.279,-0.270,-0.040,-0.150,0.040,0.430,-0.050,0.160,-0.110,0.000,-0.110,-0.026,-0.047,0.021,-0.474,-0.409,-0.136,-0.130,-0.610,-0.740,-0.000,369,188,181
1629018,Gary Trent Jr.,2020,-1.660,-0.020,0.970,0.950,0.650,-1.160,-1.540,0.450,-0.070,0.520,0.721,0.343,0.378,0.249,-0.360,0.010,-0.460,-0.400,0.790,-0.180,-1.530,-1.260,-1.110,-0.150,-0.220,-0.170,-0.050,-0.690,1.171,-1.480,1.420,-2.170,-0.750,0.000,6581,3296,3285
1629676,Isaiah Roby,2020,0.040,-0.150,0.330,-0.070,-0.370,-0.100,-0.140,-0.210,-0.200,-0.010,-0.152,-0.081,-0.071,-0.008,-0.140,-0.100,-0.230,-0.010,0.370,-0.070,-0.300,-0.280,-0.210,-0.070,0.034,0.066,-0.032,-0.134,-0.362,-0.246,-0.370,-0.380,-0.750,0.000,50,24,26
202332,Cole Aldrich,2020,0.120,-0.340,-0.040,-0.020,-0.080,-0.110,-0.570,-0.340,-0.210,-0.130,-0.014,0.071,-0.085,0.074,0.070,-0.160,-0.420,-0.060,0.350,-0.050,0.150,-0.440,-0.300,-0.140,0.123,-0.027,0.150,-0.163,-0.354,-0.317,-0.280,-0.480,-0.760,0.000,180,91,89
203124,Kyle O'Quinn,2020,0.170,0.390,-2.210,-0.130,2.040,0.570,1.640,0.550,0.910,-0.360,-0.423,-0.272,-0.151,0.313,0.600,0.280,-0.730,-0.060,0.130,-0.050,-0.640,-0.170,0.000,-0.170,-0.739,-0.459,-0.280,-0.291,0.127,-0.909,0.440,-1.200,-0.760,0.000,7832,3925,3907
203992,Bogdan Bogdanovic,2020,-0.990,-0.700,1.020,0.030,-0.030,0.580,0.400,0.460,0.760,-0.300,-0.238,-0.023,-0.215,-0.402,0.710,-0.540,-1.060,-0.060,0.360,-0.100,-0.350,-0.900,-0.640,-0.260,-0.078,0.075,-0.153,0.398,0.222,-0.978,-0.180,-0.580,-0.760,0.000,22629,11329,11300
1629155,Zach Lofton,2020,-0.060,-0.100,0.260,-0.100,-0.200,-0.080,0.010,-0.230,-0.210,-0.020,-0.070,-0.043,-0.027,-0.020,-0.110,-0.110,-0.170,-0.020,0.280,-0.090,-0.260,-0.440,-0.350,-0.090,0.024,0.016,0.008,-0.014,-0.300,-0.416,-0.320,-0.430,-0.760,-0.010,15,7,8
203937,Kyle Anderson,2020,-0.870,0.850,-3.200,-1.040,4.090,0.300,-1.430,-1.330,-0.880,-0.450,-0.645,-0.302,-0.343,-1.025,-0.580,1.080,1.220,0.370,-0.650,0.420,1.240,1.840,1.810,0.030,0.222,-0.060,0.282,0.178,-1.975,2.062,-3.000,2.240,-0.760,0.000,18467,9230,9237
203084,Harrison Barnes,2020,-1.310,0.120,0.440,0.200,0.880,-0.860,-2.500,-0.040,-0.550,0.510,0.679,0.621,0.058,-0.879,0.350,-1.210,0.480,0.240,-0.820,-0.090,-0.440,-0.320,-0.330,0.010,-0.553,-0.285,-0.268,0.343,0.639,-0.873,-0.240,-0.530,-0.770,0.000,28938,14469,14469
1629716,Marques Bolden,2020,-0.040,-0.100,0.300,-0.150,-0.260,-0.070,-0.240,-0.310,-0.320,0.010,-0.061,-0.034,-0.027,-0.029,-0.090,-0.070,-0.200,-0.010,0.290,-0.070,-0.140,-0.320,-0.220,-0.100,-0.029,-0.012,-0.017,-0.021,-0.371,-0.349,-0.400,-0.370,-0.770,0.000,13,7,6
203489,Nate Wolters,2020,0.110,-0.220,0.060,-0.130,-0.170,-0.110,-0.650,-0.590,-0.520,-0.070,0.052,0.040,0.012,0.308,0.050,-0.070,-0.380,-0.040,0.330,-0.130,-0.420,-0.440,-0.380,-0.060,-0.023,-0.053,0.030,-0.077,-0.538,-0.463,-0.230,-0.540,-0.770,-0.000,66,33,33
1628249,Mitchell Creek,2020,0.110,-0.290,0.140,-0.160,-0.240,0.040,0.250,-0.530,-0.430,-0.100,-0.100,-0.052,-0.048,0.320,-0.300,-0.040,-0.170,0.080,0.470,-0.130,-0.190,-0.070,-0.040,-0.030,-0.014,0.010,-0.024,-0.376,-0.630,-0.084,-0.310,-0.460,-0.770,0.000,189,96,93
1629044,Shamorie Ponds,2020,-0.020,-0.220,0.330,-0.030,-0.300,-0.060,0.020,-0.220,-0.140,-0.080,0.004,0.064,-0.060,0.026,-0.100,-0.110,-0.190,-0.050,0.290,-0.070,-0.240,-0.550,-0.440,-0.110,0.002,0.015,-0.013,-0.042,-0.216,-0.548,-0.190,-0.590,-0.780,0.000,42,20,22
1628515,Isaiah Briscoe,2020,-0.620,-0.400,0.100,0.030,0.500,-0.220,-0.780,-0.690,-0.570,-0.120,0.172,-0.103,0.275,-0.782,0.120,0.080,-0.250,0.480,0.130,-0.080,0.870,0.860,0.870,-0.010,-0.499,-0.294,-0.205,0.159,-0.518,0.361,-1.300,0.520,-0.780,0.000,2242,1119,1123
1627758,Ron Baker,2020,1.160,-0.290,-1.160,-0.160,0.010,-0.210,-1.520,-0.580,-0.790,0.210,-0.606,-0.187,-0.419,0.246,-0.230,-0.140,0.100,0.140,0.130,-0.070,0.830,-0.520,-0.160,-0.360,0.611,0.187,0.424,0.069,-1.186,0.091,-0.940,0.160,-0.780,0.000,2098,1046,1052
203505,Vander Blue,2020,0.180,-0.020,0.320,-0.220,-0.500,0.080,-0.340,0.020,0.110,-0.090,-0.468,-0.048,-0.420,-0.222,0.010,-0.050,-0.210,-0.010,0.210,-0.100,-0.040,-0.240,-0.210,-0.030,0.092,0.079,0.013,0.038,-0.448,-0.148,-0.670,-0.110,-0.780,0.000,181,92,89
203159,Scott Machado,2020,0.110,0.050,0.010,-0.130,-0.120,-0.240,0.040,-0.290,-0.260,-0.030,0.103,0.032,0.071,-0.013,-0.050,-0.090,-0.210,-0.060,0.260,-0.050,-0.400,-0.390,-0.320,-0.070,-0.131,-0.074,-0.057,-0.069,-0.187,-0.521,-0.200,-0.590,-0.790,0.000,73,37,36
203590,Trey McKinney-Jones,2020,-0.020,-0.100,0.230,-0.120,-0.210,-0.090,-0.220,-0.300,-0.270,-0.030,-0.032,0.003,-0.035,0.002,-0.080,-0.110,-0.220,-0.010,0.300,-0.080,-0.190,-0.390,-0.290,-0.100,-0.039,-0.032,-0.007,-0.031,-0.332,-0.429,-0.330,-0.460,-0.790,0.000,6,3,3
1628407,Dwayne Bacon,2020,0.060,-1.120,-0.750,0.700,0.700,-1.320,-0.320,-1.370,-1.350,-0.020,0.624,0.566,0.058,-0.424,-0.460,-0.580,0.090,0.180,0.370,0.510,0.010,-0.040,0.020,-0.060,-0.055,-0.264,0.209,0.475,-0.746,-0.095,-1.170,0.380,-0.800,-0.010,8505,4240,4265
1627774,Jake Layman,2020,0.810,0.560,0.220,-0.540,-1.030,0.370,0.310,0.280,0.750,-0.470,-1.079,0.029,-1.108,-0.451,-0.190,-0.100,0.840,-0.140,-0.650,0.090,1.440,0.530,0.370,0.160,-0.028,0.176,-0.204,-0.062,-0.799,0.502,-1.250,0.440,-0.820,-0.010,8354,4184,4170
1628513,Naz Mitrou-Long,2020,0.130,-0.320,0.240,-0.050,-0.370,-0.120,-0.120,-0.420,-0.440,0.020,0.008,0.032,-0.024,0.162,-0.200,0.100,-0.020,-0.050,0.220,-0.180,-0.450,-0.310,-0.300,-0.010,-0.310,-0.162,-0.148,0.050,-0.412,-0.620,-0.250,-0.570,-0.830,-0.010,541,266,275
1629677,Luka Samanic,2020,-0.300,-0.010,0.090,-0.130,0.210,-0.150,-0.170,-0.300,-0.260,-0.040,-0.069,0.024,-0.093,-0.201,-0.080,-0.090,-0.270,0.020,0.350,-0.070,-0.160,-0.120,-0.100,-0.020,-0.091,-0.019,-0.072,-0.069,-0.369,-0.211,-0.570,-0.280,-0.840,0.010,199,99,100
200752,Rudy Gay,2020,-0.550,-0.090,-2.960,-0.540,3.550,-0.190,-4.010,-2.010,-1.970,-0.040,-0.268,-0.070,-0.198,0.358,0.610,0.250,-0.740,0.180,0.170,0.040,0.200,0.880,0.780,0.100,0.058,0.048,0.010,0.132,-2.278,0.938,-1.920,1.070,-0.850,-0.000,19248,9651,9597
203949,James Michael McAdoo,2020,0.000,-0.140,0.290,-0.070,-0.300,-0.100,-0.260,-0.350,-0.270,-0.080,0.002,0.021,-0.019,-0.132,-0.100,-0.120,-0.130,0.000,0.230,-0.080,-0.200,-0.410,-0.310,-0.100,-0.005,-0.071,0.066,0.035,-0.348,-0.415,-0.480,-0.380,-0.850,0.010,76,39,37
1629669,Jaylen Nowell,2020,-0.030,-0.290,0.910,-0.480,-0.880,-0.080,-1.200,-0.900,-0.980,0.080,0.126,0.346,-0.220,-0.376,-0.470,-0.040,0.200,0.170,0.280,-0.090,0.640,-0.160,0.090,-0.250,0.138,-0.136,0.274,0.302,-0.774,-0.022,-1.150,0.280,-0.860,0.010,651,329,322
1626296,Jordan Sibert,2020,0.110,-0.120,0.180,-0.100,-0.290,-0.080,0.020,-0.330,-0.310,-0.020,-0.085,-0.023,-0.062,0.185,0.000,-0.100,-0.260,-0.050,0.260,-0.130,-0.420,-0.570,-0.500,-0.070,-0.056,-0.039,-0.017,-0.004,-0.415,-0.626,-0.230,-0.630,-0.860,0.000,17,9,8
1626643,Jacob Pullen,2020,-0.030,-0.090,0.260,-0.180,-0.230,-0.050,-0.320,-0.360,-0.300,-0.060,-0.112,-0.009,-0.103,-0.078,-0.080,-0.120,-0.210,0.030,0.290,-0.060,-0.130,-0.270,-0.200,-0.070,-0.003,0.003,-0.006,-0.047,-0.472,-0.273,-0.550,-0.320,-0.860,0.010,28,14,14
1628495,Milton Doyle,2020,-0.060,-0.270,0.490,-0.060,-0.430,-0.220,0.210,-0.840,-0.700,-0.140,-0.014,-0.024,0.010,0.294,-0.210,-0.130,-0.200,0.010,0.420,-0.060,0.010,-0.120,-0.130,0.010,0.017,0.051,-0.034,-0.207,-0.854,-0.103,-0.560,-0.310,-0.870,0.000,439,217,222
1629730,Rayjon Tucker,2020,-0.520,-0.070,0.190,-0.230,0.330,-0.050,-0.740,-0.840,-0.630,-0.210,0.145,0.131,0.014,0.555,0.010,-0.110,-0.040,-0.070,0.040,-0.320,-0.030,-0.870,-0.830,-0.040,0.126,-0.002,0.128,0.004,-0.695,-0.744,-0.140,-0.740,-0.880,-0.000,710,353,357
1628959,Rawle Alkins,2020,0.760,-0.620,-0.340,-0.100,-0.420,0.170,0.210,-0.710,-0.520,-0.190,0.045,0.322,-0.277,0.545,-0.050,-0.070,-0.340,-0.070,0.390,-0.140,-0.600,-0.790,-0.610,-0.180,-0.146,-0.234,0.088,0.156,-0.665,-0.936,-0.120,-0.780,-0.890,0.010,489,244,245
201596,Mario Chalmers,2020,1.950,-0.250,-1.810,-0.700,-0.120,-1.050,-2.360,-0.840,-1.890,1.050,-0.360,0.467,-0.827,-0.230,-0.700,-0.130,0.560,0.020,0.140,0.310,1.590,-0.310,0.140,-0.450,0.967,0.181,0.786,-0.117,-1.200,0.657,-1.430,0.540,-0.890,0.000,5359,2691,2668
1629671,Miye Oni,2020,-0.350,-0.350,0.760,0.020,-0.400,-0.010,1.110,0.320,0.550,-0.230,0.082,0.025,0.057,-0.332,-0.290,-0.090,0.030,-0.080,0.270,-0.200,-0.600,-0.830,-0.710,-0.120,-0.018,-0.048,0.030,-0.112,0.402,-0.848,0.070,-0.960,-0.890,0.000,485,242,243
1626161,Willie Cauley-Stein,2020,1.330,0.050,-4.510,0.130,3.170,-0.740,-0.020,-1.450,-0.950,-0.500,0.054,-0.089,0.143,-0.954,0.150,0.260,-1.520,-0.360,1.380,0.240,0.140,0.430,0.180,0.250,0.827,0.327,0.500,0.193,-1.396,1.257,-2.350,1.450,-0.900,-0.000,21167,10591,10576
1628999,Yante Maten,2020,-0.070,-0.190,0.280,-0.130,-0.210,0.040,-0.280,-0.330,-0.250,-0.080,-0.095,-0.032,-0.063,-0.075,-0.040,-0.080,-0.190,0.010,0.230,-0.050,-0.280,-0.230,-0.180,-0.050,-0.025,-0.016,-0.009,-0.145,-0.425,-0.255,-0.500,-0.400,-0.900,0.000,52,27,25
1626163,Frank Kaminsky,2020,-1.320,0.140,0.830,0.080,0.490,-1.230,0.620,-0.720,-0.730,0.010,1.405,0.817,0.588,-0.705,-0.140,-0.940,-0.390,-0.430,0.520,-0.140,-1.620,-2.230,-2.140,-0.090,0.174,0.070,0.104,1.176,0.685,-2.056,-0.020,-0.880,-0.900,0.000,13224,6633,6591
1628451,Jacob Wiley,2020,-0.200,-0.180,0.160,-0.160,0.050,-0.120,-0.640,-0.620,-0.640,0.020,-0.114,-0.154,0.040,-0.136,-0.060,-0.060,-0.260,0.020,0.320,-0.020,0.000,-0.140,-0.110,-0.030,-0.013,0.020,-0.033,0.123,-0.734,-0.153,-0.870,-0.030,-0.900,-0.000,138,71,67
1628408,PJ Dozier,2020,0.610,-0.270,-0.660,0.360,0.060,-0.150,-0.200,0.260,0.520,-0.260,-0.154,-0.372,0.218,0.244,0.120,-0.040,-0.840,-0.520,0.730,0.100,-1.390,-1.490,-1.370,-0.120,0.143,0.051,0.092,0.097,0.106,-1.347,0.350,-1.250,-0.900,0.000,2370,1176,1194
1627851,Mindaugas Kuzminskas,2020,0.010,-0.170,0.220,-0.120,-0.230,-0.080,-0.240,-0.500,-0.450,-0.050,-0.026,0.008,-0.034,-0.004,-0.050,-0.100,-0.210,-0.010,0.260,-0.060,-0.190,-0.300,-0.220,-0.080,-0.041,-0.032,-0.009,-0.029,-0.526,-0.341,-0.530,-0.370,-0.900,0.000,7,4,3
1629118,Thomas Welsh,2020,-0.270,-0.170,0.480,-0.110,-0.200,-0.140,0.360,-0.550,-0.390,-0.160,0.172,0.177,-0.005,-0.122,-0.010,-0.190,-0.180,-0.020,0.190,-0.030,0.070,-0.560,-0.380,-0.180,0.126,0.067,0.059,0.014,-0.378,-0.434,-0.500,-0.420,-0.910,0.010,160,80,80
1629094,Marcus Derrickson,2020,-0.550,-0.130,0.240,0.010,0.320,-0.360,-0.250,-1.330,-1.190,-0.140,0.103,0.075,0.028,0.657,0.020,-0.090,-0.220,-0.050,0.210,0.060,0.110,-0.020,0.080,-0.100,-0.084,-0.060,-0.024,-0.256,-1.227,-0.104,-0.570,-0.360,-0.920,0.010,265,132,133
204022,Jack Cooley,2020,-0.370,-0.360,0.130,-0.260,0.240,-0.280,-0.450,-1.250,-1.190,-0.060,0.323,0.102,0.221,0.307,-0.010,-0.100,-0.200,0.160,0.200,-0.230,0.070,-0.020,0.130,-0.150,-0.016,0.022,-0.038,-0.264,-0.927,-0.036,-0.620,-0.300,-0.920,0.000,320,160,160
201587,Nicolas Batum,2020,0.210,-1.030,1.420,-0.250,-1.590,0.920,1.580,1.120,1.060,0.060,-0.328,0.047,-0.375,-1.292,-1.090,0.050,0.710,-0.180,0.360,-0.130,-1.170,0.020,-0.140,0.160,-0.109,0.022,-0.131,-0.331,0.792,-0.089,-0.500,-0.420,-0.920,-0.000,19116,9544,9572
1628571,Erik McCree,2020,-0.080,-0.110,0.290,-0.200,-0.200,0.050,-0.240,-0.320,-0.280,-0.040,-0.093,-0.010,-0.083,0.023,-0.120,-0.130,-0.180,-0.020,0.300,-0.090,-0.130,-0.480,-0.350,-0.130,0.002,0.001,0.001,-0.052,-0.413,-0.478,-0.390,-0.530,-0.920,0.000,31,14,17
1628427,Vlatko Cancar,2020,0.110,0.100,0.120,-0.400,-0.230,0.060,-0.540,-0.480,-0.380,-0.100,0.017,0.154,-0.137,0.163,0.020,-0.110,-0.290,-0.100,0.280,-0.090,-0.360,-0.660,-0.580,-0.080,-0.016,-0.018,0.002,0.066,-0.463,-0.676,-0.300,-0.610,-0.920,-0.010,177,88,89
1628503,Jamel Artis,2020,-0.580,-0.100,-0.010,-0.240,0.560,-0.450,-0.220,-1.290,-1.130,-0.160,0.535,0.118,0.417,0.235,-0.400,0.040,-0.220,-0.070,0.610,0.040,-0.280,-0.300,-0.300,0.000,-0.237,-0.205,-0.032,0.127,-0.755,-0.537,-0.520,-0.410,-0.930,-0.000,1031,516,515
1629742,Stanton Kidd,2020,-0.090,-0.060,0.330,-0.150,-0.240,-0.100,-0.250,-0.320,-0.290,-0.030,-0.220,0.007,-0.227,-0.070,-0.120,-0.080,-0.120,0.020,0.250,-0.060,-0.100,-0.210,-0.130,-0.080,-0.132,-0.075,-0.057,0.012,-0.540,-0.342,-0.610,-0.330,-0.940,0.000,67,34,33
203924,Jerami Grant,2020,0.740,0.050,0.260,0.810,-1.020,-1.020,0.500,0.500,0.610,-0.110,0.033,0.049,-0.016,-0.653,-0.730,0.390,0.320,-0.350,0.350,0.290,-0.290,-0.530,-0.240,-0.290,0.034,-0.367,0.401,-0.324,0.533,-0.496,-0.120,-0.820,-0.940,0.000,28846,14411,14435
1628430,Nigel Williams-Goss,2020,0.100,-0.070,0.010,-0.280,-0.100,-0.050,-0.090,-0.660,-0.450,-0.210,-0.112,-0.103,-0.009,0.102,-0.030,-0.070,-0.160,0.000,0.190,0.010,0.070,-0.230,-0.110,-0.120,-0.070,-0.020,-0.050,0.030,-0.772,-0.300,-0.670,-0.270,-0.940,0.000,214,109,105
203687,Reggie Hearn,2020,-0.080,-0.160,0.230,-0.150,-0.150,-0.090,-0.260,-0.390,-0.380,-0.010,-0.110,-0.015,-0.095,0.050,-0.020,-0.120,-0.260,-0.010,0.290,-0.060,-0.210,-0.310,-0.210,-0.100,-0.042,-0.020,-0.022,-0.148,-0.500,-0.352,-0.450,-0.500,-0.950,0.000,24,12,12
1629724,Vic Law,2020,-0.240,-0.210,-0.120,-0.060,0.370,-0.210,-0.660,-0.640,-0.550,-0.090,-0.064,0.088,-0.152,-0.096,-0.190,-0.140,-0.220,0.080,0.410,-0.070,0.030,-0.290,-0.240,-0.050,0.133,0.043,0.090,0.007,-0.704,-0.157,-0.800,-0.150,-0.950,-0.000,269,133,136
201177,Josh McRoberts,2020,-0.050,-0.150,0.280,-0.150,-0.220,-0.100,-0.260,-0.530,-0.480,-0.050,-0.026,0.006,-0.032,-0.014,-0.060,-0.080,-0.250,-0.020,0.310,-0.080,-0.230,-0.340,-0.260,-0.080,-0.021,-0.007,-0.014,-0.029,-0.556,-0.361,-0.570,-0.390,-0.960,0.000,10,5,5
1628975,Jevon Carter,2020,-0.340,-0.400,1.140,-0.310,-0.800,-0.760,-0.620,-1.330,-1.590,0.260,-0.288,-0.007,-0.281,0.168,-0.000,0.440,-0.170,-0.010,0.170,-0.260,1.440,-0.600,-0.140,-0.460,0.629,0.527,0.102,0.451,-1.618,0.029,-1.450,0.480,-0.960,0.010,6062,3021,3041
1629053,Vincent Edwards,2020,0.000,-0.150,0.350,-0.140,-0.340,-0.050,-0.270,-0.380,-0.410,0.030,-0.004,0.049,-0.053,-0.056,-0.070,-0.040,-0.210,-0.040,0.280,-0.100,-0.180,-0.360,-0.290,-0.070,-0.102,-0.034,-0.068,-0.058,-0.384,-0.462,-0.440,-0.520,-0.960,0.000,64,32,32
202379,Jeremy Evans,2020,-0.010,-0.140,0.200,-0.170,-0.190,-0.000,-0.390,-0.370,-0.330,-0.040,-0.079,-0.016,-0.063,0.029,-0.070,-0.100,-0.240,-0.020,0.310,-0.080,-0.220,-0.400,-0.310,-0.090,-0.050,-0.046,-0.004,-0.090,-0.449,-0.450,-0.420,-0.540,-0.960,0.000,23,12,11
1629632,Coby White,2020,0.440,-0.920,2.150,-0.170,-2.590,-0.210,-0.960,-0.390,-0.010,-0.380,-0.363,-0.443,0.080,0.813,-1.580,-0.910,0.350,0.240,1.230,-0.280,-0.440,-2.390,-1.690,-0.700,1.109,0.419,0.690,0.251,-0.753,-1.281,0.060,-1.030,-0.970,0.000,6911,3447,3464
202348,Jordan Crawford,2020,0.060,-0.330,0.690,0.120,-0.750,-0.010,0.020,0.220,0.190,0.030,-0.247,0.012,-0.259,0.167,-0.340,-0.200,-0.140,-0.020,0.470,-0.130,-0.250,-0.740,-0.640,-0.100,-0.183,-0.020,-0.163,-0.187,-0.027,-0.923,0.140,-1.110,-0.970,0.000,300,148,152
203564,Kalin Lucas,2020,-0.040,-0.110,0.290,-0.180,-0.250,-0.110,-0.340,-0.520,-0.470,-0.050,-0.067,0.036,-0.103,-0.043,-0.040,-0.090,-0.150,-0.020,0.200,-0.040,-0.160,-0.320,-0.220,-0.100,-0.021,-0.021,-0.000,0.001,-0.587,-0.341,-0.630,-0.340,-0.970,0.000,23,11,12
1629005,Malik Newman,2020,-0.100,-0.120,0.300,-0.150,-0.200,-0.060,-0.310,-0.400,-0.370,-0.030,-0.113,-0.036,-0.077,-0.027,-0.070,-0.090,-0.200,-0.020,0.270,-0.080,-0.250,-0.340,-0.260,-0.080,-0.005,-0.039,0.034,-0.095,-0.513,-0.345,-0.540,-0.440,-0.970,0.010,14,7,7
201952,Jeff Teague,2020,0.520,-0.630,-1.970,0.630,1.510,0.390,-0.950,1.510,0.910,0.600,0.026,0.117,-0.091,-0.606,0.200,-0.480,-0.660,-0.300,0.490,-0.090,-0.570,-1.080,-0.870,-0.210,0.141,-0.092,0.233,-0.961,1.536,-0.939,0.930,-1.900,-0.970,0.000,20621,10327,10294
1629028,Deandre Ayton,2020,-1.010,0.590,-3.850,-0.060,4.870,0.360,0.860,-1.640,-0.920,-0.720,-0.491,-0.723,0.232,0.711,-0.950,-0.910,-0.210,0.370,1.170,0.050,-0.040,-0.060,-0.270,0.210,0.132,0.281,-0.149,0.368,-2.131,0.072,-1.420,0.440,-0.980,-0.000,14126,7062,7064
1629102,Brandon Sampson,2020,0.540,-0.180,-0.530,-0.000,-0.000,0.230,0.150,0.330,0.380,-0.050,0.346,0.447,-0.101,-0.546,-0.240,0.010,0.150,-0.180,0.090,-0.300,-0.520,-1.070,-1.010,-0.060,-0.233,-0.045,-0.188,0.183,0.676,-1.303,0.130,-1.120,-0.980,0.010,853,432,421
1629648,Jordan Bone,2020,-0.230,-0.190,0.350,-0.120,-0.120,-0.190,0.000,-0.900,-0.830,-0.070,0.016,0.109,-0.093,0.414,0.050,-0.140,-0.190,-0.030,0.150,-0.180,-0.170,-0.540,-0.460,-0.080,0.117,0.104,0.013,-0.087,-0.884,-0.423,-0.470,-0.510,-0.980,0.000,202,100,102
1629621,Marial Shayok,2020,-0.050,-0.000,0.340,-0.190,-0.290,-0.070,-0.260,-0.220,-0.270,0.050,-0.193,-0.133,-0.060,-0.027,0.010,-0.120,-0.300,-0.040,0.300,-0.090,-0.420,-0.320,-0.230,-0.090,-0.075,-0.043,-0.032,-0.145,-0.413,-0.395,-0.440,-0.540,-0.980,0.000,123,61,62
201973,Jonas Jerebko,2020,-1.180,-1.090,0.970,-0.170,0.220,-0.320,-0.580,-2.620,-2.370,-0.250,0.386,0.358,0.028,1.424,0.170,-0.280,0.120,-0.200,-0.280,0.280,0.420,-0.440,-0.460,0.020,0.042,-0.340,0.382,0.238,-2.234,-0.398,-0.810,-0.160,-0.980,-0.010,9870,4925,4945
1627875,Marcus Georges-Hunt,2020,-0.270,-0.820,-0.180,0.010,0.460,0.040,-0.510,-0.520,-0.560,0.040,0.500,0.280,0.220,-0.040,0.030,-0.340,-0.540,-0.110,0.510,0.000,-0.190,-0.860,-0.720,-0.140,0.228,0.044,0.184,-0.278,-0.020,-0.632,-0.060,-0.910,-0.980,-0.010,855,422,433
1629638,Nickeil Alexander-Walker,2020,0.820,0.110,0.170,0.120,-0.990,-0.090,0.760,0.590,0.840,-0.250,0.193,-0.152,0.345,0.227,-0.900,-0.030,0.260,-0.190,0.650,-0.230,0.250,-1.370,-1.010,-0.360,-0.148,-0.381,0.233,-0.472,0.783,-1.518,1.010,-1.990,-0.980,0.000,2467,1232,1235
1628994,George King,2020,0.100,-0.130,0.250,-0.160,-0.350,-0.060,-0.330,-0.500,-0.460,-0.040,0.012,0.029,-0.017,0.128,-0.060,-0.120,-0.200,-0.050,0.260,-0.070,-0.310,-0.540,-0.420,-0.120,-0.071,-0.047,-0.024,0.001,-0.488,-0.611,-0.360,-0.610,-0.980,-0.010,23,11,12
1629076,Tyler Cook,2020,-0.090,-0.110,0.290,-0.080,-0.190,-0.100,-0.790,-0.140,-0.260,0.120,-0.034,0.013,-0.047,-0.036,-0.040,-0.070,-0.370,-0.200,0.420,0.060,-0.810,-0.680,-0.630,-0.050,-0.071,0.063,-0.134,-0.029,-0.174,-0.751,-0.210,-0.780,-0.990,0.000,230,115,115
1626242,Luis Montero,2020,-0.150,-0.150,0.280,-0.100,-0.120,-0.090,-0.200,-0.410,-0.360,-0.050,-0.059,0.045,-0.104,-0.081,-0.090,-0.100,-0.170,-0.030,0.260,-0.040,-0.280,-0.350,-0.280,-0.070,-0.096,-0.057,-0.039,0.006,-0.469,-0.446,-0.550,-0.440,-0.990,-0.000,31,15,16
203499,Shane Larkin,2020,-0.070,-1.260,0.200,0.210,-0.130,-0.730,-0.660,-0.870,-1.030,0.160,-0.521,0.392,-0.913,-0.009,-0.650,-0.370,0.660,0.130,-0.010,-0.080,0.670,-0.670,-0.750,0.080,0.883,0.285,0.598,0.187,-1.391,0.213,-1.400,0.400,-1.000,-0.000,3458,1725,1733
204065,David Stockton,2020,-0.030,-0.160,0.300,-0.140,-0.260,-0.010,-0.640,-0.400,-0.370,-0.030,-0.191,-0.010,-0.181,0.191,-0.160,-0.120,-0.130,-0.060,0.300,-0.070,-0.480,-0.500,-0.440,-0.060,-0.102,-0.046,-0.056,0.002,-0.591,-0.602,-0.400,-0.600,-1.010,-0.010,62,31,31
1628506,London Perrantes,2020,-0.450,-0.140,0.050,-0.020,0.400,-0.100,-0.580,-0.620,-0.630,0.010,0.031,-0.199,0.230,0.459,-0.170,-0.290,-0.180,-0.080,0.360,-0.070,-0.680,-0.850,-0.800,-0.050,-0.002,-0.096,0.094,-0.028,-0.589,-0.852,-0.130,-0.880,-1.010,0.000,249,125,124
203710,C.J. Williams,2020,0.120,-0.080,0.580,-0.220,-0.930,-0.160,0.400,-0.900,-0.450,-0.450,0.036,0.276,-0.240,0.504,0.320,-0.130,-0.570,-0.290,-0.020,0.040,-0.780,-0.510,-0.520,0.010,-0.090,0.122,-0.212,-0.060,-0.864,-0.600,-0.360,-0.660,-1.010,0.010,3216,1593,1623
202700,Donatas Motiejunas,2020,-0.140,-0.120,0.160,-0.190,-0.010,-0.090,-0.160,-0.610,-0.500,-0.110,0.034,0.120,-0.086,-0.004,-0.030,-0.090,-0.290,-0.020,0.320,-0.090,-0.170,-0.490,-0.370,-0.120,0.078,-0.033,0.111,-0.018,-0.576,-0.412,-0.580,-0.430,-1.010,-0.000,115,56,59
201949,James Johnson,2020,1.260,1.320,1.150,-0.080,-2.410,-0.870,1.940,0.720,1.240,-0.520,-0.502,-0.093,-0.409,-0.778,0.210,0.520,-0.790,0.260,0.580,-0.290,0.280,0.430,0.560,-0.130,-0.496,-0.135,-0.361,-0.404,0.218,-0.066,-0.560,-0.470,-1.030,0.000,15275,7627,7648
203474,DJ Stephens,2020,0.170,-0.200,0.230,-0.190,-0.400,-0.110,-0.350,-0.570,-0.500,-0.070,-0.046,-0.000,-0.046,0.016,-0.090,-0.090,-0.190,-0.040,0.290,-0.060,-0.230,-0.440,-0.330,-0.110,0.053,0.070,-0.017,-0.043,-0.616,-0.387,-0.600,-0.430,-1.030,0.000,32,16,16
2730,Dwight Howard,2020,0.540,1.110,-3.710,0.480,3.180,-1.410,-2.710,-1.720,-1.000,-0.720,-1.295,-0.598,-0.697,2.005,2.200,-0.340,0.180,-0.440,-2.400,-0.070,-0.730,0.030,-0.310,0.340,-0.313,-0.158,-0.155,0.253,-3.015,-0.283,-1.010,-0.030,-1.040,-0.000,17005,8503,8502
1629682,Tremont Waters,2020,0.090,-0.090,0.580,-0.270,-0.670,-0.140,-0.550,-0.850,-0.810,-0.040,-0.493,-0.548,0.055,0.583,-0.090,-0.100,-0.140,-0.000,0.230,0.100,0.100,-0.110,-0.030,-0.080,0.069,0.016,0.053,-0.249,-1.343,-0.041,-0.760,-0.290,-1.040,0.010,491,247,244
1628997,Caleb Martin,2020,0.520,-0.840,0.690,0.250,-1.200,-0.360,-0.710,-0.880,-0.770,-0.110,-0.072,-0.048,-0.024,-0.318,-0.240,0.180,-0.150,0.080,0.390,-0.090,0.150,0.100,0.110,-0.010,0.094,0.182,-0.088,0.026,-0.952,0.194,-1.270,0.220,-1.040,0.010,1211,607,604
1626204,Larry Nance Jr.,2020,-0.610,0.660,-0.700,-0.550,1.330,-1.000,1.490,-1.810,-1.240,-0.570,-0.299,-0.409,0.110,0.509,0.680,-1.170,-0.610,0.110,-0.000,0.110,0.100,-0.140,-0.020,-0.120,0.549,0.618,-0.069,0.151,-2.109,0.409,-1.600,0.560,-1.050,-0.010,19367,9672,9695
1628394,Anzejs Pasecniks,2020,-0.400,-0.420,-1.170,0.040,1.590,-0.340,-1.730,-1.640,-1.560,-0.080,0.382,0.189,0.193,1.018,-0.150,-0.380,0.030,0.000,0.130,-0.310,0.120,-1.070,-0.870,-0.200,0.224,0.076,0.148,0.036,-1.258,-0.846,-0.240,-0.810,-1.050,0.000,1832,918,914
202779,Dwight Buycks,2020,0.590,-0.490,-0.610,0.190,-0.010,-0.540,0.010,-1.480,-1.250,-0.230,-0.032,-0.310,0.278,0.402,0.070,-0.040,-0.400,-0.100,0.320,0.070,-0.800,-0.230,-0.220,-0.010,0.149,-0.176,0.325,0.141,-1.512,-0.081,-1.110,0.060,-1.050,-0.000,1512,755,757
1627747,Caris LeVert,2020,0.040,-0.330,0.360,-0.250,-0.390,-0.800,-2.910,-0.420,-0.400,-0.020,0.310,0.282,0.028,-0.330,0.160,0.590,0.410,-0.110,-0.580,-0.250,0.640,-0.010,0.020,-0.030,-0.281,-0.054,-0.227,-0.319,-0.110,-0.291,-0.440,-0.610,-1.060,-0.010,18362,9157,9205
1629734,Kyle Alexander,2020,-0.150,-0.110,0.240,-0.140,-0.090,-0.170,-0.680,-0.320,-0.300,-0.020,-0.159,-0.108,-0.051,-0.201,-0.090,-0.110,-0.230,-0.010,0.320,-0.070,-0.310,-0.350,-0.290,-0.060,-0.042,-0.018,-0.024,0.012,-0.479,-0.392,-0.680,-0.380,-1.060,-0.000,61,31,30
1629610,DaQuan Jeffries,2020,0.030,0.430,0.680,-0.100,-0.700,-0.190,0.660,-0.050,0.240,-0.290,0.071,0.216,-0.145,-0.211,-0.060,-0.200,-0.200,-0.050,0.270,-0.160,-0.320,-0.730,-0.580,-0.150,-0.060,-0.065,0.005,-0.080,0.021,-0.790,-0.190,-0.870,-1.060,0.000,569,285,284
202682,Derrick Williams,2020,-0.070,-0.140,0.420,-0.250,-0.350,-0.100,-0.540,-0.640,-0.630,-0.010,-0.181,-0.093,-0.088,-0.039,-0.030,-0.080,-0.190,-0.000,0.220,-0.090,0.030,-0.300,-0.200,-0.100,0.079,0.009,0.070,0.021,-0.821,-0.221,-0.860,-0.200,-1.070,-0.010,39,19,20
203816,Scotty Hopson,2020,-0.070,-0.220,0.150,-0.070,-0.080,-0.140,-0.310,-0.500,-0.470,-0.030,-0.143,0.004,-0.147,0.113,-0.110,-0.130,-0.150,-0.020,0.270,-0.130,-0.230,-0.530,-0.440,-0.090,0.033,-0.032,0.065,-0.043,-0.643,-0.497,-0.530,-0.540,-1.070,0.000,39,20,19
2746,Josh Smith,2020,-0.010,-0.160,0.340,-0.260,-0.320,-0.190,-0.560,-0.910,-0.880,-0.030,0.070,0.019,0.051,0.210,-0.050,-0.120,-0.220,-0.020,0.280,-0.070,-0.260,-0.460,-0.330,-0.130,-0.031,-0.040,0.009,0.041,-0.840,-0.491,-0.630,-0.450,-1.080,0.000,48,23,25
1629731,Dean Wade,2020,-0.150,-0.230,0.240,-0.080,-0.080,0.000,-1.150,-0.260,-0.190,-0.070,0.115,0.035,0.080,-0.205,-0.180,-0.080,-0.270,-0.090,0.450,-0.010,-0.260,-0.390,-0.290,-0.100,-0.189,-0.070,-0.119,-0.151,-0.145,-0.579,-0.350,-0.730,-1.080,0.000,299,150,149
1628429,Charles Cooke,2020,-0.060,-0.220,0.060,-0.130,-0.000,-0.230,-0.230,-1.060,-1.010,-0.050,-0.090,0.153,-0.243,0.460,-0.160,0.020,-0.100,-0.060,0.270,-0.110,-0.220,-0.420,-0.360,-0.060,-0.016,-0.065,0.049,0.046,-1.150,-0.436,-0.690,-0.390,-1.080,0.000,149,75,74
1629680,Matisse Thybulle,2020,-0.340,0.440,0.430,-0.210,-0.080,-0.840,1.190,-0.800,-0.540,-0.260,-0.326,-0.031,-0.295,0.226,-0.340,-0.550,0.090,0.120,0.250,-0.280,0.420,-1.750,-1.320,-0.430,1.091,0.528,0.563,0.489,-1.126,-0.659,-0.900,-0.170,-1.080,-0.010,5558,2754,2804
1629668,Zach Norvell Jr.,2020,0.070,0.040,0.380,0.020,-0.450,-0.190,0.100,0.280,0.330,-0.050,-0.158,-0.027,-0.131,-0.292,-0.030,-0.180,-0.250,-0.120,0.280,-0.120,-0.560,-0.810,-0.740,-0.070,0.075,0.008,0.067,-0.175,0.122,-0.735,-0.170,-0.910,-1.080,0.000,171,85,86
1629116,Angel Delgado,2020,0.100,-0.440,0.100,-0.160,-0.200,-0.070,-0.550,-0.960,-0.880,-0.080,0.124,0.081,0.043,-0.044,-0.030,-0.120,-0.140,-0.010,0.170,-0.040,-0.090,-0.350,-0.270,-0.080,0.078,0.105,-0.027,0.062,-0.836,-0.272,-0.880,-0.210,-1.090,-0.000,63,32,31
1629657,Kyle Guy,2020,-0.020,-0.040,0.280,-0.210,-0.260,-0.030,-0.060,-0.410,-0.350,-0.060,-0.040,0.016,-0.056,-0.030,-0.180,-0.090,-0.070,-0.030,0.260,-0.090,-0.250,-0.530,-0.410,-0.120,-0.037,0.015,-0.052,-0.053,-0.450,-0.567,-0.480,-0.620,-1.090,0.010,46,23,23
1628399,Tyler Lydon,2020,-0.320,-0.260,0.570,-0.210,-0.240,-0.050,0.410,-0.710,-0.640,-0.070,0.260,0.250,0.010,-0.110,0.020,-0.320,-0.120,-0.010,0.110,-0.020,0.050,-0.600,-0.450,-0.150,0.163,0.067,0.096,-0.093,-0.450,-0.437,-0.560,-0.530,-1.100,-0.010,383,193,190
1629066,Rodions Kurucs,2020,2.690,-0.270,0.320,-0.190,-3.010,-0.200,-0.800,-0.080,0.320,-0.400,-0.680,-0.460,-0.220,-0.410,-0.200,0.220,-0.010,0.140,0.210,0.110,0.290,0.450,0.520,-0.070,-0.543,-0.260,-0.283,0.163,-0.760,-0.093,-1.170,0.070,-1.100,-0.000,8906,4464,4442
1628421,Devin Robinson,2020,0.310,-0.200,0.180,-0.160,-0.490,-0.200,-0.030,-0.480,-0.350,-0.130,0.260,0.047,0.213,-0.130,0.150,-0.040,-0.340,-0.170,0.200,-0.100,-0.320,-0.760,-0.700,-0.060,-0.181,-0.168,-0.013,0.191,-0.220,-0.941,-0.350,-0.750,-1.100,-0.000,442,222,220
204067,Jarell Eddie,2020,-0.120,-0.100,0.340,-0.200,-0.230,-0.080,-0.320,-0.630,-0.580,-0.050,-0.021,0.032,-0.053,0.051,-0.020,-0.110,-0.210,-0.070,0.230,-0.050,-0.340,-0.460,-0.380,-0.080,-0.043,-0.020,-0.023,0.003,-0.651,-0.503,-0.600,-0.500,-1.110,-0.010,22,11,11
203082,Terrence Ross,2020,-3.410,-0.290,2.570,-0.060,0.820,-0.950,0.370,-0.450,-0.640,0.190,0.022,0.011,0.011,-0.532,-0.020,0.530,-0.580,0.060,0.590,0.120,1.620,0.030,0.560,-0.530,-0.107,-0.180,0.073,-0.073,-0.428,-0.077,-0.960,-0.150,-1.110,-0.000,19725,9881,9844
1629003,Shake Milton,2020,-0.720,0.950,0.440,-0.120,0.290,-0.290,1.140,0.130,0.340,-0.210,1.453,0.853,0.600,0.287,0.310,-0.710,0.230,0.040,-0.540,-0.720,-1.000,-2.270,-1.710,-0.560,-0.733,0.069,-0.802,0.013,1.583,-3.003,1.870,-2.990,-1.120,0.000,4836,2421,2415
2734,Devin Harris,2020,0.250,0.020,1.120,-0.560,-1.390,-0.570,-0.280,0.040,-0.720,0.760,0.326,0.215,0.111,-0.726,0.810,-0.560,-0.290,-0.130,-0.530,0.260,0.070,-0.560,-0.280,-0.280,0.181,-0.358,0.539,-0.391,0.366,-0.379,-0.360,-0.770,-1.120,0.010,8924,4458,4466
1628070,Jordan Loyd,2020,0.160,-0.170,0.370,-0.090,-0.540,-0.220,-0.780,-0.330,-0.380,0.050,-0.641,-0.143,-0.498,0.431,-0.220,-0.060,-0.110,-0.090,0.340,-0.050,-0.150,-0.480,-0.350,-0.130,-0.088,-0.030,-0.058,-0.012,-0.971,-0.568,-0.540,-0.580,-1.120,0.000,240,119,121
1629607,Jared Harper,2020,-0.010,-0.090,0.370,-0.180,-0.350,-0.040,-0.370,-0.290,-0.320,0.030,-0.091,-0.054,-0.037,-0.069,-0.060,-0.110,-0.250,-0.080,0.320,-0.090,-0.450,-0.510,-0.440,-0.070,-0.052,-0.001,-0.051,-0.108,-0.381,-0.562,-0.450,-0.670,-1.120,0.000,33,17,16
1627850,Marshall Plumlee,2020,-0.120,-0.200,0.120,-0.180,0.000,-0.180,-1.280,-0.770,-0.870,0.100,-0.265,-0.177,-0.088,-0.015,-0.260,-0.120,0.040,0.040,0.220,-0.020,0.090,-0.280,-0.160,-0.120,0.128,0.129,-0.001,0.082,-1.035,-0.152,-1.050,-0.070,-1.120,-0.000,213,105,108
1628387,Ike Anigbogu,2020,-0.200,-0.220,0.110,-0.100,0.100,-0.020,-0.830,-0.440,-0.410,-0.030,-0.114,-0.027,-0.087,0.314,-0.300,-0.100,0.040,-0.010,0.260,-0.160,-0.040,-0.610,-0.540,-0.070,-0.130,-0.074,-0.056,-0.140,-0.554,-0.740,-0.240,-0.880,-1.120,0.000,145,73,72
1629103,Kelan Martin,2020,0.100,-0.530,1.440,-0.770,-1.530,-0.080,-2.300,-1.390,-1.560,0.170,-0.415,-0.030,-0.385,0.105,-0.660,0.280,0.630,0.260,0.030,-0.090,1.350,0.420,0.770,-0.350,0.045,-0.174,0.219,0.115,-1.805,0.465,-1.700,0.580,-1.120,0.000,2108,1054,1054
2555,Nick Collison,2020,0.150,-0.330,0.120,-0.030,-0.260,-0.050,0.520,-0.560,-0.230,-0.330,-0.172,-0.051,-0.121,-0.018,0.270,-0.170,-0.370,-0.080,0.110,0.000,-0.190,-0.480,-0.360,-0.120,0.075,0.052,0.023,0.025,-0.732,-0.405,-0.750,-0.380,-1.130,0.000,299,149,150
1628463,Tyler Cavanaugh,2020,-0.060,-1.030,1.080,-0.040,-1.040,0.000,0.570,-0.840,-0.590,-0.250,0.471,0.389,0.082,0.239,-0.090,-0.570,0.090,0.000,0.010,-0.360,-1.010,-1.270,-1.130,-0.140,0.135,0.079,0.056,0.125,-0.369,-1.135,-0.130,-1.010,-1.140,0.000,2177,1087,1090
1629353,Isaac Humphries,2020,0.300,-0.180,-0.010,-0.060,-0.300,-0.240,-0.420,-0.780,-0.550,-0.230,-0.055,0.079,-0.134,0.225,-0.220,-0.060,-0.280,-0.010,0.500,-0.140,-0.150,-0.650,-0.460,-0.190,-0.011,0.132,-0.143,0.121,-0.835,-0.661,-0.610,-0.540,-1.140,0.010,249,125,124
201583,Ryan Anderson,2020,-0.670,-0.320,3.810,-0.330,-3.150,0.360,0.570,-0.450,-0.280,-0.170,-0.026,0.459,-0.485,0.286,-0.550,-0.640,0.220,-0.180,0.330,0.140,-1.260,-0.820,-0.960,0.140,-0.762,-0.429,-0.333,0.622,-0.476,-1.582,-0.190,-0.960,-1.140,0.010,8477,4242,4235
1628605,Dusty Hannahs,2020,-0.010,-0.090,0.320,-0.160,-0.310,-0.200,-0.020,-0.350,-0.360,0.010,0.157,0.140,0.017,-0.227,-0.170,-0.050,-0.320,-0.090,0.480,-0.060,-0.490,-0.410,-0.390,-0.020,-0.172,-0.113,-0.059,-0.148,-0.193,-0.582,-0.420,-0.730,-1.140,0.010,163,82,81
203952,Andrew Wiggins,2020,0.450,0.200,-0.980,0.160,0.570,-0.480,-1.680,-0.070,-0.180,0.110,0.171,0.294,-0.123,0.299,-0.170,-0.110,-0.400,-0.340,0.610,0.410,-0.530,-0.170,-0.010,-0.160,-0.766,-0.413,-0.353,-0.604,0.101,-0.936,0.400,-1.540,-1.140,0.000,29546,14771,14775
201565,Derrick Rose,2020,1.860,0.180,-2.990,0.130,1.100,0.430,-3.000,0.670,0.320,0.350,-0.026,0.183,-0.209,-0.054,-0.650,0.020,0.170,-0.580,0.470,0.120,-1.950,-0.350,-0.560,0.210,-0.243,-0.083,-0.160,-1.147,0.644,-0.593,0.590,-1.740,-1.150,0.000,13009,6519,6490
1628492,Gian Clavell,2020,-0.330,-0.110,0.470,-0.010,-0.140,-0.270,-0.570,-0.290,-0.340,0.050,-0.155,-0.065,-0.090,-0.375,0.010,-0.180,-0.350,0.050,0.320,-0.110,-0.050,-0.300,-0.210,-0.090,0.021,-0.018,0.039,-0.061,-0.445,-0.279,-0.820,-0.340,-1.150,0.010,169,84,85
202713,Kyle Singler,2020,-0.080,-0.230,0.110,-0.170,-0.020,-0.050,-0.700,-0.380,-0.280,-0.100,-0.057,-0.005,-0.052,-0.343,0.160,-0.160,-0.370,-0.010,0.200,0.030,-0.160,-0.390,-0.250,-0.140,-0.105,-0.058,-0.047,0.135,-0.437,-0.495,-0.780,-0.360,-1.150,-0.010,228,115,113
1629162,Jordan McLaughlin,2020,1.490,-0.150,0.970,-0.410,-2.450,-0.450,1.130,0.100,-0.000,0.100,0.168,0.442,-0.274,-0.568,-0.960,-0.490,1.140,-0.110,-0.180,-0.510,0.620,-1.490,-1.260,-0.230,0.502,0.163,0.339,0.138,0.268,-0.988,-0.300,-0.850,-1.160,-0.010,2531,1267,1264
1628500,Ben Moore,2020,0.120,-0.230,0.160,-0.090,-0.280,-0.050,-0.020,-0.570,-0.480,-0.090,-0.067,0.003,-0.070,0.207,-0.020,-0.130,-0.250,-0.080,0.280,-0.090,-0.500,-0.700,-0.540,-0.160,-0.074,-0.061,-0.013,0.034,-0.637,-0.774,-0.430,-0.740,-1.170,0.000,40,20,20
203920,Khem Birch,2020,-1.190,-0.270,-1.840,-0.300,3.000,-1.480,-4.220,-2.100,-2.010,-0.090,-0.095,0.245,-0.340,0.645,0.180,-0.380,-0.200,0.320,0.020,-0.030,-0.130,-0.270,-0.260,-0.010,0.023,0.262,-0.239,0.627,-2.195,-0.247,-1.550,0.380,-1.170,0.000,9084,4541,4543
1629644,KZ Okpala,2020,-0.170,-0.090,0.490,-0.160,-0.320,-0.130,-0.290,-0.340,-0.290,-0.050,-0.176,-0.017,-0.159,-0.034,-0.120,-0.170,-0.340,-0.040,0.460,-0.040,-0.610,-0.590,-0.520,-0.070,0.026,-0.035,0.061,-0.066,-0.516,-0.564,-0.550,-0.630,-1.180,0.000,91,45,46
203093,Terrence Jones,2020,-0.040,-0.110,0.310,-0.220,-0.260,-0.090,-0.280,-0.620,-0.610,-0.010,-0.110,-0.015,-0.095,0.030,-0.090,-0.110,-0.210,-0.020,0.300,-0.060,-0.270,-0.390,-0.280,-0.110,-0.046,-0.021,-0.025,-0.064,-0.730,-0.436,-0.700,-0.500,-1.190,0.010,26,13,13
1627834,Georgios Papagiannis,2020,-0.260,-0.260,-0.630,0.180,0.900,-0.120,-0.070,0.030,0.160,-0.130,0.039,0.129,-0.090,-0.089,-0.280,-0.270,-0.160,-0.170,0.430,-0.020,-1.020,-1.030,-1.040,0.010,-0.043,0.056,-0.099,-0.107,0.069,-1.073,-0.020,-1.180,-1.200,0.000,482,244,238
1626173,Rashad Vaughn,2020,-0.120,-0.030,-0.290,-0.020,0.410,-0.000,-0.310,0.210,0.170,0.040,-0.263,-0.235,-0.028,-0.117,-0.790,-0.030,0.260,0.030,0.530,-0.090,-0.420,-0.600,-0.180,-0.420,-0.076,0.063,-0.139,-0.354,-0.053,-0.676,-0.170,-1.030,-1.200,0.000,813,408,405
203580,Larry Drew II,2020,-0.600,-0.190,0.070,-0.080,0.540,0.060,-0.280,-0.570,-0.340,-0.230,-0.041,-0.056,0.015,0.041,-0.080,-0.100,-0.140,-0.090,0.220,-0.090,-0.540,-0.520,-0.520,0.000,-0.005,-0.025,0.020,-0.115,-0.611,-0.525,-0.570,-0.640,-1.200,0.010,273,136,137
203477,Isaiah Canaan,2020,-0.770,-0.640,2.290,0.290,-1.510,0.600,1.290,0.670,0.520,0.150,-0.050,-0.173,0.123,-0.990,-0.480,-0.760,0.010,0.270,0.480,-0.140,-0.590,-0.600,-0.750,0.150,-0.068,-0.198,0.130,-0.172,0.620,-0.668,-0.370,-0.840,-1.200,0.010,3970,1995,1975
203585,Rodney McGruder,2020,-0.490,-0.280,1.020,-0.420,-0.560,-0.030,-1.840,-0.560,-0.490,-0.070,-0.324,-0.173,-0.151,0.464,0.180,0.610,0.380,-0.570,-0.560,0.130,0.000,-0.300,-0.490,0.190,-0.343,-0.316,-0.027,-0.147,-0.884,-0.643,-0.420,-0.790,-1.210,0.000,11133,5563,5570
1628656,Billy Garrett,2020,-0.420,-0.080,0.200,-0.170,0.230,-0.000,-0.240,-0.470,-0.530,0.060,-0.105,-0.187,0.082,-0.105,-0.100,0.050,-0.220,-0.090,0.320,-0.150,-0.320,-0.400,-0.390,-0.010,-0.175,-0.109,-0.066,0.045,-0.575,-0.575,-0.680,-0.530,-1.210,0.000,262,130,132
1629649,Ignas Brazdeikis,2020,-0.230,-0.130,0.720,-0.200,-0.480,0.050,-0.210,0.100,0.090,0.010,-0.097,0.039,-0.136,-0.313,-0.320,-0.060,-0.080,-0.100,0.400,-0.160,-0.420,-0.770,-0.690,-0.080,-0.107,-0.035,-0.072,-0.033,0.003,-0.877,-0.310,-0.910,-1.220,0.000,203,103,100
101123,Gerald Green,2020,-2.890,0.180,5.830,-0.880,-2.940,1.040,-1.100,-0.750,-0.640,-0.110,0.704,0.519,0.185,-0.184,-0.690,-0.220,0.200,0.650,0.490,-0.150,0.800,0.230,0.570,-0.340,-0.651,-0.174,-0.477,-0.569,-0.046,-0.421,-0.230,-0.990,-1.220,0.000,10728,5369,5359
1626191,Chris McCullough,2020,-0.450,-0.220,0.120,-0.150,0.340,-0.120,-0.180,-0.420,-0.500,0.080,-0.150,-0.012,-0.138,-0.030,-0.050,-0.100,-0.270,-0.070,0.320,0.020,-0.000,-0.420,-0.300,-0.120,-0.143,-0.185,0.042,-0.067,-0.570,-0.563,-0.600,-0.630,-1.230,0.000,359,179,180
203933,T.J. Warren,2020,0.500,-0.350,-3.790,-0.430,3.230,0.470,-2.340,-1.150,-1.120,-0.030,0.515,0.402,0.113,0.095,-1.460,0.130,1.160,-0.060,0.320,-0.060,0.290,-0.920,-0.620,-0.300,0.190,0.094,0.096,0.030,-0.635,-0.730,-0.540,-0.700,-1.230,0.010,23243,11624,11619
203900,Markel Brown,2020,-0.100,-0.060,0.400,-0.200,-0.300,-0.150,-0.410,-0.670,-0.690,0.020,0.079,0.087,-0.008,-0.009,-0.120,-0.100,-0.190,-0.030,0.320,-0.000,-0.270,-0.380,-0.280,-0.100,-0.121,-0.048,-0.073,-0.139,-0.591,-0.501,-0.600,-0.640,-1.240,0.000,122,61,61
201158,Marco Belinelli,2020,-1.370,-0.410,0.820,0.320,0.560,0.830,2.900,0.950,1.110,-0.160,0.091,0.066,0.025,-0.191,-0.060,-0.750,-0.050,-0.230,0.090,0.110,-1.860,-1.300,-1.420,0.120,-0.493,-0.186,-0.307,-0.297,1.041,-1.793,0.850,-2.090,-1.240,0.000,20244,10140,10104
203112,Quincy Acy,2020,-0.250,0.000,4.250,-0.140,-4.010,-0.550,1.570,-0.170,0.080,-0.250,-0.693,0.024,-0.717,-0.657,1.020,0.630,-0.270,-0.170,-0.760,-0.130,1.360,0.390,0.700,-0.310,-0.137,-0.423,0.286,0.007,-0.863,0.253,-1.520,0.260,-1.260,0.000,5727,2874,2853
1627988,Myke Henry,2020,-0.220,-0.120,0.600,-0.220,-0.380,-0.040,-0.030,-0.630,-0.670,0.040,-0.024,0.043,-0.067,0.374,-0.170,-0.370,-0.490,0.090,0.660,-0.360,-0.530,-0.790,-0.650,-0.140,0.139,0.097,0.042,-0.329,-0.654,-0.651,-0.280,-0.980,-1.260,0.000,1503,758,745
202697,Iman Shumpert,2020,-1.660,-0.910,2.090,0.300,-0.430,-0.350,-0.150,-1.030,-0.640,-0.390,-0.221,-0.049,-0.172,0.091,-0.640,-0.270,0.320,0.280,0.330,0.500,1.850,0.320,0.570,-0.250,0.262,-0.275,0.537,-0.682,-1.251,0.582,-1.160,-0.100,-1.260,0.000,8668,4328,4340
2744,Al Jefferson,2020,-0.340,-0.200,-2.160,-0.220,2.490,0.150,-1.840,-0.300,-0.220,-0.080,0.622,0.292,0.330,-0.752,0.130,-0.230,0.030,0.080,-0.160,-0.050,0.570,-0.190,-0.120,-0.070,-0.372,-0.161,-0.211,-0.288,0.322,-0.562,-0.430,-0.850,-1.270,0.010,1879,941,938
201563,Michael Beasley,2020,2.200,0.270,-3.740,-0.880,1.550,0.090,-1.120,-1.290,-1.360,0.070,-0.070,-0.536,0.466,0.610,-0.380,0.090,-0.020,0.100,0.400,-0.000,-0.470,-0.080,0.420,-0.500,-0.447,0.020,-0.467,0.007,-1.360,-0.527,-0.750,-0.520,-1.270,0.000,7510,3755,3755
1627778,Chinanu Onuaku,2020,-0.120,-0.160,0.300,-0.210,-0.180,-0.120,-0.550,-0.710,-0.630,-0.080,-0.144,-0.019,-0.125,-0.026,-0.120,-0.050,-0.270,-0.020,0.400,-0.060,-0.210,-0.370,-0.290,-0.080,-0.037,-0.000,-0.037,0.007,-0.854,-0.407,-0.880,-0.400,-1.280,0.000,89,44,45
1629745,Tariq Owens,2020,0.170,-0.090,0.080,-0.250,-0.260,-0.100,-0.420,-0.680,-0.590,-0.090,-0.003,-0.007,0.004,0.003,-0.030,-0.130,-0.320,-0.020,0.350,-0.110,-0.390,-0.460,-0.380,-0.080,-0.046,0.003,-0.049,-0.094,-0.683,-0.506,-0.680,-0.600,-1.280,0.000,61,31,30
1627817,Tim Quarterman,2020,-0.070,-0.170,0.360,-0.290,-0.280,0.010,-0.460,-0.590,-0.530,-0.060,-0.326,-0.163,-0.163,-0.024,-0.070,-0.100,-0.210,-0.000,0.280,-0.060,-0.240,-0.240,-0.160,-0.080,-0.056,-0.028,-0.028,-0.044,-0.916,-0.296,-0.940,-0.340,-1.280,0.000,59,29,30
1629168,BJ Johnson,2020,-0.470,-0.440,0.250,0.050,0.220,0.000,-0.890,-0.550,-0.510,-0.040,-0.114,0.299,-0.413,-0.036,-0.410,-0.180,0.190,-0.010,0.220,-0.170,-0.300,-0.780,-0.710,-0.070,0.042,-0.018,0.060,0.138,-0.664,-0.738,-0.700,-0.600,-1.290,0.010,580,288,292
203966,Jamil Wilson,2020,-0.590,-0.330,2.010,0.100,-1.390,-0.470,0.500,-1.250,-0.830,-0.420,-0.141,-0.092,-0.049,0.391,0.260,-0.080,-0.170,0.000,-0.060,0.020,0.250,-0.060,0.160,-0.220,-0.320,-0.122,-0.198,0.080,-1.391,-0.380,-1.000,-0.300,-1.300,0.000,907,453,454
1627739,Kris Dunn,2020,1.060,0.420,-2.320,0.150,1.260,-0.730,-1.590,-0.650,-0.170,-0.480,0.178,0.286,-0.108,-0.828,-0.040,-0.180,-0.630,-0.410,0.680,-0.170,-1.370,-0.740,-0.570,-0.170,0.707,0.534,0.173,0.023,-0.472,-0.033,-1.300,-0.010,-1.300,0.010,16307,8148,8159
1629725,Jeremiah Martin,2020,0.050,-0.160,0.490,0.060,-0.540,-0.150,0.300,0.140,0.090,0.050,-0.036,-0.005,-0.031,-0.084,-0.000,-0.360,-0.260,-0.230,0.270,0.110,-0.810,-0.950,-0.900,-0.050,-0.184,-0.107,-0.077,-0.196,0.104,-1.134,0.020,-1.330,-1.310,-0.000,535,268,267
203104,Marquis Teague,2020,-0.190,-0.400,0.350,-0.100,-0.160,0.130,-0.340,-0.290,-0.090,-0.200,-0.294,-0.331,0.037,-0.156,-0.060,-0.170,-0.480,0.010,0.540,-0.050,-0.590,-0.500,-0.380,-0.120,-0.120,-0.084,-0.036,0.040,-0.584,-0.620,-0.740,-0.580,-1.310,0.010,288,144,144
204098,Xavier Munford,2020,-0.010,-0.210,0.120,-0.080,-0.110,-0.160,-0.240,-0.610,-0.560,-0.050,-0.075,-0.022,-0.053,0.025,-0.060,-0.140,-0.200,-0.050,0.260,-0.080,-0.320,-0.550,-0.410,-0.140,-0.048,-0.026,-0.022,-0.052,-0.685,-0.598,-0.660,-0.650,-1.310,0.000,80,41,39
1627744,Brice Johnson,2020,0.500,-0.180,-0.380,-0.060,-0.110,-0.430,-0.070,-1.200,-0.890,-0.310,-0.050,-0.003,-0.047,0.420,-0.250,-0.180,-0.350,0.010,0.600,-0.060,-0.270,-0.560,-0.440,-0.120,0.053,0.087,-0.034,0.007,-1.250,-0.507,-0.830,-0.500,-1.320,0.010,367,184,183
202340,Avery Bradley,2020,-0.580,-0.450,-1.030,0.330,1.640,-0.850,-1.300,-1.080,-1.220,0.140,-0.720,-0.602,-0.118,-0.290,-0.230,0.040,0.050,0.510,0.180,0.070,0.020,0.510,0.940,-0.430,0.412,-0.349,0.761,-0.152,-1.800,0.922,-2.090,0.770,-1.320,-0.000,18109,9042,9067
201600,Omer Asik,2020,-0.840,-0.020,0.550,-0.190,0.300,0.410,-0.470,0.510,0.770,-0.260,-0.301,-0.181,-0.120,-0.599,0.170,-0.150,-0.120,-0.190,-0.050,-0.140,-0.830,-1.120,-1.100,-0.020,-0.128,-0.023,-0.105,0.318,0.209,-1.248,-0.390,-0.930,-1.320,-0.000,597,299,298
1629006,Josh Okogie,2020,1.800,-0.620,0.660,-0.630,-2.520,-0.430,-1.750,-0.010,-0.330,0.320,-0.400,-0.076,-0.324,-0.600,-0.600,-0.480,0.740,-0.150,-0.140,-0.400,0.790,-1.090,-0.920,-0.170,0.746,0.168,0.578,0.044,-0.410,-0.344,-1.010,-0.300,-1.320,-0.010,13644,6820,6824
203486,Mason Plumlee,2020,0.450,-0.060,-1.560,0.180,1.120,-0.860,0.810,-1.140,-0.200,-0.940,-0.856,-0.764,-0.092,0.576,0.540,1.360,-1.270,-0.310,0.740,-0.280,-0.750,1.040,0.950,0.090,0.236,-0.042,0.278,-1.186,-1.996,1.276,-1.420,0.090,-1.330,-0.000,17873,8886,8987
1627772,Daniel Hamilton,2020,0.690,-0.640,-0.280,-0.260,-0.410,-0.180,-0.610,-1.380,-1.300,-0.080,0.250,-0.090,0.340,0.150,0.130,-0.080,-0.290,0.220,0.160,-0.040,0.340,0.000,0.270,-0.270,-0.345,-0.115,-0.230,-0.015,-1.130,-0.345,-0.980,-0.360,-1.340,-0.000,852,427,425
203705,Josh Magette,2020,-0.880,-0.260,0.760,-0.130,0.130,-0.200,0.210,-1.290,-0.950,-0.340,0.030,0.228,-0.198,0.120,-0.180,-0.200,-0.030,0.030,0.210,-0.140,-0.170,-0.490,-0.540,0.050,0.075,0.147,-0.072,0.195,-1.260,-0.415,-1.140,-0.220,-1.350,0.010,927,465,462
1629729,Josh Reaves,2020,0.120,-0.110,0.170,-0.240,-0.290,-0.200,-0.500,-1.060,-0.930,-0.130,0.109,0.147,-0.038,0.081,0.040,-0.090,-0.310,-0.070,0.280,0.000,-0.530,-0.340,-0.280,-0.060,-0.143,-0.123,-0.020,-0.007,-0.951,-0.483,-0.870,-0.490,-1.360,0.000,149,75,74
1629659,Talen Horton-Tucker,2020,0.200,-0.210,0.260,-0.330,-0.470,0.000,-0.130,-0.740,-0.430,-0.310,-0.540,-0.328,-0.212,0.260,0.130,-0.090,-0.920,-0.040,0.780,0.000,-0.600,-0.120,-0.130,0.010,0.042,0.102,-0.060,-0.262,-1.280,-0.078,-1.020,-0.340,-1.360,0.000,425,212,213
1628383,Justin Patton,2020,-0.360,-0.230,0.260,-0.060,0.100,-0.100,0.320,-0.450,-0.260,-0.190,-0.040,-0.071,0.031,-0.170,-0.130,-0.120,-0.170,0.010,0.300,-0.160,-0.090,-0.700,-0.510,-0.190,-0.066,-0.012,-0.054,0.056,-0.490,-0.766,-0.660,-0.710,-1.360,0.010,213,106,107
1629045,Bonzie Colson,2020,-0.010,-0.250,0.720,-0.180,-0.710,-0.050,0.030,-0.350,-0.250,-0.100,0.048,-0.062,0.110,0.042,-0.140,-0.170,-0.740,-0.150,0.880,-0.010,-1.340,-0.720,-0.710,-0.010,-0.262,-0.077,-0.185,-0.128,-0.302,-0.982,-0.260,-1.110,-1.360,0.010,443,221,222
1629683,Quinndary Weatherspoon,2020,0.100,-0.270,-0.130,-0.060,0.040,-0.230,-0.750,-0.480,-0.490,0.010,-0.484,-0.132,-0.352,0.144,-0.170,-0.160,-0.420,-0.050,0.580,-0.050,-0.340,-0.360,-0.220,-0.140,-0.044,0.074,-0.118,-0.146,-0.964,-0.404,-0.820,-0.550,-1.370,-0.000,353,175,178
203473,Dewayne Dedmon,2020,-1.160,0.220,0.160,0.430,0.980,0.270,0.570,0.390,0.680,-0.290,-1.425,-1.149,-0.276,-0.155,1.330,0.230,-1.720,-0.430,0.380,-0.410,-2.730,-0.540,-0.550,0.010,0.067,-0.235,0.302,0.293,-1.035,-0.473,-1.190,-0.180,-1.370,0.000,15661,7841,7820
101109,Raymond Felton,2020,-1.890,-0.520,2.750,-1.160,-0.850,-0.550,-2.270,-2.090,-1.940,-0.150,0.220,0.562,-0.342,-0.220,-0.540,0.450,0.090,0.310,0.460,0.170,0.870,1.860,1.830,0.030,0.434,0.099,0.335,-1.604,-1.870,2.294,-2.090,0.690,-1.400,0.000,7091,3549,3542
1629665,Jalen Lecque,2020,0.080,-0.110,0.210,-0.110,-0.290,-0.220,-0.560,-0.610,-0.460,-0.150,-0.107,-0.037,-0.070,-0.173,0.020,-0.090,-0.440,-0.000,0.430,-0.100,-0.210,-0.290,-0.190,-0.100,-0.030,-0.044,0.014,-0.190,-0.717,-0.320,-0.890,-0.510,-1.400,0.000,133,65,68
203469,Cody Zeller,2020,0.560,-1.530,-0.810,0.060,0.260,-0.410,-0.330,-1.490,-1.210,-0.280,-0.210,-0.217,0.007,0.620,0.160,-0.780,-1.210,0.310,1.040,-0.520,-1.600,-0.880,-0.980,0.100,0.235,0.088,0.147,0.325,-1.700,-0.645,-1.080,-0.320,-1.400,0.000,12395,6205,6190
204066,John Holland,2020,-0.610,0.230,0.450,0.060,0.170,-0.300,-0.250,-0.280,-0.060,-0.220,-0.134,-0.056,-0.078,-0.136,-0.160,0.000,-0.420,-0.050,0.570,-0.260,-0.730,-0.840,-0.850,0.010,-0.036,-0.088,0.052,0.036,-0.414,-0.876,-0.550,-0.840,-1.400,-0.010,662,332,330
1626162,Kelly Oubre Jr.,2020,0.410,-0.310,-0.950,-0.650,0.550,0.310,-1.320,-0.350,-1.050,0.700,-0.289,0.198,-0.487,0.149,-0.990,-0.350,-0.230,0.090,1.350,0.020,0.320,-0.710,-0.200,-0.510,0.575,-0.236,0.811,-0.775,-0.639,-0.135,-0.490,-0.910,-1.410,-0.010,25092,12548,12544
1629244,Cameron Reynolds,2020,-0.620,0.030,0.580,0.010,0.040,-0.210,-0.040,0.200,0.220,-0.020,-0.140,0.012,-0.152,-0.460,0.030,-0.140,-0.690,-0.070,0.670,-0.160,-0.920,-0.480,-0.370,-0.110,-0.218,-0.246,0.028,-0.322,0.060,-0.698,-0.400,-1.020,-1.420,0.000,1011,511,500
1628393,Jawun Evans,2020,0.260,-0.370,-0.110,-0.310,-0.130,0.500,-2.580,-1.210,-1.140,-0.070,0.071,0.042,0.029,0.249,0.160,-0.210,0.110,-0.000,-0.250,-0.180,-0.640,-0.860,-0.720,-0.140,0.358,-0.109,0.467,-0.028,-1.139,-0.502,-0.890,-0.530,-1.420,0.000,2986,1493,1493
203263,James Nunnally,2020,-0.810,0.100,1.640,0.030,-0.810,-0.130,0.220,0.230,0.250,-0.020,0.089,-0.012,0.101,-0.409,-0.200,-0.200,0.150,-0.130,0.070,-0.150,-0.560,-1.120,-0.970,-0.150,-0.191,-0.057,-0.134,-0.029,0.319,-1.311,-0.090,-1.340,-1.430,0.000,416,208,208
1628436,Luke Kornet,2020,-0.190,-0.270,2.610,-0.440,-2.430,0.390,2.210,-0.590,0.330,-0.920,0.447,0.333,0.114,-1.607,0.070,0.260,-0.200,-0.170,0.120,0.080,-0.930,0.620,0.220,0.400,0.090,-0.164,0.254,-0.390,-0.143,0.710,-1.750,0.320,-1.430,-0.000,6708,3371,3337
1627853,Ryan Arcidiacono,2020,-1.300,-1.230,0.900,-0.490,0.400,0.410,-0.140,-1.290,-0.870,-0.420,0.616,0.267,0.349,-0.526,0.020,-0.220,-0.750,0.040,0.720,-0.220,-0.380,-0.490,-0.500,0.010,0.341,0.132,0.209,-0.081,-0.674,-0.149,-1.200,-0.230,-1.440,-0.010,12658,6321,6337
2225,Tony Parker,2020,0.800,-0.480,-2.440,-0.500,1.630,-0.300,-1.590,-0.940,-0.680,-0.260,0.260,0.016,0.244,-0.700,-0.560,-0.050,0.920,0.550,-0.360,-0.630,0.970,0.420,0.550,-0.130,0.323,0.278,0.045,-0.803,-0.680,0.743,-1.380,-0.060,-1.440,0.000,8354,4194,4160
1628381,John Collins,2020,1.560,0.750,0.220,-0.870,-1.780,-1.200,1.570,-1.610,-1.450,-0.160,-0.911,-0.434,-0.477,1.141,-0.100,0.140,-0.260,0.110,0.360,-0.500,-1.590,0.360,0.350,0.010,-0.109,0.315,-0.424,-0.321,-2.521,0.251,-1.380,-0.070,-1.450,0.000,19890,9954,9936
1628971,Bruce Brown,2020,2.330,-1.080,-1.240,0.220,-1.050,-0.330,-0.560,-0.410,-0.130,-0.280,-0.950,-0.284,-0.666,-0.530,-0.800,0.070,1.440,0.120,-0.620,0.290,1.120,0.710,0.720,-0.010,-0.187,-0.079,-0.108,-0.083,-1.360,0.523,-1.890,0.440,-1.450,0.000,12434,6170,6264
203089,John Henson,2020,-0.480,0.190,-2.780,0.190,3.270,0.430,0.210,-0.840,-0.540,-0.300,-1.151,-0.999,-0.152,0.781,-1.440,-0.040,0.230,0.060,1.230,0.040,-1.030,0.160,0.140,0.020,-0.334,-0.042,-0.292,-0.076,-1.991,-0.174,-1.210,-0.250,-1.460,0.000,10645,5322,5323
1627824,Guerschon Yabusele,2020,-0.410,-0.020,0.970,-0.420,-0.560,-0.340,-0.830,-1.410,-1.160,-0.250,-0.024,0.178,-0.202,0.614,-0.430,-0.100,-0.370,-0.130,0.800,0.300,-0.980,-0.280,-0.080,-0.200,0.053,-0.002,0.055,-0.433,-1.434,-0.227,-0.820,-0.660,-1.470,0.010,2150,1074,1076
1627762,Joel Bolomboy,2020,-0.420,-0.270,0.300,-0.410,0.130,0.130,-1.160,-1.390,-1.240,-0.150,-0.171,-0.028,-0.143,0.331,0.060,-0.100,-0.230,-0.020,0.180,-0.120,-0.030,-0.380,-0.300,-0.080,0.079,0.083,-0.004,0.051,-1.561,-0.301,-1.230,-0.250,-1.480,0.000,150,75,75
1629034,Ray Spalding,2020,0.240,-0.280,-0.000,-0.320,-0.250,-0.090,-1.030,-1.150,-0.980,-0.170,-0.285,0.026,-0.311,0.235,0.240,-0.030,-0.330,-0.000,0.100,0.020,-0.140,-0.410,-0.200,-0.210,0.056,-0.129,0.185,0.074,-1.435,-0.354,-1.200,-0.280,-1.480,-0.000,610,307,303
1629061,Deng Adel,2020,-0.590,-0.140,0.410,-0.060,0.190,-0.280,-0.620,-0.830,-0.740,-0.090,-0.177,-0.092,-0.085,0.187,0.100,-0.190,-0.230,-0.010,0.140,-0.230,-0.520,-0.710,-0.730,0.020,-0.211,-0.059,-0.152,0.261,-1.007,-0.921,-0.820,-0.660,-1.480,0.000,599,301,298
1629655,Daniel Gafford,2020,0.970,-0.200,-0.800,-0.120,-0.160,-0.270,-1.480,-0.380,-0.180,-0.200,-0.615,-0.510,-0.105,-0.605,-0.710,0.190,0.230,0.270,0.490,-0.320,0.600,-0.310,0.140,-0.450,0.501,0.336,0.165,-0.081,-0.995,0.191,-1.600,0.110,-1.490,0.000,2485,1239,1246
1629739,William Howard,2020,-0.150,-0.130,0.440,-0.250,-0.290,-0.130,-0.370,-0.780,-0.730,-0.050,-0.116,-0.061,-0.055,-0.064,-0.100,-0.090,-0.220,-0.060,0.320,-0.100,-0.230,-0.640,-0.500,-0.140,0.077,-0.029,0.106,0.033,-0.896,-0.563,-0.960,-0.530,-1.490,0.000,57,28,29
1629625,Justin Wright-Foreman,2020,-0.180,-0.210,0.380,-0.260,-0.200,-0.080,-0.330,-0.480,-0.460,-0.020,-0.147,-0.143,-0.004,-0.193,-0.150,-0.170,-0.190,-0.110,0.340,-0.050,-0.370,-0.630,-0.570,-0.060,0.068,0.039,0.029,-0.118,-0.627,-0.562,-0.820,-0.680,-1.500,0.000,183,90,93
1627755,Tyler Ulis,2020,0.070,0.030,-1.880,-0.620,1.640,-0.680,-0.500,-1.270,-1.180,-0.090,-0.449,-0.272,-0.177,0.429,-0.160,-0.100,-0.080,-0.100,0.140,-0.150,0.250,-0.460,-0.600,0.140,0.014,0.149,-0.135,0.246,-1.719,-0.446,-1.290,-0.200,-1.500,-0.010,6913,3459,3454
203923,James Young,2020,-0.210,0.010,0.130,-0.260,0.090,-0.130,-0.800,-0.550,-0.520,-0.030,-0.137,-0.032,-0.105,-0.213,0.040,-0.120,-0.370,-0.020,0.340,0.090,-0.490,-0.220,-0.130,-0.090,-0.079,-0.098,0.019,-0.301,-0.687,-0.299,-0.900,-0.600,-1.500,0.000,227,114,113
1628991,Jaren Jackson Jr.,2020,0.350,-0.000,-0.550,0.100,0.130,0.190,0.160,-0.660,-0.120,-0.540,-0.466,0.117,-0.583,-1.004,-0.300,0.340,-0.050,-0.030,0.480,0.370,-0.250,0.580,0.680,-0.100,0.091,-0.114,0.205,-0.051,-1.126,0.671,-2.130,0.620,-1.520,-0.010,13026,6515,6511
1629312,Haywood Highsmith,2020,-0.140,-0.150,0.020,-0.120,0.120,-0.150,-0.290,-0.710,-0.600,-0.110,-0.080,-0.079,-0.001,0.190,-0.260,-0.130,-0.020,-0.040,0.280,-0.190,-0.250,-0.630,-0.510,-0.120,-0.096,-0.039,-0.057,-0.194,-0.790,-0.726,-0.600,-0.920,-1.520,0.000,169,85,84
1627885,Shaquille Harrison,2020,3.350,-1.060,-3.870,0.030,0.540,-0.160,-3.040,-0.390,-0.080,-0.310,-0.270,0.066,-0.336,-0.990,-0.620,-0.480,0.030,0.280,0.600,-0.290,0.790,-0.380,-0.210,-0.170,0.800,-0.012,0.812,-0.300,-0.660,0.420,-1.650,0.120,-1.530,-0.000,9249,4619,4630
1629117,Wenyen Gabriel,2020,-0.450,-0.330,0.190,-0.390,0.260,0.210,-1.480,-1.710,-1.430,-0.280,-0.302,0.078,-0.380,1.152,0.390,-0.110,-0.640,-0.150,0.260,-0.220,-0.050,-0.990,-0.680,-0.310,0.280,-0.150,0.430,0.010,-2.012,-0.710,-0.860,-0.700,-1.550,0.010,1195,589,606
1628935,Aaron Jackson,2020,-0.090,-0.230,0.420,-0.240,-0.320,0.020,-0.790,-0.680,-0.510,-0.170,-0.235,0.027,-0.262,-0.015,-0.190,-0.120,-0.180,-0.020,0.370,-0.080,-0.270,-0.530,-0.460,-0.070,-0.063,0.077,-0.140,-0.037,-0.915,-0.593,-0.930,-0.630,-1.560,-0.000,191,96,95
201589,Darrell Arthur,2020,-0.250,-0.210,0.730,-0.050,-0.470,-0.040,0.320,-0.220,-0.190,-0.030,-0.189,-0.030,-0.159,-0.551,-0.160,-0.180,-0.240,-0.030,0.410,-0.100,-0.640,-0.690,-0.660,-0.030,0.038,0.038,-0.000,0.052,-0.409,-0.652,-0.960,-0.600,-1.560,-0.000,526,261,265
202337,Luke Babbitt,2020,-1.380,-0.440,1.030,0.280,0.350,0.050,-0.540,-0.750,-0.550,-0.200,0.221,0.412,-0.191,0.089,0.770,-0.290,-0.410,-0.250,-0.360,-0.050,-1.580,-1.120,-1.250,0.130,-0.063,0.108,-0.171,0.053,-0.529,-1.183,-0.440,-1.130,-1.570,0.000,2811,1417,1394
1627884,Derrick Jones Jr.,2020,0.910,-0.660,0.700,-0.740,-1.610,-1.070,-0.250,-2.410,-2.500,0.090,-0.106,-0.069,-0.037,1.436,0.490,0.020,-1.270,0.360,0.780,-0.210,-1.760,-0.050,0.140,-0.190,-0.203,0.052,-0.255,-0.237,-2.516,-0.253,-1.080,-0.490,-1.570,0.000,11394,5644,5750
1627742,Brandon Ingram,2020,1.590,0.050,-3.110,-0.550,1.530,-0.560,-2.220,-0.980,-1.140,0.160,-0.518,0.100,-0.618,0.458,-0.870,0.450,-0.020,0.300,0.890,0.150,0.490,0.390,0.270,0.120,-0.536,-0.610,0.074,-0.404,-1.498,-0.146,-1.040,-0.550,-1.580,0.010,23930,11981,11949
202326,DeMarcus Cousins,2020,2.240,0.080,1.030,-0.350,-3.270,0.260,1.880,-0.440,-0.410,-0.030,-1.421,-0.269,-1.152,0.181,0.810,0.040,-1.080,-0.440,0.260,-0.010,-0.910,-0.020,-0.300,0.280,0.045,-0.158,0.203,0.065,-1.861,0.025,-1.680,0.090,-1.590,0.000,9437,4724,4713
1629741,Marko Guduric,2020,0.010,0.220,0.180,-0.050,-0.180,-0.390,0.320,-0.460,-0.340,-0.120,-0.499,-0.208,-0.291,-0.101,-0.070,-0.040,-0.420,-0.340,0.480,0.180,-0.570,-0.320,-0.240,-0.080,0.291,0.037,0.254,-0.501,-0.959,-0.029,-1.060,-0.530,-1.590,0.000,2031,1020,1011
1629743,Donta Hall,2020,-0.640,-0.320,0.930,-0.090,-0.290,-0.150,0.010,-0.560,-0.480,-0.080,-0.108,-0.036,-0.072,0.118,-0.020,-0.320,-0.350,-0.190,0.370,0.010,-0.580,-1.090,-0.930,-0.160,0.031,0.013,0.018,0.009,-0.668,-1.059,-0.550,-1.050,-1.590,0.010,630,313,317
1627785,Isaiah Whitehead,2020,0.370,-0.320,-0.320,-0.360,-0.050,0.160,-2.830,-0.890,-0.910,0.020,-0.766,-0.157,-0.609,-0.164,-0.040,-0.100,-0.120,0.240,0.160,-0.050,0.340,0.200,0.210,-0.010,-0.179,-0.115,-0.064,0.199,-1.656,0.021,-1.820,0.220,-1.600,0.000,674,343,331
1629650,Moses Brown,2020,-0.080,-0.150,0.150,-0.230,-0.070,-0.030,-0.660,-0.660,-0.570,-0.090,0.007,-0.090,0.097,-0.037,-0.060,-0.140,-0.210,-0.120,0.280,-0.030,-0.580,-0.590,-0.470,-0.120,-0.150,-0.090,-0.060,-0.180,-0.653,-0.740,-0.690,-0.920,-1.610,-0.000,138,68,70
203115,Will Barton,2020,0.400,-0.730,-0.780,-0.320,0.410,-0.400,-1.450,-2.080,-1.740,-0.340,0.058,-0.005,0.063,0.712,-1.060,-0.080,0.550,0.410,0.500,0.130,-0.010,0.270,0.080,0.190,-0.269,-0.145,-0.124,-0.311,-2.022,0.001,-1.310,-0.310,-1.610,0.010,23766,11908,11858
1628982,Melvin Frazier Jr.,2020,-1.060,-0.230,-0.130,-0.460,1.200,0.130,-1.720,-1.560,-1.250,-0.310,-0.003,-0.149,0.146,0.373,-0.310,-0.330,-0.250,0.150,0.560,0.000,-0.050,-0.590,-0.310,-0.280,0.182,0.082,0.100,-0.012,-1.563,-0.408,-1.190,-0.420,-1.610,-0.000,770,380,390
1629023,P.J. Washington,2020,1.610,-1.100,-0.300,0.420,-1.310,-0.420,2.490,0.640,1.110,-0.470,-1.337,-0.906,-0.431,-1.133,-0.860,-0.460,0.170,0.330,0.700,0.190,-1.010,0.520,0.310,0.210,-0.014,-0.270,0.256,-0.276,-0.697,0.506,-1.830,0.230,-1.610,-0.010,6796,3407,3389
1627883,Jalen Jones,2020,0.040,-0.240,0.810,0.330,-0.850,-0.730,0.810,0.000,0.390,-0.390,-0.269,-0.190,-0.079,0.349,0.170,-0.310,-0.340,-0.180,0.180,-0.390,-1.880,-1.870,-1.760,-0.110,-0.132,0.007,-0.139,0.302,-0.269,-2.002,0.080,-1.700,-1.620,0.000,1521,757,764
1626181,Norman Powell,2020,1.000,-0.120,1.250,-0.830,-2.240,-0.380,-0.610,-0.300,-0.230,-0.070,0.529,0.247,0.282,-2.029,-0.260,0.090,0.320,0.270,-0.050,0.240,-0.010,0.570,0.700,-0.130,0.484,0.373,0.111,-0.884,0.229,1.054,-1.800,0.170,-1.630,0.000,17013,8509,8504
1629058,Dzanan Musa,2020,2.230,-0.690,0.100,-0.800,-2.330,0.020,-1.040,-1.660,-1.750,0.090,-0.026,0.013,-0.039,0.626,-0.370,0.090,-0.020,-0.330,0.390,0.240,-0.540,-0.520,-0.600,0.080,0.033,-0.122,0.155,-0.083,-1.686,-0.487,-1.060,-0.570,-1.630,0.000,2456,1232,1224
201156,Nick Young,2020,-1.970,-0.590,2.410,-0.210,-0.450,-0.280,-1.840,-0.520,-0.900,0.380,0.389,-0.036,0.425,-0.699,-0.540,-0.400,0.640,0.090,-0.100,0.180,0.300,-0.710,-0.620,-0.090,0.017,-0.232,0.249,-0.117,-0.131,-0.693,-0.830,-0.810,-1.640,0.000,6039,3027,3012
1629133,Daryl Macon,2020,-0.000,-0.260,0.540,-0.200,-0.540,-0.290,-0.820,-1.290,-1.210,-0.080,-0.134,-0.100,-0.034,0.064,0.120,-0.050,-0.410,-0.020,0.290,0.010,-0.360,-0.260,-0.230,-0.030,-0.240,0.007,-0.247,0.220,-1.424,-0.500,-1.360,-0.280,-1.640,0.000,414,208,206
201145,Jeff Green,2020,-0.080,0.940,0.270,-0.280,-0.160,-0.410,-0.240,0.660,-0.060,0.720,-0.243,0.146,-0.389,-0.957,-0.190,-0.190,-0.550,0.180,0.720,-0.060,-0.090,-0.200,-0.380,0.180,-0.366,-0.122,-0.244,-0.554,0.417,-0.566,-0.540,-1.120,-1.650,0.010,22840,11409,11431
1628963,Marvin Bagley III,2020,0.240,-0.610,-2.320,-0.320,2.090,-0.060,-2.330,-2.100,-2.000,-0.100,0.048,0.300,-0.252,1.812,-0.740,-0.440,-1.020,0.270,1.770,0.000,0.180,-0.200,-0.270,0.070,-0.843,-0.144,-0.699,-0.367,-2.052,-1.043,-0.240,-1.410,-1.650,0.000,7863,3938,3925
101112,Channing Frye,2020,-0.910,0.250,1.590,0.390,-0.700,-0.940,1.170,-0.280,-0.180,-0.100,0.484,0.095,0.389,-0.154,0.440,-0.340,-0.470,-0.210,0.040,-0.100,-0.940,-1.210,-1.130,-0.080,-0.409,-0.343,-0.066,-0.081,0.204,-1.619,0.050,-1.700,-1.650,0.000,3994,2004,1990
1628983,Shai Gilgeous-Alexander,2020,0.930,-0.190,-2.000,0.700,1.100,0.660,-2.720,1.190,0.660,0.530,-0.386,0.140,-0.526,-1.734,-1.670,-0.420,1.920,0.290,-0.200,-0.500,1.370,-0.150,-0.230,0.080,-0.144,-0.036,-0.108,-0.456,0.804,-0.294,-0.930,-0.750,-1.680,0.000,20696,10349,10347
203493,Reggie Bullock,2020,-0.120,-0.390,-0.560,0.030,0.600,-0.320,0.770,-0.610,-0.560,-0.050,-0.142,-0.044,-0.098,-0.858,-0.020,-0.580,-0.230,0.230,0.240,-0.230,0.050,-0.420,-0.170,-0.250,-0.003,-0.007,0.004,0.353,-0.752,-0.423,-1.610,-0.070,-1.680,0.000,16770,8398,8372
1629109,Gary Clark,2020,-2.080,-0.400,4.760,-0.570,-2.680,0.040,-2.240,-0.770,-1.240,0.470,-0.513,-0.207,-0.306,0.733,-1.330,-0.040,0.140,0.110,1.190,-0.060,-0.350,0.260,0.160,0.100,-0.212,-0.199,-0.013,-1.178,-1.283,0.048,-0.550,-1.130,-1.680,-0.000,5450,2720,2730
1628977,Hamidou Diallo,2020,3.010,-1.230,-3.240,-0.120,0.250,-0.370,-1.390,-2.030,-1.350,-0.680,-0.353,-0.220,-0.133,1.113,-0.500,-0.230,0.600,0.210,-0.100,0.120,-0.370,-0.100,0.020,-0.120,0.000,-0.362,0.362,-0.320,-2.383,-0.100,-1.270,-0.420,-1.690,0.000,5985,2985,3000
1629057,Robert Williams III,2020,0.320,0.280,-0.260,-0.480,-0.050,-0.270,-2.060,-0.630,-0.840,0.210,0.025,0.037,-0.012,-0.055,-0.320,0.080,-0.920,-0.230,1.230,0.320,-1.750,-0.280,-0.080,-0.200,0.224,0.402,-0.178,-0.984,-0.605,-0.056,-0.660,-1.040,-1.700,0.000,3401,1695,1706
202066,Garrett Temple,2020,-0.020,-0.940,0.180,-0.800,-0.160,-0.500,-1.390,-1.860,-1.920,0.060,0.109,-0.329,0.438,-0.439,0.410,0.590,-0.240,-0.080,-0.180,0.020,0.710,-0.420,-0.070,-0.350,0.284,0.066,0.218,0.616,-1.751,-0.136,-2.190,0.480,-1.710,0.000,21781,10896,10885
203940,Adreian Payne,2020,-0.410,-0.080,0.050,-0.190,0.360,-0.050,-0.870,-0.830,-0.840,0.010,-0.161,-0.009,-0.152,0.151,-0.080,-0.180,-0.160,-0.100,0.240,-0.110,-0.550,-0.670,-0.610,-0.060,0.014,-0.060,0.074,-0.214,-0.991,-0.656,-0.840,-0.870,-1.710,0.000,142,72,70
1626195,Willy Hernangomez,2020,1.740,-1.790,-1.960,-0.090,0.230,0.060,-0.060,-1.370,-1.410,0.040,-0.653,-0.385,-0.268,1.383,-0.510,-0.420,0.030,-0.040,0.480,-0.670,-1.770,-1.190,-1.210,0.020,-0.340,0.034,-0.374,0.460,-2.023,-1.530,-0.640,-1.070,-1.710,0.000,6689,3347,3342
2731,Emeka Okafor,2020,0.180,-0.230,-1.640,-0.400,1.460,-0.170,-1.640,-2.130,-1.680,-0.450,0.138,0.163,-0.025,0.282,-0.410,0.410,0.560,-0.140,-0.150,-0.090,-0.170,0.130,-0.020,0.150,0.024,0.112,-0.088,-0.174,-1.992,0.154,-1.710,-0.020,-1.720,0.010,1402,700,702
203961,Eric Moreland,2020,-1.770,-0.460,0.170,-0.200,1.590,-0.410,-1.530,-2.760,-2.170,-0.590,-0.392,-0.298,-0.094,0.232,0.120,0.120,-0.830,0.060,0.710,0.170,-1.270,0.190,-0.030,0.220,0.580,0.387,0.193,0.430,-3.152,0.770,-2.920,1.200,-1.720,-0.000,2981,1484,1497
1629147,Joe Chealey,2020,-0.030,-0.300,0.200,-0.240,-0.170,-0.180,-0.860,-1.000,-0.950,-0.050,-0.231,-0.132,-0.099,-0.279,-0.020,-0.060,-0.070,-0.000,0.080,-0.080,-0.150,-0.160,-0.110,-0.050,0.070,0.048,0.022,-0.130,-1.231,-0.090,-1.510,-0.220,-1.730,0.000,164,81,83
1627858,Kyle Collinsworth,2020,0.300,-0.960,-0.260,-0.480,-0.030,0.080,0.240,-2.010,-1.560,-0.450,0.409,0.282,0.127,0.861,0.670,-0.040,-0.580,-0.020,-0.080,-0.640,-1.020,-1.130,-1.180,0.050,-0.052,0.079,-0.131,0.192,-1.601,-1.182,-0.740,-0.990,-1.730,-0.000,1631,817,814
203943,Noah Vonleh,2020,-0.510,-1.990,-1.530,-0.210,2.040,-0.200,-3.070,-2.680,-2.450,-0.230,0.076,0.315,-0.239,0.514,0.340,0.050,-0.240,0.220,-0.100,-0.290,0.520,0.550,0.460,0.090,-0.026,-0.231,0.205,-0.164,-2.604,0.524,-2.090,0.360,-1.730,-0.000,11860,5931,5929
1628373,Frank Ntilikina,2020,-1.260,-0.990,-0.850,0.170,2.110,-0.930,-1.730,-1.930,-1.760,-0.170,-0.386,-0.528,0.142,-0.334,-0.060,0.480,0.290,-0.240,-0.240,0.740,1.730,0.590,0.990,-0.400,0.697,0.603,0.094,-0.397,-2.316,1.287,-2.650,0.890,-1.760,0.000,14833,7404,7429
1628469,Antonio Blakeney,2020,-0.600,-0.060,-2.100,0.200,2.700,-0.270,-0.290,-0.820,-0.580,-0.240,1.261,0.725,0.536,-0.531,-0.160,-0.120,-0.600,0.010,0.770,-0.110,-1.660,-0.780,-0.740,-0.040,-0.961,-0.559,-0.402,0.071,0.441,-1.741,-0.090,-1.670,-1.760,0.000,4590,2300,2290
1629010,Jerome Robinson,2020,-0.360,-0.370,-0.310,0.160,0.670,-0.550,0.000,-0.110,0.020,-0.130,0.122,0.329,-0.207,-0.662,0.640,-0.420,0.270,-0.020,-0.910,-0.260,0.700,-1.450,-0.950,-0.500,0.147,-0.071,0.218,0.183,0.012,-1.303,-0.650,-1.120,-1.770,0.000,5645,2825,2820
1629597,Zylan Cheatham,2020,0.180,0.050,0.140,-0.230,-0.320,-0.240,-0.760,-0.640,-0.560,-0.080,-0.335,-0.247,-0.088,-0.005,-0.130,-0.140,-0.160,-0.020,0.290,-0.140,-0.390,-0.520,-0.420,-0.100,-0.134,-0.118,-0.016,-0.146,-0.975,-0.654,-0.980,-0.800,-1.780,-0.000,213,106,107
1629738,Vincent Poirier,2020,0.040,-0.270,-0.030,-0.260,-0.000,-0.090,-0.850,-0.860,-0.780,-0.080,-0.143,-0.066,-0.077,-0.197,-0.150,0.110,-0.160,-0.060,0.310,-0.110,0.010,-0.570,-0.380,-0.190,-0.030,-0.130,0.100,0.010,-1.003,-0.600,-1.200,-0.590,-1.790,0.000,558,280,278
203903,Jordan Clarkson,2020,-1.240,0.390,0.630,-0.700,0.600,0.830,-2.640,-0.720,-0.500,-0.220,0.363,0.348,0.015,1.027,-0.110,-1.030,0.160,-0.240,-0.080,-0.320,-0.380,-1.800,-1.730,-0.070,-0.310,0.020,-0.330,-0.350,-0.357,-2.110,0.670,-2.460,-1.790,0.000,24383,12198,12185
1628422,Damyean Dotson,2020,-1.250,-0.440,1.200,-0.220,0.040,-0.360,-0.470,-0.680,-0.420,-0.260,-0.315,-0.053,-0.262,-0.715,-0.710,0.380,0.230,0.060,0.470,0.540,1.310,0.880,0.900,-0.020,-0.318,0.055,-0.373,-0.652,-0.995,0.562,-1.710,-0.090,-1.800,-0.000,13221,6626,6595
203957,Dante Exum,2020,4.050,-0.950,-1.840,-1.000,-2.190,0.550,-2.140,-0.630,-0.540,-0.090,-0.813,-0.446,-0.367,-0.377,0.040,0.370,0.840,-0.270,-0.890,-0.160,1.860,-0.290,-0.090,-0.200,0.336,0.025,0.311,-0.036,-1.443,0.046,-1.820,0.010,-1.810,-0.000,6012,2997,3015
1629020,Jarred Vanderbilt,2020,-0.270,-0.090,0.260,-0.190,0.010,-0.130,-1.490,-0.890,-0.820,-0.070,-0.637,-0.259,-0.378,-0.113,-0.260,-0.170,-0.050,-0.060,0.300,0.120,0.180,-0.430,-0.280,-0.150,0.064,0.088,-0.024,0.196,-1.527,-0.366,-1.640,-0.170,-1.810,0.000,519,262,257
1627752,Taurean Prince,2020,1.310,-0.560,1.030,0.190,-2.350,-0.420,0.470,0.350,0.750,-0.400,-0.191,0.010,-0.201,-0.459,0.300,-0.190,-0.390,-0.450,0.080,-0.900,-1.850,-1.420,-1.370,-0.050,-0.138,-0.072,-0.066,0.038,0.159,-1.558,-0.300,-1.520,-1.820,0.000,24098,12037,12061
101133,Ian Mahinmi,2020,-1.240,-1.080,-1.900,-0.440,3.150,-0.220,-2.290,-2.800,-2.760,-0.040,-0.676,-0.192,-0.484,1.646,0.700,-0.090,-1.940,-0.410,1.250,0.130,-0.870,-0.270,-0.230,-0.040,0.467,0.124,0.343,-0.187,-3.476,0.197,-1.830,0.010,-1.820,0.000,9823,4910,4913
202690,Jimmer Fredette,2020,0.060,-0.150,0.180,-0.320,-0.240,-0.160,-0.870,-0.880,-0.980,0.100,0.074,0.267,-0.193,-0.204,0.020,-0.160,-0.360,-0.160,0.340,0.020,-0.570,-0.720,-0.670,-0.050,-0.018,0.007,-0.025,-0.072,-0.806,-0.738,-1.010,-0.810,-1.830,-0.010,269,136,133
203953,Jabari Parker,2020,1.680,0.130,-2.200,-0.230,0.520,0.560,0.110,0.330,0.530,-0.200,-0.748,-0.415,-0.333,0.258,-1.130,-0.260,-0.110,-0.250,1.240,-0.460,-1.090,-1.100,-1.140,0.040,0.286,0.360,-0.074,-0.846,-0.418,-0.814,-0.160,-1.660,-1.830,-0.010,14263,7129,7134
1627821,James Webb III,2020,0.010,-0.070,0.550,-0.510,-0.560,0.040,-1.000,-1.430,-1.190,-0.240,0.066,-0.038,0.104,0.104,-0.090,-0.080,-0.090,-0.050,0.200,-0.050,0.300,-0.300,-0.190,-0.110,-0.130,-0.059,-0.071,-0.140,-1.364,-0.430,-1.260,-0.570,-1.830,0.000,473,240,233
1627215,Walter Lemon Jr.,2020,1.550,-0.490,-0.920,0.070,-0.640,-0.060,-0.100,-0.700,-0.210,-0.490,0.130,0.166,-0.036,-0.120,-0.200,-0.170,-0.070,-0.210,0.270,-0.140,-0.690,-1.250,-1.170,-0.080,-0.079,-0.058,-0.021,0.169,-0.570,-1.329,-0.690,-1.160,-1.840,0.010,826,413,413
201577,Robin Lopez,2020,-3.310,-0.400,-1.800,-0.120,5.100,1.270,-1.960,-1.570,-0.840,-0.730,-0.775,0.087,-0.862,0.065,1.660,0.750,0.650,-0.170,-2.330,-0.520,-0.120,1.300,0.620,0.680,-1.614,-0.562,-1.052,0.744,-2.345,-0.314,-2.280,0.430,-1.850,0.000,16579,8285,8294
203488,Mike Muscala,2020,-1.520,-1.120,3.620,-0.240,-2.090,-0.770,1.460,-1.440,-1.570,0.130,0.482,0.010,0.472,-0.742,0.250,0.140,-0.050,-0.180,-0.200,0.120,-0.120,-0.210,-0.230,0.020,-0.323,-0.220,-0.103,0.383,-0.958,-0.533,-1.700,-0.150,-1.850,0.000,11961,5983,5978
1626166,Cameron Payne,2020,-0.030,-0.450,0.260,0.520,-0.240,-0.960,-0.370,-0.590,-0.160,-0.430,-0.256,0.018,-0.274,-0.404,0.610,-0.080,-1.020,-0.350,0.410,0.030,-1.060,-0.480,-0.490,0.010,-0.143,-0.098,-0.045,0.013,-0.846,-0.623,-1.250,-0.610,-1.870,-0.010,5779,2894,2885
1628439,Isaiah Hicks,2020,-0.280,-0.530,0.400,0.190,-0.110,-0.090,0.130,-0.200,0.140,-0.340,-0.150,-0.226,0.076,-0.680,-0.040,0.110,-0.050,-0.010,0.100,-0.260,-0.280,-0.530,-0.400,-0.130,-0.202,-0.198,-0.004,-0.108,-0.350,-0.732,-1.030,-0.840,-1.870,0.000,1024,508,516
2199,Tyson Chandler,2020,-1.490,-1.240,0.080,-0.360,1.290,-0.360,-4.240,-2.660,-2.280,-0.380,-0.886,-0.258,-0.628,0.156,2.860,-0.340,-1.300,0.180,-1.640,0.250,0.470,1.910,1.630,0.280,-0.629,-0.348,-0.281,0.199,-3.546,1.281,-3.390,1.480,-1.910,0.000,9231,4609,4622
1629636,Darius Garland,2020,-0.430,-0.310,0.080,0.130,0.350,0.370,-0.430,-0.860,-0.060,-0.800,-0.952,-0.716,-0.236,0.292,-0.710,-0.080,0.580,0.130,0.140,-0.070,0.030,0.190,-0.110,0.300,-0.388,-0.204,-0.184,-0.202,-1.812,-0.198,-1.520,-0.400,-1.910,0.010,7407,3710,3697
2210,Richard Jefferson,2020,-0.020,-0.230,0.160,-0.170,-0.140,-0.410,-0.580,-0.640,-0.420,-0.220,-0.054,-0.019,-0.035,-0.726,-0.030,-0.030,-0.200,-0.100,0.240,-0.220,-0.640,-0.790,-0.780,-0.010,0.083,-0.095,0.178,0.207,-0.694,-0.707,-1.420,-0.500,-1.920,-0.000,543,270,273
1626147,Justin Anderson,2020,0.460,-0.570,1.630,-0.730,-2.120,-0.330,0.230,-1.290,-1.090,-0.200,0.176,0.176,-0.000,-0.296,-0.350,0.070,-0.740,0.070,1.100,0.170,0.160,0.320,0.360,-0.040,-0.138,-0.141,0.003,-0.702,-1.114,0.182,-1.410,-0.520,-1.920,0.010,4638,2299,2339
203086,Meyers Leonard,2020,-1.590,-0.010,1.520,0.720,0.040,0.580,2.460,0.370,1.370,-1.000,-0.108,-0.437,0.329,-0.962,1.680,-1.290,-1.220,0.050,-0.470,-0.540,-1.540,-2.030,-2.060,0.030,-0.100,-0.395,0.295,0.890,0.262,-2.130,-0.700,-1.240,-1.940,-0.000,9313,4654,4659
1628970,Miles Bridges,2020,1.830,0.180,0.170,-0.590,-1.980,0.150,0.930,-0.670,-0.330,-0.340,-0.242,-0.392,0.150,1.282,-1.140,-1.070,-0.030,-0.020,1.170,-0.150,-2.600,-1.280,-1.350,0.070,-0.636,0.014,-0.650,-0.404,-0.912,-1.916,0.370,-2.320,-1.940,0.010,14466,7222,7244
203141,Mirza Teletovic,2020,-0.940,-0.300,0.740,0.030,0.210,0.270,-0.010,-0.170,-0.110,-0.060,-0.578,-0.418,-0.160,-0.252,-0.120,0.090,-0.030,-0.120,0.150,-0.320,-0.350,-0.770,-0.680,-0.090,-0.117,-0.167,0.050,-0.063,-0.748,-0.887,-1.000,-0.950,-1.950,0.000,560,283,277
1627823,Juancho Hernangomez,2020,0.400,-0.330,0.690,-0.240,-1.100,-1.080,-0.320,-2.020,-1.540,-0.480,0.007,0.272,-0.265,0.693,-0.740,-0.430,-0.100,0.150,0.830,-0.300,-0.830,-0.660,-0.540,-0.120,-0.139,-0.063,-0.076,0.169,-2.013,-0.799,-1.320,-0.630,-1.950,-0.000,9904,4959,4945
203898,Tyler Ennis,2020,-0.500,-0.540,-0.290,-0.280,0.790,-0.580,-0.040,-2.370,-2.140,-0.230,0.192,0.362,-0.170,-0.372,-0.020,-0.060,0.050,0.300,-0.030,0.190,0.370,0.710,0.750,-0.040,0.142,-0.090,0.232,-0.262,-2.178,0.852,-2.550,0.590,-1.960,0.000,2677,1335,1342
1629123,Jared Terrell,2020,-0.460,-0.270,0.670,-0.220,-0.200,-0.230,-1.070,-1.200,-1.100,-0.100,-0.010,-0.148,0.138,-0.190,-0.060,-0.230,-0.230,0.090,0.300,-0.010,-0.140,-0.150,-0.010,-0.140,-0.089,-0.053,-0.036,-0.321,-1.210,-0.239,-1.400,-0.560,-1.960,-0.000,445,222,223
203098,John Jenkins,2020,-0.920,-0.460,1.060,-0.010,-0.130,0.160,0.240,-0.300,-0.260,-0.040,0.048,-0.375,0.423,-1.098,-0.490,0.150,0.080,0.170,0.410,-0.230,0.140,-0.040,0.080,-0.120,-0.507,-0.351,-0.156,-0.073,-0.252,-0.547,-1.350,-0.620,-1.980,-0.010,1323,665,658
203458,Alex Len,2020,-0.010,-1.130,0.130,-0.510,-0.120,-0.890,-0.620,-2.050,-1.920,-0.130,-0.670,-0.624,-0.046,0.540,1.340,1.320,-0.660,-0.730,-0.680,0.100,-0.490,0.680,0.490,0.190,-0.838,-0.534,-0.304,0.358,-2.720,-0.158,-2.180,0.200,-1.980,-0.000,15907,7968,7939
1629216,Gabe Vincent,2020,0.130,0.080,0.770,-0.610,-0.910,-0.140,-0.990,-1.190,-1.100,-0.090,-0.175,0.015,-0.190,-0.205,0.160,-0.000,-0.750,-0.150,0.600,0.000,-0.660,-0.520,-0.400,-0.120,0.079,0.087,-0.008,0.011,-1.365,-0.441,-1.570,-0.430,-2.000,-0.000,331,163,168
1629048,Goga Bitadze,2020,0.300,-0.000,-0.870,-0.430,0.570,0.380,-0.260,-0.950,-0.600,-0.350,-0.316,-0.100,-0.216,-0.234,-0.450,0.210,0.080,0.240,0.370,-0.300,-0.420,-0.170,-0.190,0.020,-0.411,-0.159,-0.252,0.061,-1.266,-0.581,-1.500,-0.520,-2.010,0.010,1963,984,979
202702,Kenneth Faried,2020,1.200,-1.210,-0.150,-0.730,-1.040,0.140,-2.130,-2.470,-2.130,-0.340,-0.092,-0.119,0.027,1.252,-0.590,-0.330,-0.070,0.010,0.660,-0.490,-0.660,-1.190,-1.130,-0.060,0.233,0.325,-0.092,0.247,-2.562,-0.957,-1.310,-0.710,-2.020,0.000,4736,2363,2373
1626175,Jordan Mickey,2020,-0.120,0.090,-0.000,-0.300,0.120,0.010,-1.350,-0.310,-0.370,0.060,-0.634,-0.386,-0.248,-0.116,-0.190,0.030,0.020,-0.230,0.180,-0.100,-0.790,-0.500,-0.580,0.080,-0.068,-0.086,0.018,-0.412,-0.944,-0.568,-1.060,-0.980,-2.040,0.000,994,500,494
1629750,Javonte Green,2020,1.470,-0.420,-0.610,-0.370,-0.860,0.380,-1.250,-0.720,-0.550,-0.170,-1.034,-0.097,-0.937,0.034,-0.430,0.040,-0.030,0.010,0.460,-0.030,0.420,-1.070,-0.840,-0.230,0.142,-0.102,0.244,0.588,-1.754,-0.928,-1.720,-0.340,-2.050,0.010,1967,978,989
1626203,Treveon Graham,2020,-0.950,-1.250,0.900,-0.870,0.040,0.050,-2.560,-1.670,-1.580,-0.090,0.355,-0.000,0.355,-0.255,0.180,0.150,0.470,-0.230,-0.690,-0.300,-0.510,-0.250,-0.090,-0.160,-0.014,-0.172,0.158,-0.236,-1.315,-0.264,-1.570,-0.500,-2.070,0.000,11161,5548,5613
1627098,Malcolm Delaney,2020,-1.090,-0.570,0.220,-0.460,0.870,-0.190,-0.520,-1.150,-1.510,0.360,-0.341,-0.401,0.060,0.101,0.440,-0.340,-0.390,0.060,-0.060,-0.160,0.100,-0.690,-0.370,-0.320,0.540,-0.115,0.655,-0.530,-1.491,-0.150,-1.390,-0.680,-2.070,0.000,3841,1913,1928
1629647,Darius Bazley,2020,0.460,-0.740,0.370,-0.900,-0.840,-0.120,-2.090,-2.140,-1.730,-0.410,-0.856,-0.369,-0.487,-0.784,0.130,0.210,-0.200,0.690,0.050,0.480,1.220,2.510,2.360,0.150,-0.502,-0.483,-0.019,-0.298,-2.996,2.008,-3.780,1.710,-2.070,0.000,5118,2544,2574
1628412,Frank Mason,2020,-0.350,-0.510,-0.650,-0.390,0.990,0.240,-2.090,-0.960,-0.540,-0.420,0.181,0.550,-0.369,-0.551,0.280,-0.100,-0.310,-0.160,0.020,-0.400,-0.410,-0.940,-0.880,-0.060,0.238,0.083,0.155,-0.038,-0.779,-0.702,-1.330,-0.740,-2.080,-0.010,5857,2916,2941
1627854,Bryn Forbes,2020,-2.900,0.450,-1.760,1.040,4.680,0.480,2.000,0.000,0.670,-0.670,0.212,0.153,0.059,-0.702,0.560,-0.410,0.830,-0.470,-1.370,-0.840,-1.890,-1.000,-1.410,0.410,-0.176,-0.134,-0.042,-0.414,0.212,-1.176,-0.490,-1.590,-2.080,0.000,22183,11084,11099
201961,Wayne Ellington,2020,-0.880,-1.160,3.940,-0.650,-3.070,-0.870,-0.240,-2.120,-1.870,-0.250,0.181,0.241,-0.060,0.249,-0.280,0.480,1.000,-0.180,-0.720,0.070,1.310,-0.230,-0.140,-0.090,-0.282,-0.095,-0.187,0.112,-1.939,-0.512,-1.690,-0.400,-2.090,0.000,15741,7890,7851
203090,Maurice Harkless,2020,1.570,0.190,-1.920,-0.530,0.330,0.000,-1.060,-1.030,-0.460,-0.570,-0.989,-0.582,-0.407,-0.001,-0.200,0.540,0.040,-0.260,0.130,0.050,0.150,-0.170,0.180,-0.350,0.041,-0.141,0.182,0.059,-2.019,-0.129,-2.020,-0.070,-2.090,0.000,18169,9072,9097
1626184,Chasson Randle,2020,-0.670,0.020,0.840,-0.230,-0.160,-0.460,-0.380,-0.560,-0.480,-0.080,0.592,0.239,0.353,-0.762,-0.980,-0.450,-0.420,-0.220,1.400,-0.030,-0.940,-1.370,-1.210,-0.160,0.209,0.201,0.008,-0.199,0.032,-1.161,-0.730,-1.360,-2.090,0.000,3075,1531,1544
203901,Elfrid Payton,2020,2.850,0.520,-2.380,-0.740,-0.390,-0.060,0.140,-0.690,0.120,-0.810,0.498,0.283,0.215,0.432,-0.520,-0.510,0.540,-1.130,0.040,-0.040,-2.190,-2.390,-2.380,-0.010,-0.209,-0.022,-0.187,0.269,-0.192,-2.599,0.240,-2.330,-2.090,0.000,17899,8936,8963
203895,Jordan McRae,2020,1.140,0.370,-1.740,-0.040,0.610,-0.820,-1.240,-0.540,-0.620,0.080,0.772,0.688,0.084,-0.612,-1.140,-0.540,0.520,0.040,0.620,-0.260,1.360,-1.640,-1.090,-0.550,-0.032,-0.194,0.162,-0.048,0.232,-1.672,-0.380,-1.720,-2.100,0.000,4606,2303,2303
204456,T.J. McConnell,2020,0.090,0.620,-2.820,-0.170,2.720,-0.350,1.040,-1.890,-1.340,-0.550,0.425,0.587,-0.162,0.235,-0.890,0.200,1.540,-0.050,-0.650,-0.050,1.520,-0.880,-0.690,-0.190,0.362,0.342,0.020,-0.362,-1.465,-0.518,-1.230,-0.880,-2.110,0.000,19266,9630,9636
2561,David West,2020,-0.390,0.270,-3.530,-0.720,3.920,1.030,1.420,-1.470,-1.050,-0.420,-1.094,-1.280,0.186,0.204,-0.210,-0.090,0.840,0.180,-0.620,0.240,-0.380,1.310,1.120,0.190,-0.339,0.122,-0.461,-0.721,-2.564,0.971,-2.360,0.250,-2.110,0.000,4257,2130,2127
1629637,Jaxson Hayes,2020,0.810,0.010,-0.130,0.410,-0.670,-0.750,-2.480,0.230,-0.130,0.360,-0.839,-1.009,0.170,-0.231,-0.930,-0.070,-0.120,-0.140,1.060,-0.100,-0.780,-1.800,-1.300,-0.500,0.329,0.050,0.279,0.191,-0.609,-1.471,-0.840,-1.280,-2.120,0.000,4593,2298,2295
203145,Kent Bazemore,2020,1.030,-1.130,0.330,-0.450,-1.280,-1.060,-1.810,-1.350,-1.520,0.170,-0.875,-0.303,-0.572,-1.125,-0.440,0.930,-0.820,0.440,1.300,-0.420,0.440,0.900,1.040,-0.140,1.117,0.443,0.674,-0.777,-2.225,2.017,-3.350,1.240,-2.120,-0.010,21029,10499,10530
1627746,Skal Labissiere,2020,-2.720,-0.460,-1.870,0.950,4.570,0.200,-1.520,-0.490,-0.220,-0.270,-0.501,-0.149,-0.352,0.251,0.580,-0.180,-1.170,-0.000,0.560,-0.220,-1.120,0.000,-0.120,0.120,-0.710,-0.576,-0.134,-0.690,-0.991,-0.710,-0.740,-1.400,-2.140,-0.000,7465,3730,3735
1628413,Jonah Bolden,2020,-0.420,-0.470,0.720,-0.700,-0.290,0.170,-0.240,-1.940,-1.660,-0.280,-0.347,-0.520,0.173,0.697,-0.780,0.110,-0.020,-0.110,0.800,-0.330,0.050,-0.920,-0.780,-0.140,-0.048,-0.010,-0.038,0.408,-2.287,-0.968,-1.590,-0.560,-2.150,0.000,3243,1618,1625
1626185,Jarell Martin,2020,0.610,-1.440,-1.150,-0.310,0.560,-0.830,-1.990,-2.530,-2.520,-0.010,0.400,-0.004,0.404,-0.040,0.700,0.080,-0.600,-0.010,-0.110,0.070,1.250,-0.410,0.280,-0.690,-0.007,-0.129,0.122,0.437,-2.130,-0.417,-2.170,0.020,-2.150,0.000,7697,3840,3857
1628981,Bruno Fernando,2020,-0.170,-0.730,-1.020,-0.620,1.200,0.470,-2.290,-2.300,-1.790,-0.510,-1.423,-0.958,-0.465,1.353,-0.360,-0.400,-0.360,0.390,0.720,0.130,0.960,0.160,0.520,-0.360,0.134,-0.026,0.160,-0.084,-3.723,0.294,-2.370,0.210,-2.160,0.000,2832,1418,1414
1628410,Edmond Sumner,2020,0.580,0.340,-0.030,-0.200,-0.550,-0.910,0.830,-0.890,-0.490,-0.400,-0.419,-0.007,-0.412,-0.421,-0.620,0.050,0.190,0.050,0.440,-0.040,0.060,0.120,0.300,-0.180,0.160,-0.082,0.242,-0.720,-1.309,0.280,-1.730,-0.440,-2.160,0.010,2893,1441,1452
1629065,Ky Bowman,2020,0.050,-0.590,-1.270,-0.700,1.240,-0.150,-2.620,-1.880,-1.820,-0.060,-0.474,-0.449,-0.025,-0.246,-0.440,0.070,-0.160,-0.010,0.600,-0.210,-0.600,-0.080,-0.130,0.050,0.360,0.077,0.283,0.140,-2.354,0.280,-2.600,0.420,-2.180,0.000,4161,2079,2082
202684,Tristan Thompson,2020,-1.140,-1.380,-4.540,0.020,5.690,0.400,-3.970,-1.920,-1.350,-0.570,-0.150,0.154,-0.304,1.150,-0.360,-1.020,-0.170,-0.340,0.520,-0.340,-0.850,-1.140,-1.590,0.450,-1.095,-0.543,-0.552,0.975,-2.070,-2.235,-0.920,-1.260,-2.180,-0.000,17374,8667,8707
1628537,Jaylen Morris,2020,0.670,-0.820,-0.190,-0.090,-0.480,-0.200,-0.980,-1.720,-1.470,-0.250,-0.605,-0.026,-0.579,0.355,0.320,0.090,-0.330,-0.090,0.010,-0.070,0.200,-0.160,-0.110,-0.050,0.027,-0.047,0.074,-0.087,-2.325,-0.133,-1.970,-0.220,-2.180,0.010,545,272,273
1629631,De'Andre Hunter,2020,-0.350,-0.290,0.140,-0.430,0.280,-0.060,-3.340,-0.820,-0.850,0.030,0.388,0.577,-0.189,-1.308,-0.440,-0.460,0.190,-0.090,0.250,0.170,-0.150,-0.360,-0.300,-0.060,-0.107,0.075,-0.182,-0.033,-0.432,-0.467,-1.740,-0.500,-2.230,0.010,8195,4095,4100
1717,Dirk Nowitzki,2020,-2.460,0.710,1.830,0.230,0.620,0.470,4.280,-0.160,0.750,-0.910,0.343,-0.327,0.670,-0.983,2.260,-0.680,-1.240,-0.310,-1.020,-0.880,-2.140,-0.800,-1.250,0.450,-1.023,-0.346,-0.677,0.383,0.183,-1.823,-0.800,-1.440,-2.230,0.010,9493,4780,4713
1628987,Kevin Hervey,2020,-0.240,-0.330,0.620,-0.470,-0.370,-0.280,-0.930,-1.540,-1.480,-0.060,-0.002,0.055,-0.057,-0.218,-0.090,-0.080,-0.340,-0.120,0.430,-0.090,-0.370,-0.620,-0.580,-0.040,0.229,0.202,0.027,-0.079,-1.542,-0.391,-1.760,-0.470,-2.230,0.000,228,114,114
200765,Rajon Rondo,2020,0.270,0.130,0.780,0.290,-1.050,0.100,3.090,-0.430,0.430,-0.860,-0.190,-0.503,0.313,-0.640,-0.640,-0.110,-0.320,-0.210,0.970,0.260,-2.060,-0.540,-0.740,0.200,0.000,-0.038,0.038,-0.430,-0.620,-0.540,-1.260,-0.970,-2.240,-0.010,18861,9440,9421
1629633,Jarrett Culver,2020,2.860,-1.180,0.750,-0.560,-3.610,-0.230,-1.120,-1.990,-1.340,-0.650,0.478,0.079,0.399,0.402,-1.010,-0.090,1.050,-0.150,-0.050,-0.460,0.300,-1.170,-1.010,-0.160,0.011,0.097,-0.086,0.019,-1.512,-1.159,-1.110,-1.140,-2.240,0.010,6402,3206,3196
1627743,Demetrius Jackson,2020,-0.040,-0.270,0.890,-0.550,-0.850,0.250,-0.950,-1.280,-0.980,-0.300,-0.220,-0.079,-0.141,0.010,0.090,-0.180,-0.370,-0.220,0.300,0.120,-1.110,-0.770,-0.700,-0.070,-0.081,0.054,-0.135,0.061,-1.500,-0.851,-1.490,-0.790,-2.280,0.000,469,235,234
1629033,Theo Pinson,2020,1.200,-0.840,1.880,-1.240,-3.070,-0.130,0.190,-3.630,-3.140,-0.490,-0.504,-0.347,-0.157,0.724,0.710,0.370,-0.340,0.410,-0.350,-0.020,1.230,1.810,1.670,0.140,-0.169,-0.259,0.090,-0.521,-4.134,1.641,-3.410,1.120,-2.290,0.000,2463,1229,1234
201975,Jodie Meeks,2020,-1.120,-0.420,-0.350,-0.510,1.470,-0.160,-0.080,-0.530,-1.090,0.560,0.345,0.236,0.109,-0.475,-0.150,-0.290,0.100,-0.060,0.030,-0.410,-0.310,-1.190,-1.030,-0.160,-0.237,-0.407,0.170,-0.193,-0.185,-1.427,-0.660,-1.620,-2.290,-0.010,4934,2459,2475
2585,Zaza Pachulia,2020,-0.190,-0.800,-0.430,0.170,0.630,-0.440,1.470,-0.910,-0.730,-0.180,-0.677,0.003,-0.680,0.167,-0.430,-0.570,0.900,-0.410,-0.460,0.330,-0.950,-0.910,-0.990,0.080,-0.320,-0.194,-0.126,0.340,-1.587,-1.230,-1.420,-0.890,-2.310,0.000,7335,3656,3679
1626169,Stanley Johnson,2020,-0.440,-0.990,0.570,-1.110,-0.080,-0.860,-3.570,-2.960,-2.610,-0.350,-0.960,-0.164,-0.796,-0.960,0.490,0.590,-0.480,0.620,-0.020,0.100,0.870,1.750,1.650,0.100,0.424,0.741,-0.317,0.396,-3.920,2.174,-4.880,2.570,-2.320,-0.010,12546,6248,6298
1629639,Tyler Herro,2020,-0.710,0.820,-0.340,-0.760,1.050,-0.250,-3.120,-0.470,-1.000,0.530,-0.264,-0.210,-0.054,0.074,-0.680,-0.630,-0.220,0.260,0.900,0.180,-1.820,-0.460,-0.120,-0.340,-0.408,-0.312,-0.096,-0.792,-0.734,-0.868,-0.660,-1.660,-2.320,0.000,8863,4439,4424
1629713,Justin James,2020,-0.260,0.270,-0.270,-0.840,0.530,0.120,-0.940,-1.890,-1.640,-0.250,-0.162,-0.117,-0.045,-0.128,-0.090,-0.200,-0.080,0.100,0.180,0.000,0.600,-0.440,-0.290,-0.150,0.120,-0.125,0.245,0.170,-2.052,-0.320,-2.180,-0.150,-2.330,0.000,967,479,488
201163,Wilson Chandler,2020,0.680,-0.930,1.470,0.200,-2.170,0.400,0.270,-0.340,0.040,-0.380,-0.294,0.033,-0.327,0.254,0.340,-0.320,-0.310,-0.940,-0.020,-0.290,-1.470,-2.100,-2.380,0.280,-0.044,0.197,-0.241,0.194,-0.634,-2.144,-0.380,-1.950,-2.330,0.000,16620,8298,8322
1627982,Josh Gray,2020,0.250,-0.240,0.180,-0.230,-0.420,-0.420,-1.090,-1.520,-1.370,-0.150,-0.410,-0.288,-0.122,0.090,-0.060,-0.070,-0.230,-0.050,0.290,-0.140,0.120,-0.540,-0.510,-0.030,0.053,0.050,0.003,-0.023,-1.930,-0.487,-1.840,-0.510,-2.350,0.000,383,194,189
1626156,D'Angelo Russell,2020,-0.620,0.120,0.530,-0.150,0.090,0.260,-1.290,-0.090,0.130,-0.220,-0.268,-0.702,0.434,-0.132,-1.610,0.150,1.220,-0.610,0.390,-0.540,-1.280,-0.410,-0.670,0.260,0.277,0.403,-0.126,-1.717,-0.358,-0.133,-0.490,-1.850,-2.350,-0.010,21724,10886,10838
1713,Vince Carter,2020,-0.490,-1.320,2.100,-0.270,-1.560,-0.140,-1.350,-0.880,-0.580,-0.300,-0.010,-0.173,0.163,-1.410,-0.700,0.110,-0.770,0.250,1.590,0.130,1.990,-0.510,0.100,-0.610,0.458,0.266,0.192,-0.008,-0.890,-0.052,-2.300,-0.060,-2.360,-0.000,12971,6502,6469
1628499,Antonius Cleveland,2020,0.240,-0.480,-0.100,-0.260,-0.150,-0.230,-1.860,-1.850,-1.770,-0.080,0.030,-0.184,0.214,0.370,-0.090,-0.130,-0.200,-0.150,0.300,-0.060,-0.690,-0.780,-0.660,-0.120,-0.187,-0.149,-0.038,0.047,-1.820,-0.967,-1.450,-0.920,-2.370,0.000,610,303,307
1628391,D.J. Wilson,2020,-1.570,-0.700,3.460,-0.100,-1.880,-0.160,2.150,-0.540,-0.010,-0.530,-0.639,-0.167,-0.472,-0.921,0.810,0.000,-0.700,-0.270,-0.110,0.060,-1.180,-0.520,-0.440,-0.080,-0.075,0.246,-0.321,0.315,-1.179,-0.595,-2.100,-0.280,-2.380,0.000,5488,2735,2753
1628470,Torrey Craig,2020,-0.110,-0.050,0.020,-0.830,0.060,0.430,0.410,-1.750,-1.210,-0.540,0.449,0.272,0.177,1.201,-0.640,0.120,-0.440,-0.330,1.090,-0.120,-1.760,-1.100,-0.960,-0.140,-0.979,-0.307,-0.672,-0.201,-1.301,-2.079,-0.100,-2.280,-2.380,0.000,15060,7464,7596
202692,Alec Burks,2020,0.220,-1.610,-1.550,-0.000,1.340,-1.350,-3.380,-1.520,-2.320,0.800,0.630,0.427,0.203,-0.230,-0.460,-0.540,0.490,-0.230,-0.040,0.160,0.150,-0.620,-0.470,-0.150,-0.666,-0.119,-0.547,0.016,-0.890,-1.286,-1.120,-1.270,-2.390,0.000,17335,8663,8672
201628,Bobby Brown,2020,-0.670,-0.290,1.740,-0.160,-1.060,-0.250,-1.540,-0.900,-0.740,-0.160,-0.371,-0.017,-0.354,-0.059,-0.170,0.020,-0.300,-0.240,0.460,-0.120,-0.690,-1.160,-1.010,-0.150,-0.167,-0.128,-0.039,0.267,-1.271,-1.327,-1.330,-1.060,-2.390,-0.000,463,231,232
1629673,Jordan Poole,2020,-0.040,-0.990,0.110,-0.240,-0.060,-0.190,1.020,-0.470,-0.540,0.070,0.011,0.370,-0.359,-1.551,-0.850,-0.460,0.430,-0.150,0.420,-0.170,-0.530,-1.140,-1.200,0.060,0.394,0.210,0.184,0.366,-0.459,-0.746,-2.010,-0.380,-2.400,-0.010,5276,2645,2631
203897,Zach LaVine,2020,3.020,0.400,0.140,-0.250,-3.160,-1.380,-3.750,0.580,-0.220,0.800,-0.325,-0.086,-0.239,0.025,-0.540,-0.980,0.330,-0.600,0.220,-0.170,-1.460,-2.240,-1.990,-0.250,-0.408,-0.179,-0.229,-0.032,0.255,-2.648,0.280,-2.680,-2.400,0.000,19777,9894,9883
1629134,Kendrick Nunn,2020,0.270,0.520,-1.220,0.180,0.930,-0.880,-1.760,-0.820,-0.910,0.090,-0.596,-0.455,-0.141,-0.394,0.980,-0.550,-1.790,0.020,0.800,0.200,-1.750,-0.110,-0.080,-0.030,-0.261,0.071,-0.332,-0.219,-1.416,-0.371,-1.810,-0.590,-2.400,0.000,8868,4429,4439
201167,Arron Afflalo,2020,-1.400,0.450,0.830,0.080,0.560,-0.680,0.930,0.120,0.470,-0.350,-0.302,0.510,-0.812,-1.298,-0.030,0.170,0.630,-0.190,-0.600,0.460,0.460,0.090,0.230,-0.140,-0.430,-0.396,-0.034,-0.580,-0.182,-0.340,-1.480,-0.920,-2.400,0.000,2558,1276,1282
1628476,Derrick Walton Jr.,2020,-0.880,-0.230,0.260,-0.200,0.630,-0.430,-2.120,-0.980,-1.290,0.310,-0.371,-0.195,-0.176,-0.239,0.200,-0.280,-0.270,0.030,0.060,-0.140,0.060,-1.020,-0.910,-0.110,-0.005,0.034,-0.039,0.175,-1.351,-1.025,-1.590,-0.850,-2.450,-0.010,1530,769,761
1629541,Dairis Bertans,2020,-0.760,0.100,0.770,-0.340,-0.010,-0.010,-1.180,-0.480,-0.270,-0.210,-0.349,-0.099,-0.250,-0.811,0.100,0.090,-0.370,-0.150,0.270,-0.130,-0.060,-0.200,-0.130,-0.070,-0.377,-0.251,-0.126,-0.243,-0.829,-0.577,-1.640,-0.820,-2.460,0.000,710,358,352
1628388,TJ Leaf,2020,-0.300,-0.100,-2.010,-0.560,2.300,-0.320,-2.670,-2.680,-2.320,-0.360,-0.245,-0.195,-0.050,1.275,-0.960,0.190,0.600,0.130,0.370,-0.040,0.510,-0.160,0.100,-0.260,-0.316,-0.130,-0.186,-0.334,-2.925,-0.476,-1.650,-0.810,-2.460,0.000,4773,2395,2378
1627740,Henry Ellenson,2020,-0.550,-0.340,0.050,-0.230,0.510,-0.650,-1.200,-1.180,-1.190,0.010,-0.090,-0.036,-0.054,-1.140,-0.030,-0.100,-0.740,0.300,0.770,-0.170,-1.070,0.000,0.100,-0.100,-0.237,-0.058,-0.179,0.177,-1.270,-0.237,-2.410,-0.060,-2.470,0.000,2262,1138,1124
1628402,Frank Jackson,2020,0.930,-0.560,-0.240,0.010,-0.690,0.050,-1.320,-0.140,-0.200,0.060,-0.084,0.255,-0.339,-0.036,-1.010,-0.370,0.330,-0.330,0.670,0.270,0.080,-1.510,-1.120,-0.390,-0.526,-0.366,-0.160,-0.174,-0.224,-2.036,-0.260,-2.210,-2.470,0.000,8376,4191,4185
1628504,Xavier Rathan-Mayes,2020,-0.500,-0.270,0.160,-0.380,0.350,0.020,-0.690,-1.280,-1.030,-0.250,-0.166,-0.320,0.154,-0.384,-0.070,-0.230,-0.110,-0.070,0.180,-0.140,-0.460,-0.840,-0.680,-0.160,0.355,0.014,0.341,-0.165,-1.446,-0.485,-1.830,-0.650,-2.480,0.000,480,239,241
201943,Brandon Jennings,2020,-0.620,-0.270,0.090,-0.280,0.540,-0.300,-0.200,-1.380,-1.400,0.020,-0.123,-0.207,0.084,-0.077,-0.400,-0.340,0.010,-0.080,0.400,0.100,-0.970,-0.290,-0.260,-0.030,-0.095,-0.004,-0.091,-0.515,-1.503,-0.385,-1.580,-0.900,-2.480,0.000,803,402,401
1627770,Kay Felder,2020,0.090,-0.510,-0.090,-0.220,0.000,-0.250,-0.630,-1.260,-1.230,-0.030,-0.130,-0.296,0.166,-0.460,0.120,-0.190,-0.470,-0.040,0.350,-0.090,-0.580,-0.260,-0.240,-0.020,-0.111,-0.087,-0.024,-0.269,-1.390,-0.371,-1.850,-0.640,-2.480,0.010,563,283,280
1628681,Rodney Purvis,2020,-1.130,0.000,0.600,-0.440,0.510,-0.560,0.200,-2.270,-1.990,-0.280,0.653,0.309,0.344,-0.323,-0.580,-0.010,-0.220,-0.150,0.800,0.300,-0.200,-0.280,-0.100,-0.180,-0.087,-0.082,-0.005,-0.193,-1.617,-0.367,-1.940,-0.560,-2.500,0.000,1099,549,550
1627738,Deyonta Davis,2020,-0.270,-0.290,-1.060,-0.510,1.360,0.140,-2.540,-0.950,-0.520,-0.430,-0.648,-0.877,0.229,-0.012,-0.380,0.060,-0.900,0.310,1.270,-0.200,-0.450,0.490,0.650,-0.160,-0.128,0.026,-0.154,-1.252,-1.598,0.362,-1.610,-0.890,-2.500,0.000,4212,2092,2120
1629002,Chimezie Metu,2020,0.360,-0.500,-1.890,-0.030,1.520,-0.400,-2.180,-1.520,-1.520,-0.000,-0.974,-0.323,-0.651,0.434,-0.280,-0.270,-0.650,0.150,0.930,-0.160,-0.600,-0.030,-0.220,0.190,-0.149,-0.065,-0.084,-0.261,-2.494,-0.179,-2.060,-0.440,-2.510,-0.010,1033,523,510
1629022,Lonnie Walker IV,2020,0.210,-0.720,-0.750,0.190,0.550,-0.260,-0.390,-0.830,-0.970,0.140,0.355,0.543,-0.188,-1.045,-0.180,-0.080,-0.710,0.050,0.900,0.020,-0.740,-0.240,-0.070,-0.170,-0.211,0.108,-0.319,-0.549,-0.475,-0.451,-1.520,-1.000,-2.520,0.000,4495,2242,2253
1627756,Denzel Valentine,2020,-2.260,-1.670,2.450,-0.030,-0.200,-0.720,1.260,-3.450,-2.640,-0.810,0.074,-0.235,0.309,0.916,-0.100,-0.270,-0.160,0.070,0.240,-0.120,0.120,-0.840,-0.520,-0.320,0.043,-0.005,0.048,0.737,-3.376,-0.797,-2.460,-0.060,-2.520,0.000,9460,4739,4721
1629629,Cam Reddish,2020,0.630,-0.160,-0.810,-0.360,0.170,-0.240,-1.630,-0.950,-1.300,0.350,0.063,0.636,-0.573,-0.103,-1.470,-0.210,1.310,-0.020,0.160,-0.150,0.390,-0.800,-0.580,-0.220,-0.207,-0.213,0.006,-0.533,-0.887,-1.007,-0.990,-1.540,-2.530,0.000,6225,3112,3113
101106,Andrew Bogut,2020,-0.150,-0.350,-1.420,0.030,1.580,-0.550,0.310,-2.270,-1.860,-0.410,-1.054,-0.705,-0.349,0.724,0.940,-0.220,-0.460,0.080,-0.480,-0.280,-0.410,-0.200,-0.150,-0.050,0.123,-0.049,0.172,0.147,-3.324,-0.077,-2.600,0.070,-2.530,0.000,2030,1016,1014
203463,Ben McLemore,2020,-1.150,-0.490,2.340,0.200,-1.260,-0.340,-0.340,0.070,0.240,-0.170,-0.294,-0.272,-0.022,-0.186,-1.200,-0.550,0.450,-0.190,0.770,0.080,0.020,-1.950,-1.510,-0.440,-0.004,-0.275,0.271,-0.176,-0.224,-1.954,-0.410,-2.130,-2.540,0.000,12270,6126,6144
203485,Lorenzo Brown,2020,0.190,-0.160,1.160,-0.820,-1.350,0.070,-2.640,-1.660,-1.130,-0.530,-1.248,-0.476,-0.772,-0.102,0.100,-0.010,-0.110,0.070,0.020,0.140,0.090,0.100,0.170,-0.070,-0.031,0.019,-0.050,0.381,-2.908,0.069,-3.010,0.450,-2.560,-0.000,1413,700,713
1628365,Markelle Fultz,2020,0.860,-0.550,-3.110,-0.630,2.260,-0.400,-2.260,-2.810,-2.350,-0.460,0.814,0.883,-0.069,0.146,0.550,0.080,-0.540,-0.460,-0.010,-0.110,-0.410,-0.820,-0.620,-0.200,-0.095,0.187,-0.282,0.195,-1.996,-0.915,-1.850,-0.720,-2.570,0.000,11553,5768,5785
1627816,Alex Poythress,2020,0.800,-0.910,0.090,0.260,-0.880,-0.660,0.350,-1.050,-0.790,-0.260,-0.026,0.011,-0.037,-0.044,-0.600,-0.240,0.450,-0.110,0.160,-0.190,-0.470,-0.960,-0.700,-0.260,0.046,-0.187,0.233,-0.536,-1.076,-0.914,-1.120,-1.450,-2.570,0.000,1571,782,789
1628400,Semi Ojeleye,2020,-1.440,-1.230,1.590,-0.540,-0.100,-0.450,-2.180,-1.520,-1.110,-0.410,-0.916,-0.029,-0.887,-0.534,-0.370,0.210,-0.320,0.250,0.670,0.040,0.720,0.510,0.350,0.160,0.186,-0.310,0.496,-0.306,-2.436,0.696,-2.970,0.390,-2.580,0.000,12261,6091,6170
1629714,Jarrell Brantley,2020,0.010,-0.260,0.180,-0.410,-0.190,-0.300,-0.780,-1.520,-1.380,-0.140,-0.381,-0.139,-0.242,-0.179,-0.360,-0.060,-0.070,-0.090,0.430,-0.020,-0.300,-0.520,-0.460,-0.060,-0.070,-0.107,0.037,0.090,-1.901,-0.590,-2.080,-0.500,-2.590,-0.010,439,221,218
1627786,Troy Williams,2020,0.520,0.040,0.280,-0.730,-0.820,0.250,-1.920,-0.490,-0.490,-0.000,-0.896,-0.726,-0.170,-0.394,-0.730,-0.260,0.070,0.080,0.670,-0.220,-0.180,-1.220,-0.780,-0.440,0.121,-0.086,0.207,0.279,-1.386,-1.099,-1.780,-0.820,-2.590,0.010,2441,1223,1218
1629735,Chris Silva,2020,-0.200,-0.490,0.890,-0.080,-0.680,-0.530,-1.710,-1.950,-1.480,-0.470,-1.074,-0.228,-0.846,1.854,0.000,-0.230,-0.940,-0.160,0.930,-0.010,-1.480,-1.240,-1.030,-0.210,0.215,0.121,0.094,-0.405,-3.024,-1.025,-1.170,-1.430,-2.600,0.000,1395,691,704
1627761,DeAndre' Bembry,2020,3.790,-0.410,-0.060,-1.130,-3.750,-0.640,-1.570,-0.830,-0.720,-0.110,-1.380,-0.448,-0.932,0.060,-0.090,0.150,-0.450,-0.160,0.510,-0.530,0.660,-0.770,-0.230,-0.540,0.958,0.411,0.547,-0.678,-2.210,0.188,-2.150,-0.490,-2.650,-0.010,13524,6741,6783
203516,James Ennis III,2020,0.630,-0.290,-0.340,-0.990,-0.390,0.430,-0.280,-0.490,-0.760,0.270,-0.520,-0.194,-0.326,0.160,-1.080,-0.950,1.320,0.150,-0.250,-0.540,-0.510,-1.680,-1.230,-0.450,0.180,-0.080,0.260,-0.310,-1.010,-1.500,-0.850,-1.810,-2.660,-0.000,17468,8695,8773
203464,Brandon Paul,2020,1.150,-0.350,-0.230,-0.580,-0.930,0.030,-3.200,-1.450,-1.030,-0.420,-1.154,-0.727,-0.427,-0.456,-0.230,-0.300,-0.010,0.320,0.240,-0.120,1.600,-0.380,-0.060,-0.320,0.678,0.060,0.618,0.092,-2.604,0.298,-3.060,0.390,-2.680,-0.010,2286,1142,1144
1626150,Andrew Harrison,2020,-0.480,-0.790,-0.070,-0.210,0.550,-0.470,-2.120,-1.110,-1.150,0.040,-0.153,0.044,-0.197,-0.267,0.560,0.120,-0.570,-0.320,-0.010,0.280,-0.600,-0.970,-0.560,-0.410,-0.569,-0.493,-0.076,0.369,-1.263,-1.539,-1.530,-1.170,-2.700,0.000,5567,2778,2789
1628035,Alfonzo McKinnie,2020,-0.390,0.110,-0.220,-0.430,0.590,-0.500,-0.570,-1.060,-0.620,-0.440,-0.453,-0.142,-0.311,0.823,-0.160,-0.640,-0.160,-0.130,0.320,0.010,-0.540,-1.590,-1.130,-0.460,-0.201,-0.175,-0.026,-0.229,-1.513,-1.791,-0.690,-2.020,-2.710,0.000,7517,3738,3779
1628414,Sindarius Thornwell,2020,2.550,-0.520,-2.520,-1.020,0.000,-0.420,-1.560,-2.420,-2.110,-0.310,-0.210,-0.346,0.136,-0.150,0.680,-0.110,-0.580,-0.090,-0.070,0.340,-0.400,-0.640,-0.560,-0.080,0.315,-0.046,0.361,0.375,-2.630,-0.325,-2.780,0.050,-2.730,0.000,5826,2875,2951
203546,Ian Clark,2020,-1.500,0.050,0.390,-0.950,1.110,1.290,-2.460,-0.660,-0.300,-0.360,-0.457,-0.505,0.048,-0.773,-0.980,-0.380,0.890,0.230,0.090,0.180,1.240,-0.060,0.070,-0.130,-0.483,-0.186,-0.297,-0.297,-1.117,-0.543,-1.890,-0.840,-2.730,0.000,10227,5111,5116
203948,Johnny O'Bryant III,2020,-1.140,-0.200,-0.600,-0.660,1.740,-1.090,-1.560,-4.130,-3.670,-0.460,0.657,0.394,0.263,0.463,-0.280,-0.110,0.300,0.100,-0.020,-0.030,-0.370,-0.280,-0.080,-0.200,0.141,0.161,-0.020,0.369,-3.473,-0.139,-3.010,0.230,-2.780,0.000,1511,746,765
1628382,Justin Jackson,2020,-1.740,-0.070,-0.180,-0.180,1.940,0.600,0.620,-1.260,-0.760,-0.500,0.563,0.350,0.213,-0.793,-0.650,-0.280,0.370,-0.040,0.280,-0.550,-1.420,-1.070,-1.280,0.210,-0.684,-0.390,-0.294,0.454,-0.697,-1.754,-1.490,-1.300,-2.790,0.000,16506,8238,8268
1628403,Caleb Swanigan,2020,-0.550,-0.780,-0.980,0.280,1.520,-0.130,-1.950,-0.870,-0.480,-0.390,-1.593,-0.593,-1.000,-0.127,0.040,-0.330,-0.300,0.140,0.260,-0.260,-0.150,-0.400,-0.290,-0.110,0.062,0.010,0.052,0.128,-2.463,-0.338,-2.590,-0.210,-2.800,0.000,2680,1329,1351
1628976,Wendell Carter Jr.,2020,-0.980,-1.210,-0.490,-0.360,1.470,-1.350,-1.930,-3.970,-3.600,-0.370,-0.936,-0.251,-0.685,0.396,0.900,0.490,-1.030,-0.150,0.130,0.040,0.630,0.620,0.720,-0.100,0.720,0.477,0.243,0.360,-4.906,1.340,-4.510,1.700,-2.810,0.000,9529,4761,4768
1626224,Cedi Osman,2020,-0.250,-0.560,0.520,0.310,-0.250,0.500,0.470,0.260,0.310,-0.050,-0.326,0.360,-0.686,-0.514,-0.120,-1.610,0.270,-0.540,-0.160,-0.290,-1.920,-1.390,-1.550,0.160,-0.261,-0.154,-0.107,-0.589,-0.066,-1.651,-0.580,-2.240,-2.820,0.000,20207,10105,10102
1629308,Juan Toscano-Anderson,2020,0.270,-0.240,0.240,-0.450,-0.510,-0.120,-0.250,-1.430,-1.310,-0.120,-0.763,-0.413,-0.350,0.443,-0.050,-0.150,-0.430,-0.150,0.480,0.000,-0.960,-0.940,-0.760,-0.180,0.011,-0.042,0.053,-0.151,-2.193,-0.929,-1.750,-1.080,-2.820,0.010,1081,542,539
201584,Courtney Lee,2020,-2.700,0.040,-0.690,-0.030,3.370,0.380,-0.540,-1.460,-1.260,-0.200,0.247,-0.180,0.427,-0.477,-0.650,-0.140,-0.480,-0.200,1.120,-0.040,-2.440,-0.580,-0.840,0.260,0.076,-0.124,0.200,-0.646,-1.213,-0.504,-1.690,-1.150,-2.840,0.000,11843,5923,5920
1628397,Ivan Rabb,2020,-0.360,0.580,-2.460,0.030,2.830,-0.550,-0.120,-0.350,-0.150,-0.200,-1.623,-1.057,-0.566,0.463,-0.330,-0.460,-1.030,-0.240,1.360,-0.190,-2.190,-2.060,-2.010,-0.050,0.336,0.279,0.057,0.394,-1.973,-1.724,-1.510,-1.330,-2.840,0.000,4696,2347,2349
203922,Glenn Robinson III,2020,-0.980,-0.670,-1.170,-0.200,2.170,-0.640,-0.820,-2.340,-2.040,-0.300,-0.023,-0.190,0.167,1.143,-0.230,-0.240,0.550,-0.300,-0.320,-0.740,-2.130,-1.750,-1.870,0.120,-0.038,0.398,-0.436,0.168,-2.363,-1.788,-1.220,-1.620,-2.840,-0.000,11184,5588,5596
1628425,Sterling Brown,2020,1.060,-1.750,0.860,-0.040,-1.930,-1.560,-1.320,-2.130,-2.020,-0.110,-0.337,0.171,-0.508,-0.653,-0.390,0.200,-0.240,0.370,0.660,0.290,-0.260,0.460,0.460,0.000,-0.215,0.105,-0.320,0.035,-2.467,0.245,-3.120,0.280,-2.840,0.000,11258,5620,5638
1628405,Johnathan Motley,2020,0.200,-0.410,-0.750,-0.260,0.540,-0.340,-0.770,-2.090,-1.640,-0.450,-0.214,-0.078,-0.136,0.314,0.240,-0.430,-0.140,0.160,-0.100,-0.420,-0.390,-1.170,-1.010,-0.160,0.117,0.176,-0.059,0.203,-2.304,-1.053,-1.990,-0.850,-2.850,-0.010,1448,724,724
202714,Shelvin Mack,2020,-0.410,-0.240,0.070,-0.140,0.310,-0.730,0.280,-1.140,-0.670,-0.470,-0.287,0.091,-0.378,-0.623,-0.590,0.520,-0.250,-0.040,0.840,0.160,-0.090,-0.700,-0.570,-0.130,0.119,-0.198,0.317,-0.229,-1.427,-0.581,-2.050,-0.810,-2.860,0.000,9840,4926,4914
1628972,Troy Brown Jr.,2020,0.430,0.210,-1.710,-0.580,1.280,-0.570,-0.630,-1.390,-1.600,0.210,0.286,0.476,-0.190,0.034,-0.630,-0.640,0.400,0.120,0.230,-0.800,0.130,-1.290,-0.960,-0.330,0.102,0.102,-0.000,-0.612,-1.104,-1.188,-1.070,-1.800,-2.860,0.010,10426,5217,5209
203658,Norvel Pelle,2020,0.460,-0.520,-0.740,0.020,0.280,-0.220,-1.340,-0.750,-0.710,-0.040,-0.558,-0.506,-0.052,0.088,-0.160,0.110,-0.180,-0.400,0.350,-0.060,-0.880,-1.030,-0.860,-0.170,-0.176,0.029,-0.205,-0.444,-1.308,-1.206,-1.220,-1.650,-2.870,0.000,952,475,477
201166,Aaron Brooks,2020,0.100,-0.650,-0.470,-0.150,0.370,0.010,-1.290,-1.660,-1.320,-0.340,-0.218,-0.156,-0.062,0.328,0.230,-0.240,-0.650,-0.220,0.420,-0.100,-0.400,-1.380,-1.190,-0.190,-0.018,-0.062,0.044,0.068,-1.878,-1.398,-1.550,-1.330,-2.880,-0.000,689,343,346
201196,Ramon Sessions,2020,1.560,-0.980,-0.630,-0.240,-0.940,-0.090,0.660,-0.930,-0.970,0.040,-0.500,-0.339,-0.161,-0.280,-0.730,-0.350,-0.170,-0.110,0.900,-0.040,-1.450,-1.280,-1.090,-0.190,0.071,-0.018,0.089,0.039,-1.430,-1.209,-1.710,-1.170,-2.880,0.000,1505,751,754
2546,Carmelo Anthony,2020,-0.690,-0.020,-0.930,-0.060,1.610,-0.290,-2.080,-0.580,-0.410,-0.170,0.263,0.166,0.097,-0.013,0.340,-0.570,-1.080,-0.590,0.780,0.330,-2.730,-1.820,-1.920,0.100,-0.763,-0.470,-0.293,0.023,-0.317,-2.583,-0.330,-2.560,-2.900,-0.010,20434,10227,10207
1626151,Aaron Harrison,2020,-0.680,-0.490,0.820,-0.490,-0.130,-0.000,-0.690,-1.840,-1.510,-0.330,0.300,0.071,0.229,0.050,0.060,-0.130,-0.350,0.010,0.290,-0.490,-1.320,-1.140,-0.970,-0.170,-0.108,-0.062,-0.046,-0.162,-1.540,-1.248,-1.490,-1.410,-2.900,0.000,753,376,377
203109,Jae Crowder,2020,-0.620,0.030,3.160,-1.180,-2.600,-0.870,1.250,-2.020,-2.500,0.480,0.543,0.012,0.531,0.277,-0.200,0.100,0.200,-0.570,0.030,-0.060,-0.860,-1.790,-1.340,-0.450,0.370,0.207,0.163,-0.300,-1.477,-1.420,-1.200,-1.720,-2.920,-0.000,29527,14762,14765
2548,Dwyane Wade,2020,0.850,0.150,-1.860,-1.750,1.010,-0.990,-3.770,-2.830,-2.850,0.020,-0.084,-0.501,0.417,0.334,0.010,-0.000,-1.250,0.640,1.240,0.050,-0.200,0.340,0.580,-0.240,-0.072,-0.134,0.062,-0.608,-2.914,0.268,-2.580,-0.340,-2.920,0.000,14141,7081,7060
101139,CJ Miles,2020,-0.380,-0.570,2.760,-1.380,-2.370,-0.380,-0.590,-2.290,-2.560,0.270,0.109,0.349,-0.240,-0.069,-0.990,0.550,1.420,0.050,-0.420,-0.150,0.790,-0.350,0.230,-0.580,0.165,0.039,0.126,-0.495,-2.181,-0.185,-2.250,-0.680,-2.930,0.000,10018,5039,4979
1628432,Davon Reed,2020,0.390,-0.270,0.700,-0.770,-1.080,-0.410,-2.300,-2.820,-2.450,-0.370,0.389,0.239,0.150,-0.069,-0.340,0.030,-0.030,-0.240,0.380,0.230,0.140,-0.630,-0.540,-0.090,0.003,0.034,-0.031,0.197,-2.431,-0.627,-2.500,-0.430,-2.930,-0.000,1156,585,571
1627777,Georges Niang,2020,-0.490,-0.080,1.280,-0.380,-0.790,0.520,-0.270,-0.620,-0.540,-0.080,-0.123,-0.003,-0.120,0.043,0.290,0.240,0.770,-0.340,-1.050,-0.720,0.240,-1.410,-1.060,-0.350,-0.821,-0.392,-0.429,0.001,-0.743,-2.231,-0.700,-2.230,-2.940,-0.010,6677,3330,3347
1628990,Chandler Hutchison,2020,1.370,-0.610,-1.490,-0.360,0.130,-0.480,-3.040,-1.280,-1.240,-0.040,-0.447,-0.123,-0.324,-1.093,-0.880,-0.710,0.160,0.480,0.730,-0.190,0.990,-0.840,-0.670,-0.170,0.190,-0.063,0.253,0.530,-1.727,-0.650,-2.820,-0.120,-2.940,0.000,5812,2911,2901
1628416,Tyler Dorsey,2020,-0.280,-1.200,0.790,0.070,-0.500,-0.300,-0.570,-1.240,-0.650,-0.590,-0.222,0.081,-0.303,-0.238,0.140,-0.120,-0.200,-0.360,0.050,0.090,-2.020,-1.230,-1.080,-0.150,-0.877,-0.523,-0.354,0.827,-1.462,-2.107,-1.700,-1.280,-2.980,-0.000,6551,3270,3281
1629678,Admiral Schofield,2020,-0.650,-0.440,1.100,-0.520,-0.440,0.070,-0.330,-1.420,-1.190,-0.230,-0.276,-0.063,-0.213,-0.084,-0.210,0.050,-0.080,-0.200,0.290,0.020,-0.350,-0.680,-0.620,-0.060,-0.184,-0.162,-0.022,-0.336,-1.696,-0.864,-1.780,-1.200,-2.980,0.000,1509,761,748
1627835,Paul Zipser,2020,0.560,-0.370,0.640,-0.120,-1.220,-0.620,1.300,-1.650,-1.040,-0.610,0.098,0.191,-0.093,-0.378,-0.440,-0.420,0.160,-0.030,0.280,-0.080,-0.680,-1.120,-1.130,0.010,0.034,0.101,-0.067,0.006,-1.552,-1.086,-1.930,-1.080,-3.010,0.000,2826,1412,1414
1627362,Briante Weber,2020,0.010,-0.350,0.130,-0.420,-0.140,-0.250,-1.900,-1.470,-1.660,0.190,0.090,-0.143,0.233,0.090,-0.620,-0.220,-0.370,-0.280,0.990,-0.200,-1.080,-1.690,-1.460,-0.230,-0.020,-0.069,0.049,-0.030,-1.380,-1.710,-1.290,-1.740,-3.030,-0.000,916,453,463
1628418,Thomas Bryant,2020,-0.430,0.950,-1.200,-0.320,1.630,-0.340,1.430,-0.980,-0.610,-0.370,-0.334,-0.493,0.159,0.164,-0.760,-0.360,0.530,-0.410,0.230,-0.200,-2.150,-0.840,-1.180,0.340,-1.065,-0.198,-0.867,0.025,-1.314,-1.905,-1.150,-1.880,-3.030,0.000,11136,5573,5563
1627735,Wade Baldwin IV,2020,-0.360,-0.370,-0.150,-0.210,0.520,-0.030,-2.100,-1.270,-1.090,-0.180,-0.447,-0.205,-0.242,-0.573,0.150,-0.190,-0.760,-0.090,0.610,-0.080,-0.130,-0.840,-0.800,-0.040,0.007,-0.080,0.087,0.093,-1.717,-0.833,-2.290,-0.740,-3.030,0.000,785,390,395
203530,Joffrey Lauvergne,2020,0.240,-0.360,-1.330,-0.510,1.110,0.190,-2.070,-1.990,-1.590,-0.400,-1.138,-0.530,-0.608,0.658,-0.520,-0.430,0.360,0.110,0.160,0.020,0.080,-0.580,-0.410,-0.170,0.288,-0.032,0.320,-0.288,-3.128,-0.292,-2.470,-0.580,-3.050,0.000,2155,1075,1080
1626187,Michael Frazier,2020,-0.060,-0.020,1.440,-0.640,-1.380,-0.200,-1.720,-2.460,-2.150,-0.310,-0.248,-0.159,-0.089,0.108,-0.090,-0.270,-0.440,0.120,0.540,-0.170,0.400,-0.580,-0.410,-0.170,0.152,0.034,0.118,-0.032,-2.708,-0.428,-2.600,-0.460,-3.060,0.000,689,341,348
201147,Corey Brewer,2020,2.310,0.110,-1.220,-0.300,-1.090,-2.190,-1.020,-1.770,-1.690,-0.080,-0.420,-0.497,0.077,0.470,-0.230,-0.400,-0.450,-0.480,0.660,-0.110,-0.740,-1.700,-1.700,0.000,0.640,0.020,0.620,-0.290,-2.190,-1.060,-1.720,-1.350,-3.070,0.000,7344,3656,3688
1629740,Nicolo Melli,2020,-0.880,-0.400,2.120,-0.070,-1.240,-0.480,0.770,-1.740,-1.240,-0.500,-0.291,-0.070,-0.221,0.061,-1.470,-0.070,0.650,-0.310,0.820,-0.040,-0.930,-0.800,-0.760,-0.040,-0.022,0.084,-0.106,-0.298,-2.031,-0.822,-1.970,-1.120,-3.090,0.000,4354,2184,2170
1629651,Nicolas Claxton,2020,-0.290,-0.120,0.790,-0.330,-0.480,-0.240,0.420,-1.420,-0.980,-0.440,-0.532,-0.232,-0.300,-0.188,-0.260,-0.020,0.020,-0.070,0.240,0.020,-0.880,-0.410,-0.390,-0.020,-0.122,-0.179,0.057,-0.428,-1.952,-0.532,-2.140,-0.960,-3.100,0.000,781,393,388
1628385,Harry Giles III,2020,0.620,0.500,-3.210,-0.230,2.580,0.600,-0.040,0.000,0.510,-0.510,-0.490,-0.028,-0.462,-0.750,-0.670,-1.080,-0.920,0.090,1.590,0.150,-0.810,-1.900,-1.310,-0.590,0.267,0.206,0.061,-0.227,-0.490,-1.633,-1.240,-1.860,-3.110,-0.010,6009,2989,3020
201580,JaVale McGee,2020,2.460,0.750,-3.790,-0.410,1.320,-0.130,0.080,-0.620,0.270,-0.890,-1.240,-1.045,-0.195,-0.240,-0.460,1.210,-0.670,-0.490,1.120,-0.630,-2.550,0.000,-0.530,0.530,-0.526,0.016,-0.542,-0.484,-1.860,-0.526,-2.100,-1.010,-3.120,-0.010,15236,7624,7612
204025,Tim Frazier,2020,-1.020,-0.100,0.420,-0.450,0.620,-0.320,1.920,-1.230,-0.930,-0.300,-0.519,0.159,-0.678,-0.211,0.500,-0.570,-0.910,-0.490,0.430,-0.410,-1.930,-2.030,-2.150,0.120,0.372,0.046,0.326,0.498,-1.749,-1.658,-1.960,-1.160,-3.120,0.000,9395,4673,4722
203459,Allen Crabbe,2020,-2.580,-1.180,3.510,-0.260,-0.920,-0.480,1.080,-2.230,-1.910,-0.320,-0.275,-0.117,-0.158,-0.275,-1.200,0.270,2.660,0.240,-1.460,-0.230,1.700,0.360,0.850,-0.490,-0.169,-0.149,-0.020,-0.531,-2.505,0.191,-2.780,-0.340,-3.120,0.000,15821,7951,7870
1628980,Jacob Evans,2020,-1.570,-1.040,-1.370,-0.100,2.950,-0.320,-1.280,-2.370,-2.580,0.210,-0.301,-0.035,-0.266,0.031,0.040,-0.110,-0.080,-0.040,0.040,0.010,0.050,-0.150,0.110,-0.260,-0.238,-0.135,-0.103,-0.102,-2.671,-0.388,-2.640,-0.490,-3.130,0.000,2626,1309,1317
1629060,Rui Hachimura,2020,0.440,-0.830,-1.970,0.480,1.540,-0.480,-0.760,0.010,-0.200,0.210,-0.502,-0.186,-0.316,-0.658,-0.870,-0.690,0.160,-0.520,0.720,-0.340,-0.610,-1.930,-1.860,-0.070,0.444,0.123,0.321,-0.514,-0.492,-1.486,-1.150,-2.000,-3.150,0.000,6086,3040,3046
203918,Rodney Hood,2020,-2.060,-0.680,-0.750,-0.250,2.780,0.090,-3.460,-1.460,-1.410,-0.050,0.876,0.439,0.437,-1.576,-0.400,-0.180,0.980,-0.140,-0.520,0.060,0.170,-0.700,-0.400,-0.300,-0.352,-0.308,-0.044,0.042,-0.584,-1.052,-2.160,-1.010,-3.170,0.000,18416,9194,9222
2617,Udonis Haslem,2020,-0.890,-0.310,1.040,-0.890,-0.150,-0.200,-3.060,-3.020,-2.750,-0.270,-0.025,0.284,-0.309,-0.135,0.200,-0.080,-0.550,0.080,0.350,0.010,-0.270,0.300,0.360,-0.060,0.089,-0.140,0.229,-0.419,-3.045,0.389,-3.180,-0.030,-3.200,0.010,721,352,369
203210,JaMychal Green,2020,0.420,-0.560,-0.120,-0.780,-0.300,-0.490,-1.050,-2.510,-2.390,-0.120,-0.640,-0.711,0.071,1.090,0.120,-0.320,-0.810,-0.200,0.690,0.300,-0.120,-1.210,-0.740,-0.470,-0.740,-0.549,-0.191,0.800,-3.150,-1.950,-2.060,-1.150,-3.210,0.000,18150,9078,9072
2200,Pau Gasol,2020,-0.070,-0.740,-1.440,-0.560,1.510,-1.680,0.340,-3.680,-3.720,0.040,0.263,-0.500,0.763,-0.293,0.850,0.470,0.460,-0.020,-1.300,-0.100,-0.340,1.320,0.660,0.660,-0.605,-0.219,-0.386,-0.245,-3.417,0.715,-3.710,0.470,-3.240,0.000,8822,4423,4399
203079,Dion Waiters,2020,0.530,-0.210,2.280,-0.740,-2.800,-0.420,-2.570,-1.370,-0.860,-0.510,-0.409,-0.021,-0.388,-1.391,0.350,0.160,-0.500,-0.350,0.150,-0.110,-0.340,-0.420,-0.290,-0.130,0.526,0.231,0.295,-0.176,-1.779,0.106,-3.170,-0.070,-3.240,0.000,8721,4362,4359
201967,Dante Cunningham,2020,-1.050,-0.130,-0.210,-0.400,1.270,-0.800,-1.120,-2.520,-2.300,-0.220,0.167,-0.142,0.309,-0.107,0.280,-0.470,0.380,-0.190,-0.650,-0.150,0.220,-0.820,-0.890,0.070,-0.342,-0.109,-0.233,0.372,-2.353,-1.162,-2.460,-0.790,-3.250,0.000,9368,4649,4719
202335,Patrick Patterson,2020,-1.260,-1.140,1.920,-0.310,-0.660,-0.540,-2.310,-1.980,-1.530,-0.450,0.032,-0.102,0.134,-0.742,-0.770,-0.080,0.260,-0.210,0.510,0.250,-0.650,-0.270,-0.530,0.260,0.255,0.277,-0.022,-0.575,-1.948,-0.015,-2.690,-0.590,-3.280,0.000,11752,5872,5880
202389,Timofey Mozgov,2020,-0.210,-0.520,0.530,-0.500,-0.310,0.110,-1.040,-1.350,-1.190,-0.160,-1.134,-0.119,-1.015,-0.846,0.340,0.160,0.110,0.000,-0.440,-0.450,0.120,-0.170,-0.180,0.010,-0.272,0.040,-0.312,0.492,-2.484,-0.442,-3.330,0.050,-3.280,0.000,1470,735,735
202718,Chandler Parsons,2020,-0.250,-0.170,1.160,0.120,-0.910,-0.990,-0.420,-0.740,-0.550,-0.190,-0.104,0.163,-0.267,-0.916,-0.220,-0.590,0.040,-0.040,0.170,0.130,0.630,-1.120,-0.820,-0.300,-0.155,-0.096,-0.059,-0.255,-0.844,-1.275,-1.760,-1.530,-3.290,-0.000,4659,2340,2319
1629660,Ty Jerome,2020,-0.820,-0.910,0.770,-0.390,0.060,-0.250,-0.990,-2.790,-2.710,-0.080,-0.634,-0.414,-0.220,1.064,-0.030,-0.200,-0.290,-0.140,0.340,-0.040,-0.060,-1.320,-1.060,-0.260,0.105,0.033,0.072,0.285,-3.424,-1.215,-2.360,-0.930,-3.290,-0.000,1282,640,642
203503,Tony Snell,2020,-0.380,0.310,0.820,-0.120,-0.440,-0.320,0.630,-0.200,-0.060,-0.140,-0.189,-0.176,-0.013,-0.551,-0.760,-1.100,0.760,-0.210,0.010,-0.360,-1.520,-1.420,-1.420,0.000,-0.403,-0.301,-0.102,-0.527,-0.389,-1.823,-0.940,-2.350,-3.290,0.000,19930,9957,9973
203498,Shabazz Muhammad,2020,1.160,-0.490,-1.570,-0.220,0.410,-0.230,-1.980,-1.160,-1.190,0.030,-0.055,0.008,-0.063,-0.465,-0.430,-0.440,-0.030,-0.150,0.450,-0.280,-1.570,-1.070,-1.110,0.040,0.116,-0.040,0.156,-0.656,-1.215,-0.954,-1.680,-1.610,-3.300,-0.010,1680,837,843
1629019,Allonzo Trier,2020,1.650,-1.090,-1.730,-0.040,0.090,-0.990,-4.600,-0.460,-1.300,0.840,-1.156,-0.127,-1.029,-0.284,-1.680,-0.100,0.960,0.140,0.720,0.100,0.780,-0.490,0.020,-0.510,-0.123,-0.139,0.016,-0.787,-1.616,-0.613,-1.900,-1.400,-3.300,0.000,7110,3572,3538
1627753,Zhou Qi,2020,-0.570,-0.490,1.210,-0.590,-0.640,0.020,-2.280,-1.850,-1.550,-0.300,-0.541,-0.050,-0.491,-0.239,-0.090,-0.040,-0.350,-0.110,0.450,-0.010,-0.520,-0.520,-0.390,-0.130,-0.129,-0.001,-0.128,-0.021,-2.391,-0.649,-2.630,-0.670,-3.310,-0.010,530,267,263
204020,Tyler Johnson,2020,-1.770,-0.080,1.220,-0.450,0.560,-0.690,0.680,-1.080,-0.910,-0.170,-0.168,-0.176,0.008,-1.032,-0.870,0.010,1.000,-0.190,-0.150,0.170,0.390,-1.040,-0.760,-0.280,0.101,-0.113,0.214,-0.111,-1.248,-0.939,-2.280,-1.050,-3.330,0.000,17524,8764,8760
1626202,Joe Young,2020,-0.430,-0.580,-1.380,-0.480,1.780,-0.290,-2.370,-3.040,-2.640,-0.400,0.490,0.071,0.419,0.670,-0.300,-0.380,0.240,0.160,0.060,-0.150,0.420,-0.650,-0.380,-0.270,-0.495,-0.051,-0.444,-0.305,-2.550,-1.145,-1.880,-1.450,-3.330,0.000,2097,1050,1047
1628510,Andrew White III,2020,-0.490,-0.670,1.180,-0.080,-0.690,-0.610,-0.260,-1.930,-1.550,-0.380,-0.297,-0.019,-0.278,-0.123,0.030,0.060,-0.180,-0.260,0.150,-0.040,-1.230,-0.630,-0.600,-0.030,-0.196,-0.129,-0.067,-0.164,-2.227,-0.826,-2.350,-0.990,-3.340,0.000,856,426,430
1627789,Timothe Luwawu-Cabarrot,2020,0.580,-2.120,0.940,-1.340,-1.510,0.320,-1.260,-2.850,-2.910,0.060,-0.034,-0.050,0.016,-0.026,1.070,-0.040,-0.850,0.070,-0.210,0.550,0.970,0.790,1.120,-0.330,-0.276,-0.258,-0.018,-0.974,-2.884,0.514,-2.910,-0.460,-3.370,0.000,10088,5037,5051
1629017,Khyri Thomas,2020,-0.870,-0.670,0.420,-0.590,0.460,-0.520,-1.040,-2.570,-2.350,-0.220,0.094,0.359,-0.265,0.036,-0.160,-0.100,-0.100,-0.090,0.260,0.010,0.240,-1.040,-0.560,-0.480,-0.004,0.029,-0.033,0.104,-2.476,-1.044,-2.440,-0.940,-3.370,0.010,1029,513,516
1629234,Drew Eubanks,2020,-0.610,-0.190,-0.660,-0.040,1.280,-0.620,-2.020,-0.660,-0.960,0.300,-1.357,-0.626,-0.731,-0.423,-0.350,-0.370,-0.820,-0.180,1.170,0.180,-1.340,-0.560,-0.570,0.010,-0.139,-0.132,-0.007,-0.241,-2.017,-0.699,-2.440,-0.940,-3.380,0.000,1623,806,817
202498,Lance Thomas,2020,-0.890,0.050,-1.450,-1.000,2.340,-0.050,-3.860,-2.140,-1.790,-0.350,-0.135,0.146,-0.281,-0.825,-0.410,-0.560,-0.460,0.140,0.880,0.150,0.640,-0.710,-0.610,-0.100,-0.087,0.134,-0.221,0.507,-2.275,-0.797,-3.100,-0.290,-3.390,0.000,8568,4282,4286
201585,Kosta Koufos,2020,-3.730,-0.980,-1.560,0.000,5.290,-0.840,-0.900,-4.470,-3.470,-1.000,0.562,0.110,0.452,0.768,0.890,0.340,-0.400,-0.290,-0.500,-0.150,-1.400,-0.160,-0.320,0.160,-0.022,-0.164,0.142,-0.078,-3.908,-0.182,-3.140,-0.260,-3.400,-0.000,6824,3399,3425
202693,Markieff Morris,2020,-1.190,0.150,0.590,-0.270,0.590,-0.250,0.860,-1.320,-0.780,-0.540,-0.365,-0.428,0.063,-1.075,0.510,-0.120,-0.700,0.240,0.160,-0.200,0.480,-0.380,0.040,-0.420,-0.265,0.032,-0.297,-0.025,-1.685,-0.645,-2.760,-0.670,-3.430,-0.000,20015,10006,10009
202362,Lance Stephenson,2020,-0.040,0.040,0.010,-0.850,0.050,0.170,-1.170,0.090,0.650,-0.560,0.110,-0.041,0.151,-0.920,-0.240,-1.370,-0.330,0.330,0.560,-0.540,-0.690,-2.230,-1.870,-0.360,-0.430,-0.437,0.007,-0.060,0.200,-2.660,-0.720,-2.720,-3.440,0.000,12207,6089,6118
1627782,Wayne Selden,2020,-0.020,-0.730,-1.780,-0.440,1.800,-0.030,-2.110,-1.330,-1.430,0.100,-0.141,0.262,-0.403,0.121,-0.570,-0.260,-0.290,-0.300,0.850,-0.240,-0.510,-1.910,-1.650,-0.260,-0.115,-0.078,-0.037,-0.115,-1.471,-2.025,-1.350,-2.140,-3.500,-0.010,8422,4209,4213
2747,JR Smith,2020,-1.650,0.630,1.380,0.030,0.270,-0.300,-3.390,-0.800,-0.880,0.080,-0.005,-0.007,0.002,-0.275,-0.560,-0.700,-0.820,-0.160,1.480,-0.590,-2.120,-1.310,-1.560,0.250,-0.131,0.090,-0.221,-0.989,-0.805,-1.441,-1.080,-2.430,-3.510,0.000,13104,6540,6564
1629628,RJ Barrett,2020,3.070,-1.300,-2.210,-0.460,-0.870,-0.670,-2.700,-2.690,-2.420,-0.270,0.073,0.329,-0.256,0.677,0.310,-0.200,-0.300,-0.570,-0.020,-0.120,-0.730,-0.970,-0.900,-0.070,0.081,0.123,-0.042,-0.701,-2.617,-0.889,-1.940,-1.590,-3.520,0.010,6982,3485,3497
101181,Jose Calderon,2020,-1.550,-0.260,1.640,-0.480,-0.110,-0.710,1.240,-2.010,-1.610,-0.400,0.035,0.401,-0.366,-1.155,-0.340,-0.300,0.590,-0.070,-0.260,-0.050,-0.360,-0.630,-0.450,-0.180,0.198,0.258,-0.060,0.022,-1.975,-0.432,-3.130,-0.410,-3.540,0.000,6274,3143,3131
202325,Wesley Johnson,2020,-0.490,0.420,-0.020,-0.540,0.370,-0.660,0.300,-1.550,-0.830,-0.720,-0.806,-0.375,-0.431,-0.444,-0.330,-0.320,-0.460,-0.150,0.620,-0.450,-0.830,-1.500,-1.240,-0.260,0.745,0.283,0.462,0.015,-2.356,-0.755,-2.800,-0.740,-3.540,-0.000,7806,3887,3919
202720,Jon Leuer,2020,-0.370,-0.140,-0.620,-0.970,0.980,0.120,-1.380,-2.450,-2.300,-0.150,-0.564,-0.117,-0.447,-0.516,-0.420,-0.340,0.240,0.120,0.180,-0.040,0.220,-0.690,-0.440,-0.250,0.082,0.285,-0.203,0.568,-3.014,-0.608,-3.530,-0.040,-3.570,0.000,2169,1080,1089
202391,Jeremy Lin,2020,1.110,-0.900,-1.190,-0.450,0.080,-0.090,-3.220,-0.820,-1.020,0.200,-0.797,-0.485,-0.312,-1.383,0.420,-0.460,-0.420,0.180,0.000,-0.280,-0.040,-0.540,0.010,-0.550,0.113,0.001,0.112,-0.143,-1.617,-0.427,-3.000,-0.570,-3.570,0.000,6145,3073,3072
203476,Gorgui Dieng,2020,-2.900,-1.790,-1.170,-1.070,4.060,0.370,-1.900,-3.080,-2.550,-0.530,0.174,0.798,-0.624,-0.554,0.230,-0.390,-0.620,-0.070,0.400,-0.350,-0.890,-0.890,-0.850,-0.040,0.658,0.096,0.562,0.112,-2.906,-0.232,-3.460,-0.120,-3.580,-0.000,13718,6820,6898
1626188,Quinn Cook,2020,-2.800,-0.620,-0.660,-0.210,3.460,0.460,-1.440,-1.310,-0.870,-0.440,0.892,0.384,0.508,-1.262,-0.670,-0.260,0.530,-0.320,0.140,-0.290,-2.200,-1.340,-1.450,0.110,-0.241,-0.106,-0.135,-0.349,-0.418,-1.581,-1.680,-1.930,-3.610,0.000,10573,5289,5284
1629672,Eric Paschall,2020,0.810,-0.170,-1.950,-0.980,1.160,0.030,-0.320,-0.160,-0.570,0.410,-0.411,-0.477,0.066,-0.469,-0.670,-0.390,-0.180,-0.820,0.850,0.340,-1.560,-1.970,-1.690,-0.280,-0.156,-0.097,-0.059,-0.464,-0.571,-2.126,-1.040,-2.590,-3.630,0.000,6799,3395,3404
1627781,Malachi Richardson,2020,0.330,-0.550,-0.550,-0.390,0.220,-0.310,-2.710,-1.610,-1.430,-0.180,-0.568,0.180,-0.748,-0.362,-0.140,-0.360,-0.420,-0.290,0.560,0.250,-0.770,-0.950,-0.920,-0.030,0.052,-0.003,0.055,-0.202,-2.178,-0.898,-2.540,-1.100,-3.640,0.000,1578,791,787
202738,Isaiah Thomas,2020,-0.800,0.150,0.710,-0.030,0.090,0.010,0.270,0.050,-0.090,0.140,-0.779,-0.200,-0.579,0.189,-0.010,-0.710,0.120,-0.460,-0.110,-0.580,-2.300,-2.420,-2.030,-0.390,-0.391,-0.371,-0.020,-0.309,-0.729,-2.811,-0.540,-3.120,-3.660,0.000,8245,4132,4113
1626179,Terry Rozier,2020,-1.470,-2.520,1.320,0.020,0.160,-1.890,-0.910,-3.420,-3.300,-0.120,0.369,0.761,-0.392,-0.129,-0.580,-0.080,-0.050,0.320,0.630,0.190,-1.080,0.200,0.110,0.090,-0.367,-0.222,-0.145,-0.323,-3.051,-0.167,-3.180,-0.490,-3.670,0.000,26401,13223,13178
1629126,Deonte Burton,2020,0.420,-1.190,0.310,-0.680,-0.740,-0.770,-0.950,-2.650,-2.330,-0.320,0.148,0.043,0.105,-1.838,-0.390,0.280,0.120,0.210,0.280,0.100,0.200,0.590,0.690,-0.100,0.171,0.079,0.092,-0.091,-2.502,0.761,-4.340,0.670,-3.670,0.000,2502,1244,1258
202688,Brandon Knight,2020,-2.520,-0.380,3.280,-0.160,-0.780,-0.110,-0.680,-1.450,-0.690,-0.760,0.417,0.285,0.132,-1.027,0.530,-1.060,-0.120,-0.050,-0.400,-0.560,-1.080,-1.520,-1.590,0.070,-0.458,-0.361,-0.097,0.338,-1.033,-1.978,-2.060,-1.640,-3.700,-0.000,4567,2283,2284
1627737,Marquese Chriss,2020,0.560,-0.740,-0.420,-1.020,-0.250,-0.590,-0.060,-2.210,-1.630,-0.580,-0.710,-0.574,-0.136,0.560,-0.870,-0.570,0.500,-0.750,0.350,0.370,-0.810,-0.930,-1.040,0.110,-0.049,0.037,-0.086,-0.371,-2.920,-0.979,-2.360,-1.350,-3.710,0.000,12837,6418,6419
1627767,Cheick Diallo,2020,-1.850,-0.570,-1.690,-0.030,3.540,1.060,-0.000,-0.180,0.070,-0.250,-0.709,-0.393,-0.316,-1.011,-0.290,0.110,0.080,-0.460,0.210,-0.290,-1.570,-1.760,-1.760,0.000,-0.527,-0.382,-0.145,0.467,-0.889,-2.287,-1.900,-1.820,-3.720,0.000,8114,4054,4060
2749,Jameer Nelson,2020,-1.300,-0.060,2.120,-0.130,-0.830,-0.040,1.380,-0.230,-0.030,-0.200,-0.650,-0.116,-0.534,-1.020,0.130,-0.270,-0.540,-0.210,0.410,-0.250,-1.500,-1.600,-1.510,-0.090,0.191,-0.025,0.216,-0.401,-0.880,-1.409,-1.900,-1.810,-3.720,-0.010,3354,1672,1682
1627733,Dragan Bender,2020,0.550,-0.050,1.790,-0.670,-2.280,-0.220,-0.160,-1.240,-0.850,-0.390,-1.201,-1.092,-0.109,-0.479,-0.120,0.750,0.140,-0.220,-0.050,-0.590,0.080,0.370,0.250,0.120,-0.781,-0.111,-0.670,-0.409,-2.441,-0.411,-2.920,-0.820,-3.740,-0.000,12915,6450,6465
203930,Sean Kilpatrick,2020,-0.620,-0.700,0.700,-0.400,-0.080,-0.690,-1.830,-1.320,-1.650,0.330,-0.064,0.081,-0.145,-0.836,0.140,-0.440,-0.360,-0.220,0.220,-0.290,-1.270,-1.770,-1.730,-0.040,-0.098,0.159,-0.257,0.338,-1.384,-1.868,-2.220,-1.530,-3.750,0.000,2452,1229,1223
203613,Jonathon Simmons,2020,-0.970,0.340,0.170,0.030,0.890,0.120,-2.750,-0.030,-0.010,-0.020,-1.144,-0.088,-1.056,-0.626,-0.730,-0.310,0.940,-0.560,-0.200,0.080,0.290,-1.540,-1.160,-0.380,-0.378,-0.285,-0.093,-0.052,-1.174,-1.918,-1.800,-1.970,-3.770,0.000,12703,6341,6362
1626209,Mario Hezonja,2020,1.010,0.160,-0.340,-0.960,-0.590,-0.930,-1.870,-1.570,-1.680,0.110,-0.655,-0.009,-0.646,-0.005,-0.660,0.040,-0.260,-0.160,0.960,0.030,-0.970,-0.360,-0.280,-0.080,0.023,0.118,-0.095,-1.223,-2.225,-0.337,-2.230,-1.560,-3.780,0.010,15297,7639,7658
1629059,Elie Okobo,2020,0.560,-0.290,-0.600,-0.640,0.030,-0.600,-0.500,-2.220,-1.900,-0.320,-0.187,0.107,-0.294,-0.233,-0.680,-0.280,0.760,-0.190,-0.080,-0.030,-0.010,-0.270,-0.080,-0.190,0.344,0.218,0.126,-1.234,-2.407,0.074,-2.640,-1.160,-3.800,0.000,6797,3404,3393
1627780,Gary Payton II,2020,0.570,-0.880,-1.480,-0.440,0.900,-0.160,-2.380,-2.620,-2.040,-0.580,-0.320,-0.223,-0.097,0.960,-0.370,-0.030,-0.370,-0.310,0.740,-0.330,-1.740,-1.620,-1.450,-0.170,0.242,0.324,-0.082,-0.442,-2.940,-1.378,-1.980,-1.820,-3.800,0.000,2688,1342,1346
1628390,Terrance Ferguson,2020,0.480,0.090,0.430,-0.060,-0.860,-0.230,0.840,-1.250,-0.460,-0.790,-0.599,-0.085,-0.514,0.239,-0.210,0.130,0.150,-1.180,0.120,0.150,-2.750,-1.900,-1.780,-0.120,-0.459,-0.110,-0.349,0.119,-1.849,-2.359,-1.610,-2.240,-3.850,-0.000,17123,8547,8576
202347,Quincy Pondexter,2020,-0.260,-0.310,-1.340,-0.520,1.600,-0.860,-2.700,-3.040,-2.990,-0.050,-0.562,-0.310,-0.252,-0.188,0.190,-0.390,-0.730,0.160,0.540,-0.010,-0.590,-0.180,-0.090,-0.090,-0.248,-0.136,-0.112,0.358,-3.602,-0.428,-3.790,-0.070,-3.860,0.000,1891,948,943
1628424,Kobi Simmons,2020,0.750,0.090,-2.160,0.030,1.410,-0.850,-1.510,-1.370,-1.300,-0.070,-0.463,-0.140,-0.323,0.483,-0.510,-0.380,-0.070,-0.380,0.570,-0.300,-1.570,-1.660,-1.600,-0.060,-0.617,-0.468,-0.149,-0.253,-1.833,-2.277,-1.350,-2.530,-3.880,0.000,2533,1263,1270
1629035,Carsen Edwards,2020,0.080,-0.830,0.450,-0.940,-0.530,-0.280,-2.260,-2.750,-2.900,0.150,-0.656,-0.345,-0.311,-0.434,-0.550,-0.240,0.030,0.260,0.510,0.020,0.550,-0.540,-0.310,-0.230,0.203,0.014,0.189,0.277,-3.406,-0.337,-3.840,-0.060,-3.890,0.010,1475,738,737
1626170,Jerian Grant,2020,-3.530,-0.470,0.850,-0.460,2.670,-0.370,-0.380,-2.710,-2.440,-0.270,0.260,-0.071,0.331,-0.330,0.430,-0.810,-0.730,-0.310,0.280,0.470,-1.360,-1.510,-1.350,-0.160,-0.103,-0.051,-0.052,0.493,-2.450,-1.613,-2.780,-1.120,-3.900,0.000,9874,4926,4948
203584,Troy Daniels,2020,-2.080,-1.310,3.680,-0.040,-1.590,-0.860,0.120,-1.840,-1.640,-0.200,-0.020,0.132,-0.152,0.280,0.030,-0.630,0.260,-0.140,-0.260,-0.080,-0.340,-2.040,-1.550,-0.490,-0.321,-0.214,-0.107,0.031,-1.860,-2.361,-1.580,-2.330,-3.910,0.000,11657,5833,5824
1629598,Chris Clemons,2020,-0.590,-0.030,1.980,-0.790,-1.370,-0.160,-1.780,-3.200,-2.660,-0.540,-0.202,-0.064,-0.138,0.172,0.360,-0.360,-0.970,0.300,0.610,-0.070,-0.610,0.060,0.080,-0.020,-0.210,-0.026,-0.184,-0.550,-3.402,-0.150,-3.230,-0.700,-3.940,-0.010,1274,638,636
203524,Solomon Hill,2020,-0.830,0.400,0.490,-0.320,0.360,-0.050,0.840,-1.370,-1.220,-0.150,-0.042,0.027,-0.069,0.272,-0.420,-0.140,-0.450,-0.550,0.860,-0.220,-2.810,-1.780,-1.770,-0.010,-0.326,-0.419,0.093,-0.804,-1.412,-2.106,-1.140,-2.910,-4.050,0.000,9519,4756,4763
1628964,Mo Bamba,2020,-1.660,-0.820,-0.130,-0.260,1.820,-1.670,-1.420,-5.010,-4.280,-0.730,0.075,-0.163,0.238,1.515,-0.340,0.440,-0.520,-0.130,0.870,0.150,-0.640,-0.360,-0.330,-0.030,0.193,0.130,0.063,-0.473,-4.935,-0.167,-3.420,-0.640,-4.070,-0.010,6440,3201,3239
204028,Tarik Black,2020,-0.490,-0.740,1.700,-0.760,-1.200,-0.270,-4.110,-2.730,-2.460,-0.270,-0.998,-0.259,-0.739,0.088,-0.620,-0.020,-0.500,0.180,1.120,-0.070,-0.250,-0.260,0.020,-0.280,0.055,0.229,-0.174,-0.235,-3.728,-0.205,-3.640,-0.440,-4.090,-0.010,2130,1062,1068
1629645,Kevin Porter Jr.,2020,1.230,0.280,0.900,-0.990,-2.130,-0.680,-0.900,-2.070,-1.810,-0.260,-0.484,-0.258,-0.226,-0.076,-0.120,-0.180,-1.010,-0.430,1.120,0.050,-2.050,-0.980,-1.000,0.020,0.152,0.230,-0.078,-0.642,-2.554,-0.828,-2.630,-1.470,-4.100,0.000,4679,2334,2345
1627748,Thon Maker,2020,-1.580,-1.470,0.230,-0.910,1.360,1.080,-1.130,-1.240,-1.410,0.170,0.072,-0.426,0.498,-0.932,-1.370,-0.190,0.550,-0.310,0.840,-0.060,-1.060,-1.960,-1.720,-0.240,0.760,0.658,0.102,-0.850,-1.168,-1.200,-2.100,-2.050,-4.150,0.000,12080,6018,6062
2207,Joe Johnson,2020,-2.940,-0.510,1.700,-1.780,1.230,0.790,-4.200,-3.880,-3.870,-0.010,0.204,0.353,-0.149,-0.114,-0.730,0.230,-0.550,-0.110,1.280,0.200,-0.990,0.150,-0.200,0.350,-0.034,0.078,-0.112,-0.516,-3.676,0.116,-3.790,-0.400,-4.180,0.010,4808,2404,2404
202323,Evan Turner,2020,-1.030,-0.910,-1.940,-0.790,2.940,-0.930,-3.470,-3.820,-3.820,-0.000,-0.611,-0.446,-0.165,0.131,0.770,0.630,0.640,0.530,-1.410,-0.580,2.360,0.710,0.800,-0.090,-0.597,-0.489,-0.108,-0.053,-4.431,0.113,-4.300,0.060,-4.240,-0.000,16702,8347,8355
1629016,Omari Spellman,2020,0.020,-1.850,0.720,-0.520,-0.740,-0.880,-1.750,-1.970,-2.290,0.320,-0.442,-0.180,-0.262,0.092,-0.900,0.220,-0.740,-0.260,1.630,-0.750,-2.140,-1.580,-1.720,0.140,-0.031,-0.201,0.170,-0.359,-2.412,-1.611,-2.320,-1.970,-4.280,0.010,7069,3546,3523
1628367,Josh Jackson,2020,2.110,-0.610,-2.170,-1.440,0.130,-0.700,-4.020,-2.640,-2.230,-0.410,-0.707,-0.495,-0.212,-0.143,-0.320,0.260,-0.090,-0.240,0.380,0.320,0.290,-0.180,0.120,-0.300,0.014,-0.033,0.047,-0.674,-3.347,-0.166,-3.490,-0.840,-4.330,0.000,17654,8814,8840
1629635,Sekou Doumbouya,2020,0.370,-0.700,-0.500,-0.340,0.140,-0.060,-0.680,-2.430,-2.000,-0.430,-0.309,-0.069,-0.240,0.149,-0.180,-0.440,0.840,0.040,-0.660,-0.650,-0.700,-1.080,-1.080,0.000,-0.317,0.185,-0.502,-0.403,-2.739,-1.397,-2.590,-1.800,-4.390,0.000,2943,1462,1481
1629164,Brandon Goodwin,2020,-0.080,-0.600,0.140,-0.970,-0.260,-0.140,-2.460,-3.040,-2.840,-0.200,-0.235,-0.092,-0.143,-0.385,-0.410,-0.070,0.230,-0.090,0.260,0.060,0.300,-0.340,-0.130,-0.210,-0.051,-0.006,-0.045,-0.369,-3.275,-0.391,-3.660,-0.760,-4.420,0.000,1900,955,945
1628966,Keita Bates-Diop,2020,0.950,-0.870,0.020,-0.910,-0.970,-0.580,-2.060,-2.570,-2.270,-0.300,0.026,0.373,-0.347,-0.546,-1.150,-0.390,0.420,0.310,0.730,-0.060,-0.400,-0.340,-0.230,-0.110,-0.534,-0.259,-0.275,-0.556,-2.544,-0.874,-3.090,-1.430,-4.520,0.000,5133,2568,2565
1627775,Patrick McCaw,2020,-0.060,-0.200,0.530,-0.660,-0.470,-0.730,-1.140,-1.790,-1.630,-0.160,-0.543,0.065,-0.608,-0.667,-0.940,-0.590,0.350,-0.010,0.590,0.050,-0.590,-1.200,-0.980,-0.220,0.222,0.088,0.134,-0.622,-2.333,-0.978,-3.000,-1.600,-4.610,-0.010,8960,4454,4506
1627745,Damian Jones,2020,-0.630,0.770,-1.360,-0.860,1.990,0.500,-2.150,-1.120,-0.830,-0.290,-0.705,-0.430,-0.275,-0.405,0.360,-0.570,-0.530,-0.300,0.180,-0.810,-1.260,-2.160,-2.240,0.080,0.010,0.289,-0.279,-0.250,-1.825,-2.150,-2.230,-2.400,-4.630,0.000,5644,2823,2821
1626144,Emmanuel Mudiay,2020,0.770,-1.170,-0.300,-0.220,-0.490,-0.340,-2.220,-0.830,-0.710,-0.120,-1.048,-0.154,-0.894,-0.402,-1.120,0.280,1.100,-0.680,0.030,-0.200,-1.250,-1.730,-1.460,-0.270,-0.539,-0.288,-0.251,-0.111,-1.878,-2.269,-2.280,-2.380,-4.660,-0.000,14631,7326,7305
201160,Jason Smith,2020,-0.720,-0.540,-0.260,-0.660,0.960,-0.200,-1.280,-2.300,-2.290,-0.010,-0.375,-0.289,-0.086,-1.055,0.060,-0.090,-0.900,-0.230,0.840,0.130,-0.820,-0.530,-0.340,-0.190,-0.142,-0.325,0.183,-0.278,-2.675,-0.672,-3.730,-0.950,-4.680,0.000,1862,933,929
1629012,Collin Sexton,2020,0.020,-0.650,-1.810,0.000,1.790,-0.080,-3.380,-0.620,-0.870,0.250,0.205,0.279,-0.074,-0.335,-0.270,-1.790,0.270,-0.980,-0.000,-0.760,-1.660,-3.620,-3.630,0.010,-0.343,-0.135,-0.208,-0.017,-0.415,-3.963,-0.750,-3.980,-4.740,-0.010,18882,9441,9441
1628960,Grayson Allen,2020,-0.780,-0.940,1.420,-0.250,-0.610,0.030,0.940,-2.080,-2.010,-0.070,0.018,0.407,-0.389,-0.188,-0.410,-0.450,0.020,-0.160,0.370,-0.620,-0.510,-2.030,-1.700,-0.330,-0.128,-0.285,0.157,-0.332,-2.062,-2.158,-2.250,-2.490,-4.750,-0.010,4830,2402,2428
202687,Bismack Biyombo,2020,-0.590,-0.810,-1.590,-0.210,2.170,-2.030,-2.540,-4.050,-3.250,-0.800,-0.661,-0.429,-0.232,0.561,-0.280,0.370,0.110,-0.040,0.160,-0.020,-0.930,1.000,0.840,0.160,-0.480,-0.092,-0.388,-1.130,-4.711,0.520,-4.150,-0.610,-4.770,-0.010,12670,6299,6371
202328,Greg Monroe,2020,1.420,-0.760,-2.850,-1.020,1.490,-0.080,-3.120,-1.880,-1.690,-0.190,-1.049,-0.481,-0.568,0.399,-1.510,-1.100,1.120,-0.140,0.420,-0.310,-0.260,-3.080,-2.660,-0.420,0.389,0.148,0.241,0.431,-2.929,-2.691,-2.530,-2.260,-4.800,-0.010,6711,3363,3348
203101,Miles Plumlee,2020,-0.880,-0.750,-0.810,-0.130,1.680,0.180,-0.730,-2.390,-1.690,-0.700,-1.387,-0.970,-0.417,0.017,0.860,-0.020,0.080,-0.520,-0.950,-0.360,-1.780,-0.570,-1.030,0.460,-0.476,-0.295,-0.181,-0.204,-3.777,-1.046,-3.760,-1.250,-5.010,0.000,4243,2117,2126
201573,Jerryd Bayless,2020,-1.270,-0.400,0.360,-0.410,0.900,-0.650,-0.240,-2.130,-1.860,-0.270,-0.657,-0.324,-0.333,0.257,-0.140,-0.100,-0.760,-0.170,0.880,-0.380,-0.470,-1.910,-1.370,-0.540,-0.174,0.151,-0.325,-0.406,-2.787,-2.084,-2.530,-2.490,-5.020,0.000,6226,3119,3107
2216,Zach Randolph,2020,-1.020,-0.230,-2.130,0.090,3.140,-0.220,-1.990,-2.630,-1.980,-0.650,-1.080,-0.345,-0.735,1.660,0.170,-0.340,-0.830,-0.680,0.660,-0.630,-3.750,-2.370,-2.460,0.090,-0.724,-0.224,-0.500,0.094,-3.710,-3.094,-2.050,-3.000,-5.050,0.000,5431,2722,2709
1628370,Malik Monk,2020,-0.510,-0.300,1.140,-1.070,-0.640,-1.060,-1.770,-1.980,-1.880,-0.100,0.447,0.129,0.318,-0.727,-1.200,-0.310,0.160,-0.270,1.050,-0.520,-1.040,-1.780,-1.440,-0.340,-0.160,-0.156,-0.004,-1.020,-1.533,-1.940,-2.260,-2.960,-5.220,0.000,12942,6488,6454
1629021,Moritz Wagner,2020,1.230,-0.120,0.300,-0.480,-1.520,-1.110,-1.480,-1.160,-1.150,-0.010,-1.838,-0.935,-0.903,-1.182,0.390,-0.510,-0.800,-0.170,0.420,-0.780,-0.720,-1.450,-1.530,0.080,0.543,-0.234,0.777,-0.153,-2.998,-0.907,-4.180,-1.060,-5.240,-0.000,5493,2750,2743
1628372,Dennis Smith Jr.,2020,-0.210,-0.750,-0.110,-0.360,0.340,-1.440,-2.820,-2.790,-2.100,-0.690,-0.531,-0.498,-0.033,-0.459,0.850,-0.470,-0.740,-0.290,-0.100,-0.580,-1.670,-1.950,-1.770,-0.180,-0.186,0.045,-0.231,0.486,-3.321,-2.136,-3.780,-1.650,-5.440,-0.010,15301,7646,7655
1626143,Jahlil Okafor,2020,-0.800,0.520,-1.580,-0.850,2.370,-0.420,-2.930,-2.570,-1.990,-0.580,-0.443,-0.104,-0.339,-0.287,0.200,-0.030,0.120,-0.680,-0.290,-0.480,-1.620,-1.040,-1.200,0.160,-1.092,-0.468,-0.624,-0.178,-3.013,-2.132,-3.300,-2.310,-5.610,0.000,7135,3557,3578
1629014,Anfernee Simons,2020,-1.280,-1.100,-0.400,-0.030,1.630,-0.380,-4.650,-3.130,-2.420,-0.710,-0.095,0.092,-0.187,0.485,-0.290,-0.150,0.070,-0.220,0.200,-0.230,0.670,-1.430,-0.840,-0.590,-1.013,-0.447,-0.566,-0.447,-3.225,-2.443,-2.740,-2.890,-5.630,0.000,6966,3473,3493
203917,Nik Stauskas,2020,0.150,-1.600,0.660,-0.500,-0.790,-0.760,-4.000,-2.770,-2.630,-0.140,-0.316,-0.076,-0.240,-1.094,0.550,-0.250,0.280,-0.040,-0.820,-0.460,0.070,-0.440,-0.530,0.090,-0.647,0.030,-0.677,-0.473,-3.086,-1.087,-4.180,-1.560,-5.740,0.000,6045,3018,3027
202732,DeAndre Liggins,2020,-1.110,-0.580,-1.000,-1.040,2.110,-0.040,-3.620,-4.230,-3.770,-0.460,0.158,0.065,0.093,-0.388,-0.940,-0.120,0.450,-0.250,0.490,-0.110,-0.950,-1.780,-1.460,-0.320,0.389,0.317,0.072,0.041,-4.072,-1.391,-4.460,-1.350,-5.800,0.010,2760,1372,1388
1628995,Kevin Knox II,2020,-0.520,-1.520,-0.110,-0.480,0.620,-1.360,-2.380,-3.630,-3.240,-0.390,0.593,0.700,-0.107,-0.343,-1.020,-0.380,-0.120,-0.350,1.150,0.220,-1.920,-1.760,-1.420,-0.340,-0.845,-0.435,-0.410,-0.355,-3.037,-2.605,-3.380,-2.960,-6.340,0.000,13519,6759,6760
1627846,Abdel Nader,2020,0.920,-1.460,-1.610,-1.250,0.670,-0.880,-3.310,-4.200,-4.040,-0.160,-0.380,-0.067,-0.313,-0.790,-0.470,0.370,0.080,-0.210,0.390,-0.280,0.250,-1.480,-1.270,-0.210,-0.588,-0.193,-0.395,0.428,-4.580,-2.068,-5.370,-1.640,-7.000,0.010,8542,4273,4269
2037,Jamal Crawford,2020,-1.040,-0.460,-0.830,-0.820,1.840,0.510,-3.270,-0.400,-1.020,0.620,-0.649,-0.709,0.060,-1.581,-0.740,-1.330,0.650,-0.300,0.110,-0.580,-2.320,-2.790,-2.470,-0.320,-0.464,-0.324,-0.140,-1.226,-1.049,-3.254,-2.630,-4.480,-7.110,0.000,11626,5825,5801
1626245,Cristiano Felicio,2020,0.220,-1.010,-0.800,-0.230,0.590,-0.820,-2.850,-2.490,-1.960,-0.530,-1.238,-0.749,-0.489,0.488,-0.510,-1.180,-1.170,-0.450,1.680,-0.310,-4.940,-3.010,-3.000,-0.010,-0.701,-0.380,-0.321,-0.359,-3.728,-3.711,-3.240,-4.070,-7.300,0.010,8121,4071,4050
