player_id,player_name,Latest_Year,oALT_EFG_VALUE,oALT_EFG_BASELINE,oALT_EFG_ATOMS_VALUE,oALT_EFG_RIM,oALT_EFG_RIM_FREQ,oALT_EFG_RIM_FG,oALT_EFG_MID,oALT_EFG_MID_FREQ,oALT_EFG_MID_FG,oALT_EFG_THREE,oALT_EFG_THREE_FREQ,oALT_EFG_THREE_FG,oALT_FT,oALT_FT_FREQ,oALT_FT_SEVERITY,oALT_TOV_VALUE,oSC,oSC_CLEAN,oFC,oDISPLAY_SUM,oRESID,oALT_TOV_LOSS_VALUE,oALT_TOV_VALUE_bp,oALT_TOV_VALUE_sc,oALT_TOV_VALUE_split,oALT_BADPASS_TOV_VALUE,oALT_SCORING_TOV_VALUE,oASSIST_POINTS,oRIM_ASSIST,dALT_EFG_VALUE,dALT_EFG_BASELINE,dALT_EFG_ATOMS_VALUE,dALT_EFG_RIM,dALT_EFG_RIM_FREQ,dALT_EFG_RIM_FG,dALT_EFG_MID,dALT_EFG_MID_FREQ,dALT_EFG_MID_FG,dALT_EFG_THREE,dALT_EFG_THREE_FREQ,dALT_EFG_THREE_FG,dALT_FT,dALT_FT_FREQ,dALT_FT_SEVERITY,dALT_TOV_VALUE,dSC,dSC_CLEAN,dFC,dDISPLAY_SUM,dRESID,dALT_TOV_LOSS_VALUE,dALT_TOV_VALUE_bp,dALT_TOV_VALUE_sc,dALT_TOV_VALUE_split,dALT_BADPASS_TOV_VALUE,dALT_SCORING_TOV_VALUE,dASSIST_POINTS,dRIM_ASSIST,nALT_EFG_VALUE,nALT_EFG_BASELINE,nALT_EFG_ATOMS_VALUE,nALT_EFG_RIM,nALT_EFG_RIM_FREQ,nALT_EFG_RIM_FG,nALT_EFG_MID,nALT_EFG_MID_FREQ,nALT_EFG_MID_FG,nALT_EFG_THREE,nALT_EFG_THREE_FREQ,nALT_EFG_THREE_FG,nALT_FT,nALT_FT_FREQ,nALT_FT_SEVERITY,nALT_TOV_VALUE,nSC,nSC_CLEAN,nDISPLAY_SUM,RESID,nALT_TOV_LOSS_VALUE,nALT_TOV_VALUE_bp,nALT_TOV_VALUE_sc,nALT_TOV_VALUE_split,nALT_BADPASS_TOV_VALUE,nALT_SCORING_TOV_VALUE,nASSIST_POINTS,nRIM_ASSIST,off,def,net_rapm,possessions,off_poss,def_poss
201939,Stephen Curry,2024,6.99,0.178,6.812,1.893,0.375,1.518,1.438,1.127,0.311,3.481,0.143,3.338,0.603,0.167,0.436,-0.459,-0.383,-0.383,7.134,6.751,0.0,-0.459,-0.588,0.129,-0.459,-0.588,0.129,4.801,1.75,0.801,-0.115,0.916,-0.519,-0.004,-0.515,0.599,0.121,0.478,0.836,0.017,0.819,-0.104,-0.131,0.028,0.592,0.226,0.226,1.289,1.515,-0.0,0.592,0.165,0.427,0.592,0.165,0.427,2.253,0.125,7.791,0.063,7.728,1.373,0.37,1.003,2.038,1.248,0.79,4.317,0.16,4.157,0.499,0.036,0.463,0.133,-0.157,-0.157,8.266,0.001,0.133,-0.423,0.556,0.133,-0.423,0.556,7.054,1.875,6.751,1.515,8.267,108082,54166,53916
203954,Joel Embiid,2024,2.489,0.147,2.342,1.349,-0.185,1.534,-0.115,-0.269,0.154,1.108,-0.086,1.194,1.929,1.565,0.37,-0.518,-0.241,-0.241,3.9,3.659,-0.0,-0.518,0.092,-0.61,-0.518,0.092,-0.61,0.529,0.205,4.162,-0.237,4.399,1.554,0.357,1.197,1.315,0.403,0.912,1.53,0.008,1.522,0.511,0.672,-0.158,-0.964,0.412,0.412,3.709,4.121,0.0,-0.964,-0.418,-0.546,-0.964,-0.418,-0.546,2.665,0.975,6.654,-0.09,6.744,2.904,0.173,2.731,1.201,0.134,1.067,2.639,-0.077,2.716,2.44,2.238,0.212,-1.482,0.171,0.171,7.78,-0.0,-1.482,-0.326,-1.156,-1.482,-0.326,-1.156,3.194,1.18,3.659,4.121,7.78,62820,31530,31290
202695,Kawhi Leonard,2024,2.854,0.127,2.727,0.711,-0.344,1.055,0.521,-0.516,1.037,1.495,-0.048,1.543,0.796,0.201,0.597,1.05,0.164,0.164,4.7,4.864,0.0,1.05,0.682,0.368,1.05,0.682,0.368,0.935,-0.403,0.912,-0.227,1.139,0.198,0.005,0.193,0.654,0.216,0.438,0.287,0.032,0.255,0.224,0.239,-0.016,0.409,0.779,0.779,1.545,2.324,-0.0,0.409,0.169,0.24,0.409,0.169,0.24,1.031,0.098,3.766,-0.1,3.866,0.909,-0.339,1.248,1.176,-0.299,1.475,1.781,-0.017,1.798,1.02,0.44,0.581,1.459,0.943,0.943,7.188,-0.0,1.459,0.852,0.607,1.459,0.852,0.607,1.965,-0.305,4.864,2.324,7.188,77594,38834,38760
203999,Nikola Jokić,2024,5.321,0.343,4.978,1.78,0.216,1.564,2.333,-0.073,2.406,0.865,-0.028,0.893,0.523,0.195,0.332,-0.545,0.776,0.776,5.299,6.075,0.0,-0.545,-0.726,0.181,-0.545,-0.726,0.181,8.841,2.21,-1.063,-0.446,-0.617,-0.117,0.293,-0.41,0.264,0.254,0.01,-0.764,-0.019,-0.745,0.652,0.601,0.053,-0.404,1.854,1.854,-0.815,1.039,-0.0,-0.404,0.075,-0.479,-0.404,0.075,-0.479,-2.849,0.307,4.258,-0.103,4.361,1.663,0.509,1.154,2.597,0.181,2.416,0.101,-0.047,0.148,1.175,0.795,0.386,-0.949,2.63,2.63,7.114,0.0,-0.949,-0.651,-0.298,-0.949,-0.651,-0.298,5.992,2.517,6.075,1.039,7.114,93305,46794,46511
2544,LeBron James,2024,4.87,-0.029,4.899,3.181,0.504,2.677,0.572,0.749,-0.177,1.146,0.033,1.113,-0.042,-0.023,-0.022,0.122,-0.205,-0.205,4.95,4.745,0.0,0.122,-0.469,0.591,0.122,-0.469,0.591,3.645,1.875,1.014,-0.069,1.083,0.627,0.035,0.592,0.456,0.029,0.427,-0.0,-0.008,0.008,0.583,0.601,-0.016,0.062,0.484,0.484,1.659,2.143,0.0,0.062,0.017,0.045,0.062,0.017,0.045,-0.559,0.081,5.885,-0.098,5.983,3.808,0.539,3.269,1.029,0.778,0.251,1.146,0.025,1.121,0.542,0.578,-0.038,0.184,0.279,0.279,6.888,-0.001,0.184,-0.452,0.636,0.184,-0.452,0.636,3.086,1.956,4.745,2.143,6.887,98730,49374,49356
101108,Chris Paul,2024,3.135,-0.259,3.394,0.605,-0.497,1.102,1.971,-0.34,2.311,0.818,0.058,0.76,-0.143,-0.314,0.17,1.583,-0.825,-0.825,4.575,3.75,0.0,1.583,0.813,0.77,1.583,0.813,0.77,2.771,0.281,1.845,0.225,1.62,0.432,0.084,0.348,0.372,0.217,0.155,0.816,-0.001,0.817,0.257,0.252,0.008,0.574,0.378,0.378,2.676,3.054,0.0,0.574,0.232,0.342,0.574,0.232,0.342,1.85,0.46,4.979,-0.034,5.013,1.038,-0.412,1.45,2.342,-0.124,2.466,1.633,0.057,1.576,0.115,-0.062,0.178,2.157,-0.447,-0.447,6.804,0.0,2.157,1.045,1.112,2.157,1.045,1.112,4.621,0.741,3.75,3.054,6.804,90858,45550,45308
1628369,Jayson Tatum,2024,2.056,0.033,2.023,0.291,-0.001,0.292,0.387,0.284,0.103,1.345,-0.055,1.4,0.726,0.224,0.502,0.939,0.688,0.688,3.721,4.409,0.0,0.939,0.414,0.525,0.939,0.414,0.525,0.174,-0.05,1.161,-0.104,1.265,0.23,0.004,0.226,0.238,-0.039,0.277,0.797,0.029,0.768,0.291,0.255,0.043,0.008,0.212,0.212,1.46,1.672,0.0,0.008,0.163,-0.155,0.008,0.163,-0.155,1.994,0.124,3.218,-0.071,3.289,0.521,0.003,0.518,0.626,0.245,0.381,2.142,-0.026,2.168,1.018,0.478,0.545,0.947,0.9,0.9,6.081,0.0,0.947,0.577,0.37,0.947,0.577,0.37,2.168,0.074,4.409,1.672,6.081,86796,43444,43352
203110,Draymond Green,2024,2.555,-0.007,2.562,1.864,0.244,1.62,0.069,0.523,-0.454,0.629,0.087,0.542,0.032,-0.193,0.225,-0.12,-0.805,-0.805,2.467,1.662,0.0,-0.12,-0.762,0.642,-0.12,-0.762,0.642,7.199,1.929,2.877,0.005,2.872,1.531,0.373,1.158,1.038,0.233,0.805,0.303,-0.015,0.318,0.457,0.362,0.095,0.391,0.521,0.521,3.725,4.246,0.0,0.391,0.275,0.116,0.391,0.275,0.116,0.38,0.914,5.432,-0.002,5.434,3.395,0.617,2.778,1.107,0.756,0.351,0.932,0.072,0.86,0.489,0.169,0.32,0.271,-0.284,-0.284,5.908,0.001,0.271,-0.487,0.758,0.271,-0.487,0.758,7.579,2.842,1.662,4.246,5.909,100190,50113,50077
201142,Kevin Durant,2024,4.914,0.134,4.78,1.365,-0.275,1.64,1.868,-0.522,2.39,1.547,-0.033,1.58,1.286,0.397,0.89,-0.217,-1.15,-1.15,5.983,4.833,0.0,-0.217,-0.426,0.209,-0.217,-0.426,0.209,3.14,0.481,1.578,-0.245,1.823,0.449,-0.036,0.485,0.397,-0.048,0.445,0.977,-0.018,0.995,0.086,0.204,-0.118,-0.36,-0.47,-0.47,1.304,0.834,-0.0,-0.36,-0.218,-0.142,-0.36,-0.218,-0.142,1.83,0.43,6.492,-0.111,6.603,1.813,-0.312,2.125,2.266,-0.569,2.835,2.524,-0.051,2.575,1.371,0.601,0.772,-0.577,-1.62,-1.62,5.667,-0.0,-0.577,-0.644,0.067,-0.577,-0.644,0.067,4.969,0.911,4.833,0.834,5.667,89595,44883,44712
1630532,Franz Wagner,2024,1.738,0.105,1.633,1.608,0.607,1.001,1.154,0.584,0.57,-1.129,-0.003,-1.126,0.689,0.355,0.325,0.409,-0.009,-0.009,2.836,2.827,0.0,0.409,0.282,0.127,0.409,0.282,0.127,1.232,1.514,1.448,-0.012,1.46,0.628,0.025,0.603,0.122,0.027,0.095,0.71,0.014,0.696,0.08,0.323,-0.241,0.267,0.799,0.799,1.795,2.594,0.0,0.267,-0.01,0.277,0.267,-0.01,0.277,2.406,0.425,3.185,0.093,3.092,2.235,0.632,1.603,1.276,0.611,0.665,-0.419,0.011,-0.43,0.768,0.678,0.085,0.676,0.79,0.79,5.421,0.0,0.676,0.271,0.405,0.676,0.271,0.405,3.638,1.939,2.827,2.594,5.421,31350,15659,15691
202710,Jimmy Butler III,2024,0.677,0.098,0.579,0.356,-0.021,0.377,0.103,-0.294,0.397,0.12,-0.071,0.191,1.588,0.974,0.61,0.963,0.726,0.726,3.228,3.954,0.0,0.963,0.394,0.569,0.963,0.394,0.569,-0.081,0.092,0.097,-0.095,0.192,-0.018,-0.065,0.047,-0.229,0.058,-0.287,0.439,0.01,0.429,0.128,0.059,0.068,0.753,0.47,0.47,0.978,1.448,0.0,0.753,0.593,0.16,0.753,0.593,0.16,1.523,0.089,0.774,0.003,0.771,0.338,-0.087,0.425,-0.125,-0.236,0.111,0.558,-0.061,0.619,1.716,1.033,0.678,1.716,1.196,1.196,5.402,0.0,1.716,0.987,0.729,1.716,0.987,0.729,1.442,0.181,3.954,1.448,5.402,99962,49984,49978
202331,Paul George,2024,2.99,0.308,2.682,0.327,-0.132,0.459,0.626,0.195,0.431,1.729,0.01,1.719,0.262,-0.162,0.42,0.303,-0.74,-0.74,3.555,2.815,-0.0,0.303,-0.254,0.557,0.303,-0.254,0.557,1.412,-0.122,0.073,-0.185,0.258,0.446,0.151,0.295,0.235,-0.097,0.332,-0.423,-0.021,-0.402,0.223,0.254,-0.031,1.278,0.847,0.847,1.574,2.421,-0.0,1.278,0.743,0.535,1.278,0.743,0.535,0.796,0.491,3.063,0.123,2.94,0.772,0.019,0.753,0.861,0.098,0.763,1.307,-0.01,1.317,0.484,0.092,0.389,1.581,0.107,0.107,5.236,-0.0,1.581,0.49,1.091,1.581,0.49,1.091,2.209,0.369,2.815,2.421,5.236,89520,44838,44682
203507,Giannis Antetokounmpo,2024,2.2,0.161,2.039,2.551,0.553,1.998,-0.147,0.638,-0.785,-0.365,-0.051,-0.314,0.201,1.193,-0.999,0.091,-0.181,-0.181,2.492,2.311,-0.0,0.091,0.532,-0.441,0.091,0.532,-0.441,1.366,1.485,1.618,-0.037,1.655,1.396,0.03,1.366,-0.136,-0.09,-0.046,0.395,-0.03,0.425,0.223,0.313,-0.089,0.309,0.629,0.629,2.15,2.779,-0.0,0.309,0.424,-0.115,0.309,0.424,-0.115,0.816,0.671,3.816,0.124,3.692,3.946,0.582,3.364,-0.284,0.547,-0.831,0.03,-0.081,0.111,0.424,1.506,-1.088,0.4,0.449,0.449,5.09,-0.0,0.4,0.957,-0.557,0.4,0.957,-0.557,2.181,2.156,2.311,2.779,5.09,104677,52502,52175
201950,Jrue Holiday,2024,2.829,0.197,2.632,0.91,0.326,0.584,0.822,0.458,0.364,0.9,0.011,0.889,-0.263,-0.176,-0.092,0.598,0.15,0.15,3.164,3.314,0.0,0.598,0.005,0.593,0.598,0.005,0.593,0.521,0.871,0.672,-0.146,0.818,0.383,0.136,0.247,0.385,-0.03,0.415,0.05,-0.022,0.072,0.531,0.51,0.021,0.352,0.125,0.125,1.555,1.68,-0.0,0.352,0.022,0.33,0.352,0.022,0.33,0.504,0.408,3.5,0.051,3.449,1.293,0.462,0.831,1.207,0.428,0.779,0.949,-0.011,0.96,0.268,0.334,-0.071,0.95,0.274,0.274,4.994,0.0,0.95,0.026,0.924,0.95,0.026,0.924,1.024,1.278,3.314,1.68,4.994,97141,48653,48488
202681,Kyrie Irving,2024,3.622,0.022,3.6,0.442,0.0,0.442,1.401,-0.079,1.48,1.757,0.035,1.722,-0.011,-0.345,0.332,1.413,0.158,0.158,5.024,5.182,0.0,1.413,0.704,0.709,1.413,0.704,0.709,1.387,-0.08,-0.16,-0.026,-0.134,0.246,-0.019,0.265,-0.025,0.087,-0.112,-0.355,-0.004,-0.351,-0.087,-0.073,-0.014,0.033,-0.123,-0.123,-0.214,-0.337,-0.0,0.033,0.164,-0.131,0.033,0.164,-0.131,-0.868,0.031,3.462,-0.004,3.466,0.689,-0.018,0.707,1.375,0.007,1.368,1.402,0.031,1.371,-0.098,-0.418,0.318,1.446,0.034,0.034,4.845,-0.0,1.446,0.868,0.578,1.446,0.868,0.578,0.518,-0.049,5.182,-0.337,4.845,87597,43884,43713
203497,Rudy Gobert,2024,0.602,0.006,0.596,0.985,0.193,0.792,-0.786,0.214,-1.0,0.397,0.031,0.366,-0.431,0.285,-0.715,-1.595,1.59,1.59,-1.424,0.166,-0.0,-1.595,-1.111,-0.484,-1.595,-1.111,-0.484,-0.589,1.068,3.846,0.016,3.83,1.863,0.431,1.432,1.798,0.783,1.015,0.169,0.029,0.14,0.872,0.98,-0.109,-0.963,0.915,0.915,3.755,4.67,0.0,-0.963,-0.377,-0.586,-0.963,-0.377,-0.586,2.115,1.463,4.447,0.022,4.425,2.848,0.624,2.224,1.012,0.997,0.015,0.565,0.06,0.505,0.441,1.265,-0.824,-2.559,2.504,2.504,4.836,0.0,-2.559,-1.488,-1.071,-2.559,-1.488,-1.071,1.526,2.532,0.166,4.67,4.836,96820,48396,48424
1630631,Jose Alvarado,2024,0.9,0.124,0.776,0.525,0.053,0.472,0.763,0.267,0.496,-0.512,0.005,-0.517,0.253,0.48,-0.229,0.487,0.56,0.56,1.64,2.2,0.0,0.487,0.583,-0.096,0.487,0.583,-0.096,0.848,0.142,0.649,0.006,0.643,0.202,0.062,0.14,0.058,-0.112,0.17,0.383,0.003,0.38,-0.484,-0.31,-0.173,1.37,0.699,0.699,1.535,2.234,0.0,1.37,0.545,0.825,1.37,0.545,0.825,1.847,0.332,1.548,0.13,1.418,0.726,0.115,0.611,0.821,0.155,0.666,-0.129,0.008,-0.137,-0.231,0.17,-0.402,1.857,1.258,1.258,4.434,0.0,1.857,1.128,0.729,1.857,1.128,0.729,2.694,0.475,2.2,2.234,4.434,13668,6815,6853
1628401,Derrick White,2024,1.963,0.205,1.758,0.57,-0.012,0.582,0.824,0.219,0.605,0.364,-0.042,0.406,0.582,0.227,0.349,0.99,-1.297,-1.297,3.535,2.238,-0.0,0.99,0.45,0.54,0.99,0.45,0.54,1.719,0.314,1.964,-0.114,2.078,1.226,0.099,1.127,0.216,0.166,0.05,0.636,0.004,0.632,0.353,0.409,-0.053,0.008,-0.201,-0.201,2.325,2.124,0.0,0.008,-0.556,0.564,0.008,-0.556,0.564,1.432,0.629,3.926,0.091,3.835,1.796,0.087,1.709,1.039,0.385,0.654,1.0,-0.038,1.038,0.935,0.636,0.297,0.998,-1.498,-1.498,4.362,0.0,0.998,-0.106,1.104,0.998,-0.106,1.104,3.151,0.944,2.238,2.124,4.362,55386,27679,27707
203081,Damian Lillard,2024,2.847,0.155,2.692,0.697,0.236,0.461,1.219,0.903,0.316,0.776,0.083,0.693,1.761,0.602,1.151,0.952,-0.194,-0.194,5.56,5.366,0.0,0.952,-0.081,1.033,0.952,-0.081,1.033,-1.069,-0.022,-0.457,-0.207,-0.25,-0.364,-0.049,-0.315,0.071,0.218,-0.147,0.043,0.045,-0.002,-0.117,-0.129,0.009,-0.441,-0.045,-0.045,-1.015,-1.06,0.0,-0.441,-0.575,0.134,-0.441,-0.575,0.134,1.419,-0.126,2.388,-0.052,2.44,0.332,0.186,0.146,1.29,1.121,0.169,0.818,0.127,0.691,1.645,0.473,1.16,0.511,-0.24,-0.24,4.306,0.0,0.511,-0.657,1.168,0.511,-0.657,1.168,0.35,-0.148,5.366,-1.06,4.306,110936,55546,55390
1631096,Chet Holmgren,2024,2.466,-0.082,2.548,0.902,-0.119,1.021,0.842,-0.118,0.96,0.804,-0.035,0.839,-0.042,-0.177,0.131,0.004,-0.23,-0.23,2.428,2.198,-0.0,0.004,-0.055,0.059,0.004,-0.055,0.059,2.067,0.806,2.398,0.08,2.318,1.563,0.158,1.405,0.721,0.03,0.691,0.034,0.006,0.028,0.244,0.233,0.009,-0.182,-0.416,-0.416,2.46,2.044,-0.0,-0.182,-0.227,0.045,-0.182,-0.227,0.045,0.511,0.868,4.862,-0.002,4.864,2.465,0.039,2.426,1.563,-0.088,1.651,0.836,-0.03,0.866,0.202,0.057,0.141,-0.178,-0.646,-0.646,4.242,-0.0,-0.178,-0.282,0.104,-0.178,-0.282,0.104,2.578,1.674,2.198,2.044,4.242,11606,5823,5783
203490,Otto Porter Jr.,2024,1.494,-0.061,1.555,0.162,-0.153,0.315,0.375,-0.167,0.542,1.018,-0.024,1.042,0.193,0.116,0.075,0.586,0.569,0.569,2.273,2.842,0.0,0.586,0.307,0.279,0.586,0.307,0.279,2.221,-0.122,0.067,0.007,0.06,-0.181,-0.003,-0.178,0.039,-0.085,0.124,0.202,-0.003,0.205,0.024,-0.095,0.117,1.038,0.252,0.252,1.129,1.381,0.0,1.038,0.573,0.465,1.038,0.573,0.465,1.07,0.347,1.561,-0.054,1.615,-0.019,-0.156,0.137,0.414,-0.252,0.666,1.22,-0.027,1.247,0.218,0.022,0.192,1.624,0.821,0.821,4.223,-0.001,1.624,0.88,0.744,1.624,0.88,0.744,3.291,0.224,2.842,1.381,4.222,57003,28481,28522
1627936,Alex Caruso,2024,-0.995,0.114,-1.109,-0.179,0.046,-0.225,-0.137,0.381,-0.518,-0.793,-0.009,-0.784,0.52,0.575,-0.061,0.258,0.037,0.037,-0.217,-0.18,-0.0,0.258,0.042,0.216,0.258,0.042,0.216,-0.761,0.44,1.845,-0.005,1.85,0.86,0.202,0.658,0.308,-0.186,0.494,0.682,0.01,0.672,-0.275,-0.41,0.135,2.106,0.614,0.614,3.676,4.29,0.0,2.106,1.018,1.088,2.106,1.018,1.088,2.934,0.851,0.849,0.109,0.74,0.68,0.248,0.432,0.172,0.195,-0.023,-0.112,0.001,-0.113,0.245,0.165,0.074,2.364,0.651,0.651,4.11,0.0,2.364,1.06,1.304,2.364,1.06,1.304,2.173,1.292,-0.18,4.29,4.11,36632,18331,18301
201935,James Harden,2024,3.764,0.172,3.592,1.34,0.209,1.131,1.722,1.128,0.594,0.53,0.121,0.409,1.821,0.797,1.03,0.101,-0.67,-0.67,5.686,5.016,0.0,0.101,-0.135,0.236,0.101,-0.135,0.236,0.966,1.022,-1.083,-0.213,-0.87,-0.779,-0.128,-0.651,-0.286,-0.239,-0.047,0.195,-0.022,0.217,0.152,0.148,-0.001,0.145,-0.145,-0.145,-0.786,-0.931,-0.0,0.145,0.289,-0.144,0.145,0.289,-0.144,-1.225,-0.587,2.68,-0.041,2.721,0.561,0.081,0.48,1.436,0.889,0.547,0.724,0.098,0.626,1.973,0.945,1.029,0.246,-0.815,-0.815,4.085,0.0,0.246,0.154,0.092,0.246,0.154,0.092,-0.26,0.435,5.016,-0.931,4.085,124807,62431,62376
1630529,Herbert Jones,2024,0.881,0.352,0.529,0.526,0.314,0.212,0.684,0.181,0.503,-0.681,0.001,-0.682,0.695,0.428,0.26,0.951,-0.486,-0.486,2.527,2.041,-0.0,0.951,0.731,0.22,0.951,0.731,0.22,1.293,0.852,0.281,-0.243,0.524,0.328,0.223,0.105,0.018,-0.078,0.096,0.178,0.002,0.176,-0.026,-0.119,0.096,1.022,0.599,0.599,1.277,1.876,-0.0,1.022,0.887,0.135,1.022,0.887,0.135,0.283,0.412,1.164,0.109,1.055,0.855,0.537,0.318,0.702,0.103,0.599,-0.502,0.004,-0.506,0.668,0.308,0.355,1.974,0.113,0.113,3.917,-0.0,1.974,1.618,0.356,1.974,1.618,0.356,1.577,1.264,2.041,1.876,3.917,28270,14117,14153
1626157,Karl-Anthony Towns,2024,3.002,0.055,2.947,0.999,-0.007,1.006,0.932,0.028,0.904,1.016,-0.034,1.05,0.794,0.42,0.368,-0.17,1.15,1.15,3.626,4.776,0.0,-0.17,0.168,-0.338,-0.17,0.168,-0.338,3.345,0.707,-0.72,-0.217,-0.503,-0.151,-0.063,-0.088,0.348,-0.075,0.423,-0.7,0.017,-0.717,0.254,0.314,-0.058,-0.604,0.163,0.163,-1.07,-0.907,-0.0,-0.604,-0.344,-0.26,-0.604,-0.344,-0.26,-2.182,-0.558,2.281,-0.162,2.443,0.847,-0.07,0.917,1.28,-0.047,1.327,0.316,-0.017,0.333,1.047,0.734,0.31,-0.774,1.313,1.313,3.869,0.0,-0.774,-0.176,-0.598,-0.774,-0.176,-0.598,1.163,0.149,4.776,-0.907,3.869,77873,38934,38939
1629029,Luka Doncic,2024,4.713,0.382,4.331,1.649,-0.201,1.85,1.632,0.491,1.141,1.05,-0.007,1.057,0.532,0.958,-0.431,-0.284,-0.491,-0.491,4.961,4.47,-0.0,-0.284,-0.615,0.331,-0.284,-0.615,0.331,-2.996,0.194,-0.515,-0.309,-0.206,-0.541,-0.039,-0.502,-0.034,-0.05,0.016,0.369,0.016,0.353,0.061,0.165,-0.101,-0.451,0.246,0.246,-0.905,-0.659,0.0,-0.451,0.047,-0.498,-0.451,0.047,-0.498,-0.364,-0.244,4.195,0.073,4.122,1.106,-0.241,1.347,1.598,0.442,1.156,1.418,0.009,1.409,0.593,1.123,-0.532,-0.734,-0.245,-0.245,3.811,-0.0,-0.734,-0.568,-0.166,-0.734,-0.568,-0.166,-3.36,-0.049,4.47,-0.659,3.811,63703,31916,31787
201144,Mike Conley,2024,0.486,-0.257,0.743,-0.483,-0.153,-0.33,0.257,0.0,0.257,0.969,-0.009,0.978,0.52,0.037,0.48,1.161,0.338,0.338,2.167,2.505,0.0,1.161,0.674,0.487,1.161,0.674,0.487,1.69,-0.033,0.524,0.091,0.433,0.388,0.111,0.277,-0.023,0.124,-0.147,0.068,-0.019,0.087,0.172,0.248,-0.077,0.569,-0.14,-0.14,1.265,1.125,0.0,0.569,0.043,0.526,0.569,0.043,0.526,1.237,0.37,1.01,-0.166,1.176,-0.095,-0.042,-0.053,0.235,0.125,0.11,1.036,-0.028,1.064,0.692,0.285,0.403,1.73,0.198,0.198,3.63,0.001,1.73,0.716,1.014,1.73,0.716,1.014,2.927,0.337,2.505,1.125,3.631,76860,38492,38368
203076,Anthony Davis,2024,-0.109,0.155,-0.264,1.162,0.195,0.967,-0.852,-0.499,-0.353,-0.574,-0.09,-0.484,0.608,0.39,0.212,0.126,0.058,0.058,0.625,0.683,0.0,0.126,-0.24,0.366,0.126,-0.24,0.366,1.335,1.304,1.342,-0.144,1.486,0.066,0.014,0.052,0.976,0.125,0.851,0.444,0.012,0.432,0.028,0.152,-0.122,0.358,1.204,1.204,1.728,2.932,-0.0,0.358,0.421,-0.063,0.358,0.421,-0.063,1.125,0.198,1.231,0.011,1.22,1.227,0.209,1.018,0.124,-0.374,0.498,-0.131,-0.079,-0.052,0.637,0.542,0.09,0.485,1.261,1.261,3.615,-0.001,0.485,0.181,0.304,0.485,0.181,0.304,2.46,1.503,0.683,2.932,3.614,94324,47210,47114
1627832,Fred VanVleet,2024,0.108,0.187,-0.079,-0.322,0.025,-0.347,-0.083,0.508,-0.591,0.326,0.038,0.288,0.473,0.123,0.349,0.761,0.154,0.154,1.342,1.496,0.0,0.761,0.673,0.088,0.761,0.673,0.088,0.074,-0.467,1.234,-0.079,1.313,0.796,0.09,0.706,-0.154,0.007,-0.161,0.671,-0.001,0.672,-0.234,-0.33,0.101,1.02,0.081,0.081,2.02,2.101,0.0,1.02,-0.012,1.032,1.02,-0.012,1.032,1.844,0.561,1.343,0.108,1.235,0.475,0.116,0.359,-0.237,0.515,-0.752,0.997,0.037,0.96,0.24,-0.208,0.449,1.781,0.235,0.235,3.597,0.001,1.781,0.661,1.12,1.781,0.661,1.12,1.918,0.094,1.496,2.101,3.598,66165,33104,33061
1628973,Jalen Brunson,2024,1.41,0.132,1.278,0.011,-0.235,0.246,1.06,-0.418,1.478,0.207,-0.02,0.227,0.573,0.178,0.391,1.497,0.464,0.464,3.48,3.944,0.0,1.497,0.758,0.739,1.497,0.758,0.739,-0.112,-0.582,-0.57,-0.143,-0.427,-0.163,0.025,-0.188,-0.089,0.098,-0.187,-0.175,0.019,-0.194,0.079,-0.004,0.086,0.016,0.04,0.04,-0.475,-0.435,-0.0,0.016,-0.117,0.133,0.016,-0.117,0.133,-0.176,-0.13,0.839,-0.011,0.85,-0.152,-0.21,0.058,0.971,-0.321,1.292,0.031,-0.002,0.033,0.653,0.174,0.478,1.514,0.504,0.504,3.509,0.0,1.514,0.641,0.873,1.514,0.641,0.873,-0.288,-0.712,3.944,-0.435,3.509,53895,26986,26909
1630193,Immanuel Quickley,2024,-0.256,-0.025,-0.231,-0.289,-0.197,-0.092,0.618,0.127,0.491,-0.56,0.013,-0.573,0.752,0.463,0.287,0.386,-0.065,-0.065,0.882,0.817,0.0,0.386,0.809,-0.423,0.386,0.809,-0.423,-2.634,-0.567,2.703,-0.03,2.733,0.986,0.217,0.769,0.834,0.003,0.831,0.913,0.009,0.904,-0.048,-0.059,0.014,0.152,-0.12,-0.12,2.807,2.687,0.0,0.152,0.1,0.052,0.152,0.1,0.052,1.499,0.774,2.447,-0.055,2.502,0.697,0.02,0.677,1.452,0.13,1.322,0.353,0.022,0.331,0.704,0.403,0.301,0.538,-0.185,-0.185,3.504,0.0,0.538,0.909,-0.371,0.538,0.909,-0.371,-1.136,0.207,0.817,2.687,3.504,30199,15115,15084
1641726,Dereck Lively II,2024,1.974,0.566,1.408,0.814,-0.083,0.897,-0.658,-0.275,-0.383,1.252,-0.052,1.304,-0.599,-0.099,-0.501,0.515,1.186,1.186,1.89,3.076,0.0,0.515,0.167,0.348,0.515,0.167,0.348,2.603,1.151,-0.41,-0.193,-0.217,0.867,0.19,0.677,0.01,0.02,-0.01,-1.094,0.014,-1.108,0.214,0.353,-0.14,-0.211,0.828,0.828,-0.407,0.421,0.0,-0.211,0.074,-0.285,-0.211,0.074,-0.285,-2.056,0.22,1.565,0.373,1.192,1.682,0.107,1.575,-0.648,-0.255,-0.393,0.158,-0.038,0.196,-0.386,0.254,-0.641,0.304,2.013,2.013,3.497,0.0,0.304,0.241,0.063,0.304,0.241,0.063,0.547,1.371,3.076,0.421,3.497,7145,3573,3572
203994,Jusuf Nurkic,2024,0.942,0.136,0.806,0.616,0.171,0.445,-0.281,-0.416,0.135,0.471,-0.115,0.586,-0.487,-0.115,-0.377,-0.602,0.164,0.164,-0.147,0.017,0.0,-0.602,-0.504,-0.098,-0.602,-0.504,-0.098,2.144,1.163,1.855,-0.126,1.981,0.874,0.048,0.826,0.971,0.276,0.695,0.136,0.004,0.132,0.575,0.663,-0.089,-0.201,1.15,1.15,2.229,3.379,0.0,-0.201,0.097,-0.298,-0.201,0.097,-0.298,0.602,0.587,2.798,0.01,2.788,1.49,0.219,1.271,0.691,-0.139,0.83,0.607,-0.111,0.718,0.088,0.548,-0.466,-0.803,1.314,1.314,3.396,-0.001,-0.803,-0.407,-0.396,-0.803,-0.407,-0.396,2.746,1.75,0.017,3.379,3.395,54871,27409,27462
203500,Steven Adams,2024,0.328,0.072,0.256,0.303,-0.007,0.31,-0.145,-0.487,0.342,0.098,-0.037,0.135,-0.472,0.167,-0.64,-0.38,2.44,2.44,-0.524,1.916,0.0,-0.38,-0.321,-0.059,-0.38,-0.321,-0.059,-0.85,-0.008,0.436,-0.007,0.443,0.336,-0.036,0.372,0.52,0.115,0.405,-0.413,-0.023,-0.39,0.751,0.736,0.012,-0.465,0.733,0.733,0.722,1.455,0.0,-0.465,0.031,-0.496,-0.465,0.031,-0.496,-1.204,0.092,0.765,0.065,0.7,0.639,-0.043,0.682,0.376,-0.371,0.747,-0.315,-0.06,-0.255,0.279,0.903,-0.627,-0.845,3.172,3.172,3.371,0.001,-0.845,-0.29,-0.555,-0.845,-0.29,-0.555,-2.054,0.083,1.916,1.455,3.372,77531,38847,38684
203114,Khris Middleton,2024,2.195,0.123,2.072,0.63,-0.15,0.78,0.625,-0.449,1.074,0.817,-0.042,0.859,0.349,-0.125,0.472,0.548,-0.312,-0.312,3.092,2.78,0.0,0.548,0.147,0.401,0.548,0.147,0.401,0.98,0.23,-0.106,-0.133,0.027,0.455,-0.003,0.458,-0.118,-0.057,-0.061,-0.31,-0.003,-0.307,0.111,0.133,-0.025,0.531,0.041,0.041,0.536,0.577,-0.0,0.531,0.49,0.041,0.531,0.49,0.041,-0.24,0.408,2.09,-0.01,2.1,1.085,-0.153,1.238,0.508,-0.505,1.013,0.507,-0.045,0.552,0.46,0.008,0.448,1.078,-0.271,-0.271,3.357,0.0,1.078,0.637,0.441,1.078,0.637,0.441,0.741,0.638,2.78,0.577,3.357,91773,45981,45792
1630217,Desmond Bane,2024,1.561,0.122,1.439,-0.803,-0.017,-0.786,0.259,0.168,0.091,1.983,-0.0,1.983,-0.001,-0.405,0.397,0.376,0.834,0.834,1.936,2.77,0.0,0.376,0.372,0.004,0.376,0.372,0.004,1.219,-0.583,0.287,-0.041,0.328,0.336,0.138,0.198,-0.094,0.091,-0.185,0.086,0.02,0.066,-0.113,0.114,-0.226,0.085,0.311,0.311,0.259,0.57,-0.0,0.085,0.326,-0.241,0.085,0.326,-0.241,0.222,0.124,1.846,0.081,1.765,-0.468,0.12,-0.588,0.164,0.259,-0.095,2.069,0.02,2.049,-0.114,-0.291,0.171,0.461,1.145,1.145,3.34,0.0,0.461,0.697,-0.236,0.461,0.697,-0.236,1.442,-0.459,2.77,0.57,3.34,32287,16183,16104
203991,Clint Capela,2024,-0.352,0.162,-0.514,-0.152,0.102,-0.254,0.084,-0.078,0.162,-0.446,-0.026,-0.42,-0.866,-0.189,-0.675,-0.025,2.018,2.018,-1.243,0.775,0.0,-0.025,-0.35,0.325,-0.025,-0.35,0.325,-0.291,1.003,1.109,-0.213,1.322,0.773,0.014,0.759,0.599,0.183,0.416,-0.05,-0.003,-0.047,0.976,1.026,-0.049,-0.271,0.724,0.724,1.814,2.538,-0.0,-0.271,-0.047,-0.224,-0.271,-0.047,-0.224,-0.424,0.35,0.758,-0.051,0.809,0.621,0.116,0.505,0.683,0.106,0.577,-0.495,-0.029,-0.466,0.11,0.837,-0.725,-0.297,2.742,2.742,3.313,0.0,-0.297,-0.397,0.1,-0.297,-0.397,0.1,-0.715,1.353,0.775,2.538,3.313,73361,36615,36746
1628392,Isaiah Hartenstein,2024,0.519,0.185,0.334,0.178,0.087,0.091,0.713,-0.098,0.811,-0.557,-0.029,-0.528,0.15,-0.089,0.235,-0.017,1.716,1.716,0.652,2.368,0.0,-0.017,-0.417,0.4,-0.017,-0.417,0.4,1.447,1.002,0.498,-0.101,0.599,1.266,0.039,1.227,-0.224,-0.042,-0.182,-0.443,0.002,-0.445,0.186,0.076,0.112,0.461,-0.287,-0.287,1.145,0.858,-0.0,0.461,0.511,-0.05,0.461,0.511,-0.05,-0.483,0.282,1.017,0.084,0.933,1.444,0.126,1.318,0.489,-0.14,0.629,-1.0,-0.027,-0.973,0.336,-0.013,0.347,0.444,1.429,1.429,3.226,-0.001,0.444,0.094,0.35,0.444,0.094,0.35,0.963,1.284,2.368,0.858,3.225,26269,13143,13126
201980,Danny Green,2024,1.238,-0.042,1.28,-0.259,-0.215,-0.044,1.017,-0.069,1.086,0.522,0.027,0.495,-0.011,-0.069,0.061,0.012,0.379,0.379,1.239,1.618,0.0,0.012,-0.123,0.135,0.012,-0.123,0.135,0.878,-0.708,0.491,0.014,0.477,0.531,-0.002,0.533,-0.039,0.035,-0.074,-0.015,-0.01,-0.005,0.227,0.257,-0.032,0.553,0.312,0.312,1.271,1.583,0.0,0.553,0.444,0.109,0.553,0.444,0.109,0.098,0.381,1.73,-0.028,1.758,0.272,-0.217,0.489,0.978,-0.034,1.012,0.508,0.018,0.49,0.217,0.188,0.029,0.565,0.691,0.691,3.201,0.001,0.565,0.322,0.243,0.565,0.322,0.243,0.976,-0.327,1.618,1.583,3.202,71380,35742,35638
1627750,Jamal Murray,2024,2.036,0.028,2.008,0.118,-0.233,0.351,0.52,-0.111,0.631,1.37,0.002,1.368,0.171,-0.218,0.394,0.568,0.084,0.084,2.775,2.859,0.0,0.568,0.376,0.192,0.568,0.376,0.192,0.219,-0.366,0.055,-0.054,0.109,-0.754,-0.062,-0.692,0.407,-0.049,0.456,0.456,0.024,0.432,-0.01,0.119,-0.126,-0.08,0.375,0.375,-0.035,0.34,0.0,-0.08,-0.061,-0.019,-0.08,-0.061,-0.019,0.68,-0.49,2.092,-0.026,2.118,-0.636,-0.295,-0.341,0.927,-0.16,1.087,1.827,0.027,1.8,0.161,-0.1,0.268,0.488,0.459,0.459,3.199,0.0,0.488,0.315,0.173,0.488,0.315,0.173,0.9,-0.857,2.859,0.34,3.199,66311,33199,33112
201933,Blake Griffin,2024,1.52,0.17,1.35,0.349,-0.009,0.358,0.489,0.15,0.339,0.512,0.011,0.501,0.419,0.374,0.049,0.332,-0.209,-0.209,2.271,2.062,0.0,0.332,0.152,0.18,0.332,0.152,0.18,1.229,-0.033,-0.07,0.056,-0.126,-0.444,0.033,-0.477,-0.095,0.021,-0.116,0.413,-0.015,0.428,0.092,0.045,0.044,0.173,0.934,0.934,0.195,1.129,0.0,0.173,-0.304,0.477,0.173,-0.304,0.477,0.858,-0.039,1.45,0.226,1.224,-0.095,0.024,-0.119,0.394,0.171,0.223,0.925,-0.004,0.929,0.511,0.42,0.093,0.506,0.725,0.725,3.191,0.001,0.506,-0.152,0.658,0.506,-0.152,0.658,2.087,-0.073,2.062,1.129,3.192,56926,28542,28384
1938,Manu Ginobili,2024,1.757,-0.248,2.005,0.629,0.385,0.244,0.685,0.687,-0.002,0.691,0.086,0.605,0.506,0.854,-0.346,-0.811,0.411,0.411,1.452,1.863,0.0,-0.811,-1.173,0.362,-0.811,-1.173,0.362,2.655,0.921,1.012,0.237,0.775,0.173,0.028,0.145,-0.207,0.027,-0.234,0.809,0.017,0.792,-0.358,-0.482,0.12,0.987,-0.332,-0.332,1.641,1.309,0.0,0.987,0.09,0.897,0.987,0.09,0.897,2.084,0.225,2.767,-0.011,2.778,0.802,0.413,0.389,0.476,0.713,-0.237,1.5,0.103,1.397,0.148,0.373,-0.226,0.176,0.079,0.079,3.172,0.0,0.176,-1.083,1.259,0.176,-1.083,1.259,4.738,1.146,1.863,1.309,3.172,28539,14294,14245
1628371,Jonathan Isaac,2024,-0.798,-0.03,-0.768,0.034,-0.109,0.143,-0.656,-0.301,-0.355,-0.146,-0.049,-0.097,-0.068,-0.161,0.094,0.255,0.699,0.699,-0.611,0.088,0.0,0.255,0.129,0.126,0.255,0.129,0.126,-0.988,0.07,1.458,-0.21,1.668,1.548,0.176,1.372,0.167,0.188,-0.021,-0.047,0.001,-0.048,0.072,0.155,-0.084,0.767,0.684,0.684,2.297,2.981,-0.0,0.767,0.314,0.453,0.767,0.314,0.453,2.181,1.104,0.661,-0.24,0.901,1.583,0.068,1.515,-0.489,-0.113,-0.376,-0.193,-0.048,-0.145,0.004,-0.006,0.01,1.022,1.383,1.383,3.069,0.001,1.022,0.443,0.579,1.022,0.443,0.579,1.192,1.174,0.088,2.981,3.07,19216,9594,9622
202689,Kemba Walker,2024,1.312,-0.007,1.319,-0.275,-0.018,-0.257,0.888,0.263,0.625,0.706,0.072,0.634,0.35,-0.147,0.501,1.41,-0.298,-0.298,3.072,2.774,0.0,1.41,0.72,0.69,1.41,0.72,0.69,-0.684,-0.64,-0.225,-0.035,-0.19,0.551,0.124,0.427,0.027,0.069,-0.042,-0.768,-0.041,-0.727,0.344,0.347,-0.004,0.099,0.074,0.074,0.218,0.292,0.0,0.099,-0.111,0.21,0.099,-0.111,0.21,-1.729,0.392,1.088,-0.042,1.13,0.276,0.106,0.17,0.915,0.332,0.583,-0.061,0.031,-0.092,0.694,0.199,0.497,1.509,-0.224,-0.224,3.066,0.0,1.509,0.609,0.9,1.509,0.609,0.9,-2.413,-0.248,2.774,0.292,3.066,74348,37169,37179
202703,Nikola Mirotic,2024,0.648,-0.188,0.836,0.461,0.004,0.457,0.086,0.373,-0.287,0.289,0.104,0.185,0.516,0.412,0.107,-0.084,0.511,0.511,1.08,1.591,-0.0,-0.084,-0.215,0.131,-0.084,-0.215,0.131,1.555,0.197,1.557,0.288,1.269,-0.061,-0.249,0.188,0.447,0.042,0.405,0.883,0.027,0.856,0.311,0.213,0.094,-0.318,-0.137,-0.137,1.55,1.413,0.0,-0.318,0.004,-0.322,-0.318,0.004,-0.322,1.609,-0.161,2.206,0.1,2.106,0.401,-0.244,0.645,0.533,0.415,0.118,1.172,0.131,1.041,0.828,0.625,0.202,-0.403,0.374,0.374,3.004,0.0,-0.403,-0.211,-0.192,-0.403,-0.211,-0.192,3.164,0.036,1.591,1.413,3.004,34846,17459,17387
1628983,Shai Gilgeous-Alexander,2024,2.396,0.398,1.998,0.367,0.159,0.208,0.61,-0.001,0.611,1.021,-0.039,1.06,1.319,0.676,0.646,0.919,-0.928,-0.928,4.634,3.706,-0.0,0.919,0.589,0.33,0.919,0.589,0.33,-2.729,-0.432,-0.641,-0.355,-0.286,-0.221,-0.179,-0.042,-0.151,-0.049,-0.102,0.086,0.035,0.051,-0.077,-0.072,-0.001,0.138,-0.126,-0.126,-0.58,-0.706,0.0,0.138,-0.094,0.232,0.138,-0.094,0.232,0.159,-0.238,1.755,0.043,1.712,0.147,-0.02,0.167,0.459,-0.05,0.509,1.106,-0.004,1.11,1.242,0.604,0.644,1.057,-1.053,-1.053,3.0,-0.0,1.057,0.495,0.562,1.057,0.495,0.562,-2.57,-0.67,3.706,-0.706,3.0,55979,28022,27957
1628386,Jarrett Allen,2024,1.395,0.157,1.238,0.899,0.032,0.867,0.003,-0.179,0.182,0.336,-0.005,0.341,-0.599,-0.329,-0.269,-0.756,1.308,1.308,0.04,1.348,0.0,-0.756,-0.864,0.108,-0.756,-0.864,0.108,2.387,1.33,1.223,-0.222,1.445,0.882,-0.073,0.955,0.199,0.182,0.017,0.364,0.015,0.349,0.658,0.729,-0.071,-0.01,-0.227,-0.227,1.871,1.644,-0.0,-0.01,0.315,-0.325,-0.01,0.315,-0.325,1.111,0.359,2.618,-0.065,2.683,1.782,-0.04,1.822,0.201,0.003,0.198,0.7,0.01,0.69,0.059,0.399,-0.34,-0.766,1.081,1.081,2.992,0.0,-0.766,-0.549,-0.217,-0.766,-0.549,-0.217,3.498,1.689,1.348,1.644,2.992,52594,26297,26297
200768,Kyle Lowry,2024,0.945,-0.014,0.959,0.011,0.018,-0.007,0.369,0.421,-0.052,0.579,0.062,0.517,0.502,0.193,0.305,0.102,-0.148,-0.148,1.549,1.401,-0.0,0.102,0.008,0.094,0.102,0.008,0.094,2.327,0.489,0.005,0.098,-0.093,0.24,0.143,0.097,-0.202,0.044,-0.246,-0.131,-0.005,-0.126,-0.012,-0.03,0.017,1.331,0.253,0.253,1.324,1.577,0.0,1.331,0.265,1.066,1.331,0.265,1.066,-0.927,0.342,0.948,0.084,0.864,0.25,0.16,0.09,0.166,0.465,-0.299,0.448,0.057,0.391,0.491,0.163,0.322,1.433,0.105,0.105,2.978,0.0,1.433,0.273,1.16,1.433,0.273,1.16,1.4,0.831,1.401,1.577,2.978,92051,46017,46034
1630573,Sam Hauser,2024,0.652,0.312,0.34,-0.379,-0.305,-0.074,0.225,0.525,-0.3,0.494,-0.026,0.52,-0.138,0.022,-0.162,0.111,1.097,1.097,0.625,1.722,0.0,0.111,0.186,-0.075,0.111,0.186,-0.075,1.324,-0.936,2.059,0.143,1.916,0.661,-0.017,0.678,-0.1,-0.001,-0.099,1.355,0.023,1.332,0.124,0.136,-0.01,-0.779,-0.164,-0.164,1.404,1.24,-0.0,-0.779,-0.174,-0.605,-0.779,-0.174,-0.605,1.921,-0.043,2.71,0.455,2.255,0.282,-0.322,0.604,0.124,0.523,-0.399,1.849,-0.003,1.852,-0.014,0.158,-0.173,-0.668,0.932,0.932,2.962,-0.0,-0.668,0.012,-0.68,-0.668,0.012,-0.68,3.246,-0.979,1.722,1.24,2.962,14476,7247,7229
1628378,Donovan Mitchell,2024,2.131,0.383,1.748,0.386,0.045,0.341,0.8,0.291,0.509,0.562,-0.007,0.569,0.276,-0.052,0.325,1.036,-0.564,-0.564,3.443,2.879,0.0,1.036,0.511,0.525,1.036,0.511,0.525,-2.937,-0.479,-0.515,-0.133,-0.382,0.118,0.121,-0.003,-0.085,0.086,-0.171,-0.415,0.016,-0.431,-0.149,-0.145,-0.0,0.254,0.491,0.491,-0.41,0.081,0.0,0.254,0.321,-0.067,0.254,0.321,-0.067,1.203,0.344,1.615,0.25,1.365,0.503,0.166,0.337,0.715,0.377,0.338,0.147,0.009,0.138,0.127,-0.197,0.324,1.29,-0.072,-0.072,2.96,0.0,1.29,0.831,0.459,1.29,0.831,0.459,-1.734,-0.135,2.879,0.081,2.96,71056,35577,35479
2754,Tony Allen,2024,-1.303,-0.192,-1.111,-0.152,0.494,-0.646,-0.66,-0.195,-0.465,-0.299,-0.15,-0.149,0.036,0.161,-0.124,0.291,1.211,1.211,-0.976,0.235,-0.0,0.291,0.465,-0.174,0.291,0.465,-0.174,-1.935,0.351,1.505,0.015,1.49,0.432,0.021,0.411,-0.054,-0.006,-0.048,1.112,0.001,1.111,-0.191,-0.287,0.093,1.354,-0.03,-0.03,2.668,2.638,-0.0,1.354,1.009,0.345,1.354,1.009,0.345,1.868,0.317,0.203,-0.177,0.38,0.28,0.515,-0.235,-0.713,-0.2,-0.513,0.813,-0.149,0.962,-0.156,-0.125,-0.031,1.645,1.181,1.181,2.873,0.0,1.645,1.474,0.171,1.645,1.474,0.171,-0.068,0.669,0.235,2.638,2.873,22332,11099,11233
1629111,Jock Landale,2024,-0.532,0.006,-0.538,-0.71,-0.294,-0.416,0.369,-0.063,0.432,-0.197,-0.024,-0.173,-0.197,-0.24,0.039,-0.664,2.511,2.511,-1.393,1.118,0.0,-0.664,-0.348,-0.316,-0.664,-0.348,-0.316,0.982,-0.651,1.661,0.023,1.638,0.817,-0.051,0.868,0.044,-0.08,0.124,0.777,0.003,0.774,-0.117,-0.255,0.141,0.004,0.189,0.189,1.548,1.737,0.0,0.004,-0.158,0.162,0.004,-0.158,0.162,2.116,0.251,1.128,0.029,1.099,0.106,-0.345,0.451,0.413,-0.143,0.556,0.58,-0.021,0.601,-0.315,-0.495,0.18,-0.66,2.7,2.7,2.855,0.0,-0.66,-0.506,-0.154,-0.66,-0.506,-0.154,3.098,-0.399,1.118,1.737,2.855,10068,5040,5028
1628384,O.G. Anunoby,2024,1.536,0.149,1.387,0.577,0.084,0.493,0.587,0.296,0.291,0.223,0.023,0.2,-0.158,-0.24,0.075,-0.392,-0.71,-0.71,0.986,0.276,-0.0,-0.392,-0.02,-0.372,-0.392,-0.02,-0.372,1.02,0.181,0.91,-0.008,0.918,-0.213,-0.056,-0.157,0.109,-0.053,0.162,1.022,0.01,1.012,0.186,0.25,-0.06,0.969,0.44,0.44,2.065,2.505,0.0,0.969,0.557,0.412,0.969,0.557,0.412,-0.272,-0.619,2.446,0.141,2.305,0.364,0.028,0.336,0.696,0.243,0.453,1.245,0.033,1.212,0.027,0.011,0.014,0.577,-0.27,-0.27,2.781,0.0,0.577,0.538,0.039,0.577,0.538,0.039,0.748,-0.439,0.276,2.505,2.781,53919,26920,26999
202339,Eric Bledsoe,2024,1.853,-0.004,1.857,1.095,0.278,0.817,0.437,0.245,0.192,0.325,0.009,0.316,0.272,0.237,0.035,0.242,-0.799,-0.799,2.367,1.568,0.0,0.242,0.184,0.058,0.242,0.184,0.058,-0.561,0.408,0.708,0.1,0.608,0.069,0.048,0.021,0.744,0.041,0.703,-0.205,-0.016,-0.189,0.044,0.085,-0.045,0.955,-0.516,-0.516,1.707,1.191,0.0,0.955,0.783,0.172,0.955,0.783,0.172,0.67,0.341,2.562,0.096,2.466,1.164,0.326,0.838,1.182,0.287,0.895,0.12,-0.007,0.127,0.316,0.321,-0.01,1.197,-1.314,-1.314,2.759,0.0,1.197,0.967,0.23,1.197,0.967,0.23,0.109,0.749,1.568,1.191,2.759,66510,33277,33233
1627783,Pascal Siakam,2024,1.909,0.086,1.823,0.823,0.146,0.677,0.415,-0.006,0.421,0.585,-0.014,0.599,-0.132,-0.066,-0.073,0.5,0.132,0.132,2.277,2.409,-0.0,0.5,0.271,0.229,0.5,0.271,0.229,1.668,0.424,-0.46,-0.166,-0.294,-0.621,0.083,-0.704,0.291,0.018,0.273,0.036,-0.008,0.044,0.052,0.148,-0.091,0.106,0.607,0.607,-0.302,0.305,0.0,0.106,0.016,0.09,0.106,0.016,0.09,-1.295,-0.188,1.449,-0.08,1.529,0.201,0.228,-0.027,0.707,0.012,0.695,0.621,-0.022,0.643,-0.08,0.083,-0.164,0.606,0.739,0.739,2.714,-0.0,0.606,0.287,0.319,0.606,0.287,0.319,0.373,0.235,2.409,0.305,2.714,77399,38735,38664
204001,Kristaps Porzingis,2024,1.189,0.27,0.919,0.243,-0.191,0.434,0.183,-0.19,0.373,0.493,0.003,0.49,0.366,-0.076,0.437,0.337,0.063,0.063,1.892,1.955,0.0,0.337,0.118,0.219,0.337,0.118,0.219,2.256,-0.12,1.211,-0.183,1.394,1.521,0.036,1.485,0.358,-0.108,0.466,-0.485,-0.013,-0.472,0.469,0.481,-0.01,-1.216,0.278,0.278,0.464,0.742,-0.0,-1.216,-0.399,-0.817,-1.216,-0.399,-0.817,-0.02,0.664,2.401,0.087,2.314,1.764,-0.155,1.919,0.541,-0.298,0.839,0.009,-0.009,0.018,0.835,0.405,0.427,-0.879,0.342,0.342,2.697,0.0,-0.879,-0.282,-0.597,-0.879,-0.282,-0.597,2.236,0.544,1.955,0.742,2.697,56293,28217,28076
203512,Lucas Nogueira,2024,0.931,-0.5,1.431,0.535,0.295,0.24,0.757,0.512,0.245,0.139,0.03,0.109,-0.307,-0.271,-0.032,0.272,-0.387,-0.387,0.896,0.509,-0.0,0.272,-0.004,0.276,0.272,-0.004,0.276,-1.226,0.635,2.201,0.235,1.966,0.639,-0.012,0.651,0.714,-0.15,0.864,0.613,-0.013,0.626,-0.017,0.196,-0.216,0.173,-0.23,-0.23,2.357,2.127,-0.0,0.173,0.147,0.026,0.173,0.147,0.026,1.972,0.267,3.135,-0.265,3.4,1.175,0.283,0.892,1.473,0.363,1.11,0.752,0.017,0.735,-0.324,-0.075,-0.248,0.445,-0.617,-0.617,2.636,0.0,0.445,0.143,0.302,0.445,0.143,0.302,0.746,0.901,0.509,2.127,2.636,8157,4079,4078
201588,George Hill,2024,0.694,0.057,0.637,0.425,-0.062,0.487,0.034,-0.083,0.117,0.178,-0.015,0.193,0.081,0.189,-0.11,0.402,-0.438,-0.438,1.177,0.739,-0.0,0.402,0.39,0.012,0.402,0.39,0.012,-0.544,-0.114,1.707,-0.168,1.875,0.669,0.204,0.465,0.518,0.124,0.394,0.688,-0.0,0.688,0.066,-0.106,0.173,-0.098,0.136,0.136,1.675,1.811,0.0,-0.098,0.012,-0.11,-0.098,0.012,-0.11,1.701,0.628,2.402,-0.111,2.513,1.094,0.142,0.952,0.553,0.041,0.512,0.866,-0.015,0.881,0.147,0.083,0.063,0.304,-0.302,-0.302,2.55,0.0,0.304,0.401,-0.097,0.304,0.401,-0.097,1.157,0.515,0.739,1.811,2.55,46447,23295,23152
1631099,Keegan Murray,2024,1.81,0.359,1.451,0.197,-0.118,0.315,0.258,0.387,-0.129,0.996,-0.017,1.013,-0.454,-0.427,-0.031,0.362,0.656,0.656,1.718,2.374,0.0,0.362,0.344,0.018,0.362,0.344,0.018,4.503,0.284,-0.767,-0.015,-0.752,0.268,0.038,0.23,0.243,-0.021,0.264,-1.263,0.008,-1.271,-0.216,-0.151,-0.063,0.298,0.86,0.86,-0.685,0.175,0.0,0.298,0.342,-0.044,0.298,0.342,-0.044,-1.215,0.043,1.043,0.344,0.699,0.465,-0.08,0.545,0.501,0.366,0.135,-0.267,-0.009,-0.258,-0.671,-0.578,-0.094,0.66,1.516,1.516,2.549,-0.001,0.66,0.686,-0.026,0.66,0.686,-0.026,3.288,0.327,2.374,0.175,2.548,21294,10633,10661
1629026,Kenrich Williams,2024,-0.322,0.069,-0.391,-0.187,0.045,-0.232,-0.235,0.063,-0.298,0.031,0.0,0.031,-0.444,-0.212,-0.231,-0.084,1.368,1.368,-0.85,0.518,-0.0,-0.084,0.016,-0.1,-0.084,0.016,-0.1,1.307,0.158,0.686,-0.079,0.765,-0.229,0.031,-0.26,0.106,-0.011,0.117,0.888,0.0,0.888,-0.367,-0.375,0.009,1.078,0.633,0.633,1.397,2.03,-0.0,1.078,0.398,0.68,1.078,0.398,0.68,2.511,0.189,0.365,-0.01,0.375,-0.415,0.077,-0.492,-0.129,0.052,-0.181,0.919,0.0,0.919,-0.812,-0.587,-0.222,0.994,2.001,2.001,2.548,-0.0,0.994,0.414,0.58,0.994,0.414,0.58,3.818,0.347,0.518,2.03,2.548,28090,14003,14087
2738,Andre Iguodala,2024,-0.046,-0.208,0.162,0.446,-0.111,0.557,0.148,0.134,0.014,-0.432,0.048,-0.48,0.406,0.643,-0.234,0.441,-0.032,-0.032,0.801,0.769,0.0,0.441,0.023,0.418,0.441,0.023,0.418,1.016,0.067,1.632,0.086,1.546,0.349,0.05,0.299,0.59,0.087,0.503,0.607,-0.001,0.608,-0.47,-0.408,-0.062,0.936,-0.34,-0.34,2.098,1.758,0.0,0.936,0.389,0.547,0.936,0.389,0.547,1.682,0.243,1.588,-0.122,1.71,0.796,-0.06,0.856,0.738,0.221,0.517,0.176,0.048,0.128,-0.064,0.235,-0.295,1.377,-0.373,-0.373,2.527,-0.001,1.377,0.411,0.966,1.377,0.411,0.966,2.698,0.309,0.769,1.758,2.526,60544,30227,30317
1628449,Chris Boucher,2024,-1.088,0.128,-1.216,-0.169,-0.023,-0.146,0.304,0.137,0.167,-1.351,0.003,-1.354,0.5,0.197,0.301,0.446,2.193,2.193,-0.142,2.051,0.0,0.446,0.223,0.223,0.446,0.223,0.223,-1.893,-0.019,0.997,0.009,0.988,0.616,0.123,0.493,-0.266,-0.251,-0.015,0.638,-0.02,0.658,-0.53,-0.595,0.068,0.47,-0.473,-0.473,0.937,0.464,0.0,0.47,0.233,0.237,0.47,0.233,0.237,-1.268,0.201,-0.089,0.137,-0.226,0.448,0.1,0.348,0.039,-0.114,0.153,-0.713,-0.017,-0.696,-0.03,-0.398,0.368,0.916,1.72,1.72,2.515,0.001,0.916,0.455,0.461,0.916,0.455,0.461,-3.161,0.183,2.051,0.464,2.516,26242,13101,13141
1629630,Ja Morant,2024,1.662,0.202,1.46,0.914,0.525,0.389,0.489,0.362,0.127,0.057,-0.015,0.072,0.666,1.049,-0.386,0.359,0.804,0.804,2.687,3.491,0.0,0.359,-0.247,0.606,0.359,-0.247,0.606,-2.284,0.932,0.458,-0.246,0.704,0.258,0.017,0.241,0.123,-0.021,0.144,0.323,0.004,0.319,-0.055,-0.029,-0.025,-0.509,-0.869,-0.869,-0.106,-0.975,0.0,-0.509,-0.183,-0.326,-0.509,-0.183,-0.326,-0.136,-0.081,2.121,-0.044,2.165,1.171,0.542,0.629,0.613,0.342,0.271,0.381,-0.01,0.391,0.611,1.02,-0.411,-0.15,-0.065,-0.065,2.516,-0.001,-0.15,-0.43,0.28,-0.15,-0.43,0.28,-2.42,0.851,3.491,-0.975,2.515,37803,18939,18864
201143,Al Horford,2024,2.051,-0.094,2.145,0.706,-0.014,0.72,0.567,0.057,0.51,0.872,0.072,0.8,-0.632,-0.901,0.276,0.114,-0.974,-0.974,1.533,0.559,-0.0,0.114,0.036,0.078,0.114,0.036,0.078,5.753,0.54,1.151,0.151,1.0,0.166,0.05,0.116,0.553,0.231,0.322,0.281,-0.029,0.31,0.688,0.864,-0.176,-0.623,0.739,0.739,1.216,1.955,0.0,-0.623,-0.102,-0.521,-0.623,-0.102,-0.521,0.064,0.021,3.203,0.057,3.146,0.873,0.037,0.836,1.12,0.288,0.832,1.153,0.043,1.11,0.056,-0.038,0.1,-0.509,-0.235,-0.235,2.514,-0.0,-0.509,-0.065,-0.444,-0.509,-0.065,-0.444,5.817,0.561,0.559,1.955,2.514,93202,46602,46600
1641767,Ben Sheppard,2024,2.068,0.339,1.729,1.024,0.173,0.851,1.092,0.063,1.029,-0.387,-0.032,-0.355,-0.213,-0.313,0.102,0.58,1.059,1.059,2.435,3.494,0.0,0.58,0.212,0.368,0.58,0.212,0.368,1.976,0.586,-0.153,-0.052,-0.101,-0.115,-0.031,-0.084,-0.137,-0.035,-0.102,0.151,0.02,0.131,-0.216,-0.398,0.181,0.022,-0.663,-0.663,-0.347,-1.01,0.0,0.022,-0.091,0.113,0.022,-0.091,0.113,1.634,-0.095,1.915,0.287,1.628,0.908,0.141,0.767,0.955,0.028,0.927,-0.235,-0.012,-0.223,-0.429,-0.711,0.284,0.602,0.396,0.396,2.484,0.0,0.602,0.121,0.481,0.602,0.121,0.481,3.61,0.491,3.494,-1.01,2.484,4747,2365,2382
1627734,Domantas Sabonis,2024,1.839,0.234,1.605,1.554,0.244,1.31,0.33,-0.005,0.335,-0.279,-0.053,-0.226,-0.302,-0.166,-0.138,-0.692,0.111,0.111,0.845,0.956,0.0,-0.692,-0.623,-0.069,-0.692,-0.623,-0.069,3.378,1.592,-0.21,-0.27,0.06,-0.124,0.046,-0.17,-0.179,0.159,-0.338,0.363,0.024,0.339,0.441,0.532,-0.086,0.007,1.272,1.272,0.238,1.51,0.0,0.007,0.062,-0.055,0.007,0.062,-0.055,-0.747,-0.03,1.629,-0.036,1.665,1.43,0.29,1.14,0.151,0.154,-0.003,0.084,-0.029,0.113,0.14,0.366,-0.224,-0.685,1.383,1.383,2.466,0.001,-0.685,-0.561,-0.124,-0.685,-0.561,-0.124,2.631,1.562,0.956,1.51,2.467,75203,37634,37569
1628969,Mikal Bridges,2024,1.523,0.216,1.307,0.661,-0.061,0.722,0.38,-0.122,0.502,0.266,-0.039,0.305,0.28,0.06,0.218,0.481,-0.992,-0.992,2.284,1.292,0.0,0.481,0.249,0.232,0.481,0.249,0.232,2.047,0.733,0.821,-0.136,0.957,0.231,-0.049,0.28,0.557,0.126,0.431,0.169,0.025,0.144,0.015,0.02,-0.001,0.612,-0.292,-0.292,1.448,1.156,0.0,0.612,0.617,-0.005,0.612,0.617,-0.005,1.456,0.036,2.343,0.08,2.263,0.891,-0.111,1.002,0.937,0.004,0.933,0.435,-0.014,0.449,0.295,0.079,0.216,1.093,-1.284,-1.284,2.448,-0.001,1.093,0.867,0.226,1.093,0.867,0.226,3.503,0.769,1.292,1.156,2.447,68496,34235,34261
1628374,Lauri Markkanen,2024,1.772,0.212,1.56,0.126,0.07,0.056,0.457,0.355,0.102,0.977,0.007,0.97,0.424,0.106,0.316,0.04,-0.162,-0.162,2.236,2.074,-0.0,0.04,-0.034,0.074,0.04,-0.034,0.074,3.037,0.515,0.357,-0.417,0.774,-0.123,-0.129,0.006,0.252,-0.037,0.289,0.645,0.012,0.633,0.215,0.175,0.043,-0.691,0.433,0.433,-0.119,0.314,0.0,-0.691,-0.201,-0.49,-0.691,-0.201,-0.49,-0.226,-0.347,2.131,-0.205,2.336,0.004,-0.059,0.063,0.71,0.318,0.392,1.622,0.019,1.603,0.639,0.281,0.359,-0.651,0.271,0.271,2.388,0.001,-0.651,-0.234,-0.417,-0.651,-0.234,-0.417,2.811,0.168,2.074,0.314,2.389,50405,25182,25223
1629750,Javonte Green,2024,2.605,0.097,2.508,0.517,0.274,0.243,0.764,-0.081,0.845,1.227,-0.027,1.254,-0.243,-0.322,0.076,-0.561,-0.134,-0.134,1.801,1.667,-0.0,-0.561,-0.191,-0.37,-0.561,-0.191,-0.37,0.544,0.785,-0.389,-0.096,-0.293,0.42,-0.079,0.499,-0.234,-0.055,-0.179,-0.479,0.018,-0.497,-0.173,-0.274,0.103,0.813,0.425,0.425,0.251,0.676,0.0,0.813,0.075,0.738,0.813,0.075,0.738,1.856,0.263,2.217,0.001,2.216,0.937,0.195,0.742,0.53,-0.136,0.666,0.749,-0.009,0.758,-0.416,-0.596,0.18,0.252,0.291,0.291,2.343,0.0,0.252,-0.115,0.367,0.252,-0.115,0.367,2.4,1.048,1.667,0.676,2.343,13388,6678,6710
1629056,Terence Davis,2024,1.146,0.207,0.939,-1.025,0.181,-1.206,0.086,0.521,-0.435,1.878,0.008,1.87,0.063,-0.277,0.338,0.295,0.786,0.786,1.504,2.29,0.0,0.295,0.136,0.159,0.295,0.136,0.159,2.587,0.34,0.652,-0.043,0.695,0.839,0.17,0.669,0.011,-0.118,0.129,-0.155,-0.021,-0.134,-0.712,-0.576,-0.135,0.448,-0.346,-0.346,0.388,0.042,-0.0,0.448,0.472,-0.024,0.448,0.472,-0.024,0.047,0.652,1.797,0.164,1.633,-0.185,0.351,-0.536,0.096,0.403,-0.307,1.722,-0.013,1.735,-0.649,-0.853,0.202,0.742,0.44,0.44,2.332,-0.0,0.742,0.608,0.134,0.742,0.608,0.134,2.634,0.992,2.29,0.042,2.332,15843,7909,7934
202330,Gordon Hayward,2024,1.111,0.008,1.103,0.399,-0.113,0.512,-0.151,-0.283,0.132,0.855,-0.009,0.864,0.402,0.256,0.147,0.113,-0.181,-0.181,1.626,1.445,0.0,0.113,0.322,-0.209,0.113,0.322,-0.209,1.142,-0.001,0.498,-0.017,0.515,0.165,-0.116,0.281,0.098,-0.009,0.107,0.252,-0.007,0.259,0.028,-0.04,0.068,0.415,-0.068,-0.068,0.941,0.873,0.0,0.415,0.525,-0.11,0.415,0.525,-0.11,2.192,0.284,1.609,-0.009,1.618,0.564,-0.229,0.793,-0.054,-0.293,0.239,1.108,-0.015,1.123,0.43,0.216,0.215,0.528,-0.249,-0.249,2.318,0.0,0.528,0.848,-0.32,0.528,0.848,-0.32,3.334,0.283,1.445,0.873,2.318,72632,36416,36216
1641705,Victor Wembanyama,2024,0.671,0.039,0.632,2.141,0.083,2.058,-0.048,0.581,-0.629,-1.461,-0.013,-1.448,0.184,-0.064,0.247,-1.255,-0.45,-0.45,-0.4,-0.85,-0.0,-1.255,-0.919,-0.336,-1.255,-0.919,-0.336,2.497,1.644,2.117,-0.01,2.127,0.986,0.071,0.915,0.122,-0.071,0.193,1.019,0.016,1.003,0.499,0.625,-0.127,-0.076,0.606,0.606,2.54,3.146,0.0,-0.076,0.063,-0.139,-0.076,0.063,-0.139,-0.028,0.25,2.787,0.029,2.758,3.126,0.153,2.973,0.073,0.51,-0.437,-0.441,0.004,-0.445,0.683,0.561,0.12,-1.331,0.156,0.156,2.296,-0.0,-1.331,-0.856,-0.475,-1.331,-0.856,-0.475,2.469,1.894,-0.85,3.146,2.296,8872,4423,4449
200794,Paul Millsap,2024,-0.214,-0.107,-0.107,-0.639,0.197,-0.836,0.212,-0.078,0.29,0.32,0.01,0.31,-0.084,0.111,-0.187,-0.026,0.533,0.533,-0.324,0.209,-0.0,-0.026,0.022,-0.048,-0.026,0.022,-0.048,0.915,-0.149,1.453,0.138,1.315,0.595,-0.062,0.657,0.23,-0.127,0.357,0.49,-0.056,0.546,0.132,0.117,0.011,0.569,-0.131,-0.131,2.154,2.023,0.0,0.569,0.098,0.471,0.569,0.098,0.471,-0.603,0.266,1.238,0.031,1.207,-0.044,0.135,-0.179,0.442,-0.205,0.647,0.809,-0.046,0.855,0.048,0.229,-0.176,0.543,0.401,0.401,2.232,0.0,0.543,0.12,0.423,0.543,0.12,0.423,0.312,0.117,0.209,2.023,2.232,59259,29700,29559
1641764,Brandin Podziemski,2024,0.043,0.411,-0.368,-0.304,0.075,-0.379,-0.044,0.103,-0.147,-0.02,-0.046,0.026,-0.552,-0.221,-0.331,0.973,1.817,1.817,0.464,2.281,0.0,0.973,0.523,0.45,0.973,0.523,0.45,0.664,0.345,0.684,-0.054,0.738,-0.267,0.137,-0.404,0.288,-0.043,0.331,0.717,0.022,0.695,-0.097,0.156,-0.253,-0.206,-0.454,-0.454,0.381,-0.073,-0.0,-0.206,0.058,-0.264,-0.206,0.058,-0.264,-0.126,0.115,0.726,0.357,0.369,-0.572,0.212,-0.784,0.244,0.06,0.184,0.697,-0.024,0.721,-0.649,-0.065,-0.584,0.767,1.363,1.363,2.208,-0.001,0.767,0.581,0.186,0.767,0.581,0.186,0.537,0.46,2.281,-0.073,2.207,8022,3998,4024
1718,Paul Pierce,2024,0.984,-0.366,1.35,0.18,0.026,0.154,0.644,0.021,0.623,0.526,0.018,0.508,0.259,0.434,-0.17,0.382,-0.83,-0.83,1.625,0.795,0.0,0.382,0.258,0.124,0.382,0.258,0.124,1.08,0.316,1.001,0.307,0.694,0.592,0.083,0.509,0.373,-0.015,0.388,-0.271,-0.042,-0.229,-0.236,-0.106,-0.136,0.289,0.323,0.323,1.054,1.377,0.0,0.289,0.064,0.225,0.289,0.064,0.225,1.159,0.354,1.985,-0.059,2.044,0.772,0.109,0.663,1.017,0.006,1.011,0.255,-0.025,0.28,0.023,0.329,-0.305,0.671,-0.506,-0.506,2.172,0.0,0.671,0.322,0.349,0.671,0.322,0.349,2.239,0.67,0.795,1.377,2.172,22971,11521,11450
1629627,Zion Williamson,2024,1.108,0.078,1.03,1.162,0.806,0.356,0.581,0.926,-0.345,-0.713,-0.068,-0.645,0.15,0.665,-0.524,-0.284,1.061,1.061,0.974,2.035,0.0,-0.284,-0.062,-0.222,-0.284,-0.062,-0.222,1.016,2.259,-0.132,-0.015,-0.117,-0.633,0.05,-0.683,0.011,-0.411,0.422,0.505,-0.016,0.521,0.013,0.167,-0.152,0.095,0.143,0.143,-0.024,0.119,0.0,0.095,0.024,0.071,0.095,0.024,0.071,-1.38,-0.309,0.975,0.063,0.912,0.529,0.856,-0.327,0.592,0.515,0.077,-0.209,-0.085,-0.124,0.163,0.832,-0.677,-0.189,1.204,1.204,2.154,-0.001,-0.189,-0.038,-0.151,-0.189,-0.038,-0.151,-0.363,1.951,2.035,0.119,2.153,24654,12369,12285
203935,Marcus Smart,2024,0.309,-0.028,0.337,0.161,0.121,0.04,0.25,0.357,-0.107,-0.074,0.041,-0.115,0.402,0.279,0.129,0.109,-0.214,-0.214,0.82,0.606,-0.0,0.109,-0.057,0.166,0.109,-0.057,0.166,1.773,0.397,0.744,-0.011,0.755,0.052,0.106,-0.054,0.073,-0.068,0.141,0.63,-0.012,0.642,-0.469,-0.571,0.107,1.064,0.185,0.185,1.339,1.524,0.0,1.064,0.218,0.846,1.064,0.218,0.846,2.8,0.643,1.053,-0.039,1.092,0.212,0.226,-0.014,0.324,0.29,0.034,0.556,0.029,0.527,-0.067,-0.292,0.236,1.173,-0.029,-0.029,2.13,-0.001,1.173,0.161,1.012,1.173,0.161,1.012,4.573,1.04,0.606,1.524,2.129,86593,43211,43382
1628404,Josh Hart,2024,1.456,0.164,1.292,0.79,0.186,0.604,-0.072,0.352,-0.424,0.574,0.005,0.569,0.107,0.247,-0.147,-0.387,0.632,0.632,1.176,1.808,0.0,-0.387,-0.029,-0.358,-0.387,-0.029,-0.358,1.646,0.189,-0.329,-0.073,-0.256,-0.542,-0.047,-0.495,0.513,-0.116,0.629,-0.227,0.001,-0.228,-0.186,-0.089,-0.093,0.076,0.748,0.748,-0.439,0.309,0.0,0.076,0.075,0.001,0.076,0.075,0.001,0.033,-0.059,1.128,0.091,1.037,0.249,0.139,0.11,0.441,0.236,0.205,0.347,0.006,0.341,-0.079,0.158,-0.24,-0.311,1.379,1.379,2.117,0.0,-0.311,0.045,-0.356,-0.311,0.045,-0.356,1.679,0.131,1.808,0.309,2.117,57622,28761,28861
203496,Robert Covington,2024,0.335,-0.033,0.368,0.072,0.081,-0.009,0.194,0.671,-0.477,0.102,0.133,-0.031,-0.421,-0.244,-0.181,-0.185,0.092,0.092,-0.271,-0.179,-0.0,-0.185,-0.121,-0.064,-0.185,-0.121,-0.064,2.17,0.057,0.982,-0.009,0.991,1.059,0.015,1.044,0.075,-0.01,0.085,-0.143,-0.002,-0.141,-0.153,-0.059,-0.093,1.058,0.347,0.347,1.887,2.234,0.0,1.058,0.578,0.48,1.058,0.578,0.48,1.246,0.548,1.317,-0.042,1.359,1.132,0.097,1.035,0.268,0.661,-0.393,-0.041,0.131,-0.172,-0.574,-0.304,-0.274,0.873,0.44,0.44,2.055,0.001,0.873,0.457,0.416,0.873,0.457,0.416,3.416,0.605,-0.179,2.234,2.056,70129,35096,35033
203932,Aaron Gordon,2024,1.0,0.025,0.975,1.217,0.183,1.034,0.234,0.119,0.115,-0.476,-0.019,-0.457,-0.158,0.083,-0.234,0.018,0.4,0.4,0.86,1.26,0.0,0.018,0.183,-0.165,0.018,0.183,-0.165,1.947,1.25,-0.102,-0.038,-0.064,-0.215,-0.169,-0.046,-0.211,0.031,-0.242,0.362,0.025,0.337,0.29,0.358,-0.066,-0.158,0.758,0.758,0.03,0.788,0.0,-0.158,0.197,-0.355,-0.158,0.197,-0.355,0.733,-0.164,0.897,-0.013,0.91,1.001,0.014,0.987,0.023,0.15,-0.127,-0.114,0.006,-0.12,0.133,0.442,-0.3,-0.14,1.158,1.158,2.048,0.001,-0.14,0.38,-0.52,-0.14,0.38,-0.52,2.68,1.086,1.26,0.788,2.049,84760,42360,42400
1626167,Myles Turner,2024,0.917,0.129,0.788,0.307,-0.067,0.374,0.368,-0.106,0.474,0.113,-0.027,0.14,-0.184,-0.299,0.115,-0.139,-1.098,-1.098,0.594,-0.504,0.0,-0.139,-0.039,-0.1,-0.139,-0.039,-0.1,1.201,-0.041,1.944,-0.172,2.116,1.851,0.062,1.789,0.169,0.116,0.053,0.096,0.007,0.089,0.498,0.467,0.033,-0.161,0.262,0.262,2.281,2.543,0.0,-0.161,-0.079,-0.082,-0.161,-0.079,-0.082,0.672,0.656,2.861,-0.043,2.904,2.158,-0.005,2.163,0.537,0.01,0.527,0.209,-0.02,0.229,0.314,0.168,0.148,-0.3,-0.836,-0.836,2.039,0.0,-0.3,-0.118,-0.182,-0.3,-0.118,-0.182,1.873,0.615,-0.504,2.543,2.039,71343,35668,35675
201976,Patrick Beverley,2024,-0.704,-0.018,-0.686,-0.684,-0.006,-0.678,0.129,0.306,-0.177,-0.131,0.082,-0.213,0.187,0.094,0.094,0.259,0.643,0.643,-0.258,0.385,-0.0,0.259,0.234,0.025,0.259,0.234,0.025,1.308,-0.294,0.985,0.124,0.861,0.061,0.178,-0.117,0.272,-0.097,0.369,0.528,-0.026,0.554,-0.344,-0.355,0.007,0.866,0.11,0.11,1.507,1.617,-0.0,0.866,0.051,0.815,0.866,0.051,0.815,0.737,0.367,0.28,0.106,0.174,-0.624,0.171,-0.795,0.401,0.209,0.192,0.397,0.056,0.341,-0.157,-0.261,0.101,1.125,0.753,0.753,2.002,-0.0,1.125,0.285,0.84,1.125,0.285,0.84,2.045,0.073,0.385,1.617,2.002,65246,32624,32622
1626164,Devin Booker,2024,3.348,0.233,3.115,0.987,-0.029,1.016,0.765,-0.04,0.805,1.363,-0.036,1.399,1.211,0.626,0.586,-0.198,-0.143,-0.143,4.361,4.218,0.0,-0.198,-0.304,0.106,-0.198,-0.304,0.106,0.074,0.129,-0.654,-0.261,-0.393,0.088,0.002,0.086,-0.427,-0.032,-0.395,-0.054,0.019,-0.073,-0.579,-0.465,-0.114,-0.408,-0.59,-0.59,-1.641,-2.231,0.0,-0.408,-0.183,-0.225,-0.408,-0.183,-0.225,0.682,0.075,2.695,-0.028,2.723,1.075,-0.027,1.102,0.338,-0.072,0.41,1.31,-0.017,1.327,0.632,0.161,0.472,-0.606,-0.733,-0.733,1.987,0.0,-0.606,-0.487,-0.119,-0.606,-0.487,-0.119,0.756,0.204,4.218,-2.231,1.987,90652,45402,45250
202355,Hassan Whiteside,2024,0.222,0.219,0.003,0.214,-0.05,0.264,-0.468,-0.755,0.287,0.257,-0.096,0.353,-0.985,-0.372,-0.609,-0.812,2.144,2.144,-1.575,0.569,0.0,-0.812,-0.256,-0.556,-0.812,-0.256,-0.556,-1.282,-0.035,2.323,-0.156,2.479,1.969,0.176,1.793,0.947,0.433,0.514,-0.437,0.021,-0.458,0.462,0.467,-0.004,-1.361,-0.011,-0.011,1.424,1.413,-0.0,-1.361,-0.595,-0.766,-1.361,-0.595,-0.766,-0.567,0.725,2.542,0.063,2.479,2.183,0.126,2.057,0.478,-0.323,0.801,-0.182,-0.076,-0.106,-0.523,0.095,-0.613,-2.173,2.133,2.133,1.982,-0.0,-2.173,-0.851,-1.322,-2.173,-0.851,-1.322,-1.849,0.69,0.569,1.413,1.982,51586,25800,25786
201578,Marreese Speights,2024,0.898,-0.144,1.042,-0.155,-0.04,-0.115,0.077,-0.178,0.255,1.12,0.052,1.068,0.027,-0.438,0.47,0.086,0.111,0.111,1.011,1.122,0.0,0.086,0.376,-0.29,0.086,0.376,-0.29,1.822,-0.507,1.144,0.311,0.833,-0.009,0.047,-0.056,0.698,0.229,0.469,0.144,0.054,0.09,0.028,-0.114,0.141,0.039,-0.367,-0.367,1.211,0.844,0.0,0.039,-0.125,0.164,0.039,-0.125,0.164,1.889,0.12,2.043,0.167,1.876,-0.164,0.006,-0.17,0.775,0.051,0.724,1.265,0.107,1.158,0.055,-0.552,0.611,0.124,-0.256,-0.256,1.966,0.0,0.124,0.252,-0.128,0.124,0.252,-0.128,3.71,-0.388,1.122,0.844,1.966,18312,9146,9166
1631106,Tari Eason,2024,-2.07,0.03,-2.1,-1.965,0.184,-2.149,0.649,0.228,0.421,-0.784,-0.013,-0.771,0.633,0.823,-0.188,-0.581,2.062,2.062,-2.018,0.044,-0.0,-0.581,-0.371,-0.21,-0.581,-0.371,-0.21,-3.609,-0.757,1.323,-0.169,1.492,0.386,0.108,0.278,0.196,-0.128,0.324,0.91,0.017,0.893,-0.401,-0.384,-0.015,0.156,0.804,0.804,1.078,1.882,0.0,0.156,0.127,0.029,0.156,0.127,0.029,1.773,0.383,-0.746,-0.139,-0.607,-1.579,0.292,-1.871,0.846,0.1,0.746,0.126,0.004,0.122,0.232,0.438,-0.203,-0.425,2.866,2.866,1.926,0.0,-0.425,-0.244,-0.181,-0.425,-0.244,-0.181,-1.836,-0.375,0.044,1.882,1.926,9274,4625,4649
1628415,Dillon Brooks,2024,0.166,0.189,-0.023,-0.369,0.03,-0.399,0.261,-0.093,0.354,0.085,-0.027,0.112,-0.318,-0.346,0.025,0.363,0.001,0.001,0.211,0.212,0.0,0.363,0.208,0.155,0.363,0.208,0.155,0.981,0.054,1.089,-0.176,1.265,0.587,0.166,0.421,-0.051,0.025,-0.076,0.729,0.005,0.724,-0.419,-0.297,-0.121,0.451,0.561,0.561,1.121,1.682,0.0,0.451,0.238,0.213,0.451,0.238,0.213,1.187,0.529,1.255,0.013,1.242,0.218,0.196,0.022,0.21,-0.068,0.278,0.814,-0.022,0.836,-0.737,-0.642,-0.096,0.813,0.561,0.561,1.894,0.0,0.813,0.447,0.366,0.813,0.447,0.366,2.168,0.583,0.212,1.682,1.894,51745,25854,25891
1626220,Royce O'Neale,2024,1.163,0.019,1.144,-0.708,-0.131,-0.577,1.052,0.519,0.533,0.8,0.014,0.786,0.09,0.166,-0.081,0.113,-0.887,-0.887,1.366,0.479,-0.0,0.113,0.203,-0.09,0.113,0.203,-0.09,1.331,-0.24,1.318,-0.32,1.638,0.923,-0.009,0.932,0.068,0.004,0.064,0.647,0.024,0.623,0.138,-0.03,0.17,-0.507,0.463,0.463,0.949,1.412,0.0,-0.507,-0.103,-0.404,-0.507,-0.103,-0.404,2.366,0.626,2.481,-0.301,2.782,0.215,-0.14,0.355,1.118,0.522,0.596,1.449,0.039,1.41,0.228,0.136,0.089,-0.394,-0.424,-0.424,1.891,0.0,-0.394,0.1,-0.494,-0.394,0.1,-0.494,3.697,0.386,0.479,1.412,1.891,62643,31294,31349
203992,Bogdan Bogdanovic,2024,2.31,0.283,2.027,-0.024,-0.201,0.177,0.756,-0.16,0.916,1.295,-0.007,1.302,-0.269,-0.189,-0.085,0.522,-0.438,-0.438,2.563,2.125,0.0,0.522,0.144,0.378,0.522,0.144,0.378,1.848,-0.427,-0.617,-0.044,-0.573,-0.207,0.132,-0.339,-0.104,-0.09,-0.014,-0.262,-0.017,-0.245,0.083,0.13,-0.045,-0.099,0.397,0.397,-0.633,-0.236,0.0,-0.099,0.19,-0.289,-0.099,0.19,-0.289,-0.819,0.174,1.691,0.239,1.452,-0.232,-0.069,-0.163,0.651,-0.25,0.901,1.033,-0.024,1.057,-0.186,-0.059,-0.13,0.424,-0.041,-0.041,1.889,0.001,0.424,0.334,0.09,0.424,0.334,0.09,1.029,-0.254,2.125,-0.236,1.89,55694,27835,27859
1630167,Obi Toppin,2024,1.31,0.005,1.305,1.636,0.321,1.315,0.469,0.51,-0.041,-0.8,0.008,-0.808,-0.233,-0.391,0.157,0.629,0.228,0.228,1.706,1.934,0.0,0.629,-0.163,0.792,0.629,-0.163,0.792,3.234,1.954,-0.738,-0.109,-0.629,-0.405,-0.019,-0.386,-0.48,-0.03,-0.45,0.256,0.006,0.25,-0.247,-0.328,0.083,0.191,0.737,0.737,-0.794,-0.057,0.0,0.191,0.445,-0.254,0.191,0.445,-0.254,0.736,-0.083,0.572,-0.104,0.676,1.231,0.302,0.929,-0.012,0.48,-0.492,-0.543,0.014,-0.557,-0.48,-0.719,0.24,0.82,0.966,0.966,1.877,0.0,0.82,0.281,0.539,0.82,0.281,0.539,3.97,1.871,1.934,-0.057,1.877,21552,10780,10772
1628395,Jordan Bell,2024,1.615,-0.042,1.657,0.348,-0.203,0.551,0.172,-0.224,0.396,1.137,-0.04,1.177,-0.076,-0.212,0.133,0.112,0.149,0.149,1.651,1.8,0.0,0.112,0.115,-0.003,0.112,0.115,-0.003,0.815,-0.094,0.357,-0.024,0.381,0.344,0.099,0.245,0.084,-0.035,0.119,-0.047,0.024,-0.071,0.054,-0.298,0.356,-0.304,-0.038,-0.038,0.107,0.069,0.0,-0.304,-0.038,-0.266,-0.304,-0.038,-0.266,0.049,0.046,1.973,-0.066,2.039,0.692,-0.104,0.796,0.257,-0.259,0.516,1.09,-0.016,1.106,-0.022,-0.51,0.489,-0.192,0.111,0.111,1.869,0.0,-0.192,0.077,-0.269,-0.192,0.077,-0.269,0.865,-0.047,1.8,0.069,1.869,10747,5367,5380
1628389,Bam Adebayo,2024,0.236,0.129,0.107,0.395,-0.097,0.492,-0.509,-0.404,-0.105,0.221,-0.017,0.238,0.016,-0.038,0.051,-0.233,-1.006,-1.006,0.019,-0.987,0.0,-0.233,-0.19,-0.043,-0.233,-0.19,-0.043,0.935,0.208,1.71,-0.092,1.802,0.395,0.269,0.126,0.362,0.077,0.285,1.045,-0.018,1.063,0.299,0.436,-0.135,-0.004,0.851,0.851,2.005,2.856,0.0,-0.004,0.166,-0.17,-0.004,0.166,-0.17,1.666,0.459,1.946,0.037,1.909,0.79,0.172,0.618,-0.147,-0.327,0.18,1.266,-0.034,1.3,0.315,0.398,-0.084,-0.237,-0.155,-0.155,1.869,0.0,-0.237,-0.024,-0.213,-0.237,-0.024,-0.213,2.601,0.668,-0.987,2.856,1.869,69074,34568,34506
201567,Kevin Love,2024,1.2,0.136,1.064,0.314,0.035,0.279,0.435,0.288,0.147,0.315,0.068,0.247,0.551,0.386,0.162,-0.314,0.295,0.295,1.437,1.732,0.0,-0.314,-0.56,0.246,-0.314,-0.56,0.246,2.381,0.237,-1.055,-0.048,-1.007,-1.18,-0.044,-1.136,-0.048,0.048,-0.096,0.221,-0.026,0.247,0.668,0.717,-0.05,-0.242,0.735,0.735,-0.629,0.106,-0.0,-0.242,-0.284,0.042,-0.242,-0.284,0.042,-2.811,-0.651,0.145,0.088,0.057,-0.867,-0.01,-0.857,0.388,0.337,0.051,0.536,0.042,0.494,1.219,1.103,0.112,-0.555,1.031,1.031,1.838,0.0,-0.555,-0.844,0.289,-0.555,-0.844,0.289,-0.43,-0.414,1.732,0.106,1.838,68978,34574,34404
1629057,Robert Williams III,2024,-0.274,0.352,-0.626,0.733,0.092,0.641,-0.8,-0.13,-0.67,-0.559,-0.018,-0.541,-0.424,-0.412,-0.011,-0.514,1.96,1.96,-1.212,0.748,0.0,-0.514,-0.799,0.285,-0.514,-0.799,0.285,0.127,1.199,1.675,-0.166,1.841,0.436,0.201,0.235,0.517,-0.05,0.567,0.888,-0.007,0.895,0.199,0.297,-0.098,-0.174,-0.65,-0.65,1.7,1.05,-0.0,-0.174,0.456,-0.63,-0.174,0.456,-0.63,-1.318,-0.006,1.4,0.186,1.214,1.169,0.293,0.876,-0.283,-0.18,-0.103,0.328,-0.026,0.354,-0.225,-0.114,-0.109,-0.688,1.31,1.31,1.798,-0.0,-0.688,-0.344,-0.344,-0.688,-0.344,-0.344,-1.19,1.194,0.748,1.05,1.798,21763,10873,10890
201954,Darren Collison,2024,1.537,-0.072,1.609,0.238,-0.032,0.27,0.417,-0.206,0.623,0.954,-0.044,0.998,0.342,0.371,-0.027,0.633,-0.523,-0.523,2.512,1.989,0.0,0.633,0.442,0.191,0.633,0.442,0.191,0.746,0.13,-0.559,0.089,-0.648,0.065,0.207,-0.142,-0.121,-0.075,-0.046,-0.592,-0.034,-0.558,-0.252,-0.097,-0.156,0.962,-0.369,-0.369,0.151,-0.218,0.0,0.962,0.256,0.706,0.962,0.256,0.706,-1.217,0.114,0.977,0.017,0.96,0.302,0.174,0.128,0.296,-0.28,0.576,0.362,-0.078,0.44,0.089,0.273,-0.183,1.595,-0.892,-0.892,1.771,0.0,1.595,0.698,0.897,1.595,0.698,0.897,-0.472,0.244,1.989,-0.218,1.771,41951,20945,21006
202357,Nemanja Bjelica,2024,1.04,-0.049,1.089,0.551,0.165,0.386,0.25,0.23,0.02,0.288,0.002,0.286,-0.434,-0.314,-0.121,0.036,0.213,0.213,0.642,0.855,-0.0,0.036,0.15,-0.114,0.036,0.15,-0.114,1.991,0.736,0.01,-0.057,0.067,-0.39,-0.138,-0.252,-0.254,-0.163,-0.091,0.711,0.029,0.682,-0.15,-0.119,-0.03,0.336,0.706,0.706,0.196,0.902,0.0,0.336,-0.102,0.438,0.336,-0.102,0.438,0.932,-0.017,1.051,-0.106,1.157,0.161,0.027,0.134,-0.004,0.067,-0.071,1.0,0.032,0.968,-0.584,-0.433,-0.151,0.372,0.919,0.919,1.757,-0.0,0.372,0.047,0.325,0.372,0.047,0.325,2.923,0.719,0.855,0.902,1.757,39373,19677,19696
1627751,Jakob Poeltl,2024,0.281,0.116,0.165,0.669,0.18,0.489,-0.078,-0.49,0.412,-0.426,-0.033,-0.393,-1.14,-0.491,-0.647,-0.049,1.789,1.789,-0.908,0.881,0.0,-0.049,-0.246,0.197,-0.049,-0.246,0.197,2.909,1.485,0.013,-0.022,0.035,1.384,-0.078,1.462,-0.089,0.084,-0.173,-1.26,0.016,-1.276,0.533,0.388,0.148,0.099,0.231,0.231,0.645,0.876,0.0,0.099,0.196,-0.097,0.099,0.196,-0.097,-0.921,0.285,0.294,0.094,0.2,2.053,0.102,1.951,-0.167,-0.406,0.239,-1.686,-0.017,-1.669,-0.607,-0.103,-0.499,0.05,2.02,2.02,1.757,-0.0,0.05,-0.05,0.1,0.05,-0.05,0.1,1.987,1.769,0.881,0.876,1.757,49040,24502,24538
200755,JJ Redick,2024,1.782,-0.319,2.101,0.243,-0.292,0.535,0.801,0.043,0.758,1.057,0.054,1.003,0.611,0.589,0.029,0.226,-0.587,-0.587,2.619,2.032,0.0,0.226,0.184,0.042,0.226,0.184,0.042,3.232,-0.257,0.405,0.185,0.22,-0.031,0.067,-0.098,0.351,0.17,0.181,-0.1,0.002,-0.102,-0.216,-0.217,-0.0,-0.387,-0.09,-0.09,-0.198,-0.288,0.0,-0.387,-0.181,-0.206,-0.387,-0.181,-0.206,-0.1,-0.095,2.187,-0.134,2.321,0.212,-0.225,0.437,1.152,0.213,0.939,0.957,0.056,0.901,0.394,0.372,0.028,-0.161,-0.678,-0.678,1.744,0.0,-0.161,0.003,-0.164,-0.161,0.003,-0.164,3.132,-0.352,2.032,-0.288,1.744,60379,30342,30037
203468,CJ McCollum,2024,1.151,0.122,1.029,-0.362,-0.298,-0.064,0.415,-0.424,0.839,0.976,0.025,0.951,-0.494,-0.69,0.187,1.042,0.352,0.352,1.699,2.051,0.0,1.042,0.836,0.206,1.042,0.836,0.206,-0.447,-0.708,0.438,0.016,0.422,0.368,0.039,0.329,0.236,0.051,0.185,-0.182,0.028,-0.21,0.045,0.075,-0.03,-0.424,-0.378,-0.378,0.059,-0.319,0.0,-0.424,-0.397,-0.027,-0.424,-0.397,-0.027,-0.481,0.083,1.587,0.138,1.449,0.004,-0.26,0.264,0.651,-0.373,1.024,0.794,0.053,0.741,-0.448,-0.615,0.157,0.618,-0.026,-0.026,1.732,-0.0,0.618,0.439,0.179,0.618,0.439,0.179,-0.928,-0.625,2.051,-0.319,1.732,99258,49714,49544
201937,Ricky Rubio,2024,-0.488,-0.087,-0.401,0.32,0.182,0.138,0.041,-0.045,0.086,-0.762,-0.043,-0.719,0.486,0.191,0.296,0.282,-0.372,-0.372,0.28,-0.092,0.0,0.282,-0.138,0.42,0.282,-0.138,0.42,4.018,1.209,-0.075,0.025,-0.1,0.01,-0.126,0.136,0.046,0.085,-0.039,-0.156,-0.004,-0.152,0.12,0.221,-0.104,1.438,0.341,0.341,1.483,1.824,0.0,1.438,0.483,0.955,1.438,0.483,0.955,0.926,-0.058,-0.563,-0.062,-0.501,0.33,0.056,0.274,0.087,0.04,0.047,-0.918,-0.047,-0.871,0.606,0.412,0.192,1.72,-0.032,-0.032,1.732,0.0,1.72,0.345,1.375,1.72,0.345,1.375,4.944,1.152,-0.092,1.824,1.732,61337,30681,30656
1629011,Mitchell Robinson,2024,-0.89,0.363,-1.253,0.061,-0.068,0.129,-1.015,-0.231,-0.784,-0.299,-0.04,-0.259,-0.861,-0.205,-0.658,-0.836,3.489,3.489,-2.587,0.902,-0.0,-0.836,-0.408,-0.428,-0.836,-0.408,-0.428,-2.493,0.129,0.672,-0.255,0.927,0.41,0.121,0.289,0.405,-0.041,0.446,0.112,0.0,0.112,0.263,0.165,0.102,-0.278,0.143,0.143,0.657,0.8,0.0,-0.278,0.313,-0.591,-0.278,0.313,-0.591,-0.501,0.264,-0.22,0.108,-0.328,0.471,0.053,0.418,-0.612,-0.273,-0.339,-0.187,-0.04,-0.147,-0.598,-0.04,-0.556,-1.115,3.632,3.632,1.702,0.001,-1.115,-0.096,-1.019,-1.115,-0.096,-1.019,-2.994,0.393,0.902,0.8,1.703,33235,16567,16668
1626153,Delon Wright,2024,-0.868,0.014,-0.882,-0.744,0.071,-0.815,0.015,0.356,-0.341,-0.153,0.016,-0.169,0.108,0.107,0.002,0.693,0.584,0.584,-0.067,0.517,0.0,0.693,0.617,0.076,0.693,0.617,0.076,0.117,-0.378,0.309,0.044,0.265,-0.059,-0.074,0.015,-0.329,0.088,-0.417,0.653,0.04,0.613,-0.014,-0.043,0.031,1.155,-0.281,-0.281,1.45,1.169,0.0,1.155,0.777,0.378,1.155,0.777,0.378,2.031,-0.067,-0.558,0.058,-0.616,-0.802,-0.002,-0.8,-0.314,0.444,-0.758,0.5,0.056,0.444,0.093,0.064,0.032,1.848,0.303,0.303,1.686,0.0,1.848,1.395,0.453,1.848,1.395,0.453,2.148,-0.444,0.517,1.169,1.686,45299,22610,22689
1629652,Luguentz Dort,2024,-0.097,0.231,-0.328,-1.134,0.172,-1.306,1.305,0.49,0.815,-0.499,0.002,-0.501,0.224,0.27,-0.047,1.103,-0.652,-0.652,1.23,0.578,0.0,1.103,1.005,0.098,1.103,1.005,0.098,-2.016,-0.363,1.058,-0.138,1.196,0.704,0.152,0.552,-0.2,-0.087,-0.113,0.692,-0.013,0.705,0.324,0.06,0.269,0.498,-0.775,-0.775,1.88,1.105,0.0,0.498,-0.176,0.674,0.498,-0.176,0.674,0.452,0.541,0.964,0.093,0.871,-0.43,0.324,-0.754,1.107,0.404,0.703,0.194,-0.01,0.204,0.548,0.329,0.222,1.601,-1.428,-1.428,1.683,0.0,1.601,0.829,0.772,1.601,0.829,0.772,-1.564,0.178,0.578,1.105,1.683,37741,18862,18879
1630169,Tyrese Haliburton,2024,3.348,0.446,2.902,1.01,-0.103,1.113,1.864,0.424,1.44,0.028,-0.009,0.037,0.132,0.143,-0.017,0.805,-0.644,-0.644,4.285,3.641,0.0,0.805,0.452,0.353,0.805,0.452,0.353,3.464,0.665,-0.586,-0.165,-0.421,-1.154,-0.308,-0.846,0.447,-0.03,0.477,0.286,0.046,0.24,-0.264,-0.296,0.033,-0.338,-0.78,-0.78,-1.188,-1.968,0.0,-0.338,0.288,-0.626,-0.338,0.288,-0.626,2.078,-0.827,2.761,0.281,2.48,-0.144,-0.411,0.267,2.31,0.393,1.917,0.314,0.037,0.277,-0.132,-0.153,0.017,0.467,-1.423,-1.423,1.673,0.0,0.467,0.74,-0.273,0.467,0.74,-0.273,5.541,-0.162,3.641,-1.968,1.673,37434,18738,18696
1629636,Darius Garland,2024,2.19,0.003,2.187,0.396,0.125,0.271,0.996,-0.076,1.072,0.795,-0.037,0.832,-0.123,-0.388,0.26,-0.426,-0.814,-0.814,1.641,0.827,-0.0,-0.426,-0.101,-0.325,-0.426,-0.101,-0.325,0.879,0.47,0.334,0.002,0.332,-0.302,-0.056,-0.246,0.08,-0.011,0.091,0.554,0.017,0.537,0.288,0.209,0.082,0.4,-0.178,-0.178,1.022,0.844,-0.0,0.4,0.251,0.149,0.4,0.251,0.149,0.602,-0.192,2.525,0.005,2.52,0.094,0.069,0.025,1.077,-0.087,1.164,1.349,-0.02,1.369,0.165,-0.179,0.342,-0.026,-0.992,-0.992,1.671,-0.0,-0.026,0.15,-0.176,-0.026,0.15,-0.176,1.481,0.277,0.827,0.844,1.671,44150,22176,21974
101161,Amir Johnson,2024,-0.021,-0.029,0.008,0.302,-0.105,0.407,-0.556,-0.483,-0.073,0.262,-0.018,0.28,-0.654,-0.702,0.052,-0.693,0.79,0.79,-1.368,-0.578,-0.0,-0.693,-0.41,-0.283,-0.693,-0.41,-0.283,1.175,0.271,1.258,0.044,1.214,0.722,-0.107,0.829,-0.096,0.167,-0.263,0.588,0.005,0.583,0.426,0.236,0.185,-0.02,0.581,0.581,1.664,2.245,0.0,-0.02,0.17,-0.19,-0.02,0.17,-0.19,0.426,0.152,1.237,0.015,1.222,1.024,-0.212,1.236,-0.652,-0.316,-0.336,0.85,-0.013,0.863,-0.228,-0.466,0.237,-0.713,1.371,1.371,1.667,-0.0,-0.713,-0.24,-0.473,-0.713,-0.24,-0.473,1.6,0.423,-0.578,2.245,1.667,27184,13539,13645
203484,Kentavious Caldwell-Pope,2024,0.184,-0.017,0.201,0.241,-0.111,0.352,-0.152,-0.019,-0.133,0.112,0.027,0.085,0.093,0.409,-0.312,0.639,-0.031,-0.031,0.916,0.885,0.0,0.639,0.183,0.456,0.639,0.183,0.456,0.083,-0.251,1.313,0.087,1.226,-0.291,-0.094,-0.197,0.1,0.126,-0.026,1.417,0.026,1.391,-0.27,-0.22,-0.05,-0.02,-0.254,-0.254,1.023,0.769,0.0,-0.02,0.0,-0.02,-0.02,0.0,-0.02,1.758,-0.228,1.499,0.07,1.429,-0.05,-0.205,0.155,-0.051,0.107,-0.158,1.53,0.054,1.476,-0.177,0.189,-0.362,0.619,-0.285,-0.285,1.654,0.0,0.619,0.183,0.436,0.619,0.183,0.436,1.841,-0.478,0.885,0.769,1.654,102267,51102,51165
203121,Darius Miller,2024,1.24,-0.031,1.271,0.252,-0.17,0.422,0.18,0.081,0.099,0.839,0.009,0.83,0.375,0.212,0.161,0.244,-0.209,-0.209,1.859,1.65,0.0,0.244,0.316,-0.072,0.244,0.316,-0.072,1.85,0.131,1.453,-0.113,1.566,0.441,-0.02,0.461,-0.322,-0.069,-0.253,1.447,0.025,1.422,-0.446,-0.44,-0.007,-0.431,-0.606,-0.606,0.576,-0.03,-0.0,-0.431,-0.493,0.062,-0.431,-0.493,0.062,2.165,0.227,2.693,-0.144,2.837,0.692,-0.19,0.882,-0.141,0.012,-0.153,2.286,0.034,2.252,-0.071,-0.228,0.154,-0.187,-0.816,-0.816,1.62,0.0,-0.187,-0.177,-0.01,-0.187,-0.177,-0.01,4.015,0.358,1.65,-0.03,1.62,17642,8810,8832
1628420,Monte Morris,2024,0.924,0.211,0.713,0.218,-0.249,0.467,0.533,-0.388,0.921,-0.038,-0.025,-0.013,0.021,-0.002,0.019,0.888,-0.337,-0.337,1.833,1.496,-0.0,0.888,0.488,0.4,0.888,0.488,0.4,2.018,-0.086,0.712,0.04,0.672,0.194,-0.116,0.31,0.073,0.017,0.056,0.405,0.027,0.378,0.205,0.194,0.014,-0.2,-0.597,-0.597,0.717,0.12,0.0,-0.2,-0.018,-0.182,-0.2,-0.018,-0.182,-0.274,-0.584,1.637,0.251,1.386,0.412,-0.365,0.777,0.607,-0.371,0.978,0.367,0.002,0.365,0.226,0.192,0.033,0.688,-0.934,-0.934,1.616,-0.001,0.688,0.471,0.217,0.688,0.471,0.217,1.744,-0.671,1.496,0.12,1.615,42308,21161,21147
2403,Nene,2024,-0.37,-0.005,-0.365,0.045,0.099,-0.054,-0.402,0.072,-0.474,-0.008,0.005,-0.013,-0.249,0.277,-0.522,-0.514,-0.023,-0.023,-1.133,-1.156,0.0,-0.514,-0.345,-0.169,-0.514,-0.345,-0.169,-0.958,0.022,0.394,-0.006,0.4,0.17,0.145,0.025,0.005,0.076,-0.071,0.225,-0.037,0.262,-0.032,0.022,-0.057,0.74,1.648,1.648,1.102,2.75,0.0,0.74,0.183,0.557,0.74,0.183,0.557,1.92,0.467,0.023,-0.011,0.034,0.216,0.244,-0.028,-0.398,0.147,-0.545,0.216,-0.032,0.248,-0.281,0.299,-0.579,0.226,1.626,1.626,1.594,0.0,0.226,-0.162,0.388,0.226,-0.162,0.388,0.962,0.49,-1.156,2.75,1.594,25395,12690,12705
202335,Patrick Patterson,2024,-0.558,-0.308,-0.25,-0.169,-0.025,-0.144,0.575,0.275,0.3,-0.656,0.111,-0.767,0.125,0.331,-0.205,0.542,0.853,0.853,0.109,0.962,0.0,0.542,0.461,0.081,0.542,0.461,0.081,-2.447,-0.84,0.502,0.334,0.168,0.103,-0.091,0.194,-0.068,-0.116,0.048,0.133,-0.055,0.188,-0.138,-0.045,-0.095,0.629,-0.364,-0.364,0.993,0.629,0.0,0.629,0.372,0.257,0.629,0.372,0.257,1.183,0.222,-0.055,0.026,-0.081,-0.066,-0.116,0.05,0.508,0.159,0.349,-0.523,0.056,-0.579,-0.012,0.285,-0.301,1.172,0.489,0.489,1.591,-0.001,1.172,0.833,0.339,1.172,0.833,0.339,-1.264,-0.617,0.962,0.629,1.59,40574,20274,20300
201609,Goran Dragic,2024,1.13,-0.247,1.377,0.767,0.159,0.608,0.155,0.073,0.082,0.455,0.013,0.442,0.145,0.227,-0.079,0.407,-0.102,-0.102,1.682,1.58,0.0,0.407,0.364,0.043,0.407,0.364,0.043,0.298,0.133,0.528,0.038,0.49,-0.348,-0.147,-0.201,0.586,0.083,0.503,0.252,0.031,0.221,-0.258,-0.222,-0.038,0.003,-0.281,-0.281,0.273,-0.008,0.0,0.003,-0.013,0.016,0.003,-0.013,0.016,1.65,-0.226,1.658,-0.209,1.867,0.419,0.012,0.407,0.741,0.156,0.585,0.707,0.044,0.663,-0.113,0.006,-0.117,0.411,-0.383,-0.383,1.572,0.0,0.411,0.351,0.06,0.411,0.351,0.06,1.948,-0.093,1.58,-0.008,1.572,64122,32139,31983
203469,Cody Zeller,2024,-0.263,0.01,-0.273,-0.146,0.149,-0.295,-0.345,-0.185,-0.16,0.218,-0.026,0.244,-0.135,-0.249,0.12,-0.415,1.228,1.228,-0.813,0.415,-0.0,-0.415,-0.247,-0.168,-0.415,-0.247,-0.168,1.521,0.809,0.024,0.022,0.002,-0.028,0.031,-0.059,-0.555,-0.115,-0.44,0.585,-0.056,0.641,0.34,0.286,0.052,0.049,0.734,0.734,0.413,1.147,0.0,0.049,0.137,-0.088,0.049,0.137,-0.088,-1.255,-0.174,-0.238,0.032,-0.27,-0.174,0.18,-0.354,-0.9,-0.3,-0.6,0.804,-0.081,0.885,0.204,0.037,0.172,-0.366,1.962,1.962,1.562,0.0,-0.366,-0.11,-0.256,-0.366,-0.11,-0.256,0.266,0.635,0.415,1.147,1.562,41889,20972,20917
201162,Jared Dudley,2024,0.794,-0.335,1.129,0.065,0.241,-0.176,0.837,0.186,0.651,0.227,0.021,0.206,0.095,0.249,-0.148,-0.268,-0.761,-0.761,0.621,-0.14,0.0,-0.268,-0.032,-0.236,-0.268,-0.032,-0.236,0.302,-0.095,0.841,0.278,0.563,0.65,0.07,0.58,0.33,0.087,0.243,-0.417,-0.011,-0.406,-0.069,-0.161,0.088,1.077,-0.148,-0.148,1.849,1.701,0.0,1.077,0.459,0.618,1.077,0.459,0.618,1.451,0.482,1.635,-0.057,1.692,0.715,0.311,0.404,1.167,0.273,0.894,-0.19,0.01,-0.2,0.026,0.088,-0.06,0.809,-0.909,-0.909,1.561,-0.001,0.809,0.427,0.382,0.809,0.427,0.382,1.753,0.388,-0.14,1.701,1.56,32964,16489,16475
203460,Andre Roberson,2024,-1.677,-0.321,-1.356,0.168,0.104,0.064,0.061,0.207,-0.146,-1.585,0.014,-1.599,0.102,0.189,-0.079,-0.173,0.127,0.127,-1.748,-1.621,0.0,-0.173,-0.183,0.01,-0.173,-0.183,0.01,-2.358,0.197,1.435,0.169,1.266,0.361,-0.083,0.444,0.441,0.051,0.39,0.464,-0.007,0.471,0.087,0.005,0.077,0.919,0.739,0.739,2.441,3.18,0.0,0.919,0.657,0.262,0.919,0.657,0.262,2.257,0.487,-0.244,-0.152,-0.092,0.528,0.02,0.508,0.501,0.258,0.243,-1.121,0.007,-1.128,0.19,0.194,-0.002,0.745,0.866,0.866,1.559,0.0,0.745,0.474,0.271,0.745,0.474,0.271,-0.101,0.685,-1.621,3.18,1.559,28477,14233,14244
1629027,Trae Young,2024,3.361,0.318,3.043,0.89,0.005,0.885,1.575,0.418,1.157,0.578,0.013,0.565,1.349,0.704,0.643,0.474,-0.163,-0.163,5.184,5.021,0.0,0.474,-0.424,0.898,0.474,-0.424,0.898,-0.75,1.115,-2.266,-0.099,-2.167,-1.102,-0.207,-0.895,-0.688,-0.089,-0.599,-0.377,0.024,-0.401,-0.365,-0.278,-0.084,-0.219,-0.638,-0.638,-2.85,-3.488,0.0,-0.219,-0.298,0.079,-0.219,-0.298,0.079,-0.609,-0.749,1.093,0.219,0.874,-0.213,-0.202,-0.011,0.886,0.329,0.557,0.201,0.037,0.164,0.984,0.426,0.559,0.255,-0.801,-0.801,1.533,0.0,0.255,-0.722,0.977,0.255,-0.722,0.977,-1.358,0.366,5.021,-3.488,1.533,61851,30889,30962
204060,Joe Ingles,2024,1.832,0.024,1.808,0.592,0.062,0.53,0.419,0.563,-0.144,0.797,0.067,0.73,-0.065,0.22,-0.287,-0.361,-0.441,-0.441,1.406,0.965,-0.0,-0.361,-0.241,-0.12,-0.361,-0.241,-0.12,2.151,0.609,0.473,0.029,0.444,-0.564,-0.105,-0.459,0.197,0.067,0.13,0.811,0.02,0.791,-0.225,-0.228,0.002,0.112,0.186,0.186,0.36,0.546,0.0,0.112,0.27,-0.158,0.112,0.27,-0.158,3.655,0.112,2.304,0.053,2.251,0.027,-0.043,0.07,0.615,0.629,-0.014,1.609,0.088,1.521,-0.29,-0.008,-0.284,-0.249,-0.254,-0.254,1.511,-0.0,-0.249,0.029,-0.278,-0.249,0.029,-0.278,5.805,0.721,0.965,0.546,1.511,75375,37723,37652
204014,Damjan Rudez,2024,-0.029,-0.266,0.237,0.273,-0.036,0.309,-0.342,0.214,-0.556,0.306,0.101,0.205,-0.031,0.068,-0.092,0.077,0.549,0.549,0.017,0.566,-0.0,0.077,-0.124,0.201,0.077,-0.124,0.201,-0.788,-0.934,0.858,0.713,0.145,0.078,0.172,-0.094,-0.283,-0.011,-0.272,0.35,-0.007,0.357,-0.323,-0.385,0.059,0.112,0.298,0.298,0.647,0.945,0.0,0.112,-0.144,0.256,0.112,-0.144,0.256,2.154,0.412,0.829,0.447,0.382,0.351,0.136,0.215,-0.625,0.203,-0.828,0.656,0.094,0.562,-0.354,-0.317,-0.033,0.189,0.847,0.847,1.511,0.0,0.189,-0.268,0.457,0.189,-0.268,0.457,1.366,-0.523,0.566,0.945,1.511,7139,3563,3576
1631114,Jalen Williams,2024,0.651,0.125,0.526,0.977,0.199,0.778,-0.292,-0.237,-0.055,-0.159,-0.028,-0.131,-0.312,-0.21,-0.103,0.994,-0.682,-0.682,1.333,0.651,0.0,0.994,0.515,0.479,0.994,0.515,0.479,-0.225,0.678,0.329,-0.121,0.45,0.617,0.068,0.549,-0.199,-0.087,-0.112,0.032,0.003,0.029,-0.27,-0.307,0.037,1.115,-0.318,-0.318,1.174,0.856,0.0,1.115,0.476,0.639,1.115,0.476,0.639,0.206,0.094,0.978,0.004,0.974,1.593,0.267,1.326,-0.491,-0.324,-0.167,-0.128,-0.026,-0.102,-0.581,-0.517,-0.066,2.109,-1.0,-1.0,1.507,0.001,2.109,0.991,1.118,2.109,0.991,1.118,-0.019,0.771,0.651,0.856,1.508,20551,10271,10280
1631117,Walker Kessler,2024,0.511,0.29,0.221,0.458,-0.114,0.572,0.041,-0.016,0.057,-0.278,-0.005,-0.273,0.218,0.339,-0.122,-1.435,1.607,1.607,-0.706,0.901,0.0,-1.435,-0.915,-0.52,-1.435,-0.915,-0.52,0.179,0.751,1.469,-0.208,1.677,2.154,0.17,1.984,0.198,0.138,0.06,-0.675,0.018,-0.693,0.657,0.544,0.115,-1.118,-0.404,-0.404,1.008,0.604,-0.0,-1.118,-0.655,-0.463,-1.118,-0.655,-0.463,-1.132,0.766,1.978,0.082,1.896,2.612,0.056,2.556,0.237,0.121,0.116,-0.953,0.013,-0.966,0.875,0.882,-0.007,-2.553,1.203,1.203,1.505,-0.0,-2.553,-1.571,-0.982,-2.553,-1.571,-0.982,-0.953,1.518,0.901,0.604,1.505,13205,6589,6616
201572,Brook Lopez,2024,0.103,0.279,-0.176,0.431,0.041,0.39,0.179,-0.08,0.259,-0.786,-0.006,-0.78,-0.266,-0.277,0.01,-0.242,-0.439,-0.439,-0.405,-0.844,0.0,-0.242,-0.065,-0.177,-0.242,-0.065,-0.177,-0.628,-0.021,2.307,-0.141,2.448,1.912,0.362,1.55,0.962,0.634,0.328,-0.426,-0.019,-0.407,1.117,1.203,-0.087,-1.712,0.619,0.619,1.712,2.331,0.0,-1.712,-0.763,-0.949,-1.712,-0.763,-0.949,-1.12,0.952,2.408,0.138,2.27,2.342,0.402,1.94,1.14,0.554,0.586,-1.212,-0.025,-1.187,0.851,0.926,-0.077,-1.954,0.18,0.18,1.487,0.0,-1.954,-0.828,-1.126,-1.954,-0.828,-1.126,-1.748,0.931,-0.844,2.331,1.487,88595,44461,44134
203078,Bradley Beal,2024,2.121,0.141,1.98,0.58,0.159,0.421,0.726,-0.003,0.729,0.674,-0.026,0.7,0.607,0.23,0.378,-0.09,0.009,0.009,2.638,2.647,0.0,-0.09,0.071,-0.161,-0.09,0.071,-0.161,1.097,0.522,-0.93,-0.135,-0.795,-0.426,-0.017,-0.409,0.285,-0.009,0.294,-0.654,0.002,-0.656,-0.132,-0.086,-0.044,0.082,-0.201,-0.201,-0.98,-1.181,0.0,0.082,0.204,-0.122,0.082,0.204,-0.122,-0.991,-0.342,1.19,0.006,1.184,0.155,0.142,0.013,1.01,-0.012,1.022,0.019,-0.025,0.044,0.476,0.144,0.333,-0.008,-0.191,-0.191,1.466,0.001,-0.008,0.275,-0.283,-0.008,0.275,-0.283,0.106,0.18,2.647,-1.181,1.467,90567,45285,45282
1630198,Isaiah Joe,2024,0.427,0.154,0.273,-0.349,-0.247,-0.102,0.336,0.124,0.212,0.286,-0.009,0.295,0.838,0.408,0.429,0.539,-0.096,-0.096,1.804,1.708,0.0,0.539,0.563,-0.024,0.539,0.563,-0.024,-1.178,-1.433,-0.88,0.107,-0.987,0.087,0.235,-0.148,-0.31,-0.17,-0.14,-0.764,-0.004,-0.76,-0.653,-0.909,0.259,1.284,-0.025,-0.025,-0.249,-0.274,-0.0,1.284,0.114,1.17,1.284,0.114,1.17,0.604,0.576,-0.454,0.261,-0.715,-0.262,-0.012,-0.25,0.025,-0.047,0.072,-0.478,-0.013,-0.465,0.185,-0.502,0.687,1.823,-0.121,-0.121,1.434,0.0,1.823,0.677,1.146,1.823,0.677,1.146,-0.575,-0.857,1.708,-0.274,1.434,16620,8381,8239
2594,Kyle Korver,2024,2.052,-0.098,2.15,0.597,0.152,0.445,0.559,0.403,0.156,0.994,0.126,0.868,-0.304,-0.344,0.044,-0.598,-0.212,-0.212,1.15,0.938,0.0,-0.598,-0.627,0.029,-0.598,-0.627,0.029,4.887,0.566,0.688,0.152,0.536,0.713,-0.091,0.804,-0.077,-0.001,-0.076,-0.1,-0.041,-0.059,0.245,0.251,-0.008,-0.202,-0.247,-0.247,0.731,0.484,0.0,-0.202,-0.205,0.003,-0.202,-0.205,0.003,-1.029,0.035,2.74,0.054,2.686,1.31,0.061,1.249,0.482,0.402,0.08,0.894,0.085,0.809,-0.059,-0.093,0.036,-0.8,-0.46,-0.46,1.422,0.0,-0.8,-0.832,0.032,-0.8,-0.832,0.032,3.858,0.6,0.938,0.484,1.422,49046,24713,24333
1629008,Michael Porter Jr.,2024,2.173,0.322,1.851,0.705,0.026,0.679,0.132,-0.028,0.16,1.014,-0.031,1.045,-0.45,-0.555,0.098,0.62,0.071,0.071,2.343,2.414,0.0,0.62,-0.264,0.884,0.62,-0.264,0.884,2.733,0.708,0.228,-0.147,0.375,-0.081,-0.063,-0.018,0.125,-0.201,0.326,0.331,0.005,0.326,-0.372,-0.193,-0.176,-0.372,-0.501,-0.501,-0.516,-1.017,0.0,-0.372,0.054,-0.426,-0.372,0.054,-0.426,-1.974,-0.659,2.402,0.175,2.227,0.625,-0.037,0.662,0.257,-0.229,0.486,1.345,-0.026,1.371,-0.822,-0.748,-0.078,0.248,-0.43,-0.43,1.397,-0.0,0.248,-0.21,0.458,0.248,-0.21,0.458,0.758,0.049,2.414,-1.017,1.397,37379,18767,18612
2561,David West,2024,-0.512,-0.13,-0.382,-0.144,-0.116,-0.028,0.301,-0.886,1.187,-0.539,-0.127,-0.412,-0.387,-0.349,-0.033,0.052,-0.95,-0.95,-0.847,-1.797,0.0,0.052,-0.374,0.426,0.052,-0.374,0.426,2.398,0.171,1.936,0.219,1.717,0.329,0.031,0.298,1.142,0.282,0.86,0.246,0.02,0.226,0.402,0.322,0.077,0.121,0.723,0.723,2.459,3.182,0.0,0.121,0.14,-0.019,0.121,0.14,-0.019,0.843,0.294,1.423,0.089,1.334,0.184,-0.086,0.27,1.443,-0.604,2.047,-0.293,-0.107,-0.186,0.015,-0.027,0.043,0.172,-0.227,-0.227,1.385,0.0,0.172,-0.234,0.406,0.172,-0.234,0.406,3.241,0.465,-1.797,3.182,1.385,19576,9778,9798
1626159,Justise Winslow,2024,-0.549,-0.068,-0.481,-0.012,0.043,-0.055,-0.36,0.044,-0.404,-0.109,-0.034,-0.075,-0.302,0.164,-0.463,-0.388,-0.262,-0.262,-1.239,-1.501,0.0,-0.388,-0.277,-0.111,-0.388,-0.277,-0.111,-0.264,0.099,1.429,-0.094,1.523,0.842,0.187,0.655,0.06,0.095,-0.035,0.621,0.017,0.604,-0.074,-0.187,0.112,0.444,1.068,1.068,1.799,2.867,0.0,0.444,0.32,0.124,0.444,0.32,0.124,2.671,0.969,0.878,-0.162,1.04,0.829,0.229,0.6,-0.3,0.139,-0.439,0.511,-0.018,0.529,-0.376,-0.023,-0.351,0.056,0.805,0.805,1.366,0.0,0.056,0.044,0.012,0.056,0.044,0.012,2.407,1.067,-1.501,2.867,1.366,39033,19512,19521
1630559,Austin Reaves,2024,1.214,0.223,0.991,1.2,0.006,1.194,0.231,0.213,0.018,-0.44,0.005,-0.445,0.773,0.717,0.05,0.221,-0.756,-0.756,2.208,1.452,-0.0,0.221,0.306,-0.085,0.221,0.306,-0.085,-0.968,0.692,0.194,-0.029,0.223,0.294,0.172,0.122,-0.314,0.074,-0.388,0.243,0.027,0.216,0.335,0.407,-0.07,-0.569,-0.048,-0.048,-0.04,-0.088,-0.0,-0.569,-0.472,-0.097,-0.569,-0.472,-0.097,-0.123,0.44,1.407,0.194,1.213,1.492,0.177,1.315,-0.083,0.287,-0.37,-0.196,0.033,-0.229,1.108,1.124,-0.02,-0.348,-0.804,-0.804,1.364,-0.0,-0.348,-0.166,-0.182,-0.348,-0.166,-0.182,-1.091,1.132,1.452,-0.088,1.364,27538,13780,13758
1630162,Anthony Edwards,2024,1.879,0.579,1.3,0.828,0.272,0.556,0.205,0.536,-0.331,0.267,0.003,0.264,0.339,0.32,0.009,0.179,-0.882,-0.882,2.397,1.515,0.0,0.179,0.281,-0.102,0.179,0.281,-0.102,-2.024,0.061,-0.398,-0.273,-0.125,-0.422,-0.071,-0.351,-0.486,-0.27,-0.216,0.783,-0.002,0.785,-0.347,-0.49,0.148,0.536,0.052,0.052,-0.209,-0.157,-0.0,0.536,0.234,0.302,0.536,0.234,0.302,-0.297,-0.541,1.482,0.306,1.176,0.407,0.202,0.205,-0.281,0.266,-0.547,1.05,0.001,1.049,-0.008,-0.17,0.157,0.715,-0.83,-0.83,1.358,0.0,0.715,0.515,0.2,0.715,0.515,0.2,-2.321,-0.48,1.515,-0.157,1.358,46868,23418,23450
200746,LaMarcus Aldridge,2024,-0.623,-0.029,-0.594,-0.067,-0.352,0.285,-0.301,-1.367,1.066,-0.226,-0.085,-0.141,-0.294,-0.629,0.34,0.303,0.88,0.88,-0.614,0.266,0.0,0.303,0.164,0.139,0.303,0.164,0.139,-0.003,-0.864,0.661,-0.055,0.716,0.493,0.156,0.337,0.685,0.573,0.112,-0.462,0.034,-0.496,0.554,0.625,-0.073,-0.857,0.706,0.706,0.358,1.064,0.0,-0.857,-0.249,-0.608,-0.857,-0.249,-0.608,-0.8,0.493,0.038,-0.084,0.122,0.426,-0.196,0.622,0.384,-0.794,1.178,-0.688,-0.051,-0.637,0.26,-0.004,0.267,-0.554,1.587,1.587,1.33,-0.001,-0.554,-0.085,-0.469,-0.554,-0.085,-0.469,-0.803,-0.371,0.266,1.064,1.329,65385,32724,32661
203186,Willie Reed,2024,-0.615,0.063,-0.678,-0.073,-0.183,0.11,0.284,-0.212,0.496,-0.889,-0.023,-0.866,-0.229,0.206,-0.431,0.047,0.282,0.282,-0.797,-0.515,-0.0,0.047,-0.142,0.189,0.047,-0.142,0.189,-1.863,-0.355,0.491,-0.038,0.529,0.607,-0.05,0.657,-0.747,0.047,-0.794,0.669,0.036,0.633,0.092,0.135,-0.045,0.671,0.578,0.578,1.254,1.832,0.0,0.671,0.107,0.564,0.671,0.107,0.564,1.73,0.13,-0.125,0.025,-0.15,0.533,-0.234,0.767,-0.463,-0.165,-0.298,-0.22,0.013,-0.233,-0.137,0.342,-0.477,0.718,0.86,0.86,1.317,0.0,0.718,-0.034,0.752,0.718,-0.034,0.752,-0.133,-0.225,-0.515,1.832,1.317,9510,4778,4732
1628998,Cody Martin,2024,1.046,0.223,0.823,0.502,0.194,0.308,0.004,0.284,-0.28,0.317,-0.021,0.338,-0.146,0.245,-0.392,0.065,0.175,0.175,0.965,1.14,-0.0,0.065,-0.196,0.261,0.065,-0.196,0.261,1.181,0.719,-1.591,-0.008,-1.583,-0.407,0.067,-0.474,-0.619,-0.151,-0.468,-0.557,-0.011,-0.546,0.155,0.13,0.028,1.022,0.59,0.59,-0.414,0.176,-0.0,1.022,0.576,0.446,1.022,0.576,0.446,-0.996,0.058,-0.546,0.215,-0.761,0.095,0.261,-0.166,-0.616,0.133,-0.749,-0.24,-0.032,-0.208,0.01,0.375,-0.364,1.086,0.765,0.765,1.316,-0.0,1.086,0.38,0.706,1.086,0.38,0.706,0.185,0.776,1.14,0.176,1.316,18273,9119,9154
1628989,Kevin Huerter,2024,1.895,0.105,1.79,0.364,-0.079,0.443,0.662,0.26,0.402,0.764,0.009,0.755,-0.662,-0.617,-0.051,0.469,-0.214,-0.214,1.702,1.488,0.0,0.469,0.134,0.335,0.469,0.134,0.335,3.528,0.202,0.03,-0.039,0.069,-0.603,-0.12,-0.483,0.24,-0.137,0.377,0.432,0.021,0.411,-0.034,-0.051,0.021,-0.345,0.172,0.172,-0.349,-0.177,0.0,-0.345,0.263,-0.608,-0.345,0.263,-0.608,0.379,-0.524,1.925,0.066,1.859,-0.239,-0.199,-0.04,0.902,0.123,0.779,1.196,0.03,1.166,-0.697,-0.668,-0.031,0.124,-0.042,-0.042,1.311,0.0,0.124,0.397,-0.273,0.124,0.397,-0.273,3.907,-0.323,1.488,-0.177,1.311,51827,25860,25967
1629723,John Konchar,2024,-1.248,-0.069,-1.179,-0.134,-0.019,-0.115,-0.87,0.065,-0.935,-0.175,0.008,-0.183,-0.224,0.086,-0.321,-0.013,1.815,1.815,-1.485,0.33,-0.0,-0.013,0.095,-0.108,-0.013,0.095,-0.108,0.069,0.154,0.093,0.007,0.086,-0.08,-0.177,0.097,-0.138,-0.235,0.097,0.304,0.006,0.298,-0.081,-0.07,-0.01,0.593,0.368,0.368,0.605,0.973,0.0,0.593,0.318,0.275,0.593,0.318,0.275,-0.414,-0.471,-1.154,-0.062,-1.092,-0.214,-0.196,-0.018,-1.008,-0.17,-0.838,0.13,0.014,0.116,-0.305,0.016,-0.331,0.579,2.182,2.182,1.303,0.0,0.579,0.414,0.165,0.579,0.414,0.165,-0.344,-0.317,0.33,0.973,1.303,19905,9949,9956
1627763,Malcolm Brogdon,2024,0.531,0.076,0.455,-0.165,0.285,-0.45,0.231,0.517,-0.286,0.389,0.004,0.385,0.209,0.056,0.151,0.611,0.127,0.127,1.351,1.478,0.0,0.611,0.556,0.055,0.611,0.556,0.055,-0.175,0.029,0.099,-0.114,0.213,-0.322,-0.125,-0.197,0.397,0.036,0.361,0.138,0.042,0.096,0.03,-0.037,0.07,-0.301,-0.009,-0.009,-0.172,-0.181,0.0,-0.301,-0.041,-0.26,-0.301,-0.041,-0.26,0.215,-0.504,0.631,-0.038,0.669,-0.487,0.159,-0.646,0.629,0.554,0.075,0.527,0.046,0.481,0.239,0.019,0.221,0.311,0.118,0.118,1.297,-0.001,0.311,0.515,-0.204,0.311,0.515,-0.204,0.041,-0.476,1.478,-0.181,1.296,56385,28206,28179
200752,Rudy Gay,2024,-0.689,-0.044,-0.645,0.216,-0.016,0.232,-0.825,-0.386,-0.439,-0.036,-0.078,0.042,0.398,0.26,0.141,-0.047,0.312,0.312,-0.338,-0.026,-0.0,-0.047,0.024,-0.071,-0.047,0.024,-0.071,-3.359,-0.365,0.994,-0.095,1.089,-0.042,0.138,-0.18,0.357,0.012,0.345,0.774,-0.052,0.826,0.24,0.162,0.077,0.018,0.07,0.07,1.252,1.322,0.0,0.018,0.141,-0.123,0.018,0.141,-0.123,0.039,0.315,0.305,-0.139,0.444,0.175,0.122,0.053,-0.469,-0.375,-0.094,0.738,-0.13,0.868,0.638,0.421,0.218,-0.029,0.383,0.383,1.296,-0.0,-0.029,0.165,-0.194,-0.029,0.165,-0.194,-3.32,-0.05,-0.026,1.322,1.296,55001,27529,27472
1628379,Luke Kennard,2024,2.912,0.216,2.696,0.111,-0.246,0.357,0.078,0.06,0.018,2.507,-0.002,2.509,0.156,-0.147,0.294,0.206,-1.019,-1.019,3.274,2.255,0.0,0.206,0.18,0.026,0.206,0.18,0.026,3.085,-0.488,0.449,-0.088,0.537,0.166,-0.132,0.298,-0.284,-0.062,-0.222,0.655,0.014,0.641,-0.225,-0.1,-0.121,-0.586,-0.612,-0.612,-0.362,-0.974,0.0,-0.586,-0.379,-0.207,-0.586,-0.379,-0.207,0.511,-0.303,3.359,0.128,3.231,0.277,-0.378,0.655,-0.207,-0.003,-0.204,3.161,0.012,3.149,-0.069,-0.247,0.172,-0.38,-1.631,-1.631,1.281,0.0,-0.38,-0.2,-0.18,-0.38,-0.2,-0.18,3.596,-0.791,2.255,-0.974,1.281,38768,19410,19358
203544,Pero Antic,2024,-1.574,-0.458,-1.116,-0.38,0.056,-0.436,-0.112,0.525,-0.637,-0.624,0.237,-0.861,0.363,0.342,0.032,0.596,0.123,0.123,-0.615,-0.492,0.0,0.596,0.744,-0.148,0.596,0.744,-0.148,-0.448,-0.793,0.758,0.298,0.46,-0.364,-0.052,-0.312,0.371,-0.108,0.479,0.453,-0.049,0.502,-0.248,-0.238,-0.018,0.921,0.307,0.307,1.431,1.738,0.0,0.921,0.254,0.667,0.921,0.254,0.667,0.107,0.157,-0.815,-0.16,-0.655,-0.743,0.004,-0.747,0.26,0.418,-0.158,-0.172,0.188,-0.36,0.115,0.103,0.014,1.518,0.43,0.43,1.246,-0.001,1.518,0.998,0.52,1.518,0.998,0.52,-0.341,-0.636,-0.492,1.738,1.245,5847,2930,2917
203962,Josh Huestis,2024,0.379,-0.047,0.426,0.348,-0.236,0.584,-0.645,-0.051,-0.594,0.723,-0.007,0.73,-0.408,0.243,-0.647,0.466,0.481,0.481,0.437,0.918,0.0,0.466,-0.063,0.529,0.466,-0.063,0.529,0.99,0.19,0.89,0.282,0.608,0.508,0.08,0.428,0.201,-0.097,0.298,-0.101,0.003,-0.104,-0.009,0.012,-0.024,-0.534,-0.032,-0.032,0.347,0.315,0.0,-0.534,-0.195,-0.339,-0.534,-0.195,-0.339,-0.463,0.23,1.269,0.235,1.034,0.856,-0.156,1.012,-0.445,-0.149,-0.296,0.623,-0.003,0.626,-0.417,0.256,-0.67,-0.068,0.449,0.449,1.233,0.0,-0.068,-0.258,0.19,-0.068,-0.258,0.19,0.527,0.42,0.918,0.315,1.233,4854,2430,2424
203087,Jeremy Lamb,2024,-0.712,0.043,-0.755,-0.433,-0.181,-0.252,-0.071,-0.283,0.212,-0.251,-0.009,-0.242,0.672,0.218,0.454,0.605,1.032,1.032,0.565,1.597,0.0,0.605,0.665,-0.06,0.605,0.665,-0.06,-2.692,-0.763,-0.119,0.061,-0.18,0.456,0.025,0.431,-0.201,-0.045,-0.156,-0.435,-0.026,-0.409,-0.057,0.029,-0.086,0.029,-0.261,-0.261,-0.147,-0.408,0.0,0.029,0.062,-0.033,0.029,0.062,-0.033,-0.61,0.159,-0.83,0.104,-0.934,0.023,-0.156,0.179,-0.271,-0.327,0.056,-0.686,-0.034,-0.652,0.615,0.247,0.369,0.634,0.771,0.771,1.189,0.0,0.634,0.728,-0.094,0.634,0.728,-0.094,-3.302,-0.604,1.597,-0.408,1.189,41650,20861,20789
1629162,Jordan McLaughlin,2024,1.603,-0.024,1.627,0.503,0.331,0.172,0.135,0.513,-0.378,0.989,0.008,0.981,-0.343,-0.271,-0.076,0.326,-1.754,-1.754,1.586,-0.168,-0.0,0.326,0.145,0.181,0.326,0.145,0.181,5.362,1.237,0.586,0.009,0.577,0.05,0.034,0.016,0.146,0.074,0.072,0.381,0.013,0.368,-0.388,-0.413,0.026,1.18,-0.032,-0.032,1.378,1.346,0.0,1.18,0.359,0.821,1.18,0.359,0.821,2.238,0.354,2.189,-0.015,2.204,0.553,0.365,0.188,0.281,0.587,-0.306,1.37,0.021,1.349,-0.731,-0.684,-0.05,1.506,-1.786,-1.786,1.178,0.0,1.506,0.504,1.002,1.506,0.504,1.002,7.6,1.59,-0.168,1.346,1.178,16260,8104,8156
201152,Thaddeus Young,2024,-0.193,-0.113,-0.08,-0.01,0.215,-0.225,-0.463,-0.519,0.056,0.393,-0.09,0.483,-0.527,-0.35,-0.179,-0.192,1.022,1.022,-0.912,0.11,-0.0,-0.192,-0.61,0.418,-0.192,-0.61,0.418,1.785,0.755,-0.985,-0.108,-0.877,-1.007,-0.185,-0.822,-0.474,-0.115,-0.359,0.604,-0.007,0.611,0.234,0.198,0.035,1.558,0.223,0.223,0.807,1.03,0.0,1.558,0.634,0.924,1.558,0.634,0.924,-0.843,-0.571,-1.178,-0.221,-0.957,-1.016,0.031,-1.047,-0.938,-0.635,-0.303,0.997,-0.097,1.094,-0.294,-0.152,-0.145,1.366,1.245,1.245,1.14,-0.0,1.366,0.024,1.342,1.366,0.024,1.342,0.941,0.184,0.11,1.03,1.14,63214,31574,31640
201988,Patty Mills,2024,-0.498,0.051,-0.549,-0.648,-0.357,-0.291,-0.319,0.052,-0.371,0.418,0.06,0.358,0.258,-0.105,0.36,0.924,0.127,0.127,0.684,0.811,0.0,0.924,0.423,0.501,0.924,0.423,0.501,1.287,-0.617,0.54,0.027,0.513,0.029,0.017,0.012,-0.364,-0.049,-0.315,0.848,0.041,0.807,-0.236,-0.34,0.11,0.282,-0.258,-0.258,0.586,0.328,-0.0,0.282,-0.079,0.361,0.282,-0.079,0.361,1.763,-0.185,0.041,0.078,-0.037,-0.619,-0.34,-0.279,-0.684,0.003,-0.687,1.266,0.101,1.165,0.022,-0.445,0.469,1.206,-0.131,-0.131,1.139,-0.0,1.206,0.344,0.862,1.206,0.344,0.862,3.051,-0.802,0.811,0.328,1.139,64101,32163,31938
201960,DeMarre Carroll,2024,-0.952,-0.255,-0.697,0.021,-0.116,0.137,-0.238,-0.009,-0.229,-0.48,0.04,-0.52,0.312,0.336,-0.019,0.058,0.937,0.937,-0.582,0.355,-0.0,0.058,0.365,-0.307,0.058,0.365,-0.307,-1.618,-0.513,0.207,0.184,0.023,-0.103,-0.019,-0.084,0.212,0.091,0.121,-0.086,-0.022,-0.064,0.276,0.293,-0.022,0.516,-0.218,-0.218,0.999,0.781,0.0,0.516,0.052,0.464,0.516,0.052,0.464,0.091,0.214,-0.744,-0.071,-0.673,-0.082,-0.135,0.053,-0.025,0.082,-0.107,-0.566,0.018,-0.584,0.588,0.629,-0.041,0.574,0.719,0.719,1.136,-0.0,0.574,0.417,0.157,0.574,0.417,0.157,-1.527,-0.299,0.355,0.781,1.136,41821,20887,20934
1628988,Aaron Holiday,2024,-0.25,-0.086,-0.164,-0.849,0.039,-0.888,0.166,-0.148,0.314,0.519,-0.027,0.546,-0.134,-0.206,0.066,0.628,0.247,0.247,0.244,0.491,0.0,0.628,0.506,0.122,0.628,0.506,0.122,-0.41,-0.3,1.217,0.194,1.023,0.251,0.031,0.22,0.29,0.005,0.285,0.482,0.011,0.471,-0.208,-0.23,0.023,0.447,-0.812,-0.812,1.456,0.644,-0.0,0.447,0.057,0.39,0.447,0.057,0.39,0.188,-0.028,0.967,0.108,0.859,-0.598,0.07,-0.668,0.456,-0.143,0.599,1.001,-0.016,1.017,-0.343,-0.436,0.089,1.075,-0.565,-0.565,1.135,-0.0,1.075,0.562,0.513,1.075,0.562,0.513,-0.222,-0.328,0.491,0.644,1.135,27498,13746,13752
1629661,Cameron Johnson,2024,-0.534,0.177,-0.711,-0.455,-0.124,-0.331,-0.258,0.177,-0.435,0.002,0.007,-0.005,0.272,0.065,0.204,0.363,0.503,0.503,0.101,0.604,0.0,0.363,0.068,0.295,0.363,0.068,0.295,1.58,-0.375,0.144,-0.025,0.169,0.243,0.043,0.2,0.309,0.046,0.263,-0.383,0.013,-0.396,0.175,0.068,0.109,-0.009,0.203,0.203,0.31,0.513,0.0,-0.009,-0.015,0.006,-0.009,-0.015,0.006,0.878,0.328,-0.389,0.152,-0.541,-0.212,-0.081,-0.131,0.051,0.223,-0.172,-0.38,0.021,-0.401,0.447,0.133,0.313,0.354,0.706,0.706,1.117,0.0,0.354,0.053,0.301,0.354,0.053,0.301,2.458,-0.047,0.604,0.513,1.117,32847,16446,16401
1627827,Dorian Finney-Smith,2024,-0.192,-0.025,-0.167,0.068,-0.139,0.207,0.034,0.281,-0.247,-0.269,0.035,-0.304,-0.386,-0.277,-0.113,0.533,0.438,0.438,-0.045,0.393,0.0,0.533,0.419,0.114,0.533,0.419,0.114,1.384,-0.244,0.377,0.003,0.374,-0.13,0.013,-0.143,0.15,0.076,0.074,0.354,0.005,0.349,0.209,0.194,0.017,0.16,-0.037,-0.037,0.746,0.709,0.0,0.16,0.238,-0.078,0.16,0.238,-0.078,0.961,0.127,0.185,-0.022,0.207,-0.061,-0.125,0.064,0.184,0.358,-0.174,0.084,0.04,0.044,-0.177,-0.082,-0.096,0.692,0.402,0.402,1.102,-0.001,0.692,0.657,0.035,0.692,0.657,0.035,2.345,-0.117,0.393,0.709,1.101,63389,31641,31748
1626149,Montrezl Harrell,2024,0.115,0.133,-0.018,0.585,0.269,0.316,-0.366,-0.206,-0.16,-0.237,-0.091,-0.146,0.237,0.751,-0.513,-0.564,0.936,0.936,-0.212,0.724,-0.0,-0.564,-0.637,0.073,-0.564,-0.637,0.073,-0.746,1.453,0.615,-0.114,0.729,0.14,0.156,-0.016,0.191,0.142,0.049,0.398,0.0,0.398,0.194,0.137,0.06,-0.361,-0.071,-0.071,0.448,0.377,0.0,-0.361,-0.374,0.013,-0.361,-0.374,0.013,0.171,0.109,0.73,0.019,0.711,0.725,0.425,0.3,-0.175,-0.064,-0.111,0.161,-0.091,0.252,0.431,0.887,-0.453,-0.926,0.865,0.865,1.101,0.0,-0.926,-1.011,0.085,-0.926,-1.011,0.085,-0.575,1.562,0.724,0.377,1.101,45410,22732,22678
202704,Reggie Jackson,2024,0.196,-0.158,0.354,-0.316,-0.095,-0.221,0.42,0.141,0.279,0.25,0.042,0.208,-0.064,0.002,-0.07,0.564,-0.208,-0.208,0.696,0.488,0.0,0.564,0.329,0.235,0.564,0.329,0.235,-1.5,-0.661,0.852,0.088,0.764,0.502,0.071,0.431,-0.019,0.17,-0.189,0.281,-0.006,0.287,0.195,0.197,-0.005,-0.1,-0.342,-0.342,0.947,0.605,0.0,-0.1,-0.144,0.044,-0.1,-0.144,0.044,0.323,0.15,1.049,-0.07,1.119,0.186,-0.024,0.21,0.402,0.312,0.09,0.531,0.036,0.495,0.131,0.199,-0.075,0.464,-0.549,-0.549,1.093,0.0,0.464,0.185,0.279,0.464,0.185,0.279,-1.177,-0.511,0.488,0.605,1.093,73578,36767,36811
203521,Matthew Dellavedova,2024,0.576,-0.356,0.932,0.233,-0.088,0.321,0.239,0.296,-0.057,0.46,0.107,0.353,0.124,0.095,0.027,0.038,-1.015,-1.015,0.738,-0.277,-0.0,0.038,-0.093,0.131,0.038,-0.093,0.131,3.522,0.477,0.766,0.162,0.604,0.226,0.15,0.076,0.004,0.032,-0.028,0.374,-0.035,0.409,0.034,-0.127,0.16,0.013,0.547,0.547,0.813,1.36,0.0,0.013,-0.05,0.063,0.013,-0.05,0.063,0.954,0.263,1.342,-0.194,1.536,0.458,0.061,0.397,0.244,0.329,-0.085,0.834,0.072,0.762,0.158,-0.032,0.186,0.051,-0.468,-0.468,1.083,-0.0,0.051,-0.143,0.194,0.051,-0.143,0.194,4.476,0.739,-0.277,1.36,1.083,34987,17531,17456
101141,Ersan Ilyasova,2024,-0.172,-0.03,-0.142,-0.146,0.133,-0.279,0.116,0.166,-0.05,-0.112,0.034,-0.146,-0.397,-0.165,-0.226,-0.114,1.08,1.08,-0.683,0.397,-0.0,-0.114,-0.069,-0.045,-0.114,-0.069,-0.045,0.734,-0.025,-0.846,-0.013,-0.833,0.069,-0.004,0.073,-0.095,-0.047,-0.048,-0.807,-0.014,-0.793,-0.078,-0.219,0.138,0.895,0.71,0.71,-0.029,0.681,0.0,0.895,-0.21,1.105,0.895,-0.21,1.105,-0.572,0.299,-1.023,-0.043,-0.98,-0.078,0.129,-0.207,0.019,0.118,-0.099,-0.921,0.019,-0.94,-0.475,-0.384,-0.087,0.781,1.79,1.79,1.078,-0.0,0.781,-0.279,1.06,0.781,-0.279,1.06,0.162,0.274,0.397,0.681,1.078,43119,21546,21573
200826,J.J. Barea,2024,1.961,-0.071,2.032,1.168,0.071,1.097,0.945,0.095,0.85,-0.081,0.06,-0.141,0.022,-0.069,0.093,0.859,-0.455,-0.455,2.842,2.387,0.0,0.859,0.411,0.448,0.859,0.411,0.448,0.926,0.49,-1.503,0.133,-1.636,-0.516,0.098,-0.614,0.03,0.088,-0.058,-1.15,-0.024,-1.126,-0.001,-0.114,0.112,0.63,-0.443,-0.443,-0.874,-1.317,-0.0,0.63,-0.183,0.813,0.63,-0.183,0.813,-1.19,-0.246,0.458,0.062,0.396,0.652,0.169,0.483,0.975,0.183,0.792,-1.231,0.036,-1.267,0.021,-0.184,0.205,1.488,-0.899,-0.899,1.07,0.001,1.488,0.228,1.26,1.488,0.228,1.26,-0.264,0.244,2.387,-1.317,1.071,28297,14238,14059
1629001,De'Anthony Melton,2024,0.184,0.112,0.072,-0.311,-0.067,-0.244,-0.288,0.123,-0.411,0.671,0.001,0.67,-0.231,-0.115,-0.118,0.021,0.723,0.723,-0.026,0.697,0.0,0.021,0.051,-0.03,0.021,0.051,-0.03,2.468,-0.092,-0.54,-0.081,-0.459,0.172,-0.075,0.247,0.017,-0.009,0.026,-0.648,0.017,-0.665,-0.337,-0.381,0.044,1.134,0.117,0.117,0.257,0.374,0.0,1.134,0.676,0.458,1.134,0.676,0.458,0.417,-0.124,-0.357,0.031,-0.388,-0.14,-0.142,0.002,-0.271,0.114,-0.385,0.023,0.018,0.005,-0.568,-0.496,-0.074,1.155,0.841,0.841,1.071,0.0,1.155,0.727,0.428,1.155,0.727,0.428,2.885,-0.217,0.697,0.374,1.071,35283,17637,17646
201569,Eric Gordon,2024,1.055,-0.003,1.058,0.307,0.249,0.058,0.788,0.826,-0.038,-0.037,0.082,-0.119,0.39,0.084,0.304,-0.051,-0.079,-0.079,1.394,1.315,0.0,-0.051,0.236,-0.287,-0.051,0.236,-0.287,0.225,-0.187,0.732,0.093,0.639,-0.576,-0.016,-0.56,0.764,0.012,0.752,0.451,0.009,0.442,0.136,0.124,0.014,-0.441,-0.68,-0.68,0.427,-0.253,0.0,-0.441,-0.39,-0.051,-0.441,-0.39,-0.051,0.867,-0.172,1.788,0.09,1.698,-0.268,0.234,-0.502,1.552,0.838,0.714,0.414,0.091,0.323,0.526,0.208,0.318,-0.493,-0.759,-0.759,1.062,0.0,-0.493,-0.153,-0.34,-0.493,-0.153,-0.34,1.092,-0.359,1.315,-0.253,1.062,77353,38658,38695
1631132,Christian Koloko,2024,-2.399,0.36,-2.759,-0.853,-0.097,-0.756,-0.871,-0.267,-0.604,-1.035,-0.047,-0.988,0.056,0.072,-0.014,0.531,1.165,1.165,-1.812,-0.647,-0.0,0.531,0.413,0.118,0.531,0.413,0.118,-2.335,-0.051,0.114,-0.03,0.144,0.325,0.163,0.162,0.023,-0.109,0.132,-0.204,0.01,-0.214,-0.24,-0.303,0.061,0.643,1.174,1.174,0.517,1.691,0.0,0.643,0.368,0.275,0.643,0.368,0.275,0.829,0.487,-2.284,0.33,-2.614,-0.527,0.066,-0.593,-0.848,-0.376,-0.472,-1.239,-0.037,-1.202,-0.183,-0.23,0.048,1.174,2.34,2.34,1.044,0.0,1.174,0.781,0.393,1.174,0.781,0.393,-1.506,0.436,-0.647,1.691,1.044,3278,1640,1638
2736,Luol Deng,2024,0.644,-0.354,0.998,0.54,0.127,0.413,0.145,-0.258,0.403,0.313,-0.05,0.363,-0.047,-0.127,0.084,-0.15,-0.259,-0.259,0.447,0.188,0.0,-0.15,-0.178,0.028,-0.15,-0.178,0.028,0.056,0.113,0.266,0.215,0.051,-0.875,-0.143,-0.732,0.165,0.213,-0.048,0.761,0.017,0.744,0.133,0.113,0.014,0.189,0.235,0.235,0.588,0.823,-0.0,0.189,0.24,-0.051,0.189,0.24,-0.051,1.413,-0.287,0.909,-0.139,1.048,-0.336,-0.017,-0.319,0.31,-0.045,0.355,1.074,-0.033,1.107,0.086,-0.014,0.098,0.038,-0.024,-0.024,1.011,-0.0,0.038,0.062,-0.024,0.038,0.062,-0.024,1.469,-0.174,0.188,0.823,1.011,28175,14083,14092
101150,Lou Williams,2024,0.287,0.008,0.279,0.154,-0.009,0.163,0.194,-0.018,0.212,-0.069,0.016,-0.085,1.557,0.821,0.736,0.765,-0.072,-0.072,2.609,2.537,0.0,0.765,0.034,0.731,0.765,0.034,0.731,-2.637,0.029,0.262,0.127,0.135,-0.122,-0.075,-0.047,0.106,0.025,0.081,0.151,-0.01,0.161,0.027,-0.18,0.206,-0.423,-1.401,-1.401,-0.134,-1.535,0.0,-0.423,-0.108,-0.315,-0.423,-0.108,-0.315,-0.084,-0.198,0.548,0.135,0.413,0.031,-0.085,0.116,0.3,0.007,0.293,0.082,0.005,0.077,1.584,0.641,0.942,0.342,-1.472,-1.472,1.002,0.0,0.342,-0.075,0.417,0.342,-0.075,0.417,-2.721,-0.169,2.537,-1.535,1.002,60301,30223,30078
201168,Tiago Splitter,2024,-0.002,-0.123,0.121,-0.064,0.458,-0.522,0.843,-0.038,0.881,-0.658,-0.028,-0.63,-0.379,-0.185,-0.185,-0.268,0.132,0.132,-0.649,-0.517,0.0,-0.268,-0.278,0.01,-0.268,-0.278,0.01,-0.401,1.082,0.595,0.187,0.408,0.694,-0.15,0.844,-0.593,0.094,-0.687,0.307,0.034,0.273,0.094,-0.054,0.143,0.58,0.248,0.248,1.269,1.517,0.0,0.58,0.205,0.375,0.58,0.205,0.375,-0.074,-0.057,0.592,0.064,0.528,0.629,0.308,0.321,0.25,0.056,0.194,-0.351,0.006,-0.357,-0.284,-0.239,-0.042,0.313,0.38,0.38,1.0,0.0,0.313,-0.073,0.386,0.313,-0.073,0.386,-0.475,1.024,-0.517,1.517,1.0,6761,3389,3372
203482,Kelly Olynyk,2024,1.742,-0.024,1.766,1.161,0.371,0.79,0.257,0.714,-0.457,0.348,0.101,0.247,-0.029,-0.147,0.12,-0.452,0.057,0.057,1.261,1.318,0.0,-0.452,-0.303,-0.149,-0.452,-0.303,-0.149,5.143,1.351,-0.148,-0.028,-0.12,0.463,0.07,0.393,0.022,-0.066,0.088,-0.605,-0.042,-0.563,-0.021,0.122,-0.143,0.345,-0.525,-0.525,0.176,-0.349,0.0,0.345,0.079,0.266,0.345,0.079,0.266,-0.996,0.237,1.592,-0.052,1.644,1.624,0.441,1.183,0.278,0.648,-0.37,-0.258,0.058,-0.316,-0.05,-0.026,-0.022,-0.107,-0.468,-0.468,0.969,-0.0,-0.107,-0.224,0.117,-0.107,-0.224,0.117,4.148,1.588,1.318,-0.349,0.969,66841,33526,33315
1629121,Jaylen Adams,2024,1.807,0.375,1.432,-0.864,-0.038,-0.826,0.173,0.304,-0.131,2.123,0.001,2.122,-0.667,-0.584,-0.087,0.317,0.104,0.104,1.457,1.561,0.0,0.317,0.212,0.105,0.317,0.212,0.105,1.675,-0.336,-0.783,-0.171,-0.612,0.158,0.066,0.092,-0.805,-0.103,-0.702,0.035,0.021,0.014,-0.109,-0.25,0.139,-0.05,0.325,0.325,-0.942,-0.617,0.0,-0.05,0.239,-0.289,-0.05,0.239,-0.289,0.762,0.262,1.024,0.204,0.82,-0.706,0.028,-0.734,-0.632,0.201,-0.833,2.158,0.022,2.136,-0.775,-0.834,0.052,0.267,0.429,0.429,0.944,0.001,0.267,0.451,-0.184,0.267,0.451,-0.184,2.437,-0.074,1.561,-0.617,0.945,2260,1125,1135
1630264,Anthony Gill,2024,0.076,-0.446,0.522,-0.419,0.002,-0.421,0.834,0.063,0.771,0.107,-0.021,0.128,0.287,0.217,0.069,0.042,0.322,0.322,0.405,0.727,0.0,0.042,-0.05,0.092,0.042,-0.05,0.092,-1.797,-0.08,-0.034,0.369,-0.403,0.412,0.056,0.356,-0.611,-0.244,-0.367,-0.204,0.007,-0.211,-0.527,-0.569,0.043,0.239,0.51,0.51,-0.322,0.188,0.0,0.239,-0.269,0.508,0.239,-0.269,0.508,0.651,0.425,0.042,-0.077,0.119,-0.007,0.057,-0.064,0.222,-0.182,0.404,-0.096,-0.014,-0.082,-0.24,-0.351,0.112,0.281,0.832,0.832,0.915,0.0,0.281,-0.319,0.6,0.281,-0.319,0.6,-1.146,0.346,0.727,0.188,0.915,7459,3719,3740
1630194,Paul Reed,2024,-3.328,-0.202,-3.126,-0.982,0.19,-1.172,-1.072,-0.247,-0.825,-1.072,-0.072,-1.0,-0.82,-0.791,-0.029,-0.077,4.088,4.088,-4.225,-0.137,-0.0,-0.077,-0.031,-0.046,-0.077,-0.031,-0.046,-2.978,0.416,-0.214,0.237,-0.451,-0.21,-0.023,-0.187,-0.41,-0.283,-0.127,0.169,0.005,0.164,-0.108,-0.108,-0.0,0.791,0.578,0.578,0.469,1.047,0.0,0.791,0.334,0.457,0.791,0.334,0.457,-0.898,-0.215,-3.544,0.035,-3.579,-1.192,0.167,-1.359,-1.483,-0.53,-0.953,-0.904,-0.068,-0.836,-0.927,-0.899,-0.029,0.714,4.666,4.666,0.91,-0.0,0.714,0.303,0.411,0.714,0.303,0.411,-3.876,0.201,-0.137,1.047,0.91,12724,6341,6383
201566,Russell Westbrook,2024,0.653,0.178,0.475,0.648,0.643,0.005,0.659,0.38,0.279,-0.832,-0.045,-0.787,0.239,0.457,-0.219,0.405,0.242,0.242,1.297,1.539,-0.0,0.405,-0.07,0.475,0.405,-0.07,0.475,-0.828,1.062,-0.359,-0.051,-0.308,-0.387,-0.139,-0.248,-0.196,-0.097,-0.099,0.275,0.013,0.262,-0.346,-0.401,0.056,0.412,-0.337,-0.337,-0.293,-0.63,0.0,0.412,0.248,0.164,0.412,0.248,0.164,0.691,-0.365,0.295,0.127,0.168,0.261,0.504,-0.243,0.463,0.283,0.18,-0.556,-0.031,-0.525,-0.107,0.056,-0.164,0.818,-0.096,-0.096,0.909,-0.0,0.818,0.179,0.639,0.818,0.179,0.639,-0.137,0.698,1.539,-0.63,0.909,109279,54713,54566
708,Kevin Garnett,2024,-1.468,-0.229,-1.239,-0.408,-0.243,-0.165,0.509,-0.66,1.169,-1.34,-0.095,-1.245,-0.021,-0.216,0.201,0.641,-0.984,-0.984,-0.848,-1.832,-0.0,0.641,0.556,0.085,0.641,0.556,0.085,0.236,-0.249,1.667,0.028,1.639,1.016,0.067,0.949,0.277,0.046,0.231,0.346,-0.026,0.372,0.009,0.027,-0.024,0.846,0.22,0.22,2.522,2.742,0.0,0.846,0.479,0.367,0.846,0.479,0.367,1.911,0.892,0.201,-0.201,0.402,0.609,-0.176,0.785,0.786,-0.614,1.4,-0.993,-0.121,-0.872,-0.011,-0.189,0.178,1.486,-0.764,-0.764,0.91,-0.001,1.486,1.035,0.451,1.486,1.035,0.451,2.147,0.643,-1.832,2.742,0.909,5375,2670,2705
201568,Danilo Gallinari,2024,1.176,-0.082,1.258,-0.071,-0.126,0.055,-0.094,-0.029,-0.065,1.423,-0.012,1.435,1.217,0.716,0.501,0.428,-1.135,-1.135,2.821,1.686,0.0,0.428,0.372,0.056,0.428,0.372,0.056,-0.817,-0.558,-0.399,0.08,-0.479,-0.397,-0.019,-0.378,0.027,0.1,-0.073,-0.109,0.023,-0.132,0.081,0.11,-0.029,-0.516,0.055,0.055,-0.834,-0.779,0.0,-0.516,-0.343,-0.173,-0.516,-0.343,-0.173,0.135,-0.092,0.776,-0.002,0.778,-0.468,-0.145,-0.323,-0.068,0.071,-0.139,1.314,0.011,1.303,1.298,0.826,0.472,-0.088,-1.08,-1.08,0.907,0.0,-0.088,0.029,-0.117,-0.088,0.029,-0.117,-0.682,-0.65,1.686,-0.779,0.907,59201,29613,29588
202683,Enes Freedom,2024,-1.182,0.286,-1.468,-0.368,0.101,-0.469,-0.804,-0.546,-0.258,-0.296,-0.058,-0.238,-0.398,-0.531,0.133,0.029,3.637,3.637,-1.551,2.086,0.0,0.029,0.248,-0.219,0.029,0.248,-0.219,-2.431,-0.065,-0.884,-0.1,-0.784,-0.563,-0.008,-0.555,-0.138,0.265,-0.403,-0.083,0.0,-0.083,0.532,0.605,-0.073,-0.884,0.048,0.048,-1.236,-1.188,0.0,-0.884,-0.317,-0.567,-0.884,-0.317,-0.567,-2.342,-0.201,-2.066,0.186,-2.252,-0.931,0.093,-1.024,-0.942,-0.281,-0.661,-0.379,-0.058,-0.321,0.134,0.074,0.061,-0.855,3.685,3.685,0.898,-0.001,-0.855,-0.069,-0.786,-0.855,-0.069,-0.786,-4.773,-0.266,2.086,-1.188,0.897,36524,18369,18155
1626246,Boban Marjanovic,2024,-0.973,-0.335,-0.638,0.552,-0.096,0.648,-0.535,-0.887,0.352,-0.655,-0.134,-0.521,-0.245,-0.116,-0.125,-0.776,2.567,2.567,-1.994,0.573,-0.0,-0.776,-0.827,0.051,-0.776,-0.827,0.051,-2.625,0.057,-0.076,0.107,-0.183,0.238,0.473,-0.235,-0.31,0.315,-0.625,-0.111,-0.017,-0.094,0.49,0.31,0.182,-1.539,1.447,1.447,-1.125,0.322,-0.0,-1.539,-0.555,-0.984,-1.539,-0.555,-0.984,-1.3,0.669,-1.048,-0.228,-0.82,0.79,0.377,0.413,-0.844,-0.572,-0.272,-0.766,-0.151,-0.615,0.246,0.194,0.057,-2.315,4.014,4.014,0.895,-0.0,-2.315,-1.381,-0.934,-2.315,-1.381,-0.934,-3.925,0.726,0.573,0.322,0.895,13456,6735,6721
202329,Al-Farouq Aminu,2024,-1.189,-0.156,-1.033,-1.278,-0.106,-1.172,0.295,-0.061,0.356,-0.05,0.064,-0.114,0.063,0.143,-0.077,0.224,0.705,0.705,-0.902,-0.197,0.0,0.224,0.344,-0.12,0.224,0.344,-0.12,-1.258,-0.569,0.685,0.118,0.567,0.525,0.093,0.432,0.011,0.164,-0.153,0.031,-0.011,0.042,0.148,-0.023,0.165,0.139,0.116,0.116,0.972,1.088,0.0,0.139,-0.014,0.153,0.139,-0.014,0.153,1.218,0.557,-0.505,-0.038,-0.467,-0.753,-0.013,-0.74,0.306,0.103,0.203,-0.02,0.052,-0.072,0.211,0.12,0.088,0.363,0.82,0.82,0.891,0.0,0.363,0.329,0.034,0.363,0.329,0.034,-0.04,-0.012,-0.197,1.088,0.891,47060,23522,23538
1630596,Evan Mobley,2024,-1.302,0.061,-1.363,0.935,0.123,0.812,-1.513,-0.322,-1.191,-0.785,-0.007,-0.778,-0.404,0.089,-0.494,0.074,0.44,0.44,-1.632,-1.192,0.0,0.074,0.089,-0.015,0.074,0.089,-0.015,-0.261,1.54,1.907,0.055,1.852,1.46,0.171,1.289,1.295,-0.006,1.301,-0.903,-0.012,-0.891,-0.179,-0.011,-0.168,0.349,-0.006,-0.006,2.077,2.071,0.0,0.349,0.214,0.135,0.349,0.214,0.135,-0.231,0.631,0.606,0.116,0.49,2.395,0.294,2.101,-0.218,-0.328,0.11,-1.687,-0.018,-1.669,-0.583,0.078,-0.662,0.423,0.434,0.434,0.879,-0.001,0.423,0.303,0.12,0.423,0.303,0.12,-0.492,2.171,-1.192,2.071,0.878,28362,14191,14171
1629632,Coby White,2024,1.214,0.179,1.035,0.307,-0.031,0.338,0.706,0.336,0.37,0.022,0.024,-0.002,-0.073,-0.065,-0.013,0.371,0.702,0.702,1.512,2.214,0.0,0.371,0.336,0.035,0.371,0.336,0.035,0.268,-0.691,-0.615,-0.2,-0.415,-0.708,0.073,-0.781,-0.061,-0.293,0.232,0.354,0.009,0.345,-0.505,-0.569,0.067,0.168,-0.4,-0.4,-0.952,-1.352,0.0,0.168,-0.065,0.233,0.168,-0.065,0.233,-0.97,-0.385,0.599,-0.021,0.62,-0.402,0.042,-0.444,0.645,0.043,0.602,0.377,0.033,0.344,-0.579,-0.635,0.054,0.539,0.302,0.302,0.862,0.0,0.539,0.271,0.268,0.539,0.271,0.268,-0.702,-1.076,2.214,-1.352,0.862,41598,20804,20794
1629674,Neemias Queta,2024,-0.327,0.182,-0.509,-0.193,-0.115,-0.078,-0.623,-0.071,-0.552,0.307,-0.029,0.336,-0.303,-0.12,-0.186,0.184,1.529,1.529,-0.446,1.083,0.0,0.184,0.386,-0.202,0.184,0.386,-0.202,0.085,0.329,-0.341,0.005,-0.346,0.211,0.081,0.13,-0.166,-0.197,0.031,-0.391,0.012,-0.403,-0.118,-0.155,0.035,0.046,0.123,0.123,-0.413,-0.29,0.0,0.046,-0.079,0.125,0.046,-0.079,0.125,-0.305,0.043,-0.668,0.187,-0.855,0.018,-0.034,0.052,-0.789,-0.268,-0.521,-0.084,-0.017,-0.067,-0.422,-0.275,-0.152,0.229,1.653,1.653,0.793,0.0,0.229,0.308,-0.079,0.229,0.308,-0.079,-0.22,0.372,1.083,-0.29,0.793,2010,1003,1007
204038,Langston Galloway,2024,-1.135,-0.129,-1.006,-0.874,-0.076,-0.798,0.198,0.164,0.034,-0.33,0.045,-0.375,0.397,0.169,0.224,0.786,-0.168,-0.168,0.048,-0.12,-0.0,0.786,0.541,0.245,0.786,0.541,0.245,0.509,-0.796,1.408,0.086,1.322,0.265,-0.148,0.413,0.357,0.048,0.309,0.7,0.019,0.681,-0.183,-0.108,-0.074,-0.09,-0.227,-0.227,1.135,0.908,0.0,-0.09,-0.064,-0.026,-0.09,-0.064,-0.026,2.423,-0.023,0.274,-0.043,0.317,-0.609,-0.224,-0.385,0.555,0.212,0.343,0.371,0.065,0.306,0.213,0.062,0.149,0.695,-0.396,-0.396,0.788,0.0,0.695,0.478,0.217,0.695,0.478,0.217,2.932,-0.819,-0.12,0.908,0.788,39657,19813,19844
203506,Victor Oladipo,2024,0.04,0.0,0.04,-0.345,0.126,-0.471,0.503,0.068,0.435,-0.118,0.004,-0.122,-0.069,0.062,-0.133,-0.008,-0.625,-0.625,-0.037,-0.662,0.0,-0.008,0.108,-0.116,-0.008,0.108,-0.116,-2.095,-0.352,0.59,0.123,0.467,0.407,0.015,0.392,0.022,-0.149,0.171,0.038,-0.05,0.088,-0.087,-0.188,0.098,1.062,-0.118,-0.118,1.565,1.447,0.0,1.062,0.674,0.388,1.062,0.674,0.388,0.967,0.513,0.629,0.123,0.506,0.062,0.141,-0.079,0.524,-0.081,0.605,-0.08,-0.046,-0.034,-0.157,-0.126,-0.035,1.054,-0.743,-0.743,0.785,0.0,1.054,0.782,0.272,1.054,0.782,0.272,-1.127,0.161,-0.662,1.447,0.785,56307,28133,28174
200757,Thabo Sefolosha,2024,-0.268,-0.124,-0.144,0.765,0.293,0.472,-0.399,0.217,-0.616,-0.51,0.026,-0.536,-0.073,0.114,-0.184,-0.454,-0.282,-0.282,-0.795,-1.077,0.0,-0.454,-0.24,-0.214,-0.454,-0.24,-0.214,-0.34,0.43,0.324,0.173,0.151,0.312,0.061,0.251,0.187,0.034,0.153,-0.348,-0.032,-0.316,0.132,-0.059,0.187,0.77,0.633,0.633,1.226,1.859,0.0,0.77,0.612,0.158,0.77,0.612,0.158,0.727,0.403,0.055,0.049,0.006,1.076,0.353,0.723,-0.213,0.25,-0.463,-0.857,-0.006,-0.851,0.06,0.055,0.003,0.315,0.351,0.351,0.782,0.0,0.315,0.372,-0.057,0.315,0.372,-0.057,0.387,0.833,-1.077,1.859,0.782,26694,13278,13416
1630688,Ish Wainright,2024,-1.45,0.325,-1.775,-0.748,-0.116,-0.632,-0.358,0.082,-0.44,-0.669,-0.038,-0.631,-0.383,0.067,-0.451,0.042,1.355,1.355,-1.791,-0.436,-0.0,0.042,0.259,-0.217,0.042,0.259,-0.217,0.509,-0.136,1.073,0.156,0.917,0.555,0.193,0.362,0.013,-0.087,0.1,0.349,0.022,0.327,-0.816,-0.937,0.122,0.127,0.817,0.817,0.384,1.201,0.0,0.127,-0.065,0.192,0.127,-0.065,0.192,2.88,0.682,-0.378,0.481,-0.859,-0.193,0.077,-0.27,-0.345,-0.005,-0.34,-0.321,-0.017,-0.304,-1.199,-0.87,-0.33,0.169,2.172,2.172,0.765,0.001,0.169,0.194,-0.025,0.169,0.194,-0.025,3.389,0.545,-0.436,1.201,0.766,5733,2858,2875
203109,Jae Crowder,2024,-0.041,-0.031,-0.01,-0.233,-0.083,-0.15,0.345,0.272,0.073,-0.122,0.04,-0.162,0.413,0.386,0.026,0.575,-0.578,-0.578,0.947,0.369,0.0,0.575,0.198,0.377,0.575,0.198,0.377,1.688,-0.064,0.223,0.049,0.174,0.026,0.052,-0.026,0.119,-0.01,0.129,0.029,0.0,0.029,-0.201,-0.159,-0.042,0.432,-0.069,-0.069,0.454,0.385,0.0,0.432,0.342,0.09,0.432,0.342,0.09,0.735,0.063,0.183,0.018,0.165,-0.208,-0.032,-0.176,0.465,0.262,0.203,-0.092,0.04,-0.132,0.212,0.227,-0.016,1.007,-0.647,-0.647,0.754,0.0,1.007,0.541,0.466,1.007,0.541,0.466,2.423,-0.001,0.369,0.385,0.754,85400,42698,42702
1641717,Cason Wallace,2024,0.165,-0.053,0.218,0.228,-0.023,0.251,0.061,0.076,-0.015,-0.071,-0.014,-0.057,0.011,-0.138,0.147,-0.46,-0.345,-0.345,-0.284,-0.629,0.0,-0.46,-0.181,-0.279,-0.46,-0.181,-0.279,-0.753,-0.29,0.533,-0.196,0.729,-0.24,-0.088,-0.152,0.12,-0.099,0.219,0.849,0.007,0.842,0.174,-0.068,0.243,0.988,-0.313,-0.313,1.695,1.382,-0.0,0.988,0.416,0.572,0.988,0.416,0.572,-0.031,-0.399,0.697,-0.249,0.946,-0.013,-0.112,0.099,0.181,-0.023,0.204,0.778,-0.007,0.785,0.185,-0.206,0.389,0.528,-0.659,-0.659,0.753,-0.0,0.528,0.235,0.293,0.528,0.235,0.293,-0.784,-0.689,-0.629,1.382,0.753,7696,3836,3860
203143,Pablo Prigioni,2024,-0.233,-0.373,0.14,0.021,-0.253,0.274,0.437,-0.073,0.51,-0.318,0.094,-0.412,-0.344,-0.06,-0.276,0.291,0.114,0.114,-0.286,-0.172,0.0,0.291,0.147,0.144,0.291,0.147,0.144,0.811,-0.233,-0.359,0.09,-0.449,0.26,-0.06,0.32,-0.617,0.005,-0.622,-0.092,-0.028,-0.064,0.23,-0.047,0.276,0.916,0.132,0.132,0.787,0.919,0.0,0.916,0.313,0.603,0.916,0.313,0.603,0.989,0.224,-0.593,-0.283,-0.31,0.28,-0.313,0.593,-0.18,-0.068,-0.112,-0.41,0.066,-0.476,-0.114,-0.106,-0.0,1.207,0.246,0.246,0.747,-0.0,1.207,0.46,0.747,1.207,0.46,0.747,1.8,-0.009,-0.172,0.919,0.747,9908,4974,4934
202407,Elijah Millsap,2024,-1.91,-0.413,-1.497,-0.65,-0.118,-0.532,-0.699,0.028,-0.727,-0.148,0.0,-0.148,0.116,0.88,-0.749,-0.004,1.087,1.087,-1.798,-0.711,-0.0,-0.004,-0.156,0.152,-0.004,-0.156,0.152,-2.45,-0.294,1.477,0.249,1.228,0.058,-0.034,0.092,0.679,-0.118,0.797,0.491,-0.023,0.514,-0.231,-0.396,0.16,0.223,-0.014,-0.014,1.469,1.455,0.0,0.223,0.103,0.12,0.223,0.103,0.12,1.158,0.093,-0.434,-0.164,-0.27,-0.592,-0.152,-0.44,-0.021,-0.091,0.07,0.343,-0.023,0.366,-0.115,0.483,-0.589,0.219,1.073,1.073,0.744,-0.0,0.219,-0.053,0.272,0.219,-0.053,0.272,-1.292,-0.201,-0.711,1.455,0.744,4570,2267,2303
1626172,Kevon Looney,2024,-1.288,0.174,-1.462,-0.698,-0.376,-0.322,-1.065,-0.295,-0.77,0.301,-0.053,0.354,-0.374,-0.357,-0.025,0.263,2.482,2.482,-1.399,1.083,-0.0,0.263,-0.066,0.329,0.263,-0.066,0.329,1.56,-0.393,0.325,-0.31,0.635,0.691,0.068,0.623,0.095,-0.01,0.105,-0.151,0.02,-0.171,-0.028,-0.125,0.098,-0.889,0.248,0.248,-0.592,-0.344,0.0,-0.889,-0.521,-0.368,-0.889,-0.521,-0.368,-0.536,0.327,-0.964,-0.136,-0.828,-0.007,-0.308,0.301,-0.97,-0.305,-0.665,0.149,-0.034,0.183,-0.402,-0.482,0.073,-0.626,2.731,2.731,0.739,-0.0,-0.626,-0.587,-0.039,-0.626,-0.587,-0.039,1.023,-0.066,1.083,-0.344,0.739,47392,23653,23739
1627749,Dejounte Murray,2024,-0.758,0.172,-0.93,-0.64,-0.02,-0.62,0.056,-0.482,0.538,-0.346,-0.047,-0.299,-0.393,-0.53,0.13,0.852,0.463,0.463,-0.299,0.164,0.0,0.852,0.531,0.321,0.852,0.531,0.321,-0.289,-0.318,-0.155,-0.003,-0.152,-0.018,-0.181,0.163,-0.435,-0.105,-0.33,0.301,0.008,0.293,0.294,0.248,0.047,0.243,0.16,0.16,0.382,0.542,0.0,0.243,0.227,0.016,0.243,0.227,0.016,0.614,-0.274,-0.913,0.169,-1.082,-0.658,-0.201,-0.457,-0.379,-0.587,0.208,-0.045,-0.039,-0.006,-0.099,-0.282,0.178,1.095,0.623,0.623,0.706,0.0,1.095,0.758,0.337,1.095,0.758,0.337,0.326,-0.592,0.164,0.542,0.706,57481,28701,28780
1627790,Ante Zizic,2024,0.721,-0.069,0.79,-0.352,-0.066,-0.286,-0.459,-0.317,-0.142,1.601,-0.046,1.647,-0.678,-0.436,-0.24,0.183,0.616,0.616,0.226,0.842,0.0,0.183,0.113,0.07,0.183,0.113,0.07,-0.672,0.11,0.084,0.006,0.078,-0.628,0.089,-0.717,0.227,0.051,0.176,0.479,0.004,0.475,0.434,0.38,0.054,-0.858,0.199,0.199,-0.34,-0.141,-0.0,-0.858,-0.459,-0.399,-0.858,-0.459,-0.399,-0.515,0.055,0.802,-0.063,0.865,-0.981,0.023,-1.004,-0.233,-0.267,0.034,2.079,-0.042,2.121,-0.244,-0.056,-0.186,-0.675,0.815,0.815,0.701,-0.001,-0.675,-0.346,-0.329,-0.675,-0.346,-0.329,-1.187,0.165,0.842,-0.141,0.7,6142,3066,3076
202738,Isaiah Thomas,2024,0.967,-0.144,1.111,0.541,0.332,0.209,0.261,0.596,-0.335,0.309,0.151,0.158,0.985,0.453,0.537,0.587,0.164,0.164,2.539,2.703,0.0,0.587,0.533,0.054,0.587,0.533,0.054,0.832,0.287,-0.194,0.165,-0.359,-0.156,0.063,-0.219,-0.284,-0.093,-0.191,0.081,-0.037,0.118,-0.496,-0.457,-0.042,0.033,-1.361,-1.361,-0.657,-2.018,0.0,0.033,-0.214,0.247,0.033,-0.214,0.247,-0.595,-0.068,0.772,0.021,0.751,0.385,0.395,-0.01,-0.023,0.503,-0.526,0.389,0.113,0.276,0.489,-0.004,0.495,0.62,-1.197,-1.197,0.685,0.0,0.62,0.319,0.301,0.62,0.319,0.301,0.237,0.218,2.703,-2.018,0.685,41099,20640,20459
202696,Nikola Vucevic,2024,1.039,0.208,0.831,0.178,-0.225,0.403,0.126,-0.617,0.743,0.527,-0.027,0.554,-0.423,-0.735,0.319,-0.227,-0.545,-0.545,0.389,-0.156,0.0,-0.227,-0.348,0.121,-0.227,-0.348,0.121,4.26,-0.483,-0.716,-0.084,-0.632,-0.158,0.073,-0.231,0.308,0.158,0.15,-0.782,-0.007,-0.775,0.649,0.705,-0.055,-0.382,1.281,1.281,-0.449,0.832,0.0,-0.382,0.113,-0.495,-0.382,0.113,-0.495,-3.02,-0.118,0.324,0.124,0.2,0.02,-0.152,0.172,0.434,-0.458,0.892,-0.254,-0.033,-0.221,0.226,-0.03,0.264,-0.609,0.735,0.735,0.676,0.001,-0.609,-0.236,-0.373,-0.609,-0.236,-0.373,1.24,-0.601,-0.156,0.832,0.677,93284,46695,46589
203552,Seth Curry,2024,0.774,0.147,0.627,-0.365,-0.334,-0.031,-0.054,-0.281,0.227,1.046,0.01,1.036,0.162,-0.093,0.254,0.546,-0.66,-0.66,1.482,0.822,-0.0,0.546,0.31,0.236,0.546,0.31,0.236,0.27,-0.88,-0.546,0.026,-0.572,-0.372,0.009,-0.381,-0.021,-0.01,-0.011,-0.179,0.014,-0.193,-0.015,-0.03,0.017,0.373,0.021,0.021,-0.188,-0.167,0.0,0.373,-0.054,0.427,0.373,-0.054,0.427,-0.027,-0.104,0.227,0.173,0.054,-0.737,-0.325,-0.412,-0.076,-0.292,0.216,0.867,0.024,0.843,0.148,-0.123,0.272,0.92,-0.638,-0.638,0.655,-0.0,0.92,0.256,0.664,0.92,0.256,0.664,0.243,-0.984,0.822,-0.167,0.655,51017,25604,25413
1628396,Tony Bradley,2024,0.058,-0.075,0.133,-0.724,-0.221,-0.503,0.479,-0.721,1.2,0.378,-0.03,0.408,-0.829,-0.831,0.002,-0.292,1.968,1.968,-1.063,0.905,0.0,-0.292,0.231,-0.523,-0.292,0.231,-0.523,-1.257,-0.337,1.06,0.151,0.909,0.703,-0.022,0.725,0.101,0.075,0.026,0.105,0.019,0.086,-0.024,-0.045,0.021,-0.718,-0.568,-0.568,0.318,-0.25,-0.0,-0.718,-0.081,-0.637,-0.718,-0.081,-0.637,0.399,0.265,1.121,0.076,1.045,-0.019,-0.242,0.223,0.581,-0.645,1.226,0.483,-0.011,0.494,-0.853,-0.875,0.023,-1.01,1.4,1.4,0.655,-0.0,-1.01,0.15,-1.16,-1.01,0.15,-1.16,-0.858,-0.072,0.905,-0.25,0.655,8550,4272,4278
1629004,Svi Mykhailiuk,2024,0.762,-0.004,0.766,-0.38,0.117,-0.497,0.873,0.448,0.425,0.273,0.018,0.255,-0.267,-0.242,-0.03,-0.057,0.167,0.167,0.438,0.605,0.0,-0.057,0.369,-0.426,-0.057,0.369,-0.426,2.236,0.42,-0.505,0.027,-0.532,-0.023,-0.039,0.016,-0.318,-0.016,-0.302,-0.191,0.019,-0.21,-0.003,-0.031,0.031,0.564,-0.015,-0.015,0.056,0.041,0.0,0.564,0.591,-0.027,0.564,0.591,-0.027,1.198,0.19,0.257,0.023,0.234,-0.403,0.078,-0.481,0.555,0.432,0.123,0.082,0.037,0.045,-0.269,-0.273,0.002,0.507,0.152,0.152,0.646,0.0,0.507,0.96,-0.453,0.507,0.96,-0.453,3.434,0.61,0.605,0.041,0.646,19149,9593,9556
1626166,Cameron Payne,2024,0.381,0.016,0.365,-0.675,-0.103,-0.572,0.108,0.044,0.064,0.932,0.048,0.884,-0.467,-0.469,-0.003,0.095,-0.189,-0.189,0.009,-0.18,0.0,0.095,0.214,-0.119,0.095,0.214,-0.119,0.576,-0.509,1.108,0.153,0.955,0.352,0.038,0.314,-0.043,0.017,-0.06,0.646,0.007,0.639,-0.292,-0.325,0.034,0.505,-0.51,-0.51,1.321,0.811,-0.0,0.505,-0.315,0.82,0.505,-0.315,0.82,2.192,0.419,1.49,0.169,1.321,-0.323,-0.065,-0.258,0.065,0.061,0.004,1.579,0.055,1.524,-0.759,-0.794,0.031,0.6,-0.699,-0.699,0.631,-0.0,0.6,-0.102,0.702,0.6,-0.102,0.702,2.768,-0.09,-0.18,0.811,0.631,33749,16895,16854
203486,Mason Plumlee,2024,1.157,0.134,1.023,0.539,0.186,0.353,-0.188,-0.1,-0.088,0.672,0.001,0.671,-0.825,0.015,-0.843,-0.387,0.561,0.561,-0.055,0.506,-0.0,-0.387,-0.556,0.169,-0.387,-0.556,0.169,3.75,1.517,0.108,0.06,0.048,0.69,0.138,0.552,-0.48,0.127,-0.607,-0.162,-0.021,-0.141,0.423,0.282,0.138,-0.141,-0.291,-0.291,0.39,0.099,-0.0,-0.141,-0.193,0.052,-0.141,-0.193,0.052,-1.228,0.571,1.265,0.194,1.071,1.228,0.323,0.905,-0.667,0.027,-0.694,0.51,-0.02,0.53,-0.403,0.296,-0.705,-0.528,0.27,0.27,0.605,0.001,-0.528,-0.749,0.221,-0.528,-0.749,0.221,2.522,2.088,0.506,0.099,0.606,69584,34691,34893
1626259,Malcolm Miller,2024,1.206,-0.229,1.435,-0.579,-0.15,-0.429,0.089,0.325,-0.236,1.925,0.005,1.92,-0.219,-0.134,-0.085,-0.187,0.014,0.014,0.8,0.814,-0.0,-0.187,-0.08,-0.107,-0.187,-0.08,-0.107,2.262,-0.392,0.392,-0.06,0.452,-0.102,0.03,-0.132,-0.166,-0.123,-0.043,0.72,0.021,0.699,-0.166,-0.229,0.06,-0.386,-0.049,-0.049,-0.16,-0.209,0.0,-0.386,0.076,-0.462,-0.386,0.076,-0.462,0.906,0.061,1.597,-0.289,1.886,-0.681,-0.12,-0.561,-0.078,0.201,-0.279,2.645,0.026,2.619,-0.385,-0.363,-0.025,-0.574,-0.035,-0.035,0.605,-0.001,-0.574,-0.004,-0.57,-0.574,-0.004,-0.57,3.168,-0.33,0.814,-0.209,0.604,1561,778,783
1626145,Tyus Jones,2024,1.034,0.118,0.916,0.056,-0.191,0.247,0.236,-0.281,0.517,0.624,0.012,0.612,-0.063,-0.378,0.312,1.355,-0.588,-0.588,2.326,1.738,0.0,1.355,0.776,0.579,1.355,0.776,0.579,3.705,0.304,-0.852,-0.037,-0.815,-0.552,-0.202,-0.35,-0.115,-0.077,-0.038,-0.148,0.01,-0.158,0.074,0.144,-0.068,0.512,-0.873,-0.873,-0.266,-1.139,0.0,0.512,0.485,0.027,0.512,0.485,0.027,-0.976,-0.884,0.182,0.081,0.101,-0.496,-0.393,-0.103,0.121,-0.358,0.479,0.476,0.022,0.454,0.011,-0.233,0.244,1.867,-1.461,-1.461,0.599,0.001,1.867,1.261,0.606,1.867,1.261,0.606,2.729,-0.58,1.738,-1.139,0.6,53083,26533,26550
202348,Jordan Crawford,2024,2.235,0.169,2.066,0.056,-0.164,0.22,1.176,0.172,1.004,0.834,0.051,0.783,-0.302,-0.31,0.011,0.61,-0.44,-0.44,2.543,2.103,0.0,0.61,0.571,0.039,0.61,0.571,0.039,0.854,-0.47,-1.29,0.038,-1.328,-0.065,-0.017,-0.048,-0.349,-0.171,-0.178,-0.914,0.001,-0.915,-0.024,-0.09,0.063,-0.258,0.064,0.064,-1.572,-1.508,0.0,-0.258,-0.109,-0.149,-0.258,-0.109,-0.149,-0.793,-0.17,0.945,0.207,0.738,-0.01,-0.181,0.171,0.827,0.001,0.826,-0.079,0.053,-0.132,-0.326,-0.4,0.074,0.352,-0.376,-0.376,0.595,0.0,0.352,0.462,-0.11,0.352,0.462,-0.11,0.061,-0.64,2.103,-1.508,0.595,2298,1151,1147
1631170,Jaime Jaquez Jr.,2024,-0.419,0.311,-0.73,-0.393,0.126,-0.519,0.312,0.101,0.211,-0.649,-0.049,-0.6,0.16,0.191,-0.031,0.568,-0.119,-0.119,0.309,0.19,0.0,0.568,-0.007,0.575,0.568,-0.007,0.575,0.126,0.272,0.994,-0.044,1.038,0.159,0.132,0.027,0.078,-0.07,0.148,0.801,0.019,0.782,-0.072,-0.129,0.058,-0.572,0.041,0.041,0.35,0.391,-0.0,-0.572,-0.04,-0.532,-0.572,-0.04,-0.532,0.009,0.241,0.576,0.267,0.309,-0.234,0.258,-0.492,0.391,0.031,0.36,0.152,-0.03,0.182,0.088,0.062,0.027,-0.004,-0.078,-0.078,0.581,0.0,-0.004,-0.047,0.043,-0.004,-0.047,0.043,0.135,0.513,0.19,0.391,0.581,9006,4503,4503
1628436,Luke Kornet,2024,0.291,0.057,0.234,0.152,0.062,0.09,0.288,0.343,-0.055,-0.206,0.043,-0.249,-0.853,-0.832,-0.025,0.3,0.01,0.01,-0.262,-0.252,0.0,0.3,0.106,0.194,0.3,0.106,0.194,1.403,0.482,0.706,0.085,0.621,0.365,0.212,0.153,0.053,0.205,-0.152,0.203,0.003,0.2,0.627,0.655,-0.027,-0.427,-0.086,-0.086,0.906,0.82,0.0,-0.427,-0.256,-0.171,-0.427,-0.256,-0.171,-1.226,0.496,0.997,0.142,0.855,0.517,0.274,0.243,0.341,0.548,-0.207,-0.003,0.046,-0.049,-0.226,-0.177,-0.052,-0.127,-0.076,-0.076,0.568,0.0,-0.127,-0.151,0.024,-0.127,-0.151,0.024,0.178,0.978,-0.252,0.82,0.568,17334,8627,8707
101135,David Lee,2024,0.337,-0.077,0.414,0.296,0.043,0.253,-1.073,-0.316,-0.757,1.191,-0.015,1.206,-0.296,-0.166,-0.123,-0.511,0.243,0.243,-0.47,-0.227,-0.0,-0.511,-0.543,0.032,-0.511,-0.543,0.032,1.537,1.076,0.084,0.253,-0.169,0.396,0.019,0.377,0.393,-0.094,0.487,-0.958,-0.057,-0.901,0.085,0.098,-0.018,0.671,-0.047,-0.047,0.84,0.793,0.0,0.671,0.417,0.254,0.671,0.417,0.254,-0.411,0.141,0.42,0.176,0.244,0.691,0.061,0.63,-0.68,-0.41,-0.27,0.233,-0.072,0.305,-0.211,-0.068,-0.141,0.16,0.196,0.196,0.566,-0.0,0.16,-0.125,0.285,0.16,-0.125,0.285,1.126,1.217,-0.227,0.793,0.566,15123,7554,7569
2756,Sasha Vujacic,2024,-1.361,0.172,-1.533,-0.352,-0.298,-0.054,-0.786,0.082,-0.868,-0.395,0.08,-0.475,0.027,-0.173,0.204,0.611,0.253,0.253,-0.723,-0.47,0.0,0.611,0.512,0.099,0.611,0.512,0.099,2.006,-0.058,0.51,0.216,0.294,0.027,-0.008,0.035,-0.051,-0.099,0.048,0.318,0.028,0.29,-0.107,-0.157,0.047,0.118,0.514,0.514,0.521,1.035,-0.0,0.118,0.016,0.102,0.118,0.016,0.102,1.698,0.206,-0.85,0.388,-1.238,-0.326,-0.306,-0.02,-0.837,-0.017,-0.82,-0.075,0.109,-0.184,-0.08,-0.33,0.251,0.729,0.768,0.768,0.565,-0.0,0.729,0.528,0.201,0.729,0.528,0.201,3.704,0.148,-0.47,1.035,0.565,5461,2710,2751
1717,Dirk Nowitzki,2024,0.809,-0.188,0.997,-0.189,-0.292,0.103,0.409,-0.478,0.887,0.777,0.051,0.726,-0.256,-0.884,0.634,1.135,-0.557,-0.557,1.688,1.131,-0.0,1.135,0.081,1.054,1.135,0.081,1.054,3.328,-0.948,-0.684,0.003,-0.687,-0.222,0.35,-0.572,-0.081,0.389,-0.47,-0.384,-0.074,-0.31,0.759,0.81,-0.053,-1.106,0.443,0.443,-1.031,-0.588,0.0,-1.106,-0.78,-0.326,-1.106,-0.78,-0.326,-1.876,0.597,0.124,-0.185,0.309,-0.411,0.058,-0.469,0.328,-0.089,0.417,0.392,-0.024,0.416,0.503,-0.075,0.581,0.029,-0.115,-0.115,0.543,-0.0,0.029,-0.699,0.728,0.029,-0.699,0.728,1.452,-0.351,1.131,-0.588,0.543,33603,16986,16617
1628455,Mike James,2024,-0.271,0.208,-0.479,-0.904,-0.017,-0.887,0.269,0.137,0.132,0.156,-0.027,0.183,-0.594,-0.141,-0.453,1.059,-0.691,-0.691,0.194,-0.497,0.0,1.059,0.48,0.579,1.059,0.48,0.579,-1.222,-0.257,1.035,-0.01,1.045,0.134,0.005,0.129,0.178,-0.002,0.18,0.733,0.043,0.69,0.108,-0.057,0.164,0.117,-0.225,-0.225,1.26,1.035,0.0,0.117,-0.077,0.194,0.117,-0.077,0.194,1.699,-0.05,0.763,0.198,0.565,-0.77,-0.012,-0.758,0.446,0.135,0.311,0.889,0.016,0.873,-0.486,-0.198,-0.289,1.176,-0.916,-0.916,0.538,0.001,1.176,0.403,0.773,1.176,0.403,0.773,0.477,-0.307,-0.497,1.035,0.539,4435,2225,2210
1630230,Naji Marshall,2024,-0.667,0.137,-0.804,-0.476,0.258,-0.734,0.357,0.152,0.205,-0.685,-0.039,-0.646,0.683,0.689,-0.016,0.472,-0.329,-0.329,0.488,0.159,0.0,0.472,0.231,0.241,0.472,0.231,0.241,-0.347,0.451,-0.29,0.103,-0.393,-0.813,-0.044,-0.769,0.081,-0.219,0.3,0.339,0.011,0.328,-0.044,-0.139,0.1,0.384,0.324,0.324,0.05,0.374,-0.0,0.384,0.375,0.009,0.384,0.375,0.009,0.101,-0.392,-0.956,0.24,-1.196,-1.288,0.215,-1.503,0.438,-0.068,0.506,-0.346,-0.028,-0.318,0.64,0.551,0.084,0.856,-0.005,-0.005,0.533,0.0,0.856,0.605,0.251,0.856,0.605,0.251,-0.246,0.059,0.159,0.374,0.533,19047,9500,9547
200782,P.J. Tucker,2024,-0.816,-0.069,-0.747,-1.046,-0.17,-0.876,-0.187,0.143,-0.33,0.486,0.041,0.445,0.098,-0.102,0.205,-0.178,0.237,0.237,-0.896,-0.659,-0.0,-0.178,-0.138,-0.04,-0.178,-0.138,-0.04,-3.09,-1.389,0.024,0.011,0.013,-0.099,0.004,-0.103,0.142,-0.011,0.153,-0.03,0.005,-0.035,-0.095,-0.047,-0.051,1.009,0.254,0.254,0.938,1.192,0.0,1.009,0.481,0.528,1.009,0.481,0.528,1.974,0.314,-0.792,-0.058,-0.734,-1.145,-0.166,-0.979,-0.045,0.132,-0.177,0.456,0.046,0.41,0.003,-0.15,0.154,0.831,0.49,0.49,0.533,0.0,0.831,0.344,0.487,0.831,0.344,0.487,-1.117,-1.076,-0.659,1.192,0.533,95540,47714,47826
204456,T.J. McConnell,2024,0.298,0.114,0.184,0.14,0.19,-0.05,0.218,-0.124,0.342,-0.174,-0.029,-0.145,-0.244,-0.178,-0.067,0.484,0.262,0.262,0.538,0.8,0.0,0.484,0.588,-0.104,0.484,0.588,-0.104,2.513,1.026,-0.695,-0.054,-0.641,-0.316,-0.088,-0.228,-0.585,0.131,-0.716,0.26,0.056,0.204,-0.322,-0.503,0.183,1.012,-0.267,-0.267,-0.005,-0.272,-0.0,1.012,0.686,0.326,1.012,0.686,0.326,1.171,-0.386,-0.397,0.06,-0.457,-0.176,0.102,-0.278,-0.367,0.007,-0.374,0.086,0.027,0.059,-0.566,-0.681,0.116,1.496,-0.005,-0.005,0.528,-0.0,1.496,1.274,0.222,1.496,1.274,0.222,3.684,0.64,0.8,-0.272,0.528,60722,30322,30400
203995,Vasilije Micic,2024,1.599,0.197,1.402,1.18,0.115,1.065,0.75,0.366,0.384,-0.528,-0.017,-0.511,-0.033,-0.183,0.151,-0.454,-0.381,-0.381,1.112,0.731,-0.0,-0.454,-0.573,0.119,-0.454,-0.573,0.119,2.712,0.976,0.025,0.012,0.013,-0.635,0.124,-0.759,0.475,-0.027,0.502,0.173,0.012,0.161,0.077,0.164,-0.087,0.149,-0.457,-0.457,0.251,-0.206,0.0,0.149,-0.081,0.23,0.149,-0.081,0.23,-1.79,-0.221,1.623,0.209,1.414,0.545,0.239,0.306,1.224,0.338,0.886,-0.355,-0.005,-0.35,0.044,-0.02,0.064,-0.306,-0.838,-0.838,0.525,0.001,-0.306,-0.654,0.348,-0.306,-0.654,0.348,0.923,0.755,0.731,-0.206,0.526,4705,2352,2353
203585,Rodney McGruder,2024,0.536,0.079,0.457,-0.271,-0.064,-0.207,0.17,0.096,0.074,0.558,0.011,0.547,-0.314,0.145,-0.457,0.133,0.893,0.893,0.355,1.248,0.0,0.133,0.164,-0.031,0.133,0.164,-0.031,1.076,-0.448,-0.567,0.07,-0.637,0.384,-0.034,0.418,-0.41,0.092,-0.502,-0.611,0.045,-0.656,0.01,-0.054,0.065,-0.13,-0.044,-0.044,-0.687,-0.731,0.0,-0.13,-0.308,0.178,-0.13,-0.308,0.178,0.289,0.125,-0.031,0.149,-0.18,0.114,-0.097,0.211,-0.24,0.188,-0.428,-0.054,0.055,-0.109,-0.304,0.091,-0.392,0.004,0.849,0.849,0.517,0.0,0.004,-0.144,0.148,0.004,-0.144,0.148,1.366,-0.324,1.248,-0.731,0.517,26595,13281,13314
203508,Sergey Karasev,2024,1.986,-0.207,2.193,0.363,0.098,0.265,0.83,0.07,0.76,1.0,-0.001,1.001,-0.401,-0.087,-0.309,-0.779,-0.704,-0.704,0.806,0.102,0.0,-0.779,-0.332,-0.447,-0.779,-0.332,-0.447,1.74,0.317,-0.343,0.14,-0.483,-0.989,-0.235,-0.754,-0.036,-0.201,0.165,0.542,-0.015,0.557,0.014,-0.0,0.012,0.249,0.477,0.477,-0.08,0.397,0.0,0.249,-0.017,0.266,0.249,-0.017,0.266,-0.749,-0.647,1.642,-0.067,1.709,-0.628,-0.138,-0.49,0.795,-0.13,0.925,1.542,-0.016,1.558,-0.387,-0.087,-0.297,-0.53,-0.227,-0.227,0.499,0.0,-0.53,-0.349,-0.181,-0.53,-0.349,-0.181,0.99,-0.331,0.102,0.397,0.499,4651,2313,2338
1630598,Aaron Wiggins,2024,0.767,-0.119,0.886,0.58,0.328,0.252,-0.373,0.267,-0.64,0.679,-0.016,0.695,-0.057,-0.035,-0.025,0.167,-0.242,-0.242,0.877,0.635,0.0,0.167,0.097,0.07,0.167,0.097,0.07,1.587,1.102,0.658,-0.041,0.699,0.932,0.038,0.894,-0.226,-0.127,-0.099,-0.007,0.017,-0.024,0.189,0.065,0.127,-0.187,-0.802,-0.802,0.66,-0.142,0.0,-0.187,0.126,-0.313,-0.187,0.126,-0.313,-0.947,0.231,1.425,-0.16,1.585,1.512,0.366,1.146,-0.599,0.14,-0.739,0.672,0.001,0.671,0.132,0.03,0.102,-0.02,-1.045,-1.045,0.493,0.0,-0.02,0.223,-0.243,-0.02,0.223,-0.243,0.64,1.333,0.635,-0.142,0.493,16062,7958,8104
202709,Cory Joseph,2024,-1.144,-0.185,-0.959,-0.494,-0.154,-0.34,-0.231,-0.279,0.048,-0.234,-0.037,-0.197,0.186,0.109,0.077,0.44,0.181,0.181,-0.518,-0.337,0.0,0.44,0.648,-0.208,0.44,0.648,-0.208,-1.688,-0.774,0.304,-0.017,0.321,-0.239,0.168,-0.407,0.283,0.157,0.126,0.277,-0.012,0.289,-0.348,-0.253,-0.094,0.359,0.505,0.505,0.315,0.82,-0.0,0.359,-0.035,0.394,0.359,-0.035,0.394,1.426,0.334,-0.839,-0.202,-0.637,-0.733,0.014,-0.747,0.052,-0.122,0.174,0.044,-0.048,0.092,-0.162,-0.144,-0.017,0.8,0.686,0.686,0.483,-0.0,0.8,0.612,0.188,0.8,0.612,0.188,-0.262,-0.44,-0.337,0.82,0.483,67230,33567,33663
202722,Davis Bertans,2024,0.973,-0.026,0.999,-0.106,-0.077,-0.029,0.266,0.406,-0.14,0.839,0.01,0.829,0.544,0.24,0.303,0.385,-0.648,-0.648,1.902,1.254,0.0,0.385,0.036,0.349,0.385,0.036,0.349,1.044,-0.26,-0.478,-0.044,-0.434,0.182,0.06,0.122,-0.632,0.053,-0.685,0.016,0.013,0.003,-0.142,-0.298,0.155,-0.06,-0.102,-0.102,-0.68,-0.782,-0.0,-0.06,-0.316,0.256,-0.06,-0.316,0.256,0.464,0.388,0.494,-0.07,0.564,0.075,-0.017,0.092,-0.365,0.46,-0.825,0.854,0.022,0.832,0.402,-0.058,0.458,0.325,-0.75,-0.75,0.472,-0.0,0.325,-0.279,0.604,0.325,-0.279,0.604,1.508,0.128,1.254,-0.782,0.472,37870,18981,18889
1628539,Mychal Mulder,2024,1.254,0.187,1.067,0.14,-0.209,0.349,1.36,0.465,0.895,-0.433,0.05,-0.483,-0.015,-0.016,0.002,1.243,-1.081,-1.081,2.482,1.401,-0.0,1.243,0.72,0.523,1.243,0.72,0.523,2.476,-0.001,0.108,0.03,0.078,0.392,0.047,0.345,-0.193,-0.072,-0.121,-0.121,0.011,-0.132,0.037,-0.005,0.042,-0.11,-0.964,-0.964,0.035,-0.929,-0.0,-0.11,-0.16,0.05,-0.11,-0.16,0.05,-0.386,0.193,1.362,0.217,1.145,0.532,-0.162,0.694,1.168,0.393,0.775,-0.555,0.061,-0.616,0.022,-0.021,0.044,1.132,-2.045,-2.045,0.472,-0.0,1.132,0.56,0.572,1.132,0.56,0.572,2.09,0.191,1.401,-0.929,0.472,5091,2549,2542
1627884,Derrick Jones Jr.,2024,-2.232,0.098,-2.33,-0.392,-0.046,-0.346,-0.137,0.087,-0.224,-1.801,-0.003,-1.798,0.11,0.307,-0.203,0.096,0.984,0.984,-2.026,-1.042,0.0,0.096,-0.104,0.2,0.096,-0.104,0.2,-1.995,0.288,1.952,0.041,1.911,-0.147,0.009,-0.156,0.586,-0.144,0.73,1.472,0.003,1.469,-0.13,-0.131,0.002,-0.035,-0.275,-0.275,1.787,1.512,0.0,-0.035,-0.008,-0.027,-0.035,-0.008,-0.027,-0.02,-0.291,-0.283,0.139,-0.422,-0.541,-0.038,-0.503,0.448,-0.057,0.505,-0.329,-0.0,-0.329,-0.021,0.176,-0.201,0.062,0.709,0.709,0.47,0.0,0.062,-0.111,0.173,0.062,-0.111,0.173,-2.015,-0.003,-1.042,1.512,0.47,37516,18675,18841
1630163,LaMelo Ball,2024,2.534,0.345,2.189,0.407,0.361,0.046,1.384,0.615,0.769,0.398,-0.031,0.429,-0.012,-0.146,0.129,0.19,-0.292,-0.292,2.712,2.42,0.0,0.19,-0.232,0.422,0.19,-0.232,0.422,1.85,0.913,-2.311,-0.1,-2.211,-0.814,-0.11,-0.704,-0.308,-0.407,0.099,-1.089,0.01,-1.099,-0.305,-0.271,-0.032,0.51,0.149,0.149,-2.106,-1.957,-0.0,0.51,0.444,0.066,0.51,0.444,0.066,-2.083,-0.612,0.224,0.245,-0.021,-0.406,0.251,-0.657,1.076,0.207,0.869,-0.691,-0.021,-0.67,-0.317,-0.417,0.098,0.7,-0.143,-0.143,0.463,-0.0,0.7,0.212,0.488,0.7,0.212,0.488,-0.233,0.301,2.42,-1.957,0.463,24639,12346,12293
1629023,P.J. Washington,2024,0.675,0.094,0.581,0.07,0.177,-0.107,0.231,0.303,-0.072,0.28,-0.013,0.293,-0.307,-0.131,-0.181,-0.069,-0.583,-0.583,0.299,-0.284,-0.0,-0.069,-0.141,0.072,-0.069,-0.141,0.072,2.9,1.131,0.277,-0.188,0.465,0.415,-0.134,0.549,-0.331,-0.222,-0.109,0.381,0.006,0.375,0.262,0.231,0.037,-0.013,0.216,0.216,0.526,0.742,0.0,-0.013,-0.175,0.162,-0.013,-0.175,0.162,-0.406,-0.21,0.953,-0.094,1.047,0.485,0.043,0.442,-0.1,0.081,-0.181,0.662,-0.006,0.668,-0.045,0.1,-0.144,-0.082,-0.367,-0.367,0.458,-0.001,-0.082,-0.315,0.233,-0.082,-0.315,0.233,2.494,0.921,-0.284,0.742,0.457,44613,22319,22294
1629605,Tacko Fall,2024,1.185,-0.066,1.251,0.297,-0.079,0.376,0.22,0.066,0.154,0.734,-0.049,0.783,-0.366,-0.091,-0.28,0.022,-0.281,-0.281,0.841,0.56,0.0,0.022,0.105,-0.083,0.022,0.105,-0.083,-0.385,0.04,0.017,0.05,-0.033,0.117,0.133,-0.016,0.297,-0.056,0.353,-0.447,0.009,-0.456,-0.061,-0.032,-0.031,-0.101,0.023,0.023,-0.145,-0.122,0.0,-0.101,-0.038,-0.063,-0.101,-0.038,-0.063,-0.222,0.322,1.201,-0.016,1.217,0.414,0.054,0.36,0.517,0.01,0.507,0.286,-0.04,0.326,-0.427,-0.123,-0.311,-0.08,-0.258,-0.258,0.438,-0.001,-0.08,0.067,-0.147,-0.08,0.067,-0.147,-0.607,0.362,0.56,-0.122,0.437,950,472,478
203077,Michael Kidd-Gilchrist,2024,-3.273,-0.207,-3.066,-0.766,0.213,-0.979,-0.615,-0.399,-0.216,-1.685,-0.131,-1.554,0.338,0.327,0.015,0.38,0.97,0.97,-2.555,-1.585,0.0,0.38,0.388,-0.008,0.38,0.388,-0.008,-2.306,0.115,1.122,0.03,1.092,0.733,0.021,0.712,0.483,0.057,0.426,-0.124,-0.034,-0.09,0.318,0.212,0.104,-0.28,0.852,0.852,1.16,2.012,0.0,-0.28,-0.107,-0.173,-0.28,-0.107,-0.173,0.588,0.665,-2.151,-0.177,-1.974,-0.033,0.234,-0.267,-0.132,-0.342,0.21,-1.809,-0.165,-1.644,0.656,0.539,0.119,0.1,1.822,1.822,0.427,0.001,0.1,0.281,-0.181,0.1,0.281,-0.181,-1.717,0.78,-1.585,2.012,0.428,29281,14583,14698
1631107,Nikola Jović,2024,1.302,0.103,1.199,0.766,-0.15,0.916,-0.466,0.33,-0.796,0.899,-0.019,0.918,-0.263,-0.222,-0.042,0.348,-1.868,-1.868,1.387,-0.481,0.0,0.348,-0.187,0.535,0.348,-0.187,0.535,1.811,0.435,0.538,-0.049,0.587,-0.656,0.01,-0.666,-0.506,-0.091,-0.415,1.749,0.018,1.731,0.389,0.345,0.044,0.208,-0.233,-0.233,1.135,0.902,0.0,0.208,0.226,-0.018,0.208,0.226,-0.018,-0.378,-0.283,1.84,0.054,1.786,0.11,-0.14,0.25,-0.972,0.239,-1.211,2.648,-0.001,2.649,0.125,0.123,0.001,0.556,-2.101,-2.101,0.421,0.0,0.556,0.039,0.517,0.556,0.039,0.517,1.433,0.152,-0.481,0.902,0.421,4944,2475,2469
201601,Luc Mbah a Moute,2024,-0.548,-0.173,-0.375,-0.735,0.046,-0.781,-0.327,0.246,-0.573,0.687,0.098,0.589,-0.419,0.163,-0.577,0.022,-0.388,-0.388,-0.945,-1.333,0.0,0.022,-0.211,0.233,0.022,-0.211,0.233,-0.061,-0.071,1.573,0.018,1.555,0.481,0.061,0.42,0.894,0.124,0.77,0.18,-0.034,0.214,0.343,0.311,0.029,0.025,-0.191,-0.191,1.941,1.75,0.0,0.025,0.118,-0.093,0.025,0.118,-0.093,0.584,0.336,1.026,-0.155,1.181,-0.253,0.107,-0.36,0.566,0.369,0.197,0.868,0.065,0.803,-0.076,0.474,-0.548,0.047,-0.579,-0.579,0.417,0.0,0.047,-0.092,0.139,0.047,-0.092,0.139,0.523,0.265,-1.333,1.75,0.417,30345,15156,15189
202718,Chandler Parsons,2024,1.374,-0.259,1.633,0.828,0.154,0.674,0.106,0.199,-0.093,0.699,0.094,0.605,-0.095,0.039,-0.131,0.543,-0.354,-0.354,1.822,1.468,0.0,0.543,0.265,0.278,0.543,0.265,0.278,1.03,0.353,-1.123,-0.005,-1.118,-0.522,0.083,-0.605,-0.089,0.091,-0.18,-0.507,-0.021,-0.486,-0.198,-0.305,0.105,0.361,-0.107,-0.107,-0.96,-1.067,0.0,0.361,-0.097,0.458,0.361,-0.097,0.458,1.296,0.229,0.251,-0.264,0.515,0.306,0.237,0.069,0.017,0.29,-0.273,0.192,0.073,0.119,-0.293,-0.266,-0.026,0.904,-0.46,-0.46,0.401,0.0,0.904,0.168,0.736,0.904,0.168,0.736,2.326,0.582,1.468,-1.067,0.401,24079,12075,12004
1628408,P.J. Dozier,2024,-1.062,-0.101,-0.961,-0.809,-0.033,-0.776,0.212,0.01,0.202,-0.364,-0.028,-0.336,-0.526,-0.296,-0.229,0.263,0.286,0.286,-1.325,-1.039,0.0,0.263,-0.059,0.322,0.263,-0.059,0.322,-1.73,-0.037,0.274,0.071,0.203,0.617,0.113,0.504,0.084,-0.092,0.176,-0.498,-0.011,-0.487,-0.177,-0.08,-0.098,0.998,0.344,0.344,1.095,1.439,0.0,0.998,0.316,0.682,0.998,0.316,0.682,0.363,0.827,-0.787,-0.03,-0.757,-0.192,0.08,-0.272,0.296,-0.082,0.378,-0.861,-0.038,-0.823,-0.703,-0.376,-0.327,1.261,0.63,0.63,0.4,-0.001,1.261,0.257,1.004,1.261,0.257,1.004,-1.367,0.79,-1.039,1.439,0.399,8402,4184,4218
1627732,Ben Simmons,2024,1.634,0.151,1.483,1.13,0.165,0.965,-0.299,0.07,-0.369,0.652,-0.051,0.703,-1.175,-0.019,-1.158,-0.738,-0.277,-0.277,-0.279,-0.556,0.0,-0.738,-0.59,-0.148,-0.738,-0.59,-0.148,3.081,0.802,-0.132,-0.165,0.033,-0.179,-0.018,-0.161,-0.011,-0.086,0.075,0.223,0.021,0.202,-0.136,-0.209,0.074,0.393,0.82,0.82,0.125,0.945,0.0,0.393,0.448,-0.055,0.393,0.448,-0.055,1.511,-0.081,1.499,-0.014,1.513,0.951,0.147,0.804,-0.311,-0.017,-0.294,0.873,-0.031,0.904,-1.311,-0.228,-1.084,-0.346,0.544,0.544,0.389,0.001,-0.346,-0.141,-0.205,-0.346,-0.141,-0.205,4.592,0.721,-0.556,0.945,0.39,46402,23187,23215
1628978,Donte DiVincenzo,2024,0.73,0.113,0.617,-0.463,-0.06,-0.403,0.463,0.435,0.028,0.617,0.007,0.61,-0.083,-0.024,-0.066,-0.236,0.262,0.262,0.411,0.673,0.0,-0.236,-0.1,-0.136,-0.236,-0.1,-0.136,1.004,0.168,-0.947,0.057,-1.004,0.174,-0.013,0.187,-0.501,-0.122,-0.379,-0.677,0.012,-0.689,0.066,0.052,0.016,0.464,0.113,0.113,-0.417,-0.304,0.0,0.464,0.241,0.223,0.464,0.241,0.223,0.202,0.02,-0.218,0.17,-0.388,-0.289,-0.073,-0.216,-0.039,0.312,-0.351,-0.06,0.019,-0.079,-0.017,0.028,-0.051,0.228,0.375,0.375,0.369,-0.0,0.228,0.142,0.086,0.228,0.142,0.086,1.206,0.188,0.673,-0.304,0.369,41872,20938,20934
1630202,Payton Pritchard,2024,0.354,0.044,0.31,-0.624,-0.311,-0.313,-0.414,0.143,-0.557,1.348,0.003,1.345,-0.457,-0.362,-0.101,0.503,1.399,1.399,0.4,1.799,0.0,0.503,0.546,-0.043,0.503,0.546,-0.043,0.889,-0.94,-0.777,0.104,-0.881,0.273,-0.018,0.291,-0.06,0.13,-0.19,-1.094,0.03,-1.124,-0.115,-0.048,-0.065,-0.379,-0.165,-0.165,-1.271,-1.436,0.0,-0.379,-0.164,-0.215,-0.379,-0.164,-0.215,-0.17,-0.12,-0.422,0.148,-0.57,-0.351,-0.329,-0.022,-0.473,0.274,-0.747,0.254,0.033,0.221,-0.571,-0.409,-0.166,0.124,1.235,1.235,0.363,0.0,0.124,0.383,-0.259,0.124,0.383,-0.259,0.719,-1.06,1.799,-1.436,0.363,21871,10933,10938
201586,Serge Ibaka,2024,0.026,-0.058,0.084,0.227,-0.297,0.524,0.354,-0.546,0.9,-0.497,-0.01,-0.487,-0.142,-0.286,0.152,-0.17,0.436,0.436,-0.286,0.15,0.0,-0.17,0.159,-0.329,-0.17,0.159,-0.329,1.484,-0.796,1.866,0.163,1.703,0.94,-0.029,0.969,0.427,0.23,0.197,0.336,0.008,0.328,0.216,0.348,-0.135,-1.657,-0.218,-0.218,0.425,0.207,-0.0,-1.657,-0.81,-0.847,-1.657,-0.81,-0.847,0.549,0.423,1.894,0.105,1.789,1.168,-0.326,1.494,0.782,-0.316,1.098,-0.161,-0.002,-0.159,0.074,0.062,0.016,-1.826,0.218,0.218,0.357,-0.0,-1.826,-0.652,-1.174,-1.826,-0.652,-1.174,2.034,-0.374,0.15,0.207,0.357,65191,32577,32614
203915,Spencer Dinwiddie,2024,-0.784,0.222,-1.006,-0.755,0.042,-0.797,0.062,0.585,-0.523,-0.313,0.025,-0.338,0.543,0.508,0.035,1.168,-0.206,-0.206,0.927,0.721,0.0,1.168,0.831,0.337,1.168,0.831,0.337,-0.862,-0.44,0.161,-0.181,0.342,0.334,0.078,0.256,-0.094,0.392,-0.486,0.102,0.038,0.064,0.144,0.263,-0.119,-0.983,0.307,0.307,-0.678,-0.371,-0.0,-0.983,-0.565,-0.418,-0.983,-0.565,-0.418,0.934,0.174,-0.622,0.041,-0.663,-0.421,0.12,-0.541,-0.032,0.977,-1.009,-0.21,0.063,-0.273,0.687,0.771,-0.084,0.185,0.101,0.101,0.35,-0.0,0.185,0.267,-0.082,0.185,0.267,-0.082,0.072,-0.267,0.721,-0.371,0.35,65925,32937,32988
1626199,Darrun Hilliard,2024,0.477,-0.1,0.577,-0.034,-0.302,0.268,-0.53,-0.075,-0.455,1.141,-0.007,1.148,-0.258,-0.103,-0.151,-0.012,0.01,0.01,0.207,0.217,0.0,-0.012,0.378,-0.39,-0.012,0.378,-0.39,0.604,-0.375,-0.021,0.103,-0.124,0.133,0.097,0.036,0.184,0.036,0.148,-0.441,0.039,-0.48,-0.048,-0.064,0.013,-0.087,0.285,0.285,-0.156,0.129,0.0,-0.087,-0.114,0.027,-0.087,-0.114,0.027,-0.014,0.128,0.456,0.003,0.453,0.1,-0.204,0.304,-0.347,-0.04,-0.307,0.7,0.032,0.668,-0.306,-0.166,-0.137,-0.099,0.295,0.295,0.346,0.0,-0.099,0.264,-0.363,-0.099,0.264,-0.363,0.59,-0.247,0.217,0.129,0.346,3673,1840,1833
1628462,Milos Teodosic,2024,1.314,0.23,1.084,0.893,0.174,0.719,0.743,0.593,0.15,-0.552,0.037,-0.589,0.107,-0.04,0.148,0.255,-0.622,-0.622,1.676,1.054,-0.0,0.255,-0.015,0.27,0.255,-0.015,0.27,2.18,0.949,-0.317,-0.136,-0.181,-0.606,-0.081,-0.525,0.141,-0.11,0.251,0.284,0.007,0.277,0.135,0.265,-0.131,-0.347,-0.185,-0.185,-0.529,-0.714,0.0,-0.347,0.065,-0.412,-0.347,0.065,-0.412,-0.897,-0.621,0.998,0.094,0.904,0.288,0.094,0.194,0.884,0.483,0.401,-0.268,0.044,-0.312,0.242,0.225,0.017,-0.092,-0.807,-0.807,0.34,-0.0,-0.092,0.05,-0.142,-0.092,0.05,-0.142,1.283,0.328,1.054,-0.714,0.34,5258,2645,2613
200777,Joel Freeland,2024,-0.781,-0.332,-0.449,-0.175,-0.138,-0.037,0.292,-0.182,0.474,-0.566,0.032,-0.598,-0.408,-0.536,0.134,-0.277,0.073,0.073,-1.466,-1.393,0.0,-0.277,-0.278,0.001,-0.277,-0.278,0.001,-0.062,-0.408,2.039,0.22,1.819,0.452,-0.042,0.494,0.222,-0.026,0.248,1.145,0.004,1.141,0.012,-0.025,0.031,-0.104,-0.219,-0.219,1.947,1.728,0.0,-0.104,-0.191,0.087,-0.104,-0.191,0.087,1.505,0.046,1.258,-0.112,1.37,0.277,-0.18,0.457,0.513,-0.208,0.721,0.58,0.036,0.544,-0.397,-0.561,0.165,-0.381,-0.146,-0.146,0.335,0.0,-0.381,-0.47,0.089,-0.381,-0.47,0.089,1.443,-0.362,-1.393,1.728,0.335,2037,1003,1034
1630174,Aaron Nesmith,2024,1.102,-0.099,1.201,-0.03,0.091,-0.121,0.869,0.318,0.551,0.362,-0.001,0.363,0.186,-0.022,0.206,0.07,-0.28,-0.28,1.358,1.078,0.0,0.07,0.157,-0.087,0.07,0.157,-0.087,2.026,0.389,-0.624,-0.004,-0.62,1.035,0.043,0.992,-0.99,-0.056,-0.934,-0.665,0.016,-0.681,-0.398,-0.437,0.041,-0.091,0.369,0.369,-1.113,-0.744,0.0,-0.091,-0.089,-0.002,-0.091,-0.089,-0.002,0.325,0.359,0.478,-0.103,0.581,1.006,0.134,0.872,-0.121,0.262,-0.383,-0.304,0.014,-0.318,-0.212,-0.459,0.247,-0.02,0.089,0.089,0.334,-0.0,-0.02,0.067,-0.087,-0.02,0.067,-0.087,2.351,0.748,1.078,-0.744,0.334,23751,11879,11872
202702,Kenneth Faried,2024,-1.045,-0.186,-0.859,0.048,0.489,-0.441,-0.537,0.129,-0.666,-0.37,-0.023,-0.347,-0.3,0.108,-0.402,0.059,1.997,1.997,-1.286,0.711,-0.0,0.059,-0.045,0.104,0.059,-0.045,0.104,0.872,1.28,-1.007,0.179,-1.186,0.052,-0.189,0.241,-0.855,-0.042,-0.813,-0.383,-0.015,-0.368,-0.122,-0.062,-0.064,0.069,0.683,0.683,-1.06,-0.377,0.0,0.069,-0.02,0.089,0.069,-0.02,0.089,-0.58,0.207,-2.052,-0.007,-2.045,0.1,0.3,-0.2,-1.392,0.087,-1.479,-0.753,-0.038,-0.715,-0.421,0.046,-0.465,0.128,2.681,2.681,0.334,-0.0,0.128,-0.064,0.192,0.128,-0.064,0.192,0.292,1.486,0.711,-0.377,0.334,24432,12143,12289
201627,Anthony Morrow,2024,0.799,-0.52,1.319,-0.479,0.062,-0.541,0.792,0.145,0.647,1.006,0.11,0.896,0.388,0.047,0.35,0.052,-0.195,-0.195,1.239,1.044,0.0,0.052,0.221,-0.169,0.052,0.221,-0.169,-0.003,-0.655,0.668,0.375,0.293,-0.086,-0.268,0.182,0.209,-0.213,0.422,0.17,-0.031,0.201,-0.476,-0.649,0.167,-0.49,-0.426,-0.426,-0.298,-0.724,0.0,-0.49,-0.508,0.018,-0.49,-0.508,0.018,1.198,-0.249,1.467,-0.145,1.612,-0.565,-0.206,-0.359,1.0,-0.068,1.068,1.177,0.079,1.098,-0.088,-0.602,0.517,-0.438,-0.62,-0.62,0.32,-0.001,-0.438,-0.288,-0.15,-0.438,-0.288,-0.15,1.195,-0.904,1.044,-0.724,0.319,15335,7691,7644
1628368,De'Aaron Fox,2024,0.892,0.34,0.552,0.586,0.065,0.521,0.277,-0.049,0.326,-0.311,-0.059,-0.252,0.475,0.788,-0.319,0.97,-0.146,-0.146,2.337,2.191,0.0,0.97,0.638,0.332,0.97,0.638,0.332,-2.625,-0.357,-2.243,-0.171,-2.072,-0.255,-0.085,-0.17,-0.561,-0.285,-0.276,-1.256,0.001,-1.257,-0.064,-0.125,0.065,0.072,0.361,0.361,-2.235,-1.874,-0.0,0.072,-0.113,0.185,0.072,-0.113,0.185,-0.609,-0.033,-1.354,0.169,-1.523,0.331,-0.02,0.351,-0.286,-0.335,0.049,-1.568,-0.058,-1.51,0.41,0.663,-0.254,1.042,0.215,0.215,0.317,0.0,1.042,0.525,0.517,1.042,0.525,0.517,-3.234,-0.39,2.191,-1.874,0.317,65223,32628,32595
1630200,Tre Jones,2024,0.55,0.064,0.486,0.305,0.217,0.088,0.37,0.058,0.312,-0.189,-0.016,-0.173,-0.091,-0.024,-0.07,0.533,-0.088,-0.088,0.992,0.904,-0.0,0.533,0.226,0.307,0.533,0.226,0.307,2.31,0.802,-0.572,-0.171,-0.401,-0.335,-0.018,-0.317,0.098,0.1,-0.002,-0.164,-0.0,-0.164,0.518,0.332,0.189,0.234,-0.768,-0.768,0.18,-0.588,0.0,0.234,0.113,0.121,0.234,0.113,0.121,-0.386,-0.346,-0.023,-0.107,0.084,-0.031,0.199,-0.23,0.468,0.158,0.31,-0.353,-0.016,-0.337,0.427,0.308,0.119,0.767,-0.856,-0.856,0.316,-0.0,0.767,0.339,0.428,0.767,0.339,0.428,1.924,0.456,0.904,-0.588,0.316,23101,11555,11546
1630191,Isaiah Stewart,2024,-1.33,0.21,-1.54,-1.39,0.008,-1.398,-0.461,-0.179,-0.282,0.311,-0.024,0.335,-0.272,-0.308,0.038,-0.869,1.016,1.016,-2.471,-1.455,0.0,-0.869,0.13,-0.999,-0.869,0.13,-0.999,-0.695,-0.446,1.471,0.045,1.426,1.558,0.128,1.43,-0.096,0.074,-0.17,-0.036,0.013,-0.049,0.272,0.29,-0.016,-0.32,0.331,0.331,1.423,1.754,0.0,-0.32,-0.318,-0.002,-0.32,-0.318,-0.002,1.183,0.907,0.143,0.255,-0.112,0.17,0.137,0.033,-0.557,-0.105,-0.452,0.275,-0.012,0.287,0.0,-0.019,0.021,-1.189,1.348,1.348,0.299,0.0,-1.189,-0.188,-1.001,-1.189,-0.188,-1.001,0.488,0.46,-1.455,1.754,0.299,24880,12418,12462
203493,Reggie Bullock Jr.,2024,0.302,0.034,0.268,-0.46,-0.203,-0.257,0.237,0.077,0.16,0.491,-0.012,0.503,0.049,-0.224,0.278,0.678,-1.336,-1.336,1.029,-0.307,0.0,0.678,0.332,0.346,0.678,0.332,0.346,0.332,-0.708,0.9,-0.039,0.939,-0.654,-0.036,-0.618,0.352,-0.01,0.362,1.241,0.002,1.239,-0.219,-0.155,-0.066,-0.211,0.129,0.129,0.47,0.599,-0.0,-0.211,-0.026,-0.185,-0.211,-0.026,-0.185,0.617,-0.246,1.201,-0.005,1.206,-1.114,-0.239,-0.875,0.588,0.067,0.521,1.732,-0.01,1.742,-0.17,-0.379,0.212,0.468,-1.208,-1.208,0.292,0.0,0.468,0.307,0.161,0.468,0.307,0.161,0.95,-0.954,-0.307,0.599,0.292,52330,26221,26109
101107,Marvin Williams,2024,-0.57,-0.221,-0.349,-0.531,-0.071,-0.46,-0.005,0.117,-0.122,0.187,0.08,0.107,0.094,-0.14,0.238,0.657,-0.468,-0.468,0.181,-0.287,0.0,0.657,0.45,0.207,0.657,0.45,0.207,0.343,-0.373,0.283,0.124,0.159,0.157,-0.04,0.197,-0.343,-0.078,-0.265,0.345,-0.041,0.386,0.244,0.386,-0.142,-0.534,0.586,0.586,-0.007,0.579,0.0,-0.534,-0.359,-0.175,-0.534,-0.359,-0.175,-1.008,-0.063,-0.287,-0.097,-0.19,-0.374,-0.111,-0.263,-0.348,0.039,-0.387,0.532,0.039,0.493,0.338,0.246,0.096,0.124,0.117,0.117,0.292,0.0,0.124,0.091,0.033,0.124,0.091,0.033,-0.665,-0.436,-0.287,0.579,0.292,43881,21960,21921
1629719,Devontae Cacok,2024,-0.12,0.262,-0.382,-0.119,0.004,-0.123,-0.035,0.07,-0.105,-0.228,-0.053,-0.175,-0.145,0.235,-0.383,0.121,0.449,0.449,-0.144,0.305,0.0,0.121,0.159,-0.038,0.121,0.159,-0.038,-0.418,0.077,0.006,0.148,-0.142,0.029,-0.003,0.032,-0.589,-0.205,-0.384,0.418,0.011,0.407,-0.206,-0.16,-0.048,0.066,0.119,0.119,-0.134,-0.015,-0.0,0.066,-0.054,0.12,0.066,-0.054,0.12,0.269,-0.12,-0.115,0.41,-0.525,-0.091,0.0,-0.091,-0.624,-0.135,-0.489,0.19,-0.042,0.232,-0.351,0.075,-0.43,0.187,0.568,0.568,0.29,-0.0,0.187,0.105,0.082,0.187,0.105,0.082,-0.149,-0.043,0.305,-0.015,0.29,985,495,490
203939,Dwight Powell,2024,-0.424,-0.041,-0.383,0.255,-0.147,0.402,-0.695,-0.192,-0.503,0.057,-0.014,0.071,0.216,0.294,-0.077,-0.437,0.435,0.435,-0.645,-0.21,0.0,-0.437,-0.508,0.071,-0.437,-0.508,0.071,0.59,0.559,-0.02,0.006,-0.026,-0.344,0.192,-0.536,-0.258,0.111,-0.369,0.576,0.002,0.574,0.13,-0.046,0.176,0.348,0.033,0.033,0.458,0.491,0.0,0.348,-0.05,0.398,0.348,-0.05,0.398,-0.109,-0.001,-0.443,-0.035,-0.408,-0.089,0.045,-0.134,-0.952,-0.081,-0.871,0.633,-0.012,0.645,0.345,0.248,0.099,-0.089,0.467,0.467,0.281,0.0,-0.089,-0.558,0.469,-0.089,-0.558,0.469,0.481,0.558,-0.21,0.491,0.281,50226,25084,25142
1630592,Jalen Wilson,2024,0.223,0.314,-0.091,-0.195,-0.162,-0.033,-0.25,0.135,-0.385,0.354,-0.017,0.371,-0.194,-0.263,0.069,-0.519,1.069,1.069,-0.49,0.579,0.0,-0.519,0.145,-0.664,-0.519,0.145,-0.664,0.392,-0.015,-0.252,-0.013,-0.239,-0.159,0.111,-0.27,-0.256,-0.081,-0.175,0.176,0.017,0.159,0.102,-0.066,0.167,-0.518,0.37,0.37,-0.668,-0.298,0.0,-0.518,-0.441,-0.077,-0.518,-0.441,-0.077,-0.04,0.266,-0.028,0.301,-0.329,-0.352,-0.05,-0.302,-0.506,0.054,-0.56,0.529,-0.0,0.529,-0.092,-0.329,0.236,-1.037,1.44,1.44,0.281,0.0,-1.037,-0.296,-0.741,-1.037,-0.296,-0.741,0.352,0.251,0.579,-0.298,0.281,2622,1307,1315
1628380,Zach Collins,2024,0.405,0.115,0.29,-0.334,-0.189,-0.145,-0.219,-0.377,0.158,0.843,-0.033,0.876,-0.247,-0.302,0.05,-0.787,0.668,0.668,-0.629,0.039,-0.0,-0.787,-0.53,-0.257,-0.787,-0.53,-0.257,-0.02,-0.277,1.393,-0.194,1.587,1.304,0.238,1.066,0.212,0.249,-0.037,0.071,0.003,0.068,0.032,-0.139,0.172,-0.939,-0.255,-0.255,0.486,0.231,-0.0,-0.939,-0.423,-0.516,-0.939,-0.423,-0.516,0.596,0.997,1.797,-0.079,1.876,0.97,0.049,0.921,-0.007,-0.128,0.121,0.913,-0.03,0.943,-0.215,-0.441,0.223,-1.726,0.412,0.412,0.27,-0.0,-1.726,-0.952,-0.774,-1.726,-0.952,-0.774,0.575,0.719,0.039,0.231,0.27,27203,13564,13639
1629140,Johnathan Williams,2024,0.492,0.204,0.288,0.049,-0.075,0.124,-0.874,-0.113,-0.761,1.113,-0.035,1.148,-0.423,-0.316,-0.108,0.017,0.475,0.475,0.086,0.561,0.0,0.017,-0.074,0.091,0.017,-0.074,0.091,0.419,0.325,0.108,-0.021,0.129,-0.385,0.052,-0.437,-0.05,-0.187,0.137,0.564,0.007,0.557,-0.246,-0.311,0.062,-0.137,-0.023,-0.023,-0.275,-0.298,0.0,-0.137,-0.067,-0.07,-0.137,-0.067,-0.07,-0.802,-0.223,0.601,0.183,0.418,-0.335,-0.023,-0.312,-0.924,-0.3,-0.624,1.677,-0.028,1.705,-0.67,-0.627,-0.046,-0.12,0.452,0.452,0.263,0.0,-0.12,-0.141,0.021,-0.12,-0.141,0.021,-0.383,0.102,0.561,-0.298,0.263,2305,1148,1157
201956,Omri Casspi,2024,0.115,-0.166,0.281,1.15,0.269,0.881,-0.33,-0.015,-0.315,-0.539,-0.045,-0.494,0.269,0.459,-0.186,-1.113,0.245,0.245,-0.729,-0.484,0.0,-1.113,-0.536,-0.577,-1.113,-0.536,-0.577,-0.682,0.696,0.671,0.182,0.489,-0.397,0.073,-0.47,1.089,0.08,1.009,-0.203,-0.021,-0.182,-0.175,-0.032,-0.147,0.307,-0.06,-0.06,0.803,0.743,-0.0,0.307,0.102,0.205,0.307,0.102,0.205,1.687,0.17,0.786,0.016,0.77,0.753,0.342,0.411,0.759,0.065,0.694,-0.742,-0.066,-0.676,0.094,0.427,-0.332,-0.807,0.184,0.184,0.259,-0.0,-0.807,-0.434,-0.373,-0.807,-0.434,-0.373,1.005,0.866,-0.484,0.743,0.259,21977,10987,10990
202730,Lavoy Allen,2024,-2.447,-0.062,-2.385,-0.703,-0.315,-0.388,-0.859,-0.699,-0.16,-0.823,-0.051,-0.772,-0.232,-0.392,0.163,-0.27,2.32,2.32,-2.949,-0.629,0.0,-0.27,-0.228,-0.042,-0.27,-0.228,-0.042,-1.461,-0.777,-0.162,0.092,-0.254,0.005,0.052,-0.047,-0.116,0.021,-0.137,-0.143,-0.01,-0.133,-0.051,-0.144,0.092,0.305,0.796,0.796,0.092,0.888,0.0,0.305,-0.026,0.331,0.305,-0.026,0.331,1.056,0.099,-2.611,0.03,-2.641,-0.699,-0.264,-0.435,-0.975,-0.678,-0.297,-0.967,-0.062,-0.905,-0.283,-0.535,0.255,0.036,3.116,3.116,0.259,-0.001,0.036,-0.254,0.29,0.036,-0.254,0.29,-0.405,-0.678,-0.629,0.888,0.258,16557,8315,8242
1628997,Caleb Martin,2024,-0.18,-0.169,-0.011,-0.763,0.052,-0.815,-0.392,0.066,-0.458,1.144,-0.019,1.163,0.055,0.069,-0.018,0.191,-0.124,-0.124,0.066,-0.058,-0.0,0.191,0.163,0.028,0.191,0.163,0.028,-0.745,-0.007,0.2,-0.017,0.217,0.41,0.127,0.283,-0.628,-0.101,-0.527,0.435,0.003,0.432,0.073,0.143,-0.067,0.584,-0.555,-0.555,0.857,0.302,0.0,0.584,0.351,0.233,0.584,0.351,0.233,-0.981,0.266,0.021,-0.186,0.207,-0.352,0.179,-0.531,-1.02,-0.035,-0.985,1.579,-0.016,1.595,0.128,0.211,-0.085,0.775,-0.679,-0.679,0.244,0.0,0.775,0.514,0.261,0.775,0.514,0.261,-1.726,0.259,-0.058,0.302,0.244,29379,14645,14734
1630178,Tyrese Maxey,2024,0.727,0.432,0.295,-0.231,0.025,-0.256,0.126,-0.037,0.163,0.4,-0.025,0.425,0.666,-0.097,0.759,1.687,-1.35,-1.35,3.08,1.73,0.0,1.687,0.947,0.74,1.687,0.947,0.74,-0.334,-0.019,-0.813,-0.129,-0.684,-0.502,-0.106,-0.396,-0.546,-0.122,-0.424,0.364,0.039,0.325,-0.35,-0.502,0.153,-0.339,0.009,0.009,-1.502,-1.493,-0.0,-0.339,-0.066,-0.273,-0.339,-0.066,-0.273,-0.153,-0.629,-0.085,0.303,-0.388,-0.733,-0.081,-0.652,-0.419,-0.159,-0.26,0.764,0.014,0.75,0.317,-0.599,0.911,1.348,-1.341,-1.341,0.237,-0.0,1.348,0.881,0.467,1.348,0.881,0.467,-0.486,-0.648,1.73,-1.493,0.237,37794,18944,18850
1629130,Duncan Robinson,2024,2.171,0.214,1.957,0.618,-0.117,0.735,0.722,0.409,0.313,0.617,0.008,0.609,-0.294,-0.447,0.147,-0.271,-0.615,-0.615,1.606,0.991,0.0,-0.271,-0.065,-0.206,-0.271,-0.065,-0.206,6.041,0.504,-1.075,-0.149,-0.926,-0.167,0.167,-0.334,-0.071,-0.2,0.129,-0.688,-0.016,-0.672,-0.072,0.09,-0.158,0.131,0.249,0.249,-1.016,-0.767,0.0,0.131,0.012,0.119,0.131,0.012,0.119,-2.141,0.223,1.096,0.065,1.031,0.451,0.05,0.401,0.651,0.209,0.442,-0.071,-0.008,-0.063,-0.365,-0.357,-0.012,-0.14,-0.366,-0.366,0.224,0.0,-0.14,-0.053,-0.087,-0.14,-0.053,-0.087,3.899,0.727,0.991,-0.767,0.224,42041,21063,20978
1629052,Oshae Brissett,2024,0.329,0.033,0.296,-0.497,0.248,-0.745,0.146,0.411,-0.265,0.647,-0.005,0.652,0.335,0.411,-0.08,-0.283,1.04,1.04,0.381,1.421,0.0,-0.283,-0.096,-0.187,-0.283,-0.096,-0.187,0.672,0.267,-1.473,-0.02,-1.453,-0.709,-0.154,-0.555,-0.563,-0.17,-0.393,-0.181,0.009,-0.19,0.08,0.0,0.082,0.125,0.067,0.067,-1.268,-1.201,0.0,0.125,0.115,0.01,0.125,0.115,0.01,-1.414,-0.895,-1.146,0.013,-1.159,-1.206,0.094,-1.3,-0.418,0.24,-0.658,0.465,0.004,0.461,0.415,0.412,0.002,-0.157,1.107,1.107,0.22,0.0,-0.157,0.019,-0.176,-0.157,0.019,-0.176,-0.742,-0.628,1.421,-1.201,0.22,16552,8247,8305
1627747,Caris LeVert,2024,0.222,0.127,0.095,0.34,0.013,0.327,-0.077,0.173,-0.25,-0.168,-0.006,-0.162,0.214,0.433,-0.224,0.834,-0.206,-0.206,1.27,1.064,0.0,0.834,0.47,0.364,0.834,0.47,0.364,-1.453,0.189,0.203,-0.191,0.394,0.076,-0.08,0.156,0.103,0.058,0.045,0.215,0.035,0.18,-0.355,-0.381,0.029,0.012,-0.726,-0.726,-0.14,-0.866,-0.0,0.012,-0.116,0.128,0.012,-0.116,0.128,1.675,-0.144,0.427,-0.064,0.491,0.417,-0.067,0.484,0.026,0.231,-0.205,0.048,0.029,0.019,-0.141,0.052,-0.195,0.846,-0.932,-0.932,0.198,0.001,0.846,0.354,0.492,0.846,0.354,0.492,0.221,0.045,1.064,-0.866,0.199,55520,27789,27731
201962,Toney Douglas,2024,-0.799,-0.143,-0.656,0.134,0.067,0.067,-0.662,0.089,-0.751,-0.128,-0.049,-0.079,0.4,0.287,0.119,0.616,0.795,0.795,0.217,1.012,0.0,0.616,0.351,0.265,0.616,0.351,0.265,-0.439,0.156,-1.82,0.05,-1.87,-0.172,0.02,-0.192,-0.206,-0.079,-0.127,-1.492,0.007,-1.499,-0.211,-0.205,-0.007,0.296,0.919,0.919,-1.735,-0.816,0.0,0.296,0.116,0.18,0.296,0.116,0.18,-0.209,0.062,-2.62,-0.093,-2.527,-0.039,0.086,-0.125,-0.868,0.01,-0.878,-1.62,-0.042,-1.578,0.189,0.081,0.112,0.912,1.713,1.713,0.196,0.0,0.912,0.467,0.445,0.912,0.467,0.445,-0.647,0.218,1.012,-0.816,0.196,7574,3781,3793
1628409,Alec Peters,2024,1.058,0.33,0.728,-0.506,-0.017,-0.489,0.821,0.307,0.514,0.413,0.021,0.392,-0.388,-0.31,-0.078,0.05,-0.243,-0.243,0.72,0.477,-0.0,0.05,-0.433,0.483,0.05,-0.433,0.483,1.204,-0.284,-0.088,0.057,-0.145,-0.155,0.028,-0.183,0.104,-0.071,0.175,-0.094,0.026,-0.12,-0.071,-0.077,0.004,-0.33,0.208,0.208,-0.489,-0.281,0.0,-0.33,-0.06,-0.27,-0.33,-0.06,-0.27,0.395,0.07,0.969,0.387,0.582,-0.661,0.011,-0.672,0.924,0.236,0.688,0.319,0.046,0.273,-0.459,-0.387,-0.075,-0.28,-0.035,-0.035,0.196,-0.0,-0.28,-0.493,0.213,-0.28,-0.493,0.213,1.6,-0.214,0.477,-0.281,0.196,1178,587,591
1628975,Jevon Carter,2024,-1.774,-0.046,-1.728,-1.1,-0.26,-0.84,-0.208,0.058,-0.266,-0.42,-0.005,-0.415,-0.29,-0.107,-0.188,0.513,0.277,0.277,-1.551,-1.274,0.0,0.513,0.122,0.391,0.513,0.122,0.391,-0.453,-1.025,1.35,0.119,1.231,0.657,0.106,0.551,0.083,0.04,0.043,0.491,0.026,0.465,-0.191,-0.368,0.178,0.286,0.018,0.018,1.445,1.463,0.0,0.286,0.15,0.136,0.286,0.15,0.136,1.822,0.256,-0.424,0.073,-0.497,-0.443,-0.154,-0.289,-0.125,0.097,-0.222,0.071,0.021,0.05,-0.481,-0.475,-0.011,0.8,0.295,0.295,0.189,-0.0,0.8,0.271,0.529,0.8,0.271,0.529,1.369,-0.769,-1.274,1.463,0.189,25450,12670,12780
1495,Tim Duncan,2024,-0.413,-0.541,0.128,0.055,0.16,-0.105,0.112,-0.581,0.693,-0.039,-0.098,0.059,-0.399,-0.256,-0.129,-0.409,-0.899,-0.899,-1.221,-2.12,0.0,-0.409,-0.277,-0.132,-0.409,-0.277,-0.132,1.595,1.164,2.276,0.458,1.818,1.23,-0.038,1.268,1.069,0.379,0.69,-0.481,0.035,-0.516,0.367,0.033,0.325,-0.736,0.396,0.396,1.907,2.303,0.0,-0.736,-0.248,-0.488,-0.736,-0.248,-0.488,0.669,0.523,1.864,-0.083,1.947,1.286,0.122,1.164,1.18,-0.203,1.383,-0.519,-0.062,-0.457,-0.032,-0.223,0.196,-1.145,-0.503,-0.503,0.183,0.0,-1.145,-0.525,-0.62,-1.145,-0.525,-0.62,2.263,1.687,-2.12,2.303,0.183,15930,7984,7946
1627788,Furkan Korkmaz,2024,-0.233,-0.007,-0.226,0.336,-0.122,0.458,-0.174,0.103,-0.277,-0.388,0.004,-0.392,0.257,0.427,-0.173,0.079,-0.081,-0.081,0.103,0.022,0.0,0.079,-0.012,0.091,0.079,-0.012,0.091,-0.711,-0.286,0.206,0.025,0.181,-0.219,-0.11,-0.109,0.19,-0.006,0.196,0.21,0.053,0.157,-0.526,-0.497,-0.026,0.439,0.038,0.038,0.119,0.157,0.0,0.439,0.282,0.157,0.439,0.282,0.157,2.834,-0.25,-0.026,0.018,-0.044,0.117,-0.232,0.349,0.015,0.097,-0.082,-0.176,0.058,-0.234,-0.269,-0.07,-0.199,0.518,-0.044,-0.044,0.179,-0.001,0.518,0.27,0.248,0.518,0.27,0.248,2.123,-0.537,0.022,0.157,0.178,24287,12186,12101
203107,Tomas Satoransky,2024,0.47,-0.098,0.568,0.309,-0.089,0.398,0.534,0.078,0.456,-0.275,-0.02,-0.255,0.069,0.091,-0.022,-0.37,-0.195,-0.195,0.169,-0.026,0.0,-0.37,-0.269,-0.101,-0.37,-0.269,-0.101,2.865,0.617,-0.327,-0.056,-0.271,-0.631,-0.163,-0.468,-0.258,-0.175,-0.083,0.618,0.024,0.594,-0.141,-0.086,-0.051,0.651,0.01,0.01,0.183,0.193,-0.0,0.651,0.076,0.575,0.651,0.076,0.575,1.419,-0.336,0.144,-0.154,0.298,-0.322,-0.252,-0.07,0.277,-0.097,0.374,0.343,0.004,0.339,-0.072,0.005,-0.073,0.28,-0.184,-0.184,0.167,0.0,0.28,-0.193,0.473,0.28,-0.193,0.473,4.283,0.28,-0.026,0.193,0.167,36227,18121,18106
1627851,Mindaugas Kuzminskas,2024,0.571,0.387,0.184,-0.008,0.217,-0.225,0.995,0.419,0.576,-0.803,0.017,-0.82,-0.189,0.026,-0.213,-0.959,0.625,0.625,-0.577,0.048,-0.0,-0.959,-0.763,-0.196,-0.959,-0.763,-0.196,-0.039,0.479,-0.164,0.038,-0.202,-0.633,-0.075,-0.558,0.187,-0.137,0.324,0.244,-0.006,0.25,0.145,0.126,0.018,0.108,0.027,0.027,0.089,0.116,0.0,0.108,0.092,0.016,0.108,0.092,0.016,1.213,-0.264,0.408,0.425,-0.017,-0.641,0.142,-0.783,1.182,0.282,0.9,-0.558,0.011,-0.569,-0.044,0.152,-0.195,-0.851,0.652,0.652,0.164,-0.0,-0.851,-0.67,-0.181,-0.851,-0.67,-0.181,1.174,0.215,0.048,0.116,0.164,4144,2080,2064
201942,DeMar DeRozan,2024,1.057,-0.032,1.089,0.118,-0.392,0.51,0.297,-0.807,1.104,0.674,-0.072,0.746,1.256,0.544,0.706,1.24,-1.397,-1.397,3.553,2.156,0.0,1.24,0.985,0.255,1.24,0.985,0.255,-3.626,-1.082,-0.955,-0.083,-0.872,-0.273,-0.06,-0.213,-0.143,-0.018,-0.125,-0.456,0.019,-0.475,-0.279,-0.303,0.023,-0.425,-0.333,-0.333,-1.659,-1.992,0.0,-0.425,-0.064,-0.361,-0.425,-0.064,-0.361,0.042,-0.199,0.101,-0.115,0.216,-0.155,-0.452,0.297,0.154,-0.825,0.979,0.217,-0.053,0.27,0.977,0.241,0.729,0.815,-1.731,-1.731,0.164,0.0,0.815,0.921,-0.106,0.815,0.921,-0.106,-3.584,-1.281,2.156,-1.992,0.164,115214,57655,57559
203510,Pierre Jackson,2024,-0.47,0.292,-0.762,-0.213,-0.13,-0.083,0.001,0.063,-0.062,-0.55,-0.047,-0.503,0.03,-0.087,0.128,0.429,0.039,0.039,-0.011,0.028,-0.0,0.429,0.256,0.173,0.429,0.256,0.173,-0.166,-0.064,0.12,-0.118,0.238,-0.062,0.108,-0.17,-0.01,-0.053,0.043,0.31,0.02,0.29,-0.062,-0.06,-0.006,0.136,-0.061,-0.061,0.194,0.133,0.0,0.136,0.036,0.1,0.136,0.036,0.1,0.404,0.131,-0.35,0.174,-0.524,-0.276,-0.023,-0.253,-0.009,0.01,-0.019,-0.239,-0.026,-0.213,-0.032,-0.146,0.122,0.565,-0.022,-0.022,0.161,-0.0,0.565,0.292,0.273,0.565,0.292,0.273,0.238,0.067,0.028,0.133,0.161,332,163,169
2772,Trevor Ariza,2024,0.824,-0.06,0.884,0.381,0.139,0.242,0.103,0.714,-0.611,0.4,0.181,0.219,-0.1,-0.039,-0.055,-0.461,-0.638,-0.638,0.263,-0.375,0.0,-0.461,-0.351,-0.11,-0.461,-0.351,-0.11,2.008,0.1,-1.055,0.097,-1.152,-0.905,-0.302,-0.603,-0.104,-0.227,0.123,-0.143,-0.025,-0.118,0.018,-0.128,0.14,1.015,0.547,0.547,-0.022,0.525,0.0,1.015,0.882,0.133,1.015,0.882,0.133,-0.375,-0.605,-0.231,0.037,-0.268,-0.524,-0.163,-0.361,-0.001,0.487,-0.488,0.257,0.156,0.101,-0.083,-0.167,0.085,0.555,-0.091,-0.091,0.15,0.001,0.555,0.531,0.024,0.555,0.531,0.024,1.633,-0.504,-0.375,0.525,0.151,68825,34430,34395
203894,Shabazz Napier,2024,-0.545,-0.261,-0.284,-0.912,-0.2,-0.712,0.184,0.18,0.004,0.444,0.068,0.376,0.403,0.201,0.205,-0.309,0.065,0.065,-0.451,-0.386,0.0,-0.309,0.005,-0.314,-0.309,0.005,-0.314,-2.249,-1.202,-0.065,0.24,-0.305,-0.019,-0.067,0.048,-0.007,0.031,-0.038,-0.279,-0.002,-0.277,0.04,-0.132,0.171,0.471,0.09,0.09,0.446,0.536,0.0,0.471,-0.244,0.715,0.471,-0.244,0.715,1.925,0.132,-0.611,-0.021,-0.59,-0.931,-0.267,-0.664,0.177,0.211,-0.034,0.164,0.066,0.098,0.444,0.068,0.375,0.162,0.154,0.154,0.15,-0.001,0.162,-0.238,0.4,0.162,-0.238,0.4,-0.324,-1.071,-0.386,0.536,0.149,25928,12965,12963
1631165,Keon Ellis,2024,-1.16,0.279,-1.439,0.112,-0.376,0.488,-1.4,0.127,-1.527,-0.151,-0.011,-0.14,-0.769,-0.387,-0.386,0.186,0.951,0.951,-1.743,-0.792,-0.0,0.186,0.273,-0.087,0.186,0.273,-0.087,3.106,-0.075,0.155,0.066,0.089,-0.064,-0.027,-0.037,0.084,-0.216,0.3,0.069,0.014,0.055,-0.255,-0.206,-0.05,0.353,0.685,0.685,0.253,0.938,-0.0,0.353,-0.027,0.38,0.353,-0.027,0.38,1.008,-0.155,-1.005,0.345,-1.35,0.048,-0.403,0.451,-1.316,-0.089,-1.227,-0.082,0.003,-0.085,-1.024,-0.593,-0.436,0.539,1.636,1.636,0.146,-0.0,0.539,0.246,0.293,0.539,0.246,0.293,4.114,-0.229,-0.792,0.938,0.146,4112,2041,2071
1629020,Jarred Vanderbilt,2024,-0.776,-0.003,-0.773,-0.781,0.031,-0.812,-0.274,0.311,-0.585,0.282,-0.027,0.309,-0.121,0.027,-0.151,-1.025,1.82,1.82,-1.922,-0.102,-0.0,-1.025,-0.623,-0.402,-1.025,-0.623,-0.402,0.254,-0.011,-0.015,-0.029,0.014,-0.196,-0.123,-0.073,-0.122,-0.293,0.171,0.332,0.013,0.319,-0.095,-0.02,-0.076,0.602,-0.255,-0.255,0.492,0.237,0.0,0.602,0.754,-0.152,0.602,0.754,-0.152,0.171,-0.226,-0.791,-0.032,-0.759,-0.977,-0.092,-0.885,-0.396,0.018,-0.414,0.614,-0.015,0.629,-0.216,0.008,-0.227,-0.423,1.565,1.565,0.135,-0.0,-0.423,0.131,-0.554,-0.423,0.131,-0.554,0.424,-0.236,-0.102,0.237,0.135,24961,12442,12519
2592,James Jones,2024,0.349,-0.695,1.044,0.66,0.198,0.462,0.271,0.818,-0.547,0.113,0.206,-0.093,0.307,0.345,-0.034,0.408,-0.503,-0.503,1.064,0.561,0.0,0.408,0.009,0.399,0.408,0.009,0.399,0.322,0.184,-0.238,0.258,-0.496,0.165,-0.016,0.181,0.374,-0.185,0.559,-1.035,-0.063,-0.972,-0.289,-0.38,0.085,0.493,-0.392,-0.392,-0.034,-0.426,-0.0,0.493,0.305,0.188,0.493,0.305,0.188,0.532,0.39,0.11,-0.437,0.547,0.824,0.181,0.643,0.645,0.633,0.012,-0.922,0.143,-1.065,0.018,-0.035,0.052,0.901,-0.896,-0.896,0.135,0.0,0.901,0.314,0.587,0.901,0.314,0.587,0.854,0.574,0.561,-0.426,0.135,22609,11329,11280
201946,Tyler Hansbrough,2024,-0.061,-0.675,0.614,-0.802,-0.306,-0.496,0.377,0.03,0.347,1.039,0.125,0.914,-0.093,0.092,-0.173,0.002,0.237,0.237,-0.152,0.085,0.0,0.002,0.067,-0.065,0.002,0.067,-0.065,-1.346,-0.913,-1.051,0.304,-1.355,-0.477,-0.198,-0.279,-0.665,-0.261,-0.404,-0.213,-0.076,-0.137,-0.083,0.023,-0.113,0.872,0.31,0.31,-0.262,0.048,-0.0,0.872,0.189,0.683,0.872,0.189,0.683,-0.329,-0.326,-1.112,-0.371,-0.741,-1.279,-0.504,-0.775,-0.288,-0.231,-0.057,0.826,0.049,0.777,-0.176,0.115,-0.286,0.874,0.547,0.547,0.133,-0.0,0.874,0.256,0.618,0.874,0.256,0.618,-1.676,-1.239,0.085,0.048,0.133,7679,3842,3837
202322,John Wall,2024,1.077,-0.169,1.246,1.183,0.282,0.901,0.157,0.276,-0.119,-0.094,0.028,-0.122,-0.029,0.3,-0.327,0.153,-1.702,-1.702,1.201,-0.501,-0.0,0.153,0.066,0.087,0.153,0.066,0.087,0.756,0.321,0.133,-0.053,0.186,0.488,0.073,0.415,-0.269,0.141,-0.41,-0.033,0.001,-0.034,0.095,-0.075,0.167,0.739,-0.338,-0.338,0.967,0.629,0.0,0.739,-0.106,0.845,0.739,-0.106,0.845,1.413,0.416,1.211,-0.222,1.433,1.671,0.355,1.316,-0.111,0.418,-0.529,-0.127,0.029,-0.156,0.066,0.225,-0.16,0.893,-2.04,-2.04,0.128,-0.001,0.893,-0.04,0.933,0.893,-0.04,0.933,2.169,0.737,-0.501,0.629,0.127,58711,29306,29405
201188,Marc Gasol,2024,0.602,0.017,0.585,0.569,-0.074,0.643,-0.041,-0.26,0.219,0.057,-0.017,0.074,0.253,0.059,0.191,-0.86,-1.82,-1.82,-0.005,-1.825,0.0,-0.86,-0.812,-0.048,-0.86,-0.812,-0.048,1.768,0.02,0.399,0.08,0.319,-0.185,0.065,-0.25,0.755,0.051,0.704,-0.251,-0.037,-0.214,0.359,0.444,-0.085,0.149,1.045,1.045,0.907,1.952,0.0,0.149,0.135,0.014,0.149,0.135,0.014,-0.746,0.331,1.0,0.097,0.903,0.383,-0.009,0.392,0.713,-0.21,0.923,-0.193,-0.054,-0.139,0.612,0.503,0.106,-0.71,-0.775,-0.775,0.127,-0.001,-0.71,-0.678,-0.032,-0.71,-0.678,-0.032,1.022,0.351,-1.825,1.952,0.126,60475,30226,30249
1630540,Miles McBride,2024,-2.211,-0.039,-2.172,-0.665,-0.245,-0.42,-1.173,0.13,-1.303,-0.334,-0.018,-0.316,-0.455,-0.366,-0.091,1.094,1.154,1.154,-1.572,-0.418,-0.0,1.094,0.384,0.71,1.094,0.384,0.71,1.363,-0.93,0.164,0.271,-0.107,0.721,0.159,0.562,-0.699,0.027,-0.726,-0.129,0.018,-0.147,0.095,0.037,0.06,-0.033,0.306,0.306,0.226,0.532,0.0,-0.033,-0.13,0.097,-0.033,-0.13,0.097,0.111,0.347,-2.047,0.232,-2.279,0.056,-0.086,0.142,-1.872,0.157,-2.029,-0.463,-0.0,-0.463,-0.36,-0.329,-0.032,1.061,1.461,1.461,0.114,0.001,1.061,0.255,0.806,1.061,0.255,0.806,1.474,-0.583,-0.418,0.532,0.115,11053,5496,5557
1630284,Kevon Harris,2024,-0.204,0.345,-0.549,-0.476,-0.012,-0.464,-0.459,0.221,-0.68,0.386,-0.03,0.416,0.075,0.03,0.051,-0.396,0.955,0.955,-0.525,0.43,0.0,-0.396,0.031,-0.427,-0.396,0.031,-0.427,-0.246,-0.175,-0.09,-0.107,0.017,-0.004,0.069,-0.073,-0.167,-0.081,-0.086,0.188,0.016,0.172,-0.302,-0.206,-0.098,0.352,-0.278,-0.278,-0.04,-0.318,0.0,0.352,0.26,0.092,0.352,0.26,0.092,-0.426,-0.163,-0.292,0.238,-0.53,-0.479,0.057,-0.536,-0.626,0.14,-0.766,0.575,-0.013,0.588,-0.227,-0.176,-0.047,-0.045,0.678,0.678,0.112,0.0,-0.045,0.291,-0.336,-0.045,0.291,-0.336,-0.672,-0.338,0.43,-0.318,0.112,1895,946,949
1630223,Jalen Harris,2024,0.236,0.271,-0.035,0.018,-0.061,0.079,0.075,0.113,-0.038,-0.128,-0.043,-0.085,0.026,-0.031,0.067,0.043,-0.139,-0.139,0.305,0.166,0.0,0.043,-0.028,0.071,0.043,-0.028,0.071,-0.057,0.009,-0.446,-0.106,-0.34,-0.12,0.059,-0.179,-0.065,-0.167,0.102,-0.155,0.008,-0.163,-0.126,-0.11,-0.019,0.203,0.313,0.313,-0.369,-0.056,0.0,0.203,0.22,-0.017,0.203,0.22,-0.017,-0.605,-0.133,-0.208,0.165,-0.373,-0.101,-0.002,-0.099,0.011,-0.053,0.064,-0.283,-0.035,-0.248,-0.1,-0.141,0.048,0.246,0.174,0.174,0.11,0.0,0.246,0.191,0.055,0.246,0.191,0.055,-0.662,-0.124,0.166,-0.056,0.11,728,361,367
203124,Kyle O'Quinn,2024,0.17,-0.043,0.213,0.176,0.138,0.038,0.396,-0.426,0.822,-0.359,-0.048,-0.311,-0.606,-0.651,0.048,-0.414,0.902,0.902,-0.85,0.052,-0.0,-0.414,-0.493,0.079,-0.414,-0.493,0.079,1.109,0.872,1.659,0.31,1.349,0.439,0.232,0.207,0.598,0.104,0.494,0.312,-0.013,0.325,-0.378,-0.332,-0.048,-0.54,-0.686,-0.686,0.741,0.055,-0.0,-0.54,-0.023,-0.517,-0.54,-0.023,-0.517,1.135,0.554,1.829,0.267,1.562,0.614,0.37,0.244,0.994,-0.322,1.316,-0.046,-0.061,0.015,-0.984,-0.983,0.0,-0.954,0.216,0.216,0.107,-0.0,-0.954,-0.516,-0.438,-0.954,-0.516,-0.438,2.244,1.426,0.052,0.055,0.107,21759,10859,10900
201565,Derrick Rose,2024,-0.627,-0.149,-0.478,-0.601,0.216,-0.817,0.196,-0.205,0.401,-0.073,-0.057,-0.016,-0.047,-0.364,0.317,0.168,0.535,0.535,-0.506,0.029,-0.0,0.168,0.076,0.092,0.168,0.076,0.092,-2.325,-0.747,1.813,0.014,1.799,0.621,-0.166,0.787,0.422,0.039,0.383,0.756,0.019,0.737,0.276,0.199,0.077,-0.52,-1.495,-1.495,1.569,0.074,0.0,-0.52,-0.184,-0.336,-0.52,-0.184,-0.336,-0.945,-0.44,1.186,-0.135,1.321,0.02,0.05,-0.03,0.618,-0.166,0.784,0.683,-0.038,0.721,0.23,-0.165,0.394,-0.352,-0.961,-0.961,0.103,0.0,-0.352,-0.108,-0.244,-0.352,-0.108,-0.244,-3.27,-1.187,0.029,0.074,0.103,48545,24300,24245
101162,Marcin Gortat,2024,-0.229,-0.1,-0.129,0.259,-0.098,0.357,-0.668,-0.869,0.201,0.28,-0.051,0.331,-0.938,-1.002,0.073,-0.306,0.422,0.422,-1.473,-1.051,0.0,-0.306,-0.512,0.206,-0.306,-0.512,0.206,1.196,0.125,0.56,0.146,0.414,0.04,0.114,-0.074,0.33,0.407,-0.077,0.044,-0.039,0.083,0.695,0.838,-0.148,-0.577,0.475,0.475,0.678,1.153,0.0,-0.577,-0.188,-0.389,-0.577,-0.188,-0.389,-0.635,-0.126,0.331,0.046,0.285,0.298,0.016,0.282,-0.338,-0.462,0.124,0.325,-0.09,0.415,-0.243,-0.164,-0.075,-0.883,0.897,0.897,0.102,0.0,-0.883,-0.7,-0.183,-0.883,-0.7,-0.183,0.561,-0.001,-1.051,1.153,0.102,43040,21524,21516
1628366,Lonzo Ball,2024,-0.45,0.08,-0.53,-0.328,-0.015,-0.313,-0.455,0.369,-0.824,0.253,0.04,0.213,-0.435,-0.111,-0.328,-0.189,0.061,0.061,-1.074,-1.013,0.0,-0.189,-0.347,0.158,-0.189,-0.347,0.158,3.429,0.885,0.728,-0.092,0.82,0.973,-0.153,1.126,-0.308,-0.058,-0.25,0.155,0.004,0.151,0.413,0.433,-0.017,0.254,-0.289,-0.289,1.395,1.106,0.0,0.254,0.378,-0.124,0.254,0.378,-0.124,0.378,-0.067,0.278,-0.012,0.29,0.645,-0.168,0.813,-0.763,0.311,-1.074,0.408,0.044,0.364,-0.022,0.322,-0.345,0.065,-0.228,-0.228,0.093,0.0,0.065,0.031,0.034,0.065,0.031,0.034,3.807,0.818,-1.013,1.106,0.093,33864,16991,16873
203937,Kyle Anderson,2024,-0.75,-0.13,-0.62,0.48,-0.091,0.571,-0.619,-0.54,-0.079,-0.481,-0.08,-0.401,-0.172,0.156,-0.331,-0.096,-0.609,-0.609,-1.018,-1.627,0.0,-0.096,-0.011,-0.085,-0.096,-0.011,-0.085,-0.093,0.417,0.696,0.019,0.677,-0.115,-0.094,-0.021,0.033,0.017,0.016,0.759,0.012,0.747,-0.058,-0.077,0.02,0.785,0.29,0.29,1.423,1.713,0.0,0.785,0.256,0.529,0.785,0.256,0.529,2.258,0.082,-0.054,-0.111,0.057,0.365,-0.185,0.55,-0.587,-0.523,-0.064,0.279,-0.068,0.347,-0.23,0.079,-0.311,0.689,-0.319,-0.319,0.086,-0.001,0.689,0.245,0.444,0.689,0.245,0.444,2.166,0.499,-1.627,1.713,0.085,62007,30967,31040
1628426,Sasha Vezenkov,2024,1.375,0.316,1.059,-0.416,-0.094,-0.322,0.815,0.436,0.379,0.66,-0.013,0.673,-0.346,-0.465,0.121,-0.22,-0.502,-0.502,0.809,0.307,0.0,-0.22,-0.118,-0.102,-0.22,-0.118,-0.102,1.785,0.032,-0.073,0.084,-0.157,0.375,0.089,0.286,-0.213,-0.038,-0.175,-0.319,0.025,-0.344,-0.183,-0.282,0.097,0.004,0.024,0.024,-0.252,-0.228,0.0,0.004,-0.198,0.202,0.004,-0.198,0.202,0.074,0.19,1.302,0.4,0.902,-0.041,-0.005,-0.036,0.602,0.398,0.204,0.341,0.012,0.329,-0.529,-0.747,0.218,-0.216,-0.478,-0.478,0.079,0.0,-0.216,-0.317,0.101,-0.216,-0.317,0.101,1.86,0.222,0.307,-0.228,0.079,2110,1040,1070
1628518,Amile Jefferson,2024,0.003,-0.043,0.046,-0.356,-0.198,-0.158,0.267,0.077,0.19,0.135,-0.039,0.174,-0.376,-0.006,-0.376,0.718,-0.024,-0.024,0.345,0.321,0.0,0.718,0.47,0.248,0.718,0.47,0.248,-0.837,-0.195,-0.27,0.059,-0.329,-0.396,0.048,-0.444,0.127,-0.115,0.242,-0.06,0.02,-0.08,-0.125,-0.097,-0.032,-0.073,0.224,0.224,-0.468,-0.244,0.0,-0.073,-0.077,0.004,-0.073,-0.077,0.004,0.185,-0.141,-0.266,0.016,-0.282,-0.752,-0.15,-0.602,0.395,-0.038,0.433,0.075,-0.019,0.094,-0.502,-0.103,-0.407,0.645,0.201,0.201,0.077,-0.001,0.645,0.393,0.252,0.645,0.393,0.252,-0.652,-0.336,0.321,-0.244,0.076,600,304,296
203489,Nate Wolters,2024,-0.091,0.243,-0.334,-0.275,0.068,-0.343,0.354,-0.006,0.36,-0.413,-0.067,-0.346,-0.066,-0.046,-0.013,0.01,-0.128,-0.128,-0.147,-0.275,0.0,0.01,0.214,-0.204,0.01,0.214,-0.204,-0.968,-0.053,0.502,0.045,0.457,0.219,0.103,0.116,0.128,-0.054,0.182,0.11,0.008,0.102,-0.122,-0.106,-0.02,0.002,-0.033,-0.033,0.382,0.349,0.0,0.002,0.173,-0.171,0.002,0.173,-0.171,0.133,0.138,0.411,0.288,0.123,-0.056,0.171,-0.227,0.482,-0.06,0.542,-0.303,-0.059,-0.244,-0.188,-0.152,-0.032,0.012,-0.16,-0.16,0.074,0.001,0.012,0.387,-0.375,0.012,0.387,-0.375,-0.835,0.085,-0.275,0.349,0.075,861,426,435
1629216,Gabe Vincent,2024,0.029,0.007,0.022,-0.178,-0.19,0.012,0.465,0.158,0.307,-0.265,0.008,-0.273,-0.413,-0.397,-0.02,-0.052,-0.284,-0.284,-0.436,-0.72,0.0,-0.052,-0.073,0.021,-0.052,-0.073,0.021,-0.946,-0.542,0.668,0.093,0.575,-0.004,0.213,-0.217,-0.438,-0.063,-0.375,1.017,0.001,1.016,-0.24,-0.202,-0.035,0.667,-0.309,-0.309,1.095,0.786,-0.0,0.667,0.084,0.583,0.667,0.084,0.583,1.361,0.513,0.697,0.1,0.597,-0.182,0.023,-0.205,0.026,0.095,-0.069,0.753,0.009,0.744,-0.653,-0.599,-0.055,0.615,-0.593,-0.593,0.066,-0.0,0.615,0.01,0.605,0.615,0.01,0.605,0.415,-0.029,-0.72,0.786,0.066,21671,10826,10845
1629731,Dean Wade,2024,-2.173,0.031,-2.204,-0.929,-0.192,-0.737,-0.726,0.318,-1.044,-0.549,0.017,-0.566,0.059,0.148,-0.091,-0.22,-0.291,-0.291,-2.334,-2.625,0.0,-0.22,-0.338,0.118,-0.22,-0.338,0.118,-1.264,-0.987,0.699,-0.077,0.776,0.362,-0.14,0.502,0.161,0.021,0.14,0.253,0.019,0.234,0.084,-0.015,0.101,0.706,1.199,1.199,1.489,2.688,0.0,0.706,0.175,0.531,0.706,0.175,0.531,1.24,-0.398,-1.474,-0.046,-1.428,-0.567,-0.332,-0.235,-0.565,0.339,-0.904,-0.296,0.036,-0.332,0.143,0.133,0.01,0.485,0.907,0.907,0.063,0.0,0.485,-0.163,0.648,0.485,-0.163,0.648,-0.024,-1.385,-2.625,2.688,0.063,17208,8592,8616
1629614,Andrew Nembhard,2024,0.475,0.106,0.369,0.122,0.191,-0.069,0.233,0.15,0.083,0.014,-0.021,0.035,-0.355,-0.353,-0.001,0.289,0.222,0.222,0.409,0.631,0.0,0.289,0.195,0.094,0.289,0.195,0.094,2.456,0.933,-0.353,-0.027,-0.326,0.921,-0.009,0.93,-0.543,0.076,-0.619,-0.704,0.019,-0.723,-0.272,-0.089,-0.185,0.065,-0.047,-0.047,-0.56,-0.607,0.0,0.065,0.052,0.013,0.065,0.052,0.013,1.001,0.363,0.123,0.079,0.044,1.044,0.183,0.861,-0.31,0.226,-0.536,-0.69,-0.002,-0.688,-0.627,-0.442,-0.186,0.353,0.175,0.175,0.024,0.001,0.353,0.247,0.106,0.353,0.247,0.106,3.456,1.296,0.631,-0.607,0.025,17887,8945,8942
1628464,Daniel Theis,2024,-0.851,0.148,-0.999,-0.2,-0.021,-0.179,-0.385,-0.047,-0.338,-0.414,0.007,-0.421,-0.254,-0.19,-0.059,-0.248,0.165,0.165,-1.353,-1.188,0.0,-0.248,-0.219,-0.029,-0.248,-0.219,-0.029,0.65,0.311,1.454,-0.043,1.497,1.307,0.087,1.22,-0.203,-0.131,-0.072,0.393,-0.015,0.408,-0.214,-0.105,-0.107,-0.073,0.043,0.043,1.167,1.21,0.0,-0.073,0.091,-0.164,-0.073,0.091,-0.164,0.109,0.378,0.6,0.105,0.495,1.106,0.065,1.041,-0.589,-0.179,-0.41,-0.022,-0.008,-0.014,-0.468,-0.295,-0.166,-0.322,0.207,0.207,0.022,-0.0,-0.322,-0.128,-0.194,-0.322,-0.128,-0.194,0.759,0.688,-1.188,1.21,0.022,32509,16201,16308
1628991,Jaren Jackson Jr.,2024,-1.586,0.133,-1.719,-0.588,-0.07,-0.518,-0.204,0.048,-0.252,-0.927,-0.006,-0.921,0.148,0.147,-0.003,0.127,-0.179,-0.179,-1.311,-1.49,0.0,0.127,0.584,-0.457,0.127,0.584,-0.457,-1.077,-0.633,1.79,0.04,1.75,1.767,0.088,1.679,0.393,-0.149,0.542,-0.41,0.009,-0.419,-0.029,-0.049,0.02,0.039,-0.291,-0.291,1.8,1.509,-0.0,0.039,0.026,0.013,0.039,0.026,0.013,-0.802,0.46,0.205,0.173,0.032,1.179,0.018,1.161,0.189,-0.101,0.29,-1.336,0.004,-1.34,0.119,0.097,0.018,0.165,-0.47,-0.47,0.019,0.0,0.165,0.609,-0.444,0.165,0.609,-0.444,-1.879,-0.173,-1.49,1.509,0.019,41819,20916,20903
203925,Joe Harris,2024,0.886,-0.073,0.959,-0.854,0.211,-1.065,1.154,0.591,0.563,0.659,0.031,0.628,-0.019,0.031,-0.046,-0.269,-0.526,-0.526,0.598,0.072,0.0,-0.269,-0.038,-0.231,-0.269,-0.038,-0.231,2.079,0.162,0.893,0.046,0.847,0.065,0.166,-0.101,0.049,0.278,-0.229,0.733,0.028,0.705,-0.029,0.009,-0.039,-0.725,-0.193,-0.193,0.139,-0.054,-0.0,-0.725,-0.418,-0.307,-0.725,-0.418,-0.307,2.586,0.37,1.779,-0.027,1.806,-0.789,0.377,-1.166,1.203,0.869,0.334,1.392,0.059,1.333,-0.048,0.041,-0.085,-0.994,-0.719,-0.719,0.018,0.0,-0.994,-0.456,-0.538,-0.994,-0.456,-0.538,4.665,0.532,0.072,-0.054,0.018,54539,27391,27148
203471,Dennis Schroder,2024,-0.055,0.203,-0.258,-0.368,0.145,-0.513,0.24,0.165,0.075,-0.13,0.0,-0.13,0.467,0.378,0.089,0.054,-0.587,-0.587,0.466,-0.121,-0.0,0.054,-0.023,0.077,0.054,-0.023,0.077,-0.504,-0.167,0.104,-0.106,0.21,-0.18,-0.044,-0.136,-0.069,0.025,-0.094,0.459,-0.005,0.464,0.068,0.22,-0.151,0.283,-0.329,-0.329,0.455,0.126,0.0,0.283,-0.016,0.299,0.283,-0.016,0.299,0.193,-0.182,0.049,0.097,-0.048,-0.548,0.101,-0.649,0.171,0.19,-0.019,0.329,-0.005,0.334,0.535,0.599,-0.062,0.337,-0.917,-0.917,0.005,-0.0,0.337,-0.039,0.376,0.337,-0.039,0.376,-0.311,-0.348,-0.121,0.126,0.005,88823,44469,44354
201587,Nicolas Batum,2024,1.269,0.008,1.261,0.107,-0.104,0.211,0.138,0.276,-0.138,1.016,0.071,0.945,0.496,0.212,0.278,-0.148,-1.181,-1.181,1.617,0.436,0.0,-0.148,-0.18,0.032,-0.148,-0.18,0.032,1.626,-0.268,-0.004,-0.006,0.002,-0.504,-0.236,-0.268,0.405,0.004,0.401,0.101,0.009,0.092,0.182,0.254,-0.071,0.154,-0.778,-0.778,0.332,-0.446,0.0,0.154,0.438,-0.284,0.154,0.438,-0.284,0.746,-0.451,1.264,0.002,1.262,-0.398,-0.34,-0.058,0.543,0.28,0.263,1.117,0.08,1.037,0.678,0.466,0.208,0.007,-1.959,-1.959,-0.01,0.0,0.007,0.258,-0.251,0.007,0.258,-0.251,2.373,-0.72,0.436,-0.446,-0.01,76645,38326,38319
2748,Dorell Wright,2024,-0.148,-0.198,0.05,-0.077,-0.073,-0.004,-0.43,0.254,-0.684,0.557,0.165,0.392,-0.084,-0.328,0.256,0.473,-0.624,-0.624,0.241,-0.383,0.0,0.473,-0.016,0.489,0.473,-0.016,0.489,-0.104,-0.334,0.331,0.091,0.24,-0.044,0.002,-0.046,0.318,0.125,0.193,-0.034,0.017,-0.051,-0.065,-0.01,-0.06,-0.36,0.463,0.463,-0.094,0.369,-0.0,-0.36,-0.314,-0.046,-0.36,-0.314,-0.046,0.902,-0.09,0.184,-0.107,0.291,-0.121,-0.071,-0.05,-0.111,0.379,-0.49,0.523,0.182,0.341,-0.149,-0.337,0.195,0.113,-0.161,-0.161,-0.014,0.001,0.113,-0.33,0.443,0.113,-0.33,0.443,0.798,-0.424,-0.383,0.369,-0.013,2556,1282,1274
101123,Gerald Green,2024,0.494,-0.203,0.697,-0.086,-0.388,0.302,0.927,0.401,0.526,-0.144,0.149,-0.293,0.327,0.041,0.29,0.512,-0.669,-0.669,1.333,0.664,0.0,0.512,0.429,0.083,0.512,0.429,0.083,-1.781,-1.11,1.083,0.23,0.853,-0.581,0.016,-0.597,0.114,0.026,0.088,1.32,-0.001,1.321,-0.379,-0.467,0.085,-0.762,-0.627,-0.627,-0.058,-0.685,0.0,-0.762,-0.148,-0.614,-0.762,-0.148,-0.614,1.412,-0.031,1.577,0.027,1.55,-0.667,-0.372,-0.295,1.041,0.427,0.614,1.176,0.148,1.028,-0.052,-0.425,0.374,-0.25,-1.297,-1.297,-0.021,0.0,-0.25,0.281,-0.531,-0.25,0.281,-0.531,-0.369,-1.142,0.664,-0.685,-0.021,28487,14242,14245
101236,Chuck Hayes,2024,-0.02,-0.187,0.167,-0.14,-0.158,0.018,0.558,-0.014,0.572,-0.251,0.016,-0.267,0.113,-0.294,0.423,0.068,-0.153,-0.153,0.161,0.008,-0.0,0.068,0.101,-0.033,0.068,0.101,-0.033,0.732,0.019,-0.109,0.002,-0.111,0.099,0.176,-0.077,0.005,-0.022,0.027,-0.215,0.0,-0.215,-0.287,-0.291,-0.002,0.342,0.021,0.021,-0.054,-0.033,-0.0,0.342,0.149,0.193,0.342,0.149,0.193,-0.091,0.201,-0.128,-0.185,0.057,-0.041,0.018,-0.059,0.563,-0.036,0.599,-0.465,0.016,-0.481,-0.174,-0.585,0.421,0.411,-0.133,-0.133,-0.025,-0.0,0.411,0.25,0.161,0.411,0.25,0.161,0.641,0.22,0.008,-0.033,-0.025,1484,740,744
1641708,Amen Thompson,2024,-1.669,0.14,-1.809,0.028,0.197,-0.169,-0.161,0.346,-0.507,-1.676,-0.022,-1.654,-0.363,0.297,-0.656,0.254,1.19,1.19,-1.778,-0.588,0.0,0.254,-0.216,0.47,0.254,-0.216,0.47,-2.605,0.301,-0.38,-0.102,-0.278,-0.424,-0.036,-0.388,0.496,-0.039,0.535,-0.35,0.018,-0.368,-0.226,-0.254,0.028,0.385,0.782,0.782,-0.221,0.561,0.0,0.385,-0.128,0.513,0.385,-0.128,0.513,1.522,-0.07,-2.049,0.038,-2.087,-0.396,0.161,-0.557,0.336,0.307,0.029,-2.027,-0.005,-2.022,-0.589,0.043,-0.628,0.64,1.972,1.972,-0.027,0.0,0.64,-0.343,0.983,0.64,-0.343,0.983,-1.083,0.23,-0.588,0.561,-0.027,5807,2895,2912
101114,Deron Williams,2024,0.307,-0.191,0.498,-0.707,-0.223,-0.484,1.006,-0.194,1.2,0.199,0.084,0.115,-0.273,-0.531,0.263,-0.234,-0.815,-0.815,-0.2,-1.015,0.0,-0.234,-0.469,0.235,-0.234,-0.469,0.235,1.87,-0.171,-0.142,0.13,-0.272,-0.252,-0.028,-0.224,0.962,0.138,0.824,-0.982,-0.003,-0.979,0.103,0.036,0.063,0.445,0.574,0.574,0.406,0.98,0.0,0.445,0.039,0.406,0.445,0.039,0.406,-0.604,-0.014,0.165,-0.061,0.226,-0.959,-0.251,-0.708,1.969,-0.056,2.025,-0.784,0.081,-0.865,-0.17,-0.495,0.326,0.211,-0.241,-0.241,-0.035,-0.001,0.211,-0.43,0.641,0.211,-0.43,0.641,1.266,-0.184,-1.015,0.98,-0.036,13899,6925,6974
1641775,Jordan Walsh,2024,-0.525,0.226,-0.751,-0.294,-0.084,-0.21,-0.304,0.079,-0.383,-0.153,-0.045,-0.108,-0.322,-0.259,-0.063,0.133,0.373,0.373,-0.714,-0.341,-0.0,0.133,0.192,-0.059,0.133,0.192,-0.059,-0.104,-0.048,0.237,-0.127,0.364,0.09,0.076,0.014,0.028,-0.065,0.093,0.246,0.017,0.229,-0.03,-0.016,-0.016,0.021,0.076,0.076,0.228,0.304,0.0,0.021,0.016,0.005,0.021,0.016,0.005,0.225,0.061,-0.288,0.099,-0.387,-0.204,-0.008,-0.196,-0.276,0.014,-0.29,0.093,-0.028,0.121,-0.351,-0.275,-0.079,0.154,0.449,0.449,-0.037,-0.0,0.154,0.207,-0.053,0.154,0.207,-0.053,0.121,0.013,-0.341,0.304,-0.037,380,189,191
1627812,Yogi Ferrell,2024,-1.004,-0.068,-0.936,-0.948,-0.267,-0.681,0.409,-0.193,0.602,-0.397,0.029,-0.426,-0.377,-0.448,0.073,0.461,-0.389,-0.389,-0.92,-1.309,0.0,0.461,0.128,0.333,0.461,0.128,0.333,-1.477,-1.105,0.303,0.124,0.179,0.296,0.135,0.161,-0.452,0.165,-0.617,0.335,0.011,0.324,-0.019,0.014,-0.033,0.405,0.581,0.581,0.689,1.27,0.0,0.405,-0.167,0.572,0.405,-0.167,0.572,2.002,0.443,-0.702,0.056,-0.758,-0.653,-0.132,-0.521,-0.043,-0.028,-0.015,-0.062,0.04,-0.102,-0.396,-0.434,0.04,0.866,0.192,0.192,-0.039,-0.0,0.866,-0.039,0.905,0.866,-0.039,0.905,0.525,-0.662,-1.309,1.27,-0.039,20235,10104,10131
202699,Tobias Harris,2024,-0.381,0.037,-0.418,-0.399,0.005,-0.404,0.206,-0.469,0.675,-0.225,-0.062,-0.163,0.043,-0.133,0.182,0.36,-0.03,-0.03,0.022,-0.008,0.0,0.36,0.224,0.136,0.36,0.224,0.136,-0.937,-0.186,-0.161,0.029,-0.19,-0.203,-0.004,-0.199,0.234,0.109,0.125,-0.221,-0.016,-0.205,0.246,0.351,-0.107,-0.797,0.673,0.673,-0.712,-0.039,0.0,-0.797,-0.435,-0.362,-0.797,-0.435,-0.362,-0.581,-0.049,-0.545,0.066,-0.611,-0.602,0.001,-0.603,0.438,-0.361,0.799,-0.447,-0.078,-0.369,0.289,0.217,0.075,-0.437,0.643,0.643,-0.047,0.0,-0.437,-0.211,-0.226,-0.437,-0.211,-0.226,-1.517,-0.235,-0.008,-0.039,-0.047,106917,53467,53450
1628373,Frank Ntilikina,2024,-1.259,-0.096,-1.163,-0.606,-0.218,-0.388,-0.891,-0.177,-0.714,0.334,-0.041,0.375,-0.061,0.035,-0.098,0.12,-0.781,-0.781,-1.2,-1.981,-0.0,0.12,-0.132,0.252,0.12,-0.132,0.252,-0.993,-0.695,1.897,0.082,1.815,0.621,0.075,0.546,1.124,-0.009,1.133,0.07,0.027,0.043,-0.514,-0.648,0.134,0.9,-0.355,-0.355,2.283,1.928,0.0,0.9,0.81,0.09,0.9,0.81,0.09,2.478,0.444,0.637,-0.014,0.651,0.014,-0.144,0.158,0.233,-0.186,0.419,0.404,-0.014,0.418,-0.575,-0.613,0.036,1.02,-1.136,-1.136,-0.053,-0.0,1.02,0.678,0.342,1.02,0.678,0.342,1.485,-0.25,-1.981,1.928,-0.053,23009,11467,11542
2863,Damien Wilkins,2024,-0.285,0.278,-0.563,-0.314,-0.12,-0.194,-0.064,0.028,-0.092,-0.185,-0.045,-0.14,-0.197,-0.246,0.054,0.019,0.831,0.831,-0.463,0.368,0.0,0.019,0.141,-0.122,0.019,0.141,-0.122,-0.468,-0.302,-0.352,-0.102,-0.25,-0.15,0.027,-0.177,-0.381,-0.102,-0.279,0.281,0.023,0.258,-0.135,-0.086,-0.051,-0.128,0.187,0.187,-0.615,-0.428,0.0,-0.128,-0.112,-0.016,-0.128,-0.112,-0.016,0.079,-0.119,-0.636,0.176,-0.812,-0.464,-0.093,-0.371,-0.445,-0.074,-0.371,0.097,-0.022,0.119,-0.332,-0.332,0.003,-0.109,1.018,1.018,-0.06,0.0,-0.109,0.029,-0.138,-0.109,0.029,-0.138,-0.389,-0.422,0.368,-0.428,-0.06,620,314,306
202697,Iman Shumpert,2024,0.108,-0.186,0.294,-0.521,-0.261,-0.26,-0.022,0.111,-0.133,0.837,0.095,0.742,-0.06,-0.056,-0.002,-0.191,-0.411,-0.411,-0.143,-0.554,0.0,-0.191,0.233,-0.424,-0.191,0.233,-0.424,-0.441,-0.864,2.186,0.014,2.172,-0.147,0.071,-0.218,1.07,0.01,1.06,1.249,-0.028,1.277,-0.319,-0.319,-0.003,-0.256,-1.126,-1.126,1.611,0.485,-0.0,-0.256,-0.217,-0.039,-0.256,-0.217,-0.039,1.848,-0.022,2.295,-0.172,2.467,-0.669,-0.19,-0.479,1.049,0.121,0.928,2.087,0.067,2.02,-0.379,-0.374,-0.005,-0.447,-1.536,-1.536,-0.069,-0.0,-0.447,0.016,-0.463,-0.447,0.016,-0.463,1.407,-0.887,-0.554,0.485,-0.069,33227,16558,16669
201166,Aaron Brooks,2024,-0.923,-0.565,-0.358,-1.585,0.159,-1.744,0.206,0.253,-0.047,1.021,0.092,0.929,0.172,-0.093,0.271,-0.144,0.255,0.255,-0.895,-0.64,0.0,-0.144,-0.131,-0.013,-0.144,-0.131,-0.013,-2.787,-1.022,0.974,0.325,0.649,-0.065,0.108,-0.173,0.205,0.077,0.128,0.509,-0.021,0.53,-0.45,-0.403,-0.051,-0.605,0.651,0.651,-0.081,0.57,-0.0,-0.605,-0.551,-0.054,-0.605,-0.551,-0.054,2.717,0.365,0.051,-0.24,0.291,-1.65,0.267,-1.917,0.411,0.33,0.081,1.53,0.071,1.459,-0.279,-0.496,0.219,-0.749,0.906,0.906,-0.07,0.001,-0.749,-0.682,-0.067,-0.749,-0.682,-0.067,-0.07,-0.657,-0.64,0.57,-0.069,16634,8323,8311
2365,Chris Andersen,2024,0.821,-0.268,1.089,0.722,0.153,0.569,0.145,-0.016,0.161,0.222,0.008,0.214,-0.17,0.083,-0.246,-0.902,-0.844,-0.844,-0.251,-1.095,0.0,-0.902,-0.717,-0.185,-0.902,-0.717,-0.185,-1.78,0.48,0.271,0.101,0.17,-0.138,-0.011,-0.127,0.475,-0.076,0.551,-0.167,-0.062,-0.105,0.479,0.223,0.254,0.559,-0.295,-0.295,1.309,1.014,-0.0,0.559,0.21,0.349,0.559,0.21,0.349,-0.62,-0.185,1.092,-0.167,1.259,0.584,0.142,0.442,0.62,-0.092,0.712,0.055,-0.054,0.109,0.309,0.306,0.007,-0.343,-1.139,-1.139,-0.081,-0.0,-0.343,-0.508,0.165,-0.343,-0.508,0.165,-2.401,0.295,-1.095,1.014,-0.081,6546,3277,3269
201599,DeAndre Jordan,2024,0.149,0.18,-0.031,0.67,0.014,0.656,-0.602,-0.397,-0.205,-0.099,-0.038,-0.061,-0.949,0.198,-1.14,-0.954,1.179,1.179,-1.754,-0.575,0.0,-0.954,-1.009,0.055,-0.954,-1.009,0.055,0.647,1.052,0.698,-0.169,0.867,0.328,0.362,-0.034,0.91,0.409,0.501,-0.371,-0.029,-0.342,0.699,0.712,-0.013,-1.013,0.104,0.104,0.384,0.488,0.0,-1.013,-0.455,-0.558,-1.013,-0.455,-0.558,-2.767,0.357,0.846,0.011,0.835,0.998,0.376,0.622,0.308,0.012,0.296,-0.471,-0.067,-0.404,-0.25,0.909,-1.153,-1.968,1.283,1.283,-0.087,0.0,-1.968,-1.464,-0.504,-1.968,-1.464,-0.504,-2.121,1.409,-0.575,0.488,-0.087,64699,32411,32288
1641739,Toumani Camara,2024,-2.715,0.043,-2.758,-1.016,0.012,-1.028,-0.956,0.197,-1.153,-0.786,-0.015,-0.771,0.32,0.117,0.202,-0.905,1.514,1.514,-3.3,-1.786,-0.0,-0.905,-0.252,-0.653,-0.905,-0.252,-0.653,-1.936,-0.217,1.267,-0.107,1.374,0.128,0.052,0.076,0.265,0.014,0.251,0.981,0.016,0.965,-0.338,-0.27,-0.069,0.58,0.184,0.184,1.509,1.693,0.0,0.58,0.064,0.516,0.58,0.064,0.516,1.444,0.111,-1.448,-0.064,-1.384,-0.888,0.064,-0.952,-0.691,0.211,-0.902,0.195,0.001,0.194,-0.018,-0.153,0.133,-0.325,1.698,1.698,-0.093,-0.0,-0.325,-0.188,-0.137,-0.325,-0.188,-0.137,-0.492,-0.106,-1.786,1.693,-0.093,7057,3531,3526
1626168,Trey Lyles,2024,-0.224,0.1,-0.324,-0.116,-0.002,-0.114,0.385,0.276,0.109,-0.593,0.023,-0.616,0.151,0.174,-0.027,0.193,-0.06,-0.06,0.12,0.06,0.0,0.193,0.355,-0.162,0.193,0.355,-0.162,0.156,-0.101,-0.167,0.125,-0.292,0.18,0.018,0.162,0.206,-0.055,0.261,-0.678,0.015,-0.693,-0.139,-0.241,0.106,-0.38,0.529,0.529,-0.686,-0.157,0.0,-0.38,-0.143,-0.237,-0.38,-0.143,-0.237,0.039,0.175,-0.391,0.225,-0.616,0.064,0.016,0.048,0.591,0.221,0.37,-1.271,0.038,-1.309,0.011,-0.068,0.079,-0.186,0.469,0.469,-0.097,0.0,-0.186,0.211,-0.397,-0.186,0.211,-0.397,0.195,0.074,0.06,-0.157,-0.097,43358,21626,21732
1629690,Adam Mokoka,2024,-0.094,0.056,-0.15,-0.745,-0.071,-0.674,0.56,0.221,0.339,0.035,-0.046,0.081,0.123,0.284,-0.154,-0.217,0.226,0.226,-0.188,0.038,-0.0,-0.217,-0.114,-0.103,-0.217,-0.114,-0.103,-1.053,-0.199,-0.364,-0.083,-0.281,-0.101,0.05,-0.151,-0.122,-0.071,-0.051,-0.058,0.023,-0.081,-0.218,-0.203,-0.017,0.374,0.072,0.072,-0.208,-0.136,-0.0,0.374,0.047,0.327,0.374,0.047,0.327,0.072,-0.01,-0.457,-0.027,-0.43,-0.845,-0.021,-0.824,0.438,0.15,0.288,-0.023,-0.023,0.0,-0.095,0.081,-0.172,0.157,0.299,0.299,-0.098,-0.0,0.157,-0.067,0.224,0.157,-0.067,0.224,-0.981,-0.21,0.038,-0.136,-0.098,693,347,346
1630700,Dyson Daniels,2024,0.583,0.103,0.48,-0.286,0.027,-0.313,-0.153,0.28,-0.433,0.919,-0.002,0.921,-0.059,0.311,-0.372,-0.019,-1.227,-1.227,0.505,-0.722,0.0,-0.019,-0.093,0.074,-0.019,-0.093,0.074,0.233,0.026,0.228,0.082,0.146,0.104,0.104,0.0,-0.061,-0.187,0.126,0.103,0.009,0.094,0.037,-0.035,0.074,0.358,-0.001,-0.001,0.623,0.622,0.0,0.358,0.124,0.234,0.358,0.124,0.234,0.643,0.523,0.811,0.185,0.626,-0.183,0.13,-0.313,-0.213,0.094,-0.307,1.022,0.007,1.015,-0.022,0.276,-0.297,0.34,-1.227,-1.227,-0.1,0.001,0.34,0.03,0.31,0.34,0.03,0.31,0.876,0.549,-0.722,0.622,-0.099,9935,4950,4985
1630591,Jalen Suggs,2024,-0.499,0.163,-0.662,-0.404,0.101,-0.505,0.083,0.31,-0.227,-0.341,0.001,-0.342,-0.237,-0.144,-0.095,-0.976,0.354,0.354,-1.712,-1.358,0.0,-0.976,-0.293,-0.683,-0.976,-0.293,-0.683,-1.262,-0.059,0.548,0.095,0.453,0.377,0.033,0.344,-0.046,-0.092,0.046,0.122,0.007,0.115,-0.213,-0.304,0.095,0.772,0.15,0.15,1.107,1.257,-0.0,0.772,0.331,0.441,0.772,0.331,0.441,0.548,0.225,0.048,0.258,-0.21,-0.027,0.134,-0.161,0.037,0.218,-0.181,-0.22,0.008,-0.228,-0.45,-0.447,-0.001,-0.204,0.504,0.504,-0.101,0.001,-0.204,0.039,-0.243,-0.204,0.039,-0.243,-0.714,0.166,-1.358,1.257,-0.1,19842,9916,9926
203963,Shayne Whittington,2024,0.289,0.305,-0.016,-0.186,-0.104,-0.082,-0.116,0.161,-0.277,0.286,-0.017,0.303,-0.156,-0.092,-0.06,0.219,-0.21,-0.21,0.352,0.142,0.0,0.219,0.168,0.051,0.219,0.168,0.051,0.728,0.147,-0.204,0.001,-0.205,-0.009,0.063,-0.072,-0.109,-0.135,0.026,-0.087,0.008,-0.095,-0.075,-0.134,0.055,-0.175,0.211,0.211,-0.454,-0.243,-0.0,-0.175,-0.081,-0.094,-0.175,-0.081,-0.094,-0.203,0.033,0.085,0.306,-0.221,-0.195,-0.041,-0.154,-0.225,0.027,-0.252,0.199,-0.009,0.208,-0.231,-0.226,-0.005,0.044,0.0,0.0,-0.101,-0.0,0.044,0.087,-0.043,0.044,0.087,-0.043,0.525,0.18,0.142,-0.243,-0.101,378,188,190
202326,DeMarcus Cousins,2024,0.65,0.055,0.595,0.628,0.678,-0.05,0.575,0.821,-0.246,-0.608,0.006,-0.614,0.81,0.756,0.061,-1.362,-0.542,-0.542,0.098,-0.444,0.0,-1.362,-0.507,-0.855,-1.362,-0.507,-0.855,1.024,1.072,-0.911,-0.124,-0.787,-0.478,0.115,-0.593,-0.326,-0.024,-0.302,0.017,-0.062,0.079,0.052,0.221,-0.169,0.31,0.891,0.891,-0.549,0.342,-0.0,0.31,0.138,0.172,0.31,0.138,0.172,-1.143,-0.054,-0.26,-0.069,-0.191,0.151,0.793,-0.642,0.249,0.797,-0.548,-0.591,-0.056,-0.535,0.862,0.977,-0.108,-1.052,0.349,0.349,-0.102,0.0,-1.052,-0.368,-0.684,-1.052,-0.368,-0.684,-0.118,1.019,-0.444,0.342,-0.102,39376,19702,19674
1630578,Alperen Sengun,2024,1.322,0.244,1.078,0.344,0.134,0.21,0.361,-0.135,0.496,0.373,-0.038,0.411,-0.127,0.259,-0.384,-0.649,0.181,0.181,0.546,0.727,-0.0,-0.649,-0.483,-0.166,-0.649,-0.483,-0.166,0.502,0.471,-0.715,-0.116,-0.599,0.415,0.131,0.284,-0.632,-0.076,-0.556,-0.382,0.007,-0.389,-0.019,0.087,-0.105,0.076,-0.174,-0.174,-0.658,-0.832,0.0,0.076,0.095,-0.019,0.076,0.095,-0.019,-0.414,0.707,0.607,0.128,0.479,0.759,0.265,0.494,-0.271,-0.211,-0.06,-0.009,-0.031,0.022,-0.146,0.345,-0.489,-0.573,0.007,0.007,-0.105,-0.0,-0.573,-0.388,-0.185,-0.573,-0.388,-0.185,0.088,1.177,0.727,-0.832,-0.105,23517,11783,11734
201858,Cartier Martin,2024,-0.688,0.168,-0.856,-0.475,-0.072,-0.403,-0.545,0.153,-0.698,0.164,0.031,0.133,-0.379,-0.248,-0.131,0.244,0.474,0.474,-0.823,-0.349,0.0,0.244,0.379,-0.135,0.244,0.379,-0.135,0.841,0.088,0.009,0.055,-0.046,-0.221,0.055,-0.276,0.237,-0.034,0.271,-0.062,0.018,-0.08,-0.018,-0.056,0.033,0.13,0.118,0.118,0.121,0.239,0.0,0.13,0.032,0.098,0.13,0.032,0.098,0.042,-0.082,-0.679,0.223,-0.902,-0.696,-0.017,-0.679,-0.307,0.119,-0.426,0.101,0.048,0.053,-0.397,-0.303,-0.098,0.374,0.592,0.592,-0.11,-0.0,0.374,0.411,-0.037,0.374,0.411,-0.037,0.883,0.006,-0.349,0.239,-0.11,892,437,455
1628443,Kadeem Allen,2024,0.651,-0.054,0.705,0.009,0.061,-0.052,0.259,0.071,0.188,0.437,-0.048,0.485,0.1,0.023,0.085,0.511,-0.397,-0.397,1.262,0.865,0.0,0.511,0.41,0.101,0.511,0.41,0.101,0.657,0.218,-0.475,-0.053,-0.422,-0.083,0.003,-0.086,-0.527,-0.136,-0.391,0.188,0.01,0.178,-0.38,-0.27,-0.112,-0.288,0.158,0.158,-1.143,-0.985,0.0,-0.288,-0.286,-0.002,-0.288,-0.286,-0.002,-1.014,-0.177,0.176,-0.107,0.283,-0.075,0.063,-0.138,-0.267,-0.065,-0.202,0.625,-0.038,0.663,-0.279,-0.247,-0.027,0.223,-0.239,-0.239,-0.12,0.0,0.223,0.124,0.099,0.223,0.124,0.099,-0.357,0.04,0.865,-0.985,-0.12,2611,1303,1308
1630568,Luka Garza,2024,-1.195,-0.166,-1.029,-0.159,-0.216,0.057,-0.598,-0.072,-0.526,-0.272,-0.014,-0.258,-0.064,-0.439,0.368,-0.399,2.462,2.462,-1.658,0.804,0.0,-0.399,0.018,-0.417,-0.399,0.018,-0.417,0.023,-0.54,-1.643,0.091,-1.734,-0.673,0.001,-0.674,0.119,-0.136,0.255,-1.18,0.003,-1.183,-0.491,-0.4,-0.092,0.752,0.457,0.457,-1.382,-0.925,-0.0,0.752,0.55,0.202,0.752,0.55,0.202,-0.853,-0.316,-2.837,-0.075,-2.762,-0.832,-0.215,-0.617,-0.478,-0.207,-0.271,-1.452,-0.012,-1.44,-0.555,-0.839,0.277,0.352,2.919,2.919,-0.121,-0.0,0.352,0.568,-0.216,0.352,0.568,-0.216,-0.83,-0.855,0.804,-0.925,-0.121,3300,1650,1650
1627785,Isaiah Whitehead,2024,-0.514,0.075,-0.589,-0.078,0.446,-0.524,0.243,0.364,-0.121,-0.754,-0.038,-0.716,0.154,0.06,0.098,-0.753,0.015,0.015,-1.113,-1.098,0.0,-0.753,-0.191,-0.562,-0.753,-0.191,-0.562,-1.74,-0.085,0.717,-0.01,0.727,0.372,0.157,0.215,-0.293,-0.016,-0.277,0.648,0.005,0.643,0.036,-0.073,0.107,0.077,0.146,0.146,0.83,0.976,0.0,0.077,-0.285,0.362,0.077,-0.285,0.362,1.979,0.526,0.2,0.065,0.135,0.293,0.602,-0.309,-0.052,0.347,-0.399,-0.106,-0.033,-0.073,0.19,-0.013,0.204,-0.676,0.161,0.161,-0.122,0.0,-0.676,-0.475,-0.201,-0.676,-0.475,-0.201,0.24,0.441,-1.098,0.976,-0.122,7316,3639,3677
203934,Lamar Patterson,2024,-0.029,0.09,-0.119,-0.567,0.049,-0.616,1.038,0.21,0.828,-0.59,0.01,-0.6,-0.155,-0.271,0.122,-0.031,0.257,0.257,-0.215,0.042,-0.0,-0.031,0.176,-0.207,-0.031,0.176,-0.207,0.332,0.217,-0.55,0.055,-0.605,-0.07,0.08,-0.15,-0.647,-0.138,-0.509,0.112,0.022,0.09,-0.158,-0.238,0.076,0.258,0.276,0.276,-0.45,-0.174,0.0,0.258,0.249,0.009,0.258,0.249,0.009,0.27,-0.016,-0.58,0.145,-0.725,-0.638,0.128,-0.766,0.391,0.072,0.319,-0.478,0.032,-0.51,-0.314,-0.508,0.198,0.226,0.532,0.532,-0.132,0.0,0.226,0.425,-0.199,0.226,0.425,-0.199,0.602,0.2,0.042,-0.174,-0.132,1947,980,967
2440,Matt Barnes,2024,-0.105,-0.205,0.1,0.164,0.031,0.133,0.321,0.138,0.183,-0.385,0.093,-0.478,0.187,0.252,-0.06,0.153,0.131,0.131,0.235,0.366,0.0,0.153,-0.111,0.264,0.153,-0.111,0.264,1.653,0.214,-0.676,0.226,-0.902,0.209,0.07,0.139,-0.48,-0.297,-0.183,-0.631,-0.112,-0.519,-0.263,-0.36,0.093,0.02,0.414,0.414,-0.919,-0.505,0.0,0.02,0.103,-0.083,0.02,0.103,-0.083,-1.234,0.106,-0.779,0.021,-0.8,0.373,0.101,0.272,-0.158,-0.159,0.001,-1.015,-0.018,-0.997,-0.076,-0.108,0.033,0.173,0.545,0.545,-0.139,0.0,0.173,-0.009,0.182,0.173,-0.009,0.182,0.419,0.32,0.366,-0.505,-0.139,27661,13857,13804
201589,Darrell Arthur,2024,-1.185,-0.12,-1.065,-0.375,0.039,-0.414,-0.064,-0.168,0.104,-0.626,0.043,-0.669,-0.096,-0.31,0.22,0.721,-0.383,-0.383,-0.56,-0.943,0.0,0.721,0.318,0.403,0.721,0.318,0.403,0.95,-0.321,0.353,0.308,0.045,0.319,0.116,0.203,-0.323,-0.071,-0.252,0.049,-0.047,0.096,-0.12,-0.249,0.126,0.794,-0.229,-0.229,1.027,0.798,-0.0,0.794,0.087,0.707,0.794,0.087,0.707,0.802,0.389,-0.83,0.188,-1.018,-0.056,0.155,-0.211,-0.386,-0.238,-0.148,-0.576,-0.004,-0.572,-0.216,-0.559,0.346,1.516,-0.612,-0.612,-0.145,0.0,1.516,0.405,1.111,1.516,0.405,1.111,1.752,0.068,-0.943,0.798,-0.145,13940,6946,6994
1626210,Alan Williams,2024,-1.74,0.288,-2.028,-0.634,-0.022,-0.612,-0.117,-0.38,0.263,-1.277,-0.113,-1.164,-0.335,-0.085,-0.248,0.137,1.808,1.808,-1.938,-0.13,0.0,0.137,-0.288,0.425,0.137,-0.288,0.425,-1.263,-0.255,0.868,0.256,0.612,0.873,0.004,0.869,-0.371,-0.133,-0.238,0.11,0.016,0.094,-0.265,-0.158,-0.11,-0.506,-0.114,-0.114,0.097,-0.017,0.0,-0.506,-0.446,-0.06,-0.506,-0.446,-0.06,1.102,0.141,-0.872,0.544,-1.416,0.239,-0.018,0.257,-0.488,-0.513,0.025,-1.167,-0.097,-1.07,-0.601,-0.243,-0.358,-0.368,1.695,1.695,-0.147,0.0,-0.368,-0.735,0.367,-0.368,-0.735,0.367,-0.161,-0.114,-0.13,-0.017,-0.147,3909,1956,1953
1630166,Deni Avdija,2024,0.655,-0.074,0.729,0.562,0.23,0.332,-0.153,0.316,-0.469,0.32,-0.008,0.328,0.2,0.289,-0.092,-0.226,-1.21,-1.21,0.629,-0.581,0.0,-0.226,-0.212,-0.014,-0.226,-0.212,-0.014,0.641,0.948,0.314,-0.222,0.536,0.502,-0.038,0.54,-0.007,-0.047,0.04,0.041,0.009,0.032,-0.24,-0.107,-0.13,0.28,0.069,0.069,0.354,0.423,-0.0,0.28,0.088,0.192,0.28,0.088,0.192,0.789,-0.077,0.97,-0.296,1.266,1.065,0.192,0.873,-0.16,0.269,-0.429,0.361,0.001,0.36,-0.04,0.182,-0.222,0.054,-1.141,-1.141,-0.158,-0.0,0.054,-0.124,0.178,0.054,-0.124,0.178,1.43,0.871,-0.581,0.423,-0.158,31370,15657,15713
1629067,Isaac Bonga,2024,-2.41,-0.092,-2.318,-0.269,-0.156,-0.113,-0.317,-0.218,-0.099,-1.732,-0.043,-1.689,-0.234,-0.103,-0.128,-0.96,0.688,0.688,-3.604,-2.916,0.0,-0.96,-0.833,-0.127,-0.96,-0.833,-0.127,-1.913,-0.253,1.522,0.154,1.368,0.976,0.087,0.889,0.047,-0.099,0.146,0.345,0.008,0.337,-0.376,-0.473,0.098,1.077,0.51,0.51,2.223,2.733,0.0,1.077,0.321,0.756,1.077,0.321,0.756,3.379,0.956,-0.888,0.062,-0.95,0.707,-0.069,0.776,-0.27,-0.317,0.047,-1.387,-0.035,-1.352,-0.61,-0.576,-0.031,0.117,1.197,1.197,-0.183,0.0,0.117,-0.512,0.629,0.117,-0.512,0.629,1.466,0.703,-2.916,2.733,-0.183,8093,4029,4064
1627820,Tyrone Wallace,2024,-0.738,-0.006,-0.732,0.532,0.28,0.252,-0.262,-0.006,-0.256,-1.002,-0.11,-0.892,0.047,0.339,-0.288,-0.633,-0.172,-0.172,-1.324,-1.496,-0.0,-0.633,-0.128,-0.505,-0.633,-0.128,-0.505,-2.3,0.722,1.964,0.048,1.916,0.265,-0.011,0.276,-0.016,-0.128,0.112,1.667,0.026,1.641,-0.556,-0.555,-0.002,0.316,-0.412,-0.412,1.724,1.312,0.0,0.316,0.219,0.097,0.316,0.219,0.097,2.225,-0.108,1.228,0.042,1.186,0.797,0.269,0.528,-0.277,-0.133,-0.144,0.666,-0.083,0.749,-0.508,-0.216,-0.29,-0.317,-0.583,-0.583,-0.184,-0.0,-0.317,0.09,-0.407,-0.317,0.09,-0.407,-0.075,0.614,-1.496,1.312,-0.184,7655,3825,3830
1891,Jason Terry,2024,1.268,-0.19,1.458,0.192,-0.029,0.221,0.678,0.24,0.438,0.588,0.123,0.465,0.163,0.454,-0.29,-0.751,-1.53,-1.53,0.68,-0.85,0.0,-0.751,-0.456,-0.295,-0.751,-0.456,-0.295,-0.011,-0.578,0.159,0.227,-0.068,-0.765,-0.072,-0.693,-0.258,-0.047,-0.211,0.955,-0.016,0.971,-0.166,-0.282,0.112,0.827,-0.164,-0.164,0.82,0.656,0.0,0.827,0.787,0.04,0.827,0.787,0.04,0.916,-0.275,1.429,0.037,1.392,-0.573,-0.101,-0.472,0.42,0.193,0.227,1.545,0.108,1.437,-0.003,0.172,-0.178,0.075,-1.694,-1.694,-0.194,0.0,0.075,0.331,-0.256,0.075,0.331,-0.256,0.905,-0.853,-0.85,0.656,-0.194,23831,11919,11912
202083,Wesley Matthews,2024,-0.939,-0.005,-0.934,-0.576,-0.499,-0.077,-0.719,-0.029,-0.69,0.361,0.084,0.277,0.138,0.107,0.028,0.287,-0.678,-0.678,-0.514,-1.192,0.0,0.287,-0.044,0.331,0.287,-0.044,0.331,-0.844,-1.105,0.925,0.062,0.863,0.136,0.21,-0.074,0.235,0.17,0.065,0.492,-0.002,0.494,-0.225,-0.209,-0.018,-0.004,0.296,0.296,0.696,0.992,0.0,-0.004,-0.423,0.419,-0.004,-0.423,0.419,1.194,0.427,-0.015,0.057,-0.072,-0.442,-0.29,-0.152,-0.484,0.141,-0.625,0.854,0.083,0.771,-0.087,-0.102,0.01,0.283,-0.382,-0.382,-0.2,0.001,0.283,-0.467,0.75,0.283,-0.467,0.75,0.35,-0.678,-1.192,0.992,-0.199,69370,34647,34723
1628221,Gabe York,2024,0.663,0.395,0.268,0.25,-0.103,0.353,0.199,0.153,0.046,-0.181,-0.046,-0.135,-0.049,0.039,-0.083,0.136,-0.406,-0.406,0.75,0.344,0.0,0.136,-0.001,0.137,0.136,-0.001,0.137,0.813,0.218,-0.439,-0.129,-0.31,-0.035,0.074,-0.109,-0.157,-0.079,-0.078,-0.118,0.018,-0.136,-0.085,-0.1,0.012,0.064,-0.092,-0.092,-0.46,-0.552,0.0,0.064,0.077,-0.013,0.064,0.077,-0.013,-0.488,-0.008,0.225,0.266,-0.041,0.215,-0.029,0.244,0.043,0.074,-0.031,-0.299,-0.028,-0.271,-0.134,-0.062,-0.07,0.2,-0.498,-0.498,-0.208,-0.001,0.2,0.076,0.124,0.2,0.076,0.124,0.325,0.211,0.344,-0.552,-0.209,324,159,165
1628444,Jabari Bird,2024,0.332,0.033,0.299,0.144,-0.099,0.243,0.342,0.192,0.15,-0.187,-0.059,-0.128,-0.044,0.201,-0.242,-0.111,-0.23,-0.23,0.177,-0.053,-0.0,-0.111,0.009,-0.12,-0.111,0.009,-0.12,-0.168,0.165,-0.274,-0.161,-0.113,-0.134,0.043,-0.177,-0.06,-0.11,0.05,0.081,0.011,0.07,-0.021,0.004,-0.028,0.013,0.114,0.114,-0.282,-0.168,0.0,0.013,-0.031,0.044,0.013,-0.031,0.044,0.2,0.085,0.054,-0.128,0.182,0.009,-0.057,0.066,0.28,0.081,0.199,-0.107,-0.048,-0.059,-0.065,0.205,-0.27,-0.097,-0.116,-0.116,-0.221,0.0,-0.097,-0.022,-0.075,-0.097,-0.022,-0.075,0.032,0.25,-0.053,-0.168,-0.221,344,173,171
1629638,Nickeil Alexander-Walker,2024,0.651,0.198,0.453,-0.584,0.088,-0.672,0.746,0.406,0.34,0.291,0.001,0.29,-0.176,-0.056,-0.126,-0.051,-0.372,-0.372,0.424,0.052,-0.0,-0.051,0.187,-0.238,-0.051,0.187,-0.238,0.917,-0.282,-0.377,0.082,-0.459,0.587,-0.034,0.621,0.297,0.001,0.296,-1.343,0.011,-1.354,-0.438,-0.446,0.01,0.339,0.198,0.198,-0.476,-0.278,-0.0,0.339,-0.145,0.484,0.339,-0.145,0.484,1.35,0.358,0.272,0.28,-0.008,0.003,0.054,-0.051,1.041,0.406,0.635,-1.052,0.012,-1.064,-0.614,-0.502,-0.116,0.287,-0.174,-0.174,-0.226,-0.0,0.287,0.042,0.245,0.287,0.042,0.245,2.267,0.076,0.052,-0.278,-0.226,26058,12976,13082
1629048,Goga Bitadze,2024,-1.194,0.096,-1.29,-0.206,0.072,-0.278,-0.436,-0.024,-0.412,-0.648,-0.033,-0.615,-0.53,-0.305,-0.229,-0.213,1.532,1.532,-1.937,-0.405,0.0,-0.213,-0.657,0.444,-0.213,-0.657,0.444,0.556,0.332,0.491,-0.042,0.533,0.556,-0.057,0.613,-0.074,-0.128,0.054,0.051,0.019,0.032,0.043,-0.046,0.092,-0.153,-0.204,-0.204,0.381,0.177,-0.0,-0.153,-0.03,-0.123,-0.153,-0.03,-0.123,-0.798,0.046,-0.703,0.054,-0.757,0.35,0.015,0.335,-0.51,-0.152,-0.358,-0.597,-0.014,-0.583,-0.487,-0.35,-0.137,-0.366,1.328,1.328,-0.228,0.0,-0.366,-0.687,0.321,-0.366,-0.687,0.321,-0.242,0.378,-0.405,0.177,-0.228,13134,6566,6568
1630549,Day'Ron Sharpe,2024,-0.975,0.012,-0.987,-0.661,0.036,-0.697,-1.269,-0.379,-0.89,0.943,-0.049,0.992,-0.455,0.057,-0.509,-1.176,3.214,3.214,-2.606,0.608,-0.0,-1.176,-0.594,-0.582,-1.176,-0.594,-0.582,-2.566,0.33,-0.483,0.112,-0.595,0.144,0.035,0.109,-0.618,-0.118,-0.5,-0.121,0.007,-0.128,-0.561,-0.554,-0.008,-0.475,0.68,0.68,-1.519,-0.839,0.0,-0.475,-0.061,-0.414,-0.475,-0.061,-0.414,0.228,-0.101,-1.458,0.124,-1.582,-0.517,0.071,-0.588,-1.886,-0.496,-1.39,0.821,-0.043,0.864,-1.016,-0.497,-0.517,-1.65,3.894,3.894,-0.231,-0.0,-1.65,-0.655,-0.995,-1.65,-0.655,-0.995,-2.337,0.229,0.608,-0.839,-0.231,7719,3852,3867
1631220,Seabron,2024,0.016,0.329,-0.313,-0.366,-0.115,-0.251,-0.365,0.073,-0.438,0.418,-0.045,0.463,-0.01,-0.021,0.018,-0.205,0.026,0.026,-0.199,-0.173,0.0,-0.205,-0.193,-0.012,-0.205,-0.193,-0.012,-0.009,-0.12,0.061,-0.107,0.168,-0.001,0.077,-0.078,-0.191,-0.12,-0.071,0.36,0.021,0.339,-0.078,-0.085,0.004,-0.226,0.176,0.176,-0.243,-0.067,0.0,-0.226,-0.144,-0.082,-0.226,-0.144,-0.082,0.009,-0.066,0.078,0.222,-0.144,-0.367,-0.037,-0.33,-0.555,-0.046,-0.509,0.778,-0.024,0.802,-0.088,-0.106,0.023,-0.431,0.202,0.202,-0.24,0.0,-0.431,-0.337,-0.094,-0.431,-0.337,-0.094,-0.0,-0.186,-0.173,-0.067,-0.24,283,142,141
202692,Alec Burks,2024,-1.335,-0.019,-1.316,-1.205,-0.143,-1.062,-1.208,-0.084,-1.124,1.097,-0.029,1.126,0.987,0.679,0.307,0.859,-0.135,-0.135,0.511,0.376,0.0,0.859,0.522,0.337,0.859,0.522,0.337,-2.845,-0.9,-0.219,0.021,-0.24,-0.285,-0.046,-0.239,-0.294,-0.075,-0.219,0.339,0.011,0.328,-0.507,-0.437,-0.067,-0.121,0.221,0.221,-0.847,-0.626,0.0,-0.121,-0.071,-0.05,-0.121,-0.071,-0.05,2.187,-0.085,-1.551,0.002,-1.553,-1.489,-0.189,-1.3,-1.501,-0.159,-1.342,1.437,-0.018,1.455,0.481,0.242,0.24,0.738,0.085,0.085,-0.25,0.001,0.738,0.45,0.288,0.738,0.45,0.288,-0.659,-0.985,0.376,-0.626,-0.249,52208,26108,26100
1629611,Terance Mann,2024,-0.682,-0.174,-0.508,-0.069,-0.071,0.002,-0.407,-0.231,-0.176,-0.032,-0.062,0.03,-0.26,-0.169,-0.099,0.421,0.45,0.45,-0.521,-0.071,0.0,0.421,0.191,0.23,0.421,0.191,0.23,-0.45,-0.096,0.949,-0.063,1.012,-0.287,0.006,-0.293,0.536,0.094,0.442,0.763,0.039,0.724,0.03,-0.124,0.157,-0.402,-0.758,-0.758,0.577,-0.181,0.0,-0.402,-0.23,-0.172,-0.402,-0.23,-0.172,0.955,-0.254,0.266,-0.237,0.503,-0.357,-0.066,-0.291,0.13,-0.136,0.266,0.73,-0.024,0.754,-0.23,-0.292,0.058,0.02,-0.308,-0.308,-0.252,0.0,0.02,-0.039,0.059,0.02,-0.039,0.059,0.505,-0.35,-0.071,-0.181,-0.252,33826,16869,16957
203501,Tim Hardaway Jr.,2024,0.323,0.073,0.25,0.359,-0.122,0.481,-0.171,0.137,-0.308,0.062,0.057,0.005,0.087,-0.032,0.116,0.835,-0.31,-0.31,1.245,0.935,0.0,0.835,0.48,0.355,0.835,0.48,0.355,1.377,-0.282,-0.307,-0.036,-0.271,0.055,0.174,-0.119,-0.05,0.018,-0.068,-0.276,-0.036,-0.24,0.155,0.062,0.095,-0.447,-0.589,-0.589,-0.599,-1.188,0.0,-0.447,-0.535,0.088,-0.447,-0.535,0.088,-0.501,0.446,0.018,0.037,-0.019,0.413,0.051,0.362,-0.219,0.156,-0.375,-0.213,0.021,-0.234,0.242,0.03,0.211,0.388,-0.899,-0.899,-0.253,-0.0,0.388,-0.055,0.443,0.388,-0.055,0.443,0.876,0.164,0.935,-1.188,-0.253,77471,38786,38685
1630585,Marcus Garrett,2024,0.281,0.265,0.016,-0.113,-0.042,-0.071,-0.266,0.096,-0.362,0.395,-0.048,0.443,-0.032,0.009,-0.036,0.287,-0.083,-0.083,0.536,0.453,0.0,0.287,0.186,0.101,0.287,0.186,0.101,-0.349,0.189,-0.416,-0.083,-0.333,0.083,0.078,0.005,-0.266,-0.106,-0.16,-0.15,0.017,-0.167,-0.043,-0.052,0.005,-0.084,-0.173,-0.173,-0.543,-0.716,0.0,-0.084,0.02,-0.104,-0.084,0.02,-0.104,-0.369,0.083,-0.133,0.182,-0.315,-0.03,0.036,-0.066,-0.531,-0.01,-0.521,0.246,-0.03,0.276,-0.076,-0.042,-0.03,0.203,-0.256,-0.256,-0.263,-0.0,0.203,0.206,-0.003,0.203,0.206,-0.003,-0.718,0.272,0.453,-0.716,-0.263,421,210,211
1628993,Alize Johnson,2024,-2.15,-0.15,-2.0,-0.252,-0.082,-0.17,-0.858,-0.018,-0.84,-0.89,-0.043,-0.847,-0.539,-0.375,-0.168,0.542,2.12,2.12,-2.147,-0.027,0.0,0.542,0.339,0.203,0.542,0.339,0.203,0.335,0.221,-0.313,-0.032,-0.281,-0.353,0.039,-0.392,0.06,-0.169,0.229,0.012,0.007,0.005,-0.013,-0.066,0.052,-0.223,0.308,0.308,-0.549,-0.241,0.0,-0.223,-0.298,0.075,-0.223,-0.298,0.075,-0.628,-0.21,-2.464,-0.182,-2.282,-0.604,-0.042,-0.562,-0.798,-0.187,-0.611,-0.88,-0.037,-0.843,-0.552,-0.441,-0.116,0.319,2.428,2.428,-0.268,0.0,0.319,0.041,0.278,0.319,0.041,0.278,-0.292,0.011,-0.027,-0.241,-0.268,2383,1183,1200
1641871,Duop Reath,2024,0.173,0.181,-0.008,-0.263,-0.041,-0.222,0.134,0.423,-0.289,0.121,-0.01,0.131,-0.305,-0.276,-0.035,-0.042,1.004,1.004,-0.174,0.83,0.0,-0.042,0.374,-0.416,-0.042,0.374,-0.416,1.556,-0.491,-0.331,-0.104,-0.227,-0.178,-0.029,-0.149,-0.529,-0.086,-0.443,0.48,0.015,0.465,-0.351,-0.209,-0.143,0.119,-0.539,-0.539,-0.563,-1.102,-0.0,0.119,0.189,-0.07,0.119,0.189,-0.07,-0.017,-0.293,-0.157,0.077,-0.234,-0.44,-0.07,-0.37,-0.395,0.337,-0.732,0.601,0.005,0.596,-0.656,-0.484,-0.178,0.077,0.465,0.465,-0.272,-0.0,0.077,0.564,-0.487,0.077,0.564,-0.487,1.539,-0.784,0.83,-1.102,-0.272,4861,2431,2430
1641774,Tristan Vukcevic,2024,-0.381,0.304,-0.685,-0.105,-0.139,0.034,0.264,0.115,0.149,-0.844,-0.038,-0.806,-0.104,0.009,-0.109,-0.345,0.164,0.164,-0.83,-0.666,-0.0,-0.345,-0.124,-0.221,-0.345,-0.124,-0.221,-0.181,-0.041,0.599,-0.158,0.757,-0.074,0.059,-0.133,-0.027,-0.074,0.047,0.858,0.019,0.839,-0.086,-0.115,0.026,-0.045,-0.075,-0.075,0.468,0.393,0.0,-0.045,-0.033,-0.012,-0.045,-0.033,-0.012,0.733,-0.006,0.217,0.146,0.071,-0.179,-0.08,-0.099,0.237,0.041,0.196,0.013,-0.019,0.032,-0.191,-0.106,-0.083,-0.39,0.089,0.089,-0.273,-0.001,-0.39,-0.157,-0.233,-0.39,-0.157,-0.233,0.553,-0.048,-0.666,0.393,-0.274,660,328,332
1630567,Scottie Barnes,2024,-0.663,0.077,-0.74,1.098,-0.06,1.158,-1.269,-0.487,-0.782,-0.569,-0.048,-0.521,-0.344,-0.137,-0.214,0.306,0.416,0.416,-0.701,-0.285,0.0,0.306,-0.168,0.474,0.306,-0.168,0.474,1.332,1.082,-0.749,0.042,-0.791,-0.084,-0.151,0.067,0.023,-0.094,0.117,-0.73,0.021,-0.751,0.304,0.424,-0.118,0.405,0.049,0.049,-0.04,0.009,-0.0,0.405,0.281,0.124,0.405,0.281,0.124,-0.803,-0.221,-1.411,0.119,-1.53,1.015,-0.211,1.226,-1.246,-0.581,-0.665,-1.299,-0.027,-1.272,-0.04,0.287,-0.332,0.711,0.466,0.466,-0.276,0.0,0.711,0.112,0.599,0.711,0.112,0.599,0.529,0.861,-0.285,0.009,-0.276,30114,15089,15025
1630168,Onyeka Okongwu,2024,-1.186,-0.023,-1.163,-0.276,-0.191,-0.085,-0.802,-0.382,-0.42,-0.085,-0.042,-0.043,-0.046,-0.254,0.209,-0.08,1.149,1.149,-1.312,-0.163,0.0,-0.08,-0.017,-0.063,-0.08,-0.017,-0.063,-3.132,-0.37,-0.052,-0.185,0.133,-0.312,0.004,-0.316,-0.016,-0.211,0.195,0.461,-0.0,0.461,-0.157,-0.134,-0.023,0.228,-0.139,-0.139,0.019,-0.12,0.0,0.228,0.404,-0.176,0.228,0.404,-0.176,-0.79,-0.496,-1.24,-0.208,-1.032,-0.589,-0.188,-0.401,-0.819,-0.594,-0.225,0.376,-0.043,0.419,-0.203,-0.389,0.186,0.147,1.01,1.01,-0.283,0.0,0.147,0.387,-0.24,0.147,0.387,-0.24,-3.922,-0.866,-0.163,-0.12,-0.283,21648,10821,10827
203096,Jared Sullinger,2024,-1.936,-0.177,-1.759,-0.42,-0.183,-0.237,-0.43,-0.432,0.002,-0.909,0.07,-0.979,-0.856,-0.718,-0.126,0.388,1.178,1.178,-2.404,-1.226,0.0,0.388,0.295,0.093,0.388,0.295,0.093,0.404,-0.673,0.404,0.265,0.139,0.099,0.013,0.086,-0.157,0.213,-0.37,0.197,-0.007,0.204,0.322,0.373,-0.057,0.04,0.167,0.167,0.766,0.933,0.0,0.04,0.229,-0.189,0.04,0.229,-0.189,0.618,0.363,-1.533,0.088,-1.621,-0.321,-0.17,-0.151,-0.587,-0.219,-0.368,-0.713,0.062,-0.775,-0.534,-0.346,-0.183,0.428,1.345,1.345,-0.293,-0.0,0.428,0.524,-0.096,0.428,0.524,-0.096,1.022,-0.31,-1.226,0.933,-0.293,14524,7280,7244
1628381,John Collins,2024,-0.489,-0.004,-0.485,0.762,0.124,0.638,-0.394,-0.071,-0.323,-0.853,0.005,-0.858,-0.242,-0.389,0.144,-0.512,1.123,1.123,-1.243,-0.12,-0.0,-0.512,-0.46,-0.052,-0.512,-0.46,-0.052,2.514,1.062,-0.055,-0.179,0.124,0.464,0.051,0.413,-0.395,0.057,-0.452,0.055,0.012,0.043,0.218,0.219,0.001,-0.426,0.075,0.075,-0.263,-0.188,0.0,-0.426,-0.081,-0.345,-0.426,-0.081,-0.345,-1.954,-0.136,-0.543,-0.183,-0.36,1.227,0.175,1.052,-0.789,-0.014,-0.775,-0.798,0.017,-0.815,-0.024,-0.171,0.145,-0.937,1.198,1.198,-0.308,-0.0,-0.937,-0.541,-0.396,-0.937,-0.541,-0.396,0.56,0.926,-0.12,-0.188,-0.308,53507,26735,26772
2564,Boris Diaw,2024,-0.438,-0.331,-0.107,0.397,0.338,0.059,-0.164,0.111,-0.275,-0.34,0.066,-0.406,-0.163,-0.353,0.198,-0.497,-0.111,-0.111,-1.098,-1.209,-0.0,-0.497,-0.257,-0.24,-0.497,-0.257,-0.24,2.468,0.688,-0.258,0.35,-0.608,-0.794,-0.268,-0.526,0.384,0.214,0.17,-0.198,0.037,-0.235,0.37,0.418,-0.056,0.059,0.721,0.721,0.171,0.892,0.0,0.059,-0.124,0.183,0.059,-0.124,0.183,1.45,0.054,-0.697,0.019,-0.716,-0.397,0.07,-0.467,0.22,0.325,-0.105,-0.539,0.102,-0.641,0.207,0.065,0.143,-0.438,0.61,0.61,-0.317,0.001,-0.438,-0.381,-0.057,-0.438,-0.381,-0.057,3.918,0.742,-1.209,0.892,-0.316,19326,9690,9636
1627855,Okaro White,2024,-0.675,-0.037,-0.638,-0.86,-0.231,-0.629,0.574,0.048,0.526,-0.352,-0.004,-0.348,0.119,0.111,0.016,0.253,-0.413,-0.413,-0.303,-0.716,0.0,0.253,0.189,0.064,0.253,0.189,0.064,-1.863,-0.61,0.268,-0.0,0.268,0.22,0.008,0.212,-0.275,-0.054,-0.221,0.323,0.051,0.272,-0.397,-0.334,-0.066,0.168,0.361,0.361,0.039,0.4,0.0,0.168,0.252,-0.084,0.168,0.252,-0.084,1.351,-0.007,-0.407,-0.037,-0.37,-0.64,-0.223,-0.417,0.299,-0.006,0.305,-0.029,0.047,-0.076,-0.277,-0.223,-0.05,0.421,-0.052,-0.052,-0.316,-0.0,0.421,0.441,-0.02,0.421,0.441,-0.02,-0.512,-0.616,-0.716,0.4,-0.316,2707,1363,1344
201229,Anthony Tolliver,2024,-0.47,-0.142,-0.328,-0.299,-0.052,-0.247,-0.077,0.195,-0.272,0.048,0.137,-0.089,-0.184,-0.054,-0.128,0.724,0.112,0.112,0.07,0.182,-0.0,0.724,-0.084,0.808,0.724,-0.084,0.808,0.003,-0.724,-0.77,0.218,-0.988,-0.322,-0.05,-0.272,0.259,-0.072,0.331,-0.925,-0.035,-0.89,0.067,0.183,-0.117,0.127,0.076,0.076,-0.576,-0.5,0.0,0.127,0.007,0.12,0.127,0.007,0.12,-0.773,0.009,-1.243,0.076,-1.319,-0.622,-0.102,-0.52,0.18,0.122,0.058,-0.877,0.102,-0.979,-0.117,0.129,-0.245,0.851,0.188,0.188,-0.318,0.001,0.851,-0.076,0.927,0.851,-0.076,0.927,-0.77,-0.714,0.182,-0.5,-0.317,33571,16711,16860
202685,Jonas Valanciunas,2024,-0.612,0.035,-0.647,-0.212,-0.257,0.045,-0.285,-0.807,0.522,-0.15,-0.051,-0.099,-0.432,-0.5,0.064,-1.078,2.079,2.079,-2.122,-0.043,-0.0,-1.078,-0.625,-0.453,-1.078,-0.625,-0.453,-0.045,-0.54,-0.269,-0.11,-0.159,0.045,0.169,-0.124,0.105,0.428,-0.323,-0.309,0.002,-0.311,0.638,0.819,-0.183,-1.586,0.942,0.942,-1.217,-0.275,0.0,-1.586,-0.497,-1.089,-1.586,-0.497,-1.089,-2.253,0.118,-0.88,-0.075,-0.805,-0.166,-0.088,-0.078,-0.181,-0.38,0.199,-0.458,-0.048,-0.41,0.206,0.319,-0.12,-2.665,3.02,3.02,-0.318,-0.0,-2.665,-1.122,-1.543,-2.665,-1.122,-1.543,-2.298,-0.422,-0.043,-0.275,-0.318,78346,39190,39156
1631262,Jules Bernard,2024,-0.955,0.309,-1.264,-0.676,-0.004,-0.672,-0.242,0.168,-0.41,-0.346,-0.039,-0.307,-0.195,-0.215,0.026,-0.053,1.039,1.039,-1.203,-0.164,-0.0,-0.053,-0.064,0.011,-0.053,-0.064,0.011,0.334,-0.006,-0.035,-0.06,0.025,0.129,-0.01,0.139,-0.495,-0.106,-0.389,0.391,0.021,0.37,-0.156,-0.188,0.03,0.071,-0.04,-0.04,-0.12,-0.16,0.0,0.071,-0.129,0.2,0.071,-0.129,0.2,0.037,-0.063,-0.991,0.249,-1.24,-0.547,-0.013,-0.534,-0.737,0.062,-0.799,0.044,-0.018,0.062,-0.35,-0.403,0.056,0.017,0.999,0.999,-0.324,-0.0,0.017,-0.193,0.21,0.017,-0.193,0.21,0.371,-0.068,-0.164,-0.16,-0.324,640,322,318
1629671,Miye Oni,2024,0.305,-0.354,0.659,-0.693,-0.318,-0.375,1.051,0.351,0.7,0.301,0.068,0.233,-0.611,-0.536,-0.078,0.167,-0.127,-0.127,-0.139,-0.266,0.0,0.167,0.083,0.084,0.167,0.083,0.084,1.771,-0.701,0.494,-0.058,0.552,-0.357,0.103,-0.46,0.023,-0.043,0.066,0.886,0.01,0.876,-0.068,-0.101,0.031,-0.415,-0.078,-0.078,0.011,-0.067,-0.0,-0.415,-0.157,-0.258,-0.415,-0.157,-0.258,0.535,-0.056,0.799,-0.412,1.211,-1.05,-0.215,-0.835,1.075,0.308,0.767,1.186,0.077,1.109,-0.679,-0.637,-0.047,-0.249,-0.206,-0.206,-0.333,0.0,-0.249,-0.074,-0.175,-0.249,-0.074,-0.175,2.306,-0.757,-0.266,-0.067,-0.333,2972,1489,1483
1641645,Xavier Cooks,2024,-0.089,0.182,-0.271,-0.25,-0.16,-0.09,0.033,0.163,-0.13,-0.054,-0.041,-0.013,-0.147,0.009,-0.154,0.011,0.338,0.338,-0.225,0.113,-0.0,0.011,0.077,-0.066,0.011,0.077,-0.066,0.655,0.151,-0.443,-0.173,-0.27,0.106,0.024,0.082,-0.244,-0.116,-0.128,-0.132,0.02,-0.152,-0.05,-0.057,0.005,-0.036,0.072,0.072,-0.529,-0.457,0.0,-0.036,0.007,-0.043,-0.036,0.007,-0.043,0.032,0.034,-0.532,0.009,-0.541,-0.144,-0.136,-0.008,-0.211,0.047,-0.258,-0.186,-0.021,-0.165,-0.197,-0.048,-0.149,-0.026,0.41,0.41,-0.344,0.0,-0.026,0.084,-0.11,-0.026,0.084,-0.11,0.687,0.186,0.113,-0.457,-0.344,566,285,281
204179,Omari Johnson,2024,0.283,0.331,-0.048,-0.036,-0.143,0.107,0.09,0.019,0.071,-0.102,-0.047,-0.055,-0.103,-0.085,-0.013,0.287,0.014,0.014,0.467,0.481,0.0,0.287,-0.144,0.431,0.287,-0.144,0.431,0.336,0.031,-0.723,-0.146,-0.577,-0.09,0.058,-0.148,-0.328,-0.161,-0.167,-0.159,0.002,-0.161,-0.078,-0.085,0.004,-0.031,0.001,0.001,-0.832,-0.831,0.0,-0.031,0.053,-0.084,-0.031,0.053,-0.084,-0.815,-0.062,-0.44,0.185,-0.625,-0.126,-0.085,-0.041,-0.238,-0.142,-0.096,-0.261,-0.045,-0.216,-0.181,-0.17,-0.009,0.256,0.015,0.015,-0.35,0.0,0.256,-0.091,0.347,0.256,-0.091,0.347,-0.479,-0.031,0.481,-0.831,-0.35,325,162,163
202324,Derrick Favors,2024,-0.696,-0.056,-0.64,0.243,0.184,0.059,-0.304,-0.429,0.125,-0.579,-0.049,-0.53,-0.666,-0.46,-0.205,-1.255,1.339,1.339,-2.617,-1.278,0.0,-1.255,-0.963,-0.292,-1.255,-0.963,-0.292,0.421,0.465,-0.185,0.002,-0.187,0.159,0.086,0.073,-0.093,0.361,-0.454,-0.253,0.025,-0.278,0.388,0.424,-0.037,-0.368,1.087,1.087,-0.165,0.922,0.0,-0.368,0.262,-0.63,-0.368,0.262,-0.63,0.576,0.361,-0.883,-0.054,-0.829,0.4,0.269,0.131,-0.396,-0.068,-0.328,-0.833,-0.024,-0.809,-0.278,-0.036,-0.242,-1.623,2.427,2.427,-0.356,0.0,-1.623,-0.701,-0.922,-1.623,-0.701,-0.922,0.997,0.825,-1.278,0.922,-0.356,50166,25077,25089
202954,Brad Wanamaker,2024,-1.195,-0.123,-1.072,-1.228,0.075,-1.303,0.18,-0.049,0.229,-0.024,-0.028,0.004,0.306,0.232,0.074,-0.005,-0.406,-0.406,-0.894,-1.3,0.0,-0.005,0.278,-0.283,-0.005,0.278,-0.283,-2.382,-0.382,1.42,0.028,1.392,0.496,-0.028,0.524,0.014,-0.092,0.106,0.882,0.008,0.874,-0.238,-0.433,0.197,0.253,-0.495,-0.495,1.435,0.94,-0.0,0.253,0.027,0.226,0.253,0.027,0.226,1.599,0.006,0.223,-0.095,0.318,-0.734,0.046,-0.78,0.194,-0.141,0.335,0.858,-0.02,0.878,0.069,-0.201,0.27,0.248,-0.901,-0.901,-0.36,0.001,0.248,0.304,-0.056,0.248,0.304,-0.056,-0.783,-0.375,-1.3,0.94,-0.359,13596,6782,6814
1629622,Max Strus,2024,0.635,0.162,0.473,0.416,-0.009,0.425,0.637,0.339,0.298,-0.58,-0.004,-0.576,-0.267,-0.341,0.065,-0.105,0.285,0.285,0.263,0.548,0.0,-0.105,-0.237,0.132,-0.105,-0.237,0.132,2.93,0.476,-1.527,-0.18,-1.347,-0.05,0.221,-0.271,-0.126,-0.031,-0.095,-1.171,0.016,-1.187,-0.013,-0.031,0.023,-0.026,0.649,0.649,-1.566,-0.917,-0.0,-0.026,0.012,-0.038,-0.026,0.012,-0.038,-2.291,0.294,-0.891,-0.018,-0.873,0.366,0.212,0.154,0.512,0.309,0.203,-1.751,0.012,-1.763,-0.28,-0.373,0.088,-0.131,0.934,0.934,-0.369,0.001,-0.131,-0.225,0.094,-0.131,-0.225,0.094,0.64,0.77,0.548,-0.917,-0.368,32294,16186,16108
1629103,Kelan Martin,2024,-1.838,0.133,-1.971,-1.279,-0.123,-1.156,0.82,0.167,0.653,-1.512,-0.016,-1.496,-0.332,-0.42,0.084,-0.247,1.039,1.039,-2.417,-1.378,0.0,-0.247,-0.069,-0.178,-0.247,-0.069,-0.178,-1.75,-0.869,1.683,0.036,1.647,0.089,-0.07,0.159,0.296,0.001,0.295,1.262,0.037,1.225,-0.262,-0.269,0.006,-0.125,-0.294,-0.294,1.296,1.002,0.0,-0.125,-0.049,-0.076,-0.125,-0.049,-0.076,2.463,0.107,-0.155,0.169,-0.324,-1.19,-0.193,-0.997,1.116,0.168,0.948,-0.25,0.021,-0.271,-0.595,-0.689,0.09,-0.372,0.745,0.745,-0.376,-0.001,-0.372,-0.117,-0.255,-0.372,-0.117,-0.255,0.713,-0.762,-1.378,1.002,-0.377,5282,2627,2655
201584,Courtney Lee,2024,0.086,-0.276,0.362,-0.278,-0.128,-0.15,0.74,-0.634,1.374,-0.1,-0.078,-0.022,0.068,-0.247,0.317,0.425,-0.414,-0.414,0.579,0.165,0.0,0.425,0.176,0.249,0.425,0.176,0.249,-0.874,-0.671,-0.743,0.159,-0.902,-0.614,-0.286,-0.328,-0.071,-0.107,0.036,-0.217,-0.02,-0.197,0.227,0.291,-0.064,0.329,-0.373,-0.373,-0.187,-0.56,0.0,0.329,0.153,0.176,0.329,0.153,0.176,-0.241,-0.581,-0.656,-0.117,-0.539,-0.892,-0.414,-0.478,0.67,-0.74,1.41,-0.317,-0.098,-0.219,0.295,0.045,0.253,0.754,-0.788,-0.788,-0.395,0.0,0.754,0.33,0.424,0.754,0.33,0.424,-1.114,-1.253,0.165,-0.56,-0.395,43681,21858,21823
1629680,Matisse Thybulle,2024,-1.611,0.124,-1.735,-0.429,-0.04,-0.389,-0.337,0.002,-0.339,-0.969,-0.014,-0.955,-0.243,0.079,-0.325,0.051,0.079,0.079,-1.803,-1.724,0.0,0.051,0.013,0.038,0.051,0.013,0.038,-0.789,-0.261,-0.253,-0.05,-0.203,-0.933,-0.172,-0.761,0.561,-0.02,0.581,0.169,0.02,0.149,-0.429,-0.504,0.078,2.114,-0.109,-0.109,1.432,1.323,0.0,2.114,1.384,0.73,2.114,1.384,0.73,1.648,-0.59,-1.865,0.074,-1.939,-1.363,-0.212,-1.151,0.224,-0.018,0.242,-0.8,0.006,-0.806,-0.672,-0.425,-0.247,2.165,-0.03,-0.03,-0.401,0.001,2.165,1.397,0.768,2.165,1.397,0.768,0.859,-0.851,-1.724,1.323,-0.4,29939,14864,15075
1626257,Salah Mejri,2024,-0.772,0.272,-1.044,-0.795,-0.444,-0.351,0.178,-0.28,0.458,-0.427,0.056,-0.483,-0.876,-0.519,-0.352,0.346,-0.125,-0.125,-1.302,-1.427,0.0,0.346,0.487,-0.141,0.346,0.487,-0.141,-0.274,-0.744,0.089,-0.024,0.113,1.315,0.383,0.932,-0.353,0.091,-0.444,-0.849,-0.034,-0.815,-0.079,-0.294,0.215,0.204,0.804,0.804,0.214,1.018,0.0,0.204,0.168,0.036,0.204,0.168,0.036,-0.96,0.72,-0.685,0.248,-0.933,0.52,-0.061,0.581,-0.176,-0.189,0.013,-1.277,0.022,-1.299,-0.955,-0.813,-0.137,0.551,0.68,0.68,-0.409,0.0,0.551,0.655,-0.104,0.551,0.655,-0.104,-1.234,-0.024,-1.427,1.018,-0.409,10891,5443,5448
203952,Andrew Wiggins,2024,-1.22,0.185,-1.405,-0.07,-0.055,-0.015,-0.9,-0.418,-0.482,-0.435,-0.119,-0.316,0.072,0.29,-0.222,-0.041,0.845,0.845,-1.189,-0.344,-0.0,-0.041,0.082,-0.123,-0.041,0.082,-0.123,-1.69,-0.258,0.431,-0.016,0.447,-0.056,-0.01,-0.046,0.436,-0.057,0.493,0.067,-0.024,0.091,0.017,0.03,-0.012,-0.133,-0.382,-0.382,0.315,-0.067,0.0,-0.133,-0.199,0.066,-0.133,-0.199,0.066,0.463,0.123,-0.79,0.169,-0.959,-0.126,-0.065,-0.061,-0.464,-0.474,0.01,-0.369,-0.143,-0.226,0.088,0.319,-0.234,-0.173,0.463,0.463,-0.411,0.001,-0.173,-0.117,-0.056,-0.173,-0.117,-0.056,-1.228,-0.135,-0.344,-0.067,-0.41,105771,52786,52985
1641741,Ricky Council IV,2024,-0.487,0.179,-0.666,-0.367,0.054,-0.421,-0.35,0.22,-0.57,0.051,-0.049,0.1,0.104,0.402,-0.292,-0.132,0.315,0.315,-0.515,-0.2,0.0,-0.132,-0.023,-0.109,-0.132,-0.023,-0.109,-0.492,0.289,-0.319,-0.016,-0.303,-0.354,0.052,-0.406,-0.024,-0.091,0.067,0.075,0.018,0.057,-0.046,0.031,-0.078,-0.106,0.255,0.255,-0.471,-0.216,-0.0,-0.106,-0.146,0.04,-0.106,-0.146,0.04,-0.589,-0.287,-0.805,0.163,-0.968,-0.72,0.107,-0.827,-0.375,0.128,-0.503,0.127,-0.03,0.157,0.058,0.432,-0.371,-0.239,0.57,0.57,-0.416,0.0,-0.239,-0.17,-0.069,-0.239,-0.17,-0.069,-1.082,0.002,-0.2,-0.216,-0.416,1215,602,613
1631100,AJ Griffin,2024,0.914,-0.166,1.08,0.138,-0.32,0.458,0.248,-0.257,0.505,0.694,-0.011,0.705,-0.328,-0.273,-0.056,0.322,-1.112,-1.112,0.908,-0.204,-0.0,0.322,0.042,0.28,0.322,0.042,0.28,-0.217,-0.39,0.282,-0.147,0.429,0.288,-0.046,0.334,-0.123,-0.125,0.002,0.264,0.018,0.246,0.021,-0.127,0.148,-0.215,-0.312,-0.312,0.088,-0.224,0.0,-0.215,-0.161,-0.054,-0.215,-0.161,-0.054,-0.568,-0.16,1.198,-0.313,1.511,0.426,-0.366,0.792,0.126,-0.382,0.508,0.959,0.007,0.952,-0.307,-0.399,0.093,0.107,-1.424,-1.424,-0.428,-0.0,0.107,-0.119,0.226,0.107,-0.119,0.226,-0.785,-0.551,-0.204,-0.224,-0.428,6584,3297,3287
1627814,Damion Lee,2024,-0.697,0.145,-0.842,-0.443,-0.246,-0.197,-0.197,-0.135,-0.062,-0.202,0.029,-0.231,0.149,0.022,0.121,0.0,-0.556,-0.556,-0.548,-1.104,0.0,0.0,0.307,-0.307,0.0,0.307,-0.307,0.685,-0.558,-0.058,0.068,-0.126,0.037,0.045,-0.008,0.148,0.072,0.076,-0.311,0.007,-0.318,-0.192,-0.119,-0.072,0.122,0.801,0.801,-0.128,0.673,0.0,0.122,-0.121,0.243,0.122,-0.121,0.243,0.957,0.22,-0.756,0.213,-0.969,-0.406,-0.201,-0.205,-0.049,-0.063,0.014,-0.514,0.036,-0.55,-0.043,-0.097,0.05,0.122,0.245,0.245,-0.431,-0.001,0.122,0.185,-0.063,0.122,0.185,-0.063,1.642,-0.338,-1.104,0.673,-0.432,26192,13069,13123
1641709,Ausar Thompson,2024,-1.39,0.194,-1.584,0.283,0.143,0.14,0.169,0.225,-0.056,-2.036,-0.031,-2.005,0.201,0.103,0.097,-0.465,0.452,0.452,-1.654,-1.202,0.0,-0.465,-0.271,-0.194,-0.465,-0.271,-0.194,-1.275,0.961,0.614,-0.084,0.698,0.343,0.045,0.298,0.167,-0.025,0.192,0.188,0.025,0.163,-0.11,-0.309,0.199,0.085,0.18,0.18,0.589,0.769,0.0,0.085,-0.041,0.126,0.085,-0.041,0.126,-0.136,-0.182,-0.776,0.11,-0.886,0.626,0.188,0.438,0.336,0.2,0.136,-1.848,-0.006,-1.842,0.09,-0.205,0.296,-0.38,0.631,0.631,-0.433,0.001,-0.38,-0.312,-0.068,-0.38,-0.312,-0.068,-1.411,0.779,-1.202,0.769,-0.432,6548,3253,3295
1641854,Craig Porter Jr.,2024,1.407,0.121,1.286,-0.287,-0.114,-0.173,0.499,-0.058,0.557,1.074,-0.038,1.112,-0.739,-0.39,-0.355,-0.381,-0.178,-0.178,0.287,0.109,-0.0,-0.381,0.273,-0.654,-0.381,0.273,-0.654,2.909,-0.25,-0.365,-0.102,-0.263,0.2,0.097,0.103,-0.305,-0.148,-0.157,-0.158,0.017,-0.175,-0.095,-0.039,-0.057,-0.645,0.557,0.557,-1.105,-0.548,-0.0,-0.645,-0.455,-0.19,-0.645,-0.455,-0.19,-0.13,0.327,1.043,0.019,1.024,-0.087,-0.017,-0.07,0.194,-0.206,0.4,0.917,-0.02,0.937,-0.833,-0.429,-0.412,-1.026,0.379,0.379,-0.439,-0.0,-1.026,-0.182,-0.844,-1.026,-0.182,-0.844,2.778,0.076,0.109,-0.548,-0.439,2629,1279,1350
2734,Devin Harris,2024,-0.196,-0.288,0.092,0.341,-0.017,0.358,0.552,0.141,0.411,-0.801,0.044,-0.845,0.744,0.674,0.073,0.361,-0.608,-0.608,0.909,0.301,-0.0,0.361,0.185,0.176,0.361,0.185,0.176,-0.437,0.081,-0.145,0.214,-0.359,-0.256,0.214,-0.47,0.041,-0.058,0.099,-0.144,-0.064,-0.08,-0.317,-0.553,0.234,0.572,-0.856,-0.856,0.11,-0.746,0.0,0.572,-0.386,0.958,0.572,-0.386,0.958,0.068,0.342,-0.34,-0.074,-0.266,0.085,0.197,-0.112,0.594,0.083,0.511,-0.945,-0.02,-0.925,0.427,0.121,0.307,0.933,-1.464,-1.464,-0.445,-0.001,0.933,-0.202,1.135,0.933,-0.202,1.135,-0.369,0.423,0.301,-0.746,-0.446,30110,15118,14992
2733,Shaun Livingston,2024,-0.169,-0.251,0.082,0.327,-0.312,0.639,0.064,-0.818,0.882,-0.309,-0.084,-0.225,-0.128,-0.254,0.126,-0.427,-0.425,-0.425,-0.724,-1.149,0.0,-0.427,-0.491,0.064,-0.427,-0.491,0.064,-0.764,-0.031,1.586,0.183,1.403,-0.535,-0.076,-0.459,0.678,0.156,0.522,1.26,0.012,1.248,-0.164,-0.14,-0.025,-0.343,-0.386,-0.386,1.079,0.693,-0.0,-0.343,-0.113,-0.23,-0.343,-0.113,-0.23,1.362,-0.318,1.416,-0.068,1.484,-0.208,-0.388,0.18,0.741,-0.663,1.404,0.951,-0.072,1.023,-0.292,-0.394,0.101,-0.77,-0.811,-0.811,-0.456,-0.0,-0.77,-0.604,-0.166,-0.77,-0.604,-0.166,0.598,-0.349,-1.149,0.693,-0.456,31193,15533,15660
203526,Raul Neto,2024,-0.527,-0.235,-0.292,-0.052,0.138,-0.19,-0.331,0.008,-0.339,0.091,-0.046,0.137,0.056,0.153,-0.097,0.166,-0.255,-0.255,-0.305,-0.56,0.0,0.166,0.075,0.091,0.166,0.075,0.091,-1.551,0.163,-0.53,0.078,-0.608,-0.152,0.03,-0.182,-0.5,0.129,-0.629,0.044,0.029,0.015,-0.391,-0.343,-0.045,0.309,0.716,0.716,-0.612,0.104,0.0,0.309,0.152,0.157,0.309,0.152,0.157,1.718,-0.041,-1.059,-0.157,-0.902,-0.204,0.168,-0.372,-0.833,0.136,-0.969,0.135,-0.017,0.152,-0.336,-0.191,-0.142,0.475,0.461,0.461,-0.456,0.0,0.475,0.227,0.248,0.475,0.227,0.248,0.167,0.122,-0.56,0.104,-0.456,29863,14936,14927
203135,Robert Sacre,2024,-3.13,-0.228,-2.902,-1.058,-0.428,-0.63,-1.079,-0.821,-0.258,-0.765,-0.022,-0.743,-0.101,-0.177,0.083,0.465,0.48,0.48,-2.766,-2.286,0.0,0.465,0.485,-0.02,0.465,0.485,-0.02,-2.273,-1.003,1.456,0.378,1.078,0.399,0.091,0.308,-0.114,0.017,-0.131,0.793,-0.05,0.843,-0.027,0.013,-0.044,0.061,0.336,0.336,1.49,1.826,0.0,0.061,0.243,-0.182,0.061,0.243,-0.182,0.535,0.322,-1.675,0.15,-1.825,-0.66,-0.338,-0.322,-1.193,-0.804,-0.389,0.028,-0.072,0.1,-0.127,-0.164,0.039,0.527,0.816,0.816,-0.46,-0.0,0.527,0.728,-0.201,0.527,0.728,-0.201,-1.738,-0.682,-2.286,1.826,-0.46,6033,2998,3035
1631466,Jeenathan Williams,2024,0.004,0.074,-0.07,0.706,0.07,0.636,-0.062,0.194,-0.256,-0.714,-0.033,-0.681,-0.356,-0.186,-0.171,-0.005,0.354,0.354,-0.357,-0.003,0.0,-0.005,-0.331,0.326,-0.005,-0.331,0.326,0.448,0.346,-0.284,-0.112,-0.172,-0.251,-0.002,-0.249,-0.087,-0.105,0.018,0.166,0.021,0.145,-0.153,-0.068,-0.087,-0.054,0.03,0.03,-0.491,-0.461,-0.0,-0.054,0.006,-0.06,-0.054,0.006,-0.06,-0.397,-0.193,-0.28,-0.038,-0.242,0.455,0.068,0.387,-0.149,0.089,-0.238,-0.548,-0.012,-0.536,-0.509,-0.254,-0.258,-0.06,0.384,0.384,-0.464,-0.0,-0.06,-0.325,0.265,-0.06,-0.325,0.265,0.052,0.153,-0.003,-0.461,-0.464,1118,556,562
1631109,Mark Williams,2024,-0.333,0.211,-0.544,-0.1,-0.112,0.012,-1.03,-0.465,-0.565,0.586,-0.035,0.621,-0.679,-0.56,-0.126,-0.4,0.506,0.506,-1.412,-0.906,-0.0,-0.4,-0.146,-0.254,-0.4,-0.146,-0.254,-1.367,0.196,0.831,-0.219,1.05,-0.607,0.068,-0.675,0.624,0.072,0.552,1.033,0.019,1.014,0.004,0.249,-0.245,-0.444,0.051,0.051,0.391,0.442,0.0,-0.444,-0.075,-0.369,-0.444,-0.075,-0.369,0.075,-0.156,0.5,-0.008,0.508,-0.707,-0.044,-0.663,-0.405,-0.393,-0.012,1.62,-0.015,1.635,-0.674,-0.312,-0.371,-0.844,0.557,0.557,-0.464,-0.0,-0.844,-0.22,-0.624,-0.844,-0.22,-0.624,-1.292,0.04,-0.906,0.442,-0.464,5555,2778,2777
1631105,Jalen Duren,2024,-1.068,0.203,-1.271,0.535,0.144,0.391,-0.681,-0.048,-0.633,-1.125,-0.021,-1.104,-0.154,0.099,-0.257,-0.848,1.706,1.706,-2.07,-0.364,-0.0,-0.848,-0.765,-0.083,-0.848,-0.765,-0.083,-0.56,1.154,1.0,-0.16,1.16,0.193,-0.031,0.224,-0.168,-0.131,-0.037,1.135,0.017,1.118,-0.151,-0.058,-0.093,-0.587,-0.369,-0.369,0.262,-0.107,-0.0,-0.587,-0.188,-0.399,-0.587,-0.188,-0.399,-0.08,-0.211,-0.067,0.043,-0.11,0.729,0.114,0.615,-0.848,-0.179,-0.669,0.009,-0.004,0.013,-0.305,0.041,-0.351,-1.435,1.337,1.337,-0.471,-0.0,-1.435,-0.953,-0.482,-1.435,-0.953,-0.482,-0.641,0.943,-0.364,-0.107,-0.471,14353,7127,7226
1630243,Trevelin Queen,2024,0.511,0.248,0.263,-0.55,-0.138,-0.412,0.57,0.319,0.251,0.243,-0.024,0.267,-0.423,-0.239,-0.185,-0.343,-0.137,-0.137,-0.255,-0.392,0.0,-0.343,0.157,-0.5,-0.343,0.157,-0.5,-0.261,-0.553,-0.348,-0.003,-0.345,0.063,-0.026,0.089,-0.334,-0.163,-0.171,-0.074,0.018,-0.092,-0.032,-0.059,0.024,0.187,0.114,0.114,-0.193,-0.079,0.0,0.187,-0.075,0.262,0.187,-0.075,0.262,-0.156,-0.149,0.163,0.245,-0.082,-0.487,-0.164,-0.323,0.236,0.156,0.08,0.169,-0.006,0.175,-0.455,-0.298,-0.161,-0.156,-0.023,-0.023,-0.471,0.0,-0.156,0.082,-0.238,-0.156,0.082,-0.238,-0.418,-0.703,-0.392,-0.079,-0.471,1280,637,643
1631169,Josh Minott,2024,-0.821,-0.483,-0.338,-0.105,-0.091,-0.014,0.508,0.147,0.361,-0.741,-0.044,-0.697,-0.009,-0.197,0.194,0.384,-0.181,-0.181,-0.446,-0.627,0.0,0.384,0.506,-0.122,0.384,0.506,-0.122,-0.48,0.145,-0.316,0.04,-0.356,-0.2,0.034,-0.234,-0.371,-0.106,-0.265,0.215,0.018,0.197,-0.035,-0.189,0.151,0.125,0.38,0.38,-0.226,0.154,-0.0,0.125,0.026,0.099,0.125,0.026,0.099,0.465,-0.005,-1.137,-0.443,-0.694,-0.305,-0.057,-0.248,0.137,0.041,0.096,-0.526,-0.026,-0.5,-0.044,-0.386,0.345,0.509,0.199,0.199,-0.473,-0.001,0.509,0.531,-0.022,0.509,0.531,-0.022,-0.015,0.14,-0.627,0.154,-0.474,959,487,472
2399,Mike Dunleavy,2024,-0.377,-0.376,-0.001,-0.312,0.15,-0.462,0.17,0.26,-0.09,0.141,0.106,0.035,-0.039,-0.088,0.054,-0.461,-0.487,-0.487,-0.877,-1.364,-0.0,-0.461,-0.352,-0.109,-0.461,-0.352,-0.109,1.078,-0.171,0.579,0.349,0.23,0.507,0.022,0.485,-0.027,0.194,-0.221,-0.25,-0.017,-0.233,0.007,0.165,-0.164,-0.24,0.541,0.541,0.346,0.887,0.0,-0.24,-0.041,-0.199,-0.24,-0.041,-0.199,1.586,0.411,0.203,-0.027,0.23,0.196,0.172,0.024,0.143,0.454,-0.311,-0.109,0.089,-0.198,-0.031,0.077,-0.11,-0.701,0.054,0.054,-0.477,-0.0,-0.701,-0.393,-0.308,-0.701,-0.393,-0.308,2.664,0.24,-1.364,0.887,-0.477,15900,7949,7951
1629185,Chris Chiozza,2024,-1.128,0.091,-1.219,-0.537,-0.167,-0.37,0.065,0.46,-0.395,-0.747,0.038,-0.785,-0.844,-0.497,-0.349,1.027,-0.716,-0.716,-0.945,-1.661,0.0,1.027,0.748,0.279,1.027,0.748,0.279,2.76,0.185,-0.394,-0.062,-0.332,0.074,0.089,-0.015,-0.622,-0.059,-0.563,0.216,-0.004,0.22,0.219,0.186,0.034,0.696,0.662,0.662,0.521,1.183,0.0,0.696,0.155,0.541,0.696,0.155,0.541,-0.128,0.08,-1.523,0.029,-1.552,-0.462,-0.077,-0.385,-0.559,0.4,-0.959,-0.531,0.034,-0.565,-0.625,-0.312,-0.315,1.723,-0.055,-0.055,-0.478,0.0,1.723,0.903,0.82,1.723,0.903,0.82,2.631,0.265,-1.661,1.183,-0.478,4636,2321,2315
202691,Klay Thompson,2024,0.893,-0.046,0.939,0.149,0.037,0.112,0.371,0.0,0.371,0.419,0.051,0.368,-0.696,-0.654,-0.036,0.052,0.091,0.091,0.249,0.34,-0.0,0.052,-0.264,0.316,0.052,-0.264,0.316,4.59,0.527,-0.31,0.171,-0.481,-0.068,0.034,-0.102,0.163,0.122,0.041,-0.576,-0.004,-0.572,0.121,0.277,-0.157,-0.412,-0.23,-0.23,-0.601,-0.831,0.0,-0.412,-0.098,-0.314,-0.412,-0.098,-0.314,-1.421,-0.165,0.583,0.125,0.458,0.081,0.071,0.01,0.534,0.122,0.412,-0.157,0.047,-0.204,-0.575,-0.378,-0.194,-0.36,-0.139,-0.139,-0.491,-0.001,-0.36,-0.361,0.001,-0.36,-0.361,0.001,3.17,0.361,0.34,-0.831,-0.492,85936,43030,42906
1630644,Mac McClung,2024,0.505,0.431,0.074,0.056,-0.067,0.123,-0.271,0.132,-0.403,0.289,-0.043,0.332,-0.044,0.015,-0.054,-0.244,-0.455,-0.455,0.217,-0.238,0.0,-0.244,-0.0,-0.244,-0.244,-0.0,-0.244,0.134,0.138,-0.237,-0.088,-0.149,-0.012,0.017,-0.029,-0.204,-0.127,-0.077,0.067,0.018,0.049,-0.227,-0.158,-0.071,-0.025,0.229,0.229,-0.489,-0.26,0.0,-0.025,0.004,-0.029,-0.025,0.004,-0.029,-0.059,-0.189,0.27,0.343,-0.073,0.044,-0.05,0.094,-0.475,0.005,-0.48,0.358,-0.024,0.382,-0.271,-0.142,-0.126,-0.269,-0.226,-0.226,-0.498,-0.001,-0.269,0.004,-0.273,-0.269,0.004,-0.273,0.074,-0.051,-0.238,-0.26,-0.499,289,143,146
1629608,Hernandez,2024,0.15,0.152,-0.002,-0.474,-0.14,-0.334,-0.216,0.087,-0.303,0.688,-0.048,0.736,-0.114,-0.077,-0.031,-0.089,0.027,0.027,-0.053,-0.026,0.0,-0.089,-0.105,0.016,-0.089,-0.105,0.016,0.432,-0.154,-0.258,-0.132,-0.126,-0.014,0.071,-0.085,-0.051,-0.083,0.032,-0.061,0.02,-0.081,-0.14,-0.147,0.004,-0.105,0.023,0.023,-0.503,-0.48,0.0,-0.105,-0.086,-0.019,-0.105,-0.086,-0.019,-0.28,-0.002,-0.107,0.02,-0.127,-0.488,-0.069,-0.419,-0.267,0.004,-0.271,0.628,-0.027,0.655,-0.253,-0.225,-0.027,-0.194,0.05,0.05,-0.506,0.0,-0.194,-0.191,-0.003,-0.194,-0.191,-0.003,0.152,-0.156,-0.026,-0.48,-0.506,126,64,62
1629013,Landry Shamet,2024,0.044,-0.032,0.076,-0.449,-0.243,-0.206,-0.228,0.174,-0.402,0.753,0.019,0.734,0.191,-0.146,0.338,-0.001,-0.37,-0.37,0.234,-0.136,0.0,-0.001,0.189,-0.19,-0.001,0.189,-0.19,1.469,-0.729,0.275,0.078,0.197,-0.219,0.063,-0.282,-0.01,0.129,-0.139,0.426,0.026,0.4,-0.371,-0.324,-0.043,-0.139,-0.138,-0.138,-0.235,-0.373,0.0,-0.139,-0.096,-0.043,-0.139,-0.096,-0.043,1.455,-0.016,0.317,0.046,0.271,-0.669,-0.181,-0.488,-0.238,0.303,-0.541,1.178,0.045,1.133,-0.18,-0.471,0.295,-0.14,-0.508,-0.508,-0.509,0.0,-0.14,0.094,-0.234,-0.14,0.094,-0.234,2.924,-0.745,-0.136,-0.373,-0.509,35200,17603,17597
1628467,Maxi Kleber,2024,-0.517,0.072,-0.589,-0.067,-0.146,0.079,0.031,0.305,-0.274,-0.553,0.024,-0.577,-0.13,0.129,-0.264,0.013,-0.484,-0.484,-0.634,-1.118,-0.0,0.013,-0.018,0.031,0.013,-0.018,0.031,-0.305,-0.642,1.295,-0.126,1.421,0.786,0.103,0.683,-0.235,0.116,-0.351,0.87,0.015,0.855,-0.17,-0.261,0.092,-0.429,-0.091,-0.091,0.696,0.605,0.0,-0.429,-0.473,0.044,-0.429,-0.473,0.044,1.12,0.426,0.777,-0.054,0.831,0.719,-0.043,0.762,-0.205,0.421,-0.626,0.317,0.039,0.278,-0.3,-0.131,-0.173,-0.416,-0.574,-0.574,-0.513,-0.0,-0.416,-0.49,0.074,-0.416,-0.49,0.074,0.815,-0.216,-1.118,0.605,-0.513,41716,20875,20841
202333,Xavier Henry,2024,-0.154,0.366,-0.52,0.092,-0.075,0.167,-0.22,0.06,-0.28,-0.392,-0.079,-0.313,0.296,0.303,0.008,0.259,-0.432,-0.432,0.401,-0.031,-0.0,0.259,0.235,0.024,0.259,0.235,0.024,-0.872,-0.1,-0.342,-0.027,-0.315,0.057,0.06,-0.003,-0.323,-0.108,-0.215,-0.049,0.018,-0.067,-0.123,-0.167,0.04,0.033,-0.052,-0.052,-0.432,-0.484,0.0,0.033,-0.109,0.142,0.033,-0.109,0.142,-0.107,0.057,-0.499,0.339,-0.838,0.149,-0.015,0.164,-0.544,-0.048,-0.496,-0.443,-0.062,-0.381,0.173,0.136,0.048,0.292,-0.484,-0.484,-0.515,0.001,0.292,0.126,0.166,0.292,0.126,0.166,-0.978,-0.043,-0.031,-0.484,-0.514,333,161,172
1627741,Buddy Hield,2024,1.386,0.085,1.301,0.063,0.08,-0.017,-0.091,0.325,-0.416,1.329,0.009,1.32,-0.652,-0.688,0.031,0.085,0.035,0.035,0.819,0.854,0.0,0.085,-0.065,0.15,0.085,-0.065,0.15,3.056,0.246,-0.757,-0.169,-0.588,-0.166,-0.112,-0.054,-0.513,-0.125,-0.388,0.091,-0.014,0.105,0.078,0.066,0.017,0.131,-0.836,-0.836,-0.548,-1.384,0.0,0.131,0.173,-0.042,0.131,0.173,-0.042,-0.726,-0.132,0.628,-0.084,0.712,-0.103,-0.032,-0.071,-0.605,0.2,-0.805,1.42,-0.005,1.425,-0.574,-0.622,0.048,0.216,-0.801,-0.801,-0.53,0.0,0.216,0.109,0.107,0.216,0.109,0.107,2.329,0.114,0.854,-1.384,-0.53,76362,38225,38137
1628411,Wes Iwundu,2024,-2.037,0.009,-2.046,-0.732,-0.003,-0.729,-1.118,-0.042,-1.076,-0.196,-0.035,-0.161,0.219,0.177,0.041,0.296,-0.641,-0.641,-1.522,-2.163,0.0,0.296,0.147,0.149,0.296,0.147,0.149,-2.327,-0.22,1.485,-0.071,1.556,0.359,-0.019,0.378,0.011,0.074,-0.063,1.186,0.025,1.161,-0.061,-0.107,0.048,0.111,0.092,0.092,1.535,1.627,-0.0,0.111,0.005,0.106,0.111,0.005,0.106,1.719,-0.197,-0.552,-0.062,-0.49,-0.374,-0.022,-0.352,-1.106,0.032,-1.138,0.99,-0.009,0.999,0.158,0.07,0.088,0.407,-0.548,-0.548,-0.536,0.001,0.407,0.153,0.254,0.407,0.153,0.254,-0.608,-0.417,-2.163,1.627,-0.535,17348,8655,8693
1630846,Olivier Sarr,2024,-0.323,0.139,-0.462,-1.126,-0.038,-1.088,0.575,0.085,0.49,0.089,-0.02,0.109,-0.656,-0.442,-0.22,-0.652,0.92,0.92,-1.631,-0.711,0.0,-0.652,-0.097,-0.555,-0.652,-0.097,-0.555,0.142,-0.313,-0.162,-0.112,-0.05,0.565,0.042,0.523,-0.217,-0.136,-0.081,-0.398,0.008,-0.406,0.042,0.095,-0.053,0.1,0.194,0.194,-0.02,0.174,-0.0,0.1,0.019,0.081,0.1,0.019,0.081,-0.614,0.095,-0.488,0.027,-0.515,-0.562,0.004,-0.566,0.357,-0.052,0.409,-0.31,-0.013,-0.297,-0.614,-0.347,-0.273,-0.552,1.115,1.115,-0.537,0.0,-0.552,-0.077,-0.475,-0.552,-0.077,-0.475,-0.472,-0.217,-0.711,0.174,-0.537,2602,1294,1308
1641766,Adama Sanogo,2024,0.012,0.241,-0.229,-0.09,-0.15,0.06,0.072,0.06,0.012,-0.211,-0.044,-0.167,-0.085,-0.006,-0.073,-0.263,-0.031,-0.031,-0.336,-0.367,0.0,-0.263,-0.052,-0.211,-0.263,-0.052,-0.211,-0.921,-0.332,-0.171,-0.064,-0.107,0.001,0.029,-0.028,-0.122,-0.126,0.004,0.014,0.017,-0.003,-0.094,-0.086,-0.011,0.068,0.024,0.024,-0.197,-0.173,0.0,0.068,-0.019,0.087,0.068,-0.019,0.087,-0.079,-0.001,-0.161,0.177,-0.338,-0.091,-0.122,0.031,-0.05,-0.066,0.016,-0.197,-0.027,-0.17,-0.178,-0.092,-0.084,-0.195,-0.007,-0.007,-0.54,0.0,-0.195,-0.071,-0.124,-0.195,-0.071,-0.124,-1.0,-0.333,-0.367,-0.173,-0.54,274,137,137
101133,Ian Mahinmi,2024,-1.353,-0.178,-1.175,-0.969,-0.107,-0.862,-0.262,-0.314,0.052,0.056,-0.033,0.089,0.049,0.411,-0.36,-1.201,0.81,0.81,-2.505,-1.695,-0.0,-1.201,-0.598,-0.603,-1.201,-0.598,-0.603,-2.474,-0.689,0.832,0.006,0.826,0.646,0.015,0.631,-0.082,-0.066,-0.016,0.262,-0.034,0.296,0.08,-0.036,0.114,0.254,-0.016,-0.016,1.166,1.15,0.0,0.254,0.237,0.017,0.254,0.237,0.017,0.531,0.389,-0.522,-0.172,-0.35,-0.324,-0.092,-0.232,-0.344,-0.38,0.036,0.318,-0.067,0.385,0.13,0.375,-0.246,-0.947,0.793,0.793,-0.545,-0.0,-0.947,-0.361,-0.586,-0.947,-0.361,-0.586,-1.943,-0.3,-1.695,1.15,-0.545,28075,14042,14033
1628492,Gian Clavell,2024,-0.38,0.357,-0.737,-0.655,-0.166,-0.489,0.002,0.124,-0.122,-0.084,-0.032,-0.052,-0.06,-0.059,0.005,-0.096,0.003,0.003,-0.536,-0.533,0.0,-0.096,-0.018,-0.078,-0.096,-0.018,-0.078,0.083,-0.304,-0.276,-0.119,-0.157,-0.073,0.076,-0.149,-0.296,-0.122,-0.174,0.212,0.015,0.197,-0.064,-0.082,0.015,0.219,0.107,0.107,-0.121,-0.014,0.0,0.219,0.037,0.182,0.219,0.037,0.182,0.428,0.041,-0.655,0.238,-0.893,-0.729,-0.09,-0.639,-0.293,0.003,-0.296,0.129,-0.017,0.146,-0.124,-0.141,0.02,0.123,0.11,0.11,-0.547,0.0,0.123,0.018,0.105,0.123,0.018,0.105,0.511,-0.263,-0.533,-0.014,-0.547,382,188,194
1713,Vince Carter,2024,-0.67,-0.066,-0.604,-0.842,0.037,-0.879,0.485,0.274,0.211,-0.247,0.087,-0.334,0.056,0.066,-0.008,0.494,-0.556,-0.556,-0.12,-0.676,0.0,0.494,0.135,0.359,0.494,0.135,0.359,-0.646,-0.517,0.468,-0.047,0.515,0.384,0.092,0.292,-0.116,-0.332,0.216,0.247,-0.077,0.324,-0.763,-0.777,0.013,0.318,0.104,0.104,0.023,0.127,0.0,0.318,-0.021,0.339,0.318,-0.021,0.339,2.373,0.61,-0.204,-0.113,-0.091,-0.458,0.129,-0.587,0.367,-0.059,0.426,0.0,0.01,-0.01,-0.707,-0.711,0.005,0.812,-0.452,-0.452,-0.549,0.0,0.812,0.114,0.698,0.812,0.114,0.698,1.727,0.093,-0.676,0.127,-0.549,33950,16962,16988
203957,Dante Exum,2024,-1.451,-0.411,-1.04,0.058,0.443,-0.385,-0.322,0.383,-0.705,-0.776,0.025,-0.801,-0.104,0.115,-0.219,-0.021,-0.146,-0.146,-1.576,-1.722,0.0,-0.021,-0.0,-0.021,-0.021,-0.0,-0.021,-1.406,0.453,0.717,0.238,0.479,0.923,0.016,0.907,0.233,0.185,0.048,-0.677,0.017,-0.694,-0.188,-0.289,0.098,0.274,0.369,0.369,0.803,1.172,0.0,0.274,-0.189,0.463,0.274,-0.189,0.463,2.356,0.388,-0.737,-0.173,-0.564,0.98,0.458,0.522,-0.089,0.568,-0.657,-1.455,0.041,-1.496,-0.292,-0.174,-0.12,0.253,0.223,0.223,-0.55,0.0,0.253,-0.189,0.442,0.253,-0.189,0.442,0.95,0.842,-1.722,1.172,-0.55,24286,12138,12148
1628961,Kostas Antetokounmpo,2024,-0.105,0.249,-0.354,-0.508,-0.056,-0.452,0.091,0.101,-0.01,0.063,-0.056,0.119,-0.254,-0.021,-0.234,-0.183,-0.055,-0.055,-0.542,-0.597,0.0,-0.183,0.029,-0.212,-0.183,0.029,-0.212,-0.736,-0.215,0.149,0.077,0.072,0.109,0.04,0.069,-0.168,-0.13,-0.038,0.131,0.017,0.114,-0.041,0.007,-0.05,0.095,-0.156,-0.156,0.203,0.047,0.0,0.095,-0.017,0.112,0.095,-0.017,0.112,0.03,0.033,0.044,0.326,-0.282,-0.399,-0.016,-0.383,-0.077,-0.028,-0.049,0.194,-0.039,0.233,-0.294,-0.014,-0.284,-0.089,-0.211,-0.211,-0.55,-0.001,-0.089,0.012,-0.101,-0.089,0.012,-0.101,-0.706,-0.183,-0.597,0.047,-0.551,356,179,177
1628578,Brimah,2024,0.232,0.324,-0.092,-0.24,-0.106,-0.134,-0.021,0.087,-0.108,0.169,-0.055,0.224,-0.09,-0.044,-0.041,-0.225,-0.196,-0.196,-0.083,-0.279,0.0,-0.225,-0.157,-0.068,-0.225,-0.157,-0.068,-0.286,0.032,-0.155,-0.101,-0.054,0.115,0.049,0.066,-0.146,-0.113,-0.033,-0.023,0.019,-0.042,-0.073,-0.101,0.025,-0.02,-0.035,-0.035,-0.248,-0.283,0.0,-0.02,0.028,-0.048,-0.02,0.028,-0.048,-0.216,0.007,0.077,0.223,-0.146,-0.125,-0.057,-0.068,-0.167,-0.026,-0.141,0.146,-0.036,0.182,-0.163,-0.146,-0.016,-0.245,-0.232,-0.232,-0.562,0.0,-0.245,-0.129,-0.116,-0.245,-0.129,-0.116,-0.502,0.039,-0.279,-0.283,-0.562,136,67,69
201936,Tyreke Evans,2024,-1.307,-0.389,-0.918,-1.228,0.752,-1.98,0.009,0.347,-0.338,0.301,0.006,0.295,-0.119,0.189,-0.306,0.053,0.79,0.79,-1.373,-0.583,0.0,0.053,-0.004,0.057,0.053,-0.004,0.057,-1.804,-0.174,0.65,0.204,0.446,0.085,-0.205,0.29,0.248,-0.03,0.278,0.113,-0.028,0.141,-0.003,-0.063,0.057,-0.163,-0.468,-0.468,0.484,0.016,0.0,-0.163,-0.121,-0.042,-0.163,-0.121,-0.042,0.826,0.037,-0.659,-0.185,-0.474,-1.143,0.547,-1.69,0.257,0.317,-0.06,0.412,-0.023,0.435,-0.122,0.126,-0.249,-0.111,0.323,0.323,-0.567,0.001,-0.111,-0.125,0.014,-0.111,-0.125,0.014,-0.978,-0.137,-0.583,0.016,-0.566,28756,14349,14407
202334,Ed Davis,2024,-2.831,0.012,-2.843,-1.454,-0.058,-1.396,-1.142,-0.433,-0.709,-0.247,-0.012,-0.235,-0.53,-0.343,-0.185,-0.095,2.401,2.401,-3.456,-1.055,0.0,-0.095,0.52,-0.615,-0.095,0.52,-0.615,-3.066,-0.643,1.268,0.189,1.079,0.498,0.08,0.418,0.622,0.039,0.583,-0.041,-0.013,-0.028,-0.343,-0.458,0.112,-0.273,-0.165,-0.165,0.652,0.487,0.0,-0.273,-0.31,0.037,-0.273,-0.31,0.037,0.986,0.576,-1.561,0.201,-1.762,-0.955,0.022,-0.977,-0.52,-0.394,-0.126,-0.287,-0.025,-0.262,-0.873,-0.801,-0.073,-0.368,2.236,2.236,-0.568,0.001,-0.368,0.211,-0.579,-0.368,0.211,-0.579,-2.08,-0.067,-1.055,0.487,-0.567,32912,16370,16542
1631199,Ron Harper Jr.,2024,-0.071,0.355,-0.426,-0.29,-0.136,-0.154,-0.145,0.064,-0.209,0.009,-0.048,0.057,-0.209,-0.176,-0.03,0.098,0.085,0.085,-0.182,-0.097,-0.0,0.098,0.124,-0.026,0.098,0.124,-0.026,0.232,-0.019,-0.324,-0.034,-0.29,-0.074,0.064,-0.138,-0.064,-0.104,0.04,-0.152,0.021,-0.173,-0.088,-0.1,0.009,-0.04,-0.025,-0.025,-0.452,-0.477,0.0,-0.04,-0.008,-0.032,-0.04,-0.008,-0.032,-0.451,-0.11,-0.395,0.321,-0.716,-0.365,-0.072,-0.293,-0.209,-0.04,-0.169,-0.142,-0.026,-0.116,-0.297,-0.276,-0.021,0.057,0.06,0.06,-0.574,0.0,0.057,0.116,-0.059,0.057,0.116,-0.059,-0.219,-0.129,-0.097,-0.477,-0.574,206,102,104
1626178,Rondae Hollis-Jefferson,2024,-1.15,0.249,-1.399,-1.323,0.251,-1.574,0.03,0.23,-0.2,-0.106,-0.026,-0.08,0.213,0.469,-0.254,-0.531,-0.239,-0.239,-1.468,-1.707,-0.0,-0.531,-0.086,-0.445,-0.531,-0.086,-0.445,-0.267,0.195,1.004,-0.044,1.048,0.769,0.027,0.742,-0.244,0.066,-0.31,0.523,0.035,0.488,-0.054,-0.216,0.16,0.223,-0.05,-0.05,1.173,1.123,0.0,0.223,0.153,0.07,0.223,0.153,0.07,0.874,0.221,-0.147,0.205,-0.352,-0.554,0.278,-0.832,-0.215,0.296,-0.511,0.417,0.009,0.408,0.159,0.253,-0.094,-0.308,-0.289,-0.289,-0.584,-0.0,-0.308,0.067,-0.375,-0.308,0.067,-0.375,0.606,0.415,-1.707,1.123,-0.584,29131,14504,14627
203944,Julius Randle,2024,-0.006,0.2,-0.206,0.067,-0.082,0.149,-0.718,0.019,-0.737,0.445,0.006,0.439,0.397,0.562,-0.162,-0.655,0.581,0.581,-0.264,0.317,0.0,-0.655,0.01,-0.665,-0.655,0.01,-0.665,-0.213,-0.286,-0.767,-0.252,-0.515,-0.368,-0.066,-0.302,-0.147,-0.286,0.139,-0.0,-0.018,0.018,-0.167,-0.129,-0.034,-0.749,0.767,0.767,-1.683,-0.916,0.0,-0.749,-0.488,-0.261,-0.749,-0.488,-0.261,-1.234,-0.557,-0.774,-0.052,-0.722,-0.302,-0.148,-0.154,-0.865,-0.267,-0.598,0.445,-0.012,0.457,0.231,0.434,-0.196,-1.404,1.348,1.348,-0.599,0.0,-1.404,-0.478,-0.926,-1.404,-0.478,-0.926,-1.447,-0.843,0.317,-0.916,-0.599,84572,42321,42251
203473,Dewayne Dedmon,2024,-0.755,-0.079,-0.676,-0.319,-0.093,-0.226,-0.817,-0.262,-0.555,0.46,-0.003,0.463,-0.34,-0.397,0.06,-1.304,0.465,0.465,-2.399,-1.934,0.0,-1.304,-0.618,-0.686,-1.304,-0.618,-0.686,-1.159,-0.442,1.296,0.203,1.093,0.57,0.035,0.535,0.074,-0.098,0.172,0.449,-0.034,0.483,-0.229,-0.177,-0.054,0.096,0.16,0.16,1.163,1.323,0.0,0.096,-0.115,0.211,0.096,-0.115,0.211,-0.782,0.029,0.54,0.124,0.416,0.25,-0.059,0.309,-0.743,-0.36,-0.383,0.909,-0.037,0.946,-0.57,-0.574,0.006,-1.208,0.625,0.625,-0.611,0.0,-1.208,-0.733,-0.475,-1.208,-0.733,-0.475,-1.941,-0.413,-1.934,1.323,-0.611,35031,17457,17574
1626196,Josh Richardson,2024,-0.364,-0.01,-0.354,-0.011,-0.28,0.269,-0.25,-0.243,-0.007,-0.093,0.008,-0.101,-0.009,-0.062,0.05,0.261,-0.034,-0.034,-0.112,-0.146,0.0,0.261,0.36,-0.099,0.261,0.36,-0.099,-1.272,-0.84,-0.217,-0.083,-0.134,0.144,0.027,0.117,-0.084,0.081,-0.165,-0.194,0.045,-0.239,-0.283,-0.343,0.063,0.306,-0.279,-0.279,-0.194,-0.473,0.0,0.306,0.057,0.249,0.306,0.057,0.249,1.93,0.279,-0.58,-0.093,-0.487,0.133,-0.252,0.385,-0.333,-0.161,-0.172,-0.287,0.053,-0.34,-0.292,-0.405,0.113,0.567,-0.314,-0.314,-0.619,0.0,0.567,0.417,0.15,0.567,0.417,0.15,0.658,-0.561,-0.146,-0.473,-0.619,66382,33192,33190
1627848,Shawn Long,2024,0.253,0.291,-0.038,0.182,-0.095,0.277,0.055,0.066,-0.011,-0.275,-0.017,-0.258,-0.148,-0.144,-0.0,-0.053,0.351,0.351,0.052,0.403,0.0,-0.053,0.035,-0.088,-0.053,0.035,-0.088,-0.217,-0.063,-0.812,-0.178,-0.634,-0.323,0.008,-0.331,-0.225,-0.133,-0.092,-0.086,0.022,-0.108,-0.299,-0.326,0.023,-0.144,0.226,0.226,-1.255,-1.029,0.0,-0.144,-0.017,-0.127,-0.144,-0.017,-0.127,-0.578,-0.207,-0.559,0.113,-0.672,-0.14,-0.086,-0.054,-0.171,-0.068,-0.103,-0.361,0.005,-0.366,-0.447,-0.47,0.023,-0.197,0.577,0.577,-0.626,0.001,-0.197,0.019,-0.216,-0.197,0.019,-0.216,-0.795,-0.27,0.403,-1.029,-0.625,1173,589,584
1629117,Wenyen Gabriel,2024,-1.924,0.076,-2.0,-0.654,0.013,-0.667,-0.464,-0.109,-0.355,-0.882,-0.036,-0.846,-0.333,-0.058,-0.276,0.017,1.807,1.807,-2.24,-0.433,0.0,0.017,0.03,-0.013,0.017,0.03,-0.013,-2.696,-0.49,0.437,0.048,0.389,0.866,0.224,0.642,-0.098,0.01,-0.108,-0.379,0.01,-0.389,-0.123,-0.166,0.045,-0.32,-0.189,-0.189,-0.006,-0.195,0.0,-0.32,-0.665,0.345,-0.32,-0.665,0.345,-0.061,0.571,-1.487,0.124,-1.611,0.212,0.237,-0.025,-0.562,-0.099,-0.463,-1.261,-0.026,-1.235,-0.456,-0.224,-0.231,-0.303,1.618,1.618,-0.628,0.0,-0.303,-0.636,0.333,-0.303,-0.636,0.333,-2.758,0.081,-0.433,-0.195,-0.628,8492,4222,4270
201973,Jonas Jerebko,2024,-2.174,-0.335,-1.839,-0.707,0.003,-0.71,-0.452,0.098,-0.55,-0.68,0.078,-0.758,0.153,-0.049,0.207,0.141,1.455,1.455,-1.88,-0.425,-0.0,0.141,0.209,-0.068,0.141,0.209,-0.068,-0.758,-0.446,-0.062,0.147,-0.209,-0.508,0.012,-0.52,0.482,0.049,0.433,-0.183,-0.001,-0.182,0.097,0.019,0.075,-0.111,-0.131,-0.131,-0.076,-0.207,0.0,-0.111,-0.283,0.172,-0.111,-0.283,0.172,-0.119,-0.09,-2.235,-0.188,-2.047,-1.215,0.015,-1.23,0.031,0.147,-0.116,-0.863,0.077,-0.94,0.249,-0.03,0.282,0.03,1.324,1.324,-0.632,-0.0,0.03,-0.074,0.104,0.03,-0.074,0.104,-0.877,-0.536,-0.425,-0.207,-0.632,27725,13830,13895
203928,Cory Jefferson,2024,-1.305,-0.198,-1.107,-1.57,-0.143,-1.427,0.219,-0.195,0.414,0.244,-0.015,0.259,-0.334,0.04,-0.372,-0.225,0.26,0.26,-1.864,-1.604,0.0,-0.225,-0.404,0.179,-0.225,-0.404,0.179,-1.851,-0.988,0.689,0.307,0.382,0.083,0.031,0.052,-0.287,-0.141,-0.146,0.586,-0.035,0.621,-0.078,-0.11,0.026,0.356,-0.001,-0.001,0.967,0.966,0.0,0.356,0.046,0.31,0.356,0.046,0.31,1.287,0.205,-0.615,0.109,-0.724,-1.486,-0.111,-1.375,-0.068,-0.336,0.268,0.83,-0.05,0.88,-0.412,-0.07,-0.346,0.132,0.259,0.259,-0.638,-0.001,0.132,-0.358,0.49,0.132,-0.358,0.49,-0.564,-0.782,-1.604,0.966,-0.639,2771,1380,1391
1631197,Jared Rhoden,2024,0.405,0.174,0.231,-0.448,-0.343,-0.105,0.392,-0.093,0.485,0.287,-0.026,0.313,-0.08,-0.072,-0.005,0.169,-0.221,-0.221,0.494,0.273,0.0,0.169,0.041,0.128,0.169,0.041,0.128,-0.679,-0.603,-0.609,-0.145,-0.464,-0.244,-0.003,-0.241,-0.468,-0.119,-0.349,0.248,0.015,0.233,-0.07,-0.124,0.053,0.039,-0.272,-0.272,-0.64,-0.912,0.0,0.039,-0.08,0.119,0.039,-0.08,0.119,0.242,-0.091,-0.202,0.029,-0.231,-0.691,-0.346,-0.345,-0.075,-0.212,0.137,0.535,-0.011,0.546,-0.15,-0.196,0.047,0.207,-0.493,-0.493,-0.639,-0.001,0.207,-0.039,0.246,0.207,-0.039,0.246,-0.438,-0.694,0.273,-0.912,-0.64,1787,896,891
1626174,Christian Wood,2024,1.927,0.156,1.771,0.891,0.111,0.78,0.405,0.293,0.112,0.475,-0.043,0.518,-0.115,0.571,-0.689,-0.753,-1.006,-1.006,1.059,0.053,-0.0,-0.753,-0.66,-0.093,-0.753,-0.66,-0.093,0.146,0.67,0.19,0.03,0.16,0.477,0.076,0.401,-0.01,0.056,-0.066,-0.307,0.014,-0.321,0.25,0.338,-0.086,-0.807,-0.333,-0.333,-0.367,-0.7,0.0,-0.807,-0.359,-0.448,-0.807,-0.359,-0.448,-1.481,0.055,2.117,0.186,1.931,1.369,0.187,1.182,0.394,0.349,0.045,0.168,-0.029,0.197,0.135,0.909,-0.775,-1.56,-1.339,-1.339,-0.647,0.001,-1.56,-1.019,-0.541,-1.56,-1.019,-0.541,-1.335,0.725,0.053,-0.7,-0.646,32440,16219,16221
1626204,Larry Nance Jr.,2024,-1.254,-0.075,-1.179,-0.018,-0.073,0.055,-0.609,-0.283,-0.326,-0.552,-0.044,-0.508,-0.506,-0.127,-0.387,-0.734,0.273,0.273,-2.494,-2.221,-0.0,-0.734,-0.608,-0.126,-0.734,-0.608,-0.126,0.699,0.295,-0.047,-0.035,-0.012,-0.989,-0.029,-0.96,0.328,-0.108,0.436,0.649,-0.007,0.656,0.097,0.064,0.035,1.167,0.35,0.35,1.217,1.567,-0.0,1.167,0.989,0.178,1.167,0.989,0.178,0.447,-0.488,-1.301,-0.11,-1.191,-1.008,-0.103,-0.905,-0.281,-0.391,0.11,0.098,-0.05,0.148,-0.41,-0.063,-0.352,0.433,0.623,0.623,-0.654,0.001,0.433,0.381,0.052,0.433,0.381,0.052,1.146,-0.193,-2.221,1.567,-0.653,51604,25733,25871
1630554,Jason Preston,2024,-0.266,0.303,-0.569,0.103,-0.039,0.142,-0.323,-0.006,-0.317,-0.349,-0.041,-0.308,-0.244,-0.136,-0.105,0.272,0.156,0.156,-0.238,-0.082,-0.0,0.272,0.22,0.052,0.272,0.22,0.052,-0.199,0.543,-0.306,0.034,-0.34,0.205,0.051,0.154,-0.333,-0.076,-0.257,-0.212,0.021,-0.233,-0.149,-0.151,-0.002,-0.25,0.128,0.128,-0.705,-0.577,0.0,-0.25,-0.02,-0.23,-0.25,-0.02,-0.23,-0.027,0.052,-0.571,0.337,-0.908,0.308,0.012,0.296,-0.655,-0.081,-0.574,-0.561,-0.02,-0.541,-0.393,-0.287,-0.107,0.022,0.283,0.283,-0.659,-0.0,0.022,0.201,-0.179,0.022,0.201,-0.179,-0.226,0.594,-0.082,-0.577,-0.659,828,411,417
1630322,Lindy Waters III,2024,-0.127,-0.062,-0.065,-0.993,-0.227,-0.766,0.453,0.463,-0.01,0.475,-0.012,0.487,-0.36,-0.358,-0.002,-0.198,0.302,0.302,-0.685,-0.383,0.0,-0.198,-0.204,0.006,-0.198,-0.204,0.006,2.743,-0.717,0.438,0.133,0.305,0.714,0.127,0.587,0.133,-0.135,0.268,-0.542,0.013,-0.555,-0.281,-0.255,-0.026,-0.138,-0.296,-0.296,0.019,-0.277,0.0,-0.138,0.042,-0.18,-0.138,0.042,-0.18,-0.883,0.303,0.313,0.071,0.242,-0.279,-0.1,-0.179,0.586,0.328,0.258,-0.065,0.002,-0.067,-0.64,-0.613,-0.027,-0.336,0.007,0.007,-0.66,0.0,-0.336,-0.162,-0.174,-0.336,-0.162,-0.174,1.859,-0.415,-0.383,-0.277,-0.66,5350,2680,2670
1627858,Kyle Collinsworth,2024,-1.018,0.281,-1.299,-1.032,-0.103,-0.929,0.38,0.002,0.378,-0.647,-0.033,-0.614,-0.328,0.108,-0.435,0.803,0.842,0.842,-0.543,0.299,0.0,0.803,0.388,0.415,0.803,0.388,0.415,0.701,0.239,-1.237,0.044,-1.281,-0.204,0.073,-0.277,-0.394,-0.093,-0.301,-0.683,-0.003,-0.68,-0.056,-0.021,-0.038,-0.085,0.418,0.418,-1.378,-0.96,0.0,-0.085,0.062,-0.147,-0.085,0.062,-0.147,-0.747,0.064,-2.256,0.325,-2.581,-1.237,-0.031,-1.206,-0.013,-0.09,0.077,-1.331,-0.037,-1.294,-0.384,0.087,-0.473,0.718,1.26,1.26,-0.661,0.0,0.718,0.45,0.268,0.718,0.45,0.268,-0.046,0.303,0.299,-0.96,-0.661,1815,907,908
1629655,Daniel Gafford,2024,-0.258,0.247,-0.505,0.562,0.107,0.455,-0.334,-0.48,0.146,-0.733,-0.045,-0.688,-0.716,-0.684,-0.035,-0.651,1.337,1.337,-1.625,-0.288,0.0,-0.651,-0.463,-0.188,-0.651,-0.463,-0.188,-0.71,1.429,0.639,-0.147,0.786,2.027,0.1,1.927,0.013,0.018,-0.005,-1.254,0.016,-1.27,0.102,-0.078,0.18,-0.283,-0.831,-0.831,0.458,-0.373,-0.0,-0.283,-0.14,-0.143,-0.283,-0.14,-0.143,-1.945,0.488,0.38,0.1,0.28,2.588,0.206,2.382,-0.322,-0.463,0.141,-1.986,-0.029,-1.957,-0.615,-0.762,0.145,-0.933,0.506,0.506,-0.661,0.0,-0.933,-0.603,-0.33,-0.933,-0.603,-0.33,-2.655,1.918,-0.288,-0.373,-0.661,28047,14000,14047
1627759,Jaylen Brown,2024,0.352,0.246,0.106,0.337,0.24,0.097,0.237,0.303,-0.066,-0.468,-0.028,-0.44,-0.029,0.4,-0.425,-0.654,-0.514,-0.514,-0.331,-0.845,0.0,-0.654,-0.19,-0.464,-0.654,-0.19,-0.464,-1.035,0.512,0.347,-0.209,0.556,0.836,-0.031,0.867,-0.437,-0.072,-0.365,0.157,0.017,0.14,0.072,0.0,0.076,-0.073,-0.165,-0.165,0.346,0.181,0.0,-0.073,-0.252,0.179,-0.073,-0.252,0.179,0.455,0.253,0.699,0.037,0.662,1.173,0.209,0.964,-0.2,0.231,-0.431,-0.311,-0.011,-0.3,0.043,0.4,-0.349,-0.727,-0.679,-0.679,-0.664,0.0,-0.727,-0.442,-0.285,-0.727,-0.442,-0.285,-0.58,0.765,-0.845,0.181,-0.664,82866,41398,41468
1628388,TJ Leaf,2024,-1.574,-0.063,-1.511,-0.623,-0.108,-0.515,-0.535,-0.277,-0.258,-0.353,-0.049,-0.304,-0.634,-0.329,-0.304,-0.142,0.95,0.95,-2.35,-1.4,0.0,-0.142,-0.205,0.063,-0.142,-0.205,0.063,-1.413,-0.527,1.579,0.125,1.454,0.419,-0.076,0.495,0.059,-0.227,0.286,0.976,0.022,0.954,-0.301,-0.296,-0.006,-0.389,-0.162,-0.162,0.889,0.727,0.0,-0.389,-0.029,-0.36,-0.389,-0.029,-0.36,1.591,-0.014,0.004,0.062,-0.058,-0.204,-0.184,-0.02,-0.476,-0.504,0.028,0.622,-0.027,0.649,-0.936,-0.625,-0.31,-0.53,0.788,0.788,-0.673,0.0,-0.53,-0.233,-0.297,-0.53,-0.233,-0.297,0.178,-0.542,-1.4,0.727,-0.673,6875,3440,3435
1628414,Sindarius Thornwell,2024,-0.567,-0.252,-0.315,-0.241,0.241,-0.482,0.324,0.004,0.32,-0.398,-0.113,-0.285,0.085,0.526,-0.437,-0.389,0.514,0.514,-0.871,-0.357,0.0,-0.389,-0.616,0.227,-0.389,-0.616,0.227,-1.184,0.751,-1.603,0.001,-1.604,-0.44,0.071,-0.511,-0.641,0.038,-0.679,-0.523,0.006,-0.529,-0.211,-0.141,-0.072,0.607,0.886,0.886,-1.207,-0.321,0.0,0.607,0.225,0.382,0.607,0.225,0.382,-0.249,0.024,-2.171,-0.251,-1.92,-0.682,0.312,-0.994,-0.316,0.042,-0.358,-0.922,-0.107,-0.815,-0.126,0.385,-0.509,0.218,1.401,1.401,-0.678,0.0,0.218,-0.391,0.609,0.218,-0.391,0.609,-1.433,0.775,-0.357,-0.321,-0.678,10892,5456,5436
1641809,Drew Peterson,2024,-0.095,0.312,-0.407,-0.36,-0.128,-0.232,-0.018,0.095,-0.113,-0.029,-0.047,0.018,-0.166,-0.143,-0.019,0.082,0.072,0.072,-0.179,-0.107,0.0,0.082,0.062,0.02,0.082,0.062,0.02,0.441,-0.039,-0.413,-0.125,-0.288,-0.116,0.044,-0.16,-0.127,-0.11,-0.017,-0.045,0.019,-0.064,-0.129,-0.089,-0.043,-0.041,0.01,0.01,-0.583,-0.573,0.0,-0.041,-0.023,-0.018,-0.041,-0.023,-0.018,-0.244,-0.075,-0.508,0.187,-0.695,-0.475,-0.084,-0.391,-0.146,-0.015,-0.131,-0.074,-0.028,-0.046,-0.295,-0.232,-0.061,0.041,0.083,0.083,-0.68,0.001,0.041,0.039,0.002,0.041,0.039,0.002,0.197,-0.114,-0.107,-0.573,-0.679,99,49,50
1630171,Isaac Okoro,2024,-0.188,0.163,-0.351,-0.141,0.209,-0.35,-0.41,0.201,-0.611,0.2,-0.034,0.234,0.24,0.426,-0.19,0.035,-0.455,-0.455,0.087,-0.368,0.0,0.035,0.219,-0.184,0.035,0.219,-0.184,0.058,0.792,-0.887,0.062,-0.949,-0.842,-0.04,-0.802,-0.459,0.018,-0.477,0.352,0.007,0.345,-0.206,-0.072,-0.133,-0.058,0.836,0.836,-1.151,-0.315,0.0,-0.058,0.293,-0.351,-0.058,0.293,-0.351,-0.907,-0.677,-1.074,0.225,-1.299,-0.983,0.169,-1.152,-0.868,0.219,-1.087,0.552,-0.027,0.579,0.033,0.354,-0.322,-0.022,0.381,0.381,-0.683,0.0,-0.022,0.512,-0.534,-0.022,0.512,-0.534,-0.849,0.114,-0.368,-0.315,-0.683,31774,15829,15945
1630595,Cade Cunningham,2024,1.429,0.166,1.263,1.044,0.427,0.617,-0.054,0.148,-0.202,0.273,-0.025,0.298,0.016,-0.173,0.187,-0.296,-1.153,-1.153,1.149,-0.004,0.0,-0.296,-0.202,-0.094,-0.296,-0.202,-0.094,-0.018,1.232,-0.53,-0.335,-0.195,-0.178,-0.055,-0.123,-0.354,-0.019,-0.335,0.337,0.015,0.322,-0.286,-0.318,0.034,-0.33,0.463,0.463,-1.146,-0.683,0.0,-0.33,-0.091,-0.239,-0.33,-0.091,-0.239,0.869,-0.215,0.899,-0.169,1.068,0.866,0.372,0.494,-0.408,0.129,-0.537,0.61,-0.01,0.62,-0.27,-0.491,0.221,-0.626,-0.689,-0.689,-0.687,0.0,-0.626,-0.293,-0.333,-0.626,-0.293,-0.333,0.85,1.017,-0.004,-0.683,-0.687,18769,9337,9432
1631205,Buddy Boeheim,2024,-0.948,0.105,-1.053,-0.185,-0.246,0.061,-0.286,0.123,-0.409,-0.582,-0.034,-0.548,-0.103,-0.091,-0.008,0.036,0.492,0.492,-1.015,-0.523,-0.0,0.036,-0.076,0.112,0.036,-0.076,0.112,0.158,0.037,0.055,-0.152,0.207,-0.268,0.04,-0.308,-0.011,-0.158,0.147,0.486,0.019,0.467,-0.078,-0.168,0.087,-0.205,0.055,0.055,-0.228,-0.173,0.0,-0.205,-0.162,-0.043,-0.205,-0.162,-0.043,0.075,-0.11,-0.893,-0.047,-0.846,-0.453,-0.206,-0.247,-0.297,-0.035,-0.262,-0.096,-0.015,-0.081,-0.181,-0.259,0.079,-0.169,0.547,0.547,-0.696,0.0,-0.169,-0.239,0.07,-0.169,-0.239,0.07,0.233,-0.073,-0.523,-0.173,-0.696,708,358,350
1630550,JT Thor,2024,-1.534,-0.011,-1.523,-0.473,-0.145,-0.328,-1.61,0.04,-1.65,0.56,-0.01,0.57,-0.128,0.09,-0.22,-0.42,0.702,0.702,-2.082,-1.38,0.0,-0.42,0.054,-0.474,-0.42,0.054,-0.474,-1.631,-0.194,0.839,-0.125,0.964,-0.017,-0.075,0.058,-0.519,-0.134,-0.385,1.5,0.016,1.484,-0.29,-0.301,0.014,-0.224,0.359,0.359,0.325,0.684,0.0,-0.224,-0.125,-0.099,-0.224,-0.125,-0.099,1.021,-0.018,-0.694,-0.136,-0.558,-0.489,-0.219,-0.27,-2.128,-0.093,-2.035,2.059,0.005,2.054,-0.418,-0.211,-0.206,-0.644,1.06,1.06,-0.696,-0.001,-0.644,-0.072,-0.572,-0.644,-0.072,-0.572,-0.61,-0.212,-1.38,0.684,-0.697,8248,4119,4129
1630787,McGriff,2024,-0.374,0.39,-0.764,-0.296,-0.185,-0.111,-0.059,0.056,-0.115,-0.409,-0.051,-0.358,-0.123,-0.031,-0.089,0.271,0.252,0.252,-0.226,0.026,-0.0,0.271,0.18,0.091,0.271,0.18,0.091,0.053,-0.168,-0.461,-0.156,-0.305,0.019,0.074,-0.055,-0.317,-0.109,-0.208,-0.007,0.02,-0.027,-0.196,-0.199,-0.0,-0.004,-0.068,-0.068,-0.661,-0.729,0.0,-0.004,-0.056,0.052,-0.004,-0.056,0.052,-0.104,0.009,-0.835,0.234,-1.069,-0.277,-0.112,-0.165,-0.377,-0.054,-0.323,-0.415,-0.03,-0.385,-0.319,-0.23,-0.089,0.267,0.184,0.184,-0.703,0.0,0.267,0.124,0.143,0.267,0.124,0.143,-0.051,-0.159,0.026,-0.729,-0.703,179,91,88
1627856,Matt Costello,2024,0.282,0.331,-0.049,-0.452,-0.145,-0.307,0.211,0.112,0.099,0.192,-0.042,0.234,-0.216,-0.152,-0.061,-0.153,-0.1,-0.1,-0.087,-0.187,0.0,-0.153,-0.11,-0.043,-0.153,-0.11,-0.043,0.286,-0.195,-0.338,-0.105,-0.233,-0.04,0.07,-0.11,-0.18,-0.1,-0.08,-0.013,0.018,-0.031,-0.092,-0.102,0.006,0.028,-0.121,-0.121,-0.402,-0.523,0.0,0.028,-0.042,0.07,0.028,-0.042,0.07,-0.328,-0.044,-0.055,0.226,-0.281,-0.492,-0.075,-0.417,0.033,0.013,0.02,0.178,-0.024,0.202,-0.309,-0.254,-0.055,-0.125,-0.221,-0.221,-0.71,0.0,-0.125,-0.152,0.027,-0.125,-0.152,0.027,-0.042,-0.239,-0.187,-0.523,-0.71,129,64,65
1626296,Sibert,2024,-0.49,0.313,-0.803,-0.294,-0.085,-0.209,-0.371,0.105,-0.476,-0.138,-0.054,-0.084,-0.006,0.02,-0.018,0.098,0.148,0.148,-0.398,-0.25,0.0,0.098,0.011,0.087,0.098,0.011,0.087,0.084,0.151,-0.184,-0.111,-0.073,-0.077,0.077,-0.154,-0.044,-0.079,0.035,0.048,0.019,0.029,-0.103,-0.109,0.002,-0.283,0.105,0.105,-0.57,-0.465,-0.0,-0.283,-0.15,-0.133,-0.283,-0.15,-0.133,-0.285,-0.077,-0.674,0.202,-0.876,-0.371,-0.008,-0.363,-0.416,0.026,-0.442,-0.089,-0.035,-0.054,-0.109,-0.089,-0.016,-0.186,0.253,0.253,-0.715,0.0,-0.186,-0.139,-0.047,-0.186,-0.139,-0.047,-0.201,0.073,-0.25,-0.465,-0.715,186,93,93
204065,David Stockton,2024,0.232,0.378,-0.146,-0.11,-0.158,0.048,0.071,0.118,-0.047,-0.107,-0.047,-0.06,0.018,0.145,-0.122,-0.252,-0.195,-0.195,-0.002,-0.197,0.0,-0.252,-0.128,-0.124,-0.252,-0.128,-0.124,-0.448,-0.102,-0.536,-0.077,-0.459,-0.174,0.051,-0.225,-0.173,-0.092,-0.081,-0.112,0.019,-0.131,-0.057,-0.032,-0.028,-0.03,0.102,0.102,-0.623,-0.521,0.0,-0.03,-0.049,0.019,-0.03,-0.049,0.019,-0.641,-0.146,-0.304,0.301,-0.605,-0.285,-0.107,-0.178,-0.102,0.026,-0.128,-0.218,-0.027,-0.191,-0.04,0.113,-0.15,-0.282,-0.094,-0.094,-0.718,0.001,-0.282,-0.177,-0.105,-0.282,-0.177,-0.105,-1.089,-0.248,-0.197,-0.521,-0.717,160,80,80
1630296,Braxton Key,2024,-0.714,0.14,-0.854,-0.195,0.02,-0.215,0.908,0.258,0.65,-1.567,-0.041,-1.526,-0.203,-0.168,-0.034,0.464,-0.308,-0.308,-0.453,-0.761,0.0,0.464,0.181,0.283,0.464,0.181,0.283,-0.138,0.332,-0.178,-0.003,-0.175,-0.083,0.008,-0.091,-0.393,-0.177,-0.216,0.301,0.015,0.286,-0.331,-0.27,-0.063,0.311,0.239,0.239,-0.198,0.041,0.0,0.311,0.023,0.288,0.311,0.023,0.288,0.489,0.041,-0.893,0.137,-1.03,-0.278,0.028,-0.306,0.515,0.081,0.434,-1.267,-0.027,-1.24,-0.533,-0.438,-0.097,0.775,-0.07,-0.07,-0.72,0.0,0.775,0.203,0.572,0.775,0.203,0.572,0.351,0.374,-0.761,0.041,-0.72,1129,565,564
1630551,Justin Champagnie,2024,-1.494,0.055,-1.549,-0.733,-0.142,-0.591,-0.171,0.054,-0.225,-0.645,-0.039,-0.606,-0.246,-0.114,-0.131,0.534,1.751,1.751,-1.206,0.545,0.0,0.534,0.324,0.21,0.534,0.324,0.21,1.309,0.067,-0.745,-0.112,-0.633,-0.217,-0.006,-0.211,-0.611,-0.196,-0.415,0.195,0.016,0.179,-0.371,-0.433,0.061,0.027,-0.182,-0.182,-1.089,-1.271,0.0,0.027,-0.103,0.13,0.027,-0.103,0.13,-0.398,-0.027,-2.237,-0.057,-2.18,-0.949,-0.148,-0.801,-0.781,-0.141,-0.64,-0.45,-0.023,-0.427,-0.617,-0.547,-0.07,0.561,1.57,1.57,-0.726,0.0,0.561,0.22,0.341,0.561,0.22,0.341,0.911,0.041,0.545,-1.271,-0.726,2303,1159,1144
2581,Steve Blake,2024,-1.364,-0.699,-0.665,-0.277,-0.157,-0.12,-0.421,0.077,-0.498,0.033,0.163,-0.13,-0.397,-0.148,-0.235,-0.352,0.583,0.583,-2.113,-1.53,0.0,-0.352,-0.073,-0.279,-0.352,-0.073,-0.279,0.575,-0.139,1.989,0.563,1.426,0.267,0.189,0.078,0.402,0.538,-0.136,0.757,0.011,0.746,-0.006,0.138,-0.151,-0.581,-0.607,-0.607,1.402,0.795,-0.0,-0.581,-0.852,0.271,-0.581,-0.852,0.271,2.557,0.584,0.625,-0.136,0.761,-0.01,0.032,-0.042,-0.019,0.615,-0.634,0.79,0.174,0.616,-0.403,-0.01,-0.386,-0.933,-0.024,-0.024,-0.735,-0.001,-0.933,-0.925,-0.008,-0.933,-0.925,-0.008,3.132,0.444,-1.53,0.795,-0.736,12014,5972,6042
203088,Kendall Marshall,2024,-0.026,-0.1,0.074,-0.238,0.276,-0.514,-0.596,0.204,-0.8,0.908,0.011,0.897,-0.175,-0.18,0.008,0.543,-0.941,-0.941,0.342,-0.599,-0.0,0.543,-0.197,0.74,0.543,-0.197,0.74,0.5,0.27,-0.084,0.136,-0.22,-0.136,0.107,-0.243,-0.052,-0.05,-0.002,-0.032,-0.023,-0.009,-0.001,-0.072,0.067,0.162,-0.214,-0.214,0.077,-0.137,0.0,0.162,0.139,0.023,0.162,0.139,0.023,-0.407,-0.03,-0.108,0.036,-0.144,-0.374,0.383,-0.757,-0.647,0.155,-0.802,0.877,-0.012,0.889,-0.177,-0.252,0.075,0.705,-1.155,-1.155,-0.736,-0.0,0.705,-0.058,0.763,0.705,-0.058,0.763,0.092,0.24,-0.599,-0.137,-0.736,3237,1620,1617
201979,Nick Calathes,2024,-2.076,-0.335,-1.741,0.485,0.319,0.166,-0.64,0.031,-0.671,-1.586,-0.037,-1.549,0.004,0.237,-0.22,-0.01,-0.489,-0.489,-2.082,-2.571,-0.0,-0.01,-0.23,0.22,-0.01,-0.23,0.22,-2.491,0.63,1.543,0.343,1.2,0.208,0.036,0.172,0.09,0.006,0.084,0.902,-0.008,0.91,-0.084,-0.075,-0.015,0.298,0.077,0.077,1.757,1.834,0.0,0.298,0.107,0.191,0.298,0.107,0.191,1.237,0.26,-0.533,0.008,-0.541,0.693,0.355,0.338,-0.55,0.037,-0.587,-0.684,-0.045,-0.639,-0.08,0.162,-0.235,0.288,-0.412,-0.412,-0.737,0.001,0.288,-0.124,0.412,0.288,-0.124,0.412,-1.254,0.89,-2.571,1.834,-0.736,4240,2119,2121
1630188,Jalen Smith,2024,-1.64,-0.166,-1.474,-0.189,-0.008,-0.181,-0.652,0.04,-0.692,-0.633,-0.016,-0.617,-0.239,-0.259,0.016,-0.18,1.824,1.824,-2.059,-0.235,0.0,-0.18,-0.485,0.305,-0.18,-0.485,0.305,1.058,0.457,0.131,-0.055,0.186,-0.102,-0.079,-0.023,0.253,-0.264,0.517,0.035,0.006,0.029,-0.202,-0.181,-0.02,-0.533,0.102,0.102,-0.604,-0.502,0.0,-0.533,-0.47,-0.063,-0.533,-0.47,-0.063,-1.189,-0.515,-1.509,-0.221,-1.288,-0.29,-0.087,-0.203,-0.399,-0.224,-0.175,-0.599,-0.01,-0.589,-0.441,-0.44,-0.003,-0.713,1.926,1.926,-0.737,-0.001,-0.713,-0.956,0.243,-0.713,-0.956,0.243,-0.131,-0.059,-0.235,-0.502,-0.738,14495,7249,7246
201564,O.J. Mayo,2024,0.287,-0.463,0.75,0.327,0.437,-0.11,0.289,-0.075,0.364,0.134,-0.001,0.135,-0.236,-0.438,0.211,-1.115,-0.698,-0.698,-1.064,-1.762,0.0,-1.115,-0.515,-0.6,-1.115,-0.515,-0.6,1.099,0.748,1.436,0.22,1.216,0.051,-0.253,0.304,-0.24,-0.284,0.044,1.405,-0.07,1.475,-0.471,-0.518,0.041,0.798,-0.74,-0.74,1.763,1.023,0.0,0.798,0.501,0.297,0.798,0.501,0.297,0.746,-0.252,1.721,-0.243,1.964,0.377,0.183,0.194,0.049,-0.359,0.408,1.538,-0.072,1.61,-0.706,-0.956,0.252,-0.317,-1.439,-1.439,-0.739,0.0,-0.317,-0.014,-0.303,-0.317,-0.014,-0.303,1.845,0.496,-1.762,1.023,-0.739,11311,5641,5670
2585,Zaza Pachulia,2024,-1.303,-0.137,-1.166,-1.026,-0.166,-0.86,-0.509,-0.489,-0.02,0.369,-0.011,0.38,-0.073,-0.348,0.283,-0.714,0.401,0.401,-2.09,-1.689,-0.0,-0.714,-0.373,-0.341,-0.714,-0.373,-0.341,1.791,-0.471,-0.549,0.126,-0.675,-0.493,-0.031,-0.462,-0.054,0.136,-0.19,-0.128,-0.04,-0.088,0.499,0.562,-0.066,0.561,0.435,0.435,0.511,0.946,0.0,0.561,0.402,0.159,0.561,0.402,0.159,-1.766,-0.256,-1.852,-0.011,-1.841,-1.519,-0.197,-1.322,-0.563,-0.353,-0.21,0.241,-0.051,0.292,0.427,0.214,0.217,-0.153,0.836,0.836,-0.743,-0.001,-0.153,0.029,-0.182,-0.153,0.029,-0.182,0.025,-0.727,-1.689,0.946,-0.744,28222,14107,14115
1630577,Julian Champagnie,2024,-0.202,0.138,-0.34,0.032,0.131,-0.099,-0.175,0.359,-0.534,-0.197,-0.008,-0.189,0.044,-0.259,0.303,-0.485,0.52,0.52,-0.643,-0.123,0.0,-0.485,-0.416,-0.069,-0.485,-0.416,-0.069,2.511,0.721,-0.876,-0.045,-0.831,-0.277,-0.036,-0.241,-0.328,0.064,-0.392,-0.226,0.022,-0.248,0.141,0.266,-0.126,0.022,0.09,0.09,-0.713,-0.623,0.0,0.022,0.201,-0.179,0.022,0.201,-0.179,-1.222,-0.353,-1.077,0.093,-1.17,-0.245,0.095,-0.34,-0.502,0.423,-0.925,-0.423,0.014,-0.437,0.185,0.007,0.178,-0.463,0.61,0.61,-0.746,0.0,-0.463,-0.215,-0.248,-0.463,-0.215,-0.248,1.288,0.368,-0.123,-0.623,-0.746,7544,3757,3787
1628439,Isaiah Hicks,2024,0.439,0.167,0.272,-0.904,-0.111,-0.793,0.355,0.043,0.312,0.821,-0.034,0.855,-0.317,-0.17,-0.148,0.032,-0.349,-0.349,0.154,-0.195,-0.0,0.032,-0.034,0.066,0.032,-0.034,0.066,1.37,0.155,-0.043,-0.193,0.15,0.266,0.027,0.239,-0.31,-0.097,-0.213,0.194,0.02,0.174,-0.147,-0.154,0.004,-0.226,-0.14,-0.14,-0.416,-0.556,0.0,-0.226,-0.095,-0.131,-0.226,-0.095,-0.131,-0.092,0.013,0.395,-0.026,0.421,-0.639,-0.085,-0.554,0.045,-0.054,0.099,1.015,-0.014,1.029,-0.465,-0.324,-0.144,-0.194,-0.489,-0.489,-0.751,0.0,-0.194,-0.128,-0.066,-0.194,-0.128,-0.066,1.278,0.168,-0.195,-0.556,-0.751,1098,544,554
1628985,Devon Hall,2024,-0.294,0.194,-0.488,-0.51,-0.219,-0.291,-0.28,0.067,-0.347,0.302,-0.031,0.333,-0.23,-0.122,-0.107,0.104,-0.155,-0.155,-0.42,-0.575,0.0,0.104,0.095,0.009,0.104,0.095,0.009,0.605,-0.274,-0.541,-0.163,-0.378,-0.115,0.034,-0.149,-0.382,-0.095,-0.287,0.119,0.022,0.097,-0.051,-0.092,0.037,0.073,0.341,0.341,-0.519,-0.178,0.0,0.073,0.043,0.03,0.073,0.043,0.03,0.079,-0.082,-0.835,0.031,-0.866,-0.624,-0.185,-0.439,-0.662,-0.028,-0.634,0.42,-0.01,0.43,-0.281,-0.214,-0.07,0.177,0.187,0.187,-0.753,0.0,0.177,0.138,0.039,0.177,0.138,0.039,0.683,-0.355,-0.575,-0.178,-0.753,367,184,183
1630204,Ashton Hagans,2024,-0.208,0.442,-0.65,-0.255,0.013,-0.268,-0.247,0.103,-0.35,-0.148,-0.039,-0.109,-0.203,0.103,-0.306,-0.445,0.263,0.263,-0.856,-0.593,0.0,-0.445,-0.123,-0.322,-0.445,-0.123,-0.322,-0.628,0.337,-0.019,0.002,-0.021,0.151,0.054,0.097,0.104,-0.064,0.168,-0.276,0.022,-0.298,-0.313,-0.388,0.071,0.078,0.093,0.093,-0.254,-0.161,0.0,0.078,-0.021,0.099,0.078,-0.021,0.099,1.073,0.166,-0.226,0.444,-0.67,-0.104,0.067,-0.171,-0.142,0.039,-0.181,-0.424,-0.017,-0.407,-0.517,-0.285,-0.234,-0.367,0.356,0.356,-0.754,0.0,-0.367,-0.144,-0.223,-0.367,-0.144,-0.223,0.445,0.504,-0.593,-0.161,-0.754,1255,627,628
1627395,Julian Washburn,2024,-0.967,0.248,-1.215,-0.567,-0.183,-0.384,-0.206,0.003,-0.209,-0.442,-0.036,-0.406,0.247,0.215,0.04,0.435,-0.276,-0.276,-0.285,-0.561,-0.0,0.435,-0.094,0.529,0.435,-0.094,0.529,-0.802,-0.174,-0.133,-0.026,-0.107,-0.226,0.04,-0.266,-0.264,-0.198,-0.066,0.383,0.013,0.37,-0.096,-0.177,0.079,-0.111,0.145,0.145,-0.34,-0.195,0.0,-0.111,-0.031,-0.08,-0.111,-0.031,-0.08,-0.549,-0.189,-1.1,0.222,-1.322,-0.794,-0.144,-0.65,-0.469,-0.194,-0.275,-0.059,-0.023,-0.036,0.151,0.037,0.119,0.323,-0.131,-0.131,-0.756,0.0,0.323,-0.124,0.447,0.323,-0.124,0.447,-1.351,-0.362,-0.561,-0.195,-0.756,1437,713,724
1627758,Ron Baker,2024,-1.708,0.094,-1.802,-0.867,0.132,-0.999,-0.314,0.095,-0.409,-0.621,-0.038,-0.583,0.081,0.165,-0.08,-0.302,0.318,0.318,-1.929,-1.611,0.0,-0.302,-0.071,-0.231,-0.302,-0.071,-0.231,-0.608,0.47,0.166,0.128,0.038,-0.277,-0.035,-0.242,-0.46,-0.17,-0.29,0.775,-0.013,0.788,-0.119,-0.033,-0.088,0.677,0.126,0.126,0.724,0.85,-0.0,0.677,0.0,0.677,0.677,0.0,0.677,1.658,0.352,-1.542,0.222,-1.764,-1.144,0.097,-1.241,-0.774,-0.075,-0.699,0.154,-0.051,0.205,-0.038,0.132,-0.168,0.375,0.444,0.444,-0.761,-0.0,0.375,-0.071,0.446,0.375,-0.071,0.446,1.049,0.822,-1.611,0.85,-0.761,5410,2695,2715
1628463,Tyler Cavanaugh,2024,0.104,-0.029,0.133,-0.607,-0.081,-0.526,0.391,0.193,0.198,0.349,0.03,0.319,-0.286,-0.128,-0.155,0.411,0.311,0.311,0.229,0.54,0.0,0.411,0.366,0.045,0.411,0.366,0.045,0.807,-0.214,-1.022,0.034,-1.056,-0.394,0.007,-0.401,-0.901,-0.058,-0.843,0.239,0.017,0.222,-0.269,-0.154,-0.117,-0.036,0.025,0.025,-1.327,-1.302,0.0,-0.036,-0.07,0.034,-0.036,-0.07,0.034,-1.266,-0.262,-0.917,0.005,-0.922,-1.0,-0.073,-0.927,-0.51,0.135,-0.645,0.588,0.046,0.542,-0.555,-0.282,-0.272,0.375,0.336,0.336,-0.762,0.0,0.375,0.296,0.079,0.375,0.296,0.079,-0.459,-0.475,0.54,-1.302,-0.762,2724,1359,1365
2222,Gerald Wallace,2024,0.099,-0.032,0.131,-0.872,-0.194,-0.678,1.14,-0.024,1.164,-0.137,0.03,-0.167,-0.443,-0.057,-0.385,-0.359,0.176,0.176,-0.703,-0.527,-0.0,-0.359,-0.225,-0.134,-0.359,-0.225,-0.134,1.005,-0.337,-0.062,0.09,-0.152,-0.179,-0.11,-0.069,-0.337,-0.093,-0.244,0.364,0.001,0.363,0.026,-0.024,0.046,-0.201,-0.0,-0.0,-0.237,-0.237,0.0,-0.201,-0.14,-0.061,-0.201,-0.14,-0.061,-0.34,-0.342,0.039,0.058,-0.019,-1.051,-0.304,-0.747,0.804,-0.116,0.92,0.228,0.032,0.196,-0.417,-0.081,-0.339,-0.56,0.176,0.176,-0.764,-0.0,-0.56,-0.365,-0.195,-0.56,-0.365,-0.195,0.664,-0.679,-0.527,-0.237,-0.764,1753,866,887
203083,Andre Drummond,2024,-0.21,0.145,-0.355,-0.095,0.288,-0.383,-0.618,-0.159,-0.459,0.358,-0.021,0.379,-1.308,-0.065,-1.244,-1.07,1.93,1.93,-2.588,-0.658,0.0,-1.07,-0.361,-0.709,-1.07,-0.361,-0.709,-1.209,0.664,-1.389,-0.016,-1.373,-0.306,0.079,-0.385,-0.225,0.194,-0.419,-0.842,-0.011,-0.831,0.426,0.54,-0.118,0.327,0.527,0.527,-0.636,-0.109,0.0,0.327,0.281,0.046,0.327,0.281,0.046,-2.854,0.103,-1.599,0.129,-1.728,-0.402,0.367,-0.769,-0.843,0.035,-0.878,-0.483,-0.031,-0.452,-0.882,0.475,-1.362,-0.743,2.457,2.457,-0.767,0.001,-0.743,-0.08,-0.663,-0.743,-0.08,-0.663,-4.063,0.767,-0.658,-0.109,-0.766,77822,38857,38965
201943,Brandon Jennings,2024,-1.651,-0.295,-1.356,-0.478,-0.144,-0.334,-0.675,0.241,-0.916,-0.203,0.128,-0.331,-0.095,0.077,-0.168,0.665,0.706,0.706,-1.081,-0.375,0.0,0.665,0.548,0.117,0.665,0.548,0.117,-0.455,-0.184,-0.429,0.178,-0.607,0.19,-0.256,0.446,-0.251,-0.094,-0.157,-0.546,0.008,-0.554,-0.091,-0.157,0.064,0.047,0.081,0.081,-0.473,-0.392,0.0,0.047,-0.054,0.101,0.047,-0.054,0.101,-0.002,-0.45,-2.081,-0.117,-1.964,-0.287,-0.4,0.113,-0.927,0.147,-1.074,-0.75,0.136,-0.886,-0.186,-0.08,-0.104,0.712,0.787,0.787,-0.767,0.0,0.712,0.494,0.218,0.712,0.494,0.218,-0.457,-0.634,-0.375,-0.392,-0.767,17729,8847,8882
1627824,Guerschon Yabusele,2024,-0.149,-0.575,0.426,-0.291,-0.205,-0.086,0.202,0.204,-0.002,0.515,-0.013,0.528,-0.392,-0.009,-0.386,-0.018,0.145,0.145,-0.559,-0.414,0.0,-0.018,0.248,-0.266,-0.018,0.248,-0.266,-0.467,-0.89,0.188,0.1,0.088,0.321,0.001,0.32,0.423,-0.086,0.509,-0.656,0.034,-0.69,-0.098,-0.292,0.19,-0.149,-0.295,-0.295,-0.059,-0.354,0.0,-0.149,-0.085,-0.064,-0.149,-0.085,-0.064,0.07,-0.137,0.036,-0.475,0.511,0.029,-0.204,0.233,0.625,0.118,0.507,-0.143,0.02,-0.163,-0.49,-0.301,-0.195,-0.168,-0.151,-0.151,-0.768,0.0,-0.168,0.163,-0.331,-0.168,0.163,-0.331,-0.397,-1.027,-0.414,-0.354,-0.768,2401,1211,1190
1628475,Williams Jr.,2024,-0.163,0.275,-0.438,-0.315,-0.155,-0.16,0.113,0.116,-0.003,-0.236,-0.046,-0.19,-0.058,-0.042,-0.009,-0.015,-0.198,-0.198,-0.236,-0.434,0.0,-0.015,0.008,-0.023,-0.015,0.008,-0.023,-0.264,-0.162,-0.26,-0.114,-0.146,0.017,0.057,-0.04,-0.166,-0.1,-0.066,0.003,0.022,-0.019,-0.11,-0.119,0.006,-0.01,0.042,0.042,-0.38,-0.338,0.0,-0.01,-0.08,0.07,-0.01,-0.08,0.07,-0.057,-0.005,-0.423,0.161,-0.584,-0.299,-0.098,-0.201,-0.052,0.017,-0.069,-0.233,-0.024,-0.209,-0.168,-0.161,-0.003,-0.025,-0.156,-0.156,-0.772,0.0,-0.025,-0.071,0.046,-0.025,-0.071,0.046,-0.321,-0.167,-0.434,-0.338,-0.772,48,24,24
1630218,Woodard II,2024,-0.735,0.074,-0.809,-0.423,-0.13,-0.293,-0.364,0.015,-0.379,-0.022,-0.046,0.024,-0.15,0.028,-0.176,0.047,0.35,0.35,-0.838,-0.488,0.0,0.047,-0.032,0.079,0.047,-0.032,0.079,-0.698,-0.054,-0.1,0.1,-0.2,0.102,0.03,0.072,-0.234,-0.147,-0.087,-0.068,0.017,-0.085,-0.072,-0.136,0.061,-0.051,-0.061,-0.061,-0.223,-0.284,0.0,-0.051,-0.12,0.069,-0.051,-0.12,0.069,-0.063,0.044,-0.835,0.174,-1.009,-0.321,-0.1,-0.221,-0.598,-0.132,-0.466,-0.09,-0.029,-0.061,-0.222,-0.108,-0.115,-0.003,0.288,0.288,-0.772,0.0,-0.003,-0.151,0.148,-0.003,-0.151,0.148,-0.76,-0.01,-0.488,-0.284,-0.772,375,186,189
1628394,Anzejs Pasecniks,2024,-1.108,0.387,-1.495,-0.59,-0.183,-0.407,-0.701,-0.276,-0.425,-0.204,-0.056,-0.148,-0.207,0.146,-0.355,0.41,1.007,1.007,-0.905,0.102,0.0,0.41,0.27,0.14,0.41,0.27,0.14,-1.451,-0.571,-0.98,-0.035,-0.945,-0.326,-0.01,-0.316,-0.591,-0.086,-0.505,-0.028,0.021,-0.049,-0.232,-0.175,-0.058,0.234,0.099,0.099,-0.978,-0.879,0.0,0.234,0.108,0.126,0.234,0.108,0.126,0.126,-0.065,-2.089,0.352,-2.441,-0.917,-0.193,-0.724,-1.292,-0.362,-0.93,-0.232,-0.035,-0.197,-0.439,-0.029,-0.414,0.643,1.106,1.106,-0.777,0.0,0.643,0.379,0.264,0.643,0.379,0.264,-1.325,-0.636,0.102,-0.879,-0.777,1881,939,942
2210,Richard Jefferson,2024,0.043,-0.238,0.281,0.432,-0.061,0.493,0.016,0.176,-0.16,-0.167,0.078,-0.245,-0.329,0.027,-0.353,-0.179,-0.621,-0.621,-0.465,-1.086,0.0,-0.179,-0.108,-0.071,-0.179,-0.108,-0.071,-1.814,-0.313,0.178,0.336,-0.158,-0.412,0.084,-0.496,0.621,-0.005,0.626,-0.367,-0.049,-0.318,0.132,0.008,0.123,0.171,-0.173,-0.173,0.481,0.308,0.0,0.171,-0.381,0.552,0.171,-0.381,0.552,0.097,0.038,0.221,0.098,0.123,0.02,0.023,-0.003,0.637,0.171,0.466,-0.534,0.029,-0.563,-0.197,0.035,-0.23,-0.008,-0.794,-0.794,-0.778,0.0,-0.008,-0.489,0.481,-0.008,-0.489,0.481,-1.717,-0.275,-1.086,0.308,-0.778,20529,10248,10281
201952,Jeff Teague,2024,0.863,-0.072,0.935,0.028,0.148,-0.12,0.531,-0.07,0.601,0.376,0.009,0.367,0.639,0.277,0.368,0.166,-1.252,-1.252,1.668,0.416,0.0,0.166,0.272,-0.106,0.166,0.272,-0.106,-0.507,0.066,-0.916,0.068,-0.984,-0.345,-0.064,-0.281,-0.114,-0.13,0.016,-0.525,-0.043,-0.482,-0.084,-0.114,0.026,0.767,-0.963,-0.963,-0.233,-1.196,0.0,0.767,0.336,0.431,0.767,0.336,0.431,-1.208,-0.125,-0.053,-0.004,-0.049,-0.317,0.084,-0.401,0.417,-0.2,0.617,-0.149,-0.033,-0.116,0.555,0.163,0.394,0.932,-2.215,-2.215,-0.78,0.0,0.932,0.608,0.324,0.932,0.608,0.324,-1.715,-0.059,0.416,-1.196,-0.78,56733,28415,28318
1630637,Carlik Jones,2024,-0.7,0.249,-0.949,-0.235,-0.122,-0.113,-0.167,0.154,-0.321,-0.547,-0.046,-0.501,-0.157,0.097,-0.254,0.183,0.198,0.198,-0.674,-0.476,-0.0,0.183,-0.097,0.28,0.183,-0.097,0.28,-0.754,-0.062,-0.483,-0.131,-0.352,-0.161,0.08,-0.241,-0.065,-0.072,0.007,-0.126,0.019,-0.145,-0.09,-0.073,-0.019,0.061,0.205,0.205,-0.512,-0.307,0.0,0.061,0.02,0.041,0.061,0.02,0.041,0.019,0.022,-1.181,0.118,-1.299,-0.395,-0.042,-0.353,-0.231,0.082,-0.313,-0.673,-0.027,-0.646,-0.247,0.024,-0.273,0.244,0.403,0.403,-0.783,-0.0,0.244,-0.077,0.321,0.244,-0.077,0.321,-0.735,-0.04,-0.476,-0.307,-0.783,316,160,156
203479,Jamaal Franklin,2024,0.131,0.3,-0.169,-0.141,-0.083,-0.058,0.17,0.14,0.03,-0.198,-0.052,-0.146,-0.116,-0.059,-0.052,-0.19,-0.048,-0.048,-0.175,-0.223,-0.0,-0.19,-0.124,-0.066,-0.19,-0.124,-0.066,-0.071,0.006,-0.346,-0.087,-0.259,-0.084,0.047,-0.131,-0.133,-0.087,-0.046,-0.042,0.029,-0.071,-0.136,-0.128,-0.012,-0.073,-0.008,-0.008,-0.555,-0.563,0.0,-0.073,-0.073,-0.0,-0.073,-0.073,-0.0,-0.017,-0.021,-0.215,0.213,-0.428,-0.225,-0.036,-0.189,0.037,0.054,-0.017,-0.24,-0.023,-0.217,-0.253,-0.186,-0.064,-0.264,-0.057,-0.057,-0.786,-0.0,-0.264,-0.197,-0.067,-0.264,-0.197,-0.067,-0.088,-0.015,-0.223,-0.563,-0.786,110,55,55
1629118,Thomas Welsh,2024,-1.102,0.207,-1.309,-0.876,-0.253,-0.623,-0.062,0.071,-0.133,-0.371,-0.026,-0.345,-0.265,-0.124,-0.141,0.304,0.436,0.436,-1.063,-0.627,0.0,0.304,0.068,0.236,0.304,0.068,0.236,0.295,-0.541,-0.248,-0.062,-0.186,-0.05,0.063,-0.113,0.007,-0.072,0.079,-0.143,0.024,-0.167,-0.236,-0.233,-0.007,0.234,0.086,0.086,-0.25,-0.164,-0.0,0.234,0.104,0.13,0.234,0.104,0.13,0.077,0.04,-1.349,0.145,-1.494,-0.926,-0.19,-0.736,-0.055,-0.002,-0.053,-0.513,-0.001,-0.512,-0.502,-0.357,-0.148,0.538,0.522,0.522,-0.791,-0.0,0.538,0.172,0.366,0.538,0.172,0.366,0.372,-0.501,-0.627,-0.164,-0.791,756,378,378
1630530,Trey Murphy III,2024,-0.196,0.063,-0.259,-0.66,-0.107,-0.553,-1.114,0.328,-1.442,1.515,0.023,1.492,0.008,-0.154,0.157,-0.633,-0.132,-0.132,-0.821,-0.953,0.0,-0.633,-0.548,-0.085,-0.633,-0.548,-0.085,0.462,-0.658,-0.36,-0.13,-0.23,-0.382,-0.121,-0.261,-0.321,-0.243,-0.078,0.473,0.008,0.465,0.127,0.016,0.115,0.253,0.138,0.138,0.02,0.158,-0.0,0.253,0.245,0.008,0.253,0.245,0.008,0.254,-0.303,-0.553,-0.067,-0.486,-1.041,-0.228,-0.813,-1.433,0.086,-1.519,1.988,0.031,1.957,0.135,-0.138,0.272,-0.38,0.006,0.006,-0.795,0.001,-0.38,-0.303,-0.077,-0.38,-0.303,-0.077,0.716,-0.961,-0.953,0.158,-0.794,21604,10825,10779
203967,Dario Saric,2024,0.513,0.173,0.34,0.295,0.144,0.151,-0.08,0.179,-0.259,0.125,0.008,0.117,0.148,-0.061,0.214,-0.797,0.262,0.262,-0.136,0.126,0.0,-0.797,-0.142,-0.655,-0.797,-0.142,-0.655,2.089,0.635,-0.923,-0.095,-0.828,-0.327,0.016,-0.343,-0.018,-0.03,0.012,-0.483,0.006,-0.489,-0.084,-0.074,-0.01,-0.368,0.455,0.455,-1.375,-0.92,-0.0,-0.368,-0.312,-0.056,-0.368,-0.312,-0.056,-0.364,-0.092,-0.41,0.078,-0.488,-0.032,0.16,-0.192,-0.098,0.149,-0.247,-0.358,0.014,-0.372,0.064,-0.135,0.204,-1.165,0.718,0.718,-0.794,-0.0,-1.165,-0.453,-0.712,-1.165,-0.453,-0.712,1.724,0.544,0.126,-0.92,-0.794,45274,22635,22639
204054,Zoran Dragic,2024,0.102,0.338,-0.236,-0.288,-0.164,-0.124,-0.183,0.097,-0.28,0.235,-0.034,0.269,-0.153,-0.137,-0.01,-0.095,-0.105,-0.105,-0.146,-0.251,0.0,-0.095,-0.035,-0.06,-0.095,-0.035,-0.06,0.072,-0.129,-0.384,-0.115,-0.269,-0.091,0.059,-0.15,-0.197,-0.098,-0.099,0.019,0.015,0.004,-0.07,-0.045,-0.028,-0.115,0.024,0.024,-0.569,-0.545,0.0,-0.115,-0.049,-0.066,-0.115,-0.049,-0.066,-0.358,-0.073,-0.283,0.223,-0.506,-0.38,-0.105,-0.275,-0.379,-0.0,-0.379,0.253,-0.019,0.272,-0.222,-0.182,-0.038,-0.209,-0.082,-0.082,-0.796,0.0,-0.209,-0.084,-0.125,-0.209,-0.084,-0.125,-0.286,-0.202,-0.251,-0.545,-0.796,65,33,32
1628970,Miles Bridges,2024,2.195,0.133,2.062,0.821,0.319,0.502,0.539,0.559,-0.02,0.702,0.014,0.688,-0.374,-0.436,0.058,-0.666,-0.198,-0.198,1.155,0.957,0.0,-0.666,-0.821,0.155,-0.666,-0.821,0.155,2.759,0.81,-0.975,-0.135,-0.84,-1.256,-0.058,-1.198,0.048,-0.25,0.298,0.368,0.0,0.368,0.191,0.306,-0.11,-0.338,-0.632,-0.632,-1.122,-1.754,0.0,-0.338,0.068,-0.406,-0.338,0.068,-0.406,-2.952,-0.874,1.221,-0.002,1.223,-0.435,0.261,-0.696,0.587,0.309,0.278,1.071,0.015,1.056,-0.183,-0.13,-0.051,-1.004,-0.83,-0.83,-0.797,0.0,-1.004,-0.753,-0.251,-1.004,-0.753,-0.251,-0.193,-0.064,0.957,-1.754,-0.797,44864,22438,22426
1630994,Lundberg,2024,-0.21,0.329,-0.539,-0.118,-0.12,0.002,-0.1,0.171,-0.271,-0.321,-0.043,-0.278,-0.244,-0.229,-0.011,-0.075,0.326,0.326,-0.529,-0.203,-0.0,-0.075,0.005,-0.08,-0.075,0.005,-0.08,0.551,0.123,-0.543,-0.087,-0.456,-0.032,0.059,-0.091,-0.227,-0.097,-0.13,-0.197,0.02,-0.217,-0.163,-0.167,0.0,0.022,0.09,0.09,-0.684,-0.594,0.0,0.022,-0.038,0.06,0.022,-0.038,0.06,-0.113,-0.039,-0.754,0.242,-0.996,-0.15,-0.061,-0.089,-0.327,0.074,-0.401,-0.519,-0.023,-0.496,-0.407,-0.396,-0.011,-0.053,0.416,0.416,-0.797,-0.0,-0.053,-0.033,-0.02,-0.053,-0.033,-0.02,0.438,0.084,-0.203,-0.594,-0.797,192,97,95
203084,Harrison Barnes,2024,-0.487,-0.316,-0.171,-0.518,-0.189,-0.329,0.128,-0.257,0.385,0.219,0.063,0.156,0.388,0.164,0.222,0.421,-0.634,-0.634,0.322,-0.312,0.0,0.421,0.489,-0.068,0.421,0.489,-0.068,-1.6,-0.932,-0.483,0.043,-0.526,-0.85,0.033,-0.883,0.126,0.26,-0.134,0.198,0.017,0.181,0.146,0.223,-0.078,-0.238,0.086,0.086,-0.575,-0.489,0.0,-0.238,-0.335,0.097,-0.238,-0.335,0.097,-0.098,-0.344,-0.969,-0.273,-0.696,-1.368,-0.156,-1.212,0.254,0.003,0.251,0.418,0.08,0.338,0.535,0.386,0.144,0.183,-0.548,-0.548,-0.801,-0.0,0.183,0.154,0.029,0.183,0.154,0.029,-1.698,-1.276,-0.312,-0.489,-0.801,102669,51355,51314
101145,Monta Ellis,2024,-0.695,-0.256,-0.439,0.03,0.147,-0.117,-0.321,-0.273,-0.048,-0.148,-0.016,-0.132,0.301,0.376,-0.066,-0.41,0.175,0.175,-0.804,-0.629,0.0,-0.41,-0.249,-0.161,-0.41,-0.249,-0.161,-2.24,-0.124,-0.299,0.205,-0.504,-0.643,-0.206,-0.437,-0.249,-0.221,-0.028,0.388,-0.051,0.439,-0.328,-0.253,-0.081,1.005,-0.551,-0.551,0.378,-0.173,0.0,1.005,0.48,0.525,1.005,0.48,0.525,0.381,-0.364,-0.995,-0.051,-0.944,-0.613,-0.059,-0.554,-0.57,-0.494,-0.076,0.239,-0.067,0.306,-0.027,0.123,-0.147,0.595,-0.376,-0.376,-0.802,0.0,0.595,0.231,0.364,0.595,0.231,0.364,-1.86,-0.488,-0.629,-0.173,-0.802,31279,15696,15583
201574,Jason Thompson,2024,-1.319,-0.521,-0.798,0.056,-0.075,0.131,-0.518,-0.731,0.213,-0.336,-0.076,-0.26,0.115,0.138,-0.013,0.326,0.464,0.464,-0.878,-0.414,-0.0,0.326,0.353,-0.027,0.326,0.353,-0.027,-2.435,-0.528,-0.338,0.35,-0.688,-0.085,0.064,-0.149,-0.232,0.26,-0.492,-0.371,-0.029,-0.342,-0.172,-0.085,-0.095,-0.276,0.394,0.394,-0.786,-0.392,0.0,-0.276,-0.007,-0.269,-0.276,-0.007,-0.269,0.743,0.499,-1.657,-0.171,-1.486,-0.029,-0.011,-0.018,-0.749,-0.471,-0.278,-0.708,-0.106,-0.602,-0.057,0.053,-0.108,0.049,0.859,0.859,-0.806,-0.001,0.049,0.346,-0.297,0.049,0.346,-0.297,-1.693,-0.029,-0.414,-0.392,-0.807,9445,4712,4733
1628515,Isaiah Briscoe,2024,-0.344,-0.106,-0.238,-0.581,-0.194,-0.387,-0.155,-0.062,-0.093,0.498,-0.033,0.531,-0.073,-0.021,-0.046,0.274,-0.823,-0.823,-0.143,-0.966,0.0,0.274,-0.102,0.376,0.274,-0.102,0.376,-0.389,-0.667,0.654,-0.077,0.731,0.064,0.073,-0.009,-0.041,-0.055,0.014,0.708,0.011,0.697,-0.089,-0.049,-0.042,-0.62,0.212,0.212,-0.055,0.157,-0.0,-0.62,-0.349,-0.271,-0.62,-0.349,-0.271,0.806,0.13,0.311,-0.183,0.494,-0.517,-0.121,-0.396,-0.196,-0.117,-0.079,1.207,-0.021,1.228,-0.162,-0.07,-0.089,-0.346,-0.611,-0.611,-0.809,-0.0,-0.346,-0.45,0.104,-0.346,-0.45,0.104,0.416,-0.536,-0.966,0.157,-0.809,2266,1129,1137
1631131,Oscar Tshiebwe,2024,-0.498,0.33,-0.828,-0.289,-0.143,-0.146,-0.11,0.075,-0.185,-0.429,-0.048,-0.381,-0.028,0.038,-0.06,-0.197,0.142,0.142,-0.723,-0.581,0.0,-0.197,-0.088,-0.109,-0.197,-0.088,-0.109,-0.307,-0.077,-0.386,-0.085,-0.301,-0.056,0.069,-0.125,-0.147,-0.103,-0.044,-0.098,0.019,-0.117,-0.148,-0.142,-0.009,0.129,0.176,0.176,-0.405,-0.229,0.0,0.129,0.013,0.116,0.129,0.013,0.116,0.071,-0.054,-0.883,0.245,-1.128,-0.345,-0.073,-0.272,-0.257,-0.028,-0.229,-0.526,-0.028,-0.498,-0.176,-0.104,-0.069,-0.068,0.318,0.318,-0.81,0.0,-0.068,-0.075,0.007,-0.068,-0.075,0.007,-0.235,-0.131,-0.581,-0.229,-0.81,190,95,95
1641716,Jarace Walker,2024,0.264,-0.108,0.372,0.178,-0.059,0.237,0.163,0.005,0.158,0.031,-0.041,0.072,-0.135,-0.107,-0.026,-0.347,-0.078,-0.078,-0.218,-0.296,0.0,-0.347,-0.132,-0.215,-0.347,-0.132,-0.215,-0.303,0.335,-0.714,0.053,-0.767,0.033,0.043,-0.01,-0.079,-0.019,-0.06,-0.721,0.023,-0.744,-0.135,-0.203,0.066,0.211,0.118,0.118,-0.638,-0.52,0.0,0.211,-0.11,0.321,0.211,-0.11,0.321,0.772,-0.055,-0.451,-0.055,-0.396,0.21,-0.016,0.226,0.084,-0.015,0.099,-0.69,-0.018,-0.672,-0.27,-0.309,0.04,-0.136,0.04,0.04,-0.816,0.001,-0.136,-0.241,0.105,-0.136,-0.241,0.105,0.469,0.28,-0.296,-0.52,-0.815,1580,787,793
1628419,Cameron Oliver,2024,0.588,0.123,0.465,-0.475,-0.145,-0.33,0.436,0.156,0.28,0.504,-0.016,0.52,-0.263,-0.209,-0.054,-0.052,-0.113,-0.113,0.273,0.16,0.0,-0.052,0.234,-0.286,-0.052,0.234,-0.286,1.266,-0.112,-0.913,-0.119,-0.794,-0.401,-0.01,-0.391,-0.379,-0.078,-0.301,-0.014,0.027,-0.041,-0.138,-0.139,-0.002,-0.225,0.293,0.293,-1.276,-0.983,0.0,-0.225,-0.093,-0.132,-0.225,-0.093,-0.132,-0.482,-0.392,-0.326,0.004,-0.33,-0.877,-0.156,-0.721,0.057,0.079,-0.022,0.49,0.011,0.479,-0.401,-0.348,-0.057,-0.277,0.179,0.179,-0.823,0.0,-0.277,0.141,-0.418,-0.277,0.141,-0.418,0.785,-0.503,0.16,-0.983,-0.823,547,270,277
1629203,Jemerrio Jones,2024,-0.028,0.31,-0.338,-0.077,-0.117,0.04,-0.339,0.133,-0.472,0.078,-0.031,0.109,-0.324,-0.327,0.005,-0.35,0.058,0.058,-0.702,-0.644,-0.0,-0.35,-0.235,-0.115,-0.35,-0.235,-0.115,0.368,0.078,0.211,-0.049,0.26,0.123,0.078,0.045,0.047,-0.119,0.166,0.09,0.016,0.074,-0.083,-0.091,0.005,-0.251,-0.059,-0.059,-0.123,-0.182,0.0,-0.251,-0.148,-0.103,-0.251,-0.148,-0.103,-0.143,-0.007,0.182,0.261,-0.079,0.045,-0.04,0.085,-0.293,0.013,-0.306,0.169,-0.014,0.183,-0.406,-0.417,0.01,-0.6,-0.001,-0.001,-0.826,-0.0,-0.6,-0.384,-0.216,-0.6,-0.384,-0.216,0.225,0.07,-0.644,-0.182,-0.826,460,227,233
1629006,Josh Okogie,2024,-1.503,0.126,-1.629,-1.012,0.003,-1.015,0.042,0.376,-0.334,-0.659,0.031,-0.69,0.365,0.831,-0.471,0.013,-0.013,-0.013,-1.125,-1.138,0.0,0.013,0.036,-0.023,0.013,0.036,-0.023,-2.093,-0.453,-0.498,-0.064,-0.434,-0.024,0.051,-0.075,-0.129,0.03,-0.159,-0.281,0.025,-0.306,-0.133,-0.226,0.096,1.007,-0.065,-0.065,0.376,0.311,0.0,1.007,0.157,0.85,1.007,0.157,0.85,0.315,-0.025,-2.001,0.062,-2.063,-1.037,0.053,-1.09,-0.086,0.406,-0.492,-0.94,0.056,-0.996,0.232,0.605,-0.375,1.02,-0.077,-0.077,-0.827,0.0,1.02,0.194,0.826,1.02,0.194,0.826,-1.778,-0.479,-1.138,0.311,-0.827,31690,15817,15873
201583,Ryan Anderson,2024,0.181,-0.364,0.545,0.144,0.185,-0.041,0.68,0.656,0.024,-0.279,0.228,-0.507,0.352,-0.183,0.544,0.342,0.344,0.344,0.875,1.219,0.0,0.342,0.499,-0.157,0.342,0.499,-0.157,0.722,-0.188,-1.144,0.167,-1.311,-0.889,-0.438,-0.451,-0.501,-0.123,-0.378,0.079,0.009,0.07,0.002,0.042,-0.043,-0.679,-0.225,-0.225,-1.821,-2.046,0.0,-0.679,-0.531,-0.148,-0.679,-0.531,-0.148,-0.135,-0.925,-0.962,-0.197,-0.765,-0.746,-0.253,-0.493,0.18,0.534,-0.354,-0.199,0.237,-0.436,0.354,-0.14,0.5,-0.337,0.118,0.118,-0.827,0.0,-0.337,-0.033,-0.304,-0.337,-0.033,-0.304,0.587,-1.113,1.219,-2.046,-0.827,32848,16461,16387
201959,Taj Gibson,2024,-2.251,-0.027,-2.224,-0.499,-0.032,-0.467,-0.992,-0.805,-0.187,-0.733,-0.11,-0.623,-0.649,-0.72,0.075,0.344,1.411,1.411,-2.556,-1.145,0.0,0.344,0.372,-0.028,0.344,0.372,-0.028,-2.492,-0.45,0.219,0.04,0.179,0.065,-0.047,0.112,0.243,0.078,0.165,-0.129,0.012,-0.141,0.219,0.339,-0.121,-0.077,-0.045,-0.045,0.361,0.316,0.0,-0.077,-0.201,0.124,-0.077,-0.201,0.124,-0.422,0.024,-2.031,0.013,-2.044,-0.433,-0.079,-0.354,-0.749,-0.727,-0.022,-0.862,-0.098,-0.764,-0.43,-0.38,-0.046,0.267,1.366,1.366,-0.829,0.0,0.267,0.171,0.096,0.267,0.171,0.096,-2.913,-0.426,-1.145,0.316,-0.829,55212,27582,27630
1629656,Quentin Grimes,2024,-1.216,-0.12,-1.096,-0.836,-0.344,-0.492,-0.22,0.272,-0.492,-0.04,-0.01,-0.03,-0.223,-0.096,-0.128,0.967,-0.876,-0.876,-0.472,-1.348,0.0,0.967,0.097,0.87,0.967,0.097,0.87,-0.356,-0.553,0.419,-0.045,0.464,0.095,0.023,0.072,-0.191,-0.11,-0.081,0.56,0.026,0.534,-0.088,-0.032,-0.056,0.059,0.129,0.129,0.39,0.519,0.0,0.059,-0.081,0.14,0.059,-0.081,0.14,0.235,0.002,-0.797,-0.165,-0.632,-0.742,-0.321,-0.421,-0.41,0.162,-0.572,0.52,0.016,0.504,-0.31,-0.128,-0.184,1.026,-0.746,-0.746,-0.829,0.0,1.026,0.015,1.011,1.026,0.015,1.011,-0.121,-0.551,-1.348,0.519,-0.829,16604,8270,8334
1630259,Ford,2024,-0.171,0.27,-0.441,-0.314,-0.154,-0.16,0.041,0.134,-0.093,-0.168,-0.045,-0.123,-0.156,-0.12,-0.031,0.045,-0.038,-0.038,-0.282,-0.32,0.0,0.045,0.006,0.039,0.045,0.006,0.039,-0.238,-0.181,-0.366,-0.091,-0.275,-0.038,0.059,-0.097,-0.099,-0.094,-0.005,-0.138,0.019,-0.157,-0.077,-0.065,-0.015,-0.066,-0.002,-0.002,-0.509,-0.511,0.0,-0.066,-0.074,0.008,-0.066,-0.074,0.008,-0.225,-0.007,-0.538,0.179,-0.717,-0.353,-0.095,-0.258,-0.058,0.04,-0.098,-0.306,-0.026,-0.28,-0.233,-0.185,-0.046,-0.021,-0.04,-0.04,-0.831,0.0,-0.021,-0.068,0.047,-0.021,-0.068,0.047,-0.463,-0.188,-0.32,-0.511,-0.831,88,45,43
1630539,Kai Jones,2024,-1.253,-0.474,-0.779,-0.32,0.069,-0.389,-0.548,0.042,-0.59,0.089,-0.034,0.123,0.193,0.257,-0.061,-0.021,0.241,0.241,-1.081,-0.84,-0.0,-0.021,0.178,-0.199,-0.021,0.178,-0.199,-2.154,0.287,0.871,-0.023,0.894,0.855,-0.11,0.965,-0.259,-0.186,-0.073,0.298,0.014,0.284,-0.214,0.016,-0.23,0.003,-0.656,-0.656,0.66,0.004,-0.0,0.003,-0.013,0.016,0.003,-0.013,0.016,0.073,-0.072,-0.382,-0.497,0.115,0.535,-0.041,0.576,-0.807,-0.144,-0.663,0.387,-0.02,0.407,-0.021,0.273,-0.291,-0.018,-0.415,-0.415,-0.836,-0.0,-0.018,0.165,-0.183,-0.018,0.165,-0.183,-2.081,0.215,-0.84,0.004,-0.836,2551,1277,1274
1627863,Danuel House Jr.,2024,-0.485,0.076,-0.561,-0.729,-0.01,-0.719,0.234,0.5,-0.266,-0.066,0.018,-0.084,0.35,-0.005,0.355,0.332,-0.833,-0.833,0.197,-0.636,-0.0,0.332,0.089,0.243,0.332,0.089,0.243,-1.285,-0.084,-0.57,-0.13,-0.44,-0.481,0.069,-0.55,-0.211,-0.031,-0.18,0.252,0.013,0.239,0.088,0.066,0.024,0.178,0.103,0.103,-0.304,-0.201,0.0,0.178,0.326,-0.148,0.178,0.326,-0.148,-0.722,-0.001,-1.058,-0.054,-1.004,-1.212,0.058,-1.27,0.022,0.468,-0.446,0.186,0.031,0.155,0.438,0.061,0.38,0.51,-0.73,-0.73,-0.837,0.0,0.51,0.415,0.095,0.51,0.415,0.095,-2.007,-0.085,-0.636,-0.201,-0.837,28044,14011,14033
1627742,Brandon Ingram,2024,0.971,0.105,0.866,0.392,0.062,0.33,0.282,-0.233,0.515,0.192,-0.046,0.238,0.253,0.341,-0.095,-0.266,-0.648,-0.648,0.958,0.31,0.0,-0.266,0.016,-0.282,-0.266,0.016,-0.282,-0.495,0.013,-0.263,-0.149,-0.114,-0.161,-0.094,-0.067,-0.202,-0.213,0.011,0.249,0.007,0.242,-0.164,-0.281,0.117,-0.335,-0.386,-0.386,-0.762,-1.148,0.0,-0.335,-0.118,-0.217,-0.335,-0.118,-0.217,-0.166,-0.257,0.708,-0.044,0.752,0.231,-0.032,0.263,0.08,-0.446,0.526,0.441,-0.039,0.48,0.09,0.06,0.022,-0.601,-1.033,-1.033,-0.838,-0.001,-0.601,-0.102,-0.499,-0.601,-0.102,-0.499,-0.661,-0.244,0.31,-1.148,-0.839,65217,32600,32617
1628450,Mika,2024,-0.028,0.39,-0.418,-0.35,-0.156,-0.194,0.206,0.131,0.075,-0.274,-0.044,-0.23,-0.098,-0.068,-0.024,-0.098,-0.09,-0.09,-0.224,-0.314,0.0,-0.098,-0.046,-0.052,-0.098,-0.046,-0.052,-0.154,-0.15,-0.446,-0.113,-0.333,0.002,0.08,-0.078,-0.251,-0.087,-0.164,-0.084,0.019,-0.103,-0.102,-0.088,-0.017,-0.074,0.094,0.094,-0.622,-0.528,0.0,-0.074,-0.093,0.019,-0.074,-0.093,0.019,-0.351,0.004,-0.473,0.277,-0.75,-0.348,-0.076,-0.272,-0.045,0.044,-0.089,-0.357,-0.024,-0.333,-0.2,-0.156,-0.04,-0.172,0.004,0.004,-0.842,0.0,-0.172,-0.139,-0.033,-0.172,-0.139,-0.033,-0.505,-0.146,-0.314,-0.528,-0.842,79,39,40
202951,Jeremy Pargo,2024,0.093,0.273,-0.18,-0.119,-0.105,-0.014,-0.026,0.106,-0.132,-0.035,-0.045,0.01,-0.045,-0.116,0.081,0.083,-0.377,-0.377,0.131,-0.246,0.0,0.083,0.161,-0.078,0.083,0.161,-0.078,-0.091,-0.025,-0.454,-0.104,-0.35,-0.067,0.076,-0.143,-0.297,-0.106,-0.191,0.014,0.015,-0.001,-0.112,-0.088,-0.026,-0.017,-0.014,-0.014,-0.583,-0.597,0.0,-0.017,0.04,-0.057,-0.017,0.04,-0.057,-0.265,0.038,-0.36,0.169,-0.529,-0.186,-0.029,-0.157,-0.322,0.001,-0.323,-0.021,-0.03,0.009,-0.157,-0.205,0.054,0.066,-0.391,-0.391,-0.843,0.0,0.066,0.202,-0.136,0.066,0.202,-0.136,-0.355,0.014,-0.246,-0.597,-0.843,179,89,90
1627760,Barber,2024,-0.308,0.133,-0.441,-0.329,-0.137,-0.192,0.024,0.102,-0.078,-0.136,-0.047,-0.089,-0.083,-0.039,-0.038,-0.041,0.045,0.045,-0.432,-0.387,0.0,-0.041,-0.037,-0.004,-0.041,-0.037,-0.004,-0.077,-0.11,-0.466,-0.115,-0.351,-0.11,0.048,-0.158,-0.189,-0.1,-0.089,-0.052,0.019,-0.071,-0.098,-0.089,-0.012,0.017,0.09,0.09,-0.547,-0.457,0.0,0.017,-0.006,0.023,0.017,-0.006,0.023,-0.357,-0.103,-0.773,0.018,-0.791,-0.438,-0.088,-0.35,-0.166,0.002,-0.168,-0.187,-0.027,-0.16,-0.181,-0.128,-0.05,-0.023,0.135,0.135,-0.844,0.0,-0.023,-0.043,0.02,-0.023,-0.043,0.02,-0.435,-0.212,-0.387,-0.457,-0.844,58,30,28
1630564,Gray,2024,0.197,0.472,-0.275,-0.394,-0.08,-0.314,-0.015,0.142,-0.157,0.134,-0.044,0.178,-0.116,-0.155,0.045,0.144,-0.224,-0.224,0.225,0.001,0.0,0.144,0.008,0.136,0.144,0.008,0.136,0.697,0.041,-0.634,-0.055,-0.579,0.035,0.053,-0.018,-0.177,-0.11,-0.067,-0.437,0.017,-0.454,-0.099,-0.111,0.01,-0.165,0.052,0.052,-0.898,-0.846,0.0,-0.165,-0.157,-0.008,-0.165,-0.157,-0.008,-0.386,-0.065,-0.435,0.417,-0.852,-0.359,-0.027,-0.332,-0.191,0.032,-0.223,-0.302,-0.026,-0.276,-0.215,-0.266,0.054,-0.021,-0.172,-0.172,-0.845,0.0,-0.021,-0.149,0.128,-0.021,-0.149,0.128,0.311,-0.024,0.001,-0.846,-0.845,305,153,152
1631321,Sidy Cissoko,2024,-0.154,0.401,-0.555,-0.362,-0.056,-0.306,0.43,0.199,0.231,-0.623,-0.039,-0.584,-0.286,-0.246,-0.039,-0.156,-0.481,-0.481,-0.596,-1.077,0.0,-0.156,-0.173,0.017,-0.156,-0.173,0.017,-0.044,0.055,0.643,-0.083,0.726,0.246,0.075,0.171,0.038,-0.089,0.127,0.442,0.018,0.424,-0.1,-0.08,-0.022,-0.166,-0.146,-0.146,0.377,0.231,0.0,-0.166,-0.114,-0.052,-0.166,-0.114,-0.052,0.593,0.055,0.489,0.318,0.171,-0.115,0.019,-0.134,0.467,0.109,0.358,-0.181,-0.021,-0.16,-0.386,-0.326,-0.061,-0.322,-0.626,-0.626,-0.846,0.0,-0.322,-0.286,-0.036,-0.322,-0.286,-0.036,0.549,0.111,-1.077,0.231,-0.846,602,299,303
203961,Eric Moreland,2024,-1.634,-0.062,-1.572,-0.768,-0.151,-0.617,-0.791,-0.305,-0.486,-0.013,-0.013,0.0,-0.589,-0.659,0.069,-0.166,-0.44,-0.44,-2.389,-2.829,-0.0,-0.166,-0.32,0.154,-0.166,-0.32,0.154,-1.789,-0.607,0.888,0.169,0.719,0.346,0.077,0.269,0.195,-0.197,0.392,0.178,-0.022,0.2,0.306,0.259,0.044,0.664,0.124,0.124,1.858,1.982,-0.0,0.664,0.501,0.163,0.664,0.501,0.163,-1.423,-0.083,-0.747,0.107,-0.854,-0.423,-0.074,-0.349,-0.596,-0.502,-0.094,0.165,-0.035,0.2,-0.283,-0.399,0.114,0.498,-0.316,-0.316,-0.847,-0.0,0.498,0.182,0.316,0.498,0.182,0.316,-3.211,-0.69,-2.829,1.982,-0.847,4233,2102,2131
1629017,Khyri Thomas,2024,0.651,0.314,0.337,-0.616,-0.135,-0.481,-0.247,0.203,-0.45,1.2,-0.001,1.201,-0.042,-0.075,0.037,-0.365,-0.573,-0.573,0.244,-0.329,-0.0,-0.365,0.004,-0.369,-0.365,0.004,-0.369,0.39,-0.358,0.017,-0.087,0.104,-0.19,-0.025,-0.165,-0.101,-0.162,0.061,0.395,0.03,0.365,-0.369,-0.403,0.032,-0.149,-0.019,-0.019,-0.501,-0.52,0.0,-0.149,0.022,-0.171,-0.149,0.022,-0.171,0.067,-0.295,0.667,0.227,0.44,-0.807,-0.161,-0.646,-0.348,0.042,-0.39,1.595,0.029,1.566,-0.41,-0.478,0.069,-0.514,-0.591,-0.591,-0.849,0.0,-0.514,0.026,-0.54,-0.514,0.026,-0.54,0.457,-0.653,-0.329,-0.52,-0.849,2012,994,1018
1629028,Deandre Ayton,2024,-0.207,0.278,-0.485,0.215,-0.222,0.437,-0.396,-1.354,0.958,-0.304,-0.082,-0.222,-0.798,-1.016,0.219,-0.856,0.528,0.528,-1.861,-1.333,0.0,-0.856,-0.835,-0.021,-0.856,-0.835,-0.021,0.438,-0.141,-0.037,-0.239,0.202,-0.58,0.113,-0.693,0.164,0.038,0.126,0.618,-0.005,0.623,0.664,0.622,0.047,-0.299,0.154,0.154,0.328,0.482,0.0,-0.299,0.162,-0.461,-0.299,0.162,-0.461,-1.284,-0.367,-0.244,0.039,-0.283,-0.364,-0.109,-0.255,-0.232,-1.316,1.084,0.313,-0.088,0.401,-0.133,-0.394,0.265,-1.155,0.682,0.682,-0.851,0.0,-1.155,-0.673,-0.482,-1.155,-0.673,-0.482,-0.846,-0.508,-1.333,0.482,-0.851,50431,25226,25205
1630183,Jaden McDaniels,2024,0.15,0.209,-0.059,-0.629,0.063,-0.692,-0.153,0.102,-0.255,0.723,-0.008,0.731,-0.372,-0.284,-0.093,-0.343,-0.442,-0.442,-0.565,-1.007,0.0,-0.343,-0.243,-0.1,-0.343,-0.243,-0.1,0.978,0.018,0.034,-0.168,0.202,1.134,0.056,1.078,-0.134,-0.084,-0.05,-0.798,0.005,-0.803,-0.362,-0.295,-0.066,0.275,0.208,0.208,-0.053,0.155,-0.0,0.275,0.258,0.017,0.275,0.258,0.017,0.214,0.485,0.184,0.041,0.143,0.504,0.118,0.386,-0.287,0.018,-0.305,-0.074,-0.002,-0.072,-0.734,-0.579,-0.159,-0.068,-0.234,-0.234,-0.852,0.001,-0.068,0.015,-0.083,-0.068,0.015,-0.083,1.192,0.503,-1.007,0.155,-0.851,34779,17364,17415
101106,Andrew Bogut,2024,-1.811,-0.329,-1.482,-0.58,-0.276,-0.304,-0.975,-0.466,-0.509,0.073,0.2,-0.127,-1.473,-1.443,-0.017,-1.087,0.44,0.44,-4.371,-3.931,-0.0,-1.087,-0.635,-0.452,-1.087,-0.635,-0.452,0.867,-0.791,2.552,0.253,2.299,1.333,0.367,0.966,0.739,0.579,0.16,0.227,0.011,0.216,0.273,0.086,0.181,0.161,0.091,0.091,2.986,3.077,-0.0,0.161,-0.114,0.275,0.161,-0.114,0.275,2.109,1.043,0.739,-0.076,0.815,0.752,0.09,0.662,-0.237,0.112,-0.349,0.3,0.211,0.089,-1.2,-1.357,0.164,-0.926,0.531,0.531,-0.854,-0.0,-0.926,-0.75,-0.176,-0.926,-0.75,-0.176,2.976,0.252,-3.931,3.077,-0.854,18306,9141,9165
202399,Jeff Adrien,2024,-0.324,0.131,-0.455,-0.337,-0.102,-0.235,0.067,-0.07,0.137,-0.185,-0.049,-0.136,-0.336,-0.047,-0.292,0.201,0.255,0.255,-0.459,-0.204,0.0,0.201,0.214,-0.013,0.201,0.214,-0.013,0.445,-0.264,-0.378,0.001,-0.379,-0.383,0.025,-0.408,-0.225,-0.075,-0.15,0.229,0.006,0.223,-0.1,-0.202,0.097,-0.271,0.098,0.098,-0.749,-0.651,0.0,-0.271,0.02,-0.291,-0.271,0.02,-0.291,-0.549,-0.19,-0.704,0.132,-0.836,-0.721,-0.077,-0.644,-0.159,-0.146,-0.013,0.044,-0.043,0.087,-0.436,-0.249,-0.195,-0.07,0.354,0.354,-0.855,0.0,-0.07,0.234,-0.304,-0.07,0.234,-0.304,-0.105,-0.454,-0.204,-0.651,-0.855,912,458,454
1627772,Daniel Hamilton,2024,-0.392,0.195,-0.587,-0.398,-0.082,-0.316,0.083,0.186,-0.103,-0.272,-0.045,-0.227,-0.084,0.147,-0.23,0.116,-0.098,-0.098,-0.36,-0.458,0.0,0.116,-0.078,0.194,0.116,-0.078,0.194,0.169,0.05,-0.04,-0.02,-0.02,-0.249,0.052,-0.301,-0.131,-0.122,-0.009,0.36,0.026,0.334,-0.303,-0.283,-0.023,-0.283,0.227,0.227,-0.626,-0.399,-0.0,-0.283,-0.016,-0.267,-0.283,-0.016,-0.267,0.416,-0.095,-0.43,0.175,-0.605,-0.647,-0.03,-0.617,-0.047,0.064,-0.111,0.089,-0.018,0.107,-0.387,-0.136,-0.253,-0.168,0.129,0.129,-0.857,0.0,-0.168,-0.094,-0.074,-0.168,-0.094,-0.074,0.585,-0.045,-0.458,-0.399,-0.857,873,435,438
1626254,Maurice Ndour,2024,-1.115,0.238,-1.353,-0.497,-0.094,-0.403,-0.317,0.047,-0.364,-0.539,-0.019,-0.52,-0.443,-0.274,-0.173,0.091,0.456,0.456,-1.467,-1.011,0.0,0.091,0.0,0.091,0.091,0.0,0.091,0.117,-0.262,-0.235,-0.013,-0.222,-0.016,0.122,-0.138,-0.184,-0.052,-0.132,-0.022,0.014,-0.036,-0.002,0.015,-0.02,0.433,-0.042,-0.042,0.196,0.154,0.0,0.433,0.065,0.368,0.433,0.065,0.368,0.687,0.184,-1.35,0.225,-1.575,-0.514,0.028,-0.542,-0.501,-0.005,-0.496,-0.56,-0.005,-0.555,-0.445,-0.258,-0.193,0.524,0.414,0.414,-0.857,0.0,0.524,0.066,0.458,0.524,0.066,0.458,0.804,-0.078,-1.011,0.154,-0.857,1393,694,699
1630929,Drell,2024,0.042,0.297,-0.255,-0.16,-0.147,-0.013,-0.063,0.118,-0.181,-0.032,-0.045,0.013,-0.099,-0.004,-0.091,-0.032,-0.09,-0.09,-0.089,-0.179,0.0,-0.032,-0.041,0.009,-0.032,-0.041,0.009,-0.157,-0.166,-0.5,-0.082,-0.418,-0.048,0.039,-0.087,-0.267,-0.132,-0.135,-0.103,0.019,-0.122,-0.126,-0.137,0.008,-0.044,-0.009,-0.009,-0.67,-0.679,0.0,-0.044,-0.112,0.068,-0.044,-0.112,0.068,-0.296,-0.047,-0.458,0.215,-0.673,-0.208,-0.108,-0.1,-0.33,-0.014,-0.316,-0.135,-0.026,-0.109,-0.225,-0.141,-0.083,-0.076,-0.099,-0.099,-0.858,0.0,-0.076,-0.153,0.077,-0.076,-0.153,0.077,-0.453,-0.214,-0.179,-0.679,-0.858,131,64,67
1631094,Paolo Banchero,2024,-0.021,0.252,-0.273,-0.131,-0.058,-0.073,-0.62,-0.052,-0.568,0.478,-0.005,0.483,0.354,0.955,-0.603,0.09,-0.205,-0.205,0.423,0.218,0.0,0.09,0.125,-0.035,0.09,0.125,-0.035,-2.41,-0.199,-1.556,-0.303,-1.253,-0.461,-0.07,-0.391,-0.268,-0.068,-0.2,-0.524,0.014,-0.538,-0.53,-0.299,-0.23,0.79,0.219,0.219,-1.296,-1.077,0.0,0.79,0.431,0.359,0.79,0.431,0.359,0.252,-0.499,-1.578,-0.051,-1.527,-0.592,-0.128,-0.464,-0.889,-0.121,-0.768,-0.046,0.01,-0.056,-0.176,0.656,-0.832,0.88,0.014,0.014,-0.859,0.001,0.88,0.555,0.325,0.88,0.555,0.325,-2.158,-0.698,0.218,-1.077,-0.858,22400,11215,11185
1629600,Cumberland,2024,-0.336,0.372,-0.708,-0.371,-0.163,-0.208,-0.16,0.086,-0.246,-0.177,-0.048,-0.129,-0.083,0.058,-0.137,0.045,0.131,0.131,-0.374,-0.243,0.0,0.045,0.06,-0.015,0.045,0.06,-0.015,-0.239,-0.085,-0.537,-0.131,-0.406,-0.044,0.068,-0.112,-0.219,-0.105,-0.114,-0.143,0.02,-0.163,-0.124,-0.112,-0.015,-0.014,0.058,0.058,-0.675,-0.617,0.0,-0.014,-0.01,-0.004,-0.014,-0.01,-0.004,-0.275,-0.025,-0.873,0.241,-1.114,-0.414,-0.094,-0.32,-0.379,-0.019,-0.36,-0.321,-0.029,-0.292,-0.207,-0.055,-0.153,0.031,0.189,0.189,-0.86,0.0,0.031,0.049,-0.018,0.031,0.049,-0.018,-0.514,-0.11,-0.243,-0.617,-0.86,51,26,25
1627850,Marshall Plumlee,2024,-0.25,0.381,-0.631,-0.172,-0.133,-0.039,0.341,0.008,0.333,-0.8,-0.029,-0.771,-0.007,-0.079,0.078,-0.153,-0.097,-0.097,-0.41,-0.507,0.0,-0.153,0.063,-0.216,-0.153,0.063,-0.216,-0.822,-0.203,-0.197,-0.045,-0.152,-0.431,-0.079,-0.352,-0.052,-0.215,0.163,0.331,0.017,0.314,-0.157,-0.217,0.057,0.112,-0.113,-0.113,-0.242,-0.355,0.0,0.112,0.15,-0.038,0.112,0.15,-0.038,0.548,-0.366,-0.447,0.336,-0.783,-0.603,-0.213,-0.39,0.289,-0.207,0.496,-0.469,-0.012,-0.457,-0.164,-0.296,0.136,-0.041,-0.21,-0.21,-0.862,0.0,-0.041,0.214,-0.255,-0.041,0.214,-0.255,-0.274,-0.57,-0.507,-0.355,-0.862,1142,567,575
1628421,Devin Robinson,2024,-0.04,0.385,-0.425,-0.005,-0.079,0.074,-0.084,0.153,-0.237,-0.336,-0.039,-0.297,-0.18,-0.053,-0.125,0.297,-0.28,-0.28,0.077,-0.203,0.0,0.297,0.03,0.267,0.297,0.03,0.267,-0.088,0.042,-0.602,-0.051,-0.551,0.15,0.074,0.076,-0.184,-0.107,-0.077,-0.517,0.021,-0.538,-0.127,-0.211,0.08,-0.157,0.227,0.227,-0.886,-0.659,0.0,-0.157,-0.142,-0.015,-0.157,-0.142,-0.015,-0.056,0.121,-0.64,0.334,-0.974,0.146,-0.004,0.15,-0.268,0.046,-0.314,-0.852,-0.018,-0.834,-0.307,-0.264,-0.045,0.14,-0.053,-0.053,-0.862,0.0,0.14,-0.112,0.252,0.14,-0.112,0.252,-0.144,0.163,-0.203,-0.659,-0.862,428,211,217
1628984,Devonte' Graham,2024,-0.934,0.14,-1.074,-0.672,-0.082,-0.59,0.085,0.51,-0.425,-0.487,0.042,-0.529,0.38,0.277,0.102,0.294,0.098,0.098,-0.26,-0.162,0.0,0.294,0.071,0.223,0.294,0.071,0.223,1.569,0.199,-0.857,-0.011,-0.846,-0.488,0.042,-0.53,-0.239,-0.135,-0.104,-0.119,-0.003,-0.116,0.162,0.179,-0.012,0.575,-0.58,-0.58,-0.12,-0.7,0.0,0.575,0.219,0.356,0.575,0.219,0.356,-1.731,-0.409,-1.79,0.129,-1.919,-1.16,-0.04,-1.12,-0.153,0.376,-0.529,-0.606,0.039,-0.645,0.543,0.456,0.089,0.869,-0.482,-0.482,-0.862,0.0,0.869,0.291,0.578,0.869,0.291,0.578,-0.162,-0.21,-0.162,-0.7,-0.862,34147,17104,17043
1628249,Mitchell Creek,2024,-0.141,0.371,-0.512,-0.517,-0.109,-0.408,0.146,0.119,0.027,-0.141,-0.045,-0.096,-0.183,-0.149,-0.03,-0.088,0.01,0.01,-0.412,-0.402,-0.0,-0.088,-0.031,-0.057,-0.088,-0.031,-0.057,-0.045,-0.129,-0.267,-0.04,-0.227,-0.024,0.048,-0.072,-0.278,-0.111,-0.167,0.075,0.019,0.056,-0.017,-0.005,-0.015,0.005,-0.182,-0.182,-0.279,-0.461,0.0,0.005,0.012,-0.007,0.005,0.012,-0.007,-0.217,-0.049,-0.405,0.331,-0.736,-0.54,-0.06,-0.48,-0.13,0.009,-0.139,-0.066,-0.026,-0.04,-0.2,-0.154,-0.045,-0.082,-0.171,-0.171,-0.863,0.0,-0.082,-0.019,-0.063,-0.082,-0.019,-0.063,-0.262,-0.178,-0.402,-0.461,-0.863,133,65,68
1628505,Caupain,2024,-0.197,0.334,-0.531,-0.26,-0.137,-0.123,0.044,0.108,-0.064,-0.315,-0.048,-0.267,-0.159,-0.065,-0.091,-0.011,0.08,0.08,-0.367,-0.287,0.0,-0.011,-0.042,0.031,-0.011,-0.042,0.031,-0.09,-0.086,-0.442,-0.085,-0.357,-0.089,0.057,-0.146,-0.19,-0.106,-0.084,-0.078,0.021,-0.099,-0.113,-0.116,-0.001,-0.124,0.097,0.097,-0.679,-0.582,0.0,-0.124,-0.058,-0.066,-0.124,-0.058,-0.066,-0.269,-0.036,-0.636,0.249,-0.885,-0.348,-0.079,-0.269,-0.145,0.002,-0.147,-0.392,-0.026,-0.366,-0.273,-0.181,-0.091,-0.135,0.177,0.177,-0.869,0.0,-0.135,-0.1,-0.035,-0.135,-0.1,-0.035,-0.358,-0.122,-0.287,-0.582,-0.869,51,25,26
101179,Ronnie Price,2024,-0.987,-0.376,-0.611,-0.373,-0.297,-0.076,-0.265,0.058,-0.323,0.027,0.074,-0.047,0.091,0.402,-0.299,-0.063,0.052,0.052,-0.959,-0.907,0.0,-0.063,0.047,-0.11,-0.063,0.047,-0.11,-0.273,-0.521,-0.277,0.163,-0.44,0.154,0.148,0.006,-0.408,-0.034,-0.374,-0.186,-0.047,-0.139,-0.356,-0.16,-0.204,0.672,-0.004,-0.004,0.039,0.035,-0.0,0.672,0.064,0.608,0.672,0.064,0.608,0.917,0.329,-1.262,-0.213,-1.049,-0.219,-0.149,-0.07,-0.672,0.025,-0.697,-0.158,0.028,-0.186,-0.265,0.243,-0.503,0.609,0.048,0.048,-0.872,0.0,0.609,0.111,0.498,0.609,0.111,0.498,0.644,-0.192,-0.907,0.035,-0.872,10115,5041,5074
2757,Beno Udrih,2024,-1.163,-0.367,-0.796,0.476,-0.003,0.479,-0.429,-0.436,0.007,-0.843,-0.05,-0.793,-0.112,-0.293,0.186,0.037,0.079,0.079,-1.238,-1.159,0.0,0.037,-0.075,0.112,0.037,-0.075,0.112,-0.15,0.178,0.326,0.257,0.069,0.192,0.014,0.178,-0.065,0.112,-0.177,-0.058,-0.05,-0.008,0.145,0.179,-0.039,-0.596,0.408,0.408,-0.125,0.283,0.0,-0.596,-0.266,-0.33,-0.596,-0.266,-0.33,1.976,0.392,-0.837,-0.11,-0.727,0.668,0.011,0.657,-0.494,-0.324,-0.17,-0.901,-0.1,-0.801,0.033,-0.114,0.146,-0.559,0.487,0.487,-0.876,-0.001,-0.559,-0.341,-0.218,-0.559,-0.341,-0.218,1.826,0.57,-1.159,0.283,-0.877,11988,6014,5974
1629602,DeLaurier,2024,-0.095,0.317,-0.412,-0.349,-0.144,-0.205,0.073,0.103,-0.03,-0.136,-0.048,-0.088,-0.136,-0.096,-0.035,0.006,-0.113,-0.113,-0.225,-0.338,0.0,0.006,0.009,-0.003,0.006,0.009,-0.003,-0.062,-0.092,-0.333,-0.125,-0.208,-0.033,0.062,-0.095,-0.165,-0.102,-0.063,-0.01,0.02,-0.03,-0.104,-0.091,-0.017,-0.06,-0.042,-0.042,-0.497,-0.539,0.0,-0.06,-0.051,-0.009,-0.06,-0.051,-0.009,-0.252,-0.037,-0.425,0.192,-0.617,-0.381,-0.082,-0.299,-0.091,0.001,-0.092,-0.145,-0.028,-0.117,-0.24,-0.187,-0.052,-0.054,-0.155,-0.155,-0.877,0.0,-0.054,-0.042,-0.012,-0.054,-0.042,-0.012,-0.314,-0.129,-0.338,-0.539,-0.877,14,7,7
203914,Gary Harris,2024,-0.401,-0.02,-0.381,-0.229,0.188,-0.417,0.197,0.226,-0.029,-0.349,0.001,-0.35,-0.09,-0.183,0.097,0.168,-0.144,-0.144,-0.323,-0.467,-0.0,0.168,0.147,0.021,0.168,0.147,0.021,-0.683,-0.091,-0.749,0.041,-0.79,-0.775,-0.174,-0.601,-0.677,-0.095,-0.582,0.662,-0.011,0.673,0.012,-0.028,0.038,0.543,-0.22,-0.22,-0.194,-0.414,-0.0,0.543,0.102,0.441,0.543,0.102,0.441,-0.175,-0.499,-1.15,0.021,-1.171,-1.003,0.014,-1.017,-0.481,0.131,-0.612,0.313,-0.01,0.323,-0.078,-0.211,0.136,0.711,-0.364,-0.364,-0.881,-0.0,0.711,0.25,0.461,0.711,0.25,0.461,-0.857,-0.59,-0.467,-0.414,-0.881,67335,33646,33689
1631246,Vince Williams Jr.,2024,0.004,0.11,-0.106,0.003,-0.184,0.187,0.365,0.166,0.199,-0.474,-0.012,-0.462,0.191,0.137,0.053,-0.59,-0.967,-0.967,-0.395,-1.362,-0.0,-0.59,-0.372,-0.218,-0.59,-0.372,-0.218,0.473,-0.358,-0.89,-0.003,-0.887,-0.038,-0.14,0.102,-0.895,-0.175,-0.72,0.046,0.011,0.035,0.025,-0.049,0.074,0.812,0.531,0.531,-0.053,0.478,-0.0,0.812,0.415,0.397,0.812,0.415,0.397,0.806,-0.192,-0.888,0.107,-0.995,-0.036,-0.324,0.288,-0.53,-0.009,-0.521,-0.429,-0.002,-0.427,0.217,0.088,0.127,0.223,-0.436,-0.436,-0.884,-0.0,0.223,0.043,0.18,0.223,0.043,0.18,1.279,-0.55,-1.362,0.478,-0.884,6096,3055,3041
1626262,Coty Clarke,2024,-0.112,0.357,-0.469,-0.433,-0.15,-0.283,0.052,0.111,-0.059,-0.088,-0.044,-0.044,-0.141,-0.078,-0.058,-0.072,0.024,0.024,-0.325,-0.301,0.0,-0.072,-0.075,0.003,-0.072,-0.075,0.003,0.125,-0.148,-0.467,-0.103,-0.364,-0.091,0.053,-0.144,-0.219,-0.098,-0.121,-0.054,0.021,-0.075,-0.078,-0.083,0.001,-0.098,0.058,0.058,-0.643,-0.585,0.0,-0.098,-0.056,-0.042,-0.098,-0.056,-0.042,-0.356,-0.077,-0.577,0.254,-0.831,-0.523,-0.097,-0.426,-0.167,0.013,-0.18,-0.141,-0.022,-0.119,-0.22,-0.162,-0.057,-0.17,0.082,0.082,-0.886,-0.0,-0.17,-0.13,-0.04,-0.17,-0.13,-0.04,-0.231,-0.225,-0.301,-0.585,-0.886,23,12,11
1631221,Collin Gillespie,2024,-0.349,0.141,-0.49,-0.741,-0.152,-0.589,0.444,0.125,0.319,-0.193,-0.04,-0.153,-0.123,-0.009,-0.111,0.208,-0.247,-0.247,-0.264,-0.511,0.0,0.208,0.017,0.191,0.208,0.017,0.191,-0.299,-0.321,-0.27,0.005,-0.275,-0.306,0.056,-0.362,0.059,-0.051,0.11,-0.028,0.02,-0.048,-0.179,-0.084,-0.097,-0.109,0.177,0.177,-0.558,-0.381,0.0,-0.109,0.014,-0.123,-0.109,0.014,-0.123,0.303,0.057,-0.619,0.146,-0.765,-1.047,-0.096,-0.951,0.503,0.074,0.429,-0.221,-0.02,-0.201,-0.302,-0.093,-0.207,0.099,-0.07,-0.07,-0.892,0.0,0.099,0.032,0.067,0.099,0.032,0.067,0.005,-0.264,-0.511,-0.381,-0.892,906,450,456
1630534,Ochai Agbaji,2024,0.268,-0.083,0.351,0.519,0.08,0.439,0.619,0.19,0.429,-0.787,-0.034,-0.753,-0.042,-0.234,0.187,0.164,-0.29,-0.29,0.39,0.1,-0.0,0.164,-0.099,0.263,0.164,-0.099,0.263,0.587,0.793,1.061,-0.053,1.114,0.582,0.096,0.486,-0.654,-0.04,-0.614,1.186,0.03,1.156,-0.056,-0.086,0.031,-1.044,-0.952,-0.952,-0.039,-0.991,0.0,-1.044,-0.452,-0.592,-1.044,-0.452,-0.592,0.252,0.304,1.33,-0.136,1.466,1.101,0.176,0.925,-0.035,0.15,-0.185,0.4,-0.004,0.404,-0.099,-0.32,0.218,-0.879,-1.242,-1.242,-0.891,-0.001,-0.879,-0.551,-0.328,-0.879,-0.551,-0.328,0.839,1.097,0.1,-0.991,-0.892,11916,5949,5967
1629755,Hassani Gravett,2024,-0.169,0.231,-0.4,-0.572,-0.145,-0.427,-0.08,0.047,-0.127,0.252,-0.043,0.295,-0.124,-0.075,-0.046,0.362,-0.448,-0.448,0.069,-0.379,0.0,0.362,0.222,0.14,0.362,0.222,0.14,-0.55,-0.366,-0.323,-0.152,-0.171,-0.109,0.105,-0.214,0.178,-0.048,0.226,-0.24,0.018,-0.258,-0.237,-0.225,-0.015,0.11,-0.067,-0.067,-0.45,-0.517,0.0,0.11,0.076,0.034,0.11,0.076,0.034,-0.552,-0.035,-0.492,0.079,-0.571,-0.681,-0.04,-0.641,0.098,-0.001,0.099,0.012,-0.025,0.037,-0.361,-0.3,-0.061,0.472,-0.515,-0.515,-0.896,0.0,0.472,0.298,0.174,0.472,0.298,0.174,-1.102,-0.401,-0.379,-0.517,-0.896,669,337,332
202684,Tristan Thompson,2024,-2.057,0.016,-2.073,-1.058,-0.273,-0.785,-1.06,-0.742,-0.318,0.045,-0.003,0.048,-0.462,-0.022,-0.441,0.142,2.226,2.226,-2.377,-0.151,0.0,0.142,0.42,-0.278,0.142,0.42,-0.278,-3.684,-1.291,-0.945,-0.035,-0.91,-0.647,-0.1,-0.547,-0.311,0.094,-0.405,0.048,-0.029,0.077,0.652,0.633,0.018,-0.971,0.517,0.517,-1.264,-0.747,-0.0,-0.971,-0.397,-0.574,-0.971,-0.397,-0.574,-1.148,-0.253,-3.002,-0.019,-2.983,-1.706,-0.374,-1.332,-1.371,-0.648,-0.723,0.094,-0.031,0.125,0.189,0.611,-0.423,-0.829,2.743,2.743,-0.898,0.001,-0.829,0.024,-0.853,-0.829,0.024,-0.853,-4.832,-1.545,-0.151,-0.747,-0.897,63102,31379,31723
204037,Travis Wear,2024,-1.571,-0.387,-1.184,-1.248,-0.246,-1.002,0.398,-0.167,0.565,-0.334,0.008,-0.342,0.184,0.202,-0.009,0.479,-0.41,-0.41,-0.908,-1.318,0.0,0.479,0.231,0.248,0.479,0.231,0.248,-1.58,-0.654,0.329,0.366,-0.037,0.049,-0.007,0.056,0.058,-0.094,0.152,-0.144,-0.014,-0.13,-0.164,-0.303,0.134,-0.045,0.298,0.298,0.12,0.418,0.0,-0.045,0.024,-0.069,-0.045,0.024,-0.069,1.342,0.303,-1.242,-0.021,-1.221,-1.199,-0.253,-0.946,0.456,-0.261,0.717,-0.478,-0.006,-0.472,0.02,-0.101,0.124,0.434,-0.112,-0.112,-0.9,0.0,0.434,0.254,0.18,0.434,0.254,0.18,-0.238,-0.351,-1.318,0.418,-0.9,4159,2080,2079
204222,Whittington,2024,-0.349,0.291,-0.64,-0.511,-0.154,-0.357,0.053,0.096,-0.043,-0.182,-0.048,-0.134,-0.142,-0.084,-0.054,0.034,-0.09,-0.09,-0.457,-0.547,-0.0,0.034,0.059,-0.025,0.034,0.059,-0.025,-0.295,-0.213,-0.245,-0.093,-0.152,-0.012,0.063,-0.075,-0.2,-0.113,-0.087,0.06,0.018,0.042,-0.096,-0.089,-0.01,-0.101,0.086,0.086,-0.442,-0.356,0.0,-0.101,-0.058,-0.043,-0.101,-0.058,-0.043,-0.115,-0.021,-0.593,0.198,-0.791,-0.523,-0.091,-0.432,-0.147,-0.017,-0.13,-0.121,-0.029,-0.092,-0.238,-0.173,-0.064,-0.067,-0.004,-0.004,-0.903,-0.0,-0.067,0.001,-0.068,-0.067,0.001,-0.068,-0.41,-0.234,-0.547,-0.356,-0.903,53,27,26
203516,James Ennis III,2024,-0.133,-0.07,-0.063,-0.156,0.071,-0.227,0.47,0.225,0.245,-0.377,0.031,-0.408,0.407,0.274,0.135,-0.187,0.071,0.071,0.087,0.158,0.0,-0.187,-0.054,-0.133,-0.187,-0.054,-0.133,-0.442,0.295,0.126,-0.052,0.178,-0.116,-0.117,0.001,0.094,-0.141,0.235,0.2,-0.013,0.213,-0.462,-0.361,-0.1,0.067,-0.795,-0.795,-0.269,-1.064,0.0,0.067,-0.12,0.187,0.067,-0.12,0.187,0.05,-0.237,-0.008,-0.122,0.114,-0.273,-0.046,-0.227,0.564,0.084,0.48,-0.177,0.018,-0.195,-0.055,-0.087,0.035,-0.121,-0.725,-0.725,-0.906,0.0,-0.121,-0.174,0.053,-0.121,-0.174,0.053,-0.392,0.058,0.158,-1.064,-0.906,35573,17757,17816
1629060,Rui Hachimura,2024,0.955,0.354,0.601,0.121,-0.028,0.149,-0.179,-0.395,0.216,0.659,-0.063,0.722,0.202,0.264,-0.066,0.082,-1.56,-1.56,1.239,-0.321,-0.0,0.082,0.107,-0.025,0.082,0.107,-0.025,-0.11,0.469,-0.63,-0.3,-0.33,-0.03,0.002,-0.032,-0.096,-0.03,-0.066,-0.204,0.022,-0.226,0.208,0.272,-0.062,-0.436,0.272,0.272,-0.858,-0.586,0.0,-0.436,-0.01,-0.426,-0.436,-0.01,-0.426,-0.072,0.074,0.323,0.054,0.269,0.091,-0.026,0.117,-0.276,-0.426,0.15,0.454,-0.042,0.496,0.41,0.536,-0.128,-0.354,-1.288,-1.288,-0.907,0.0,-0.354,0.097,-0.451,-0.354,0.097,-0.451,-0.182,0.543,-0.321,-0.586,-0.907,34229,17117,17112
203086,Meyers Leonard,2024,1.057,-0.081,1.138,-0.693,-0.151,-0.542,0.635,0.098,0.537,1.196,0.134,1.062,-0.641,-0.649,0.009,-0.027,-0.582,-0.582,0.389,-0.193,0.0,-0.027,-0.057,0.03,-0.027,-0.057,0.03,1.69,-0.789,-0.417,0.157,-0.574,0.028,0.364,-0.336,-0.001,0.246,-0.247,-0.601,-0.029,-0.572,-0.032,0.005,-0.04,-0.703,0.437,0.437,-1.152,-0.715,-0.0,-0.703,-0.747,0.044,-0.703,-0.747,0.044,-0.362,0.476,0.64,0.076,0.564,-0.665,0.213,-0.878,0.634,0.344,0.29,0.595,0.104,0.491,-0.673,-0.644,-0.031,-0.73,-0.146,-0.146,-0.908,-0.0,-0.73,-0.804,0.074,-0.73,-0.804,0.074,1.328,-0.313,-0.193,-0.715,-0.908,24957,12496,12461
1631120,JD Davison,2024,-0.453,-0.04,-0.413,-0.24,-0.087,-0.153,-0.043,0.118,-0.161,-0.13,-0.046,-0.084,-0.256,-0.203,-0.052,-0.258,0.17,0.17,-0.967,-0.797,0.0,-0.258,-0.144,-0.114,-0.258,-0.144,-0.114,0.423,0.113,0.268,-0.014,0.282,0.117,0.045,0.072,-0.138,-0.143,0.005,0.303,0.019,0.284,-0.123,-0.047,-0.078,0.017,-0.274,-0.274,0.162,-0.112,-0.0,0.017,0.066,-0.049,0.017,0.066,-0.049,-0.269,-0.023,-0.185,-0.054,-0.131,-0.123,-0.042,-0.081,-0.18,-0.024,-0.156,0.172,-0.027,0.199,-0.379,-0.25,-0.129,-0.242,-0.104,-0.104,-0.909,-0.001,-0.242,-0.079,-0.163,-0.242,-0.079,-0.163,0.154,0.09,-0.797,-0.112,-0.91,449,225,224
1628493,Mathiang,2024,-0.161,0.28,-0.441,-0.127,-0.132,0.005,0.126,0.094,0.032,-0.44,-0.048,-0.392,-0.096,-0.089,-0.0,-0.089,-0.164,-0.164,-0.346,-0.51,0.0,-0.089,-0.04,-0.049,-0.089,-0.04,-0.049,0.347,0.121,-0.307,-0.112,-0.195,-0.021,0.054,-0.075,-0.128,-0.103,-0.025,-0.046,0.024,-0.07,-0.132,-0.117,-0.018,-0.05,0.086,0.086,-0.489,-0.403,0.0,-0.05,-0.04,-0.01,-0.05,-0.04,-0.01,-0.152,-0.037,-0.468,0.168,-0.636,-0.148,-0.078,-0.07,-0.002,-0.009,0.007,-0.486,-0.024,-0.462,-0.229,-0.207,-0.019,-0.139,-0.078,-0.078,-0.913,0.0,-0.139,-0.08,-0.059,-0.139,-0.08,-0.059,0.195,0.084,-0.51,-0.403,-0.913,70,35,35
1631495,Williams,2024,-0.386,0.322,-0.708,-0.268,-0.131,-0.137,-0.008,0.12,-0.128,-0.432,-0.048,-0.384,-0.139,-0.099,-0.035,-0.04,0.1,0.1,-0.565,-0.465,0.0,-0.04,0.01,-0.05,-0.04,0.01,-0.05,-0.178,-0.02,-0.333,-0.108,-0.225,-0.051,0.06,-0.111,-0.162,-0.096,-0.066,-0.012,0.02,-0.032,-0.101,-0.085,-0.019,-0.072,0.057,0.057,-0.506,-0.449,0.0,-0.072,-0.03,-0.042,-0.072,-0.03,-0.042,-0.258,-0.034,-0.72,0.214,-0.934,-0.32,-0.072,-0.248,-0.17,0.023,-0.193,-0.444,-0.028,-0.416,-0.24,-0.184,-0.054,-0.111,0.158,0.158,-0.914,0.0,-0.111,-0.019,-0.092,-0.111,-0.019,-0.092,-0.436,-0.055,-0.465,-0.449,-0.914,19,9,10
1627782,Wayne Selden,2024,0.636,0.104,0.532,-0.378,0.052,-0.43,0.136,-0.202,0.338,0.774,-0.036,0.81,0.268,0.251,0.015,-0.019,-0.346,-0.346,0.885,0.539,0.0,-0.019,0.199,-0.218,-0.019,0.199,-0.218,-1.601,-0.042,-1.112,-0.043,-1.069,-0.416,-0.096,-0.32,-0.438,-0.175,-0.263,-0.215,-0.002,-0.213,-0.223,-0.369,0.146,-0.128,0.008,0.008,-1.463,-1.455,0.0,-0.128,-0.362,0.234,-0.128,-0.362,0.234,0.831,0.066,-0.477,0.061,-0.538,-0.794,-0.044,-0.75,-0.303,-0.378,0.075,0.559,-0.038,0.597,0.045,-0.118,0.161,-0.147,-0.338,-0.338,-0.916,-0.001,-0.147,-0.163,0.016,-0.147,-0.163,0.016,-0.77,0.024,0.539,-1.455,-0.917,11237,5597,5640
1630286,Trevon Scott,2024,-0.192,0.373,-0.565,-0.342,-0.128,-0.214,0.004,0.091,-0.087,-0.227,-0.049,-0.178,-0.148,-0.098,-0.045,-0.035,-0.118,-0.118,-0.375,-0.493,0.0,-0.035,0.052,-0.087,-0.035,0.052,-0.087,-0.14,-0.033,-0.297,-0.117,-0.18,-0.011,0.051,-0.062,-0.15,-0.098,-0.052,-0.019,0.021,-0.04,-0.086,-0.095,0.005,-0.071,0.027,0.027,-0.454,-0.427,0.0,-0.071,-0.055,-0.016,-0.071,-0.055,-0.016,-0.101,-0.049,-0.49,0.256,-0.746,-0.354,-0.077,-0.277,-0.146,-0.007,-0.139,-0.246,-0.028,-0.218,-0.234,-0.193,-0.04,-0.106,-0.091,-0.091,-0.92,-0.0,-0.106,-0.002,-0.104,-0.106,-0.002,-0.104,-0.241,-0.082,-0.493,-0.427,-0.92,50,24,26
1631207,Dalen Terry,2024,-0.652,-0.267,-0.385,0.628,0.086,0.542,0.311,0.149,0.162,-1.324,-0.039,-1.285,-0.15,0.533,-0.682,-0.158,0.163,0.163,-0.96,-0.797,0.0,-0.158,-0.136,-0.022,-0.158,-0.136,-0.022,-2.654,0.101,0.199,0.142,0.057,0.413,0.094,0.319,0.279,-0.082,0.361,-0.635,0.011,-0.646,-0.374,-0.263,-0.112,0.194,-0.143,-0.143,0.019,-0.124,-0.0,0.194,-0.075,0.269,0.194,-0.075,0.269,-0.821,0.262,-0.452,-0.125,-0.327,1.042,0.18,0.862,0.59,0.067,0.523,-1.959,-0.028,-1.931,-0.524,0.271,-0.794,0.036,0.02,0.02,-0.921,0.0,0.036,-0.211,0.247,0.036,-0.211,0.247,-3.475,0.363,-0.797,-0.124,-0.921,3640,1824,1816
202726,Andrew Goudelock,2024,-0.106,0.233,-0.339,-0.051,-0.158,0.107,0.321,0.067,0.254,-0.609,-0.068,-0.541,-0.017,0.104,-0.116,-0.326,-0.303,-0.303,-0.449,-0.752,0.0,-0.326,-0.228,-0.098,-0.326,-0.228,-0.098,-1.237,-0.192,0.173,-0.1,0.273,0.099,0.077,0.022,0.141,-0.049,0.19,0.033,0.024,0.009,-0.03,-0.016,-0.018,-0.055,-0.257,-0.257,0.088,-0.169,0.0,-0.055,-0.03,-0.025,-0.055,-0.03,-0.025,-0.035,0.039,0.067,0.133,-0.066,0.048,-0.081,0.129,0.462,0.019,0.443,-0.576,-0.044,-0.532,-0.047,0.089,-0.133,-0.381,-0.559,-0.559,-0.921,0.0,-0.381,-0.258,-0.123,-0.381,-0.258,-0.123,-1.272,-0.153,-0.752,-0.169,-0.921,220,109,111
1629962,Devin Cannady,2024,-0.751,0.204,-0.955,-0.672,-0.157,-0.515,-0.049,0.147,-0.196,-0.234,-0.039,-0.195,-0.098,-0.033,-0.06,0.679,-0.178,-0.178,-0.17,-0.348,-0.0,0.679,0.122,0.557,0.679,0.122,0.557,-0.17,-0.489,-0.456,-0.161,-0.295,-0.115,0.048,-0.163,-0.27,-0.091,-0.179,0.09,0.021,0.069,-0.035,-0.042,0.004,-0.047,-0.036,-0.036,-0.538,-0.574,0.0,-0.047,-0.082,0.035,-0.047,-0.082,0.035,-0.186,0.079,-1.209,0.043,-1.252,-0.788,-0.11,-0.678,-0.32,0.056,-0.376,-0.144,-0.018,-0.126,-0.133,-0.075,-0.056,0.631,-0.215,-0.215,-0.922,-0.001,0.631,0.04,0.591,0.631,0.04,0.591,-0.356,-0.41,-0.348,-0.574,-0.923,906,452,454
1626161,Willie Cauley-Stein,2024,-0.202,-0.009,-0.193,0.301,0.078,0.223,-0.964,-0.609,-0.355,0.47,-0.097,0.567,-0.597,-0.161,-0.434,-0.196,-0.772,-0.772,-0.995,-1.767,0.0,-0.196,-0.433,0.237,-0.196,-0.433,0.237,0.062,1.073,-0.139,-0.037,-0.102,-0.124,0.164,-0.288,-0.084,-0.148,0.064,0.106,-0.08,0.186,0.196,0.147,0.049,0.669,0.116,0.116,0.726,0.842,0.0,0.669,0.262,0.407,0.669,0.262,0.407,-0.723,0.057,-0.34,-0.046,-0.294,0.179,0.243,-0.064,-1.049,-0.757,-0.292,0.576,-0.177,0.753,-0.401,-0.014,-0.385,0.473,-0.656,-0.656,-0.925,-0.001,0.473,-0.171,0.644,0.473,-0.171,0.644,-0.661,1.131,-1.767,0.842,-0.926,36997,18458,18539
201228,C.J. Watson,2024,-1.435,-0.299,-1.136,-1.173,-0.509,-0.664,-0.02,-0.422,0.402,0.057,0.013,0.044,0.08,0.127,-0.041,-0.079,0.256,0.256,-1.434,-1.178,0.0,-0.079,-0.261,0.182,-0.079,-0.261,0.182,-0.776,-1.133,0.744,0.049,0.695,-0.16,-0.042,-0.118,0.884,-0.042,0.926,-0.029,-0.016,-0.013,-0.309,-0.444,0.132,0.339,-0.524,-0.524,0.774,0.25,0.0,0.339,-0.095,0.434,0.339,-0.095,0.434,1.242,-0.103,-0.689,-0.25,-0.439,-1.332,-0.551,-0.781,0.864,-0.464,1.328,0.029,-0.002,0.031,-0.23,-0.317,0.091,0.259,-0.268,-0.268,-0.928,-0.0,0.259,-0.356,0.615,0.259,-0.356,0.615,0.466,-1.236,-1.178,0.25,-0.928,12605,6324,6281
2449,Luis Scola,2024,-0.128,-0.246,0.118,-0.039,0.24,-0.279,-0.03,0.124,-0.154,0.187,0.04,0.147,-0.23,-0.133,-0.092,-0.998,-0.248,-0.248,-1.356,-1.604,-0.0,-0.998,-0.297,-0.701,-0.998,-0.297,-0.701,-0.722,-0.061,-0.393,0.293,-0.686,-0.504,-0.013,-0.491,-0.318,0.278,-0.596,0.136,0.015,0.121,0.325,0.261,0.06,0.017,0.719,0.719,-0.051,0.668,0.0,0.017,-0.059,0.076,0.017,-0.059,0.076,-0.411,-0.102,-0.521,0.047,-0.568,-0.543,0.227,-0.77,-0.348,0.402,-0.75,0.323,0.055,0.268,0.095,0.128,-0.032,-0.981,0.471,0.471,-0.936,-0.0,-0.981,-0.356,-0.625,-0.981,-0.356,-0.625,-1.132,-0.163,-1.604,0.668,-0.936,15754,7919,7835
1630691,Jamorko Pickett,2024,-0.397,0.402,-0.799,-0.18,-0.148,-0.032,0.238,0.195,0.043,-0.857,-0.031,-0.826,-0.006,0.049,-0.052,-0.004,0.071,0.071,-0.407,-0.336,0.0,-0.004,-0.024,0.02,-0.004,-0.024,0.02,0.019,-0.047,-0.513,-0.072,-0.441,-0.27,-0.046,-0.224,-0.336,-0.174,-0.162,0.165,0.016,0.149,-0.144,-0.161,0.014,-0.083,0.129,0.129,-0.74,-0.611,0.0,-0.083,-0.122,0.039,-0.083,-0.122,0.039,-0.032,-0.229,-0.911,0.33,-1.241,-0.45,-0.194,-0.256,-0.099,0.02,-0.119,-0.692,-0.015,-0.677,-0.15,-0.112,-0.037,-0.087,0.2,0.2,-0.947,0.001,-0.087,-0.146,0.059,-0.087,-0.146,0.059,-0.013,-0.276,-0.336,-0.611,-0.946,735,367,368
201281,Andre Ingram,2024,-0.135,0.291,-0.426,-0.152,-0.247,0.095,0.048,0.038,0.01,-0.322,-0.021,-0.301,-0.205,-0.186,-0.015,-0.106,-0.362,-0.362,-0.446,-0.808,-0.0,-0.106,-0.152,0.046,-0.106,-0.152,0.046,0.101,-0.283,-0.3,-0.163,-0.137,0.066,0.018,0.048,-0.239,-0.129,-0.11,0.036,0.014,0.022,-0.026,-0.015,-0.014,0.0,0.189,0.189,-0.326,-0.137,0.0,-0.0,-0.046,0.046,-0.0,-0.046,0.046,-0.173,-0.07,-0.433,0.128,-0.561,-0.086,-0.229,0.143,-0.19,-0.09,-0.1,-0.285,-0.007,-0.278,-0.23,-0.201,-0.028,-0.106,-0.173,-0.173,-0.945,-0.001,-0.106,-0.198,0.092,-0.106,-0.198,0.092,-0.072,-0.353,-0.808,-0.137,-0.946,332,167,165
1627835,Paul Zipser,2024,0.321,-0.147,0.468,-0.016,-0.087,0.071,-0.738,0.133,-0.871,1.222,0.017,1.205,-0.24,-0.103,-0.133,-0.018,-0.869,-0.869,0.063,-0.806,-0.0,-0.018,0.105,-0.123,-0.018,0.105,-0.123,1.796,0.007,-0.311,-0.042,-0.269,-0.779,-0.002,-0.777,0.018,-0.17,0.188,0.492,-0.036,0.528,0.215,0.313,-0.1,-0.183,0.137,0.137,-0.279,-0.142,0.0,-0.183,0.146,-0.329,-0.183,0.146,-0.329,-1.362,-0.303,0.009,-0.189,0.198,-0.796,-0.09,-0.706,-0.72,-0.037,-0.683,1.714,-0.019,1.733,-0.025,0.21,-0.233,-0.201,-0.732,-0.732,-0.948,-0.001,-0.201,0.251,-0.452,-0.201,0.251,-0.452,0.434,-0.296,-0.806,-0.142,-0.949,7322,3655,3667
1641735,Bailey,2024,-0.204,0.268,-0.472,-0.298,-0.18,-0.118,-0.048,0.057,-0.105,-0.126,-0.043,-0.083,-0.075,-0.044,-0.026,-0.165,0.075,0.075,-0.444,-0.369,-0.0,-0.165,-0.25,0.085,-0.165,-0.25,0.085,-0.435,-0.17,-0.302,-0.073,-0.229,-0.024,0.059,-0.083,-0.106,-0.078,-0.028,-0.099,0.018,-0.117,-0.029,-0.018,-0.014,-0.055,-0.194,-0.194,-0.386,-0.58,0.0,-0.055,-0.014,-0.041,-0.055,-0.014,-0.041,-0.604,-0.122,-0.504,0.195,-0.699,-0.322,-0.121,-0.201,-0.153,-0.021,-0.132,-0.224,-0.024,-0.2,-0.104,-0.061,-0.039,-0.22,-0.12,-0.12,-0.949,0.0,-0.22,-0.264,0.044,-0.22,-0.264,0.044,-1.04,-0.292,-0.369,-0.58,-0.949,264,131,133
202694,Marcus Morris Sr.,2024,-0.19,0.003,-0.193,-0.338,-0.325,-0.013,-0.209,-0.532,0.323,0.354,-0.005,0.359,0.068,-0.019,0.083,0.422,-0.235,-0.235,0.3,0.065,0.0,0.422,0.359,0.063,0.422,0.359,0.063,-1.538,-0.969,-1.461,-0.041,-1.42,-0.758,0.059,-0.817,-0.149,0.144,-0.293,-0.513,0.011,-0.524,0.096,0.038,0.06,-0.44,0.786,0.786,-1.805,-1.019,0.0,-0.44,-0.055,-0.385,-0.44,-0.055,-0.385,-0.148,0.122,-1.652,-0.038,-1.614,-1.095,-0.266,-0.829,-0.359,-0.388,0.029,-0.16,0.005,-0.165,0.164,0.019,0.143,-0.019,0.551,0.551,-0.954,-0.001,-0.019,0.304,-0.323,-0.019,0.304,-0.323,-1.686,-0.847,0.065,-1.019,-0.955,74370,37164,37206
204066,John Holland,2024,0.113,0.122,-0.009,-0.035,-0.214,0.179,-0.463,0.088,-0.551,0.489,-0.03,0.519,0.001,0.239,-0.233,0.21,-0.489,-0.489,0.324,-0.165,-0.0,0.21,0.022,0.188,0.21,0.022,0.188,-0.427,-0.358,-0.866,-0.063,-0.803,-0.03,0.024,-0.054,-0.677,-0.188,-0.489,-0.096,0.0,-0.096,0.054,-0.019,0.069,-0.158,0.175,0.175,-0.97,-0.795,-0.0,-0.158,-0.162,0.004,-0.158,-0.162,0.004,-0.96,-0.151,-0.753,0.059,-0.812,-0.065,-0.19,0.125,-1.14,-0.1,-1.04,0.393,-0.03,0.423,0.055,0.22,-0.164,0.052,-0.314,-0.314,-0.96,0.001,0.052,-0.14,0.192,0.052,-0.14,0.192,-1.387,-0.509,-0.165,-0.795,-0.959,897,447,450
203481,Jeff Withey,2024,-0.865,-0.353,-0.512,-0.181,0.024,-0.205,-0.204,0.066,-0.27,-0.127,-0.007,-0.12,-0.111,-0.107,-0.003,-0.32,0.812,0.812,-1.296,-0.484,0.0,-0.32,0.093,-0.413,-0.32,0.093,-0.413,-1.149,-0.123,-0.35,0.048,-0.398,0.305,-0.102,0.407,-0.416,0.104,-0.52,-0.287,0.047,-0.334,0.072,0.254,-0.185,-0.089,-0.11,-0.11,-0.367,-0.477,0.0,-0.089,0.08,-0.169,-0.089,0.08,-0.169,-0.708,0.068,-1.216,-0.305,-0.911,0.124,-0.078,0.202,-0.62,0.17,-0.79,-0.415,0.04,-0.455,-0.039,0.147,-0.188,-0.409,0.703,0.703,-0.961,-0.001,-0.409,0.173,-0.582,-0.409,0.173,-0.582,-1.857,-0.055,-0.484,-0.477,-0.962,5655,2830,2825
1630196,Petrusev,2024,-0.142,0.299,-0.441,-0.209,-0.148,-0.061,0.071,0.1,-0.029,-0.303,-0.047,-0.256,-0.115,-0.043,-0.067,-0.07,-0.2,-0.2,-0.327,-0.527,0.0,-0.07,-0.05,-0.02,-0.07,-0.05,-0.02,0.015,-0.068,-0.346,-0.113,-0.233,-0.039,0.05,-0.089,-0.159,-0.11,-0.049,-0.035,0.02,-0.055,-0.065,-0.057,-0.011,-0.084,0.058,0.058,-0.495,-0.437,0.0,-0.084,-0.07,-0.014,-0.084,-0.07,-0.014,-0.379,-0.095,-0.489,0.186,-0.675,-0.248,-0.098,-0.15,-0.088,-0.01,-0.078,-0.339,-0.028,-0.311,-0.179,-0.1,-0.078,-0.154,-0.142,-0.142,-0.964,0.0,-0.154,-0.121,-0.033,-0.154,-0.121,-0.033,-0.363,-0.162,-0.527,-0.437,-0.964,40,20,20
1630346,Matt Ryan,2024,-0.573,0.018,-0.591,-0.357,-0.175,-0.182,0.324,0.127,0.197,-0.558,-0.023,-0.535,-0.103,-0.289,0.184,-0.627,0.215,0.215,-1.303,-1.088,-0.0,-0.627,-0.205,-0.422,-0.627,-0.205,-0.422,-0.377,-0.98,0.466,0.036,0.43,0.082,0.049,0.033,-0.556,-0.118,-0.438,0.904,0.014,0.89,-0.015,-0.114,0.099,0.016,-0.353,-0.353,0.467,0.114,-0.0,0.016,-0.118,0.134,0.016,-0.118,0.134,1.215,-0.038,-0.109,0.054,-0.163,-0.275,-0.126,-0.149,-0.233,0.009,-0.242,0.345,-0.01,0.355,-0.118,-0.402,0.283,-0.611,-0.137,-0.137,-0.974,-0.0,-0.611,-0.323,-0.288,-0.611,-0.323,-0.288,0.837,-1.018,-1.088,0.114,-0.974,3036,1523,1513
1629681,Killian Tillie,2024,-1.209,0.065,-1.274,-0.337,-0.189,-0.148,-0.401,-0.028,-0.373,-0.536,-0.025,-0.511,-0.289,0.018,-0.307,0.01,0.344,0.344,-1.488,-1.144,0.0,0.01,0.01,0.0,0.01,0.01,0.0,-0.248,-0.452,0.107,0.005,0.102,-0.104,0.051,-0.155,-0.292,-0.055,-0.237,0.498,0.009,0.489,-0.388,-0.474,0.084,-0.095,0.544,0.544,-0.376,0.168,-0.0,-0.095,-0.002,-0.093,-0.095,-0.002,-0.093,0.687,-0.201,-1.104,0.07,-1.174,-0.443,-0.139,-0.304,-0.694,-0.083,-0.611,-0.037,-0.015,-0.022,-0.676,-0.456,-0.224,-0.084,0.888,0.888,-0.976,0.0,-0.084,0.007,-0.091,-0.084,0.007,-0.091,0.439,-0.653,-1.144,0.168,-0.976,2637,1322,1315
203545,Miroslav Raduljica,2024,-0.294,0.323,-0.617,-0.286,-0.119,-0.167,0.044,0.076,-0.032,-0.375,-0.048,-0.327,-0.106,-0.098,-0.001,0.117,-0.149,-0.149,-0.283,-0.432,-0.0,0.117,0.064,0.053,0.117,0.064,0.053,-0.048,-0.056,-0.426,-0.102,-0.324,-0.109,0.058,-0.167,-0.129,-0.085,-0.044,-0.086,0.019,-0.105,-0.042,-0.044,-0.001,-0.035,-0.043,-0.043,-0.503,-0.546,0.0,-0.035,-0.056,0.021,-0.035,-0.056,0.021,-0.42,-0.077,-0.718,0.221,-0.939,-0.395,-0.061,-0.334,-0.084,-0.009,-0.075,-0.46,-0.028,-0.432,-0.147,-0.142,-0.002,0.081,-0.193,-0.193,-0.978,0.001,0.081,0.008,0.073,0.081,0.008,0.073,-0.468,-0.132,-0.432,-0.546,-0.977,83,41,42
201580,JaVale McGee,2024,-0.032,0.097,-0.129,1.326,0.468,0.858,-0.249,-0.113,-0.136,-1.206,-0.046,-1.16,-0.622,-0.349,-0.274,-0.845,0.929,0.929,-1.499,-0.57,0.0,-0.845,-0.957,0.112,-0.845,-0.957,0.112,0.245,2.129,-0.075,-0.06,-0.015,0.875,-0.048,0.923,-0.576,-0.073,-0.503,-0.314,-0.015,-0.299,0.226,0.262,-0.035,-0.547,-0.014,-0.014,-0.396,-0.41,0.0,-0.547,-0.222,-0.325,-0.547,-0.222,-0.325,-0.435,0.459,-0.107,0.037,-0.144,2.201,0.42,1.781,-0.824,-0.186,-0.638,-1.521,-0.061,-1.46,-0.396,-0.087,-0.309,-1.392,0.914,0.914,-0.98,0.0,-1.392,-1.179,-0.213,-1.392,-1.179,-0.213,-0.19,2.588,-0.57,-0.41,-0.98,35952,17957,17995
204079,Drew Gordon,2024,-0.265,0.203,-0.468,0.045,0.016,0.029,0.028,0.136,-0.108,-0.541,-0.036,-0.505,-0.037,-0.038,0.01,0.079,-0.185,-0.185,-0.223,-0.408,0.0,0.079,0.057,0.022,0.079,0.057,0.022,-0.393,0.052,-0.343,-0.039,-0.304,-0.085,0.03,-0.115,-0.425,-0.098,-0.327,0.206,0.012,0.194,-0.199,-0.151,-0.051,-0.196,0.158,0.158,-0.738,-0.58,0.0,-0.196,-0.009,-0.187,-0.196,-0.009,-0.187,-0.447,-0.084,-0.609,0.164,-0.773,-0.04,0.047,-0.087,-0.397,0.038,-0.435,-0.336,-0.024,-0.312,-0.236,-0.19,-0.042,-0.117,-0.027,-0.027,-0.988,0.0,-0.117,0.047,-0.164,-0.117,0.047,-0.164,-0.841,-0.032,-0.408,-0.58,-0.988,503,255,248
201577,Robin Lopez,2024,-1.865,-0.107,-1.758,-1.056,-0.384,-0.672,0.219,-1.121,1.34,-0.921,-0.055,-0.866,-0.576,-0.71,0.137,-0.65,0.8,0.8,-3.091,-2.291,-0.0,-0.65,0.069,-0.719,-0.65,0.069,-0.719,-2.248,-1.348,1.443,0.005,1.438,1.182,0.09,1.092,0.228,0.591,-0.363,0.028,0.008,0.02,0.948,1.009,-0.06,-1.599,0.51,0.51,0.792,1.302,0.0,-1.599,-0.715,-0.884,-1.599,-0.715,-0.884,-0.76,0.607,-0.423,-0.102,-0.321,0.125,-0.294,0.419,0.448,-0.529,0.977,-0.894,-0.048,-0.846,0.372,0.298,0.077,-2.249,1.31,1.31,-0.989,-0.0,-2.249,-0.646,-1.603,-2.249,-0.646,-1.603,-3.008,-0.741,-2.291,1.302,-0.989,51831,25899,25932
203263,James Nunnally,2024,-0.252,0.28,-0.532,-0.346,-0.229,-0.117,0.165,0.176,-0.011,-0.351,-0.024,-0.327,-0.121,-0.18,0.065,0.242,-0.01,-0.01,-0.131,-0.141,0.0,0.242,0.011,0.231,0.242,0.011,0.231,-0.771,-0.474,-0.64,-0.006,-0.634,-0.157,0.049,-0.206,-0.356,-0.07,-0.286,-0.121,0.022,-0.143,-0.091,-0.071,-0.023,-0.203,0.085,0.085,-0.934,-0.849,0.0,-0.203,-0.094,-0.109,-0.203,-0.094,-0.109,-0.152,-0.004,-0.895,0.274,-1.169,-0.504,-0.181,-0.323,-0.193,0.105,-0.298,-0.472,-0.002,-0.47,-0.212,-0.251,0.042,0.04,0.076,0.076,-0.99,0.0,0.04,-0.083,0.123,0.04,-0.083,0.123,-0.923,-0.478,-0.141,-0.849,-0.99,604,302,302
203382,Aron Baynes,2024,-1.792,-0.159,-1.633,-1.035,-0.346,-0.689,-0.093,-0.575,0.482,-0.505,0.03,-0.535,-0.7,-0.763,0.068,-0.547,-0.095,-0.095,-3.039,-3.134,0.0,-0.547,-0.19,-0.357,-0.547,-0.19,-0.357,-1.281,-0.972,1.502,0.186,1.316,0.462,0.242,0.22,0.814,0.322,0.492,0.04,-0.0,0.04,0.171,0.151,0.018,0.014,0.453,0.453,1.687,2.14,0.0,0.014,-0.18,0.194,0.014,-0.18,0.194,-0.008,0.653,-0.29,0.027,-0.317,-0.573,-0.104,-0.469,0.721,-0.253,0.974,-0.465,0.03,-0.495,-0.529,-0.611,0.086,-0.532,0.358,0.358,-0.994,0.0,-0.532,-0.37,-0.162,-0.532,-0.37,-0.162,-1.289,-0.318,-3.134,2.14,-0.994,34619,17263,17356
1627779,Paige,2024,-0.213,0.327,-0.54,-0.257,-0.137,-0.12,-0.053,0.121,-0.174,-0.23,-0.04,-0.19,-0.093,-0.128,0.042,0.126,-0.214,-0.214,-0.18,-0.394,0.0,0.126,0.089,0.037,0.126,0.089,0.037,0.101,-0.046,-0.491,-0.087,-0.404,-0.102,0.043,-0.145,-0.198,-0.117,-0.081,-0.104,0.023,-0.127,-0.108,-0.11,-0.001,-0.092,0.09,0.09,-0.691,-0.601,0.0,-0.092,-0.036,-0.056,-0.092,-0.036,-0.056,-0.357,-0.071,-0.704,0.24,-0.944,-0.359,-0.094,-0.265,-0.251,0.004,-0.255,-0.334,-0.017,-0.317,-0.201,-0.238,0.041,0.034,-0.124,-0.124,-0.995,0.0,0.034,0.053,-0.019,0.034,0.053,-0.019,-0.256,-0.118,-0.394,-0.601,-0.995,70,34,36
202933,Julyan Stone,2024,-0.246,0.07,-0.316,-0.16,-0.272,0.112,-0.067,0.073,-0.14,-0.089,0.011,-0.1,-0.363,-0.358,-0.003,0.229,-0.301,-0.301,-0.38,-0.681,0.0,0.229,-0.009,0.238,0.229,-0.009,0.238,0.61,-0.245,-0.137,-0.038,-0.099,0.251,0.082,0.169,-0.122,-0.008,-0.114,-0.228,0.03,-0.258,-0.048,-0.042,-0.01,-0.126,-0.004,-0.004,-0.311,-0.315,0.0,-0.126,-0.11,-0.016,-0.126,-0.11,-0.016,-0.32,0.116,-0.381,0.032,-0.413,0.091,-0.189,0.28,-0.188,0.065,-0.253,-0.316,0.041,-0.357,-0.411,-0.4,-0.012,0.103,-0.305,-0.305,-0.996,0.0,0.103,-0.119,0.222,0.103,-0.119,0.222,0.289,-0.128,-0.681,-0.315,-0.996,628,313,315
1630182,Josh Green,2024,-0.14,0.11,-0.25,-0.069,-0.008,-0.061,0.136,0.113,0.023,-0.317,-0.051,-0.266,-0.19,-0.005,-0.192,0.207,-0.493,-0.493,-0.123,-0.616,0.0,0.207,0.064,0.143,0.207,0.064,0.143,-0.247,0.497,-0.555,0.056,-0.611,-0.489,0.092,-0.581,-0.239,0.095,-0.334,0.117,0.022,0.095,-0.412,-0.506,0.095,1.241,-0.657,-0.657,0.274,-0.383,0.0,1.241,0.434,0.807,1.241,0.434,0.807,0.483,-0.265,-0.696,0.166,-0.862,-0.559,0.084,-0.643,-0.103,0.208,-0.311,-0.2,-0.029,-0.171,-0.602,-0.511,-0.097,1.448,-1.149,-1.149,-0.999,0.0,1.448,0.498,0.95,1.448,0.498,0.95,0.236,0.233,-0.616,-0.383,-0.999,20274,10132,10142
1629015,Zhaire Smith,2024,0.149,0.249,-0.1,-0.34,-0.137,-0.203,0.421,0.075,0.346,-0.181,-0.038,-0.143,-0.361,-0.153,-0.211,0.02,0.121,0.121,-0.192,-0.071,0.0,0.02,-0.095,0.115,0.02,-0.095,0.115,0.338,-0.177,-0.74,-0.042,-0.698,-0.051,0.055,-0.106,-0.144,-0.055,-0.089,-0.503,0.018,-0.521,-0.034,-0.02,-0.017,-0.24,0.082,0.082,-1.014,-0.932,0.0,-0.24,0.019,-0.259,-0.24,0.019,-0.259,-0.902,-0.152,-0.591,0.207,-0.798,-0.391,-0.082,-0.309,0.276,0.019,0.257,-0.683,-0.02,-0.663,-0.395,-0.173,-0.228,-0.22,0.203,0.203,-1.003,0.0,-0.22,-0.076,-0.144,-0.22,-0.076,-0.144,-0.563,-0.33,-0.071,-0.932,-1.003,678,336,342
1628968,Brian Bowen II,2024,-0.54,0.297,-0.837,-0.243,-0.129,-0.114,-0.213,0.063,-0.276,-0.381,-0.05,-0.331,-0.101,-0.104,0.009,-0.058,0.104,0.104,-0.699,-0.595,0.0,-0.058,-0.101,0.043,-0.058,-0.101,0.043,-0.509,-0.071,-0.267,-0.095,-0.172,-0.047,0.043,-0.09,-0.13,-0.097,-0.033,0.005,0.022,-0.017,-0.084,-0.079,-0.008,-0.178,0.119,0.119,-0.529,-0.41,0.0,-0.178,-0.119,-0.059,-0.178,-0.119,-0.059,-0.162,-0.031,-0.806,0.202,-1.008,-0.291,-0.086,-0.205,-0.343,-0.034,-0.309,-0.374,-0.027,-0.347,-0.185,-0.182,0.001,-0.236,0.223,0.223,-1.005,0.0,-0.236,-0.22,-0.016,-0.236,-0.22,-0.016,-0.671,-0.102,-0.595,-0.41,-1.005,189,96,93
201149,Joakim Noah,2024,-1.983,-0.147,-1.836,-0.453,0.087,-0.54,-0.704,-0.155,-0.549,-0.679,0.025,-0.704,-0.374,0.039,-0.408,-0.446,0.422,0.422,-2.803,-2.381,0.0,-0.446,-0.289,-0.157,-0.446,-0.289,-0.157,0.125,0.472,1.919,0.185,1.734,0.932,0.148,0.784,0.159,0.309,-0.15,0.643,-0.014,0.657,0.146,0.212,-0.07,-0.507,-0.182,-0.182,1.558,1.376,0.0,-0.507,-0.478,-0.029,-0.507,-0.478,-0.029,0.507,0.673,-0.065,0.038,-0.103,0.479,0.235,0.244,-0.545,0.154,-0.699,-0.037,0.01,-0.047,-0.228,0.251,-0.478,-0.953,0.24,0.24,-1.005,0.0,-0.953,-0.766,-0.187,-0.953,-0.766,-0.187,0.632,1.145,-2.381,1.376,-1.005,17521,8735,8786
1630250,Simonovic,2024,-0.719,-0.106,-0.613,-0.254,-0.158,-0.096,-0.199,0.149,-0.348,-0.16,-0.047,-0.113,-0.181,-0.027,-0.152,0.271,-0.16,-0.16,-0.629,-0.789,-0.0,0.271,0.274,-0.003,0.271,0.274,-0.003,-0.516,-0.163,-0.15,-0.087,-0.063,0.026,0.05,-0.024,-0.077,-0.088,0.011,-0.012,0.018,-0.03,-0.055,-0.045,-0.012,0.119,-0.131,-0.131,-0.086,-0.217,0.0,0.119,-0.052,0.171,0.119,-0.052,0.171,-0.242,-0.02,-0.87,-0.193,-0.677,-0.228,-0.108,-0.12,-0.276,0.061,-0.337,-0.173,-0.03,-0.143,-0.236,-0.073,-0.164,0.39,-0.291,-0.291,-1.006,0.0,0.39,0.222,0.168,0.39,0.222,0.168,-0.758,-0.183,-0.789,-0.217,-1.006,242,123,119
1629640,Keldon Johnson,2024,-0.503,0.394,-0.897,-0.683,0.237,-0.92,0.299,0.081,0.218,-0.513,-0.028,-0.485,0.179,0.359,-0.182,0.472,0.626,0.626,0.148,0.774,0.0,0.472,0.435,0.037,0.472,0.435,0.037,0.87,0.386,-1.581,-0.234,-1.347,-0.541,-0.195,-0.346,-0.136,-0.055,-0.081,-0.67,0.019,-0.689,-0.038,-0.04,0.004,-0.137,-0.024,-0.024,-1.756,-1.78,0.0,-0.137,-0.045,-0.092,-0.137,-0.045,-0.092,-0.011,-0.505,-2.084,0.16,-2.244,-1.223,0.042,-1.265,0.163,0.026,0.137,-1.184,-0.009,-1.175,0.141,0.319,-0.179,0.335,0.602,0.602,-1.006,0.0,0.335,0.39,-0.055,0.335,0.39,-0.055,0.859,-0.119,0.774,-1.78,-1.006,36576,18263,18313
1631260,AJ Green,2024,0.056,-0.108,0.164,-0.863,-0.395,-0.468,0.071,0.183,-0.112,0.956,-0.036,0.992,-0.477,-0.555,0.076,-0.396,0.268,0.268,-0.817,-0.549,-0.0,-0.396,0.132,-0.528,-0.396,0.132,-0.528,1.916,-0.667,-0.116,-0.006,-0.11,-0.011,0.195,-0.206,-0.31,-0.033,-0.277,0.211,0.022,0.189,-0.261,-0.1,-0.163,-0.144,0.064,0.064,-0.521,-0.457,0.0,-0.144,-0.217,0.073,-0.144,-0.217,0.073,0.534,0.17,-0.059,-0.114,0.055,-0.874,-0.2,-0.674,-0.238,0.151,-0.389,1.167,-0.014,1.181,-0.738,-0.655,-0.087,-0.539,0.332,0.332,-1.006,0.0,-0.539,-0.085,-0.454,-0.539,-0.085,-0.454,2.45,-0.497,-0.549,-0.457,-1.006,4173,2088,2085
1626205,Hunter,2024,-0.377,0.315,-0.692,-0.191,-0.131,-0.06,-0.161,0.091,-0.252,-0.34,-0.053,-0.287,-0.136,-0.085,-0.047,-0.001,-0.011,-0.011,-0.514,-0.525,0.0,-0.001,-0.013,0.012,-0.001,-0.013,0.012,-0.196,-0.042,-0.455,-0.109,-0.346,-0.054,0.061,-0.115,-0.15,-0.096,-0.054,-0.142,0.02,-0.162,-0.072,-0.074,-0.001,-0.02,0.063,0.063,-0.547,-0.484,0.0,-0.02,0.008,-0.028,-0.02,0.008,-0.028,-0.35,-0.025,-0.834,0.206,-1.04,-0.246,-0.07,-0.176,-0.312,-0.005,-0.307,-0.482,-0.033,-0.449,-0.208,-0.158,-0.048,-0.021,0.052,0.052,-1.009,0.001,-0.021,-0.005,-0.016,-0.021,-0.005,-0.016,-0.547,-0.068,-0.525,-0.484,-1.008,30,16,14
202353,Tibor Pleiss,2024,-0.074,0.119,-0.193,-0.653,-0.219,-0.434,0.495,0.067,0.428,-0.035,-0.037,0.002,-0.002,-0.107,0.116,-0.299,-0.056,-0.056,-0.375,-0.431,0.0,-0.299,-0.163,-0.136,-0.299,-0.163,-0.136,-0.39,-0.387,-0.545,-0.102,-0.443,-0.026,0.098,-0.124,-0.141,-0.13,-0.011,-0.276,0.008,-0.284,-0.077,-0.136,0.055,0.023,0.023,0.023,-0.599,-0.576,0.0,0.023,-0.051,0.074,0.023,-0.051,0.074,-0.182,0.05,-0.618,0.017,-0.635,-0.678,-0.12,-0.558,0.354,-0.063,0.417,-0.311,-0.029,-0.282,-0.078,-0.243,0.171,-0.276,-0.033,-0.033,-1.007,-0.001,-0.276,-0.214,-0.062,-0.276,-0.214,-0.062,-0.572,-0.337,-0.431,-0.576,-1.008,317,165,152
1631167,Brockington,2024,-0.41,0.366,-0.776,-0.279,-0.134,-0.145,-0.099,0.103,-0.202,-0.398,-0.048,-0.35,-0.112,-0.081,-0.026,0.006,0.07,0.07,-0.516,-0.446,0.0,0.006,0.008,-0.002,0.006,0.008,-0.002,-0.221,-0.101,-0.378,-0.102,-0.276,-0.095,0.052,-0.147,-0.141,-0.101,-0.04,-0.04,0.02,-0.06,-0.079,-0.072,-0.01,-0.089,-0.017,-0.017,-0.546,-0.563,0.0,-0.089,-0.054,-0.035,-0.089,-0.054,-0.035,-0.327,-0.08,-0.787,0.264,-1.051,-0.373,-0.082,-0.291,-0.24,0.002,-0.242,-0.438,-0.028,-0.41,-0.191,-0.153,-0.036,-0.082,0.053,0.053,-1.009,0.0,-0.082,-0.046,-0.036,-0.082,-0.046,-0.036,-0.548,-0.181,-0.446,-0.563,-1.009,16,8,8
1631159,Leonard Miller,2024,-0.151,0.1,-0.251,-0.505,-0.051,-0.454,0.311,0.124,0.187,-0.057,-0.046,-0.011,-0.285,-0.258,-0.026,0.054,-0.243,-0.243,-0.382,-0.625,0.0,0.054,0.091,-0.037,0.054,0.091,-0.037,0.009,0.172,-0.539,-0.098,-0.441,-0.072,0.045,-0.117,-0.316,-0.104,-0.212,-0.053,0.02,-0.073,-0.065,-0.186,0.116,0.084,0.132,0.132,-0.52,-0.388,0.0,0.084,0.064,0.02,0.084,0.064,0.02,-0.1,-0.077,-0.689,0.002,-0.691,-0.577,-0.006,-0.571,-0.005,0.02,-0.025,-0.109,-0.026,-0.083,-0.35,-0.444,0.09,0.139,-0.112,-0.112,-1.013,0.0,0.139,0.155,-0.016,0.139,0.155,-0.016,-0.09,0.095,-0.625,-0.388,-1.013,265,135,130
202389,Timofey Mozgov,2024,-1.675,-0.225,-1.45,0.143,0.009,0.134,-0.884,-0.455,-0.429,-0.709,0.021,-0.73,-0.766,-0.753,-0.005,-1.264,0.805,0.805,-3.705,-2.9,0.0,-1.264,-0.581,-0.683,-1.264,-0.581,-0.683,-0.824,0.046,1.156,0.307,0.849,0.851,0.413,0.438,-0.234,0.622,-0.856,0.232,-0.014,0.246,0.57,0.471,0.093,-0.882,1.042,1.042,0.844,1.886,-0.0,-0.882,0.01,-0.892,-0.882,0.01,-0.892,0.162,0.63,-0.519,0.082,-0.601,0.994,0.422,0.572,-1.118,0.167,-1.285,-0.477,0.007,-0.484,-0.197,-0.283,0.088,-2.147,1.847,1.847,-1.014,-0.0,-2.147,-0.57,-1.577,-2.147,-0.57,-1.577,-0.662,0.676,-2.9,1.886,-1.014,20186,10069,10117
203518,Alex Abrines,2024,-1.513,0.111,-1.624,-0.938,-0.154,-0.784,-0.222,0.237,-0.459,-0.464,0.061,-0.525,-0.143,0.11,-0.252,0.45,0.589,0.589,-1.206,-0.617,0.0,0.45,0.527,-0.077,0.45,0.527,-0.077,-1.747,-0.956,0.299,0.122,0.177,0.02,-0.041,0.061,0.167,-0.045,0.212,-0.01,0.056,-0.066,-0.512,-0.63,0.118,0.407,-0.593,-0.593,0.194,-0.399,0.0,0.407,0.04,0.367,0.407,0.04,0.367,1.496,0.459,-1.216,0.233,-1.449,-0.918,-0.195,-0.723,-0.056,0.192,-0.248,-0.475,0.117,-0.592,-0.655,-0.52,-0.134,0.857,-0.003,-0.003,-1.016,-0.001,0.857,0.567,0.29,0.857,0.567,0.29,-0.251,-0.497,-0.617,-0.399,-1.017,13284,6658,6626
203113,Quincy Miller,2024,-0.148,0.27,-0.418,-0.469,-0.153,-0.316,-0.339,0.103,-0.442,0.39,-0.029,0.419,-0.105,-0.039,-0.061,-0.19,-0.232,-0.232,-0.443,-0.675,0.0,-0.19,0.098,-0.288,-0.19,0.098,-0.288,0.122,-0.243,0.032,-0.071,0.103,-0.035,0.051,-0.086,-0.027,-0.073,0.046,0.165,0.024,0.141,-0.17,-0.147,-0.027,-0.051,-0.154,-0.154,-0.189,-0.343,-0.0,-0.051,-0.026,-0.025,-0.051,-0.026,-0.025,0.084,-0.047,-0.116,0.199,-0.315,-0.504,-0.102,-0.402,-0.366,0.03,-0.396,0.555,-0.005,0.56,-0.275,-0.186,-0.087,-0.241,-0.386,-0.386,-1.018,0.0,-0.241,0.071,-0.312,-0.241,0.071,-0.312,0.206,-0.289,-0.675,-0.343,-1.018,282,140,142
1629606,Robert Franks,2024,-0.553,0.383,-0.936,-0.247,-0.129,-0.118,-0.319,0.038,-0.357,-0.37,-0.043,-0.327,0.017,-0.04,0.067,0.306,0.097,0.097,-0.23,-0.133,0.0,0.306,0.118,0.188,0.306,0.118,0.188,-0.902,-0.219,-0.55,-0.138,-0.412,-0.145,0.051,-0.196,-0.241,-0.096,-0.145,-0.026,0.02,-0.046,-0.189,-0.147,-0.045,-0.05,-0.095,-0.095,-0.789,-0.884,0.0,-0.05,-0.063,0.013,-0.05,-0.063,0.013,-0.265,-0.061,-1.101,0.245,-1.346,-0.391,-0.078,-0.313,-0.56,-0.058,-0.502,-0.395,-0.023,-0.372,-0.172,-0.187,0.022,0.256,0.002,0.002,-1.017,-0.001,0.256,0.055,0.201,0.256,0.055,0.201,-1.167,-0.279,-0.133,-0.884,-1.018,411,208,203
1631323,Simone Fontecchio,2024,-1.506,0.146,-1.652,-0.344,-0.007,-0.337,-0.077,0.389,-0.466,-1.231,0.0,-1.231,-0.075,-0.206,0.13,0.208,0.641,0.641,-1.373,-0.732,0.0,0.208,0.204,0.004,0.208,0.204,0.004,2.092,0.418,-0.409,-0.093,-0.316,-0.262,0.034,-0.296,-0.33,-0.08,-0.25,0.276,0.012,0.264,-0.182,-0.142,-0.041,0.078,0.226,0.226,-0.513,-0.287,0.0,0.078,0.039,0.039,0.078,0.039,0.039,-0.272,-0.056,-1.914,0.053,-1.967,-0.606,0.027,-0.633,-0.406,0.309,-0.715,-0.955,0.012,-0.967,-0.257,-0.348,0.089,0.286,0.867,0.867,-1.019,0.0,0.286,0.244,0.042,0.286,0.244,0.042,1.82,0.362,-0.732,-0.287,-1.019,10177,5097,5080
1631157,Ryan Rollins,2024,-0.49,0.072,-0.562,0.104,-0.031,0.135,-0.227,0.123,-0.35,-0.439,-0.043,-0.396,-0.036,-0.124,0.097,-0.478,-0.406,-0.406,-1.004,-1.41,0.0,-0.478,-0.148,-0.33,-0.478,-0.148,-0.33,-0.816,0.095,-0.128,-0.033,-0.095,0.008,0.06,-0.052,-0.159,-0.136,-0.023,0.056,0.016,0.04,-0.107,-0.122,0.012,0.336,0.29,0.29,0.101,0.391,0.0,0.336,0.184,0.152,0.336,0.184,0.152,0.172,0.035,-0.617,0.039,-0.656,0.112,0.029,0.083,-0.385,-0.013,-0.372,-0.383,-0.027,-0.356,-0.143,-0.246,0.11,-0.142,-0.117,-0.117,-1.019,-0.001,-0.142,0.036,-0.178,-0.142,0.036,-0.178,-0.643,0.13,-1.41,0.391,-1.02,616,308,308
1641806,Nowell,2024,-0.299,0.374,-0.673,-0.304,-0.151,-0.153,-0.1,0.103,-0.203,-0.269,-0.047,-0.222,-0.117,-0.077,-0.035,-0.061,-0.052,-0.052,-0.477,-0.529,0.0,-0.061,0.005,-0.066,-0.061,0.005,-0.066,-0.202,-0.1,-0.398,-0.107,-0.291,-0.034,0.061,-0.095,-0.181,-0.1,-0.081,-0.076,0.02,-0.096,-0.087,-0.08,-0.01,-0.052,0.045,0.045,-0.537,-0.492,0.0,-0.052,-0.032,-0.02,-0.052,-0.032,-0.02,-0.297,-0.036,-0.699,0.267,-0.966,-0.339,-0.091,-0.248,-0.282,0.002,-0.284,-0.345,-0.028,-0.317,-0.205,-0.158,-0.045,-0.113,-0.007,-0.007,-1.021,0.0,-0.113,-0.027,-0.086,-0.113,-0.027,-0.086,-0.499,-0.137,-0.529,-0.492,-1.021,15,7,8
2730,Dwight Howard,2024,0.145,0.181,-0.036,1.0,0.092,0.908,-1.023,-0.491,-0.532,-0.013,-0.116,0.103,-0.974,0.427,-1.404,-1.841,1.896,1.896,-2.67,-0.774,0.0,-1.841,-1.034,-0.807,-1.841,-1.034,-0.807,-2.413,0.451,-0.205,-0.065,-0.14,0.213,0.313,-0.1,0.313,0.428,-0.115,-0.666,-0.012,-0.654,0.464,0.595,-0.13,-0.521,0.009,0.009,-0.262,-0.253,0.0,-0.521,0.031,-0.552,-0.521,0.031,-0.552,-1.604,0.49,-0.062,0.116,-0.178,1.212,0.404,0.808,-0.711,-0.063,-0.648,-0.679,-0.128,-0.551,-0.51,1.022,-1.534,-2.362,1.905,1.905,-1.027,0.001,-2.362,-1.002,-1.36,-2.362,-1.002,-1.36,-4.017,0.942,-0.774,-0.253,-1.026,48352,24177,24175
1630648,Schakel,2024,-0.244,0.359,-0.603,-0.612,-0.139,-0.473,0.34,0.113,0.227,-0.331,-0.045,-0.286,-0.078,0.0,-0.074,-0.066,-0.305,-0.305,-0.388,-0.693,0.0,-0.066,-0.132,0.066,-0.066,-0.132,0.066,-0.644,-0.207,-0.382,-0.052,-0.33,-0.11,0.082,-0.192,-0.11,-0.084,-0.026,-0.11,0.019,-0.129,-0.06,-0.035,-0.028,-0.017,0.12,0.12,-0.459,-0.339,0.0,-0.017,-0.09,0.073,-0.017,-0.09,0.073,-0.292,-0.037,-0.626,0.307,-0.933,-0.722,-0.057,-0.665,0.231,0.029,0.202,-0.442,-0.027,-0.415,-0.138,-0.034,-0.102,-0.083,-0.185,-0.185,-1.032,-0.001,-0.083,-0.221,0.138,-0.083,-0.221,0.138,-0.936,-0.244,-0.693,-0.339,-1.033,150,74,76
1628021,David Nwaba,2024,-1.246,0.219,-1.465,-0.779,0.26,-1.039,0.391,0.145,0.246,-1.077,-0.049,-1.028,-0.163,0.319,-0.485,0.329,0.816,0.816,-1.08,-0.264,0.0,0.329,0.357,-0.028,0.329,0.357,-0.028,-2.097,0.123,-0.935,0.065,-1.0,-0.366,0.032,-0.398,-0.299,-0.205,-0.094,-0.335,-0.045,-0.29,-0.095,0.05,-0.142,0.202,0.058,0.058,-0.828,-0.77,0.0,0.202,0.038,0.164,0.202,0.038,0.164,-1.804,-0.097,-2.182,0.284,-2.466,-1.146,0.292,-1.438,0.092,-0.06,0.152,-1.412,-0.094,-1.318,-0.258,0.369,-0.627,0.53,0.874,0.874,-1.034,0.0,0.53,0.395,0.135,0.53,0.395,0.135,-3.9,0.025,-0.264,-0.77,-1.034,18749,9312,9437
1630199,Cassius Stanley,2024,-1.545,0.337,-1.882,-0.655,-0.079,-0.576,-0.205,0.005,-0.21,-1.022,-0.039,-0.983,0.5,0.204,0.313,-0.066,-0.228,-0.228,-1.111,-1.339,0.0,-0.066,-0.077,0.011,-0.066,-0.077,0.011,-2.206,-0.204,0.668,0.006,0.662,0.048,0.03,0.018,-0.142,-0.106,-0.036,0.756,0.021,0.735,-0.262,-0.198,-0.066,0.049,-0.154,-0.154,0.455,0.301,-0.0,0.049,0.049,-0.0,0.049,0.049,-0.0,0.8,0.098,-0.877,0.343,-1.22,-0.608,-0.05,-0.558,-0.347,-0.101,-0.246,-0.265,-0.018,-0.247,0.238,0.007,0.247,-0.017,-0.381,-0.381,-1.038,-0.0,-0.017,-0.027,0.01,-0.017,-0.027,0.01,-1.407,-0.106,-1.339,0.301,-1.038,1029,511,518
200769,Shannon Brown,2024,0.186,0.2,-0.014,-0.517,-0.219,-0.298,0.5,0.109,0.391,0.003,-0.019,0.022,-0.107,0.057,-0.161,-0.32,-0.038,-0.038,-0.241,-0.279,-0.0,-0.32,-0.298,-0.022,-0.32,-0.298,-0.022,-1.144,-0.502,-0.5,-0.081,-0.419,0.133,-0.016,0.149,-0.521,-0.137,-0.384,-0.031,0.017,-0.048,-0.204,-0.136,-0.071,-0.025,-0.033,-0.033,-0.729,-0.762,0.0,-0.025,-0.092,0.067,-0.025,-0.092,0.067,-0.301,-0.036,-0.314,0.119,-0.433,-0.384,-0.235,-0.149,-0.021,-0.028,0.007,-0.028,-0.002,-0.026,-0.31,-0.079,-0.232,-0.345,-0.071,-0.071,-1.041,0.0,-0.345,-0.39,0.045,-0.345,-0.39,0.045,-1.444,-0.538,-0.279,-0.762,-1.041,404,203,201
1641745,Adam Flagler,2024,-0.338,0.302,-0.64,-0.391,-0.164,-0.227,0.031,0.122,-0.091,-0.28,-0.046,-0.234,-0.127,-0.118,-0.004,-0.018,-0.038,-0.038,-0.483,-0.521,0.0,-0.018,0.027,-0.045,-0.018,0.027,-0.045,-0.169,-0.158,-0.386,-0.135,-0.251,-0.055,0.033,-0.088,-0.234,-0.122,-0.112,0.038,0.02,0.018,-0.067,-0.061,-0.009,-0.069,0.001,0.001,-0.522,-0.521,0.0,-0.069,-0.012,-0.057,-0.069,-0.012,-0.057,-0.471,-0.117,-0.724,0.167,-0.891,-0.447,-0.132,-0.315,-0.202,0.001,-0.203,-0.242,-0.026,-0.216,-0.194,-0.179,-0.013,-0.087,-0.036,-0.036,-1.042,0.0,-0.087,0.015,-0.102,-0.087,0.015,-0.102,-0.64,-0.275,-0.521,-0.521,-1.042,62,31,31
1630643,Jay Huff,2024,-0.381,-0.004,-0.377,-0.303,-0.127,-0.176,0.486,0.158,0.328,-0.56,-0.041,-0.519,-0.115,-0.113,0.003,-0.006,-0.322,-0.322,-0.502,-0.824,0.0,-0.006,0.26,-0.266,-0.006,0.26,-0.266,-0.414,-0.034,-0.489,0.01,-0.499,-0.066,0.063,-0.129,-0.302,-0.128,-0.174,-0.131,0.023,-0.154,-0.122,-0.153,0.028,0.076,0.317,0.317,-0.535,-0.218,0.0,0.076,0.127,-0.051,0.076,0.127,-0.051,0.09,0.15,-0.872,0.006,-0.878,-0.369,-0.064,-0.305,0.183,0.029,0.154,-0.692,-0.019,-0.673,-0.237,-0.266,0.032,0.07,-0.005,-0.005,-1.042,0.0,0.07,0.388,-0.318,0.07,0.388,-0.318,-0.325,0.116,-0.824,-0.218,-1.042,736,367,369
2853,Earl Barron,2024,-0.587,0.039,-0.626,-0.776,-0.201,-0.575,0.436,-0.119,0.555,-0.286,-0.035,-0.251,-0.287,-0.159,-0.126,0.084,-0.072,-0.072,-0.79,-0.862,-0.0,0.084,-0.124,0.208,0.084,-0.124,0.208,-0.598,-0.465,-0.26,0.03,-0.29,-0.032,0.057,-0.089,-0.178,-0.11,-0.068,-0.08,-0.0,-0.08,-0.135,-0.142,0.003,-0.013,0.227,0.227,-0.408,-0.181,0.0,-0.013,0.024,-0.037,-0.013,0.024,-0.037,-0.213,0.037,-0.85,0.069,-0.919,-0.808,-0.144,-0.664,0.256,-0.23,0.486,-0.367,-0.035,-0.332,-0.422,-0.301,-0.124,0.071,0.155,0.155,-1.043,0.001,0.071,-0.1,0.171,0.071,-0.1,0.171,-0.811,-0.428,-0.862,-0.181,-1.042,673,337,336
1626163,Frank Kaminsky,2024,-0.888,-0.013,-0.875,-0.446,-0.051,-0.395,-0.553,0.035,-0.588,0.124,0.014,0.11,-0.003,-0.0,-0.003,1.032,-0.276,-0.276,0.141,-0.135,0.0,1.032,0.602,0.43,1.032,0.602,0.43,1.792,-0.066,-2.016,-0.117,-1.899,-1.312,-0.026,-1.286,-0.253,-0.071,-0.182,-0.334,-0.024,-0.31,0.037,0.198,-0.16,0.007,1.061,1.061,-1.972,-0.911,0.0,0.007,0.057,-0.05,0.007,0.057,-0.05,-2.074,-0.269,-2.904,-0.13,-2.774,-1.758,-0.076,-1.682,-0.806,-0.036,-0.77,-0.21,-0.01,-0.2,0.033,0.197,-0.163,1.039,0.785,0.785,-1.046,0.0,1.039,0.659,0.38,1.039,0.659,0.38,-0.283,-0.335,-0.135,-0.911,-1.046,33394,16728,16666
203485,Lorenzo Brown,2024,0.496,-0.432,0.928,-0.314,0.13,-0.444,1.021,0.16,0.861,0.221,0.004,0.217,0.029,-0.267,0.301,-1.052,0.156,0.156,-0.527,-0.371,0.0,-1.052,-0.639,-0.413,-1.052,-0.639,-0.413,-0.779,-0.484,-0.651,0.25,-0.901,-0.214,0.066,-0.28,0.021,-0.032,0.053,-0.708,-0.03,-0.678,-0.071,-0.124,0.05,-0.137,0.182,0.182,-0.859,-0.677,0.0,-0.137,0.043,-0.18,-0.137,0.043,-0.18,-0.911,0.102,-0.154,-0.182,0.028,-0.527,0.197,-0.724,1.042,0.129,0.913,-0.487,-0.026,-0.461,-0.041,-0.391,0.351,-1.189,0.338,0.338,-1.048,0.001,-1.189,-0.597,-0.592,-1.189,-0.597,-0.592,-1.69,-0.382,-0.371,-0.677,-1.047,4461,2221,2240
1631311,Lester Quinones,2024,-1.95,-0.121,-1.829,-0.129,0.005,-0.134,-0.143,0.294,-0.437,-1.557,-0.021,-1.536,-0.383,-0.074,-0.313,0.047,1.044,1.044,-2.286,-1.242,0.0,0.047,-0.064,0.111,0.047,-0.064,0.111,-0.79,0.314,0.008,-0.076,0.084,0.117,-0.004,0.121,-0.42,-0.093,-0.327,0.387,0.018,0.369,-0.146,-0.107,-0.041,-0.159,0.491,0.491,-0.297,0.194,0.0,-0.159,-0.23,0.071,-0.159,-0.23,0.071,0.114,-0.009,-1.94,-0.197,-1.743,-0.013,0.0,-0.013,-0.561,0.202,-0.763,-1.169,-0.003,-1.166,-0.529,-0.18,-0.354,-0.112,1.534,1.534,-1.048,0.0,-0.112,-0.293,0.181,-0.112,-0.293,0.181,-0.676,0.304,-1.242,0.194,-1.048,1706,857,849
204021,Sim Bhullar,2024,-0.274,0.308,-0.582,-0.308,-0.149,-0.159,0.038,0.095,-0.057,-0.312,-0.05,-0.262,-0.103,-0.081,-0.016,-0.018,-0.113,-0.113,-0.395,-0.508,0.0,-0.018,-0.001,-0.017,-0.018,-0.001,-0.017,-0.232,-0.129,-0.359,-0.101,-0.258,-0.031,0.063,-0.094,-0.169,-0.098,-0.071,-0.058,0.02,-0.078,-0.094,-0.092,-0.005,-0.084,-0.004,-0.004,-0.537,-0.541,-0.0,-0.084,-0.048,-0.036,-0.084,-0.048,-0.036,-0.324,-0.042,-0.632,0.207,-0.839,-0.338,-0.085,-0.253,-0.131,-0.003,-0.128,-0.37,-0.03,-0.34,-0.197,-0.173,-0.021,-0.102,-0.117,-0.117,-1.049,0.0,-0.102,-0.049,-0.053,-0.102,-0.049,-0.053,-0.556,-0.171,-0.508,-0.541,-1.049,11,5,6
1641970,Maozinha Pereira,2024,-0.736,0.517,-1.253,-0.383,-0.111,-0.272,-0.575,0.063,-0.638,-0.295,-0.04,-0.255,-0.236,0.017,-0.256,-0.248,0.06,0.06,-1.22,-1.16,0.0,-0.248,-0.157,-0.091,-0.248,-0.157,-0.091,-0.637,-0.155,-0.335,-0.091,-0.244,-0.015,0.076,-0.091,-0.195,-0.102,-0.093,-0.034,0.016,-0.05,-0.104,-0.082,-0.024,0.096,0.453,0.453,-0.343,0.11,-0.0,0.096,-0.002,0.098,0.096,-0.002,0.098,-0.336,0.04,-1.072,0.426,-1.498,-0.399,-0.035,-0.364,-0.77,-0.039,-0.731,-0.329,-0.024,-0.305,-0.341,-0.065,-0.28,-0.152,0.513,0.513,-1.05,-0.0,-0.152,-0.159,0.007,-0.152,-0.159,0.007,-0.973,-0.115,-1.16,0.11,-1.05,498,245,253
203953,Jabari Parker,2024,0.851,0.203,0.648,0.944,0.486,0.458,-0.144,-0.165,0.021,-0.152,-0.133,-0.019,-0.05,0.04,-0.09,-0.417,-0.108,-0.108,0.384,0.276,0.0,-0.417,-0.316,-0.101,-0.417,-0.316,-0.101,0.21,1.145,-0.938,-0.02,-0.918,-0.24,-0.205,-0.035,0.012,-0.331,0.343,-0.69,-0.042,-0.648,0.031,0.057,-0.026,0.247,-0.667,-0.667,-0.66,-1.327,0.0,0.247,0.406,-0.159,0.247,0.406,-0.159,-1.922,-0.443,-0.087,0.183,-0.27,0.704,0.281,0.423,-0.132,-0.496,0.364,-0.842,-0.175,-0.667,-0.019,0.097,-0.116,-0.17,-0.776,-0.776,-1.051,0.001,-0.17,0.09,-0.26,-0.17,0.09,-0.26,-1.712,0.702,0.276,-1.327,-1.05,33975,16953,17022
1626171,Bobby Portis,2024,0.126,0.223,-0.097,-0.663,-0.41,-0.253,-0.145,-0.679,0.534,0.711,-0.029,0.74,-0.687,-0.7,0.011,0.133,1.192,1.192,-0.428,0.764,0.0,0.133,0.497,-0.364,0.133,0.497,-0.364,1.072,-0.949,-1.053,-0.238,-0.815,-0.823,0.091,-0.914,0.008,-0.03,0.038,-0.0,-0.016,0.016,0.058,0.044,0.016,-0.669,-0.153,-0.153,-1.664,-1.817,0.0,-0.669,-0.201,-0.468,-0.669,-0.201,-0.468,-2.117,-0.232,-0.927,-0.015,-0.912,-1.485,-0.319,-1.166,-0.137,-0.709,0.572,0.71,-0.046,0.756,-0.629,-0.656,0.027,-0.536,1.039,1.039,-1.053,0.0,-0.536,0.296,-0.832,-0.536,0.296,-0.832,-1.046,-1.181,0.764,-1.817,-1.053,59932,29934,29998
1627819,Isaiah Taylor,2024,0.168,0.06,0.108,-0.471,0.037,-0.508,-0.277,0.192,-0.469,0.856,-0.021,0.877,-0.228,0.242,-0.463,-0.131,-0.137,-0.137,-0.191,-0.328,0.0,-0.131,0.065,-0.196,-0.131,0.065,-0.196,0.854,-0.342,-0.018,0.012,-0.03,0.147,0.169,-0.022,-0.118,0.03,-0.148,-0.059,0.004,-0.063,-0.207,-0.255,0.046,-0.286,-0.216,-0.216,-0.511,-0.727,-0.0,-0.286,-0.19,-0.096,-0.286,-0.19,-0.096,-0.448,0.064,0.151,0.072,0.079,-0.323,0.207,-0.53,-0.395,0.222,-0.617,0.797,-0.018,0.815,-0.435,-0.013,-0.417,-0.417,-0.353,-0.353,-1.055,0.0,-0.417,-0.124,-0.293,-0.417,-0.124,-0.293,0.405,-0.278,-0.328,-0.727,-1.055,5104,2540,2564
1630175,Cole Anthony,2024,-0.207,0.145,-0.352,-0.569,-0.027,-0.542,0.199,-0.12,0.319,0.018,-0.044,0.062,0.441,0.134,0.304,0.437,0.195,0.195,0.671,0.866,-0.0,0.437,0.269,0.168,0.437,0.269,0.168,-1.518,-0.113,-0.668,-0.261,-0.407,0.177,0.102,0.075,-0.205,0.057,-0.262,-0.379,0.024,-0.403,-0.252,-0.237,-0.011,-0.661,-0.342,-0.342,-1.581,-1.923,0.0,-0.661,-0.589,-0.072,-0.661,-0.589,-0.072,-0.304,-0.101,-0.876,-0.116,-0.76,-0.393,0.074,-0.467,-0.006,-0.063,0.057,-0.361,-0.02,-0.341,0.189,-0.103,0.293,-0.224,-0.148,-0.148,-1.057,0.0,-0.224,-0.32,0.096,-0.224,-0.32,0.096,-1.822,-0.214,0.866,-1.923,-1.057,27629,13796,13833
1628365,Markelle Fultz,2024,-1.015,0.155,-1.17,0.209,0.146,0.063,-0.825,-0.156,-0.669,-0.554,-0.04,-0.514,-0.416,-0.154,-0.265,0.783,0.052,0.052,-0.648,-0.596,-0.0,0.783,0.884,-0.101,0.783,0.884,-0.101,-0.761,-0.054,-0.65,-0.165,-0.485,-0.522,0.093,-0.615,0.272,0.001,0.271,-0.235,0.006,-0.241,0.006,0.052,-0.043,0.179,0.002,0.002,-0.465,-0.463,0.0,0.179,0.403,-0.224,0.179,0.403,-0.224,-1.087,-0.139,-1.664,-0.01,-1.654,-0.313,0.239,-0.552,-0.552,-0.154,-0.398,-0.789,-0.034,-0.755,-0.41,-0.102,-0.308,0.961,0.054,0.054,-1.059,0.001,0.961,1.287,-0.326,0.961,1.287,-0.326,-1.848,-0.193,-0.596,-0.463,-1.058,25706,12879,12827
1890,Shawn Marion,2024,-1.419,-0.463,-0.956,0.388,0.11,0.278,0.132,-0.404,0.536,-1.476,-0.04,-1.436,0.139,0.346,-0.193,-0.248,0.298,0.298,-1.528,-1.23,0.0,-0.248,-0.189,-0.059,-0.248,-0.189,-0.059,-2.048,0.608,-0.376,0.406,-0.782,-0.588,-0.061,-0.527,-0.242,-0.013,-0.229,0.048,-0.053,0.101,0.146,-0.01,0.149,0.184,0.217,0.217,-0.046,0.171,0.0,0.184,0.147,0.037,0.184,0.147,0.037,-1.104,-0.471,-1.796,-0.057,-1.739,-0.2,0.049,-0.249,-0.11,-0.417,0.307,-1.429,-0.094,-1.335,0.285,0.336,-0.044,-0.064,0.515,0.515,-1.059,0.0,-0.064,-0.042,-0.022,-0.064,-0.042,-0.022,-3.152,0.137,-1.23,0.171,-1.059,5124,2576,2548
203475,Erick Green,2024,-1.392,-0.285,-1.107,-0.23,-0.387,0.157,-0.352,-0.128,-0.224,-0.525,0.041,-0.566,-0.038,0.067,-0.094,0.904,0.308,0.308,-0.526,-0.218,-0.0,0.904,0.545,0.359,0.904,0.545,0.359,-0.936,-0.545,-0.498,0.143,-0.641,-0.184,0.044,-0.228,-0.177,-0.077,-0.1,-0.28,0.008,-0.288,-0.203,-0.239,0.031,0.04,-0.181,-0.181,-0.661,-0.842,0.0,0.04,0.148,-0.108,0.04,0.148,-0.108,-0.794,-0.297,-1.888,-0.142,-1.746,-0.413,-0.342,-0.071,-0.528,-0.205,-0.323,-0.805,0.049,-0.854,-0.241,-0.172,-0.063,0.944,0.126,0.126,-1.06,0.0,0.944,0.694,0.25,0.944,0.694,0.25,-1.73,-0.842,-0.218,-0.842,-1.06,1650,824,826
1629663,Louis King,2024,-1.162,0.188,-1.35,-0.011,-0.094,0.083,-0.849,0.044,-0.893,-0.49,-0.033,-0.457,-0.298,-0.144,-0.154,0.469,0.378,0.378,-0.991,-0.613,0.0,0.469,0.501,-0.032,0.469,0.501,-0.032,-0.824,0.205,-0.184,-0.003,-0.181,0.158,0.039,0.119,0.038,-0.089,0.127,-0.377,0.021,-0.398,-0.253,-0.33,0.074,-0.067,0.056,0.056,-0.504,-0.448,0.0,-0.067,-0.067,-0.0,-0.067,-0.067,-0.0,0.569,0.081,-1.344,0.185,-1.529,0.147,-0.055,0.202,-0.81,-0.045,-0.765,-0.866,-0.012,-0.854,-0.551,-0.473,-0.081,0.401,0.435,0.435,-1.061,0.0,0.401,0.434,-0.033,0.401,0.434,-0.033,-0.255,0.286,-0.613,-0.448,-1.061,1167,581,586
202705,MarShon Brooks,2024,-0.727,0.336,-1.063,-0.371,-0.053,-0.318,-0.184,-0.059,-0.125,-0.508,-0.049,-0.459,-0.424,-0.429,0.003,0.191,-0.123,-0.123,-0.96,-1.083,0.0,0.191,0.605,-0.414,0.191,0.605,-0.414,-1.857,0.22,-0.15,-0.056,-0.094,0.265,-0.013,0.278,-0.379,-0.16,-0.219,0.02,0.026,-0.006,-0.2,-0.129,-0.074,0.266,0.106,0.106,-0.084,0.022,-0.0,0.266,0.066,0.2,0.266,0.066,0.2,-0.275,-0.09,-0.878,0.28,-1.158,-0.106,-0.066,-0.04,-0.564,-0.219,-0.345,-0.488,-0.023,-0.465,-0.625,-0.557,-0.071,0.457,-0.017,-0.017,-1.061,0.0,0.457,0.67,-0.213,0.457,0.67,-0.213,-2.132,0.131,-1.083,0.022,-1.061,1547,769,778
203951,Keith Appling,2024,-0.369,0.348,-0.717,-0.472,-0.133,-0.339,0.088,0.143,-0.055,-0.333,-0.04,-0.293,-0.105,-0.058,-0.042,-0.04,-0.2,-0.2,-0.514,-0.714,0.0,-0.04,-0.089,0.049,-0.04,-0.089,0.049,-0.625,-0.167,-0.329,-0.051,-0.278,-0.119,0.048,-0.167,-0.073,-0.104,0.031,-0.086,0.023,-0.109,-0.085,-0.083,-0.005,-0.103,0.17,0.17,-0.517,-0.347,0.0,-0.103,-0.068,-0.035,-0.103,-0.068,-0.035,-0.324,-0.099,-0.699,0.297,-0.996,-0.591,-0.085,-0.506,0.014,0.038,-0.024,-0.419,-0.016,-0.403,-0.19,-0.141,-0.047,-0.143,-0.03,-0.03,-1.061,0.0,-0.143,-0.157,0.014,-0.143,-0.157,0.014,-0.95,-0.266,-0.714,-0.347,-1.061,98,49,49
1629634,Brandon Clarke,2024,-0.885,0.082,-0.967,0.751,0.038,0.713,-0.164,-0.385,0.221,-1.554,-0.049,-1.505,-0.452,-0.064,-0.388,0.194,-0.119,-0.119,-1.143,-1.262,0.0,0.194,-0.103,0.297,0.194,-0.103,0.297,1.929,1.14,0.572,-0.096,0.668,0.975,-0.058,1.033,0.463,-0.181,0.644,-0.77,0.005,-0.775,-0.339,-0.468,0.129,0.238,-0.271,-0.271,0.471,0.2,0.0,0.238,-0.025,0.263,0.238,-0.025,0.263,-0.142,-0.012,-0.313,-0.014,-0.299,1.725,-0.02,1.745,0.3,-0.565,0.865,-2.324,-0.044,-2.28,-0.791,-0.532,-0.258,0.432,-0.39,-0.39,-1.062,0.0,0.432,-0.128,0.56,0.432,-0.128,0.56,1.787,1.128,-1.262,0.2,-1.062,23111,11553,11558
1630622,Crutcher,2024,-0.276,0.31,-0.586,-0.381,-0.148,-0.233,-0.058,0.107,-0.165,-0.147,-0.048,-0.099,-0.131,-0.091,-0.035,-0.016,-0.104,-0.104,-0.423,-0.527,0.0,-0.016,-0.002,-0.014,-0.016,-0.002,-0.014,-0.09,-0.125,-0.4,-0.126,-0.274,-0.077,0.053,-0.13,-0.187,-0.107,-0.08,-0.01,0.02,-0.03,-0.099,-0.087,-0.015,-0.078,0.039,0.039,-0.577,-0.538,-0.0,-0.078,-0.047,-0.031,-0.078,-0.047,-0.031,-0.363,-0.087,-0.675,0.184,-0.859,-0.457,-0.095,-0.362,-0.245,-0.0,-0.245,-0.157,-0.028,-0.129,-0.229,-0.178,-0.049,-0.094,-0.065,-0.065,-1.065,-0.001,-0.094,-0.049,-0.045,-0.094,-0.049,-0.045,-0.452,-0.212,-0.527,-0.538,-1.066,10,5,5
203968,Jerrelle Benimon,2024,-0.285,0.347,-0.632,-0.305,-0.15,-0.155,0.03,0.093,-0.063,-0.357,-0.048,-0.309,-0.136,-0.097,-0.034,-0.06,-0.113,-0.113,-0.481,-0.594,0.0,-0.06,-0.0,-0.06,-0.06,-0.0,-0.06,-0.179,-0.093,-0.344,-0.122,-0.222,-0.038,0.061,-0.099,-0.125,-0.097,-0.028,-0.059,0.019,-0.078,-0.083,-0.077,-0.009,-0.078,0.032,0.032,-0.505,-0.473,0.0,-0.078,-0.047,-0.031,-0.078,-0.047,-0.031,-0.304,-0.048,-0.628,0.225,-0.853,-0.343,-0.089,-0.254,-0.095,-0.004,-0.091,-0.415,-0.029,-0.386,-0.219,-0.174,-0.043,-0.139,-0.082,-0.082,-1.067,0.0,-0.139,-0.048,-0.091,-0.139,-0.048,-0.091,-0.483,-0.141,-0.594,-0.473,-1.067,10,6,4
203133,Robbie Hummel,2024,-0.719,-0.068,-0.651,0.207,-0.074,0.281,-0.599,-0.109,-0.49,-0.259,-0.013,-0.246,0.421,0.357,0.078,-0.079,0.55,0.55,-0.377,0.173,-0.0,-0.079,0.565,-0.644,-0.079,0.565,-0.644,0.568,0.32,-1.068,0.228,-1.296,-0.486,-0.012,-0.474,-0.249,-0.097,-0.152,-0.561,-0.026,-0.535,-0.222,-0.349,0.122,-0.009,0.057,0.057,-1.299,-1.242,0.0,-0.009,-0.249,0.24,-0.009,-0.249,0.24,-0.329,0.108,-1.788,0.16,-1.948,-0.279,-0.086,-0.193,-0.848,-0.206,-0.642,-0.821,-0.04,-0.781,0.2,0.007,0.2,-0.088,0.607,0.607,-1.069,0.0,-0.088,0.316,-0.404,-0.088,0.316,-0.404,0.239,0.428,0.173,-1.242,-1.069,3174,1580,1594
1631309,Hudgins,2024,-0.454,0.343,-0.797,-0.293,-0.167,-0.126,-0.025,0.113,-0.138,-0.479,-0.046,-0.433,-0.107,-0.132,0.032,0.021,-0.134,-0.134,-0.54,-0.674,0.0,0.021,0.015,0.006,0.021,0.015,0.006,-0.221,-0.209,-0.351,-0.063,-0.288,-0.082,0.065,-0.147,-0.226,-0.105,-0.121,0.02,0.02,-0.0,-0.132,-0.099,-0.035,0.002,0.083,0.083,-0.481,-0.398,-0.0,0.002,0.042,-0.04,0.002,0.042,-0.04,-0.225,-0.042,-0.805,0.28,-1.085,-0.375,-0.102,-0.273,-0.251,0.008,-0.259,-0.459,-0.026,-0.433,-0.238,-0.231,-0.003,0.023,-0.051,-0.051,-1.072,0.001,0.023,0.057,-0.034,0.023,0.057,-0.034,-0.446,-0.251,-0.674,-0.398,-1.071,114,56,58
203092,Tyler Zeller,2024,-1.411,-0.278,-1.133,-0.255,0.011,-0.266,-0.592,-0.533,-0.059,-0.286,-0.032,-0.254,-0.336,-0.542,0.215,-0.184,0.103,0.103,-1.931,-1.828,0.0,-0.184,-0.015,-0.169,-0.184,-0.015,-0.169,1.288,0.33,1.12,0.208,0.912,0.415,0.204,0.211,0.647,0.451,0.196,-0.15,0.018,-0.168,0.185,-0.008,0.189,-0.701,0.152,0.152,0.604,0.756,-0.0,-0.701,-0.273,-0.428,-0.701,-0.273,-0.428,-0.188,0.545,-0.291,-0.07,-0.221,0.16,0.215,-0.055,0.055,-0.082,0.137,-0.436,-0.014,-0.422,-0.151,-0.55,0.405,-0.885,0.254,0.254,-1.072,-0.0,-0.885,-0.289,-0.596,-0.885,-0.289,-0.596,1.1,0.875,-1.828,0.756,-1.072,18966,9433,9533
1630620,Days,2024,-0.751,0.325,-1.076,-0.273,-0.161,-0.112,-0.015,0.121,-0.136,-0.788,-0.047,-0.741,-0.224,-0.195,-0.027,0.041,0.349,0.349,-0.934,-0.585,0.0,0.041,-0.002,0.043,0.041,-0.002,0.043,-0.094,-0.19,-0.382,-0.101,-0.281,-0.037,0.064,-0.101,-0.251,-0.106,-0.145,0.007,0.02,-0.013,-0.139,-0.119,-0.023,-0.046,0.079,0.079,-0.567,-0.488,0.0,-0.046,0.004,-0.05,-0.046,0.004,-0.05,-0.203,-0.027,-1.131,0.224,-1.355,-0.308,-0.096,-0.212,-0.266,0.015,-0.281,-0.781,-0.027,-0.754,-0.363,-0.313,-0.05,-0.005,0.427,0.427,-1.073,0.001,-0.005,0.002,-0.007,-0.005,0.002,-0.007,-0.297,-0.217,-0.585,-0.488,-1.072,104,52,52
202344,Trevor Booker,2024,-1.469,-0.272,-1.197,-0.304,-0.145,-0.159,-0.22,-0.082,-0.138,-0.673,0.098,-0.771,-0.345,-0.225,-0.111,-0.818,1.146,1.146,-2.632,-1.486,0.0,-0.818,-0.146,-0.672,-0.818,-0.146,-0.672,-1.77,-0.366,-0.006,0.049,-0.055,0.01,0.035,-0.025,0.088,-0.104,0.192,-0.153,-0.065,-0.088,-0.053,-0.23,0.171,0.635,-0.163,-0.163,0.576,0.413,-0.0,0.635,0.45,0.185,0.635,0.45,0.185,0.876,0.218,-1.476,-0.223,-1.253,-0.294,-0.11,-0.184,-0.133,-0.186,0.053,-0.826,0.032,-0.858,-0.397,-0.455,0.059,-0.183,0.983,0.983,-1.073,-0.001,-0.183,0.304,-0.487,-0.183,0.304,-0.487,-0.895,-0.147,-1.486,0.413,-1.074,26272,13124,13148
1641847,Funk,2024,-0.37,0.323,-0.693,-0.317,-0.143,-0.174,-0.174,0.1,-0.274,-0.202,-0.046,-0.156,-0.145,-0.103,-0.037,-0.085,0.08,0.08,-0.6,-0.52,0.0,-0.085,-0.039,-0.046,-0.085,-0.039,-0.046,-0.341,-0.1,-0.29,-0.061,-0.229,0.05,0.053,-0.003,-0.205,-0.116,-0.089,-0.074,0.02,-0.094,-0.119,-0.12,-0.002,-0.065,-0.083,-0.083,-0.474,-0.557,-0.0,-0.065,-0.057,-0.008,-0.065,-0.057,-0.008,-0.318,-0.011,-0.66,0.262,-0.922,-0.266,-0.09,-0.176,-0.38,-0.016,-0.364,-0.276,-0.026,-0.25,-0.264,-0.223,-0.039,-0.149,-0.003,-0.003,-1.077,0.001,-0.149,-0.096,-0.053,-0.149,-0.096,-0.053,-0.659,-0.111,-0.52,-0.557,-1.076,56,27,29
202347,Quincy Pondexter,2024,-1.237,-0.8,-0.437,-0.646,-0.005,-0.641,-0.584,-0.127,-0.457,0.793,0.025,0.768,0.273,0.445,-0.164,-0.393,-0.034,-0.034,-1.357,-1.391,0.0,-0.393,-0.257,-0.136,-0.393,-0.257,-0.136,-1.154,-0.325,0.778,0.613,0.165,-0.39,-0.218,-0.172,-0.008,0.013,-0.021,0.563,-0.006,0.569,0.203,0.163,0.035,-0.511,-0.159,-0.159,0.47,0.311,-0.0,-0.511,-0.256,-0.255,-0.511,-0.256,-0.255,0.449,-0.129,-0.457,-0.187,-0.27,-1.036,-0.223,-0.813,-0.591,-0.113,-0.478,1.357,0.019,1.338,0.477,0.609,-0.128,-0.904,-0.193,-0.193,-1.08,0.0,-0.904,-0.513,-0.391,-0.904,-0.513,-0.391,-0.704,-0.453,-1.391,0.311,-1.08,9571,4775,4796
1629653,Devon Dotson,2024,-0.579,-0.17,-0.409,0.188,-0.115,0.303,-0.567,0.192,-0.759,-0.03,-0.053,0.023,-0.032,0.138,-0.167,0.038,-0.401,-0.401,-0.573,-0.974,0.0,0.038,0.01,0.028,0.038,0.01,0.028,-0.543,0.025,-0.404,-0.035,-0.369,0.224,0.085,0.139,-0.479,-0.042,-0.437,-0.114,0.021,-0.135,-0.232,-0.216,-0.019,0.253,0.274,0.274,-0.383,-0.109,-0.0,0.253,-0.1,0.353,0.253,-0.1,0.353,0.963,0.278,-0.982,-0.205,-0.777,0.413,-0.029,0.442,-1.046,0.15,-1.196,-0.144,-0.032,-0.112,-0.265,-0.078,-0.186,0.291,-0.127,-0.127,-1.083,0.0,0.291,-0.09,0.381,0.291,-0.09,0.381,0.419,0.304,-0.974,-0.109,-1.083,773,392,381
202397,Ish Smith,2024,-0.945,0.025,-0.97,-0.242,0.081,-0.323,-0.338,-0.259,-0.079,-0.39,-0.009,-0.381,-0.573,-0.284,-0.291,1.159,0.283,0.283,-0.359,-0.076,-0.0,1.159,0.753,0.406,1.159,0.753,0.406,0.029,-0.245,-0.564,-0.041,-0.523,-0.138,0.043,-0.181,-0.113,0.136,-0.249,-0.272,0.014,-0.286,-0.289,-0.297,0.006,-0.126,-0.03,-0.03,-0.979,-1.009,0.0,-0.126,-0.208,0.082,-0.126,-0.208,0.082,0.019,-0.028,-1.508,-0.016,-1.492,-0.379,0.124,-0.503,-0.451,-0.123,-0.328,-0.662,0.005,-0.667,-0.861,-0.581,-0.284,1.033,0.253,0.253,-1.085,-0.0,1.033,0.545,0.488,1.033,0.545,0.488,0.048,-0.273,-0.076,-1.009,-1.085,55840,27900,27940
200748,Tyrus Thomas,2024,-0.305,0.351,-0.656,-0.352,-0.149,-0.203,0.006,0.092,-0.086,-0.31,-0.052,-0.258,-0.1,-0.078,-0.015,-0.028,-0.078,-0.078,-0.433,-0.511,0.0,-0.028,0.018,-0.046,-0.028,0.018,-0.046,-0.112,-0.104,-0.428,-0.125,-0.303,-0.092,0.051,-0.143,-0.198,-0.107,-0.091,-0.013,0.019,-0.032,-0.111,-0.091,-0.024,-0.051,0.011,0.011,-0.59,-0.579,0.0,-0.051,-0.036,-0.015,-0.051,-0.036,-0.015,-0.345,-0.073,-0.733,0.226,-0.959,-0.444,-0.098,-0.346,-0.192,-0.015,-0.177,-0.323,-0.033,-0.29,-0.211,-0.169,-0.039,-0.079,-0.067,-0.067,-1.09,0.0,-0.079,-0.017,-0.062,-0.079,-0.017,-0.062,-0.457,-0.177,-0.511,-0.579,-1.09,22,11,11
203998,Bruno Caboclo,2024,-2.398,-0.149,-2.249,-1.11,-0.145,-0.965,-0.054,0.144,-0.198,-1.085,-0.016,-1.069,0.306,0.17,0.137,-0.156,0.597,0.597,-2.248,-1.651,0.0,-0.156,0.133,-0.289,-0.156,0.133,-0.289,-1.619,-0.645,0.434,0.104,0.33,0.322,0.049,0.273,0.164,-0.193,0.357,-0.156,0.012,-0.168,-0.255,-0.402,0.146,-0.006,0.386,0.386,0.173,0.559,0.0,-0.006,-0.339,0.333,-0.006,-0.339,0.333,0.607,0.363,-1.964,-0.045,-1.919,-0.788,-0.096,-0.692,0.11,-0.049,0.159,-1.241,-0.004,-1.237,0.051,-0.231,0.283,-0.162,0.983,0.983,-1.092,0.0,-0.162,-0.206,0.044,-0.162,-0.206,0.044,-1.012,-0.282,-1.651,0.559,-1.092,5055,2514,2541
1627762,Joel Bolomboy,2024,-0.625,0.018,-0.643,-0.265,-0.202,-0.063,0.392,0.044,0.348,-0.77,-0.025,-0.745,-0.331,-0.334,0.004,0.135,-0.369,-0.369,-0.821,-1.19,0.0,0.135,0.105,0.03,0.135,0.105,0.03,-0.673,-0.214,0.071,-0.03,0.101,0.05,0.083,-0.033,-0.035,-0.086,0.051,0.086,0.012,0.074,-0.003,0.058,-0.062,-0.111,0.135,0.135,-0.043,0.092,0.0,-0.111,0.038,-0.149,-0.111,0.038,-0.149,-0.505,-0.053,-0.555,-0.012,-0.543,-0.216,-0.119,-0.097,0.356,-0.043,0.399,-0.683,-0.013,-0.67,-0.334,-0.276,-0.058,0.025,-0.233,-0.233,-1.098,0.001,0.025,0.143,-0.118,0.025,0.143,-0.118,-1.178,-0.267,-1.19,0.092,-1.097,540,269,271
1628591,Sword,2024,-0.311,0.336,-0.647,-0.192,-0.158,-0.034,-0.079,0.115,-0.194,-0.376,-0.045,-0.331,-0.165,-0.134,-0.027,-0.177,-0.036,-0.036,-0.653,-0.689,0.0,-0.177,-0.105,-0.072,-0.177,-0.105,-0.072,0.032,-0.041,-0.343,-0.141,-0.202,-0.008,0.056,-0.064,-0.135,-0.112,-0.023,-0.059,0.019,-0.078,-0.156,-0.17,0.01,0.023,0.067,0.067,-0.476,-0.409,0.0,0.023,-0.019,0.042,0.023,-0.019,0.042,-0.175,-0.041,-0.656,0.195,-0.851,-0.199,-0.101,-0.098,-0.216,0.002,-0.218,-0.436,-0.027,-0.409,-0.321,-0.303,-0.016,-0.154,0.031,0.031,-1.098,0.0,-0.154,-0.124,-0.03,-0.154,-0.124,-0.03,-0.143,-0.083,-0.689,-0.409,-1.098,70,34,36
1627098,Malcolm Delaney,2024,-2.233,-0.048,-2.185,-1.222,-0.285,-0.937,0.296,-0.119,0.415,-1.259,-0.019,-1.24,0.11,0.19,-0.077,0.249,0.19,0.19,-1.874,-1.684,0.0,0.249,-0.154,0.403,0.249,-0.154,0.403,-1.336,-0.656,-0.807,0.027,-0.834,-0.107,0.199,-0.306,-0.592,-0.026,-0.566,-0.135,-0.01,-0.125,-0.186,-0.167,-0.02,1.272,0.304,0.304,0.279,0.583,0.0,1.272,0.388,0.884,1.272,0.388,0.884,0.122,0.168,-3.04,-0.021,-3.019,-1.328,-0.085,-1.243,-0.296,-0.145,-0.151,-1.395,-0.029,-1.366,-0.075,0.023,-0.097,1.52,0.495,0.495,-1.101,0.001,1.52,0.233,1.287,1.52,0.233,1.287,-1.215,-0.488,-1.684,0.583,-1.1,9664,4812,4852
1629102,Brandon Sampson,2024,0.216,0.23,-0.014,0.039,-0.101,0.14,0.068,0.051,0.017,-0.121,-0.048,-0.073,-0.088,-0.04,-0.043,0.145,-0.549,-0.549,0.273,-0.276,0.0,0.145,0.215,-0.07,0.145,0.215,-0.07,-0.111,0.003,-0.975,-0.089,-0.886,0.024,0.013,0.011,-0.381,-0.067,-0.314,-0.529,0.025,-0.554,-0.089,-0.009,-0.082,-0.026,0.255,0.255,-1.09,-0.835,0.0,-0.026,0.064,-0.09,-0.026,0.064,-0.09,-0.761,-0.106,-0.76,0.141,-0.901,0.062,-0.088,0.15,-0.313,-0.016,-0.297,-0.65,-0.023,-0.627,-0.177,-0.05,-0.125,0.119,-0.294,-0.294,-1.111,0.0,0.119,0.28,-0.161,0.119,0.28,-0.161,-0.871,-0.102,-0.276,-0.835,-1.111,549,278,271
1628977,Hamidou Diallo,2024,-2.037,0.029,-2.066,-0.441,0.273,-0.714,-0.777,-0.117,-0.66,-0.848,-0.047,-0.801,-0.593,-0.039,-0.559,-0.39,1.066,1.066,-3.02,-1.954,0.0,-0.39,-0.262,-0.128,-0.39,-0.262,-0.128,-3.033,0.362,0.726,-0.055,0.781,0.073,-0.102,0.175,0.375,-0.182,0.557,0.333,0.015,0.318,-0.292,-0.416,0.126,0.507,-0.101,-0.101,0.941,0.84,-0.0,0.507,0.034,0.473,0.507,0.034,0.473,-0.302,-0.51,-1.311,-0.026,-1.285,-0.368,0.171,-0.539,-0.402,-0.299,-0.103,-0.515,-0.032,-0.483,-0.885,-0.455,-0.433,0.117,0.965,0.965,-1.114,-0.0,0.117,-0.228,0.345,0.117,-0.228,0.345,-3.335,-0.147,-1.954,0.84,-1.114,20440,10207,10233
1629639,Tyler Herro,2024,0.319,0.289,0.03,0.334,-0.231,0.565,-0.276,-0.219,-0.057,-0.028,-0.029,0.001,0.323,0.028,0.288,-0.021,0.025,0.025,0.621,0.646,0.0,-0.021,-0.023,0.002,-0.021,-0.023,0.002,-0.994,-0.231,-0.404,-0.162,-0.242,-0.357,0.009,-0.366,-0.115,-0.139,0.024,0.23,0.008,0.222,-0.085,-0.03,-0.051,-0.085,-1.198,-1.198,-0.574,-1.772,0.0,-0.085,-0.037,-0.048,-0.085,-0.037,-0.048,-1.435,-0.311,-0.084,0.127,-0.211,-0.023,-0.222,0.199,-0.391,-0.358,-0.033,0.203,-0.021,0.224,0.238,-0.002,0.237,-0.106,-1.173,-1.173,-1.126,0.0,-0.106,-0.06,-0.046,-0.106,-0.06,-0.046,-2.429,-0.542,0.646,-1.772,-1.126,41560,20816,20744
201596,Mario Chalmers,2024,-1.568,-0.242,-1.326,-0.524,0.321,-0.845,-0.419,0.239,-0.658,-0.383,0.0,-0.383,0.815,0.688,0.134,-0.658,0.102,0.102,-1.411,-1.309,0.0,-0.658,-0.253,-0.405,-0.658,-0.253,-0.405,-1.512,-0.095,0.148,0.205,-0.057,0.02,-0.081,0.101,0.067,-0.249,0.316,-0.144,-0.032,-0.112,-0.858,-0.929,0.066,1.413,-0.52,-0.52,0.703,0.183,-0.0,1.413,0.485,0.928,1.413,0.485,0.928,2.007,0.216,-1.42,-0.037,-1.383,-0.505,0.24,-0.745,-0.351,-0.01,-0.341,-0.527,-0.032,-0.495,-0.043,-0.241,0.2,0.754,-0.418,-0.418,-1.126,0.0,0.754,0.232,0.522,0.754,0.232,0.522,0.494,0.122,-1.309,0.183,-1.126,20057,10006,10051
203079,Dion Waiters,2024,0.037,-0.267,0.304,-0.472,0.38,-0.852,-0.224,0.443,-0.667,1.0,0.05,0.95,-0.007,0.024,-0.019,-0.446,-0.129,-0.129,-0.416,-0.545,0.0,-0.446,-0.073,-0.373,-0.446,-0.073,-0.373,-1.489,-0.705,-0.333,0.269,-0.602,-0.256,-0.174,-0.082,-0.136,-0.009,-0.127,-0.21,0.011,-0.221,-0.02,-0.238,0.213,0.214,-0.442,-0.442,-0.139,-0.581,0.0,0.214,-0.168,0.382,0.214,-0.168,0.382,0.079,-0.14,-0.295,0.002,-0.297,-0.727,0.207,-0.934,-0.36,0.434,-0.794,0.79,0.061,0.729,-0.027,-0.215,0.194,-0.232,-0.571,-0.571,-1.126,-0.001,-0.232,-0.241,0.009,-0.232,-0.241,0.009,-1.409,-0.845,-0.545,-0.581,-1.127,32803,16415,16388
203488,Mike Muscala,2024,-0.847,-0.122,-0.725,-0.103,-0.188,0.085,0.084,0.252,-0.168,-0.706,0.067,-0.773,-0.035,-0.031,0.0,-0.328,-0.3,-0.3,-1.21,-1.51,0.0,-0.328,-0.505,0.177,-0.328,-0.505,0.177,1.725,-0.387,0.487,0.11,0.377,0.695,0.041,0.654,-0.147,0.07,-0.217,-0.171,-0.028,-0.143,0.244,0.247,-0.004,-0.552,0.194,0.194,0.179,0.373,0.0,-0.552,-0.418,-0.134,-0.552,-0.418,-0.134,-0.358,0.218,-0.358,-0.012,-0.346,0.593,-0.147,0.74,-0.063,0.322,-0.385,-0.876,0.04,-0.916,0.209,0.216,-0.004,-0.88,-0.106,-0.106,-1.137,0.0,-0.88,-0.923,0.043,-0.88,-0.923,0.043,1.367,-0.169,-1.51,0.373,-1.137,36159,18111,18048
1627875,Marcus Georges-Hunt,2024,-0.025,-0.083,0.058,-0.588,-0.28,-0.308,0.35,-0.011,0.361,0.296,-0.052,0.348,-0.002,0.126,-0.124,0.586,-0.083,-0.083,0.559,0.476,0.0,0.586,0.091,0.495,0.586,0.091,0.495,-0.459,-0.467,-0.91,-0.011,-0.899,-0.221,0.091,-0.312,-0.251,-0.165,-0.086,-0.427,-0.002,-0.425,-0.146,-0.209,0.06,-0.166,-0.394,-0.394,-1.222,-1.616,0.0,-0.166,-0.098,-0.068,-0.166,-0.098,-0.068,-0.577,0.097,-0.936,-0.094,-0.842,-0.81,-0.19,-0.62,0.099,-0.176,0.275,-0.131,-0.054,-0.077,-0.148,-0.082,-0.064,0.42,-0.477,-0.477,-1.14,-0.001,0.42,-0.008,0.428,0.42,-0.008,0.428,-1.036,-0.37,0.476,-1.616,-1.141,1477,732,745
1628959,Rawle Alkins,2024,-0.386,0.216,-0.602,-0.682,-0.044,-0.638,0.236,0.095,0.141,-0.156,-0.045,-0.111,-0.22,-0.218,0.002,0.393,0.239,0.239,-0.213,0.026,-0.0,0.393,0.283,0.11,0.393,0.283,0.11,0.214,-0.181,-0.768,-0.106,-0.662,-0.083,0.067,-0.15,-0.393,-0.077,-0.316,-0.186,0.016,-0.202,-0.135,-0.086,-0.051,-0.2,-0.068,-0.068,-1.103,-1.171,0.0,-0.2,-0.206,0.006,-0.2,-0.206,0.006,-0.509,0.046,-1.153,0.11,-1.263,-0.764,0.024,-0.788,-0.157,0.018,-0.175,-0.342,-0.029,-0.313,-0.355,-0.305,-0.049,0.193,0.171,0.171,-1.145,0.0,0.193,0.077,0.116,0.193,0.077,0.116,-0.295,-0.134,0.026,-1.171,-1.145,501,250,251
1629651,Nicolas Claxton,2024,-1.178,0.028,-1.206,0.413,-0.042,0.455,-1.079,-0.369,-0.71,-0.54,-0.056,-0.484,-0.795,-0.255,-0.543,-0.387,0.543,0.543,-2.36,-1.817,-0.0,-0.387,-0.619,0.232,-0.387,-0.619,0.232,-0.024,0.785,1.643,-0.066,1.709,1.256,0.06,1.196,0.911,-0.084,0.995,-0.458,-0.006,-0.452,0.242,0.091,0.154,-0.232,-0.985,-0.985,1.653,0.668,0.0,-0.232,-0.082,-0.15,-0.232,-0.082,-0.15,-0.096,0.01,0.463,-0.038,0.501,1.668,0.018,1.65,-0.168,-0.453,0.285,-0.999,-0.062,-0.937,-0.553,-0.164,-0.389,-0.619,-0.442,-0.442,-1.149,-0.0,-0.619,-0.701,0.082,-0.619,-0.701,0.082,-0.12,0.795,-1.817,0.668,-1.149,26153,13012,13141
1630575,Lewis,2024,-0.278,0.384,-0.662,-0.274,-0.137,-0.137,0.007,0.114,-0.107,-0.395,-0.047,-0.348,-0.043,-0.031,-0.004,-0.104,-0.17,-0.17,-0.425,-0.595,0.0,-0.104,-0.068,-0.036,-0.104,-0.068,-0.036,-0.303,-0.083,-0.433,-0.086,-0.347,-0.074,0.058,-0.132,-0.192,-0.106,-0.086,-0.081,0.019,-0.1,-0.118,-0.089,-0.033,0.027,-0.031,-0.031,-0.524,-0.555,-0.0,0.027,0.029,-0.002,0.027,0.029,-0.002,-0.231,-0.019,-0.712,0.298,-1.01,-0.349,-0.08,-0.269,-0.185,0.008,-0.193,-0.476,-0.028,-0.448,-0.161,-0.12,-0.037,-0.077,-0.201,-0.201,-1.15,0.0,-0.077,-0.039,-0.038,-0.077,-0.039,-0.038,-0.535,-0.102,-0.595,-0.555,-1.15,32,15,17
1628979,Duval,2024,-0.28,0.312,-0.592,-0.309,-0.154,-0.155,-0.052,0.108,-0.16,-0.231,-0.046,-0.185,-0.122,-0.087,-0.029,-0.068,-0.115,-0.115,-0.47,-0.585,0.0,-0.068,-0.075,0.007,-0.068,-0.075,0.007,-0.119,-0.111,-0.421,-0.107,-0.314,-0.08,0.048,-0.128,-0.175,-0.101,-0.074,-0.059,0.021,-0.08,-0.079,-0.071,-0.011,-0.07,0.002,0.002,-0.57,-0.568,0.0,-0.07,-0.055,-0.015,-0.07,-0.055,-0.015,-0.362,-0.102,-0.703,0.205,-0.908,-0.39,-0.107,-0.283,-0.227,0.007,-0.234,-0.291,-0.026,-0.265,-0.201,-0.159,-0.04,-0.138,-0.113,-0.113,-1.153,0.001,-0.138,-0.13,-0.008,-0.138,-0.13,-0.008,-0.481,-0.214,-0.585,-0.568,-1.152,20,10,10
1628238,Bass,2024,-0.442,0.294,-0.736,-0.398,-0.121,-0.277,-0.044,0.121,-0.165,-0.294,-0.046,-0.248,-0.143,-0.11,-0.028,-0.165,0.084,0.084,-0.75,-0.666,0.0,-0.165,-0.059,-0.106,-0.165,-0.059,-0.106,-0.361,-0.102,-0.381,-0.097,-0.284,-0.068,0.054,-0.122,-0.178,-0.103,-0.075,-0.038,0.02,-0.058,-0.103,-0.106,-0.0,-0.039,0.031,0.031,-0.523,-0.492,0.0,-0.039,-0.039,-0.0,-0.039,-0.039,-0.0,-0.339,-0.107,-0.822,0.197,-1.019,-0.466,-0.067,-0.399,-0.221,0.019,-0.24,-0.332,-0.026,-0.306,-0.246,-0.216,-0.028,-0.204,0.114,0.114,-1.158,0.0,-0.204,-0.098,-0.106,-0.204,-0.098,-0.106,-0.7,-0.209,-0.666,-0.492,-1.158,34,18,16
1627822,Cornelie,2024,-0.416,0.164,-0.58,-0.339,-0.207,-0.132,-0.074,0.08,-0.154,-0.167,-0.049,-0.118,-0.213,-0.088,-0.125,0.129,-0.138,-0.138,-0.5,-0.638,0.0,0.129,0.038,0.091,0.129,0.038,0.091,-0.012,-0.126,-0.558,-0.097,-0.461,-0.16,0.028,-0.188,-0.256,-0.121,-0.135,-0.045,0.019,-0.064,-0.088,-0.079,-0.012,0.081,0.045,0.045,-0.565,-0.52,0.0,0.081,-0.024,0.105,0.081,-0.024,0.105,-0.149,-0.109,-0.975,0.067,-1.042,-0.499,-0.179,-0.32,-0.33,-0.041,-0.289,-0.213,-0.031,-0.182,-0.301,-0.167,-0.137,0.21,-0.094,-0.094,-1.158,0.0,0.21,0.014,0.196,0.21,0.014,0.196,-0.161,-0.235,-0.638,-0.52,-1.158,168,86,82
1630589,Wright,2024,-0.098,0.332,-0.43,-0.373,-0.157,-0.216,0.016,0.075,-0.059,-0.073,-0.045,-0.028,-0.134,-0.118,-0.011,-0.201,-0.133,-0.133,-0.433,-0.566,0.0,-0.201,-0.055,-0.146,-0.201,-0.055,-0.146,-0.07,-0.144,-0.479,-0.089,-0.39,-0.089,0.071,-0.16,-0.134,-0.095,-0.039,-0.167,0.02,-0.187,-0.07,-0.091,0.017,-0.131,0.088,0.088,-0.68,-0.592,0.0,-0.131,-0.065,-0.066,-0.131,-0.065,-0.066,-0.423,-0.051,-0.576,0.243,-0.819,-0.463,-0.086,-0.377,-0.118,-0.02,-0.098,-0.238,-0.024,-0.214,-0.204,-0.209,0.006,-0.333,-0.045,-0.045,-1.158,0.0,-0.333,-0.121,-0.212,-0.333,-0.121,-0.212,-0.493,-0.195,-0.566,-0.592,-1.158,64,32,32
2457,Jannero Pargo,2024,-0.559,0.151,-0.71,-0.462,-0.086,-0.376,0.112,0.11,0.002,-0.36,-0.034,-0.326,0.023,-0.0,0.034,0.297,-0.612,-0.612,-0.239,-0.851,0.0,0.297,0.057,0.24,0.297,0.057,0.24,-0.411,-0.209,-0.12,-0.012,-0.108,0.008,0.065,-0.057,-0.171,-0.098,-0.073,0.055,0.005,0.05,-0.078,-0.037,-0.044,-0.064,-0.051,-0.051,-0.262,-0.313,0.0,-0.064,-0.242,0.178,-0.064,-0.242,0.178,-0.332,-0.024,-0.679,0.139,-0.818,-0.454,-0.021,-0.433,-0.059,0.012,-0.071,-0.305,-0.029,-0.276,-0.055,-0.038,-0.01,0.233,-0.663,-0.663,-1.164,0.0,0.233,-0.186,0.419,0.233,-0.186,0.419,-0.742,-0.234,-0.851,-0.313,-1.164,415,205,210
1628999,Maten,2024,-0.254,0.359,-0.613,-0.381,-0.144,-0.237,0.091,0.103,-0.012,-0.323,-0.044,-0.279,-0.164,-0.128,-0.031,-0.091,-0.152,-0.152,-0.509,-0.661,0.0,-0.091,-0.041,-0.05,-0.091,-0.041,-0.05,-0.29,-0.14,-0.314,-0.094,-0.22,-0.019,0.059,-0.078,-0.141,-0.097,-0.044,-0.06,0.019,-0.079,-0.052,-0.045,-0.01,-0.068,-0.072,-0.072,-0.434,-0.506,0.0,-0.068,-0.035,-0.033,-0.068,-0.035,-0.033,-0.377,-0.026,-0.567,0.265,-0.832,-0.399,-0.084,-0.315,-0.05,0.006,-0.056,-0.383,-0.026,-0.357,-0.215,-0.173,-0.041,-0.159,-0.224,-0.224,-1.167,0.0,-0.159,-0.076,-0.083,-0.159,-0.076,-0.083,-0.668,-0.166,-0.661,-0.506,-1.167,54,27,27
1630611,Gui Santos,2024,-1.235,0.16,-1.395,-0.088,-0.037,-0.051,0.035,0.237,-0.202,-1.342,-0.033,-1.309,-0.125,-0.195,0.078,0.138,0.645,0.645,-1.222,-0.577,0.0,0.138,0.101,0.037,0.138,0.101,0.037,-0.228,0.393,-0.45,-0.073,-0.377,0.155,0.017,0.138,-0.397,-0.108,-0.289,-0.135,0.019,-0.154,-0.124,-0.062,-0.064,-0.198,0.179,0.179,-0.772,-0.593,0.0,-0.198,-0.083,-0.115,-0.198,-0.083,-0.115,-0.326,0.03,-1.684,0.087,-1.771,0.067,-0.02,0.087,-0.361,0.129,-0.49,-1.477,-0.014,-1.463,-0.249,-0.257,0.014,-0.061,0.824,0.824,-1.17,0.001,-0.061,0.017,-0.078,-0.061,0.017,-0.078,-0.554,0.424,-0.577,-0.593,-1.169,805,402,403
203118,Mike Scott,2024,-0.632,-0.268,-0.364,-0.727,-0.072,-0.655,0.008,-0.123,0.131,0.355,0.081,0.274,-0.516,-0.689,0.177,-0.277,0.095,0.095,-1.425,-1.33,0.0,-0.277,-0.335,0.058,-0.277,-0.335,0.058,1.491,-0.678,0.426,0.18,0.246,-0.485,-0.008,-0.477,0.008,-0.11,0.118,0.723,-0.036,0.759,-0.365,-0.461,0.092,-0.105,0.203,0.203,-0.044,0.159,-0.0,-0.105,-0.137,0.032,-0.105,-0.137,0.032,0.898,-0.115,-0.207,-0.088,-0.119,-1.213,-0.081,-1.132,0.016,-0.233,0.249,1.078,0.045,1.033,-0.882,-1.15,0.27,-0.383,0.299,0.299,-1.171,0.001,-0.383,-0.472,0.089,-0.383,-0.472,0.089,2.39,-0.793,-1.33,0.159,-1.17,34250,17109,17141
2225,Tony Parker,2024,-0.628,0.055,-0.683,-0.4,-0.065,-0.335,0.249,-0.642,0.891,-0.532,-0.122,-0.41,-0.266,-0.183,-0.083,0.61,-1.267,-1.267,-0.284,-1.551,0.0,0.61,0.389,0.221,0.61,0.389,0.221,-1.47,-0.71,-0.097,0.069,-0.166,-0.263,-0.153,-0.11,-0.385,0.164,-0.549,0.482,0.046,0.436,0.235,0.182,0.048,0.137,0.105,0.105,0.275,0.38,0.0,0.137,0.233,-0.096,0.137,0.233,-0.096,0.118,-0.636,-0.726,0.124,-0.85,-0.664,-0.219,-0.445,-0.135,-0.478,0.343,-0.051,-0.077,0.026,-0.031,-0.0,-0.035,0.747,-1.162,-1.162,-1.171,-0.0,0.747,0.622,0.125,0.747,0.622,0.125,-1.352,-1.346,-1.551,0.38,-1.171,31460,15740,15720
201964,Victor Claver,2024,-0.624,0.186,-0.81,-0.307,-0.198,-0.109,-0.317,0.092,-0.409,-0.186,-0.011,-0.175,-0.186,-0.194,0.014,0.04,-0.088,-0.088,-0.77,-0.858,0.0,0.04,-0.039,0.079,0.04,-0.039,0.079,-0.455,-0.232,-0.334,-0.101,-0.233,0.043,0.049,-0.006,-0.302,-0.095,-0.207,0.026,0.019,0.007,-0.071,-0.081,0.007,0.025,0.066,0.066,-0.38,-0.314,0.0,0.025,-0.016,0.041,0.025,-0.016,0.041,-0.027,0.052,-0.957,0.085,-1.042,-0.264,-0.149,-0.115,-0.618,-0.003,-0.615,-0.16,0.008,-0.168,-0.257,-0.275,0.021,0.065,-0.023,-0.023,-1.172,0.0,0.065,-0.055,0.12,0.065,-0.055,0.12,-0.482,-0.181,-0.858,-0.314,-1.172,171,87,84
1630257,Teske,2024,-0.349,0.364,-0.713,-0.278,-0.14,-0.138,-0.092,0.109,-0.201,-0.343,-0.047,-0.296,-0.149,-0.116,-0.028,-0.077,-0.085,-0.085,-0.575,-0.66,-0.0,-0.077,-0.015,-0.062,-0.077,-0.015,-0.062,-0.083,-0.049,-0.427,-0.061,-0.366,-0.129,0.052,-0.181,-0.183,-0.115,-0.068,-0.054,0.02,-0.074,-0.076,-0.064,-0.015,-0.094,0.084,0.084,-0.597,-0.513,0.0,-0.094,-0.043,-0.051,-0.094,-0.043,-0.051,-0.275,-0.063,-0.776,0.303,-1.079,-0.407,-0.088,-0.319,-0.275,-0.007,-0.268,-0.397,-0.027,-0.37,-0.224,-0.179,-0.043,-0.17,-0.0,-0.0,-1.173,0.0,-0.17,-0.058,-0.112,-0.17,-0.058,-0.112,-0.358,-0.112,-0.66,-0.513,-1.173,34,16,18
201167,Arron Afflalo,2024,0.54,-0.194,0.734,-0.614,-0.452,-0.162,0.358,-0.454,0.812,0.99,0.007,0.983,0.324,0.094,0.236,-0.203,-0.592,-0.592,0.661,0.069,-0.0,-0.203,0.177,-0.38,-0.203,0.177,-0.38,-1.528,-1.119,0.318,0.153,0.165,-0.199,-0.151,-0.048,0.115,0.24,-0.125,0.249,0.038,0.211,-0.008,-0.074,0.063,-1.122,-0.431,-0.431,-0.812,-1.243,0.0,-1.122,-0.627,-0.495,-1.122,-0.627,-0.495,0.421,-0.359,0.855,-0.041,0.896,-0.814,-0.604,-0.21,0.472,-0.215,0.687,1.238,0.045,1.193,0.316,0.02,0.298,-1.325,-1.023,-1.023,-1.174,0.0,-1.325,-0.449,-0.876,-1.325,-0.449,-0.876,-1.107,-1.478,0.069,-1.243,-1.174,27855,13902,13953
203687,Hearn,2024,-0.405,0.316,-0.721,-0.392,-0.153,-0.239,0.033,0.101,-0.068,-0.362,-0.045,-0.317,-0.104,-0.081,-0.018,-0.065,-0.038,-0.038,-0.574,-0.612,0.0,-0.065,-0.03,-0.035,-0.065,-0.03,-0.035,-0.274,-0.106,-0.343,-0.104,-0.239,-0.056,0.062,-0.118,-0.149,-0.105,-0.044,-0.034,0.018,-0.052,-0.097,-0.087,-0.013,-0.074,-0.055,-0.055,-0.514,-0.569,0.0,-0.074,-0.033,-0.041,-0.074,-0.033,-0.041,-0.347,-0.031,-0.748,0.212,-0.96,-0.448,-0.091,-0.357,-0.116,-0.004,-0.112,-0.396,-0.027,-0.369,-0.201,-0.168,-0.03,-0.138,-0.093,-0.093,-1.181,0.0,-0.138,-0.063,-0.075,-0.138,-0.063,-0.075,-0.621,-0.137,-0.612,-0.569,-1.181,22,11,11
1626146,Cliff Alexander,2024,-0.31,0.217,-0.527,-0.347,-0.112,-0.235,0.271,0.076,0.195,-0.451,-0.063,-0.388,-0.133,-0.079,-0.049,-0.01,-0.301,-0.301,-0.453,-0.754,0.0,-0.01,0.016,-0.026,-0.01,0.016,-0.026,-0.362,-0.116,-0.43,-0.113,-0.317,0.018,0.055,-0.037,-0.231,-0.118,-0.113,-0.104,0.013,-0.117,-0.063,-0.041,-0.025,0.054,0.008,0.008,-0.439,-0.431,0.0,0.054,-0.003,0.057,0.054,-0.003,0.057,-0.586,-0.069,-0.74,0.104,-0.844,-0.329,-0.057,-0.272,0.041,-0.042,0.083,-0.556,-0.051,-0.505,-0.196,-0.12,-0.074,0.044,-0.293,-0.293,-1.185,0.0,0.044,0.013,0.031,0.044,0.013,0.031,-0.949,-0.185,-0.754,-0.431,-1.185,125,63,62
1630538,Bones Hyland,2024,1.572,0.062,1.51,0.191,-0.094,0.285,0.182,0.438,-0.256,1.137,-0.016,1.153,0.211,-0.085,0.288,-0.085,-0.191,-0.191,1.698,1.507,-0.0,-0.085,-0.099,0.014,-0.085,-0.099,0.014,0.167,-0.006,-1.502,-0.012,-1.49,-0.782,-0.052,-0.73,-0.291,-0.245,-0.046,-0.417,0.019,-0.436,-0.399,-0.43,0.032,-0.215,-0.577,-0.577,-2.116,-2.693,0.0,-0.215,-0.105,-0.11,-0.215,-0.105,-0.11,-1.92,-0.528,0.073,0.05,0.023,-0.591,-0.146,-0.445,-0.107,0.194,-0.301,0.721,0.004,0.717,-0.188,-0.515,0.32,-0.301,-0.767,-0.767,-1.186,0.0,-0.301,-0.204,-0.097,-0.301,-0.204,-0.097,-1.753,-0.533,1.507,-2.693,-1.186,12485,6248,6237
1626192,Pat Connaughton,2024,-0.216,0.133,-0.349,-0.452,-0.202,-0.25,0.565,0.26,0.305,-0.462,0.006,-0.468,0.069,0.33,-0.267,0.492,-0.057,-0.057,0.345,0.288,0.0,0.492,0.345,0.147,0.492,0.345,0.147,-0.942,-0.675,-0.488,-0.145,-0.343,0.306,0.265,0.041,-0.526,0.108,-0.634,-0.123,0.021,-0.144,-0.187,-0.289,0.106,-0.88,0.077,0.077,-1.555,-1.478,0.0,-0.88,-0.447,-0.433,-0.88,-0.447,-0.433,-0.13,0.574,-0.704,-0.012,-0.692,-0.146,0.063,-0.209,0.038,0.367,-0.329,-0.584,0.027,-0.611,-0.118,0.041,-0.161,-0.388,0.02,0.02,-1.19,0.001,-0.388,-0.102,-0.286,-0.388,-0.102,-0.286,-1.071,-0.1,0.288,-1.478,-1.189,53397,26680,26717
1629044,Ponds,2024,-0.257,0.271,-0.528,-0.489,-0.152,-0.337,0.063,0.126,-0.063,-0.102,-0.046,-0.056,-0.177,-0.076,-0.099,0.002,-0.098,-0.098,-0.432,-0.53,0.0,0.002,0.045,-0.043,0.002,0.045,-0.043,-0.119,-0.127,-0.536,-0.103,-0.433,-0.083,0.05,-0.133,-0.177,-0.104,-0.073,-0.173,0.021,-0.194,-0.113,-0.099,-0.017,-0.039,0.027,0.027,-0.688,-0.661,0.0,-0.039,-0.003,-0.036,-0.039,-0.003,-0.036,-0.33,-0.069,-0.795,0.168,-0.963,-0.574,-0.103,-0.471,-0.114,0.022,-0.136,-0.275,-0.025,-0.25,-0.291,-0.176,-0.116,-0.037,-0.071,-0.071,-1.191,0.0,-0.037,0.042,-0.079,-0.037,0.042,-0.079,-0.449,-0.196,-0.53,-0.661,-1.191,46,23,23
1630624,Hunt,2024,-0.45,0.312,-0.762,-0.36,-0.142,-0.218,-0.174,0.101,-0.275,-0.228,-0.047,-0.181,-0.087,-0.056,-0.024,-0.084,-0.098,-0.098,-0.621,-0.719,0.0,-0.084,-0.014,-0.07,-0.084,-0.014,-0.07,-0.481,-0.134,-0.303,-0.118,-0.185,-0.075,0.062,-0.137,-0.155,-0.097,-0.058,0.045,0.019,0.026,-0.08,-0.08,-0.003,-0.065,-0.023,-0.023,-0.448,-0.471,0.0,-0.065,-0.017,-0.048,-0.065,-0.017,-0.048,-0.336,-0.063,-0.753,0.194,-0.947,-0.434,-0.08,-0.354,-0.33,0.004,-0.334,-0.183,-0.028,-0.155,-0.166,-0.136,-0.028,-0.149,-0.121,-0.121,-1.19,-0.001,-0.149,-0.031,-0.118,-0.149,-0.031,-0.118,-0.817,-0.198,-0.719,-0.471,-1.191,34,17,17
1629760,Mooney,2024,-0.856,0.227,-1.083,-0.362,-0.131,-0.231,0.06,0.124,-0.064,-0.781,-0.05,-0.731,-0.162,-0.068,-0.09,0.121,0.031,0.031,-0.897,-0.866,0.0,0.121,-0.007,0.128,0.121,-0.007,0.128,-0.462,-0.013,-0.301,-0.057,-0.244,0.003,0.053,-0.05,-0.153,-0.123,-0.03,-0.094,0.019,-0.113,-0.071,-0.1,0.025,0.019,0.026,0.026,-0.353,-0.327,-0.0,0.019,-0.043,0.062,0.019,-0.043,0.062,-0.389,-0.09,-1.158,0.17,-1.328,-0.36,-0.079,-0.281,-0.093,0.001,-0.094,-0.875,-0.031,-0.844,-0.232,-0.168,-0.065,0.139,0.056,0.056,-1.193,0.0,0.139,-0.05,0.189,0.139,-0.05,0.189,-0.852,-0.103,-0.866,-0.327,-1.193,90,44,46
1628451,Jacob Wiley,2024,-0.66,0.351,-1.011,-0.274,-0.172,-0.102,-0.18,0.068,-0.248,-0.557,-0.05,-0.507,-0.139,-0.029,-0.107,-0.038,-0.058,-0.058,-0.837,-0.895,0.0,-0.038,-0.091,0.053,-0.038,-0.091,0.053,-0.529,-0.066,-0.269,-0.062,-0.207,-0.022,0.06,-0.082,0.023,-0.102,0.125,-0.208,0.019,-0.227,-0.053,-0.061,0.005,-0.096,0.119,0.119,-0.418,-0.299,0.0,-0.096,-0.027,-0.069,-0.096,-0.027,-0.069,-0.269,-0.028,-0.928,0.289,-1.217,-0.296,-0.112,-0.184,-0.157,-0.034,-0.123,-0.764,-0.031,-0.733,-0.192,-0.09,-0.102,-0.135,0.061,0.061,-1.194,0.0,-0.135,-0.118,-0.017,-0.135,-0.118,-0.017,-0.798,-0.094,-0.895,-0.299,-1.194,83,41,42
203945,Alex Kirk,2024,-0.28,0.352,-0.632,-0.337,-0.153,-0.184,0.019,0.1,-0.081,-0.314,-0.049,-0.265,-0.113,-0.052,-0.056,-0.075,-0.094,-0.094,-0.468,-0.562,0.0,-0.075,-0.052,-0.023,-0.075,-0.052,-0.023,-0.206,-0.121,-0.51,-0.122,-0.388,-0.056,0.057,-0.113,-0.166,-0.105,-0.061,-0.166,0.019,-0.185,-0.08,-0.095,0.012,-0.083,0.035,0.035,-0.673,-0.638,-0.0,-0.083,-0.049,-0.034,-0.083,-0.049,-0.034,-0.401,-0.065,-0.791,0.23,-1.021,-0.393,-0.096,-0.297,-0.147,-0.005,-0.142,-0.481,-0.031,-0.45,-0.192,-0.147,-0.044,-0.158,-0.059,-0.059,-1.2,0.0,-0.158,-0.101,-0.057,-0.158,-0.101,-0.057,-0.606,-0.187,-0.562,-0.638,-1.2,8,3,5
203085,Austin Rivers,2024,0.103,-0.097,0.2,-0.292,-0.067,-0.225,0.6,0.426,0.174,-0.108,0.052,-0.16,-0.186,-0.011,-0.175,0.598,-0.306,-0.306,0.515,0.209,-0.0,0.598,0.485,0.113,0.598,0.485,0.113,-3.096,-1.222,-0.066,0.171,-0.237,-0.36,-0.127,-0.233,-0.175,-0.065,-0.11,0.298,0.031,0.267,-0.654,-0.666,0.014,0.026,-0.724,-0.724,-0.694,-1.418,0.0,0.026,0.016,0.01,0.026,0.016,0.01,0.808,-0.447,0.035,0.074,-0.039,-0.652,-0.194,-0.458,0.424,0.36,0.064,0.189,0.082,0.107,-0.839,-0.677,-0.162,0.624,-1.03,-1.03,-1.209,-0.0,0.624,0.501,0.123,0.624,0.501,0.123,-2.289,-1.67,0.209,-1.418,-1.209,62588,31194,31394
1631172,Ousmane Dieng,2024,-2.344,0.125,-2.469,-1.165,-0.009,-1.156,0.612,0.246,0.366,-1.916,-0.022,-1.894,-0.413,-0.465,0.05,0.304,1.191,1.191,-2.453,-1.262,-0.0,0.304,-0.016,0.32,0.304,-0.016,0.32,0.575,0.038,-0.431,-0.041,-0.39,0.209,0.009,0.2,-0.654,-0.076,-0.578,0.055,0.015,0.04,0.126,0.143,-0.017,0.005,0.347,0.347,-0.3,0.047,0.0,0.005,-0.127,0.132,0.005,-0.127,0.132,-0.372,0.162,-2.775,0.084,-2.859,-0.956,0.0,-0.956,-0.042,0.17,-0.212,-1.861,-0.007,-1.854,-0.287,-0.322,0.033,0.31,1.538,1.538,-1.215,-0.0,0.31,-0.143,0.453,0.31,-0.143,0.453,0.203,0.199,-1.262,0.047,-1.215,3868,1935,1933
1629055,Grantham,2024,-0.394,0.266,-0.66,-0.3,-0.151,-0.149,0.033,0.108,-0.075,-0.393,-0.047,-0.346,-0.138,-0.099,-0.034,-0.007,-0.105,-0.105,-0.539,-0.644,0.0,-0.007,0.004,-0.011,-0.007,0.004,-0.011,-0.34,-0.132,-0.405,-0.102,-0.303,-0.039,0.06,-0.099,-0.162,-0.101,-0.061,-0.102,0.019,-0.121,-0.082,-0.077,-0.009,-0.057,-0.031,-0.031,-0.544,-0.575,0.0,-0.057,-0.049,-0.008,-0.057,-0.049,-0.008,-0.421,-0.043,-0.801,0.164,-0.965,-0.34,-0.092,-0.248,-0.129,0.007,-0.136,-0.496,-0.028,-0.468,-0.22,-0.175,-0.042,-0.064,-0.136,-0.136,-1.219,0.001,-0.064,-0.045,-0.019,-0.064,-0.045,-0.019,-0.761,-0.175,-0.644,-0.575,-1.218,11,6,5
1626643,Pullen,2024,-0.407,0.306,-0.713,-0.285,-0.141,-0.144,0.047,0.111,-0.064,-0.475,-0.047,-0.428,-0.148,-0.115,-0.028,-0.09,-0.168,-0.168,-0.645,-0.813,0.0,-0.09,-0.012,-0.078,-0.09,-0.012,-0.078,-0.41,-0.137,-0.313,-0.089,-0.224,-0.112,0.053,-0.165,-0.155,-0.111,-0.044,0.043,0.019,0.024,-0.068,-0.06,-0.011,-0.049,0.024,0.024,-0.43,-0.406,-0.0,-0.049,-0.019,-0.03,-0.049,-0.019,-0.03,-0.246,-0.066,-0.721,0.217,-0.938,-0.398,-0.089,-0.309,-0.108,-0.0,-0.108,-0.432,-0.028,-0.404,-0.216,-0.175,-0.039,-0.139,-0.144,-0.144,-1.219,-0.0,-0.139,-0.031,-0.108,-0.139,-0.031,-0.108,-0.655,-0.202,-0.813,-0.406,-1.219,31,15,16
204028,Tarik Black,2024,-1.997,-0.302,-1.695,-0.479,0.085,-0.564,-0.449,-0.006,-0.443,-0.767,0.054,-0.821,-0.236,-0.063,-0.166,-0.643,0.884,0.884,-2.876,-1.992,0.0,-0.643,-0.392,-0.251,-0.643,-0.392,-0.251,-3.563,-0.519,0.102,0.398,-0.296,-0.09,0.04,-0.13,-0.143,-0.046,-0.097,-0.063,-0.044,-0.019,-0.022,-0.095,0.068,0.177,0.514,0.514,0.257,0.771,0.0,0.177,0.162,0.015,0.177,0.162,0.015,-1.148,0.145,-1.895,0.096,-1.991,-0.568,0.125,-0.693,-0.593,-0.052,-0.541,-0.83,0.01,-0.84,-0.259,-0.159,-0.098,-0.465,1.398,1.398,-1.221,0.001,-0.465,-0.23,-0.235,-0.465,-0.23,-0.235,-4.711,-0.374,-1.992,0.771,-1.22,13912,6922,6990
2216,Zach Randolph,2024,-2.215,-0.218,-1.997,-0.909,-0.034,-0.875,-0.714,-0.721,0.007,-0.374,-0.108,-0.266,0.189,0.125,0.07,-0.263,2.124,2.124,-2.289,-0.165,-0.0,-0.263,-0.019,-0.244,-0.263,-0.019,-0.244,-2.432,-0.691,-1.219,0.08,-1.299,-0.71,-0.06,-0.65,0.288,-0.032,0.32,-0.877,-0.07,-0.807,0.262,0.318,-0.061,-0.147,0.045,0.045,-1.104,-1.059,0.0,-0.147,-0.144,-0.003,-0.147,-0.144,-0.003,-2.064,-0.127,-3.434,-0.138,-3.296,-1.62,-0.094,-1.526,-0.425,-0.753,0.328,-1.251,-0.178,-1.073,0.451,0.443,0.009,-0.411,2.169,2.169,-1.224,-0.0,-0.411,-0.163,-0.248,-0.411,-0.163,-0.248,-4.497,-0.819,-0.165,-1.059,-1.224,30635,15405,15230
1629232,Gates,2024,-0.542,0.353,-0.895,-0.445,-0.143,-0.302,-0.044,0.109,-0.153,-0.406,-0.047,-0.359,-0.096,-0.055,-0.035,-0.058,-0.05,-0.05,-0.696,-0.746,0.0,-0.058,-0.069,0.011,-0.058,-0.069,0.011,-0.513,-0.17,-0.346,-0.105,-0.241,0.048,0.051,-0.003,-0.189,-0.106,-0.083,-0.1,0.02,-0.12,-0.077,-0.076,-0.004,-0.048,-0.009,-0.009,-0.471,-0.48,0.0,-0.048,-0.018,-0.03,-0.048,-0.018,-0.03,-0.162,-0.007,-0.886,0.248,-1.134,-0.396,-0.091,-0.305,-0.232,0.004,-0.236,-0.506,-0.027,-0.479,-0.173,-0.131,-0.039,-0.105,-0.059,-0.059,-1.226,0.0,-0.105,-0.087,-0.018,-0.105,-0.087,-0.018,-0.675,-0.177,-0.746,-0.48,-1.226,33,16,17
204033,David Wear,2024,-0.414,0.353,-0.767,-0.428,-0.145,-0.283,0.009,0.095,-0.086,-0.348,-0.049,-0.299,-0.139,-0.1,-0.034,-0.082,0.104,0.104,-0.635,-0.531,-0.0,-0.082,-0.078,-0.004,-0.082,-0.078,-0.004,-0.231,-0.142,-0.518,-0.119,-0.399,-0.085,0.052,-0.137,-0.194,-0.106,-0.088,-0.12,0.018,-0.138,-0.079,-0.094,0.011,-0.093,-0.01,-0.01,-0.69,-0.7,0.0,-0.093,-0.057,-0.036,-0.093,-0.057,-0.036,-0.32,-0.048,-0.931,0.234,-1.165,-0.512,-0.092,-0.42,-0.185,-0.011,-0.174,-0.468,-0.031,-0.437,-0.218,-0.194,-0.023,-0.174,0.094,0.094,-1.231,-0.0,-0.174,-0.136,-0.038,-0.174,-0.136,-0.038,-0.551,-0.19,-0.531,-0.7,-1.231,19,9,10
1626273,Marcelo Huertas,2024,-0.282,0.263,-0.545,0.011,0.077,-0.066,-0.392,0.038,-0.43,-0.164,-0.059,-0.105,-0.164,-0.108,-0.052,-0.717,0.071,0.071,-1.163,-1.092,-0.0,-0.717,-0.697,-0.02,-0.717,-0.697,-0.02,-0.144,0.678,0.333,0.111,0.222,0.17,-0.026,0.196,-0.17,-0.216,0.046,0.222,-0.014,0.236,-0.082,-0.164,0.081,-0.047,-0.344,-0.344,0.204,-0.14,-0.0,-0.047,-0.003,-0.044,-0.047,-0.003,-0.044,-0.491,-0.291,0.053,0.374,-0.321,0.182,0.052,0.13,-0.561,-0.177,-0.384,0.058,-0.073,0.131,-0.246,-0.272,0.029,-0.764,-0.273,-0.273,-1.232,-0.0,-0.764,-0.7,-0.064,-0.764,-0.7,-0.064,-0.635,0.387,-1.092,-0.14,-1.232,4152,2058,2094
1628425,Sterling Brown,2024,-1.269,-0.05,-1.219,-0.965,0.05,-1.015,-0.424,0.362,-0.786,0.17,0.011,0.159,-0.085,0.126,-0.215,-0.051,-0.74,-0.74,-1.405,-2.145,-0.0,-0.051,-0.081,0.03,-0.051,-0.081,0.03,0.047,0.032,0.562,0.098,0.464,0.406,-0.122,0.528,0.176,-0.201,0.377,-0.118,0.015,-0.133,-0.201,-0.164,-0.035,0.074,0.475,0.475,0.435,0.91,0.0,0.074,0.228,-0.154,0.074,0.228,-0.154,-0.238,-0.384,-0.707,0.048,-0.755,-0.56,-0.073,-0.487,-0.248,0.161,-0.409,0.053,0.026,0.027,-0.286,-0.039,-0.25,0.024,-0.265,-0.265,-1.235,0.001,0.024,0.147,-0.123,0.024,0.147,-0.123,-0.19,-0.353,-2.145,0.91,-1.234,20143,10066,10077
1631209,Isaiah Wong,2024,-0.38,0.357,-0.737,-0.312,-0.153,-0.159,-0.03,0.085,-0.115,-0.395,-0.048,-0.347,-0.134,-0.098,-0.031,-0.039,-0.122,-0.122,-0.553,-0.675,0.0,-0.039,0.013,-0.052,-0.039,0.013,-0.052,-0.352,-0.11,-0.458,-0.102,-0.356,-0.069,0.05,-0.119,-0.19,-0.11,-0.08,-0.097,0.02,-0.117,-0.089,-0.079,-0.013,-0.07,0.058,0.058,-0.617,-0.559,-0.0,-0.07,-0.053,-0.017,-0.07,-0.053,-0.017,-0.316,-0.076,-0.838,0.255,-1.093,-0.381,-0.103,-0.278,-0.22,-0.025,-0.195,-0.492,-0.028,-0.464,-0.223,-0.177,-0.044,-0.109,-0.063,-0.063,-1.234,0.0,-0.109,-0.04,-0.069,-0.109,-0.04,-0.069,-0.668,-0.186,-0.675,-0.559,-1.234,17,8,9
1630693,ID_1630693,2024,-0.497,0.329,-0.826,-0.337,-0.155,-0.182,-0.056,0.107,-0.163,-0.433,-0.047,-0.386,-0.114,-0.076,-0.032,-0.014,-0.106,-0.106,-0.625,-0.731,0.0,-0.014,-0.001,-0.013,-0.014,-0.001,-0.013,-0.322,-0.125,-0.391,-0.136,-0.255,-0.016,0.055,-0.071,-0.184,-0.105,-0.079,-0.055,0.02,-0.075,-0.096,-0.089,-0.01,-0.053,0.033,0.033,-0.54,-0.507,0.0,-0.053,-0.046,-0.007,-0.053,-0.046,-0.007,-0.295,-0.045,-0.889,0.193,-1.082,-0.353,-0.1,-0.253,-0.24,0.002,-0.242,-0.489,-0.028,-0.461,-0.21,-0.165,-0.043,-0.067,-0.073,-0.073,-1.238,0.0,-0.067,-0.047,-0.02,-0.067,-0.047,-0.02,-0.617,-0.17,-0.731,-0.507,-1.238,9,5,4
203920,Khem Birch,2024,-2.218,0.094,-2.312,-0.678,-0.351,-0.327,-1.491,-0.747,-0.744,-0.143,-0.038,-0.105,-0.577,-0.397,-0.181,0.21,1.433,1.433,-2.585,-1.152,0.0,0.21,0.382,-0.172,0.21,0.382,-0.172,-2.483,-1.083,-1.217,-0.066,-1.151,-0.521,0.115,-0.636,-0.267,-0.123,-0.144,-0.363,-0.018,-0.345,0.275,0.349,-0.071,-0.004,0.858,0.858,-0.946,-0.088,0.0,-0.004,0.179,-0.183,-0.004,0.179,-0.183,-0.99,0.172,-3.434,0.028,-3.462,-1.199,-0.236,-0.963,-1.758,-0.87,-0.888,-0.505,-0.056,-0.449,-0.302,-0.049,-0.252,0.206,2.291,2.291,-1.24,0.001,0.206,0.561,-0.355,0.206,0.561,-0.355,-3.473,-0.911,-1.152,-0.088,-1.239,20189,10093,10096
203463,Ben McLemore,2024,0.515,-0.075,0.59,0.541,-0.04,0.581,-0.527,0.117,-0.644,0.576,0.017,0.559,-0.024,-0.053,0.029,-0.535,-0.307,-0.307,-0.044,-0.351,0.0,-0.535,-0.055,-0.48,-0.535,-0.055,-0.48,0.125,-0.413,-0.88,0.332,-1.212,-1.004,0.033,-1.037,-0.04,-0.023,-0.017,-0.168,-0.018,-0.15,-0.282,-0.346,0.062,0.145,0.129,0.129,-1.017,-0.888,-0.0,0.145,-0.076,0.221,0.145,-0.076,0.221,0.08,-0.36,-0.364,0.257,-0.621,-0.463,-0.006,-0.457,-0.566,0.095,-0.661,0.408,-0.001,0.409,-0.306,-0.399,0.091,-0.39,-0.178,-0.178,-1.239,-0.0,-0.39,-0.131,-0.259,-0.39,-0.131,-0.259,0.205,-0.772,-0.351,-0.888,-1.239,43105,21517,21588
1627771,Michael Gbinije,2024,-0.454,0.268,-0.722,-0.383,-0.163,-0.22,-0.184,0.081,-0.265,-0.155,-0.053,-0.102,-0.09,-0.041,-0.044,0.112,-0.132,-0.132,-0.432,-0.564,0.0,0.112,0.062,0.05,0.112,0.062,0.05,-0.189,-0.181,-0.512,-0.088,-0.424,-0.103,0.06,-0.163,-0.137,-0.106,-0.031,-0.184,0.02,-0.204,-0.101,-0.081,-0.023,-0.033,-0.03,-0.03,-0.646,-0.676,0.0,-0.033,-0.036,0.003,-0.033,-0.036,0.003,-0.341,-0.026,-0.967,0.18,-1.147,-0.487,-0.103,-0.384,-0.321,-0.025,-0.296,-0.339,-0.033,-0.306,-0.191,-0.122,-0.067,0.078,-0.161,-0.161,-1.24,0.0,0.078,0.027,0.051,0.078,0.027,0.051,-0.53,-0.207,-0.564,-0.676,-1.24,61,31,30
1641763,Julian Phillips,2024,-0.55,0.169,-0.719,-0.647,-0.101,-0.546,-0.241,0.121,-0.362,0.169,-0.045,0.214,-0.26,-0.001,-0.26,0.082,0.271,0.271,-0.728,-0.457,0.0,0.082,0.061,0.021,0.082,0.061,0.021,-0.401,-0.207,-0.006,-0.114,0.108,-0.256,0.014,-0.27,-0.455,-0.252,-0.203,0.819,0.019,0.8,-0.601,-0.646,0.042,-0.136,-0.043,-0.043,-0.743,-0.786,0.0,-0.136,-0.161,0.025,-0.136,-0.161,0.025,0.148,-0.42,-0.555,0.055,-0.61,-0.903,-0.087,-0.816,-0.695,-0.131,-0.564,0.988,-0.026,1.014,-0.861,-0.647,-0.218,-0.054,0.228,0.228,-1.243,0.0,-0.054,-0.1,0.046,-0.054,-0.1,0.046,-0.253,-0.626,-0.457,-0.786,-1.243,1322,663,659
1630605,McLaughlin,2024,-0.3,0.303,-0.603,-0.21,-0.134,-0.076,-0.023,0.113,-0.136,-0.37,-0.046,-0.324,-0.114,-0.065,-0.044,-0.202,0.058,0.058,-0.616,-0.558,-0.0,-0.202,0.022,-0.224,-0.202,0.022,-0.224,-0.123,-0.046,-0.538,-0.108,-0.43,-0.139,0.056,-0.195,-0.219,-0.104,-0.115,-0.072,0.02,-0.092,-0.152,-0.135,-0.02,-0.096,0.101,0.101,-0.786,-0.685,0.0,-0.096,-0.056,-0.04,-0.096,-0.056,-0.04,-0.357,-0.084,-0.839,0.195,-1.034,-0.35,-0.079,-0.271,-0.242,0.009,-0.251,-0.442,-0.026,-0.416,-0.266,-0.2,-0.064,-0.298,0.159,0.159,-1.243,-0.0,-0.298,-0.034,-0.264,-0.298,-0.034,-0.264,-0.48,-0.13,-0.558,-0.685,-1.243,50,25,25
2547,Chris Bosh,2024,-0.472,-0.128,-0.344,-0.731,0.156,-0.887,1.011,-0.125,1.136,-0.624,0.009,-0.633,0.174,0.018,0.159,-0.154,-1.025,-1.025,-0.452,-1.477,-0.0,-0.154,0.121,-0.275,-0.154,0.121,-0.275,0.243,-0.326,0.383,0.135,0.248,1.155,0.129,1.026,-0.188,0.156,-0.344,-0.719,-0.067,-0.652,0.351,0.578,-0.234,0.182,-0.681,-0.681,0.916,0.235,0.0,0.182,0.242,-0.06,0.182,0.242,-0.06,-1.436,0.366,-0.088,0.007,-0.095,0.425,0.286,0.139,0.823,0.031,0.792,-1.343,-0.058,-1.285,0.524,0.597,-0.075,0.028,-1.706,-1.706,-1.242,-0.001,0.028,0.363,-0.335,0.028,0.363,-0.335,-1.193,0.04,-1.477,0.235,-1.243,11614,5817,5797
1628971,Bruce Brown,2024,0.363,0.113,0.25,-0.059,0.223,-0.282,0.077,0.104,-0.027,0.232,-0.034,0.266,0.027,0.175,-0.15,-0.6,0.33,0.33,-0.21,0.12,-0.0,-0.6,-0.308,-0.292,-0.6,-0.308,-0.292,0.834,0.986,-0.543,-0.277,-0.266,0.043,-0.088,0.131,-0.028,-0.098,0.07,-0.281,0.027,-0.308,-0.123,-0.088,-0.032,0.035,-0.732,-0.732,-0.631,-1.363,0.0,0.035,0.267,-0.232,0.035,0.267,-0.232,0.117,-0.369,-0.18,-0.164,-0.016,-0.016,0.135,-0.151,0.049,0.006,0.043,-0.049,-0.007,-0.042,-0.096,0.087,-0.182,-0.565,-0.402,-0.402,-1.243,-0.0,-0.565,-0.041,-0.524,-0.565,-0.041,-0.524,0.951,0.617,0.12,-1.363,-1.243,46933,23361,23572
1889,Andre Miller,2024,-0.262,-0.082,-0.18,-0.536,0.181,-0.717,-0.408,-0.399,-0.009,0.764,-0.1,0.864,-0.658,-0.577,-0.078,-0.217,1.268,1.268,-1.137,0.131,0.0,-0.217,-0.364,0.147,-0.217,-0.364,0.147,1.879,0.384,-0.51,0.152,-0.662,-0.032,0.082,-0.114,0.139,-0.002,0.141,-0.769,-0.06,-0.709,-0.061,-0.01,-0.055,-1.039,0.231,0.231,-1.61,-1.379,-0.0,-1.039,-0.405,-0.634,-1.039,-0.405,-0.634,-0.746,0.124,-0.772,0.07,-0.842,-0.568,0.263,-0.831,-0.27,-0.402,0.132,-0.004,-0.159,0.155,-0.719,-0.587,-0.133,-1.256,1.499,1.499,-1.248,-0.0,-1.256,-0.769,-0.487,-1.256,-0.769,-0.487,1.133,0.508,0.131,-1.379,-1.248,3900,1947,1953
204020,Tyler Johnson,2024,-0.792,-0.074,-0.718,-0.241,-0.233,-0.008,-0.782,-0.089,-0.693,0.305,0.038,0.267,-0.195,-0.067,-0.126,-0.077,-0.088,-0.088,-1.064,-1.152,0.0,-0.077,-0.141,0.064,-0.077,-0.141,0.064,1.431,-0.841,0.112,0.088,0.024,-0.267,-0.089,-0.178,0.082,-0.082,0.164,0.209,-0.011,0.22,-0.056,-0.086,0.029,0.117,-0.27,-0.27,0.173,-0.097,0.0,0.117,-0.225,0.342,0.117,-0.225,0.342,0.143,-0.187,-0.681,0.014,-0.695,-0.509,-0.323,-0.186,-0.7,-0.171,-0.529,0.514,0.027,0.487,-0.251,-0.153,-0.097,0.039,-0.357,-0.357,-1.249,0.0,0.039,-0.366,0.405,0.039,-0.366,0.405,1.574,-1.028,-1.152,-0.097,-1.249,25704,12885,12819
203082,Terrence Ross,2024,0.287,-0.061,0.348,-0.066,-0.274,0.208,0.242,-0.103,0.345,0.172,0.063,0.109,0.18,-0.056,0.241,0.574,-0.516,-0.516,1.041,0.525,0.0,0.574,0.354,0.22,0.574,0.354,0.22,-0.399,-0.829,-0.566,0.007,-0.573,-0.004,-0.12,0.116,-0.411,-0.036,-0.375,-0.158,0.005,-0.163,-0.493,-0.353,-0.138,-0.432,-0.283,-0.283,-1.491,-1.774,-0.0,-0.432,-0.14,-0.292,-0.432,-0.14,-0.292,0.161,-0.164,-0.279,-0.054,-0.225,-0.071,-0.395,0.324,-0.169,-0.139,-0.03,0.015,0.068,-0.053,-0.313,-0.41,0.103,0.142,-0.8,-0.8,-1.249,-0.0,0.142,0.213,-0.071,0.142,0.213,-0.071,-0.238,-0.993,0.525,-1.774,-1.249,62909,31505,31404
1629541,Dairis Bertans,2024,0.427,0.362,0.065,0.175,-0.191,0.366,-0.01,0.04,-0.05,-0.1,-0.017,-0.083,-0.248,-0.372,0.131,-0.227,-0.372,-0.372,-0.048,-0.42,0.0,-0.227,-0.119,-0.108,-0.227,-0.119,-0.108,-0.459,-0.258,-0.196,-0.075,-0.121,0.226,0.079,0.147,-0.088,-0.1,0.012,-0.259,0.01,-0.269,-0.066,-0.033,-0.036,-0.427,-0.147,-0.147,-0.689,-0.836,0.0,-0.427,-0.24,-0.187,-0.427,-0.24,-0.187,-0.12,0.041,0.228,0.287,-0.059,0.4,-0.113,0.513,-0.099,-0.061,-0.038,-0.36,-0.007,-0.353,-0.314,-0.406,0.095,-0.654,-0.519,-0.519,-1.256,0.0,-0.654,-0.359,-0.295,-0.654,-0.359,-0.295,-0.579,-0.217,-0.42,-0.836,-1.256,810,403,407
1627866,Warney,2024,-0.237,0.299,-0.536,-0.278,-0.164,-0.114,0.161,0.055,0.106,-0.419,-0.052,-0.367,-0.202,-0.119,-0.081,-0.044,-0.003,-0.003,-0.483,-0.486,0.0,-0.044,0.047,-0.091,-0.044,0.047,-0.091,-0.3,-0.047,-0.645,-0.126,-0.519,-0.059,0.073,-0.132,-0.196,-0.089,-0.107,-0.264,0.02,-0.284,-0.12,-0.128,0.004,-0.075,0.068,0.068,-0.84,-0.772,0.0,-0.075,-0.025,-0.05,-0.075,-0.025,-0.05,-0.371,-0.018,-0.883,0.173,-1.056,-0.338,-0.091,-0.247,-0.035,-0.034,-0.001,-0.683,-0.032,-0.651,-0.323,-0.247,-0.077,-0.119,0.065,0.065,-1.258,0.0,-0.119,0.021,-0.14,-0.119,0.021,-0.14,-0.671,-0.065,-0.486,-0.772,-1.258,115,57,58
202918,Xavier Silas,2024,-0.52,0.305,-0.825,-0.34,-0.16,-0.18,-0.047,0.115,-0.162,-0.438,-0.045,-0.393,-0.116,-0.05,-0.061,-0.009,-0.114,-0.114,-0.645,-0.759,0.0,-0.009,0.004,-0.013,-0.009,0.004,-0.013,-0.352,-0.131,-0.353,-0.103,-0.25,0.011,0.054,-0.043,-0.164,-0.105,-0.059,-0.097,0.02,-0.117,-0.079,-0.075,-0.008,-0.061,-0.007,-0.007,-0.493,-0.5,0.0,-0.061,-0.024,-0.037,-0.061,-0.024,-0.037,-0.33,-0.04,-0.873,0.202,-1.075,-0.329,-0.106,-0.223,-0.21,0.01,-0.22,-0.536,-0.025,-0.511,-0.195,-0.125,-0.069,-0.069,-0.122,-0.122,-1.259,0.0,-0.069,-0.02,-0.049,-0.069,-0.02,-0.049,-0.682,-0.171,-0.759,-0.5,-1.259,14,7,7
1630555,Ayayi,2024,-0.647,0.312,-0.959,-0.531,-0.129,-0.402,-0.023,0.144,-0.167,-0.405,-0.047,-0.358,-0.126,-0.115,-0.006,0.028,-0.146,-0.146,-0.745,-0.891,0.0,0.028,-0.047,0.075,0.028,-0.047,0.075,-0.214,-0.098,-0.235,-0.03,-0.205,0.005,0.068,-0.063,-0.107,-0.1,-0.007,-0.103,0.019,-0.122,-0.083,-0.077,-0.009,-0.079,0.027,0.027,-0.397,-0.37,0.0,-0.079,-0.069,-0.01,-0.079,-0.069,-0.01,-0.164,0.002,-0.881,0.282,-1.163,-0.527,-0.062,-0.465,-0.13,0.044,-0.174,-0.506,-0.027,-0.479,-0.208,-0.192,-0.014,-0.051,-0.118,-0.118,-1.261,0.001,-0.051,-0.116,0.065,-0.051,-0.116,0.065,-0.378,-0.096,-0.891,-0.37,-1.26,78,39,39
1629053,Edwards,2024,-0.507,0.314,-0.821,-0.386,-0.154,-0.232,0.0,0.106,-0.106,-0.435,-0.047,-0.388,-0.134,-0.083,-0.047,0.007,-0.007,-0.007,-0.634,-0.641,0.0,0.007,0.01,-0.003,0.007,0.01,-0.003,-0.26,-0.136,-0.483,-0.124,-0.359,-0.052,0.059,-0.111,-0.186,-0.103,-0.083,-0.121,0.021,-0.142,-0.09,-0.118,0.024,-0.09,0.043,0.043,-0.663,-0.62,-0.0,-0.09,-0.054,-0.036,-0.09,-0.054,-0.036,-0.297,-0.059,-0.991,0.19,-1.181,-0.439,-0.096,-0.343,-0.185,0.003,-0.188,-0.557,-0.027,-0.53,-0.224,-0.201,-0.022,-0.083,0.036,0.036,-1.261,0.0,-0.083,-0.043,-0.04,-0.083,-0.043,-0.04,-0.557,-0.195,-0.641,-0.62,-1.261,15,8,7
1629742,Kidd,2024,-0.351,0.329,-0.68,-0.243,-0.151,-0.092,-0.024,0.117,-0.141,-0.413,-0.045,-0.368,-0.118,-0.065,-0.048,-0.205,-0.152,-0.152,-0.674,-0.826,0.0,-0.205,-0.01,-0.195,-0.205,-0.01,-0.195,-0.337,-0.061,-0.282,-0.094,-0.188,-0.022,0.047,-0.069,-0.148,-0.095,-0.053,-0.018,0.023,-0.041,-0.078,-0.093,0.011,-0.164,0.09,0.09,-0.524,-0.434,0.0,-0.164,-0.086,-0.078,-0.164,-0.086,-0.078,-0.213,-0.055,-0.634,0.235,-0.869,-0.264,-0.104,-0.16,-0.173,0.021,-0.194,-0.432,-0.022,-0.41,-0.197,-0.159,-0.037,-0.369,-0.062,-0.062,-1.26,-0.001,-0.369,-0.096,-0.273,-0.369,-0.096,-0.273,-0.551,-0.116,-0.826,-0.434,-1.261,70,35,35
1628417,Jaron Blossomgame,2024,-0.566,0.069,-0.635,0.562,-0.116,0.678,-0.979,-0.062,-0.917,-0.218,-0.039,-0.179,-0.186,-0.191,0.01,0.145,-0.342,-0.342,-0.607,-0.949,0.0,0.145,-0.246,0.391,0.145,-0.246,0.391,-0.6,0.084,-0.134,-0.184,0.05,-0.045,0.011,-0.056,-0.031,-0.087,0.056,0.126,0.011,0.115,0.108,0.131,-0.025,-0.2,-0.088,-0.088,-0.226,-0.314,0.0,-0.2,-0.068,-0.132,-0.2,-0.068,-0.132,-0.937,-0.17,-0.699,-0.115,-0.584,0.517,-0.105,0.622,-1.01,-0.149,-0.861,-0.091,-0.028,-0.063,-0.078,-0.061,-0.015,-0.056,-0.43,-0.43,-1.263,0.0,-0.056,-0.314,0.258,-0.056,-0.314,0.258,-1.537,-0.086,-0.949,-0.314,-1.263,2012,1008,1004
1627293,Alex Stepheson,2024,-0.83,0.296,-1.126,-0.795,-0.127,-0.668,-0.347,0.045,-0.392,0.016,-0.068,0.084,-0.153,-0.007,-0.145,-0.089,0.269,0.269,-1.072,-0.803,0.0,-0.089,-0.123,0.034,-0.089,-0.123,0.034,-0.771,-0.442,-0.387,-0.122,-0.265,0.064,0.073,-0.009,-0.32,-0.068,-0.252,-0.009,0.024,-0.033,-0.067,-0.129,0.059,-0.092,0.086,0.086,-0.546,-0.46,0.0,-0.092,-0.062,-0.03,-0.092,-0.062,-0.03,-0.053,0.01,-1.216,0.174,-1.39,-0.73,-0.054,-0.676,-0.667,-0.023,-0.644,0.007,-0.044,0.051,-0.22,-0.136,-0.086,-0.181,0.355,0.355,-1.263,0.0,-0.181,-0.184,0.003,-0.181,-0.184,0.003,-0.824,-0.433,-0.803,-0.46,-1.263,213,108,105
1630209,Omer Yurtseven,2024,-1.055,-0.23,-0.825,-0.492,-0.228,-0.264,-0.811,-0.255,-0.556,0.478,-0.017,0.495,-0.288,-0.234,-0.059,-0.639,1.889,1.889,-1.982,-0.093,-0.0,-0.639,-0.596,-0.043,-0.639,-0.596,-0.043,1.902,-0.435,-0.912,0.016,-0.928,-0.184,-0.039,-0.145,-0.404,-0.18,-0.224,-0.34,0.013,-0.353,0.025,0.087,-0.061,-0.489,0.206,0.206,-1.376,-1.17,0.0,-0.489,-0.078,-0.411,-0.489,-0.078,-0.411,-1.957,-0.441,-1.964,-0.214,-1.75,-0.674,-0.266,-0.408,-1.215,-0.435,-0.78,0.139,-0.004,0.143,-0.263,-0.147,-0.12,-1.127,2.096,2.096,-1.263,0.0,-1.127,-0.674,-0.453,-1.127,-0.674,-0.453,-0.055,-0.876,-0.093,-1.17,-1.263,5582,2810,2772
1630525,Johnson,2024,-0.458,0.245,-0.703,-0.339,-0.158,-0.181,-0.017,0.1,-0.117,-0.347,-0.048,-0.299,-0.117,-0.062,-0.05,-0.011,-0.115,-0.115,-0.586,-0.701,0.0,-0.011,-0.0,-0.011,-0.011,-0.0,-0.011,-0.272,-0.132,-0.424,-0.125,-0.299,-0.039,0.06,-0.099,-0.183,-0.105,-0.078,-0.077,0.02,-0.097,-0.096,-0.087,-0.012,-0.077,0.034,0.034,-0.597,-0.563,0.0,-0.077,-0.047,-0.03,-0.077,-0.047,-0.03,-0.361,-0.046,-0.882,0.12,-1.002,-0.378,-0.098,-0.28,-0.2,-0.006,-0.194,-0.424,-0.028,-0.396,-0.213,-0.149,-0.062,-0.088,-0.082,-0.082,-1.264,0.0,-0.088,-0.048,-0.04,-0.088,-0.048,-0.04,-0.634,-0.178,-0.701,-0.563,-1.264,10,6,4
1629783,Buchanan,2024,-0.46,0.362,-0.822,-0.345,-0.142,-0.203,0.093,0.121,-0.028,-0.57,-0.046,-0.524,-0.096,-0.014,-0.077,-0.104,0.028,0.028,-0.66,-0.632,0.0,-0.104,-0.05,-0.054,-0.104,-0.05,-0.054,-0.413,-0.042,-0.525,-0.123,-0.402,-0.061,0.052,-0.113,-0.158,-0.111,-0.047,-0.183,0.019,-0.202,-0.087,-0.084,-0.006,-0.017,-0.003,-0.003,-0.629,-0.632,0.0,-0.017,-0.007,-0.01,-0.017,-0.007,-0.01,-0.384,-0.07,-0.984,0.239,-1.223,-0.406,-0.09,-0.316,-0.065,0.01,-0.075,-0.752,-0.027,-0.725,-0.183,-0.098,-0.083,-0.12,0.025,0.025,-1.264,-0.001,-0.12,-0.058,-0.062,-0.12,-0.058,-0.062,-0.797,-0.112,-0.632,-0.632,-1.265,45,23,22
1627791,Ben Bentil,2024,-0.402,0.304,-0.706,-0.343,-0.158,-0.185,-0.02,0.103,-0.123,-0.343,-0.049,-0.294,-0.145,-0.06,-0.081,-0.107,-0.113,-0.113,-0.654,-0.767,0.0,-0.107,-0.044,-0.063,-0.107,-0.044,-0.063,-0.365,-0.133,-0.4,-0.125,-0.275,-0.075,0.052,-0.127,-0.144,-0.1,-0.044,-0.056,0.02,-0.076,-0.082,-0.075,-0.011,-0.061,0.04,0.04,-0.543,-0.503,0.0,-0.061,-0.05,-0.011,-0.061,-0.05,-0.011,-0.268,-0.04,-0.802,0.179,-0.981,-0.419,-0.106,-0.313,-0.164,0.002,-0.166,-0.398,-0.028,-0.37,-0.227,-0.135,-0.092,-0.168,-0.073,-0.073,-1.27,0.0,-0.168,-0.095,-0.073,-0.168,-0.095,-0.073,-0.633,-0.173,-0.767,-0.503,-1.27,13,7,6
1627777,Georges Niang,2024,0.788,-0.107,0.895,-0.512,-0.175,-0.337,0.398,0.316,0.082,1.009,0.04,0.969,0.09,-0.13,0.218,-0.293,-0.691,-0.691,0.585,-0.106,-0.0,-0.293,-0.028,-0.265,-0.293,-0.028,-0.265,2.662,-0.543,-0.127,-0.084,-0.043,0.261,0.177,0.084,-0.131,0.048,-0.179,-0.173,0.005,-0.178,-0.403,-0.291,-0.11,-0.43,-0.204,-0.204,-0.96,-1.164,0.0,-0.43,-0.311,-0.119,-0.43,-0.311,-0.119,-0.124,0.46,0.661,-0.191,0.852,-0.251,0.002,-0.253,0.267,0.364,-0.097,0.836,0.045,0.791,-0.313,-0.421,0.108,-0.723,-0.895,-0.895,-1.27,-0.001,-0.723,-0.339,-0.384,-0.723,-0.339,-0.384,2.539,-0.084,-0.106,-1.164,-1.271,34517,17344,17173
201177,Josh McRoberts,2024,-1.124,-0.028,-1.096,0.382,0.164,0.218,-1.051,-0.285,-0.766,-0.427,-0.089,-0.338,-0.548,-0.327,-0.216,0.615,-0.19,-0.19,-1.057,-1.247,0.0,0.615,0.549,0.066,0.615,0.549,0.066,0.726,0.419,-0.552,0.01,-0.562,-0.228,-0.079,-0.149,-0.051,0.069,-0.12,-0.283,0.035,-0.318,0.123,0.302,-0.184,0.124,0.281,0.281,-0.305,-0.024,0.0,0.124,0.038,0.086,0.124,0.038,0.086,0.789,-0.236,-1.675,-0.018,-1.657,0.155,0.086,0.069,-1.102,-0.216,-0.886,-0.71,-0.054,-0.656,-0.424,-0.025,-0.399,0.739,0.09,0.09,-1.271,0.0,0.739,0.587,0.152,0.739,0.587,0.152,1.514,0.183,-1.247,-0.024,-1.271,5866,2936,2930
200761,Shawne Williams,2024,-1.367,-0.056,-1.311,-0.443,0.003,-0.446,0.575,-0.007,0.582,-1.443,0.1,-1.543,-0.305,-0.317,0.017,0.183,-0.012,-0.012,-1.489,-1.501,0.0,0.183,0.24,-0.057,0.183,0.24,-0.057,-0.659,-0.419,-0.212,0.133,-0.345,0.077,-0.165,0.242,-0.795,-0.1,-0.695,0.373,0.006,0.367,-0.068,-0.158,0.085,0.371,0.137,0.137,0.091,0.228,0.0,0.371,0.386,-0.015,0.371,0.386,-0.015,0.034,-0.072,-1.577,0.077,-1.654,-0.366,-0.162,-0.204,-0.219,-0.107,-0.112,-1.069,0.107,-1.176,-0.374,-0.475,0.101,0.553,0.125,0.125,-1.273,-0.001,0.553,0.625,-0.072,0.553,0.625,-0.072,-0.625,-0.491,-1.501,0.228,-1.274,3265,1630,1635
1631200,Kris Murray,2024,-2.002,0.009,-2.011,-1.218,0.096,-1.314,0.606,0.187,0.419,-1.399,-0.004,-1.395,-0.192,-0.077,-0.113,-1.078,1.411,1.411,-3.272,-1.861,0.0,-1.078,-1.176,0.098,-1.078,-1.176,0.098,-2.166,-0.45,0.005,0.034,-0.029,-0.129,-0.017,-0.112,0.162,-0.059,0.221,-0.062,0.016,-0.078,-0.207,-0.211,0.005,0.277,0.507,0.507,0.075,0.582,-0.0,0.277,-0.026,0.303,0.277,-0.026,0.303,0.553,0.022,-1.997,0.043,-2.04,-1.347,0.079,-1.426,0.768,0.128,0.64,-1.461,0.012,-1.473,-0.4,-0.289,-0.107,-0.801,1.918,1.918,-1.279,0.0,-0.801,-1.202,0.401,-0.801,-1.202,0.401,-1.613,-0.428,-1.861,0.582,-1.279,5472,2735,2737
1628430,Nigel Williams-Goss,2024,-0.628,0.296,-0.924,-0.258,-0.105,-0.153,-0.014,0.071,-0.085,-0.652,-0.048,-0.604,-0.25,-0.156,-0.093,-0.112,0.038,0.038,-0.99,-0.952,0.0,-0.112,-0.124,0.012,-0.112,-0.124,0.012,-0.263,0.075,-0.179,-0.048,-0.131,0.058,0.071,-0.013,-0.04,-0.089,0.049,-0.149,0.022,-0.171,-0.115,-0.154,0.036,-0.104,0.068,0.068,-0.398,-0.33,-0.0,-0.104,-0.036,-0.068,-0.104,-0.036,-0.068,-0.03,0.071,-0.806,0.248,-1.054,-0.201,-0.035,-0.166,-0.054,-0.018,-0.036,-0.799,-0.025,-0.774,-0.364,-0.31,-0.057,-0.216,0.105,0.105,-1.282,0.0,-0.216,-0.16,-0.056,-0.216,-0.16,-0.056,-0.293,0.145,-0.952,-0.33,-1.282,225,113,112
1628410,Edmond Sumner,2024,0.37,-0.059,0.429,0.437,0.218,0.219,0.039,0.068,-0.029,-0.047,-0.033,-0.014,0.235,-0.115,0.346,-0.646,-0.952,-0.952,-0.041,-0.993,0.0,-0.646,-0.303,-0.343,-0.646,-0.303,-0.343,0.481,0.65,0.394,-0.0,0.394,0.088,-0.19,0.278,0.458,-0.186,0.644,-0.152,0.034,-0.186,-0.101,-0.158,0.058,0.463,-1.046,-1.046,0.756,-0.29,0.0,0.463,-0.084,0.547,0.463,-0.084,0.547,-0.465,-0.967,0.766,-0.059,0.825,0.526,0.029,0.497,0.497,-0.118,0.615,-0.198,0.002,-0.2,0.134,-0.273,0.404,-0.183,-1.998,-1.998,-1.283,0.0,-0.183,-0.387,0.204,-0.183,-0.387,0.204,0.016,-0.317,-0.993,-0.29,-1.283,9950,4960,4990
1626208,Keifer Sykes,2024,-0.002,0.183,-0.185,-0.154,-0.137,-0.017,-0.271,0.131,-0.402,0.24,-0.032,0.272,0.155,0.319,-0.156,0.049,-0.636,-0.636,0.202,-0.434,0.0,0.049,0.279,-0.23,0.049,0.279,-0.23,0.267,-0.084,-1.036,-0.082,-0.954,-0.156,0.067,-0.223,-0.568,0.044,-0.612,-0.23,0.021,-0.251,0.064,0.023,0.041,0.049,0.072,0.072,-0.923,-0.851,0.0,0.049,-0.218,0.267,0.049,-0.218,0.267,-0.443,-0.097,-1.039,0.101,-1.14,-0.311,-0.071,-0.24,-0.84,0.175,-1.015,0.011,-0.01,0.021,0.219,0.341,-0.115,0.098,-0.563,-0.563,-1.285,0.0,0.098,0.06,0.038,0.098,0.06,0.038,-0.176,-0.181,-0.434,-0.851,-1.285,2268,1137,1131
101142,Ronny Turiaf,2024,-0.318,0.345,-0.663,-0.294,-0.173,-0.121,0.006,0.094,-0.088,-0.375,-0.05,-0.325,-0.079,0.008,-0.082,-0.072,-0.211,-0.211,-0.469,-0.68,0.0,-0.072,-0.009,-0.063,-0.072,-0.009,-0.063,-0.347,-0.113,-0.604,-0.134,-0.47,-0.078,0.051,-0.129,-0.3,-0.101,-0.199,-0.092,0.019,-0.111,-0.079,-0.065,-0.018,0.062,0.014,0.014,-0.621,-0.607,0.0,0.062,-0.022,0.084,0.062,-0.022,0.084,-0.293,-0.03,-0.92,0.211,-1.131,-0.371,-0.121,-0.25,-0.294,-0.007,-0.287,-0.466,-0.031,-0.435,-0.158,-0.057,-0.1,-0.01,-0.196,-0.196,-1.287,0.001,-0.01,-0.031,0.021,-0.01,-0.031,0.021,-0.64,-0.143,-0.68,-0.607,-1.286,42,19,23
203540,Gigi Datome,2024,-0.628,0.009,-0.637,0.188,-0.15,0.338,-0.423,0.057,-0.48,-0.402,0.013,-0.415,-0.214,-0.262,0.056,0.095,-0.305,-0.305,-0.747,-1.052,0.0,0.095,0.018,0.077,0.095,0.018,0.077,-0.115,-0.089,0.026,-0.031,0.057,0.181,0.105,0.076,-0.242,-0.033,-0.209,0.118,0.016,0.102,-0.075,-0.128,0.048,0.0,-0.184,-0.184,-0.049,-0.233,-0.0,-0.0,-0.27,0.27,-0.0,-0.27,0.27,-0.2,0.059,-0.603,-0.022,-0.581,0.369,-0.045,0.414,-0.666,0.024,-0.69,-0.284,0.029,-0.313,-0.289,-0.39,0.104,0.096,-0.489,-0.489,-1.285,-0.001,0.096,-0.253,0.349,0.096,-0.253,0.349,-0.315,-0.03,-1.052,-0.233,-1.286,872,440,432
201155,Rodney Stuckey,2024,-1.273,-0.369,-0.904,-0.848,0.0,-0.848,0.094,-0.176,0.27,-0.15,-0.002,-0.148,-0.019,-0.028,0.014,0.343,-0.502,-0.502,-0.949,-1.451,-0.0,0.343,0.17,0.173,0.343,0.17,0.173,-1.145,-0.541,0.471,0.08,0.391,0.134,-0.069,0.203,0.119,0.037,0.082,0.138,-0.039,0.177,0.238,0.173,0.062,-0.333,-0.213,-0.213,0.376,0.163,0.0,-0.333,-0.275,-0.058,-0.333,-0.275,-0.058,0.91,0.121,-0.801,-0.289,-0.512,-0.713,-0.068,-0.645,0.212,-0.139,0.351,-0.011,-0.041,0.03,0.219,0.144,0.076,0.01,-0.715,-0.715,-1.288,-0.0,0.01,-0.105,0.115,0.01,-0.105,0.115,-0.235,-0.419,-1.451,0.163,-1.288,17771,8930,8841
1629005,Newman,2024,-0.403,0.392,-0.795,-0.358,-0.16,-0.198,0.007,0.09,-0.083,-0.444,-0.047,-0.397,-0.135,-0.104,-0.026,-0.091,-0.167,-0.167,-0.629,-0.796,0.0,-0.091,-0.015,-0.076,-0.091,-0.015,-0.076,-0.353,-0.14,-0.252,-0.1,-0.152,-0.0,0.053,-0.053,-0.154,-0.096,-0.058,0.002,0.02,-0.018,-0.082,-0.071,-0.014,-0.069,-0.089,-0.089,-0.403,-0.492,0.0,-0.069,-0.047,-0.022,-0.069,-0.047,-0.022,-0.258,-0.054,-0.654,0.292,-0.946,-0.358,-0.106,-0.252,-0.147,-0.006,-0.141,-0.441,-0.026,-0.415,-0.217,-0.175,-0.04,-0.159,-0.256,-0.256,-1.288,0.0,-0.159,-0.063,-0.096,-0.159,-0.063,-0.096,-0.611,-0.194,-0.796,-0.492,-1.288,39,19,20
203966,Jamil Wilson,2024,-1.016,0.29,-1.306,-0.587,-0.197,-0.39,-0.779,0.252,-1.031,0.06,0.058,0.002,-0.448,-0.451,0.002,0.243,0.156,0.156,-1.221,-1.065,0.0,0.243,0.114,0.129,0.243,0.114,0.129,0.431,-0.356,0.038,-0.021,0.059,0.116,0.078,0.038,-0.08,-0.085,0.005,0.023,0.016,0.007,-0.298,-0.209,-0.091,-0.241,0.277,0.277,-0.501,-0.224,-0.0,-0.241,-0.096,-0.145,-0.241,-0.096,-0.145,0.016,0.081,-0.978,0.269,-1.247,-0.471,-0.119,-0.352,-0.858,0.167,-1.025,0.082,0.073,0.009,-0.745,-0.66,-0.09,0.002,0.433,0.433,-1.289,0.0,0.002,0.018,-0.016,0.002,0.018,-0.016,0.446,-0.276,-1.065,-0.224,-1.289,1189,595,594
1630233,Nathan Knight,2024,-1.543,-0.258,-1.285,0.419,0.193,0.226,-0.757,0.352,-1.109,-0.947,-0.047,-0.9,0.311,0.368,-0.054,-0.673,0.196,0.196,-1.905,-1.709,0.0,-0.673,-0.143,-0.53,-0.673,-0.143,-0.53,-2.478,0.696,0.528,0.282,0.246,-0.113,0.107,-0.22,0.347,-0.231,0.578,0.012,-0.01,0.022,-0.267,-0.326,0.06,-0.028,0.187,0.187,0.233,0.42,-0.0,-0.028,-0.108,0.08,-0.028,-0.108,0.08,-0.114,0.124,-1.015,0.024,-1.039,0.305,0.299,0.006,-0.41,0.121,-0.531,-0.934,-0.057,-0.877,0.044,0.041,0.006,-0.701,0.384,0.384,-1.289,0.0,-0.701,-0.251,-0.45,-0.701,-0.251,-0.45,-2.592,0.82,-1.709,0.42,-1.289,3602,1804,1798
203539,Gal Mekel,2024,-0.412,0.24,-0.652,-0.438,-0.126,-0.312,0.136,0.045,0.091,-0.35,-0.062,-0.288,-0.078,-0.048,-0.022,0.052,-0.074,-0.074,-0.438,-0.512,0.0,0.052,0.04,0.012,0.052,0.04,0.012,0.252,0.045,-0.438,-0.077,-0.361,-0.147,0.013,-0.16,-0.049,-0.136,0.087,-0.165,0.01,-0.175,-0.067,-0.059,-0.011,-0.161,-0.112,-0.112,-0.666,-0.778,0.0,-0.161,-0.098,-0.063,-0.161,-0.098,-0.063,-0.73,-0.173,-0.849,0.163,-1.012,-0.584,-0.112,-0.472,0.087,-0.091,0.178,-0.515,-0.052,-0.463,-0.145,-0.107,-0.034,-0.109,-0.186,-0.186,-1.29,0.0,-0.109,-0.058,-0.051,-0.109,-0.058,-0.051,-0.477,-0.129,-0.512,-0.778,-1.29,223,106,117
203903,Jordan Clarkson,2024,-0.307,0.147,-0.454,0.163,-0.054,0.217,0.46,-0.029,0.489,-1.077,-0.022,-1.055,0.214,-0.076,0.291,0.575,0.564,0.564,0.482,1.046,0.0,0.575,0.637,-0.062,0.575,0.637,-0.062,-3.397,-0.66,-1.38,-0.022,-1.358,-0.713,-0.123,-0.59,-0.338,-0.001,-0.337,-0.307,0.011,-0.318,-0.045,-0.029,-0.016,-0.555,-0.359,-0.359,-1.98,-2.339,0.0,-0.555,-0.056,-0.499,-0.555,-0.056,-0.499,-0.391,-0.415,-1.687,0.125,-1.812,-0.55,-0.177,-0.373,0.123,-0.03,0.153,-1.385,-0.012,-1.373,0.169,-0.105,0.275,0.02,0.204,0.204,-1.293,0.0,0.02,0.58,-0.56,0.02,0.58,-0.56,-3.788,-1.075,1.046,-2.339,-1.293,84764,42323,42441
203895,Jordan McRae,2024,-0.167,-0.162,-0.005,0.06,-0.042,0.102,-1.114,-0.149,-0.965,1.049,-0.056,1.105,-0.141,0.035,-0.172,0.896,-0.586,-0.586,0.588,0.002,-0.0,0.896,0.752,0.144,0.896,0.752,0.144,-1.804,-0.016,-0.867,-0.001,-0.866,-0.267,-0.122,-0.145,-0.764,-0.132,-0.632,0.165,0.03,0.135,-0.229,-0.242,0.013,-0.03,-0.17,-0.17,-1.126,-1.296,0.0,-0.03,-0.363,0.333,-0.03,-0.363,0.333,1.458,-0.104,-1.033,-0.163,-0.87,-0.207,-0.164,-0.043,-1.877,-0.281,-1.596,1.214,-0.026,1.24,-0.37,-0.207,-0.159,0.865,-0.757,-0.757,-1.294,-0.001,0.865,0.389,0.476,0.865,0.389,0.476,-0.345,-0.12,0.002,-1.296,-1.295,7376,3680,3696
1628963,Marvin Bagley III,2024,-1.129,0.07,-1.199,-0.224,-0.032,-0.192,-0.554,-0.447,-0.107,-0.421,-0.042,-0.379,-0.412,0.071,-0.487,-0.243,1.211,1.211,-1.784,-0.573,-0.0,-0.243,0.275,-0.518,-0.243,0.275,-0.518,-1.597,0.052,0.104,-0.214,0.318,0.141,0.046,0.095,0.37,-0.121,0.491,-0.193,0.0,-0.193,0.162,0.266,-0.102,-0.774,-0.214,-0.214,-0.508,-0.722,0.0,-0.774,-0.25,-0.524,-0.774,-0.25,-0.524,-1.076,-0.22,-1.026,-0.144,-0.882,-0.083,0.014,-0.097,-0.185,-0.568,0.383,-0.614,-0.042,-0.572,-0.25,0.338,-0.589,-1.017,0.998,0.998,-1.295,-0.0,-1.017,0.026,-1.043,-1.017,0.026,-1.043,-2.673,-0.168,-0.573,-0.722,-1.295,25686,12828,12858
203210,JaMychal Green,2024,-0.33,0.143,-0.473,-0.14,-0.015,-0.125,-0.29,0.063,-0.353,-0.043,0.006,-0.049,-0.101,-0.264,0.159,-0.391,0.376,0.376,-0.822,-0.446,0.0,-0.391,-0.118,-0.273,-0.391,-0.118,-0.273,0.09,-0.402,-0.839,-0.157,-0.682,-0.223,0.115,-0.338,-0.358,-0.249,-0.109,-0.101,-0.033,-0.068,-0.593,-0.586,-0.005,-0.135,0.713,0.713,-1.567,-0.854,0.0,-0.135,-0.39,0.255,-0.135,-0.39,0.255,-0.401,0.118,-1.168,-0.014,-1.154,-0.363,0.1,-0.463,-0.647,-0.185,-0.462,-0.144,-0.027,-0.117,-0.694,-0.851,0.155,-0.525,1.089,1.089,-1.3,0.0,-0.525,-0.508,-0.017,-0.525,-0.508,-0.017,-0.312,-0.284,-0.446,-0.854,-1.3,44592,22233,22359
2590,Mo Williams,2024,-2.801,-0.383,-2.418,-0.6,-0.101,-0.499,-0.701,-0.404,-0.297,-1.117,-0.015,-1.102,0.048,-0.087,0.145,-0.031,0.333,0.333,-2.784,-2.451,0.0,-0.031,0.152,-0.183,-0.031,0.152,-0.183,-1.635,-0.084,0.945,0.421,0.524,0.256,-0.016,0.272,-0.207,0.262,-0.469,0.475,-0.005,0.48,0.071,0.116,-0.053,-0.25,0.383,0.383,0.766,1.149,0.0,-0.25,-0.2,-0.05,-0.25,-0.2,-0.05,2.207,0.471,-1.856,0.038,-1.894,-0.344,-0.116,-0.228,-0.907,-0.142,-0.765,-0.643,-0.02,-0.623,0.119,0.029,0.092,-0.281,0.716,0.716,-1.302,0.0,-0.281,-0.048,-0.233,-0.281,-0.048,-0.233,0.572,0.387,-2.451,1.149,-1.302,11607,5791,5816
1627988,Myke Henry,2024,-0.045,0.141,-0.186,0.046,-0.178,0.224,-0.165,-0.046,-0.119,-0.067,-0.017,-0.05,-0.23,-0.161,-0.07,-0.103,0.514,0.514,-0.378,0.136,0.0,-0.103,-0.358,0.255,-0.103,-0.358,0.255,0.271,-0.099,-0.964,-0.13,-0.834,-0.253,0.0,-0.253,-0.686,-0.193,-0.493,0.105,-0.005,0.11,-0.104,-0.143,0.036,-0.285,-0.087,-0.087,-1.353,-1.44,0.0,-0.285,-0.065,-0.22,-0.285,-0.065,-0.22,-0.969,-0.169,-1.008,0.011,-1.019,-0.206,-0.177,-0.029,-0.851,-0.239,-0.612,0.038,-0.022,0.06,-0.334,-0.303,-0.034,-0.388,0.427,0.427,-1.304,-0.0,-0.388,-0.423,0.035,-0.388,-0.423,0.035,-0.698,-0.268,0.136,-1.44,-1.304,1574,793,781
1628605,Dusty Hannahs,2024,-0.447,0.358,-0.805,-0.363,-0.137,-0.226,-0.158,0.118,-0.276,-0.284,-0.046,-0.238,-0.087,-0.088,0.007,0.235,-0.244,-0.244,-0.299,-0.543,0.0,0.235,0.133,0.102,0.235,0.133,0.102,-0.05,-0.007,-0.461,-0.094,-0.367,0.009,0.029,-0.02,-0.188,-0.125,-0.063,-0.188,0.019,-0.207,-0.016,0.003,-0.022,-0.187,-0.098,-0.098,-0.664,-0.762,0.0,-0.187,-0.104,-0.083,-0.187,-0.104,-0.083,-0.591,-0.033,-0.907,0.264,-1.171,-0.353,-0.107,-0.246,-0.346,-0.007,-0.339,-0.472,-0.027,-0.445,-0.103,-0.085,-0.015,0.048,-0.342,-0.342,-1.305,0.0,0.048,0.029,0.019,0.048,0.029,0.019,-0.641,-0.04,-0.543,-0.762,-1.305,167,83,84
1629603,Mamadi Diakite,2024,-1.602,-0.167,-1.435,-1.652,-0.101,-1.551,0.103,0.042,0.061,0.114,-0.028,0.142,-0.384,-0.386,0.001,-0.498,-0.366,-0.366,-2.484,-2.85,0.0,-0.498,-0.065,-0.433,-0.498,-0.065,-0.433,-2.65,-0.82,0.789,0.158,0.631,-0.076,0.114,-0.19,-0.141,-0.088,-0.053,0.848,0.007,0.841,-0.102,-0.221,0.117,0.508,0.347,0.347,1.195,1.542,0.0,0.508,0.312,0.196,0.508,0.312,0.196,0.648,0.24,-0.813,-0.009,-0.804,-1.729,0.013,-1.742,-0.038,-0.046,0.008,0.963,-0.021,0.984,-0.487,-0.608,0.118,0.01,-0.019,-0.019,-1.308,0.0,0.01,0.247,-0.237,0.01,0.247,-0.237,-2.002,-0.581,-2.85,1.542,-1.308,2358,1176,1182
201603,Sonny Weems,2024,-0.973,0.247,-1.22,0.183,0.126,0.057,-1.219,0.372,-1.591,-0.184,-0.002,-0.182,-0.017,0.031,-0.043,0.26,0.021,0.021,-0.73,-0.709,0.0,0.26,-0.185,0.445,0.26,-0.185,0.445,0.694,0.461,-0.904,0.026,-0.93,-0.356,0.012,-0.368,-0.071,-0.3,0.229,-0.503,0.003,-0.506,-0.327,-0.47,0.139,0.257,0.374,0.374,-0.974,-0.6,0.0,0.257,0.157,0.1,0.257,0.157,0.1,0.161,-0.147,-1.876,0.273,-2.149,-0.172,0.139,-0.311,-1.289,0.073,-1.362,-0.688,0.001,-0.689,-0.345,-0.439,0.096,0.517,0.395,0.395,-1.309,0.0,0.517,-0.027,0.544,0.517,-0.027,0.544,0.856,0.315,-0.709,-0.6,-1.309,2698,1335,1363
1628656,Billy Garrett,2024,-0.416,0.309,-0.725,-0.35,-0.175,-0.175,0.158,0.045,0.113,-0.533,-0.047,-0.486,-0.024,-0.049,0.032,-0.05,-0.312,-0.312,-0.49,-0.802,0.0,-0.05,-0.162,0.112,-0.05,-0.162,0.112,-0.352,-0.018,-0.41,-0.081,-0.329,0.249,0.065,0.184,-0.322,-0.127,-0.195,-0.256,0.014,-0.27,0.01,0.006,0.001,-0.164,0.056,0.056,-0.564,-0.508,-0.0,-0.164,-0.056,-0.108,-0.164,-0.056,-0.108,-0.363,-0.032,-0.826,0.228,-1.054,-0.101,-0.11,0.009,-0.164,-0.082,-0.082,-0.789,-0.033,-0.756,-0.015,-0.043,0.033,-0.214,-0.256,-0.256,-1.31,0.0,-0.214,-0.218,0.004,-0.214,-0.218,0.004,-0.715,-0.05,-0.802,-0.508,-1.31,346,171,175
1627861,Mike Tobey,2024,-0.433,0.312,-0.745,-0.344,-0.171,-0.173,0.145,0.12,0.025,-0.546,-0.034,-0.512,-0.194,-0.156,-0.035,-0.165,-0.235,-0.235,-0.792,-1.027,0.0,-0.165,-0.077,-0.088,-0.165,-0.077,-0.088,-0.174,-0.071,-0.283,-0.133,-0.15,-0.021,0.068,-0.089,-0.073,-0.116,0.043,-0.056,0.013,-0.069,-0.068,-0.079,0.008,-0.098,0.163,0.163,-0.449,-0.286,-0.0,-0.098,-0.046,-0.052,-0.098,-0.046,-0.052,-0.315,-0.028,-0.716,0.179,-0.895,-0.366,-0.104,-0.262,0.072,0.004,0.068,-0.601,-0.02,-0.581,-0.262,-0.235,-0.027,-0.263,-0.072,-0.072,-1.313,0.0,-0.263,-0.123,-0.14,-0.263,-0.123,-0.14,-0.489,-0.098,-1.027,-0.286,-1.313,136,69,67
1630640,Walker,2024,-0.555,0.311,-0.866,-0.406,-0.108,-0.298,-0.041,0.123,-0.164,-0.419,-0.046,-0.373,-0.146,-0.113,-0.029,-0.159,0.015,0.015,-0.86,-0.845,0.0,-0.159,-0.056,-0.103,-0.159,-0.056,-0.103,-0.357,-0.068,-0.381,-0.101,-0.28,-0.041,0.052,-0.093,-0.224,-0.105,-0.119,-0.015,0.02,-0.035,-0.111,-0.12,0.006,-0.023,0.042,0.042,-0.515,-0.473,0.0,-0.023,-0.044,0.021,-0.023,-0.044,0.021,-0.345,-0.099,-0.936,0.21,-1.146,-0.447,-0.056,-0.391,-0.265,0.018,-0.283,-0.434,-0.026,-0.408,-0.257,-0.233,-0.022,-0.183,0.057,0.057,-1.318,0.001,-0.183,-0.099,-0.084,-0.183,-0.099,-0.084,-0.702,-0.167,-0.845,-0.473,-1.317,38,19,19
1641722,Jordan Hawkins,2024,-0.57,0.138,-0.708,-1.052,-0.309,-0.743,-0.053,0.108,-0.161,0.397,-0.01,0.407,-0.061,0.036,-0.1,0.808,-0.226,-0.226,0.177,-0.049,-0.0,0.808,0.63,0.178,0.808,0.63,0.178,0.626,-1.081,-0.851,0.087,-0.938,-0.205,0.038,-0.243,-0.428,-0.141,-0.287,-0.305,0.017,-0.322,-0.066,-0.003,-0.062,-0.249,-0.103,-0.103,-1.166,-1.269,0.0,-0.249,-0.337,0.088,-0.249,-0.337,0.088,-1.438,-0.119,-1.422,0.225,-1.647,-1.258,-0.272,-0.986,-0.481,-0.033,-0.448,0.092,0.007,0.085,-0.127,0.033,-0.162,0.56,-0.329,-0.329,-1.318,-0.0,0.56,0.293,0.267,0.56,0.293,0.267,-0.812,-1.199,-0.049,-1.269,-1.318,4821,2423,2398
1629152,Akoon-Purcell,2024,-0.314,0.214,-0.528,-0.337,-0.129,-0.208,0.073,0.122,-0.049,-0.264,-0.049,-0.215,-0.122,-0.075,-0.042,-0.047,-0.184,-0.184,-0.483,-0.667,0.0,-0.047,0.041,-0.088,-0.047,0.041,-0.088,-0.096,-0.076,-0.496,-0.081,-0.415,-0.049,0.054,-0.103,-0.203,-0.123,-0.08,-0.163,0.019,-0.182,-0.092,-0.087,-0.008,-0.053,-0.012,-0.012,-0.641,-0.653,0.0,-0.053,-0.049,-0.004,-0.053,-0.049,-0.004,-0.331,-0.043,-0.809,0.133,-0.942,-0.387,-0.076,-0.311,-0.129,-0.0,-0.129,-0.426,-0.03,-0.396,-0.213,-0.162,-0.05,-0.101,-0.195,-0.195,-1.32,0.0,-0.101,-0.008,-0.093,-0.101,-0.008,-0.093,-0.428,-0.119,-0.667,-0.653,-1.32,45,23,22
1629668,Zach Norvell Jr.,2024,0.09,0.239,-0.149,-0.131,-0.104,-0.027,-0.106,0.133,-0.239,0.088,-0.044,0.132,-0.069,-0.056,-0.007,-0.123,-0.26,-0.26,-0.102,-0.362,0.0,-0.123,-0.027,-0.096,-0.123,-0.027,-0.096,-0.004,-0.118,-0.815,-0.075,-0.74,-0.158,0.072,-0.23,-0.247,-0.104,-0.143,-0.335,0.019,-0.354,-0.083,-0.12,0.033,0.024,-0.084,-0.084,-0.874,-0.958,-0.0,0.024,-0.014,0.038,0.024,-0.014,0.038,-0.645,-0.088,-0.723,0.164,-0.887,-0.29,-0.032,-0.258,-0.352,0.03,-0.382,-0.245,-0.024,-0.221,-0.152,-0.176,0.026,-0.099,-0.344,-0.344,-1.32,-0.001,-0.099,-0.042,-0.057,-0.099,-0.042,-0.057,-0.649,-0.206,-0.362,-0.958,-1.321,176,87,89
1630214,Xavier Tillman,2024,-1.702,0.236,-1.938,0.148,-0.118,0.266,-0.533,-0.195,-0.338,-1.553,-0.024,-1.529,-1.029,-0.611,-0.419,-0.255,0.113,0.113,-2.986,-2.873,-0.0,-0.255,0.048,-0.303,-0.255,0.048,-0.303,0.232,0.025,-0.623,0.217,-0.84,-0.266,0.012,-0.278,0.007,-0.039,0.046,-0.581,-0.014,-0.567,0.343,0.143,0.202,1.525,0.305,0.305,1.245,1.55,0.0,1.525,1.229,0.296,1.525,1.229,0.296,0.405,0.059,-2.325,0.453,-2.778,-0.117,-0.105,-0.012,-0.527,-0.235,-0.292,-2.134,-0.038,-2.096,-0.687,-0.469,-0.217,1.27,0.418,0.418,-1.323,0.001,1.27,1.277,-0.007,1.27,1.277,-0.007,0.637,0.083,-2.873,1.55,-1.322,17890,8908,8982
1629734,Alexander,2024,-0.331,0.402,-0.733,-0.246,-0.156,-0.09,-0.159,0.079,-0.238,-0.328,-0.048,-0.28,-0.105,-0.062,-0.038,-0.142,-0.266,-0.266,-0.578,-0.844,0.0,-0.142,-0.112,-0.03,-0.142,-0.112,-0.03,-0.687,-0.22,-0.427,-0.101,-0.326,-0.088,0.045,-0.133,-0.149,-0.111,-0.038,-0.089,0.02,-0.109,-0.058,-0.048,-0.013,-0.078,0.082,0.082,-0.563,-0.481,-0.0,-0.078,-0.035,-0.043,-0.078,-0.035,-0.043,-0.416,-0.063,-0.759,0.301,-1.06,-0.334,-0.111,-0.223,-0.309,-0.032,-0.277,-0.417,-0.028,-0.389,-0.163,-0.11,-0.051,-0.22,-0.184,-0.184,-1.325,0.0,-0.22,-0.147,-0.073,-0.22,-0.147,-0.073,-1.103,-0.284,-0.844,-0.481,-1.325,63,31,32
1628393,Jawun Evans,2024,-1.605,0.005,-1.61,-0.302,0.023,-0.325,-0.111,0.282,-0.393,-1.197,-0.017,-1.18,0.105,0.346,-0.236,0.41,0.727,0.727,-1.09,-0.363,0.0,0.41,0.241,0.169,0.41,0.241,0.169,-2.008,-0.175,-0.462,0.045,-0.507,-0.112,0.043,-0.155,-0.297,0.013,-0.31,-0.098,0.038,-0.136,-0.434,-0.347,-0.09,0.33,-0.399,-0.399,-0.566,-0.965,0.0,0.33,-0.106,0.436,0.33,-0.106,0.436,0.342,-0.02,-2.066,0.05,-2.116,-0.413,0.066,-0.479,-0.408,0.295,-0.703,-1.295,0.021,-1.316,-0.329,-0.001,-0.326,0.74,0.328,0.328,-1.328,-0.001,0.74,0.135,0.605,0.74,0.135,0.605,-1.666,-0.196,-0.363,-0.965,-1.329,3952,1977,1975
1630562,Matt Hurt,2024,-0.942,0.309,-1.251,-0.416,-0.188,-0.228,-0.246,0.082,-0.328,-0.589,-0.04,-0.549,0.178,0.222,-0.035,-0.406,0.085,0.085,-1.17,-1.085,0.0,-0.406,-0.269,-0.137,-0.406,-0.269,-0.137,-1.526,-0.44,-0.08,-0.136,0.056,-0.029,0.026,-0.055,-0.048,-0.122,0.074,0.133,0.016,0.117,-0.026,-0.017,-0.012,0.147,-0.287,-0.287,0.041,-0.246,0.0,0.147,0.051,0.096,0.147,0.051,0.096,-0.178,-0.127,-1.022,0.173,-1.195,-0.445,-0.161,-0.284,-0.294,-0.04,-0.254,-0.456,-0.024,-0.432,0.151,0.205,-0.047,-0.259,-0.202,-0.202,-1.331,-0.001,-0.259,-0.218,-0.041,-0.259,-0.218,-0.041,-1.704,-0.567,-1.085,-0.246,-1.332,449,226,223
1630215,Jared Butler,2024,0.419,0.181,0.238,0.097,0.201,-0.104,1.213,0.499,0.714,-1.072,-0.008,-1.064,-0.46,-0.16,-0.3,-0.48,0.137,0.137,-0.521,-0.384,0.0,-0.48,-0.177,-0.303,-0.48,-0.177,-0.303,-0.424,0.45,-0.524,0.083,-0.607,-0.117,0.016,-0.133,-0.265,-0.146,-0.119,-0.225,0.013,-0.238,-0.319,-0.428,0.109,-0.02,-0.085,-0.085,-0.863,-0.948,0.0,-0.02,-0.111,0.091,-0.02,-0.111,0.091,-0.717,-0.489,-0.104,0.264,-0.368,-0.02,0.217,-0.237,0.948,0.353,0.595,-1.296,0.006,-1.302,-0.779,-0.588,-0.191,-0.499,0.052,0.052,-1.332,-0.001,-0.499,-0.288,-0.211,-0.499,-0.288,-0.211,-1.142,-0.039,-0.384,-0.948,-1.333,4156,2071,2085
203901,Elfrid Payton,2024,-0.534,-0.165,-0.369,0.489,0.637,-0.148,-0.232,-0.228,-0.004,-0.626,-0.081,-0.545,-0.762,-0.273,-0.48,0.51,0.454,0.454,-0.786,-0.332,0.0,0.51,0.313,0.197,0.51,0.313,0.197,-1.184,0.938,-1.284,0.063,-1.347,-0.467,-0.196,-0.271,0.007,-0.067,0.074,-0.887,-0.027,-0.86,-0.09,-0.063,-0.031,0.182,0.19,0.19,-1.192,-1.002,0.0,0.182,0.393,-0.211,0.182,0.393,-0.211,-0.895,-0.339,-1.816,-0.102,-1.714,0.022,0.441,-0.419,-0.224,-0.294,0.07,-1.512,-0.108,-1.404,-0.852,-0.336,-0.51,0.692,0.644,0.644,-1.334,0.0,0.692,0.706,-0.014,0.692,0.706,-0.014,-2.079,0.599,-0.332,-1.002,-1.334,53054,26483,26571
1628571,McCree,2024,-0.384,0.237,-0.621,-0.348,-0.154,-0.194,0.174,0.1,0.074,-0.447,-0.05,-0.397,-0.138,-0.096,-0.037,-0.08,-0.071,-0.071,-0.602,-0.673,-0.0,-0.08,-0.017,-0.063,-0.08,-0.017,-0.063,-0.301,-0.078,-0.514,-0.125,-0.389,-0.09,0.048,-0.138,-0.194,-0.1,-0.094,-0.105,0.022,-0.127,-0.135,-0.098,-0.04,-0.035,0.019,0.019,-0.684,-0.665,0.0,-0.035,-0.015,-0.02,-0.035,-0.015,-0.02,-0.273,-0.046,-0.897,0.112,-1.009,-0.437,-0.105,-0.332,-0.02,0.0,-0.02,-0.552,-0.028,-0.524,-0.273,-0.194,-0.077,-0.115,-0.052,-0.052,-1.338,0.0,-0.115,-0.032,-0.083,-0.115,-0.032,-0.083,-0.574,-0.124,-0.673,-0.665,-1.338,32,16,16
1641816,Hunter Tyson,2024,-0.256,0.048,-0.304,-0.339,-0.188,-0.151,0.222,0.179,0.043,-0.187,-0.037,-0.15,-0.289,-0.139,-0.151,-0.037,-0.456,-0.456,-0.582,-1.038,0.0,-0.037,-0.068,0.031,-0.037,-0.068,0.031,-0.035,-0.235,-0.224,-0.026,-0.198,-0.151,0.046,-0.197,-0.279,-0.145,-0.134,0.232,0.02,0.212,-0.184,-0.125,-0.062,-0.147,0.246,0.246,-0.555,-0.309,0.0,-0.147,-0.062,-0.085,-0.147,-0.062,-0.085,-0.094,-0.055,-0.481,0.022,-0.503,-0.49,-0.142,-0.348,-0.057,0.034,-0.091,0.044,-0.017,0.061,-0.473,-0.263,-0.213,-0.184,-0.21,-0.21,-1.347,0.0,-0.184,-0.13,-0.054,-0.184,-0.13,-0.054,-0.129,-0.29,-1.038,-0.309,-1.347,275,140,135
1905,Andrei Kirilenko,2024,-0.258,0.27,-0.528,-0.309,-0.091,-0.218,0.263,0.136,0.127,-0.482,-0.044,-0.438,-0.164,-0.036,-0.126,-0.312,-0.062,-0.062,-0.734,-0.796,0.0,-0.312,-0.045,-0.267,-0.312,-0.045,-0.267,-0.852,-0.163,-0.277,-0.084,-0.193,-0.011,0.025,-0.036,-0.106,-0.097,-0.009,-0.076,0.023,-0.099,-0.12,-0.1,-0.024,-0.112,-0.043,-0.043,-0.509,-0.552,0.0,-0.112,-0.082,-0.03,-0.112,-0.082,-0.03,-0.097,0.043,-0.534,0.186,-0.72,-0.319,-0.066,-0.253,0.157,0.039,0.118,-0.558,-0.021,-0.537,-0.284,-0.135,-0.15,-0.424,-0.105,-0.105,-1.348,0.0,-0.424,-0.128,-0.296,-0.424,-0.128,-0.296,-0.95,-0.12,-0.796,-0.552,-1.348,233,116,117
203315,Toure' Murry,2024,-0.667,0.304,-0.971,-0.368,-0.161,-0.207,-0.181,0.06,-0.241,-0.422,-0.061,-0.361,-0.085,-0.021,-0.059,-0.256,0.042,0.042,-1.008,-0.966,0.0,-0.256,-0.098,-0.158,-0.256,-0.098,-0.158,-0.944,-0.236,-0.251,-0.1,-0.151,-0.083,0.061,-0.144,-0.014,-0.1,0.086,-0.054,0.017,-0.071,-0.072,-0.095,0.019,-0.066,0.005,0.005,-0.389,-0.384,0.0,-0.066,-0.072,0.006,-0.066,-0.072,0.006,-0.228,-0.034,-0.918,0.204,-1.122,-0.45,-0.1,-0.35,-0.195,-0.04,-0.155,-0.477,-0.045,-0.432,-0.158,-0.116,-0.039,-0.322,0.047,0.047,-1.35,0.0,-0.322,-0.17,-0.152,-0.322,-0.17,-0.152,-1.172,-0.27,-0.966,-0.384,-1.35,101,50,51
1628506,London Perrantes,2024,-0.656,0.34,-0.996,-0.418,-0.18,-0.238,-0.139,0.014,-0.153,-0.439,-0.061,-0.378,-0.055,0.108,-0.158,-0.022,0.329,0.329,-0.733,-0.404,0.0,-0.022,-0.199,0.177,-0.022,-0.199,0.177,-0.677,-0.18,-0.857,-0.075,-0.782,-0.274,0.042,-0.316,-0.237,-0.114,-0.123,-0.271,0.019,-0.29,-0.049,-0.085,0.032,-0.053,0.012,0.012,-0.959,-0.947,0.0,-0.053,-0.092,0.039,-0.053,-0.092,0.039,-0.795,-0.218,-1.513,0.265,-1.778,-0.692,-0.138,-0.554,-0.376,-0.1,-0.276,-0.71,-0.042,-0.668,-0.104,0.023,-0.126,-0.075,0.342,0.342,-1.351,0.0,-0.075,-0.291,0.216,-0.075,-0.291,0.216,-1.472,-0.398,-0.404,-0.947,-1.351,248,126,122
1629607,Harper,2024,-0.386,0.203,-0.589,-0.705,-0.139,-0.566,0.027,0.136,-0.109,0.089,-0.048,0.137,-0.143,-0.141,0.003,0.059,0.177,0.177,-0.47,-0.293,0.0,0.059,-0.026,0.085,0.059,-0.026,0.085,0.273,-0.301,-0.7,-0.021,-0.679,-0.028,0.067,-0.095,-0.37,-0.118,-0.252,-0.281,0.018,-0.299,-0.076,-0.112,0.033,-0.032,-0.251,-0.251,-0.808,-1.059,0.0,-0.032,0.017,-0.049,-0.032,0.017,-0.049,-0.722,-0.032,-1.085,0.182,-1.267,-0.732,-0.072,-0.66,-0.343,0.018,-0.361,-0.192,-0.03,-0.162,-0.219,-0.253,0.035,0.027,-0.074,-0.074,-1.352,-0.001,0.027,-0.008,0.035,0.027,-0.008,0.035,-0.448,-0.333,-0.293,-1.059,-1.353,285,143,142
202713,Kyle Singler,2024,-2.808,-0.55,-2.258,-0.98,0.13,-1.11,-0.32,0.106,-0.426,-0.958,0.04,-0.998,0.442,0.164,0.281,-0.563,1.138,1.138,-2.929,-1.791,-0.0,-0.563,0.191,-0.754,-0.563,0.191,-0.754,-3.05,-0.562,0.997,0.402,0.595,0.083,-0.061,0.144,-0.176,0.085,-0.261,0.688,-0.023,0.711,-0.033,-0.011,-0.028,-0.458,-0.071,-0.071,0.506,0.435,0.0,-0.458,-0.361,-0.097,-0.458,-0.361,-0.097,-0.015,-0.008,-1.812,-0.148,-1.664,-0.898,0.069,-0.967,-0.496,0.191,-0.687,-0.27,0.017,-0.287,0.409,0.153,0.253,-1.021,1.067,1.067,-1.356,-0.0,-1.021,-0.17,-0.851,-1.021,-0.17,-0.851,-3.065,-0.57,-1.791,0.435,-1.356,14242,7084,7158
1627883,Jalen Jones,2024,0.761,0.034,0.727,-0.19,-0.09,-0.1,-0.438,0.145,-0.583,1.355,0.002,1.353,-0.661,-0.325,-0.339,0.059,0.43,0.43,0.159,0.589,0.0,0.059,-0.112,0.171,0.059,-0.112,0.171,1.816,-0.009,-2.186,-0.04,-2.146,-0.374,0.06,-0.434,-1.016,-0.088,-0.928,-0.756,0.009,-0.765,-0.049,-0.052,0.001,-0.059,0.349,0.349,-2.294,-1.945,0.0,-0.059,0.091,-0.15,-0.059,0.091,-0.15,-2.177,-0.381,-1.424,-0.006,-1.418,-0.564,-0.03,-0.534,-1.453,0.058,-1.511,0.599,0.011,0.588,-0.71,-0.377,-0.338,0.0,0.778,0.778,-1.356,0.0,0.0,-0.021,0.021,0.0,-0.021,0.021,-0.361,-0.39,0.589,-1.945,-1.356,1858,928,930
1629621,Shayok,2024,-0.367,0.258,-0.625,-0.173,-0.151,-0.022,0.005,0.114,-0.109,-0.457,-0.043,-0.414,-0.046,-0.136,0.099,-0.171,-0.142,-0.142,-0.584,-0.726,0.0,-0.171,-0.133,-0.038,-0.171,-0.133,-0.038,-0.289,-0.099,-0.354,-0.08,-0.274,-0.04,0.061,-0.101,-0.19,-0.101,-0.089,-0.044,0.018,-0.062,-0.088,-0.079,-0.012,-0.122,-0.07,-0.07,-0.564,-0.634,-0.0,-0.122,-0.066,-0.056,-0.122,-0.066,-0.056,-0.538,-0.057,-0.721,0.178,-0.899,-0.212,-0.09,-0.122,-0.186,0.012,-0.198,-0.501,-0.025,-0.476,-0.134,-0.214,0.087,-0.293,-0.212,-0.212,-1.36,0.001,-0.293,-0.199,-0.094,-0.293,-0.199,-0.094,-0.827,-0.156,-0.726,-0.634,-1.359,127,64,63
1630587,Isaiah Livers,2024,1.006,0.253,0.753,0.309,-0.328,0.637,-0.294,0.062,-0.356,0.738,-0.001,0.739,-0.036,0.147,-0.185,0.158,-0.183,-0.183,1.128,0.945,0.0,0.158,0.262,-0.104,0.158,0.262,-0.104,0.558,-0.726,-1.404,-0.054,-1.35,-0.171,-0.041,-0.13,-0.607,-0.099,-0.508,-0.572,0.019,-0.591,-0.563,-0.538,-0.025,-0.421,0.083,0.083,-2.388,-2.305,-0.0,-0.421,-0.347,-0.074,-0.421,-0.347,-0.074,-0.024,-0.252,-0.398,0.199,-0.597,0.138,-0.369,0.507,-0.901,-0.037,-0.864,0.166,0.018,0.148,-0.599,-0.39,-0.21,-0.263,-0.1,-0.1,-1.36,-0.0,-0.263,-0.085,-0.178,-0.263,-0.085,-0.178,0.534,-0.978,0.945,-2.305,-1.36,8369,4171,4198
1631216,Caleb Houstan,2024,0.287,0.029,0.258,0.321,-0.353,0.674,0.68,0.117,0.563,-0.743,-0.007,-0.736,-0.256,-0.118,-0.138,-0.228,-0.31,-0.31,-0.197,-0.507,0.0,-0.228,0.355,-0.583,-0.228,0.355,-0.583,-1.126,-0.748,-0.4,0.014,-0.414,-0.523,-0.016,-0.507,-0.497,-0.139,-0.358,0.606,0.013,0.593,-0.301,-0.076,-0.226,-0.007,-0.148,-0.148,-0.708,-0.856,0.0,-0.007,0.107,-0.114,-0.007,0.107,-0.114,0.378,-0.367,-0.114,0.043,-0.157,-0.202,-0.369,0.167,0.183,-0.022,0.205,-0.138,0.005,-0.143,-0.557,-0.194,-0.364,-0.235,-0.457,-0.457,-1.363,-0.001,-0.235,0.462,-0.697,-0.235,0.462,-0.697,-0.747,-1.115,-0.507,-0.856,-1.364,6614,3303,3311
1631213,Tyrese Martin,2024,-1.019,0.126,-1.145,-0.55,-0.164,-0.386,-0.106,0.1,-0.206,-0.489,-0.051,-0.438,-0.277,-0.256,-0.018,0.201,0.238,0.238,-1.095,-0.857,-0.0,0.201,0.1,0.101,0.201,0.1,0.101,-0.125,-0.167,-0.348,-0.008,-0.34,-0.122,0.033,-0.155,-0.169,-0.107,-0.062,-0.049,0.021,-0.07,0.006,-0.009,0.012,-0.132,-0.035,-0.035,-0.474,-0.509,0.0,-0.132,-0.034,-0.098,-0.132,-0.034,-0.098,-0.281,-0.106,-1.367,0.118,-1.485,-0.672,-0.131,-0.541,-0.275,-0.007,-0.268,-0.538,-0.03,-0.508,-0.27,-0.265,-0.006,0.069,0.203,0.203,-1.366,-0.001,0.069,0.066,0.003,0.069,0.066,0.003,-0.406,-0.274,-0.857,-0.509,-1.367,269,135,134
204002,Edy Tavares,2024,0.161,0.251,-0.09,-0.234,-0.078,-0.156,0.017,0.14,-0.123,0.127,-0.048,0.175,-0.234,-0.048,-0.186,-0.547,0.218,0.218,-0.62,-0.402,0.0,-0.547,-0.171,-0.376,-0.547,-0.171,-0.376,0.047,0.023,-0.885,-0.107,-0.778,-0.001,0.02,-0.021,-0.384,-0.081,-0.303,-0.393,0.026,-0.419,-0.001,-0.023,0.018,-0.153,0.072,0.072,-1.039,-0.967,0.0,-0.153,-0.043,-0.11,-0.153,-0.043,-0.11,-1.126,-0.174,-0.724,0.144,-0.868,-0.235,-0.058,-0.177,-0.367,0.06,-0.427,-0.266,-0.022,-0.244,-0.235,-0.07,-0.168,-0.7,0.291,0.291,-1.369,0.0,-0.7,-0.214,-0.486,-0.7,-0.214,-0.486,-1.079,-0.151,-0.402,-0.967,-1.369,346,172,174
1641778,Leaky Black,2024,-1.053,0.435,-1.488,-0.454,-0.172,-0.282,-0.29,-0.035,-0.255,-0.744,-0.038,-0.706,-0.204,-0.068,-0.137,0.043,0.058,0.058,-1.214,-1.156,0.0,0.043,-0.402,0.445,0.043,-0.402,0.445,-1.488,-0.327,0.38,0.02,0.36,0.273,-0.006,0.279,-0.355,-0.155,-0.2,0.442,0.02,0.422,-0.047,-0.05,0.001,-0.471,-0.075,-0.075,-0.138,-0.213,-0.0,-0.471,-0.219,-0.252,-0.471,-0.219,-0.252,-0.067,-0.052,-0.672,0.455,-1.127,-0.18,-0.178,-0.002,-0.645,-0.19,-0.455,-0.302,-0.018,-0.284,-0.251,-0.118,-0.136,-0.428,-0.017,-0.017,-1.369,-0.0,-0.428,-0.62,0.192,-0.428,-0.62,0.192,-1.555,-0.378,-1.156,-0.213,-1.369,1149,573,576
2405,Amar'e Stoudemire,2024,-1.207,-0.028,-1.179,0.02,0.263,-0.243,-0.403,-0.556,0.153,-0.796,-0.132,-0.664,-0.252,-0.218,-0.032,-0.923,0.996,0.996,-2.382,-1.386,0.0,-0.923,-0.496,-0.427,-0.923,-0.496,-0.427,-1.98,0.247,0.1,0.156,-0.056,0.255,-0.08,0.335,0.149,0.142,0.007,-0.46,0.032,-0.492,-0.01,0.04,-0.055,-0.448,0.373,0.373,-0.358,0.015,-0.0,-0.448,-0.384,-0.064,-0.448,-0.384,-0.064,-0.027,0.091,-1.109,0.128,-1.237,0.274,0.183,0.091,-0.255,-0.414,0.159,-1.256,-0.1,-1.156,-0.262,-0.178,-0.086,-1.372,1.37,1.37,-1.371,0.0,-1.372,-0.88,-0.492,-1.372,-0.88,-0.492,-2.007,0.338,-1.386,0.015,-1.371,7890,3969,3921
1626266,JJ O'Brien,2024,-0.285,0.31,-0.595,-0.324,-0.14,-0.184,-0.086,0.111,-0.197,-0.185,-0.047,-0.138,-0.144,-0.108,-0.032,-0.197,-0.163,-0.163,-0.626,-0.789,-0.0,-0.197,-0.02,-0.177,-0.197,-0.02,-0.177,-0.334,-0.128,-0.431,-0.127,-0.304,-0.044,0.066,-0.11,-0.22,-0.097,-0.123,-0.04,0.021,-0.061,-0.084,-0.1,0.013,-0.057,-0.01,-0.01,-0.572,-0.582,0.0,-0.057,-0.039,-0.018,-0.057,-0.039,-0.018,-0.3,-0.047,-0.718,0.183,-0.901,-0.368,-0.074,-0.294,-0.308,0.013,-0.321,-0.225,-0.026,-0.199,-0.228,-0.208,-0.019,-0.253,-0.173,-0.173,-1.371,0.0,-0.253,-0.059,-0.194,-0.253,-0.059,-0.194,-0.634,-0.175,-0.789,-0.582,-1.371,27,14,13
1628399,Tyler Lydon,2024,-0.797,-0.163,-0.634,-0.427,-0.182,-0.245,0.102,0.095,0.007,-0.309,-0.047,-0.262,-0.159,-0.115,-0.04,0.302,-0.212,-0.212,-0.654,-0.866,0.0,0.302,0.184,0.118,0.302,0.184,0.118,0.146,-0.122,-0.52,-0.102,-0.418,-0.16,0.069,-0.229,-0.042,-0.097,0.055,-0.216,0.017,-0.233,-0.142,-0.116,-0.028,0.155,-0.001,-0.001,-0.507,-0.508,0.0,0.155,0.086,0.069,0.155,0.086,0.069,-0.168,-0.036,-1.32,-0.265,-1.055,-0.588,-0.114,-0.474,0.059,-0.002,0.061,-0.526,-0.03,-0.496,-0.301,-0.231,-0.069,0.457,-0.213,-0.213,-1.374,0.0,0.457,0.27,0.187,0.457,0.27,0.187,-0.022,-0.158,-0.866,-0.508,-1.374,330,170,160
1629724,Vic Law,2024,-0.659,0.113,-0.772,-0.498,-0.187,-0.311,-0.231,0.015,-0.246,-0.043,-0.051,0.008,-0.162,0.002,-0.162,-0.034,-0.242,-0.242,-0.855,-1.097,0.0,-0.034,0.082,-0.116,-0.034,0.082,-0.116,-0.817,-0.157,-0.383,-0.132,-0.251,-0.171,0.04,-0.211,-0.21,-0.112,-0.098,0.13,0.016,0.114,-0.055,-0.046,-0.011,0.056,0.105,0.105,-0.382,-0.277,0.0,0.056,0.007,0.049,0.056,0.007,0.049,-0.104,-0.075,-1.039,-0.019,-1.02,-0.669,-0.147,-0.522,-0.439,-0.096,-0.343,0.088,-0.035,0.123,-0.216,-0.044,-0.173,0.022,-0.137,-0.137,-1.374,0.0,0.022,0.089,-0.067,0.022,0.089,-0.067,-0.921,-0.231,-1.097,-0.277,-1.374,278,140,138
1629744,Matt Thomas,2024,-0.443,-0.552,0.109,-0.836,-0.216,-0.62,0.366,0.186,0.18,0.579,0.029,0.55,-0.12,-0.166,0.046,-0.026,-1.06,-1.06,-0.589,-1.649,0.0,-0.026,-0.032,0.006,-0.026,-0.032,0.006,1.112,-0.598,-0.053,-0.084,0.031,-0.487,-0.096,-0.391,-0.077,-0.079,0.002,0.595,0.003,0.592,-0.253,-0.119,-0.136,-0.297,0.878,0.878,-0.603,0.275,0.0,-0.297,-0.314,0.017,-0.297,-0.314,0.017,-0.196,-0.441,-0.497,-0.636,0.139,-1.324,-0.313,-1.011,0.289,0.107,0.182,1.174,0.032,1.142,-0.373,-0.285,-0.089,-0.323,-0.182,-0.182,-1.374,0.0,-0.323,-0.345,0.022,-0.323,-0.345,0.022,0.916,-1.039,-1.649,0.275,-1.374,5491,2772,2719
1641727,Dariq Whitehead,2024,-0.455,0.389,-0.844,-0.335,-0.101,-0.234,-0.016,0.137,-0.153,-0.493,-0.047,-0.446,-0.115,-0.071,-0.039,-0.027,0.167,0.167,-0.597,-0.43,0.0,-0.027,0.072,-0.099,-0.027,0.072,-0.099,-0.052,-0.006,-0.73,-0.093,-0.637,-0.123,0.058,-0.181,-0.241,-0.114,-0.127,-0.273,0.019,-0.292,-0.061,-0.071,0.007,-0.102,-0.053,-0.053,-0.893,-0.946,0.0,-0.102,-0.037,-0.065,-0.102,-0.037,-0.065,-0.883,-0.178,-1.184,0.296,-1.48,-0.458,-0.043,-0.415,-0.256,0.023,-0.279,-0.766,-0.028,-0.738,-0.175,-0.142,-0.032,-0.129,0.114,0.114,-1.376,0.0,-0.129,0.035,-0.164,-0.129,0.035,-0.164,-0.936,-0.183,-0.43,-0.946,-1.376,106,52,54
203128,Furkan Aldemir,2024,-1.766,0.001,-1.767,-0.706,0.097,-0.803,-0.664,0.149,-0.813,-0.397,0.056,-0.453,-0.366,-0.078,-0.283,-0.559,2.128,2.128,-2.691,-0.563,0.0,-0.559,-0.324,-0.235,-0.559,-0.324,-0.235,-0.907,-0.172,-0.627,0.109,-0.736,-0.316,-0.01,-0.306,0.041,-0.077,0.118,-0.461,0.007,-0.468,-0.214,-0.357,0.136,0.077,-0.055,-0.055,-0.764,-0.819,0.0,0.077,0.091,-0.014,0.077,0.091,-0.014,-0.403,-0.171,-2.393,0.11,-2.503,-1.022,0.087,-1.109,-0.623,0.072,-0.695,-0.858,0.063,-0.921,-0.58,-0.435,-0.147,-0.482,2.073,2.073,-1.382,0.0,-0.482,-0.233,-0.249,-0.482,-0.233,-0.249,-1.31,-0.342,-0.563,-0.819,-1.382,2337,1168,1169
203104,Marquis Teague,2024,-0.176,0.294,-0.47,-0.802,-0.128,-0.674,0.335,0.11,0.225,-0.003,-0.033,0.03,-0.299,-0.143,-0.157,-0.176,-0.041,-0.041,-0.651,-0.692,0.0,-0.176,-0.265,0.089,-0.176,-0.265,0.089,-0.254,-0.227,-0.46,-0.142,-0.318,-0.161,0.067,-0.228,-0.158,-0.132,-0.026,0.001,0.005,-0.004,-0.092,-0.101,0.005,-0.106,-0.035,-0.035,-0.658,-0.693,0.0,-0.106,-0.075,-0.031,-0.106,-0.075,-0.031,-0.748,-0.082,-0.638,0.152,-0.79,-0.965,-0.062,-0.903,0.177,-0.021,0.198,-0.002,-0.028,0.026,-0.391,-0.243,-0.152,-0.282,-0.076,-0.076,-1.385,0.0,-0.282,-0.34,0.058,-0.282,-0.34,0.058,-1.002,-0.309,-0.692,-0.693,-1.385,289,145,144
203187,Chris Johnson,2024,-1.849,-0.529,-1.32,-0.385,-0.24,-0.145,-0.412,0.051,-0.463,-0.523,0.066,-0.589,0.077,0.246,-0.161,-0.255,-0.042,-0.042,-2.027,-2.069,0.0,-0.255,-0.573,0.318,-0.255,-0.573,0.318,-2.779,-1.013,-0.104,0.06,-0.164,-0.127,0.004,-0.131,-0.01,-0.176,0.166,-0.027,-0.042,0.015,-0.2,-0.44,0.237,0.385,0.602,0.602,0.081,0.683,0.0,0.385,0.224,0.161,0.385,0.224,0.161,0.71,-0.03,-1.954,-0.469,-1.485,-0.512,-0.236,-0.276,-0.422,-0.125,-0.297,-0.551,0.023,-0.574,-0.123,-0.194,0.076,0.13,0.56,0.56,-1.386,0.0,0.13,-0.349,0.479,0.13,-0.349,0.479,-2.069,-1.044,-2.069,0.683,-1.386,6519,3234,3285
1627756,Denzel Valentine,2024,-1.167,-0.154,-1.013,-0.69,-0.347,-0.343,-0.49,0.041,-0.531,0.167,0.101,0.066,-0.877,-0.786,-0.089,0.36,-0.375,-0.375,-1.684,-2.059,0.0,0.36,0.14,0.22,0.36,0.14,0.22,2.213,-0.626,-0.423,0.296,-0.719,-0.056,0.032,-0.088,-0.241,0.023,-0.264,-0.422,-0.0,-0.422,-0.275,-0.271,-0.003,0.203,1.167,1.167,-0.495,0.672,-0.0,0.203,0.067,0.136,0.203,0.067,0.136,1.031,0.33,-1.59,0.142,-1.732,-0.746,-0.315,-0.431,-0.731,0.064,-0.795,-0.255,0.101,-0.356,-1.152,-1.057,-0.093,0.563,0.791,0.791,-1.387,0.0,0.563,0.208,0.355,0.563,0.208,0.355,3.244,-0.296,-2.059,0.672,-1.387,19189,9592,9597
203511,Grant Jerrett,2024,-0.378,0.219,-0.597,-0.156,-0.122,-0.034,0.198,0.089,0.109,-0.639,-0.029,-0.61,-0.282,-0.159,-0.122,0.145,-0.4,-0.4,-0.515,-0.915,-0.0,0.145,0.057,0.088,0.145,0.057,0.088,0.035,0.032,-0.426,-0.072,-0.354,-0.18,0.064,-0.244,-0.172,-0.101,-0.071,-0.002,0.024,-0.026,-0.092,-0.203,0.106,-0.025,0.069,0.069,-0.543,-0.474,0.0,-0.025,0.023,-0.048,-0.025,0.023,-0.048,-0.087,-0.11,-0.805,0.147,-0.952,-0.336,-0.058,-0.278,0.026,-0.012,0.038,-0.642,-0.006,-0.636,-0.374,-0.362,-0.015,0.119,-0.331,-0.331,-1.389,0.0,0.119,0.08,0.039,0.119,0.08,0.039,-0.052,-0.078,-0.915,-0.474,-1.389,214,107,107
203946,Cameron Bairstow,2024,-0.561,0.13,-0.691,-0.212,-0.094,-0.118,-0.006,-0.099,0.093,-0.473,-0.09,-0.383,-0.167,-0.18,0.018,-0.254,-0.121,-0.121,-0.982,-1.103,0.0,-0.254,-0.092,-0.162,-0.254,-0.092,-0.162,-0.946,-0.147,0.12,0.195,-0.075,0.141,0.126,0.015,-0.073,-0.053,-0.02,-0.143,0.029,-0.172,-0.218,-0.299,0.076,-0.198,0.005,0.005,-0.296,-0.291,0.0,-0.198,-0.156,-0.042,-0.198,-0.156,-0.042,0.032,0.018,-0.44,0.325,-0.765,-0.07,0.032,-0.102,-0.079,-0.152,0.073,-0.616,-0.061,-0.555,-0.386,-0.479,0.094,-0.452,-0.116,-0.116,-1.394,0.0,-0.452,-0.248,-0.204,-0.452,-0.248,-0.204,-0.914,-0.129,-1.103,-0.291,-1.394,761,379,382
1631230,Dominick Barlow,2024,-1.076,0.378,-1.454,-1.374,-0.169,-1.205,0.342,-0.155,0.497,-0.422,-0.039,-0.383,-0.306,-0.071,-0.232,0.305,1.239,1.239,-1.077,0.162,0.0,0.305,0.454,-0.149,0.305,0.454,-0.149,-0.395,-0.964,-0.775,-0.014,-0.761,-0.046,-0.014,-0.032,-0.25,-0.214,-0.036,-0.465,0.019,-0.484,-0.003,-0.191,0.188,-0.364,-0.414,-0.414,-1.142,-1.556,-0.0,-0.364,-0.182,-0.182,-0.364,-0.182,-0.182,-1.366,-0.41,-1.85,0.364,-2.214,-1.419,-0.183,-1.236,0.092,-0.369,0.461,-0.887,-0.02,-0.867,-0.309,-0.263,-0.044,-0.058,0.824,0.824,-1.394,0.0,-0.058,0.272,-0.33,-0.058,0.272,-0.33,-1.761,-1.374,0.162,-1.556,-1.394,3361,1671,1690
1629726,Garrison Mathews,2024,0.102,-0.019,0.121,-0.583,-0.151,-0.432,0.221,0.52,-0.299,0.483,-0.014,0.497,0.527,0.417,0.108,-0.121,-0.516,-0.516,0.508,-0.008,0.0,-0.121,-0.11,-0.011,-0.121,-0.11,-0.011,2.186,-0.331,-1.464,0.013,-1.477,-0.358,-0.047,-0.311,-0.495,-0.14,-0.355,-0.624,0.015,-0.639,-0.425,-0.38,-0.043,1.028,-0.528,-0.528,-0.861,-1.389,0.0,1.028,0.025,1.003,1.028,0.025,1.003,0.357,-0.112,-1.363,-0.006,-1.357,-0.942,-0.199,-0.743,-0.274,0.38,-0.654,-0.141,0.001,-0.142,0.102,0.037,0.065,0.906,-1.045,-1.045,-1.397,0.001,0.906,-0.085,0.991,0.906,-0.085,0.991,2.543,-0.443,-0.008,-1.389,-1.396,19640,9810,9830
1629631,De'Andre Hunter,2024,-0.248,0.091,-0.339,-0.321,-0.231,-0.09,-0.377,-0.316,-0.061,0.359,-0.007,0.366,0.302,-0.055,0.354,0.282,-1.559,-1.559,0.336,-1.223,-0.0,0.282,0.555,-0.273,0.282,0.555,-0.273,-1.957,-0.617,-0.641,-0.099,-0.542,-0.05,-0.009,-0.041,-0.125,-0.045,-0.08,-0.367,0.006,-0.373,0.043,-0.024,0.066,0.148,0.271,0.271,-0.45,-0.179,-0.0,0.148,-0.162,0.31,0.148,-0.162,0.31,0.136,0.068,-0.888,-0.008,-0.88,-0.371,-0.24,-0.131,-0.501,-0.36,-0.141,-0.008,-0.001,-0.007,0.345,-0.078,0.421,0.43,-1.288,-1.288,-1.402,-0.0,0.43,0.393,0.037,0.43,0.393,0.037,-1.821,-0.55,-1.223,-0.179,-1.402,35791,17885,17906
1631245,Quenton Jackson,2024,-0.386,0.265,-0.651,-0.467,-0.081,-0.386,-0.067,0.096,-0.163,-0.117,-0.033,-0.084,-0.276,-0.042,-0.237,-0.478,-0.003,-0.003,-1.14,-1.143,0.0,-0.478,-0.214,-0.264,-0.478,-0.214,-0.264,-0.683,-0.079,-0.448,-0.07,-0.378,-0.129,-0.005,-0.124,-0.367,-0.115,-0.252,0.118,0.019,0.099,-0.07,-0.05,-0.022,0.09,0.168,0.168,-0.428,-0.26,0.0,0.09,0.051,0.039,0.09,0.051,0.039,-0.302,-0.16,-0.836,0.195,-1.031,-0.597,-0.087,-0.51,-0.434,-0.019,-0.415,0.0,-0.015,0.015,-0.346,-0.091,-0.259,-0.389,0.166,0.166,-1.403,0.0,-0.389,-0.163,-0.226,-0.389,-0.163,-0.226,-0.986,-0.24,-1.143,-0.26,-1.403,643,320,323
1630311,Pat Spencer,2024,-0.744,0.237,-0.981,-0.267,-0.104,-0.163,0.014,0.173,-0.159,-0.728,-0.044,-0.684,-0.115,-0.078,-0.032,0.082,-0.113,-0.113,-0.777,-0.89,0.0,0.082,0.039,0.043,0.082,0.039,0.043,-0.096,0.138,-0.43,-0.079,-0.351,0.015,0.054,-0.039,-0.156,-0.08,-0.076,-0.21,0.02,-0.23,-0.091,-0.057,-0.037,0.018,-0.016,-0.016,-0.503,-0.519,0.0,0.018,-0.014,0.032,0.018,-0.014,0.032,-0.13,0.0,-1.177,0.158,-1.335,-0.252,-0.05,-0.202,-0.144,0.092,-0.236,-0.939,-0.025,-0.914,-0.206,-0.135,-0.069,0.099,-0.13,-0.13,-1.409,0.0,0.099,0.026,0.073,0.099,0.026,0.073,-0.227,0.138,-0.89,-0.519,-1.409,110,55,55
203565,Patrick Christopher,2024,-0.171,0.288,-0.459,-0.436,-0.085,-0.351,-0.001,0.012,-0.013,-0.022,-0.066,0.044,-0.19,-0.155,-0.031,-0.15,-0.15,-0.15,-0.511,-0.661,0.0,-0.15,-0.174,0.024,-0.15,-0.174,0.024,-0.145,-0.224,-0.761,-0.096,-0.665,-0.101,0.084,-0.185,-0.195,-0.08,-0.115,-0.369,0.014,-0.383,-0.12,-0.115,-0.009,-0.068,0.199,0.199,-0.949,-0.75,0.0,-0.068,-0.088,0.02,-0.068,-0.088,0.02,-0.736,-0.071,-0.932,0.192,-1.124,-0.537,-0.0,-0.537,-0.196,-0.068,-0.128,-0.391,-0.052,-0.339,-0.31,-0.27,-0.039,-0.218,0.048,0.048,-1.411,0.001,-0.218,-0.262,0.044,-0.218,-0.262,0.044,-0.882,-0.295,-0.661,-0.75,-1.41,223,118,105
203474,DJ Stephens,2024,-0.589,0.347,-0.936,-0.372,-0.119,-0.253,-0.08,0.123,-0.203,-0.484,-0.049,-0.435,-0.152,-0.119,-0.029,-0.038,-0.083,-0.083,-0.779,-0.862,0.0,-0.038,-0.009,-0.029,-0.038,-0.009,-0.029,-0.44,-0.098,-0.477,-0.153,-0.324,-0.02,0.052,-0.072,-0.153,-0.103,-0.05,-0.151,0.02,-0.171,-0.114,-0.111,-0.007,0.014,0.027,0.027,-0.577,-0.55,-0.0,0.014,0.049,-0.035,0.014,0.049,-0.035,-0.359,-0.053,-1.066,0.194,-1.26,-0.391,-0.066,-0.325,-0.234,0.019,-0.253,-0.635,-0.029,-0.606,-0.267,-0.229,-0.036,-0.024,-0.056,-0.056,-1.412,0.0,-0.024,0.04,-0.064,-0.024,0.04,-0.064,-0.8,-0.151,-0.862,-0.55,-1.412,33,17,16
1630580,Joe Wieskamp,2024,-2.307,0.169,-2.476,-0.706,-0.189,-0.517,-0.143,0.064,-0.207,-1.627,-0.041,-1.586,-0.079,0.086,-0.163,0.675,0.373,0.373,-1.711,-1.338,0.0,0.675,0.374,0.301,0.675,0.374,0.301,-2.131,-0.471,0.071,0.019,0.052,0.231,0.107,0.124,0.009,-0.08,0.089,-0.188,0.019,-0.207,-0.149,-0.18,0.029,-0.149,0.144,0.144,-0.227,-0.083,-0.0,-0.149,-0.094,-0.055,-0.149,-0.094,-0.055,0.077,0.141,-2.236,0.188,-2.424,-0.475,-0.082,-0.393,-0.134,-0.016,-0.118,-1.815,-0.022,-1.793,-0.227,-0.094,-0.134,0.526,0.517,0.517,-1.421,0.001,0.526,0.28,0.246,0.526,0.28,0.246,-2.054,-0.33,-1.338,-0.083,-1.42,1055,527,528
1641724,Jett Howard,2024,-0.184,0.147,-0.331,-0.319,-0.198,-0.121,0.308,0.164,0.144,-0.32,-0.035,-0.285,-0.243,-0.005,-0.24,-0.467,-0.341,-0.341,-0.894,-1.235,0.0,-0.467,-0.007,-0.46,-0.467,-0.007,-0.46,-0.186,-0.122,-0.297,0.046,-0.343,0.033,0.055,-0.022,-0.33,-0.09,-0.24,-0.046,0.019,-0.065,-0.019,-0.001,-0.02,-0.086,0.209,0.209,-0.402,-0.193,0.0,-0.086,-0.073,-0.013,-0.086,-0.073,-0.013,-0.177,0.046,-0.479,0.193,-0.672,-0.285,-0.143,-0.142,-0.021,0.074,-0.095,-0.366,-0.016,-0.35,-0.262,-0.006,-0.26,-0.553,-0.131,-0.131,-1.428,0.0,-0.553,-0.08,-0.473,-0.553,-0.08,-0.473,-0.363,-0.075,-1.235,-0.193,-1.428,332,165,167
203268,Jorge Gutierrez,2024,-0.641,0.095,-0.736,-0.159,-0.207,0.048,0.205,-0.191,0.396,-0.782,-0.068,-0.714,-0.174,-0.166,-0.002,-0.136,-0.25,-0.25,-0.951,-1.201,0.0,-0.136,-0.255,0.119,-0.136,-0.255,0.119,-0.016,-0.194,0.323,0.081,0.242,-0.011,0.121,-0.132,0.392,-0.095,0.487,-0.139,-0.01,-0.129,-0.121,-0.109,-0.016,-0.164,-0.266,-0.266,0.038,-0.228,0.0,-0.164,-0.121,-0.043,-0.164,-0.121,-0.043,-0.529,-0.02,-0.318,0.176,-0.494,-0.17,-0.086,-0.084,0.597,-0.286,0.883,-0.921,-0.078,-0.843,-0.295,-0.275,-0.018,-0.299,-0.515,-0.515,-1.429,0.001,-0.299,-0.376,0.077,-0.299,-0.376,0.077,-0.545,-0.214,-1.201,-0.228,-1.428,894,446,448
1629716,Marques Bolden,2024,-1.123,0.28,-1.403,-0.247,-0.203,-0.044,-0.885,-0.021,-0.864,-0.271,-0.048,-0.223,-0.047,0.072,-0.116,-0.278,0.123,0.123,-1.448,-1.325,0.0,-0.278,-0.171,-0.107,-0.278,-0.171,-0.107,-0.598,-0.131,-0.368,-0.03,-0.338,0.056,0.036,0.02,-0.093,-0.072,-0.021,-0.301,0.014,-0.315,-0.045,0.016,-0.063,0.09,0.216,0.216,-0.323,-0.107,-0.0,0.09,-0.028,0.118,0.09,-0.028,0.118,-0.396,0.054,-1.491,0.25,-1.741,-0.191,-0.167,-0.024,-0.978,-0.093,-0.885,-0.572,-0.034,-0.538,-0.092,0.088,-0.179,-0.187,0.34,0.34,-1.432,0.0,-0.187,-0.199,0.012,-0.187,-0.199,0.012,-0.994,-0.077,-1.325,-0.107,-1.432,625,312,313
1628503,Jamel Artis,2024,-1.47,0.272,-1.742,-0.402,-0.117,-0.285,-0.24,0.047,-0.287,-1.1,-0.04,-1.06,-0.254,-0.218,-0.034,0.327,0.444,0.444,-1.397,-0.953,0.0,0.327,0.03,0.297,0.327,0.03,0.297,-0.455,0.079,-0.555,-0.029,-0.526,-0.024,0.014,-0.038,-0.2,-0.141,-0.059,-0.302,0.015,-0.317,-0.025,-0.079,0.051,-0.125,0.225,0.225,-0.705,-0.48,0.0,-0.125,-0.143,0.018,-0.125,-0.143,0.018,-0.308,-0.014,-2.025,0.243,-2.268,-0.426,-0.103,-0.323,-0.44,-0.094,-0.346,-1.402,-0.025,-1.377,-0.279,-0.297,0.018,0.202,0.668,0.668,-1.433,0.0,0.202,-0.114,0.316,0.202,-0.114,0.316,-0.762,0.065,-0.953,-0.48,-1.433,941,470,471
1629091,Bryant,2024,-1.503,0.356,-1.859,-0.557,-0.107,-0.45,-0.228,0.118,-0.346,-1.074,-0.045,-1.029,0.057,-0.016,0.084,-0.044,0.302,0.302,-1.49,-1.188,0.0,-0.044,0.004,-0.048,-0.044,0.004,-0.048,-1.75,-0.294,-0.257,-0.11,-0.147,-0.128,0.03,-0.158,-0.163,-0.107,-0.056,0.144,0.025,0.119,-0.13,-0.179,0.044,0.135,0.004,0.004,-0.252,-0.248,0.0,0.135,0.115,0.02,0.135,0.115,0.02,0.295,-0.029,-1.758,0.246,-2.004,-0.684,-0.077,-0.607,-0.39,0.012,-0.402,-0.93,-0.02,-0.91,-0.074,-0.195,0.128,0.091,0.306,0.306,-1.436,0.001,0.091,0.119,-0.028,0.091,0.119,-0.028,-1.455,-0.323,-1.188,-0.248,-1.435,349,176,173
1627739,Kris Dunn,2024,-0.761,0.002,-0.763,-0.178,0.153,-0.331,-0.604,-0.077,-0.527,0.019,-0.019,0.038,-0.311,-0.326,0.012,0.202,0.237,0.237,-0.87,-0.633,0.0,0.202,0.403,-0.201,0.202,0.403,-0.201,-1.198,-0.023,-1.288,0.006,-1.294,-0.398,-0.035,-0.363,-0.573,-0.285,-0.288,-0.323,-0.01,-0.313,-0.614,-0.658,0.045,1.005,0.096,0.096,-0.897,-0.801,0.0,1.005,0.63,0.375,1.005,0.63,0.375,-1.722,-0.322,-2.05,0.008,-2.058,-0.577,0.117,-0.694,-1.176,-0.361,-0.815,-0.305,-0.03,-0.275,-0.925,-0.984,0.056,1.207,0.333,0.333,-1.434,-0.001,1.207,1.033,0.174,1.207,1.033,0.174,-2.919,-0.345,-0.633,-0.801,-1.435,32208,16034,16174
203527,Ryan Kelly,2024,-2.134,-0.466,-1.668,0.415,0.193,0.222,-0.811,-0.046,-0.765,-1.272,0.015,-1.287,-0.127,0.089,-0.206,0.388,-0.188,-0.188,-1.873,-2.061,0.0,0.388,0.296,0.092,0.388,0.296,0.092,-0.753,0.446,0.736,0.53,0.206,-0.366,-0.088,-0.278,0.107,-0.059,0.166,0.465,-0.041,0.506,0.127,0.04,0.081,-0.213,-0.027,-0.027,0.65,0.623,0.0,-0.213,-0.169,-0.044,-0.213,-0.169,-0.044,0.233,-0.167,-1.396,0.064,-1.46,0.049,0.105,-0.056,-0.703,-0.105,-0.598,-0.806,-0.025,-0.781,-0.0,0.128,-0.125,0.176,-0.215,-0.215,-1.438,0.0,0.176,0.127,0.049,0.176,0.127,0.049,-0.52,0.279,-2.061,0.623,-1.438,8455,4221,4234
1629122,Macura,2024,-0.58,0.259,-0.839,-0.289,-0.134,-0.155,-0.038,0.12,-0.158,-0.512,-0.048,-0.464,-0.139,-0.092,-0.041,-0.109,-0.181,-0.181,-0.828,-1.009,0.0,-0.109,-0.07,-0.039,-0.109,-0.07,-0.039,-0.501,-0.068,-0.373,-0.132,-0.241,-0.014,0.051,-0.065,-0.08,-0.104,0.024,-0.147,0.02,-0.167,-0.089,-0.073,-0.02,-0.039,0.068,0.068,-0.501,-0.433,0.0,-0.039,-0.06,0.021,-0.039,-0.06,0.021,-0.413,-0.069,-0.954,0.127,-1.081,-0.303,-0.083,-0.22,-0.118,0.016,-0.134,-0.66,-0.029,-0.631,-0.228,-0.165,-0.061,-0.148,-0.113,-0.113,-1.442,0.0,-0.148,-0.129,-0.019,-0.148,-0.129,-0.019,-0.914,-0.137,-1.009,-0.433,-1.442,64,33,31
1629116,Delgado,2024,-0.905,0.316,-1.221,-0.795,-0.124,-0.671,-0.043,0.09,-0.133,-0.383,-0.05,-0.333,-0.191,-0.106,-0.082,0.114,-0.128,-0.128,-0.982,-1.11,0.0,0.114,0.073,0.041,0.114,0.073,0.041,-0.506,-0.217,-0.421,-0.123,-0.298,-0.096,0.062,-0.158,-0.136,-0.079,-0.057,-0.066,0.021,-0.087,-0.074,-0.072,-0.006,0.033,0.128,0.128,-0.462,-0.334,-0.0,0.033,0.074,-0.041,0.033,0.074,-0.041,-0.25,-0.043,-1.325,0.193,-1.518,-0.89,-0.061,-0.829,-0.179,0.011,-0.19,-0.449,-0.03,-0.419,-0.265,-0.178,-0.087,0.147,0.0,0.0,-1.444,0.0,0.147,0.147,0.0,0.147,0.147,0.0,-0.757,-0.259,-1.11,-0.334,-1.444,64,32,32
203956,Mitch McGary,2024,-1.776,-0.323,-1.453,-0.167,0.287,-0.454,-0.579,0.03,-0.609,-0.707,-0.04,-0.667,-0.136,-0.259,0.127,0.206,0.66,0.66,-1.706,-1.046,-0.0,0.206,0.243,-0.037,0.206,0.243,-0.037,-1.076,0.333,-0.465,0.091,-0.556,-0.603,0.039,-0.642,-0.357,-0.246,-0.111,0.404,-0.046,0.45,-0.266,-0.445,0.174,-0.263,0.594,0.594,-0.994,-0.4,0.0,-0.263,-0.115,-0.148,-0.263,-0.115,-0.148,0.569,0.004,-2.242,-0.232,-2.01,-0.77,0.326,-1.096,-0.936,-0.216,-0.72,-0.304,-0.087,-0.217,-0.402,-0.704,0.301,-0.057,1.254,1.254,-1.446,0.0,-0.057,0.128,-0.185,-0.057,0.128,-0.185,-0.507,0.337,-1.046,-0.4,-1.446,2669,1328,1341
1641771,Jalen Slawson,2024,-0.38,0.163,-0.543,-0.246,-0.143,-0.103,0.225,0.101,0.124,-0.522,-0.046,-0.476,-0.173,-0.079,-0.091,-0.2,0.034,0.034,-0.753,-0.719,-0.0,-0.2,-0.102,-0.098,-0.2,-0.102,-0.098,-0.276,-0.114,-0.381,-0.064,-0.317,0.01,0.035,-0.025,-0.275,-0.111,-0.164,-0.052,0.021,-0.073,-0.096,-0.108,0.009,-0.12,-0.13,-0.13,-0.597,-0.727,0.0,-0.12,-0.068,-0.052,-0.12,-0.068,-0.052,-0.177,-0.06,-0.761,0.099,-0.86,-0.236,-0.108,-0.128,-0.05,-0.01,-0.04,-0.574,-0.024,-0.55,-0.269,-0.187,-0.082,-0.32,-0.096,-0.096,-1.446,-0.0,-0.32,-0.171,-0.149,-0.32,-0.171,-0.149,-0.453,-0.174,-0.719,-0.727,-1.446,149,76,73
203958,Andre Dawkins,2024,-0.398,0.273,-0.671,-0.358,-0.087,-0.271,0.065,0.159,-0.094,-0.378,-0.039,-0.339,-0.186,-0.115,-0.067,-0.143,-0.197,-0.197,-0.727,-0.924,0.0,-0.143,-0.06,-0.083,-0.143,-0.06,-0.083,-0.192,0.022,-0.187,-0.069,-0.118,0.004,0.061,-0.057,-0.071,-0.108,0.037,-0.051,0.015,-0.066,-0.063,-0.075,0.009,-0.146,-0.129,-0.129,-0.396,-0.525,0.0,-0.146,-0.09,-0.056,-0.146,-0.09,-0.056,-0.358,-0.1,-0.585,0.204,-0.789,-0.354,-0.026,-0.328,-0.006,0.051,-0.057,-0.429,-0.024,-0.405,-0.249,-0.191,-0.058,-0.289,-0.326,-0.326,-1.449,0.0,-0.289,-0.15,-0.139,-0.289,-0.15,-0.139,-0.55,-0.078,-0.924,-0.525,-1.449,84,42,42
1629168,BJ Johnson,2024,-0.472,0.217,-0.689,-1.102,-0.149,-0.953,0.167,-0.003,0.17,0.246,-0.033,0.279,-0.076,0.007,-0.079,0.01,-0.179,-0.179,-0.538,-0.717,-0.0,0.01,0.193,-0.183,0.01,0.193,-0.183,-1.397,-0.738,-0.775,-0.064,-0.711,-0.039,-0.007,-0.032,-0.319,-0.103,-0.216,-0.353,0.025,-0.378,-0.119,-0.241,0.119,0.075,0.086,0.086,-0.819,-0.733,0.0,0.075,0.064,0.011,0.075,0.064,0.011,-0.129,-0.081,-1.246,0.153,-1.399,-1.141,-0.156,-0.985,-0.152,-0.106,-0.046,-0.106,-0.008,-0.098,-0.195,-0.235,0.041,0.086,-0.092,-0.092,-1.45,0.0,0.086,0.257,-0.171,0.086,0.257,-0.171,-1.526,-0.819,-0.717,-0.733,-1.45,1064,532,532
203816,Scotty Hopson,2024,-0.582,0.221,-0.803,-0.486,-0.172,-0.314,-0.145,0.067,-0.212,-0.172,-0.048,-0.124,-0.173,-0.171,0.003,-0.01,0.03,0.03,-0.765,-0.735,-0.0,-0.01,0.058,-0.068,-0.01,0.058,-0.068,-0.25,-0.255,-0.41,-0.113,-0.297,0.015,0.068,-0.053,-0.241,-0.041,-0.2,-0.071,0.025,-0.096,-0.052,-0.082,0.025,-0.069,-0.185,-0.185,-0.531,-0.716,0.0,-0.069,-0.15,0.081,-0.069,-0.15,0.081,-0.128,0.013,-0.992,0.108,-1.1,-0.471,-0.104,-0.367,-0.386,0.026,-0.412,-0.243,-0.023,-0.22,-0.226,-0.253,0.028,-0.079,-0.155,-0.155,-1.451,-0.0,-0.079,-0.092,0.013,-0.079,-0.092,0.013,-0.378,-0.242,-0.735,-0.716,-1.451,205,101,104
1630237,Anthony Lamb,2024,0.435,0.278,0.157,0.009,-0.235,0.244,-0.33,0.35,-0.68,0.478,0.007,0.471,0.017,-0.2,0.213,-0.919,-0.247,-0.247,-0.467,-0.714,0.0,-0.919,-0.468,-0.451,-0.919,-0.468,-0.451,3.144,-0.345,-0.814,0.06,-0.874,-0.18,0.019,-0.199,-0.685,-0.099,-0.586,-0.009,0.022,-0.031,-0.037,-0.046,0.009,-0.264,0.377,0.377,-1.115,-0.738,0.0,-0.264,-0.363,0.099,-0.264,-0.363,0.099,-1.479,-0.192,-0.38,0.338,-0.718,-0.171,-0.216,0.045,-1.015,0.251,-1.266,0.468,0.028,0.44,-0.02,-0.246,0.223,-1.182,0.13,0.13,-1.452,0.0,-1.182,-0.831,-0.351,-1.182,-0.831,-0.351,1.665,-0.537,-0.714,-0.738,-1.452,6888,3441,3447
203318,Glen Rice,2024,-0.262,0.322,-0.584,-0.343,-0.237,-0.106,0.197,-0.033,0.23,-0.438,-0.058,-0.38,0.021,-0.018,0.05,-0.282,-0.324,-0.324,-0.523,-0.847,0.0,-0.282,-0.072,-0.21,-0.282,-0.072,-0.21,-0.6,-0.221,-0.326,-0.093,-0.233,-0.133,0.096,-0.229,0.018,-0.067,0.085,-0.118,0.018,-0.136,-0.239,-0.172,-0.07,-0.083,0.042,0.042,-0.648,-0.606,-0.0,-0.083,-0.129,0.046,-0.083,-0.129,0.046,-0.045,0.01,-0.589,0.229,-0.818,-0.477,-0.142,-0.335,0.215,-0.1,0.315,-0.556,-0.04,-0.516,-0.219,-0.19,-0.021,-0.365,-0.283,-0.283,-1.453,-0.001,-0.365,-0.201,-0.164,-0.365,-0.201,-0.164,-0.645,-0.211,-0.847,-0.606,-1.454,258,127,131
1626183,Branden Dawson,2024,-0.369,0.223,-0.592,-0.59,-0.205,-0.385,-0.049,0.049,-0.098,0.047,-0.035,0.082,-0.071,-0.209,0.149,-0.357,-0.14,-0.14,-0.797,-0.937,-0.0,-0.357,-0.232,-0.125,-0.357,-0.232,-0.125,-0.661,-0.384,-0.444,-0.133,-0.311,0.017,0.041,-0.024,-0.24,-0.117,-0.123,-0.088,0.014,-0.102,-0.054,-0.059,0.002,-0.113,0.093,0.093,-0.611,-0.518,0.0,-0.113,-0.091,-0.022,-0.113,-0.091,-0.022,-0.43,-0.049,-0.815,0.09,-0.905,-0.573,-0.164,-0.409,-0.291,-0.069,-0.222,-0.041,-0.021,-0.02,-0.125,-0.268,0.151,-0.471,-0.047,-0.047,-1.455,0.0,-0.471,-0.323,-0.148,-0.471,-0.323,-0.148,-1.091,-0.433,-0.937,-0.518,-1.455,268,136,132
2199,Tyson Chandler,2024,-1.887,-0.133,-1.754,-0.828,0.052,-0.88,-1.015,-0.188,-0.827,0.089,-0.037,0.126,-0.492,-0.047,-0.44,-1.254,0.514,0.514,-3.633,-3.119,-0.0,-1.254,-0.938,-0.316,-1.254,-0.938,-0.316,-3.278,-0.236,0.966,0.175,0.791,0.018,0.207,-0.189,0.784,0.252,0.532,-0.011,-0.027,0.016,0.393,0.365,0.024,-0.612,0.917,0.917,0.747,1.664,-0.0,-0.612,-0.274,-0.338,-0.612,-0.274,-0.338,-0.408,0.293,-0.922,0.042,-0.964,-0.81,0.259,-1.069,-0.232,0.063,-0.295,0.078,-0.064,0.142,-0.099,0.318,-0.416,-1.867,1.431,1.431,-1.455,-0.0,-1.867,-1.212,-0.655,-1.867,-1.212,-0.655,-3.686,0.056,-3.119,1.664,-1.455,26533,13252,13281
1627744,Brice Johnson,2024,-1.012,0.264,-1.276,-0.451,-0.096,-0.355,-0.546,0.023,-0.569,-0.279,-0.055,-0.224,-0.314,-0.255,-0.059,0.01,0.385,0.385,-1.316,-0.931,0.0,0.01,0.069,-0.059,0.01,0.069,-0.059,0.242,0.02,-0.449,-0.037,-0.412,-0.215,0.025,-0.24,-0.288,-0.16,-0.128,0.091,0.018,0.073,-0.107,-0.072,-0.038,0.002,0.025,0.025,-0.554,-0.529,0.0,0.002,0.063,-0.061,0.002,0.063,-0.061,-0.108,-0.14,-1.461,0.227,-1.688,-0.666,-0.071,-0.595,-0.833,-0.136,-0.697,-0.189,-0.038,-0.151,-0.421,-0.327,-0.096,0.012,0.41,0.41,-1.46,0.0,0.012,0.133,-0.121,0.012,0.133,-0.121,0.134,-0.121,-0.931,-0.529,-1.46,326,162,164
1629002,Chimezie Metu,2024,0.056,-0.109,0.165,0.519,-0.0,0.519,-0.35,-0.318,-0.032,-0.004,-0.046,0.042,-0.191,-0.278,0.083,-0.88,-0.917,-0.917,-1.015,-1.932,0.0,-0.88,-0.427,-0.453,-0.88,-0.427,-0.453,-1.506,0.46,0.128,0.124,0.004,0.02,-0.084,0.104,-0.418,-0.173,-0.245,0.402,0.007,0.395,0.371,0.477,-0.106,0.034,-0.064,-0.064,0.533,0.469,-0.0,0.034,0.113,-0.079,0.034,0.113,-0.079,-0.637,-0.04,0.185,0.015,0.17,0.54,-0.084,0.624,-0.767,-0.491,-0.276,0.397,-0.039,0.436,0.18,0.199,-0.023,-0.846,-0.981,-0.981,-1.463,0.0,-0.846,-0.314,-0.532,-0.846,-0.314,-0.532,-2.144,0.42,-1.932,0.469,-1.463,14572,7270,7302
1630266,Magnay,2024,-0.515,0.306,-0.821,-0.417,-0.141,-0.276,-0.061,0.103,-0.164,-0.343,-0.049,-0.294,-0.131,-0.092,-0.033,-0.134,0.001,0.001,-0.78,-0.779,0.0,-0.134,-0.04,-0.094,-0.134,-0.04,-0.094,-0.278,-0.138,-0.571,-0.122,-0.449,-0.076,0.055,-0.131,-0.19,-0.108,-0.082,-0.183,0.019,-0.202,-0.098,-0.099,-0.003,-0.063,0.044,0.044,-0.732,-0.688,0.0,-0.063,-0.051,-0.012,-0.063,-0.051,-0.012,-0.493,-0.06,-1.087,0.184,-1.271,-0.494,-0.086,-0.408,-0.251,-0.005,-0.246,-0.526,-0.03,-0.496,-0.228,-0.191,-0.036,-0.196,0.044,0.044,-1.467,0.0,-0.196,-0.092,-0.104,-0.196,-0.092,-0.104,-0.771,-0.198,-0.779,-0.688,-1.467,16,8,8
1629873,Paige,2024,-0.606,0.387,-0.993,-0.338,-0.155,-0.183,-0.213,0.094,-0.307,-0.442,-0.046,-0.396,-0.153,-0.083,-0.067,-0.054,-0.09,-0.09,-0.813,-0.903,0.0,-0.054,-0.017,-0.037,-0.054,-0.017,-0.037,-0.348,-0.162,-0.294,-0.125,-0.169,-0.022,0.054,-0.076,-0.191,-0.102,-0.089,0.044,0.02,0.024,-0.108,-0.092,-0.019,-0.109,-0.054,-0.054,-0.511,-0.565,0.0,-0.109,-0.063,-0.046,-0.109,-0.063,-0.046,-0.306,-0.087,-0.898,0.262,-1.16,-0.359,-0.101,-0.258,-0.403,-0.008,-0.395,-0.398,-0.026,-0.372,-0.261,-0.175,-0.086,-0.163,-0.144,-0.144,-1.468,0.0,-0.163,-0.08,-0.083,-0.163,-0.08,-0.083,-0.655,-0.249,-0.903,-0.565,-1.468,29,15,14
1627826,Ivica Zubac,2024,-0.91,0.249,-1.159,-0.417,-0.223,-0.194,-0.799,-0.789,-0.01,0.057,-0.056,0.113,-0.939,-0.663,-0.281,-1.318,0.633,0.633,-3.167,-2.534,0.0,-1.318,-0.932,-0.386,-1.318,-0.932,-0.386,-0.753,-0.103,0.917,-0.11,1.027,1.366,0.332,1.034,0.04,0.382,-0.342,-0.379,0.01,-0.389,0.524,0.561,-0.035,-1.301,0.925,0.925,0.14,1.065,-0.0,-1.301,-0.448,-0.853,-1.301,-0.448,-0.853,-1.804,0.816,0.007,0.139,-0.132,0.951,0.11,0.841,-0.759,-0.407,-0.352,-0.324,-0.047,-0.277,-0.415,-0.102,-0.316,-2.619,1.558,1.558,-1.469,-0.0,-2.619,-1.38,-1.239,-2.619,-1.38,-1.239,-2.557,0.713,-2.534,1.065,-1.469,47746,23841,23905
1631217,Moussa Diabaté,2024,-1.79,0.184,-1.974,-0.681,-0.149,-0.532,-0.885,-0.083,-0.802,-0.408,-0.049,-0.359,-0.089,0.148,-0.236,0.08,1.504,1.504,-1.799,-0.295,-0.0,0.08,0.289,-0.209,0.08,0.289,-0.209,-0.649,0.101,-0.933,0.04,-0.973,0.016,0.001,0.015,-0.123,-0.114,-0.009,-0.866,0.018,-0.884,-0.087,-0.068,-0.021,-0.242,0.087,0.087,-1.262,-1.175,0.0,-0.242,-0.206,-0.036,-0.242,-0.206,-0.036,-0.946,-0.185,-2.723,0.224,-2.947,-0.666,-0.149,-0.517,-1.007,-0.196,-0.811,-1.274,-0.031,-1.243,-0.176,0.08,-0.257,-0.163,1.591,1.591,-1.47,0.0,-0.163,0.084,-0.247,-0.163,0.084,-0.247,-1.595,-0.085,-0.295,-1.175,-1.47,1069,533,536
203564,Kalin Lucas,2024,-0.724,0.319,-1.043,-0.402,-0.141,-0.261,-0.14,0.106,-0.246,-0.501,-0.049,-0.452,-0.135,-0.103,-0.026,-0.087,-0.042,-0.042,-0.946,-0.988,0.0,-0.087,0.012,-0.099,-0.087,0.012,-0.099,-0.582,-0.143,-0.354,-0.104,-0.25,-0.053,0.061,-0.114,-0.166,-0.097,-0.069,-0.031,0.018,-0.049,-0.101,-0.097,-0.007,-0.069,0.034,0.034,-0.524,-0.49,0.0,-0.069,-0.052,-0.017,-0.069,-0.052,-0.017,-0.351,-0.045,-1.078,0.215,-1.293,-0.455,-0.08,-0.375,-0.306,0.009,-0.315,-0.532,-0.031,-0.501,-0.236,-0.2,-0.033,-0.156,-0.008,-0.008,-1.478,0.001,-0.156,-0.041,-0.115,-0.156,-0.041,-0.115,-0.933,-0.188,-0.988,-0.49,-1.477,46,22,24
1630234,Alexander,2024,-0.579,0.114,-0.693,-0.253,-0.163,-0.09,-0.065,0.135,-0.2,-0.375,-0.045,-0.33,-0.028,0.005,-0.026,0.013,-0.22,-0.22,-0.594,-0.814,0.0,0.013,0.026,-0.013,0.013,0.026,-0.013,-0.376,-0.065,-0.373,-0.034,-0.339,0.077,0.053,0.024,-0.21,-0.11,-0.1,-0.206,0.019,-0.225,-0.106,-0.085,-0.024,-0.204,0.019,0.019,-0.683,-0.664,-0.0,-0.204,-0.035,-0.169,-0.204,-0.035,-0.169,-0.425,-0.064,-0.951,0.08,-1.031,-0.176,-0.11,-0.066,-0.275,0.025,-0.3,-0.58,-0.026,-0.554,-0.135,-0.081,-0.05,-0.191,-0.2,-0.2,-1.478,-0.0,-0.191,-0.009,-0.182,-0.191,-0.009,-0.182,-0.802,-0.129,-0.814,-0.664,-1.478,200,100,100
1630604,E.J. Liddell,2024,-0.66,0.229,-0.889,-0.276,-0.151,-0.125,0.135,0.142,-0.007,-0.748,-0.046,-0.702,-0.066,-0.052,-0.007,-0.187,-0.066,-0.066,-0.913,-0.979,0.0,-0.187,-0.235,0.048,-0.187,-0.235,0.048,-1.136,-0.263,-0.454,-0.055,-0.399,-0.065,0.043,-0.108,-0.253,-0.106,-0.147,-0.081,0.019,-0.1,-0.054,-0.045,-0.012,0.025,-0.018,-0.018,-0.483,-0.501,0.0,0.025,-0.01,0.035,0.025,-0.01,0.035,-0.13,-0.018,-1.114,0.174,-1.288,-0.341,-0.108,-0.233,-0.118,0.036,-0.154,-0.829,-0.027,-0.802,-0.12,-0.098,-0.019,-0.163,-0.084,-0.084,-1.48,0.0,-0.163,-0.245,0.082,-0.163,-0.245,0.082,-1.267,-0.281,-0.979,-0.501,-1.48,117,59,58
1630203,Riller,2024,-0.321,0.32,-0.641,-0.277,-0.157,-0.12,0.095,0.119,-0.024,-0.459,-0.041,-0.418,-0.126,-0.081,-0.04,-0.096,-0.388,-0.388,-0.543,-0.931,0.0,-0.096,0.135,-0.231,-0.096,0.135,-0.231,-0.312,-0.172,-0.417,-0.018,-0.399,-0.044,0.058,-0.102,-0.293,-0.108,-0.185,-0.062,0.019,-0.081,-0.104,-0.108,-0.0,-0.034,0.006,0.006,-0.555,-0.549,0.0,-0.034,-0.044,0.01,-0.034,-0.044,0.01,-0.201,-0.039,-0.736,0.302,-1.038,-0.321,-0.099,-0.222,-0.197,0.011,-0.208,-0.52,-0.022,-0.498,-0.23,-0.189,-0.04,-0.131,-0.382,-0.382,-1.48,0.0,-0.131,0.09,-0.221,-0.131,0.09,-0.221,-0.513,-0.212,-0.931,-0.549,-1.48,111,55,56
202734,E'Twaun Moore,2024,0.576,-0.139,0.715,0.07,-0.101,0.171,0.275,-0.321,0.596,0.37,-0.037,0.407,-0.377,-0.344,-0.034,0.285,-0.256,-0.256,0.484,0.228,0.0,0.285,0.122,0.163,0.285,0.122,0.163,1.047,-0.003,-0.224,0.117,-0.341,0.015,-0.119,0.134,0.262,0.1,0.162,-0.618,0.024,-0.642,0.034,0.007,0.026,-0.726,-0.792,-0.792,-0.916,-1.708,0.0,-0.726,-0.226,-0.5,-0.726,-0.226,-0.5,-0.51,-0.127,0.351,-0.022,0.373,0.084,-0.221,0.305,0.538,-0.221,0.759,-0.249,-0.013,-0.236,-0.343,-0.337,-0.009,-0.441,-1.047,-1.047,-1.48,0.0,-0.441,-0.105,-0.336,-0.441,-0.105,-0.336,0.537,-0.129,0.228,-1.708,-1.48,40067,20025,20042
1629083,Kulboka,2024,-0.582,0.31,-0.892,-0.32,-0.145,-0.175,-0.13,0.098,-0.228,-0.442,-0.048,-0.394,-0.149,-0.11,-0.035,-0.027,-0.062,-0.062,-0.758,-0.82,0.0,-0.027,0.014,-0.041,-0.027,0.014,-0.041,-0.397,-0.116,-0.42,-0.109,-0.311,-0.046,0.049,-0.095,-0.209,-0.103,-0.106,-0.056,0.02,-0.076,-0.099,-0.081,-0.022,-0.104,-0.042,-0.042,-0.623,-0.665,0.0,-0.104,-0.06,-0.044,-0.104,-0.06,-0.044,-0.374,-0.094,-1.001,0.201,-1.202,-0.365,-0.096,-0.269,-0.339,-0.005,-0.334,-0.498,-0.028,-0.47,-0.248,-0.191,-0.056,-0.131,-0.104,-0.104,-1.485,0.0,-0.131,-0.046,-0.085,-0.131,-0.046,-0.085,-0.771,-0.209,-0.82,-0.665,-1.485,24,11,13
1630531,Jaden Springer,2024,-1.259,-0.22,-1.039,-0.365,-0.052,-0.313,-0.593,-0.023,-0.57,-0.081,-0.042,-0.039,0.025,0.103,-0.075,-0.067,0.539,0.539,-1.301,-0.762,-0.0,-0.067,0.569,-0.636,-0.067,0.569,-0.636,-2.463,0.069,-0.847,0.066,-0.913,-0.322,-0.017,-0.305,-0.398,-0.19,-0.208,-0.193,0.014,-0.207,-0.371,-0.264,-0.108,0.234,0.261,0.261,-0.984,-0.723,0.0,0.234,0.123,0.111,0.234,0.123,0.111,-0.508,-0.189,-2.105,-0.154,-1.951,-0.687,-0.069,-0.618,-0.99,-0.212,-0.778,-0.274,-0.028,-0.246,-0.346,-0.161,-0.183,0.168,0.8,0.8,-1.485,-0.0,0.168,0.692,-0.524,0.168,0.692,-0.524,-2.971,-0.121,-0.762,-0.723,-1.485,2686,1341,1345
1629729,Reaves,2024,-0.896,0.37,-1.266,-0.283,-0.111,-0.172,-0.325,0.108,-0.433,-0.658,-0.047,-0.611,-0.214,-0.14,-0.072,0.099,0.072,0.072,-1.011,-0.939,0.0,0.099,0.114,-0.015,0.099,0.114,-0.015,-0.482,0.033,-0.394,-0.085,-0.309,-0.033,0.068,-0.101,-0.067,-0.104,0.037,-0.209,0.018,-0.227,-0.072,-0.071,-0.004,-0.158,0.077,0.077,-0.624,-0.547,0.0,-0.158,-0.119,-0.039,-0.158,-0.119,-0.039,-0.59,-0.066,-1.289,0.285,-1.574,-0.315,-0.043,-0.272,-0.392,0.004,-0.396,-0.867,-0.029,-0.838,-0.286,-0.211,-0.076,-0.059,0.149,0.149,-1.486,0.0,-0.059,-0.005,-0.054,-0.059,-0.005,-0.054,-1.072,-0.033,-0.939,-0.547,-1.486,153,76,77
201991,Lester Hudson,2024,-0.46,0.271,-0.731,-0.273,-0.29,0.017,-0.578,0.095,-0.673,0.12,0.006,0.114,-0.219,-0.021,-0.197,-0.627,0.096,0.096,-1.306,-1.21,0.0,-0.627,-0.28,-0.347,-0.627,-0.28,-0.347,-0.511,-0.285,-0.185,-0.063,-0.122,0.011,0.109,-0.098,0.039,-0.082,0.121,-0.172,0.005,-0.177,-0.105,-0.141,0.033,0.054,-0.041,-0.041,-0.236,-0.277,-0.0,0.054,0.018,0.036,0.054,0.018,0.036,-0.038,0.099,-0.646,0.208,-0.854,-0.262,-0.181,-0.081,-0.539,0.013,-0.552,-0.053,0.01,-0.063,-0.324,-0.162,-0.164,-0.573,0.055,0.055,-1.487,-0.0,-0.573,-0.262,-0.311,-0.573,-0.262,-0.311,-0.549,-0.187,-1.21,-0.277,-1.487,610,303,307
1629094,Marcus Derrickson,2024,-1.208,0.167,-1.375,-0.318,-0.176,-0.142,-0.342,0.062,-0.404,-0.715,-0.049,-0.666,-0.09,-0.099,0.016,0.155,0.212,0.212,-1.143,-0.931,0.0,0.155,0.039,0.116,0.155,0.039,0.116,-0.402,-0.144,-0.335,-0.121,-0.214,-0.022,0.075,-0.097,-0.051,-0.077,0.026,-0.141,0.021,-0.162,-0.102,-0.08,-0.025,-0.057,-0.065,-0.065,-0.494,-0.559,-0.0,-0.057,-0.061,0.004,-0.057,-0.061,0.004,-0.171,0.012,-1.542,0.046,-1.588,-0.34,-0.101,-0.239,-0.393,-0.015,-0.378,-0.855,-0.028,-0.827,-0.192,-0.179,-0.009,0.098,0.146,0.146,-1.49,-0.001,0.098,-0.022,0.12,0.098,-0.022,0.12,-0.572,-0.133,-0.931,-0.559,-1.491,138,70,68
101138,Brandon Bass,2024,-1.136,-0.56,-0.576,-0.278,-0.22,-0.058,0.003,-0.329,0.332,-0.301,0.079,-0.38,0.092,-0.272,0.374,-0.006,-0.379,-0.379,-1.05,-1.429,-0.0,-0.006,0.132,-0.138,-0.006,0.132,-0.138,-1.2,-0.914,-0.282,0.4,-0.682,-1.521,-0.225,-1.296,0.8,0.007,0.793,0.039,-0.047,0.086,0.493,0.372,0.115,-0.485,0.21,0.21,-0.274,-0.064,-0.0,-0.485,-0.455,-0.03,-0.485,-0.455,-0.03,-1.106,-0.885,-1.419,-0.16,-1.259,-1.8,-0.446,-1.354,0.803,-0.322,1.125,-0.262,0.032,-0.294,0.585,0.101,0.489,-0.492,-0.169,-0.169,-1.493,-0.0,-0.492,-0.323,-0.169,-0.492,-0.323,-0.169,-2.306,-1.799,-1.429,-0.064,-1.493,15664,7782,7882
1627757,Stephen Zimmerman,2024,-0.515,0.156,-0.671,-0.542,-0.18,-0.362,-0.144,0.003,-0.147,0.015,-0.042,0.057,-0.299,-0.335,0.039,-0.059,-0.149,-0.149,-0.873,-1.022,0.0,-0.059,-0.158,0.099,-0.059,-0.158,0.099,-0.534,-0.345,-0.351,-0.067,-0.284,-0.1,0.114,-0.214,-0.231,-0.092,-0.139,0.047,0.011,0.036,-0.061,-0.161,0.096,-0.063,0.001,0.001,-0.475,-0.474,0.0,-0.063,-0.001,-0.062,-0.063,-0.001,-0.062,-0.265,0.043,-0.868,0.089,-0.957,-0.644,-0.067,-0.577,-0.375,-0.089,-0.286,0.062,-0.031,0.093,-0.36,-0.496,0.134,-0.122,-0.148,-0.148,-1.496,0.0,-0.122,-0.16,0.038,-0.122,-0.16,0.038,-0.799,-0.302,-1.022,-0.474,-1.496,308,153,155
202388,Donald Sloan,2024,-1.648,-0.116,-1.532,-0.261,0.066,-0.327,-0.652,-0.309,-0.343,-0.619,-0.035,-0.584,-0.212,-0.103,-0.103,0.194,0.876,0.876,-1.666,-0.79,-0.0,0.194,-0.084,0.278,0.194,-0.084,0.278,0.284,-0.173,-0.674,0.34,-1.014,-0.625,-0.21,-0.415,-0.264,-0.095,-0.169,-0.125,-0.037,-0.088,0.167,0.188,-0.025,-0.66,0.46,0.46,-1.167,-0.707,0.0,-0.66,-0.112,-0.548,-0.66,-0.112,-0.548,-0.209,-0.455,-2.323,0.224,-2.547,-0.886,-0.144,-0.742,-0.917,-0.404,-0.513,-0.744,-0.072,-0.672,-0.045,0.086,-0.128,-0.466,1.336,1.336,-1.497,-0.0,-0.466,-0.196,-0.27,-0.466,-0.196,-0.27,0.075,-0.628,-0.79,-0.707,-1.497,10279,5151,5128
1629618,Jalen Pickett,2024,-0.292,-0.089,-0.203,-0.048,-0.121,0.073,0.019,0.206,-0.187,-0.174,-0.038,-0.136,-0.259,-0.125,-0.133,-0.054,-0.741,-0.741,-0.605,-1.346,0.0,-0.054,-0.071,0.017,-0.054,-0.071,0.017,0.578,0.266,-0.067,-0.002,-0.065,-0.104,0.03,-0.134,-0.02,-0.128,0.108,0.059,0.021,0.038,-0.111,-0.125,0.011,-0.117,0.143,0.143,-0.295,-0.152,0.0,-0.117,-0.043,-0.074,-0.117,-0.043,-0.074,0.074,0.016,-0.361,-0.091,-0.27,-0.152,-0.091,-0.061,-0.002,0.077,-0.079,-0.116,-0.017,-0.099,-0.369,-0.25,-0.122,-0.172,-0.598,-0.598,-1.498,-0.001,-0.172,-0.113,-0.059,-0.172,-0.113,-0.059,0.653,0.281,-1.346,-0.152,-1.499,540,274,266
1641757,Jordan Miller,2024,-0.479,0.248,-0.727,-0.277,-0.149,-0.128,-0.195,0.099,-0.294,-0.255,-0.045,-0.21,-0.158,-0.078,-0.076,-0.126,-0.022,-0.022,-0.763,-0.785,0.0,-0.126,-0.041,-0.085,-0.126,-0.041,-0.085,-0.413,-0.159,-0.349,-0.083,-0.266,-0.09,0.026,-0.116,-0.123,-0.115,-0.008,-0.053,0.021,-0.074,-0.135,-0.136,-0.002,-0.103,-0.127,-0.127,-0.587,-0.714,0.0,-0.103,-0.125,0.022,-0.103,-0.125,0.022,-0.332,-0.124,-0.827,0.165,-0.992,-0.367,-0.123,-0.244,-0.317,-0.016,-0.301,-0.308,-0.024,-0.284,-0.293,-0.214,-0.078,-0.229,-0.149,-0.149,-1.499,0.0,-0.229,-0.166,-0.063,-0.229,-0.166,-0.063,-0.745,-0.283,-0.785,-0.714,-1.499,123,62,61
201582,Alexis Ajinca,2024,-0.909,-0.348,-0.561,0.163,-0.335,0.498,-0.703,-1.055,0.352,-0.021,-0.118,0.097,-0.702,-0.83,0.131,-0.144,-0.617,-0.617,-1.755,-2.372,0.0,-0.144,0.228,-0.372,-0.144,0.228,-0.372,-1.604,-0.499,1.488,0.159,1.329,0.567,-0.031,0.598,0.257,-0.093,0.35,0.505,-0.032,0.537,-0.145,-0.175,0.028,0.019,-0.494,-0.494,1.362,0.868,0.0,0.019,0.166,-0.147,0.019,0.166,-0.147,0.654,0.151,0.579,-0.189,0.768,0.729,-0.366,1.095,-0.446,-1.148,0.702,0.485,-0.15,0.635,-0.847,-1.005,0.158,-0.124,-1.11,-1.11,-1.504,0.0,-0.124,0.394,-0.518,-0.124,0.394,-0.518,-0.95,-0.348,-2.372,0.868,-1.504,9677,4829,4848
203613,Jonathon Simmons,2024,0.536,-0.105,0.641,0.201,0.039,0.162,0.51,0.086,0.424,-0.07,-0.048,-0.022,0.235,0.141,0.095,-0.875,-0.394,-0.394,-0.104,-0.498,0.0,-0.875,-0.228,-0.647,-0.875,-0.228,-0.647,-1.277,-0.256,-0.198,-0.101,-0.097,-0.511,-0.018,-0.493,0.431,-0.014,0.445,-0.017,0.041,-0.058,-0.225,-0.383,0.158,0.02,-0.609,-0.609,-0.403,-1.012,0.0,0.02,-0.126,0.146,0.02,-0.126,0.146,0.761,-0.324,0.337,-0.206,0.543,-0.31,0.021,-0.331,0.94,0.072,0.868,-0.087,-0.007,-0.08,0.01,-0.242,0.253,-0.855,-1.003,-1.003,-1.51,0.001,-0.855,-0.354,-0.501,-0.855,-0.354,-0.501,-0.517,-0.579,-0.498,-1.012,-1.509,23385,11701,11684
202620,Arinze Onuaku,2024,-1.0,0.179,-1.179,-0.7,-0.216,-0.484,0.163,0.05,0.113,-0.642,-0.025,-0.617,-0.053,-0.123,0.078,0.024,0.163,0.163,-1.029,-0.866,-0.0,0.024,-0.032,0.056,0.024,-0.032,0.056,-0.437,-0.274,-0.296,0.028,-0.324,-0.138,0.1,-0.238,-0.127,-0.114,-0.013,-0.059,0.007,-0.066,-0.038,-0.098,0.056,-0.157,-0.155,-0.155,-0.491,-0.646,0.0,-0.157,-0.093,-0.064,-0.157,-0.093,-0.064,-0.585,-0.113,-1.294,0.207,-1.501,-0.838,-0.116,-0.722,0.038,-0.063,0.101,-0.701,-0.018,-0.683,-0.091,-0.221,0.134,-0.133,0.008,0.008,-1.512,0.0,-0.133,-0.125,-0.008,-0.133,-0.125,-0.008,-1.022,-0.387,-0.866,-0.646,-1.512,353,175,178
204022,Jack Cooley,2024,-2.692,0.059,-2.751,-0.696,-0.2,-0.496,-0.856,-0.054,-0.802,-1.199,-0.024,-1.175,-0.186,0.045,-0.229,0.318,0.769,0.769,-2.56,-1.791,0.0,0.318,0.102,0.216,0.318,0.102,0.216,-1.976,-0.413,0.169,-0.054,0.223,-0.077,0.058,-0.135,-0.15,-0.088,-0.062,0.45,0.019,0.431,-0.179,-0.328,0.145,0.153,0.135,0.135,0.143,0.278,0.0,0.153,0.116,0.037,0.153,0.116,0.037,0.502,-0.004,-2.524,0.005,-2.529,-0.773,-0.142,-0.631,-1.007,-0.143,-0.864,-0.749,-0.005,-0.744,-0.364,-0.284,-0.084,0.471,0.904,0.904,-1.513,0.0,0.471,0.219,0.252,0.471,0.219,0.252,-1.474,-0.417,-1.791,0.278,-1.513,875,439,436
1629061,Deng Adel,2024,-1.149,0.281,-1.43,-0.599,-0.21,-0.389,-0.523,-0.01,-0.513,-0.308,-0.039,-0.269,-0.149,-0.234,0.092,-0.151,0.189,0.189,-1.449,-1.26,0.0,-0.151,-0.179,0.028,-0.151,-0.179,0.028,-1.117,-0.347,-0.335,-0.026,-0.309,-0.129,0.058,-0.187,-0.267,-0.069,-0.198,0.087,0.019,0.068,-0.043,-0.025,-0.021,-0.071,0.192,0.192,-0.449,-0.257,0.0,-0.071,0.014,-0.085,-0.071,0.014,-0.085,-0.467,0.02,-1.485,0.255,-1.74,-0.729,-0.152,-0.577,-0.79,-0.079,-0.711,-0.221,-0.02,-0.201,-0.193,-0.259,0.071,-0.221,0.381,0.381,-1.517,0.001,-0.221,-0.165,-0.056,-0.221,-0.165,-0.056,-1.584,-0.326,-1.26,-0.257,-1.516,674,336,338
1628387,Ike Anigbogu,2024,-0.593,0.186,-0.779,-0.429,-0.176,-0.253,0.001,0.048,-0.047,-0.351,-0.05,-0.301,-0.133,-0.062,-0.066,-0.08,0.164,0.164,-0.806,-0.642,-0.0,-0.08,-0.037,-0.043,-0.08,-0.037,-0.043,-0.878,-0.355,-0.588,-0.035,-0.553,-0.094,0.019,-0.113,-0.347,-0.102,-0.245,-0.112,0.027,-0.139,-0.066,-0.081,0.011,-0.182,-0.042,-0.042,-0.836,-0.878,-0.0,-0.182,-0.089,-0.093,-0.182,-0.089,-0.093,-0.149,-0.128,-1.181,0.151,-1.332,-0.522,-0.157,-0.365,-0.347,-0.055,-0.292,-0.463,-0.023,-0.44,-0.199,-0.143,-0.055,-0.262,0.122,0.122,-1.52,-0.0,-0.262,-0.126,-0.136,-0.262,-0.126,-0.136,-1.027,-0.483,-0.642,-0.878,-1.52,157,79,78
1630256,Jae'Sean Tate,2024,-1.889,0.198,-2.087,-0.416,0.234,-0.65,-0.868,0.336,-1.204,-0.803,-0.006,-0.797,-0.63,-0.237,-0.394,0.024,0.621,0.621,-2.495,-1.874,0.0,0.024,0.432,-0.408,0.024,0.432,-0.408,-2.242,-0.07,0.266,0.014,0.252,0.046,0.076,-0.03,-0.685,-0.075,-0.61,0.891,0.012,0.879,-0.358,-0.146,-0.21,0.305,0.14,0.14,0.213,0.353,-0.0,0.305,-0.244,0.549,0.305,-0.244,0.549,1.856,0.49,-1.623,0.212,-1.835,-0.37,0.31,-0.68,-1.553,0.261,-1.814,0.088,0.006,0.082,-0.988,-0.384,-0.604,0.329,0.761,0.761,-1.521,0.0,0.329,0.187,0.142,0.329,0.187,0.142,-0.386,0.42,-1.874,0.353,-1.521,24124,12037,12087
1630548,Johnny Juzang,2024,-1.545,0.175,-1.72,-0.977,-0.309,-0.668,0.243,-0.078,0.321,-0.986,-0.013,-0.973,-0.44,-0.603,0.161,0.319,1.168,1.168,-1.666,-0.498,0.0,0.319,0.123,0.196,0.319,0.123,0.196,-0.019,-0.881,-0.111,-0.085,-0.026,0.515,0.047,0.468,0.21,-0.135,0.345,-0.751,0.022,-0.773,-0.02,-0.061,0.041,-0.625,-0.275,-0.275,-0.756,-1.031,0.0,-0.625,-0.098,-0.527,-0.625,-0.098,-0.527,-0.655,0.341,-1.656,0.09,-1.746,-0.462,-0.262,-0.2,0.453,-0.213,0.666,-1.737,0.009,-1.746,-0.46,-0.664,0.202,-0.306,0.893,0.893,-1.529,0.0,-0.306,0.025,-0.331,-0.306,0.025,-0.331,-0.673,-0.54,-0.498,-1.031,-1.529,2467,1234,1233
1629745,Owens,2024,-0.58,0.377,-0.957,-0.242,-0.113,-0.129,-0.053,0.101,-0.154,-0.662,-0.049,-0.613,-0.161,-0.147,-0.009,-0.003,-0.098,-0.098,-0.744,-0.842,0.0,-0.003,-0.018,0.015,-0.003,-0.018,0.015,-0.46,0.001,-0.482,-0.067,-0.415,-0.041,0.066,-0.107,-0.243,-0.111,-0.132,-0.131,0.018,-0.149,-0.095,-0.078,-0.02,-0.096,-0.015,-0.015,-0.673,-0.688,0.0,-0.096,-0.022,-0.074,-0.096,-0.022,-0.074,-0.455,-0.037,-1.061,0.31,-1.371,-0.282,-0.047,-0.235,-0.296,-0.01,-0.286,-0.793,-0.031,-0.762,-0.256,-0.225,-0.03,-0.099,-0.113,-0.113,-1.53,0.001,-0.099,-0.04,-0.059,-0.099,-0.04,-0.059,-0.915,-0.036,-0.842,-0.688,-1.529,65,31,34
1627815,Sheldon Mac,2024,-1.188,0.284,-1.472,-0.19,-0.079,-0.111,-0.713,-0.032,-0.681,-0.569,-0.071,-0.498,-0.319,-0.322,0.005,-0.103,0.334,0.334,-1.61,-1.276,-0.0,-0.103,0.178,-0.281,-0.103,0.178,-0.281,-0.511,0.178,-0.09,-0.133,0.043,0.102,0.049,0.053,0.017,-0.043,0.06,-0.076,0.026,-0.102,-0.028,-0.003,-0.028,-0.021,-0.122,-0.122,-0.139,-0.261,0.0,-0.021,0.105,-0.126,-0.021,0.105,-0.126,-0.217,-0.028,-1.279,0.151,-1.43,-0.089,-0.031,-0.058,-0.696,-0.075,-0.621,-0.645,-0.046,-0.599,-0.348,-0.325,-0.023,-0.124,0.212,0.212,-1.537,0.0,-0.124,0.284,-0.408,-0.124,0.284,-0.408,-0.728,0.15,-1.276,-0.261,-1.537,373,182,191
1630195,Leandro Bolmaro,2024,-2.187,-0.125,-2.062,-0.104,0.01,-0.114,-0.501,0.107,-0.608,-1.457,-0.033,-1.424,-0.182,-0.142,-0.038,-0.171,0.61,0.61,-2.54,-1.93,-0.0,-0.171,0.115,-0.286,-0.171,0.115,-0.286,-1.968,-0.007,0.013,0.068,-0.055,-0.021,0.065,-0.086,0.043,-0.179,0.222,-0.077,0.015,-0.092,-0.239,-0.441,0.198,-0.083,0.701,0.701,-0.309,0.392,0.0,-0.083,0.013,-0.096,-0.083,0.013,-0.096,0.714,0.053,-2.174,-0.057,-2.117,-0.125,0.075,-0.2,-0.458,-0.072,-0.386,-1.534,-0.018,-1.516,-0.421,-0.583,0.16,-0.254,1.311,1.311,-1.538,-0.0,-0.254,0.128,-0.382,-0.254,0.128,-0.382,-1.254,0.046,-1.93,0.392,-1.538,1332,667,665
1629309,Palmer,2024,-0.578,0.345,-0.923,-0.47,-0.146,-0.324,-0.058,0.099,-0.157,-0.395,-0.045,-0.35,-0.105,-0.054,-0.047,-0.28,-0.044,-0.044,-0.963,-1.007,0.0,-0.28,-0.25,-0.03,-0.28,-0.25,-0.03,-0.415,-0.161,-0.463,-0.134,-0.329,-0.043,0.051,-0.094,-0.17,-0.104,-0.066,-0.116,0.019,-0.135,-0.139,-0.105,-0.037,-0.005,0.073,0.073,-0.607,-0.534,0.0,-0.005,0.042,-0.047,-0.005,0.042,-0.047,-0.386,-0.047,-1.04,0.211,-1.251,-0.513,-0.095,-0.418,-0.228,-0.005,-0.223,-0.51,-0.026,-0.484,-0.244,-0.159,-0.084,-0.285,0.029,0.029,-1.541,0.0,-0.285,-0.208,-0.077,-0.285,-0.208,-0.077,-0.801,-0.208,-1.007,-0.534,-1.541,66,33,33
1631320,Moneke,2024,-0.636,0.196,-0.832,-0.332,-0.15,-0.182,-0.088,0.116,-0.204,-0.412,-0.047,-0.365,-0.12,-0.071,-0.044,-0.128,-0.019,-0.019,-0.884,-0.903,0.0,-0.128,-0.107,-0.021,-0.128,-0.107,-0.021,-0.316,-0.06,-0.515,-0.126,-0.389,-0.104,0.055,-0.159,-0.195,-0.118,-0.077,-0.09,0.02,-0.11,-0.112,-0.1,-0.016,-0.045,0.033,0.033,-0.672,-0.639,0.0,-0.045,-0.063,0.018,-0.045,-0.063,0.018,-0.376,-0.079,-1.15,0.07,-1.22,-0.436,-0.095,-0.341,-0.282,-0.002,-0.28,-0.502,-0.027,-0.475,-0.233,-0.171,-0.06,-0.173,0.014,0.014,-1.542,0.0,-0.173,-0.171,-0.002,-0.173,-0.171,-0.002,-0.693,-0.139,-0.903,-0.639,-1.542,35,18,17
1626154,RJ Hunter,2024,-3.154,-0.259,-2.895,-1.43,-0.141,-1.289,-0.077,0.14,-0.217,-1.388,-0.011,-1.377,-0.278,-0.126,-0.151,0.395,0.71,0.71,-3.037,-2.327,0.0,0.395,0.722,-0.327,0.395,0.722,-0.327,-0.636,-0.219,0.752,0.04,0.712,-0.504,-0.039,-0.465,0.155,-0.219,0.374,1.061,0.017,1.044,-0.211,-0.357,0.142,-0.028,0.27,0.27,0.513,0.783,0.0,-0.028,-0.247,0.219,-0.028,-0.247,0.219,0.473,-0.193,-2.401,-0.219,-2.182,-1.934,-0.18,-1.754,0.08,-0.078,0.158,-0.328,0.006,-0.334,-0.49,-0.483,-0.009,0.367,0.98,0.98,-1.544,0.0,0.367,0.475,-0.108,0.367,0.475,-0.108,-0.163,-0.411,-2.327,0.783,-1.544,1935,963,972
1629151,Ryan Broekhoff,2024,0.032,0.127,-0.095,-0.056,-0.097,0.041,-0.612,0.487,-1.099,0.573,0.019,0.554,-0.612,-0.349,-0.267,-0.099,-0.298,-0.298,-0.679,-0.977,-0.0,-0.099,-0.039,-0.06,-0.099,-0.039,-0.06,2.847,-0.137,0.437,0.004,0.433,0.036,-0.019,0.055,0.065,-0.2,0.265,0.332,0.019,0.313,-0.143,-0.156,0.011,-0.861,-0.003,-0.003,-0.567,-0.57,0.0,-0.861,-0.605,-0.256,-0.861,-0.605,-0.256,0.127,-0.194,0.472,0.131,0.341,-0.019,-0.116,0.097,-0.546,0.288,-0.834,0.906,0.039,0.867,-0.756,-0.505,-0.255,-0.96,-0.301,-0.301,-1.547,0.001,-0.96,-0.644,-0.316,-0.96,-0.644,-0.316,2.974,-0.331,-0.977,-0.57,-1.546,2911,1451,1460
1737,Nazr Mohammed,2024,-1.502,0.029,-1.531,-0.601,-0.041,-0.56,-0.655,0.056,-0.711,-0.275,-0.049,-0.226,0.102,-0.064,0.18,-0.171,-0.054,-0.054,-1.571,-1.625,0.0,-0.171,-0.246,0.075,-0.171,-0.246,0.075,-1.981,-0.368,-0.052,0.1,-0.152,0.075,0.072,0.003,-0.147,-0.094,-0.053,-0.08,0.012,-0.092,-0.057,-0.04,-0.021,-0.076,0.258,0.258,-0.185,0.073,-0.0,-0.076,-0.019,-0.057,-0.076,-0.019,-0.057,-0.119,-0.01,-1.555,0.129,-1.684,-0.526,0.031,-0.557,-0.803,-0.039,-0.764,-0.355,-0.037,-0.318,0.045,-0.104,0.159,-0.248,0.205,0.205,-1.552,0.0,-0.248,-0.264,0.016,-0.248,-0.264,0.016,-2.1,-0.379,-1.625,0.073,-1.552,671,336,335
203933,T.J. Warren,2024,-1.501,-0.063,-1.438,-0.584,-0.107,-0.477,-0.172,-0.743,0.571,-0.682,-0.085,-0.597,0.057,-0.092,0.158,0.35,0.265,0.265,-1.094,-0.829,-0.0,0.35,0.386,-0.036,0.35,0.386,-0.036,-2.807,-0.431,-0.686,0.015,-0.701,-0.505,-0.241,-0.264,-0.366,-0.117,-0.249,0.17,0.035,0.135,-0.416,-0.461,0.043,-0.007,0.383,0.383,-1.109,-0.726,0.0,-0.007,-0.024,0.017,-0.007,-0.024,0.017,1.303,-0.264,-2.189,-0.048,-2.141,-1.09,-0.348,-0.742,-0.539,-0.861,0.322,-0.512,-0.05,-0.462,-0.358,-0.553,0.201,0.343,0.648,0.648,-1.555,-0.0,0.343,0.362,-0.019,0.343,0.362,-0.019,-1.504,-0.695,-0.829,-0.726,-1.555,44277,22128,22149
1630600,Isaiah Mobley,2024,-0.481,0.067,-0.548,-0.228,-0.187,-0.041,-0.532,0.015,-0.547,0.212,-0.034,0.246,-0.436,-0.41,-0.027,-0.275,-0.334,-0.334,-1.192,-1.526,0.0,-0.275,-0.158,-0.117,-0.275,-0.158,-0.117,-0.247,-0.331,-0.198,0.006,-0.204,-0.236,0.06,-0.296,0.004,-0.113,0.117,0.028,0.015,0.013,-0.027,-0.017,-0.012,-0.031,0.227,0.227,-0.256,-0.029,-0.0,-0.031,0.027,-0.058,-0.031,0.027,-0.058,-0.39,-0.088,-0.679,0.073,-0.752,-0.464,-0.127,-0.337,-0.528,-0.098,-0.43,0.24,-0.019,0.259,-0.463,-0.427,-0.039,-0.307,-0.107,-0.107,-1.555,0.0,-0.307,-0.131,-0.176,-0.307,-0.131,-0.176,-0.638,-0.419,-1.526,-0.029,-1.555,619,310,309
1630610,DeJon Jarreau,2024,-1.372,0.493,-1.865,-0.298,-0.141,-0.157,-0.572,0.091,-0.663,-0.995,-0.044,-0.951,-0.143,0.1,-0.243,0.403,0.011,0.011,-1.112,-1.101,0.0,0.403,0.301,0.102,0.403,0.301,0.102,-1.062,-0.11,-0.56,-0.088,-0.472,0.055,0.038,0.017,-0.176,-0.101,-0.075,-0.351,0.018,-0.369,0.021,0.019,0.0,-0.15,0.235,0.235,-0.689,-0.454,0.0,-0.15,-0.057,-0.093,-0.15,-0.057,-0.093,-0.849,-0.142,-1.93,0.405,-2.335,-0.242,-0.102,-0.14,-0.748,-0.01,-0.738,-1.345,-0.026,-1.319,-0.122,0.119,-0.243,0.253,0.245,0.245,-1.555,0.0,0.253,0.244,0.009,0.253,0.244,0.009,-1.911,-0.251,-1.101,-0.454,-1.555,618,307,311
1631128,Christian Braun,2024,-2.042,0.192,-2.234,-0.023,0.421,-0.444,-1.017,0.084,-1.101,-1.194,-0.016,-1.178,-0.341,0.119,-0.464,-0.33,0.062,0.062,-2.713,-2.651,0.0,-0.33,-0.135,-0.195,-0.33,-0.135,-0.195,-2.108,0.873,1.653,-0.149,1.802,0.872,-0.017,0.889,0.857,-0.025,0.882,0.073,0.024,0.049,-0.385,-0.472,0.089,0.004,-0.183,-0.183,1.272,1.089,0.0,0.004,0.202,-0.198,0.004,0.202,-0.198,1.549,0.2,-0.39,0.043,-0.433,0.848,0.404,0.444,-0.16,0.059,-0.219,-1.121,0.008,-1.129,-0.725,-0.352,-0.375,-0.326,-0.121,-0.121,-1.562,0.001,-0.326,0.066,-0.392,-0.326,0.066,-0.392,-0.559,1.073,-2.651,1.089,-1.561,13121,6527,6594
1630581,Josh Giddey,2024,-0.329,0.009,-0.338,0.235,0.371,-0.136,-0.65,0.198,-0.848,0.077,-0.004,0.081,-0.773,-0.648,-0.129,-0.45,0.277,0.277,-1.552,-1.275,0.0,-0.45,-0.411,-0.039,-0.45,-0.411,-0.039,3.363,1.419,-0.151,-0.114,-0.037,0.125,-0.12,0.245,-0.226,-0.178,-0.048,0.064,0.011,0.053,0.108,0.185,-0.075,-0.103,-0.147,-0.147,-0.146,-0.293,0.0,-0.103,0.043,-0.146,-0.103,0.043,-0.146,-2.104,-0.698,-0.482,-0.105,-0.377,0.359,0.25,0.109,-0.876,0.02,-0.896,0.14,0.007,0.133,-0.665,-0.463,-0.204,-0.554,0.13,0.13,-1.568,-0.0,-0.554,-0.367,-0.187,-0.554,-0.367,-0.187,1.259,0.722,-1.275,-0.293,-1.568,26339,13214,13125
1629353,Isaac Humphries,2024,-0.522,0.393,-0.915,-0.407,-0.094,-0.313,-0.289,0.128,-0.417,-0.219,-0.043,-0.176,-0.129,-0.135,0.012,0.038,0.027,0.027,-0.613,-0.586,0.0,0.038,0.133,-0.095,0.038,0.133,-0.095,-0.221,-0.094,-1.081,-0.13,-0.951,-0.297,0.021,-0.318,-0.377,-0.129,-0.248,-0.277,0.018,-0.295,-0.131,-0.057,-0.076,-0.019,0.246,0.246,-1.231,-0.985,-0.0,-0.019,0.179,-0.198,-0.019,0.179,-0.198,-0.62,-0.089,-1.601,0.263,-1.864,-0.702,-0.072,-0.63,-0.666,-0.001,-0.665,-0.496,-0.026,-0.47,-0.261,-0.192,-0.065,0.019,0.273,0.273,-1.571,0.001,0.019,0.312,-0.293,0.019,0.312,-0.293,-0.841,-0.182,-0.586,-0.985,-1.57,320,160,160
1627740,Henry Ellenson,2024,-0.32,-0.148,-0.172,-0.06,-0.153,0.093,-0.066,-0.047,-0.019,-0.046,0.005,-0.051,-0.252,-0.378,0.127,0.375,-1.412,-1.412,-0.197,-1.609,0.0,0.375,0.284,0.091,0.375,0.284,0.091,-0.236,-0.237,0.275,0.212,0.063,0.052,0.025,0.027,-0.204,-0.279,0.075,0.215,-0.028,0.243,0.064,0.074,-0.012,-0.341,0.037,0.037,-0.002,0.035,0.0,-0.341,-0.061,-0.28,-0.341,-0.061,-0.28,-1.698,-0.369,-0.043,0.064,-0.107,-0.008,-0.128,0.12,-0.269,-0.326,0.057,0.17,-0.022,0.192,-0.188,-0.303,0.115,0.034,-1.375,-1.375,-1.574,-0.001,0.034,0.223,-0.189,0.034,0.223,-0.189,-1.934,-0.606,-1.609,0.035,-1.575,3363,1682,1681
101183,Shavlik Randolph,2024,-1.011,0.087,-1.098,-0.574,-0.215,-0.359,-0.192,0.052,-0.244,-0.332,-0.017,-0.315,-0.171,-0.085,-0.083,0.028,-0.265,-0.265,-1.154,-1.419,0.0,0.028,-0.021,0.049,0.028,-0.021,0.049,-0.779,-0.424,-0.361,-0.01,-0.351,-0.0,0.059,-0.059,-0.25,-0.062,-0.188,-0.101,0.028,-0.129,-0.074,-0.046,-0.032,-0.007,0.285,0.285,-0.442,-0.157,0.0,-0.007,-0.036,0.029,-0.007,-0.036,0.029,-0.223,-0.033,-1.37,0.077,-1.447,-0.573,-0.155,-0.418,-0.441,-0.01,-0.431,-0.433,0.011,-0.444,-0.246,-0.13,-0.115,0.021,0.02,0.02,-1.576,0.0,0.021,-0.057,0.078,0.021,-0.057,0.078,-1.003,-0.458,-1.419,-0.157,-1.576,386,192,194
1630180,Saddiq Bey,2024,-0.654,0.198,-0.852,-0.379,-0.04,-0.339,0.069,0.456,-0.387,-0.542,0.006,-0.548,0.759,0.333,0.423,0.404,0.773,0.773,0.509,1.282,0.0,0.404,0.15,0.254,0.404,0.15,0.254,-0.129,-0.294,-2.237,-0.185,-2.052,-1.448,-0.252,-1.196,-0.353,-0.175,-0.178,-0.251,0.03,-0.281,-0.256,-0.243,-0.011,-0.233,-0.138,-0.138,-2.726,-2.864,0.0,-0.233,0.039,-0.272,-0.233,0.039,-0.272,-0.958,-1.161,-2.893,0.013,-2.906,-1.827,-0.292,-1.535,-0.285,0.28,-0.565,-0.794,0.036,-0.83,0.503,0.09,0.412,0.172,0.635,0.635,-1.582,0.0,0.172,0.189,-0.017,0.172,0.189,-0.017,-1.088,-1.454,1.282,-2.864,-1.582,36822,18438,18384
1630306,Edwards,2024,-0.736,0.299,-1.035,-0.407,-0.159,-0.248,-0.073,0.11,-0.183,-0.555,-0.047,-0.508,-0.162,-0.115,-0.043,-0.014,-0.117,-0.117,-0.912,-1.029,0.0,-0.014,-0.051,0.037,-0.014,-0.051,0.037,-0.61,-0.143,-0.462,-0.129,-0.333,-0.12,0.044,-0.164,-0.168,-0.11,-0.058,-0.045,0.02,-0.065,-0.082,-0.084,-0.001,-0.049,0.04,0.04,-0.593,-0.553,0.0,-0.049,-0.068,0.019,-0.049,-0.068,0.019,-0.343,-0.101,-1.197,0.17,-1.367,-0.527,-0.115,-0.412,-0.241,0.0,-0.241,-0.599,-0.027,-0.572,-0.244,-0.199,-0.044,-0.063,-0.077,-0.077,-1.582,0.0,-0.063,-0.12,0.057,-0.063,-0.12,0.057,-0.953,-0.245,-1.029,-0.553,-1.582,41,20,21
1627754,Diamond Stone,2024,-0.435,0.309,-0.744,-0.38,-0.157,-0.223,-0.219,0.084,-0.303,-0.145,-0.049,-0.096,-0.112,-0.156,0.051,-0.2,-0.252,-0.252,-0.747,-0.999,0.0,-0.2,-0.067,-0.133,-0.2,-0.067,-0.133,-0.137,-0.146,-0.378,-0.086,-0.292,-0.027,0.058,-0.085,-0.206,-0.111,-0.095,-0.059,0.02,-0.079,-0.092,-0.093,-0.002,-0.088,-0.036,-0.036,-0.558,-0.594,0.0,-0.088,-0.033,-0.055,-0.088,-0.033,-0.055,-0.325,-0.075,-0.811,0.223,-1.034,-0.405,-0.098,-0.307,-0.425,-0.027,-0.398,-0.204,-0.029,-0.175,-0.205,-0.249,0.049,-0.287,-0.288,-0.288,-1.593,0.0,-0.287,-0.1,-0.187,-0.287,-0.1,-0.187,-0.462,-0.221,-0.999,-0.594,-1.593,72,35,37
1628502,Nigel Hayes-Davis,2024,-0.527,0.151,-0.678,-0.634,-0.146,-0.488,-0.217,0.001,-0.218,0.173,-0.054,0.227,-0.251,-0.145,-0.105,0.193,-0.417,-0.417,-0.585,-1.002,0.0,0.193,0.132,0.061,0.193,0.132,0.061,-0.313,-0.201,-0.243,-0.138,-0.105,-0.17,0.028,-0.198,-0.141,-0.102,-0.039,0.206,0.025,0.181,-0.151,-0.168,0.013,-0.069,-0.13,-0.13,-0.463,-0.593,0.0,-0.069,-0.098,0.029,-0.069,-0.098,0.029,-0.025,-0.128,-0.772,0.013,-0.785,-0.805,-0.119,-0.686,-0.359,-0.101,-0.258,0.379,-0.029,0.408,-0.402,-0.312,-0.092,0.124,-0.547,-0.547,-1.595,0.0,0.124,0.033,0.091,0.124,0.033,0.091,-0.338,-0.328,-1.002,-0.593,-1.595,385,192,193
2446,Rasual Butler,2024,-1.579,-0.988,-0.591,-0.207,-0.07,-0.137,-0.151,-0.594,0.443,-0.233,-0.094,-0.139,-0.135,-0.205,0.08,0.216,-0.369,-0.369,-1.498,-1.867,0.0,0.216,0.277,-0.061,0.216,0.277,-0.061,-1.45,-0.483,2.316,0.489,1.827,0.02,-0.145,0.165,1.089,0.044,1.045,0.718,-0.005,0.723,-0.401,-0.404,-0.003,-1.27,-0.377,-0.377,0.645,0.268,0.0,-1.27,-0.538,-0.732,-1.27,-0.538,-0.732,3.439,0.238,0.737,-0.499,1.236,-0.187,-0.215,0.028,0.938,-0.55,1.488,0.485,-0.099,0.584,-0.536,-0.609,0.077,-1.054,-0.746,-0.746,-1.599,0.0,-1.054,-0.261,-0.793,-1.054,-0.261,-0.793,1.99,-0.245,-1.867,0.268,-1.599,8230,4091,4139
1641926,Dennis,2024,-0.754,0.345,-1.099,-0.217,-0.107,-0.11,-0.21,0.122,-0.332,-0.672,-0.046,-0.626,-0.021,0.047,-0.061,-0.116,-0.259,-0.259,-0.891,-1.15,0.0,-0.116,-0.183,0.067,-0.116,-0.183,0.067,-0.732,-0.037,-0.289,-0.129,-0.16,-0.181,0.039,-0.22,-0.111,-0.107,-0.004,0.132,0.02,0.112,-0.064,-0.076,0.009,-0.095,-0.004,-0.004,-0.448,-0.452,-0.0,-0.095,-0.046,-0.049,-0.095,-0.046,-0.049,-0.222,-0.152,-1.043,0.216,-1.259,-0.397,-0.067,-0.33,-0.321,0.015,-0.336,-0.541,-0.027,-0.514,-0.085,-0.03,-0.052,-0.211,-0.263,-0.263,-1.602,-0.001,-0.211,-0.228,0.017,-0.211,-0.228,0.017,-0.954,-0.189,-1.15,-0.452,-1.603,144,72,72
203159,Scott Machado,2024,-0.645,0.227,-0.872,-0.253,-0.155,-0.098,-0.144,0.102,-0.246,-0.475,-0.05,-0.425,-0.064,0.008,-0.067,-0.071,-0.238,-0.238,-0.78,-1.018,0.0,-0.071,-0.123,0.052,-0.071,-0.123,0.052,-0.451,-0.117,-0.477,-0.084,-0.393,-0.068,0.072,-0.14,-0.105,-0.103,-0.002,-0.22,0.018,-0.238,-0.079,-0.05,-0.032,-0.105,0.071,0.071,-0.661,-0.59,0.0,-0.105,-0.068,-0.037,-0.105,-0.068,-0.037,-0.673,-0.025,-1.123,0.143,-1.266,-0.321,-0.083,-0.238,-0.25,-0.001,-0.249,-0.695,-0.032,-0.663,-0.143,-0.041,-0.099,-0.177,-0.166,-0.166,-1.608,0.001,-0.177,-0.191,0.014,-0.177,-0.191,0.014,-1.124,-0.142,-1.018,-0.59,-1.607,76,39,37
1626251,Duje Dukan,2024,-0.744,0.242,-0.986,-0.285,-0.16,-0.125,-0.202,0.131,-0.333,-0.499,-0.029,-0.47,-0.168,-0.116,-0.048,0.001,-0.24,-0.24,-0.911,-1.151,0.0,0.001,0.08,-0.079,0.001,0.08,-0.079,-0.492,-0.108,-0.291,-0.113,-0.178,-0.203,0.029,-0.232,-0.147,-0.103,-0.044,0.172,0.017,0.155,-0.045,-0.016,-0.031,-0.124,0.004,0.004,-0.46,-0.456,-0.0,-0.124,-0.058,-0.066,-0.124,-0.058,-0.066,-0.528,-0.186,-1.035,0.129,-1.164,-0.488,-0.131,-0.357,-0.349,0.029,-0.378,-0.327,-0.012,-0.315,-0.213,-0.133,-0.079,-0.123,-0.237,-0.237,-1.607,-0.001,-0.123,0.022,-0.145,-0.123,0.022,-0.145,-1.02,-0.294,-1.151,-0.456,-1.608,150,74,76
203919,Jordan Adams,2024,-1.261,-0.059,-1.202,-0.654,-0.023,-0.631,0.1,0.175,-0.075,-0.648,-0.048,-0.6,-0.259,0.198,-0.46,-0.486,0.794,0.794,-2.006,-1.212,0.0,-0.486,-0.08,-0.406,-0.486,-0.08,-0.406,-0.874,-0.005,-0.441,0.079,-0.52,-0.228,0.086,-0.314,-0.196,-0.087,-0.109,-0.096,0.014,-0.11,-0.193,-0.211,0.013,-0.117,0.353,0.353,-0.751,-0.398,0.0,-0.117,-0.082,-0.035,-0.117,-0.082,-0.035,-0.152,0.008,-1.7,0.02,-1.72,-0.881,0.063,-0.944,-0.095,0.089,-0.184,-0.744,-0.034,-0.71,-0.452,-0.013,-0.447,-0.604,1.147,1.147,-1.61,0.0,-0.604,-0.162,-0.442,-0.604,-0.162,-0.442,-1.026,0.003,-1.212,-0.398,-1.61,849,431,418
1628976,Wendell Carter Jr.,2024,-1.842,0.134,-1.976,-0.315,-0.058,-0.257,-1.34,-0.245,-1.095,-0.321,-0.025,-0.296,-0.504,-0.207,-0.3,-1.709,0.074,0.074,-4.055,-3.981,0.0,-1.709,-0.777,-0.932,-1.709,-0.777,-0.932,-1.584,-0.086,1.123,-0.055,1.178,1.168,0.216,0.952,0.378,0.198,0.18,-0.368,0.0,-0.368,0.143,0.188,-0.042,0.376,0.72,0.72,1.642,2.362,0.0,0.376,0.395,-0.019,0.376,0.395,-0.019,0.743,0.64,-0.719,0.079,-0.798,0.853,0.158,0.695,-0.962,-0.047,-0.915,-0.689,-0.025,-0.664,-0.362,-0.019,-0.341,-1.333,0.794,0.794,-1.619,-0.0,-1.333,-0.382,-0.951,-1.333,-0.382,-0.951,-0.841,0.554,-3.981,2.362,-1.619,36446,18177,18269
1629058,Dzanan Musa,2024,-1.493,0.161,-1.654,-1.276,0.217,-1.493,0.629,0.481,0.148,-1.007,-0.025,-0.982,0.024,0.383,-0.354,-0.092,0.463,0.463,-1.561,-1.098,0.0,-0.092,-0.01,-0.082,-0.092,-0.01,-0.082,-0.936,0.365,-0.557,0.01,-0.567,0.166,-0.01,0.176,0.195,-0.085,0.28,-0.928,0.02,-0.948,0.113,0.039,0.072,0.048,-0.125,-0.125,-0.396,-0.521,0.0,0.048,-0.151,0.199,0.048,-0.151,0.199,-0.498,-0.185,-2.049,0.171,-2.22,-1.11,0.207,-1.317,0.824,0.396,0.428,-1.934,-0.005,-1.929,0.137,0.422,-0.282,-0.044,0.337,0.337,-1.619,0.0,-0.044,-0.161,0.117,-0.044,-0.161,0.117,-1.434,0.181,-1.098,-0.521,-1.619,2414,1209,1205
2430,Carlos Boozer,2024,-1.282,-0.694,-0.588,-0.135,0.044,-0.179,-1.208,-0.615,-0.593,0.755,-0.099,0.854,-0.038,-0.04,0.011,0.408,0.851,0.851,-0.912,-0.061,0.0,0.408,0.405,0.003,0.408,0.405,0.003,0.716,0.311,-0.951,0.199,-1.15,-0.643,-0.307,-0.336,0.412,-0.101,0.513,-0.919,-0.031,-0.888,-0.131,-0.154,0.017,-0.676,0.198,0.198,-1.758,-1.56,0.0,-0.676,-0.499,-0.177,-0.676,-0.499,-0.177,-0.519,-0.301,-2.235,-0.495,-1.74,-0.778,-0.263,-0.515,-0.797,-0.716,-0.081,-0.165,-0.13,-0.035,-0.169,-0.194,0.027,-0.268,1.049,1.049,-1.621,0.0,-0.268,-0.094,-0.174,-0.268,-0.094,-0.174,0.198,0.01,-0.061,-1.56,-1.621,6885,3432,3453
1630758,Ford,2024,-0.096,0.308,-0.404,-0.316,-0.16,-0.156,0.074,0.067,0.007,-0.162,-0.042,-0.12,-0.147,-0.059,-0.085,-0.048,-0.349,-0.349,-0.291,-0.64,-0.0,-0.048,-0.021,-0.027,-0.048,-0.021,-0.027,-0.407,-0.257,-0.431,-0.171,-0.26,-0.04,0.011,-0.051,0.153,-0.103,0.256,-0.373,0.02,-0.393,-0.035,-0.079,0.041,-0.109,-0.409,-0.409,-0.575,-0.984,0.0,-0.109,-0.033,-0.076,-0.109,-0.033,-0.076,-0.842,-0.228,-0.528,0.137,-0.665,-0.357,-0.15,-0.207,0.227,-0.036,0.263,-0.535,-0.022,-0.513,-0.182,-0.138,-0.044,-0.157,-0.758,-0.758,-1.624,-0.0,-0.157,-0.054,-0.103,-0.157,-0.054,-0.103,-1.249,-0.485,-0.64,-0.984,-1.624,276,136,140
201604,Chris Douglas-Roberts,2024,-0.857,0.284,-1.141,-0.659,-0.203,-0.456,-0.388,0.171,-0.559,-0.094,-0.002,-0.092,0.251,0.093,0.175,-0.25,0.037,0.037,-0.856,-0.819,0.0,-0.25,-0.033,-0.217,-0.25,-0.033,-0.217,-0.774,-0.196,-1.033,0.013,-1.046,-0.24,0.025,-0.265,-0.387,-0.118,-0.269,-0.419,0.017,-0.436,-0.064,-0.093,0.025,0.097,0.194,0.194,-1.0,-0.806,0.0,0.097,0.035,0.062,0.097,0.035,0.062,-0.649,-0.055,-1.893,0.297,-2.19,-0.899,-0.178,-0.721,-0.777,0.052,-0.829,-0.514,0.014,-0.528,0.187,-0.0,0.2,-0.153,0.231,0.231,-1.625,0.0,-0.153,0.002,-0.155,-0.153,0.002,-0.155,-1.423,-0.252,-0.819,-0.806,-1.625,464,240,224
202391,Jeremy Lin,2024,-0.718,-0.171,-0.547,0.423,0.32,0.103,-0.395,0.162,-0.557,-0.575,-0.01,-0.565,0.474,0.496,-0.016,-0.645,-1.026,-1.026,-0.889,-1.915,0.0,-0.645,-0.282,-0.363,-0.645,-0.282,-0.363,-2.361,0.326,0.33,0.216,0.114,0.442,-0.187,0.629,-0.261,-0.063,-0.198,-0.067,-0.01,-0.057,-0.424,-0.342,-0.085,-0.185,0.566,0.566,-0.279,0.287,0.0,-0.185,-0.407,0.222,-0.185,-0.407,0.222,0.344,-0.045,-0.391,0.045,-0.436,0.864,0.132,0.732,-0.658,0.098,-0.756,-0.642,-0.02,-0.622,0.05,0.154,-0.102,-0.83,-0.46,-0.46,-1.628,-0.001,-0.83,-0.689,-0.141,-0.83,-0.689,-0.141,-2.017,0.281,-1.915,0.287,-1.629,28158,14081,14077
1631173,Terquavion Smith,2024,-0.255,0.086,-0.341,0.138,-0.121,0.259,-0.198,0.201,-0.399,-0.281,-0.04,-0.241,-0.139,0.039,-0.176,-0.289,-0.075,-0.075,-0.683,-0.758,0.0,-0.289,-0.152,-0.137,-0.289,-0.152,-0.137,-0.226,0.108,-0.865,-0.12,-0.745,-0.134,0.044,-0.178,-0.345,-0.13,-0.215,-0.266,0.017,-0.283,-0.062,-0.032,-0.032,0.055,-0.004,-0.004,-0.872,-0.876,0.0,0.055,0.044,0.011,0.055,0.044,0.011,-1.046,-0.158,-1.122,-0.034,-1.088,0.003,-0.078,0.081,-0.543,0.071,-0.614,-0.548,-0.024,-0.524,-0.201,0.007,-0.208,-0.234,-0.079,-0.079,-1.634,0.0,-0.234,-0.109,-0.125,-0.234,-0.109,-0.125,-1.272,-0.051,-0.758,-0.876,-1.634,392,199,193
1631115,Orlando Robinson,2024,-1.593,-0.02,-1.573,-1.262,-0.193,-1.069,-0.101,0.076,-0.177,-0.21,-0.021,-0.189,-0.06,-0.15,0.09,-0.806,1.173,1.173,-2.459,-1.286,0.0,-0.806,-0.594,-0.212,-0.806,-0.594,-0.212,-1.158,-0.643,-0.349,-0.069,-0.28,0.151,0.033,0.118,0.285,-0.154,0.439,-0.716,0.014,-0.73,-0.133,-0.113,-0.022,0.316,-0.186,-0.186,-0.166,-0.352,0.0,0.316,0.173,0.143,0.316,0.173,0.143,-1.834,-0.212,-1.939,-0.089,-1.85,-1.111,-0.16,-0.951,0.186,-0.077,0.263,-0.925,-0.007,-0.918,-0.193,-0.263,0.068,-0.49,0.987,0.987,-1.638,0.0,-0.49,-0.421,-0.069,-0.49,-0.421,-0.069,-2.992,-0.854,-1.286,-0.352,-1.638,2901,1448,1453
1629743,Donta Hall,2024,-1.249,0.108,-1.357,-0.387,-0.175,-0.212,-0.596,-0.061,-0.535,-0.374,-0.045,-0.329,-0.199,0.105,-0.307,-0.019,0.3,0.3,-1.467,-1.167,0.0,-0.019,0.114,-0.133,-0.019,0.114,-0.133,-0.944,-0.238,-0.637,-0.129,-0.508,0.003,0.041,-0.038,-0.167,-0.02,-0.147,-0.344,0.022,-0.366,-0.056,0.054,-0.111,-0.022,0.245,0.245,-0.715,-0.47,0.0,-0.022,-0.023,0.001,-0.022,-0.023,0.001,-0.278,-0.011,-1.886,-0.021,-1.865,-0.384,-0.134,-0.25,-0.763,-0.081,-0.682,-0.718,-0.023,-0.695,-0.255,0.159,-0.418,-0.041,0.546,0.546,-1.637,-0.001,-0.041,0.091,-0.132,-0.041,0.091,-0.132,-1.222,-0.249,-1.167,-0.47,-1.638,1393,691,702
202366,Jerome Jordan,2024,-1.172,-0.121,-1.051,-0.705,-0.035,-0.67,-0.904,0.01,-0.914,0.558,0.02,0.538,0.063,-0.124,0.198,-0.383,0.629,0.629,-1.492,-0.863,0.0,-0.383,-0.449,0.066,-0.383,-0.449,0.066,0.309,-0.108,0.484,0.24,0.244,0.107,0.057,0.05,-0.109,-0.071,-0.038,0.246,-0.01,0.256,-0.139,-0.18,0.036,-0.093,-1.027,-1.027,0.252,-0.775,-0.0,-0.093,0.106,-0.199,-0.093,0.106,-0.199,-0.131,0.116,-0.687,0.119,-0.806,-0.598,0.022,-0.62,-1.013,-0.061,-0.952,0.805,0.011,0.794,-0.076,-0.304,0.234,-0.476,-0.397,-0.397,-1.638,0.0,-0.476,-0.342,-0.134,-0.476,-0.342,-0.134,0.178,0.007,-0.863,-0.775,-1.638,2206,1088,1118
1628537,Jaylen Morris,2024,-1.123,0.17,-1.293,-1.007,-0.101,-0.906,-0.206,0.005,-0.211,-0.08,-0.055,-0.025,-0.259,-0.228,-0.028,-0.123,0.185,0.185,-1.505,-1.32,0.0,-0.123,0.135,-0.258,-0.123,0.135,-0.258,-1.184,-0.325,-0.313,-0.078,-0.235,0.115,0.083,0.032,0.053,-0.093,0.146,-0.403,0.011,-0.414,-0.07,-0.159,0.085,-0.066,0.13,0.13,-0.449,-0.319,0.0,-0.066,-0.068,0.002,-0.066,-0.068,0.002,-0.238,0.022,-1.436,0.092,-1.528,-0.892,-0.018,-0.874,-0.153,-0.088,-0.065,-0.483,-0.044,-0.439,-0.33,-0.387,0.057,-0.19,0.315,0.315,-1.639,0.0,-0.19,0.068,-0.258,-0.19,0.068,-0.258,-1.423,-0.303,-1.32,-0.319,-1.639,622,311,311
1630211,Karim Mane,2024,-0.622,0.361,-0.983,-0.576,-0.075,-0.501,-0.001,0.064,-0.065,-0.406,-0.048,-0.358,-0.163,-0.187,0.029,-0.077,-0.025,-0.025,-0.862,-0.887,0.0,-0.077,0.018,-0.095,-0.077,0.018,-0.095,-0.867,-0.211,-0.341,-0.14,-0.201,-0.197,0.04,-0.237,-0.161,-0.085,-0.076,0.157,0.021,0.136,-0.154,-0.153,-0.004,-0.052,-0.205,-0.205,-0.547,-0.752,0.0,-0.052,-0.042,-0.01,-0.052,-0.042,-0.01,-0.414,-0.026,-0.963,0.221,-1.184,-0.774,-0.035,-0.739,-0.16,-0.02,-0.14,-0.25,-0.027,-0.223,-0.316,-0.34,0.025,-0.129,-0.229,-0.229,-1.639,0.0,-0.129,-0.024,-0.105,-0.129,-0.024,-0.105,-1.281,-0.237,-0.887,-0.752,-1.639,354,177,177
1630492,Vildoza,2024,-0.892,0.211,-1.103,-0.321,-0.147,-0.174,-0.243,0.095,-0.338,-0.539,-0.048,-0.491,-0.248,-0.076,-0.172,0.079,-0.124,-0.124,-1.061,-1.185,0.0,0.079,0.045,0.034,0.079,0.045,0.034,-0.588,-0.117,-0.272,-0.076,-0.196,-0.083,0.074,-0.157,-0.199,-0.094,-0.105,0.086,0.02,0.066,-0.128,-0.101,-0.03,-0.053,-0.001,-0.001,-0.453,-0.454,0.0,-0.053,-0.011,-0.042,-0.053,-0.011,-0.042,-0.243,-0.045,-1.162,0.135,-1.297,-0.403,-0.072,-0.331,-0.441,0.001,-0.442,-0.453,-0.028,-0.425,-0.376,-0.177,-0.202,0.026,-0.125,-0.125,-1.639,0.0,0.026,0.035,-0.009,0.026,0.035,-0.009,-0.83,-0.163,-1.185,-0.454,-1.639,75,38,37
1627823,Juancho Hernangomez,2024,-1.107,-0.061,-1.046,-0.04,0.085,-0.125,-0.418,0.2,-0.618,-0.588,0.019,-0.607,-0.199,0.21,-0.41,-0.083,1.17,1.17,-1.389,-0.219,0.0,-0.083,-0.007,-0.076,-0.083,-0.007,-0.076,-1.19,0.307,-0.732,0.225,-0.957,-0.817,-0.159,-0.658,-0.556,-0.171,-0.385,0.416,0.017,0.399,0.057,0.218,-0.159,-0.768,0.021,0.021,-1.443,-1.422,0.0,-0.768,-0.25,-0.518,-0.768,-0.25,-0.518,-1.575,-0.684,-1.838,0.164,-2.002,-0.857,-0.074,-0.783,-0.973,0.029,-1.002,-0.172,0.036,-0.208,-0.142,0.428,-0.569,-0.851,1.191,1.191,-1.641,0.0,-0.851,-0.256,-0.595,-0.851,-0.256,-0.595,-2.764,-0.377,-0.219,-1.422,-1.641,22134,11061,11073
1641710,Anthony Black,2024,-0.808,-0.117,-0.691,-0.501,0.141,-0.642,-0.268,0.111,-0.379,0.078,-0.037,0.115,0.013,0.206,-0.189,-1.464,0.06,0.06,-2.259,-2.199,0.0,-1.464,-0.558,-0.906,-1.464,-0.558,-0.906,-1.678,0.828,0.001,0.099,-0.098,0.401,-0.064,0.465,0.095,-0.05,0.145,-0.594,0.02,-0.614,-0.077,-0.114,0.036,0.202,0.429,0.429,0.126,0.555,0.0,0.202,-0.105,0.307,0.202,-0.105,0.307,0.752,0.154,-0.805,-0.018,-0.787,-0.1,0.077,-0.177,-0.172,0.061,-0.233,-0.515,-0.017,-0.498,-0.064,0.092,-0.153,-1.262,0.489,0.489,-1.644,0.0,-1.262,-0.663,-0.599,-1.262,-0.663,-0.599,-0.927,0.981,-2.199,0.555,-1.644,4792,2389,2403
1631257,Samuels Jr.,2024,-0.501,0.182,-0.683,0.234,-0.039,0.273,-0.011,0.142,-0.153,-0.906,-0.046,-0.86,-0.231,-0.182,-0.046,0.009,-0.055,-0.055,-0.723,-0.778,0.0,0.009,0.08,-0.071,0.009,0.08,-0.071,-0.733,0.121,-0.659,-0.098,-0.561,-0.074,0.053,-0.127,-0.401,-0.144,-0.257,-0.086,0.019,-0.105,-0.138,-0.168,0.027,-0.195,0.12,0.12,-0.992,-0.872,0.0,-0.195,-0.039,-0.156,-0.195,-0.039,-0.156,-0.113,-0.057,-1.16,0.084,-1.244,0.16,0.014,0.146,-0.413,-0.002,-0.411,-0.991,-0.026,-0.965,-0.369,-0.351,-0.019,-0.187,0.065,0.065,-1.65,0.001,-0.187,0.041,-0.228,-0.187,0.041,-0.228,-0.846,0.064,-0.778,-0.872,-1.649,271,136,135
203503,Tony Snell,2024,0.034,-0.247,0.281,-0.072,-0.009,-0.063,0.158,-0.038,0.196,0.195,0.016,0.179,0.014,-0.332,0.341,-0.027,-0.754,-0.754,0.021,-0.733,0.0,-0.027,-0.15,0.123,-0.027,-0.15,0.123,0.453,-0.463,-0.052,0.104,-0.156,-0.502,-0.078,-0.424,-0.168,-0.02,-0.148,0.514,0.012,0.502,-0.174,-0.274,0.101,-0.361,-0.33,-0.33,-0.587,-0.917,0.0,-0.361,-0.324,-0.037,-0.361,-0.324,-0.037,-0.188,-0.339,-0.017,-0.143,0.126,-0.574,-0.087,-0.487,-0.009,-0.058,0.049,0.709,0.028,0.681,-0.161,-0.605,0.442,-0.388,-1.084,-1.084,-1.65,0.0,-0.388,-0.474,0.086,-0.388,-0.474,0.086,0.266,-0.802,-0.733,-0.917,-1.65,50257,25075,25182
1630563,Joshua Primo,2024,0.051,0.017,0.034,-0.368,0.057,-0.425,-0.091,0.263,-0.354,0.493,-0.005,0.498,-0.036,-0.109,0.074,-0.059,-0.65,-0.65,-0.044,-0.694,0.0,-0.059,-0.748,0.689,-0.059,-0.748,0.689,0.819,0.007,0.544,0.003,0.541,0.652,0.039,0.613,-0.502,-0.163,-0.339,0.391,0.008,0.383,-0.23,-0.353,0.123,-0.457,-0.815,-0.815,-0.143,-0.958,0.0,-0.457,-0.277,-0.18,-0.457,-0.277,-0.18,0.225,0.136,0.596,0.02,0.576,0.284,0.096,0.188,-0.592,0.101,-0.693,0.884,0.003,0.881,-0.266,-0.462,0.197,-0.516,-1.465,-1.465,-1.652,0.001,-0.516,-1.025,0.509,-0.516,-1.025,0.509,1.044,0.143,-0.694,-0.958,-1.651,4460,2226,2234
1628994,King,2024,-0.344,0.361,-0.705,-0.198,-0.118,-0.08,-0.042,0.168,-0.21,-0.465,-0.045,-0.42,-0.123,-0.008,-0.112,-0.143,-0.128,-0.128,-0.61,-0.738,0.0,-0.143,-0.059,-0.084,-0.143,-0.059,-0.084,-0.702,-0.112,-0.587,-0.128,-0.459,-0.09,0.064,-0.154,-0.242,-0.115,-0.127,-0.127,0.02,-0.147,-0.183,-0.158,-0.028,-0.137,-0.008,-0.008,-0.907,-0.915,0.0,-0.137,-0.086,-0.051,-0.137,-0.086,-0.051,-0.389,-0.089,-0.93,0.233,-1.163,-0.288,-0.054,-0.234,-0.283,0.054,-0.337,-0.592,-0.025,-0.567,-0.306,-0.166,-0.14,-0.279,-0.135,-0.135,-1.653,0.0,-0.279,-0.145,-0.134,-0.279,-0.145,-0.134,-1.091,-0.201,-0.738,-0.915,-1.653,98,48,50
1630288,Jeff Dowtin Jr.,2024,-1.61,0.12,-1.73,-0.802,-0.083,-0.719,-0.524,0.06,-0.584,-0.404,-0.034,-0.37,-0.611,-0.445,-0.171,0.542,0.586,0.586,-1.679,-1.093,0.0,0.542,0.285,0.257,0.542,0.285,0.257,-0.03,-0.169,-0.612,0.117,-0.729,0.11,0.043,0.067,-0.418,-0.088,-0.33,-0.421,0.019,-0.44,-0.08,-0.077,-0.006,-0.089,0.221,0.221,-0.781,-0.56,-0.0,-0.089,-0.075,-0.014,-0.089,-0.075,-0.014,-0.368,-0.108,-2.222,0.237,-2.459,-0.692,-0.04,-0.652,-0.942,-0.028,-0.914,-0.825,-0.015,-0.81,-0.691,-0.521,-0.177,0.453,0.807,0.807,-1.653,-0.001,0.453,0.209,0.244,0.453,0.209,0.244,-0.398,-0.277,-1.093,-0.56,-1.654,2042,1019,1023
202343,Elliot Williams,2024,-0.072,0.292,-0.364,-0.434,-0.126,-0.308,0.079,-0.069,0.148,-0.009,-0.052,0.043,-0.215,-0.253,0.043,-0.353,-0.346,-0.346,-0.64,-0.986,-0.0,-0.353,-0.433,0.08,-0.353,-0.433,0.08,0.443,-0.098,-0.497,-0.017,-0.48,0.052,0.068,-0.016,-0.497,-0.093,-0.404,-0.035,0.009,-0.044,-0.074,-0.089,0.011,-0.095,-0.01,-0.01,-0.666,-0.676,-0.0,-0.095,-0.121,0.026,-0.095,-0.121,0.026,-0.514,-0.006,-0.57,0.275,-0.845,-0.383,-0.059,-0.324,-0.418,-0.162,-0.256,-0.044,-0.043,-0.001,-0.289,-0.342,0.054,-0.448,-0.357,-0.357,-1.662,0.0,-0.448,-0.554,0.106,-0.448,-0.554,0.106,-0.07,-0.104,-0.986,-0.676,-1.662,581,289,292
1630179,Terry,2024,-0.931,0.252,-1.183,-0.107,-0.09,-0.017,-0.16,0.09,-0.25,-0.916,-0.059,-0.857,-0.161,0.059,-0.22,-0.109,-0.202,-0.202,-1.201,-1.403,0.0,-0.109,-0.194,0.085,-0.109,-0.194,0.085,-1.268,-0.155,-0.242,-0.027,-0.215,-0.154,0.049,-0.203,-0.089,-0.065,-0.024,0.028,0.025,0.003,-0.084,-0.074,-0.013,0.136,-0.071,-0.071,-0.19,-0.261,0.0,0.136,0.017,0.119,0.136,0.017,0.119,-0.076,-0.134,-1.172,0.225,-1.397,-0.26,-0.041,-0.219,-0.249,0.025,-0.274,-0.888,-0.034,-0.854,-0.244,-0.015,-0.232,0.027,-0.273,-0.273,-1.664,0.0,0.027,-0.177,0.204,0.027,-0.177,0.204,-1.344,-0.289,-1.403,-0.261,-1.664,255,128,127
1631211,Keels,2024,-0.63,0.273,-0.903,-0.331,-0.166,-0.165,-0.077,0.116,-0.193,-0.495,-0.048,-0.447,-0.145,-0.083,-0.058,-0.033,-0.167,-0.167,-0.808,-0.975,0.0,-0.033,-0.012,-0.021,-0.033,-0.012,-0.021,-0.344,-0.141,-0.513,-0.142,-0.371,-0.102,0.051,-0.153,-0.212,-0.109,-0.103,-0.057,0.02,-0.077,-0.097,-0.078,-0.022,-0.123,0.043,0.043,-0.733,-0.69,0.0,-0.123,-0.069,-0.054,-0.123,-0.069,-0.054,-0.285,-0.06,-1.144,0.131,-1.275,-0.433,-0.115,-0.318,-0.289,0.007,-0.296,-0.553,-0.028,-0.525,-0.242,-0.161,-0.08,-0.156,-0.123,-0.123,-1.665,0.0,-0.156,-0.082,-0.074,-0.156,-0.082,-0.074,-0.629,-0.201,-0.975,-0.69,-1.665,36,18,18
1627780,Gary Payton II,2024,-1.398,0.165,-1.563,0.193,0.13,0.063,0.021,0.311,-0.29,-1.777,-0.068,-1.709,-0.026,0.189,-0.218,-0.354,0.891,0.891,-1.778,-0.887,0.0,-0.354,-0.225,-0.129,-0.354,-0.225,-0.129,-1.014,0.687,-0.909,-0.061,-0.848,0.178,-0.035,0.213,-0.191,-0.189,-0.002,-0.835,0.005,-0.84,-0.45,-0.459,0.011,0.851,-0.273,-0.273,-0.508,-0.781,0.0,0.851,0.743,0.108,0.851,0.743,0.108,-0.587,-0.163,-2.306,0.104,-2.41,0.372,0.095,0.277,-0.171,0.121,-0.292,-2.611,-0.062,-2.549,-0.476,-0.27,-0.207,0.497,0.618,0.618,-1.668,0.0,0.497,0.518,-0.021,0.497,0.518,-0.021,-1.601,0.524,-0.887,-0.781,-1.668,14578,7232,7346
1631210,Toppin,2024,-0.491,0.344,-0.835,-0.413,-0.13,-0.283,-0.23,0.077,-0.307,-0.192,-0.046,-0.146,-0.129,-0.139,0.016,-0.14,-0.257,-0.257,-0.76,-1.017,0.0,-0.14,-0.031,-0.109,-0.14,-0.031,-0.109,-0.536,-0.077,-0.485,0.075,-0.56,-0.055,0.05,-0.105,-0.177,-0.116,-0.061,-0.328,0.021,-0.349,-0.11,-0.06,-0.052,-0.149,0.093,0.093,-0.744,-0.651,0.0,-0.149,-0.097,-0.052,-0.149,-0.097,-0.052,-0.637,-0.104,-0.976,0.419,-1.395,-0.468,-0.08,-0.388,-0.407,-0.039,-0.368,-0.52,-0.025,-0.495,-0.239,-0.199,-0.036,-0.29,-0.164,-0.164,-1.668,0.0,-0.29,-0.128,-0.162,-0.29,-0.128,-0.162,-1.173,-0.18,-1.017,-0.651,-1.668,149,73,76
1628070,Jordan Loyd,2024,-0.705,0.24,-0.945,-0.731,-0.118,-0.613,-0.038,0.168,-0.206,-0.176,-0.044,-0.132,-0.012,-0.035,0.032,-0.436,0.305,0.305,-1.153,-0.848,0.0,-0.436,-0.059,-0.377,-0.436,-0.059,-0.377,-0.858,-0.246,-0.477,-0.07,-0.407,0.138,0.051,0.087,-0.21,-0.124,-0.086,-0.335,0.019,-0.354,-0.134,-0.15,0.012,-0.198,-0.015,-0.015,-0.809,-0.824,0.0,-0.198,-0.072,-0.126,-0.198,-0.072,-0.126,-0.285,-0.016,-1.182,0.17,-1.352,-0.593,-0.067,-0.526,-0.248,0.044,-0.292,-0.511,-0.025,-0.486,-0.146,-0.185,0.044,-0.634,0.29,0.29,-1.672,0.001,-0.634,-0.132,-0.502,-0.634,-0.132,-0.502,-1.144,-0.262,-0.848,-0.824,-1.671,162,81,81
1641732,Colby Jones,2024,-0.929,0.047,-0.976,-0.557,-0.177,-0.38,0.093,0.061,0.032,-0.512,-0.038,-0.474,-0.407,-0.196,-0.216,0.096,-0.371,-0.371,-1.24,-1.611,0.0,0.096,0.074,0.022,0.096,0.074,0.022,-1.294,-0.616,0.023,-0.025,0.048,0.115,0.08,0.035,-0.121,-0.113,-0.008,0.054,0.02,0.034,-0.132,-0.198,0.063,-0.071,0.117,0.117,-0.18,-0.063,-0.0,-0.071,0.049,-0.12,-0.071,0.049,-0.12,0.239,0.074,-0.907,0.022,-0.929,-0.442,-0.097,-0.345,-0.028,-0.052,0.024,-0.459,-0.019,-0.44,-0.539,-0.393,-0.153,0.025,-0.254,-0.254,-1.674,0.0,0.025,0.123,-0.098,0.025,0.123,-0.098,-1.055,-0.542,-1.611,-0.063,-1.674,774,387,387
1629641,Romeo Langford,2024,-2.892,-0.073,-2.819,-1.418,0.13,-1.548,0.423,0.091,0.332,-1.824,0.0,-1.824,-0.135,-0.128,-0.008,-0.007,0.653,0.653,-3.034,-2.381,0.0,-0.007,0.293,-0.3,-0.007,0.293,-0.3,-3.205,-0.752,0.829,-0.198,1.027,0.544,0.008,0.536,0.585,0.018,0.567,-0.102,0.016,-0.118,-0.212,-0.23,0.02,-0.06,0.149,0.149,0.557,0.706,0.0,-0.06,-0.278,0.218,-0.06,-0.278,0.218,1.406,-0.035,-2.065,-0.271,-1.794,-0.875,0.137,-1.012,1.007,0.108,0.899,-1.926,0.016,-1.942,-0.346,-0.358,0.012,-0.067,0.802,0.802,-1.675,0.0,-0.067,0.015,-0.082,-0.067,0.015,-0.082,-1.799,-0.787,-2.381,0.706,-1.675,10042,4992,5050
2207,Joe Johnson,2024,0.02,-0.246,0.266,-0.231,-0.451,0.22,0.738,-0.661,1.399,-0.241,0.012,-0.253,-0.231,-0.321,0.094,0.639,-1.13,-1.13,0.428,-0.702,0.0,0.639,0.634,0.005,0.639,0.634,0.005,-2.812,-0.955,-0.689,0.188,-0.877,-0.797,-0.423,-0.374,-0.09,-0.166,0.076,0.01,-0.006,0.016,-0.001,0.102,-0.109,-0.13,-0.155,-0.155,-0.82,-0.975,0.0,-0.13,0.0,-0.13,-0.13,0.0,-0.13,-0.481,-0.658,-0.668,-0.058,-0.61,-1.028,-0.874,-0.154,0.649,-0.826,1.475,-0.231,0.006,-0.237,-0.233,-0.219,-0.015,0.51,-1.285,-1.285,-1.677,0.0,0.51,0.635,-0.125,0.51,0.635,-0.125,-3.293,-1.612,-0.702,-0.975,-1.677,35036,17512,17524
1641749,Johnson,2024,-0.765,0.24,-1.005,-0.716,-0.099,-0.617,0.094,0.111,-0.017,-0.383,-0.044,-0.339,-0.1,-0.106,0.012,-0.444,0.154,0.154,-1.309,-1.155,0.0,-0.444,-0.13,-0.314,-0.444,-0.13,-0.314,-0.7,-0.144,-0.649,-0.048,-0.601,-0.14,0.07,-0.21,-0.293,-0.09,-0.203,-0.168,0.019,-0.187,-0.034,-0.032,-0.005,-0.139,0.29,0.29,-0.822,-0.532,0.0,-0.139,-0.041,-0.098,-0.139,-0.041,-0.098,-0.104,0.07,-1.413,0.192,-1.605,-0.856,-0.029,-0.827,-0.199,0.021,-0.22,-0.55,-0.025,-0.525,-0.133,-0.138,0.008,-0.583,0.444,0.444,-1.687,0.0,-0.583,-0.171,-0.412,-0.583,-0.171,-0.412,-0.804,-0.075,-1.155,-0.532,-1.687,274,138,136
1641707,Taylor Hendricks,2024,-0.219,-0.158,-0.061,0.325,-0.053,0.378,-0.634,0.225,-0.859,0.248,-0.002,0.25,-0.279,-0.467,0.18,-0.581,0.32,0.32,-1.079,-0.759,-0.0,-0.581,-0.046,-0.535,-0.581,-0.046,-0.535,0.778,-0.149,-0.668,-0.131,-0.537,-0.077,-0.057,-0.02,0.315,-0.178,0.493,-0.775,0.013,-0.788,-0.181,-0.202,0.02,-0.097,0.018,0.018,-0.946,-0.928,-0.0,-0.097,0.043,-0.14,-0.097,0.043,-0.14,-1.458,-0.254,-0.887,-0.289,-0.598,0.248,-0.11,0.358,-0.319,0.047,-0.366,-0.527,0.011,-0.538,-0.46,-0.669,0.201,-0.678,0.338,0.338,-1.687,-0.0,-0.678,-0.003,-0.675,-0.678,-0.003,-0.675,-0.68,-0.403,-0.759,-0.928,-1.687,3546,1770,1776
202341,James Anderson,2024,-1.237,0.102,-1.339,-0.125,0.128,-0.253,-0.593,0.133,-0.726,-0.621,-0.031,-0.59,-0.38,-0.047,-0.328,-0.085,-0.195,-0.195,-1.702,-1.897,0.0,-0.085,-0.243,0.158,-0.085,-0.243,0.158,-2.367,-0.037,0.824,0.102,0.722,0.068,0.141,-0.073,0.281,0.04,0.241,0.373,0.018,0.355,-0.066,-0.002,-0.067,0.141,-0.692,-0.692,0.899,0.207,-0.0,0.141,0.132,0.009,0.141,0.132,0.009,-0.21,-0.055,-0.412,0.204,-0.616,-0.057,0.269,-0.326,-0.311,0.173,-0.484,-0.248,-0.013,-0.235,-0.446,-0.049,-0.396,0.056,-0.887,-0.887,-1.69,-0.001,0.056,-0.11,0.166,0.056,-0.11,0.166,-2.577,-0.092,-1.897,0.207,-1.691,3733,1856,1877
202712,Justin Harper,2024,-0.078,0.188,-0.266,-0.405,-0.142,-0.263,0.353,0.068,0.285,-0.214,-0.034,-0.18,-0.279,-0.267,-0.008,-0.064,-0.139,-0.139,-0.421,-0.56,0.0,-0.064,-0.094,0.03,-0.064,-0.094,0.03,-0.315,-0.302,-0.801,-0.105,-0.696,-0.197,0.006,-0.203,-0.402,-0.112,-0.29,-0.097,0.019,-0.116,-0.175,-0.132,-0.047,-0.362,0.208,0.208,-1.338,-1.13,0.0,-0.362,-0.147,-0.215,-0.362,-0.147,-0.215,-0.327,-0.07,-0.88,0.083,-0.963,-0.603,-0.136,-0.467,-0.049,-0.044,-0.005,-0.311,-0.015,-0.296,-0.454,-0.399,-0.055,-0.426,0.07,0.07,-1.69,-0.001,-0.426,-0.242,-0.184,-0.426,-0.242,-0.184,-0.642,-0.371,-0.56,-1.13,-1.691,357,176,181
1629076,Tyler Cook,2024,0.687,-0.032,0.719,0.075,0.199,-0.124,0.26,0.121,0.139,0.384,-0.053,0.437,-0.477,-0.081,-0.399,-0.32,-0.209,-0.209,-0.11,-0.319,-0.0,-0.32,-0.138,-0.182,-0.32,-0.138,-0.182,-0.964,0.662,-0.812,0.108,-0.92,-0.802,-0.105,-0.697,0.319,-0.15,0.469,-0.437,0.014,-0.451,0.034,-0.136,0.168,-0.48,-0.116,-0.116,-1.258,-1.374,0.0,-0.48,-0.38,-0.1,-0.48,-0.38,-0.1,-1.228,-0.634,-0.125,0.076,-0.201,-0.726,0.095,-0.821,0.579,-0.029,0.608,-0.054,-0.039,-0.015,-0.443,-0.217,-0.231,-0.8,-0.325,-0.325,-1.693,0.0,-0.8,-0.517,-0.283,-0.8,-0.517,-0.283,-2.192,0.028,-0.319,-1.374,-1.693,2844,1425,1419
1629677,Luka Samanic,2024,-1.25,0.031,-1.281,0.772,0.14,0.632,-0.282,0.114,-0.396,-1.771,-0.046,-1.725,0.033,0.055,-0.021,-0.805,-0.298,-0.298,-2.022,-2.32,0.0,-0.805,0.111,-0.916,-0.805,0.111,-0.916,-3.309,0.541,1.111,0.069,1.042,-0.049,0.083,-0.132,0.233,-0.102,0.335,0.858,0.017,0.841,0.094,0.078,0.016,-0.547,-0.031,-0.031,0.658,0.627,0.0,-0.547,0.003,-0.55,-0.547,0.003,-0.55,0.531,0.086,-0.138,0.1,-0.238,0.724,0.223,0.501,-0.049,0.012,-0.061,-0.913,-0.029,-0.884,0.127,0.133,-0.005,-1.352,-0.33,-0.33,-1.693,0.0,-1.352,0.114,-1.466,-1.352,0.114,-1.466,-2.778,0.627,-2.32,0.627,-1.693,3873,1935,1938
1630613,Duane Washington Jr.,2024,-0.132,0.259,-0.391,-0.838,0.061,-0.899,-0.016,0.167,-0.183,0.463,-0.007,0.47,-0.238,0.14,-0.375,-0.823,0.939,0.939,-1.193,-0.254,0.0,-0.823,-0.626,-0.197,-0.823,-0.626,-0.197,-0.046,-0.208,-1.002,0.184,-1.186,-0.213,0.012,-0.225,0.014,-0.079,0.093,-0.987,0.02,-1.007,-0.252,-0.282,0.032,-0.298,0.112,0.112,-1.552,-1.44,0.0,-0.298,-0.205,-0.093,-0.298,-0.205,-0.093,-1.592,-0.278,-1.133,0.443,-1.576,-1.051,0.073,-1.124,-0.001,0.089,-0.09,-0.524,0.013,-0.537,-0.49,-0.142,-0.343,-1.121,1.051,1.051,-1.694,-0.001,-1.121,-0.831,-0.29,-1.121,-0.831,-0.29,-1.638,-0.486,-0.254,-1.44,-1.695,5710,2849,2861
203095,Evan Fournier,2024,0.419,-0.148,0.567,-0.126,-0.0,-0.126,0.252,0.132,0.12,0.441,0.01,0.431,-0.138,-0.107,-0.021,0.318,-0.802,-0.802,0.599,-0.203,0.0,0.318,0.179,0.139,0.318,0.179,0.139,0.75,-0.489,-1.67,0.022,-1.692,-0.754,-0.138,-0.616,-0.709,-0.023,-0.686,-0.229,0.019,-0.248,-0.162,-0.068,-0.093,0.389,-0.051,-0.051,-1.443,-1.494,-0.0,0.389,0.408,-0.019,0.389,0.408,-0.019,-0.735,-0.587,-1.252,-0.126,-1.126,-0.88,-0.138,-0.742,-0.458,0.108,-0.566,0.212,0.029,0.183,-0.299,-0.175,-0.115,0.707,-0.853,-0.853,-1.697,-0.0,0.707,0.587,0.12,0.707,0.587,0.12,0.016,-1.076,-0.203,-1.494,-1.697,71998,36020,35978
202077,Jerel McNeal,2024,-0.639,0.094,-0.733,-0.544,-0.165,-0.379,-0.037,0.032,-0.069,-0.152,-0.055,-0.097,0.154,0.141,0.026,-0.262,-0.636,-0.636,-0.747,-1.383,0.0,-0.262,-0.236,-0.026,-0.262,-0.236,-0.026,-0.552,-0.207,-0.36,-0.079,-0.281,-0.06,0.079,-0.139,-0.253,-0.065,-0.188,0.032,0.012,0.02,-0.074,-0.074,-0.004,0.044,0.068,0.068,-0.39,-0.322,0.0,0.044,-0.006,0.05,0.044,-0.006,0.05,-0.059,0.01,-0.996,0.015,-1.011,-0.603,-0.086,-0.517,-0.289,-0.032,-0.257,-0.119,-0.043,-0.076,0.079,0.066,0.022,-0.218,-0.568,-0.568,-1.705,0.0,-0.218,-0.243,0.025,-0.218,-0.243,0.025,-0.611,-0.197,-1.383,-0.322,-1.705,413,207,206
1631288,Jamal Cain,2024,-2.08,0.06,-2.14,-0.201,-0.051,-0.15,-0.515,0.105,-0.62,-1.424,-0.033,-1.391,-0.042,0.208,-0.25,-1.101,1.487,1.487,-3.223,-1.736,-0.0,-1.101,-0.66,-0.441,-1.101,-0.66,-0.441,-3.235,-0.152,0.127,0.039,0.088,-0.278,0.119,-0.397,-0.25,-0.09,-0.16,0.616,0.022,0.594,-0.166,-0.222,0.054,0.076,-0.016,-0.016,0.037,0.021,0.0,0.076,-0.175,0.251,0.076,-0.175,0.251,-0.263,-0.136,-1.954,0.099,-2.053,-0.48,0.068,-0.548,-0.765,0.015,-0.78,-0.808,-0.011,-0.797,-0.208,-0.014,-0.196,-1.025,1.472,1.472,-1.715,-0.0,-1.025,-0.835,-0.19,-1.025,-0.835,-0.19,-3.497,-0.288,-1.736,0.021,-1.715,2059,1027,1032
2548,Dwyane Wade,2024,-1.67,-0.109,-1.561,0.515,0.004,0.511,-0.692,-0.421,-0.271,-1.384,-0.143,-1.241,0.216,0.361,-0.139,-0.001,0.161,0.161,-1.455,-1.294,-0.0,-0.001,-0.358,0.357,-0.001,-0.358,0.357,-3.588,0.37,0.028,0.054,-0.026,0.183,-0.183,0.366,-0.367,-0.113,-0.254,0.158,-0.004,0.162,-0.049,0.053,-0.103,0.052,-0.454,-0.454,0.031,-0.423,0.0,0.052,0.041,0.011,0.052,0.041,0.011,-0.356,-0.311,-1.644,-0.055,-1.589,0.698,-0.179,0.877,-1.061,-0.535,-0.526,-1.226,-0.147,-1.079,0.167,0.415,-0.242,0.051,-0.293,-0.293,-1.717,-0.0,0.051,-0.317,0.368,0.051,-0.317,0.368,-3.944,0.059,-1.294,-0.423,-1.717,40638,20339,20299
1630170,Devin Vassell,2024,0.13,0.191,-0.061,-0.169,-0.115,-0.054,-0.402,-0.009,-0.393,0.51,0.008,0.502,-0.182,-0.231,0.049,-0.301,-0.936,-0.936,-0.353,-1.289,0.0,-0.301,-0.29,-0.011,-0.301,-0.29,-0.011,1.605,-0.15,-0.883,-0.141,-0.742,-0.18,-0.176,-0.004,-0.193,-0.109,-0.084,-0.369,0.016,-0.385,-0.125,-0.248,0.126,0.136,0.441,0.441,-0.872,-0.431,0.0,0.136,0.423,-0.287,0.136,0.423,-0.287,0.307,-0.421,-0.755,0.05,-0.805,-0.349,-0.291,-0.058,-0.596,-0.119,-0.477,0.14,0.024,0.116,-0.307,-0.479,0.175,-0.165,-0.495,-0.495,-1.72,0.0,-0.165,0.134,-0.299,-0.165,0.134,-0.299,1.912,-0.571,-1.289,-0.431,-1.72,26816,13398,13418
1630692,Jordan Goodwin,2024,-3.659,0.074,-3.733,-0.882,-0.195,-0.687,-0.61,-0.222,-0.388,-2.241,-0.004,-2.237,0.044,0.432,-0.387,-0.496,1.634,1.634,-4.111,-2.477,0.0,-0.496,0.188,-0.684,-0.496,0.188,-0.684,-3.774,-0.874,-0.306,-0.057,-0.249,0.276,-0.061,0.337,-0.588,-0.16,-0.428,0.063,0.01,0.053,-0.173,-0.142,-0.03,0.5,0.733,0.733,0.021,0.754,0.0,0.5,0.237,0.263,0.5,0.237,0.263,1.288,0.074,-3.965,0.017,-3.982,-0.606,-0.256,-0.35,-1.198,-0.382,-0.816,-2.178,0.006,-2.184,-0.128,0.289,-0.417,0.004,2.367,2.367,-1.723,-0.0,0.004,0.425,-0.421,0.004,0.425,-0.421,-2.486,-0.8,-2.477,0.754,-1.723,8817,4399,4418
1630238,Fitts,2024,-0.815,-0.047,-0.768,-0.226,-0.173,-0.053,-0.205,0.142,-0.347,-0.337,-0.045,-0.292,-0.23,-0.21,-0.017,-0.334,-0.179,-0.179,-1.379,-1.558,0.0,-0.334,-0.043,-0.291,-0.334,-0.043,-0.291,0.037,-0.006,0.014,-0.001,0.015,-0.046,0.124,-0.17,-0.19,-0.099,-0.091,0.251,0.017,0.234,-0.089,-0.094,0.002,-0.187,0.096,0.096,-0.262,-0.166,0.0,-0.187,-0.059,-0.128,-0.187,-0.059,-0.128,-0.057,0.088,-0.802,-0.048,-0.754,-0.273,-0.05,-0.223,-0.395,0.043,-0.438,-0.086,-0.028,-0.058,-0.319,-0.304,-0.015,-0.521,-0.083,-0.083,-1.724,0.0,-0.521,-0.102,-0.419,-0.521,-0.102,-0.419,-0.02,0.082,-1.558,-0.166,-1.724,373,188,185
1631306,Cole Swider,2024,-0.417,0.145,-0.562,-0.171,-0.101,-0.07,0.197,0.207,-0.01,-0.588,-0.035,-0.553,-0.172,-0.173,0.005,-0.232,-0.298,-0.298,-0.821,-1.119,0.0,-0.232,0.113,-0.345,-0.232,0.113,-0.345,-0.708,-0.267,-0.265,0.082,-0.347,-0.016,0.089,-0.105,-0.109,-0.08,-0.029,-0.222,0.02,-0.242,-0.063,-0.087,0.021,-0.21,-0.072,-0.072,-0.538,-0.61,0.0,-0.21,-0.126,-0.084,-0.21,-0.126,-0.084,-0.519,0.054,-0.681,0.227,-0.908,-0.187,-0.012,-0.175,0.088,0.127,-0.039,-0.809,-0.014,-0.795,-0.235,-0.26,0.026,-0.443,-0.37,-0.37,-1.729,0.0,-0.443,-0.013,-0.43,-0.443,-0.013,-0.43,-1.227,-0.213,-1.119,-0.61,-1.729,536,270,266
1641753,Chris Livingston,2024,-0.352,-0.176,-0.176,-0.204,-0.074,-0.13,0.315,0.158,0.157,-0.287,-0.044,-0.243,-0.271,-0.18,-0.088,0.031,-0.495,-0.495,-0.592,-1.087,0.0,0.031,0.119,-0.088,0.031,0.119,-0.088,-0.751,-0.089,-0.419,-0.025,-0.394,-0.031,0.079,-0.11,-0.23,-0.114,-0.116,-0.133,0.021,-0.154,-0.377,-0.35,-0.03,-0.035,0.187,0.187,-0.831,-0.644,0.0,-0.035,-0.093,0.058,-0.035,-0.093,0.058,-0.159,-0.053,-0.769,-0.201,-0.568,-0.234,0.006,-0.24,0.086,0.044,0.042,-0.42,-0.023,-0.397,-0.648,-0.531,-0.118,-0.004,-0.308,-0.308,-1.731,0.0,-0.004,0.025,-0.029,-0.004,0.025,-0.029,-0.909,-0.142,-1.087,-0.644,-1.731,413,207,206
1626177,Dakari Johnson,2024,-1.8,0.096,-1.896,-0.328,-0.176,-0.152,-0.188,0.014,-0.202,-1.38,-0.058,-1.322,-0.277,0.189,-0.471,-0.402,0.179,0.179,-2.479,-2.3,0.0,-0.402,0.108,-0.51,-0.402,0.108,-0.51,-1.305,-0.098,0.164,0.021,0.143,-0.133,0.149,-0.282,-0.238,-0.095,-0.143,0.514,-0.004,0.518,-0.097,-0.056,-0.044,0.149,0.349,0.349,0.216,0.565,0.0,0.149,0.106,0.043,0.149,0.106,0.043,0.142,0.11,-1.636,0.117,-1.753,-0.462,-0.028,-0.434,-0.426,-0.081,-0.345,-0.865,-0.061,-0.804,-0.374,0.133,-0.515,-0.253,0.528,0.528,-1.735,0.0,-0.253,0.213,-0.466,-0.253,0.213,-0.466,-1.163,0.012,-2.3,0.565,-1.735,859,431,428
1630792,Malcolm Hill,2024,-0.918,-0.058,-0.86,-0.81,-0.222,-0.588,0.078,-0.066,0.144,-0.128,-0.039,-0.089,-0.207,-0.172,-0.033,-0.085,0.232,0.232,-1.21,-0.978,0.0,-0.085,0.067,-0.152,-0.085,0.067,-0.152,-0.17,-0.457,-1.033,-0.137,-0.896,-0.449,-0.007,-0.442,0.112,-0.074,0.186,-0.559,0.018,-0.577,-0.126,-0.131,0.002,-0.07,0.47,0.47,-1.229,-0.759,-0.0,-0.07,-0.154,0.084,-0.07,-0.154,0.084,-0.671,-0.305,-1.953,-0.195,-1.758,-1.26,-0.229,-1.031,0.189,-0.14,0.329,-0.687,-0.021,-0.666,-0.333,-0.303,-0.031,-0.155,0.703,0.703,-1.737,-0.0,-0.155,-0.086,-0.069,-0.155,-0.086,-0.069,-0.841,-0.762,-0.978,-0.759,-1.737,933,464,469
2749,Jameer Nelson,2024,-0.627,-0.278,-0.349,-0.387,-0.132,-0.255,0.479,0.222,0.257,-0.441,0.144,-0.585,-0.418,-0.222,-0.193,0.121,0.108,0.108,-0.924,-0.816,0.0,0.121,0.254,-0.133,0.121,0.254,-0.133,1.078,-0.187,-0.633,0.133,-0.766,0.676,0.348,0.328,-0.328,0.248,-0.576,-1.114,-0.033,-1.081,-0.075,-0.156,0.078,-0.189,-0.029,-0.029,-0.897,-0.926,0.0,-0.189,-0.318,0.129,-0.189,-0.318,0.129,-1.318,0.813,-1.26,-0.145,-1.115,0.289,0.216,0.073,0.151,0.469,-0.318,-1.555,0.111,-1.666,-0.493,-0.379,-0.115,-0.068,0.079,0.079,-1.742,0.0,-0.068,-0.064,-0.004,-0.068,-0.064,-0.004,-0.24,0.626,-0.816,-0.926,-1.742,21449,10720,10729
201571,D.J. Augustin,2024,-0.576,-0.029,-0.547,-0.338,-0.029,-0.309,-0.076,0.328,-0.404,-0.133,0.094,-0.227,0.376,0.108,0.275,-0.063,-0.526,-0.526,-0.263,-0.789,-0.0,-0.063,-0.077,0.014,-0.063,-0.077,0.014,-0.635,-0.313,-0.084,0.147,-0.231,-0.603,0.002,-0.605,-0.312,0.043,-0.355,0.684,-0.022,0.706,-0.086,-0.065,-0.02,-0.389,-0.399,-0.399,-0.559,-0.958,0.0,-0.389,-0.223,-0.166,-0.389,-0.223,-0.166,-0.355,-0.229,-0.661,0.118,-0.779,-0.941,-0.027,-0.914,-0.388,0.371,-0.759,0.55,0.071,0.479,0.291,0.042,0.255,-0.451,-0.925,-0.925,-1.747,-0.001,-0.451,-0.3,-0.151,-0.451,-0.3,-0.151,-0.989,-0.542,-0.789,-0.958,-1.748,48993,24510,24483
203487,Michael Carter-Williams,2024,-3.469,-0.359,-3.11,-0.8,0.057,-0.857,-1.249,-0.356,-0.893,-1.061,-0.1,-0.961,0.353,0.404,-0.043,-0.148,0.434,0.434,-3.264,-2.83,-0.0,-0.148,-0.105,-0.043,-0.148,-0.105,-0.043,-1.59,-0.316,-0.144,0.282,-0.426,-0.232,-0.121,-0.111,-0.466,-0.241,-0.225,0.272,-0.055,0.327,-0.283,-0.205,-0.082,1.211,0.297,0.297,0.784,1.081,-0.0,1.211,0.395,0.816,1.211,0.395,0.816,-0.62,-0.183,-3.612,-0.077,-3.535,-1.031,-0.064,-0.967,-1.715,-0.597,-1.118,-0.789,-0.155,-0.634,0.07,0.199,-0.126,1.063,0.731,0.731,-1.749,-0.0,1.063,0.29,0.773,1.063,0.29,0.773,-2.209,-0.498,-2.83,1.081,-1.749,31087,15532,15555
1626158,Richaun Holmes,2024,-0.399,0.021,-0.42,0.693,0.017,0.676,-0.262,-0.244,-0.018,-0.851,-0.027,-0.824,-0.252,-0.204,-0.047,-0.741,0.255,0.255,-1.392,-1.137,0.0,-0.741,-0.841,0.1,-0.741,-0.841,0.1,0.194,0.56,0.269,0.077,0.192,0.427,0.09,0.337,0.1,0.14,-0.04,-0.335,0.038,-0.373,0.022,-0.095,0.119,-0.244,-0.662,-0.662,0.047,-0.615,0.0,-0.244,-0.106,-0.138,-0.244,-0.106,-0.138,-0.553,-0.116,-0.13,0.098,-0.228,1.121,0.107,1.014,-0.162,-0.104,-0.058,-1.187,0.011,-1.198,-0.23,-0.299,0.071,-0.986,-0.407,-0.407,-1.752,0.0,-0.986,-0.947,-0.039,-0.986,-0.947,-0.039,-0.359,0.444,-1.137,-0.615,-1.752,37115,18518,18597
202327,Ekpe Udoh,2024,-1.091,-0.626,-0.465,-0.284,-0.235,-0.049,-0.299,-0.143,-0.156,0.118,0.02,0.098,-0.527,-0.517,-0.01,-0.204,-0.449,-0.449,-1.822,-2.271,0.0,-0.204,0.089,-0.293,-0.204,0.089,-0.293,-1.273,-0.538,0.232,0.215,0.017,-0.146,-0.155,0.009,-0.215,-0.194,-0.021,0.378,0.043,0.335,-0.044,-0.247,0.203,0.103,0.228,0.228,0.291,0.519,0.0,0.103,-0.073,0.176,0.103,-0.073,0.176,0.819,-0.072,-0.859,-0.411,-0.448,-0.43,-0.39,-0.04,-0.515,-0.338,-0.177,0.497,0.063,0.434,-0.571,-0.764,0.193,-0.101,-0.221,-0.221,-1.752,-0.0,-0.101,0.016,-0.117,-0.101,0.016,-0.117,-0.454,-0.61,-2.271,0.519,-1.752,5558,2779,2779
201945,Gerald Henderson,2024,-2.029,-0.44,-1.589,-0.014,-0.066,0.052,-0.525,-0.446,-0.079,-1.05,-0.034,-1.016,0.045,0.254,-0.199,0.168,-0.493,-0.493,-1.816,-2.309,0.0,0.168,0.311,-0.143,0.168,0.311,-0.143,-1.222,-0.231,0.016,0.36,-0.344,0.176,0.126,0.05,-0.113,0.401,-0.514,-0.407,-0.006,-0.401,0.138,0.077,0.056,0.205,0.196,0.196,0.359,0.555,0.0,0.205,-0.205,0.41,0.205,-0.205,0.41,0.785,0.512,-2.011,-0.08,-1.931,0.162,0.06,0.102,-0.636,-0.044,-0.592,-1.457,-0.04,-1.417,0.183,0.33,-0.143,0.373,-0.298,-0.298,-1.754,0.0,0.373,0.105,0.268,0.373,0.105,0.268,-0.438,0.281,-2.309,0.555,-1.754,23686,11837,11849
1629133,Daryl Macon,2024,-0.823,0.277,-1.1,-0.498,-0.13,-0.368,0.027,0.17,-0.143,-0.629,-0.042,-0.587,-0.094,0.085,-0.177,-0.134,-0.286,-0.286,-1.051,-1.337,0.0,-0.134,-0.187,0.053,-0.134,-0.187,0.053,-0.888,-0.17,-0.345,-0.106,-0.239,-0.051,0.06,-0.111,-0.118,-0.118,0.0,-0.07,0.016,-0.086,-0.056,-0.069,0.01,-0.236,0.215,0.215,-0.637,-0.422,0.0,-0.236,0.009,-0.245,-0.236,0.009,-0.245,-0.454,-0.021,-1.168,0.171,-1.339,-0.549,-0.07,-0.479,-0.091,0.052,-0.143,-0.699,-0.026,-0.673,-0.15,0.016,-0.167,-0.37,-0.071,-0.071,-1.759,-0.001,-0.37,-0.178,-0.192,-0.37,-0.178,-0.192,-1.342,-0.191,-1.337,-0.422,-1.76,340,170,170
1630544,Tre Mann,2024,-0.608,-0.05,-0.558,-0.581,0.014,-0.595,0.045,0.056,-0.011,-0.022,-0.012,-0.01,-0.437,-0.368,-0.07,0.569,-1.114,-1.114,-0.476,-1.59,0.0,0.569,0.286,0.283,0.569,0.286,0.283,-2.486,-0.369,0.531,0.038,0.493,-0.341,-0.288,-0.053,-0.318,-0.258,-0.06,1.152,0.006,1.146,0.038,0.128,-0.088,0.456,-1.195,-1.195,1.025,-0.17,-0.0,0.456,0.404,0.052,0.456,0.404,0.052,-1.184,-0.884,-0.077,-0.012,-0.065,-0.922,-0.274,-0.648,-0.273,-0.202,-0.071,1.13,-0.005,1.135,-0.398,-0.24,-0.157,1.024,-2.309,-2.309,-1.76,0.0,1.024,0.69,0.334,1.024,0.69,0.334,-3.669,-1.252,-1.59,-0.17,-1.76,14471,7263,7208
1630698,Kevin Pangos,2024,0.527,0.104,0.423,-0.156,-0.209,0.053,0.158,-0.066,0.224,0.421,-0.05,0.471,-0.158,-0.113,-0.042,-0.075,-0.803,-0.803,0.294,-0.509,0.0,-0.075,0.409,-0.484,-0.075,0.409,-0.484,-0.475,-0.307,-0.877,-0.043,-0.834,-0.259,0.042,-0.301,-0.065,-0.077,0.012,-0.51,0.02,-0.53,-0.213,-0.204,-0.012,-0.127,-0.04,-0.04,-1.217,-1.257,0.0,-0.127,-0.103,-0.024,-0.127,-0.103,-0.024,-0.78,-0.061,-0.348,0.061,-0.409,-0.413,-0.166,-0.247,0.093,-0.143,0.236,-0.089,-0.03,-0.059,-0.372,-0.317,-0.054,-0.201,-0.843,-0.843,-1.766,0.0,-0.201,0.306,-0.507,-0.201,0.306,-0.507,-1.254,-0.368,-0.509,-1.257,-1.766,662,331,331
1629682,Tremont Waters,2024,-0.508,0.154,-0.662,0.427,-0.031,0.458,-0.32,0.126,-0.446,-0.769,-0.024,-0.745,0.03,0.119,-0.084,-0.881,0.066,0.066,-1.359,-1.293,0.0,-0.881,-0.874,-0.007,-0.881,-0.874,-0.007,-1.738,0.016,0.054,0.07,-0.016,0.313,0.047,0.266,0.084,-0.108,0.192,-0.413,0.016,-0.429,-0.127,-0.16,0.032,0.058,-0.462,-0.462,-0.015,-0.477,0.0,0.058,-0.064,0.122,0.058,-0.064,0.122,0.171,0.186,-0.457,0.224,-0.681,0.739,0.016,0.723,-0.236,0.018,-0.254,-1.184,-0.009,-1.175,-0.096,-0.041,-0.052,-0.823,-0.396,-0.396,-1.77,0.001,-0.823,-0.938,0.115,-0.823,-0.938,0.115,-1.567,0.202,-1.293,-0.477,-1.769,1744,869,875
1629346,Alen Smailagic,2024,-0.119,0.108,-0.227,-0.03,-0.094,0.064,-0.248,0.002,-0.25,0.051,-0.033,0.084,-0.054,-0.113,0.065,-0.632,0.033,0.033,-0.805,-0.772,-0.0,-0.632,-0.411,-0.221,-0.632,-0.411,-0.221,-0.116,-0.17,-0.359,0.037,-0.396,0.074,0.081,-0.007,-0.307,-0.104,-0.203,-0.163,0.007,-0.17,-0.072,-0.075,0.0,-0.16,-0.405,-0.405,-0.591,-0.996,0.0,-0.16,-0.093,-0.067,-0.16,-0.093,-0.067,-1.088,0.033,-0.478,0.145,-0.623,0.044,-0.013,0.057,-0.555,-0.102,-0.453,-0.112,-0.026,-0.086,-0.125,-0.188,0.065,-0.792,-0.372,-0.372,-1.768,-0.001,-0.792,-0.504,-0.288,-0.792,-0.504,-0.288,-1.203,-0.138,-0.772,-0.996,-1.769,950,476,474
203464,Brandon Paul,2024,-1.201,0.147,-1.348,-0.4,0.066,-0.466,0.401,0.254,0.147,-1.349,-0.082,-1.267,-0.098,0.607,-0.703,-0.315,-0.219,-0.219,-1.614,-1.833,0.0,-0.315,-0.3,-0.015,-0.315,-0.3,-0.015,-1.505,0.417,-0.335,0.086,-0.421,-0.186,0.037,-0.223,-0.624,-0.096,-0.528,0.389,0.027,0.362,-0.232,-0.264,0.03,0.51,0.117,0.117,-0.057,0.06,0.0,0.51,0.108,0.402,0.51,0.108,0.402,0.689,-0.1,-1.534,0.233,-1.767,-0.585,0.104,-0.689,-0.223,0.158,-0.381,-0.959,-0.054,-0.905,-0.331,0.342,-0.673,0.195,-0.102,-0.102,-1.773,0.0,0.195,-0.192,0.387,0.195,-0.192,0.387,-0.815,0.317,-1.833,0.06,-1.773,3152,1564,1588
1628429,Charles Cooke,2024,-1.315,0.03,-1.345,-0.46,-0.172,-0.288,-0.425,0.055,-0.48,-0.46,-0.056,-0.404,-0.164,-0.151,-0.008,-0.058,0.248,0.248,-1.537,-1.289,0.0,-0.058,0.147,-0.205,-0.058,0.147,-0.205,-0.529,-0.313,-0.45,-0.063,-0.387,0.005,0.045,-0.04,-0.223,-0.107,-0.116,-0.169,0.027,-0.196,-0.06,-0.107,0.044,-0.074,0.098,0.098,-0.584,-0.486,0.0,-0.074,-0.086,0.012,-0.074,-0.086,0.012,-0.326,0.036,-1.763,-0.033,-1.73,-0.455,-0.127,-0.328,-0.647,-0.052,-0.595,-0.628,-0.029,-0.599,-0.224,-0.258,0.035,-0.132,0.346,0.346,-1.775,0.0,-0.132,0.061,-0.193,-0.132,0.061,-0.193,-0.855,-0.277,-1.289,-0.486,-1.775,162,84,78
1631386,Moore,2024,-0.987,0.236,-1.223,-0.175,-0.147,-0.028,-0.209,0.138,-0.347,-0.839,-0.044,-0.795,-0.162,-0.105,-0.053,0.046,0.044,0.044,-1.103,-1.059,0.0,0.046,-0.064,0.11,0.046,-0.064,0.11,-0.667,-0.125,-0.565,-0.16,-0.405,-0.087,0.065,-0.152,-0.221,-0.092,-0.129,-0.097,0.019,-0.116,-0.107,-0.17,0.059,0.041,-0.088,-0.088,-0.631,-0.719,-0.0,0.041,-0.083,0.124,0.041,-0.083,0.124,-0.204,0.002,-1.552,0.076,-1.628,-0.262,-0.082,-0.18,-0.43,0.046,-0.476,-0.936,-0.025,-0.911,-0.269,-0.275,0.006,0.087,-0.044,-0.044,-1.778,-0.0,0.087,-0.147,0.234,0.087,-0.147,0.234,-0.871,-0.123,-1.059,-0.719,-1.778,178,90,88
203705,Josh Magette,2024,-0.368,0.121,-0.489,-0.511,-0.195,-0.316,0.033,0.125,-0.092,-0.011,0.012,-0.023,-0.29,-0.074,-0.215,-0.137,-0.545,-0.545,-0.795,-1.34,-0.0,-0.137,0.175,-0.312,-0.137,0.175,-0.312,0.403,-0.22,-0.439,-0.045,-0.394,-0.196,0.044,-0.24,-0.104,-0.014,-0.09,-0.094,0.018,-0.112,0.047,0.093,-0.048,-0.151,0.099,0.099,-0.543,-0.444,0.0,-0.151,-0.117,-0.034,-0.151,-0.117,-0.034,-0.494,-0.078,-0.806,0.076,-0.882,-0.707,-0.151,-0.556,-0.071,0.111,-0.182,-0.104,0.031,-0.135,-0.243,0.019,-0.263,-0.288,-0.445,-0.445,-1.784,-0.0,-0.288,0.058,-0.346,-0.288,0.058,-0.346,-0.091,-0.298,-1.34,-0.444,-1.784,1085,545,540
203950,Jarnell Stokes,2024,-0.552,0.083,-0.635,-0.489,0.037,-0.526,0.63,0.243,0.387,-0.776,-0.05,-0.726,-0.222,0.063,-0.286,-0.698,-0.038,-0.038,-1.472,-1.51,0.0,-0.698,-0.621,-0.077,-0.698,-0.621,-0.077,-0.817,-0.155,-0.548,0.011,-0.559,-0.48,0.027,-0.507,-0.226,-0.096,-0.13,0.147,0.022,0.125,-0.187,-0.16,-0.03,-0.031,0.492,0.492,-0.766,-0.274,0.0,-0.031,-0.035,0.004,-0.031,-0.035,0.004,0.237,-0.087,-1.101,0.094,-1.195,-0.969,0.064,-1.033,0.403,0.146,0.257,-0.629,-0.028,-0.601,-0.408,-0.097,-0.316,-0.729,0.454,0.454,-1.784,0.0,-0.729,-0.656,-0.073,-0.729,-0.656,-0.073,-0.58,-0.243,-1.51,-0.274,-1.784,624,312,312
1629150,Terry,2024,-0.823,0.269,-1.092,-0.609,-0.084,-0.525,0.06,0.151,-0.091,-0.543,-0.043,-0.5,-0.063,-0.034,-0.022,-0.481,0.173,0.173,-1.367,-1.194,0.0,-0.481,-0.197,-0.284,-0.481,-0.197,-0.284,-1.213,-0.14,-0.513,-0.061,-0.452,-0.133,0.039,-0.172,-0.28,-0.114,-0.166,-0.039,0.02,-0.059,-0.138,-0.153,0.011,0.042,0.014,0.014,-0.609,-0.595,0.0,0.042,0.021,0.021,0.042,0.021,0.021,-0.405,-0.187,-1.335,0.208,-1.543,-0.742,-0.045,-0.697,-0.219,0.038,-0.257,-0.582,-0.023,-0.559,-0.2,-0.187,-0.011,-0.438,0.187,0.187,-1.789,0.0,-0.438,-0.177,-0.261,-0.438,-0.177,-0.261,-1.618,-0.328,-1.194,-0.595,-1.789,175,87,88
1626156,D'Angelo Russell,2024,1.124,0.122,1.002,0.628,0.006,0.622,0.466,0.075,0.391,-0.092,0.033,-0.125,-0.421,-0.567,0.141,-0.016,-0.465,-0.465,0.687,0.222,-0.0,-0.016,-0.407,0.391,-0.016,-0.407,0.391,0.962,0.829,-0.968,-0.099,-0.869,-0.266,-0.193,-0.073,-0.465,-0.041,-0.424,-0.138,0.015,-0.153,0.267,0.439,-0.171,0.079,-1.39,-1.39,-0.622,-2.012,0.0,0.079,0.394,-0.315,0.079,0.394,-0.315,-2.439,-0.735,0.157,0.023,0.134,0.362,-0.187,0.549,0.001,0.035,-0.034,-0.229,0.049,-0.278,-0.154,-0.127,-0.03,0.062,-1.855,-1.855,-1.79,0.0,0.062,-0.013,0.075,0.062,-0.013,0.075,-1.477,0.094,0.222,-2.012,-1.79,74543,37311,37232
1630612,Nembhard Jr.,2024,-0.872,0.188,-1.06,-0.062,-0.12,0.058,-0.44,0.028,-0.468,-0.558,-0.048,-0.51,-0.135,-0.095,-0.035,-0.129,-0.451,-0.451,-1.136,-1.587,0.0,-0.129,0.178,-0.307,-0.129,0.178,-0.307,-0.89,-0.055,-0.058,-0.078,0.02,-0.132,0.048,-0.18,-0.054,-0.101,0.047,0.206,0.02,0.186,-0.049,-0.07,0.018,-0.12,0.025,0.025,-0.227,-0.202,0.0,-0.12,-0.103,-0.017,-0.12,-0.103,-0.017,0.116,-0.078,-0.929,0.11,-1.039,-0.194,-0.072,-0.122,-0.494,-0.073,-0.421,-0.351,-0.027,-0.324,-0.184,-0.165,-0.017,-0.249,-0.426,-0.426,-1.789,-0.001,-0.249,0.075,-0.324,-0.249,0.075,-0.324,-0.775,-0.132,-1.587,-0.202,-1.79,246,124,122
1628935,Aaron Jackson,2024,-0.567,0.241,-0.808,-0.516,-0.158,-0.358,0.04,0.132,-0.092,-0.332,-0.04,-0.292,-0.243,-0.092,-0.15,-0.223,0.026,0.026,-1.033,-1.007,0.0,-0.223,0.031,-0.254,-0.223,0.031,-0.254,-0.668,-0.172,-0.578,-0.113,-0.465,-0.166,0.04,-0.206,-0.191,-0.115,-0.076,-0.108,0.022,-0.13,-0.07,-0.103,0.029,-0.054,-0.086,-0.086,-0.702,-0.788,-0.0,-0.054,0.047,-0.101,-0.054,0.047,-0.101,-0.409,-0.148,-1.144,0.128,-1.272,-0.681,-0.117,-0.564,-0.15,0.018,-0.168,-0.441,-0.018,-0.423,-0.312,-0.195,-0.121,-0.277,-0.059,-0.059,-1.795,0.0,-0.277,0.078,-0.355,-0.277,0.078,-0.355,-1.077,-0.319,-1.007,-0.788,-1.795,142,72,70
2406,Caron Butler,2024,-1.736,-0.511,-1.225,0.017,0.035,-0.018,0.241,-0.074,0.315,-1.483,0.102,-1.585,-0.316,-0.135,-0.17,0.124,-0.399,-0.399,-1.928,-2.327,0.0,0.124,0.219,-0.095,0.124,0.219,-0.095,-2.0,-0.569,1.45,0.414,1.036,0.092,-0.129,0.221,0.681,0.053,0.628,0.263,-0.017,0.28,0.068,0.012,0.048,-0.049,-0.941,-0.941,1.469,0.528,-0.0,-0.049,-0.318,0.269,-0.049,-0.318,0.269,0.166,-0.096,-0.288,-0.097,-0.191,0.108,-0.095,0.203,0.921,-0.022,0.943,-1.22,0.085,-1.305,-0.249,-0.122,-0.122,0.075,-1.34,-1.34,-1.799,0.001,0.075,-0.099,0.174,0.075,-0.099,0.174,-1.833,-0.665,-2.327,0.528,-1.798,7764,3862,3902
203090,Maurice Harkless,2024,-0.283,-0.17,-0.113,0.321,0.212,0.109,0.176,-0.009,0.185,-0.61,-0.015,-0.595,-0.235,-0.063,-0.171,-0.886,-0.196,-0.196,-1.404,-1.6,-0.0,-0.886,-0.586,-0.3,-0.886,-0.586,-0.3,-2.082,0.268,-0.182,0.009,-0.191,0.373,0.034,0.339,-0.265,-0.002,-0.263,-0.299,-0.005,-0.294,-0.412,-0.303,-0.112,0.18,0.215,0.215,-0.414,-0.199,-0.0,0.18,0.247,-0.067,0.18,0.247,-0.067,0.497,0.352,-0.467,-0.161,-0.306,0.694,0.246,0.448,-0.09,-0.011,-0.079,-0.91,-0.02,-0.89,-0.647,-0.366,-0.282,-0.706,0.019,0.019,-1.799,0.0,-0.706,-0.339,-0.367,-0.706,-0.339,-0.367,-1.585,0.621,-1.6,-0.199,-1.799,44732,22358,22374
202337,Luke Babbitt,2024,-0.543,-0.356,-0.187,-0.871,0.034,-0.905,0.419,-0.094,0.513,0.265,0.042,0.223,-0.292,-0.263,-0.024,0.215,-0.9,-0.9,-0.62,-1.52,0.0,0.215,0.399,-0.184,0.215,0.399,-0.184,-0.184,-0.818,0.372,0.231,0.141,0.009,-0.116,0.125,-0.012,0.065,-0.077,0.144,0.005,0.139,-0.328,-0.13,-0.203,-0.181,-0.143,-0.143,-0.137,-0.28,0.0,-0.181,-0.224,0.043,-0.181,-0.224,0.043,1.619,0.269,-0.17,-0.125,-0.045,-0.863,-0.083,-0.78,0.408,-0.028,0.436,0.41,0.047,0.363,-0.621,-0.393,-0.227,0.034,-1.043,-1.043,-1.8,0.001,0.034,0.175,-0.141,0.034,0.175,-0.141,1.435,-0.55,-1.52,-0.28,-1.799,18043,9040,9003
1630270,Xavier Sneed,2024,-1.178,0.337,-1.515,-0.374,-0.143,-0.231,0.262,0.093,0.169,-1.403,-0.041,-1.362,-0.223,-0.202,-0.019,-0.071,-0.111,-0.111,-1.472,-1.583,0.0,-0.071,0.251,-0.322,-0.071,0.251,-0.322,-0.244,-0.071,-0.135,0.035,-0.17,-0.067,0.029,-0.096,-0.196,-0.121,-0.075,0.093,0.02,0.073,-0.14,-0.091,-0.051,-0.117,0.175,0.175,-0.392,-0.217,0.0,-0.117,-0.095,-0.022,-0.117,-0.095,-0.022,0.061,-0.124,-1.313,0.372,-1.685,-0.441,-0.113,-0.328,0.066,-0.028,0.094,-1.31,-0.021,-1.289,-0.363,-0.293,-0.07,-0.188,0.065,0.065,-1.8,0.0,-0.188,0.157,-0.345,-0.188,0.157,-0.345,-0.184,-0.196,-1.583,-0.217,-1.8,364,178,186
1630649,Stanley Umude,2024,-0.126,0.263,-0.389,-0.223,-0.173,-0.05,-0.888,-0.03,-0.858,0.722,-0.035,0.757,0.222,0.073,0.16,-0.562,-0.559,-0.559,-0.466,-1.025,0.0,-0.562,-0.141,-0.421,-0.562,-0.141,-0.421,0.18,-0.127,-0.553,0.063,-0.616,-0.054,0.078,-0.132,-0.132,-0.064,-0.068,-0.43,0.021,-0.451,-0.317,-0.283,-0.036,-0.38,0.473,0.473,-1.25,-0.777,0.0,-0.38,-0.215,-0.165,-0.38,-0.215,-0.165,-0.004,0.018,-0.679,0.326,-1.005,-0.277,-0.095,-0.182,-1.02,-0.094,-0.926,0.292,-0.014,0.306,-0.094,-0.211,0.124,-0.942,-0.086,-0.086,-1.802,0.001,-0.942,-0.356,-0.586,-0.942,-0.356,-0.586,0.176,-0.109,-1.025,-0.777,-1.801,1302,643,659
1641715,Cam Whitmore,2024,-1.442,0.283,-1.725,-0.193,0.065,-0.258,0.288,0.339,-0.051,-1.82,-0.018,-1.802,-0.24,0.122,-0.357,-0.053,1.133,1.133,-1.735,-0.602,-0.0,-0.053,-0.089,0.036,-0.053,-0.089,0.036,-1.022,0.256,-0.872,-0.153,-0.719,-0.114,0.069,-0.183,-0.154,-0.085,-0.069,-0.451,0.019,-0.47,-0.233,-0.445,0.211,-0.105,0.01,0.01,-1.21,-1.2,0.0,-0.105,-0.103,-0.002,-0.105,-0.103,-0.002,0.17,-0.103,-2.315,0.13,-2.445,-0.307,0.134,-0.441,0.134,0.254,-0.12,-2.272,0.0,-2.272,-0.473,-0.323,-0.146,-0.158,1.144,1.144,-1.802,-0.0,-0.158,-0.192,0.034,-0.158,-0.192,0.034,-0.851,0.152,-0.602,-1.2,-1.802,3707,1856,1851
1626176,Rakeem Christmas,2024,-0.827,0.371,-1.198,-0.273,0.07,-0.343,-0.272,0.089,-0.361,-0.653,-0.064,-0.589,-0.335,-0.266,-0.071,-0.236,0.737,0.737,-1.398,-0.661,-0.0,-0.236,0.023,-0.259,-0.236,0.023,-0.259,-1.345,0.183,-0.497,-0.002,-0.495,0.137,0.039,0.098,-0.782,-0.176,-0.606,0.15,0.005,0.145,-0.181,-0.193,0.009,-0.298,-0.167,-0.167,-0.976,-1.143,0.0,-0.298,-0.057,-0.241,-0.298,-0.057,-0.241,-0.564,0.004,-1.323,0.369,-1.692,-0.134,0.11,-0.244,-1.055,-0.088,-0.967,-0.503,-0.059,-0.444,-0.516,-0.458,-0.062,-0.534,0.57,0.57,-1.804,0.001,-0.534,-0.033,-0.501,-0.534,-0.033,-0.501,-1.909,0.186,-0.661,-1.143,-1.803,1444,710,734
1631113,Kennedy Chandler,2024,-1.473,-0.021,-1.452,-0.54,0.003,-0.543,-0.11,0.061,-0.171,-0.802,-0.034,-0.768,-0.553,-0.296,-0.263,-0.423,0.937,0.937,-2.449,-1.512,0.0,-0.423,-0.029,-0.394,-0.423,-0.029,-0.394,-0.26,0.334,-0.727,0.168,-0.895,-0.167,0.03,-0.197,-0.292,-0.145,-0.147,-0.436,0.02,-0.456,-0.132,-0.021,-0.114,0.011,0.557,0.557,-0.848,-0.291,-0.0,0.011,0.025,-0.014,0.011,0.025,-0.014,-0.427,-0.147,-2.2,0.147,-2.347,-0.707,0.033,-0.74,-0.402,-0.084,-0.318,-1.238,-0.014,-1.224,-0.685,-0.316,-0.376,-0.412,1.495,1.495,-1.803,-0.001,-0.412,-0.004,-0.408,-0.412,-0.004,-0.408,-0.687,0.187,-1.512,-0.291,-1.804,1201,596,605
1629014,Anfernee Simons,2024,0.353,0.066,0.287,-1.134,-0.277,-0.857,0.372,0.178,0.194,1.049,-0.001,1.05,0.069,-0.401,0.463,0.948,-0.167,-0.167,1.37,1.203,0.0,0.948,0.544,0.404,0.948,0.544,0.404,-1.652,-1.156,-1.289,-0.149,-1.14,-0.449,0.102,-0.551,-0.64,-0.102,-0.538,-0.051,0.004,-0.055,-0.203,-0.165,-0.033,-0.702,-0.822,-0.822,-2.194,-3.016,0.0,-0.702,-0.176,-0.526,-0.702,-0.176,-0.526,-1.524,-0.345,-0.937,-0.083,-0.854,-1.584,-0.176,-1.408,-0.268,0.076,-0.344,0.998,0.003,0.995,-0.135,-0.566,0.43,0.246,-0.989,-0.989,-1.813,0.001,0.246,0.369,-0.123,0.246,0.369,-0.123,-3.176,-1.501,1.203,-3.016,-1.812,33748,16879,16869
1629739,Howard,2024,-0.793,0.301,-1.094,-0.386,-0.16,-0.226,-0.122,0.118,-0.24,-0.586,-0.042,-0.544,-0.149,-0.095,-0.049,-0.11,-0.126,-0.126,-1.052,-1.178,0.0,-0.11,-0.068,-0.042,-0.11,-0.068,-0.042,-0.45,-0.146,-0.607,-0.112,-0.495,-0.069,0.051,-0.12,-0.222,-0.112,-0.11,-0.204,0.02,-0.224,-0.144,-0.119,-0.028,0.016,0.101,0.101,-0.735,-0.634,0.0,0.016,-0.041,0.057,0.016,-0.041,0.057,-0.342,-0.058,-1.399,0.189,-1.588,-0.455,-0.109,-0.346,-0.343,0.007,-0.35,-0.79,-0.022,-0.768,-0.292,-0.214,-0.076,-0.095,-0.025,-0.025,-1.812,-0.0,-0.095,-0.109,0.014,-0.095,-0.109,0.014,-0.792,-0.204,-1.178,-0.634,-1.812,59,29,30
201978,Chase Budinger,2024,-1.145,-0.349,-0.796,-0.183,0.105,-0.288,0.29,-0.225,0.515,-0.903,-0.024,-0.879,0.255,-0.021,0.283,-0.235,-0.607,-0.607,-1.125,-1.732,0.0,-0.235,-0.577,0.342,-0.235,-0.577,0.342,-1.63,-0.177,0.359,0.446,-0.087,-0.647,-0.121,-0.526,0.169,-0.021,0.19,0.391,-0.072,0.463,0.463,0.37,0.088,0.357,-1.259,-1.259,1.179,-0.08,-0.0,0.357,0.154,0.203,0.357,0.154,0.203,0.885,0.053,-0.786,0.097,-0.883,-0.83,-0.016,-0.814,0.458,-0.246,0.704,-0.511,-0.095,-0.416,0.718,0.349,0.372,0.122,-1.866,-1.866,-1.812,-0.0,0.122,-0.423,0.545,0.122,-0.423,0.545,-0.744,-0.124,-1.732,-0.08,-1.812,9246,4600,4646
201619,Sasha Kaun,2024,-1.048,-0.133,-0.915,-0.689,-0.176,-0.513,-0.471,0.002,-0.473,0.245,-0.073,0.318,-0.318,-0.238,-0.08,-0.246,0.162,0.162,-1.612,-1.45,0.0,-0.246,-0.077,-0.169,-0.246,-0.077,-0.169,-0.78,-0.344,-0.204,-0.178,-0.026,0.045,0.074,-0.029,-0.225,-0.076,-0.149,0.154,0.023,0.131,-0.011,-0.147,0.131,-0.118,-0.04,-0.04,-0.333,-0.373,-0.0,-0.118,0.013,-0.131,-0.118,0.013,-0.131,0.182,0.076,-1.254,-0.311,-0.943,-0.646,-0.103,-0.543,-0.696,-0.074,-0.622,0.399,-0.05,0.449,-0.329,-0.385,0.051,-0.365,0.121,0.121,-1.823,0.0,-0.365,-0.065,-0.3,-0.365,-0.065,-0.3,-0.598,-0.268,-1.45,-0.373,-1.823,339,177,162
1626148,Anthony Brown,2024,-3.924,0.231,-4.155,-1.321,-0.207,-1.114,-0.989,-0.086,-0.903,-1.845,-0.009,-1.836,-0.111,-0.201,0.096,0.484,0.976,0.976,-3.551,-2.575,0.0,0.484,0.096,0.388,0.484,0.096,0.388,-2.076,-0.432,0.308,0.047,0.261,-0.59,-0.055,-0.535,0.148,-0.144,0.292,0.703,0.003,0.7,0.149,0.046,0.101,-0.185,0.478,0.478,0.272,0.75,0.0,-0.185,-0.278,0.093,-0.185,-0.278,0.093,0.166,-0.565,-3.617,0.278,-3.895,-1.911,-0.262,-1.649,-0.841,-0.23,-0.611,-1.143,-0.007,-1.136,0.039,-0.156,0.197,0.299,1.455,1.455,-1.825,0.0,0.299,-0.182,0.481,0.299,-0.182,0.481,-1.91,-0.997,-2.575,0.75,-1.825,3090,1543,1547
201158,Marco Belinelli,2024,0.428,-0.114,0.542,-0.036,-0.21,0.174,0.015,-0.061,0.076,0.563,0.074,0.489,0.356,0.153,0.209,0.071,-0.151,-0.151,0.855,0.704,0.0,0.071,-0.111,0.182,0.071,-0.111,0.182,1.989,-0.397,-2.04,0.004,-2.044,-0.979,-0.142,-0.837,-0.346,-0.081,-0.265,-0.719,-0.036,-0.683,0.196,0.063,0.131,-0.543,-0.147,-0.147,-2.387,-2.534,0.0,-0.543,-0.201,-0.342,-0.543,-0.201,-0.342,-1.629,-0.553,-1.611,-0.11,-1.501,-1.015,-0.352,-0.663,-0.331,-0.142,-0.189,-0.155,0.039,-0.194,0.552,0.216,0.34,-0.472,-0.299,-0.299,-1.83,-0.0,-0.472,-0.313,-0.159,-0.472,-0.313,-0.159,0.36,-0.95,0.704,-2.534,-1.83,42132,21111,21021
201593,Nikola Pekovic,2024,-1.903,-0.015,-1.888,0.071,0.051,0.02,-1.213,-0.345,-0.868,-0.746,-0.103,-0.643,0.386,0.086,0.309,0.026,0.423,0.423,-1.491,-1.068,-0.0,0.026,0.279,-0.253,0.026,0.279,-0.253,-1.742,-0.037,-0.203,0.027,-0.23,-0.215,0.092,-0.307,-0.086,0.183,-0.269,0.071,0.001,0.07,0.046,0.067,-0.026,-0.436,-0.17,-0.17,-0.593,-0.763,0.0,-0.436,-0.391,-0.045,-0.436,-0.391,-0.045,-0.642,0.074,-2.108,0.012,-2.12,-0.144,0.143,-0.287,-1.3,-0.163,-1.137,-0.676,-0.103,-0.573,0.432,0.153,0.283,-0.41,0.252,0.252,-1.831,0.0,-0.41,-0.112,-0.298,-0.41,-0.112,-0.298,-2.384,0.037,-1.068,-0.763,-1.831,3464,1726,1738
1641998,Trey Jemison III,2024,-0.212,0.521,-0.733,-0.538,-0.118,-0.42,-0.801,-0.271,-0.53,0.606,-0.028,0.634,-0.498,-0.293,-0.212,-0.948,0.637,0.637,-1.658,-1.021,0.0,-0.948,-0.656,-0.292,-0.948,-0.656,-0.292,-0.019,-0.014,-1.283,-0.113,-1.17,-0.602,0.047,-0.649,-0.364,-0.063,-0.301,-0.204,0.014,-0.218,0.02,-0.006,0.025,-0.063,0.517,0.517,-1.326,-0.809,-0.0,-0.063,0.276,-0.339,-0.063,0.276,-0.339,-1.455,-0.111,-1.492,0.408,-1.9,-1.139,-0.07,-1.069,-1.164,-0.333,-0.831,0.403,-0.014,0.417,-0.478,-0.299,-0.188,-1.01,1.154,1.154,-1.83,-0.001,-1.01,-0.38,-0.63,-1.01,-0.38,-0.63,-1.474,-0.125,-1.021,-0.809,-1.831,2302,1147,1155
203141,Mirza Teletovic,2024,-0.343,-0.127,-0.216,-0.28,-0.048,-0.232,0.163,0.4,-0.237,-0.099,0.178,-0.277,-0.221,-0.318,0.1,-0.174,-0.078,-0.078,-0.738,-0.816,0.0,-0.174,-0.115,-0.059,-0.174,-0.115,-0.059,0.375,-0.714,-0.373,-0.022,-0.351,-0.036,-0.049,0.013,-0.338,-0.11,-0.228,0.023,-0.016,0.039,-0.13,-0.284,0.152,-0.048,-0.466,-0.466,-0.551,-1.017,0.0,-0.048,-0.064,0.016,-0.048,-0.064,0.016,-0.227,-0.013,-0.718,-0.149,-0.569,-0.316,-0.097,-0.219,-0.176,0.29,-0.466,-0.077,0.162,-0.239,-0.351,-0.602,0.252,-0.223,-0.544,-0.544,-1.833,0.0,-0.223,-0.178,-0.045,-0.223,-0.178,-0.045,0.148,-0.726,-0.816,-1.017,-1.833,16015,8031,7984
1630565,Henry,2024,-0.74,0.21,-0.95,-0.422,-0.143,-0.279,-0.098,0.122,-0.22,-0.43,-0.045,-0.385,-0.14,-0.117,-0.018,-0.154,-0.069,-0.069,-1.034,-1.103,0.0,-0.154,-0.038,-0.116,-0.154,-0.038,-0.116,-0.679,-0.161,-0.579,-0.16,-0.419,0.023,0.036,-0.013,-0.206,-0.119,-0.087,-0.236,0.019,-0.255,-0.143,-0.141,-0.005,-0.061,0.046,0.046,-0.783,-0.737,-0.0,-0.061,-0.073,0.012,-0.061,-0.073,0.012,-0.411,-0.065,-1.318,0.05,-1.368,-0.399,-0.108,-0.291,-0.303,0.003,-0.306,-0.666,-0.026,-0.64,-0.283,-0.258,-0.023,-0.216,-0.023,-0.023,-1.84,0.001,-0.216,-0.11,-0.106,-0.216,-0.11,-0.106,-1.09,-0.226,-1.103,-0.737,-1.839,73,38,35
2760,Anderson Varejao,2024,-1.137,-0.23,-0.907,-0.085,-0.143,0.058,-0.707,-0.354,-0.353,-0.115,0.004,-0.119,-0.099,-0.173,0.079,-0.954,0.458,0.458,-2.19,-1.732,0.0,-0.954,-0.281,-0.673,-0.954,-0.281,-0.673,0.298,0.102,-0.298,0.127,-0.425,-0.186,0.047,-0.233,-0.705,0.009,-0.714,0.466,-0.01,0.476,-0.098,-0.033,-0.069,0.416,-0.127,-0.127,0.02,-0.107,0.0,0.416,-0.004,0.42,0.416,-0.004,0.42,-0.739,-0.018,-1.436,-0.103,-1.333,-0.271,-0.096,-0.175,-1.413,-0.346,-1.067,0.351,-0.006,0.357,-0.196,-0.206,0.01,-0.538,0.331,0.331,-1.839,0.0,-0.538,-0.285,-0.253,-0.538,-0.285,-0.253,-0.44,0.084,-1.732,-0.107,-1.839,6256,3115,3141
1629619,Powell,2024,-0.717,0.241,-0.958,-0.48,-0.152,-0.328,-0.171,0.107,-0.278,-0.307,-0.044,-0.263,-0.1,0.013,-0.11,-0.112,0.073,0.073,-0.929,-0.856,0.0,-0.112,0.006,-0.118,-0.112,0.006,-0.118,-0.778,-0.289,-0.744,-0.103,-0.641,-0.061,0.054,-0.115,-0.196,-0.124,-0.072,-0.384,0.019,-0.403,-0.209,-0.207,-0.005,-0.028,-0.003,-0.003,-0.981,-0.984,0.0,-0.028,-0.072,0.044,-0.028,-0.072,0.044,-0.281,-0.001,-1.461,0.138,-1.599,-0.541,-0.098,-0.443,-0.367,-0.017,-0.35,-0.691,-0.025,-0.666,-0.309,-0.194,-0.115,-0.14,0.07,0.07,-1.84,-0.0,-0.14,-0.066,-0.074,-0.14,-0.066,-0.074,-1.06,-0.29,-0.856,-0.984,-1.84,218,110,108
202340,Avery Bradley,2024,-0.33,-0.146,-0.184,-0.571,-0.112,-0.459,-0.207,-0.212,0.005,0.594,-0.0,0.594,-0.144,-0.096,-0.048,-0.501,-0.643,-0.643,-0.975,-1.618,-0.0,-0.501,-0.614,0.113,-0.501,-0.614,0.113,0.123,-0.296,-0.136,0.04,-0.176,-0.538,-0.118,-0.42,-0.231,-0.099,-0.132,0.593,0.013,0.58,-0.278,-0.308,0.029,0.48,-0.289,-0.289,0.066,-0.223,0.0,0.48,-0.013,0.493,0.48,-0.013,0.493,-0.022,-0.404,-0.465,-0.106,-0.359,-1.108,-0.23,-0.878,-0.438,-0.311,-0.127,1.187,0.013,1.174,-0.422,-0.404,-0.019,-0.021,-0.932,-0.932,-1.841,0.0,-0.021,-0.628,0.607,-0.021,-0.628,0.607,0.101,-0.7,-1.618,-0.223,-1.841,54830,27381,27449
1627773,AJ Hammons,2024,-0.743,0.171,-0.914,-0.354,-0.15,-0.204,-0.247,0.035,-0.282,-0.313,-0.028,-0.285,-0.336,-0.235,-0.101,-0.357,-0.209,-0.209,-1.436,-1.645,0.0,-0.357,0.137,-0.494,-0.357,0.137,-0.494,-0.239,-0.002,-0.167,0.02,-0.187,-0.002,0.054,-0.056,-0.178,-0.158,-0.02,-0.007,0.01,-0.017,-0.109,-0.159,0.046,-0.068,0.139,0.139,-0.344,-0.205,0.0,-0.068,-0.153,0.085,-0.068,-0.153,0.085,-0.044,-0.08,-0.908,0.191,-1.099,-0.355,-0.095,-0.26,-0.425,-0.123,-0.302,-0.319,-0.018,-0.301,-0.445,-0.394,-0.054,-0.424,-0.07,-0.07,-1.85,0.0,-0.424,-0.016,-0.408,-0.424,-0.016,-0.408,-0.282,-0.082,-1.645,-0.205,-1.85,529,264,265
1629628,RJ Barrett,2024,-0.79,0.189,-0.979,-0.67,0.293,-0.963,-0.277,0.238,-0.515,-0.032,-0.04,0.008,-0.278,0.274,-0.558,0.578,-0.216,-0.216,-0.49,-0.706,0.0,0.578,0.398,0.18,0.578,0.398,0.18,-0.986,0.294,-0.035,-0.187,0.152,0.524,0.142,0.382,-0.393,-0.169,-0.224,0.021,0.012,0.009,-0.009,0.095,-0.099,-0.704,-0.395,-0.395,-0.748,-1.143,0.0,-0.704,-0.219,-0.485,-0.704,-0.219,-0.485,-1.42,0.103,-0.825,0.002,-0.827,-0.146,0.435,-0.581,-0.67,0.069,-0.739,-0.011,-0.027,0.016,-0.287,0.37,-0.657,-0.126,-0.611,-0.611,-1.849,-0.001,-0.126,0.179,-0.305,-0.126,0.179,-0.305,-2.406,0.397,-0.706,-1.143,-1.85,46263,23128,23135
204067,Jarell Eddie,2024,-2.16,0.062,-2.222,-0.485,-0.127,-0.358,-1.165,0.197,-1.362,-0.572,0.004,-0.576,-0.283,-0.184,-0.096,0.252,0.536,0.536,-2.191,-1.655,-0.0,0.252,0.118,0.134,0.252,0.118,0.134,0.562,0.051,-0.324,-0.071,-0.253,-0.015,0.044,-0.059,-0.345,-0.145,-0.2,0.107,0.006,0.101,-0.145,-0.235,0.085,0.146,0.12,0.12,-0.323,-0.203,-0.0,0.146,0.179,-0.033,0.146,0.179,-0.033,-0.202,0.064,-2.486,-0.009,-2.477,-0.5,-0.083,-0.417,-1.512,0.051,-1.563,-0.465,0.011,-0.476,-0.429,-0.419,-0.011,0.397,0.655,0.655,-1.858,-0.0,0.397,0.297,0.1,0.397,0.297,0.1,0.36,0.115,-1.655,-0.203,-1.858,1145,576,569
1629665,Jalen Lecque,2024,-0.78,0.388,-1.168,-0.352,-0.113,-0.239,-0.351,0.081,-0.432,-0.465,-0.046,-0.419,-0.172,-0.184,0.017,-0.106,-0.238,-0.238,-1.058,-1.296,0.0,-0.106,-0.031,-0.075,-0.106,-0.031,-0.075,-0.802,-0.133,-0.295,-0.031,-0.264,-0.031,0.065,-0.096,-0.17,-0.114,-0.056,-0.063,0.02,-0.083,-0.12,-0.119,-0.004,-0.077,-0.072,-0.072,-0.492,-0.564,0.0,-0.077,-0.051,-0.026,-0.077,-0.051,-0.026,-0.106,0.029,-1.075,0.357,-1.432,-0.383,-0.048,-0.335,-0.521,-0.033,-0.488,-0.528,-0.026,-0.502,-0.292,-0.303,0.012,-0.184,-0.31,-0.31,-1.86,-0.0,-0.184,-0.082,-0.102,-0.184,-0.082,-0.102,-0.908,-0.104,-1.296,-0.564,-1.86,188,90,98
1626780,Jonathan Gibson,2024,-1.065,0.046,-1.111,-0.888,-0.151,-0.737,0.157,0.032,0.125,-0.38,-0.061,-0.319,0.043,0.047,0.004,-0.471,0.206,0.206,-1.493,-1.287,0.0,-0.471,-0.031,-0.44,-0.471,-0.031,-0.44,-0.732,-0.338,-0.699,0.044,-0.743,-0.068,-0.011,-0.057,-0.416,-0.173,-0.243,-0.259,0.026,-0.285,-0.118,-0.185,0.064,0.086,0.151,0.151,-0.731,-0.58,0.0,0.086,-0.027,0.113,0.086,-0.027,0.113,-0.294,-0.183,-1.768,0.09,-1.858,-0.957,-0.162,-0.795,-0.26,-0.142,-0.118,-0.641,-0.036,-0.605,-0.075,-0.138,0.068,-0.385,0.357,0.357,-1.867,0.0,-0.385,-0.058,-0.327,-0.385,-0.058,-0.327,-1.027,-0.521,-1.287,-0.58,-1.867,918,463,455
201951,Ty Lawson,2024,-1.655,-0.383,-1.272,0.421,0.227,0.194,-0.78,0.166,-0.946,-0.913,0.048,-0.961,0.199,0.386,-0.183,0.194,0.086,0.086,-1.262,-1.176,0.0,0.194,0.189,0.005,0.194,0.189,0.005,-0.394,0.314,-0.008,0.224,-0.232,-0.62,-0.053,-0.567,0.015,-0.108,0.123,0.373,-0.037,0.41,-0.236,-0.296,0.055,0.211,-0.661,-0.661,-0.033,-0.694,0.0,0.211,0.134,0.077,0.211,0.134,0.077,-0.201,-0.438,-1.665,-0.159,-1.506,-0.2,0.174,-0.374,-0.765,0.058,-0.823,-0.541,0.01,-0.551,-0.037,0.09,-0.128,0.405,-0.575,-0.575,-1.87,0.001,0.405,0.323,0.082,0.405,0.323,0.082,-0.595,-0.124,-1.176,-0.694,-1.869,24033,11995,12038
203115,Will Barton,2024,-1.924,-0.134,-1.79,-0.525,0.057,-0.582,-0.606,0.017,-0.623,-0.659,0.014,-0.673,-0.19,-0.173,-0.017,-0.068,0.656,0.656,-2.182,-1.526,-0.0,-0.068,0.012,-0.08,-0.068,0.012,-0.08,-1.784,-0.123,0.16,0.061,0.099,-0.563,-0.205,-0.358,-0.154,-0.093,-0.061,0.816,0.012,0.804,-0.064,-0.004,-0.06,-0.084,-0.359,-0.359,0.012,-0.347,0.0,-0.084,-0.115,0.031,-0.084,-0.115,0.031,0.363,-0.387,-1.765,-0.073,-1.692,-1.088,-0.148,-0.94,-0.761,-0.076,-0.685,0.157,0.026,0.131,-0.254,-0.177,-0.077,-0.152,0.297,0.297,-1.873,-0.0,-0.152,-0.103,-0.049,-0.152,-0.103,-0.049,-1.421,-0.51,-1.526,-0.347,-1.873,66132,33046,33086
1627736,Malik Beasley,2024,-0.586,-0.044,-0.542,-0.493,-0.205,-0.288,-0.613,0.179,-0.792,0.564,-0.006,0.57,-0.684,-0.591,-0.099,0.256,0.166,0.166,-1.014,-0.848,0.0,0.256,0.201,0.055,0.256,0.201,0.055,0.765,-0.832,-0.56,0.045,-0.605,-0.372,-0.156,-0.216,-0.413,-0.104,-0.309,0.18,0.043,0.137,-0.336,-0.398,0.066,-0.038,-0.093,-0.093,-0.934,-1.027,0.0,-0.038,0.161,-0.199,-0.038,0.161,-0.199,1.023,-0.353,-1.146,0.001,-1.147,-0.865,-0.361,-0.504,-1.025,0.075,-1.1,0.743,0.036,0.707,-1.021,-0.989,-0.032,0.217,0.072,0.072,-1.875,0.0,0.217,0.363,-0.146,0.217,0.363,-0.146,1.788,-1.185,-0.848,-1.027,-1.875,51450,25699,25751
1629625,Justin Wright-Foreman,2024,-0.548,0.3,-0.848,-0.179,-0.163,-0.016,-0.068,0.065,-0.133,-0.601,-0.041,-0.56,-0.08,-0.14,0.068,-0.146,-0.292,-0.292,-0.774,-1.066,0.0,-0.146,-0.154,0.008,-0.146,-0.154,0.008,-0.437,-0.149,-0.748,-0.164,-0.584,-0.118,0.039,-0.157,-0.173,-0.112,-0.061,-0.293,0.019,-0.312,-0.067,-0.095,0.024,0.048,-0.047,-0.047,-0.767,-0.814,0.0,0.048,0.025,0.023,0.048,0.025,0.023,-0.5,-0.085,-1.295,0.136,-1.431,-0.298,-0.124,-0.174,-0.24,-0.047,-0.193,-0.893,-0.022,-0.871,-0.147,-0.235,0.093,-0.098,-0.339,-0.339,-1.88,0.001,-0.098,-0.128,0.03,-0.098,-0.128,0.03,-0.937,-0.235,-1.066,-0.814,-1.879,186,93,93
201150,Spencer Hawes,2024,-1.963,-0.35,-1.613,-0.052,-0.055,0.003,-0.289,0.147,-0.436,-1.272,0.163,-1.435,-0.228,-0.42,0.197,-0.168,-0.773,-0.773,-2.359,-3.132,0.0,-0.168,-0.192,0.024,-0.168,-0.192,0.024,0.965,-0.018,1.959,0.278,1.681,0.429,0.159,0.27,0.05,0.02,0.03,1.202,-0.067,1.269,-0.195,-0.114,-0.086,-0.503,-0.011,-0.011,1.261,1.25,-0.0,-0.503,-0.313,-0.19,-0.503,-0.313,-0.19,0.487,0.467,-0.004,-0.072,0.068,0.377,0.104,0.273,-0.239,0.167,-0.406,-0.07,0.096,-0.166,-0.423,-0.534,0.111,-0.671,-0.784,-0.784,-1.882,0.001,-0.671,-0.505,-0.166,-0.671,-0.505,-0.166,1.452,0.449,-3.132,1.25,-1.881,13401,6710,6691
1630590,Scotty Pippen Jr.,2024,-0.474,0.067,-0.541,-0.5,0.01,-0.51,-0.196,0.249,-0.445,0.155,-0.02,0.175,-0.274,-0.136,-0.138,-0.259,-0.903,-0.903,-1.007,-1.91,0.0,-0.259,-0.005,-0.254,-0.259,-0.005,-0.254,-1.176,-0.1,-0.851,-0.124,-0.727,0.348,0.059,0.289,-0.542,-0.086,-0.456,-0.533,0.008,-0.541,-0.01,0.085,-0.095,0.683,0.199,0.199,-0.178,0.021,-0.0,0.683,0.225,0.458,0.683,0.225,0.458,-0.44,0.268,-1.324,-0.057,-1.267,-0.151,0.069,-0.22,-0.738,0.163,-0.901,-0.378,-0.012,-0.366,-0.283,-0.051,-0.234,0.424,-0.704,-0.704,-1.889,0.0,0.424,0.22,0.204,0.424,0.22,0.204,-1.616,0.168,-1.91,0.021,-1.889,2294,1149,1145
204098,Xavier Munford,2024,-0.434,0.113,-0.547,-0.168,0.038,-0.206,-0.224,0.019,-0.243,-0.155,-0.116,-0.039,-0.091,0.194,-0.283,-0.284,0.103,0.103,-0.809,-0.706,0.0,-0.284,-0.293,0.009,-0.284,-0.293,0.009,-1.248,0.115,-1.056,-0.065,-0.991,-0.124,0.092,-0.216,-0.398,-0.175,-0.223,-0.469,0.008,-0.477,-0.361,-0.245,-0.118,0.411,-0.178,-0.178,-1.006,-1.184,0.0,0.411,-0.004,0.415,0.411,-0.004,0.415,-0.383,0.061,-1.488,0.048,-1.536,-0.292,0.13,-0.422,-0.621,-0.155,-0.466,-0.623,-0.107,-0.516,-0.452,-0.051,-0.402,0.127,-0.075,-0.075,-1.89,0.0,0.127,-0.296,0.423,0.127,-0.296,0.423,-1.632,0.175,-0.706,-1.184,-1.89,1353,679,674
1630602,Chaundee Brown Jr.,2024,-1.242,0.173,-1.415,-0.606,-0.156,-0.45,-0.311,0.09,-0.401,-0.498,-0.043,-0.455,-0.033,-0.12,0.095,0.046,-0.037,-0.037,-1.229,-1.266,-0.0,0.046,0.051,-0.005,0.046,0.051,-0.005,-0.792,-0.43,-0.522,-0.147,-0.375,0.021,0.038,-0.017,-0.355,-0.108,-0.247,-0.041,0.02,-0.061,-0.1,-0.091,-0.012,-0.149,0.137,0.137,-0.771,-0.634,0.0,-0.149,-0.086,-0.063,-0.149,-0.086,-0.063,-0.307,-0.149,-1.763,0.026,-1.789,-0.585,-0.118,-0.467,-0.666,-0.018,-0.648,-0.538,-0.022,-0.516,-0.133,-0.211,0.084,-0.103,0.1,0.1,-1.9,0.0,-0.103,-0.035,-0.068,-0.103,-0.035,-0.068,-1.099,-0.579,-1.266,-0.634,-1.9,428,210,218
203108,Bernard James,2024,-0.948,0.251,-1.199,-0.742,-0.095,-0.647,0.105,0.008,0.097,-0.562,-0.041,-0.521,-0.276,-0.34,0.069,-0.432,0.079,0.079,-1.656,-1.577,0.0,-0.432,-0.175,-0.257,-0.432,-0.175,-0.257,-1.12,-0.309,-0.372,-0.03,-0.342,0.032,0.102,-0.07,-0.105,-0.118,0.013,-0.269,0.003,-0.272,-0.095,-0.173,0.074,-0.021,0.161,0.161,-0.488,-0.327,-0.0,-0.021,-0.006,-0.015,-0.021,-0.006,-0.015,-0.177,0.023,-1.317,0.221,-1.538,-0.708,0.008,-0.716,0.0,-0.11,0.11,-0.83,-0.038,-0.792,-0.371,-0.513,0.143,-0.453,0.24,0.24,-1.904,0.0,-0.453,-0.181,-0.272,-0.453,-0.181,-0.272,-1.297,-0.285,-1.577,-0.327,-1.904,424,210,214
201575,Brandon Rush,2024,0.756,-0.332,1.088,0.316,0.062,0.254,0.423,0.086,0.337,0.349,0.022,0.327,0.067,0.095,-0.022,0.356,-1.434,-1.434,1.179,-0.255,0.0,0.356,0.05,0.306,0.356,0.05,0.306,0.007,0.007,-0.442,0.086,-0.528,-0.659,-0.196,-0.463,-0.358,-0.155,-0.203,0.489,-0.003,0.492,-0.175,0.107,-0.289,-0.739,-0.296,-0.296,-1.356,-1.652,0.0,-0.739,-0.316,-0.423,-0.739,-0.316,-0.423,-1.324,-0.77,0.316,-0.246,0.562,-0.342,-0.134,-0.208,0.065,-0.069,0.134,0.839,0.02,0.819,-0.108,0.202,-0.311,-0.383,-1.73,-1.73,-1.907,0.0,-0.383,-0.265,-0.118,-0.383,-0.265,-0.118,-1.317,-0.763,-0.255,-1.652,-1.907,9864,4934,4930
1626162,Kelly Oubre Jr.,2024,-2.211,0.102,-2.313,-0.696,0.093,-0.789,-0.05,0.199,-0.249,-1.567,-0.03,-1.537,0.419,0.419,-0.0,0.564,0.323,0.323,-1.228,-0.905,-0.0,0.564,0.514,0.05,0.564,0.514,0.05,-2.449,-0.095,-0.089,-0.041,-0.048,0.098,-0.161,0.259,-0.253,-0.284,0.031,0.107,0.036,0.071,-0.649,-0.656,0.01,0.491,-0.763,-0.763,-0.247,-1.01,0.0,0.491,-0.273,0.764,0.491,-0.273,0.764,0.706,-0.362,-2.299,0.061,-2.36,-0.597,-0.067,-0.53,-0.303,-0.085,-0.218,-1.46,0.006,-1.466,-0.23,-0.238,0.01,1.055,-0.44,-0.44,-1.915,-0.0,1.055,0.241,0.814,1.055,0.241,0.814,-1.744,-0.457,-0.905,-1.01,-1.915,68270,34065,34205
202379,Jeremy Evans,2024,-1.682,-0.101,-1.581,0.107,-0.16,0.267,-0.388,-0.157,-0.231,-1.3,-0.018,-1.282,0.326,0.195,0.143,-0.236,-0.349,-0.349,-1.592,-1.941,-0.0,-0.236,0.05,-0.286,-0.236,0.05,-0.286,-2.5,0.025,0.702,0.147,0.555,-0.253,0.006,-0.259,0.913,-0.006,0.919,-0.105,-0.024,-0.081,0.109,0.225,-0.119,-0.559,-0.228,-0.228,0.252,0.024,0.0,-0.559,-0.352,-0.207,-0.559,-0.352,-0.207,0.092,-0.102,-0.979,0.046,-1.025,-0.145,-0.154,0.009,0.525,-0.163,0.688,-1.405,-0.042,-1.363,0.435,0.42,0.024,-0.795,-0.577,-0.577,-1.917,0.001,-0.795,-0.302,-0.493,-0.795,-0.302,-0.493,-2.407,-0.077,-1.941,0.024,-1.916,3189,1583,1606
203805,Will Cherry,2024,-1.224,0.172,-1.396,-0.397,-0.128,-0.269,-0.096,-0.002,-0.094,-0.903,-0.064,-0.839,-0.054,0.11,-0.158,-0.022,-0.075,-0.075,-1.3,-1.375,0.0,-0.022,0.139,-0.161,-0.022,0.139,-0.161,-1.353,-0.126,-0.061,0.001,-0.062,0.082,0.067,0.015,0.104,-0.119,0.223,-0.248,0.013,-0.261,-0.181,-0.195,0.01,-0.082,-0.218,-0.218,-0.324,-0.542,0.0,-0.082,-0.034,-0.048,-0.082,-0.034,-0.048,-0.63,-0.067,-1.289,0.173,-1.462,-0.315,-0.061,-0.254,0.006,-0.122,0.128,-1.153,-0.052,-1.101,-0.235,-0.085,-0.149,-0.105,-0.293,-0.293,-1.917,0.0,-0.105,0.105,-0.21,-0.105,0.105,-0.21,-1.984,-0.193,-1.375,-0.542,-1.917,398,201,197
203495,Ricky Ledo,2024,-1.042,0.081,-1.123,-0.764,-0.216,-0.548,0.129,0.104,0.025,-0.488,0.004,-0.492,0.085,0.203,-0.108,-0.056,0.008,0.008,-1.013,-1.005,0.0,-0.056,-0.187,0.131,-0.056,-0.187,0.131,-1.05,-0.593,-0.57,0.082,-0.652,-0.211,0.013,-0.224,-0.367,-0.106,-0.261,-0.074,0.006,-0.08,-0.287,-0.223,-0.068,-0.111,0.041,0.041,-0.968,-0.927,-0.0,-0.111,-0.113,0.002,-0.111,-0.113,0.002,-0.407,-0.153,-1.612,0.163,-1.775,-0.975,-0.203,-0.772,-0.239,-0.002,-0.237,-0.561,0.011,-0.572,-0.202,-0.02,-0.176,-0.167,0.049,0.049,-1.932,0.0,-0.167,-0.3,0.133,-0.167,-0.3,0.133,-1.457,-0.746,-1.005,-0.927,-1.932,1233,617,616
203960,JaKarr Sampson,2024,-0.63,-0.3,-0.33,0.012,0.255,-0.243,-0.062,-0.113,0.051,-0.28,0.004,-0.284,-0.643,-0.348,-0.29,-1.051,0.134,0.134,-2.324,-2.19,0.0,-1.051,-0.072,-0.979,-1.051,-0.072,-0.979,-1.002,0.016,0.766,0.575,0.191,0.191,-0.007,0.198,0.172,-0.124,0.296,-0.172,-0.053,-0.119,-0.358,-0.277,-0.086,-0.058,-0.103,-0.103,0.35,0.247,-0.0,-0.058,-0.023,-0.035,-0.058,-0.023,-0.035,-0.119,0.063,0.137,0.275,-0.138,0.203,0.248,-0.045,0.11,-0.237,0.347,-0.451,-0.049,-0.402,-1.001,-0.625,-0.376,-1.109,0.031,0.031,-1.943,-0.0,-1.109,-0.095,-1.014,-1.109,-0.095,-1.014,-1.122,0.079,-2.19,0.247,-1.943,15966,7922,8044
1627834,Georgios Papagiannis,2024,1.37,0.235,1.135,-0.434,-0.331,-0.103,0.352,-0.581,0.933,1.217,-0.092,1.309,-0.165,-0.366,0.206,-0.932,-0.709,-0.709,0.273,-0.436,-0.0,-0.932,-0.508,-0.424,-0.932,-0.508,-0.424,-0.607,-0.366,-0.644,0.067,-0.711,-0.95,-0.038,-0.912,0.28,-0.215,0.495,-0.041,-0.003,-0.038,-0.042,0.045,-0.089,-0.413,-0.408,-0.408,-1.099,-1.507,0.0,-0.413,0.013,-0.426,-0.413,0.013,-0.426,-1.706,-0.498,0.727,0.302,0.425,-1.384,-0.369,-1.015,0.632,-0.796,1.428,1.177,-0.094,1.271,-0.207,-0.322,0.118,-1.345,-1.116,-1.116,-1.943,-0.0,-1.345,-0.495,-0.85,-1.345,-0.495,-0.85,-2.313,-0.864,-0.436,-1.507,-1.943,1987,993,994
1630556,Kessler Edwards,2024,-1.438,-0.347,-1.091,-1.833,-0.018,-1.815,1.105,0.123,0.982,-0.363,-0.039,-0.324,-0.341,-0.349,0.009,-0.584,1.689,1.689,-2.363,-0.674,-0.0,-0.584,-0.209,-0.375,-0.584,-0.209,-0.375,0.197,-0.427,-1.639,0.306,-1.945,-0.322,0.064,-0.386,-0.511,-0.208,-0.303,-1.112,0.013,-1.125,-0.057,0.091,-0.148,-0.108,0.532,0.532,-1.804,-1.272,0.0,-0.108,-0.585,0.477,-0.108,-0.585,0.477,-1.223,0.024,-3.076,-0.041,-3.035,-2.155,0.046,-2.201,0.595,-0.084,0.679,-1.475,-0.026,-1.449,-0.398,-0.258,-0.139,-0.692,2.22,2.22,-1.946,0.0,-0.692,-0.794,0.102,-0.692,-0.794,0.102,-1.026,-0.403,-0.674,-1.272,-1.946,6849,3402,3447
1629718,Charlie Brown Jr.,2024,-2.286,0.295,-2.581,-0.871,0.036,-0.907,-0.082,0.062,-0.144,-1.628,-0.028,-1.6,-0.39,-0.394,0.006,0.019,0.765,0.765,-2.657,-1.892,0.0,0.019,0.025,-0.006,0.019,0.025,-0.006,-1.812,-0.199,-0.273,0.043,-0.316,-0.205,0.035,-0.24,0.109,-0.123,0.232,-0.22,0.017,-0.237,-0.175,-0.254,0.076,0.056,0.338,0.338,-0.392,-0.054,-0.0,0.056,0.021,0.035,0.056,0.021,0.035,-0.097,-0.178,-2.56,0.338,-2.898,-1.076,0.071,-1.147,0.026,-0.062,0.088,-1.848,-0.011,-1.837,-0.566,-0.648,0.083,0.075,1.102,1.102,-1.946,0.0,0.075,0.046,0.029,0.075,0.046,0.029,-1.909,-0.376,-1.892,-0.054,-1.946,1691,836,855
1630185,Nico Mannion,2024,0.154,0.204,-0.05,-0.093,-0.141,0.048,-0.449,0.022,-0.471,0.492,-0.005,0.497,-0.391,-0.325,-0.066,-0.324,-0.522,-0.522,-0.561,-1.083,0.0,-0.324,-0.028,-0.296,-0.324,-0.028,-0.296,1.577,-0.1,-0.272,-0.021,-0.251,-0.5,-0.031,-0.469,-0.017,-0.081,0.064,0.266,0.027,0.239,-0.118,-0.132,0.011,0.035,-0.512,-0.512,-0.355,-0.867,0.0,0.035,0.083,-0.048,0.035,0.083,-0.048,0.09,-0.352,-0.116,0.183,-0.299,-0.593,-0.172,-0.421,-0.464,-0.058,-0.406,0.758,0.022,0.736,-0.509,-0.457,-0.054,-0.289,-1.034,-1.034,-1.95,0.0,-0.289,0.055,-0.344,-0.289,0.055,-0.344,1.667,-0.452,-1.083,-0.867,-1.95,1535,764,771
1629684,Grant Williams,2024,-0.472,0.114,-0.586,-0.188,-0.148,-0.04,0.024,0.289,-0.265,-0.422,-0.006,-0.416,0.157,-0.102,0.257,-0.079,-0.744,-0.744,-0.394,-1.138,0.0,-0.079,0.417,-0.496,-0.079,0.417,-0.496,-0.627,-0.449,-0.927,-0.045,-0.882,-0.599,-0.016,-0.583,0.138,-0.018,0.156,-0.421,0.016,-0.437,-0.318,-0.403,0.088,0.072,0.358,0.358,-1.173,-0.815,0.0,0.072,-0.156,0.228,0.072,-0.156,0.228,0.64,-0.033,-1.397,0.069,-1.466,-0.785,-0.163,-0.622,0.162,0.27,-0.108,-0.843,0.01,-0.853,-0.162,-0.505,0.345,-0.007,-0.386,-0.386,-1.953,-0.0,-0.007,0.261,-0.268,-0.007,0.261,-0.268,0.013,-0.482,-1.138,-0.815,-1.953,37890,18894,18996
203148,Brian Roberts,2024,-2.689,-0.662,-2.027,-0.822,-0.401,-0.421,-0.086,-0.209,0.123,-1.119,0.057,-1.176,0.29,0.177,0.119,0.323,-0.847,-0.847,-2.076,-2.923,0.0,0.323,0.139,0.184,0.323,0.139,0.184,-1.545,-0.9,1.896,0.509,1.387,0.098,0.007,0.091,1.355,0.052,1.303,-0.066,-0.025,-0.041,-0.23,-0.069,-0.168,-0.245,-0.452,-0.452,1.421,0.969,0.0,-0.245,-0.097,-0.148,-0.245,-0.097,-0.148,0.656,0.279,-0.795,-0.153,-0.642,-0.725,-0.394,-0.331,1.268,-0.157,1.425,-1.185,0.032,-1.217,0.06,0.108,-0.049,0.077,-1.298,-1.298,-1.954,0.0,0.077,0.042,0.035,0.077,0.042,0.035,-0.889,-0.621,-2.923,0.969,-1.954,9473,4756,4717
1628435,Comanche,2024,-0.662,0.239,-0.901,-0.344,-0.157,-0.187,-0.291,0.064,-0.355,-0.266,-0.046,-0.22,-0.159,-0.064,-0.091,-0.012,-0.002,-0.002,-0.833,-0.835,0.0,-0.012,-0.098,0.086,-0.012,-0.098,0.086,-0.325,-0.069,-0.963,-0.136,-0.827,-0.154,0.048,-0.202,-0.175,-0.11,-0.065,-0.498,0.02,-0.518,-0.08,-0.081,-0.003,-0.14,0.06,0.06,-1.183,-1.123,-0.0,-0.14,-0.073,-0.067,-0.14,-0.073,-0.067,-0.817,-0.163,-1.627,0.103,-1.73,-0.499,-0.109,-0.39,-0.465,-0.045,-0.42,-0.766,-0.027,-0.739,-0.239,-0.145,-0.094,-0.152,0.058,0.058,-1.958,-0.0,-0.152,-0.172,0.02,-0.152,-0.172,0.02,-1.142,-0.232,-0.835,-1.123,-1.958,85,42,43
201971,DeJuan Blair,2024,-1.32,-0.293,-1.027,-0.683,-0.25,-0.433,-0.622,-0.075,-0.547,0.278,-0.029,0.307,-0.183,-0.087,-0.093,0.025,0.007,0.007,-1.478,-1.471,0.0,0.025,0.177,-0.152,0.025,0.177,-0.152,-0.511,-0.35,-0.583,0.069,-0.652,-0.158,0.083,-0.241,-0.532,-0.104,-0.428,0.038,0.014,0.024,-0.192,-0.292,0.095,0.009,0.279,0.279,-0.766,-0.487,-0.0,0.009,0.02,-0.011,0.009,0.02,-0.011,-0.101,-0.051,-1.904,-0.224,-1.68,-0.841,-0.167,-0.674,-1.155,-0.18,-0.975,0.316,-0.015,0.331,-0.375,-0.379,0.002,0.034,0.286,0.286,-1.958,0.0,0.034,0.197,-0.163,0.034,0.197,-0.163,-0.612,-0.401,-1.471,-0.487,-1.958,1653,813,840
202720,Jon Leuer,2024,-1.702,-0.193,-1.509,0.41,-0.234,0.644,-0.335,-0.569,0.234,-1.584,-0.028,-1.556,-0.595,-0.605,0.014,0.108,-0.148,-0.148,-2.189,-2.337,-0.0,0.108,-0.076,0.184,0.108,-0.076,0.184,0.166,0.109,-0.901,0.042,-0.943,-0.713,0.041,-0.754,0.04,-0.003,0.043,-0.27,-0.001,-0.269,-0.171,-0.271,0.097,0.51,0.938,0.938,-0.562,0.376,0.0,0.51,0.492,0.018,0.51,0.492,0.018,-0.104,-0.136,-2.603,-0.151,-2.452,-0.303,-0.192,-0.111,-0.295,-0.572,0.277,-1.854,-0.029,-1.825,-0.766,-0.876,0.111,0.618,0.79,0.79,-1.961,-0.0,0.618,0.416,0.202,0.618,0.416,0.202,0.061,-0.027,-2.337,0.376,-1.961,19210,9592,9618
1628778,Paul Watson,2024,-0.439,0.139,-0.578,-0.496,-0.032,-0.464,-0.521,0.301,-0.822,0.439,0.003,0.436,-0.315,-0.437,0.121,0.093,0.165,0.165,-0.661,-0.496,0.0,0.093,-0.192,0.285,0.093,-0.192,0.285,0.594,-0.318,-0.385,-0.017,-0.368,-0.204,0.003,-0.207,-0.195,-0.153,-0.042,0.031,0.024,0.007,-0.453,-0.367,-0.088,-0.061,-0.567,-0.567,-0.899,-1.466,0.0,-0.061,-0.047,-0.014,-0.061,-0.047,-0.014,-0.366,-0.216,-0.823,0.122,-0.945,-0.699,-0.029,-0.67,-0.716,0.148,-0.864,0.47,0.027,0.443,-0.768,-0.804,0.034,0.032,-0.401,-0.401,-1.962,0.0,0.032,-0.239,0.271,0.032,-0.239,0.271,0.228,-0.534,-0.496,-1.466,-1.962,2298,1152,1146
1628513,Naz Mitrou-Long,2024,-1.161,-0.055,-1.106,-0.405,-0.103,-0.302,0.061,0.128,-0.067,-0.762,-0.048,-0.714,-0.11,-0.101,-0.003,0.095,-0.179,-0.179,-1.176,-1.355,0.0,0.095,0.12,-0.025,0.095,0.12,-0.025,-1.097,-0.232,-0.45,-0.138,-0.312,0.024,0.037,-0.013,-0.225,-0.094,-0.131,-0.111,0.022,-0.133,-0.07,-0.137,0.063,-0.208,0.106,0.106,-0.728,-0.622,0.0,-0.208,-0.131,-0.077,-0.208,-0.131,-0.077,-0.374,0.02,-1.611,-0.193,-1.418,-0.381,-0.067,-0.314,-0.164,0.034,-0.198,-0.873,-0.026,-0.847,-0.181,-0.238,0.06,-0.113,-0.072,-0.072,-1.977,0.0,-0.113,-0.012,-0.101,-0.113,-0.012,-0.101,-1.471,-0.212,-1.355,-0.622,-1.977,421,211,210
201595,Joey Dorsey,2024,-1.806,-0.232,-1.574,-1.246,0.135,-1.381,-0.175,0.156,-0.331,-0.153,0.169,-0.322,-1.058,-0.327,-0.723,-0.898,2.036,2.036,-3.762,-1.726,0.0,-0.898,-0.315,-0.583,-0.898,-0.315,-0.583,-1.816,-0.41,-0.05,0.305,-0.355,-0.169,-0.022,-0.147,0.461,-0.017,0.478,-0.647,-0.018,-0.629,-0.3,-0.322,0.014,-0.107,0.204,0.204,-0.457,-0.253,0.0,-0.107,-0.183,0.076,-0.107,-0.183,0.076,1.07,0.129,-1.856,0.073,-1.929,-1.415,0.113,-1.528,0.286,0.139,0.147,-0.8,0.151,-0.951,-1.358,-0.649,-0.709,-1.006,2.24,2.24,-1.979,0.0,-1.006,-0.497,-0.509,-1.006,-0.497,-0.509,-0.746,-0.281,-1.726,-0.253,-1.979,4445,2220,2225
200751,Randy Foye,2024,-1.023,-0.374,-0.649,-0.23,-0.091,-0.139,-0.164,0.434,-0.598,-0.255,0.192,-0.447,0.154,-0.116,0.276,-0.205,-0.564,-0.564,-1.074,-1.638,0.0,-0.205,-0.53,0.325,-0.205,-0.53,0.325,-1.653,-0.938,-0.598,0.228,-0.826,-0.191,-0.069,-0.122,0.276,-0.125,0.401,-0.911,-0.012,-0.899,-0.373,-0.465,0.086,0.447,0.18,0.18,-0.524,-0.344,0.0,0.447,0.406,0.041,0.447,0.406,0.041,-0.034,-0.136,-1.622,-0.146,-1.476,-0.422,-0.16,-0.262,0.112,0.309,-0.197,-1.166,0.18,-1.346,-0.218,-0.581,0.363,0.243,-0.384,-0.384,-1.982,0.001,0.243,-0.124,0.367,0.243,-0.124,0.367,-1.687,-1.074,-1.638,-0.344,-1.981,17529,8736,8793
1627868,Patricio Garino,2024,-0.823,0.233,-1.056,-0.322,-0.233,-0.089,-0.2,0.05,-0.25,-0.534,-0.036,-0.498,-0.23,-0.19,-0.037,-0.122,-0.043,-0.043,-1.175,-1.218,-0.0,-0.122,-0.215,0.093,-0.122,-0.215,0.093,-0.335,-0.289,-0.482,-0.118,-0.364,-0.089,0.091,-0.18,-0.29,-0.105,-0.185,0.015,0.006,0.009,-0.105,-0.079,-0.029,-0.16,-0.022,-0.022,-0.747,-0.769,0.0,-0.16,-0.05,-0.11,-0.16,-0.05,-0.11,-0.492,-0.0,-1.305,0.115,-1.42,-0.411,-0.142,-0.269,-0.49,-0.055,-0.435,-0.519,-0.03,-0.489,-0.335,-0.269,-0.065,-0.281,-0.065,-0.065,-1.987,-0.0,-0.281,-0.265,-0.016,-0.281,-0.265,-0.016,-0.827,-0.289,-1.218,-0.769,-1.987,171,87,84
1641713,GG Jackson,2024,-0.785,0.167,-0.952,0.18,0.011,0.169,-0.721,0.248,-0.969,-0.411,-0.002,-0.409,0.214,0.253,-0.039,-0.986,-0.474,-0.474,-1.557,-2.031,-0.0,-0.986,-0.65,-0.336,-0.986,-0.65,-0.336,-0.929,-0.001,-0.401,-0.12,-0.281,-0.434,0.001,-0.435,-0.037,-0.139,0.102,0.19,0.001,0.189,0.261,0.121,0.141,0.455,-0.271,-0.271,0.315,0.044,0.0,0.455,0.454,0.001,0.455,0.454,0.001,-0.227,-0.275,-1.188,0.047,-1.235,-0.256,0.011,-0.267,-0.758,0.109,-0.867,-0.221,-0.001,-0.22,0.475,0.374,0.102,-0.531,-0.746,-0.746,-1.987,-0.0,-0.531,-0.196,-0.335,-0.531,-0.196,-0.335,-1.155,-0.277,-2.031,0.044,-1.987,5021,2513,2508
202328,Greg Monroe,2024,-0.767,-0.087,-0.68,0.006,0.535,-0.529,-0.606,-0.334,-0.272,-0.08,-0.119,0.039,-0.156,-0.157,0.008,-0.225,0.575,0.575,-1.148,-0.573,0.0,-0.225,-0.277,0.052,-0.225,-0.277,0.052,-0.482,1.153,-1.722,0.077,-1.799,-1.597,-0.282,-1.315,0.102,-0.208,0.31,-0.304,-0.044,-0.26,0.013,0.034,-0.025,0.605,-0.311,-0.311,-1.104,-1.415,0.0,0.605,0.391,0.214,0.605,0.391,0.214,-3.288,-1.094,-2.489,-0.01,-2.479,-1.591,0.253,-1.844,-0.504,-0.542,0.038,-0.384,-0.163,-0.221,-0.143,-0.123,-0.017,0.38,0.264,0.264,-1.988,0.0,0.38,0.115,0.265,0.38,0.115,0.265,-3.77,0.059,-0.573,-1.415,-1.988,31909,15936,15973
1626242,Luis Montero,2024,-0.832,0.133,-0.965,-0.618,-0.14,-0.478,-0.035,0.124,-0.159,-0.312,-0.033,-0.279,-0.228,-0.194,-0.031,-0.437,-0.061,-0.061,-1.497,-1.558,0.0,-0.437,-0.087,-0.35,-0.437,-0.087,-0.35,-1.023,-0.188,-0.302,0.022,-0.324,-0.025,0.097,-0.122,-0.061,-0.056,-0.005,-0.238,0.015,-0.253,0.023,0.03,-0.01,-0.25,0.097,0.097,-0.529,-0.432,-0.0,-0.25,-0.142,-0.108,-0.25,-0.142,-0.108,-0.74,-0.009,-1.133,0.155,-1.288,-0.643,-0.043,-0.6,-0.096,0.068,-0.164,-0.549,-0.017,-0.532,-0.205,-0.164,-0.041,-0.687,0.037,0.037,-1.99,0.001,-0.687,-0.229,-0.458,-0.687,-0.229,-0.458,-1.764,-0.197,-1.558,-0.432,-1.989,275,136,139
203924,Jerami Grant,2024,-0.985,-0.001,-0.984,0.093,0.096,-0.003,-1.192,0.186,-1.378,0.115,0.026,0.089,0.196,0.587,-0.395,-0.339,-0.856,-0.856,-1.128,-1.984,0.0,-0.339,-0.01,-0.329,-0.339,-0.01,-0.329,-1.131,-0.027,0.536,0.052,0.484,0.07,-0.168,0.238,0.286,-0.043,0.329,0.128,0.017,0.111,-0.174,-0.31,0.137,-0.024,-0.345,-0.345,0.338,-0.007,-0.0,-0.024,-0.261,0.237,-0.024,-0.261,0.237,0.562,-0.353,-0.449,0.051,-0.5,0.163,-0.072,0.235,-0.906,0.143,-1.049,0.243,0.043,0.2,0.022,0.277,-0.257,-0.363,-1.201,-1.201,-1.991,0.001,-0.363,-0.271,-0.092,-0.363,-0.271,-0.092,-0.569,-0.38,-1.984,-0.007,-1.99,79117,39543,39574
1641754,Lundy,2024,-0.513,0.2,-0.713,-0.194,-0.183,-0.011,0.328,0.154,0.174,-0.847,-0.043,-0.804,-0.12,-0.002,-0.114,-0.128,-0.45,-0.45,-0.761,-1.211,0.0,-0.128,-0.066,-0.062,-0.128,-0.066,-0.062,-0.205,-0.071,-0.633,-0.082,-0.551,-0.167,0.041,-0.208,-0.326,-0.109,-0.217,-0.058,0.019,-0.077,-0.107,-0.04,-0.069,-0.032,-0.01,-0.01,-0.772,-0.782,0.0,-0.032,-0.071,0.039,-0.032,-0.071,0.039,-0.775,-0.111,-1.147,0.118,-1.265,-0.361,-0.142,-0.219,0.002,0.045,-0.043,-0.906,-0.024,-0.882,-0.226,-0.043,-0.183,-0.16,-0.459,-0.459,-1.993,0.0,-0.16,-0.138,-0.022,-0.16,-0.138,-0.022,-0.98,-0.182,-1.211,-0.782,-1.993,214,108,106
1627752,Taurean Prince,2024,0.172,0.143,0.029,-0.349,0.182,-0.531,-0.019,0.324,-0.343,0.397,-0.003,0.4,0.048,-0.038,0.083,-0.239,-0.686,-0.686,-0.019,-0.705,0.0,-0.239,-0.042,-0.197,-0.239,-0.042,-0.197,-0.022,0.224,-1.027,-0.027,-1.0,-0.133,0.096,-0.229,-0.438,-0.083,-0.355,-0.429,-0.02,-0.409,-0.074,-0.041,-0.034,0.039,-0.228,-0.228,-1.062,-1.29,0.0,0.039,0.07,-0.031,0.039,0.07,-0.031,-2.01,0.067,-0.856,0.116,-0.972,-0.482,0.278,-0.76,-0.458,0.241,-0.699,-0.032,-0.023,-0.009,-0.026,-0.078,0.049,-0.199,-0.913,-0.913,-1.995,-0.001,-0.199,0.028,-0.227,-0.199,0.028,-0.227,-2.032,0.291,-0.705,-1.29,-1.996,52383,26140,26243
1629045,Bonzie Colson,2024,-0.611,0.288,-0.899,-0.401,-0.123,-0.278,-0.213,0.188,-0.401,-0.285,-0.03,-0.255,-0.089,-0.061,-0.022,0.114,0.113,0.113,-0.586,-0.473,0.0,0.114,0.056,0.058,0.114,0.056,0.058,-0.412,-0.186,-1.46,-0.078,-1.382,-0.519,0.058,-0.577,-0.117,-0.21,0.093,-0.746,0.004,-0.75,0.016,0.006,0.006,-0.232,0.151,0.151,-1.676,-1.525,0.0,-0.232,-0.05,-0.182,-0.232,-0.05,-0.182,-1.93,-0.247,-2.074,0.21,-2.284,-0.921,-0.065,-0.856,-0.331,-0.023,-0.308,-1.032,-0.026,-1.006,-0.074,-0.055,-0.016,-0.118,0.264,0.264,-1.998,-0.001,-0.118,0.005,-0.123,-0.118,0.005,-0.123,-2.341,-0.434,-0.473,-1.525,-1.999,560,281,279
1630249,Vít Krejčí,2024,-0.275,-0.13,-0.145,0.051,-0.029,0.08,0.077,0.308,-0.231,-0.273,0.001,-0.274,-0.54,-0.466,-0.073,-0.072,1.341,1.341,-0.887,0.454,0.0,-0.072,-0.467,0.395,-0.072,-0.467,0.395,2.326,0.473,-1.743,0.106,-1.849,-0.621,-0.041,-0.58,-0.588,-0.118,-0.47,-0.64,0.015,-0.655,-0.605,-0.412,-0.194,-0.086,-0.02,-0.02,-2.434,-2.454,-0.0,-0.086,-0.011,-0.075,-0.086,-0.011,-0.075,-0.908,-0.351,-2.02,-0.024,-1.996,-0.569,-0.07,-0.499,-0.512,0.189,-0.701,-0.915,0.015,-0.93,-1.144,-0.878,-0.267,-0.158,1.321,1.321,-2.0,-0.0,-0.158,-0.478,0.32,-0.158,-0.478,0.32,1.418,0.122,0.454,-2.454,-2.0,5709,2856,2853
1627854,Bryn Forbes,2024,0.028,0.026,0.002,-0.586,-0.363,-0.223,-0.386,-0.615,0.229,0.974,-0.0,0.974,-0.357,-0.422,0.062,0.069,-0.306,-0.306,-0.26,-0.566,0.0,0.069,0.197,-0.128,0.069,0.197,-0.128,1.363,-1.137,-0.812,0.095,-0.907,0.543,0.096,0.447,-0.741,0.161,-0.902,-0.709,0.028,-0.737,-0.003,-0.092,0.091,-0.154,-0.466,-0.466,-0.969,-1.435,0.0,-0.154,-0.078,-0.076,-0.154,-0.078,-0.076,-0.901,0.067,-0.783,0.121,-0.904,-0.042,-0.266,0.224,-1.127,-0.454,-0.673,0.265,0.028,0.237,-0.359,-0.513,0.152,-0.084,-0.773,-0.773,-2.001,0.0,-0.084,0.119,-0.203,-0.084,0.119,-0.203,0.462,-1.07,-0.566,-1.435,-2.001,37383,18713,18670
1627817,Tim Quarterman,2024,-1.114,0.072,-1.186,-0.61,-0.14,-0.47,0.196,0.139,0.057,-0.772,-0.039,-0.733,-0.231,-0.185,-0.044,-0.228,-0.308,-0.308,-1.573,-1.881,0.0,-0.228,-0.375,0.147,-0.228,-0.375,0.147,-0.792,-0.241,-0.046,-0.053,0.007,0.051,0.069,-0.018,-0.114,-0.076,-0.038,0.07,0.025,0.045,-0.033,-0.066,0.029,-0.125,0.074,0.074,-0.204,-0.13,0.0,-0.125,-0.001,-0.124,-0.125,-0.001,-0.124,0.109,-0.037,-1.159,0.019,-1.178,-0.558,-0.07,-0.488,0.082,0.063,0.019,-0.702,-0.014,-0.688,-0.264,-0.251,-0.015,-0.353,-0.233,-0.233,-2.011,0.0,-0.353,-0.376,0.023,-0.353,-0.376,0.023,-0.683,-0.278,-1.881,-0.13,-2.011,329,165,164
1629642,Nassir Little,2024,-0.323,0.085,-0.408,-0.404,-0.229,-0.175,-0.011,0.014,-0.025,0.007,-0.011,0.018,-0.089,0.002,-0.092,0.038,0.421,0.421,-0.374,0.047,0.0,0.038,0.281,-0.243,0.038,0.281,-0.243,-1.702,-0.678,-1.098,-0.009,-1.089,0.223,-0.081,0.304,-0.337,-0.306,-0.031,-0.975,0.015,-0.99,-0.144,-0.317,0.175,-0.731,-0.095,-0.095,-1.973,-2.068,0.0,-0.731,-0.352,-0.379,-0.731,-0.352,-0.379,-1.672,-0.191,-1.422,0.076,-1.498,-0.182,-0.31,0.128,-0.348,-0.292,-0.056,-0.968,0.004,-0.972,-0.233,-0.315,0.083,-0.692,0.326,0.326,-2.021,-0.001,-0.692,-0.072,-0.62,-0.692,-0.072,-0.62,-3.374,-0.869,0.047,-2.068,-2.022,15295,7619,7676
2731,Emeka Okafor,2024,-1.951,0.168,-2.119,-0.162,0.026,-0.188,-0.535,-0.191,-0.344,-1.422,-0.098,-1.324,-0.677,-0.702,0.02,0.068,0.36,0.36,-2.56,-2.2,0.0,0.068,0.138,-0.07,0.068,0.138,-0.07,-0.897,0.21,0.474,-0.124,0.598,0.827,-0.077,0.904,-0.096,-0.053,-0.043,-0.133,0.033,-0.166,0.203,0.225,-0.024,-0.188,-0.314,-0.314,0.489,0.175,-0.0,-0.188,0.121,-0.309,-0.188,0.121,-0.309,-0.207,-0.004,-1.475,0.044,-1.519,0.665,-0.051,0.716,-0.63,-0.244,-0.386,-1.554,-0.064,-1.49,-0.475,-0.477,-0.004,-0.12,0.047,0.047,-2.025,0.001,-0.12,0.259,-0.379,-0.12,0.259,-0.379,-1.104,0.206,-2.2,0.175,-2.024,1575,789,786
1629741,Marko Guduric,2024,-0.284,-0.051,-0.233,0.409,-0.092,0.501,-0.761,0.039,-0.8,0.119,-0.041,0.16,-0.213,-0.155,-0.057,-0.521,-0.292,-0.292,-1.018,-1.31,0.0,-0.521,-0.255,-0.266,-0.521,-0.255,-0.266,0.401,0.309,-0.519,0.076,-0.595,-0.007,0.072,-0.079,0.123,-0.113,0.236,-0.711,0.012,-0.723,-0.08,-0.028,-0.054,0.136,-0.252,-0.252,-0.463,-0.715,0.0,0.136,-0.086,0.222,0.136,-0.086,0.222,-0.678,0.055,-0.803,0.025,-0.828,0.402,-0.02,0.422,-0.638,-0.074,-0.564,-0.592,-0.029,-0.563,-0.293,-0.183,-0.111,-0.385,-0.544,-0.544,-2.025,-0.001,-0.385,-0.34,-0.045,-0.385,-0.34,-0.045,-0.277,0.364,-1.31,-0.715,-2.026,2067,1039,1028
2030,Kenyon Martin,2024,-0.957,0.154,-1.111,-0.451,-0.23,-0.221,-0.59,-0.023,-0.567,-0.07,-0.044,-0.026,-0.196,-0.147,-0.045,-0.308,-0.49,-0.49,-1.461,-1.951,0.0,-0.308,-0.082,-0.226,-0.308,-0.082,-0.226,-0.523,-0.213,-0.152,-0.095,-0.057,-0.023,0.051,-0.074,-0.136,-0.133,-0.003,0.102,0.005,0.097,-0.142,-0.109,-0.036,0.111,0.107,0.107,-0.183,-0.076,0.0,0.111,0.169,-0.058,0.111,0.169,-0.058,-0.039,-0.042,-1.113,0.059,-1.172,-0.476,-0.18,-0.296,-0.727,-0.156,-0.571,0.031,-0.039,0.07,-0.337,-0.256,-0.08,-0.197,-0.383,-0.383,-2.027,0.0,-0.197,0.087,-0.284,-0.197,0.087,-0.284,-0.562,-0.256,-1.951,-0.076,-2.027,445,224,221
1626150,Andrew Harrison,2024,-1.143,-0.221,-0.922,-1.296,-0.265,-1.031,0.384,-0.065,0.449,-0.01,0.021,-0.031,0.181,0.136,0.046,-0.024,0.104,0.104,-0.986,-0.882,0.0,-0.024,0.404,-0.428,-0.024,0.404,-0.428,-0.679,-0.861,0.015,0.161,-0.146,0.272,0.07,0.202,-0.103,-0.224,0.121,-0.315,-0.004,-0.311,-0.741,-0.753,0.012,-0.144,-0.275,-0.275,-0.87,-1.145,0.0,-0.144,-0.159,0.015,-0.144,-0.159,0.015,0.6,0.189,-1.128,-0.06,-1.068,-1.024,-0.195,-0.829,0.281,-0.289,0.57,-0.325,0.017,-0.342,-0.56,-0.617,0.058,-0.168,-0.172,-0.172,-2.027,0.0,-0.168,0.245,-0.413,-0.168,0.245,-0.413,-0.079,-0.672,-0.882,-1.145,-2.027,11522,5739,5783
1627774,Jake Layman,2024,-0.885,-0.121,-0.764,0.707,0.09,0.617,-0.314,0.197,-0.511,-1.157,-0.019,-1.138,-0.357,-0.144,-0.214,-0.76,-0.264,-0.264,-2.002,-2.266,0.0,-0.76,0.045,-0.805,-0.76,0.045,-0.805,-0.521,1.052,0.665,0.168,0.497,0.273,-0.034,0.307,0.444,0.041,0.403,-0.22,0.034,-0.254,0.187,0.128,0.061,-0.278,-0.336,-0.336,0.574,0.238,-0.0,-0.278,-0.004,-0.274,-0.278,-0.004,-0.274,0.692,-0.003,-0.221,0.047,-0.268,0.98,0.056,0.924,0.13,0.238,-0.108,-1.378,0.015,-1.393,-0.17,-0.016,-0.154,-1.039,-0.601,-0.601,-2.028,-0.001,-1.039,0.041,-1.08,-1.039,0.041,-1.08,0.171,1.049,-2.266,0.238,-2.029,12949,6485,6464
1630271,Brodric Thomas,2024,-2.168,0.107,-2.275,-0.543,0.05,-0.593,-0.376,0.276,-0.652,-1.356,-0.037,-1.319,-0.089,0.268,-0.357,-0.282,0.837,0.837,-2.539,-1.702,0.0,-0.282,0.022,-0.304,-0.282,0.022,-0.304,-0.896,0.108,0.3,0.081,0.219,0.127,-0.005,0.132,-0.139,-0.138,-0.001,0.231,0.024,0.207,-0.23,-0.223,-0.01,-0.173,-0.23,-0.23,-0.103,-0.333,0.0,-0.173,0.003,-0.176,-0.173,0.003,-0.176,-0.289,0.017,-1.869,0.188,-2.057,-0.417,0.045,-0.462,-0.515,0.138,-0.653,-1.125,-0.013,-1.112,-0.319,0.046,-0.366,-0.455,0.607,0.607,-2.035,0.0,-0.455,0.025,-0.48,-0.455,0.025,-0.48,-1.185,0.125,-1.702,-0.333,-2.035,1906,949,957
1629875,Xavier Moon,2024,-0.118,0.287,-0.405,0.284,-0.064,0.348,0.397,0.045,0.352,-1.086,-0.034,-1.052,-0.444,-0.301,-0.147,-0.268,-0.694,-0.694,-0.83,-1.524,0.0,-0.268,-0.226,-0.042,-0.268,-0.226,-0.042,-0.653,0.187,0.329,0.094,0.235,-0.273,-0.03,-0.243,0.112,-0.111,0.223,0.396,0.016,0.38,-0.065,0.098,-0.163,-0.138,-0.642,-0.642,0.126,-0.516,0.0,-0.138,-0.028,-0.11,-0.138,-0.028,-0.11,-0.107,-0.344,0.211,0.381,-0.17,0.012,-0.094,0.106,0.508,-0.066,0.574,-0.69,-0.018,-0.672,-0.509,-0.203,-0.31,-0.406,-1.336,-1.336,-2.04,0.001,-0.406,-0.254,-0.152,-0.406,-0.254,-0.152,-0.76,-0.157,-1.524,-0.516,-2.039,1168,585,583
1630558,Davion Mitchell,2024,-1.172,0.372,-1.544,0.139,0.029,0.11,-0.591,0.274,-0.865,-1.092,-0.019,-1.073,0.082,0.328,-0.254,-0.272,-0.499,-0.499,-1.362,-1.861,-0.0,-0.272,-0.215,-0.057,-0.272,-0.215,-0.057,0.432,-0.006,0.068,-0.24,0.308,-0.409,-0.033,-0.376,0.381,-0.065,0.446,0.336,0.008,0.328,-0.287,-0.415,0.132,0.555,-0.515,-0.515,0.336,-0.179,-0.0,0.555,0.122,0.433,0.555,0.122,0.433,-0.29,-0.234,-1.103,0.132,-1.235,-0.27,-0.004,-0.266,-0.209,0.21,-0.419,-0.756,-0.011,-0.745,-0.206,-0.087,-0.121,0.284,-1.014,-1.014,-2.04,-0.0,0.284,-0.093,0.377,0.284,-0.093,0.377,0.142,-0.24,-1.861,-0.179,-2.04,19400,9662,9738
1630186,Jahmi'us Ramsey,2024,-0.815,0.116,-0.931,0.147,-0.061,0.208,-0.495,0.051,-0.546,-0.583,-0.033,-0.55,-0.078,0.199,-0.275,0.418,-0.121,-0.121,-0.475,-0.596,-0.0,0.418,-0.188,0.606,0.418,-0.188,0.606,-1.058,-0.015,-0.888,0.03,-0.918,-0.219,0.023,-0.242,0.114,-0.128,0.242,-0.813,0.016,-0.829,-0.071,-0.191,0.118,-0.309,-0.178,-0.178,-1.268,-1.446,0.0,-0.309,-0.229,-0.08,-0.309,-0.229,-0.08,-0.273,0.038,-1.702,0.146,-1.848,-0.071,-0.037,-0.034,-0.381,-0.077,-0.304,-1.396,-0.017,-1.379,-0.149,0.008,-0.157,0.109,-0.299,-0.299,-2.042,-0.001,0.109,-0.417,0.526,0.109,-0.417,0.526,-1.332,0.024,-0.596,-1.446,-2.043,1467,731,736
203524,Solomon Hill,2024,-0.899,-0.147,-0.752,-0.804,-0.145,-0.659,0.171,-0.087,0.258,-0.119,0.056,-0.175,-0.113,-0.21,0.1,-0.375,-0.604,-0.604,-1.387,-1.991,0.0,-0.375,-0.0,-0.375,-0.375,-0.0,-0.375,-0.734,-0.84,-0.019,0.134,-0.153,-0.204,-0.069,-0.135,-0.267,0.055,-0.322,0.318,-0.014,0.332,0.209,0.106,0.101,-0.114,-0.135,-0.135,0.076,-0.059,0.0,-0.114,-0.197,0.083,-0.114,-0.197,0.083,0.24,-0.105,-0.918,-0.013,-0.905,-1.008,-0.214,-0.794,-0.096,-0.032,-0.064,0.199,0.042,0.157,0.097,-0.103,0.201,-0.489,-0.738,-0.738,-2.05,0.0,-0.489,-0.198,-0.291,-0.489,-0.198,-0.291,-0.494,-0.945,-1.991,-0.059,-2.05,30149,15091,15058
2550,Kirk Hinrich,2024,-2.613,-0.471,-2.142,-1.041,0.029,-1.07,-0.179,0.075,-0.254,-0.922,0.055,-0.977,-0.021,-0.073,0.061,-0.393,0.933,0.933,-3.027,-2.094,0.0,-0.393,-0.147,-0.246,-0.393,-0.147,-0.246,-1.207,-0.145,0.646,0.185,0.461,-0.128,-0.121,-0.007,0.28,0.031,0.249,0.309,-0.014,0.323,-0.179,-0.176,-0.009,0.292,-0.722,-0.722,0.759,0.037,-0.0,0.292,0.126,0.166,0.292,0.126,0.166,1.528,0.098,-1.967,-0.286,-1.681,-1.169,-0.092,-1.077,0.101,0.106,-0.005,-0.613,0.041,-0.654,-0.2,-0.249,0.052,-0.101,0.211,0.211,-2.057,0.0,-0.101,-0.021,-0.08,-0.101,-0.021,-0.08,0.321,-0.047,-2.094,0.037,-2.057,9331,4662,4669
1631250,Pete Nance,2024,-0.859,0.115,-0.974,-0.424,-0.158,-0.266,-0.258,0.054,-0.312,-0.292,-0.046,-0.246,-0.182,-0.126,-0.052,-0.283,-0.248,-0.248,-1.324,-1.572,-0.0,-0.283,-0.107,-0.176,-0.283,-0.107,-0.176,-0.784,-0.252,-0.406,-0.065,-0.341,-0.162,0.059,-0.221,-0.126,-0.101,-0.025,-0.053,0.02,-0.073,-0.07,-0.077,0.004,-0.08,0.072,0.072,-0.556,-0.484,0.0,-0.08,-0.113,0.033,-0.08,-0.113,0.033,-0.306,-0.06,-1.264,0.05,-1.314,-0.585,-0.098,-0.487,-0.384,-0.047,-0.337,-0.345,-0.026,-0.319,-0.253,-0.203,-0.049,-0.363,-0.176,-0.176,-2.056,-0.001,-0.363,-0.22,-0.143,-0.363,-0.22,-0.143,-1.09,-0.313,-1.572,-0.484,-2.057,106,53,53
203505,Vander Blue,2024,-0.727,0.389,-1.116,-0.481,-0.056,-0.425,0.033,0.156,-0.123,-0.668,-0.043,-0.625,-0.288,-0.119,-0.169,-0.455,0.159,0.159,-1.47,-1.311,0.0,-0.455,0.015,-0.47,-0.455,0.015,-0.47,-0.533,-0.191,-0.58,-0.083,-0.497,-0.111,0.015,-0.126,-0.238,-0.097,-0.141,-0.148,0.028,-0.176,-0.175,-0.226,0.047,-0.08,0.089,0.089,-0.835,-0.746,-0.0,-0.08,-0.008,-0.072,-0.08,-0.008,-0.072,-0.336,-0.12,-1.306,0.306,-1.612,-0.591,-0.041,-0.55,-0.205,0.059,-0.264,-0.816,-0.015,-0.801,-0.463,-0.345,-0.123,-0.535,0.248,0.248,-2.057,0.0,-0.535,0.007,-0.542,-0.535,0.007,-0.542,-0.868,-0.311,-1.311,-0.746,-2.057,517,254,263
1641730,Noah Clowney,2024,-1.835,0.196,-2.031,-0.495,-0.102,-0.393,-0.519,0.121,-0.64,-1.017,-0.028,-0.989,-0.038,-0.103,0.067,-0.463,0.434,0.434,-2.336,-1.902,0.0,-0.463,-0.076,-0.387,-0.463,-0.076,-0.387,-2.287,-0.356,0.391,-0.071,0.462,0.216,0.084,0.132,-0.319,-0.04,-0.279,0.565,0.015,0.55,-0.021,-0.073,0.051,0.006,-0.533,-0.533,0.376,-0.157,0.0,0.006,-0.006,0.012,0.006,-0.006,0.012,-0.18,0.065,-1.443,0.125,-1.568,-0.279,-0.018,-0.261,-0.838,0.081,-0.919,-0.451,-0.013,-0.438,-0.059,-0.176,0.117,-0.457,-0.099,-0.099,-2.059,0.0,-0.457,-0.082,-0.375,-0.457,-0.082,-0.375,-2.467,-0.291,-1.902,-0.157,-2.059,1490,745,745
1631214,Alondes Williams,2024,-0.697,0.266,-0.963,-0.25,-0.129,-0.121,-0.019,0.129,-0.148,-0.694,-0.044,-0.65,-0.106,-0.103,0.003,-0.371,-0.314,-0.314,-1.174,-1.488,0.0,-0.371,-0.144,-0.227,-0.371,-0.144,-0.227,-1.025,-0.169,-0.299,-0.077,-0.222,-0.083,0.051,-0.134,-0.194,-0.112,-0.082,0.055,0.02,0.035,-0.103,-0.087,-0.019,-0.123,-0.048,-0.048,-0.525,-0.573,0.0,-0.123,-0.084,-0.039,-0.123,-0.084,-0.039,-0.288,-0.093,-0.997,0.189,-1.186,-0.334,-0.079,-0.255,-0.213,0.017,-0.23,-0.639,-0.024,-0.615,-0.209,-0.19,-0.016,-0.494,-0.362,-0.362,-2.061,0.0,-0.494,-0.229,-0.265,-0.494,-0.229,-0.265,-1.313,-0.262,-1.488,-0.573,-2.061,97,49,48
1627849,Daniel Ochefu,2024,-0.488,0.107,-0.595,-0.271,-0.113,-0.158,-0.117,0.157,-0.274,-0.207,-0.04,-0.167,-0.29,-0.128,-0.164,-0.083,-0.428,-0.428,-0.861,-1.289,0.0,-0.083,0.057,-0.14,-0.083,0.057,-0.14,-0.558,-0.064,-0.522,-0.049,-0.473,-0.028,0.065,-0.093,-0.171,-0.096,-0.075,-0.274,0.023,-0.297,-0.084,-0.133,0.045,-0.111,-0.056,-0.056,-0.717,-0.773,0.0,-0.111,-0.066,-0.045,-0.111,-0.066,-0.045,-0.371,-0.068,-1.011,0.058,-1.069,-0.299,-0.048,-0.251,-0.288,0.061,-0.349,-0.482,-0.017,-0.465,-0.374,-0.26,-0.119,-0.194,-0.484,-0.484,-2.062,0.0,-0.194,-0.009,-0.185,-0.194,-0.009,-0.185,-0.929,-0.132,-1.289,-0.773,-2.062,221,114,107
1629123,Jared Terrell,2024,-0.998,0.18,-1.178,-0.408,-0.207,-0.201,-0.217,0.122,-0.339,-0.553,-0.033,-0.52,-0.14,-0.064,-0.073,0.138,-0.354,-0.354,-1.0,-1.354,-0.0,0.138,-0.041,0.179,0.138,-0.041,0.179,-1.189,-0.317,-0.2,-0.059,-0.141,-0.214,0.058,-0.272,-0.207,-0.099,-0.108,0.28,0.022,0.258,-0.155,-0.106,-0.052,-0.171,-0.184,-0.184,-0.526,-0.71,0.0,-0.171,-0.123,-0.048,-0.171,-0.123,-0.048,-0.27,-0.163,-1.197,0.121,-1.318,-0.622,-0.149,-0.473,-0.423,0.024,-0.447,-0.273,-0.011,-0.262,-0.295,-0.17,-0.125,-0.033,-0.538,-0.538,-2.064,0.001,-0.033,-0.164,0.131,-0.033,-0.164,0.131,-1.459,-0.48,-1.354,-0.71,-2.063,479,240,239
1630582,Pons,2024,-1.505,0.152,-1.657,-0.684,-0.221,-0.463,0.001,0.071,-0.07,-0.974,-0.042,-0.932,-0.095,0.147,-0.24,-0.429,0.445,0.445,-2.029,-1.584,-0.0,-0.429,-0.215,-0.214,-0.429,-0.215,-0.214,-0.951,-0.242,-0.074,-0.084,0.01,-0.075,0.069,-0.144,-0.284,-0.134,-0.15,0.369,0.02,0.349,-0.13,-0.111,-0.022,-0.145,-0.133,-0.133,-0.349,-0.482,0.0,-0.145,-0.037,-0.108,-0.145,-0.037,-0.108,-0.124,-0.126,-1.58,0.068,-1.648,-0.76,-0.152,-0.608,-0.282,-0.063,-0.219,-0.606,-0.022,-0.584,-0.225,0.037,-0.262,-0.573,0.313,0.313,-2.066,0.0,-0.573,-0.252,-0.321,-0.573,-0.252,-0.321,-1.075,-0.368,-1.584,-0.482,-2.066,303,153,150
1629003,Shake Milton,2024,-1.172,-0.147,-1.025,-0.545,-0.026,-0.519,-0.283,-0.129,-0.154,-0.197,-0.019,-0.178,0.163,0.054,0.109,0.631,-0.116,-0.116,-0.378,-0.494,-0.0,0.631,0.615,0.016,0.631,0.615,0.016,-1.406,-0.102,-0.554,0.084,-0.638,-0.535,-0.032,-0.503,-0.264,-0.046,-0.218,0.161,0.04,0.121,-0.581,-0.614,0.035,-0.283,-0.158,-0.158,-1.418,-1.576,-0.0,-0.283,0.074,-0.357,-0.283,0.074,-0.357,-0.032,-0.378,-1.724,-0.063,-1.661,-1.079,-0.058,-1.021,-0.546,-0.175,-0.371,-0.036,0.022,-0.058,-0.418,-0.561,0.144,0.348,-0.274,-0.274,-2.07,0.0,0.348,0.689,-0.341,0.348,0.689,-0.341,-1.438,-0.48,-0.494,-1.576,-2.07,25990,13015,12975
2747,JR Smith,2024,0.153,-0.218,0.371,0.059,-0.336,0.395,-0.062,0.075,-0.137,0.374,0.15,0.224,-0.117,-0.033,-0.081,0.41,-0.242,-0.242,0.446,0.204,0.0,0.41,0.211,0.199,0.41,0.211,0.199,-0.813,-1.168,-1.195,-0.075,-1.12,-0.476,-0.144,-0.332,-0.785,-0.195,-0.59,0.141,-0.038,0.179,-0.36,-0.422,0.059,0.226,-0.947,-0.947,-1.329,-2.276,0.0,0.226,0.156,0.07,0.226,0.156,0.07,-0.592,-0.042,-1.039,-0.293,-0.746,-0.416,-0.479,0.063,-0.846,-0.12,-0.726,0.516,0.112,0.404,-0.476,-0.455,-0.022,0.636,-1.189,-1.189,-2.072,0.0,0.636,0.368,0.268,0.636,0.368,0.268,-1.405,-1.21,0.204,-2.276,-2.072,42357,21187,21170
1629147,Joe Chealey,2024,-1.038,0.323,-1.361,-0.569,-0.148,-0.421,-0.303,0.066,-0.369,-0.489,-0.049,-0.44,-0.14,-0.052,-0.084,-0.177,-0.388,-0.388,-1.355,-1.743,-0.0,-0.177,-0.147,-0.03,-0.177,-0.147,-0.03,-0.849,-0.239,-0.268,-0.123,-0.145,-0.007,0.054,-0.061,-0.114,-0.062,-0.052,-0.024,0.022,-0.046,-0.061,-0.043,-0.021,0.035,-0.036,-0.036,-0.294,-0.33,0.0,0.035,0.023,0.012,0.035,0.023,0.012,-0.248,-0.056,-1.304,0.2,-1.504,-0.575,-0.093,-0.482,-0.416,0.004,-0.42,-0.513,-0.027,-0.486,-0.201,-0.095,-0.105,-0.142,-0.424,-0.424,-2.073,0.0,-0.142,-0.123,-0.019,-0.142,-0.123,-0.019,-1.097,-0.295,-1.743,-0.33,-2.073,166,81,85
1627761,DeAndre' Bembry,2024,-0.531,0.046,-0.577,0.098,0.41,-0.312,0.531,0.612,-0.081,-1.206,-0.006,-1.2,-0.074,0.328,-0.406,-0.944,-0.187,-0.187,-1.549,-1.736,0.0,-0.944,-0.505,-0.439,-0.944,-0.505,-0.439,-0.349,0.927,0.62,-0.007,0.627,0.398,0.034,0.364,-0.621,-0.199,-0.422,0.85,0.002,0.848,-0.409,-0.544,0.138,0.423,-0.972,-0.972,0.634,-0.338,-0.0,0.423,0.271,0.152,0.423,0.271,0.152,0.237,0.024,0.09,0.039,0.051,0.496,0.444,0.052,-0.09,0.413,-0.503,-0.355,-0.003,-0.352,-0.483,-0.216,-0.268,-0.521,-1.16,-1.16,-2.074,0.0,-0.521,-0.234,-0.287,-0.521,-0.234,-0.287,-0.112,0.951,-1.736,-0.338,-2.074,25050,12439,12611
1630206,Jay Scrubb,2024,-0.806,-0.097,-0.709,-0.483,-0.009,-0.474,0.298,0.088,0.21,-0.524,-0.043,-0.481,0.005,-0.049,0.061,-0.254,-0.315,-0.315,-1.055,-1.37,0.0,-0.254,-0.032,-0.222,-0.254,-0.032,-0.222,-1.802,-0.16,-1.013,-0.102,-0.911,-0.295,0.007,-0.302,-0.538,-0.079,-0.459,-0.078,0.019,-0.097,-0.125,-0.084,-0.043,0.27,0.162,0.162,-0.868,-0.706,-0.0,0.27,0.193,0.077,0.27,0.193,0.077,-0.179,-0.132,-1.818,-0.199,-1.619,-0.778,-0.002,-0.776,-0.239,0.009,-0.248,-0.602,-0.024,-0.578,-0.12,-0.133,0.018,0.016,-0.153,-0.153,-2.076,0.0,0.016,0.161,-0.145,0.016,0.161,-0.145,-1.981,-0.291,-1.37,-0.706,-2.076,1051,528,523
203477,Isaiah Canaan,2024,-2.029,-0.145,-1.884,-0.953,-0.166,-0.787,-0.703,0.388,-1.091,-0.228,0.151,-0.379,0.113,0.108,0.009,-0.247,0.352,0.352,-2.163,-1.811,0.0,-0.247,-0.087,-0.16,-0.247,-0.087,-0.16,-1.094,-0.663,0.158,0.092,0.066,-1.292,-0.167,-1.125,0.373,0.022,0.351,0.985,0.034,0.951,0.013,0.038,-0.028,0.017,-0.461,-0.461,0.188,-0.273,0.0,0.017,-0.149,0.166,0.017,-0.149,0.166,0.29,-0.758,-1.87,-0.053,-1.817,-2.244,-0.332,-1.912,-0.33,0.41,-0.74,0.757,0.185,0.572,0.126,0.146,-0.019,-0.23,-0.109,-0.109,-2.084,0.0,-0.23,-0.236,0.006,-0.23,-0.236,0.006,-0.804,-1.42,-1.811,-0.273,-2.084,18119,9057,9062
1626147,Justin Anderson,2024,-1.253,-0.059,-1.194,-0.309,-0.108,-0.201,0.243,0.329,-0.086,-1.128,0.062,-1.19,0.037,0.134,-0.097,0.099,-0.075,-0.075,-1.117,-1.192,0.0,0.099,0.124,-0.025,0.099,0.124,-0.025,-0.587,-0.191,-0.68,0.234,-0.914,-0.221,0.003,-0.224,-0.837,-0.226,-0.611,0.144,-0.018,0.162,-0.37,-0.444,0.072,0.064,0.093,0.093,-0.986,-0.893,0.0,0.064,-0.124,0.188,0.064,-0.124,0.188,0.162,-0.067,-1.931,0.175,-2.106,-0.529,-0.105,-0.424,-0.594,0.103,-0.697,-0.983,0.045,-1.028,-0.333,-0.31,-0.025,0.163,0.019,0.019,-2.085,0.0,0.163,0.001,0.162,0.163,0.001,0.162,-0.425,-0.257,-1.192,-0.893,-2.085,16258,8074,8184
1629673,Jordan Poole,2024,-0.517,0.15,-0.667,0.173,0.134,0.039,-0.035,0.453,-0.488,-0.805,-0.013,-0.792,0.122,-0.142,0.26,-0.024,-1.299,-1.299,-0.419,-1.718,0.0,-0.024,0.21,-0.234,-0.024,0.21,-0.234,-0.339,0.396,0.063,-0.074,0.137,-0.33,-0.059,-0.271,-0.024,-0.107,0.083,0.491,0.021,0.47,-0.196,-0.165,-0.029,-0.07,-0.167,-0.167,-0.203,-0.37,0.0,-0.07,0.046,-0.116,-0.07,0.046,-0.116,0.282,-0.339,-0.454,0.076,-0.53,-0.156,0.075,-0.231,-0.059,0.346,-0.405,-0.315,0.008,-0.323,-0.073,-0.306,0.231,-0.094,-1.465,-1.465,-2.088,0.0,-0.094,0.257,-0.351,-0.094,0.257,-0.351,-0.057,0.057,-1.718,-0.37,-2.088,42679,21362,21317
1627746,Skal Labissiere,2024,-1.09,-0.172,-0.918,-1.011,-0.456,-0.555,-0.064,-1.137,1.073,0.157,-0.132,0.289,-0.366,-0.38,0.015,-0.754,0.446,0.446,-2.21,-1.764,0.0,-0.754,-0.324,-0.43,-0.754,-0.324,-0.43,-2.695,-1.493,0.558,-0.006,0.564,-0.049,0.051,-0.1,-0.129,-0.126,-0.003,0.742,-0.04,0.782,0.206,0.123,0.082,-0.621,-0.47,-0.47,0.143,-0.327,-0.0,-0.621,-0.572,-0.049,-0.621,-0.572,-0.049,-1.095,-0.02,-0.533,-0.178,-0.355,-1.06,-0.405,-0.655,-0.194,-1.264,1.07,0.899,-0.172,1.071,-0.161,-0.257,0.097,-1.375,-0.024,-0.024,-2.091,0.0,-1.375,-0.895,-0.48,-1.375,-0.895,-0.48,-3.79,-1.514,-1.764,-0.327,-2.091,10124,5060,5064
1629244,Cameron Reynolds,2024,-0.202,0.36,-0.562,0.009,-0.245,0.254,-0.369,0.08,-0.449,-0.202,-0.014,-0.188,-0.272,-0.232,-0.04,-0.199,-0.586,-0.586,-0.673,-1.259,0.0,-0.199,0.146,-0.345,-0.199,0.146,-0.345,-0.328,-0.506,-0.223,-0.065,-0.158,0.065,0.045,0.02,-0.266,-0.153,-0.113,0.043,0.023,0.02,-0.097,-0.106,0.007,-0.226,-0.29,-0.29,-0.546,-0.836,0.0,-0.226,-0.145,-0.081,-0.226,-0.145,-0.081,-0.62,-0.13,-0.425,0.295,-0.72,0.074,-0.2,0.274,-0.635,-0.073,-0.562,-0.159,0.009,-0.168,-0.369,-0.338,-0.033,-0.424,-0.875,-0.875,-2.095,-0.0,-0.424,0.001,-0.425,-0.424,0.001,-0.425,-0.948,-0.637,-1.259,-0.836,-2.095,1238,622,616
1629065,Ky Bowman,2024,-1.914,0.059,-1.973,-0.624,-0.046,-0.578,-0.396,-0.313,-0.083,-0.953,-0.036,-0.917,-0.047,-0.342,0.294,-0.251,-0.316,-0.316,-2.212,-2.528,-0.0,-0.251,-0.448,0.197,-0.251,-0.448,0.197,-2.12,-0.314,-0.115,-0.064,-0.051,0.226,-0.032,0.258,-0.411,-0.113,-0.298,0.134,0.01,0.124,0.078,0.075,0.001,0.345,0.122,0.122,0.308,0.43,0.0,0.345,0.095,0.25,0.345,0.095,0.25,-0.923,-0.152,-2.029,-0.005,-2.024,-0.397,-0.077,-0.32,-0.807,-0.426,-0.381,-0.82,-0.027,-0.793,0.031,-0.267,0.296,0.094,-0.194,-0.194,-2.098,0.0,0.094,-0.353,0.447,0.094,-0.353,0.447,-3.043,-0.466,-2.528,0.43,-2.098,4213,2098,2115
203200,Justin Holiday,2024,-0.786,-0.055,-0.731,-0.184,-0.071,-0.113,-0.408,0.045,-0.453,-0.139,0.042,-0.181,-0.092,-0.184,0.087,0.169,-1.287,-1.287,-0.709,-1.996,0.0,0.169,-0.082,0.251,0.169,-0.082,0.251,0.967,-0.134,-0.024,0.085,-0.109,-0.026,-0.038,0.012,0.082,-0.154,0.236,-0.165,-0.033,-0.132,-0.116,-0.18,0.065,0.313,-0.278,-0.278,0.173,-0.105,0.0,0.313,0.541,-0.228,0.313,0.541,-0.228,1.377,0.177,-0.811,0.03,-0.841,-0.21,-0.109,-0.101,-0.327,-0.109,-0.218,-0.304,0.009,-0.313,-0.209,-0.364,0.153,0.482,-1.565,-1.565,-2.101,0.0,0.482,0.459,0.023,0.482,0.459,0.023,2.343,0.042,-1.996,-0.105,-2.101,67841,33877,33964
1630552,Jalen Johnson,2024,-1.742,0.03,-1.772,-0.133,0.208,-0.341,-0.285,0.355,-0.64,-1.354,-0.009,-1.345,0.128,0.081,0.047,-0.525,-0.154,-0.154,-2.139,-2.293,-0.0,-0.525,-0.367,-0.158,-0.525,-0.367,-0.158,0.216,0.876,0.68,0.017,0.663,0.24,-0.043,0.283,0.578,-0.305,0.883,-0.155,0.011,-0.166,0.025,0.167,-0.142,-0.118,-0.397,-0.397,0.587,0.19,-0.0,-0.118,0.003,-0.121,-0.118,0.003,-0.121,-0.734,-0.025,-1.061,0.047,-1.108,0.108,0.165,-0.057,0.293,0.05,0.243,-1.509,0.002,-1.511,0.153,0.248,-0.095,-0.643,-0.551,-0.551,-2.103,-0.0,-0.643,-0.364,-0.279,-0.643,-0.364,-0.279,-0.518,0.851,-2.293,0.19,-2.103,13214,6618,6596
1630678,Terry Taylor,2024,-0.386,0.119,-0.505,0.641,0.123,0.518,0.136,0.027,0.109,-1.282,-0.027,-1.255,-0.322,-0.001,-0.319,-0.4,0.768,0.768,-1.108,-0.34,0.0,-0.4,-0.201,-0.199,-0.4,-0.201,-0.199,-0.029,1.042,-2.085,0.084,-2.169,-0.13,0.1,-0.23,-0.208,-0.23,0.022,-1.831,0.008,-1.839,0.255,-0.028,0.286,0.015,0.048,0.048,-1.815,-1.767,0.0,0.015,0.088,-0.073,0.015,0.088,-0.073,-3.031,-0.283,-2.471,0.203,-2.674,0.511,0.223,0.288,-0.072,-0.203,0.131,-3.113,-0.019,-3.094,-0.067,-0.03,-0.034,-0.385,0.816,0.816,-2.107,0.0,-0.385,-0.114,-0.271,-0.385,-0.114,-0.271,-3.061,0.759,-0.34,-1.767,-2.107,4846,2417,2429
203955,Bryce Cotton,2024,-1.576,-0.019,-1.557,-0.09,-0.264,0.174,-1.237,-0.083,-1.154,-0.23,-0.044,-0.186,-0.008,0.221,-0.223,-0.084,-0.057,-0.057,-1.668,-1.725,0.0,-0.084,-0.297,0.213,-0.084,-0.297,0.213,-1.32,-0.174,-0.701,0.052,-0.753,-0.317,0.037,-0.354,-0.312,-0.109,-0.203,-0.124,0.006,-0.13,-0.05,-0.204,0.149,0.164,0.203,0.203,-0.587,-0.384,-0.0,0.164,0.24,-0.076,0.164,0.24,-0.076,-0.512,-0.134,-2.274,0.033,-2.307,-0.405,-0.226,-0.179,-1.548,-0.192,-1.356,-0.354,-0.039,-0.315,-0.058,0.016,-0.074,0.08,0.146,0.146,-2.109,0.0,0.08,-0.057,0.137,0.08,-0.057,0.137,-1.832,-0.308,-1.725,-0.384,-2.109,929,465,464
1629667,Jalen McDaniels,2024,-1.998,-0.061,-1.937,-0.646,0.132,-0.778,0.019,0.146,-0.127,-1.31,-0.006,-1.304,-0.227,-0.165,-0.065,-0.264,1.281,1.281,-2.489,-1.208,0.0,-0.264,0.216,-0.48,-0.264,0.216,-0.48,-0.272,0.067,-0.097,0.025,-0.122,0.088,0.078,0.01,-0.101,-0.142,0.041,-0.109,-0.002,-0.107,0.053,0.191,-0.137,-0.015,-0.845,-0.845,-0.059,-0.904,0.0,-0.015,0.023,-0.038,-0.015,0.023,-0.038,-1.813,-0.163,-2.096,-0.036,-2.06,-0.558,0.21,-0.768,-0.082,0.004,-0.086,-1.42,-0.009,-1.411,-0.174,0.026,-0.202,-0.279,0.436,0.436,-2.112,0.0,-0.279,0.239,-0.518,-0.279,0.239,-0.518,-2.086,-0.096,-1.208,-0.904,-2.112,18984,9479,9505
1628476,Derrick Walton Jr.,2024,-1.316,0.14,-1.456,-0.127,-0.204,0.077,-0.813,-0.107,-0.706,-0.516,-0.035,-0.481,0.403,0.059,0.356,-0.605,-0.371,-0.371,-1.518,-1.889,0.0,-0.605,-0.29,-0.315,-0.605,-0.29,-0.315,-2.67,-0.734,-0.226,-0.059,-0.167,-0.455,0.05,-0.505,-0.144,-0.09,-0.054,0.432,0.009,0.423,-0.223,-0.132,-0.093,-0.01,0.224,0.224,-0.459,-0.235,0.0,-0.01,0.112,-0.122,-0.01,0.112,-0.122,-0.042,-0.197,-1.54,0.081,-1.621,-0.582,-0.154,-0.428,-0.956,-0.197,-0.759,-0.083,-0.025,-0.058,0.18,-0.073,0.263,-0.616,-0.148,-0.148,-2.124,0.0,-0.616,-0.178,-0.438,-0.616,-0.178,-0.438,-2.712,-0.931,-1.889,-0.235,-2.124,2161,1083,1078
1627821,James Webb III,2024,-1.873,0.185,-2.058,-0.738,-0.104,-0.634,-0.302,0.142,-0.444,-1.018,-0.018,-1.0,-0.34,-0.383,0.045,0.205,0.483,0.483,-2.008,-1.525,0.0,0.205,0.011,0.194,0.205,0.011,0.194,-0.679,-0.282,-0.3,-0.089,-0.211,0.06,0.038,0.022,0.028,-0.1,0.128,-0.299,0.027,-0.326,-0.239,-0.131,-0.111,-0.029,-0.035,-0.035,-0.568,-0.603,0.0,-0.029,0.023,-0.052,-0.029,0.023,-0.052,0.347,0.055,-2.172,0.096,-2.268,-0.678,-0.066,-0.612,-0.274,0.042,-0.316,-1.316,0.01,-1.326,-0.579,-0.514,-0.066,0.176,0.448,0.448,-2.128,-0.001,0.176,0.034,0.142,0.176,0.034,0.142,-0.332,-0.228,-1.525,-0.603,-2.129,642,322,320
203906,Devyn Marble,2024,-1.487,-0.197,-1.29,-0.276,-0.125,-0.151,-0.263,0.046,-0.309,-0.751,0.012,-0.763,-0.21,0.08,-0.287,0.563,-0.736,-0.736,-1.134,-1.87,0.0,0.563,0.194,0.369,0.563,0.194,0.369,-0.955,-0.22,-0.09,0.092,-0.182,-0.424,-0.008,-0.416,-0.413,-0.042,-0.371,0.655,0.049,0.606,-0.258,-0.27,0.007,-0.007,0.095,0.095,-0.355,-0.26,0.0,-0.007,-0.278,0.271,-0.007,-0.278,0.271,-0.275,-0.441,-1.579,-0.105,-1.474,-0.7,-0.133,-0.567,-0.677,0.004,-0.681,-0.097,0.06,-0.157,-0.468,-0.189,-0.28,0.555,-0.641,-0.641,-2.13,0.0,0.555,-0.084,0.639,0.555,-0.084,0.639,-1.23,-0.661,-1.87,-0.26,-2.13,2135,1068,1067
1629610,DaQuan Jeffries,2024,-0.827,-0.222,-0.605,0.594,-0.04,0.634,0.151,0.376,-0.225,-1.35,0.013,-1.363,-0.145,-0.153,0.009,-0.113,-0.578,-0.578,-1.085,-1.663,-0.0,-0.113,0.018,-0.131,-0.113,0.018,-0.131,-0.136,0.422,-0.456,0.253,-0.709,-0.066,0.169,-0.235,0.319,-0.039,0.358,-0.962,0.008,-0.97,-0.144,-0.221,0.077,-0.276,0.408,0.408,-0.876,-0.468,0.0,-0.276,-0.281,0.005,-0.276,-0.281,0.005,0.533,0.24,-1.283,0.031,-1.314,0.528,0.129,0.399,0.47,0.337,0.133,-2.312,0.021,-2.333,-0.289,-0.374,0.086,-0.389,-0.17,-0.17,-2.131,0.0,-0.389,-0.263,-0.126,-0.389,-0.263,-0.126,0.397,0.662,-1.663,-0.468,-2.131,3007,1494,1513
1630172,Patrick Williams,2024,-0.396,-0.019,-0.377,-0.742,-0.035,-0.707,-0.16,-0.169,0.009,0.525,-0.038,0.563,-0.643,-0.534,-0.116,-0.599,-0.111,-0.111,-1.638,-1.749,0.0,-0.599,-0.017,-0.582,-0.599,-0.017,-0.582,-0.036,-0.349,0.089,-0.093,0.182,-0.086,-0.062,-0.024,-0.441,-0.073,-0.368,0.709,0.037,0.672,0.011,0.225,-0.211,-0.664,0.182,0.182,-0.564,-0.382,0.0,-0.664,-0.37,-0.294,-0.664,-0.37,-0.294,-0.738,-0.489,-0.307,-0.112,-0.195,-0.829,-0.097,-0.732,-0.6,-0.241,-0.359,1.234,-0.001,1.235,-0.632,-0.309,-0.327,-1.263,0.071,0.071,-2.131,0.0,-1.263,-0.386,-0.877,-1.263,-0.386,-0.877,-0.774,-0.837,-1.749,-0.382,-2.131,24638,12294,12344
202721,Darius Morris,2024,-1.59,-0.124,-1.466,0.165,-0.15,0.315,-0.529,-0.095,-0.434,-1.102,-0.009,-1.093,-0.439,-0.265,-0.174,-0.23,0.609,0.609,-2.259,-1.65,0.0,-0.23,0.023,-0.253,-0.23,0.023,-0.253,-0.988,-0.218,-0.591,0.085,-0.676,-0.275,-0.018,-0.257,-0.547,-0.118,-0.429,0.146,-0.015,0.161,-0.012,-0.021,0.004,-0.094,0.217,0.217,-0.697,-0.48,0.0,-0.094,0.003,-0.097,-0.094,0.003,-0.097,-0.359,-0.076,-2.182,-0.039,-2.143,-0.111,-0.168,0.057,-1.076,-0.213,-0.863,-0.956,-0.024,-0.932,-0.451,-0.285,-0.17,-0.324,0.826,0.826,-2.13,-0.001,-0.324,0.027,-0.351,-0.324,0.027,-0.351,-1.347,-0.294,-1.65,-0.48,-2.131,1371,676,695
203112,Quincy Acy,2024,-0.313,-0.022,-0.291,-0.727,0.054,-0.781,0.009,0.102,-0.093,0.427,0.119,0.308,-0.402,-0.536,0.139,-0.847,-0.053,-0.053,-1.562,-1.615,0.0,-0.847,-0.182,-0.665,-0.847,-0.182,-0.665,0.323,-0.351,-0.048,0.432,-0.48,0.375,0.141,0.234,0.208,0.058,0.15,-1.063,-0.034,-1.029,-0.34,-0.269,-0.076,-0.076,-0.052,-0.052,-0.464,-0.516,0.0,-0.076,-0.191,0.115,-0.076,-0.191,0.115,0.297,0.577,-0.36,0.41,-0.77,-0.351,0.195,-0.546,0.217,0.16,0.057,-0.636,0.085,-0.721,-0.742,-0.805,0.064,-0.922,-0.105,-0.105,-2.131,-0.001,-0.922,-0.373,-0.549,-0.922,-0.373,-0.549,0.62,0.226,-1.615,-0.516,-2.132,17580,8764,8816
203917,Nik Stauskas,2024,-1.201,-0.188,-1.013,0.32,0.211,0.109,-0.44,0.459,-0.899,-0.893,0.093,-0.986,0.124,-0.002,0.132,-0.47,0.061,0.061,-1.547,-1.486,0.0,-0.47,-0.285,-0.185,-0.47,-0.285,-0.185,-1.391,-0.077,0.307,0.468,-0.161,-0.983,-0.029,-0.954,0.271,0.051,0.22,0.551,0.014,0.537,-0.104,-0.108,0.002,-0.471,-0.379,-0.379,-0.268,-0.647,0.0,-0.471,-0.032,-0.439,-0.471,-0.032,-0.439,0.732,-0.184,-0.891,0.28,-1.171,-0.661,0.183,-0.844,-0.168,0.51,-0.678,-0.342,0.107,-0.449,0.02,-0.11,0.134,-0.941,-0.318,-0.318,-2.133,0.0,-0.941,-0.316,-0.625,-0.941,-0.316,-0.625,-0.66,-0.261,-1.486,-0.647,-2.133,29590,14758,14832
203898,Tyler Ennis,2024,-2.495,-0.389,-2.106,-0.299,0.154,-0.453,-1.138,-0.235,-0.903,-0.669,-0.053,-0.616,-0.667,-0.613,-0.049,0.053,-0.315,-0.315,-3.109,-3.424,0.0,0.053,0.083,-0.03,0.053,0.083,-0.03,-1.057,0.147,0.943,0.289,0.654,-0.392,-0.126,-0.266,0.844,-0.174,1.018,0.202,-0.007,0.209,-0.073,-0.1,0.024,0.587,-0.166,-0.166,1.457,1.291,0.0,0.587,0.212,0.375,0.587,0.212,0.375,-0.334,-0.528,-1.552,-0.1,-1.452,-0.692,0.028,-0.72,-0.293,-0.408,0.115,-0.467,-0.06,-0.407,-0.74,-0.713,-0.025,0.64,-0.481,-0.481,-2.133,0.0,0.64,0.295,0.345,0.64,0.295,0.345,-1.391,-0.381,-3.424,1.291,-2.133,9632,4790,4842
203515,Phil Pressey,2024,-1.313,0.026,-1.339,0.335,0.176,0.159,-1.058,0.257,-1.315,-0.616,0.089,-0.705,-0.426,0.041,-0.459,0.663,-0.216,-0.216,-1.076,-1.292,-0.0,0.663,0.402,0.261,0.663,0.402,0.261,-1.039,-0.187,-0.281,0.298,-0.579,-0.224,-0.154,-0.07,0.283,-0.203,0.486,-0.638,0.004,-0.642,-0.407,-0.516,0.104,0.02,-0.175,-0.175,-0.668,-0.843,0.0,0.02,-0.084,0.104,0.02,-0.084,0.104,-0.96,-0.419,-1.593,0.324,-1.917,0.112,0.023,0.089,-0.775,0.054,-0.829,-1.254,0.093,-1.347,-0.834,-0.475,-0.355,0.684,-0.392,-0.392,-2.135,0.0,0.684,0.317,0.367,0.684,0.317,0.367,-1.999,-0.606,-1.292,-0.843,-2.135,4142,2056,2086
201611,Henry Walker,2024,-1.187,-0.015,-1.172,0.102,-0.008,0.11,-0.091,0.26,-0.351,-1.183,0.114,-1.297,-0.367,-0.245,-0.115,-0.641,-0.24,-0.24,-2.195,-2.435,0.0,-0.641,-0.355,-0.286,-0.641,-0.355,-0.286,-1.862,-0.356,-0.137,0.116,-0.253,-0.442,-0.013,-0.429,-0.163,-0.065,-0.098,0.352,-0.021,0.373,-0.132,-0.111,-0.025,0.176,0.39,0.39,-0.093,0.297,0.0,0.176,0.005,0.171,0.176,0.005,0.171,0.237,-0.345,-1.325,0.101,-1.426,-0.34,-0.021,-0.319,-0.255,0.194,-0.449,-0.831,0.093,-0.924,-0.499,-0.356,-0.141,-0.465,0.149,0.149,-2.138,0.0,-0.465,-0.35,-0.115,-0.465,-0.35,-0.115,-1.625,-0.701,-2.435,0.297,-2.138,2542,1279,1263
1628370,Malik Monk,2024,0.389,0.046,0.343,0.444,0.087,0.357,0.199,0.428,-0.229,-0.3,0.015,-0.315,0.123,0.27,-0.152,-0.069,-0.284,-0.284,0.443,0.159,-0.0,-0.069,-0.331,0.262,-0.069,-0.331,0.262,-0.639,0.376,-1.496,0.051,-1.547,-0.107,-0.08,-0.027,-0.945,-0.143,-0.802,-0.495,0.021,-0.516,-0.465,-0.706,0.246,-0.027,-0.318,-0.318,-1.988,-2.306,0.0,-0.027,-0.295,0.268,-0.027,-0.295,0.268,-0.537,-0.251,-1.108,0.097,-1.205,0.337,0.007,0.33,-0.746,0.285,-1.031,-0.796,0.036,-0.832,-0.341,-0.436,0.093,-0.096,-0.602,-0.602,-2.147,0.0,-0.096,-0.626,0.53,-0.096,-0.626,0.53,-1.176,0.125,0.159,-2.306,-2.147,42747,21413,21334
1630210,Markus Howard,2024,-1.297,-0.485,-0.812,-0.549,-0.314,-0.235,0.343,0.181,0.162,-0.606,-0.019,-0.587,-0.037,-0.262,0.233,0.819,-0.192,-0.192,-0.515,-0.707,-0.0,0.819,0.38,0.439,0.819,0.38,0.439,-0.439,-0.803,-1.711,0.007,-1.718,-0.972,0.049,-1.021,-0.409,-0.143,-0.266,-0.337,0.008,-0.345,-0.209,-0.144,-0.067,-0.004,0.479,0.479,-1.924,-1.445,0.0,-0.004,-0.073,0.069,-0.004,-0.073,0.069,-1.033,-0.378,-3.009,-0.478,-2.531,-1.522,-0.265,-1.257,-0.066,0.038,-0.104,-0.943,-0.011,-0.932,-0.246,-0.406,0.166,0.815,0.287,0.287,-2.152,0.0,0.815,0.307,0.508,0.815,0.307,0.508,-1.472,-1.181,-0.707,-1.445,-2.152,2063,1042,1021
1628402,Frank Jackson,2024,0.078,0.094,-0.016,-0.35,0.154,-0.504,0.478,0.31,0.168,-0.144,-0.014,-0.13,0.172,0.196,-0.026,-0.208,-0.221,-0.221,0.042,-0.179,0.0,-0.208,-0.034,-0.174,-0.208,-0.034,-0.174,0.065,-0.148,-1.014,-0.059,-0.955,-0.666,-0.168,-0.498,0.163,-0.154,0.317,-0.452,0.021,-0.473,-0.392,-0.368,-0.024,-0.108,-0.461,-0.461,-1.514,-1.975,0.0,-0.108,-0.035,-0.073,-0.108,-0.035,-0.073,-0.515,-0.698,-0.935,0.035,-0.97,-1.017,-0.015,-1.002,0.643,0.157,0.486,-0.596,0.007,-0.603,-0.22,-0.172,-0.051,-0.316,-0.681,-0.681,-2.154,0.001,-0.316,-0.069,-0.247,-0.316,-0.069,-0.247,-0.45,-0.846,-0.179,-1.975,-2.153,16581,8261,8320
1630639,A.J. Lawson,2024,-1.172,-0.552,-0.62,-0.339,-0.065,-0.274,-0.211,0.256,-0.467,-0.07,-0.037,-0.033,-0.342,0.07,-0.416,0.212,-0.361,-0.361,-1.302,-1.663,0.0,0.212,-0.024,0.236,0.212,-0.024,0.236,-1.733,-0.319,-0.782,-0.099,-0.683,-0.148,-0.007,-0.141,-0.595,-0.087,-0.508,0.06,0.018,0.042,0.069,-0.006,0.074,-0.208,0.427,0.427,-0.921,-0.494,0.0,-0.208,-0.3,0.092,-0.208,-0.3,0.092,0.067,-0.107,-1.954,-0.651,-1.303,-0.487,-0.072,-0.415,-0.806,0.169,-0.975,-0.01,-0.019,0.009,-0.272,0.064,-0.343,0.005,0.066,0.066,-2.157,0.0,0.005,-0.323,0.328,0.005,-0.323,0.328,-1.666,-0.426,-1.663,-0.494,-2.157,1952,987,965
202711,Bojan Bogdanovic,2024,0.457,-0.107,0.564,-0.127,-0.018,-0.109,0.343,0.037,0.306,0.348,0.015,0.333,0.447,0.129,0.317,-0.192,-0.049,-0.049,0.712,0.663,0.0,-0.192,0.285,-0.477,-0.192,0.285,-0.477,-0.624,-0.456,-1.755,-0.082,-1.673,-1.022,-0.28,-0.742,-0.226,-0.06,-0.166,-0.425,0.001,-0.426,0.176,0.352,-0.176,-0.409,-0.839,-0.839,-1.988,-2.827,0.0,-0.409,-0.079,-0.33,-0.409,-0.079,-0.33,-1.306,-0.969,-1.298,-0.189,-1.109,-1.15,-0.299,-0.851,0.117,-0.023,0.14,-0.076,0.016,-0.092,0.622,0.481,0.141,-0.601,-0.888,-0.888,-2.164,0.0,-0.601,0.206,-0.807,-0.601,0.206,-0.807,-1.93,-1.425,0.663,-2.827,-2.164,88244,44121,44123
1630241,Sam Merrill,2024,-1.477,-0.004,-1.473,-1.252,-0.174,-1.078,0.44,0.547,-0.107,-0.661,-0.006,-0.655,-0.347,-0.08,-0.264,0.308,-0.473,-0.473,-1.516,-1.989,-0.0,0.308,0.082,0.226,0.308,0.082,0.226,1.64,-0.68,-0.388,0.024,-0.412,-0.246,0.002,-0.248,0.288,-0.136,0.424,-0.454,0.012,-0.466,-0.178,-0.134,-0.044,0.055,0.335,0.335,-0.511,-0.176,0.0,0.055,-0.026,0.081,0.055,-0.026,0.081,0.4,0.134,-1.863,0.02,-1.883,-1.497,-0.171,-1.326,0.73,0.412,0.318,-1.116,0.006,-1.122,-0.525,-0.214,-0.308,0.363,-0.138,-0.138,-2.165,0.0,0.363,0.056,0.307,0.363,0.056,0.307,2.04,-0.546,-1.989,-0.176,-2.165,6216,3125,3091
203080,Thomas Robinson,2024,-1.781,0.059,-1.84,0.062,0.169,-0.107,-1.282,-0.161,-1.121,-0.62,-0.027,-0.593,-0.972,-0.233,-0.731,-0.517,1.882,1.882,-3.27,-1.388,0.0,-0.517,-0.405,-0.112,-0.517,-0.405,-0.112,-0.982,0.052,-0.961,0.243,-1.204,-0.181,-0.095,-0.086,0.228,-0.281,0.509,-1.251,-0.03,-1.221,-0.062,-0.164,0.1,0.58,-0.335,-0.335,-0.443,-0.778,0.0,0.58,0.136,0.444,0.58,0.136,0.444,-1.422,-0.07,-2.74,0.302,-3.042,-0.119,0.074,-0.193,-1.054,-0.441,-0.613,-1.869,-0.056,-1.813,-1.034,-0.397,-0.631,0.063,1.547,1.547,-2.166,0.0,0.063,-0.269,0.332,0.063,-0.269,0.332,-2.404,-0.017,-1.388,-0.778,-2.166,8128,4041,4087
1630618,Carton,2024,-1.067,0.301,-1.368,-0.155,-0.139,-0.016,-0.229,0.103,-0.332,-0.984,-0.046,-0.938,-0.115,-0.096,-0.014,-0.169,-0.052,-0.052,-1.351,-1.403,0.0,-0.169,-0.195,0.026,-0.169,-0.195,0.026,-0.863,-0.178,-0.207,-0.12,-0.087,0.049,0.059,-0.01,-0.16,-0.076,-0.084,0.024,0.02,0.004,-0.079,-0.105,0.023,-0.081,-0.397,-0.397,-0.367,-0.764,0.0,-0.081,-0.076,-0.005,-0.081,-0.076,-0.005,-0.111,0.062,-1.273,0.181,-1.454,-0.106,-0.08,-0.026,-0.389,0.027,-0.416,-0.959,-0.026,-0.933,-0.194,-0.201,0.009,-0.25,-0.449,-0.449,-2.167,0.0,-0.25,-0.271,0.021,-0.25,-0.271,0.021,-0.974,-0.117,-1.403,-0.764,-2.167,152,77,75
201563,Michael Beasley,2024,-1.106,-0.089,-1.017,-0.067,0.206,-0.273,-0.527,-0.417,-0.11,-0.423,-0.115,-0.308,-0.354,-0.122,-0.228,-0.096,0.082,0.082,-1.556,-1.474,0.0,-0.096,-0.267,0.171,-0.096,-0.267,0.171,-0.625,0.593,-0.105,-0.022,-0.083,0.44,0.108,0.332,-0.768,-0.27,-0.498,0.245,-0.057,0.302,-0.437,-0.509,0.07,-0.131,-0.022,-0.022,-0.673,-0.695,0.0,-0.131,0.02,-0.151,-0.131,0.02,-0.151,-1.838,0.047,-1.212,-0.111,-1.101,0.373,0.314,0.059,-1.295,-0.687,-0.608,-0.179,-0.172,-0.007,-0.791,-0.631,-0.158,-0.227,0.061,0.061,-2.169,0.0,-0.227,-0.247,0.02,-0.227,-0.247,0.02,-2.463,0.64,-1.474,-0.695,-2.169,17127,8545,8582
1629669,Jaylen Nowell,2024,-0.764,0.124,-0.888,-0.208,0.019,-0.227,0.514,0.03,0.484,-1.194,-0.019,-1.175,0.392,0.457,-0.071,0.439,-0.343,-0.343,0.067,-0.276,0.0,0.439,0.159,0.28,0.439,0.159,0.28,-2.243,-0.144,-1.153,-0.019,-1.134,-0.422,-0.08,-0.342,-0.225,-0.202,-0.023,-0.487,0.011,-0.498,-0.691,-0.749,0.06,0.339,-0.392,-0.392,-1.505,-1.897,-0.0,0.339,-0.273,0.612,0.339,-0.273,0.612,-0.823,-0.332,-1.916,0.105,-2.021,-0.629,-0.061,-0.568,0.29,-0.171,0.461,-1.682,-0.009,-1.673,-0.299,-0.292,-0.011,0.778,-0.735,-0.735,-2.173,0.0,0.778,-0.114,0.892,0.778,-0.114,0.892,-3.067,-0.475,-0.276,-1.897,-2.173,14445,7219,7226
1627755,Tyler Ulis,2024,-1.107,0.213,-1.32,-0.043,-0.08,0.037,-0.138,-0.264,0.126,-1.139,-0.075,-1.064,-0.509,-0.09,-0.412,-0.276,0.187,0.187,-1.892,-1.705,0.0,-0.276,0.068,-0.344,-0.276,0.068,-0.344,-2.017,0.408,-0.096,0.198,-0.294,-0.044,-0.066,0.022,-0.241,-0.074,-0.167,-0.009,0.013,-0.022,-0.023,-0.137,0.113,-0.297,-0.054,-0.054,-0.416,-0.47,0.0,-0.297,-0.199,-0.098,-0.297,-0.199,-0.098,0.961,0.0,-1.203,0.411,-1.614,-0.087,-0.146,0.059,-0.379,-0.339,-0.04,-1.148,-0.062,-1.086,-0.532,-0.226,-0.3,-0.572,0.133,0.133,-2.175,0.001,-0.572,-0.132,-0.44,-0.572,-0.132,-0.44,-1.056,0.408,-1.705,-0.47,-2.174,10974,5469,5505
1882,Elton Brand,2024,-0.99,-0.07,-0.92,-0.829,-0.596,-0.233,-0.547,-0.289,-0.258,0.456,0.113,0.343,-0.075,-0.055,-0.013,0.556,-1.123,-1.123,-0.509,-1.632,0.0,0.556,0.308,0.248,0.556,0.308,0.248,1.275,-1.153,-0.617,0.076,-0.693,-0.047,0.065,-0.112,-0.317,-0.05,-0.267,-0.329,-0.043,-0.286,0.115,0.173,-0.063,0.303,-0.347,-0.347,-0.199,-0.546,0.0,0.303,0.187,0.116,0.303,0.187,0.116,-1.276,0.137,-1.606,0.006,-1.612,-0.875,-0.53,-0.345,-0.864,-0.339,-0.525,0.127,0.07,0.057,0.04,0.118,-0.076,0.86,-1.47,-1.47,-2.178,0.0,0.86,0.495,0.365,0.86,0.495,0.365,-0.001,-1.016,-1.632,-0.546,-2.178,3254,1627,1627
1626184,Chasson Randle,2024,-1.672,-0.056,-1.616,-0.023,-0.095,0.072,-0.753,0.053,-0.806,-0.84,-0.003,-0.837,0.243,0.214,0.027,0.439,0.073,0.073,-0.99,-0.917,-0.0,0.439,0.297,0.142,0.439,0.297,0.142,-0.991,-0.008,-1.544,0.151,-1.695,-0.298,-0.035,-0.263,-0.282,-0.221,-0.061,-1.115,-0.018,-1.097,-0.119,0.063,-0.183,0.285,0.117,0.117,-1.378,-1.261,0.0,0.285,0.096,0.189,0.285,0.096,0.189,-1.192,-0.352,-3.215,0.095,-3.31,-0.321,-0.131,-0.19,-1.034,-0.168,-0.866,-1.955,-0.021,-1.934,0.124,0.277,-0.155,0.724,0.19,0.19,-2.178,-0.001,0.724,0.392,0.332,0.724,0.392,0.332,-2.182,-0.359,-0.917,-1.261,-2.179,9054,4511,4543
202693,Markieff Morris,2024,-0.736,0.024,-0.76,-0.021,0.038,-0.059,-0.383,-0.288,-0.095,-0.356,-0.009,-0.347,-0.585,-0.489,-0.1,-0.596,-0.518,-0.518,-1.917,-2.435,-0.0,-0.596,-0.467,-0.129,-0.596,-0.467,-0.129,0.457,-0.298,-0.445,0.141,-0.586,-0.591,-0.072,-0.519,-0.023,-0.096,0.073,0.028,-0.009,0.037,-0.022,-0.136,0.111,0.1,0.61,0.61,-0.367,0.243,0.0,0.1,0.18,-0.08,0.1,0.18,-0.08,-0.366,-0.386,-1.181,0.165,-1.346,-0.613,-0.035,-0.578,-0.405,-0.383,-0.022,-0.328,-0.018,-0.31,-0.606,-0.624,0.011,-0.497,0.092,0.092,-2.192,-0.0,-0.497,-0.288,-0.209,-0.497,-0.288,-0.209,0.091,-0.684,-2.435,0.243,-2.192,46786,23398,23388
1626155,Sam Dekker,2024,-1.207,-0.474,-0.733,0.261,0.37,-0.109,-0.397,0.523,-0.92,-0.597,0.04,-0.637,-0.567,-0.452,-0.117,0.053,0.839,0.839,-1.721,-0.882,0.0,0.053,0.158,-0.105,0.053,0.158,-0.105,0.241,1.12,-0.323,0.158,-0.481,-0.431,0.012,-0.443,0.072,-0.092,0.164,-0.122,-0.019,-0.103,-0.119,-0.115,-0.004,-0.15,-0.721,-0.721,-0.592,-1.313,0.0,-0.15,-0.158,0.008,-0.15,-0.158,0.008,0.268,-0.284,-1.529,-0.316,-1.213,-0.17,0.382,-0.552,-0.325,0.431,-0.756,-0.718,0.022,-0.74,-0.687,-0.567,-0.121,-0.096,0.118,0.118,-2.195,0.0,-0.096,0.001,-0.097,-0.096,0.001,-0.097,0.509,0.836,-0.882,-1.313,-2.195,14848,7415,7433
203897,Zach LaVine,2024,1.141,0.083,1.058,0.815,0.297,0.518,-0.008,0.292,-0.3,0.251,0.01,0.241,0.636,0.31,0.326,-0.282,-1.584,-1.584,1.495,-0.089,-0.0,-0.282,-0.052,-0.23,-0.282,-0.052,-0.23,-2.582,0.147,-1.601,0.047,-1.648,-0.626,-0.172,-0.454,-0.467,-0.049,-0.418,-0.555,0.0,-0.555,-0.028,-0.001,-0.027,-0.355,-0.123,-0.123,-1.984,-2.107,0.0,-0.355,0.007,-0.362,-0.355,0.007,-0.362,-1.04,-0.429,-0.459,0.13,-0.589,0.189,0.125,0.064,-0.475,0.243,-0.718,-0.303,0.01,-0.313,0.608,0.309,0.299,-0.637,-1.707,-1.707,-2.196,0.0,-0.637,-0.045,-0.592,-0.637,-0.045,-0.592,-3.622,-0.282,-0.089,-2.107,-2.196,73536,36661,36875
203123,Kostas Papanikolaou,2024,-0.417,-0.27,-0.147,-0.152,0.212,-0.364,-0.023,0.336,-0.359,0.028,0.177,-0.149,-0.867,-0.596,-0.265,-0.736,-0.206,-0.206,-2.02,-2.226,0.0,-0.736,-0.05,-0.686,-0.736,-0.05,-0.686,0.651,0.012,0.347,0.126,0.221,0.098,-0.129,0.227,0.469,0.004,0.465,-0.346,0.006,-0.352,-0.005,0.001,-0.011,0.222,-0.536,-0.536,0.564,0.028,0.0,0.222,0.26,-0.038,0.222,0.26,-0.038,0.896,0.24,-0.07,-0.144,0.074,-0.054,0.083,-0.137,0.447,0.34,0.107,-0.319,0.183,-0.502,-0.872,-0.595,-0.276,-0.514,-0.742,-0.742,-2.198,0.0,-0.514,0.21,-0.724,-0.514,0.21,-0.724,1.547,0.252,-2.226,0.028,-2.198,4282,2133,2149
1630537,Chris Duarte,2024,-1.579,0.053,-1.632,-0.481,0.115,-0.596,0.015,0.244,-0.229,-1.166,0.002,-1.168,-0.192,-0.19,-0.003,-0.661,0.349,0.349,-2.432,-2.083,0.0,-0.661,-0.012,-0.649,-0.661,-0.012,-0.649,-3.073,-0.092,0.113,-0.046,0.159,-0.007,-0.009,0.002,0.413,-0.027,0.44,-0.247,0.005,-0.252,-0.13,0.052,-0.184,-0.121,0.022,0.022,-0.138,-0.116,0.0,-0.121,0.049,-0.17,-0.121,0.049,-0.17,-0.136,-0.375,-1.467,0.007,-1.474,-0.488,0.106,-0.594,0.428,0.217,0.211,-1.414,0.007,-1.421,-0.322,-0.138,-0.187,-0.782,0.37,0.37,-2.199,0.0,-0.782,0.037,-0.819,-0.782,0.037,-0.819,-3.209,-0.468,-2.083,-0.116,-2.199,12906,6442,6464
1629308,Juan Toscano-Anderson,2024,-0.037,-0.034,-0.003,0.271,0.129,0.142,0.049,0.355,-0.306,-0.323,0.016,-0.339,-0.397,-0.315,-0.084,-0.967,-0.848,-0.848,-1.401,-2.249,0.0,-0.967,-0.415,-0.552,-0.967,-0.415,-0.552,0.39,0.157,0.625,0.079,0.546,0.151,0.137,0.014,0.031,-0.101,0.132,0.364,0.019,0.345,-0.366,-0.359,-0.005,-0.151,-0.058,-0.058,0.108,0.05,-0.0,-0.151,-0.13,-0.021,-0.151,-0.13,-0.021,1.629,0.707,0.591,0.045,0.546,0.423,0.266,0.157,0.081,0.255,-0.174,0.042,0.036,0.006,-0.763,-0.674,-0.089,-1.117,-0.905,-0.905,-2.199,0.0,-1.117,-0.545,-0.572,-1.117,-0.545,-0.572,2.019,0.865,-2.249,0.05,-2.199,13152,6540,6612
203893,Russ Smith,2024,-1.111,-0.135,-0.976,-0.448,-0.146,-0.302,0.09,0.177,-0.087,-0.618,-0.039,-0.579,-0.026,0.047,-0.065,-0.563,-0.335,-0.335,-1.7,-2.035,0.0,-0.563,-0.185,-0.378,-0.563,-0.185,-0.378,-2.138,-0.334,-0.277,0.054,-0.331,-0.17,0.049,-0.219,0.068,-0.089,0.157,-0.229,0.046,-0.275,-0.276,-0.35,0.069,0.04,0.345,0.345,-0.513,-0.168,0.0,0.04,0.128,-0.088,0.04,0.128,-0.088,0.618,-0.035,-1.391,-0.081,-1.31,-0.62,-0.098,-0.522,0.157,0.088,0.069,-0.847,0.007,-0.854,-0.302,-0.303,0.004,-0.523,0.01,0.01,-2.203,0.0,-0.523,-0.056,-0.467,-0.523,-0.056,-0.467,-1.52,-0.368,-2.035,-0.168,-2.203,659,327,332
2746,Josh Smith,2024,-1.971,-0.149,-1.822,0.082,0.309,-0.227,-1.608,0.076,-1.684,-0.296,0.105,-0.401,-0.75,0.012,-0.748,-0.212,-0.513,-0.513,-2.933,-3.446,0.0,-0.212,-0.521,0.309,-0.212,-0.521,0.309,0.243,0.4,2.022,0.188,1.834,0.648,0.055,0.593,0.853,0.122,0.731,0.333,-0.065,0.398,0.205,0.077,0.122,-0.147,-0.843,-0.843,2.08,1.237,0.0,-0.147,0.066,-0.213,-0.147,0.066,-0.213,1.58,0.761,0.05,0.039,0.011,0.73,0.364,0.366,-0.755,0.198,-0.953,0.036,0.04,-0.004,-0.544,0.088,-0.627,-0.359,-1.356,-1.356,-2.209,0.001,-0.359,-0.455,0.096,-0.359,-0.455,0.096,1.822,1.16,-3.446,1.237,-2.208,14467,7216,7251
1629646,Charles Bassey,2024,-1.693,-0.092,-1.601,-0.319,-0.184,-0.135,-0.287,-0.304,0.017,-0.995,-0.033,-0.962,-0.654,-0.61,-0.048,-1.171,1.533,1.533,-3.518,-1.985,-0.0,-1.171,-0.947,-0.224,-1.171,-0.947,-0.224,-2.102,-0.492,-0.797,-0.044,-0.753,0.194,0.025,0.169,-0.098,-0.214,0.116,-0.849,0.006,-0.855,-0.1,-0.099,-0.001,0.085,0.586,0.586,-0.812,-0.226,0.0,0.085,-0.163,0.248,0.085,-0.163,0.248,-0.055,0.546,-2.49,-0.136,-2.354,-0.124,-0.159,0.035,-0.386,-0.519,0.133,-1.844,-0.027,-1.817,-0.754,-0.709,-0.05,-1.086,2.119,2.119,-2.211,0.0,-1.086,-1.11,0.024,-1.086,-1.11,0.024,-2.157,0.054,-1.985,-0.226,-2.211,3721,1864,1857
1630224,Jalen Green,2024,1.02,0.26,0.76,-0.109,0.242,-0.351,0.305,0.465,-0.16,0.564,-0.007,0.571,0.269,0.507,-0.237,-0.207,-1.296,-1.296,1.082,-0.214,-0.0,-0.207,0.095,-0.302,-0.207,0.095,-0.302,-1.75,0.353,-1.505,-0.334,-1.171,-0.913,-0.167,-0.746,0.013,-0.165,0.178,-0.271,0.017,-0.288,0.016,-0.008,0.028,-0.669,0.159,0.159,-2.158,-1.999,-0.0,-0.669,-0.239,-0.43,-0.669,-0.239,-0.43,-1.341,-0.89,-0.483,-0.074,-0.409,-1.02,0.076,-1.096,0.318,0.3,0.018,0.293,0.01,0.283,0.286,0.499,-0.208,-0.876,-1.137,-1.137,-2.213,0.0,-0.876,-0.144,-0.732,-0.876,-0.144,-0.732,-3.09,-0.537,-0.214,-1.999,-2.213,30371,15201,15170
2546,Carmelo Anthony,2024,0.053,0.036,0.017,-0.489,-0.381,-0.108,-0.345,-0.482,0.137,0.851,-0.028,0.879,-0.026,-0.06,0.032,0.578,0.255,0.255,0.605,0.86,0.0,0.578,0.424,0.154,0.578,0.424,0.154,-2.066,-1.318,-1.744,-0.076,-1.668,-0.635,-0.044,-0.591,-0.232,-0.228,-0.004,-0.801,-0.042,-0.759,-0.371,-0.302,-0.066,-0.78,-0.181,-0.181,-2.895,-3.076,0.0,-0.78,-0.533,-0.247,-0.78,-0.533,-0.247,-0.876,-0.032,-1.689,-0.04,-1.649,-1.124,-0.425,-0.699,-0.576,-0.709,0.133,0.051,-0.069,0.12,-0.397,-0.362,-0.034,-0.203,0.074,0.074,-2.216,0.0,-0.203,-0.109,-0.094,-0.203,-0.109,-0.094,-2.943,-1.35,0.86,-3.076,-2.216,60582,30340,30242
202714,Shelvin Mack,2024,0.466,-0.154,0.62,-0.495,-0.186,-0.309,0.447,-0.005,0.452,0.668,0.079,0.589,-0.291,0.075,-0.367,-0.078,-1.157,-1.157,0.097,-1.06,0.0,-0.078,-0.01,-0.068,-0.078,-0.01,-0.068,0.164,-0.365,-0.955,0.173,-1.128,0.119,0.03,0.089,-0.393,-0.021,-0.372,-0.854,-0.02,-0.834,0.011,-0.187,0.196,-0.078,-0.134,-0.134,-1.022,-1.156,0.0,-0.078,0.118,-0.196,-0.078,0.118,-0.196,-1.025,0.204,-0.487,0.019,-0.506,-0.376,-0.156,-0.22,0.055,-0.026,0.081,-0.185,0.059,-0.244,-0.281,-0.113,-0.171,-0.156,-1.291,-1.291,-2.216,0.0,-0.156,0.108,-0.264,-0.156,0.108,-0.264,-0.861,-0.161,-1.06,-1.156,-2.216,23914,11979,11935
1628960,Grayson Allen,2024,-0.656,0.012,-0.668,-0.838,-0.235,-0.603,-0.192,0.232,-0.424,0.362,0.015,0.347,-0.383,-0.34,-0.048,0.41,-0.351,-0.351,-0.629,-0.98,0.0,0.41,-0.019,0.429,0.41,-0.019,0.429,1.318,-0.845,-0.972,-0.017,-0.955,-0.317,0.173,-0.49,-0.479,0.117,-0.596,-0.159,0.044,-0.203,0.039,0.112,-0.072,-0.409,0.101,0.101,-1.342,-1.241,-0.0,-0.409,-0.273,-0.136,-0.409,-0.273,-0.136,-1.626,-0.288,-1.628,-0.005,-1.623,-1.155,-0.062,-1.093,-0.671,0.349,-1.02,0.203,0.059,0.144,-0.344,-0.229,-0.12,0.001,-0.25,-0.25,-2.221,0.0,0.001,-0.291,0.292,0.001,-0.291,0.292,-0.308,-1.133,-0.98,-1.241,-2.221,38796,19418,19378
1630561,David Duke Jr.,2024,-1.288,0.129,-1.417,-0.968,0.248,-1.216,-0.092,0.226,-0.318,-0.357,-0.027,-0.33,-0.331,-0.375,0.044,-0.563,0.798,0.798,-2.182,-1.384,0.0,-0.563,0.051,-0.614,-0.563,0.051,-0.614,-1.877,0.146,-0.676,0.142,-0.818,0.109,0.039,0.07,-0.082,-0.1,0.018,-0.845,0.015,-0.86,-0.258,-0.246,-0.013,-0.113,0.211,0.211,-1.047,-0.836,0.0,-0.113,-0.127,0.014,-0.113,-0.127,0.014,-1.117,-0.192,-1.965,0.271,-2.236,-0.859,0.287,-1.146,-0.175,0.126,-0.301,-1.202,-0.012,-1.19,-0.588,-0.621,0.032,-0.676,1.009,1.009,-2.22,-0.001,-0.676,-0.076,-0.6,-0.676,-0.076,-0.6,-2.994,-0.046,-1.384,-0.836,-2.221,2585,1289,1296
1630273,Freddie Gillespie,2024,-1.535,0.19,-1.725,-1.059,-0.136,-0.923,0.093,-0.205,0.298,-0.759,-0.042,-0.717,-0.395,-0.265,-0.134,-0.3,0.279,0.279,-2.23,-1.951,0.0,-0.3,-0.1,-0.2,-0.3,-0.1,-0.2,-1.989,-0.408,-0.166,0.022,-0.188,0.512,0.017,0.495,0.084,-0.154,0.238,-0.784,0.013,-0.797,-0.135,-0.014,-0.122,0.13,-0.106,-0.106,-0.171,-0.277,0.0,0.13,0.082,0.048,0.13,0.082,0.048,-0.037,0.303,-1.7,0.212,-1.912,-0.546,-0.119,-0.427,0.177,-0.359,0.536,-1.543,-0.029,-1.514,-0.531,-0.279,-0.256,-0.17,0.173,0.173,-2.228,0.001,-0.17,-0.018,-0.152,-0.17,-0.018,-0.152,-2.027,-0.105,-1.951,-0.277,-2.227,2090,1041,1049
1628432,Davon Reed,2024,-1.308,-0.208,-1.1,0.014,-0.01,0.024,-0.326,0.295,-0.621,-0.788,0.003,-0.791,0.012,-0.064,0.075,-0.232,-0.295,-0.295,-1.528,-1.823,0.0,-0.232,-0.06,-0.172,-0.232,-0.06,-0.172,-0.592,0.104,-0.703,0.272,-0.975,-0.365,0.053,-0.418,0.289,-0.116,0.405,-0.899,0.026,-0.925,-0.32,-0.275,-0.046,-0.269,0.881,0.881,-1.292,-0.411,-0.0,-0.269,-0.03,-0.239,-0.269,-0.03,-0.239,-0.353,0.136,-2.012,0.064,-2.076,-0.35,0.044,-0.394,-0.038,0.179,-0.217,-1.688,0.029,-1.717,-0.308,-0.339,0.029,-0.501,0.586,0.586,-2.234,0.0,-0.501,-0.09,-0.411,-0.501,-0.09,-0.411,-0.945,0.24,-1.823,-0.411,-2.234,5438,2711,2727
101112,Channing Frye,2024,0.469,-0.368,0.837,0.436,0.107,0.329,0.437,0.473,-0.036,-0.036,0.173,-0.209,-0.31,-0.181,-0.125,-0.013,-0.432,-0.432,0.146,-0.286,0.0,-0.013,0.059,-0.072,-0.013,0.059,-0.072,1.31,-0.435,-1.978,0.323,-2.301,-0.456,0.107,-0.563,-0.757,0.204,-0.961,-1.088,-0.033,-1.055,0.07,0.158,-0.094,-0.242,0.197,0.197,-2.15,-1.953,-0.0,-0.242,-0.034,-0.208,-0.242,-0.034,-0.208,-2.309,-0.138,-1.51,-0.045,-1.465,-0.021,0.214,-0.235,-0.32,0.677,-0.997,-1.124,0.14,-1.264,-0.241,-0.023,-0.218,-0.255,-0.234,-0.234,-2.239,0.0,-0.255,0.025,-0.28,-0.255,0.025,-0.28,-0.999,-0.573,-0.286,-1.953,-2.239,24537,12277,12260
201145,Jeff Green,2024,-0.508,0.024,-0.532,0.279,-0.018,0.297,-0.389,-0.049,-0.34,-0.422,-0.025,-0.397,0.463,0.259,0.206,-0.013,-1.208,-1.208,-0.058,-1.266,0.0,-0.013,0.059,-0.072,-0.013,0.059,-0.072,-1.984,-0.095,-0.457,0.002,-0.459,-0.425,0.102,-0.527,0.026,-0.009,0.035,-0.06,-0.021,-0.039,0.192,0.14,0.052,-0.356,-0.354,-0.354,-0.621,-0.975,0.0,-0.356,-0.219,-0.137,-0.356,-0.219,-0.137,-0.115,0.087,-0.963,0.026,-0.989,-0.146,0.084,-0.23,-0.363,-0.058,-0.305,-0.48,-0.045,-0.435,0.655,0.399,0.258,-0.369,-1.561,-1.561,-2.241,-0.001,-0.369,-0.16,-0.209,-0.369,-0.16,-0.209,-2.099,-0.008,-1.266,-0.975,-2.242,72286,36114,36172
1630268,Darling,2024,-0.798,0.336,-1.134,-0.353,-0.167,-0.186,0.002,0.101,-0.099,-0.783,-0.04,-0.743,-0.08,-0.084,0.012,-0.361,-0.26,-0.26,-1.239,-1.499,-0.0,-0.361,-0.056,-0.305,-0.361,-0.056,-0.305,-0.57,-0.187,-0.363,-0.034,-0.329,-0.015,0.061,-0.076,-0.289,-0.122,-0.167,-0.025,0.016,-0.041,-0.077,-0.084,0.003,-0.178,-0.128,-0.128,-0.618,-0.746,0.0,-0.178,-0.106,-0.072,-0.178,-0.106,-0.072,-0.553,-0.07,-1.161,0.302,-1.463,-0.368,-0.106,-0.262,-0.287,-0.021,-0.266,-0.808,-0.024,-0.784,-0.157,-0.168,0.015,-0.538,-0.388,-0.388,-2.245,0.001,-0.538,-0.161,-0.377,-0.538,-0.161,-0.377,-1.122,-0.257,-1.499,-0.746,-2.244,107,53,54
1630579,Jericho Sims,2024,-1.48,-0.284,-1.196,-0.768,-0.162,-0.606,-0.469,-0.008,-0.461,0.041,-0.021,0.062,-0.297,-0.339,0.037,-1.104,0.224,0.224,-2.881,-2.657,0.0,-1.104,-0.395,-0.709,-1.104,-0.395,-0.709,-2.063,-0.575,0.707,0.032,0.675,0.043,0.096,-0.053,0.079,0.004,0.075,0.553,0.009,0.544,-0.034,0.13,-0.164,-0.317,0.056,0.056,0.356,0.412,0.0,-0.317,-0.315,-0.002,-0.317,-0.315,-0.002,-0.034,-0.011,-0.774,-0.252,-0.522,-0.726,-0.067,-0.659,-0.389,-0.003,-0.386,0.593,-0.012,0.605,-0.331,-0.209,-0.126,-1.421,0.28,0.28,-2.245,0.0,-1.421,-0.71,-0.711,-1.421,-0.71,-0.711,-2.096,-0.586,-2.657,0.412,-2.245,7777,3889,3888
203145,Kent Bazemore,2024,-0.963,-0.099,-0.864,0.051,0.287,-0.236,-0.188,0.289,-0.477,-0.727,0.023,-0.75,-0.084,0.063,-0.141,-0.585,-1.345,-1.345,-1.632,-2.977,0.0,-0.585,-0.554,-0.031,-0.585,-0.554,-0.031,-0.543,0.222,0.586,0.118,0.468,0.927,0.031,0.896,-0.081,-0.103,0.022,-0.378,-0.035,-0.343,-0.072,-0.109,0.037,0.95,-0.733,-0.733,1.464,0.731,0.0,0.95,0.512,0.438,0.95,0.512,0.438,-0.07,0.235,-0.375,0.019,-0.394,0.978,0.318,0.66,-0.269,0.186,-0.455,-1.103,-0.011,-1.092,-0.156,-0.046,-0.104,0.365,-2.078,-2.078,-2.246,0.0,0.365,-0.042,0.407,0.365,-0.042,0.407,-0.612,0.458,-2.977,0.731,-2.246,53379,26645,26734
203918,Rodney Hood,2024,-1.066,-0.146,-0.92,-0.339,-0.426,0.087,-0.702,-0.398,-0.304,0.121,0.025,0.096,0.163,-0.126,0.291,0.261,-1.003,-1.003,-0.642,-1.645,0.0,0.261,0.188,0.073,0.261,0.188,0.073,-3.947,-1.197,0.358,0.047,0.311,-0.318,0.1,-0.418,0.526,0.11,0.416,0.103,0.008,0.095,-0.227,-0.21,-0.018,-0.331,-0.402,-0.402,-0.2,-0.602,0.0,-0.331,-0.117,-0.214,-0.331,-0.117,-0.214,0.757,0.151,-0.71,-0.099,-0.611,-0.657,-0.326,-0.331,-0.178,-0.289,0.111,0.224,0.033,0.191,-0.065,-0.336,0.272,-0.07,-1.405,-1.405,-2.247,0.0,-0.07,0.071,-0.141,-0.07,0.071,-0.141,-3.19,-1.045,-1.645,-0.602,-2.247,45599,22735,22864
203111,Orlando Johnson,2024,-1.717,0.246,-1.963,-0.575,-0.196,-0.379,-0.279,0.094,-0.373,-1.109,-0.032,-1.077,0.011,0.04,-0.021,0.234,-0.252,-0.252,-1.472,-1.724,0.0,0.234,0.204,0.03,0.234,0.204,0.03,-1.455,-0.253,-0.295,-0.074,-0.221,0.008,0.07,-0.062,-0.246,-0.081,-0.165,0.017,0.015,0.002,-0.157,-0.11,-0.051,-0.18,0.104,0.104,-0.632,-0.528,-0.0,-0.18,-0.137,-0.043,-0.18,-0.137,-0.043,0.059,0.038,-2.011,0.172,-2.183,-0.567,-0.126,-0.441,-0.524,0.013,-0.537,-1.092,-0.017,-1.075,-0.147,-0.07,-0.072,0.054,-0.147,-0.147,-2.252,0.0,0.054,0.067,-0.013,0.054,0.067,-0.013,-1.396,-0.214,-1.724,-0.528,-2.252,478,239,239
203996,Damien Inglis,2024,-0.87,0.135,-1.005,-0.468,-0.042,-0.426,0.178,0.117,0.061,-0.715,-0.059,-0.656,-0.176,-0.068,-0.105,-0.497,-0.147,-0.147,-1.543,-1.69,0.0,-0.497,-0.03,-0.467,-0.497,-0.03,-0.467,-0.685,-0.233,-0.494,-0.03,-0.464,0.072,-0.055,0.127,-0.315,-0.145,-0.17,-0.221,0.033,-0.254,-0.2,-0.147,-0.056,-0.02,0.151,0.151,-0.714,-0.563,0.0,-0.02,0.082,-0.102,-0.02,0.082,-0.102,-0.283,-0.157,-1.363,0.105,-1.468,-0.396,-0.097,-0.299,-0.137,-0.028,-0.109,-0.935,-0.026,-0.909,-0.376,-0.214,-0.161,-0.516,0.004,0.004,-2.253,0.0,-0.516,0.052,-0.568,-0.516,0.052,-0.568,-0.968,-0.39,-1.69,-0.563,-2.253,596,295,301
1630606,Javonte Smart,2024,-1.515,0.046,-1.561,-0.754,-0.193,-0.561,-0.555,0.002,-0.557,-0.252,-0.046,-0.206,-0.21,-0.225,0.018,0.194,0.06,0.06,-1.531,-1.471,-0.0,0.194,-0.053,0.247,0.194,-0.053,0.247,-1.931,-0.594,-0.621,-0.132,-0.489,-0.102,0.075,-0.177,-0.339,-0.15,-0.189,-0.048,0.02,-0.068,-0.042,-0.01,-0.035,-0.087,-0.036,-0.036,-0.75,-0.786,0.0,-0.087,-0.128,0.041,-0.087,-0.128,0.041,-1.616,-0.082,-2.135,-0.086,-2.049,-0.855,-0.117,-0.738,-0.894,-0.148,-0.746,-0.3,-0.027,-0.273,-0.252,-0.234,-0.017,0.107,0.024,0.024,-2.257,-0.0,0.107,-0.181,0.288,0.107,-0.181,0.288,-3.548,-0.676,-1.471,-0.786,-2.257,817,410,407
1628416,Tyler Dorsey,2024,-0.04,0.002,-0.042,-0.911,-0.017,-0.894,0.717,0.189,0.528,0.152,0.026,0.126,-0.314,0.059,-0.37,-0.032,-0.561,-0.561,-0.386,-0.947,0.0,-0.032,0.181,-0.213,-0.032,0.181,-0.213,-0.584,-0.653,-1.258,0.234,-1.492,-0.866,0.04,-0.906,-0.052,-0.099,0.047,-0.574,-0.006,-0.568,-0.189,-0.246,0.056,-0.825,0.953,0.953,-2.272,-1.319,0.0,-0.825,-0.311,-0.514,-0.825,-0.311,-0.514,-2.395,-0.686,-1.298,0.236,-1.534,-1.778,0.023,-1.801,0.665,0.09,0.575,-0.421,0.021,-0.442,-0.504,-0.186,-0.314,-0.857,0.392,0.392,-2.266,-0.001,-0.857,-0.13,-0.727,-0.857,-0.13,-0.727,-2.979,-1.339,-0.947,-1.319,-2.267,7099,3536,3563
202706,Jordan Hamilton,2024,0.389,-0.204,0.593,-0.226,-0.003,-0.223,-0.253,0.228,-0.481,1.072,0.057,1.015,-0.421,0.317,-0.732,-0.192,-0.028,-0.028,-0.224,-0.252,0.0,-0.192,0.491,-0.683,-0.192,0.491,-0.683,0.719,0.089,-1.569,0.134,-1.703,-0.117,0.044,-0.161,-0.474,-0.131,-0.343,-1.112,-0.008,-1.104,-0.367,-0.496,0.125,-0.002,-0.078,-0.078,-1.938,-2.016,0.0,-0.002,-0.06,0.058,-0.002,-0.06,0.058,-1.763,-0.135,-1.18,-0.07,-1.11,-0.344,0.041,-0.385,-0.726,0.098,-0.824,-0.04,0.049,-0.089,-0.788,-0.179,-0.607,-0.194,-0.106,-0.106,-2.268,0.0,-0.194,0.431,-0.625,-0.194,0.431,-0.625,-1.044,-0.045,-0.252,-2.016,-2.268,3596,1799,1797
1628469,Antonio Blakeney,2024,-0.048,-0.095,0.047,-0.342,-0.101,-0.241,-0.094,-0.327,0.233,0.483,-0.035,0.518,0.053,0.004,0.054,0.823,-0.709,-0.709,0.828,0.119,0.0,0.823,0.34,0.483,0.823,0.34,0.483,-0.626,-0.343,-1.436,-0.015,-1.421,-0.168,0.03,-0.198,-0.55,-0.191,-0.359,-0.703,-0.013,-0.69,0.054,-0.051,0.104,-0.918,-0.093,-0.093,-2.3,-2.393,0.0,-0.918,-0.586,-0.332,-0.918,-0.586,-0.332,-1.826,-0.036,-1.483,-0.11,-1.373,-0.51,-0.071,-0.439,-0.644,-0.518,-0.126,-0.219,-0.047,-0.172,0.107,-0.047,0.158,-0.094,-0.802,-0.802,-2.274,0.0,-0.094,-0.245,0.151,-0.094,-0.245,0.151,-2.452,-0.378,0.119,-2.393,-2.274,5050,2524,2526
1628391,D.J. Wilson,2024,-0.069,-0.461,0.392,-0.171,-0.135,-0.036,0.299,0.38,-0.081,0.264,0.051,0.213,-0.666,-0.357,-0.307,-0.431,-0.801,-0.801,-1.166,-1.967,0.0,-0.431,-0.097,-0.334,-0.431,-0.097,-0.334,1.928,-0.145,0.101,-0.006,0.107,0.198,0.189,0.009,-0.171,0.011,-0.182,0.08,-0.008,0.088,-0.355,-0.211,-0.146,-0.4,0.347,0.347,-0.654,-0.307,0.0,-0.4,-0.032,-0.368,-0.4,-0.032,-0.368,-0.833,0.279,0.031,-0.467,0.498,0.026,0.054,-0.028,0.128,0.391,-0.263,0.344,0.043,0.301,-1.021,-0.569,-0.452,-0.831,-0.454,-0.454,-2.274,-0.001,-0.831,-0.13,-0.701,-0.831,-0.13,-0.701,1.095,0.134,-1.967,-0.307,-2.275,8519,4270,4249
1897,Metta World Peace,2024,-3.957,0.07,-4.027,-1.39,-0.107,-1.283,-0.84,0.013,-0.853,-1.797,-0.013,-1.784,-0.43,0.042,-0.471,0.501,1.204,1.204,-3.886,-2.682,-0.0,0.501,-0.054,0.555,0.501,-0.054,0.555,-2.859,-0.434,0.509,0.142,0.367,0.002,0.214,-0.212,0.213,-0.152,0.365,0.152,-0.037,0.189,-0.061,-0.169,0.105,-0.198,0.152,0.152,0.25,0.402,0.0,-0.198,-0.256,0.058,-0.198,-0.256,0.058,-0.303,0.13,-3.45,0.212,-3.662,-1.389,0.106,-1.495,-0.627,-0.139,-0.488,-1.646,-0.05,-1.596,-0.491,-0.127,-0.366,0.303,1.356,1.356,-2.28,-0.0,0.303,-0.31,0.613,0.303,-0.31,0.613,-3.163,-0.304,-2.682,0.402,-2.28,3006,1487,1519
1631110,Jeremy Sochan,2024,-0.375,0.197,-0.572,0.241,0.061,0.18,-0.736,-0.057,-0.679,-0.077,-0.004,-0.073,-0.265,-0.239,-0.026,-0.803,-0.364,-0.364,-1.443,-1.807,0.0,-0.803,-0.562,-0.241,-0.803,-0.562,-0.241,0.509,0.626,-1.326,-0.153,-1.173,-0.785,-0.102,-0.683,-0.41,-0.078,-0.332,0.022,0.009,0.013,0.306,0.41,-0.104,-0.093,0.637,0.637,-1.113,-0.476,0.0,-0.093,0.091,-0.184,-0.093,0.091,-0.184,-2.032,-0.913,-1.7,0.044,-1.744,-0.544,-0.041,-0.503,-1.145,-0.135,-1.01,-0.055,0.005,-0.06,0.041,0.171,-0.129,-0.896,0.273,0.273,-2.283,0.0,-0.896,-0.471,-0.425,-0.896,-0.471,-0.425,-1.523,-0.287,-1.807,-0.476,-2.283,15285,7629,7656
1631298,Jack White,2024,-1.359,-0.202,-1.157,-0.369,-0.133,-0.236,-0.196,0.088,-0.284,-0.592,-0.044,-0.548,-0.199,-0.299,0.105,0.164,-0.506,-0.506,-1.394,-1.9,0.0,0.164,-0.088,0.252,0.164,-0.088,0.252,-0.777,-0.294,-0.475,-0.108,-0.367,-0.11,0.066,-0.176,-0.438,-0.136,-0.302,0.181,0.019,0.162,-0.157,-0.148,-0.012,-0.124,0.372,0.372,-0.756,-0.384,0.0,-0.124,-0.032,-0.092,-0.124,-0.032,-0.092,-0.047,-0.008,-1.834,-0.31,-1.524,-0.477,-0.066,-0.411,-0.635,-0.049,-0.586,-0.412,-0.026,-0.386,-0.356,-0.446,0.094,0.04,-0.134,-0.134,-2.284,0.0,0.04,-0.121,0.161,0.04,-0.121,0.161,-0.824,-0.302,-1.9,-0.384,-2.284,524,263,261
203136,Ognjen Kuzmic,2024,-1.244,0.049,-1.293,-0.748,-0.252,-0.496,0.221,0.072,0.149,-0.766,-0.044,-0.722,0.022,0.068,-0.037,-0.36,-0.146,-0.146,-1.582,-1.728,-0.0,-0.36,-0.266,-0.094,-0.36,-0.266,-0.094,-1.865,-0.467,-0.167,-0.065,-0.102,-0.038,0.053,-0.091,-0.184,-0.085,-0.099,0.12,0.014,0.106,-0.09,-0.084,-0.01,-0.217,-0.083,-0.083,-0.474,-0.557,-0.0,-0.217,-0.166,-0.051,-0.217,-0.166,-0.051,-0.014,-0.072,-1.41,-0.016,-1.394,-0.786,-0.199,-0.587,0.038,-0.012,0.05,-0.646,-0.03,-0.616,-0.068,-0.016,-0.047,-0.577,-0.229,-0.229,-2.285,-0.0,-0.577,-0.433,-0.144,-0.577,-0.433,-0.144,-1.879,-0.539,-1.728,-0.557,-2.285,243,122,121
203144,Alexey Shved,2024,-2.103,-0.424,-1.679,-0.553,0.291,-0.844,-0.514,0.264,-0.778,-0.612,0.022,-0.634,0.298,0.241,0.071,0.871,-0.115,-0.115,-0.934,-1.049,0.0,0.871,0.163,0.708,0.871,0.163,0.708,-1.207,-0.04,-0.65,0.2,-0.85,-0.034,-0.13,0.096,-0.38,-0.003,-0.377,-0.436,0.005,-0.441,-0.304,-0.07,-0.239,-0.26,-0.024,-0.024,-1.214,-1.238,0.0,-0.26,-0.094,-0.166,-0.26,-0.094,-0.166,-0.469,-0.309,-2.752,-0.224,-2.528,-0.587,0.161,-0.748,-0.894,0.261,-1.155,-1.047,0.028,-1.075,-0.006,0.172,-0.168,0.611,-0.139,-0.139,-2.287,0.0,0.611,0.07,0.541,0.611,0.07,0.541,-1.675,-0.349,-1.049,-1.238,-2.287,3050,1527,1523
203492,Ray McCallum,2024,-2.421,-0.623,-1.798,-0.095,0.285,-0.38,-1.212,-0.289,-0.923,-0.491,-0.076,-0.415,0.28,0.23,0.06,0.234,1.774,1.774,-1.907,-0.133,0.0,0.234,0.116,0.118,0.234,0.116,0.118,-1.458,0.247,-1.511,0.452,-1.963,-0.423,0.019,-0.442,-0.88,0.057,-0.937,-0.66,-0.076,-0.584,0.27,0.139,0.127,-0.411,-0.503,-0.503,-1.652,-2.155,0.0,-0.411,-0.154,-0.257,-0.411,-0.154,-0.257,-2.261,-0.088,-3.933,-0.171,-3.762,-0.519,0.303,-0.822,-2.092,-0.232,-1.86,-1.151,-0.152,-0.999,0.55,0.369,0.187,-0.177,1.271,1.271,-2.288,0.0,-0.177,-0.038,-0.139,-0.177,-0.038,-0.139,-3.719,0.159,-0.133,-2.155,-2.288,8497,4252,4245
1628972,Troy Brown Jr.,2024,-0.433,0.076,-0.509,-0.286,-0.042,-0.244,-0.164,-0.141,-0.023,-0.059,-0.01,-0.049,0.347,0.356,-0.012,0.131,-0.543,-0.543,0.045,-0.498,0.0,0.131,0.108,0.023,0.131,0.108,0.023,-1.532,-0.239,-1.009,-0.036,-0.973,-0.605,-0.057,-0.548,-0.023,0.121,-0.144,-0.345,0.026,-0.371,0.063,0.102,-0.036,-0.672,-0.175,-0.175,-1.618,-1.793,0.0,-0.672,-0.133,-0.539,-0.672,-0.133,-0.539,-0.843,-0.576,-1.443,0.04,-1.483,-0.891,-0.099,-0.792,-0.188,-0.02,-0.168,-0.404,0.016,-0.42,0.409,0.458,-0.048,-0.541,-0.717,-0.717,-2.291,0.0,-0.541,-0.025,-0.516,-0.541,-0.025,-0.516,-2.376,-0.815,-0.498,-1.793,-2.291,28964,14481,14483
203142,Chris Copeland,2024,-2.37,-0.4,-1.97,-0.436,-0.346,-0.09,-0.653,-0.019,-0.634,-0.881,0.067,-0.948,-0.008,0.012,-0.012,0.145,0.611,0.611,-2.233,-1.622,0.0,0.145,0.594,-0.449,0.145,0.594,-0.449,-1.094,-0.762,-0.55,0.288,-0.838,-0.267,0.068,-0.335,-0.552,-0.012,-0.54,-0.019,-0.026,0.007,-0.033,-0.055,0.018,-0.264,0.177,0.177,-0.847,-0.67,0.0,-0.264,-0.524,0.26,-0.264,-0.524,0.26,-0.554,-0.002,-2.92,-0.112,-2.808,-0.703,-0.278,-0.425,-1.205,-0.031,-1.174,-0.9,0.041,-0.941,-0.041,-0.043,0.006,-0.119,0.788,0.788,-2.292,0.0,-0.119,0.07,-0.189,-0.119,0.07,-0.189,-1.648,-0.765,-1.622,-0.67,-2.292,4194,2101,2093
204025,Tim Frazier,2024,-0.916,-0.158,-0.758,0.364,-0.138,0.502,-0.163,-0.063,-0.1,-0.959,-0.01,-0.949,0.059,0.201,-0.141,0.043,-0.466,-0.466,-0.814,-1.28,0.0,0.043,0.391,-0.348,0.043,0.391,-0.348,1.157,0.125,-1.037,0.249,-1.286,-0.379,0.178,-0.557,-0.467,-0.167,-0.3,-0.44,-0.063,-0.377,0.043,0.003,0.041,-0.215,0.194,0.194,-1.209,-1.015,0.0,-0.215,-0.254,0.039,-0.215,-0.254,0.039,-2.252,0.265,-1.952,0.091,-2.043,-0.015,0.04,-0.055,-0.63,-0.23,-0.4,-1.398,-0.073,-1.325,0.102,0.205,-0.1,-0.172,-0.273,-0.273,-2.295,0.0,-0.172,0.137,-0.309,-0.172,0.137,-0.309,-1.095,0.39,-1.28,-1.015,-2.295,21239,10603,10636
1630541,Moses Moody,2024,-1.162,-0.232,-0.93,-0.919,-0.022,-0.897,-0.238,0.192,-0.43,0.227,-0.036,0.263,-0.201,-0.122,-0.08,-0.885,0.558,0.558,-2.248,-1.69,0.0,-0.885,-0.677,-0.208,-0.885,-0.677,-0.208,-0.841,-0.53,-0.69,0.047,-0.737,-0.081,0.011,-0.092,-0.275,-0.166,-0.109,-0.381,0.014,-0.395,-0.208,-0.074,-0.135,-0.336,0.627,0.627,-1.234,-0.607,0.0,-0.336,-0.34,0.004,-0.336,-0.34,0.004,-0.801,0.064,-1.852,-0.185,-1.667,-1.0,-0.011,-0.989,-0.513,0.026,-0.539,-0.154,-0.022,-0.132,-0.409,-0.196,-0.214,-1.221,1.185,1.185,-2.297,0.0,-1.221,-1.017,-0.204,-1.221,-1.017,-0.204,-1.642,-0.466,-1.69,-0.607,-2.297,11756,5888,5868
1628510,Andrew White III,2024,-0.764,0.162,-0.926,-0.885,-0.154,-0.731,-0.353,0.181,-0.534,0.312,-0.003,0.315,-0.232,-0.006,-0.224,-0.245,-0.178,-0.178,-1.241,-1.419,0.0,-0.245,0.015,-0.26,-0.245,0.015,-0.26,-0.067,-0.325,-0.89,-0.07,-0.82,0.143,0.081,0.062,-0.14,-0.083,-0.057,-0.823,0.001,-0.824,-0.057,0.072,-0.131,-0.235,0.291,0.291,-1.182,-0.891,0.0,-0.235,-0.008,-0.227,-0.235,-0.008,-0.227,-1.569,0.077,-1.654,0.092,-1.746,-0.742,-0.073,-0.669,-0.492,0.098,-0.59,-0.512,-0.003,-0.509,-0.289,0.066,-0.355,-0.48,0.113,0.113,-2.31,-0.001,-0.48,0.007,-0.487,-0.48,0.007,-0.487,-1.636,-0.248,-1.419,-0.891,-2.311,985,487,498
1630231,Kenyon Martin Jr.,2024,0.121,0.144,-0.023,0.709,0.41,0.299,0.497,0.494,0.003,-1.229,0.002,-1.231,-0.116,0.264,-0.382,-0.732,1.104,1.104,-0.727,0.377,-0.0,-0.732,-0.566,-0.166,-0.732,-0.566,-0.166,0.02,1.656,-1.707,0.037,-1.744,-0.708,-0.17,-0.538,-0.807,-0.298,-0.509,-0.229,0.011,-0.24,-0.508,-0.361,-0.144,-0.053,-0.429,-0.429,-2.268,-2.697,-0.0,-0.053,0.03,-0.083,-0.053,0.03,-0.083,0.333,-0.555,-1.589,0.181,-1.77,0.001,0.24,-0.239,-0.311,0.196,-0.507,-1.46,0.012,-1.472,-0.624,-0.097,-0.526,-0.785,0.675,0.675,-2.32,-0.001,-0.785,-0.536,-0.249,-0.785,-0.536,-0.249,0.353,1.101,0.377,-2.697,-2.321,23935,11938,11997
1629109,Gary Clark,2024,-2.143,-0.121,-2.022,-0.668,-0.293,-0.375,-0.063,0.417,-0.48,-1.291,0.021,-1.312,0.475,0.14,0.33,-0.147,0.956,0.956,-1.815,-0.859,-0.0,-0.147,0.061,-0.208,-0.147,0.061,-0.208,-1.956,-1.119,-0.144,0.047,-0.191,0.308,-0.029,0.337,-0.577,-0.144,-0.433,0.078,0.018,0.06,0.06,0.004,0.057,-0.37,-1.015,-1.015,-0.454,-1.469,-0.0,-0.37,-0.384,0.014,-0.37,-0.384,0.014,0.057,0.034,-2.286,-0.074,-2.212,-0.36,-0.322,-0.038,-0.639,0.274,-0.913,-1.213,0.039,-1.252,0.535,0.144,0.387,-0.517,-0.059,-0.059,-2.328,-0.0,-0.517,-0.323,-0.194,-0.517,-0.323,-0.194,-1.898,-1.085,-0.859,-1.469,-2.328,9752,4872,4880
2563,Dahntay Jones,2024,-0.488,-0.261,-0.227,-0.292,-0.137,-0.155,-0.051,0.031,-0.082,0.116,0.026,0.09,-0.233,-0.025,-0.202,0.241,-0.455,-0.455,-0.48,-0.935,0.0,0.241,0.362,-0.121,0.241,0.362,-0.121,-2.069,-0.616,-0.917,0.074,-0.991,0.266,0.063,0.203,-0.668,-0.102,-0.566,-0.589,-0.003,-0.586,-0.136,-0.195,0.055,0.2,-0.545,-0.545,-0.853,-1.398,0.0,0.2,-0.03,0.23,0.2,-0.03,0.23,-0.181,0.001,-1.405,-0.187,-1.218,-0.026,-0.074,0.048,-0.719,-0.071,-0.648,-0.473,0.023,-0.496,-0.369,-0.219,-0.147,0.442,-1.001,-1.001,-2.333,0.001,0.442,0.331,0.111,0.442,0.331,0.111,-2.25,-0.616,-0.935,-1.398,-2.332,2156,1068,1088
201880,Greg Stiemsma,2024,-0.943,0.082,-1.025,-0.363,-0.086,-0.277,-0.327,0.121,-0.448,-0.335,-0.054,-0.281,-0.139,-0.021,-0.114,-0.188,-0.049,-0.049,-1.27,-1.319,-0.0,-0.188,-0.054,-0.134,-0.188,-0.054,-0.134,-0.533,-0.044,-0.923,-0.124,-0.799,-0.154,0.044,-0.198,-0.35,-0.108,-0.242,-0.295,0.006,-0.301,-0.056,-0.04,-0.019,-0.048,0.01,0.01,-1.027,-1.017,0.0,-0.048,-0.053,0.005,-0.048,-0.053,0.005,-0.774,-0.111,-1.866,-0.042,-1.824,-0.517,-0.042,-0.475,-0.677,0.013,-0.69,-0.63,-0.048,-0.582,-0.195,-0.062,-0.133,-0.235,-0.039,-0.039,-2.336,0.0,-0.235,-0.108,-0.127,-0.235,-0.108,-0.127,-1.307,-0.155,-1.319,-1.017,-2.336,194,98,96
202361,Landry Fields,2024,-0.829,-0.047,-0.782,-0.328,-0.106,-0.222,-0.022,-0.071,0.049,-0.432,-0.03,-0.402,-0.583,-0.393,-0.193,-0.1,-0.279,-0.279,-1.512,-1.791,0.0,-0.1,0.105,-0.205,-0.1,0.105,-0.205,-0.177,0.083,-0.266,0.086,-0.352,-0.175,0.003,-0.178,-0.046,-0.079,0.033,-0.131,0.002,-0.133,0.056,-0.01,0.061,-0.205,-0.13,-0.13,-0.415,-0.545,0.0,-0.205,-0.117,-0.088,-0.205,-0.117,-0.088,-0.295,-0.031,-1.094,0.039,-1.133,-0.502,-0.103,-0.399,-0.067,-0.15,0.083,-0.564,-0.028,-0.536,-0.528,-0.403,-0.132,-0.305,-0.409,-0.409,-2.336,-0.001,-0.305,-0.012,-0.293,-0.305,-0.012,-0.293,-0.472,0.052,-1.791,-0.545,-2.337,957,479,478
1626195,Willy Hernangomez,2024,-1.474,0.108,-1.582,-0.961,0.155,-1.116,0.14,-0.236,0.376,-0.761,-0.062,-0.699,0.137,0.458,-0.32,-0.516,2.014,2.014,-1.853,0.161,0.0,-0.516,-0.237,-0.279,-0.516,-0.237,-0.279,-1.402,0.436,-1.907,-0.133,-1.774,-0.805,-0.161,-0.644,-1.444,-0.113,-1.331,0.475,0.006,0.469,-0.163,0.067,-0.228,-0.47,0.041,0.041,-2.54,-2.499,0.0,-0.47,0.048,-0.518,-0.47,0.048,-0.518,-1.45,-0.264,-3.381,-0.025,-3.356,-1.767,-0.006,-1.761,-1.303,-0.349,-0.954,-0.286,-0.056,-0.23,-0.026,0.525,-0.548,-0.986,2.055,2.055,-2.338,0.0,-0.986,-0.189,-0.797,-0.986,-0.189,-0.797,-2.852,0.172,0.161,-2.499,-2.338,21625,10807,10818
1631160,Jordan Hall,2024,-1.212,0.344,-1.556,-0.655,-0.183,-0.472,0.016,0.13,-0.114,-0.917,-0.042,-0.875,-0.246,-0.108,-0.137,-0.307,-0.075,-0.075,-1.765,-1.84,-0.0,-0.307,-0.072,-0.235,-0.307,-0.072,-0.235,-0.504,-0.13,-0.698,-0.046,-0.652,-0.141,0.035,-0.176,-0.075,-0.118,0.043,-0.436,0.019,-0.455,-0.072,-0.085,0.01,0.021,0.25,0.25,-0.749,-0.499,-0.0,0.021,0.02,0.001,0.021,0.02,0.001,-0.222,-0.049,-1.91,0.298,-2.208,-0.796,-0.148,-0.648,-0.059,0.013,-0.072,-1.353,-0.023,-1.33,-0.317,-0.193,-0.126,-0.286,0.175,0.175,-2.339,-0.0,-0.286,-0.052,-0.234,-0.286,-0.052,-0.234,-0.725,-0.179,-1.84,-0.499,-2.339,348,173,175
202332,Cole Aldrich,2024,-2.117,-0.325,-1.792,-0.641,-0.211,-0.43,-1.048,-0.638,-0.41,-0.103,-0.037,-0.066,-0.754,-0.766,0.013,-1.018,0.035,0.035,-3.889,-3.854,0.0,-1.018,-0.673,-0.345,-1.018,-0.673,-0.345,-1.852,-0.669,1.343,0.467,0.876,0.048,-0.083,0.131,-0.118,-0.078,-0.04,0.946,-0.006,0.952,0.14,-0.01,0.147,0.707,-0.675,-0.675,2.19,1.515,0.0,0.707,0.358,0.349,0.707,0.358,0.349,1.513,0.189,-0.775,0.142,-0.917,-0.593,-0.294,-0.299,-1.167,-0.716,-0.451,0.843,-0.043,0.886,-0.614,-0.776,0.16,-0.312,-0.64,-0.64,-2.339,0.0,-0.312,-0.315,0.003,-0.312,-0.315,0.003,-0.338,-0.48,-3.854,1.515,-2.339,10362,5183,5179
1631219,John Butler Jr.,2024,-0.601,0.056,-0.657,-0.056,-0.156,0.1,-0.628,0.175,-0.803,0.027,-0.038,0.065,-0.555,-0.388,-0.172,0.33,-0.65,-0.65,-0.826,-1.476,0.0,0.33,0.116,0.214,0.33,0.116,0.214,0.344,-0.038,-0.574,-0.084,-0.49,0.047,-0.006,0.053,-0.244,-0.159,-0.085,-0.293,0.019,-0.312,-0.145,-0.114,-0.033,-0.077,-0.068,-0.068,-0.796,-0.864,-0.0,-0.077,0.107,-0.184,-0.077,0.107,-0.184,-0.972,-0.147,-1.176,-0.028,-1.148,-0.009,-0.162,0.153,-0.872,0.015,-0.887,-0.267,-0.019,-0.248,-0.699,-0.503,-0.206,0.253,-0.717,-0.717,-2.34,0.0,0.253,0.224,0.029,0.253,0.224,0.029,-0.627,-0.186,-1.476,-0.864,-2.34,943,472,471
1626203,Treveon Graham,2024,-2.233,-0.036,-2.197,-0.842,-0.206,-0.636,-0.484,0.105,-0.589,-0.871,0.012,-0.883,0.007,-0.075,0.08,0.454,-0.164,-0.164,-1.772,-1.936,0.0,0.454,-0.166,0.62,0.454,-0.166,0.62,-2.633,-0.662,0.019,-0.067,0.086,0.245,0.111,0.134,-0.319,0.066,-0.385,0.16,0.011,0.149,-0.317,-0.138,-0.18,-0.21,0.103,0.103,-0.508,-0.405,0.0,-0.21,-0.291,0.081,-0.21,-0.291,0.081,0.027,0.015,-2.213,-0.103,-2.11,-0.597,-0.095,-0.502,-0.802,0.171,-0.973,-0.711,0.023,-0.734,-0.31,-0.213,-0.1,0.244,-0.061,-0.061,-2.341,-0.001,0.244,-0.457,0.701,0.244,-0.457,0.701,-2.607,-0.648,-1.936,-0.405,-2.342,13056,6499,6557
101127,Jarrett Jack,2024,-0.243,-0.303,0.06,-0.723,-0.34,-0.383,0.54,-0.853,1.393,0.243,-0.121,0.364,0.377,0.277,0.105,-0.91,-0.547,-0.547,-0.776,-1.323,0.0,-0.91,-0.154,-0.756,-0.91,-0.154,-0.756,-1.954,-0.631,-0.722,0.415,-1.137,0.058,-0.07,0.128,-0.562,-0.253,-0.309,-0.633,-0.108,-0.525,-0.252,-0.343,0.086,0.144,-0.19,-0.19,-0.83,-1.02,0.0,0.144,-0.174,0.318,0.144,-0.174,0.318,-1.449,-0.036,-0.966,0.112,-1.078,-0.666,-0.41,-0.256,-0.022,-1.106,1.084,-0.39,-0.229,-0.161,0.125,-0.067,0.191,-0.766,-0.737,-0.737,-2.343,-0.001,-0.766,-0.328,-0.438,-0.766,-0.328,-0.438,-3.403,-0.667,-1.323,-1.02,-2.344,20178,10092,10086
1629019,Allonzo Trier,2024,-0.543,0.119,-0.662,-0.955,0.194,-1.149,-0.57,0.076,-0.646,0.863,-0.048,0.911,0.849,0.721,0.13,-0.757,-0.193,-0.193,-0.451,-0.644,0.0,-0.757,-0.262,-0.495,-0.757,-0.262,-0.495,-3.855,-0.535,-0.04,-0.06,0.02,-0.224,-0.117,-0.107,0.127,-0.146,0.273,0.117,0.029,0.088,-0.429,-0.487,0.058,-0.378,-0.855,-0.855,-0.847,-1.702,0.0,-0.378,-0.158,-0.22,-0.378,-0.158,-0.22,0.382,-0.428,-0.583,0.059,-0.642,-1.179,0.077,-1.256,-0.443,-0.07,-0.373,0.98,-0.019,0.999,0.42,0.233,0.188,-1.135,-1.047,-1.047,-2.346,0.0,-1.135,-0.42,-0.715,-1.135,-0.42,-0.715,-3.472,-0.963,-0.644,-1.702,-2.346,6848,3422,3426
201147,Corey Brewer,2024,-2.084,-0.389,-1.695,0.26,0.397,-0.137,-1.095,0.375,-1.47,-0.86,0.034,-0.894,-0.032,0.511,-0.532,-0.624,0.334,0.334,-2.74,-2.406,0.0,-0.624,-0.574,-0.05,-0.624,-0.574,-0.05,-1.298,0.508,0.444,0.386,0.058,-0.202,-0.002,-0.2,0.369,-0.148,0.517,-0.109,-0.055,-0.054,-0.362,-0.444,0.076,1.177,-1.204,-1.204,1.259,0.055,-0.0,1.177,0.465,0.712,1.177,0.465,0.712,0.615,-0.014,-1.641,-0.003,-1.638,0.058,0.395,-0.337,-0.726,0.227,-0.953,-0.97,-0.021,-0.949,-0.394,0.067,-0.456,0.553,-0.87,-0.87,-2.351,0.0,0.553,-0.109,0.662,0.553,-0.109,0.662,-0.683,0.494,-2.406,0.055,-2.351,34446,17164,17282
1628495,Milton Doyle,2024,-1.638,0.15,-1.788,-0.757,-0.176,-0.581,-0.355,0.075,-0.43,-0.676,-0.038,-0.638,-0.227,-0.277,0.055,-0.211,0.145,0.145,-2.076,-1.931,0.0,-0.211,-0.186,-0.025,-0.211,-0.186,-0.025,-0.867,-0.358,-0.437,-0.153,-0.284,-0.136,0.051,-0.187,-0.002,-0.084,0.082,-0.146,0.022,-0.168,-0.082,-0.05,-0.035,0.098,-0.007,-0.007,-0.421,-0.428,0.0,0.098,0.027,0.071,0.098,0.027,0.071,-0.025,-0.008,-2.075,-0.003,-2.072,-0.893,-0.125,-0.768,-0.357,-0.009,-0.348,-0.822,-0.016,-0.806,-0.31,-0.328,0.02,-0.112,0.138,0.138,-2.359,0.0,-0.112,-0.158,0.046,-0.112,-0.158,0.046,-0.892,-0.366,-1.931,-0.428,-2.359,371,184,187
1629644,KZ Okpala,2024,-1.86,-0.556,-1.304,0.05,-0.01,0.06,0.812,0.327,0.485,-2.166,-0.013,-2.153,-0.323,-0.318,-0.007,0.126,-0.915,-0.915,-2.057,-2.972,0.0,0.126,0.431,-0.305,0.126,0.431,-0.305,-0.253,0.299,0.008,0.087,-0.079,0.136,0.096,0.04,-0.068,-0.133,0.065,-0.147,-0.011,-0.136,0.112,-0.076,0.189,-0.09,0.582,0.582,0.03,0.612,0.0,-0.09,-0.398,0.308,-0.09,-0.398,0.308,-0.43,0.264,-1.849,-0.469,-1.38,0.187,0.086,0.101,0.744,0.194,0.55,-2.311,-0.023,-2.288,-0.21,-0.394,0.182,0.036,-0.333,-0.333,-2.36,0.0,0.036,0.033,0.003,0.036,0.033,0.003,-0.683,0.563,-2.972,0.612,-2.36,3859,1923,1936
1630240,Saben Lee,2024,-3.541,-0.088,-3.453,-1.086,0.2,-1.286,-0.506,0.25,-0.756,-1.861,-0.042,-1.819,0.435,0.618,-0.18,0.03,0.782,0.782,-3.076,-2.294,0.0,0.03,-0.058,0.088,0.03,-0.058,0.088,-0.44,-0.087,-0.104,0.054,-0.158,-0.599,-0.142,-0.457,-0.006,-0.084,0.078,0.447,0.01,0.437,0.391,0.277,0.118,0.227,-0.58,-0.58,0.514,-0.066,-0.0,0.227,-0.222,0.449,0.227,-0.222,0.449,-0.59,-0.472,-3.646,-0.034,-3.612,-1.685,0.058,-1.743,-0.513,0.165,-0.678,-1.414,-0.032,-1.382,0.826,0.894,-0.062,0.257,0.202,0.202,-2.36,-0.001,0.257,-0.28,0.537,0.257,-0.28,0.537,-1.03,-0.559,-2.294,-0.066,-2.361,7835,3917,3918
1641793,Hodge,2024,-0.857,0.138,-0.995,-0.185,-0.162,-0.023,0.071,0.097,-0.026,-0.881,-0.044,-0.837,-0.208,-0.091,-0.116,-0.156,-0.154,-0.154,-1.221,-1.375,-0.0,-0.156,-0.135,-0.021,-0.156,-0.135,-0.021,-0.635,-0.077,-0.672,-0.137,-0.535,-0.078,0.045,-0.123,-0.202,-0.111,-0.091,-0.255,0.019,-0.274,-0.071,-0.08,0.006,-0.058,-0.188,-0.188,-0.801,-0.989,0.0,-0.058,-0.051,-0.007,-0.058,-0.051,-0.007,-0.386,-0.09,-1.526,0.001,-1.527,-0.262,-0.117,-0.145,-0.13,-0.013,-0.117,-1.135,-0.024,-1.111,-0.279,-0.171,-0.11,-0.214,-0.341,-0.341,-2.364,0.0,-0.214,-0.186,-0.028,-0.214,-0.186,-0.028,-1.021,-0.167,-1.375,-0.989,-2.364,171,87,84
1631119,Jaylin Williams,2024,-0.6,0.241,-0.841,-0.922,-0.316,-0.606,-0.055,-0.044,-0.011,0.136,-0.007,0.143,-0.041,-0.002,-0.039,-0.507,-0.505,-0.505,-1.148,-1.653,0.0,-0.507,-0.378,-0.129,-0.507,-0.378,-0.129,0.978,-0.815,-1.78,-0.015,-1.765,-0.65,0.217,-0.867,-0.073,0.102,-0.175,-1.042,0.009,-1.051,0.093,-0.046,0.14,0.255,0.719,0.719,-1.432,-0.713,0.0,0.255,0.065,0.19,0.255,0.065,0.19,-2.287,-0.134,-2.383,0.226,-2.609,-1.573,-0.099,-1.474,-0.129,0.058,-0.187,-0.907,0.002,-0.909,0.052,-0.048,0.101,-0.253,0.214,0.214,-2.366,0.0,-0.253,-0.313,0.06,-0.253,-0.313,0.06,-1.309,-0.949,-1.653,-0.713,-2.366,7952,3966,3986
2045,Hedo Turkoglu,2024,-0.262,-0.312,0.05,-0.453,-0.316,-0.137,-0.186,-0.128,-0.058,0.689,0.145,0.544,-0.327,-0.348,0.028,-0.337,-0.719,-0.719,-0.926,-1.645,0.0,-0.337,-0.198,-0.139,-0.337,-0.198,-0.139,-0.099,-0.823,-0.926,0.134,-1.06,0.054,0.178,-0.124,-0.449,-0.111,-0.338,-0.665,-0.089,-0.576,0.034,-0.139,0.168,-0.023,0.19,0.19,-0.915,-0.725,0.0,-0.023,0.016,-0.039,-0.023,0.016,-0.039,-0.48,0.323,-1.188,-0.178,-1.01,-0.398,-0.138,-0.26,-0.635,-0.239,-0.396,0.023,0.056,-0.033,-0.293,-0.486,0.196,-0.36,-0.528,-0.528,-2.37,0.0,-0.36,-0.182,-0.178,-0.36,-0.182,-0.178,-0.58,-0.501,-1.645,-0.725,-2.37,3401,1719,1682
1626253,Axel Toupane,2024,-0.157,0.209,-0.366,-0.186,-0.084,-0.102,-0.242,0.077,-0.319,0.062,0.004,0.058,-0.228,-0.317,0.096,-0.262,-0.16,-0.16,-0.647,-0.807,0.0,-0.262,-0.208,-0.054,-0.262,-0.208,-0.054,-0.255,-0.232,-1.205,-0.047,-1.158,-0.498,-0.058,-0.44,0.064,-0.172,0.236,-0.724,-0.008,-0.716,-0.02,0.043,-0.065,-0.065,-0.275,-0.275,-1.29,-1.565,0.0,-0.065,-0.094,0.029,-0.065,-0.094,0.029,-1.61,-0.376,-1.362,0.162,-1.524,-0.684,-0.142,-0.542,-0.179,-0.096,-0.083,-0.661,-0.004,-0.657,-0.248,-0.274,0.031,-0.327,-0.435,-0.435,-2.372,0.0,-0.327,-0.302,-0.025,-0.327,-0.302,-0.025,-1.864,-0.608,-0.807,-1.565,-2.372,1482,739,743
1629021,Moritz Wagner,2024,-0.775,0.04,-0.815,-0.177,0.362,-0.539,-0.125,0.497,-0.622,-0.513,-0.007,-0.506,0.309,0.194,0.11,-1.16,-0.195,-0.195,-1.626,-1.821,0.0,-1.16,-0.44,-0.72,-1.16,-0.44,-0.72,0.77,1.199,-1.058,0.003,-1.061,-0.91,0.133,-1.043,-0.783,-0.151,-0.632,0.632,-0.006,0.638,-0.058,-0.077,0.022,0.739,-0.174,-0.174,-0.377,-0.551,0.0,0.739,-0.166,0.905,0.739,-0.166,0.905,-0.737,0.102,-1.832,0.043,-1.875,-1.087,0.495,-1.582,-0.907,0.346,-1.253,0.119,-0.013,0.132,0.251,0.117,0.132,-0.421,-0.369,-0.369,-2.372,0.0,-0.421,-0.606,0.185,-0.421,-0.606,0.185,0.033,1.302,-1.821,-0.551,-2.372,23665,11838,11827
1630187,Daniel Oturu,2024,-2.498,-0.1,-2.398,-0.632,-0.159,-0.473,-0.655,-0.076,-0.579,-1.111,-0.053,-1.058,-0.362,-0.316,-0.048,-0.076,1.126,1.126,-2.936,-1.81,0.0,-0.076,0.166,-0.242,-0.076,0.166,-0.242,-1.619,-0.278,-0.58,0.041,-0.621,-0.286,0.052,-0.338,-0.077,-0.139,0.062,-0.258,0.024,-0.282,-0.174,-0.217,0.04,-0.154,0.344,0.344,-0.908,-0.564,0.0,-0.154,-0.249,0.095,-0.154,-0.249,0.095,-0.317,-0.142,-3.079,-0.059,-3.02,-0.919,-0.108,-0.811,-0.732,-0.215,-0.517,-1.369,-0.029,-1.34,-0.537,-0.534,-0.008,-0.23,1.47,1.47,-2.374,0.0,-0.23,-0.083,-0.147,-0.23,-0.083,-0.147,-1.935,-0.42,-1.81,-0.564,-2.374,825,414,411
203910,Nick Johnson,2024,-0.241,-0.234,-0.007,0.236,-0.081,0.317,-0.067,0.157,-0.224,-0.176,0.04,-0.216,-0.346,-0.042,-0.299,-0.139,-1.372,-1.372,-0.726,-2.098,0.0,-0.139,0.071,-0.21,-0.139,0.071,-0.21,-1.458,-0.119,-0.022,0.142,-0.164,-0.215,0.043,-0.258,-0.106,-0.059,-0.047,0.157,-0.006,0.163,-0.095,-0.126,0.026,-0.142,-0.024,-0.024,-0.259,-0.283,0.0,-0.142,-0.149,0.007,-0.142,-0.149,0.007,-0.161,-0.07,-0.261,-0.092,-0.169,0.022,-0.038,0.06,-0.173,0.098,-0.271,-0.018,0.034,-0.052,-0.442,-0.168,-0.272,-0.281,-1.396,-1.396,-2.381,-0.001,-0.281,-0.078,-0.203,-0.281,-0.078,-0.203,-1.619,-0.189,-2.098,-0.283,-2.382,1622,800,822
1627215,Walter Lemon Jr.,2024,-0.395,0.349,-0.744,-0.856,0.11,-0.966,0.394,0.104,0.29,-0.282,-0.056,-0.226,-0.424,-0.352,-0.074,0.061,-0.329,-0.329,-0.758,-1.087,0.0,0.061,0.132,-0.071,0.061,0.132,-0.071,-1.034,-0.207,-1.22,-0.082,-1.138,-0.154,0.038,-0.192,-0.368,-0.088,-0.28,-0.616,0.018,-0.634,-0.094,-0.049,-0.047,-0.098,0.116,0.116,-1.412,-1.296,0.0,-0.098,-0.016,-0.082,-0.098,-0.016,-0.082,-0.648,0.018,-1.613,0.267,-1.88,-1.01,0.148,-1.158,0.028,0.017,0.011,-0.898,-0.038,-0.86,-0.518,-0.401,-0.122,-0.037,-0.213,-0.213,-2.383,0.0,-0.037,0.115,-0.152,-0.037,0.115,-0.152,-1.683,-0.188,-1.087,-1.296,-2.383,824,408,416
203099,Jared Cunningham,2024,0.457,-0.161,0.618,0.499,-0.096,0.595,-0.244,0.167,-0.411,0.363,0.007,0.356,-0.494,-0.155,-0.341,-0.398,-0.599,-0.599,-0.435,-1.034,0.0,-0.398,-0.237,-0.161,-0.398,-0.237,-0.161,1.302,0.411,-1.197,-0.114,-1.083,0.12,-0.015,0.135,-0.594,-0.117,-0.477,-0.609,0.015,-0.624,-0.359,-0.387,0.025,-0.018,0.217,0.217,-1.574,-1.357,0.0,-0.018,-0.207,0.189,-0.018,-0.207,0.189,-0.096,0.032,-0.738,-0.275,-0.463,0.62,-0.11,0.73,-0.838,0.05,-0.888,-0.245,0.023,-0.268,-0.853,-0.542,-0.317,-0.416,-0.381,-0.381,-2.391,0.0,-0.416,-0.443,0.027,-0.416,-0.443,0.027,1.206,0.443,-1.034,-1.357,-2.391,2687,1345,1342
1629685,Dylan Windler,2024,-0.456,-0.119,-0.337,-0.305,-0.135,-0.17,-0.471,0.043,-0.514,0.439,-0.027,0.466,-0.273,-0.023,-0.25,-1.306,-0.418,-0.418,-2.035,-2.453,0.0,-1.306,-0.233,-1.073,-1.306,-0.233,-1.073,-1.147,-0.181,0.475,0.225,0.25,0.1,0.004,0.096,-0.732,-0.062,-0.67,0.882,0.034,0.848,-0.202,-0.412,0.21,0.075,-0.289,-0.289,0.348,0.059,0.0,0.075,0.011,0.064,0.075,0.011,0.064,1.717,0.034,0.019,0.106,-0.087,-0.205,-0.131,-0.074,-1.202,-0.019,-1.183,1.32,0.007,1.313,-0.475,-0.435,-0.04,-1.231,-0.707,-0.707,-2.394,0.0,-1.231,-0.222,-1.009,-1.231,-0.222,-1.009,0.57,-0.147,-2.453,0.059,-2.394,4430,2204,2226
201600,Omer Asik,2024,-0.143,-0.155,0.012,-1.563,0.044,-1.607,0.554,-0.728,1.282,1.021,-0.057,1.078,-1.107,-0.588,-0.51,-0.857,-0.386,-0.386,-2.107,-2.493,0.0,-0.857,-0.221,-0.636,-0.857,-0.221,-0.636,0.356,-0.421,-0.317,0.209,-0.526,-0.038,-0.003,-0.035,-0.165,0.37,-0.535,-0.323,-0.031,-0.292,0.526,0.653,-0.134,-0.857,0.745,0.745,-0.648,0.097,-0.0,-0.857,-0.632,-0.225,-0.857,-0.632,-0.225,-2.726,-0.143,-0.46,0.054,-0.514,-1.601,0.041,-1.642,0.389,-0.358,0.747,0.698,-0.088,0.786,-0.581,0.066,-0.644,-1.714,0.36,0.36,-2.396,0.0,-1.714,-0.853,-0.861,-1.714,-0.853,-0.861,-2.37,-0.564,-2.493,0.097,-2.396,15778,7868,7910
1627778,Chinanu Onuaku,2024,-0.923,0.186,-1.109,-0.166,-0.122,-0.044,-0.055,0.12,-0.175,-0.888,-0.035,-0.853,-0.178,-0.108,-0.066,-0.241,-0.339,-0.339,-1.342,-1.681,0.0,-0.241,0.003,-0.244,-0.241,0.003,-0.244,-1.09,0.074,-0.476,-0.099,-0.377,-0.101,0.035,-0.136,-0.15,-0.103,-0.047,-0.126,0.026,-0.152,-0.11,-0.137,0.023,-0.122,-0.01,-0.01,-0.708,-0.718,0.0,-0.122,-0.009,-0.113,-0.122,-0.009,-0.113,-0.335,-0.129,-1.399,0.087,-1.486,-0.267,-0.087,-0.18,-0.205,0.017,-0.222,-1.014,-0.009,-1.005,-0.288,-0.245,-0.043,-0.362,-0.349,-0.349,-2.399,0.0,-0.362,-0.006,-0.356,-0.362,-0.006,-0.356,-1.425,-0.054,-1.681,-0.718,-2.399,249,129,120
1630543,Isaiah Jackson,2024,0.007,-0.074,0.081,0.656,0.225,0.431,-0.159,-0.169,0.01,-0.416,-0.011,-0.405,-0.316,-0.134,-0.184,-1.736,0.166,0.166,-2.045,-1.879,0.0,-1.736,-1.579,-0.157,-1.736,-1.579,-0.157,-0.591,1.267,-0.459,-0.125,-0.334,0.433,-0.04,0.473,-0.421,-0.196,-0.225,-0.346,0.003,-0.349,-0.05,-0.315,0.269,0.334,-0.352,-0.352,-0.175,-0.527,-0.0,0.334,0.119,0.215,0.334,0.119,0.215,-1.005,-0.142,-0.452,-0.199,-0.253,1.089,0.185,0.904,-0.58,-0.365,-0.215,-0.762,-0.008,-0.754,-0.366,-0.449,0.086,-1.402,-0.186,-0.186,-2.406,-0.0,-1.402,-1.46,0.058,-1.402,-1.46,0.058,-1.596,1.125,-1.879,-0.527,-2.406,10547,5272,5275
1629134,Kendrick Nunn,2024,0.09,-0.123,0.213,0.334,0.01,0.324,-0.407,0.088,-0.495,0.286,-0.035,0.321,-0.263,-0.1,-0.168,-0.336,-0.54,-0.54,-0.509,-1.049,0.0,-0.336,-0.476,0.14,-0.336,-0.476,0.14,-0.586,0.199,-0.891,0.051,-0.942,-0.093,0.133,-0.226,-0.336,-0.216,-0.12,-0.513,-0.05,-0.463,0.123,0.104,0.021,-0.274,-0.322,-0.322,-1.042,-1.364,0.0,-0.274,-0.011,-0.263,-0.274,-0.011,-0.263,-3.951,-0.082,-0.8,-0.072,-0.728,0.242,0.144,0.098,-0.743,-0.128,-0.615,-0.227,-0.085,-0.142,-0.14,0.004,-0.148,-0.61,-0.862,-0.862,-2.413,-0.001,-0.61,-0.487,-0.123,-0.61,-0.487,-0.123,-4.537,0.117,-1.049,-1.364,-2.414,19870,9927,9943
1626170,Jerian Grant,2024,-2.047,-0.125,-1.922,-0.379,-0.252,-0.127,-1.15,-0.264,-0.886,-0.393,-0.01,-0.383,0.21,0.151,0.062,0.268,-0.274,-0.274,-1.569,-1.843,0.0,0.268,0.035,0.233,0.268,0.035,0.233,-0.814,-0.714,-0.957,0.034,-0.991,-0.53,-0.009,-0.521,-0.055,-0.167,0.112,-0.406,-0.025,-0.381,-0.151,-0.075,-0.077,0.439,0.095,0.095,-0.669,-0.574,-0.0,0.439,0.148,0.291,0.439,0.148,0.291,-0.84,-0.123,-3.003,-0.091,-2.912,-0.908,-0.26,-0.648,-1.205,-0.431,-0.774,-0.799,-0.035,-0.764,0.059,0.076,-0.015,0.707,-0.179,-0.179,-2.417,0.001,0.707,0.183,0.524,0.707,0.183,0.524,-1.655,-0.837,-1.843,-0.574,-2.416,20642,10313,10329
1630536,Sharife Cooper,2024,-1.151,0.259,-1.41,-0.539,-0.157,-0.382,-0.222,0.122,-0.344,-0.649,-0.045,-0.604,-0.213,-0.111,-0.1,-0.138,-0.31,-0.31,-1.502,-1.812,0.0,-0.138,-0.024,-0.114,-0.138,-0.024,-0.114,-0.612,-0.215,-0.583,-0.031,-0.552,-0.158,0.048,-0.206,-0.187,-0.115,-0.072,-0.207,0.019,-0.226,-0.047,-0.078,0.027,-0.082,0.103,0.103,-0.712,-0.609,0.0,-0.082,-0.067,-0.015,-0.082,-0.067,-0.015,-0.561,-0.105,-1.734,0.228,-1.962,-0.698,-0.109,-0.589,-0.409,0.007,-0.416,-0.855,-0.025,-0.83,-0.26,-0.189,-0.073,-0.22,-0.207,-0.207,-2.421,0.0,-0.22,-0.092,-0.128,-0.22,-0.092,-0.128,-1.173,-0.319,-1.812,-0.609,-2.421,164,82,82
202779,Dwight Buycks,2024,-2.141,0.026,-2.167,-0.879,0.08,-0.959,-0.867,0.016,-0.883,-0.421,-0.076,-0.345,-0.042,0.14,-0.176,-0.436,0.175,0.175,-2.619,-2.444,0.0,-0.436,-0.576,0.14,-0.436,-0.576,0.14,-1.306,0.137,-0.049,0.106,-0.155,0.125,-0.015,0.14,0.064,-0.121,0.185,-0.344,-0.006,-0.338,0.095,0.106,-0.014,-0.153,0.126,0.126,-0.107,0.019,-0.0,-0.153,-0.186,0.033,-0.153,-0.186,0.033,-1.298,-0.113,-2.189,0.132,-2.321,-0.753,0.066,-0.819,-0.803,-0.105,-0.698,-0.765,-0.082,-0.683,0.053,0.246,-0.19,-0.589,0.301,0.301,-2.425,0.001,-0.589,-0.762,0.173,-0.589,-0.762,0.173,-2.604,0.024,-2.444,0.019,-2.424,2272,1135,1137
1630205,Lamar Stevens,2024,-1.754,-0.109,-1.645,0.167,-0.111,0.278,-0.774,-0.159,-0.615,-1.038,-0.039,-0.999,-0.029,0.134,-0.169,0.161,-0.249,-0.249,-1.622,-1.871,0.0,0.161,0.394,-0.233,0.161,0.394,-0.233,-2.119,0.089,-0.912,-0.064,-0.848,-0.086,0.083,-0.169,0.193,-0.066,0.259,-0.955,0.01,-0.965,-0.077,-0.152,0.077,0.168,0.253,0.253,-0.821,-0.568,0.0,0.168,0.008,0.16,0.168,0.008,0.16,0.486,0.365,-2.665,-0.173,-2.492,0.082,-0.028,0.11,-0.581,-0.225,-0.356,-1.993,-0.029,-1.964,-0.106,-0.018,-0.092,0.329,0.003,0.003,-2.439,0.0,0.329,0.403,-0.074,0.329,0.403,-0.074,-1.632,0.455,-1.871,-0.568,-2.439,12734,6352,6382
203105,Festus Ezeli,2024,-2.501,-0.203,-2.298,-1.248,-0.197,-1.051,-0.897,-0.334,-0.563,-0.153,-0.006,-0.147,-0.674,-0.091,-0.573,-0.805,1.479,1.479,-3.98,-2.501,0.0,-0.805,-0.422,-0.383,-0.805,-0.422,-0.383,-2.027,-0.411,-1.114,0.068,-1.182,-1.106,0.042,-1.148,0.153,0.28,-0.127,-0.229,0.039,-0.268,0.053,0.153,-0.105,-0.061,1.183,1.183,-1.122,0.061,0.0,-0.061,-0.204,0.143,-0.061,-0.204,0.143,-0.562,-0.189,-3.618,-0.135,-3.483,-2.355,-0.155,-2.2,-0.745,-0.054,-0.691,-0.383,0.032,-0.415,-0.621,0.062,-0.678,-0.866,2.662,2.662,-2.44,0.0,-0.866,-0.626,-0.24,-0.866,-0.626,-0.24,-2.589,-0.6,-2.501,0.061,-2.44,8119,4060,4059
1631243,Mouhamed Gueye,2024,-1.009,0.283,-1.292,-0.551,-0.154,-0.397,-0.195,0.099,-0.294,-0.546,-0.04,-0.506,-0.245,-0.099,-0.146,-0.335,-0.34,-0.34,-1.589,-1.929,0.0,-0.335,-0.196,-0.139,-0.335,-0.196,-0.139,-0.804,-0.278,-0.679,-0.041,-0.638,-0.177,0.064,-0.241,-0.229,-0.115,-0.114,-0.232,0.019,-0.251,-0.143,-0.146,-0.0,0.019,0.288,0.288,-0.803,-0.515,0.0,0.019,0.005,0.014,0.019,0.005,0.014,-0.247,-0.1,-1.688,0.242,-1.93,-0.727,-0.09,-0.637,-0.424,-0.016,-0.408,-0.779,-0.022,-0.757,-0.388,-0.245,-0.146,-0.315,-0.052,-0.052,-2.444,0.0,-0.315,-0.191,-0.124,-0.315,-0.191,-0.124,-1.052,-0.379,-1.929,-0.515,-2.444,313,156,157
201160,Jason Smith,2024,-0.803,-0.301,-0.502,-0.357,-0.313,-0.044,-0.303,-0.729,0.426,0.158,-0.056,0.214,0.106,-0.135,0.247,-0.459,-0.463,-0.463,-1.156,-1.619,0.0,-0.459,-0.304,-0.155,-0.459,-0.304,-0.155,0.477,-0.873,-0.05,0.206,-0.256,0.658,0.077,0.581,-0.072,-0.125,0.053,-0.842,-0.057,-0.785,-0.302,-0.503,0.197,-0.259,-0.214,-0.214,-0.611,-0.825,0.0,-0.259,-0.508,0.249,-0.259,-0.508,0.249,-0.904,0.271,-0.854,-0.095,-0.759,0.301,-0.235,0.536,-0.376,-0.855,0.479,-0.684,-0.113,-0.571,-0.196,-0.638,0.444,-0.717,-0.677,-0.677,-2.444,0.0,-0.717,-0.811,0.094,-0.717,-0.811,0.094,-0.428,-0.602,-1.619,-0.825,-2.444,19035,9502,9533
1630221,Josh Hall,2024,-0.533,0.417,-0.95,-0.465,-0.066,-0.399,-0.035,0.083,-0.118,-0.45,-0.053,-0.397,-0.335,0.529,-0.872,0.02,-0.588,-0.588,-0.848,-1.436,0.0,0.02,0.097,-0.077,0.02,0.097,-0.077,-1.084,-0.015,-0.78,-0.066,-0.714,-0.127,0.016,-0.143,-0.238,-0.168,-0.07,-0.349,0.001,-0.35,-0.103,-0.072,-0.033,-0.321,0.189,0.189,-1.204,-1.015,0.0,-0.321,-0.056,-0.265,-0.321,-0.056,-0.265,-0.977,-0.231,-1.314,0.351,-1.665,-0.593,-0.051,-0.542,-0.273,-0.085,-0.188,-0.799,-0.052,-0.747,-0.438,0.457,-0.905,-0.301,-0.398,-0.398,-2.451,-0.0,-0.301,0.04,-0.341,-0.301,0.04,-0.341,-2.061,-0.246,-1.436,-1.015,-2.451,1441,715,726
1630572,Sandro Mamukelashvili,2024,-2.974,-0.181,-2.793,-0.793,-0.024,-0.769,-0.905,0.223,-1.128,-1.095,-0.021,-1.074,-0.339,-0.281,-0.058,0.102,1.45,1.45,-3.211,-1.761,0.0,0.102,0.09,0.012,0.102,0.09,0.012,-1.278,-0.209,-0.764,0.073,-0.837,0.008,-0.099,0.107,-0.008,-0.17,0.162,-0.837,0.015,-0.852,0.251,0.383,-0.131,-0.073,-0.114,-0.114,-0.586,-0.7,0.0,-0.073,-0.204,0.131,-0.073,-0.204,0.131,-0.581,-0.172,-3.738,-0.108,-3.63,-0.786,-0.124,-0.662,-0.913,0.053,-0.966,-1.931,-0.006,-1.925,-0.088,0.102,-0.189,0.029,1.337,1.337,-2.461,-0.001,0.029,-0.114,0.143,0.029,-0.114,0.143,-1.86,-0.381,-1.761,-0.7,-2.462,6203,3126,3077
1626214,Bryce Dejean-Jones,2024,-1.835,0.229,-2.064,-0.698,-0.004,-0.694,-0.817,0.051,-0.868,-0.549,-0.078,-0.471,-0.408,-0.233,-0.178,0.474,0.219,0.219,-1.769,-1.55,-0.0,0.474,0.206,0.268,0.474,0.206,0.268,-1.996,-0.305,-1.306,-0.062,-1.244,-0.066,0.028,-0.094,-0.519,-0.135,-0.384,-0.659,0.011,-0.67,0.032,0.03,-0.001,0.041,0.32,0.32,-1.233,-0.913,0.0,0.041,0.126,-0.085,0.041,0.126,-0.085,-0.969,0.019,-3.138,0.167,-3.305,-0.763,0.025,-0.788,-1.335,-0.084,-1.251,-1.207,-0.066,-1.141,-0.376,-0.203,-0.179,0.515,0.539,0.539,-2.463,0.0,0.515,0.332,0.183,0.515,0.332,0.183,-2.965,-0.286,-1.55,-0.913,-2.463,1028,513,515
1641712,Rayan Rupert,2024,-0.7,0.056,-0.756,-0.858,0.001,-0.859,-0.539,0.123,-0.662,0.641,-0.019,0.66,-0.801,-0.647,-0.16,-0.211,0.12,0.12,-1.712,-1.592,0.0,-0.211,-0.342,0.131,-0.211,-0.342,0.131,1.142,0.096,-0.986,-0.006,-0.98,-0.01,0.055,-0.065,-0.598,-0.044,-0.554,-0.372,0.016,-0.388,-0.254,-0.262,0.008,0.326,0.035,0.035,-0.914,-0.879,-0.0,0.326,0.171,0.155,0.326,0.171,0.155,0.025,0.066,-1.687,0.05,-1.737,-0.869,0.056,-0.925,-1.138,0.079,-1.217,0.27,-0.003,0.273,-1.055,-0.909,-0.152,0.115,0.155,0.155,-2.471,0.001,0.115,-0.171,0.286,0.115,-0.171,0.286,1.168,0.161,-1.592,-0.879,-2.47,2586,1293,1293
1628987,Kevin Hervey,2024,-1.479,0.29,-1.769,-0.538,-0.165,-0.373,-0.182,0.123,-0.305,-1.049,-0.031,-1.018,-0.155,-0.168,0.019,0.012,-0.326,-0.326,-1.622,-1.948,0.0,0.012,0.033,-0.021,0.012,0.033,-0.021,-0.862,-0.276,-0.643,-0.117,-0.526,-0.014,0.048,-0.062,-0.189,-0.125,-0.064,-0.323,0.015,-0.338,-0.042,-0.033,-0.012,0.124,0.038,0.038,-0.561,-0.523,0.0,0.124,0.121,0.003,0.124,0.121,0.003,-0.464,-0.013,-2.121,0.173,-2.294,-0.552,-0.117,-0.435,-0.37,-0.002,-0.368,-1.372,-0.016,-1.356,-0.196,-0.201,0.008,0.136,-0.288,-0.288,-2.471,0.0,0.136,0.154,-0.018,0.136,0.154,-0.018,-1.326,-0.289,-1.948,-0.523,-2.471,237,119,118
1630245,Ayo Dosunmu,2024,-1.671,-0.016,-1.655,-0.163,0.131,-0.294,-0.039,-0.064,0.025,-1.453,0.01,-1.463,-0.276,-0.259,-0.024,-0.134,-0.446,-0.446,-2.081,-2.527,0.0,-0.134,0.014,-0.148,-0.134,0.014,-0.148,-0.243,0.366,-0.176,-0.246,0.07,0.115,0.014,0.101,0.32,-0.156,0.476,-0.365,0.004,-0.369,0.037,0.06,-0.02,0.115,0.076,0.076,-0.024,0.052,-0.0,0.115,0.369,-0.254,0.115,0.369,-0.254,-0.749,-0.349,-1.846,-0.262,-1.584,-0.049,0.145,-0.194,0.283,-0.219,0.502,-1.818,0.014,-1.832,-0.239,-0.199,-0.044,-0.019,-0.37,-0.37,-2.475,0.0,-0.019,0.384,-0.403,-0.019,0.384,-0.403,-0.992,0.017,-2.527,0.052,-2.475,26506,13256,13250
1630235,Trent Forrest,2024,-0.982,-0.158,-0.824,-0.795,0.018,-0.813,0.226,0.057,0.169,-0.255,0.004,-0.259,0.058,-0.313,0.369,-0.374,0.444,0.444,-1.298,-0.854,0.0,-0.374,0.385,-0.759,-0.374,0.385,-0.759,-0.873,-0.72,-1.746,-0.084,-1.662,-0.447,0.075,-0.522,-0.914,-0.011,-0.903,-0.301,0.019,-0.32,-0.127,0.007,-0.133,-0.315,0.559,0.559,-2.188,-1.629,0.0,-0.315,-0.221,-0.094,-0.315,-0.221,-0.094,-1.439,-0.382,-2.728,-0.242,-2.486,-1.242,0.093,-1.335,-0.688,0.046,-0.734,-0.556,0.023,-0.579,-0.069,-0.306,0.236,-0.689,1.003,1.003,-2.483,0.0,-0.689,0.164,-0.853,-0.689,0.164,-0.853,-2.312,-1.102,-0.854,-1.629,-2.483,7066,3530,3536
200765,Rajon Rondo,2024,0.073,-0.175,0.248,0.388,0.28,0.108,0.304,0.152,0.152,-0.444,-0.009,-0.435,-0.867,-0.414,-0.451,-0.495,-0.109,-0.109,-1.289,-1.398,0.0,-0.495,-0.633,0.138,-0.495,-0.633,0.138,3.054,0.701,-0.912,0.079,-0.991,-0.167,-0.1,-0.067,-0.111,-0.027,-0.084,-0.713,-0.021,-0.692,0.118,0.107,0.009,0.297,-0.59,-0.59,-0.497,-1.087,0.0,0.297,0.026,0.271,0.297,0.026,0.271,-2.189,-0.469,-0.84,-0.096,-0.744,0.221,0.18,0.041,0.192,0.125,0.067,-1.157,-0.03,-1.127,-0.749,-0.307,-0.442,-0.198,-0.698,-0.698,-2.485,0.0,-0.198,-0.606,0.408,-0.198,-0.606,0.408,0.865,0.232,-1.398,-1.087,-2.485,53340,26704,26636
1629730,Rayjon Tucker,2024,-1.579,0.084,-1.663,-0.135,-0.034,-0.101,-0.572,0.054,-0.626,-0.956,-0.039,-0.917,-0.011,0.217,-0.224,-0.04,0.033,0.033,-1.63,-1.597,0.0,-0.04,0.081,-0.121,-0.04,0.081,-0.121,-1.408,0.255,-1.378,0.178,-1.556,-0.44,0.112,-0.552,-0.562,-0.063,-0.499,-0.554,0.019,-0.573,-0.085,-0.117,0.03,0.204,0.367,0.367,-1.259,-0.892,-0.0,0.204,-0.034,0.238,0.204,-0.034,0.238,-0.391,0.068,-2.957,0.262,-3.219,-0.575,0.078,-0.653,-1.134,-0.009,-1.125,-1.51,-0.02,-1.49,-0.096,0.1,-0.194,0.165,0.4,0.4,-2.489,0.0,0.165,0.047,0.118,0.165,0.047,0.118,-1.8,0.323,-1.597,-0.892,-2.489,1436,718,718
1630466,Gabriel Deck,2024,-0.243,0.222,-0.465,-0.436,-0.014,-0.422,0.481,0.058,0.423,-0.51,-0.047,-0.463,-0.197,-0.111,-0.081,0.111,-0.52,-0.52,-0.329,-0.849,0.0,0.111,0.106,0.005,0.111,0.106,0.005,-0.24,0.09,-1.323,-0.085,-1.238,0.044,-0.011,0.055,-0.296,-0.181,-0.115,-0.986,0.007,-0.993,0.009,-0.039,0.046,-0.157,-0.17,-0.17,-1.471,-1.641,0.0,-0.157,-0.013,-0.144,-0.157,-0.013,-0.144,-1.519,-0.253,-1.565,0.137,-1.702,-0.392,-0.025,-0.367,0.186,-0.123,0.309,-1.496,-0.04,-1.456,-0.189,-0.15,-0.035,-0.046,-0.69,-0.69,-2.49,0.0,-0.046,0.093,-0.139,-0.046,0.093,-0.139,-1.759,-0.163,-0.849,-1.641,-2.49,1115,557,558
201148,Brandan Wright,2024,-2.06,-0.479,-1.581,0.623,0.09,0.533,-0.69,-0.034,-0.656,-1.514,0.038,-1.552,0.021,0.189,-0.16,-0.084,0.204,0.204,-2.123,-1.919,0.0,-0.084,-0.237,0.153,-0.084,-0.237,0.153,-2.885,0.285,0.266,0.103,0.163,0.065,-0.038,0.103,0.376,0.093,0.283,-0.278,-0.014,-0.264,-0.252,-0.243,-0.015,0.054,-0.639,-0.639,0.068,-0.571,0.0,0.054,0.313,-0.259,0.054,0.313,-0.259,0.794,0.025,-1.793,-0.376,-1.417,0.689,0.052,0.637,-0.314,0.06,-0.374,-1.792,0.024,-1.816,-0.231,-0.054,-0.175,-0.03,-0.435,-0.435,-2.49,-0.001,-0.03,0.076,-0.106,-0.03,0.076,-0.106,-2.091,0.311,-1.919,-0.571,-2.491,11641,5813,5828
1631095,Jabari Smith Jr.,2024,-2.856,-0.022,-2.834,-0.674,0.001,-0.675,-1.091,-0.237,-0.854,-1.069,-0.026,-1.043,-0.106,-0.322,0.214,0.854,0.902,0.902,-2.108,-1.206,-0.0,0.854,0.606,0.248,0.854,0.606,0.248,-2.28,-0.102,0.342,-0.152,0.494,0.448,0.151,0.297,-0.137,-0.094,-0.043,0.183,0.021,0.162,0.018,0.126,-0.106,-1.101,-0.544,-0.544,-0.741,-1.285,0.0,-1.101,-0.603,-0.498,-1.101,-0.603,-0.498,-0.388,0.276,-2.512,-0.174,-2.338,-0.225,0.152,-0.377,-1.228,-0.331,-0.897,-0.885,-0.004,-0.881,-0.088,-0.196,0.108,-0.247,0.358,0.358,-2.491,-0.0,-0.247,0.004,-0.251,-0.247,0.004,-0.251,-2.668,0.175,-1.206,-1.285,-2.491,20045,10014,10031
203923,James Young,2024,-2.568,-0.506,-2.062,0.369,-0.281,0.65,-0.035,0.16,-0.195,-2.396,0.076,-2.472,-0.023,0.266,-0.28,0.653,0.131,0.131,-1.938,-1.807,0.0,0.653,0.197,0.456,0.653,0.197,0.456,-1.936,-0.457,-1.091,0.109,-1.2,-1.343,-0.048,-1.295,-0.041,-0.116,0.075,0.184,0.01,0.174,-0.093,-0.242,0.146,0.164,0.332,0.332,-1.02,-0.688,0.0,0.164,0.002,0.162,0.164,0.002,0.162,-0.495,-0.427,-3.659,-0.397,-3.262,-0.974,-0.329,-0.645,-0.076,0.043,-0.119,-2.212,0.086,-2.298,-0.116,0.024,-0.134,0.816,0.463,0.463,-2.495,0.0,0.816,0.198,0.618,0.816,0.198,0.618,-2.432,-0.884,-1.807,-0.688,-2.495,3990,1993,1997
201977,Marcus Thornton,2024,-1.712,-0.113,-1.599,-0.392,-0.039,-0.353,-0.294,0.165,-0.459,-0.913,0.079,-0.992,0.024,0.212,-0.182,-0.199,1.078,1.078,-1.887,-0.809,-0.0,-0.199,-0.336,0.137,-0.199,-0.336,0.137,-1.361,-0.368,-1.026,0.171,-1.197,-0.636,-0.125,-0.511,0.013,-0.157,0.17,-0.574,-0.016,-0.558,-0.264,-0.262,-0.005,0.168,-0.566,-0.566,-1.122,-1.688,0.0,0.168,0.295,-0.127,0.168,0.295,-0.127,-0.68,-0.376,-2.737,0.058,-2.795,-1.028,-0.164,-0.864,-0.281,0.008,-0.289,-1.486,0.063,-1.549,-0.24,-0.05,-0.187,-0.031,0.512,0.512,-2.497,0.0,-0.031,-0.041,0.01,-0.031,-0.041,0.01,-2.04,-0.744,-0.809,-1.688,-2.497,11053,5520,5533
201585,Kosta Koufos,2024,-3.226,-0.31,-2.916,-1.25,-0.305,-0.945,-1.195,-0.949,-0.246,-0.471,-0.052,-0.419,-0.988,-0.849,-0.136,0.047,1.383,1.383,-4.167,-2.784,0.0,0.047,-0.218,0.265,0.047,-0.218,0.265,-1.199,-1.008,-0.249,-0.01,-0.239,0.958,0.289,0.669,0.041,0.334,-0.293,-1.238,-0.043,-1.195,0.307,0.254,0.05,-0.001,0.225,0.225,0.057,0.282,-0.0,-0.001,-0.023,0.022,-0.001,-0.023,0.022,-0.142,0.656,-3.476,-0.32,-3.156,-0.293,-0.016,-0.277,-1.154,-0.615,-0.539,-1.709,-0.095,-1.614,-0.682,-0.595,-0.086,0.047,1.609,1.609,-2.502,0.0,0.047,-0.24,0.287,0.047,-0.24,0.287,-1.341,-0.352,-2.784,0.282,-2.502,25013,12472,12541
2419,Tayshaun Prince,2024,-3.002,-0.623,-2.379,-0.368,-0.125,-0.243,-1.495,-0.815,-0.68,-0.516,-0.118,-0.398,-0.179,-0.097,-0.071,0.33,0.219,0.219,-2.851,-2.632,-0.0,0.33,0.3,0.03,0.33,0.3,0.03,-0.756,-0.458,0.523,0.315,0.208,0.241,-0.218,0.459,-0.364,-0.096,-0.268,0.331,-0.042,0.373,-0.031,-0.06,0.023,-0.185,-0.179,-0.179,0.307,0.128,0.0,-0.185,0.11,-0.295,-0.185,0.11,-0.295,1.499,0.234,-2.477,-0.308,-2.169,-0.127,-0.343,0.216,-1.858,-0.91,-0.948,-0.184,-0.16,-0.024,-0.21,-0.157,-0.048,0.144,0.04,0.04,-2.504,-0.0,0.144,0.411,-0.267,0.144,0.411,-0.267,0.743,-0.223,-2.632,0.128,-2.504,11352,5627,5725
1629007,Jontay Porter,2024,-0.253,0.125,-0.378,0.396,-0.131,0.527,-0.031,0.216,-0.247,-0.743,-0.018,-0.725,-0.173,-0.148,-0.024,-0.692,-0.886,-0.886,-1.118,-2.004,0.0,-0.692,-0.906,0.214,-0.692,-0.906,0.214,0.767,-0.199,-0.826,-0.108,-0.718,-0.178,-0.026,-0.152,0.029,-0.079,0.108,-0.569,0.023,-0.592,-0.054,-0.122,0.065,0.034,0.345,0.345,-0.846,-0.501,0.0,0.034,0.07,-0.036,0.034,0.07,-0.036,0.309,0.024,-1.079,0.017,-1.096,0.218,-0.157,0.375,-0.002,0.137,-0.139,-1.312,0.005,-1.317,-0.227,-0.27,0.042,-0.658,-0.541,-0.541,-2.505,0.0,-0.658,-0.836,0.178,-0.658,-0.836,0.178,1.077,-0.175,-2.004,-0.501,-2.505,1733,870,863
1631101,Shaedon Sharpe,2024,0.338,0.001,0.337,0.371,0.05,0.321,0.628,0.228,0.4,-0.662,0.003,-0.665,0.301,-0.019,0.312,-0.572,-0.681,-0.681,0.067,-0.614,0.0,-0.572,-0.33,-0.242,-0.572,-0.33,-0.242,-2.774,-0.352,-2.697,-0.194,-2.503,-0.741,-0.118,-0.623,-0.496,-0.124,-0.372,-1.266,0.016,-1.282,-0.191,0.017,-0.209,0.246,0.751,0.751,-2.642,-1.891,0.0,0.246,0.305,-0.059,0.246,0.305,-0.059,-1.686,-0.677,-2.358,-0.193,-2.165,-0.37,-0.068,-0.302,0.132,0.104,0.028,-1.927,0.02,-1.947,0.11,-0.002,0.103,-0.325,0.07,0.07,-2.505,0.0,-0.325,-0.025,-0.3,-0.325,-0.025,-0.3,-4.459,-1.029,-0.614,-1.891,-2.505,11660,5832,5828
201961,Wayne Ellington,2024,-1.228,-0.14,-1.088,-0.842,-0.223,-0.619,-0.32,0.177,-0.497,0.074,0.071,0.003,-0.354,-0.393,0.037,0.283,-0.406,-0.406,-1.299,-1.705,0.0,0.283,0.229,0.054,0.283,0.229,0.054,0.711,-0.734,-0.099,0.094,-0.193,-0.024,-0.119,0.095,-0.152,-0.02,-0.132,-0.017,0.008,-0.025,-0.213,-0.164,-0.049,-0.293,-0.208,-0.208,-0.605,-0.813,0.0,-0.293,-0.295,0.002,-0.293,-0.295,0.002,0.612,-0.153,-1.328,-0.046,-1.282,-0.867,-0.342,-0.525,-0.471,0.157,-0.628,0.056,0.078,-0.022,-0.566,-0.556,-0.012,-0.01,-0.614,-0.614,-2.518,0.0,-0.01,-0.067,0.057,-0.01,-0.067,0.057,1.324,-0.887,-1.705,-0.813,-2.518,43808,21927,21881
203922,Glenn Robinson III,2024,-2.272,-0.034,-2.238,-0.514,-0.267,-0.247,-0.948,-0.507,-0.441,-0.776,-0.071,-0.705,0.104,0.129,-0.025,0.074,1.132,1.132,-2.094,-0.962,0.0,0.074,-0.237,0.311,0.074,-0.237,0.311,-0.553,-0.312,-1.539,-0.003,-1.536,-0.818,-0.129,-0.689,-0.584,-0.15,-0.434,-0.134,-0.004,-0.13,0.068,0.036,0.034,-0.174,0.083,0.083,-1.645,-1.562,-0.0,-0.174,0.237,-0.411,-0.174,0.237,-0.411,-2.134,-0.492,-3.811,-0.037,-3.774,-1.332,-0.396,-0.936,-1.532,-0.657,-0.875,-0.91,-0.075,-0.835,0.171,0.164,0.009,-0.1,1.215,1.215,-2.524,0.0,-0.1,-0.0,-0.1,-0.1,-0.0,-0.1,-2.687,-0.804,-0.962,-1.562,-2.524,23044,11499,11545
1641788,Fudge,2024,-1.133,0.155,-1.288,-0.45,-0.144,-0.306,-0.004,0.106,-0.11,-0.834,-0.045,-0.789,-0.241,-0.091,-0.151,-0.278,0.006,0.006,-1.652,-1.646,0.0,-0.278,-0.086,-0.192,-0.278,-0.086,-0.192,-0.945,-0.163,-0.733,-0.134,-0.599,-0.13,0.048,-0.178,-0.255,-0.114,-0.141,-0.214,0.019,-0.233,-0.11,-0.08,-0.032,-0.038,0.002,0.002,-0.881,-0.879,0.0,-0.038,-0.068,0.03,-0.038,-0.068,0.03,-0.535,-0.108,-1.868,0.021,-1.889,-0.581,-0.097,-0.484,-0.259,-0.008,-0.251,-1.049,-0.026,-1.023,-0.351,-0.171,-0.182,-0.316,0.008,0.008,-2.525,0.0,-0.316,-0.154,-0.162,-0.316,-0.154,-0.162,-1.48,-0.271,-1.646,-0.879,-2.525,173,88,85
1627738,Deyonta Davis,2024,-1.577,0.101,-1.678,-0.697,-0.045,-0.652,0.427,-0.166,0.593,-1.408,-0.05,-1.358,-0.225,-0.262,0.035,-0.44,0.511,0.511,-2.242,-1.731,-0.0,-0.44,-0.549,0.109,-0.44,-0.549,0.109,-4.317,-0.591,1.177,0.028,1.149,0.181,-0.019,0.2,0.081,-0.341,0.422,0.887,-0.016,0.903,-0.334,-0.532,0.198,-0.382,-1.256,-1.256,0.461,-0.795,0.0,-0.382,-0.228,-0.154,-0.382,-0.228,-0.154,-0.17,-0.106,-0.399,0.129,-0.528,-0.515,-0.064,-0.451,0.508,-0.507,1.015,-0.521,-0.066,-0.455,-0.56,-0.794,0.233,-0.822,-0.745,-0.745,-2.526,0.0,-0.822,-0.776,-0.046,-0.822,-0.776,-0.046,-4.488,-0.697,-1.731,-0.795,-2.526,6105,3038,3067
1627885,Shaquille Harrison,2024,-1.119,-0.134,-0.985,-0.129,0.338,-0.467,-0.603,-0.171,-0.432,-0.253,-0.06,-0.193,-0.417,-0.037,-0.378,0.03,-0.973,-0.973,-1.506,-2.479,0.0,0.03,0.286,-0.256,0.03,0.286,-0.256,-2.781,-0.273,-0.102,0.157,-0.259,-0.336,-0.08,-0.256,-0.598,-0.145,-0.453,0.675,0.005,0.67,-0.182,-0.256,0.074,0.552,-0.316,-0.316,0.268,-0.048,-0.0,0.552,0.017,0.535,0.552,0.017,0.535,0.557,-0.374,-1.222,0.023,-1.245,-0.465,0.258,-0.723,-1.201,-0.316,-0.885,0.421,-0.055,0.476,-0.599,-0.293,-0.304,0.582,-1.289,-1.289,-2.527,0.0,0.582,0.303,0.279,0.582,0.303,0.279,-2.224,-0.647,-2.479,-0.048,-2.527,12569,6261,6308
201947,Earl Clark,2024,-0.97,0.236,-1.206,-0.303,-0.139,-0.164,-0.69,0.099,-0.789,-0.213,-0.031,-0.182,-0.205,-0.104,-0.098,-0.644,-0.281,-0.281,-1.819,-2.1,0.0,-0.644,-0.247,-0.397,-0.644,-0.247,-0.397,-0.961,-0.241,-0.397,-0.057,-0.34,-0.054,0.026,-0.08,-0.262,-0.123,-0.139,-0.024,0.012,-0.036,-0.047,-0.068,0.017,0.003,0.013,0.013,-0.441,-0.428,0.0,0.003,-0.037,0.04,0.003,-0.037,0.04,-0.655,-0.114,-1.366,0.179,-1.545,-0.357,-0.113,-0.244,-0.951,-0.023,-0.928,-0.237,-0.019,-0.218,-0.252,-0.172,-0.081,-0.641,-0.268,-0.268,-2.528,0.0,-0.641,-0.284,-0.357,-0.641,-0.284,-0.357,-1.616,-0.356,-2.1,-0.428,-2.528,342,172,170
1626169,Stanley Johnson,2024,-1.815,0.01,-1.825,-0.43,-0.082,-0.348,-0.485,0.06,-0.545,-0.91,-0.001,-0.909,-0.216,-0.021,-0.195,-0.288,-0.187,-0.187,-2.319,-2.506,0.0,-0.288,0.258,-0.546,-0.288,0.258,-0.546,-2.667,-0.666,-0.049,-0.036,-0.013,0.19,0.054,0.136,-0.07,-0.005,-0.065,-0.133,0.003,-0.136,-0.33,-0.262,-0.068,-0.008,0.361,0.361,-0.387,-0.026,0.0,-0.008,0.142,-0.15,-0.008,0.142,-0.15,0.27,0.155,-1.863,-0.026,-1.837,-0.24,-0.028,-0.212,-0.555,0.054,-0.609,-1.042,0.002,-1.044,-0.546,-0.283,-0.263,-0.296,0.174,0.174,-2.532,0.001,-0.296,0.4,-0.696,-0.296,0.4,-0.696,-2.397,-0.511,-2.506,-0.026,-2.531,38242,19007,19235
1630586,Usman Garuba,2024,-2.376,-0.198,-2.178,-1.628,-0.2,-1.428,0.357,0.229,0.128,-0.907,-0.028,-0.879,0.01,-0.001,0.009,0.02,0.854,0.854,-2.346,-1.492,0.0,0.02,0.481,-0.461,0.02,0.481,-0.461,-1.456,-0.424,-1.266,-0.007,-1.259,-0.5,0.028,-0.528,-0.265,-0.177,-0.088,-0.494,0.014,-0.508,-0.266,-0.378,0.112,0.061,0.432,0.432,-1.471,-1.039,0.0,0.061,-0.225,0.286,0.061,-0.225,0.286,-0.891,-0.198,-3.64,-0.205,-3.435,-2.127,-0.171,-1.956,0.093,0.053,0.04,-1.401,-0.014,-1.387,-0.256,-0.379,0.121,0.081,1.286,1.286,-2.531,0.0,0.081,0.257,-0.176,0.081,0.257,-0.176,-2.347,-0.622,-1.492,-1.039,-2.531,5100,2535,2565
1629752,Juwan Morgan,2024,-1.354,-0.332,-1.022,-0.456,-0.141,-0.315,-0.353,-0.007,-0.346,-0.213,-0.016,-0.197,-0.529,-0.575,0.045,0.076,0.319,0.319,-1.807,-1.488,0.0,0.076,-0.081,0.157,0.076,-0.081,0.157,-1.154,-0.517,-0.275,0.005,-0.28,-0.1,0.024,-0.124,-0.212,-0.093,-0.119,0.032,0.024,0.008,-0.274,-0.21,-0.065,-0.292,-0.204,-0.204,-0.841,-1.045,0.0,-0.292,-0.183,-0.109,-0.292,-0.183,-0.109,0.164,-0.09,-1.63,-0.327,-1.303,-0.556,-0.117,-0.439,-0.566,-0.101,-0.465,-0.181,0.008,-0.189,-0.802,-0.785,-0.021,-0.216,0.116,0.116,-2.533,0.0,-0.216,-0.264,0.048,-0.216,-0.264,0.048,-0.99,-0.607,-1.488,-1.045,-2.533,1751,881,870
201156,Nick Young,2024,-1.31,-0.216,-1.094,-1.505,-0.464,-1.041,-0.35,-0.005,-0.345,0.761,0.089,0.672,0.316,0.018,0.3,0.28,-0.257,-0.257,-0.714,-0.971,0.0,0.28,0.251,0.029,0.28,0.251,0.029,-1.76,-1.387,-1.108,0.238,-1.346,-0.882,-0.037,-0.845,-0.021,-0.061,0.04,-0.443,-0.013,-0.43,-0.26,-0.252,-0.011,-0.095,-0.099,-0.099,-1.463,-1.562,0.0,-0.095,-0.399,0.304,-0.095,-0.399,0.304,-1.137,-0.378,-2.417,0.022,-2.439,-2.386,-0.5,-1.886,-0.37,-0.066,-0.304,0.317,0.075,0.242,0.057,-0.234,0.29,0.184,-0.357,-0.357,-2.533,0.0,0.184,-0.148,0.332,0.184,-0.148,0.332,-2.897,-1.765,-0.971,-1.562,-2.533,23395,11682,11713
1627743,Demetrius Jackson,2024,-1.107,-0.015,-1.092,-0.6,-0.106,-0.494,0.113,0.189,-0.076,-0.605,-0.035,-0.57,-0.358,-0.3,-0.059,-0.039,-0.289,-0.289,-1.504,-1.793,-0.0,-0.039,0.105,-0.144,-0.039,0.105,-0.144,-0.78,-0.229,-0.723,-0.121,-0.602,-0.107,0.049,-0.156,-0.028,-0.115,0.087,-0.467,0.013,-0.48,-0.05,-0.035,-0.018,-0.085,0.101,0.101,-0.858,-0.757,0.0,-0.085,0.013,-0.098,-0.085,0.013,-0.098,-0.883,-0.135,-1.829,-0.136,-1.693,-0.706,-0.056,-0.65,0.085,0.074,0.011,-1.072,-0.022,-1.05,-0.408,-0.334,-0.076,-0.124,-0.187,-0.187,-2.55,0.0,-0.124,0.117,-0.241,-0.124,0.117,-0.241,-1.662,-0.364,-1.793,-0.757,-2.55,486,247,239
1626181,Norman Powell,2024,-0.426,0.069,-0.495,-0.46,0.232,-0.692,0.067,0.452,-0.385,-0.102,-0.025,-0.077,0.551,0.567,-0.022,0.293,-1.294,-1.294,0.418,-0.876,0.0,0.293,0.325,-0.032,0.293,0.325,-0.032,-1.772,-0.006,-0.221,-0.083,-0.138,-0.227,0.044,-0.271,0.174,-0.15,0.324,-0.085,0.012,-0.097,-0.462,-0.513,0.055,-0.007,-0.986,-0.986,-0.69,-1.676,0.0,-0.007,0.006,-0.013,-0.007,0.006,-0.013,-0.124,-0.142,-0.648,-0.014,-0.634,-0.687,0.276,-0.963,0.24,0.301,-0.061,-0.187,-0.014,-0.173,0.089,0.054,0.033,0.285,-2.28,-2.28,-2.552,0.001,0.285,0.331,-0.046,0.285,0.331,-0.046,-1.896,-0.149,-0.876,-1.676,-2.551,60943,30461,30482
1641851,Timmy Allen,2024,-1.551,0.227,-1.778,-0.7,-0.158,-0.542,-0.557,-0.061,-0.496,-0.521,-0.045,-0.476,-0.202,-0.196,-0.002,0.215,-0.442,-0.442,-1.538,-1.98,-0.0,0.215,0.177,0.038,0.215,0.177,0.038,-1.647,-0.406,-0.639,-0.125,-0.514,-0.131,0.1,-0.231,-0.452,-0.118,-0.334,0.069,0.016,0.053,-0.167,-0.155,-0.015,0.013,0.222,0.222,-0.793,-0.571,0.0,0.013,0.065,-0.052,0.013,0.065,-0.052,-0.152,0.034,-2.19,0.102,-2.292,-0.831,-0.058,-0.773,-1.008,-0.179,-0.829,-0.453,-0.029,-0.424,-0.37,-0.351,-0.017,0.228,-0.22,-0.22,-2.551,-0.0,0.228,0.242,-0.014,0.228,0.242,-0.014,-1.799,-0.371,-1.98,-0.571,-2.551,509,252,257
200811,Lou Amundson,2024,-1.048,-0.403,-0.645,-0.668,-0.029,-0.639,0.362,-0.395,0.757,-0.339,-0.011,-0.328,-1.11,-0.575,-0.535,-0.261,-0.067,-0.067,-2.419,-2.486,0.0,-0.261,-0.472,0.211,-0.261,-0.472,0.211,0.088,-0.545,0.651,0.295,0.356,0.5,-0.006,0.506,-0.382,0.069,-0.451,0.238,0.017,0.221,-0.264,-0.241,-0.03,-0.07,-0.4,-0.4,0.317,-0.083,0.0,-0.07,-0.058,-0.012,-0.07,-0.058,-0.012,0.495,0.003,-0.397,-0.108,-0.289,-0.168,-0.035,-0.133,-0.019,-0.326,0.307,-0.102,0.005,-0.107,-1.374,-0.816,-0.564,-0.332,-0.467,-0.467,-2.569,0.0,-0.332,-0.529,0.197,-0.332,-0.529,0.197,0.583,-0.541,-2.486,-0.083,-2.569,4783,2376,2407
2200,Pau Gasol,2024,-2.229,-0.262,-1.967,-0.96,-0.069,-0.891,-0.781,-0.425,-0.356,-0.226,-0.039,-0.187,-0.019,-0.004,-0.009,0.09,0.018,0.018,-2.158,-2.14,0.0,0.09,-0.587,0.677,0.09,-0.587,0.677,0.596,-0.129,0.786,0.192,0.594,0.585,-0.049,0.634,0.541,0.504,0.037,-0.532,0.015,-0.547,0.752,0.757,-0.008,-1.32,-0.65,-0.65,0.218,-0.432,0.0,-1.32,-0.617,-0.703,-1.32,-0.617,-0.703,-0.832,0.356,-1.442,-0.07,-1.372,-0.373,-0.117,-0.256,-0.241,0.078,-0.319,-0.758,-0.024,-0.734,0.733,0.754,-0.017,-1.23,-0.632,-0.632,-2.572,0.0,-1.23,-1.204,-0.026,-1.23,-1.204,-0.026,-0.236,0.227,-2.14,-0.432,-2.572,37509,18790,18719
1630557,Corey Kispert,2024,1.461,0.19,1.271,-0.129,0.162,-0.291,0.884,0.326,0.558,0.516,0.01,0.506,-0.116,-0.135,0.015,-0.029,-0.924,-0.924,1.316,0.392,0.0,-0.029,0.012,-0.041,-0.029,0.012,-0.041,2.107,0.047,-1.632,-0.151,-1.481,-0.951,-0.111,-0.84,-0.385,0.015,-0.4,-0.145,0.01,-0.155,0.001,0.057,-0.054,-1.383,0.049,0.049,-3.014,-2.965,0.0,-1.383,-0.295,-1.088,-1.383,-0.295,-1.088,-1.304,-0.564,-0.171,0.039,-0.21,-1.08,0.051,-1.131,0.499,0.341,0.158,0.371,0.02,0.351,-0.115,-0.078,-0.039,-1.412,-0.875,-0.875,-2.573,0.001,-1.412,-0.283,-1.129,-1.412,-0.283,-1.129,0.804,-0.517,0.392,-2.965,-2.572,24546,12295,12251
2555,Nick Collison,2024,-2.233,-0.487,-1.746,-1.319,-0.289,-1.03,-0.036,-0.324,0.288,-0.391,0.01,-0.401,0.088,0.092,0.005,-0.581,0.312,0.312,-2.726,-2.414,0.0,-0.581,0.01,-0.591,-0.581,0.01,-0.591,-2.863,-1.023,-0.066,0.363,-0.429,-0.017,0.205,-0.222,0.661,-0.003,0.664,-1.073,-0.064,-1.009,-0.158,-0.145,-0.019,0.022,0.036,0.036,-0.202,-0.166,0.0,0.022,-0.475,0.497,0.022,-0.475,0.497,0.212,0.403,-2.299,-0.124,-2.175,-1.335,-0.083,-1.252,0.624,-0.328,0.952,-1.464,-0.054,-1.41,-0.071,-0.052,-0.014,-0.559,0.348,0.348,-2.58,0.0,-0.559,-0.465,-0.094,-0.559,-0.465,-0.094,-2.651,-0.62,-2.414,-0.166,-2.58,10528,5256,5272
1629725,Jeremiah Martin,2024,-0.67,0.122,-0.792,-0.429,-0.046,-0.383,-0.29,0.19,-0.48,-0.073,-0.029,-0.044,-0.161,-0.023,-0.136,0.095,0.007,0.007,-0.736,-0.729,0.0,0.095,0.022,0.073,0.095,0.022,0.073,-0.447,-0.073,-1.258,0.018,-1.276,-0.41,0.049,-0.459,-0.011,-0.093,0.082,-0.855,0.014,-0.869,-0.09,0.045,-0.135,-0.216,-0.29,-0.29,-1.564,-1.854,0.0,-0.216,-0.087,-0.129,-0.216,-0.087,-0.129,-1.327,-0.261,-1.929,0.14,-2.069,-0.84,0.002,-0.842,-0.301,0.097,-0.398,-0.928,-0.014,-0.914,-0.251,0.022,-0.271,-0.121,-0.282,-0.282,-2.583,-0.001,-0.121,-0.065,-0.056,-0.121,-0.065,-0.056,-1.774,-0.334,-0.729,-1.854,-2.584,853,428,425
1641931,Onuralp Bitim,2024,-1.199,0.196,-1.395,-0.428,-0.113,-0.315,-0.644,0.084,-0.728,-0.323,-0.039,-0.284,-0.253,-0.001,-0.253,-0.359,0.135,0.135,-1.811,-1.676,0.0,-0.359,-0.142,-0.217,-0.359,-0.142,-0.217,0.032,-0.12,-0.24,-0.035,-0.205,0.125,0.085,0.04,-0.462,-0.127,-0.335,0.132,0.016,0.116,-0.137,-0.178,0.038,-0.259,-0.272,-0.272,-0.636,-0.908,0.0,-0.259,-0.182,-0.077,-0.259,-0.182,-0.077,-0.289,-0.059,-1.439,0.161,-1.6,-0.302,-0.028,-0.274,-1.106,-0.043,-1.063,-0.192,-0.023,-0.169,-0.39,-0.179,-0.215,-0.618,-0.138,-0.138,-2.584,-0.001,-0.618,-0.324,-0.294,-0.618,-0.324,-0.294,-0.256,-0.18,-1.676,-0.908,-2.585,1093,542,551
1629597,Zylan Cheatham,2024,-0.799,0.307,-1.106,-0.166,-0.112,-0.054,-0.231,0.107,-0.338,-0.709,-0.045,-0.664,-0.19,-0.041,-0.147,-0.385,-0.215,-0.215,-1.374,-1.589,0.0,-0.385,-0.268,-0.117,-0.385,-0.268,-0.117,-1.025,-0.157,-0.67,-0.088,-0.582,-0.133,0.035,-0.168,-0.29,-0.124,-0.166,-0.159,0.02,-0.179,-0.097,-0.074,-0.027,-0.187,-0.042,-0.042,-0.954,-0.996,0.0,-0.187,-0.148,-0.039,-0.187,-0.148,-0.039,-0.579,-0.102,-1.468,0.219,-1.687,-0.298,-0.076,-0.222,-0.521,-0.017,-0.504,-0.868,-0.025,-0.843,-0.287,-0.115,-0.174,-0.572,-0.257,-0.257,-2.585,0.0,-0.572,-0.416,-0.156,-0.572,-0.416,-0.156,-1.604,-0.259,-1.589,-0.996,-2.585,239,118,121
101139,CJ Miles,2024,-0.954,-0.141,-0.813,-0.358,-0.164,-0.194,0.206,0.239,-0.033,-0.661,0.135,-0.796,0.165,-0.121,0.29,0.44,-0.469,-0.469,-0.349,-0.818,-0.0,0.44,0.533,-0.093,0.44,0.533,-0.093,-0.095,-0.634,-0.648,0.171,-0.819,0.047,0.063,-0.016,-0.11,0.109,-0.219,-0.756,0.022,-0.778,-0.805,-0.815,0.009,-0.058,-0.257,-0.257,-1.511,-1.768,0.0,-0.058,-0.442,0.384,-0.058,-0.442,0.384,1.129,0.177,-1.6,0.03,-1.63,-0.31,-0.101,-0.209,0.097,0.348,-0.251,-1.417,0.157,-1.574,-0.641,-0.936,0.298,0.382,-0.727,-0.727,-2.586,0.0,0.382,0.091,0.291,0.382,0.091,0.291,1.034,-0.457,-0.818,-1.768,-2.586,32015,16091,15924
202323,Evan Turner,2024,-3.239,-0.212,-3.027,-0.374,-0.008,-0.366,-0.535,-0.691,0.156,-2.118,-0.111,-2.007,-0.076,-0.097,0.024,-0.108,-0.019,-0.019,-3.423,-3.442,0.0,-0.108,-0.062,-0.046,-0.108,-0.062,-0.046,-4.596,-0.574,0.765,0.101,0.664,0.518,0.06,0.458,-0.153,0.252,-0.405,0.299,0.004,0.295,-0.178,-0.117,-0.063,0.169,0.098,0.098,0.756,0.854,0.0,0.169,-0.103,0.272,0.169,-0.103,0.272,3.202,0.75,-2.475,-0.111,-2.364,0.143,0.051,0.092,-0.688,-0.439,-0.249,-1.819,-0.107,-1.712,-0.255,-0.214,-0.039,0.061,0.079,0.079,-2.588,0.001,0.061,-0.165,0.226,0.061,-0.165,0.226,-1.394,0.176,-3.442,0.854,-2.587,44277,22126,22151
1631116,Patrick Baldwin Jr.,2024,-0.629,-0.181,-0.448,0.316,-0.03,0.346,-0.78,0.35,-1.13,0.016,-0.02,0.036,-0.749,-0.587,-0.167,-0.035,-0.78,-0.78,-1.413,-2.193,0.0,-0.035,-0.153,0.118,-0.035,-0.153,0.118,2.024,-0.194,-1.078,0.168,-1.246,-0.439,0.037,-0.476,-0.322,-0.119,-0.203,-0.485,0.012,-0.497,-0.096,-0.123,0.028,0.115,0.664,0.664,-1.059,-0.395,0.0,0.115,-0.039,0.154,0.115,-0.039,0.154,-1.117,-0.126,-1.709,-0.013,-1.696,-0.123,0.007,-0.13,-1.103,0.231,-1.334,-0.47,-0.008,-0.462,-0.845,-0.71,-0.139,0.08,-0.116,-0.116,-2.588,0.0,0.08,-0.192,0.272,0.08,-0.192,0.272,0.908,-0.319,-2.193,-0.395,-2.588,3096,1542,1554
1631123,Jamaree Bouyea,2024,-1.182,0.187,-1.369,-0.342,-0.135,-0.207,-0.475,0.148,-0.623,-0.552,-0.035,-0.517,-0.176,0.048,-0.225,-0.395,-0.235,-0.235,-1.753,-1.988,0.0,-0.395,-0.216,-0.179,-0.395,-0.216,-0.179,-0.731,-0.19,-0.737,0.021,-0.758,-0.046,0.062,-0.108,-0.322,-0.134,-0.188,-0.39,0.016,-0.406,-0.108,-0.123,0.012,-0.011,0.25,0.25,-0.856,-0.606,0.0,-0.011,-0.042,0.031,-0.011,-0.042,0.031,-0.284,0.032,-1.918,0.208,-2.126,-0.388,-0.073,-0.315,-0.797,0.014,-0.811,-0.941,-0.018,-0.923,-0.284,-0.074,-0.213,-0.406,0.015,0.015,-2.594,0.0,-0.406,-0.258,-0.148,-0.406,-0.258,-0.148,-1.015,-0.159,-1.988,-0.606,-2.594,663,328,335
1626202,Joe Young,2024,-1.934,-0.219,-1.715,-0.383,-0.165,-0.218,-0.325,-0.445,0.12,-1.007,-0.107,-0.9,-0.312,-0.227,-0.081,0.298,0.342,0.342,-1.948,-1.606,-0.0,0.298,0.069,0.229,0.298,0.069,0.229,-3.333,-0.432,-0.044,0.104,-0.148,-0.554,-0.047,-0.507,-0.233,-0.186,-0.047,0.639,-0.006,0.645,-0.065,-0.103,0.036,-0.517,-0.364,-0.364,-0.626,-0.99,0.0,-0.517,-0.127,-0.39,-0.517,-0.127,-0.39,-0.588,-0.386,-1.979,-0.115,-1.864,-0.937,-0.212,-0.725,-0.558,-0.631,0.073,-0.369,-0.114,-0.255,-0.378,-0.33,-0.045,-0.219,-0.022,-0.022,-2.596,0.0,-0.219,-0.059,-0.16,-0.219,-0.059,-0.16,-3.921,-0.818,-1.606,-0.99,-2.596,3516,1759,1757
203912,CJ Wilcox,2024,-2.39,-0.29,-2.1,-0.831,-0.309,-0.522,-0.432,-0.046,-0.386,-0.837,0.006,-0.843,-0.672,-0.6,-0.077,-0.2,0.566,0.566,-3.262,-2.696,0.0,-0.2,0.234,-0.434,-0.2,0.234,-0.434,-0.446,-0.773,0.305,-0.07,0.375,-0.026,-0.029,0.003,0.079,-0.155,0.234,0.322,0.015,0.307,-0.116,-0.227,0.108,0.208,-0.299,-0.299,0.397,0.098,-0.0,0.208,-0.02,0.228,0.208,-0.02,0.228,0.021,-0.272,-2.085,-0.36,-1.725,-0.857,-0.338,-0.519,-0.353,-0.202,-0.151,-0.515,0.021,-0.536,-0.787,-0.826,0.03,0.008,0.266,0.266,-2.598,0.0,0.008,0.214,-0.206,0.008,0.214,-0.206,-0.425,-1.045,-2.696,0.098,-2.598,1405,706,699
1631108,Max Christie,2024,-2.14,-0.169,-1.971,-1.804,-0.086,-1.718,-0.595,-0.101,-0.494,0.428,-0.023,0.451,-0.372,0.102,-0.47,0.263,-0.592,-0.592,-2.249,-2.841,0.0,0.263,0.273,-0.01,0.263,0.273,-0.01,-3.113,-0.565,1.466,0.286,1.18,0.795,0.148,0.647,0.242,0.093,0.149,0.143,0.023,0.12,-0.169,-0.035,-0.136,-0.616,-0.445,-0.445,0.681,0.236,0.0,-0.616,-0.229,-0.387,-0.616,-0.229,-0.387,0.846,0.306,-0.675,0.117,-0.792,-1.009,0.062,-1.071,-0.353,-0.008,-0.345,0.57,-0.001,0.571,-0.541,0.067,-0.606,-0.353,-1.037,-1.037,-2.605,0.0,-0.353,0.044,-0.397,-0.353,0.044,-0.397,-2.267,-0.259,-2.841,0.236,-2.605,6303,3146,3157
1629675,Naz Reid,2024,-2.423,0.086,-2.509,-0.867,0.15,-1.017,-0.126,0.272,-0.398,-1.516,-0.015,-1.501,-0.497,-0.333,-0.169,-0.109,0.055,0.055,-3.029,-2.974,-0.0,-0.109,-0.176,0.067,-0.109,-0.176,0.067,-1.155,0.353,-0.16,-0.045,-0.115,0.354,0.036,0.318,0.191,-0.094,0.285,-0.66,0.006,-0.666,-0.417,-0.554,0.139,0.179,0.767,0.767,-0.398,0.369,-0.0,0.179,0.1,0.079,0.179,0.1,0.079,0.22,0.244,-2.583,0.041,-2.624,-0.513,0.186,-0.699,0.065,0.178,-0.113,-2.176,-0.009,-2.167,-0.915,-0.887,-0.03,0.07,0.822,0.822,-2.605,-0.001,0.07,-0.075,0.145,0.07,-0.075,0.145,-0.935,0.597,-2.974,0.369,-2.606,27673,13802,13871
202700,Donatas Motiejunas,2024,-1.726,-0.527,-1.199,-0.44,-0.213,-0.227,0.493,-0.212,0.705,-1.252,0.178,-1.43,-0.978,-0.494,-0.468,-0.791,0.252,0.252,-3.495,-3.243,-0.0,-0.791,-0.807,0.016,-0.791,-0.807,0.016,-0.892,-0.913,0.382,0.466,-0.084,-0.232,-0.203,-0.029,-0.003,-0.057,0.054,0.151,-0.073,0.224,0.191,0.273,-0.092,0.441,-0.38,-0.38,1.014,0.634,0.0,0.441,0.277,0.164,0.441,0.277,0.164,0.192,-0.119,-1.346,-0.061,-1.285,-0.673,-0.416,-0.257,0.49,-0.268,0.758,-1.102,0.104,-1.206,-0.788,-0.221,-0.56,-0.35,-0.128,-0.128,-2.609,-0.001,-0.35,-0.53,0.18,-0.35,-0.53,0.18,-0.7,-1.032,-3.243,0.634,-2.61,12013,6030,5983
203900,Markel Brown,2024,-0.913,-0.289,-0.624,0.207,0.367,-0.16,-0.503,-0.017,-0.486,-0.328,-0.052,-0.276,0.189,0.132,0.064,0.608,0.736,0.736,-0.116,0.62,0.0,0.608,0.38,0.228,0.608,0.38,0.228,-1.128,0.515,-1.872,0.31,-2.182,-0.635,-0.189,-0.446,-0.485,-0.285,-0.2,-1.062,-0.069,-0.993,-0.169,-0.1,-0.075,-0.006,-1.184,-1.184,-2.047,-3.231,0.0,-0.006,-0.059,0.053,-0.006,-0.059,0.053,-2.686,-0.731,-2.784,0.021,-2.805,-0.428,0.178,-0.606,-0.988,-0.302,-0.686,-1.389,-0.12,-1.269,0.02,0.032,-0.012,0.602,-0.447,-0.447,-2.611,-0.0,0.602,0.321,0.281,0.602,0.321,0.281,-3.814,-0.216,0.62,-3.231,-2.611,7976,3973,4003
101198,Will Bynum,2024,-0.19,0.295,-0.485,-0.074,-0.072,-0.002,0.209,0.153,0.056,-0.62,-0.039,-0.581,-0.18,-0.054,-0.124,-0.517,-0.419,-0.419,-0.887,-1.306,0.0,-0.517,-0.375,-0.142,-0.517,-0.375,-0.142,-0.973,-0.226,-0.543,-0.044,-0.499,-0.178,0.008,-0.186,0.169,-0.095,0.264,-0.49,0.024,-0.514,-0.12,-0.12,-0.004,-0.205,-0.441,-0.441,-0.868,-1.309,0.0,-0.205,-0.144,-0.061,-0.205,-0.144,-0.061,-0.726,-0.051,-0.733,0.251,-0.984,-0.252,-0.064,-0.188,0.378,0.058,0.32,-1.11,-0.015,-1.095,-0.3,-0.174,-0.128,-0.723,-0.86,-0.86,-2.615,0.0,-0.723,-0.518,-0.205,-0.723,-0.518,-0.205,-1.7,-0.277,-1.306,-1.309,-2.615,329,162,167
1626175,Jordan Mickey,2024,0.203,-0.353,0.556,0.819,-0.015,0.834,0.179,0.104,0.075,-0.442,-0.049,-0.393,-0.047,-0.091,0.048,-0.709,-0.444,-0.444,-0.553,-0.997,-0.0,-0.709,-0.397,-0.312,-0.709,-0.397,-0.312,-0.378,-0.038,-1.226,-0.026,-1.2,0.182,0.007,0.175,-0.247,0.003,-0.25,-1.135,0.043,-1.178,-0.111,-0.112,-0.001,-0.242,-0.04,-0.04,-1.579,-1.619,0.0,-0.242,-0.09,-0.152,-0.242,-0.09,-0.152,-0.873,0.06,-1.023,-0.379,-0.644,1.001,-0.008,1.009,-0.068,0.107,-0.175,-1.577,-0.006,-1.571,-0.158,-0.203,0.046,-0.952,-0.483,-0.483,-2.616,-0.0,-0.952,-0.487,-0.465,-0.952,-0.487,-0.465,-1.251,0.022,-0.997,-1.619,-2.616,2214,1117,1097
1630547,James Bouknight,2024,-1.248,0.047,-1.295,-0.484,0.177,-0.661,-0.021,0.425,-0.446,-0.79,-0.017,-0.773,0.002,-0.073,0.077,-0.485,0.366,0.366,-1.731,-1.365,-0.0,-0.485,0.171,-0.656,-0.485,0.171,-0.656,-1.128,0.079,-0.258,0.027,-0.285,0.281,0.019,0.262,-0.25,-0.102,-0.148,-0.316,0.022,-0.338,-0.347,-0.375,0.027,-0.234,-0.42,-0.42,-0.839,-1.259,0.0,-0.234,-0.284,0.05,-0.234,-0.284,0.05,-0.285,0.03,-1.504,0.074,-1.578,-0.203,0.196,-0.399,-0.27,0.323,-0.593,-1.105,0.005,-1.11,-0.345,-0.448,0.104,-0.719,-0.054,-0.054,-2.624,-0.0,-0.719,-0.113,-0.606,-0.719,-0.113,-0.606,-1.414,0.109,-1.365,-1.259,-2.624,3764,1879,1885
1629738,Vincent Poirier,2024,-1.442,-0.065,-1.377,-0.518,-0.107,-0.411,-0.201,0.066,-0.267,-0.658,-0.051,-0.607,-0.198,-0.086,-0.111,-0.093,-0.29,-0.29,-1.733,-2.023,-0.0,-0.093,-0.079,-0.014,-0.093,-0.079,-0.014,-1.345,-0.258,-0.373,0.007,-0.38,0.102,0.069,0.033,-0.273,-0.113,-0.16,-0.209,0.024,-0.233,-0.275,-0.315,0.037,-0.059,0.105,0.105,-0.707,-0.602,0.0,-0.059,-0.081,0.022,-0.059,-0.081,0.022,0.164,0.067,-1.814,-0.058,-1.756,-0.416,-0.038,-0.378,-0.474,-0.047,-0.427,-0.866,-0.027,-0.839,-0.472,-0.401,-0.074,-0.153,-0.185,-0.185,-2.625,0.0,-0.153,-0.16,0.007,-0.153,-0.16,0.007,-1.182,-0.191,-2.023,-0.602,-2.625,744,375,369
101109,Raymond Felton,2024,-2.06,-0.056,-2.004,0.045,-0.132,0.177,-0.331,0.002,-0.333,-1.718,0.027,-1.745,-0.257,-0.236,-0.022,0.204,-0.448,-0.448,-2.113,-2.561,0.0,0.204,0.421,-0.217,0.204,0.421,-0.217,-2.767,-0.488,1.88,0.119,1.761,0.228,0.056,0.172,-0.116,-0.113,-0.003,1.649,-0.025,1.674,-0.002,-0.118,0.115,-0.381,-1.561,-1.561,1.497,-0.064,0.0,-0.381,-0.199,-0.182,-0.381,-0.199,-0.182,0.753,0.003,-0.18,0.063,-0.243,0.273,-0.076,0.349,-0.447,-0.111,-0.336,-0.069,0.002,-0.071,-0.259,-0.353,0.092,-0.176,-2.009,-2.009,-2.625,-0.001,-0.176,0.222,-0.398,-0.176,0.222,-0.398,-2.014,-0.485,-2.561,-0.064,-2.626,25350,12619,12731
1627787,Kyle Wiltjer,2024,-1.136,0.214,-1.35,-0.399,-0.151,-0.248,-0.42,0.111,-0.531,-0.531,-0.034,-0.497,-0.286,-0.276,-0.007,-0.495,0.091,0.091,-1.917,-1.826,-0.0,-0.495,-0.32,-0.175,-0.495,-0.32,-0.175,-0.897,-0.293,-0.704,-0.107,-0.597,-0.172,0.024,-0.196,-0.284,-0.122,-0.162,-0.141,0.017,-0.158,-0.122,-0.118,-0.008,-0.172,0.197,0.197,-0.998,-0.801,-0.0,-0.172,-0.09,-0.082,-0.172,-0.09,-0.082,-0.333,-0.031,-1.841,0.107,-1.948,-0.571,-0.127,-0.444,-0.704,-0.011,-0.693,-0.673,-0.017,-0.656,-0.408,-0.394,-0.015,-0.667,0.288,0.288,-2.627,0.0,-0.667,-0.41,-0.257,-0.667,-0.41,-0.257,-1.231,-0.324,-1.826,-0.801,-2.627,189,96,93
203580,Larry Drew II,2024,-1.616,0.168,-1.784,-1.285,-0.372,-0.913,-0.02,-0.066,0.046,-0.479,0.036,-0.515,-0.28,-0.335,0.059,-0.589,0.04,0.04,-2.485,-2.445,0.0,-0.589,-0.532,-0.057,-0.589,-0.532,-0.057,0.145,-0.609,-0.385,0.028,-0.413,-0.093,0.001,-0.094,-0.303,-0.129,-0.174,-0.017,0.01,-0.027,-0.052,-0.017,-0.038,0.335,-0.084,-0.084,-0.102,-0.186,0.0,0.335,0.05,0.285,0.335,0.05,0.285,-0.108,-0.214,-1.999,0.196,-2.195,-1.378,-0.371,-1.007,-0.321,-0.194,-0.127,-0.496,0.046,-0.542,-0.332,-0.352,0.022,-0.254,-0.044,-0.044,-2.631,0.001,-0.254,-0.481,0.227,-0.254,-0.481,0.227,0.037,-0.823,-2.445,-0.186,-2.63,1379,693,686
1630647,Eugene Omoruyi,2024,-2.135,0.283,-2.418,-0.202,0.072,-0.274,-0.136,0.088,-0.224,-2.08,-0.018,-2.062,0.044,0.204,-0.155,-1.003,1.598,1.598,-3.094,-1.496,-0.0,-1.003,-0.348,-0.655,-1.003,-0.348,-0.655,-2.644,0.437,-1.668,0.146,-1.814,-0.326,0.12,-0.446,-1.19,-0.154,-1.036,-0.298,0.007,-0.305,-0.385,-0.479,0.095,0.904,0.01,0.01,-1.149,-1.139,0.0,0.904,0.338,0.566,0.904,0.338,0.566,-0.312,-0.03,-3.804,0.429,-4.233,-0.528,0.191,-0.719,-1.326,-0.066,-1.26,-2.379,-0.012,-2.367,-0.341,-0.276,-0.06,-0.099,1.608,1.608,-2.635,-0.0,-0.099,-0.01,-0.089,-0.099,-0.01,-0.089,-2.956,0.407,-1.496,-1.139,-2.635,4412,2199,2213
1631204,Marcus Sasser,2024,-0.117,0.113,-0.23,-0.793,-0.313,-0.48,-0.013,-0.043,0.03,0.576,-0.01,0.586,0.112,-0.173,0.281,0.222,-1.423,-1.423,0.217,-1.206,0.0,0.222,0.248,-0.026,0.222,0.248,-0.026,-1.019,-0.782,-0.998,-0.111,-0.887,-0.478,0.012,-0.49,-0.251,-0.005,-0.246,-0.158,0.019,-0.177,-0.481,-0.421,-0.061,0.148,-0.099,-0.099,-1.331,-1.43,0.0,0.148,0.065,0.083,0.148,0.065,0.083,0.366,-0.034,-1.116,0.002,-1.118,-1.27,-0.3,-0.97,-0.265,-0.049,-0.216,0.417,0.009,0.408,-0.369,-0.594,0.22,0.371,-1.523,-1.523,-2.636,0.0,0.371,0.312,0.059,0.371,0.312,0.059,-0.653,-0.817,-1.206,-1.43,-2.636,5610,2810,2800
1629659,Talen Horton-Tucker,2024,-1.48,0.268,-1.748,-0.713,0.356,-1.069,-0.138,0.354,-0.492,-0.897,-0.047,-0.85,-0.235,-0.065,-0.176,-0.042,-0.517,-0.517,-1.757,-2.274,0.0,-0.042,0.341,-0.383,-0.042,0.341,-0.383,-2.514,-0.094,0.03,-0.114,0.144,0.035,0.01,0.025,-0.003,-0.223,0.22,0.112,0.012,0.1,-0.047,-0.112,0.067,-0.012,-0.341,-0.341,-0.029,-0.37,0.0,-0.012,-0.107,0.095,-0.012,-0.107,0.095,-1.22,-0.074,-1.448,0.154,-1.602,-0.677,0.367,-1.044,-0.14,0.132,-0.272,-0.785,-0.036,-0.749,-0.282,-0.177,-0.109,-0.054,-0.858,-0.858,-2.644,0.001,-0.054,0.234,-0.288,-0.054,0.234,-0.288,-3.734,-0.167,-2.274,-0.37,-2.643,21902,10946,10956
1629617,Reggie Perry,2024,-1.107,0.252,-1.359,-0.383,-0.119,-0.264,-0.26,-0.067,-0.193,-0.716,-0.026,-0.69,-0.5,-0.563,0.061,-0.267,0.418,0.418,-1.874,-1.456,0.0,-0.267,0.309,-0.576,-0.267,0.309,-0.576,0.539,-0.066,-0.147,-0.014,-0.133,-0.348,0.098,-0.446,-0.3,-0.155,-0.145,0.515,0.014,0.501,-0.281,-0.296,0.013,-0.438,-0.32,-0.32,-0.866,-1.186,0.0,-0.438,-0.187,-0.251,-0.438,-0.187,-0.251,0.148,-0.009,-1.254,0.238,-1.492,-0.733,-0.022,-0.711,-0.56,-0.221,-0.339,-0.199,-0.011,-0.188,-0.781,-0.859,0.075,-0.705,0.098,0.098,-2.642,-0.001,-0.705,0.122,-0.827,-0.705,0.122,-0.827,0.687,-0.075,-1.456,-1.186,-2.643,1735,857,878
1631097,Bennedict Mathurin,2024,-2.309,0.126,-2.435,-2.035,0.293,-2.328,-0.885,0.288,-1.173,0.485,-0.018,0.503,1.053,0.731,0.318,-0.315,0.328,0.328,-1.571,-1.243,0.0,-0.315,0.17,-0.485,-0.315,0.17,-0.485,-4.9,-0.424,-0.294,-0.113,-0.181,-0.977,-0.145,-0.832,0.491,-0.172,0.663,0.305,0.009,0.296,-0.315,-0.505,0.192,0.266,-1.06,-1.06,-0.343,-1.403,0.0,0.266,-0.024,0.29,0.266,-0.024,0.29,0.751,-0.587,-2.604,0.013,-2.617,-3.012,0.148,-3.16,-0.394,0.116,-0.51,0.789,-0.009,0.798,0.738,0.226,0.51,-0.05,-0.732,-0.732,-2.646,0.0,-0.05,0.145,-0.195,-0.05,0.145,-0.195,-4.149,-1.01,-1.243,-1.403,-2.646,15878,7945,7933
2400,Drew Gooden,2024,-1.123,-0.272,-0.851,-0.321,-0.193,-0.128,-0.705,-0.161,-0.544,0.175,0.037,0.138,-0.257,-0.2,-0.051,-0.26,-0.184,-0.184,-1.64,-1.824,-0.0,-0.26,-0.152,-0.108,-0.26,-0.152,-0.108,-2.561,-1.049,-0.17,0.343,-0.513,-0.012,0.14,-0.152,-0.144,0.107,-0.251,-0.357,-0.008,-0.349,-0.073,-0.231,0.153,-0.427,-0.17,-0.17,-0.67,-0.84,0.0,-0.427,-0.561,0.134,-0.427,-0.561,0.134,-0.112,-0.105,-1.293,0.071,-1.364,-0.333,-0.053,-0.28,-0.85,-0.055,-0.795,-0.181,0.03,-0.211,-0.33,-0.432,0.102,-0.687,-0.354,-0.354,-2.664,0.001,-0.687,-0.713,0.026,-0.687,-0.713,0.026,-2.674,-1.154,-1.824,-0.84,-2.663,5216,2593,2623
202690,Jimmer Fredette,2024,-2.42,-0.367,-2.053,-0.132,0.201,-0.333,-0.605,0.114,-0.719,-1.316,-0.007,-1.309,0.406,0.404,0.016,0.261,0.739,0.739,-1.753,-1.014,-0.0,0.261,0.24,0.021,0.261,0.24,0.021,-1.528,0.098,-0.227,0.334,-0.561,0.292,-0.182,0.474,-0.341,-0.171,-0.17,-0.512,0.002,-0.514,-0.403,-0.318,-0.09,-0.578,-0.45,-0.45,-1.208,-1.658,0.0,-0.578,-0.377,-0.201,-0.578,-0.377,-0.201,-0.073,-0.187,-2.646,-0.033,-2.613,0.16,0.02,0.14,-0.945,-0.056,-0.889,-1.828,-0.005,-1.823,0.004,0.086,-0.074,-0.317,0.289,0.289,-2.672,-0.0,-0.317,-0.137,-0.18,-0.317,-0.137,-0.18,-1.601,-0.089,-1.014,-1.658,-2.672,2883,1444,1439
203658,Norvel Pelle,2024,-0.429,0.119,-0.548,-0.997,-0.121,-0.876,-0.218,-0.029,-0.189,0.667,-0.04,0.707,-0.182,-0.24,0.06,-0.668,-0.009,-0.009,-1.279,-1.288,-0.0,-0.668,-0.847,0.179,-0.668,-0.847,0.179,-1.067,-0.327,-0.568,0.149,-0.717,0.344,0.067,0.277,-0.156,-0.11,-0.046,-0.905,0.019,-0.924,-0.105,-0.249,0.141,-0.214,-0.507,-0.507,-0.887,-1.394,0.0,-0.214,0.02,-0.234,-0.214,0.02,-0.234,-1.114,0.109,-0.998,0.268,-1.266,-0.653,-0.054,-0.599,-0.375,-0.14,-0.235,-0.238,-0.021,-0.217,-0.287,-0.489,0.202,-0.882,-0.516,-0.516,-2.682,-0.0,-0.882,-0.826,-0.056,-0.882,-0.826,-0.056,-2.181,-0.218,-1.288,-1.394,-2.682,1394,696,698
203710,C.J. Williams,2024,-0.231,-0.084,-0.147,-0.172,-0.067,-0.105,0.176,0.22,-0.044,-0.151,-0.001,-0.15,0.06,-0.043,0.107,0.437,-1.001,-1.001,0.266,-0.735,-0.0,0.437,0.303,0.134,0.437,0.303,0.134,-0.629,-0.214,-0.34,0.013,-0.353,0.001,0.075,-0.074,0.012,-0.123,0.135,-0.366,0.001,-0.367,-0.22,-0.207,-0.015,-0.53,-0.859,-0.859,-1.09,-1.949,0.0,-0.53,-0.224,-0.306,-0.53,-0.224,-0.306,-1.355,-0.13,-0.571,-0.071,-0.5,-0.17,0.008,-0.178,0.187,0.096,0.091,-0.517,-0.0,-0.517,-0.16,-0.25,0.092,-0.093,-1.86,-1.86,-2.684,0.0,-0.093,0.079,-0.172,-0.093,0.079,-0.172,-1.984,-0.344,-0.735,-1.949,-2.684,3164,1577,1587
1630207,Nate Hinton,2024,-1.512,0.002,-1.514,0.035,-0.113,0.148,-0.27,0.005,-0.275,-1.279,-0.048,-1.231,-0.201,0.01,-0.212,-0.063,-0.115,-0.115,-1.776,-1.891,0.0,-0.063,-0.075,0.012,-0.063,-0.075,0.012,-2.012,-0.174,-0.533,-0.01,-0.523,-0.128,0.041,-0.169,-0.347,-0.169,-0.178,-0.048,0.021,-0.069,-0.186,-0.296,0.106,-0.237,0.157,0.157,-0.956,-0.799,0.0,-0.237,-0.19,-0.047,-0.237,-0.19,-0.047,0.104,-0.069,-2.045,-0.008,-2.037,-0.093,-0.073,-0.02,-0.617,-0.164,-0.453,-1.327,-0.027,-1.3,-0.387,-0.286,-0.105,-0.3,0.042,0.042,-2.69,0.0,-0.3,-0.264,-0.036,-0.3,-0.264,-0.036,-1.908,-0.243,-1.891,-0.799,-2.69,748,373,375
201985,AJ Price,2024,-1.922,-0.112,-1.81,-0.851,-0.145,-0.706,-0.121,-0.146,0.025,-0.838,-0.021,-0.817,-0.411,-0.222,-0.188,-0.043,0.592,0.592,-2.376,-1.784,-0.0,-0.043,-0.185,0.142,-0.043,-0.185,0.142,-1.211,-0.451,-1.278,0.019,-1.297,-0.257,0.015,-0.272,-0.856,-0.083,-0.773,-0.184,-0.02,-0.164,0.047,0.028,0.014,0.071,0.251,0.251,-1.16,-0.909,0.0,0.071,-0.05,0.121,0.071,-0.05,0.121,-0.968,-0.238,-3.2,-0.093,-3.107,-1.108,-0.129,-0.979,-0.976,-0.229,-0.747,-1.023,-0.042,-0.981,-0.365,-0.194,-0.174,0.028,0.843,0.843,-2.693,-0.001,0.028,-0.235,0.263,0.028,-0.235,0.263,-2.18,-0.689,-1.784,-0.909,-2.694,1493,748,745
1630658,Colin Castleton,2024,-1.209,0.256,-1.465,-0.464,-0.146,-0.318,0.153,0.053,0.1,-1.154,-0.045,-1.109,-0.21,-0.183,-0.023,-0.176,-0.244,-0.244,-1.595,-1.839,0.0,-0.176,0.006,-0.182,-0.176,0.006,-0.182,-1.275,-0.215,-0.758,0.007,-0.765,-0.093,0.032,-0.125,-0.321,-0.149,-0.172,-0.351,0.018,-0.369,-0.063,-0.069,0.004,-0.025,-0.01,-0.01,-0.846,-0.856,0.0,-0.025,-0.008,-0.017,-0.025,-0.008,-0.017,-0.554,-0.132,-1.968,0.263,-2.231,-0.557,-0.114,-0.443,-0.168,-0.096,-0.072,-1.506,-0.027,-1.479,-0.272,-0.253,-0.019,-0.201,-0.254,-0.254,-2.695,0.0,-0.201,-0.001,-0.2,-0.201,-0.001,-0.2,-1.828,-0.347,-1.839,-0.856,-2.695,249,125,124
1629714,Jarrell Brantley,2024,-1.515,-0.016,-1.499,-0.382,-0.118,-0.264,-0.942,0.221,-1.163,-0.175,-0.001,-0.174,-0.518,-0.529,0.008,0.278,-0.598,-0.598,-1.755,-2.353,-0.0,0.278,0.099,0.179,0.278,0.099,0.179,0.333,-0.278,-0.389,-0.04,-0.349,-0.209,-0.03,-0.179,-0.063,-0.11,0.047,-0.077,0.034,-0.111,-0.105,-0.098,-0.008,-0.246,0.393,0.393,-0.74,-0.347,0.0,-0.246,-0.154,-0.092,-0.246,-0.154,-0.092,0.275,-0.166,-1.903,-0.056,-1.847,-0.591,-0.148,-0.443,-1.005,0.111,-1.116,-0.251,0.034,-0.285,-0.623,-0.627,-0.0,0.032,-0.205,-0.205,-2.7,-0.0,0.032,-0.055,0.087,0.032,-0.055,0.087,0.608,-0.444,-2.353,-0.347,-2.7,1216,611,605
203106,Jeffery Taylor,2024,-1.069,0.085,-1.154,-0.941,0.112,-1.053,0.156,0.026,0.13,-0.369,-0.044,-0.325,-0.226,-0.041,-0.18,-0.077,-0.414,-0.414,-1.372,-1.786,-0.0,-0.077,-0.047,-0.03,-0.077,-0.047,-0.03,-0.858,-0.276,-0.606,0.09,-0.696,0.113,-0.072,0.185,-0.325,-0.01,-0.315,-0.484,0.013,-0.497,0.234,0.25,-0.02,-0.222,-0.32,-0.32,-0.594,-0.914,-0.0,-0.222,0.059,-0.281,-0.222,0.059,-0.281,-1.393,-0.219,-1.676,0.175,-1.851,-0.829,0.04,-0.869,-0.169,0.016,-0.185,-0.853,-0.031,-0.822,0.008,0.209,-0.2,-0.299,-0.734,-0.734,-2.7,-0.0,-0.299,0.013,-0.312,-0.299,0.013,-0.312,-2.251,-0.495,-1.786,-0.914,-2.7,1358,676,682
202325,Wesley Johnson,2024,-1.035,-0.133,-0.902,0.697,-0.077,0.774,-0.603,-0.28,-0.323,-0.996,-0.001,-0.995,-0.653,-0.53,-0.12,-0.571,-0.592,-0.592,-2.259,-2.851,0.0,-0.571,-0.462,-0.109,-0.571,-0.462,-0.109,0.443,0.328,-0.394,0.144,-0.538,-0.752,-0.133,-0.619,0.245,-0.148,0.393,-0.031,-0.017,-0.014,-0.147,-0.104,-0.047,0.57,0.119,0.119,0.029,0.148,0.0,0.57,0.359,0.211,0.57,0.359,0.211,-1.566,-0.585,-1.425,0.011,-1.436,-0.054,-0.21,0.156,-0.356,-0.427,0.071,-1.026,-0.018,-1.008,-0.8,-0.634,-0.167,-0.001,-0.473,-0.473,-2.703,-0.001,-0.001,-0.102,0.101,-0.001,-0.102,0.101,-1.123,-0.257,-2.851,0.148,-2.704,17991,9068,8923
1641738,Kobe Brown,2024,-1.779,-0.193,-1.586,-0.489,-0.137,-0.352,0.035,0.038,-0.003,-1.132,-0.038,-1.094,-0.391,-0.376,-0.015,0.284,0.362,0.362,-1.886,-1.524,0.0,0.284,0.266,0.018,0.284,0.266,0.018,-1.769,-0.313,-0.496,0.005,-0.501,-0.382,0.003,-0.385,-0.406,-0.207,-0.199,0.287,0.015,0.272,-0.194,-0.192,-0.004,-0.06,-0.438,-0.438,-0.75,-1.188,0.0,-0.06,-0.181,0.121,-0.06,-0.181,0.121,-1.152,-0.425,-2.273,-0.188,-2.085,-0.87,-0.133,-0.737,-0.371,-0.17,-0.201,-0.844,-0.022,-0.822,-0.584,-0.568,-0.019,0.224,-0.076,-0.076,-2.712,0.001,0.224,0.085,0.139,0.224,0.085,0.139,-2.921,-0.738,-1.524,-1.188,-2.711,1657,826,831
1630583,Santi Aldama,2024,-1.294,0.205,-1.499,-0.204,-0.069,-0.135,0.185,0.194,-0.009,-1.48,0.001,-1.481,-0.464,-0.041,-0.429,0.001,-0.15,-0.15,-1.757,-1.907,0.0,0.001,0.049,-0.048,0.001,0.049,-0.048,-0.169,-0.124,-0.684,-0.253,-0.431,-0.24,0.211,-0.451,0.385,0.07,0.315,-0.576,0.012,-0.588,0.14,0.172,-0.03,-0.041,-0.225,-0.225,-0.585,-0.81,0.0,-0.041,-0.021,-0.02,-0.041,-0.021,-0.02,-1.373,0.269,-1.978,-0.048,-1.93,-0.444,0.142,-0.586,0.571,0.264,0.307,-2.057,0.012,-2.069,-0.324,0.13,-0.46,-0.041,-0.375,-0.375,-2.717,0.0,-0.041,0.028,-0.069,-0.041,0.028,-0.069,-1.543,0.145,-1.907,-0.81,-2.717,15371,7708,7663
1628412,Frank Mason,2024,-0.623,-0.015,-0.608,0.043,-0.101,0.144,-0.154,-0.14,-0.014,-0.497,-0.027,-0.47,-0.22,0.091,-0.305,0.034,-0.843,-0.843,-0.809,-1.652,0.0,0.034,0.525,-0.491,0.034,0.525,-0.491,-2.448,-0.328,-0.506,-0.038,-0.468,0.19,-0.017,0.207,-0.365,-0.116,-0.249,-0.293,0.014,-0.307,-0.042,-0.072,0.029,-0.009,-0.511,-0.511,-0.557,-1.068,0.0,-0.009,-0.2,0.191,-0.009,-0.2,0.191,-0.194,0.22,-1.13,-0.053,-1.077,0.232,-0.119,0.351,-0.519,-0.255,-0.264,-0.79,-0.013,-0.777,-0.261,0.019,-0.275,0.024,-1.354,-1.354,-2.72,-0.0,0.024,0.325,-0.301,0.024,0.325,-0.301,-2.642,-0.108,-1.652,-1.068,-2.72,6851,3410,3441
1628504,Xavier Rathan-Mayes,2024,-0.901,0.197,-1.098,-0.324,-0.193,-0.131,-0.086,0.001,-0.087,-0.688,-0.033,-0.655,-0.412,-0.167,-0.25,-0.168,-0.336,-0.336,-1.481,-1.817,0.0,-0.168,-0.406,0.238,-0.168,-0.406,0.238,0.021,-0.203,-0.898,-0.113,-0.785,-0.196,0.049,-0.245,-0.279,-0.08,-0.199,-0.31,0.028,-0.338,-0.218,-0.264,0.042,0.241,-0.033,-0.033,-0.875,-0.908,0.0,0.241,-0.041,0.282,0.241,-0.041,0.282,-0.524,-0.108,-1.799,0.084,-1.883,-0.52,-0.144,-0.376,-0.366,-0.08,-0.286,-0.997,-0.004,-0.993,-0.63,-0.431,-0.208,0.072,-0.369,-0.369,-2.725,0.001,0.072,-0.447,0.519,0.072,-0.447,0.519,-0.503,-0.311,-1.817,-0.908,-2.724,595,298,297
1627784,Jarrod Uthoff,2024,-1.429,0.144,-1.573,-0.656,-0.23,-0.426,-0.429,0.002,-0.431,-0.488,-0.003,-0.485,-0.601,-0.44,-0.167,-0.04,0.653,0.653,-2.07,-1.417,0.0,-0.04,0.152,-0.192,-0.04,0.152,-0.192,0.362,-0.21,-0.784,-0.022,-0.762,-0.228,0.03,-0.258,-0.189,-0.12,-0.069,-0.345,0.017,-0.362,-0.171,-0.164,-0.01,-0.154,-0.2,-0.2,-1.109,-1.309,0.0,-0.154,-0.097,-0.057,-0.154,-0.097,-0.057,-0.872,-0.24,-2.214,0.122,-2.336,-0.884,-0.2,-0.684,-0.619,-0.119,-0.5,-0.833,0.014,-0.847,-0.772,-0.604,-0.177,-0.195,0.454,0.454,-2.726,0.0,-0.195,0.055,-0.25,-0.195,0.055,-0.25,-0.51,-0.45,-1.417,-1.309,-2.726,651,325,326
201975,Jodie Meeks,2024,-1.119,-0.364,-0.755,-0.623,-0.325,-0.298,-0.333,-0.123,-0.21,0.201,0.097,0.104,0.039,-0.231,0.271,0.151,-0.499,-0.499,-0.929,-1.428,0.0,0.151,0.143,0.008,0.151,0.143,0.008,0.706,-0.644,-0.193,0.25,-0.443,-0.489,-0.152,-0.337,0.564,-0.042,0.606,-0.518,-0.021,-0.497,-0.075,-0.138,0.061,-0.219,-0.811,-0.811,-0.487,-1.298,0.0,-0.219,-0.124,-0.095,-0.219,-0.124,-0.095,-1.072,-0.46,-1.312,-0.114,-1.198,-1.112,-0.477,-0.635,0.231,-0.165,0.396,-0.317,0.076,-0.393,-0.036,-0.369,0.332,-0.068,-1.31,-1.31,-2.726,0.0,-0.068,0.019,-0.087,-0.068,0.019,-0.087,-0.366,-1.103,-1.428,-1.298,-2.726,14293,7128,7165
1628035,Alfonzo McKinnie,2024,-0.335,0.082,-0.417,-0.093,-0.122,0.029,-0.589,-0.166,-0.423,0.265,-0.045,0.31,-0.494,-0.237,-0.253,-0.093,0.16,0.16,-0.922,-0.762,-0.0,-0.093,0.035,-0.128,-0.093,0.035,-0.128,-0.901,-0.21,-1.271,0.033,-1.304,-0.46,-0.054,-0.406,-0.467,-0.097,-0.37,-0.377,0.024,-0.401,-0.383,-0.338,-0.046,-0.088,-0.227,-0.227,-1.742,-1.969,0.0,-0.088,-0.088,-0.0,-0.088,-0.088,-0.0,-0.47,-0.455,-1.606,0.115,-1.721,-0.554,-0.177,-0.377,-1.055,-0.262,-0.793,-0.112,-0.021,-0.091,-0.877,-0.575,-0.299,-0.181,-0.068,-0.068,-2.731,0.0,-0.181,-0.053,-0.128,-0.181,-0.053,-0.128,-1.371,-0.665,-0.762,-1.969,-2.731,11936,5962,5974
201949,James Johnson,2024,-1.093,0.023,-1.116,0.136,0.257,-0.121,-0.21,0.304,-0.514,-1.042,0.014,-1.056,-0.466,-0.161,-0.303,-0.568,-0.464,-0.464,-2.127,-2.591,-0.0,-0.568,0.002,-0.57,-0.568,0.002,-0.57,-1.0,0.392,0.128,-0.119,0.247,0.404,0.036,0.368,-0.538,-0.066,-0.472,0.381,-0.008,0.389,-0.336,-0.311,-0.025,0.074,-0.018,-0.018,-0.134,-0.152,0.0,0.074,0.205,-0.131,0.074,0.205,-0.131,0.185,-0.008,-0.965,-0.096,-0.869,0.539,0.293,0.246,-0.748,0.238,-0.986,-0.66,0.006,-0.666,-0.802,-0.472,-0.328,-0.494,-0.482,-0.482,-2.743,0.0,-0.494,0.207,-0.701,-0.494,0.207,-0.701,-0.815,0.384,-2.591,-0.152,-2.743,31898,15962,15936
1631111,Wendell Moore Jr.,2024,-1.481,-0.424,-1.057,0.193,-0.024,0.217,0.104,0.139,-0.035,-1.354,-0.036,-1.318,-0.283,-0.275,-0.012,-0.219,-0.29,-0.29,-1.983,-2.273,0.0,-0.219,0.221,-0.44,-0.219,0.221,-0.44,-1.48,0.17,-0.518,0.032,-0.55,-0.225,0.027,-0.252,-0.478,-0.14,-0.338,0.153,0.018,0.135,-0.134,-0.216,0.08,0.041,0.14,0.14,-0.611,-0.471,0.0,0.041,0.005,0.036,0.041,0.005,0.036,0.011,-0.19,-1.998,-0.392,-1.606,-0.032,0.003,-0.035,-0.373,-0.001,-0.372,-1.201,-0.018,-1.183,-0.417,-0.492,0.068,-0.178,-0.15,-0.15,-2.744,0.0,-0.178,0.225,-0.403,-0.178,0.225,-0.403,-1.469,-0.02,-2.273,-0.471,-2.744,1112,556,556
1641787,Tosan Evbuomwan,2024,-1.04,0.308,-1.348,-0.455,-0.142,-0.313,0.232,0.08,0.152,-1.125,-0.033,-1.092,-0.141,-0.001,-0.14,-0.343,0.01,0.01,-1.524,-1.514,0.0,-0.343,-0.13,-0.213,-0.343,-0.13,-0.213,-1.095,-0.482,-1.438,-0.075,-1.363,-0.243,0.039,-0.282,-0.65,-0.132,-0.518,-0.47,0.012,-0.482,-0.057,-0.06,0.001,0.011,0.249,0.249,-1.484,-1.235,-0.0,0.011,0.102,-0.091,0.011,0.102,-0.091,-1.393,-0.023,-2.477,0.233,-2.71,-0.698,-0.103,-0.595,-0.417,-0.051,-0.366,-1.595,-0.021,-1.574,-0.198,-0.061,-0.139,-0.332,0.259,0.259,-2.749,-0.0,-0.332,-0.028,-0.304,-0.332,-0.028,-0.304,-2.487,-0.505,-1.514,-1.235,-2.749,1493,740,753
1629626,Bol Bol,2024,-1.73,-0.324,-1.406,-0.38,0.019,-0.399,-0.37,-0.381,0.011,-0.656,-0.019,-0.637,-0.34,-0.527,0.18,-0.963,0.179,0.179,-3.033,-2.854,0.0,-0.963,-0.4,-0.563,-0.963,-0.4,-0.563,-3.322,-0.061,-0.728,0.03,-0.758,-0.844,0.071,-0.915,0.054,-0.385,0.439,0.032,-0.0,0.032,0.274,0.236,0.04,0.286,0.271,0.271,-0.168,0.103,-0.0,0.286,0.329,-0.043,0.286,0.329,-0.043,-2.212,-0.417,-2.458,-0.294,-2.164,-1.222,0.091,-1.313,-0.317,-0.766,0.449,-0.625,-0.019,-0.606,-0.067,-0.292,0.22,-0.677,0.45,0.45,-2.751,0.0,-0.677,-0.071,-0.606,-0.677,-0.071,-0.606,-5.534,-0.478,-2.854,0.103,-2.751,9727,4860,4867
203902,Semaj Christon,2024,-0.655,-0.069,-0.586,-0.825,-0.004,-0.821,0.438,0.144,0.294,-0.199,-0.038,-0.161,-0.29,-0.098,-0.19,-0.39,0.571,0.571,-1.335,-0.764,0.0,-0.39,0.189,-0.579,-0.39,0.189,-0.579,-1.247,-0.893,-1.338,0.049,-1.387,-0.721,-0.12,-0.601,-1.336,-0.089,-1.247,0.67,0.055,0.615,-0.276,-0.458,0.179,-0.448,0.069,0.069,-2.062,-1.993,0.0,-0.448,-0.182,-0.266,-0.448,-0.182,-0.266,0.563,-0.205,-1.992,-0.02,-1.972,-1.546,-0.124,-1.422,-0.897,0.055,-0.952,0.471,0.017,0.454,-0.566,-0.556,-0.01,-0.838,0.64,0.64,-2.757,0.0,-0.838,0.007,-0.845,-0.838,0.007,-0.845,-0.684,-1.098,-0.764,-1.993,-2.757,4150,2068,2082
2422,John Salmons,2024,-2.552,-0.121,-2.431,-0.267,-0.182,-0.085,-0.746,-0.004,-0.742,-1.418,-0.009,-1.409,0.236,0.325,-0.075,0.216,0.094,0.094,-2.1,-2.006,0.0,0.216,0.11,0.106,0.216,0.11,0.106,-1.722,-0.439,-0.509,0.122,-0.631,-0.108,-0.199,0.091,-0.504,-0.167,-0.337,-0.019,0.034,-0.053,-0.268,-0.257,-0.017,-0.04,0.059,0.059,-0.817,-0.758,0.0,-0.04,-0.023,-0.017,-0.04,-0.023,-0.017,0.698,-0.065,-3.06,0.001,-3.061,-0.375,-0.381,0.006,-1.25,-0.171,-1.079,-1.436,0.025,-1.461,-0.032,0.068,-0.092,0.176,0.153,0.153,-2.764,0.001,0.176,0.087,0.089,0.176,0.087,0.089,-1.024,-0.504,-2.006,-0.758,-2.763,1223,608,615
203926,Doug McDermott,2024,0.007,0.042,-0.035,0.173,0.074,0.099,-0.424,0.028,-0.452,0.216,-0.002,0.218,-0.479,-0.319,-0.159,-0.145,0.035,0.035,-0.617,-0.582,0.0,-0.145,-0.274,0.129,-0.145,-0.274,0.129,2.654,0.683,-0.178,-0.026,-0.152,0.291,-0.102,0.393,-0.211,-0.014,-0.197,-0.232,0.023,-0.255,-0.123,-0.08,-0.045,-0.965,-0.92,-0.92,-1.266,-2.186,0.0,-0.965,-0.616,-0.349,-0.965,-0.616,-0.349,-0.522,0.152,-0.17,0.016,-0.186,0.466,-0.027,0.493,-0.635,0.013,-0.648,-0.017,0.021,-0.038,-0.602,-0.399,-0.204,-1.109,-0.885,-0.885,-2.768,0.0,-1.109,-0.89,-0.219,-1.109,-0.89,-0.219,2.132,0.835,-0.582,-2.186,-2.768,55393,27735,27658
1629018,Gary Trent Jr.,2024,-1.036,0.152,-1.188,-0.69,-0.328,-0.362,-1.23,-0.248,-0.982,0.732,-0.003,0.735,0.062,-0.099,0.155,1.043,0.317,0.317,0.069,0.386,0.0,1.043,0.458,0.585,1.043,0.458,0.585,-2.213,-1.14,-2.594,-0.099,-2.495,-0.825,-0.148,-0.677,-0.291,-0.12,-0.171,-1.379,0.014,-1.393,-0.048,-0.045,0.0,0.275,-0.787,-0.787,-2.367,-3.154,0.0,0.275,-0.171,0.446,0.275,-0.171,0.446,-2.24,-0.775,-3.63,0.053,-3.683,-1.516,-0.476,-1.04,-1.52,-0.367,-1.153,-0.647,0.011,-0.658,0.014,-0.143,0.155,1.318,-0.47,-0.47,-2.768,0.0,1.318,0.288,1.03,1.318,0.288,1.03,-4.453,-1.916,0.386,-3.154,-2.768,41253,20666,20587
1630533,Ziaire Williams,2024,-0.85,0.228,-1.078,0.197,0.031,0.166,-0.534,0.045,-0.579,-0.741,0.002,-0.743,-0.251,-0.219,-0.039,-0.159,-0.379,-0.379,-1.26,-1.639,0.0,-0.159,0.088,-0.247,-0.159,0.088,-0.247,0.582,0.258,-0.478,-0.087,-0.391,-0.946,-0.06,-0.886,-0.172,-0.123,-0.049,0.727,0.021,0.706,-0.19,-0.157,-0.034,-0.221,-0.245,-0.245,-0.889,-1.134,0.0,-0.221,-0.081,-0.14,-0.221,-0.081,-0.14,-0.177,-0.792,-1.329,0.141,-1.47,-0.75,-0.029,-0.721,-0.706,-0.078,-0.628,-0.014,0.023,-0.037,-0.442,-0.376,-0.073,-0.381,-0.624,-0.624,-2.773,-0.0,-0.381,0.007,-0.388,-0.381,0.007,-0.388,0.405,-0.534,-1.639,-1.134,-2.773,12924,6444,6480
202687,Bismack Biyombo,2024,-2.569,-0.02,-2.549,-0.669,-0.22,-0.449,-1.647,-0.557,-1.09,-0.233,-0.026,-0.207,-0.906,-0.323,-0.585,-0.449,0.587,0.587,-3.924,-3.337,-0.0,-0.449,-0.167,-0.282,-0.449,-0.167,-0.282,-2.259,-0.59,1.621,-0.061,1.682,1.516,-0.003,1.519,0.778,0.033,0.745,-0.612,-0.027,-0.585,0.329,0.299,0.034,-0.811,-0.578,-0.578,1.139,0.561,0.0,-0.811,-0.349,-0.462,-0.811,-0.349,-0.462,-0.695,0.389,-0.949,-0.081,-0.868,0.847,-0.223,1.07,-0.87,-0.525,-0.345,-0.845,-0.053,-0.792,-0.577,-0.024,-0.552,-1.261,0.009,0.009,-2.776,-0.001,-1.261,-0.516,-0.745,-1.261,-0.516,-0.745,-2.953,-0.202,-3.337,0.561,-2.777,48947,24374,24573
203913,Jabari Brown,2024,-0.563,0.068,-0.631,-0.169,0.029,-0.198,-0.829,0.01,-0.839,0.367,-0.039,0.406,0.149,0.221,-0.059,-0.325,-0.378,-0.378,-0.739,-1.117,0.0,-0.325,0.029,-0.354,-0.325,0.029,-0.354,-0.475,0.021,-0.963,0.097,-1.06,-0.469,-0.162,-0.307,-0.476,-0.204,-0.272,-0.115,-0.016,-0.099,-0.066,-0.17,0.098,-0.456,-0.176,-0.176,-1.485,-1.661,-0.0,-0.456,-0.273,-0.183,-0.456,-0.273,-0.183,-0.687,-0.408,-1.526,0.165,-1.691,-0.637,-0.132,-0.505,-1.305,-0.194,-1.111,0.251,-0.056,0.307,0.083,0.051,0.039,-0.782,-0.554,-0.554,-2.778,-0.001,-0.782,-0.245,-0.537,-0.782,-0.245,-0.537,-1.162,-0.386,-1.117,-1.661,-2.779,1896,944,952
1631212,Peyton Watson,2024,-0.906,0.244,-1.15,-0.684,0.057,-0.741,-0.066,-0.083,0.017,-0.4,-0.059,-0.341,-0.43,-0.209,-0.224,-0.198,-1.015,-1.015,-1.534,-2.549,0.0,-0.198,0.064,-0.262,-0.198,0.064,-0.262,-0.161,0.437,2.113,-0.058,2.171,1.134,0.005,1.129,0.506,0.0,0.506,0.531,0.038,0.493,-0.25,-0.396,0.147,-0.657,-1.447,-1.447,1.206,-0.241,0.0,-0.657,-0.105,-0.552,-0.657,-0.105,-0.552,1.556,0.202,1.206,0.186,1.02,0.449,0.061,0.388,0.44,-0.083,0.523,0.131,-0.021,0.152,-0.68,-0.605,-0.076,-0.855,-2.462,-2.462,-2.79,0.001,-0.855,-0.041,-0.814,-0.855,-0.041,-0.814,1.395,0.639,-2.549,-0.241,-2.789,7076,3512,3564
203458,Alex Len,2024,-3.048,-0.14,-2.908,-0.745,0.005,-0.75,-0.949,-0.329,-0.62,-1.214,-0.026,-1.188,-0.562,-0.336,-0.223,-1.476,1.448,1.448,-5.086,-3.638,0.0,-1.476,-0.829,-0.647,-1.476,-0.829,-0.647,-2.224,-0.164,1.182,0.092,1.09,0.928,0.03,0.898,0.39,0.198,0.192,-0.228,-0.009,-0.219,0.176,0.084,0.091,-0.473,-0.037,-0.037,0.885,0.848,0.0,-0.473,-0.349,-0.124,-0.473,-0.349,-0.124,0.665,0.558,-1.866,-0.048,-1.818,0.183,0.035,0.148,-0.559,-0.131,-0.428,-1.442,-0.035,-1.407,-0.386,-0.252,-0.132,-1.95,1.411,1.411,-2.79,0.0,-1.95,-1.178,-0.772,-1.95,-1.178,-0.772,-1.559,0.394,-3.638,0.848,-2.79,46111,23018,23093
1630189,Tyler Bey,2024,-1.279,0.086,-1.365,-0.567,-0.149,-0.418,0.018,0.012,0.006,-0.816,-0.052,-0.764,-0.233,-0.137,-0.095,-0.139,-0.319,-0.319,-1.651,-1.97,0.0,-0.139,-0.138,-0.001,-0.139,-0.138,-0.001,-1.668,-0.401,-0.696,-0.05,-0.646,-0.181,0.026,-0.207,-0.135,-0.123,-0.012,-0.33,0.022,-0.352,-0.09,-0.125,0.032,-0.053,0.017,0.017,-0.839,-0.822,0.0,-0.053,-0.107,0.054,-0.053,-0.107,0.054,-0.584,-0.171,-1.974,0.036,-2.01,-0.747,-0.123,-0.624,-0.117,-0.111,-0.006,-1.146,-0.03,-1.116,-0.323,-0.263,-0.062,-0.193,-0.302,-0.302,-2.792,0.0,-0.193,-0.245,0.052,-0.193,-0.245,0.052,-2.252,-0.572,-1.97,-0.822,-2.792,313,160,153
1642013,Malik Williams,2024,-1.133,0.309,-1.442,-0.486,-0.135,-0.351,-0.332,0.009,-0.341,-0.624,-0.04,-0.584,-0.186,-0.231,0.049,-0.519,-0.038,-0.038,-1.838,-1.876,0.0,-0.519,-0.386,-0.133,-0.519,-0.386,-0.133,-1.596,-0.385,-0.41,-0.128,-0.282,-0.049,0.053,-0.102,-0.163,-0.152,-0.011,-0.07,0.016,-0.086,-0.048,-0.05,-0.001,-0.283,-0.191,-0.191,-0.741,-0.932,-0.0,-0.283,-0.167,-0.116,-0.283,-0.167,-0.116,-0.846,-0.065,-1.543,0.181,-1.724,-0.535,-0.082,-0.453,-0.495,-0.143,-0.352,-0.694,-0.024,-0.67,-0.234,-0.281,0.048,-0.801,-0.229,-0.229,-2.808,-0.001,-0.801,-0.553,-0.248,-0.801,-0.553,-0.248,-2.442,-0.45,-1.876,-0.932,-2.809,430,216,214
201941,Jordan Hill,2024,-2.405,-0.328,-2.077,-0.07,-0.269,0.199,-2.189,-1.097,-1.092,0.182,-0.124,0.306,-0.525,-0.596,0.078,0.066,1.183,1.183,-2.864,-1.681,-0.0,0.066,-0.047,0.113,0.066,-0.047,0.113,-1.385,-0.141,-0.172,0.21,-0.382,-0.741,-0.289,-0.452,-0.025,-0.03,0.005,0.384,-0.032,0.416,0.055,0.044,0.005,-0.707,-0.31,-0.31,-0.824,-1.134,0.0,-0.707,-0.187,-0.52,-0.707,-0.187,-0.52,-1.45,-0.691,-2.576,-0.118,-2.458,-0.81,-0.558,-0.252,-2.214,-1.126,-1.088,0.566,-0.156,0.722,-0.47,-0.551,0.083,-0.641,0.872,0.872,-2.815,-0.0,-0.641,-0.234,-0.407,-0.641,-0.234,-0.407,-2.836,-0.832,-1.681,-1.134,-2.815,11283,5665,5618
201967,Dante Cunningham,2024,-1.186,-0.333,-0.853,-0.134,-0.066,-0.068,-0.545,-0.346,-0.199,-0.174,-0.001,-0.173,-0.335,-0.315,-0.015,0.186,-0.83,-0.83,-1.335,-2.165,0.0,0.186,0.142,0.044,0.186,0.142,0.044,0.194,-0.377,-0.997,0.148,-1.145,-0.982,-0.206,-0.776,-0.192,0.024,-0.216,0.029,-0.016,0.045,0.308,0.36,-0.054,-0.388,0.421,0.421,-1.077,-0.656,-0.0,-0.388,-0.151,-0.237,-0.388,-0.151,-0.237,0.157,-0.211,-2.18,-0.185,-1.995,-1.115,-0.271,-0.844,-0.736,-0.321,-0.415,-0.144,-0.016,-0.128,-0.027,0.046,-0.069,-0.201,-0.408,-0.408,-2.821,-0.0,-0.201,-0.01,-0.191,-0.201,-0.01,-0.191,0.351,-0.588,-2.165,-0.656,-2.821,30630,15261,15369
1631124,Julian Strawther,2024,-1.559,0.265,-1.824,-0.721,-0.149,-0.572,0.382,0.097,0.285,-1.485,-0.035,-1.45,-0.331,-0.204,-0.127,0.403,0.229,0.229,-1.487,-1.258,-0.0,0.403,0.35,0.053,0.403,0.35,0.053,-0.25,-0.367,-0.858,0.12,-0.978,0.239,0.035,0.204,-0.007,-0.135,0.128,-1.21,0.024,-1.234,-0.25,-0.229,-0.022,-0.382,-0.075,-0.075,-1.49,-1.565,0.0,-0.382,-0.292,-0.09,-0.382,-0.292,-0.09,-0.916,0.053,-2.415,0.385,-2.8,-0.481,-0.113,-0.368,0.375,-0.038,0.413,-2.694,-0.01,-2.684,-0.582,-0.433,-0.149,0.021,0.153,0.153,-2.823,0.0,0.021,0.059,-0.038,0.021,0.059,-0.038,-1.166,-0.314,-1.258,-1.565,-2.823,2315,1150,1165
1630695,Micah Potter,2024,-1.947,0.115,-2.062,-0.152,-0.205,0.053,-0.623,0.049,-0.672,-1.287,-0.027,-1.26,-0.222,-0.157,-0.065,-0.201,-0.124,-0.124,-2.37,-2.494,0.0,-0.201,-0.334,0.133,-0.201,-0.334,0.133,-1.333,-0.286,-0.378,-0.092,-0.286,-0.205,0.022,-0.227,0.183,-0.177,0.36,-0.264,0.01,-0.274,0.03,-0.014,0.043,-0.051,0.063,0.063,-0.399,-0.336,-0.0,-0.051,-0.043,-0.008,-0.051,-0.043,-0.008,-1.197,-0.19,-2.325,0.023,-2.348,-0.357,-0.183,-0.174,-0.438,-0.127,-0.311,-1.553,-0.018,-1.535,-0.192,-0.172,-0.022,-0.253,-0.061,-0.061,-2.83,0.0,-0.253,-0.377,0.124,-0.253,-0.377,0.124,-2.53,-0.476,-2.494,-0.336,-2.83,1123,564,559
1628980,Jacob Evans,2024,-2.376,-0.029,-2.347,-0.934,-0.356,-0.578,-0.875,-0.585,-0.29,-0.538,-0.063,-0.475,0.246,0.237,0.014,0.191,-0.283,-0.283,-1.939,-2.222,0.0,0.191,0.102,0.089,0.191,0.102,0.089,-0.44,-0.593,0.02,-0.078,0.098,0.123,0.099,0.024,0.179,0.002,0.177,-0.204,0.012,-0.216,-0.112,-0.045,-0.069,-0.318,-0.198,-0.198,-0.41,-0.608,0.0,-0.318,-0.14,-0.178,-0.318,-0.14,-0.178,-0.289,0.136,-2.355,-0.107,-2.248,-0.81,-0.256,-0.554,-0.696,-0.583,-0.113,-0.742,-0.051,-0.691,0.134,0.191,-0.055,-0.128,-0.481,-0.481,-2.83,0.0,-0.128,-0.038,-0.09,-0.128,-0.038,-0.09,-0.729,-0.458,-2.222,-0.608,-2.83,3629,1806,1823
201163,Wilson Chandler,2024,-0.0,-0.184,0.184,-0.26,0.05,-0.31,0.518,0.226,0.292,-0.074,0.102,-0.176,-0.33,-0.342,0.021,-0.359,0.462,0.462,-0.689,-0.227,0.0,-0.359,0.143,-0.502,-0.359,0.143,-0.502,0.208,-0.467,-1.492,0.213,-1.705,-0.292,-0.102,-0.19,-0.283,0.074,-0.357,-1.13,-0.003,-1.127,0.065,0.018,0.043,-0.787,-0.39,-0.39,-2.214,-2.604,0.0,-0.787,-0.222,-0.565,-0.787,-0.222,-0.565,-1.226,-0.016,-1.492,0.029,-1.521,-0.552,-0.052,-0.5,0.235,0.3,-0.065,-1.204,0.099,-1.303,-0.265,-0.324,0.064,-1.145,0.073,0.073,-2.831,0.001,-1.145,-0.079,-1.066,-1.145,-0.079,-1.066,-1.018,-0.483,-0.227,-2.604,-2.83,34885,17374,17511
2037,Jamal Crawford,2024,0.202,-0.22,0.422,0.63,-0.298,0.928,0.037,-0.086,0.123,-0.245,0.029,-0.274,0.817,1.171,-0.346,0.225,-1.099,-1.099,1.244,0.145,-0.0,0.225,-0.135,0.36,0.225,-0.135,0.36,-3.468,-0.075,-1.486,0.045,-1.531,-0.652,0.072,-0.724,-0.394,-0.067,-0.327,-0.485,-0.011,-0.474,-0.712,-0.844,0.13,-0.02,-0.759,-0.759,-2.218,-2.977,0.0,-0.02,0.059,-0.079,-0.02,0.059,-0.079,-1.265,-0.214,-1.285,-0.175,-1.11,-0.022,-0.226,0.204,-0.357,-0.153,-0.204,-0.731,0.017,-0.748,0.105,0.327,-0.217,0.205,-1.858,-1.858,-2.832,0.0,0.205,-0.075,0.28,0.205,-0.075,0.28,-4.733,-0.289,0.145,-2.977,-2.832,40936,20612,20324
203798,PJ Hairston,2024,-2.751,-0.246,-2.505,-1.266,-0.033,-1.233,-0.496,-0.088,-0.408,-0.743,0.085,-0.828,-0.319,-0.362,0.051,0.64,0.538,0.538,-2.43,-1.892,-0.0,0.64,0.287,0.353,0.64,0.287,0.353,-0.763,-0.636,-0.395,0.216,-0.611,0.243,0.061,0.182,-0.358,-0.052,-0.306,-0.496,-0.059,-0.437,-0.016,-0.048,0.029,-0.175,-0.359,-0.359,-0.586,-0.945,0.0,-0.175,-0.092,-0.083,-0.175,-0.092,-0.083,-1.353,0.183,-3.146,-0.03,-3.116,-1.023,0.028,-1.051,-0.854,-0.14,-0.714,-1.239,0.026,-1.265,-0.335,-0.41,0.079,0.466,0.179,0.179,-2.837,-0.0,0.466,0.195,0.271,0.466,0.195,0.271,-2.116,-0.453,-1.892,-0.945,-2.837,8478,4218,4260
1628405,Johnathan Motley,2024,-1.472,-0.044,-1.428,-0.3,-0.071,-0.229,-0.464,0.078,-0.542,-0.664,-0.024,-0.64,-0.37,0.145,-0.518,-0.106,0.164,0.164,-1.948,-1.784,0.0,-0.106,0.194,-0.3,-0.106,0.194,-0.3,-0.561,-0.035,-1.101,0.053,-1.154,-0.422,0.051,-0.473,-0.522,-0.051,-0.471,-0.21,0.016,-0.226,-0.173,-0.21,0.033,-0.07,0.285,0.285,-1.344,-1.059,0.0,-0.07,0.059,-0.129,-0.07,0.059,-0.129,-0.667,-0.076,-2.573,0.009,-2.582,-0.723,-0.021,-0.702,-0.985,0.028,-1.013,-0.874,-0.008,-0.866,-0.544,-0.064,-0.485,-0.176,0.449,0.449,-2.843,0.0,-0.176,0.253,-0.429,-0.176,0.253,-0.429,-1.228,-0.111,-1.784,-1.059,-2.843,1436,718,718
1629139,Yuta Watanabe,2024,-0.923,-0.25,-0.673,-0.142,-0.217,0.075,0.392,0.06,0.332,-0.923,-0.008,-0.915,0.179,0.058,0.117,-0.337,-0.648,-0.648,-1.081,-1.729,0.0,-0.337,-0.15,-0.187,-0.337,-0.15,-0.187,-2.593,-0.397,-0.692,0.268,-0.96,-0.063,0.02,-0.083,0.32,-0.293,0.613,-1.217,-0.01,-1.207,-0.193,-0.237,0.044,0.232,-0.476,-0.476,-0.653,-1.129,0.0,0.232,0.233,-0.001,0.232,0.233,-0.001,-1.233,0.115,-1.615,0.018,-1.633,-0.205,-0.197,-0.008,0.711,-0.234,0.945,-2.139,-0.017,-2.122,-0.014,-0.179,0.161,-0.106,-1.124,-1.124,-2.858,0.001,-0.106,0.083,-0.189,-0.106,0.083,-0.189,-3.826,-0.282,-1.729,-1.129,-2.857,11667,5833,5834
1631303,Justin Minaya,2024,-3.123,0.141,-3.264,-1.081,-0.162,-0.919,-0.053,0.109,-0.162,-2.13,-0.019,-2.111,-0.267,-0.015,-0.252,0.184,0.639,0.639,-3.206,-2.567,0.0,0.184,0.06,0.124,0.184,0.06,0.124,-1.129,-0.39,0.064,0.03,0.034,0.121,0.055,0.066,-0.445,-0.131,-0.314,0.358,0.013,0.345,-0.179,-0.178,-0.002,-0.011,-0.165,-0.165,-0.126,-0.291,0.0,-0.011,-0.043,0.032,-0.011,-0.043,0.032,0.191,0.019,-3.059,0.171,-3.23,-0.96,-0.107,-0.853,-0.498,-0.022,-0.476,-1.772,-0.006,-1.766,-0.446,-0.193,-0.254,0.173,0.474,0.474,-2.858,0.0,0.173,0.018,0.155,0.173,0.018,0.155,-0.938,-0.371,-2.567,-0.291,-2.858,1891,939,952
203101,Miles Plumlee,2024,-0.887,-0.32,-0.567,-0.222,0.18,-0.402,-0.089,-0.183,0.094,-0.256,0.003,-0.259,-0.606,-0.385,-0.214,-1.646,0.267,0.267,-3.139,-2.872,0.0,-1.646,-1.012,-0.634,-1.646,-1.012,-0.634,-0.389,0.111,0.315,0.368,-0.053,0.094,-0.222,0.316,0.1,0.034,0.066,-0.247,-0.021,-0.226,0.527,0.586,-0.063,0.164,-1.0,-1.0,1.006,0.006,-0.0,0.164,-0.007,0.171,0.164,-0.007,0.171,-0.966,-0.185,-0.571,0.048,-0.619,-0.127,-0.042,-0.085,0.011,-0.149,0.16,-0.503,-0.018,-0.485,-0.079,0.201,-0.277,-1.482,-0.733,-0.733,-2.866,0.001,-1.482,-1.019,-0.463,-1.482,-1.019,-0.463,-1.355,-0.074,-2.872,0.006,-2.865,16519,8222,8297
201948,Austin Daye,2024,-1.371,-0.096,-1.275,-0.336,-0.116,-0.22,-0.729,0.085,-0.814,-0.21,0.058,-0.268,-0.016,-0.201,0.195,-0.09,-0.434,-0.434,-1.477,-1.911,0.0,-0.09,-0.401,0.311,-0.09,-0.401,0.311,-0.46,-0.478,-0.563,0.207,-0.77,-0.151,-0.013,-0.138,-0.361,-0.076,-0.285,-0.258,-0.011,-0.247,-0.07,-0.066,-0.009,-0.353,0.023,0.023,-0.986,-0.963,0.0,-0.353,-0.23,-0.123,-0.353,-0.23,-0.123,-0.039,-0.061,-1.934,0.111,-2.045,-0.488,-0.13,-0.358,-1.089,0.01,-1.099,-0.468,0.047,-0.515,-0.087,-0.267,0.186,-0.443,-0.41,-0.41,-2.874,0.001,-0.443,-0.631,0.188,-0.443,-0.631,0.188,-0.499,-0.539,-1.911,-0.963,-2.873,1696,845,851
1630173,Precious Achiuwa,2024,-2.871,0.028,-2.899,-1.293,0.075,-1.368,-0.274,-0.054,-0.22,-1.332,-0.025,-1.307,-0.487,0.046,-0.54,-0.393,1.599,1.599,-3.751,-2.152,0.0,-0.393,0.141,-0.534,-0.393,0.141,-0.534,-2.998,0.012,0.249,-0.212,0.461,0.749,-0.064,0.813,0.017,-0.142,0.159,-0.305,-0.005,-0.3,0.119,0.221,-0.1,-0.407,-0.683,-0.683,-0.039,-0.722,0.0,-0.407,-0.235,-0.172,-0.407,-0.235,-0.172,-1.841,-0.015,-2.62,-0.184,-2.436,-0.543,0.012,-0.555,-0.256,-0.196,-0.06,-1.637,-0.03,-1.607,-0.368,0.267,-0.64,-0.799,0.915,0.915,-2.874,0.0,-0.799,-0.094,-0.705,-0.799,-0.094,-0.705,-4.839,-0.004,-2.152,-0.722,-2.874,21885,10920,10965
1629649,Ignas Brazdeikis,2024,-1.641,0.109,-1.75,0.102,0.0,0.102,-0.809,0.19,-0.999,-1.043,-0.034,-1.009,-0.429,-0.246,-0.185,0.779,0.493,0.493,-1.291,-0.798,-0.0,0.779,0.724,0.055,0.779,0.724,0.055,0.201,0.205,-1.093,0.093,-1.186,-0.187,0.021,-0.208,-0.053,-0.064,0.011,-0.946,0.025,-0.971,-0.076,-0.155,0.078,-0.599,-0.308,-0.308,-1.768,-2.076,0.0,-0.599,-0.367,-0.232,-0.599,-0.367,-0.232,-0.552,-0.034,-2.734,0.202,-2.936,-0.084,0.021,-0.105,-0.863,0.125,-0.988,-1.989,-0.009,-1.98,-0.505,-0.401,-0.107,0.18,0.185,0.185,-2.874,0.0,0.18,0.357,-0.177,0.18,0.357,-0.177,-0.351,0.172,-0.798,-2.076,-2.874,3473,1725,1748
1641723,Kobe Bufkin,2024,-1.794,0.14,-1.934,-0.6,-0.154,-0.446,0.108,0.046,0.062,-1.442,-0.042,-1.4,-0.249,0.003,-0.254,-0.087,-0.505,-0.505,-2.13,-2.635,0.0,-0.087,-0.082,-0.005,-0.087,-0.082,-0.005,-1.825,-0.263,-0.219,-0.076,-0.143,0.079,-0.014,0.093,-0.122,-0.147,0.025,-0.1,0.022,-0.122,-0.163,-0.174,0.008,-0.1,0.243,0.243,-0.482,-0.239,0.0,-0.1,-0.072,-0.028,-0.1,-0.072,-0.028,0.42,-0.04,-2.014,0.064,-2.078,-0.521,-0.168,-0.353,-0.014,-0.102,0.088,-1.543,-0.02,-1.523,-0.412,-0.171,-0.246,-0.187,-0.261,-0.261,-2.874,0.0,-0.187,-0.154,-0.033,-0.187,-0.154,-0.033,-1.406,-0.303,-2.635,-0.239,-2.874,820,406,414
200779,Steve Novak,2024,-1.129,-0.17,-0.959,-0.685,-0.108,-0.577,-0.11,0.374,-0.484,-0.164,0.08,-0.244,-0.259,-0.195,-0.061,-0.047,0.131,0.131,-1.435,-1.304,-0.0,-0.047,0.076,-0.123,-0.047,0.076,-0.123,-0.396,-0.726,-1.107,-0.009,-1.098,-0.232,0.038,-0.27,-0.726,-0.065,-0.661,-0.14,0.005,-0.145,-0.141,-0.079,-0.065,-0.219,-0.123,-0.123,-1.467,-1.59,0.0,-0.219,-0.173,-0.046,-0.219,-0.173,-0.046,-0.374,-0.06,-2.239,-0.179,-2.06,-0.919,-0.071,-0.848,-0.837,0.309,-1.146,-0.304,0.085,-0.389,-0.4,-0.274,-0.126,-0.265,0.008,0.008,-2.894,0.0,-0.265,-0.097,-0.168,-0.265,-0.097,-0.168,-0.77,-0.786,-1.304,-1.59,-2.894,1106,568,538
1628398,Kyle Kuzma,2024,-0.541,0.01,-0.551,0.688,0.065,0.623,-0.044,0.065,-0.109,-1.195,-0.012,-1.183,-0.412,-0.089,-0.323,-0.49,-0.526,-0.526,-1.443,-1.969,0.0,-0.49,0.026,-0.516,-0.49,0.026,-0.516,-1.35,0.303,-0.327,-0.057,-0.27,-0.285,-0.163,-0.122,0.159,0.038,0.121,-0.144,0.029,-0.173,-0.236,-0.123,-0.11,-0.235,-0.128,-0.128,-0.798,-0.926,-0.0,-0.235,-0.289,0.054,-0.235,-0.289,0.054,0.973,-0.327,-0.868,-0.047,-0.821,0.403,-0.098,0.501,0.115,0.103,0.012,-1.339,0.017,-1.356,-0.648,-0.212,-0.433,-0.725,-0.655,-0.655,-2.895,-0.001,-0.725,-0.262,-0.463,-0.725,-0.262,-0.463,-0.376,-0.024,-1.969,-0.926,-2.896,63406,31711,31695
202066,Garrett Temple,2024,-1.252,0.008,-1.26,-0.208,0.034,-0.242,-0.646,0.062,-0.708,-0.406,0.012,-0.418,-0.171,-0.126,-0.048,-0.668,-0.827,-0.827,-2.091,-2.918,0.0,-0.668,-0.46,-0.208,-0.668,-0.46,-0.208,-0.516,0.015,-0.259,0.092,-0.351,0.072,0.081,-0.009,-0.194,-0.041,-0.153,-0.229,0.007,-0.236,-0.394,-0.484,0.09,0.198,0.476,0.476,-0.455,0.021,0.0,0.198,-0.086,0.284,0.198,-0.086,0.284,1.019,0.364,-1.512,0.1,-1.612,-0.137,0.115,-0.252,-0.839,0.021,-0.86,-0.636,0.018,-0.654,-0.565,-0.611,0.042,-0.471,-0.351,-0.351,-2.897,0.0,-0.471,-0.546,0.075,-0.471,-0.546,0.075,0.503,0.38,-2.918,0.021,-2.897,53637,26710,26927
203098,John Jenkins,2024,-1.412,-0.206,-1.206,-0.599,-0.243,-0.356,-0.274,-0.137,-0.137,-0.333,0.012,-0.345,-0.28,-0.339,0.06,-0.005,-0.892,-0.892,-1.697,-2.589,0.0,-0.005,-0.045,0.04,-0.005,-0.045,0.04,-0.465,-0.901,0.573,0.33,0.243,-0.341,-0.018,-0.323,0.501,-0.123,0.624,0.083,-0.011,0.094,-0.077,-0.115,0.035,-0.83,0.022,0.022,-0.334,-0.312,0.0,-0.83,-0.389,-0.441,-0.83,-0.389,-0.441,-0.178,-0.178,-0.84,0.124,-0.964,-0.941,-0.261,-0.68,0.227,-0.26,0.487,-0.25,0.001,-0.251,-0.357,-0.454,0.095,-0.835,-0.87,-0.87,-2.901,-0.001,-0.835,-0.434,-0.401,-0.835,-0.434,-0.401,-0.643,-1.078,-2.589,-0.312,-2.902,4239,2116,2123
1628422,Damyean Dotson,2024,-1.043,-0.075,-0.968,-0.101,-0.087,-0.014,0.125,0.079,0.046,-0.992,0.021,-1.013,-0.182,0.174,-0.355,-0.322,-0.863,-0.863,-1.547,-2.41,0.0,-0.322,-0.02,-0.302,-0.322,-0.02,-0.302,-1.611,-0.69,0.854,0.087,0.767,0.754,-0.056,0.81,-0.212,-0.119,-0.093,0.225,0.01,0.215,-0.076,-0.19,0.116,-0.387,-0.885,-0.885,0.391,-0.494,0.0,-0.387,-0.086,-0.301,-0.387,-0.086,-0.301,1.633,-0.069,-0.189,0.012,-0.201,0.653,-0.143,0.796,-0.087,-0.04,-0.047,-0.767,0.031,-0.798,-0.258,-0.016,-0.239,-0.709,-1.748,-1.748,-2.904,0.0,-0.709,-0.107,-0.602,-0.709,-0.107,-0.602,0.022,-0.759,-2.41,-0.494,-2.904,17194,8592,8602
1629034,Ray Spalding,2024,-1.594,0.048,-1.642,-0.375,-0.06,-0.315,-0.48,-0.051,-0.429,-0.787,-0.056,-0.731,-0.446,-0.336,-0.113,-0.257,0.172,0.172,-2.297,-2.125,0.0,-0.257,-0.065,-0.192,-0.257,-0.065,-0.192,-1.817,0.009,-0.565,-0.089,-0.476,-0.055,0.096,-0.151,0.001,-0.052,0.053,-0.422,0.016,-0.438,-0.229,-0.104,-0.126,0.041,-0.028,-0.028,-0.753,-0.781,-0.0,0.041,-0.045,0.086,0.041,-0.045,0.086,-0.705,0.014,-2.16,-0.041,-2.119,-0.43,0.036,-0.466,-0.48,-0.104,-0.376,-1.209,-0.04,-1.169,-0.675,-0.44,-0.239,-0.216,0.144,0.144,-2.906,0.001,-0.216,-0.11,-0.106,-0.216,-0.11,-0.106,-2.522,0.023,-2.125,-0.781,-2.905,869,437,432
1631222,Jake LaRavia,2024,-1.81,0.296,-2.106,-0.809,-0.025,-0.784,-0.785,0.169,-0.954,-0.512,-0.017,-0.495,0.106,0.188,-0.081,-0.708,0.262,0.262,-2.412,-2.15,0.0,-0.708,-0.182,-0.526,-0.708,-0.182,-0.526,-3.025,-0.244,0.305,-0.095,0.4,0.115,0.04,0.075,-0.093,-0.154,0.061,0.378,0.015,0.363,-0.2,-0.269,0.07,-0.267,-0.602,-0.602,-0.162,-0.764,0.0,-0.267,-0.279,0.012,-0.267,-0.279,0.012,-0.219,-0.111,-1.502,0.201,-1.703,-0.693,0.016,-0.709,-0.876,0.016,-0.892,-0.134,-0.002,-0.132,-0.094,-0.082,-0.011,-0.975,-0.34,-0.34,-2.914,-0.0,-0.975,-0.461,-0.514,-0.975,-0.461,-0.514,-3.244,-0.355,-2.15,-0.764,-2.914,4997,2489,2508
1626151,Aaron Harrison,2024,-1.172,-0.114,-1.058,-0.844,-0.242,-0.602,-0.035,0.068,-0.103,-0.179,-0.037,-0.142,-0.336,0.07,-0.408,-0.223,-0.205,-0.205,-1.731,-1.936,0.0,-0.223,-0.098,-0.125,-0.223,-0.098,-0.125,-0.294,-0.357,-0.908,0.039,-0.947,-0.617,0.022,-0.639,-0.015,-0.165,0.15,-0.315,0.004,-0.319,-0.253,-0.187,-0.068,-0.238,0.42,0.42,-1.399,-0.979,0.0,-0.238,-0.263,0.025,-0.238,-0.263,0.025,-1.015,-0.393,-2.079,-0.075,-2.004,-1.461,-0.22,-1.241,-0.049,-0.096,0.047,-0.494,-0.033,-0.461,-0.588,-0.117,-0.476,-0.461,0.215,0.215,-2.915,0.0,-0.461,-0.361,-0.1,-0.461,-0.361,-0.1,-1.309,-0.75,-1.936,-0.979,-2.915,955,480,475
1630225,Isaiah Todd,2024,-2.211,0.128,-2.339,-0.725,-0.134,-0.591,-0.314,0.11,-0.424,-1.3,-0.037,-1.263,-0.273,-0.147,-0.126,-0.114,-0.136,-0.136,-2.598,-2.734,0.0,-0.114,-0.09,-0.024,-0.114,-0.09,-0.024,-0.943,-0.232,-0.185,0.057,-0.242,-0.031,0.04,-0.071,-0.062,-0.093,0.031,-0.149,0.016,-0.165,-0.111,-0.095,-0.018,-0.062,0.173,0.173,-0.358,-0.185,0.0,-0.062,-0.146,0.084,-0.062,-0.146,0.084,-0.235,-0.164,-2.396,0.185,-2.581,-0.756,-0.094,-0.662,-0.376,0.017,-0.393,-1.449,-0.021,-1.428,-0.384,-0.242,-0.144,-0.176,0.037,0.037,-2.919,0.0,-0.176,-0.236,0.06,-0.176,-0.236,0.06,-1.178,-0.396,-2.734,-0.185,-2.919,571,284,287
2570,Kendrick Perkins,2024,-0.811,-0.157,-0.654,-0.044,0.007,-0.051,-0.724,-0.284,-0.44,0.114,0.036,0.078,-0.509,-0.535,0.036,-0.908,-0.734,-0.734,-2.228,-2.962,0.0,-0.908,-0.348,-0.56,-0.908,-0.348,-0.56,-2.811,-0.491,0.355,0.297,0.058,-0.42,-0.117,-0.303,0.057,-0.204,0.261,0.421,-0.062,0.483,-0.162,-0.2,0.033,-0.304,0.147,0.147,-0.111,0.036,0.0,-0.304,-0.269,-0.035,-0.304,-0.269,-0.035,-0.73,-0.134,-0.455,0.14,-0.595,-0.465,-0.11,-0.355,-0.665,-0.487,-0.178,0.535,-0.026,0.561,-0.671,-0.735,0.069,-1.212,-0.587,-0.587,-2.926,0.0,-1.212,-0.618,-0.594,-1.212,-0.618,-0.594,-3.541,-0.625,-2.962,0.036,-2.926,7417,3707,3710
2501,Reggie Evans,2024,-1.573,-0.095,-1.478,0.259,-0.177,0.436,-1.061,-0.219,-0.842,-0.676,-0.072,-0.604,0.302,0.534,-0.221,-0.608,0.595,0.595,-1.879,-1.284,0.0,-0.608,-0.152,-0.456,-0.608,-0.152,-0.456,-2.449,0.106,-0.721,0.135,-0.856,-1.018,0.083,-1.101,-0.3,0.04,-0.34,0.462,-0.034,0.496,-0.06,-0.12,0.054,-0.896,0.025,0.025,-1.677,-1.652,0.0,-0.896,-0.482,-0.414,-0.896,-0.482,-0.414,-1.073,-0.292,-2.294,0.04,-2.334,-0.759,-0.094,-0.665,-1.361,-0.179,-1.182,-0.214,-0.106,-0.108,0.241,0.414,-0.167,-1.504,0.62,0.62,-2.936,0.0,-1.504,-0.633,-0.871,-1.504,-0.633,-0.871,-3.522,-0.186,-1.284,-1.652,-2.936,3512,1759,1753
1631093,Jaden Ivey,2024,-0.205,0.273,-0.478,0.019,0.172,-0.153,-0.317,0.208,-0.525,-0.18,-0.01,-0.17,0.191,0.4,-0.21,-0.358,-0.704,-0.704,-0.372,-1.076,0.0,-0.358,-0.279,-0.079,-0.358,-0.279,-0.079,-1.262,0.039,-0.842,-0.087,-0.755,-0.261,0.043,-0.304,0.287,-0.005,0.292,-0.781,0.024,-0.805,-0.219,-0.248,0.03,-0.899,0.098,0.098,-1.96,-1.862,-0.0,-0.899,-0.313,-0.586,-0.899,-0.313,-0.586,-0.616,-0.043,-1.047,0.186,-1.233,-0.242,0.215,-0.457,-0.03,0.203,-0.233,-0.961,0.014,-0.975,-0.028,0.152,-0.179,-1.256,-0.606,-0.606,-2.938,-0.0,-1.256,-0.593,-0.663,-1.256,-0.593,-0.663,-1.878,-0.004,-1.076,-1.862,-2.938,18926,9411,9515
1641729,Brice Sensabaugh,2024,-0.127,-0.121,-0.006,0.23,-0.047,0.277,0.549,0.168,0.381,-0.785,-0.019,-0.766,0.09,-0.251,0.344,-0.044,-0.607,-0.607,-0.081,-0.688,0.0,-0.044,-0.037,-0.007,-0.044,-0.037,-0.007,-0.185,0.109,-2.133,-0.115,-2.018,-0.433,0.055,-0.488,-0.368,-0.149,-0.219,-1.217,0.011,-1.228,-0.033,-0.02,-0.013,-0.129,0.035,0.035,-2.295,-2.26,0.0,-0.129,0.082,-0.211,-0.129,0.082,-0.211,-2.18,-0.246,-2.259,-0.236,-2.023,-0.203,0.008,-0.211,0.181,0.019,0.162,-2.001,-0.008,-1.993,0.057,-0.271,0.331,-0.173,-0.572,-0.572,-2.948,-0.0,-0.173,0.045,-0.218,-0.173,0.045,-0.218,-2.365,-0.138,-0.688,-2.26,-2.948,2429,1217,1212
2571,Leandro Barbosa,2024,-0.775,-0.423,-0.352,-0.063,0.07,-0.133,-0.237,-0.203,-0.034,-0.052,-0.02,-0.032,-0.232,0.032,-0.254,-0.116,0.348,0.348,-1.123,-0.775,0.0,-0.116,0.404,-0.52,-0.116,0.404,-0.52,-0.299,0.024,-0.463,0.369,-0.832,-0.536,0.016,-0.552,0.306,0.022,0.284,-0.602,0.015,-0.617,-0.406,-0.379,-0.031,-0.016,-1.288,-1.288,-0.885,-2.173,0.0,-0.016,-0.215,0.199,-0.016,-0.215,0.199,0.115,0.037,-1.239,-0.054,-1.185,-0.599,0.086,-0.685,0.069,-0.181,0.25,-0.655,-0.006,-0.649,-0.638,-0.347,-0.285,-0.133,-0.94,-0.94,-2.948,0.0,-0.133,0.189,-0.322,-0.133,0.189,-0.322,-0.184,0.061,-0.775,-2.173,-2.948,15337,7647,7690
1627879,Nicolas Laprovittola,2024,-2.138,-0.067,-2.071,-0.837,-0.171,-0.666,-0.783,0.114,-0.897,-0.451,-0.062,-0.389,-0.011,0.079,-0.084,-0.115,-0.23,-0.23,-2.264,-2.494,0.0,-0.115,-0.095,-0.02,-0.115,-0.095,-0.02,-2.047,-0.455,-0.201,-0.098,-0.103,-0.057,0.039,-0.096,0.067,-0.135,0.202,-0.113,0.004,-0.117,0.031,-0.02,0.047,-0.123,-0.164,-0.164,-0.293,-0.457,0.0,-0.123,-0.022,-0.101,-0.123,-0.022,-0.101,-0.41,-0.093,-2.339,-0.165,-2.174,-0.893,-0.131,-0.762,-0.716,-0.021,-0.695,-0.565,-0.058,-0.507,0.021,0.059,-0.037,-0.238,-0.394,-0.394,-2.951,0.0,-0.238,-0.117,-0.121,-0.238,-0.117,-0.121,-2.457,-0.549,-2.494,-0.457,-2.951,604,303,301
203909,KJ McDaniels,2024,-2.629,-0.542,-2.087,-0.02,0.391,-0.411,-0.492,0.431,-0.923,-1.575,0.07,-1.645,-0.1,0.284,-0.375,-1.062,-0.004,-0.004,-3.791,-3.795,0.0,-1.062,-0.059,-1.003,-1.062,-0.059,-1.003,-3.748,-0.473,1.27,0.464,0.806,0.384,0.025,0.359,-0.567,-0.149,-0.418,0.989,-0.046,1.035,-0.271,-0.443,0.167,0.487,-0.642,-0.642,1.486,0.844,0.0,0.487,0.189,0.298,0.487,0.189,0.298,1.093,0.388,-1.359,-0.078,-1.281,0.364,0.416,-0.052,-1.059,0.282,-1.341,-0.586,0.024,-0.61,-0.371,-0.159,-0.208,-0.575,-0.646,-0.646,-2.951,-0.001,-0.575,0.129,-0.704,-0.575,0.129,-0.704,-2.655,-0.085,-3.795,0.844,-2.952,8908,4437,4471
201196,Ramon Sessions,2024,-1.546,-0.222,-1.324,-0.759,0.124,-0.883,-0.556,-0.085,-0.471,-0.009,-0.061,0.052,0.269,0.538,-0.265,-0.296,-0.764,-0.764,-1.573,-2.337,0.0,-0.296,-0.021,-0.275,-0.296,-0.021,-0.275,-0.322,0.155,-0.584,0.213,-0.797,-0.74,-0.127,-0.613,-0.189,-0.117,-0.072,0.132,-0.036,0.168,-0.053,0.156,-0.213,-0.324,0.344,0.344,-0.961,-0.617,0.0,-0.324,-0.18,-0.144,-0.324,-0.18,-0.144,-1.259,-0.466,-2.129,-0.009,-2.12,-1.498,-0.002,-1.496,-0.745,-0.202,-0.543,0.123,-0.096,0.219,0.216,0.694,-0.478,-0.62,-0.42,-0.42,-2.954,-0.001,-0.62,-0.201,-0.419,-0.62,-0.201,-0.419,-1.582,-0.312,-2.337,-0.617,-2.955,19247,9580,9667
101249,John Lucas III,2024,-1.053,-0.02,-1.033,-0.657,-0.534,-0.123,0.516,-0.146,0.662,-0.892,0.025,-0.917,-0.015,-0.177,0.174,-0.252,-0.809,-0.809,-1.32,-2.129,0.0,-0.252,-0.26,0.008,-0.252,-0.26,0.008,-0.004,-0.894,-0.678,0.027,-0.705,-0.193,-0.025,-0.168,-0.088,-0.115,0.027,-0.424,0.007,-0.431,-0.128,-0.166,0.034,-0.149,0.114,0.114,-0.955,-0.841,0.0,-0.149,-0.078,-0.071,-0.149,-0.078,-0.071,-0.676,-0.135,-1.734,0.007,-1.741,-0.852,-0.56,-0.292,0.428,-0.261,0.689,-1.317,0.032,-1.349,-0.143,-0.342,0.208,-0.401,-0.695,-0.695,-2.97,0.0,-0.401,-0.338,-0.063,-0.401,-0.338,-0.063,-0.679,-1.029,-2.129,-0.841,-2.97,1146,576,570
1627753,Zhou Qi,2024,-1.341,0.053,-1.394,-0.645,-0.191,-0.454,-0.072,0.122,-0.194,-0.677,-0.015,-0.662,-0.395,-0.21,-0.188,-0.238,-0.301,-0.301,-1.974,-2.275,0.0,-0.238,0.056,-0.294,-0.238,0.056,-0.294,-1.515,-0.263,-0.645,-0.154,-0.491,-0.018,0.013,-0.031,-0.291,-0.126,-0.165,-0.182,0.019,-0.201,-0.114,-0.11,-0.007,-0.11,0.17,0.17,-0.869,-0.699,0.0,-0.11,-0.077,-0.033,-0.11,-0.077,-0.033,-0.419,-0.108,-1.986,-0.101,-1.885,-0.663,-0.177,-0.486,-0.363,-0.004,-0.359,-0.859,0.004,-0.863,-0.509,-0.32,-0.195,-0.349,-0.131,-0.131,-2.974,-0.0,-0.349,-0.021,-0.328,-0.349,-0.021,-0.328,-1.933,-0.37,-2.275,-0.699,-2.974,316,161,155
1631112,Kendall Brown,2024,-1.615,-0.115,-1.5,-0.384,-0.128,-0.256,-0.084,0.093,-0.177,-1.032,-0.033,-0.999,-0.198,0.028,-0.228,-0.918,-0.365,-0.365,-2.731,-3.096,0.0,-0.918,-0.21,-0.708,-0.918,-0.21,-0.708,-1.812,-0.113,-0.131,0.028,-0.159,-0.122,0.079,-0.201,-0.057,-0.117,0.06,0.02,0.019,0.001,-0.139,-0.166,0.025,0.251,0.141,0.141,-0.019,0.122,0.0,0.251,-0.013,0.264,0.251,-0.013,0.264,0.187,-0.116,-1.746,-0.087,-1.659,-0.506,-0.049,-0.457,-0.141,-0.024,-0.117,-1.012,-0.014,-0.998,-0.338,-0.138,-0.203,-0.667,-0.224,-0.224,-2.974,-0.001,-0.667,-0.222,-0.445,-0.667,-0.222,-0.445,-1.625,-0.23,-3.096,0.122,-2.975,561,281,280
203949,James Michael McAdoo,2024,-1.875,-0.382,-1.493,-0.006,-0.215,0.209,-1.364,-0.096,-1.268,-0.123,0.006,-0.129,-0.715,-0.252,-0.459,-0.023,0.278,0.278,-2.613,-2.335,0.0,-0.023,-0.022,-0.001,-0.023,-0.022,-0.001,-0.625,-0.206,-0.659,0.238,-0.897,0.087,0.039,0.048,-0.217,-0.023,-0.194,-0.767,0.018,-0.785,0.067,-0.102,0.167,-0.278,0.228,0.228,-0.87,-0.642,0.0,-0.278,-0.248,-0.03,-0.278,-0.248,-0.03,-0.189,-0.053,-2.534,-0.144,-2.39,0.08,-0.176,0.256,-1.58,-0.118,-1.462,-0.89,0.024,-0.914,-0.648,-0.354,-0.292,-0.3,0.506,0.506,-2.977,-0.001,-0.3,-0.27,-0.03,-0.3,-0.27,-0.03,-0.814,-0.259,-2.335,-0.642,-2.978,5153,2572,2581
1628413,Jonah Bolden,2024,-2.156,-0.022,-2.134,-0.221,-0.137,-0.084,-0.545,0.053,-0.598,-1.368,-0.01,-1.358,-0.312,-0.377,0.065,-0.724,0.71,0.71,-3.192,-2.482,0.0,-0.724,-0.657,-0.067,-0.724,-0.657,-0.067,-0.844,-0.312,-0.606,0.008,-0.614,0.181,-0.103,0.284,-0.414,-0.235,-0.179,-0.381,0.022,-0.403,-0.091,-0.166,0.073,-0.327,0.522,0.522,-1.024,-0.502,0.0,-0.327,-0.17,-0.157,-0.327,-0.17,-0.157,0.661,-0.136,-2.765,-0.014,-2.751,-0.041,-0.24,0.199,-0.959,-0.182,-0.777,-1.751,0.011,-1.762,-0.404,-0.543,0.138,-1.051,1.232,1.232,-2.984,0.0,-1.051,-0.827,-0.224,-1.051,-0.827,-0.224,-0.184,-0.448,-2.482,-0.502,-2.984,4166,2086,2080
1628966,Keita Bates-Diop,2024,-2.181,-0.029,-2.152,-0.533,0.176,-0.709,-0.945,0.094,-1.039,-0.674,-0.011,-0.663,-0.051,0.15,-0.208,0.24,-0.081,-0.081,-1.992,-2.073,0.0,0.24,0.38,-0.14,0.24,0.38,-0.14,-2.261,0.322,-0.229,0.017,-0.246,-0.358,-0.163,-0.195,-0.182,-0.163,-0.019,0.294,0.012,0.282,-0.017,-0.04,0.024,-0.599,-0.069,-0.069,-0.845,-0.914,-0.0,-0.599,-0.017,-0.582,-0.599,-0.017,-0.582,0.246,-0.222,-2.411,-0.012,-2.399,-0.892,0.013,-0.905,-1.127,-0.069,-1.058,-0.38,0.001,-0.381,-0.068,0.11,-0.184,-0.359,-0.15,-0.15,-2.987,0.001,-0.359,0.363,-0.722,-0.359,0.363,-0.722,-2.015,0.1,-2.073,-0.914,-2.986,19374,9653,9721
1631254,Kenneth Lofton Jr.,2024,-0.793,-0.231,-0.562,0.625,-0.013,0.638,-0.322,0.14,-0.462,-0.865,-0.028,-0.837,-0.384,-0.254,-0.135,-0.609,0.103,0.103,-1.786,-1.683,0.0,-0.609,-0.204,-0.405,-0.609,-0.204,-0.405,0.536,0.581,-0.645,0.029,-0.674,-0.022,0.008,-0.03,-0.532,-0.206,-0.326,-0.12,0.014,-0.134,-0.296,-0.168,-0.13,-0.023,-0.341,-0.341,-0.964,-1.305,0.0,-0.023,-0.045,0.022,-0.023,-0.045,0.022,-0.469,-0.236,-1.438,-0.202,-1.236,0.602,-0.006,0.608,-0.853,-0.065,-0.788,-0.985,-0.013,-0.972,-0.68,-0.422,-0.265,-0.631,-0.238,-0.238,-2.988,0.001,-0.631,-0.249,-0.382,-0.631,-0.249,-0.382,0.067,0.345,-1.683,-1.305,-2.987,1617,807,810
1626185,Jarell Martin,2024,-3.589,-0.151,-3.438,-1.578,-0.073,-1.505,-1.395,-0.175,-1.22,-0.465,-0.078,-0.387,-0.062,0.391,-0.448,0.408,0.099,0.099,-3.243,-3.144,-0.0,0.408,0.108,0.3,0.408,0.108,0.3,-2.961,-0.643,0.063,0.049,0.014,0.343,0.121,0.222,0.181,-0.036,0.217,-0.51,0.032,-0.542,-0.6,-0.603,0.003,0.316,0.371,0.371,-0.221,0.15,-0.0,0.316,0.141,0.175,0.316,0.141,0.175,0.876,0.245,-3.526,-0.102,-3.424,-1.235,0.048,-1.283,-1.214,-0.211,-1.003,-0.975,-0.046,-0.929,-0.662,-0.212,-0.445,0.725,0.47,0.47,-2.994,-0.0,0.725,0.25,0.475,0.725,0.25,0.475,-2.086,-0.398,-3.144,0.15,-2.994,11911,5932,5979
1628383,Justin Patton,2024,-1.263,0.139,-1.402,-0.74,-0.216,-0.524,0.032,0.005,0.027,-0.694,-0.027,-0.667,-0.432,-0.247,-0.189,0.38,-0.569,-0.569,-1.315,-1.884,0.0,0.38,-0.067,0.447,0.38,-0.067,0.447,-0.432,-0.292,-0.702,-0.076,-0.626,0.169,0.034,0.135,-0.714,-0.129,-0.585,-0.081,0.018,-0.099,-0.114,-0.088,-0.028,-0.234,-0.063,-0.063,-1.05,-1.113,0.0,-0.234,-0.103,-0.131,-0.234,-0.103,-0.131,-0.175,-0.032,-1.966,0.063,-2.029,-0.572,-0.182,-0.39,-0.682,-0.124,-0.558,-0.775,-0.009,-0.766,-0.546,-0.336,-0.217,0.145,-0.633,-0.633,-2.997,0.0,0.145,-0.169,0.314,0.145,-0.169,0.314,-0.607,-0.323,-1.884,-1.113,-2.997,1279,638,641
1630216,Cassius Winston,2024,-1.56,0.064,-1.624,-0.413,-0.205,-0.208,-0.072,0.084,-0.156,-1.139,-0.033,-1.106,-0.136,-0.112,-0.021,0.011,-0.451,-0.451,-1.685,-2.136,0.0,0.011,-0.05,0.061,0.011,-0.05,0.061,-0.876,-0.446,-0.235,0.131,-0.366,-0.041,0.058,-0.099,-0.094,-0.126,0.032,-0.231,0.018,-0.249,-0.01,-0.046,0.034,-0.424,-0.209,-0.209,-0.669,-0.878,0.0,-0.424,-0.171,-0.253,-0.424,-0.171,-0.253,-0.44,0.082,-1.796,0.195,-1.991,-0.454,-0.147,-0.307,-0.166,-0.042,-0.124,-1.371,-0.016,-1.355,-0.146,-0.158,0.013,-0.412,-0.661,-0.661,-3.014,-0.001,-0.412,-0.221,-0.191,-0.412,-0.221,-0.191,-1.316,-0.364,-2.136,-0.878,-3.015,588,292,296
202962,Greg Smith,2024,-1.528,-0.368,-1.16,-0.703,-0.083,-0.62,-0.294,-0.022,-0.272,-0.163,-0.008,-0.155,-0.651,-0.181,-0.473,-0.257,-0.594,-0.594,-2.436,-3.03,0.0,-0.257,-0.23,-0.027,-0.257,-0.23,-0.027,-1.55,-0.563,0.063,0.105,-0.042,0.077,0.082,-0.005,0.027,-0.067,0.094,-0.146,-0.029,-0.117,-0.011,-0.031,0.017,-0.38,0.342,0.342,-0.328,0.014,-0.0,-0.38,-0.424,0.044,-0.38,-0.424,0.044,0.122,0.025,-1.464,-0.263,-1.201,-0.625,-0.001,-0.624,-0.267,-0.089,-0.178,-0.309,-0.037,-0.272,-0.663,-0.212,-0.457,-0.637,-0.253,-0.253,-3.016,-0.001,-0.637,-0.654,0.017,-0.637,-0.654,0.017,-1.428,-0.538,-3.03,0.014,-3.017,2566,1287,1279
1630176,Vernon Carey Jr.,2024,-1.668,-0.034,-1.634,-0.404,-0.164,-0.24,-0.558,-0.035,-0.523,-0.672,-0.038,-0.634,-0.25,-0.122,-0.128,-0.226,-0.277,-0.277,-2.144,-2.421,0.0,-0.226,-0.015,-0.211,-0.226,-0.015,-0.211,-1.636,-0.193,-0.179,0.246,-0.425,0.098,0.047,0.051,-0.125,-0.137,0.012,-0.398,0.014,-0.412,-0.115,-0.112,-0.006,-0.09,-0.223,-0.223,-0.384,-0.607,0.0,-0.09,0.024,-0.114,-0.09,0.024,-0.114,-0.446,-0.034,-1.849,0.212,-2.061,-0.307,-0.118,-0.189,-0.683,-0.172,-0.511,-1.071,-0.024,-1.047,-0.365,-0.234,-0.134,-0.315,-0.5,-0.5,-3.028,0.001,-0.315,0.009,-0.324,-0.315,0.009,-0.324,-2.082,-0.227,-2.421,-0.607,-3.027,788,385,403
203584,Troy Daniels,2024,-1.652,-0.215,-1.437,-1.386,-0.398,-0.988,-0.459,0.366,-0.825,0.408,0.164,0.244,-0.04,0.002,-0.04,0.245,0.279,0.279,-1.447,-1.168,0.0,0.245,0.204,0.041,0.245,0.204,0.041,0.04,-1.321,-0.866,0.242,-1.108,-0.387,0.122,-0.509,0.153,-0.036,0.189,-0.874,-0.007,-0.867,-0.485,-0.58,0.096,-0.448,-0.07,-0.07,-1.799,-1.869,0.0,-0.448,-0.349,-0.099,-0.448,-0.349,-0.099,0.467,0.377,-2.518,0.027,-2.545,-1.773,-0.276,-1.497,-0.306,0.33,-0.636,-0.466,0.157,-0.623,-0.526,-0.578,0.056,-0.203,0.209,0.209,-3.037,0.0,-0.203,-0.145,-0.058,-0.203,-0.145,-0.058,0.507,-0.944,-1.168,-1.869,-3.037,22132,11079,11053
202130,Reggie Williams,2024,-2.348,-0.205,-2.143,-0.423,-0.142,-0.281,-0.328,-0.052,-0.276,-1.392,-0.06,-1.332,-0.053,-0.081,0.035,0.467,-0.004,-0.004,-1.934,-1.938,-0.0,0.467,0.313,0.154,0.467,0.313,0.154,-1.108,-0.034,-1.005,-0.124,-0.881,-0.046,0.06,-0.106,-0.69,-0.051,-0.639,-0.145,0.005,-0.15,-0.065,-0.029,-0.039,-0.205,0.174,0.174,-1.275,-1.101,0.0,-0.205,-0.005,-0.2,-0.205,-0.005,-0.2,-0.42,0.056,-3.354,-0.329,-3.025,-0.469,-0.082,-0.387,-1.019,-0.103,-0.916,-1.537,-0.055,-1.482,-0.119,-0.11,-0.004,0.263,0.17,0.17,-3.039,-0.0,0.263,0.309,-0.046,0.263,0.309,-0.046,-1.528,0.023,-1.938,-1.101,-3.039,687,350,337
1629658,Jaylen Hoard,2024,-1.481,0.001,-1.482,-0.226,0.293,-0.519,0.054,0.118,-0.064,-1.31,-0.05,-1.26,-0.374,0.115,-0.482,-0.471,0.758,0.758,-2.326,-1.568,0.0,-0.471,-0.117,-0.354,-0.471,-0.117,-0.354,-1.986,0.393,-0.594,-0.06,-0.534,-0.218,-0.052,-0.166,-0.368,-0.083,-0.285,0.052,0.014,0.038,-0.102,-0.09,-0.013,-0.381,-0.402,-0.402,-1.077,-1.479,0.0,-0.381,-0.117,-0.264,-0.381,-0.117,-0.264,-0.429,-0.352,-2.073,-0.059,-2.014,-0.444,0.241,-0.685,-0.314,0.035,-0.349,-1.256,-0.035,-1.221,-0.476,0.025,-0.494,-0.852,0.356,0.356,-3.047,0.001,-0.852,-0.234,-0.618,-0.852,-0.234,-0.618,-2.415,0.041,-1.568,-1.479,-3.046,2939,1472,1467
1641748,Andre Jackson Jr.,2024,-0.04,0.1,-0.14,-0.728,-0.197,-0.531,0.622,0.073,0.549,-0.034,-0.03,-0.004,-0.063,-0.099,0.04,-0.263,-0.385,-0.385,-0.366,-0.751,0.0,-0.263,0.097,-0.36,-0.263,0.097,-0.36,0.782,-0.438,-1.338,0.095,-1.433,-0.423,0.026,-0.449,-0.306,-0.124,-0.182,-0.704,0.027,-0.731,-0.484,-0.48,-0.005,-0.311,-0.166,-0.166,-2.133,-2.299,0.0,-0.311,-0.288,-0.023,-0.311,-0.288,-0.023,-0.79,-0.214,-1.374,0.195,-1.569,-1.15,-0.17,-0.98,0.318,-0.05,0.368,-0.737,-0.003,-0.734,-0.547,-0.58,0.035,-0.574,-0.55,-0.55,-3.05,0.001,-0.574,-0.191,-0.383,-0.574,-0.191,-0.383,-0.008,-0.652,-0.751,-2.299,-3.049,2598,1292,1306
1628372,Dennis Smith Jr.,2024,-2.44,0.115,-2.555,-0.452,0.264,-0.716,-0.714,0.235,-0.949,-1.389,0.002,-1.391,-0.515,-0.07,-0.448,-0.352,-0.507,-0.507,-3.307,-3.814,0.0,-0.352,-0.386,0.034,-0.352,-0.386,0.034,-2.016,0.171,0.492,-0.037,0.529,0.227,0.13,0.097,-0.114,-0.052,-0.062,0.416,-0.006,0.422,-0.347,-0.433,0.087,0.354,0.262,0.262,0.499,0.761,0.0,0.354,0.287,0.067,0.354,0.287,0.067,0.404,0.535,-1.946,0.078,-2.024,-0.225,0.394,-0.619,-0.828,0.183,-1.011,-0.971,-0.003,-0.968,-0.862,-0.503,-0.362,0.002,-0.245,-0.245,-3.053,-0.001,0.002,-0.099,0.101,0.002,-0.099,0.101,-1.612,0.706,-3.814,0.761,-3.054,30723,15339,15384
1626187,Michael Frazier,2024,-1.925,0.211,-2.136,-0.322,-0.144,-0.178,0.004,0.339,-0.335,-1.818,-0.021,-1.797,-0.334,-0.179,-0.159,-0.153,-0.064,-0.064,-2.412,-2.476,0.0,-0.153,-0.109,-0.044,-0.153,-0.109,-0.044,-1.569,-0.352,-0.654,-0.076,-0.578,-0.305,0.057,-0.362,-0.395,-0.153,-0.242,0.122,0.018,0.104,-0.169,-0.154,-0.018,0.081,0.142,0.142,-0.742,-0.6,0.0,0.081,0.016,0.065,0.081,0.016,0.065,0.139,0.035,-2.581,0.135,-2.716,-0.628,-0.088,-0.54,-0.392,0.185,-0.577,-1.696,-0.003,-1.693,-0.504,-0.332,-0.177,-0.072,0.078,0.078,-3.076,0.001,-0.072,-0.093,0.021,-0.072,-0.093,0.021,-1.429,-0.317,-2.476,-0.6,-3.075,704,349,355
202952,Malcolm Thomas,2024,-0.776,0.287,-1.063,-0.551,-0.049,-0.502,-0.697,0.129,-0.826,0.185,-0.006,0.191,-0.012,0.087,-0.089,-1.243,-0.265,-0.265,-2.031,-2.296,0.0,-1.243,-0.587,-0.656,-1.243,-0.587,-0.656,-1.407,-0.253,-0.802,0.099,-0.901,-0.256,-0.069,-0.187,-0.542,-0.141,-0.401,-0.103,0.011,-0.114,-0.142,-0.113,-0.033,0.035,0.129,0.129,-0.909,-0.78,0.0,0.035,0.004,0.031,0.035,0.004,0.031,-0.974,-0.369,-1.578,0.386,-1.964,-0.808,-0.118,-0.69,-1.238,-0.012,-1.226,0.082,0.005,0.077,-0.154,-0.027,-0.122,-1.208,-0.137,-0.137,-3.076,0.0,-1.208,-0.583,-0.625,-1.208,-0.583,-0.625,-2.381,-0.622,-2.296,-0.78,-3.076,1106,557,549
1629717,Armoni Brooks,2024,-3.187,0.247,-3.434,-1.286,-0.205,-1.081,0.075,0.416,-0.341,-2.223,0.015,-2.238,-0.311,-0.27,-0.043,0.769,1.291,1.291,-2.729,-1.438,-0.0,0.769,0.136,0.633,0.769,0.136,0.633,-0.448,-0.847,-0.688,0.044,-0.732,-0.255,-0.066,-0.189,-0.587,-0.109,-0.478,0.11,0.028,0.082,-0.342,-0.258,-0.083,-0.337,-0.285,-0.285,-1.367,-1.652,0.0,-0.337,-0.017,-0.32,-0.337,-0.017,-0.32,-0.443,-0.417,-3.873,0.291,-4.164,-1.54,-0.271,-1.269,-0.511,0.308,-0.819,-2.113,0.043,-2.156,-0.653,-0.528,-0.126,0.432,1.006,1.006,-3.09,0.0,0.432,0.12,0.312,0.432,0.12,0.312,-0.891,-1.263,-1.438,-1.652,-3.09,6133,3063,3070
101131,Jason Maxiell,2024,-3.386,-0.33,-3.056,-1.097,-0.442,-0.655,-0.954,-0.412,-0.542,-1.005,0.023,-1.028,-0.351,-0.052,-0.297,-0.172,0.059,0.059,-3.909,-3.85,0.0,-0.172,-0.067,-0.105,-0.172,-0.067,-0.105,-2.398,-1.195,1.885,0.261,1.624,0.731,-0.045,0.776,0.483,0.123,0.36,0.41,0.005,0.405,-0.093,0.015,-0.113,-0.263,-0.781,-0.781,1.529,0.748,0.0,-0.263,-0.351,0.088,-0.263,-0.351,0.088,1.303,0.458,-1.503,-0.069,-1.434,-0.367,-0.488,0.121,-0.472,-0.289,-0.183,-0.595,0.028,-0.623,-0.444,-0.037,-0.41,-0.435,-0.722,-0.722,-3.102,0.001,-0.435,-0.418,-0.017,-0.435,-0.418,-0.017,-1.095,-0.737,-3.85,0.748,-3.101,3972,1979,1993
1626191,Chris McCullough,2024,-1.351,0.195,-1.546,-0.205,-0.035,-0.17,-1.4,0.084,-1.484,0.059,-0.052,0.111,-0.199,-0.09,-0.109,-0.363,0.182,0.182,-1.913,-1.731,0.0,-0.363,-0.241,-0.122,-0.363,-0.241,-0.122,-0.639,-0.151,-0.905,-0.013,-0.892,-0.627,-0.086,-0.541,-0.218,-0.25,0.032,-0.047,-0.008,-0.039,0.107,0.094,0.01,0.012,-0.594,-0.594,-0.786,-1.38,0.0,0.012,0.149,-0.137,0.012,0.149,-0.137,-0.701,-0.221,-2.257,0.182,-2.439,-0.832,-0.121,-0.711,-1.619,-0.166,-1.453,0.012,-0.06,0.072,-0.093,0.004,-0.098,-0.351,-0.411,-0.411,-3.111,-0.0,-0.351,-0.092,-0.259,-0.351,-0.092,-0.259,-1.34,-0.371,-1.731,-1.38,-3.111,1863,929,934
2549,Chris Kaman,2024,-1.978,-0.371,-1.607,-1.017,0.103,-1.12,-0.132,-0.333,0.201,-0.458,0.029,-0.487,-0.825,-0.683,-0.136,-1.162,0.886,0.886,-3.965,-3.079,-0.0,-1.162,-0.559,-0.603,-1.162,-0.559,-0.603,-0.855,-0.196,0.358,0.317,0.041,0.209,-0.02,0.229,-0.178,0.241,-0.419,0.01,0.021,-0.011,-0.19,-0.095,-0.103,-0.233,0.033,0.033,-0.065,-0.032,0.0,-0.233,-0.332,0.099,-0.233,-0.332,0.099,0.59,0.404,-1.622,-0.054,-1.568,-0.808,0.083,-0.891,-0.311,-0.093,-0.218,-0.449,0.049,-0.498,-1.015,-0.778,-0.239,-1.395,0.918,0.918,-3.111,-0.0,-1.395,-0.891,-0.504,-1.395,-0.891,-0.504,-0.265,0.207,-3.079,-0.032,-3.111,5881,2918,2963
1630228,Jonathan Kuminga,2024,-0.026,-0.055,0.029,0.657,0.342,0.315,-0.3,0.312,-0.612,-0.328,-0.073,-0.255,0.13,0.188,-0.065,-0.779,-1.203,-1.203,-0.675,-1.878,0.0,-0.779,-0.31,-0.469,-0.779,-0.31,-0.469,-1.45,0.706,-0.92,-0.134,-0.786,-0.058,0.037,-0.095,-0.561,-0.18,-0.381,-0.167,0.012,-0.179,-0.133,-0.257,0.129,-0.033,-0.15,-0.15,-1.086,-1.236,-0.0,-0.033,0.225,-0.258,-0.033,0.225,-0.258,-1.28,-0.188,-0.947,-0.189,-0.758,0.599,0.379,0.22,-0.861,0.132,-0.993,-0.496,-0.062,-0.434,-0.002,-0.069,0.064,-0.813,-1.353,-1.353,-3.114,-0.001,-0.813,-0.085,-0.728,-0.813,-0.085,-0.728,-2.73,0.519,-1.878,-1.236,-3.115,19705,9863,9842
1626179,Terry Rozier,2024,-2.583,-0.143,-2.44,-1.359,-0.14,-1.219,-0.463,0.022,-0.485,-0.618,0.024,-0.642,-0.148,-0.153,0.006,0.66,-0.056,-0.056,-2.071,-2.127,0.0,0.66,0.746,-0.086,0.66,0.746,-0.086,-0.585,-0.863,-0.92,-0.085,-0.835,-0.212,-0.072,-0.14,-0.179,-0.115,-0.064,-0.444,-0.012,-0.432,0.088,-0.016,0.108,0.023,-0.186,-0.186,-0.809,-0.995,0.0,0.023,-0.048,0.071,0.023,-0.048,0.071,-1.328,-0.306,-3.506,-0.228,-3.278,-1.571,-0.212,-1.359,-0.644,-0.094,-0.55,-1.063,0.011,-1.074,-0.06,-0.169,0.115,0.683,-0.242,-0.242,-3.122,0.0,0.683,0.697,-0.014,0.683,0.697,-0.014,-1.913,-1.168,-2.127,-0.995,-3.122,74831,37446,37385
1630625,Dalano Banton,2024,-1.857,0.308,-2.165,-0.02,0.187,-0.207,-0.678,0.107,-0.785,-1.467,-0.008,-1.459,-0.512,-0.079,-0.429,-0.75,0.608,0.608,-3.119,-2.511,-0.0,-0.75,-0.158,-0.592,-0.75,-0.158,-0.592,-1.707,0.309,-0.23,0.335,-0.565,-0.324,0.026,-0.35,-0.024,-0.18,0.156,-0.217,0.018,-0.235,-0.152,-0.097,-0.054,-0.092,-0.139,-0.139,-0.474,-0.613,0.0,-0.092,0.282,-0.374,-0.092,0.282,-0.374,-0.87,-0.146,-2.086,0.643,-2.729,-0.344,0.213,-0.557,-0.701,-0.072,-0.629,-1.684,0.01,-1.694,-0.664,-0.176,-0.482,-0.842,0.469,0.469,-3.124,-0.0,-0.842,0.124,-0.966,-0.842,0.124,-0.966,-2.577,0.163,-2.511,-0.613,-3.124,8137,4052,4085
1641720,Jalen Hood-Schifino,2024,-1.571,-0.026,-1.545,-0.789,-0.162,-0.627,0.088,0.075,0.013,-0.844,-0.043,-0.801,-0.194,0.049,-0.243,-0.191,-0.495,-0.495,-1.956,-2.451,0.0,-0.191,0.007,-0.198,-0.191,0.007,-0.198,-1.457,-0.434,-0.273,0.045,-0.318,-0.188,0.054,-0.242,0.058,-0.137,0.195,-0.188,0.022,-0.21,-0.116,-0.166,0.046,-0.315,0.024,0.024,-0.704,-0.68,-0.0,-0.315,-0.116,-0.199,-0.315,-0.116,-0.199,-0.295,-0.114,-1.844,0.019,-1.863,-0.977,-0.108,-0.869,0.146,-0.062,0.208,-1.032,-0.021,-1.011,-0.311,-0.117,-0.197,-0.506,-0.471,-0.471,-3.131,-0.001,-0.506,-0.109,-0.397,-0.506,-0.109,-0.397,-1.752,-0.548,-2.451,-0.68,-3.132,468,236,232
1627853,Ryan Arcidiacono,2024,-1.987,-0.308,-1.679,-0.838,-0.223,-0.615,0.386,-0.031,0.417,-1.227,0.021,-1.248,-0.368,-0.374,0.004,0.504,-1.063,-1.063,-1.851,-2.914,-0.0,0.504,0.189,0.315,0.504,0.189,0.315,-1.3,-0.646,-0.277,0.052,-0.329,-0.316,0.068,-0.384,-0.369,-0.099,-0.27,0.356,-0.004,0.36,-0.06,-0.233,0.174,0.31,-0.192,-0.192,-0.027,-0.219,0.0,0.31,-0.0,0.31,0.31,-0.0,0.31,0.114,-0.03,-2.264,-0.256,-2.008,-1.154,-0.155,-0.999,0.017,-0.13,0.147,-0.871,0.017,-0.888,-0.428,-0.607,0.178,0.814,-1.255,-1.255,-3.133,-0.0,0.814,0.189,0.625,0.814,0.189,0.625,-1.186,-0.675,-2.914,-0.219,-3.133,16487,8226,8261
200771,Sergio Rodriguez,2024,-0.702,-0.108,-0.594,-0.353,-0.185,-0.168,-0.212,0.141,-0.353,-0.029,0.065,-0.094,-0.707,-0.49,-0.217,-0.656,0.41,0.41,-2.065,-1.655,0.0,-0.656,-0.11,-0.546,-0.656,-0.11,-0.546,1.03,0.652,-0.98,-0.177,-0.803,-0.791,-0.14,-0.651,0.301,-0.073,0.374,-0.313,0.045,-0.358,-0.112,-0.235,0.121,0.079,-0.473,-0.473,-1.013,-1.486,0.0,0.079,-0.02,0.099,0.079,-0.02,0.099,-0.64,-0.61,-1.683,-0.285,-1.398,-1.144,-0.325,-0.819,0.09,0.068,0.022,-0.344,0.109,-0.453,-0.819,-0.724,-0.096,-0.578,-0.064,-0.064,-3.141,0.0,-0.578,-0.13,-0.448,-0.578,-0.13,-0.448,0.39,0.042,-1.655,-1.486,-3.141,6364,3181,3183
1627789,Timothe Luwawu-Cabarrot,2024,-1.904,-0.304,-1.6,-0.671,0.144,-0.815,0.345,0.395,-0.05,-1.274,0.016,-1.29,0.088,-0.002,0.091,-0.508,-0.02,-0.02,-2.324,-2.344,0.0,-0.508,-0.299,-0.209,-0.508,-0.299,-0.209,-1.098,-0.085,0.336,0.127,0.209,0.129,0.161,-0.032,0.566,-0.017,0.583,-0.486,0.008,-0.494,-0.506,-0.533,0.026,-0.171,-0.461,-0.461,-0.341,-0.802,0.0,-0.171,-0.085,-0.086,-0.171,-0.085,-0.086,1.224,0.661,-1.566,-0.177,-1.389,-0.542,0.305,-0.847,0.912,0.379,0.533,-1.759,0.024,-1.783,-0.419,-0.535,0.117,-0.678,-0.481,-0.481,-3.146,0.0,-0.678,-0.384,-0.294,-0.678,-0.384,-0.294,0.126,0.576,-2.344,-0.802,-3.146,24327,12158,12169
203457,Nerlens Noel,2024,-1.912,-0.064,-1.848,-0.288,-0.042,-0.246,-1.609,-0.431,-1.178,0.049,-0.01,0.059,-0.554,-0.468,-0.083,-1.337,-0.743,-0.743,-3.803,-4.546,0.0,-1.337,-0.926,-0.411,-1.337,-0.926,-0.411,-2.265,-0.192,0.352,-0.015,0.367,0.93,-0.136,1.066,0.16,-0.061,0.221,-0.723,-0.005,-0.718,0.216,0.077,0.137,1.188,-0.387,-0.387,1.756,1.369,0.0,1.188,0.253,0.935,1.188,0.253,0.935,-0.35,-0.119,-1.561,-0.079,-1.482,0.642,-0.178,0.82,-1.449,-0.492,-0.957,-0.675,-0.016,-0.659,-0.338,-0.392,0.054,-0.149,-1.13,-1.13,-3.177,-0.001,-0.149,-0.673,0.524,-0.149,-0.673,0.524,-2.615,-0.312,-4.546,1.369,-3.178,41140,20572,20568
1629645,Kevin Porter Jr.,2024,-0.483,0.145,-0.628,0.14,0.059,0.081,-0.739,0.189,-0.928,-0.029,0.007,-0.036,-0.544,-0.306,-0.238,-1.033,0.649,0.649,-2.06,-1.411,0.0,-1.033,-0.439,-0.594,-1.033,-0.439,-0.594,-1.849,0.176,-1.622,-0.206,-1.416,-0.765,-0.022,-0.743,0.122,-0.268,0.39,-0.773,0.001,-0.774,0.049,0.069,-0.017,-0.03,-0.169,-0.169,-1.603,-1.772,0.0,-0.03,0.085,-0.115,-0.03,0.085,-0.115,-2.986,-0.443,-2.105,-0.061,-2.044,-0.626,0.036,-0.662,-0.617,-0.079,-0.538,-0.801,0.009,-0.81,-0.495,-0.238,-0.255,-1.063,0.48,0.48,-3.183,0.0,-1.063,-0.354,-0.709,-1.063,-0.354,-0.709,-4.834,-0.267,-1.411,-1.772,-3.183,24512,12235,12277
1629751,Dakota Mathias,2024,-2.523,0.118,-2.641,-0.672,-0.249,-0.423,-0.116,-0.025,-0.091,-1.853,-0.026,-1.827,-0.377,-0.215,-0.165,0.068,0.181,0.181,-2.832,-2.651,0.0,0.068,0.128,-0.06,0.068,0.128,-0.06,-1.117,-0.331,-0.035,-0.02,-0.015,0.038,0.007,0.031,-0.213,-0.157,-0.056,0.16,0.021,0.139,-0.094,-0.155,0.058,-0.311,-0.095,-0.095,-0.44,-0.535,0.0,-0.311,-0.186,-0.125,-0.311,-0.186,-0.125,0.009,-0.052,-2.559,0.098,-2.657,-0.634,-0.242,-0.392,-0.329,-0.182,-0.147,-1.694,-0.006,-1.688,-0.471,-0.37,-0.107,-0.243,0.086,0.086,-3.186,0.0,-0.243,-0.058,-0.185,-0.243,-0.058,-0.185,-1.108,-0.384,-2.651,-0.535,-3.186,588,293,295
1627733,Dragan Bender,2024,-1.407,-0.09,-1.317,0.074,0.149,-0.075,0.077,0.441,-0.364,-1.468,0.048,-1.516,-0.017,0.02,-0.034,-0.902,-0.058,-0.058,-2.326,-2.384,0.0,-0.902,-0.726,-0.176,-0.902,-0.726,-0.176,-0.41,-0.109,0.237,-0.011,0.248,0.402,0.004,0.398,-0.16,-0.015,-0.145,0.006,0.003,0.003,0.125,0.019,0.107,-0.831,-0.335,-0.335,-0.469,-0.804,0.0,-0.831,-0.312,-0.519,-0.831,-0.312,-0.519,0.088,0.182,-1.169,-0.101,-1.068,0.477,0.154,0.323,-0.082,0.426,-0.508,-1.463,0.05,-1.513,0.108,0.038,0.073,-1.732,-0.393,-0.393,-3.188,-0.0,-1.732,-1.038,-0.694,-1.732,-1.038,-0.694,-0.322,0.073,-2.384,-0.804,-3.188,15373,7676,7697
1629066,Rodions Kurucs,2024,-0.119,-0.118,-0.001,-0.153,0.376,-0.529,0.305,0.544,-0.239,-0.153,-0.025,-0.128,-0.177,-0.001,-0.174,-1.125,-0.695,-0.695,-1.421,-2.116,0.0,-1.125,-0.672,-0.453,-1.125,-0.672,-0.453,-2.025,0.457,-0.326,-0.073,-0.253,-0.066,0.064,-0.13,-0.408,-0.077,-0.331,0.221,-0.005,0.226,-0.157,-0.134,-0.023,-0.805,0.2,0.2,-1.288,-1.088,0.0,-0.805,-0.437,-0.368,-0.805,-0.437,-0.368,-0.066,-0.174,-0.444,-0.191,-0.253,-0.219,0.44,-0.659,-0.103,0.467,-0.57,0.069,-0.03,0.099,-0.334,-0.135,-0.197,-1.93,-0.495,-0.495,-3.204,0.0,-1.93,-1.109,-0.821,-1.93,-1.109,-0.821,-2.091,0.283,-2.116,-1.088,-3.204,10028,5029,4999
1631102,TyTy Washington Jr.,2024,-3.025,-0.205,-2.82,-0.428,-0.053,-0.375,-0.413,-0.044,-0.369,-1.979,-0.023,-1.956,-0.557,-0.433,-0.129,0.05,0.168,0.168,-3.532,-3.364,0.0,0.05,0.062,-0.012,0.05,0.062,-0.012,-0.487,0.226,-0.661,-0.121,-0.54,0.091,0.133,-0.042,0.005,-0.138,0.143,-0.636,0.015,-0.651,-0.039,-0.059,0.018,0.12,0.738,0.738,-0.58,0.158,0.0,0.12,0.072,0.048,0.12,0.072,0.048,-0.409,0.41,-3.685,-0.326,-3.359,-0.337,0.08,-0.417,-0.408,-0.183,-0.225,-2.614,-0.008,-2.606,-0.597,-0.492,-0.111,0.17,0.906,0.906,-3.206,0.0,0.17,0.134,0.036,0.17,0.134,0.036,-0.897,0.636,-3.364,0.158,-3.206,2032,1019,1013
1641734,Emoni Bates,2024,-1.053,0.177,-1.23,-0.433,-0.196,-0.237,-0.448,0.014,-0.462,-0.349,-0.039,-0.31,-0.324,-0.189,-0.135,-0.358,-0.271,-0.271,-1.735,-2.006,0.0,-0.358,-0.196,-0.162,-0.358,-0.196,-0.162,-0.48,-0.202,-0.964,-0.092,-0.872,-0.282,0.082,-0.364,-0.046,-0.127,0.081,-0.544,0.017,-0.561,-0.114,-0.13,0.014,-0.043,-0.081,-0.081,-1.121,-1.202,0.0,-0.043,0.022,-0.065,-0.043,0.022,-0.065,-1.219,-0.164,-2.016,0.085,-2.101,-0.715,-0.114,-0.601,-0.494,-0.113,-0.381,-0.892,-0.021,-0.871,-0.437,-0.319,-0.122,-0.401,-0.352,-0.352,-3.208,-0.0,-0.401,-0.174,-0.227,-0.401,-0.174,-0.227,-1.7,-0.366,-2.006,-1.202,-3.208,534,266,268
203476,Gorgui Dieng,2024,-1.864,-0.23,-1.634,-0.525,-0.272,-0.253,-0.39,-0.742,0.352,-0.719,-0.069,-0.65,-0.155,-0.365,0.214,-0.596,0.111,0.111,-2.615,-2.504,0.0,-0.596,0.064,-0.66,-0.596,0.064,-0.66,-1.031,-0.709,-1.32,0.177,-1.497,-0.588,-0.024,-0.564,-0.158,0.002,-0.16,-0.751,-0.022,-0.729,0.425,0.204,0.218,0.206,-0.02,-0.02,-0.689,-0.709,0.0,0.206,-0.02,0.226,0.206,-0.02,0.226,-1.958,-0.176,-3.184,-0.053,-3.131,-1.113,-0.296,-0.817,-0.549,-0.741,0.192,-1.469,-0.09,-1.379,0.27,-0.161,0.432,-0.39,0.091,0.091,-3.213,0.001,-0.39,0.043,-0.433,-0.39,0.043,-0.433,-2.989,-0.885,-2.504,-0.709,-3.212,47143,23486,23657
202708,Norris Cole,2024,-1.37,-0.496,-0.874,-1.155,-0.172,-0.983,0.279,-0.434,0.713,0.002,-0.017,0.019,-0.155,-0.012,-0.132,0.598,-0.492,-0.492,-0.927,-1.419,0.0,0.598,0.23,0.368,0.598,0.23,0.368,-0.687,-0.94,-0.311,0.423,-0.734,0.175,-0.031,0.206,-0.704,-0.039,-0.665,-0.205,-0.054,-0.151,-0.259,-0.37,0.108,-0.91,-0.32,-0.32,-1.48,-1.8,0.0,-0.91,-0.315,-0.595,-0.91,-0.315,-0.595,0.123,0.013,-1.681,-0.073,-1.608,-0.98,-0.203,-0.777,-0.425,-0.473,0.048,-0.203,-0.071,-0.132,-0.414,-0.382,-0.025,-0.312,-0.812,-0.812,-3.219,0.001,-0.312,-0.085,-0.227,-0.312,-0.085,-0.227,-0.563,-0.926,-1.419,-1.8,-3.218,13781,6916,6865
1629686,Deividas Sirvydis,2024,-0.973,-0.025,-0.948,-0.784,-0.095,-0.689,-0.076,0.144,-0.22,-0.088,-0.032,-0.056,-0.497,-0.172,-0.332,-0.221,-0.881,-0.881,-1.691,-2.572,0.0,-0.221,0.009,-0.23,-0.221,0.009,-0.23,-1.756,-0.606,-0.696,0.014,-0.71,-0.282,0.039,-0.321,-0.261,-0.15,-0.111,-0.167,0.015,-0.182,-0.159,-0.167,0.006,-0.119,0.314,0.314,-0.974,-0.66,-0.0,-0.119,-0.11,-0.009,-0.119,-0.11,-0.009,-0.117,-0.092,-1.672,-0.011,-1.661,-1.066,-0.056,-1.01,-0.338,-0.007,-0.331,-0.257,-0.018,-0.239,-0.656,-0.339,-0.326,-0.339,-0.567,-0.567,-3.232,-0.001,-0.339,-0.101,-0.238,-0.339,-0.101,-0.238,-1.873,-0.698,-2.572,-0.66,-3.233,670,340,330
1628418,Thomas Bryant,2024,-0.253,0.173,-0.426,0.28,-0.212,0.492,-0.451,-0.357,-0.094,-0.255,-0.012,-0.243,-0.705,-0.897,0.191,-0.378,-0.141,-0.141,-1.336,-1.477,-0.0,-0.378,-0.614,0.236,-0.378,-0.614,0.236,1.458,0.525,-1.168,-0.124,-1.044,-0.445,-0.137,-0.308,-0.427,-0.061,-0.366,-0.172,0.011,-0.183,0.37,0.624,-0.252,-0.891,-0.072,-0.072,-1.689,-1.761,0.0,-0.891,-0.283,-0.608,-0.891,-0.283,-0.608,-2.296,-0.579,-1.421,0.049,-1.47,-0.165,-0.349,0.184,-0.878,-0.418,-0.46,-0.427,-0.001,-0.426,-0.335,-0.273,-0.061,-1.269,-0.213,-0.213,-3.238,0.001,-1.269,-0.896,-0.373,-1.269,-0.896,-0.373,-0.837,-0.054,-1.477,-1.761,-3.237,21933,10972,10961
101187,Alan Anderson,2024,-2.535,-0.612,-1.923,-0.685,0.016,-0.701,0.292,0.008,0.284,-1.53,0.072,-1.602,0.249,0.217,0.042,0.406,-1.222,-1.222,-1.88,-3.102,0.0,0.406,0.223,0.183,0.406,0.223,0.183,-4.525,-1.009,0.627,0.442,0.185,-0.634,-0.091,-0.543,0.191,-0.106,0.297,0.628,-0.069,0.697,-0.315,-0.325,0.003,-0.136,-0.313,-0.313,0.176,-0.137,0.0,-0.136,-0.093,-0.043,-0.136,-0.093,-0.043,0.304,-0.203,-1.909,-0.17,-1.739,-1.32,-0.075,-1.245,0.483,-0.098,0.581,-0.902,0.003,-0.905,-0.066,-0.108,0.044,0.269,-1.535,-1.535,-3.239,0.0,0.269,0.13,0.139,0.269,0.13,0.139,-4.22,-1.212,-3.102,-0.137,-3.239,10594,5267,5327
203504,Trey Burke,2024,-0.945,-0.195,-0.75,-0.433,-0.025,-0.408,-0.104,-0.271,0.167,-0.213,0.02,-0.233,-0.216,-0.291,0.077,0.452,-0.194,-0.194,-0.709,-0.903,0.0,0.452,0.575,-0.123,0.452,0.575,-0.123,-2.19,-0.905,-1.061,0.34,-1.401,-0.661,-0.008,-0.653,-0.078,0.081,-0.159,-0.662,-0.003,-0.659,-0.223,-0.345,0.118,-0.028,-1.028,-1.028,-1.312,-2.34,0.0,-0.028,0.094,-0.122,-0.028,0.094,-0.122,-0.459,-0.137,-2.003,0.145,-2.148,-1.093,-0.032,-1.061,-0.181,-0.19,0.009,-0.874,0.017,-0.891,-0.439,-0.636,0.195,0.424,-1.221,-1.221,-3.243,0.0,0.424,0.669,-0.245,0.424,0.669,-0.245,-2.649,-1.042,-0.903,-2.34,-3.243,33065,16539,16526
1627816,Alex Poythress,2024,-0.579,0.226,-0.805,-0.812,0.032,-0.844,-0.365,0.315,-0.68,0.372,-0.008,0.38,-0.188,0.087,-0.276,-0.64,0.124,0.124,-1.407,-1.283,0.0,-0.64,-0.072,-0.568,-0.64,-0.072,-0.568,-0.212,-0.056,-1.267,0.087,-1.354,-0.624,-0.073,-0.551,-0.708,-0.115,-0.593,-0.022,0.039,-0.061,-0.288,-0.305,0.015,0.029,-0.438,-0.438,-1.526,-1.964,0.0,0.029,0.035,-0.006,0.029,0.035,-0.006,-0.745,-0.431,-1.845,0.313,-2.158,-1.436,-0.041,-1.395,-1.072,0.201,-1.273,0.35,0.031,0.319,-0.475,-0.218,-0.261,-0.61,-0.314,-0.314,-3.247,0.0,-0.61,-0.037,-0.573,-0.61,-0.037,-0.573,-0.958,-0.487,-1.283,-1.964,-3.247,2746,1361,1385
201581,JJ Hickson,2024,-2.497,-0.235,-2.262,-0.029,0.026,-0.055,-0.508,-0.294,-0.214,-1.725,-0.014,-1.711,-0.586,0.395,-0.962,-0.558,-0.067,-0.067,-3.641,-3.708,0.0,-0.558,-0.445,-0.113,-0.558,-0.445,-0.113,-3.024,0.007,1.821,0.178,1.643,1.23,-0.114,1.344,-0.511,-0.013,-0.498,0.924,-0.04,0.964,0.054,-0.215,0.265,-0.05,-1.368,-1.368,1.825,0.457,0.0,-0.05,0.038,-0.088,-0.05,0.038,-0.088,-0.017,0.261,-0.674,-0.057,-0.617,1.201,-0.088,1.289,-1.018,-0.307,-0.711,-0.8,-0.053,-0.747,-0.532,0.18,-0.697,-0.608,-1.435,-1.435,-3.251,-0.001,-0.608,-0.407,-0.201,-0.608,-0.407,-0.201,-3.041,0.268,-3.708,0.457,-3.252,8387,4180,4207
1630192,Zeke Nnaji,2024,-2.422,-0.044,-2.378,-1.132,-0.104,-1.028,-0.273,0.049,-0.322,-0.973,-0.012,-0.961,-1.087,-0.667,-0.426,0.028,0.512,0.512,-3.481,-2.969,0.0,0.028,0.464,-0.436,0.028,0.464,-0.436,-1.767,-0.168,0.113,0.273,-0.16,-0.04,-0.098,0.058,-0.393,-0.256,-0.137,0.273,0.009,0.264,-0.527,-0.647,0.122,0.19,-0.069,-0.069,-0.224,-0.293,0.0,0.19,0.198,-0.008,0.19,0.198,-0.008,1.467,-0.254,-2.31,0.229,-2.539,-1.172,-0.202,-0.97,-0.666,-0.207,-0.459,-0.701,-0.003,-0.698,-1.615,-1.314,-0.304,0.218,0.442,0.442,-3.262,0.0,0.218,0.662,-0.444,0.218,0.662,-0.444,-0.3,-0.422,-2.969,-0.293,-3.262,9832,4890,4942
1628400,Semi Ojeleye,2024,-3.167,-0.239,-2.928,-1.378,-0.332,-1.046,-0.409,-0.019,-0.39,-1.141,0.042,-1.183,-0.474,-0.069,-0.406,-0.684,0.042,0.042,-4.325,-4.283,0.0,-0.684,-0.021,-0.663,-0.684,-0.021,-0.663,-3.374,-1.566,1.162,0.179,0.983,-0.554,0.021,-0.575,0.289,-0.024,0.313,1.248,0.025,1.223,0.101,-0.056,0.158,-0.058,-0.198,-0.198,1.205,1.007,0.0,-0.058,-0.378,0.32,-0.058,-0.378,0.32,1.736,-0.075,-2.004,-0.06,-1.944,-1.931,-0.31,-1.621,-0.12,-0.042,-0.078,0.107,0.067,0.04,-0.373,-0.125,-0.248,-0.741,-0.156,-0.156,-3.276,0.0,-0.741,-0.399,-0.342,-0.741,-0.399,-0.342,-1.638,-1.641,-4.283,1.007,-3.276,18309,9107,9202
1629712,Didi Louzada,2024,-1.4,0.467,-1.867,-1.248,-0.079,-1.169,-0.123,0.106,-0.229,-0.496,-0.035,-0.461,-0.19,-0.189,0.002,-0.386,-0.554,-0.554,-1.976,-2.53,0.0,-0.386,-0.053,-0.333,-0.386,-0.053,-0.333,-0.949,-0.301,-0.373,-0.131,-0.242,-0.258,0.062,-0.32,-0.132,-0.131,-0.001,0.148,0.012,0.136,-0.189,-0.276,0.084,-0.115,-0.076,-0.076,-0.677,-0.753,0.0,-0.115,-0.036,-0.079,-0.115,-0.036,-0.079,-0.208,-0.163,-1.774,0.336,-2.11,-1.506,-0.017,-1.489,-0.255,-0.025,-0.23,-0.349,-0.024,-0.325,-0.379,-0.465,0.086,-0.501,-0.63,-0.63,-3.283,0.0,-0.501,-0.088,-0.413,-0.501,-0.088,-0.413,-1.157,-0.464,-2.53,-0.753,-3.283,762,378,384
1630227,Daishen Nix,2024,-0.742,-0.06,-0.682,1.263,0.387,0.876,-0.243,0.401,-0.644,-1.702,-0.011,-1.691,-0.643,-0.459,-0.19,-0.877,-0.283,-0.283,-2.262,-2.545,0.0,-0.877,-0.921,0.044,-0.877,-0.921,0.044,-0.166,1.244,-1.808,-0.083,-1.725,-0.836,-0.024,-0.812,-0.507,-0.136,-0.371,-0.382,0.007,-0.389,0.037,0.016,0.022,0.52,0.501,0.501,-1.251,-0.75,0.0,0.52,0.166,0.354,0.52,0.166,0.354,-0.954,-0.261,-2.55,-0.143,-2.407,0.427,0.363,0.064,-0.75,0.265,-1.015,-2.084,-0.005,-2.079,-0.606,-0.443,-0.168,-0.357,0.218,0.218,-3.295,0.0,-0.357,-0.754,0.397,-0.357,-0.754,0.397,-1.119,0.982,-2.545,-0.75,-3.295,5106,2542,2564
201628,Bobby Brown,2024,-1.486,0.199,-1.685,-0.297,-0.187,-0.11,-0.106,0.111,-0.217,-1.282,-0.008,-1.274,-0.268,-0.383,0.121,-0.201,-0.336,-0.336,-1.955,-2.291,0.0,-0.201,0.137,-0.338,-0.201,0.137,-0.338,-1.297,-0.251,-0.426,-0.155,-0.271,0.095,0.017,0.078,-0.343,-0.112,-0.231,-0.023,0.02,-0.043,-0.12,-0.139,0.015,-0.469,0.008,0.008,-1.015,-1.007,0.0,-0.469,-0.262,-0.207,-0.469,-0.262,-0.207,-0.283,-0.051,-1.91,0.044,-1.954,-0.202,-0.17,-0.032,-0.448,-0.001,-0.447,-1.304,0.012,-1.316,-0.388,-0.522,0.136,-0.67,-0.327,-0.327,-3.298,-0.001,-0.67,-0.126,-0.544,-0.67,-0.126,-0.544,-1.58,-0.302,-2.291,-1.007,-3.299,691,353,338
1628681,Rodney Purvis,2024,-2.076,0.291,-2.367,-0.432,-0.189,-0.243,-0.936,0.002,-0.938,-0.999,-0.019,-0.98,-0.345,-0.328,-0.015,0.156,-0.354,-0.354,-2.265,-2.619,0.0,0.156,0.239,-0.083,0.156,0.239,-0.083,-0.929,-0.039,-0.061,-0.041,-0.02,-0.139,-0.049,-0.09,0.345,-0.2,0.545,-0.226,0.016,-0.242,-0.159,-0.178,0.015,-0.229,-0.268,-0.268,-0.449,-0.717,0.0,-0.229,-0.168,-0.061,-0.229,-0.168,-0.061,-0.445,-0.208,-2.136,0.25,-2.386,-0.572,-0.239,-0.333,-0.59,-0.198,-0.392,-1.224,-0.003,-1.221,-0.504,-0.506,-0.0,-0.073,-0.622,-0.622,-3.336,0.0,-0.073,0.071,-0.144,-0.073,0.071,-0.144,-1.374,-0.247,-2.619,-0.717,-3.336,1110,552,558
200770,Jordan Farmar,2024,-2.15,-0.322,-1.828,-1.315,-0.201,-1.114,-0.354,-0.145,-0.209,-0.159,0.066,-0.225,-0.151,-0.625,0.479,-0.483,1.161,1.161,-2.784,-1.623,-0.0,-0.483,-0.443,-0.04,-0.483,-0.443,-0.04,-2.087,-0.597,-1.409,0.178,-1.587,-0.494,0.004,-0.498,-0.655,-0.135,-0.52,-0.438,-0.009,-0.429,-0.529,-0.463,-0.071,0.391,-0.173,-0.173,-1.547,-1.72,0.0,0.391,-0.035,0.426,0.391,-0.035,0.426,-1.251,-0.283,-3.56,-0.144,-3.416,-1.81,-0.197,-1.613,-1.009,-0.28,-0.729,-0.597,0.057,-0.654,-0.679,-1.088,0.408,-0.092,0.988,0.988,-3.343,0.0,-0.092,-0.477,0.385,-0.092,-0.477,0.385,-3.338,-0.88,-1.623,-1.72,-3.343,4519,2257,2262
1629657,Kyle Guy,2024,-1.18,-0.143,-1.037,-0.583,-0.136,-0.447,-0.189,0.133,-0.322,-0.265,-0.019,-0.246,-0.379,0.064,-0.446,-0.135,-0.446,-0.446,-1.694,-2.14,0.0,-0.135,-0.156,0.021,-0.135,-0.156,0.021,0.155,-0.184,-1.158,0.084,-1.242,-0.564,0.036,-0.6,-0.034,-0.058,0.024,-0.644,0.027,-0.671,-0.117,-0.173,0.054,-0.326,0.398,0.398,-1.601,-1.203,-0.0,-0.326,-0.236,-0.09,-0.326,-0.236,-0.09,-0.962,-0.463,-2.339,-0.059,-2.28,-1.148,-0.101,-1.047,-0.223,0.075,-0.298,-0.909,0.008,-0.917,-0.497,-0.109,-0.392,-0.461,-0.048,-0.048,-3.343,0.0,-0.461,-0.392,-0.069,-0.461,-0.392,-0.069,-0.807,-0.647,-2.14,-1.203,-3.343,1774,893,881
1630184,Kira Lewis Jr.,2024,-3.409,0.057,-3.466,-1.134,0.246,-1.38,-0.123,0.162,-0.285,-2.209,-0.038,-2.171,-0.316,-0.333,0.012,0.574,-0.118,-0.118,-3.151,-3.269,-0.0,0.574,0.324,0.25,0.574,0.324,0.25,-1.161,0.229,0.674,-0.074,0.748,0.157,0.084,0.073,0.112,0.009,0.103,0.479,0.013,0.466,-0.233,-0.281,0.048,-0.222,-0.298,-0.298,0.219,-0.079,-0.0,-0.222,-0.07,-0.152,-0.222,-0.07,-0.152,0.41,0.179,-2.734,-0.017,-2.717,-0.977,0.33,-1.307,-0.011,0.171,-0.182,-1.729,-0.025,-1.704,-0.55,-0.614,0.06,0.352,-0.416,-0.416,-3.348,-0.001,0.352,0.254,0.098,0.352,0.254,0.098,-0.752,0.408,-3.269,-0.079,-3.349,7294,3657,3637
2744,Al Jefferson,2024,-2.356,-0.185,-2.171,-0.717,-0.158,-0.559,-0.758,-1.05,0.292,-0.696,-0.158,-0.538,-0.394,-0.36,-0.027,1.06,-1.101,-1.101,-1.69,-2.791,0.0,1.06,0.237,0.823,1.06,0.237,0.823,-1.808,-0.703,0.159,0.083,0.076,-0.219,0.161,-0.38,-0.039,0.453,-0.492,0.334,0.038,0.296,-0.07,0.012,-0.084,-0.608,-0.041,-0.041,-0.519,-0.56,0.0,-0.608,-0.283,-0.325,-0.608,-0.283,-0.325,-0.654,0.096,-2.196,-0.102,-2.094,-0.936,0.004,-0.94,-0.797,-0.597,-0.2,-0.361,-0.12,-0.241,-0.464,-0.348,-0.112,0.452,-1.142,-1.142,-3.351,0.0,0.452,-0.045,0.497,0.452,-0.045,0.497,-2.463,-0.607,-2.791,-0.56,-3.351,18408,9197,9211
1629623,Lindell Wigginton,2024,-0.435,0.211,-0.646,-0.166,-0.023,-0.143,0.224,0.176,0.048,-0.704,-0.042,-0.662,-0.132,0.257,-0.389,-0.466,-0.209,-0.209,-1.033,-1.242,0.0,-0.466,-0.649,0.183,-0.466,-0.649,0.183,-1.271,-0.016,-1.459,-0.164,-1.295,-0.5,-0.009,-0.491,-0.283,-0.1,-0.183,-0.512,0.026,-0.538,0.025,-0.115,0.138,-0.684,-0.012,-0.012,-2.118,-2.13,0.0,-0.684,-0.394,-0.29,-0.684,-0.394,-0.29,-2.487,-0.745,-1.893,0.047,-1.94,-0.665,-0.031,-0.634,-0.059,0.076,-0.135,-1.216,-0.016,-1.2,-0.107,0.142,-0.251,-1.151,-0.221,-0.221,-3.372,0.0,-1.151,-1.042,-0.109,-1.151,-1.042,-0.109,-3.758,-0.761,-1.242,-2.13,-3.372,1253,624,629
1628403,Caleb Swanigan,2024,-1.031,-0.65,-0.381,-0.765,-0.105,-0.66,-0.421,-0.228,-0.193,0.805,-0.067,0.872,-0.47,-0.228,-0.243,-1.314,-0.23,-0.23,-2.815,-3.045,0.0,-1.314,-0.391,-0.923,-1.314,-0.391,-0.923,-1.694,-0.456,0.038,0.086,-0.048,0.174,0.088,0.086,-0.526,-0.092,-0.434,0.304,0.004,0.3,-0.097,-0.082,-0.017,-0.162,-0.11,-0.11,-0.221,-0.331,0.0,-0.162,-0.032,-0.13,-0.162,-0.032,-0.13,-0.33,0.13,-0.993,-0.564,-0.429,-0.591,-0.017,-0.574,-0.947,-0.32,-0.627,1.109,-0.063,1.172,-0.567,-0.31,-0.26,-1.476,-0.34,-0.34,-3.376,0.001,-1.476,-0.423,-1.053,-1.476,-0.423,-1.053,-2.023,-0.326,-3.045,-0.331,-3.375,2619,1307,1312
1631133,Jabari Walker,2024,-1.611,-0.089,-1.522,0.259,0.183,0.076,-1.188,0.164,-1.352,-0.593,-0.016,-0.577,0.193,0.055,0.136,-0.525,0.321,0.321,-1.943,-1.622,0.0,-0.525,0.102,-0.627,-0.525,0.102,-0.627,-1.772,0.46,-0.485,-0.068,-0.417,-0.298,-0.14,-0.158,-0.796,-0.218,-0.578,0.677,0.011,0.666,-0.316,-0.317,0.003,-0.122,-0.829,-0.829,-0.923,-1.752,-0.0,-0.122,-0.002,-0.12,-0.122,-0.002,-0.12,0.476,-0.348,-2.098,-0.157,-1.941,-0.04,0.042,-0.082,-1.985,-0.055,-1.93,0.084,-0.004,0.088,-0.123,-0.262,0.139,-0.647,-0.508,-0.508,-3.374,-0.001,-0.647,0.1,-0.747,-0.647,0.1,-0.747,-1.296,0.112,-1.622,-1.752,-3.375,9388,4704,4684
1629059,Elie Okobo,2024,-1.504,0.033,-1.537,-0.773,-0.066,-0.707,-0.279,0.096,-0.375,-0.485,-0.001,-0.484,-0.258,-0.045,-0.208,-0.293,-0.145,-0.145,-2.055,-2.2,0.0,-0.293,-0.007,-0.286,-0.293,-0.007,-0.286,-0.214,0.116,-0.231,0.142,-0.373,-0.376,-0.112,-0.264,-0.026,-0.06,0.034,0.029,0.022,0.007,-0.19,-0.138,-0.054,0.199,-0.957,-0.957,-0.222,-1.179,0.0,0.199,0.198,0.001,0.199,0.198,0.001,-0.29,-0.396,-1.735,0.175,-1.91,-1.149,-0.178,-0.971,-0.305,0.036,-0.341,-0.456,0.02,-0.476,-0.448,-0.182,-0.262,-0.094,-1.103,-1.103,-3.379,0.0,-0.094,0.191,-0.285,-0.094,0.191,-0.285,-0.504,-0.28,-2.2,-1.179,-3.379,6440,3213,3227
1630219,Skylar Mays,2024,-1.596,-0.187,-1.409,-0.734,0.042,-0.776,-0.688,0.125,-0.813,0.013,-0.037,0.05,-0.4,-0.267,-0.135,0.499,0.284,0.284,-1.497,-1.213,-0.0,0.499,0.484,0.015,0.499,0.484,0.015,0.541,-0.152,-1.8,0.233,-2.033,-1.098,-0.046,-1.052,-0.496,-0.308,-0.188,-0.439,0.002,-0.441,-0.161,-0.057,-0.104,-0.427,0.221,0.221,-2.388,-2.167,0.0,-0.427,-0.229,-0.198,-0.427,-0.229,-0.198,-2.038,-0.754,-3.395,0.046,-3.441,-1.832,-0.004,-1.828,-1.183,-0.183,-1.0,-0.426,-0.035,-0.391,-0.561,-0.324,-0.239,0.071,0.505,0.505,-3.38,0.0,0.071,0.254,-0.183,0.071,0.254,-0.183,-1.497,-0.906,-1.213,-2.167,-3.38,4629,2320,2309
203943,Noah Vonleh,2024,-3.407,-0.234,-3.173,-1.797,-0.283,-1.514,-1.357,-0.624,-0.733,-0.019,-0.027,0.008,-0.695,-0.559,-0.133,-0.267,0.649,0.649,-4.369,-3.72,0.0,-0.267,0.278,-0.545,-0.267,0.278,-0.545,-3.139,-1.302,-0.392,0.263,-0.655,0.279,0.124,0.155,-0.907,0.108,-1.015,-0.027,-0.016,-0.011,0.075,0.242,-0.167,0.033,0.616,0.616,-0.284,0.332,0.0,0.033,-0.107,0.14,0.033,-0.107,0.14,-0.125,0.417,-3.799,0.029,-3.828,-1.518,-0.159,-1.359,-2.264,-0.516,-1.748,-0.046,-0.043,-0.003,-0.62,-0.317,-0.3,-0.234,1.265,1.265,-3.388,0.0,-0.234,0.171,-0.405,-0.234,0.171,-0.405,-3.264,-0.885,-3.72,0.332,-3.388,23400,11673,11727
101111,Charlie Villanueva,2024,-2.561,-0.322,-2.239,-0.378,-0.077,-0.301,-0.031,0.276,-0.307,-1.83,0.214,-2.044,-0.822,-0.869,0.047,0.216,-0.488,-0.488,-3.167,-3.655,0.0,0.216,0.136,0.08,0.216,0.136,0.08,-1.071,-0.293,0.669,0.437,0.232,0.032,-0.014,0.046,-0.419,-0.102,-0.317,0.619,-0.03,0.649,0.079,-0.004,0.079,-0.2,-0.29,-0.29,0.548,0.258,-0.0,-0.2,-0.118,-0.082,-0.2,-0.118,-0.082,0.457,-0.05,-1.891,0.115,-2.006,-0.346,-0.091,-0.255,-0.449,0.175,-0.624,-1.211,0.184,-1.395,-0.743,-0.873,0.126,0.016,-0.779,-0.779,-3.397,0.0,0.016,0.017,-0.001,0.016,0.017,-0.001,-0.614,-0.343,-3.655,0.258,-3.397,6831,3425,3406
1629735,Chris Silva,2024,-1.999,-0.155,-1.844,-1.116,-0.205,-0.911,-0.958,0.059,-1.017,0.23,-0.032,0.262,-0.252,-0.091,-0.161,-1.152,1.198,1.198,-3.403,-2.205,0.0,-1.152,-0.248,-0.904,-1.152,-0.248,-0.904,-2.364,-1.07,-1.116,0.032,-1.148,-0.268,0.093,-0.361,-0.378,-0.265,-0.113,-0.502,0.003,-0.505,-0.393,-0.441,0.045,0.02,0.291,0.291,-1.489,-1.198,0.0,0.02,-0.075,0.095,0.02,-0.075,0.095,-1.615,-0.174,-3.115,-0.123,-2.992,-1.384,-0.112,-1.272,-1.336,-0.206,-1.13,-0.272,-0.029,-0.243,-0.645,-0.532,-0.116,-1.132,1.489,1.489,-3.403,0.0,-1.132,-0.323,-0.809,-1.132,-0.323,-0.809,-3.979,-1.245,-2.205,-1.198,-3.403,2214,1106,1108
1627786,Troy Williams,2024,-1.166,-0.154,-1.012,-0.588,0.04,-0.628,1.032,0.207,0.825,-1.456,0.017,-1.473,-0.214,0.196,-0.403,-0.576,-0.944,-0.944,-1.956,-2.9,0.0,-0.576,-0.647,0.071,-0.576,-0.647,0.071,-1.347,-0.126,-0.118,-0.014,-0.104,0.108,-0.045,0.153,-0.39,-0.202,-0.188,0.178,0.015,0.163,-0.419,-0.214,-0.208,0.322,-0.293,-0.293,-0.215,-0.508,-0.0,0.322,-0.015,0.337,0.322,-0.015,0.337,-0.049,-0.311,-1.284,-0.168,-1.116,-0.48,-0.005,-0.475,0.642,0.005,0.637,-1.278,0.031,-1.309,-0.633,-0.018,-0.612,-0.254,-1.237,-1.237,-3.408,0.0,-0.254,-0.662,0.408,-0.254,-0.662,0.408,-1.396,-0.437,-2.9,-0.508,-3.408,4432,2219,2213
1631367,Jacob Gilyard,2024,-1.313,0.14,-1.453,-0.273,-0.258,-0.015,-0.566,0.264,-0.83,-0.614,-0.01,-0.604,-0.203,-0.373,0.169,0.331,-0.371,-0.371,-1.185,-1.556,0.0,0.331,0.011,0.32,0.331,0.011,0.32,2.442,-0.17,-1.296,-0.147,-1.149,-0.225,0.011,-0.236,-0.493,-0.142,-0.351,-0.431,0.013,-0.444,-0.179,-0.296,0.115,0.215,-0.598,-0.598,-1.26,-1.858,0.0,0.215,0.274,-0.059,0.215,0.274,-0.059,-1.483,-0.353,-2.608,-0.007,-2.601,-0.497,-0.246,-0.251,-1.059,0.122,-1.181,-1.045,0.003,-1.048,-0.383,-0.67,0.285,0.546,-0.969,-0.969,-3.414,-0.001,0.546,0.285,0.261,0.546,0.285,0.261,0.959,-0.523,-1.556,-1.858,-3.415,2958,1478,1480
1630267,Facundo Campazzo,2024,-2.316,-0.021,-2.295,-1.266,-0.28,-0.986,-0.652,0.362,-1.014,-0.377,0.031,-0.408,0.081,0.062,0.018,-0.418,-0.477,-0.477,-2.653,-3.13,0.0,-0.418,-0.239,-0.179,-0.418,-0.239,-0.179,0.305,-1.147,-1.019,0.133,-1.152,-1.142,0.091,-1.233,0.471,-0.186,0.657,-0.481,0.015,-0.496,-0.71,-0.602,-0.108,0.988,0.447,0.447,-0.741,-0.294,-0.0,0.988,0.082,0.906,0.988,0.082,0.906,0.167,-0.125,-3.336,0.112,-3.448,-2.408,-0.189,-2.219,-0.182,0.175,-0.357,-0.858,0.046,-0.904,-0.628,-0.541,-0.09,0.57,-0.03,-0.03,-3.424,0.0,0.57,-0.157,0.727,0.57,-0.157,0.727,0.471,-1.272,-3.13,-0.294,-3.424,11746,5860,5886
1631218,Trayce Jackson-Davis,2024,-1.909,0.166,-2.075,-0.713,0.039,-0.752,-0.313,0.078,-0.391,-1.049,-0.053,-0.996,-0.648,-0.214,-0.438,-0.302,0.889,0.889,-2.859,-1.97,0.0,-0.302,-0.467,0.165,-0.302,-0.467,0.165,-0.626,0.651,-0.816,-0.084,-0.732,0.058,-0.056,0.114,0.161,-0.202,0.363,-0.951,0.025,-0.976,-0.103,-0.097,-0.007,-0.534,-0.015,-0.015,-1.453,-1.468,-0.0,-0.534,-0.371,-0.163,-0.534,-0.371,-0.163,-1.844,-0.541,-2.725,0.082,-2.807,-0.656,-0.017,-0.639,-0.152,-0.124,-0.028,-1.999,-0.027,-1.972,-0.752,-0.31,-0.445,-0.836,0.873,0.873,-3.438,0.001,-0.836,-0.838,0.002,-0.836,-0.838,0.002,-2.47,0.11,-1.97,-1.468,-3.437,4652,2316,2336
101181,Jose Calderon,2024,-2.117,-0.246,-1.871,-0.519,-0.339,-0.18,-0.545,-0.322,-0.223,-0.807,0.047,-0.854,-0.428,-0.549,0.126,-0.273,-0.044,-0.044,-2.818,-2.862,0.0,-0.273,-0.12,-0.153,-0.273,-0.12,-0.153,0.432,-0.249,-1.176,0.275,-1.451,-0.292,-0.196,-0.096,-0.506,0.077,-0.583,-0.653,0.007,-0.66,-0.105,-0.001,-0.108,0.183,0.508,0.508,-1.098,-0.59,-0.0,0.183,0.14,0.043,0.183,0.14,0.043,-0.472,-0.528,-3.294,0.029,-3.323,-0.812,-0.536,-0.276,-1.051,-0.245,-0.806,-1.46,0.054,-1.514,-0.532,-0.55,0.018,-0.09,0.465,0.465,-3.452,0.0,-0.09,0.02,-0.11,-0.09,0.02,-0.11,-0.04,-0.777,-2.862,-0.59,-3.452,21101,10556,10545
202732,DeAndre Liggins,2024,-1.786,-0.164,-1.622,-0.579,-0.113,-0.466,-0.577,0.039,-0.616,-0.466,-0.031,-0.435,-0.16,-0.081,-0.076,-0.236,-1.179,-1.179,-2.182,-3.361,-0.0,-0.236,-0.075,-0.161,-0.236,-0.075,-0.161,-1.731,-0.743,-0.686,0.025,-0.711,-0.205,0.085,-0.29,0.127,-0.118,0.245,-0.633,0.021,-0.654,-0.148,-0.328,0.18,0.424,0.31,0.31,-0.41,-0.1,0.0,0.424,0.39,0.034,0.424,0.39,0.034,-0.271,0.088,-2.47,-0.139,-2.331,-0.782,-0.027,-0.755,-0.45,-0.079,-0.371,-1.099,-0.01,-1.089,-0.308,-0.409,0.103,0.188,-0.869,-0.869,-3.461,0.0,0.188,0.316,-0.128,0.188,0.316,-0.128,-2.002,-0.654,-3.361,-0.1,-3.461,6991,3468,3523
101110,Martell Webster,2024,-2.214,0.0,-2.214,-0.902,-0.254,-0.648,0.018,0.003,0.015,-1.33,-0.02,-1.31,0.205,0.291,-0.074,-0.684,-0.22,-0.22,-2.693,-2.913,0.0,-0.684,-0.109,-0.575,-0.684,-0.109,-0.575,-3.466,-0.775,-0.676,0.106,-0.782,0.107,0.156,-0.049,0.181,0.052,0.129,-1.07,0.006,-1.076,0.088,-0.026,0.109,-0.037,0.077,0.077,-0.625,-0.548,0.0,-0.037,0.049,-0.086,-0.037,0.049,-0.086,-1.075,0.179,-2.891,0.106,-2.997,-0.796,-0.098,-0.698,0.199,0.055,0.144,-2.4,-0.014,-2.386,0.293,0.265,0.035,-0.72,-0.143,-0.143,-3.461,0.0,-0.72,-0.06,-0.66,-0.72,-0.06,-0.66,-4.54,-0.596,-2.913,-0.548,-3.461,1551,769,782
1627852,Nicolas Brussino,2024,-1.603,0.063,-1.666,-0.336,-0.271,-0.065,0.103,0.114,-0.011,-1.433,0.037,-1.47,-0.42,-0.338,-0.08,-0.572,0.332,0.332,-2.595,-2.263,0.0,-0.572,-0.124,-0.448,-0.572,-0.124,-0.448,-1.05,-0.168,-0.578,0.192,-0.77,-0.215,0.03,-0.245,-0.124,-0.181,0.057,-0.431,0.004,-0.435,-0.176,-0.223,0.044,-0.355,-0.098,-0.098,-1.109,-1.207,0.0,-0.355,-0.139,-0.216,-0.355,-0.139,-0.216,-0.835,-0.138,-2.181,0.255,-2.436,-0.551,-0.242,-0.309,-0.021,-0.067,0.046,-1.864,0.041,-1.905,-0.596,-0.562,-0.037,-0.927,0.235,0.235,-3.47,0.0,-0.927,-0.263,-0.664,-0.927,-0.263,-0.664,-1.885,-0.306,-2.263,-1.207,-3.47,1624,815,809
1629126,Deonte Burton,2024,-2.911,-0.179,-2.732,-1.139,-0.076,-1.063,-0.3,0.095,-0.395,-1.293,-0.023,-1.27,-0.257,-0.393,0.138,0.393,-1.203,-1.203,-2.775,-3.978,0.0,0.393,0.172,0.221,0.393,0.172,0.221,-1.191,-0.142,0.647,0.055,0.592,0.02,0.035,-0.015,0.058,-0.029,0.087,0.514,0.027,0.487,-0.106,-0.072,-0.036,0.055,-0.093,-0.093,0.596,0.503,-0.0,0.055,-0.095,0.15,0.055,-0.095,0.15,0.219,-0.02,-2.264,-0.124,-2.14,-1.119,-0.041,-1.078,-0.243,0.065,-0.308,-0.778,0.004,-0.782,-0.362,-0.464,0.102,0.448,-1.296,-1.296,-3.475,0.001,0.448,0.077,0.371,0.448,0.077,0.371,-0.973,-0.163,-3.978,0.503,-3.474,2498,1250,1248
201965,Jeff Ayres,2024,-1.534,-0.713,-0.821,-0.708,-0.071,-0.637,0.383,0.011,0.372,-0.496,-0.004,-0.492,0.271,-0.11,0.395,-0.295,-0.596,-0.596,-1.558,-2.154,0.0,-0.295,0.006,-0.301,-0.295,0.006,-0.301,-1.86,-0.391,-0.757,0.303,-1.06,-0.231,0.024,-0.255,-0.358,-0.024,-0.334,-0.471,0.003,-0.474,0.015,-0.047,0.057,-0.439,-0.151,-0.151,-1.181,-1.332,0.0,-0.439,-0.156,-0.283,-0.439,-0.156,-0.283,-0.391,0.129,-2.29,-0.41,-1.88,-0.939,-0.047,-0.892,0.025,-0.013,0.038,-0.966,-0.0,-0.966,0.285,-0.156,0.452,-0.734,-0.746,-0.746,-3.486,-0.0,-0.734,-0.149,-0.585,-0.734,-0.149,-0.585,-2.252,-0.262,-2.154,-1.332,-3.486,2088,1047,1041
1630593,McKinley Wright IV,2024,-1.472,0.021,-1.493,-0.282,-0.28,-0.002,-0.545,0.004,-0.549,-0.666,-0.045,-0.621,-0.424,-0.323,-0.103,0.182,-0.313,-0.313,-1.714,-2.027,0.0,0.182,0.183,-0.001,0.182,0.183,-0.001,-0.048,-0.609,-0.536,-0.165,-0.371,-0.452,0.037,-0.489,-0.241,-0.083,-0.158,0.322,0.022,0.3,-0.13,-0.153,0.021,-0.342,-0.453,-0.453,-1.008,-1.461,0.0,-0.342,-0.171,-0.171,-0.342,-0.171,-0.171,-0.743,-0.306,-2.008,-0.144,-1.864,-0.734,-0.243,-0.491,-0.786,-0.079,-0.707,-0.344,-0.023,-0.321,-0.553,-0.476,-0.082,-0.16,-0.765,-0.765,-3.488,0.0,-0.16,0.012,-0.172,-0.16,0.012,-0.172,-0.791,-0.915,-2.027,-1.461,-3.488,1348,672,676
201171,Carl Landry,2024,-1.233,-0.097,-1.136,-0.266,-0.277,0.011,-0.577,-0.688,0.111,-0.293,-0.069,-0.224,0.165,0.113,0.056,0.007,-0.688,-0.688,-1.061,-1.749,0.0,0.007,0.239,-0.232,0.007,0.239,-0.232,-0.269,-0.147,-0.787,0.199,-0.986,-0.736,-0.087,-0.649,-0.183,0.088,-0.271,-0.067,-0.012,-0.055,0.283,0.089,0.191,-0.816,-0.437,-0.437,-1.32,-1.757,0.0,-0.816,-0.691,-0.125,-0.816,-0.691,-0.125,-1.399,-0.532,-2.019,0.102,-2.121,-1.002,-0.364,-0.638,-0.758,-0.599,-0.159,-0.361,-0.082,-0.279,0.448,0.203,0.246,-0.808,-1.125,-1.125,-3.506,0.0,-0.808,-0.452,-0.356,-0.808,-0.452,-0.356,-1.668,-0.679,-1.749,-1.757,-3.506,6790,3379,3411
1627982,Josh Gray,2024,-2.134,0.251,-2.385,-0.767,-0.098,-0.669,-0.671,0.125,-0.796,-0.947,-0.04,-0.907,-0.305,-0.049,-0.259,-0.218,0.014,0.014,-2.657,-2.643,0.0,-0.218,-0.177,-0.041,-0.218,-0.177,-0.041,-1.481,-0.433,-0.734,-0.114,-0.62,-0.062,0.012,-0.074,-0.363,-0.106,-0.257,-0.195,0.026,-0.221,-0.058,-0.087,0.026,-0.081,0.01,0.01,-0.873,-0.863,0.0,-0.081,0.007,-0.088,-0.081,0.007,-0.088,-0.329,-0.002,-2.867,0.137,-3.004,-0.829,-0.086,-0.743,-1.033,0.02,-1.053,-1.142,-0.013,-1.129,-0.363,-0.136,-0.234,-0.299,0.024,0.024,-3.506,0.0,-0.299,-0.17,-0.129,-0.299,-0.17,-0.129,-1.81,-0.435,-2.643,-0.863,-3.506,488,246,242
2743,Kris Humphries,2024,-2.734,-0.224,-2.51,-0.241,-0.129,-0.112,-1.205,-0.515,-0.69,-1.064,-0.043,-1.021,-0.267,-0.211,-0.049,-0.639,0.113,0.113,-3.64,-3.527,-0.0,-0.639,-0.753,0.114,-0.639,-0.753,0.114,-0.977,-0.378,0.174,0.21,-0.036,0.364,0.004,0.36,-0.254,0.12,-0.374,-0.146,-0.02,-0.126,-0.013,-0.079,0.06,-0.338,0.187,0.187,-0.177,0.01,0.0,-0.338,-0.093,-0.245,-0.338,-0.093,-0.245,0.881,0.29,-2.557,-0.014,-2.543,0.124,-0.124,0.248,-1.458,-0.395,-1.063,-1.209,-0.062,-1.147,-0.28,-0.29,0.012,-0.977,0.3,0.3,-3.517,0.0,-0.977,-0.846,-0.131,-0.977,-0.846,-0.131,-0.096,-0.088,-3.527,0.01,-3.517,12097,6026,6071
1628981,Bruno Fernando,2024,-3.036,-0.422,-2.614,-0.79,0.02,-0.81,-0.233,-0.126,-0.107,-1.591,-0.026,-1.565,-0.758,-0.471,-0.287,-2.038,1.749,1.749,-5.832,-4.083,0.0,-2.038,-1.12,-0.918,-2.038,-1.12,-0.918,-3.766,0.097,0.832,0.082,0.75,-0.043,0.035,-0.078,0.116,-0.221,0.337,0.677,0.007,0.67,-0.36,-0.482,0.124,-0.137,0.218,0.218,0.335,0.553,0.0,-0.137,-0.137,-0.0,-0.137,-0.137,-0.0,0.72,0.233,-2.202,-0.34,-1.862,-0.833,0.055,-0.888,-0.115,-0.346,0.231,-0.914,-0.019,-0.895,-1.118,-0.953,-0.163,-2.175,1.967,1.967,-3.53,-0.001,-2.175,-1.257,-0.918,-2.175,-1.257,-0.918,-3.046,0.33,-4.083,0.553,-3.531,8978,4492,4486
203546,Ian Clark,2024,-1.07,-0.357,-0.713,-0.195,-0.241,0.046,0.942,-0.1,1.042,-1.46,0.041,-1.501,-0.415,-0.446,0.032,-0.246,-0.008,-0.008,-1.731,-1.739,0.0,-0.246,-0.338,0.092,-0.246,-0.338,0.092,-0.087,-0.331,-0.735,0.05,-0.785,-1.022,-0.176,-0.846,-0.008,-0.087,0.079,0.245,0.008,0.237,0.011,-0.058,0.067,-0.139,-0.931,-0.931,-0.863,-1.794,0.0,-0.139,0.01,-0.149,-0.139,0.01,-0.149,-0.521,-0.523,-1.806,-0.307,-1.499,-1.217,-0.417,-0.8,0.933,-0.188,1.121,-1.215,0.049,-1.264,-0.405,-0.504,0.099,-0.384,-0.939,-0.939,-3.533,0.001,-0.384,-0.328,-0.056,-0.384,-0.328,-0.056,-0.608,-0.854,-1.739,-1.794,-3.532,23913,11950,11963
1630253,Sean McDermott,2024,-2.885,0.142,-3.027,-0.946,-0.16,-0.786,-0.567,0.129,-0.696,-1.514,-0.039,-1.475,-0.071,-0.021,-0.045,-0.497,0.454,0.454,-3.453,-2.999,-0.0,-0.497,-0.264,-0.233,-0.497,-0.264,-0.233,-2.854,-0.665,-0.614,-0.029,-0.585,-0.542,0.028,-0.57,-0.307,-0.142,-0.165,0.264,0.015,0.249,-0.008,-0.009,-0.001,0.065,0.02,0.02,-0.557,-0.537,-0.0,0.065,0.109,-0.044,0.065,0.109,-0.044,-0.303,-0.178,-3.499,0.113,-3.612,-1.488,-0.132,-1.356,-0.874,-0.013,-0.861,-1.25,-0.024,-1.226,-0.079,-0.03,-0.046,-0.432,0.474,0.474,-3.536,0.001,-0.432,-0.154,-0.278,-0.432,-0.154,-0.278,-3.157,-0.843,-2.999,-0.537,-3.535,664,330,334
1629648,Jordan Bone,2024,-2.699,0.11,-2.809,-0.714,-0.169,-0.545,-0.71,-0.069,-0.641,-1.385,-0.041,-1.344,-0.326,-0.186,-0.142,-0.101,0.652,0.652,-3.126,-2.474,-0.0,-0.101,-0.121,0.02,-0.101,-0.121,0.02,-1.559,-0.464,-0.944,-0.149,-0.795,-0.522,0.032,-0.554,-0.101,-0.099,-0.002,-0.172,0.013,-0.185,-0.059,-0.062,0.001,-0.051,-0.018,-0.018,-1.054,-1.072,-0.0,-0.051,0.011,-0.062,-0.051,0.011,-0.062,-0.624,-0.319,-3.645,-0.039,-3.606,-1.235,-0.137,-1.098,-0.813,-0.169,-0.644,-1.558,-0.029,-1.529,-0.385,-0.248,-0.141,-0.152,0.633,0.633,-3.546,-0.001,-0.152,-0.109,-0.043,-0.152,-0.109,-0.043,-2.183,-0.784,-2.474,-1.072,-3.547,1011,509,502
1629683,Quinndary Weatherspoon,2024,-1.117,-0.026,-1.091,-0.509,0.055,-0.564,-0.498,0.07,-0.568,-0.084,-0.084,-0.0,0.087,0.049,0.046,-0.467,-0.415,-0.415,-1.497,-1.912,0.0,-0.467,-0.206,-0.261,-0.467,-0.206,-0.261,-1.453,0.198,-1.55,-0.068,-1.482,-0.155,0.05,-0.205,-0.295,-0.174,-0.121,-1.032,0.016,-1.048,-0.154,-0.197,0.04,-0.056,0.102,0.102,-1.76,-1.658,0.0,-0.056,0.102,-0.158,-0.056,0.102,-0.158,-1.068,0.016,-2.665,-0.094,-2.571,-0.662,0.106,-0.768,-0.793,-0.104,-0.689,-1.116,-0.068,-1.048,-0.067,-0.148,0.087,-0.524,-0.313,-0.313,-3.57,0.0,-0.524,-0.104,-0.42,-0.524,-0.104,-0.42,-2.521,0.215,-1.912,-1.658,-3.57,1173,586,587
202336,Larry Sanders,2024,-2.564,-0.138,-2.426,-0.14,0.009,-0.149,-0.614,-0.086,-0.528,-1.672,-0.01,-1.662,0.02,-0.167,0.198,-0.895,0.118,0.118,-3.439,-3.321,0.0,-0.895,-0.195,-0.7,-0.895,-0.195,-0.7,-2.825,0.021,-0.014,0.214,-0.228,0.304,0.011,0.293,-0.321,0.005,-0.326,-0.211,0.018,-0.229,-0.161,-0.262,0.096,0.134,-0.235,-0.235,-0.041,-0.276,0.0,0.134,0.104,0.03,0.134,0.104,0.03,0.222,-0.084,-2.578,0.076,-2.654,0.163,0.019,0.144,-0.934,-0.08,-0.854,-1.883,0.008,-1.891,-0.141,-0.43,0.294,-0.761,-0.118,-0.118,-3.597,0.0,-0.761,-0.091,-0.67,-0.761,-0.091,-0.67,-2.604,-0.063,-3.321,-0.276,-3.597,2332,1157,1175
1630570,Trendon Watford,2024,-0.465,0.193,-0.658,0.375,0.175,0.2,0.045,-0.024,0.069,-1.078,-0.023,-1.055,0.278,0.247,0.027,-1.218,-0.154,-0.154,-1.405,-1.559,0.0,-1.218,-0.068,-1.15,-1.218,-0.068,-1.15,-2.41,0.118,-1.593,0.03,-1.623,-0.474,0.063,-0.537,-0.37,-0.344,-0.026,-0.779,0.007,-0.786,-0.223,-0.261,0.04,-0.194,-0.03,-0.03,-2.01,-2.04,0.0,-0.194,0.2,-0.394,-0.194,0.2,-0.394,-2.301,-0.314,-2.057,0.223,-2.28,-0.098,0.238,-0.336,-0.325,-0.368,0.043,-1.857,-0.016,-1.841,0.055,-0.014,0.067,-1.412,-0.184,-0.184,-3.599,0.0,-1.412,0.132,-1.544,-1.412,0.132,-1.544,-4.711,-0.196,-1.559,-2.04,-3.599,11903,5949,5954
1629660,Ty Jerome,2024,-1.695,0.106,-1.801,-1.244,-0.179,-1.065,0.174,0.146,0.028,-0.731,-0.004,-0.727,-0.47,-0.273,-0.195,-0.722,0.322,0.322,-2.887,-2.565,0.0,-0.722,0.143,-0.865,-0.722,0.143,-0.865,-0.832,-0.725,-0.635,0.126,-0.761,-0.232,0.131,-0.363,-0.637,0.109,-0.746,0.108,0.012,0.096,-0.319,-0.28,-0.039,0.064,-0.163,-0.163,-0.89,-1.053,0.0,0.064,-0.03,0.094,0.064,-0.03,0.094,0.051,0.275,-2.331,0.232,-2.563,-1.477,-0.049,-1.428,-0.463,0.254,-0.717,-0.623,0.008,-0.631,-0.789,-0.554,-0.234,-0.658,0.159,0.159,-3.618,0.0,-0.658,0.112,-0.77,-0.658,0.112,-0.77,-0.781,-0.45,-2.565,-1.053,-3.618,11135,5576,5559
1629033,Theo Pinson,2024,-4.152,-0.526,-3.626,-1.097,-0.045,-1.052,0.655,0.606,0.049,-3.184,0.005,-3.189,-0.413,-0.46,0.046,0.165,-0.133,-0.133,-4.4,-4.533,0.0,0.165,-0.031,0.196,0.165,-0.031,0.196,-0.028,-0.261,1.214,0.302,0.912,0.173,0.121,0.052,-0.395,0.054,-0.449,1.134,0.015,1.119,0.0,0.026,-0.026,-0.413,0.114,0.114,0.801,0.915,0.0,-0.413,-0.344,-0.069,-0.413,-0.344,-0.069,1.266,0.266,-2.938,-0.224,-2.714,-0.924,0.076,-1.0,0.26,0.66,-0.4,-2.05,0.02,-2.07,-0.413,-0.434,0.021,-0.249,-0.019,-0.019,-3.618,0.0,-0.249,-0.374,0.125,-0.249,-0.374,0.125,1.238,0.006,-4.533,0.915,-3.618,4551,2264,2287
1641765,Olivier-Maxence Prosper,2024,-2.786,-0.182,-2.604,-0.213,0.007,-0.22,-1.025,0.196,-1.221,-1.366,-0.04,-1.326,-0.09,-0.087,0.003,0.071,0.183,0.183,-2.805,-2.622,0.0,0.071,0.202,-0.131,0.071,0.202,-0.131,-2.335,0.058,-0.772,-0.168,-0.604,-0.266,0.071,-0.337,-0.066,-0.034,-0.032,-0.272,0.017,-0.289,-0.049,0.034,-0.083,-0.374,0.194,0.194,-1.195,-1.001,0.0,-0.374,-0.219,-0.155,-0.374,-0.219,-0.155,-0.182,0.079,-3.557,-0.35,-3.207,-0.479,0.079,-0.558,-1.091,0.163,-1.254,-1.637,-0.023,-1.614,-0.139,-0.053,-0.08,-0.303,0.377,0.377,-3.623,0.0,-0.303,-0.017,-0.286,-0.303,-0.017,-0.286,-2.516,0.137,-2.622,-1.001,-3.623,1475,742,733
101128,Francisco Garcia,2024,-2.32,-0.053,-2.267,-0.636,-0.066,-0.57,0.25,0.313,-0.063,-1.881,0.079,-1.96,-0.373,-0.148,-0.222,-0.647,-0.238,-0.238,-3.34,-3.578,0.0,-0.647,-0.028,-0.619,-0.647,-0.028,-0.619,-2.597,-0.315,0.587,0.002,0.585,0.201,-0.032,0.233,0.316,-0.08,0.396,0.068,0.018,0.05,-0.255,-0.261,0.002,-0.096,-0.287,-0.287,0.236,-0.051,0.0,-0.096,-0.145,0.049,-0.096,-0.145,0.049,0.957,0.065,-1.734,-0.051,-1.683,-0.435,-0.098,-0.337,0.566,0.233,0.333,-1.814,0.096,-1.91,-0.628,-0.409,-0.22,-0.743,-0.526,-0.526,-3.629,0.0,-0.743,-0.173,-0.57,-0.743,-0.173,-0.57,-1.64,-0.25,-3.578,-0.051,-3.629,1310,650,660
1629010,Jerome Robinson,2024,-1.035,-0.362,-0.673,-0.502,-0.041,-0.461,-0.993,0.028,-1.021,0.822,-0.033,0.855,-0.24,-0.177,-0.062,0.047,-1.294,-1.294,-1.228,-2.522,0.0,0.047,0.086,-0.039,0.047,0.086,-0.039,-0.635,-0.377,-0.65,0.171,-0.821,0.101,0.15,-0.049,-0.127,0.034,-0.161,-0.795,0.023,-0.818,-0.578,-0.645,0.067,-0.027,0.139,0.139,-1.255,-1.116,-0.0,-0.027,-0.126,0.099,-0.027,-0.126,0.099,1.621,0.477,-1.685,-0.191,-1.494,-0.401,0.109,-0.51,-1.12,0.062,-1.182,0.027,-0.01,0.037,-0.818,-0.822,0.005,0.02,-1.155,-1.155,-3.638,0.0,0.02,-0.04,0.06,0.02,-0.04,0.06,0.985,0.101,-2.522,-1.116,-3.638,7246,3630,3616
1629633,Jarrett Culver,2024,-2.66,0.112,-2.772,-1.838,0.326,-2.164,0.66,0.492,0.168,-1.594,-0.01,-1.584,-0.722,0.018,-0.737,0.463,0.381,0.381,-2.919,-2.538,0.0,0.463,0.394,0.069,0.463,0.394,0.069,-3.661,-0.274,-0.886,-0.162,-0.724,0.102,-0.172,0.274,-0.509,0.021,-0.53,-0.317,0.045,-0.362,-0.144,-0.108,-0.035,0.013,-0.089,-0.089,-1.017,-1.106,0.0,0.013,0.143,-0.13,0.013,0.143,-0.13,0.714,-0.173,-3.546,-0.05,-3.496,-1.736,0.154,-1.89,0.152,0.513,-0.361,-1.912,0.035,-1.947,-0.866,-0.09,-0.772,0.476,0.292,0.292,-3.644,0.0,0.476,0.537,-0.061,0.476,0.537,-0.061,-2.947,-0.446,-2.538,-1.106,-3.644,10662,5330,5332
2217,Brendan Haywood,2024,-2.172,-0.021,-2.151,-0.453,-0.329,-0.124,-0.208,0.033,-0.241,-1.49,-0.001,-1.489,-0.096,-0.013,-0.078,-0.28,-0.361,-0.361,-2.548,-2.909,0.0,-0.28,-0.298,0.018,-0.28,-0.298,0.018,-1.673,-0.463,0.067,0.027,0.04,-0.046,0.065,-0.111,-0.029,-0.038,0.009,0.115,0.013,0.102,-0.016,-0.021,0.001,-0.316,-0.476,-0.476,-0.265,-0.741,0.0,-0.316,-0.122,-0.194,-0.316,-0.122,-0.194,-0.639,-0.015,-2.105,0.006,-2.111,-0.499,-0.264,-0.235,-0.237,-0.005,-0.232,-1.375,0.012,-1.387,-0.112,-0.034,-0.076,-0.595,-0.836,-0.836,-3.65,0.0,-0.595,-0.42,-0.175,-0.595,-0.42,-0.175,-2.311,-0.478,-2.909,-0.741,-3.65,536,269,267
1631338,Mouhamadou Gueye,2024,-2.249,0.116,-2.365,-1.05,-0.13,-0.92,-0.24,0.067,-0.307,-1.075,-0.042,-1.033,-0.148,-0.029,-0.118,-0.452,-0.313,-0.313,-2.849,-3.162,0.0,-0.452,-0.438,-0.014,-0.452,-0.438,-0.014,-2.125,-0.328,-0.092,-0.079,-0.013,-0.109,-0.02,-0.089,-0.044,-0.15,0.106,0.14,0.019,0.121,-0.047,-0.055,0.006,-0.067,-0.321,-0.321,-0.206,-0.527,0.0,-0.067,-0.022,-0.045,-0.067,-0.022,-0.045,-0.524,-0.292,-2.342,0.037,-2.379,-1.16,-0.151,-1.009,-0.283,-0.082,-0.201,-0.936,-0.024,-0.912,-0.194,-0.085,-0.112,-0.519,-0.634,-0.634,-3.689,0.0,-0.519,-0.46,-0.059,-0.519,-0.46,-0.059,-2.648,-0.62,-3.162,-0.527,-3.689,496,247,249
1628427,Vlatko Cancar,2024,-1.366,-0.337,-1.029,0.585,0.019,0.566,-0.467,0.269,-0.736,-1.147,-0.005,-1.142,-0.137,-0.126,-0.013,-0.497,-1.178,-1.178,-2.0,-3.178,0.0,-0.497,0.08,-0.577,-0.497,0.08,-0.577,-0.812,0.435,-0.736,0.182,-0.918,-1.016,-0.037,-0.979,-0.106,-0.126,0.02,0.204,0.003,0.201,-0.09,-0.228,0.139,-0.224,0.523,0.523,-1.05,-0.527,0.0,-0.224,-0.021,-0.203,-0.224,-0.021,-0.203,-0.117,-0.411,-2.1,-0.155,-1.945,-0.431,-0.018,-0.413,-0.571,0.144,-0.715,-0.943,-0.002,-0.941,-0.228,-0.354,0.125,-0.721,-0.655,-0.655,-3.705,0.001,-0.721,0.059,-0.78,-0.721,0.059,-0.78,-0.929,0.024,-3.178,-0.527,-3.704,5927,2959,2968
1628990,Chandler Hutchison,2024,-1.8,0.058,-1.858,-0.699,0.166,-0.865,-0.444,-0.047,-0.397,-0.715,-0.062,-0.653,-0.243,0.232,-0.47,-0.349,-0.48,-0.48,-2.392,-2.872,0.0,-0.349,0.068,-0.417,-0.349,0.068,-0.417,-4.106,-0.538,-0.979,0.124,-1.103,-1.334,-0.028,-1.306,-0.321,-0.081,-0.24,0.552,0.031,0.521,-0.147,-0.206,0.058,0.063,0.223,0.223,-1.063,-0.84,0.0,0.063,-0.113,0.176,0.063,-0.113,0.176,-0.325,-0.411,-2.778,0.182,-2.96,-2.033,0.138,-2.171,-0.764,-0.128,-0.636,-0.163,-0.031,-0.132,-0.39,0.026,-0.412,-0.286,-0.257,-0.257,-3.712,0.0,-0.286,-0.045,-0.241,-0.286,-0.045,-0.241,-4.431,-0.95,-2.872,-0.84,-3.712,7882,3927,3955
200797,Ryan Hollins,2024,-1.826,-0.203,-1.623,0.078,0.007,0.071,-0.904,-0.309,-0.595,-0.797,-0.081,-0.716,-0.427,-0.341,-0.086,-0.594,0.597,0.597,-2.847,-2.25,0.0,-0.594,-0.095,-0.499,-0.594,-0.095,-0.499,-2.168,0.083,-0.992,0.308,-1.3,-0.283,0.167,-0.45,-0.449,0.001,-0.45,-0.568,-0.027,-0.541,-0.075,-0.064,-0.014,-0.697,0.298,0.298,-1.764,-1.466,-0.0,-0.697,-0.4,-0.297,-0.697,-0.4,-0.297,-1.18,0.061,-2.818,0.105,-2.923,-0.205,0.174,-0.379,-1.353,-0.308,-1.045,-1.365,-0.109,-1.256,-0.502,-0.406,-0.1,-1.291,0.895,0.895,-3.716,-0.0,-1.291,-0.495,-0.796,-1.291,-0.495,-0.796,-3.348,0.144,-2.25,-1.466,-3.716,4009,2002,2007
1629234,Drew Eubanks,2024,-2.372,0.249,-2.621,-0.697,-0.138,-0.559,-0.97,-0.614,-0.356,-0.954,-0.055,-0.899,-0.063,-0.094,0.028,-0.768,0.531,0.531,-3.203,-2.672,0.0,-0.768,-0.668,-0.1,-0.768,-0.668,-0.1,-1.36,-0.144,-0.172,-0.02,-0.152,0.669,-0.09,0.759,-0.055,-0.255,0.2,-0.766,-0.005,-0.761,0.216,0.183,0.035,-0.087,-1.004,-1.004,-0.043,-1.047,0.0,-0.087,-0.056,-0.031,-0.087,-0.056,-0.031,-2.236,-0.35,-2.544,0.229,-2.773,-0.028,-0.228,0.2,-1.025,-0.869,-0.156,-1.72,-0.06,-1.66,0.153,0.089,0.063,-0.854,-0.474,-0.474,-3.719,0.0,-0.854,-0.724,-0.13,-0.854,-0.724,-0.13,-3.596,-0.494,-2.672,-1.047,-3.719,20978,10474,10504
203499,Shane Larkin,2024,-2.023,-0.366,-1.657,-0.87,-0.058,-0.812,-1.274,-0.521,-0.753,0.487,-0.062,0.549,-0.042,0.11,-0.151,-1.252,-0.004,-0.004,-3.317,-3.321,0.0,-1.252,-0.281,-0.971,-1.252,-0.281,-0.971,-1.724,-0.497,-1.905,0.111,-2.016,-0.978,-0.297,-0.681,0.13,-0.16,0.29,-1.168,-0.052,-1.116,0.039,0.01,0.024,0.873,0.578,0.578,-0.993,-0.415,0.0,0.873,0.181,0.692,0.873,0.181,0.692,-0.92,-0.532,-3.927,-0.255,-3.672,-1.848,-0.355,-1.493,-1.144,-0.681,-0.463,-0.68,-0.114,-0.566,-0.003,0.12,-0.126,-0.379,0.574,0.574,-3.736,0.0,-0.379,-0.1,-0.279,-0.379,-0.1,-0.279,-2.643,-1.029,-3.321,-0.415,-3.736,16729,8357,8372
1628382,Justin Jackson,2024,-1.816,-0.218,-1.598,-0.741,-0.16,-0.581,-0.148,-0.135,-0.013,-0.709,0.024,-0.733,-0.633,-0.44,-0.192,0.23,-0.44,-0.44,-2.219,-2.659,0.0,0.23,0.105,0.125,0.23,0.105,0.125,0.553,-0.429,-0.961,0.059,-1.02,-0.409,-0.176,-0.233,-0.536,-0.087,-0.449,-0.075,0.003,-0.078,0.264,0.184,0.08,-0.75,0.365,0.365,-1.447,-1.082,0.0,-0.75,-0.377,-0.373,-0.75,-0.377,-0.373,-1.053,-0.575,-2.779,-0.159,-2.62,-1.151,-0.336,-0.815,-0.685,-0.222,-0.463,-0.784,0.027,-0.811,-0.368,-0.256,-0.112,-0.52,-0.075,-0.075,-3.741,-0.0,-0.52,-0.273,-0.247,-0.52,-0.273,-0.247,-0.5,-1.004,-2.659,-1.082,-3.741,19779,9870,9909
203921,Cleanthony Early,2024,-2.405,-0.071,-2.334,-0.957,-0.149,-0.808,-0.648,-0.107,-0.541,-0.729,0.021,-0.75,-0.051,-0.222,0.181,-0.986,-0.191,-0.191,-3.442,-3.633,0.0,-0.986,-0.987,0.001,-0.986,-0.987,0.001,-2.364,-0.613,0.349,0.1,0.249,0.191,0.029,0.162,-0.256,-0.156,-0.1,0.314,-0.046,0.36,-0.184,-0.097,-0.091,-0.436,0.145,0.145,-0.271,-0.126,0.0,-0.436,-0.211,-0.225,-0.436,-0.211,-0.225,-0.251,0.008,-2.056,0.029,-2.085,-0.766,-0.12,-0.646,-0.904,-0.263,-0.641,-0.415,-0.025,-0.39,-0.235,-0.319,0.089,-1.422,-0.045,-0.045,-3.759,0.0,-1.422,-1.199,-0.223,-1.422,-1.199,-0.223,-2.616,-0.605,-3.633,-0.126,-3.759,2884,1439,1445
1630696,Dru Smith,2024,-3.0,0.046,-3.046,-0.531,-0.019,-0.512,-0.88,0.142,-1.022,-1.635,-0.039,-1.596,-0.154,-0.183,0.032,0.076,-0.468,-0.468,-3.078,-3.546,0.0,0.076,0.119,-0.043,0.076,0.119,-0.043,-2.114,-0.018,-0.33,-0.05,-0.28,0.287,0.075,0.212,-0.207,-0.088,-0.119,-0.36,0.017,-0.377,-0.038,-0.156,0.115,0.217,-0.088,-0.088,-0.151,-0.239,0.0,0.217,0.113,0.104,0.217,0.113,0.104,-0.335,0.226,-3.33,-0.004,-3.326,-0.244,0.056,-0.3,-1.087,0.054,-1.141,-1.995,-0.022,-1.973,-0.192,-0.338,0.146,0.293,-0.555,-0.555,-3.785,-0.0,0.293,0.233,0.06,0.293,0.233,0.06,-2.449,0.208,-3.546,-0.239,-3.785,1188,593,595
1628964,Mo Bamba,2024,-3.764,0.143,-3.907,-1.613,-0.323,-1.29,-1.495,-0.26,-1.235,-0.799,-0.002,-0.797,-1.028,-1.08,0.049,-0.404,1.469,1.469,-5.196,-3.727,-0.0,-0.404,-0.38,-0.024,-0.404,-0.38,-0.024,-0.649,-1.108,0.979,-0.198,1.177,0.836,0.164,0.672,0.725,-0.174,0.899,-0.384,-0.005,-0.379,0.243,0.15,0.095,-0.981,-0.304,-0.304,0.241,-0.063,0.0,-0.981,-0.284,-0.697,-0.981,-0.284,-0.697,-2.263,0.331,-2.788,-0.055,-2.733,-0.779,-0.16,-0.619,-0.771,-0.434,-0.337,-1.183,-0.007,-1.176,-0.785,-0.929,0.144,-1.385,1.165,1.165,-3.79,-0.0,-1.385,-0.665,-0.72,-1.385,-0.665,-0.72,-2.912,-0.777,-3.727,-0.063,-3.79,23199,11579,11620
1629635,Sekou Doumbouya,2024,-0.258,0.201,-0.459,-0.151,0.052,-0.203,-0.206,0.179,-0.385,-0.102,-0.018,-0.084,-0.547,-0.031,-0.514,-0.611,-0.337,-0.337,-1.416,-1.753,0.0,-0.611,-0.447,-0.164,-0.611,-0.447,-0.164,-0.054,0.271,-1.447,-0.1,-1.347,-0.694,0.037,-0.731,-0.834,0.047,-0.881,0.181,0.026,0.155,-0.017,-0.055,0.038,-0.241,-0.336,-0.336,-1.705,-2.041,0.0,-0.241,0.145,-0.386,-0.241,0.145,-0.386,-0.618,-0.459,-1.706,0.101,-1.807,-0.846,0.088,-0.934,-1.04,0.226,-1.266,0.079,0.008,0.071,-0.563,-0.086,-0.476,-0.852,-0.673,-0.673,-3.794,-0.0,-0.852,-0.302,-0.55,-0.852,-0.302,-0.55,-0.671,-0.188,-1.753,-2.041,-3.794,6619,3299,3320
203138,Hollis Thompson,2024,-1.05,-0.205,-0.845,-0.649,-0.223,-0.426,-0.917,0.256,-1.173,0.721,0.182,0.539,-0.304,0.293,-0.591,-1.355,-0.08,-0.08,-2.709,-2.789,0.0,-1.355,-0.376,-0.979,-1.355,-0.376,-0.979,-0.28,-1.02,-0.404,0.277,-0.681,-0.983,0.093,-1.076,0.237,0.067,0.17,0.065,-0.005,0.07,-0.496,-0.535,0.034,0.147,-0.259,-0.259,-0.753,-1.012,0.0,0.147,0.02,0.127,0.147,0.02,0.127,0.407,-0.195,-1.454,0.072,-1.526,-1.632,-0.13,-1.502,-0.68,0.323,-1.003,0.786,0.177,0.609,-0.8,-0.242,-0.556,-1.208,-0.339,-0.339,-3.801,0.0,-1.208,-0.356,-0.852,-1.208,-0.356,-0.852,0.127,-1.215,-2.789,-1.012,-3.801,18547,9291,9256
1628499,Antonius Cleveland,2024,-2.75,-0.057,-2.693,-0.994,-0.141,-0.853,-0.155,0.082,-0.237,-1.544,-0.032,-1.512,-0.318,-0.126,-0.192,-0.023,-0.066,-0.066,-3.091,-3.157,0.0,-0.023,-0.179,0.156,-0.023,-0.179,0.156,-1.946,-0.232,-0.488,-0.021,-0.467,0.166,0.021,0.145,0.117,-0.122,0.239,-0.75,0.016,-0.766,-0.057,-0.1,0.04,-0.248,0.145,0.145,-0.793,-0.648,0.0,-0.248,-0.201,-0.047,-0.248,-0.201,-0.047,-0.926,-0.094,-3.239,-0.078,-3.161,-0.828,-0.12,-0.708,-0.039,-0.041,0.002,-2.294,-0.016,-2.278,-0.374,-0.226,-0.152,-0.271,0.079,0.079,-3.805,0.0,-0.271,-0.379,0.108,-0.271,-0.379,0.108,-2.872,-0.326,-3.157,-0.648,-3.805,1045,518,527
1628390,Terrance Ferguson,2024,-1.184,-0.03,-1.154,-0.389,0.013,-0.402,0.009,0.094,-0.085,-0.774,0.002,-0.776,-0.977,-0.7,-0.276,-0.4,0.809,0.809,-2.561,-1.752,-0.0,-0.4,-0.065,-0.335,-0.4,-0.065,-0.335,0.941,-0.125,-1.524,0.084,-1.608,-0.03,-0.01,-0.02,-0.512,-0.137,-0.375,-1.066,0.018,-1.084,-0.339,-0.171,-0.17,-0.274,0.074,0.074,-2.137,-2.063,0.0,-0.274,-0.134,-0.14,-0.274,-0.134,-0.14,-2.025,-0.4,-2.709,0.054,-2.763,-0.419,0.003,-0.422,-0.504,-0.044,-0.46,-1.84,0.02,-1.86,-1.316,-0.871,-0.446,-0.673,0.883,0.883,-3.815,0.001,-0.673,-0.199,-0.474,-0.673,-0.199,-0.474,-1.084,-0.525,-1.752,-2.063,-3.814,17145,8566,8579
203930,Sean Kilpatrick,2024,1.258,-0.053,1.311,0.376,0.141,0.235,0.051,0.381,-0.33,0.884,0.067,0.817,0.368,-0.025,0.391,-0.593,-1.307,-1.307,1.033,-0.274,0.0,-0.593,-0.142,-0.451,-0.593,-0.142,-0.451,-0.517,-0.227,-2.945,-0.08,-2.865,-0.928,-0.172,-0.756,-0.809,-0.237,-0.572,-1.128,-0.007,-1.121,-0.322,-0.26,-0.065,-0.272,-0.014,-0.014,-3.539,-3.553,-0.0,-0.272,0.075,-0.347,-0.272,0.075,-0.347,-2.157,-0.805,-1.69,-0.133,-1.557,-0.553,-0.031,-0.522,-0.759,0.143,-0.902,-0.245,0.06,-0.305,0.045,-0.285,0.327,-0.866,-1.321,-1.321,-3.827,-0.0,-0.866,-0.068,-0.798,-0.866,-0.068,-0.798,-2.673,-1.032,-0.274,-3.553,-3.827,13577,6794,6783
2202,Jason Richardson,2024,-3.663,-0.038,-3.625,-1.458,0.122,-1.58,-0.676,0.333,-1.009,-1.491,0.136,-1.627,-0.655,-0.359,-0.296,0.357,0.47,0.47,-3.961,-3.491,-0.0,0.357,-0.103,0.46,0.357,-0.103,0.46,-1.556,-0.256,-0.113,0.114,-0.227,0.057,-0.052,0.109,-0.551,-0.034,-0.517,0.267,0.012,0.255,0.041,-0.11,0.144,-0.229,-0.042,-0.042,-0.301,-0.343,0.0,-0.229,-0.086,-0.143,-0.229,-0.086,-0.143,0.274,-0.128,-3.774,0.076,-3.85,-1.401,0.07,-1.471,-1.226,0.3,-1.526,-1.223,0.149,-1.372,-0.614,-0.468,-0.151,0.128,0.428,0.428,-3.834,-0.0,0.128,-0.189,0.317,0.128,-0.189,0.317,-1.282,-0.384,-3.491,-0.343,-3.834,2077,1043,1034
1629740,Nicolo Melli,2024,-2.868,0.072,-2.94,-1.409,-0.193,-1.216,-0.583,0.132,-0.715,-0.948,0.036,-0.984,-0.744,-0.579,-0.167,-0.033,0.5,0.5,-3.645,-3.145,0.0,-0.033,0.013,-0.046,-0.033,0.013,-0.046,0.046,-0.775,-0.232,-0.152,-0.08,-0.214,-0.17,-0.044,-0.061,-0.16,0.099,0.195,0.031,0.164,-0.099,-0.248,0.149,-0.11,-0.25,-0.25,-0.441,-0.691,0.0,-0.11,-0.011,-0.099,-0.11,-0.011,-0.099,0.062,-0.489,-3.1,-0.08,-3.02,-1.623,-0.363,-1.26,-0.644,-0.028,-0.616,-0.753,0.067,-0.82,-0.843,-0.827,-0.018,-0.143,0.25,0.25,-3.836,0.0,-0.143,0.002,-0.145,-0.143,0.002,-0.145,0.108,-1.264,-3.145,-0.691,-3.836,6691,3354,3337
1628385,Harry Giles III,2024,-0.807,-0.083,-0.724,-0.119,-0.025,-0.094,-0.019,-0.479,0.46,-0.586,-0.073,-0.513,-0.651,-0.349,-0.3,-0.662,-0.191,-0.191,-2.12,-2.311,0.0,-0.662,-0.062,-0.6,-0.662,-0.062,-0.6,-1.904,0.242,-0.221,0.025,-0.246,-1.363,0.069,-1.432,0.25,-0.345,0.595,0.867,-0.012,0.879,-0.741,-0.656,-0.085,-0.043,-0.521,-0.521,-1.005,-1.526,-0.0,-0.043,0.007,-0.05,-0.043,0.007,-0.05,-0.281,-0.312,-1.03,-0.058,-0.972,-1.482,0.044,-1.526,0.23,-0.824,1.054,0.28,-0.085,0.365,-1.391,-1.005,-0.385,-0.705,-0.712,-0.712,-3.837,-0.0,-0.705,-0.055,-0.65,-0.705,-0.055,-0.65,-2.185,-0.07,-2.311,-1.526,-3.837,8051,3997,4054
1627781,Malachi Richardson,2024,-1.512,0.038,-1.55,-0.634,-0.041,-0.593,-0.703,0.07,-0.773,-0.213,-0.051,-0.162,-0.515,-0.284,-0.234,-0.819,-0.977,-0.977,-2.846,-3.823,0.0,-0.819,0.11,-0.929,-0.819,0.11,-0.929,-2.252,-0.089,-0.29,0.116,-0.406,-0.235,-0.04,-0.195,0.302,-0.172,0.474,-0.473,0.011,-0.484,0.073,-0.061,0.131,0.173,0.025,0.025,-0.044,-0.019,-0.0,0.173,0.136,0.037,0.173,0.136,0.037,-0.403,-0.13,-1.801,0.154,-1.955,-0.869,-0.081,-0.788,-0.401,-0.102,-0.299,-0.685,-0.039,-0.646,-0.442,-0.344,-0.103,-0.646,-0.952,-0.952,-3.842,0.0,-0.646,0.245,-0.891,-0.646,0.245,-0.891,-2.655,-0.219,-3.823,-0.019,-3.842,2467,1223,1244
1626173,Rashad Vaughn,2024,-1.514,-0.466,-1.048,-0.126,-0.157,0.031,-0.722,-0.164,-0.558,-0.2,-0.054,-0.146,-0.08,-0.335,0.256,-0.146,0.039,0.039,-1.74,-1.701,0.0,-0.146,-0.123,-0.023,-0.146,-0.123,-0.023,-1.764,-0.65,-0.793,0.166,-0.959,-0.014,-0.195,0.181,-0.958,-0.251,-0.707,0.013,0.018,-0.005,-0.441,-0.364,-0.079,-0.627,-0.282,-0.282,-1.861,-2.143,0.0,-0.627,-0.098,-0.529,-0.627,-0.098,-0.529,-0.871,-0.225,-2.306,-0.3,-2.006,-0.14,-0.352,0.212,-1.679,-0.415,-1.264,-0.187,-0.036,-0.151,-0.521,-0.699,0.177,-0.773,-0.243,-0.243,-3.844,0.0,-0.773,-0.221,-0.552,-0.773,-0.221,-0.552,-2.635,-0.874,-1.701,-2.143,-3.844,6346,3162,3184
1631241,Javon Freeman-Liberty,2024,-2.343,0.021,-2.364,-0.877,-0.018,-0.859,0.107,0.063,0.044,-1.594,-0.039,-1.555,-0.071,-0.32,0.253,-0.945,0.875,0.875,-3.359,-2.484,0.0,-0.945,-0.667,-0.278,-0.945,-0.667,-0.278,-1.964,-0.309,-1.216,-0.215,-1.001,-0.452,0.014,-0.466,-0.556,-0.187,-0.369,0.007,0.011,-0.004,-0.094,-0.151,0.054,0.349,-0.422,-0.422,-0.961,-1.383,0.0,0.349,0.34,0.009,0.349,0.34,0.009,-1.148,-0.233,-3.557,-0.194,-3.363,-1.328,-0.003,-1.325,-0.448,-0.124,-0.324,-1.587,-0.028,-1.559,-0.165,-0.471,0.308,-0.596,0.454,0.454,-3.867,0.001,-0.596,-0.328,-0.268,-0.596,-0.328,-0.268,-3.112,-0.541,-2.484,-1.383,-3.866,1677,838,839
202349,Greivis Vasquez,2024,-2.809,-0.481,-2.328,-0.793,-0.158,-0.635,-0.279,0.109,-0.388,-1.256,0.196,-1.452,-0.53,-0.562,0.042,0.197,0.908,0.908,-3.142,-2.234,0.0,0.197,0.261,-0.064,0.197,0.261,-0.064,0.838,0.087,-0.277,0.423,-0.7,-0.658,-0.257,-0.401,-0.135,-0.167,0.032,0.093,-0.071,0.164,-0.15,-0.162,0.004,0.289,-1.498,-1.498,-0.138,-1.636,0.0,0.289,0.194,0.095,0.289,0.194,0.095,-1.36,-0.682,-3.085,-0.058,-3.027,-1.451,-0.415,-1.036,-0.413,-0.057,-0.356,-1.163,0.125,-1.288,-0.68,-0.724,0.046,0.486,-0.59,-0.59,-3.87,0.0,0.486,0.456,0.03,0.486,0.456,0.03,-0.522,-0.594,-2.234,-1.636,-3.87,10316,5155,5161
1630222,Mason Jones,2024,-2.587,0.177,-2.764,-0.937,-0.078,-0.859,-0.134,0.312,-0.446,-1.693,-0.011,-1.682,-0.125,0.336,-0.464,-0.632,0.055,0.055,-3.344,-3.289,0.0,-0.632,-0.65,0.018,-0.632,-0.65,0.018,-1.718,-0.254,-0.683,0.117,-0.8,0.106,-0.019,0.125,-0.758,-0.201,-0.557,-0.148,0.024,-0.172,-0.174,-0.213,0.037,0.024,0.246,0.246,-0.833,-0.587,0.0,0.024,0.187,-0.163,0.024,0.187,-0.163,0.508,-0.041,-3.27,0.294,-3.564,-0.831,-0.097,-0.734,-0.892,0.111,-1.003,-1.841,0.013,-1.854,-0.299,0.124,-0.427,-0.609,0.301,0.301,-3.876,-0.001,-0.609,-0.462,-0.147,-0.609,-0.462,-0.147,-1.21,-0.295,-3.289,-0.587,-3.877,1781,888,893
1629599,Amir Coffey,2024,-1.92,-0.102,-1.818,-1.127,-0.115,-1.012,-0.445,-0.172,-0.273,-0.246,-0.042,-0.204,0.127,-0.138,0.259,-0.303,0.277,0.277,-2.096,-1.819,0.0,-0.303,0.146,-0.449,-0.303,0.146,-0.449,-1.559,-0.471,-0.811,0.086,-0.897,-0.502,-0.115,-0.387,0.271,-0.08,0.351,-0.666,0.032,-0.698,-0.02,-0.046,0.029,-0.966,-0.273,-0.273,-1.797,-2.07,0.0,-0.966,-0.379,-0.587,-0.966,-0.379,-0.587,-1.18,-0.563,-2.731,-0.016,-2.715,-1.629,-0.23,-1.399,-0.174,-0.253,0.079,-0.912,-0.01,-0.902,0.107,-0.184,0.288,-1.269,0.004,0.004,-3.889,0.0,-1.269,-0.234,-1.035,-1.269,-0.234,-1.035,-2.739,-1.035,-1.819,-2.07,-3.889,17743,8852,8891
203948,Johnny O'Bryant III,2024,-2.025,-0.249,-1.776,-0.651,-0.137,-0.514,-1.175,-0.528,-0.647,0.05,-0.103,0.153,-0.483,-0.377,-0.102,-0.488,-0.295,-0.295,-2.996,-3.291,0.0,-0.488,-0.208,-0.28,-0.488,-0.208,-0.28,-0.945,-0.649,-0.838,0.172,-1.01,-0.359,-0.128,-0.231,-0.358,-0.118,-0.24,-0.293,-0.006,-0.287,0.009,0.018,-0.013,-0.105,0.337,0.337,-0.934,-0.597,0.0,-0.105,-0.108,0.003,-0.105,-0.108,0.003,-2.023,-0.556,-2.863,-0.077,-2.786,-1.01,-0.265,-0.745,-1.533,-0.646,-0.887,-0.243,-0.109,-0.134,-0.474,-0.359,-0.114,-0.594,0.042,0.042,-3.888,-0.001,-0.594,-0.316,-0.278,-0.594,-0.316,-0.278,-2.968,-1.205,-3.291,-0.597,-3.889,7753,3861,3892
1629637,Jaxson Hayes,2024,-2.043,-0.001,-2.042,0.076,0.112,-0.036,-1.163,-0.044,-1.119,-0.955,-0.04,-0.915,-0.073,0.274,-0.351,-1.107,0.137,0.137,-3.223,-3.086,0.0,-1.107,-1.016,-0.091,-1.107,-1.016,-0.091,-2.857,0.653,-0.817,-0.03,-0.787,-0.646,0.038,-0.684,-0.416,-0.117,-0.299,0.275,0.002,0.273,-0.28,-0.17,-0.109,0.332,-0.04,-0.04,-0.765,-0.805,-0.0,0.332,0.091,0.241,0.332,0.091,0.241,-0.232,-0.218,-2.859,-0.031,-2.828,-0.57,0.15,-0.72,-1.579,-0.161,-1.418,-0.679,-0.038,-0.641,-0.353,0.105,-0.46,-0.775,0.097,0.097,-3.891,0.0,-0.775,-0.924,0.149,-0.775,-0.924,0.149,-3.089,0.435,-3.086,-0.805,-3.891,20969,10469,10500
1630641,Ibou Badji,2024,-2.046,0.233,-2.279,-0.874,-0.151,-0.723,-0.641,-0.084,-0.557,-0.764,-0.046,-0.718,-0.188,-0.095,-0.093,-0.616,-0.078,-0.078,-2.85,-2.928,0.0,-0.616,-0.338,-0.278,-0.616,-0.338,-0.278,-3.042,-0.457,-0.273,-0.066,-0.207,0.15,0.055,0.095,-0.13,-0.14,0.01,-0.227,0.02,-0.247,-0.155,-0.316,0.157,-0.254,-0.288,-0.288,-0.682,-0.97,0.0,-0.254,-0.225,-0.029,-0.254,-0.225,-0.029,-0.311,0.217,-2.319,0.167,-2.486,-0.724,-0.096,-0.628,-0.771,-0.224,-0.547,-0.991,-0.026,-0.965,-0.342,-0.41,0.064,-0.87,-0.365,-0.365,-3.898,-0.0,-0.87,-0.563,-0.307,-0.87,-0.563,-0.307,-3.353,-0.24,-2.928,-0.97,-3.898,933,464,469
2588,Matt Bonner,2024,-1.909,-0.715,-1.194,-0.86,0.042,-0.902,0.324,0.231,0.093,-0.658,0.142,-0.8,-0.41,-0.338,-0.066,-0.044,-0.544,-0.544,-2.363,-2.907,0.0,-0.044,0.111,-0.155,-0.044,0.111,-0.155,-2.391,-0.628,-0.856,0.586,-1.442,-0.207,-0.331,0.124,-0.194,0.02,-0.214,-1.041,0.036,-1.077,-0.038,0.061,-0.107,-0.273,0.172,0.172,-1.167,-0.995,0.0,-0.273,-0.272,-0.001,-0.273,-0.272,-0.001,0.493,0.013,-2.764,-0.129,-2.635,-1.067,-0.289,-0.778,0.131,0.251,-0.12,-1.699,0.178,-1.877,-0.448,-0.276,-0.173,-0.317,-0.372,-0.372,-3.902,0.0,-0.317,-0.162,-0.155,-0.317,-0.162,-0.155,-1.898,-0.615,-2.907,-0.995,-3.902,5499,2765,2734
202390,Gary Neal,2024,-1.651,-0.459,-1.192,-0.314,-0.444,0.13,0.409,-0.473,0.882,-1.287,-0.005,-1.282,0.277,0.156,0.127,0.205,-0.834,-0.834,-1.169,-2.003,0.0,0.205,0.259,-0.054,0.205,0.259,-0.054,-4.739,-1.071,-0.699,0.274,-0.973,-0.225,0.111,-0.336,-0.355,0.013,-0.368,-0.393,-0.047,-0.346,-0.161,-0.224,0.059,-0.329,-0.719,-0.719,-1.189,-1.908,0.0,-0.329,-0.162,-0.167,-0.329,-0.162,-0.167,-0.239,0.262,-2.35,-0.185,-2.165,-0.539,-0.333,-0.206,0.054,-0.46,0.514,-1.68,-0.051,-1.629,0.117,-0.068,0.186,-0.124,-1.553,-1.553,-3.911,0.0,-0.124,0.097,-0.221,-0.124,0.097,-0.221,-4.977,-0.809,-2.003,-1.908,-3.911,7748,3873,3875
1627770,Kay Felder,2024,-1.421,-0.21,-1.211,-0.976,-0.228,-0.748,0.164,-0.066,0.23,-0.399,-0.076,-0.323,-0.242,-0.038,-0.205,-0.295,-1.229,-1.229,-1.958,-3.187,0.0,-0.295,-0.141,-0.154,-0.295,-0.141,-0.154,-1.225,-0.699,-0.679,-0.088,-0.591,-0.083,0.072,-0.155,-0.307,-0.119,-0.188,-0.201,0.006,-0.207,-0.037,-0.097,0.058,-0.04,0.009,0.009,-0.756,-0.747,0.0,-0.04,-0.115,0.075,-0.04,-0.115,0.075,-0.632,0.041,-2.099,-0.298,-1.801,-1.058,-0.155,-0.903,-0.143,-0.184,0.041,-0.6,-0.07,-0.53,-0.279,-0.135,-0.147,-0.334,-1.22,-1.22,-3.934,0.0,-0.334,-0.256,-0.078,-0.334,-0.256,-0.078,-1.857,-0.658,-3.187,-0.747,-3.934,2096,1047,1049
2584,Willie Green,2024,-3.234,-0.379,-2.855,-0.542,-0.061,-0.481,-0.83,-0.071,-0.759,-1.483,0.045,-1.528,-0.328,0.003,-0.32,-0.676,-0.246,-0.246,-4.238,-4.484,0.0,-0.676,-0.495,-0.181,-0.676,-0.495,-0.181,-4.477,-0.789,0.933,0.284,0.649,-0.037,-0.088,0.051,0.399,0.042,0.357,0.287,-0.01,0.297,-0.077,-0.052,-0.032,-0.111,-0.201,-0.201,0.745,0.544,0.0,-0.111,0.131,-0.242,-0.111,0.131,-0.242,0.958,-0.066,-2.302,-0.095,-2.207,-0.58,-0.149,-0.431,-0.431,-0.029,-0.402,-1.196,0.035,-1.231,-0.405,-0.049,-0.351,-0.788,-0.447,-0.447,-3.94,0.0,-0.788,-0.364,-0.424,-0.788,-0.364,-0.424,-3.519,-0.854,-4.484,0.544,-3.94,3642,1824,1818
202498,Lance Thomas,2024,-2.946,-0.146,-2.8,-0.819,-0.165,-0.654,-0.564,-0.521,-0.043,-1.417,-0.071,-1.346,0.199,0.049,0.153,-0.404,-0.387,-0.387,-3.151,-3.538,0.0,-0.404,-0.331,-0.073,-0.404,-0.331,-0.073,-4.171,-0.968,-0.335,0.112,-0.447,-0.452,-0.234,-0.218,-0.476,-0.101,-0.375,0.481,0.012,0.469,-0.28,-0.284,0.001,-0.367,0.572,0.572,-0.982,-0.41,0.0,-0.367,-0.127,-0.24,-0.367,-0.127,-0.24,0.348,-0.488,-3.281,-0.034,-3.247,-1.271,-0.399,-0.872,-1.04,-0.622,-0.418,-0.936,-0.059,-0.877,-0.081,-0.235,0.154,-0.771,0.185,0.185,-3.948,0.0,-0.771,-0.458,-0.313,-0.771,-0.458,-0.313,-3.822,-1.456,-3.538,-0.41,-3.948,24801,12384,12417
1641706,Brandon Miller,2024,-1.684,0.044,-1.728,0.576,-0.27,0.846,-1.193,-0.372,-0.821,-1.111,-0.031,-1.08,0.006,-0.301,0.308,-0.15,-0.38,-0.38,-1.828,-2.208,-0.0,-0.15,-0.1,-0.05,-0.15,-0.1,-0.05,-1.421,-0.595,-1.082,-0.289,-0.793,-0.74,-0.079,-0.661,-0.41,-0.201,-0.209,0.357,0.019,0.338,-0.326,-0.012,-0.315,-0.088,-0.262,-0.262,-1.496,-1.758,0.0,-0.088,0.118,-0.206,-0.088,0.118,-0.206,-1.239,-0.631,-2.764,-0.245,-2.519,-0.164,-0.349,0.185,-1.602,-0.573,-1.029,-0.753,-0.012,-0.741,-0.32,-0.313,-0.007,-0.238,-0.642,-0.642,-3.966,-0.001,-0.238,0.018,-0.256,-0.238,0.018,-0.256,-2.66,-1.226,-2.208,-1.758,-3.967,9636,4822,4814
203094,Andrew Nicholson,2024,-1.321,-0.247,-1.074,-0.314,-0.397,0.083,-0.32,-0.579,0.259,-0.44,-0.044,-0.396,-0.292,-0.231,-0.055,-0.926,-0.559,-0.559,-2.539,-3.098,0.0,-0.926,0.039,-0.965,-0.926,0.039,-0.965,-3.043,-1.452,-0.387,0.347,-0.734,-0.045,0.148,-0.193,0.158,-0.094,0.252,-0.847,-0.06,-0.787,-0.106,-0.061,-0.05,-0.326,-0.059,-0.059,-0.819,-0.878,-0.0,-0.326,-0.028,-0.298,-0.326,-0.028,-0.298,-1.107,0.204,-1.708,0.1,-1.808,-0.359,-0.249,-0.11,-0.162,-0.673,0.511,-1.287,-0.104,-1.183,-0.399,-0.292,-0.105,-1.252,-0.619,-0.619,-3.976,0.0,-1.252,0.011,-1.263,-1.252,0.011,-1.263,-4.15,-1.249,-3.098,-0.878,-3.976,7434,3702,3732
1641721,Maxwell Lewis,2024,-2.265,-0.142,-2.123,-0.571,-0.144,-0.427,-0.344,0.054,-0.398,-1.208,-0.04,-1.168,-0.27,-0.145,-0.123,-0.497,-0.584,-0.584,-3.032,-3.616,0.0,-0.497,-0.158,-0.339,-0.497,-0.158,-0.339,-2.028,-0.343,-0.163,0.147,-0.31,-0.211,0.029,-0.24,-0.164,-0.119,-0.045,0.065,0.022,0.043,-0.035,-0.063,0.024,-0.087,-0.078,-0.078,-0.285,-0.363,0.0,-0.087,-0.089,0.002,-0.087,-0.089,0.002,-0.031,-0.19,-2.429,0.005,-2.434,-0.782,-0.115,-0.667,-0.508,-0.065,-0.443,-1.144,-0.019,-1.125,-0.305,-0.208,-0.099,-0.584,-0.663,-0.663,-3.979,0.0,-0.584,-0.248,-0.336,-0.584,-0.248,-0.336,-2.06,-0.533,-3.616,-0.363,-3.979,453,228,225
1626224,Cedi Osman,2024,0.108,0.02,0.088,0.187,-0.132,0.319,0.066,0.06,0.006,-0.165,-0.014,-0.151,-0.315,-0.214,-0.108,0.064,-0.983,-0.983,-0.143,-1.126,0.0,0.064,0.147,-0.083,0.064,0.147,-0.083,0.731,-0.285,-1.906,-0.11,-1.796,-0.932,-0.015,-0.917,-0.103,-0.091,-0.012,-0.761,0.013,-0.774,-0.328,-0.43,0.102,-0.059,-0.561,-0.561,-2.293,-2.854,0.0,-0.059,-0.248,0.189,-0.059,-0.248,0.189,-0.642,-0.488,-1.799,-0.09,-1.709,-0.746,-0.147,-0.599,-0.037,-0.031,-0.006,-0.926,-0.001,-0.925,-0.643,-0.644,-0.006,0.005,-1.545,-1.545,-3.98,0.0,0.005,-0.101,0.106,0.005,-0.101,0.106,0.09,-0.774,-1.126,-2.854,-3.98,45192,22553,22639
1629713,Justin James,2024,-2.606,-0.195,-2.411,0.129,-0.096,0.225,-0.045,-0.051,0.006,-2.495,-0.051,-2.444,-0.428,0.016,-0.447,-0.017,-0.72,-0.72,-3.051,-3.771,0.0,-0.017,-0.105,0.088,-0.017,-0.105,0.088,-1.27,0.191,-0.715,0.164,-0.879,-0.149,0.006,-0.155,-0.303,-0.082,-0.221,-0.427,0.029,-0.456,-0.05,-0.303,0.251,0.096,0.424,0.424,-0.669,-0.245,0.0,0.096,-0.066,0.162,0.096,-0.066,0.162,0.175,-0.129,-3.322,-0.031,-3.291,-0.02,-0.09,0.07,-0.349,-0.134,-0.215,-2.922,-0.022,-2.9,-0.478,-0.287,-0.196,0.078,-0.296,-0.296,-4.016,0.001,0.078,-0.17,0.248,0.078,-0.17,0.248,-1.095,0.063,-3.771,-0.245,-4.015,2287,1135,1152
1629598,Chris Clemons,2024,-2.508,0.091,-2.599,-0.482,-0.177,-0.305,0.106,0.358,-0.252,-2.223,0.003,-2.226,-0.658,-0.631,-0.032,0.013,-0.079,-0.079,-3.153,-3.232,0.0,0.013,0.032,-0.019,0.013,0.032,-0.019,-1.871,-0.296,-0.178,-0.073,-0.105,-0.597,0.105,-0.702,-0.116,-0.172,0.056,0.608,0.004,0.604,-0.022,-0.012,-0.011,-0.274,-0.315,-0.315,-0.474,-0.789,-0.0,-0.274,-0.074,-0.2,-0.274,-0.074,-0.2,-0.879,-0.317,-2.685,0.018,-2.703,-1.078,-0.071,-1.007,-0.01,0.186,-0.196,-1.615,0.007,-1.622,-0.679,-0.644,-0.044,-0.26,-0.395,-0.395,-4.021,0.0,-0.26,-0.042,-0.218,-0.26,-0.042,-0.218,-2.751,-0.613,-3.232,-0.789,-4.021,1301,650,651
1641718,Keyonte George,2024,-1.598,0.113,-1.711,-1.4,-0.193,-1.207,0.306,0.188,0.118,-0.617,-0.015,-0.602,0.844,0.575,0.265,-1.322,-0.484,-0.484,-2.076,-2.56,0.0,-1.322,-0.405,-0.917,-1.322,-0.405,-0.917,-2.557,-0.312,-1.238,-0.18,-1.058,-0.259,-0.097,-0.162,0.009,-0.221,0.23,-0.808,0.014,-0.822,0.281,0.225,0.057,-0.346,-0.192,-0.192,-1.303,-1.495,-0.0,-0.346,-0.314,-0.032,-0.346,-0.314,-0.032,-2.322,-0.708,-2.837,-0.067,-2.77,-1.66,-0.29,-1.37,0.315,-0.033,0.348,-1.425,-0.001,-1.424,1.124,0.801,0.322,-1.668,-0.676,-0.676,-4.055,0.0,-1.668,-0.719,-0.949,-1.668,-0.719,-0.949,-4.879,-1.02,-2.56,-1.495,-4.055,8371,4178,4193
203459,Allen Crabbe,2024,-0.848,-0.166,-0.682,-0.255,-0.264,0.009,-0.205,0.132,-0.337,-0.222,0.103,-0.325,0.074,0.028,0.049,-0.506,-0.912,-0.912,-1.28,-2.192,0.0,-0.506,-0.075,-0.431,-0.506,-0.075,-0.431,0.8,-0.733,-0.054,0.165,-0.219,0.209,-0.026,0.235,-0.574,0.139,-0.713,0.146,0.074,0.072,-0.716,-0.72,0.001,-0.647,-0.453,-0.453,-1.417,-1.87,0.0,-0.647,-0.315,-0.332,-0.647,-0.315,-0.332,2.564,0.096,-0.903,-0.001,-0.902,-0.047,-0.29,0.243,-0.779,0.271,-1.05,-0.076,0.177,-0.253,-0.642,-0.692,0.05,-1.153,-1.364,-1.364,-4.062,0.0,-1.153,-0.39,-0.763,-1.153,-0.39,-0.763,3.365,-0.637,-2.192,-1.87,-4.062,41294,20713,20581
1629604,CJ Elleby,2024,-2.72,-0.122,-2.598,-1.284,-0.011,-1.273,-0.001,0.262,-0.263,-1.313,0.01,-1.323,-0.06,0.309,-0.363,-0.018,0.419,0.419,-2.798,-2.379,0.0,-0.018,0.079,-0.097,-0.018,0.079,-0.097,-2.109,-0.141,-1.652,-0.152,-1.5,-0.162,0.063,-0.225,-0.738,-0.18,-0.558,-0.6,0.008,-0.608,-0.299,-0.272,-0.026,0.157,0.096,0.096,-1.794,-1.698,-0.0,0.157,-0.027,0.184,0.157,-0.027,0.184,-1.006,0.071,-4.372,-0.274,-4.098,-1.447,0.052,-1.499,-0.738,0.082,-0.82,-1.913,0.018,-1.931,-0.358,0.037,-0.389,0.139,0.516,0.516,-4.077,0.0,0.139,0.052,0.087,0.139,0.052,0.087,-3.115,-0.07,-2.379,-1.698,-4.077,5712,2860,2852
203089,John Henson,2024,-1.996,-0.232,-1.764,-0.94,0.04,-0.98,-0.106,-0.42,0.314,-0.718,-0.064,-0.654,-0.53,-0.306,-0.222,-1.588,0.911,0.911,-4.114,-3.203,0.0,-1.588,-0.935,-0.653,-1.588,-0.935,-0.653,-0.976,-0.113,0.304,0.151,0.153,0.411,-0.305,0.716,0.133,-0.264,0.397,-0.391,-0.025,-0.366,0.033,-0.001,0.03,-0.459,-0.783,-0.783,-0.122,-0.905,0.0,-0.459,-0.144,-0.315,-0.459,-0.144,-0.315,-1.46,-0.491,-1.691,-0.081,-1.61,-0.529,-0.265,-0.264,0.027,-0.684,0.711,-1.108,-0.088,-1.02,-0.497,-0.307,-0.192,-2.047,0.129,0.129,-4.108,0.0,-2.047,-1.078,-0.969,-2.047,-1.078,-0.969,-2.436,-0.604,-3.203,-0.905,-4.108,25561,12769,12792
1630208,Nick Richards,2024,-1.446,-0.078,-1.368,0.083,-0.082,0.165,-0.988,-0.406,-0.582,-0.463,-0.021,-0.442,-0.469,-0.27,-0.204,-1.086,0.24,0.24,-3.001,-2.761,0.0,-1.086,-0.727,-0.359,-1.086,-0.727,-0.359,-3.84,0.193,-1.335,-0.013,-1.322,0.257,-0.063,0.32,-0.53,-0.191,-0.339,-1.049,0.007,-1.056,0.181,0.273,-0.089,-0.53,0.295,0.295,-1.684,-1.389,0.0,-0.53,0.031,-0.561,-0.53,0.031,-0.561,-3.034,-0.473,-2.779,-0.091,-2.688,0.34,-0.145,0.485,-1.517,-0.596,-0.921,-1.511,-0.013,-1.498,-0.288,0.003,-0.293,-1.616,0.535,0.535,-4.15,0.001,-1.616,-0.696,-0.92,-1.616,-0.696,-0.92,-6.873,-0.28,-2.761,-1.389,-4.149,13900,6941,6959
203648,Thanasis Antetokounmpo,2024,0.561,-0.814,1.375,-0.278,0.134,-0.412,0.294,0.164,0.13,1.359,-0.013,1.372,-0.886,-0.23,-0.652,-1.463,-1.288,-1.288,-1.788,-3.076,0.0,-1.463,-0.579,-0.884,-1.463,-0.579,-0.884,-1.311,-0.131,-0.812,0.182,-0.994,-0.354,0.123,-0.477,-0.002,-0.169,0.167,-0.638,0.001,-0.639,-0.32,-0.476,0.157,0.276,-0.233,-0.233,-0.856,-1.089,0.0,0.276,0.214,0.062,0.276,0.214,0.062,-0.196,-0.031,-0.248,-0.632,0.384,-0.631,0.257,-0.888,0.293,-0.005,0.298,0.722,-0.012,0.734,-1.207,-0.707,-0.495,-1.187,-1.52,-1.52,-4.165,0.0,-1.187,-0.365,-0.822,-1.187,-0.365,-0.822,-1.508,-0.162,-3.076,-1.089,-4.165,6699,3326,3373
1628407,Dwayne Bacon,2024,-3.541,-0.147,-3.394,-1.926,-0.118,-1.808,-1.231,-0.384,-0.847,-0.237,-0.058,-0.179,-0.119,-0.046,-0.075,0.84,-0.658,-0.658,-2.82,-3.478,0.0,0.84,0.588,0.252,0.84,0.588,0.252,-4.305,-1.013,-0.576,-0.054,-0.522,-1.142,-0.155,-0.987,0.053,-0.18,0.233,0.567,0.001,0.566,0.104,0.36,-0.256,-0.651,0.435,0.435,-1.123,-0.688,0.0,-0.651,-0.488,-0.163,-0.651,-0.488,-0.163,-1.037,-0.662,-4.119,-0.201,-3.918,-3.069,-0.273,-2.796,-1.178,-0.564,-0.614,0.329,-0.057,0.386,-0.015,0.314,-0.33,0.19,-0.222,-0.222,-4.166,-0.001,0.19,0.1,0.09,0.19,0.1,0.09,-5.342,-1.675,-3.478,-0.688,-4.167,16401,8201,8200
203561,Brandon Davies,2024,-0.657,0.038,-0.695,-0.526,0.097,-0.623,0.139,0.331,-0.192,-0.308,0.038,-0.346,-0.224,0.093,-0.316,-0.77,-0.767,-0.767,-1.651,-2.418,0.0,-0.77,-0.128,-0.642,-0.77,-0.128,-0.642,-0.571,-0.283,-1.518,0.081,-1.599,-0.381,-0.067,-0.314,-0.732,-0.221,-0.511,-0.486,-0.01,-0.476,-0.317,-0.247,-0.074,0.361,-0.28,-0.28,-1.474,-1.754,0.0,0.361,0.15,0.211,0.361,0.15,0.211,-1.326,-0.183,-2.175,0.119,-2.294,-0.907,0.03,-0.937,-0.593,0.11,-0.703,-0.794,0.028,-0.822,-0.542,-0.154,-0.391,-0.409,-1.047,-1.047,-4.172,0.001,-0.409,0.022,-0.431,-0.409,0.022,-0.431,-1.898,-0.467,-2.418,-1.754,-4.171,1492,747,745
1629620,Justin Robinson,2024,-1.884,0.03,-1.914,-0.262,-0.32,0.058,-1.025,0.11,-1.135,-0.627,-0.023,-0.604,-0.263,0.142,-0.406,-0.448,-0.571,-0.571,-2.595,-3.166,-0.0,-0.448,0.1,-0.548,-0.448,0.1,-0.548,-0.828,-0.607,-0.416,-0.069,-0.347,-0.201,0.056,-0.257,-0.122,-0.085,-0.037,-0.024,0.018,-0.042,-0.119,-0.161,0.041,0.008,-0.483,-0.483,-0.527,-1.01,-0.0,0.008,-0.281,0.289,0.008,-0.281,0.289,-0.163,0.095,-2.3,-0.039,-2.261,-0.462,-0.264,-0.198,-1.148,0.025,-1.173,-0.651,-0.005,-0.646,-0.382,-0.019,-0.366,-0.44,-1.053,-1.053,-4.176,-0.0,-0.44,-0.181,-0.259,-0.44,-0.181,-0.259,-0.991,-0.512,-3.166,-1.01,-4.176,1837,923,914
1629662,Mfiondu Kabengele,2024,-1.992,-0.192,-1.8,-0.643,-0.142,-0.501,-0.161,0.041,-0.202,-0.996,-0.017,-0.979,-0.617,-0.464,-0.158,-0.859,0.114,0.114,-3.468,-3.354,0.0,-0.859,-0.288,-0.571,-0.859,-0.288,-0.571,-0.165,-0.446,-0.314,-0.076,-0.238,-0.043,0.026,-0.069,-0.208,-0.106,-0.102,0.013,0.025,-0.012,-0.27,-0.325,0.052,-0.228,-0.02,-0.02,-0.812,-0.832,0.0,-0.228,-0.062,-0.166,-0.228,-0.062,-0.166,-0.361,-0.252,-2.307,-0.268,-2.039,-0.686,-0.116,-0.57,-0.37,-0.066,-0.304,-0.983,0.008,-0.991,-0.887,-0.789,-0.107,-1.087,0.094,0.094,-4.186,0.0,-1.087,-0.35,-0.737,-1.087,-0.35,-0.737,-0.526,-0.698,-3.354,-0.832,-4.186,1583,790,793
1631098,Johnny Davis,2024,-3.457,0.101,-3.558,-1.021,0.042,-1.063,-0.878,-0.023,-0.855,-1.659,-0.022,-1.637,-0.744,-0.501,-0.248,0.394,-0.058,-0.058,-3.807,-3.865,-0.0,0.394,0.713,-0.319,0.394,0.713,-0.319,-3.164,-0.531,-0.166,0.133,-0.299,-0.706,-0.08,-0.626,-0.176,-0.142,-0.034,0.583,0.017,0.566,-0.29,-0.473,0.184,0.002,0.129,0.129,-0.454,-0.325,-0.0,0.002,-0.295,0.297,0.002,-0.295,0.297,0.715,-0.609,-3.623,0.234,-3.857,-1.727,-0.038,-1.689,-1.054,-0.165,-0.889,-1.076,-0.005,-1.071,-1.034,-0.974,-0.064,0.396,0.071,0.071,-4.19,-0.0,0.396,0.418,-0.022,0.396,0.418,-0.022,-2.448,-1.14,-3.865,-0.325,-4.19,4339,2163,2176
203498,Shabazz Muhammad,2024,-2.813,-0.286,-2.527,-0.037,0.146,-0.183,-0.814,-0.156,-0.658,-1.676,-0.071,-1.605,0.517,0.409,0.115,-0.584,1.043,1.043,-2.88,-1.837,0.0,-0.584,-0.048,-0.536,-0.584,-0.048,-0.536,-2.54,0.401,-1.244,0.229,-1.473,-0.891,-0.207,-0.684,-0.925,-0.165,-0.76,0.343,-0.031,0.374,-0.13,-0.08,-0.054,-0.11,-0.882,-0.882,-1.484,-2.366,0.0,-0.11,-0.045,-0.065,-0.11,-0.045,-0.065,-0.128,-0.387,-4.059,-0.057,-4.002,-0.928,-0.061,-0.867,-1.74,-0.322,-1.418,-1.334,-0.102,-1.232,0.387,0.329,0.061,-0.694,0.161,0.161,-4.203,0.001,-0.694,-0.092,-0.602,-0.694,-0.092,-0.602,-2.667,0.014,-1.837,-2.366,-4.202,19117,9507,9610
101122,Danny Granger,2024,-1.947,-0.072,-1.875,-0.944,-0.367,-0.577,-0.288,-0.111,-0.177,-0.643,0.015,-0.658,-0.116,0.251,-0.363,-0.455,0.042,0.042,-2.518,-2.476,0.0,-0.455,-0.335,-0.12,-0.455,-0.335,-0.12,-1.46,-0.719,-0.934,0.063,-0.997,0.234,0.019,0.215,-0.566,-0.038,-0.528,-0.665,-0.022,-0.643,-0.032,-0.047,0.01,-0.442,-0.339,-0.339,-1.408,-1.747,0.0,-0.442,-0.315,-0.127,-0.442,-0.315,-0.127,-0.556,-0.025,-2.882,-0.009,-2.873,-0.71,-0.348,-0.362,-0.854,-0.149,-0.705,-1.309,-0.007,-1.302,-0.148,0.205,-0.353,-0.897,-0.297,-0.297,-4.223,0.001,-0.897,-0.65,-0.247,-0.897,-0.65,-0.247,-2.016,-0.744,-2.476,-1.747,-4.222,2181,1089,1092
1629022,Lonnie Walker IV,2024,-0.158,0.027,-0.185,-0.293,0.085,-0.378,0.169,0.181,-0.012,-0.061,-0.014,-0.047,-0.395,-0.181,-0.217,0.322,-1.572,-1.572,-0.231,-1.803,0.0,0.322,0.418,-0.096,0.322,0.418,-0.096,-0.591,0.061,-0.878,-0.173,-0.705,-0.176,-0.077,-0.099,-0.823,-0.17,-0.653,0.294,0.017,0.277,0.0,-0.096,0.098,-0.692,-0.861,-0.861,-1.57,-2.431,0.0,-0.692,-0.31,-0.382,-0.692,-0.31,-0.382,-0.91,-0.587,-1.037,-0.146,-0.891,-0.468,0.008,-0.476,-0.656,0.01,-0.666,0.233,0.003,0.23,-0.395,-0.277,-0.118,-0.37,-2.432,-2.432,-4.234,0.0,-0.37,0.107,-0.477,-0.37,0.107,-0.477,-1.501,-0.526,-1.803,-2.431,-4.234,27985,13986,13999
1630526,Jeremiah Robinson-Earl,2024,-3.27,-0.011,-3.259,-0.897,0.144,-1.041,-0.568,0.25,-0.818,-1.794,-0.012,-1.782,-0.552,-0.444,-0.109,-0.484,1.101,1.101,-4.306,-3.205,0.0,-0.484,-0.424,-0.06,-0.484,-0.424,-0.06,-2.071,-0.59,-0.649,0.106,-0.755,0.466,-0.001,0.467,-0.549,-0.155,-0.394,-0.672,0.015,-0.687,0.237,0.231,0.007,-0.653,0.022,0.022,-1.065,-1.043,0.0,-0.653,0.018,-0.671,-0.653,0.018,-0.671,-1.3,0.098,-3.92,0.095,-4.015,-0.431,0.143,-0.574,-1.118,0.095,-1.213,-2.466,0.003,-2.469,-0.316,-0.213,-0.102,-1.137,1.122,1.122,-4.248,0.0,-1.137,-0.405,-0.732,-1.137,-0.405,-0.732,-3.371,-0.492,-3.205,-1.043,-4.248,9287,4647,4640
2742,Sebastian Telfair,2024,-2.324,0.134,-2.458,-0.646,-0.307,-0.339,-0.576,0.11,-0.686,-1.236,0.039,-1.275,-0.18,0.162,-0.339,-0.877,-0.875,-0.875,-3.381,-4.256,0.0,-0.877,-0.118,-0.759,-0.877,-0.118,-0.759,-1.542,-0.42,0.146,0.122,0.024,-0.536,0.038,-0.574,-0.207,-0.153,-0.054,0.767,-0.012,0.779,-0.376,-0.279,-0.102,0.219,0.01,0.01,-0.011,-0.001,0.0,0.219,-0.234,0.453,0.219,-0.234,0.453,0.802,0.037,-2.178,0.256,-2.434,-1.182,-0.269,-0.913,-0.783,-0.043,-0.74,-0.469,0.027,-0.496,-0.556,-0.117,-0.441,-0.658,-0.865,-0.865,-4.257,0.0,-0.658,-0.353,-0.305,-0.658,-0.353,-0.305,-0.741,-0.383,-4.256,-0.001,-4.257,1294,645,649
1627748,Thon Maker,2024,-1.865,0.033,-1.898,-1.044,-0.275,-0.769,0.767,-0.14,0.907,-1.621,0.002,-1.623,0.055,-0.114,0.17,0.212,-0.478,-0.478,-1.598,-2.076,0.0,0.212,-0.167,0.379,0.212,-0.167,0.379,-0.791,-0.589,-2.154,0.121,-2.275,-0.775,-0.134,-0.641,-0.782,-0.135,-0.647,-0.718,0.028,-0.746,-0.255,-0.251,-0.004,0.692,-0.476,-0.476,-1.717,-2.193,-0.0,0.692,0.608,0.084,0.692,0.608,0.084,-1.914,-0.828,-4.019,0.154,-4.173,-1.819,-0.409,-1.41,-0.015,-0.275,0.26,-2.339,0.03,-2.369,-0.199,-0.366,0.166,0.904,-0.954,-0.954,-4.269,0.001,0.904,0.441,0.463,0.904,0.441,0.463,-2.705,-1.418,-2.076,-2.193,-4.268,15885,7913,7972
202362,Lance Stephenson,2024,-1.343,-0.258,-1.085,0.355,0.077,0.278,-0.928,-0.351,-0.577,-0.512,-0.049,-0.463,-0.541,-0.377,-0.162,0.181,-0.351,-0.351,-1.703,-2.054,0.0,0.181,0.426,-0.245,0.181,0.426,-0.245,-3.204,-0.198,-1.624,0.226,-1.85,-0.67,-0.057,-0.613,-0.874,-0.136,-0.738,-0.306,-0.015,-0.291,-0.395,-0.384,-0.011,-0.152,-0.047,-0.047,-2.171,-2.218,0.0,-0.152,-0.369,0.217,-0.152,-0.369,0.217,-0.502,-0.252,-2.967,-0.032,-2.935,-0.315,0.019,-0.334,-1.802,-0.487,-1.315,-0.818,-0.064,-0.754,-0.936,-0.761,-0.173,0.029,-0.398,-0.398,-4.272,0.001,0.029,0.058,-0.029,0.029,0.058,-0.029,-3.706,-0.45,-2.054,-2.218,-4.271,30371,15175,15196
1626144,Emmanuel Mudiay,2024,-0.878,0.081,-0.959,-0.31,0.367,-0.677,-0.224,0.117,-0.341,-0.425,-0.067,-0.358,0.163,0.348,-0.181,-0.911,-0.177,-0.177,-1.626,-1.803,0.0,-0.911,-0.198,-0.713,-0.911,-0.198,-0.713,-2.263,-0.112,-1.543,-0.111,-1.432,-0.241,-0.177,-0.064,-0.2,-0.055,-0.145,-0.991,0.007,-0.998,-0.271,-0.042,-0.226,-0.643,-0.016,-0.016,-2.457,-2.473,0.0,-0.643,-0.372,-0.271,-0.643,-0.372,-0.271,-2.047,-0.661,-2.421,-0.03,-2.391,-0.551,0.189,-0.74,-0.424,0.062,-0.486,-1.416,-0.06,-1.356,-0.107,0.306,-0.407,-1.554,-0.193,-0.193,-4.276,-0.001,-1.554,-0.57,-0.984,-1.554,-0.57,-0.984,-4.309,-0.773,-1.803,-2.473,-4.277,29848,14907,14941
2732,Ben Gordon,2024,-2.161,-0.294,-1.867,-1.39,-0.227,-1.163,-0.238,-0.123,-0.115,-0.239,0.021,-0.26,-0.292,-0.121,-0.163,-0.566,-0.948,-0.948,-3.019,-3.967,-0.0,-0.566,-0.126,-0.44,-0.566,-0.126,-0.44,-3.872,-1.192,-0.455,0.154,-0.609,-0.731,-0.154,-0.577,-0.09,-0.11,0.02,0.212,0.015,0.197,-0.262,-0.266,-0.001,-0.021,0.376,0.376,-0.738,-0.362,0.0,-0.021,-0.217,0.196,-0.021,-0.217,0.196,0.209,-0.503,-2.615,-0.14,-2.475,-2.121,-0.381,-1.74,-0.327,-0.233,-0.094,-0.027,0.037,-0.064,-0.554,-0.388,-0.165,-0.587,-0.572,-0.572,-4.329,0.0,-0.587,-0.343,-0.244,-0.587,-0.343,-0.244,-3.663,-1.695,-3.967,-0.362,-4.329,2247,1122,1125
203120,Justin Hamilton,2024,-2.167,-0.366,-1.801,-0.604,-0.192,-0.412,0.662,0.163,0.499,-1.859,0.092,-1.951,0.229,0.131,0.103,-1.114,-0.47,-0.47,-3.052,-3.522,-0.0,-1.114,-0.766,-0.348,-1.114,-0.766,-0.348,-1.667,-0.503,-0.225,0.262,-0.487,-0.068,-0.048,-0.02,-0.058,-0.123,0.065,-0.361,-0.036,-0.325,0.146,0.129,0.012,0.305,-1.064,-1.064,0.226,-0.838,0.0,0.305,0.219,0.086,0.305,0.219,0.086,-0.417,0.026,-2.393,-0.104,-2.289,-0.672,-0.24,-0.432,0.603,0.039,0.564,-2.22,0.056,-2.276,0.374,0.26,0.115,-0.809,-1.534,-1.534,-4.36,-0.0,-0.809,-0.547,-0.262,-0.809,-0.547,-0.262,-2.084,-0.477,-3.522,-0.838,-4.36,8156,4076,4080
2755,Kevin Martin,2024,-2.082,-0.331,-1.751,-1.22,-0.549,-0.671,-0.722,-0.622,-0.1,0.191,-0.063,0.254,0.843,0.342,0.503,-0.705,-0.568,-0.568,-1.944,-2.512,0.0,-0.705,0.311,-1.016,-0.705,0.311,-1.016,-3.946,-1.459,-1.179,0.34,-1.519,-0.748,-0.196,-0.552,-0.06,0.069,-0.129,-0.711,0.01,-0.721,-0.009,-0.112,0.099,-0.087,-0.574,-0.574,-1.275,-1.849,-0.0,-0.087,-0.181,0.094,-0.087,-0.181,0.094,-0.466,-0.328,-3.263,0.009,-3.272,-1.969,-0.746,-1.223,-0.783,-0.554,-0.229,-0.52,-0.053,-0.467,0.834,0.23,0.602,-0.792,-1.143,-1.143,-4.361,0.0,-0.792,0.13,-0.922,-0.792,0.13,-0.922,-4.412,-1.787,-2.512,-1.849,-4.361,9481,4731,4750
101126,Nate Robinson,2024,-3.185,-0.534,-2.651,-1.014,-0.366,-0.648,-0.688,-0.101,-0.587,-0.949,0.077,-1.026,-0.4,-0.138,-0.254,-0.596,0.011,0.011,-4.181,-4.17,0.0,-0.596,-0.292,-0.304,-0.596,-0.292,-0.304,-1.808,-0.795,0.445,0.152,0.293,1.063,0.166,0.897,0.103,-0.067,0.17,-0.873,-0.037,-0.836,-0.291,-0.319,0.023,0.188,-0.539,-0.539,0.342,-0.197,0.0,0.188,-0.077,0.265,0.188,-0.077,0.265,0.45,0.692,-2.74,-0.382,-2.358,0.049,-0.2,0.249,-0.585,-0.168,-0.417,-1.822,0.04,-1.862,-0.691,-0.457,-0.231,-0.408,-0.528,-0.528,-4.367,0.0,-0.408,-0.369,-0.039,-0.408,-0.369,-0.039,-1.358,-0.103,-4.17,-0.197,-4.367,2601,1283,1318
1631121,Bryce McGowens,2024,-2.628,-0.087,-2.541,-0.618,0.144,-0.762,-0.618,-0.033,-0.585,-1.305,-0.019,-1.286,0.004,0.143,-0.138,-0.362,-0.729,-0.729,-2.986,-3.715,0.0,-0.362,-0.159,-0.203,-0.362,-0.159,-0.203,-2.673,0.072,-0.572,0.003,-0.575,0.885,-0.022,0.907,-0.165,0.021,-0.186,-1.295,0.014,-1.309,0.003,0.095,-0.092,-0.028,-0.067,-0.067,-0.597,-0.664,-0.0,-0.028,-0.208,0.18,-0.028,-0.208,0.18,-0.453,0.267,-3.2,-0.084,-3.116,0.267,0.122,0.145,-0.783,-0.012,-0.771,-2.6,-0.005,-2.595,0.007,0.238,-0.23,-0.39,-0.795,-0.795,-4.379,0.0,-0.39,-0.367,-0.023,-0.39,-0.367,-0.023,-3.126,0.339,-3.715,-0.664,-4.379,6858,3432,3426
1627362,Briante Weber,2024,-2.742,-0.177,-2.565,-0.556,-0.003,-0.553,-0.965,-0.063,-0.902,-1.044,-0.064,-0.98,-0.21,-0.298,0.091,0.404,0.622,0.622,-2.548,-1.926,0.0,0.404,-0.072,0.476,0.404,-0.072,0.476,-1.326,0.138,-2.283,0.009,-2.292,-0.471,-0.015,-0.456,-0.944,-0.253,-0.691,-0.877,-0.003,-0.874,-0.24,-0.277,0.034,-0.158,0.213,0.213,-2.681,-2.468,-0.0,-0.158,-0.025,-0.133,-0.158,-0.025,-0.133,-1.917,-0.321,-5.024,-0.168,-4.856,-1.027,-0.018,-1.009,-1.908,-0.315,-1.593,-1.921,-0.067,-1.854,-0.45,-0.575,0.125,0.246,0.836,0.836,-4.394,0.0,0.246,-0.096,0.342,0.246,-0.096,0.342,-3.244,-0.183,-1.926,-2.468,-4.394,2379,1183,1196
1629016,Omari Spellman,2024,-2.521,0.183,-2.704,-1.351,-0.066,-1.285,-0.876,0.011,-0.887,-0.477,-0.009,-0.468,0.353,0.224,0.127,-0.601,0.039,0.039,-2.769,-2.73,0.0,-0.601,-0.4,-0.201,-0.601,-0.4,-0.201,-1.995,-0.785,-1.724,-0.078,-1.646,-0.031,-0.109,0.078,-0.81,-0.195,-0.615,-0.805,0.003,-0.808,0.296,0.411,-0.116,-0.108,-0.139,-0.139,-1.536,-1.675,0.0,-0.108,-0.08,-0.028,-0.108,-0.08,-0.028,-2.192,-0.529,-4.243,0.105,-4.348,-1.38,-0.174,-1.206,-1.686,-0.184,-1.502,-1.282,-0.006,-1.276,0.649,0.635,0.011,-0.709,-0.1,-0.1,-4.405,0.0,-0.709,-0.481,-0.228,-0.709,-0.481,-0.228,-4.188,-1.313,-2.73,-1.675,-4.405,6838,3435,3403
1629672,Eric Paschall,2024,-0.594,-0.005,-0.589,-0.29,0.102,-0.392,0.589,0.041,0.548,-0.888,-0.029,-0.859,0.147,-0.059,0.202,-0.389,-0.797,-0.797,-0.836,-1.633,0.0,-0.389,-0.112,-0.277,-0.389,-0.112,-0.277,-0.336,0.268,-2.07,0.047,-2.117,-0.638,-0.088,-0.55,0.203,-0.104,0.307,-1.682,0.018,-1.7,-0.079,0.019,-0.097,-0.172,-0.468,-0.468,-2.321,-2.789,0.0,-0.172,-0.214,0.042,-0.172,-0.214,0.042,-2.216,-0.502,-2.665,0.042,-2.707,-0.928,0.014,-0.942,0.792,-0.063,0.855,-2.571,-0.011,-2.56,0.069,-0.04,0.105,-0.56,-1.265,-1.265,-4.422,0.0,-0.56,-0.326,-0.234,-0.56,-0.326,-0.234,-2.552,-0.234,-1.633,-2.789,-4.422,12830,6399,6431
1628367,Josh Jackson,2024,-1.874,0.203,-2.077,-0.439,0.289,-0.728,-0.063,0.127,-0.19,-1.575,-0.062,-1.513,0.018,0.351,-0.333,-0.983,-0.494,-0.494,-2.839,-3.333,0.0,-0.983,-0.421,-0.562,-0.983,-0.421,-0.562,-2.8,0.773,-0.849,-0.195,-0.654,-0.118,-0.078,-0.04,-0.423,-0.041,-0.382,-0.113,0.012,-0.125,-0.248,-0.149,-0.097,0.126,-0.129,-0.129,-0.971,-1.1,0.0,0.126,-0.104,0.23,0.126,-0.104,0.23,-0.826,-0.256,-2.721,0.008,-2.729,-0.556,0.211,-0.767,-0.486,0.086,-0.572,-1.687,-0.05,-1.637,-0.23,0.202,-0.43,-0.857,-0.623,-0.623,-4.433,0.0,-0.857,-0.525,-0.332,-0.857,-0.525,-0.332,-3.626,0.517,-3.333,-1.1,-4.433,27770,13854,13916
1626188,Quinn Cook,2024,-1.67,-0.121,-1.549,-0.531,-0.402,-0.129,0.228,-0.695,0.923,-1.246,-0.061,-1.185,-0.344,-0.358,0.014,0.73,-0.875,-0.875,-1.284,-2.159,0.0,0.73,0.369,0.361,0.73,0.369,0.361,-1.973,-0.904,-2.281,0.137,-2.418,-0.968,-0.099,-0.869,-0.277,0.013,-0.29,-1.173,0.028,-1.201,0.067,0.013,0.054,-0.013,-0.046,-0.046,-2.227,-2.273,-0.0,-0.013,-0.113,0.1,-0.013,-0.113,0.1,-2.286,-0.645,-3.953,0.016,-3.969,-1.499,-0.501,-0.998,-0.05,-0.682,0.632,-2.42,-0.034,-2.386,-0.277,-0.345,0.067,0.717,-0.921,-0.921,-4.432,-0.001,0.717,0.256,0.461,0.717,0.256,0.461,-4.258,-1.549,-2.159,-2.273,-4.433,13502,6763,6739
1628470,Torrey Craig,2024,-2.975,-0.047,-2.928,-0.808,-0.185,-0.623,-1.179,-0.15,-1.029,-0.941,0.002,-0.943,-0.323,-0.254,-0.071,0.528,1.492,1.492,-2.77,-1.278,0.0,0.528,0.35,0.178,0.528,0.35,0.178,-0.168,-0.197,-1.969,-0.081,-1.888,-0.488,-0.03,-0.458,-0.407,-0.283,-0.124,-0.993,-0.005,-0.988,-0.357,-0.581,0.225,-0.692,-0.138,-0.138,-3.018,-3.156,-0.0,-0.692,-0.434,-0.258,-0.692,-0.434,-0.258,-1.748,-0.297,-4.944,-0.128,-4.816,-1.296,-0.215,-1.081,-1.586,-0.433,-1.153,-1.934,-0.003,-1.931,-0.679,-0.835,0.153,-0.164,1.354,1.354,-4.434,-0.0,-0.164,-0.084,-0.08,-0.164,-0.084,-0.08,-1.917,-0.495,-1.278,-3.156,-4.434,40225,19972,20253
1629650,Moses Brown,2024,-3.314,-0.115,-3.199,-0.745,0.017,-0.762,-1.931,-0.227,-1.704,-0.523,-0.051,-0.472,-0.702,0.413,-1.106,-1.015,2.109,2.109,-5.031,-2.922,-0.0,-1.015,-0.194,-0.821,-1.015,-0.194,-0.821,-4.933,-0.06,-1.018,-0.029,-0.989,0.348,0.245,0.103,-0.304,0.068,-0.372,-1.033,-0.001,-1.032,0.026,0.058,-0.031,-1.312,0.782,0.782,-2.304,-1.522,0.0,-1.312,-0.692,-0.62,-1.312,-0.692,-0.62,-1.8,0.5,-4.332,-0.144,-4.188,-0.398,0.261,-0.659,-2.234,-0.159,-2.075,-1.556,-0.052,-1.504,-0.676,0.471,-1.138,-2.326,2.892,2.892,-4.444,0.0,-2.326,-0.886,-1.44,-2.326,-0.886,-1.44,-6.733,0.44,-2.922,-1.522,-4.444,7427,3716,3711
1629643,Chuma Okeke,2024,-3.613,0.051,-3.664,-1.099,-0.152,-0.947,-0.841,0.224,-1.065,-1.724,-0.012,-1.712,-0.126,0.07,-0.202,0.071,-0.534,-0.534,-3.668,-4.202,0.0,0.071,0.027,0.044,0.071,0.027,0.044,-1.436,-0.72,-0.308,-0.074,-0.234,-0.275,0.012,-0.287,-0.401,-0.086,-0.315,0.442,0.017,0.425,-0.06,0.101,-0.157,-0.409,0.513,0.513,-0.777,-0.264,-0.0,-0.409,0.074,-0.483,-0.409,0.074,-0.483,1.025,0.071,-3.921,-0.023,-3.898,-1.374,-0.14,-1.234,-1.243,0.138,-1.381,-1.281,0.005,-1.286,-0.186,0.171,-0.359,-0.338,-0.021,-0.021,-4.466,0.0,-0.338,0.101,-0.439,-0.338,0.101,-0.439,-0.411,-0.649,-4.202,-0.264,-4.466,15753,7880,7873
1630201,Malachi Flynn,2024,-3.517,0.068,-3.585,-1.236,-0.034,-1.202,-1.033,0.208,-1.241,-1.316,-0.0,-1.316,-0.236,0.1,-0.337,0.555,0.344,0.344,-3.198,-2.854,0.0,0.555,0.73,-0.175,0.555,0.73,-0.175,-1.387,-0.901,-1.016,0.03,-1.046,-0.086,0.054,-0.14,-0.153,-0.005,-0.148,-0.807,0.005,-0.812,-0.116,-0.082,-0.032,-0.087,-0.394,-0.394,-1.219,-1.613,0.0,-0.087,0.133,-0.22,-0.087,0.133,-0.22,-0.749,-0.031,-4.532,0.098,-4.63,-1.321,0.021,-1.342,-1.186,0.203,-1.389,-2.123,0.005,-2.128,-0.353,0.018,-0.369,0.468,-0.05,-0.05,-4.467,0.0,0.468,0.864,-0.396,0.468,0.864,-0.396,-2.137,-0.932,-2.854,-1.613,-4.467,12472,6234,6238
1630285,Zavier Simpson,2024,-2.249,0.104,-2.353,-0.599,0.091,-0.69,-1.056,0.007,-1.063,-0.698,-0.027,-0.671,-0.552,-0.314,-0.241,0.099,-0.267,-0.267,-2.702,-2.969,0.0,0.099,0.064,0.035,0.099,0.064,0.035,-2.068,-0.2,-1.328,-0.16,-1.168,-0.492,0.042,-0.534,-0.502,-0.069,-0.433,-0.174,0.014,-0.188,-0.198,-0.18,-0.019,0.025,-0.039,-0.039,-1.501,-1.54,0.0,0.025,0.095,-0.07,0.025,0.095,-0.07,-0.981,-0.156,-3.575,-0.056,-3.519,-1.09,0.134,-1.224,-1.558,-0.062,-1.496,-0.871,-0.013,-0.858,-0.75,-0.494,-0.26,0.124,-0.306,-0.306,-4.509,0.001,0.124,0.159,-0.035,0.124,0.159,-0.035,-3.049,-0.355,-2.969,-1.54,-4.508,1360,682,678
1631104,Blake Wesley,2024,-1.794,0.134,-1.928,-0.44,0.125,-0.565,-0.454,0.195,-0.649,-1.034,-0.017,-1.017,-0.617,-0.14,-0.479,-0.06,-1.017,-1.017,-2.471,-3.488,0.0,-0.06,-0.692,0.632,-0.06,-0.692,0.632,0.746,0.524,-0.204,0.15,-0.354,0.203,-0.008,0.211,-0.499,-0.13,-0.369,-0.058,0.02,-0.078,-0.264,-0.248,-0.017,-0.541,-0.014,-0.014,-1.009,-1.023,0.0,-0.541,-0.371,-0.17,-0.541,-0.371,-0.17,0.969,0.123,-1.998,0.284,-2.282,-0.238,0.117,-0.355,-0.952,0.066,-1.018,-1.092,0.003,-1.095,-0.882,-0.388,-0.495,-0.601,-1.031,-1.031,-4.511,0.0,-0.601,-1.063,0.462,-0.601,-1.063,0.462,1.716,0.647,-3.488,-1.023,-4.511,6424,3195,3229
1629035,Carsen Edwards,2024,-2.49,-0.054,-2.436,-0.559,0.007,-0.566,-0.272,0.118,-0.39,-1.605,-0.017,-1.588,-0.125,-0.149,0.025,-0.719,-1.005,-1.005,-3.334,-4.339,0.0,-0.719,-0.446,-0.273,-0.719,-0.446,-0.273,-2.667,-0.044,-0.497,0.15,-0.647,-0.843,-0.047,-0.796,-0.424,-0.196,-0.228,0.62,0.013,0.607,-0.188,-0.162,-0.027,0.204,0.281,0.281,-0.481,-0.2,0.0,0.204,-0.102,0.306,0.204,-0.102,0.306,0.201,-0.188,-2.987,0.096,-3.083,-1.402,-0.04,-1.362,-0.696,-0.079,-0.617,-0.985,-0.004,-0.981,-0.313,-0.312,-0.002,-0.515,-0.724,-0.724,-4.539,0.0,-0.515,-0.548,0.033,-0.515,-0.548,0.033,-2.467,-0.232,-4.339,-0.2,-4.539,3012,1507,1505
1630535,Greg Brown III,2024,-2.03,-0.222,-1.808,-0.408,0.065,-0.473,-0.074,0.197,-0.271,-1.326,-0.021,-1.305,-0.093,0.39,-0.483,-1.026,-0.477,-0.477,-3.149,-3.626,0.0,-1.026,-0.448,-0.578,-1.026,-0.448,-0.578,-2.394,0.348,-0.363,-0.031,-0.332,0.36,0.074,0.286,-1.154,-0.181,-0.973,0.462,0.018,0.444,-0.396,-0.462,0.065,-0.148,-0.038,-0.038,-0.907,-0.945,0.0,-0.148,-0.087,-0.061,-0.148,-0.087,-0.061,0.313,0.166,-2.395,-0.253,-2.142,-0.048,0.139,-0.187,-1.228,0.016,-1.244,-0.866,-0.004,-0.862,-0.489,-0.072,-0.418,-1.174,-0.515,-0.515,-4.571,0.0,-1.174,-0.535,-0.639,-1.174,-0.535,-0.639,-2.081,0.514,-3.626,-0.945,-4.571,3259,1622,1637
1630686,Georgios Kalaitzakis,2024,-0.883,0.243,-1.126,-0.379,-0.011,-0.368,-0.511,0.071,-0.582,-0.236,-0.028,-0.208,-0.403,-0.135,-0.268,-0.57,-0.482,-0.482,-1.856,-2.338,0.0,-0.57,-0.041,-0.529,-0.57,-0.041,-0.529,-1.631,-0.207,-1.482,-0.136,-1.346,-0.332,-0.016,-0.316,-0.42,-0.109,-0.311,-0.594,0.019,-0.613,-0.209,-0.204,-0.007,-0.276,-0.27,-0.27,-1.967,-2.237,0.0,-0.276,-0.188,-0.088,-0.276,-0.188,-0.088,-0.885,-0.206,-2.365,0.107,-2.472,-0.711,-0.027,-0.684,-0.931,-0.037,-0.894,-0.83,-0.009,-0.821,-0.612,-0.339,-0.276,-0.846,-0.752,-0.752,-4.575,0.001,-0.846,-0.229,-0.617,-0.846,-0.229,-0.617,-2.516,-0.412,-2.338,-2.237,-4.574,873,438,435
1628424,Kobi Simmons,2024,-0.924,0.015,-0.939,-0.19,-0.035,-0.155,-0.918,-0.252,-0.666,0.169,-0.076,0.245,-0.001,-0.153,0.157,-0.581,-0.183,-0.183,-1.506,-1.689,0.0,-0.581,-0.266,-0.315,-0.581,-0.266,-0.315,-0.867,0.057,-1.993,0.049,-2.042,-0.36,-0.029,-0.331,-0.701,-0.185,-0.516,-0.981,0.002,-0.983,-0.03,-0.082,0.05,-0.592,-0.28,-0.28,-2.615,-2.895,0.0,-0.592,-0.384,-0.208,-0.592,-0.384,-0.208,-2.476,-0.626,-2.916,0.064,-2.98,-0.549,-0.063,-0.486,-1.619,-0.437,-1.182,-0.812,-0.074,-0.738,-0.03,-0.235,0.207,-1.173,-0.463,-0.463,-4.584,0.001,-1.173,-0.65,-0.523,-1.173,-0.65,-0.523,-3.343,-0.569,-1.689,-2.895,-4.583,3038,1515,1523
1627767,Cheick Diallo,2024,-0.263,-0.28,0.017,-0.288,-0.119,-0.169,0.212,-0.432,0.644,0.093,-0.03,0.123,-0.239,-0.4,0.159,-0.654,-1.203,-1.203,-1.156,-2.359,0.0,-0.654,-0.203,-0.451,-0.654,-0.203,-0.451,-0.518,-0.361,-2.008,0.122,-2.13,-0.064,-0.062,-0.002,-0.79,-0.113,-0.677,-1.276,-0.001,-1.275,-0.066,-0.035,-0.032,-0.396,0.242,0.242,-2.47,-2.228,-0.0,-0.396,-0.267,-0.129,-0.396,-0.267,-0.129,-2.098,-0.166,-2.272,-0.158,-2.114,-0.352,-0.181,-0.171,-0.579,-0.546,-0.033,-1.183,-0.031,-1.152,-0.305,-0.435,0.127,-1.051,-0.96,-0.96,-4.587,0.0,-1.051,-0.469,-0.582,-1.051,-0.469,-0.582,-2.616,-0.527,-2.359,-2.228,-4.587,10688,5343,5345
1628982,Melvin Frazier Jr.,2024,-2.663,-0.139,-2.524,-0.907,-0.116,-0.791,-0.499,-0.092,-0.407,-1.118,-0.042,-1.076,-0.477,-0.025,-0.456,0.162,-0.065,-0.065,-2.978,-3.043,-0.0,0.162,-0.17,0.332,0.162,-0.17,0.332,-2.962,-0.452,-1.112,-0.022,-1.09,-0.693,-0.003,-0.69,-0.36,-0.142,-0.218,-0.037,0.013,-0.05,-0.242,-0.156,-0.088,-0.181,-0.014,-0.014,-1.535,-1.549,0.0,-0.181,-0.151,-0.03,-0.181,-0.151,-0.03,-0.956,-0.278,-3.773,-0.161,-3.612,-1.599,-0.118,-1.481,-0.859,-0.234,-0.625,-1.154,-0.028,-1.126,-0.719,-0.181,-0.544,-0.02,-0.08,-0.08,-4.592,0.0,-0.02,-0.321,0.301,-0.02,-0.321,0.301,-3.918,-0.73,-3.043,-1.549,-4.592,1224,614,610
201202,Joel Anthony,2024,-1.879,-0.151,-1.728,-0.504,-0.071,-0.433,-0.637,-0.036,-0.601,-0.587,-0.016,-0.571,-0.21,-0.112,-0.095,-0.396,-1.225,-1.225,-2.485,-3.71,0.0,-0.396,0.064,-0.46,-0.396,0.064,-0.46,-2.037,-0.066,-0.204,0.059,-0.263,0.19,0.033,0.157,-0.456,0.019,-0.475,0.003,0.021,-0.018,-0.056,-0.007,-0.052,-0.297,-0.33,-0.33,-0.557,-0.887,0.0,-0.297,-0.382,0.085,-0.297,-0.382,0.085,-0.365,-0.04,-2.083,-0.092,-1.991,-0.314,-0.038,-0.276,-1.093,-0.017,-1.076,-0.584,0.005,-0.589,-0.266,-0.119,-0.148,-0.694,-1.555,-1.555,-4.597,-0.0,-0.694,-0.318,-0.376,-0.694,-0.318,-0.376,-2.402,-0.106,-3.71,-0.887,-4.597,1947,970,977
1626209,Mario Hezonja,2024,-3.455,0.004,-3.459,-0.972,-0.063,-0.909,-0.503,-0.086,-0.417,-1.984,0.005,-1.989,-0.004,-0.072,0.072,-0.031,-0.072,-0.072,-3.49,-3.562,0.0,-0.031,0.111,-0.142,-0.031,0.111,-0.142,-2.491,-0.418,-0.399,0.152,-0.551,-0.223,-0.141,-0.082,-0.556,-0.199,-0.357,0.228,0.017,0.211,-0.385,-0.26,-0.126,0.173,-0.426,-0.426,-0.611,-1.037,0.0,0.173,0.109,0.064,0.173,0.109,0.064,-0.453,-0.537,-3.855,0.156,-4.011,-1.195,-0.204,-0.991,-1.059,-0.285,-0.774,-1.757,0.022,-1.779,-0.389,-0.331,-0.054,0.142,-0.497,-0.497,-4.599,0.0,0.142,0.22,-0.078,0.142,0.22,-0.078,-2.944,-0.955,-3.562,-1.037,-4.599,25945,12949,12996
202087,Alonzo Gee,2024,-3.346,-0.373,-2.973,-0.94,-0.126,-0.814,-1.273,-0.082,-1.191,-0.76,-0.001,-0.759,0.212,0.111,0.106,-0.348,-0.62,-0.62,-3.482,-4.102,-0.0,-0.348,0.139,-0.487,-0.348,0.139,-0.487,-4.208,-0.795,-0.079,0.443,-0.522,-0.406,0.024,-0.43,-0.115,-0.019,-0.096,-0.001,0.01,-0.011,-0.261,-0.249,-0.015,0.247,-0.416,-0.416,-0.093,-0.509,0.0,0.247,-0.165,0.412,0.247,-0.165,0.412,0.393,-0.014,-3.426,0.07,-3.496,-1.346,-0.102,-1.244,-1.388,-0.102,-1.286,-0.762,0.009,-0.771,-0.049,-0.138,0.091,-0.101,-1.036,-1.036,-4.611,0.0,-0.101,-0.025,-0.076,-0.101,-0.025,-0.076,-3.815,-0.809,-4.102,-0.509,-4.611,10610,5248,5362
1630699,MarJon Beauchamp,2024,-0.967,-0.199,-0.768,-0.241,-0.025,-0.216,-0.499,0.243,-0.742,-0.028,-0.041,0.013,-0.373,0.055,-0.427,-0.957,-0.319,-0.319,-2.297,-2.616,-0.0,-0.957,-0.006,-0.951,-0.957,-0.006,-0.951,-1.969,-0.1,-0.817,-0.099,-0.718,-0.321,0.021,-0.342,-0.687,-0.046,-0.641,0.29,0.03,0.26,-0.606,-0.492,-0.115,-0.007,-0.565,-0.565,-1.43,-1.995,-0.0,-0.007,-0.04,0.033,-0.007,-0.04,0.033,0.225,-0.13,-1.783,-0.298,-1.485,-0.562,-0.004,-0.558,-1.186,0.197,-1.383,0.263,-0.011,0.274,-0.98,-0.437,-0.542,-0.964,-0.884,-0.884,-4.611,0.0,-0.964,-0.045,-0.919,-0.964,-0.045,-0.919,-1.744,-0.23,-2.616,-1.995,-4.611,5565,2775,2790
202338,Kevin Seraphin,2024,-2.019,-0.096,-1.923,-0.538,-0.546,0.008,-0.802,-1.063,0.261,-0.583,-0.102,-0.481,-0.206,-0.216,0.014,-1.133,-0.339,-0.339,-3.358,-3.697,0.0,-1.133,-0.326,-0.807,-1.133,-0.326,-0.807,-1.4,-0.628,0.577,0.269,0.308,1.358,0.134,1.224,0.257,0.018,0.239,-1.307,-0.041,-1.266,-0.105,-0.228,0.12,-1.026,-0.363,-0.363,-0.554,-0.917,0.0,-1.026,-0.504,-0.522,-1.026,-0.504,-0.522,-0.638,0.52,-1.443,0.173,-1.616,0.819,-0.413,1.232,-0.545,-1.045,0.5,-1.89,-0.143,-1.747,-0.311,-0.444,0.134,-2.16,-0.702,-0.702,-4.614,-0.001,-2.16,-0.83,-1.33,-2.16,-0.83,-1.33,-2.038,-0.108,-3.697,-0.917,-4.615,10459,5192,5267
201579,Roy Hibbert,2024,-3.916,-0.356,-3.56,-1.589,-0.486,-1.103,-2.037,-1.091,-0.946,0.066,-0.087,0.153,-0.044,-0.375,0.34,-0.172,-0.164,-0.164,-4.132,-4.296,-0.0,-0.172,-0.104,-0.068,-0.172,-0.104,-0.068,-3.966,-1.775,0.895,0.206,0.689,0.851,0.161,0.69,0.038,0.503,-0.465,-0.2,0.003,-0.203,0.221,0.21,0.006,-1.478,0.043,0.043,-0.362,-0.319,-0.0,-1.478,-0.65,-0.828,-1.478,-0.65,-0.828,0.019,0.455,-3.02,-0.15,-2.87,-0.738,-0.325,-0.413,-1.998,-0.587,-1.411,-0.134,-0.084,-0.05,0.177,-0.166,0.346,-1.65,-0.121,-0.121,-4.615,-0.0,-1.65,-0.754,-0.896,-1.65,-0.754,-0.896,-3.947,-1.32,-4.296,-0.319,-4.615,16879,8440,8439
1627735,Wade Baldwin IV,2024,-1.233,-0.147,-1.086,-0.398,-0.04,-0.358,-0.384,0.005,-0.389,-0.304,-0.036,-0.268,-0.376,-0.024,-0.352,-0.545,-1.344,-1.344,-2.154,-3.498,0.0,-0.545,-0.227,-0.318,-0.545,-0.227,-0.318,-2.055,-0.547,-0.51,0.015,-0.525,0.051,-0.043,0.094,-0.183,-0.243,0.06,-0.393,0.004,-0.397,-0.22,-0.314,0.089,-0.161,-0.23,-0.23,-0.891,-1.121,0.0,-0.161,-0.016,-0.145,-0.161,-0.016,-0.145,0.918,-0.091,-1.745,-0.132,-1.613,-0.347,-0.083,-0.264,-0.568,-0.239,-0.329,-0.698,-0.032,-0.666,-0.597,-0.338,-0.262,-0.706,-1.575,-1.575,-4.619,0.001,-0.706,-0.243,-0.463,-0.706,-0.243,-0.463,-1.138,-0.638,-3.498,-1.121,-4.618,2657,1317,1340
1630703,Scoot Henderson,2024,-2.507,0.327,-2.834,-2.296,0.043,-2.339,-0.704,0.037,-0.741,0.166,-0.017,0.183,-0.023,-0.34,0.312,-0.489,1.186,1.186,-3.019,-1.833,0.0,-0.489,-0.325,-0.164,-0.489,-0.325,-0.164,-2.664,-0.902,-2.018,-0.434,-1.584,-1.292,-0.006,-1.286,-0.46,-0.152,-0.308,0.168,0.011,0.157,-0.179,-0.057,-0.121,-0.212,-0.382,-0.382,-2.409,-2.791,0.0,-0.212,-0.215,0.003,-0.212,-0.215,0.003,-2.608,-0.843,-4.525,-0.107,-4.418,-3.588,0.037,-3.625,-1.164,-0.115,-1.049,0.334,-0.007,0.341,-0.203,-0.397,0.191,-0.701,0.804,0.804,-4.624,0.0,-0.701,-0.54,-0.161,-0.701,-0.54,-0.161,-5.271,-1.746,-1.833,-2.791,-4.624,7147,3574,3573
1630197,Aleksej Pokusevski,2024,-2.069,0.179,-2.248,-0.299,0.21,-0.509,-0.971,0.224,-1.195,-0.978,-0.006,-0.972,-0.614,-0.469,-0.146,-0.734,-0.431,-0.431,-3.417,-3.848,0.0,-0.734,-0.003,-0.731,-0.734,-0.003,-0.731,-1.271,0.37,-0.532,0.054,-0.586,0.531,0.061,0.47,-0.325,-0.134,-0.191,-0.792,0.005,-0.797,0.425,0.454,-0.026,-0.764,0.088,0.088,-0.871,-0.783,0.0,-0.764,-0.281,-0.483,-0.764,-0.281,-0.483,-1.257,0.35,-2.603,0.233,-2.836,0.231,0.271,-0.04,-1.297,0.09,-1.387,-1.77,-0.001,-1.769,-0.189,-0.016,-0.172,-1.498,-0.343,-0.343,-4.631,-0.001,-1.498,-0.284,-1.214,-1.498,-0.284,-1.214,-2.527,0.719,-3.848,-0.783,-4.632,14151,7077,7074
1641877,Nathan Mensah,2024,-2.795,0.33,-3.125,-1.269,-0.243,-1.026,-0.27,-0.163,-0.107,-1.586,-0.041,-1.545,-0.085,-0.158,0.076,-0.418,-0.492,-0.492,-3.298,-3.79,0.0,-0.418,-0.065,-0.353,-0.418,-0.065,-0.353,-4.121,-0.996,-0.224,-0.032,-0.192,0.005,0.079,-0.074,-0.284,-0.118,-0.166,0.087,0.018,0.069,-0.143,-0.171,0.025,0.043,-0.588,-0.588,-0.324,-0.912,-0.0,0.043,-0.027,0.07,0.043,-0.027,0.07,-0.479,0.065,-3.019,0.298,-3.317,-1.264,-0.164,-1.1,-0.554,-0.281,-0.273,-1.499,-0.023,-1.476,-0.229,-0.328,0.101,-0.374,-1.08,-1.08,-4.702,0.0,-0.374,-0.093,-0.281,-0.374,-0.093,-0.281,-4.599,-0.931,-3.79,-0.912,-4.702,1230,612,618
1629312,Haywood Highsmith,2024,-2.579,-0.103,-2.476,-0.675,-0.371,-0.304,-0.208,-0.145,-0.063,-1.593,-0.021,-1.572,-0.549,-0.467,-0.082,-0.418,-0.375,-0.375,-3.546,-3.921,0.0,-0.418,-0.494,0.076,-0.418,-0.494,0.076,-2.964,-1.066,-0.33,0.05,-0.38,-0.249,0.167,-0.416,0.531,-0.014,0.545,-0.662,0.024,-0.686,-0.165,-0.262,0.1,-0.027,-0.27,-0.27,-0.522,-0.792,0.0,-0.027,-0.159,0.132,-0.027,-0.159,0.132,-2.245,-0.047,-2.909,-0.053,-2.856,-0.923,-0.203,-0.72,0.323,-0.159,0.482,-2.256,0.002,-2.258,-0.713,-0.729,0.018,-0.445,-0.645,-0.645,-4.713,0.0,-0.445,-0.653,0.208,-0.445,-0.653,0.208,-5.21,-1.113,-3.921,-0.792,-4.713,11316,5631,5685
203530,Joffrey Lauvergne,2024,-2.5,-0.129,-2.371,-0.657,0.136,-0.793,-0.769,-0.16,-0.609,-0.945,-0.051,-0.894,-0.547,-0.221,-0.319,-0.748,0.419,0.419,-3.795,-3.376,0.0,-0.748,-0.276,-0.472,-0.748,-0.276,-0.472,-1.966,0.079,-0.347,0.076,-0.423,-0.682,-0.373,-0.309,-0.316,-0.211,-0.105,0.575,0.017,0.558,-0.181,-0.067,-0.118,-0.607,-0.231,-0.231,-1.135,-1.366,0.0,-0.607,-0.266,-0.341,-0.607,-0.266,-0.341,0.269,-0.658,-2.845,-0.053,-2.792,-1.339,-0.237,-1.102,-1.083,-0.37,-0.713,-0.37,-0.034,-0.336,-0.727,-0.288,-0.438,-1.355,0.189,0.189,-4.742,0.0,-1.355,-0.542,-0.813,-1.355,-0.542,-0.813,-1.696,-0.579,-3.376,-1.366,-4.742,12429,6176,6253
203156,Henry Sims,2024,-3.825,-0.129,-3.696,-0.268,0.04,-0.308,-0.597,-0.26,-0.337,-2.831,0.019,-2.85,-0.302,-0.08,-0.215,-0.991,0.618,0.618,-5.118,-4.5,-0.0,-0.991,-0.899,-0.092,-0.991,-0.899,-0.092,-2.214,-0.143,-1.228,0.17,-1.398,-1.258,-0.221,-1.037,-0.479,-0.175,-0.304,0.339,-0.067,0.406,0.05,0.143,-0.099,0.648,0.281,0.281,-0.53,-0.249,-0.0,0.648,0.434,0.214,0.648,0.434,0.214,-1.941,-0.672,-5.052,0.041,-5.093,-1.525,-0.181,-1.344,-1.076,-0.435,-0.641,-2.492,-0.048,-2.444,-0.253,0.062,-0.314,-0.343,0.899,0.899,-4.749,0.001,-0.343,-0.465,0.122,-0.343,-0.465,0.122,-4.155,-0.814,-4.5,-0.249,-4.748,6107,3047,3060
201175,Glen Davis,2024,-4.583,-0.594,-3.989,-1.366,-0.221,-1.145,-1.027,-0.283,-0.744,-1.596,0.087,-1.683,-0.213,-0.313,0.109,0.767,0.055,0.055,-4.029,-3.974,-0.0,0.767,0.65,0.117,0.767,0.65,0.117,-2.323,-0.707,0.207,0.366,-0.159,0.28,0.01,0.27,-0.077,-0.066,-0.011,-0.362,-0.032,-0.33,-0.277,-0.481,0.199,-0.17,-0.547,-0.547,-0.24,-0.787,0.0,-0.17,-0.245,0.075,-0.17,-0.245,0.075,-0.607,-0.015,-4.376,-0.228,-4.148,-1.086,-0.211,-0.875,-1.104,-0.349,-0.755,-1.958,0.055,-2.013,-0.49,-0.793,0.308,0.597,-0.492,-0.492,-4.761,0.0,0.597,0.405,0.192,0.597,0.405,0.192,-2.93,-0.722,-3.974,-0.787,-4.761,4076,2030,2046
1631103,Malaki Branham,2024,-0.646,-0.036,-0.61,-0.139,0.014,-0.153,-0.328,-0.127,-0.201,-0.143,-0.001,-0.142,-0.709,-0.563,-0.147,-0.463,-0.308,-0.308,-1.818,-2.126,0.0,-0.463,-0.75,0.287,-0.463,-0.75,0.287,0.363,-0.083,-2.01,-0.14,-1.87,-0.086,-0.077,-0.009,-1.304,-0.01,-1.294,-0.48,0.016,-0.496,0.057,-0.174,0.235,-0.371,-0.312,-0.312,-2.324,-2.636,-0.0,-0.371,0.024,-0.395,-0.371,0.024,-0.395,-0.67,-0.376,-2.657,-0.176,-2.481,-0.224,-0.063,-0.161,-1.634,-0.138,-1.496,-0.623,0.015,-0.638,-0.651,-0.737,0.087,-0.834,-0.62,-0.62,-4.762,-0.001,-0.834,-0.726,-0.108,-0.834,-0.726,-0.108,-0.307,-0.459,-2.126,-2.636,-4.763,13273,6610,6663
2223,Samuel Dalembert,2024,-2.254,-0.13,-2.124,-0.499,-0.042,-0.457,-0.489,-0.525,0.036,-1.136,-0.114,-1.022,-0.157,-0.257,0.109,-0.94,0.134,0.134,-3.351,-3.217,0.0,-0.94,-0.588,-0.352,-0.94,-0.588,-0.352,-2.494,0.063,-1.102,0.162,-1.264,0.44,0.057,0.383,-0.923,0.006,-0.929,-0.781,-0.005,-0.776,-0.302,-0.181,-0.126,0.232,-0.382,-0.382,-1.172,-1.554,0.0,0.232,0.079,0.153,0.232,0.079,0.153,-0.824,0.322,-3.355,0.032,-3.387,-0.059,0.015,-0.074,-1.411,-0.518,-0.893,-1.917,-0.119,-1.798,-0.459,-0.438,-0.017,-0.708,-0.248,-0.248,-4.771,0.0,-0.708,-0.509,-0.199,-0.708,-0.509,-0.199,-3.318,0.385,-3.217,-1.554,-4.771,2612,1305,1307
203461,Anthony Bennett,2024,-2.475,-0.315,-2.16,-0.804,0.02,-0.824,-1.178,-0.337,-0.841,-0.178,-0.065,-0.113,-0.101,0.099,-0.193,-0.427,0.733,0.733,-3.003,-2.27,0.0,-0.427,-0.444,0.017,-0.427,-0.444,0.017,-2.145,-0.29,-2.764,0.206,-2.97,-1.069,-0.143,-0.926,-1.066,-0.143,-0.923,-0.835,-0.039,-0.796,-0.115,-0.028,-0.092,-0.204,0.554,0.554,-3.083,-2.529,0.0,-0.204,-0.281,0.077,-0.204,-0.281,0.077,-0.698,-0.325,-5.242,-0.109,-5.133,-1.874,-0.124,-1.75,-2.245,-0.481,-1.764,-1.014,-0.104,-0.91,-0.215,0.07,-0.285,-0.63,1.287,1.287,-4.799,-0.0,-0.63,-0.725,0.095,-0.63,-0.725,0.095,-2.843,-0.615,-2.27,-2.529,-4.799,5916,2939,2977
1629012,Collin Sexton,2024,-0.938,-0.004,-0.934,-0.354,0.025,-0.379,-0.5,-0.29,-0.21,-0.08,-0.059,-0.021,0.336,-0.032,0.366,-0.365,0.372,0.372,-0.967,-0.595,-0.0,-0.365,-0.005,-0.36,-0.365,-0.005,-0.36,-2.712,-0.28,-3.836,-0.223,-3.613,-0.725,-0.106,-0.619,-0.748,-0.079,-0.669,-2.14,0.026,-2.166,-0.081,0.056,-0.136,-0.418,0.113,0.113,-4.335,-4.222,-0.0,-0.418,-0.075,-0.343,-0.418,-0.075,-0.343,-2.158,-0.49,-4.773,-0.227,-4.546,-1.079,-0.081,-0.998,-1.247,-0.368,-0.879,-2.22,-0.033,-2.187,0.255,0.025,0.229,-0.782,0.485,0.485,-4.817,-0.001,-0.782,-0.08,-0.702,-0.782,-0.08,-0.702,-4.87,-0.77,-0.595,-4.222,-4.818,42938,21438,21500
203462,Archie Goodwin,2024,-2.159,-0.326,-1.833,-0.557,0.424,-0.981,-0.16,0.333,-0.493,-1.116,-0.021,-1.095,0.379,0.614,-0.224,-1.437,-0.287,-0.287,-3.217,-3.504,-0.0,-1.437,-1.083,-0.354,-1.437,-1.083,-0.354,-2.49,-0.097,-0.589,0.4,-0.989,-0.546,-0.207,-0.339,0.445,-0.211,0.656,-0.888,-0.034,-0.854,0.084,-0.066,0.148,-0.672,-0.171,-0.171,-1.177,-1.348,0.0,-0.672,-0.352,-0.32,-0.672,-0.352,-0.32,-2.193,-0.607,-2.748,0.074,-2.822,-1.103,0.217,-1.32,0.285,0.122,0.163,-2.004,-0.055,-1.949,0.463,0.548,-0.076,-2.109,-0.458,-0.458,-4.852,-0.0,-2.109,-1.434,-0.675,-2.109,-1.434,-0.675,-4.682,-0.704,-3.504,-1.348,-4.852,8515,4251,4264
977,Kobe Bryant,2024,-2.829,-0.244,-2.585,-0.318,-0.387,0.069,-0.883,-0.261,-0.622,-1.384,0.064,-1.448,0.632,0.125,0.515,0.886,-0.873,-0.873,-1.311,-2.184,0.0,0.886,0.276,0.61,0.886,0.276,0.61,-3.996,-0.844,-1.676,0.06,-1.736,-0.838,-0.224,-0.614,-0.447,-0.196,-0.251,-0.451,-0.038,-0.413,-0.213,-0.328,0.11,-0.266,-0.534,-0.534,-2.155,-2.689,0.0,-0.266,0.127,-0.393,-0.266,0.127,-0.393,-2.035,-0.651,-4.506,-0.184,-4.322,-1.157,-0.611,-0.546,-1.33,-0.457,-0.873,-1.835,0.026,-1.861,0.419,-0.203,0.625,0.62,-1.407,-1.407,-4.873,0.0,0.62,0.404,0.216,0.62,0.404,0.216,-6.03,-1.496,-2.184,-2.689,-4.873,12864,6416,6448
1628397,Ivan Rabb,2024,-1.658,0.033,-1.691,0.146,-0.014,0.16,-1.129,-0.462,-0.667,-0.708,-0.111,-0.597,0.155,-0.104,0.255,-1.77,0.637,0.637,-3.273,-2.636,-0.0,-1.77,-1.172,-0.598,-1.77,-1.172,-0.598,-1.627,0.529,-2.137,-0.095,-2.042,-0.689,-0.039,-0.65,-0.691,-0.321,-0.37,-0.662,-0.011,-0.651,-0.231,-0.264,0.033,0.058,0.06,0.06,-2.31,-2.25,0.0,0.058,0.102,-0.044,0.058,0.102,-0.044,-2.979,-0.538,-3.797,-0.062,-3.735,-0.545,-0.054,-0.491,-1.82,-0.783,-1.037,-1.37,-0.122,-1.248,-0.076,-0.368,0.287,-1.712,0.697,0.697,-4.886,0.001,-1.712,-1.07,-0.642,-1.712,-1.07,-0.642,-4.605,-0.009,-2.636,-2.25,-4.885,5363,2678,2685
1631223,David Roddy,2024,-1.473,-0.08,-1.393,0.031,0.064,-0.033,0.146,0.251,-0.105,-1.57,-0.016,-1.554,-0.203,-0.111,-0.098,-0.746,-0.684,-0.684,-2.422,-3.106,0.0,-0.746,-0.042,-0.704,-0.746,-0.042,-0.704,-1.692,0.3,-0.995,-0.141,-0.854,-0.229,-0.062,-0.167,-0.389,-0.229,-0.16,-0.236,0.018,-0.254,-0.051,0.021,-0.072,-0.359,-0.427,-0.427,-1.405,-1.832,0.0,-0.359,-0.354,-0.005,-0.359,-0.354,-0.005,-1.684,-0.315,-2.468,-0.221,-2.247,-0.198,0.002,-0.2,-0.243,0.022,-0.265,-1.806,0.002,-1.808,-0.254,-0.09,-0.17,-1.105,-1.112,-1.112,-4.938,0.0,-1.105,-0.396,-0.709,-1.105,-0.396,-0.709,-3.376,-0.015,-3.106,-1.832,-4.938,10358,5172,5186
203093,Terrence Jones,2024,-1.85,-0.141,-1.709,-0.734,0.043,-0.777,-0.887,0.031,-0.918,-0.088,0.054,-0.142,-0.705,-0.054,-0.643,0.25,-0.803,-0.803,-2.305,-3.108,0.0,0.25,0.246,0.004,0.25,0.246,0.004,-2.156,-0.45,-1.11,0.02,-1.13,-0.385,-0.251,-0.134,0.093,-0.137,0.23,-0.838,-0.037,-0.801,0.158,0.239,-0.086,-0.411,-0.47,-0.47,-1.363,-1.833,0.0,-0.411,-0.038,-0.373,-0.411,-0.038,-0.373,-1.63,-0.591,-2.959,-0.121,-2.838,-1.119,-0.208,-0.911,-0.793,-0.106,-0.687,-0.926,0.017,-0.943,-0.547,0.185,-0.729,-0.161,-1.273,-1.273,-4.941,0.001,-0.161,0.208,-0.369,-0.161,0.208,-0.369,-3.786,-1.041,-3.108,-1.833,-4.94,14966,7509,7457
1641733,Nick Smith Jr.,2024,-2.413,0.146,-2.559,-1.587,-0.455,-1.132,-1.13,-0.186,-0.944,0.158,-0.013,0.171,-0.399,-0.556,0.156,-0.149,-0.762,-0.762,-2.961,-3.723,0.0,-0.149,-0.15,0.001,-0.149,-0.15,0.001,-2.743,-1.771,-0.695,0.071,-0.766,0.101,0.084,0.017,-0.595,-0.069,-0.526,-0.272,0.016,-0.288,-0.178,-0.217,0.038,-0.074,-0.302,-0.302,-0.947,-1.249,-0.0,-0.074,0.033,-0.107,-0.074,0.033,-0.107,-0.649,0.203,-3.108,0.217,-3.325,-1.486,-0.372,-1.114,-1.725,-0.255,-1.47,-0.114,0.003,-0.117,-0.578,-0.774,0.195,-0.223,-1.064,-1.064,-4.972,-0.0,-0.223,-0.117,-0.106,-0.223,-0.117,-0.106,-3.392,-1.568,-3.723,-1.249,-4.972,2912,1453,1459
1627846,Abdel Nader,2024,-3.526,-0.278,-3.248,-0.724,0.01,-0.734,-1.343,-0.121,-1.222,-1.181,-0.067,-1.114,-0.033,0.008,-0.043,-0.595,-1.237,-1.237,-4.154,-5.391,0.0,-0.595,-0.34,-0.255,-0.595,-0.34,-0.255,-3.59,-0.243,0.042,0.364,-0.322,0.328,-0.088,0.416,-0.887,-0.12,-0.767,0.237,0.04,0.197,-0.093,-0.184,0.092,-0.367,0.836,0.836,-0.418,0.418,0.0,-0.367,-0.245,-0.122,-0.367,-0.245,-0.122,2.559,0.156,-3.485,0.086,-3.571,-0.397,-0.079,-0.318,-2.23,-0.241,-1.989,-0.944,-0.027,-0.917,-0.126,-0.176,0.048,-0.961,-0.401,-0.401,-4.973,0.0,-0.961,-0.585,-0.376,-0.961,-0.585,-0.376,-1.032,-0.087,-5.391,0.418,-4.973,11222,5602,5620
1628962,Udoka Azubuike,2024,-2.168,-0.248,-1.92,0.547,-0.017,0.564,-0.469,-0.085,-0.384,-1.998,-0.032,-1.966,-0.434,0.166,-0.605,-0.567,-0.63,-0.63,-3.169,-3.799,0.0,-0.567,0.02,-0.587,-0.567,0.02,-0.587,-3.256,0.425,0.127,-0.009,0.136,0.217,0.298,-0.081,0.293,0.043,0.25,-0.374,0.021,-0.395,0.009,-0.001,0.01,-0.562,-0.764,-0.764,-0.426,-1.19,0.0,-0.562,-0.245,-0.317,-0.562,-0.245,-0.317,-1.973,0.097,-2.041,-0.257,-1.784,0.764,0.281,0.483,-0.176,-0.042,-0.134,-2.372,-0.012,-2.36,-0.425,0.166,-0.596,-1.129,-1.393,-1.393,-4.989,0.0,-1.129,-0.224,-0.905,-1.129,-0.224,-0.905,-5.229,0.522,-3.799,-1.19,-4.989,3065,1539,1526
1630314,Brandon Williams,2024,-2.629,0.337,-2.966,-1.779,0.207,-1.986,-0.405,0.219,-0.624,-0.782,-0.012,-0.77,-0.445,-0.264,-0.181,-0.177,0.556,0.556,-3.251,-2.695,0.0,-0.177,-0.092,-0.085,-0.177,-0.092,-0.085,-1.668,-0.183,-1.505,-0.162,-1.343,-0.297,-0.044,-0.253,-0.707,-0.242,-0.465,-0.339,0.017,-0.356,-0.402,-0.338,-0.065,-0.121,-0.317,-0.317,-2.028,-2.345,0.0,-0.121,-0.124,0.003,-0.121,-0.124,0.003,-1.396,-0.366,-4.132,0.175,-4.307,-2.076,0.163,-2.239,-1.111,-0.022,-1.089,-1.12,0.005,-1.125,-0.847,-0.602,-0.246,-0.298,0.239,0.239,-5.04,0.0,-0.298,-0.216,-0.082,-0.298,-0.216,-0.082,-3.064,-0.548,-2.695,-2.345,-5.04,3140,1571,1569
202688,Brandon Knight,2024,-1.584,-0.206,-1.378,-0.649,-0.144,-0.505,-0.881,-0.167,-0.714,0.152,0.05,0.102,-0.066,-0.315,0.257,-0.746,-0.762,-0.762,-2.396,-3.158,0.0,-0.746,-0.378,-0.368,-0.746,-0.378,-0.368,-2.926,-0.882,-1.949,0.236,-2.185,-0.722,-0.059,-0.663,-0.681,-0.062,-0.619,-0.782,-0.024,-0.758,-0.448,-0.458,0.004,0.193,0.319,0.319,-2.204,-1.885,0.0,0.193,0.034,0.159,0.193,0.034,0.159,-0.309,-0.008,-3.533,0.03,-3.563,-1.371,-0.203,-1.168,-1.563,-0.229,-1.334,-0.629,0.026,-0.655,-0.514,-0.773,0.261,-0.554,-0.443,-0.443,-5.043,0.0,-0.554,-0.344,-0.21,-0.554,-0.344,-0.21,-3.235,-0.89,-3.158,-1.885,-5.043,26182,13083,13099
1630560,Cam Thomas,2024,-2.696,0.158,-2.854,-0.58,-0.266,-0.314,-1.312,-0.606,-0.706,-0.962,-0.024,-0.938,0.474,-0.007,0.476,-0.019,0.399,0.399,-2.241,-1.842,0.0,-0.019,0.283,-0.302,-0.019,0.283,-0.302,-4.889,-1.02,-2.126,-0.091,-2.035,-1.144,-0.049,-1.095,-0.121,-0.151,0.03,-0.77,0.009,-0.779,-0.016,0.028,-0.043,-0.621,-0.45,-0.45,-2.763,-3.213,0.0,-0.621,-0.303,-0.318,-0.621,-0.303,-0.318,-2.147,-0.741,-4.823,0.067,-4.89,-1.725,-0.315,-1.41,-1.433,-0.757,-0.676,-1.732,-0.015,-1.717,0.458,0.021,0.433,-0.64,-0.051,-0.051,-5.055,0.0,-0.64,-0.02,-0.62,-0.64,-0.02,-0.62,-7.036,-1.761,-1.842,-3.213,-5.055,17200,8646,8554
1629629,Cam Reddish,2024,-2.582,0.164,-2.746,-0.82,0.115,-0.935,-0.659,0.2,-0.859,-1.267,-0.031,-1.236,0.547,0.471,0.073,-0.274,-0.786,-0.786,-2.309,-3.095,-0.0,-0.274,0.322,-0.596,-0.274,0.322,-0.596,-2.568,-0.045,-1.032,-0.125,-0.907,-0.468,-0.051,-0.417,-0.418,-0.144,-0.274,-0.021,0.027,-0.048,-0.139,-0.126,-0.012,-0.09,-0.717,-0.717,-1.261,-1.978,0.0,-0.09,0.06,-0.15,-0.09,0.06,-0.15,-1.013,-0.393,-3.613,0.039,-3.652,-1.287,0.065,-1.352,-1.078,0.056,-1.134,-1.287,-0.004,-1.283,0.408,0.345,0.061,-0.364,-1.502,-1.502,-5.073,0.0,-0.364,0.382,-0.746,-0.364,0.382,-0.746,-3.581,-0.438,-3.095,-1.978,-5.073,22108,11050,11058
1626245,Cristiano Felicio,2024,-3.312,-0.079,-3.233,-0.961,0.1,-1.061,-1.109,0.04,-1.149,-1.163,0.006,-1.169,-0.381,-0.216,-0.166,-1.145,1.268,1.268,-4.838,-3.57,-0.0,-1.145,-0.694,-0.451,-1.145,-0.694,-0.451,-3.144,0.06,-1.63,0.243,-1.873,-1.285,-0.173,-1.112,-0.261,-0.332,0.071,-0.327,-0.067,-0.26,0.123,0.457,-0.337,-0.292,0.214,0.214,-1.799,-1.585,0.0,-0.292,-0.079,-0.213,-0.292,-0.079,-0.213,-4.687,-1.186,-4.944,0.164,-5.108,-2.248,-0.074,-2.174,-1.37,-0.292,-1.078,-1.49,-0.061,-1.429,-0.258,0.241,-0.503,-1.438,1.481,1.481,-5.155,-0.0,-1.438,-0.774,-0.664,-1.438,-0.774,-0.664,-7.831,-1.126,-3.57,-1.585,-5.155,13339,6643,6696
1627775,Patrick McCaw,2024,-1.889,-0.313,-1.576,-0.39,-0.071,-0.319,-0.044,0.06,-0.104,-1.142,0.002,-1.144,-0.054,-0.069,0.016,-0.504,-0.821,-0.821,-2.447,-3.268,0.0,-0.504,-0.076,-0.428,-0.504,-0.076,-0.428,-0.939,-0.34,-0.669,-0.172,-0.497,-1.018,-0.245,-0.773,0.139,-0.124,0.263,0.382,0.043,0.339,-0.14,-0.19,0.049,0.058,-1.171,-1.171,-0.751,-1.922,0.0,0.058,0.147,-0.089,0.058,0.147,-0.089,-1.159,-0.908,-2.559,-0.485,-2.074,-1.408,-0.316,-1.092,0.094,-0.065,0.159,-0.76,0.045,-0.805,-0.195,-0.259,0.066,-0.446,-1.992,-1.992,-5.19,-0.001,-0.446,0.071,-0.517,-0.446,0.071,-0.517,-2.098,-1.248,-3.268,-1.922,-5.191,17424,8710,8714
1630165,Killian Hayes,2024,-1.743,-0.01,-1.733,0.267,-0.146,0.413,-0.731,-0.226,-0.505,-1.269,0.001,-1.27,-0.842,-0.7,-0.147,-0.603,-1.015,-1.015,-3.188,-4.203,-0.0,-0.603,-0.49,-0.113,-0.603,-0.49,-0.113,0.377,0.215,-1.137,-0.101,-1.036,-0.463,0.053,-0.516,-0.461,-0.091,-0.37,-0.112,-0.005,-0.107,-0.383,-0.37,-0.012,0.583,-0.058,-0.058,-0.937,-0.995,0.0,0.583,0.142,0.441,0.583,0.142,0.441,-0.494,-0.109,-2.878,-0.111,-2.767,-0.196,-0.093,-0.103,-1.19,-0.316,-0.874,-1.381,-0.004,-1.377,-1.226,-1.07,-0.158,-0.021,-1.073,-1.073,-5.198,-0.0,-0.021,-0.348,0.327,-0.021,-0.348,0.327,-0.117,0.106,-4.203,-0.995,-5.198,22465,11216,11249
1629676,Isaiah Roby,2024,-1.055,-0.015,-1.04,-0.006,0.241,-0.247,-0.472,0.33,-0.802,-0.562,-0.012,-0.55,-0.453,0.175,-0.623,-1.493,-0.666,-0.666,-3.001,-3.667,0.0,-1.493,-0.821,-0.672,-1.493,-0.821,-0.672,-2.943,0.198,-1.372,-0.026,-1.346,-0.493,-0.164,-0.329,-0.793,-0.295,-0.498,-0.06,-0.014,-0.046,-0.027,0.004,-0.03,-0.099,-0.066,-0.066,-1.498,-1.564,0.0,-0.099,0.072,-0.171,-0.099,0.072,-0.171,-0.787,-0.518,-2.428,-0.041,-2.387,-0.5,0.076,-0.576,-1.265,0.035,-1.3,-0.622,-0.026,-0.596,-0.48,0.179,-0.654,-1.592,-0.731,-0.731,-5.231,0.0,-1.592,-0.748,-0.844,-1.592,-0.748,-0.844,-3.731,-0.319,-3.667,-1.564,-5.231,11892,5938,5954
1630702,Jaden Hardy,2024,-1.727,-0.345,-1.382,-1.842,-0.069,-1.773,-0.25,0.15,-0.4,0.71,-0.035,0.745,-0.404,-0.229,-0.176,-0.146,-0.572,-0.572,-2.277,-2.849,0.0,-0.146,0.231,-0.377,-0.146,0.231,-0.377,-1.002,-0.886,-1.352,-0.113,-1.239,-0.111,0.085,-0.196,-1.036,-0.033,-1.003,-0.092,0.025,-0.117,-0.226,-0.149,-0.078,-0.453,-0.354,-0.354,-2.031,-2.385,0.0,-0.453,-0.288,-0.165,-0.453,-0.288,-0.165,-0.386,-0.124,-3.08,-0.458,-2.622,-1.954,0.016,-1.97,-1.286,0.117,-1.403,0.618,-0.01,0.628,-0.629,-0.377,-0.254,-0.598,-0.926,-0.926,-5.234,0.0,-0.598,-0.057,-0.541,-0.598,-0.057,-0.541,-1.387,-1.011,-2.849,-2.385,-5.234,7604,3832,3772
1627737,Marquese Chriss,2024,-1.45,-0.021,-1.429,0.347,0.022,0.325,-1.015,-0.146,-0.869,-0.761,-0.03,-0.731,-0.505,-0.303,-0.201,-0.654,0.135,0.135,-2.609,-2.474,0.0,-0.654,-0.624,-0.03,-0.654,-0.624,-0.03,-0.315,0.335,-2.483,0.109,-2.592,-0.608,-0.098,-0.51,-0.193,-0.094,-0.099,-1.791,0.017,-1.808,-0.056,-0.162,0.106,-0.067,-0.163,-0.163,-2.606,-2.769,0.0,-0.067,0.179,-0.246,-0.067,0.179,-0.246,-1.515,-0.22,-3.933,0.088,-4.021,-0.261,-0.076,-0.185,-1.208,-0.24,-0.968,-2.552,-0.013,-2.539,-0.561,-0.464,-0.095,-0.721,-0.029,-0.029,-5.243,0.0,-0.721,-0.445,-0.276,-0.721,-0.445,-0.276,-1.83,0.115,-2.474,-2.769,-5.243,21234,10622,10612
1629678,Admiral Schofield,2024,-2.629,-0.137,-2.492,-0.791,-0.267,-0.524,-0.514,0.132,-0.646,-1.187,-0.002,-1.185,-0.517,-0.649,0.128,0.132,-0.818,-0.818,-3.014,-3.832,0.0,0.132,0.075,0.057,0.132,0.075,0.057,-0.322,-0.954,-1.02,0.299,-1.319,-0.371,0.086,-0.457,0.107,-0.21,0.317,-1.055,0.019,-1.074,-0.533,-0.379,-0.155,-0.22,0.316,0.316,-1.773,-1.457,-0.0,-0.22,-0.179,-0.041,-0.22,-0.179,-0.041,-0.846,-0.01,-3.649,0.162,-3.811,-1.162,-0.181,-0.981,-0.407,-0.078,-0.329,-2.242,0.017,-2.259,-1.05,-1.027,-0.027,-0.088,-0.502,-0.502,-5.289,0.001,-0.088,-0.103,0.015,-0.088,-0.103,0.015,-1.168,-0.963,-3.832,-1.457,-5.288,5634,2811,2823
202682,Derrick Williams,2024,-3.413,-0.076,-3.337,-0.599,0.255,-0.854,-0.928,-0.045,-0.883,-1.81,-0.034,-1.776,0.311,0.472,-0.152,-0.198,-0.164,-0.164,-3.3,-3.464,0.0,-0.198,0.004,-0.202,-0.198,0.004,-0.202,-3.414,0.063,-0.603,0.285,-0.888,-0.613,-0.153,-0.46,0.038,0.127,-0.089,-0.313,-0.022,-0.291,0.208,0.154,0.051,-0.964,-0.488,-0.488,-1.359,-1.847,0.0,-0.964,-0.415,-0.549,-0.964,-0.415,-0.549,-0.589,-0.2,-4.016,0.209,-4.225,-1.211,0.102,-1.313,-0.89,0.082,-0.972,-2.124,-0.056,-2.068,0.519,0.626,-0.102,-1.162,-0.652,-0.652,-5.311,0.001,-1.162,-0.411,-0.751,-1.162,-0.411,-0.751,-4.003,-0.137,-3.464,-1.847,-5.31,15823,7905,7918
201573,Jerryd Bayless,2024,-2.457,-0.191,-2.266,-1.408,-0.222,-1.186,-0.824,-0.272,-0.552,-0.034,0.042,-0.076,0.041,-0.215,0.261,-1.076,-0.094,-0.094,-3.492,-3.586,0.0,-1.076,-0.495,-0.581,-1.076,-0.495,-0.581,-0.714,-1.059,-0.229,0.199,-0.428,-0.08,-0.051,-0.029,-0.544,-0.325,-0.219,0.196,-0.075,0.271,-0.689,-0.64,-0.054,0.223,-1.104,-1.104,-0.695,-1.799,0.0,0.223,0.054,0.169,0.223,0.054,0.169,-0.495,-0.07,-2.687,0.008,-2.695,-1.489,-0.274,-1.215,-1.368,-0.597,-0.771,0.162,-0.033,0.195,-0.648,-0.855,0.207,-0.854,-1.198,-1.198,-5.385,0.0,-0.854,-0.441,-0.413,-0.854,-0.441,-0.413,-1.209,-1.129,-3.586,-1.799,-5.385,20298,10116,10182
203940,Adreian Payne,2024,-2.605,-0.39,-2.215,-0.211,-0.275,0.064,-1.807,-0.578,-1.229,-0.197,-0.084,-0.113,-0.014,-0.011,0.0,-0.192,-0.018,-0.018,-2.811,-2.829,-0.0,-0.192,0.109,-0.301,-0.192,0.109,-0.301,-1.985,-0.645,-1.433,0.283,-1.716,-1.251,-0.269,-0.982,-0.277,-0.309,0.032,-0.188,-0.043,-0.145,-0.23,-0.261,0.026,-0.038,-0.865,-0.865,-1.701,-2.566,0.0,-0.038,0.056,-0.094,-0.038,0.056,-0.094,-2.701,-0.834,-4.039,-0.107,-3.932,-1.462,-0.544,-0.918,-2.085,-0.888,-1.197,-0.385,-0.127,-0.258,-0.244,-0.272,0.027,-0.23,-0.883,-0.883,-5.395,0.0,-0.23,0.165,-0.395,-0.23,0.165,-0.395,-4.686,-1.479,-2.829,-2.566,-5.395,6085,3032,3053
1629164,Brandon Goodwin,2024,-4.179,-0.251,-3.928,-2.111,-0.083,-2.028,-0.146,0.043,-0.189,-1.671,-0.038,-1.633,-0.116,0.003,-0.117,0.083,0.135,0.135,-4.212,-4.077,0.0,0.083,0.374,-0.291,0.083,0.374,-0.291,-3.777,-0.867,-0.814,-0.059,-0.755,0.114,0.084,0.03,-0.285,0.029,-0.314,-0.584,0.026,-0.61,-0.067,-0.176,0.11,-0.392,-0.05,-0.05,-1.273,-1.323,0.0,-0.392,-0.263,-0.129,-0.392,-0.263,-0.129,-0.459,0.125,-4.993,-0.31,-4.683,-1.997,0.001,-1.998,-0.431,0.073,-0.504,-2.255,-0.012,-2.243,-0.182,-0.173,-0.007,-0.309,0.085,0.085,-5.4,0.001,-0.309,0.112,-0.421,-0.309,0.112,-0.421,-4.236,-0.742,-4.077,-1.323,-5.399,6435,3217,3218
1630190,Elijah Hughes,2024,-1.678,-0.128,-1.55,-0.361,-0.205,-0.156,-0.773,0.148,-0.921,-0.416,-0.009,-0.407,-0.296,-0.343,0.051,-0.675,-0.386,-0.386,-2.649,-3.035,0.0,-0.675,-0.224,-0.451,-0.675,-0.224,-0.451,-2.383,-0.389,-1.351,-0.05,-1.301,-0.686,0.008,-0.694,-0.434,-0.198,-0.236,-0.181,0.018,-0.199,-0.441,-0.407,-0.036,-0.41,-0.225,-0.225,-2.202,-2.427,0.0,-0.41,-0.157,-0.253,-0.41,-0.157,-0.253,-1.491,-0.532,-3.029,-0.178,-2.851,-1.046,-0.197,-0.849,-1.208,-0.05,-1.158,-0.597,0.009,-0.606,-0.737,-0.75,0.015,-1.084,-0.611,-0.611,-5.462,0.0,-1.084,-0.381,-0.703,-1.084,-0.381,-0.703,-3.874,-0.921,-3.035,-2.427,-5.462,2087,1038,1049
2617,Udonis Haslem,2024,-3.165,-0.48,-2.685,-1.13,-0.327,-0.803,-0.723,-0.305,-0.418,-0.832,0.046,-0.878,-0.464,-0.192,-0.263,-0.452,-0.089,-0.089,-4.081,-4.17,0.0,-0.452,-0.012,-0.44,-0.452,-0.012,-0.44,-2.713,-1.146,-1.099,0.239,-1.338,-0.107,-0.127,0.02,-0.699,-0.221,-0.478,-0.532,-0.041,-0.491,-0.07,-0.168,0.094,0.231,-0.403,-0.403,-0.938,-1.341,0.0,0.231,-0.065,0.296,0.231,-0.065,0.296,-1.067,-0.326,-4.265,-0.241,-4.024,-1.237,-0.454,-0.783,-1.423,-0.526,-0.897,-1.364,0.005,-1.369,-0.534,-0.36,-0.169,-0.22,-0.492,-0.492,-5.511,0.0,-0.22,-0.077,-0.143,-0.22,-0.077,-0.143,-3.78,-1.471,-4.17,-1.341,-5.511,9107,4527,4580
1629670,Jordan Nwora,2024,-1.338,-0.088,-1.25,-0.475,-0.027,-0.448,-0.548,-0.032,-0.516,-0.227,-0.007,-0.22,-0.263,-0.147,-0.123,-0.611,-0.049,-0.049,-2.212,-2.261,-0.0,-0.611,-0.019,-0.592,-0.611,-0.019,-0.592,-1.845,-0.147,-2.824,-0.164,-2.66,-1.129,-0.229,-0.9,-0.718,-0.158,-0.56,-0.813,0.02,-0.833,-0.156,-0.204,0.051,-0.277,-0.172,-0.172,-3.257,-3.429,0.0,-0.277,-0.369,0.092,-0.277,-0.369,0.092,-0.448,-0.613,-4.163,-0.252,-3.911,-1.605,-0.256,-1.349,-1.266,-0.19,-1.076,-1.04,0.013,-1.053,-0.419,-0.35,-0.071,-0.888,-0.221,-0.221,-5.69,-0.001,-0.888,-0.388,-0.5,-0.888,-0.388,-0.5,-2.293,-0.76,-2.261,-3.429,-5.691,14338,7176,7162
203103,Perry Jones III,2024,-4.295,-0.41,-3.885,-1.37,-0.239,-1.131,-0.497,-0.156,-0.341,-2.018,0.009,-2.027,-0.058,0.253,-0.301,-0.722,-0.057,-0.057,-5.075,-5.132,0.0,-0.722,0.158,-0.88,-0.722,0.158,-0.88,-4.627,-0.921,-0.192,0.353,-0.545,-0.002,0.031,-0.033,0.068,-0.018,0.086,-0.611,-0.048,-0.563,0.002,0.097,-0.101,-0.206,-0.225,-0.225,-0.396,-0.621,0.0,-0.206,0.045,-0.251,-0.206,0.045,-0.251,-1.012,0.178,-4.487,-0.057,-4.43,-1.372,-0.209,-1.163,-0.429,-0.174,-0.255,-2.629,-0.039,-2.59,-0.056,0.35,-0.402,-0.929,-0.281,-0.281,-5.753,0.0,-0.929,0.203,-1.132,-0.929,0.203,-1.132,-5.639,-0.743,-5.132,-0.621,-5.753,2865,1424,1441
203100,Tony Wroten,2024,-2.096,0.035,-2.131,-0.077,0.919,-0.996,-0.018,0.588,-0.606,-2.036,-0.012,-2.024,-0.163,0.523,-0.68,-0.889,-0.012,-0.012,-3.148,-3.16,-0.0,-0.889,-0.47,-0.419,-0.889,-0.47,-0.419,-2.783,0.545,-1.648,0.166,-1.814,-0.717,-0.13,-0.587,-0.47,-0.174,-0.296,-0.627,-0.04,-0.587,-0.326,-0.265,-0.066,0.083,-0.789,-0.789,-1.891,-2.68,0.0,0.083,-0.013,0.096,0.083,-0.013,0.096,-3.014,-0.725,-3.743,0.201,-3.944,-0.794,0.789,-1.583,-0.487,0.415,-0.902,-2.663,-0.052,-2.611,-0.489,0.258,-0.746,-0.805,-0.801,-0.801,-5.84,0.001,-0.805,-0.483,-0.322,-0.805,-0.483,-0.322,-5.797,-0.18,-3.16,-2.68,-5.839,3942,1982,1960
1641731,Bilal Coulibaly,2024,-1.255,0.34,-1.595,-0.247,0.103,-0.35,-0.769,0.101,-0.87,-0.579,-0.047,-0.532,-0.277,0.066,-0.34,-0.756,-1.325,-1.325,-2.288,-3.613,0.0,-0.756,-0.405,-0.351,-0.756,-0.405,-0.351,-1.95,0.358,-1.235,-0.285,-0.95,-0.183,-0.148,-0.035,-1.032,-0.178,-0.854,0.265,0.022,0.243,-0.034,-0.11,0.078,0.139,-1.182,-1.182,-1.13,-2.312,0.0,0.139,0.245,-0.106,0.139,0.245,-0.106,-1.309,-0.756,-2.49,0.055,-2.545,-0.43,-0.045,-0.385,-1.801,-0.077,-1.724,-0.314,-0.025,-0.289,-0.311,-0.045,-0.263,-0.616,-2.508,-2.508,-5.925,0.0,-0.616,-0.161,-0.455,-0.616,-0.161,-0.455,-3.259,-0.397,-3.613,-2.312,-5.925,7212,3598,3614
2557,Luke Ridnour,2024,-2.645,-0.406,-2.239,-0.586,-0.303,-0.283,-1.141,-0.299,-0.842,-0.512,0.002,-0.514,-0.259,-0.043,-0.205,-1.053,-0.95,-0.95,-3.957,-4.907,0.0,-1.053,-0.094,-0.959,-1.053,-0.094,-0.959,-3.418,-0.682,-0.514,0.233,-0.747,-0.224,0.006,-0.23,-0.447,-0.051,-0.396,-0.076,-0.017,-0.059,-0.304,-0.319,0.009,-0.177,-0.033,-0.033,-0.995,-1.028,0.0,-0.177,-0.261,0.084,-0.177,-0.261,0.084,0.522,-0.045,-3.16,-0.173,-2.987,-0.81,-0.297,-0.513,-1.587,-0.349,-1.238,-0.59,-0.016,-0.574,-0.563,-0.362,-0.196,-1.23,-0.983,-0.983,-5.935,0.0,-1.23,-0.355,-0.875,-1.23,-0.355,-0.875,-2.895,-0.727,-4.907,-1.028,-5.935,3173,1589,1584
1628995,Kevin Knox II,2024,-2.164,-0.038,-2.126,-0.783,-0.087,-0.696,-0.426,0.091,-0.517,-0.917,0.011,-0.928,-0.188,0.04,-0.227,0.311,-1.2,-1.2,-2.041,-3.241,0.0,0.311,0.516,-0.205,0.311,0.516,-0.205,-1.791,-0.581,-1.816,0.108,-1.924,-0.718,-0.176,-0.542,-0.183,-0.287,0.104,-1.023,0.004,-1.027,-0.261,-0.276,0.017,-0.326,-0.309,-0.309,-2.403,-2.712,0.0,-0.326,-0.295,-0.031,-0.326,-0.295,-0.031,-1.342,-0.844,-3.98,0.07,-4.05,-1.501,-0.263,-1.238,-0.609,-0.196,-0.413,-1.94,0.015,-1.955,-0.449,-0.236,-0.21,-0.015,-1.509,-1.509,-5.953,0.0,-0.015,0.221,-0.236,-0.015,0.221,-0.236,-3.133,-1.425,-3.241,-2.712,-5.953,22996,11484,11512
1629833,Keljin Blevins,2024,-2.435,-0.092,-2.343,-1.511,-0.166,-1.345,0.04,0.136,-0.096,-0.872,-0.021,-0.851,-0.59,-0.513,-0.08,-0.217,-0.191,-0.191,-3.242,-3.433,0.0,-0.217,0.109,-0.326,-0.217,0.109,-0.326,-0.793,-0.647,-1.325,-0.037,-1.288,-0.279,-0.003,-0.276,-0.246,-0.215,-0.031,-0.763,0.012,-0.775,-0.339,-0.259,-0.081,-0.11,-0.821,-0.821,-1.774,-2.595,-0.0,-0.11,-0.098,-0.012,-0.11,-0.098,-0.012,-1.624,-0.273,-3.761,-0.129,-3.632,-1.79,-0.169,-1.621,-0.206,-0.079,-0.127,-1.636,-0.009,-1.627,-0.928,-0.772,-0.161,-0.327,-1.011,-1.011,-6.028,-0.001,-0.327,0.011,-0.338,-0.327,0.011,-0.338,-2.417,-0.919,-3.433,-2.595,-6.029,1797,896,901
1630527,Brandon Boston Jr.,2024,-3.563,-0.192,-3.371,-1.274,-0.122,-1.152,-0.943,-0.172,-0.771,-1.154,-0.023,-1.131,-0.537,-0.334,-0.204,0.064,-1.117,-1.117,-4.036,-5.153,0.0,0.064,0.521,-0.457,0.064,0.521,-0.457,-2.921,-0.525,-0.265,0.176,-0.441,-0.542,-0.077,-0.465,-0.199,-0.041,-0.158,0.3,0.009,0.291,0.07,0.326,-0.256,0.213,-0.918,-0.918,0.018,-0.9,0.0,0.213,0.273,-0.06,0.213,0.273,-0.06,0.036,-0.412,-3.826,-0.016,-3.81,-1.815,-0.198,-1.617,-1.142,-0.213,-0.929,-0.853,-0.014,-0.839,-0.467,-0.008,-0.46,0.276,-2.035,-2.035,-6.053,0.0,0.276,0.794,-0.518,0.276,0.794,-0.518,-2.885,-0.937,-5.153,-0.9,-6.053,5659,2828,2831
1630177,Theo Maledon,2024,-1.865,0.192,-2.057,-0.758,0.038,-0.796,-0.273,0.178,-0.451,-1.026,0.008,-1.034,-0.039,-0.002,-0.04,-0.845,-0.663,-0.663,-2.749,-3.412,0.0,-0.845,-0.175,-0.67,-0.845,-0.175,-0.67,-1.809,-0.435,-2.11,-0.147,-1.963,-0.415,-0.068,-0.347,-0.595,-0.058,-0.537,-0.953,0.012,-0.965,-0.019,-0.064,0.048,-0.657,-0.044,-0.044,-2.786,-2.83,0.0,-0.657,-0.233,-0.424,-0.657,-0.233,-0.424,-2.052,-0.366,-3.976,0.045,-4.021,-1.173,-0.03,-1.143,-0.868,0.12,-0.988,-1.98,0.02,-2.0,-0.058,-0.066,0.009,-1.502,-0.708,-0.708,-6.242,0.001,-1.502,-0.409,-1.093,-1.502,-0.409,-1.093,-3.862,-0.801,-3.412,-2.83,-6.241,15559,7782,7777
1630553,Keon Johnson,2024,-1.918,0.108,-2.026,-0.909,0.131,-1.04,-0.957,0.066,-1.023,-0.16,-0.007,-0.153,-0.425,-0.327,-0.099,-0.377,0.201,0.201,-2.72,-2.519,-0.0,-0.377,-0.076,-0.301,-0.377,-0.076,-0.301,-0.096,0.207,-2.479,0.035,-2.514,-0.384,-0.122,-0.262,-0.713,-0.306,-0.407,-1.417,0.014,-1.431,-0.447,-0.468,0.021,-0.085,-0.733,-0.733,-3.011,-3.744,0.0,-0.085,0.185,-0.27,-0.085,0.185,-0.27,-2.173,-0.607,-4.397,0.143,-4.54,-1.293,0.009,-1.302,-1.67,-0.24,-1.43,-1.577,0.007,-1.584,-0.872,-0.795,-0.078,-0.461,-0.532,-0.532,-6.263,0.0,-0.461,0.109,-0.57,-0.461,0.109,-0.57,-2.269,-0.4,-2.519,-3.744,-6.263,4837,2410,2427
1629647,Darius Bazley,2024,-2.287,0.037,-2.324,-0.95,0.33,-1.28,0.45,0.533,-0.083,-1.824,0.0,-1.824,-0.727,-0.107,-0.622,-0.684,-2.014,-2.014,-3.698,-5.712,0.0,-0.684,-0.345,-0.339,-0.684,-0.345,-0.339,-3.449,-0.35,0.188,-0.144,0.332,-0.291,-0.048,-0.243,0.179,-0.153,0.332,0.444,-0.001,0.445,0.254,0.414,-0.156,-0.803,-0.214,-0.214,-0.361,-0.575,0.0,-0.803,-0.386,-0.417,-0.803,-0.386,-0.417,-0.629,0.11,-2.098,-0.107,-1.991,-1.241,0.282,-1.523,0.63,0.38,0.25,-1.38,-0.001,-1.379,-0.473,0.307,-0.778,-1.487,-2.228,-2.228,-6.287,0.0,-1.487,-0.73,-0.757,-1.487,-0.73,-0.757,-4.078,-0.24,-5.712,-0.575,-6.287,23491,11713,11778
1630528,Josh Christopher,2024,-0.971,0.236,-1.207,-0.001,0.311,-0.312,-0.496,0.206,-0.702,-0.71,-0.002,-0.708,-0.442,-0.191,-0.251,-1.092,-0.186,-0.186,-2.505,-2.691,0.0,-1.092,-0.341,-0.751,-1.092,-0.341,-0.751,-3.167,0.09,-2.432,0.206,-2.638,-1.136,-0.235,-0.901,-0.758,-0.258,-0.5,-0.744,0.017,-0.761,-0.446,-0.263,-0.183,-0.138,-0.919,-0.919,-3.016,-3.935,0.0,-0.138,0.176,-0.314,-0.138,0.176,-0.314,-2.337,-1.253,-3.403,0.442,-3.845,-1.137,0.076,-1.213,-1.254,-0.053,-1.201,-1.454,0.015,-1.469,-0.888,-0.454,-0.435,-1.23,-1.105,-1.105,-6.626,-0.0,-1.23,-0.165,-1.065,-1.23,-0.165,-1.065,-5.504,-1.163,-2.691,-3.935,-6.626,8794,4386,4408
1627745,Damian Jones,2024,-2.016,-0.171,-1.845,-0.112,-0.006,-0.106,-0.14,-0.212,0.072,-1.593,-0.022,-1.571,-0.568,-0.342,-0.228,-1.289,-0.425,-0.425,-3.873,-4.298,0.0,-1.289,-0.675,-0.614,-1.289,-0.675,-0.614,-2.847,0.086,-1.822,0.22,-2.042,-0.243,0.011,-0.254,-0.483,-0.058,-0.425,-1.316,0.012,-1.328,0.204,0.156,0.05,-0.314,-0.413,-0.413,-1.932,-2.345,0.0,-0.314,0.072,-0.386,-0.314,0.072,-0.386,-1.653,-0.174,-3.838,0.049,-3.887,-0.356,0.004,-0.36,-0.623,-0.27,-0.353,-2.908,-0.009,-2.899,-0.364,-0.186,-0.177,-1.603,-0.838,-0.838,-6.643,0.001,-1.603,-0.603,-1.0,-1.603,-0.603,-1.0,-4.501,-0.089,-4.298,-2.345,-6.642,15448,7714,7734
2034,Mike Miller,2024,-4.019,-0.449,-3.57,-1.259,-0.237,-1.022,-1.12,0.192,-1.312,-1.191,0.11,-1.301,-0.243,-0.065,-0.17,-1.375,-0.101,-0.101,-5.637,-5.738,0.0,-1.375,-0.576,-0.799,-1.375,-0.576,-0.799,-3.405,-1.083,-0.357,0.347,-0.704,-0.507,0.046,-0.553,0.006,0.035,-0.029,-0.203,-0.031,-0.172,0.414,0.064,0.347,-0.454,-0.557,-0.557,-0.397,-0.954,0.0,-0.454,-0.474,0.02,-0.454,-0.474,0.02,-0.284,-0.294,-4.376,-0.102,-4.274,-1.766,-0.191,-1.575,-1.114,0.227,-1.341,-1.394,0.079,-1.473,0.17,-0.001,0.177,-1.829,-0.657,-0.657,-6.692,0.0,-1.829,-1.05,-0.779,-1.829,-1.05,-0.779,-3.689,-1.377,-5.738,-0.954,-6.692,5193,2607,2586
1641711,Gradey Dick,2024,-2.335,0.365,-2.7,-0.07,0.133,-0.203,-0.602,0.283,-0.885,-2.028,-0.027,-2.001,-0.281,-0.551,0.263,-1.156,-0.198,-0.198,-3.772,-3.97,0.0,-1.156,-1.197,0.041,-1.156,-1.197,0.041,0.576,0.72,-2.356,-0.17,-2.186,-1.761,-0.041,-1.72,-0.522,-0.143,-0.379,0.097,0.015,0.082,-0.183,-0.109,-0.074,0.154,-0.521,-0.521,-2.385,-2.906,-0.0,0.154,0.464,-0.31,0.154,0.464,-0.31,-1.676,-0.837,-4.694,0.195,-4.889,-1.832,0.092,-1.924,-1.124,0.14,-1.264,-1.933,-0.013,-1.92,-0.464,-0.659,0.188,-1.002,-0.719,-0.719,-6.876,-0.0,-1.002,-0.733,-0.269,-1.002,-0.733,-0.269,-1.1,-0.117,-3.97,-2.906,-6.876,5259,2628,2631
1630181,R.J. Hampton,2024,-1.623,-0.008,-1.615,-0.826,0.076,-0.902,-1.128,0.293,-1.421,0.339,-0.011,0.35,-0.381,-0.092,-0.293,-0.184,-1.036,-1.036,-2.188,-3.224,0.0,-0.184,0.038,-0.222,-0.184,0.038,-0.222,-2.89,-0.724,-2.322,-0.077,-2.245,-0.663,-0.136,-0.527,-0.812,-0.177,-0.635,-0.77,0.014,-0.784,-0.487,-0.402,-0.083,-0.536,-0.419,-0.419,-3.345,-3.764,0.0,-0.536,-0.27,-0.266,-0.536,-0.27,-0.266,-2.892,-0.726,-3.944,-0.085,-3.859,-1.488,-0.06,-1.428,-1.94,0.115,-2.055,-0.431,0.003,-0.434,-0.869,-0.495,-0.375,-0.72,-1.454,-1.454,-6.988,0.0,-0.72,-0.232,-0.488,-0.72,-0.232,-0.488,-5.783,-1.45,-3.224,-3.764,-6.988,12833,6397,6436
1626143,Jahlil Okafor,2024,-2.455,0.208,-2.663,0.08,-0.012,0.092,-1.034,-0.575,-0.459,-1.709,-0.103,-1.606,-0.721,-0.406,-0.311,-1.449,-0.957,-0.957,-4.625,-5.582,0.0,-1.449,-0.163,-1.286,-1.449,-0.163,-1.286,-6.09,-0.551,-0.16,-0.131,-0.029,-0.002,-0.029,0.027,-0.536,0.264,-0.8,0.509,0.053,0.456,0.365,0.303,0.061,-1.526,-0.469,-0.469,-1.321,-1.79,0.0,-1.526,-0.763,-0.763,-1.526,-0.763,-0.763,-1.828,-0.54,-2.614,0.077,-2.691,0.078,-0.041,0.119,-1.57,-0.311,-1.259,-1.199,-0.05,-1.149,-0.356,-0.103,-0.25,-2.975,-1.426,-1.426,-7.372,0.0,-2.975,-0.927,-2.048,-2.975,-0.927,-2.048,-7.918,-1.091,-5.582,-1.79,-7.372,17952,8957,8995
200745,Andrea Bargnani,2024,-3.703,-0.077,-3.626,-1.158,-0.298,-0.86,-0.307,-0.767,0.46,-2.161,-0.111,-2.05,-0.038,-0.235,0.202,0.374,-1.121,-1.121,-3.367,-4.488,-0.0,0.374,0.376,-0.002,0.374,0.376,-0.002,-1.839,-0.683,-3.025,0.041,-3.066,-1.015,-0.26,-0.755,-0.931,-0.169,-0.762,-1.12,-0.014,-1.106,-0.034,-0.104,0.065,-0.658,0.505,0.505,-3.717,-3.212,-0.0,-0.658,-0.6,-0.058,-0.658,-0.6,-0.058,-1.911,-0.547,-6.727,-0.036,-6.691,-2.172,-0.558,-1.614,-1.238,-0.936,-0.302,-3.281,-0.125,-3.156,-0.072,-0.339,0.267,-0.284,-0.616,-0.616,-7.7,-0.0,-0.284,-0.224,-0.06,-0.284,-0.224,-0.06,-3.751,-1.23,-4.488,-3.212,-7.7,5621,2809,2812
1630164,James Wiseman,2024,-2.398,0.059,-2.457,0.099,-0.226,0.325,-0.901,-0.66,-0.241,-1.655,-0.038,-1.617,-0.617,-0.378,-0.245,-1.727,-0.456,-0.456,-4.742,-5.198,0.0,-1.727,-0.952,-0.775,-1.727,-0.952,-0.775,-2.496,0.066,-1.381,-0.2,-1.181,-0.268,-0.034,-0.234,-0.548,-0.131,-0.417,-0.365,0.019,-0.384,-0.242,-0.378,0.141,-0.66,-0.792,-0.792,-2.283,-3.075,0.0,-0.66,-0.346,-0.314,-0.66,-0.346,-0.314,-2.513,-0.581,-3.78,-0.141,-3.639,-0.169,-0.26,0.091,-1.45,-0.791,-0.659,-2.02,-0.019,-2.001,-0.859,-0.756,-0.104,-2.386,-1.248,-1.248,-8.273,0.001,-2.386,-1.298,-1.088,-2.386,-1.298,-1.088,-5.009,-0.515,-5.198,-3.075,-8.272,11734,5848,5886
