player_id,player_name,Latest_Year,oDECOMP_EFG,oDECOMP_EFG_PARENT,oDECOMP_EFG_CHILDREN,oDECOMP_EFG_PARENT_GAP,oDECOMP_EFG_DISPLAY_GAP,oDECOMP_RIM,oDECOMP_RIM_FREQ,oDECOMP_RIM_FG,oDECOMP_MID_FG,oDECOMP_THREE,oDECOMP_THREE_FREQ,oDECOMP_THREE_FG,oDECOMP_FT,oDECOMP_FT_FREQ,oDECOMP_FT_SEVERITY,oDECOMP_TOV_VALUE,oSC,oSC_CLEAN,oFC,oDISPLAY_SUM,oRESID,oDECOMP_TOV_LOSS_VALUE,oDECOMP_TOV_VALUE_bp,oDECOMP_TOV_VALUE_sc,oDECOMP_TOV_VALUE_split,oDECOMP_BADPASS_TOV_VALUE,oDECOMP_SCORING_TOV_VALUE,oASSIST_POINTS,oRIM_ASSIST,dDECOMP_EFG,dDECOMP_EFG_PARENT,dDECOMP_EFG_CHILDREN,dDECOMP_EFG_PARENT_GAP,dDECOMP_EFG_DISPLAY_GAP,dDECOMP_RIM,dDECOMP_RIM_FREQ,dDECOMP_RIM_FG,dDECOMP_MID_FG,dDECOMP_THREE,dDECOMP_THREE_FREQ,dDECOMP_THREE_FG,dDECOMP_FT,dDECOMP_FT_FREQ,dDECOMP_FT_SEVERITY,dDECOMP_TOV_VALUE,dSC,dSC_CLEAN,dFC,dDISPLAY_SUM,dRESID,dDECOMP_TOV_LOSS_VALUE,dDECOMP_TOV_VALUE_bp,dDECOMP_TOV_VALUE_sc,dDECOMP_TOV_VALUE_split,dDECOMP_BADPASS_TOV_VALUE,dDECOMP_SCORING_TOV_VALUE,dASSIST_POINTS,dRIM_ASSIST,nDECOMP_EFG,nDECOMP_EFG_PARENT,nDECOMP_EFG_CHILDREN,nDECOMP_EFG_PARENT_GAP,nDECOMP_EFG_DISPLAY_GAP,nDECOMP_RIM,nDECOMP_RIM_FREQ,nDECOMP_RIM_FG,nDECOMP_MID_FG,nDECOMP_THREE,nDECOMP_THREE_FREQ,nDECOMP_THREE_FG,nDECOMP_FT,nDECOMP_FT_FREQ,nDECOMP_FT_SEVERITY,nDECOMP_TOV_VALUE,nSC,nSC_CLEAN,nDISPLAY_SUM,RESID,nDECOMP_TOV_LOSS_VALUE,nDECOMP_TOV_VALUE_bp,nDECOMP_TOV_VALUE_sc,nDECOMP_TOV_VALUE_split,nDECOMP_BADPASS_TOV_VALUE,nDECOMP_SCORING_TOV_VALUE,nASSIST_POINTS,nRIM_ASSIST,off,def,net_rapm,possessions,off_poss,def_poss
2544,LeBron James,2016,5.619,5.622,5.638,-0.016,-0.019,3.993,1.42,2.573,0.093,1.552,0.435,1.117,0.366,0.514,-0.147,0.413,0.12,0.12,6.398,6.518,0.0,0.413,-0.124,0.537,0.413,-0.124,0.537,3.356,1.573,1.125,1.118,1.108,0.01,0.017,0.666,0.182,0.484,0.419,0.023,0.001,0.022,0.307,0.395,-0.087,0.551,0.63,0.63,1.983,2.613,0.0,0.551,0.354,0.197,0.551,0.354,0.197,1.756,0.464,6.744,6.74,6.746,-0.006,-0.002,4.659,1.602,3.057,0.512,1.575,0.436,1.139,0.673,0.909,-0.234,0.964,0.75,0.75,9.131,0.0,0.964,0.23,0.734,0.964,0.23,0.734,5.112,2.037,6.518,2.613,9.131,26115,13058,13057
203110,Draymond Green,2016,3.94,3.936,3.93,0.006,0.01,1.952,0.63,1.322,-0.362,2.34,0.904,1.436,0.363,0.436,-0.071,0.229,-0.42,-0.42,4.532,4.112,0.0,0.229,-0.173,0.402,0.229,-0.173,0.402,5.866,1.456,2.662,2.664,2.664,0.0,-0.002,1.188,0.513,0.675,1.291,0.185,0.028,0.157,0.364,0.264,0.1,0.668,0.558,0.558,3.694,4.252,0.0,0.668,0.504,0.164,0.668,0.504,0.164,1.83,0.531,6.602,6.6,6.594,0.006,0.008,3.14,1.143,1.997,0.929,2.525,0.932,1.593,0.727,0.7,0.029,0.897,0.138,0.138,8.364,0.0,0.897,0.331,0.566,0.897,0.331,0.566,7.696,1.987,4.112,4.252,8.364,28249,14146,14103
201939,Stephen Curry,2016,5.083,5.08,5.077,0.003,0.006,1.754,0.911,0.843,-0.49,3.813,1.17,2.643,0.743,0.238,0.507,-0.423,1.264,1.264,5.403,6.667,-0.0,-0.423,-0.837,0.414,-0.423,-0.837,0.414,3.858,1.388,0.699,0.698,0.699,-0.001,-0.0,-0.262,-0.083,-0.179,0.299,0.662,0.043,0.619,-0.38,-0.218,-0.163,0.199,0.476,0.476,0.518,0.994,0.0,0.199,-0.022,0.221,0.199,-0.022,0.221,1.631,0.08,5.782,5.779,5.776,0.003,0.006,1.492,0.828,0.664,-0.191,4.475,1.213,3.262,0.363,0.02,0.344,-0.224,1.74,1.74,7.661,-0.0,-0.224,-0.859,0.635,-0.224,-0.859,0.635,5.489,1.468,6.667,0.994,7.661,27870,13954,13916
101108,Chris Paul,2016,3.981,3.988,3.98,0.008,0.001,0.691,-0.152,0.843,2.32,0.969,0.256,0.713,0.849,0.769,0.077,1.546,-0.639,-0.639,6.376,5.737,0.0,1.546,0.608,0.938,1.546,0.608,0.938,1.455,0.617,0.814,0.81,0.814,-0.004,-0.0,0.205,0.076,0.129,0.421,0.188,0.132,0.056,-0.222,-0.22,-0.004,0.231,0.488,0.488,0.823,1.311,0.0,0.231,-0.077,0.308,0.231,-0.077,0.308,0.043,-0.035,4.795,4.798,4.794,0.004,0.001,0.896,-0.076,0.972,2.741,1.157,0.388,0.769,0.627,0.549,0.073,1.777,-0.151,-0.151,7.048,0.0,1.777,0.531,1.246,1.777,0.531,1.246,1.498,0.582,5.737,1.311,7.048,23082,11588,11494
201566,Russell Westbrook,2016,4.757,4.767,4.799,-0.032,-0.042,3.057,1.672,1.385,1.878,-0.136,-0.292,0.156,1.375,0.974,0.399,0.788,0.309,0.309,6.92,7.229,0.0,0.788,-0.127,0.915,0.788,-0.127,0.915,-0.042,1.676,-0.909,-0.912,-0.919,0.007,0.01,-0.358,-0.247,-0.111,-0.296,-0.265,0.016,-0.281,-0.102,-0.255,0.153,0.26,-0.057,-0.057,-0.751,-0.808,0.0,0.26,0.213,0.047,0.26,0.213,0.047,-0.196,-0.342,3.848,3.855,3.88,-0.025,-0.032,2.699,1.425,1.274,1.582,-0.401,-0.276,-0.125,1.273,0.719,0.552,1.048,0.252,0.252,6.421,0.0,1.048,0.086,0.962,1.048,0.086,0.962,-0.238,1.334,7.229,-0.808,6.421,23004,11521,11483
2594,Kyle Korver,2016,4.957,4.966,4.942,0.024,0.015,1.046,0.156,0.89,1.327,2.569,0.515,2.054,-0.698,-1.092,0.393,-0.004,-0.308,-0.308,4.255,3.947,-0.0,-0.004,-0.499,0.495,-0.004,-0.499,0.495,8.091,0.915,1.334,1.344,1.347,-0.003,-0.013,0.8,0.024,0.776,0.281,0.266,-0.05,0.316,0.208,0.175,0.032,0.353,0.287,0.287,1.895,2.182,0.0,0.353,0.047,0.306,0.353,0.047,0.306,-0.343,0.165,6.291,6.311,6.289,0.022,0.002,1.846,0.18,1.666,1.608,2.835,0.465,2.37,-0.49,-0.917,0.425,0.349,-0.021,-0.021,6.129,-0.001,0.349,-0.452,0.801,0.349,-0.452,0.801,7.748,1.08,3.947,2.182,6.128,22373,11293,11080
201935,James Harden,2016,4.346,4.351,4.362,-0.011,-0.016,1.309,0.97,0.339,0.325,2.728,0.829,1.899,2.229,1.692,0.532,0.614,-0.257,-0.257,7.189,6.932,0.0,0.614,0.316,0.298,0.614,0.316,0.298,-0.08,0.381,-1.109,-1.102,-1.107,0.005,-0.002,-0.367,-0.314,-0.053,-0.471,-0.269,-0.143,-0.126,-0.362,-0.689,0.326,0.463,0.035,0.035,-1.008,-0.973,0.0,0.463,0.373,0.09,0.463,0.373,0.09,-0.085,-0.142,3.237,3.249,3.255,-0.006,-0.018,0.942,0.656,0.286,-0.146,2.459,0.686,1.773,1.867,1.003,0.858,1.077,-0.222,-0.222,5.959,-0.0,1.077,0.689,0.388,1.077,0.689,0.388,-0.165,0.239,6.932,-0.973,5.959,27835,13925,13910
202695,Kawhi Leonard,2016,1.119,1.113,1.116,-0.003,0.003,0.487,-0.348,0.835,0.587,0.042,-0.579,0.621,0.442,0.173,0.268,1.189,-0.175,-0.175,2.75,2.575,0.0,1.189,0.699,0.49,1.189,0.699,0.49,0.746,-0.047,1.658,1.662,1.664,-0.002,-0.006,0.271,-0.09,0.361,0.491,0.902,0.221,0.681,0.253,0.263,-0.009,0.485,0.941,0.941,2.396,3.337,0.0,0.485,0.411,0.074,0.485,0.411,0.074,0.698,-0.047,2.777,2.776,2.78,-0.004,-0.003,0.758,-0.438,1.196,1.078,0.944,-0.358,1.302,0.695,0.436,0.259,1.674,0.766,0.766,5.912,0.0,1.674,1.11,0.564,1.674,1.11,0.564,1.444,-0.094,2.575,3.337,5.912,19320,9661,9659
203114,Khris Middleton,2016,2.254,2.247,2.259,-0.012,-0.005,-0.151,0.292,-0.443,1.168,1.242,-0.272,1.514,0.184,-0.035,0.219,0.432,0.246,0.246,2.87,3.116,0.0,0.432,0.116,0.316,0.432,0.116,0.316,3.011,0.419,1.303,1.301,1.297,0.004,0.006,0.14,-0.245,0.385,0.846,0.311,-0.161,0.472,-0.289,-0.287,-0.003,1.382,0.195,0.195,2.396,2.591,0.0,1.382,0.91,0.472,1.382,0.91,0.472,1.52,0.527,3.557,3.548,3.556,-0.008,0.001,-0.011,0.047,-0.058,2.014,1.553,-0.433,1.986,-0.105,-0.322,0.216,1.814,0.441,0.441,5.707,0.0,1.814,1.026,0.788,1.814,1.026,0.788,4.531,0.946,3.116,2.591,5.707,21244,10640,10604
201142,Kevin Durant,2016,3.353,3.359,3.386,-0.027,-0.033,1.228,0.234,0.994,1.449,0.709,0.386,0.323,1.308,0.418,0.889,0.114,-0.546,-0.546,4.775,4.229,0.0,0.114,-0.139,0.253,0.114,-0.139,0.253,3.061,0.987,2.592,2.593,2.586,0.007,0.006,0.726,-0.167,0.893,0.774,1.086,-0.007,1.093,-0.022,0.076,-0.097,-0.623,-0.667,-0.667,1.947,1.28,-0.0,-0.623,-0.297,-0.326,-0.623,-0.297,-0.326,2.255,0.254,5.945,5.952,5.972,-0.02,-0.027,1.954,0.067,1.887,2.223,1.795,0.379,1.416,1.286,0.494,0.792,-0.509,-1.213,-1.213,5.509,0.001,-0.509,-0.436,-0.073,-0.509,-0.436,-0.073,5.316,1.241,4.229,1.28,5.51,16848,8466,8382
201980,Danny Green,2016,2.341,2.346,2.336,0.01,0.005,-0.215,-0.216,0.001,0.805,1.746,0.21,1.536,0.024,-0.066,0.09,0.702,0.071,0.071,3.067,3.138,-0.0,0.702,0.529,0.173,0.702,0.529,0.173,3.47,-0.062,1.658,1.657,1.66,-0.003,-0.002,1.246,0.052,1.194,-0.155,0.569,0.122,0.447,0.575,0.567,0.008,-0.119,0.25,0.25,2.114,2.364,0.0,-0.119,-0.036,-0.083,-0.119,-0.036,-0.083,0.761,0.625,3.999,4.003,3.996,0.007,0.003,1.031,-0.164,1.195,0.65,2.315,0.332,1.983,0.599,0.501,0.098,0.583,0.321,0.321,5.502,-0.0,0.583,0.493,0.09,0.583,0.493,0.09,4.231,0.563,3.138,2.364,5.502,18688,9349,9339
200768,Kyle Lowry,2016,1.283,1.283,1.294,-0.011,-0.011,0.531,0.024,0.507,-0.047,0.81,0.511,0.299,0.248,-0.04,0.288,0.413,0.955,0.955,1.944,2.899,0.0,0.413,0.444,-0.031,0.413,0.444,-0.031,1.036,0.31,0.74,0.739,0.737,0.002,0.003,0.455,0.18,0.275,0.434,-0.152,-0.031,-0.121,0.012,0.001,0.011,0.938,0.178,0.178,1.69,1.868,0.0,0.938,0.055,0.883,0.938,0.055,0.883,0.142,0.337,2.023,2.022,2.031,-0.009,-0.008,0.986,0.204,0.782,0.387,0.658,0.48,0.178,0.26,-0.039,0.299,1.351,1.133,1.133,4.767,0.0,1.351,0.499,0.852,1.351,0.499,0.852,1.178,0.647,2.899,1.868,4.767,23658,11851,11807
203484,Kentavious Caldwell-Pope,2016,1.128,1.134,1.15,-0.016,-0.022,0.525,0.378,0.147,-0.256,0.881,0.184,0.697,0.603,0.606,-0.004,0.683,0.635,0.635,2.414,3.049,0.0,0.683,0.149,0.534,0.683,0.149,0.534,0.089,0.257,0.986,0.987,0.988,-0.001,-0.002,0.593,0.156,0.437,-0.121,0.516,0.154,0.362,0.146,0.182,-0.035,-0.188,-0.007,-0.007,0.944,0.937,0.0,-0.188,-0.21,0.022,-0.188,-0.21,0.022,1.134,0.278,2.114,2.12,2.138,-0.018,-0.024,1.118,0.534,0.584,-0.377,1.397,0.338,1.059,0.749,0.788,-0.039,0.495,0.628,0.628,3.986,0.0,0.495,-0.061,0.556,0.495,-0.061,0.556,1.223,0.535,3.049,0.937,3.986,21560,10785,10775
1938,Manu Ginobili,2016,2.385,2.39,2.382,0.008,0.003,1.194,0.945,0.249,-0.507,1.695,0.572,1.123,0.764,1.025,-0.26,-0.839,-0.175,-0.175,2.31,2.135,-0.0,-0.839,-0.872,0.033,-0.839,-0.872,0.033,4.324,1.163,1.146,1.146,1.146,0.0,0.0,0.79,0.213,0.577,-0.442,0.798,0.01,0.788,-0.168,-0.361,0.194,0.928,-0.078,-0.078,1.906,1.828,0.0,0.928,0.234,0.694,0.928,0.234,0.694,1.768,0.39,3.531,3.536,3.528,0.008,0.003,1.984,1.158,0.826,-0.949,2.493,0.582,1.911,0.596,0.664,-0.066,0.089,-0.253,-0.253,3.963,0.0,0.089,-0.638,0.727,0.089,-0.638,0.727,6.092,1.553,2.135,1.828,3.963,11897,5960,5937
202335,Patrick Patterson,2016,1.961,1.96,1.966,-0.006,-0.005,0.064,-0.23,0.294,0.983,0.919,0.677,0.242,0.561,0.284,0.277,1.061,1.254,1.254,3.583,4.837,0.0,1.061,0.782,0.279,1.061,0.782,0.279,0.813,-0.268,-0.24,-0.231,-0.232,0.001,-0.008,0.35,0.133,0.217,-0.825,0.243,-0.271,0.514,-0.275,-0.15,-0.123,0.078,-0.51,-0.51,-0.437,-0.947,0.0,0.078,0.262,-0.184,0.078,0.262,-0.184,1.211,0.5,1.721,1.729,1.734,-0.005,-0.013,0.414,-0.097,0.511,0.158,1.162,0.406,0.756,0.286,0.134,0.154,1.139,0.744,0.744,3.89,0.001,1.139,1.044,0.095,1.139,1.044,0.095,2.024,0.232,4.837,-0.947,3.891,18277,9160,9117
200794,Paul Millsap,2016,2.487,2.496,2.484,0.012,0.003,0.968,0.9,0.068,0.083,1.433,0.248,1.185,0.537,0.59,-0.055,-0.175,0.077,0.077,2.849,2.926,0.0,-0.175,-0.183,0.008,-0.175,-0.183,0.008,2.093,0.441,0.727,0.737,0.742,-0.005,-0.015,0.874,-0.402,1.276,0.109,-0.241,-0.059,-0.182,0.176,0.109,0.067,0.847,-0.924,-0.924,1.75,0.826,0.0,0.847,0.362,0.485,0.847,0.362,0.485,-0.304,0.262,3.214,3.233,3.226,0.007,-0.012,1.842,0.498,1.344,0.192,1.192,0.189,1.003,0.713,0.699,0.012,0.672,-0.847,-0.847,3.752,-0.0,0.672,0.179,0.493,0.672,0.179,0.493,1.789,0.703,2.926,0.826,3.752,23610,11843,11767
203469,Cody Zeller,2016,1.121,1.117,1.103,0.014,0.018,0.738,0.285,0.453,-0.601,0.966,-0.237,1.203,0.496,-0.011,0.506,-0.393,0.626,0.626,1.224,1.85,0.0,-0.393,-0.183,-0.21,-0.393,-0.183,-0.21,2.135,0.934,1.239,1.238,1.237,0.001,0.002,0.974,0.146,0.828,0.265,-0.002,-0.141,0.139,0.277,0.231,0.048,0.058,0.152,0.152,1.574,1.726,0.0,0.058,0.003,0.055,0.058,0.003,0.055,0.603,0.452,2.36,2.355,2.34,0.015,0.02,1.712,0.431,1.281,-0.336,0.964,-0.378,1.342,0.773,0.22,0.554,-0.335,0.778,0.778,3.576,-0.001,-0.335,-0.18,-0.155,-0.335,-0.18,-0.155,2.738,1.386,1.85,1.726,3.575,13280,6648,6632
201937,Ricky Rubio,2016,0.538,0.54,0.552,-0.012,-0.014,0.398,0.311,0.087,0.775,-0.621,-0.303,-0.318,1.061,0.704,0.356,0.42,-0.421,-0.421,2.019,1.598,0.0,0.42,0.245,0.175,0.42,0.245,0.175,2.734,0.687,1.312,1.311,1.313,-0.002,-0.001,0.401,-0.078,0.479,0.807,0.105,-0.013,0.118,-0.16,-0.128,-0.032,0.815,-0.026,-0.026,1.967,1.941,0.0,0.815,0.036,0.779,0.815,0.036,0.779,1.157,0.072,1.85,1.852,1.865,-0.013,-0.015,0.799,0.233,0.566,1.582,-0.516,-0.316,-0.2,0.901,0.576,0.324,1.235,-0.447,-0.447,3.539,0.0,1.235,0.281,0.954,1.235,0.281,0.954,3.891,0.759,1.598,1.941,3.539,11950,5972,5978
202322,John Wall,2016,1.953,1.957,1.949,0.008,0.004,0.861,0.201,0.66,0.442,0.646,0.223,0.423,0.265,0.33,-0.065,0.526,-0.785,-0.785,2.744,1.959,0.0,0.526,0.214,0.312,0.526,0.214,0.312,1.92,0.509,0.288,0.284,0.283,0.001,0.005,0.569,0.139,0.43,-0.655,0.369,0.03,0.339,0.083,-0.109,0.191,1.039,0.168,0.168,1.41,1.578,0.0,1.039,0.193,0.846,1.039,0.193,0.846,1.9,0.431,2.241,2.241,2.232,0.009,0.009,1.43,0.34,1.09,-0.213,1.015,0.253,0.762,0.348,0.221,0.126,1.565,-0.617,-0.617,3.537,-0.001,1.565,0.407,1.158,1.565,0.407,1.158,3.82,0.94,1.959,1.578,3.536,23446,11736,11710
2754,Tony Allen,2016,-1.044,-1.045,-1.037,-0.008,-0.007,0.474,1.2,-0.726,-0.993,-0.518,-0.786,0.268,0.28,0.395,-0.115,-0.201,1.454,1.454,-0.965,0.489,0.0,-0.201,-0.086,-0.115,-0.201,-0.086,-0.115,-1.487,0.51,1.206,1.207,1.209,-0.002,-0.003,0.045,-0.084,0.129,0.782,0.382,0.042,0.34,0.058,0.058,-0.001,1.459,0.185,0.185,2.723,2.908,0.0,1.459,1.134,0.325,1.459,1.134,0.325,1.349,0.363,0.162,0.162,0.172,-0.01,-0.01,0.519,1.116,-0.597,-0.211,-0.136,-0.744,0.608,0.338,0.453,-0.116,1.258,1.639,1.639,3.397,0.0,1.258,1.048,0.21,1.258,1.048,0.21,-0.138,0.873,0.489,2.908,3.397,13878,6907,6971
201599,DeAndre Jordan,2016,2.779,2.79,2.786,0.004,-0.007,0.544,-0.479,1.023,0.655,1.587,0.02,1.567,-1.349,0.359,-1.709,-0.067,1.054,1.054,1.363,2.417,0.0,-0.067,-0.261,0.194,-0.067,-0.261,0.194,3.341,0.868,0.417,0.422,0.426,-0.004,-0.009,0.687,0.594,0.093,0.098,-0.359,-0.046,-0.313,0.576,0.633,-0.059,-0.343,0.267,0.267,0.65,0.917,0.0,-0.343,-0.01,-0.333,-0.343,-0.01,-0.333,-1.389,0.195,3.196,3.212,3.212,0.0,-0.016,1.231,0.115,1.116,0.753,1.228,-0.026,1.254,-0.773,0.992,-1.768,-0.41,1.321,1.321,3.334,0.0,-0.41,-0.271,-0.139,-0.41,-0.271,-0.139,1.952,1.063,2.417,0.917,3.334,23995,12019,11976
203077,Michael Kidd-Gilchrist,2016,-0.189,-0.18,-0.176,-0.004,-0.013,-0.1,0.298,-0.398,0.695,-0.771,-0.704,-0.067,0.002,0.13,-0.124,0.12,0.611,0.611,-0.067,0.544,0.0,0.12,0.3,-0.18,0.12,0.3,-0.18,0.832,0.542,1.503,1.501,1.505,-0.004,-0.002,0.545,0.04,0.505,0.314,0.646,0.198,0.448,0.313,0.238,0.076,-0.301,1.267,1.267,1.515,2.782,0.0,-0.301,-0.182,-0.119,-0.301,-0.182,-0.119,0.69,0.296,1.314,1.321,1.329,-0.008,-0.015,0.445,0.338,0.107,1.009,-0.125,-0.506,0.381,0.315,0.368,-0.048,-0.181,1.878,1.878,3.326,0.0,-0.181,0.118,-0.299,-0.181,0.118,-0.299,1.522,0.838,0.544,2.782,3.326,6893,3437,3456
203999,Nikola Jokić,2016,0.212,0.205,0.21,-0.005,0.002,-0.657,0.189,-0.846,0.388,0.479,-0.079,0.558,-0.018,-0.218,0.201,0.582,0.81,0.81,0.776,1.586,0.0,0.582,0.092,0.49,0.582,0.092,0.49,1.901,0.097,0.086,0.09,0.089,0.001,-0.003,0.769,0.224,0.545,-0.0,-0.68,-0.012,-0.668,0.306,0.233,0.075,0.253,1.024,1.024,0.645,1.669,0.0,0.253,0.09,0.163,0.253,0.09,0.163,-0.777,0.303,0.298,0.295,0.299,-0.004,-0.001,0.112,0.413,-0.301,0.388,-0.201,-0.091,-0.11,0.288,0.015,0.276,0.835,1.834,1.834,3.255,0.0,0.835,0.182,0.653,0.835,0.182,0.653,1.124,0.4,1.586,1.669,3.255,6783,3384,3399
2546,Carmelo Anthony,2016,2.233,2.242,2.256,-0.014,-0.023,-0.153,-0.447,0.294,1.496,0.913,-0.169,1.082,0.593,0.52,0.071,1.074,0.998,0.998,3.9,4.898,-0.0,1.074,0.625,0.449,1.074,0.625,0.449,0.571,-0.448,-1.071,-1.071,-1.074,0.003,0.003,0.118,-0.161,0.279,-0.157,-1.035,-0.117,-0.918,-0.373,-0.379,0.007,-0.412,0.102,0.102,-1.856,-1.754,-0.0,-0.412,-0.355,-0.057,-0.412,-0.355,-0.057,-0.123,0.364,1.162,1.171,1.182,-0.011,-0.02,-0.035,-0.608,0.573,1.339,-0.122,-0.286,0.164,0.22,0.141,0.078,0.662,1.1,1.1,3.144,-0.0,0.662,0.27,0.392,0.662,0.27,0.392,0.448,-0.084,4.898,-1.754,3.144,15062,7523,7539
200746,LaMarcus Aldridge,2016,-0.035,-0.038,-0.055,0.017,0.02,0.09,-0.332,0.422,0.926,-1.071,-0.992,-0.079,0.409,-0.169,0.575,0.724,0.81,0.81,1.098,1.908,0.0,0.724,0.432,0.292,0.724,0.432,0.292,-1.078,-0.305,0.909,0.906,0.911,-0.005,-0.002,0.529,0.384,0.145,0.085,0.297,0.357,-0.06,0.137,0.156,-0.021,-0.145,0.33,0.33,0.901,1.231,0.0,-0.145,-0.298,0.153,-0.145,-0.298,0.153,0.998,0.458,0.874,0.867,0.856,0.011,0.018,0.619,0.052,0.567,1.011,-0.774,-0.635,-0.139,0.546,-0.013,0.554,0.579,1.14,1.14,3.139,-0.0,0.579,0.134,0.445,0.579,0.134,0.445,-0.08,0.153,1.908,1.231,3.139,20407,10204,10203
201950,Jrue Holiday,2016,1.819,1.819,1.837,-0.018,-0.018,0.545,0.341,0.204,1.109,0.183,0.226,-0.043,0.255,0.13,0.125,0.865,-0.656,-0.656,2.939,2.283,0.0,0.865,0.324,0.541,0.865,0.324,0.541,-0.183,0.408,-0.362,-0.363,-0.365,0.002,0.003,0.04,0.249,-0.209,0.007,-0.412,-0.192,-0.22,-0.033,0.09,-0.122,0.627,0.612,0.612,0.232,0.844,0.0,0.627,0.092,0.535,0.627,0.092,0.535,1.131,0.256,1.457,1.457,1.472,-0.015,-0.015,0.585,0.59,-0.005,1.116,-0.229,0.034,-0.263,0.222,0.22,0.003,1.492,-0.044,-0.044,3.127,0.0,1.492,0.416,1.076,1.492,0.416,1.076,0.948,0.664,2.283,0.844,3.127,12605,6314,6291
202691,Klay Thompson,2016,4.687,4.688,4.688,-0.0,-0.001,0.864,0.075,0.789,0.838,2.986,0.431,2.555,-0.192,-0.409,0.216,0.253,-1.329,-1.329,4.748,3.419,-0.0,0.253,-0.099,0.352,0.253,-0.099,0.352,4.824,0.563,-0.321,-0.321,-0.321,0.0,0.0,-0.091,0.025,-0.116,0.122,-0.352,0.043,-0.395,-0.079,-0.072,-0.006,-0.088,0.171,0.171,-0.488,-0.317,-0.0,-0.088,-0.115,0.027,-0.088,-0.115,0.027,0.152,0.018,4.366,4.367,4.367,0.0,-0.001,0.773,0.1,0.673,0.96,2.634,0.474,2.16,-0.271,-0.481,0.21,0.165,-1.158,-1.158,3.102,-0.0,0.165,-0.214,0.379,0.165,-0.214,0.379,4.976,0.581,3.419,-0.317,3.102,27423,13715,13708
201588,George Hill,2016,1.854,1.858,1.843,0.015,0.011,0.475,-0.138,0.613,0.606,0.762,0.142,0.62,0.19,0.302,-0.112,0.873,-0.748,-0.748,2.917,2.169,0.0,0.873,0.558,0.315,0.873,0.558,0.315,1.494,0.299,0.613,0.61,0.61,0.0,0.003,0.823,0.121,0.702,-0.355,0.142,0.055,0.087,-0.042,-0.172,0.129,0.028,0.24,0.24,0.599,0.839,0.0,0.028,0.104,-0.076,0.028,0.104,-0.076,1.376,0.543,2.467,2.468,2.453,0.015,0.014,1.298,-0.017,1.315,0.251,0.904,0.197,0.707,0.148,0.13,0.017,0.901,-0.508,-0.508,3.008,0.001,0.901,0.662,0.239,0.901,0.662,0.239,2.87,0.842,2.169,0.839,3.009,15790,7900,7890
202710,Jimmy Butler III,2016,0.375,0.373,0.38,-0.007,-0.005,0.133,0.404,-0.271,0.179,0.068,-0.354,0.422,1.212,0.866,0.344,0.706,0.177,0.177,2.293,2.47,0.0,0.706,0.513,0.193,0.706,0.513,0.193,-1.518,-0.372,0.638,0.642,0.643,-0.001,-0.005,0.707,-0.116,0.823,0.125,-0.189,0.182,-0.371,0.145,0.164,-0.021,0.114,-0.615,-0.615,0.897,0.282,-0.0,0.114,0.143,-0.029,0.114,0.143,-0.029,0.203,0.075,1.013,1.015,1.023,-0.008,-0.01,0.84,0.288,0.552,0.304,-0.121,-0.172,0.051,1.357,1.03,0.323,0.82,-0.438,-0.438,2.752,-0.0,0.82,0.656,0.164,0.82,0.656,0.164,-1.315,-0.297,2.47,0.282,2.752,21108,10551,10557
203076,Anthony Davis,2016,0.158,0.158,0.167,-0.009,-0.009,0.725,0.444,0.281,0.801,-1.359,-0.645,-0.714,0.36,0.213,0.145,0.473,0.241,0.241,0.991,1.232,0.0,0.473,-0.151,0.624,0.473,-0.151,0.624,1.664,0.806,0.481,0.488,0.489,-0.001,-0.008,-0.646,-0.138,-0.508,0.803,0.332,0.241,0.091,-0.015,-0.191,0.175,-0.028,1.0,1.0,0.438,1.438,0.0,-0.028,0.239,-0.267,-0.028,0.239,-0.267,0.802,-0.003,0.639,0.645,0.656,-0.011,-0.017,0.079,0.306,-0.227,1.604,-1.027,-0.404,-0.623,0.345,0.022,0.32,0.445,1.241,1.241,2.67,0.0,0.445,0.088,0.357,0.445,0.088,0.357,2.466,0.803,1.232,1.438,2.67,18686,9337,9349
202083,Wesley Matthews,2016,1.133,1.131,1.128,0.003,0.005,-0.95,-1.048,0.098,0.118,1.96,0.736,1.224,0.303,0.125,0.175,0.589,-0.364,-0.364,2.025,1.661,0.0,0.589,0.09,0.499,0.589,0.09,0.499,0.876,-0.936,1.28,1.276,1.275,0.001,0.005,0.965,0.474,0.491,-0.486,0.796,-0.025,0.821,0.122,0.096,0.026,-0.379,-0.016,-0.016,1.023,1.007,-0.0,-0.379,-0.405,0.026,-0.379,-0.405,0.026,1.272,0.504,2.413,2.408,2.403,0.005,0.01,0.015,-0.574,0.589,-0.368,2.756,0.711,2.045,0.425,0.221,0.201,0.21,-0.38,-0.38,2.668,0.0,0.21,-0.315,0.525,0.21,-0.315,0.525,2.148,-0.432,1.661,1.007,2.668,18679,9335,9344
203468,CJ McCollum,2016,0.561,0.563,0.578,-0.015,-0.017,-0.883,-0.31,-0.573,0.21,1.251,0.379,0.872,-0.585,-0.91,0.324,0.946,0.141,0.141,0.922,1.063,0.0,0.946,0.668,0.278,0.946,0.668,0.278,-0.575,-0.734,1.477,1.466,1.466,0.0,0.011,1.346,0.314,1.032,-0.288,0.408,0.13,0.278,-0.078,-0.144,0.067,-0.196,0.335,0.335,1.203,1.538,0.0,-0.196,-0.486,0.29,-0.196,-0.486,0.29,1.418,0.685,2.038,2.029,2.044,-0.015,-0.006,0.463,0.004,0.459,-0.078,1.659,0.509,1.15,-0.663,-1.054,0.391,0.75,0.476,0.476,2.601,0.0,0.75,0.182,0.568,0.75,0.182,0.568,0.843,-0.049,1.063,1.538,2.601,17275,8647,8628
101145,Monta Ellis,2016,1.369,1.363,1.367,-0.004,0.002,0.857,0.23,0.627,0.272,0.238,-0.128,0.366,0.472,0.419,0.056,0.287,-0.415,-0.415,2.128,1.713,0.0,0.287,0.311,-0.024,0.287,0.311,-0.024,-1.436,0.075,0.636,0.635,0.643,-0.008,-0.007,-0.498,-0.274,-0.224,0.692,0.449,-0.075,0.524,-0.238,-0.325,0.084,1.035,-0.562,-0.562,1.433,0.871,0.0,1.035,0.616,0.419,1.035,0.616,0.419,1.0,-0.316,2.005,1.997,2.01,-0.013,-0.005,0.359,-0.044,0.403,0.964,0.687,-0.203,0.89,0.234,0.094,0.14,1.322,-0.977,-0.977,2.584,0.001,1.322,0.927,0.395,1.322,0.927,0.395,-0.436,-0.241,1.713,0.871,2.585,23454,11747,11707
201936,Tyreke Evans,2016,1.504,1.519,1.514,0.005,-0.01,0.632,1.669,-1.037,-0.512,1.394,-0.084,1.478,0.123,0.177,-0.051,0.211,1.518,1.518,1.838,3.356,0.0,0.211,0.225,-0.014,0.211,0.225,-0.014,0.75,0.491,0.359,0.36,0.364,-0.004,-0.005,0.084,-0.324,0.408,-0.269,0.549,0.033,0.516,0.225,0.176,0.047,-0.486,-0.873,-0.873,0.098,-0.775,0.0,-0.486,-0.185,-0.301,-0.486,-0.185,-0.301,0.721,-0.099,1.863,1.879,1.878,0.001,-0.015,0.716,1.345,-0.629,-0.781,1.943,-0.051,1.994,0.348,0.353,-0.004,-0.275,0.645,0.645,2.581,0.0,-0.275,0.04,-0.315,-0.275,0.04,-0.315,1.471,0.392,3.356,-0.775,2.581,13558,6781,6777
202330,Gordon Hayward,2016,0.207,0.21,0.204,0.006,0.003,0.129,-0.191,0.32,0.779,-0.704,0.077,-0.781,0.988,1.041,-0.056,0.564,0.496,0.496,1.759,2.255,0.0,0.564,0.608,-0.044,0.564,0.608,-0.044,-0.662,0.348,0.424,0.427,0.432,-0.005,-0.008,0.383,0.02,0.363,-0.375,0.424,0.225,0.199,-0.183,-0.042,-0.143,-0.189,0.251,0.251,0.052,0.303,0.0,-0.189,0.365,-0.554,-0.189,0.365,-0.554,1.679,0.182,0.631,0.637,0.636,0.001,-0.005,0.512,-0.171,0.683,0.404,-0.28,0.302,-0.582,0.805,0.999,-0.199,0.375,0.747,0.747,2.558,0.0,0.375,0.973,-0.598,0.375,0.973,-0.598,1.017,0.53,2.255,0.303,2.558,20660,10329,10331
202329,Al-Farouq Aminu,2016,-0.041,-0.033,-0.014,-0.019,-0.027,0.236,0.097,0.139,-0.42,0.17,0.327,-0.157,0.372,0.424,-0.052,0.414,0.604,0.604,0.745,1.349,0.0,0.414,0.393,0.021,0.414,0.393,0.021,0.235,0.371,0.285,0.287,0.288,-0.001,-0.003,0.447,0.116,0.331,-0.348,0.189,0.013,0.176,-0.027,-0.211,0.185,0.601,0.305,0.305,0.859,1.164,0.0,0.601,0.046,0.555,0.601,0.046,0.555,1.211,0.454,0.244,0.254,0.274,-0.02,-0.03,0.683,0.213,0.47,-0.768,0.359,0.34,0.019,0.345,0.213,0.133,1.015,0.909,0.909,2.513,0.0,1.015,0.439,0.576,1.015,0.439,0.576,1.446,0.825,1.349,1.164,2.513,16905,8452,8453
201988,Patty Mills,2016,1.24,1.246,1.247,-0.001,-0.007,-0.479,-0.607,0.128,0.705,1.021,0.727,0.294,-0.456,-0.686,0.229,-0.24,0.374,0.374,0.544,0.918,0.0,-0.24,-0.262,0.022,-0.24,-0.262,0.022,3.389,0.105,0.679,0.68,0.68,0.0,-0.001,0.138,-0.123,0.261,0.226,0.316,0.213,0.103,-0.159,-0.247,0.09,0.751,0.308,0.308,1.271,1.579,0.0,0.751,0.368,0.383,0.751,0.368,0.383,2.152,0.136,1.919,1.926,1.927,-0.001,-0.008,-0.341,-0.73,0.389,0.931,1.337,0.94,0.397,-0.615,-0.933,0.319,0.511,0.682,0.682,2.497,0.0,0.511,0.106,0.405,0.511,0.106,0.405,5.541,0.241,0.918,1.579,2.497,10802,5398,5404
203081,Damian Lillard,2016,1.673,1.684,1.683,0.001,-0.01,0.478,0.53,-0.052,-0.212,1.417,0.728,0.689,1.041,0.368,0.672,0.568,0.53,0.53,3.282,3.812,-0.0,0.568,-0.018,0.586,0.568,-0.018,0.586,-0.117,-0.216,-0.353,-0.363,-0.365,0.002,0.012,-0.343,-0.007,-0.336,-0.165,0.143,0.427,-0.284,-0.192,-0.15,-0.045,-0.631,-0.156,-0.156,-1.176,-1.332,-0.0,-0.631,-0.278,-0.353,-0.631,-0.278,-0.353,1.371,0.029,1.32,1.32,1.318,0.002,0.002,0.135,0.523,-0.388,-0.377,1.56,1.155,0.405,0.849,0.218,0.627,-0.063,0.374,0.374,2.48,-0.0,-0.063,-0.296,0.233,-0.063,-0.296,0.233,1.254,-0.187,3.812,-1.332,2.48,24587,12306,12281
200755,JJ Redick,2016,2.711,2.71,2.704,0.006,0.007,0.116,-0.29,0.406,1.305,1.283,0.388,0.895,-0.165,0.34,-0.506,0.216,-1.558,-1.558,2.762,1.204,0.0,0.216,0.123,0.093,0.216,0.123,0.093,4.147,0.248,1.513,1.511,1.512,-0.001,0.001,0.218,0.191,0.027,0.398,0.896,0.034,0.862,-0.107,-0.203,0.094,-0.354,0.185,0.185,1.052,1.237,0.0,-0.354,-0.032,-0.322,-0.354,-0.032,-0.322,0.348,-0.021,4.224,4.221,4.216,0.005,0.008,0.334,-0.099,0.433,1.703,2.179,0.422,1.757,-0.272,0.137,-0.412,-0.138,-1.373,-1.373,2.441,0.0,-0.138,0.091,-0.229,-0.138,0.091,-0.229,4.495,0.227,1.204,1.237,2.441,20666,10362,10304
2736,Luol Deng,2016,2.029,2.031,2.031,0.0,-0.002,0.969,0.201,0.768,0.853,0.209,-0.142,0.351,-0.215,-0.148,-0.068,-0.163,0.316,0.316,1.651,1.967,0.0,-0.163,-0.158,-0.005,-0.163,-0.158,-0.005,2.868,0.747,-0.344,-0.346,-0.345,-0.001,0.001,-0.537,-0.3,-0.237,-0.126,0.318,0.171,0.147,-0.077,-0.112,0.034,0.11,0.782,0.782,-0.311,0.471,-0.0,0.11,0.188,-0.078,0.11,0.188,-0.078,0.811,-0.349,1.685,1.685,1.686,-0.001,-0.001,0.432,-0.099,0.531,0.727,0.527,0.029,0.498,-0.292,-0.26,-0.034,-0.053,1.098,1.098,2.438,0.0,-0.053,0.03,-0.083,-0.053,0.03,-0.083,3.679,0.398,1.967,0.471,2.438,20287,10150,10137
201144,Mike Conley,2016,0.201,0.207,0.217,-0.01,-0.016,-0.249,0.586,-0.835,-0.157,0.623,-0.104,0.727,0.72,0.355,0.364,1.007,-0.447,-0.447,1.928,1.481,0.0,1.007,0.776,0.231,1.007,0.776,0.231,0.859,0.175,-0.053,-0.053,-0.055,0.002,0.002,0.49,0.168,0.322,-0.33,-0.215,-0.142,-0.073,0.234,0.119,0.114,0.505,0.252,0.252,0.686,0.938,-0.0,0.505,0.392,0.113,0.505,0.392,0.113,-0.43,-0.015,0.148,0.154,0.162,-0.008,-0.014,0.241,0.754,-0.513,-0.487,0.408,-0.246,0.654,0.954,0.474,0.478,1.512,-0.195,-0.195,2.419,0.0,1.512,1.168,0.344,1.512,1.168,0.344,0.429,0.16,1.481,0.938,2.419,16041,8025,8016
202326,DeMarcus Cousins,2016,0.934,0.929,0.936,-0.007,-0.002,1.756,1.79,-0.034,-0.91,0.09,-0.045,0.135,0.812,0.752,0.06,-0.933,-0.568,-0.568,0.813,0.245,0.0,-0.933,-0.461,-0.472,-0.933,-0.461,-0.472,1.082,1.379,0.598,0.605,0.603,0.002,-0.005,0.558,0.479,0.079,0.148,-0.103,-0.179,0.076,0.246,0.357,-0.112,0.437,0.788,0.788,1.281,2.069,0.0,0.437,0.278,0.159,0.437,0.278,0.159,-0.446,0.246,1.532,1.534,1.539,-0.005,-0.007,2.314,2.269,0.045,-0.762,-0.013,-0.224,0.211,1.058,1.109,-0.052,-0.496,0.22,0.22,2.314,0.0,-0.496,-0.183,-0.313,-0.496,-0.183,-0.313,0.636,1.625,0.245,2.069,2.314,17403,8724,8679
203463,Ben McLemore,2016,2.098,2.091,2.096,-0.005,0.002,1.411,0.416,0.995,-0.065,0.75,-0.075,0.825,0.124,0.208,-0.085,-0.63,-0.347,-0.347,1.592,1.245,0.0,-0.63,0.255,-0.885,-0.63,0.255,-0.885,-0.039,0.435,0.898,0.894,0.894,0.0,0.004,0.113,0.397,-0.284,0.679,0.102,0.03,0.072,-0.148,-0.122,-0.026,0.012,0.259,0.259,0.762,1.021,0.0,0.012,0.103,-0.091,0.012,0.103,-0.091,0.959,0.208,2.996,2.985,2.99,-0.005,0.006,1.524,0.813,0.711,0.614,0.852,-0.045,0.897,-0.024,0.086,-0.111,-0.618,-0.088,-0.088,2.266,0.0,-0.618,0.358,-0.976,-0.618,0.358,-0.976,0.92,0.643,1.245,1.021,2.266,16629,8334,8295
201586,Serge Ibaka,2016,1.131,1.134,1.165,-0.031,-0.034,-0.423,-0.681,0.258,1.252,0.336,-0.223,0.559,-0.072,-0.316,0.24,-0.169,0.19,0.19,0.89,1.08,0.0,-0.169,0.182,-0.351,-0.169,0.182,-0.351,1.64,-0.599,2.133,2.136,2.134,0.002,-0.001,0.824,-0.415,1.239,0.79,0.52,0.109,0.411,-0.061,0.212,-0.274,-0.707,-0.18,-0.18,1.365,1.185,-0.0,-0.707,-0.33,-0.377,-0.707,-0.33,-0.377,0.812,0.126,3.264,3.271,3.299,-0.028,-0.035,0.401,-1.096,1.497,2.042,0.856,-0.114,0.97,-0.133,-0.104,-0.034,-0.876,0.01,0.01,2.265,0.0,-0.876,-0.148,-0.728,-0.876,-0.148,-0.728,2.452,-0.473,1.08,1.185,2.265,20731,10388,10343
202324,Derrick Favors,2016,1.776,1.772,1.754,0.018,0.022,1.799,0.306,1.493,-0.006,-0.039,-0.696,0.657,-0.122,0.22,-0.343,0.191,-0.513,-0.513,1.845,1.332,0.0,0.191,-0.338,0.529,0.191,-0.338,0.529,1.577,1.097,-0.154,-0.149,-0.147,-0.002,-0.007,0.144,0.21,-0.066,-0.354,0.063,0.061,0.002,0.206,0.375,-0.17,0.289,0.527,0.527,0.341,0.868,0.0,0.289,0.559,-0.27,0.289,0.559,-0.27,0.539,0.107,1.622,1.623,1.607,0.016,0.015,1.943,0.516,1.427,-0.36,0.024,-0.635,0.659,0.084,0.595,-0.513,0.48,0.014,0.014,2.2,0.001,0.48,0.221,0.259,0.48,0.221,0.259,2.116,1.204,1.332,0.868,2.201,15895,7950,7945
202738,Isaiah Thomas,2016,1.394,1.389,1.412,-0.023,-0.018,1.325,0.897,0.428,-0.004,0.091,0.716,-0.625,1.458,0.655,0.801,0.671,-0.381,-0.381,3.523,3.142,0.0,0.671,0.713,-0.042,0.671,0.713,-0.042,0.006,0.381,-0.517,-0.517,-0.517,0.0,0.0,-0.311,0.07,-0.381,-0.238,0.032,-0.05,0.082,-0.669,-0.707,0.039,0.42,-0.243,-0.243,-0.766,-1.009,0.0,0.42,0.079,0.341,0.42,0.079,0.341,1.338,0.25,0.877,0.872,0.895,-0.023,-0.018,1.014,0.967,0.047,-0.242,0.123,0.666,-0.543,0.789,-0.052,0.84,1.091,-0.624,-0.624,2.133,0.0,1.091,0.792,0.299,1.091,0.792,0.299,1.344,0.631,3.142,-1.009,2.133,19088,9573,9515
2399,Mike Dunleavy,2016,1.722,1.717,1.715,0.002,0.007,0.273,0.106,0.167,0.586,0.856,0.19,0.666,-0.23,-0.464,0.237,0.799,-0.513,-0.513,2.291,1.778,0.0,0.799,0.2,0.599,0.799,0.2,0.599,4.274,0.56,-0.404,-0.399,-0.396,-0.003,-0.008,0.508,0.247,0.261,-0.007,-0.897,-0.102,-0.795,0.136,0.237,-0.102,-0.217,0.839,0.839,-0.485,0.354,0.0,-0.217,0.012,-0.229,-0.217,0.012,-0.229,-0.061,0.457,1.318,1.319,1.319,0.0,-0.001,0.781,0.353,0.428,0.579,-0.041,0.088,-0.129,-0.094,-0.227,0.135,0.582,0.326,0.326,2.132,0.0,0.582,0.212,0.37,0.582,0.212,0.37,4.213,1.017,1.778,0.354,2.132,11183,5592,5591
202730,Lavoy Allen,2016,-2.217,-2.22,-2.225,0.005,0.008,-1.66,-0.613,-1.047,-0.787,0.222,-0.369,0.591,-0.353,-0.492,0.138,0.094,3.184,3.184,-2.476,0.708,0.0,0.094,-0.298,0.392,0.094,-0.298,0.392,-0.385,-0.638,0.362,0.367,0.366,0.001,-0.004,0.559,0.165,0.394,0.015,-0.208,-0.021,-0.187,0.119,0.064,0.056,0.203,0.732,0.732,0.684,1.416,0.0,0.203,-0.078,0.281,0.203,-0.078,0.281,0.82,0.214,-1.855,-1.853,-1.859,0.006,0.004,-1.101,-0.448,-0.653,-0.772,0.014,-0.39,0.404,-0.234,-0.428,0.194,0.297,3.916,3.916,2.124,0.0,0.297,-0.376,0.673,0.297,-0.376,0.673,0.435,-0.424,0.708,1.416,2.124,10376,5187,5189
203109,Jae Crowder,2016,-1.35,-1.351,-1.341,-0.01,-0.009,-0.156,0.006,-0.162,-0.791,-0.394,0.35,-0.744,0.529,0.446,0.081,0.494,1.561,1.561,-0.327,1.234,0.0,0.494,0.076,0.418,0.494,0.076,0.418,0.899,0.245,1.613,1.611,1.609,0.002,0.004,-0.082,0.244,-0.326,0.23,1.461,-0.06,1.521,-0.457,-0.449,-0.007,0.881,-1.221,-1.221,2.037,0.816,0.0,0.881,0.755,0.126,0.881,0.755,0.126,0.827,0.128,0.263,0.26,0.268,-0.008,-0.005,-0.238,0.25,-0.488,-0.561,1.067,0.29,0.777,0.072,-0.003,0.074,1.375,0.34,0.34,2.05,0.0,1.375,0.831,0.544,1.375,0.831,0.544,1.726,0.373,1.234,0.816,2.05,17165,8577,8588
201568,Danilo Gallinari,2016,0.215,0.21,0.207,0.003,0.008,-0.018,0.362,-0.38,-0.933,1.158,0.191,0.967,1.364,1.026,0.339,0.864,-0.926,-0.926,2.443,1.517,0.0,0.864,0.51,0.354,0.864,0.51,0.354,-0.902,-0.181,0.368,0.37,0.37,-0.0,-0.002,0.04,0.062,-0.022,-0.237,0.567,0.118,0.449,-0.069,-0.133,0.064,0.13,0.097,0.097,0.429,0.526,0.0,0.13,0.091,0.039,0.13,0.091,0.039,0.046,-0.046,0.583,0.579,0.577,0.002,0.006,0.022,0.424,-0.402,-1.17,1.725,0.309,1.416,1.295,0.893,0.403,0.994,-0.829,-0.829,2.043,0.0,0.994,0.601,0.393,0.994,0.601,0.393,-0.856,-0.227,1.517,0.526,2.043,12922,6454,6468
203503,Tony Snell,2016,-0.688,-0.69,-0.688,-0.002,0.0,-0.687,0.187,-0.874,-0.078,0.077,-0.081,0.158,-0.325,-0.477,0.153,0.574,0.158,0.158,-0.439,-0.281,-0.0,0.574,0.202,0.372,0.574,0.202,0.372,0.049,-0.317,3.145,3.137,3.137,0.0,0.008,0.442,0.051,0.391,0.886,1.809,0.063,1.746,0.145,-0.023,0.169,-0.939,-0.085,-0.085,2.351,2.266,0.0,-0.939,-0.416,-0.523,-0.939,-0.416,-0.523,2.237,0.341,2.457,2.448,2.449,-0.001,0.008,-0.245,0.238,-0.483,0.808,1.886,-0.018,1.904,-0.18,-0.5,0.322,-0.365,0.073,0.073,1.985,0.0,-0.365,-0.214,-0.151,-0.365,-0.214,-0.151,2.286,0.024,-0.281,2.266,1.985,11046,5512,5534
202339,Eric Bledsoe,2016,2.364,2.367,2.361,0.006,0.003,1.15,0.338,0.812,0.435,0.776,0.125,0.651,0.191,-0.107,0.299,-0.024,-1.728,-1.728,2.531,0.803,0.0,-0.024,-0.127,0.103,-0.024,-0.127,0.103,-0.942,0.167,0.29,0.291,0.297,-0.006,-0.007,0.486,0.077,0.409,0.442,-0.631,-0.025,-0.606,0.134,0.247,-0.116,0.993,-0.25,-0.25,1.417,1.167,0.0,0.993,0.748,0.245,0.993,0.748,0.245,0.457,0.127,2.654,2.658,2.658,0.0,-0.004,1.636,0.415,1.221,0.877,0.145,0.1,0.045,0.325,0.14,0.183,0.969,-1.978,-1.978,1.97,0.0,0.969,0.621,0.348,0.969,0.621,0.348,-0.485,0.294,0.803,1.167,1.97,15525,7766,7759
201162,Jared Dudley,2016,1.777,1.783,1.783,-0.0,-0.006,0.199,0.202,-0.003,0.884,0.7,0.295,0.405,-0.479,-0.558,0.08,0.001,-0.835,-0.835,1.299,0.464,0.0,0.001,-0.043,0.044,0.001,-0.043,0.044,3.776,0.404,-0.305,-0.306,-0.305,-0.001,0.0,-0.058,0.133,-0.191,0.083,-0.33,0.064,-0.394,0.235,0.136,0.099,1.167,0.388,0.388,1.097,1.485,0.0,1.167,0.733,0.434,1.167,0.733,0.434,0.724,0.042,1.472,1.477,1.478,-0.001,-0.006,0.141,0.335,-0.194,0.967,0.37,0.359,0.011,-0.244,-0.422,0.179,1.168,-0.447,-0.447,1.949,0.0,1.168,0.69,0.478,1.168,0.69,0.478,4.5,0.446,0.464,1.485,1.949,15535,7781,7754
1495,Tim Duncan,2016,0.561,0.559,0.561,-0.002,0.0,0.006,-0.302,0.308,1.146,-0.591,-0.463,-0.128,-0.268,-0.137,-0.132,-0.626,-0.187,-0.187,-0.333,-0.52,0.0,-0.626,-0.576,-0.05,-0.626,-0.576,-0.05,0.715,0.702,2.373,2.379,2.38,-0.001,-0.007,1.376,0.223,1.153,0.858,0.146,0.221,-0.075,0.395,0.076,0.318,-0.37,0.027,0.027,2.398,2.425,-0.0,-0.37,0.107,-0.477,-0.37,0.107,-0.477,1.108,0.486,2.934,2.938,2.941,-0.003,-0.007,1.382,-0.079,1.461,2.004,-0.445,-0.242,-0.203,0.127,-0.061,0.186,-0.996,-0.16,-0.16,1.905,0.001,-0.996,-0.469,-0.527,-0.996,-0.469,-0.527,1.823,1.188,-0.52,2.425,1.906,16285,8150,8135
202331,Paul George,2016,0.43,0.42,0.408,0.012,0.022,-0.085,0.131,-0.216,-0.298,0.791,0.282,0.509,0.943,0.422,0.518,-0.209,-0.257,-0.257,1.164,0.907,0.0,-0.209,-0.18,-0.029,-0.209,-0.18,-0.029,-1.173,-0.058,0.154,0.157,0.156,0.001,-0.002,0.01,-0.06,0.07,-0.209,0.355,-0.204,0.559,-0.031,-0.072,0.041,0.805,0.028,0.028,0.928,0.956,-0.0,0.805,0.46,0.345,0.805,0.46,0.345,1.207,0.189,0.584,0.577,0.564,0.013,0.02,-0.075,0.071,-0.146,-0.507,1.146,0.078,1.068,0.912,0.35,0.559,0.596,-0.229,-0.229,1.863,-0.001,0.596,0.28,0.316,0.596,0.28,0.316,0.034,0.131,0.907,0.956,1.862,12608,6315,6293
203482,Kelly Olynyk,2016,0.383,0.373,0.387,-0.014,-0.004,1.197,0.714,0.483,-0.842,0.032,0.339,-0.307,-0.598,-0.415,-0.184,0.138,0.315,0.315,-0.077,0.238,-0.0,0.138,0.133,0.005,0.138,0.133,0.005,2.686,1.025,1.472,1.473,1.476,-0.003,-0.004,0.306,0.053,0.253,1.191,-0.021,0.135,-0.156,0.088,-0.147,0.236,0.258,-0.195,-0.195,1.818,1.623,0.0,0.258,-0.139,0.397,0.258,-0.139,0.397,1.41,0.262,1.855,1.846,1.863,-0.017,-0.008,1.503,0.767,0.736,0.349,0.011,0.474,-0.463,-0.51,-0.562,0.052,0.396,0.12,0.12,1.861,0.0,0.396,-0.006,0.402,0.396,-0.006,0.402,4.096,1.287,0.238,1.623,1.861,11690,5885,5805
203928,Cory Jefferson,2016,-0.279,-0.285,-0.294,0.009,0.015,-1.029,-0.252,-0.777,0.291,0.444,-0.136,0.58,-0.242,0.268,-0.505,-0.342,1.066,1.066,-0.863,0.203,-0.0,-0.342,-0.515,0.173,-0.342,-0.515,0.173,-0.504,-0.711,1.787,1.791,1.793,-0.002,-0.006,0.674,0.055,0.619,0.485,0.634,0.011,0.623,-0.075,-0.14,0.065,0.017,-0.124,-0.124,1.729,1.605,0.0,0.017,0.05,-0.033,0.017,0.05,-0.033,1.918,0.308,1.508,1.506,1.499,0.007,0.009,-0.355,-0.197,-0.158,0.776,1.078,-0.125,1.203,-0.317,0.128,-0.44,-0.325,0.942,0.942,1.808,0.0,-0.325,-0.465,0.14,-0.325,-0.465,0.14,1.414,-0.403,0.203,1.605,1.808,2294,1138,1156
201933,Blake Griffin,2016,0.098,0.097,0.072,0.025,0.026,0.628,-0.52,1.148,-0.508,-0.048,-0.346,0.298,0.896,0.446,0.452,0.2,0.285,0.285,1.194,1.479,0.0,0.2,0.117,0.083,0.2,0.117,0.083,2.13,-0.134,0.134,0.133,0.135,-0.002,-0.001,-0.126,0.082,-0.208,-0.091,0.352,0.07,0.282,-0.084,-0.204,0.119,-0.253,0.496,0.496,-0.203,0.293,0.0,-0.253,-0.321,0.068,-0.253,-0.321,0.068,0.912,-0.02,0.232,0.23,0.207,0.023,0.025,0.502,-0.438,0.94,-0.599,0.304,-0.276,0.58,0.812,0.242,0.571,-0.053,0.781,0.781,1.772,0.001,-0.053,-0.204,0.151,-0.053,-0.204,0.151,3.042,-0.154,1.479,0.293,1.773,16618,8343,8275
202340,Avery Bradley,2016,1.73,1.725,1.724,0.001,0.006,0.462,-0.147,0.609,0.512,0.75,-0.101,0.851,-0.583,-0.509,-0.074,0.941,-0.953,-0.953,2.088,1.135,-0.0,0.941,0.455,0.486,0.941,0.455,0.486,2.517,0.128,0.428,0.424,0.426,-0.002,0.002,0.342,0.277,0.065,-0.049,0.133,0.03,0.103,-0.122,-0.052,-0.069,0.385,-0.106,-0.106,0.691,0.585,-0.0,0.385,-0.148,0.533,0.385,-0.148,0.533,0.545,0.194,2.158,2.149,2.15,-0.001,0.008,0.804,0.13,0.674,0.463,0.883,-0.071,0.954,-0.705,-0.561,-0.143,1.326,-1.059,-1.059,1.72,-0.0,1.326,0.307,1.019,1.326,0.307,1.019,3.062,0.322,1.135,0.585,1.72,20674,10326,10348
201168,Tiago Splitter,2016,0.752,0.755,0.76,-0.005,-0.008,0.301,0.7,-0.399,1.088,-0.629,-0.426,-0.203,-0.617,-0.397,-0.219,0.214,0.211,0.211,0.349,0.56,0.0,0.214,-0.05,0.264,0.214,-0.05,0.264,0.327,1.292,0.495,0.498,0.497,0.001,-0.002,0.706,-0.05,0.756,-0.633,0.424,0.15,0.274,-0.083,-0.165,0.081,0.588,0.153,0.153,1.0,1.153,0.0,0.588,0.351,0.237,0.588,0.351,0.237,0.063,0.101,1.247,1.253,1.257,-0.004,-0.01,1.007,0.65,0.357,0.455,-0.205,-0.276,0.071,-0.7,-0.562,-0.138,0.802,0.364,0.364,1.713,0.0,0.802,0.301,0.501,0.802,0.301,0.501,0.39,1.393,0.56,1.153,1.713,6805,3399,3406
204001,Kristaps Porzingis,2016,-1.109,-1.105,-1.109,0.004,0.0,-0.716,-0.617,-0.099,-0.126,-0.267,0.239,-0.506,-0.331,-0.649,0.317,0.768,1.064,1.064,-0.672,0.392,-0.0,0.768,0.388,0.38,0.768,0.388,0.38,0.076,-0.564,1.69,1.692,1.694,-0.002,-0.004,0.792,-0.01,0.802,0.32,0.582,0.008,0.574,0.12,0.096,0.025,-0.304,-0.212,-0.212,1.506,1.294,0.0,-0.304,-0.272,-0.032,-0.304,-0.272,-0.032,1.396,0.419,0.581,0.588,0.585,0.003,-0.004,0.076,-0.627,0.703,0.194,0.315,0.247,0.068,-0.211,-0.553,0.342,0.464,0.852,0.852,1.686,-0.0,0.464,0.116,0.348,0.464,0.116,0.348,1.472,-0.145,0.392,1.294,1.686,7884,3933,3951
203994,Jusuf Nurkic,2016,0.375,0.376,0.376,0.0,-0.001,0.173,0.083,0.09,-0.406,0.609,-0.296,0.905,-0.281,-0.161,-0.117,0.204,-0.246,-0.246,0.298,0.052,0.0,0.204,0.251,-0.047,0.204,0.251,-0.047,0.407,0.329,1.912,1.918,1.923,-0.005,-0.011,1.198,0.015,1.183,0.647,0.078,-0.071,0.149,-0.126,-0.205,0.08,-0.173,0.011,0.011,1.613,1.624,0.0,-0.173,-0.129,-0.044,-0.173,-0.129,-0.044,1.856,0.729,2.287,2.293,2.299,-0.006,-0.012,1.371,0.098,1.273,0.241,0.687,-0.367,1.054,-0.407,-0.366,-0.037,0.031,-0.235,-0.235,1.676,0.0,0.031,0.122,-0.091,0.031,0.122,-0.091,2.263,1.058,0.052,1.624,1.676,6572,3277,3295
201567,Kevin Love,2016,1.948,1.94,1.954,-0.014,-0.006,-0.135,0.126,-0.261,1.014,1.075,0.028,1.047,0.083,0.13,-0.046,-0.002,-0.771,-0.771,2.029,1.258,-0.0,-0.002,-0.142,0.14,-0.002,-0.142,0.14,3.36,0.614,-0.135,-0.136,-0.147,0.011,0.012,-0.158,0.229,-0.387,-0.568,0.579,-0.036,0.615,0.573,0.582,-0.01,-0.252,0.23,0.23,0.186,0.416,0.0,-0.252,-0.219,-0.033,-0.252,-0.219,-0.033,-2.255,-0.339,1.813,1.805,1.807,-0.002,0.006,-0.293,0.355,-0.648,0.446,1.654,-0.008,1.662,0.656,0.712,-0.056,-0.254,-0.541,-0.541,1.674,-0.0,-0.254,-0.361,0.107,-0.254,-0.361,0.107,1.105,0.275,1.258,0.416,1.674,21686,10832,10854
202702,Kenneth Faried,2016,0.586,0.581,0.572,0.009,0.014,1.157,0.564,0.593,-0.578,-0.007,-0.318,0.311,-0.19,0.105,-0.294,0.345,2.081,2.081,0.741,2.822,0.0,0.345,0.155,0.19,0.345,0.155,0.19,3.338,1.22,-1.508,-1.505,-1.502,-0.003,-0.006,0.006,-0.188,0.194,-0.471,-1.037,0.002,-1.039,-0.077,0.191,-0.27,-0.282,0.692,0.692,-1.867,-1.175,0.0,-0.282,-0.212,-0.07,-0.282,-0.212,-0.07,-1.403,0.108,-0.922,-0.924,-0.93,0.006,0.008,1.163,0.376,0.787,-1.049,-1.044,-0.316,-0.728,-0.267,0.296,-0.564,0.063,2.773,2.773,1.647,0.0,0.063,-0.057,0.12,0.063,-0.057,0.12,1.935,1.328,2.822,-1.175,1.647,14949,7469,7480
201954,Darren Collison,2016,1.304,1.303,1.29,0.013,0.014,0.449,-0.204,0.653,1.37,-0.529,-0.253,-0.276,0.584,0.749,-0.167,0.836,-1.138,-1.138,2.724,1.586,0.0,0.836,0.517,0.319,0.836,0.517,0.319,-1.289,-0.017,0.7,0.698,0.7,-0.002,0.0,0.418,0.303,0.115,0.143,0.139,-0.128,0.267,-0.662,-0.649,-0.011,0.387,-0.412,-0.412,0.425,0.013,0.0,0.387,0.017,0.37,0.387,0.017,0.37,1.184,0.236,2.004,2.001,1.99,0.011,0.014,0.867,0.099,0.768,1.513,-0.39,-0.381,-0.009,-0.078,0.1,-0.178,1.223,-1.55,-1.55,1.599,0.0,1.223,0.534,0.689,1.223,0.534,0.689,-0.105,0.219,1.586,0.013,1.599,15353,7680,7673
201979,Nick Calathes,2016,-0.56,-0.552,-0.559,0.007,-0.001,0.733,0.61,0.123,0.089,-1.381,-0.282,-1.099,-0.374,0.014,-0.384,-0.054,-0.028,-0.028,-0.988,-1.016,0.0,-0.054,-0.328,0.274,-0.054,-0.328,0.274,-0.27,1.032,1.294,1.294,1.296,-0.002,-0.002,0.12,0.053,0.067,0.497,0.679,0.041,0.638,-0.056,-0.036,-0.02,0.618,0.753,0.753,1.856,2.609,0.0,0.618,0.276,0.342,0.618,0.276,0.342,1.484,0.267,0.734,0.742,0.737,0.005,-0.003,0.853,0.663,0.19,0.586,-0.702,-0.241,-0.461,-0.43,-0.022,-0.404,0.564,0.725,0.725,1.593,0.0,0.564,-0.052,0.616,0.564,-0.052,0.616,1.214,1.299,-1.016,2.609,1.593,3682,1843,1839
2738,Andre Iguodala,2016,0.812,0.801,0.8,0.001,0.012,0.62,-0.016,0.636,-0.153,0.333,0.013,0.32,0.151,0.735,-0.584,0.559,-0.118,-0.118,1.522,1.404,-0.0,0.559,0.431,0.128,0.559,0.431,0.128,0.768,0.42,0.671,0.676,0.685,-0.009,-0.014,-0.497,-0.074,-0.423,0.436,0.746,0.089,0.657,-0.449,-0.384,-0.065,0.654,-0.703,-0.703,0.876,0.173,-0.0,0.654,0.126,0.528,0.654,0.126,0.528,1.776,-0.114,1.483,1.477,1.485,-0.008,-0.002,0.123,-0.09,0.213,0.283,1.079,0.102,0.977,-0.298,0.351,-0.649,1.213,-0.821,-0.821,1.577,-0.0,1.213,0.557,0.656,1.213,0.557,0.656,2.544,0.306,1.404,0.173,1.577,20926,10460,10466
202704,Reggie Jackson,2016,-0.262,-0.252,-0.24,-0.012,-0.022,0.625,-0.029,0.654,0.186,-1.051,0.004,-1.055,0.036,0.246,-0.209,0.909,0.235,0.235,0.683,0.918,0.0,0.909,0.428,0.481,0.909,0.428,0.481,-3.595,-0.421,1.057,1.049,1.052,-0.003,0.005,0.172,0.124,0.048,0.201,0.679,-0.036,0.715,-0.203,-0.061,-0.142,-0.269,0.061,0.061,0.585,0.646,0.0,-0.269,-0.285,0.016,-0.269,-0.285,0.016,-0.297,-0.033,0.795,0.796,0.812,-0.016,-0.017,0.797,0.095,0.702,0.387,-0.372,-0.032,-0.34,-0.167,0.185,-0.351,0.64,0.296,0.296,1.564,0.0,0.64,0.143,0.497,0.64,0.143,0.497,-3.892,-0.454,0.918,0.646,1.564,18848,9421,9427
1717,Dirk Nowitzki,2016,1.497,1.497,1.499,-0.002,-0.002,-0.782,-0.873,0.091,1.673,0.608,-0.15,0.758,0.05,-0.712,0.763,0.994,0.237,0.237,2.541,2.778,-0.0,0.994,0.218,0.776,0.994,0.218,0.776,1.811,-1.072,-0.655,-0.653,-0.65,-0.003,-0.005,0.267,0.741,-0.474,-0.277,-0.64,-0.165,-0.475,0.422,0.532,-0.112,-0.666,-0.331,-0.331,-0.899,-1.23,0.0,-0.666,-0.721,0.055,-0.666,-0.721,0.055,-1.37,0.544,0.842,0.845,0.849,-0.004,-0.007,-0.515,-0.132,-0.383,1.396,-0.032,-0.315,0.283,0.472,-0.18,0.651,0.328,-0.094,-0.094,1.548,-0.001,0.328,-0.503,0.831,0.328,-0.503,0.831,0.441,-0.528,2.778,-1.23,1.547,19387,9762,9625
203496,Robert Covington,2016,-0.589,-0.584,-0.6,0.016,0.011,-0.855,-0.012,-0.843,-0.357,0.612,0.999,-0.387,-0.213,-0.198,-0.013,0.416,0.813,0.813,-0.386,0.427,0.0,0.416,0.547,-0.131,0.416,0.547,-0.131,1.562,-0.04,0.664,0.667,0.667,0.0,-0.003,0.628,-0.086,0.714,0.156,-0.117,0.011,-0.128,-0.678,-0.643,-0.037,0.962,0.138,0.138,0.948,1.086,0.0,0.962,0.24,0.722,0.962,0.24,0.722,0.268,0.012,0.075,0.083,0.067,0.016,0.008,-0.227,-0.098,-0.129,-0.201,0.495,1.01,-0.515,-0.891,-0.841,-0.05,1.378,0.951,0.951,1.513,0.0,1.378,0.787,0.591,1.378,0.787,0.591,1.83,-0.028,0.427,1.086,1.513,15399,7720,7679
202681,Kyrie Irving,2016,1.68,1.683,1.687,-0.004,-0.007,1.137,0.48,0.657,1.031,-0.481,0.306,-0.787,0.317,-0.29,0.609,0.743,0.087,0.087,2.74,2.827,0.0,0.743,0.599,0.144,0.743,0.599,0.144,0.236,0.39,-1.663,-1.67,-1.684,0.014,0.021,-0.737,-0.186,-0.551,-0.723,-0.224,0.051,-0.275,0.021,0.212,-0.189,-0.145,0.318,0.318,-1.787,-1.469,0.0,-0.145,0.138,-0.283,-0.145,0.138,-0.283,-2.199,-0.512,0.017,0.013,0.003,0.01,0.014,0.4,0.294,0.106,0.308,-0.705,0.357,-1.062,0.338,-0.078,0.42,0.598,0.405,0.405,1.358,0.001,0.598,0.737,-0.139,0.598,0.737,-0.139,-1.963,-0.122,2.827,-1.469,1.359,21631,10814,10817
2216,Zach Randolph,2016,-0.1,-0.099,-0.081,-0.018,-0.019,0.327,0.061,0.266,0.2,-0.608,-0.697,0.089,0.112,-0.077,0.188,-0.286,1.521,1.521,-0.274,1.247,0.0,-0.286,-0.064,-0.222,-0.286,-0.064,-0.222,-1.679,-0.209,0.19,0.193,0.194,-0.001,-0.004,-0.478,0.086,-0.564,0.5,0.172,-0.049,0.221,0.211,0.227,-0.018,0.025,-0.318,-0.318,0.426,0.108,-0.0,0.025,-0.412,0.437,0.025,-0.412,0.437,-0.713,-0.151,0.09,0.095,0.113,-0.018,-0.023,-0.151,0.147,-0.298,0.7,-0.436,-0.746,0.31,0.323,0.15,0.17,-0.261,1.203,1.203,1.355,0.0,-0.261,-0.476,0.215,-0.261,-0.476,0.215,-2.392,-0.36,1.247,0.108,1.355,18191,9104,9087
202684,Tristan Thompson,2016,-2.117,-2.117,-2.101,-0.016,-0.016,-2.393,-1.008,-1.385,-0.337,0.629,0.081,0.548,-0.378,-0.093,-0.283,0.807,2.848,2.848,-1.688,1.16,0.0,0.807,0.651,0.156,0.807,0.651,0.156,-1.986,-1.568,0.136,0.138,0.128,0.01,0.008,-0.47,-0.085,-0.385,0.025,0.573,-0.149,0.722,0.359,0.209,0.15,-0.388,0.057,0.057,0.107,0.164,0.0,-0.388,-0.297,-0.091,-0.388,-0.297,-0.091,-1.26,-0.421,-1.981,-1.978,-1.973,-0.005,-0.008,-2.863,-1.093,-1.77,-0.312,1.202,-0.068,1.27,-0.019,0.116,-0.133,0.419,2.905,2.905,1.324,0.0,0.419,0.354,0.065,0.419,0.354,0.065,-3.246,-1.989,1.16,0.164,1.324,21910,10934,10976
201973,Jonas Jerebko,2016,-0.489,-0.49,-0.488,-0.002,-0.001,-0.192,0.041,-0.233,-0.682,0.386,0.544,-0.158,0.078,-0.386,0.463,-0.142,0.909,0.909,-0.553,0.356,-0.0,-0.142,0.118,-0.26,-0.142,0.118,-0.26,-0.226,-0.432,0.347,0.351,0.35,0.001,-0.003,-0.326,0.05,-0.376,0.297,0.379,0.0,0.379,0.002,-0.144,0.148,0.406,0.194,0.194,0.755,0.949,-0.0,0.406,0.088,0.318,0.406,0.088,0.318,0.844,0.029,-0.142,-0.139,-0.138,-0.001,-0.004,-0.518,0.091,-0.609,-0.385,0.765,0.544,0.221,0.08,-0.53,0.611,0.264,1.103,1.103,1.305,-0.0,0.264,0.206,0.058,0.264,0.206,0.058,0.618,-0.403,0.356,0.949,1.305,10427,5206,5221
201587,Nicolas Batum,2016,1.598,1.582,1.571,0.011,0.027,0.152,-0.344,0.496,1.03,0.389,0.727,-0.338,0.032,-0.076,0.104,0.048,-0.679,-0.679,1.678,0.999,-0.0,0.048,-0.154,0.202,0.048,-0.154,0.202,1.818,-0.002,0.955,0.944,0.944,0.0,0.011,-0.273,-0.385,0.112,0.422,0.795,0.029,0.766,0.149,0.39,-0.242,-0.312,-0.498,-0.498,0.792,0.294,0.0,-0.312,0.108,-0.42,-0.312,0.108,-0.42,0.002,-0.361,2.553,2.526,2.515,0.011,0.038,-0.121,-0.729,0.608,1.452,1.184,0.756,0.428,0.181,0.314,-0.138,-0.264,-1.177,-1.177,1.293,0.0,-0.264,-0.046,-0.218,-0.264,-0.046,-0.218,1.82,-0.363,0.999,0.294,1.293,20275,10145,10130
203895,Jordan McRae,2016,0.629,0.629,0.614,0.015,0.015,-0.117,-0.129,0.012,-0.141,0.872,0.025,0.847,-0.052,-0.182,0.129,0.321,-0.141,-0.141,0.898,0.757,0.0,0.321,0.233,0.088,0.321,0.233,0.088,0.411,-0.047,0.813,0.818,0.822,-0.004,-0.009,0.398,0.075,0.323,0.144,0.28,-0.071,0.351,0.082,0.011,0.072,-0.115,-0.253,-0.253,0.78,0.527,0.0,-0.115,-0.185,0.07,-0.115,-0.185,0.07,0.525,0.156,1.442,1.447,1.436,0.011,0.006,0.281,-0.054,0.335,0.003,1.152,-0.046,1.198,0.03,-0.171,0.201,0.206,-0.394,-0.394,1.284,0.0,0.206,0.048,0.158,0.206,0.048,0.158,0.936,0.109,0.757,0.527,1.284,766,384,382
201152,Thaddeus Young,2016,1.149,1.146,1.128,0.018,0.021,0.294,0.489,-0.195,0.644,0.19,-0.628,0.818,-0.14,0.07,-0.211,-0.258,0.424,0.424,0.751,1.175,0.0,-0.258,-0.667,0.409,-0.258,-0.667,0.409,1.162,0.893,-1.145,-1.143,-1.145,0.002,0.0,-0.714,-0.309,-0.405,-0.716,0.285,0.169,0.116,0.362,0.298,0.063,0.478,0.372,0.372,-0.305,0.067,0.0,0.478,0.065,0.413,0.478,0.065,0.413,0.206,-0.428,0.004,0.003,-0.017,0.02,0.021,-0.42,0.18,-0.6,-0.072,0.475,-0.459,0.934,0.222,0.368,-0.148,0.22,0.796,0.796,1.242,-0.001,0.22,-0.602,0.822,0.22,-0.602,0.822,1.368,0.465,1.175,0.067,1.241,19631,9803,9828
201609,Goran Dragic,2016,-0.198,-0.204,-0.189,-0.015,-0.009,1.813,0.884,0.929,-1.054,-0.948,-0.199,-0.749,-0.008,-0.148,0.141,0.79,0.23,0.23,0.584,0.814,-0.0,0.79,0.422,0.368,0.79,0.422,0.368,-1.077,0.645,1.581,1.577,1.579,-0.002,0.002,-0.521,-0.411,-0.11,0.679,1.421,0.355,1.066,-0.293,-0.172,-0.122,0.139,-1.003,-1.003,1.427,0.424,-0.0,0.139,0.067,0.072,0.139,0.067,0.072,3.367,-0.009,1.383,1.373,1.39,-0.017,-0.007,1.292,0.473,0.819,-0.375,0.473,0.156,0.317,-0.301,-0.32,0.019,0.929,-0.773,-0.773,1.238,0.001,0.929,0.489,0.44,0.929,0.489,0.44,2.29,0.636,0.814,0.424,1.239,21414,10732,10682
708,Kevin Garnett,2016,-1.236,-1.244,-1.239,-0.005,0.003,-0.383,-0.493,0.11,0.422,-1.278,-0.502,-0.776,-0.109,-0.324,0.217,0.43,-0.518,-0.518,-0.915,-1.433,0.0,0.43,0.476,-0.046,0.43,0.476,-0.046,1.102,0.022,0.947,0.949,0.949,-0.0,-0.002,0.782,0.178,0.604,0.279,-0.112,-0.127,0.015,0.297,0.331,-0.033,0.81,0.548,0.548,2.054,2.602,-0.0,0.81,0.614,0.196,0.81,0.614,0.196,1.227,0.764,-0.289,-0.295,-0.29,-0.005,0.001,0.399,-0.315,0.714,0.701,-1.39,-0.629,-0.761,0.188,0.007,0.184,1.24,0.03,0.03,1.169,-0.0,1.24,1.09,0.15,1.24,1.09,0.15,2.329,0.786,-1.433,2.602,1.169,5812,2897,2915
203508,Sergey Karasev,2016,2.194,2.196,2.201,-0.005,-0.007,0.879,0.277,0.602,0.314,1.008,-0.06,1.068,-0.141,0.186,-0.327,-0.851,-0.495,-0.495,1.202,0.707,0.0,-0.851,-0.486,-0.365,-0.851,-0.486,-0.365,2.11,0.39,0.126,0.123,0.124,-0.001,0.002,-0.574,-0.32,-0.254,0.371,0.327,-0.049,0.376,-0.033,-0.032,0.001,0.378,-0.013,-0.013,0.471,0.458,0.0,0.378,0.177,0.201,0.378,0.177,0.201,-0.012,-0.384,2.32,2.319,2.325,-0.006,-0.005,0.305,-0.043,0.348,0.685,1.335,-0.109,1.444,-0.174,0.154,-0.326,-0.473,-0.508,-0.508,1.165,-0.001,-0.473,-0.309,-0.164,-0.473,-0.309,-0.164,2.098,0.006,0.707,0.458,1.164,3779,1881,1898
202391,Jeremy Lin,2016,-0.871,-0.865,-0.853,-0.012,-0.018,0.724,0.943,-0.219,-0.807,-0.77,-0.362,-0.408,0.944,0.734,0.209,-0.109,0.605,0.605,-0.036,0.569,0.0,-0.109,0.138,-0.247,-0.109,0.138,-0.247,-2.43,0.576,0.254,0.255,0.263,-0.008,-0.009,0.103,-0.322,0.425,0.725,-0.565,-0.074,-0.491,-0.29,-0.222,-0.067,-0.239,0.862,0.862,-0.275,0.587,0.0,-0.239,-0.231,-0.008,-0.239,-0.231,-0.008,-0.177,0.056,-0.617,-0.611,-0.59,-0.021,-0.027,0.827,0.621,0.206,-0.082,-1.335,-0.436,-0.899,0.654,0.512,0.142,-0.348,1.467,1.467,1.156,-0.001,-0.348,-0.093,-0.255,-0.348,-0.093,-0.255,-2.607,0.632,0.569,0.587,1.155,16332,8164,8168
201627,Anthony Morrow,2016,1.536,1.542,1.547,-0.005,-0.011,-0.908,-0.23,-0.678,0.1,2.355,0.507,1.848,-0.299,-0.419,0.122,0.19,0.087,0.087,1.427,1.514,0.0,0.19,0.342,-0.152,0.19,0.342,-0.152,2.236,-0.496,0.667,0.667,0.672,-0.005,-0.005,0.135,-0.255,0.39,-0.001,0.538,-0.034,0.572,-0.471,-0.8,0.33,-0.576,0.008,0.008,-0.38,-0.372,-0.0,-0.576,-0.32,-0.256,-0.576,-0.32,-0.256,1.543,-0.006,2.203,2.209,2.219,-0.01,-0.016,-0.773,-0.485,-0.288,0.099,2.893,0.473,2.42,-0.77,-1.219,0.452,-0.386,0.095,0.095,1.142,-0.0,-0.386,0.022,-0.408,-0.386,0.022,-0.408,3.779,-0.502,1.514,-0.372,1.142,11223,5593,5630
2747,JR Smith,2016,1.273,1.264,1.268,-0.004,0.005,-0.605,-0.596,-0.009,0.217,1.656,0.733,0.923,-0.411,-0.188,-0.222,0.408,1.023,1.023,1.27,2.293,0.0,0.408,-0.048,0.456,0.408,-0.048,0.456,1.181,-0.688,-0.434,-0.437,-0.444,0.007,0.01,0.181,-0.264,0.445,-0.11,-0.515,0.001,-0.516,-0.523,-0.559,0.037,0.196,-0.419,-0.419,-0.761,-1.18,0.0,0.196,0.227,-0.031,0.196,0.227,-0.031,0.616,0.458,0.839,0.827,0.824,0.003,0.015,-0.424,-0.86,0.436,0.107,1.141,0.734,0.407,-0.934,-0.747,-0.185,0.604,0.604,0.604,1.113,0.0,0.604,0.179,0.425,0.604,0.179,0.425,1.797,-0.23,2.293,-1.18,1.113,21893,10943,10950
202703,Nikola Mirotic,2016,1.231,1.224,1.225,-0.001,0.006,0.311,-0.018,0.329,-0.37,1.284,0.713,0.571,0.418,0.238,0.18,-0.53,-0.157,-0.157,1.119,0.962,0.0,-0.53,-0.4,-0.13,-0.53,-0.4,-0.13,0.564,0.168,0.07,0.069,0.07,-0.001,0.0,-0.589,-0.32,-0.269,0.722,-0.063,0.203,-0.266,-0.249,-0.198,-0.05,-0.116,0.431,0.431,-0.295,0.136,0.0,-0.116,0.212,-0.328,-0.116,0.212,-0.328,0.555,-0.24,1.301,1.293,1.295,-0.002,0.006,-0.278,-0.338,0.06,0.352,1.221,0.916,0.305,0.169,0.04,0.13,-0.646,0.274,0.274,1.098,0.0,-0.646,-0.188,-0.458,-0.646,-0.188,-0.458,1.119,-0.072,0.962,0.136,1.098,13465,6726,6739
2207,Joe Johnson,2016,2.01,2.005,2.0,0.005,0.01,-0.236,-1.103,0.867,1.709,0.527,-0.123,0.65,-0.251,-0.472,0.222,0.95,-1.211,-1.211,2.709,1.498,0.0,0.95,0.563,0.387,0.95,0.563,0.387,-0.539,-0.505,-0.585,-0.586,-0.591,0.005,0.006,-0.301,-0.297,-0.004,-0.106,-0.184,0.1,-0.284,-0.137,-0.003,-0.134,0.065,0.24,0.24,-0.657,-0.417,0.0,0.065,-0.016,0.081,0.065,-0.016,0.081,0.018,-0.089,1.425,1.419,1.409,0.01,0.016,-0.537,-1.4,0.863,1.603,0.343,-0.023,0.366,-0.388,-0.475,0.088,1.015,-0.971,-0.971,1.081,0.001,1.015,0.547,0.468,1.015,0.547,0.468,-0.521,-0.594,1.498,-0.417,1.082,23920,11959,11961
202697,Iman Shumpert,2016,1.298,1.299,1.307,-0.008,-0.009,0.484,-0.382,0.866,0.212,0.611,0.128,0.483,0.164,0.187,-0.023,-0.077,-1.125,-1.125,1.385,0.26,0.0,-0.077,0.233,-0.31,-0.077,0.233,-0.31,-0.457,-0.379,1.607,1.599,1.595,0.004,0.012,-0.206,0.093,-0.299,0.37,1.431,-0.088,1.519,-0.399,-0.46,0.061,0.159,-0.594,-0.594,1.367,0.773,0.0,0.159,0.088,0.071,0.159,0.088,0.071,2.592,0.037,2.905,2.897,2.902,-0.005,0.003,0.278,-0.289,0.567,0.582,2.042,0.04,2.002,-0.235,-0.273,0.038,0.082,-1.719,-1.719,1.033,0.0,0.082,0.321,-0.239,0.082,0.321,-0.239,2.135,-0.342,0.26,0.773,1.033,14776,7368,7408
203476,Gorgui Dieng,2016,1.175,1.171,1.17,0.001,0.005,0.377,-0.259,0.636,0.308,0.485,-0.39,0.875,-0.063,-0.281,0.218,-0.307,-0.296,-0.296,0.805,0.509,-0.0,-0.307,0.222,-0.529,-0.307,0.222,-0.529,2.196,0.331,-0.867,-0.867,-0.869,0.002,0.002,0.113,-0.054,0.167,-0.12,-0.862,0.015,-0.877,0.572,0.493,0.078,0.878,-0.073,-0.073,0.583,0.51,0.0,0.878,0.521,0.357,0.878,0.521,0.357,-1.493,-0.247,0.308,0.304,0.301,0.003,0.007,0.49,-0.313,0.803,0.188,-0.377,-0.375,-0.002,0.509,0.212,0.296,0.571,-0.369,-0.369,1.019,-0.0,0.571,0.743,-0.172,0.571,0.743,-0.172,0.703,0.084,0.509,0.51,1.019,17193,8593,8600
101162,Marcin Gortat,2016,1.08,1.084,1.079,0.005,0.001,1.028,-0.38,1.408,-0.083,0.134,-0.429,0.563,-0.82,-0.954,0.134,-0.303,-0.102,-0.102,-0.043,-0.145,-0.0,-0.303,-0.75,0.447,-0.303,-0.75,0.447,3.709,0.98,0.906,0.909,0.907,0.002,-0.001,1.116,0.5,0.616,0.084,-0.293,-0.065,-0.228,0.865,0.857,0.006,-0.796,0.19,0.19,0.975,1.165,0.0,-0.796,-0.212,-0.584,-0.796,-0.212,-0.584,-0.943,0.256,1.986,1.993,1.986,0.007,0.0,2.144,0.12,2.024,0.001,-0.159,-0.494,0.335,0.045,-0.097,0.14,-1.099,0.088,0.088,1.02,-0.001,-1.099,-0.962,-0.137,-1.099,-0.962,-0.137,2.766,1.236,-0.145,1.165,1.019,20007,10017,9990
101150,Lou Williams,2016,0.104,0.116,0.131,-0.015,-0.027,-0.817,-0.317,-0.5,1.286,-0.338,0.469,-0.807,1.54,0.725,0.813,0.797,0.113,0.113,2.441,2.554,-0.0,0.797,0.276,0.521,0.797,0.276,0.521,-2.346,-0.706,-0.636,-0.639,-0.641,0.002,0.005,-0.953,-0.243,-0.71,0.079,0.233,0.072,0.161,-0.23,-0.223,-0.007,-0.094,-0.579,-0.579,-0.96,-1.539,0.0,-0.094,0.107,-0.201,-0.094,0.107,-0.201,-0.424,-0.858,-0.532,-0.523,-0.51,-0.013,-0.022,-1.77,-0.56,-1.21,1.365,-0.105,0.541,-0.646,1.31,0.502,0.806,0.703,-0.466,-0.466,1.015,0.001,0.703,0.383,0.32,0.703,0.383,0.32,-2.77,-1.564,2.554,-1.539,1.016,15747,7849,7898
203506,Victor Oladipo,2016,0.403,0.407,0.413,-0.006,-0.01,-0.117,0.418,-0.535,1.051,-0.521,-0.061,-0.46,0.149,0.011,0.139,0.423,0.574,0.574,0.975,1.549,0.0,0.423,0.358,0.065,0.423,0.358,0.065,-0.328,-0.132,-1.005,-1.007,-1.013,0.006,0.008,-0.011,-0.058,0.047,-0.477,-0.525,-0.135,-0.39,0.076,0.046,0.029,0.093,0.297,0.297,-0.836,-0.539,-0.0,0.093,0.356,-0.263,0.093,0.356,-0.263,-0.87,-0.038,-0.602,-0.599,-0.6,0.001,-0.002,-0.128,0.36,-0.488,0.574,-1.046,-0.196,-0.85,0.225,0.057,0.168,0.516,0.871,0.871,1.01,0.0,0.516,0.714,-0.198,0.516,0.714,-0.198,-1.198,-0.17,1.549,-0.539,1.01,19251,9613,9638
101161,Amir Johnson,2016,-0.737,-0.741,-0.73,-0.011,-0.007,0.061,-0.394,0.455,-0.5,-0.291,-0.338,0.047,-0.665,-0.432,-0.233,0.191,1.152,1.152,-1.211,-0.059,0.0,0.191,-0.061,0.252,0.191,-0.061,0.252,2.254,0.68,1.19,1.194,1.191,0.003,-0.001,1.088,-0.292,1.38,-0.386,0.489,-0.083,0.572,0.51,0.604,-0.095,-0.263,-0.395,-0.395,1.437,1.042,0.0,-0.263,0.02,-0.283,-0.263,0.02,-0.283,-0.737,0.096,0.453,0.453,0.461,-0.008,-0.008,1.149,-0.686,1.835,-0.886,0.198,-0.421,0.619,-0.155,0.172,-0.328,-0.072,0.757,0.757,0.983,-0.001,-0.072,-0.041,-0.031,-0.072,-0.041,-0.031,1.517,0.776,-0.059,1.042,0.982,15826,7891,7935
201229,Anthony Tolliver,2016,0.732,0.735,0.735,0.0,-0.003,-0.441,-0.199,-0.242,0.096,1.08,0.962,0.118,-0.603,-0.541,-0.063,0.718,0.186,0.186,0.847,1.033,0.0,0.718,0.353,0.365,0.718,0.353,0.365,1.826,-0.269,-0.51,-0.51,-0.508,-0.002,-0.002,-0.937,-0.286,-0.651,0.216,0.213,0.188,0.025,0.067,0.07,-0.003,0.272,0.106,0.106,-0.171,-0.065,-0.0,0.272,0.051,0.221,0.272,0.051,0.221,-0.446,-0.461,0.222,0.225,0.227,-0.002,-0.005,-1.378,-0.485,-0.893,0.312,1.293,1.15,0.143,-0.536,-0.471,-0.066,0.99,0.292,0.292,0.968,0.0,0.99,0.404,0.586,0.99,0.404,0.586,1.38,-0.73,1.033,-0.065,0.968,10859,5434,5425
200757,Thabo Sefolosha,2016,-1.243,-1.245,-1.248,0.003,0.005,-0.336,0.31,-0.646,0.185,-1.097,-0.078,-1.019,0.246,0.516,-0.269,-0.353,0.449,0.449,-1.35,-0.901,0.0,-0.353,0.139,-0.492,-0.353,0.139,-0.492,-1.155,0.029,0.475,0.482,0.484,-0.002,-0.009,0.28,0.176,0.104,0.333,-0.129,0.001,-0.13,0.233,-0.092,0.326,0.533,0.623,0.623,1.241,1.864,0.0,0.533,0.322,0.211,0.533,0.322,0.211,1.106,0.202,-0.768,-0.762,-0.764,0.002,-0.004,-0.056,0.486,-0.542,0.518,-1.226,-0.077,-1.149,0.479,0.424,0.057,0.18,1.072,1.072,0.963,-0.0,0.18,0.461,-0.281,0.18,0.461,-0.281,-0.049,0.231,-0.901,1.864,0.963,11434,5693,5741
202694,Marcus Morris Sr.,2016,1.018,1.019,1.021,-0.002,-0.003,-0.808,-0.811,0.003,0.71,1.119,0.256,0.863,-0.38,0.071,-0.453,0.545,-0.19,-0.19,1.183,0.993,-0.0,0.545,0.163,0.382,0.545,0.163,0.382,-0.853,-0.838,-0.935,-0.937,-0.938,0.001,0.003,-0.56,-0.025,-0.535,-0.423,0.045,0.115,-0.07,0.048,0.169,-0.122,-0.011,0.84,0.84,-0.898,-0.058,0.0,-0.011,-0.066,0.055,-0.011,-0.066,0.055,1.598,0.312,0.083,0.082,0.083,-0.001,0.0,-1.368,-0.836,-0.532,0.287,1.164,0.371,0.793,-0.332,0.24,-0.575,0.534,0.65,0.65,0.935,0.0,0.534,0.097,0.437,0.534,0.097,0.437,0.745,-0.526,0.993,-0.058,0.935,19840,9913,9927
1626245,Cristiano Felicio,2016,0.825,0.81,0.792,0.018,0.033,0.094,0.041,0.053,0.707,-0.009,-0.062,0.053,0.066,0.038,0.031,-0.477,0.202,0.202,0.414,0.616,-0.0,-0.477,-0.465,-0.012,-0.477,-0.465,-0.012,1.372,0.298,0.156,0.155,0.156,-0.001,0.0,0.135,-0.106,0.241,0.463,-0.442,-0.079,-0.363,-0.147,-0.134,-0.011,0.102,0.19,0.19,0.111,0.301,0.0,0.102,-0.013,0.115,0.102,-0.013,0.115,-0.072,0.009,0.981,0.965,0.948,0.017,0.033,0.229,-0.065,0.294,1.17,-0.451,-0.141,-0.31,-0.081,-0.096,0.02,-0.375,0.392,0.392,0.917,-0.001,-0.375,-0.478,0.103,-0.375,-0.478,0.103,1.3,0.307,0.616,0.301,0.916,1253,629,624
201946,Tyler Hansbrough,2016,1.292,1.283,1.287,-0.004,0.005,-0.592,-0.523,-0.069,0.322,1.557,0.06,1.497,0.577,0.645,-0.067,0.016,-0.349,-0.349,1.885,1.536,0.0,0.016,0.067,-0.051,0.016,0.067,-0.051,-1.121,-0.993,-1.886,-1.88,-1.878,-0.002,-0.008,-0.728,-0.32,-0.408,-0.209,-0.941,-0.129,-0.812,0.025,-0.003,0.028,0.701,0.53,0.53,-1.16,-0.63,0.0,0.701,0.022,0.679,0.701,0.022,0.679,-0.862,-0.481,-0.594,-0.597,-0.591,-0.006,-0.003,-1.32,-0.843,-0.477,0.113,0.616,-0.069,0.685,0.602,0.642,-0.039,0.717,0.181,0.181,0.906,0.001,0.717,0.089,0.628,0.717,0.089,0.628,-1.983,-1.474,1.536,-0.63,0.907,5551,2783,2768
202344,Trevor Booker,2016,-0.513,-0.511,-0.483,-0.028,-0.03,0.445,-0.065,0.51,-0.647,-0.281,0.219,-0.5,0.039,0.27,-0.23,-0.668,1.381,1.381,-1.142,0.239,0.0,-0.668,-0.315,-0.353,-0.668,-0.315,-0.353,-1.358,0.367,-0.171,-0.164,-0.164,-0.0,-0.007,-0.518,-0.016,-0.502,0.272,0.082,-0.157,0.239,0.02,-0.089,0.108,0.378,0.436,0.436,0.227,0.663,0.0,0.378,0.314,0.064,0.378,0.314,0.064,0.659,-0.076,-0.684,-0.675,-0.647,-0.028,-0.037,-0.073,-0.081,0.008,-0.375,-0.199,0.062,-0.261,0.059,0.181,-0.122,-0.29,1.817,1.817,0.902,0.0,-0.29,-0.001,-0.289,-0.29,-0.001,-0.289,-0.699,0.291,0.239,0.663,0.902,11934,5964,5970
203544,Pero Antic,2016,0.048,0.043,0.031,0.012,0.017,-0.478,0.069,-0.547,-0.18,0.689,0.721,-0.032,0.618,0.712,-0.091,0.311,-0.617,-0.617,0.977,0.36,-0.0,0.311,0.394,-0.083,0.311,0.394,-0.083,-1.282,-0.705,-0.358,-0.354,-0.351,-0.003,-0.007,-0.139,0.047,-0.186,0.33,-0.542,-0.102,-0.44,-0.416,-0.372,-0.044,0.635,0.68,0.68,-0.139,0.541,0.0,0.635,0.006,0.629,0.635,0.006,0.629,-0.092,0.245,-0.31,-0.311,-0.32,0.009,0.01,-0.617,0.116,-0.733,0.15,0.147,0.619,-0.472,0.202,0.34,-0.135,0.946,0.063,0.063,0.901,0.001,0.946,0.4,0.546,0.946,0.4,0.546,-1.374,-0.46,0.36,0.541,0.902,4823,2421,2402
2730,Dwight Howard,2016,0.867,0.859,0.855,0.004,0.012,1.438,0.497,0.941,-0.151,-0.432,-0.289,-0.143,-0.786,0.354,-1.141,-1.544,1.149,1.149,-1.463,-0.314,0.0,-1.544,-1.286,-0.258,-1.544,-1.286,-0.258,0.227,1.069,0.621,0.627,0.623,0.004,-0.002,0.459,0.569,-0.11,-0.033,0.197,-0.081,0.278,0.597,0.94,-0.343,0.114,-0.125,-0.125,1.332,1.207,0.0,0.114,0.537,-0.423,0.114,0.537,-0.423,-1.945,0.074,1.488,1.486,1.478,0.008,0.01,1.897,1.066,0.831,-0.184,-0.235,-0.37,0.135,-0.189,1.294,-1.484,-1.43,1.024,1.024,0.893,0.0,-1.43,-0.749,-0.681,-1.43,-0.749,-0.681,-1.718,1.143,-0.314,1.207,0.893,17080,8552,8528
1626157,Karl-Anthony Towns,2016,1.345,1.343,1.349,-0.006,-0.004,0.44,0.016,0.424,1.206,-0.297,-0.336,0.039,0.26,0.181,0.075,-0.205,0.481,0.481,1.4,1.881,0.0,-0.205,-0.201,-0.004,-0.205,-0.201,-0.004,1.164,0.311,-0.872,-0.869,-0.871,0.002,-0.001,-0.031,-0.125,0.094,-0.464,-0.376,0.017,-0.393,0.15,0.03,0.121,-0.395,0.108,0.108,-1.117,-1.009,0.0,-0.395,0.018,-0.413,-0.395,0.018,-0.413,-0.203,-0.044,0.473,0.474,0.478,-0.004,-0.005,0.409,-0.109,0.518,0.742,-0.673,-0.319,-0.354,0.41,0.211,0.196,-0.6,0.589,0.589,0.872,0.0,-0.6,-0.183,-0.417,-0.6,-0.183,-0.417,0.961,0.267,1.881,-1.009,0.872,10402,5194,5208
202693,Markieff Morris,2016,0.514,0.509,0.504,0.005,0.01,0.327,0.255,0.072,0.773,-0.596,-0.383,-0.213,-0.141,-0.158,0.017,-0.631,-0.366,-0.366,-0.258,-0.624,0.0,-0.631,-0.122,-0.509,-0.631,-0.122,-0.509,0.073,0.151,0.951,0.953,0.953,0.0,-0.002,-0.406,0.064,-0.47,0.89,0.469,-0.009,0.478,0.219,0.073,0.144,0.189,0.122,0.122,1.359,1.481,0.0,0.189,0.065,0.124,0.189,0.065,0.124,0.742,-0.094,1.465,1.462,1.457,0.005,0.008,-0.079,0.319,-0.398,1.663,-0.127,-0.392,0.265,0.078,-0.085,0.161,-0.442,-0.244,-0.244,0.857,0.0,-0.442,-0.057,-0.385,-0.442,-0.057,-0.385,0.815,0.057,-0.624,1.481,0.857,16877,8444,8433
203078,Bradley Beal,2016,1.847,1.857,1.856,0.001,-0.009,0.393,0.414,-0.021,-0.068,1.531,-0.177,1.708,-0.06,-0.099,0.038,-0.684,-0.352,-0.352,1.103,0.751,0.0,-0.684,0.276,-0.96,-0.684,0.276,-0.96,0.376,0.197,-0.088,-0.089,-0.094,0.005,0.006,-0.243,0.177,-0.42,0.456,-0.307,0.073,-0.38,-0.286,-0.085,-0.201,-0.029,0.506,0.506,-0.403,0.103,0.0,-0.029,0.181,-0.21,-0.029,0.181,-0.21,0.269,-0.272,1.759,1.768,1.762,0.006,-0.003,0.15,0.591,-0.441,0.388,1.224,-0.104,1.328,-0.346,-0.184,-0.163,-0.713,0.154,0.154,0.854,-0.001,-0.713,0.457,-1.17,-0.713,0.457,-1.17,0.645,-0.075,0.751,0.103,0.853,16684,8356,8328
201589,Darrell Arthur,2016,-0.695,-0.696,-0.691,-0.005,-0.004,-0.441,-0.415,-0.026,0.703,-0.953,-0.114,-0.839,-0.091,-0.215,0.126,0.387,-0.631,-0.631,-0.399,-1.03,-0.0,0.387,0.366,0.021,0.387,0.366,0.021,0.337,-0.533,2.061,2.061,2.061,0.0,0.0,0.786,0.3,0.486,1.033,0.242,-0.158,0.4,-0.166,-0.267,0.101,0.583,-0.612,-0.612,2.478,1.866,0.0,0.583,0.163,0.42,0.583,0.163,0.42,1.357,0.308,1.366,1.365,1.37,-0.005,-0.004,0.345,-0.115,0.46,1.736,-0.711,-0.272,-0.439,-0.257,-0.482,0.227,0.97,-1.243,-1.243,0.836,0.0,0.97,0.529,0.441,0.97,0.529,0.441,1.694,-0.225,-1.03,1.866,0.836,9883,4930,4953
201584,Courtney Lee,2016,1.818,1.816,1.802,0.014,0.016,-0.023,-0.507,0.484,1.308,0.517,-0.121,0.638,0.093,-0.399,0.491,0.618,-1.42,-1.42,2.529,1.109,0.0,0.618,-0.03,0.648,0.618,-0.03,0.648,1.847,-0.382,-0.208,-0.206,-0.207,0.001,-0.001,-0.487,-0.398,-0.089,0.285,-0.005,0.134,-0.139,-0.109,0.031,-0.142,0.135,-0.096,-0.096,-0.182,-0.278,0.0,0.135,0.148,-0.013,0.135,0.148,-0.013,0.869,-0.105,1.61,1.61,1.595,0.015,0.015,-0.51,-0.905,0.395,1.593,0.512,0.013,0.499,-0.016,-0.368,0.349,0.753,-1.516,-1.516,0.831,0.0,0.753,0.118,0.635,0.753,0.118,0.635,2.716,-0.487,1.109,-0.278,0.831,20411,10200,10211
101179,Ronnie Price,2016,-0.776,-0.772,-0.774,0.002,-0.002,-0.914,-0.464,-0.45,-0.606,0.746,0.299,0.447,0.242,0.41,-0.168,0.252,-0.179,-0.179,-0.282,-0.461,0.0,0.252,0.292,-0.04,0.252,0.292,-0.04,-0.638,-0.772,0.264,0.266,0.265,0.001,-0.001,0.415,0.373,0.042,0.055,-0.205,-0.167,-0.038,-0.387,-0.294,-0.094,0.897,0.506,0.506,0.774,1.28,0.0,0.897,0.062,0.835,0.897,0.062,0.835,1.297,0.561,-0.512,-0.507,-0.509,0.002,-0.003,-0.499,-0.091,-0.408,-0.551,0.541,0.132,0.409,-0.145,0.116,-0.262,1.149,0.327,0.327,0.819,0.001,1.149,0.354,0.795,1.149,0.354,0.795,0.659,-0.211,-0.461,1.28,0.82,8733,4367,4366
1626158,Richaun Holmes,2016,1.674,1.671,1.658,0.013,0.016,1.781,0.296,1.485,0.531,-0.654,-0.009,-0.645,-0.066,0.173,-0.236,-0.055,-0.285,-0.285,1.553,1.268,0.0,-0.055,-0.253,0.198,-0.055,-0.253,0.198,0.763,0.908,-0.113,-0.111,-0.109,-0.002,-0.004,0.616,0.295,0.321,-0.499,-0.226,0.124,-0.35,-0.25,-0.26,0.011,-0.069,-0.028,-0.028,-0.432,-0.46,0.0,-0.069,-0.311,0.242,-0.069,-0.311,0.242,0.292,0.292,1.561,1.56,1.549,0.011,0.012,2.397,0.591,1.806,0.032,-0.88,0.115,-0.995,-0.316,-0.087,-0.225,-0.124,-0.313,-0.313,0.808,0.0,-0.124,-0.564,0.44,-0.124,-0.564,0.44,1.055,1.2,1.268,-0.46,0.808,2851,1413,1438
202689,Kemba Walker,2016,-1.299,-1.303,-1.317,0.014,0.018,-0.915,-0.102,-0.813,0.097,-0.499,0.155,-0.654,0.665,0.272,0.391,1.608,0.032,0.032,0.974,1.006,-0.0,1.608,1.194,0.414,1.608,1.194,0.414,-2.808,-0.638,-0.67,-0.675,-0.68,0.005,0.01,0.361,0.3,0.061,-0.636,-0.405,-0.17,-0.235,0.382,0.368,0.016,-0.085,0.165,0.165,-0.373,-0.208,0.0,-0.085,-0.407,0.322,-0.085,-0.407,0.322,-1.664,-0.011,-1.969,-1.978,-1.997,0.019,0.028,-0.554,0.198,-0.752,-0.539,-0.904,-0.015,-0.889,1.047,0.64,0.407,1.523,0.197,0.197,0.798,-0.0,1.523,0.787,0.736,1.523,0.787,0.736,-4.472,-0.649,1.006,-0.208,0.798,20324,10156,10168
202407,Elijah Millsap,2016,-1.252,-1.25,-1.246,-0.004,-0.006,-0.435,-0.017,-0.418,-0.556,-0.255,-0.141,-0.114,0.151,0.7,-0.547,-0.252,0.322,0.322,-1.353,-1.031,0.0,-0.252,-0.066,-0.186,-0.252,-0.066,-0.186,-2.742,-0.281,1.748,1.747,1.752,-0.005,-0.004,0.364,0.004,0.36,0.98,0.408,-0.092,0.5,-0.158,-0.331,0.174,0.143,0.095,0.095,1.733,1.828,0.0,0.143,0.104,0.039,0.143,0.104,0.039,1.068,0.233,0.496,0.496,0.506,-0.01,-0.01,-0.071,-0.013,-0.058,0.424,0.153,-0.233,0.386,-0.007,0.369,-0.373,-0.109,0.417,0.417,0.797,-0.0,-0.109,0.038,-0.147,-0.109,0.038,-0.147,-1.674,-0.048,-1.031,1.828,0.797,4113,2043,2070
202718,Chandler Parsons,2016,1.158,1.157,1.168,-0.011,-0.01,0.912,0.406,0.506,-0.663,0.919,0.337,0.582,-0.278,-0.123,-0.157,0.57,-0.328,-0.328,1.45,1.122,0.0,0.57,0.243,0.327,0.57,0.243,0.327,2.261,0.397,-0.687,-0.684,-0.679,-0.005,-0.008,-0.259,0.292,-0.551,-0.152,-0.268,-0.043,-0.225,0.026,-0.053,0.079,0.497,-0.173,-0.173,-0.164,-0.337,0.0,0.497,-0.057,0.554,0.497,-0.057,0.554,0.746,0.272,0.471,0.473,0.489,-0.016,-0.018,0.653,0.698,-0.045,-0.815,0.651,0.294,0.357,-0.252,-0.176,-0.078,1.067,-0.501,-0.501,0.785,0.001,1.067,0.186,0.881,1.067,0.186,0.881,3.007,0.669,1.122,-0.337,0.786,15693,7864,7829
201166,Aaron Brooks,2016,0.637,0.639,0.638,0.001,-0.001,-0.431,0.54,-0.971,-0.43,1.499,0.529,0.97,0.493,0.191,0.304,0.297,-0.2,-0.2,1.427,1.227,0.0,0.297,0.1,0.197,0.297,0.1,0.197,-0.53,-0.113,0.217,0.214,0.214,-0.0,0.003,0.153,0.134,0.019,-0.186,0.247,0.091,0.156,-0.314,-0.236,-0.079,-0.475,0.126,0.126,-0.572,-0.446,-0.0,-0.475,-0.46,-0.015,-0.475,-0.46,-0.015,1.181,0.067,0.854,0.853,0.852,0.001,0.002,-0.278,0.674,-0.952,-0.616,1.746,0.62,1.126,0.179,-0.045,0.225,-0.178,-0.074,-0.074,0.781,0.0,-0.178,-0.36,0.182,-0.178,-0.36,0.182,0.651,-0.046,1.227,-0.446,0.781,11947,5962,5985
203901,Elfrid Payton,2016,0.668,0.668,0.67,-0.002,-0.002,0.637,0.844,-0.207,0.131,-0.098,-0.536,0.438,-0.711,-0.19,-0.521,0.463,-0.142,-0.142,0.42,0.278,-0.0,0.463,0.273,0.19,0.463,0.273,0.19,1.33,0.663,-0.341,-0.344,-0.345,0.001,0.004,-0.166,-0.302,0.136,0.27,-0.449,-0.06,-0.389,0.265,0.217,0.048,0.443,0.114,0.114,0.367,0.481,0.0,0.443,0.541,-0.098,0.443,0.541,-0.098,-0.903,-0.182,0.327,0.324,0.325,-0.001,0.002,0.471,0.542,-0.071,0.401,-0.547,-0.596,0.049,-0.446,0.027,-0.473,0.906,-0.028,-0.028,0.759,-0.0,0.906,0.814,0.092,0.906,0.814,0.092,0.427,0.481,0.278,0.481,0.759,18107,9045,9062
2756,Sasha Vujacic,2016,-0.92,-0.92,-0.912,-0.008,-0.008,-1.116,-0.746,-0.37,-0.774,0.978,0.511,0.467,0.09,-0.122,0.212,0.673,0.362,0.362,-0.157,0.205,0.0,0.673,0.7,-0.027,0.673,0.7,-0.027,1.891,-0.64,0.495,0.493,0.491,0.002,0.004,0.307,0.072,0.235,0.087,0.097,0.025,0.072,-0.188,-0.202,0.015,-0.043,0.281,0.281,0.264,0.545,0.0,-0.043,-0.12,0.077,-0.043,-0.12,0.077,0.799,0.35,-0.425,-0.427,-0.421,-0.006,-0.004,-0.809,-0.674,-0.135,-0.687,1.075,0.536,0.539,-0.098,-0.324,0.227,0.63,0.643,0.643,0.75,0.0,0.63,0.58,0.05,0.63,0.58,0.05,2.69,-0.29,0.205,0.545,0.75,3564,1767,1797
101187,Alan Anderson,2016,-1.24,-1.241,-1.246,0.005,0.006,-0.23,0.281,-0.511,-0.081,-0.935,-0.028,-0.907,0.355,0.541,-0.184,0.469,-0.537,-0.537,-0.416,-0.953,0.0,0.469,0.225,0.244,0.469,0.225,0.244,-3.808,-0.488,1.615,1.616,1.612,0.004,0.003,-0.154,-0.049,-0.105,0.325,1.441,0.01,1.431,-0.165,-0.048,-0.118,0.117,0.098,0.098,1.567,1.665,0.0,0.117,-0.328,0.445,0.117,-0.328,0.445,1.13,0.093,0.375,0.376,0.366,0.01,0.009,-0.384,0.232,-0.616,0.244,0.506,-0.018,0.524,0.19,0.493,-0.302,0.586,-0.439,-0.439,0.712,0.001,0.586,-0.103,0.689,0.586,-0.103,0.689,-2.678,-0.395,-0.953,1.665,0.713,8083,4036,4047
2585,Zaza Pachulia,2016,-1.269,-1.276,-1.276,0.0,0.007,-0.997,-0.627,-0.37,-0.306,0.027,-0.277,0.304,-0.015,-0.213,0.198,-0.418,0.301,0.301,-1.702,-1.401,-0.0,-0.418,-0.112,-0.306,-0.418,-0.112,-0.306,0.706,-0.391,0.077,0.084,0.078,0.006,-0.001,-0.205,0.35,-0.555,-0.001,0.284,-0.065,0.349,0.587,0.703,-0.117,0.745,0.674,0.674,1.409,2.083,0.0,0.745,0.394,0.351,0.745,0.394,0.351,-0.511,0.039,-1.192,-1.192,-1.198,0.006,0.006,-1.202,-0.277,-0.925,-0.307,0.311,-0.342,0.653,0.572,0.49,0.081,0.327,0.975,0.975,0.682,0.0,0.327,0.282,0.045,0.327,0.282,0.045,0.195,-0.352,-1.401,2.083,0.682,15270,7649,7621
201177,Josh McRoberts,2016,0.037,0.037,0.031,0.006,0.006,0.825,0.29,0.535,-0.197,-0.597,-0.165,-0.432,-0.203,-0.241,0.04,0.446,0.047,0.047,0.28,0.327,0.0,0.446,0.207,0.239,0.446,0.207,0.239,1.108,0.815,-0.233,-0.231,-0.231,0.0,-0.002,-0.011,-0.01,-0.001,-0.511,0.291,0.001,0.29,-0.195,-0.133,-0.061,0.325,0.419,0.419,-0.103,0.316,0.0,0.325,0.134,0.191,0.325,0.134,0.191,1.449,0.12,-0.196,-0.195,-0.2,0.005,0.004,0.814,0.28,0.534,-0.708,-0.306,-0.164,-0.142,-0.398,-0.374,-0.021,0.771,0.466,0.466,0.643,0.0,0.771,0.341,0.43,0.771,0.341,0.43,2.557,0.935,0.327,0.316,0.643,3865,1930,1935
2403,Nene,2016,0.839,0.849,0.85,-0.001,-0.011,1.541,0.686,0.855,-0.233,-0.458,-0.548,0.09,-0.126,0.545,-0.67,-0.49,-0.929,-0.929,0.223,-0.706,0.0,-0.49,-0.372,-0.118,-0.49,-0.372,-0.118,0.331,0.777,-0.467,-0.46,-0.461,0.001,-0.006,-0.397,0.029,-0.426,-0.024,-0.04,-0.037,-0.003,-0.331,-0.084,-0.247,0.619,1.527,1.527,-0.179,1.348,0.0,0.619,0.235,0.384,0.619,0.235,0.384,1.302,0.095,0.372,0.388,0.389,-0.001,-0.017,1.144,0.715,0.429,-0.257,-0.498,-0.585,0.087,-0.457,0.461,-0.917,0.129,0.598,0.598,0.642,0.0,0.129,-0.137,0.266,0.129,-0.137,0.266,1.633,0.872,-0.706,1.348,0.642,12095,6041,6054
203490,Otto Porter Jr.,2016,0.513,0.514,0.501,0.013,0.012,0.285,-0.016,0.301,0.452,-0.236,0.061,-0.297,-0.13,-0.095,-0.036,0.25,0.313,0.313,0.633,0.946,0.0,0.25,-0.073,0.323,0.25,-0.073,0.323,1.243,0.297,-0.683,-0.686,-0.69,0.004,0.007,-0.421,-0.012,-0.409,0.114,-0.383,-0.025,-0.358,0.068,-0.034,0.102,0.357,-0.092,-0.092,-0.258,-0.35,0.0,0.357,0.129,0.228,0.357,0.129,0.228,0.008,0.159,-0.17,-0.173,-0.189,0.016,0.019,-0.136,-0.028,-0.108,0.566,-0.619,0.036,-0.655,-0.062,-0.129,0.066,0.607,0.221,0.221,0.596,0.0,0.607,0.056,0.551,0.607,0.056,0.551,1.251,0.456,0.946,-0.35,0.596,16033,8014,8019
203918,Rodney Hood,2016,-0.082,-0.071,-0.074,0.003,-0.008,-1.071,-0.609,-0.462,0.577,0.42,0.301,0.119,-0.273,-0.615,0.34,-0.242,1.012,1.012,-0.597,0.415,-0.0,-0.242,0.265,-0.507,-0.242,0.265,-0.507,-1.569,-0.751,0.61,0.611,0.614,-0.003,-0.004,0.42,0.284,0.136,0.305,-0.111,0.056,-0.167,-0.132,-0.25,0.118,-0.297,-0.015,-0.015,0.181,0.166,0.0,-0.297,0.014,-0.311,-0.297,0.014,-0.311,1.375,0.5,0.528,0.54,0.54,0.0,-0.012,-0.651,-0.325,-0.326,0.882,0.309,0.357,-0.048,-0.405,-0.865,0.458,-0.539,0.997,0.997,0.581,0.0,-0.539,0.279,-0.818,-0.539,0.279,-0.818,-0.194,-0.251,0.415,0.166,0.581,13366,6687,6679
201976,Patrick Beverley,2016,0.041,0.042,0.055,-0.013,-0.014,-0.171,-0.328,0.157,-0.02,0.246,0.399,-0.153,-0.053,-0.461,0.406,0.044,0.188,0.188,0.032,0.22,0.0,0.044,0.097,-0.053,0.044,0.097,-0.053,1.494,-0.104,0.368,0.367,0.364,0.003,0.004,0.262,0.071,0.191,-0.372,0.474,-0.221,0.695,-0.042,0.127,-0.17,0.511,-0.489,-0.489,0.837,0.348,0.0,0.511,0.194,0.317,0.511,0.194,0.317,-0.829,-0.064,0.409,0.409,0.419,-0.01,-0.01,0.091,-0.257,0.348,-0.392,0.72,0.178,0.542,-0.095,-0.334,0.236,0.555,-0.301,-0.301,0.568,0.0,0.555,0.291,0.264,0.555,0.291,0.264,0.665,-0.168,0.22,0.348,0.568,15406,7721,7685
203113,Quincy Miller,2016,-0.334,-0.34,-0.342,0.002,0.008,-0.255,-0.035,-0.22,0.344,-0.431,0.079,-0.51,-0.069,-0.055,-0.01,0.116,0.285,0.285,-0.287,-0.002,0.0,0.116,0.274,-0.158,0.116,0.274,-0.158,-0.183,-0.117,0.556,0.556,0.558,-0.002,-0.002,0.319,0.0,0.319,0.176,0.063,-0.04,0.103,-0.113,-0.093,-0.018,-0.013,0.126,0.126,0.43,0.556,0.0,-0.013,0.044,-0.057,-0.013,0.044,-0.057,0.527,0.138,0.222,0.216,0.216,0.0,0.006,0.064,-0.035,0.099,0.52,-0.368,0.039,-0.407,-0.182,-0.148,-0.028,0.103,0.411,0.411,0.554,0.001,0.103,0.318,-0.215,0.103,0.318,-0.215,0.344,0.021,-0.002,0.556,0.555,491,246,245
1626196,Josh Richardson,2016,0.229,0.231,0.241,-0.01,-0.012,0.169,0.016,0.153,-0.059,0.131,-0.233,0.364,-0.262,-0.201,-0.061,-0.198,0.689,0.689,-0.231,0.458,0.0,-0.198,-0.206,0.008,-0.198,-0.206,0.008,-0.696,0.16,0.181,0.181,0.183,-0.002,-0.002,0.309,-0.178,0.487,0.294,-0.42,0.251,-0.671,-0.166,-0.226,0.062,0.013,0.041,0.041,0.028,0.069,0.0,0.013,-0.106,0.119,0.013,-0.106,0.119,1.619,0.112,0.41,0.412,0.424,-0.012,-0.014,0.478,-0.162,0.64,0.235,-0.289,0.018,-0.307,-0.428,-0.427,0.001,-0.185,0.73,0.73,0.527,0.0,-0.185,-0.312,0.127,-0.185,-0.312,0.127,0.923,0.272,0.458,0.069,0.527,5691,2853,2838
2561,David West,2016,-0.355,-0.358,-0.378,0.02,0.023,-0.358,-0.353,-0.005,0.939,-0.959,-0.583,-0.376,-0.183,-0.201,0.018,0.748,-0.854,-0.854,0.21,-0.644,0.0,0.748,0.211,0.537,0.748,0.211,0.537,2.243,-0.056,0.807,0.81,0.808,0.002,-0.001,0.416,0.361,0.055,0.323,0.069,0.037,0.032,-0.003,-0.036,0.033,0.185,0.176,0.176,0.989,1.165,0.0,0.185,0.065,0.12,0.185,0.065,0.12,0.465,0.499,0.452,0.452,0.43,0.022,0.022,0.058,0.008,0.05,1.262,-0.89,-0.546,-0.344,-0.186,-0.237,0.051,0.933,-0.678,-0.678,0.521,0.0,0.933,0.276,0.657,0.933,0.276,0.657,2.708,0.443,-0.644,1.165,0.521,13405,6715,6690
101107,Marvin Williams,2016,-0.083,-0.09,-0.099,0.009,0.016,-1.419,-0.363,-1.056,-0.055,1.375,0.661,0.714,-0.134,-0.481,0.346,0.637,-0.155,-0.155,0.42,0.265,0.0,0.637,0.273,0.364,0.637,0.273,0.364,0.783,-0.814,-0.092,-0.09,-0.093,0.003,0.001,-0.068,-0.07,0.002,-0.52,0.495,0.009,0.486,-0.022,0.12,-0.141,-0.405,0.749,0.749,-0.519,0.23,0.0,-0.405,-0.25,-0.155,-0.405,-0.25,-0.155,-0.481,-0.219,-0.175,-0.181,-0.192,0.011,0.017,-1.487,-0.433,-1.054,-0.575,1.87,0.67,1.2,-0.156,-0.361,0.205,0.232,0.594,0.594,0.495,0.0,0.232,0.023,0.209,0.232,0.023,0.209,0.302,-1.033,0.265,0.23,0.495,17887,8969,8918
201583,Ryan Anderson,2016,0.041,0.045,0.041,0.004,-0.0,0.263,0.795,-0.532,-0.835,0.613,0.505,0.108,0.615,0.147,0.466,0.948,0.814,0.814,1.604,2.418,0.0,0.948,0.885,0.063,0.948,0.885,0.063,-0.813,0.093,-0.801,-0.797,-0.796,-0.001,-0.005,-0.814,-0.807,-0.007,-0.088,0.106,0.159,-0.053,-0.169,-0.012,-0.158,-0.292,-0.67,-0.67,-1.262,-1.932,0.0,-0.292,-0.461,0.169,-0.292,-0.461,0.169,1.367,-0.555,-0.76,-0.753,-0.755,0.002,-0.005,-0.551,-0.012,-0.539,-0.923,0.719,0.664,0.055,0.446,0.135,0.308,0.656,0.144,0.144,0.486,-0.0,0.656,0.424,0.232,0.656,0.424,0.232,0.554,-0.462,2.418,-1.932,0.486,14770,7391,7379
203497,Rudy Gobert,2016,-0.652,-0.655,-0.656,0.001,0.004,-0.108,0.08,-0.188,-1.035,0.487,0.042,0.445,-0.425,0.176,-0.6,-1.357,0.877,0.877,-2.434,-1.557,0.0,-1.357,-0.991,-0.366,-1.357,-0.991,-0.366,-2.734,-0.18,1.829,1.832,1.838,-0.006,-0.009,1.613,0.454,1.159,0.407,-0.182,0.086,-0.268,0.332,0.105,0.227,-0.171,0.044,0.044,1.99,2.034,0.0,-0.171,-0.013,-0.158,-0.171,-0.013,-0.158,1.932,0.941,1.177,1.177,1.182,-0.005,-0.005,1.505,0.534,0.971,-0.628,0.305,0.128,0.177,-0.093,0.281,-0.373,-1.528,0.921,0.921,0.477,0.0,-1.528,-1.004,-0.524,-1.528,-1.004,-0.524,-0.802,0.761,-1.557,2.034,0.477,15225,7592,7633
202709,Cory Joseph,2016,-0.999,-0.999,-1.008,0.009,0.009,0.39,0.356,0.034,-0.528,-0.87,-0.224,-0.646,0.9,0.907,-0.009,0.072,-0.785,-0.785,-0.027,-0.812,0.0,0.072,0.249,-0.177,0.072,0.249,-0.177,-3.056,-0.58,1.36,1.358,1.357,0.001,0.003,0.575,0.29,0.285,0.572,0.21,0.067,0.143,-0.296,-0.18,-0.114,-0.03,0.253,0.253,1.034,1.287,0.0,-0.03,-0.18,0.15,-0.03,-0.18,0.15,3.141,0.622,0.361,0.359,0.349,0.01,0.012,0.965,0.646,0.319,0.044,-0.66,-0.157,-0.503,0.604,0.727,-0.123,0.042,-0.532,-0.532,0.475,0.0,0.042,0.069,-0.027,0.042,0.069,-0.027,0.085,0.042,-0.812,1.287,0.475,14953,7500,7453
201943,Brandon Jennings,2016,-0.913,-0.913,-0.905,-0.008,-0.008,-1.131,-0.273,-0.858,-0.254,0.48,0.373,0.107,-0.057,-0.172,0.117,0.887,0.117,0.117,-0.083,0.034,0.0,0.887,0.243,0.644,0.887,0.243,0.644,-0.278,-0.112,0.262,0.261,0.265,-0.004,-0.003,0.41,-0.094,0.504,0.126,-0.271,-0.049,-0.222,-0.328,-0.255,-0.072,0.323,0.163,0.163,0.257,0.42,-0.0,0.323,0.264,0.059,0.323,0.264,0.059,-0.523,-0.161,-0.651,-0.652,-0.64,-0.012,-0.011,-0.721,-0.367,-0.354,-0.128,0.209,0.324,-0.115,-0.385,-0.427,0.045,1.21,0.28,0.28,0.454,0.0,1.21,0.507,0.703,1.21,0.507,0.703,-0.801,-0.273,0.034,0.42,0.454,8070,4027,4043
201960,DeMarre Carroll,2016,0.113,0.109,0.083,0.026,0.03,0.144,-0.333,0.477,-0.22,0.159,-0.078,0.237,0.048,0.182,-0.136,0.077,0.447,0.447,0.238,0.685,0.0,0.077,0.444,-0.367,0.077,0.444,-0.367,1.094,-0.275,-0.525,-0.521,-0.523,0.002,-0.002,-0.455,0.043,-0.498,-0.146,0.078,-0.172,0.25,-0.173,0.145,-0.318,0.62,-0.153,-0.153,-0.078,-0.231,-0.0,0.62,0.386,0.234,0.62,0.386,0.234,-1.345,-0.223,-0.412,-0.413,-0.44,0.027,0.028,-0.311,-0.29,-0.021,-0.366,0.237,-0.25,0.487,-0.125,0.327,-0.454,0.697,0.294,0.294,0.454,-0.001,0.697,0.83,-0.133,0.697,0.83,-0.133,-0.251,-0.498,0.685,-0.231,0.453,15996,7993,8003
2564,Boris Diaw,2016,0.004,0.005,-0.005,0.01,0.009,-0.375,0.034,-0.409,0.417,-0.047,0.096,-0.143,-0.385,-0.458,0.073,-0.241,0.613,0.613,-0.622,-0.009,0.0,-0.241,-0.181,-0.06,-0.241,-0.181,-0.06,2.374,0.147,-0.274,-0.27,-0.27,-0.0,-0.004,-0.77,-0.394,-0.376,0.205,0.295,0.242,0.053,0.31,0.217,0.093,-0.114,0.524,0.524,-0.078,0.446,0.0,-0.114,-0.07,-0.044,-0.114,-0.07,-0.044,0.457,-0.331,-0.27,-0.265,-0.275,0.01,0.005,-1.145,-0.36,-0.785,0.622,0.248,0.338,-0.09,-0.075,-0.241,0.166,-0.355,1.137,1.137,0.437,0.0,-0.355,-0.251,-0.104,-0.355,-0.251,-0.104,2.831,-0.184,-0.009,0.446,0.437,14463,7241,7222
1626253,Axel Toupane,2016,2.329,2.327,2.299,0.028,0.03,0.768,0.001,0.767,0.535,0.996,0.178,0.818,0.013,-0.134,0.148,-0.201,-0.743,-0.743,2.141,1.398,-0.0,-0.201,-0.356,0.155,-0.201,-0.356,0.155,1.565,0.312,-0.536,-0.538,-0.538,-0.0,0.002,-0.45,-0.208,-0.242,0.072,-0.16,-0.01,-0.15,-0.079,-0.023,-0.055,-0.236,-0.111,-0.111,-0.851,-0.962,0.0,-0.236,-0.123,-0.113,-0.236,-0.123,-0.113,-0.651,-0.282,1.793,1.79,1.761,0.029,0.032,0.318,-0.207,0.525,0.607,0.836,0.168,0.668,-0.066,-0.157,0.093,-0.437,-0.854,-0.854,0.436,-0.0,-0.437,-0.479,0.042,-0.437,-0.479,0.042,0.914,0.03,1.398,-0.962,0.436,1199,596,603
2733,Shaun Livingston,2016,0.094,0.096,0.094,0.002,0.0,0.116,-0.088,0.204,0.537,-0.559,-0.673,0.114,0.236,-0.046,0.281,-0.532,0.224,0.224,-0.202,0.022,0.0,-0.532,-0.444,-0.088,-0.532,-0.444,-0.088,-0.029,0.413,1.486,1.482,1.489,-0.007,-0.003,-0.239,0.124,-0.363,0.656,1.072,0.154,0.918,0.086,-0.095,0.183,-0.221,-0.939,-0.939,1.351,0.412,-0.0,-0.221,-0.009,-0.212,-0.221,-0.009,-0.212,1.161,-0.041,1.58,1.578,1.583,-0.005,-0.003,-0.123,0.036,-0.159,1.193,0.513,-0.519,1.032,0.322,-0.141,0.464,-0.753,-0.715,-0.715,0.434,-0.001,-0.753,-0.453,-0.3,-0.753,-0.453,-0.3,1.132,0.372,0.022,0.412,0.433,15396,7680,7716
101139,CJ Miles,2016,0.645,0.648,0.636,0.012,0.009,-0.088,-0.044,-0.044,0.218,0.506,0.688,-0.182,-0.066,-0.147,0.081,-0.094,-0.311,-0.311,0.485,0.174,0.0,-0.094,-0.042,-0.052,-0.094,-0.042,-0.052,1.792,0.088,0.236,0.237,0.233,0.004,0.003,0.165,-0.036,0.201,-0.097,0.165,0.044,0.121,-0.359,-0.323,-0.036,0.215,0.139,0.139,0.092,0.231,0.0,0.215,-0.174,0.389,0.215,-0.174,0.389,1.418,0.119,0.881,0.886,0.869,0.017,0.012,0.077,-0.08,0.157,0.121,0.671,0.732,-0.061,-0.425,-0.47,0.045,0.121,-0.172,-0.172,0.405,0.0,0.121,-0.216,0.337,0.121,-0.216,0.337,3.21,0.207,0.174,0.231,0.405,13527,6771,6756
2748,Dorell Wright,2016,0.036,0.036,0.029,0.007,0.007,0.378,-0.195,0.573,-1.036,0.687,0.433,0.254,0.033,-0.31,0.344,0.394,-0.059,-0.059,0.463,0.404,0.0,0.394,0.059,0.335,0.394,0.059,0.335,0.708,-0.404,-0.231,-0.234,-0.233,-0.001,0.002,-0.195,-0.068,-0.127,0.406,-0.444,0.058,-0.502,-0.113,-0.076,-0.036,-0.101,0.439,0.439,-0.445,-0.006,0.0,-0.101,-0.177,0.076,-0.101,-0.177,0.076,0.621,-0.133,-0.195,-0.198,-0.204,0.006,0.009,0.183,-0.263,0.446,-0.63,0.243,0.491,-0.248,-0.08,-0.386,0.308,0.293,0.38,0.38,0.398,0.001,0.293,-0.118,0.411,0.293,-0.118,0.411,1.329,-0.537,0.404,-0.006,0.399,2395,1193,1202
1891,Jason Terry,2016,1.668,1.676,1.669,0.007,-0.001,-0.125,-0.346,0.221,0.798,0.996,0.761,0.235,-0.042,0.423,-0.466,-0.429,-0.565,-0.565,1.197,0.632,0.0,-0.429,-0.123,-0.306,-0.429,-0.123,-0.306,1.272,-0.569,0.25,0.249,0.244,0.005,0.006,-0.802,-0.002,-0.8,0.074,0.972,-0.06,1.032,-0.367,-0.33,-0.038,0.169,-0.291,-0.291,0.052,-0.239,-0.0,0.169,0.239,-0.07,0.169,0.239,-0.07,1.176,-0.024,1.918,1.925,1.913,0.012,0.005,-0.927,-0.348,-0.579,0.872,1.968,0.701,1.267,-0.409,0.093,-0.504,-0.26,-0.856,-0.856,0.393,0.0,-0.26,0.116,-0.376,-0.26,0.116,-0.376,2.448,-0.593,0.632,-0.239,0.393,14178,7100,7078
201188,Marc Gasol,2016,0.083,0.08,0.093,-0.013,-0.01,-0.026,-0.431,0.405,0.684,-0.565,-0.579,0.014,0.807,0.493,0.314,-0.436,-0.609,-0.609,0.454,-0.155,-0.0,-0.436,-0.335,-0.101,-0.436,-0.335,-0.101,0.058,-0.153,-1.301,-1.295,-1.295,0.0,-0.006,-0.252,0.146,-0.398,-0.23,-0.813,-0.166,-0.647,0.367,0.427,-0.063,0.332,1.136,1.136,-0.602,0.534,0.0,0.332,0.315,0.017,0.332,0.315,0.017,-0.927,0.115,-1.218,-1.215,-1.202,-0.013,-0.016,-0.278,-0.285,0.007,0.454,-1.378,-0.745,-0.633,1.174,0.92,0.251,-0.104,0.527,0.527,0.379,-0.0,-0.104,-0.02,-0.084,-0.104,-0.02,-0.084,-0.869,-0.038,-0.155,0.534,0.379,18633,9329,9304
1626257,Salah Mejri,2016,0.638,0.639,0.635,0.004,0.003,0.045,-0.038,0.083,0.121,0.469,0.101,0.368,-0.357,-0.008,-0.344,0.002,-0.519,-0.519,0.283,-0.236,0.0,0.002,0.05,-0.048,0.002,0.05,-0.048,0.149,0.053,0.19,0.192,0.198,-0.006,-0.008,0.837,0.242,0.595,-0.157,-0.482,-0.254,-0.228,-0.098,-0.145,0.049,0.036,0.466,0.466,0.128,0.594,-0.0,0.036,0.106,-0.07,0.036,0.106,-0.07,-0.58,0.249,0.828,0.831,0.833,-0.002,-0.005,0.882,0.204,0.678,-0.036,-0.013,-0.153,0.14,-0.455,-0.153,-0.295,0.038,-0.053,-0.053,0.358,-0.0,0.038,0.156,-0.118,0.038,0.156,-0.118,-0.431,0.302,-0.236,0.594,0.358,1837,920,917
203934,Lamar Patterson,2016,0.096,0.095,0.094,0.001,0.002,-0.407,0.134,-0.541,0.672,-0.171,0.225,-0.396,0.362,0.256,0.107,-0.009,0.253,0.253,0.449,0.702,0.0,-0.009,0.241,-0.25,-0.009,0.241,-0.25,0.094,0.12,-0.67,-0.673,-0.672,-0.001,0.002,-0.081,-0.016,-0.065,-0.606,0.015,0.021,-0.006,-0.127,-0.218,0.092,0.12,0.329,0.329,-0.677,-0.348,0.0,0.12,0.285,-0.165,0.12,0.285,-0.165,0.228,-0.016,-0.574,-0.578,-0.578,0.0,0.004,-0.488,0.118,-0.606,0.066,-0.156,0.246,-0.402,0.235,0.038,0.199,0.111,0.582,0.582,0.354,0.0,0.111,0.526,-0.415,0.111,0.526,-0.415,0.322,0.104,0.702,-0.348,0.354,1650,822,828
203935,Marcus Smart,2016,-0.971,-0.973,-0.961,-0.012,-0.01,0.34,0.317,0.023,-1.089,-0.212,0.198,-0.41,0.015,0.223,-0.21,0.693,0.254,0.254,-0.263,-0.009,0.0,0.693,0.296,0.397,0.693,0.296,0.397,0.792,0.168,-0.112,-0.111,-0.111,0.0,-0.001,-0.31,-0.094,-0.216,0.224,-0.025,-0.222,0.197,-0.524,-0.52,-0.003,0.752,0.24,0.24,0.116,0.356,0.0,0.752,0.056,0.696,0.752,0.056,0.696,1.836,0.524,-1.083,-1.084,-1.072,-0.012,-0.011,0.03,0.223,-0.193,-0.865,-0.237,-0.024,-0.213,-0.509,-0.297,-0.213,1.445,0.494,0.494,0.347,0.0,1.445,0.352,1.093,1.445,0.352,1.093,2.628,0.692,-0.009,0.356,0.347,15118,7531,7587
1889,Andre Miller,2016,1.923,1.936,1.95,-0.014,-0.027,0.737,0.373,0.364,0.979,0.234,-0.609,0.843,0.082,0.043,0.04,-0.59,0.686,0.686,1.415,2.101,0.0,-0.59,-0.478,-0.112,-0.59,-0.478,-0.112,2.01,1.004,-0.989,-0.994,-0.997,0.003,0.008,-0.116,0.39,-0.506,0.292,-1.173,-0.314,-0.859,-0.092,-0.144,0.052,-0.877,0.187,0.187,-1.958,-1.771,0.0,-0.877,-0.412,-0.465,-0.877,-0.412,-0.465,-1.04,0.207,0.934,0.942,0.953,-0.011,-0.019,0.621,0.763,-0.142,1.271,-0.939,-0.923,-0.016,-0.01,-0.101,0.092,-1.467,0.873,0.873,0.33,-0.0,-1.467,-0.89,-0.577,-1.467,-0.89,-0.577,0.97,1.211,2.101,-1.771,0.33,6596,3285,3311
203460,Andre Roberson,2016,-0.952,-0.955,-0.948,-0.007,-0.004,0.36,0.186,0.174,-0.139,-1.169,-0.076,-1.093,0.022,0.212,-0.192,-0.783,-0.065,-0.065,-1.713,-1.778,0.0,-0.783,-0.027,-0.756,-0.783,-0.027,-0.756,-2.356,0.118,0.766,0.767,0.761,0.006,0.005,0.544,0.194,0.35,0.464,-0.247,0.001,-0.248,0.202,0.298,-0.096,0.373,0.753,0.753,1.341,2.094,0.0,0.373,0.247,0.126,0.373,0.247,0.126,1.358,0.62,-0.186,-0.187,-0.187,-0.0,0.001,0.904,0.38,0.524,0.325,-1.416,-0.075,-1.341,0.224,0.51,-0.288,-0.41,0.688,0.688,0.316,0.0,-0.41,0.22,-0.63,-0.41,0.22,-0.63,-0.998,0.738,-1.778,2.094,0.316,13179,6591,6588
2200,Pau Gasol,2016,-0.559,-0.571,-0.579,0.008,0.02,-0.945,-0.304,-0.641,0.476,-0.11,-0.327,0.217,0.555,0.204,0.352,0.22,-0.189,-0.189,0.216,0.027,0.0,0.22,-0.32,0.54,0.22,-0.32,0.54,0.595,-0.024,1.678,1.678,1.68,-0.002,-0.002,0.968,0.268,0.7,-0.637,1.349,0.267,1.082,0.576,0.57,0.005,-1.122,-0.86,-0.86,1.132,0.272,0.0,-1.122,-0.546,-0.576,-1.122,-0.546,-0.576,0.975,0.456,1.119,1.107,1.101,0.006,0.018,0.023,-0.036,0.059,-0.161,1.239,-0.06,1.299,1.131,0.774,0.357,-0.902,-1.049,-1.049,0.299,0.0,-0.902,-0.866,-0.036,-0.902,-0.866,-0.036,1.57,0.432,0.027,0.272,0.299,20490,10262,10228
1626147,Justin Anderson,2016,-2.088,-2.094,-2.089,-0.005,0.001,0.143,-0.253,0.396,-1.133,-1.099,0.129,-1.228,0.429,0.38,0.05,0.413,0.321,0.321,-1.246,-0.925,0.0,0.413,0.147,0.266,0.413,0.147,0.266,-1.778,0.039,1.032,1.034,1.037,-0.003,-0.005,0.511,0.174,0.337,0.153,0.373,-0.121,0.494,-0.078,-0.171,0.093,-0.101,0.351,0.351,0.853,1.204,-0.0,-0.101,-0.065,-0.036,-0.101,-0.065,-0.036,0.65,0.289,-1.056,-1.059,-1.052,-0.007,-0.004,0.654,-0.079,0.733,-0.98,-0.726,0.008,-0.734,0.351,0.209,0.143,0.312,0.672,0.672,0.279,0.001,0.312,0.082,0.23,0.312,0.082,0.23,-1.128,0.328,-0.925,1.204,0.28,2910,1448,1462
203507,Giannis Antetokounmpo,2016,0.657,0.645,0.659,-0.014,-0.002,1.634,0.971,0.663,0.257,-1.232,-0.727,-0.505,0.623,0.508,0.115,-0.518,0.043,0.043,0.762,0.805,0.0,-0.518,0.065,-0.583,-0.518,0.065,-0.583,-1.628,0.78,-0.567,-0.567,-0.571,0.004,0.004,0.369,-0.286,0.655,-0.139,-0.801,-0.362,-0.439,-0.056,0.116,-0.173,0.635,-0.564,-0.564,0.012,-0.552,-0.0,0.635,0.196,0.439,0.635,0.196,0.439,-2.589,-0.308,0.09,0.078,0.088,-0.01,0.002,2.003,0.685,1.318,0.118,-2.033,-1.089,-0.944,0.567,0.624,-0.058,0.117,-0.521,-0.521,0.253,-0.0,0.117,0.261,-0.144,0.117,0.261,-0.144,-4.217,0.472,0.805,-0.552,0.253,21549,10783,10766
204065,David Stockton,2016,0.307,0.305,0.297,0.008,0.01,0.053,-0.021,0.074,-0.042,0.286,0.042,0.244,0.118,0.23,-0.107,-0.095,-0.172,-0.172,0.33,0.158,0.0,-0.095,-0.062,-0.033,-0.095,-0.062,-0.033,0.001,-0.069,0.046,0.045,0.046,-0.001,-0.0,-0.093,0.009,-0.102,0.04,0.099,-0.006,0.105,-0.046,0.005,-0.048,0.005,0.084,0.084,0.005,0.089,-0.0,0.005,-0.048,0.053,0.005,-0.048,0.053,0.023,-0.026,0.353,0.35,0.343,0.007,0.01,-0.04,-0.012,-0.028,-0.002,0.385,0.036,0.349,0.072,0.235,-0.155,-0.09,-0.088,-0.088,0.247,0.0,-0.09,-0.11,0.02,-0.09,-0.11,0.02,0.024,-0.095,0.158,0.089,0.247,145,72,73
203096,Jared Sullinger,2016,-0.274,-0.276,-0.277,0.001,0.003,-1.401,-0.857,-0.544,0.957,0.167,0.191,-0.024,-0.864,-0.8,-0.064,-0.592,1.266,1.266,-1.73,-0.464,-0.0,-0.592,-0.266,-0.326,-0.592,-0.266,-0.326,1.965,-0.796,0.221,0.225,0.225,0.0,-0.004,0.182,0.145,0.037,-0.316,0.359,0.163,0.196,0.46,0.43,0.031,-0.045,0.049,0.049,0.636,0.685,0.0,-0.045,0.086,-0.131,-0.045,0.086,-0.131,0.024,0.137,-0.053,-0.051,-0.052,0.001,-0.001,-1.219,-0.712,-0.507,0.641,0.526,0.354,0.172,-0.404,-0.37,-0.033,-0.637,1.315,1.315,0.221,-0.0,-0.637,-0.18,-0.457,-0.637,-0.18,-0.457,1.989,-0.659,-0.464,0.685,0.221,14566,7301,7265
203524,Solomon Hill,2016,-0.682,-0.672,-0.683,0.011,0.001,-0.44,-0.083,-0.357,0.954,-1.197,-0.153,-1.044,0.456,0.165,0.292,0.25,0.978,0.978,0.024,1.002,0.0,0.25,0.109,0.141,0.25,0.109,0.141,-1.552,-0.628,-0.464,-0.472,-0.48,0.008,0.016,-0.009,-0.062,0.053,-0.175,-0.296,0.049,-0.345,-0.198,-0.216,0.019,-0.51,0.39,0.39,-1.172,-0.782,0.0,-0.51,-0.193,-0.317,-0.51,-0.193,-0.317,1.009,0.286,-1.146,-1.144,-1.163,0.019,0.017,-0.449,-0.145,-0.304,0.779,-1.493,-0.104,-1.389,0.258,-0.051,0.311,-0.26,1.368,1.368,0.22,0.0,-0.26,-0.084,-0.176,-0.26,-0.084,-0.176,-0.543,-0.342,1.002,-0.782,0.22,13239,6619,6620
203135,Robert Sacre,2016,-1.282,-1.287,-1.279,-0.008,-0.003,-1.641,-1.168,-0.473,0.378,-0.016,-0.275,0.259,-0.078,-0.003,-0.072,0.29,0.167,0.167,-1.07,-0.903,0.0,0.29,0.312,-0.022,0.29,0.312,-0.022,-1.1,-1.086,0.783,0.788,0.792,-0.004,-0.009,0.443,0.251,0.192,-0.303,0.652,-0.105,0.757,0.067,0.143,-0.076,0.036,0.21,0.21,0.886,1.096,0.0,0.036,0.128,-0.092,0.036,0.128,-0.092,0.431,0.244,-0.499,-0.499,-0.487,-0.012,-0.012,-1.198,-0.917,-0.281,0.075,0.636,-0.38,1.016,-0.011,0.14,-0.148,0.326,0.377,0.377,0.193,-0.0,0.326,0.44,-0.114,0.326,0.44,-0.114,-0.669,-0.842,-0.903,1.096,0.193,5629,2796,2833
204456,T.J. McConnell,2016,1.838,1.836,1.839,-0.003,-0.001,0.489,0.009,0.48,0.669,0.681,0.122,0.559,-0.477,-0.237,-0.238,0.214,-0.372,-0.372,1.575,1.203,-0.0,0.214,0.45,-0.236,0.214,0.45,-0.236,2.236,0.713,-1.514,-1.519,-1.518,-0.001,0.004,-0.584,0.141,-0.725,-0.486,-0.448,0.284,-0.732,-0.238,-0.18,-0.056,0.478,0.256,0.256,-1.274,-1.018,0.0,0.478,0.435,0.043,0.478,0.435,0.043,-0.41,-0.078,0.324,0.317,0.321,-0.004,0.003,-0.095,0.15,-0.245,0.183,0.233,0.406,-0.173,-0.715,-0.417,-0.294,0.692,-0.116,-0.116,0.185,-0.0,0.692,0.885,-0.193,0.692,0.885,-0.193,1.826,0.635,1.203,-1.018,0.185,6414,3205,3209
204025,Tim Frazier,2016,-0.612,-0.606,-0.611,0.005,-0.001,0.265,0.178,0.087,-0.426,-0.45,-0.004,-0.446,-0.187,0.007,-0.193,0.282,0.178,0.178,-0.517,-0.339,-0.0,0.282,0.345,-0.063,0.282,0.345,-0.063,1.086,0.341,0.368,0.368,0.366,0.002,0.002,-0.203,0.139,-0.342,0.093,0.476,-0.149,0.625,-0.115,-0.157,0.044,-0.301,0.563,0.563,-0.048,0.515,0.0,-0.301,-0.053,-0.248,-0.301,-0.053,-0.248,0.268,0.303,-0.244,-0.238,-0.245,0.007,0.001,0.062,0.317,-0.255,-0.333,0.026,-0.153,0.179,-0.302,-0.15,-0.149,-0.019,0.741,0.741,0.176,0.0,-0.019,0.292,-0.311,-0.019,0.292,-0.311,1.354,0.644,-0.339,0.515,0.176,3932,1971,1961
200826,J.J. Barea,2016,1.074,1.083,1.085,-0.002,-0.011,0.93,0.309,0.621,0.427,-0.272,0.123,-0.395,-0.222,-0.144,-0.078,0.816,0.273,0.273,1.668,1.941,-0.0,0.816,0.458,0.358,0.816,0.458,0.358,0.587,0.481,-1.268,-1.273,-1.272,-0.001,0.004,-0.065,0.199,-0.264,-0.086,-1.121,-0.101,-1.02,-0.01,-0.063,0.053,0.008,-0.504,-0.504,-1.27,-1.774,0.0,0.008,-0.363,0.371,0.008,-0.363,0.371,-1.033,-0.038,-0.194,-0.19,-0.187,-0.003,-0.007,0.865,0.508,0.357,0.341,-1.393,0.022,-1.415,-0.232,-0.207,-0.025,0.824,-0.231,-0.231,0.167,-0.0,0.824,0.095,0.729,0.824,0.095,0.729,-0.446,0.443,1.941,-1.774,0.167,12825,6421,6404
203083,Andre Drummond,2016,0.942,0.942,0.949,-0.007,-0.007,0.353,0.497,-0.144,-0.228,0.824,-0.279,1.103,-1.836,0.061,-1.9,-0.565,1.138,1.138,-1.459,-0.321,0.0,-0.565,0.001,-0.566,-0.565,0.001,-0.566,0.754,0.627,-0.122,-0.119,-0.116,-0.003,-0.006,0.189,0.43,-0.241,-0.42,0.115,0.174,-0.059,0.369,0.383,-0.014,-0.27,0.505,0.505,-0.023,0.482,0.0,-0.27,-0.06,-0.21,-0.27,-0.06,-0.21,-1.44,0.025,0.82,0.823,0.833,-0.01,-0.013,0.542,0.927,-0.385,-0.648,0.939,-0.105,1.044,-1.467,0.444,-1.914,-0.835,1.643,1.643,0.161,0.001,-0.835,-0.059,-0.776,-0.835,-0.059,-0.776,-0.686,0.652,-0.321,0.482,0.162,20560,10287,10273
203521,Matthew Dellavedova,2016,0.299,0.3,0.311,-0.011,-0.012,0.758,-0.247,1.005,-1.105,0.658,0.623,0.035,0.224,0.218,0.007,-0.261,-0.551,-0.551,0.262,-0.289,0.0,-0.261,-0.2,-0.061,-0.261,-0.2,-0.061,2.342,0.424,0.556,0.552,0.548,0.004,0.008,0.1,0.394,-0.294,0.409,0.039,-0.113,0.152,-0.011,-0.209,0.198,-0.592,0.495,0.495,-0.047,0.448,-0.0,-0.592,-0.263,-0.329,-0.592,-0.263,-0.329,0.916,0.316,0.855,0.852,0.859,-0.007,-0.004,0.858,0.147,0.711,-0.696,0.697,0.51,0.187,0.213,0.009,0.205,-0.853,-0.056,-0.056,0.159,-0.0,-0.853,-0.463,-0.39,-0.853,-0.463,-0.39,3.258,0.74,-0.289,0.448,0.159,15026,7515,7511
1626273,Marcelo Huertas,2016,0.834,0.842,0.841,0.001,-0.007,-0.109,0.377,-0.486,0.51,0.44,-0.004,0.444,-0.398,-0.503,0.104,-0.594,-0.184,-0.184,-0.158,-0.342,0.0,-0.594,-0.524,-0.07,-0.594,-0.524,-0.07,1.496,0.603,0.498,0.497,0.497,0.0,0.001,0.269,-0.067,0.336,-0.03,0.258,-0.087,0.345,0.013,-0.024,0.039,-0.11,0.094,0.094,0.401,0.495,0.0,-0.11,-0.048,-0.062,-0.11,-0.048,-0.062,0.255,-0.294,1.332,1.339,1.338,0.001,-0.006,0.16,0.31,-0.15,0.48,0.698,-0.091,0.789,-0.385,-0.527,0.143,-0.704,-0.09,-0.09,0.153,0.0,-0.704,-0.572,-0.132,-0.704,-0.572,-0.132,1.751,0.309,-0.342,0.495,0.153,3337,1656,1681
203141,Mirza Teletovic,2016,1.525,1.524,1.545,-0.021,-0.02,0.121,-0.036,0.157,0.653,0.771,0.959,-0.188,-0.099,-0.11,0.012,0.151,-0.56,-0.56,1.577,1.017,0.0,0.151,0.172,-0.021,0.151,0.172,-0.021,1.239,-0.581,-0.4,-0.396,-0.397,0.001,-0.003,-0.531,-0.139,-0.392,0.101,0.033,0.089,-0.056,-0.256,-0.344,0.088,-0.073,-0.16,-0.16,-0.729,-0.889,0.0,-0.073,0.009,-0.082,-0.073,0.009,-0.082,0.75,-0.052,1.125,1.128,1.148,-0.02,-0.023,-0.41,-0.175,-0.235,0.754,0.804,1.048,-0.244,-0.355,-0.454,0.1,0.078,-0.72,-0.72,0.128,0.0,0.078,0.181,-0.103,0.078,0.181,-0.103,1.989,-0.633,1.017,-0.889,0.128,10413,5205,5208
204028,Tarik Black,2016,-0.546,-0.552,-0.552,0.0,0.006,-0.214,-0.008,-0.206,-0.383,0.045,0.168,-0.123,-0.019,0.009,-0.026,-0.625,0.809,0.809,-1.19,-0.381,-0.0,-0.625,-0.339,-0.286,-0.625,-0.339,-0.286,-1.276,-0.02,-0.417,-0.41,-0.407,-0.003,-0.01,-0.121,0.039,-0.16,-0.353,0.067,-0.101,0.168,0.08,0.076,0.004,-0.236,1.055,1.055,-0.573,0.482,0.0,-0.236,-0.09,-0.146,-0.236,-0.09,-0.146,-1.345,0.019,-0.963,-0.962,-0.959,-0.003,-0.004,-0.335,0.031,-0.366,-0.736,0.112,0.067,0.045,0.061,0.085,-0.022,-0.861,1.864,1.864,0.101,-0.0,-0.861,-0.429,-0.432,-0.861,-0.429,-0.432,-2.621,-0.001,-0.381,0.482,0.101,6423,3193,3230
203540,Gigi Datome,2016,0.114,0.118,0.113,0.005,0.001,0.113,-0.189,0.302,-0.019,0.019,0.196,-0.177,-0.235,-0.26,0.027,0.175,-0.243,-0.243,0.054,-0.189,0.0,0.175,0.241,-0.066,0.175,0.241,-0.066,0.636,0.107,0.578,0.576,0.58,-0.004,-0.002,0.256,0.138,0.118,0.111,0.213,-0.004,0.217,-0.085,-0.205,0.12,-0.072,-0.169,-0.169,0.421,0.252,0.0,-0.072,-0.092,0.02,-0.072,-0.092,0.02,0.162,0.073,0.692,0.694,0.693,0.001,-0.001,0.369,-0.051,0.42,0.092,0.232,0.192,0.04,-0.32,-0.465,0.147,0.103,-0.412,-0.412,0.063,0.0,0.103,0.149,-0.046,0.103,0.149,-0.046,0.798,0.18,-0.189,0.252,0.063,873,440,433
1626178,Rondae Hollis-Jefferson,2016,-0.702,-0.711,-0.714,0.003,0.012,-0.522,0.289,-0.811,0.341,-0.533,-0.377,-0.156,-0.254,-0.071,-0.18,-0.434,0.271,0.271,-1.39,-1.119,-0.0,-0.434,-0.102,-0.332,-0.434,-0.102,-0.332,-1.122,-0.23,0.765,0.769,0.776,-0.007,-0.011,0.326,0.023,0.303,0.671,-0.221,-0.187,-0.034,0.31,0.247,0.064,0.328,-0.226,-0.226,1.403,1.177,0.0,0.328,0.136,0.192,0.328,0.136,0.192,-0.59,0.1,0.063,0.059,0.062,-0.003,0.001,-0.196,0.312,-0.508,1.012,-0.754,-0.564,-0.19,0.056,0.176,-0.116,-0.106,0.045,0.045,0.058,-0.0,-0.106,0.034,-0.14,-0.106,0.034,-0.14,-1.712,-0.13,-1.119,1.177,0.058,2454,1224,1230
1626209,Mario Hezonja,2016,0.531,0.53,0.53,0.0,0.001,-0.152,-0.498,0.346,0.072,0.61,0.05,0.56,-0.155,-0.225,0.069,0.599,-0.749,-0.749,0.975,0.226,0.0,0.599,0.022,0.577,0.599,0.022,0.577,1.194,-0.107,-0.757,-0.758,-0.762,0.004,0.005,-0.641,-0.261,-0.38,-0.611,0.49,0.069,0.421,-0.233,-0.215,-0.016,0.023,0.799,0.799,-0.967,-0.168,-0.0,0.023,-0.157,0.18,0.023,-0.157,0.18,0.086,-0.373,-0.226,-0.229,-0.232,0.003,0.006,-0.793,-0.759,-0.034,-0.539,1.1,0.119,0.981,-0.388,-0.44,0.053,0.622,0.05,0.05,0.058,-0.001,0.622,-0.135,0.757,0.622,-0.135,0.757,1.28,-0.48,0.226,-0.168,0.057,5546,2780,2766
101138,Brandon Bass,2016,0.41,0.404,0.406,-0.002,0.004,-0.419,-0.609,0.19,1.092,-0.267,0.069,-0.336,0.416,0.1,0.315,0.101,-0.598,-0.598,0.927,0.329,0.0,0.101,0.075,0.026,0.101,0.075,0.026,0.354,-0.475,-0.351,-0.349,-0.349,0.0,-0.002,-1.123,-0.148,-0.975,0.277,0.497,-0.012,0.509,0.47,0.394,0.076,-0.267,-0.136,-0.136,-0.148,-0.284,0.0,-0.267,-0.223,-0.044,-0.267,-0.223,-0.044,-0.971,-0.639,0.059,0.055,0.057,-0.002,0.002,-1.542,-0.757,-0.785,1.369,0.23,0.057,0.173,0.886,0.494,0.391,-0.166,-0.734,-0.734,0.045,0.0,-0.166,-0.148,-0.018,-0.166,-0.148,-0.018,-0.617,-1.114,0.329,-0.284,0.045,13249,6605,6644
1626159,Justise Winslow,2016,-1.594,-1.601,-1.59,-0.011,-0.004,-0.054,-0.213,0.159,-0.498,-1.038,-0.3,-0.738,0.464,0.64,-0.177,-0.206,-0.489,-0.489,-1.336,-1.825,0.0,-0.206,0.132,-0.338,-0.206,0.132,-0.338,-3.587,-0.754,1.015,1.015,1.018,-0.003,-0.003,0.762,0.038,0.724,0.055,0.201,0.163,0.038,0.137,0.077,0.062,0.367,0.341,0.341,1.519,1.86,0.0,0.367,0.283,0.084,0.367,0.283,0.084,2.374,0.615,-0.579,-0.586,-0.572,-0.014,-0.007,0.708,-0.175,0.883,-0.443,-0.837,-0.137,-0.7,0.601,0.717,-0.115,0.161,-0.148,-0.148,0.035,0.0,0.161,0.415,-0.254,0.161,0.415,-0.254,-1.213,-0.139,-1.825,1.86,0.035,9867,4920,4947
201858,Cartier Martin,2016,-0.175,-0.179,-0.176,-0.003,0.001,-0.527,-0.116,-0.411,-0.157,0.508,0.212,0.296,-0.132,-0.167,0.036,0.115,0.063,0.063,-0.192,-0.129,0.0,0.115,0.288,-0.173,0.115,0.288,-0.173,0.404,-0.115,0.014,0.014,0.017,-0.003,-0.003,-0.089,0.062,-0.151,0.213,-0.107,0.014,-0.121,-0.034,-0.045,0.012,0.013,0.16,0.16,-0.007,0.153,0.0,0.013,0.005,0.008,0.013,0.005,0.008,0.039,-0.034,-0.161,-0.165,-0.159,-0.006,-0.002,-0.616,-0.054,-0.562,0.056,0.401,0.226,0.175,-0.166,-0.212,0.048,0.128,0.223,0.223,0.024,0.0,0.128,0.293,-0.165,0.128,0.293,-0.165,0.443,-0.149,-0.129,0.153,0.024,753,375,378
203613,Jonathon Simmons,2016,1.573,1.576,1.571,0.005,0.002,0.309,0.177,0.132,0.205,1.057,-0.27,1.327,0.607,0.546,0.062,-0.736,-0.458,-0.458,1.444,0.986,0.0,-0.736,-0.533,-0.203,-0.736,-0.533,-0.203,-0.21,-0.006,-0.397,-0.399,-0.398,-0.001,0.001,-0.492,0.142,-0.634,-0.153,0.247,0.041,0.206,-0.166,-0.145,-0.018,-0.066,-0.335,-0.335,-0.629,-0.964,0.0,-0.066,-0.257,0.191,-0.066,-0.257,0.191,0.436,-0.097,1.176,1.177,1.173,0.004,0.003,-0.183,0.319,-0.502,0.052,1.304,-0.229,1.533,0.441,0.401,0.044,-0.802,-0.793,-0.793,0.022,0.0,-0.802,-0.79,-0.012,-0.802,-0.79,-0.012,0.226,-0.103,0.986,-0.964,0.022,3277,1635,1642
201167,Arron Afflalo,2016,0.026,0.032,0.038,-0.006,-0.012,-1.832,-0.738,-1.094,1.284,0.586,-0.164,0.75,0.309,0.067,0.239,0.272,0.162,0.162,0.607,0.769,0.0,0.272,0.432,-0.16,0.272,0.432,-0.16,-1.658,-1.31,0.414,0.406,0.402,0.004,0.012,0.266,-0.088,0.354,-0.833,0.969,0.298,0.671,0.193,0.201,-0.009,-1.434,0.078,0.078,-0.827,-0.749,0.0,-1.434,-0.843,-0.591,-1.434,-0.843,-0.591,1.381,0.058,0.44,0.439,0.44,-0.001,0.0,-1.566,-0.826,-0.74,0.451,1.555,0.134,1.421,0.502,0.268,0.23,-1.162,0.24,0.24,0.02,-0.0,-1.162,-0.411,-0.751,-1.162,-0.411,-0.751,-0.277,-1.252,0.769,-0.749,0.02,19056,9544,9512
200777,Joel Freeland,2016,-0.644,-0.651,-0.659,0.008,0.015,-0.554,-0.519,-0.035,0.225,-0.33,-0.038,-0.292,-0.483,-0.586,0.105,-0.382,0.17,0.17,-1.509,-1.339,0.0,-0.382,-0.35,-0.032,-0.382,-0.35,-0.032,-0.398,-0.726,1.515,1.52,1.522,-0.002,-0.007,0.356,-0.122,0.478,0.154,1.012,0.015,0.997,0.08,0.115,-0.034,-0.116,-0.126,-0.126,1.479,1.353,0.0,-0.116,-0.038,-0.078,-0.116,-0.038,-0.078,1.301,-0.028,0.871,0.869,0.863,0.006,0.008,-0.198,-0.641,0.443,0.379,0.682,-0.023,0.705,-0.403,-0.471,0.071,-0.498,0.044,0.044,0.014,0.0,-0.498,-0.388,-0.11,-0.498,-0.388,-0.11,0.903,-0.754,-1.339,1.353,0.014,2447,1225,1222
202397,Ish Smith,2016,0.307,0.308,0.299,0.009,0.008,0.72,0.212,0.508,-0.23,-0.191,0.01,-0.201,-0.543,-0.208,-0.336,0.815,0.192,0.192,0.579,0.771,0.0,0.815,0.413,0.402,0.815,0.413,0.402,1.579,0.449,-0.404,-0.408,-0.411,0.003,0.007,-0.26,-0.1,-0.16,0.223,-0.374,0.155,-0.529,-0.006,0.023,-0.028,-0.273,-0.084,-0.084,-0.683,-0.767,0.0,-0.273,-0.188,-0.085,-0.273,-0.188,-0.085,-0.18,-0.21,-0.097,-0.1,-0.112,0.012,0.015,0.46,0.112,0.348,-0.007,-0.565,0.165,-0.73,-0.549,-0.185,-0.364,0.542,0.108,0.108,0.004,-0.001,0.542,0.225,0.317,0.542,0.225,0.317,1.399,0.239,0.771,-0.767,0.003,12380,6183,6197
2222,Gerald Wallace,2016,0.908,0.902,0.887,0.015,0.021,-0.781,-0.377,-0.404,1.271,0.397,0.044,0.353,-0.341,-0.179,-0.158,-0.054,0.019,0.019,0.513,0.532,0.0,-0.054,-0.045,-0.009,-0.054,-0.045,-0.009,1.185,-0.299,-0.676,-0.678,-0.679,0.001,0.003,-0.43,-0.096,-0.334,-0.175,-0.074,-0.041,-0.033,0.025,0.049,-0.022,-0.11,0.231,0.231,-0.761,-0.53,0.0,-0.11,-0.03,-0.08,-0.11,-0.03,-0.08,-0.913,-0.361,0.232,0.224,0.208,0.016,0.024,-1.211,-0.473,-0.738,1.096,0.323,0.003,0.32,-0.316,-0.13,-0.18,-0.164,0.25,0.25,0.002,0.001,-0.164,-0.075,-0.089,-0.164,-0.075,-0.089,0.272,-0.66,0.532,-0.53,0.003,1113,559,554
201572,Brook Lopez,2016,-0.651,-0.659,-0.674,0.015,0.023,-0.321,-0.181,-0.14,0.56,-0.913,-0.463,-0.45,0.158,-0.172,0.331,-0.253,-0.062,-0.062,-0.746,-0.808,0.0,-0.253,0.213,-0.466,-0.253,0.213,-0.466,-0.753,-0.256,0.352,0.355,0.354,0.001,-0.002,0.277,0.292,-0.015,0.654,-0.577,-0.113,-0.464,0.539,0.722,-0.183,-0.743,0.651,0.651,0.148,0.799,0.0,-0.743,-0.277,-0.466,-0.743,-0.277,-0.466,-2.37,-0.427,-0.299,-0.304,-0.32,0.016,0.021,-0.044,0.111,-0.155,1.214,-1.49,-0.576,-0.914,0.697,0.55,0.148,-0.996,0.589,0.589,-0.009,0.0,-0.996,-0.064,-0.932,-0.996,-0.064,-0.932,-3.123,-0.683,-0.808,0.799,-0.009,18601,9317,9284
202333,Xavier Henry,2016,-0.467,-0.467,-0.472,0.005,0.005,0.077,-0.041,0.118,0.203,-0.752,-0.143,-0.609,0.17,0.327,-0.151,0.26,0.07,0.07,-0.037,0.033,0.0,0.26,0.04,0.22,0.26,0.04,0.22,-0.954,-0.076,0.005,-0.001,0.002,-0.003,0.003,0.205,0.115,0.09,-0.26,0.057,-0.073,0.13,-0.205,-0.163,-0.04,0.16,-0.023,-0.023,-0.04,-0.063,-0.0,0.16,0.027,0.133,0.16,0.027,0.133,0.232,0.176,-0.462,-0.468,-0.47,0.002,0.008,0.282,0.074,0.208,-0.057,-0.695,-0.216,-0.479,-0.035,0.164,-0.191,0.42,0.047,0.047,-0.03,0.0,0.42,0.067,0.353,0.42,0.067,0.353,-0.722,0.1,0.033,-0.063,-0.03,334,164,170
204014,Damjan Rudez,2016,0.474,0.472,0.467,0.005,0.007,0.452,-0.247,0.699,-0.295,0.31,0.477,-0.167,-0.026,-0.047,0.022,0.099,-0.427,-0.427,0.547,0.12,0.0,0.099,-0.036,0.135,0.099,-0.036,0.135,-0.279,-0.558,0.479,0.474,0.472,0.002,0.007,-0.157,0.061,-0.218,-0.046,0.675,0.137,0.538,-0.497,-0.542,0.046,-0.173,0.001,0.001,-0.191,-0.19,0.0,-0.173,-0.323,0.15,-0.173,-0.323,0.15,1.511,0.224,0.953,0.947,0.939,0.008,0.014,0.295,-0.186,0.481,-0.341,0.985,0.614,0.371,-0.523,-0.589,0.068,-0.074,-0.426,-0.426,-0.07,0.0,-0.074,-0.359,0.285,-0.074,-0.359,0.285,1.232,-0.334,0.12,-0.19,-0.07,5158,2569,2589
203516,James Ennis III,2016,0.991,1.0,0.984,0.016,0.007,0.792,0.655,0.137,-0.359,0.551,0.143,0.408,0.183,0.013,0.171,-0.766,0.01,0.01,0.408,0.418,0.0,-0.766,-0.319,-0.447,-0.766,-0.319,-0.447,0.519,0.703,-0.224,-0.228,-0.23,0.002,0.006,0.058,0.061,-0.003,-0.18,-0.108,-0.149,0.041,-0.006,-0.169,0.164,0.259,-0.528,-0.528,0.029,-0.499,0.0,0.259,0.048,0.211,0.259,0.048,0.211,-0.597,-0.04,0.767,0.772,0.754,0.018,0.013,0.85,0.716,0.134,-0.539,0.443,-0.006,0.449,0.177,-0.156,0.335,-0.507,-0.518,-0.518,-0.081,0.0,-0.507,-0.271,-0.236,-0.507,-0.271,-0.236,-0.078,0.663,0.418,-0.499,-0.081,5212,2604,2608
202347,Quincy Pondexter,2016,0.536,0.536,0.533,0.003,0.003,-0.196,-0.232,0.036,0.175,0.554,0.25,0.304,0.255,0.458,-0.2,-0.294,-0.513,-0.513,0.497,-0.016,-0.0,-0.294,-0.18,-0.114,-0.294,-0.18,-0.114,0.49,-0.096,0.177,0.174,0.177,-0.003,0.0,-0.428,-0.409,-0.019,-0.098,0.703,0.145,0.558,0.198,0.233,-0.035,-0.409,-0.054,-0.054,-0.034,-0.088,-0.0,-0.409,-0.223,-0.186,-0.409,-0.223,-0.186,0.577,-0.408,0.713,0.71,0.71,-0.0,0.003,-0.624,-0.641,0.017,0.077,1.257,0.395,0.862,0.453,0.691,-0.235,-0.703,-0.567,-0.567,-0.104,-0.0,-0.703,-0.403,-0.3,-0.703,-0.403,-0.3,1.067,-0.504,-0.016,-0.088,-0.104,7253,3618,3635
202734,E'Twaun Moore,2016,0.443,0.444,0.45,-0.006,-0.007,0.854,-0.084,0.938,-0.711,0.307,-0.363,0.67,-0.182,-0.154,-0.028,-0.344,0.226,0.226,-0.083,0.143,-0.0,-0.344,-0.021,-0.323,-0.344,-0.021,-0.323,0.399,0.255,0.124,0.122,0.123,-0.001,0.001,0.035,-0.283,0.318,-0.163,0.251,0.296,-0.045,0.044,-0.04,0.084,-0.19,-0.235,-0.235,-0.022,-0.257,0.0,-0.19,-0.121,-0.069,-0.19,-0.121,-0.069,0.906,0.017,0.567,0.566,0.573,-0.007,-0.006,0.889,-0.367,1.256,-0.874,0.558,-0.067,0.625,-0.138,-0.194,0.056,-0.534,-0.009,-0.009,-0.114,-0.0,-0.534,-0.142,-0.392,-0.534,-0.142,-0.392,1.305,0.272,0.143,-0.257,-0.114,6960,3469,3491
201143,Al Horford,2016,0.063,0.062,0.02,0.042,0.043,-0.052,-0.426,0.374,0.329,-0.257,0.054,-0.311,-0.7,-1.09,0.388,0.2,-0.456,-0.456,-0.437,-0.893,0.0,0.2,-0.038,0.238,0.2,-0.038,0.238,4.538,0.841,0.834,0.84,0.838,0.002,-0.004,0.159,0.474,-0.315,0.393,0.286,-0.095,0.381,0.415,0.534,-0.119,-0.3,-0.174,-0.174,0.949,0.775,0.0,-0.3,0.074,-0.374,-0.3,0.074,-0.374,-0.839,-0.145,0.897,0.902,0.858,0.044,0.039,0.107,0.048,0.059,0.722,0.029,-0.041,0.07,-0.285,-0.556,0.269,-0.1,-0.63,-0.63,-0.118,0.0,-0.1,0.036,-0.136,-0.1,0.036,-0.136,3.699,0.696,-0.893,0.775,-0.118,22855,11439,11416
201228,C.J. Watson,2016,0.786,0.786,0.784,0.002,0.002,-0.768,-0.551,-0.217,0.919,0.633,-0.118,0.751,0.251,0.3,-0.048,-0.254,-0.409,-0.409,0.783,0.374,0.0,-0.254,0.03,-0.284,-0.254,0.03,-0.284,0.564,-0.624,-0.342,-0.346,-0.349,0.003,0.007,-0.702,-0.137,-0.565,0.162,0.191,0.102,0.089,-0.447,-0.53,0.083,0.022,0.268,0.268,-0.767,-0.499,0.0,0.022,-0.253,0.275,0.022,-0.253,0.275,1.137,-0.087,0.444,0.44,0.435,0.005,0.009,-1.47,-0.688,-0.782,1.081,0.824,-0.016,0.84,-0.196,-0.23,0.035,-0.232,-0.141,-0.141,-0.125,0.0,-0.232,-0.223,-0.009,-0.232,-0.223,-0.009,1.701,-0.711,0.374,-0.499,-0.125,8218,4114,4104
201956,Omri Casspi,2016,0.571,0.571,0.586,-0.015,-0.015,1.36,0.653,0.707,-0.775,0.001,-0.032,0.033,0.156,0.357,-0.202,-0.746,0.53,0.53,-0.019,0.511,0.0,-0.746,-0.298,-0.448,-0.746,-0.298,-0.448,1.689,1.248,-0.274,-0.275,-0.279,0.004,0.005,-0.874,0.076,-0.95,0.836,-0.241,-0.149,-0.092,0.039,0.171,-0.132,-0.178,-0.251,-0.251,-0.413,-0.664,0.0,-0.178,-0.035,-0.143,-0.178,-0.035,-0.143,-0.049,-0.187,0.297,0.296,0.307,-0.011,-0.01,0.486,0.729,-0.243,0.061,-0.24,-0.181,-0.059,0.195,0.528,-0.334,-0.924,0.279,0.279,-0.153,0.0,-0.924,-0.333,-0.591,-0.924,-0.333,-0.591,1.64,1.061,0.511,-0.664,-0.153,13457,6718,6739
2772,Trevor Ariza,2016,0.521,0.516,0.513,0.003,0.008,0.739,0.252,0.487,-0.686,0.46,0.591,-0.131,-0.201,0.246,-0.451,-0.424,-0.642,-0.642,-0.104,-0.746,0.0,-0.424,-0.244,-0.18,-0.424,-0.244,-0.18,0.327,0.219,-0.38,-0.374,-0.378,0.004,-0.002,-0.813,-0.233,-0.58,0.499,-0.064,0.031,-0.095,-0.103,-0.153,0.049,0.59,0.478,0.478,0.107,0.585,0.0,0.59,0.752,-0.162,0.59,0.752,-0.162,0.552,-0.235,0.141,0.142,0.135,0.007,0.006,-0.074,0.019,-0.093,-0.187,0.396,0.622,-0.226,-0.304,0.093,-0.402,0.166,-0.164,-0.164,-0.161,0.0,0.166,0.508,-0.342,0.166,0.508,-0.342,0.879,-0.016,-0.746,0.585,-0.161,26619,13327,13292
1626148,Anthony Brown,2016,-1.099,-1.092,-1.083,-0.009,-0.016,-0.413,-0.151,-0.262,-0.155,-0.515,-0.088,-0.427,0.173,0.071,0.102,-0.114,0.242,0.242,-1.04,-0.798,0.0,-0.114,-0.195,0.081,-0.114,-0.195,0.081,-0.423,0.038,0.414,0.412,0.412,-0.0,0.002,-0.265,-0.086,-0.179,0.15,0.527,0.021,0.506,0.053,0.099,-0.044,-0.108,0.268,0.268,0.359,0.627,0.0,-0.108,-0.061,-0.047,-0.108,-0.061,-0.047,0.501,-0.355,-0.685,-0.68,-0.671,-0.009,-0.014,-0.678,-0.237,-0.441,-0.005,0.012,-0.067,0.079,0.226,0.17,0.058,-0.222,0.51,0.51,-0.171,0.0,-0.222,-0.256,0.034,-0.222,-0.256,0.034,0.078,-0.317,-0.798,0.627,-0.171,2361,1177,1184
1626210,Alan Williams,2016,-0.37,-0.383,-0.377,-0.006,0.007,-0.212,0.035,-0.247,-0.088,-0.077,-0.034,-0.043,0.062,0.008,0.057,0.139,0.314,0.314,-0.169,0.145,-0.0,0.139,0.178,-0.039,0.139,0.178,-0.039,-0.047,0.022,-0.15,-0.153,-0.155,0.002,0.005,-0.028,-0.128,0.1,-0.126,-0.001,-0.014,0.013,-0.068,-0.022,-0.044,-0.09,-0.071,-0.071,-0.308,-0.379,0.0,-0.09,-0.044,-0.046,-0.09,-0.044,-0.046,-0.087,-0.123,-0.52,-0.535,-0.532,-0.003,0.012,-0.24,-0.093,-0.147,-0.214,-0.078,-0.048,-0.03,-0.006,-0.014,0.013,0.049,0.243,0.243,-0.234,-0.0,0.049,0.134,-0.085,0.049,0.134,-0.085,-0.134,-0.101,0.145,-0.379,-0.234,300,151,149
201155,Rodney Stuckey,2016,-0.957,-0.959,-0.975,0.016,0.018,-0.674,-0.025,-0.649,-0.162,-0.139,-0.332,0.193,0.021,-0.062,0.084,0.05,-0.116,-0.116,-0.886,-1.002,0.0,0.05,-0.039,0.089,0.05,-0.039,0.089,-1.442,-0.5,0.852,0.845,0.838,0.007,0.014,0.177,0.038,0.139,0.481,0.18,0.026,0.154,0.356,0.325,0.032,-0.102,-0.341,-0.341,1.106,0.765,0.0,-0.102,-0.182,0.08,-0.102,-0.182,0.08,1.213,0.153,-0.105,-0.114,-0.137,0.023,0.032,-0.497,0.013,-0.51,0.319,0.041,-0.306,0.347,0.377,0.263,0.116,-0.052,-0.457,-0.457,-0.237,0.0,-0.052,-0.221,0.169,-0.052,-0.221,0.169,-0.229,-0.347,-1.002,0.765,-0.237,12708,6358,6350
204038,Langston Galloway,2016,-1.897,-1.882,-1.885,0.003,-0.012,-1.261,-0.081,-1.18,-0.23,-0.394,-0.218,-0.176,-0.059,-0.034,-0.028,0.622,0.167,0.167,-1.334,-1.167,0.0,0.622,0.282,0.34,0.622,0.282,0.34,-0.03,-0.57,1.487,1.487,1.487,0.0,0.0,0.481,-0.05,0.531,0.185,0.821,0.065,0.756,-0.273,-0.292,0.021,-0.09,-0.202,-0.202,1.124,0.922,0.0,-0.09,0.224,-0.314,-0.09,0.224,-0.314,2.414,0.225,-0.41,-0.395,-0.398,0.003,-0.012,-0.78,-0.131,-0.649,-0.045,0.427,-0.153,0.58,-0.332,-0.326,-0.007,0.532,-0.035,-0.035,-0.245,0.0,0.532,0.506,0.026,0.532,0.506,0.026,2.384,-0.345,-1.167,0.922,-0.245,13451,6724,6727
203991,Clint Capela,2016,-1.854,-1.858,-1.849,-0.009,-0.005,0.283,0.495,-0.212,0.071,-2.203,-0.218,-1.985,-0.672,0.37,-1.042,-0.365,1.367,1.367,-2.891,-1.524,0.0,-0.365,-0.413,0.048,-0.365,-0.413,0.048,-2.068,0.79,0.284,0.293,0.294,-0.001,-0.01,0.57,0.032,0.538,0.392,-0.668,-0.258,-0.41,0.398,0.144,0.256,0.485,0.101,0.101,1.167,1.268,0.0,0.485,0.448,0.037,0.485,0.448,0.037,-1.643,-0.015,-1.57,-1.565,-1.555,-0.01,-0.015,0.853,0.527,0.326,0.463,-2.871,-0.476,-2.395,-0.274,0.514,-0.786,0.12,1.468,1.468,-0.256,0.0,0.12,0.035,0.085,0.12,0.035,0.085,-3.711,0.775,-1.524,1.268,-0.256,6917,3442,3475
202685,Jonas Valanciunas,2016,1.011,1.012,1.016,-0.004,-0.005,-0.579,-0.419,-0.16,1.504,0.091,-0.403,0.494,0.132,0.026,0.108,-0.978,0.393,0.393,0.165,0.558,0.0,-0.978,-0.48,-0.498,-0.978,-0.48,-0.498,-1.012,-0.281,-0.97,-0.964,-0.967,0.003,-0.003,0.085,0.268,-0.183,-0.762,-0.29,0.259,-0.549,0.43,0.29,0.138,-0.674,0.385,0.385,-1.214,-0.829,0.0,-0.674,-0.33,-0.344,-0.674,-0.33,-0.344,-1.383,-0.127,0.041,0.048,0.049,-0.001,-0.008,-0.494,-0.151,-0.343,0.742,-0.199,-0.144,-0.055,0.562,0.316,0.246,-1.652,0.778,0.778,-0.271,0.0,-1.652,-0.81,-0.842,-1.652,-0.81,-0.842,-2.395,-0.408,0.558,-0.829,-0.271,15520,7765,7755
101236,Chuck Hayes,2016,0.19,0.197,0.178,0.019,0.012,-0.157,-0.219,0.062,0.396,-0.061,-0.027,-0.034,-0.18,-0.525,0.343,0.408,-0.608,-0.608,0.418,-0.19,0.0,0.408,-0.059,0.467,0.408,-0.059,0.467,0.975,0.087,-0.248,-0.251,-0.247,-0.004,-0.001,0.088,0.104,-0.016,0.032,-0.367,-0.059,-0.308,-0.207,-0.153,-0.052,0.221,0.151,0.151,-0.234,-0.083,-0.0,0.221,0.242,-0.021,0.221,0.242,-0.021,-0.179,0.086,-0.058,-0.053,-0.069,0.016,0.011,-0.069,-0.115,0.046,0.428,-0.428,-0.086,-0.342,-0.387,-0.678,0.291,0.629,-0.457,-0.457,-0.273,0.001,0.629,0.183,0.446,0.629,0.183,0.446,0.796,0.173,-0.19,-0.083,-0.272,1078,536,542
2457,Jannero Pargo,2016,-0.086,-0.077,-0.085,0.008,-0.001,-0.377,-0.165,-0.212,0.301,-0.009,0.081,-0.09,0.021,0.049,-0.025,0.203,-0.367,-0.367,0.138,-0.229,-0.0,0.203,0.051,0.152,0.203,0.051,0.152,-0.227,-0.289,-0.074,-0.075,-0.072,-0.003,-0.002,0.029,0.043,-0.014,0.027,-0.128,-0.042,-0.086,0.012,0.06,-0.046,0.085,-0.076,-0.076,0.023,-0.053,-0.0,0.085,-0.151,0.236,0.085,-0.151,0.236,-0.06,0.0,-0.16,-0.152,-0.157,0.005,-0.003,-0.348,-0.122,-0.226,0.328,-0.137,0.039,-0.176,0.033,0.109,-0.071,0.288,-0.443,-0.443,-0.282,0.0,0.288,-0.1,0.388,0.288,-0.1,0.388,-0.287,-0.289,-0.229,-0.053,-0.282,280,138,142
202690,Jimmer Fredette,2016,-1.171,-1.173,-1.169,-0.004,-0.002,-0.02,0.22,-0.24,-0.5,-0.649,-0.003,-0.646,0.593,0.381,0.214,0.284,0.749,0.749,-0.294,0.455,0.0,0.284,0.014,0.27,0.284,0.014,0.27,-1.141,0.106,-0.187,-0.193,-0.194,0.001,0.007,-0.032,-0.315,0.283,-0.19,0.028,0.106,-0.078,-0.265,-0.25,-0.014,-0.272,-0.024,-0.024,-0.724,-0.748,0.0,-0.272,-0.239,-0.033,-0.272,-0.239,-0.033,0.627,-0.188,-1.358,-1.366,-1.363,-0.003,0.005,-0.052,-0.095,0.043,-0.69,-0.621,0.103,-0.724,0.328,0.131,0.2,0.012,0.725,0.725,-0.293,0.0,0.012,-0.225,0.237,0.012,-0.225,0.237,-0.514,-0.082,0.455,-0.748,-0.293,2056,1027,1029
203952,Andrew Wiggins,2016,-1.136,-1.122,-1.13,0.008,-0.006,0.145,0.214,-0.069,0.313,-1.588,-0.707,-0.881,0.509,0.441,0.067,0.242,1.25,1.25,-0.385,0.865,-0.0,0.242,0.188,0.054,0.242,0.188,0.054,-1.642,0.006,-0.951,-0.946,-0.949,0.003,-0.002,-1.103,-0.077,-1.026,0.272,-0.118,-0.048,-0.07,0.2,0.212,-0.015,0.159,-0.577,-0.577,-0.592,-1.169,-0.0,0.159,0.19,-0.031,0.159,0.19,-0.031,-0.518,-0.382,-2.087,-2.068,-2.079,0.011,-0.008,-0.958,0.137,-1.095,0.585,-1.706,-0.755,-0.951,0.709,0.653,0.052,0.401,0.673,0.673,-0.304,-0.0,0.401,0.378,0.023,0.401,0.378,0.023,-2.16,-0.376,0.865,-1.169,-0.304,22780,11374,11406
202399,Jeff Adrien,2016,-0.67,-0.68,-0.679,-0.001,0.009,-0.739,-0.203,-0.536,-0.144,0.204,-0.054,0.258,-0.174,0.003,-0.173,0.073,0.45,0.45,-0.771,-0.321,0.0,0.073,0.096,-0.023,0.073,0.096,-0.023,0.078,-0.493,0.167,0.17,0.17,0.0,-0.003,-0.166,-0.01,-0.156,-0.055,0.391,-0.058,0.449,-0.06,-0.082,0.021,-0.1,0.005,0.005,0.007,0.012,-0.0,-0.1,-0.023,-0.077,-0.1,-0.023,-0.077,-0.164,-0.027,-0.503,-0.509,-0.509,0.0,0.006,-0.905,-0.213,-0.692,-0.199,0.595,-0.112,0.707,-0.234,-0.079,-0.152,-0.027,0.455,0.455,-0.309,0.001,-0.027,0.073,-0.1,-0.027,0.073,-0.1,-0.086,-0.52,-0.321,0.012,-0.308,856,429,427
202355,Hassan Whiteside,2016,-0.52,-0.516,-0.506,-0.01,-0.014,-0.168,-0.204,0.036,0.117,-0.455,-0.555,0.1,-0.889,-0.229,-0.659,-0.671,2.187,2.187,-2.08,0.107,0.0,-0.671,-0.067,-0.604,-0.671,-0.067,-0.604,-1.834,-0.226,0.622,0.622,0.628,-0.006,-0.006,1.428,0.389,1.039,-0.604,-0.196,0.241,-0.437,0.383,0.385,-0.001,-1.165,-0.263,-0.263,-0.16,-0.423,0.0,-1.165,-0.493,-0.672,-1.165,-0.493,-0.672,-1.584,0.469,0.102,0.107,0.122,-0.015,-0.02,1.26,0.185,1.075,-0.487,-0.651,-0.314,-0.337,-0.506,0.156,-0.66,-1.836,1.924,1.924,-0.316,0.0,-1.836,-0.56,-1.276,-1.836,-0.56,-1.276,-3.418,0.243,0.107,-0.423,-0.316,13545,6783,6762
202325,Wesley Johnson,2016,0.418,0.406,0.414,-0.008,0.004,0.76,-0.305,1.065,-0.266,-0.08,0.148,-0.228,-0.356,-0.197,-0.161,-0.05,-1.035,-1.035,0.012,-1.023,0.0,-0.05,-0.396,0.346,-0.05,-0.396,0.346,1.084,0.219,0.292,0.306,0.306,0.0,-0.014,-0.516,-0.463,-0.053,0.418,0.404,0.023,0.381,-0.205,-0.05,-0.157,0.69,-0.08,-0.08,0.777,0.697,0.0,0.69,0.431,0.259,0.69,0.431,0.259,0.507,-0.317,0.71,0.711,0.72,-0.009,-0.01,0.244,-0.768,1.012,0.152,0.324,0.171,0.153,-0.561,-0.247,-0.318,0.64,-1.115,-1.115,-0.326,0.001,0.64,0.035,0.605,0.64,0.035,0.605,1.591,-0.098,-1.023,0.697,-0.325,15799,7912,7887
202683,Enes Freedom,2016,1.465,1.466,1.465,0.001,0.0,0.096,0.344,-0.248,1.237,0.132,-0.288,0.42,-0.181,-0.466,0.287,-0.876,2.005,2.005,0.408,2.413,0.0,-0.876,-0.516,-0.36,-0.876,-0.516,-0.36,-0.504,-0.406,-1.595,-1.597,-1.593,-0.004,-0.002,-0.602,-0.282,-0.32,-0.718,-0.273,0.307,-0.58,0.032,0.17,-0.137,-0.887,-0.321,-0.321,-2.45,-2.771,0.0,-0.887,-0.553,-0.334,-0.887,-0.553,-0.334,-0.581,-0.263,-0.13,-0.13,-0.128,-0.002,-0.002,-0.506,0.062,-0.568,0.519,-0.141,0.019,-0.16,-0.149,-0.296,0.15,-1.763,1.684,1.684,-0.358,-0.001,-1.763,-1.069,-0.694,-1.763,-1.069,-0.694,-1.085,-0.669,2.413,-2.771,-0.359,16216,8094,8122
1626161,Willie Cauley-Stein,2016,0.027,0.029,0.032,-0.003,-0.005,0.078,0.08,-0.002,0.039,-0.085,-0.318,0.233,-0.172,0.215,-0.387,0.576,0.699,0.699,0.431,1.13,0.0,0.576,0.293,0.283,0.576,0.293,0.283,-0.404,0.422,-1.002,-1.002,-1.004,0.002,0.002,-0.206,0.375,-0.581,-0.514,-0.284,-0.185,-0.099,0.157,0.156,0.003,0.011,-0.657,-0.657,-0.834,-1.491,0.0,0.011,0.136,-0.125,0.011,0.136,-0.125,-1.772,-0.255,-0.975,-0.973,-0.972,-0.001,-0.003,-0.128,0.455,-0.583,-0.475,-0.369,-0.503,0.134,-0.015,0.371,-0.384,0.587,0.042,0.042,-0.361,0.0,0.587,0.429,0.158,0.587,0.429,0.158,-2.176,0.167,1.13,-1.491,-0.361,5794,2889,2905
1626204,Larry Nance Jr.,2016,0.119,0.119,0.121,-0.002,-0.002,-0.028,-0.029,0.001,1.13,-0.981,-0.141,-0.84,-0.494,-0.451,-0.045,-0.57,0.223,0.223,-0.945,-0.722,0.0,-0.57,-0.32,-0.25,-0.57,-0.32,-0.25,-0.678,0.47,0.059,0.056,0.057,-0.001,0.002,-0.267,0.089,-0.356,0.733,-0.409,0.064,-0.473,0.042,-0.063,0.106,-0.004,0.238,0.238,0.097,0.335,0.0,-0.004,0.147,-0.151,-0.004,0.147,-0.151,-0.659,-0.284,0.178,0.175,0.178,-0.003,0.0,-0.295,0.06,-0.355,1.863,-1.39,-0.077,-1.313,-0.452,-0.514,0.061,-0.574,0.461,0.461,-0.387,-0.001,-0.574,-0.173,-0.401,-0.574,-0.173,-0.401,-1.337,0.186,-0.722,0.335,-0.388,4962,2482,2480
1626199,Darrun Hilliard,2016,-0.33,-0.336,-0.338,0.002,0.008,-0.25,-0.33,0.08,-1.056,0.968,0.22,0.748,-0.086,-0.007,-0.079,-0.243,0.138,0.138,-0.659,-0.521,0.0,-0.243,0.158,-0.401,-0.243,0.158,-0.401,0.156,-0.375,0.314,0.315,0.316,-0.001,-0.002,0.537,0.04,0.497,0.195,-0.416,0.047,-0.463,0.097,0.086,0.013,-0.057,-0.235,-0.235,0.354,0.119,-0.0,-0.057,-0.105,0.048,-0.057,-0.105,0.048,0.211,0.276,-0.016,-0.021,-0.022,0.001,0.006,0.287,-0.29,0.577,-0.861,0.552,0.267,0.285,0.011,0.079,-0.066,-0.3,-0.097,-0.097,-0.402,-0.0,-0.3,0.053,-0.353,-0.3,0.053,-0.353,0.367,-0.099,-0.521,0.119,-0.402,1504,752,752
1626149,Montrezl Harrell,2016,-0.114,-0.12,-0.123,0.003,0.009,0.148,-0.109,0.257,0.044,-0.315,-0.062,-0.253,-0.295,-0.121,-0.173,-0.222,0.186,0.186,-0.631,-0.445,0.0,-0.222,-0.397,0.175,-0.222,-0.397,0.175,-1.433,-0.031,-0.592,-0.589,-0.585,-0.004,-0.007,-0.365,0.055,-0.42,0.115,-0.335,-0.097,-0.238,0.097,0.048,0.05,0.064,0.469,0.469,-0.431,0.038,0.0,0.064,-0.068,0.132,0.064,-0.068,0.132,-0.79,-0.149,-0.706,-0.709,-0.708,-0.001,0.002,-0.217,-0.054,-0.163,0.159,-0.65,-0.159,-0.491,-0.198,-0.073,-0.123,-0.158,0.655,0.655,-0.407,0.0,-0.158,-0.465,0.307,-0.158,-0.465,0.307,-2.223,-0.18,-0.445,0.038,-0.407,1621,809,812
203481,Jeff Withey,2016,-0.607,-0.611,-0.617,0.006,0.01,0.154,0.18,-0.026,-0.642,-0.129,-0.184,0.055,0.044,0.007,0.039,-0.31,0.001,0.001,-0.873,-0.872,0.0,-0.31,0.194,-0.504,-0.31,0.194,-0.504,0.509,0.25,-0.272,-0.269,-0.268,-0.001,-0.004,0.445,-0.13,0.575,-0.242,-0.471,0.099,-0.57,0.178,0.194,-0.014,0.319,0.24,0.24,0.225,0.465,0.0,0.319,0.355,-0.036,0.319,0.355,-0.036,-0.29,0.022,-0.879,-0.879,-0.885,0.006,0.006,0.599,0.05,0.549,-0.884,-0.6,-0.085,-0.515,0.222,0.201,0.025,0.009,0.241,0.241,-0.407,-0.001,0.009,0.549,-0.54,0.009,0.549,-0.54,0.219,0.272,-0.872,0.465,-0.408,3454,1731,1723
202328,Greg Monroe,2016,-0.888,-0.895,-0.902,0.007,0.014,-0.003,0.432,-0.435,-0.712,-0.187,-0.389,0.202,0.216,0.04,0.178,0.308,1.177,1.177,-0.364,0.813,0.0,0.308,0.377,-0.069,0.308,0.377,-0.069,-0.921,0.707,-1.579,-1.569,-1.568,-0.001,-0.011,-1.273,-0.382,-0.891,-0.159,-0.136,0.015,-0.151,0.066,0.16,-0.094,0.204,0.084,0.084,-1.309,-1.225,-0.0,0.204,0.219,-0.015,0.204,0.219,-0.015,-2.327,-0.853,-2.467,-2.464,-2.47,0.006,0.003,-1.276,0.05,-1.326,-0.871,-0.323,-0.374,0.051,0.282,0.2,0.084,0.512,1.261,1.261,-0.412,-0.0,0.512,0.596,-0.084,0.512,0.596,-0.084,-3.248,-0.146,0.813,-1.225,-0.412,17172,8587,8585
203187,Chris Johnson,2016,-0.234,-0.236,-0.231,-0.005,-0.003,0.496,-0.046,0.542,-0.433,-0.294,0.179,-0.473,0.148,0.186,-0.039,-0.048,-0.612,-0.612,-0.134,-0.746,0.0,-0.048,-0.386,0.338,-0.048,-0.386,0.338,-2.007,-0.347,-0.334,-0.333,-0.329,-0.004,-0.005,0.091,0.173,-0.082,0.312,-0.732,-0.234,-0.498,-0.078,-0.285,0.208,0.24,0.492,0.492,-0.172,0.32,0.0,0.24,0.018,0.222,0.24,0.018,0.222,0.222,0.232,-0.568,-0.568,-0.56,-0.008,-0.008,0.587,0.127,0.46,-0.121,-1.026,-0.055,-0.971,0.07,-0.099,0.169,0.192,-0.12,-0.12,-0.426,0.0,0.192,-0.368,0.56,0.192,-0.368,0.56,-1.785,-0.115,-0.746,0.32,-0.426,5392,2688,2704
202714,Shelvin Mack,2016,1.241,1.248,1.257,-0.009,-0.016,-0.482,-0.531,0.049,0.947,0.792,0.307,0.485,-0.367,-0.459,0.093,-0.208,-0.814,-0.814,0.666,-0.148,-0.0,-0.208,-0.19,-0.018,-0.208,-0.19,-0.018,1.849,-0.21,-0.751,-0.747,-0.747,0.0,-0.004,0.01,0.278,-0.268,-0.536,-0.221,-0.195,-0.026,0.283,0.336,-0.053,-0.174,0.363,0.363,-0.642,-0.279,0.0,-0.174,0.233,-0.407,-0.174,0.233,-0.407,-1.946,0.041,0.49,0.502,0.51,-0.008,-0.02,-0.472,-0.253,-0.219,0.411,0.571,0.112,0.459,-0.084,-0.123,0.04,-0.382,-0.451,-0.451,-0.427,-0.0,-0.382,0.043,-0.425,-0.382,0.043,-0.425,-0.097,-0.169,-0.148,-0.279,-0.427,7565,3784,3781
201149,Joakim Noah,2016,-0.878,-0.886,-0.888,0.002,0.01,-0.368,-0.234,-0.134,-0.431,-0.089,0.27,-0.359,-0.846,-0.506,-0.338,-0.703,1.242,1.242,-2.427,-1.185,0.0,-0.703,-0.691,-0.012,-0.703,-0.691,-0.012,3.237,0.396,0.703,0.703,0.709,-0.006,-0.006,0.601,0.159,0.442,-0.237,0.345,0.06,0.285,0.044,0.164,-0.12,-0.223,0.227,0.227,0.524,0.751,0.0,-0.223,-0.241,0.018,-0.223,-0.241,0.018,0.443,0.48,-0.175,-0.182,-0.179,-0.003,0.004,0.233,-0.075,0.308,-0.668,0.256,0.33,-0.074,-0.802,-0.342,-0.458,-0.926,1.469,1.469,-0.434,0.0,-0.926,-0.932,0.006,-0.926,-0.932,0.006,3.68,0.876,-1.185,0.751,-0.434,11828,5881,5947
201945,Gerald Henderson,2016,-1.474,-1.466,-1.455,-0.011,-0.019,-0.038,-0.202,0.164,0.058,-1.475,-0.631,-0.844,0.389,0.476,-0.086,0.592,-0.657,-0.657,-0.493,-1.15,0.0,0.592,0.364,0.228,0.592,0.364,0.228,-1.5,-0.127,1.218,1.216,1.214,0.002,0.004,1.201,0.48,0.721,-0.212,0.225,0.124,0.101,0.121,0.013,0.109,-0.39,-0.239,-0.239,0.949,0.71,0.0,-0.39,-0.215,-0.175,-0.39,-0.215,-0.175,1.177,0.789,-0.256,-0.25,-0.241,-0.009,-0.015,1.163,0.278,0.885,-0.154,-1.25,-0.507,-0.743,0.51,0.489,0.023,0.202,-0.896,-0.896,-0.44,0.001,0.202,0.149,0.053,0.202,0.149,0.053,-0.323,0.662,-1.15,0.71,-0.439,15443,7713,7730
1626181,Norman Powell,2016,-0.498,-0.504,-0.514,0.01,0.016,-0.199,0.377,-0.576,-0.679,0.364,-0.002,0.366,0.134,0.213,-0.08,0.253,-0.007,-0.007,-0.111,-0.118,0.0,0.253,0.056,0.197,0.253,0.056,0.197,0.371,0.087,-0.104,-0.107,-0.111,0.004,0.007,0.298,-0.212,0.51,0.049,-0.458,0.107,-0.565,-0.204,-0.14,-0.062,-0.059,0.044,0.044,-0.367,-0.323,0.0,-0.059,0.004,-0.063,-0.059,0.004,-0.063,-0.234,-0.157,-0.602,-0.612,-0.625,0.013,0.023,0.099,0.165,-0.066,-0.63,-0.094,0.105,-0.199,-0.07,0.073,-0.142,0.194,0.037,0.037,-0.441,0.0,0.194,0.06,0.134,0.194,0.06,0.134,0.137,-0.07,-0.118,-0.323,-0.441,3543,1774,1769
201596,Mario Chalmers,2016,-0.834,-0.837,-0.853,0.016,0.019,0.084,0.578,-0.494,-0.746,-0.191,0.058,-0.249,0.812,0.854,-0.043,-0.673,-0.305,-0.305,-0.695,-1.0,0.0,-0.673,-0.392,-0.281,-0.673,-0.392,-0.281,-0.956,-0.128,0.567,0.564,0.567,-0.003,0.0,-0.04,-0.338,0.298,0.313,0.294,-0.221,0.515,-0.954,-1.045,0.092,1.202,-0.262,-0.262,0.815,0.553,0.0,1.202,0.491,0.711,1.202,0.491,0.711,2.213,0.302,-0.267,-0.273,-0.286,0.013,0.019,0.044,0.24,-0.196,-0.433,0.103,-0.163,0.266,-0.142,-0.191,0.049,0.529,-0.567,-0.567,-0.447,0.0,0.529,0.099,0.43,0.529,0.099,0.43,1.257,0.174,-1.0,0.553,-0.447,14353,7161,7192
204020,Tyler Johnson,2016,-1.502,-1.501,-1.503,0.002,0.001,0.139,0.177,-0.038,-1.031,-0.611,-0.016,-0.595,0.145,0.197,-0.051,0.061,-0.065,-0.065,-1.296,-1.361,0.0,0.061,0.488,-0.427,0.061,0.488,-0.427,-1.533,-0.43,0.836,0.831,0.834,-0.003,0.002,0.079,0.045,0.034,-0.187,0.942,-0.049,0.991,0.131,0.131,0.001,0.086,-0.147,-0.147,1.053,0.906,0.0,0.086,-0.352,0.438,0.086,-0.352,0.438,0.055,-0.014,-0.666,-0.67,-0.669,-0.001,0.003,0.218,0.222,-0.004,-1.218,0.331,-0.065,0.396,0.276,0.328,-0.05,0.147,-0.212,-0.212,-0.455,0.0,0.147,0.136,0.011,0.147,0.136,0.011,-1.478,-0.444,-1.361,0.906,-0.455,5849,2920,2929
101112,Channing Frye,2016,1.878,1.875,1.87,0.005,0.008,-0.115,0.149,-0.264,0.629,1.356,0.764,0.592,-1.007,-1.018,0.011,-0.001,-0.823,-0.823,0.87,0.047,-0.0,-0.001,0.157,-0.158,-0.001,0.157,-0.158,1.686,-0.658,-1.677,-1.674,-1.679,0.005,0.002,-0.556,0.165,-0.721,-0.974,-0.149,0.065,-0.214,0.117,0.206,-0.09,0.287,0.756,0.756,-1.273,-0.517,0.0,0.287,0.25,0.037,0.287,0.25,0.037,-1.986,-0.43,0.201,0.201,0.191,0.01,0.01,-0.671,0.314,-0.985,-0.345,1.207,0.829,0.378,-0.89,-0.812,-0.079,0.286,-0.067,-0.067,-0.47,0.0,0.286,0.407,-0.121,0.286,0.407,-0.121,-0.3,-1.088,0.047,-0.517,-0.47,12707,6349,6358
202379,Jeremy Evans,2016,-0.619,-0.622,-0.623,0.001,0.004,0.078,-0.299,0.377,-0.812,0.111,0.102,0.009,0.306,0.048,0.258,-0.416,-0.654,-0.654,-0.729,-1.383,0.0,-0.416,-0.05,-0.366,-0.416,-0.05,-0.366,0.474,0.398,0.846,0.852,0.854,-0.002,-0.008,0.156,0.198,-0.042,0.28,0.418,-0.148,0.566,0.17,0.14,0.032,-0.211,0.105,0.105,0.805,0.91,0.0,-0.211,-0.124,-0.087,-0.211,-0.124,-0.087,0.487,0.206,0.227,0.23,0.231,-0.001,-0.004,0.234,-0.101,0.335,-0.532,0.529,-0.046,0.575,0.476,0.188,0.29,-0.627,-0.549,-0.549,-0.473,0.0,-0.627,-0.174,-0.453,-0.627,-0.174,-0.453,0.961,0.604,-1.383,0.91,-0.473,2092,1039,1053
202343,Elliot Williams,2016,-0.411,-0.419,-0.417,-0.002,0.006,-0.65,-0.165,-0.485,0.01,0.223,-0.038,0.261,-0.104,-0.163,0.06,-0.09,0.291,0.291,-0.605,-0.314,0.0,-0.09,-0.366,0.276,-0.09,-0.366,0.276,0.584,-0.21,-0.392,-0.391,-0.387,-0.004,-0.005,-0.051,0.056,-0.107,-0.198,-0.138,-0.057,-0.081,0.006,-0.06,0.065,-0.076,0.298,0.298,-0.462,-0.164,0.0,-0.076,-0.12,0.044,-0.076,-0.12,0.044,-0.093,0.023,-0.803,-0.81,-0.804,-0.006,0.001,-0.701,-0.109,-0.592,-0.188,0.085,-0.095,0.18,-0.098,-0.223,0.125,-0.166,0.589,0.589,-0.478,0.0,-0.166,-0.486,0.32,-0.166,-0.486,0.32,0.491,-0.187,-0.314,-0.164,-0.478,616,307,309
2547,Chris Bosh,2016,-0.134,-0.132,-0.14,0.008,0.006,-0.588,0.174,-0.762,1.055,-0.607,-0.132,-0.475,0.213,0.035,0.177,0.01,-1.252,-1.252,0.089,-1.163,0.0,0.01,0.093,-0.083,0.01,0.093,-0.083,1.24,-0.127,1.115,1.111,1.116,-0.005,-0.001,1.407,0.419,0.988,-0.101,-0.19,-0.134,-0.056,0.444,0.64,-0.198,-0.076,-0.813,-0.813,1.483,0.67,0.0,-0.076,0.072,-0.148,-0.076,0.072,-0.148,-0.87,0.522,0.981,0.979,0.976,0.003,0.005,0.819,0.593,0.226,0.954,-0.797,-0.266,-0.531,0.657,0.675,-0.021,-0.066,-2.065,-2.065,-0.493,0.0,-0.066,0.165,-0.231,-0.066,0.165,-0.231,0.37,0.395,-1.163,0.67,-0.493,12515,6269,6246
202726,Andrew Goudelock,2016,-0.127,-0.13,-0.141,0.011,0.014,0.093,-0.076,0.169,0.223,-0.457,-0.019,-0.438,0.124,0.19,-0.062,-0.419,-0.131,-0.131,-0.422,-0.553,-0.0,-0.419,-0.354,-0.065,-0.419,-0.354,-0.065,-1.184,-0.119,0.424,0.424,0.426,-0.002,-0.002,0.085,0.058,0.027,0.25,0.091,0.01,0.081,-0.015,0.007,-0.02,0.008,-0.358,-0.358,0.417,0.059,0.0,0.008,0.04,-0.032,0.008,0.04,-0.032,0.257,0.102,0.297,0.294,0.285,0.009,0.012,0.178,-0.018,0.196,0.473,-0.366,-0.009,-0.357,0.109,0.197,-0.082,-0.411,-0.489,-0.489,-0.494,-0.0,-0.411,-0.314,-0.097,-0.411,-0.314,-0.097,-0.927,-0.017,-0.553,0.059,-0.494,266,131,135
203095,Evan Fournier,2016,1.265,1.268,1.265,0.003,-0.0,0.715,0.276,0.439,-0.003,0.553,-0.057,0.61,0.157,-0.002,0.158,-0.201,-0.471,-0.471,1.221,0.75,0.0,-0.201,-0.106,-0.095,-0.201,-0.106,-0.095,0.252,0.201,-1.194,-1.193,-1.196,0.003,0.002,-0.411,-0.231,-0.18,-0.833,0.048,0.0,0.048,-0.193,-0.228,0.035,0.103,0.038,0.038,-1.284,-1.246,0.0,0.103,0.036,0.067,0.103,0.036,0.067,0.318,-0.357,0.071,0.075,0.069,0.006,0.002,0.304,0.045,0.259,-0.836,0.601,-0.057,0.658,-0.036,-0.23,0.193,-0.098,-0.433,-0.433,-0.496,0.001,-0.098,-0.07,-0.028,-0.098,-0.07,-0.028,0.57,-0.156,0.75,-1.246,-0.495,16371,8183,8188
201565,Derrick Rose,2016,-1.481,-1.479,-1.485,0.006,0.004,-0.995,0.233,-1.228,0.313,-0.803,-0.358,-0.445,-0.01,-0.161,0.15,0.517,0.671,0.671,-0.974,-0.303,0.0,0.517,0.004,0.513,0.517,0.004,0.513,-1.423,-0.517,0.636,0.637,0.64,-0.003,-0.004,-0.005,-0.43,0.425,-0.169,0.814,0.274,0.54,0.34,0.269,0.071,-0.574,-0.595,-0.595,0.402,-0.193,-0.0,-0.574,-0.137,-0.437,-0.574,-0.137,-0.437,-1.233,-0.493,-0.845,-0.842,-0.845,0.003,0.0,-1.0,-0.197,-0.803,0.144,0.011,-0.084,0.095,0.33,0.108,0.221,-0.057,0.076,0.076,-0.496,0.0,-0.057,-0.133,0.076,-0.057,-0.133,0.076,-2.656,-1.01,-0.303,-0.193,-0.496,15978,7988,7990
2440,Matt Barnes,2016,-0.25,-0.241,-0.257,0.016,0.007,-0.73,-0.001,-0.729,0.45,0.023,0.307,-0.284,0.048,-0.373,0.421,0.449,0.754,0.754,0.247,1.001,0.0,0.449,-0.015,0.464,0.449,-0.015,0.464,1.101,0.054,-1.241,-1.255,-1.255,0.0,0.014,0.033,0.055,-0.022,-0.392,-0.896,-0.461,-0.435,-0.304,-0.203,-0.101,0.063,-0.018,-0.018,-1.482,-1.5,0.0,0.063,0.142,-0.079,0.063,0.142,-0.079,-1.945,-0.066,-1.491,-1.496,-1.512,0.016,0.021,-0.697,0.054,-0.751,0.058,-0.873,-0.154,-0.719,-0.256,-0.576,0.32,0.512,0.736,0.736,-0.499,0.0,0.512,0.127,0.385,0.512,0.127,0.385,-0.844,-0.012,1.001,-1.5,-0.499,19547,9778,9769
1626262,Coty Clarke,2016,-0.117,-0.124,-0.127,0.003,0.01,-0.291,-0.096,-0.195,0.011,0.153,0.046,0.107,-0.065,-0.031,-0.031,-0.069,0.047,0.047,-0.251,-0.204,0.0,-0.069,-0.091,0.022,-0.069,-0.091,0.022,0.07,-0.151,-0.23,-0.232,-0.231,-0.001,0.001,-0.083,0.003,-0.086,-0.085,-0.063,-0.019,-0.044,-0.038,-0.059,0.023,-0.08,0.044,0.044,-0.348,-0.304,0.0,-0.08,-0.041,-0.039,-0.08,-0.041,-0.039,-0.098,-0.027,-0.347,-0.356,-0.358,0.002,0.011,-0.374,-0.093,-0.281,-0.074,0.09,0.027,0.063,-0.103,-0.09,-0.008,-0.149,0.091,0.091,-0.508,-0.001,-0.149,-0.132,-0.017,-0.149,-0.132,-0.017,-0.028,-0.178,-0.204,-0.304,-0.509,24,12,12
203115,Will Barton,2016,-1.583,-1.574,-1.578,0.004,-0.005,0.459,0.37,0.089,-0.774,-1.263,0.049,-1.312,0.307,0.262,0.045,-0.112,1.224,1.224,-1.388,-0.164,0.0,-0.112,0.143,-0.255,-0.112,0.143,-0.255,-2.109,0.216,0.612,0.616,0.618,-0.002,-0.006,-0.158,-0.462,0.304,-0.658,1.434,0.07,1.364,-0.393,-0.292,-0.101,0.006,-0.573,-0.573,0.225,-0.348,0.0,0.006,-0.097,0.103,0.006,-0.097,0.103,2.022,-0.074,-0.971,-0.958,-0.96,0.002,-0.011,0.301,-0.092,0.393,-1.432,0.171,0.119,0.052,-0.086,-0.03,-0.056,-0.106,0.651,0.651,-0.512,0.0,-0.106,0.046,-0.152,-0.106,0.046,-0.152,-0.087,0.142,-0.164,-0.348,-0.512,13104,6556,6548
200752,Rudy Gay,2016,-0.296,-0.293,-0.301,0.008,0.005,0.072,-0.235,0.307,0.174,-0.547,-0.3,-0.247,0.468,0.137,0.331,-0.431,1.24,1.24,-0.259,0.981,-0.0,-0.431,-0.109,-0.322,-0.431,-0.109,-0.322,-3.072,-0.473,-1.836,-1.837,-1.841,0.004,0.005,-0.902,0.11,-1.012,-0.676,-0.263,-0.113,-0.15,0.196,0.237,-0.041,0.108,0.037,0.037,-1.532,-1.495,0.0,0.108,0.008,0.1,0.108,0.008,0.1,-1.456,-0.305,-2.132,-2.13,-2.142,0.012,0.01,-0.83,-0.125,-0.705,-0.502,-0.81,-0.413,-0.397,0.664,0.374,0.29,-0.323,1.277,1.277,-0.514,-0.001,-0.323,-0.101,-0.222,-0.323,-0.101,-0.222,-4.528,-0.778,0.981,-1.495,-0.515,19311,9682,9629
201964,Victor Claver,2016,-0.214,-0.21,-0.212,0.002,-0.002,-0.121,-0.203,0.082,-0.388,0.297,0.086,0.211,-0.201,-0.208,0.009,0.087,-0.304,-0.304,-0.328,-0.632,0.0,0.087,-0.133,0.22,0.087,-0.133,0.22,-0.62,-0.192,-0.131,-0.132,-0.131,-0.001,-0.0,0.178,-0.004,0.182,-0.245,-0.064,-0.043,-0.021,0.03,-0.002,0.033,0.156,0.038,0.038,0.055,0.093,0.0,0.156,0.039,0.117,0.156,0.039,0.117,0.248,0.133,-0.345,-0.342,-0.343,0.001,-0.002,0.057,-0.207,0.264,-0.633,0.233,0.043,0.19,-0.171,-0.21,0.042,0.243,-0.266,-0.266,-0.539,0.0,0.243,-0.094,0.337,0.243,-0.094,0.337,-0.372,-0.059,-0.632,0.093,-0.539,297,149,148
101123,Gerald Green,2016,0.346,0.354,0.357,-0.003,-0.011,-1.009,-0.638,-0.371,0.161,1.205,0.571,0.634,0.032,-0.158,0.189,0.072,-0.108,-0.108,0.45,0.342,0.0,0.072,0.087,-0.015,0.072,0.087,-0.015,-0.514,-0.999,0.42,0.419,0.423,-0.004,-0.003,-0.271,0.176,-0.447,0.302,0.392,-0.004,0.396,-0.383,-0.387,0.005,-0.49,-0.437,-0.437,-0.453,-0.89,0.0,-0.49,0.08,-0.57,-0.49,0.08,-0.57,1.093,0.274,0.766,0.774,0.78,-0.006,-0.014,-1.28,-0.462,-0.818,0.463,1.597,0.567,1.03,-0.351,-0.545,0.194,-0.418,-0.545,-0.545,-0.548,0.0,-0.418,0.167,-0.585,-0.418,0.167,-0.585,0.579,-0.725,0.342,-0.89,-0.548,12138,6079,6059
201977,Marcus Thornton,2016,-1.961,-1.955,-1.953,-0.002,-0.008,-0.62,0.222,-0.842,-1.12,-0.213,0.397,-0.61,-0.076,-0.015,-0.06,0.508,1.516,1.516,-1.529,-0.013,-0.0,0.508,-0.074,0.582,0.508,-0.074,0.582,0.317,0.138,-0.101,-0.104,-0.108,0.004,0.007,-0.832,-0.339,-0.493,0.586,0.138,0.008,0.13,-0.122,-0.214,0.093,-0.065,-0.255,-0.255,-0.288,-0.543,0.0,-0.065,0.238,-0.303,-0.065,0.238,-0.303,0.104,-0.59,-2.062,-2.059,-2.061,0.002,-0.001,-1.452,-0.117,-1.335,-0.534,-0.075,0.405,-0.48,-0.198,-0.229,0.033,0.443,1.261,1.261,-0.556,-0.0,0.443,0.164,0.279,0.443,0.164,0.279,0.421,-0.452,-0.013,-0.543,-0.556,7378,3703,3675
203088,Kendall Marshall,2016,2.212,2.209,2.209,0.0,0.003,1.018,0.431,0.587,0.054,1.137,0.055,1.082,-0.268,-0.296,0.03,-0.104,-1.487,-1.487,1.84,0.353,0.0,-0.104,-0.36,0.256,-0.104,-0.36,0.256,2.138,0.914,-0.879,-0.883,-0.884,0.001,0.005,-0.093,0.234,-0.327,-0.596,-0.195,-0.072,-0.123,0.088,0.034,0.054,0.171,-0.296,-0.296,-0.62,-0.916,-0.0,0.171,0.242,-0.071,0.171,0.242,-0.071,-0.199,0.05,1.333,1.326,1.325,0.001,0.008,0.925,0.665,0.26,-0.542,0.942,-0.017,0.959,-0.18,-0.262,0.084,0.067,-1.783,-1.783,-0.563,0.0,0.067,-0.118,0.185,0.067,-0.118,0.185,1.939,0.964,0.353,-0.916,-0.563,3260,1629,1631
203963,Shayne Whittington,2016,0.081,0.091,0.093,-0.002,-0.012,0.175,-0.038,0.213,-0.416,0.334,0.107,0.227,0.038,-0.013,0.053,0.3,-0.663,-0.663,0.419,-0.244,0.0,0.3,0.359,-0.059,0.3,0.359,-0.059,1.004,0.241,-0.292,-0.292,-0.289,-0.003,-0.003,-0.264,-0.066,-0.198,0.242,-0.267,-0.079,-0.188,-0.005,-0.057,0.053,-0.125,0.102,0.102,-0.422,-0.32,0.0,-0.125,0.013,-0.138,-0.125,0.013,-0.138,-0.348,-0.064,-0.211,-0.201,-0.196,-0.005,-0.015,-0.089,-0.104,0.015,-0.174,0.067,0.028,0.039,0.033,-0.07,0.106,0.175,-0.561,-0.561,-0.564,0.0,0.175,0.372,-0.197,0.175,0.372,-0.197,0.656,0.177,-0.244,-0.32,-0.564,586,291,295
202723,Malcolm Lee,2016,-0.243,-0.244,-0.247,0.003,0.004,-0.084,-0.06,-0.024,-0.057,-0.106,0.02,-0.126,0.017,0.027,-0.006,-0.015,-0.091,-0.091,-0.241,-0.332,-0.0,-0.015,-0.015,0.0,-0.015,-0.015,0.0,-0.203,-0.034,-0.181,-0.183,-0.181,-0.002,0.0,-0.043,0.007,-0.05,-0.044,-0.094,-0.02,-0.074,-0.041,-0.035,-0.005,-0.036,0.019,0.019,-0.258,-0.239,0.0,-0.036,-0.032,-0.004,-0.036,-0.032,-0.004,-0.076,0.008,-0.424,-0.426,-0.428,0.002,0.004,-0.127,-0.053,-0.074,-0.101,-0.2,-0.0,-0.2,-0.024,-0.008,-0.011,-0.051,-0.072,-0.072,-0.571,0.0,-0.051,-0.047,-0.004,-0.051,-0.047,-0.004,-0.279,-0.026,-0.332,-0.239,-0.571,9,4,5
201163,Wilson Chandler,2016,0.212,0.213,0.21,0.003,0.002,0.298,0.103,0.195,0.187,-0.275,0.335,-0.61,-0.27,-0.294,0.026,0.375,0.002,0.002,0.317,0.319,0.0,0.375,0.358,0.017,0.375,0.358,0.017,-0.495,0.108,-0.328,-0.33,-0.33,0.0,0.002,-0.291,-0.006,-0.285,-0.164,0.125,-0.053,0.178,-0.109,-0.093,-0.018,-0.32,-0.133,-0.133,-0.757,-0.89,0.0,-0.32,-0.114,-0.206,-0.32,-0.114,-0.206,-1.291,-0.046,-0.116,-0.116,-0.12,0.004,0.004,0.007,0.097,-0.09,0.023,-0.15,0.282,-0.432,-0.379,-0.387,0.008,0.055,-0.131,-0.131,-0.571,0.0,0.055,0.244,-0.189,0.055,0.244,-0.189,-1.786,0.062,0.319,-0.89,-0.571,9807,4898,4909
203962,Josh Huestis,2016,-0.104,-0.102,-0.105,0.003,0.001,-0.085,-0.073,-0.012,-0.245,0.225,-0.013,0.238,0.033,0.076,-0.04,-0.265,-0.293,-0.293,-0.336,-0.629,0.0,-0.265,-0.214,-0.051,-0.265,-0.214,-0.051,-0.791,-0.127,0.096,0.096,0.1,-0.004,-0.004,-0.068,0.049,-0.117,0.12,0.048,0.004,0.044,-0.12,-0.123,0.004,-0.054,0.133,0.133,-0.078,0.055,-0.0,-0.054,-0.026,-0.028,-0.054,-0.026,-0.028,0.124,-0.023,-0.008,-0.006,-0.005,-0.001,-0.003,-0.153,-0.024,-0.129,-0.125,0.273,-0.009,0.282,-0.087,-0.047,-0.036,-0.319,-0.16,-0.16,-0.574,0.0,-0.319,-0.24,-0.079,-0.319,-0.24,-0.079,-0.667,-0.15,-0.629,0.055,-0.574,259,129,130
203909,KJ McDaniels,2016,-1.479,-1.475,-1.484,0.009,0.005,0.909,0.748,0.161,-0.877,-1.516,0.043,-1.559,0.117,0.531,-0.414,-0.067,-0.274,-0.274,-1.429,-1.703,0.0,-0.067,0.406,-0.473,-0.067,0.406,-0.473,-3.253,0.092,1.344,1.346,1.346,0.0,-0.002,0.821,0.002,0.819,-0.293,0.818,-0.132,0.95,-0.277,-0.212,-0.066,0.484,-0.436,-0.436,1.551,1.115,-0.0,0.484,0.3,0.184,0.484,0.3,0.184,0.461,0.428,-0.135,-0.13,-0.138,0.008,0.003,1.73,0.75,0.98,-1.17,-0.698,-0.089,-0.609,-0.16,0.319,-0.48,0.417,-0.71,-0.71,-0.588,0.001,0.417,0.706,-0.289,0.417,0.706,-0.289,-2.792,0.52,-1.703,1.115,-0.587,6458,3225,3233
201564,O.J. Mayo,2016,0.552,0.549,0.564,-0.015,-0.012,0.502,0.49,0.012,0.148,-0.086,-0.043,-0.043,-0.088,-0.178,0.092,-0.672,-1.098,-1.098,-0.208,-1.306,0.0,-0.672,-0.403,-0.269,-0.672,-0.403,-0.269,1.296,0.663,1.294,1.29,1.291,-0.001,0.003,0.208,-0.219,0.427,0.014,1.069,-0.077,1.146,-0.38,-0.518,0.138,0.338,-0.54,-0.54,1.252,0.712,0.0,0.338,0.344,-0.006,0.338,0.344,-0.006,0.847,-0.111,1.846,1.839,1.855,-0.016,-0.009,0.71,0.271,0.439,0.162,0.983,-0.12,1.103,-0.468,-0.696,0.23,-0.334,-1.638,-1.638,-0.594,0.0,-0.334,-0.059,-0.275,-0.334,-0.059,-0.275,2.143,0.552,-1.306,0.712,-0.594,11559,5795,5764
201569,Eric Gordon,2016,0.701,0.701,0.712,-0.011,-0.011,-0.131,-0.12,-0.011,-0.372,1.215,0.508,0.707,0.113,-0.044,0.157,-0.432,-1.005,-1.005,0.382,-0.623,0.0,-0.432,0.17,-0.602,-0.432,0.17,-0.602,1.344,-0.521,1.193,1.194,1.191,0.003,0.002,0.257,0.241,0.016,0.488,0.446,0.048,0.398,-0.396,-0.218,-0.178,-0.151,-0.625,-0.625,0.646,0.021,-0.0,-0.151,-0.057,-0.094,-0.151,-0.057,-0.094,0.258,0.034,1.894,1.895,1.903,-0.008,-0.009,0.126,0.121,0.005,0.116,1.661,0.556,1.105,-0.283,-0.262,-0.021,-0.583,-1.63,-1.63,-0.602,0.0,-0.583,0.113,-0.696,-0.583,0.113,-0.696,1.602,-0.487,-0.623,0.021,-0.602,14074,7042,7032
203951,Keith Appling,2016,-0.489,-0.488,-0.481,-0.007,-0.008,-0.245,-0.029,-0.216,-0.059,-0.177,0.052,-0.229,0.04,0.022,0.02,-0.015,-0.138,-0.138,-0.464,-0.602,0.0,-0.015,-0.093,0.078,-0.015,-0.093,0.078,-0.877,-0.158,0.006,0.007,0.008,-0.001,-0.002,-0.09,0.006,-0.096,0.154,-0.056,0.0,-0.056,-0.046,-0.061,0.016,-0.105,0.133,0.133,-0.145,-0.012,-0.0,-0.105,-0.064,-0.041,-0.105,-0.064,-0.041,-0.015,-0.039,-0.483,-0.481,-0.473,-0.008,-0.01,-0.335,-0.023,-0.312,0.095,-0.233,0.052,-0.285,-0.006,-0.039,0.036,-0.12,-0.005,-0.005,-0.614,0.0,-0.12,-0.157,0.037,-0.12,-0.157,0.037,-0.892,-0.197,-0.602,-0.012,-0.614,110,56,54
1626246,Boban Marjanovic,2016,-1.782,-1.793,-1.788,-0.005,0.006,-0.336,0.039,-0.375,-0.18,-1.272,-0.366,-0.906,0.36,0.235,0.125,0.25,1.345,1.345,-1.172,0.173,0.0,0.25,-0.031,0.281,0.25,-0.031,0.281,-1.606,0.044,-1.062,-1.063,-1.06,-0.003,-0.002,0.014,0.027,-0.013,-0.349,-0.725,-0.093,-0.632,-0.046,-0.07,0.025,-0.167,0.486,0.486,-1.275,-0.789,0.0,-0.167,-0.082,-0.085,-0.167,-0.082,-0.085,-0.103,0.118,-2.844,-2.856,-2.848,-0.008,0.004,-0.322,0.066,-0.388,-0.529,-1.997,-0.459,-1.538,0.314,0.165,0.15,0.083,1.831,1.831,-0.616,0.0,0.083,-0.113,0.196,0.083,-0.113,0.196,-1.709,0.162,0.173,-0.789,-0.616,2118,1070,1048
1626162,Kelly Oubre Jr.,2016,-1.525,-1.524,-1.522,-0.002,-0.003,-0.615,0.297,-0.912,-0.481,-0.426,-0.079,-0.347,0.31,0.395,-0.085,0.491,0.664,0.664,-0.724,-0.06,-0.0,0.491,0.088,0.403,0.491,0.088,0.403,-1.285,-0.186,0.474,0.471,0.473,-0.002,0.001,0.031,-0.028,0.059,0.351,0.091,0.063,0.028,-0.384,-0.39,0.008,-0.26,-0.387,-0.387,-0.17,-0.557,0.0,-0.26,-0.2,-0.06,-0.26,-0.2,-0.06,0.288,-0.145,-1.051,-1.053,-1.049,-0.004,-0.002,-0.584,0.269,-0.853,-0.13,-0.335,-0.016,-0.319,-0.074,0.005,-0.077,0.231,0.277,0.277,-0.617,-0.0,0.231,-0.112,0.343,0.231,-0.112,0.343,-0.997,-0.331,-0.06,-0.557,-0.617,2777,1388,1389
201949,James Johnson,2016,0.014,0.01,0.02,-0.01,-0.006,0.947,0.617,0.33,-0.212,-0.715,-0.049,-0.666,-0.341,-0.242,-0.099,-0.417,-0.139,-0.139,-0.744,-0.883,0.0,-0.417,0.278,-0.695,-0.417,0.278,-0.695,-1.22,0.462,0.519,0.515,0.519,-0.004,-0.0,0.013,-0.183,0.196,-0.316,0.822,-0.091,0.913,-0.192,-0.162,-0.03,0.526,-0.6,-0.6,0.853,0.253,0.0,0.526,0.562,-0.036,0.526,0.562,-0.036,-0.817,-0.281,0.533,0.525,0.539,-0.014,-0.006,0.96,0.434,0.526,-0.528,0.107,-0.14,0.247,-0.533,-0.404,-0.129,0.109,-0.739,-0.739,-0.63,0.0,0.109,0.84,-0.731,0.109,0.84,-0.731,-2.037,0.181,-0.883,0.253,-0.63,9161,4572,4589
202357,Nemanja Bjelica,2016,-0.184,-0.183,-0.187,0.004,0.003,0.446,0.385,0.061,-0.425,-0.208,0.234,-0.442,0.088,0.089,-0.002,-0.411,0.186,0.186,-0.507,-0.321,0.0,-0.411,0.237,-0.648,-0.411,0.237,-0.648,-1.132,0.62,-0.8,-0.804,-0.804,-0.0,0.004,-0.017,-0.129,0.112,-0.352,-0.435,-0.078,-0.357,-0.391,-0.427,0.037,0.158,0.72,0.72,-1.033,-0.313,0.0,0.158,0.111,0.047,0.158,0.111,0.047,0.419,0.044,-0.984,-0.987,-0.991,0.004,0.007,0.429,0.256,0.173,-0.777,-0.643,0.156,-0.799,-0.303,-0.338,0.035,-0.253,0.906,0.906,-0.634,0.0,-0.253,0.348,-0.601,-0.253,0.348,-0.601,-0.713,0.664,-0.321,-0.313,-0.634,4269,2128,2141
203961,Eric Moreland,2016,0.286,0.292,0.286,0.006,-0.0,0.013,-0.048,0.061,-0.191,0.464,0.052,0.412,-0.011,0.03,-0.038,-0.149,-0.46,-0.46,0.126,-0.334,0.0,-0.149,-0.173,0.024,-0.149,-0.173,0.024,-0.069,-0.059,0.04,0.037,0.041,-0.004,-0.001,-0.018,0.011,-0.029,0.164,-0.105,-0.047,-0.058,-0.118,-0.082,-0.033,-0.057,-0.167,-0.167,-0.135,-0.302,0.0,-0.057,0.014,-0.071,-0.057,0.014,-0.071,-0.19,-0.075,0.326,0.329,0.327,0.002,-0.001,-0.005,-0.037,0.032,-0.027,0.359,0.005,0.354,-0.129,-0.052,-0.071,-0.206,-0.627,-0.627,-0.636,0.0,-0.206,-0.159,-0.047,-0.206,-0.159,-0.047,-0.259,-0.134,-0.334,-0.302,-0.636,213,105,108
200782,P.J. Tucker,2016,-1.255,-1.253,-1.264,0.011,0.009,-0.291,-0.117,-0.174,-0.776,-0.197,0.304,-0.501,0.46,0.493,-0.035,-0.427,0.829,0.829,-1.222,-0.393,0.0,-0.427,-0.47,0.043,-0.427,-0.47,0.043,-2.818,-0.652,-0.142,-0.143,-0.14,-0.003,-0.002,0.221,0.115,0.106,-0.247,-0.114,-0.038,-0.076,-0.26,-0.398,0.137,0.05,0.106,0.106,-0.352,-0.246,0.0,0.05,0.087,-0.037,0.05,0.087,-0.037,0.38,-0.002,-1.397,-1.396,-1.404,0.008,0.007,-0.07,-0.002,-0.068,-1.023,-0.311,0.266,-0.577,0.2,0.095,0.102,-0.377,0.935,0.935,-0.639,-0.001,-0.377,-0.383,0.006,-0.377,-0.383,0.006,-2.438,-0.654,-0.393,-0.246,-0.64,19678,9833,9845
1626153,Delon Wright,2016,-0.921,-0.916,-0.906,-0.01,-0.015,-0.336,0.444,-0.78,-0.469,-0.101,-0.154,0.053,0.026,0.28,-0.25,0.492,-0.481,-0.481,-0.403,-0.884,0.0,0.492,0.009,0.483,0.492,0.009,0.483,-1.537,-0.219,0.215,0.216,0.219,-0.003,-0.004,0.226,-0.057,0.283,0.151,-0.158,-0.062,-0.096,-0.039,0.087,-0.123,0.101,-0.034,-0.034,0.277,0.243,-0.0,0.101,0.061,0.04,0.101,0.061,0.04,-0.591,-0.067,-0.706,-0.7,-0.687,-0.013,-0.019,-0.11,0.387,-0.497,-0.318,-0.259,-0.216,-0.043,-0.013,0.367,-0.373,0.593,-0.515,-0.515,-0.641,0.0,0.593,0.07,0.523,0.593,0.07,0.523,-2.128,-0.286,-0.884,0.243,-0.641,1059,532,527
203471,Dennis Schroder,2016,0.063,0.067,0.058,0.009,0.005,-0.11,0.419,-0.529,-0.168,0.336,0.286,0.05,0.049,0.062,-0.011,-0.358,-0.532,-0.532,-0.246,-0.778,0.0,-0.358,-0.068,-0.29,-0.358,-0.068,-0.29,0.636,-0.446,0.421,0.429,0.429,-0.0,-0.008,0.443,-0.151,0.594,0.023,-0.037,-0.067,0.03,-0.042,-0.028,-0.015,0.416,-0.677,-0.677,0.795,0.118,0.0,0.416,0.074,0.342,0.416,0.074,0.342,-0.258,0.025,0.484,0.496,0.487,0.009,-0.003,0.333,0.268,0.065,-0.145,0.299,0.219,0.08,0.007,0.034,-0.026,0.058,-1.209,-1.209,-0.66,0.001,0.058,0.006,0.052,0.058,0.006,0.052,0.378,-0.421,-0.778,0.118,-0.659,13778,6883,6895
204021,Sim Bhullar,2016,-0.282,-0.283,-0.286,0.003,0.004,-0.165,-0.101,-0.064,-0.018,-0.103,0.013,-0.116,-0.008,-0.001,-0.004,-0.005,-0.115,-0.115,-0.295,-0.41,0.0,-0.005,-0.012,0.007,-0.005,-0.012,0.007,-0.331,-0.135,-0.114,-0.116,-0.115,-0.001,0.001,-0.012,0.02,-0.032,-0.029,-0.074,-0.024,-0.05,-0.053,-0.052,-0.0,-0.063,-0.024,-0.024,-0.23,-0.254,0.0,-0.063,-0.032,-0.031,-0.063,-0.032,-0.031,-0.074,0.008,-0.396,-0.399,-0.401,0.002,0.005,-0.177,-0.081,-0.096,-0.047,-0.177,-0.011,-0.166,-0.061,-0.053,-0.004,-0.068,-0.139,-0.139,-0.664,-0.0,-0.068,-0.044,-0.024,-0.068,-0.044,-0.024,-0.405,-0.127,-0.41,-0.254,-0.664,12,6,6
203539,Gal Mekel,2016,-0.102,-0.101,-0.105,0.004,0.003,-0.313,-0.116,-0.197,0.164,0.044,-0.001,0.045,-0.007,-0.015,0.011,-0.149,-0.227,-0.227,-0.258,-0.485,0.0,-0.149,-0.132,-0.017,-0.149,-0.132,-0.017,0.261,-0.085,0.054,0.054,0.056,-0.002,-0.002,-0.045,-0.012,-0.033,0.134,-0.033,-0.017,-0.016,-0.032,-0.002,-0.028,-0.077,-0.128,-0.128,-0.055,-0.183,0.0,-0.077,-0.034,-0.043,-0.077,-0.034,-0.043,-0.182,-0.046,-0.048,-0.047,-0.049,0.002,0.001,-0.358,-0.128,-0.23,0.298,0.011,-0.018,0.029,-0.039,-0.017,-0.017,-0.226,-0.355,-0.355,-0.668,-0.0,-0.226,-0.166,-0.06,-0.226,-0.166,-0.06,0.079,-0.131,-0.485,-0.183,-0.668,162,81,81
202687,Bismack Biyombo,2016,-2.442,-2.451,-2.458,0.007,0.016,-1.421,-0.478,-0.943,-0.519,-0.518,-0.174,-0.344,-0.206,0.075,-0.281,0.124,0.256,0.256,-2.524,-2.268,0.0,0.124,0.264,-0.14,0.124,0.264,-0.14,-3.574,-0.971,2.22,2.221,2.223,-0.002,-0.003,1.666,0.343,1.323,1.006,-0.449,-0.09,-0.359,0.518,0.528,-0.008,-0.728,-0.413,-0.413,2.01,1.597,-0.0,-0.728,-0.359,-0.369,-0.728,-0.359,-0.369,-1.335,0.427,-0.222,-0.23,-0.235,0.005,0.013,0.245,-0.135,0.38,0.487,-0.967,-0.264,-0.703,0.312,0.603,-0.289,-0.604,-0.157,-0.157,-0.671,-0.0,-0.604,-0.095,-0.509,-0.604,-0.095,-0.509,-4.909,-0.544,-2.268,1.597,-0.671,13281,6613,6668
2734,Devin Harris,2016,-0.433,-0.436,-0.429,-0.007,-0.004,0.833,0.471,0.362,0.293,-1.555,0.281,-1.836,0.697,0.728,-0.029,0.866,-0.993,-0.993,1.13,0.137,0.0,0.866,0.499,0.367,0.866,0.499,0.367,-0.814,0.561,-0.289,-0.292,-0.289,-0.003,0.0,0.085,0.214,-0.129,-0.364,-0.01,-0.106,0.096,-0.394,-0.577,0.183,0.662,-0.788,-0.788,-0.021,-0.809,0.0,0.662,-0.074,0.736,0.662,-0.074,0.736,-0.411,0.191,-0.722,-0.727,-0.718,-0.009,-0.004,0.918,0.685,0.233,-0.071,-1.565,0.175,-1.74,0.303,0.151,0.154,1.528,-1.781,-1.781,-0.672,0.001,1.528,0.425,1.103,1.528,0.425,1.103,-1.225,0.752,0.137,-0.809,-0.671,12488,6239,6249
203919,Jordan Adams,2016,-0.856,-0.872,-0.866,-0.006,0.01,-0.062,0.27,-0.332,-0.25,-0.554,-0.223,-0.331,-0.18,0.158,-0.333,-0.496,0.916,0.916,-1.532,-0.616,0.0,-0.496,-0.013,-0.483,-0.496,-0.013,-0.483,-0.67,0.212,-0.608,-0.61,-0.609,-0.001,0.001,-0.399,-0.051,-0.348,-0.056,-0.154,-0.039,-0.115,-0.035,-0.045,0.012,0.059,0.516,0.516,-0.584,-0.068,0.0,0.059,0.038,0.021,0.059,0.038,0.021,0.015,0.011,-1.464,-1.482,-1.475,-0.007,0.011,-0.461,0.219,-0.68,-0.306,-0.708,-0.262,-0.446,-0.215,0.113,-0.321,-0.437,1.432,1.432,-0.684,0.0,-0.437,0.025,-0.462,-0.437,0.025,-0.462,-0.655,0.223,-0.616,-0.068,-0.684,1078,545,533
203968,Jerrelle Benimon,2016,-0.294,-0.296,-0.299,0.003,0.005,-0.161,-0.102,-0.059,0.01,-0.148,0.024,-0.172,-0.058,-0.053,-0.003,-0.052,-0.11,-0.11,-0.404,-0.514,0.0,-0.052,-0.011,-0.041,-0.052,-0.011,-0.041,-0.25,-0.091,-0.09,-0.09,-0.089,-0.001,-0.001,-0.017,0.019,-0.036,0.004,-0.076,-0.029,-0.047,-0.04,-0.035,-0.003,-0.055,0.014,0.014,-0.185,-0.171,-0.0,-0.055,-0.03,-0.025,-0.055,-0.03,-0.025,-0.048,0.003,-0.384,-0.386,-0.388,0.002,0.004,-0.178,-0.083,-0.095,0.014,-0.224,-0.005,-0.219,-0.098,-0.088,-0.006,-0.107,-0.096,-0.096,-0.685,0.0,-0.107,-0.041,-0.066,-0.107,-0.041,-0.066,-0.298,-0.088,-0.514,-0.171,-0.685,10,6,4
203545,Miroslav Raduljica,2016,-0.199,-0.198,-0.201,0.003,0.002,-0.12,-0.064,-0.056,-0.035,-0.046,0.017,-0.063,-0.021,-0.049,0.03,0.035,-0.186,-0.186,-0.185,-0.371,0.0,0.035,0.031,0.004,0.035,0.031,0.004,-0.067,-0.059,-0.31,-0.311,-0.308,-0.003,-0.002,-0.127,0.013,-0.14,-0.022,-0.159,-0.016,-0.143,-0.012,-0.01,-0.001,-0.0,0.003,0.003,-0.322,-0.319,0.0,-0.0,-0.022,0.022,-0.0,-0.022,0.022,-0.295,-0.061,-0.509,-0.509,-0.509,0.0,0.0,-0.247,-0.051,-0.196,-0.057,-0.205,0.001,-0.206,-0.033,-0.059,0.029,0.035,-0.183,-0.183,-0.69,0.0,0.035,0.009,0.026,0.035,0.009,0.026,-0.362,-0.12,-0.371,-0.319,-0.69,91,45,46
2449,Luis Scola,2016,0.22,0.218,0.214,0.004,0.006,-0.304,0.155,-0.459,0.078,0.44,0.125,0.315,-0.179,-0.196,0.016,-0.47,-0.127,-0.127,-0.429,-0.556,-0.0,-0.47,-0.212,-0.258,-0.47,-0.212,-0.258,0.354,-0.297,-0.845,-0.845,-0.847,0.002,0.002,-0.341,0.096,-0.437,-0.683,0.177,0.243,-0.066,0.158,0.123,0.035,-0.174,0.726,0.726,-0.861,-0.135,0.0,-0.174,-0.281,0.107,-0.174,-0.281,0.107,-0.716,-0.039,-0.625,-0.627,-0.633,0.006,0.008,-0.645,0.251,-0.896,-0.605,0.617,0.368,0.249,-0.021,-0.073,0.051,-0.644,0.599,0.599,-0.691,0.0,-0.644,-0.493,-0.151,-0.644,-0.493,-0.151,-0.362,-0.336,-0.556,-0.135,-0.691,13291,6639,6652
101142,Ronny Turiaf,2016,-0.174,-0.17,-0.178,0.008,0.004,-0.205,-0.154,-0.051,0.114,-0.087,0.045,-0.132,0.11,0.144,-0.03,-0.061,-0.267,-0.267,-0.125,-0.392,0.0,-0.061,0.001,-0.062,-0.061,0.001,-0.062,-0.309,-0.146,-0.359,-0.362,-0.36,-0.002,0.001,-0.057,0.02,-0.077,-0.163,-0.14,-0.041,-0.099,-0.028,0.004,-0.03,0.074,0.012,0.012,-0.313,-0.301,0.0,0.074,0.006,0.068,0.074,0.006,0.068,-0.105,0.035,-0.533,-0.532,-0.538,0.006,0.005,-0.262,-0.134,-0.128,-0.049,-0.227,0.004,-0.231,0.082,0.148,-0.06,0.013,-0.255,-0.255,-0.693,0.001,0.013,0.007,0.006,0.013,0.007,0.006,-0.414,-0.111,-0.392,-0.301,-0.692,82,39,43
203186,Willie Reed,2016,0.431,0.419,0.406,0.013,0.025,0.744,-0.068,0.812,-0.048,-0.29,-0.145,-0.145,-0.429,-0.162,-0.264,-0.882,0.29,0.29,-0.88,-0.59,0.0,-0.882,-0.529,-0.353,-0.882,-0.529,-0.353,0.302,0.561,-0.319,-0.315,-0.31,-0.005,-0.009,-0.192,-0.018,-0.174,-0.041,-0.077,-0.037,-0.04,-0.089,-0.137,0.048,0.019,0.283,0.283,-0.389,-0.106,0.0,0.019,-0.035,0.054,0.019,-0.035,0.054,-0.211,-0.042,0.112,0.104,0.096,0.008,0.016,0.552,-0.086,0.638,-0.089,-0.367,-0.182,-0.185,-0.518,-0.299,-0.216,-0.863,0.573,0.573,-0.696,0.0,-0.863,-0.564,-0.299,-0.863,-0.564,-0.299,0.091,0.519,-0.59,-0.106,-0.696,1670,826,844
204002,Edy Tavares,2016,0.409,0.396,0.389,0.007,0.02,0.044,0.044,0.0,-0.144,0.489,-0.003,0.492,-0.105,-0.004,-0.097,-0.52,0.196,0.196,-0.216,-0.02,0.0,-0.52,-0.107,-0.413,-0.52,-0.107,-0.413,0.132,0.1,-0.705,-0.706,-0.707,0.001,0.002,-0.047,-0.025,-0.022,-0.285,-0.375,0.015,-0.39,0.008,-0.008,0.017,-0.093,0.107,0.107,-0.79,-0.683,-0.0,-0.093,-0.0,-0.093,-0.093,-0.0,-0.093,-0.791,-0.13,-0.296,-0.31,-0.318,0.008,0.022,-0.003,0.019,-0.022,-0.429,0.114,0.012,0.102,-0.097,-0.012,-0.08,-0.613,0.303,0.303,-0.703,0.0,-0.613,-0.107,-0.506,-0.613,-0.107,-0.506,-0.659,-0.03,-0.02,-0.683,-0.703,301,149,152
1713,Vince Carter,2016,-1.102,-1.099,-1.091,-0.008,-0.011,0.251,0.394,-0.143,0.369,-1.711,0.24,-1.951,0.177,-0.028,0.206,0.617,0.412,0.412,-0.308,0.104,0.0,0.617,0.06,0.557,0.617,0.06,0.557,-0.586,0.438,-0.655,-0.657,-0.658,0.001,0.003,0.181,0.242,-0.061,-0.15,-0.689,-0.469,-0.22,-0.585,-0.556,-0.028,0.201,0.229,0.229,-1.039,-0.81,-0.0,0.201,-0.128,0.329,0.201,-0.128,0.329,0.981,0.626,-1.757,-1.755,-1.749,-0.006,-0.008,0.432,0.636,-0.204,0.219,-2.4,-0.229,-2.171,-0.408,-0.584,0.178,0.818,0.641,0.641,-0.706,0.0,0.818,-0.068,0.886,0.818,-0.068,0.886,0.395,1.064,0.104,-0.81,-0.706,9183,4587,4596
2571,Leandro Barbosa,2016,0.56,0.564,0.573,-0.009,-0.013,0.869,0.288,0.581,-0.532,0.236,-0.118,0.354,-0.365,-0.249,-0.119,-0.104,0.144,0.144,0.091,0.235,-0.0,-0.104,0.287,-0.391,-0.104,0.287,-0.391,1.881,0.806,-0.23,-0.23,-0.226,-0.004,-0.004,-0.283,0.077,-0.36,0.147,-0.09,0.096,-0.186,-0.342,-0.199,-0.141,0.346,-0.719,-0.719,-0.226,-0.945,0.0,0.346,0.104,0.242,0.346,0.104,0.242,-0.272,-0.065,0.33,0.334,0.347,-0.013,-0.017,0.586,0.365,0.221,-0.385,0.146,-0.022,0.168,-0.707,-0.448,-0.26,0.242,-0.575,-0.575,-0.71,0.001,0.242,0.391,-0.149,0.242,0.391,-0.149,1.609,0.741,0.235,-0.945,-0.709,10224,5095,5129
203912,CJ Wilcox,2016,-0.275,-0.283,-0.287,0.004,0.012,-0.381,-0.239,-0.142,-0.434,0.528,0.1,0.428,-0.351,-0.508,0.157,-0.279,-0.145,-0.145,-0.905,-1.05,0.0,-0.279,0.171,-0.45,-0.279,0.171,-0.45,0.595,-0.256,0.409,0.407,0.408,-0.001,0.001,-0.116,-0.074,-0.042,0.108,0.416,0.005,0.411,-0.142,-0.216,0.075,0.134,-0.064,-0.064,0.401,0.337,0.0,0.134,-0.099,0.233,0.134,-0.099,0.233,0.557,-0.076,0.134,0.125,0.121,0.004,0.013,-0.497,-0.313,-0.184,-0.326,0.944,0.105,0.839,-0.493,-0.724,0.232,-0.145,-0.209,-0.209,-0.713,0.0,-0.145,0.072,-0.217,-0.145,0.072,-0.217,1.152,-0.332,-1.05,0.337,-0.713,1112,562,550
201593,Nikola Pekovic,2016,-1.496,-1.5,-1.518,0.018,0.022,0.39,0.18,0.21,-1.096,-0.812,-0.4,-0.412,0.081,-0.224,0.305,-0.023,0.682,0.682,-1.438,-0.756,-0.0,-0.023,0.039,-0.062,-0.023,0.039,-0.062,-1.187,0.348,0.513,0.52,0.521,-0.001,-0.008,-0.061,0.105,-0.166,-0.054,0.636,0.13,0.506,0.052,0.142,-0.09,-0.356,-0.168,-0.168,0.209,0.041,-0.0,-0.356,-0.364,0.008,-0.356,-0.364,0.008,-0.339,-0.078,-0.983,-0.98,-0.997,0.017,0.014,0.329,0.285,0.044,-1.15,-0.176,-0.27,0.094,0.133,-0.082,0.215,-0.379,0.514,0.514,-0.715,-0.0,-0.379,-0.325,-0.054,-0.379,-0.325,-0.054,-1.526,0.27,-0.756,0.041,-0.715,3718,1851,1867
200748,Tyrus Thomas,2016,-0.309,-0.309,-0.311,0.002,0.002,-0.226,-0.11,-0.116,-0.071,-0.014,0.008,-0.022,-0.02,-0.043,0.025,-0.0,-0.089,-0.089,-0.329,-0.418,0.0,0.0,0.016,-0.016,0.0,0.016,-0.016,-0.264,-0.124,-0.195,-0.197,-0.196,-0.001,0.001,-0.112,-0.008,-0.104,-0.053,-0.031,-0.026,-0.005,-0.063,-0.04,-0.021,-0.038,-0.008,-0.008,-0.296,-0.304,0.0,-0.038,-0.022,-0.016,-0.038,-0.022,-0.016,-0.099,-0.025,-0.504,-0.506,-0.507,0.001,0.003,-0.338,-0.118,-0.22,-0.124,-0.045,-0.018,-0.027,-0.083,-0.083,0.004,-0.038,-0.097,-0.097,-0.722,0.0,-0.038,-0.006,-0.032,-0.038,-0.006,-0.032,-0.363,-0.149,-0.418,-0.304,-0.722,27,14,13
202620,Arinze Onuaku,2016,-0.011,-0.015,-0.029,0.014,0.018,-0.171,-0.174,0.003,0.321,-0.179,0.067,-0.246,-0.02,-0.089,0.071,-0.082,0.005,0.005,-0.113,-0.108,0.0,-0.082,-0.157,0.075,-0.082,-0.157,0.075,0.405,0.014,-0.067,-0.067,-0.064,-0.003,-0.003,-0.023,0.051,-0.074,0.094,-0.135,-0.032,-0.103,-0.055,-0.062,0.008,-0.239,-0.272,-0.272,-0.361,-0.633,0.0,-0.239,-0.075,-0.164,-0.239,-0.075,-0.164,0.065,0.07,-0.078,-0.082,-0.093,0.011,0.015,-0.194,-0.123,-0.071,0.415,-0.314,0.035,-0.349,-0.075,-0.151,0.079,-0.321,-0.267,-0.267,-0.741,0.0,-0.321,-0.232,-0.089,-0.321,-0.232,-0.089,0.47,0.084,-0.108,-0.633,-0.741,271,135,136
203805,Will Cherry,2016,-0.185,-0.188,-0.194,0.006,0.009,-0.08,-0.092,0.012,0.072,-0.186,0.011,-0.197,-0.074,0.08,-0.15,-0.164,-0.093,-0.093,-0.423,-0.516,0.0,-0.164,-0.048,-0.116,-0.164,-0.048,-0.116,-0.305,-0.036,-0.102,-0.107,-0.105,-0.002,0.003,-0.017,0.012,-0.029,0.191,-0.279,-0.068,-0.211,-0.089,-0.081,-0.006,0.013,-0.072,-0.072,-0.178,-0.25,0.0,0.013,0.044,-0.031,0.013,0.044,-0.031,-0.381,-0.055,-0.287,-0.295,-0.299,0.004,0.012,-0.097,-0.08,-0.017,0.263,-0.465,-0.057,-0.408,-0.163,-0.001,-0.156,-0.151,-0.165,-0.165,-0.766,0.0,-0.151,-0.004,-0.147,-0.151,-0.004,-0.147,-0.686,-0.091,-0.516,-0.25,-0.766,267,134,133
203648,Thanasis Antetokounmpo,2016,-0.273,-0.275,-0.273,-0.002,0.0,-0.078,0.022,-0.1,-0.066,-0.129,-0.011,-0.118,-0.024,-0.021,0.0,-0.02,-0.059,-0.059,-0.317,-0.376,0.0,-0.02,0.009,-0.029,-0.02,0.009,-0.029,-0.518,-0.114,-0.177,-0.18,-0.178,-0.002,0.001,0.035,0.009,0.026,-0.026,-0.187,-0.048,-0.139,-0.096,-0.077,-0.016,-0.099,-0.018,-0.018,-0.372,-0.39,0.0,-0.099,-0.052,-0.047,-0.099,-0.052,-0.047,-0.165,0.025,-0.45,-0.455,-0.451,-0.004,0.001,-0.043,0.031,-0.074,-0.092,-0.316,-0.059,-0.257,-0.12,-0.098,-0.016,-0.119,-0.077,-0.077,-0.766,0.0,-0.119,-0.043,-0.076,-0.119,-0.043,-0.076,-0.683,-0.089,-0.376,-0.39,-0.766,28,13,15
203118,Mike Scott,2016,0.427,0.423,0.397,0.026,0.03,0.363,0.128,0.235,0.216,-0.182,0.588,-0.77,-0.61,-0.736,0.126,0.024,-0.663,-0.663,-0.159,-0.822,0.0,0.024,-0.258,0.282,0.024,-0.258,0.282,1.823,0.127,-0.282,-0.278,-0.276,-0.002,-0.006,-0.066,-0.048,-0.018,-0.414,0.204,-0.223,0.427,-0.247,-0.27,0.025,0.32,0.234,0.234,-0.209,0.025,-0.0,0.32,0.093,0.227,0.32,0.093,0.227,-0.591,0.051,0.145,0.145,0.121,0.024,0.024,0.297,0.08,0.217,-0.198,0.022,0.365,-0.343,-0.857,-1.006,0.151,0.344,-0.429,-0.429,-0.797,-0.0,0.344,-0.165,0.509,0.344,-0.165,0.509,1.232,0.178,-0.822,0.025,-0.797,10276,5132,5144
202077,Jerel McNeal,2016,-0.267,-0.261,-0.266,0.005,-0.001,-0.171,-0.1,-0.071,-0.058,-0.037,-0.014,-0.023,0.166,0.133,0.036,-0.329,-0.395,-0.395,-0.43,-0.825,0.0,-0.329,-0.223,-0.106,-0.329,-0.223,-0.106,-0.598,-0.192,0.056,0.054,0.057,-0.003,-0.001,0.103,0.087,0.016,0.031,-0.077,-0.035,-0.042,-0.052,-0.065,0.015,0.089,-0.077,-0.077,0.093,0.016,0.0,0.089,0.033,0.056,0.089,0.033,0.056,0.107,0.057,-0.211,-0.207,-0.209,0.002,-0.002,-0.068,-0.013,-0.055,-0.027,-0.114,-0.049,-0.065,0.114,0.068,0.051,-0.24,-0.472,-0.472,-0.809,0.0,-0.24,-0.19,-0.05,-0.24,-0.19,-0.05,-0.491,-0.135,-0.825,0.016,-0.809,140,69,71
203526,Raul Neto,2016,0.435,0.434,0.435,-0.001,0.0,0.322,0.257,0.065,-0.669,0.782,-0.071,0.853,-0.31,-0.151,-0.161,-0.62,-0.907,-0.907,-0.495,-1.402,0.0,-0.62,-0.796,0.176,-0.62,-0.796,0.176,-0.225,0.074,-0.038,-0.035,-0.033,-0.002,-0.005,0.083,0.079,0.004,-0.621,0.505,0.042,0.463,0.329,0.361,-0.031,0.216,0.08,0.08,0.507,0.587,0.0,0.216,0.357,-0.141,0.216,0.357,-0.141,0.796,0.117,0.397,0.399,0.402,-0.003,-0.005,0.405,0.336,0.069,-1.29,1.287,-0.029,1.316,0.019,0.21,-0.192,-0.404,-0.827,-0.827,-0.815,0.0,-0.404,-0.439,0.035,-0.404,-0.439,0.035,0.571,0.191,-1.402,0.587,-0.815,5620,2810,2810
204066,John Holland,2016,-0.422,-0.423,-0.422,-0.001,0.0,-0.224,-0.081,-0.143,-0.064,-0.134,0.034,-0.168,-0.047,-0.041,-0.004,-0.031,-0.079,-0.079,-0.5,-0.579,0.0,-0.031,-0.024,-0.007,-0.031,-0.024,-0.007,-0.33,-0.115,-0.177,-0.179,-0.178,-0.001,0.001,-0.049,0.003,-0.052,-0.033,-0.096,-0.023,-0.073,-0.046,-0.04,-0.004,-0.028,0.011,0.011,-0.251,-0.24,0.0,-0.028,-0.028,-0.0,-0.028,-0.028,-0.0,-0.102,-0.019,-0.599,-0.602,-0.6,-0.002,0.001,-0.273,-0.078,-0.195,-0.097,-0.23,0.011,-0.241,-0.093,-0.081,-0.008,-0.059,-0.068,-0.068,-0.819,0.0,-0.059,-0.052,-0.007,-0.059,-0.052,-0.007,-0.432,-0.134,-0.579,-0.24,-0.819,5,2,3
203084,Harrison Barnes,2016,-1.546,-1.538,-1.54,0.002,-0.006,-1.5,-0.794,-0.706,0.576,-0.616,-0.045,-0.571,-0.564,-0.719,0.153,0.774,-0.05,-0.05,-1.336,-1.386,0.0,0.774,0.571,0.203,0.774,0.571,0.203,0.371,-0.774,1.037,1.047,1.052,-0.005,-0.015,0.192,0.29,-0.098,-0.127,0.987,0.186,0.801,0.243,0.328,-0.087,-0.114,-0.608,-0.608,1.166,0.558,0.0,-0.114,-0.293,0.179,-0.114,-0.293,0.179,-0.375,0.063,-0.509,-0.491,-0.488,-0.003,-0.021,-1.308,-0.504,-0.804,0.449,0.371,0.141,0.23,-0.321,-0.391,0.066,0.66,-0.658,-0.658,-0.828,0.0,0.66,0.278,0.382,0.66,0.278,0.382,-0.004,-0.711,-1.386,0.558,-0.828,23279,11635,11644
204037,Travis Wear,2016,-0.95,-0.946,-0.955,0.009,0.005,-0.36,-0.431,0.071,-0.453,-0.142,-0.147,0.005,0.073,0.089,-0.013,-0.14,-0.212,-0.212,-1.017,-1.229,-0.0,-0.14,0.01,-0.15,-0.14,0.01,-0.15,-1.58,-0.441,0.138,0.133,0.134,-0.001,0.004,0.525,-0.132,0.657,0.086,-0.477,-0.085,-0.392,-0.106,-0.103,-0.002,0.257,0.108,0.108,0.289,0.397,0.0,0.257,0.18,0.077,0.257,0.18,0.077,0.794,0.25,-0.812,-0.813,-0.821,0.008,0.009,0.165,-0.563,0.728,-0.367,-0.619,-0.232,-0.387,-0.033,-0.014,-0.015,0.117,-0.104,-0.104,-0.832,0.001,0.117,0.19,-0.073,0.117,0.19,-0.073,-0.786,-0.191,-1.229,0.397,-0.831,2530,1260,1270
204098,Xavier Munford,2016,-0.139,-0.145,-0.143,-0.002,0.004,0.054,0.025,0.029,-0.215,0.018,-0.155,0.173,-0.125,0.2,-0.32,-0.056,0.378,0.378,-0.32,0.058,0.0,-0.056,-0.141,0.085,-0.056,-0.141,0.085,-1.145,-0.074,-0.977,-0.984,-0.983,-0.001,0.006,-0.156,0.029,-0.185,0.02,-0.847,-0.176,-0.671,-0.223,-0.235,0.013,0.244,0.059,0.059,-0.956,-0.897,0.0,0.244,0.011,0.233,0.244,0.011,0.233,-0.427,0.125,-1.116,-1.128,-1.126,-0.002,0.01,-0.102,0.054,-0.156,-0.195,-0.829,-0.331,-0.498,-0.348,-0.035,-0.307,0.188,0.437,0.437,-0.839,0.0,0.188,-0.13,0.318,0.188,-0.13,0.318,-1.572,0.051,0.058,-0.897,-0.839,1273,640,633
101106,Andrew Bogut,2016,-0.822,-0.818,-0.818,0.0,-0.004,-0.353,-0.765,0.412,0.029,-0.494,0.111,-0.605,-1.543,-1.599,0.058,-1.219,-0.14,-0.14,-3.584,-3.724,-0.0,-1.219,-0.746,-0.473,-1.219,-0.746,-0.473,2.736,0.186,2.351,2.352,2.347,0.005,0.004,1.936,0.824,1.112,-0.298,0.709,0.148,0.561,0.528,0.452,0.075,-0.304,0.309,0.309,2.575,2.884,-0.0,-0.304,-0.009,-0.295,-0.304,-0.009,-0.295,0.106,0.674,1.529,1.534,1.529,0.005,0.0,1.583,0.059,1.524,-0.269,0.215,0.259,-0.044,-1.015,-1.147,0.133,-1.523,0.169,0.169,-0.84,-0.0,-1.523,-0.755,-0.768,-1.523,-0.755,-0.768,2.842,0.86,-3.724,2.884,-0.84,15506,7731,7775
203564,Kalin Lucas,2016,-0.555,-0.558,-0.553,-0.005,-0.002,-0.289,-0.088,-0.201,-0.123,-0.141,0.022,-0.163,-0.024,-0.012,-0.009,-0.025,0.039,0.039,-0.604,-0.565,0.0,-0.025,0.005,-0.03,-0.025,0.005,-0.03,-0.438,-0.149,-0.17,-0.172,-0.171,-0.001,0.001,-0.048,0.014,-0.062,-0.069,-0.054,-0.037,-0.017,-0.043,-0.031,-0.011,-0.053,-0.023,-0.023,-0.266,-0.289,0.0,-0.053,-0.036,-0.017,-0.053,-0.036,-0.017,-0.179,-0.002,-0.725,-0.73,-0.724,-0.006,-0.001,-0.337,-0.074,-0.263,-0.192,-0.195,-0.015,-0.18,-0.067,-0.043,-0.02,-0.078,0.016,0.016,-0.854,0.0,-0.078,-0.031,-0.047,-0.078,-0.031,-0.047,-0.617,-0.151,-0.565,-0.289,-0.854,22,10,12
201202,Joel Anthony,2016,-0.967,-0.975,-0.987,0.012,0.02,-0.377,-0.531,0.154,-0.665,0.055,0.172,-0.117,0.087,-0.121,0.21,0.404,-0.779,-0.779,-0.476,-1.255,0.0,0.404,0.046,0.358,0.404,0.046,0.358,-0.563,-0.244,1.157,1.159,1.162,-0.003,-0.005,0.586,0.068,0.518,0.514,0.062,-0.004,0.066,-0.133,-0.128,-0.004,-0.184,-0.447,-0.447,0.84,0.393,-0.0,-0.184,-0.01,-0.174,-0.184,-0.01,-0.174,0.779,0.089,0.19,0.184,0.175,0.009,0.015,0.209,-0.463,0.672,-0.151,0.117,0.168,-0.051,-0.046,-0.249,0.206,0.22,-1.226,-1.226,-0.862,-0.0,0.22,0.036,0.184,0.22,0.036,0.184,0.216,-0.155,-1.255,0.393,-0.862,1914,958,956
1626155,Sam Dekker,2016,-0.379,-0.379,-0.379,0.0,0.0,-0.04,-0.062,0.022,-0.153,-0.186,0.017,-0.203,-0.013,0.035,-0.044,-0.0,-0.103,-0.103,-0.392,-0.495,0.0,0.0,-0.03,0.03,0.0,-0.03,0.03,-0.543,-0.132,-0.297,-0.299,-0.297,-0.002,0.0,0.008,0.043,-0.035,-0.209,-0.096,-0.021,-0.075,-0.047,-0.047,0.001,-0.077,0.051,0.051,-0.421,-0.37,0.0,-0.077,-0.027,-0.05,-0.077,-0.027,-0.05,-0.115,0.027,-0.676,-0.678,-0.676,-0.002,-0.0,-0.032,-0.019,-0.013,-0.362,-0.282,-0.004,-0.278,-0.06,-0.012,-0.043,-0.077,-0.052,-0.052,-0.865,0.0,-0.077,-0.057,-0.02,-0.077,-0.057,-0.02,-0.658,-0.105,-0.495,-0.37,-0.865,30,15,15
203315,Toure' Murry,2016,-0.544,-0.546,-0.543,-0.003,-0.001,-0.086,-0.077,-0.009,-0.289,-0.168,-0.0,-0.168,0.023,0.001,0.025,-0.131,-0.103,-0.103,-0.652,-0.755,0.0,-0.131,-0.109,-0.022,-0.131,-0.109,-0.022,-0.718,-0.19,0.009,0.007,0.01,-0.003,-0.001,-0.037,0.028,-0.065,0.143,-0.096,-0.029,-0.067,-0.053,-0.034,-0.017,0.008,-0.09,-0.09,-0.036,-0.126,0.0,0.008,0.018,-0.01,0.008,0.018,-0.01,0.084,0.056,-0.535,-0.539,-0.533,-0.006,-0.002,-0.123,-0.049,-0.074,-0.146,-0.264,-0.029,-0.235,-0.03,-0.033,0.008,-0.123,-0.193,-0.193,-0.881,0.0,-0.123,-0.091,-0.032,-0.123,-0.091,-0.032,-0.634,-0.134,-0.755,-0.126,-0.881,73,37,36
203500,Steven Adams,2016,-3.089,-3.083,-3.073,-0.01,-0.016,-1.515,-0.369,-1.146,-0.842,-0.716,-0.186,-0.53,-0.987,-0.559,-0.43,-0.205,1.996,1.996,-4.281,-2.285,-0.0,-0.205,-0.204,-0.001,-0.205,-0.204,-0.001,-0.09,-0.677,0.167,0.171,0.165,0.006,0.002,0.373,0.175,0.198,-0.199,-0.009,-0.028,0.019,0.683,0.575,0.108,0.083,0.461,0.461,0.933,1.394,-0.0,0.083,0.262,-0.179,0.083,0.262,-0.179,-0.508,0.072,-2.922,-2.913,-2.908,-0.005,-0.014,-1.142,-0.194,-0.948,-1.041,-0.725,-0.214,-0.511,-0.304,0.016,-0.322,-0.122,2.457,2.457,-0.891,0.001,-0.122,0.058,-0.18,-0.122,0.058,-0.18,-0.598,-0.605,-2.285,1.394,-0.89,17016,8534,8482
2199,Tyson Chandler,2016,-0.586,-0.586,-0.569,-0.017,-0.017,-1.331,-0.315,-1.016,0.252,0.51,-0.216,0.726,-0.638,-0.458,-0.177,-1.359,0.69,0.69,-2.583,-1.893,0.0,-1.359,-1.163,-0.196,-1.359,-1.163,-0.196,-1.566,-0.245,-0.226,-0.224,-0.217,-0.007,-0.009,0.44,0.458,-0.018,0.178,-0.835,-0.163,-0.672,0.403,0.475,-0.073,-0.25,1.076,1.076,-0.073,1.003,-0.0,-0.25,-0.197,-0.053,-0.25,-0.197,-0.053,-1.112,0.204,-0.812,-0.81,-0.786,-0.024,-0.026,-0.891,0.143,-1.034,0.43,-0.325,-0.379,0.054,-0.235,0.017,-0.25,-1.609,1.766,1.766,-0.89,-0.001,-1.609,-1.36,-0.249,-1.609,-1.36,-0.249,-2.678,-0.041,-1.893,1.003,-0.891,16160,8084,8076
2548,Dwyane Wade,2016,0.193,0.183,0.182,0.001,0.011,0.622,0.011,0.611,0.432,-0.872,-0.7,-0.172,0.508,0.513,-0.005,-0.102,-0.514,-0.514,0.599,0.085,-0.0,-0.102,-0.129,0.027,-0.102,-0.129,0.027,-3.766,0.26,-0.652,-0.658,-0.657,-0.001,0.005,-0.229,-0.253,0.024,-0.349,-0.079,0.103,-0.182,0.062,0.156,-0.094,-0.33,-0.057,-0.057,-0.92,-0.977,0.0,-0.33,-0.106,-0.224,-0.33,-0.106,-0.224,0.055,-0.608,-0.459,-0.475,-0.475,0.0,0.016,0.393,-0.242,0.635,0.083,-0.951,-0.597,-0.354,0.57,0.669,-0.099,-0.432,-0.571,-0.571,-0.892,0.0,-0.432,-0.235,-0.197,-0.432,-0.235,-0.197,-3.711,-0.348,0.085,-0.977,-0.892,17995,9007,8988
203922,Glenn Robinson III,2016,-0.644,-0.643,-0.648,0.005,0.004,0.811,0.046,0.765,0.32,-1.779,-0.136,-1.643,-0.41,-0.019,-0.39,0.504,-0.042,-0.042,-0.55,-0.592,0.0,0.504,0.398,0.106,0.504,0.398,0.106,-1.625,0.276,-0.573,-0.575,-0.573,-0.002,0.0,-0.65,-0.204,-0.446,0.217,-0.14,-0.012,-0.128,0.134,0.133,0.004,0.049,0.088,0.088,-0.39,-0.302,-0.0,0.049,0.053,-0.004,0.049,0.053,-0.004,-0.517,-0.44,-1.217,-1.218,-1.221,0.003,0.004,0.161,-0.158,0.319,0.537,-1.919,-0.148,-1.771,-0.276,0.114,-0.386,0.553,0.046,0.046,-0.894,0.0,0.553,0.451,0.102,0.553,0.451,0.102,-2.142,-0.164,-0.592,-0.302,-0.894,3117,1556,1561
203143,Pablo Prigioni,2016,-0.759,-0.752,-0.746,-0.006,-0.013,-0.377,-0.306,-0.071,0.39,-0.759,0.342,-1.101,-0.456,-0.369,-0.089,0.098,0.049,0.049,-1.117,-1.068,0.0,0.098,-0.078,0.176,0.098,-0.078,0.176,0.469,-0.17,-0.413,-0.415,-0.415,-0.0,0.002,-0.29,-0.03,-0.26,-0.15,0.025,-0.088,0.113,0.079,-0.002,0.082,0.68,-0.172,-0.172,0.346,0.174,-0.0,0.68,0.213,0.467,0.68,0.213,0.467,0.648,-0.098,-1.172,-1.167,-1.161,-0.006,-0.011,-0.667,-0.336,-0.331,0.24,-0.734,0.254,-0.988,-0.377,-0.371,-0.007,0.778,-0.123,-0.123,-0.894,-0.001,0.778,0.135,0.643,0.778,0.135,0.643,1.117,-0.268,-1.068,0.174,-0.895,9131,4568,4563
1626251,Duje Dukan,2016,-0.495,-0.49,-0.487,-0.003,-0.008,-0.21,-0.115,-0.095,-0.176,-0.101,0.081,-0.182,-0.113,-0.091,-0.019,0.189,-0.192,-0.192,-0.419,-0.611,0.0,0.189,0.114,0.075,0.189,0.114,0.075,-0.492,-0.157,-0.105,-0.105,-0.105,0.0,0.0,-0.184,-0.014,-0.17,-0.011,0.09,-0.041,0.131,-0.004,0.02,-0.022,-0.078,-0.11,-0.11,-0.187,-0.297,0.0,-0.078,-0.049,-0.029,-0.078,-0.049,-0.029,-0.255,-0.091,-0.6,-0.596,-0.592,-0.004,-0.008,-0.394,-0.129,-0.265,-0.187,-0.011,0.04,-0.051,-0.117,-0.071,-0.041,0.111,-0.302,-0.302,-0.908,-0.0,0.111,0.065,0.046,0.111,0.065,0.046,-0.747,-0.248,-0.611,-0.297,-0.908,99,49,50
204033,David Wear,2016,-0.483,-0.491,-0.49,-0.001,0.007,-0.312,-0.108,-0.204,0.042,-0.22,0.034,-0.254,-0.079,-0.075,-0.002,-0.096,0.197,0.197,-0.658,-0.461,-0.0,-0.096,-0.13,0.034,-0.096,-0.13,0.034,-0.306,-0.161,-0.341,-0.344,-0.343,-0.001,0.002,-0.096,0.0,-0.096,-0.047,-0.2,-0.035,-0.165,-0.03,-0.044,0.015,-0.057,-0.021,-0.021,-0.428,-0.449,0.0,-0.057,-0.044,-0.013,-0.057,-0.044,-0.013,-0.149,-0.017,-0.824,-0.835,-0.833,-0.002,0.009,-0.408,-0.108,-0.3,-0.005,-0.42,-0.001,-0.419,-0.109,-0.119,0.013,-0.153,0.176,0.176,-0.91,-0.0,-0.153,-0.174,0.021,-0.153,-0.174,0.021,-0.455,-0.178,-0.461,-0.449,-0.91,27,13,14
1737,Nazr Mohammed,2016,-1.113,-1.117,-1.101,-0.016,-0.012,-0.441,-0.028,-0.413,-0.553,-0.107,-0.003,-0.104,-0.034,-0.097,0.065,-0.195,-0.004,-0.004,-1.342,-1.346,0.0,-0.195,-0.234,0.039,-0.195,-0.234,0.039,-1.898,-0.358,0.066,0.066,0.07,-0.004,-0.004,-0.121,0.099,-0.22,0.291,-0.1,0.021,-0.121,-0.085,-0.067,-0.016,-0.102,0.555,0.555,-0.121,0.434,-0.0,-0.102,0.022,-0.124,-0.102,0.022,-0.124,0.118,-0.014,-1.047,-1.051,-1.031,-0.02,-0.016,-0.562,0.071,-0.633,-0.262,-0.207,0.018,-0.225,-0.119,-0.164,0.049,-0.297,0.551,0.551,-0.912,0.0,-0.297,-0.212,-0.085,-0.297,-0.212,-0.085,-1.78,-0.372,-1.346,0.434,-0.912,667,332,335
203906,Devyn Marble,2016,-0.38,-0.374,-0.372,-0.002,-0.008,0.46,-0.0,0.46,-0.202,-0.63,0.211,-0.841,-0.334,0.059,-0.388,0.603,-1.209,-1.209,-0.111,-1.32,0.0,0.603,0.2,0.403,0.603,0.2,0.403,-0.33,0.129,0.23,0.23,0.233,-0.003,-0.003,-0.186,-0.027,-0.159,0.216,0.203,0.105,0.098,-0.02,-0.064,0.045,0.273,-0.08,-0.08,0.483,0.403,0.0,0.273,-0.125,0.398,0.273,-0.125,0.398,-0.333,-0.336,-0.15,-0.144,-0.139,-0.005,-0.011,0.274,-0.027,0.301,0.014,-0.427,0.316,-0.743,-0.354,-0.005,-0.343,0.876,-1.289,-1.289,-0.917,0.001,0.876,0.075,0.801,0.876,0.075,0.801,-0.663,-0.207,-1.32,0.403,-0.916,1882,940,942
101114,Deron Williams,2016,-0.635,-0.64,-0.626,-0.014,-0.009,-1.008,-0.375,-0.633,0.333,0.049,0.373,-0.324,0.128,-0.08,0.207,0.283,-0.642,-0.642,-0.224,-0.866,0.0,0.283,0.123,0.16,0.283,0.123,0.16,0.328,-0.411,0.093,0.097,0.091,0.006,0.002,-0.038,0.132,-0.17,0.358,-0.229,-0.158,-0.071,-0.088,-0.404,0.317,-0.115,0.057,0.057,-0.11,-0.053,0.0,-0.115,-0.202,0.087,-0.115,-0.202,0.087,-0.171,0.186,-0.542,-0.543,-0.535,-0.008,-0.007,-1.046,-0.243,-0.803,0.691,-0.18,0.215,-0.395,0.04,-0.484,0.524,0.168,-0.585,-0.585,-0.919,0.001,0.168,-0.079,0.247,0.168,-0.079,0.247,0.157,-0.225,-0.866,-0.053,-0.918,17284,8632,8652
203485,Lorenzo Brown,2016,0.159,0.157,0.162,-0.005,-0.003,-0.533,0.231,-0.764,-0.015,0.71,0.07,0.64,0.207,-0.017,0.226,-0.436,0.258,0.258,-0.07,0.188,0.0,-0.436,-0.151,-0.285,-0.436,-0.151,-0.285,0.127,-0.259,-1.185,-1.192,-1.189,-0.003,0.004,-0.069,0.143,-0.212,-0.003,-1.117,-0.169,-0.948,-0.112,-0.073,-0.037,0.156,0.033,0.033,-1.141,-1.108,0.0,0.156,0.205,-0.049,0.156,0.205,-0.049,-1.021,0.201,-1.026,-1.035,-1.027,-0.008,0.001,-0.602,0.374,-0.976,-0.018,-0.407,-0.099,-0.308,0.095,-0.09,0.189,-0.28,0.291,0.291,-0.92,0.0,-0.28,0.054,-0.334,-0.28,0.054,-0.334,-0.894,-0.058,0.188,-1.108,-0.92,2334,1165,1169
202389,Timofey Mozgov,2016,-1.08,-1.074,-1.074,0.0,-0.006,-0.336,-0.34,0.004,-0.588,-0.15,-0.166,0.016,-0.567,-0.657,0.092,-1.064,0.622,0.622,-2.711,-2.089,0.0,-1.064,-0.585,-0.479,-1.064,-0.585,-0.479,-1.025,0.112,1.224,1.22,1.217,0.003,0.007,1.324,0.69,0.634,-0.196,0.089,0.066,0.023,0.606,0.483,0.123,-1.068,0.393,0.393,0.762,1.155,0.0,-1.068,-0.254,-0.814,-1.068,-0.254,-0.814,-0.609,0.324,0.144,0.145,0.143,0.002,0.001,0.988,0.35,0.638,-0.784,-0.061,-0.1,0.039,0.039,-0.174,0.215,-2.132,1.015,1.015,-0.934,0.0,-2.132,-0.839,-1.293,-2.132,-0.839,-1.293,-1.634,0.436,-2.089,1.155,-0.934,15301,7657,7644
203552,Seth Curry,2016,0.78,0.785,0.781,0.004,-0.001,0.136,-0.185,0.321,-0.909,1.554,0.436,1.118,-0.14,-0.081,-0.058,-0.198,-0.238,-0.238,0.442,0.204,-0.0,-0.198,0.041,-0.239,-0.198,0.041,-0.239,1.589,-0.017,-0.726,-0.729,-0.726,-0.003,0.0,-0.143,0.169,-0.312,-0.072,-0.511,-0.06,-0.451,-0.088,-0.026,-0.06,0.037,-0.369,-0.369,-0.777,-1.146,0.0,0.037,-0.278,0.315,0.037,-0.278,0.315,-0.149,0.099,0.054,0.056,0.055,0.001,-0.001,-0.007,-0.016,0.009,-0.981,1.043,0.376,0.667,-0.228,-0.107,-0.118,-0.161,-0.607,-0.607,-0.942,0.0,-0.161,-0.237,0.076,-0.161,-0.237,0.076,1.44,0.082,0.204,-1.146,-0.942,2865,1432,1433
2030,Kenyon Martin,2016,-0.083,-0.085,-0.092,0.007,0.009,-0.317,-0.328,0.011,-0.05,0.275,0.004,0.271,-0.138,-0.135,-0.0,-0.222,-0.248,-0.248,-0.443,-0.691,0.0,-0.222,0.0,-0.222,-0.222,0.0,-0.222,-0.256,-0.217,0.083,0.082,0.084,-0.002,-0.001,0.088,0.0,0.088,0.064,-0.068,-0.072,0.004,-0.136,-0.143,0.008,-0.143,-0.068,-0.068,-0.196,-0.264,0.0,-0.143,-0.041,-0.102,-0.143,-0.041,-0.102,0.076,0.041,0.0,-0.003,-0.008,0.005,0.008,-0.229,-0.328,0.099,0.014,0.207,-0.068,0.275,-0.274,-0.278,0.008,-0.365,-0.316,-0.316,-0.955,0.0,-0.365,-0.041,-0.324,-0.365,-0.041,-0.324,-0.18,-0.176,-0.691,-0.264,-0.955,413,207,206
1626185,Jarell Martin,2016,-0.69,-0.694,-0.699,0.005,0.009,-0.494,-0.145,-0.349,-0.013,-0.192,-0.192,0.0,0.061,0.178,-0.115,-0.089,0.306,0.306,-0.718,-0.412,0.0,-0.089,-0.126,0.037,-0.089,-0.126,0.037,-1.341,-0.256,-0.476,-0.474,-0.473,-0.001,-0.003,0.285,0.04,0.245,-0.468,-0.29,-0.053,-0.237,-0.122,-0.162,0.042,-0.06,0.108,0.108,-0.658,-0.55,-0.0,-0.06,0.064,-0.124,-0.06,0.064,-0.124,-0.412,-0.064,-1.166,-1.168,-1.172,0.004,0.006,-0.209,-0.105,-0.104,-0.481,-0.482,-0.245,-0.237,-0.061,0.016,-0.073,-0.149,0.414,0.414,-0.962,0.0,-0.149,-0.062,-0.087,-0.149,-0.062,-0.087,-1.753,-0.32,-0.412,-0.55,-0.962,1643,822,821
203932,Aaron Gordon,2016,-1.293,-1.295,-1.303,0.008,0.01,0.388,0.365,0.023,-0.922,-0.769,-0.095,-0.674,-0.049,-0.02,-0.03,0.061,0.579,0.579,-1.281,-0.702,0.0,0.061,0.511,-0.45,0.061,0.511,-0.45,0.055,0.542,-0.337,-0.34,-0.34,0.0,0.003,-0.243,-0.373,0.13,0.53,-0.627,0.031,-0.658,-0.354,-0.267,-0.087,0.124,0.305,0.305,-0.567,-0.262,0.0,0.124,-0.145,0.269,0.124,-0.145,0.269,-0.54,-0.256,-1.63,-1.635,-1.643,0.008,0.013,0.145,-0.008,0.153,-0.392,-1.396,-0.064,-1.332,-0.403,-0.287,-0.117,0.185,0.884,0.884,-0.964,0.0,0.185,0.366,-0.181,0.185,0.366,-0.181,-0.485,0.286,-0.702,-0.262,-0.964,10541,5243,5298
200769,Shannon Brown,2016,0.347,0.348,0.333,0.015,0.014,-0.398,-0.152,-0.246,0.592,0.139,0.042,0.097,-0.161,-0.126,-0.032,-0.173,-0.319,-0.319,0.013,-0.306,0.0,-0.173,-0.164,-0.009,-0.173,-0.164,-0.009,-1.303,-0.432,-0.63,-0.634,-0.635,0.001,0.005,0.058,-0.086,0.144,-0.414,-0.279,-0.051,-0.228,-0.075,-0.046,-0.026,0.008,0.034,0.034,-0.697,-0.663,-0.0,0.008,-0.052,0.06,0.008,-0.052,0.06,-0.452,-0.032,-0.283,-0.286,-0.302,0.016,0.019,-0.34,-0.238,-0.102,0.178,-0.14,-0.009,-0.131,-0.236,-0.172,-0.058,-0.165,-0.285,-0.285,-0.969,0.0,-0.165,-0.216,0.051,-0.165,-0.216,0.051,-1.755,-0.464,-0.306,-0.663,-0.969,326,163,163
200751,Randy Foye,2016,-0.395,-0.39,-0.391,0.001,-0.004,0.048,-0.472,0.52,-0.548,0.109,0.657,-0.548,-0.273,-0.341,0.068,-0.35,-0.016,-0.016,-1.018,-1.034,0.0,-0.35,-0.641,0.291,-0.35,-0.641,0.291,-0.656,-0.665,-0.222,-0.222,-0.221,-0.001,-0.001,-0.4,-0.099,-0.301,0.469,-0.29,-0.034,-0.256,-0.236,-0.442,0.207,0.267,0.246,0.246,-0.191,0.055,-0.0,0.267,0.421,-0.154,0.267,0.421,-0.154,0.611,-0.015,-0.617,-0.613,-0.612,-0.001,-0.005,-0.352,-0.571,0.219,-0.079,-0.181,0.623,-0.804,-0.509,-0.783,0.275,-0.083,0.23,0.23,-0.979,-0.001,-0.083,-0.22,0.137,-0.083,-0.22,0.137,-0.045,-0.68,-1.034,0.055,-0.98,11535,5749,5786
201601,Luc Mbah a Moute,2016,-2.085,-2.084,-2.094,0.01,0.009,-1.392,-0.358,-1.034,-1.493,0.791,0.326,0.465,-0.437,0.048,-0.485,-0.155,-0.211,-0.211,-2.677,-2.888,-0.0,-0.155,-0.437,0.282,-0.155,-0.437,0.282,-0.016,-0.544,1.239,1.242,1.243,-0.001,-0.004,0.494,0.316,0.178,0.763,-0.014,-0.027,0.013,0.6,0.61,-0.011,-0.044,0.113,0.113,1.795,1.908,0.0,-0.044,0.02,-0.064,-0.044,0.02,-0.064,0.032,0.366,-0.846,-0.841,-0.851,0.01,0.005,-0.898,-0.042,-0.856,-0.73,0.777,0.299,0.478,0.163,0.658,-0.496,-0.199,-0.098,-0.098,-0.98,-0.0,-0.199,-0.417,0.218,-0.199,-0.417,0.218,0.016,-0.178,-2.888,1.908,-0.98,12747,6378,6369
201962,Toney Douglas,2016,-0.012,-0.011,-0.009,-0.002,-0.003,0.317,-0.09,0.407,-1.092,0.766,0.253,0.513,0.172,0.096,0.076,0.881,-0.476,-0.476,1.041,0.565,0.0,0.881,0.442,0.439,0.881,0.442,0.439,-0.009,-0.108,-1.253,-1.257,-1.259,0.002,0.006,-0.308,-0.061,-0.247,0.098,-1.049,-0.134,-0.915,-0.259,-0.176,-0.082,-0.117,0.084,0.084,-1.629,-1.545,0.0,-0.117,0.006,-0.123,-0.117,0.006,-0.123,-1.611,-0.204,-1.265,-1.269,-1.268,-0.001,0.003,0.009,-0.151,0.16,-0.994,-0.283,0.119,-0.402,-0.087,-0.08,-0.006,0.764,-0.392,-0.392,-0.98,0.0,0.764,0.448,0.316,0.764,0.448,0.316,-1.62,-0.312,0.565,-1.545,-0.98,5725,2857,2868
201147,Corey Brewer,2016,-0.931,-0.936,-0.943,0.007,0.012,0.723,0.774,-0.051,-0.844,-0.822,0.129,-0.951,0.141,0.733,-0.593,-0.183,0.185,0.185,-0.973,-0.788,0.0,-0.183,-0.189,0.006,-0.183,-0.189,0.006,-0.944,0.738,0.165,0.167,0.166,0.001,-0.001,-0.215,-0.229,0.014,0.574,-0.193,-0.164,-0.029,-0.354,-0.525,0.17,0.702,-0.712,-0.712,0.513,-0.199,-0.0,0.702,0.12,0.582,0.702,0.12,0.582,0.705,-0.219,-0.766,-0.769,-0.777,0.008,0.011,0.508,0.545,-0.037,-0.27,-1.015,-0.035,-0.98,-0.213,0.208,-0.423,0.519,-0.527,-0.527,-0.987,-0.001,0.519,-0.069,0.588,0.519,-0.069,0.588,-0.239,0.519,-0.788,-0.199,-0.988,17595,8804,8791
203512,Lucas Nogueira,2016,0.111,0.12,0.11,0.01,0.001,0.475,0.468,0.007,-0.555,0.19,-0.123,0.313,-0.217,-0.169,-0.048,0.557,-1.009,-1.009,0.451,-0.558,-0.0,0.557,0.216,0.341,0.557,0.216,0.341,-1.319,0.258,0.174,0.178,0.179,-0.001,-0.005,0.036,-0.134,0.17,0.328,-0.185,-0.02,-0.165,0.004,0.086,-0.08,-0.295,-0.314,-0.314,-0.117,-0.431,0.0,-0.295,-0.058,-0.237,-0.295,-0.058,-0.237,-0.165,-0.153,0.285,0.298,0.289,0.009,-0.004,0.511,0.334,0.177,-0.227,0.005,-0.143,0.148,-0.213,-0.083,-0.128,0.262,-1.323,-1.323,-0.989,-0.0,0.262,0.158,0.104,0.262,0.158,0.104,-1.484,0.105,-0.558,-0.431,-0.989,1089,547,542
202334,Ed Davis,2016,-0.57,-0.558,-0.552,-0.006,-0.018,-0.787,-0.294,-0.493,0.967,-0.732,-0.13,-0.602,-0.846,-0.385,-0.461,-0.27,2.146,2.146,-1.686,0.46,0.0,-0.27,0.041,-0.311,-0.27,0.041,-0.311,0.407,-0.184,-0.939,-0.931,-0.927,-0.004,-0.012,-0.039,-0.212,0.173,0.337,-1.225,-0.055,-1.17,0.008,0.062,-0.055,-0.14,-0.378,-0.378,-1.071,-1.449,-0.0,-0.14,-0.242,0.102,-0.14,-0.242,0.102,-0.936,-0.094,-1.509,-1.489,-1.479,-0.01,-0.03,-0.826,-0.506,-0.32,1.304,-1.957,-0.185,-1.772,-0.838,-0.323,-0.516,-0.41,1.768,1.768,-0.989,-0.001,-0.41,-0.201,-0.209,-0.41,-0.201,-0.209,-0.529,-0.278,0.46,-1.449,-0.99,14533,7257,7276
1626176,Rakeem Christmas,2016,-0.122,-0.122,-0.125,0.003,0.003,-0.021,-0.065,0.044,-0.157,0.053,0.034,0.019,-0.078,-0.07,-0.005,-0.107,-0.153,-0.153,-0.307,-0.46,-0.0,-0.107,-0.035,-0.072,-0.107,-0.035,-0.072,-0.058,-0.032,-0.409,-0.412,-0.411,-0.001,0.002,-0.084,0.006,-0.09,-0.097,-0.23,-0.035,-0.195,-0.041,-0.042,0.003,-0.058,-0.022,-0.022,-0.508,-0.53,0.0,-0.058,-0.02,-0.038,-0.058,-0.02,-0.038,-0.355,-0.024,-0.531,-0.534,-0.536,0.002,0.005,-0.105,-0.059,-0.046,-0.254,-0.177,-0.001,-0.176,-0.119,-0.112,-0.002,-0.165,-0.175,-0.175,-0.99,0.0,-0.165,-0.055,-0.11,-0.165,-0.055,-0.11,-0.413,-0.056,-0.46,-0.53,-0.99,25,13,12
1626266,JJ O'Brien,2016,-0.283,-0.284,-0.283,-0.001,0.0,-0.167,-0.078,-0.089,-0.152,0.036,0.028,0.008,-0.07,-0.066,-0.001,-0.193,-0.144,-0.144,-0.546,-0.69,0.0,-0.193,-0.031,-0.162,-0.193,-0.031,-0.162,-0.401,-0.123,-0.184,-0.187,-0.185,-0.002,0.001,-0.031,0.019,-0.05,-0.107,-0.047,-0.024,-0.023,-0.045,-0.063,0.019,-0.04,-0.034,-0.034,-0.269,-0.303,-0.0,-0.04,-0.022,-0.018,-0.04,-0.022,-0.018,-0.033,0.002,-0.467,-0.471,-0.468,-0.003,0.001,-0.198,-0.059,-0.139,-0.259,-0.011,0.004,-0.015,-0.115,-0.129,0.018,-0.233,-0.178,-0.178,-0.993,0.001,-0.233,-0.053,-0.18,-0.233,-0.053,-0.18,-0.434,-0.121,-0.69,-0.303,-0.992,27,14,13
1718,Paul Pierce,2016,-0.821,-0.813,-0.8,-0.013,-0.021,-0.728,-0.056,-0.672,0.162,-0.234,0.196,-0.43,-0.029,-0.073,0.045,0.179,-0.751,-0.751,-0.671,-1.422,0.0,0.179,0.141,0.038,0.179,0.141,0.038,0.103,-0.372,0.702,0.702,0.7,0.002,0.002,0.287,0.283,0.004,0.359,0.054,-0.147,0.201,0.012,0.339,-0.326,0.096,-0.385,-0.385,0.81,0.425,0.0,0.096,0.029,0.067,0.096,0.029,0.067,0.396,0.075,-0.119,-0.111,-0.1,-0.011,-0.019,-0.441,0.227,-0.668,0.521,-0.18,0.049,-0.229,-0.017,0.266,-0.281,0.275,-1.136,-1.136,-0.997,0.001,0.275,0.17,0.105,0.275,0.17,0.105,0.499,-0.297,-1.422,0.425,-0.996,13742,6896,6846
202498,Lance Thomas,2016,-0.922,-0.907,-0.909,0.002,-0.013,-0.698,-0.35,-0.348,0.418,-0.629,-0.32,-0.309,0.723,0.476,0.246,-0.237,-0.298,-0.298,-0.436,-0.734,0.0,-0.237,-0.27,0.033,-0.237,-0.27,0.033,-1.835,-0.732,0.104,0.101,0.105,-0.004,-0.001,-0.434,-0.749,0.315,-0.321,0.86,0.302,0.558,-0.259,-0.211,-0.048,-0.49,0.381,0.381,-0.645,-0.264,0.0,-0.49,-0.388,-0.102,-0.49,-0.388,-0.102,0.796,-0.535,-0.818,-0.806,-0.804,-0.002,-0.014,-1.132,-1.099,-0.033,0.097,0.231,-0.018,0.249,0.464,0.265,0.198,-0.727,0.083,0.083,-0.998,0.0,-0.727,-0.658,-0.069,-0.727,-0.658,-0.069,-1.039,-1.267,-0.734,-0.264,-0.998,10751,5366,5385
201991,Lester Hudson,2016,-0.392,-0.397,-0.393,-0.004,0.001,0.158,-0.208,0.366,-0.769,0.218,0.194,0.024,-0.227,-0.186,-0.039,-0.144,-0.077,-0.077,-0.763,-0.84,0.0,-0.144,-0.018,-0.126,-0.144,-0.018,-0.126,-0.467,-0.087,-0.357,-0.363,-0.361,-0.002,0.004,-0.084,0.072,-0.156,0.062,-0.339,-0.027,-0.312,-0.162,-0.176,0.016,0.177,0.183,0.183,-0.342,-0.159,0.0,0.177,0.114,0.063,0.177,0.114,0.063,0.123,0.067,-0.749,-0.761,-0.754,-0.007,0.005,0.074,-0.136,0.21,-0.707,-0.121,0.167,-0.288,-0.389,-0.362,-0.023,0.033,0.106,0.106,-0.999,0.0,0.033,0.096,-0.063,0.033,0.096,-0.063,-0.344,-0.02,-0.84,-0.159,-0.999,374,187,187
203950,Jarnell Stokes,2016,-0.821,-0.829,-0.825,-0.004,0.004,0.217,0.195,0.022,-0.184,-0.858,-0.094,-0.764,-0.257,0.043,-0.295,-0.544,0.234,0.234,-1.622,-1.388,0.0,-0.544,-0.241,-0.303,-0.544,-0.241,-0.303,-0.62,0.129,0.035,0.034,0.035,-0.001,-0.0,-0.167,-0.047,-0.12,0.138,0.064,0.017,0.047,-0.135,-0.216,0.081,0.106,0.384,0.384,0.006,0.39,0.0,0.106,0.024,0.082,0.106,0.024,0.082,0.808,-0.005,-0.786,-0.795,-0.79,-0.005,0.004,0.05,0.148,-0.098,-0.046,-0.794,-0.077,-0.717,-0.392,-0.173,-0.214,-0.438,0.618,0.618,-0.998,-0.001,-0.438,-0.217,-0.221,-0.438,-0.217,-0.221,0.188,0.124,-1.388,0.39,-0.999,598,299,299
204022,Jack Cooley,2016,-1.176,-1.183,-1.172,-0.011,-0.004,-0.03,-0.054,0.024,-0.411,-0.731,-0.004,-0.727,-0.057,0.14,-0.192,0.001,0.262,0.262,-1.232,-0.97,0.0,0.001,0.082,-0.081,0.001,0.082,-0.081,-1.04,-0.094,-0.353,-0.354,-0.351,-0.003,-0.002,-0.334,0.0,-0.334,0.126,-0.143,-0.014,-0.129,-0.051,-0.207,0.154,0.045,0.313,0.313,-0.359,-0.046,-0.0,0.045,0.107,-0.062,0.045,0.107,-0.062,0.032,-0.101,-1.529,-1.537,-1.523,-0.014,-0.006,-0.364,-0.054,-0.31,-0.285,-0.874,-0.018,-0.856,-0.108,-0.067,-0.038,0.046,0.575,0.575,-1.016,0.001,0.046,0.189,-0.143,0.046,0.189,-0.143,-1.008,-0.195,-0.97,-0.046,-1.015,373,187,186
203479,Jamaal Franklin,2016,-0.44,-0.445,-0.441,-0.004,0.001,-0.065,-0.052,-0.013,-0.26,-0.116,0.035,-0.151,-0.08,-0.075,-0.002,-0.135,0.042,0.042,-0.655,-0.613,0.0,-0.135,-0.082,-0.053,-0.135,-0.082,-0.053,-0.157,-0.014,-0.269,-0.272,-0.272,0.0,0.003,-0.071,-0.018,-0.053,-0.022,-0.179,-0.018,-0.161,-0.112,-0.152,0.041,-0.093,0.06,0.06,-0.474,-0.414,0.0,-0.093,-0.073,-0.02,-0.093,-0.073,-0.02,-0.025,0.001,-0.709,-0.717,-0.713,-0.004,0.004,-0.136,-0.07,-0.066,-0.282,-0.295,0.017,-0.312,-0.192,-0.227,0.039,-0.228,0.102,0.102,-1.027,0.0,-0.228,-0.155,-0.073,-0.228,-0.155,-0.073,-0.182,-0.013,-0.613,-0.414,-1.027,62,32,30
203133,Robbie Hummel,2016,-1.471,-1.474,-1.476,0.002,0.005,-0.284,-0.33,0.046,-0.742,-0.45,0.015,-0.465,0.443,0.235,0.209,0.347,1.098,1.098,-0.681,0.417,-0.0,0.347,0.495,-0.148,0.347,0.495,-0.148,0.185,-0.022,-1.062,-1.063,-1.062,-0.001,0.0,-0.184,0.002,-0.186,-0.127,-0.751,-0.068,-0.683,-0.179,-0.317,0.137,-0.14,-0.075,-0.075,-1.381,-1.456,0.0,-0.14,-0.135,-0.005,-0.14,-0.135,-0.005,0.181,0.248,-2.533,-2.537,-2.538,0.001,0.005,-0.468,-0.328,-0.14,-0.869,-1.201,-0.053,-1.148,0.264,-0.082,0.346,0.207,1.023,1.023,-1.039,0.001,0.207,0.36,-0.153,0.207,0.36,-0.153,0.366,0.226,0.417,-1.456,-1.038,2883,1428,1455
203090,Maurice Harkless,2016,-0.429,-0.422,-0.413,-0.009,-0.016,0.917,0.374,0.543,-0.62,-0.71,0.128,-0.838,-0.231,0.173,-0.406,-0.996,0.455,0.455,-1.656,-1.201,0.0,-0.996,-0.83,-0.166,-0.996,-0.83,-0.166,-1.03,0.499,0.305,0.303,0.302,0.001,0.003,0.099,0.25,-0.151,0.463,-0.26,-0.056,-0.204,0.09,0.018,0.074,0.169,-0.417,-0.417,0.564,0.147,-0.0,0.169,0.087,0.082,0.169,0.087,0.082,-0.038,0.232,-0.124,-0.119,-0.111,-0.008,-0.013,1.016,0.624,0.392,-0.157,-0.97,0.072,-1.042,-0.141,0.191,-0.332,-0.827,0.038,0.038,-1.054,0.0,-0.827,-0.743,-0.084,-0.827,-0.743,-0.084,-1.068,0.731,-1.201,0.147,-1.054,9563,4766,4797
1626174,Christian Wood,2016,-0.532,-0.525,-0.516,-0.009,-0.016,-0.032,-0.048,0.016,-0.778,0.294,0.094,0.2,-0.208,-0.011,-0.194,0.334,-0.382,-0.382,-0.406,-0.788,0.0,0.334,0.14,0.194,0.334,0.14,0.194,-0.813,-0.242,0.08,0.083,0.086,-0.003,-0.006,-0.049,0.083,-0.132,0.117,0.018,-0.006,0.024,0.066,-0.016,0.081,-0.099,-0.323,-0.323,0.047,-0.276,0.0,-0.099,-0.096,-0.003,-0.099,-0.096,-0.003,-0.137,0.045,-0.452,-0.442,-0.43,-0.012,-0.022,-0.081,0.035,-0.116,-0.661,0.312,0.088,0.224,-0.142,-0.027,-0.113,0.235,-0.705,-0.705,-1.064,0.0,0.235,0.044,0.191,0.235,0.044,0.191,-0.95,-0.197,-0.788,-0.276,-1.064,609,299,310
1626175,Jordan Mickey,2016,-1.184,-1.196,-1.194,-0.002,0.01,-0.52,-0.181,-0.339,-0.397,-0.277,0.002,-0.279,-0.143,-0.064,-0.075,-0.057,0.327,0.327,-1.384,-1.057,0.0,-0.057,-0.076,0.019,-0.057,-0.076,0.019,-0.341,-0.169,-0.181,-0.18,-0.182,0.002,0.001,-0.121,-0.12,-0.001,-0.13,0.069,0.011,0.058,0.008,0.003,0.007,-0.064,0.229,0.229,-0.237,-0.008,-0.0,-0.064,-0.051,-0.013,-0.064,-0.051,-0.013,-0.011,-0.042,-1.365,-1.377,-1.376,-0.001,0.011,-0.641,-0.301,-0.34,-0.527,-0.208,0.013,-0.221,-0.135,-0.061,-0.068,-0.121,0.556,0.556,-1.065,0.0,-0.121,-0.127,0.006,-0.121,-0.127,0.006,-0.352,-0.211,-1.057,-0.008,-1.065,267,137,130
202353,Tibor Pleiss,2016,-0.27,-0.274,-0.275,0.001,0.005,-0.613,-0.164,-0.449,0.067,0.271,0.001,0.27,-0.1,-0.16,0.062,-0.331,-0.064,-0.064,-0.701,-0.765,0.0,-0.331,-0.27,-0.061,-0.331,-0.27,-0.061,-0.099,-0.219,-0.407,-0.407,-0.405,-0.002,-0.002,-0.104,0.04,-0.144,-0.114,-0.187,-0.1,-0.087,0.008,-0.057,0.065,0.002,0.071,0.071,-0.397,-0.326,-0.0,0.002,-0.057,0.059,0.002,-0.057,0.059,-0.015,0.02,-0.677,-0.681,-0.68,-0.001,0.003,-0.717,-0.124,-0.593,-0.047,0.084,-0.099,0.183,-0.092,-0.217,0.127,-0.329,0.007,0.007,-1.091,0.0,-0.329,-0.327,-0.002,-0.329,-0.327,-0.002,-0.114,-0.199,-0.765,-0.326,-1.091,310,158,152
1626172,Kevon Looney,2016,-0.416,-0.422,-0.426,0.004,0.01,-0.304,-0.208,-0.096,0.038,-0.16,0.064,-0.224,-0.001,0.035,-0.032,-0.059,0.041,0.041,-0.476,-0.435,0.0,-0.059,-0.07,0.011,-0.059,-0.07,0.011,-0.427,-0.189,-0.412,-0.415,-0.413,-0.002,0.001,-0.057,0.01,-0.067,-0.068,-0.288,-0.039,-0.249,-0.034,-0.018,-0.014,-0.122,-0.091,-0.091,-0.568,-0.659,-0.0,-0.122,-0.065,-0.057,-0.122,-0.065,-0.057,-0.078,0.0,-0.828,-0.837,-0.839,0.002,0.011,-0.361,-0.198,-0.163,-0.03,-0.448,0.025,-0.473,-0.035,0.017,-0.046,-0.181,-0.05,-0.05,-1.094,-0.001,-0.181,-0.135,-0.046,-0.181,-0.135,-0.046,-0.505,-0.189,-0.435,-0.659,-1.095,76,38,38
203486,Mason Plumlee,2016,2.459,2.458,2.469,-0.011,-0.01,0.127,0.213,-0.086,0.714,1.628,-0.038,1.666,-0.686,0.17,-0.856,-0.706,-0.846,-0.846,1.067,0.221,-0.0,-0.706,-0.641,-0.065,-0.706,-0.641,-0.065,2.321,0.771,-1.174,-1.172,-1.178,0.006,0.004,-0.025,-0.053,0.028,-0.973,-0.18,0.024,-0.204,0.401,0.208,0.193,-0.242,-0.319,-0.319,-1.015,-1.334,-0.0,-0.242,-0.059,-0.183,-0.242,-0.059,-0.183,-2.42,-0.182,1.285,1.285,1.291,-0.006,-0.006,0.102,0.16,-0.058,-0.259,1.448,-0.014,1.462,-0.285,0.378,-0.663,-0.948,-1.165,-1.165,-1.113,-0.0,-0.948,-0.7,-0.248,-0.948,-0.7,-0.248,-0.099,0.589,0.221,-1.334,-1.113,16264,8127,8137
203958,Andre Dawkins,2016,-0.398,-0.394,-0.389,-0.005,-0.009,-0.165,0.013,-0.178,-0.045,-0.179,0.047,-0.226,-0.123,-0.099,-0.021,-0.134,-0.225,-0.225,-0.655,-0.88,0.0,-0.134,-0.082,-0.052,-0.134,-0.082,-0.052,-0.207,0.055,0.066,0.066,0.067,-0.001,-0.001,0.029,0.021,0.008,0.107,-0.069,-0.033,-0.036,-0.025,-0.039,0.014,-0.12,-0.158,-0.158,-0.079,-0.237,0.0,-0.12,-0.068,-0.052,-0.12,-0.068,-0.052,-0.08,-0.055,-0.332,-0.328,-0.322,-0.006,-0.01,-0.136,0.034,-0.17,0.062,-0.248,0.014,-0.262,-0.148,-0.138,-0.007,-0.254,-0.383,-0.383,-1.117,0.0,-0.254,-0.15,-0.104,-0.254,-0.15,-0.104,-0.287,0.0,-0.88,-0.237,-1.117,83,41,42
201604,Chris Douglas-Roberts,2016,-0.483,-0.487,-0.482,-0.005,-0.001,-0.49,-0.205,-0.285,-0.29,0.298,0.113,0.185,-0.0,-0.082,0.084,-0.155,0.106,0.106,-0.638,-0.532,0.0,-0.155,-0.071,-0.084,-0.155,-0.071,-0.084,-0.117,-0.096,-0.752,-0.758,-0.759,0.001,0.007,-0.455,-0.1,-0.355,-0.144,-0.16,0.0,-0.16,-0.138,-0.165,0.028,0.053,0.239,0.239,-0.837,-0.598,0.0,0.053,0.051,0.002,0.053,0.051,0.002,-0.304,-0.167,-1.235,-1.245,-1.241,-0.004,0.006,-0.945,-0.305,-0.64,-0.434,0.138,0.113,0.025,-0.138,-0.247,0.112,-0.102,0.345,0.345,-1.13,0.001,-0.102,-0.02,-0.082,-0.102,-0.02,-0.082,-0.421,-0.263,-0.532,-0.598,-1.129,393,195,198
203945,Alex Kirk,2016,-0.314,-0.314,-0.32,0.006,0.006,-0.049,-0.096,0.047,-0.036,-0.235,-0.024,-0.211,-0.048,-0.055,0.009,-0.158,-0.225,-0.225,-0.52,-0.745,0.0,-0.158,-0.053,-0.105,-0.158,-0.053,-0.105,-0.632,-0.104,-0.388,-0.391,-0.388,-0.003,0.0,-0.069,0.024,-0.093,0.028,-0.347,-0.053,-0.294,-0.041,-0.05,0.011,-0.06,0.104,0.104,-0.489,-0.385,0.0,-0.06,-0.015,-0.045,-0.06,-0.015,-0.045,-0.261,-0.013,-0.702,-0.705,-0.708,0.003,0.006,-0.118,-0.072,-0.046,-0.008,-0.582,-0.077,-0.505,-0.089,-0.105,0.02,-0.218,-0.121,-0.121,-1.13,0.0,-0.218,-0.068,-0.15,-0.218,-0.068,-0.15,-0.893,-0.117,-0.745,-0.385,-1.13,56,27,29
1882,Elton Brand,2016,-0.668,-0.667,-0.662,-0.005,-0.006,-1.568,-1.2,-0.368,-0.223,1.129,0.303,0.826,0.012,0.049,-0.034,0.474,-1.607,-1.607,-0.182,-1.789,0.0,0.474,0.285,0.189,0.474,0.285,0.189,0.585,-1.338,0.253,0.255,0.257,-0.002,-0.004,0.526,0.354,0.172,-0.264,-0.005,-0.138,0.133,0.157,0.177,-0.02,0.482,-0.24,-0.24,0.892,0.652,0.0,0.482,0.367,0.115,0.482,0.367,0.115,0.043,0.525,-0.415,-0.412,-0.405,-0.007,-0.01,-1.042,-0.846,-0.196,-0.487,1.124,0.165,0.959,0.169,0.226,-0.054,0.956,-1.847,-1.847,-1.137,0.0,0.956,0.652,0.304,0.956,0.652,0.304,0.628,-0.813,-1.789,0.652,-1.137,2784,1390,1394
203957,Dante Exum,2016,-0.893,-0.888,-0.886,-0.002,-0.007,0.374,-0.095,0.469,-1.444,0.184,0.301,-0.117,-0.709,-0.709,0.003,-0.84,0.991,0.991,-2.442,-1.451,-0.0,-0.84,-0.687,-0.153,-0.84,-0.687,-0.153,2.547,0.576,0.122,0.119,0.122,-0.003,0.0,0.356,0.163,0.193,-0.097,-0.137,0.052,-0.189,0.004,-0.036,0.039,-0.158,0.336,0.336,-0.032,0.304,-0.0,-0.158,-0.255,0.097,-0.158,-0.255,0.097,0.499,0.109,-0.771,-0.769,-0.764,-0.005,-0.007,0.73,0.068,0.662,-1.541,0.047,0.353,-0.306,-0.705,-0.745,0.042,-0.998,1.327,1.327,-1.147,0.001,-0.998,-0.942,-0.056,-0.998,-0.942,-0.056,3.046,0.685,-1.451,0.304,-1.146,6594,3293,3301
201611,Henry Walker,2016,-0.26,-0.26,-0.268,0.008,0.008,0.276,-0.158,0.434,-0.646,0.102,0.561,-0.459,-0.151,0.008,-0.156,-0.349,-0.474,-0.474,-0.76,-1.234,0.0,-0.349,-0.39,0.041,-0.349,-0.39,0.041,-0.837,-0.315,-0.157,-0.16,-0.158,-0.002,0.001,-0.176,0.038,-0.214,-0.072,0.09,-0.159,0.249,-0.132,-0.108,-0.022,0.048,0.315,0.315,-0.241,0.074,0.0,0.048,0.081,-0.033,0.048,0.081,-0.033,-0.39,-0.372,-0.417,-0.419,-0.426,0.007,0.009,0.1,-0.12,0.22,-0.718,0.192,0.402,-0.21,-0.283,-0.1,-0.178,-0.301,-0.159,-0.159,-1.16,0.0,-0.301,-0.309,0.008,-0.301,-0.309,0.008,-1.227,-0.687,-1.234,0.074,-1.16,2422,1216,1206
203930,Sean Kilpatrick,2016,0.401,0.403,0.407,-0.004,-0.006,0.58,0.754,-0.174,-0.882,0.709,0.201,0.508,0.169,-0.034,0.202,0.309,0.731,0.731,0.879,1.61,0.0,0.309,0.063,0.246,0.309,0.063,0.246,0.96,0.568,-2.283,-2.291,-2.294,0.003,0.011,-1.014,-0.478,-0.536,-0.233,-1.047,-0.092,-0.955,-0.237,-0.142,-0.094,0.11,-0.365,-0.365,-2.41,-2.775,0.0,0.11,0.27,-0.16,0.11,0.27,-0.16,-2.392,-0.832,-1.882,-1.888,-1.887,-0.001,0.005,-0.434,0.276,-0.71,-1.115,-0.338,0.109,-0.447,-0.068,-0.176,0.108,0.419,0.366,0.366,-1.165,-0.001,0.419,0.333,0.086,0.419,0.333,0.086,-1.432,-0.264,1.61,-2.775,-1.166,2749,1382,1367
202699,Tobias Harris,2016,-0.495,-0.497,-0.506,0.009,0.011,-0.353,0.057,-0.41,-0.2,0.047,-0.211,0.258,0.372,0.157,0.214,-0.306,-0.571,-0.571,-0.429,-1.0,0.0,-0.306,-0.028,-0.278,-0.306,-0.028,-0.278,-1.19,-0.426,0.496,0.493,0.494,-0.001,0.002,0.364,0.201,0.163,0.173,-0.043,-0.14,0.097,0.096,0.214,-0.118,-0.637,-0.131,-0.131,-0.045,-0.176,0.0,-0.637,-0.105,-0.532,-0.637,-0.105,-0.532,-0.698,0.233,0.001,-0.004,-0.012,0.008,0.013,0.011,0.258,-0.247,-0.027,0.004,-0.351,0.355,0.468,0.371,0.096,-0.943,-0.702,-0.702,-1.176,0.0,-0.943,-0.133,-0.81,-0.943,-0.133,-0.81,-1.888,-0.193,-1.0,-0.176,-1.176,19328,9672,9656
2045,Hedo Turkoglu,2016,0.868,0.862,0.858,0.004,0.01,-0.409,-0.717,0.308,-0.103,1.37,0.541,0.829,-0.401,-0.422,0.024,0.103,-0.924,-0.924,0.57,-0.354,0.0,0.103,-0.006,0.109,0.103,-0.006,0.109,1.736,-0.758,-0.842,-0.842,-0.841,-0.001,-0.001,0.022,0.132,-0.11,-0.13,-0.733,-0.213,-0.52,0.119,0.053,0.066,-0.062,-0.042,-0.042,-0.785,-0.827,0.0,-0.062,-0.032,-0.03,-0.062,-0.032,-0.03,-0.537,0.229,0.026,0.021,0.017,0.004,0.009,-0.387,-0.585,0.198,-0.233,0.637,0.328,0.309,-0.282,-0.369,0.09,0.041,-0.966,-0.966,-1.181,0.0,0.041,-0.038,0.079,0.041,-0.038,0.079,1.199,-0.529,-0.354,-0.827,-1.181,2951,1476,1475
1897,Metta World Peace,2016,-2.689,-2.682,-2.665,-0.017,-0.024,-1.0,0.014,-1.014,-0.729,-0.936,0.018,-0.954,-0.27,-0.023,-0.245,0.569,0.766,0.766,-2.39,-1.624,0.0,0.569,0.144,0.425,0.569,0.144,0.425,-0.73,-0.047,0.675,0.673,0.676,-0.003,-0.001,0.178,0.209,-0.031,0.337,0.161,-0.169,0.33,-0.139,-0.161,0.024,-0.22,0.125,0.125,0.316,0.441,-0.0,-0.22,-0.205,-0.015,-0.22,-0.205,-0.015,0.661,0.195,-2.014,-2.009,-1.989,-0.02,-0.025,-0.822,0.223,-1.045,-0.392,-0.775,-0.151,-0.624,-0.409,-0.184,-0.221,0.349,0.891,0.891,-1.183,0.0,0.349,-0.061,0.41,0.349,-0.061,0.41,-0.069,0.148,-1.624,0.441,-1.183,2246,1112,1134
203921,Cleanthony Early,2016,-0.656,-0.657,-0.666,0.009,0.01,-1.096,-0.377,-0.719,0.28,0.15,0.254,-0.104,0.074,-0.116,0.192,-0.516,-0.716,-0.716,-1.098,-1.814,0.0,-0.516,-0.611,0.095,-0.516,-0.611,0.095,-0.781,-0.555,0.366,0.362,0.364,-0.002,0.002,0.124,0.09,0.034,0.103,0.137,-0.145,0.282,-0.141,-0.089,-0.05,0.044,0.352,0.352,0.269,0.621,0.0,0.044,-0.171,0.215,0.044,-0.171,0.215,0.09,0.005,-0.29,-0.295,-0.302,0.007,0.012,-0.972,-0.287,-0.685,0.383,0.287,0.109,0.178,-0.067,-0.205,0.142,-0.472,-0.364,-0.364,-1.193,0.0,-0.472,-0.782,0.31,-0.472,-0.782,0.31,-0.691,-0.55,-1.814,0.621,-1.193,3064,1530,1534
2501,Reggie Evans,2016,-1.395,-1.4,-1.399,-0.001,0.004,0.012,-0.34,0.352,-1.106,-0.305,-0.266,-0.039,0.088,0.342,-0.25,-0.307,0.931,0.931,-1.614,-0.683,-0.0,-0.307,-0.261,-0.046,-0.307,-0.261,-0.046,-2.335,-0.044,-0.134,-0.133,-0.13,-0.003,-0.004,-0.759,0.196,-0.955,-0.317,0.946,-0.018,0.964,-0.002,0.043,-0.044,-0.433,0.058,0.058,-0.569,-0.511,-0.0,-0.433,-0.338,-0.095,-0.433,-0.338,-0.095,-0.741,-0.389,-1.529,-1.533,-1.529,-0.004,0.0,-0.747,-0.144,-0.603,-1.423,0.641,-0.284,0.925,0.086,0.385,-0.294,-0.74,0.989,0.989,-1.194,-0.0,-0.74,-0.599,-0.141,-0.74,-0.599,-0.141,-3.076,-0.433,-0.683,-0.511,-1.194,2875,1454,1421
2555,Nick Collison,2016,-1.035,-1.041,-1.043,0.002,0.008,-0.703,-0.57,-0.133,0.225,-0.565,-0.126,-0.439,-0.448,-0.358,-0.09,-0.393,-0.359,-0.359,-1.876,-2.235,0.0,-0.393,0.057,-0.45,-0.393,0.057,-0.45,-2.31,-0.598,0.563,0.562,0.563,-0.001,-0.0,0.437,0.637,-0.2,0.483,-0.357,-0.33,-0.027,0.103,0.086,0.018,0.234,0.137,0.137,0.9,1.037,0.0,0.234,-0.249,0.483,0.234,-0.249,0.483,0.358,0.501,-0.472,-0.479,-0.48,0.001,0.008,-0.266,0.067,-0.333,0.708,-0.922,-0.456,-0.466,-0.345,-0.272,-0.072,-0.159,-0.222,-0.222,-1.198,0.0,-0.159,-0.192,0.033,-0.159,-0.192,0.033,-1.952,-0.097,-2.235,1.037,-1.198,7316,3655,3661
203501,Tim Hardaway Jr.,2016,0.173,0.181,0.177,0.004,-0.004,0.19,0.02,0.17,-0.332,0.319,0.289,0.03,0.084,-0.202,0.287,0.097,-0.445,-0.445,0.354,-0.091,0.0,0.097,-0.017,0.114,0.097,-0.017,0.114,2.068,0.16,0.141,0.135,0.137,-0.002,0.004,0.416,0.145,0.271,-0.016,-0.263,-0.082,-0.181,-0.219,-0.287,0.069,-0.973,-0.067,-0.067,-1.051,-1.118,-0.0,-0.973,-0.655,-0.318,-0.973,-0.655,-0.318,-0.185,0.314,0.314,0.316,0.314,0.002,0.0,0.606,0.165,0.441,-0.348,0.056,0.207,-0.151,-0.135,-0.489,0.356,-0.876,-0.512,-0.512,-1.209,-0.0,-0.876,-0.672,-0.204,-0.876,-0.672,-0.204,1.883,0.474,-0.091,-1.118,-1.209,10140,5076,5064
203086,Meyers Leonard,2016,0.691,0.685,0.69,-0.005,0.001,-1.002,-0.45,-0.552,0.763,0.929,0.688,0.241,-0.214,-0.57,0.357,-0.4,-1.044,-1.044,0.077,-0.967,0.0,-0.4,-0.194,-0.206,-0.4,-0.194,-0.206,0.658,-0.853,0.583,0.584,0.588,-0.004,-0.005,1.014,0.658,0.356,-0.05,-0.376,-0.284,-0.092,-0.27,-0.23,-0.04,-0.986,0.427,0.427,-0.673,-0.246,0.0,-0.986,-0.782,-0.204,-0.986,-0.782,-0.204,0.813,0.703,1.274,1.269,1.278,-0.009,-0.004,0.012,0.208,-0.196,0.713,0.553,0.404,0.149,-0.484,-0.8,0.317,-1.386,-0.617,-0.617,-1.213,0.001,-1.386,-0.976,-0.41,-1.386,-0.976,-0.41,1.471,-0.15,-0.967,-0.246,-1.212,8951,4488,4463
201577,Robin Lopez,2016,-1.05,-1.047,-1.049,0.002,-0.001,-0.422,-0.822,0.4,-0.086,-0.541,-0.391,-0.15,-0.688,-0.914,0.225,-0.796,0.396,0.396,-2.534,-2.138,0.0,-0.796,-0.165,-0.631,-0.796,-0.165,-0.631,-1.489,-0.503,1.033,1.028,1.03,-0.002,0.003,0.638,0.27,0.368,0.325,0.067,0.231,-0.164,0.854,1.047,-0.194,-1.136,0.135,0.135,0.751,0.886,-0.0,-1.136,-0.514,-0.622,-1.136,-0.514,-0.622,-1.033,-0.271,-0.017,-0.019,-0.019,-0.0,0.002,0.216,-0.552,0.768,0.239,-0.474,-0.16,-0.314,0.166,0.133,0.031,-1.932,0.531,0.531,-1.252,-0.0,-1.932,-0.679,-1.253,-1.932,-0.679,-1.253,-2.522,-0.774,-2.138,0.886,-1.252,15232,7588,7644
203515,Phil Pressey,2016,0.134,0.138,0.144,-0.006,-0.01,0.63,0.274,0.356,-0.875,0.389,0.258,0.131,-0.46,0.029,-0.486,0.083,-0.881,-0.881,-0.243,-1.124,0.0,0.083,0.082,0.001,0.083,0.082,0.001,0.131,0.284,0.064,0.055,0.056,-0.001,0.008,-0.106,-0.166,0.06,0.473,-0.311,0.04,-0.351,-0.096,-0.057,-0.038,0.198,-0.297,-0.297,0.166,-0.131,-0.0,0.198,0.045,0.153,0.198,0.045,0.153,-0.74,-0.243,0.198,0.193,0.2,-0.007,-0.002,0.524,0.108,0.416,-0.402,0.078,0.298,-0.22,-0.556,-0.028,-0.524,0.281,-1.178,-1.178,-1.255,-0.001,0.281,0.127,0.154,0.281,0.127,0.154,-0.609,0.041,-1.124,-0.131,-1.256,3566,1773,1793
202779,Dwight Buycks,2016,-0.179,-0.177,-0.17,-0.007,-0.009,-0.134,0.074,-0.208,0.031,-0.067,0.027,-0.094,0.272,0.251,0.024,-0.319,-0.326,-0.326,-0.226,-0.552,0.0,-0.319,-0.21,-0.109,-0.319,-0.21,-0.109,-0.982,-0.063,-0.693,-0.695,-0.695,0.0,0.002,-0.344,-0.192,-0.152,-0.104,-0.247,-0.008,-0.239,0.001,0.029,-0.027,-0.247,0.229,0.229,-0.939,-0.71,0.0,-0.247,-0.091,-0.156,-0.247,-0.091,-0.156,-0.418,-0.218,-0.872,-0.871,-0.865,-0.006,-0.007,-0.478,-0.118,-0.36,-0.073,-0.314,0.019,-0.333,0.273,0.28,-0.003,-0.566,-0.097,-0.097,-1.262,-0.001,-0.566,-0.301,-0.265,-0.566,-0.301,-0.265,-1.4,-0.281,-0.552,-0.71,-1.263,471,235,236
1626146,Cliff Alexander,2016,-0.587,-0.579,-0.579,0.0,-0.008,-0.209,-0.059,-0.15,0.078,-0.448,-0.056,-0.392,-0.05,-0.017,-0.029,-0.021,-0.393,-0.393,-0.658,-1.051,0.0,-0.021,0.048,-0.069,-0.021,0.048,-0.069,-0.698,-0.146,-0.199,-0.2,-0.199,-0.001,0.0,0.045,0.021,0.024,-0.088,-0.156,-0.049,-0.107,-0.03,0.001,-0.028,0.066,-0.061,-0.061,-0.163,-0.224,0.0,0.066,0.029,0.037,0.066,0.029,0.037,-0.338,-0.026,-0.786,-0.779,-0.778,-0.001,-0.008,-0.164,-0.038,-0.126,-0.01,-0.604,-0.105,-0.499,-0.08,-0.016,-0.057,0.045,-0.454,-0.454,-1.275,0.0,0.045,0.077,-0.032,0.045,0.077,-0.032,-1.036,-0.172,-1.051,-0.224,-1.275,144,73,71
203094,Andrew Nicholson,2016,-0.552,-0.564,-0.558,-0.006,0.006,-1.072,-0.864,-0.208,0.212,0.302,0.04,0.262,-0.545,-0.687,0.142,-0.529,-0.872,-0.872,-1.626,-2.498,-0.0,-0.529,-0.193,-0.336,-0.529,-0.193,-0.336,-1.389,-1.313,1.643,1.641,1.642,-0.001,0.001,0.309,0.11,0.199,0.991,0.342,-0.181,0.523,-0.131,-0.084,-0.045,-0.191,-0.113,-0.113,1.321,1.208,0.0,-0.191,-0.01,-0.181,-0.191,-0.01,-0.181,0.101,-0.037,1.091,1.077,1.084,-0.007,0.007,-0.763,-0.754,-0.009,1.203,0.644,-0.141,0.785,-0.676,-0.771,0.097,-0.72,-0.985,-0.985,-1.29,-0.0,-0.72,-0.203,-0.517,-0.72,-0.203,-0.517,-1.288,-1.35,-2.498,1.208,-1.29,5095,2541,2554
203144,Alexey Shved,2016,-2.158,-2.16,-2.161,0.001,0.003,-0.525,0.484,-1.009,-1.126,-0.51,0.163,-0.673,0.404,0.287,0.119,0.833,0.617,0.617,-0.921,-0.304,0.0,0.833,0.34,0.493,0.833,0.34,0.493,-1.377,-0.087,-0.727,-0.728,-0.725,-0.003,-0.002,0.282,-0.046,0.328,0.229,-1.236,0.005,-1.241,-0.143,-0.019,-0.123,-0.288,0.164,0.164,-1.158,-0.994,-0.0,-0.288,-0.088,-0.2,-0.288,-0.088,-0.2,-0.823,-0.037,-2.885,-2.888,-2.886,-0.002,0.001,-0.243,0.438,-0.681,-0.897,-1.746,0.168,-1.914,0.261,0.268,-0.004,0.545,0.781,0.781,-1.298,-0.001,0.545,0.252,0.293,0.545,0.252,0.293,-2.2,-0.124,-0.304,-0.994,-1.299,3016,1510,1506
1626183,Branden Dawson,2016,-0.195,-0.197,-0.201,0.004,0.006,-0.26,-0.148,-0.112,-0.017,0.076,-0.001,0.077,-0.117,-0.145,0.03,-0.259,-0.19,-0.19,-0.571,-0.761,-0.0,-0.259,-0.28,0.021,-0.259,-0.28,0.021,-0.658,-0.237,-0.293,-0.295,-0.295,0.0,0.002,-0.125,-0.075,-0.05,-0.135,-0.035,-0.018,-0.017,-0.024,-0.036,0.013,-0.178,-0.045,-0.045,-0.495,-0.54,0.0,-0.178,-0.089,-0.089,-0.178,-0.089,-0.089,-0.422,-0.122,-0.488,-0.491,-0.496,0.005,0.008,-0.385,-0.223,-0.162,-0.152,0.041,-0.019,0.06,-0.141,-0.181,0.043,-0.437,-0.235,-0.235,-1.301,0.0,-0.437,-0.369,-0.068,-0.437,-0.369,-0.068,-1.08,-0.359,-0.761,-0.54,-1.301,111,57,54
1890,Shawn Marion,2016,-0.581,-0.579,-0.575,-0.004,-0.006,0.176,0.172,0.004,0.723,-1.474,-0.44,-1.034,0.063,0.181,-0.113,-0.654,0.459,0.459,-1.172,-0.713,0.0,-0.654,-0.557,-0.097,-0.654,-0.557,-0.097,-1.035,0.58,-0.73,-0.733,-0.733,0.0,0.003,-0.423,0.018,-0.441,-0.061,-0.249,-0.072,-0.177,0.331,0.179,0.151,0.082,-0.275,-0.275,-0.317,-0.592,0.0,0.082,0.064,0.018,0.082,0.064,0.018,-1.532,-0.396,-1.311,-1.312,-1.308,-0.004,-0.003,-0.247,0.19,-0.437,0.662,-1.723,-0.512,-1.211,0.394,0.36,0.038,-0.572,0.184,0.184,-1.305,0.0,-0.572,-0.493,-0.079,-0.572,-0.493,-0.079,-2.567,0.184,-0.713,-0.592,-1.305,4264,2128,2136
203108,Bernard James,2016,-0.863,-0.874,-0.865,-0.009,0.002,-0.77,-0.196,-0.574,0.175,-0.27,0.072,-0.342,-0.19,-0.286,0.097,-0.6,0.264,0.264,-1.653,-1.389,0.0,-0.6,-0.314,-0.286,-0.6,-0.314,-0.286,-1.731,-0.5,-0.007,-0.006,-0.003,-0.003,-0.004,0.214,0.003,0.211,0.191,-0.408,-0.09,-0.318,0.0,-0.082,0.082,-0.045,0.13,0.13,-0.052,0.078,-0.0,-0.045,-0.005,-0.04,-0.045,-0.005,-0.04,-0.069,0.144,-0.87,-0.879,-0.868,-0.011,-0.002,-0.556,-0.193,-0.363,0.366,-0.678,-0.018,-0.66,-0.19,-0.368,0.179,-0.645,0.394,0.394,-1.311,0.0,-0.645,-0.319,-0.326,-0.645,-0.319,-0.326,-1.8,-0.356,-1.389,0.078,-1.311,627,314,313
2581,Steve Blake,2016,-0.82,-0.817,-0.822,0.005,0.002,-0.673,-0.662,-0.011,-0.464,0.315,0.375,-0.06,-0.338,-0.247,-0.091,-0.128,0.457,0.457,-1.286,-0.829,0.0,-0.128,-0.442,0.314,-0.128,-0.442,0.314,2.684,-0.071,0.97,0.956,0.958,-0.002,0.012,0.36,0.475,-0.115,0.02,0.578,0.15,0.428,0.056,0.219,-0.162,-0.566,-0.946,-0.946,0.46,-0.486,-0.0,-0.566,-0.611,0.045,-0.566,-0.611,0.045,0.852,0.438,0.15,0.139,0.136,0.003,0.014,-0.313,-0.187,-0.126,-0.444,0.893,0.525,0.368,-0.282,-0.028,-0.253,-0.694,-0.489,-0.489,-1.315,0.0,-0.694,-1.053,0.359,-0.694,-1.053,0.359,3.536,0.367,-0.829,-0.486,-1.315,10063,5024,5039
200811,Lou Amundson,2016,-0.294,-0.292,-0.298,0.006,0.004,-0.865,-0.201,-0.664,1.071,-0.504,-0.163,-0.341,-1.174,-0.517,-0.656,-0.282,-0.983,-0.983,-1.75,-2.733,0.0,-0.282,-0.328,0.046,-0.282,-0.328,0.046,-0.182,-0.555,1.275,1.277,1.282,-0.005,-0.007,0.664,0.136,0.528,0.228,0.39,0.035,0.355,-0.106,-0.141,0.036,0.285,-0.042,-0.042,1.454,1.412,0.0,0.285,0.235,0.05,0.285,0.235,0.05,0.661,0.014,0.981,0.985,0.984,0.001,-0.003,-0.201,-0.065,-0.136,1.299,-0.114,-0.128,0.014,-1.28,-0.658,-0.62,0.003,-1.025,-1.025,-1.321,0.0,0.003,-0.093,0.096,0.003,-0.093,0.096,0.479,-0.541,-2.733,1.412,-1.321,4354,2168,2186
201585,Kosta Koufos,2016,-3.367,-3.367,-3.377,0.01,0.01,-2.264,-0.935,-1.329,-0.499,-0.614,-0.305,-0.309,-1.199,-0.917,-0.279,0.088,2.166,2.166,-4.478,-2.312,0.0,0.088,-0.199,0.287,0.088,-0.199,0.287,-1.268,-1.077,0.701,0.702,0.703,-0.001,-0.002,1.129,0.411,0.718,-0.242,-0.184,0.023,-0.207,0.252,0.286,-0.034,-0.17,0.207,0.207,0.783,0.99,0.0,-0.17,0.199,-0.369,-0.17,0.199,-0.369,0.117,0.336,-2.666,-2.665,-2.674,0.009,0.008,-1.135,-0.524,-0.611,-0.741,-0.798,-0.282,-0.516,-0.947,-0.631,-0.313,-0.082,2.373,2.373,-1.322,0.0,-0.082,0.0,-0.082,-0.082,0.0,-0.082,-1.151,-0.741,-2.312,0.99,-1.322,11587,5775,5812
203111,Orlando Johnson,2016,-1.081,-1.084,-1.074,-0.01,-0.007,-0.486,-0.166,-0.32,-0.129,-0.459,0.038,-0.497,-0.005,-0.082,0.078,0.1,0.093,0.093,-0.986,-0.893,-0.0,0.1,0.109,-0.009,0.1,0.109,-0.009,-1.044,-0.22,-0.57,-0.575,-0.574,-0.001,0.004,-0.052,0.01,-0.062,-0.22,-0.302,0.001,-0.303,-0.08,-0.042,-0.036,-0.075,0.277,0.277,-0.725,-0.448,-0.0,-0.075,-0.057,-0.018,-0.075,-0.057,-0.018,-0.027,0.008,-1.651,-1.659,-1.648,-0.011,-0.003,-0.538,-0.156,-0.382,-0.349,-0.761,0.039,-0.8,-0.085,-0.124,0.042,0.025,0.37,0.37,-1.341,-0.001,0.025,0.052,-0.027,0.025,0.052,-0.027,-1.071,-0.212,-0.893,-0.448,-1.342,411,205,206
203121,Darius Miller,2016,-0.444,-0.436,-0.437,0.001,-0.007,-0.093,-0.152,0.059,-0.359,0.015,0.005,0.01,-0.098,-0.031,-0.063,-0.281,-0.397,-0.397,-0.823,-1.22,0.0,-0.281,-0.086,-0.195,-0.281,-0.086,-0.195,-0.552,-0.169,-0.222,-0.228,-0.226,-0.002,0.004,-0.115,0.039,-0.154,0.066,-0.177,-0.014,-0.163,-0.103,-0.092,-0.009,0.084,0.116,0.116,-0.241,-0.125,-0.0,0.084,-0.001,0.085,0.084,-0.001,0.085,-0.003,0.015,-0.666,-0.664,-0.663,-0.001,-0.003,-0.208,-0.113,-0.095,-0.293,-0.162,-0.009,-0.153,-0.201,-0.123,-0.072,-0.197,-0.281,-0.281,-1.345,0.0,-0.197,-0.087,-0.11,-0.197,-0.087,-0.11,-0.555,-0.154,-1.22,-0.125,-1.345,174,85,89
203565,Patrick Christopher,2016,-0.268,-0.26,-0.264,0.004,-0.004,-0.211,-0.093,-0.118,0.156,-0.209,-0.027,-0.182,-0.13,-0.145,0.017,-0.215,-0.444,-0.444,-0.613,-1.057,0.0,-0.215,-0.08,-0.135,-0.215,-0.08,-0.135,-0.536,-0.255,-0.346,-0.347,-0.346,-0.001,0.0,-0.014,0.057,-0.071,-0.018,-0.314,-0.05,-0.264,-0.026,-0.034,0.009,-0.061,0.129,0.129,-0.433,-0.304,0.0,-0.061,-0.001,-0.06,-0.061,-0.001,-0.06,-0.381,0.003,-0.614,-0.607,-0.61,0.003,-0.004,-0.225,-0.036,-0.189,0.138,-0.523,-0.077,-0.446,-0.156,-0.179,0.026,-0.276,-0.315,-0.315,-1.361,0.0,-0.276,-0.081,-0.195,-0.276,-0.081,-0.195,-0.917,-0.252,-1.057,-0.304,-1.361,111,54,57
202341,James Anderson,2016,-0.445,-0.441,-0.444,0.003,-0.001,0.079,0.287,-0.208,-0.305,-0.218,-0.058,-0.16,-0.253,-0.337,0.083,-0.243,0.032,0.032,-0.941,-0.909,-0.0,-0.243,-0.24,-0.003,-0.243,-0.24,-0.003,-0.35,0.179,0.754,0.751,0.753,-0.002,0.001,0.078,0.228,-0.15,0.613,0.062,-0.047,0.109,-0.105,-0.008,-0.095,-0.013,-1.096,-1.096,0.636,-0.46,0.0,-0.013,0.141,-0.154,-0.013,0.141,-0.154,-0.83,-0.066,0.309,0.31,0.309,0.001,0.0,0.157,0.515,-0.358,0.308,-0.156,-0.105,-0.051,-0.358,-0.345,-0.012,-0.256,-1.064,-1.064,-1.369,0.0,-0.256,-0.099,-0.157,-0.256,-0.099,-0.157,-1.18,0.113,-0.909,-0.46,-1.369,2992,1489,1503
1627293,Alex Stepheson,2016,-1.199,-1.201,-1.18,-0.021,-0.019,-0.66,-0.054,-0.606,-0.674,0.154,-0.097,0.251,-0.152,0.038,-0.184,-0.022,0.154,0.154,-1.373,-1.219,0.0,-0.022,-0.128,0.106,-0.022,-0.128,0.106,-1.011,-0.472,-0.111,-0.11,-0.111,0.001,0.0,0.107,0.035,0.072,-0.154,-0.064,-0.029,-0.035,-0.028,-0.1,0.071,-0.103,0.091,0.091,-0.242,-0.151,0.0,-0.103,-0.062,-0.041,-0.103,-0.062,-0.041,0.03,0.021,-1.31,-1.311,-1.291,-0.02,-0.019,-0.553,-0.019,-0.534,-0.828,0.09,-0.126,0.216,-0.18,-0.062,-0.113,-0.125,0.245,0.245,-1.37,0.0,-0.125,-0.19,0.065,-0.125,-0.19,0.065,-0.981,-0.451,-1.219,-0.151,-1.37,286,143,143
202327,Ekpe Udoh,2016,-0.698,-0.698,-0.693,-0.005,-0.005,0.038,-0.244,0.282,-1.475,0.744,0.107,0.637,-0.087,-0.074,-0.011,-0.216,-0.408,-0.408,-1.001,-1.409,-0.0,-0.216,0.002,-0.218,-0.216,0.002,-0.218,0.52,0.017,0.009,0.007,0.01,-0.003,-0.001,-0.136,0.029,-0.165,0.128,0.018,-0.028,0.046,-0.143,-0.254,0.11,0.108,0.049,0.049,-0.026,0.023,-0.0,0.108,0.011,0.097,0.108,0.011,0.097,0.551,0.084,-0.689,-0.69,-0.683,-0.007,-0.006,-0.098,-0.215,0.117,-1.347,0.762,0.079,0.683,-0.23,-0.328,0.099,-0.108,-0.359,-0.359,-1.386,-0.0,-0.108,0.013,-0.121,-0.108,0.013,-0.121,1.071,0.101,-1.409,0.023,-1.386,579,292,287
202700,Donatas Motiejunas,2016,-0.959,-0.962,-0.953,-0.009,-0.006,-1.51,-0.535,-0.975,1.025,-0.468,0.342,-0.81,-0.914,-1.033,0.121,-1.228,0.115,0.115,-3.101,-2.986,-0.0,-1.228,-1.143,-0.085,-1.228,-1.143,-0.085,1.612,-0.463,0.765,0.768,0.767,0.001,-0.002,-0.409,-0.224,-0.185,1.012,0.164,-0.063,0.227,0.471,0.605,-0.136,0.43,-0.068,-0.068,1.666,1.598,0.0,0.43,0.054,0.376,0.43,0.054,0.376,0.308,-0.27,-0.194,-0.194,-0.186,-0.008,-0.008,-1.919,-0.759,-1.16,2.037,-0.304,0.279,-0.583,-0.443,-0.428,-0.015,-0.798,0.047,0.047,-1.388,0.0,-0.798,-1.089,0.291,-0.798,-1.089,0.291,1.92,-0.733,-2.986,1.598,-1.388,10629,5325,5304
1626151,Aaron Harrison,2016,0.19,0.198,0.196,0.002,-0.006,-0.315,-0.052,-0.263,0.049,0.462,-0.047,0.509,-0.218,0.145,-0.357,-0.319,-0.793,-0.793,-0.347,-1.14,0.0,-0.319,-0.134,-0.185,-0.319,-0.134,-0.185,-0.442,-0.194,-0.376,-0.379,-0.379,0.0,0.003,-0.319,-0.107,-0.212,0.115,-0.175,-0.06,-0.115,-0.138,-0.091,-0.045,-0.028,0.272,0.272,-0.542,-0.27,0.0,-0.028,-0.081,0.053,-0.028,-0.081,0.053,0.138,-0.015,-0.186,-0.182,-0.183,0.001,-0.003,-0.634,-0.159,-0.475,0.164,0.287,-0.107,0.394,-0.356,0.054,-0.402,-0.347,-0.521,-0.521,-1.41,0.0,-0.347,-0.215,-0.132,-0.347,-0.215,-0.132,-0.304,-0.209,-1.14,-0.27,-1.41,436,217,219
202720,Jon Leuer,2016,-0.458,-0.464,-0.462,-0.002,0.004,0.507,-0.14,0.647,-0.579,-0.39,-0.259,-0.131,-0.537,-0.329,-0.208,-0.222,-0.692,-0.692,-1.217,-1.909,0.0,-0.222,-0.274,0.052,-0.222,-0.274,0.052,0.167,0.244,-0.085,-0.082,-0.08,-0.002,-0.005,0.341,-0.035,0.376,-0.358,-0.063,0.003,-0.066,-0.063,-0.091,0.029,0.716,-0.072,-0.072,0.568,0.496,0.0,0.716,0.543,0.173,0.716,0.543,0.173,1.349,0.111,-0.543,-0.546,-0.542,-0.004,-0.001,0.848,-0.175,1.023,-0.937,-0.453,-0.256,-0.197,-0.6,-0.42,-0.179,0.494,-0.764,-0.764,-1.413,0.0,0.494,0.269,0.225,0.494,0.269,0.225,1.516,0.355,-1.909,0.496,-1.413,8405,4210,4195
203894,Shabazz Napier,2016,-1.711,-1.697,-1.708,0.011,-0.003,-2.23,-0.647,-1.583,0.442,0.08,0.665,-0.585,-0.345,-0.147,-0.197,-0.302,0.987,0.987,-2.358,-1.371,0.0,-0.302,0.229,-0.531,-0.302,0.229,-0.531,-0.78,-1.126,-0.179,-0.185,-0.182,-0.003,0.003,-0.518,-0.179,-0.339,1.02,-0.684,-0.019,-0.665,-0.226,-0.183,-0.043,0.105,0.235,0.235,-0.3,-0.065,0.0,0.105,-0.119,0.224,0.105,-0.119,0.224,-0.304,-0.471,-1.89,-1.882,-1.89,0.008,-0.0,-2.748,-0.826,-1.922,1.462,-0.604,0.646,-1.25,-0.571,-0.33,-0.24,-0.197,1.222,1.222,-1.436,0.0,-0.197,0.11,-0.307,-0.197,0.11,-0.307,-1.084,-1.597,-1.371,-0.065,-1.436,6073,3029,3044
203956,Mitch McGary,2016,-0.282,-0.288,-0.305,0.017,0.023,0.443,0.396,0.047,0.309,-1.057,-0.168,-0.889,-0.276,-0.248,-0.028,0.179,-0.427,-0.427,-0.379,-0.806,0.0,0.179,0.298,-0.119,0.179,0.298,-0.119,-0.754,0.507,-0.763,-0.763,-0.761,-0.002,-0.002,-0.558,-0.113,-0.445,-0.352,0.149,-0.171,0.32,-0.153,-0.279,0.126,-0.256,0.534,0.534,-1.172,-0.638,0.0,-0.256,-0.088,-0.168,-0.256,-0.088,-0.168,-0.075,-0.096,-1.045,-1.051,-1.066,0.015,0.021,-0.115,0.283,-0.398,-0.043,-0.908,-0.339,-0.569,-0.429,-0.527,0.098,-0.077,0.107,0.107,-1.444,0.0,-0.077,0.21,-0.287,-0.077,0.21,-0.287,-0.829,0.411,-0.806,-0.638,-1.444,2288,1142,1146
203495,Ricky Ledo,2016,-1.055,-1.064,-1.054,-0.01,-0.001,-0.335,-0.04,-0.295,-0.356,-0.363,0.126,-0.489,0.122,0.235,-0.108,-0.22,0.294,0.294,-1.153,-0.859,0.0,-0.22,-0.025,-0.195,-0.22,-0.025,-0.195,-1.033,-0.276,-0.283,-0.289,-0.292,0.003,0.009,-0.113,-0.049,-0.064,-0.234,0.055,0.038,0.017,-0.158,-0.059,-0.097,-0.151,-0.005,-0.005,-0.592,-0.597,0.0,-0.151,-0.14,-0.011,-0.151,-0.14,-0.011,-0.357,-0.128,-1.338,-1.353,-1.346,-0.007,0.008,-0.448,-0.089,-0.359,-0.59,-0.308,0.164,-0.472,-0.036,0.176,-0.205,-0.371,0.289,0.289,-1.456,0.0,-0.371,-0.165,-0.206,-0.371,-0.165,-0.206,-1.39,-0.404,-0.859,-0.597,-1.456,941,468,473
2446,Rasual Butler,2016,-1.557,-1.558,-1.56,0.002,0.003,-0.776,-0.508,-0.268,-0.337,-0.447,-0.358,-0.089,-0.192,-0.051,-0.139,0.285,0.129,0.129,-1.464,-1.335,0.0,0.285,0.31,-0.025,0.285,0.31,-0.025,-0.952,-0.668,1.458,1.454,1.455,-0.001,0.003,0.113,-0.278,0.391,0.317,1.025,0.133,0.892,-0.284,-0.268,-0.016,-1.379,0.08,0.08,-0.205,-0.125,0.0,-1.379,-0.524,-0.855,-1.379,-0.524,-0.855,2.891,0.16,-0.099,-0.104,-0.105,0.001,0.006,-0.663,-0.786,0.123,-0.02,0.578,-0.225,0.803,-0.476,-0.319,-0.155,-1.094,0.209,0.209,-1.46,0.0,-1.094,-0.214,-0.88,-1.094,-0.214,-0.88,1.939,-0.508,-1.335,-0.125,-1.46,7510,3765,3745
1905,Andrei Kirilenko,2016,-0.306,-0.314,-0.317,0.003,0.011,-0.072,-0.022,-0.05,0.098,-0.343,-0.016,-0.327,-0.125,-0.134,0.011,-0.39,0.013,0.013,-0.821,-0.808,-0.0,-0.39,-0.162,-0.228,-0.39,-0.162,-0.228,-0.731,-0.033,-0.272,-0.274,-0.272,-0.002,0.0,0.014,-0.004,0.018,-0.052,-0.234,-0.013,-0.221,-0.065,-0.052,-0.012,-0.097,-0.226,-0.226,-0.434,-0.66,0.0,-0.097,-0.062,-0.035,-0.097,-0.062,-0.035,-0.353,0.033,-0.578,-0.588,-0.589,0.001,0.011,-0.058,-0.026,-0.032,0.046,-0.577,-0.029,-0.548,-0.19,-0.186,-0.001,-0.487,-0.213,-0.213,-1.468,0.001,-0.487,-0.224,-0.263,-0.487,-0.224,-0.263,-1.084,0.0,-0.808,-0.66,-1.467,139,70,69
203955,Bryce Cotton,2016,-1.032,-1.031,-1.029,-0.002,-0.003,-0.055,-0.244,0.189,-0.549,-0.425,-0.089,-0.336,0.21,0.447,-0.232,0.076,-0.049,-0.049,-0.746,-0.795,0.0,0.076,-0.176,0.252,0.076,-0.176,0.252,-1.337,-0.197,-0.801,-0.807,-0.808,0.001,0.007,-0.382,-0.05,-0.332,-0.448,0.022,-0.006,0.028,-0.087,-0.159,0.073,0.061,0.143,0.143,-0.827,-0.684,-0.0,0.061,0.104,-0.043,0.061,0.104,-0.043,-0.298,-0.086,-1.833,-1.839,-1.837,-0.002,0.004,-0.437,-0.294,-0.143,-0.997,-0.403,-0.095,-0.308,0.123,0.288,-0.159,0.137,0.094,0.094,-1.479,-0.001,0.137,-0.072,0.209,0.137,-0.072,0.209,-1.635,-0.283,-0.795,-0.684,-1.48,811,406,405
1626163,Frank Kaminsky,2016,-2.151,-2.159,-2.154,-0.005,0.003,-1.145,0.037,-1.182,-1.077,0.068,0.111,-0.043,0.232,0.232,-0.004,0.093,0.349,0.349,-1.826,-1.477,-0.0,0.093,0.421,-0.328,0.093,0.421,-0.328,-1.019,-0.569,0.388,0.385,0.387,-0.002,0.001,0.364,0.136,0.228,0.055,-0.032,-0.067,0.035,-0.157,-0.146,-0.008,-0.343,0.105,0.105,-0.112,-0.007,0.0,-0.343,-0.054,-0.289,-0.343,-0.054,-0.289,-0.476,0.107,-1.763,-1.775,-1.767,-0.008,0.004,-0.781,0.173,-0.954,-1.022,0.036,0.044,-0.008,0.075,0.086,-0.012,-0.25,0.454,0.454,-1.484,0.0,-0.25,0.367,-0.617,-0.25,0.367,-0.617,-1.495,-0.462,-1.477,-0.007,-1.484,7408,3695,3713
201942,DeMar DeRozan,2016,-1.167,-1.178,-1.162,-0.016,-0.005,-0.136,-0.389,0.253,-0.535,-0.491,-0.746,0.255,1.295,0.806,0.488,0.513,-0.795,-0.795,0.641,-0.154,0.0,0.513,0.671,-0.158,0.513,0.671,-0.158,-4.683,-0.641,-1.085,-1.085,-1.089,0.004,0.004,-0.566,-0.157,-0.409,-0.194,-0.329,-0.068,-0.261,-0.471,-0.397,-0.075,-0.382,0.605,0.605,-1.938,-1.333,0.0,-0.382,0.018,-0.4,-0.382,0.018,-0.4,0.368,-0.052,-2.252,-2.263,-2.251,-0.012,-0.001,-0.702,-0.546,-0.156,-0.729,-0.82,-0.814,-0.006,0.824,0.409,0.413,0.131,-0.19,-0.19,-1.487,0.0,0.131,0.689,-0.558,0.131,0.689,-0.558,-4.315,-0.693,-0.154,-1.333,-1.487,22157,11100,11057
204079,Drew Gordon,2016,-0.52,-0.515,-0.511,-0.004,-0.009,-0.012,0.022,-0.034,-0.361,-0.138,0.031,-0.169,-0.062,-0.07,0.01,-0.072,-0.335,-0.335,-0.654,-0.989,0.0,-0.072,-0.1,0.028,-0.072,-0.1,0.028,-0.822,-0.096,-0.469,-0.473,-0.471,-0.002,0.002,-0.198,0.017,-0.215,-0.175,-0.098,-0.005,-0.093,-0.18,-0.113,-0.064,-0.108,0.252,0.252,-0.757,-0.505,0.0,-0.108,0.026,-0.134,-0.108,0.026,-0.134,-0.386,-0.098,-0.989,-0.989,-0.982,-0.007,-0.007,-0.21,0.039,-0.249,-0.536,-0.236,0.026,-0.262,-0.242,-0.183,-0.054,-0.18,-0.083,-0.083,-1.494,0.001,-0.18,-0.074,-0.106,-0.18,-0.074,-0.106,-1.208,-0.194,-0.989,-0.505,-1.493,300,151,149
203489,Nate Wolters,2016,-0.67,-0.663,-0.662,-0.001,-0.008,0.347,0.203,0.144,-0.232,-0.777,-0.245,-0.532,-0.171,-0.115,-0.053,-0.04,-0.507,-0.507,-0.881,-1.388,0.0,-0.04,0.237,-0.277,-0.04,0.237,-0.277,-0.978,0.278,0.282,0.28,0.283,-0.003,-0.001,0.06,0.015,0.045,0.231,-0.008,-0.019,0.011,-0.109,-0.069,-0.039,-0.157,-0.123,-0.123,0.016,-0.107,0.0,-0.157,-0.05,-0.107,-0.157,-0.05,-0.107,-0.155,-0.023,-0.388,-0.383,-0.379,-0.004,-0.009,0.407,0.218,0.189,-0.001,-0.785,-0.264,-0.521,-0.28,-0.184,-0.092,-0.197,-0.63,-0.63,-1.495,0.001,-0.197,0.187,-0.384,-0.197,0.187,-0.384,-1.133,0.255,-1.388,-0.107,-1.494,931,465,466
204054,Zoran Dragic,2016,-0.876,-0.874,-0.869,-0.005,-0.007,-0.021,-0.125,0.104,-0.458,-0.39,0.128,-0.518,-0.118,-0.147,0.03,0.038,-0.123,-0.123,-0.956,-1.079,0.0,0.038,0.008,0.03,0.038,0.008,0.03,-0.67,-0.099,-0.341,-0.342,-0.34,-0.002,-0.001,-0.298,0.063,-0.361,0.019,-0.061,-0.054,-0.007,-0.051,-0.006,-0.043,-0.069,0.037,0.037,-0.461,-0.424,0.0,-0.069,-0.106,0.037,-0.069,-0.106,0.037,-0.129,-0.078,-1.217,-1.217,-1.209,-0.008,-0.008,-0.319,-0.062,-0.257,-0.439,-0.451,0.074,-0.525,-0.169,-0.153,-0.013,-0.031,-0.086,-0.086,-1.503,0.0,-0.031,-0.098,0.067,-0.031,-0.098,0.067,-0.799,-0.177,-1.079,-0.424,-1.503,308,154,154
2037,Jamal Crawford,2016,-0.498,-0.493,-0.502,0.009,0.004,0.228,-0.406,0.634,-0.41,-0.32,0.199,-0.519,1.175,1.378,-0.205,0.667,-0.285,-0.285,1.344,1.059,-0.0,0.667,0.306,0.361,0.667,0.306,0.361,-4.996,-0.356,-1.443,-1.435,-1.431,-0.004,-0.012,0.04,-0.023,0.063,-0.602,-0.869,-0.106,-0.763,-0.768,-1.079,0.31,0.271,-0.622,-0.622,-1.94,-2.562,0.0,0.271,0.273,-0.002,0.271,0.273,-0.002,-0.202,0.168,-1.941,-1.928,-1.933,0.005,-0.008,0.268,-0.429,0.697,-1.012,-1.189,0.093,-1.282,0.407,0.299,0.105,0.938,-0.907,-0.907,-1.503,0.0,0.938,0.579,0.359,0.938,0.579,0.359,-5.198,-0.188,1.059,-2.562,-1.503,17412,8744,8668
2400,Drew Gooden,2016,-0.636,-0.633,-0.642,0.009,0.006,-0.774,-0.426,-0.348,-0.351,0.483,0.083,0.4,-0.119,-0.169,0.051,0.115,0.226,0.226,-0.64,-0.414,0.0,0.115,-0.156,0.271,0.115,-0.156,0.271,-1.54,-0.84,-0.595,-0.6,-0.6,0.0,0.005,-0.117,0.085,-0.202,-0.154,-0.329,-0.006,-0.323,-0.253,-0.337,0.085,-0.317,0.075,0.075,-1.165,-1.09,0.0,-0.317,-0.469,0.152,-0.317,-0.469,0.152,-0.765,-0.295,-1.231,-1.233,-1.242,0.009,0.011,-0.891,-0.341,-0.55,-0.505,0.154,0.077,0.077,-0.372,-0.506,0.136,-0.202,0.301,0.301,-1.504,0.0,-0.202,-0.625,0.423,-0.202,-0.625,0.423,-2.305,-1.135,-0.414,-1.09,-1.504,5295,2645,2650
2757,Beno Udrih,2016,-0.287,-0.29,-0.281,-0.009,-0.006,0.211,0.044,0.167,0.754,-1.246,-0.223,-1.023,-0.511,-0.439,-0.07,0.464,-0.604,-0.604,-0.334,-0.938,0.0,0.464,0.028,0.436,0.464,0.028,0.436,1.371,0.313,-0.973,-0.978,-0.979,0.001,0.006,-0.158,0.1,-0.258,-0.519,-0.302,-0.079,-0.223,0.167,0.184,-0.017,-0.44,0.678,0.678,-1.246,-0.568,0.0,-0.44,-0.132,-0.308,-0.44,-0.132,-0.308,1.079,0.198,-1.26,-1.267,-1.26,-0.007,0.0,0.053,0.144,-0.091,0.235,-1.548,-0.302,-1.246,-0.344,-0.255,-0.087,0.024,0.074,0.074,-1.506,-0.0,0.024,-0.104,0.128,0.024,-0.104,0.128,2.45,0.511,-0.938,-0.568,-1.506,9062,4541,4521
203511,Grant Jerrett,2016,-0.683,-0.679,-0.686,0.007,0.003,-0.115,-0.191,0.076,0.21,-0.781,0.071,-0.852,-0.26,-0.187,-0.071,0.143,-0.206,-0.206,-0.8,-1.006,0.0,0.143,0.016,0.127,0.143,0.016,0.127,-0.374,-0.015,-0.32,-0.323,-0.322,-0.001,0.002,-0.086,0.009,-0.095,-0.129,-0.107,-0.007,-0.1,-0.083,-0.222,0.137,-0.056,-0.057,-0.057,-0.459,-0.516,0.0,-0.056,0.021,-0.077,-0.056,0.021,-0.077,0.074,-0.004,-1.003,-1.002,-1.008,0.006,0.005,-0.201,-0.182,-0.019,0.081,-0.888,0.064,-0.952,-0.343,-0.409,0.066,0.087,-0.263,-0.263,-1.522,0.0,0.087,0.037,0.05,0.087,0.037,0.05,-0.3,-0.019,-1.006,-0.516,-1.522,214,107,107
101128,Francisco Garcia,2016,-1.247,-1.244,-1.236,-0.008,-0.011,-0.141,0.003,-0.144,0.005,-1.1,0.319,-1.419,-0.205,-0.108,-0.094,0.092,-0.134,-0.134,-1.36,-1.494,0.0,0.092,0.273,-0.181,0.092,0.273,-0.181,-0.943,0.026,0.493,0.491,0.491,0.0,0.002,0.33,-0.082,0.412,0.255,-0.094,0.06,-0.154,-0.11,-0.143,0.034,-0.033,-0.384,-0.384,0.35,-0.034,0.0,-0.033,-0.008,-0.025,-0.033,-0.008,-0.025,0.519,0.085,-0.754,-0.753,-0.745,-0.008,-0.009,0.189,-0.079,0.268,0.26,-1.194,0.379,-1.573,-0.315,-0.251,-0.06,0.059,-0.518,-0.518,-1.528,0.0,0.059,0.265,-0.206,0.059,0.265,-0.206,-0.424,0.111,-1.494,-0.034,-1.528,767,379,388
203318,Glen Rice,2016,-0.749,-0.751,-0.746,-0.005,-0.003,-0.262,-0.147,-0.115,-0.122,-0.362,-0.008,-0.354,-0.02,-0.017,-0.0,-0.184,-0.025,-0.025,-0.953,-0.978,0.0,-0.184,0.087,-0.271,-0.184,0.087,-0.271,-0.536,-0.15,-0.342,-0.349,-0.347,-0.002,0.005,-0.071,0.055,-0.126,-0.099,-0.177,-0.014,-0.163,-0.184,-0.121,-0.06,-0.066,0.027,0.027,-0.592,-0.565,0.0,-0.066,-0.065,-0.001,-0.066,-0.065,-0.001,-0.179,-0.016,-1.091,-1.1,-1.093,-0.007,0.002,-0.333,-0.092,-0.241,-0.221,-0.539,-0.022,-0.517,-0.204,-0.138,-0.06,-0.25,0.002,0.002,-1.543,0.0,-0.25,0.022,-0.272,-0.25,0.022,-0.272,-0.715,-0.166,-0.978,-0.565,-1.543,159,78,81
201582,Alexis Ajinca,2016,-1.387,-1.385,-1.383,-0.002,-0.004,-0.608,-0.592,-0.016,-0.15,-0.625,-0.729,0.104,-0.707,-1.009,0.302,-0.653,0.495,0.495,-2.747,-2.252,0.0,-0.653,0.07,-0.723,-0.653,0.07,-0.723,-0.733,-0.395,0.72,0.724,0.724,0.0,-0.004,0.483,-0.125,0.608,0.133,0.108,-0.022,0.13,-0.279,-0.223,-0.056,0.021,0.233,0.233,0.462,0.695,0.0,0.021,0.063,-0.042,0.021,0.063,-0.042,0.55,0.187,-0.667,-0.661,-0.659,-0.002,-0.008,-0.125,-0.717,0.592,-0.017,-0.517,-0.751,0.234,-0.986,-1.232,0.246,-0.632,0.728,0.728,-1.557,0.0,-0.632,0.133,-0.765,-0.632,0.133,-0.765,-0.183,-0.208,-2.252,0.695,-1.557,7015,3502,3513
2405,Amar'e Stoudemire,2016,-0.046,-0.032,-0.029,-0.003,-0.017,0.06,0.353,-0.293,0.45,-0.539,-0.602,0.063,-0.42,-0.379,-0.04,-1.01,0.603,0.603,-1.476,-0.873,0.0,-1.01,-0.478,-0.532,-1.01,-0.478,-0.532,-1.331,0.122,-0.44,-0.437,-0.435,-0.002,-0.005,-0.278,-0.127,-0.151,0.05,-0.207,0.126,-0.333,0.066,0.181,-0.115,-0.406,0.094,0.094,-0.78,-0.686,0.0,-0.406,-0.365,-0.041,-0.406,-0.365,-0.041,-0.583,-0.07,-0.486,-0.469,-0.464,-0.005,-0.022,-0.218,0.226,-0.444,0.5,-0.746,-0.476,-0.27,-0.354,-0.198,-0.155,-1.416,0.697,0.697,-1.559,0.0,-1.416,-0.843,-0.573,-1.416,-0.843,-0.573,-1.914,0.052,-0.873,-0.686,-1.559,8254,4143,4111
203473,Dewayne Dedmon,2016,-1.613,-1.617,-1.619,0.002,0.006,-0.679,-0.064,-0.615,0.059,-0.999,-0.261,-0.738,-0.373,-0.191,-0.181,-0.867,0.387,0.387,-2.853,-2.466,-0.0,-0.867,-0.648,-0.219,-0.867,-0.648,-0.219,-3.585,-0.24,0.561,0.559,0.56,-0.001,0.001,-0.271,-0.298,0.027,0.564,0.267,-0.189,0.456,-0.065,-0.166,0.102,0.166,0.243,0.243,0.662,0.905,0.0,0.166,0.204,-0.038,0.166,0.204,-0.038,0.16,-0.333,-1.052,-1.059,-1.059,0.0,0.007,-0.95,-0.362,-0.588,0.623,-0.732,-0.45,-0.282,-0.438,-0.357,-0.079,-0.701,0.63,0.63,-1.561,-0.0,-0.701,-0.444,-0.257,-0.701,-0.444,-0.257,-3.425,-0.573,-2.466,0.905,-1.561,6026,3011,3015
203087,Jeremy Lamb,2016,-2.169,-2.169,-2.168,-0.001,-0.001,-0.222,-0.357,0.135,-0.708,-1.238,0.157,-1.395,-0.189,-0.326,0.138,0.5,-0.464,-0.464,-1.858,-2.322,0.0,0.5,0.602,-0.102,0.5,0.602,-0.102,-2.693,-0.392,0.96,0.95,0.95,0.0,0.01,0.258,0.326,-0.068,-0.35,1.042,-0.059,1.101,-0.109,0.045,-0.153,-0.138,0.045,0.045,0.713,0.758,0.0,-0.138,-0.154,0.016,-0.138,-0.154,0.016,0.802,0.396,-1.209,-1.219,-1.218,-0.001,0.009,0.036,-0.031,0.067,-1.058,-0.196,0.098,-0.294,-0.298,-0.281,-0.015,0.362,-0.419,-0.419,-1.564,0.0,0.362,0.448,-0.086,0.362,0.448,-0.086,-1.891,0.004,-2.322,0.758,-1.564,7285,3654,3631
203128,Furkan Aldemir,2016,-0.994,-1.01,-1.012,0.002,0.018,-0.817,-0.029,-0.788,-0.474,0.279,0.161,0.118,-0.401,-0.246,-0.152,-0.608,1.809,1.809,-2.003,-0.194,0.0,-0.608,-0.39,-0.218,-0.608,-0.39,-0.218,-0.859,-0.27,-1.447,-1.452,-1.452,0.0,0.005,-0.482,-0.102,-0.38,-0.369,-0.601,0.015,-0.616,-0.269,-0.359,0.09,0.039,0.305,0.305,-1.677,-1.372,0.0,0.039,0.161,-0.122,0.039,0.161,-0.122,-1.19,-0.309,-2.441,-2.462,-2.464,0.002,0.023,-1.299,-0.131,-1.168,-0.843,-0.322,0.176,-0.498,-0.67,-0.605,-0.062,-0.569,2.114,2.114,-1.566,0.001,-0.569,-0.229,-0.34,-0.569,-0.229,-0.34,-2.049,-0.579,-0.194,-1.372,-1.565,2087,1049,1038
1626214,Bryce Dejean-Jones,2016,-1.495,-1.497,-1.48,-0.017,-0.015,-0.467,0.075,-0.542,-0.799,-0.214,-0.145,-0.069,-0.406,-0.252,-0.151,0.487,0.335,0.335,-1.414,-1.079,0.0,0.487,0.117,0.37,0.487,0.117,0.37,-1.594,-0.251,-0.763,-0.767,-0.766,-0.001,0.003,-0.078,-0.048,-0.03,-0.163,-0.525,-0.019,-0.506,0.054,0.035,0.021,0.047,0.172,0.172,-0.662,-0.49,-0.0,0.047,0.148,-0.101,0.047,0.148,-0.101,-0.355,0.052,-2.258,-2.263,-2.246,-0.017,-0.012,-0.545,0.027,-0.572,-0.962,-0.739,-0.164,-0.575,-0.352,-0.217,-0.13,0.534,0.507,0.507,-1.569,0.0,0.534,0.265,0.269,0.534,0.265,0.269,-1.949,-0.199,-1.079,-0.49,-1.569,1105,552,553
201595,Joey Dorsey,2016,-1.669,-1.68,-1.686,0.006,0.017,-0.818,0.101,-0.919,-0.577,-0.291,0.293,-0.584,-0.836,-0.278,-0.554,-0.588,1.596,1.596,-3.093,-1.497,-0.0,-0.588,-0.274,-0.314,-0.588,-0.274,-0.314,-1.344,-0.164,-1.052,-1.049,-1.047,-0.002,-0.005,-0.426,0.083,-0.509,-0.279,-0.342,0.004,-0.346,-0.141,-0.24,0.099,0.234,0.878,0.878,-0.959,-0.081,0.0,0.234,0.124,0.11,0.234,0.124,0.11,0.11,-0.117,-2.721,-2.729,-2.733,0.004,0.012,-1.244,0.184,-1.428,-0.856,-0.633,0.297,-0.93,-0.977,-0.518,-0.455,-0.354,2.474,2.474,-1.578,-0.001,-0.354,-0.15,-0.204,-0.354,-0.15,-0.204,-1.234,-0.281,-1.497,-0.081,-1.579,3490,1748,1742
2210,Richard Jefferson,2016,-0.112,-0.11,-0.101,-0.009,-0.011,0.025,-0.37,0.395,-0.2,0.074,0.192,-0.118,-0.189,0.204,-0.393,-0.0,-1.105,-1.105,-0.301,-1.406,0.0,0.0,-0.075,0.075,0.0,-0.075,0.075,-0.657,-0.085,-0.218,-0.219,-0.219,0.0,0.001,-0.435,0.083,-0.518,0.547,-0.331,-0.129,-0.202,-0.069,-0.169,0.101,0.01,0.104,0.104,-0.277,-0.173,0.0,0.01,-0.542,0.552,0.01,-0.542,0.552,0.282,-0.051,-0.33,-0.329,-0.32,-0.009,-0.01,-0.41,-0.287,-0.123,0.347,-0.257,0.063,-0.32,-0.258,0.035,-0.292,0.01,-1.001,-1.001,-1.579,-0.001,0.01,-0.617,0.627,0.01,-0.617,0.627,-0.375,-0.136,-1.406,-0.173,-1.58,11682,5832,5850
201880,Greg Stiemsma,2016,-0.716,-0.72,-0.714,-0.006,-0.002,-0.029,0.016,-0.045,-0.568,-0.117,-0.025,-0.092,-0.106,0.055,-0.156,-0.099,-0.039,-0.039,-0.921,-0.96,0.0,-0.099,-0.038,-0.061,-0.099,-0.038,-0.061,-0.157,0.105,-0.714,-0.717,-0.715,-0.002,0.001,-0.231,-0.016,-0.215,-0.202,-0.282,-0.043,-0.239,-0.02,-0.035,0.017,0.001,0.104,0.104,-0.733,-0.629,0.0,0.001,0.037,-0.036,0.001,0.037,-0.036,-0.421,-0.062,-1.43,-1.437,-1.429,-0.008,-0.001,-0.26,-0.0,-0.26,-0.77,-0.399,-0.068,-0.331,-0.126,0.02,-0.139,-0.098,0.065,0.065,-1.589,0.0,-0.098,-0.001,-0.097,-0.098,-0.001,-0.097,-0.578,0.043,-0.96,-0.629,-1.589,270,136,134
2365,Chris Andersen,2016,0.403,0.397,0.39,0.007,0.013,0.341,0.068,0.273,-0.235,0.284,-0.02,0.304,-0.34,-0.019,-0.319,-0.853,-0.849,-0.849,-0.79,-1.639,0.0,-0.853,-0.706,-0.147,-0.853,-0.706,-0.147,-0.862,0.626,-0.601,-0.601,-0.6,-0.001,-0.001,-0.231,-0.085,-0.146,0.14,-0.509,-0.144,-0.365,0.383,0.175,0.208,0.53,-0.276,-0.276,0.312,0.036,-0.0,0.53,0.196,0.334,0.53,0.196,0.334,-1.282,-0.357,-0.198,-0.204,-0.21,0.006,0.012,0.11,-0.017,0.127,-0.095,-0.225,-0.164,-0.061,0.043,0.156,-0.111,-0.323,-1.125,-1.125,-1.603,0.0,-0.323,-0.51,0.187,-0.323,-0.51,0.187,-2.144,0.269,-1.639,0.036,-1.603,6028,3021,3007
203893,Russ Smith,2016,-0.754,-0.752,-0.749,-0.003,-0.005,-0.279,-0.156,-0.123,-0.23,-0.24,0.079,-0.319,0.1,0.194,-0.09,-0.773,-0.243,-0.243,-1.427,-1.67,0.0,-0.773,-0.254,-0.519,-0.773,-0.254,-0.519,-1.665,-0.541,0.04,0.036,0.037,-0.001,0.003,-0.118,-0.036,-0.082,0.345,-0.19,0.052,-0.242,-0.212,-0.289,0.078,0.052,0.17,0.17,-0.12,0.05,-0.0,0.052,0.058,-0.006,0.052,0.058,-0.006,0.478,-0.026,-0.714,-0.716,-0.712,-0.004,-0.002,-0.397,-0.192,-0.205,0.115,-0.43,0.131,-0.561,-0.112,-0.095,-0.012,-0.721,-0.073,-0.073,-1.62,-0.0,-0.721,-0.196,-0.525,-0.721,-0.196,-0.525,-1.187,-0.567,-1.67,0.05,-1.62,572,282,290
202688,Brandon Knight,2016,-0.372,-0.373,-0.386,0.013,0.014,0.2,-0.088,0.288,-1.04,0.454,0.205,0.249,0.108,-0.25,0.358,-0.608,-0.05,-0.05,-0.872,-0.922,0.0,-0.608,-0.37,-0.238,-0.608,-0.37,-0.238,-1.396,-0.125,-1.08,-1.077,-1.072,-0.005,-0.008,-0.378,-0.241,-0.137,0.091,-0.785,-0.055,-0.73,-0.396,-0.475,0.078,0.407,0.364,0.364,-1.069,-0.705,0.0,0.407,0.422,-0.015,0.407,0.422,-0.015,0.161,0.153,-1.452,-1.45,-1.458,0.008,0.006,-0.178,-0.329,0.151,-0.949,-0.331,0.15,-0.481,-0.288,-0.725,0.436,-0.201,0.314,0.314,-1.627,0.001,-0.201,0.052,-0.253,-0.201,0.052,-0.253,-1.235,0.028,-0.922,-0.705,-1.626,15684,7854,7830
101109,Raymond Felton,2016,-0.059,-0.056,-0.047,-0.009,-0.012,0.48,-0.016,0.496,0.073,-0.6,0.041,-0.641,0.329,0.256,0.07,-0.013,-0.621,-0.621,0.257,-0.364,0.0,-0.013,-0.228,0.215,-0.013,-0.228,0.215,-1.449,-0.039,0.247,0.246,0.243,0.003,0.004,-0.047,0.11,-0.157,-0.45,0.74,-0.244,0.984,-0.235,-0.302,0.069,-0.461,-0.824,-0.824,-0.449,-1.273,0.0,-0.461,-0.253,-0.208,-0.461,-0.253,-0.208,-0.305,-0.051,0.188,0.19,0.196,-0.006,-0.008,0.433,0.094,0.339,-0.377,0.14,-0.203,0.343,0.094,-0.046,0.139,-0.474,-1.445,-1.445,-1.637,0.0,-0.474,-0.481,0.007,-0.474,-0.481,0.007,-1.754,-0.09,-0.364,-1.273,-1.637,10484,5236,5248
2550,Kirk Hinrich,2016,-2.692,-2.692,-2.693,0.001,0.001,-0.934,-0.282,-0.652,-1.152,-0.607,0.095,-0.702,0.255,0.156,0.101,-0.255,0.802,0.802,-2.692,-1.89,0.0,-0.255,-0.082,-0.173,-0.255,-0.082,-0.173,-1.607,-0.247,0.306,0.305,0.305,0.0,0.001,-0.125,-0.058,-0.067,-0.368,0.798,0.051,0.747,-0.094,-0.094,0.0,0.364,-0.337,-0.337,0.576,0.239,0.0,0.364,-0.072,0.436,0.364,-0.072,0.436,2.277,0.117,-2.386,-2.387,-2.388,0.001,0.002,-1.059,-0.34,-0.719,-1.52,0.191,0.146,0.045,0.161,0.062,0.101,0.109,0.465,0.465,-1.651,0.0,0.109,-0.154,0.263,0.109,-0.154,0.263,0.67,-0.13,-1.89,0.239,-1.651,9182,4579,4603
2588,Matt Bonner,2016,-0.167,-0.17,-0.179,0.009,0.012,-0.751,-0.135,-0.616,0.686,-0.114,0.239,-0.353,-0.2,-0.29,0.091,0.557,-0.939,-0.939,0.19,-0.749,-0.0,0.557,0.422,0.135,0.557,0.422,0.135,-1.769,-0.903,-0.971,-0.971,-0.97,-0.001,-0.001,-0.456,-0.359,-0.097,0.286,-0.8,0.121,-0.921,0.033,0.067,-0.033,-0.235,0.27,0.27,-1.173,-0.903,0.0,-0.235,-0.297,0.062,-0.235,-0.297,0.062,-0.599,-0.233,-1.138,-1.141,-1.149,0.008,0.011,-1.207,-0.494,-0.713,0.972,-0.914,0.36,-1.274,-0.167,-0.223,0.058,0.322,-0.669,-0.669,-1.652,0.0,0.322,0.125,0.197,0.322,0.125,0.197,-2.368,-1.136,-0.749,-0.903,-1.652,4562,2299,2263
203138,Hollis Thompson,2016,0.527,0.533,0.514,0.019,0.013,-0.603,-0.283,-0.32,-0.325,1.442,0.686,0.756,-0.231,0.055,-0.284,-0.533,-0.327,-0.327,-0.237,-0.564,0.0,-0.533,-0.227,-0.306,-0.533,-0.227,-0.306,2.519,-0.412,0.044,0.045,0.044,0.001,0.0,-1.111,0.075,-1.186,0.501,0.654,0.049,0.605,-0.681,-0.662,-0.021,0.408,-0.862,-0.862,-0.229,-1.091,0.0,0.408,0.343,0.065,0.408,0.343,0.065,0.663,-0.372,0.571,0.579,0.558,0.021,0.013,-1.714,-0.208,-1.506,0.176,2.096,0.735,1.361,-0.912,-0.607,-0.305,-0.125,-1.189,-1.189,-1.655,0.0,-0.125,0.116,-0.241,-0.125,0.116,-0.241,3.182,-0.784,-0.564,-1.091,-1.655,15751,7878,7873
203898,Tyler Ennis,2016,-0.716,-0.712,-0.715,0.003,-0.001,0.849,0.348,0.501,-0.277,-1.287,-0.221,-1.066,-0.25,-0.009,-0.24,0.016,-0.661,-0.661,-0.95,-1.611,0.0,0.016,-0.124,0.14,0.016,-0.124,0.14,-1.067,0.5,-0.372,-0.378,-0.374,-0.004,0.002,-0.203,-0.189,-0.014,0.453,-0.624,-0.08,-0.544,0.016,-0.044,0.061,0.327,-0.015,-0.015,-0.029,-0.044,-0.0,0.327,0.111,0.216,0.327,0.111,0.216,-1.549,-0.431,-1.088,-1.09,-1.089,-0.001,0.001,0.646,0.159,0.487,0.176,-1.911,-0.301,-1.61,-0.234,-0.053,-0.179,0.343,-0.676,-0.676,-1.655,-0.001,0.343,-0.013,0.356,0.343,-0.013,0.356,-2.616,0.069,-1.611,-0.044,-1.656,4212,2104,2108
203937,Kyle Anderson,2016,-1.409,-1.41,-1.417,0.007,0.008,0.229,0.085,0.144,-0.188,-1.458,-0.78,-0.678,-0.151,-0.25,0.099,-0.171,0.057,0.057,-1.731,-1.674,0.0,-0.171,-0.316,0.145,-0.171,-0.316,0.145,-2.419,0.178,-0.801,-0.798,-0.8,0.002,-0.001,-0.431,0.164,-0.595,-0.785,0.416,-0.011,0.427,0.207,0.132,0.078,0.367,0.243,0.243,-0.227,0.016,0.0,0.367,0.172,0.195,0.367,0.172,0.195,-0.17,-0.166,-2.21,-2.208,-2.217,0.009,0.007,-0.202,0.249,-0.451,-0.973,-1.042,-0.791,-0.251,0.056,-0.118,0.177,0.196,0.3,0.3,-1.658,0.0,0.196,-0.144,0.34,0.196,-0.144,0.34,-2.589,0.012,-1.674,0.016,-1.658,6704,3362,3342
2202,Jason Richardson,2016,-2.115,-2.12,-2.104,-0.016,-0.011,-1.37,-0.185,-1.185,-0.642,-0.092,0.48,-0.572,-0.424,-0.428,0.006,0.37,0.693,0.693,-2.169,-1.476,0.0,0.37,-0.147,0.517,0.37,-0.147,0.517,0.408,-0.089,-0.304,-0.31,-0.312,0.002,0.008,-0.109,-0.145,0.036,-0.367,0.164,0.007,0.157,-0.085,-0.068,-0.015,0.066,0.14,0.14,-0.323,-0.183,0.0,0.066,-0.062,0.128,0.066,-0.062,0.128,0.39,-0.054,-2.419,-2.43,-2.416,-0.014,-0.003,-1.479,-0.33,-1.149,-1.009,0.072,0.487,-0.415,-0.509,-0.496,-0.009,0.436,0.833,0.833,-1.659,0.0,0.436,-0.209,0.645,0.436,-0.209,0.645,0.798,-0.143,-1.476,-0.183,-1.659,1613,812,801
200761,Shawne Williams,2016,-0.339,-0.34,-0.354,0.014,0.015,-0.667,-0.425,-0.242,0.574,-0.261,0.5,-0.761,0.303,0.204,0.101,0.459,-0.477,-0.477,0.423,-0.054,-0.0,0.459,0.289,0.17,0.459,0.289,0.17,-0.973,-0.858,-1.574,-1.576,-1.577,0.001,0.003,0.072,-0.007,0.079,-0.826,-0.823,-0.059,-0.764,-0.155,-0.256,0.1,0.315,-0.193,-0.193,-1.414,-1.607,0.0,0.315,0.391,-0.076,0.315,0.391,-0.076,-0.253,0.049,-1.913,-1.917,-1.931,0.014,0.018,-0.595,-0.432,-0.163,-0.252,-1.084,0.441,-1.525,0.148,-0.052,0.201,0.774,-0.67,-0.67,-1.661,0.0,0.774,0.68,0.094,0.774,0.68,0.094,-1.226,-0.809,-0.054,-1.607,-1.661,4044,2011,2033
1626144,Emmanuel Mudiay,2016,0.259,0.255,0.257,-0.002,0.002,0.194,1.025,-0.831,0.091,-0.028,-0.393,0.365,-0.111,0.072,-0.182,-0.601,-0.59,-0.59,-0.453,-1.043,0.0,-0.601,-0.283,-0.318,-0.601,-0.283,-0.318,0.774,0.959,-0.588,-0.59,-0.59,0.0,0.002,0.169,-0.078,0.247,-0.021,-0.738,-0.222,-0.516,0.097,0.054,0.044,-0.525,0.388,0.388,-1.016,-0.628,0.0,-0.525,-0.354,-0.171,-0.525,-0.354,-0.171,-2.337,-0.365,-0.329,-0.336,-0.333,-0.003,0.004,0.363,0.947,-0.584,0.07,-0.766,-0.615,-0.151,-0.014,0.126,-0.138,-1.126,-0.202,-0.202,-1.671,-0.001,-1.126,-0.637,-0.489,-1.126,-0.637,-0.489,-1.563,0.594,-1.043,-0.628,-1.672,8188,4089,4099
2744,Al Jefferson,2016,-0.303,-0.309,-0.318,0.009,0.015,-0.126,-0.229,0.103,0.619,-0.811,-0.71,-0.101,-0.815,-0.609,-0.203,0.923,-1.889,-1.889,-0.195,-2.084,-0.0,0.923,-0.064,0.987,0.923,-0.064,0.987,0.469,-0.15,-0.053,-0.05,-0.055,0.005,0.002,0.039,0.207,-0.168,-0.341,0.247,0.234,0.013,0.274,0.364,-0.09,-0.163,0.351,0.351,0.058,0.409,-0.0,-0.163,-0.05,-0.113,-0.163,-0.05,-0.113,-1.205,-0.053,-0.356,-0.359,-0.373,0.014,0.017,-0.087,-0.022,-0.065,0.278,-0.564,-0.476,-0.088,-0.541,-0.245,-0.293,0.76,-1.538,-1.538,-1.675,-0.0,0.76,-0.114,0.874,0.76,-0.114,0.874,-0.736,-0.203,-2.084,0.409,-1.675,12499,6242,6257
202388,Donald Sloan,2016,-1.078,-1.084,-1.085,0.001,0.007,-0.043,0.012,-0.055,-0.52,-0.522,0.012,-0.534,-0.253,0.012,-0.264,0.179,-0.141,-0.141,-1.152,-1.293,0.0,0.179,0.13,0.049,0.179,0.13,0.049,0.517,-0.146,-0.505,-0.508,-0.507,-0.001,0.002,-0.385,-0.316,-0.069,0.031,-0.153,0.026,-0.179,0.206,0.226,-0.02,-0.356,0.267,0.267,-0.655,-0.388,0.0,-0.356,-0.011,-0.345,-0.356,-0.011,-0.345,-0.459,-0.455,-1.583,-1.592,-1.592,0.0,0.009,-0.428,-0.304,-0.124,-0.489,-0.675,0.038,-0.713,-0.047,0.238,-0.284,-0.177,0.126,0.126,-1.681,-0.001,-0.177,0.119,-0.296,-0.177,0.119,-0.296,0.058,-0.601,-1.293,-0.388,-1.682,9404,4701,4703
201571,D.J. Augustin,2016,0.642,0.641,0.636,0.005,0.006,0.045,0.034,0.011,-0.129,0.72,0.274,0.446,0.204,0.028,0.178,-0.246,-0.94,-0.94,0.6,-0.34,-0.0,-0.246,-0.191,-0.055,-0.246,-0.191,-0.055,-1.409,-0.612,-0.226,-0.229,-0.226,-0.003,0.0,-0.781,-0.119,-0.662,0.683,-0.128,-0.131,0.003,-0.102,-0.026,-0.076,-0.548,-0.484,-0.484,-0.876,-1.36,0.0,-0.548,-0.327,-0.221,-0.548,-0.327,-0.221,-1.207,-0.184,0.416,0.412,0.41,0.002,0.006,-0.736,-0.085,-0.651,0.554,0.592,0.143,0.449,0.102,0.002,0.102,-0.794,-1.424,-1.424,-1.7,0.0,-0.794,-0.518,-0.276,-0.794,-0.518,-0.276,-2.616,-0.796,-0.34,-1.36,-1.7,12269,6118,6151
202696,Nikola Vucevic,2016,-0.8,-0.809,-0.8,-0.009,0.0,-0.072,-0.471,0.399,0.307,-1.035,-0.509,-0.526,-0.342,-0.212,-0.131,-0.402,0.555,0.555,-1.544,-0.989,0.0,-0.402,-0.19,-0.212,-0.402,-0.19,-0.212,0.514,-0.003,-1.705,-1.702,-1.704,0.002,-0.001,-0.388,0.049,-0.437,-0.292,-1.024,0.103,-1.127,0.061,0.124,-0.064,0.074,0.827,0.827,-1.57,-0.743,0.0,0.074,0.298,-0.224,0.074,0.298,-0.224,-1.293,-0.338,-2.505,-2.512,-2.504,-0.008,-0.001,-0.46,-0.422,-0.038,0.015,-2.059,-0.406,-1.653,-0.281,-0.088,-0.195,-0.328,1.382,1.382,-1.732,0.0,-0.328,0.108,-0.436,-0.328,0.108,-0.436,-0.779,-0.341,-0.989,-0.743,-1.732,17697,8848,8849
201952,Jeff Teague,2016,-1.345,-1.338,-1.354,0.016,0.009,-0.227,0.38,-0.607,-0.471,-0.656,-0.0,-0.656,0.626,0.497,0.127,0.022,-1.076,-1.076,-0.697,-1.773,0.0,0.022,0.095,-0.073,0.022,0.095,-0.073,-2.465,-0.243,-0.702,-0.695,-0.697,0.002,-0.005,-0.632,-0.302,-0.33,0.083,-0.148,-0.125,-0.023,0.214,0.11,0.103,0.454,0.062,0.062,-0.034,0.028,-0.0,0.454,0.398,0.056,0.454,0.398,0.056,-1.158,-0.184,-2.047,-2.033,-2.051,0.018,0.004,-0.859,0.078,-0.937,-0.388,-0.804,-0.125,-0.679,0.84,0.607,0.23,0.476,-1.014,-1.014,-1.745,0.0,0.476,0.493,-0.017,0.476,0.493,-0.017,-3.623,-0.427,-1.773,0.028,-1.745,21051,10555,10496
203079,Dion Waiters,2016,-1.772,-1.771,-1.762,-0.009,-0.01,-0.311,0.613,-0.924,-1.269,-0.182,-0.125,-0.057,0.587,0.674,-0.087,-0.052,0.737,0.737,-1.237,-0.5,0.0,-0.052,0.16,-0.212,-0.052,0.16,-0.212,-2.553,-0.256,-0.654,-0.655,-0.655,0.0,0.001,-0.598,-0.265,-0.333,0.309,-0.366,0.1,-0.466,-0.139,-0.247,0.109,0.055,-0.51,-0.51,-0.738,-1.248,0.0,0.055,-0.219,0.274,0.055,-0.219,0.274,-0.625,-0.376,-2.426,-2.426,-2.417,-0.009,-0.009,-0.909,0.348,-1.257,-0.96,-0.548,-0.025,-0.523,0.448,0.427,0.022,0.003,0.227,0.227,-1.748,0.0,0.003,-0.059,0.062,0.003,-0.059,0.062,-3.178,-0.632,-0.5,-1.248,-1.748,19163,9595,9568
201967,Dante Cunningham,2016,0.228,0.228,0.225,0.003,0.003,-0.115,-0.27,0.155,1.116,-0.776,-0.465,-0.311,-0.113,-0.023,-0.09,0.168,-0.995,-0.995,0.283,-0.712,0.0,0.168,0.004,0.164,0.168,0.004,0.164,0.084,-0.014,-1.556,-1.557,-1.56,0.003,0.004,-0.464,-0.123,-0.341,-0.869,-0.227,-0.12,-0.107,0.288,0.274,0.016,-0.403,0.618,0.618,-1.671,-1.053,0.0,-0.403,-0.069,-0.334,-0.403,-0.069,-0.334,-0.999,-0.273,-1.328,-1.328,-1.335,0.007,0.007,-0.579,-0.393,-0.186,0.247,-1.003,-0.585,-0.418,0.175,0.251,-0.074,-0.235,-0.377,-0.377,-1.765,0.001,-0.235,-0.065,-0.17,-0.235,-0.065,-0.17,-0.915,-0.287,-0.712,-1.053,-1.764,14292,7140,7152
1626145,Tyus Jones,2016,-0.755,-0.75,-0.748,-0.002,-0.007,0.517,0.141,0.376,-0.884,-0.381,-0.055,-0.326,-0.682,-0.619,-0.064,0.314,0.146,0.146,-1.123,-0.977,0.0,0.314,-0.068,0.382,0.314,-0.068,0.382,0.419,0.502,-1.202,-1.206,-1.206,0.0,0.004,-0.473,-0.286,-0.187,0.107,-0.84,-0.119,-0.721,-0.086,-0.056,-0.028,0.033,0.461,0.461,-1.255,-0.794,0.0,0.033,0.098,-0.065,0.033,0.098,-0.065,-0.04,-0.252,-1.957,-1.956,-1.954,-0.002,-0.003,0.044,-0.145,0.189,-0.777,-1.221,-0.174,-1.047,-0.768,-0.675,-0.092,0.347,0.607,0.607,-1.771,0.0,0.347,0.03,0.317,0.347,0.03,0.317,0.379,0.25,-0.977,-0.794,-1.771,2281,1133,1148
203946,Cameron Bairstow,2016,-1.044,-1.038,-1.034,-0.004,-0.01,-0.297,-0.107,-0.19,-0.342,-0.395,-0.231,-0.164,-0.031,-0.121,0.092,-0.027,-0.388,-0.388,-1.102,-1.49,-0.0,-0.027,0.064,-0.091,-0.027,0.064,-0.091,-1.47,-0.295,-0.131,-0.133,-0.13,-0.003,-0.001,0.17,0.085,0.085,-0.065,-0.235,-0.046,-0.189,-0.065,-0.182,0.117,-0.134,0.047,0.047,-0.33,-0.283,0.0,-0.134,-0.07,-0.064,-0.134,-0.07,-0.064,0.078,0.043,-1.175,-1.171,-1.164,-0.007,-0.011,-0.127,-0.022,-0.105,-0.407,-0.63,-0.277,-0.353,-0.096,-0.303,0.209,-0.161,-0.341,-0.341,-1.773,-0.0,-0.161,-0.006,-0.155,-0.161,-0.006,-0.155,-1.392,-0.252,-1.49,-0.283,-1.773,684,341,343
101133,Ian Mahinmi,2016,-1.191,-1.2,-1.214,0.014,0.023,-0.17,0.173,-0.343,-0.751,-0.293,-0.173,-0.12,-0.925,-0.213,-0.712,-1.269,-0.016,-0.016,-3.385,-3.401,0.0,-1.269,-0.767,-0.502,-1.269,-0.767,-0.502,-2.384,-0.264,-0.383,-0.372,-0.375,0.003,-0.008,0.48,0.337,0.143,-0.301,-0.554,-0.197,-0.357,0.391,0.605,-0.216,0.331,1.287,1.287,0.339,1.626,0.0,0.331,0.427,-0.096,0.331,0.427,-0.096,-0.632,0.194,-1.574,-1.573,-1.589,0.016,0.015,0.31,0.51,-0.2,-1.052,-0.847,-0.37,-0.477,-0.534,0.392,-0.928,-0.938,1.271,1.271,-1.775,0.0,-0.938,-0.34,-0.598,-0.938,-0.34,-0.598,-3.016,-0.07,-3.401,1.626,-1.775,12311,6156,6155
201619,Sasha Kaun,2016,-1.219,-1.229,-1.215,-0.014,-0.004,-0.518,-0.123,-0.395,-0.907,0.21,-0.165,0.375,-0.275,-0.145,-0.126,-0.33,0.135,0.135,-1.824,-1.689,0.0,-0.33,-0.16,-0.17,-0.33,-0.16,-0.17,-1.326,-0.305,-0.065,-0.064,-0.063,-0.001,-0.002,0.079,0.018,0.061,-0.2,0.058,-0.01,0.068,-0.012,-0.118,0.106,0.055,-0.067,-0.067,-0.022,-0.089,0.0,0.055,0.088,-0.033,0.055,0.088,-0.033,0.526,0.161,-1.284,-1.293,-1.278,-0.015,-0.006,-0.439,-0.105,-0.334,-1.107,0.268,-0.175,0.443,-0.287,-0.263,-0.02,-0.275,0.068,0.068,-1.778,0.0,-0.275,-0.072,-0.203,-0.275,-0.072,-0.203,-0.8,-0.144,-1.689,-0.089,-1.778,395,206,189
1626168,Trey Lyles,2016,-1.625,-1.629,-1.637,0.008,0.012,-1.582,-0.609,-0.973,-0.32,0.265,0.216,0.049,-0.239,-0.392,0.154,0.57,0.08,0.08,-1.294,-1.214,0.0,0.57,0.267,0.303,0.57,0.267,0.303,-1.138,-1.252,-0.423,-0.421,-0.417,-0.004,-0.006,-0.343,-0.012,-0.331,-0.051,-0.023,-0.024,0.001,-0.188,-0.277,0.09,-0.04,0.069,0.069,-0.651,-0.582,0.0,-0.04,0.04,-0.08,-0.04,0.04,-0.08,0.342,-0.05,-2.048,-2.05,-2.054,0.004,0.006,-1.925,-0.621,-1.304,-0.371,0.242,0.192,0.05,-0.427,-0.669,0.244,0.53,0.149,0.149,-1.796,0.0,0.53,0.307,0.223,0.53,0.307,0.223,-0.796,-1.302,-1.214,-0.582,-1.796,5172,2584,2588
203487,Michael Carter-Williams,2016,-2.0,-2.002,-2.009,0.007,0.009,0.635,0.451,0.184,-0.912,-1.732,-0.423,-1.309,0.094,0.387,-0.293,-0.671,-0.133,-0.133,-2.577,-2.71,0.0,-0.671,-0.338,-0.333,-0.671,-0.338,-0.333,-1.183,0.199,0.316,0.315,0.315,0.0,0.001,0.164,-0.144,0.308,0.132,0.019,-0.279,0.298,-0.214,-0.345,0.13,0.54,0.263,0.263,0.642,0.905,0.0,0.54,0.204,0.336,0.54,0.204,0.336,-0.741,-0.167,-1.684,-1.688,-1.694,0.006,0.01,0.799,0.307,0.492,-0.78,-1.713,-0.702,-1.011,-0.12,0.042,-0.163,-0.131,0.13,0.13,-1.805,0.0,-0.131,-0.134,0.003,-0.131,-0.134,0.003,-1.924,0.032,-2.71,0.905,-1.805,15627,7823,7804
201975,Jodie Meeks,2016,-0.554,-0.556,-0.562,0.006,0.008,-0.755,-0.321,-0.434,0.127,0.066,0.413,-0.347,0.15,-0.314,0.466,-0.201,-0.167,-0.167,-0.605,-0.772,0.0,-0.201,0.183,-0.384,-0.201,0.183,-0.384,1.901,-0.262,-0.188,-0.192,-0.192,0.0,0.004,-0.408,-0.485,0.077,0.584,-0.368,0.027,-0.395,-0.096,-0.135,0.04,0.116,-0.87,-0.87,-0.168,-1.038,0.0,0.116,0.218,-0.102,0.116,0.218,-0.102,-0.812,-0.603,-0.742,-0.748,-0.754,0.006,0.012,-1.163,-0.806,-0.357,0.711,-0.302,0.44,-0.742,0.054,-0.449,0.506,-0.085,-1.037,-1.037,-1.81,0.0,-0.085,0.401,-0.486,-0.085,0.401,-0.486,1.089,-0.865,-0.772,-1.038,-1.81,5803,2900,2903
1626173,Rashad Vaughn,2016,-1.091,-1.097,-1.095,-0.002,0.004,-0.416,-0.128,-0.288,-0.406,-0.273,0.075,-0.348,-0.311,-0.496,0.183,-0.256,0.709,0.709,-1.658,-0.949,0.0,-0.256,-0.295,0.039,-0.256,-0.295,0.039,-0.651,-0.362,-0.455,-0.456,-0.454,-0.002,-0.001,0.113,-0.345,0.458,0.018,-0.585,0.033,-0.618,-0.075,-0.039,-0.035,-0.291,-0.045,-0.045,-0.821,-0.866,0.0,-0.291,0.027,-0.318,-0.291,0.027,-0.318,-1.45,-0.396,-1.546,-1.553,-1.549,-0.004,0.003,-0.303,-0.473,0.17,-0.388,-0.858,0.108,-0.966,-0.386,-0.535,0.148,-0.547,0.664,0.664,-1.815,0.0,-0.547,-0.268,-0.279,-0.547,-0.268,-0.279,-2.101,-0.758,-0.949,-0.866,-1.815,3906,1946,1960
202712,Justin Harper,2016,-0.7,-0.7,-0.693,-0.007,-0.007,-0.266,-0.131,-0.135,-0.233,-0.194,0.056,-0.25,-0.132,-0.132,0.002,-0.117,-0.095,-0.095,-0.949,-1.044,0.0,-0.117,-0.043,-0.074,-0.117,-0.043,-0.074,-0.398,-0.231,-0.591,-0.595,-0.594,-0.001,0.003,-0.108,-0.012,-0.096,-0.174,-0.312,-0.027,-0.285,-0.068,-0.072,0.005,-0.159,0.046,0.046,-0.818,-0.772,0.0,-0.159,-0.083,-0.076,-0.159,-0.083,-0.076,-0.258,0.008,-1.291,-1.294,-1.287,-0.007,-0.004,-0.374,-0.143,-0.231,-0.407,-0.506,0.029,-0.535,-0.2,-0.204,0.007,-0.276,-0.049,-0.049,-1.816,0.0,-0.276,-0.126,-0.15,-0.276,-0.126,-0.15,-0.656,-0.223,-1.044,-0.772,-1.816,132,67,65
203527,Ryan Kelly,2016,-2.242,-2.239,-2.235,-0.004,-0.007,-0.043,0.084,-0.127,-1.255,-0.937,-0.002,-0.935,-0.097,-0.037,-0.06,0.431,0.26,0.26,-1.908,-1.648,0.0,0.431,0.406,0.025,0.431,0.406,0.025,-0.242,0.297,0.038,0.038,0.043,-0.005,-0.005,-0.382,0.026,-0.408,0.489,-0.064,-0.034,-0.03,0.121,0.048,0.072,-0.377,0.047,0.047,-0.218,-0.171,-0.0,-0.377,-0.179,-0.198,-0.377,-0.179,-0.198,-0.26,-0.067,-2.204,-2.2,-2.192,-0.008,-0.012,-0.425,0.11,-0.535,-0.766,-1.001,-0.036,-0.965,0.024,0.011,0.012,0.054,0.307,0.307,-1.819,0.0,0.054,0.227,-0.173,0.054,0.227,-0.173,-0.502,0.23,-1.648,-0.171,-1.819,6501,3243,3258
203382,Aron Baynes,2016,-0.748,-0.749,-0.749,0.0,0.001,-0.21,-0.459,0.249,-0.08,-0.459,-0.096,-0.363,-0.146,-0.841,0.697,-0.558,-0.237,-0.237,-1.452,-1.689,0.0,-0.558,0.158,-0.716,-0.558,0.158,-0.716,-0.067,-0.23,-0.011,-0.014,-0.012,-0.002,0.001,0.308,0.138,0.17,0.244,-0.564,0.12,-0.684,0.045,-0.095,0.139,-0.564,0.396,0.396,-0.53,-0.134,-0.0,-0.564,-0.263,-0.301,-0.564,-0.263,-0.301,0.79,0.526,-0.759,-0.762,-0.761,-0.001,0.002,0.098,-0.321,0.419,0.164,-1.023,0.024,-1.047,-0.101,-0.936,0.836,-1.122,0.159,0.159,-1.823,0.0,-1.122,-0.105,-1.017,-1.122,-0.105,-1.017,0.723,0.296,-1.689,-0.134,-1.823,9554,4767,4787
1627362,Briante Weber,2016,-1.156,-1.16,-1.152,-0.008,-0.004,-0.194,-0.07,-0.124,-0.7,-0.258,-0.083,-0.175,-0.152,-0.086,-0.064,0.035,0.435,0.435,-1.273,-0.838,-0.0,0.035,0.08,-0.045,0.035,0.08,-0.045,-0.549,0.032,-0.651,-0.653,-0.652,-0.001,0.001,-0.115,0.071,-0.186,-0.355,-0.182,-0.086,-0.096,-0.051,-0.178,0.126,-0.32,0.03,0.03,-1.022,-0.992,0.0,-0.32,-0.153,-0.167,-0.32,-0.153,-0.167,-0.516,-0.096,-1.807,-1.813,-1.804,-0.009,-0.003,-0.309,0.001,-0.31,-1.055,-0.44,-0.169,-0.271,-0.203,-0.264,0.062,-0.285,0.465,0.465,-1.83,-0.0,-0.285,-0.073,-0.212,-0.285,-0.073,-0.212,-1.065,-0.064,-0.838,-0.992,-1.83,692,348,344
2422,John Salmons,2016,-2.1,-2.097,-2.087,-0.01,-0.013,-0.556,-0.436,-0.12,-0.723,-0.808,0.097,-0.905,0.21,0.272,-0.057,0.091,0.22,0.22,-1.799,-1.579,0.0,0.091,0.036,0.055,0.091,0.036,0.055,-1.312,-0.509,-0.014,-0.017,-0.021,0.004,0.007,-0.132,-0.288,0.156,-0.263,0.374,0.114,0.26,-0.124,-0.07,-0.052,-0.063,-0.06,-0.06,-0.201,-0.261,0.0,-0.063,-0.012,-0.051,-0.063,-0.012,-0.051,0.347,-0.039,-2.114,-2.114,-2.108,-0.006,-0.006,-0.688,-0.724,0.036,-0.986,-0.434,0.211,-0.645,0.086,0.202,-0.109,0.028,0.16,0.16,-1.84,0.0,0.028,0.024,0.004,0.028,0.024,0.004,-0.965,-0.548,-1.579,-0.261,-1.84,1010,500,510
2749,Jameer Nelson,2016,-0.028,-0.021,-0.014,-0.007,-0.014,-0.424,-0.169,-0.255,0.339,0.071,0.477,-0.406,-0.324,-0.205,-0.118,0.56,-0.647,-0.647,0.208,-0.439,0.0,0.56,0.321,0.239,0.56,0.321,0.239,0.764,0.209,-1.602,-1.606,-1.604,-0.002,0.002,0.719,0.696,0.023,-0.606,-1.717,-0.232,-1.485,0.121,0.03,0.091,-0.088,0.166,0.166,-1.569,-1.403,0.0,-0.088,-0.241,0.153,-0.088,-0.241,0.153,-1.437,0.64,-1.63,-1.627,-1.618,-0.009,-0.012,0.295,0.527,-0.232,-0.267,-1.646,0.245,-1.891,-0.203,-0.175,-0.027,0.472,-0.481,-0.481,-1.842,0.001,0.472,0.08,0.392,0.472,0.08,0.392,-0.673,0.849,-0.439,-1.403,-1.841,9494,4740,4754
2406,Caron Butler,2016,-0.616,-0.62,-0.619,-0.001,0.003,-0.038,-0.232,0.194,0.339,-0.92,0.046,-0.966,-0.098,-0.019,-0.077,0.219,-1.161,-1.161,-0.495,-1.656,0.0,0.219,0.089,0.13,0.219,0.089,0.13,-1.008,-0.437,-0.061,-0.06,-0.058,-0.002,-0.003,-0.412,-0.005,-0.407,0.631,-0.277,-0.038,-0.239,0.142,0.104,0.037,-0.073,-0.207,-0.207,0.008,-0.199,0.0,-0.073,-0.127,0.054,-0.073,-0.127,0.054,-0.98,-0.107,-0.677,-0.68,-0.677,-0.003,0.0,-0.45,-0.237,-0.213,0.97,-1.197,0.008,-1.205,0.044,0.085,-0.04,0.146,-1.368,-1.368,-1.855,0.0,0.146,-0.038,0.184,0.146,-0.038,0.184,-1.988,-0.544,-1.656,-0.199,-1.855,6880,3434,3446
201603,Sonny Weems,2016,-1.746,-1.743,-1.741,-0.002,-0.005,0.775,0.35,0.425,-1.549,-0.967,0.024,-0.991,0.071,0.07,0.002,0.102,-0.106,-0.106,-1.573,-1.679,0.0,0.102,-0.158,0.26,0.102,-0.158,0.26,-0.749,0.423,-0.677,-0.684,-0.682,-0.002,0.005,-0.528,-0.091,-0.437,0.304,-0.458,0.0,-0.458,-0.376,-0.553,0.177,0.385,0.47,0.47,-0.668,-0.198,-0.0,0.385,0.354,0.031,0.385,0.354,0.031,0.37,-0.216,-2.423,-2.427,-2.423,-0.004,0.0,0.247,0.259,-0.012,-1.245,-1.425,0.024,-1.449,-0.305,-0.483,0.179,0.487,0.364,0.364,-1.877,0.0,0.487,0.196,0.291,0.487,0.196,0.291,-0.379,0.207,-1.679,-0.198,-1.877,2078,1035,1043
203505,Vander Blue,2016,-0.759,-0.763,-0.753,-0.01,-0.006,-0.412,-0.025,-0.387,0.019,-0.36,0.04,-0.4,-0.133,-0.129,-0.002,-0.303,0.094,0.094,-1.195,-1.101,0.0,-0.303,-0.069,-0.234,-0.303,-0.069,-0.234,-0.652,-0.27,-0.413,-0.418,-0.418,-0.0,0.005,-0.211,-0.086,-0.125,-0.106,-0.101,-0.003,-0.098,-0.113,-0.145,0.033,-0.18,-0.075,-0.075,-0.706,-0.781,-0.0,-0.18,-0.038,-0.142,-0.18,-0.038,-0.142,-0.318,-0.129,-1.172,-1.181,-1.171,-0.01,-0.001,-0.623,-0.111,-0.512,-0.087,-0.461,0.037,-0.498,-0.246,-0.274,0.031,-0.483,0.019,0.019,-1.882,0.0,-0.483,-0.107,-0.376,-0.483,-0.107,-0.376,-0.97,-0.399,-1.101,-0.781,-1.882,296,144,152
202692,Alec Burks,2016,-1.797,-1.795,-1.804,0.009,0.007,-0.037,0.43,-0.467,-1.034,-0.733,-0.464,-0.269,0.203,0.054,0.15,-0.203,0.634,0.634,-1.797,-1.163,-0.0,-0.203,0.105,-0.308,-0.203,0.105,-0.308,-4.012,-0.555,-0.72,-0.722,-0.719,-0.003,-0.001,-0.373,0.053,-0.426,-0.062,-0.284,-0.043,-0.241,-0.218,-0.105,-0.112,0.132,0.071,0.071,-0.806,-0.735,0.0,0.132,-0.021,0.153,0.132,-0.021,0.153,1.085,0.038,-2.517,-2.516,-2.523,0.007,0.006,-0.41,0.483,-0.893,-1.096,-1.017,-0.507,-0.51,-0.015,-0.051,0.038,-0.071,0.705,0.705,-1.898,-0.0,-0.071,0.084,-0.155,-0.071,0.084,-0.155,-2.927,-0.517,-1.163,-0.735,-1.898,6429,3214,3215
203488,Mike Muscala,2016,-1.854,-1.85,-1.854,0.004,0.0,-0.367,-0.334,-0.033,-0.246,-1.241,0.037,-1.278,-0.256,-0.285,0.03,-0.59,0.77,0.77,-2.7,-1.93,0.0,-0.59,-0.377,-0.213,-0.59,-0.377,-0.213,0.738,0.183,-0.904,-0.905,-0.905,0.0,0.001,0.255,0.026,0.229,-0.427,-0.733,-0.082,-0.651,0.239,0.246,-0.005,0.11,0.582,0.582,-0.555,0.027,0.0,0.11,0.159,-0.049,0.11,0.159,-0.049,-0.334,0.022,-2.758,-2.755,-2.759,0.004,0.001,-0.112,-0.308,0.196,-0.673,-1.974,-0.045,-1.929,-0.017,-0.039,0.025,-0.48,1.352,1.352,-1.903,0.0,-0.48,-0.218,-0.262,-0.48,-0.218,-0.262,0.404,0.205,-1.93,0.027,-1.903,4822,2417,2405
203924,Jerami Grant,2016,-1.278,-1.278,-1.296,0.018,0.018,0.722,0.674,0.048,-1.836,-0.182,0.107,-0.289,-0.167,0.526,-0.692,-0.822,0.019,0.019,-2.267,-2.248,-0.0,-0.822,-0.349,-0.473,-0.822,-0.349,-0.473,-1.982,0.309,0.769,0.766,0.768,-0.002,0.001,0.16,-0.042,0.202,0.026,0.582,0.026,0.556,0.041,-0.187,0.228,-0.339,-0.137,-0.137,0.471,0.334,0.0,-0.339,-0.081,-0.258,-0.339,-0.081,-0.258,0.578,-0.014,-0.509,-0.512,-0.528,0.016,0.019,0.882,0.632,0.25,-1.81,0.4,0.133,0.267,-0.126,0.339,-0.464,-1.161,-0.118,-0.118,-1.914,-0.0,-1.161,-0.43,-0.731,-1.161,-0.43,-0.731,-1.404,0.295,-2.248,0.334,-1.914,13785,6884,6901
201959,Taj Gibson,2016,-1.562,-1.57,-1.573,0.003,0.011,-0.692,0.14,-0.832,0.298,-1.179,-0.6,-0.579,-0.387,-0.331,-0.055,-0.526,1.175,1.175,-2.475,-1.3,0.0,-0.526,-0.116,-0.41,-0.526,-0.116,-0.41,-1.389,-0.23,0.378,0.379,0.379,0.0,-0.001,0.206,0.055,0.151,0.141,0.032,0.02,0.012,0.152,0.182,-0.029,-0.55,-0.622,-0.622,-0.02,-0.642,0.0,-0.55,-0.182,-0.368,-0.55,-0.182,-0.368,-0.211,-0.013,-1.184,-1.191,-1.194,0.003,0.01,-0.486,0.195,-0.681,0.439,-1.147,-0.58,-0.567,-0.235,-0.149,-0.084,-1.076,0.553,0.553,-1.942,0.0,-1.076,-0.298,-0.778,-1.076,-0.298,-0.778,-1.6,-0.243,-1.3,-0.642,-1.942,14920,7441,7479
1626192,Pat Connaughton,2016,-1.62,-1.612,-1.603,-0.009,-0.017,-0.07,-0.123,0.053,-0.656,-0.877,0.049,-0.926,0.047,-0.185,0.232,-0.039,-0.411,-0.411,-1.612,-2.023,0.0,-0.039,0.107,-0.146,-0.039,0.107,-0.146,-1.086,-0.183,0.261,0.26,0.263,-0.003,-0.002,0.356,0.159,0.197,0.085,-0.178,-0.053,-0.125,-0.105,-0.109,0.005,-0.178,0.103,0.103,-0.022,0.081,-0.0,-0.178,-0.238,0.06,-0.178,-0.238,0.06,0.001,0.075,-1.359,-1.353,-1.34,-0.013,-0.019,0.286,0.036,0.25,-0.571,-1.055,-0.004,-1.051,-0.058,-0.294,0.237,-0.217,-0.308,-0.308,-1.942,-0.001,-0.217,-0.131,-0.086,-0.217,-0.131,-0.086,-1.085,-0.108,-2.023,0.081,-1.943,622,313,309
201196,Ramon Sessions,2016,-1.34,-1.332,-1.331,-0.001,-0.009,-0.454,0.428,-0.882,-0.742,-0.135,-0.406,0.271,0.625,0.928,-0.303,-0.019,-0.98,-0.98,-0.734,-1.714,0.0,-0.019,0.474,-0.493,-0.019,0.474,-0.493,-2.59,-0.24,-0.352,-0.358,-0.362,0.004,0.01,-0.827,-0.073,-0.754,-0.177,0.642,0.027,0.615,-0.138,0.007,-0.144,-0.145,0.405,0.405,-0.635,-0.23,-0.0,-0.145,-0.118,-0.027,-0.145,-0.118,-0.027,-0.412,-0.224,-1.692,-1.69,-1.693,0.003,0.001,-1.281,0.355,-1.636,-0.919,0.507,-0.379,0.886,0.487,0.935,-0.447,-0.164,-0.575,-0.575,-1.944,0.0,-0.164,0.356,-0.52,-0.164,0.356,-0.52,-3.002,-0.464,-1.714,-0.23,-1.944,12301,6154,6147
203475,Erick Green,2016,-2.67,-2.673,-2.665,-0.008,-0.005,-0.961,-0.547,-0.414,-0.331,-1.373,0.029,-1.402,-0.107,-0.003,-0.102,0.324,1.201,1.201,-2.453,-1.252,0.0,0.324,0.15,0.174,0.324,0.15,0.174,-1.746,-0.644,-0.367,-0.373,-0.369,-0.004,0.002,-0.125,-0.026,-0.099,-0.135,-0.109,-0.026,-0.083,-0.183,-0.361,0.177,0.271,-0.415,-0.415,-0.279,-0.694,0.0,0.271,0.34,-0.069,0.271,0.34,-0.069,-0.26,-0.26,-3.037,-3.047,-3.034,-0.013,-0.003,-1.086,-0.573,-0.513,-0.466,-1.482,0.003,-1.485,-0.29,-0.364,0.075,0.595,0.786,0.786,-1.946,0.0,0.595,0.49,0.105,0.595,0.49,0.105,-2.006,-0.904,-1.252,-0.694,-1.946,1784,886,898
1626191,Chris McCullough,2016,-0.214,-0.218,-0.219,0.001,0.005,0.359,0.281,0.078,-0.857,0.279,-0.065,0.344,-0.239,-0.266,0.028,-0.015,0.258,0.258,-0.468,-0.21,-0.0,-0.015,-0.02,0.005,-0.015,-0.02,0.005,0.614,0.14,-1.294,-1.296,-1.298,0.002,0.004,-0.678,-0.36,-0.318,-0.197,-0.423,-0.1,-0.323,-0.039,-0.058,0.019,-0.036,-0.377,-0.377,-1.369,-1.746,0.0,-0.036,0.254,-0.29,-0.036,0.254,-0.29,-0.925,-0.348,-1.508,-1.515,-1.517,0.002,0.009,-0.319,-0.079,-0.24,-1.054,-0.144,-0.165,0.021,-0.278,-0.324,0.047,-0.051,-0.119,-0.119,-1.956,-0.001,-0.051,0.234,-0.285,-0.051,0.234,-0.285,-0.311,-0.208,-0.21,-1.746,-1.957,1446,718,728
201145,Jeff Green,2016,-0.853,-0.855,-0.839,-0.016,-0.014,-0.189,0.163,-0.352,-0.317,-0.333,-0.171,-0.162,0.127,-0.022,0.149,0.349,-0.887,-0.887,-0.377,-1.264,0.0,0.349,0.353,-0.004,0.349,0.353,-0.004,-1.409,-0.146,0.183,0.187,0.191,-0.004,-0.008,0.276,0.014,0.262,-0.164,0.079,-0.051,0.13,0.066,0.205,-0.141,-0.585,-0.388,-0.388,-0.336,-0.724,0.0,-0.585,-0.312,-0.273,-0.585,-0.312,-0.273,0.388,0.171,-0.67,-0.669,-0.648,-0.021,-0.022,0.087,0.177,-0.09,-0.481,-0.254,-0.222,-0.032,0.193,0.183,0.008,-0.236,-1.275,-1.275,-1.988,0.0,-0.236,0.041,-0.277,-0.236,0.041,-0.277,-1.021,0.025,-1.264,-0.724,-1.988,19887,9958,9929
101183,Shavlik Randolph,2016,-1.54,-1.533,-1.526,-0.007,-0.014,-0.785,-0.34,-0.445,-0.228,-0.513,0.074,-0.587,-0.182,-0.17,-0.01,0.031,-0.27,-0.27,-1.691,-1.961,0.0,0.031,0.03,0.001,0.031,0.03,0.001,-1.302,-0.582,-0.161,-0.158,-0.155,-0.003,-0.006,0.091,0.088,0.003,-0.27,0.024,0.008,0.016,0.039,0.013,0.026,-0.07,0.16,0.16,-0.192,-0.032,0.0,-0.07,-0.047,-0.023,-0.07,-0.047,-0.023,-0.214,0.01,-1.701,-1.691,-1.681,-0.01,-0.02,-0.694,-0.252,-0.442,-0.498,-0.489,0.082,-0.571,-0.143,-0.157,0.016,-0.039,-0.11,-0.11,-1.993,0.0,-0.039,-0.017,-0.022,-0.039,-0.017,-0.022,-1.516,-0.572,-1.961,-0.032,-1.993,510,254,256
203101,Miles Plumlee,2016,-0.521,-0.521,-0.511,-0.01,-0.01,-0.605,-0.086,-0.519,-0.52,0.614,-0.054,0.668,-0.654,-0.541,-0.11,-0.775,0.527,0.527,-1.95,-1.423,0.0,-0.775,-0.489,-0.286,-0.775,-0.489,-0.286,0.269,-0.142,-0.223,-0.223,-0.221,-0.002,-0.002,-0.188,-0.45,0.262,0.076,-0.109,0.083,-0.192,0.445,0.495,-0.05,0.001,-0.798,-0.798,0.223,-0.575,0.0,0.001,0.076,-0.075,0.001,0.076,-0.075,-0.886,-0.333,-0.744,-0.744,-0.732,-0.012,-0.012,-0.793,-0.536,-0.257,-0.444,0.505,0.029,0.476,-0.209,-0.046,-0.16,-0.774,-0.271,-0.271,-1.998,0.0,-0.774,-0.413,-0.361,-0.774,-0.413,-0.361,-0.617,-0.475,-1.423,-0.575,-1.998,8134,4056,4078
203148,Brian Roberts,2016,-1.621,-1.617,-1.616,-0.001,-0.005,-0.983,-0.66,-0.323,-0.562,-0.071,0.038,-0.109,-0.035,0.017,-0.05,0.459,-0.412,-0.412,-1.197,-1.609,-0.0,0.459,0.396,0.063,0.459,0.396,0.063,-0.569,-0.599,0.533,0.53,0.529,0.001,0.004,0.03,0.044,-0.014,0.428,0.071,0.135,-0.064,-0.336,-0.112,-0.223,-0.314,-0.292,-0.292,-0.117,-0.409,0.0,-0.314,-0.238,-0.076,-0.314,-0.238,-0.076,0.225,0.239,-1.088,-1.087,-1.087,0.0,-0.001,-0.953,-0.616,-0.337,-0.134,-0.0,0.173,-0.173,-0.371,-0.095,-0.273,0.145,-0.704,-0.704,-2.018,0.0,0.145,0.158,-0.013,0.145,0.158,-0.013,-0.344,-0.36,-1.609,-0.409,-2.018,7121,3561,3560
203900,Markel Brown,2016,-0.734,-0.736,-0.735,-0.001,0.001,0.623,0.677,-0.054,-0.744,-0.614,-0.312,-0.302,0.097,0.116,-0.019,0.514,1.042,1.042,-0.123,0.919,0.0,0.514,0.238,0.276,0.514,0.238,0.276,-0.538,0.72,-1.946,-1.948,-1.95,0.002,0.004,-0.543,-0.171,-0.372,-0.12,-1.287,-0.146,-1.141,0.002,0.152,-0.148,0.123,-1.117,-1.117,-1.821,-2.938,-0.0,0.123,0.002,0.121,0.123,0.002,0.121,-3.421,-0.695,-2.68,-2.684,-2.685,0.001,0.005,0.08,0.506,-0.426,-0.864,-1.901,-0.458,-1.443,0.099,0.268,-0.167,0.637,-0.075,-0.075,-2.019,-0.0,0.637,0.24,0.397,0.637,0.24,0.397,-3.959,0.025,0.919,-2.938,-2.019,6971,3475,3496
200779,Steve Novak,2016,-0.915,-0.917,-0.906,-0.011,-0.009,-0.606,0.023,-0.629,-0.175,-0.125,0.376,-0.501,-0.215,-0.092,-0.119,0.098,0.078,0.078,-1.032,-0.954,0.0,0.098,0.036,0.062,0.098,0.036,0.062,-0.36,-0.31,-0.347,-0.354,-0.352,-0.002,0.005,0.019,-0.024,0.043,-0.219,-0.152,-0.039,-0.113,-0.227,-0.217,-0.008,-0.131,-0.36,-0.36,-0.705,-1.065,0.0,-0.131,-0.018,-0.113,-0.131,-0.018,-0.113,0.399,0.141,-1.262,-1.271,-1.258,-0.013,-0.004,-0.587,-0.001,-0.586,-0.394,-0.277,0.337,-0.614,-0.442,-0.309,-0.127,-0.033,-0.282,-0.282,-2.019,0.0,-0.033,0.018,-0.051,-0.033,0.018,-0.051,0.039,-0.169,-0.954,-1.065,-2.019,1013,510,503
202337,Luke Babbitt,2016,1.464,1.464,1.467,-0.003,-0.003,-0.029,0.185,-0.214,0.503,0.993,0.095,0.898,-0.267,-0.256,-0.01,-0.2,-1.314,-1.314,0.997,-0.317,-0.0,-0.2,-0.082,-0.118,-0.2,-0.082,-0.118,0.35,-0.084,-0.216,-0.219,-0.218,-0.001,0.002,-0.357,-0.222,-0.135,0.271,-0.132,0.034,-0.166,-0.552,-0.189,-0.363,-0.708,-0.227,-0.227,-1.476,-1.703,0.0,-0.708,-0.59,-0.118,-0.708,-0.59,-0.118,0.584,-0.068,1.248,1.245,1.249,-0.004,-0.001,-0.386,-0.037,-0.349,0.774,0.861,0.129,0.732,-0.819,-0.445,-0.373,-0.908,-1.541,-1.541,-2.02,0.0,-0.908,-0.672,-0.236,-0.908,-0.672,-0.236,0.934,-0.152,-0.317,-1.703,-2.02,6613,3311,3302
201948,Austin Daye,2016,-1.277,-1.273,-1.265,-0.008,-0.012,-0.28,-0.281,0.001,-0.871,-0.114,0.189,-0.303,0.163,-0.051,0.216,0.05,-0.403,-0.403,-1.064,-1.467,-0.0,0.05,-0.132,0.182,0.05,-0.132,0.182,-1.05,-0.452,-0.39,-0.395,-0.396,0.001,0.006,-0.25,-0.091,-0.159,-0.038,-0.108,0.01,-0.118,-0.172,-0.099,-0.071,-0.189,0.191,0.191,-0.751,-0.56,0.0,-0.189,-0.04,-0.149,-0.189,-0.04,-0.149,0.399,-0.03,-1.667,-1.668,-1.661,-0.007,-0.006,-0.53,-0.372,-0.158,-0.909,-0.222,0.199,-0.421,-0.009,-0.15,0.145,-0.139,-0.212,-0.212,-2.027,-0.001,-0.139,-0.172,0.033,-0.139,-0.172,0.033,-0.651,-0.482,-1.467,-0.56,-2.028,1371,682,689
2746,Josh Smith,2016,-1.298,-1.3,-1.315,0.015,0.017,0.52,0.367,0.153,-1.633,-0.202,0.307,-0.509,-0.923,-0.365,-0.556,-0.096,-0.506,-0.506,-2.317,-2.823,0.0,-0.096,-0.433,0.337,-0.096,-0.433,0.337,1.651,0.756,1.074,1.079,1.082,-0.003,-0.008,0.631,0.145,0.486,0.452,-0.001,-0.075,0.074,0.195,0.242,-0.048,0.14,-0.617,-0.617,1.409,0.792,-0.0,0.14,0.091,0.049,0.14,0.091,0.049,0.788,0.541,-0.224,-0.221,-0.233,0.012,0.009,1.151,0.512,0.639,-1.181,-0.203,0.232,-0.435,-0.728,-0.123,-0.604,0.044,-1.123,-1.123,-2.031,0.0,0.044,-0.342,0.386,0.044,-0.342,0.386,2.439,1.297,-2.823,0.792,-2.031,14637,7321,7316
203996,Damien Inglis,2016,-1.474,-1.465,-1.453,-0.012,-0.021,-0.609,0.093,-0.702,0.127,-0.971,-0.059,-0.912,-0.015,0.155,-0.166,-0.163,-0.371,-0.371,-1.652,-2.023,-0.0,-0.163,-0.097,-0.066,-0.163,-0.097,-0.066,-1.555,-0.362,-0.318,-0.321,-0.322,0.001,0.004,0.158,-0.194,0.352,-0.154,-0.326,-0.015,-0.311,-0.032,0.02,-0.049,0.066,0.269,0.269,-0.284,-0.015,-0.0,0.066,0.12,-0.054,0.066,0.12,-0.054,-0.145,0.015,-1.792,-1.786,-1.775,-0.011,-0.017,-0.451,-0.101,-0.35,-0.027,-1.297,-0.074,-1.223,-0.047,0.175,-0.215,-0.097,-0.102,-0.102,-2.038,0.0,-0.097,0.023,-0.12,-0.097,0.023,-0.12,-1.7,-0.347,-2.023,-0.015,-2.038,611,306,305
201947,Earl Clark,2016,-0.907,-0.904,-0.892,-0.012,-0.015,-0.445,-0.11,-0.335,-0.644,0.197,0.034,0.163,-0.085,-0.028,-0.054,-0.69,-0.296,-0.296,-1.682,-1.978,0.0,-0.69,-0.214,-0.476,-0.69,-0.214,-0.476,-1.057,-0.338,-0.114,-0.115,-0.113,-0.002,-0.001,-0.156,-0.077,-0.079,0.026,0.017,-0.036,0.053,0.009,-0.039,0.048,-0.041,0.082,0.082,-0.146,-0.064,0.0,-0.041,-0.034,-0.007,-0.041,-0.034,-0.007,-0.484,-0.126,-1.021,-1.018,-1.005,-0.013,-0.016,-0.601,-0.187,-0.414,-0.618,0.214,-0.002,0.216,-0.076,-0.067,-0.006,-0.731,-0.214,-0.214,-2.042,0.0,-0.731,-0.248,-0.483,-0.731,-0.248,-0.483,-1.541,-0.464,-1.978,-0.064,-2.042,432,216,216
203124,Kyle O'Quinn,2016,-0.486,-0.493,-0.496,0.003,0.01,0.46,0.128,0.332,-0.48,-0.476,-0.081,-0.395,-0.57,-0.602,0.032,-0.076,-1.108,-1.108,-1.132,-2.24,0.0,-0.076,-0.337,0.261,-0.076,-0.337,0.261,0.092,0.449,1.354,1.36,1.36,0.0,-0.006,0.343,0.449,-0.106,0.557,0.46,0.002,0.458,-0.275,-0.191,-0.083,-0.109,-0.795,-0.795,0.97,0.175,-0.0,-0.109,0.178,-0.287,-0.109,0.178,-0.287,0.994,0.6,0.868,0.867,0.864,0.003,0.004,0.803,0.577,0.226,0.077,-0.016,-0.079,0.063,-0.845,-0.793,-0.051,-0.185,-1.903,-1.903,-2.065,0.0,-0.185,-0.159,-0.026,-0.185,-0.159,-0.026,1.086,1.049,-2.24,0.175,-2.065,6117,3055,3062
201150,Spencer Hawes,2016,0.462,0.454,0.459,-0.005,0.003,-0.438,-0.474,0.036,0.56,0.337,0.794,-0.457,-0.458,-0.689,0.233,-0.427,-1.962,-1.962,-0.423,-2.385,0.0,-0.427,-0.027,-0.4,-0.427,-0.027,-0.4,2.205,-0.374,0.804,0.801,0.807,-0.006,-0.003,0.945,0.399,0.546,-0.192,0.054,-0.172,0.226,-0.203,-0.069,-0.134,-0.275,-0.01,-0.01,0.326,0.316,0.0,-0.275,-0.161,-0.114,-0.275,-0.161,-0.114,-0.414,0.35,1.266,1.255,1.266,-0.011,-0.0,0.507,-0.075,0.582,0.368,0.391,0.622,-0.231,-0.661,-0.758,0.099,-0.702,-1.972,-1.972,-2.069,0.0,-0.702,-0.188,-0.514,-0.702,-0.188,-0.514,1.791,-0.024,-2.385,0.316,-2.069,9459,4727,4732
201148,Brandan Wright,2016,-0.544,-0.553,-0.563,0.01,0.019,0.694,0.137,0.557,-0.037,-1.22,-0.224,-0.996,-0.447,-0.09,-0.354,-0.186,0.138,0.138,-1.177,-1.039,0.0,-0.186,-0.297,0.111,-0.186,-0.297,0.111,-0.367,0.528,-1.012,-1.013,-1.009,-0.004,-0.003,-0.315,-0.007,-0.308,0.494,-1.188,-0.078,-1.11,0.047,-0.085,0.133,-0.203,0.136,0.136,-1.168,-1.032,0.0,-0.203,0.067,-0.27,-0.203,0.067,-0.27,-1.25,-0.249,-1.556,-1.566,-1.572,0.006,0.016,0.379,0.13,0.249,0.457,-2.408,-0.302,-2.106,-0.4,-0.175,-0.221,-0.389,0.274,0.274,-2.071,0.0,-0.389,-0.23,-0.159,-0.389,-0.23,-0.159,-1.617,0.279,-1.039,-1.032,-2.071,6455,3221,3234
201978,Chase Budinger,2016,-0.665,-0.667,-0.658,-0.009,-0.007,-0.467,0.178,-0.645,0.696,-0.887,-0.28,-0.607,0.275,-0.041,0.315,-0.238,-0.649,-0.649,-0.628,-1.277,0.0,-0.238,-0.59,0.352,-0.238,-0.59,0.352,-1.399,-0.149,-0.553,-0.555,-0.555,0.0,0.002,-0.361,-0.111,-0.25,-0.229,0.035,0.059,-0.024,0.475,0.322,0.153,0.088,-0.829,-0.829,0.01,-0.819,0.0,0.088,0.052,0.036,0.088,0.052,0.036,0.142,0.037,-1.218,-1.223,-1.213,-0.01,-0.005,-0.828,0.067,-0.895,0.467,-0.852,-0.221,-0.631,0.75,0.281,0.468,-0.15,-1.478,-1.478,-2.096,-0.001,-0.15,-0.538,0.388,-0.15,-0.538,0.388,-1.257,-0.112,-1.277,-0.819,-2.097,8871,4425,4446
201578,Marreese Speights,2016,-0.523,-0.522,-0.514,-0.008,-0.009,-0.43,-0.843,0.413,0.534,-0.618,-0.553,-0.065,0.011,-0.389,0.402,-0.302,-0.309,-0.309,-0.814,-1.123,0.0,-0.302,0.013,-0.315,-0.302,0.013,-0.315,1.819,-0.535,-0.826,-0.819,-0.812,-0.007,-0.014,-0.712,-0.142,-0.57,0.086,-0.186,0.17,-0.356,0.055,0.043,0.011,0.144,-0.352,-0.352,-0.627,-0.979,-0.0,0.144,-0.044,0.188,0.144,-0.044,0.188,-0.018,-0.056,-1.349,-1.34,-1.326,-0.014,-0.023,-1.142,-0.985,-0.157,0.62,-0.804,-0.383,-0.421,0.066,-0.346,0.413,-0.158,-0.661,-0.661,-2.102,0.001,-0.158,-0.031,-0.127,-0.158,-0.031,-0.127,1.801,-0.591,-1.123,-0.979,-2.101,9447,4721,4726
201574,Jason Thompson,2016,-1.121,-1.132,-1.155,0.023,0.034,-0.427,-0.547,0.12,-0.245,-0.483,-0.44,-0.043,-0.203,-0.158,-0.045,0.465,-0.256,-0.256,-0.859,-1.115,0.0,0.465,0.291,0.174,0.465,0.291,0.174,-1.165,-0.559,-1.235,-1.229,-1.227,-0.002,-0.008,-0.342,0.186,-0.528,-0.526,-0.359,-0.006,-0.353,-0.129,0.002,-0.133,-0.223,0.569,0.569,-1.587,-1.018,0.0,-0.223,-0.048,-0.175,-0.223,-0.048,-0.175,-0.509,0.258,-2.356,-2.362,-2.382,0.02,0.026,-0.769,-0.361,-0.408,-0.771,-0.842,-0.446,-0.396,-0.332,-0.156,-0.178,0.242,0.313,0.313,-2.133,0.0,0.242,0.243,-0.001,0.242,0.243,-0.001,-1.674,-0.301,-1.115,-1.018,-2.133,9886,4947,4939
1626242,Luis Montero,2016,-1.06,-1.06,-1.049,-0.011,-0.011,-0.42,-0.155,-0.265,-0.328,-0.301,0.074,-0.375,-0.051,-0.032,-0.016,-0.379,-0.134,-0.134,-1.49,-1.624,0.0,-0.379,-0.178,-0.201,-0.379,-0.178,-0.201,-1.142,-0.195,-0.286,-0.29,-0.286,-0.004,0.0,0.133,0.118,0.015,0.002,-0.421,-0.037,-0.384,-0.078,-0.049,-0.027,-0.096,-0.063,-0.063,-0.46,-0.523,-0.0,-0.096,-0.09,-0.006,-0.096,-0.09,-0.006,-0.467,0.043,-1.346,-1.349,-1.335,-0.014,-0.011,-0.287,-0.037,-0.25,-0.326,-0.722,0.037,-0.759,-0.129,-0.081,-0.043,-0.475,-0.197,-0.197,-2.147,0.0,-0.475,-0.268,-0.207,-0.475,-0.268,-0.207,-1.609,-0.152,-1.624,-0.523,-2.147,198,98,100
203099,Jared Cunningham,2016,0.184,0.185,0.178,0.007,0.006,0.248,0.097,0.151,-0.677,0.607,-0.131,0.738,-0.314,0.15,-0.459,-0.449,-0.681,-0.681,-0.579,-1.26,0.0,-0.449,-0.255,-0.194,-0.449,-0.255,-0.194,0.963,0.546,-1.164,-1.173,-1.173,0.0,0.009,-0.364,-0.078,-0.286,-0.195,-0.614,0.033,-0.647,-0.272,-0.212,-0.056,0.222,0.325,0.325,-1.214,-0.889,0.0,0.222,-0.046,0.268,0.222,-0.046,0.268,0.33,0.127,-0.98,-0.988,-0.995,0.007,0.015,-0.116,0.019,-0.135,-0.872,-0.007,-0.098,0.091,-0.586,-0.062,-0.515,-0.227,-0.356,-0.356,-2.149,0.0,-0.227,-0.301,0.074,-0.227,-0.301,0.074,1.293,0.673,-1.26,-0.889,-2.149,1945,968,977
203953,Jabari Parker,2016,0.619,0.612,0.614,-0.002,0.005,2.313,1.096,1.217,-0.494,-1.205,-0.869,-0.336,-0.14,0.062,-0.204,-0.084,-0.617,-0.617,0.395,-0.222,0.0,-0.084,-0.227,0.143,-0.084,-0.227,0.143,-0.77,1.496,-1.396,-1.397,-1.396,-0.001,0.0,-0.75,-0.268,-0.482,-0.635,-0.011,-0.067,0.056,0.206,0.342,-0.135,-0.085,-0.654,-0.654,-1.275,-1.929,-0.0,-0.085,0.277,-0.362,-0.085,0.277,-0.362,-3.13,-0.817,-0.777,-0.784,-0.782,-0.002,0.005,1.563,0.828,0.735,-1.129,-1.216,-0.936,-0.28,0.066,0.404,-0.339,-0.169,-1.271,-1.271,-2.151,0.001,-0.169,0.05,-0.219,-0.169,0.05,-0.219,-3.9,0.679,-0.222,-1.929,-2.15,12240,6109,6131
101198,Will Bynum,2016,-0.35,-0.35,-0.357,0.007,0.007,0.157,-0.037,0.194,0.138,-0.652,0.045,-0.697,-0.129,-0.028,-0.098,-0.478,-0.237,-0.237,-0.957,-1.194,0.0,-0.478,-0.361,-0.117,-0.478,-0.361,-0.117,-1.012,-0.175,-0.343,-0.348,-0.348,0.0,0.005,-0.151,-0.084,-0.067,0.215,-0.412,-0.002,-0.41,-0.112,-0.13,0.02,-0.225,-0.28,-0.28,-0.68,-0.96,0.0,-0.225,-0.136,-0.089,-0.225,-0.136,-0.089,-0.432,0.035,-0.693,-0.698,-0.705,0.007,0.012,0.006,-0.121,0.127,0.353,-1.064,0.043,-1.107,-0.241,-0.158,-0.078,-0.703,-0.517,-0.517,-2.154,0.0,-0.703,-0.497,-0.206,-0.703,-0.497,-0.206,-1.444,-0.14,-1.194,-0.96,-2.154,390,195,195
203210,JaMychal Green,2016,-1.335,-1.339,-1.341,0.002,0.006,0.155,0.401,-0.246,-0.453,-1.043,-0.36,-0.683,0.258,0.261,-0.006,-0.272,0.236,0.236,-1.349,-1.113,0.0,-0.272,0.245,-0.517,-0.272,0.245,-0.517,-2.811,0.124,-1.887,-1.887,-1.885,-0.002,-0.002,-0.082,-0.162,0.08,-0.582,-1.221,-0.252,-0.969,-0.526,-0.542,0.019,0.778,0.567,0.567,-1.635,-1.068,0.0,0.778,0.09,0.688,0.778,0.09,0.688,-0.645,0.376,-3.222,-3.226,-3.226,0.0,0.004,0.073,0.239,-0.166,-1.035,-2.264,-0.612,-1.652,-0.268,-0.281,0.013,0.506,0.803,0.803,-2.181,0.0,0.506,0.335,0.171,0.506,0.335,0.171,-3.456,0.5,-1.113,-1.068,-2.181,6638,3319,3319
203933,T.J. Warren,2016,-1.248,-1.237,-1.246,0.009,-0.002,-0.858,-0.064,-0.794,-0.901,0.513,-0.253,0.766,-0.299,-0.345,0.045,-0.252,0.836,0.836,-1.799,-0.963,0.0,-0.252,-0.119,-0.133,-0.252,-0.119,-0.133,-0.355,-0.008,-1.811,-1.805,-1.804,-0.001,-0.007,-1.046,-0.397,-0.649,-0.636,-0.122,0.087,-0.209,0.023,-0.142,0.166,0.274,0.281,0.281,-1.514,-1.233,0.0,0.274,0.04,0.234,0.274,0.04,0.234,-0.061,-0.474,-3.059,-3.042,-3.05,0.008,-0.009,-1.904,-0.461,-1.443,-1.537,0.391,-0.166,0.557,-0.276,-0.487,0.211,0.022,1.117,1.117,-2.196,-0.001,0.022,-0.079,0.101,0.022,-0.079,0.101,-0.416,-0.482,-0.963,-1.233,-2.197,6801,3406,3395
200765,Rajon Rondo,2016,0.83,0.829,0.861,-0.032,-0.031,1.28,0.778,0.502,-0.027,-0.392,-0.191,-0.201,-0.781,0.035,-0.815,-0.815,-1.083,-1.083,-0.766,-1.849,0.0,-0.815,-0.839,0.024,-0.815,-0.839,0.024,2.555,0.864,-1.317,-1.317,-1.315,-0.002,-0.002,-0.595,-0.17,-0.425,-0.031,-0.689,-0.158,-0.531,0.16,0.201,-0.04,0.594,0.211,0.211,-0.563,-0.352,0.0,0.594,-0.026,0.62,0.594,-0.026,0.62,-2.41,-0.575,-0.487,-0.487,-0.454,-0.033,-0.033,0.685,0.608,0.077,-0.058,-1.081,-0.349,-0.732,-0.621,0.236,-0.855,-0.221,-0.872,-0.872,-2.201,0.001,-0.221,-0.865,0.644,-0.221,-0.865,0.644,0.145,0.289,-1.849,-0.352,-2.2,18837,9443,9394
203459,Allen Crabbe,2016,-0.576,-0.572,-0.554,-0.018,-0.022,-0.085,-0.292,0.207,-0.527,0.058,0.086,-0.028,0.174,0.097,0.077,0.028,-0.065,-0.065,-0.374,-0.439,-0.0,0.028,0.283,-0.255,0.028,0.283,-0.255,-0.207,-0.192,-0.522,-0.524,-0.524,0.0,0.002,-0.541,-0.045,-0.496,-0.266,0.283,0.059,0.224,-0.808,-0.744,-0.062,-0.17,-0.261,-0.261,-1.5,-1.761,0.0,-0.17,-0.307,0.137,-0.17,-0.307,0.137,1.549,0.108,-1.098,-1.095,-1.078,-0.017,-0.02,-0.626,-0.337,-0.289,-0.793,0.341,0.145,0.196,-0.634,-0.647,0.015,-0.142,-0.326,-0.326,-2.2,0.0,-0.142,-0.024,-0.118,-0.142,-0.024,-0.118,1.342,-0.084,-0.439,-1.761,-2.2,12469,6252,6217
203268,Jorge Gutierrez,2016,-0.582,-0.581,-0.583,0.002,0.001,-0.038,-0.235,0.197,-0.082,-0.463,-0.168,-0.295,-0.226,-0.063,-0.161,-0.445,-0.434,-0.434,-1.253,-1.687,-0.0,-0.445,-0.293,-0.152,-0.445,-0.293,-0.152,0.673,0.036,0.436,0.437,0.441,-0.004,-0.005,0.21,0.144,0.066,0.317,-0.086,-0.108,0.022,-0.102,-0.088,-0.013,-0.406,-0.443,-0.443,-0.072,-0.515,0.0,-0.406,-0.27,-0.136,-0.406,-0.27,-0.136,-0.2,0.118,-0.146,-0.145,-0.142,-0.003,-0.004,0.172,-0.091,0.263,0.235,-0.549,-0.276,-0.273,-0.328,-0.151,-0.174,-0.851,-0.877,-0.877,-2.202,-0.001,-0.851,-0.563,-0.288,-0.851,-0.563,-0.288,0.473,0.154,-1.687,-0.515,-2.203,1036,515,521
204067,Jarell Eddie,2016,-1.812,-1.811,-1.79,-0.021,-0.022,-0.688,-0.089,-0.599,-0.537,-0.565,0.187,-0.752,-0.126,-0.165,0.039,0.1,0.213,0.213,-1.838,-1.625,0.0,0.1,-0.047,0.147,0.1,-0.047,0.147,-1.336,-0.267,-0.296,-0.299,-0.298,-0.001,0.002,-0.024,-0.009,-0.015,-0.213,-0.061,-0.092,0.031,-0.104,-0.191,0.087,-0.159,-0.037,-0.037,-0.559,-0.596,0.0,-0.159,-0.092,-0.067,-0.159,-0.092,-0.067,-0.238,0.04,-2.108,-2.109,-2.088,-0.021,-0.02,-0.712,-0.098,-0.614,-0.75,-0.626,0.095,-0.721,-0.23,-0.356,0.126,-0.059,0.176,0.176,-2.221,0.0,-0.059,-0.139,0.08,-0.059,-0.139,0.08,-1.574,-0.227,-1.625,-0.596,-2.221,621,310,311
202332,Cole Aldrich,2016,-1.356,-1.361,-1.361,-0.0,0.005,-0.557,-0.247,-0.31,-1.009,0.205,-0.195,0.4,-0.373,-0.886,0.516,-1.154,-0.193,-0.193,-2.883,-3.076,0.0,-1.154,-0.727,-0.427,-1.154,-0.727,-0.427,-0.152,0.08,0.693,0.696,0.7,-0.004,-0.007,-0.046,-0.056,0.01,-0.124,0.87,0.075,0.795,0.046,0.006,0.041,0.472,-0.357,-0.357,1.211,0.854,0.0,0.472,0.398,0.074,0.472,0.398,0.074,0.118,0.017,-0.663,-0.665,-0.661,-0.004,-0.002,-0.603,-0.303,-0.3,-1.133,1.075,-0.12,1.195,-0.327,-0.88,0.557,-0.682,-0.55,-0.55,-2.222,0.0,-0.682,-0.329,-0.353,-0.682,-0.329,-0.353,-0.034,0.097,-3.076,0.854,-2.222,7131,3559,3572
1626202,Joe Young,2016,-0.719,-0.716,-0.72,0.004,0.001,0.102,-0.015,0.117,0.25,-1.072,-0.238,-0.834,-0.287,-0.199,-0.087,-0.061,-0.207,-0.207,-1.067,-1.274,0.0,-0.061,-0.066,0.005,-0.061,-0.066,0.005,-1.252,0.189,-0.291,-0.292,-0.292,0.0,0.001,-0.349,-0.237,-0.112,0.01,0.047,0.001,0.046,-0.011,-0.044,0.035,-0.519,-0.13,-0.13,-0.821,-0.951,0.0,-0.519,-0.082,-0.437,-0.519,-0.082,-0.437,-0.728,-0.279,-1.01,-1.008,-1.012,0.004,0.002,-0.247,-0.252,0.005,0.26,-1.025,-0.237,-0.788,-0.298,-0.243,-0.052,-0.58,-0.337,-0.337,-2.225,0.0,-0.58,-0.148,-0.432,-0.58,-0.148,-0.432,-1.98,-0.09,-1.274,-0.951,-2.225,1579,792,787
2853,Earl Barron,2016,-1.657,-1.65,-1.638,-0.012,-0.019,-1.125,-0.212,-0.913,-0.09,-0.423,-0.037,-0.386,-0.285,-0.15,-0.131,0.051,-0.252,-0.252,-1.891,-2.143,0.0,0.051,0.097,-0.046,0.051,0.097,-0.046,-1.307,-0.571,-0.437,-0.438,-0.436,-0.002,-0.001,-0.193,0.074,-0.267,-0.186,-0.057,-0.049,-0.008,-0.009,-0.057,0.048,0.093,0.268,0.268,-0.353,-0.085,-0.0,0.093,-0.0,0.093,0.093,-0.0,0.093,-0.523,-0.056,-2.094,-2.088,-2.074,-0.014,-0.02,-1.318,-0.138,-1.18,-0.276,-0.48,-0.086,-0.394,-0.294,-0.207,-0.083,0.144,0.016,0.016,-2.228,-0.0,0.144,0.097,0.047,0.144,0.097,0.047,-1.83,-0.627,-2.143,-0.085,-2.228,560,276,284
2225,Tony Parker,2016,0.409,0.401,0.399,0.002,0.01,-0.434,-0.007,-0.427,1.139,-0.306,-0.37,0.064,-0.259,-0.303,0.043,0.315,-1.814,-1.814,0.465,-1.349,0.0,0.315,0.175,0.14,0.315,0.175,0.14,-0.642,-0.439,-1.758,-1.76,-1.761,0.001,0.003,-0.868,-0.301,-0.567,-0.512,-0.381,0.359,-0.74,0.171,0.223,-0.051,-0.071,0.769,0.769,-1.658,-0.889,-0.0,-0.071,-0.048,-0.023,-0.071,-0.048,-0.023,-1.314,-0.659,-1.349,-1.359,-1.362,0.003,0.013,-1.302,-0.308,-0.994,0.627,-0.687,-0.011,-0.676,-0.088,-0.08,-0.008,0.244,-1.045,-1.045,-2.238,-0.001,0.244,0.127,0.117,0.244,0.127,0.117,-1.956,-1.098,-1.349,-0.889,-2.239,16967,8489,8478
203123,Kostas Papanikolaou,2016,-0.286,-0.281,-0.296,0.015,0.01,0.308,0.174,0.134,-0.706,0.102,0.547,-0.445,-0.81,-0.572,-0.238,-0.968,-0.429,-0.429,-2.064,-2.493,0.0,-0.968,-0.284,-0.684,-0.968,-0.284,-0.684,0.173,-0.09,0.151,0.149,0.151,-0.002,-0.0,-0.178,-0.184,0.006,0.304,0.025,0.089,-0.064,0.116,0.12,-0.003,0.175,-0.209,-0.209,0.442,0.233,0.0,0.175,0.184,-0.009,0.175,0.184,-0.009,1.224,0.098,-0.135,-0.132,-0.145,0.013,0.01,0.13,-0.01,0.14,-0.402,0.127,0.636,-0.509,-0.694,-0.452,-0.241,-0.793,-0.638,-0.638,-2.26,0.0,-0.793,-0.1,-0.693,-0.793,-0.1,-0.693,1.397,0.008,-2.493,0.233,-2.26,4335,2166,2169
101249,John Lucas III,2016,-0.614,-0.6,-0.617,0.017,0.003,-0.713,-0.794,0.081,0.953,-0.857,0.049,-0.906,0.036,-0.071,0.109,-0.233,-0.806,-0.806,-0.811,-1.617,0.0,-0.233,-0.251,0.018,-0.233,-0.251,0.018,0.356,-0.629,-0.494,-0.497,-0.497,0.0,0.003,-0.233,-0.105,-0.128,0.177,-0.441,-0.026,-0.415,-0.092,-0.132,0.042,-0.113,0.046,0.046,-0.699,-0.653,-0.0,-0.113,-0.089,-0.024,-0.113,-0.089,-0.024,-0.552,-0.105,-1.108,-1.098,-1.114,0.016,0.006,-0.946,-0.899,-0.047,1.13,-1.298,0.023,-1.321,-0.056,-0.203,0.151,-0.346,-0.76,-0.76,-2.27,0.0,-0.346,-0.34,-0.006,-0.346,-0.34,-0.006,-0.196,-0.734,-1.617,-0.653,-2.27,1028,516,512
101122,Danny Granger,2016,-0.895,-0.891,-0.896,0.005,0.001,-1.063,-0.55,-0.513,0.27,-0.103,0.263,-0.366,-0.165,0.051,-0.213,-0.04,-0.0,-0.0,-1.1,-1.1,0.0,-0.04,-0.128,0.088,-0.04,-0.128,0.088,-1.395,-0.861,-0.762,-0.77,-0.767,-0.003,0.005,0.392,0.173,0.219,-0.32,-0.839,-0.133,-0.706,-0.127,-0.211,0.084,-0.19,-0.101,-0.101,-1.079,-1.18,0.0,-0.19,-0.207,0.017,-0.19,-0.207,0.017,-0.145,0.144,-1.657,-1.661,-1.663,0.002,0.006,-0.671,-0.377,-0.294,-0.05,-0.942,0.13,-1.072,-0.292,-0.16,-0.129,-0.23,-0.101,-0.101,-2.28,0.0,-0.23,-0.335,0.105,-0.23,-0.335,0.105,-1.54,-0.717,-1.1,-1.18,-2.28,2223,1110,1113
203903,Jordan Clarkson,2016,-1.637,-1.619,-1.59,-0.029,-0.047,-0.108,0.102,-0.21,-0.265,-1.217,-0.395,-0.822,0.394,0.196,0.194,0.832,0.056,0.056,-0.411,-0.355,-0.0,0.832,0.916,-0.084,0.832,0.916,-0.084,-3.839,-0.488,-1.171,-1.171,-1.171,0.0,0.0,-0.753,-0.112,-0.641,-0.29,-0.128,0.002,-0.13,0.001,-0.111,0.112,-0.697,-0.082,-0.082,-1.867,-1.949,0.0,-0.697,-0.295,-0.402,-0.697,-0.295,-0.402,-2.039,-0.551,-2.808,-2.79,-2.761,-0.029,-0.047,-0.861,-0.01,-0.851,-0.555,-1.345,-0.393,-0.952,0.395,0.085,0.306,0.135,-0.026,-0.026,-2.304,0.0,0.135,0.621,-0.486,0.135,0.621,-0.486,-5.878,-1.039,-0.355,-1.949,-2.304,15770,7862,7908
101135,David Lee,2016,-0.394,-0.401,-0.397,-0.004,0.003,0.42,-0.329,0.749,-0.033,-0.784,-0.191,-0.593,-0.518,-0.28,-0.237,-0.297,-0.905,-0.905,-1.209,-2.114,0.0,-0.297,-0.364,0.067,-0.297,-0.364,0.067,1.349,1.025,-0.351,-0.346,-0.345,-0.001,-0.006,0.155,0.076,0.079,0.283,-0.783,-0.184,-0.599,-0.169,-0.127,-0.042,0.384,-0.07,-0.07,-0.136,-0.206,0.0,0.384,0.494,-0.11,0.384,0.494,-0.11,-0.54,0.164,-0.745,-0.746,-0.742,-0.004,-0.003,0.575,-0.253,0.828,0.25,-1.567,-0.375,-1.192,-0.687,-0.407,-0.279,0.087,-0.975,-0.975,-2.32,-0.001,0.087,0.13,-0.043,0.087,0.13,-0.043,0.809,1.189,-2.114,-0.206,-2.321,7902,3929,3973
203998,Bruno Caboclo,2016,-1.06,-1.059,-1.049,-0.01,-0.011,-0.231,-0.029,-0.202,-0.632,-0.186,-0.013,-0.173,-0.167,-0.113,-0.052,-0.355,-0.318,-0.318,-1.582,-1.9,0.0,-0.355,-0.15,-0.205,-0.355,-0.15,-0.205,-0.741,-0.195,-0.282,-0.284,-0.284,0.0,0.002,-0.169,-0.142,-0.027,-0.01,-0.105,-0.038,-0.067,-0.04,0.002,-0.04,-0.196,0.091,0.091,-0.518,-0.427,0.0,-0.196,-0.046,-0.15,-0.196,-0.046,-0.15,-0.446,-0.18,-1.342,-1.343,-1.333,-0.01,-0.009,-0.4,-0.171,-0.229,-0.642,-0.291,-0.051,-0.24,-0.207,-0.111,-0.092,-0.551,-0.227,-0.227,-2.327,0.0,-0.551,-0.196,-0.355,-0.551,-0.196,-0.355,-1.187,-0.375,-1.9,-0.427,-2.327,266,135,131
202130,Reggie Williams,2016,-1.48,-1.47,-1.458,-0.012,-0.022,-0.075,-0.007,-0.068,-0.276,-1.107,-0.052,-1.055,-0.092,-0.026,-0.062,0.534,-0.312,-0.312,-1.038,-1.35,0.0,0.534,0.269,0.265,0.534,0.269,0.265,-0.615,0.103,-0.786,-0.787,-0.785,-0.002,-0.001,-0.106,0.005,-0.111,-0.31,-0.369,-0.063,-0.306,-0.02,0.049,-0.067,-0.343,0.165,0.165,-1.149,-0.984,0.0,-0.343,-0.137,-0.206,-0.343,-0.137,-0.206,-0.698,-0.032,-2.266,-2.257,-2.243,-0.014,-0.023,-0.181,-0.002,-0.179,-0.586,-1.476,-0.115,-1.361,-0.112,0.023,-0.129,0.191,-0.147,-0.147,-2.334,0.0,0.191,0.132,0.059,0.191,0.132,0.059,-1.313,0.071,-1.35,-0.984,-2.334,409,209,200
203949,James Michael McAdoo,2016,-0.698,-0.699,-0.696,-0.003,-0.002,-0.162,0.018,-0.18,-0.892,0.358,-0.16,0.518,-0.228,0.265,-0.487,0.324,-0.132,-0.132,-0.602,-0.734,-0.0,0.324,0.022,0.302,0.324,0.022,0.302,0.482,0.055,-1.442,-1.446,-1.443,-0.003,0.001,-0.709,-0.093,-0.616,-0.102,-0.632,-0.037,-0.595,-0.26,-0.351,0.092,-0.138,0.215,0.215,-1.84,-1.625,-0.0,-0.138,-0.039,-0.099,-0.138,-0.039,-0.099,-0.212,-0.175,-2.14,-2.146,-2.139,-0.007,-0.001,-0.871,-0.075,-0.796,-0.994,-0.274,-0.197,-0.077,-0.488,-0.086,-0.395,0.186,0.083,0.083,-2.359,-0.001,0.186,-0.017,0.203,0.186,-0.017,0.203,0.27,-0.12,-0.734,-1.625,-2.36,1748,878,870
203939,Dwight Powell,2016,-2.155,-2.161,-2.153,-0.008,-0.002,-0.174,-0.204,0.03,-0.693,-1.286,-0.264,-1.022,0.111,0.264,-0.153,-0.661,-0.814,-0.814,-2.705,-3.519,-0.0,-0.661,-0.307,-0.354,-0.661,-0.307,-0.354,-2.876,-0.125,0.178,0.179,0.178,0.001,-0.0,-0.537,-0.07,-0.467,0.188,0.527,0.137,0.39,-0.117,-0.199,0.084,0.693,0.4,0.4,0.754,1.154,0.0,0.693,0.222,0.471,0.693,0.222,0.471,1.476,-0.049,-1.977,-1.982,-1.975,-0.007,-0.002,-0.711,-0.274,-0.437,-0.505,-0.759,-0.127,-0.632,-0.006,0.065,-0.069,0.032,-0.414,-0.414,-2.365,-0.0,0.032,-0.085,0.117,0.032,-0.085,0.117,-1.4,-0.174,-3.519,1.154,-2.365,5151,2578,2573
200770,Jordan Farmar,2016,-1.204,-1.203,-1.201,-0.002,-0.003,-1.16,-0.384,-0.776,-0.13,0.089,0.4,-0.311,-0.357,-0.785,0.426,-0.394,0.374,0.374,-1.955,-1.581,0.0,-0.394,-0.59,0.196,-0.394,-0.59,0.196,0.207,-0.273,-1.064,-1.071,-1.075,0.004,0.011,-0.687,-0.102,-0.585,-0.399,0.011,-0.033,0.044,-0.309,-0.196,-0.111,0.278,0.308,0.308,-1.095,-0.787,-0.0,0.278,-0.086,0.364,0.278,-0.086,0.364,-1.136,-0.461,-2.268,-2.274,-2.276,0.002,0.008,-1.847,-0.486,-1.361,-0.529,0.1,0.367,-0.267,-0.666,-0.981,0.315,-0.116,0.682,0.682,-2.368,0.0,-0.116,-0.676,0.56,-0.116,-0.676,0.56,-0.929,-0.734,-1.581,-0.787,-2.368,3559,1777,1782
203498,Shabazz Muhammad,2016,-1.406,-1.399,-1.396,-0.003,-0.01,0.393,0.382,0.011,-0.685,-1.104,-0.228,-0.876,0.397,0.547,-0.15,-0.51,0.891,0.891,-1.519,-0.628,-0.0,-0.51,-0.193,-0.317,-0.51,-0.193,-0.317,-0.946,0.646,-0.737,-0.739,-0.739,0.0,0.002,-0.736,-0.447,-0.289,-0.684,0.681,-0.024,0.705,-0.296,-0.142,-0.154,-0.085,-0.632,-0.632,-1.118,-1.75,0.0,-0.085,-0.082,-0.003,-0.085,-0.082,-0.003,0.587,-0.336,-2.143,-2.138,-2.135,-0.003,-0.008,-0.343,-0.065,-0.278,-1.369,-0.423,-0.252,-0.171,0.101,0.405,-0.304,-0.595,0.259,0.259,-2.378,0.0,-0.595,-0.275,-0.32,-0.595,-0.275,-0.32,-0.359,0.31,-0.628,-1.75,-2.378,10047,5010,5037
201985,AJ Price,2016,-1.587,-1.594,-1.597,0.003,0.01,-1.053,-0.457,-0.596,0.046,-0.59,-0.096,-0.494,-0.376,-0.167,-0.204,0.088,0.485,0.485,-1.875,-1.39,0.0,0.088,-0.054,0.142,0.088,-0.054,0.142,-1.008,-0.493,-1.06,-1.063,-1.064,0.001,0.004,-0.146,0.072,-0.218,-0.748,-0.17,-0.046,-0.124,0.096,0.087,0.01,-0.08,0.055,0.055,-1.044,-0.989,0.0,-0.08,-0.123,0.043,-0.08,-0.123,0.043,-0.868,-0.169,-2.647,-2.657,-2.661,0.004,0.014,-1.199,-0.385,-0.814,-0.702,-0.76,-0.142,-0.618,-0.28,-0.08,-0.194,0.008,0.54,0.54,-2.379,0.0,0.008,-0.177,0.185,0.008,-0.177,0.185,-1.876,-0.662,-1.39,-0.989,-2.379,1207,606,601
201961,Wayne Ellington,2016,-2.673,-2.674,-2.675,0.001,0.002,-0.461,-0.356,-0.105,-1.532,-0.682,-0.162,-0.52,-0.701,-0.673,-0.028,0.742,-0.359,-0.359,-2.632,-2.991,0.0,0.742,0.301,0.441,0.742,0.301,0.441,-1.119,-0.172,0.972,0.97,0.971,-0.001,0.001,-0.211,-0.001,-0.21,-0.1,1.282,-0.093,1.375,0.084,0.096,-0.012,-0.358,-0.093,-0.093,0.698,0.605,-0.0,-0.358,-0.331,-0.027,-0.358,-0.331,-0.027,0.049,-0.285,-1.701,-1.704,-1.704,0.0,0.003,-0.672,-0.357,-0.315,-1.632,0.6,-0.255,0.855,-0.617,-0.577,-0.04,0.384,-0.452,-0.452,-2.386,0.0,0.384,-0.03,0.414,0.384,-0.03,0.414,-1.07,-0.457,-2.991,0.605,-2.386,12908,6443,6465
203098,John Jenkins,2016,-0.801,-0.804,-0.8,-0.004,-0.001,0.117,-0.366,0.483,0.292,-1.209,0.102,-1.311,-0.372,-0.382,0.011,0.033,-1.103,-1.103,-1.14,-2.243,0.0,0.033,0.172,-0.139,0.033,0.172,-0.139,-0.713,-0.425,0.348,0.347,0.347,0.0,0.001,-0.423,-0.139,-0.284,0.944,-0.174,0.029,-0.203,-0.067,-0.094,0.028,-0.421,-0.008,-0.008,-0.14,-0.148,0.0,-0.421,-0.199,-0.222,-0.421,-0.199,-0.222,0.071,-0.142,-0.453,-0.457,-0.453,-0.004,0.0,-0.306,-0.505,0.199,1.236,-1.383,0.131,-1.514,-0.439,-0.476,0.039,-0.388,-1.111,-1.111,-2.391,0.0,-0.388,-0.027,-0.361,-0.388,-0.027,-0.361,-0.642,-0.567,-2.243,-0.148,-2.391,3284,1634,1650
1626154,RJ Hunter,2016,-2.788,-2.781,-2.767,-0.014,-0.021,-1.049,-0.056,-0.993,-0.498,-1.22,0.025,-1.245,-0.191,-0.148,-0.04,0.155,-0.255,-0.255,-2.824,-3.079,-0.0,0.155,0.402,-0.247,0.155,0.402,-0.247,-0.861,-0.125,0.07,0.065,0.063,0.002,0.007,-0.576,-0.305,-0.271,0.306,0.333,0.077,0.256,-0.205,-0.29,0.087,0.194,0.627,0.627,0.059,0.686,0.0,0.194,-0.19,0.384,0.194,-0.19,0.384,0.834,-0.16,-2.718,-2.716,-2.704,-0.012,-0.014,-1.625,-0.361,-1.264,-0.192,-0.887,0.102,-0.989,-0.396,-0.438,0.047,0.349,0.372,0.372,-2.393,0.0,0.349,0.212,0.137,0.349,0.212,0.137,-0.027,-0.285,-3.079,0.686,-2.393,1461,734,727
203923,James Young,2016,-1.394,-1.393,-1.393,0.0,-0.001,0.023,-0.26,0.283,-0.416,-1.0,0.448,-1.448,-0.442,-0.092,-0.346,0.511,0.118,0.118,-1.325,-1.207,-0.0,0.511,0.189,0.322,0.511,0.189,0.322,0.761,-0.061,-1.275,-1.281,-1.281,0.0,0.006,-0.83,-0.094,-0.736,-0.367,-0.084,-0.07,-0.014,0.061,-0.087,0.148,0.066,-0.042,-0.042,-1.148,-1.19,0.0,0.066,-0.018,0.084,0.066,-0.018,0.084,-0.794,-0.414,-2.669,-2.675,-2.674,-0.001,0.005,-0.807,-0.354,-0.453,-0.783,-1.084,0.378,-1.462,-0.381,-0.179,-0.198,0.577,0.076,0.076,-2.397,0.0,0.577,0.171,0.406,0.577,0.171,0.406,-0.033,-0.475,-1.207,-1.19,-2.397,2180,1088,1092
202706,Jordan Hamilton,2016,0.36,0.364,0.375,-0.011,-0.015,-0.23,0.195,-0.425,-1.039,1.644,0.18,1.464,-0.438,-0.25,-0.187,-0.109,-0.423,-0.423,-0.187,-0.61,0.0,-0.109,0.358,-0.467,-0.109,0.358,-0.467,1.295,0.181,-1.171,-1.18,-1.18,0.0,0.009,-0.173,-0.005,-0.168,-0.242,-0.765,-0.185,-0.58,-0.225,-0.252,0.029,-0.163,-0.229,-0.229,-1.559,-1.788,0.0,-0.163,-0.031,-0.132,-0.163,-0.031,-0.132,-1.451,-0.032,-0.811,-0.816,-0.805,-0.011,-0.006,-0.403,0.19,-0.593,-1.281,0.879,-0.005,0.884,-0.663,-0.502,-0.158,-0.272,-0.652,-0.652,-2.398,0.0,-0.272,0.327,-0.599,-0.272,0.327,-0.599,-0.156,0.149,-0.61,-1.788,-2.398,1703,856,847
2217,Brendan Haywood,2016,-0.471,-0.466,-0.477,0.011,0.006,-0.48,-0.466,-0.014,-0.007,0.01,0.157,-0.147,-0.287,-0.183,-0.101,-0.355,-0.808,-0.808,-1.113,-1.921,0.0,-0.355,-0.307,-0.048,-0.355,-0.307,-0.048,0.198,-0.446,-0.203,-0.202,-0.201,-0.001,-0.002,-0.01,0.045,-0.055,-0.067,-0.124,-0.032,-0.092,-0.005,-0.014,0.011,-0.276,-0.007,-0.007,-0.484,-0.491,0.0,-0.276,-0.176,-0.1,-0.276,-0.176,-0.1,-0.539,0.006,-0.674,-0.668,-0.678,0.01,0.004,-0.49,-0.421,-0.069,-0.074,-0.114,0.125,-0.239,-0.292,-0.197,-0.09,-0.631,-0.815,-0.815,-2.412,0.0,-0.631,-0.483,-0.148,-0.631,-0.483,-0.148,-0.341,-0.44,-1.921,-0.491,-2.412,480,244,236
2760,Anderson Varejao,2016,-1.208,-1.208,-1.202,-0.006,-0.006,-0.078,-0.457,0.379,-0.314,-0.81,-0.192,-0.618,-0.36,-0.301,-0.058,-0.798,0.069,0.069,-2.366,-2.297,0.0,-0.798,-0.502,-0.296,-0.798,-0.502,-0.296,0.135,0.537,-0.703,-0.698,-0.696,-0.002,-0.007,-0.3,0.105,-0.405,-0.75,0.354,0.005,0.349,-0.039,-0.084,0.046,0.157,0.455,0.455,-0.585,-0.13,-0.0,0.157,0.008,0.149,0.157,0.008,0.149,-0.673,-0.127,-1.911,-1.906,-1.898,-0.008,-0.013,-0.378,-0.352,-0.026,-1.064,-0.456,-0.187,-0.269,-0.399,-0.385,-0.012,-0.641,0.524,0.524,-2.427,0.0,-0.641,-0.494,-0.147,-0.641,-0.494,-0.147,-0.538,0.41,-2.297,-0.13,-2.427,4731,2361,2370
203105,Festus Ezeli,2016,-1.338,-1.334,-1.329,-0.005,-0.009,-0.981,-0.576,-0.405,0.186,-0.534,-0.339,-0.195,-0.686,-0.041,-0.645,-1.33,1.087,1.087,-3.354,-2.267,0.0,-1.33,-0.686,-0.644,-1.33,-0.686,-0.644,-1.045,-0.469,-0.74,-0.734,-0.73,-0.004,-0.01,-0.43,0.295,-0.725,0.342,-0.642,0.251,-0.893,0.2,0.356,-0.157,-0.603,0.983,0.983,-1.143,-0.16,0.0,-0.603,-0.318,-0.285,-0.603,-0.318,-0.285,-0.919,-0.021,-2.078,-2.069,-2.059,-0.01,-0.019,-1.411,-0.281,-1.13,0.528,-1.176,-0.088,-1.088,-0.486,0.315,-0.802,-1.933,2.07,2.07,-2.427,0.0,-1.933,-1.004,-0.929,-1.933,-1.004,-0.929,-1.964,-0.49,-2.267,-0.16,-2.427,6672,3334,3338
201156,Nick Young,2016,-2.42,-2.415,-2.416,0.001,-0.004,-1.053,-0.649,-0.404,-1.19,-0.173,0.455,-0.628,0.75,0.345,0.404,0.577,-0.132,-0.132,-1.093,-1.225,0.0,0.577,0.692,-0.115,0.577,0.692,-0.115,-3.463,-0.902,-0.347,-0.349,-0.347,-0.002,0.0,-0.164,-0.035,-0.129,0.569,-0.752,-0.013,-0.739,-0.198,-0.403,0.205,-0.25,-0.431,-0.431,-0.795,-1.226,0.0,-0.25,-0.115,-0.135,-0.25,-0.115,-0.135,-0.79,-0.139,-2.767,-2.764,-2.763,-0.001,-0.004,-1.217,-0.684,-0.533,-0.621,-0.925,0.442,-1.367,0.552,-0.058,0.609,0.327,-0.563,-0.563,-2.451,0.0,0.327,0.577,-0.25,0.327,0.577,-0.25,-4.253,-1.041,-1.225,-1.226,-2.451,8048,4013,4035
202336,Larry Sanders,2016,-2.139,-2.146,-2.136,-0.01,-0.003,-0.247,-0.037,-0.21,-0.686,-1.203,0.058,-1.261,0.282,0.162,0.124,-0.604,-0.693,-0.693,-2.461,-3.154,0.0,-0.604,-0.129,-0.475,-0.604,-0.129,-0.475,-2.67,-0.229,0.449,0.454,0.453,0.001,-0.004,0.787,0.084,0.703,-0.264,-0.07,0.054,-0.124,-0.022,-0.091,0.068,0.082,0.186,0.186,0.509,0.695,-0.0,0.082,0.087,-0.005,0.082,0.087,-0.005,0.675,0.228,-1.69,-1.692,-1.683,-0.009,-0.007,0.54,0.047,0.493,-0.95,-1.273,0.112,-1.385,0.26,0.071,0.192,-0.522,-0.507,-0.507,-2.459,-0.0,-0.522,-0.042,-0.48,-0.522,-0.042,-0.48,-1.995,-0.001,-3.154,0.695,-2.459,2322,1159,1163
203493,Reggie Bullock Jr.,2016,-1.559,-1.556,-1.566,0.01,0.007,-0.778,-0.357,-0.421,-1.128,0.34,0.27,0.07,-0.205,-0.167,-0.037,0.672,-0.566,-0.566,-1.092,-1.658,0.0,0.672,-0.024,0.696,0.672,-0.024,0.696,0.272,-0.437,-0.699,-0.698,-0.699,0.001,0.0,-0.364,0.24,-0.604,-0.287,-0.048,0.05,-0.098,0.13,0.027,0.103,-0.459,0.222,0.222,-1.028,-0.806,0.0,-0.459,-0.234,-0.225,-0.459,-0.234,-0.225,0.236,0.11,-2.258,-2.254,-2.265,0.011,0.007,-1.142,-0.117,-1.025,-1.415,0.292,0.32,-0.028,-0.075,-0.14,0.066,0.213,-0.344,-0.344,-2.464,0.0,0.213,-0.258,0.471,0.213,-0.258,0.471,0.508,-0.327,-1.658,-0.806,-2.464,3037,1521,1516
203580,Larry Drew II,2016,-1.135,-1.133,-1.13,-0.003,-0.005,-0.805,-0.541,-0.264,-0.017,-0.308,0.313,-0.621,-0.171,-0.236,0.067,-0.652,-0.045,-0.045,-1.958,-2.003,0.0,-0.652,-0.659,0.007,-0.652,-0.659,0.007,0.358,-0.432,-0.321,-0.327,-0.327,0.0,0.006,-0.072,-0.087,0.015,-0.171,-0.084,-0.044,-0.04,-0.185,-0.153,-0.03,0.119,-0.08,-0.08,-0.387,-0.467,0.0,0.119,0.047,0.072,0.119,0.047,0.072,-0.338,-0.129,-1.456,-1.46,-1.457,-0.003,0.001,-0.877,-0.628,-0.249,-0.188,-0.392,0.269,-0.661,-0.356,-0.389,0.037,-0.533,-0.125,-0.125,-2.47,0.0,-0.533,-0.612,0.079,-0.533,-0.612,0.079,0.02,-0.561,-2.003,-0.467,-2.47,829,415,414
203120,Justin Hamilton,2016,-1.407,-1.407,-1.419,0.012,0.012,-0.652,-0.343,-0.309,-0.021,-0.746,-0.052,-0.694,0.503,0.289,0.216,-0.376,-0.639,-0.639,-1.28,-1.919,0.0,-0.376,-0.253,-0.123,-0.376,-0.253,-0.123,-0.932,-0.4,0.52,0.519,0.522,-0.003,-0.002,-0.217,0.003,-0.22,0.302,0.437,-0.182,0.619,0.007,0.075,-0.068,0.219,-1.321,-1.321,0.746,-0.575,0.0,0.219,0.035,0.184,0.219,0.035,0.184,-1.274,-0.401,-0.887,-0.887,-0.897,0.01,0.01,-0.869,-0.34,-0.529,0.281,-0.309,-0.234,-0.075,0.51,0.364,0.148,-0.157,-1.96,-1.96,-2.494,-0.0,-0.157,-0.218,0.061,-0.157,-0.218,0.061,-2.206,-0.801,-1.919,-0.575,-2.494,2700,1348,1352
101131,Jason Maxiell,2016,-2.203,-2.206,-2.214,0.008,0.011,-1.368,-0.659,-0.709,0.518,-1.364,-0.017,-1.347,-0.392,-0.213,-0.175,-0.119,0.429,0.429,-2.714,-2.285,-0.0,-0.119,0.072,-0.191,-0.119,0.072,-0.191,-1.479,-0.896,1.015,1.018,1.017,0.001,-0.002,0.586,-0.192,0.778,0.508,-0.077,0.063,-0.14,-0.032,0.035,-0.068,-0.309,-0.883,-0.883,0.674,-0.209,0.0,-0.309,-0.366,0.057,-0.309,-0.366,0.057,0.34,0.326,-1.188,-1.188,-1.197,0.009,0.009,-0.782,-0.851,0.069,1.026,-1.441,0.046,-1.487,-0.424,-0.178,-0.243,-0.428,-0.454,-0.454,-2.494,-0.001,-0.428,-0.294,-0.134,-0.428,-0.294,-0.134,-1.139,-0.57,-2.285,-0.209,-2.495,3377,1672,1705
201600,Omer Asik,2016,-2.523,-2.52,-2.536,0.016,0.013,-2.006,0.139,-2.145,-0.135,-0.395,-0.478,0.083,-1.327,-0.782,-0.545,-0.178,0.786,0.786,-4.028,-3.242,0.0,-0.178,0.067,-0.245,-0.178,0.067,-0.245,-0.363,0.025,-0.708,-0.705,-0.704,-0.001,-0.004,0.042,0.269,-0.227,-0.548,-0.198,0.109,-0.307,0.916,1.083,-0.169,-0.882,1.419,1.419,-0.674,0.745,-0.0,-0.882,-0.619,-0.263,-0.882,-0.619,-0.263,-2.725,-0.172,-3.231,-3.225,-3.24,0.015,0.009,-1.964,0.408,-2.372,-0.683,-0.593,-0.369,-0.224,-0.411,0.301,-0.714,-1.06,2.205,2.205,-2.497,0.0,-1.06,-0.552,-0.508,-1.06,-0.552,-0.508,-3.088,-0.147,-3.242,0.745,-2.497,12371,6191,6180
1626166,Cameron Payne,2016,-0.801,-0.797,-0.8,0.003,-0.001,-1.217,-0.423,-0.794,0.557,-0.14,0.214,-0.354,-0.557,-0.461,-0.096,-0.375,0.331,0.331,-1.733,-1.402,0.0,-0.375,-0.2,-0.175,-0.375,-0.2,-0.175,-1.386,-0.408,-0.468,-0.477,-0.473,-0.004,0.005,-0.292,-0.243,-0.049,0.675,-0.856,0.021,-0.877,-0.206,-0.266,0.062,-0.057,-0.369,-0.369,-0.731,-1.1,0.0,-0.057,-0.099,0.042,-0.057,-0.099,0.042,0.705,0.09,-1.269,-1.274,-1.273,-0.001,0.004,-1.509,-0.666,-0.843,1.232,-0.996,0.235,-1.231,-0.763,-0.727,-0.034,-0.432,-0.038,-0.038,-2.502,0.0,-0.432,-0.299,-0.133,-0.432,-0.299,-0.133,-0.681,-0.318,-1.402,-1.1,-2.502,2992,1495,1497
202708,Norris Cole,2016,-0.937,-0.931,-0.956,0.025,0.019,-1.484,-0.539,-0.945,0.174,0.354,-0.121,0.475,-0.064,0.036,-0.1,0.47,-0.47,-0.47,-0.531,-1.001,0.0,0.47,0.03,0.44,0.47,0.03,0.44,-0.184,-0.782,-0.529,-0.532,-0.528,-0.004,-0.001,-0.071,-0.066,-0.005,-0.425,-0.032,-0.086,0.054,-0.027,-0.133,0.107,-0.576,-0.37,-0.37,-1.132,-1.502,0.0,-0.576,-0.131,-0.445,-0.576,-0.131,-0.445,-0.498,-0.104,-1.466,-1.463,-1.484,0.021,0.018,-1.555,-0.605,-0.95,-0.251,0.322,-0.207,0.529,-0.091,-0.097,0.007,-0.106,-0.84,-0.84,-2.503,-0.001,-0.106,-0.101,-0.005,-0.106,-0.101,-0.005,-0.682,-0.886,-1.001,-1.502,-2.504,11943,5981,5962
1626164,Devin Booker,2016,-0.522,-0.515,-0.508,-0.007,-0.014,0.372,0.295,0.077,-0.699,-0.181,0.084,-0.265,0.178,-0.016,0.192,-0.221,0.35,0.35,-0.565,-0.215,0.0,-0.221,-0.815,0.594,-0.221,-0.815,0.594,0.206,0.204,-0.577,-0.584,-0.583,-0.001,0.006,-0.109,0.034,-0.143,-0.223,-0.251,-0.19,-0.061,-0.312,-0.376,0.066,-0.605,-0.803,-0.803,-1.494,-2.297,0.0,-0.605,-0.288,-0.317,-0.605,-0.288,-0.317,-0.836,-0.105,-1.099,-1.099,-1.091,-0.008,-0.008,0.263,0.329,-0.066,-0.922,-0.432,-0.106,-0.326,-0.134,-0.392,0.258,-0.826,-0.453,-0.453,-2.512,0.0,-0.826,-1.103,0.277,-0.826,-1.103,0.277,-0.63,0.099,-0.215,-2.297,-2.512,8532,4269,4263
1626170,Jerian Grant,2016,-2.354,-2.353,-2.346,-0.007,-0.008,-0.266,0.443,-0.709,-0.606,-1.474,-0.157,-1.317,0.335,0.209,0.126,0.469,-0.499,-0.499,-1.55,-2.049,0.0,0.469,0.177,0.292,0.469,0.177,0.292,-2.531,-0.132,-0.605,-0.611,-0.615,0.004,0.01,0.237,-0.281,0.518,-0.342,-0.51,0.003,-0.513,0.03,0.001,0.031,0.305,-0.204,-0.204,-0.27,-0.474,0.0,0.305,0.195,0.11,0.305,0.195,0.11,-0.234,-0.19,-2.959,-2.964,-2.961,-0.003,0.002,-0.029,0.162,-0.191,-0.948,-1.984,-0.154,-1.83,0.365,0.21,0.157,0.774,-0.703,-0.703,-2.523,0.0,0.774,0.372,0.402,0.774,0.372,0.402,-2.765,-0.322,-2.049,-0.474,-2.523,4886,2446,2440
2563,Dahntay Jones,2016,-1.634,-1.631,-1.623,-0.008,-0.011,-0.403,-0.309,-0.094,-1.152,-0.068,-0.022,-0.046,-0.166,-0.145,-0.018,-0.04,-0.508,-0.508,-1.84,-2.348,0.0,-0.04,0.145,-0.185,-0.04,0.145,-0.185,-1.191,-0.197,0.089,0.081,0.085,-0.004,0.004,0.109,0.061,0.048,0.213,-0.237,-0.135,-0.102,-0.314,-0.338,0.027,0.16,-0.112,-0.112,-0.065,-0.177,0.0,0.16,-0.043,0.203,0.16,-0.043,0.203,0.625,0.194,-1.545,-1.549,-1.538,-0.011,-0.007,-0.294,-0.248,-0.046,-0.939,-0.305,-0.157,-0.148,-0.48,-0.483,0.009,0.12,-0.62,-0.62,-2.525,0.0,0.12,0.102,0.018,0.12,0.102,0.018,-0.566,-0.003,-2.348,-0.177,-2.525,943,469,474
202711,Bojan Bogdanovic,2016,0.604,0.602,0.608,-0.006,-0.004,0.604,0.351,0.253,0.331,-0.327,0.095,-0.422,-0.143,-0.336,0.195,-0.533,0.707,0.707,-0.072,0.635,0.0,-0.533,0.224,-0.757,-0.533,0.224,-0.757,0.465,0.366,-2.238,-2.241,-2.244,0.003,0.006,-1.205,-0.679,-0.526,-0.371,-0.668,-0.042,-0.626,0.011,0.203,-0.191,-0.4,-0.567,-0.567,-2.627,-3.194,0.0,-0.4,-0.202,-0.198,-0.4,-0.202,-0.198,-1.265,-0.754,-1.634,-1.639,-1.636,-0.003,0.002,-0.601,-0.328,-0.273,-0.04,-0.995,0.053,-1.048,-0.132,-0.133,0.004,-0.933,0.14,0.14,-2.559,-0.001,-0.933,0.022,-0.955,-0.933,0.022,-0.955,-0.8,-0.388,0.635,-3.194,-2.56,16206,8094,8112
203082,Terrence Ross,2016,1.131,1.119,1.122,-0.003,0.009,-0.294,-0.44,0.146,0.663,0.753,0.341,0.412,-0.83,-0.74,-0.087,0.345,-0.677,-0.677,0.646,-0.031,0.0,0.345,0.5,-0.155,0.345,0.5,-0.155,0.496,-0.455,-1.564,-1.564,-1.562,-0.002,-0.002,-0.383,-0.52,0.137,-0.219,-0.96,0.165,-1.125,-0.184,-0.058,-0.127,-0.36,-0.447,-0.447,-2.108,-2.555,0.0,-0.36,-0.148,-0.212,-0.36,-0.148,-0.212,-1.788,-0.799,-0.433,-0.445,-0.44,-0.005,0.007,-0.677,-0.96,0.283,0.444,-0.207,0.506,-0.713,-1.014,-0.798,-0.214,-0.015,-1.124,-1.124,-2.586,0.0,-0.015,0.352,-0.367,-0.015,0.352,-0.367,-1.292,-1.254,-0.031,-2.555,-2.586,16184,8114,8070
2584,Willie Green,2016,-1.831,-1.839,-1.836,-0.003,0.005,-0.552,-0.454,-0.098,-0.425,-0.859,0.159,-1.018,-0.366,0.022,-0.385,-0.983,-0.157,-0.157,-3.18,-3.337,0.0,-0.983,-0.693,-0.29,-0.983,-0.693,-0.29,-3.012,-0.7,0.159,0.16,0.157,0.003,0.002,-0.303,0.11,-0.413,0.107,0.353,0.054,0.299,0.129,0.052,0.076,0.055,0.391,0.391,0.343,0.734,0.0,0.055,0.187,-0.132,0.055,0.187,-0.132,0.801,0.078,-1.672,-1.68,-1.679,-0.001,0.007,-0.855,-0.344,-0.511,-0.318,-0.506,0.213,-0.719,-0.237,0.074,-0.309,-0.928,0.234,0.234,-2.603,0.0,-0.928,-0.506,-0.422,-0.928,-0.506,-0.422,-2.211,-0.622,-3.337,0.734,-2.603,3655,1829,1826
203504,Trey Burke,2016,-1.583,-1.58,-1.573,-0.007,-0.01,-0.916,-0.137,-0.779,-1.035,0.378,0.268,0.11,-0.677,-0.542,-0.135,0.186,0.877,0.877,-2.074,-1.197,-0.0,0.186,0.363,-0.177,0.186,0.363,-0.177,0.282,-0.664,-0.635,-0.635,-0.634,-0.001,-0.001,-0.368,0.048,-0.416,0.299,-0.565,0.081,-0.646,-0.119,-0.238,0.119,-0.28,-0.39,-0.39,-1.034,-1.424,0.0,-0.28,0.11,-0.39,-0.28,0.11,-0.39,-0.597,0.071,-2.218,-2.215,-2.207,-0.008,-0.011,-1.284,-0.089,-1.195,-0.736,-0.187,0.349,-0.536,-0.796,-0.78,-0.016,-0.094,0.487,0.487,-2.621,-0.0,-0.094,0.473,-0.567,-0.094,0.473,-0.567,-0.315,-0.593,-1.197,-1.424,-2.621,13673,6842,6831
203142,Chris Copeland,2016,-0.695,-0.694,-0.7,0.006,0.005,-0.986,-0.635,-0.351,0.038,0.248,0.421,-0.173,-0.014,-0.201,0.188,-0.218,-0.335,-0.335,-0.927,-1.262,0.0,-0.218,0.448,-0.666,-0.218,0.448,-0.666,-0.511,-0.867,-0.609,-0.615,-0.615,0.0,0.006,-0.125,0.044,-0.169,0.061,-0.551,-0.115,-0.436,-0.261,-0.308,0.047,-0.32,-0.174,-0.174,-1.19,-1.364,-0.0,-0.32,-0.449,0.129,-0.32,-0.449,0.129,-1.114,-0.161,-1.304,-1.309,-1.315,0.006,0.011,-1.111,-0.591,-0.52,0.099,-0.303,0.306,-0.609,-0.275,-0.509,0.235,-0.538,-0.509,-0.509,-2.626,-0.001,-0.538,-0.001,-0.537,-0.538,-0.001,-0.537,-1.625,-1.028,-1.262,-1.364,-2.627,3797,1907,1890
203917,Nik Stauskas,2016,-1.816,-1.817,-1.829,0.012,0.013,0.857,0.44,0.417,-0.657,-2.029,0.174,-2.203,0.191,0.271,-0.08,0.149,-0.202,-0.202,-1.476,-1.678,0.0,0.149,-0.013,0.162,0.149,-0.013,0.162,-1.607,0.273,-0.345,-0.349,-0.348,-0.001,0.003,-0.438,0.118,-0.556,-0.295,0.385,0.029,0.356,-0.196,-0.185,-0.01,-0.625,0.212,0.212,-1.166,-0.954,0.0,-0.625,-0.358,-0.267,-0.625,-0.358,-0.267,0.137,0.131,-2.161,-2.166,-2.177,0.011,0.016,0.419,0.558,-0.139,-0.952,-1.644,0.203,-1.847,-0.005,0.086,-0.09,-0.476,0.01,0.01,-2.632,-0.0,-0.476,-0.371,-0.105,-0.476,-0.371,-0.105,-1.47,0.404,-1.678,-0.954,-2.632,11824,5918,5906
203136,Ognjen Kuzmic,2016,-0.973,-0.968,-0.97,0.002,-0.003,-0.586,-0.266,-0.32,0.07,-0.454,-0.014,-0.44,-0.049,0.001,-0.046,-0.656,-0.501,-0.501,-1.678,-2.179,0.0,-0.656,-0.426,-0.23,-0.656,-0.426,-0.23,-1.794,-0.4,-0.147,-0.15,-0.146,-0.004,-0.001,-0.073,0.042,-0.115,-0.038,-0.035,-0.054,0.019,-0.048,-0.055,0.009,-0.088,-0.181,-0.181,-0.283,-0.464,0.0,-0.088,0.017,-0.105,-0.088,0.017,-0.105,-0.377,-0.079,-1.12,-1.118,-1.116,-0.002,-0.004,-0.659,-0.224,-0.435,0.032,-0.489,-0.068,-0.421,-0.097,-0.054,-0.037,-0.744,-0.682,-0.682,-2.643,0.0,-0.744,-0.409,-0.335,-0.744,-0.409,-0.335,-2.171,-0.479,-2.179,-0.464,-2.643,306,155,151
101141,Ersan Ilyasova,2016,-1.018,-1.024,-1.026,0.002,0.008,-0.783,-0.182,-0.601,0.011,-0.254,0.023,-0.277,-0.804,-0.443,-0.361,-0.601,1.491,1.491,-2.423,-0.932,-0.0,-0.601,0.14,-0.741,-0.601,0.14,-0.741,-0.807,-0.434,-2.684,-2.683,-2.683,0.0,-0.001,-0.808,-0.418,-0.39,-0.762,-1.113,0.106,-1.219,-0.151,-0.086,-0.064,1.027,0.088,0.088,-1.808,-1.72,0.0,1.027,-0.158,1.185,1.027,-0.158,1.185,-1.302,-0.189,-3.702,-3.707,-3.709,0.002,0.007,-1.591,-0.6,-0.991,-0.751,-1.367,0.129,-1.496,-0.955,-0.529,-0.425,0.426,1.579,1.579,-2.652,0.0,0.426,-0.018,0.444,0.426,-0.018,0.444,-2.109,-0.623,-0.932,-1.72,-2.652,13092,6539,6553
2419,Tayshaun Prince,2016,-3.128,-3.133,-3.121,-0.012,-0.007,-0.866,-0.553,-0.313,-1.116,-1.139,-0.65,-0.489,-0.093,-0.091,-0.0,0.605,0.105,0.105,-2.616,-2.511,0.0,0.605,0.505,0.1,0.605,0.505,0.1,-1.338,-0.602,0.225,0.227,0.226,0.001,-0.001,0.101,-0.234,0.335,-0.392,0.517,0.045,0.472,0.155,0.138,0.016,-0.393,-0.144,-0.144,-0.013,-0.157,0.0,-0.393,-0.099,-0.294,-0.393,-0.099,-0.294,0.897,0.236,-2.903,-2.905,-2.895,-0.01,-0.008,-0.765,-0.787,0.022,-1.508,-0.622,-0.605,-0.017,0.062,0.047,0.016,0.212,-0.039,-0.039,-2.668,0.0,0.212,0.406,-0.194,0.212,0.406,-0.194,-0.441,-0.366,-2.511,-0.157,-2.668,10863,5422,5441
203092,Tyler Zeller,2016,-0.378,-0.388,-0.406,0.018,0.028,0.479,-0.298,0.777,-0.321,-0.564,-0.75,0.186,-0.453,-0.688,0.236,-0.702,-1.296,-1.296,-1.533,-2.829,-0.0,-0.702,-0.426,-0.276,-0.702,-0.426,-0.276,0.324,0.567,0.985,0.988,0.992,-0.004,-0.007,0.769,0.174,0.595,-0.072,0.295,0.248,0.047,0.119,0.039,0.08,-0.713,-0.285,-0.285,0.391,0.106,-0.0,-0.713,-0.42,-0.293,-0.713,-0.42,-0.293,-0.044,0.213,0.607,0.6,0.586,0.014,0.021,1.248,-0.124,1.372,-0.393,-0.269,-0.502,0.233,-0.334,-0.649,0.316,-1.415,-1.581,-1.581,-2.723,-0.0,-1.415,-0.846,-0.569,-1.415,-0.846,-0.569,0.28,0.78,-2.829,0.106,-2.723,10283,5127,5156
204060,Joe Ingles,2016,-0.967,-0.972,-0.957,-0.015,-0.01,0.27,0.032,0.238,-0.654,-0.573,0.401,-0.974,-0.101,0.021,-0.12,-0.789,-0.84,-0.84,-1.857,-2.697,0.0,-0.789,0.106,-0.895,-0.789,0.106,-0.895,-1.848,-0.006,-0.302,-0.303,-0.302,-0.001,0.0,-0.589,0.041,-0.63,0.746,-0.459,0.002,-0.461,-0.098,-0.164,0.067,0.088,0.28,0.28,-0.312,-0.032,0.0,0.088,0.218,-0.13,0.088,0.218,-0.13,1.611,0.056,-1.269,-1.275,-1.259,-0.016,-0.01,-0.319,0.073,-0.392,0.092,-1.032,0.403,-1.435,-0.199,-0.143,-0.053,-0.701,-0.56,-0.56,-2.729,0.0,-0.701,0.324,-1.025,-0.701,0.324,-1.025,-0.237,0.05,-2.697,-0.032,-2.729,10949,5486,5463
203477,Isaiah Canaan,2016,-2.009,-2.012,-2.04,0.028,0.031,-1.731,-0.626,-1.105,-1.494,1.185,0.898,0.287,-0.2,0.004,-0.203,0.222,0.24,0.24,-1.987,-1.747,0.0,0.222,0.096,0.126,0.222,0.096,0.126,-1.772,-1.07,-0.071,-0.078,-0.078,0.0,0.007,-0.478,-0.264,-0.214,-0.06,0.46,0.161,0.299,-0.166,-0.205,0.039,-0.038,-0.711,-0.711,-0.275,-0.986,0.0,-0.038,-0.332,0.294,-0.038,-0.332,0.294,0.89,-0.218,-2.08,-2.09,-2.118,0.028,0.038,-2.209,-0.89,-1.319,-1.554,1.645,1.059,0.586,-0.366,-0.201,-0.164,0.184,-0.471,-0.471,-2.733,0.0,0.184,-0.236,0.42,0.184,-0.236,0.42,-0.882,-1.288,-1.747,-0.986,-2.733,11524,5773,5751
203910,Nick Johnson,2016,-1.296,-1.278,-1.282,0.004,-0.014,-0.042,-0.028,-0.014,-0.307,-0.933,0.006,-0.939,-0.171,-0.037,-0.133,-0.369,-0.95,-0.95,-1.836,-2.786,0.0,-0.369,-0.154,-0.215,-0.369,-0.154,-0.215,-2.777,-0.167,0.412,0.414,0.416,-0.002,-0.004,-0.084,-0.031,-0.053,0.128,0.372,-0.02,0.392,-0.065,0.01,-0.072,-0.263,-0.036,-0.036,0.084,0.048,0.0,-0.263,-0.148,-0.115,-0.263,-0.148,-0.115,0.179,-0.096,-0.884,-0.864,-0.866,0.002,-0.018,-0.126,-0.059,-0.067,-0.179,-0.561,-0.014,-0.547,-0.236,-0.027,-0.205,-0.632,-0.986,-0.986,-2.738,0.0,-0.632,-0.302,-0.33,-0.632,-0.302,-0.33,-2.598,-0.263,-2.786,0.048,-2.738,1274,636,638
203926,Doug McDermott,2016,-0.607,-0.608,-0.604,-0.004,-0.003,-0.569,-0.206,-0.363,-0.569,0.534,-0.205,0.739,-0.616,-0.591,-0.026,-0.469,0.069,0.069,-1.692,-1.623,-0.0,-0.469,-0.419,-0.05,-0.469,-0.419,-0.05,0.31,-0.197,0.007,0.008,0.006,0.002,0.001,0.078,0.074,0.004,0.17,-0.242,0.073,-0.315,-0.144,-0.058,-0.084,-0.684,-0.296,-0.296,-0.821,-1.117,0.0,-0.684,-0.408,-0.276,-0.684,-0.408,-0.276,-0.466,-0.007,-0.6,-0.6,-0.598,-0.002,-0.002,-0.491,-0.132,-0.359,-0.399,0.292,-0.132,0.424,-0.76,-0.649,-0.11,-1.153,-0.227,-0.227,-2.74,-0.0,-1.153,-0.827,-0.326,-1.153,-0.827,-0.326,-0.156,-0.204,-1.623,-1.117,-2.74,8684,4340,4344
201971,DeJuan Blair,2016,-0.648,-0.649,-0.66,0.011,0.012,-0.338,-0.227,-0.111,-0.63,0.308,-0.077,0.385,-0.186,-0.076,-0.11,-0.636,-0.535,-0.535,-1.47,-2.005,0.0,-0.636,-0.271,-0.365,-0.636,-0.271,-0.365,-0.711,-0.427,-0.383,-0.387,-0.384,-0.003,0.001,-0.015,0.098,-0.113,-0.525,0.156,-0.005,0.161,-0.24,-0.334,0.095,0.002,-0.115,-0.115,-0.621,-0.736,0.0,0.002,0.055,-0.053,0.002,0.055,-0.053,0.723,0.2,-1.031,-1.036,-1.044,0.008,0.013,-0.353,-0.129,-0.224,-1.155,0.464,-0.082,0.546,-0.426,-0.41,-0.015,-0.634,-0.65,-0.65,-2.741,0.0,-0.634,-0.216,-0.418,-0.634,-0.216,-0.418,0.012,-0.227,-2.005,-0.736,-2.741,1645,821,824
201951,Ty Lawson,2016,-0.37,-0.369,-0.373,0.004,0.003,0.437,0.279,0.158,-0.442,-0.368,0.308,-0.676,-0.23,0.003,-0.232,-0.209,-0.413,-0.413,-0.809,-1.222,0.0,-0.209,-0.082,-0.127,-0.209,-0.082,-0.127,1.069,0.438,-1.488,-1.493,-1.499,0.006,0.011,-1.031,-0.295,-0.736,-0.425,-0.043,0.046,-0.089,-0.147,-0.189,0.041,0.516,-0.419,-0.419,-1.119,-1.538,0.0,0.516,0.616,-0.1,0.516,0.616,-0.1,-1.458,-0.773,-1.858,-1.862,-1.872,0.01,0.014,-0.594,-0.016,-0.578,-0.867,-0.411,0.354,-0.765,-0.377,-0.186,-0.191,0.307,-0.832,-0.832,-2.76,0.0,0.307,0.534,-0.227,0.307,0.534,-0.227,-0.389,-0.335,-1.222,-1.538,-2.76,16662,8342,8320
201941,Jordan Hill,2016,-1.994,-2.006,-2.014,0.008,0.02,-0.428,-0.694,0.266,-1.431,-0.155,-0.644,0.489,-0.503,-0.592,0.088,-0.074,1.002,1.002,-2.571,-1.569,-0.0,-0.074,0.037,-0.111,-0.074,0.037,-0.111,-1.105,-0.376,0.139,0.148,0.147,0.001,-0.008,-0.529,-0.32,-0.209,-0.418,1.094,0.089,1.005,-0.186,-0.253,0.067,-0.866,-0.293,-0.293,-0.913,-1.206,0.0,-0.866,-0.221,-0.645,-0.866,-0.221,-0.645,-0.928,-0.7,-1.855,-1.858,-1.867,0.009,0.012,-0.957,-1.014,0.057,-1.849,0.939,-0.555,1.494,-0.689,-0.845,0.155,-0.94,0.709,0.709,-2.775,0.001,-0.94,-0.184,-0.756,-0.94,-0.184,-0.756,-2.033,-1.076,-1.569,-1.206,-2.774,13448,6719,6729
201573,Jerryd Bayless,2016,-1.215,-1.224,-1.215,-0.009,0.0,-1.038,-0.424,-0.614,-0.493,0.316,0.278,0.038,0.232,0.052,0.183,-0.502,-0.409,-0.409,-1.485,-1.894,0.0,-0.502,-0.348,-0.154,-0.502,-0.348,-0.154,0.68,-0.642,0.538,0.535,0.535,0.0,0.003,0.453,-0.085,0.538,0.131,-0.049,-0.124,0.075,-0.528,-0.388,-0.14,-0.054,-0.849,-0.849,-0.044,-0.893,0.0,-0.054,-0.145,0.091,-0.054,-0.145,0.091,-0.25,0.15,-0.677,-0.69,-0.68,-0.01,0.003,-0.585,-0.509,-0.076,-0.362,0.267,0.154,0.113,-0.296,-0.336,0.043,-0.556,-1.258,-1.258,-2.787,0.0,-0.556,-0.493,-0.063,-0.556,-0.493,-0.063,0.43,-0.492,-1.894,-0.893,-2.787,12832,6423,6409
2743,Kris Humphries,2016,-2.261,-2.263,-2.278,0.015,0.017,-0.615,-0.414,-0.201,-1.184,-0.479,-0.542,0.063,-0.001,-0.128,0.127,0.064,0.061,0.061,-2.198,-2.137,0.0,0.064,-0.34,0.404,0.064,-0.34,0.404,-0.708,-0.377,-0.437,-0.441,-0.437,-0.004,0.0,0.214,-0.066,0.28,-0.003,-0.648,-0.033,-0.615,-0.055,-0.234,0.179,-0.279,0.064,0.064,-0.771,-0.707,0.0,-0.279,-0.113,-0.166,-0.279,-0.113,-0.166,0.037,0.16,-2.698,-2.704,-2.715,0.011,0.017,-0.401,-0.48,0.079,-1.187,-1.127,-0.575,-0.552,-0.056,-0.362,0.306,-0.215,0.125,0.125,-2.844,0.001,-0.215,-0.453,0.238,-0.215,-0.453,0.238,-0.671,-0.217,-2.137,-0.707,-2.843,8782,4384,4398
202066,Garrett Temple,2016,-2.293,-2.292,-2.292,0.0,-0.001,-0.394,-0.217,-0.177,-0.78,-1.118,-0.07,-1.048,-0.355,0.114,-0.47,-0.123,-0.864,-0.864,-2.771,-3.635,0.0,-0.123,0.068,-0.191,-0.123,0.068,-0.191,-1.642,-0.481,-0.281,-0.282,-0.282,0.0,0.001,0.617,0.114,0.503,-0.379,-0.52,-0.012,-0.508,-0.364,-0.458,0.095,0.523,0.871,0.871,-0.122,0.749,0.0,0.523,-0.096,0.619,0.523,-0.096,0.619,1.488,0.647,-2.574,-2.574,-2.574,0.0,0.0,0.223,-0.103,0.326,-1.159,-1.638,-0.082,-1.556,-0.719,-0.344,-0.375,0.4,0.007,0.007,-2.886,-0.001,0.4,-0.028,0.428,0.4,-0.028,0.428,-0.154,0.166,-3.635,0.749,-2.887,10860,5418,5442
202362,Lance Stephenson,2016,-2.47,-2.462,-2.456,-0.006,-0.014,0.224,0.394,-0.17,-1.007,-1.673,-0.632,-1.041,-0.468,-0.245,-0.223,-0.033,0.445,0.445,-2.971,-2.526,0.0,-0.033,0.398,-0.431,-0.033,0.398,-0.431,-3.128,0.093,0.338,0.335,0.333,0.002,0.005,0.129,0.003,0.126,-0.346,0.55,0.048,0.502,-0.227,-0.054,-0.172,-0.124,-0.352,-0.352,-0.013,-0.365,0.0,-0.124,-0.25,0.126,-0.124,-0.25,0.126,0.62,0.104,-2.132,-2.127,-2.123,-0.004,-0.009,0.353,0.397,-0.044,-1.353,-1.123,-0.584,-0.539,-0.695,-0.299,-0.395,-0.157,0.093,0.093,-2.891,0.0,-0.157,0.148,-0.305,-0.157,0.148,-0.305,-2.508,0.197,-2.526,-0.365,-2.891,11816,5906,5910
2570,Kendrick Perkins,2016,-0.295,-0.295,-0.301,0.006,0.006,-0.866,-0.435,-0.431,0.391,0.174,-0.121,0.295,-0.624,-0.555,-0.07,-0.979,-0.568,-0.568,-1.898,-2.466,0.0,-0.979,-0.088,-0.891,-0.979,-0.088,-0.891,-2.076,-1.1,-0.223,-0.227,-0.223,-0.004,-0.0,-0.51,0.054,-0.564,0.109,0.178,-0.209,0.387,-0.093,-0.124,0.031,-0.018,-0.093,-0.093,-0.334,-0.427,0.0,-0.018,-0.169,0.151,-0.018,-0.169,0.151,-1.348,-0.135,-0.518,-0.522,-0.524,0.002,0.006,-1.376,-0.381,-0.995,0.5,0.352,-0.33,0.682,-0.717,-0.679,-0.039,-0.997,-0.661,-0.661,-2.893,-0.001,-0.997,-0.257,-0.74,-0.997,-0.257,-0.74,-3.424,-1.235,-2.466,-0.427,-2.894,6762,3388,3374
203200,Justin Holiday,2016,-1.593,-1.599,-1.608,0.009,0.015,0.131,-0.043,0.174,-1.415,-0.324,0.02,-0.344,-0.089,-0.076,-0.012,-0.168,-0.629,-0.629,-1.85,-2.479,0.0,-0.168,-0.61,0.442,-0.168,-0.61,0.442,0.688,0.381,-0.53,-0.53,-0.528,-0.002,-0.002,0.238,-0.086,0.324,0.242,-1.008,-0.1,-0.908,-0.045,-0.054,0.009,0.183,-0.061,-0.061,-0.392,-0.453,0.0,0.183,0.343,-0.16,0.183,0.343,-0.16,-0.82,0.097,-2.123,-2.129,-2.136,0.007,0.013,0.369,-0.129,0.498,-1.173,-1.332,-0.08,-1.252,-0.134,-0.13,-0.003,0.015,-0.69,-0.69,-2.932,0.0,0.015,-0.267,0.282,0.015,-0.267,0.282,-0.132,0.478,-2.479,-0.453,-2.932,5747,2865,2882
203546,Ian Clark,2016,-0.822,-0.826,-0.833,0.007,0.011,-0.038,-0.303,0.265,-0.127,-0.668,0.154,-0.822,-0.349,-0.123,-0.228,-0.306,-0.227,-0.227,-1.477,-1.704,0.0,-0.306,-0.319,0.013,-0.306,-0.319,0.013,0.591,-0.102,-0.661,-0.665,-0.665,0.0,0.004,-0.624,-0.309,-0.315,-0.045,0.004,0.089,-0.085,-0.242,-0.451,0.212,-0.149,-0.178,-0.178,-1.052,-1.23,0.0,-0.149,-0.026,-0.123,-0.149,-0.026,-0.123,0.356,-0.157,-1.483,-1.491,-1.498,0.007,0.015,-0.662,-0.612,-0.05,-0.172,-0.664,0.243,-0.907,-0.591,-0.574,-0.016,-0.455,-0.405,-0.405,-2.934,0.001,-0.455,-0.345,-0.11,-0.455,-0.345,-0.11,0.947,-0.259,-1.704,-1.23,-2.933,3697,1855,1842
201171,Carl Landry,2016,-1.815,-1.826,-1.822,-0.004,0.007,-1.427,-0.715,-0.712,0.284,-0.679,-0.491,-0.188,0.334,0.111,0.225,-0.033,-0.147,-0.147,-1.514,-1.661,-0.0,-0.033,0.197,-0.23,-0.033,0.197,-0.23,-1.165,-0.638,-0.125,-0.125,-0.121,-0.004,-0.004,-0.556,-0.22,-0.336,0.092,0.343,0.089,0.254,0.316,0.11,0.207,-1.072,-0.402,-0.402,-0.881,-1.283,0.0,-1.072,-0.701,-0.371,-1.072,-0.701,-0.371,-0.565,-0.553,-1.94,-1.951,-1.943,-0.008,0.003,-1.983,-0.935,-1.048,0.376,-0.336,-0.402,0.066,0.65,0.221,0.432,-1.105,-0.549,-0.549,-2.944,0.001,-1.105,-0.504,-0.601,-1.105,-0.504,-0.601,-1.73,-1.191,-1.661,-1.283,-2.943,6956,3475,3481
202366,Jerome Jordan,2016,-2.195,-2.202,-2.189,-0.013,-0.006,-0.632,0.061,-0.693,-0.806,-0.751,-0.069,-0.682,0.158,-0.114,0.271,-0.623,0.373,0.373,-2.66,-2.287,0.0,-0.623,-0.494,-0.129,-0.623,-0.494,-0.129,-1.28,0.119,-0.138,-0.144,-0.14,-0.004,0.002,-0.097,0.034,-0.131,-0.084,0.041,-0.096,0.137,-0.083,-0.11,0.028,0.101,-0.54,-0.54,-0.12,-0.66,0.0,0.101,0.202,-0.101,0.101,0.202,-0.101,-0.253,-0.129,-2.333,-2.345,-2.329,-0.016,-0.004,-0.729,0.095,-0.824,-0.89,-0.71,-0.165,-0.545,0.075,-0.224,0.299,-0.522,-0.167,-0.167,-2.947,0.0,-0.522,-0.292,-0.23,-0.522,-0.292,-0.23,-1.533,-0.01,-2.287,-0.66,-2.947,1498,742,756
2430,Carlos Boozer,2016,-0.465,-0.471,-0.465,-0.006,0.0,-0.146,-0.04,-0.106,-0.39,0.071,-0.6,0.671,-0.104,-0.213,0.112,0.085,0.263,0.263,-0.484,-0.221,0.0,0.085,0.192,-0.107,0.085,0.192,-0.107,0.796,0.371,-1.805,-1.802,-1.799,-0.003,-0.006,-0.773,-0.324,-0.449,0.036,-1.062,0.04,-1.102,-0.315,-0.274,-0.043,-0.749,0.141,0.141,-2.869,-2.728,0.0,-0.749,-0.584,-0.165,-0.749,-0.584,-0.165,-0.86,-0.255,-2.27,-2.273,-2.264,-0.009,-0.006,-0.919,-0.364,-0.555,-0.354,-0.991,-0.56,-0.431,-0.419,-0.487,0.069,-0.664,0.404,0.404,-2.949,0.0,-0.664,-0.392,-0.272,-0.664,-0.392,-0.272,-0.064,0.116,-0.221,-2.728,-2.949,6628,3318,3310
202087,Alonzo Gee,2016,-2.658,-2.653,-2.656,0.003,-0.002,-0.078,0.118,-0.196,-0.965,-1.613,-0.169,-1.444,0.251,0.171,0.079,-0.306,-0.745,-0.745,-2.713,-3.458,0.0,-0.306,0.194,-0.5,-0.306,0.194,-0.5,-4.407,-0.203,0.827,0.822,0.823,-0.001,0.004,-0.081,0.052,-0.133,0.344,0.56,-0.058,0.618,0.084,0.012,0.074,0.144,-0.585,-0.585,1.055,0.47,0.0,0.144,-0.277,0.421,0.144,-0.277,0.421,0.932,0.191,-1.831,-1.831,-1.833,0.002,0.002,-0.159,0.17,-0.329,-0.621,-1.053,-0.227,-0.826,0.335,0.183,0.153,-0.162,-1.33,-1.33,-2.988,-0.001,-0.162,-0.083,-0.079,-0.162,-0.083,-0.079,-3.475,-0.012,-3.458,0.47,-2.989,9247,4607,4640
203913,Jabari Brown,2016,-0.4,-0.393,-0.379,-0.014,-0.021,-0.054,0.341,-0.395,-0.705,0.38,-0.143,0.523,0.165,0.186,-0.019,-0.414,-0.474,-0.474,-0.649,-1.123,0.0,-0.414,0.073,-0.487,-0.414,0.073,-0.487,-0.735,0.075,-1.287,-1.294,-1.296,0.002,0.009,-0.731,-0.356,-0.375,-0.185,-0.38,-0.081,-0.299,-0.25,-0.35,0.099,-0.401,0.065,0.065,-1.938,-1.873,0.0,-0.401,-0.099,-0.302,-0.401,-0.099,-0.302,-0.633,-0.362,-1.687,-1.687,-1.675,-0.012,-0.012,-0.785,-0.015,-0.77,-0.89,-0.0,-0.224,0.224,-0.085,-0.164,0.08,-0.815,-0.409,-0.409,-2.996,0.0,-0.815,-0.026,-0.789,-0.815,-0.026,-0.789,-1.368,-0.287,-1.123,-1.873,-2.996,2123,1055,1068
203458,Alex Len,2016,-1.51,-1.514,-1.515,0.001,0.005,-0.586,-0.228,-0.358,-0.191,-0.738,-0.314,-0.424,-0.536,-0.506,-0.029,-1.518,0.544,0.544,-3.564,-3.02,0.0,-1.518,-0.693,-0.825,-1.518,-0.693,-0.825,-1.623,-0.089,0.799,0.802,0.803,-0.001,-0.004,0.058,-0.13,0.188,0.486,0.259,0.037,0.222,0.072,0.113,-0.042,-0.644,-0.217,-0.217,0.227,0.01,0.0,-0.644,-0.416,-0.228,-0.644,-0.416,-0.228,0.527,0.109,-0.711,-0.713,-0.712,-0.001,0.001,-0.528,-0.358,-0.17,0.295,-0.479,-0.277,-0.202,-0.464,-0.393,-0.071,-2.162,0.327,0.327,-3.01,-0.001,-2.162,-1.109,-1.053,-2.162,-1.109,-1.053,-1.096,0.02,-3.02,0.01,-3.011,13462,6727,6735
101111,Charlie Villanueva,2016,-1.331,-1.327,-1.317,-0.01,-0.014,-0.415,-0.518,0.103,-0.052,-0.85,0.917,-1.767,-0.972,-0.932,-0.04,0.499,-0.212,-0.212,-1.804,-2.016,0.0,0.499,0.322,0.177,0.499,0.322,0.177,1.41,0.065,-0.597,-0.595,-0.595,0.0,-0.002,-0.148,-0.095,-0.053,-0.618,0.171,-0.038,0.209,-0.023,-0.182,0.16,-0.5,0.108,0.108,-1.12,-1.012,0.0,-0.5,-0.38,-0.12,-0.5,-0.38,-0.12,0.006,-0.198,-1.928,-1.922,-1.912,-0.01,-0.016,-0.563,-0.613,0.05,-0.67,-0.679,0.879,-1.558,-0.995,-1.114,0.12,-0.001,-0.104,-0.104,-3.028,0.001,-0.001,-0.058,0.057,-0.001,-0.058,0.057,1.416,-0.133,-2.016,-1.012,-3.027,5727,2860,2867
203925,Joe Harris,2016,0.784,0.791,0.78,0.011,0.004,0.18,-0.301,0.481,-0.683,1.283,0.331,0.952,-0.138,-0.141,0.004,0.054,-1.881,-1.881,0.7,-1.181,0.0,0.054,0.218,-0.164,0.054,0.218,-0.164,0.645,0.082,-1.263,-1.269,-1.266,-0.003,0.003,-0.409,0.201,-0.61,-0.306,-0.551,-0.026,-0.525,-0.087,-0.109,0.025,-0.311,-0.256,-0.256,-1.661,-1.917,-0.0,-0.311,-0.178,-0.133,-0.311,-0.178,-0.133,-1.489,0.03,-0.479,-0.478,-0.486,0.008,0.007,-0.229,-0.1,-0.129,-0.989,0.732,0.305,0.427,-0.225,-0.25,0.029,-0.257,-2.137,-2.137,-3.098,0.0,-0.257,0.04,-0.297,-0.257,0.04,-0.297,-0.844,0.112,-1.181,-1.917,-3.098,2050,1028,1022
1626156,D'Angelo Russell,2016,-1.582,-1.565,-1.557,-0.008,-0.025,-0.092,-0.142,0.05,-0.902,-0.563,0.39,-0.953,-0.806,-0.494,-0.315,0.035,0.193,0.193,-2.353,-2.16,-0.0,0.035,-0.268,0.303,0.035,-0.268,0.303,-1.727,0.035,-0.748,-0.753,-0.756,0.003,0.008,-0.499,-0.2,-0.299,-0.413,0.156,-0.058,0.214,0.018,0.001,0.02,-0.061,-0.184,-0.184,-0.791,-0.975,-0.0,-0.061,0.139,-0.2,-0.061,0.139,-0.2,-1.011,-0.175,-2.33,-2.318,-2.313,-0.005,-0.017,-0.591,-0.342,-0.249,-1.315,-0.407,0.332,-0.739,-0.788,-0.493,-0.295,-0.026,0.009,0.009,-3.135,-0.001,-0.026,-0.129,0.103,-0.026,-0.129,0.103,-2.738,-0.14,-2.16,-0.975,-3.136,8923,4457,4466
1626171,Bobby Portis,2016,-2.269,-2.278,-2.283,0.005,0.014,-1.192,-0.519,-0.673,0.126,-1.217,-0.189,-1.028,-0.848,-0.93,0.082,0.729,1.15,1.15,-2.388,-1.238,0.0,0.729,0.452,0.277,0.729,0.452,0.277,-1.057,-0.575,-1.038,-1.041,-1.038,-0.003,-0.0,-0.515,-0.202,-0.313,0.172,-0.695,-0.103,-0.592,-0.05,0.001,-0.049,-0.626,-0.186,-0.186,-1.714,-1.9,0.0,-0.626,-0.437,-0.189,-0.626,-0.437,-0.189,-1.405,-0.393,-3.307,-3.319,-3.321,0.002,0.014,-1.707,-0.721,-0.986,0.298,-1.912,-0.292,-1.62,-0.898,-0.929,0.033,0.103,0.964,0.964,-3.138,-0.001,0.103,0.015,0.088,0.103,0.015,0.088,-2.462,-0.968,-1.238,-1.9,-3.139,4282,2128,2154
2557,Luke Ridnour,2016,0.34,0.347,0.339,0.008,0.001,0.085,-0.437,0.522,0.454,-0.2,-0.104,-0.096,-0.105,0.011,-0.113,-0.219,-1.997,-1.997,0.016,-1.981,0.0,-0.219,0.241,-0.46,-0.219,0.241,-0.46,-0.797,-0.154,-0.731,-0.734,-0.734,0.0,0.003,0.153,0.056,0.097,-0.546,-0.341,-0.039,-0.302,-0.305,-0.286,-0.019,-0.211,0.079,0.079,-1.247,-1.168,0.0,-0.211,-0.17,-0.041,-0.211,-0.17,-0.041,0.081,0.191,-0.391,-0.387,-0.395,0.008,0.004,0.238,-0.381,0.619,-0.092,-0.541,-0.143,-0.398,-0.41,-0.275,-0.132,-0.43,-1.918,-1.918,-3.149,0.0,-0.43,0.071,-0.501,-0.43,0.071,-0.501,-0.716,0.037,-1.981,-1.168,-3.149,2652,1324,1328
202721,Darius Morris,2016,-2.392,-2.391,-2.378,-0.013,-0.014,-0.016,-0.239,0.223,-1.29,-1.072,-0.044,-1.028,-0.491,-0.355,-0.135,-0.448,0.372,0.372,-3.331,-2.959,0.0,-0.448,-0.086,-0.362,-0.448,-0.086,-0.362,-1.352,-0.132,0.091,0.093,0.095,-0.002,-0.004,-0.215,-0.016,-0.199,-0.075,0.385,-0.106,0.491,0.162,0.206,-0.043,-0.192,-0.253,-0.253,0.061,-0.192,0.0,-0.192,0.053,-0.245,-0.192,0.053,-0.245,-0.321,-0.067,-2.301,-2.298,-2.283,-0.015,-0.018,-0.231,-0.255,0.024,-1.365,-0.687,-0.15,-0.537,-0.329,-0.149,-0.178,-0.64,0.119,0.119,-3.151,0.0,-0.64,-0.033,-0.607,-0.64,-0.033,-0.607,-1.673,-0.199,-2.959,-0.192,-3.151,1168,582,586
203145,Kent Bazemore,2016,-2.225,-2.218,-2.218,0.0,-0.007,-0.158,0.504,-0.662,-1.143,-0.917,0.11,-1.027,0.021,0.15,-0.129,-0.087,-0.754,-0.754,-2.291,-3.045,0.0,-0.087,0.031,-0.118,-0.087,0.031,-0.118,-1.468,0.021,0.304,0.312,0.312,0.0,-0.008,0.435,0.07,0.365,0.297,-0.42,-0.124,-0.296,0.109,0.03,0.078,-0.214,-0.306,-0.306,0.199,-0.107,0.0,-0.214,-0.187,-0.027,-0.214,-0.187,-0.027,-0.275,0.1,-1.921,-1.906,-1.906,0.0,-0.015,0.277,0.574,-0.297,-0.846,-1.337,-0.014,-1.323,0.13,0.18,-0.051,-0.301,-1.06,-1.06,-3.152,0.0,-0.301,-0.156,-0.145,-0.301,-0.156,-0.145,-1.743,0.121,-3.045,-0.107,-3.152,15929,7952,7977
202713,Kyle Singler,2016,-3.302,-3.309,-3.32,0.011,0.018,-0.851,0.107,-0.958,-1.533,-0.936,0.015,-0.951,0.203,0.105,0.1,-0.45,1.3,1.3,-3.549,-2.249,0.0,-0.45,0.179,-0.629,-0.45,0.179,-0.629,-1.485,0.122,0.337,0.337,0.343,-0.006,-0.006,0.101,-0.04,0.141,-0.609,0.851,-0.09,0.941,-0.057,0.026,-0.083,-0.659,-0.553,-0.553,-0.379,-0.932,0.0,-0.659,-0.261,-0.398,-0.659,-0.261,-0.398,-1.334,-0.205,-2.965,-2.972,-2.977,0.005,0.012,-0.75,0.067,-0.817,-2.142,-0.085,-0.075,-0.01,0.146,0.131,0.017,-1.109,0.747,0.747,-3.181,0.0,-1.109,-0.082,-1.027,-1.109,-0.082,-1.027,-2.819,-0.083,-2.249,-0.932,-3.181,10893,5433,5460
202323,Evan Turner,2016,-2.902,-2.9,-2.889,-0.011,-0.013,-0.611,0.229,-0.84,0.428,-2.706,-0.711,-1.995,0.463,0.378,0.084,-0.801,0.238,0.238,-3.24,-3.002,0.0,-0.801,-0.66,-0.141,-0.801,-0.66,-0.141,-4.356,-0.277,-0.567,-0.571,-0.572,0.001,0.005,-0.488,-0.116,-0.372,-0.18,0.096,0.088,0.008,-0.068,-0.01,-0.059,-0.094,0.528,0.528,-0.729,-0.201,-0.0,-0.094,-0.078,-0.016,-0.094,-0.078,-0.016,0.782,-0.039,-3.469,-3.471,-3.461,-0.01,-0.008,-1.099,0.113,-1.212,0.248,-2.61,-0.623,-1.987,0.395,0.368,0.025,-0.895,0.766,0.766,-3.203,0.001,-0.895,-0.738,-0.157,-0.895,-0.738,-0.157,-3.574,-0.316,-3.002,-0.201,-3.202,19499,9766,9733
203561,Brandon Davies,2016,-0.352,-0.35,-0.357,0.007,0.005,-0.173,0.18,-0.353,-0.32,0.136,0.253,-0.117,-0.141,0.179,-0.316,-0.644,-0.361,-0.361,-1.137,-1.498,0.0,-0.644,-0.059,-0.585,-0.644,-0.059,-0.585,0.29,-0.069,-1.714,-1.723,-1.726,0.003,0.012,-0.429,-0.191,-0.238,-0.491,-0.806,-0.062,-0.744,-0.231,-0.119,-0.111,0.636,-0.409,-0.409,-1.309,-1.718,0.0,0.636,0.205,0.431,0.636,0.205,0.431,-1.492,-0.16,-2.066,-2.073,-2.083,0.01,0.017,-0.602,-0.011,-0.591,-0.811,-0.67,0.191,-0.861,-0.372,0.06,-0.427,-0.008,-0.77,-0.77,-3.216,0.001,-0.008,0.146,-0.154,-0.008,0.146,-0.154,-1.202,-0.229,-1.498,-1.718,-3.215,1699,854,845
1626169,Stanley Johnson,2016,-2.68,-2.678,-2.68,0.002,-0.0,-0.524,0.099,-0.623,-0.286,-1.87,0.025,-1.895,-0.051,0.853,-0.908,-0.073,0.431,0.431,-2.804,-2.373,0.0,-0.073,0.46,-0.533,-0.073,0.46,-0.533,-4.194,-0.517,-0.788,-0.79,-0.789,-0.001,0.001,0.447,0.011,0.436,-0.291,-0.945,0.121,-1.066,-0.359,-0.203,-0.153,-0.534,0.826,0.826,-1.681,-0.855,0.0,-0.534,-0.361,-0.173,-0.534,-0.361,-0.173,0.904,0.341,-3.468,-3.468,-3.469,0.001,0.001,-0.077,0.11,-0.187,-0.577,-2.815,0.146,-2.961,-0.41,0.65,-1.061,-0.607,1.257,1.257,-3.228,0.0,-0.607,0.099,-0.706,-0.607,0.099,-0.706,-3.29,-0.176,-2.373,-0.855,-3.228,6943,3455,3488
1626167,Myles Turner,2016,-1.867,-1.887,-1.879,-0.008,0.012,-0.273,-0.14,-0.133,0.687,-2.293,-0.482,-1.811,-0.588,-0.602,0.015,-0.24,-0.737,-0.737,-2.695,-3.432,0.0,-0.24,-0.259,0.019,-0.24,-0.259,0.019,0.037,0.171,0.926,0.929,0.931,-0.002,-0.005,0.222,-0.332,0.554,0.23,0.479,-0.036,0.515,0.081,0.06,0.023,-0.055,-0.794,-0.794,0.952,0.158,-0.0,-0.055,-0.172,0.117,-0.055,-0.172,0.117,-0.079,0.005,-0.941,-0.958,-0.948,-0.01,0.007,-0.051,-0.472,0.421,0.917,-1.814,-0.518,-1.296,-0.507,-0.542,0.038,-0.295,-1.531,-1.531,-3.274,0.0,-0.295,-0.431,0.136,-0.295,-0.431,0.136,-0.042,0.176,-3.432,0.158,-3.274,6165,3078,3087
201580,JaVale McGee,2016,-0.699,-0.7,-0.706,0.006,0.007,0.795,0.388,0.407,-1.31,-0.191,0.195,-0.386,-0.263,0.131,-0.39,-0.217,-0.863,-0.863,-1.179,-2.042,0.0,-0.217,-0.139,-0.078,-0.217,-0.139,-0.078,-0.833,0.475,-0.613,-0.611,-0.61,-0.001,-0.003,0.076,0.174,-0.098,-0.207,-0.479,-0.092,-0.387,0.085,0.085,0.002,-0.238,-0.474,-0.474,-0.766,-1.24,0.0,-0.238,-0.382,0.144,-0.238,-0.382,0.144,-1.511,0.069,-1.312,-1.311,-1.316,0.005,0.004,0.871,0.562,0.309,-1.517,-0.67,0.103,-0.773,-0.178,0.216,-0.388,-0.455,-1.337,-1.337,-3.282,0.0,-0.455,-0.521,0.066,-0.455,-0.521,0.066,-2.344,0.544,-2.042,-1.24,-3.282,2622,1305,1317
203914,Gary Harris,2016,-1.078,-1.074,-1.076,0.002,-0.002,-0.248,0.568,-0.816,0.432,-1.26,-0.198,-1.062,-0.282,-0.321,0.039,-0.178,0.433,0.433,-1.538,-1.105,0.0,-0.178,0.001,-0.179,-0.178,0.001,-0.179,-2.091,0.312,-2.095,-2.094,-2.093,-0.001,-0.002,-0.652,-0.387,-0.265,-0.75,-0.691,0.03,-0.721,0.015,-0.074,0.09,-0.046,-0.056,-0.056,-2.126,-2.182,0.0,-0.046,-0.017,-0.029,-0.046,-0.017,-0.029,-1.942,-0.41,-3.173,-3.168,-3.169,0.001,-0.004,-0.9,0.181,-1.081,-0.318,-1.951,-0.168,-1.783,-0.267,-0.395,0.129,-0.224,0.377,0.377,-3.287,0.0,-0.224,-0.016,-0.208,-0.224,-0.016,-0.208,-4.033,-0.098,-1.105,-2.182,-3.287,12587,6283,6304
203960,JaKarr Sampson,2016,-0.415,-0.417,-0.426,0.009,0.011,0.261,0.51,-0.249,-0.93,0.243,-0.059,0.302,-0.418,0.051,-0.469,-1.241,-0.334,-0.334,-2.074,-2.408,0.0,-1.241,-0.178,-1.063,-1.241,-0.178,-1.063,-1.664,-0.121,-0.663,-0.662,-0.661,-0.001,-0.002,-0.186,-0.082,-0.104,0.589,-1.064,-0.06,-1.004,-0.092,-0.066,-0.027,-0.119,-0.016,-0.016,-0.874,-0.89,0.0,-0.119,0.016,-0.135,-0.119,0.016,-0.135,-1.081,-0.363,-1.078,-1.079,-1.087,0.008,0.009,0.075,0.428,-0.353,-0.341,-0.821,-0.119,-0.702,-0.51,-0.015,-0.496,-1.36,-0.35,-0.35,-3.298,0.0,-1.36,-0.162,-1.198,-1.36,-0.162,-1.198,-2.745,-0.484,-2.408,-0.89,-3.298,9205,4560,4645
977,Kobe Bryant,2016,-0.49,-0.487,-0.474,-0.013,-0.016,0.007,-0.624,0.631,-0.306,-0.175,0.222,-0.397,0.563,0.057,0.503,0.93,-0.865,-0.865,1.003,0.138,-0.0,0.93,0.256,0.674,0.93,0.256,0.674,-1.839,-0.204,-2.153,-2.153,-2.153,0.0,0.0,-1.03,-0.359,-0.671,-0.308,-0.815,-0.007,-0.808,-0.251,-0.197,-0.054,-0.285,-0.753,-0.753,-2.689,-3.442,0.0,-0.285,0.094,-0.379,-0.285,0.094,-0.379,-2.421,-0.876,-2.643,-2.64,-2.627,-0.013,-0.016,-1.023,-0.983,-0.04,-0.614,-0.99,0.215,-1.205,0.312,-0.14,0.449,0.645,-1.618,-1.618,-3.304,0.0,0.645,0.35,0.295,0.645,0.35,0.295,-4.26,-1.08,0.138,-3.442,-3.304,12181,6085,6096
2590,Mo Williams,2016,-2.781,-2.781,-2.783,0.002,0.002,-0.553,-0.373,-0.18,-0.819,-1.411,0.017,-1.428,-0.091,-0.295,0.206,-0.344,0.388,0.388,-3.216,-2.828,0.0,-0.344,-0.022,-0.322,-0.344,-0.022,-0.322,-1.455,0.036,-0.813,-0.816,-0.815,-0.001,0.002,-0.102,0.179,-0.281,-0.414,-0.299,-0.086,-0.213,0.006,0.044,-0.039,-0.173,0.489,0.489,-0.98,-0.491,0.0,-0.173,-0.05,-0.123,-0.173,-0.05,-0.123,0.728,0.47,-3.594,-3.596,-3.598,0.002,0.004,-0.655,-0.194,-0.461,-1.233,-1.71,-0.069,-1.641,-0.085,-0.251,0.167,-0.517,0.877,0.877,-3.319,0.0,-0.517,-0.072,-0.445,-0.517,-0.072,-0.445,-0.727,0.506,-2.828,-0.491,-3.319,10844,5423,5421
2742,Sebastian Telfair,2016,-1.935,-1.923,-1.908,-0.015,-0.027,-0.463,-0.202,-0.261,-0.767,-0.678,0.262,-0.94,0.136,0.491,-0.348,-0.496,-0.741,-0.741,-2.295,-3.036,0.0,-0.496,-0.081,-0.415,-0.496,-0.081,-0.415,-1.345,-0.239,-0.168,-0.178,-0.178,0.0,0.01,-0.695,-0.077,-0.618,0.087,0.43,-0.036,0.466,-0.298,-0.158,-0.137,0.166,0.004,0.004,-0.3,-0.296,-0.0,0.166,-0.197,0.363,0.166,-0.197,0.363,0.382,-0.149,-2.103,-2.102,-2.086,-0.016,-0.017,-1.158,-0.279,-0.879,-0.68,-0.248,0.226,-0.474,-0.162,0.333,-0.485,-0.33,-0.737,-0.737,-3.332,0.0,-0.33,-0.278,-0.052,-0.33,-0.278,-0.052,-0.963,-0.388,-3.036,-0.296,-3.332,1227,619,608
202952,Malcolm Thomas,2016,-0.683,-0.685,-0.686,0.001,0.003,-0.641,-0.284,-0.357,-0.458,0.413,0.166,0.247,-0.063,-0.01,-0.051,-1.178,-0.274,-0.274,-1.924,-2.198,0.0,-1.178,-0.61,-0.568,-1.178,-0.61,-0.568,-0.953,-0.407,-1.096,-1.099,-1.101,0.002,0.005,-0.454,-0.199,-0.255,-0.337,-0.31,0.018,-0.328,-0.053,-0.061,0.009,-0.115,0.129,0.129,-1.264,-1.135,0.0,-0.115,-0.125,0.01,-0.115,-0.125,0.01,-0.974,-0.31,-1.779,-1.784,-1.787,0.003,0.008,-1.095,-0.483,-0.612,-0.795,0.103,0.184,-0.081,-0.116,-0.071,-0.042,-1.293,-0.145,-0.145,-3.333,0.0,-1.293,-0.735,-0.558,-1.293,-0.735,-0.558,-1.927,-0.717,-2.198,-1.135,-3.333,806,400,406
203798,PJ Hairston,2016,-2.296,-2.301,-2.296,-0.005,0.0,-1.236,-0.294,-0.942,-0.902,-0.158,0.35,-0.508,-0.465,-0.545,0.081,0.632,0.787,0.787,-2.129,-1.342,-0.0,0.632,0.03,0.602,0.632,0.03,0.602,0.419,-0.6,-1.816,-1.815,-1.813,-0.002,-0.003,0.082,0.098,-0.016,-0.331,-1.564,-0.262,-1.302,-0.138,-0.149,0.012,0.186,-0.27,-0.27,-1.768,-2.038,0.0,0.186,0.105,0.081,0.186,0.105,0.081,-1.866,0.085,-4.112,-4.116,-4.109,-0.007,-0.003,-1.154,-0.196,-0.958,-1.233,-1.722,0.088,-1.81,-0.603,-0.694,0.093,0.818,0.517,0.517,-3.38,0.0,0.818,0.135,0.683,0.818,0.135,0.683,-1.447,-0.515,-1.342,-2.038,-3.38,7884,3934,3950
200797,Ryan Hollins,2016,-1.564,-1.571,-1.576,0.005,0.012,-0.255,-0.173,-0.082,-0.551,-0.77,-0.272,-0.498,-0.799,-0.478,-0.319,-0.658,0.293,0.293,-3.021,-2.728,-0.0,-0.658,-0.077,-0.581,-0.658,-0.077,-0.581,-1.408,-0.093,-0.206,-0.203,-0.2,-0.003,-0.006,0.285,0.401,-0.116,-0.044,-0.441,-0.079,-0.362,-0.012,-0.029,0.019,-0.479,0.043,0.043,-0.697,-0.654,-0.0,-0.479,-0.278,-0.201,-0.479,-0.278,-0.201,-1.217,0.095,-1.77,-1.774,-1.776,0.002,0.006,0.03,0.228,-0.198,-0.595,-1.211,-0.351,-0.86,-0.811,-0.507,-0.3,-1.137,0.336,0.336,-3.382,-0.0,-1.137,-0.355,-0.782,-1.137,-0.355,-0.782,-2.625,0.002,-2.728,-0.654,-3.382,3517,1753,1764
2549,Chris Kaman,2016,-0.805,-0.81,-0.82,0.01,0.015,-0.86,-0.308,-0.552,0.418,-0.378,-0.314,-0.064,-0.807,-0.862,0.058,-1.22,-0.166,-0.166,-2.832,-2.998,-0.0,-1.22,-0.549,-0.671,-1.22,-0.549,-0.671,-0.091,-0.057,-0.318,-0.319,-0.316,-0.003,-0.002,0.324,0.075,0.249,-0.495,-0.145,0.292,-0.437,0.251,0.277,-0.027,-0.575,0.216,0.216,-0.642,-0.426,-0.0,-0.575,-0.375,-0.2,-0.575,-0.375,-0.2,0.005,0.248,-1.123,-1.129,-1.136,0.007,0.013,-0.536,-0.233,-0.303,-0.077,-0.523,-0.022,-0.501,-0.556,-0.585,0.031,-1.795,0.05,0.05,-3.424,-0.0,-1.795,-0.924,-0.871,-1.795,-0.924,-0.871,-0.086,0.191,-2.998,-0.426,-3.424,6064,3028,3036
203944,Julius Randle,2016,-2.275,-2.273,-2.265,-0.008,-0.01,-0.228,-0.143,-0.085,-1.197,-0.84,-0.026,-0.814,0.382,0.056,0.322,-0.065,0.493,0.493,-1.958,-1.465,-0.0,-0.065,0.011,-0.076,-0.065,0.011,-0.076,-2.743,-0.489,-1.147,-1.15,-1.152,0.002,0.005,-0.97,-0.395,-0.575,-0.32,0.138,-0.155,0.293,-0.15,-0.161,0.013,-0.701,0.016,0.016,-1.998,-1.982,-0.0,-0.701,-0.261,-0.44,-0.701,-0.261,-0.44,-1.208,-0.62,-3.422,-3.423,-3.417,-0.006,-0.005,-1.198,-0.538,-0.66,-1.517,-0.702,-0.181,-0.521,0.232,-0.105,0.335,-0.766,0.509,0.509,-3.447,-0.0,-0.766,-0.25,-0.516,-0.766,-0.25,-0.516,-3.951,-1.109,-1.465,-1.982,-3.447,9122,4542,4580
203112,Quincy Acy,2016,-2.081,-2.084,-2.094,0.01,0.013,-1.217,-0.211,-1.006,-0.867,-0.01,0.004,-0.014,-0.741,-0.811,0.071,-0.735,-0.296,-0.296,-3.557,-3.853,-0.0,-0.735,-0.461,-0.274,-0.735,-0.461,-0.274,-1.26,-0.47,-0.344,-0.345,-0.343,-0.002,-0.001,0.101,0.041,0.06,0.208,-0.652,-0.153,-0.499,-0.166,-0.098,-0.068,0.627,0.263,0.263,0.117,0.38,0.0,0.627,0.437,0.19,0.627,0.437,0.19,-0.219,0.052,-2.425,-2.429,-2.437,0.008,0.012,-1.116,-0.17,-0.946,-0.659,-0.662,-0.149,-0.513,-0.907,-0.909,0.003,-0.108,-0.033,-0.033,-3.473,0.0,-0.108,-0.024,-0.084,-0.108,-0.024,-0.084,-1.479,-0.418,-3.853,0.38,-3.473,8471,4230,4241
203943,Noah Vonleh,2016,-2.909,-2.913,-2.921,0.008,0.012,-1.966,-0.774,-1.192,-0.901,-0.054,-0.181,0.127,-0.686,-0.923,0.236,-0.184,0.392,0.392,-3.779,-3.387,0.0,-0.184,0.306,-0.49,-0.184,0.306,-0.49,-2.65,-1.015,-0.695,-0.695,-0.693,-0.002,-0.002,0.41,0.289,0.121,-0.826,-0.277,-0.077,-0.2,0.079,0.368,-0.288,-0.018,0.533,0.533,-0.634,-0.101,-0.0,-0.018,0.04,-0.058,-0.018,0.04,-0.058,-1.406,-0.021,-3.604,-3.608,-3.614,0.006,0.01,-1.556,-0.485,-1.071,-1.727,-0.331,-0.258,-0.073,-0.607,-0.555,-0.052,-0.202,0.925,0.925,-3.488,-0.001,-0.202,0.346,-0.548,-0.202,0.346,-0.548,-4.056,-1.036,-3.387,-0.101,-3.489,5640,2816,2824
203492,Ray McCallum,2016,-3.003,-3.001,-3.007,0.006,0.004,-0.016,0.417,-0.433,-1.244,-1.747,-0.497,-1.25,-0.141,-0.179,0.038,0.548,1.179,1.179,-2.596,-1.417,0.0,0.548,0.17,0.378,0.548,0.17,0.378,-2.311,-0.046,-1.558,-1.563,-1.565,0.002,0.007,-0.644,-0.071,-0.573,-0.81,-0.111,-0.03,-0.081,0.062,-0.12,0.182,-0.445,-0.147,-0.147,-1.941,-2.088,0.0,-0.445,-0.072,-0.373,-0.445,-0.072,-0.373,-1.704,-0.375,-4.561,-4.564,-4.572,0.008,0.011,-0.66,0.346,-1.006,-2.054,-1.858,-0.527,-1.331,-0.079,-0.299,0.22,0.103,1.032,1.032,-3.505,-0.001,0.103,0.098,0.005,0.103,0.098,0.005,-4.015,-0.421,-1.417,-2.088,-3.506,7454,3735,3719
201563,Michael Beasley,2016,-1.257,-1.257,-1.252,-0.005,-0.005,-1.04,0.291,-1.331,0.658,-0.87,-0.437,-0.433,-0.456,-0.503,0.047,-0.342,-0.838,-0.838,-2.055,-2.893,0.0,-0.342,-0.451,0.109,-0.342,-0.451,0.109,-1.934,-0.091,-0.538,-0.54,-0.542,0.002,0.004,0.031,-0.036,0.067,-0.452,-0.121,-0.341,0.22,-0.195,-0.337,0.143,0.168,-0.051,-0.051,-0.565,-0.616,0.0,0.168,-0.044,0.212,0.168,-0.044,0.212,-1.667,-0.253,-1.795,-1.798,-1.794,-0.004,-0.001,-1.009,0.255,-1.264,0.206,-0.991,-0.778,-0.213,-0.651,-0.84,0.19,-0.174,-0.889,-0.889,-3.509,0.0,-0.174,-0.495,0.321,-0.174,-0.495,0.321,-3.601,-0.344,-2.893,-0.616,-3.509,3773,1886,1887
203584,Troy Daniels,2016,-0.903,-0.9,-0.904,0.004,0.001,-0.842,-0.454,-0.388,-1.002,0.94,0.599,0.341,-0.238,0.223,-0.461,-0.136,-0.819,-0.819,-1.277,-2.096,0.0,-0.136,-0.18,0.044,-0.136,-0.18,0.044,-0.257,-0.932,-0.836,-0.84,-0.835,-0.005,-0.001,-0.386,-0.068,-0.318,0.445,-0.894,-0.011,-0.883,-0.356,-0.327,-0.028,-0.321,0.087,0.087,-1.513,-1.426,0.0,-0.321,-0.288,-0.033,-0.321,-0.288,-0.033,-0.882,-0.094,-1.739,-1.74,-1.739,-0.001,0.0,-1.228,-0.522,-0.706,-0.557,0.046,0.588,-0.542,-0.594,-0.104,-0.489,-0.457,-0.732,-0.732,-3.522,0.001,-0.457,-0.468,0.011,-0.457,-0.468,0.011,-1.139,-1.026,-2.096,-1.426,-3.521,3552,1777,1775
203080,Thomas Robinson,2016,-2.598,-2.596,-2.607,0.011,0.009,-0.277,-0.106,-0.171,-1.626,-0.704,-0.136,-0.568,-0.822,-0.066,-0.754,-0.75,1.543,1.543,-4.17,-2.627,0.0,-0.75,-0.309,-0.441,-0.75,-0.309,-0.441,-1.837,-0.238,-1.221,-1.219,-1.216,-0.003,-0.005,-0.242,-0.162,-0.08,0.351,-1.325,-0.168,-1.157,-0.113,-0.149,0.036,0.426,-0.132,-0.132,-0.908,-1.04,0.0,0.426,-0.102,0.528,0.426,-0.102,0.528,-1.252,-0.187,-3.819,-3.816,-3.823,0.007,0.004,-0.519,-0.268,-0.251,-1.275,-2.029,-0.304,-1.725,-0.935,-0.215,-0.718,-0.324,1.411,1.411,-3.667,0.0,-0.324,-0.411,0.087,-0.324,-0.411,0.087,-3.089,-0.425,-2.627,-1.04,-3.667,6748,3382,3366
101127,Jarrett Jack,2016,-1.401,-1.401,-1.409,0.008,0.008,-1.38,-0.598,-0.782,1.148,-1.177,-0.414,-0.763,0.282,0.304,-0.022,-0.58,-1.038,-1.038,-1.699,-2.737,0.0,-0.58,-0.154,-0.426,-0.58,-0.154,-0.426,-3.002,-0.898,-0.27,-0.274,-0.275,0.001,0.005,0.289,-0.138,0.427,-0.321,-0.243,-0.365,0.122,-0.114,-0.247,0.133,-0.185,-0.362,-0.362,-0.569,-0.931,-0.0,-0.185,0.033,-0.218,-0.185,0.033,-0.218,-1.754,-0.083,-1.671,-1.675,-1.684,0.009,0.013,-1.091,-0.736,-0.355,0.827,-1.42,-0.779,-0.641,0.168,0.057,0.111,-0.765,-1.4,-1.4,-3.668,0.0,-0.765,-0.121,-0.644,-0.765,-0.121,-0.644,-4.756,-0.981,-2.737,-0.931,-3.668,13329,6672,6657
202349,Greivis Vasquez,2016,-1.194,-1.195,-1.19,-0.005,-0.004,-0.531,-0.259,-0.272,-0.162,-0.497,0.582,-1.079,-0.349,-0.493,0.145,-0.073,-0.067,-0.067,-1.616,-1.683,-0.0,-0.073,-0.326,0.253,-0.073,-0.326,0.253,1.583,0.208,-0.84,-0.845,-0.845,0.0,0.005,-0.892,-0.254,-0.638,0.017,0.03,-0.029,0.059,-0.111,-0.148,0.038,-0.062,-0.983,-0.983,-1.013,-1.996,0.0,-0.062,0.062,-0.124,-0.062,0.062,-0.124,-1.586,-0.514,-2.034,-2.041,-2.035,-0.006,0.001,-1.423,-0.513,-0.91,-0.145,-0.467,0.553,-1.02,-0.46,-0.641,0.183,-0.135,-1.05,-1.05,-3.679,0.0,-0.135,-0.264,0.129,-0.135,-0.264,0.129,-0.003,-0.306,-1.683,-1.996,-3.679,9717,4835,4882
202338,Kevin Seraphin,2016,-1.147,-1.151,-1.156,0.005,0.009,-0.596,-0.852,0.256,1.04,-1.6,-0.675,-0.925,-0.36,-0.491,0.132,-0.844,-1.0,-1.0,-2.351,-3.351,0.0,-0.844,-0.011,-0.833,-0.844,-0.011,-0.833,-0.997,-0.429,0.97,0.968,0.971,-0.003,-0.001,1.299,0.292,1.007,0.486,-0.814,0.032,-0.846,-0.144,-0.248,0.105,-0.718,-0.437,-0.437,0.108,-0.329,0.0,-0.718,-0.519,-0.199,-0.718,-0.519,-0.199,0.51,0.578,-0.177,-0.182,-0.185,0.003,0.008,0.703,-0.56,1.263,1.526,-2.414,-0.643,-1.771,-0.504,-0.739,0.237,-1.562,-1.437,-1.437,-3.68,0.0,-1.562,-0.53,-1.032,-1.562,-0.53,-1.032,-0.487,0.149,-3.351,-0.329,-3.68,6960,3482,3478
201175,Glen Davis,2016,-2.834,-2.841,-2.848,0.007,0.014,-1.04,-0.713,-0.327,0.413,-2.221,0.037,-2.258,-0.457,-0.529,0.073,0.51,-0.871,-0.871,-2.781,-3.652,-0.0,0.51,0.398,0.112,0.51,0.398,0.112,-1.741,-0.387,-0.177,-0.173,-0.171,-0.002,-0.006,0.185,0.218,-0.033,0.014,-0.37,-0.115,-0.255,-0.055,-0.156,0.1,0.096,0.078,0.078,-0.136,-0.058,-0.0,0.096,-0.18,0.276,0.096,-0.18,0.276,-0.818,0.192,-3.011,-3.014,-3.019,0.005,0.008,-0.855,-0.495,-0.36,0.427,-2.591,-0.078,-2.513,-0.512,-0.685,0.173,0.606,-0.793,-0.793,-3.71,-0.0,0.606,0.218,0.388,0.606,0.218,0.388,-2.559,-0.195,-3.652,-0.058,-3.71,4118,2056,2062
202962,Greg Smith,2016,-2.343,-2.34,-2.329,-0.011,-0.014,-0.822,-0.128,-0.694,-1.212,-0.295,0.043,-0.338,-0.803,-0.258,-0.541,-0.083,-0.534,-0.534,-3.229,-3.763,0.0,-0.083,-0.305,0.222,-0.083,-0.305,0.222,-0.878,-0.215,0.491,0.495,0.499,-0.004,-0.008,-0.108,0.027,-0.135,0.357,0.25,-0.02,0.27,-0.109,-0.1,-0.008,-0.368,0.039,0.039,0.014,0.053,-0.0,-0.368,-0.362,-0.006,-0.368,-0.362,-0.006,0.782,-0.047,-1.852,-1.845,-1.83,-0.015,-0.022,-0.93,-0.101,-0.829,-0.855,-0.045,0.023,-0.068,-0.912,-0.358,-0.549,-0.451,-0.495,-0.495,-3.71,0.0,-0.451,-0.667,0.216,-0.451,-0.667,0.216,-0.096,-0.262,-3.763,0.053,-3.71,2179,1084,1095
101181,Jose Calderon,2016,-1.148,-1.146,-1.134,-0.012,-0.014,-0.839,-0.867,0.028,0.752,-1.047,-0.008,-1.039,-0.302,-0.605,0.302,-0.544,-0.056,-0.056,-1.994,-2.05,0.0,-0.544,-0.325,-0.219,-0.544,-0.325,-0.219,-0.088,-0.766,-1.496,-1.503,-1.5,-0.003,0.004,-0.255,-0.233,-0.022,-0.507,-0.738,0.065,-0.803,-0.102,-0.046,-0.055,-0.519,0.437,0.437,-2.117,-1.68,0.0,-0.519,-0.306,-0.213,-0.519,-0.306,-0.213,-1.099,-0.435,-2.644,-2.649,-2.634,-0.015,-0.01,-1.094,-1.1,0.006,0.245,-1.785,0.057,-1.842,-0.404,-0.651,0.247,-1.063,0.381,0.381,-3.73,-0.0,-1.063,-0.631,-0.432,-1.063,-0.631,-0.432,-1.187,-1.201,-2.05,-1.68,-3.73,12579,6277,6302
2617,Udonis Haslem,2016,-2.378,-2.38,-2.385,0.005,0.007,-1.429,-0.523,-0.906,0.047,-1.003,-0.23,-0.773,-0.19,-0.099,-0.089,-0.151,0.276,0.276,-2.719,-2.443,-0.0,-0.151,-0.191,0.04,-0.151,-0.191,0.04,-2.462,-0.942,-1.778,-1.776,-1.778,0.002,0.0,-0.639,-0.128,-0.511,-0.367,-0.772,-0.081,-0.691,0.116,-0.037,0.153,0.208,0.14,0.14,-1.454,-1.314,0.0,0.208,0.126,0.082,0.208,0.126,0.082,-1.662,-0.419,-4.156,-4.157,-4.163,0.006,0.007,-2.068,-0.651,-1.417,-0.32,-1.775,-0.311,-1.464,-0.074,-0.136,0.064,0.057,0.416,0.416,-3.757,-0.0,0.057,-0.065,0.122,0.057,-0.065,0.122,-4.124,-1.361,-2.443,-1.314,-3.757,5018,2490,2528
203100,Tony Wroten,2016,-0.129,-0.128,-0.132,0.004,0.003,0.599,1.362,-0.763,-0.079,-0.652,0.058,-0.71,-0.035,0.616,-0.648,-0.788,-0.445,-0.445,-0.952,-1.397,0.0,-0.788,-0.274,-0.514,-0.788,-0.274,-0.514,-1.485,0.426,-1.765,-1.774,-1.774,0.0,0.009,-0.678,-0.214,-0.464,-0.177,-0.919,-0.143,-0.776,-0.389,-0.278,-0.112,0.359,-0.588,-0.588,-1.795,-2.383,0.0,0.359,-0.004,0.363,0.359,-0.004,0.363,-2.141,-0.565,-1.894,-1.902,-1.906,0.004,0.012,-0.079,1.148,-1.227,-0.256,-1.571,-0.085,-1.486,-0.424,0.338,-0.76,-0.429,-1.033,-1.033,-3.78,0.0,-0.429,-0.278,-0.151,-0.429,-0.278,-0.151,-3.626,-0.139,-1.397,-2.383,-3.78,4142,2081,2061
203106,Jeffery Taylor,2016,-1.744,-1.737,-1.726,-0.011,-0.018,-0.853,0.042,-0.895,-0.557,-0.316,0.023,-0.339,-0.326,-0.13,-0.191,-0.12,-0.899,-0.899,-2.19,-3.089,0.0,-0.12,-0.16,0.04,-0.12,-0.16,0.04,-1.282,-0.272,-0.575,-0.578,-0.58,0.002,0.005,0.124,-0.125,0.249,-0.507,-0.197,0.047,-0.244,0.088,0.208,-0.118,-0.045,-0.183,-0.183,-0.532,-0.715,0.0,-0.045,0.072,-0.117,-0.045,0.072,-0.117,-1.297,-0.119,-2.319,-2.315,-2.306,-0.009,-0.013,-0.729,-0.083,-0.646,-1.064,-0.513,0.07,-0.583,-0.238,0.078,-0.309,-0.165,-1.082,-1.082,-3.804,0.0,-0.165,-0.088,-0.077,-0.165,-0.088,-0.077,-2.579,-0.391,-3.089,-0.715,-3.804,1634,816,818
203085,Austin Rivers,2016,-1.462,-1.467,-1.466,-0.001,0.004,-0.203,-0.02,-0.183,0.077,-1.34,0.068,-1.408,-0.621,-0.092,-0.531,0.05,-0.956,-0.956,-2.033,-2.989,0.0,0.05,0.306,-0.256,0.05,0.306,-0.256,-3.73,-0.765,0.944,0.943,0.944,-0.001,0.0,0.145,-0.268,0.413,0.422,0.377,0.152,0.225,-0.388,-0.652,0.265,0.004,-1.38,-1.38,0.56,-0.82,0.0,0.004,0.121,-0.117,0.004,0.121,-0.117,1.603,0.082,-0.518,-0.525,-0.522,-0.003,0.004,-0.058,-0.288,0.23,0.499,-0.963,0.22,-1.183,-1.009,-0.744,-0.266,0.054,-2.336,-2.336,-3.809,0.0,0.054,0.427,-0.373,0.054,0.427,-0.373,-2.127,-0.683,-2.989,-0.82,-3.809,13434,6686,6748
201581,JJ Hickson,2016,-1.123,-1.122,-1.124,0.002,0.001,0.239,-0.072,0.311,-0.429,-0.934,-0.175,-0.759,-0.714,0.455,-1.169,-0.845,-0.576,-0.576,-2.682,-3.258,0.0,-0.845,-0.606,-0.239,-0.845,-0.606,-0.239,-1.565,0.021,0.122,0.124,0.121,0.003,0.001,0.629,-0.148,0.777,-0.942,0.434,-0.006,0.44,0.078,0.014,0.064,-0.175,-0.664,-0.664,0.025,-0.639,0.0,-0.175,-0.08,-0.095,-0.175,-0.08,-0.095,-0.908,-0.096,-1.001,-0.998,-1.003,0.005,0.002,0.868,-0.22,1.088,-1.371,-0.5,-0.181,-0.319,-0.636,0.469,-1.105,-1.02,-1.24,-1.24,-3.897,0.0,-1.02,-0.686,-0.334,-1.02,-0.686,-0.334,-2.473,-0.075,-3.258,-0.639,-3.897,7294,3651,3643
201160,Jason Smith,2016,-0.684,-0.679,-0.692,0.013,0.008,-0.712,-0.703,-0.009,0.463,-0.443,-0.538,0.095,-0.038,-0.12,0.082,-0.042,-0.572,-0.572,-0.764,-1.336,0.0,-0.042,0.066,-0.108,-0.042,0.066,-0.108,1.092,-0.707,-2.645,-2.652,-2.652,0.0,0.007,0.067,0.016,0.051,-0.773,-1.946,-0.268,-1.678,-0.142,-0.158,0.016,0.135,0.077,0.077,-2.652,-2.575,0.0,0.135,-0.128,0.263,0.135,-0.128,0.263,-2.683,-0.124,-3.329,-3.331,-3.344,0.013,0.015,-0.645,-0.687,0.042,-0.31,-2.389,-0.806,-1.583,-0.18,-0.278,0.098,0.093,-0.495,-0.495,-3.911,0.0,0.093,-0.062,0.155,0.093,-0.062,0.155,-1.591,-0.831,-1.336,-2.575,-3.911,11349,5657,5692
203457,Nerlens Noel,2016,-1.001,-0.996,-1.026,0.03,0.025,0.74,0.457,0.283,-1.127,-0.639,-0.258,-0.381,-0.569,-0.224,-0.344,-2.1,-1.164,-1.164,-3.67,-4.834,0.0,-2.1,-1.147,-0.953,-2.1,-1.147,-0.953,-1.614,0.354,-0.078,-0.078,-0.076,-0.002,-0.002,0.3,-0.093,0.393,-0.011,-0.365,0.036,-0.401,0.374,0.294,0.079,0.91,-0.289,-0.289,1.206,0.917,0.0,0.91,0.368,0.542,0.91,0.368,0.542,-1.293,-0.433,-1.079,-1.075,-1.102,0.027,0.023,1.04,0.364,0.676,-1.138,-1.004,-0.222,-0.782,-0.195,0.07,-0.265,-1.19,-1.453,-1.453,-3.917,0.001,-1.19,-0.779,-0.411,-1.19,-0.779,-0.411,-2.907,-0.079,-4.834,0.917,-3.916,16999,8500,8499
202361,Landry Fields,2016,-1.745,-1.731,-1.709,-0.022,-0.036,-0.309,-0.112,-0.197,-1.205,-0.195,-0.077,-0.118,-0.467,-0.327,-0.137,-0.295,-0.674,-0.674,-2.507,-3.181,0.0,-0.295,-0.068,-0.227,-0.295,-0.068,-0.227,-0.953,0.191,-0.759,-0.762,-0.759,-0.003,0.0,-0.331,-0.008,-0.323,-0.254,-0.174,-0.019,-0.155,0.056,0.053,0.004,-0.187,0.15,0.15,-0.89,-0.74,-0.0,-0.187,-0.095,-0.092,-0.187,-0.095,-0.092,-0.402,-0.032,-2.504,-2.492,-2.468,-0.024,-0.036,-0.64,-0.12,-0.52,-1.459,-0.369,-0.096,-0.273,-0.411,-0.274,-0.133,-0.482,-0.524,-0.524,-3.921,0.001,-0.482,-0.163,-0.319,-0.482,-0.163,-0.319,-1.355,0.159,-3.181,-0.74,-3.92,852,429,423
101110,Martell Webster,2016,-1.559,-1.553,-1.544,-0.009,-0.015,-0.607,-0.238,-0.369,0.308,-1.245,0.074,-1.319,0.381,0.433,-0.048,-0.778,-0.861,-0.861,-1.956,-2.817,0.0,-0.778,-0.36,-0.418,-0.778,-0.36,-0.418,-3.29,-0.584,-0.978,-0.983,-0.982,-0.001,0.004,0.266,0.102,0.164,0.106,-1.354,0.013,-1.367,-0.01,-0.086,0.076,-0.143,0.028,0.028,-1.131,-1.103,0.0,-0.143,-0.065,-0.078,-0.143,-0.065,-0.078,-0.894,0.155,-2.537,-2.537,-2.526,-0.011,-0.011,-0.341,-0.136,-0.205,0.414,-2.599,0.087,-2.686,0.371,0.347,0.028,-0.921,-0.833,-0.833,-3.92,0.0,-0.921,-0.425,-0.496,-0.921,-0.425,-0.496,-4.184,-0.429,-2.817,-1.103,-3.92,1401,698,703
201579,Roy Hibbert,2016,-3.066,-3.055,-3.054,-0.001,-0.012,-1.939,-0.885,-1.054,-1.052,-0.063,-0.71,0.647,-0.119,-0.43,0.31,-0.561,-0.575,-0.575,-3.746,-4.321,0.0,-0.561,-0.366,-0.195,-0.561,-0.366,-0.195,-2.805,-1.585,1.418,1.418,1.413,0.005,0.005,1.296,0.4,0.896,-0.539,0.656,0.192,0.464,0.57,0.549,0.022,-1.138,-0.479,-0.479,0.85,0.371,-0.0,-1.138,-0.539,-0.599,-1.138,-0.539,-0.599,0.604,0.314,-1.648,-1.637,-1.641,0.004,-0.007,-0.643,-0.485,-0.158,-1.591,0.593,-0.518,1.111,0.451,0.119,0.332,-1.699,-1.054,-1.054,-3.95,-0.0,-1.699,-0.905,-0.794,-1.699,-0.905,-0.794,-2.201,-1.271,-4.321,0.371,-3.95,14731,7368,7363
203915,Spencer Dinwiddie,2016,-3.673,-3.671,-3.667,-0.004,-0.006,-0.854,-0.179,-0.675,-1.316,-1.497,0.115,-1.612,-0.197,0.111,-0.304,0.286,-0.155,-0.155,-3.584,-3.739,0.0,0.286,0.408,-0.122,0.286,0.408,-0.122,-1.728,-0.251,0.232,0.231,0.232,-0.001,0.0,0.18,-0.085,0.265,-0.006,0.058,0.004,0.054,-0.115,-0.088,-0.025,0.048,-0.41,-0.41,0.165,-0.245,-0.0,0.048,0.136,-0.088,0.048,0.136,-0.088,0.342,-0.049,-3.441,-3.441,-3.435,-0.006,-0.006,-0.674,-0.264,-0.41,-1.322,-1.439,0.119,-1.558,-0.312,0.023,-0.329,0.334,-0.565,-0.565,-3.984,0.0,0.334,0.544,-0.21,0.334,0.544,-0.21,-1.386,-0.3,-3.739,-0.245,-3.984,2333,1163,1170
201965,Jeff Ayres,2016,-1.62,-1.629,-1.631,0.002,0.011,-1.083,-0.256,-0.827,-0.306,-0.242,-0.061,-0.181,0.117,-0.15,0.268,-0.347,-0.2,-0.2,-1.85,-2.05,0.0,-0.347,-0.013,-0.334,-0.347,-0.013,-0.334,-1.406,-0.282,-1.2,-1.201,-1.198,-0.003,-0.002,-0.544,-0.014,-0.53,-0.258,-0.396,0.007,-0.403,-0.121,-0.196,0.075,-0.571,-0.097,-0.097,-1.892,-1.989,-0.0,-0.571,-0.282,-0.289,-0.571,-0.282,-0.289,-0.144,0.01,-2.82,-2.83,-2.829,-0.001,0.009,-1.627,-0.27,-1.357,-0.564,-0.638,-0.054,-0.584,-0.004,-0.346,0.343,-0.918,-0.297,-0.297,-4.039,0.0,-0.918,-0.295,-0.623,-0.918,-0.295,-0.623,-1.55,-0.272,-2.05,-1.989,-4.039,1989,998,991
203499,Shane Larkin,2016,-1.772,-1.772,-1.774,0.002,0.002,-0.476,-0.102,-0.374,-1.063,-0.235,-0.265,0.03,-0.059,0.147,-0.206,-0.781,0.251,0.251,-2.612,-2.361,0.0,-0.781,-0.326,-0.455,-0.781,-0.326,-0.455,-1.758,-0.365,-2.629,-2.631,-2.628,-0.003,-0.001,-1.287,-0.328,-0.959,-0.05,-1.291,-0.06,-1.231,0.009,0.01,-0.001,0.555,0.387,0.387,-2.065,-1.678,0.0,0.555,0.22,0.335,0.555,0.22,0.335,-1.006,-0.349,-4.401,-4.403,-4.402,-0.001,0.001,-1.763,-0.43,-1.333,-1.113,-1.526,-0.325,-1.201,-0.05,0.157,-0.207,-0.226,0.638,0.638,-4.039,0.0,-0.226,-0.106,-0.12,-0.226,-0.106,-0.12,-2.764,-0.714,-2.361,-1.678,-4.039,13875,6932,6943
1626179,Terry Rozier,2016,-4.448,-4.441,-4.407,-0.034,-0.041,-1.89,-0.294,-1.596,-1.89,-0.627,0.043,-0.67,-0.215,-0.351,0.134,0.67,0.274,0.274,-3.993,-3.719,0.0,0.67,0.533,0.137,0.67,0.533,0.137,-2.026,-0.72,-0.406,-0.41,-0.414,0.004,0.008,-0.579,-0.305,-0.274,0.146,0.019,0.104,-0.085,-0.043,-0.083,0.042,-0.29,0.37,0.37,-0.739,-0.369,0.0,-0.29,-0.076,-0.214,-0.29,-0.076,-0.214,0.358,-0.229,-4.854,-4.851,-4.821,-0.03,-0.033,-2.469,-0.599,-1.87,-1.744,-0.608,0.147,-0.755,-0.258,-0.434,0.176,0.38,0.644,0.644,-4.088,0.0,0.38,0.457,-0.077,0.38,0.457,-0.077,-1.668,-0.949,-3.719,-0.369,-4.088,1643,823,820
2755,Kevin Martin,2016,-1.837,-1.836,-1.841,0.005,0.004,-1.716,-0.96,-0.756,-0.196,0.071,-0.229,0.3,0.757,0.124,0.633,-0.401,-0.719,-0.719,-1.481,-2.2,0.0,-0.401,0.414,-0.815,-0.401,0.414,-0.815,-3.249,-1.416,-0.727,-0.727,-0.728,0.001,0.001,-0.436,-0.195,-0.241,-0.232,-0.06,0.127,-0.187,-0.107,-0.119,0.011,-0.231,-0.824,-0.824,-1.065,-1.889,-0.0,-0.231,-0.212,-0.019,-0.231,-0.212,-0.019,-0.069,-0.081,-2.564,-2.563,-2.569,0.006,0.005,-2.152,-1.155,-0.997,-0.428,0.011,-0.102,0.113,0.65,0.005,0.644,-0.632,-1.543,-1.543,-4.089,0.0,-0.632,0.202,-0.834,-0.632,0.202,-0.834,-3.318,-1.497,-2.2,-1.889,-4.089,9629,4816,4813
203530,Joffrey Lauvergne,2016,-1.32,-1.323,-1.321,-0.002,0.001,-0.93,0.111,-1.041,0.181,-0.572,-0.055,-0.517,-0.163,-0.334,0.173,-0.764,-0.216,-0.216,-2.247,-2.463,0.0,-0.764,-0.359,-0.405,-0.764,-0.359,-0.405,0.597,0.255,-0.715,-0.71,-0.708,-0.002,-0.007,-0.957,-0.518,-0.439,-0.354,0.603,0.062,0.541,-0.142,-0.141,-0.0,-0.712,-0.072,-0.072,-1.569,-1.641,0.0,-0.712,-0.059,-0.653,-0.712,-0.059,-0.653,-0.541,-0.711,-2.035,-2.033,-2.029,-0.004,-0.006,-1.887,-0.407,-1.48,-0.173,0.031,0.007,0.024,-0.305,-0.475,0.173,-1.476,-0.288,-0.288,-4.104,0.0,-1.476,-0.418,-1.058,-1.476,-0.418,-1.058,0.056,-0.456,-2.463,-1.641,-4.104,5212,2594,2618
2223,Samuel Dalembert,2016,-1.863,-1.86,-1.851,-0.009,-0.012,-0.6,-0.145,-0.455,-0.163,-1.088,-0.399,-0.689,-0.355,-0.332,-0.022,-0.717,-0.899,-0.899,-2.935,-3.834,0.0,-0.717,-0.479,-0.238,-0.717,-0.479,-0.238,-1.858,0.029,-0.229,-0.228,-0.227,-0.001,-0.002,0.428,0.086,0.342,-0.271,-0.384,-0.035,-0.349,-0.189,-0.071,-0.117,0.237,-0.25,-0.25,-0.181,-0.431,0.0,0.237,0.158,0.079,0.237,0.158,0.079,-0.571,0.219,-2.092,-2.089,-2.078,-0.011,-0.014,-0.172,-0.059,-0.113,-0.434,-1.472,-0.434,-1.038,-0.544,-0.403,-0.139,-0.48,-1.149,-1.149,-4.265,0.0,-0.48,-0.321,-0.159,-0.48,-0.321,-0.159,-2.429,0.248,-3.834,-0.431,-4.265,2031,1002,1029
2732,Ben Gordon,2016,-1.881,-1.893,-1.881,-0.012,-0.0,-1.712,-0.605,-1.107,0.358,-0.527,-0.167,-0.36,-0.013,0.024,-0.035,-0.53,-0.23,-0.23,-2.424,-2.654,0.0,-0.53,0.047,-0.577,-0.53,0.047,-0.577,-3.648,-1.125,-0.682,-0.691,-0.693,0.002,0.011,-0.689,-0.296,-0.393,-0.403,0.399,0.115,0.284,-0.628,-0.567,-0.061,-0.374,0.038,0.038,-1.684,-1.646,0.0,-0.374,-0.348,-0.026,-0.374,-0.348,-0.026,0.636,-0.256,-2.563,-2.583,-2.574,-0.009,0.011,-2.401,-0.901,-1.5,-0.045,-0.128,-0.052,-0.076,-0.641,-0.543,-0.096,-0.904,-0.192,-0.192,-4.3,0.0,-0.904,-0.301,-0.603,-0.904,-0.301,-0.603,-3.012,-1.381,-2.654,-1.646,-4.3,3049,1533,1516
203462,Archie Goodwin,2016,-2.534,-2.535,-2.546,0.011,0.012,-0.078,0.922,-1.0,-0.924,-1.544,-0.259,-1.285,0.259,0.472,-0.214,-0.54,0.563,0.563,-2.815,-2.252,0.0,-0.54,-0.35,-0.19,-0.54,-0.35,-0.19,-2.361,-0.048,-1.027,-1.033,-1.032,-0.001,0.005,-0.681,-0.386,-0.295,0.159,-0.51,0.055,-0.565,-0.098,-0.181,0.085,-0.407,-0.555,-0.555,-1.532,-2.087,0.0,-0.407,0.005,-0.412,-0.407,0.005,-0.412,-1.266,-0.416,-3.561,-3.567,-3.578,0.011,0.017,-0.759,0.536,-1.295,-0.765,-2.054,-0.204,-1.85,0.161,0.291,-0.129,-0.947,0.008,0.008,-4.339,0.0,-0.947,-0.345,-0.602,-0.947,-0.345,-0.602,-3.627,-0.464,-2.252,-2.087,-4.339,6685,3334,3351
201158,Marco Belinelli,2016,-0.937,-0.934,-0.938,0.004,0.001,-0.507,-0.671,0.164,-0.599,0.168,0.455,-0.287,-0.085,-0.138,0.055,-0.32,-0.548,-0.548,-1.342,-1.89,0.0,-0.32,-0.49,0.17,-0.32,-0.49,0.17,1.909,-0.248,-1.956,-1.955,-1.959,0.004,0.003,-0.839,-0.177,-0.662,-0.692,-0.428,0.143,-0.571,-0.139,-0.091,-0.048,0.002,-0.369,-0.369,-2.093,-2.462,-0.0,0.002,-0.307,0.309,0.002,-0.307,0.309,0.411,-0.161,-2.893,-2.889,-2.897,0.008,0.004,-1.346,-0.848,-0.498,-1.291,-0.26,0.598,-0.858,-0.224,-0.229,0.007,-0.318,-0.917,-0.917,-4.352,0.0,-0.318,-0.797,0.479,-0.318,-0.797,0.479,2.32,-0.409,-1.89,-2.462,-4.352,12676,6337,6339
101126,Nate Robinson,2016,-2.257,-2.255,-2.252,-0.003,-0.005,-0.872,-0.494,-0.378,-0.803,-0.577,0.357,-0.934,-0.194,0.156,-0.347,-0.413,-0.852,-0.852,-2.864,-3.716,-0.0,-0.413,-0.07,-0.343,-0.413,-0.07,-0.343,-1.89,-0.586,0.083,0.075,0.078,-0.003,0.005,0.766,0.125,0.641,0.092,-0.78,-0.178,-0.602,-0.28,-0.343,0.064,-0.011,-0.463,-0.463,-0.208,-0.671,0.0,-0.011,-0.233,0.222,-0.011,-0.233,0.222,0.195,0.458,-2.174,-2.18,-2.174,-0.006,0.0,-0.106,-0.369,0.263,-0.711,-1.357,0.179,-1.536,-0.474,-0.187,-0.283,-0.424,-1.315,-1.315,-4.387,0.001,-0.424,-0.303,-0.121,-0.424,-0.303,-0.121,-1.695,-0.128,-3.716,-0.671,-4.386,2411,1205,1206
203089,John Henson,2016,-2.85,-2.855,-2.847,-0.008,-0.003,-0.751,0.12,-0.871,-0.858,-1.238,-0.234,-1.004,-0.76,-0.172,-0.585,-1.525,0.465,0.465,-5.135,-4.67,0.0,-1.525,-0.969,-0.556,-1.525,-0.969,-0.556,-1.646,0.249,0.992,0.99,0.992,-0.002,0.0,0.515,-0.517,1.032,0.49,-0.013,-0.04,0.027,-0.041,-0.035,-0.005,-0.333,-0.426,-0.426,0.618,0.192,0.0,-0.333,0.059,-0.392,-0.333,0.059,-0.392,-0.577,-0.303,-1.858,-1.864,-1.855,-0.009,-0.003,-0.236,-0.397,0.161,-0.368,-1.251,-0.274,-0.977,-0.801,-0.207,-0.59,-1.858,0.039,0.039,-4.478,0.0,-1.858,-0.91,-0.948,-1.858,-0.91,-0.948,-2.223,-0.054,-4.67,0.192,-4.478,8937,4465,4472
202390,Gary Neal,2016,-1.426,-1.425,-1.416,-0.009,-0.01,-0.864,-0.93,0.066,0.924,-1.476,0.003,-1.479,0.379,0.377,0.004,0.584,-1.398,-1.398,-0.463,-1.861,-0.0,0.584,0.273,0.311,0.584,0.273,0.311,-4.633,-1.251,-1.742,-1.744,-1.744,0.0,0.002,-0.428,0.105,-0.533,-0.432,-0.884,-0.152,-0.732,-0.311,-0.348,0.038,-0.243,-0.34,-0.34,-2.296,-2.636,-0.0,-0.243,-0.159,-0.084,-0.243,-0.159,-0.084,-0.643,0.117,-3.168,-3.168,-3.16,-0.008,-0.008,-1.292,-0.825,-0.467,0.492,-2.36,-0.149,-2.211,0.068,0.029,0.042,0.341,-1.738,-1.738,-4.497,0.0,0.341,0.114,0.227,0.341,0.114,0.227,-5.276,-1.134,-1.861,-2.636,-4.497,7770,3882,3888
203897,Zach LaVine,2016,-0.363,-0.36,-0.363,0.003,0.0,0.432,0.218,0.214,-1.133,0.338,-0.065,0.403,0.434,0.243,0.19,-0.887,-1.289,-1.289,-0.816,-2.105,0.0,-0.887,-0.265,-0.622,-0.887,-0.265,-0.622,-2.463,-0.188,-1.756,-1.758,-1.761,0.003,0.005,-1.299,-0.306,-0.993,-0.012,-0.45,-0.05,-0.4,-0.167,-0.149,-0.018,-0.388,-0.116,-0.116,-2.311,-2.427,0.0,-0.388,-0.118,-0.27,-0.388,-0.118,-0.27,-1.932,-0.692,-2.119,-2.118,-2.124,0.006,0.005,-0.867,-0.088,-0.779,-1.145,-0.112,-0.115,0.003,0.267,0.094,0.172,-1.275,-1.405,-1.405,-4.532,-0.001,-1.275,-0.383,-0.892,-1.275,-0.383,-0.892,-4.395,-0.88,-2.105,-2.427,-4.533,16648,8290,8358
203093,Terrence Jones,2016,-1.225,-1.235,-1.244,0.009,0.019,-0.006,0.126,-0.132,-0.734,-0.504,-0.123,-0.381,-0.211,-0.107,-0.103,-0.609,-0.318,-0.318,-2.045,-2.363,0.0,-0.609,-0.51,-0.099,-0.609,-0.51,-0.099,-1.339,0.259,-1.36,-1.359,-1.357,-0.002,-0.003,-0.506,-0.302,-0.204,-0.35,-0.501,-0.004,-0.497,0.412,0.513,-0.101,-0.556,-0.668,-0.668,-1.504,-2.172,0.0,-0.556,0.347,-0.903,-0.556,0.347,-0.903,-1.937,-0.584,-2.585,-2.594,-2.601,0.007,0.016,-0.512,-0.176,-0.336,-1.084,-1.005,-0.127,-0.878,0.201,0.406,-0.204,-1.165,-0.986,-0.986,-4.535,0.0,-1.165,-0.163,-1.002,-1.165,-0.163,-1.002,-3.276,-0.325,-2.363,-2.172,-4.535,9351,4685,4666
203940,Adreian Payne,2016,-0.628,-0.63,-0.639,0.009,0.011,0.437,-0.524,0.961,-0.931,-0.145,-0.353,0.208,-0.387,-0.371,-0.014,-0.191,-0.37,-0.37,-1.206,-1.576,0.0,-0.191,-0.033,-0.158,-0.191,-0.033,-0.158,-0.518,-0.234,-2.352,-2.353,-2.355,0.002,0.003,-1.75,-0.448,-1.302,-0.225,-0.38,-0.045,-0.335,-0.02,0.01,-0.031,-0.156,-0.441,-0.441,-2.528,-2.969,0.0,-0.156,-0.117,-0.039,-0.156,-0.117,-0.039,-2.808,-1.008,-2.98,-2.984,-2.994,0.01,0.014,-1.313,-0.972,-0.341,-1.156,-0.525,-0.398,-0.127,-0.407,-0.361,-0.045,-0.347,-0.811,-0.811,-4.545,0.0,-0.347,-0.15,-0.197,-0.347,-0.15,-0.197,-3.326,-1.242,-1.576,-2.969,-4.545,4724,2351,2373
203461,Anthony Bennett,2016,-1.982,-1.981,-1.99,0.009,0.008,-0.669,-0.259,-0.41,-0.923,-0.398,-0.321,-0.077,-0.525,-0.413,-0.11,-0.059,0.367,0.367,-2.566,-2.199,0.0,-0.059,-0.052,-0.007,-0.059,-0.052,-0.007,-0.393,-0.102,-3.092,-3.096,-3.095,-0.001,0.003,-1.178,-0.178,-1.0,-0.727,-1.19,-0.084,-1.106,-0.066,-0.014,-0.052,-0.028,0.797,0.797,-3.186,-2.389,0.0,-0.028,-0.291,0.263,-0.028,-0.291,0.263,-1.324,-0.423,-5.074,-5.077,-5.085,0.008,0.011,-1.847,-0.437,-1.41,-1.65,-1.588,-0.405,-1.183,-0.591,-0.427,-0.162,-0.087,1.164,1.164,-4.588,0.0,-0.087,-0.343,0.256,-0.087,-0.343,0.256,-1.717,-0.525,-2.199,-2.389,-4.588,3898,1945,1953
203156,Henry Sims,2016,-3.481,-3.483,-3.486,0.003,0.005,-0.69,-0.091,-0.599,0.09,-2.886,-0.33,-2.556,-0.163,-0.154,-0.006,-1.089,0.601,0.601,-4.733,-4.132,0.0,-1.089,-1.04,-0.049,-1.089,-1.04,-0.049,-2.092,-0.148,-0.881,-0.877,-0.877,0.0,-0.004,-1.194,-0.323,-0.871,-0.439,0.756,-0.132,0.888,0.005,0.168,-0.165,0.199,-0.036,-0.036,-0.677,-0.713,0.0,0.199,0.193,0.006,0.199,0.193,0.006,-1.827,-0.82,-4.362,-4.361,-4.363,0.002,0.001,-1.884,-0.414,-1.47,-0.349,-2.13,-0.462,-1.668,-0.158,0.014,-0.171,-0.89,0.565,0.565,-4.845,0.0,-0.89,-0.847,-0.043,-0.89,-0.847,-0.043,-3.919,-0.968,-4.132,-0.713,-4.845,6554,3279,3275
202682,Derrick Williams,2016,-1.274,-1.277,-1.275,-0.002,0.001,0.225,0.479,-0.254,-1.112,-0.388,-0.11,-0.278,0.758,0.752,0.004,-0.593,-0.32,-0.32,-1.109,-1.429,0.0,-0.593,-0.198,-0.395,-0.593,-0.198,-0.395,-0.98,0.534,-1.728,-1.728,-1.728,0.0,0.0,-1.019,-0.133,-0.886,0.366,-1.075,-0.041,-1.034,0.263,0.191,0.073,-0.781,-1.19,-1.19,-2.246,-3.436,0.0,-0.781,-0.164,-0.617,-0.781,-0.164,-0.617,-1.586,-0.334,-3.002,-3.005,-3.003,-0.002,0.001,-0.794,0.346,-1.14,-0.746,-1.463,-0.151,-1.312,1.021,0.943,0.077,-1.374,-1.51,-1.51,-4.865,0.0,-1.374,-0.362,-1.012,-1.374,-0.362,-1.012,-2.566,0.2,-1.429,-3.436,-4.865,11312,5668,5644
203103,Perry Jones III,2016,-3.142,-3.146,-3.147,0.001,0.005,-1.405,-0.226,-1.179,-0.276,-1.466,-0.042,-1.424,-0.014,0.3,-0.311,-0.411,-0.167,-0.167,-3.567,-3.734,-0.0,-0.411,0.021,-0.432,-0.411,0.021,-0.432,-3.317,-0.844,-0.284,-0.286,-0.284,-0.002,0.0,-0.038,0.133,-0.171,0.163,-0.409,-0.058,-0.351,-0.074,0.065,-0.137,-0.305,-0.475,-0.475,-0.663,-1.138,0.0,-0.305,-0.001,-0.304,-0.305,-0.001,-0.304,-1.158,0.04,-3.426,-3.433,-3.431,-0.002,0.005,-1.443,-0.093,-1.35,-0.113,-1.875,-0.1,-1.775,-0.088,0.365,-0.448,-0.716,-0.642,-0.642,-4.872,0.0,-0.716,0.02,-0.736,-0.716,0.02,-0.736,-4.475,-0.804,-3.734,-1.138,-4.872,2602,1294,1308
203948,Johnny O'Bryant III,2016,-2.092,-2.093,-2.086,-0.007,-0.006,-0.888,-0.742,-0.146,-0.461,-0.737,-0.49,-0.247,-0.833,-0.385,-0.447,-0.513,-0.406,-0.406,-3.438,-3.844,0.0,-0.513,-0.175,-0.338,-0.513,-0.175,-0.338,0.525,-0.572,-0.794,-0.793,-0.795,0.002,0.001,-0.231,0.024,-0.255,-0.708,0.144,-0.037,0.181,-0.044,-0.017,-0.026,-0.278,-0.166,-0.166,-1.116,-1.282,0.0,-0.278,-0.104,-0.174,-0.278,-0.104,-0.174,-1.412,-0.268,-2.886,-2.887,-2.881,-0.006,-0.005,-1.119,-0.718,-0.401,-1.169,-0.593,-0.527,-0.066,-0.877,-0.402,-0.473,-0.791,-0.572,-0.572,-5.126,0.001,-0.791,-0.279,-0.512,-0.791,-0.279,-0.512,-0.887,-0.84,-3.844,-1.282,-5.125,4738,2366,2372
201575,Brandon Rush,2016,-0.574,-0.578,-0.583,0.005,0.009,-0.224,0.138,-0.362,-0.42,0.061,0.12,-0.059,0.032,0.055,-0.025,0.193,-1.638,-1.638,-0.349,-1.987,-0.0,0.193,0.061,0.132,0.193,0.061,0.132,-0.685,-0.157,-1.635,-1.631,-1.628,-0.003,-0.007,-1.408,-0.573,-0.835,-0.056,-0.164,0.128,-0.292,-0.301,-0.091,-0.208,-1.003,-0.58,-0.58,-2.939,-3.519,0.0,-1.003,-0.372,-0.631,-1.003,-0.372,-0.631,-1.097,-0.805,-2.209,-2.21,-2.211,0.001,0.002,-1.632,-0.435,-1.197,-0.476,-0.103,0.248,-0.351,-0.269,-0.036,-0.233,-0.81,-2.218,-2.218,-5.506,0.0,-0.81,-0.311,-0.499,-0.81,-0.311,-0.499,-1.782,-0.962,-1.987,-3.519,-5.506,5972,2987,2985
2034,Mike Miller,2016,-2.886,-2.895,-2.906,0.011,0.02,-1.272,-0.246,-1.026,-1.362,-0.272,0.359,-0.631,-0.288,-0.132,-0.153,-0.533,-0.492,-0.492,-3.707,-4.199,0.0,-0.533,-0.164,-0.369,-0.533,-0.164,-0.369,-1.829,-0.67,-0.795,-0.796,-0.793,-0.003,-0.002,-0.384,0.206,-0.59,-0.032,-0.377,-0.07,-0.307,0.135,-0.004,0.14,-0.205,-0.454,-0.454,-0.865,-1.319,0.0,-0.205,-0.421,0.216,-0.205,-0.421,0.216,-0.911,-0.204,-3.681,-3.691,-3.699,0.008,0.018,-1.656,-0.04,-1.616,-1.394,-0.649,0.289,-0.938,-0.153,-0.136,-0.013,-0.738,-0.946,-0.946,-5.518,0.0,-0.738,-0.585,-0.153,-0.738,-0.585,-0.153,-2.74,-0.874,-4.199,-1.319,-5.518,4419,2212,2207
1626143,Jahlil Okafor,2016,-2.562,-2.568,-2.58,0.012,0.018,-0.555,-0.001,-0.554,-0.267,-1.758,-0.862,-0.896,-0.357,-0.407,0.05,-1.702,0.097,0.097,-4.621,-4.524,-0.0,-1.702,-0.532,-1.17,-1.702,-0.532,-1.17,-5.445,-0.431,-0.621,-0.616,-0.612,-0.004,-0.009,-0.214,-0.14,-0.074,-0.408,0.01,0.16,-0.15,0.45,0.54,-0.09,-0.74,-0.091,-0.091,-0.911,-1.002,0.0,-0.74,-0.193,-0.547,-0.74,-0.193,-0.547,-2.12,-0.447,-3.183,-3.184,-3.192,0.008,0.009,-0.769,-0.141,-0.628,-0.675,-1.748,-0.702,-1.046,0.093,0.133,-0.04,-2.442,0.006,0.006,-5.526,-0.0,-2.442,-0.725,-1.717,-2.442,-0.725,-1.717,-7.565,-0.878,-4.524,-1.002,-5.526,6264,3137,3127
2592,James Jones,2016,-3.03,-3.043,-3.055,0.012,0.025,-1.004,-0.329,-0.675,-1.917,-0.134,0.734,-0.868,-0.149,-0.325,0.176,0.519,-0.799,-0.799,-2.66,-3.459,-0.0,0.519,0.111,0.408,0.519,0.111,0.408,-1.694,-1.023,-1.531,-1.533,-1.532,-0.001,0.001,-0.345,-0.296,-0.049,-0.625,-0.562,0.085,-0.647,0.021,-0.468,0.49,-0.532,-0.106,-0.106,-2.042,-2.148,-0.0,-0.532,-0.047,-0.485,-0.532,-0.047,-0.485,-0.665,-0.187,-4.561,-4.576,-4.587,0.011,0.026,-1.349,-0.625,-0.724,-2.542,-0.696,0.819,-1.515,-0.128,-0.793,0.666,-0.013,-0.905,-0.905,-5.607,-0.0,-0.013,0.064,-0.077,-0.013,0.064,-0.077,-2.359,-1.21,-3.459,-2.148,-5.607,5744,2894,2850
200745,Andrea Bargnani,2016,-2.771,-2.784,-2.787,0.003,0.016,-1.779,-0.684,-1.095,0.883,-1.891,-0.471,-1.42,0.23,-0.104,0.335,0.573,-0.948,-0.948,-1.968,-2.916,0.0,0.573,0.379,0.194,0.573,0.379,0.194,-1.496,-1.062,-2.782,-2.785,-2.786,0.001,0.004,-0.854,-0.412,-0.442,-1.148,-0.784,0.064,-0.848,-0.085,-0.21,0.125,-0.601,0.263,0.263,-3.468,-3.205,0.0,-0.601,-0.674,0.073,-0.601,-0.674,0.073,-1.085,-0.306,-5.553,-5.569,-5.573,0.004,0.02,-2.633,-1.096,-1.537,-0.265,-2.675,-0.407,-2.268,0.145,-0.314,0.46,-0.028,-0.685,-0.685,-6.121,0.0,-0.028,-0.295,0.267,-0.028,-0.295,0.267,-2.581,-1.368,-2.916,-3.205,-6.121,5447,2725,2722
