player_id,player_name,Latest_Year,oRIM_FREQ,oRIM_FG_PCT,oTHREE_FREQ,oTHREE_FG_PCT,oMIDRANGE_FREQ,oMIDRANGE_FG_PCT,oASSIST_POINTS,oALT_TS,oALT_EFG,oALT_FT,oALT_TOV,oALT_TOV_bp,oALT_TOV_sc,oSC,dRIM_FREQ,dRIM_FG_PCT,dTHREE_FREQ,dTHREE_FG_PCT,dMIDRANGE_FREQ,dMIDRANGE_FG_PCT,dASSIST_POINTS,dALT_TS,dALT_EFG,dALT_FT,dALT_TOV,dALT_TOV_bp,dALT_TOV_sc,dSC,oFC,dFC,off,def,net_rapm,RESID,possessions,off_poss,def_poss
1495,Tim Duncan,2008,0.400,2.020,-2.930,0.960,2.520,0.970,2.240,0.930,1.120,-0.190,0.121,-0.113,0.234,2.169,1.140,2.340,1.420,-0.260,-2.570,0.980,1.190,4.130,3.270,0.860,-0.497,-0.332,-0.165,0.667,1.051,3.633,3.220,4.300,7.520,0.000,57967,29142,28825
406,Shaquille O'Neal,2008,4.610,4.180,-2.590,0.930,-2.030,0.620,3.560,1.590,3.600,-2.010,-0.964,-0.794,-0.170,4.104,4.000,-0.060,0.980,-0.330,-4.970,0.400,0.430,2.890,2.250,0.640,-1.350,-0.769,-0.581,0.680,0.626,1.540,4.730,2.220,6.960,0.010,44192,22193,21999
708,Kevin Garnett,2008,-0.190,2.090,-3.820,0.100,4.000,2.260,4.180,2.760,2.020,0.740,0.570,-0.080,0.650,-0.740,1.500,1.520,-0.060,0.270,-1.440,1.210,2.980,3.650,3.160,0.490,-0.173,0.140,-0.313,0.603,3.330,3.477,2.590,4.080,6.670,0.000,59885,30047,29838
1884,Baron Davis,2008,2.000,1.290,6.720,-0.230,-8.720,-0.520,1.970,2.770,2.680,0.090,2.183,0.618,1.565,0.577,-0.150,-0.020,-0.660,0.200,0.830,0.510,0.660,0.680,0.850,-0.170,0.875,0.080,0.795,-0.475,4.953,1.555,5.530,1.080,6.610,0.000,47925,24024,23901
1938,Manu Ginobili,2008,2.160,0.640,3.780,0.040,-5.940,0.580,1.770,3.840,2.360,1.480,0.297,0.021,0.276,0.073,-0.260,0.930,-0.060,0.420,0.330,-0.010,2.510,0.590,0.570,0.020,1.372,0.599,0.773,0.378,4.137,1.962,4.210,2.340,6.550,0.000,49041,24622,24419
2544,LeBron James,2008,1.610,2.360,1.860,-0.620,-3.480,-0.690,-0.670,2.140,1.560,0.580,1.334,0.288,1.046,1.646,-0.400,0.790,-0.230,0.550,0.630,-0.120,1.610,0.450,0.910,-0.460,0.180,0.144,0.036,0.440,3.474,0.630,5.120,1.070,6.190,0.000,66495,33245,33250
977,Kobe Bryant,2008,0.380,1.360,2.330,0.430,-2.710,0.970,1.970,5.140,3.640,1.500,1.736,0.714,1.022,-0.456,-1.500,0.370,0.270,0.570,1.240,0.040,0.220,-0.380,-0.190,-0.190,-0.124,-0.012,-0.112,-0.006,6.876,-0.504,6.420,-0.510,5.910,0.000,64475,32325,32150
959,Steve Nash,2008,0.100,3.170,4.250,1.900,-4.350,2.810,9.970,7.020,6.840,0.180,1.187,-0.256,1.443,-1.147,-0.600,-0.800,0.600,-0.510,0.000,-0.080,-0.800,-0.480,-1.170,0.690,0.068,0.373,-0.305,-0.888,8.207,-0.412,7.060,-1.300,5.760,0.000,60836,30460,30376
1897,Metta World Peace,2008,0.820,0.310,1.840,1.150,-2.660,-0.340,0.580,1.450,1.490,-0.040,0.860,0.729,0.131,0.240,1.430,-0.080,-0.420,0.030,-1.000,0.340,1.590,1.370,0.950,0.420,1.005,0.426,0.579,0.745,2.310,2.375,2.550,3.120,5.670,0.000,40364,20223,20141
1718,Paul Pierce,2008,2.260,0.500,2.400,0.450,-4.640,1.470,1.190,4.040,2.540,1.500,0.232,0.110,0.122,-0.812,0.480,0.370,-0.610,0.510,0.130,0.400,1.070,0.520,1.010,-0.490,0.817,0.248,0.569,0.493,4.272,1.337,3.460,1.830,5.290,0.000,57572,28831,28741
1905,Andrei Kirilenko,2008,4.250,0.300,-0.990,-0.290,-3.260,0.120,2.280,2.700,1.620,1.080,-0.210,-0.413,0.203,0.410,-0.500,1.870,-0.310,0.250,0.790,0.270,1.950,1.740,2.050,-0.310,0.392,0.007,0.385,-0.032,2.490,2.132,2.900,2.100,5.000,-0.000,44231,22078,22153
1717,Dirk Nowitzki,2008,-0.560,0.730,-1.460,1.160,2.030,1.630,0.750,3.270,1.600,1.670,1.498,0.226,1.272,-1.158,0.420,0.090,-0.040,0.040,-0.370,0.330,-0.550,0.180,-0.130,0.310,-0.543,-0.059,-0.484,1.033,4.768,-0.363,3.610,0.670,4.280,0.000,62588,31352,31236
467,Jason Kidd,2008,1.220,-0.390,2.140,0.400,-3.360,0.620,5.960,1.880,1.100,0.780,1.115,0.213,0.902,0.175,0.910,0.780,-0.660,-0.040,-0.230,0.050,0.780,-0.600,-0.350,-0.250,0.557,0.449,0.108,1.103,2.995,-0.043,3.170,1.060,4.240,0.010,57407,28779,28628
2548,Dwyane Wade,2008,2.600,1.840,-1.590,0.680,-1.030,0.300,-1.620,3.340,2.210,1.130,0.572,0.400,0.172,0.298,0.310,0.380,0.480,0.020,-0.790,-0.520,0.590,-0.670,-0.480,-0.190,0.549,0.226,0.323,0.151,3.912,-0.121,4.210,0.030,4.240,0.000,52424,26282,26142
2203,Shane Battier,2008,0.100,-0.630,1.980,0.320,-2.080,-0.580,-0.060,0.060,-0.120,0.180,-0.039,-0.014,-0.025,0.699,-0.080,2.880,0.170,0.810,-0.110,0.770,2.470,3.290,3.370,-0.080,0.542,0.302,0.240,-0.322,0.021,3.832,0.720,3.510,4.230,0.000,51160,25592,25568
101108,Chris Paul,2008,0.580,-0.110,1.100,0.320,-1.680,0.810,1.880,2.320,1.860,0.460,2.480,1.253,1.227,0.120,0.230,-1.100,-1.560,-0.130,1.340,-0.380,-0.400,-1.770,-1.760,-0.010,0.318,0.406,-0.088,0.442,4.800,-1.452,4.920,-1.010,3.910,0.000,32026,16023,16003
1503,Tracy McGrady,2008,-1.480,0.350,3.430,-0.180,-1.950,1.100,2.880,2.360,2.010,0.350,1.913,0.691,1.222,0.167,0.490,0.560,-0.140,0.050,-0.360,-0.060,0.250,0.060,-0.050,0.110,-0.340,-0.270,-0.070,-0.470,4.273,-0.280,4.440,-0.750,3.690,0.000,49523,24764,24759
951,Ray Allen,2008,-0.370,1.340,4.340,1.760,-3.970,0.740,4.830,3.700,3.340,0.360,0.774,0.569,0.205,0.286,0.230,-1.630,0.010,0.380,-0.230,0.100,0.160,-0.300,0.110,-0.410,-0.163,-0.078,-0.085,-0.727,4.474,-0.463,4.760,-1.190,3.570,0.000,53099,26540,26559
2760,Anderson Varejao,2008,-0.080,0.450,-0.830,-0.750,0.900,-0.860,-0.940,-2.250,-1.390,-0.860,0.645,0.428,0.217,2.065,0.320,-0.760,-1.220,0.610,0.900,0.920,0.620,1.180,1.520,-0.340,1.552,0.237,1.315,0.148,-1.605,2.732,0.460,2.880,3.340,-0.000,21141,10502,10639
2199,Tyson Chandler,2008,0.400,0.270,-0.030,1.310,-0.360,-1.120,-0.810,-0.400,0.190,-0.590,-0.857,-0.150,-0.707,1.887,1.160,1.330,-0.630,0.320,-0.530,-0.060,-1.250,2.080,1.470,0.610,-0.196,-0.402,0.206,0.826,-1.257,1.884,0.630,2.710,3.340,0.000,41373,20711,20662
1902,Jeff Foster,2008,-0.800,-0.580,-0.720,0.750,1.510,-1.090,1.100,-1.530,-0.930,-0.600,0.015,0.027,-0.012,2.545,0.950,0.000,0.610,0.330,-1.560,0.100,1.770,0.680,0.500,0.180,-0.042,-0.062,0.020,1.662,-1.515,0.638,1.030,2.300,3.330,0.000,34691,17306,17385
739,Rasheed Wallace,2008,-1.990,1.210,1.580,0.430,0.410,1.590,4.780,1.000,2.000,-1.000,0.382,-0.206,0.588,-0.072,0.290,0.840,0.560,-0.050,-0.850,0.560,0.790,1.690,0.970,0.720,-0.067,-0.287,0.220,0.367,1.382,1.623,1.310,1.990,3.300,0.000,56072,28139,27933
1802,Brad Miller,2008,1.340,1.360,-2.010,0.440,0.680,1.080,3.760,1.580,1.140,0.440,0.105,-0.308,0.413,-0.475,1.700,0.070,-0.330,-0.520,-1.370,0.190,-0.310,1.310,0.420,0.890,0.078,-0.040,0.118,0.652,1.685,1.388,1.210,2.040,3.250,0.000,48446,24300,24146
2045,Hedo Turkoglu,2008,-0.060,0.520,2.670,1.150,-2.610,0.170,0.030,2.690,2.170,0.520,0.353,0.298,0.055,-0.373,-0.060,0.800,0.610,0.290,-0.560,0.570,2.650,0.640,1.090,-0.450,-0.334,-0.257,-0.077,0.264,3.043,0.306,2.670,0.570,3.240,0.000,46717,23405,23312
2572,Josh Howard,2008,0.380,0.690,-2.050,0.270,1.670,0.800,-1.710,0.300,0.250,0.050,0.067,0.100,-0.033,1.553,-0.600,0.280,0.720,0.240,-0.120,0.150,2.420,1.310,1.330,-0.020,0.312,0.189,0.123,-0.312,0.367,1.622,1.920,1.310,3.230,0.000,48351,24156,24195
978,Peja Stojakovic,2008,-1.140,1.470,2.580,1.580,-1.450,0.960,4.030,3.630,3.280,0.350,1.047,0.419,0.628,-0.557,-0.280,-1.010,0.740,0.400,-0.460,-0.270,0.060,-0.330,-0.720,0.390,-0.498,-0.236,-0.262,-0.172,4.677,-0.828,4.120,-1.000,3.120,0.000,47933,24002,23931
1713,Vince Carter,2008,-0.350,-0.510,1.830,-0.030,-1.470,0.120,1.490,0.110,0.290,-0.180,1.110,0.358,0.752,0.260,0.290,1.390,-0.230,0.370,-0.050,0.120,1.440,2.000,2.020,-0.020,-0.267,-0.041,-0.226,-0.143,1.220,1.733,1.480,1.590,3.070,-0.000,58479,29288,29191
201152,Thaddeus Young,2008,0.700,1.320,-1.090,0.070,0.390,0.460,0.080,1.640,1.990,-0.350,0.652,0.473,0.179,0.948,-1.490,-0.060,-0.380,0.100,1.870,0.410,-1.350,-0.810,-1.120,0.310,0.403,0.455,-0.052,0.197,2.292,-0.407,3.240,-0.210,3.020,-0.010,6322,3154,3168
1890,Shawn Marion,2008,0.760,1.360,0.510,0.490,-1.270,0.100,2.480,0.850,1.490,-0.640,0.616,-0.168,0.784,-0.166,0.810,-0.560,-0.220,0.160,-0.600,0.330,0.990,0.850,0.180,0.670,0.598,0.796,-0.198,0.202,1.466,1.448,1.300,1.650,2.960,0.010,65669,32876,32793
200764,Renaldo Balkman,2008,3.150,-1.280,0.480,-0.210,-3.630,-0.950,-1.280,-2.670,-2.030,-0.640,0.008,0.071,-0.063,3.592,-0.070,0.690,-0.750,0.110,0.820,0.810,2.460,2.300,2.880,-0.580,0.756,0.432,0.324,-1.046,-2.662,3.056,0.930,2.010,2.940,0.000,7632,3754,3878
200789,Daniel Gibson,2008,-0.090,-0.220,1.690,0.550,-1.600,-0.770,-0.880,0.830,0.710,0.120,0.417,0.553,-0.136,0.673,0.930,-0.250,-0.440,0.640,-0.490,-0.290,1.430,-0.010,0.470,-0.480,0.092,0.049,0.043,0.928,1.247,0.082,1.920,1.010,2.930,0.000,12366,6149,6217
2736,Luol Deng,2008,1.220,0.440,-1.960,0.350,0.730,1.360,1.920,2.310,2.080,0.230,0.242,-0.177,0.419,-0.142,-0.340,0.940,-0.800,-0.060,1.140,0.430,0.180,0.820,1.060,-0.240,0.058,0.043,0.015,-0.368,2.552,0.878,2.410,0.510,2.920,0.000,38101,19079,19022
224,Eddie Jones,2008,0.370,0.060,2.180,-0.240,-2.550,0.150,0.440,0.350,0.480,-0.130,0.539,0.265,0.274,-0.069,0.860,0.380,-0.040,0.180,-0.820,0.300,1.730,0.710,0.780,-0.070,0.645,0.310,0.335,0.635,0.889,1.355,0.820,1.990,2.810,0.000,45173,22567,22606
2200,Pau Gasol,2008,1.670,1.440,-0.980,0.520,-0.700,1.050,2.110,2.600,1.960,0.640,-0.013,-0.839,0.826,0.403,-2.830,0.760,1.020,-0.080,1.820,0.360,-0.640,1.290,0.800,0.490,-0.621,-0.248,-0.373,-0.859,2.587,0.669,2.990,-0.190,2.810,0.010,48857,24468,24389
947,Allen Iverson,2008,0.580,-1.000,0.720,0.070,-1.290,1.200,-3.510,2.130,1.080,1.050,1.281,0.578,0.703,-0.541,-0.700,-0.140,0.200,0.320,0.510,-0.020,-0.980,-0.060,0.120,-0.180,0.565,0.644,-0.079,-0.605,3.411,0.505,2.870,-0.100,2.770,0.000,58242,29115,29127
200081,Jamario Moon,2008,-0.080,0.450,-1.580,0.570,1.650,1.240,2.070,1.770,2.010,-0.240,0.607,0.093,0.514,0.023,-0.510,0.080,-0.570,-0.230,1.080,0.390,-0.040,0.530,0.300,0.230,0.044,0.377,-0.333,-0.204,2.377,0.574,2.400,0.370,2.770,0.000,8387,4201,4186
1740,Rashard Lewis,2008,-1.510,1.210,5.320,1.040,-3.810,0.750,1.710,2.970,2.200,0.770,0.686,0.433,0.253,-0.606,0.970,-1.030,-0.810,-0.190,-0.160,-0.260,-0.860,0.600,-0.200,0.800,-0.414,0.155,-0.569,-0.526,3.656,0.186,3.050,-0.340,2.720,0.010,54604,27329,27275
200750,Brandon Roy,2008,-1.140,-0.190,-0.720,0.680,1.860,0.650,0.100,1.550,1.190,0.360,0.993,0.917,0.076,0.437,-0.900,0.040,0.300,0.050,0.600,-0.060,0.800,-0.020,-0.050,0.030,-0.287,-0.183,-0.104,0.027,2.543,-0.307,2.980,-0.280,2.700,0.000,17275,8622,8653
1891,Jason Terry,2008,-2.760,-0.730,2.960,0.800,-0.200,2.040,1.650,3.150,2.810,0.340,1.325,0.717,0.608,-0.825,-0.990,0.340,0.630,-0.190,0.360,0.590,1.580,-0.650,0.030,-0.680,-0.381,0.245,-0.626,-0.049,4.475,-1.031,3.650,-1.080,2.570,0.000,56448,28242,28206
2419,Tayshaun Prince,2008,0.770,0.190,-0.130,-0.560,-0.640,-0.950,-0.890,-1.340,-1.470,0.130,1.849,0.831,1.018,0.531,-0.760,1.040,1.050,0.550,-0.290,0.550,0.500,1.650,1.270,0.380,-0.201,0.100,-0.301,0.071,0.509,1.449,1.040,1.520,2.560,0.000,64401,32296,32105
1888,Richard Hamilton,2008,0.910,0.240,-2.130,0.150,1.220,1.020,2.050,2.050,1.320,0.730,0.194,0.252,-0.058,-0.634,-0.640,0.020,0.200,0.570,0.440,0.790,0.900,1.170,1.250,-0.080,0.242,0.120,0.122,-0.532,2.244,1.412,1.610,0.880,2.480,-0.010,62956,31623,31333
1497,Chauncey Billups,2008,-1.300,-0.110,3.140,0.630,-1.840,0.560,-0.540,1.870,0.210,1.660,0.754,0.174,0.580,-0.164,-0.690,0.970,0.720,0.690,-0.030,-0.100,1.190,0.380,0.580,-0.200,-0.438,-0.120,-0.318,0.068,2.624,-0.058,2.460,0.010,2.470,0.000,61541,30898,30643
200794,Paul Millsap,2008,0.850,-0.520,-2.730,-0.130,1.890,0.670,-0.630,0.140,0.090,0.050,-0.430,-0.328,-0.102,1.820,-0.270,0.240,-0.380,0.200,0.640,0.140,1.530,-0.870,0.010,-0.880,0.841,0.263,0.578,0.949,-0.290,-0.029,1.530,0.920,2.440,-0.010,13502,6742,6760
1882,Elton Brand,2008,-0.310,0.480,-2.630,-0.280,2.940,0.990,1.790,0.830,0.300,0.530,0.179,0.136,0.043,1.681,0.920,1.290,0.270,-0.010,-1.190,-0.720,-1.840,0.260,-0.060,0.320,-1.062,-0.292,-0.770,0.532,1.009,-0.802,2.690,-0.270,2.420,0.000,47180,23641,23539
397,Reggie Miller,2008,-0.880,0.220,2.570,-0.360,-1.690,0.550,1.200,1.030,-0.080,1.110,0.436,0.073,0.363,-0.726,-0.750,0.450,1.460,0.820,-0.700,0.070,1.500,1.080,0.980,0.100,0.394,-0.148,0.542,0.176,1.466,1.474,0.740,1.650,2.390,0.000,18809,9449,9360
208,Sam Cassell,2008,-3.810,-0.350,-1.260,0.180,5.060,1.740,-0.520,0.420,0.060,0.360,1.477,0.852,0.625,-0.757,0.510,0.700,-0.490,1.000,-0.030,0.080,-0.850,1.320,1.390,-0.070,-0.292,-0.210,-0.082,0.202,1.897,1.028,1.140,1.230,2.370,0.000,40541,20387,20154
101236,Chuck Hayes,2008,0.460,-1.090,-0.190,-0.110,-0.280,0.590,-0.570,-2.570,-1.270,-1.300,-0.403,-0.717,0.314,1.323,0.740,1.080,0.920,0.050,-1.670,0.460,2.470,2.120,1.860,0.260,0.800,0.514,0.286,1.100,-2.973,2.920,-1.650,4.020,2.370,0.000,15296,7593,7703
2730,Dwight Howard,2008,3.100,2.650,-1.990,0.800,-1.120,0.260,-0.400,1.920,2.200,-0.280,-1.688,-1.023,-0.665,1.758,0.740,-0.620,0.290,0.260,-1.040,-0.380,-0.490,-0.090,-0.300,0.210,-0.397,-0.158,-0.239,0.827,0.232,-0.487,1.990,0.340,2.330,0.000,46166,23115,23051
2222,Gerald Wallace,2008,4.280,-0.400,-1.590,-0.410,-2.680,-0.290,-0.700,-0.480,-0.330,-0.150,-0.318,-0.163,-0.155,1.208,-1.510,0.720,1.070,0.380,0.440,-0.950,2.230,0.760,0.500,0.260,0.970,0.327,0.643,0.150,-0.798,1.730,0.410,1.880,2.290,0.000,35594,17773,17821
1515,Anthony Parker,2008,-1.760,0.770,0.460,0.820,1.290,0.670,2.170,2.770,2.030,0.740,1.267,0.450,0.817,-1.977,0.470,0.260,-1.020,-0.170,0.540,0.010,-0.220,0.130,-0.020,0.150,0.071,0.021,0.050,0.019,4.037,0.201,2.060,0.220,2.280,0.000,20574,10316,10258
2202,Jason Richardson,2008,0.390,1.060,2.880,0.470,-3.260,-0.230,2.280,1.800,2.100,-0.300,0.044,-0.089,0.133,0.676,0.290,-1.260,-0.580,0.210,0.290,0.820,-0.240,0.800,0.600,0.200,-0.169,-0.139,-0.030,-0.911,1.844,0.631,2.520,-0.280,2.240,0.000,52700,26359,26341
1712,Antawn Jamison,2008,-1.780,2.420,0.520,0.830,1.260,-0.220,2.770,1.060,1.110,-0.050,1.119,0.349,0.770,1.351,0.030,-2.190,-1.020,-0.660,0.980,0.640,-2.180,-1.630,-1.840,0.210,0.098,0.251,-0.153,0.212,2.179,-1.532,3.530,-1.320,2.210,-0.000,57727,28976,28751
2754,Tony Allen,2008,5.000,-0.200,-1.520,-0.060,-3.480,-0.350,-2.340,1.570,1.030,0.540,-1.605,-0.258,-1.347,0.145,-0.130,0.040,-0.400,0.820,0.530,0.050,0.990,0.570,0.870,-0.300,1.145,0.663,0.482,0.325,-0.035,1.715,0.110,2.040,2.150,-0.000,17126,8515,8611
200746,LaMarcus Aldridge,2008,-2.100,0.920,-0.880,0.250,2.990,0.340,1.820,-0.610,-0.340,-0.270,0.484,0.329,0.155,0.966,0.020,0.040,-0.020,-0.020,-0.020,-0.060,0.360,0.140,0.020,0.120,0.108,0.051,0.057,0.992,-0.126,0.248,0.840,1.240,2.080,0.000,14601,7288,7313
2547,Chris Bosh,2008,-1.700,0.730,-0.940,1.600,2.640,1.430,1.440,2.570,1.760,0.810,0.012,-0.271,0.283,-1.142,0.960,0.730,0.430,-0.800,-1.390,-1.120,-0.870,0.120,-0.760,0.880,-0.035,-0.272,0.237,0.525,2.582,0.085,1.440,0.610,2.060,0.010,51166,25627,25539
1889,Andre Miller,2008,4.090,1.390,-4.010,-1.390,-0.080,0.500,0.520,2.320,1.360,0.960,0.752,0.292,0.460,-0.552,0.560,-0.120,-0.620,0.020,0.070,-0.270,-0.930,-0.090,-0.310,0.220,0.169,-0.030,0.199,-0.559,3.072,0.079,2.520,-0.480,2.040,0.000,58065,29049,29016
2405,Amar'e Stoudemire,2008,2.080,2.170,-1.960,0.860,-0.120,0.860,-1.710,2.680,1.660,1.020,-0.666,-0.539,-0.127,0.876,-0.560,0.750,1.130,-0.050,-0.580,-0.760,0.600,0.770,0.180,0.590,-0.869,-0.343,-0.526,-0.801,2.014,-0.099,2.890,-0.900,2.000,0.010,44678,22394,22284
2734,Devin Harris,2008,2.710,0.420,-0.360,-0.080,-2.350,0.950,-0.280,2.190,1.240,0.950,0.245,0.164,0.081,-1.045,-0.930,0.660,1.360,0.660,-0.430,-0.330,3.010,-0.390,0.360,-0.750,0.948,0.331,0.617,0.042,2.435,0.558,1.390,0.600,1.980,-0.010,26953,13494,13459
2073,Brian Cardinal,2008,1.420,0.150,1.040,0.030,-2.450,0.020,0.300,1.460,0.770,0.690,0.538,0.337,0.201,-0.518,1.820,-0.450,-0.830,0.600,-1.000,-0.480,0.320,-0.160,0.170,-0.330,0.608,0.392,0.216,0.042,1.998,0.448,1.480,0.490,1.980,0.010,15782,7904,7878
297,Alonzo Mourning,2008,-0.610,-0.000,-1.320,-0.660,1.940,0.650,-1.840,-0.310,-0.040,-0.270,-0.976,-0.246,-0.730,1.066,0.460,3.020,0.350,-0.040,-0.810,0.300,0.460,4.330,3.920,0.410,-1.166,-0.595,-0.571,-1.054,-1.286,3.164,-0.220,2.110,1.890,-0.000,17298,8608,8690
2072,Michael Redd,2008,1.420,0.520,0.820,-0.080,-2.240,0.450,1.520,3.040,1.840,1.200,0.712,0.148,0.564,-0.212,-1.350,-0.350,-0.000,-0.460,1.360,0.040,-2.140,-1.140,-0.980,-0.160,-0.168,-0.121,-0.047,-0.362,3.752,-1.308,3.540,-1.670,1.870,0.000,52967,26508,26459
1739,Ruben Patterson,2008,4.510,0.410,-1.030,-0.640,-3.480,-0.400,0.180,1.090,1.180,-0.090,-0.442,-0.119,-0.323,1.882,-1.180,-0.720,-0.740,0.370,1.920,0.520,-1.950,0.460,-0.080,0.540,0.523,0.344,0.179,-1.653,0.648,0.983,2.530,-0.670,1.870,0.010,30473,15166,15307
948,Marcus Camby,2008,1.530,0.300,-2.960,-0.090,1.440,-0.380,1.560,-0.140,-0.060,-0.080,-0.171,-0.345,0.174,0.301,0.500,1.260,0.110,-0.390,-0.610,0.420,-1.230,2.870,1.720,1.150,-0.402,-0.251,-0.151,-0.628,-0.311,2.468,-0.010,1.840,1.830,0.000,46634,23285,23349
101131,Jason Maxiell,2008,-0.330,-0.660,-2.400,-0.320,2.730,0.610,-0.650,-0.290,0.020,-0.310,-0.183,0.015,-0.198,2.273,-1.230,0.770,0.100,0.240,1.120,0.170,1.080,0.620,1.180,-0.560,0.023,0.018,0.005,-0.653,-0.473,0.643,1.800,-0.010,1.790,-0.000,12197,6071,6126
2217,Brendan Haywood,2008,-1.500,1.230,-0.660,-0.090,2.170,-1.250,-1.820,-3.740,-2.540,-1.200,-0.820,0.038,-0.858,2.320,3.520,-0.420,0.090,-0.260,-3.610,0.520,-1.140,3.470,1.990,1.480,0.158,0.082,0.076,0.362,-4.560,3.628,-2.240,3.990,1.750,0.000,37106,18559,18547
2397,Yao Ming,2008,-0.300,2.190,-2.240,0.500,2.540,0.980,2.420,0.950,0.870,0.080,-1.987,-1.175,-0.812,-0.603,2.200,1.930,0.890,-0.420,-3.090,0.490,0.230,3.940,2.850,1.090,-0.878,-0.554,-0.324,0.258,-1.037,3.062,-1.640,3.320,1.680,0.000,41847,20987,20860
2034,Mike Miller,2008,0.690,0.120,3.240,1.970,-3.930,0.320,3.800,3.790,3.770,0.020,-0.732,-0.271,-0.461,-1.238,-1.490,-0.240,0.790,-0.090,0.700,0.310,1.580,-0.690,-0.290,-0.400,0.262,0.024,0.238,0.278,3.058,-0.428,1.820,-0.150,1.680,0.010,44096,22045,22051
101114,Deron Williams,2008,0.630,0.930,1.840,0.190,-2.480,1.080,2.620,1.420,1.650,-0.230,0.415,0.227,0.188,0.235,-0.450,-0.830,0.080,0.060,0.370,0.470,-0.010,0.170,0.250,-0.080,-0.358,-0.382,0.024,-0.302,1.835,-0.188,2.070,-0.490,1.570,-0.010,35684,17846,17838
1112,Ben Wallace,2008,1.300,-2.330,-2.500,0.730,1.200,-1.270,0.560,-2.520,-1.290,-1.230,-0.526,-0.210,-0.316,1.346,-0.460,1.310,0.610,0.570,-0.150,-0.230,-0.090,2.270,1.010,1.260,0.483,0.194,0.289,0.517,-3.046,2.753,-1.700,3.270,1.560,-0.010,60686,30338,30348
2740,Andris Biedrins,2008,1.160,0.820,-0.550,0.760,-0.620,-0.290,2.270,0.550,1.650,-1.100,-0.751,-0.278,-0.473,0.821,2.060,0.110,-0.610,0.020,-1.440,-0.100,-1.890,0.690,0.530,0.160,0.016,-0.005,0.021,0.224,-0.201,0.706,0.620,0.930,1.550,0.000,24027,12028,11999
101106,Andrew Bogut,2008,1.420,0.060,-0.710,0.440,-0.700,0.810,1.400,0.940,1.470,-0.530,-1.007,-0.925,-0.082,0.347,0.280,-0.150,-0.380,-0.070,0.100,-0.590,-0.790,0.350,-0.050,0.400,0.154,0.068,0.086,0.736,-0.067,0.504,0.280,1.240,1.520,0.000,28116,14062,14054
2738,Andre Iguodala,2008,1.530,0.550,-1.600,-0.200,0.080,-0.120,-0.340,1.020,0.360,0.660,-0.230,-0.254,0.024,-0.370,-0.830,0.010,-0.880,0.180,1.700,-0.120,0.500,-0.030,-0.070,0.040,1.096,0.709,0.387,-0.036,0.790,1.066,0.420,1.030,1.460,0.010,46711,23349,23362
2240,Gilbert Arenas,2008,1.000,1.230,1.710,0.000,-2.710,-0.430,-2.780,2.750,1.320,1.430,0.651,0.297,0.354,-0.401,0.840,-1.820,-0.280,-0.370,-0.560,0.440,0.190,-0.620,-0.340,-0.280,-0.037,-0.513,0.476,-0.883,3.401,-0.657,3.000,-1.540,1.460,0.000,49891,25027,24864
109,Robert Horry,2008,-1.390,-0.420,3.960,-0.500,-2.590,-1.330,1.260,-0.970,-0.490,-0.480,0.243,-0.293,0.536,0.027,0.630,0.400,0.360,0.720,-1.010,-0.010,2.920,0.980,0.970,0.010,1.044,0.640,0.404,0.146,-0.727,2.024,-0.700,2.170,1.460,-0.010,26201,13172,13029
101183,Shavlik Randolph,2008,0.300,-0.190,-1.370,0.440,1.060,-0.500,-0.600,-0.290,-0.050,-0.240,-0.115,0.334,-0.449,0.785,0.300,0.060,-0.460,0.370,0.160,-0.120,0.670,0.500,0.630,-0.130,0.231,0.027,0.204,0.319,-0.405,0.731,0.380,1.050,1.430,-0.000,2575,1282,1293
87,Dikembe Mutombo,2008,-1.950,-1.570,-0.910,0.460,2.860,-0.020,-2.590,-1.610,-0.820,-0.790,-1.099,-0.521,-0.578,0.349,4.030,2.090,0.160,0.310,-4.190,-0.060,-0.000,4.430,3.350,1.080,-1.076,-0.503,-0.573,0.436,-2.709,3.354,-2.360,3.790,1.430,0.000,20909,10404,10505
965,Derek Fisher,2008,-0.840,-0.500,0.200,-0.760,0.650,-0.650,-0.680,-0.580,-0.930,0.350,0.964,0.316,0.648,-0.624,1.290,-0.290,-0.900,-0.040,-0.390,0.230,1.290,0.040,0.230,-0.190,0.905,0.080,0.825,0.685,0.384,0.945,-0.240,1.630,1.390,-0.000,47899,24001,23898
2215,Jason Collins,2008,-1.550,-0.290,-2.020,-0.370,3.560,0.240,-1.210,-3.050,-2.010,-1.040,-0.365,0.351,-0.716,0.065,2.050,1.290,0.110,0.390,-2.170,-0.930,0.660,2.250,1.440,0.810,0.994,0.074,0.920,1.476,-3.415,3.244,-3.350,4.720,1.370,0.000,39431,19688,19743
2772,Trevor Ariza,2008,3.790,0.060,-3.830,-0.460,0.040,-0.760,-3.270,-0.170,-0.370,0.200,-1.543,-0.656,-0.887,1.713,-1.500,0.240,-0.170,0.490,1.670,0.800,2.800,0.180,0.700,-0.520,1.298,0.536,0.762,-0.128,-1.713,1.478,0.000,1.350,1.350,0.000,15728,7834,7894
1909,Scott Padgett,2008,-1.060,-0.630,5.120,-0.280,-4.060,-0.670,1.780,-0.820,-0.460,-0.360,0.283,0.038,0.245,0.457,0.550,0.160,-0.930,0.330,0.380,0.920,1.820,0.670,1.170,-0.500,0.291,0.479,-0.188,0.469,-0.537,0.961,-0.080,1.430,1.350,0.000,9124,4565,4559
979,Jermaine O'Neal,2008,-2.200,0.280,-2.150,-0.420,4.350,0.570,1.160,-1.240,-0.980,-0.260,0.142,0.357,-0.215,0.048,0.890,2.130,1.770,-0.250,-2.660,0.110,0.880,3.440,2.830,0.610,-0.275,-0.425,0.150,-0.775,-1.098,3.165,-1.050,2.390,1.350,0.010,39706,19907,19799
1747,Rafer Alston,2008,-0.270,-0.880,3.020,-0.500,-2.750,-0.090,0.620,-0.200,-0.030,-0.170,1.101,0.284,0.817,-0.381,0.930,0.180,-0.060,0.400,-0.870,0.090,2.180,0.200,0.480,-0.280,0.072,0.099,-0.027,0.528,0.901,0.272,0.520,0.800,1.330,0.010,51826,25874,25952
2030,Kenyon Martin,2008,1.450,1.200,-2.560,-0.250,1.100,-0.180,1.460,-0.340,0.020,-0.360,-0.532,-0.142,-0.390,-0.468,1.520,0.300,-0.060,-0.070,-1.460,0.440,0.590,1.790,1.390,0.400,0.113,0.307,-0.194,0.757,-0.872,1.903,-1.340,2.660,1.320,0.000,34603,17317,17286
2059,Eduardo Najera,2008,0.400,-0.060,0.220,-0.530,-0.630,-1.030,0.860,-1.360,-1.270,-0.090,0.365,0.153,0.212,1.295,-0.180,-0.490,-0.820,0.190,0.990,0.120,-0.510,0.330,0.020,0.310,1.050,0.506,0.544,-0.370,-0.995,1.380,0.300,1.010,1.310,0.000,27425,13673,13752
954,Kerry Kittles,2008,0.040,0.670,-0.320,-0.260,0.260,-0.680,1.940,0.280,0.430,-0.150,0.048,-0.406,0.454,0.312,-0.750,0.190,0.700,0.080,0.060,0.320,1.210,0.940,0.440,0.500,0.128,0.185,-0.057,-0.418,0.328,1.068,0.640,0.650,1.300,0.010,12888,6448,6440
2592,James Jones,2008,-2.480,-0.020,2.840,0.800,-0.350,0.790,1.540,0.890,0.780,0.110,1.162,0.617,0.545,-0.462,0.460,0.110,-0.030,0.080,-0.420,-0.050,1.440,0.280,-0.060,0.340,-0.129,-0.001,-0.128,-0.441,2.052,0.151,1.590,-0.290,1.300,0.000,24818,12409,12409
101179,Ronnie Price,2008,0.990,0.620,0.720,0.120,-1.700,-0.560,0.380,1.110,1.560,-0.450,-0.206,-0.260,0.054,0.246,0.300,-0.330,-0.670,0.190,0.360,0.210,0.600,-0.100,0.030,-0.130,0.382,-0.152,0.534,-0.132,0.904,0.282,1.150,0.150,1.300,0.000,5109,2540,2569
1800,Damon Jones,2008,-0.140,0.110,5.900,0.560,-5.770,0.700,2.100,3.520,3.410,0.110,0.327,0.123,0.204,-0.777,-0.890,-0.720,0.330,0.200,0.570,-0.180,-0.150,-0.990,-0.900,-0.090,-0.830,-0.268,-0.562,0.010,3.847,-1.820,3.070,-1.810,1.260,0.000,38735,19424,19311
1517,Bobby Jackson,2008,-0.620,0.260,3.040,-0.450,-2.420,-1.220,-1.280,-1.620,-1.380,-0.240,0.760,0.452,0.308,0.860,-0.060,0.480,-0.090,0.480,0.160,0.960,1.260,1.570,1.970,-0.400,0.265,-0.164,0.429,-0.615,-0.860,1.835,-0.000,1.220,1.210,-0.010,23731,11861,11870
2443,Darius Songaila,2008,-0.740,0.330,-1.530,0.000,2.270,1.050,1.730,0.220,0.590,-0.370,-0.359,-0.528,0.169,0.489,1.700,-0.880,-0.360,-0.150,-1.330,0.710,0.730,0.730,0.750,-0.020,0.218,0.057,0.161,-0.108,-0.139,0.948,0.350,0.840,1.200,0.010,24411,12224,12187
239,Darrick Martin,2008,0.030,-0.660,1.150,-0.290,-1.180,-0.100,-1.280,-0.150,-0.780,0.630,0.666,0.540,0.126,0.184,0.320,0.010,-0.600,0.290,0.280,0.170,0.280,0.760,1.010,-0.250,-0.038,0.131,-0.169,-0.222,0.516,0.722,0.700,0.500,1.200,0.000,4589,2302,2287
1559,Adrian Griffin,2008,-0.790,-0.770,-1.660,0.640,2.470,-0.210,-1.960,-0.530,-0.400,-0.130,-0.680,0.138,-0.818,0.960,0.070,0.350,-0.230,0.330,0.160,0.170,1.340,-0.480,0.010,-0.490,1.245,0.797,0.448,0.655,-1.210,0.765,-0.250,1.420,1.170,-0.000,12344,6126,6218
2049,Speedy Claxton,2008,0.530,0.060,-2.360,-0.860,1.820,-0.850,-2.920,-1.230,-1.630,0.400,0.731,0.727,0.004,-0.221,0.850,0.140,0.520,-0.900,-1.370,0.440,1.760,-0.490,-0.190,-0.300,1.437,0.389,1.048,0.933,-0.499,0.947,-0.720,1.880,1.160,-0.000,24333,12152,12181
697,Fred Hoiberg,2008,-1.890,0.560,1.650,0.680,0.230,0.720,2.420,1.970,1.350,0.620,0.422,0.519,-0.097,-0.582,0.630,-0.030,-0.420,0.160,-0.210,0.010,0.550,0.090,0.230,-0.140,-0.301,-0.299,-0.002,-0.449,2.392,-0.211,1.810,-0.660,1.160,0.010,12663,6330,6333
468,Jon Barry,2008,-1.490,0.010,1.210,1.080,0.270,-0.480,0.130,1.970,1.790,0.180,0.018,0.074,-0.056,-1.098,0.020,0.440,0.750,0.000,-0.760,0.060,1.010,-0.070,0.230,-0.300,0.600,0.334,0.266,-0.270,1.988,0.530,0.890,0.260,1.150,0.000,11975,5992,5983
2225,Tony Parker,2008,1.750,1.320,-1.100,0.090,-0.660,0.010,-3.030,1.780,1.500,0.280,0.845,0.694,0.151,-1.285,-0.610,0.220,1.820,0.290,-1.200,0.050,2.490,0.090,0.110,-0.020,-0.122,0.009,-0.131,-0.198,2.625,-0.032,1.340,-0.230,1.110,-0.000,58024,29097,28927
101161,Amir Johnson,2008,1.580,0.100,-0.850,-0.110,-0.730,-0.020,-0.740,0.410,0.540,-0.130,-0.471,-0.429,-0.042,0.661,-0.490,0.740,-0.610,0.220,1.090,0.350,0.950,0.560,1.040,-0.480,0.061,0.304,-0.243,-0.111,-0.061,0.621,0.600,0.510,1.100,-0.010,3599,1795,1804
2248,Earl Watson,2008,1.260,0.120,1.020,0.190,-2.260,-0.680,1.520,0.900,0.850,0.050,-0.026,-0.044,0.018,-0.884,-0.310,0.820,-0.530,0.200,0.850,0.300,0.380,1.040,1.000,0.040,0.343,0.093,0.250,-0.283,0.874,1.383,-0.010,1.100,1.090,0.000,35916,18004,17912
1885,Lamar Odom,2008,1.320,-0.840,0.750,0.110,-2.060,-0.080,0.540,-0.500,-0.440,-0.060,-0.244,0.301,-0.545,-0.066,1.120,1.790,-0.040,-0.340,-1.090,0.470,0.400,2.730,2.130,0.600,-0.829,-0.381,-0.448,-0.021,-0.744,1.901,-0.810,1.880,1.060,-0.010,57990,28990,29000
956,Erick Dampier,2008,-0.100,0.550,-2.720,0.620,2.830,-0.420,-0.570,-2.250,-1.010,-1.240,-1.638,-0.815,-0.823,2.408,1.660,0.960,2.660,-0.330,-4.300,0.280,0.980,2.970,2.010,0.960,-0.902,-0.529,-0.373,0.462,-3.888,2.068,-1.480,2.530,1.050,-0.000,37682,18830,18852
950,Stephon Marbury,2008,2.530,-0.750,-0.050,-0.280,-2.490,0.640,-2.000,1.700,1.000,0.700,1.394,0.860,0.534,-0.044,-0.000,-0.260,-0.910,0.080,0.920,-0.830,0.600,-1.800,-1.240,-0.560,-0.264,-0.258,-0.006,0.064,3.094,-2.064,3.050,-2.000,1.050,0.000,45642,22835,22807
1477,Bruce Bowen,2008,-0.760,0.740,0.050,0.470,0.710,-0.380,-1.330,-0.380,0.130,-0.510,-0.617,-0.090,-0.527,-0.343,-1.230,1.090,1.590,0.710,-0.350,1.170,3.710,2.820,2.390,0.430,-0.347,-0.270,-0.077,-0.133,-0.997,2.473,-1.340,2.340,1.000,0.000,55576,27724,27852
200765,Rajon Rondo,2008,1.270,-0.130,-1.210,0.400,-0.050,-0.380,-1.130,-0.990,-0.430,-0.560,0.120,0.033,0.087,0.290,-0.410,-0.070,-0.570,0.790,0.970,0.140,1.230,-0.620,-0.380,-0.240,1.280,0.292,0.988,0.850,-0.870,0.660,-0.580,1.510,0.920,-0.010,18448,9232,9216
2209,Vladimir Radmanovic,2008,0.180,0.510,3.830,0.640,-4.000,0.450,2.580,1.960,2.320,-0.360,-0.149,-0.145,-0.004,-0.131,-0.000,-0.290,-1.310,0.060,1.310,-0.050,0.400,-1.060,-0.550,-0.510,0.361,0.353,0.008,-0.061,1.811,-0.699,1.680,-0.760,0.920,0.000,35753,17892,17861
2403,Nene,2008,1.920,0.990,-2.380,-0.450,0.460,-0.590,-0.940,-1.150,-0.920,-0.230,-1.458,-0.418,-1.040,0.108,0.010,0.250,0.790,0.430,-0.800,0.160,1.390,1.660,1.100,0.560,0.655,0.471,0.184,1.085,-2.608,2.315,-2.500,3.400,0.900,-0.000,24094,12061,12033
2550,Kirk Hinrich,2008,-0.970,-1.520,1.470,0.600,-0.500,-0.080,1.460,-0.850,-0.690,-0.160,0.514,0.418,0.096,-0.264,1.030,1.650,0.410,-0.430,-1.440,0.220,0.140,0.720,1.100,-0.380,0.455,0.038,0.417,0.305,-0.336,1.175,-0.600,1.480,0.870,-0.010,54675,27322,27353
101135,David Lee,2008,3.980,0.800,-2.480,-0.590,-1.500,-0.850,-0.520,1.020,0.470,0.550,-0.033,-0.138,0.105,1.113,-0.170,-0.340,-1.050,-0.170,1.210,-0.250,0.460,-1.470,-1.130,-0.340,-0.222,0.007,-0.229,0.412,0.987,-1.692,2.100,-1.280,0.820,-0.000,19577,9753,9824
2430,Carlos Boozer,2008,1.780,2.060,-3.490,0.540,1.700,0.760,3.550,1.820,1.690,0.130,-0.061,-0.070,0.009,0.211,-1.160,-0.930,0.230,-0.400,0.940,0.610,0.600,-1.440,-1.090,-0.350,-0.817,-0.439,-0.378,1.097,1.759,-2.257,1.970,-1.160,0.810,-0.000,44884,22445,22439
101109,Raymond Felton,2008,1.740,-0.860,1.970,0.570,-3.710,0.230,1.300,2.230,2.010,0.220,0.467,0.193,0.274,-1.097,-1.280,-0.500,0.110,-0.160,1.180,-0.050,-0.510,-1.090,-0.880,-0.210,0.518,0.489,0.029,-0.218,2.697,-0.572,1.600,-0.790,0.810,0.000,31058,15504,15554
200758,Ronnie Brewer,2008,3.210,0.880,-2.450,-0.750,-0.740,0.810,-0.830,1.150,1.320,-0.170,-0.696,-0.738,0.042,0.356,-1.040,-0.940,0.770,0.070,0.280,-0.340,-0.060,-1.220,-1.210,-0.010,1.317,0.756,0.561,-0.107,0.454,0.097,0.810,-0.010,0.800,0.000,11898,5950,5948
1498,Antonio Daniels,2008,-0.730,0.670,1.840,-0.170,-1.110,-0.360,-2.020,2.510,0.660,1.850,0.845,0.593,0.252,-1.495,-0.020,-1.130,-1.070,0.480,1.100,0.350,0.760,-0.440,0.090,-0.530,0.115,-0.170,0.285,-0.735,3.355,-0.325,1.860,-1.060,0.800,0.000,39275,19629,19646
1710,Mike Bibby,2008,-3.480,1.380,3.760,1.560,-0.270,-0.290,4.140,1.700,1.340,0.360,1.092,0.027,1.065,-0.872,1.180,-1.510,-0.090,0.030,-1.080,-0.060,-0.450,0.040,-0.250,0.290,-0.742,-0.237,-0.505,-0.428,2.792,-0.702,1.920,-1.130,0.780,-0.010,57094,28613,28481
2866,Jackie Butler,2008,1.340,0.540,-2.110,0.330,0.770,1.070,0.640,2.590,2.430,0.160,-1.712,-0.488,-1.224,0.152,0.380,-0.080,-0.560,-0.140,0.160,0.300,-0.580,0.190,0.310,-0.120,-0.185,-0.022,-0.163,-0.255,0.878,0.005,1.030,-0.250,0.780,0.000,3072,1543,1529
2365,Chris Andersen,2008,0.280,-0.190,-0.900,-0.360,0.620,-0.310,-0.530,-0.330,-0.220,-0.110,-0.791,-0.537,-0.254,0.501,-0.480,1.300,0.850,-0.190,-0.380,0.140,0.740,2.520,2.130,0.390,0.027,-0.270,0.297,-1.147,-1.121,2.547,-0.620,1.400,0.780,0.000,11309,5636,5673
200748,Tyrus Thomas,2008,1.990,-0.700,-2.700,0.530,0.710,-0.160,-0.770,-0.300,-0.230,-0.070,-1.002,-0.585,-0.417,1.172,0.660,0.580,-0.500,-0.220,-0.160,0.110,0.520,-0.280,-0.200,-0.080,0.404,0.148,0.256,0.776,-1.302,0.124,-0.130,0.900,0.770,0.000,9229,4614,4615
124,Vlade Divac,2008,1.820,0.370,-0.560,1.440,-1.260,0.290,4.500,1.920,2.300,-0.380,-0.387,-0.427,0.040,-0.663,1.760,-0.260,0.450,-0.050,-2.210,-1.170,-0.290,-0.460,-0.950,0.490,-0.375,-0.206,-0.169,0.735,1.533,-0.835,0.870,-0.100,0.770,0.000,10258,5153,5105
1883,Steve Francis,2008,2.270,-0.650,-0.520,0.680,-1.750,-0.480,-2.450,1.330,0.590,0.740,0.041,0.048,-0.007,-0.331,0.220,0.370,-0.610,-0.490,0.390,0.180,-0.260,-0.460,-0.210,-0.250,0.184,0.216,-0.032,0.006,1.371,-0.276,1.040,-0.270,0.770,0.000,37922,18963,18959
703,Kurt Thomas,2008,-3.500,1.450,-0.860,0.420,4.360,0.950,2.290,-0.940,-0.120,-0.820,0.393,-0.078,0.471,-0.733,1.900,0.660,0.540,-0.210,-2.450,-0.110,1.720,2.010,1.430,0.580,-0.428,-0.414,-0.014,0.468,-0.547,1.582,-1.280,2.050,0.770,0.000,38802,19408,19394
1501,Tim Thomas,2008,-0.930,0.260,2.350,0.410,-1.430,0.310,2.520,0.780,1.170,-0.390,0.104,0.183,-0.079,-0.424,-0.120,0.080,0.090,0.400,0.020,-0.510,1.290,0.160,0.120,0.040,-0.221,0.129,-0.350,0.341,0.884,-0.061,0.460,0.280,0.740,0.000,35869,17951,17918
101119,Rashad McCants,2008,0.370,0.550,2.120,-0.240,-2.490,-0.120,-0.480,1.000,1.220,-0.220,0.286,0.555,-0.269,-0.736,0.850,0.140,-1.230,0.200,0.380,0.150,0.320,1.000,1.340,-0.340,-0.147,-0.064,-0.083,-0.683,1.286,0.853,0.550,0.170,0.730,0.010,14636,7324,7312
2224,Jamaal Tinsley,2008,1.310,-0.490,-0.250,0.230,-1.060,0.580,0.600,1.110,0.820,0.290,-0.006,-0.636,0.630,-0.914,0.430,0.070,-0.680,0.640,0.240,-0.360,0.300,-0.870,-0.460,-0.410,0.869,0.424,0.445,0.461,1.104,-0.001,0.190,0.460,0.660,0.010,30248,15157,15091
101152,Bracey Wright,2008,-0.320,0.020,0.860,0.040,-0.540,-0.270,0.940,-0.220,0.030,-0.250,0.274,0.082,0.192,0.226,-0.020,-0.430,-0.160,0.120,0.180,0.090,-0.030,-0.120,-0.140,0.020,0.482,0.266,0.216,0.018,0.054,0.362,0.280,0.380,0.650,-0.010,1201,602,599
243,Aaron McKie,2008,0.440,-0.840,1.940,-0.400,-2.380,-1.000,0.010,-0.950,-1.030,0.080,0.400,0.095,0.305,-0.700,1.270,0.080,-1.080,0.350,-0.180,0.380,1.800,1.000,1.310,-0.310,0.423,0.434,-0.011,0.467,-0.550,1.423,-1.250,1.890,0.640,0.000,13120,6567,6553
699,Brent Barry,2008,-0.680,1.500,4.800,1.090,-4.120,-0.210,4.530,2.080,1.890,0.190,-0.020,-0.166,0.146,-0.640,-0.780,0.300,1.000,-0.050,-0.230,-0.110,2.740,-0.990,-0.620,-0.370,-0.092,0.318,-0.410,0.302,2.060,-1.082,1.420,-0.780,0.640,0.000,30471,15274,15197
101139,CJ Miles,2008,1.140,-0.300,-0.020,0.020,-1.110,-0.210,0.670,-0.240,-0.020,-0.220,0.627,0.407,0.220,1.283,-0.060,-0.590,-0.340,-0.210,0.410,0.390,-0.220,-1.080,-0.400,-0.680,0.135,0.068,0.067,-0.095,0.387,-0.945,1.670,-1.040,0.630,0.000,4876,2432,2444
2058,Mark Madsen,2008,-1.510,-1.060,-1.150,0.350,2.660,-1.280,-2.480,-4.260,-3.080,-1.180,-0.224,0.040,-0.264,2.654,1.950,0.230,0.080,0.360,-2.040,-0.180,1.290,1.770,1.590,0.180,0.462,-0.131,0.593,0.208,-4.484,2.232,-1.830,2.440,0.620,0.010,12151,6054,6097
101150,Lou Williams,2008,2.460,-0.480,-0.140,-0.840,-2.320,-0.700,-3.190,-0.480,-0.600,0.120,0.322,0.403,-0.081,0.878,-1.020,-0.090,-1.260,0.520,2.270,-0.540,-1.510,-0.820,-0.690,-0.130,0.439,0.134,0.305,0.271,-0.158,-0.381,0.720,-0.110,0.610,-0.000,10410,5218,5192
56,Gary Payton,2008,0.470,1.000,0.290,-0.600,-0.760,-0.720,0.420,0.080,-0.300,0.380,0.918,0.705,0.213,-0.258,0.130,0.260,-0.390,-0.300,0.280,0.130,-0.430,0.010,-0.200,0.210,-0.596,-0.124,-0.472,0.446,0.998,-0.586,0.740,-0.140,0.600,-0.000,40003,20021,19982
2207,Joe Johnson,2008,-2.060,-0.500,1.990,0.510,0.070,0.550,-0.310,0.370,0.770,-0.400,0.600,0.415,0.185,-0.050,-1.630,0.020,-0.040,0.240,1.680,0.890,1.490,1.050,0.910,0.140,0.062,0.274,-0.212,-1.472,0.970,1.112,0.920,-0.360,0.560,0.000,60901,30483,30418
275,Allan Houston,2008,-2.640,-0.460,0.500,0.360,2.130,1.590,0.660,2.380,1.750,0.630,0.006,0.007,-0.001,-1.436,0.200,0.620,0.020,-0.290,-0.200,-0.560,-0.460,-0.780,-0.790,0.010,0.094,-0.285,0.379,0.266,2.386,-0.686,0.950,-0.420,0.530,0.000,8577,4285,4292
2250,Bobby Simmons,2008,-0.730,-0.460,-0.320,0.770,1.060,-1.240,0.970,-1.230,-1.170,-0.060,0.386,0.413,-0.027,0.254,0.640,-0.140,-0.480,-0.360,-0.150,0.260,1.690,-0.110,0.110,-0.220,0.189,0.085,0.104,1.001,-0.844,0.079,-0.590,1.080,0.490,0.000,31095,15582,15513
101118,Sean May,2008,-0.370,-0.580,-1.330,0.470,1.690,0.060,1.160,0.390,0.430,-0.040,-0.358,-0.362,0.004,0.868,-0.510,0.080,0.240,-0.030,0.260,0.280,1.000,0.040,0.360,-0.320,-0.281,0.058,-0.339,-0.179,0.032,-0.241,0.900,-0.420,0.470,-0.010,4631,2318,2313
348,Mitchell Butler,2008,0.340,-0.090,-0.300,0.110,-0.060,-0.260,-1.100,0.670,0.490,0.180,-0.432,-0.438,0.006,0.182,0.220,-0.060,-0.150,0.160,-0.070,0.050,-0.300,-0.210,0.140,-0.350,0.056,-0.101,0.157,0.184,0.238,-0.154,0.420,0.030,0.460,0.010,2130,1062,1068
200768,Kyle Lowry,2008,0.790,-0.030,2.030,-0.950,-2.820,-0.320,-2.060,-0.370,-0.350,-0.020,0.394,0.299,0.095,0.196,0.360,-0.380,-1.270,-0.070,0.900,0.010,0.510,-0.890,-0.770,-0.120,0.509,0.010,0.499,0.621,0.024,-0.381,0.220,0.240,0.460,-0.000,8775,4400,4375
2567,Brian Cook,2008,-2.480,-0.950,2.030,0.910,0.460,0.280,2.370,0.380,1.180,-0.800,0.558,0.162,0.396,-0.578,1.260,-0.250,-0.390,-0.470,-0.870,0.240,-0.230,-0.560,-0.300,-0.260,0.124,0.125,-0.001,0.546,0.938,-0.436,0.360,0.110,0.460,-0.010,18304,9189,9115
1000,Shandon Anderson,2008,0.900,0.620,-1.050,-0.230,0.160,0.680,-0.520,0.990,0.720,0.270,-0.389,-0.274,-0.115,0.119,-0.680,0.790,-0.310,0.210,0.980,0.140,1.040,-0.260,0.140,-0.400,0.021,-0.009,0.030,-0.041,0.601,-0.239,0.720,-0.280,0.440,0.000,15248,7578,7670
101187,Alan Anderson,2008,0.270,-0.060,1.230,-0.050,-1.500,-0.110,1.600,1.100,1.020,0.080,-0.070,-0.106,0.036,-0.990,-0.340,-0.200,0.080,0.060,0.260,-0.010,-0.030,-0.120,0.070,-0.190,0.199,0.105,0.094,0.311,1.030,0.079,0.040,0.390,0.420,-0.010,3145,1565,1580
201238,Mario West,2008,1.070,0.070,0.040,-0.290,-1.140,-0.190,-0.610,0.430,0.320,0.110,0.048,0.250,-0.202,0.912,0.130,-0.380,-0.420,0.060,0.290,-0.080,-0.130,-1.150,-0.950,-0.200,0.099,0.158,-0.059,0.071,0.478,-1.051,1.390,-0.980,0.410,-0.000,1084,525,559
916,Corie Blount,2008,-1.810,-0.010,-0.520,-0.320,2.330,0.980,1.730,-0.570,0.260,-0.830,-0.038,-0.176,0.138,0.168,-0.770,0.160,-0.120,-0.080,0.890,0.820,1.040,0.960,1.320,-0.360,0.575,0.486,0.089,-0.695,-0.608,1.535,-0.440,0.840,0.390,-0.010,3844,1927,1917
2399,Mike Dunleavy,2008,-1.220,1.900,1.200,-0.070,0.020,-0.330,1.770,0.690,0.540,0.150,-0.075,-0.072,-0.003,-0.775,0.980,-0.730,-0.190,0.060,-0.820,-0.140,0.040,0.210,-0.070,0.280,0.019,-0.237,0.256,0.311,0.615,0.229,-0.160,0.540,0.390,0.010,50326,25219,25107
2253,Sean Lampley,2008,-0.090,0.130,0.150,-0.030,-0.080,0.390,0.040,0.870,1.000,-0.130,0.033,0.165,-0.132,-0.093,0.250,-0.200,-0.320,-0.120,0.070,0.060,0.080,-0.480,-0.350,-0.130,-0.152,-0.089,-0.063,0.202,0.903,-0.632,0.810,-0.430,0.380,-0.000,226,111,115
448,Bo Outlaw,2008,-0.720,0.850,-1.650,-1.000,2.360,-1.110,-0.660,-2.120,-1.500,-0.620,-0.300,-0.163,-0.137,0.410,0.330,0.500,0.150,0.220,-0.480,0.950,2.310,2.050,2.050,0.000,1.366,0.721,0.645,-1.026,-2.420,3.416,-2.010,2.390,0.380,-0.000,9795,4906,4889
1921,Gordan Giricek,2008,-0.510,-1.240,-0.630,-0.210,1.140,0.770,-0.240,0.050,-0.040,0.090,-0.286,0.071,-0.357,-0.244,-0.050,-0.270,0.870,0.020,-0.810,0.520,2.540,0.690,1.220,-0.530,0.077,-0.232,0.309,0.093,-0.236,0.767,-0.480,0.860,0.380,0.000,25996,12993,13003
2429,Dan Gadzuric,2008,0.880,-1.110,-1.830,-0.060,0.940,-0.370,0.960,-2.020,-0.700,-1.320,0.226,0.019,0.207,1.694,0.920,-0.250,0.250,-0.360,-1.170,-0.370,-2.420,0.020,-0.270,0.290,0.045,0.373,-0.328,0.415,-1.794,0.065,-0.100,0.480,0.380,0.000,19888,9907,9981
101132,Linas Kleiza,2008,1.500,0.150,2.880,-0.700,-4.380,-0.210,2.530,0.670,0.550,0.120,-0.034,0.056,-0.090,0.704,0.090,-0.810,-0.970,-0.080,0.860,0.460,-1.250,-1.990,-1.790,-0.200,-0.699,-0.365,-0.334,1.709,0.636,-2.689,1.340,-0.980,0.370,0.010,16268,8162,8106
1894,Corey Maggette,2008,0.770,-0.290,-0.210,-0.920,-0.550,0.460,-1.380,2.580,0.120,2.460,-0.475,-0.038,-0.437,-1.455,-0.910,0.070,0.230,0.310,0.680,-0.090,0.470,-0.830,-0.410,-0.420,0.019,0.168,-0.149,0.541,2.105,-0.811,0.650,-0.270,0.370,-0.010,41859,20978,20881
200757,Thabo Sefolosha,2008,0.170,-0.310,-0.240,0.440,0.090,-0.540,0.250,0.730,1.210,-0.480,-0.682,-0.438,-0.244,-1.608,-0.600,0.720,-0.600,0.050,1.190,-0.240,1.330,-0.920,-0.330,-0.590,1.196,0.685,0.511,1.644,0.048,0.276,-1.560,1.920,0.360,0.000,9203,4585,4618
2421,Frank Williams,2008,0.540,0.520,0.800,-0.110,-1.360,-0.080,0.770,-0.010,0.160,-0.170,-0.205,-0.111,-0.094,0.325,-0.140,-0.050,-0.140,0.100,0.290,0.620,0.150,0.570,0.720,-0.150,-0.060,0.012,-0.072,-0.290,-0.215,0.510,0.110,0.220,0.330,0.000,3050,1524,1526
2216,Zach Randolph,2008,0.100,-0.660,-2.720,0.180,2.620,0.410,-0.540,-0.780,-0.920,0.140,-0.182,-0.030,-0.152,1.802,-0.670,0.140,0.780,-0.380,-0.100,-0.860,-1.430,-0.580,-1.140,0.560,-0.569,-0.262,-0.307,0.629,-0.962,-1.149,0.840,-0.520,0.330,0.010,42814,21418,21396
2223,Samuel Dalembert,2008,-0.860,0.010,-2.550,0.120,3.430,0.670,0.070,-0.990,-0.050,-0.940,-0.510,-0.442,-0.068,0.060,-0.090,1.900,0.380,-0.130,-0.300,-0.060,-1.800,2.110,1.340,0.770,-0.363,-0.154,-0.209,0.033,-1.500,1.747,-1.440,1.780,0.330,-0.010,42234,21116,21118
2407,Jared Jeffries,2008,0.610,0.200,-0.290,-0.230,-0.310,-1.540,-2.300,-1.930,-1.310,-0.620,-0.344,0.062,-0.406,1.434,1.030,-0.660,-0.260,-0.240,-0.780,0.030,0.110,-0.160,-0.680,0.520,0.484,0.193,0.291,0.846,-2.274,0.324,-0.840,1.170,0.320,-0.010,33482,16654,16828
2229,Mike James,2008,-1.100,-0.670,2.600,0.400,-1.500,0.470,0.310,0.180,0.410,-0.230,0.669,0.490,0.179,-0.339,0.220,-0.640,-0.370,0.100,0.160,-0.130,0.140,-0.560,-0.140,-0.420,0.244,0.104,0.140,0.106,0.849,-0.316,0.510,-0.210,0.300,0.000,37741,18880,18861
682,Bob Sura,2008,0.840,-0.550,0.320,-0.450,-1.170,0.210,-0.770,-0.260,-0.310,0.050,0.274,-0.053,0.327,0.946,-0.380,-0.220,-0.650,0.080,1.030,-0.160,-0.170,-1.450,-1.170,-0.280,0.240,0.145,0.095,0.530,0.014,-1.210,0.960,-0.680,0.280,0.000,13659,6806,6853
2732,Ben Gordon,2008,-2.320,-1.820,1.430,0.300,0.900,0.640,-2.590,-0.360,-0.870,0.510,0.573,0.355,0.218,0.397,-0.610,1.160,-0.310,0.290,0.920,0.680,2.050,0.510,1.320,-0.810,-0.455,-0.280,-0.175,-0.405,0.213,0.055,0.610,-0.350,0.260,0.000,39211,19691,19520
2768,Chris Duhon,2008,1.080,-1.190,2.050,-0.820,-3.100,-0.230,1.890,-1.360,-1.260,-0.100,-0.178,-0.057,-0.121,0.478,-0.180,-0.100,-0.120,0.390,0.320,0.510,1.070,-0.070,0.230,-0.300,1.024,0.824,0.200,0.366,-1.538,0.954,-1.060,1.320,0.250,-0.010,30540,15284,15256
2586,Keith Bogans,2008,0.470,-0.660,2.060,-0.770,-2.530,0.360,-1.440,0.340,0.110,0.230,-0.256,-0.256,-0.000,0.376,0.420,-0.690,-0.900,-0.510,0.480,0.290,-1.020,-0.680,-0.620,-0.060,0.472,-0.063,0.535,-0.022,0.084,-0.208,0.460,-0.230,0.230,0.000,33523,16709,16814
2761,Jackson Vroman,2008,1.160,-0.640,-0.990,-0.060,-0.180,-0.030,-0.670,0.040,0.260,-0.220,-0.614,-0.591,-0.023,0.424,-0.530,-0.120,0.350,-0.150,0.180,0.250,0.910,0.030,0.350,-0.320,0.329,0.134,0.195,0.001,-0.574,0.359,-0.150,0.360,0.220,0.010,3953,1982,1971
101112,Channing Frye,2008,-2.680,-0.840,-1.860,0.120,4.550,0.100,-0.290,-2.440,-2.220,-0.220,-0.246,-0.308,0.062,1.406,1.760,-0.580,-1.220,0.030,-0.540,0.370,-0.510,1.300,1.060,0.240,0.053,0.087,-0.034,0.147,-2.686,1.353,-1.280,1.500,0.220,0.000,17691,8872,8819
2499,Richie Frahm,2008,-0.050,0.160,3.740,-0.300,-3.690,0.210,1.600,0.550,1.080,-0.530,-0.219,0.006,-0.225,-0.611,-0.480,-0.040,-0.460,0.510,0.940,-0.170,0.920,-1.150,-0.490,-0.660,0.635,0.314,0.321,1.015,0.331,-0.515,-0.280,0.500,0.220,-0.000,5476,2773,2703
2205,DeSagana Diop,2008,-1.840,-0.790,-1.790,-0.390,3.630,-0.570,-1.830,-2.810,-2.120,-0.690,0.058,0.170,-0.112,0.262,1.420,1.540,1.310,-0.310,-2.720,0.200,1.140,2.700,2.400,0.300,0.070,0.013,0.057,-0.060,-2.752,2.770,-2.490,2.710,0.220,0.000,21248,10542,10706
689,Theo Ratliff,2008,-0.280,0.280,-1.730,-0.360,1.990,-0.400,-2.780,-1.410,-0.620,-0.790,-1.249,-0.363,-0.886,-0.041,0.750,2.320,0.090,0.620,-0.840,-0.420,-0.470,3.300,2.360,0.940,-0.448,-0.585,0.137,0.058,-2.659,2.852,-2.700,2.910,0.210,-0.000,22494,11217,11277
1725,Rasho Nesterovic,2008,-2.200,0.650,-2.670,0.280,4.850,0.080,1.680,-3.320,-1.200,-2.120,-0.352,-0.253,-0.099,0.712,1.640,1.760,1.340,-0.200,-2.990,0.410,1.860,3.170,2.430,0.740,-0.424,-0.129,-0.295,0.434,-3.672,2.746,-2.960,3.180,0.210,-0.010,34513,17246,17267
722,Corliss Williamson,2008,1.970,0.100,-2.060,-0.510,0.080,-0.090,-1.620,-0.150,-0.470,0.320,-0.969,-0.356,-0.613,-0.131,2.040,0.300,-1.030,0.610,-1.010,0.350,2.160,1.140,1.520,-0.380,0.455,-0.035,0.490,-0.135,-1.119,1.595,-1.250,1.460,0.210,0.000,19126,9591,9535
201171,Carl Landry,2008,0.930,0.000,-0.470,-0.350,-0.440,0.360,1.340,-1.220,-0.790,-0.430,0.288,0.420,-0.132,1.732,-0.690,-0.230,0.400,0.000,0.280,-0.120,0.030,-0.380,-0.190,-0.190,-0.278,-0.212,-0.066,0.068,-0.932,-0.658,0.800,-0.590,0.210,-0.000,3007,1497,1510
1536,Stephen Jackson,2008,1.520,0.310,1.450,-0.100,-2.960,-0.870,-0.600,0.790,0.390,0.400,-0.633,-0.432,-0.201,-0.277,-0.470,-0.380,0.640,-0.280,-0.160,0.930,1.300,1.110,0.950,0.160,-0.015,0.148,-0.163,-0.795,0.157,1.095,-0.120,0.300,0.180,-0.000,53756,26915,26841
1735,Vladimir Stepania,2008,-0.650,-0.520,-0.960,-0.100,1.620,0.090,-0.860,-1.150,-0.630,-0.520,0.016,0.338,-0.322,0.524,0.200,0.020,-0.040,0.070,-0.160,-0.190,0.100,0.670,0.570,0.100,0.117,0.085,0.032,-0.017,-1.134,0.787,-0.610,0.770,0.160,-0.000,1588,792,796
2039,Keyon Dooling,2008,0.570,-0.560,-1.260,-0.830,0.700,-0.060,-4.000,-0.690,-1.050,0.360,0.715,0.743,-0.028,-0.005,0.130,0.410,-0.020,0.670,-0.110,0.370,1.750,0.370,1.060,-0.690,-0.082,-0.254,0.172,-0.158,0.025,0.288,0.020,0.130,0.160,0.010,24373,12143,12230
101126,Nate Robinson,2008,2.220,-0.380,-0.120,-0.840,-2.110,0.130,-3.000,0.020,-0.150,0.170,0.212,0.264,-0.052,0.678,0.670,0.180,-1.450,-0.190,0.790,-0.730,1.610,-1.140,-0.620,-0.520,0.493,0.035,0.458,-0.113,0.232,-0.647,0.910,-0.760,0.150,-0.000,17898,8952,8946
1738,Ansu Sesay,2008,-0.300,0.510,0.540,-0.250,-0.240,-0.590,-1.370,-0.470,-0.050,-0.420,-0.411,-0.319,-0.092,0.541,0.470,-0.120,-0.070,0.180,-0.410,0.070,1.930,0.130,0.400,-0.270,0.454,0.079,0.375,-0.094,-0.881,0.584,-0.340,0.490,0.150,-0.000,2742,1368,1374
2366,Mike Wilks,2008,-0.200,-0.210,0.680,-0.370,-0.480,0.200,-2.640,1.000,0.580,0.420,-0.212,-0.145,-0.067,-0.618,0.490,-0.160,-0.270,0.070,-0.220,0.210,0.120,-0.780,-0.290,-0.490,0.289,0.381,-0.092,0.471,0.788,-0.491,0.170,-0.020,0.150,0.000,5293,2635,2658
101219,Anthony Grundy,2008,0.420,0.260,0.420,-0.170,-0.860,0.110,-0.970,0.030,-0.020,0.050,0.159,0.215,-0.056,0.121,0.060,-0.020,-0.460,-0.050,0.400,-0.040,-0.300,-0.310,-0.270,-0.040,0.019,0.095,-0.076,0.131,0.189,-0.291,0.310,-0.160,0.150,0.000,419,212,207
2756,Sasha Vujacic,2008,-2.240,-0.660,3.350,0.150,-1.110,0.010,2.300,0.570,0.770,-0.200,1.437,1.016,0.421,0.123,-1.250,-0.620,0.480,-0.100,0.760,0.220,0.710,-1.560,-0.850,-0.710,-0.495,-0.338,-0.157,0.055,2.007,-2.055,2.130,-2.000,0.130,0.000,17336,8676,8660
727,Eric Snow,2008,0.790,-0.310,-2.360,-0.370,1.560,-0.690,1.680,-0.860,-1.010,0.150,-0.254,-0.222,-0.032,-0.496,1.730,0.730,-0.610,0.330,-1.120,0.200,0.690,1.460,1.510,-0.050,0.326,-0.331,0.657,-0.046,-1.114,1.786,-1.610,1.740,0.130,-0.000,36036,17917,18119
966,Jerome Williams,2008,0.960,-1.190,-0.710,-1.680,-0.240,0.270,-0.340,-2.340,-2.060,-0.280,0.265,-0.156,0.421,1.545,-0.290,-0.780,0.620,0.460,-0.330,-0.370,-0.760,-0.010,-0.170,0.160,0.900,0.357,0.543,-0.230,-2.075,0.890,-0.530,0.660,0.130,-0.000,10011,4988,5023
2749,Jameer Nelson,2008,1.590,0.440,0.970,-0.150,-2.570,-0.290,1.440,0.110,0.790,-0.680,0.341,-0.160,0.501,0.409,0.860,0.570,-0.720,-0.090,-0.150,-0.330,-0.710,-1.470,-0.620,-0.850,0.070,-0.028,0.098,0.660,0.451,-1.400,0.860,-0.740,0.130,0.010,30421,15217,15204
2555,Nick Collison,2008,0.820,-0.910,-2.170,-0.910,1.340,0.220,-0.260,-1.920,-1.630,-0.290,-0.414,-0.210,-0.204,2.064,1.020,-0.070,-0.520,-0.250,-0.500,0.220,-0.980,0.750,0.860,-0.110,-0.270,0.011,-0.281,-0.090,-2.334,0.480,-0.270,0.390,0.120,0.000,28697,14315,14382
762,Shawn Bradley,2008,-0.560,-0.020,-2.300,-0.430,2.860,0.030,-1.980,-2.170,-1.480,-0.690,-0.032,-0.307,0.275,1.292,0.880,0.370,-2.070,-0.040,1.180,-0.030,-1.990,0.390,-0.080,0.470,0.906,0.960,-0.054,-0.276,-2.202,1.296,-0.910,1.020,0.110,-0.000,6263,3118,3145
101195,Luke Schenscher,2008,-0.180,-0.620,-0.120,0.030,0.300,0.190,0.200,-0.580,-0.410,-0.170,0.368,0.223,0.145,-0.018,-0.130,-0.140,-0.460,0.020,0.590,0.210,0.760,0.040,0.350,-0.310,0.384,0.158,0.226,-0.084,-0.212,0.424,-0.230,0.340,0.110,-0.000,1059,533,526
1509,Kelvin Cato,2008,-0.920,-0.530,-2.180,0.360,3.100,-0.380,0.200,-1.770,-0.930,-0.840,-0.554,-0.310,-0.244,-0.316,0.080,1.000,0.550,-0.080,-0.640,0.410,0.970,2.970,2.230,0.740,0.046,0.359,-0.313,-0.286,-2.324,3.016,-2.640,2.730,0.080,-0.010,14449,7190,7259
2424,Dan Dickau,2008,0.060,-0.200,0.660,-0.670,-0.720,0.150,-0.210,0.330,-0.040,0.370,0.567,0.769,-0.202,-0.147,0.730,-0.160,-0.870,-0.300,0.130,-0.340,0.040,-1.440,-1.070,-0.370,0.252,-0.088,0.340,0.508,0.897,-1.188,0.750,-0.680,0.070,-0.000,14960,7502,7458
201143,Al Horford,2008,0.270,0.580,-2.380,-0.000,2.140,-0.500,2.070,-0.660,-0.680,0.020,-0.411,-0.160,-0.251,0.261,-0.320,-0.180,0.180,-0.250,0.140,0.040,-0.990,-0.010,-0.500,0.490,0.368,0.099,0.269,0.522,-1.071,0.358,-0.810,0.880,0.060,-0.010,10347,5170,5177
200810,Allan Ray,2008,-0.290,-0.440,1.340,-0.030,-1.050,-0.600,-0.000,-0.560,-0.410,-0.150,0.478,0.620,-0.142,-0.098,-0.880,-0.230,-0.020,0.260,0.900,-0.320,0.760,-0.800,-0.460,-0.340,0.570,0.309,0.261,0.450,-0.082,-0.230,-0.180,0.220,0.040,0.000,2640,1321,1319
1749,Cuttino Mobley,2008,-2.280,-0.080,1.350,-0.180,0.940,0.890,-0.640,0.220,-0.010,0.230,0.536,0.192,0.344,-0.636,-0.910,0.400,1.280,-0.020,-0.370,0.220,0.860,0.080,0.320,-0.240,-0.139,-0.197,0.058,-0.021,0.756,-0.059,0.120,-0.080,0.040,0.000,55947,28006,27941
1899,James Posey,2008,0.620,-0.470,3.890,-0.620,-4.510,-0.740,-0.470,0.680,0.330,0.350,-0.131,0.287,-0.418,-0.829,0.620,0.030,-1.950,0.280,1.340,0.110,0.820,-0.730,-0.450,-0.280,0.717,0.247,0.470,0.333,0.549,-0.013,-0.280,0.320,0.040,-0.000,40610,20300,20310
2745,Kirk Snyder,2008,1.750,0.930,0.080,0.020,-1.830,-0.010,0.560,0.870,1.170,-0.300,-0.094,0.082,-0.176,0.484,1.130,-0.110,0.300,-0.460,-1.420,-0.680,-0.280,-0.740,-0.630,-0.110,-0.291,0.068,-0.359,-0.199,0.776,-1.031,1.260,-1.230,0.030,-0.000,12724,6329,6395
200770,Jordan Farmar,2008,0.340,0.210,3.130,0.250,-3.460,0.140,2.810,1.100,1.560,-0.460,-0.523,-0.479,-0.044,-0.517,-1.380,0.200,0.060,0.410,1.320,0.350,0.980,-0.490,-0.280,-0.210,0.483,0.511,-0.028,-0.053,0.577,-0.007,0.060,-0.060,0.000,-0.000,12287,6132,6155
1952,Raja Bell,2008,-2.060,-0.190,1.850,0.200,0.210,0.350,0.480,0.280,0.020,0.260,0.105,0.153,-0.048,-1.215,1.290,0.300,-0.540,-0.240,-0.740,0.390,2.640,0.460,0.810,-0.350,0.224,-0.187,0.411,0.136,0.385,0.684,-0.830,0.820,-0.010,0.000,52060,26000,26060
2873,Billy Thomas,2008,-0.980,-0.820,1.150,0.280,-0.170,0.560,1.530,1.730,1.830,-0.100,0.519,0.411,0.108,-1.379,-0.530,-0.140,-0.420,-0.090,0.960,0.040,-0.030,-0.640,-0.380,-0.260,-0.146,-0.287,0.141,-0.114,2.249,-0.786,0.870,-0.900,-0.030,-0.000,1807,902,905
1444,Lawrence Funderburke,2008,-0.280,0.060,0.020,-0.030,0.250,-0.080,-0.350,0.060,0.160,-0.100,0.301,0.180,0.121,0.069,0.060,-0.130,-0.240,-0.030,0.170,-0.130,-0.040,-0.440,-0.250,-0.190,-0.143,-0.050,-0.093,0.113,0.361,-0.583,0.430,-0.470,-0.040,-0.000,166,84,82
2137,Ime Udoka,2008,-0.810,0.030,1.740,0.080,-0.930,0.310,-1.200,0.310,0.380,-0.070,0.091,0.134,-0.043,-0.981,0.570,-0.520,0.150,0.230,-0.720,-0.280,2.160,-0.650,-0.220,-0.430,0.091,0.110,-0.019,1.099,0.401,-0.559,-0.580,0.540,-0.040,0.000,13856,6896,6960
1513,Scot Pollard,2008,-1.000,-0.820,-0.250,0.230,1.250,0.250,-0.220,-0.650,-0.380,-0.270,-0.278,-0.167,-0.111,0.678,1.620,0.390,0.180,-0.470,-1.800,0.030,0.390,-0.050,0.270,-0.320,0.014,-0.079,0.093,0.216,-0.928,-0.036,-0.250,0.180,-0.080,-0.010,9533,4727,4806
2406,Caron Butler,2008,1.160,-0.550,-0.890,-0.150,-0.280,0.040,-0.520,0.800,0.280,0.520,0.196,0.127,0.069,-0.826,0.180,-0.880,-0.570,-0.130,0.390,-0.630,-0.350,-1.310,-1.170,-0.140,0.648,0.568,0.080,0.412,0.996,-0.662,0.170,-0.250,-0.080,0.000,50329,25172,25157
2060,Marko Jaric,2008,1.210,-0.370,-0.050,-0.830,-1.180,0.050,0.010,0.560,0.370,0.190,-0.443,-0.258,-0.185,-0.367,-1.340,0.060,0.160,0.330,1.200,-0.390,1.620,-0.540,-0.210,-0.330,0.858,0.328,0.530,-0.158,0.117,0.318,-0.250,0.160,-0.090,0.000,34008,16987,17021
101145,Monta Ellis,2008,1.630,1.370,-1.070,-0.380,-0.560,0.180,-0.990,0.360,0.350,0.010,0.588,0.743,-0.155,-0.908,-0.570,-0.780,-0.690,0.160,1.270,0.040,-0.550,-0.950,-0.830,-0.120,1.383,0.222,1.161,-0.573,0.948,0.433,0.040,-0.140,-0.100,-0.000,27549,13818,13731
2446,Rasual Butler,2008,-1.920,0.040,1.740,-0.320,0.180,-0.290,-1.280,-1.490,-1.070,-0.420,0.288,0.850,-0.562,-0.028,-0.400,1.210,-0.030,0.560,0.430,0.310,1.300,2.270,2.110,0.160,-0.542,-0.623,0.081,-0.628,-1.202,1.728,-1.230,1.100,-0.120,0.010,25678,12818,12860
1711,Raef LaFrentz,2008,1.140,0.160,1.220,-0.200,-2.360,0.980,2.560,0.670,1.030,-0.360,0.475,-0.151,0.626,-0.285,-1.110,0.050,0.660,-0.670,0.450,-0.130,-1.890,-0.830,-0.990,0.160,-0.018,-0.269,0.251,-0.152,1.145,-0.848,0.860,-1.000,-0.150,-0.010,20558,10308,10250
2758,David Harrison,2008,-0.310,-0.160,-1.010,0.410,1.320,0.190,-1.720,-1.560,-0.620,-0.940,-1.779,-0.688,-1.091,1.929,1.770,0.770,0.200,0.070,-1.970,-0.120,-0.120,1.230,1.230,0.000,-0.244,0.130,-0.374,0.264,-3.339,0.986,-1.410,1.250,-0.160,-0.000,10030,5015,5015
1887,Wally Szczerbiak,2008,-0.960,0.190,1.170,0.360,-0.200,-0.080,1.290,1.100,0.400,0.700,0.489,0.358,0.131,-0.639,-0.660,0.370,0.510,0.140,0.150,0.040,0.100,0.390,0.210,0.180,-1.128,-0.764,-0.364,-0.382,1.589,-0.738,0.950,-1.120,-0.170,0.000,34090,17097,16993
101204,Dwayne Jones,2008,-0.810,-0.120,0.560,0.590,0.260,-0.690,-1.570,-0.310,-0.090,-0.220,-1.024,-0.061,-0.963,1.764,0.120,0.200,-0.510,0.100,0.400,-0.110,0.240,-0.340,0.250,-0.590,0.112,0.092,0.020,-0.392,-1.334,-0.228,0.430,-0.620,-0.200,-0.010,2632,1310,1322
2423,Chris Jefferies,2008,-0.900,0.170,1.330,0.200,-0.430,-0.250,-0.060,0.470,0.490,-0.020,-0.152,-0.126,-0.026,-0.128,-0.040,-0.100,-0.190,0.040,0.230,-0.150,0.260,-0.700,-0.440,-0.260,-0.077,0.030,-0.107,0.397,0.318,-0.777,0.190,-0.380,-0.200,-0.010,752,372,380
2054,Jake Tsakalidis,2008,0.100,-0.660,-1.520,0.660,1.410,-0.180,-0.340,-1.020,-0.430,-0.590,-0.578,-0.000,-0.578,0.958,-0.230,0.250,0.740,0.200,-0.520,-0.260,-0.480,-0.360,-0.460,0.100,0.244,0.038,0.206,0.556,-1.598,-0.116,-0.640,0.440,-0.200,-0.000,7093,3546,3547
469,Jamal Mashburn,2008,-0.320,-0.540,-0.410,0.330,0.710,0.230,-2.040,-0.300,-0.150,-0.150,0.693,0.545,0.148,0.007,-0.350,0.240,0.130,-0.230,0.200,0.180,-0.720,0.080,0.110,-0.030,-0.613,-0.315,-0.298,-0.067,0.393,-0.533,0.400,-0.600,-0.200,0.000,2662,1330,1332
686,Antonio McDyess,2008,-2.850,-0.160,-2.250,0.860,5.110,-0.220,3.470,-1.400,-0.580,-0.820,-0.251,-0.661,0.410,1.491,-0.340,-0.820,0.900,0.370,-0.560,-0.090,-0.120,-0.590,-0.410,-0.180,0.237,0.389,-0.152,0.303,-1.651,-0.353,-0.160,-0.050,-0.200,0.010,36095,18055,18040
1760,Derrick Dial,2008,-0.160,-0.180,0.050,-0.200,0.100,-0.010,-1.040,-0.590,-0.460,-0.130,0.180,0.031,0.149,0.360,-0.110,-0.010,-0.120,0.060,0.240,0.010,0.020,-0.030,0.110,-0.140,-0.155,0.015,-0.170,0.025,-0.410,-0.185,-0.050,-0.160,-0.210,0.000,296,148,148
2038,Joel Przybilla,2008,-1.320,-0.000,-1.550,0.520,2.860,-0.220,-0.340,-2.180,-1.080,-1.100,-1.289,-0.752,-0.537,1.629,-0.010,1.290,1.160,-0.280,-1.160,0.010,-0.570,2.490,1.840,0.650,-1.074,-0.569,-0.505,0.194,-3.469,1.416,-1.840,1.610,-0.230,0.000,21908,10906,11002
1765,Torraye Braggs,2008,-0.280,-0.320,0.500,0.200,-0.220,-0.270,-0.680,0.020,0.140,-0.120,-0.399,-0.135,-0.264,0.219,0.360,-0.030,-0.430,-0.020,0.070,-0.070,0.050,-0.100,0.090,-0.190,0.192,0.024,0.168,-0.152,-0.379,0.092,-0.160,-0.060,-0.230,-0.010,594,294,300
201149,Joakim Noah,2008,2.040,-1.050,-1.790,-0.040,-0.260,-0.760,-0.760,-1.730,-1.720,-0.010,-0.302,-0.082,-0.220,1.622,-0.570,0.480,-0.480,-0.070,1.050,-0.120,-0.970,0.160,0.000,0.160,0.231,0.191,0.040,-0.221,-2.032,0.391,-0.410,0.170,-0.240,-0.000,5805,2892,2913
2208,Kedrick Brown,2008,-0.650,-0.380,0.470,-0.070,0.170,-0.060,-0.210,-0.010,-0.120,0.110,0.296,-0.202,0.498,-0.176,-0.140,-0.060,-0.340,-0.280,0.480,0.300,-1.430,-0.060,-0.240,0.180,0.055,0.090,-0.035,-0.335,0.286,-0.005,0.110,-0.340,-0.240,-0.010,3786,1894,1892
1052,Ben Handlogten,2008,1.100,-0.040,-0.640,0.260,-0.480,0.050,0.840,0.830,0.940,-0.110,-0.620,-0.266,-0.354,0.970,0.220,-0.510,-0.270,-0.110,0.040,-0.100,-0.760,-1.650,-1.100,-0.550,0.018,0.160,-0.142,0.212,0.210,-1.632,1.180,-1.420,-0.240,-0.000,1641,819,822
201162,Jared Dudley,2008,1.240,0.120,-1.590,0.060,0.350,-0.880,-2.230,-1.030,-1.010,-0.020,-0.171,-0.261,0.090,1.821,0.350,-0.330,-0.550,0.140,0.200,0.040,0.420,-0.670,-0.560,-0.110,-0.346,-0.211,-0.135,0.136,-1.201,-1.016,0.620,-0.880,-0.250,0.010,5107,2558,2549
2735,Josh Childress,2008,4.030,-0.930,-1.880,-0.240,-2.150,-0.400,-2.600,0.920,-0.010,0.930,-0.456,-0.057,-0.399,1.846,-2.230,0.710,0.360,-0.120,1.870,-0.670,0.430,-1.480,-1.320,-0.160,-0.757,-0.125,-0.632,-0.343,0.464,-2.237,2.310,-2.580,-0.270,-0.000,33669,16816,16853
201153,Julian Wright,2008,0.830,0.670,-1.460,0.060,0.610,0.070,0.160,0.850,0.810,0.040,-0.120,-0.400,0.280,0.290,0.100,-0.070,-0.800,-0.110,0.700,-0.290,-0.790,-1.130,-1.310,0.180,-0.147,-0.100,-0.047,-0.003,0.730,-1.277,1.020,-1.280,-0.270,-0.010,2745,1371,1374
2570,Kendrick Perkins,2008,-0.020,0.340,-1.780,-0.260,1.800,0.560,-1.120,-1.890,-0.930,-0.960,-1.226,-0.382,-0.844,1.006,0.250,0.480,0.690,-0.480,-0.940,0.960,-0.520,1.870,1.660,0.210,-0.181,0.024,-0.205,0.151,-3.116,1.689,-2.110,1.840,-0.270,-0.000,22608,11293,11315
2679,Matt Carroll,2008,-0.520,-1.330,1.670,0.000,-1.160,-0.230,-0.230,0.470,-0.160,0.630,0.739,0.497,0.242,-0.719,-1.220,0.020,-0.530,0.370,1.750,-0.200,1.830,-1.190,-0.420,-0.770,0.106,0.430,-0.324,0.324,1.209,-1.084,0.490,-0.760,-0.280,-0.010,21353,10682,10671
446,Lucious Harris,2008,-1.500,0.060,-0.110,-0.460,1.610,-0.320,0.900,-0.240,-0.490,0.250,0.443,-0.010,0.453,-1.003,0.100,0.360,0.210,0.080,-0.310,0.520,1.450,0.360,0.620,-0.260,0.545,0.079,0.466,-0.385,0.203,0.905,-0.800,0.520,-0.280,-0.000,10182,5072,5110
200809,Chris Quinn,2008,-2.770,-0.480,2.570,0.710,0.190,-0.260,0.520,0.440,0.690,-0.250,0.696,0.326,0.370,-0.536,0.970,-0.140,-0.960,-0.070,-0.010,-0.350,-0.850,-0.110,-0.080,-0.030,0.178,0.288,-0.110,-0.988,1.136,0.068,0.600,-0.920,-0.320,0.000,6183,3099,3084
200816,Jorge Garbajosa,2008,-1.910,1.030,0.080,-0.100,1.830,0.360,1.070,-0.750,0.020,-0.770,0.370,0.535,-0.165,-0.790,-0.140,-0.090,-0.480,0.070,0.620,-0.320,0.340,0.570,0.000,0.570,0.225,0.094,0.131,0.055,-0.380,0.795,-1.170,0.850,-0.320,0.000,7499,3750,3749
2591,James Lang,2008,-0.230,-0.060,0.120,0.060,0.100,0.060,-0.330,0.300,0.390,-0.090,0.080,0.110,-0.030,-0.120,0.110,-0.160,-0.360,0.010,0.250,-0.020,-0.300,-0.290,-0.130,-0.160,-0.188,-0.132,-0.056,-0.102,0.380,-0.478,0.260,-0.580,-0.320,-0.000,174,87,87
2564,Boris Diaw,2008,-0.060,1.060,0.530,0.660,-0.460,-0.280,0.700,0.240,0.670,-0.430,-0.735,-0.482,-0.253,-0.605,-0.180,-0.060,0.840,0.160,-0.660,0.030,2.530,0.970,0.620,0.350,-0.164,-0.091,-0.073,-0.026,-0.495,0.806,-1.100,0.780,-0.330,-0.010,45155,22583,22572
692,Andrew DeClercq,2008,-0.900,-0.700,-0.800,0.380,1.690,0.060,0.160,-1.360,-0.440,-0.920,-0.286,-0.152,-0.134,1.206,0.800,-0.260,-0.000,0.000,-0.810,-0.300,0.180,0.960,0.800,0.160,0.124,0.062,0.062,-0.974,-1.646,1.084,-0.440,0.110,-0.330,0.000,4595,2275,2320
2667,Desmond Penigar,2008,-0.240,-0.070,-0.180,-0.040,0.410,0.160,-0.810,-0.180,0.010,-0.190,0.003,0.086,-0.083,-0.013,-0.150,-0.170,-0.210,0.020,0.370,-0.060,-0.050,-0.270,-0.170,-0.100,0.026,0.002,0.024,0.104,-0.177,-0.244,-0.190,-0.140,-0.330,0.000,322,165,157
923,Donyell Marshall,2008,-0.240,0.460,5.050,0.640,-4.800,-0.770,1.740,0.740,1.080,-0.340,-0.151,-0.096,-0.055,-0.029,-0.350,0.570,0.360,0.420,-0.000,-0.170,0.540,0.210,0.370,-0.160,-0.284,-0.035,-0.249,-0.826,0.589,-0.074,0.560,-0.900,-0.340,0.000,32659,16363,16296
200822,Pops Mensah-Bonsu,2008,-0.030,-0.040,0.130,-0.060,-0.110,-0.100,-0.790,-0.210,-0.080,-0.130,0.093,0.131,-0.038,0.067,0.200,-0.190,-0.220,-0.050,0.020,0.020,-0.350,-0.300,-0.200,-0.100,-0.082,-0.035,-0.047,0.072,-0.117,-0.382,-0.050,-0.310,-0.360,0.000,270,135,135
1723,Matt Harpring,2008,1.000,-0.000,-1.900,-0.470,0.890,-0.500,1.140,-0.310,-0.650,0.340,-0.566,-0.439,-0.127,2.286,1.120,-0.260,-1.690,-0.270,0.580,-0.140,0.860,-2.170,-0.940,-1.230,0.038,-0.304,0.342,0.362,-0.876,-2.132,1.410,-1.770,-0.360,-0.000,35260,17606,17654
101160,Lawrence Roberts,2008,1.290,-0.590,-1.050,0.060,-0.250,-0.420,0.410,-1.130,-1.200,0.070,-0.248,-0.330,0.082,1.178,-0.810,-0.100,0.820,-0.540,-0.020,-0.130,-1.010,-0.520,-0.780,0.260,0.337,0.085,0.252,0.013,-1.378,-0.183,-0.200,-0.170,-0.370,-0.000,4287,2146,2141
200839,Mike Harris,2008,0.510,-0.010,-0.240,-0.040,-0.300,-0.250,-0.680,-0.550,-0.250,-0.300,0.208,0.036,0.172,0.262,-0.080,-0.110,-0.230,0.030,0.320,0.010,0.320,-0.020,0.090,-0.110,-0.097,0.082,-0.179,-0.193,-0.342,-0.117,-0.080,-0.310,-0.390,0.000,587,296,291
200767,Josh Boone,2008,3.770,-1.060,-2.160,0.940,-1.590,-1.060,1.500,-0.270,0.220,-0.490,-0.784,-0.773,-0.011,1.734,-1.550,0.010,0.490,-0.110,1.060,-0.040,-1.730,0.110,-0.130,0.240,-0.571,-0.252,-0.319,-0.619,-1.054,-0.461,0.680,-1.080,-0.390,0.010,9625,4808,4817
1496,Keith Van Horn,2008,0.380,-1.540,1.700,0.720,-2.080,0.370,-0.390,0.680,0.120,0.560,-0.610,0.146,-0.756,-0.390,-0.160,-0.080,0.780,0.690,-0.630,0.020,2.370,0.570,0.960,-0.390,-0.359,-0.418,0.059,-0.291,0.070,0.211,-0.320,-0.080,-0.410,-0.010,19607,9817,9790
101153,Mickael Gelabale,2008,-0.200,0.430,-0.790,-0.420,0.990,-0.520,-1.680,-0.860,-0.820,-0.040,0.136,0.037,0.099,0.574,-0.560,0.020,0.180,-0.310,0.390,0.560,0.040,0.060,0.180,-0.120,-0.012,0.085,-0.097,-0.318,-0.724,0.048,-0.150,-0.270,-0.420,0.000,6383,3186,3197
2757,Beno Udrih,2008,0.490,-0.680,1.140,0.180,-1.640,-0.030,1.540,0.760,0.510,0.250,0.113,0.121,-0.008,-0.893,-1.240,0.110,1.060,0.070,0.180,0.130,1.490,0.510,0.680,-0.170,-0.267,-0.011,-0.256,-0.653,0.873,0.243,-0.020,-0.410,-0.420,0.010,18645,9303,9342
200814,Tarence Kinsey,2008,-0.220,0.220,-1.850,-0.400,2.070,0.720,-1.580,0.550,0.310,0.240,-0.470,-0.240,-0.230,-0.130,-0.130,0.140,-0.380,-0.360,0.520,-0.270,-0.460,-0.660,-0.550,-0.110,0.265,0.476,-0.211,0.015,0.080,-0.395,-0.050,-0.380,-0.420,0.010,4077,2048,2029
2551,T.J. Ford,2008,1.200,-0.950,-1.230,0.340,0.020,0.170,-1.710,-0.700,-1.020,0.320,0.195,-0.227,0.422,-0.435,0.770,0.670,-0.700,0.020,-0.060,-0.430,-0.250,0.410,0.190,0.220,0.141,0.073,0.068,-0.041,-0.505,0.551,-0.940,0.510,-0.430,0.000,29517,14783,14734
2420,Nenad Krstic,2008,-1.840,0.100,-1.770,0.010,3.610,0.790,1.790,-0.800,-0.330,-0.470,0.007,-0.007,0.014,-0.097,1.030,0.090,0.220,-0.640,-1.250,-0.040,-2.320,0.530,-0.180,0.710,-0.136,-0.234,0.098,0.066,-0.793,0.394,-0.890,0.460,-0.430,0.000,24512,12269,12243
201150,Spencer Hawes,2008,-0.640,0.100,-1.500,0.350,2.140,0.420,-1.280,2.030,1.890,0.140,-0.479,-0.156,-0.323,-0.961,-0.020,-0.440,-0.030,-0.190,0.040,0.090,-0.400,-0.880,-0.610,-0.270,-0.143,-0.010,-0.133,0.003,1.551,-1.023,0.590,-1.020,-0.430,0.000,3595,1793,1802
2764,Donta Smith,2008,0.310,-0.050,-0.380,-0.030,0.060,-0.030,0.120,0.530,0.650,-0.120,-0.127,-0.089,-0.038,-0.443,-0.390,-0.600,-0.370,0.080,0.760,0.060,0.880,-0.990,-0.480,-0.510,0.527,0.273,0.254,0.063,0.403,-0.463,-0.040,-0.400,-0.440,0.000,1963,977,986
353,Darrell Armstrong,2008,-1.600,-0.470,4.660,-1.030,-3.050,-0.060,0.990,1.120,0.870,0.250,-0.996,-0.408,-0.588,-0.614,-0.980,-0.450,-0.300,0.520,1.280,0.190,2.110,-1.620,-1.000,-0.620,1.541,0.727,0.814,0.129,0.124,-0.079,-0.490,0.050,-0.440,-0.000,21727,10834,10893
200753,Patrick O'Bryant,2008,-0.290,0.190,-0.430,0.460,0.720,0.000,0.150,1.050,1.210,-0.160,-0.277,-0.369,0.092,-0.133,0.090,-0.200,-0.620,-0.220,0.540,-0.080,-0.670,-1.360,-1.140,-0.220,0.070,0.135,-0.065,0.190,0.773,-1.290,0.640,-1.100,-0.460,0.000,975,491,484
201174,Nick Fazekas,2008,-0.800,-0.030,-0.270,-0.220,1.080,0.250,-1.430,-0.720,-0.440,-0.280,-0.234,0.011,-0.245,0.484,-0.090,-0.170,-0.170,0.280,0.250,0.020,0.130,0.620,0.670,-0.050,-0.277,-0.049,-0.228,-0.333,-0.954,0.343,-0.470,0.010,-0.460,0.000,972,492,480
2050,Morris Peterson,2008,-1.410,-0.260,2.880,0.100,-1.470,0.310,0.560,-0.210,0.100,-0.310,0.821,0.494,0.327,-0.301,-0.720,-1.020,1.210,-0.130,-0.480,-0.530,0.860,-0.740,-0.540,-0.200,-0.001,-0.050,0.049,-0.039,0.611,-0.741,0.310,-0.780,-0.470,0.000,43079,21523,21556
2585,Zaza Pachulia,2008,1.840,-0.900,-2.380,0.840,0.550,-0.270,-0.000,-0.060,0.050,-0.110,-0.774,-0.136,-0.638,0.264,-0.400,-0.940,0.330,0.390,0.070,-0.720,-1.690,-0.550,-1.090,0.540,0.446,0.405,0.041,0.204,-0.834,-0.104,-0.570,0.100,-0.470,0.000,27819,13923,13896
970,Othella Harrington,2008,-2.820,-0.260,-1.110,0.280,3.930,0.350,1.280,-0.770,-0.140,-0.630,-0.752,-0.057,-0.695,-0.258,1.150,-0.000,0.710,0.270,-1.860,0.350,0.420,0.880,0.870,0.010,0.138,-0.147,0.285,0.292,-1.522,1.018,-1.780,1.310,-0.470,0.000,12724,6372,6352
101181,Jose Calderon,2008,0.460,-0.230,2.410,0.260,-2.860,0.590,2.270,1.130,0.700,0.430,0.747,0.463,0.284,-0.637,-1.060,-0.680,-1.460,-0.120,2.530,-0.830,-2.270,-2.140,-1.740,-0.400,0.140,0.176,-0.036,0.270,1.877,-2.000,1.240,-1.730,-0.490,0.000,21793,10919,10874
754,Jim Jackson,2008,-3.130,0.410,3.750,0.140,-0.620,-0.700,-0.910,-0.330,0.070,-0.400,-0.754,-0.346,-0.408,-0.636,1.250,1.100,-0.300,0.330,-0.950,0.970,2.080,1.790,1.990,-0.200,-0.676,-0.335,-0.341,0.116,-1.084,1.114,-1.720,1.230,-0.490,0.000,23598,11804,11794
93,Hubert Davis,2008,-0.240,0.020,-0.070,-0.020,0.300,-0.110,0.010,-0.160,-0.020,-0.140,0.188,0.271,-0.083,-0.108,-0.030,-0.230,-0.080,-0.010,0.100,0.050,0.230,-0.200,-0.090,-0.110,-0.117,-0.036,-0.081,-0.093,0.028,-0.317,-0.080,-0.410,-0.500,-0.010,228,113,115
2032,Darius Miles,2008,1.900,0.760,-2.710,-0.060,0.810,-0.140,-1.160,0.070,0.700,-0.630,-0.606,-0.159,-0.447,-0.884,-0.400,1.360,-0.170,0.620,0.570,0.350,0.280,2.670,2.290,0.380,-0.330,0.384,-0.714,-1.430,-0.536,2.340,-1.420,0.910,-0.500,0.010,18460,9221,9239
2501,Reggie Evans,2008,-1.930,-1.870,-0.290,0.200,2.220,-0.500,-1.360,-3.710,-1.990,-1.720,-0.636,-0.103,-0.533,3.156,0.000,-1.390,0.080,-0.410,-0.080,0.120,-1.590,-0.610,-0.800,0.190,0.595,0.122,0.473,0.705,-4.346,-0.015,-1.190,0.690,-0.500,-0.000,29422,14650,14772
201192,Taurean Green,2008,0.020,0.140,0.130,-0.080,-0.170,-0.070,-0.130,-0.070,-0.050,-0.020,-0.122,-0.024,-0.098,0.262,-0.200,-0.220,-0.110,0.040,0.280,-0.110,-0.210,-0.500,-0.350,-0.150,-0.086,-0.008,-0.078,0.016,-0.192,-0.586,0.070,-0.570,-0.500,0.000,284,141,143
1507,Derek Anderson,2008,-0.590,-0.310,2.720,-0.250,-2.140,-0.240,-0.090,-0.250,-0.700,0.450,-0.008,0.220,-0.228,-0.062,-0.240,-0.050,-0.450,-0.140,0.690,0.830,-0.090,-0.440,-0.300,-0.140,0.438,0.171,0.267,-0.188,-0.258,-0.002,-0.320,-0.190,-0.500,0.010,20981,10492,10489
2724,Desmond Ferguson,2008,-0.260,0.010,0.280,-0.050,-0.030,0.010,-0.580,-0.230,-0.020,-0.210,-0.102,0.034,-0.136,-0.018,0.020,-0.110,-0.220,0.020,0.200,-0.030,-0.040,-0.230,-0.090,-0.140,-0.067,-0.039,-0.028,0.137,-0.332,-0.297,-0.350,-0.160,-0.510,0.000,97,51,46
2569,Ndudi Ebi,2008,0.200,-0.100,-0.280,-0.090,0.060,-0.070,-0.450,-0.590,-0.310,-0.280,0.199,-0.019,0.218,0.421,0.110,-0.220,-0.390,0.020,0.290,-0.060,-0.230,-0.350,-0.230,-0.120,-0.162,-0.051,-0.111,-0.028,-0.391,-0.512,0.030,-0.540,-0.510,0.000,294,144,150
2230,Maurice Evans,2008,-0.800,-0.220,1.750,0.410,-0.940,-0.210,-0.120,-0.440,0.160,-0.600,-0.031,-0.120,0.089,1.151,-0.110,-0.460,0.230,0.120,-0.120,-0.600,-0.230,-1.030,-0.820,-0.210,-0.145,0.185,-0.330,-0.015,-0.471,-1.175,0.680,-1.190,-0.510,0.000,23585,11766,11819
1763,Ryan Bowen,2008,-0.540,-2.050,-2.040,-0.120,2.580,-0.910,-1.480,-3.590,-3.180,-0.410,0.774,0.754,0.020,0.776,0.890,0.750,-0.120,0.300,-0.770,0.120,1.110,0.970,1.370,-0.400,0.098,0.222,-0.124,0.452,-2.816,1.068,-2.040,1.520,-0.530,-0.010,8651,4256,4395
200793,Dee Brown,2008,1.020,-0.030,-0.390,-0.500,-0.650,-0.320,0.590,-0.780,-0.410,-0.370,-0.257,-0.329,0.072,0.647,0.500,-0.330,-0.410,0.080,-0.100,-0.100,0.520,-0.590,-0.210,-0.380,-0.252,-0.105,-0.147,0.712,-1.037,-0.842,-0.390,-0.130,-0.530,-0.010,1807,901,906
101162,Marcin Gortat,2008,-0.100,-0.090,0.240,-0.080,-0.150,0.000,0.410,-0.060,0.200,-0.260,0.223,0.126,0.097,-0.243,-0.040,-0.210,-0.180,-0.070,0.210,-0.160,-0.290,-0.620,-0.570,-0.050,-0.020,-0.035,0.015,0.170,0.163,-0.640,-0.080,-0.470,-0.550,-0.000,302,146,156
2784,Luis Flores,2008,-0.190,-0.010,0.080,0.080,0.100,-0.020,0.010,-0.160,0.100,-0.260,-0.093,0.240,-0.333,0.033,-0.100,-0.160,-0.180,-0.010,0.290,-0.020,-0.210,-0.330,-0.230,-0.100,-0.019,-0.083,0.064,0.019,-0.253,-0.349,-0.220,-0.330,-0.550,0.000,348,178,170
677,Eric Williams,2008,-0.640,-1.990,0.000,0.020,0.630,0.300,-2.360,-0.640,-0.950,0.310,-0.156,0.299,-0.455,-0.364,0.750,0.120,0.150,-0.230,-0.900,0.560,0.850,0.920,1.290,-0.370,-0.273,-0.262,-0.011,-0.037,-0.796,0.647,-1.160,0.610,-0.560,-0.010,13802,6883,6919
1944,Eddie Robinson,2008,-0.550,-0.860,-2.120,0.160,2.660,0.550,0.640,-0.350,-0.080,-0.270,0.317,0.442,-0.125,-0.027,-1.010,0.090,-0.010,-0.210,1.030,0.460,-0.590,-0.800,-0.190,-0.610,0.457,0.428,0.029,-0.157,-0.033,-0.343,-0.060,-0.500,-0.560,-0.000,3843,1926,1917
2824,Desmon Farmer,2008,-0.180,0.030,0.190,-0.120,-0.020,0.160,-0.010,-0.160,0.020,-0.180,0.050,0.020,0.030,-0.090,-0.040,-0.190,-0.270,0.010,0.320,-0.060,-0.330,-0.510,-0.360,-0.150,-0.009,0.011,-0.020,0.159,-0.110,-0.519,-0.200,-0.360,-0.570,-0.010,127,66,61
200829,Ivan McFarlin,2008,-0.280,-0.130,-0.080,-0.090,0.360,0.160,-0.480,-0.060,0.050,-0.110,0.043,0.079,-0.036,-0.093,0.020,-0.100,-0.220,-0.060,0.210,-0.200,-0.210,-0.620,-0.470,-0.150,0.041,0.021,0.020,0.119,-0.017,-0.579,-0.110,-0.460,-0.570,0.000,146,75,71
2746,Josh Smith,2008,4.610,0.800,-2.480,-1.370,-2.140,-1.240,0.560,-1.060,-1.000,-0.060,-0.844,-0.953,0.109,0.954,-0.980,1.680,0.000,-0.870,0.970,-0.290,-0.860,0.740,0.360,0.380,0.033,0.171,-0.138,-0.403,-1.904,0.773,-0.950,0.370,-0.580,0.000,38269,19086,19183
2891,Mark Jones,2008,0.050,-0.350,-0.310,-0.110,0.250,-0.100,-0.460,-1.010,-0.610,-0.400,0.046,0.065,-0.019,0.994,0.020,-0.100,-0.280,-0.010,0.260,-0.140,-0.280,-0.690,-0.470,-0.220,-0.047,0.041,-0.088,0.127,-0.964,-0.737,0.030,-0.610,-0.580,0.000,435,220,215
1049,Shane Heal,2008,-0.370,-0.340,0.350,-0.120,0.010,0.030,-0.370,-0.750,-0.590,-0.160,0.188,0.183,0.005,0.182,0.050,-0.120,-0.240,0.040,0.190,-0.000,0.170,-0.110,0.030,-0.140,0.011,0.096,-0.085,-0.101,-0.562,-0.099,-0.380,-0.200,-0.580,0.000,246,125,121
201175,Glen Davis,2008,0.040,-0.650,0.190,0.140,-0.220,-0.490,-0.410,-0.560,-0.580,0.020,-0.987,0.233,-1.220,0.417,0.540,-0.300,-0.590,0.270,0.030,0.350,0.620,0.120,0.270,-0.150,0.148,-0.067,0.215,0.282,-1.547,0.268,-1.130,0.550,-0.590,-0.010,3861,1899,1962
200970,Renaldo Major,2008,0.020,-0.250,0.030,0.040,-0.070,-0.030,-0.690,-0.430,-0.280,-0.150,-0.054,0.078,-0.132,0.154,0.090,-0.140,-0.260,-0.040,0.160,-0.100,-0.400,-0.410,-0.310,-0.100,0.002,0.029,-0.027,0.138,-0.484,-0.408,-0.330,-0.270,-0.600,0.000,118,60,58
2546,Carmelo Anthony,2008,3.300,1.650,-1.100,-0.590,-2.200,-0.360,0.960,2.720,1.710,1.010,-0.489,-0.291,-0.198,-0.791,-0.910,-0.770,-0.070,-0.140,0.970,-0.510,-1.870,-1.830,-1.540,-0.290,0.175,0.041,0.134,-0.395,2.231,-1.655,1.440,-2.050,-0.610,-0.000,57227,28628,28599
201167,Arron Afflalo,2008,0.600,0.130,-1.940,-0.290,1.340,-0.820,-3.200,-1.830,-1.980,0.150,-0.154,0.181,-0.335,0.434,0.050,0.300,-0.280,0.440,0.210,0.110,1.290,0.530,0.950,-0.420,-0.320,-0.287,-0.033,0.710,-1.984,0.210,-1.550,0.920,-0.620,0.010,3877,1936,1941
101149,Martynas Andriuskevicius,2008,-0.260,0.010,-0.010,-0.040,0.260,0.030,-0.660,-0.060,0.040,-0.100,-0.062,0.004,-0.066,-0.138,-0.020,-0.130,-0.220,-0.040,0.240,-0.120,-0.130,-0.430,-0.320,-0.110,0.021,-0.010,0.031,0.039,-0.122,-0.409,-0.260,-0.370,-0.630,-0.000,29,16,13
2857,Andre Barrett,2008,0.160,-0.690,0.750,-0.030,-0.910,-0.040,-1.080,-1.320,-0.800,-0.520,0.020,0.279,-0.259,1.420,0.460,-0.320,-0.580,0.150,0.120,-0.300,-0.970,-0.750,-0.440,-0.310,-0.276,-0.441,0.165,0.276,-1.300,-1.026,0.120,-0.750,-0.640,-0.010,3047,1521,1526
101211,Stephen Graham,2008,1.590,-0.560,-0.280,-0.210,-1.340,0.470,-1.360,0.490,0.250,0.240,-0.055,0.375,-0.430,-0.295,0.040,-0.500,-0.780,-0.110,0.750,-0.060,-0.070,-1.160,-0.950,-0.210,0.252,0.051,0.201,0.138,0.435,-0.908,0.140,-0.770,-0.640,-0.010,1821,904,917
2580,Travis Hansen,2008,0.180,-0.430,-0.240,-0.020,0.040,-0.020,-1.530,0.550,0.320,0.230,0.192,0.438,-0.246,-0.482,-0.260,0.140,-0.680,-0.130,0.960,-0.300,-0.090,-1.150,-0.610,-0.540,0.058,-0.100,0.158,0.192,0.742,-1.092,0.260,-0.900,-0.640,-0.000,1875,933,942
201177,Josh McRoberts,2008,-0.020,-0.030,-0.100,-0.130,0.110,0.060,-0.410,-0.460,-0.200,-0.260,-0.015,0.044,-0.059,0.005,0.070,-0.120,-0.340,-0.020,0.270,-0.050,-0.200,-0.250,-0.170,-0.080,0.038,-0.007,0.045,0.042,-0.475,-0.212,-0.470,-0.170,-0.650,-0.010,97,48,49
201181,Chris Richard,2008,0.310,-0.190,-0.440,0.180,0.120,-0.360,-2.540,-0.470,-0.220,-0.250,-0.464,0.049,-0.513,1.374,0.450,-0.440,-0.470,0.120,0.020,-0.240,-0.090,-1.050,-0.940,-0.110,-0.163,-0.086,-0.077,0.123,-0.934,-1.213,0.440,-1.090,-0.650,-0.000,2054,1025,1029
252,Karl Malone,2008,2.260,-0.080,-2.850,-0.480,0.580,-0.020,-0.920,1.010,0.390,0.620,-0.974,-0.862,-0.112,-1.466,-0.070,-0.020,-0.030,0.140,0.110,0.140,0.490,0.600,0.190,0.410,0.432,0.219,0.213,-0.262,0.036,1.032,-1.430,0.770,-0.660,-0.000,8186,4105,4081
731,Greg Ostertag,2008,0.390,-0.950,-2.350,-0.360,1.940,-0.790,-1.320,-2.560,-1.650,-0.910,-1.333,-1.133,-0.200,1.303,2.690,1.050,0.390,0.070,-3.070,0.340,1.510,2.530,2.630,-0.100,-0.345,-0.130,-0.215,-0.265,-3.893,2.185,-2.590,1.920,-0.670,0.000,12524,6239,6285
2260,Jarron Collins,2008,-0.750,-1.270,-2.690,-1.200,3.430,-0.740,-1.760,-2.580,-2.770,0.190,-0.250,0.039,-0.289,0.650,1.720,-0.120,-0.590,-0.130,-1.130,-0.480,0.570,-1.350,-0.830,-0.520,1.292,-0.279,1.571,1.538,-2.830,-0.058,-2.180,1.480,-0.700,0.000,22068,11022,11046
891,Charles Oakley,2008,-0.150,-0.060,-0.010,0.020,0.150,0.070,-0.840,-0.010,0.080,-0.090,-0.053,0.071,-0.124,-0.027,0.020,-0.110,-0.280,-0.080,0.260,-0.100,-0.110,-0.610,-0.410,-0.200,-0.013,0.006,-0.019,0.013,-0.063,-0.623,-0.090,-0.610,-0.700,0.000,97,50,47
779,Glen Rice,2008,-0.600,0.080,0.520,-0.410,0.080,-0.060,-0.760,-0.480,-0.570,0.090,-0.390,0.112,-0.502,0.290,0.040,-0.160,-0.200,0.090,0.160,0.000,0.000,-0.210,-0.020,-0.190,-0.010,-0.017,0.007,0.090,-0.870,-0.220,-0.580,-0.130,-0.700,0.010,929,469,460
1504,Danny Fortson,2008,0.730,-0.720,-0.880,-0.280,0.150,-0.020,-3.650,-1.490,-1.600,0.110,-1.431,0.446,-1.877,2.701,0.680,-0.270,-0.260,0.150,-0.430,-0.540,-0.690,-1.180,-0.810,-0.370,-0.199,-0.477,0.278,0.889,-2.921,-1.379,-0.220,-0.490,-0.710,0.000,8033,3994,4039
2559,Troy Bell,2008,-0.130,-0.060,-0.020,-0.070,0.140,0.020,-0.380,-0.140,-0.180,0.040,-0.066,0.099,-0.165,-0.134,-0.090,-0.110,-0.210,-0.040,0.300,-0.060,-0.130,-0.620,-0.350,-0.270,-0.019,-0.071,0.052,0.259,-0.206,-0.639,-0.340,-0.380,-0.720,0.000,141,70,71
2221,Raul Lopez,2008,1.820,-0.180,-0.630,-0.160,-1.200,-0.390,0.310,0.020,0.080,-0.060,-0.919,-0.568,-0.351,-1.291,0.450,0.150,-0.560,0.520,0.120,-0.220,1.920,-0.240,0.270,-0.510,0.773,-0.260,1.033,0.937,-0.899,0.533,-2.190,1.470,-0.720,-0.000,7706,3840,3866
1519,John Thomas,2008,-0.520,-0.040,-1.110,0.020,1.630,0.660,0.030,-0.930,-0.070,-0.860,-0.605,-0.634,0.029,1.155,-0.000,-0.420,0.200,0.050,-0.200,-0.010,-0.180,-0.540,-0.490,-0.050,0.024,0.439,-0.415,0.166,-1.535,-0.516,-0.380,-0.350,-0.730,0.000,2552,1269,1283
201160,Jason Smith,2008,0.150,0.220,-0.640,-0.120,0.490,-0.910,-0.920,-2.200,-1.490,-0.710,0.360,0.296,0.064,1.660,-1.050,0.310,0.090,-0.040,0.950,-0.490,-1.260,-1.520,-1.400,-0.120,0.484,0.122,0.362,0.486,-1.840,-1.036,-0.180,-0.550,-0.730,0.000,4364,2194,2170
389,Toni Kukoc,2008,1.480,0.160,3.420,-1.220,-4.890,0.430,3.660,0.790,0.630,0.160,0.457,-0.133,0.590,-1.337,-0.890,-0.630,-0.770,0.100,1.650,0.460,0.060,-0.250,-0.290,0.040,0.020,0.496,-0.476,-0.420,1.247,-0.230,-0.090,-0.650,-0.740,-0.000,14086,7058,7028
84,Latrell Sprewell,2008,-2.770,0.520,0.720,-0.180,2.030,0.730,1.420,0.720,0.780,-0.060,-0.154,-0.136,-0.018,-0.616,-0.170,0.410,0.750,-0.210,-0.570,0.600,-0.670,0.090,0.040,0.050,-0.608,-0.200,-0.408,-0.182,0.566,-0.518,-0.050,-0.700,-0.740,0.010,22989,11520,11469
1917,Wang Zhi-zhi,2008,0.060,-0.280,0.240,0.030,-0.320,0.160,-0.380,0.060,0.450,-0.390,-0.325,-0.033,-0.292,-0.125,-0.100,-0.160,-0.310,0.170,0.410,0.100,0.530,0.420,0.590,-0.170,-0.388,-0.131,-0.257,-0.392,-0.265,0.032,-0.390,-0.360,-0.750,0.000,736,363,373
2839,James Thomas,2008,-0.150,-0.030,0.190,0.050,-0.050,-0.560,-1.040,-0.030,-0.060,0.030,-0.133,0.059,-0.192,0.223,-0.010,-0.370,-0.140,0.080,0.140,-0.120,-0.230,-0.870,-0.620,-0.250,-0.085,-0.087,0.002,0.135,-0.163,-0.955,0.060,-0.820,-0.760,0.000,977,481,496
200799,Guillermo Diaz,2008,-0.220,0.060,-0.040,-0.060,0.260,-0.100,-0.680,-0.400,-0.270,-0.130,0.186,0.125,0.061,0.044,-0.020,-0.170,-0.260,-0.070,0.280,-0.020,-0.430,-0.500,-0.370,-0.130,-0.057,-0.008,-0.049,-0.033,-0.214,-0.557,-0.170,-0.590,-0.760,0.000,63,32,31
2696,Lynn Greer,2008,-0.380,-0.190,1.020,0.480,-0.630,0.010,1.380,0.700,1.100,-0.400,-0.122,-0.508,0.386,-0.178,-0.110,-0.500,-0.220,-0.040,0.320,0.020,-1.550,-1.120,-1.080,-0.040,-0.034,0.103,-0.137,-0.006,0.578,-1.154,0.400,-1.160,-0.760,0.000,1619,811,808
101189,James Singleton,2008,-0.850,0.140,-0.800,0.140,1.640,-0.800,-0.780,-1.640,-1.120,-0.520,0.111,-0.177,0.288,1.119,0.270,0.310,-0.820,-0.230,0.550,-0.100,-0.230,-0.280,0.070,-0.350,-0.127,-0.270,0.143,0.067,-1.529,-0.407,-0.410,-0.340,-0.760,-0.010,4217,2084,2133
1721,Keon Clark,2008,-0.220,-0.030,-0.130,-0.070,0.350,-0.150,-1.080,-0.750,-0.510,-0.240,0.049,0.071,-0.022,-0.059,0.120,-0.080,-0.220,-0.010,0.100,-0.100,-0.040,-0.080,-0.060,-0.020,0.014,-0.056,0.070,0.046,-0.701,-0.066,-0.760,-0.020,-0.780,-0.000,97,49,48
2617,Udonis Haslem,2008,-1.580,1.420,-1.760,0.900,3.330,-0.400,0.320,-0.700,-0.420,-0.280,-0.536,-0.451,-0.085,-0.094,0.950,-0.300,-0.730,0.070,-0.230,-0.150,0.090,0.680,0.630,0.050,-0.148,-0.024,-0.124,-0.002,-1.236,0.532,-1.330,0.530,-0.800,0.000,46807,23346,23461
1510,Brevin Knight,2008,-0.080,0.440,-3.810,-1.120,3.900,-0.820,0.870,-1.050,-1.600,0.550,1.051,0.244,0.807,-1.271,-0.540,-0.600,-0.450,-0.060,0.980,-0.080,-1.620,-0.980,-0.710,-0.270,1.721,0.413,1.308,-0.271,0.001,0.741,-1.270,0.470,-0.800,-0.000,31773,15881,15892
2457,Jannero Pargo,2008,-1.890,0.040,1.370,0.130,0.530,-0.510,-0.360,-0.470,0.120,-0.590,0.183,-0.024,0.207,-1.173,0.540,0.210,-1.420,0.480,0.880,0.100,0.490,0.310,0.570,-0.260,0.181,-0.113,0.294,0.169,-0.287,0.491,-1.460,0.660,-0.810,-0.010,19012,9511,9501
200788,James Augustine,2008,0.210,-0.090,0.040,-0.440,-0.270,-0.110,-0.520,-0.850,-0.910,0.060,0.106,0.055,0.051,0.304,0.040,-0.160,-0.190,-0.080,0.150,-0.180,0.050,-0.710,-0.560,-0.150,-0.021,-0.234,0.213,0.351,-0.744,-0.731,-0.440,-0.380,-0.820,-0.000,582,289,293
201166,Aaron Brooks,2008,-0.020,-0.330,1.570,-0.320,-1.560,0.300,1.540,0.470,0.690,-0.220,-0.119,-0.121,0.002,-0.321,-0.040,-0.460,-0.030,-0.030,0.070,-0.020,0.040,-0.740,-0.550,-0.190,-0.332,-0.153,-0.179,0.222,0.351,-1.072,0.030,-0.850,-0.820,0.000,2348,1164,1184
200798,Cheikh Samb,2008,-0.400,0.040,0.100,-0.050,0.300,0.110,-0.510,-0.190,-0.100,-0.090,-0.132,-0.016,-0.116,0.092,-0.190,-0.110,-0.210,0.000,0.410,-0.120,0.120,-0.470,-0.270,-0.200,-0.110,-0.011,-0.099,-0.020,-0.322,-0.580,-0.230,-0.600,-0.830,0.000,118,59,59
255,Grant Hill,2008,0.600,0.660,-4.040,-0.930,3.440,-0.040,-3.450,-0.040,-0.940,0.900,-0.243,0.409,-0.652,-1.277,-0.600,0.410,0.930,0.110,-0.330,-0.050,1.840,-0.160,0.060,-0.220,0.268,0.247,0.021,0.622,-0.283,0.108,-1.560,0.730,-0.830,-0.000,28307,14151,14156
2404,Chris Wilcox,2008,1.320,1.480,-3.790,0.720,2.460,-0.500,0.500,-0.130,0.310,-0.440,-0.990,-0.871,-0.119,0.680,-0.360,-0.870,0.220,0.140,0.140,0.170,-2.260,0.160,-0.110,0.270,-0.270,0.220,-0.490,-0.280,-1.120,-0.110,-0.440,-0.390,-0.830,0.000,31172,15569,15603
2562,Sasha Pavlovic,2008,1.350,-0.180,-0.260,-0.790,-1.100,-0.920,-0.490,-0.200,-0.210,0.010,-0.516,-0.089,-0.427,-1.124,0.080,-0.030,0.250,0.380,-0.320,0.100,1.120,0.510,1.040,-0.530,0.446,0.008,0.438,0.044,-0.716,0.956,-1.840,1.000,-0.840,0.000,22716,11313,11403
2450,Randy Holcomb,2008,-0.360,-0.030,0.240,0.050,0.110,-0.000,-0.230,-0.180,-0.000,-0.180,-0.125,0.062,-0.187,0.005,0.090,-0.150,-0.220,-0.030,0.130,-0.180,-0.310,-0.560,-0.380,-0.180,-0.094,-0.066,-0.028,0.104,-0.305,-0.654,-0.300,-0.550,-0.850,0.000,36,18,18
201235,Courtney Sims,2008,-0.230,-0.160,0.190,-0.060,0.030,-0.020,-0.590,-0.430,-0.290,-0.140,0.019,0.112,-0.093,-0.099,-0.010,-0.170,-0.250,-0.030,0.260,-0.070,-0.100,-0.420,-0.260,-0.160,-0.024,0.004,-0.028,0.084,-0.411,-0.444,-0.510,-0.360,-0.860,0.010,41,20,21
2688,Brandin Knight,2008,-0.260,-0.120,0.220,-0.010,0.040,0.020,-0.210,-0.350,-0.190,-0.160,0.007,0.066,-0.059,0.033,0.020,-0.170,-0.230,-0.040,0.210,-0.130,-0.210,-0.580,-0.450,-0.130,-0.047,-0.047,-0.000,0.077,-0.343,-0.627,-0.310,-0.550,-0.860,0.000,10,5,5
201169,Alando Tucker,2008,-0.060,-0.150,0.130,0.010,-0.090,-0.120,0.140,-0.260,-0.060,-0.200,0.033,-0.018,0.051,-0.283,0.190,-0.100,-0.280,0.030,0.090,-0.120,0.180,-0.150,-0.040,-0.110,-0.107,-0.046,-0.061,-0.103,-0.227,-0.257,-0.510,-0.360,-0.870,0.000,166,79,87
292,Anthony Miller,2008,-0.100,-0.090,0.110,-0.020,-0.020,-0.060,-0.580,-0.320,-0.270,-0.050,-0.141,-0.098,-0.043,-0.029,0.060,-0.180,-0.240,-0.020,0.180,-0.120,-0.090,-0.520,-0.340,-0.180,0.076,-0.036,0.112,0.064,-0.461,-0.444,-0.490,-0.380,-0.880,-0.010,48,24,24
1918,Obinna Ekezie,2008,0.010,0.200,-2.820,-0.150,2.810,0.190,-2.390,0.460,0.820,-0.360,-0.444,-0.339,-0.105,-0.806,0.560,0.140,-0.110,-0.090,-0.460,-0.410,-1.440,-0.240,-0.390,0.150,-0.184,0.204,-0.388,0.344,0.016,-0.424,-0.790,-0.080,-0.880,-0.010,2690,1347,1343
200837,Mike Hall,2008,-0.240,-0.030,0.100,-0.040,0.130,-0.090,-0.320,-0.330,-0.180,-0.150,0.016,0.124,-0.108,0.014,0.010,-0.210,-0.210,-0.030,0.200,-0.170,-0.130,-0.670,-0.520,-0.150,-0.019,-0.027,0.008,0.109,-0.314,-0.689,-0.300,-0.580,-0.880,0.000,49,25,24
101223,Aaron Miles,2008,-0.160,-0.020,-0.540,-0.140,0.700,-0.010,-0.600,-0.460,-0.460,-0.000,-0.442,-0.166,-0.276,0.162,0.140,-0.310,-0.220,0.070,0.080,-0.220,-0.170,-0.410,-0.370,-0.040,0.080,0.052,0.028,0.190,-0.902,-0.330,-0.740,-0.140,-0.880,-0.000,450,225,225
201207,Coby Karl,2008,-0.240,0.160,0.510,-0.180,-0.270,0.020,0.200,-0.470,-0.350,-0.120,-0.084,-0.037,-0.047,0.014,-0.020,-0.010,-0.120,-0.050,0.130,-0.100,-0.040,-0.210,-0.160,-0.050,-0.101,-0.039,-0.062,-0.029,-0.554,-0.311,-0.540,-0.340,-0.880,-0.000,299,146,153
2486,Maurice Baker,2008,-0.240,0.010,0.030,-0.050,0.210,-0.100,-0.370,-0.460,-0.300,-0.160,-0.106,0.023,-0.129,0.006,0.120,-0.100,-0.260,-0.060,0.140,-0.100,-0.220,-0.330,-0.220,-0.110,-0.050,-0.052,0.002,0.050,-0.566,-0.380,-0.560,-0.330,-0.900,-0.010,58,31,27
200796,Leon Powe,2008,0.720,-0.920,-0.530,-0.050,-0.180,-1.490,-3.060,-2.450,-2.390,-0.060,-0.670,0.066,-0.736,1.800,-0.460,-0.030,0.040,0.170,0.410,0.050,-0.230,-0.500,-0.120,-0.380,0.994,0.329,0.665,-0.084,-3.120,0.494,-1.320,0.410,-0.900,0.010,6584,3275,3309
2575,Luke Walton,2008,1.520,1.010,-0.260,-1.110,-1.260,-0.100,0.940,-1.150,-0.850,-0.300,-0.129,-0.466,0.337,0.649,-0.460,-0.030,-0.190,0.110,0.650,-0.120,0.040,0.050,-0.120,0.170,0.255,0.064,0.191,-0.565,-1.279,0.305,-0.630,-0.260,-0.900,-0.010,28114,14067,14047
2673,Hiram Fuller,2008,-0.190,-0.260,0.090,0.000,0.090,-0.310,-0.580,-0.920,-0.660,-0.260,-0.088,-0.037,-0.051,0.198,0.200,-0.160,-0.280,0.040,0.070,-0.020,0.010,-0.040,0.040,-0.080,0.050,0.027,0.023,-0.100,-1.008,0.010,-0.810,-0.090,-0.900,0.000,156,77,79
2367,Geno Carlisle,2008,-0.060,-0.030,0.040,-0.050,0.010,-0.080,-0.490,-0.180,-0.130,-0.050,-0.061,0.086,-0.147,-0.019,0.060,-0.180,-0.280,-0.090,0.220,-0.100,-0.350,-0.680,-0.570,-0.110,-0.078,-0.024,-0.054,0.118,-0.241,-0.758,-0.260,-0.640,-0.910,-0.010,47,24,23
2602,Jerome Beasley,2008,-0.240,-0.160,0.130,-0.020,0.100,0.030,-0.590,-0.370,-0.230,-0.140,0.001,0.085,-0.084,-0.151,0.090,-0.140,-0.310,-0.000,0.220,-0.130,-0.140,-0.400,-0.270,-0.130,-0.069,-0.034,-0.035,0.079,-0.369,-0.469,-0.520,-0.390,-0.910,0.000,22,11,11
101212,Esteban Batista,2008,0.540,-0.670,0.470,-0.270,-1.020,-0.140,-2.720,-1.260,-1.120,-0.140,-0.533,0.019,-0.552,1.213,-0.100,-0.360,-0.280,0.210,0.380,-0.230,-0.430,-0.850,-0.610,-0.240,0.091,0.297,-0.206,0.429,-1.793,-0.759,-0.580,-0.330,-0.910,0.000,2109,1054,1055
221,Clar. Weatherspoon,2008,-0.680,0.190,0.130,-0.230,0.560,0.460,-1.050,0.160,0.100,0.060,-0.529,-0.063,-0.466,-0.591,-0.130,0.320,0.720,-0.180,-0.600,-0.140,0.080,-0.460,-0.260,-0.200,-0.547,-0.066,-0.481,1.037,-0.369,-1.007,-0.960,0.030,-0.920,0.010,5076,2526,2550
2466,Maurice Carter,2008,-0.470,0.050,0.460,-0.050,0.010,-0.300,-0.930,-0.390,-0.460,0.070,-0.228,0.059,-0.287,-0.072,0.340,0.020,-0.370,-0.080,0.030,-0.140,0.160,-0.530,-0.420,-0.110,-0.106,-0.189,0.083,0.406,-0.618,-0.636,-0.690,-0.230,-0.930,-0.010,400,203,197
2582,Slavko Vranes,2008,-0.230,-0.080,0.120,-0.050,0.110,-0.000,-0.540,-0.440,-0.280,-0.160,-0.001,0.063,-0.064,0.061,0.000,-0.160,-0.250,-0.040,0.250,-0.120,-0.230,-0.490,-0.380,-0.110,-0.066,-0.045,-0.021,0.006,-0.441,-0.556,-0.380,-0.550,-0.930,-0.000,7,4,3
2632,Kirk Penney,2008,-0.090,-0.220,0.140,0.020,-0.060,-0.010,-0.490,-0.450,-0.280,-0.170,-0.124,-0.025,-0.099,-0.076,-0.070,-0.110,-0.190,-0.030,0.250,-0.100,-0.220,-0.250,-0.170,-0.080,-0.068,-0.013,-0.055,0.038,-0.574,-0.318,-0.650,-0.280,-0.930,-0.000,94,47,47
1910,Leon Smith,2008,-0.220,-0.020,0.080,-0.050,0.130,-0.060,-0.390,-0.450,-0.280,-0.170,0.015,0.070,-0.055,-0.015,0.080,-0.150,-0.240,-0.060,0.160,-0.100,-0.220,-0.510,-0.390,-0.120,-0.054,-0.050,-0.004,0.084,-0.435,-0.564,-0.450,-0.480,-0.930,0.000,12,6,6
2581,Steve Blake,2008,-1.750,1.100,1.790,0.650,-0.050,0.320,2.610,0.180,0.590,-0.410,0.346,0.159,0.187,0.004,0.110,-1.080,-0.350,-0.290,0.240,0.220,-1.450,-0.860,-0.880,0.020,-0.110,-0.088,-0.022,-0.500,0.526,-0.970,0.530,-1.470,-0.930,0.010,31875,15953,15922
101247,Keith Langford,2008,-0.290,-0.180,0.120,-0.070,0.170,0.090,-0.510,-0.420,-0.270,-0.150,0.032,0.096,-0.064,-0.092,0.020,-0.180,-0.220,-0.030,0.190,-0.080,-0.220,-0.470,-0.320,-0.150,-0.056,-0.061,0.005,0.066,-0.388,-0.526,-0.480,-0.460,-0.940,0.000,35,18,17
200801,Hassan Adams,2008,1.510,0.050,-0.750,-0.480,-0.780,0.570,0.410,-0.420,0.100,-0.520,-0.240,-0.394,0.154,-0.360,0.060,-0.280,-0.190,0.090,0.130,0.150,-0.150,0.270,0.330,-0.060,0.224,0.341,-0.117,-0.404,-0.660,0.494,-1.020,0.090,-0.940,-0.010,1842,914,928
2599,Brandon Hunter,2008,0.700,0.010,-0.790,-0.570,0.080,-0.280,-2.410,-1.920,-1.240,-0.680,-0.660,0.184,-0.844,1.850,0.280,-0.220,-0.560,-0.040,0.280,-0.020,-0.100,-0.680,-0.450,-0.230,0.162,0.241,-0.079,0.288,-2.580,-0.518,-0.730,-0.230,-0.960,0.000,2439,1213,1226
201186,Stephane Lasme,2008,-0.640,-0.620,1.100,0.110,-0.460,-0.310,-0.450,-0.660,-0.610,-0.050,-0.038,-0.137,0.099,-0.082,-0.390,0.040,-0.060,-0.050,0.450,0.100,-0.270,0.560,0.450,0.110,-0.005,0.125,-0.130,-0.735,-0.698,0.555,-0.780,-0.180,-0.960,0.000,1043,519,524
1345,ID_1345,2008,-0.260,-0.070,0.110,-0.040,0.150,-0.010,-0.510,-0.470,-0.310,-0.160,-0.006,0.059,-0.065,0.006,0.060,-0.160,-0.250,-0.030,0.190,-0.120,-0.270,-0.560,-0.430,-0.130,-0.021,-0.021,-0.000,0.081,-0.476,-0.581,-0.470,-0.500,-0.970,0.000,7,3,4
2418,Casey Jacobsen,2008,1.010,-0.810,1.820,-0.720,-2.840,-0.690,-3.330,-0.080,-0.310,0.230,-1.022,-0.319,-0.703,-1.168,-0.650,-0.070,-0.240,0.480,0.880,0.720,1.390,0.770,0.730,0.040,0.093,-0.097,0.190,0.437,-1.102,0.863,-2.270,1.300,-0.970,0.000,15531,7793,7738
101125,Julius Hodge,2008,0.310,-0.180,-0.110,-0.090,-0.230,-0.110,-0.210,-0.500,-0.260,-0.240,-0.025,0.148,-0.173,0.135,-0.250,-0.090,-0.190,0.010,0.440,-0.030,-0.480,-0.300,-0.120,-0.180,-0.198,-0.024,-0.174,-0.082,-0.525,-0.498,-0.390,-0.580,-0.970,-0.000,346,172,174
980,Zydrunas Ilgauskas,2008,-0.030,-0.070,-3.420,-0.590,3.450,0.070,1.660,-2.360,-1.930,-0.430,-0.972,-0.120,-0.852,0.612,1.660,1.390,1.300,-0.690,-2.970,-0.280,-1.460,2.290,0.710,1.580,-1.103,-0.358,-0.745,0.553,-3.332,1.187,-2.720,1.740,-0.970,0.010,46529,23304,23225
57,Doug Christie,2008,0.380,0.060,-0.020,0.590,-0.370,-0.450,-0.590,-0.350,-0.850,0.500,-0.983,-0.588,-0.395,-0.727,-0.630,-0.350,0.450,0.800,0.190,-0.140,3.110,1.360,1.360,0.000,0.681,0.316,0.365,-0.951,-1.333,2.041,-2.060,1.090,-0.970,-0.000,19365,9687,9678
2408,Melvin Ely,2008,-1.460,-1.090,-2.860,0.350,4.320,-0.080,-1.570,-2.260,-1.640,-0.620,-0.163,0.135,-0.298,1.183,0.060,-0.160,0.010,-0.080,-0.070,0.480,-1.290,0.280,0.050,0.230,-0.482,-0.223,-0.259,0.472,-2.423,-0.202,-1.240,0.270,-0.970,-0.000,16712,8333,8379
2242,Terence Morris,2008,-0.510,0.070,-0.540,0.170,1.060,-0.580,-0.570,-0.270,-0.130,-0.140,-0.282,-0.259,-0.023,0.022,0.100,-0.030,-0.370,-0.150,0.270,-0.190,-0.260,-0.600,-0.610,0.010,-0.077,-0.109,0.032,0.237,-0.552,-0.677,-0.530,-0.440,-0.970,-0.000,686,338,348
1654,ID_1654,2008,-0.260,-0.070,0.110,-0.040,0.150,-0.010,-0.540,-0.420,-0.320,-0.100,-0.001,0.062,-0.063,0.001,0.060,-0.120,-0.250,-0.050,0.200,-0.120,-0.240,-0.570,-0.430,-0.140,-0.029,-0.025,-0.004,0.049,-0.421,-0.599,-0.420,-0.550,-0.970,-0.000,10,4,6
200827,Darius Washington,2008,-0.110,0.070,0.340,0.040,-0.240,-0.000,-0.390,0.150,0.250,-0.100,-0.133,0.212,-0.345,-0.067,0.320,-0.340,-0.180,-0.150,-0.150,-0.040,-0.140,-0.770,-0.590,-0.180,0.054,0.074,-0.020,-0.214,0.017,-0.716,-0.050,-0.930,-0.980,0.000,552,276,276
2657,Yuta Tabuse,2008,-0.060,-0.160,0.080,-0.040,-0.030,-0.060,-0.690,-0.530,-0.380,-0.150,-0.202,-0.017,-0.185,0.172,0.000,-0.180,-0.240,-0.040,0.240,-0.090,0.000,-0.430,-0.270,-0.160,0.014,-0.002,0.016,-0.004,-0.732,-0.416,-0.560,-0.420,-0.980,0.000,71,34,37
201173,Marcus Williams,2008,-0.190,-0.320,-0.140,-0.100,0.320,-0.010,-0.580,-0.680,-0.440,-0.240,0.242,0.172,0.070,-0.012,0.160,-0.190,-0.240,-0.050,0.080,-0.100,-0.300,-0.580,-0.470,-0.110,-0.101,-0.087,-0.014,0.131,-0.438,-0.681,-0.450,-0.550,-0.990,0.010,131,66,65
2241,Omar Cook,2008,0.370,-0.120,-0.580,0.050,0.190,-0.250,0.680,-0.330,-0.030,-0.300,-0.193,0.036,-0.229,0.123,0.140,-0.170,-0.290,-0.060,0.150,-0.070,0.240,-0.550,-0.190,-0.360,0.088,-0.004,0.092,-0.138,-0.523,-0.462,-0.400,-0.600,-1.000,0.000,762,382,380
962,Walter McCarty,2008,-2.150,0.650,5.860,-0.320,-3.700,-0.070,0.280,0.890,0.890,-0.000,0.035,0.490,-0.455,-1.835,0.530,-0.460,-1.170,0.190,0.630,0.040,0.880,-0.620,-0.540,-0.080,0.574,0.186,0.388,-0.044,0.925,-0.046,-0.910,-0.090,-1.000,-0.000,12800,6409,6391
200835,Walter Herrmann,2008,-0.080,0.280,1.140,-0.000,-1.060,-0.360,1.270,-0.410,0.140,-0.550,0.273,-0.078,0.351,-0.303,-1.280,0.070,0.180,0.290,1.090,0.030,1.120,-0.680,-0.270,-0.410,0.153,-0.183,0.336,-0.033,-0.137,-0.527,-0.440,-0.560,-1.000,0.000,4979,2488,2491
201159,Javaris Crittenton,2008,2.760,-0.460,-0.020,-0.700,-2.760,0.410,-3.030,-0.160,0.040,-0.200,-0.189,0.102,-0.291,-0.321,-0.380,-0.090,-0.670,0.300,1.050,-0.140,-0.340,0.490,0.560,-0.070,-0.134,-0.178,0.044,-0.696,-0.349,0.356,-0.670,-0.340,-1.010,-0.000,2659,1330,1329
200841,Cedric Bozeman,2008,0.030,-0.520,0.200,-0.220,-0.240,-0.200,-2.190,-1.510,-1.360,-0.150,-0.303,0.140,-0.443,0.813,-0.290,-0.080,-0.230,0.190,0.520,0.020,0.400,-0.160,0.170,-0.330,-0.183,-0.084,-0.099,0.323,-1.813,-0.343,-1.000,-0.020,-1.020,0.000,732,363,369
101188,Eddie Basden,2008,0.150,-0.200,0.340,-0.060,-0.500,-0.190,-1.400,-0.800,-0.480,-0.320,-0.205,-0.007,-0.198,-0.225,0.070,-0.020,-0.300,0.150,0.230,-0.080,-0.030,0.070,0.180,-0.110,0.032,0.088,-0.056,0.098,-1.005,0.102,-1.230,0.200,-1.040,-0.010,535,267,268
2061,Dan Langhi,2008,-0.180,-0.060,0.100,-0.080,0.060,0.000,-0.520,-0.460,-0.260,-0.200,-0.012,0.148,-0.160,-0.268,0.080,-0.140,-0.270,-0.110,0.190,-0.050,-0.280,-0.650,-0.480,-0.170,0.062,-0.041,0.103,0.278,-0.472,-0.588,-0.740,-0.310,-1.040,0.010,133,67,66
178,Olden Polynice,2008,-0.290,0.030,0.080,-0.070,0.200,-0.050,-0.410,-0.340,-0.220,-0.120,-0.107,-0.015,-0.092,-0.203,0.130,-0.150,-0.290,-0.040,0.160,-0.120,-0.150,-0.480,-0.340,-0.140,-0.063,-0.078,0.015,0.153,-0.447,-0.543,-0.650,-0.390,-1.040,-0.000,45,22,23
200826,J.J. Barea,2008,1.180,-0.960,-0.050,-0.330,-1.140,-0.080,-1.330,-0.540,-0.470,-0.070,0.712,0.124,0.588,-0.522,0.100,-0.300,-0.010,0.100,-0.090,-0.120,1.280,-0.640,-0.220,-0.420,-0.453,-0.413,-0.040,0.393,0.172,-1.093,-0.350,-0.700,-1.050,0.000,2316,1162,1154
2009,ID_2009,2008,-0.260,-0.070,0.110,-0.040,0.150,-0.010,-0.540,-0.430,-0.320,-0.110,-0.001,0.062,-0.063,-0.089,0.050,-0.140,-0.250,-0.040,0.190,-0.120,-0.200,-0.550,-0.400,-0.150,-0.062,-0.042,-0.020,0.082,-0.431,-0.612,-0.520,-0.530,-1.050,0.000,6,4,2
2228,Alton Ford,2008,-0.090,-0.090,-0.290,-0.030,0.370,-0.170,-0.450,-0.660,-0.570,-0.090,-0.077,0.001,-0.078,0.147,0.130,-0.180,-0.150,-0.010,0.020,-0.140,-0.270,-0.420,-0.340,-0.080,0.012,0.023,-0.011,-0.052,-0.737,-0.408,-0.590,-0.460,-1.060,-0.010,143,72,71
2047,Quentin Richardson,2008,1.560,-1.090,3.700,0.230,-5.260,-1.390,-0.620,-0.760,-0.520,-0.240,-0.022,0.099,-0.121,0.752,0.700,-0.830,-0.330,0.050,-0.380,-0.190,-0.140,0.230,-0.190,0.420,-0.415,-0.158,-0.257,-0.845,-0.782,-0.185,-0.030,-1.030,-1.060,0.000,40515,20277,20238
1279,ID_1279,2008,-0.260,-0.070,0.110,-0.040,0.150,-0.010,-0.540,-0.460,-0.360,-0.100,0.004,0.065,-0.061,-0.094,-0.040,-0.150,-0.230,-0.060,0.270,-0.120,-0.370,-0.660,-0.540,-0.120,0.048,0.039,0.009,0.102,-0.456,-0.612,-0.550,-0.510,-1.060,-0.000,16,4,12
2449,Luis Scola,2008,1.420,-0.600,-2.670,-0.510,1.250,-0.100,-0.890,-2.850,-1.980,-0.870,0.366,0.385,-0.019,2.094,-0.650,-0.380,1.840,-0.200,-1.200,0.160,0.380,-0.210,-0.150,-0.060,0.091,-0.360,0.451,-0.561,-2.484,-0.119,-0.390,-0.680,-1.070,0.000,8259,4107,4152
200840,Chris McCray,2008,-0.250,-0.040,-0.040,-0.050,0.290,-0.060,-0.720,-0.460,-0.370,-0.090,-0.026,0.065,-0.091,0.006,0.050,-0.200,-0.230,-0.020,0.180,-0.160,-0.240,-0.650,-0.510,-0.140,-0.087,-0.064,-0.023,0.137,-0.486,-0.737,-0.480,-0.600,-1.080,0.000,37,19,18
200838,Kevinn Pinkney,2008,-0.390,0.010,-0.080,0.000,0.470,-0.150,-1.260,-0.960,-0.710,-0.250,-0.235,-0.202,-0.033,0.735,-0.080,-0.120,-0.160,-0.070,0.240,-0.260,-0.100,-0.800,-0.640,-0.160,0.136,0.055,0.081,0.044,-1.195,-0.664,-0.460,-0.620,-1.080,-0.000,365,186,179
201172,Gabe Pruitt,2008,-0.150,-0.090,-0.160,0.000,0.310,-0.040,-0.640,-0.430,-0.170,-0.260,-0.106,0.045,-0.151,0.356,0.040,-0.280,-0.250,-0.110,0.200,-0.010,-0.810,-0.640,-0.480,-0.160,0.059,-0.030,0.089,-0.319,-0.536,-0.581,-0.180,-0.900,-1.080,0.000,344,172,172
2750,Pavel Podkolzin,2008,-0.330,-0.020,0.100,0.030,0.230,-0.190,-0.710,-0.510,-0.310,-0.200,-0.138,0.080,-0.218,-0.072,0.150,-0.180,-0.270,-0.040,0.120,-0.100,-0.210,-0.380,-0.290,-0.090,-0.044,-0.009,-0.035,0.064,-0.648,-0.424,-0.720,-0.360,-1.080,0.000,86,43,43
2306,Carlos Arroyo,2008,0.770,-0.080,-1.760,-0.440,0.990,-0.290,-0.050,0.050,-0.080,0.130,0.395,0.499,-0.104,0.235,-0.680,0.120,1.050,-0.100,-0.360,-0.070,-0.190,-0.980,-0.590,-0.390,-0.359,-0.179,-0.180,-0.431,0.445,-1.339,0.680,-1.770,-1.090,0.000,26675,13309,13366
2370,Mengke Bateer,2008,-0.390,-0.060,0.360,0.060,0.030,-0.070,0.030,0.000,0.210,-0.210,-0.129,-0.046,-0.083,-0.191,0.040,-0.140,-0.210,-0.040,0.170,-0.230,-0.280,-0.850,-0.680,-0.170,-0.057,-0.033,-0.024,0.147,-0.129,-0.907,-0.320,-0.760,-1.090,-0.010,131,62,69
1716,Larry Hughes,2008,0.510,0.800,-0.920,-0.050,0.410,-1.800,-3.030,-0.950,-1.260,0.310,0.359,-0.014,0.373,0.021,-0.830,-1.190,0.300,0.080,0.530,0.070,0.470,-1.100,-0.850,-0.250,0.458,0.448,0.010,0.122,-0.591,-0.642,-0.570,-0.520,-1.090,-0.000,44103,22037,22066
200811,Lou Amundson,2008,-0.040,-0.480,0.000,-0.050,0.030,-0.140,-0.550,-0.830,-0.460,-0.370,-0.274,-0.029,-0.245,0.564,0.150,-0.040,-0.290,-0.030,0.140,-0.200,-0.270,-0.280,-0.200,-0.080,-0.265,-0.113,-0.152,-0.015,-1.104,-0.545,-0.540,-0.560,-1.100,0.000,574,284,290
145,Tracy Murray,2008,-0.180,-0.030,0.120,-0.010,0.060,-0.150,-0.150,-0.340,-0.210,-0.130,0.018,0.068,-0.050,-0.098,0.050,-0.220,-0.330,-0.000,0.280,-0.080,-0.400,-0.510,-0.370,-0.140,-0.186,-0.085,-0.101,0.006,-0.322,-0.696,-0.420,-0.690,-1.100,0.010,121,62,59
201208,Darryl Watkins,2008,-0.300,-0.010,-0.200,-0.090,0.490,-0.130,-1.080,-0.410,-0.410,-0.000,-0.266,-0.022,-0.244,0.036,-0.160,-0.090,-0.320,-0.090,0.490,-0.160,-0.590,-0.750,-0.600,-0.150,0.118,0.140,-0.022,0.162,-0.676,-0.632,-0.640,-0.470,-1.110,-0.000,262,132,130
2753,Delonte West,2008,0.690,-0.770,0.740,-0.250,-1.410,-0.160,-0.100,-0.160,-0.190,0.030,-0.214,-0.174,-0.040,-0.746,-0.580,0.500,-0.300,0.270,0.870,-0.260,-0.300,-0.020,0.350,-0.370,-0.285,-0.043,-0.242,0.315,-0.374,-0.305,-1.120,0.010,-1.110,0.000,26998,13497,13501
201228,C.J. Watson,2008,-0.720,-0.190,0.620,-0.070,0.100,-0.220,-0.920,-0.700,-0.400,-0.300,0.163,0.299,-0.136,0.177,-0.680,-0.340,-0.280,0.100,0.960,0.150,0.040,-0.220,-0.210,-0.010,-0.240,0.009,-0.249,-0.290,-0.537,-0.460,-0.360,-0.750,-1.110,-0.000,1426,709,717
201189,Aaron Gray,2008,1.010,-0.480,-0.790,0.150,-0.200,0.050,0.040,-0.660,-0.120,-0.540,-0.369,-0.780,0.411,1.229,0.350,-0.160,-0.710,-0.010,0.360,-0.260,-1.250,-1.240,-1.130,-0.110,-0.565,-0.009,-0.556,0.505,-1.029,-1.805,0.200,-1.300,-1.110,-0.010,2311,1159,1152
2245,Damone Brown,2008,-0.200,-0.070,0.490,-0.130,-0.310,-0.260,0.290,-0.800,-0.560,-0.240,-0.035,0.198,-0.233,0.295,-0.170,-0.170,-0.300,0.040,0.470,-0.270,-0.610,-0.750,-0.770,0.020,-0.011,0.016,-0.027,0.181,-0.835,-0.761,-0.540,-0.580,-1.120,-0.000,564,282,282
1320,ID_1320,2008,-0.260,-0.070,0.110,-0.040,0.150,-0.010,-0.410,-0.320,-0.200,-0.120,-0.012,0.057,-0.069,-0.068,0.050,-0.160,-0.260,-0.070,0.210,-0.190,-0.380,-0.710,-0.570,-0.140,-0.069,-0.054,-0.015,0.059,-0.332,-0.779,-0.400,-0.720,-1.120,-0.000,12,2,10
101215,Will Conroy,2008,-0.070,-0.140,-0.160,-0.080,0.220,-0.140,-0.870,-0.890,-0.640,-0.250,-0.041,0.169,-0.210,0.211,0.120,-0.170,-0.310,-0.040,0.180,0.030,-0.160,-0.400,-0.190,-0.210,-0.005,0.029,-0.034,0.005,-0.931,-0.405,-0.720,-0.400,-1.130,-0.010,183,92,91
278,Stacey Augmon,2008,-0.050,-1.160,-1.780,-0.060,1.840,-0.330,-2.860,-0.830,-1.250,0.420,-0.782,-0.569,-0.213,0.072,-0.760,0.270,-0.340,0.110,1.100,-0.010,0.730,0.380,0.260,0.120,0.376,-0.091,0.467,-0.336,-1.612,0.756,-1.540,0.420,-1.130,-0.010,9629,4776,4853
2554,Mickael Pietrus,2008,0.320,0.730,2.620,-0.290,-2.940,-1.780,-0.790,-0.600,-0.330,-0.270,-0.514,0.013,-0.527,0.644,-0.740,-0.810,0.480,0.180,0.260,0.550,1.580,-0.820,-0.130,-0.690,0.560,0.019,0.541,-0.400,-1.114,-0.260,-0.470,-0.660,-1.130,0.000,26242,13108,13134
2434,Juan Carlos Navarro,2008,-0.500,0.420,3.900,0.010,-3.390,-0.050,0.220,1.260,1.590,-0.330,0.414,0.005,0.409,-0.574,-1.070,-1.370,0.140,0.140,0.930,-0.440,-0.930,-2.260,-2.460,0.200,-0.238,-0.045,-0.193,0.268,1.674,-2.498,1.100,-2.230,-1.140,-0.010,8300,4160,4140
1630,Mikki Moore,2008,-0.100,0.170,-1.090,0.520,1.180,0.940,-0.540,0.860,1.060,-0.200,-1.478,-1.075,-0.403,0.338,1.180,-0.820,-0.280,-0.280,-0.910,0.110,-2.480,-0.350,-0.090,-0.260,0.228,0.073,0.155,-0.738,-0.618,-0.122,-0.280,-0.860,-1.140,0.000,26083,13043,13040
200785,Kosta Perovic,2008,-0.340,-0.190,-0.070,-0.100,0.410,-0.160,-1.190,-0.930,-0.790,-0.140,0.035,-0.012,0.047,0.015,0.080,-0.170,-0.200,0.040,0.110,-0.100,-0.080,-0.050,0.010,-0.060,-0.123,-0.055,-0.068,-0.087,-0.895,-0.173,-0.880,-0.260,-1.140,0.000,149,75,74
200823,Robert Hite,2008,-0.350,-0.140,0.640,-0.110,-0.310,-0.540,-0.720,-1.460,-1.360,-0.100,0.217,0.080,0.137,0.343,0.360,-0.210,-0.400,-0.030,0.040,-0.010,-0.550,-0.320,-0.270,-0.050,-0.106,-0.123,0.017,0.176,-1.243,-0.426,-0.900,-0.250,-1.150,0.000,482,242,240
2668,Josh Davis,2008,0.560,-0.340,1.950,-0.380,-2.530,-0.300,-0.240,-0.770,-0.590,-0.180,-0.016,-0.338,0.322,-0.724,0.120,-0.140,-0.580,0.090,0.440,0.200,0.700,0.370,0.610,-0.240,0.013,-0.055,0.068,-0.033,-0.786,0.383,-1.510,0.350,-1.150,0.010,1396,703,693
344,Dana Barros,2008,-0.160,-0.030,0.160,-0.070,-0.010,-0.040,-0.600,-0.520,-0.370,-0.150,0.072,0.089,-0.017,0.008,0.000,-0.130,-0.310,-0.100,0.310,-0.140,-0.390,-0.650,-0.440,-0.210,-0.074,-0.033,-0.041,-0.006,-0.448,-0.724,-0.440,-0.730,-1.160,0.010,51,25,26
101230,Noel Felix,2008,-0.650,-0.280,0.320,0.090,0.340,-0.040,-0.710,-0.330,-0.180,-0.150,-0.318,-0.171,-0.147,0.008,-0.070,-0.300,-0.290,0.000,0.360,-0.010,-0.540,-0.530,-0.360,-0.170,-0.112,-0.090,-0.022,0.122,-0.648,-0.642,-0.640,-0.520,-1.160,0.000,285,143,142
1337,ID_1337,2008,-0.260,-0.070,0.110,-0.040,0.150,-0.010,-0.520,-0.480,-0.320,-0.160,-0.007,0.062,-0.069,-0.093,-0.040,-0.130,-0.220,-0.040,0.260,-0.120,-0.240,-0.580,-0.430,-0.150,-0.049,-0.049,-0.000,0.049,-0.487,-0.629,-0.580,-0.580,-1.160,0.000,9,3,6
2417,Qyntel Woods,2008,2.420,-0.350,-1.810,0.040,-0.600,-0.270,-1.720,0.170,0.120,0.050,-1.056,-0.544,-0.512,0.396,-0.890,-0.310,-0.370,-0.070,1.270,-0.230,0.040,-1.840,-1.030,-0.810,0.668,0.313,0.355,0.482,-0.886,-1.172,-0.490,-0.690,-1.180,0.000,6281,3132,3149
101232,Roger Powell,2008,-0.280,-0.100,0.180,-0.070,0.090,-0.050,-0.720,-0.440,-0.330,-0.110,0.018,0.109,-0.091,-0.048,0.030,-0.190,-0.270,-0.050,0.240,-0.180,-0.240,-0.740,-0.590,-0.150,-0.108,-0.068,-0.040,0.138,-0.422,-0.848,-0.470,-0.710,-1.180,0.000,42,21,21
2800,Tony Bobbitt,2008,-0.330,-0.100,0.180,0.000,0.140,-0.050,-0.280,-0.360,-0.220,-0.140,0.003,0.110,-0.107,-0.213,0.020,-0.080,-0.300,-0.080,0.280,-0.100,-0.400,-0.510,-0.410,-0.100,-0.117,-0.066,-0.051,0.007,-0.357,-0.627,-0.570,-0.620,-1.180,0.010,38,20,18
201242,Thomas Gardner,2008,-0.260,-0.130,0.430,-0.090,-0.180,0.030,0.000,-0.480,-0.200,-0.280,-0.230,-0.109,-0.121,-0.070,-0.100,-0.110,-0.190,0.020,0.280,-0.130,-0.230,-0.600,-0.380,-0.220,0.039,-0.086,0.125,0.161,-0.710,-0.561,-0.780,-0.400,-1.180,0.000,181,93,88
949,Shareef Abdur-Rahim,2008,-0.270,-0.080,-1.350,-0.860,1.640,0.340,0.100,-0.480,-0.800,0.320,-0.374,-0.050,-0.324,-0.206,-0.050,0.150,0.380,0.450,-0.340,-0.530,-0.930,0.270,0.090,0.180,-0.244,0.059,-0.303,-0.166,-0.854,0.026,-1.060,-0.140,-1.200,0.000,32096,16056,16040
101107,Marvin Williams,2008,1.090,-0.540,-3.470,-0.310,2.400,0.520,-0.060,-0.190,-0.720,0.530,-0.114,0.260,-0.374,0.044,-1.620,-0.630,0.890,-0.350,0.720,0.260,-0.560,-0.990,-0.720,-0.270,0.330,0.059,0.271,-0.280,-0.304,-0.660,-0.260,-0.940,-1.200,0.000,27000,13480,13520
120,Steven Smith,2008,-0.910,-0.390,2.850,0.100,-1.940,-0.780,0.290,-0.140,-0.360,0.220,1.293,1.037,0.256,0.147,-0.840,0.040,0.160,-0.120,0.680,-0.960,-0.810,-3.070,-2.330,-0.740,-0.200,-0.314,0.114,0.760,1.153,-3.270,1.300,-2.510,-1.210,-0.000,6473,3273,3200
101137,Daniel Ewing,2008,-1.890,0.430,0.070,-1.000,1.810,-0.180,-2.980,-1.360,-1.830,0.470,0.179,-0.010,0.189,-0.629,-0.400,0.380,0.040,0.240,0.370,0.220,0.250,0.380,0.720,-0.340,0.339,0.225,0.114,-0.119,-1.181,0.719,-1.810,0.600,-1.210,0.000,6156,3063,3093
461,Popeye Jones,2008,-0.350,-0.030,0.160,-0.060,0.190,0.010,-0.540,-0.310,-0.160,-0.150,-0.034,0.020,-0.054,-0.166,0.090,-0.160,-0.240,-0.070,0.150,-0.140,-0.300,-0.490,-0.360,-0.130,-0.095,-0.069,-0.026,-0.115,-0.344,-0.585,-0.510,-0.700,-1.210,0.000,37,18,19
101177,Fabricio Oberto,2008,-2.210,0.400,-1.120,0.610,3.330,-0.530,1.750,-1.670,-0.500,-1.170,0.060,-0.138,0.198,0.480,1.560,-0.530,0.200,-0.180,-1.760,-0.450,0.540,0.660,0.510,0.150,-0.460,-0.269,-0.191,-0.280,-1.610,0.200,-1.130,-0.080,-1.210,0.000,15510,7728,7782
200761,Shawne Williams,2008,-1.170,0.860,2.400,-0.300,-1.210,-0.180,0.150,0.320,0.810,-0.490,-0.095,-0.016,-0.079,-0.025,0.570,0.080,-0.900,0.050,0.330,-0.220,-0.080,-1.310,-0.300,-1.010,-0.252,-0.208,-0.044,0.142,0.225,-1.562,0.200,-1.420,-1.220,0.000,5925,2962,2963
1766,Maceo Baston,2008,-0.730,0.460,0.100,0.170,0.650,0.090,-0.800,0.980,1.010,-0.030,-0.734,-0.407,-0.327,-0.716,0.350,-0.530,-0.430,-0.080,0.080,-0.090,-0.910,-1.820,-1.380,-0.440,0.404,0.029,0.375,0.666,0.246,-1.416,-0.470,-0.750,-1.220,0.000,1918,956,962
1761,Greg Buckner,2008,-0.870,-0.420,1.680,0.070,-0.820,-0.230,0.550,-1.160,-0.890,-0.270,-0.252,-0.112,-0.140,0.262,0.120,-1.350,-0.500,0.050,0.380,0.270,0.180,-1.250,-0.240,-1.010,0.654,0.237,0.417,0.536,-1.412,-0.596,-1.150,-0.060,-1.220,-0.010,23336,11600,11736
1733,Al Harrington,2008,0.570,-0.420,-0.100,0.140,-0.490,-0.270,0.980,-0.570,-0.050,-0.520,-0.232,-0.080,-0.152,0.342,0.240,-1.440,0.490,-0.780,-0.710,-0.710,-0.900,-2.320,-1.880,-0.440,0.515,0.137,0.378,1.045,-0.802,-1.805,-0.460,-0.760,-1.220,-0.000,49788,24894,24894
101148,Mile Ilic,2008,-0.210,-0.120,0.070,-0.040,0.130,-0.030,-0.530,-0.470,-0.320,-0.150,-0.048,0.063,-0.111,-0.102,0.090,-0.150,-0.230,-0.060,0.130,-0.160,-0.290,-0.540,-0.430,-0.110,-0.083,-0.050,-0.033,0.013,-0.518,-0.623,-0.620,-0.610,-1.230,0.000,11,4,7
101213,Sharrod Ford,2008,-0.310,-0.090,0.240,-0.040,0.060,0.090,-0.720,-0.280,-0.110,-0.170,-0.226,-0.008,-0.218,-0.054,-0.050,-0.120,-0.220,-0.040,0.270,-0.130,-0.000,-0.460,-0.270,-0.190,-0.079,-0.076,-0.003,-0.131,-0.506,-0.539,-0.560,-0.670,-1.230,0.000,53,25,28
2206,Rodney White,2008,-2.920,0.460,1.160,-0.280,1.730,-0.240,0.680,-0.940,-0.120,-0.820,-0.294,-0.534,0.240,0.474,-1.120,-0.540,0.780,0.220,0.340,0.680,0.850,-0.270,0.170,-0.440,0.403,0.574,-0.171,-0.603,-1.234,0.133,-0.760,-0.470,-1.230,0.000,6341,3177,3164
2583,Derrick Zimmerman,2008,-0.100,-0.110,0.030,-0.010,0.050,-0.160,-0.380,-0.430,-0.230,-0.200,-0.089,0.105,-0.194,-0.061,0.030,-0.190,-0.370,-0.020,0.340,-0.210,-0.310,-0.700,-0.580,-0.120,-0.027,0.002,-0.029,0.067,-0.519,-0.727,-0.580,-0.660,-1.240,0.000,102,50,52
201196,Ramon Sessions,2008,1.020,-0.080,-0.500,-0.010,-0.550,0.170,1.770,0.210,0.660,-0.450,-0.230,-0.262,0.032,0.400,0.040,-0.450,-0.270,-0.290,0.230,-0.160,-2.400,-1.500,-1.550,0.050,-0.335,-0.088,-0.247,0.215,-0.020,-1.835,0.380,-1.620,-1.240,0.000,1728,869,859
702,Voshon Lenard,2008,-0.660,-1.040,2.790,-0.590,-2.150,0.100,-1.010,-0.450,0.270,-0.720,0.377,0.421,-0.044,-0.217,-1.710,0.080,1.140,0.120,0.580,-0.550,-0.340,-2.280,-1.810,-0.470,0.644,0.495,0.149,0.676,-0.073,-1.636,-0.290,-0.960,-1.260,-0.010,11105,5547,5558
2594,Kyle Korver,2008,-1.310,0.190,4.660,0.920,-3.340,-1.210,2.620,0.520,-0.000,0.520,-0.086,-0.212,0.126,-1.214,0.450,0.660,-1.070,-0.220,0.610,-0.120,0.960,-1.130,-0.110,-1.020,0.125,-0.246,0.371,0.525,0.434,-1.005,-0.780,-0.480,-1.260,-0.000,39826,20015,19811
1908,Jumaine Jones,2008,-0.840,-1.680,4.560,0.130,-3.710,0.190,2.310,-0.670,0.080,-0.750,-0.169,-0.448,0.279,0.839,-0.200,-0.630,-1.110,-0.030,1.310,-0.200,-2.510,-1.050,-1.030,-0.020,0.106,-0.161,0.267,-0.316,-0.839,-0.944,-0.000,-1.260,-1.260,0.000,16774,8360,8414
1715,Jason Williams,2008,-1.180,0.800,3.520,-0.670,-2.330,1.120,1.440,0.830,1.370,-0.540,0.940,0.504,0.436,-1.290,-1.050,-1.010,1.590,-0.050,-0.540,-0.180,0.080,-0.930,-1.100,0.170,-0.333,0.235,-0.568,-0.487,1.770,-1.263,0.480,-1.750,-1.260,0.010,40252,20131,20121
693,Joe Smith,2008,-2.420,-0.390,-3.580,-0.710,5.990,0.060,-0.540,-2.620,-2.620,-0.000,0.542,0.129,0.413,1.158,0.790,0.130,0.040,0.040,-0.830,-0.580,-2.810,-0.660,-1.010,0.350,-0.373,-0.286,-0.087,0.673,-2.078,-1.033,-0.920,-0.360,-1.270,0.010,33811,16908,16903
101190,Matt Walsh,2008,-0.260,-0.050,0.070,-0.040,0.180,-0.060,-0.640,-0.460,-0.260,-0.200,-0.140,-0.006,-0.134,-0.060,-0.000,-0.190,-0.230,-0.060,0.240,-0.110,-0.330,-0.650,-0.500,-0.150,-0.060,-0.052,-0.008,0.100,-0.600,-0.710,-0.660,-0.610,-1.270,0.000,18,9,9
1601,Rusty LaRue,2008,-0.140,-0.030,0.010,-0.070,0.120,-0.060,-0.490,-0.550,-0.300,-0.250,-0.097,0.027,-0.124,-0.003,0.030,-0.200,-0.250,-0.070,0.220,-0.090,-0.150,-0.610,-0.450,-0.160,-0.096,-0.076,-0.020,0.076,-0.647,-0.706,-0.650,-0.630,-1.280,0.000,74,36,38
101122,Danny Granger,2008,-1.320,0.080,1.780,0.310,-0.460,-0.380,-0.590,0.770,0.500,0.270,-0.639,-0.068,-0.571,-0.591,0.460,0.840,-0.340,-0.780,-0.130,0.020,0.990,-0.390,-0.010,-0.380,0.163,-0.343,0.506,-0.593,0.131,-0.227,-0.460,-0.820,-1.280,-0.000,29018,14532,14486
349,Mark Jackson,2008,0.720,-0.520,0.970,-0.120,-1.710,0.330,0.750,0.400,0.360,0.040,-0.247,-0.356,0.109,-1.073,0.260,-0.100,-0.170,-0.230,-0.090,-0.110,-0.770,-1.480,-1.500,0.020,0.311,0.204,0.107,0.809,0.153,-1.169,-0.920,-0.360,-1.280,-0.000,2128,1060,1068
101207,Kevin Burleson,2008,-0.560,-0.010,1.620,-0.780,-1.060,-0.230,-2.830,-1.260,-1.370,0.110,0.181,0.150,0.031,-0.921,-0.420,-0.200,-0.240,0.190,0.660,-0.200,0.100,-0.210,-0.190,-0.020,0.775,0.775,-0.000,0.135,-1.079,0.565,-2.000,0.700,-1.290,0.010,1280,635,645
2552,Michael Sweetney,2008,1.840,-0.070,-2.060,0.990,0.220,-0.870,-0.090,-1.380,-0.780,-0.600,-1.023,-0.424,-0.599,1.343,-0.250,0.230,0.540,-0.060,-0.290,0.080,-1.060,0.470,0.120,0.350,-0.187,-0.138,-0.049,-0.523,-2.403,0.283,-1.060,-0.240,-1.300,-0.000,14048,7024,7024
1741,Jelani McCoy,2008,0.220,0.020,-0.070,-0.160,-0.170,0.310,-1.020,0.250,0.510,-0.260,-0.496,-0.092,-0.404,-0.464,0.190,-0.110,-0.320,0.030,0.130,-0.060,-0.220,-0.500,-0.190,-0.310,-0.166,0.003,-0.169,0.076,-0.246,-0.666,-0.710,-0.590,-1.300,-0.000,526,261,265
2782,Matt Freije,2008,-1.080,-0.290,1.240,-0.490,-0.150,-0.060,-1.940,-1.560,-1.250,-0.310,0.232,0.467,-0.235,-0.492,-0.100,-0.370,-0.080,0.080,0.180,0.100,0.330,-0.240,-0.190,-0.050,0.556,0.045,0.511,0.204,-1.328,0.316,-1.820,0.520,-1.300,0.000,2053,1022,1031
15,Eric Piatkowski,2008,-1.010,0.000,2.390,-0.510,-1.380,-1.000,-1.140,-2.800,-2.140,-0.660,0.500,-0.054,0.554,0.650,0.470,0.310,-0.650,0.080,0.180,0.470,0.370,0.150,0.560,-0.410,-0.077,-0.061,-0.016,0.267,-2.300,0.073,-1.650,0.340,-1.300,0.010,7518,3776,3742
2456,Cezary Trybanski,2008,-0.370,-0.100,0.060,-0.070,0.300,-0.140,-0.690,-0.670,-0.490,-0.180,-0.055,0.104,-0.159,-0.125,0.050,-0.160,-0.230,-0.030,0.180,-0.120,-0.070,-0.520,-0.370,-0.150,-0.055,-0.015,-0.040,0.115,-0.725,-0.575,-0.850,-0.460,-1.310,0.000,30,16,14
2415,Ryan Humphrey,2008,0.480,-0.900,0.020,0.110,-0.520,-0.460,-1.590,-1.810,-1.260,-0.550,-0.473,-0.041,-0.432,1.193,0.430,-0.260,-0.480,0.070,0.050,-0.130,-0.130,-0.610,-0.310,-0.300,0.052,-0.011,0.063,0.338,-2.283,-0.558,-1.090,-0.220,-1.310,-0.000,1157,574,583
2765,Andre Emmett,2008,-0.150,-0.260,-0.130,-0.100,0.270,0.030,-1.050,-0.910,-0.730,-0.180,0.086,0.130,-0.044,-0.096,-0.060,-0.150,-0.220,-0.020,0.280,-0.070,-0.260,-0.390,-0.240,-0.150,-0.004,-0.021,0.017,0.004,-0.824,-0.394,-0.920,-0.390,-1.310,0.000,88,46,42
2825,Ibrahim Kutluay,2008,-0.230,-0.130,0.070,-0.040,0.150,-0.050,-0.640,-0.540,-0.370,-0.170,-0.159,-0.016,-0.143,-0.121,0.100,-0.160,-0.240,-0.050,0.140,-0.100,-0.150,-0.430,-0.310,-0.120,-0.063,-0.056,-0.007,0.003,-0.699,-0.493,-0.820,-0.490,-1.310,0.000,17,8,9
1719,Bonzi Wells,2008,3.460,-0.860,-2.270,-1.020,-1.200,-0.820,-1.480,-0.910,-0.980,0.070,-1.099,-0.623,-0.476,1.109,-0.280,1.010,-0.070,-0.100,0.360,-0.570,1.020,-1.280,-0.900,-0.380,0.860,0.188,0.672,0.010,-2.009,-0.420,-0.900,-0.410,-1.310,-0.000,28248,14135,14113
201199,DJ Strawberry,2008,-0.260,-0.700,0.140,-0.130,0.110,0.250,1.610,-1.010,-0.510,-0.500,0.913,0.382,0.531,-0.043,-0.190,-0.280,-0.370,0.060,0.570,-0.130,-0.080,-0.770,-0.650,-0.120,-0.020,-0.088,0.068,-0.380,-0.097,-0.790,-0.140,-1.170,-1.310,0.000,1035,508,527
935,Bryon Russell,2008,-2.850,-0.550,1.730,0.030,1.100,-1.040,0.260,-1.830,-1.680,-0.150,0.194,-0.013,0.207,-0.454,0.250,-0.140,0.000,0.470,-0.250,-0.240,3.310,-0.570,0.050,-0.620,0.716,-0.015,0.731,0.624,-1.636,0.146,-2.090,0.770,-1.320,0.000,7618,3822,3796
2731,Emeka Okafor,2008,-0.010,-0.350,-2.480,0.530,2.510,-0.200,-0.060,-2.680,-1.780,-0.900,-0.740,-0.606,-0.134,1.700,-0.350,1.340,0.730,-0.410,-0.380,-0.350,-0.810,0.600,0.110,0.490,-0.376,-0.061,-0.315,0.176,-3.420,0.224,-1.720,0.400,-1.320,0.000,31541,15771,15770
136,P.J. Brown,2008,-1.150,-2.320,-2.870,-0.800,4.010,0.720,0.020,-2.610,-2.280,-0.330,0.105,0.027,0.078,-0.165,0.610,0.710,-0.670,0.330,0.080,-0.560,-0.570,1.050,0.290,0.760,-0.466,-0.379,-0.087,0.756,-2.505,0.584,-2.670,1.340,-1.330,-0.000,38267,19130,19137
101133,Ian Mahinmi,2008,-0.120,-0.010,0.040,-0.110,0.070,-0.040,-0.610,-0.350,-0.330,-0.020,-0.111,0.063,-0.174,-0.099,0.130,-0.220,-0.200,-0.020,0.070,-0.110,-0.190,-0.510,-0.340,-0.170,-0.169,-0.107,-0.062,-0.091,-0.461,-0.679,-0.560,-0.770,-1.330,-0.000,77,38,39
200752,Rudy Gay,2008,0.220,-0.220,-0.330,-0.490,0.130,0.540,-4.160,-0.510,-0.420,-0.090,-0.092,0.459,-0.551,0.462,-0.000,-0.750,-0.600,-0.430,0.610,-0.870,-1.740,-1.980,-2.230,0.250,0.030,0.132,-0.102,0.750,-0.602,-1.950,-0.140,-1.200,-1.340,0.000,19785,9905,9880
101249,John Lucas III,2008,-1.060,0.020,1.860,-0.710,-0.800,-0.080,-1.640,-2.080,-1.650,-0.430,0.592,0.208,0.384,0.558,0.340,-0.150,-0.030,-0.220,-0.320,-0.070,-0.320,-1.050,-0.830,-0.220,-0.051,0.016,-0.067,0.691,-1.488,-1.101,-0.930,-0.410,-1.340,0.000,1746,876,870
1714,Robert Traylor,2008,-0.050,-0.350,-0.560,0.110,0.610,-0.180,0.440,-0.910,-0.150,-0.760,-0.604,0.018,-0.622,1.694,0.550,0.050,-0.180,-0.540,-0.370,0.140,-0.120,-1.110,-0.650,-0.460,0.115,0.177,-0.062,-0.515,-1.514,-0.995,0.180,-1.510,-1.340,-0.010,8472,4222,4250
384,Calbert Cheaney,2008,-2.270,0.170,-2.120,-0.890,4.390,0.400,-1.480,-1.010,-0.840,-0.170,0.435,0.220,0.215,-0.445,1.000,-0.510,0.800,-0.300,-1.790,-0.030,0.970,-0.080,-0.200,0.120,-0.032,-0.049,0.017,-0.198,-0.575,-0.112,-1.020,-0.310,-1.340,-0.010,12596,6305,6291
685,Cherokee Parks,2008,-0.590,-0.190,-0.050,-0.010,0.650,0.150,-0.250,-0.370,-0.160,-0.210,-0.252,-0.084,-0.168,-0.358,0.280,-0.170,-0.310,0.040,0.020,-0.230,-0.180,-0.450,-0.310,-0.140,0.009,0.037,-0.028,0.071,-0.622,-0.441,-0.980,-0.370,-1.350,0.000,210,105,105
1520,Charles Smith,2008,-0.320,-0.490,1.220,-0.100,-0.900,0.140,1.030,-1.160,-0.670,-0.490,0.491,0.280,0.211,-0.391,-0.280,-0.180,-0.050,-0.030,0.330,0.020,0.260,-0.650,-0.420,-0.230,0.193,0.371,-0.178,0.177,-0.669,-0.457,-1.060,-0.280,-1.350,-0.010,779,397,382
101261,Andre Owens,2008,-0.200,-0.830,0.670,0.000,-0.450,-0.240,-2.310,-0.430,-0.040,-0.390,-0.995,-0.120,-0.875,-0.085,0.630,-0.140,-0.500,-0.010,-0.130,0.120,0.250,-0.690,-0.410,-0.280,-0.019,-0.096,0.077,0.869,-1.425,-0.709,-1.510,0.160,-1.350,0.000,2255,1120,1135
101178,Arvydas Macijauskas,2008,-0.240,0.000,0.260,-0.100,-0.020,-0.290,-1.840,-0.740,-0.700,-0.040,-0.062,-0.054,-0.008,-0.078,0.050,-0.140,-0.460,-0.040,0.410,-0.130,-0.040,-0.620,-0.520,-0.100,0.017,-0.035,0.052,0.123,-0.802,-0.603,-0.880,-0.480,-1.360,0.000,456,232,224
2762,Peter John Ramos,2008,-0.190,-0.100,0.040,-0.020,0.140,-0.120,-0.600,-0.500,-0.330,-0.170,-0.199,-0.117,-0.082,-0.231,0.050,-0.120,-0.280,-0.060,0.220,-0.160,-0.340,-0.560,-0.440,-0.120,-0.002,-0.067,0.065,0.132,-0.699,-0.562,-0.930,-0.430,-1.360,0.000,69,36,33
2624,Quinton Ross,2008,-1.110,-0.270,-3.770,-0.880,4.880,0.030,-1.890,-1.400,-1.410,0.010,0.152,0.261,-0.109,-0.622,-0.500,0.320,0.180,0.150,0.320,0.250,1.540,0.330,0.410,-0.080,0.038,-0.171,0.209,0.132,-1.248,0.368,-1.870,0.500,-1.370,0.000,24485,12120,12365
101147,Chris Taft,2008,-0.140,-0.140,0.170,-0.020,-0.040,-0.130,-0.190,-0.900,-0.570,-0.330,-0.294,-0.005,-0.289,0.204,-0.160,-0.230,-0.120,-0.110,0.280,-0.130,-0.580,-0.580,-0.590,0.010,0.256,0.121,0.135,-0.056,-1.194,-0.324,-0.990,-0.380,-1.370,-0.000,576,290,286
2048,Jamaal Magloire,2008,0.040,-0.740,-0.940,-0.540,0.900,0.580,-1.060,-1.690,-0.960,-0.730,-1.323,-0.109,-1.214,1.433,-0.640,-0.340,0.950,0.320,-0.290,-0.090,-1.740,0.810,0.240,0.570,-0.714,-0.240,-0.474,0.114,-3.013,0.096,-1.580,0.210,-1.370,-0.000,30248,15104,15144
2470,Smush Parker,2008,0.670,0.600,-0.040,-0.630,-0.640,0.330,-0.520,-0.300,-0.240,-0.060,-0.156,-0.146,-0.010,-0.084,-1.200,-0.500,-0.720,0.030,1.920,-0.470,-0.130,-1.330,-0.860,-0.470,0.415,0.027,0.388,0.085,-0.456,-0.915,-0.540,-0.830,-1.370,0.000,23981,12005,11976
2035,DerMarr Johnson,2008,0.720,0.000,2.520,-0.540,-3.230,-0.900,-0.810,-1.380,-1.120,-0.260,-0.395,-0.222,-0.173,-0.115,-0.900,0.200,0.430,0.020,0.480,0.900,0.860,0.550,0.820,-0.270,-0.366,-0.366,-0.000,0.336,-1.775,0.184,-1.890,0.520,-1.370,-0.000,11503,5766,5737
2563,Dahntay Jones,2008,1.300,-1.240,-2.700,0.270,1.400,-0.380,-1.750,0.090,-0.160,0.250,0.136,0.144,-0.008,-0.096,-0.220,-0.080,-0.330,-0.450,0.550,-0.470,-2.160,-1.860,-1.430,-0.430,0.656,-0.048,0.704,-0.316,0.226,-1.204,0.130,-1.520,-1.390,0.000,13171,6550,6621
200782,P.J. Tucker,2008,-0.130,-0.160,0.080,-0.110,0.040,-0.330,-1.000,-1.400,-1.110,-0.290,0.072,0.154,-0.082,0.518,0.080,-0.210,-0.290,-0.050,0.210,-0.230,-0.080,-0.690,-0.540,-0.150,-0.023,-0.071,0.048,0.123,-1.328,-0.713,-0.810,-0.590,-1.390,0.010,315,156,159
2409,Marcus Haislip,2008,-0.390,0.090,-0.240,-0.100,0.630,-0.120,-0.460,-0.900,-0.520,-0.380,-0.025,-0.196,0.171,0.245,-0.300,0.080,-0.300,-0.110,0.600,-0.160,-0.230,-0.290,-0.160,-0.130,0.199,0.183,0.016,-0.629,-0.925,-0.091,-0.680,-0.720,-1.400,0.000,1376,697,679
2744,Al Jefferson,2008,1.750,-1.260,-4.190,-0.360,2.440,0.660,-1.100,-1.070,-0.870,-0.200,-0.497,-0.083,-0.414,1.527,0.040,-0.460,0.460,-0.290,-0.500,-0.040,-1.610,-0.220,-0.090,-0.130,-0.791,-0.292,-0.499,-0.349,-1.567,-1.011,-0.040,-1.360,-1.400,0.000,27798,13889,13909
101180,Sarunas Jasikevicius,2008,-0.090,-0.940,2.220,-0.910,-2.120,-0.450,-0.800,-1.180,-1.570,0.390,-0.435,-0.500,0.065,-0.585,-0.930,0.020,1.500,0.050,-0.560,0.980,1.490,1.400,1.560,-0.160,-0.109,-0.142,0.033,-0.491,-1.615,1.291,-2.200,0.800,-1.400,0.000,9860,4936,4924
200984,Lance Allred,2008,-0.350,-0.150,-0.100,-0.050,0.450,-0.120,-0.610,-0.640,-0.460,-0.180,0.060,0.086,-0.026,-0.150,0.010,-0.210,-0.260,-0.060,0.250,-0.120,-0.410,-0.640,-0.530,-0.110,-0.046,-0.031,-0.015,0.016,-0.580,-0.686,-0.730,-0.670,-1.400,0.000,30,15,15
101165,Alex Acker,2008,-0.170,-0.090,0.130,-0.020,0.030,-0.080,-0.470,-0.410,-0.180,-0.230,-0.168,-0.105,-0.063,0.058,-0.020,-0.300,-0.190,-0.080,0.200,-0.150,-0.120,-0.840,-0.710,-0.130,-0.106,-0.037,-0.069,0.056,-0.578,-0.946,-0.520,-0.890,-1.410,0.000,142,67,75
238,Tyrone Hill,2008,-0.420,-0.180,-0.080,-0.110,0.510,0.050,-1.020,-0.510,-0.530,0.020,-0.085,0.151,-0.236,-0.115,0.030,-0.170,-0.200,-0.040,0.160,-0.120,-0.320,-0.700,-0.430,-0.270,-0.060,-0.100,0.040,0.060,-0.595,-0.760,-0.710,-0.700,-1.410,0.000,136,70,66
2079,Kaniel Dickens,2008,-0.740,-0.040,0.690,-0.280,0.050,0.090,-0.910,-0.450,-0.350,-0.100,-0.145,0.172,-0.317,-0.025,-0.030,-0.170,-0.190,-0.030,0.220,-0.260,-0.280,-0.770,-0.640,-0.130,-0.166,-0.106,-0.060,0.146,-0.595,-0.936,-0.620,-0.790,-1.410,0.000,268,134,134
934,Derrick Coleman,2008,0.180,0.290,-0.370,0.210,0.180,-0.300,0.580,0.240,0.600,-0.360,-1.098,-0.451,-0.647,-0.212,-0.370,-0.160,0.470,-0.280,-0.110,0.050,-0.210,-0.710,-0.890,0.180,-0.017,0.035,-0.052,0.377,-0.858,-0.727,-1.070,-0.350,-1.420,0.000,3160,1584,1576
324,Anthony Peeler,2008,-1.680,-0.810,1.480,0.220,0.180,-0.910,-0.190,-1.300,-1.320,0.020,-0.003,-0.009,0.006,-0.117,0.720,-0.610,-0.170,0.060,-0.540,0.290,0.620,0.610,0.690,-0.080,0.107,0.010,0.097,-0.727,-1.303,0.717,-1.420,-0.010,-1.430,0.000,8226,4111,4115
201147,Corey Brewer,2008,0.340,-1.130,-2.680,-0.010,2.340,-0.220,-2.120,-2.260,-2.110,-0.150,0.409,0.168,0.241,0.811,0.910,-0.330,-0.610,-0.080,-0.300,-0.440,-0.870,-0.630,-0.710,0.080,0.278,0.186,0.092,-0.038,-1.851,-0.352,-1.040,-0.390,-1.430,-0.000,6770,3363,3407
1985,Zendon Hamilton,2008,0.390,-0.310,-1.070,-0.400,0.680,0.230,-1.400,0.420,0.210,0.210,-1.046,-0.359,-0.687,0.086,-0.060,-0.520,-0.280,0.180,0.340,-0.180,0.030,-0.670,-0.470,-0.200,-0.063,-0.104,0.041,-0.167,-0.626,-0.733,-0.540,-0.900,-1.440,0.000,2653,1308,1345
441,Lamond Murray,2008,-0.880,-1.200,0.620,0.510,0.240,-0.300,-0.810,-0.880,-0.470,-0.410,-0.370,0.042,-0.412,-0.590,-0.180,-0.010,-0.020,0.290,0.200,0.080,0.620,0.800,0.890,-0.090,-0.029,0.058,-0.087,-0.381,-1.250,0.771,-1.840,0.390,-1.450,-0.000,7977,3980,3997
201178,Kyrylo Fesenko,2008,0.080,-0.280,0.040,-0.090,-0.140,-0.260,-1.240,-1.000,-0.880,-0.120,-0.417,-0.233,-0.184,0.107,-0.050,-0.110,-0.290,0.000,0.340,-0.040,0.270,-0.260,-0.070,-0.190,0.109,-0.024,0.133,0.011,-1.417,-0.151,-1.310,-0.140,-1.450,0.000,267,134,133
905,Dale Davis,2008,-2.020,-0.850,-0.960,-0.060,2.980,-0.550,-0.810,-2.610,-1.850,-0.760,0.132,0.480,-0.348,0.738,0.890,1.060,0.260,-0.000,-1.150,-0.870,-0.410,1.050,0.730,0.320,-0.578,-0.173,-0.405,-0.182,-2.478,0.472,-1.740,0.290,-1.450,-0.000,14158,7062,7096
2435,Mario Kasun,2008,1.060,-0.730,-1.050,0.140,-0.010,-0.380,-1.080,-0.740,-0.250,-0.490,-0.271,-0.379,0.108,1.271,-0.790,-0.040,0.200,-0.100,0.590,-0.340,0.870,-1.270,-0.690,-0.580,-0.201,-0.041,-0.160,-0.239,-1.011,-1.471,0.260,-1.710,-1.460,-0.010,2143,1071,1072
1065,Erick Strickland,2008,-1.270,-0.140,0.620,-0.670,0.630,1.050,0.640,0.110,-0.110,0.220,0.082,-0.007,0.089,-0.752,0.240,-0.480,-0.190,0.150,-0.040,-0.100,-1.020,-0.350,-0.080,-0.270,0.079,-0.199,0.278,-0.629,0.192,-0.271,-0.560,-0.900,-1.460,0.000,6039,3016,3023
2257,Ruben Boumtje-Boumtje,2008,-0.380,-0.080,-0.070,-0.020,0.440,-0.070,-0.520,-0.630,-0.470,-0.160,-0.006,-0.010,0.004,-0.064,0.060,-0.200,-0.180,-0.030,0.110,-0.230,-0.390,-0.650,-0.540,-0.110,-0.132,-0.074,-0.058,0.022,-0.636,-0.782,-0.700,-0.760,-1.460,0.000,74,38,36
101142,Ronny Turiaf,2008,-0.120,-0.360,-0.760,0.320,0.880,-0.110,0.100,-1.300,-1.160,-0.140,-0.436,-0.534,0.098,0.826,-0.460,0.510,-0.640,-0.200,1.080,0.310,0.200,0.040,0.490,-0.450,-0.053,0.007,-0.060,-0.537,-1.736,-0.013,-0.910,-0.550,-1.470,-0.010,11323,5643,5680
101129,Luther Head,2008,0.500,-0.660,3.520,0.070,-4.010,-1.250,-1.940,-0.620,-0.730,0.110,-0.005,-0.068,0.063,-0.465,0.220,0.900,-0.260,-0.210,0.040,0.270,0.800,0.710,0.890,-0.180,-0.538,-0.260,-0.278,-0.562,-0.625,0.172,-1.090,-0.390,-1.480,0.000,22147,11065,11082
2684,Melvin Sanders,2008,-0.610,-0.220,-0.160,-0.120,0.770,0.280,-0.380,-0.600,-0.310,-0.290,-0.339,-0.099,-0.240,0.009,-0.290,-0.210,-0.080,-0.050,0.360,-0.040,0.000,-0.650,-0.430,-0.220,0.091,0.050,0.041,0.009,-0.939,-0.559,-0.930,-0.550,-1.480,0.000,406,199,207
2244,Jeff Trepagnier,2008,-0.220,-0.230,0.080,-0.060,0.130,-0.090,-0.430,-0.760,-0.530,-0.230,-0.130,-0.030,-0.100,-0.150,0.020,-0.190,-0.210,-0.030,0.190,-0.090,0.050,-0.320,-0.190,-0.130,-0.020,-0.021,0.001,-0.100,-0.890,-0.340,-1.040,-0.440,-1.490,-0.010,361,178,183
200818,Justin Williams,2008,0.470,-0.570,-0.770,0.050,0.290,0.110,-2.110,-0.500,0.230,-0.730,-0.124,0.105,-0.229,0.844,-0.650,-0.210,-0.330,-0.290,0.980,-0.180,-1.160,-1.300,-1.020,-0.280,-0.208,-0.045,-0.163,-0.212,-0.624,-1.508,0.220,-1.720,-1.500,0.000,1826,909,917
200790,Marcus Vinicius,2008,0.100,0.030,0.210,-0.020,-0.330,0.440,-0.050,0.590,0.730,-0.140,-0.756,-0.153,-0.603,-0.364,0.260,-0.150,-0.490,-0.130,0.220,-0.330,-0.620,-1.190,-1.090,-0.100,-0.091,-0.133,0.042,0.301,-0.166,-1.281,-0.530,-0.980,-1.500,0.010,621,312,309
1514,Paul Grant,2008,-0.600,-0.220,-0.020,-0.190,0.620,0.140,-0.310,-0.470,-0.340,-0.130,-0.193,-0.126,-0.067,-0.417,-0.070,-0.130,-0.210,0.010,0.270,-0.160,-0.090,-0.630,-0.460,-0.170,0.016,-0.036,0.052,0.174,-0.663,-0.614,-1.080,-0.440,-1.510,0.010,345,172,173
201163,Wilson Chandler,2008,0.210,-0.460,-0.770,0.000,0.560,-0.260,-2.260,-2.020,-0.910,-1.110,0.826,0.442,0.384,0.374,-0.030,-0.120,-0.730,0.120,0.770,-0.320,0.470,-0.560,-0.400,-0.160,-0.129,0.026,-0.155,0.009,-1.194,-0.689,-0.820,-0.680,-1.510,-0.010,2621,1310,1311
201148,Brandan Wright,2008,-0.250,-0.080,-1.120,-0.260,1.370,0.060,-1.850,-1.950,-1.320,-0.630,0.158,0.234,-0.076,0.572,0.130,-0.040,-0.140,-0.050,0.010,-0.030,-0.230,0.490,0.380,0.110,-0.032,0.095,-0.127,-0.758,-1.792,0.458,-1.220,-0.300,-1.520,0.000,1590,793,797
2763,Lionel Chalmers,2008,0.230,-0.740,0.570,-0.120,-0.820,0.330,-0.730,-0.880,-0.400,-0.480,0.217,0.012,0.205,0.063,-0.430,0.140,-0.000,-0.080,0.440,-0.120,-0.430,-0.510,-0.390,-0.120,-0.174,-0.156,-0.018,-0.236,-0.663,-0.684,-0.600,-0.920,-1.520,0.000,1453,720,733
2747,JR Smith,2008,0.090,-0.130,4.290,0.570,-4.380,-0.600,2.510,0.890,1.270,-0.380,-0.440,-0.150,-0.290,0.090,-1.180,-0.740,-0.510,0.160,1.700,0.210,-0.480,-1.420,-0.960,-0.460,-0.022,0.281,-0.303,-0.618,0.450,-1.442,0.540,-2.060,-1.520,0.000,22650,11335,11315
1724,Bryce Drew,2008,-0.310,0.100,0.390,-0.040,-0.090,-0.230,-0.270,-0.470,-0.330,-0.140,-0.111,-0.047,-0.064,-0.249,-0.040,-0.230,-0.270,-0.070,0.320,-0.220,-0.440,-0.880,-0.790,-0.090,0.020,0.034,-0.014,0.160,-0.581,-0.860,-0.830,-0.700,-1.530,0.000,286,142,144
1043,Amal McCaskill,2008,-1.080,-0.320,-0.240,0.290,1.320,-0.160,-0.250,-1.760,-1.100,-0.660,-0.034,-0.603,0.569,0.864,0.340,-0.410,-0.380,0.120,0.040,0.020,-0.180,-0.290,-0.430,0.140,-0.437,-0.303,-0.134,0.127,-1.794,-0.727,-0.930,-0.600,-1.530,0.000,2245,1114,1131
201165,Morris Almond,2008,-0.210,-0.220,-0.010,0.000,0.210,0.030,-0.690,-0.590,-0.360,-0.230,-0.243,-0.122,-0.121,0.003,-0.020,-0.230,-0.290,-0.030,0.300,-0.150,-0.360,-0.630,-0.520,-0.110,-0.133,-0.046,-0.087,0.053,-0.833,-0.763,-0.830,-0.710,-1.540,0.000,139,69,70
200745,Andrea Bargnani,2008,-0.160,0.590,1.860,0.290,-1.700,0.040,0.830,-0.350,0.220,-0.570,0.250,0.679,-0.429,-0.480,-0.540,-0.860,0.120,0.120,0.410,0.230,-0.270,-1.010,-1.150,0.140,0.004,-0.194,0.198,0.036,-0.100,-1.006,-0.580,-0.970,-1.550,-0.000,14212,7123,7089
422,Avery Johnson,2008,1.350,-0.340,-1.480,0.320,0.100,-0.060,-1.860,0.950,1.020,-0.070,-0.728,-0.328,-0.400,-1.052,-0.670,-0.080,0.220,-0.040,0.460,-0.080,0.460,-0.390,-0.200,-0.190,-0.071,0.109,-0.180,-0.259,0.222,-0.461,-0.830,-0.720,-1.550,0.000,2284,1135,1149
101159,Dijon Thompson,2008,-0.430,-0.160,-0.040,-0.010,0.470,0.150,-0.870,-0.490,-0.240,-0.250,-0.049,0.110,-0.159,-0.241,-0.080,-0.220,-0.240,-0.120,0.320,-0.100,-0.030,-0.730,-0.600,-0.130,0.015,-0.081,0.096,-0.055,-0.539,-0.715,-0.780,-0.770,-1.560,-0.010,348,172,176
200762,Oleksiy Pecherov,2008,-0.420,-0.210,1.400,-0.440,-0.980,0.340,-0.250,-0.460,-0.360,-0.100,0.151,0.164,-0.013,0.039,-0.380,-0.180,-0.340,-0.100,0.720,-0.200,-1.560,-1.070,-1.150,0.080,-0.285,0.067,-0.352,0.055,-0.309,-1.355,-0.270,-1.300,-1.570,0.000,1159,590,569
2210,Richard Jefferson,2008,2.160,-1.020,-0.330,-0.560,-1.830,0.380,0.930,1.650,0.660,0.990,-0.420,-0.255,-0.165,-1.550,-1.230,0.300,0.030,-0.280,1.200,-0.110,-1.190,-0.990,-0.530,-0.460,-0.442,-0.293,-0.149,0.172,1.230,-1.432,-0.320,-1.260,-1.580,0.000,52861,26477,26384
200848,Steven Smith,2008,-0.220,-0.170,-0.010,-0.060,0.220,-0.110,-0.820,-0.870,-0.700,-0.170,-0.233,-0.037,-0.196,0.053,0.060,-0.130,-0.300,-0.010,0.240,-0.210,-0.250,-0.600,-0.470,-0.130,-0.115,-0.020,-0.095,0.175,-1.103,-0.715,-1.050,-0.540,-1.590,-0.000,95,48,47
200755,JJ Redick,2008,-1.340,0.400,1.810,-0.230,-0.440,-0.250,0.290,0.740,0.500,0.240,0.063,0.114,-0.051,-0.603,-0.190,-0.130,-0.390,0.050,0.580,-0.250,-0.410,-1.340,-0.780,-0.560,-0.559,-0.099,-0.460,0.099,0.803,-1.899,0.200,-1.800,-1.600,0.000,3403,1711,1692
2605,Marquis Daniels,2008,1.030,-1.160,-1.580,-1.010,0.560,-0.020,-3.410,-2.130,-2.060,-0.070,0.062,-0.016,0.078,1.288,-0.960,0.060,-0.700,-0.320,1.660,0.380,1.040,-1.150,-0.890,-0.260,0.392,0.679,-0.287,-0.062,-2.068,-0.758,-0.780,-0.820,-1.600,-0.000,26909,13428,13481
43,Chris Whitney,2008,-0.410,-0.360,-0.120,-0.100,0.530,-0.490,-1.010,-1.240,-1.150,-0.090,0.079,0.091,-0.012,0.011,0.080,-0.210,-0.090,0.020,0.010,-0.110,-0.140,-0.410,-0.340,-0.070,-0.065,0.043,-0.108,0.025,-1.161,-0.475,-1.150,-0.450,-1.600,0.000,660,328,332
714,Michael Finley,2008,-2.800,0.490,1.730,0.420,1.080,0.260,1.060,0.160,0.500,-0.340,0.704,-0.059,0.763,-1.464,-0.610,-0.310,0.000,0.460,0.600,0.190,0.400,0.240,0.050,0.190,-0.625,-0.124,-0.501,-0.625,0.864,-0.385,-0.600,-1.010,-1.610,-0.000,48563,24338,24225
2246,Mehmet Okur,2008,0.810,-0.330,-0.920,0.030,0.110,-0.340,0.860,-0.010,-0.240,0.230,-0.490,-0.387,-0.103,-0.550,-0.600,-0.220,-0.360,-0.090,0.960,-0.300,0.320,-0.550,-0.790,0.240,0.200,-0.126,0.326,-0.210,-0.500,-0.350,-1.050,-0.560,-1.610,0.000,48616,24293,24323
201155,Rodney Stuckey,2008,0.910,-0.480,-1.540,-0.040,0.620,-0.850,-2.920,-0.940,-1.440,0.500,-0.520,0.078,-0.598,-0.030,-0.520,0.460,-0.290,0.250,0.790,-0.280,0.860,-0.900,-0.220,-0.680,0.321,0.251,0.070,0.449,-1.460,-0.579,-1.490,-0.130,-1.620,-0.000,5222,2599,2623
1594,Rick Brunson,2008,-1.510,-0.040,-0.650,-0.330,2.140,0.460,2.010,-0.380,-0.460,0.080,0.010,-0.132,0.142,-0.390,-0.590,0.210,-0.580,0.090,1.160,-0.250,0.350,-0.910,-1.050,0.140,-0.147,-0.128,-0.019,0.177,-0.370,-1.057,-0.760,-0.880,-1.640,0.000,9449,4728,4721
201144,Mike Conley,2008,1.600,0.190,1.040,0.240,-2.650,-0.840,-0.130,-0.210,0.200,-0.410,1.170,0.413,0.757,0.280,0.410,-0.840,-0.520,-0.260,0.110,-0.670,-2.420,-2.170,-2.280,0.110,-0.887,-0.372,-0.515,0.167,0.960,-3.057,1.240,-2.890,-1.650,0.000,5371,2687,2684
1893,Aleksandar Radojevic,2008,-0.700,-0.360,-0.370,-0.050,1.080,0.340,-0.200,-0.210,0.050,-0.260,-0.422,-0.241,-0.181,-0.798,-0.040,-0.170,-0.220,-0.020,0.270,-0.080,-0.090,-0.320,-0.140,-0.180,0.099,0.013,0.086,-0.009,-0.632,-0.221,-1.430,-0.230,-1.660,0.000,460,228,232
2810,Andre Brown,2008,-0.460,-0.350,0.280,-0.030,0.180,-0.060,-0.290,-0.690,-0.270,-0.420,-0.102,0.035,-0.137,0.672,-0.260,-0.400,-0.300,0.040,0.570,-0.140,-0.010,-0.550,-0.560,0.010,-0.356,-0.141,-0.215,-0.644,-0.792,-0.906,-0.120,-1.550,-1.660,0.010,2030,1020,1010
998,Mark Pope,2008,0.010,-0.000,0.150,-0.040,-0.170,-0.330,-0.960,-0.820,-0.590,-0.230,-0.296,-0.253,-0.043,-0.014,-0.100,-0.220,-0.140,-0.040,0.240,-0.040,-0.250,-0.550,-0.430,-0.120,-0.003,-0.015,0.012,0.023,-1.116,-0.553,-1.130,-0.530,-1.660,0.000,186,90,96
101209,Devin Green,2008,0.010,-0.200,-0.010,-0.140,-0.020,-0.500,-2.210,-0.780,-0.770,-0.010,-0.032,0.041,-0.073,0.052,-0.350,-0.240,-0.130,0.060,0.480,-0.160,0.490,-0.570,-0.360,-0.210,-0.055,-0.063,0.008,-0.275,-0.812,-0.625,-0.760,-0.900,-1.660,0.000,478,236,242
2568,Carlos Delfino,2008,0.970,-1.170,1.960,-0.350,-2.930,-0.600,1.000,-1.580,-1.250,-0.330,0.499,0.265,0.234,0.261,-0.790,-0.520,-1.160,0.180,1.950,-0.310,-0.410,-1.600,-1.400,-0.200,0.084,0.356,-0.272,0.666,-1.081,-1.516,-0.820,-0.850,-1.670,0.000,17454,8698,8756
2561,David West,2008,0.610,-0.360,-2.560,-0.770,1.950,-0.090,-1.180,-1.870,-1.820,-0.050,-0.213,0.259,-0.472,-0.007,-0.790,-0.810,-0.140,-0.240,0.920,0.040,-1.000,0.170,-0.440,0.610,-0.051,-0.287,0.236,0.291,-2.083,0.119,-2.090,0.410,-1.680,0.000,34337,17151,17186
2425,Robert Archibald,2008,-0.050,-0.690,-0.360,-0.110,0.390,-0.410,-2.030,-1.510,-1.260,-0.250,-0.335,0.108,-0.443,-0.035,0.280,-0.240,-0.200,0.130,-0.090,-0.010,1.150,-0.130,0.140,-0.270,0.261,0.126,0.135,0.059,-1.845,0.131,-1.880,0.190,-1.690,-0.000,937,465,472
201193,Demetris Nichols,2008,-0.520,-0.090,0.790,-0.130,-0.280,-0.080,-0.300,-0.880,-0.570,-0.310,-0.121,0.065,-0.186,-0.039,-0.010,-0.110,-0.290,-0.040,0.310,-0.100,-0.180,-0.580,-0.420,-0.160,-0.091,-0.062,-0.029,0.021,-1.001,-0.671,-1.040,-0.650,-1.700,-0.010,160,81,79
2809,Gerald Fitch,2008,-0.720,-0.230,0.300,0.010,0.430,-0.320,-0.280,-1.330,-0.990,-0.340,0.161,-0.395,0.556,-0.121,0.300,0.020,-0.150,0.150,-0.160,-0.360,-0.140,-0.420,-0.290,-0.130,-0.224,-0.144,-0.080,0.234,-1.169,-0.644,-1.290,-0.410,-1.700,0.000,893,447,446
1886,Jonathan Bender,2008,0.170,-0.050,-0.310,-0.140,0.120,0.070,-1.370,0.760,0.380,0.380,-1.067,-0.122,-0.945,-0.433,-0.020,-0.330,-0.220,0.040,0.240,-0.260,-1.410,-0.340,-0.210,-0.130,-0.241,-0.080,-0.161,-0.389,-0.307,-0.581,-0.740,-0.970,-1.710,0.000,2040,1026,1014
1904,Devean George,2008,-2.260,-0.780,1.620,-1.380,0.640,-0.520,-1.420,-2.390,-2.170,-0.220,-0.400,0.047,-0.447,0.300,0.020,-0.500,0.300,0.640,-0.300,0.270,1.100,0.250,0.520,-0.270,0.504,0.086,0.418,0.016,-2.790,0.754,-2.490,0.770,-1.710,0.010,24607,12308,12299
2198,Kwame Brown,2008,0.780,0.780,-0.700,-0.520,-0.080,0.320,-2.160,-0.630,0.110,-0.740,-1.934,-0.814,-1.120,0.664,0.020,-1.230,-0.290,-0.240,0.270,0.490,-3.090,0.570,-0.320,0.890,0.134,0.259,-0.125,-0.524,-2.564,0.704,-1.900,0.180,-1.720,0.000,28031,14001,14030
2294,Charlie Bell,2008,0.040,-1.060,2.980,-0.080,-3.030,0.030,0.100,-0.230,-0.030,-0.200,0.962,0.431,0.531,-0.952,-1.060,-0.340,-0.870,0.020,1.920,-0.010,-0.260,-1.370,-0.600,-0.770,0.568,0.222,0.346,-0.698,0.732,-0.802,-0.220,-1.500,-1.720,0.000,22020,11021,10999
2682,Alex Garcia,2008,-0.150,-0.030,0.190,-0.240,-0.060,-0.140,-0.440,-0.550,-0.360,-0.190,-0.465,-0.020,-0.445,-0.145,-0.060,-0.220,-0.080,-0.020,0.140,-0.280,-0.100,-0.760,-0.590,-0.170,-0.007,0.004,-0.011,0.197,-1.015,-0.767,-1.160,-0.570,-1.730,0.000,539,271,268
101143,Travis Diener,2008,-1.060,-0.480,5.760,0.250,-4.700,-0.520,1.550,-0.020,-0.330,0.310,0.661,0.014,0.647,-0.221,-0.080,-0.340,-0.560,-0.310,0.650,-0.320,0.830,-1.680,-1.050,-0.630,0.375,-0.154,0.529,-0.845,0.641,-1.305,0.420,-2.150,-1.730,-0.000,7338,3691,3647
101121,Joey Graham,2008,-0.990,-0.440,-2.090,0.920,3.080,0.450,-0.990,1.230,0.820,0.410,-0.029,0.541,-0.570,-1.691,0.660,-0.540,-1.310,0.210,0.650,-0.440,-1.870,-1.430,-1.060,-0.370,-0.435,-0.415,-0.020,0.625,1.201,-1.865,-0.490,-1.240,-1.730,0.000,12546,6253,6293
2091,Daniel Santiago,2008,-0.720,-0.380,-0.460,0.870,1.170,-0.230,2.350,0.070,0.780,-0.710,-0.153,-0.247,0.094,-1.147,-0.660,0.100,0.320,-0.130,0.330,-0.430,-1.160,-1.290,-1.320,0.030,0.361,-0.043,0.404,0.409,-0.083,-0.929,-1.230,-0.520,-1.740,0.010,3048,1528,1520
1533,Anthony Johnson,2008,-0.790,0.350,-0.870,-0.200,1.660,-0.450,0.530,-0.130,-0.470,0.340,0.396,0.437,-0.041,-1.676,-0.550,0.070,0.570,-0.000,-0.010,0.460,0.680,0.480,0.750,-0.270,-0.409,-0.249,-0.160,-0.411,0.266,0.071,-1.410,-0.340,-1.760,-0.010,32681,16337,16344
101144,Von Wafer,2008,-0.890,-0.420,1.410,-0.350,-0.520,0.050,-2.050,-0.570,-0.600,0.030,-0.378,0.281,-0.659,-0.322,-0.200,-0.090,-0.380,0.100,0.590,0.070,0.200,-0.170,0.050,-0.220,-0.204,-0.205,0.001,-0.116,-0.948,-0.374,-1.270,-0.490,-1.760,0.000,841,423,418
281,Scott Williams,2008,-1.980,-0.090,-2.400,-0.200,4.380,0.660,0.300,-1.620,-0.770,-0.850,0.043,-0.325,0.368,-0.193,0.580,-0.130,0.230,0.100,-0.830,-0.750,-1.250,-0.700,-0.620,-0.080,0.390,0.078,0.312,0.310,-1.577,-0.310,-1.770,0.000,-1.770,0.000,2621,1309,1312
2751,Viktor Khryapa,2008,1.120,0.730,-1.550,0.470,0.460,-0.840,0.910,-0.170,0.360,-0.530,-0.859,-0.536,-0.323,1.209,0.020,-0.090,-0.630,-0.640,0.610,-0.770,-1.100,-2.320,-2.090,-0.230,0.581,0.167,0.414,-0.211,-1.029,-1.739,0.180,-1.950,-1.770,-0.000,8492,4220,4272
2601,Andreas Glyniadakis,2008,-0.500,-0.060,-0.160,-0.010,0.670,-0.090,-0.290,-0.040,0.070,-0.110,-0.364,-0.108,-0.256,-0.666,-0.050,-0.200,-0.090,-0.060,0.130,-0.160,-0.240,-0.720,-0.560,-0.160,-0.064,0.007,-0.071,0.074,-0.404,-0.784,-1.070,-0.710,-1.790,-0.010,288,144,144
2413,Juan Dixon,2008,-0.800,0.540,0.630,-0.840,0.180,-0.490,-1.760,-0.390,-0.590,0.200,0.603,0.173,0.430,-0.373,-0.220,-0.700,-0.170,0.310,0.390,-0.790,0.200,-2.030,-1.420,-0.610,0.111,0.196,-0.085,0.289,0.213,-1.919,-0.160,-1.630,-1.790,-0.000,27186,13594,13592
101238,Boniface Ndong,2008,-0.210,-0.430,-0.460,-0.050,0.660,0.110,0.090,-0.650,-0.290,-0.360,-0.054,-0.154,0.100,0.164,0.040,-0.250,-0.400,-0.170,0.360,-0.100,-0.940,-1.410,-1.080,-0.330,-0.142,-0.222,0.080,0.282,-0.704,-1.552,-0.540,-1.270,-1.810,0.000,542,270,272
1960,Milt Palacio,2008,1.190,-1.080,-1.610,-0.090,0.430,-0.940,-0.900,-1.390,-1.160,-0.230,-0.520,0.525,-1.045,-0.130,0.060,0.370,0.920,0.280,-0.980,0.060,0.880,0.560,0.730,-0.170,-0.055,-0.044,-0.011,-0.285,-1.910,0.505,-2.040,0.220,-1.820,-0.000,14875,7395,7480
2416,Kareem Rush,2008,-2.090,0.530,2.750,-0.100,-0.650,-0.970,0.160,-0.550,-0.220,-0.330,0.684,0.536,0.148,-0.794,-0.540,-1.060,0.070,0.240,0.470,-0.060,0.010,-1.460,-0.870,-0.590,0.354,0.246,0.108,-0.054,0.134,-1.106,-0.660,-1.160,-1.820,0.000,19520,9769,9751
2249,Jamison Brewer,2008,0.550,-0.440,-0.170,-0.080,-0.410,-0.130,-1.900,-0.640,-0.450,-0.190,-0.977,-0.141,-0.836,0.407,-0.010,-0.260,-0.070,-0.090,0.080,-0.120,-0.170,-0.840,-0.650,-0.190,0.112,0.112,-0.000,0.118,-1.617,-0.728,-1.210,-0.610,-1.820,-0.000,1197,595,602
101155,Ryan Gomes,2008,-2.020,-0.270,-0.940,1.180,2.980,-0.340,0.280,-0.960,-0.890,-0.070,0.374,0.401,-0.027,0.596,-1.240,-1.230,0.550,-0.260,0.690,-0.270,-1.820,-2.070,-2.180,0.110,-0.665,0.102,-0.767,0.895,-0.586,-2.735,0.010,-1.840,-1.830,-0.000,22826,11388,11438
2427,Roger Mason Jr.,2008,-1.620,0.070,3.160,-0.430,-1.550,-0.660,-1.660,-0.010,0.110,-0.120,0.295,0.376,-0.081,-1.075,-0.360,0.010,-0.980,-0.090,1.330,0.000,-1.070,-1.220,-0.560,-0.660,-0.131,0.064,-0.195,0.301,0.285,-1.351,-0.790,-1.050,-1.840,0.000,9896,4958,4938
200784,Bobby Jones,2008,-0.250,0.080,0.340,-0.230,-0.060,-0.620,-1.960,-0.850,-0.700,-0.150,-0.817,-0.491,-0.326,-0.483,0.140,-0.280,-1.410,0.060,1.270,0.020,-0.330,-0.320,-0.230,-0.090,0.489,0.112,0.377,0.151,-1.667,0.169,-2.150,0.320,-1.840,-0.010,3266,1636,1630
2440,Matt Barnes,2008,0.150,-0.200,0.730,-0.440,-0.880,-0.570,0.290,-0.040,-0.300,0.260,-0.440,-0.249,-0.191,0.840,-0.360,-0.390,-1.400,0.230,1.760,-0.340,-1.490,-1.880,-1.170,-0.710,0.136,0.200,-0.064,-0.456,-0.480,-1.744,0.360,-2.200,-1.840,-0.000,22203,11090,11113
2043,Mateen Cleaves,2008,-0.440,-0.080,0.300,-0.110,0.140,-0.440,-0.120,-0.930,-0.770,-0.160,0.134,0.127,0.007,0.196,-0.070,-0.150,-0.140,-0.170,0.210,-0.210,-0.270,-0.950,-0.660,-0.290,-0.208,-0.167,-0.041,-0.082,-0.796,-1.158,-0.600,-1.240,-1.840,0.000,1384,695,689
696,Travis Best,2008,-0.410,-0.720,-1.260,-0.610,1.670,-0.600,-1.540,-0.360,-0.630,0.270,0.316,-0.111,0.427,-0.556,0.640,0.360,-0.760,-0.380,0.120,-0.350,0.400,-1.320,-0.830,-0.490,0.317,0.384,-0.067,-0.247,-0.044,-1.003,-0.600,-1.250,-1.850,0.000,8220,4099,4121
1506,Austin Croshere,2008,-0.640,-0.640,4.110,-0.380,-3.480,-0.640,-0.610,0.000,-0.270,0.270,-0.047,0.304,-0.351,-0.733,0.900,0.010,-0.060,-0.110,-0.840,-0.290,-1.040,-1.260,-1.040,-0.220,-0.164,-0.140,-0.024,0.334,-0.047,-1.424,-0.780,-1.090,-1.870,0.000,20575,10310,10265
200778,James White,2008,-0.090,-0.180,-0.240,-0.080,0.320,-0.200,-0.830,-0.980,-0.780,-0.200,0.167,-0.005,0.172,-0.187,0.180,-0.180,-0.070,-0.130,-0.120,-0.220,-0.670,-0.760,-0.840,0.080,-0.365,-0.195,-0.170,0.255,-0.813,-1.125,-1.000,-0.870,-1.870,0.000,493,244,249
2067,Eddie House,2008,-2.060,-0.550,1.900,0.600,0.140,-0.030,1.960,-0.560,0.090,-0.650,0.558,-0.173,0.731,-0.068,-0.570,-0.820,0.190,0.430,0.390,-0.140,1.140,-1.160,-0.670,-0.490,-0.211,-0.147,-0.064,-0.439,-0.002,-1.371,-0.070,-1.810,-1.880,0.000,23520,11771,11749
2243,Brian Scalabrine,2008,-1.470,-1.350,1.350,0.310,0.120,-0.100,-0.660,-0.800,-0.540,-0.260,-1.078,-0.213,-0.865,-0.162,-1.260,0.280,-0.020,0.200,1.280,0.700,0.320,-0.030,0.330,-0.360,0.549,-0.259,0.808,-0.349,-1.878,0.519,-2.040,0.170,-1.880,-0.010,17169,8589,8580
270,Horace Grant,2008,-0.810,-0.290,-2.250,-0.270,3.050,0.320,-1.180,-2.640,-2.130,-0.510,1.195,0.503,0.692,0.375,-0.250,-0.470,-0.010,-0.110,0.260,-0.310,0.560,-1.410,-1.520,0.110,0.725,0.371,0.354,-0.125,-1.445,-0.685,-1.070,-0.810,-1.880,0.000,4056,2027,2029
924,Anthony Goldwire,2008,-0.850,-0.510,1.030,0.050,-0.190,0.120,0.030,-0.300,-0.310,0.010,0.153,-0.197,0.350,0.027,-0.790,-0.270,-0.040,-0.130,0.840,-0.160,-1.840,-1.200,-1.290,0.090,-0.557,-0.179,-0.378,0.007,-0.147,-1.757,-0.120,-1.750,-1.880,-0.010,2292,1142,1150
2437,Lonny Baxter,2008,0.540,-1.140,-0.410,0.290,-0.130,-0.300,-0.620,-0.950,-0.330,-0.620,-1.504,-1.321,-0.183,0.654,0.280,-0.140,0.160,0.200,-0.430,-0.110,-0.550,0.250,0.270,-0.020,0.428,0.086,0.342,-0.768,-2.454,0.678,-1.800,-0.090,-1.890,0.000,4367,2183,2184
2063,Jake Voskuhl,2008,0.860,-1.040,-2.410,-0.080,1.540,-0.740,0.070,-2.070,-1.590,-0.480,-0.211,-0.072,-0.139,-0.039,1.940,-0.550,-0.950,-0.320,-1.000,0.020,-1.330,-0.440,-0.300,-0.140,0.411,0.201,0.210,0.449,-2.281,-0.029,-2.320,0.420,-1.900,-0.000,15903,7953,7950
2571,Leandro Barbosa,2008,1.090,0.260,3.290,1.320,-4.370,0.030,2.110,2.180,2.140,0.040,0.343,0.295,0.048,-1.233,-0.770,-0.890,0.560,-0.480,0.210,0.180,1.080,-2.230,-1.660,-0.570,-0.271,0.036,-0.307,-0.689,2.523,-2.501,1.290,-3.190,-1.900,0.000,40732,20381,20351
101128,Francisco Garcia,2008,-0.210,-0.050,1.920,-0.550,-1.700,-0.400,-2.900,-0.190,-0.380,0.190,-0.260,-0.431,0.171,-0.540,-0.200,0.480,-0.460,0.340,0.660,-0.040,1.490,-0.790,0.160,-0.950,0.200,0.227,-0.027,-0.330,-0.450,-0.590,-0.990,-0.920,-1.900,0.010,18480,9241,9239
393,Rod Strickland,2008,-0.120,0.260,-1.250,0.080,1.360,-0.510,-0.060,-1.410,-0.850,-0.560,0.556,0.075,0.481,0.684,-0.150,-0.450,-0.170,0.080,0.330,-0.490,-1.590,-1.650,-1.610,-0.040,-0.041,-0.176,0.135,-0.049,-0.854,-1.691,-0.170,-1.740,-1.910,-0.000,5099,2544,2555
2798,Horace Jenkins,2008,0.120,-0.110,-0.470,-0.270,0.330,-0.300,-1.640,-1.220,-1.100,-0.120,-0.034,-0.001,-0.033,-0.436,0.010,-0.050,-0.240,0.020,0.240,-0.180,-0.140,-0.080,-0.080,0.000,-0.148,-0.166,0.018,-0.002,-1.254,-0.228,-1.690,-0.230,-1.920,0.000,364,179,185
101156,Robert Whaley,2008,0.240,-0.150,-0.800,-0.180,0.550,-0.200,-0.310,-1.250,-0.780,-0.470,-0.254,-0.095,-0.159,0.114,-0.060,-0.240,-0.250,0.110,0.310,0.060,0.240,-0.310,0.030,-0.340,-0.070,0.058,-0.128,-0.150,-1.504,-0.380,-1.390,-0.530,-1.920,0.000,719,357,362
200806,Damir Markota,2008,-0.410,0.000,0.860,0.120,-0.450,-0.350,0.070,-0.040,0.060,-0.100,-0.193,-0.299,0.106,-0.317,-0.410,-0.220,0.100,-0.010,0.300,-0.170,-1.140,-0.880,-0.760,-0.120,-0.254,-0.055,-0.199,-0.246,-0.233,-1.134,-0.550,-1.380,-1.930,0.000,578,294,284
2852,Awvee Storey,2008,0.140,0.100,-0.950,-0.340,0.800,-0.570,-1.610,-2.310,-1.820,-0.490,-0.117,-0.307,0.190,1.477,-0.060,-0.120,-0.510,-0.040,0.580,-0.280,-0.500,-0.880,-0.710,-0.170,-0.070,0.099,-0.169,-0.050,-2.427,-0.950,-0.950,-1.000,-1.950,0.000,1550,773,777
213,Antonio Davis,2008,-1.420,-2.130,-0.840,-0.250,2.270,-1.280,0.120,-3.640,-2.960,-0.680,-0.148,-0.218,0.070,0.148,0.350,0.760,0.940,0.320,-1.300,-0.140,0.060,0.880,0.900,-0.020,0.040,0.069,-0.029,0.750,-3.788,0.920,-3.640,1.670,-1.970,0.000,20459,10206,10253
133,David Wesley,2008,-1.960,-0.690,2.050,-0.690,-0.090,-0.710,1.320,-1.940,-2.210,0.270,0.062,-0.139,0.201,-0.022,1.660,-0.070,-1.600,-0.010,-0.050,0.350,-1.500,-0.240,0.200,-0.440,-0.044,0.205,-0.249,0.224,-1.878,-0.284,-1.900,-0.060,-1.970,-0.010,29239,14608,14631
2454,Junior Harrington,2008,-0.640,-0.230,-1.480,-0.440,2.120,-0.050,-1.630,-1.950,-1.630,-0.320,-0.388,0.414,-0.802,-0.012,0.380,0.110,-0.680,-0.060,0.300,-0.240,-0.760,-0.410,-0.360,-0.050,0.455,0.277,0.178,0.345,-2.338,0.045,-2.350,0.390,-1.970,-0.010,3984,1993,1991
1901,Dion Glover,2008,1.070,-0.470,-0.990,-0.440,-0.080,-0.720,-2.280,-2.300,-2.120,-0.180,0.241,0.025,0.216,0.309,0.440,0.170,-0.380,0.190,-0.050,-0.440,-0.090,-0.640,-0.580,-0.060,-0.107,-0.235,0.128,0.517,-2.059,-0.747,-1.750,-0.230,-1.980,0.000,6313,3167,3146
101166,Uros Slokar,2008,-0.480,-0.240,-0.030,-0.230,0.510,-0.110,-0.710,-1.200,-1.140,-0.060,0.006,0.047,-0.041,0.014,-0.080,-0.230,-0.300,-0.090,0.380,-0.180,-0.500,-1.020,-0.930,-0.090,-0.105,0.016,-0.121,0.315,-1.194,-1.125,-1.180,-0.810,-1.990,0.000,272,140,132
101194,Anthony Roberson,2008,-1.000,-0.280,0.700,0.030,0.310,0.150,-0.400,-1.130,-0.550,-0.580,-0.064,0.137,-0.201,-0.066,0.040,-0.260,-0.390,0.000,0.350,-0.040,-0.650,-0.600,-0.410,-0.190,-0.081,-0.046,-0.035,-0.059,-1.194,-0.681,-1.260,-0.740,-2.000,-0.000,1221,611,610
200766,Marcus Williams,2008,0.940,-0.080,1.450,0.390,-2.370,-0.530,-0.330,0.460,0.960,-0.500,0.341,-0.354,0.695,-1.091,-1.040,-0.250,0.060,-0.220,0.980,0.060,-1.700,-1.640,-1.290,-0.350,-0.101,-0.414,0.313,0.021,0.801,-1.741,-0.290,-1.720,-2.010,0.000,8565,4274,4291
757,Damon Stoudamire,2008,-0.810,0.280,2.910,-0.140,-2.100,0.100,3.080,0.090,0.620,-0.530,0.299,0.030,0.269,-0.689,-0.110,0.180,0.240,-0.070,-0.120,-0.990,-2.580,-0.700,-0.990,0.290,-0.590,-0.438,-0.152,-0.420,0.389,-1.290,-0.300,-1.710,-2.010,0.000,33321,16625,16696
2545,Darko Milicic,2008,0.000,-0.670,-2.520,0.270,2.520,-0.170,-2.930,-1.480,-0.980,-0.500,-1.446,-0.565,-0.881,0.406,-0.210,0.280,-0.050,0.090,0.250,0.190,-0.940,1.640,1.200,0.440,-0.281,-0.151,-0.130,-0.849,-2.926,1.359,-2.520,0.510,-2.020,-0.010,18204,9074,9130
902,Bimbo Coles,2008,-0.740,-0.140,-1.070,-0.010,1.810,-0.190,-1.520,-0.960,-0.830,-0.130,-0.319,-0.230,-0.089,0.029,0.220,-0.280,-0.220,-0.020,-0.000,-0.240,0.200,-0.820,-0.660,-0.160,-0.073,0.046,-0.119,0.123,-1.279,-0.893,-1.250,-0.770,-2.020,-0.000,573,284,289
1563,Kevin Ollie,2008,-0.900,-1.380,-2.180,-0.360,3.070,-0.860,0.020,-1.610,-2.120,0.510,0.315,0.334,-0.019,-0.455,-0.100,-0.110,0.260,-0.040,-0.150,-0.290,-0.870,-0.050,-0.320,0.270,0.422,0.275,0.147,-0.652,-1.295,0.372,-1.750,-0.280,-2.020,0.010,13931,6929,7002
1088,Chucky Atkins,2008,0.860,-0.620,3.250,-0.860,-4.120,-0.060,-2.240,-0.080,-0.470,0.390,0.330,-0.176,0.506,-0.060,-0.230,-0.390,-0.750,0.580,0.980,-0.280,-3.080,0.120,-0.170,0.290,-1.269,-0.586,-0.683,-1.071,0.250,-1.149,0.190,-2.220,-2.030,0.000,32920,16496,16424
2239,Trenton Hassell,2008,-2.080,-0.560,-1.940,-1.340,4.010,1.250,-0.400,-0.720,-0.530,-0.190,0.135,0.249,-0.114,-0.355,-1.130,0.340,1.000,-0.140,0.140,0.370,0.050,0.110,0.050,0.060,-0.892,-0.391,-0.501,-0.308,-0.585,-0.782,-0.940,-1.090,-2.030,0.000,37451,18691,18760
1743,Bruno Sundov,2008,-0.200,-0.330,-0.230,-0.270,0.430,-0.230,-1.020,-1.380,-1.180,-0.200,-0.092,0.046,-0.138,-0.208,0.090,-0.130,-0.320,-0.060,0.230,-0.060,-0.260,-0.400,-0.280,-0.120,-0.017,-0.074,0.057,0.057,-1.472,-0.417,-1.680,-0.360,-2.040,0.000,362,180,182
953,Lorenzen Wright,2008,-0.250,-0.550,-1.680,-0.480,1.930,-0.870,1.780,-4.130,-2.790,-1.340,-0.213,0.068,-0.281,1.113,-0.340,0.880,0.850,-0.270,-0.520,-0.290,-1.840,0.570,-0.040,0.610,0.431,0.307,0.124,0.179,-4.343,1.001,-3.230,1.180,-2.040,0.010,25050,12527,12523
788,Kevin Willis,2008,-0.580,-0.790,-1.340,0.600,1.930,-0.350,-1.600,-0.220,0.140,-0.360,0.085,0.003,0.082,-0.195,-0.400,-0.280,0.010,-0.180,0.390,0.030,0.070,-1.730,-1.090,-0.640,0.039,0.121,-0.082,-0.019,-0.135,-1.691,-0.330,-1.710,-2.050,-0.010,2884,1429,1455
2574,Jason Kapono,2008,-2.350,-0.740,0.660,0.650,1.680,0.220,0.550,-0.870,-0.500,-0.370,0.106,-0.085,0.191,-0.656,0.320,-0.020,-0.760,0.180,0.440,0.620,0.720,-0.020,0.480,-0.500,-0.366,-0.440,0.074,-0.244,-0.764,-0.386,-1.420,-0.630,-2.050,0.000,22688,11420,11268
1751,Jahidi White,2008,1.980,-0.520,-1.400,-0.850,-0.590,0.120,-2.820,-2.070,-0.910,-1.160,-1.696,-0.789,-0.907,1.576,-0.010,0.110,-0.420,0.190,0.430,0.270,-0.040,0.750,1.090,-0.340,-0.227,0.036,-0.263,-0.383,-3.766,0.523,-2.190,0.140,-2.050,0.000,3758,1867,1891
101110,Martell Webster,2008,-1.280,-0.560,1.780,-0.050,-0.500,-0.510,-0.080,-0.900,-0.670,-0.230,0.506,0.248,0.258,0.014,-0.020,-0.040,0.560,-0.780,-0.530,0.010,-0.850,-1.430,-1.250,-0.180,0.033,-0.238,0.271,-0.283,-0.394,-1.397,-0.380,-1.680,-2.050,0.010,17782,8915,8867
922,Elden Campbell,2008,0.290,-0.390,-2.840,-0.080,2.550,0.310,-0.590,-0.300,-0.390,0.090,-1.204,-0.133,-1.071,-1.056,0.730,-0.010,0.650,0.050,-1.400,-0.250,-0.110,0.770,0.690,0.080,-0.384,-0.374,-0.010,0.114,-1.504,0.386,-2.560,0.500,-2.060,0.000,5091,2548,2543
960,Tony Delk,2008,-0.100,-0.090,1.160,-0.710,-1.060,-0.450,-0.830,-1.090,-0.680,-0.410,1.153,0.429,0.724,0.167,-0.340,-0.220,-0.290,-0.440,0.640,-0.610,0.440,-3.230,-2.400,-0.830,0.435,0.110,0.325,0.505,0.063,-2.795,0.230,-2.290,-2.060,0.000,8816,4391,4425
2604,Theron Smith,2008,-0.510,-0.440,0.220,0.110,0.280,-1.010,-0.300,-1.660,-1.250,-0.410,-0.546,-0.021,-0.525,1.316,-0.320,-0.150,-0.080,-0.120,0.400,0.110,-0.420,-0.910,-0.410,-0.500,-0.051,-0.119,0.068,-0.209,-2.206,-0.961,-0.890,-1.170,-2.060,-0.000,2591,1291,1300
1922,Francisco Elson,2008,-2.560,-0.060,-1.900,0.560,4.460,-0.150,1.190,-2.310,-1.310,-1.000,-0.639,-0.392,-0.247,-0.831,0.980,-0.540,-0.190,0.280,-0.800,0.040,-1.140,0.520,0.100,0.420,0.732,0.607,0.125,0.448,-2.949,1.252,-3.780,1.700,-2.090,-0.010,22023,10965,11058
2037,Jamal Crawford,2008,-0.890,-1.560,2.050,-0.050,-1.160,0.290,-1.710,0.460,-0.120,0.580,0.471,0.178,0.293,-0.201,-1.080,-1.370,-0.100,-0.250,1.190,-0.490,-0.930,-2.650,-2.250,-0.400,-0.175,0.286,-0.461,0.005,0.931,-2.825,0.730,-2.820,-2.090,0.000,50195,25115,25080
283,Lindsey Hunter,2008,1.300,-0.380,-0.120,-1.490,-1.180,-0.540,-1.530,-2.480,-2.270,-0.210,-0.423,-0.593,0.170,-0.347,0.320,0.640,-1.520,0.330,1.200,-0.300,0.340,-0.350,-0.380,0.030,1.132,0.020,1.112,0.388,-2.903,0.782,-3.250,1.170,-2.090,-0.010,14934,7392,7542
101185,Rawle Marshall,2008,0.140,-0.490,-1.620,-0.000,1.460,-0.740,-3.460,-1.490,-1.320,-0.170,-0.677,-0.356,-0.321,-0.233,-0.230,0.070,0.250,-0.170,-0.030,0.160,0.230,-0.420,0.030,-0.450,0.295,-0.063,0.358,0.435,-2.167,-0.125,-2.400,0.310,-2.090,0.000,2249,1116,1133
952,Antoine Walker,2008,1.880,-0.570,2.880,-1.940,-4.760,-0.450,-1.780,-2.590,-1.120,-1.470,-0.376,-0.206,-0.170,1.156,-0.490,-0.720,-0.930,0.140,1.420,0.080,-0.190,-0.670,-0.420,-0.250,0.076,0.297,-0.221,0.304,-2.966,-0.594,-1.810,-0.290,-2.100,0.000,44786,22415,22371
2775,Ha Ha,2008,0.060,0.020,-0.400,-0.010,0.330,-0.330,-1.080,-1.240,-0.790,-0.450,0.114,0.309,-0.195,0.276,-0.180,-0.150,-0.140,-0.110,0.310,-0.180,-0.640,-0.890,-0.720,-0.170,-0.093,-0.016,-0.077,-0.277,-1.126,-0.983,-0.850,-1.260,-2.110,0.000,1125,563,562
200783,Craig Smith,2008,-0.300,0.110,-1.820,-0.350,2.130,0.490,-0.470,-1.210,-0.580,-0.630,-1.487,-0.250,-1.237,1.487,1.270,-0.900,-1.380,-0.060,0.100,-0.140,-2.660,-0.760,-0.580,-0.180,0.067,0.343,-0.276,-0.227,-2.697,-0.693,-1.210,-0.920,-2.120,0.010,11475,5730,5745
299,Glenn Robinson,2008,-1.360,-0.280,-1.150,0.060,2.500,0.250,-0.730,0.200,-0.090,0.290,-0.589,-0.715,0.126,-1.261,-0.390,-0.590,-0.090,0.080,0.490,0.280,-0.430,0.520,0.590,-0.070,-0.581,-0.386,-0.195,-0.409,-0.389,-0.061,-1.650,-0.470,-2.120,-0.000,5897,2942,2955
2648,Ronald Dupree,2008,0.210,-0.540,-1.350,-0.080,1.140,-0.840,-1.450,-1.820,-1.210,-0.610,-0.316,-0.279,-0.037,0.386,-0.470,-0.010,-0.560,0.320,1.020,0.160,1.180,-0.530,0.350,-0.880,0.225,-0.064,0.289,-0.075,-2.136,-0.305,-1.750,-0.380,-2.130,0.000,6640,3300,3340
2590,Mo Williams,2008,0.360,-0.440,-0.480,0.020,0.120,0.220,-0.970,-0.360,-0.020,-0.340,-0.204,-0.009,-0.195,0.124,0.350,-0.680,-1.090,-0.020,0.740,-0.790,-1.370,-1.950,-1.620,-0.330,-0.111,0.133,-0.244,0.371,-0.564,-2.061,-0.440,-1.690,-2.130,0.000,35477,17720,17757
399,Sean Rooks,2008,-1.540,-0.320,0.200,-0.110,1.350,0.330,0.990,-0.760,-0.450,-0.310,-0.373,-0.311,-0.062,-0.257,-0.000,-0.310,-0.490,-0.120,0.500,0.180,-0.850,-0.620,-0.430,-0.190,0.198,0.313,-0.115,-0.318,-1.133,-0.422,-1.390,-0.740,-2.140,-0.010,2172,1095,1077
2774,Bernard Robinson,2008,1.740,-0.140,-0.690,-1.180,-1.040,-0.910,-5.080,-1.910,-2.420,0.510,-0.092,0.027,-0.119,-0.138,-1.370,0.100,0.320,0.260,1.060,-0.550,-0.420,-0.630,-0.530,-0.100,0.870,0.438,0.432,-0.240,-2.002,0.240,-2.140,0.000,-2.140,-0.000,7302,3615,3687
200978,Jeremy Richardson,2008,-0.750,-0.020,0.220,-0.060,0.540,-0.330,-1.660,-0.910,-0.810,-0.100,0.261,0.278,-0.017,-0.051,-0.090,-0.400,-0.270,-0.070,0.360,-0.180,-0.730,-1.350,-1.070,-0.280,-0.185,-0.104,-0.081,0.075,-0.649,-1.535,-0.700,-1.460,-2.150,0.010,547,277,270
200786,David Noel,2008,0.320,-1.020,-0.030,0.600,-0.300,0.130,0.320,0.990,1.350,-0.360,0.137,-0.086,0.223,-0.967,-0.480,-0.580,-0.130,-0.200,0.610,-0.220,-2.070,-2.090,-1.670,-0.420,-0.201,-0.044,-0.157,-0.019,1.127,-2.291,0.160,-2.310,-2.150,0.000,2991,1478,1513
200821,Yakhouba Diawara,2008,0.320,-0.660,2.010,-0.540,-2.320,-0.300,-1.350,-0.990,-0.540,-0.450,-0.208,0.208,-0.416,-0.972,-0.270,0.580,-0.050,0.120,0.300,-0.180,-0.280,0.100,0.220,-0.120,-0.079,-0.069,-0.010,-0.011,-1.198,0.021,-2.170,0.010,-2.160,0.000,6860,3434,3426
1900,Quincy Lewis,2008,-0.210,-0.180,0.020,-0.110,0.170,-0.050,-1.130,-0.320,-0.170,-0.150,-0.332,-0.221,-0.111,-0.658,0.180,-0.210,-0.390,-0.020,0.210,-0.160,-0.160,-0.590,-0.350,-0.240,-0.049,0.003,-0.052,-0.221,-0.652,-0.639,-1.310,-0.860,-2.160,0.010,228,113,115
101111,Charlie Villanueva,2008,0.780,0.460,0.240,-1.000,-1.010,0.400,-1.630,-0.660,-0.510,-0.150,0.199,0.257,-0.058,1.441,-1.520,-0.890,-0.290,-0.250,1.800,-0.620,-3.230,-2.210,-2.070,-0.140,-0.502,-0.144,-0.358,-0.458,-0.461,-2.712,0.980,-3.170,-2.190,0.000,19648,9823,9825
2046,Desmond Mason,2008,2.220,-1.040,-5.020,0.060,2.810,-0.350,-4.150,-0.890,-1.420,0.530,-0.431,-0.096,-0.335,-0.389,0.250,-0.140,-0.560,0.220,0.310,-0.760,1.780,0.250,0.020,0.230,-0.323,-0.451,0.128,-0.417,-1.321,-0.073,-1.710,-0.490,-2.210,-0.010,44971,22462,22509
2052,DeShawn Stevenson,2008,1.230,-0.940,-1.040,-0.580,-0.190,0.640,-1.650,-0.040,-0.300,0.260,0.626,0.366,0.260,0.024,-1.840,-0.840,0.240,-0.730,1.600,-0.700,-2.480,-2.210,-2.330,0.120,-0.371,-0.047,-0.324,-0.239,0.586,-2.581,0.610,-2.820,-2.210,0.000,42518,21228,21290
1853,Anthony Carter,2008,1.650,0.070,-1.860,-0.440,0.210,-0.380,1.890,-0.870,-0.440,-0.430,-0.312,-0.672,0.360,0.012,-0.100,0.870,-0.350,-0.360,0.460,-0.300,-0.490,-1.270,-0.980,-0.290,0.227,0.419,-0.192,-0.007,-1.182,-1.043,-1.170,-1.050,-2.220,0.000,13503,6724,6779
2566,Travis Outlaw,2008,-1.600,0.030,-1.650,0.150,3.260,0.200,-2.330,0.580,0.310,0.270,0.388,0.301,0.087,-1.168,-1.150,0.220,-0.760,0.370,1.900,0.400,-0.290,-0.600,-0.180,-0.420,-0.066,-0.378,0.312,-1.354,0.968,-0.666,-0.200,-2.020,-2.230,-0.010,20638,10310,10328
200792,Alexander Johnson,2008,0.000,0.150,-1.050,-0.060,1.040,0.690,-1.750,1.100,0.760,0.340,-0.614,-0.309,-0.305,-0.536,0.360,-0.920,-0.500,-0.180,0.140,-0.700,-1.810,-2.050,-1.840,-0.210,0.123,0.113,0.010,-0.243,0.486,-1.927,-0.050,-2.170,-2.230,-0.010,4896,2459,2437
2867,Kasib Powell,2008,-0.450,-0.560,0.700,-0.330,-0.260,-0.280,-1.690,-1.870,-1.610,-0.260,0.043,0.026,0.017,-0.343,0.300,-0.080,-0.470,0.030,0.170,-0.060,-0.240,0.410,0.340,0.070,0.118,0.155,-0.037,-0.598,-1.827,0.528,-2.170,-0.070,-2.240,0.000,1010,504,506
363,Christian Laettner,2008,-0.030,0.150,-0.430,-0.380,0.450,-0.050,-0.030,-1.220,-0.780,-0.440,-0.573,-0.938,0.365,-1.227,-0.350,0.150,0.610,0.110,-0.250,0.570,1.000,1.320,1.290,0.030,-0.203,-0.024,-0.179,-0.337,-1.793,1.117,-3.020,0.780,-2.240,0.000,6957,3496,3461
200779,Steve Novak,2008,-0.670,-0.520,3.190,0.070,-2.480,-0.100,0.630,0.320,0.740,-0.420,0.009,-0.483,0.492,-1.279,0.090,-0.050,-0.590,-0.080,0.510,-0.060,0.400,-1.050,-0.580,-0.470,-0.476,-0.178,-0.298,0.216,0.329,-1.526,-0.950,-1.310,-2.260,0.000,1685,842,843
200807,Will Blalock,2008,0.440,-0.560,-0.490,-0.180,0.030,-0.840,-2.180,-2.230,-2.100,-0.130,-0.262,-0.193,-0.069,0.532,0.150,0.020,0.040,-0.040,-0.200,-0.150,-0.100,-0.150,0.000,-0.150,-0.040,0.011,-0.051,-0.120,-2.492,-0.190,-1.960,-0.310,-2.270,0.000,583,290,293
2770,Justin Reed,2008,0.840,-0.670,-1.730,-0.400,0.890,-0.240,-2.110,-1.110,-0.870,-0.240,-0.176,0.110,-0.286,-0.314,-0.250,-0.340,-0.400,-0.100,0.660,0.010,1.120,-0.950,-0.510,-0.440,0.520,0.139,0.381,-0.250,-1.286,-0.430,-1.600,-0.680,-2.280,0.000,5330,2645,2685
296,Rick Fox,2008,0.960,-0.010,-0.870,-0.420,-0.090,0.380,0.700,-1.260,-1.030,-0.230,0.112,-0.075,0.187,-0.632,0.040,-0.620,0.040,-0.150,-0.070,0.490,0.080,-0.850,-0.840,-0.010,-0.085,-0.097,0.012,0.435,-1.148,-0.935,-1.780,-0.500,-2.280,0.000,3689,1841,1848
101182,Donell Taylor,2008,0.600,0.270,-0.870,-0.520,0.260,-1.350,-1.800,-2.580,-2.270,-0.310,0.269,0.194,0.075,-0.379,0.020,-0.450,-0.310,0.150,0.280,0.250,0.270,-0.090,0.120,-0.210,0.340,0.125,0.215,0.140,-2.311,0.250,-2.690,0.390,-2.300,0.000,3123,1549,1574
2447,Tamar Slay,2008,-0.500,-0.040,0.060,-0.220,0.440,-0.480,-0.680,-1.540,-1.100,-0.440,0.066,-0.058,0.124,0.474,0.160,-0.360,-0.230,-0.200,0.060,-0.240,-0.730,-1.430,-1.200,-0.230,-0.035,-0.096,0.061,0.145,-1.474,-1.465,-1.000,-1.320,-2.320,0.000,907,456,451
915,Rodney Rogers,2008,0.970,-0.390,2.640,-0.680,-3.600,-1.110,1.060,-0.740,-0.370,-0.370,-0.207,-0.142,-0.065,-1.363,1.660,-0.560,-0.520,-0.240,-1.160,0.090,0.410,-0.330,-0.160,-0.170,0.168,0.192,-0.024,0.142,-0.947,-0.162,-2.310,-0.020,-2.320,0.010,11202,5604,5598
2737,Rafael Araujo,2008,0.800,-0.020,-2.610,-0.330,1.820,-0.210,-2.080,-1.340,-0.710,-0.630,-0.482,0.066,-0.548,-0.508,0.550,-1.150,0.720,-0.150,-1.270,-0.010,-1.510,-1.050,-1.050,0.000,0.126,-0.035,0.161,0.934,-1.822,-0.924,-2.330,0.010,-2.320,0.000,6077,3027,3050
2411,Bostjan Nachbar,2008,0.700,-1.640,3.670,-0.060,-4.370,-1.180,-0.330,-0.500,-0.750,0.250,-0.490,0.199,-0.689,-0.340,0.190,0.600,-1.110,-0.380,0.910,0.360,0.010,-1.230,-0.540,-0.690,-0.203,-0.691,0.488,0.423,-0.990,-1.433,-1.330,-1.010,-2.330,0.010,21392,10716,10676
200771,Sergio Rodriguez,2008,0.110,-1.040,0.920,-0.570,-1.040,0.170,1.720,-1.110,-0.680,-0.430,-0.309,0.022,-0.331,-0.021,-0.020,-0.410,-0.870,-0.180,0.900,-0.050,-1.390,-1.170,-1.040,-0.130,0.404,0.306,0.098,-0.134,-1.419,-0.766,-1.440,-0.900,-2.340,0.000,5379,2693,2686
200780,Solomon Jones,2008,1.530,-0.560,-1.250,-0.570,-0.290,-0.460,-2.280,-0.100,-0.580,0.480,-0.079,-0.136,0.057,0.049,-1.060,0.010,-0.330,0.070,1.390,-0.580,-1.300,-1.680,-1.360,-0.320,-0.702,-0.529,-0.173,0.162,-0.179,-2.382,-0.130,-2.220,-2.350,0.000,3271,1622,1649
2767,Royal Ivey,2008,-0.160,-0.440,-2.180,-0.800,2.330,0.070,0.850,-0.740,-0.190,-0.550,-0.730,-0.196,-0.534,-0.090,-1.250,-0.780,0.140,-0.230,1.120,-0.530,-0.920,-2.250,-2.150,-0.100,1.092,0.199,0.893,0.358,-1.470,-1.158,-1.560,-0.800,-2.360,0.000,13705,6848,6857
200797,Ryan Hollins,2008,-0.100,-0.130,-1.210,-0.260,1.310,-0.240,-1.960,-0.960,-0.770,-0.190,-1.179,-0.564,-0.615,1.209,0.240,-0.020,-0.800,-0.070,0.560,-0.260,-1.100,-1.280,-0.970,-0.310,-0.257,-0.172,-0.085,0.107,-2.139,-1.537,-0.930,-1.430,-2.360,0.000,2633,1306,1327
2845,Erik Daniels,2008,-0.550,-0.120,0.180,-0.280,0.370,-0.270,-1.410,-1.460,-1.140,-0.320,-0.480,-0.236,-0.244,-0.060,0.080,-0.200,-0.160,0.080,0.080,-0.150,-0.210,-0.300,-0.190,-0.110,-0.192,-0.063,-0.129,0.132,-1.940,-0.492,-2.000,-0.360,-2.360,0.000,261,129,132
2779,Vassilis Spanoulis,2008,-0.880,-0.060,1.220,-0.440,-0.330,-0.630,-1.980,-1.620,-1.790,0.170,0.186,-0.208,0.394,-0.736,-0.100,-0.170,-0.160,-0.030,0.260,0.130,0.230,-0.470,-0.250,-0.220,0.050,0.145,-0.095,0.230,-1.434,-0.420,-2.170,-0.190,-2.370,-0.010,984,491,493
2400,Drew Gooden,2008,-0.560,-1.330,-2.760,0.250,3.320,0.550,-1.230,-1.690,-1.070,-0.620,-0.098,-0.091,-0.007,0.688,-1.330,-1.190,1.100,-0.880,0.220,-0.050,-1.640,-0.890,-1.580,0.690,-0.510,0.030,-0.540,0.110,-1.788,-1.400,-1.100,-1.290,-2.380,0.010,44278,22083,22195
77,Doug Overton,2008,-0.170,-0.100,-1.420,-0.360,1.570,0.650,-1.550,-0.980,-1.040,0.060,-0.748,-0.161,-0.587,1.048,-0.130,0.030,0.130,-0.030,0.000,-0.250,-0.460,-0.690,-0.330,-0.360,-0.429,-0.123,-0.306,-0.591,-1.728,-1.119,-0.680,-1.710,-2.380,0.010,3745,1868,1877
2078,Jason Hart,2008,-3.120,-0.120,-1.730,0.100,4.840,-0.570,-0.240,-1.770,-1.380,-0.390,0.099,0.296,-0.197,-1.169,0.100,-0.110,-0.240,0.580,0.130,0.410,1.320,0.010,0.500,-0.490,0.581,0.260,0.321,-0.131,-1.671,0.591,-2.840,0.460,-2.380,0.000,18283,9128,9155
2212,Steven Hunter,2008,-0.680,-0.120,-2.290,-0.830,2.970,-0.390,-4.030,-1.960,-0.820,-1.140,-0.976,-0.370,-0.606,1.186,0.040,0.500,0.740,0.480,-0.790,-0.380,-1.600,1.980,0.940,1.040,-1.550,-0.752,-0.798,-1.080,-2.936,0.430,-1.750,-0.650,-2.410,-0.010,19188,9555,9633
201176,Jermareo Davidson,2008,-0.760,-0.250,-0.830,-0.100,1.600,-0.400,-1.490,-1.690,-1.370,-0.320,0.117,0.095,0.022,0.063,-0.720,-0.040,0.240,-0.160,0.480,0.070,-0.380,-0.800,-0.680,-0.120,-0.153,-0.139,-0.014,0.033,-1.573,-0.953,-1.510,-0.920,-2.430,0.000,1180,588,592
1913,Michael Ruffin,2008,-1.940,-1.090,-0.230,-0.440,2.180,-0.740,-3.140,-3.030,-2.680,-0.350,-0.955,-0.062,-0.893,2.315,0.210,-0.750,-0.080,-0.030,-0.140,-0.310,0.940,-2.060,-1.180,-0.880,0.847,0.584,0.263,0.443,-3.985,-1.213,-1.670,-0.770,-2.440,0.000,15323,7601,7722
2051,Donnell Harvey,2008,0.270,0.020,-1.200,0.140,0.920,-0.990,-3.600,-0.950,-1.230,0.280,-0.753,-0.115,-0.638,0.043,-0.130,-0.420,-0.280,0.050,0.410,0.190,-0.340,-0.730,-0.390,-0.340,0.157,0.092,0.065,-0.217,-1.703,-0.573,-1.660,-0.790,-2.450,-0.000,3019,1503,1516
2451,Corsley Edwards,2008,-0.420,-0.100,0.260,-0.110,0.160,-0.580,-1.720,-1.490,-1.350,-0.140,-0.318,-0.129,-0.189,-0.082,-0.160,-0.120,-0.070,0.050,0.230,-0.250,-0.170,-0.520,-0.360,-0.160,0.053,0.075,-0.022,-0.093,-1.808,-0.467,-1.890,-0.560,-2.460,-0.010,479,240,239
932,Oliver Miller,2008,1.190,-0.220,-1.170,-0.480,-0.040,0.030,-1.540,-1.740,-1.640,-0.100,-0.398,-0.375,-0.023,-0.252,0.020,-0.050,0.160,0.130,-0.190,-0.150,-0.320,-0.550,-0.310,-0.240,0.075,0.160,-0.085,0.415,-2.138,-0.475,-2.390,-0.060,-2.460,-0.010,1978,978,1000
2766,Antonio Burks,2008,-0.260,-0.520,-0.600,0.130,0.850,-0.790,-1.630,-1.100,-0.480,-0.620,-0.339,-0.202,-0.137,-0.781,-0.130,-0.060,-0.370,-0.030,0.500,0.090,-0.360,-0.440,-0.060,-0.380,0.599,0.088,0.511,-0.409,-1.439,0.159,-2.220,-0.250,-2.460,0.010,2616,1294,1322
2055,Mamadou N'diaye,2008,-0.020,-0.440,0.500,-0.420,-0.480,-0.570,-1.180,-1.830,-1.740,-0.090,0.031,-0.043,0.074,0.569,-0.120,-0.130,-0.330,0.020,0.440,-0.160,-0.760,-0.680,-0.470,-0.210,-0.245,-0.065,-0.180,-0.315,-1.799,-0.925,-1.230,-1.240,-2.470,0.000,1642,814,828
200756,Hilton Armstrong,2008,-0.090,-0.320,-1.690,0.430,1.780,-0.180,-2.900,-1.640,-0.950,-0.690,-1.465,0.058,-1.523,0.905,-0.490,0.220,-0.480,-0.050,0.970,-0.330,-0.610,-0.870,-1.140,0.270,0.144,0.145,-0.001,0.456,-3.105,-0.726,-2.200,-0.270,-2.470,0.000,5165,2585,2580
200754,Mouhamed Sene,2008,-0.050,-0.460,-0.680,-0.210,0.720,-0.060,-1.540,-1.210,-0.810,-0.400,-0.188,-0.004,-0.184,0.198,0.040,-0.180,-0.200,-0.290,0.150,-0.070,-0.310,-1.160,-0.960,-0.200,-0.099,-0.044,-0.055,-0.021,-1.398,-1.259,-1.200,-1.280,-2.480,0.000,845,430,415
2588,Matt Bonner,2008,-2.210,-1.160,3.170,-0.140,-0.950,0.340,0.650,-1.640,-1.630,-0.010,0.642,0.501,0.141,0.628,0.700,-0.570,-0.900,-0.380,0.190,-0.860,-1.760,-2.620,-2.590,-0.030,-0.091,-0.033,-0.058,0.591,-0.998,-2.711,-0.370,-2.120,-2.490,0.000,17601,8824,8777
1508,Maurice Taylor,2008,-0.120,-0.440,-1.500,-0.450,1.620,0.680,-2.190,-1.010,-0.600,-0.410,-0.686,0.085,-0.771,-1.014,1.440,-0.650,-1.020,0.280,-0.430,0.280,-1.460,0.350,0.540,-0.190,-0.071,-0.313,0.242,-0.069,-1.696,0.279,-2.710,0.210,-2.500,0.000,17453,8725,8728
101117,Yaroslav Korolev,2008,-0.670,-0.030,-0.090,-0.240,0.760,-0.530,-1.810,-1.850,-1.550,-0.300,-0.048,-0.196,0.148,-0.062,-0.170,-0.280,-0.160,-0.210,0.330,-0.040,-0.720,-1.340,-1.030,-0.310,0.317,0.133,0.184,0.473,-1.898,-1.023,-1.960,-0.550,-2.500,0.010,607,304,303
2452,J.R. Bremer,2008,-0.250,-0.810,1.170,-0.290,-0.930,-0.360,0.090,-2.850,-2.170,-0.680,-0.247,-0.125,-0.122,1.417,0.720,-0.160,0.140,-0.020,-0.880,-0.440,-0.390,-0.910,-0.830,-0.080,-0.086,-0.070,-0.016,0.156,-3.097,-0.996,-1.680,-0.840,-2.520,-0.000,1595,800,795
101115,Andrew Bynum,2008,0.310,0.120,-1.800,0.560,1.490,0.040,-0.880,-0.780,-0.380,-0.400,-1.754,-1.086,-0.668,-0.046,0.150,0.390,0.540,0.150,-0.690,0.090,-0.550,1.060,0.700,0.360,-0.818,-0.154,-0.664,-0.202,-2.534,0.242,-2.580,0.040,-2.550,-0.010,12354,6172,6182
2741,Robert Swift,2008,-0.390,-0.180,-1.180,0.080,1.580,0.650,-2.270,-0.610,-0.050,-0.560,-1.810,-0.941,-0.869,1.040,-0.370,-0.260,-0.150,-0.280,0.510,-0.040,-1.050,-1.010,-1.150,0.140,-0.185,-0.112,-0.073,0.005,-2.420,-1.195,-1.380,-1.190,-2.560,0.010,4376,2183,2193
2669,Linton Johnson,2008,-1.400,-0.570,-0.700,-0.220,2.090,-0.990,-0.960,-2.550,-1.980,-0.570,-0.041,-0.220,0.179,0.231,0.060,0.380,-1.030,-0.140,0.970,-0.130,-0.120,-1.050,-0.420,-0.630,0.250,0.017,0.233,0.580,-2.591,-0.800,-2.360,-0.220,-2.570,0.010,7586,3784,3802
1919,Laron Profit,2008,-0.030,-0.210,0.200,-0.750,-0.180,-0.030,-1.740,-1.240,-0.990,-0.250,-0.668,-0.451,-0.217,-0.712,-0.290,-0.130,-0.510,-0.100,0.810,0.010,-0.230,-0.330,-0.200,-0.130,0.427,0.256,0.171,-0.047,-1.908,0.097,-2.620,0.050,-2.580,-0.010,2646,1328,1318
2040,Jerome Moiso,2008,-1.610,-0.010,-0.650,-0.870,2.260,-0.370,-2.710,-3.430,-2.890,-0.540,0.325,0.083,0.242,0.135,0.630,0.090,0.230,0.130,-0.880,0.040,0.600,0.460,0.550,-0.090,0.055,-0.031,0.086,-0.125,-3.105,0.515,-2.970,0.390,-2.580,-0.000,1840,921,919
724,Cory Alexander,2008,-1.030,0.000,0.260,-0.170,0.780,-0.630,-1.320,-2.090,-1.780,-0.310,0.007,-0.119,0.126,0.363,0.200,-0.130,-0.440,-0.080,0.240,-0.150,-0.880,-0.700,-0.500,-0.200,-0.087,-0.139,0.052,-0.093,-2.083,-0.787,-1.720,-0.880,-2.600,0.000,746,371,375
1607,Troy Hudson,2008,-1.820,-0.280,3.010,0.440,-1.190,-0.170,-0.920,0.020,0.390,-0.370,0.016,0.370,-0.354,-0.246,-0.810,-0.510,0.400,-0.250,0.420,0.030,-1.890,-1.680,-1.670,-0.010,-0.483,-0.462,-0.021,-0.227,0.036,-2.163,-0.210,-2.390,-2.600,-0.000,13327,6666,6661
101136,Salim Stoudamire,2008,-1.630,-0.700,2.270,-0.390,-0.660,-0.140,-2.640,-0.350,-0.860,0.510,-0.528,0.257,-0.785,-0.542,-1.320,-0.670,-0.310,0.470,1.630,0.250,-0.000,-0.340,0.370,-0.710,0.050,0.081,-0.031,-0.890,-0.878,-0.290,-1.420,-1.180,-2.600,0.000,10166,5105,5061
201202,Joel Anthony,2008,-1.190,-0.530,1.470,0.190,-0.280,-0.520,0.280,-1.140,-0.690,-0.450,-0.226,-0.186,-0.040,0.046,-0.140,0.080,-0.560,-0.070,0.700,-0.160,-0.200,-0.210,-0.010,-0.200,-0.272,0.036,-0.308,-0.788,-1.366,-0.482,-1.320,-1.270,-2.600,-0.010,1744,870,874
2402,Dajuan Wagner,2008,-0.680,-0.650,1.240,-0.050,-0.570,-0.440,-1.270,-1.550,-1.180,-0.370,0.143,-0.020,0.163,0.377,-0.210,-0.360,0.340,-0.150,-0.130,0.270,-0.250,-1.040,-0.300,-0.740,-0.557,-0.337,-0.220,0.017,-1.407,-1.597,-1.030,-1.580,-2.610,0.000,3014,1516,1498
101198,Will Bynum,2008,0.580,-0.490,0.310,-0.310,-0.920,-0.200,-1.340,-0.950,-0.920,-0.030,-0.131,0.144,-0.275,-0.179,-0.210,-0.320,-0.310,0.060,0.530,-0.310,-0.630,-1.120,-0.930,-0.190,-0.202,0.011,-0.213,-0.038,-1.081,-1.322,-1.260,-1.360,-2.620,-0.000,613,306,307
200776,Mardy Collins,2008,0.640,-0.970,0.130,0.020,-0.780,-0.820,-1.840,-1.490,-1.050,-0.440,-0.380,0.104,-0.484,0.290,-0.210,-0.260,-1.050,0.080,1.270,0.150,-0.800,-1.210,-0.720,-0.490,-0.117,0.091,-0.208,0.257,-1.870,-1.327,-1.580,-1.070,-2.650,0.000,5233,2601,2632
2414,Curtis Borchardt,2008,-0.710,-0.550,-1.510,0.090,2.220,-0.780,-1.410,-2.210,-1.980,-0.230,-0.941,0.002,-0.943,1.181,0.010,-0.700,-0.500,-0.190,0.470,-0.070,-0.650,-1.300,-1.000,-0.300,0.303,-0.177,0.480,0.317,-3.151,-0.997,-1.970,-0.680,-2.660,-0.010,3923,1944,1979
2357,Tierre Brown,2008,0.520,-1.120,2.190,0.130,-2.720,-0.370,-1.080,-0.880,-0.130,-0.750,-0.661,-0.300,-0.361,-0.409,0.590,0.160,-0.610,-0.190,0.030,-0.270,-2.580,0.040,-0.270,0.310,-0.761,-0.451,-0.310,0.011,-1.541,-0.721,-1.950,-0.710,-2.660,-0.000,3844,1919,1925
2422,John Salmons,2008,1.560,-1.630,-0.120,-0.790,-1.430,-0.180,-3.420,0.440,-0.440,0.880,-0.291,0.264,-0.555,-1.509,-0.080,-0.400,-1.450,0.050,1.530,0.070,-1.180,-0.990,-0.790,-0.200,-0.193,-0.033,-0.160,-0.127,0.149,-1.183,-1.360,-1.310,-2.670,0.000,34894,17449,17445
200760,Rodney Carney,2008,0.210,0.080,-1.870,-0.680,1.660,-0.530,-2.060,-1.870,-1.730,-0.140,-0.068,-0.080,0.012,0.818,-1.700,-0.530,0.230,0.110,1.460,-0.230,-0.140,-2.110,-1.740,-0.370,0.563,0.328,0.235,-0.013,-1.938,-1.547,-1.120,-1.560,-2.680,-0.000,8592,4295,4297
201336,Blake Ahearn,2008,-0.100,-0.700,0.950,-0.260,-0.870,-0.220,-0.950,-1.080,-1.210,0.130,-0.271,-0.034,-0.237,-0.709,-0.360,-0.210,0.040,0.020,0.320,0.130,-0.290,-0.050,-0.030,-0.020,-0.258,-0.120,-0.138,-0.312,-1.351,-0.308,-2.060,-0.620,-2.680,-0.000,595,295,300
2441,Jamal Sampson,2008,-0.280,-0.880,-0.570,-0.070,0.850,-0.520,-0.780,-2.710,-1.600,-1.110,-0.296,0.207,-0.503,0.676,-0.440,0.090,-0.100,0.070,0.540,-0.120,0.020,-0.330,-0.020,-0.310,-0.249,-0.154,-0.095,0.229,-3.006,-0.579,-2.330,-0.350,-2.680,-0.000,2270,1129,1141
2553,Jarvis Hayes,2008,-2.130,0.650,1.900,-0.580,0.240,-0.670,1.410,-1.190,-0.890,-0.300,0.661,0.448,0.213,-0.741,0.310,-1.060,-0.220,0.110,-0.100,-0.040,-0.060,-1.160,-0.610,-0.550,0.046,0.054,-0.008,-0.296,-0.529,-1.114,-1.270,-1.410,-2.680,-0.000,27230,13614,13616
711,Jerry Stackhouse,2008,-0.550,-0.750,1.890,-0.380,-1.330,-0.330,-1.670,1.060,-0.180,1.240,-0.342,-0.512,0.170,-1.688,-0.750,0.340,-0.500,0.380,1.250,-0.730,-0.050,-1.030,-0.640,-0.390,-0.053,0.132,-0.185,-0.617,0.718,-1.083,-0.970,-1.700,-2.680,-0.010,30870,15455,15415
2743,Kris Humphries,2008,0.150,-1.800,-2.560,-0.390,2.410,-1.460,-2.450,-3.160,-2.170,-0.990,-0.259,0.362,-0.621,0.839,0.200,-0.290,-1.040,0.280,0.840,-0.150,-0.350,-0.170,0.000,-0.170,0.335,-0.120,0.455,-0.275,-3.419,0.165,-2.580,-0.110,-2.690,0.000,11411,5679,5732
2573,Maciej Lampe,2008,-0.480,-0.180,-1.430,-0.240,1.910,-0.090,-1.060,-0.750,-0.480,-0.270,-0.131,-0.375,0.244,-0.399,-0.790,0.180,0.040,-0.020,0.740,-0.000,-0.460,0.500,0.520,-0.020,-0.491,-0.246,-0.245,-1.429,-0.881,0.009,-1.280,-1.420,-2.710,-0.010,2317,1158,1159
89,Nick Van Exel,2008,-0.890,0.500,2.230,-0.090,-1.350,-0.970,-0.830,-1.400,-0.870,-0.530,0.395,0.111,0.284,-0.065,0.380,-0.560,0.190,-0.100,-0.560,-0.060,-1.530,-0.750,-0.680,-0.070,-0.601,-0.356,-0.245,-0.289,-1.005,-1.351,-1.070,-1.640,-2.710,0.000,14450,7228,7222
2788,DJ Mbenga,2008,-0.610,-0.280,-0.870,-0.010,1.480,-0.110,0.240,-0.980,-0.310,-0.670,-0.142,0.110,-0.252,-0.858,-0.050,0.200,0.240,-0.350,-0.210,0.010,1.040,-0.840,-0.180,-0.660,0.063,-0.032,0.095,0.047,-1.122,-0.777,-1.980,-0.730,-2.710,-0.000,2692,1348,1344
200751,Randy Foye,2008,-1.780,-0.220,0.580,0.170,1.190,-0.280,-1.660,-1.570,-1.390,-0.180,0.688,0.356,0.332,-0.308,0.070,-1.020,-0.740,0.320,0.680,-0.590,-0.440,-1.950,-1.380,-0.570,-0.065,0.008,-0.073,0.485,-0.882,-2.015,-1.190,-1.530,-2.720,0.000,11700,5850,5850
201158,Marco Belinelli,2008,-0.430,-0.460,0.170,-0.050,0.260,-0.540,-0.370,-2.490,-2.130,-0.360,0.178,0.045,0.133,0.642,-0.440,-0.290,-0.280,0.100,0.730,-0.150,-0.760,-0.490,-0.520,0.030,-0.215,-0.162,-0.053,-0.355,-2.312,-0.705,-1.670,-1.060,-2.720,0.010,939,477,462
2321,Paul Shirley,2008,-0.730,0.170,-0.280,-0.270,1.020,-0.200,-1.120,-1.410,-1.050,-0.360,-0.459,-0.439,-0.020,0.049,-0.040,-0.140,-0.240,-0.190,0.290,-0.190,-0.640,-0.940,-0.890,-0.050,-0.083,-0.022,-0.061,0.063,-1.869,-1.023,-1.820,-0.960,-2.770,0.010,409,200,209
201145,Jeff Green,2008,-0.420,0.190,-3.170,-0.560,3.600,0.070,-2.330,-0.650,-0.520,-0.130,-0.431,0.080,-0.511,-0.409,-0.120,-0.220,-0.190,-0.120,0.310,-0.250,-1.520,-0.700,-0.880,0.180,-1.113,-0.707,-0.406,0.513,-1.081,-1.813,-1.490,-1.300,-2.790,0.000,8854,4426,4428
2776,Pape Sow,2008,-0.850,-0.730,-1.580,-0.040,2.430,0.120,-3.190,-1.120,-1.420,0.300,-0.353,-0.024,-0.329,0.183,0.630,-0.600,-0.630,-0.300,-0.000,-0.620,-2.120,-2.280,-1.920,-0.360,0.099,-0.160,0.259,0.651,-1.473,-2.181,-1.290,-1.530,-2.810,0.010,3267,1626,1641
201151,Acie Law,2008,1.060,-0.300,-1.800,-0.160,0.740,-1.140,-2.880,-1.300,-1.780,0.480,-0.424,0.298,-0.722,-0.146,-0.340,-0.140,0.110,-0.110,0.220,-0.160,-0.870,-1.030,-1.130,0.100,0.021,0.153,-0.132,0.069,-1.724,-1.009,-1.870,-0.940,-2.810,0.000,3417,1708,1709
2733,Shaun Livingston,2008,0.070,0.210,-3.370,-0.350,3.290,-0.110,-0.700,-0.830,-0.860,0.030,-0.823,0.125,-0.948,-0.727,-0.910,0.300,-1.300,-0.100,2.200,0.430,-0.140,0.310,0.440,-0.130,-0.317,0.312,-0.629,-0.433,-1.653,-0.007,-2.380,-0.440,-2.820,0.000,15795,7893,7902
988,Randy Livingston,2008,0.410,-0.430,-0.560,-0.330,0.130,-0.420,-0.910,-1.190,-1.110,-0.080,0.515,0.335,0.180,-0.725,0.180,-0.420,-0.100,-0.030,-0.090,-0.200,-1.170,-0.510,-0.470,-0.040,-0.457,-0.079,-0.378,-0.453,-0.675,-0.967,-1.400,-1.420,-2.830,-0.010,1163,577,586
2124,Malik Allen,2008,-3.040,-0.830,-3.090,0.510,6.120,0.390,-0.480,-1.770,-1.070,-0.700,0.241,0.289,-0.048,-0.291,1.010,-0.440,-0.800,-0.490,-0.210,0.480,-1.300,-0.630,-0.580,-0.050,-0.046,-0.018,-0.028,-0.334,-1.529,-0.676,-1.820,-1.010,-2.830,-0.000,14392,7204,7188
2639,Britton Johnsen,2008,-0.500,-0.560,-0.180,-0.480,0.670,-0.590,-2.850,-3.070,-2.310,-0.760,0.409,0.214,0.195,0.601,0.040,-0.120,-0.530,-0.160,0.500,-0.190,-1.230,-0.440,-0.430,-0.010,0.028,0.165,-0.137,-0.358,-2.661,-0.412,-2.060,-0.770,-2.840,-0.010,1315,659,656
201161,Daequan Cook,2008,-1.690,-1.310,2.850,0.340,-1.140,-1.180,-1.410,-2.310,-1.580,-0.730,0.556,0.614,-0.058,-0.036,0.110,-0.370,-0.470,-0.100,0.360,-0.120,-0.020,-0.980,-0.210,-0.770,0.193,0.424,-0.231,-0.273,-1.754,-0.787,-1.790,-1.060,-2.850,0.000,5237,2618,2619
2739,Luke Jackson,2008,0.210,-0.780,0.690,-0.390,-0.910,-0.620,-1.840,-1.540,-1.490,-0.050,0.125,0.234,-0.109,-0.535,0.380,-0.520,-0.450,-0.150,0.080,-0.030,-0.090,-0.990,-0.710,-0.280,0.062,-0.014,0.076,-0.002,-1.415,-0.928,-1.950,-0.930,-2.880,0.000,2669,1339,1330
72,Kenny Anderson,2008,1.120,-0.470,-3.100,-0.420,1.980,-0.160,-0.760,-1.810,-1.380,-0.430,-0.428,-0.040,-0.388,-0.222,-0.970,-0.410,0.640,0.210,0.340,-0.500,-0.510,-0.560,-0.620,0.060,0.169,0.396,-0.227,-0.029,-2.238,-0.391,-2.460,-0.420,-2.880,0.000,6084,3034,3050
2742,Sebastian Telfair,2008,0.450,0.030,0.440,-0.020,-0.890,-1.050,-1.030,-0.430,-0.420,-0.010,-0.081,-0.401,0.320,-0.949,-1.480,-0.150,0.590,-0.020,0.890,-0.230,-0.280,-1.300,-0.870,-0.430,0.258,-0.109,0.367,-0.388,-0.511,-1.042,-1.460,-1.430,-2.890,-0.000,23900,11964,11936
2220,Brandon Armstrong,2008,-0.990,0.410,0.090,0.000,0.910,-0.480,0.900,-0.880,-0.280,-0.600,0.012,-0.268,0.280,-0.142,-0.000,-0.300,-0.240,-0.040,0.250,-0.420,-0.580,-1.330,-1.120,-0.210,-0.381,-0.254,-0.127,-0.179,-0.868,-1.711,-1.010,-1.890,-2.890,0.010,1571,779,792
990,Malik Rose,2008,0.080,-1.110,-2.180,0.060,2.110,-1.060,-0.530,-2.020,-1.760,-0.260,-1.291,-0.400,-0.891,0.581,1.120,-0.750,-0.360,-0.440,-0.760,-0.010,-0.340,-1.300,-1.270,-0.030,0.648,0.126,0.522,0.482,-3.311,-0.652,-2.730,-0.170,-2.910,-0.010,18770,9356,9414
383,Kendall Gill,2008,0.540,-1.520,-2.010,-0.710,1.460,-0.960,-1.320,-2.850,-2.630,-0.220,-0.291,-0.137,-0.154,-0.299,-0.560,0.420,-0.370,0.100,0.930,-0.060,0.050,0.170,-0.080,0.250,0.195,0.263,-0.068,0.165,-3.141,0.365,-3.440,0.530,-2.910,0.000,6271,3130,3141
1565,Michael Stewart,2008,-0.190,-0.490,-0.530,0.260,0.720,-0.350,-0.740,-0.880,-0.860,-0.020,-0.584,0.003,-0.587,-0.146,0.520,-0.130,-0.780,-0.200,0.260,-0.510,-0.860,-1.660,-1.420,-0.240,-0.089,-0.002,-0.087,0.439,-1.464,-1.749,-1.610,-1.310,-2.920,-0.000,1098,546,552
2565,Zoran Planinic,2008,1.310,-1.070,0.030,-0.820,-1.340,-0.500,-1.890,-2.300,-1.750,-0.550,-1.142,-0.070,-1.072,-0.138,-0.050,-0.290,-0.230,0.480,0.280,0.060,0.710,0.010,0.690,-0.680,0.172,0.088,0.084,0.468,-3.442,0.182,-3.580,0.650,-2.940,-0.010,5591,2779,2812
2412,Jiri Welsch,2008,0.190,1.050,0.960,-0.410,-1.150,-1.670,-2.230,-1.060,-1.070,0.010,-0.909,-0.157,-0.752,-0.041,0.150,-0.580,-0.380,-0.560,0.230,0.120,-0.990,-1.460,-1.360,-0.100,0.861,0.604,0.257,-0.341,-1.969,-0.599,-2.010,-0.940,-2.950,0.000,17065,8535,8530
1916,Calvin Booth,2008,-3.230,0.910,-0.500,-0.140,3.710,-1.300,-0.840,-2.070,-1.150,-0.920,-0.549,-0.253,-0.296,-1.201,0.620,0.510,-0.750,0.200,0.120,0.240,-0.210,1.700,1.610,0.090,0.279,0.041,0.238,-1.119,-2.619,1.979,-3.820,0.860,-2.960,0.000,9583,4818,4765
2556,Marcus Banks,2008,1.380,-0.520,-0.020,-1.030,-1.350,-1.010,-3.140,-0.790,-0.910,0.120,-0.458,0.184,-0.642,-1.072,0.190,-0.080,-0.910,0.330,0.730,-0.190,0.550,-0.790,0.020,-0.810,0.793,0.095,0.698,-0.653,-1.248,0.003,-2.320,-0.650,-2.970,0.000,19909,9945,9964
1729,Ricky Davis,2008,-0.570,-0.400,-0.120,-0.030,0.710,-0.320,-1.650,0.180,-0.390,0.570,-0.576,-0.635,0.059,-0.714,-1.340,-0.320,-0.810,-0.010,2.150,0.240,0.030,-1.080,-0.430,-0.650,-0.221,0.099,-0.320,-0.589,-0.396,-1.301,-1.110,-1.890,-3.000,0.000,55461,27747,27714
2584,Willie Green,2008,0.820,-0.610,-0.560,-0.520,-0.260,-1.050,-2.360,-1.750,-1.210,-0.540,0.093,0.306,-0.213,-0.013,-1.070,-0.190,0.030,-0.220,1.030,-0.180,-1.160,-1.090,-1.040,-0.050,0.150,0.060,0.090,-0.400,-1.657,-0.940,-1.670,-1.340,-3.010,0.000,22338,11163,11175
101235,Kelenna Azubuike,2008,-0.230,-0.710,1.690,-1.160,-1.470,0.060,-3.090,-0.960,-1.110,0.150,0.398,0.580,-0.182,0.002,-0.050,-0.570,-0.550,-0.590,0.600,0.050,-2.280,-1.660,-1.550,-0.110,-0.067,-0.010,-0.057,-0.733,-0.562,-1.727,-0.560,-2.460,-3.020,0.000,9664,4822,4842
2436,Flip Murray,2008,1.650,0.160,-0.540,-1.110,-1.110,-0.380,-4.730,-0.890,-1.030,0.140,0.063,0.275,-0.212,-0.413,0.140,0.270,-0.790,-0.240,0.660,-0.080,-1.060,-0.460,-0.530,0.070,-0.439,-0.174,-0.265,-0.881,-0.827,-0.899,-1.240,-1.780,-3.020,-0.000,29209,14635,14574
2558,Reece Gaines,2008,-0.900,-0.360,-0.160,-0.480,1.060,-0.570,-3.670,-2.650,-2.240,-0.410,0.285,0.435,-0.150,-0.035,0.290,-0.390,-0.320,-0.120,0.030,0.330,-1.180,-0.180,-0.220,0.040,-0.328,-0.143,-0.185,-0.132,-2.365,-0.508,-2.400,-0.640,-3.040,0.000,2115,1055,1060
983,Moochie Norris,2008,0.410,-1.100,-1.270,0.270,0.860,-0.890,-1.790,-1.680,-1.820,0.140,-0.866,-0.157,-0.709,0.466,0.430,0.400,-0.230,0.070,-0.190,-0.770,-1.070,-0.880,-0.710,-0.170,0.055,0.100,-0.045,-0.145,-2.546,-0.825,-2.080,-0.970,-3.050,-0.000,5561,2787,2774
2755,Kevin Martin,2008,-0.750,-0.320,0.330,-0.410,0.420,0.470,-4.760,0.780,-0.790,1.570,-0.185,0.039,-0.224,-0.835,-0.720,-1.690,0.920,-0.230,-0.190,-0.950,-0.460,-3.150,-2.720,-0.430,0.212,0.378,-0.166,0.128,0.595,-2.938,-0.240,-2.810,-3.050,-0.000,29537,14783,14754
2876,Jared Reiner,2008,-0.430,-0.070,0.410,0.200,0.020,-0.340,0.220,-0.460,0.010,-0.470,-0.878,-0.291,-0.587,0.198,-0.030,-0.620,-0.220,-0.090,0.240,-0.110,-0.910,-0.980,-0.820,-0.160,-0.377,-0.065,-0.312,-0.563,-1.338,-1.357,-1.140,-1.920,-3.060,-0.000,1442,719,723
1762,Tremaine Fowlkes,2008,-0.620,-0.130,-0.420,-0.600,1.050,-0.190,-1.850,-2.130,-1.790,-0.340,-0.608,-0.273,-0.335,-0.332,-0.150,0.110,-0.070,0.030,0.210,-0.200,0.220,0.110,0.160,-0.050,0.171,0.042,0.129,-0.281,-2.738,0.281,-3.070,-0.000,-3.070,0.000,1032,506,526
2484,Devin Brown,2008,1.220,-1.570,-0.380,-0.410,-0.840,-1.270,-1.180,-2.410,-2.120,-0.290,0.093,0.137,-0.044,0.917,-0.480,0.180,0.350,-0.440,0.120,-0.120,0.720,-1.610,-1.290,-0.320,-0.103,0.099,-0.202,0.033,-2.317,-1.713,-1.400,-1.680,-3.080,0.000,26580,13249,13331
1531,Marc Jackson,2008,-0.170,-1.290,-1.910,0.260,2.080,-0.020,0.140,-0.820,-0.870,0.050,-0.869,-0.197,-0.672,-0.031,1.680,-1.440,-1.190,-0.540,-0.500,-0.380,-2.770,-1.590,-2.100,0.510,-0.107,0.135,-0.242,0.337,-1.689,-1.697,-1.720,-1.360,-3.080,0.000,17807,8909,8898
2031,Stromile Swift,2008,2.150,-0.810,-2.980,-0.820,0.830,-0.730,-2.310,-1.650,-1.740,0.090,-0.803,-0.253,-0.550,0.003,0.310,1.020,-0.570,-0.350,0.250,0.250,0.150,-0.690,-0.270,-0.420,0.399,0.241,0.158,-0.359,-2.453,-0.291,-2.450,-0.650,-3.100,-0.000,22977,11483,11494
1502,Adonal Foyle,2008,-1.370,-1.270,-0.350,0.340,1.730,-0.210,-1.700,-2.520,-1.360,-1.160,-1.466,-0.592,-0.874,-0.054,0.400,0.230,1.290,-0.260,-1.700,0.900,-1.180,2.540,1.500,1.040,-0.725,-0.626,-0.099,-0.875,-3.986,1.815,-4.040,0.940,-3.100,0.000,20344,10139,10205
976,Jeff McInnis,2008,-0.700,0.110,-2.190,-0.680,2.900,0.550,0.280,0.420,-0.030,0.450,0.331,0.057,0.274,-0.821,-1.750,-0.810,1.150,-0.510,0.610,-0.230,-1.460,-2.580,-2.110,-0.470,0.282,0.275,0.007,-0.742,0.751,-2.298,-0.070,-3.040,-3.110,0.000,27736,13873,13863
718,Gary Trent,2008,-0.320,0.150,-1.320,-0.030,1.650,-0.650,0.380,-1.710,-0.830,-0.880,-0.114,0.114,-0.228,-0.026,-0.110,-0.450,0.020,-0.220,0.100,0.040,-0.970,-1.070,-0.970,-0.100,-0.221,-0.256,0.035,0.041,-1.824,-1.291,-1.850,-1.250,-3.110,-0.010,3926,1952,1974
2557,Luke Ridnour,2008,-1.380,0.410,-0.890,-0.840,2.270,-0.320,-2.100,-0.600,-1.030,0.430,0.977,0.229,0.748,-1.047,-0.520,-1.280,0.360,-0.740,0.160,-0.230,-0.510,-1.900,-1.790,-0.110,0.288,0.044,0.244,-0.838,0.377,-1.612,-0.670,-2.450,-3.120,0.000,37043,18479,18564
2214,Michael Bradley,2008,-0.890,-0.380,-0.350,-0.040,1.250,-0.680,-1.450,-2.220,-1.740,-0.480,-0.543,-0.061,-0.482,-0.047,0.440,-0.090,-0.280,0.140,-0.170,-0.330,-0.180,-0.150,-0.330,0.180,-0.304,-0.263,-0.041,0.134,-2.763,-0.454,-2.810,-0.320,-3.140,-0.010,2175,1089,1086
185,Chris Webber,2008,-0.140,0.620,-3.690,-0.220,3.830,0.870,1.780,-1.310,-0.470,-0.840,-0.005,-0.066,0.061,-0.345,-0.370,-1.170,0.460,-1.020,-0.100,-0.240,-1.690,-2.010,-2.270,0.260,0.462,0.131,0.331,0.058,-1.315,-1.548,-1.660,-1.490,-3.150,0.000,34290,17221,17069
248,George Lynch,2008,0.420,-0.020,0.300,-0.980,-0.730,-0.870,0.500,-1.530,-0.910,-0.620,-0.585,-0.463,-0.122,-1.205,0.370,-0.330,-0.200,-0.100,-0.160,0.000,-0.840,-0.270,-0.620,0.350,0.389,-0.023,0.412,-0.039,-2.115,0.119,-3.320,0.080,-3.240,0.000,9971,4984,4987
1863,Earl Boykins,2008,-1.620,-1.770,1.280,-0.400,0.340,-0.510,-1.950,-1.170,-2.010,0.840,1.125,0.545,0.580,-0.095,-2.020,-0.580,0.710,-0.010,1.300,-0.160,-1.980,-2.580,-1.940,-0.640,0.190,-0.045,0.235,-0.740,-0.045,-2.390,-0.140,-3.130,-3.260,0.010,32449,16283,16166
1541,Alvin Williams,2008,-2.850,-1.040,-1.860,-0.420,4.680,-0.140,-0.310,-3.620,-2.850,-0.770,-0.196,-0.171,-0.025,-0.404,0.370,0.170,1.140,0.050,-1.500,0.340,2.040,1.350,1.210,0.140,-0.234,-0.015,-0.219,-0.166,-3.816,1.116,-4.220,0.950,-3.270,0.000,6308,3152,3156
961,John Wallace,2008,-1.380,-0.010,-0.650,-0.040,2.040,-0.650,-2.440,-1.590,-1.420,-0.170,-0.587,-0.193,-0.394,-0.093,-0.120,-0.410,-0.210,0.040,0.330,-0.130,-0.360,-1.160,-1.010,-0.150,-0.103,-0.116,0.013,0.253,-2.177,-1.263,-2.270,-1.010,-3.280,0.000,1259,625,634
358,Anfernee Hardaway,2008,-1.510,-0.480,-1.450,-0.050,2.940,-0.770,-1.990,-1.490,-1.980,0.490,-0.525,-0.263,-0.262,-1.195,-1.090,-0.290,-0.450,0.320,1.540,0.550,0.310,-1.410,-0.690,-0.720,0.543,0.453,0.090,0.787,-2.015,-0.867,-3.210,-0.080,-3.290,0.000,13143,6600,6543
1744,Jerome James,2008,-2.070,0.050,-1.030,0.160,3.090,-1.380,-2.530,-3.960,-2.560,-1.400,-1.164,-0.131,-1.033,0.324,1.680,0.620,0.860,0.180,-2.540,-0.160,0.630,2.050,2.090,-0.040,-0.826,-0.377,-0.449,0.276,-5.124,1.224,-4.800,1.500,-3.290,0.010,11842,5898,5944
200747,Adam Morrison,2008,-1.300,-0.160,0.410,-0.700,0.890,-1.130,-1.070,-2.640,-2.170,-0.470,0.246,0.433,-0.187,0.424,-0.900,0.260,0.180,-0.110,0.720,-0.090,0.400,-0.460,-0.020,-0.440,-0.990,-0.726,-0.264,0.130,-2.394,-1.450,-1.970,-1.320,-3.290,0.000,8827,4445,4382
2410,Fred Jones,2008,-0.730,-1.880,2.050,-1.750,-1.310,0.370,-4.320,-1.320,-1.700,0.380,-0.395,-0.096,-0.299,-1.115,-0.640,-0.430,0.560,0.340,0.080,-0.140,0.840,-0.870,-0.520,-0.350,0.021,0.432,-0.411,0.359,-1.715,-0.849,-2.830,-0.490,-3.320,0.000,34416,17179,17237
937,Scottie Pippen,2008,-0.080,-0.500,-0.020,-0.480,0.100,-0.470,-1.470,-1.910,-1.610,-0.300,-0.245,0.400,-0.645,-0.515,0.110,-0.070,-0.830,-0.350,0.740,0.080,-1.260,-0.820,-0.660,-0.160,-0.120,0.152,-0.272,0.280,-2.155,-0.940,-2.670,-0.660,-3.330,0.000,1522,757,765
1032,Darvin Ham,2008,0.400,-0.920,-0.710,-0.400,0.300,-0.560,-2.880,-2.320,-2.110,-0.210,-0.798,-0.259,-0.539,-0.322,0.570,-0.280,-0.870,0.090,0.300,-0.020,0.890,-1.300,-0.470,-0.830,0.581,0.121,0.460,0.819,-3.118,-0.719,-3.440,0.100,-3.340,0.000,3062,1491,1571
2041,Etan Thomas,2008,-1.160,0.670,-1.060,-0.370,2.210,-1.410,-1.920,-3.110,-2.190,-0.920,-1.340,-0.331,-1.009,1.060,0.300,-1.440,0.370,-0.120,-0.670,0.100,-2.680,-0.080,-0.580,0.500,-0.427,-0.343,-0.084,0.537,-4.450,-0.507,-3.390,0.030,-3.360,0.000,21238,10633,10605
1544,Chris Crawford,2008,1.460,-0.120,1.130,-0.400,-2.600,-0.780,-1.250,-0.510,-0.880,0.370,-0.320,-0.113,-0.207,-0.470,-0.520,-0.340,-1.010,-0.520,1.540,-0.380,-2.850,-2.200,-2.220,0.020,-0.105,0.150,-0.255,0.215,-0.830,-2.305,-1.300,-2.090,-3.390,0.000,4605,2308,2297
201146,Yi Jianlian,2008,-0.960,-2.020,-0.860,-0.140,1.830,0.300,-1.660,-2.260,-1.990,-0.270,-0.593,-0.454,-0.139,0.323,-0.870,0.290,-0.110,-0.270,0.980,-0.300,-0.730,-0.840,-0.780,-0.060,-0.093,-0.089,-0.004,0.073,-2.853,-0.933,-2.530,-0.860,-3.390,-0.000,6016,3009,3007
200763,Quincy Douby,2008,0.030,-0.400,-0.460,-0.750,0.420,-0.740,-6.040,-2.770,-2.680,-0.090,0.210,-0.017,0.227,0.550,0.210,-0.030,-1.270,-0.130,1.070,-0.180,-0.500,-1.630,-1.170,-0.460,0.231,0.041,0.190,0.019,-2.560,-1.399,-2.010,-1.380,-3.390,-0.000,4758,2394,2364
201157,Sean Williams,2008,1.340,-0.400,-2.000,-0.620,0.680,-0.140,-0.940,-1.830,-1.670,-0.160,-1.436,-1.283,-0.153,1.466,-0.910,0.060,0.120,-0.220,0.790,-0.360,-1.150,-0.800,-0.460,-0.340,-0.253,-0.054,-0.199,-0.537,-3.266,-1.053,-1.800,-1.590,-3.390,0.000,5673,2837,2836
1548,Mark Blount,2008,-1.560,0.260,-2.910,0.390,4.490,0.710,1.820,-1.280,-0.380,-0.900,-1.279,-0.587,-0.692,-0.821,0.380,-0.280,0.500,-0.570,-0.880,-0.190,-3.150,0.650,-0.410,1.060,-0.372,-0.102,-0.270,-0.298,-2.559,0.278,-3.380,-0.020,-3.400,0.000,41607,20824,20783
200749,Shelden Williams,2008,0.700,-0.770,-1.390,-0.620,0.700,-0.990,-3.390,-1.480,-1.580,0.100,-0.453,-0.122,-0.331,-0.467,-1.390,0.210,0.330,-0.230,1.050,0.190,-1.560,-1.360,-0.960,-0.400,-0.105,0.109,-0.214,0.465,-1.933,-1.465,-2.400,-1.000,-3.410,-0.010,8531,4257,4274
2823,John Edwards,2008,-1.100,0.420,-0.380,0.050,1.480,-0.340,-1.870,-0.330,-0.010,-0.320,-0.381,-0.096,-0.285,-0.909,-0.300,-0.240,-0.200,-0.070,0.500,-0.380,-0.240,-1.260,-1.000,-0.260,-0.271,-0.206,-0.065,-0.279,-0.711,-1.531,-1.620,-1.810,-3.420,0.010,1566,773,793
2549,Chris Kaman,2008,0.190,-0.770,-3.760,0.560,3.570,-0.110,-0.510,-1.760,-1.040,-0.720,-1.457,-0.833,-0.624,-0.693,-0.370,1.060,0.960,-0.250,-0.600,-0.240,-1.250,2.110,1.020,1.090,-0.934,-0.521,-0.413,-0.696,-3.217,1.176,-3.910,0.480,-3.430,0.000,39198,19620,19578
2033,Marcus Fizer,2008,-1.230,-0.570,-0.130,0.000,1.350,0.020,-0.380,-0.900,-0.430,-0.470,0.152,0.423,-0.271,-1.202,-0.940,-0.910,0.440,0.230,0.490,-0.450,-1.700,-2.760,-2.180,-0.580,0.029,-0.012,0.041,1.251,-0.748,-2.731,-1.950,-1.480,-3.440,-0.010,6295,3144,3151
2254,Loren Woods,2008,-0.510,-1.040,-0.760,-0.170,1.260,-1.190,-3.880,-4.170,-3.180,-0.990,-0.450,-0.283,-0.167,1.640,0.560,-0.480,0.060,0.080,-0.640,-0.290,-1.140,-0.660,-0.870,0.210,0.296,0.367,-0.071,-0.096,-4.620,-0.364,-2.980,-0.460,-3.440,0.000,5667,2839,2828
2693,Keith McLeod,2008,-0.320,-0.150,-2.060,-0.680,2.360,-0.660,-2.740,-1.800,-1.990,0.190,-0.744,-0.431,-0.313,-0.496,-0.250,-0.020,0.920,-0.250,-0.670,-0.450,-0.460,-1.730,-1.250,-0.480,0.356,-0.226,0.582,0.954,-2.544,-1.374,-3.040,-0.420,-3.460,0.000,13436,6704,6732
101154,Andray Blatche,2008,0.420,-0.340,-0.760,-0.320,0.350,-1.190,-2.350,-3.370,-2.650,-0.720,-0.192,-0.195,0.003,1.492,0.160,-0.240,-1.940,-0.610,1.780,0.530,-2.270,-1.330,-0.970,-0.360,0.182,0.086,0.096,-0.242,-3.562,-1.148,-2.070,-1.390,-3.460,0.000,9720,4834,4886
200759,Cedric Simmons,2008,0.230,-0.270,-1.130,-0.230,0.890,-0.420,-3.380,-1.930,-1.330,-0.600,-0.949,-0.383,-0.566,0.429,-0.760,-0.190,0.340,-0.030,0.410,0.160,-0.520,-0.120,-0.040,-0.080,-0.333,-0.222,-0.111,-0.557,-2.879,-0.453,-2.450,-1.010,-3.460,0.000,2273,1130,1143
2098,Slava Medvedenko,2008,-1.270,-0.030,-2.520,-0.700,3.770,0.020,0.670,-2.850,-2.030,-0.820,-0.406,-0.350,-0.056,0.356,-0.360,-0.480,0.300,0.280,0.060,0.020,-0.020,0.620,0.300,0.320,0.066,0.125,-0.059,-1.246,-3.256,0.686,-2.900,-0.560,-3.460,0.000,8036,4016,4020
201156,Nick Young,2008,0.560,-0.160,-0.340,-0.360,-0.240,-0.760,-3.740,-1.210,-1.300,0.090,-0.520,0.191,-0.711,-0.480,0.240,-0.360,-1.000,-0.230,0.750,0.330,-0.550,-0.260,0.010,-0.270,0.006,0.193,-0.187,-1.006,-1.730,-0.254,-2.210,-1.260,-3.470,-0.000,4409,2205,2204
911,Ervin Johnson,2008,-1.940,0.110,-1.570,0.320,3.510,-0.490,-1.400,-2.010,-0.970,-1.040,-0.558,0.041,-0.599,-0.422,0.340,0.040,0.860,-0.010,-1.220,0.050,-0.590,0.750,0.330,0.420,-0.352,-0.008,-0.344,-0.898,-2.568,0.398,-2.990,-0.500,-3.490,-0.000,6420,3211,3209
1709,Michael Olowokandi,2008,-4.000,-1.130,-2.100,0.220,6.090,-0.120,-0.590,-4.050,-2.510,-1.540,-0.852,0.078,-0.930,-0.128,1.250,0.390,0.490,-0.440,-1.750,0.490,-1.140,1.760,1.030,0.730,-0.154,0.037,-0.191,-0.076,-4.902,1.606,-5.030,1.530,-3.500,0.000,12673,6325,6348
2469,Pat Burke,2008,-0.740,-0.430,0.040,0.100,0.710,-0.000,0.990,-0.950,0.100,-1.050,-1.181,-0.709,-0.472,0.331,-0.030,-0.560,0.060,-0.100,-0.040,0.170,-0.430,-0.510,-0.560,0.050,-0.659,-0.156,-0.503,-0.551,-2.131,-1.169,-1.800,-1.720,-3.520,0.000,2045,1019,1026
1730,Brian Skinner,2008,-1.780,-0.540,-1.740,1.010,3.520,-0.270,-0.710,-3.000,-1.580,-1.420,-0.729,-0.343,-0.386,0.779,0.000,0.360,0.240,0.190,-0.240,-0.830,-1.520,-0.360,-1.020,0.660,-0.938,-0.538,-0.400,0.708,-3.729,-1.298,-2.950,-0.590,-3.540,0.000,22578,11268,11310
369,Charlie Ward,2008,-0.450,-0.640,2.040,0.040,-1.600,-0.990,-0.750,-2.360,-1.870,-0.490,-0.589,-0.369,-0.220,-0.871,0.370,-0.000,-0.180,0.100,-0.180,-0.180,0.200,-0.500,-0.210,-0.290,0.422,-0.134,0.556,0.328,-2.949,-0.078,-3.820,0.250,-3.560,0.010,5986,3005,2981
201043,Randolph Morris,2008,-0.850,-0.370,-0.460,-0.120,1.330,-0.220,-1.860,-1.850,-1.210,-0.640,-0.168,-0.052,-0.116,0.218,-0.010,-0.150,-0.530,-0.130,0.550,-0.290,-0.610,-1.540,-1.180,-0.360,-0.346,-0.142,-0.204,0.096,-2.018,-1.886,-1.800,-1.790,-3.590,0.000,856,426,430
123,Robert Pack,2008,-0.510,-0.280,-0.740,-0.240,1.240,-0.420,-2.210,-2.490,-1.970,-0.520,-0.547,-0.363,-0.184,-0.303,-0.170,-0.080,-0.350,-0.000,0.520,-0.140,-0.650,-0.530,-0.500,-0.030,0.100,0.153,-0.053,0.180,-3.037,-0.430,-3.340,-0.250,-3.590,0.000,753,378,375
2401,Nikoloz Tskitishvili,2008,-1.420,-0.740,0.310,-0.170,1.100,-0.820,-1.800,-3.140,-2.300,-0.840,0.105,0.054,0.051,0.455,-0.710,-0.180,0.370,0.100,0.340,0.000,-0.250,-0.020,0.180,-0.200,-0.332,0.231,-0.563,-0.668,-3.035,-0.352,-2.580,-1.020,-3.600,0.000,2303,1142,1161
1956,Ira Newble,2008,0.020,-1.200,-1.130,-0.740,1.100,-0.590,-0.950,-1.650,-1.620,-0.030,-0.712,-0.491,-0.221,0.202,-0.380,-0.450,0.590,-0.310,-0.200,-0.120,-0.430,-1.260,-1.130,-0.130,-0.247,0.054,-0.301,0.067,-2.362,-1.507,-2.160,-1.440,-3.610,-0.010,15598,7746,7852
147,Jalen Rose,2008,-0.610,-1.300,-0.950,1.020,1.550,-0.020,-2.960,0.280,-0.220,0.500,-0.081,0.166,-0.247,-1.619,-1.150,-0.210,0.570,0.140,0.600,-1.020,-0.000,-1.820,-1.390,-0.430,-0.177,0.005,-0.182,-0.193,0.199,-1.997,-1.420,-2.190,-3.620,-0.010,28047,14043,14004
101134,Wayne Simien,2008,-0.820,-0.180,-1.200,-0.170,2.020,-0.740,-2.340,-2.310,-2.020,-0.290,-1.272,-0.571,-0.701,-0.008,0.560,-0.260,-0.370,-0.020,-0.200,-0.260,-0.040,-0.140,-0.410,0.270,-0.079,0.002,-0.081,0.179,-3.582,-0.219,-3.590,-0.040,-3.630,0.000,1870,937,933
2204,Eddie Griffin,2008,-1.540,-0.170,1.620,-1.010,-0.090,-0.290,-1.440,-2.530,-2.110,-0.420,-0.213,-0.249,0.036,0.413,-2.200,1.120,0.810,-0.130,1.370,0.160,-1.570,1.990,1.400,0.590,-0.982,-0.347,-0.635,-2.378,-2.743,1.008,-2.330,-1.370,-3.700,0.000,10843,5428,5415
2752,Sergei Monia,2008,-0.010,-0.450,0.690,-0.280,-0.700,0.170,-1.360,-2.000,-1.440,-0.560,-0.590,-0.180,-0.410,0.570,-0.230,-0.080,-0.020,-0.270,0.250,-0.410,-0.580,-1.750,-1.420,-0.330,-0.206,-0.199,-0.007,0.266,-2.590,-1.956,-2.020,-1.690,-3.700,0.010,1199,600,599
1731,Tyronn Lue,2008,-1.160,-1.370,1.030,0.570,0.130,0.090,-3.250,0.190,-0.090,0.280,0.531,0.654,-0.123,-0.981,-0.420,-0.760,0.710,-0.460,-0.290,-0.890,-0.480,-1.800,-1.490,-0.310,-0.582,-0.507,-0.075,-1.068,0.721,-2.382,-0.260,-3.450,-3.710,0.000,28680,14321,14359
1983,Jermaine Jackson,2008,-0.580,-0.200,-0.080,-0.040,0.670,-0.180,-1.540,-1.010,-0.920,-0.090,-0.823,-0.505,-0.318,-0.607,0.070,-0.480,-0.860,-0.040,0.790,-0.170,-0.450,-1.160,-0.930,-0.230,-0.383,-0.224,-0.159,0.263,-1.833,-1.543,-2.440,-1.280,-3.720,-0.000,1566,764,802
101141,Ersan Ilyasova,2008,0.210,-0.580,1.260,-0.080,-1.470,-0.780,-1.330,-1.430,-1.250,-0.180,-1.020,-0.308,-0.712,0.110,-0.230,-0.470,-0.500,-0.100,0.730,-0.110,-2.120,-1.490,-1.170,-0.320,-0.341,-0.281,-0.060,0.441,-2.450,-1.831,-2.340,-1.390,-3.720,0.010,3679,1839,1840
2036,Chris Mihm,2008,0.770,-1.110,-2.540,0.320,1.770,-0.420,-1.290,-2.100,-1.580,-0.520,-1.917,-0.813,-1.104,1.127,0.560,0.550,0.220,-0.310,-0.770,-0.330,-1.960,0.260,-0.070,0.330,-0.907,-0.283,-0.624,-0.183,-4.017,-0.647,-2.890,-0.830,-3.730,-0.010,19227,9593,9634
201142,Kevin Durant,2008,0.430,-0.630,-2.900,-0.590,2.470,-0.660,-2.540,-1.170,-1.790,0.620,-0.177,0.165,-0.342,-0.423,-0.580,-0.180,0.270,-0.740,0.320,0.010,-1.280,-0.930,-1.050,0.120,-0.527,0.055,-0.582,-0.513,-1.347,-1.457,-1.770,-1.970,-3.740,0.000,10965,5477,5488
1742,Shammond Williams,2008,-0.200,-0.340,1.790,-0.960,-1.600,-0.680,-2.000,-1.290,-1.380,0.090,-0.250,-0.087,-0.163,-1.150,0.150,-0.160,-0.830,-0.160,0.690,0.190,-1.300,-0.560,-0.300,-0.260,-0.335,-0.012,-0.323,-0.215,-1.540,-0.895,-2.690,-1.110,-3.800,0.000,4410,2200,2210
452,Vin Baker,2008,-0.900,-1.000,-0.800,0.540,1.700,-0.090,1.110,-0.410,-0.060,-0.350,-0.573,-0.024,-0.549,-0.507,-0.890,-0.030,0.120,0.050,0.760,0.000,-1.710,-0.990,-0.750,-0.240,-0.742,-0.546,-0.196,-0.588,-0.983,-1.732,-1.490,-2.320,-3.810,-0.000,6148,3077,3071
200781,Paul Davis,2008,-0.460,-0.350,-0.920,-0.430,1.370,-1.480,-2.230,-3.560,-3.460,-0.100,0.061,0.085,-0.024,0.349,0.140,-0.160,0.030,0.090,-0.180,-0.190,-0.220,-0.590,-0.320,-0.270,-0.136,0.236,-0.372,0.036,-3.499,-0.726,-3.150,-0.690,-3.840,0.000,1449,724,725
445,Wesley Person,2008,-2.250,-0.630,1.390,0.300,0.840,-0.200,1.560,-0.830,-0.110,-0.720,0.460,0.134,0.326,-1.080,-0.260,-0.150,0.280,-0.260,-0.020,-0.450,-1.080,-1.920,-1.500,-0.420,-0.610,-0.361,-0.249,0.120,-0.370,-2.530,-1.450,-2.410,-3.860,0.000,6415,3223,3192
1442,Zeljko Rebraca,2008,-1.190,-1.360,-2.060,-0.120,3.240,0.730,-0.910,-1.000,-0.520,-0.480,-1.307,-0.129,-1.178,-0.833,-0.180,0.830,0.100,-0.120,0.080,-0.730,-0.720,-0.170,-0.220,0.050,-0.065,-0.385,0.320,-0.485,-2.307,-0.235,-3.140,-0.720,-3.860,-0.000,5944,2967,2977
361,Clifford Robinson,2008,-2.140,-0.140,2.040,-0.730,0.110,-0.500,0.230,-1.400,-1.310,-0.090,0.404,0.061,0.343,-1.114,-0.320,-0.580,0.100,-0.530,0.220,-0.020,-0.940,-1.140,-0.960,-0.180,-0.562,-0.431,-0.131,-0.048,-0.996,-1.702,-2.110,-1.750,-3.870,-0.010,28322,14149,14173
958,Vitaly Potapenko,2008,-2.540,0.340,-1.210,-0.440,3.740,0.740,2.190,-1.440,-0.480,-0.960,-0.283,-0.017,-0.266,-0.337,0.050,-0.880,-0.420,-0.520,0.360,-0.310,-2.050,-1.740,-1.800,0.060,-0.384,-0.364,-0.020,0.294,-1.723,-2.124,-2.060,-1.830,-3.880,0.010,7770,3881,3889
101123,Gerald Green,2008,-1.700,-1.050,1.270,-0.510,0.440,-0.700,-2.210,-0.590,-1.040,0.450,-0.387,0.282,-0.669,-1.653,-0.440,0.040,-0.240,0.040,0.680,-0.440,-0.200,-1.740,-0.980,-0.760,-0.090,-0.132,0.042,0.570,-0.977,-1.830,-2.630,-1.260,-3.890,0.000,9443,4734,4709
955,Samaki Walker,2008,-1.310,-0.760,-0.140,-0.340,1.460,-0.470,-2.630,-1.940,-2.040,0.100,-0.413,-0.141,-0.272,-0.627,-0.250,-0.050,-0.200,-0.290,0.450,0.210,-0.940,-0.720,-0.650,-0.070,-0.214,-0.145,-0.069,0.004,-2.353,-0.934,-2.980,-0.930,-3.910,-0.000,2057,1029,1028
1499,Tony Battie,2008,-2.320,-1.080,-4.030,-0.460,6.340,-0.000,-2.460,-3.450,-2.880,-0.570,-0.444,-0.111,-0.333,-0.226,1.840,1.020,-0.690,-0.090,-1.160,-0.260,-1.230,1.430,0.700,0.730,-0.598,-0.066,-0.532,-0.682,-3.894,0.832,-4.120,0.150,-3.980,-0.010,26485,13246,13239
2804,Andres Nocioni,2008,-0.460,-1.150,1.950,0.020,-1.490,0.460,-1.430,0.700,0.270,0.430,-0.686,-0.079,-0.607,-1.734,-0.110,-0.560,-0.710,0.220,0.820,-0.670,-0.860,-2.110,-1.540,-0.570,0.056,-0.469,0.525,-0.216,0.014,-2.054,-1.720,-2.270,-3.980,0.010,31220,15599,15621
339,Tom Gugliotta,2008,-1.610,-1.000,-1.630,-0.560,3.210,-0.230,0.050,-2.280,-1.690,-0.590,-0.035,-0.516,0.481,-1.495,0.700,-0.500,-0.590,-0.040,-0.110,-0.430,-0.280,-0.720,-0.560,-0.160,0.540,0.353,0.187,0.000,-2.315,-0.180,-3.810,-0.180,-3.990,0.000,6331,3135,3196
200772,Maurice Ager,2008,1.120,-0.400,-0.020,-0.530,-1.120,-0.650,-2.220,-1.540,-1.210,-0.330,0.073,0.004,0.069,-1.273,0.020,-0.260,-0.000,-0.080,-0.020,0.040,-0.370,-0.620,-0.220,-0.400,-0.399,-0.175,-0.224,-0.281,-1.467,-1.019,-2.740,-1.300,-4.040,0.000,1512,750,762
2056,Primoz Brezec,2008,-0.510,-1.130,-3.390,0.040,3.890,-0.360,0.150,-2.850,-1.850,-1.000,-0.348,-0.144,-0.204,1.158,-1.390,-0.810,0.720,-0.490,0.650,-0.960,-1.500,-2.790,-2.780,-0.010,-0.167,0.070,-0.237,0.887,-3.198,-2.957,-2.040,-2.070,-4.110,-0.000,21961,10969,10992
2853,Earl Barron,2008,-1.510,-0.750,-1.470,-0.400,3.000,-0.600,-2.050,-3.500,-3.280,-0.220,-0.302,-0.123,-0.179,0.062,0.300,-0.560,-0.400,0.030,0.090,-0.480,-0.340,-0.960,-0.740,-0.220,0.031,-0.086,0.117,0.519,-3.802,-0.929,-3.740,-0.410,-4.140,0.010,4078,2039,2039
1425,Aaron Williams,2008,-0.450,-0.110,-1.540,-0.070,1.990,-1.670,-1.080,-2.100,-1.730,-0.370,-1.214,-0.721,-0.493,-0.476,0.440,-0.110,-0.420,-0.030,-0.020,0.030,0.470,-0.120,0.280,-0.400,0.062,-0.140,0.202,-0.332,-3.314,-0.058,-3.790,-0.390,-4.180,0.000,12071,6024,6047
101120,Antoine Wright,2008,1.580,-0.280,-0.210,-1.150,-1.360,-0.270,-0.460,-1.280,-0.580,-0.700,-1.681,-0.647,-1.034,-1.059,0.170,-0.090,-0.140,0.640,-0.030,-0.170,1.030,0.070,0.740,-0.670,-0.175,-0.155,-0.020,-0.065,-2.961,-0.105,-4.020,-0.170,-4.190,0.000,10751,5316,5435
2560,Zarko Cabarkapa,2008,-0.130,0.130,0.440,-0.850,-0.310,-0.660,-1.800,-2.630,-2.260,-0.370,-0.764,0.037,-0.801,0.814,-0.250,-0.660,-0.390,0.110,0.640,-0.350,-1.460,-1.750,-1.620,-0.130,-0.384,-0.132,-0.252,0.514,-3.394,-2.134,-2.580,-1.620,-4.200,0.000,5826,2927,2899
1752,Sean Marks,2008,-1.420,-0.760,-0.300,-0.840,1.740,-0.060,-0.880,-3.230,-2.800,-0.430,0.559,0.123,0.436,-0.439,-0.840,-0.330,0.180,0.270,0.660,0.240,0.470,-0.210,0.160,-0.370,-0.253,-0.163,-0.090,-0.647,-2.671,-0.463,-3.110,-1.110,-4.230,-0.010,2119,1044,1075
2109,Eddie Gill,2008,-0.630,-0.870,1.560,-0.570,-0.930,-0.670,-4.380,-1.330,-2.460,1.130,-0.629,0.042,-0.671,-1.491,-0.440,0.270,-0.570,-0.340,1.030,-0.190,-0.320,-1.660,-1.590,-0.070,0.508,0.522,-0.014,0.372,-1.959,-1.152,-3.450,-0.780,-4.230,0.000,5115,2541,2574
101127,Jarrett Jack,2008,-0.400,-1.030,-0.590,-0.700,0.990,-0.360,-3.160,-0.970,-1.690,0.720,-0.589,0.636,-1.225,-1.211,0.140,-0.140,-0.600,0.070,0.460,0.160,0.600,0.150,0.160,-0.010,-0.470,-0.055,-0.415,-1.140,-1.559,-0.320,-2.770,-1.460,-4.240,-0.010,23219,11585,11634
1924,Lee Nailon,2008,-0.340,-0.910,-3.920,-0.960,4.260,-0.340,-0.310,-3.190,-2.670,-0.520,0.168,-0.085,0.253,0.992,-0.810,-0.570,0.330,-0.120,0.480,-0.280,-0.640,-1.810,-1.320,-0.490,-0.213,-0.199,-0.014,-0.237,-3.022,-2.023,-2.030,-2.260,-4.290,0.000,11014,5510,5504
1903,Kenny Thomas,2008,-0.300,-0.480,-1.720,-1.640,2.020,-0.560,-1.750,-3.030,-2.360,-0.670,-0.968,-0.576,-0.392,0.338,-0.220,-1.370,-0.280,0.000,0.490,-0.170,-1.600,-1.610,-1.990,0.380,0.592,0.567,0.025,0.288,-3.998,-1.018,-3.660,-0.730,-4.390,0.000,34187,17088,17099
2863,Damien Wilkins,2008,-1.680,-0.240,0.580,-0.880,1.110,-0.110,-3.960,-1.310,-1.490,0.180,-0.199,0.113,-0.312,0.019,-1.020,-1.400,0.030,-0.440,0.990,-0.820,-1.560,-3.600,-2.920,-0.680,0.153,0.281,-0.128,0.547,-1.509,-3.447,-1.490,-2.900,-4.390,0.000,22853,11392,11461
436,Juwan Howard,2008,-3.530,-0.460,-1.840,0.400,5.370,0.520,-0.640,-1.730,-1.390,-0.340,-0.252,-0.197,-0.055,-0.528,-0.310,-0.900,-0.460,-0.560,0.750,-0.030,-3.040,-2.020,-2.280,0.260,-0.667,-0.171,-0.496,0.777,-1.982,-2.687,-2.510,-1.910,-4.420,-0.000,34908,17453,17455
1542,Predrag Drobnjak,2008,-0.080,-0.670,-2.140,-0.880,2.200,-0.650,-2.430,-2.480,-2.160,-0.320,-0.606,0.190,-0.796,-0.914,-0.620,-0.590,0.140,0.020,0.470,-0.480,-1.930,-0.250,-0.640,0.390,-0.200,0.039,-0.239,0.020,-3.086,-0.450,-4.000,-0.430,-4.430,0.000,9040,4512,4528
101158,Orien Greene,2008,1.520,-1.120,-0.700,-0.750,-0.810,-1.360,-4.790,-3.400,-3.170,-0.230,-1.320,-0.212,-1.108,-0.540,0.020,0.210,-0.690,0.430,0.680,0.060,1.700,-0.440,0.270,-0.710,0.235,-0.041,0.276,0.985,-4.720,-0.205,-5.260,0.780,-4.480,-0.000,5739,2875,2864
1720,Michael Doleac,2008,-2.880,-1.280,-2.150,-0.780,5.030,-0.050,-1.820,-3.730,-2.860,-0.870,-0.163,-0.216,0.053,-0.767,1.060,-0.350,-0.050,0.310,-1.020,-0.110,-0.190,-0.150,0.080,-0.230,-0.065,-0.162,0.097,0.375,-3.893,-0.215,-4.660,0.160,-4.500,0.000,13600,6795,6805
2748,Dorell Wright,2008,-0.370,0.010,-2.800,-0.750,3.170,-0.270,-0.970,-1.550,-1.530,-0.020,-0.649,-0.138,-0.511,-0.771,0.650,-0.100,-1.310,0.260,0.660,-0.660,-1.160,-1.290,-1.000,-0.290,-0.171,-0.001,-0.170,-0.069,-2.199,-1.461,-2.970,-1.530,-4.500,0.000,9341,4665,4676
200769,Shannon Brown,2008,0.020,-0.730,0.510,0.430,-0.530,-1.080,-1.310,-1.960,-1.500,-0.460,-0.577,0.140,-0.717,0.427,-0.670,-0.210,0.030,-0.280,0.640,-0.330,-0.960,-1.670,-1.430,-0.240,-0.381,-0.239,-0.142,-0.369,-2.537,-2.051,-2.110,-2.420,-4.530,-0.000,1623,803,820
201154,Al Thornton,2008,-0.480,-0.530,-1.880,-0.660,2.360,-0.360,-1.520,-2.110,-2.150,0.040,-0.311,0.448,-0.759,-0.079,-1.110,-0.510,0.100,0.210,1.010,-0.340,-0.410,-1.340,-1.020,-0.320,-0.319,-0.075,-0.244,-0.381,-2.421,-1.659,-2.500,-2.040,-4.540,0.000,8082,4040,4042
2201,Eddy Curry,2008,3.170,1.450,-2.080,-0.130,-1.070,-0.010,0.160,0.700,1.030,-0.330,-3.480,-1.638,-1.842,-0.250,0.800,0.040,0.580,-0.860,-1.380,-0.000,-2.890,0.990,-0.050,1.040,-1.800,-1.048,-0.752,-0.750,-2.780,-0.810,-3.030,-1.560,-4.590,0.000,37899,18990,18909
201187,Dominic McGuire,2008,-0.680,-0.400,0.570,-0.180,0.120,-1.000,-2.310,-2.300,-1.900,-0.400,-0.300,0.027,-0.327,-0.510,-0.600,-0.750,-1.020,0.080,1.630,0.240,-1.860,-0.760,-0.780,0.020,-0.181,0.196,-0.377,-0.569,-2.600,-0.941,-3.110,-1.510,-4.620,-0.000,2530,1245,1285
673,Alan Henderson,2008,0.070,-0.750,-1.560,-0.850,1.500,-1.500,-4.760,-3.660,-3.230,-0.430,-0.664,-0.196,-0.468,0.924,-0.160,-0.480,0.110,-0.030,0.050,0.240,-1.590,-0.580,-0.560,-0.020,-0.285,0.033,-0.318,-0.355,-4.324,-0.865,-3.400,-1.220,-4.620,-0.000,8534,4233,4301
2211,Troy Murphy,2008,-1.760,-0.080,0.640,-0.210,1.120,-0.360,0.280,-1.360,-1.170,-0.190,0.181,0.293,-0.112,-0.671,-0.480,-1.790,0.940,-0.730,-0.480,-0.260,-3.360,-2.240,-2.100,-0.140,-0.463,-0.148,-0.315,-0.177,-1.179,-2.703,-1.850,-2.880,-4.730,-0.000,36571,18331,18240
1727,Pat Garrity,2008,-1.740,-0.840,2.200,-0.480,-0.470,-0.830,-0.870,-1.990,-2.310,0.320,-0.512,0.017,-0.529,-0.198,-0.790,-0.540,0.080,0.100,0.690,-0.030,-0.650,-1.850,-1.260,-0.590,-0.100,-0.275,0.175,-0.140,-2.502,-1.950,-2.700,-2.090,-4.790,-0.000,9186,4629,4557
101113,Ike Diogu,2008,-0.020,-0.770,-2.620,-0.700,2.660,-1.140,-5.130,-3.300,-3.550,0.250,-1.301,-0.265,-1.036,1.091,-0.020,-0.200,0.350,0.170,-0.340,-0.360,-0.750,-1.250,-0.980,-0.270,-0.469,-0.401,-0.068,0.439,-4.601,-1.719,-3.510,-1.280,-4.790,0.000,8034,4032,4002
2074,Jabari Smith,2008,-1.060,-1.240,-0.190,0.000,1.240,-0.030,-1.310,-1.320,-0.750,-0.570,-0.688,-0.600,-0.088,-1.472,-0.560,-0.140,-0.000,-0.260,0.560,-0.270,-0.670,-1.340,-0.960,-0.380,0.259,-0.020,0.279,-0.339,-2.008,-1.081,-3.480,-1.420,-4.900,0.000,3061,1534,1527
2044,Jason Collier,2008,-0.050,-0.420,-1.860,-0.500,1.910,-0.510,-0.580,-3.200,-2.540,-0.660,-0.246,-0.170,-0.076,0.276,0.480,-0.600,-0.470,-0.570,-0.020,-0.560,-1.980,-1.440,-1.640,0.200,-0.069,-0.018,-0.051,-0.221,-3.446,-1.509,-3.170,-1.730,-4.910,-0.010,5606,2791,2815
258,Brian Grant,2008,-1.570,-2.130,-0.140,-0.050,1.700,-0.100,-1.200,-3.200,-2.760,-0.440,-0.159,-0.154,-0.005,-0.521,1.530,-0.560,-0.710,-0.320,-0.830,-0.080,-0.440,-1.610,-1.570,-0.040,-0.296,-0.345,0.049,0.716,-3.359,-1.906,-3.880,-1.190,-5.070,0.000,14911,7440,7471
1500,Ron Mercer,2008,-1.930,-0.800,-1.820,-0.720,3.740,-1.240,-3.200,-5.030,-4.450,-0.580,-0.113,-0.291,0.178,-0.507,-0.780,0.080,0.060,0.260,0.730,0.320,1.220,1.020,1.180,-0.160,0.076,0.122,-0.046,-0.526,-5.143,1.096,-5.650,0.570,-5.080,0.000,3340,1675,1665
101130,Johan Petro,2008,-2.410,-0.800,-3.290,-0.400,5.710,0.590,-1.780,-2.470,-1.770,-0.700,-1.012,-0.537,-0.475,-0.728,0.040,-0.430,-0.690,-0.360,0.640,0.020,-2.080,-0.470,-0.820,0.350,-0.037,0.230,-0.267,-0.393,-3.482,-0.507,-4.210,-0.900,-5.110,-0.000,15595,7796,7799
1737,Nazr Mohammed,2008,-0.140,-1.230,-2.950,-0.670,3.090,-0.240,-1.820,-3.970,-2.720,-1.250,-1.003,-0.264,-0.739,1.173,-0.280,-0.420,0.530,0.010,-0.250,-0.200,-1.420,-0.170,-0.450,0.280,-0.599,-0.396,-0.203,-0.541,-4.973,-0.769,-3.800,-1.310,-5.110,0.000,29759,14852,14907
458,Howard Eisley,2008,-1.010,-0.250,0.360,-1.440,0.640,0.570,-1.680,-1.010,-0.850,-0.160,-0.735,-0.257,-0.478,-1.335,-0.660,-0.560,-0.450,-0.250,1.110,0.260,-0.400,-2.190,-1.110,-1.080,-0.313,-0.155,-0.158,0.373,-1.745,-2.503,-3.080,-2.130,-5.200,0.010,11921,5948,5973
1521,Jacque Vaughn,2008,-1.710,-1.020,-1.110,-0.430,2.820,-0.900,-1.130,-2.520,-2.410,-0.110,-0.536,-0.103,-0.433,-1.474,1.200,-0.030,-0.530,0.250,-0.660,-0.160,0.050,-0.680,-0.190,-0.490,-0.257,-0.213,-0.044,0.187,-3.056,-0.937,-4.530,-0.750,-5.280,-0.000,22959,11425,11534
101138,Brandon Bass,2008,-0.780,-1.210,-1.820,-0.390,2.610,-0.330,-2.880,-1.840,-2.330,0.490,-0.467,0.101,-0.568,-1.133,-0.450,-0.800,1.000,-0.300,-0.560,0.370,-0.110,-0.720,-0.640,-0.080,-0.623,-0.167,-0.456,-0.827,-2.307,-1.343,-3.440,-2.170,-5.610,0.000,7760,3865,3895
688,Michael Curry,2008,-2.080,-0.340,-2.010,-1.220,4.080,-0.960,-5.880,-4.130,-4.140,0.010,-0.903,0.153,-1.056,-2.247,0.030,0.420,0.540,0.250,-0.560,0.390,1.070,1.700,1.610,0.090,-0.172,-0.568,0.396,-0.178,-5.033,1.528,-7.280,1.350,-5.930,-0.000,5073,2507,2566
1934,Rodney Buford,2008,-1.910,-1.040,-0.990,-0.460,2.880,-1.330,-2.900,-4.300,-4.100,-0.200,0.263,-0.053,0.316,-0.403,0.080,-0.510,-0.930,-0.120,0.860,-0.280,0.040,-1.540,-1.020,-0.520,0.357,0.219,0.138,-0.337,-4.037,-1.183,-4.440,-1.520,-5.960,-0.000,5383,2678,2705
763,Tony Massenburg,2008,-3.730,-0.590,-0.310,-0.480,4.010,-0.420,-2.010,-3.390,-2.630,-0.760,-0.373,-0.098,-0.275,-0.627,-0.060,-0.690,1.400,-0.170,-1.350,-0.080,-0.050,-1.330,-0.800,-0.530,-0.185,0.059,-0.244,-0.475,-3.763,-1.515,-4.390,-1.990,-6.380,-0.000,5431,2705,2726
2694,Josh Powell,2008,-1.490,0.050,-2.190,-0.730,3.680,-0.330,-2.990,-2.290,-1.850,-0.440,-0.982,-0.479,-0.503,0.312,-0.330,-0.560,-0.800,-0.380,1.130,-0.710,-2.020,-2.940,-2.750,-0.190,-0.746,-0.370,-0.376,0.256,-3.272,-3.686,-2.960,-3.430,-6.400,-0.010,7594,3784,3810
101124,Hakim Warrick,2008,0.450,-1.010,-2.160,-1.030,1.710,-0.980,-4.610,-2.870,-3.280,0.410,-0.533,0.263,-0.796,-0.257,-1.070,-1.060,-0.570,-0.530,1.640,-0.750,-3.300,-3.070,-2.980,-0.090,-0.276,0.039,-0.315,-0.234,-3.403,-3.346,-3.660,-3.580,-7.240,0.000,17777,8889,8888
