player_id,player_name,Latest_Year,oRIM_FREQ,oRIM_FG_PCT,oTHREE_FREQ,oTHREE_FG_PCT,oMIDRANGE_FREQ,oMIDRANGE_FG_PCT,oASSIST_POINTS,oALT_TS,oALT_EFG,oALT_FT,oALT_TOV,oALT_TOV_bp,oALT_TOV_sc,oSC,dRIM_FREQ,dRIM_FG_PCT,dTHREE_FREQ,dTHREE_FG_PCT,dMIDRANGE_FREQ,dMIDRANGE_FG_PCT,dASSIST_POINTS,dALT_TS,dALT_EFG,dALT_FT,dALT_TOV,dALT_TOV_bp,dALT_TOV_sc,dSC,oFC,dFC,off,def,net_rapm,RESID,possessions,off_poss,def_poss
2544,LeBron James,2010,2.190,3.910,3.710,0.270,-5.900,0.110,2.160,5.470,4.580,0.890,1.646,0.458,1.188,1.324,-0.370,0.970,-0.130,1.040,0.480,0.450,2.750,1.300,1.650,-0.350,0.298,0.272,0.026,0.662,7.116,1.598,8.440,2.260,10.700,-0.000,68434,34225,34209
2548,Dwyane Wade,2010,2.860,3.710,-0.990,0.240,-1.880,1.060,-0.230,5.680,4.410,1.270,0.765,0.118,0.647,0.845,-0.120,0.320,0.290,0.330,-0.180,-0.050,1.550,-0.080,0.630,-0.710,0.689,0.667,0.022,0.391,6.445,0.609,7.290,1.000,8.290,0.000,53301,26722,26579
708,Kevin Garnett,2010,0.440,2.320,-3.780,0.300,3.340,2.050,4.530,2.890,2.280,0.610,0.047,-0.280,0.327,-0.907,0.990,1.940,-0.050,0.460,-0.950,1.700,3.820,4.720,4.460,0.260,0.378,0.460,-0.082,0.452,2.937,5.098,2.030,5.550,7.580,0.000,51007,25567,25440
959,Steve Nash,2010,-0.310,3.920,4.990,2.120,-4.680,2.980,7.550,8.890,8.390,0.500,1.209,-0.229,1.438,-2.019,0.720,-0.170,0.160,-0.580,-0.880,-0.120,0.190,0.420,0.080,0.340,-0.215,-0.006,-0.209,-1.045,10.099,0.205,8.080,-0.840,7.240,0.000,59843,29958,29885
977,Kobe Bryant,2010,-1.250,1.010,2.310,0.520,-1.090,2.200,0.740,5.110,3.770,1.340,1.814,0.659,1.155,-0.454,-1.070,0.300,0.090,0.800,0.980,0.180,0.840,-0.500,-0.040,-0.460,-0.204,0.125,-0.329,0.394,6.924,-0.704,6.470,-0.310,6.160,-0.000,70844,35531,35313
1495,Tim Duncan,2010,-0.130,2.220,-3.620,1.130,3.750,0.780,2.050,0.750,0.910,-0.160,0.306,-0.088,0.394,1.064,1.780,1.950,1.600,-0.040,-3.380,0.300,0.390,4.560,3.230,1.330,-1.037,-0.516,-0.521,0.087,1.056,3.523,2.120,3.610,5.730,0.000,56462,28427,28035
1713,Vince Carter,2010,0.250,-0.150,3.680,0.790,-3.940,0.770,1.480,2.610,2.170,0.440,1.146,0.405,0.741,-0.056,0.150,1.320,-0.900,-0.120,0.750,0.510,1.040,1.600,1.870,-0.270,-0.541,-0.240,-0.301,0.711,3.756,1.059,3.700,1.770,5.460,-0.010,58382,29237,29145
2730,Dwight Howard,2010,2.980,2.380,-1.140,1.100,-1.830,0.220,0.110,1.280,1.960,-0.680,-1.550,-0.752,-0.798,3.070,2.520,0.600,0.610,0.430,-3.130,0.150,1.640,2.140,1.850,0.290,-0.541,-0.229,-0.312,0.981,-0.270,1.599,2.800,2.580,5.380,0.000,61841,31016,30825
1497,Chauncey Billups,2010,-1.270,-0.680,4.370,1.190,-3.090,0.680,-0.740,3.100,0.950,2.150,1.794,0.790,1.004,0.116,-1.190,0.670,0.350,0.510,0.840,0.120,1.620,-0.250,0.330,-0.580,0.022,0.044,-0.022,0.228,4.894,-0.228,5.010,0.000,5.010,0.000,58047,29149,28898
1897,Metta World Peace,2010,0.490,-0.540,1.390,0.660,-1.890,-0.240,-1.420,0.270,0.530,-0.260,0.520,0.640,-0.120,0.880,1.610,0.000,-0.000,0.500,-1.610,0.480,2.400,2.050,1.650,0.400,0.595,0.280,0.315,0.615,0.790,2.645,1.670,3.260,4.920,-0.010,51089,25577,25512
201935,James Harden,2010,0.550,-0.790,1.560,0.300,-2.110,-0.410,-0.800,2.350,1.050,1.300,-0.177,0.189,-0.366,0.107,0.230,0.500,-0.540,0.400,0.320,0.590,3.370,1.690,2.010,-0.320,0.831,0.240,0.591,-0.091,2.173,2.521,2.280,2.430,4.710,0.000,6929,3447,3482
1938,Manu Ginobili,2010,1.460,1.010,4.890,-0.150,-6.350,0.010,2.160,3.660,2.140,1.520,0.449,0.030,0.419,-0.649,-0.460,0.710,-0.140,0.780,0.610,-0.810,2.790,-0.700,-0.470,-0.230,1.082,0.173,0.909,0.718,4.109,0.382,3.460,1.100,4.560,0.000,42786,21507,21279
1884,Baron Davis,2010,2.210,1.170,4.480,-0.980,-6.690,0.110,1.470,2.210,2.440,-0.230,1.523,0.353,1.170,0.107,-0.090,-0.440,-0.200,-0.030,0.270,0.260,0.230,-0.220,0.060,-0.280,0.837,-0.051,0.888,-0.137,3.733,0.617,3.840,0.480,4.330,0.010,50088,25121,24967
1717,Dirk Nowitzki,2010,-0.930,0.570,-1.320,1.160,2.240,1.890,-0.400,3.330,1.670,1.660,1.448,0.200,1.248,-1.738,1.020,-0.080,0.030,0.180,-1.070,0.180,0.520,1.290,0.560,0.730,-0.457,-0.224,-0.233,0.417,4.778,0.833,3.040,1.250,4.290,0.000,62268,31192,31076
101108,Chris Paul,2010,-0.520,-0.220,1.580,0.050,-1.060,1.090,1.380,2.350,1.470,0.880,2.289,1.207,1.082,-0.589,0.630,-0.420,-1.200,0.120,0.570,-0.260,0.360,-0.700,-0.800,0.100,0.543,0.364,0.179,0.147,4.639,-0.157,4.050,-0.010,4.040,-0.000,49970,24985,24985
2203,Shane Battier,2010,-0.300,-0.520,3.510,0.580,-3.210,-0.220,0.530,1.100,1.150,-0.050,-0.423,-0.321,-0.102,0.123,0.430,2.660,0.700,0.530,-1.130,0.270,1.970,3.840,3.350,0.490,-0.276,-0.168,-0.108,-0.504,0.677,3.564,0.800,3.060,3.850,-0.010,51291,25617,25674
2547,Chris Bosh,2010,-1.470,0.700,-1.550,1.240,3.000,1.890,0.720,2.460,1.490,0.970,0.236,-0.072,0.308,-0.016,1.120,0.670,-0.500,-0.520,-0.630,-0.620,-1.130,0.960,0.290,0.670,-0.224,-0.227,0.003,0.374,2.696,0.736,2.680,1.110,3.790,0.000,51157,25653,25504
1718,Paul Pierce,2010,2.320,-0.360,1.220,-0.290,-3.560,1.490,-1.090,2.990,1.200,1.790,0.092,0.059,0.033,-0.322,0.540,0.320,0.010,0.530,-0.560,-0.360,1.030,-0.030,0.320,-0.350,0.332,-0.064,0.396,0.558,3.082,0.302,2.760,0.860,3.620,0.000,58369,29249,29120
200794,Paul Millsap,2010,1.260,0.300,-2.860,-0.110,1.600,0.590,1.290,1.020,0.820,0.200,-0.464,-0.315,-0.149,1.534,-0.010,0.710,-0.970,0.280,0.980,0.420,2.140,-0.290,0.420,-0.710,0.807,0.136,0.671,1.013,0.556,0.517,2.090,1.530,3.620,0.000,32792,16380,16412
2760,Anderson Varejao,2010,-0.240,0.840,-1.080,-0.280,1.320,-0.810,-0.420,-1.070,-0.820,-0.250,0.461,-0.007,0.468,0.949,0.460,-0.530,-0.880,0.890,0.420,0.960,0.970,1.370,1.570,-0.200,1.350,0.396,0.954,0.450,-0.609,2.720,0.340,3.170,3.520,0.010,36490,18149,18341
1885,Lamar Odom,2010,1.500,0.280,0.220,-0.480,-1.730,-0.380,0.470,-0.230,-0.450,0.220,0.227,0.472,-0.245,0.433,1.740,1.700,-1.230,0.050,-0.510,0.560,0.040,2.800,2.140,0.660,-0.074,-0.066,-0.008,0.334,-0.003,2.726,0.430,3.060,3.480,-0.010,60688,30392,30296
2572,Josh Howard,2010,-0.220,0.840,-1.830,0.960,2.040,0.850,-0.410,0.770,0.410,0.360,-0.025,0.211,-0.236,0.995,-0.030,0.820,1.280,-0.160,-1.250,0.280,2.450,1.490,1.850,-0.360,-0.040,-0.049,0.009,-0.080,0.745,1.450,1.740,1.370,3.100,-0.010,41871,20942,20929
101161,Amir Johnson,2010,0.450,0.570,-1.780,-0.660,1.340,0.210,-0.550,-0.270,0.190,-0.460,-0.242,-0.213,-0.029,1.242,0.480,1.750,-0.340,0.360,-0.160,0.620,2.360,2.560,3.110,-0.550,0.104,-0.028,0.132,-0.354,-0.512,2.664,0.730,2.310,3.050,0.010,12368,6172,6196
224,Eddie Jones,2010,0.270,0.240,2.100,-0.810,-2.370,0.050,0.130,0.140,0.330,-0.190,0.661,0.265,0.396,0.129,-0.070,0.440,-0.110,0.280,0.180,0.280,1.380,0.790,0.840,-0.050,1.167,0.431,0.736,0.133,0.801,1.957,0.930,2.090,3.010,-0.010,19512,9740,9772
101106,Andrew Bogut,2010,1.350,0.150,-2.240,0.060,0.890,0.650,0.600,-0.110,0.590,-0.700,-1.262,-1.132,-0.130,0.622,0.760,1.020,0.450,0.200,-1.210,-0.140,0.660,2.660,1.990,0.670,0.080,-0.157,0.237,1.000,-1.372,2.740,-0.750,3.740,2.990,0.000,40554,20285,20269
200746,LaMarcus Aldridge,2010,-2.150,1.810,-0.950,0.190,3.090,-0.040,0.720,-0.730,-0.610,-0.120,0.559,0.185,0.374,1.171,0.410,0.130,-0.110,0.100,-0.300,-0.360,1.080,0.780,0.490,0.290,0.190,0.180,0.010,0.980,-0.171,0.970,1.000,1.950,2.950,0.000,36976,18515,18461
2365,Chris Andersen,2010,1.500,-0.580,-1.140,-0.290,-0.350,-0.270,-2.470,0.480,-0.190,0.670,-0.714,-0.479,-0.235,1.484,-0.620,1.700,0.100,0.020,0.510,0.410,0.330,3.070,2.810,0.260,0.276,-0.214,0.490,-1.766,-0.234,3.346,1.250,1.580,2.830,0.000,16086,8047,8039
1740,Rashard Lewis,2010,-1.870,0.490,6.230,0.890,-4.370,0.870,0.820,2.410,1.760,0.650,0.674,0.462,0.212,-0.644,0.680,-0.550,0.170,-0.020,-0.840,-0.120,-0.040,1.200,0.380,0.820,-0.274,0.355,-0.629,-0.536,3.084,0.926,2.440,0.390,2.820,-0.010,57862,29006,28856
1905,Andrei Kirilenko,2010,3.830,0.170,-2.190,-1.150,-1.640,-0.970,0.450,-0.380,-0.920,0.540,-0.200,-0.452,0.252,0.580,-0.790,1.700,-0.180,0.190,0.960,0.860,2.240,2.800,2.750,0.050,0.759,0.161,0.598,-0.739,-0.580,3.559,-0.000,2.820,2.820,0.000,43145,21563,21582
2225,Tony Parker,2010,2.290,1.380,-2.670,0.490,0.400,0.630,-2.920,2.220,2.290,-0.070,0.704,0.500,0.204,-0.884,-0.680,0.160,2.110,0.470,-1.420,0.250,2.640,1.290,0.670,0.620,-0.229,0.166,-0.395,-0.331,2.924,1.061,2.040,0.730,2.770,-0.000,51537,25902,25635
1902,Jeff Foster,2010,-1.260,-0.890,-1.250,0.640,2.510,-1.000,0.290,-1.630,-0.840,-0.790,-0.348,-0.296,-0.052,2.908,1.960,-0.080,0.080,0.010,-2.040,-0.400,1.710,0.470,0.420,0.050,-0.235,-0.356,0.121,1.605,-1.978,0.235,0.930,1.840,2.770,0.000,28112,14043,14069
951,Ray Allen,2010,0.020,2.000,3.590,1.480,-3.620,0.660,5.320,3.610,3.210,0.400,0.679,0.339,0.340,0.121,-0.100,-1.360,-0.200,0.280,0.290,0.300,-0.400,-0.830,-0.670,-0.160,0.036,0.238,-0.202,-0.846,4.289,-0.794,4.410,-1.640,2.760,-0.010,58873,29449,29424
200750,Brandon Roy,2010,-0.560,-0.650,-0.380,1.090,0.940,1.120,-0.920,2.270,1.500,0.770,1.142,1.013,0.129,-0.032,-1.220,0.130,0.950,-0.030,0.270,-0.090,1.080,0.000,0.050,-0.050,-0.164,-0.175,0.011,-0.486,3.412,-0.164,3.380,-0.650,2.730,0.000,37372,18704,18668
1712,Antawn Jamison,2010,-0.250,2.180,1.290,0.240,-1.040,-0.530,2.730,0.730,0.810,-0.080,1.169,0.191,0.978,1.321,0.750,-2.050,0.010,-0.650,-0.770,0.140,-1.720,-0.750,-1.090,0.340,-0.372,-0.190,-0.182,0.612,1.899,-1.122,3.220,-0.510,2.710,0.000,58817,29483,29334
1503,Tracy McGrady,2010,-1.620,0.270,2.360,-0.090,-0.750,0.530,2.050,1.020,0.930,0.090,1.828,0.741,1.087,0.242,0.400,0.850,-0.020,0.040,-0.380,-0.060,0.800,0.100,0.110,-0.010,-0.326,-0.273,-0.053,-0.244,2.848,-0.226,3.090,-0.470,2.620,0.000,33624,16806,16818
1889,Andre Miller,2010,3.750,1.600,-3.970,-1.820,0.230,0.680,-0.070,2.220,1.410,0.810,0.543,-0.005,0.548,-0.683,0.630,0.120,-0.830,0.510,0.200,0.000,-0.470,1.550,1.020,0.530,0.064,-0.068,0.132,-1.084,2.763,1.614,2.080,0.530,2.610,0.000,56431,28253,28178
201141,Greg Oden,2010,1.410,0.510,-0.880,0.510,-0.510,-0.610,1.100,-0.800,-0.320,-0.480,-0.808,-0.204,-0.604,3.538,0.550,0.120,0.730,-0.200,-1.280,-0.080,0.580,0.990,0.980,0.010,-0.566,0.096,-0.662,0.176,-1.608,0.424,1.930,0.600,2.530,-0.000,6628,3331,3297
2222,Gerald Wallace,2010,5.590,-1.030,-1.510,-0.790,-4.080,-0.460,-0.550,0.340,-0.160,0.500,-0.303,-0.122,-0.181,0.333,-1.170,1.030,-0.280,0.250,1.450,-0.450,0.830,0.590,0.410,0.180,1.145,0.630,0.515,0.425,0.037,1.735,0.370,2.160,2.530,0.000,47660,23843,23817
201579,Roy Hibbert,2010,0.420,-1.070,-2.660,0.920,2.240,1.160,0.390,0.060,0.770,-0.710,-0.260,-0.670,0.410,0.670,0.990,0.420,1.610,0.010,-2.600,0.140,1.490,1.720,1.640,0.080,-0.061,-0.108,0.047,0.401,-0.200,1.659,0.470,2.060,2.520,-0.010,11927,5965,5962
101114,Deron Williams,2010,1.150,0.960,1.590,0.540,-2.740,1.150,3.670,2.520,2.430,0.090,0.572,0.280,0.292,-0.412,-0.520,-0.630,0.120,0.330,0.410,0.570,0.030,0.300,0.480,-0.180,-0.350,-0.532,0.182,-0.110,3.092,-0.050,2.680,-0.160,2.520,0.000,58507,29298,29209
2199,Tyson Chandler,2010,0.270,0.190,-0.680,1.600,0.410,-0.870,-0.560,-0.340,0.470,-0.810,-1.182,-0.451,-0.731,2.062,2.220,0.520,-0.770,0.130,-1.450,0.150,-1.780,2.070,1.410,0.660,-0.581,-0.470,-0.111,0.461,-1.522,1.489,0.540,1.950,2.490,0.000,39189,19608,19581
2736,Luol Deng,2010,0.640,-0.630,-3.560,0.020,2.920,0.710,-0.260,-0.320,-0.400,0.080,0.337,0.079,0.258,0.663,-0.200,1.640,-0.290,0.380,0.480,0.800,0.840,1.790,1.910,-0.120,-0.029,0.125,-0.154,-0.021,0.017,1.761,0.680,1.740,2.420,-0.000,48754,24417,24337
201943,Brandon Jennings,2010,-0.820,-0.990,1.810,0.450,-0.990,-0.490,-1.000,-0.710,-0.750,0.040,1.203,0.463,0.740,0.717,-0.450,0.680,1.280,0.310,-0.830,-0.460,1.030,0.200,0.430,-0.230,0.407,-0.025,0.432,0.533,0.493,0.607,1.210,1.140,2.340,-0.010,10826,5424,5402
201162,Jared Dudley,2010,-0.030,-0.340,0.820,1.030,-0.790,-0.180,0.050,1.240,1.040,0.200,0.263,0.301,-0.038,1.427,0.240,0.140,-0.540,0.110,0.300,0.020,1.290,-0.180,0.140,-0.320,0.258,0.301,-0.043,-0.778,1.503,0.078,2.930,-0.700,2.230,0.000,18419,9203,9216
201587,Nicolas Batum,2010,1.360,0.510,0.330,0.480,-1.680,0.320,1.710,2.050,2.110,-0.060,0.577,0.126,0.451,0.723,-0.650,0.020,0.180,-0.340,0.490,-0.480,0.130,-1.700,-1.480,-0.220,0.512,0.185,0.327,0.038,2.627,-1.188,3.350,-1.150,2.200,0.000,8950,4457,4493
1112,Ben Wallace,2010,-0.300,-1.260,-1.920,0.400,2.230,-0.840,0.810,-2.550,-1.490,-1.060,-0.411,-0.280,-0.131,1.671,0.140,1.200,0.780,-0.080,-0.910,-0.400,-0.600,1.620,0.440,1.180,1.193,0.521,0.672,0.647,-2.961,2.813,-1.290,3.460,2.170,-0.000,45841,22885,22956
1882,Elton Brand,2010,-2.280,0.240,-2.250,0.220,4.520,1.030,1.340,0.330,0.480,-0.150,-0.231,0.196,-0.427,0.591,0.930,1.520,-0.060,-0.090,-0.860,-0.160,-0.730,1.940,1.360,0.580,-0.904,-0.117,-0.787,0.384,0.099,1.036,0.690,1.420,2.110,0.000,38103,19098,19005
978,Peja Stojakovic,2010,-1.900,1.240,2.800,1.050,-0.890,0.700,3.090,1.750,1.810,-0.060,0.878,0.549,0.329,-0.378,-0.930,-0.670,0.760,0.540,0.170,0.280,-0.260,0.160,-0.090,0.250,-0.425,-0.252,-0.173,0.095,2.628,-0.265,2.250,-0.170,2.090,0.010,38395,19223,19172
467,Jason Kidd,2010,0.520,-0.470,1.850,-0.350,-2.380,0.520,6.000,1.060,0.470,0.590,0.422,-0.017,0.439,-0.272,1.460,0.680,-1.100,-0.040,-0.370,-0.070,0.440,-0.090,-0.060,-0.030,0.283,0.273,0.010,0.667,1.482,0.193,1.210,0.860,2.070,0.000,60599,30373,30226
2200,Pau Gasol,2010,0.420,0.960,-0.740,0.330,0.320,1.370,2.230,1.380,1.460,-0.080,0.052,-0.934,0.986,0.788,-1.500,0.810,0.030,0.020,1.480,0.140,-2.530,1.400,0.580,0.820,-0.890,-0.220,-0.670,-0.690,1.432,0.510,2.220,-0.180,2.040,0.000,59469,29831,29638
101236,Chuck Hayes,2010,0.040,-0.940,0.390,0.460,-0.420,-0.020,1.520,-2.400,-0.840,-1.560,-0.318,-0.686,0.368,0.878,0.850,0.780,0.860,-0.040,-1.710,0.280,2.660,1.770,1.470,0.300,1.014,0.539,0.475,1.096,-2.718,2.784,-1.840,3.880,2.030,-0.010,25833,12814,13019
2419,Tayshaun Prince,2010,-1.110,0.340,-0.990,-0.190,2.100,-0.300,0.180,-0.070,-0.270,0.200,1.308,0.524,0.784,0.282,-1.220,0.560,1.510,0.050,-0.290,0.570,-0.280,1.340,0.960,0.380,-0.480,0.059,-0.539,-0.400,1.238,0.860,1.520,0.460,1.980,-0.000,54488,27299,27189
2072,Michael Redd,2010,1.540,0.800,0.930,-0.060,-2.480,0.520,2.190,2.980,1.900,1.080,0.739,-0.013,0.752,-0.199,-0.730,-0.390,-0.420,-0.380,1.140,-0.630,-2.160,-1.810,-1.560,-0.250,0.570,0.272,0.298,-0.320,3.719,-1.240,3.520,-1.560,1.950,-0.010,36533,18280,18253
201149,Joakim Noah,2010,1.320,-1.060,-2.940,0.350,1.620,0.640,0.790,-1.100,-0.410,-0.690,-0.514,-0.556,0.042,2.384,-0.610,0.690,-0.010,0.390,0.620,-0.190,-1.400,1.440,0.770,0.670,0.007,0.392,-0.385,-0.307,-1.614,1.447,0.770,1.140,1.910,-0.000,22047,10957,11090
201956,Omri Casspi,2010,0.950,0.350,-0.260,-0.710,-0.670,0.250,-1.210,-0.810,-0.640,-0.170,0.293,-0.304,0.597,1.527,0.350,-0.300,0.360,0.390,-0.700,0.080,2.450,0.900,0.960,-0.060,-0.031,-0.092,0.061,0.011,-0.517,0.869,1.010,0.880,1.880,-0.010,7514,3752,3762
2397,Yao Ming,2010,-0.370,1.230,-2.870,0.660,3.240,1.000,2.120,1.200,0.710,0.490,-1.881,-1.266,-0.615,-0.519,2.060,1.820,0.950,-0.420,-3.020,0.640,0.720,3.680,2.570,1.110,-1.006,-0.486,-0.520,0.386,-0.681,2.674,-1.200,3.060,1.860,0.000,32247,16163,16084
948,Marcus Camby,2010,1.980,0.600,-3.320,-0.780,1.350,-0.610,0.790,0.020,-0.360,0.380,-0.399,-0.500,0.101,-0.211,0.410,1.420,-0.160,-0.310,-0.250,0.400,-1.070,2.640,1.550,1.090,0.234,-0.002,0.236,-0.464,-0.379,2.874,-0.590,2.410,1.820,-0.000,45758,22872,22886
200081,Jamario Moon,2010,-0.390,0.610,-0.350,0.610,0.740,0.880,1.170,1.750,1.890,-0.140,0.464,-0.087,0.551,-1.154,-0.300,0.780,-1.220,-0.100,1.520,0.410,-0.300,1.350,0.870,0.480,0.126,0.242,-0.116,-0.726,2.214,1.476,1.060,0.750,1.810,0.000,20574,10260,10314
201143,Al Horford,2010,-0.550,1.390,-2.050,0.310,2.640,-0.320,1.970,-0.440,-0.360,-0.080,0.543,0.147,0.396,0.327,0.330,0.240,0.240,-0.060,-0.570,-0.020,-0.810,0.930,0.090,0.840,-0.112,0.186,-0.298,0.562,0.103,0.818,0.430,1.380,1.810,0.000,30947,15488,15459
201566,Russell Westbrook,2010,3.150,-0.250,0.420,-0.190,-3.530,0.100,-1.290,1.350,0.600,0.750,0.256,0.654,-0.398,0.544,-2.570,0.150,0.760,0.480,1.810,0.620,1.370,0.320,0.500,-0.180,0.596,0.295,0.301,-1.256,1.606,0.916,2.150,-0.340,1.810,-0.000,20975,10271,10704
201152,Thaddeus Young,2010,2.050,0.590,-0.720,-0.580,-1.330,-0.110,-1.380,-0.720,-0.350,-0.370,0.185,0.636,-0.451,1.165,-0.970,0.140,-0.140,-0.360,1.100,0.850,-0.600,-0.270,-0.530,0.260,0.976,0.447,0.529,0.444,-0.535,0.706,0.630,1.150,1.790,0.010,24769,12389,12380
2734,Devin Harris,2010,4.070,-0.640,-1.270,-0.530,-2.790,0.720,-1.060,1.790,0.630,1.160,0.677,0.567,0.110,-0.937,-1.060,0.260,1.040,-0.220,0.010,0.030,1.000,-0.720,-0.060,-0.660,0.671,0.206,0.465,0.239,2.467,-0.049,1.530,0.190,1.720,-0.000,39664,19843,19821
2137,Ime Udoka,2010,-1.290,-0.550,1.310,-0.580,-0.010,0.380,-1.380,0.150,-0.060,0.210,0.139,0.216,-0.077,-0.069,0.930,-0.240,-0.260,0.490,-0.660,0.070,2.900,0.270,0.660,-0.390,0.350,0.212,0.138,0.860,0.289,0.620,0.220,1.480,1.700,-0.000,21428,10671,10757
1515,Anthony Parker,2010,-1.650,1.270,0.580,0.880,1.060,-0.200,2.390,1.670,1.080,0.590,0.483,0.226,0.257,-1.873,0.760,0.220,-0.080,-0.020,-0.670,0.170,0.710,0.840,0.360,0.480,0.119,0.105,0.014,0.411,2.153,0.959,0.280,1.370,1.650,-0.000,40369,20238,20131
201178,Kyrylo Fesenko,2010,1.760,-0.120,-0.980,-0.220,-0.780,-0.460,-0.660,-0.040,0.500,-0.540,-0.689,-0.508,-0.181,1.319,0.230,0.220,-0.120,0.270,-0.100,0.240,1.260,0.490,0.790,-0.300,0.117,-0.207,0.324,0.443,-0.729,0.607,0.590,1.050,1.640,-0.000,3006,1505,1501
239,Darrick Martin,2010,-0.400,-0.210,1.280,-0.160,-0.880,0.040,-1.170,0.760,0.300,0.460,0.761,0.589,0.172,-0.051,0.110,0.000,-0.470,0.180,0.380,-0.030,0.060,-0.250,0.120,-0.370,0.170,0.242,-0.072,0.250,1.521,-0.080,1.470,0.170,1.640,0.000,2606,1311,1295
2045,Hedo Turkoglu,2010,0.220,0.840,3.060,0.710,-3.280,0.200,0.790,2.760,2.200,0.560,0.200,0.103,0.097,-0.600,-0.020,0.720,0.340,0.540,-0.340,-0.230,0.700,-0.010,0.140,-0.150,-0.701,-0.465,-0.236,-0.049,2.960,-0.711,2.360,-0.760,1.600,0.000,53760,26954,26806
2747,JR Smith,2010,0.520,-0.040,4.660,0.780,-5.190,-0.280,1.350,2.810,2.610,0.200,-0.402,0.120,-0.522,-0.128,-0.460,-0.010,-0.660,0.140,1.130,0.540,0.340,-0.560,0.280,-0.840,0.642,0.471,0.171,-0.802,2.408,0.082,2.280,-0.720,1.560,0.000,34612,17344,17268
2407,Jared Jeffries,2010,0.240,0.080,0.450,-0.180,-0.690,-0.500,-0.780,-1.230,-0.560,-0.670,0.054,0.162,-0.108,1.236,1.720,0.070,-0.790,-0.490,-0.940,-0.170,-0.220,0.480,-0.130,0.610,0.555,-0.061,0.616,0.385,-1.176,1.035,0.060,1.420,1.480,-0.000,29595,14694,14901
2738,Andre Iguodala,2010,1.590,0.450,-0.910,-0.720,-0.690,-0.910,0.100,0.480,-0.190,0.670,0.466,-0.091,0.557,-0.086,-0.810,0.600,-0.630,-0.030,1.430,-0.160,1.520,0.040,0.100,-0.060,0.822,0.357,0.465,-0.282,0.946,0.862,0.860,0.580,1.450,0.010,60238,30117,30121
200764,Renaldo Balkman,2010,3.100,-1.480,-0.540,-0.700,-2.560,-1.030,-1.390,-3.060,-2.360,-0.700,-0.465,-0.103,-0.362,3.035,0.280,0.760,-0.900,-0.140,0.620,1.130,2.450,1.830,2.450,-0.620,1.177,0.830,0.347,-1.067,-3.525,3.007,-0.490,1.940,1.450,-0.000,11079,5482,5597
1559,Adrian Griffin,2010,-0.430,-0.790,-2.070,0.580,2.530,0.260,-1.530,-0.050,0.160,-0.210,-0.830,0.100,-0.930,0.780,0.450,0.290,-0.220,-0.100,-0.210,0.380,0.640,-0.280,-0.010,-0.270,0.844,0.734,0.110,0.976,-0.880,0.564,-0.100,1.540,1.440,0.000,8996,4469,4527
1710,Mike Bibby,2010,-3.240,1.710,3.960,0.670,-0.720,-0.150,4.740,1.260,1.370,-0.110,0.833,0.023,0.810,-0.603,1.720,-1.200,-0.650,0.140,-1.060,0.300,-1.220,1.040,0.520,0.520,-0.577,-0.088,-0.489,-0.533,2.093,0.463,1.490,-0.070,1.410,-0.010,51418,25798,25620
201188,Marc Gasol,2010,1.030,0.740,-1.620,-0.060,0.610,0.470,1.500,0.680,0.820,-0.140,-0.438,-0.618,0.180,0.198,-0.910,-0.510,0.540,0.160,0.370,0.070,0.640,0.200,0.280,-0.080,0.656,0.456,0.200,0.104,0.242,0.856,0.440,0.960,1.400,-0.000,18523,9247,9276
2746,Josh Smith,2010,3.720,1.220,-1.760,-0.300,-1.950,-0.630,2.190,-0.140,0.180,-0.320,-0.310,-0.812,0.502,1.030,-1.040,1.580,-0.090,-0.470,1.120,0.340,-0.760,1.240,0.640,0.600,0.051,0.162,-0.111,-0.481,-0.450,1.291,0.580,0.810,1.390,-0.000,52377,26196,26181
1802,Brad Miller,2010,1.300,0.810,-1.920,-0.480,0.610,1.110,2.860,1.050,0.790,0.260,0.238,-0.257,0.495,-0.708,1.040,0.060,-0.650,-0.770,-0.400,-0.460,-1.340,-0.060,-0.980,0.920,-0.041,-0.054,0.013,0.891,1.288,-0.101,0.580,0.790,1.370,0.000,44903,22550,22353
2038,Joel Przybilla,2010,-1.230,-0.580,-1.220,0.270,2.440,-0.280,-0.300,-2.370,-1.180,-1.190,-1.664,-0.646,-1.018,1.464,0.920,1.990,1.460,-0.250,-2.380,0.180,0.480,4.030,3.000,1.030,-0.455,-0.283,-0.172,0.355,-4.034,3.575,-2.570,3.930,1.360,-0.000,23629,11771,11858
201972,Jon Brockman,2010,-0.420,-0.430,-0.030,-0.170,0.470,-0.230,-0.300,-0.470,-0.240,-0.230,0.447,0.413,0.034,2.113,0.370,0.000,-0.500,-0.020,0.150,-0.360,-0.250,-0.960,-0.790,-0.170,0.049,-0.135,0.184,0.171,-0.023,-0.911,2.090,-0.740,1.340,-0.010,2538,1251,1287
2202,Jason Richardson,2010,-0.180,0.520,2.800,0.940,-2.610,-0.320,2.750,1.750,1.980,-0.230,0.338,-0.001,0.339,0.022,0.140,-1.140,-1.140,0.280,1.000,0.340,0.040,0.190,-0.010,0.200,-0.032,-0.064,0.032,-0.938,2.088,0.158,2.110,-0.780,1.330,0.000,52508,26249,26259
2546,Carmelo Anthony,2010,2.780,1.200,-1.700,-0.220,-1.080,-0.040,1.090,2.580,1.700,0.880,0.390,-0.092,0.482,-0.220,-0.550,-0.400,-0.440,0.190,0.980,-0.070,-1.840,-1.160,-0.800,-0.360,-0.150,-0.111,-0.039,-0.120,2.970,-1.310,2.750,-1.430,1.320,-0.000,56718,28399,28319
2034,Mike Miller,2010,0.830,0.800,3.170,1.180,-4.010,0.130,3.530,3.460,3.260,0.200,-0.937,-0.458,-0.479,-0.813,-0.300,-0.860,0.990,0.190,-0.710,-0.270,1.540,-0.200,-0.150,-0.050,-0.624,-0.494,-0.130,0.414,2.523,-0.824,1.710,-0.410,1.300,0.000,43892,21984,21908
1891,Jason Terry,2010,-3.120,-1.130,3.280,0.230,-0.160,1.380,1.830,1.950,1.490,0.460,1.335,0.664,0.671,-0.975,-0.510,0.070,0.970,0.260,-0.460,0.280,2.120,-0.880,-0.230,-0.650,-0.043,0.315,-0.358,-0.087,3.285,-0.923,2.310,-1.010,1.300,-0.000,55052,27556,27496
2240,Gilbert Arenas,2010,0.780,0.020,1.200,0.080,-1.980,-0.530,-3.270,1.640,0.280,1.360,0.829,0.425,0.404,-0.589,0.980,-1.040,-0.340,-0.250,-0.630,0.510,1.330,-0.750,-0.270,-0.480,0.150,-0.225,0.375,0.020,2.469,-0.600,1.880,-0.580,1.300,0.000,32339,16219,16120
201164,Rudy Fernandez,2010,-0.460,0.280,4.700,-0.250,-4.250,-1.200,1.420,0.560,0.080,0.480,0.151,0.266,-0.115,0.809,-0.440,-0.380,0.310,0.100,0.140,0.500,1.560,-0.730,-0.260,-0.470,0.316,0.183,0.133,0.144,0.711,-0.414,1.520,-0.270,1.250,0.000,13140,6618,6522
201951,Ty Lawson,2010,1.550,0.340,-0.570,-0.270,-0.980,0.050,-2.090,0.790,0.580,0.210,0.435,0.707,-0.272,0.995,0.100,-0.470,-0.420,0.150,0.330,-0.180,0.110,-0.690,-0.840,0.150,-0.175,0.168,-0.343,-0.115,1.225,-0.865,2.220,-0.980,1.240,-0.000,5640,2837,2803
1952,Raja Bell,2010,-1.880,0.670,2.310,0.870,-0.440,0.090,2.010,0.460,0.720,-0.260,-0.218,-0.188,-0.030,-0.502,0.840,0.260,0.060,-0.250,-0.910,0.590,2.490,1.340,0.960,0.380,0.352,0.042,0.310,-0.222,0.242,1.692,-0.260,1.470,1.220,0.010,47542,23781,23761
1536,Stephen Jackson,2010,1.370,0.880,1.100,0.220,-2.460,-0.820,-0.070,1.600,1.020,0.580,-0.247,-0.423,0.176,-0.523,-0.710,-0.280,0.740,0.080,-0.040,0.820,0.860,0.770,0.580,0.190,0.172,0.202,-0.030,-0.562,1.353,0.942,0.830,0.380,1.220,0.010,56293,28198,28095
101183,Shavlik Randolph,2010,0.610,-0.520,-0.870,0.290,0.270,-0.790,-1.180,-0.700,-0.420,-0.280,-0.306,0.323,-0.629,0.836,0.270,0.120,-0.470,0.390,0.210,-0.040,0.610,0.400,0.710,-0.310,0.397,0.058,0.339,0.583,-1.006,0.797,-0.170,1.380,1.210,0.000,2879,1430,1449
1517,Bobby Jackson,2010,-0.800,0.270,2.790,0.220,-1.990,-1.220,-0.920,-1.060,-1.000,-0.060,0.809,0.543,0.266,0.261,-0.480,0.250,-0.050,0.330,0.540,0.930,1.820,0.760,1.370,-0.610,0.503,-0.046,0.549,-0.093,-0.251,1.263,0.010,1.170,1.180,-0.000,22644,11324,11320
101122,Danny Granger,2010,-0.440,0.120,2.340,0.610,-1.900,0.400,0.770,2.380,1.500,0.880,-0.315,0.083,-0.398,-0.715,0.290,0.760,0.120,-0.840,-0.420,0.100,0.640,-0.650,-0.300,-0.350,0.286,-0.260,0.546,0.184,2.065,-0.364,1.350,-0.180,1.180,0.010,47568,23836,23732
2403,Nene,2010,3.150,1.280,-2.860,0.020,-0.290,-0.850,-0.200,-0.400,-0.310,-0.090,-1.001,-0.433,-0.568,0.071,0.930,0.370,-0.220,-0.330,-0.720,0.170,0.440,1.000,0.510,0.490,0.218,0.253,-0.035,1.272,-1.401,1.218,-1.330,2.490,1.160,-0.000,31397,15761,15636
2424,Dan Dickau,2010,-0.990,0.720,1.110,-0.340,-0.120,0.310,-0.460,0.650,0.430,0.220,0.372,0.655,-0.283,0.268,0.870,-0.170,-0.300,-0.470,-0.560,0.130,0.760,-1.230,-0.860,-0.370,0.750,0.113,0.637,0.340,1.022,-0.480,1.290,-0.140,1.150,-0.000,6417,3233,3184
201196,Ramon Sessions,2010,1.700,0.140,-2.110,-0.120,0.410,-0.310,0.600,1.770,1.080,0.690,-0.262,0.040,-0.302,-0.098,-0.000,-0.220,-1.130,0.000,1.140,0.050,-0.400,-0.730,-0.280,-0.450,0.113,0.077,0.036,0.317,1.508,-0.617,1.410,-0.300,1.110,0.000,16752,8409,8343
2550,Kirk Hinrich,2010,-0.350,-1.300,0.570,0.550,-0.220,0.200,1.060,0.170,-0.040,0.210,0.251,0.404,-0.153,-0.561,0.960,1.580,-0.380,-0.540,-0.580,0.330,0.880,0.390,0.650,-0.260,0.140,-0.110,0.250,0.710,0.421,0.530,-0.140,1.240,1.100,0.000,49313,24663,24650
1477,Bruce Bowen,2010,-1.050,0.360,0.720,0.270,0.340,-0.460,-1.930,-0.820,-0.640,-0.180,-0.736,-0.080,-0.656,-0.144,-1.130,1.230,0.660,0.650,0.470,1.050,3.360,2.350,2.420,-0.070,0.346,-0.039,0.385,0.104,-1.556,2.696,-1.700,2.800,1.090,-0.010,38772,19356,19416
2740,Andris Biedrins,2010,1.310,0.500,-0.950,0.380,-0.360,-0.660,1.600,-0.780,0.450,-1.230,-0.762,-0.440,-0.322,1.162,2.250,-0.190,-0.110,-0.330,-2.140,0.300,-1.830,1.630,1.200,0.430,-0.102,-0.047,-0.055,-0.088,-1.542,1.528,-0.380,1.440,1.060,0.000,33204,16607,16597
1000,Shandon Anderson,2010,0.620,0.480,-0.390,-0.190,-0.240,-0.220,0.630,0.590,0.430,0.160,-0.244,-0.251,0.007,0.374,0.320,-0.160,-0.640,-0.050,0.340,-0.020,0.040,-0.310,-0.350,0.040,0.092,0.065,0.027,0.558,0.346,-0.218,0.720,0.340,1.060,0.000,2802,1381,1421
200789,Daniel Gibson,2010,-0.890,-0.390,2.240,0.680,-1.350,-0.870,-1.930,-0.210,-0.340,0.130,0.434,0.708,-0.274,0.716,0.410,0.330,-0.020,0.760,-0.390,0.180,1.550,0.040,0.810,-0.770,-0.285,-0.271,-0.014,0.365,0.224,-0.245,0.940,0.120,1.060,0.000,23427,11667,11760
101109,Raymond Felton,2010,1.960,-0.770,0.620,0.200,-2.580,-0.040,1.650,1.430,1.080,0.350,0.291,0.012,0.279,-0.551,-1.330,-0.080,-0.360,0.170,1.690,-0.180,-0.090,-1.120,-0.790,-0.330,0.705,0.483,0.222,0.295,1.721,-0.415,1.170,-0.120,1.050,0.000,52300,26182,26118
201446,Mike Taylor,2010,0.850,-0.540,-0.420,0.510,-0.420,-0.150,-0.440,0.250,0.840,-0.590,-0.221,0.159,-0.380,1.301,-0.640,0.200,-0.390,0.210,1.050,-0.330,-0.390,0.430,0.320,0.110,-0.237,-0.230,-0.007,-0.503,0.029,0.193,1.330,-0.310,1.020,0.000,2793,1406,1387
2217,Brendan Haywood,2010,-2.080,0.420,-1.360,-0.130,3.440,-0.290,-1.820,-3.140,-2.000,-1.140,-0.962,0.029,-0.991,1.882,3.440,-0.160,-0.000,-0.090,-3.440,0.740,-0.970,3.960,2.770,1.190,-0.379,-0.167,-0.212,-0.341,-4.102,3.581,-2.220,3.240,1.020,0.000,33288,16642,16646
406,Shaquille O'Neal,2010,3.980,3.170,-3.700,0.790,-0.270,0.290,0.800,-1.050,0.760,-1.810,-1.608,-0.846,-0.762,2.928,3.730,-0.750,1.300,-0.840,-5.040,-0.530,-0.490,1.430,0.490,0.940,-1.028,-0.363,-0.665,0.338,-2.658,0.402,0.270,0.740,1.010,0.000,35393,17747,17646
2749,Jameer Nelson,2010,1.120,0.140,0.370,0.320,-1.490,-0.260,0.740,-0.010,0.470,-0.480,-0.068,-0.180,0.112,-0.062,0.880,0.790,-0.320,-0.040,-0.540,0.170,0.350,-0.100,0.390,-0.490,0.300,0.067,0.233,0.940,-0.078,0.200,-0.140,1.140,1.000,0.000,37984,19006,18978
739,Rasheed Wallace,2010,-0.800,0.860,1.630,-0.220,-0.820,0.710,2.190,-0.500,0.420,-0.920,0.491,-0.049,0.540,-0.881,1.160,0.750,0.910,-0.240,-2.080,0.100,1.050,0.850,0.270,0.580,0.436,0.078,0.358,0.604,-0.009,1.286,-0.890,1.890,1.000,0.000,48556,24365,24191
201858,Cartier Martin,2010,-0.580,0.180,0.790,0.080,-0.200,-0.540,-1.020,0.110,-0.050,0.160,0.260,-0.278,0.538,0.450,0.610,0.020,-0.130,-0.100,-0.470,0.230,1.080,0.140,0.380,-0.240,0.156,-0.279,0.435,-0.126,0.370,0.296,0.820,0.170,0.990,-0.000,2473,1233,1240
1888,Richard Hamilton,2010,-1.170,0.640,-1.250,-0.230,2.420,0.900,4.600,0.630,0.340,0.290,0.315,-0.002,0.317,-0.275,-0.310,-0.470,0.220,0.710,0.090,0.630,0.770,1.700,1.660,0.040,-0.440,-0.254,-0.186,-0.950,0.945,1.260,0.670,0.310,0.970,-0.010,49563,24851,24712
2772,Trevor Ariza,2010,3.800,0.050,-2.010,-1.120,-1.800,-0.870,-2.100,-0.550,-0.610,0.060,-0.867,-0.451,-0.416,1.557,-1.710,0.050,-0.530,0.280,2.240,0.300,1.790,-0.750,-0.200,-0.550,1.709,0.815,0.894,-0.139,-1.417,0.959,0.140,0.820,0.960,0.000,31002,15499,15503
87,Dikembe Mutombo,2010,-2.240,-0.330,-0.080,-0.410,2.320,0.030,-2.170,-1.460,-0.700,-0.760,-0.561,-0.445,-0.116,0.581,3.470,1.110,0.460,0.110,-3.920,-0.070,-0.290,3.020,2.360,0.660,-0.399,-0.095,-0.304,-0.211,-2.021,2.621,-1.440,2.410,0.960,-0.010,11108,5524,5584
200765,Rajon Rondo,2010,1.620,0.370,-1.140,-0.090,-0.470,-0.390,0.060,-0.460,-0.000,-0.460,0.420,0.024,0.396,-0.200,-0.810,0.020,-0.640,0.720,1.440,0.180,0.760,-0.940,-0.440,-0.500,1.439,0.614,0.825,0.701,-0.040,0.499,-0.240,1.200,0.960,-0.000,45360,22723,22637
2207,Joe Johnson,2010,-1.790,0.250,1.860,-0.100,-0.070,1.000,1.080,0.290,0.690,-0.400,0.539,0.481,0.058,0.421,-0.890,-0.180,0.820,-0.010,0.070,0.030,2.100,-0.080,0.130,-0.210,0.221,0.275,-0.054,-0.481,0.829,0.141,1.250,-0.340,0.910,0.000,59183,29641,29542
965,Derek Fisher,2010,-0.400,-0.390,-0.870,-0.250,1.260,-0.300,-0.920,-0.930,-1.250,0.320,0.412,0.071,0.341,0.068,1.360,-0.240,-0.780,-0.190,-0.570,0.310,0.380,0.160,0.380,-0.220,0.685,0.065,0.620,0.445,-0.518,0.845,-0.450,1.290,0.840,-0.000,54218,27177,27041
950,Stephon Marbury,2010,2.100,-0.640,-0.760,-0.810,-1.350,-0.230,-2.920,-0.030,-0.550,0.520,0.542,0.499,0.043,0.518,0.490,0.320,-0.760,-0.040,0.260,-0.260,1.310,-0.020,0.540,-0.560,-0.367,-0.287,-0.080,0.207,0.512,-0.387,1.030,-0.180,0.840,-0.010,22945,11484,11461
2054,Jake Tsakalidis,2010,0.190,-0.280,-0.530,0.650,0.350,-0.450,-0.520,0.100,0.560,-0.460,-0.671,-0.013,-0.658,0.861,-0.030,0.540,0.190,0.150,-0.150,-0.100,-0.240,0.260,0.290,-0.030,0.115,-0.045,0.160,0.155,-0.571,0.375,0.290,0.530,0.820,0.000,4145,2072,2073
2430,Carlos Boozer,2010,1.860,2.180,-2.340,0.860,0.470,0.350,3.900,2.580,2.240,0.340,-0.240,-0.222,-0.018,0.040,-0.680,-1.080,-0.590,-0.110,1.280,0.220,0.390,-2.180,-1.690,-0.490,-0.690,-0.356,-0.334,1.280,2.340,-2.870,2.380,-1.590,0.790,0.000,45837,22941,22896
722,Corliss Williamson,2010,0.730,0.120,-1.850,-0.090,1.130,0.080,-2.280,-0.070,-0.370,0.300,0.004,0.069,-0.065,-0.674,1.520,0.160,-0.640,0.300,-0.860,0.490,1.320,1.400,1.170,0.230,0.042,-0.151,0.193,0.088,-0.066,1.442,-0.740,1.530,0.780,-0.010,6425,3218,3207
1890,Shawn Marion,2010,0.690,0.730,-1.040,0.370,0.370,-0.130,3.150,-0.470,0.200,-0.670,0.034,-0.124,0.158,-0.094,-0.380,-0.730,0.680,0.160,-0.310,0.040,0.960,0.400,-0.120,0.520,0.715,0.836,-0.121,0.185,-0.436,1.115,-0.530,1.300,0.770,0.000,57503,28789,28714
201609,Goran Dragic,2010,0.290,-0.340,1.760,0.990,-2.050,-0.250,1.600,1.000,1.550,-0.550,-0.497,0.165,-0.662,1.577,-0.420,-0.260,0.580,-0.210,-0.140,-0.180,-0.210,-1.580,-1.200,-0.380,0.651,0.496,0.155,-0.391,0.503,-0.929,2.080,-1.320,0.770,0.010,9061,4503,4558
101152,Bracey Wright,2010,-0.580,0.030,1.030,-0.000,-0.430,-0.350,1.350,-0.410,-0.070,-0.340,0.244,0.001,0.243,0.376,-0.020,-0.360,-0.110,0.140,0.140,0.140,-0.030,0.020,0.020,0.000,0.482,0.287,0.195,0.048,-0.166,0.502,0.210,0.550,0.760,0.000,1201,602,599
201973,Jonas Jerebko,2010,1.570,-0.100,-1.680,-0.970,0.120,0.160,-0.700,-0.950,-0.570,-0.380,0.378,0.055,0.323,1.462,0.010,-0.340,-0.720,-0.490,0.720,-0.290,-1.380,-1.260,-1.360,0.100,0.818,0.466,0.352,0.282,-0.572,-0.442,0.890,-0.160,0.730,0.000,8002,3972,4030
947,Allen Iverson,2010,-0.450,-1.620,-0.510,0.380,0.940,1.120,-3.320,0.670,-0.000,0.670,0.979,0.327,0.652,-0.869,-0.790,-0.250,1.200,0.470,-0.400,0.160,-0.330,0.900,0.820,0.080,-0.176,0.456,-0.632,-0.784,1.649,0.724,0.780,-0.060,0.720,-0.000,48421,24223,24198
201586,Serge Ibaka,2010,-0.210,-0.840,-0.710,-0.580,0.920,0.120,-2.270,-1.180,-1.260,0.080,-0.499,0.043,-0.542,0.799,0.080,0.470,-0.490,0.330,0.420,0.440,1.550,1.790,1.890,-0.100,-0.157,-0.149,-0.008,-0.033,-1.679,1.633,-0.880,1.600,0.720,-0.000,5530,2750,2780
201583,Ryan Anderson,2010,0.260,-0.230,3.680,0.510,-3.920,0.120,2.200,0.770,1.020,-0.250,-0.604,-0.086,-0.518,0.594,0.380,0.410,-1.100,-0.500,0.730,-0.170,-0.800,-1.100,-0.970,-0.130,0.247,0.308,-0.061,0.803,0.166,-0.853,0.760,-0.050,0.710,0.000,8613,4293,4320
2060,Marko Jaric,2010,0.210,-0.140,-1.100,-0.630,0.880,-0.420,-0.180,-0.040,-0.250,0.210,-0.546,-0.426,-0.120,0.136,-1.530,-0.130,-0.320,0.930,1.850,0.360,1.170,0.890,1.140,-0.250,0.455,0.125,0.330,-0.185,-0.586,1.345,-0.450,1.160,0.710,0.000,23663,11811,11852
101126,Nate Robinson,2010,1.220,-0.880,1.950,-0.920,-3.170,0.040,-1.970,0.080,-0.080,0.160,0.467,0.307,0.160,0.483,0.580,0.570,-1.000,0.250,0.430,-0.990,1.960,-0.430,0.190,-0.620,0.504,0.136,0.368,-0.404,0.547,0.074,1.030,-0.330,0.710,0.010,31233,15625,15608
201960,DeMarre Carroll,2010,0.660,0.010,-2.190,-0.480,1.540,0.190,-2.240,0.110,-0.050,0.160,-0.505,0.209,-0.714,0.855,-0.260,-0.030,-0.740,0.220,1.010,0.030,-0.340,-0.430,-0.090,-0.340,0.020,0.233,-0.213,0.610,-0.395,-0.410,0.460,0.200,0.670,0.010,3145,1555,1590
101187,Alan Anderson,2010,0.220,-0.130,1.280,-0.070,-1.500,-0.170,1.800,1.140,1.060,0.080,-0.093,-0.145,0.052,-1.017,-0.270,-0.130,0.180,0.080,0.100,0.060,-0.040,0.100,0.220,-0.120,0.201,0.127,0.074,0.289,1.047,0.301,0.030,0.590,0.620,-0.000,3145,1565,1580
2754,Tony Allen,2010,4.380,-0.520,-1.770,-0.110,-2.600,-0.860,-2.980,0.160,-0.700,0.860,-1.654,-0.659,-0.995,0.344,0.220,0.400,-0.660,0.640,0.440,0.260,1.220,0.510,1.110,-0.600,1.264,0.715,0.549,0.006,-1.494,1.774,-1.150,1.780,0.620,-0.010,20106,9970,10136
201985,AJ Price,2010,-0.880,-0.230,2.900,0.230,-2.000,0.110,1.320,0.710,1.120,-0.410,-0.391,-0.194,-0.197,-0.299,-0.170,0.110,0.030,0.060,0.150,0.020,1.430,0.160,0.240,-0.080,0.407,-0.014,0.421,0.033,0.319,0.567,0.020,0.600,0.610,-0.010,3396,1706,1690
201627,Anthony Morrow,2010,-1.980,0.490,1.130,1.110,0.850,0.110,2.090,1.270,1.230,0.040,0.795,0.545,0.250,-0.065,-0.200,-0.560,0.150,-0.360,0.050,0.330,-0.180,-0.980,-0.580,-0.400,-0.141,-0.081,-0.060,-0.279,2.065,-1.121,2.000,-1.400,0.600,0.000,14247,7142,7105
2605,Marquis Daniels,2010,0.900,-0.930,-0.710,-0.580,-0.190,0.520,-1.260,-1.050,-0.930,-0.120,-0.255,-0.016,-0.239,1.485,0.250,0.490,-0.400,-0.330,0.150,0.600,2.640,-0.160,0.410,-0.570,0.519,0.490,0.029,0.061,-1.305,0.359,0.180,0.420,0.600,0.000,26282,13125,13157
201568,Danilo Gallinari,2010,-1.330,-0.520,2.990,0.610,-1.670,0.770,0.150,1.000,0.820,0.180,0.073,0.341,-0.268,-0.903,-0.510,0.390,-0.230,-0.040,0.740,-0.550,1.200,0.430,0.240,0.190,-0.025,-0.354,0.329,-0.025,1.073,0.405,0.170,0.380,0.550,0.000,12141,6064,6077
208,Sam Cassell,2010,-3.130,-0.940,-1.150,-0.180,4.260,1.160,-1.410,-0.490,-1.020,0.530,1.319,0.636,0.683,-0.459,0.240,0.370,-0.310,0.970,0.070,-0.300,-1.040,0.510,0.660,-0.150,-0.379,-0.301,-0.078,0.049,0.829,0.131,0.370,0.180,0.550,0.000,22507,11325,11182
1747,Rafer Alston,2010,0.610,-1.640,1.550,-1.110,-2.180,0.070,-1.160,-1.630,-1.530,-0.100,0.818,0.226,0.592,-0.048,0.620,0.680,-0.340,0.580,-0.280,0.490,1.010,0.560,0.710,-0.150,0.176,0.361,-0.185,0.634,-0.812,0.736,-0.860,1.370,0.520,0.010,48299,24157,24142
101165,Alex Acker,2010,0.160,-0.140,0.380,-0.100,-0.530,0.200,-0.960,0.390,0.940,-0.550,0.442,0.249,0.193,0.338,-0.040,-0.250,-0.190,-0.050,0.250,-0.220,-0.780,-0.510,-0.620,0.110,-0.080,-0.087,0.007,-0.070,0.832,-0.590,1.170,-0.660,0.500,-0.010,834,423,411
2761,Jackson Vroman,2010,0.430,0.020,-0.450,-0.090,0.030,-0.170,-0.890,0.250,0.510,-0.260,-0.356,-0.128,-0.228,0.226,0.060,-0.190,0.020,0.220,-0.060,-0.010,1.310,0.210,0.510,-0.300,0.316,0.262,0.054,-0.166,-0.106,0.526,0.120,0.360,0.480,0.000,1440,719,721
201177,Josh McRoberts,2010,0.550,0.600,1.020,0.040,-1.560,-0.460,1.180,0.370,0.760,-0.390,0.022,0.181,-0.159,0.698,0.020,-0.070,-0.300,0.150,0.290,-0.340,-0.240,-0.810,-0.640,-0.170,0.007,0.169,-0.162,0.173,0.392,-0.803,1.090,-0.630,0.460,0.000,3240,1630,1610
2210,Richard Jefferson,2010,1.530,-0.740,-0.640,-0.840,-0.910,0.140,1.110,0.710,0.020,0.690,0.064,-0.139,0.203,-0.864,-0.410,0.300,0.740,0.270,-0.340,0.010,0.720,0.700,0.940,-0.240,-0.165,-0.179,0.014,-0.025,0.774,0.535,-0.090,0.510,0.420,0.000,55637,27846,27791
2753,Delonte West,2010,0.690,-0.530,0.200,0.040,-0.900,-0.070,0.410,1.130,0.730,0.400,-0.121,-0.019,-0.102,-1.319,-0.990,0.980,-0.340,0.690,1.320,0.360,0.120,0.560,0.940,-0.380,-0.180,0.187,-0.367,0.360,1.009,0.380,-0.310,0.740,0.420,-0.010,40930,20453,20477
952,Antoine Walker,2010,0.130,0.120,4.590,-1.410,-4.720,0.380,-0.480,-0.850,0.350,-1.200,0.000,0.279,-0.279,0.340,0.880,0.170,-0.760,0.080,-0.130,0.460,0.680,0.460,0.630,-0.170,0.264,0.039,0.225,0.176,-0.850,0.724,-0.510,0.900,0.390,0.000,21464,10750,10714
2745,Kirk Snyder,2010,1.310,0.570,0.100,-0.060,-1.400,0.280,1.060,0.390,0.780,-0.390,0.089,0.226,-0.137,0.221,0.990,0.170,0.360,-0.310,-1.330,-0.520,-0.260,-0.180,-0.340,0.160,-0.067,0.181,-0.248,-0.063,0.479,-0.247,0.700,-0.310,0.390,0.000,9564,4753,4811
201584,Courtney Lee,2010,-0.290,0.790,1.380,-0.360,-1.090,-0.450,-0.290,-0.130,0.010,-0.140,0.714,0.671,0.043,0.186,-1.030,0.060,1.410,-0.150,-0.360,-0.470,-0.470,-0.020,-0.130,0.110,0.362,0.336,0.026,-0.752,0.584,0.342,0.770,-0.410,0.360,-0.000,18181,9089,9092
699,Brent Barry,2010,-0.140,0.460,4.600,0.750,-4.450,-0.670,4.060,1.220,1.190,0.030,0.062,-0.039,0.101,0.018,-1.170,0.480,1.380,0.250,-0.200,-0.300,2.000,-0.890,-0.430,-0.460,-0.054,0.344,-0.398,0.004,1.282,-0.944,1.300,-0.940,0.360,-0.000,18718,9374,9344
686,Antonio McDyess,2010,-2.570,-0.250,-2.850,0.800,5.420,0.280,3.890,-2.030,-1.010,-1.020,-0.075,-0.451,0.376,1.705,-0.030,0.130,1.350,0.660,-1.320,-0.210,0.590,0.370,0.220,0.150,-0.365,0.108,-0.473,0.755,-2.105,0.005,-0.400,0.760,0.350,-0.010,38427,19225,19202
201238,Mario West,2010,0.970,0.170,-0.290,-0.480,-0.670,-0.460,-1.520,0.390,0.460,-0.070,-0.045,0.683,-0.728,0.775,-0.350,-0.440,-0.390,0.370,0.760,0.150,0.610,-1.100,-0.490,-0.610,0.306,0.394,-0.088,0.024,0.345,-0.794,1.120,-0.770,0.350,-0.000,2829,1363,1466
200796,Leon Powe,2010,1.400,-1.380,-1.850,0.240,0.470,-1.670,-3.530,-2.850,-2.710,-0.140,-0.908,0.444,-1.352,2.588,0.350,-0.100,0.280,0.060,-0.640,0.470,-0.060,0.050,0.260,-0.210,0.824,0.304,0.520,0.646,-3.758,0.874,-1.170,1.520,0.350,-0.000,12113,6026,6087
201601,Luc Mbah a Moute,2010,-0.250,-1.810,-1.550,-0.060,1.820,-0.920,-1.410,-3.420,-3.030,-0.390,0.149,0.290,-0.141,1.581,0.800,0.620,0.500,-0.440,-1.300,0.210,0.450,-0.140,0.110,-0.250,1.220,0.374,0.846,0.950,-3.271,1.080,-1.690,2.030,0.340,0.000,15450,7744,7706
2561,David West,2010,0.550,0.630,-3.030,0.070,2.470,0.870,0.100,0.880,0.450,0.430,0.545,0.470,0.075,-0.705,-0.490,-0.960,-0.530,0.100,1.010,-0.250,-1.070,-0.340,-0.890,0.550,-0.549,-0.352,-0.197,0.489,1.425,-0.889,0.720,-0.400,0.320,0.000,51106,25541,25565
101204,Dwayne Jones,2010,-0.710,-0.100,0.310,0.640,0.410,-0.720,-1.110,0.230,0.300,-0.070,-1.122,-0.212,-0.910,1.662,0.230,0.150,-0.240,0.080,0.020,-0.090,0.100,-0.360,0.290,-0.650,0.142,0.206,-0.064,-0.232,-0.892,-0.218,0.770,-0.450,0.320,0.000,2895,1442,1453
101112,Channing Frye,2010,-3.070,-0.900,0.230,1.120,2.840,0.140,1.940,-1.230,-0.700,-0.530,0.114,0.230,-0.116,0.836,2.110,-0.450,-1.130,0.060,-0.980,0.240,-0.880,0.920,0.550,0.370,-0.267,-0.075,-0.192,-0.053,-1.116,0.653,-0.280,0.600,0.320,-0.000,30682,15384,15298
201967,Dante Cunningham,2010,-1.090,-0.320,-0.030,0.050,1.150,0.550,2.150,0.270,0.380,-0.110,0.268,0.503,-0.235,0.002,-0.110,-0.360,-0.260,0.060,0.380,-0.160,0.220,-0.400,-0.200,-0.200,0.321,0.127,0.194,-0.151,0.538,-0.079,0.540,-0.230,0.310,-0.000,2692,1335,1357
278,Stacey Augmon,2010,0.060,-0.360,-1.440,0.240,1.380,-0.180,-0.250,-1.240,-0.800,-0.440,0.016,0.133,-0.117,0.954,0.600,0.030,-0.130,0.010,-0.460,0.240,0.610,0.520,0.580,-0.060,0.378,0.014,0.364,-0.318,-1.224,0.898,-0.270,0.580,0.310,0.000,1334,660,674
980,Zydrunas Ilgauskas,2010,-0.440,-0.050,-3.840,0.390,4.290,-0.140,1.070,-1.890,-1.520,-0.370,-0.859,-0.444,-0.415,0.829,1.620,1.350,1.300,-0.430,-2.930,0.120,-1.980,2.720,1.160,1.560,-1.009,-0.214,-0.795,0.469,-2.749,1.711,-1.920,2.180,0.260,-0.000,40301,20196,20105
2757,Beno Udrih,2010,0.860,-0.040,-0.100,0.280,-0.760,0.250,0.720,1.170,1.020,0.150,0.114,0.098,0.016,-0.484,-0.500,-0.410,0.840,-0.300,-0.340,0.200,1.210,-0.390,-0.160,-0.230,0.039,0.302,-0.263,-0.219,1.284,-0.351,0.800,-0.570,0.230,0.000,31611,15790,15821
1921,Gordan Giricek,2010,-1.680,-1.100,-0.590,-0.290,2.270,0.710,-0.690,-0.500,-0.360,-0.140,-0.867,-0.330,-0.537,0.287,0.240,-0.040,1.040,0.280,-1.270,0.170,3.350,1.060,1.740,-0.680,0.014,-0.120,0.134,0.236,-1.367,1.074,-1.080,1.310,0.230,0.000,12443,6215,6228
2030,Kenyon Martin,2010,0.540,0.610,-1.890,1.140,1.360,-0.610,1.380,-0.410,0.130,-0.540,-0.344,0.296,-0.640,-0.446,1.490,0.290,-0.170,0.110,-1.320,-0.460,0.120,0.660,0.360,0.300,0.610,0.250,0.360,0.160,-0.754,1.270,-1.200,1.430,0.230,-0.000,34242,17152,17090
2073,Brian Cardinal,2010,1.020,0.700,2.640,-0.170,-3.650,-1.000,1.400,0.410,0.390,0.020,-0.116,-0.301,0.185,0.106,1.440,-0.600,-1.020,0.170,-0.420,-0.290,-0.780,-1.260,-0.660,-0.600,0.477,0.088,0.389,0.583,0.294,-0.783,0.400,-0.200,0.200,0.000,8688,4374,4314
1719,Bonzi Wells,2010,2.170,-0.230,-1.020,-0.370,-1.150,-0.740,-0.560,-0.460,-0.570,0.110,-0.902,-0.587,-0.315,1.602,0.310,0.740,0.190,-0.050,-0.490,-0.380,1.290,-0.580,-0.200,-0.380,0.711,0.040,0.671,-0.171,-1.362,0.131,0.240,-0.040,0.200,0.000,15615,7798,7817
1501,Tim Thomas,2010,-1.250,1.060,3.370,0.140,-2.120,-0.250,1.980,0.710,1.020,-0.310,0.101,0.156,-0.055,-0.641,0.080,0.090,-0.460,0.540,0.380,-0.140,0.400,0.260,0.160,0.100,-0.586,-0.167,-0.419,0.336,0.811,-0.326,0.170,0.010,0.180,0.000,25717,12877,12840
200752,Rudy Gay,2010,0.610,-0.270,-0.970,-0.310,0.360,0.780,-4.720,-0.020,-0.110,0.090,0.144,0.444,-0.300,0.776,-1.090,-0.780,-0.660,-0.170,1.730,-0.700,-1.140,-1.520,-1.640,0.120,0.250,0.215,0.035,0.550,0.124,-1.270,0.900,-0.720,0.180,-0.000,42747,21365,21382
2418,Casey Jacobsen,2010,-0.050,0.410,1.370,-0.270,-1.310,-0.090,0.260,0.480,0.930,-0.450,-0.031,0.024,-0.055,-0.349,-0.310,-0.160,0.340,0.120,-0.040,-0.260,0.850,-0.250,-0.400,0.150,0.217,0.208,0.009,0.093,0.449,-0.033,0.100,0.060,0.170,0.010,2079,1048,1031
201229,Anthony Tolliver,2010,-1.130,-0.000,2.570,0.490,-1.430,-0.330,2.150,-0.400,-0.180,-0.220,0.632,0.165,0.467,0.388,0.490,-0.530,-0.240,-0.370,-0.240,0.360,-0.700,-0.160,0.010,-0.170,0.199,0.060,0.139,-0.499,0.232,0.039,0.620,-0.460,0.160,-0.000,6547,3271,3276
297,Alonzo Mourning,2010,0.020,-0.090,-1.740,-0.420,1.730,0.120,-1.420,-1.290,-0.920,-0.370,-0.912,-0.155,-0.757,0.932,-0.030,2.420,0.690,-0.100,-0.650,0.240,0.170,3.630,3.100,0.530,-1.225,-0.503,-0.722,-0.985,-2.202,2.405,-1.270,1.420,0.150,0.000,13167,6557,6610
2866,Jackie Butler,2010,1.230,0.240,-2.200,0.220,0.980,0.860,0.360,1.650,1.620,0.030,-1.728,-0.486,-1.242,0.298,0.460,-0.060,-0.590,-0.090,0.140,0.350,-0.670,0.220,0.310,-0.090,-0.076,0.035,-0.111,-0.224,-0.078,0.144,0.220,-0.080,0.140,0.000,3053,1534,1519
201595,Joey Dorsey,2010,0.210,-0.170,-0.240,0.060,0.030,-0.090,0.010,-0.180,-0.070,-0.110,-0.065,0.153,-0.218,0.715,0.160,-0.050,-0.360,-0.050,0.230,-0.130,-0.540,-0.170,-0.060,-0.110,-0.161,-0.037,-0.124,-0.009,-0.245,-0.331,0.470,-0.340,0.130,0.000,424,211,213
101153,Mickael Gelabale,2010,-0.390,0.410,-0.510,-0.500,0.910,-0.460,-1.400,-0.700,-0.750,0.050,0.330,0.066,0.264,0.450,-0.410,0.040,0.250,-0.270,0.170,0.660,0.140,0.400,0.510,-0.110,-0.034,0.093,-0.127,-0.326,-0.370,0.366,0.080,0.040,0.120,-0.000,6383,3186,3197
1899,James Posey,2010,0.280,-0.890,4.440,-0.190,-4.710,-0.660,-0.010,1.190,0.760,0.430,-0.175,0.126,-0.301,-1.105,1.560,-0.320,-2.830,0.500,1.280,-0.240,0.930,-0.700,-0.310,-0.390,0.527,-0.022,0.549,0.363,1.015,-0.173,-0.090,0.190,0.110,0.010,40283,20127,20156
101179,Ronnie Price,2010,1.260,0.810,-0.260,-0.220,-1.000,-1.250,0.080,-0.750,0.100,-0.850,-0.538,-0.264,-0.274,0.638,0.580,0.260,-0.530,-0.020,-0.040,0.520,1.080,0.690,1.040,-0.350,0.320,-0.135,0.455,-0.260,-1.288,1.010,-0.650,0.750,0.100,0.000,11229,5581,5648
1725,Rasho Nesterovic,2010,-1.830,1.100,-3.160,0.860,4.990,0.690,3.450,-1.060,0.660,-1.720,-0.559,-0.455,-0.104,-0.001,1.480,1.100,0.970,-0.250,-2.430,-0.170,1.060,1.540,1.230,0.310,-0.422,-0.084,-0.338,0.602,-1.619,1.118,-1.620,1.720,0.100,0.000,24439,12221,12218
200757,Thabo Sefolosha,2010,-0.130,0.330,0.270,-0.230,-0.140,-0.820,-0.520,-0.540,-0.380,-0.160,-0.455,-0.317,-0.138,-0.885,-0.460,0.570,-0.590,0.260,1.060,0.470,1.880,-0.280,0.360,-0.640,1.540,1.050,0.490,0.720,-0.995,1.260,-1.880,1.980,0.100,0.000,23531,11589,11942
109,Robert Horry,2010,-2.060,-0.400,4.550,-0.280,-2.500,-1.250,0.310,-1.820,-1.350,-0.470,-0.140,-0.272,0.132,-0.450,0.340,0.360,0.230,0.700,-0.580,0.120,2.780,1.790,1.770,0.020,0.732,0.481,0.251,-0.042,-1.960,2.522,-2.410,2.480,0.060,-0.010,13412,6732,6680
2586,Keith Bogans,2010,-0.380,0.080,2.820,0.080,-2.450,-0.890,-1.170,0.380,0.240,0.140,-0.051,-0.099,0.048,-0.589,0.550,-0.030,-0.630,-0.390,0.080,0.610,-0.060,-0.270,0.050,-0.320,0.440,-0.104,0.544,0.140,0.329,0.170,-0.260,0.310,0.050,0.000,30919,15428,15491
101141,Ersan Ilyasova,2010,-0.880,-0.890,2.470,0.180,-1.590,-0.100,1.450,-0.430,0.040,-0.470,-0.370,-0.135,-0.235,0.160,-1.050,0.090,-0.040,0.230,1.080,0.480,0.280,-0.050,0.470,-0.520,0.038,-0.291,0.329,0.702,-0.800,-0.012,-0.640,0.690,0.050,0.000,11377,5702,5675
101160,Lawrence Roberts,2010,1.140,-0.710,-0.440,0.120,-0.690,-0.490,0.720,-0.930,-0.920,-0.010,-0.062,-0.284,0.222,1.142,-0.790,0.050,0.840,-0.530,-0.040,-0.080,-1.240,-0.190,-0.480,0.290,0.230,0.035,0.195,-0.150,-0.992,0.040,0.150,-0.110,0.040,0.000,4287,2146,2141
2405,Amar'e Stoudemire,2010,1.630,1.580,-1.970,-0.190,0.340,0.920,-1.950,1.300,0.150,1.150,-0.810,-0.575,-0.235,0.300,0.320,0.900,0.870,-0.330,-1.180,-0.180,1.060,0.850,0.580,0.270,-1.283,-0.620,-0.663,-0.317,0.490,-0.433,0.790,-0.750,0.040,-0.000,44202,22171,22031
2624,Quinton Ross,2010,-1.180,-0.850,-2.740,-0.830,3.930,0.090,-1.580,-1.070,-1.230,0.160,0.225,0.302,-0.077,-0.605,0.140,0.740,-0.110,0.460,-0.020,0.310,1.780,1.030,1.070,-0.040,0.231,-0.040,0.271,0.219,-0.845,1.261,-1.450,1.480,0.030,0.000,25029,12408,12621
2306,Carlos Arroyo,2010,-0.810,0.490,-2.020,-0.060,2.830,0.050,-0.720,-0.220,-0.390,0.170,0.516,0.536,-0.020,-0.256,-0.600,0.390,0.890,0.370,-0.290,-0.050,1.090,0.140,0.110,0.030,-0.058,0.163,-0.221,-0.092,0.296,0.082,0.040,-0.010,0.030,-0.000,19961,9951,10010
2440,Matt Barnes,2010,-0.150,0.080,2.020,0.100,-1.860,0.180,1.070,1.630,1.500,0.130,-0.245,-0.230,-0.015,0.255,0.710,-0.460,-1.530,0.150,0.830,-0.120,-0.870,-1.260,-0.870,-0.390,-0.015,0.299,-0.314,-0.345,1.385,-1.275,1.640,-1.620,0.020,0.000,34058,17040,17018
101219,Anthony Grundy,2010,0.450,0.190,0.370,-0.240,-0.820,-0.010,-0.890,-0.250,-0.270,0.020,0.078,0.130,-0.052,0.182,0.100,0.030,-0.420,-0.030,0.340,0.000,-0.300,-0.180,-0.150,-0.030,0.052,0.126,-0.074,0.128,-0.172,-0.128,0.010,0.000,0.020,0.010,419,212,207
2059,Eduardo Najera,2010,0.270,0.130,1.690,-0.860,-1.960,-1.030,0.960,-2.040,-1.550,-0.490,0.150,0.184,-0.034,1.050,-0.050,-0.920,-0.640,-0.030,0.680,0.160,-1.200,-0.970,-1.280,0.310,1.271,0.719,0.552,0.559,-1.890,0.301,-0.840,0.860,0.010,-0.010,23798,11874,11924
703,Kurt Thomas,2010,-3.440,0.020,-1.250,-0.090,4.690,0.520,1.760,-2.750,-1.740,-1.010,0.460,-0.074,0.534,-0.410,2.490,0.340,0.820,-0.100,-3.300,0.600,2.190,2.210,1.660,0.550,-0.404,-0.291,-0.113,0.904,-2.290,1.806,-2.700,2.710,0.010,0.000,27728,13893,13835
200835,Walter Herrmann,2010,-0.260,-0.040,1.640,-0.240,-1.380,-0.280,1.260,-0.860,-0.260,-0.600,0.897,0.366,0.531,0.343,-1.400,-0.070,0.450,0.260,0.940,0.400,1.380,-0.700,-0.170,-0.530,0.158,-0.198,0.356,0.172,0.037,-0.542,0.380,-0.370,0.010,-0.000,7315,3666,3649
201603,Sonny Weems,2010,0.130,0.320,-3.440,0.090,3.320,1.160,0.780,0.350,0.990,-0.640,0.619,-0.119,0.738,0.311,-0.070,0.020,-0.250,0.040,0.320,-0.440,-1.130,-1.120,-0.970,-0.150,-0.579,-0.135,-0.444,0.409,0.969,-1.699,1.280,-1.290,-0.000,0.010,5464,2707,2757
201978,Chase Budinger,2010,1.230,-0.970,0.840,0.330,-2.060,-0.320,2.920,0.980,0.710,0.270,0.224,-0.222,0.446,0.346,-0.360,-0.720,0.380,-0.090,-0.010,-0.310,0.200,-1.350,-1.200,-0.150,-0.159,-0.057,-0.102,-0.051,1.204,-1.509,1.550,-1.560,-0.010,0.000,5827,2916,2911
201574,Jason Thompson,2010,-0.940,0.380,-1.630,1.140,2.570,-0.990,2.100,-0.580,0.010,-0.590,-0.861,-0.349,-0.512,1.491,-0.180,-0.190,0.450,-0.450,-0.270,0.030,-1.220,-0.350,-0.730,0.380,-0.373,-0.032,-0.341,0.663,-1.441,-0.723,0.050,-0.060,-0.010,-0.000,17823,8904,8919
201632,Hamed Haddadi,2010,0.390,-0.290,-1.040,-0.230,0.660,-0.500,-2.330,-0.740,-0.840,0.100,-0.354,0.058,-0.412,0.344,0.550,0.170,-0.420,0.100,-0.120,0.020,0.510,0.180,0.330,-0.150,-0.107,-0.095,-0.012,0.667,-1.094,0.073,-0.750,0.740,-0.010,-0.000,1351,672,679
2564,Boris Diaw,2010,0.040,0.240,0.740,0.680,-0.780,0.420,2.170,0.590,0.890,-0.300,-0.353,-0.650,0.297,-0.787,-0.080,0.070,0.120,0.740,-0.030,-0.230,1.800,0.630,0.190,0.440,-0.371,-0.144,-0.227,0.231,0.237,0.259,-0.550,0.490,-0.060,0.000,54703,27409,27294
202178,Sundiata Gaines,2010,0.490,-0.170,-0.380,-0.190,-0.100,0.020,-1.570,-0.340,0.050,-0.390,-0.361,-0.174,-0.187,0.761,-0.120,0.030,-0.210,0.010,0.350,-0.170,0.260,-0.260,0.000,-0.260,0.082,0.188,-0.106,0.048,-0.701,-0.178,0.060,-0.130,-0.060,0.010,853,425,428
1504,Danny Fortson,2010,-0.480,-0.160,-0.010,0.090,0.510,0.230,-1.870,0.080,-0.100,0.180,-0.559,0.217,-0.776,0.799,0.600,-0.220,-0.400,0.190,-0.190,-0.510,-0.160,-0.660,-0.460,-0.200,0.169,-0.138,0.307,0.111,-0.479,-0.491,0.320,-0.380,-0.070,-0.010,1576,786,790
2366,Mike Wilks,2010,-0.630,-0.220,0.980,-0.490,-0.340,0.380,-2.320,0.600,0.340,0.260,-0.587,-0.425,-0.162,0.037,0.340,-0.040,-0.610,0.060,0.280,0.000,0.350,-0.990,-0.480,-0.510,0.425,0.344,0.081,0.425,0.013,-0.565,0.050,-0.140,-0.090,-0.000,4052,2023,2029
2431,David Andersen,2010,-1.170,-0.970,1.210,0.040,-0.020,0.190,1.440,-1.000,-0.480,-0.520,0.252,-0.060,0.312,-0.042,0.130,-0.460,0.610,0.250,-0.740,0.050,0.010,1.220,0.830,0.390,-0.160,-0.256,0.096,-0.370,-0.748,1.060,-0.790,0.690,-0.100,0.000,3375,1696,1679
2732,Ben Gordon,2010,-1.660,-1.250,2.520,0.410,-0.870,0.900,-0.730,1.160,0.650,0.510,0.560,0.152,0.408,-0.160,-0.880,0.460,0.310,-0.140,0.560,0.070,0.630,-0.190,0.500,-0.690,-0.446,-0.443,-0.003,-1.024,1.720,-0.636,1.560,-1.660,-0.100,-0.000,49589,24894,24695
2205,DeSagana Diop,2010,-1.470,0.100,-1.980,0.170,3.450,-0.680,-1.660,-1.850,-0.860,-0.990,-0.375,-0.220,-0.155,0.835,1.010,1.180,0.700,-0.120,-1.700,-0.200,-0.010,1.690,1.470,0.220,0.057,0.011,0.046,-0.467,-2.225,1.747,-1.390,1.280,-0.110,0.000,22173,11000,11173
201570,Joe Alexander,2010,0.540,-0.040,-0.390,-0.250,-0.140,-0.340,0.240,-0.970,-0.900,-0.070,-0.138,-0.017,-0.121,1.488,0.490,-0.180,-0.760,-0.080,0.280,0.110,0.080,-0.930,-0.040,-0.890,0.137,0.199,-0.062,0.283,-1.108,-0.793,0.380,-0.510,-0.130,0.000,2828,1434,1394
101195,Luke Schenscher,2010,-0.340,-0.650,-0.200,-0.050,0.560,0.080,0.080,-0.900,-0.750,-0.150,0.312,0.129,0.183,-0.072,-0.060,-0.090,-0.410,0.040,0.490,0.240,0.770,0.110,0.440,-0.330,0.417,0.189,0.228,0.003,-0.588,0.527,-0.660,0.530,-0.140,-0.010,1059,533,526
101135,David Lee,2010,2.570,1.150,-1.010,-0.290,-1.580,-0.650,1.080,0.640,0.220,0.420,0.177,-0.188,0.365,0.663,-0.860,-0.480,-0.630,-0.140,1.480,-0.750,-0.440,-1.540,-1.880,0.340,-0.424,0.220,-0.644,0.354,0.817,-1.964,1.480,-1.610,-0.140,-0.010,42475,21201,21274
1894,Corey Maggette,2010,0.060,0.690,-1.320,-0.430,1.250,0.420,-2.150,2.350,0.190,2.160,-0.408,0.119,-0.527,-1.732,-0.350,-0.480,0.320,0.160,0.030,-0.520,0.410,-0.840,-0.400,-0.440,0.147,0.094,0.053,0.323,1.942,-0.693,0.210,-0.370,-0.160,-0.000,37956,19008,18948
1739,Ruben Patterson,2010,4.390,-0.340,-1.770,-0.310,-2.640,-0.240,-0.600,-0.360,0.170,-0.530,-0.117,-0.115,-0.002,1.577,-0.550,-0.820,-0.760,0.130,1.310,0.030,-1.820,-0.430,-1.080,0.650,0.002,0.270,-0.268,-0.832,-0.477,-0.428,1.100,-1.260,-0.160,-0.000,17488,8707,8781
979,Jermaine O'Neal,2010,-2.670,0.400,-2.250,-0.130,4.920,0.570,-0.120,-1.480,-0.930,-0.550,-0.361,0.293,-0.654,-0.429,1.420,2.050,1.120,-0.370,-2.550,-0.440,0.710,3.090,2.170,0.920,-0.302,-0.259,-0.043,-0.718,-1.841,2.788,-2.270,2.070,-0.200,0.000,36631,18367,18264
2588,Matt Bonner,2010,-2.570,0.140,3.890,0.190,-1.320,0.760,2.270,-0.640,-0.310,-0.330,0.646,0.556,0.090,0.234,1.180,0.130,0.520,-0.640,-1.700,-0.190,0.090,-0.430,-0.740,0.310,-0.248,-0.174,-0.074,0.218,0.006,-0.678,0.240,-0.460,-0.210,0.010,23926,12053,11873
201934,Hasheem Thabeet,2010,-0.600,-0.480,-0.870,-0.370,1.500,0.050,-1.120,-1.020,-0.940,-0.080,-0.217,0.015,-0.232,1.197,0.420,0.540,-0.770,-0.090,0.360,-0.250,-0.200,-0.020,-0.160,0.140,-0.147,-0.104,-0.043,-0.023,-1.237,-0.167,-0.040,-0.190,-0.230,0.000,3348,1672,1676
201228,C.J. Watson,2010,0.050,0.480,0.060,-0.580,-0.100,-0.070,-1.880,-0.120,-0.610,0.490,0.411,0.412,-0.001,-0.301,-0.500,-0.750,-0.500,0.310,0.990,-0.200,0.210,-0.740,-0.930,0.190,1.158,0.823,0.335,-0.648,0.291,0.418,-0.010,-0.230,-0.230,0.010,16304,8159,8145
201805,Chris Hunter,2010,-1.040,-0.010,0.240,0.540,0.800,-0.540,0.760,-0.810,-0.450,-0.360,0.673,0.716,-0.043,0.877,0.230,-0.440,-0.300,0.070,0.080,-0.330,-0.960,-1.010,-0.620,-0.390,-0.374,-0.266,-0.108,0.384,-0.137,-1.384,0.740,-1.000,-0.250,0.010,3186,1604,1582
200816,Jorge Garbajosa,2010,-2.410,0.900,0.670,-0.080,1.740,0.330,0.690,-0.870,0.020,-0.890,0.363,0.572,-0.209,-1.213,0.130,0.090,-0.420,0.080,0.300,-0.260,0.790,1.070,0.390,0.680,0.332,0.072,0.260,0.058,-0.507,1.402,-1.720,1.460,-0.260,0.000,7499,3750,3749
2454,Junior Harrington,2010,-0.080,0.110,-0.820,-0.120,0.910,0.130,-0.860,-0.450,-0.130,-0.320,-0.231,0.344,-0.575,-0.099,0.140,0.220,-0.290,-0.140,0.160,-0.180,-0.380,-0.420,-0.260,-0.160,0.231,0.292,-0.061,0.709,-0.681,-0.189,-0.780,0.520,-0.260,0.000,2080,1042,1038
1749,Cuttino Mobley,2010,-1.860,-0.790,0.480,-1.120,1.370,0.810,-0.580,-0.370,-0.850,0.480,0.549,0.350,0.199,-0.429,-1.130,0.690,1.250,0.150,-0.110,-0.040,1.230,0.410,0.580,-0.170,-0.249,-0.382,0.133,-0.171,0.179,0.161,-0.250,-0.010,-0.260,0.000,35075,17561,17514
201991,Lester Hudson,2010,-0.380,0.010,0.300,0.030,0.100,-0.040,0.760,0.270,0.410,-0.140,-0.177,-0.066,-0.111,0.137,0.120,-0.090,-0.200,-0.040,0.090,-0.130,-0.140,-0.450,-0.380,-0.070,-0.064,0.031,-0.095,0.014,0.093,-0.514,0.230,-0.500,-0.270,-0.000,487,244,243
2592,James Jones,2010,-3.560,-0.160,3.020,0.260,0.540,0.420,1.200,-0.400,-0.390,-0.010,1.450,0.787,0.663,-0.490,0.770,-0.410,-0.040,-0.230,-0.730,0.370,1.120,-0.060,-0.340,0.280,-0.183,-0.270,0.087,-0.607,1.050,-0.243,0.560,-0.850,-0.280,0.010,23517,11772,11745
200755,JJ Redick,2010,-2.630,0.050,3.950,0.020,-1.300,0.350,-0.310,0.690,0.450,0.240,-0.079,0.172,-0.251,-0.011,-0.200,0.500,0.830,-0.030,-0.610,-0.350,1.500,-0.090,0.340,-0.430,-0.824,-0.376,-0.448,0.034,0.611,-0.914,0.600,-0.880,-0.280,-0.000,16554,8319,8235
201571,D.J. Augustin,2010,1.790,-1.330,1.640,-0.410,-3.420,-1.250,-1.380,0.700,-0.210,0.910,-0.818,-0.367,-0.451,0.648,-0.220,0.310,-2.110,0.080,2.320,0.310,-1.340,-0.330,0.070,-0.400,0.379,-0.075,0.454,-0.879,-0.118,0.049,0.530,-0.830,-0.300,0.000,12187,6094,6093
2429,Dan Gadzuric,2010,-0.310,-1.340,-1.780,0.900,2.080,-1.020,1.310,-2.090,-0.560,-1.530,-0.321,-0.514,0.193,1.051,0.200,-0.390,0.010,-0.270,-0.220,0.140,-0.660,0.290,0.720,-0.430,0.505,0.585,-0.080,0.265,-2.411,0.795,-1.360,1.060,-0.300,0.000,13475,6717,6758
202083,Wesley Matthews,2010,1.490,-0.520,-0.610,0.220,-0.850,-0.550,0.880,0.620,0.210,0.410,-0.058,0.216,-0.274,-0.712,1.110,-0.120,-0.580,0.250,-0.510,-0.450,-0.260,-0.250,-0.400,0.150,-0.082,-0.208,0.126,0.172,0.562,-0.332,-0.150,-0.160,-0.310,0.000,9135,4589,4546
201975,Jodie Meeks,2010,-0.280,-0.410,1.880,0.160,-1.590,0.820,1.450,0.960,1.190,-0.230,0.227,0.145,0.082,0.283,-0.360,-0.360,-0.080,-0.150,0.460,-0.330,-0.280,-2.120,-1.740,-0.380,-0.330,-0.074,-0.256,0.670,1.187,-2.450,1.470,-1.780,-0.310,0.000,2750,1385,1365
201596,Mario Chalmers,2010,-0.060,-0.320,1.750,-0.550,-1.680,0.070,-1.080,-0.640,-0.340,-0.300,-0.464,-0.117,-0.347,-0.056,0.690,0.320,-1.150,-0.490,0.470,-0.080,0.030,-1.040,-0.960,-0.080,1.067,0.160,0.907,0.823,-1.104,0.027,-1.160,0.850,-0.310,0.000,17419,8697,8722
2824,Desmon Farmer,2010,0.110,-0.010,0.820,-0.140,-0.930,0.020,0.600,-0.220,0.020,-0.240,0.120,-0.007,0.127,0.110,0.110,-0.180,-0.280,0.000,0.180,0.040,-0.320,-0.290,-0.230,-0.060,-0.045,0.013,-0.058,0.005,-0.100,-0.335,0.010,-0.330,-0.320,-0.000,307,157,150
2437,Lonny Baxter,2010,0.860,-0.630,0.340,0.030,-1.200,-0.170,-0.440,0.170,0.210,-0.040,-0.371,-0.475,0.104,0.171,0.080,-0.250,-0.200,-0.030,0.120,-0.010,-0.820,-0.500,-0.300,-0.200,0.390,0.301,0.089,-0.190,-0.201,-0.110,-0.030,-0.300,-0.330,0.000,1441,720,721
2404,Chris Wilcox,2010,1.270,1.240,-3.960,0.750,2.690,-0.900,-0.570,-0.160,0.140,-0.300,-0.867,-0.744,-0.123,0.347,-0.420,-0.660,0.140,0.330,0.290,-0.100,-1.590,1.130,0.830,0.300,-0.212,0.066,-0.278,-0.618,-1.027,0.918,-0.680,0.300,-0.370,0.010,28085,14012,14073
201785,Othyus Jeffers,2010,0.590,-0.030,-0.140,-0.180,-0.460,-0.130,-1.080,-0.140,0.080,-0.220,-0.327,-0.212,-0.115,0.607,-0.010,-0.050,-0.200,0.080,0.230,-0.230,-0.170,-0.420,-0.160,-0.260,-0.035,-0.018,-0.017,-0.065,-0.467,-0.455,0.140,-0.520,-0.370,0.010,318,161,157
956,Erick Dampier,2010,-1.760,0.800,-2.210,1.030,3.970,-0.400,-0.230,-2.350,-0.570,-1.780,-1.352,-1.049,-0.303,2.132,0.960,1.300,2.470,-0.380,-3.440,0.040,0.890,1.850,1.160,0.690,-1.244,-0.651,-0.593,0.584,-3.702,0.606,-1.570,1.190,-0.380,-0.000,34862,17445,17417
2568,Carlos Delfino,2010,-0.070,-0.880,2.770,0.070,-2.690,-0.930,2.620,-1.170,-0.590,-0.580,0.457,0.211,0.246,-0.067,-0.470,-0.140,-0.180,0.330,0.660,-0.230,1.460,-0.710,-0.610,-0.100,0.373,0.465,-0.092,0.727,-0.713,-0.337,-0.780,0.390,-0.390,-0.000,25002,12479,12523
200822,Pops Mensah-Bonsu,2010,1.670,-0.820,-1.750,-0.490,0.080,-0.710,-1.750,-2.270,-2.290,0.020,-0.122,-0.180,0.058,1.902,-0.030,-0.370,-0.210,0.200,0.260,0.030,0.080,-0.480,-0.120,-0.360,-0.023,-0.004,-0.019,0.603,-2.392,-0.503,-0.490,0.100,-0.390,0.000,1838,922,916
2039,Keyon Dooling,2010,-0.820,-1.010,0.290,0.560,0.540,-0.340,-2.740,0.580,0.090,0.490,0.407,0.602,-0.195,-0.857,-0.630,0.050,-0.410,0.750,1.040,0.420,1.830,-0.300,0.800,-1.100,0.033,-0.135,0.168,-0.253,0.987,-0.267,0.130,-0.520,-0.390,0.000,26061,12986,13075
1513,Scot Pollard,2010,-0.750,0.010,-0.050,0.120,0.800,-0.140,1.090,-0.210,-0.010,-0.200,-0.440,-0.245,-0.195,0.610,0.980,-0.090,0.090,-0.160,-1.060,0.100,-0.210,-0.030,0.280,-0.310,-0.183,-0.078,-0.105,-0.157,-0.650,-0.213,-0.040,-0.370,-0.410,0.000,3871,1910,1961
1507,Derek Anderson,2010,-0.660,-0.480,2.570,-0.670,-1.900,0.180,0.280,0.160,-0.390,0.550,0.084,-0.049,0.133,-0.194,-0.250,-0.080,0.030,-0.250,0.230,0.450,1.230,-0.410,-0.150,-0.260,-0.055,-0.131,0.076,0.005,0.244,-0.465,0.050,-0.460,-0.410,0.000,10130,5060,5070
201174,Nick Fazekas,2010,-0.910,-0.040,0.040,-0.300,0.890,0.160,-1.290,-0.850,-0.650,-0.200,-0.181,-0.000,-0.181,0.461,-0.060,-0.130,-0.120,0.300,0.190,0.080,0.140,0.710,0.770,-0.060,-0.264,-0.013,-0.251,-0.296,-1.031,0.446,-0.570,0.150,-0.420,-0.000,972,492,480
2555,Nick Collison,2010,0.650,-0.230,-3.100,-0.370,2.460,-0.080,-0.570,-1.660,-1.450,-0.210,-0.545,-0.121,-0.424,1.475,1.300,0.300,-0.190,-0.110,-1.110,-0.140,-0.530,0.130,0.360,-0.230,-0.067,-0.035,-0.032,0.237,-2.205,0.063,-0.730,0.300,-0.420,0.010,35610,17637,17973
2839,James Thomas,2010,-0.310,0.100,-0.210,-0.110,0.540,-0.440,-0.850,-0.200,-0.300,0.100,0.014,0.189,-0.175,-0.164,0.080,-0.190,0.070,0.120,-0.150,-0.040,0.020,-0.240,-0.050,-0.190,0.037,-0.062,0.099,0.113,-0.186,-0.203,-0.350,-0.090,-0.440,-0.000,571,283,288
2406,Caron Butler,2010,0.050,0.370,-1.540,0.100,1.500,0.020,-1.360,1.160,0.450,0.710,-0.433,0.144,-0.577,-0.597,0.230,-1.440,-1.170,-0.160,0.930,-0.220,-0.870,-1.230,-1.070,-0.160,0.605,0.330,0.275,0.035,0.727,-0.625,0.130,-0.590,-0.460,0.000,51168,25610,25558
2058,Mark Madsen,2010,-1.290,-0.990,-0.910,-0.500,2.200,-0.470,-3.250,-3.530,-2.490,-1.040,-0.317,0.037,-0.354,1.597,1.760,0.290,-0.540,0.190,-1.220,-0.060,0.800,1.190,1.300,-0.110,0.618,0.218,0.400,-0.018,-3.847,1.808,-2.250,1.790,-0.460,0.000,5097,2540,2557
201144,Mike Conley,2010,2.040,-0.200,0.690,0.650,-2.720,-1.090,-1.390,0.380,0.200,0.180,1.216,0.675,0.541,-0.806,0.450,-0.980,-1.140,0.020,0.690,-0.300,-1.360,-0.840,-1.090,0.250,-0.310,-0.102,-0.208,-0.100,1.596,-1.150,0.790,-1.250,-0.460,-0.000,24338,12164,12174
200758,Ronnie Brewer,2010,2.550,0.600,-3.030,-0.960,0.480,0.560,-1.150,0.440,0.630,-0.190,-0.628,-0.721,0.093,-0.262,-1.020,-1.280,0.800,0.060,0.220,-0.500,-0.420,-1.670,-1.770,0.100,1.561,0.936,0.625,0.099,-0.188,-0.109,-0.450,-0.010,-0.460,0.000,29033,14521,14512
2436,Flip Murray,2010,1.740,-0.240,0.200,-0.840,-1.930,-0.380,-5.250,-0.470,-0.980,0.510,0.385,0.584,-0.199,0.095,0.140,0.570,-1.660,0.400,1.520,0.520,0.000,0.140,0.450,-0.310,-0.149,-0.132,-0.017,-0.481,-0.085,-0.009,0.010,-0.490,-0.470,0.010,33181,16615,16566
2591,James Lang,2010,-0.280,-0.100,0.200,0.010,0.100,-0.040,-0.260,0.110,0.220,-0.110,0.056,0.058,-0.002,-0.146,0.150,-0.120,-0.340,0.030,0.200,0.030,-0.330,-0.190,-0.040,-0.150,-0.172,-0.107,-0.065,-0.118,0.166,-0.362,0.020,-0.480,-0.470,-0.010,174,87,87
2399,Mike Dunleavy,2010,-1.590,0.830,1.620,-0.020,-0.040,-0.310,1.550,0.320,-0.150,0.470,0.438,0.032,0.406,-1.518,0.830,-0.370,-0.590,0.390,-0.250,0.170,-0.250,0.080,0.100,-0.020,0.065,-0.357,0.422,0.135,0.758,0.145,-0.760,0.280,-0.480,0.000,39693,19919,19774
202087,Alonzo Gee,2010,-0.110,-0.250,-0.220,0.110,0.340,-0.550,-0.290,-0.660,-0.500,-0.160,0.058,0.037,0.021,0.072,0.010,-0.070,-0.120,0.020,0.120,-0.240,-0.430,-0.460,-0.480,0.020,0.227,-0.045,0.272,0.273,-0.602,-0.233,-0.530,0.040,-0.480,0.010,657,332,325
201567,Kevin Love,2010,1.940,-0.880,-0.440,-0.700,-1.500,-0.900,-1.030,-1.760,-1.930,0.170,-1.030,-0.999,-0.031,2.920,0.890,-0.230,-0.530,-0.470,-0.360,-0.150,-2.200,-0.470,-0.570,0.100,-0.953,-0.438,-0.515,0.803,-2.790,-1.423,0.130,-0.620,-0.490,0.000,14503,7267,7236
201564,O.J. Mayo,2010,1.270,-0.030,-1.100,0.270,-0.190,0.330,-0.300,1.680,1.610,0.070,-0.751,-0.221,-0.530,-0.019,-1.350,-0.740,0.180,-0.050,1.160,0.060,-0.580,-1.400,-1.060,-0.340,0.088,0.099,-0.011,-0.088,0.929,-1.312,0.910,-1.400,-0.490,0.000,23400,11699,11701
101150,Lou Williams,2010,1.970,0.240,0.920,-0.620,-2.880,-0.860,-1.870,0.650,0.350,0.300,0.392,0.219,0.173,0.018,-1.260,-0.490,-0.820,0.430,2.080,-0.880,-2.360,-1.800,-1.580,-0.220,0.256,-0.114,0.370,-0.006,1.042,-1.544,1.060,-1.550,-0.490,0.000,25252,12670,12582
2427,Roger Mason Jr.,2010,-2.270,0.100,4.000,0.120,-1.720,0.210,0.620,0.360,0.770,-0.410,0.343,0.421,-0.078,0.047,0.570,0.250,-0.190,-0.240,-0.380,-0.160,-0.250,-0.370,0.030,-0.400,-0.608,-0.016,-0.592,-0.282,0.703,-0.978,0.750,-1.260,-0.520,-0.010,23725,11887,11838
2571,Leandro Barbosa,2010,1.300,0.480,3.220,1.190,-4.520,0.030,1.790,2.450,2.290,0.160,0.946,0.640,0.306,-1.176,-0.600,-0.930,0.720,-0.190,-0.120,-0.310,1.470,-2.150,-1.670,-0.480,0.214,0.258,-0.044,-0.804,3.396,-1.936,2.220,-2.740,-0.520,0.000,40915,20479,20436
1887,Wally Szczerbiak,2010,-1.430,-0.540,1.490,0.740,-0.060,0.210,1.100,0.500,0.250,0.250,0.808,0.656,0.152,-0.848,-0.660,0.460,0.790,0.200,-0.140,0.240,0.740,0.530,0.300,0.230,-1.050,-0.852,-0.198,-0.470,1.308,-0.520,0.460,-0.990,-0.520,0.010,27361,13697,13664
200768,Kyle Lowry,2010,0.830,-0.710,2.100,-1.560,-2.930,0.010,-1.390,-0.390,-1.050,0.660,0.364,0.453,-0.089,-1.044,0.480,-0.690,-0.550,-0.190,0.070,0.220,1.270,-1.130,-0.990,-0.140,0.893,0.096,0.797,0.777,-0.026,-0.237,-1.070,0.540,-0.530,0.000,22267,11138,11129
101132,Linas Kleiza,2010,1.020,0.170,3.570,-1.250,-4.600,-0.710,2.500,0.040,-0.190,0.230,-0.433,-0.104,-0.329,0.653,-0.340,-0.570,-0.770,-0.040,1.110,0.770,-0.810,-0.960,-0.810,-0.150,-0.835,-0.544,-0.291,0.985,-0.393,-1.795,0.260,-0.810,-0.540,0.010,24196,12155,12041
949,Shareef Abdur-Rahim,2010,-1.090,-0.390,-1.090,-0.360,2.180,0.710,0.030,-0.320,-0.410,0.090,-0.255,-0.086,-0.169,0.015,0.900,-0.620,0.390,0.260,-1.280,-0.560,0.160,-0.700,-0.740,0.040,0.148,0.374,-0.226,0.572,-0.575,-0.552,-0.560,0.020,-0.540,-0.000,15601,7807,7794
200770,Jordan Farmar,2010,0.440,-0.330,2.760,-0.340,-3.200,0.240,2.240,-0.120,0.740,-0.860,-0.409,-0.516,0.107,-0.501,-1.690,0.140,0.150,0.820,1.540,0.320,0.690,0.260,0.190,0.070,0.596,0.830,-0.234,-0.366,-0.529,0.856,-1.030,0.490,-0.540,-0.000,24467,12229,12238
2581,Steve Blake,2010,-2.050,1.660,1.960,0.320,0.080,0.910,3.600,0.870,1.230,-0.360,0.483,0.041,0.442,0.197,-0.250,-0.260,-0.080,-0.670,0.340,-0.200,-1.460,-0.930,-1.080,0.150,-0.322,-0.317,-0.005,-0.838,1.353,-1.252,1.550,-2.090,-0.550,-0.010,40192,20135,20057
2047,Quentin Richardson,2010,0.820,-1.500,2.520,0.860,-3.350,-0.500,-0.120,-0.040,0.260,-0.300,-0.092,-0.294,0.202,-0.348,1.710,-0.380,-0.750,0.320,-0.970,-0.360,0.110,0.150,-0.220,0.370,-0.229,-0.070,-0.159,0.009,-0.132,-0.079,-0.480,-0.070,-0.550,-0.000,34050,17047,17003
2250,Bobby Simmons,2010,-0.910,-0.900,2.200,0.780,-1.290,-1.050,0.420,-0.570,-0.200,-0.370,-0.093,0.364,-0.457,0.083,0.470,-0.250,-0.980,-0.010,0.530,0.030,0.270,-0.400,-0.230,-0.170,0.001,-0.051,0.052,0.439,-0.663,-0.399,-0.580,0.040,-0.550,-0.010,23609,11817,11792
2764,Donta Smith,2010,0.270,0.240,0.260,-0.060,-0.520,-0.110,0.070,0.650,0.760,-0.110,-0.465,0.046,-0.511,-0.395,-0.050,-0.220,-0.290,0.080,0.360,-0.160,0.100,-0.740,-0.490,-0.250,0.144,0.140,0.004,0.256,0.185,-0.596,-0.210,-0.340,-0.550,-0.000,461,230,231
2037,Jamal Crawford,2010,-0.070,-0.490,0.580,0.280,-0.520,0.460,-3.230,2.190,1.080,1.110,0.247,0.114,0.133,-0.317,-1.520,-1.340,0.650,-0.030,0.870,0.400,0.090,-1.710,-0.990,-0.720,-0.621,-0.280,-0.341,-0.369,2.437,-2.331,2.120,-2.700,-0.570,0.010,50049,25079,24970
2260,Jarron Collins,2010,-1.820,-1.690,-2.050,-1.090,3.870,-0.910,-1.910,-4.050,-3.610,-0.440,-0.223,0.060,-0.283,1.373,1.450,0.190,-0.430,0.090,-1.020,-0.180,0.970,-0.130,-0.140,0.010,1.158,-0.031,1.189,1.302,-4.273,1.028,-2.900,2.330,-0.570,-0.000,14675,7332,7343
200810,Allan Ray,2010,-0.730,-0.530,1.490,-0.080,-0.750,-0.680,-0.270,-0.980,-0.810,-0.170,0.408,0.511,-0.103,-0.118,-0.860,-0.190,-0.080,0.270,0.960,-0.280,0.680,-0.850,-0.530,-0.320,0.524,0.294,0.230,0.436,-0.572,-0.326,-0.690,0.110,-0.580,0.000,2640,1321,1319
2254,Loren Woods,2010,-0.080,-0.500,-0.070,-0.070,0.160,-0.010,-1.890,-0.850,-0.820,-0.030,0.224,-0.061,0.285,0.656,-0.090,-0.110,-0.380,0.050,0.500,-0.110,-0.520,-0.160,-0.190,0.030,-0.080,0.071,-0.151,-0.370,-0.626,-0.240,0.030,-0.610,-0.580,0.000,1281,637,644
201158,Marco Belinelli,2010,0.600,0.540,1.200,0.180,-1.790,-0.440,1.580,0.460,0.560,-0.100,-0.391,-0.333,-0.058,0.041,-1.080,-0.400,0.140,-0.020,0.940,0.070,-0.860,-0.740,-0.630,-0.110,0.568,-0.099,0.667,-0.518,0.069,-0.172,0.110,-0.690,-0.580,0.000,8820,4431,4389
201582,Alexis Ajinca,2010,-1.250,0.110,-0.480,-0.230,1.780,0.090,-0.870,-0.240,-0.250,0.010,-0.353,-0.191,-0.162,-0.287,0.000,-0.100,0.080,-0.050,-0.080,0.050,0.460,-0.400,-0.140,-0.260,0.676,0.159,0.517,0.024,-0.593,0.276,-0.880,0.300,-0.580,-0.000,746,371,375
201192,Taurean Green,2010,-0.010,0.110,0.120,-0.130,-0.110,-0.180,-0.030,-0.290,-0.230,-0.060,-0.122,-0.096,-0.026,0.272,-0.150,-0.190,-0.080,0.050,0.220,-0.060,-0.270,-0.350,-0.240,-0.110,-0.091,0.013,-0.104,-0.009,-0.412,-0.441,-0.140,-0.450,-0.590,0.000,284,141,143
2570,Kendrick Perkins,2010,-0.230,1.360,-2.430,0.140,2.650,0.420,-0.290,-1.600,-0.250,-1.350,-1.854,-0.651,-1.203,0.614,0.080,0.900,1.290,-0.520,-1.370,0.750,-0.840,2.400,1.680,0.720,-0.745,-0.229,-0.516,0.595,-3.454,1.655,-2.840,2.250,-0.600,-0.010,40649,20318,20331
200753,Patrick O'Bryant,2010,-0.460,0.530,-0.910,0.190,1.380,-0.060,0.290,1.040,1.430,-0.390,-1.100,-1.189,0.089,-0.010,0.000,-0.340,-0.390,-0.060,0.400,0.140,-0.250,-0.650,-0.420,-0.230,-0.071,0.270,-0.341,0.181,-0.060,-0.721,-0.070,-0.540,-0.600,0.010,2164,1085,1079
2501,Reggie Evans,2010,-0.090,-2.280,-1.090,0.050,1.180,-0.760,-1.960,-2.970,-1.600,-1.370,-0.624,-0.144,-0.480,2.404,0.030,-1.020,-0.390,-0.210,0.360,-0.260,-2.260,-0.940,-0.980,0.040,0.906,0.137,0.769,0.624,-3.594,-0.034,-1.190,0.590,-0.600,0.000,22788,11349,11439
2594,Kyle Korver,2010,-1.040,0.030,2.500,0.540,-1.460,-0.450,2.040,0.270,-0.480,0.750,-0.054,-0.065,0.011,-0.776,-0.100,0.700,-1.120,-0.010,1.220,0.310,1.080,-0.800,-0.160,-0.640,0.476,-0.282,0.758,0.274,0.216,-0.324,-0.560,-0.050,-0.600,0.010,37776,18959,18817
1924,Lee Nailon,2010,-0.240,0.510,-0.960,0.080,1.200,-0.630,-0.000,-0.620,-0.510,-0.110,-0.059,0.010,-0.069,0.659,-0.040,-0.330,0.070,0.020,-0.020,0.010,0.000,-0.460,-0.290,-0.170,0.137,-0.091,0.228,-0.277,-0.679,-0.323,-0.020,-0.600,-0.610,0.010,882,442,440
2756,Sasha Vujacic,2010,-1.900,-1.030,3.930,-0.480,-2.020,-0.600,1.840,-0.460,-0.460,-0.000,1.188,0.663,0.525,0.202,-1.920,-0.340,0.490,0.060,1.430,0.500,0.870,-1.440,-0.470,-0.970,-0.172,-0.070,-0.102,0.072,0.728,-1.612,0.930,-1.540,-0.610,0.000,24136,12074,12062
788,Kevin Willis,2010,-0.610,-0.100,-0.130,0.030,0.770,-0.000,-0.520,-0.180,0.070,-0.250,0.012,-0.025,0.037,0.088,0.230,-0.180,-0.210,-0.030,-0.010,-0.030,-0.340,-0.590,-0.420,-0.170,-0.150,-0.043,-0.107,0.200,-0.168,-0.740,-0.080,-0.540,-0.620,-0.000,140,69,71
2248,Earl Watson,2010,0.730,0.150,1.530,-0.190,-2.260,-0.660,1.940,0.740,0.670,0.070,-0.522,-0.352,-0.170,-0.698,-0.030,0.450,-0.580,-0.350,0.610,-0.430,-0.600,0.330,-0.040,0.370,-0.263,-0.177,-0.086,-0.207,0.218,0.067,-0.480,-0.140,-0.620,0.000,38646,19286,19360
201977,Marcus Thornton,2010,0.760,0.090,0.600,0.170,-1.350,-0.510,0.580,-0.100,0.130,-0.230,0.285,0.026,0.259,0.235,-1.220,-0.730,0.590,-0.140,0.630,-0.030,-1.410,-1.550,-1.250,-0.300,0.411,0.487,-0.076,0.089,0.185,-1.139,0.420,-1.050,-0.630,0.000,7092,3540,3552
2575,Luke Walton,2010,1.350,0.900,-1.240,-0.850,-0.120,-0.390,0.910,-1.750,-1.430,-0.320,0.013,-0.425,0.438,1.117,-0.770,0.290,-0.160,0.200,0.930,-0.270,0.430,0.250,-0.100,0.350,0.372,0.122,0.250,-0.632,-1.737,0.622,-0.620,-0.010,-0.630,0.000,29176,14614,14562
201160,Jason Smith,2010,-0.640,0.260,-0.180,0.190,0.820,-0.590,-0.590,-1.870,-1.170,-0.700,-0.200,-0.328,0.128,1.900,-0.680,0.270,-0.160,-0.030,0.840,-0.820,-1.410,-1.820,-1.790,-0.030,0.754,0.470,0.284,0.616,-2.070,-1.066,-0.170,-0.450,-0.630,-0.010,6832,3433,3399
1800,Damon Jones,2010,-1.070,-0.960,6.140,0.120,-5.080,0.100,1.640,1.460,1.630,-0.170,-0.029,0.003,-0.032,0.269,-0.820,-0.610,0.360,-0.100,0.480,-0.300,-0.340,-1.450,-1.170,-0.280,-0.540,-0.198,-0.342,-0.350,1.431,-1.990,1.700,-2.340,-0.640,-0.000,18892,9489,9403
201629,Othello Hunter,2010,-0.380,-0.260,-0.200,0.020,0.610,-0.510,-0.680,-0.910,-0.800,-0.110,0.436,0.186,0.250,-0.036,-0.080,-0.110,-0.180,0.000,0.280,0.000,-0.360,-0.280,-0.190,-0.090,0.054,0.068,-0.014,0.086,-0.474,-0.226,-0.510,-0.140,-0.660,-0.010,508,254,254
200970,Renaldo Major,2010,-0.000,-0.290,0.150,-0.010,-0.140,-0.150,-0.560,-0.590,-0.450,-0.140,-0.080,0.021,-0.101,0.170,0.120,-0.100,-0.240,-0.020,0.140,-0.060,-0.460,-0.300,-0.210,-0.090,0.017,0.061,-0.044,0.123,-0.670,-0.283,-0.500,-0.160,-0.660,-0.000,118,60,58
2067,Eddie House,2010,-3.190,0.530,3.770,0.320,-0.570,-0.220,3.400,0.260,0.830,-0.570,0.498,-0.037,0.535,-0.718,-0.350,-0.030,0.450,0.490,-0.100,0.490,1.880,-0.070,0.610,-0.680,-0.096,0.051,-0.147,-0.534,0.758,-0.166,0.040,-0.700,-0.660,0.000,26522,13324,13198
2443,Darius Songaila,2010,-0.320,0.240,-1.660,-0.280,1.980,0.980,2.190,-0.220,0.180,-0.400,-0.908,-0.901,-0.007,-0.672,1.120,-0.930,-0.940,-0.090,-0.180,0.680,-0.330,0.000,0.160,-0.160,0.614,0.092,0.522,0.516,-1.128,0.614,-1.800,1.130,-0.670,0.000,24973,12509,12464
101162,Marcin Gortat,2010,-1.980,-1.290,0.660,-0.420,1.330,0.200,-1.580,-1.890,-1.230,-0.660,0.319,0.163,0.156,0.051,0.070,0.230,0.600,-0.390,-0.670,0.510,0.870,0.460,0.350,0.110,-0.084,0.069,-0.153,0.454,-1.571,0.376,-1.520,0.830,-0.680,0.010,9105,4533,4572
389,Toni Kukoc,2010,1.050,0.350,1.790,-0.540,-2.840,-0.300,2.470,0.530,0.760,-0.230,0.652,0.056,0.596,-0.662,-0.190,-0.690,-0.340,-0.020,0.540,-0.070,-0.980,-1.630,-1.830,0.200,0.206,0.464,-0.258,0.224,1.182,-1.424,0.520,-1.200,-0.680,-0.000,3974,1991,1983
200829,Ivan McFarlin,2010,-0.320,-0.170,0.030,-0.140,0.300,0.010,-0.380,-0.300,-0.150,-0.150,-0.014,-0.005,-0.009,-0.066,0.060,-0.060,-0.180,-0.050,0.130,-0.150,-0.250,-0.480,-0.360,-0.120,0.059,0.054,0.005,0.101,-0.314,-0.421,-0.380,-0.320,-0.690,0.010,146,75,71
201612,Malik Hairston,2010,1.020,-0.010,-0.700,-0.070,-0.320,0.090,-0.130,-0.370,-0.090,-0.280,-0.395,-0.207,-0.188,0.745,0.240,-0.020,-0.700,0.020,0.480,0.040,-0.030,-0.440,-0.030,-0.410,-0.498,-0.234,-0.264,0.248,-0.765,-0.938,-0.020,-0.690,-0.710,0.000,1729,857,872
201936,Tyreke Evans,2010,2.400,-0.260,-1.160,-0.630,-1.220,-1.340,-3.690,-2.690,-2.360,-0.330,0.587,0.967,-0.380,0.683,0.830,-0.610,-0.070,0.170,-0.750,0.430,1.230,1.290,1.250,0.040,0.011,-0.193,0.204,-0.611,-2.103,1.301,-1.420,0.690,-0.720,0.010,10218,5094,5124
101149,Martynas Andriuskevicius,2010,-0.280,-0.030,0.070,-0.090,0.220,-0.090,-0.550,-0.270,-0.150,-0.120,-0.106,-0.068,-0.038,-0.104,0.030,-0.090,-0.190,-0.020,0.180,-0.070,-0.170,-0.300,-0.220,-0.080,0.037,0.018,0.019,0.023,-0.376,-0.263,-0.480,-0.240,-0.720,0.000,29,16,13
101119,Rashad McCants,2010,0.230,-0.180,2.160,-0.690,-2.390,-0.530,-1.990,-0.010,-0.070,0.060,0.249,0.396,-0.147,-0.729,0.870,0.350,-1.310,-0.240,0.450,0.250,0.400,-0.020,0.370,-0.390,0.145,0.091,0.054,-0.355,0.239,0.125,-0.490,-0.230,-0.720,0.000,18834,9431,9403
200809,Chris Quinn,2010,-2.930,-0.740,2.900,0.680,0.030,0.110,0.280,0.370,0.450,-0.080,0.760,0.450,0.310,-0.480,0.940,-0.150,-0.670,-0.310,-0.260,-0.200,-1.160,-0.110,-0.200,0.090,-0.264,-0.018,-0.246,-1.016,1.130,-0.374,0.650,-1.390,-0.740,0.000,10461,5251,5210
200776,Mardy Collins,2010,1.190,-0.980,-1.070,0.130,-0.120,-0.910,-2.430,-1.150,-0.540,-0.610,-0.478,-0.090,-0.388,0.738,-0.630,-0.440,-0.600,0.260,1.230,0.410,-0.660,-0.710,-0.350,-0.360,0.215,-0.119,0.334,0.645,-1.628,-0.495,-0.890,0.150,-0.740,-0.000,10336,5131,5205
202068,Marcus Landry,2010,-0.380,-0.220,0.630,0.170,-0.240,-0.050,0.120,-0.060,0.090,-0.150,-0.108,-0.118,0.010,0.148,-0.230,-0.120,-0.190,0.060,0.440,-0.110,-0.460,-0.670,-0.520,-0.150,0.016,-0.005,0.021,-0.066,-0.168,-0.654,-0.020,-0.720,-0.740,0.000,421,212,209
2768,Chris Duhon,2010,0.650,-1.110,3.980,-0.480,-4.640,0.070,2.390,0.560,0.410,0.150,-0.427,-0.290,-0.137,-0.893,-0.900,-0.420,0.050,0.760,0.860,-0.350,1.160,-0.780,-0.540,-0.240,0.518,0.318,0.200,0.282,0.133,-0.262,-0.760,0.020,-0.740,0.000,41126,20580,20546
201959,Taj Gibson,2010,-1.670,-0.970,-1.820,-0.290,3.500,-0.030,-0.700,-2.430,-1.330,-1.100,0.426,0.131,0.295,0.354,0.580,0.240,-0.640,0.390,0.060,0.390,0.380,1.440,1.700,-0.260,-0.468,-0.086,-0.382,-0.092,-2.004,0.972,-1.650,0.880,-0.770,-0.000,8792,4380,4412
101118,Sean May,2010,-1.060,-1.550,-2.090,0.380,3.150,0.470,0.180,-0.600,-0.500,-0.100,-0.130,-0.133,0.003,0.380,0.030,0.240,0.040,-0.160,-0.070,0.280,0.320,0.060,0.130,-0.070,-0.485,-0.073,-0.412,0.005,-0.730,-0.425,-0.350,-0.420,-0.770,-0.000,6974,3488,3486
101131,Jason Maxiell,2010,0.250,-0.150,-3.130,-0.810,2.880,-0.250,-0.720,-1.570,-1.040,-0.530,-1.003,-0.580,-0.423,2.583,-0.800,0.240,-0.080,-0.190,0.880,-0.180,-0.630,-0.690,-0.260,-0.430,0.197,0.059,0.138,-0.307,-2.573,-0.493,0.010,-0.800,-0.790,-0.000,23034,11467,11567
101139,CJ Miles,2010,1.300,-0.230,0.070,-0.020,-1.360,-0.660,1.520,-0.810,-0.660,-0.150,0.542,0.307,0.235,0.478,-0.760,-0.520,0.270,-0.410,0.500,0.330,0.150,-1.120,-0.630,-0.490,0.392,0.178,0.214,-0.282,-0.268,-0.728,0.210,-1.010,-0.790,0.010,18401,9200,9201
201153,Julian Wright,2010,1.240,0.640,-3.190,-0.230,1.960,0.480,-0.490,0.340,0.790,-0.450,-0.613,-0.460,-0.153,-0.237,-0.170,0.170,-0.860,0.040,1.040,-0.050,-0.950,0.020,-0.170,0.190,0.125,0.305,-0.180,-0.435,-0.273,0.145,-0.510,-0.290,-0.800,0.000,9034,4514,4520
201186,Stephane Lasme,2010,-0.420,-0.620,0.960,0.070,-0.540,-0.390,-0.330,-0.590,-0.580,-0.010,-0.094,-0.210,0.116,-0.176,-0.350,0.070,-0.090,-0.020,0.460,0.130,-0.270,0.670,0.540,0.130,0.072,0.224,-0.152,-0.682,-0.684,0.742,-0.860,0.060,-0.800,-0.000,1043,519,524
200811,Lou Amundson,2010,1.520,-0.780,-0.880,0.290,-0.630,-1.150,-1.010,-1.470,-1.140,-0.330,-1.359,-0.941,-0.418,1.769,0.340,0.460,0.040,-0.420,-0.370,0.090,-0.320,0.090,0.420,-0.330,0.233,0.150,0.083,-0.063,-2.829,0.323,-1.060,0.260,-0.800,-0.000,9846,4883,4963
452,Vin Baker,2010,-0.440,-0.060,0.020,-0.160,0.430,0.020,-0.450,-0.190,-0.190,-0.000,0.024,0.011,0.013,-0.364,0.130,-0.110,-0.120,-0.030,0.000,0.040,0.010,-0.170,0.010,-0.180,-0.098,0.017,-0.115,-0.012,-0.166,-0.268,-0.530,-0.280,-0.810,0.000,297,149,148
1715,Jason Williams,2010,-0.990,0.920,2.460,0.420,-1.470,0.720,1.080,0.680,1.770,-1.090,0.415,0.150,0.265,-1.175,0.070,-0.130,1.250,-0.210,-1.320,-0.120,0.000,0.270,-0.280,0.550,-0.659,0.083,-0.742,-0.341,1.095,-0.389,-0.080,-0.730,-0.810,0.000,31083,15564,15519
201166,Aaron Brooks,2010,-0.590,-0.670,3.750,0.320,-3.150,0.610,0.870,1.790,1.410,0.380,0.570,0.704,-0.134,-1.110,0.570,-0.380,-0.810,-0.020,0.250,-0.460,-0.820,-1.110,-1.050,-0.060,-1.093,-0.516,-0.577,0.123,2.360,-2.203,1.250,-2.080,-0.830,0.000,22405,11174,11231
201939,Stephen Curry,2010,-0.650,0.380,0.460,1.480,0.190,0.770,0.790,1.170,1.730,-0.560,-0.239,-0.274,0.035,-1.021,0.420,-0.800,0.680,-0.410,-1.100,-0.090,-0.550,-0.940,-0.770,-0.170,0.371,0.018,0.353,-0.171,0.931,-0.569,-0.090,-0.740,-0.830,-0.000,12008,6018,5990
2551,T.J. Ford,2010,1.060,-0.970,-0.770,-0.360,-0.290,0.260,-2.000,-0.960,-1.300,0.340,0.585,-0.238,0.823,-0.655,0.870,0.440,-0.340,0.100,-0.520,-0.380,0.450,-0.020,-0.060,0.040,0.074,0.054,0.020,0.136,-0.375,0.054,-1.030,0.190,-0.840,0.000,37298,18701,18597
201235,Courtney Sims,2010,-0.120,-0.230,0.220,-0.100,-0.090,-0.220,-0.470,-0.500,-0.420,-0.080,-0.012,0.061,-0.073,-0.188,-0.020,-0.170,-0.250,0.030,0.290,-0.070,-0.080,-0.270,-0.170,-0.100,0.022,0.067,-0.045,0.078,-0.512,-0.248,-0.700,-0.170,-0.870,0.000,92,45,47
200799,Guillermo Diaz,2010,-0.260,0.020,0.070,-0.120,0.210,-0.220,-0.560,-0.600,-0.470,-0.130,0.152,0.067,0.085,0.058,0.030,-0.130,-0.240,-0.050,0.230,0.020,-0.470,-0.380,-0.270,-0.110,-0.045,0.018,-0.063,-0.055,-0.448,-0.425,-0.390,-0.480,-0.870,0.000,63,32,31
2696,Lynn Greer,2010,-0.330,-0.150,1.110,0.430,-0.770,-0.140,1.250,0.580,0.950,-0.370,-0.184,-0.559,0.375,-0.126,-0.000,-0.480,-0.180,-0.010,0.190,0.040,-1.810,-1.030,-1.050,0.020,-0.051,0.131,-0.182,-0.069,0.396,-1.081,0.270,-1.150,-0.880,0.000,1619,811,808
2585,Zaza Pachulia,2010,1.340,-0.590,-2.750,0.610,1.420,-0.950,-0.950,-1.400,-1.020,-0.380,-0.780,0.052,-0.832,1.120,0.000,-0.800,0.510,0.050,-0.510,-0.460,-1.880,-0.430,-0.820,0.390,0.420,0.215,0.205,0.180,-2.180,-0.010,-1.060,0.170,-0.880,0.010,30886,15433,15453
101211,Stephen Graham,2010,1.340,-1.260,-0.680,-0.860,-0.640,0.290,-1.420,-0.240,-0.320,0.080,-0.367,-0.191,-0.176,-1.013,0.340,-0.310,-1.110,0.480,0.770,0.020,0.040,-0.360,-0.190,-0.170,0.459,0.247,0.212,0.641,-0.607,0.099,-1.620,0.740,-0.880,-0.000,7408,3710,3698
200839,Mike Harris,2010,1.080,-0.570,-0.470,-0.220,-0.610,-0.680,-1.650,-1.590,-1.380,-0.210,0.203,0.176,0.027,0.607,0.030,-0.180,-0.150,0.020,0.140,0.180,0.360,0.130,0.250,-0.120,-0.190,0.111,-0.301,-0.040,-1.387,-0.060,-0.780,-0.100,-0.880,0.000,965,479,486
1883,Steve Francis,2010,3.020,-1.140,-1.810,0.410,-1.220,-1.240,-2.650,0.250,-0.330,0.580,-0.812,-0.304,-0.508,-0.118,0.140,0.140,-0.560,-0.670,0.420,0.290,0.140,-0.400,-0.010,-0.390,0.101,0.176,-0.075,0.099,-0.562,-0.299,-0.680,-0.200,-0.880,0.000,14047,7013,7034
2246,Mehmet Okur,2010,0.000,-0.120,0.390,0.460,-0.400,1.120,2.270,1.470,1.260,0.210,-0.235,-0.135,-0.100,-0.805,-0.280,-0.720,0.360,-0.680,-0.080,-0.070,-0.780,-0.870,-1.160,0.290,-0.485,-0.317,-0.168,0.045,1.235,-1.355,0.430,-1.310,-0.890,-0.010,51395,25704,25691
201631,Steven Hill,2010,-0.220,-0.170,0.220,-0.120,0.020,-0.070,-0.360,-0.620,-0.470,-0.150,-0.077,-0.003,-0.074,0.097,0.110,-0.110,-0.190,-0.030,0.100,-0.070,-0.200,-0.340,-0.250,-0.090,-0.007,-0.019,0.012,0.057,-0.697,-0.347,-0.600,-0.290,-0.890,-0.000,11,6,5
2223,Samuel Dalembert,2010,-0.880,0.120,-3.250,0.130,4.130,0.420,-0.040,-1.650,-0.740,-0.910,-1.407,-0.631,-0.776,0.567,0.080,1.060,0.620,-0.460,-0.710,-0.390,-1.740,1.080,0.390,0.690,-0.371,-0.073,-0.298,0.871,-3.057,0.709,-2.490,1.580,-0.900,0.010,42544,21240,21304
200814,Tarence Kinsey,2010,-0.570,0.290,-1.270,-0.550,1.850,0.650,-2.380,0.420,-0.220,0.640,-0.823,-0.410,-0.413,0.053,0.010,0.230,-0.620,-0.360,0.620,-0.050,-0.340,-0.510,-0.230,-0.280,0.192,0.427,-0.235,-0.252,-0.403,-0.318,-0.350,-0.570,-0.920,-0.000,5167,2582,2585
200788,James Augustine,2010,0.340,-0.110,-0.130,-0.520,-0.210,-0.230,-0.380,-1.090,-1.160,0.070,0.082,-0.033,0.115,0.348,0.100,-0.130,-0.190,-0.070,0.110,-0.140,-0.050,-0.600,-0.470,-0.130,0.005,-0.212,0.217,0.325,-1.008,-0.595,-0.660,-0.270,-0.930,0.000,582,289,293
2402,Dajuan Wagner,2010,-0.360,-0.090,0.260,0.040,0.110,-0.160,-0.070,-0.280,-0.070,-0.210,-0.152,-0.016,-0.136,-0.048,0.080,-0.120,-0.190,-0.040,0.130,-0.090,-0.180,-0.480,-0.400,-0.080,-0.008,-0.005,-0.003,0.038,-0.432,-0.488,-0.480,-0.450,-0.930,-0.000,26,14,12
201169,Alando Tucker,2010,1.420,-0.190,-0.470,-0.260,-0.960,-0.610,-0.690,-1.010,-0.890,-0.120,0.280,-0.218,0.498,0.960,-0.330,0.030,-0.280,-0.160,0.630,-0.170,-0.930,-0.590,-0.610,0.020,-0.131,0.145,-0.276,-0.439,-0.730,-0.721,0.230,-1.160,-0.930,-0.000,1622,806,816
101223,Aaron Miles,2010,-0.260,-0.030,-0.540,-0.200,0.810,-0.120,-0.500,-0.650,-0.640,-0.010,-0.521,-0.224,-0.297,0.191,0.190,-0.280,-0.150,0.090,-0.030,-0.170,-0.140,-0.290,-0.260,-0.030,0.107,0.082,0.025,0.213,-1.171,-0.183,-0.980,0.030,-0.940,0.010,450,225,225
101146,Roko Ukic,2010,0.340,-0.710,-0.530,-0.710,0.200,-0.230,-3.900,-1.330,-1.460,0.130,-0.254,0.261,-0.515,0.484,-0.470,-0.160,-0.080,0.400,0.560,0.010,0.540,0.500,0.910,-0.410,-0.133,-0.021,-0.112,-0.207,-1.584,0.367,-1.100,0.160,-0.940,0.000,3689,1855,1834
2751,Viktor Khryapa,2010,0.360,0.950,-1.920,0.440,1.580,-0.790,1.110,0.310,0.850,-0.540,-0.814,-0.258,-0.556,1.184,0.320,-0.080,-0.720,-0.520,0.410,-0.740,-1.350,-2.130,-2.020,-0.110,0.535,0.248,0.287,-0.025,-0.504,-1.595,0.680,-1.620,-0.940,0.000,6555,3255,3300
2450,Randy Holcomb,2010,-0.390,-0.060,0.320,-0.000,0.080,-0.120,-0.100,-0.370,-0.180,-0.190,-0.171,-0.011,-0.160,0.041,0.140,-0.110,-0.190,-0.010,0.070,-0.130,-0.350,-0.430,-0.280,-0.150,-0.079,-0.037,-0.042,0.079,-0.541,-0.509,-0.500,-0.430,-0.940,-0.010,36,18,18
101125,Julius Hodge,2010,0.280,-0.220,-0.020,-0.140,-0.260,-0.220,-0.130,-0.630,-0.400,-0.230,-0.043,0.097,-0.140,0.163,-0.210,-0.040,-0.170,0.040,0.410,0.020,-0.480,-0.150,0.020,-0.170,-0.173,0.004,-0.177,-0.107,-0.673,-0.323,-0.510,-0.430,-0.940,0.000,346,172,174
2209,Vladimir Radmanovic,2010,0.100,-0.810,3.350,0.290,-3.450,0.160,1.720,1.480,1.700,-0.220,-0.754,-0.363,-0.391,-0.806,-0.150,-0.550,-1.120,-0.360,1.270,-0.280,-0.260,-1.270,-0.970,-0.300,0.359,0.317,0.042,0.041,0.726,-0.911,-0.080,-0.870,-0.950,0.000,28776,14434,14342
2417,Qyntel Woods,2010,1.740,-0.050,-1.350,-0.210,-0.380,-0.180,-1.400,-0.120,-0.140,0.020,-0.867,-0.760,-0.107,0.237,-0.440,0.140,-0.820,-0.320,1.290,-0.160,-0.330,-1.880,-1.310,-0.570,0.712,0.488,0.224,0.958,-0.987,-1.168,-0.750,-0.210,-0.950,0.010,3796,1901,1895
200798,Cheikh Samb,2010,-0.530,0.140,-0.130,-0.120,0.680,-0.160,-0.350,-0.340,-0.040,-0.300,-0.200,-0.170,-0.030,-0.260,-0.200,0.140,-0.320,0.080,0.550,-0.040,0.560,-0.070,0.130,-0.200,-0.065,0.073,-0.138,-0.025,-0.540,-0.135,-0.800,-0.160,-0.960,0.000,417,211,206
101188,Eddie Basden,2010,0.090,-0.230,0.380,-0.110,-0.470,-0.320,-1.350,-0.990,-0.680,-0.310,-0.257,-0.084,-0.173,-0.103,0.110,0.020,-0.250,0.170,0.160,-0.030,-0.010,0.190,0.290,-0.100,0.074,0.141,-0.067,0.116,-1.247,0.264,-1.350,0.380,-0.960,0.010,535,267,268
201142,Kevin Durant,2010,0.220,0.590,-1.460,-0.450,1.230,-0.840,-0.870,1.180,-0.230,1.410,0.327,0.477,-0.150,-0.947,-1.330,0.330,0.690,-0.520,0.630,0.290,0.920,-0.610,-0.460,-0.150,-0.076,0.063,-0.139,-0.844,1.507,-0.686,0.560,-1.530,-0.960,0.010,34311,16891,17420
2873,Billy Thomas,2010,-0.660,-0.440,0.830,-0.240,-0.150,0.080,-0.470,-0.690,-0.500,-0.190,0.135,-0.056,0.191,-0.195,-0.070,-0.180,-0.410,0.040,0.500,0.110,0.130,-0.110,0.040,-0.150,-0.128,-0.082,-0.046,0.018,-0.555,-0.238,-0.750,-0.220,-0.970,0.000,514,260,254
2742,Sebastian Telfair,2010,-0.030,-0.450,1.130,-0.260,-1.110,-0.530,-0.510,-0.290,-0.220,-0.070,0.245,-0.179,0.424,-0.045,-0.710,0.190,0.500,0.210,0.200,-0.410,0.150,-0.910,-0.280,-0.630,0.415,-0.249,0.664,-0.385,-0.045,-0.495,-0.090,-0.880,-0.970,0.000,28967,14497,14470
200837,Mike Hall,2010,-0.280,-0.060,0.170,-0.090,0.120,-0.210,-0.210,-0.540,-0.370,-0.170,-0.021,0.055,-0.076,0.041,0.050,-0.180,-0.180,-0.010,0.150,-0.120,-0.160,-0.540,-0.420,-0.120,-0.003,0.002,-0.005,0.083,-0.561,-0.543,-0.520,-0.460,-0.980,0.000,49,25,24
201175,Glen Davis,2010,-0.490,-1.480,-1.330,0.580,1.820,-0.430,-0.450,-0.960,-0.900,-0.060,-0.539,0.454,-0.993,0.539,0.320,-0.750,-0.190,0.410,-0.120,-0.320,-0.430,-0.720,-0.640,-0.080,-0.039,0.075,-0.114,0.749,-1.499,-0.759,-0.960,-0.010,-0.980,-0.010,16580,8229,8351
2457,Jannero Pargo,2010,-1.880,-0.760,2.080,-0.550,-0.210,-0.350,-0.280,-1.330,-0.720,-0.610,0.580,0.513,0.067,-1.150,1.010,0.260,-1.770,0.430,0.760,0.070,0.700,0.510,0.600,-0.090,0.347,-0.064,0.411,0.073,-0.750,0.857,-1.900,0.930,-0.980,-0.010,18301,9167,9134
201173,Marcus Williams,2010,-0.150,-0.360,-0.120,-0.160,0.290,-0.050,-0.420,-0.770,-0.560,-0.210,0.266,0.142,0.124,0.054,0.210,-0.160,-0.240,-0.050,0.040,-0.080,-0.360,-0.570,-0.510,-0.060,-0.107,-0.067,-0.040,0.137,-0.504,-0.677,-0.450,-0.540,-0.990,0.000,145,73,72
2857,Andre Barrett,2010,-0.300,-0.480,0.040,0.120,0.270,-0.430,-0.630,-0.990,-0.740,-0.250,-0.081,0.206,-0.287,0.841,0.180,-0.180,-0.090,-0.040,-0.080,-0.120,-0.750,-0.430,-0.280,-0.150,-0.208,-0.302,0.094,-0.122,-1.071,-0.638,-0.230,-0.760,-0.990,-0.000,1260,626,634
201621,Joe Crawford,2010,-0.220,-0.150,0.300,-0.150,-0.070,-0.200,-0.470,-0.840,-0.680,-0.160,-0.009,-0.050,0.041,0.039,0.040,-0.090,-0.220,0.020,0.200,-0.030,-0.120,-0.210,-0.120,-0.090,-0.018,0.045,-0.063,0.038,-0.849,-0.228,-0.810,-0.190,-1.000,0.000,81,40,41
935,Bryon Russell,2010,-0.240,-0.050,0.180,-0.100,0.080,-0.160,-0.190,-0.570,-0.390,-0.180,-0.031,-0.001,-0.030,-0.079,0.100,-0.110,-0.210,-0.020,0.120,-0.080,-0.250,-0.350,-0.250,-0.100,-0.028,0.008,-0.036,0.058,-0.601,-0.378,-0.680,-0.320,-1.000,-0.000,10,6,4
2731,Emeka Okafor,2010,-0.240,-0.190,-2.080,0.110,2.330,0.310,-0.260,-2.250,-1.080,-1.170,-0.874,-0.745,-0.129,1.284,0.030,1.350,1.370,-0.560,-1.410,-0.280,-1.540,1.860,0.940,0.920,-0.472,-0.210,-0.262,-0.538,-3.124,1.388,-1.840,0.850,-1.000,-0.010,40502,20270,20232
2049,Speedy Claxton,2010,1.190,-0.910,-1.450,-0.830,0.270,-1.560,-3.520,-2.280,-2.780,0.500,0.245,0.095,0.150,-0.525,0.550,0.610,-0.870,-0.430,0.320,0.800,1.380,0.160,0.440,-0.280,0.919,0.277,0.642,0.481,-2.035,1.079,-2.560,1.560,-1.000,-0.000,11306,5652,5654
200748,Tyrus Thomas,2010,2.290,-0.940,-3.220,0.090,0.930,-1.120,-1.340,-1.830,-1.860,0.030,-0.893,-0.609,-0.284,0.393,0.200,1.340,0.040,-0.330,-0.240,0.150,1.180,0.520,0.390,0.130,0.552,0.533,0.019,0.248,-2.723,1.072,-2.330,1.320,-1.000,0.010,23357,11656,11701
2079,Kaniel Dickens,2010,-0.360,-0.100,0.180,-0.160,0.200,-0.100,-0.480,-0.680,-0.540,-0.140,-0.020,-0.023,0.003,0.030,0.090,-0.120,-0.160,-0.030,0.090,-0.070,-0.220,-0.400,-0.280,-0.120,-0.038,-0.007,-0.031,0.108,-0.700,-0.438,-0.670,-0.330,-1.000,0.000,31,16,15
201171,Carl Landry,2010,-0.170,0.040,-2.320,-1.060,2.510,-0.380,-1.790,-1.700,-1.950,0.250,-0.075,-0.139,0.064,1.355,0.260,-1.100,0.940,-0.120,-1.200,0.130,0.080,-0.380,-0.300,-0.080,-0.353,-0.465,0.112,0.153,-1.775,-0.733,-0.420,-0.580,-1.000,0.000,18615,9290,9325
2098,Slava Medvedenko,2010,-0.850,0.050,-0.270,-0.080,1.140,-0.070,-0.320,-0.560,-0.510,-0.050,-0.051,-0.008,-0.043,0.011,-0.060,-0.180,-0.300,-0.020,0.380,-0.010,-0.320,-0.340,-0.220,-0.120,0.043,0.018,0.025,-0.093,-0.611,-0.297,-0.600,-0.390,-1.000,-0.010,298,153,145
2750,Pavel Podkolzin,2010,-0.310,-0.080,0.120,-0.070,0.200,-0.280,-0.750,-0.800,-0.640,-0.160,-0.060,-0.010,-0.050,-0.010,0.200,-0.120,-0.270,-0.010,0.090,-0.050,-0.200,-0.160,-0.120,-0.040,-0.005,0.034,-0.039,0.025,-0.860,-0.165,-0.870,-0.140,-1.010,0.000,65,33,32
2590,Mo Williams,2010,-0.620,0.010,1.240,0.900,-0.640,0.770,-0.480,1.620,1.590,0.030,-0.194,0.141,-0.335,-0.706,-0.480,-0.370,-0.720,-0.390,1.200,-0.160,-1.540,-1.040,-1.090,0.050,-0.322,0.007,-0.329,-0.368,1.426,-1.362,0.720,-1.730,-1.010,-0.000,46758,23371,23387
201971,DeJuan Blair,2010,2.260,-0.090,-1.300,-0.200,-0.930,-0.270,-0.050,-1.410,-0.470,-0.940,-0.754,-0.250,-0.504,1.604,-0.270,-0.070,0.500,0.100,-0.220,-0.170,-0.730,0.150,0.240,-0.090,-0.252,-0.172,-0.080,-0.348,-2.164,-0.102,-0.560,-0.450,-1.020,-0.010,6008,2994,3014
101247,Keith Langford,2010,-0.320,-0.220,0.200,-0.120,0.130,-0.020,-0.390,-0.610,-0.460,-0.150,-0.011,0.026,-0.037,-0.069,0.060,-0.140,-0.190,-0.010,0.140,-0.030,-0.270,-0.340,-0.220,-0.120,-0.040,-0.033,-0.007,0.040,-0.621,-0.380,-0.690,-0.340,-1.030,0.000,35,18,17
201242,Thomas Gardner,2010,-0.720,-0.140,0.880,-0.270,-0.140,-0.490,-0.510,-1.370,-1.050,-0.320,-0.184,-0.116,-0.068,-0.146,-0.000,0.100,-0.280,0.040,0.300,0.060,-0.010,-0.110,0.150,-0.260,0.301,0.095,0.206,0.469,-1.554,0.191,-1.700,0.660,-1.040,0.000,599,302,297
101142,Ronny Turiaf,2010,-1.100,1.110,-0.400,0.920,1.500,-0.370,1.940,0.150,0.050,0.100,-0.491,-0.426,-0.065,-0.109,0.590,0.930,-0.160,-0.570,-0.430,0.560,-0.470,1.410,1.480,-0.070,-0.646,-0.556,-0.090,-1.354,-0.341,0.764,-0.450,-0.590,-1.040,0.000,21607,10799,10808
101145,Monta Ellis,2010,1.250,2.080,-1.330,-0.180,0.080,-0.500,-0.880,-0.110,-0.000,-0.110,0.263,0.649,-0.386,-0.893,-0.210,-1.360,-0.280,-0.100,0.480,-0.410,-0.700,-1.820,-1.480,-0.340,1.610,0.133,1.477,-0.090,0.153,-0.210,-0.740,-0.300,-1.050,-0.010,42107,21110,20997
1345,ID_1345,2010,-0.290,-0.100,0.200,-0.090,0.110,-0.130,-0.390,-0.670,-0.510,-0.160,-0.049,-0.011,-0.038,0.029,0.100,-0.120,-0.220,-0.020,0.130,-0.070,-0.300,-0.430,-0.330,-0.100,-0.003,0.009,-0.012,0.063,-0.719,-0.433,-0.690,-0.370,-1.050,0.010,7,3,4
1654,ID_1654,2010,-0.290,-0.100,0.200,-0.090,0.110,-0.130,-0.370,-0.630,-0.480,-0.150,-0.056,-0.014,-0.042,0.036,0.110,-0.100,-0.230,-0.040,0.130,-0.060,-0.260,-0.410,-0.300,-0.110,-0.029,0.008,-0.037,0.019,-0.686,-0.439,-0.650,-0.420,-1.070,0.000,6,2,4
200793,Dee Brown,2010,1.290,-0.060,0.080,-0.380,-1.370,-0.540,0.750,-1.060,-0.360,-0.700,-0.283,-0.725,0.442,0.623,0.210,-0.170,-0.060,0.070,-0.140,-0.260,-0.110,-0.590,-0.120,-0.470,-0.045,-0.039,-0.006,0.275,-1.343,-0.635,-0.720,-0.360,-1.080,0.000,2785,1388,1397
201941,Jordan Hill,2010,0.280,-0.200,-0.610,-0.180,0.350,-0.710,0.490,-1.520,-1.130,-0.390,0.011,0.320,-0.309,1.369,0.100,-0.120,0.120,-0.060,-0.220,-0.540,-0.000,-1.360,-1.200,-0.160,0.260,-0.077,0.337,0.140,-1.509,-1.100,-0.140,-0.960,-1.090,0.010,2360,1182,1178
201821,Trey Gilder,2010,-0.380,-0.100,0.240,-0.120,0.160,-0.110,-0.470,-0.630,-0.470,-0.160,-0.089,-0.034,-0.055,-0.081,0.100,-0.120,-0.220,-0.020,0.130,-0.090,-0.200,-0.390,-0.300,-0.090,0.002,0.001,0.001,0.058,-0.719,-0.388,-0.800,-0.330,-1.120,0.010,21,11,10
1506,Austin Croshere,2010,-1.050,-0.290,3.590,-0.170,-2.540,-0.640,0.420,-0.600,-0.110,-0.490,0.170,0.069,0.101,-0.600,1.150,0.030,-0.020,0.230,-1.120,0.170,-0.130,0.650,0.780,-0.130,-0.051,-0.083,0.032,-0.689,-0.430,0.599,-1.030,-0.090,-1.120,-0.000,9796,4915,4881
970,Othella Harrington,2010,-2.630,0.140,-1.120,-0.020,3.740,-0.160,1.100,-1.300,-0.350,-0.950,-0.549,-0.168,-0.381,-0.301,1.150,0.220,0.310,-0.060,-1.450,0.360,0.240,1.240,1.430,-0.190,-0.055,-0.135,0.080,-0.155,-1.849,1.185,-2.150,1.030,-1.120,0.000,4538,2260,2278
201147,Corey Brewer,2010,0.090,-0.500,-2.830,0.180,2.740,-0.200,-0.560,-1.200,-0.790,-0.410,0.011,-0.234,0.245,-0.051,0.590,-0.710,-0.640,0.040,0.060,-0.460,-1.450,-0.380,-0.560,0.180,0.446,0.399,0.047,0.044,-1.189,0.066,-1.240,0.110,-1.130,0.000,17680,8817,8863
2009,ID_2009,2010,-0.290,-0.100,0.200,-0.090,0.110,-0.130,-0.410,-0.630,-0.510,-0.120,-0.045,-0.009,-0.036,-0.055,0.090,-0.100,-0.220,-0.020,0.140,-0.080,-0.240,-0.410,-0.300,-0.110,-0.045,-0.013,-0.032,0.045,-0.675,-0.455,-0.730,-0.410,-1.140,0.000,6,4,2
201950,Jrue Holiday,2010,-0.120,0.030,1.130,0.160,-1.000,0.750,1.000,1.320,1.680,-0.360,-0.775,-0.674,-0.101,0.105,0.340,-0.440,-1.050,-0.790,0.720,0.180,-0.310,-2.360,-1.940,-0.420,-0.151,0.021,-0.172,0.721,0.545,-2.511,0.650,-1.790,-1.140,0.000,6580,3287,3293
200841,Cedric Bozeman,2010,-0.030,-0.570,0.260,-0.280,-0.230,-0.290,-2.160,-1.640,-1.510,-0.130,-0.302,0.108,-0.410,0.692,-0.260,-0.040,-0.170,0.210,0.460,0.060,0.300,-0.020,0.260,-0.280,-0.185,-0.062,-0.123,0.305,-1.942,-0.205,-1.250,0.100,-1.140,0.010,732,363,369
2499,Richie Frahm,2010,-0.310,-0.620,1.850,-0.360,-1.540,0.190,0.040,-0.910,-0.450,-0.460,-0.223,-0.083,-0.140,0.023,0.020,-0.130,-0.570,0.220,0.580,0.030,0.310,-0.430,-0.150,-0.280,0.129,0.248,-0.119,0.261,-1.133,-0.301,-1.110,-0.040,-1.150,0.000,1862,945,917
2758,David Harrison,2010,-1.070,-0.280,-1.340,-0.040,2.410,-0.310,-3.330,-2.840,-1.890,-0.950,-1.436,-0.565,-0.871,1.536,1.900,0.550,0.040,-0.060,-1.930,0.120,0.300,1.350,1.190,0.160,-0.097,0.256,-0.353,0.337,-4.276,1.253,-2.740,1.590,-1.150,-0.000,7485,3742,3743
953,Lorenzen Wright,2010,-0.300,-0.890,-1.480,-0.390,1.790,-0.700,0.530,-4.470,-3.110,-1.360,-0.165,0.137,-0.302,1.665,0.250,0.410,0.380,-0.020,-0.630,0.290,-0.470,1.680,1.150,0.530,0.649,0.461,0.188,-0.509,-4.635,2.329,-2.970,1.820,-1.150,0.000,10500,5238,5262
2782,Matt Freije,2010,-0.970,-0.220,0.890,-0.180,0.110,-0.310,-1.280,-1.320,-1.000,-0.320,-0.217,0.034,-0.251,0.097,0.280,-0.090,-0.210,0.030,-0.060,-0.000,0.340,-0.130,-0.030,-0.100,0.099,-0.099,0.198,0.321,-1.537,-0.031,-1.440,0.290,-1.150,0.000,541,273,268
202079,Antonio Anderson,2010,-0.360,-0.150,0.160,-0.070,0.210,-0.150,-0.480,-0.670,-0.590,-0.080,-0.209,-0.022,-0.187,0.079,0.170,-0.150,-0.330,-0.020,0.170,-0.080,-0.320,-0.380,-0.280,-0.100,0.015,0.017,-0.002,0.005,-0.879,-0.365,-0.800,-0.360,-1.150,0.010,64,32,32
962,Walter McCarty,2010,-1.030,-0.150,1.490,-0.470,-0.450,-0.270,-0.010,-1.080,-1.120,0.040,-0.150,-0.070,-0.080,-0.410,0.070,-0.350,-0.050,-0.080,-0.010,0.470,0.200,0.010,0.230,-0.220,0.361,0.133,0.228,0.109,-1.230,0.371,-1.640,0.480,-1.160,0.000,1356,673,683
2242,Terence Morris,2010,-0.600,0.010,-0.490,0.090,1.110,-0.690,-0.520,-0.540,-0.350,-0.190,-0.274,-0.352,0.078,0.054,0.080,0.020,-0.330,-0.130,0.260,-0.150,-0.320,-0.520,-0.540,0.020,-0.059,-0.079,0.020,0.179,-0.814,-0.579,-0.760,-0.400,-1.160,0.000,686,338,348
101212,Esteban Batista,2010,0.600,-0.770,0.110,-0.370,-0.710,-0.270,-2.650,-1.620,-1.420,-0.200,-0.651,-0.093,-0.558,1.371,-0.080,-0.320,-0.200,0.210,0.300,-0.180,-0.440,-0.800,-0.570,-0.230,0.120,0.311,-0.191,0.400,-2.271,-0.680,-0.900,-0.280,-1.180,0.000,2109,1054,1055
101144,Von Wafer,2010,-0.050,-0.250,0.430,-0.450,-0.380,0.800,-2.610,0.390,0.080,0.310,-0.669,0.157,-0.826,-0.101,-0.580,-0.300,0.050,0.020,0.540,0.630,-0.370,-0.270,0.030,-0.300,-0.352,-0.225,-0.127,-0.188,-0.279,-0.622,-0.380,-0.810,-1.190,0.000,6100,3042,3058
1733,Al Harrington,2010,0.880,-0.690,2.320,0.220,-3.210,-0.550,0.500,-0.050,0.360,-0.410,-0.176,-0.086,-0.090,0.096,-0.170,-1.750,0.370,-0.460,-0.210,-0.370,-0.150,-1.640,-1.440,-0.200,0.259,0.079,0.180,0.321,-0.226,-1.381,-0.130,-1.060,-1.190,-0.000,48798,24421,24377
2230,Maurice Evans,2010,-0.640,-0.760,2.610,0.480,-1.970,0.000,0.170,0.350,0.730,-0.380,-0.029,0.114,-0.143,0.679,-1.050,-0.520,0.330,0.290,0.710,-0.080,-0.160,-1.570,-1.170,-0.400,-0.179,-0.006,-0.173,-0.441,0.321,-1.749,1.000,-2.190,-1.190,0.000,31732,15799,15933
200840,Chris McCray,2010,-0.290,-0.080,0.040,-0.100,0.260,-0.180,-0.620,-0.670,-0.570,-0.100,-0.062,-0.002,-0.060,0.022,0.100,-0.160,-0.210,-0.000,0.120,-0.110,-0.280,-0.520,-0.410,-0.110,-0.077,-0.037,-0.040,0.117,-0.732,-0.597,-0.710,-0.480,-1.190,0.000,37,19,18
200827,Darius Washington,2010,-0.160,0.030,0.340,-0.010,-0.170,-0.110,-0.420,-0.090,0.040,-0.130,-0.179,0.140,-0.319,-0.071,0.350,-0.320,-0.160,-0.130,-0.190,0.000,-0.230,-0.670,-0.520,-0.150,0.082,0.128,-0.046,-0.272,-0.269,-0.588,-0.340,-0.860,-1.200,0.000,552,276,276
201208,Darryl Watkins,2010,-0.350,-0.040,-0.140,-0.150,0.500,-0.250,-1.030,-0.630,-0.610,-0.020,-0.331,-0.100,-0.231,0.061,-0.100,-0.060,-0.310,-0.070,0.430,-0.110,-0.650,-0.580,-0.470,-0.110,0.129,0.170,-0.041,0.151,-0.961,-0.451,-0.900,-0.300,-1.200,0.000,262,132,130
2048,Jamaal Magloire,2010,-0.840,-0.690,-1.670,0.810,2.500,0.030,-0.230,-1.480,-0.420,-1.060,-1.381,0.043,-1.424,1.501,-0.030,-0.530,0.760,0.160,-0.720,0.170,-0.770,0.350,0.040,0.310,-0.708,-0.162,-0.546,0.518,-2.861,-0.358,-1.360,0.160,-1.200,-0.000,20753,10317,10436
2441,Jamal Sampson,2010,0.010,0.090,0.530,-0.350,-0.540,0.030,-0.180,-0.170,0.290,-0.460,-0.402,0.005,-0.407,-0.158,-0.100,-0.060,-0.200,-0.020,0.330,-0.040,-0.130,-0.360,-0.240,-0.120,-0.029,-0.012,-0.017,-0.091,-0.572,-0.389,-0.730,-0.480,-1.210,0.000,594,295,299
101230,Noel Felix,2010,-0.630,-0.330,0.390,0.030,0.260,-0.170,-0.700,-0.540,-0.400,-0.140,-0.357,-0.246,-0.111,0.047,-0.020,-0.260,-0.240,0.020,0.280,0.040,-0.560,-0.390,-0.250,-0.140,-0.086,-0.057,-0.029,0.116,-0.897,-0.476,-0.850,-0.360,-1.210,0.000,285,143,142
2294,Charlie Bell,2010,-0.440,-1.390,2.560,-0.350,-2.120,-0.110,0.200,-0.940,-0.780,-0.160,0.959,0.617,0.342,-0.419,-0.840,-0.270,-0.670,0.270,1.510,0.310,0.490,-1.380,-0.430,-0.950,0.736,0.257,0.479,-0.156,0.019,-0.644,-0.400,-0.800,-1.210,-0.010,34801,17428,17373
201565,Derrick Rose,2010,1.350,-0.210,-1.780,0.170,0.440,-0.530,-1.500,-0.080,-0.270,0.190,0.520,0.646,-0.126,-0.420,-2.540,-0.060,1.290,0.540,1.250,-0.050,0.100,0.050,-0.280,0.330,-0.478,-0.115,-0.363,-0.802,0.440,-0.428,0.020,-1.230,-1.210,0.000,24328,12160,12168
201167,Arron Afflalo,2010,-0.230,0.360,-0.200,-0.340,0.430,-0.950,-2.350,-0.910,-1.020,0.110,0.523,0.429,0.094,-0.593,0.100,-0.410,0.660,0.910,-0.770,0.320,1.670,-0.130,0.470,-0.600,-0.868,-0.415,-0.453,0.768,-0.387,-0.998,-0.980,-0.230,-1.220,-0.010,17636,8820,8816
1320,ID_1320,2010,-0.290,-0.100,0.200,-0.090,0.110,-0.130,-0.280,-0.520,-0.400,-0.120,-0.056,-0.014,-0.042,-0.044,0.080,-0.120,-0.230,-0.050,0.160,-0.140,-0.420,-0.580,-0.470,-0.110,-0.053,-0.026,-0.027,0.033,-0.576,-0.633,-0.620,-0.600,-1.220,0.000,12,2,10
200785,Kosta Perovic,2010,-0.390,-0.230,0.050,-0.150,0.350,-0.290,-1.080,-1.130,-1.010,-0.120,-0.005,-0.075,0.070,0.035,0.130,-0.120,-0.170,0.060,0.050,-0.050,-0.110,0.070,0.120,-0.050,-0.118,-0.036,-0.082,-0.082,-1.135,-0.048,-1.100,-0.130,-1.220,0.010,149,75,74
2617,Udonis Haslem,2010,-2.200,0.970,-1.740,-0.450,3.930,-0.400,-0.310,-1.290,-1.510,0.220,-0.002,-0.066,0.064,-0.488,0.430,-0.280,-0.990,-0.220,0.550,0.500,-0.080,0.270,0.220,0.050,0.033,-0.088,0.121,0.247,-1.292,0.303,-1.780,0.550,-1.230,0.000,46694,23316,23378
1630,Mikki Moore,2010,-0.350,0.160,-1.420,1.150,1.770,0.460,0.230,0.640,1.040,-0.400,-1.449,-0.896,-0.553,0.009,1.020,-0.970,-0.020,-0.330,-1.000,0.200,-2.190,0.040,0.260,-0.220,0.298,0.023,0.275,-0.768,-0.809,0.338,-0.800,-0.430,-1.230,0.000,26851,13438,13413
924,Anthony Goldwire,2010,-0.270,-0.140,0.230,-0.140,0.060,-0.180,-0.400,-0.650,-0.550,-0.100,-0.044,-0.036,-0.008,-0.196,0.040,-0.080,-0.200,-0.020,0.180,-0.050,-0.220,-0.370,-0.210,-0.160,-0.058,-0.013,-0.045,0.088,-0.694,-0.428,-0.890,-0.340,-1.240,-0.010,73,37,36
353,Darrell Armstrong,2010,-1.790,-0.270,2.360,-0.840,-0.560,0.800,0.240,1.400,1.220,0.180,-1.180,-0.424,-0.756,-0.840,-0.660,-0.310,0.290,0.190,0.380,-0.020,1.680,-2.080,-1.440,-0.640,1.082,0.424,0.658,0.378,0.220,-0.998,-0.620,-0.620,-1.240,0.000,9150,4535,4615
2435,Mario Kasun,2010,0.850,-0.420,-0.750,0.020,-0.110,-0.220,-1.020,0.100,0.250,-0.150,-0.516,-0.353,-0.163,-0.064,-0.320,-0.070,-0.010,-0.060,0.350,-0.080,0.050,-0.970,-0.590,-0.380,-0.101,0.015,-0.116,0.301,-0.416,-1.071,-0.480,-0.770,-1.250,0.000,787,391,396
2583,Derrick Zimmerman,2010,-0.150,-0.160,0.150,-0.060,0.000,-0.280,-0.220,-0.620,-0.400,-0.220,-0.126,0.032,-0.158,-0.014,0.070,-0.150,-0.330,-0.010,0.280,-0.150,-0.330,-0.530,-0.450,-0.080,-0.006,0.031,-0.037,0.046,-0.746,-0.536,-0.760,-0.490,-1.250,0.000,102,50,52
200823,Robert Hite,2010,-0.360,-0.160,0.600,-0.160,-0.230,-0.670,-0.610,-1.700,-1.590,-0.110,0.163,-0.010,0.173,0.337,0.370,-0.170,-0.330,-0.010,-0.030,0.040,-0.560,-0.170,-0.140,-0.030,-0.071,-0.075,0.004,0.181,-1.537,-0.241,-1.200,-0.060,-1.260,-0.000,482,242,240
2216,Zach Randolph,2010,0.460,-0.820,-2.470,-0.270,2.020,0.200,-0.350,-2.030,-1.640,-0.390,-0.267,-0.180,-0.087,1.837,-0.770,-0.130,0.800,-0.580,-0.040,-0.950,-1.360,-0.760,-1.330,0.570,-0.565,-0.123,-0.442,0.525,-2.297,-1.325,-0.460,-0.800,-1.270,-0.010,44346,22221,22125
2774,Bernard Robinson,2010,1.880,-0.110,-0.740,-1.000,-1.110,-0.710,-4.430,-1.160,-1.480,0.320,-0.173,0.023,-0.196,-0.167,-1.070,0.010,0.410,0.210,0.680,-0.400,-0.550,-0.560,-0.580,0.020,0.957,0.561,0.396,-0.167,-1.333,0.397,-1.500,0.230,-1.270,0.000,6086,3017,3069
201981,Taylor Griffin,2010,-0.290,-0.050,-0.080,-0.150,0.390,-0.220,-0.780,-0.920,-0.820,-0.100,-0.008,0.067,-0.075,0.038,0.020,-0.080,-0.240,-0.040,0.240,-0.020,-0.080,-0.420,-0.300,-0.120,-0.070,-0.019,-0.051,0.110,-0.928,-0.490,-0.890,-0.380,-1.270,0.000,121,59,62
101232,Roger Powell,2010,-0.320,-0.140,0.280,-0.120,0.060,-0.160,-0.630,-0.650,-0.530,-0.120,-0.021,0.043,-0.064,-0.019,0.080,-0.150,-0.240,-0.030,0.180,-0.130,-0.260,-0.610,-0.490,-0.120,-0.089,-0.040,-0.049,0.109,-0.671,-0.699,-0.690,-0.590,-1.280,0.000,42,21,21
1985,Zendon Hamilton,2010,-0.140,-0.110,-0.020,-0.110,0.170,-0.180,-0.840,-0.410,-0.290,-0.120,-0.086,-0.031,-0.055,-0.184,0.200,-0.240,-0.220,-0.050,0.030,-0.130,-0.360,-0.910,-0.740,-0.170,0.089,0.073,0.016,0.211,-0.496,-0.821,-0.680,-0.610,-1.290,-0.000,170,83,87
1541,Alvin Williams,2010,-0.100,-0.190,0.250,-0.180,-0.140,-0.160,-0.350,-0.620,-0.510,-0.110,-0.090,-0.088,-0.002,-0.030,-0.030,-0.150,-0.140,-0.040,0.190,-0.130,-0.400,-0.590,-0.500,-0.090,-0.035,0.045,-0.080,0.065,-0.710,-0.625,-0.740,-0.560,-1.300,0.000,80,40,40
2744,Al Jefferson,2010,1.660,-0.440,-4.050,-0.580,2.380,0.410,-0.810,-1.770,-1.310,-0.460,-0.016,0.354,-0.370,1.496,0.490,-0.480,0.560,-0.570,-1.050,-0.170,-1.830,-0.290,-0.560,0.270,-0.679,-0.380,-0.299,-0.041,-1.786,-0.969,-0.290,-1.010,-1.300,0.000,39775,19871,19904
201611,Henry Walker,2010,0.580,0.870,0.960,0.080,-1.540,-0.430,0.300,1.400,1.230,0.170,-0.220,-0.106,-0.114,-0.580,-0.230,-0.680,-0.070,-0.100,0.310,-0.130,-0.130,-1.920,-1.590,-0.330,-0.251,-0.299,0.048,0.271,1.180,-2.171,0.600,-1.900,-1.300,-0.000,3804,1914,1890
200826,J.J. Barea,2010,1.560,-1.250,0.460,-0.830,-2.020,0.670,-0.240,0.740,0.990,-0.250,0.407,0.165,0.242,-1.287,-0.450,-0.270,-0.040,-0.120,0.500,-0.260,-0.000,-0.580,-0.450,-0.130,-0.498,-0.638,0.140,-0.092,1.147,-1.078,-0.140,-1.170,-1.300,0.010,15040,7494,7546
911,Ervin Johnson,2010,-0.210,-0.020,0.170,-0.100,0.050,-0.300,-0.670,-0.370,-0.390,0.020,-0.008,0.110,-0.118,0.008,0.080,0.020,-0.150,-0.010,0.080,-0.080,0.070,-0.260,-0.030,-0.230,-0.245,-0.107,-0.138,-0.425,-0.378,-0.505,-0.370,-0.930,-1.300,0.000,326,159,167
2549,Chris Kaman,2010,0.450,-0.520,-3.610,0.020,3.160,0.480,0.580,-1.120,-0.580,-0.540,-1.308,-1.063,-0.245,-0.672,-0.340,1.140,1.200,0.450,-0.870,-0.020,-0.580,2.480,1.480,1.000,-0.854,-0.294,-0.560,0.174,-2.428,1.626,-3.100,1.800,-1.310,-0.010,39639,19860,19779
101129,Luther Head,2010,0.100,-0.370,2.970,0.000,-3.070,-0.960,-1.610,-0.370,-0.490,0.120,-0.111,-0.260,0.149,-0.489,0.110,0.700,0.360,-0.170,-0.460,0.500,1.230,0.660,0.840,-0.180,-0.346,-0.320,-0.026,-0.654,-0.481,0.314,-0.970,-0.340,-1.310,0.000,27162,13574,13588
200838,Kevinn Pinkney,2010,-0.470,-0.020,0.020,-0.050,0.460,-0.260,-1.160,-1.160,-0.910,-0.250,-0.288,-0.294,0.006,0.708,-0.050,-0.080,-0.140,-0.060,0.210,-0.220,-0.170,-0.700,-0.580,-0.120,0.140,0.078,0.062,0.000,-1.448,-0.560,-0.740,-0.560,-1.310,-0.010,365,186,179
101213,Sharrod Ford,2010,-0.350,-0.130,0.340,-0.090,0.020,-0.030,-0.620,-0.470,-0.290,-0.180,-0.279,-0.082,-0.197,-0.031,-0.000,-0.070,-0.190,-0.020,0.220,-0.080,-0.030,-0.310,-0.150,-0.160,-0.063,-0.048,-0.015,-0.167,-0.749,-0.373,-0.780,-0.540,-1.310,0.010,53,25,28
201199,DJ Strawberry,2010,-0.330,-0.680,0.280,-0.170,0.060,0.100,1.730,-1.180,-0.610,-0.570,0.875,0.362,0.513,-0.055,-0.110,-0.260,-0.280,0.070,0.400,-0.050,-0.020,-0.570,-0.470,-0.100,-0.005,-0.069,0.064,-0.385,-0.305,-0.575,-0.360,-0.960,-1.320,-0.000,1035,508,527
101148,Mile Ilic,2010,-0.240,-0.160,0.160,-0.090,0.090,-0.150,-0.410,-0.680,-0.510,-0.170,-0.091,-0.007,-0.084,-0.059,0.130,-0.110,-0.200,-0.040,0.080,-0.110,-0.330,-0.410,-0.320,-0.090,-0.066,-0.021,-0.045,-0.014,-0.771,-0.476,-0.830,-0.490,-1.320,0.000,11,4,7
2063,Jake Voskuhl,2010,0.260,-0.440,-1.830,-0.220,1.580,-0.320,0.660,-1.740,-1.160,-0.580,-0.189,-0.205,0.016,0.779,1.180,-0.170,-0.220,-0.250,-0.960,-0.240,-0.490,-0.320,-0.110,-0.210,-0.016,-0.367,0.351,0.166,-1.929,-0.336,-1.150,-0.170,-1.320,0.000,9387,4685,4702
201958,Rodrigue Beaubois,2010,0.640,0.270,1.010,0.490,-1.650,0.300,-0.350,0.410,1.270,-0.860,-0.285,-0.267,-0.018,0.095,0.180,-0.260,-0.620,-0.090,0.450,-0.240,-0.560,-1.460,-1.060,-0.400,-0.045,0.084,-0.129,-0.035,0.125,-1.505,0.220,-1.540,-1.320,-0.000,2835,1416,1419
201155,Rodney Stuckey,2010,1.510,-1.880,-2.900,-0.600,1.390,-0.300,-3.640,-1.280,-1.890,0.610,0.327,0.806,-0.479,-0.307,0.850,0.270,-0.910,-0.120,0.050,-0.100,-0.350,-1.060,-0.180,-0.880,-0.038,0.166,-0.204,1.028,-0.953,-1.098,-1.260,-0.070,-1.330,0.000,23588,11787,11801
201594,Walter Sharpe,2010,-0.200,0.020,0.110,-0.170,0.100,-0.060,-0.590,-0.560,-0.340,-0.220,-0.159,-0.106,-0.053,-0.131,0.140,-0.100,-0.320,-0.030,0.200,0.000,-0.280,-0.410,-0.250,-0.160,-0.089,-0.039,-0.050,0.019,-0.719,-0.499,-0.850,-0.480,-1.330,0.000,78,38,40
955,Samaki Walker,2010,-0.390,-0.100,0.120,-0.120,0.280,-0.220,-0.590,-0.860,-0.680,-0.180,-0.123,-0.010,-0.113,-0.027,0.090,-0.140,-0.160,-0.030,0.090,-0.010,-0.140,-0.290,-0.190,-0.100,-0.086,-0.035,-0.051,0.066,-0.983,-0.376,-1.010,-0.310,-1.330,-0.010,65,32,33
2409,Marcus Haislip,2010,-0.010,-0.220,0.070,-0.050,-0.040,-0.060,-0.160,-0.600,-0.330,-0.270,-0.329,0.007,-0.336,-0.131,0.310,-0.110,-0.400,-0.040,0.110,0.000,-0.420,-0.120,-0.070,-0.050,-0.113,-0.072,-0.041,-0.047,-0.929,-0.233,-1.060,-0.280,-1.340,0.000,168,85,83
201974,Derrick Brown,2010,1.310,-0.800,-0.900,-0.360,-0.400,0.000,-0.740,-0.800,-0.540,-0.260,-0.054,-0.318,0.264,-0.206,-0.530,-0.220,-0.800,0.260,1.340,0.130,-0.280,-0.480,-0.280,-0.200,0.100,0.106,-0.006,0.100,-0.854,-0.380,-1.060,-0.280,-1.340,-0.000,1943,962,981
101207,Kevin Burleson,2010,-0.550,-0.110,1.620,-0.840,-1.050,-0.340,-2.690,-1.530,-1.620,0.090,0.055,0.042,0.013,-0.785,-0.350,-0.140,-0.250,0.210,0.630,-0.130,0.110,-0.030,-0.040,0.010,0.787,0.796,-0.009,0.163,-1.475,0.757,-2.260,0.920,-1.340,0.000,1280,635,645
1510,Brevin Knight,2010,-0.670,-0.250,-3.320,-0.730,3.980,-1.150,1.000,-1.960,-2.160,0.200,0.357,0.046,0.311,-1.077,-0.430,-0.560,0.000,0.630,0.440,0.200,-0.330,0.080,0.350,-0.270,1.647,0.249,1.398,-0.387,-1.603,1.727,-2.680,1.340,-1.340,-0.000,23808,11886,11922
1533,Anthony Johnson,2010,-0.270,0.030,-0.320,0.010,0.580,-1.120,0.790,-0.270,-0.330,0.060,-0.503,-0.061,-0.442,-1.187,-0.310,-0.130,0.780,0.090,-0.460,0.770,1.260,1.060,1.200,-0.140,-0.168,-0.085,-0.083,-0.272,-0.773,0.892,-1.960,0.620,-1.340,-0.000,26658,13309,13349
201156,Nick Young,2010,-1.300,-0.260,-1.080,-0.410,2.370,-0.480,-4.620,-0.580,-0.900,0.320,0.336,0.509,-0.173,-0.716,0.010,-0.330,-0.400,-0.120,0.390,0.400,-0.150,-0.700,-0.220,-0.480,0.375,0.086,0.289,-0.055,-0.244,-0.325,-0.960,-0.380,-1.340,-0.000,16593,8318,8275
255,Grant Hill,2010,0.980,0.460,-3.980,-0.390,3.010,0.130,-3.360,0.170,-0.630,0.800,-0.410,-0.086,-0.324,-1.410,0.350,0.150,0.150,0.070,-0.500,0.040,1.060,0.010,0.160,-0.150,0.087,0.125,-0.038,0.223,-0.240,0.097,-1.650,0.320,-1.340,-0.010,40025,20003,20022
1723,Matt Harpring,2010,0.360,-0.530,-1.670,-1.130,1.310,-1.180,-0.610,-1.890,-2.050,0.160,-0.769,-0.353,-0.416,2.259,1.410,0.140,-1.440,-0.030,0.030,-0.100,2.310,-1.670,-0.480,-1.190,0.360,-0.307,0.667,0.360,-2.659,-1.310,-0.400,-0.950,-1.350,0.000,24590,12291,12299
133,David Wesley,2010,-1.690,-0.550,1.520,-0.230,0.160,-0.630,0.090,-0.780,-1.290,0.510,-0.717,-0.469,-0.248,-0.023,1.700,-0.100,-1.210,-0.130,-0.460,0.670,-1.100,0.230,0.660,-0.430,0.026,0.214,-0.188,-0.076,-1.497,0.256,-1.520,0.180,-1.350,-0.010,9851,4909,4942
200801,Hassan Adams,2010,1.320,-0.010,-0.770,-0.600,-0.550,0.450,0.060,-0.900,-0.370,-0.530,-0.189,-0.407,0.218,-0.331,0.080,-0.200,-0.100,0.080,0.030,0.100,-0.320,0.190,0.260,-0.070,0.363,0.479,-0.116,-0.493,-1.089,0.553,-1.420,0.060,-1.360,-0.000,2039,1012,1027
101190,Matt Walsh,2010,-0.300,-0.080,0.160,-0.090,0.150,-0.180,-0.520,-0.660,-0.450,-0.210,-0.188,-0.080,-0.108,-0.032,0.040,-0.150,-0.200,-0.040,0.180,-0.060,-0.360,-0.520,-0.390,-0.130,-0.044,-0.023,-0.021,0.084,-0.848,-0.564,-0.880,-0.480,-1.360,0.000,18,9,9
2558,Reece Gaines,2010,-0.450,-0.080,0.190,-0.230,0.280,-0.040,0.030,-0.510,-0.360,-0.150,-0.002,0.167,-0.169,-0.128,0.140,-0.120,-0.260,-0.070,0.140,-0.040,-0.170,-0.340,-0.200,-0.140,-0.150,-0.045,-0.105,-0.240,-0.512,-0.490,-0.640,-0.730,-1.380,-0.010,158,77,81
200761,Shawne Williams,2010,-1.230,1.000,2.270,-0.690,-1.020,-0.150,-0.310,-0.450,0.280,-0.730,-0.247,-0.155,-0.092,0.127,0.330,0.210,-0.580,0.250,0.260,-0.150,0.360,-0.340,0.470,-0.810,-0.349,-0.245,-0.104,-0.121,-0.697,-0.689,-0.570,-0.810,-1.380,0.000,6573,3281,3292
2033,Marcus Fizer,2010,-0.490,-0.030,0.120,-0.110,0.390,-0.110,-0.710,-0.700,-0.470,-0.230,0.053,-0.068,0.121,-0.163,0.160,-0.090,-0.370,-0.070,0.230,-0.160,-0.570,-0.640,-0.560,-0.080,-0.110,0.011,-0.121,0.190,-0.647,-0.750,-0.810,-0.560,-1.380,-0.010,142,72,70
1498,Antonio Daniels,2010,-0.510,0.500,1.350,-0.310,-0.850,-1.020,-1.240,1.280,-0.090,1.370,0.626,0.315,0.311,-1.306,-0.280,-1.380,-1.070,-0.300,1.360,0.080,-1.180,-2.030,-1.980,-0.050,0.457,0.319,0.138,-0.407,1.906,-1.573,0.600,-1.980,-1.380,-0.000,28814,14412,14402
201802,Oliver Lafayette,2010,-0.310,-0.080,0.230,-0.110,0.090,-0.200,-0.250,-0.660,-0.460,-0.200,0.026,0.050,-0.024,-0.186,0.120,-0.140,-0.300,-0.060,0.200,-0.120,-0.400,-0.490,-0.440,-0.050,-0.103,-0.028,-0.075,0.023,-0.634,-0.593,-0.820,-0.570,-1.390,0.000,76,38,38
689,Theo Ratliff,2010,-0.420,-0.420,-0.990,-0.220,1.400,-0.250,-2.560,-0.800,-0.460,-0.340,-1.397,-0.545,-0.852,0.337,0.370,1.540,0.470,0.130,-0.830,-0.990,-0.360,0.900,0.650,0.250,-0.253,-0.422,0.169,-0.197,-2.197,0.647,-1.860,0.450,-1.400,0.010,12147,6067,6080
702,Voshon Lenard,2010,-0.320,-0.130,1.630,-0.470,-1.300,0.010,0.280,-1.170,-0.490,-0.680,-0.458,-0.243,-0.215,0.148,-0.340,0.160,-0.060,0.070,0.420,-0.240,0.200,-0.460,-0.300,-0.160,0.459,0.126,0.333,0.081,-1.628,-0.001,-1.480,0.080,-1.400,0.000,1716,862,854
2668,Josh Davis,2010,-0.070,-0.240,0.120,-0.210,-0.040,-0.180,-0.560,-0.870,-0.690,-0.180,-0.115,-0.032,-0.083,0.065,0.090,-0.080,-0.200,-0.100,0.130,-0.050,-0.100,-0.470,-0.370,-0.100,0.051,0.054,-0.003,-0.071,-0.985,-0.419,-0.920,-0.490,-1.410,0.000,67,31,36
1519,John Thomas,2010,-0.530,-0.130,0.340,0.070,0.210,-0.070,0.180,-0.430,-0.090,-0.340,-0.784,-0.432,-0.352,0.444,0.230,-0.090,-0.240,-0.030,0.020,-0.220,-0.120,-0.790,-0.730,-0.060,0.248,0.261,-0.013,-0.108,-1.214,-0.542,-0.770,-0.650,-1.420,0.000,639,320,319
1908,Jumaine Jones,2010,-1.610,-0.900,2.930,-0.440,-1.330,-0.050,0.910,-1.390,-0.630,-0.760,0.317,-0.286,0.603,0.703,-1.020,-0.950,0.150,0.180,0.880,-0.360,-1.240,-1.310,-1.390,0.080,0.579,0.098,0.481,-0.309,-1.073,-0.731,-0.370,-1.040,-1.420,-0.010,8516,4226,4290
1639,ID_1639,2010,-0.290,-0.100,0.200,-0.090,0.110,-0.130,-0.440,-0.730,-0.600,-0.130,-0.039,-0.004,-0.035,-0.081,0.010,-0.130,-0.210,0.010,0.210,-0.040,-0.300,-0.330,-0.220,-0.110,-0.064,-0.023,-0.041,-0.186,-0.769,-0.394,-0.850,-0.580,-1.420,0.010,13,5,8
2554,Mickael Pietrus,2010,-0.360,0.040,3.200,-1.190,-2.830,-1.230,-2.040,-1.600,-1.430,-0.170,-0.157,0.289,-0.446,0.527,-0.650,0.270,0.000,0.130,0.650,0.150,1.390,-0.420,0.050,-0.470,0.310,-0.081,0.391,-0.090,-1.757,-0.110,-1.230,-0.200,-1.430,0.000,32867,16429,16438
2573,Maciej Lampe,2010,-0.170,-0.020,0.050,-0.100,0.130,-0.320,-0.640,-0.720,-0.530,-0.190,-0.263,-0.106,-0.157,-0.017,0.110,-0.070,-0.190,-0.070,0.100,-0.120,-0.360,-0.520,-0.450,-0.070,0.038,0.010,0.028,0.062,-0.983,-0.482,-1.000,-0.420,-1.430,-0.010,98,51,47
2434,Juan Carlos Navarro,2010,-0.970,0.510,4.370,0.110,-3.400,-0.190,0.260,0.920,1.380,-0.460,0.363,-0.063,0.426,-0.463,-1.020,-1.120,0.220,0.120,0.800,-0.430,-1.120,-2.130,-2.430,0.300,-0.256,-0.000,-0.256,0.126,1.283,-2.386,0.820,-2.260,-1.440,0.000,8300,4160,4140
1520,Charles Smith,2010,-0.390,-0.520,1.210,-0.150,-0.810,-0.010,1.090,-1.370,-0.890,-0.480,0.435,0.217,0.218,-0.385,-0.270,-0.140,-0.020,-0.000,0.310,0.080,0.220,-0.450,-0.260,-0.190,0.210,0.400,-0.190,0.120,-0.935,-0.240,-1.320,-0.120,-1.450,-0.010,779,397,382
200782,P.J. Tucker,2010,-0.160,-0.200,0.200,-0.160,-0.030,-0.440,-0.920,-1.550,-1.320,-0.230,0.040,0.095,-0.055,0.490,0.140,-0.170,-0.260,-0.040,0.140,-0.180,-0.080,-0.560,-0.440,-0.120,0.007,-0.034,0.041,0.133,-1.510,-0.553,-1.020,-0.420,-1.450,-0.010,315,156,159
101147,Chris Taft,2010,-0.180,-0.170,0.200,-0.090,-0.010,-0.260,-0.130,-1.130,-0.780,-0.350,-0.399,-0.071,-0.328,0.299,-0.120,-0.190,-0.010,-0.090,0.140,-0.070,-0.590,-0.420,-0.450,0.030,0.274,0.150,0.124,-0.074,-1.529,-0.146,-1.230,-0.220,-1.450,0.000,576,290,286
201189,Aaron Gray,2010,1.120,-0.870,-1.010,0.470,-0.060,-0.400,-0.020,-1.170,-0.360,-0.810,-1.580,-1.215,-0.365,1.830,0.690,-0.290,-0.170,-0.020,-0.510,-0.020,-0.990,-0.770,-0.610,-0.160,-0.502,0.095,-0.597,0.732,-2.750,-1.272,-0.920,-0.540,-1.460,0.000,6281,3148,3133
2553,Jarvis Hayes,2010,-2.720,1.000,3.260,0.090,-0.550,-0.680,2.340,-0.650,-0.170,-0.480,0.701,0.318,0.383,-0.211,0.110,-0.320,-0.790,0.000,0.680,0.240,0.060,-0.660,0.030,-0.690,-0.146,0.061,-0.207,-0.494,0.051,-0.806,-0.160,-1.300,-1.460,0.000,24044,12025,12019
1711,Raef LaFrentz,2010,-0.050,-0.300,1.800,-0.370,-1.760,0.520,1.700,-0.150,0.450,-0.600,0.085,-0.276,0.361,-0.415,-0.200,0.060,0.150,-0.420,0.060,-0.260,-1.360,-0.800,-0.770,-0.030,0.094,-0.288,0.382,-0.284,-0.065,-0.706,-0.480,-0.990,-1.460,0.010,10089,5057,5032
201953,Eric Maynor,2010,-0.740,0.170,0.030,-0.070,0.720,-0.540,-0.810,-1.350,-0.960,-0.390,-0.792,-0.020,-0.772,-0.258,0.350,-0.040,-0.080,0.430,-0.270,0.290,1.630,1.270,1.580,-0.310,-0.134,0.030,-0.164,-0.196,-2.142,1.136,-2.400,0.940,-1.460,0.000,5002,2493,2509
101137,Daniel Ewing,2010,-1.960,0.390,0.390,-1.030,1.560,-0.120,-2.610,-1.300,-1.670,0.370,0.111,-0.035,0.146,-0.641,-0.300,0.450,0.100,0.210,0.220,0.270,0.120,0.190,0.520,-0.330,0.299,0.219,0.080,-0.119,-1.189,0.489,-1.830,0.370,-1.460,0.000,6156,3063,3093
200818,Justin Williams,2010,0.460,-0.610,-0.680,0.030,0.230,0.050,-1.920,-0.490,0.220,-0.710,-0.175,0.034,-0.209,0.765,-0.550,-0.180,-0.390,-0.250,0.960,-0.140,-1.290,-1.140,-0.920,-0.220,-0.194,-0.035,-0.159,-0.226,-0.665,-1.334,0.100,-1.560,-1.460,0.000,1826,909,917
201988,Patty Mills,2010,-0.120,-0.150,0.420,-0.060,-0.290,-0.110,-0.280,-0.480,-0.350,-0.130,-0.011,0.109,-0.120,0.031,0.040,-0.220,-0.260,-0.050,0.240,-0.150,-0.300,-1.030,-0.850,-0.180,-0.161,-0.087,-0.074,0.191,-0.491,-1.191,-0.460,-1.000,-1.470,-0.010,175,90,85
201181,Chris Richard,2010,-0.040,-0.320,-0.300,-0.020,0.350,-0.600,-2.320,-1.570,-1.250,-0.320,-0.333,0.109,-0.442,1.243,0.280,-0.390,-0.210,0.220,-0.070,-0.240,0.390,-0.900,-0.780,-0.120,-0.012,0.021,-0.033,0.112,-1.903,-0.912,-0.660,-0.800,-1.470,-0.010,2919,1463,1456
200984,Lance Allred,2010,-0.370,-0.190,-0.020,-0.100,0.410,-0.230,-0.480,-0.820,-0.640,-0.180,0.016,0.015,0.001,-0.116,0.060,-0.170,-0.240,-0.040,0.200,-0.070,-0.460,-0.510,-0.420,-0.090,-0.027,-0.000,-0.027,-0.003,-0.804,-0.537,-0.920,-0.540,-1.470,-0.010,30,15,15
201234,Trey Johnson,2010,-0.070,-0.160,0.030,-0.060,0.040,-0.190,-0.420,-0.520,-0.400,-0.120,-0.188,-0.135,-0.053,-0.232,0.060,-0.150,-0.210,-0.040,0.170,-0.080,-0.360,-0.560,-0.460,-0.100,-0.037,-0.028,-0.009,0.067,-0.708,-0.597,-0.940,-0.530,-1.470,0.000,54,26,28
101249,John Lucas III,2010,-1.060,-0.040,1.710,-0.790,-0.640,-0.160,-2.190,-2.400,-2.060,-0.340,0.521,0.169,0.352,0.609,0.410,-0.100,-0.030,-0.210,-0.370,0.000,-0.370,-0.850,-0.670,-0.180,-0.064,0.052,-0.116,0.704,-1.879,-0.914,-1.270,-0.210,-1.480,0.000,1746,876,870
2050,Morris Peterson,2010,-1.450,-0.180,3.420,-0.000,-1.980,-0.010,1.300,-0.500,-0.020,-0.480,0.582,0.490,0.092,-0.432,-0.960,-1.490,0.930,-0.400,0.030,-1.030,-0.710,-1.860,-1.900,0.040,0.537,0.335,0.202,0.193,0.082,-1.323,-0.350,-1.130,-1.480,0.000,31503,15749,15754
1741,Jelani McCoy,2010,-0.260,-0.150,0.140,-0.160,0.130,0.060,-0.930,-0.330,-0.270,-0.060,-0.289,-0.105,-0.184,-0.281,0.120,-0.130,-0.190,-0.030,0.080,-0.080,-0.390,-0.500,-0.350,-0.150,-0.111,-0.070,-0.041,0.031,-0.619,-0.611,-0.900,-0.580,-1.480,0.000,129,66,63
201965,Jeff Ayres,2010,-1.060,-0.240,0.050,0.070,1.040,0.750,1.670,-0.110,0.370,-0.480,-0.189,0.085,-0.274,0.089,0.240,-0.220,-0.510,-0.240,0.290,-0.090,-0.860,-0.950,-0.840,-0.110,-0.191,0.028,-0.219,-0.129,-0.299,-1.141,-0.210,-1.270,-1.480,0.000,1452,723,729
2648,Ronald Dupree,2010,-0.260,-0.070,0.170,-0.320,0.090,-0.360,-0.570,-1.490,-0.810,-0.680,0.000,0.152,-0.152,0.330,-0.200,-0.320,-0.100,0.100,0.320,0.060,0.630,-0.500,-0.350,-0.150,0.203,0.188,0.015,-0.053,-1.490,-0.297,-1.160,-0.350,-1.500,0.010,1443,711,732
101177,Fabricio Oberto,2010,-2.270,0.420,-1.300,0.670,3.570,-0.740,1.860,-1.950,-0.730,-1.220,-0.148,-0.333,0.185,0.078,1.770,-0.480,0.420,0.110,-2.190,-0.210,1.030,1.310,1.230,0.080,-0.560,-0.375,-0.185,-0.230,-2.098,0.750,-2.020,0.520,-1.500,0.000,20409,10164,10245
101155,Ryan Gomes,2010,-1.970,-0.670,0.100,1.320,1.860,-0.220,1.080,-0.480,-0.430,-0.050,0.220,0.001,0.219,-0.180,-0.910,-1.720,0.590,-0.050,0.300,-0.380,-0.940,-0.980,-1.160,0.180,-0.530,0.115,-0.645,0.440,-0.260,-1.510,-0.440,-1.070,-1.510,0.000,41281,20625,20656
468,Jon Barry,2010,-0.100,-0.590,0.710,0.220,-0.610,-0.360,-0.580,-0.050,-0.110,0.060,-0.266,-0.212,-0.054,-0.154,0.260,0.050,-0.400,-0.180,0.160,-0.250,-1.300,-0.710,-0.690,-0.020,0.105,0.175,-0.070,-0.445,-0.316,-0.605,-0.470,-1.050,-1.520,0.000,1237,619,618
201193,Demetris Nichols,2010,-0.400,-0.160,0.710,-0.230,-0.290,-0.180,-0.450,-1.110,-0.790,-0.320,0.030,0.095,-0.065,-0.120,0.080,-0.010,-0.230,0.010,0.160,-0.070,-0.020,-0.230,-0.080,-0.150,-0.087,-0.022,-0.065,-0.013,-1.080,-0.317,-1.200,-0.330,-1.530,0.000,215,109,106
201161,Daequan Cook,2010,-2.480,-1.210,4.320,0.080,-1.820,-1.250,-0.500,-2.270,-1.670,-0.600,1.127,0.916,0.211,0.323,-0.110,-0.100,-0.600,-0.050,0.710,0.280,0.490,-0.200,0.810,-1.010,0.221,-0.027,0.248,-0.731,-1.143,0.021,-0.820,-0.710,-1.530,0.000,14892,7447,7445
201148,Brandan Wright,2010,-0.070,0.470,-2.410,-0.560,2.480,0.120,-1.080,-1.570,-1.020,-0.550,0.035,0.305,-0.270,0.555,0.130,-0.020,0.020,-0.070,-0.140,0.180,-1.250,1.170,0.740,0.430,-0.507,0.153,-0.660,-1.213,-1.535,0.663,-0.980,-0.550,-1.530,0.000,4304,2148,2156
1763,Ryan Bowen,2010,-0.630,-0.560,-0.630,-0.240,1.270,-0.720,-0.600,-3.180,-2.500,-0.680,0.280,0.447,-0.167,1.170,1.170,0.090,-0.300,-0.080,-0.860,-0.020,-0.200,-0.180,0.150,-0.330,0.038,0.241,-0.203,0.332,-2.900,-0.142,-1.730,0.190,-1.540,0.000,5524,2736,2788
448,Bo Outlaw,2010,-0.400,0.240,-1.480,-0.250,1.890,-0.280,-1.750,-1.170,-0.970,-0.200,-1.054,-0.471,-0.583,0.804,0.690,-0.180,-0.460,-0.120,-0.230,0.110,-0.120,0.160,0.290,-0.130,0.716,0.180,0.536,-1.006,-2.224,0.876,-1.420,-0.130,-1.540,0.010,2894,1440,1454
2669,Linton Johnson,2010,-0.940,-0.400,-1.280,0.040,2.230,-0.110,-0.060,-1.310,-0.730,-0.580,-0.264,-0.434,0.170,0.744,0.120,-0.130,-0.910,-0.160,0.800,-0.160,-0.760,-1.190,-0.760,-0.430,0.180,0.019,0.161,0.300,-1.574,-1.010,-0.830,-0.710,-1.540,0.000,4979,2483,2496
2413,Juan Dixon,2010,-0.730,0.590,-0.350,-1.020,1.090,-0.320,-2.740,-0.320,-0.620,0.300,0.547,0.105,0.442,-1.157,-0.000,0.370,-0.620,0.370,0.630,-0.680,0.620,-1.160,-0.500,-0.660,0.090,0.103,-0.013,0.450,0.227,-1.070,-0.930,-0.620,-1.550,-0.000,19903,9944,9959
714,Michael Finley,2010,-3.270,0.170,2.880,0.640,0.390,0.690,2.020,0.480,0.830,-0.350,0.963,0.403,0.560,-1.043,0.110,0.060,0.820,-0.570,-0.940,-0.150,0.930,-0.940,-0.930,-0.010,-1.006,-0.648,-0.358,-0.004,1.443,-1.946,0.400,-1.950,-1.550,-0.000,37877,19028,18849
2224,Jamaal Tinsley,2010,0.300,0.030,-1.630,-0.960,1.330,-0.280,-0.520,-1.330,-1.150,-0.180,0.012,-0.416,0.428,-0.352,0.320,0.540,-0.190,0.320,-0.130,-0.290,0.640,-0.260,0.100,-0.360,0.535,0.180,0.355,-0.175,-1.318,0.275,-1.670,0.100,-1.570,0.000,20168,10121,10047
2446,Rasual Butler,2010,-1.640,-0.400,1.180,-0.560,0.460,-0.050,-0.980,-1.660,-1.320,-0.340,-0.328,0.463,-0.791,0.058,-0.810,0.980,0.270,0.220,0.530,0.370,0.260,1.550,1.510,0.040,-0.644,-0.547,-0.097,-0.546,-1.988,0.906,-1.930,0.360,-1.570,0.000,38296,19107,19189
2684,Melvin Sanders,2010,-0.670,-0.270,0.050,-0.180,0.640,0.140,-0.330,-0.860,-0.560,-0.300,-0.370,-0.157,-0.213,0.060,-0.250,-0.160,-0.020,-0.040,0.290,0.020,-0.010,-0.470,-0.300,-0.170,0.105,0.068,0.037,-0.045,-1.230,-0.365,-1.170,-0.410,-1.580,-0.000,406,199,207
960,Tony Delk,2010,-0.750,0.270,0.210,-0.140,0.550,-0.830,0.030,-1.770,-0.930,-0.840,0.743,0.315,0.428,0.697,-0.100,-0.100,-0.200,-0.120,0.320,-0.480,0.110,-1.710,-1.670,-0.040,-0.165,0.032,-0.197,0.625,-1.027,-1.875,-0.330,-1.250,-1.580,0.000,1881,929,952
1761,Greg Buckner,2010,-0.890,-0.940,1.680,-0.410,-0.790,-0.140,-1.330,-1.500,-1.710,0.210,-0.229,-0.069,-0.160,0.359,0.530,-1.130,-0.520,0.000,-0.000,0.220,0.230,-1.770,-0.680,-1.090,0.605,0.225,0.380,0.945,-1.729,-1.165,-1.370,-0.220,-1.590,0.000,17563,8730,8833
201962,Toney Douglas,2010,-0.730,-0.680,3.180,0.320,-2.440,-0.100,0.110,0.100,0.090,0.010,-0.067,0.137,-0.204,0.267,-0.850,-0.160,-0.230,0.040,1.090,-0.690,-0.590,-1.940,-1.590,-0.350,0.206,0.039,0.167,-0.166,0.033,-1.734,0.300,-1.900,-1.600,-0.000,4183,2095,2088
201590,Donte Greene,2010,-0.530,0.450,0.590,-0.300,-0.060,-0.250,-1.020,-0.490,-0.290,-0.200,-0.456,-0.340,-0.116,-0.564,-0.110,-0.120,-0.000,-0.180,0.110,0.200,0.090,-0.410,-0.380,-0.030,-0.035,0.042,-0.077,0.355,-0.946,-0.445,-1.510,-0.090,-1.600,-0.000,9081,4539,4542
200971,Dontell Jefferson,2010,0.050,-0.270,-0.290,-0.130,0.240,-0.250,-1.000,-0.630,-0.570,-0.060,-0.045,-0.081,0.036,-0.455,0.270,-0.080,-0.450,-0.060,0.200,-0.010,-0.490,-0.450,-0.370,-0.080,-0.089,-0.074,-0.015,0.069,-0.675,-0.539,-1.130,-0.470,-1.600,0.000,288,145,143
201948,Austin Daye,2010,0.700,-0.350,0.170,-0.410,-0.860,-0.490,-0.860,-1.540,-1.230,-0.310,-0.158,-0.033,-0.125,1.038,-0.290,-0.770,-0.880,0.180,1.190,-0.210,-0.750,-1.020,-0.630,-0.390,0.160,0.005,0.155,-0.070,-1.698,-0.860,-0.660,-0.930,-1.600,-0.010,3322,1671,1651
1960,Milt Palacio,2010,1.630,0.020,-1.490,-0.370,-0.130,-1.710,-1.950,-1.070,-1.120,0.050,-0.832,0.172,-1.004,0.172,0.170,-0.030,-0.170,-0.110,0.010,0.480,0.990,0.100,0.490,-0.390,0.131,-0.006,0.137,-0.111,-1.902,0.231,-1.730,0.120,-1.610,0.000,4959,2461,2498
201569,Eric Gordon,2010,2.490,-0.230,1.380,0.220,-3.860,-0.770,1.990,1.810,0.920,0.890,-0.679,-0.393,-0.286,-0.281,-1.230,-0.260,0.260,0.010,0.970,-0.820,-2.750,-2.400,-2.260,-0.140,-0.353,-0.167,-0.186,0.293,1.131,-2.753,0.850,-2.460,-1.610,-0.000,18407,9235,9172
201946,Tyler Hansbrough,2010,-1.250,-0.690,-0.840,-0.600,2.110,-0.220,-1.750,-1.090,-1.340,0.250,0.290,0.356,-0.066,-0.500,0.160,-0.100,-0.040,-0.090,-0.120,-0.140,0.520,-0.840,-0.670,-0.170,0.055,-0.136,0.191,0.485,-0.800,-0.785,-1.300,-0.300,-1.610,-0.010,1977,987,990
101181,Jose Calderon,2010,-0.280,-0.230,1.840,0.280,-1.570,0.140,1.960,0.200,-0.030,0.230,1.186,0.496,0.690,-0.706,-1.000,-0.610,-1.000,-0.120,2.000,-0.870,-1.600,-2.410,-1.980,-0.430,-0.106,-0.028,-0.078,0.226,1.386,-2.516,0.680,-2.290,-1.610,0.000,37437,18796,18641
201573,Jerryd Bayless,2010,1.900,-0.730,-1.680,-0.400,-0.200,-0.220,-3.200,-1.170,-1.780,0.610,0.047,0.347,-0.300,1.153,-0.290,-0.810,0.020,0.180,0.280,0.120,-0.060,-0.310,-0.150,-0.160,-0.623,-0.378,-0.245,-0.707,-1.123,-0.933,0.030,-1.640,-1.610,-0.000,7643,3815,3828
358,Anfernee Hardaway,2010,-0.880,-0.160,-0.340,-0.170,1.230,-0.270,-1.420,-1.030,-1.260,0.230,-0.677,-0.309,-0.368,-0.633,0.430,-0.080,-0.800,0.030,0.400,0.360,0.230,0.200,0.380,-0.180,0.342,0.302,0.040,0.178,-1.707,0.542,-2.340,0.720,-1.620,-0.000,1434,724,710
101159,Dijon Thompson,2010,-0.470,-0.190,0.040,-0.060,0.440,0.040,-0.770,-0.670,-0.390,-0.280,-0.102,0.031,-0.133,-0.228,-0.030,-0.180,-0.200,-0.110,0.240,-0.050,-0.050,-0.590,-0.500,-0.090,0.028,-0.052,0.080,-0.058,-0.772,-0.562,-1.000,-0.620,-1.620,-0.000,348,172,176
711,Jerry Stackhouse,2010,-0.890,-1.040,2.250,-0.700,-1.350,0.180,-0.470,0.240,-0.590,0.830,-0.591,-0.557,-0.034,-1.169,-1.030,1.010,0.160,0.380,0.870,-0.340,1.980,0.360,0.770,-0.410,-0.232,0.048,-0.280,-0.238,-0.351,0.128,-1.520,-0.110,-1.620,0.010,24575,12313,12262
2852,Awvee Storey,2010,0.080,0.070,-0.810,-0.360,0.730,-0.530,-0.760,-2.500,-1.900,-0.600,-0.161,-0.408,0.247,1.721,0.200,-0.090,-0.470,-0.020,0.290,-0.260,-0.640,-0.680,-0.620,-0.060,0.023,0.184,-0.161,-0.033,-2.661,-0.657,-0.940,-0.690,-1.630,0.000,1428,714,714
2401,Nikoloz Tskitishvili,2010,-0.510,-0.350,0.190,-0.220,0.340,-0.240,-0.950,-1.120,-0.830,-0.290,-0.177,-0.065,-0.112,0.267,0.270,-0.240,-0.240,-0.030,-0.020,0.030,-0.340,-0.250,-0.190,-0.060,-0.240,-0.017,-0.223,-0.120,-1.297,-0.490,-1.030,-0.610,-1.640,0.000,398,194,204
200790,Marcus Vinicius,2010,0.050,-0.010,0.360,-0.060,-0.400,0.300,0.060,0.340,0.530,-0.190,-0.810,-0.211,-0.599,-0.290,0.340,-0.120,-0.440,-0.120,0.120,-0.280,-0.640,-1.040,-0.990,-0.050,-0.103,-0.135,0.032,0.263,-0.470,-1.143,-0.760,-0.880,-1.640,0.000,621,312,309
201952,Jeff Teague,2010,1.130,-0.180,-0.530,-0.320,-0.600,-0.200,-0.700,-0.710,-0.270,-0.440,-0.134,0.225,-0.359,0.374,-0.830,-0.120,0.150,0.060,0.700,-0.390,-0.740,-1.430,-1.080,-0.350,0.641,0.260,0.381,-0.381,-0.844,-0.789,-0.470,-1.170,-1.640,0.000,2924,1448,1476
2567,Brian Cook,2010,-1.760,-0.550,1.020,0.590,0.750,-0.200,2.110,-0.390,0.510,-0.900,-0.036,-0.118,0.082,-0.544,0.650,-0.230,-0.130,-0.420,-0.500,-0.100,-0.690,-1.240,-1.090,-0.150,0.143,0.146,-0.003,0.427,-0.426,-1.097,-0.970,-0.670,-1.640,0.000,13338,6697,6641
200783,Craig Smith,2010,1.460,0.080,-1.770,-0.730,0.320,0.550,0.210,-1.320,-0.540,-0.780,-1.304,0.020,-1.324,1.404,2.020,-0.900,-1.500,0.140,-0.500,-0.320,-1.780,-0.490,-0.450,-0.040,0.094,0.233,-0.139,-0.024,-2.624,-0.396,-1.220,-0.420,-1.640,0.000,21301,10661,10640
202132,Cedric Jackson,2010,-0.010,-0.200,0.260,-0.210,-0.240,-0.260,-1.260,-0.860,-0.680,-0.180,-0.293,-0.227,-0.066,-0.187,0.120,-0.160,-0.150,-0.060,0.050,0.010,-0.010,-0.180,-0.080,-0.100,-0.066,0.014,-0.080,-0.044,-1.153,-0.246,-1.340,-0.290,-1.640,-0.010,279,138,141
101178,Arvydas Macijauskas,2010,-0.370,-0.050,0.330,-0.160,0.050,-0.450,-1.760,-1.120,-1.050,-0.070,-0.115,-0.112,-0.003,-0.095,0.120,-0.100,-0.380,-0.020,0.280,-0.080,-0.010,-0.460,-0.400,-0.060,0.050,-0.013,0.063,0.100,-1.235,-0.410,-1.330,-0.310,-1.640,0.000,456,232,224
923,Donyell Marshall,2010,0.950,0.030,4.540,-0.480,-5.480,-0.860,-0.240,0.980,1.080,-0.100,-0.682,-0.211,-0.471,-0.928,-0.180,-0.140,0.110,0.170,0.080,-0.080,-0.520,-0.750,-0.480,-0.270,-0.124,-0.258,0.134,-0.146,0.298,-0.874,-0.630,-1.020,-1.650,0.000,16796,8428,8368
2804,Andres Nocioni,2010,-0.640,-1.180,2.710,0.810,-2.070,0.410,0.400,1.010,0.850,0.160,-0.038,0.303,-0.341,-0.812,-0.190,-0.640,-0.410,0.340,0.610,-0.050,-0.520,-1.020,-0.390,-0.630,-0.057,-0.280,0.223,-0.743,0.972,-1.077,0.160,-1.820,-1.660,0.000,36356,18205,18151
201980,Danny Green,2010,0.030,-0.050,0.680,-0.380,-0.710,-0.130,-0.360,-1.000,-0.850,-0.150,-0.397,-0.227,-0.170,0.477,-0.150,-0.130,-0.350,-0.020,0.520,-0.090,-0.550,-0.680,-0.530,-0.150,-0.079,0.016,-0.095,0.019,-1.397,-0.759,-0.920,-0.740,-1.660,0.000,415,204,211
1916,Calvin Booth,2010,-1.880,0.690,-0.540,-0.860,2.430,-0.400,-2.150,-2.040,-1.920,-0.120,-0.252,-0.267,0.015,0.002,0.090,0.360,-0.450,0.320,0.370,-0.260,0.330,0.300,0.780,-0.480,0.372,0.125,0.247,-0.042,-2.292,0.672,-2.290,0.630,-1.660,0.000,3515,1773,1742
201961,Wayne Ellington,2010,-1.350,-0.010,-0.530,-0.200,1.890,-0.470,-2.540,-1.020,-0.870,-0.150,-0.290,-0.013,-0.277,-0.280,0.840,-0.210,-0.540,0.070,-0.300,-0.160,0.050,-0.140,-0.040,-0.100,-0.096,0.073,-0.169,0.156,-1.310,-0.236,-1.590,-0.080,-1.670,0.000,5404,2703,2701
101261,Andre Owens,2010,-0.320,-0.890,0.200,-0.090,0.150,-0.360,-2.620,-0.990,-0.460,-0.530,-1.092,-0.157,-0.935,0.102,0.670,-0.100,-0.380,0.000,-0.280,0.160,0.290,-0.520,-0.260,-0.260,0.018,-0.086,0.104,0.812,-2.082,-0.502,-1.980,0.310,-1.670,0.000,2255,1120,1135
201207,Coby Karl,2010,-0.260,0.040,1.070,-0.230,-0.790,-0.360,0.430,-1.590,-1.260,-0.330,-0.087,-0.298,0.211,0.367,-0.130,-0.040,-0.030,-0.060,0.170,-0.060,-0.230,-0.490,-0.520,0.030,0.000,0.011,-0.011,0.130,-1.677,-0.490,-1.310,-0.360,-1.680,-0.010,748,372,376
200848,Steven Smith,2010,-0.260,-0.210,0.080,-0.110,0.180,-0.240,-0.700,-1.070,-0.910,-0.160,-0.281,-0.112,-0.169,0.071,0.110,-0.090,-0.270,0.000,0.170,-0.160,-0.290,-0.450,-0.350,-0.100,-0.100,0.011,-0.111,0.150,-1.351,-0.550,-1.280,-0.400,-1.680,0.000,95,48,47
1594,Rick Brunson,2010,-0.010,-0.080,-0.550,-0.200,0.570,-0.160,-0.080,-1.000,-0.690,-0.310,-0.188,-0.302,0.114,-0.012,0.160,-0.100,-0.440,0.080,0.300,0.010,-0.100,-0.040,0.020,-0.060,-0.174,-0.140,-0.034,-0.266,-1.188,-0.214,-1.200,-0.480,-1.680,0.000,869,433,436
677,Eric Williams,2010,-1.810,0.170,0.350,0.130,1.480,0.060,-0.980,0.630,0.900,-0.270,-0.156,0.126,-0.282,-1.574,0.330,-0.480,-0.030,0.130,-0.280,0.030,0.100,-0.350,-0.020,-0.330,-0.214,-0.326,0.112,-0.026,0.474,-0.564,-1.100,-0.590,-1.690,0.000,1728,863,865
2198,Kwame Brown,2010,0.870,-0.100,-1.180,-0.490,0.310,0.620,-0.810,-1.140,0.080,-1.220,-1.723,-0.354,-1.369,0.583,0.170,-0.890,0.690,-0.150,-0.850,0.190,-2.300,0.910,0.160,0.750,0.114,-0.066,0.180,-0.434,-2.863,1.024,-2.280,0.590,-1.690,0.000,21757,10866,10891
201151,Acie Law,2010,1.660,-0.300,-0.850,-0.130,-0.800,-1.460,-2.340,-0.400,-1.000,0.600,-0.197,0.315,-0.512,-0.813,-0.070,-0.220,-0.020,0.250,0.100,0.090,0.040,0.320,0.100,0.220,-0.024,0.115,-0.139,-0.596,-0.597,0.296,-1.410,-0.300,-1.710,0.000,6502,3250,3252
101215,Will Conroy,2010,-0.040,-0.240,-0.010,-0.180,0.060,-0.290,-0.800,-1.290,-0.980,-0.310,-0.156,0.119,-0.275,0.156,0.280,-0.150,-0.330,-0.050,0.060,0.100,-0.480,-0.260,-0.080,-0.180,-0.109,0.053,-0.162,-0.061,-1.446,-0.369,-1.290,-0.430,-1.720,0.000,318,158,160
101120,Antoine Wright,2010,0.390,0.570,0.790,-0.880,-1.180,0.320,-0.850,0.060,0.540,-0.480,-0.726,-0.319,-0.407,-0.314,0.620,-0.470,0.060,0.490,-0.680,-0.410,0.410,-0.500,0.190,-0.690,-0.012,-0.061,0.049,-0.238,-0.666,-0.512,-0.980,-0.750,-1.730,0.000,22505,11186,11319
2043,Mateen Cleaves,2010,-0.680,-0.270,0.620,0.050,0.080,-0.810,0.150,-1.560,-1.410,-0.150,0.065,0.107,-0.042,0.465,0.180,-0.130,-0.180,0.000,0.000,-0.110,-0.300,-0.600,-0.380,-0.220,-0.265,-0.147,-0.118,0.155,-1.495,-0.865,-1.030,-0.710,-1.740,0.000,836,419,417
673,Alan Henderson,2010,-0.240,0.040,-1.150,-0.540,1.410,-0.680,-2.950,-0.960,-0.840,-0.120,0.250,0.356,-0.106,-0.110,-0.030,-0.680,0.070,-0.100,-0.040,0.460,-0.120,-0.340,-0.170,-0.170,-0.095,0.036,-0.131,-0.495,-0.710,-0.435,-0.820,-0.930,-1.750,0.000,3476,1728,1748
201163,Wilson Chandler,2010,0.040,-0.130,1.050,-0.440,-1.090,0.040,-1.240,-1.340,-0.750,-0.590,0.408,0.337,0.071,-0.388,-0.060,-0.300,-0.420,0.350,0.490,-0.700,0.280,0.540,0.210,0.330,-0.631,-0.326,-0.305,-0.329,-0.932,-0.091,-1.320,-0.420,-1.750,-0.010,22409,11195,11214
201588,George Hill,2010,-0.120,-0.480,-0.710,0.340,0.840,-0.460,-0.780,-0.690,-0.490,-0.200,0.019,-0.230,0.249,-0.669,0.180,0.160,0.840,-0.130,-1.010,-0.430,1.620,-0.850,-0.420,-0.430,0.034,-0.099,0.133,0.396,-0.671,-0.816,-1.340,-0.420,-1.760,0.000,14566,7270,7296
2229,Mike James,2010,-1.150,-0.920,1.060,-0.040,0.090,-0.010,-0.830,-0.700,-0.630,-0.070,0.690,0.357,0.333,-0.660,0.100,-1.030,-0.080,0.040,-0.020,-0.510,-0.180,-1.130,-0.920,-0.210,-0.357,-0.437,0.080,0.387,-0.010,-1.487,-0.670,-1.100,-1.760,0.010,27710,13868,13842
101107,Marvin Williams,2010,0.000,-0.520,-3.450,-0.230,3.460,0.430,-1.740,-0.250,-0.740,0.490,0.161,0.426,-0.265,-0.751,-1.470,-0.470,0.900,-0.300,0.570,0.280,-0.980,-0.670,-0.550,-0.120,0.197,0.120,0.077,-0.477,-0.089,-0.473,-0.840,-0.950,-1.790,0.000,45111,22529,22582
2557,Luke Ridnour,2010,-2.040,-0.430,-0.420,-0.730,2.450,0.950,-0.140,-0.250,-0.400,0.150,0.428,-0.196,0.624,-0.108,0.040,-0.930,-0.560,-0.820,0.520,0.050,-0.460,-1.820,-1.410,-0.410,0.380,0.046,0.334,-0.430,0.178,-1.440,0.070,-1.870,-1.800,0.000,37059,18547,18512
101209,Devin Green,2010,-0.060,-0.270,0.190,-0.190,-0.120,-0.650,-2.170,-0.930,-0.940,0.010,-0.100,-0.031,-0.069,0.030,-0.270,-0.190,-0.080,0.080,0.380,-0.100,0.510,-0.440,-0.250,-0.190,-0.052,-0.048,-0.004,-0.318,-1.030,-0.492,-1.000,-0.810,-1.810,0.000,478,236,242
2809,Gerald Fitch,2010,-0.600,-0.320,0.100,-0.040,0.520,-0.460,-0.240,-1.590,-1.190,-0.400,0.060,-0.530,0.590,-0.020,0.240,0.080,-0.060,0.180,-0.170,-0.290,-0.090,-0.230,-0.110,-0.120,-0.221,-0.121,-0.100,0.191,-1.530,-0.451,-1.550,-0.260,-1.810,-0.000,893,447,446
2679,Matt Carroll,2010,-0.810,-1.610,1.820,-0.170,-1.010,-0.450,-0.740,-0.840,-1.160,0.320,0.516,0.380,0.136,-0.496,-0.920,0.030,-0.080,0.200,1.000,-0.380,1.660,-1.460,-0.760,-0.700,-0.090,0.169,-0.259,0.550,-0.324,-1.550,-0.820,-1.000,-1.810,0.010,22129,11063,11066
200771,Sergio Rodriguez,2010,1.670,0.000,0.770,-0.210,-2.440,0.350,3.200,0.770,1.560,-0.790,-1.263,-0.304,-0.959,0.123,-0.270,-0.620,-0.110,-0.210,0.390,-0.280,-2.350,-1.940,-1.830,-0.110,0.358,0.431,-0.073,0.122,-0.493,-1.582,-0.370,-1.460,-1.840,-0.010,13867,6948,6919
2737,Rafael Araujo,2010,-0.430,-0.300,-1.760,-0.260,2.210,-0.360,-1.320,-1.290,-0.750,-0.540,-0.590,-0.042,-0.548,-0.380,0.840,-0.860,0.700,0.080,-1.540,0.130,-0.360,-0.440,-0.340,-0.100,0.034,-0.146,0.180,0.816,-1.880,-0.406,-2.260,0.410,-1.850,0.000,3235,1612,1623
201159,Javaris Crittenton,2010,3.130,-0.240,-1.400,-0.740,-1.700,-0.220,-3.150,0.080,0.210,-0.130,-0.653,-0.099,-0.554,0.513,-0.450,-0.350,-0.660,0.150,1.120,-0.570,-1.760,-1.190,-1.030,-0.160,-0.339,-0.206,-0.133,-0.271,-0.573,-1.529,-0.060,-1.800,-1.850,0.010,6998,3486,3512
201957,Byron Mullens,2010,-0.420,-0.150,-0.100,0.040,0.530,-0.210,-0.210,-0.810,-0.530,-0.280,-0.049,-0.023,-0.026,-0.301,0.040,-0.080,-0.200,-0.010,0.170,-0.130,-0.010,-0.510,-0.350,-0.160,-0.110,-0.096,-0.014,-0.070,-0.859,-0.620,-1.160,-0.690,-1.850,0.000,225,110,115
2735,Josh Childress,2010,3.710,-1.730,-1.700,-0.120,-2.000,-0.540,-3.020,0.780,-0.410,1.190,-0.836,-0.237,-0.599,1.036,-2.730,0.820,0.590,-0.130,2.140,-0.250,0.180,-1.190,-1.190,0.000,-0.800,-0.211,-0.589,-0.840,-0.056,-1.990,0.980,-2.830,-1.850,-0.000,24724,12356,12368
202066,Garrett Temple,2010,-0.110,-0.080,0.160,-0.260,-0.030,-0.310,-1.340,-0.540,-0.700,0.160,-0.957,-0.453,-0.504,-0.213,0.320,-0.100,-0.200,-0.010,-0.100,-0.100,-0.450,-0.280,-0.140,-0.140,-0.006,-0.097,0.091,0.136,-1.497,-0.286,-1.710,-0.150,-1.860,-0.000,1346,673,673
200784,Bobby Jones,2010,-0.240,0.070,0.270,-0.250,0.010,-0.830,-2.040,-1.120,-0.940,-0.180,-0.731,-0.555,-0.176,-0.539,0.180,-0.260,-1.330,0.100,1.170,0.040,-0.220,-0.150,-0.110,-0.040,0.457,0.128,0.329,0.223,-1.851,0.307,-2.390,0.530,-1.860,0.000,3266,1636,1630
2766,Antonio Burks,2010,0.310,-0.250,-1.100,0.090,0.800,-0.950,-2.000,-0.730,-0.360,-0.370,-0.647,-0.300,-0.347,-0.633,-0.160,-0.050,-0.250,0.080,0.430,0.160,-0.080,-0.050,0.220,-0.270,0.645,0.249,0.396,-0.445,-1.377,0.595,-2.010,0.150,-1.860,-0.000,1860,919,941
202130,Reggie Williams,2010,0.090,-0.350,1.390,0.490,-1.480,-0.040,0.080,0.710,0.800,-0.090,0.717,-0.205,0.922,-1.247,-0.550,-0.180,-0.600,-0.240,1.170,-0.310,-2.060,-1.890,-1.550,-0.340,-0.127,0.134,-0.261,-0.023,1.427,-2.017,0.180,-2.040,-1.870,-0.010,3174,1589,1585
1766,Maceo Baston,2010,-0.760,0.210,0.120,-0.150,0.660,0.080,-1.400,0.370,0.410,-0.040,-0.918,-0.663,-0.255,-0.772,0.490,-0.360,-0.550,-0.140,0.080,0.140,-0.650,-1.600,-1.060,-0.540,0.569,0.090,0.479,0.471,-0.548,-1.031,-1.320,-0.560,-1.880,0.000,2752,1365,1387
101189,James Singleton,2010,-0.910,-0.130,-0.850,-0.110,1.760,-1.680,-1.850,-3.160,-2.460,-0.700,-0.151,-0.540,0.389,1.401,0.290,0.420,-0.310,0.050,0.030,-0.120,0.260,0.410,0.480,-0.070,0.004,-0.212,0.216,-0.414,-3.311,0.414,-1.910,0.000,-1.910,0.000,11270,5589,5681
2601,Andreas Glyniadakis,2010,-0.510,-0.080,-0.080,-0.060,0.610,-0.220,-0.210,-0.230,-0.120,-0.110,-0.393,-0.162,-0.231,-0.647,-0.020,-0.160,-0.040,-0.040,0.070,-0.120,-0.260,-0.600,-0.470,-0.130,-0.058,0.030,-0.088,0.018,-0.623,-0.658,-1.270,-0.640,-1.920,-0.010,288,144,144
185,Chris Webber,2010,0.510,0.500,-2.930,-0.440,2.420,1.190,1.970,-0.200,0.540,-0.740,0.127,-0.022,0.149,-0.127,-0.390,-0.940,0.070,-0.640,0.330,-0.720,-3.430,-2.260,-2.630,0.370,0.462,0.225,0.237,0.068,-0.073,-1.798,-0.200,-1.730,-1.930,0.000,19468,9789,9679
201945,Gerald Henderson,2010,0.800,-0.450,-0.820,-0.380,0.030,-1.020,-3.000,-2.530,-2.620,0.090,0.481,0.101,0.380,-0.051,0.030,0.050,-0.840,-0.000,0.830,0.240,0.010,0.250,0.480,-0.230,0.329,0.069,0.260,-0.419,-2.049,0.579,-2.100,0.160,-1.940,0.000,1290,640,650
200762,Oleksiy Pecherov,2010,-1.020,-0.210,1.780,-0.810,-0.750,0.330,-1.480,-1.480,-1.190,-0.290,0.216,0.325,-0.109,0.844,-0.710,-0.320,-0.110,-0.170,0.820,-0.180,-2.040,-1.960,-2.000,0.040,-0.021,0.149,-0.170,0.461,-1.264,-1.981,-0.420,-1.520,-1.940,-0.000,3932,1986,1946
56,Gary Payton,2010,-1.260,0.420,1.610,-0.830,-0.360,-1.120,-0.770,-2.300,-1.810,-0.490,0.036,0.355,-0.319,0.584,0.730,0.670,-0.100,-0.400,-0.620,-0.100,-0.210,-0.190,-0.530,0.340,-0.606,-0.318,-0.288,0.526,-2.264,-0.796,-1.680,-0.270,-1.950,-0.000,15829,7901,7928
2449,Luis Scola,2010,0.820,-1.500,-1.920,0.200,1.110,0.430,1.040,-2.060,-1.300,-0.760,0.352,0.414,-0.062,0.928,-1.130,-0.450,1.830,-0.390,-0.720,-0.180,-0.910,-0.420,-0.820,0.400,-0.251,-0.267,0.016,-0.509,-1.708,-0.671,-0.780,-1.180,-1.960,0.000,29155,14567,14588
101238,Boniface Ndong,2010,-0.360,-0.450,-0.260,-0.110,0.640,0.020,0.120,-0.790,-0.400,-0.390,-0.131,-0.204,0.073,0.101,0.090,-0.200,-0.370,-0.150,0.310,-0.040,-0.910,-1.230,-0.950,-0.280,-0.137,-0.199,0.062,0.227,-0.921,-1.367,-0.820,-1.140,-1.960,-0.000,542,270,272
2109,Eddie Gill,2010,-0.750,-0.760,0.790,-0.180,-0.030,-0.510,-0.650,-1.900,-1.820,-0.080,0.025,-0.057,0.082,-0.125,0.000,0.060,-0.290,0.070,0.310,-0.020,0.740,-0.050,0.330,-0.380,0.034,0.017,0.017,0.036,-1.875,-0.016,-2.000,0.020,-1.980,0.000,1165,576,589
201634,DeMarcus Nelson,2010,0.130,-0.240,-0.050,-0.280,-0.080,-0.590,-1.730,-1.630,-1.310,-0.320,-0.205,0.144,-0.349,0.135,-0.290,-0.100,-0.060,0.020,0.370,-0.030,-0.010,-0.180,0.020,-0.200,-0.025,-0.058,0.033,-0.095,-1.835,-0.205,-1.700,-0.300,-2.000,-0.000,700,348,352
1909,Scott Padgett,2010,-0.960,-0.530,2.940,-0.610,-1.980,-0.600,0.000,-1.020,-0.810,-0.210,-0.625,0.009,-0.634,-0.305,0.380,-0.310,-1.110,0.040,0.740,0.300,0.820,-0.790,-0.340,-0.450,0.458,0.485,-0.027,0.282,-1.645,-0.332,-1.950,-0.050,-2.000,0.000,3338,1659,1679
2810,Andre Brown,2010,-0.530,-0.450,0.380,-0.060,0.160,-0.130,-0.760,-0.710,-0.360,-0.350,-0.344,-0.116,-0.228,0.484,-0.330,-0.300,-0.230,0.080,0.570,-0.100,-0.100,-0.250,-0.320,0.070,-0.404,-0.091,-0.313,-0.786,-1.054,-0.654,-0.570,-1.440,-2.010,0.000,2140,1072,1068
101166,Uros Slokar,2010,-0.530,-0.270,0.070,-0.280,0.480,-0.230,-0.620,-1.390,-1.360,-0.030,-0.007,-0.004,-0.003,0.047,-0.030,-0.190,-0.250,-0.080,0.300,-0.130,-0.480,-0.850,-0.800,-0.050,-0.097,0.040,-0.137,0.287,-1.397,-0.947,-1.350,-0.660,-2.010,0.000,272,140,132
201954,Darren Collison,2010,2.480,-0.450,-0.980,0.260,-1.490,-0.010,0.650,-0.420,-0.310,-0.110,-0.324,-0.481,0.157,0.424,-1.210,-1.130,0.060,0.380,1.170,-0.420,-1.550,-1.790,-1.680,-0.110,0.101,0.122,-0.021,-0.011,-0.744,-1.689,-0.320,-1.700,-2.010,0.010,8054,4033,4021
101154,Andray Blatche,2010,0.060,0.220,-2.230,-0.510,2.180,-0.910,-1.930,-2.510,-1.770,-0.740,-0.535,-0.305,-0.230,0.735,-0.110,-0.330,-1.190,-0.510,1.300,0.510,-1.750,-0.670,-0.600,-0.070,0.411,0.052,0.359,0.539,-3.045,-0.259,-2.310,0.280,-2.020,0.010,24472,12205,12267
988,Randy Livingston,2010,-0.510,-0.100,-0.000,-0.160,0.530,-0.330,-0.780,-1.290,-1.020,-0.270,-0.134,-0.034,-0.100,0.054,0.070,-0.150,-0.240,-0.030,0.180,-0.070,-0.490,-0.420,-0.300,-0.120,-0.117,0.027,-0.144,-0.123,-1.424,-0.537,-1.370,-0.660,-2.030,0.000,161,79,82
2243,Brian Scalabrine,2010,-1.680,-0.760,2.180,0.470,-0.510,-0.030,-1.190,0.070,0.360,-0.290,-1.138,-0.133,-1.005,-0.932,-1.140,0.120,0.460,0.300,0.670,0.470,0.720,0.100,0.570,-0.470,0.139,-0.223,0.362,-0.279,-1.068,0.239,-2.000,-0.040,-2.040,0.000,13697,6847,6850
201605,Nathan Jawai,2010,0.660,-0.740,-0.740,-0.280,0.080,-0.410,-2.740,-2.260,-2.200,-0.060,-0.561,-0.401,-0.160,0.961,0.030,-0.210,-0.440,0.170,0.430,-0.170,-1.000,-0.440,-0.410,-0.030,0.133,0.057,0.076,0.127,-2.821,-0.307,-1.860,-0.180,-2.040,0.000,1706,861,845
201180,Sun Sun,2010,-0.270,-0.160,0.090,-0.220,0.190,-0.230,-0.360,-1.050,-0.820,-0.230,-0.123,-0.135,0.012,0.043,-0.160,-0.230,-0.100,-0.070,0.280,-0.060,-0.320,-0.870,-0.640,-0.230,-0.080,-0.069,-0.011,0.010,-1.173,-0.950,-1.130,-0.940,-2.070,0.000,106,51,55
101156,Robert Whaley,2010,0.230,-0.240,-0.800,-0.240,0.580,-0.300,-0.280,-1.460,-0.990,-0.470,-0.336,-0.166,-0.170,0.146,0.000,-0.190,-0.180,0.140,0.200,0.090,0.260,-0.180,0.160,-0.340,-0.044,0.091,-0.135,-0.196,-1.796,-0.224,-1.650,-0.420,-2.070,0.000,719,357,362
2215,Jason Collins,2010,-1.750,-0.740,-1.990,-0.910,3.740,-0.200,-1.770,-3.980,-2.680,-1.300,-0.213,0.374,-0.587,-0.547,1.990,0.750,0.160,0.220,-2.150,-0.990,-0.360,1.210,0.640,0.570,0.328,-0.205,0.533,1.132,-4.193,1.538,-4.740,2.670,-2.070,-0.000,22490,11214,11276
101185,Rawle Marshall,2010,0.110,-0.540,-1.400,-0.070,1.290,-0.900,-3.420,-1.780,-1.620,-0.160,-0.626,-0.353,-0.273,-0.264,-0.210,0.120,0.340,-0.150,-0.120,0.250,0.120,-0.280,0.130,-0.410,0.388,-0.000,0.388,0.482,-2.406,0.108,-2.670,0.590,-2.070,0.010,2249,1116,1133
15,Eric Piatkowski,2010,-0.900,-0.220,1.160,-0.360,-0.240,-0.090,-0.110,-1.630,-0.790,-0.840,0.179,-0.304,0.483,-0.619,0.220,-0.080,-0.530,0.120,0.330,0.150,-0.250,-0.090,0.060,-0.150,-0.245,-0.197,-0.048,0.275,-1.451,-0.335,-2.070,-0.060,-2.130,0.000,1649,827,822
201172,Gabe Pruitt,2010,-0.560,-0.300,0.000,-0.240,0.570,-0.460,-1.100,-1.890,-1.410,-0.480,-0.411,-0.209,-0.202,0.461,0.150,-0.240,-0.040,0.180,-0.100,0.250,0.330,-0.170,0.170,-0.340,0.215,0.164,0.051,-0.325,-2.301,0.045,-1.840,-0.280,-2.130,-0.010,1706,858,848
2470,Smush Parker,2010,1.160,0.170,1.130,-0.570,-2.290,-0.110,-0.250,-0.150,-0.170,0.020,-0.684,-0.579,-0.105,-0.466,-1.150,-0.370,-0.340,-0.010,1.490,-0.330,-0.000,-0.730,-0.490,-0.240,0.095,-0.120,0.215,-0.215,-0.834,-0.635,-1.300,-0.850,-2.140,0.010,23473,11756,11717
1853,Anthony Carter,2010,1.310,1.120,0.040,-1.140,-1.350,0.010,2.480,-0.390,0.140,-0.530,-1.029,-1.007,-0.022,0.299,-0.260,1.050,-0.800,-0.370,1.060,-0.210,-1.080,-1.010,-0.800,-0.210,0.278,0.314,-0.036,-0.308,-1.419,-0.732,-1.120,-1.040,-2.160,-0.000,21776,10884,10892
258,Brian Grant,2010,-1.240,-0.450,-0.150,-0.050,1.420,0.300,0.270,-0.900,-0.610,-0.290,0.065,-0.197,0.262,-0.525,0.480,-0.200,-0.490,-0.140,0.020,-0.040,-0.840,-0.680,-0.720,0.040,-0.256,-0.130,-0.126,0.126,-0.835,-0.936,-1.360,-0.810,-2.160,0.010,1000,499,501
200792,Alexander Johnson,2010,0.140,0.100,-0.740,-0.040,0.600,0.600,-1.710,1.330,0.930,0.400,-0.628,-0.332,-0.296,-0.752,0.370,-0.830,-0.440,-0.150,0.070,-0.670,-1.890,-1.880,-1.720,-0.160,0.073,0.097,-0.024,-0.313,0.702,-1.807,-0.050,-2.120,-2.170,0.000,4896,2459,2437
201604,Chris Douglas-Roberts,2010,2.820,-0.180,-3.260,-0.580,0.470,-1.810,-3.880,-1.600,-1.870,0.270,-0.540,-0.081,-0.459,-0.440,-1.850,0.030,0.520,-0.210,1.330,0.210,-0.740,-0.200,-0.170,-0.030,0.510,0.236,0.274,0.100,-2.140,0.310,-2.580,0.410,-2.170,0.000,8538,4262,4276
200806,Damir Markota,2010,-0.450,-0.020,0.920,0.060,-0.460,-0.490,0.050,-0.300,-0.210,-0.090,-0.254,-0.365,0.111,-0.296,-0.340,-0.190,0.140,0.020,0.220,-0.130,-1.260,-0.770,-0.680,-0.090,-0.251,-0.025,-0.226,-0.309,-0.554,-1.021,-0.850,-1.330,-2.170,0.010,578,294,284
2876,Jared Reiner,2010,-0.210,-0.060,0.480,0.140,-0.260,-0.180,0.750,-0.100,0.100,-0.200,-0.739,-0.284,-0.455,0.129,-0.080,-0.470,-0.200,-0.080,0.290,-0.110,-1.280,-0.830,-0.720,-0.110,-0.265,-0.109,-0.156,-0.365,-0.839,-1.095,-0.710,-1.460,-2.180,-0.010,917,456,461
243,Aaron McKie,2010,-0.990,-0.200,0.090,-0.010,0.920,-0.430,-0.860,-1.430,-1.180,-0.250,-0.245,-0.034,-0.211,-0.085,0.390,0.080,-0.470,-0.120,0.100,-0.040,-0.280,-0.480,-0.370,-0.110,-0.196,0.002,-0.198,0.256,-1.675,-0.676,-1.760,-0.420,-2.180,-0.000,944,469,475
201599,DeAndre Jordan,2010,2.330,-0.570,-1.090,0.470,-1.220,-0.360,0.940,-0.210,0.860,-1.070,-1.739,-1.367,-0.372,1.709,-0.200,-0.540,-0.070,-0.330,0.260,-0.600,-4.200,-0.830,-1.160,0.330,-0.387,0.045,-0.432,-0.713,-1.949,-1.217,-0.240,-1.930,-2.180,-0.010,7121,3558,3563
201575,Brandon Rush,2010,-0.230,-0.680,1.720,-0.480,-1.480,-0.330,-1.500,-1.950,-1.690,-0.260,0.582,0.408,0.174,-0.262,-0.510,0.790,1.090,-0.300,-0.570,0.270,0.840,0.540,0.710,-0.170,-0.276,-0.098,-0.178,-0.814,-1.368,0.264,-1.630,-0.550,-2.180,-0.000,16623,8342,8281
200751,Randy Foye,2010,-1.640,-0.450,0.180,0.220,1.460,-0.190,-2.490,-0.820,-0.860,0.040,0.860,0.470,0.390,-0.500,0.700,-0.820,0.140,-0.020,-0.830,-0.440,0.030,-1.370,-0.940,-0.430,-0.476,-0.330,-0.146,0.116,0.040,-1.846,-0.460,-1.730,-2.190,0.000,27285,13658,13627
101214,Jawad Williams,2010,0.540,-0.130,0.720,0.010,-1.250,-0.280,0.240,-0.240,-0.050,-0.190,-0.405,-0.092,-0.313,0.435,0.530,-0.280,-0.700,-0.160,0.180,-0.120,-0.440,-1.220,-1.070,-0.150,-0.800,-0.086,-0.714,0.040,-0.645,-2.020,-0.210,-1.980,-2.190,0.000,2925,1452,1473
2867,Kasib Powell,2010,-0.380,-0.570,0.690,-0.390,-0.310,-0.390,-1.600,-1.960,-1.760,-0.200,-0.010,-0.042,0.032,-0.410,0.340,-0.040,-0.500,0.060,0.180,-0.040,-0.250,0.560,0.460,0.100,0.186,0.238,-0.052,-0.576,-1.970,0.746,-2.380,0.170,-2.200,0.010,1010,504,506
2552,Michael Sweetney,2010,0.090,-0.320,-1.390,0.310,1.310,-0.990,-0.490,-3.060,-1.910,-1.150,-1.229,-0.605,-0.624,0.549,0.480,0.650,0.450,0.120,-0.920,0.190,0.020,1.830,1.690,0.140,0.087,-0.331,0.418,-0.397,-4.289,1.917,-3.740,1.520,-2.220,-0.000,6546,3273,3273
2743,Kris Humphries,2010,-0.310,-1.850,-2.700,-0.240,3.000,-0.480,-1.280,-1.340,-0.930,-0.410,-0.170,0.112,-0.282,0.150,-0.200,-0.410,-0.700,0.230,0.910,-0.440,-1.500,-0.910,-0.790,-0.120,0.167,-0.076,0.243,-0.127,-1.510,-0.743,-1.360,-0.870,-2.220,0.010,13856,6896,6960
2775,Ha Ha,2010,-0.220,-0.130,-0.000,-0.080,0.240,-0.480,-0.740,-1.310,-1.020,-0.290,0.436,0.432,0.004,-0.136,-0.140,-0.090,-0.040,-0.130,0.180,-0.180,-0.720,-0.870,-0.830,-0.040,-0.075,0.053,-0.128,-0.265,-0.874,-0.945,-1.010,-1.210,-2.220,0.000,748,376,372
201577,Robin Lopez,2010,-0.430,-0.400,-2.720,-0.420,3.160,-0.030,-4.110,-2.800,-2.210,-0.590,-0.953,-0.631,-0.322,1.943,-0.150,0.750,0.070,-0.180,0.080,-0.300,-0.190,0.180,0.000,0.180,-0.564,-0.147,-0.417,-0.056,-3.753,-0.384,-1.810,-0.440,-2.250,-0.000,6603,3290,3313
200807,Will Blalock,2010,0.450,-0.630,-0.380,-0.240,-0.070,-0.950,-2.320,-2.330,-2.300,-0.030,-0.265,-0.225,-0.040,0.485,0.170,0.060,0.050,-0.020,-0.210,-0.100,-0.150,-0.020,0.120,-0.140,-0.004,0.047,-0.051,-0.136,-2.595,-0.024,-2.110,-0.160,-2.260,0.010,583,290,293
1716,Larry Hughes,2010,-0.310,-0.200,-0.330,0.160,0.650,-1.380,-1.670,-1.030,-0.960,-0.070,0.921,0.541,0.380,-0.741,-1.030,-0.850,0.160,-0.090,0.880,-0.790,-0.290,-1.750,-1.520,-0.230,0.558,0.476,0.082,-0.228,-0.109,-1.192,-0.850,-1.420,-2.270,0.000,35711,17801,17910
693,Joe Smith,2010,-3.120,-0.580,-3.500,-0.950,6.620,-0.410,-0.960,-3.740,-3.440,-0.300,0.529,0.302,0.227,1.151,0.860,-0.020,-0.160,0.190,-0.700,-0.900,-2.000,-0.230,-0.300,0.070,-0.226,-0.236,0.010,0.246,-3.211,-0.456,-2.060,-0.210,-2.270,0.000,22965,11476,11489
1904,Devean George,2010,-3.550,-0.180,2.540,-1.520,1.020,-0.170,-2.170,-2.350,-2.090,-0.260,0.268,0.435,-0.167,0.032,-0.120,-0.400,0.120,0.320,0.000,0.090,0.710,-0.450,-0.040,-0.410,0.476,-0.122,0.598,-0.286,-2.082,0.026,-2.050,-0.260,-2.310,0.000,20048,9998,10050
1607,Troy Hudson,2010,-1.150,-0.200,1.810,0.090,-0.670,-0.760,-1.300,0.130,0.400,-0.270,-0.315,0.557,-0.872,-0.875,-0.370,0.010,0.130,-0.160,0.260,0.070,-0.160,-1.150,-1.090,-0.060,0.048,-0.125,0.173,-0.158,-0.185,-1.102,-1.060,-1.260,-2.320,0.000,5279,2637,2642
200786,David Noel,2010,0.500,-0.960,0.110,0.500,-0.620,-0.040,0.110,0.860,1.150,-0.290,0.130,-0.082,0.212,-0.910,-0.300,-0.570,-0.130,-0.160,0.450,-0.240,-2.490,-2.040,-1.710,-0.330,-0.220,-0.012,-0.208,-0.150,0.990,-2.260,0.080,-2.410,-2.330,0.000,2991,1478,1513
200754,Mouhamed Sene,2010,0.210,-0.620,-0.510,-0.290,0.310,-0.150,-1.320,-1.410,-1.110,-0.300,-0.245,-0.100,-0.145,0.425,0.100,-0.100,-0.220,-0.270,0.130,-0.030,-0.400,-0.970,-0.770,-0.200,-0.075,-0.015,-0.060,-0.055,-1.655,-1.045,-1.230,-1.100,-2.330,0.000,966,490,476
2565,Zoran Planinic,2010,0.020,-0.500,0.700,-0.980,-0.720,-0.110,-2.180,-1.960,-1.700,-0.260,-0.763,-0.030,-0.733,-0.447,-0.120,-0.220,-0.530,0.370,0.680,0.110,0.090,0.120,0.500,-0.380,0.322,0.220,0.102,0.398,-2.723,0.442,-3.170,0.840,-2.330,-0.000,2114,1055,1059
2545,Darko Milicic,2010,-0.070,-0.370,-2.290,0.110,2.350,-0.070,-2.220,-1.640,-0.840,-0.800,-1.557,-0.750,-0.807,0.407,-0.190,0.030,0.400,-0.230,-0.220,0.660,-1.810,1.240,0.880,0.360,-0.237,0.008,-0.245,-0.553,-3.197,1.003,-2.790,0.450,-2.340,0.000,23135,11556,11579
201942,DeMar DeRozan,2010,1.280,0.230,-3.610,0.030,2.340,-0.140,-0.910,-1.090,-0.710,-0.380,0.277,-0.090,0.367,0.183,-0.740,-0.480,0.080,-0.410,0.660,0.090,-1.950,-1.890,-1.710,-0.180,-0.163,-0.026,-0.137,0.333,-0.813,-2.053,-0.630,-1.720,-2.340,0.010,6289,3128,3161
201592,J.R. Giddens,2010,0.170,-0.250,-0.100,-0.110,-0.060,-0.500,-2.400,-1.740,-1.720,-0.020,-0.735,-0.399,-0.336,0.815,-0.000,-0.220,-0.080,0.010,0.090,-0.250,-0.520,-1.020,-0.820,-0.200,-0.049,0.086,-0.135,0.389,-2.475,-1.069,-1.660,-0.680,-2.340,0.000,923,453,470
101111,Charlie Villanueva,2010,-0.040,0.060,0.980,-0.760,-0.950,0.450,-0.780,-0.440,-0.400,-0.040,0.133,0.332,-0.199,1.127,-1.570,-1.230,-0.380,-0.550,1.950,-0.400,-3.250,-2.800,-2.290,-0.510,-0.008,0.103,-0.111,-0.362,-0.307,-2.808,0.820,-3.170,-2.350,-0.000,34350,17197,17153
136,P.J. Brown,2010,-1.510,-1.590,-3.330,-0.350,4.840,0.080,-1.250,-3.670,-2.770,-0.900,-0.275,-0.061,-0.214,0.055,1.070,0.150,-0.150,0.040,-0.910,-0.210,-0.220,0.410,-0.150,0.560,0.044,-0.162,0.206,1.066,-3.945,0.454,-3.890,1.520,-2.360,0.010,17116,8541,8575
2420,Nenad Krstic,2010,-1.800,-0.560,-2.720,-0.320,4.500,0.970,1.410,-2.150,-1.520,-0.630,-0.092,-0.206,0.114,0.062,0.200,0.540,1.140,-0.330,-1.340,0.040,-2.040,0.380,-0.370,0.750,-0.349,-0.357,0.008,-0.211,-2.242,0.031,-2.180,-0.180,-2.360,0.000,27599,13689,13910
2779,Vassilis Spanoulis,2010,-0.930,-0.060,1.250,-0.490,-0.300,-0.730,-2.120,-1.790,-2.010,0.220,0.118,-0.261,0.379,-0.698,-0.020,-0.140,-0.090,-0.020,0.130,0.180,0.220,-0.290,-0.070,-0.220,0.054,0.165,-0.111,0.246,-1.672,-0.236,-2.370,0.010,-2.360,0.000,984,491,493
201606,Sean Singletary,2010,-0.330,-0.080,-0.520,-0.280,0.860,-0.390,-2.870,-1.720,-1.530,-0.190,-0.881,-0.633,-0.248,0.701,0.060,-0.180,-0.250,0.160,0.200,-0.090,-0.010,-0.360,0.180,-0.540,0.138,0.006,0.132,-0.248,-2.601,-0.222,-1.900,-0.470,-2.370,0.000,1155,562,593
1742,Shammond Williams,2010,-1.090,-0.100,1.140,-0.750,-0.030,-0.070,-1.810,-1.450,-1.320,-0.130,-0.005,0.033,-0.038,-0.455,0.390,-0.190,-0.530,-0.030,0.160,0.160,-0.160,-0.010,0.080,-0.090,-0.403,-0.116,-0.287,-0.047,-1.455,-0.413,-1.910,-0.460,-2.370,0.000,1576,785,791
2052,DeShawn Stevenson,2010,0.040,-0.630,0.510,-0.600,-0.560,0.370,-1.110,-0.500,-0.690,0.190,0.947,0.610,0.337,-0.127,-1.380,-0.980,-0.350,-0.660,1.730,-0.400,-2.620,-1.740,-1.990,0.250,-0.059,0.131,-0.190,-0.901,0.447,-1.799,0.320,-2.700,-2.370,0.010,36053,17991,18062
1509,Kelvin Cato,2010,-0.310,-0.670,-1.190,0.130,1.510,-1.230,-0.510,-2.700,-2.350,-0.350,-0.719,-0.146,-0.573,0.399,0.180,-0.040,-0.340,-0.150,0.170,0.290,0.470,0.500,0.440,0.060,-0.065,0.052,-0.117,0.195,-3.419,0.435,-3.020,0.630,-2.390,0.000,1721,847,874
201563,Michael Beasley,2010,-0.970,0.240,-1.190,-0.320,2.150,0.120,-1.570,-1.970,-1.540,-0.430,0.177,0.523,-0.346,-0.047,-0.140,-0.290,-0.620,-0.440,0.750,0.560,-0.700,-0.820,-0.500,-0.320,0.169,0.346,-0.177,0.101,-1.793,-0.651,-1.840,-0.550,-2.390,-0.000,17050,8533,8517
57,Doug Christie,2010,0.080,0.030,-0.090,-0.160,0.010,-0.880,-1.260,-1.940,-1.800,-0.140,-0.699,0.007,-0.706,0.369,-0.160,-0.150,0.000,-0.060,0.170,0.110,0.090,0.090,0.260,-0.170,0.132,0.110,0.022,-0.342,-2.639,0.222,-2.270,-0.120,-2.390,-0.000,939,460,479
2032,Darius Miles,2010,0.660,0.100,-1.640,-0.090,0.990,0.140,-2.540,-0.510,0.400,-0.910,-0.892,0.248,-1.140,-1.058,0.370,0.430,-0.470,0.360,0.120,-0.290,-0.100,0.670,0.440,0.230,-0.357,0.020,-0.377,-0.243,-1.402,0.313,-2.460,0.070,-2.390,0.000,5726,2859,2867
201947,Earl Clark,2010,-0.150,-0.780,-1.050,0.490,1.210,-0.460,-1.760,-1.010,-1.180,0.170,-0.662,-0.177,-0.485,0.182,-0.590,-0.110,0.400,0.020,0.210,-0.030,-0.700,-0.010,-0.030,0.020,-0.339,-0.199,-0.140,-0.561,-1.672,-0.349,-1.490,-0.910,-2.400,0.000,1516,755,761
1919,Laron Profit,2010,-0.220,-0.470,-0.680,-0.440,0.910,-0.100,-1.500,-1.620,-1.450,-0.170,-0.528,-0.235,-0.293,-0.472,-0.050,-0.090,-0.230,0.100,0.300,-0.000,-0.100,0.160,0.160,0.000,0.110,0.044,0.066,-0.060,-2.148,0.270,-2.620,0.210,-2.420,-0.010,1027,512,515
200767,Josh Boone,2010,3.320,-2.100,-1.980,0.740,-1.330,-1.310,0.980,-1.710,-0.770,-0.940,-0.858,-0.911,0.053,1.778,-1.040,-0.050,0.430,-0.350,0.620,0.010,-3.060,-0.260,-0.750,0.490,-0.551,-0.221,-0.330,-0.819,-2.568,-0.811,-0.790,-1.630,-2.420,0.000,17028,8496,8532
200821,Yakhouba Diawara,2010,-0.790,-0.740,3.170,-0.880,-2.380,-0.410,-0.960,-1.470,-1.020,-0.450,-0.063,0.404,-0.467,-0.877,0.400,0.630,0.000,0.140,-0.400,-0.200,0.120,0.260,0.550,-0.290,-0.315,-0.008,-0.307,0.055,-1.533,-0.055,-2.410,-0.000,-2.420,-0.010,10127,5064,5063
2422,John Salmons,2010,0.660,-0.510,0.050,-0.480,-0.710,-0.370,-3.490,0.460,-0.150,0.610,-0.159,0.306,-0.465,-1.181,-0.410,0.320,-0.480,-0.020,0.880,-0.260,-0.300,-0.790,-0.400,-0.390,-0.204,-0.079,-0.125,-0.556,0.301,-0.994,-0.880,-1.550,-2.430,-0.000,49453,24715,24738
200749,Shelden Williams,2010,0.360,-0.960,-1.310,-0.580,0.960,-0.650,-2.310,-1.200,-1.160,-0.040,-0.270,-0.014,-0.256,-0.330,-1.210,0.500,0.280,-0.110,0.930,-0.400,-1.030,-1.330,-0.970,-0.360,0.072,0.080,-0.008,0.618,-1.470,-1.258,-1.800,-0.640,-2.440,0.000,12857,6420,6437
101110,Martell Webster,2010,-2.060,-0.940,1.690,-0.150,0.370,-0.560,0.150,-1.840,-1.520,-0.320,0.692,0.365,0.327,-0.152,-0.140,-0.430,0.390,-0.600,-0.250,0.120,-0.510,-1.210,-1.030,-0.180,0.157,-0.150,0.307,-0.087,-1.148,-1.053,-1.300,-1.140,-2.440,0.000,25534,12777,12757
2211,Troy Murphy,2010,-1.250,0.680,2.490,0.290,-1.260,-0.880,1.800,0.010,0.130,-0.120,0.173,0.040,0.133,-0.593,-0.170,-1.830,0.770,-0.500,-0.600,-0.130,-2.260,-1.570,-1.480,-0.090,-0.379,0.076,-0.455,-0.081,0.183,-1.949,-0.410,-2.030,-2.440,0.000,44169,22168,22001
1563,Kevin Ollie,2010,-0.690,-1.450,-2.590,0.250,3.280,-0.590,-0.870,-1.040,-1.270,0.230,0.033,0.278,-0.245,-0.923,0.420,-0.340,-0.510,-0.140,0.110,-0.760,-1.270,-0.720,-0.940,0.220,0.549,0.046,0.503,-0.339,-1.007,-0.171,-1.930,-0.510,-2.440,0.000,12372,6146,6226
441,Lamond Murray,2010,-1.260,-0.160,1.920,0.060,-0.640,-0.650,0.130,-1.290,-0.770,-0.520,-0.169,0.012,-0.181,-0.101,-0.020,-0.110,-0.620,0.210,0.650,-0.250,-0.210,-0.500,-0.270,-0.230,-0.234,-0.138,-0.096,-0.146,-1.459,-0.734,-1.560,-0.880,-2.450,-0.010,2751,1379,1372
101235,Kelenna Azubuike,2010,-0.780,-0.940,0.910,-0.790,-0.140,-0.740,-2.630,-1.750,-2.000,0.250,0.711,0.701,0.010,0.399,-0.150,-0.550,0.140,-0.620,0.000,0.560,-1.580,-0.870,-0.790,-0.080,-0.251,-0.142,-0.109,-0.699,-1.039,-1.121,-0.640,-1.820,-2.460,0.000,20222,10092,10130
101133,Ian Mahinmi,2010,0.440,0.000,-0.460,-0.400,0.030,-0.330,-1.210,-1.970,-1.970,-0.000,-0.382,0.161,-0.543,0.162,0.310,-0.100,-0.370,-0.010,0.070,0.090,-0.200,0.130,0.400,-0.270,-0.266,-0.090,-0.176,-0.134,-2.352,-0.136,-2.190,-0.270,-2.460,0.000,770,383,387
2416,Kareem Rush,2010,-1.460,0.160,3.400,0.170,-1.940,-1.450,0.120,-0.850,-0.760,-0.090,0.094,0.413,-0.319,-0.724,-0.630,-0.660,-0.180,0.150,0.820,-0.200,-0.540,-1.960,-1.410,-0.550,0.808,0.384,0.424,0.182,-0.756,-1.152,-1.480,-0.970,-2.460,-0.010,11234,5620,5614
200745,Andrea Bargnani,2010,-0.500,0.590,1.020,0.430,-0.530,0.010,1.320,-0.250,0.170,-0.420,0.249,0.613,-0.364,-0.299,-1.210,-1.000,-0.110,-0.400,1.320,0.060,-3.300,-1.110,-1.510,0.400,-0.613,-0.363,-0.250,-0.447,-0.001,-1.723,-0.300,-2.170,-2.470,0.000,34070,17108,16962
201970,Sam Young,2010,1.760,-0.820,-2.020,-1.230,0.270,-0.960,-4.800,-1.970,-2.320,0.350,-0.522,-0.166,-0.356,0.922,-0.850,0.430,-0.380,0.050,1.240,-0.000,0.360,-0.230,-0.280,0.050,-0.070,-0.046,-0.024,-0.600,-2.492,-0.300,-1.570,-0.900,-2.470,-0.000,4940,2462,2478
101121,Joey Graham,2010,-0.620,-1.120,-2.580,0.410,3.200,0.460,-1.790,-0.210,-0.260,0.050,-0.624,0.354,-0.978,-1.206,0.990,-0.480,-1.380,0.300,0.390,-0.330,-1.020,-0.440,-0.310,-0.130,-0.227,-0.376,0.149,0.227,-0.834,-0.667,-2.040,-0.440,-2.490,-0.010,21458,10714,10744
101180,Sarunas Jasikevicius,2010,-0.370,-1.210,2.330,-1.150,-1.960,-0.640,-1.260,-1.710,-2.160,0.450,-0.725,-0.563,-0.162,-0.815,-0.910,0.110,1.600,0.080,-0.670,1.070,1.610,1.310,1.520,-0.210,-0.076,-0.116,0.040,-0.484,-2.435,1.234,-3.250,0.750,-2.490,0.010,9860,4936,4924
2566,Travis Outlaw,2010,-1.190,-1.140,-0.700,-0.110,1.880,-0.460,-3.020,-0.460,-0.900,0.440,0.139,0.295,-0.156,-0.899,-0.850,0.040,-0.840,0.560,1.690,0.680,-0.230,-0.060,0.190,-0.250,-0.129,-0.260,0.131,-1.091,-0.321,-0.189,-1.220,-1.280,-2.500,0.000,28908,14483,14425
1913,Michael Ruffin,2010,-2.440,-0.550,0.160,-0.750,2.270,-0.810,-4.140,-2.870,-2.550,-0.320,-0.755,-0.204,-0.551,1.365,-0.200,-0.370,0.060,0.020,0.140,-0.270,1.080,-1.410,-0.890,-0.520,0.879,0.651,0.228,0.291,-3.625,-0.531,-2.260,-0.240,-2.500,0.000,7608,3772,3836
200766,Marcus Williams,2010,0.930,-0.100,0.210,-0.320,-1.130,-0.330,-0.130,-0.370,0.220,-0.590,0.204,-0.198,0.402,-0.504,-0.630,0.010,0.020,-0.120,0.620,-0.100,-1.300,-1.510,-1.300,-0.210,-0.451,-0.488,0.037,0.121,-0.166,-1.961,-0.670,-1.840,-2.500,0.010,12098,6036,6062
200778,James White,2010,-0.130,-0.220,-0.320,-0.130,0.460,-0.390,-0.920,-1.360,-1.080,-0.280,0.011,-0.174,0.185,-0.291,0.080,-0.150,0.030,-0.120,-0.100,-0.200,-0.770,-0.830,-0.950,0.120,-0.260,-0.158,-0.102,0.190,-1.349,-1.090,-1.640,-0.900,-2.540,0.000,576,286,290
101115,Andrew Bynum,2010,0.540,-0.100,-2.780,0.900,2.240,0.130,0.420,-1.500,-0.480,-1.020,-1.742,-0.952,-0.790,0.182,0.540,-0.080,0.730,0.240,-1.260,0.480,-2.180,1.710,0.860,0.850,-1.025,-0.137,-0.888,-0.165,-3.242,0.685,-3.060,0.520,-2.550,-0.010,28906,14463,14443
200760,Rodney Carney,2010,-0.010,-0.170,0.290,-1.340,-0.280,-0.920,-1.270,-2.150,-1.910,-0.240,0.559,0.310,0.249,0.011,-1.140,-0.430,0.190,0.090,0.950,0.120,0.440,-1.150,-0.740,-0.410,0.357,0.479,-0.122,-0.187,-1.591,-0.793,-1.580,-0.980,-2.560,-0.000,16278,8139,8139
1496,Keith Van Horn,2010,0.160,-1.260,1.550,-0.060,-1.710,-0.150,-1.860,-1.430,-1.490,0.060,-0.204,0.118,-0.322,0.494,-0.360,0.260,0.190,0.260,0.190,-0.350,1.500,-0.650,-0.190,-0.460,-0.132,-0.148,0.016,-0.638,-1.634,-0.782,-1.140,-1.420,-2.560,0.000,4574,2299,2275
458,Howard Eisley,2010,-1.780,0.120,1.190,-0.430,0.620,-0.100,-0.970,-0.950,-0.680,-0.270,-0.074,0.181,-0.255,-1.076,-0.030,-0.320,-0.220,-0.070,0.270,0.110,-0.130,-0.570,-0.280,-0.290,-0.178,0.038,-0.216,0.268,-1.024,-0.748,-2.100,-0.480,-2.580,0.000,1463,729,734
2562,Sasha Pavlovic,2010,0.360,-0.200,-0.230,-0.970,-0.130,-1.120,-1.740,-2.250,-1.710,-0.540,-0.738,0.039,-0.777,-0.612,0.260,-0.510,-0.510,0.390,0.250,0.590,1.280,0.810,1.050,-0.240,0.118,-0.008,0.126,0.072,-2.988,0.928,-3.600,1.000,-2.600,0.000,23156,11536,11620
1508,Maurice Taylor,2010,-0.260,-0.280,-2.570,-0.470,2.840,0.400,-3.920,-1.680,-1.230,-0.450,-1.261,-0.144,-1.117,-0.349,0.320,-0.340,-0.290,0.330,-0.030,0.110,0.130,0.120,0.360,-0.240,0.350,-0.157,0.507,0.180,-2.941,0.470,-3.290,0.650,-2.630,0.010,4884,2438,2446
101117,Yaroslav Korolev,2010,-0.780,-0.060,0.080,-0.300,0.720,-0.630,-1.720,-1.970,-1.690,-0.280,-0.118,-0.250,0.132,-0.122,-0.130,-0.240,-0.130,-0.190,0.290,0.000,-0.750,-1.230,-0.970,-0.260,0.334,0.166,0.168,0.456,-2.088,-0.896,-2.210,-0.440,-2.650,0.000,607,304,303
2823,John Edwards,2010,-1.300,0.340,-0.390,0.040,1.710,-0.570,-1.140,-0.550,-0.370,-0.180,-0.220,-0.002,-0.218,-0.890,-0.070,-0.240,-0.110,-0.050,0.190,-0.110,0.220,-0.940,-0.620,-0.320,-0.161,-0.224,0.063,0.091,-0.770,-1.101,-1.660,-1.010,-2.660,0.010,1116,550,566
101182,Donell Taylor,2010,0.390,0.250,-0.640,-0.560,0.250,-1.680,-2.190,-3.030,-2.740,-0.290,0.222,0.183,0.039,-0.322,0.080,-0.440,-0.220,0.190,0.150,0.330,0.380,0.070,0.300,-0.230,0.364,0.134,0.230,0.026,-2.808,0.434,-3.130,0.460,-2.670,0.000,3123,1549,1574
2788,DJ Mbenga,2010,-1.660,-0.440,-1.130,-0.250,2.800,0.030,-0.020,-2.160,-1.330,-0.830,-0.090,0.150,-0.240,-0.550,-0.790,0.830,0.090,-0.240,0.710,0.120,0.780,0.510,0.960,-0.450,0.007,-0.029,0.036,-0.397,-2.250,0.517,-2.800,0.120,-2.680,-0.000,4588,2308,2280
2693,Keith McLeod,2010,-0.870,0.130,-1.780,-0.420,2.650,-0.350,-1.320,-0.800,-1.000,0.200,-0.679,-0.404,-0.275,-0.511,0.140,0.180,0.490,-0.300,-0.620,-0.740,-0.350,-2.070,-1.700,-0.370,0.312,-0.334,0.646,1.048,-1.479,-1.758,-1.990,-0.710,-2.700,0.000,7146,3577,3569
201336,Blake Ahearn,2010,0.050,-0.740,1.130,-0.320,-1.180,-0.420,-0.890,-1.300,-1.460,0.160,-0.372,-0.148,-0.224,-0.828,-0.390,-0.260,0.020,0.070,0.380,0.230,-0.320,0.140,0.120,0.020,-0.105,0.010,-0.115,-0.265,-1.672,0.035,-2.500,-0.230,-2.720,0.010,672,334,338
2041,Etan Thomas,2010,-1.900,0.210,-1.490,-0.670,3.390,0.060,-1.100,-2.180,-1.300,-0.880,-0.844,-0.024,-0.820,0.354,0.480,-0.760,0.290,-0.030,-0.760,-0.300,-1.740,0.360,-0.140,0.500,-0.257,-0.336,0.079,-0.163,-3.024,0.103,-2.670,-0.060,-2.730,0.000,12074,6032,6042
983,Moochie Norris,2010,-0.220,-0.620,-0.530,-0.020,0.760,-0.310,-1.680,-1.470,-1.120,-0.350,-0.418,-0.332,-0.086,0.038,0.320,0.060,-0.480,-0.230,0.180,-0.130,-0.920,-0.540,-0.600,0.060,-0.219,-0.141,-0.078,-0.131,-1.888,-0.759,-1.850,-0.890,-2.740,-0.000,1478,744,734
2408,Melvin Ely,2010,-1.870,-0.780,-1.570,-0.190,3.440,-0.140,-1.990,-2.400,-1.920,-0.480,-0.717,-0.006,-0.711,0.037,0.470,0.220,-0.160,0.110,-0.300,0.250,-1.330,0.720,0.560,0.160,-0.428,-0.017,-0.411,0.038,-3.117,0.292,-3.080,0.330,-2.740,0.010,10094,5047,5047
905,Dale Davis,2010,-0.400,-0.560,-0.260,-0.500,0.670,-0.970,-2.380,-2.880,-2.550,-0.330,-0.297,-0.036,-0.261,0.137,-0.140,0.560,0.050,-0.020,0.090,-0.300,0.860,0.640,0.720,-0.080,-0.579,-0.214,-0.365,0.229,-3.177,0.061,-3.040,0.290,-2.760,-0.010,2615,1301,1314
2770,Justin Reed,2010,1.000,-0.820,-1.720,-0.500,0.730,-0.520,-2.540,-1.690,-1.380,-0.310,-0.478,-0.014,-0.464,-0.342,-0.340,-0.150,-0.200,0.020,0.560,-0.010,1.120,-0.430,-0.150,-0.280,0.486,0.167,0.319,-0.306,-2.168,0.056,-2.510,-0.250,-2.760,0.000,4829,2398,2431
2563,Dahntay Jones,2010,1.000,-0.850,-3.770,0.020,2.760,-0.520,-2.310,-0.340,-0.280,-0.060,-0.468,0.018,-0.486,-1.052,-0.380,-0.470,0.030,-0.400,0.350,-0.210,-1.710,-1.510,-1.380,-0.130,0.779,0.098,0.681,-0.189,-0.808,-0.731,-1.860,-0.920,-2.780,0.000,23282,11600,11682
2584,Willie Green,2010,-0.520,-0.740,-0.220,-0.870,0.760,0.520,-0.870,-1.150,-0.370,-0.780,0.236,0.486,-0.250,0.124,-0.980,0.110,-0.130,-0.700,1.110,-0.170,-1.950,-1.650,-1.910,0.260,0.046,0.084,-0.038,-0.396,-0.914,-1.604,-0.790,-2.000,-2.790,0.000,28106,14039,14067
1922,Francisco Elson,2010,-2.880,-0.260,-1.360,0.590,4.240,0.010,1.240,-2.120,-1.300,-0.820,-0.772,-0.480,-0.292,-1.208,0.870,-0.750,-0.290,0.120,-0.570,0.270,-1.540,0.310,-0.180,0.490,0.600,0.489,0.111,0.400,-2.892,0.910,-4.100,1.310,-2.790,0.000,18890,9426,9464
1886,Jonathan Bender,2010,-0.260,-0.360,1.120,-0.250,-0.850,-0.120,-0.640,-0.880,-0.690,-0.190,-0.514,-0.341,-0.173,-0.456,-0.280,0.090,0.180,-0.050,0.110,-0.240,-0.340,-0.620,-0.450,-0.170,-0.390,-0.332,-0.058,0.040,-1.394,-1.010,-1.850,-0.970,-2.810,0.010,1198,600,598
201938,Jonny Flynn,2010,-1.030,0.220,1.190,0.130,-0.160,-0.240,-1.040,0.010,0.180,-0.170,0.303,-0.234,0.537,-1.453,-0.380,-1.040,-0.240,-0.260,0.630,-0.270,-3.530,-1.650,-1.810,0.160,0.097,0.163,-0.066,-0.117,0.313,-1.553,-1.140,-1.670,-2.810,0.000,9285,4638,4647
101194,Anthony Roberson,2010,-1.640,-0.250,2.720,-0.370,-1.070,-0.310,-0.120,-1.600,-0.960,-0.640,0.203,0.191,0.012,-0.573,0.070,-0.420,-0.180,-0.020,0.120,0.010,-1.100,-0.610,-0.540,-0.070,0.055,0.027,0.028,-0.285,-1.397,-0.555,-1.970,-0.840,-2.820,-0.010,2309,1156,1153
200779,Steve Novak,2010,-1.620,-0.770,5.930,0.620,-4.300,-0.590,3.980,0.620,1.140,-0.520,0.315,-0.224,0.539,-1.555,-0.420,0.050,-0.760,0.010,1.180,-0.490,-1.350,-1.820,-1.450,-0.370,-0.684,-0.397,-0.287,0.304,0.935,-2.504,-0.620,-2.200,-2.820,0.000,7333,3699,3634
101128,Francisco Garcia,2010,-0.780,-0.640,1.880,-0.800,-1.100,-0.650,-2.760,-0.750,-1.150,0.400,-0.157,-0.307,0.150,-0.833,-0.290,0.200,-0.530,0.100,0.820,0.280,1.790,-1.070,-0.110,-0.960,0.336,0.262,0.074,-0.396,-0.907,-0.734,-1.740,-1.130,-2.860,0.010,28264,14136,14128
2739,Luke Jackson,2010,0.410,-0.860,0.520,-0.430,-0.940,-0.590,-1.890,-1.680,-1.580,-0.100,-0.129,0.115,-0.244,-0.501,0.470,-0.400,-0.340,-0.120,-0.120,-0.000,-0.050,-0.700,-0.520,-0.180,0.070,0.031,0.039,0.080,-1.809,-0.630,-2.310,-0.550,-2.860,0.000,2508,1259,1249
283,Lindsey Hunter,2010,-0.480,-0.540,1.830,-1.120,-1.360,-0.370,-1.320,-2.780,-2.440,-0.340,0.208,-0.201,0.409,-0.378,-0.100,0.170,-1.030,0.350,1.160,-0.310,-0.730,0.050,-0.090,0.140,0.888,0.290,0.598,-0.858,-2.572,0.938,-2.950,0.080,-2.870,0.000,7750,3834,3916
201043,Randolph Morris,2010,-0.570,-0.530,-1.310,0.080,1.900,-0.270,-2.620,-1.200,-0.750,-0.450,-0.646,0.028,-0.674,0.286,-0.170,-0.090,-0.430,-0.120,0.620,-0.120,0.070,-1.510,-0.810,-0.700,0.097,-0.014,0.111,0.093,-1.846,-1.413,-1.560,-1.320,-2.890,-0.010,1710,850,860
201944,Terrence Williams,2010,-0.070,-0.680,0.080,-0.260,-0.010,-0.520,-1.190,-1.520,-1.270,-0.250,-0.148,0.064,-0.212,-0.442,-0.400,0.000,0.480,-0.040,-0.080,-0.260,-0.130,-0.640,-0.530,-0.110,-0.382,0.131,-0.513,0.222,-1.668,-1.022,-2.110,-0.800,-2.910,0.000,6558,3282,3276
101127,Jarrett Jack,2010,-0.370,0.090,-0.530,-0.220,0.900,-0.120,-2.220,0.470,-0.330,0.800,-0.351,0.389,-0.740,-1.149,-0.090,-0.260,-0.780,-0.160,0.870,0.100,-0.200,-0.770,-0.520,-0.250,-0.613,-0.318,-0.295,-0.527,0.119,-1.383,-1.030,-1.910,-2.940,0.000,42526,21252,21274
201176,Jermareo Davidson,2010,-0.960,-0.380,-1.390,-0.370,2.370,-0.660,-2.830,-2.810,-2.620,-0.190,0.111,-0.148,0.259,0.109,-0.650,0.130,0.260,-0.110,0.400,0.150,-0.210,-0.310,-0.210,-0.100,-0.024,0.009,-0.033,-0.016,-2.699,-0.334,-2.590,-0.350,-2.940,0.000,1645,820,825
754,Jim Jackson,2010,-1.960,0.190,1.030,-0.350,0.960,-0.680,-0.720,-2.270,-1.800,-0.470,-1.016,-0.815,-0.201,0.466,0.100,0.350,-0.170,0.200,0.080,-0.130,1.600,0.540,0.600,-0.060,-0.131,-0.293,0.162,-0.529,-3.286,0.409,-2.820,-0.120,-2.940,-0.000,2035,1023,1012
201150,Spencer Hawes,2010,-0.080,0.410,-1.560,0.020,1.650,0.450,-0.020,0.500,0.970,-0.470,-0.664,-0.737,0.073,-0.696,-0.120,-0.920,0.800,-0.820,-0.670,-0.010,-0.350,-1.630,-1.810,0.180,-0.589,-0.113,-0.476,0.139,-0.164,-2.219,-0.860,-2.080,-2.950,-0.010,19621,9786,9835
958,Vitaly Potapenko,2010,-1.150,-0.430,-0.680,-0.340,1.860,0.260,-0.670,-2.250,-1.670,-0.580,0.101,-0.220,0.321,0.269,0.180,-0.650,-0.010,-0.090,-0.170,-0.340,-1.250,-1.210,-1.320,0.110,0.073,-0.010,0.083,0.057,-2.149,-1.137,-1.880,-1.080,-2.960,0.000,1328,662,666
2748,Dorell Wright,2010,-0.740,-0.380,-1.870,-0.980,2.610,-0.330,-0.730,-1.460,-1.240,-0.220,-0.351,-0.115,-0.236,-0.539,0.610,0.280,-1.000,0.530,0.400,-0.720,-0.300,-0.450,-0.220,-0.230,-0.035,0.194,-0.229,-0.145,-1.811,-0.485,-2.350,-0.630,-2.980,0.000,15217,7582,7635
101198,Will Bynum,2010,0.810,-0.460,-0.350,-0.370,-0.460,-0.080,-1.560,-0.420,-0.430,0.010,0.479,0.609,-0.130,0.161,-0.380,-1.210,-0.990,0.000,1.370,-0.380,-2.760,-2.790,-2.120,-0.670,-0.264,-0.206,-0.058,-0.146,0.059,-3.054,0.220,-3.200,-2.980,-0.000,9680,4840,4840
101143,Travis Diener,2010,-1.900,0.180,5.760,0.040,-3.850,-0.850,2.020,-0.160,-0.170,0.010,0.781,0.097,0.684,-0.831,-0.180,-0.170,-0.290,-0.410,0.470,-0.380,0.870,-1.950,-1.450,-0.500,0.029,-0.158,0.187,-0.859,0.621,-1.921,-0.210,-2.780,-2.990,0.000,10339,5202,5137
1425,Aaron Williams,2010,-0.780,-0.140,-1.650,-0.440,2.440,-0.650,-2.030,-1.520,-1.490,-0.030,-0.697,-0.220,-0.477,-0.203,0.260,-0.010,-0.530,0.080,0.270,-0.200,0.290,-0.300,-0.060,-0.240,0.013,-0.011,0.024,-0.303,-2.217,-0.287,-2.420,-0.590,-3.010,0.000,5401,2696,2705
2046,Desmond Mason,2010,2.010,-1.220,-4.840,0.160,2.810,-1.330,-3.680,-3.050,-2.650,-0.400,-0.545,-0.035,-0.510,0.575,0.250,0.120,-0.200,0.160,-0.070,-0.890,2.360,0.450,0.160,0.290,-0.392,-0.527,0.135,-0.048,-3.595,0.058,-3.020,0.010,-3.010,-0.000,28145,14042,14103
1502,Adonal Foyle,2010,-1.230,-1.480,-0.300,-0.390,1.530,-0.310,-3.050,-3.400,-2.290,-1.110,-1.236,-0.281,-0.955,0.016,0.560,0.540,0.950,-0.240,-1.500,1.010,-0.780,2.260,1.440,0.820,-0.459,-0.574,0.115,-0.211,-4.636,1.801,-4.620,1.590,-3.020,0.010,12071,6010,6061
201585,Kosta Koufos,2010,0.960,-0.370,-1.810,-0.570,0.860,-0.730,-1.270,-2.770,-2.390,-0.380,-0.649,-0.353,-0.296,0.919,0.060,0.510,-0.970,-0.070,0.930,-0.260,-0.470,-0.300,-0.100,-0.200,-0.103,-0.064,-0.039,-0.157,-3.419,-0.403,-2.500,-0.560,-3.060,0.000,2835,1418,1417
1731,Tyronn Lue,2010,-0.730,-1.120,1.020,0.250,-0.280,-0.710,-3.880,-0.300,-0.760,0.460,0.032,0.452,-0.420,-1.052,-0.410,0.020,0.320,0.420,0.100,-0.940,0.990,-1.310,-0.700,-0.610,-0.237,-0.296,0.059,-0.213,-0.268,-1.547,-1.320,-1.760,-3.080,0.000,14645,7332,7313
2124,Malik Allen,2010,-3.050,-1.420,-2.890,0.380,5.950,0.480,0.140,-2.570,-1.580,-0.990,0.168,0.234,-0.066,-0.518,1.470,-0.470,-1.050,-0.040,-0.420,0.280,-1.220,0.000,-0.040,0.040,0.343,-0.064,0.407,-0.503,-2.402,0.343,-2.920,-0.160,-3.080,0.000,13652,6844,6808
2214,Michael Bradley,2010,-0.610,-0.760,-0.090,-0.190,0.720,-0.660,-1.500,-2.080,-1.830,-0.250,-0.472,0.088,-0.560,-0.418,0.530,-0.180,-0.280,0.120,-0.240,-0.150,-0.440,-0.220,-0.330,0.110,-0.102,-0.101,-0.001,0.172,-2.552,-0.322,-2.970,-0.150,-3.120,0.000,1389,695,694
201576,Anthony Randolph,2010,0.570,0.130,-3.020,0.320,2.460,-0.720,-2.310,-1.290,-1.200,-0.090,-0.851,-0.513,-0.338,0.461,-1.060,0.380,0.160,-0.020,0.910,-0.810,-1.040,-1.160,-1.200,0.040,0.186,0.054,0.132,-0.466,-2.141,-0.974,-1.680,-1.440,-3.130,-0.010,7683,3854,3829
201969,DaJuan Summers,2010,-0.150,-0.280,-0.060,-0.260,0.220,-0.760,-1.350,-2.160,-1.660,-0.500,-0.287,-0.328,0.041,-0.113,-0.410,-0.140,-0.750,0.030,1.190,-0.080,-1.360,-0.440,-0.290,-0.150,0.001,-0.101,0.102,-0.151,-2.447,-0.439,-2.560,-0.590,-3.150,0.000,1490,752,738
101136,Salim Stoudamire,2010,-1.400,-0.960,1.590,-0.550,-0.210,-0.180,-2.610,-0.620,-1.040,0.420,-0.718,0.089,-0.807,-0.602,-1.360,-0.570,-0.300,0.450,1.670,0.230,-0.360,-0.450,0.220,-0.670,0.068,0.114,-0.046,-0.868,-1.338,-0.382,-1.940,-1.250,-3.180,0.010,10166,5105,5061
2560,Zarko Cabarkapa,2010,-0.860,-0.190,0.450,-0.380,0.430,-0.430,-2.020,-1.620,-1.070,-0.550,0.315,0.452,-0.137,-0.535,-0.240,-0.300,0.240,-0.120,0.010,-0.420,-1.030,-1.690,-1.600,-0.090,-0.120,-0.023,-0.097,0.430,-1.305,-1.810,-1.840,-1.380,-3.220,0.000,1882,942,940
2741,Robert Swift,2010,-0.420,-0.110,-1.440,-0.110,1.880,0.530,-2.690,-0.920,-0.340,-0.580,-1.466,-0.807,-0.659,0.416,-0.720,-0.450,0.180,-0.020,0.550,0.220,-0.580,-0.260,-0.370,0.110,-0.403,-0.133,-0.270,-0.607,-2.386,-0.663,-1.970,-1.270,-3.240,0.000,5398,2673,2725
200763,Quincy Douby,2010,0.330,-0.500,-0.080,-1.170,-0.250,-0.640,-5.760,-2.430,-2.540,0.110,0.134,-0.130,0.264,0.186,0.530,0.110,-1.460,-0.250,0.940,-0.060,-0.630,-1.170,-0.680,-0.490,0.175,0.068,0.107,-0.175,-2.296,-0.995,-2.110,-1.170,-3.270,0.010,5893,2965,2928
200756,Hilton Armstrong,2010,-0.230,0.160,-2.300,-0.280,2.540,-0.520,-3.200,-2.540,-1.610,-0.930,-1.586,-0.477,-1.109,0.336,-0.660,0.310,-0.400,0.020,1.050,-0.150,-0.760,-0.580,-0.770,0.190,0.613,0.350,0.263,0.487,-4.126,0.033,-3.790,0.520,-3.270,0.000,10485,5232,5253
2484,Devin Brown,2010,1.330,-1.640,0.170,-1.050,-1.490,-1.900,-1.930,-3.630,-3.220,-0.410,-0.047,0.086,-0.133,1.077,-0.520,0.670,0.050,-0.480,0.480,-0.100,0.230,-1.050,-0.920,-0.130,0.007,-0.039,0.046,0.363,-3.677,-1.043,-2.600,-0.680,-3.290,-0.010,26725,13302,13423
757,Damon Stoudamire,2010,-0.680,-0.480,2.310,-0.130,-1.630,-0.200,2.170,-0.980,-0.680,-0.300,-0.090,-0.089,-0.001,-1.450,-0.520,0.300,0.650,-0.350,-0.130,-0.550,-0.330,-1.170,-1.090,-0.080,0.212,-0.005,0.217,0.178,-1.070,-0.958,-2.520,-0.780,-3.290,0.010,12473,6223,6250
201165,Morris Almond,2010,0.210,-0.790,-0.240,-0.270,0.040,-0.250,-1.420,-1.260,-1.340,0.080,-1.231,-0.295,-0.936,-0.519,-0.040,0.010,-0.180,0.040,0.230,-0.110,-0.150,0.080,0.100,-0.020,-0.326,-0.033,-0.293,-0.034,-2.491,-0.246,-3.010,-0.280,-3.300,-0.010,1079,535,544
101138,Brandon Bass,2010,-0.700,-1.250,-1.880,-0.570,2.570,0.470,-2.570,-0.470,-0.980,0.510,-0.013,0.131,-0.144,-0.967,-0.690,-0.410,0.860,-0.600,-0.160,0.360,-0.670,-0.850,-1.000,0.150,-0.595,0.170,-0.765,-0.405,-0.483,-1.445,-1.450,-1.850,-3.300,0.000,16858,8391,8467
2755,Kevin Martin,2010,-0.720,-0.230,1.210,0.440,-0.490,-0.120,-3.310,1.880,-0.410,2.290,-0.090,0.008,-0.098,-1.820,-1.090,-1.740,0.950,-0.400,0.140,-1.100,-0.640,-3.490,-2.950,-0.540,0.145,0.199,-0.054,0.075,1.790,-3.345,-0.030,-3.270,-3.300,0.000,41721,20873,20848
89,Nick Van Exel,2010,-1.230,-0.320,1.360,0.040,-0.120,-0.950,-1.750,-3.050,-2.160,-0.890,-0.240,-0.065,-0.175,0.070,-0.560,0.070,0.750,-0.050,-0.170,0.390,0.870,0.110,0.160,-0.050,-0.172,-0.169,-0.003,-0.038,-3.290,-0.062,-3.220,-0.100,-3.320,0.000,4018,2015,2003
2410,Fred Jones,2010,-0.900,-1.740,1.990,-1.550,-1.080,0.130,-2.860,-1.930,-1.950,0.020,-0.137,-0.113,-0.024,-0.493,-0.570,-0.380,0.900,0.340,-0.310,0.060,0.890,-0.180,0.030,-0.210,-0.175,0.156,-0.331,-0.425,-2.067,-0.355,-2.560,-0.780,-3.340,0.000,24213,12113,12100
2411,Bostjan Nachbar,2010,0.680,-1.090,3.250,-0.320,-3.920,-1.360,-0.580,-1.130,-1.210,0.080,-0.634,0.113,-0.747,-0.696,-0.270,0.150,-0.650,-0.160,0.930,0.190,0.270,-1.290,-0.790,-0.500,-0.031,-0.459,0.428,0.431,-1.764,-1.321,-2.460,-0.890,-3.340,0.010,14700,7373,7327
2226,Will Solomon,2010,-1.540,0.110,0.310,-0.160,1.240,-0.000,-1.090,-1.340,-0.640,-0.700,-0.716,-0.382,-0.334,-0.394,0.540,-0.360,-0.380,-0.410,-0.140,-0.130,-2.150,-1.630,-1.440,-0.190,0.254,0.237,0.017,0.466,-2.056,-1.376,-2.450,-0.910,-3.350,0.010,2621,1306,1315
201616,Darnell Jackson,2010,-1.450,-0.250,0.020,0.380,1.460,-0.150,-0.940,-0.560,-0.250,-0.310,-0.817,-0.530,-0.287,-0.213,-0.290,-0.240,-0.240,-0.120,0.550,0.080,-0.620,-1.450,-1.040,-0.410,-0.452,-0.080,-0.372,0.122,-1.377,-1.902,-1.590,-1.780,-3.370,0.000,2066,1027,1039
200759,Cedric Simmons,2010,0.280,-0.180,-0.830,-0.240,0.560,-0.540,-3.400,-1.350,-0.810,-0.540,-0.899,-0.602,-0.297,0.069,-0.520,-0.160,0.200,-0.060,0.330,0.090,-0.840,-0.300,-0.250,-0.050,-0.172,-0.103,-0.069,-0.748,-2.249,-0.472,-2.180,-1.220,-3.390,0.010,2589,1289,1300
200978,Jeremy Richardson,2010,-1.250,-0.090,0.580,-0.340,0.690,-0.630,-1.770,-2.070,-1.800,-0.270,0.279,0.293,-0.014,0.101,-0.130,-0.420,-0.380,-0.080,0.530,-0.050,-1.040,-1.420,-1.140,-0.280,-0.325,-0.135,-0.190,0.015,-1.791,-1.745,-1.690,-1.730,-3.420,0.000,903,455,448
1521,Jacque Vaughn,2010,-2.280,-0.510,-0.390,-0.700,2.690,-0.590,-0.620,-2.980,-2.510,-0.470,-0.318,-0.087,-0.231,-1.062,1.660,-0.010,0.020,0.540,-1.670,0.130,1.500,0.890,0.810,0.080,-0.172,0.270,-0.442,0.222,-3.298,0.718,-4.360,0.940,-3.420,0.000,14172,7051,7121
147,Jalen Rose,2010,0.730,-1.150,-0.480,0.220,-0.250,-0.610,-2.380,0.080,-0.550,0.630,-0.472,-0.156,-0.316,-1.268,-0.700,-0.180,0.350,-0.170,0.360,-0.710,-0.290,-2.090,-1.470,-0.620,-0.049,0.010,-0.059,0.359,-0.392,-2.139,-1.660,-1.780,-3.440,0.000,8459,4231,4228
1983,Jermaine Jackson,2010,-0.560,-0.220,0.250,-0.090,0.330,-0.240,-0.700,-0.910,-0.970,0.060,-0.825,-0.412,-0.413,-0.555,0.110,-0.300,-0.530,0.040,0.440,-0.110,-0.610,-0.730,-0.540,-0.190,-0.499,-0.304,-0.195,0.059,-1.735,-1.229,-2.290,-1.170,-3.470,-0.010,777,377,400
200769,Shannon Brown,2010,-0.040,-1.640,-0.780,-0.430,0.840,-0.790,-2.170,-2.380,-1.990,-0.390,-0.394,0.220,-0.614,0.744,-0.490,-0.010,-0.700,0.160,1.200,-0.310,-0.550,-0.780,-0.340,-0.440,-0.247,-0.331,0.084,-0.413,-2.774,-1.027,-2.030,-1.440,-3.470,0.000,12161,6070,6091
201628,Bobby Brown,2010,-0.720,-1.140,2.040,-0.240,-1.310,0.120,-0.200,-0.860,-0.110,-0.750,-0.385,-0.197,-0.188,0.315,-1.360,0.040,0.150,-0.520,1.220,-0.180,-0.570,-2.190,-1.650,-0.540,-0.057,-0.388,0.331,-0.303,-1.245,-2.247,-0.930,-2.550,-3.470,0.010,5420,2721,2699
201580,JaVale McGee,2010,0.640,-0.020,-2.370,-0.020,1.760,-0.770,-1.340,-1.650,-1.200,-0.450,-0.980,-0.280,-0.700,0.930,0.130,-0.750,0.170,-0.270,-0.300,0.090,-2.640,-0.190,-0.440,0.250,-0.300,-0.260,-0.040,-1.300,-2.630,-0.490,-1.700,-1.790,-3.490,-0.000,7893,3933,3960
2239,Trenton Hassell,2010,-2.140,-1.400,-2.200,-1.490,4.340,0.620,-2.320,-1.580,-1.550,-0.030,-0.108,0.090,-0.198,-0.492,-1.500,0.200,1.040,-0.240,0.460,-0.200,-0.050,-0.060,-0.350,0.290,-0.719,-0.373,-0.346,-0.541,-1.688,-0.779,-2.180,-1.320,-3.500,0.000,28085,13991,14094
1499,Tony Battie,2010,-1.750,-0.760,-5.260,-0.550,7.010,0.340,-3.260,-2.260,-1.840,-0.420,-0.186,0.001,-0.187,-0.834,0.900,0.760,-0.070,-0.140,-0.830,-0.200,-0.420,0.760,0.310,0.450,-0.575,-0.217,-0.358,-0.445,-2.446,0.185,-3.280,-0.260,-3.540,-0.000,19241,9600,9641
201202,Joel Anthony,2010,-2.840,-1.170,1.010,-0.180,1.830,-0.420,-2.560,-2.170,-1.690,-0.480,-1.137,-0.398,-0.739,-0.233,0.200,0.860,0.410,0.060,-0.610,0.410,1.090,1.930,2.110,-0.180,-0.825,-0.290,-0.535,-1.115,-3.307,1.105,-3.540,-0.010,-3.550,0.000,10861,5405,5456
1531,Marc Jackson,2010,-1.070,-0.450,-2.280,0.320,3.360,-0.220,-0.100,-1.010,-0.640,-0.370,-0.707,-0.250,-0.457,-0.043,1.090,-0.860,-0.900,-0.660,-0.190,-0.410,-2.110,-1.810,-2.210,0.400,-0.391,-0.073,-0.318,0.411,-1.717,-2.201,-1.760,-1.790,-3.550,0.000,7715,3851,3864
2776,Pape Sow,2010,-1.030,-0.950,-0.970,-0.280,2.000,0.010,-3.070,-1.990,-2.170,0.180,-0.588,0.028,-0.616,0.218,0.340,-0.340,-0.200,-0.230,-0.130,-0.530,-1.760,-1.390,-1.200,-0.190,-0.021,-0.110,0.089,0.201,-2.578,-1.411,-2.360,-1.210,-3.570,0.000,2348,1167,1181
213,Antonio Davis,2010,0.150,-1.200,-1.880,0.180,1.730,-0.180,-1.490,-2.170,-1.390,-0.780,-0.732,-0.677,-0.055,0.212,0.020,-0.300,0.170,-0.160,-0.180,-0.220,-0.930,-1.270,-1.000,-0.270,0.051,-0.019,0.070,0.329,-2.902,-1.219,-2.690,-0.890,-3.580,-0.000,3390,1682,1708
2574,Jason Kapono,2010,-1.930,-1.240,0.880,0.110,1.050,0.360,0.130,-1.340,-1.070,-0.270,-0.105,-0.135,0.030,-0.535,0.530,-0.590,-1.020,0.100,0.500,0.170,-0.710,-0.630,-0.180,-0.450,-0.475,-0.497,0.022,-0.495,-1.445,-1.105,-1.980,-1.600,-3.580,0.000,25994,13081,12913
2036,Chris Mihm,2010,0.080,-0.950,-2.660,0.410,2.590,-0.280,-0.170,-1.660,-1.310,-0.350,-1.394,-0.275,-1.119,0.544,-0.340,0.270,0.740,-0.090,-0.400,-0.050,-0.600,0.230,0.340,-0.110,-0.866,-0.315,-0.551,-0.534,-3.054,-0.636,-2.510,-1.170,-3.680,-0.000,7311,3646,3665
201633,Rob Kurz,2010,-1.280,0.060,-0.040,-0.660,1.340,-1.150,-1.810,-3.130,-2.840,-0.290,0.084,-0.221,0.305,0.036,-0.470,0.090,-0.150,-0.040,0.630,-0.010,-0.590,-0.310,-0.070,-0.240,-0.349,-0.170,-0.179,-0.041,-3.046,-0.659,-3.010,-0.700,-3.700,0.010,1739,870,869
1548,Mark Blount,2010,-1.720,-0.400,-1.800,0.880,3.520,1.030,2.580,-0.230,0.490,-0.720,-1.366,-0.526,-0.840,-1.364,0.670,-0.580,0.560,0.020,-1.230,-0.570,-3.000,0.310,-0.510,0.820,-0.598,-0.180,-0.418,-0.472,-1.596,-0.288,-2.960,-0.760,-3.720,-0.000,24294,12160,12134
1727,Pat Garrity,2010,-0.680,-0.790,0.580,-0.170,0.090,-0.780,-1.260,-1.980,-2.400,0.420,-0.771,-0.088,-0.683,-0.139,-0.620,-0.200,0.610,-0.000,0.010,0.190,-0.400,-1.180,-0.820,-0.360,0.143,-0.293,0.436,0.177,-2.751,-1.037,-2.890,-0.860,-3.740,0.010,5419,2726,2693
2212,Steven Hunter,2010,-0.250,-0.300,-2.550,-0.140,2.800,-1.130,-4.420,-2.420,-1.570,-0.850,-1.516,-0.749,-0.767,0.366,0.180,0.440,0.850,0.450,-1.010,-0.380,-1.860,1.440,0.860,0.580,-0.930,-0.437,-0.493,-0.700,-3.936,0.510,-3.570,-0.190,-3.760,0.000,12026,5992,6034
2853,Earl Barron,2010,-1.400,-0.640,-1.470,-0.030,2.900,-0.750,-1.570,-2.380,-2.260,-0.120,-0.396,-0.109,-0.287,-0.014,0.440,-0.700,-0.480,-0.160,0.040,-0.500,-0.820,-1.710,-1.580,-0.130,0.063,-0.146,0.209,0.677,-2.776,-1.647,-2.790,-0.970,-3.760,0.000,4928,2465,2463
1956,Ira Newble,2010,0.230,-0.800,0.490,-0.580,-0.710,-0.850,-2.500,-2.790,-2.580,-0.210,-0.652,-0.396,-0.256,1.142,-0.180,-0.360,0.020,0.140,0.170,-0.500,-0.260,-1.280,-0.950,-0.330,-0.014,0.148,-0.162,-0.186,-3.442,-1.294,-2.300,-1.480,-3.780,0.000,4472,2184,2288
727,Eric Snow,2010,0.640,-0.190,-2.880,-1.130,2.250,-1.470,-0.920,-4.810,-4.100,-0.710,-0.401,-0.142,-0.259,0.351,1.870,0.190,-0.420,0.130,-1.440,0.190,-0.280,1.430,1.370,0.060,-0.099,-0.408,0.309,-0.251,-5.211,1.331,-4.860,1.080,-3.780,0.000,18877,9356,9521
2035,DerMarr Johnson,2010,-1.100,-0.530,2.850,-0.600,-1.760,-1.150,-0.350,-3.260,-2.320,-0.940,-0.571,-0.416,-0.155,-0.339,-1.000,0.010,0.450,-0.020,0.560,0.570,-0.020,0.630,0.710,-0.080,-0.249,-0.184,-0.065,-0.011,-3.831,0.381,-4.170,0.370,-3.800,0.000,5464,2746,2718
201146,Yi Jianlian,2010,-1.110,-2.090,-1.460,0.270,2.580,0.110,0.060,-1.800,-1.380,-0.420,-0.228,-0.291,0.063,-0.282,-0.660,-0.040,0.080,-0.460,0.580,-0.640,-3.260,-0.960,-1.170,0.210,-0.383,-0.102,-0.281,-0.147,-2.028,-1.343,-2.310,-1.490,-3.800,0.000,17435,8725,8710
200747,Adam Morrison,2010,-2.280,-0.580,0.740,-0.240,1.530,-0.880,-0.110,-2.320,-1.860,-0.460,0.116,0.345,-0.229,0.274,-1.310,0.110,0.370,-0.180,0.940,0.000,0.610,-0.880,-0.290,-0.590,-0.734,-0.692,-0.042,-0.256,-2.204,-1.614,-1.930,-1.870,-3.800,0.000,12295,6178,6117
201966,Jermaine Taylor,2010,0.520,-0.670,-0.210,-0.570,-0.300,-0.470,-2.220,-2.210,-2.090,-0.120,-0.338,0.036,-0.374,0.008,-0.650,-0.490,0.200,-0.090,0.470,-0.230,-0.900,-1.060,-1.020,-0.040,-0.120,-0.082,-0.038,-0.100,-2.548,-1.180,-2.540,-1.280,-3.820,0.000,1181,590,591
101158,Orien Greene,2010,1.660,-1.220,-0.900,-0.820,-0.750,-1.420,-4.440,-3.260,-2.970,-0.290,-1.413,-0.217,-1.196,-0.337,-0.060,0.330,-0.720,0.470,0.800,0.220,1.650,-0.180,0.530,-0.710,0.400,0.049,0.351,0.960,-4.673,0.220,-5.010,1.180,-3.820,0.010,5739,2875,2864
2031,Stromile Swift,2010,0.950,-0.880,-1.630,-0.360,0.690,-1.170,-2.360,-1.780,-1.490,-0.290,-0.991,-0.243,-0.748,-0.909,0.920,0.610,-1.300,-0.230,0.370,-0.010,-1.210,0.000,0.060,-0.060,-0.196,0.052,-0.248,0.036,-2.771,-0.196,-3.680,-0.160,-3.840,0.000,12807,6385,6422
731,Greg Ostertag,2010,-0.420,-0.400,-0.920,-0.150,1.350,-0.990,-0.430,-2.550,-1.520,-1.030,-1.396,-1.174,-0.222,0.166,1.520,0.000,0.450,-0.180,-1.970,0.230,0.770,0.890,1.140,-0.250,-0.361,-0.226,-0.135,-0.599,-3.946,0.529,-3.780,-0.070,-3.850,-0.000,2830,1413,1417
2752,Sergei Monia,2010,0.030,-0.420,0.400,-0.320,-0.420,0.000,-1.250,-2.030,-1.540,-0.490,-0.684,-0.363,-0.321,0.474,-0.300,-0.010,0.020,-0.230,0.300,-0.300,-0.650,-1.450,-1.190,-0.260,-0.255,-0.177,-0.078,0.075,-2.714,-1.705,-2.240,-1.630,-3.870,0.000,1199,600,599
1737,Nazr Mohammed,2010,0.500,-0.870,-3.040,-0.170,2.540,-0.170,-0.120,-2.840,-1.510,-1.330,-0.824,-0.337,-0.487,1.084,-0.040,-0.680,0.490,-0.420,-0.440,0.250,-1.660,-0.090,-0.380,0.290,-0.424,0.083,-0.507,-0.786,-3.664,-0.514,-2.580,-1.300,-3.880,-0.000,19349,9657,9692
1729,Ricky Davis,2010,-1.820,-0.350,0.090,-0.190,1.730,-0.360,-0.620,-1.440,-1.370,-0.070,-0.046,-0.566,0.520,-0.444,-0.940,-0.410,-0.600,-0.290,1.520,0.280,-0.320,-1.290,-0.830,-0.460,-0.066,0.105,-0.171,-0.604,-1.486,-1.356,-1.930,-1.960,-3.890,-0.000,39208,19614,19594
2469,Pat Burke,2010,-0.720,-0.560,0.030,0.070,0.700,-0.130,0.600,-1.250,-0.170,-1.080,-1.372,-0.870,-0.502,0.342,0.070,-0.510,0.010,-0.080,-0.070,0.200,-0.440,-0.370,-0.430,0.060,-0.699,-0.141,-0.558,-0.551,-2.622,-1.069,-2.280,-1.620,-3.900,0.000,2045,1019,1026
384,Calbert Cheaney,2010,-1.300,-0.770,0.440,-0.580,0.880,-0.440,-1.910,-2.630,-2.050,-0.580,-0.462,-0.326,-0.136,-0.198,-0.220,-0.300,0.030,-0.040,0.210,-0.010,0.150,-0.460,-0.420,-0.040,-0.017,0.009,-0.026,-0.193,-3.092,-0.477,-3.290,-0.670,-3.960,0.000,1649,831,818
201949,James Johnson,2010,0.940,-0.830,-0.100,-0.560,-0.840,-0.020,-1.400,-1.770,-1.590,-0.180,-1.337,-0.453,-0.884,-0.313,0.320,0.130,-0.730,0.070,0.420,-0.130,0.560,-0.270,0.340,-0.610,-0.033,0.174,-0.207,-0.267,-3.107,-0.303,-3.420,-0.570,-4.000,-0.010,3054,1528,1526
101134,Wayne Simien,2010,-0.750,-0.300,-1.640,-0.240,2.410,-0.970,-2.400,-2.790,-2.530,-0.260,-1.293,-0.633,-0.660,-0.127,0.440,-0.210,-0.170,0.020,-0.250,-0.170,0.030,0.010,-0.260,0.270,-0.036,0.045,-0.081,0.166,-4.083,-0.026,-4.210,0.140,-4.070,-0.000,1870,937,933
201589,Darrell Arthur,2010,-1.860,-1.490,-1.820,0.280,3.680,-0.270,-0.670,-2.660,-1.790,-0.870,-0.265,-0.131,-0.134,-0.685,0.120,-0.250,-0.100,0.060,-0.020,-0.360,-0.690,-0.660,-0.630,-0.030,0.094,0.118,-0.024,0.106,-2.925,-0.566,-3.610,-0.460,-4.070,0.000,7108,3551,3557
1709,Michael Olowokandi,2010,-2.560,-0.420,-0.860,-0.240,3.420,-0.620,-0.960,-3.710,-2.650,-1.060,-0.840,0.224,-1.064,-0.300,0.170,0.050,0.830,0.040,-1.000,-0.120,0.300,0.300,0.190,0.110,0.027,0.123,-0.096,0.443,-4.550,0.327,-4.850,0.770,-4.080,0.000,4085,2038,2047
201157,Sean Williams,2010,1.600,-0.350,-1.990,-0.720,0.400,-0.600,-1.670,-1.880,-1.730,-0.150,-1.380,-1.153,-0.227,0.830,-0.940,0.450,-0.140,-0.430,1.080,-0.430,-1.290,-1.520,-0.930,-0.590,0.494,0.161,0.333,-0.634,-3.260,-1.026,-2.430,-1.660,-4.090,0.000,8101,4048,4053
200780,Solomon Jones,2010,-0.080,-0.720,-0.560,-0.990,0.650,-0.600,-2.260,-1.980,-2.160,0.180,-0.583,-0.464,-0.119,0.113,-0.730,-0.330,0.240,0.380,0.480,-0.300,-0.150,-1.060,-0.460,-0.600,-0.559,-0.487,-0.072,-0.051,-2.563,-1.619,-2.450,-1.670,-4.120,0.000,9600,4779,4821
200797,Ryan Hollins,2010,0.140,0.390,-2.340,-0.920,2.200,0.150,-3.740,-1.130,-0.650,-0.480,-2.254,-0.928,-1.326,0.684,1.330,-0.290,-1.200,-0.200,-0.130,-0.140,-2.120,-0.210,-0.270,0.060,-0.292,-0.297,0.005,-0.928,-3.384,-0.502,-2.700,-1.430,-4.120,0.010,9440,4699,4741
1903,Kenny Thomas,2010,-0.660,-0.480,-2.090,-1.150,2.740,-0.600,-1.590,-3.250,-2.400,-0.850,-1.112,-0.696,-0.416,0.322,0.120,-0.800,0.160,-0.190,-0.270,-0.090,-0.920,-0.970,-1.450,0.480,0.477,0.333,0.144,0.373,-4.362,-0.493,-4.040,-0.120,-4.160,-0.000,17053,8506,8547
2056,Primoz Brezec,2010,-1.170,-1.610,-2.500,0.030,3.670,-0.190,-0.520,-3.160,-1.960,-1.200,0.320,0.148,0.172,0.830,-0.860,-0.930,0.640,-0.120,0.210,-0.890,-1.770,-2.480,-2.320,-0.160,-0.223,0.298,-0.521,0.543,-2.840,-2.703,-2.010,-2.160,-4.170,0.000,13468,6721,6747
2400,Drew Gooden,2010,-0.900,-2.000,-3.780,-0.140,4.700,-0.030,-2.190,-2.650,-2.310,-0.340,-0.726,-0.549,-0.177,0.086,-0.600,-0.420,1.510,-0.640,-0.920,-0.660,-0.300,-0.630,-1.270,0.640,-0.560,-0.274,-0.286,0.300,-3.376,-1.190,-3.290,-0.890,-4.180,0.000,38642,19237,19405
1088,Chucky Atkins,2010,0.510,-0.540,1.690,-0.950,-2.200,-0.070,-1.790,-1.250,-1.980,0.730,0.340,0.026,0.314,-0.170,-0.400,-0.530,-0.400,-0.150,0.790,-0.210,-3.350,-2.530,-2.370,-0.160,0.039,0.136,-0.097,-0.609,-0.910,-2.491,-1.080,-3.100,-4.180,0.000,19529,9739,9790
2078,Jason Hart,2010,-2.750,-0.260,-0.630,-0.570,3.360,-0.820,-0.530,-3.340,-2.840,-0.500,0.021,-0.106,0.127,-0.471,0.470,0.020,0.100,0.080,-0.550,0.230,0.330,-0.530,0.090,-0.620,0.353,0.009,0.344,-0.203,-3.319,-0.177,-3.790,-0.380,-4.180,-0.010,9898,4944,4954
2767,Royal Ivey,2010,0.230,-0.630,-1.230,-1.060,1.010,-0.470,-0.330,-1.370,-1.210,-0.160,-0.427,-0.011,-0.416,-0.163,-1.330,-0.710,-0.220,-0.440,1.560,-0.900,-2.050,-3.080,-3.010,-0.070,0.791,0.129,0.662,0.029,-1.797,-2.289,-1.960,-2.260,-4.220,0.000,15334,7631,7703
201578,Marreese Speights,2010,0.200,-0.520,-0.350,-0.070,0.160,-0.120,-0.280,-0.910,-0.950,0.040,0.122,0.322,-0.200,0.268,-0.560,-0.720,-0.250,-0.330,0.820,-0.550,-2.280,-3.110,-2.680,-0.430,-0.011,0.104,-0.115,-0.669,-0.788,-3.121,-0.520,-3.790,-4.300,0.010,8545,4282,4263
201591,DJ White,2010,-0.150,-0.150,-0.060,-0.070,0.220,-0.010,0.100,-0.760,-0.620,-0.140,-0.097,-0.068,-0.029,0.057,-0.230,-0.020,-0.200,0.030,0.450,-0.230,-0.530,-2.680,-2.030,-0.650,0.074,0.148,-0.074,-0.914,-0.857,-2.606,-0.800,-3.520,-4.320,0.000,582,222,360
1442,Zeljko Rebraca,2010,-1.420,-0.520,-0.140,-0.240,1.580,0.050,-0.840,-1.850,-1.250,-0.600,-1.364,-0.117,-1.247,-0.556,-0.140,-0.110,0.020,-0.320,0.130,-0.240,-1.400,-1.410,-1.320,-0.090,0.209,0.086,0.123,0.651,-3.214,-1.201,-3.770,-0.550,-4.320,0.000,1651,822,829
361,Clifford Robinson,2010,-1.860,-1.480,2.200,-0.590,-0.340,-0.620,0.220,-1.810,-1.830,0.020,0.122,-0.303,0.425,-1.772,-0.770,0.260,-0.570,-0.010,1.330,0.140,-0.750,-1.040,-0.550,-0.490,-0.108,-0.172,0.064,0.268,-1.688,-1.148,-3.460,-0.880,-4.330,0.010,11181,5591,5590
2733,Shaun Livingston,2010,0.070,0.610,-3.300,0.090,3.220,-0.250,0.010,-0.510,-0.760,0.250,-0.310,0.065,-0.375,-0.450,-0.750,0.130,-0.780,0.020,1.530,0.160,-0.830,-1.860,-1.320,-0.540,-0.323,0.151,-0.474,-1.007,-0.820,-2.183,-1.270,-3.190,-4.460,0.000,15998,7906,8092
200772,Maurice Ager,2010,1.390,-0.470,-0.010,-0.670,-1.390,-1.180,-2.550,-2.520,-2.230,-0.290,0.202,-0.082,0.284,-1.122,0.060,-0.190,-0.040,0.030,-0.010,0.130,0.000,-0.320,0.180,-0.500,-0.342,-0.069,-0.273,-0.368,-2.318,-0.662,-3.440,-1.030,-4.480,-0.010,1866,926,940
201572,Brook Lopez,2010,1.910,0.000,-2.240,-0.780,0.340,-1.630,-0.790,-1.600,-1.790,0.190,-0.508,-0.515,0.007,-0.802,-1.780,-0.850,0.690,-0.700,1.080,0.190,-3.790,-0.570,-0.930,0.360,-0.787,-0.426,-0.361,-0.253,-2.108,-1.357,-2.910,-1.610,-4.510,0.010,20694,10333,10361
200781,Paul Davis,2010,-0.600,-0.380,-1.660,-0.430,2.270,-2.210,-2.680,-4.390,-4.480,0.090,-0.095,-0.137,0.042,0.495,-0.520,-0.170,0.480,0.240,0.050,-0.020,-0.480,-0.300,-0.080,-0.220,-0.116,0.287,-0.403,-0.114,-4.485,-0.416,-3.990,-0.530,-4.530,-0.010,2644,1328,1316
2863,Damien Wilkins,2010,-1.800,-0.600,-0.050,-0.670,1.850,-0.790,-3.720,-2.190,-2.210,0.020,-0.272,0.168,-0.440,0.042,-1.040,-1.400,-0.140,-0.370,1.180,-0.540,-1.670,-3.070,-2.610,-0.460,0.450,0.387,0.063,0.460,-2.462,-2.620,-2.420,-2.160,-4.580,0.000,29148,14531,14617
201145,Jeff Green,2010,0.500,0.120,-2.160,-0.530,1.660,0.170,-2.470,-1.600,-1.360,-0.240,-0.419,0.105,-0.524,-0.171,-0.880,-0.570,-0.020,-0.070,0.900,-0.190,-2.380,-1.840,-1.990,0.150,-0.908,-0.302,-0.606,-0.032,-2.019,-2.748,-2.190,-2.780,-4.980,-0.010,31272,15394,15878
976,Jeff McInnis,2010,-0.800,0.280,-1.880,0.010,2.690,-0.270,-1.590,-0.990,-0.980,-0.010,-0.342,-0.306,-0.036,-0.618,-1.590,-0.890,1.470,-0.480,0.130,0.020,-1.210,-3.010,-2.430,-0.580,0.327,0.312,0.015,-0.417,-1.332,-2.683,-1.950,-3.100,-5.050,0.000,9459,4716,4743
1752,Sean Marks,2010,-2.250,-1.010,-0.400,-0.750,2.650,-0.120,-1.220,-3.710,-3.550,-0.160,0.094,-0.043,0.137,-0.724,-1.520,0.120,0.020,0.280,1.510,0.200,0.400,-0.250,0.250,-0.500,-0.416,-0.019,-0.397,-0.054,-3.616,-0.666,-4.340,-0.720,-5.060,0.000,4785,2383,2402
2204,Eddie Griffin,2010,-0.320,-0.500,-0.140,-0.960,0.470,-1.040,-2.460,-3.170,-2.700,-0.470,-0.422,-0.278,-0.144,-0.258,-1.480,1.140,1.140,-0.380,0.350,0.000,-1.080,1.390,0.890,0.500,-0.546,-0.214,-0.332,-2.074,-3.592,0.844,-3.850,-1.230,-5.070,0.010,5353,2672,2681
436,Juwan Howard,2010,-3.630,-1.030,-1.290,-0.070,4.920,0.100,-0.090,-2.640,-1.880,-0.760,0.062,-0.100,0.162,-0.772,0.440,-0.520,-1.050,0.050,0.600,-0.570,-1.520,-1.490,-1.610,0.120,-0.644,-0.247,-0.397,0.364,-2.578,-2.134,-3.350,-1.770,-5.120,0.000,25783,12848,12935
990,Malik Rose,2010,0.290,-1.120,-2.150,-0.140,1.860,-0.870,-0.910,-2.200,-2.050,-0.150,-0.520,-0.092,-0.428,-0.110,1.270,-0.590,-0.690,-0.400,-0.580,-0.310,-2.520,-2.970,-2.690,-0.280,0.312,-0.118,0.430,0.348,-2.720,-2.658,-2.830,-2.310,-5.130,0.010,10274,5056,5218
201154,Al Thornton,2010,-0.010,-0.710,-3.430,-0.420,3.440,-0.200,-1.550,-2.330,-2.100,-0.230,-0.276,0.073,-0.349,0.216,-1.140,-0.370,0.380,-0.360,0.760,-0.590,-1.330,-2.080,-1.880,-0.200,-0.579,-0.260,-0.319,-0.131,-2.606,-2.659,-2.390,-2.790,-5.180,0.000,25700,12834,12866
1730,Brian Skinner,2010,-2.100,-0.660,-1.090,0.030,3.190,-0.730,-1.170,-4.130,-3.080,-1.050,-0.942,-0.405,-0.537,0.902,0.190,0.840,0.380,0.060,-0.570,-1.000,-0.830,0.090,-0.370,0.460,-0.836,-0.689,-0.147,-0.364,-5.072,-0.746,-4.170,-1.110,-5.280,0.000,16111,8025,8086
2556,Marcus Banks,2010,-0.080,-0.530,-0.060,-0.910,0.140,-1.100,-3.580,-1.580,-1.720,0.140,-0.051,0.446,-0.497,-1.529,0.110,-0.390,-0.030,0.430,-0.070,-0.620,0.150,-1.590,-0.890,-0.700,0.212,-0.135,0.347,-0.832,-1.631,-1.378,-3.160,-2.210,-5.370,0.000,11346,5675,5671
201581,JJ Hickson,2010,0.300,0.180,-1.100,0.550,0.810,-0.030,0.970,-0.550,0.190,-0.740,-1.350,-0.561,-0.789,-0.850,-0.870,-0.300,0.260,-0.110,0.610,-0.050,-2.010,-1.100,-1.230,0.130,-0.913,-0.364,-0.549,-0.657,-1.900,-2.013,-2.750,-2.670,-5.420,0.000,9214,4582,4632
101123,Gerald Green,2010,-1.890,-1.210,0.980,-0.810,0.910,-1.120,-3.020,-2.020,-2.310,0.290,-0.660,0.025,-0.685,-1.450,-0.330,-0.090,-0.180,0.030,0.520,-0.350,-0.360,-1.870,-1.080,-0.790,-0.112,-0.217,0.105,0.582,-2.680,-1.982,-4.130,-1.400,-5.530,0.000,10959,5493,5466
1863,Earl Boykins,2010,-1.410,-1.840,0.080,-0.880,1.340,-0.150,-3.080,-2.280,-2.770,0.490,0.628,0.390,0.238,-0.248,-1.190,-1.370,0.690,-0.340,0.510,0.230,-2.410,-2.490,-2.250,-0.240,-0.385,-0.420,0.035,-0.755,-1.652,-2.875,-1.900,-3.630,-5.540,-0.010,20411,10236,10175
1720,Michael Doleac,2010,-1.130,-1.140,-2.610,-0.770,3.750,0.200,-3.210,-3.940,-3.350,-0.590,-0.511,-0.222,-0.289,-0.329,0.480,-0.580,-0.240,-0.060,-0.240,0.060,-0.560,-0.770,-0.650,-0.120,-0.067,0.034,-0.101,0.027,-4.451,-0.837,-4.780,-0.810,-5.590,-0.000,5090,2545,2545
101113,Ike Diogu,2010,-0.350,-1.080,-2.460,-0.980,2.830,-1.320,-5.460,-4.080,-4.060,-0.020,-1.411,-0.369,-1.042,1.351,-0.180,-0.290,0.660,0.180,-0.480,-0.320,-0.830,-0.990,-0.900,-0.090,-0.612,-0.402,-0.210,0.122,-5.491,-1.602,-4.140,-1.480,-5.620,0.000,8799,4413,4386
2412,Jiri Welsch,2010,0.550,-0.240,0.280,-0.650,-0.820,-1.500,-2.700,-3.460,-3.650,0.190,-0.586,-0.461,-0.125,-0.264,-0.280,-0.440,0.020,0.060,0.280,-0.300,-0.240,-1.520,-1.230,-0.290,0.048,0.298,-0.250,0.022,-4.046,-1.472,-4.310,-1.450,-5.760,0.000,3409,1694,1715
2201,Eddy Curry,2010,3.250,0.750,-1.570,-0.360,-1.690,-0.270,-0.290,-0.400,0.090,-0.490,-3.184,-1.362,-1.822,0.314,0.410,-0.940,0.460,-0.740,-0.870,-0.760,-3.340,-0.430,-1.670,1.240,-1.411,-0.841,-0.570,-0.669,-3.584,-1.841,-3.270,-2.510,-5.780,0.000,23248,11666,11582
1744,Jerome James,2010,-0.740,-1.410,0.030,-0.370,0.720,-1.030,-2.900,-4.070,-3.280,-0.790,-1.402,-0.220,-1.182,-0.308,0.680,0.300,-0.440,-0.120,-0.240,-0.080,-0.490,-0.150,0.090,-0.240,-0.290,0.066,-0.356,0.250,-5.472,-0.440,-5.780,-0.190,-5.970,0.000,2568,1275,1293
101130,Johan Petro,2010,-2.600,-0.790,-3.500,-0.480,6.110,0.190,-2.620,-3.630,-2.450,-1.180,-0.633,-0.423,-0.210,-0.877,0.490,-0.730,-0.320,-0.590,-0.160,0.210,-2.190,-0.260,-0.520,0.260,-0.352,0.075,-0.427,-0.338,-4.263,-0.612,-5.140,-0.950,-6.090,0.000,19689,9839,9850
201187,Dominic McGuire,2010,1.040,-0.320,-1.720,-0.890,0.680,-1.260,-1.710,-2.730,-2.440,-0.290,-0.674,-0.395,-0.279,0.114,-0.420,-0.900,-1.410,-0.220,1.820,0.090,-3.770,-1.530,-1.860,0.330,-0.577,-0.103,-0.474,-0.753,-3.404,-2.107,-3.290,-2.860,-6.150,0.000,11379,5646,5733
101124,Hakim Warrick,2010,0.200,-1.280,-2.060,-0.820,1.870,-0.940,-4.080,-2.260,-2.450,0.190,-0.555,0.241,-0.796,-0.415,-0.850,-0.950,-0.560,-0.070,1.410,-0.810,-2.170,-2.470,-2.230,-0.240,-0.251,-0.147,-0.104,-0.259,-2.815,-2.721,-3.230,-2.980,-6.210,0.000,31264,15639,15625
2694,Josh Powell,2010,-1.880,-0.650,-2.390,-0.580,4.280,-0.640,-1.630,-3.180,-2.470,-0.710,-1.133,-0.638,-0.495,-0.147,-0.960,-0.770,-0.920,0.140,1.870,-1.080,-2.250,-2.930,-2.530,-0.400,-0.474,0.036,-0.510,-0.076,-4.313,-3.404,-4.460,-3.480,-7.940,0.000,12869,6410,6459
201602,Kyle Weaver,2010,-0.700,0.420,-0.270,-0.180,0.990,-0.130,-0.480,-1.210,-1.050,-0.160,-0.502,-0.343,-0.159,-0.968,-0.340,-0.200,0.370,0.220,-0.010,-0.580,-0.380,-4.590,-3.630,-0.960,-0.085,0.212,-0.297,-0.915,-1.712,-4.675,-2.680,-5.590,-8.280,-0.010,4484,2101,2383
