player_id,player_name,Latest_Year,oRIM_FREQ,oRIM_FG_PCT,oTHREE_FREQ,oTHREE_FG_PCT,oMIDRANGE_FREQ,oMIDRANGE_FG_PCT,oASSIST_POINTS,oALT_TS,oALT_EFG,oALT_FT,oALT_TOV,oALT_TOV_bp,oALT_TOV_sc,oSC,dRIM_FREQ,dRIM_FG_PCT,dTHREE_FREQ,dTHREE_FG_PCT,dMIDRANGE_FREQ,dMIDRANGE_FG_PCT,dASSIST_POINTS,dALT_TS,dALT_EFG,dALT_FT,dALT_TOV,dALT_TOV_bp,dALT_TOV_sc,dSC,oFC,dFC,off,def,net_rapm,RESID,possessions,off_poss,def_poss
203999,Nikola Jokic,2024,1.410,2.150,-1.480,0.870,0.100,2.600,9.080,5.830,5.020,0.810,-0.095,-0.519,0.424,0.325,1.320,-0.500,-0.700,0.340,-0.610,-0.250,-0.980,0.160,-0.370,0.530,-0.030,0.289,-0.319,1.610,5.735,0.130,6.060,1.740,7.790,-0.010,25432,12762,12670
203954,Joel Embiid,2024,-0.110,1.520,-0.630,0.730,0.740,0.520,3.400,5.200,3.190,2.010,-0.283,0.051,-0.334,-1.237,1.790,0.460,-0.290,0.580,-1.490,0.360,2.580,3.060,2.710,0.350,0.025,0.053,-0.028,0.015,4.917,3.085,3.680,3.100,6.780,0.000,16632,8334,8298
202331,Paul George,2024,-1.230,0.820,0.470,1.930,0.750,1.360,1.460,4.480,4.020,0.460,0.227,-0.168,0.395,-0.767,0.730,0.600,-0.850,-0.320,0.180,0.320,0.140,0.740,0.660,0.080,0.809,0.107,0.702,0.351,4.707,1.549,3.940,1.900,5.840,-0.000,18792,9402,9390
1628983,Shai Gilgeous-Alexander,2024,-0.260,-0.490,-1.530,0.300,1.990,1.020,-3.120,2.310,0.680,1.630,1.807,0.874,0.933,-0.197,-0.100,0.440,-0.330,0.500,0.550,0.280,1.050,1.050,0.920,0.130,0.759,0.016,0.743,-0.249,4.117,1.809,3.920,1.560,5.480,0.000,22555,11291,11264
2544,LeBron James,2024,3.750,2.810,-0.690,0.380,-3.040,-0.500,3.530,4.020,4.260,-0.240,0.057,-0.695,0.752,-0.287,0.500,0.030,-0.800,0.270,0.290,0.070,-0.080,1.430,0.950,0.480,-0.037,0.005,-0.042,0.237,4.077,1.393,3.790,1.630,5.420,0.000,21783,10888,10895
203081,Damian Lillard,2024,0.560,0.980,4.100,0.760,-4.590,0.380,-0.110,5.230,3.320,1.910,0.861,-0.156,1.017,-1.511,-0.820,-0.170,0.980,0.680,-0.170,0.150,0.250,1.280,1.160,0.120,-0.459,-0.277,-0.182,-0.101,6.091,0.821,4.580,0.720,5.300,-0.000,20084,10059,10025
202681,Kyrie Irving,2024,-1.520,1.560,0.220,1.610,1.280,1.380,1.620,3.270,3.520,-0.250,1.087,0.587,0.500,0.273,0.400,0.830,0.530,0.210,-0.930,0.010,0.410,0.810,0.760,0.050,-0.245,-0.095,-0.150,0.015,4.357,0.565,4.630,0.580,5.210,0.000,20589,10326,10263
202695,Kawhi Leonard,2024,-2.110,0.220,-0.750,0.540,2.830,1.290,-0.300,1.580,0.990,0.590,1.177,0.753,0.424,-0.007,-0.230,0.410,0.430,0.140,-0.180,0.640,1.880,0.770,0.700,0.070,0.476,0.402,0.074,0.924,2.757,1.246,2.750,2.170,4.920,0.000,17052,8527,8525
203110,Draymond Green,2024,1.720,0.650,0.330,0.390,-2.140,-0.130,4.610,1.600,1.660,-0.060,0.034,-0.636,0.670,-0.484,2.650,0.820,-1.830,0.210,-0.830,0.470,0.750,2.980,2.450,0.530,0.007,0.001,0.006,0.693,1.634,2.987,1.150,3.680,4.820,-0.010,17872,8933,8939
1628973,Jalen Brunson,2024,-2.300,0.480,-2.110,0.510,4.400,1.420,-1.710,1.920,1.160,0.760,1.777,0.907,0.870,1.353,-0.040,-0.350,-0.320,-0.260,0.360,0.080,-0.790,-0.570,-0.500,-0.070,0.238,-0.242,0.480,0.042,3.697,-0.332,5.050,-0.290,4.760,0.000,23838,11949,11889
1630532,Franz Wagner,2024,3.860,0.650,-1.800,-1.270,-2.050,0.120,-1.350,0.840,0.030,0.810,0.327,0.040,0.287,0.063,0.540,0.480,-0.390,0.500,-0.140,0.080,2.810,1.690,1.670,0.020,0.725,0.103,0.622,1.005,1.167,2.415,1.230,3.420,4.640,-0.010,21068,10541,10527
203507,Giannis Antetokounmpo,2024,5.300,2.730,-0.310,0.050,-5.010,-1.330,2.160,2.360,2.490,-0.130,0.131,0.687,-0.556,1.009,1.040,1.180,-0.090,0.150,-0.960,-0.390,1.330,0.940,1.000,-0.060,-0.677,-0.140,-0.537,0.837,2.491,0.263,3.500,1.100,4.600,0.000,19478,9758,9720
1628369,Jayson Tatum,2024,0.380,1.340,2.480,0.200,-2.860,0.230,1.430,2.710,1.820,0.890,0.857,0.609,0.248,0.453,0.260,0.410,-0.250,0.340,-0.010,-0.050,1.590,1.040,0.590,0.450,-0.456,-0.137,-0.319,-0.064,3.567,0.584,4.020,0.520,4.530,-0.010,27705,13872,13833
1628374,Lauri Markkanen,2024,1.240,-0.730,2.110,0.810,-3.340,-0.340,3.500,1.810,1.250,0.560,-0.215,0.132,-0.347,1.635,0.050,0.200,0.350,0.050,-0.390,-0.030,0.710,0.790,0.780,0.010,-0.292,-0.025,-0.267,0.602,1.595,0.498,3.230,1.100,4.330,0.000,16730,8361,8369
1629029,Luka Doncic,2024,-1.990,2.790,2.800,0.470,-0.810,1.240,-3.140,3.810,3.760,0.050,0.201,-0.385,0.586,-0.811,0.190,-0.180,-0.420,0.300,0.240,0.060,-0.240,0.720,0.690,0.030,0.033,0.022,0.011,0.367,4.011,0.753,3.200,1.120,4.320,0.000,23730,11894,11836
1628401,Derrick White,2024,-1.080,0.900,2.400,0.890,-1.310,-0.600,4.080,1.480,1.450,0.030,1.071,0.227,0.844,-0.401,0.040,1.170,0.890,0.330,-0.930,-0.040,1.270,2.220,1.930,0.290,0.029,-0.382,0.411,-0.099,2.551,2.249,2.150,2.150,4.300,-0.000,23949,11966,11983
1626164,Devin Booker,2024,-1.240,1.650,-0.390,1.150,1.610,1.370,1.480,4.440,3.660,0.780,0.828,0.495,0.333,-0.018,0.410,0.320,-0.080,0.020,-0.330,0.160,0.910,0.110,0.430,-0.320,-0.302,0.043,-0.345,-0.768,5.268,-0.192,5.250,-0.960,4.280,-0.010,19839,9946,9893
1630169,Tyrese Haliburton,2024,-1.570,2.110,4.190,0.590,-2.620,1.390,3.660,3.690,3.750,-0.060,1.074,0.145,0.929,-0.684,-2.440,-0.100,1.940,0.510,0.480,0.250,2.580,0.800,1.090,-0.290,-0.231,0.215,-0.446,-0.429,4.764,0.569,4.080,0.140,4.220,0.000,19203,9620,9583
201950,Jrue Holiday,2024,-0.870,0.980,2.600,0.570,-1.730,-0.110,0.150,1.380,1.920,-0.540,0.617,0.056,0.561,0.053,0.570,0.850,-0.540,-0.060,-0.010,0.660,0.210,1.530,0.910,0.620,0.142,0.044,0.098,0.338,1.997,1.672,2.050,2.010,4.070,0.010,21706,10875,10831
203076,Anthony Davis,2024,1.490,0.940,-3.950,-0.430,2.470,-0.160,0.070,0.740,-0.020,0.760,0.145,-0.098,0.243,0.155,2.120,0.600,-0.280,-0.090,-1.860,0.560,1.000,1.990,1.690,0.300,0.112,0.272,-0.160,0.898,0.885,2.102,1.040,3.000,4.040,0.000,22512,11271,11241
1630162,Anthony Edwards,2024,1.040,1.090,1.160,0.180,-2.190,-0.040,-1.860,2.890,2.420,0.470,0.101,0.307,-0.206,-0.691,-0.520,1.140,0.110,0.740,0.440,-0.170,1.570,1.040,1.430,-0.390,0.191,-0.245,0.436,0.359,2.991,1.231,2.300,1.590,3.890,0.000,26159,13088,13071
1631096,Chet Holmgren,2024,-0.440,1.760,-0.620,0.480,0.970,1.040,1.970,2.530,2.470,0.060,0.046,0.061,-0.015,-0.416,0.880,1.500,-0.480,-0.160,-0.520,0.380,0.330,2.290,2.020,0.270,-0.180,-0.267,0.087,-0.500,2.576,2.110,2.160,1.610,3.770,0.000,11331,5675,5656
1629111,Jock Landale,2024,-1.530,-0.600,1.160,0.060,0.360,0.870,0.570,0.060,0.420,-0.360,-0.831,-0.418,-0.413,2.171,-0.320,0.650,0.550,0.460,-0.230,0.140,2.060,1.610,1.690,-0.080,0.174,-0.108,0.282,0.516,-0.771,1.784,1.400,2.300,3.700,0.000,7573,3794,3779
203500,Steven Adams,2024,1.300,-0.380,-2.550,0.440,1.260,-0.480,-0.820,-0.590,0.170,-0.760,0.736,0.324,0.412,2.424,0.260,0.080,-0.310,-0.070,0.040,0.570,-0.640,1.080,0.760,0.320,-0.345,-0.080,-0.265,0.355,0.146,0.735,2.570,1.090,3.660,0.000,4686,2345,2341
1630529,Herbert Jones,2024,1.430,0.030,-1.860,0.660,0.430,0.570,0.850,1.600,1.170,0.430,0.471,0.249,0.222,-0.551,1.160,-0.100,-1.110,0.330,-0.080,0.290,1.060,1.060,1.080,-0.020,0.847,0.660,0.187,0.083,2.071,1.907,1.520,1.990,3.510,-0.000,17626,8801,8825
1641764,Brandin Podziemski,2024,0.780,0.050,-0.850,0.280,0.090,-0.110,0.730,0.190,0.700,-0.510,1.044,0.468,0.576,1.816,0.650,-0.320,-0.600,0.220,-0.040,0.310,0.000,0.940,1.020,-0.080,-0.050,0.155,-0.205,-0.450,1.234,0.890,3.050,0.440,3.480,-0.010,7939,3958,3981
203957,Dante Exum,2024,0.880,0.500,0.290,0.720,-1.190,-0.060,1.810,2.310,2.410,-0.100,0.878,0.407,0.471,-0.128,0.070,0.590,0.100,-0.260,-0.160,0.040,0.560,0.180,0.030,0.150,-0.006,-0.193,0.187,0.246,3.188,0.174,3.060,0.420,3.480,-0.000,4991,2488,2503
1628378,Donovan Mitchell,2024,0.330,1.700,0.930,-0.540,-1.260,0.180,-4.170,0.510,0.500,0.010,0.876,0.067,0.809,0.244,0.260,0.580,0.800,-0.190,-1.070,0.660,1.970,0.800,0.920,-0.120,0.604,0.285,0.319,0.426,1.386,1.404,1.630,1.830,3.460,-0.000,19582,9839,9743
1630573,Sam Hauser,2024,-1.670,0.200,4.360,0.560,-2.710,0.020,1.370,1.100,1.090,0.010,0.133,0.052,0.081,0.477,0.030,0.860,0.840,0.760,-0.870,-0.020,1.940,2.380,2.250,0.130,-0.641,-0.228,-0.413,-0.009,1.233,1.739,1.710,1.730,3.440,0.000,13597,6824,6773
1627832,Fred VanVleet,2024,-1.670,-0.410,2.710,-0.200,-1.060,0.010,-0.190,0.880,0.120,0.760,1.249,0.727,0.522,-0.269,0.090,-0.180,-0.030,0.650,-0.040,-0.500,2.870,-0.430,-0.080,-0.350,1.158,0.011,1.147,0.812,2.129,0.728,1.860,1.540,3.400,-0.000,20977,10516,10461
1628384,OG Anunoby,2024,0.310,0.120,0.400,-0.320,-0.680,0.550,0.390,-0.540,-0.350,-0.190,-0.411,-0.225,-0.186,0.901,-0.970,0.160,0.150,0.500,0.830,0.540,-0.240,1.650,1.610,0.040,1.107,0.748,0.359,0.523,-0.951,2.757,-0.050,3.280,3.240,0.010,17608,8811,8797
1641726,Dereck Lively II,2024,0.170,0.690,-1.310,1.060,1.120,0.060,2.180,1.190,1.590,-0.400,0.370,0.073,0.297,1.510,0.960,0.450,-0.760,-0.470,-0.200,0.080,-1.800,-0.220,-0.310,0.090,-0.264,0.100,-0.364,0.644,1.560,-0.484,3.070,0.160,3.220,-0.010,7091,3543,3548
1630178,Tyrese Maxey,2024,-0.120,-0.830,-0.820,0.910,0.960,0.740,-0.200,2.040,1.320,0.720,1.346,0.838,0.508,0.104,-1.200,0.200,0.900,0.060,0.300,-0.110,-0.200,-0.440,-0.160,-0.280,-0.343,-0.210,-0.133,0.483,3.386,-0.783,3.490,-0.300,3.190,-0.000,21062,10571,10491
1626172,Kevon Looney,2024,-2.520,-0.630,1.710,0.930,0.900,-0.620,2.710,-0.780,-0.510,-0.270,-0.016,0.130,-0.146,2.946,0.890,-0.060,-0.340,0.430,-0.460,0.320,0.590,1.440,1.230,0.210,-1.014,-0.649,-0.365,0.464,-0.796,0.426,2.150,0.890,3.040,-0.000,14461,7199,7262
202710,Jimmy Butler,2024,0.040,0.050,-1.420,0.350,1.390,0.300,-1.030,1.800,0.500,1.300,0.727,0.022,0.705,0.483,-0.280,-0.940,-0.010,0.110,0.290,-0.480,0.380,-0.870,-0.840,-0.030,0.822,0.407,0.415,0.078,2.527,-0.048,3.010,0.030,3.030,-0.010,19899,9959,9940
1630631,Jose Alvarado,2024,-0.180,0.790,0.640,-0.440,-0.430,-0.330,0.510,0.570,0.650,-0.080,0.149,0.330,-0.181,0.401,0.090,-0.300,-0.340,0.390,0.240,0.560,1.930,0.540,0.800,-0.260,0.942,0.339,0.603,0.308,0.719,1.482,1.120,1.790,2.910,0.000,9611,4789,4822
203484,Kentavious Caldwell-Pope,2024,0.790,1.040,-1.330,1.070,0.540,0.380,2.910,1.910,1.750,0.160,0.380,-0.180,0.560,-0.440,-0.570,-0.190,0.980,0.330,-0.380,-0.020,0.470,0.530,0.420,0.110,0.477,0.264,0.213,0.033,2.290,1.007,1.850,1.040,2.890,0.000,23592,11796,11796
1629731,Dean Wade,2024,-0.850,-0.670,1.350,0.090,-0.500,-1.160,0.300,-0.960,-1.110,0.150,0.188,0.025,0.163,-0.208,-0.360,0.480,1.540,0.720,-1.170,0.440,3.170,2.250,2.140,0.110,0.656,0.124,0.532,0.934,-0.772,2.906,-0.980,3.840,2.860,-0.000,8228,4087,4141
201939,Stephen Curry,2024,2.220,1.060,1.740,0.990,-4.080,-0.480,0.790,4.040,3.630,0.410,-0.586,-0.777,0.191,-0.694,0.220,-0.630,0.150,0.360,-0.380,0.080,1.390,-0.410,-0.320,-0.090,0.110,-0.072,0.182,0.350,3.454,-0.300,2.760,0.050,2.810,0.000,20814,10435,10379
1628404,Josh Hart,2024,1.120,0.830,0.100,0.260,-1.170,-0.680,0.880,1.360,1.240,0.120,-0.321,-0.170,-0.151,0.601,-0.360,0.360,0.260,-0.240,0.070,0.520,1.160,0.280,0.230,0.050,0.566,0.314,0.252,0.314,1.039,0.846,1.640,1.160,2.800,-0.000,23966,11991,11975
1629162,Jordan McLaughlin,2024,-0.030,0.550,1.040,0.140,-1.020,-0.050,4.980,0.380,1.120,-0.740,0.132,-0.014,0.146,-0.642,0.220,0.170,0.670,0.320,-0.880,0.310,2.460,1.070,1.350,-0.280,1.018,0.246,0.772,0.782,0.512,2.088,-0.130,2.870,2.740,0.000,5569,2780,2789
201143,Al Horford,2024,0.310,0.060,1.720,1.250,-2.020,0.150,2.970,2.320,2.630,-0.310,0.214,0.242,-0.028,-0.904,-0.290,-0.020,-0.050,0.510,0.350,-0.180,1.610,0.910,0.630,0.280,-0.583,-0.394,-0.189,0.773,2.534,0.327,1.630,1.100,2.730,0.000,19349,9691,9658
1629630,Ja Morant,2024,3.450,-0.320,-2.000,-0.610,-1.460,-0.230,-3.410,0.870,0.180,0.690,-0.012,-0.284,0.272,0.122,0.160,-0.030,0.390,0.700,-0.530,0.590,1.370,2.440,2.360,0.080,-0.267,-0.220,-0.047,-0.423,0.858,2.173,0.980,1.750,2.730,0.000,10235,5128,5107
204001,Kristaps Porzingis,2024,0.200,0.670,-1.260,0.110,1.070,1.330,-0.080,1.500,0.730,0.770,0.054,-0.294,0.348,-0.404,0.400,1.380,-0.740,-0.010,0.340,0.550,0.230,2.460,2.310,0.150,-1.023,-0.443,-0.580,0.143,1.554,1.437,1.150,1.580,2.720,-0.010,16135,8093,8042
1628386,Jarrett Allen,2024,-0.050,1.260,-1.200,0.520,1.250,0.790,3.610,1.620,2.140,-0.520,-0.796,-1.083,0.287,0.966,0.030,0.370,-0.220,0.160,0.190,-0.280,-0.170,0.590,0.240,0.350,-0.012,0.170,-0.182,0.342,0.824,0.578,1.790,0.920,2.710,0.000,19539,9760,9779
201142,Kevin Durant,2024,-1.940,1.630,-2.730,1.300,4.630,2.060,-0.040,4.030,3.070,0.960,-0.736,-0.644,-0.092,-1.014,-0.770,0.400,0.320,0.040,0.470,0.550,1.200,0.860,0.780,0.080,-0.206,-0.350,0.144,-0.254,3.294,0.654,2.280,0.400,2.680,0.000,20656,10345,10311
203994,Jusuf Nurkic,2024,0.260,0.070,-0.300,0.800,0.100,0.480,4.250,0.170,0.930,-0.760,-0.457,-0.544,0.087,0.557,0.500,0.520,0.190,-0.030,-0.710,0.200,0.470,1.800,1.730,0.070,-0.670,-0.113,-0.557,1.220,-0.287,1.130,0.270,2.350,2.610,-0.010,14704,7359,7345
203992,Bogdan Bogdanovic,2024,-0.920,-0.260,1.630,0.730,-0.710,1.080,2.000,2.070,2.180,-0.110,0.879,0.155,0.724,0.081,0.720,-0.160,-1.460,-0.160,0.730,-0.060,-0.590,-0.620,-0.650,0.030,-0.226,-0.099,-0.127,0.426,2.949,-0.846,3.030,-0.420,2.610,0.000,16602,8315,8287
1626168,Trey Lyles,2024,-1.240,0.080,2.520,0.980,-1.300,0.200,1.870,1.910,1.950,-0.040,-0.144,-0.218,0.074,1.084,0.590,0.320,-0.450,-0.110,-0.140,0.080,-0.850,0.030,0.100,-0.070,-0.327,-0.324,-0.003,0.047,1.766,-0.297,2.850,-0.250,2.600,0.000,10218,5123,5095
1629026,Kenrich Williams,2024,0.180,-0.880,-0.360,0.080,0.130,0.230,-0.240,-1.070,-0.950,-0.120,0.020,-0.058,0.078,1.660,-0.130,-0.050,0.180,0.770,0.120,-0.240,1.720,0.480,0.940,-0.460,0.813,0.146,0.667,0.647,-1.050,1.293,0.610,1.940,2.550,0.000,9675,4803,4872
1628371,Jonathan Isaac,2024,1.230,0.080,-0.920,-0.440,-0.250,-0.690,-1.220,-1.180,-0.900,-0.280,0.096,0.041,0.055,1.154,0.520,0.680,-0.230,0.030,-0.280,0.080,1.640,0.930,1.120,-0.190,0.980,0.717,0.263,0.510,-1.084,1.910,0.070,2.420,2.490,0.000,4646,2315,2331
1628368,De'Aaron Fox,2024,-1.410,0.470,-0.100,0.210,1.520,0.920,-2.450,1.230,1.100,0.130,0.985,0.764,0.221,0.735,0.510,-0.190,-0.580,-0.520,0.070,0.080,0.040,-1.070,-1.100,0.030,-0.155,-0.360,0.205,0.665,2.215,-1.225,2.950,-0.560,2.390,0.000,22023,11046,10977
1629638,Nickeil Alexander-Walker,2024,0.110,-0.490,1.660,0.620,-1.740,0.580,0.960,1.440,1.500,-0.060,-0.036,0.453,-0.489,-0.334,-0.330,0.750,0.950,-0.140,-0.630,0.580,2.710,-0.040,0.530,-0.570,0.674,0.207,0.467,0.616,1.404,0.634,1.070,1.250,2.310,-0.010,13365,6652,6713
203458,Alex Len,2024,-1.810,-0.320,1.250,0.220,0.550,0.320,0.040,-0.360,0.090,-0.450,-0.027,0.256,-0.283,0.747,0.630,0.150,-0.580,0.200,-0.040,0.360,1.960,0.830,1.060,-0.230,0.445,0.152,0.293,0.665,-0.387,1.275,0.360,1.940,2.300,0.000,2695,1351,1344
1630200,Tre Jones,2024,1.140,0.140,-0.730,-0.200,-0.410,0.620,2.720,1.260,1.400,-0.140,0.830,0.216,0.614,-0.260,-0.420,-0.320,1.120,-0.070,-0.690,-0.100,0.290,0.600,0.150,0.450,0.366,0.151,0.215,-0.506,2.090,0.966,1.830,0.460,2.290,0.000,17006,8512,8494
1641767,Ben Sheppard,2024,1.160,0.510,-0.650,-0.020,-0.490,0.940,2.300,1.050,1.390,-0.340,0.686,0.272,0.414,1.314,-0.600,-0.340,1.120,0.050,-0.520,-0.140,1.620,-0.190,0.020,-0.210,0.111,-0.069,0.180,-0.681,1.736,-0.079,3.050,-0.760,2.290,-0.000,4678,2330,2348
1627780,Gary Payton II,2024,0.420,0.720,1.520,-0.460,-1.900,-0.100,0.800,0.730,0.060,0.670,0.184,0.284,-0.100,1.746,-0.380,-0.010,0.250,-0.240,0.130,-0.000,0.310,-1.190,-0.970,-0.220,0.339,0.380,-0.041,0.431,0.914,-0.851,2.660,-0.420,2.250,0.010,5058,2505,2553
1626153,Delon Wright,2024,-0.220,-0.070,0.960,0.330,-0.760,0.070,1.720,1.170,1.030,0.140,-0.167,0.407,-0.574,0.157,-0.210,0.040,0.520,0.220,-0.320,-0.060,1.140,0.420,0.350,0.070,0.629,0.529,0.100,0.041,1.003,1.049,1.160,1.090,2.250,0.000,8291,4151,4140
203939,Dwight Powell,2024,-0.870,-0.260,0.430,0.490,0.430,0.100,0.120,-0.260,-0.520,0.260,-0.240,0.138,-0.378,2.040,0.710,-1.070,0.350,0.230,-1.060,-0.060,0.230,0.360,0.400,-0.040,0.352,0.214,0.138,-0.022,-0.500,0.712,1.540,0.690,2.230,0.000,9254,4618,4636
201572,Brook Lopez,2024,-0.310,-0.180,-0.540,0.200,0.850,-0.110,-1.390,-1.460,-1.350,-0.110,0.001,-0.375,0.376,0.469,2.150,1.490,0.640,0.320,-2.780,-0.010,0.760,3.900,3.070,0.830,-1.469,-0.857,-0.612,0.729,-1.459,2.431,-0.990,3.160,2.170,0.000,21420,10734,10686
203932,Aaron Gordon,2024,1.400,0.220,-0.860,0.030,-0.520,0.400,-1.270,-0.560,-0.370,-0.190,-0.073,0.180,-0.253,0.763,-0.340,-0.090,0.400,0.290,-0.050,0.560,-0.050,1.190,0.870,0.320,0.235,0.255,-0.020,0.605,-0.633,1.425,0.130,2.030,2.160,0.000,22016,11003,11013
201144,Mike Conley,2024,-1.180,-0.710,1.700,1.210,-0.530,-0.500,3.580,-0.050,-0.250,0.200,0.462,-0.102,0.564,1.368,-0.690,0.510,1.690,-0.260,-1.030,-0.040,1.850,0.260,0.100,0.160,0.318,0.091,0.227,-0.208,0.412,0.578,1.780,0.370,2.150,0.000,19260,9653,9607
1628392,Isaiah Hartenstein,2024,0.570,-0.100,-0.830,-0.160,0.260,1.150,1.460,0.400,0.230,0.170,0.393,-0.140,0.533,0.767,0.620,0.830,-0.530,-0.270,-0.100,-0.160,-0.820,0.070,-0.080,0.150,-0.020,0.082,-0.102,0.540,0.793,0.050,1.560,0.590,2.150,-0.000,16330,8169,8161
1630217,Desmond Bane,2024,-0.090,-0.250,0.790,0.390,-0.710,-0.050,1.010,0.890,0.930,-0.040,-0.160,0.177,-0.337,0.650,1.060,0.510,-0.810,-0.080,-0.250,0.380,0.120,0.780,0.990,-0.210,0.101,0.186,-0.085,-0.131,0.730,0.881,1.380,0.750,2.130,0.000,14534,7276,7258
1627936,Alex Caruso,2024,0.880,-0.000,0.070,-0.430,-0.950,0.300,-1.390,-0.350,-0.480,0.130,-0.283,-0.228,-0.055,-0.267,1.420,0.100,-1.500,0.090,0.080,0.160,0.820,0.640,0.400,0.240,1.846,0.741,1.105,0.514,-0.633,2.486,-0.900,3.000,2.100,0.000,14463,7233,7230
1629004,Svi Mykhailiuk,2024,0.650,0.000,1.010,0.650,-1.680,0.010,4.180,1.680,2.270,-0.590,-0.179,-0.062,-0.117,-0.171,-0.190,-0.060,0.370,0.210,-0.180,0.130,0.820,0.300,0.080,0.220,0.077,0.137,-0.060,0.383,1.501,0.377,1.330,0.760,2.090,0.000,3661,1842,1819
1627783,Pascal Siakam,2024,1.150,0.900,-3.080,0.050,1.940,0.670,0.940,1.300,1.110,0.190,1.119,0.469,0.650,-0.209,-0.040,-0.620,0.620,-0.420,-0.590,0.200,0.110,-0.690,-0.640,-0.050,-0.356,-0.239,-0.117,0.846,2.419,-1.046,2.210,-0.200,2.010,-0.000,23825,11934,11891
1626167,Myles Turner,2024,0.420,0.760,-0.040,0.530,-0.380,1.750,1.330,1.970,1.730,0.240,0.497,0.308,0.189,-0.777,0.160,0.800,1.170,-0.240,-1.310,-0.550,0.460,0.720,0.410,0.310,-0.504,-0.117,-0.387,0.104,2.467,0.216,1.690,0.320,2.010,-0.000,18294,9160,9134
1628420,Monte Morris,2024,-1.880,0.770,0.400,0.290,1.460,0.590,2.390,0.720,0.660,0.060,1.239,0.580,0.659,0.261,-0.650,0.100,1.440,-0.320,-0.800,0.250,-0.000,0.810,0.550,0.260,-0.760,-0.456,-0.304,-0.300,1.959,0.050,2.220,-0.250,1.970,-0.000,9040,4515,4525
1629632,Coby White,2024,-0.180,0.360,1.260,0.390,-1.090,0.520,1.090,2.180,2.120,0.060,0.655,0.637,0.018,0.345,0.760,-0.380,-1.960,0.100,1.210,0.120,-2.620,-0.030,-0.020,-0.010,-0.166,-0.057,-0.109,-1.064,2.835,-0.196,3.180,-1.260,1.920,0.000,18412,9218,9194
1629652,Luguentz Dort,2024,1.020,-0.800,-0.280,0.160,-0.990,1.370,-1.050,1.670,1.600,0.070,0.831,0.884,-0.053,-0.901,0.240,0.440,-1.210,-0.110,0.800,0.070,-0.340,0.710,0.570,0.140,0.718,-0.006,0.724,-1.138,2.501,1.428,1.600,0.290,1.900,0.010,20426,10197,10229
1630193,Immanuel Quickley,2024,-0.480,-0.210,0.110,-1.030,0.350,0.030,-3.950,-1.550,-2.010,0.460,0.164,0.644,-0.480,0.626,0.810,0.690,-0.820,0.650,0.000,0.880,1.350,2.560,2.470,0.090,0.173,0.045,0.128,-0.103,-1.386,2.733,-0.760,2.630,1.870,0.000,18008,9008,9000
203915,Spencer Dinwiddie,2024,-0.820,-0.690,2.570,0.600,-1.760,0.530,0.740,1.200,0.770,0.430,1.055,0.562,0.493,-0.385,0.390,0.420,0.940,0.030,-1.330,-0.520,-0.240,0.500,0.320,0.180,-0.504,-0.241,-0.263,0.004,2.255,-0.004,1.870,-0.000,1.870,0.000,20328,10163,10165
1629011,Mitchell Robinson,2024,-1.240,-0.850,0.230,1.220,0.980,-0.960,0.660,-1.190,-0.160,-1.030,-0.078,0.324,-0.402,2.558,0.690,-0.580,-1.020,0.030,0.340,0.070,-0.030,0.110,-0.240,0.350,0.057,0.192,-0.135,0.353,-1.268,0.167,1.290,0.520,1.800,-0.010,10861,5408,5453
1641705,Victor Wembanyama,2024,1.290,1.660,1.850,-0.760,-3.140,-0.910,3.190,1.050,0.870,0.180,-1.443,-0.969,-0.474,-0.607,0.440,0.430,-0.610,0.210,0.160,-0.000,-0.230,2.010,1.520,0.490,-0.119,-0.052,-0.067,0.889,-0.393,1.891,-1.000,2.780,1.780,0.000,8764,4377,4387
1629636,Darius Garland,2024,0.160,0.490,-1.120,0.490,0.940,0.510,1.300,1.940,1.710,0.230,0.217,0.725,-0.508,-0.967,-0.160,0.060,0.550,0.020,-0.390,0.060,0.750,0.280,0.130,0.150,0.565,0.430,0.135,-0.265,2.157,0.845,1.190,0.580,1.770,0.000,19378,9745,9633
1626204,Larry Nance Jr.,2024,0.010,0.060,0.760,0.340,-0.760,-0.090,2.370,0.410,0.270,0.140,-0.525,-0.251,-0.274,0.105,0.240,-0.590,-1.250,0.610,1.020,0.060,1.480,0.260,0.070,0.190,1.292,0.530,0.762,0.178,-0.115,1.552,-0.010,1.730,1.710,-0.010,10633,5298,5335
1628989,Kevin Huerter,2024,-0.310,1.770,1.230,0.170,-0.920,1.350,3.500,2.620,2.920,-0.300,0.384,0.132,0.252,-0.974,-1.100,-0.680,1.080,0.050,0.020,-0.160,0.010,0.020,-0.120,0.140,-0.141,-0.028,-0.113,-0.199,3.004,-0.121,2.030,-0.320,1.710,-0.000,16143,8102,8041
201935,James Harden,2024,-0.200,0.850,2.210,0.480,-2.010,0.150,1.640,2.480,1.210,1.270,0.043,0.065,-0.022,-0.283,0.490,-0.130,-0.870,-0.270,0.360,0.100,-1.110,-0.570,-0.760,0.190,-0.051,0.250,-0.301,0.091,2.523,-0.621,2.240,-0.530,1.710,-0.000,20642,10327,10315
203991,Clint Capela,2024,1.370,-1.230,-2.020,-0.490,0.630,0.170,0.740,-1.810,-1.080,-0.730,0.328,-0.058,0.386,2.202,0.590,0.700,0.300,-0.490,-0.870,-0.440,0.210,0.570,0.250,0.320,-0.263,-0.086,-0.177,0.633,-1.482,0.307,0.720,0.940,1.670,0.010,15656,7818,7838
1629674,Neemias Queta,2024,0.000,0.070,-0.210,0.290,0.210,-0.110,0.440,-0.130,-0.060,-0.070,0.225,0.201,0.024,1.745,0.300,0.070,-0.690,-0.080,0.390,0.100,0.100,-0.250,-0.060,-0.190,0.029,-0.052,0.081,0.041,0.095,-0.221,1.840,-0.180,1.660,0.000,1495,745,750
204456,T.J. McConnell,2024,1.790,0.090,-3.110,0.150,1.310,0.290,1.210,2.020,1.780,0.240,0.029,0.100,-0.071,-0.629,-1.050,-0.240,0.590,0.090,0.460,-0.500,0.620,-0.830,-0.630,-0.200,1.049,0.579,0.470,-0.019,2.049,0.219,1.420,0.200,1.620,0.000,13055,6510,6545
1626220,Royce O'Neale,2024,-1.080,-0.910,3.200,0.500,-2.130,0.710,1.980,1.260,1.210,0.050,0.045,0.128,-0.083,-1.315,-0.020,0.970,-0.280,0.460,0.280,0.560,2.040,1.340,1.380,-0.040,-0.050,-0.015,-0.035,0.260,1.305,1.290,-0.010,1.550,1.540,0.000,18345,9181,9164
203944,Julius Randle,2024,-0.740,0.300,1.340,-0.050,-0.600,0.830,-1.460,1.770,0.970,0.800,-0.826,-0.001,-0.825,1.196,0.430,-0.260,-0.280,0.310,-0.140,-0.030,0.050,-0.040,0.130,-0.170,-0.773,-0.321,-0.452,0.213,0.944,-0.813,2.140,-0.600,1.540,0.000,18688,9349,9339
1629627,Zion Williamson,2024,6.060,0.010,-1.240,-0.130,-4.810,-0.620,-1.110,0.390,0.410,-0.020,-0.055,0.304,-0.359,0.575,-0.110,-0.500,-1.080,0.280,1.190,0.540,-0.560,-0.010,0.150,-0.160,0.449,0.088,0.361,0.171,0.335,0.439,0.910,0.610,1.520,0.000,12837,6443,6394
101108,Chris Paul,2024,-4.000,1.200,0.960,0.010,3.040,0.710,2.910,0.520,0.810,-0.290,0.926,0.537,0.389,-1.166,0.300,0.630,-0.640,0.380,0.340,0.620,1.160,1.850,1.930,-0.080,0.039,-0.097,0.136,-0.639,1.446,1.889,0.280,1.250,1.520,-0.010,14646,7327,7319
1629750,Javonte Green,2024,1.960,-0.450,-1.750,0.080,-0.220,0.550,0.800,1.430,1.810,-0.380,-0.372,-0.094,-0.278,-0.378,-0.250,0.140,0.290,-0.130,-0.040,0.250,0.550,-0.050,0.150,-0.200,0.434,-0.017,0.451,0.426,1.058,0.384,0.680,0.810,1.480,-0.010,2896,1445,1451
203497,Rudy Gobert,2024,1.710,1.110,-2.230,0.310,0.560,-0.980,-1.310,-0.200,0.310,-0.510,-1.957,-1.442,-0.515,1.237,3.340,1.240,-0.540,0.130,-2.750,-0.300,-0.260,2.340,1.630,0.710,-0.421,-0.233,-0.188,0.481,-2.157,1.919,-0.920,2.400,1.480,0.000,21663,10806,10857
1630230,Naji Marshall,2024,1.370,-1.340,-1.620,0.050,0.260,0.200,0.120,0.220,-0.490,0.710,0.700,0.396,0.304,-0.100,-0.220,-0.940,-0.810,0.510,1.040,0.430,0.290,0.180,0.210,-0.030,0.476,0.543,-0.067,-0.036,0.920,0.656,0.820,0.620,1.440,0.000,12588,6274,6314
201587,Nicolas Batum,2024,-1.770,-0.020,2.260,0.210,-0.490,-0.310,1.420,1.440,0.750,0.690,-0.107,-0.042,-0.065,0.007,-0.950,0.080,1.420,0.070,-0.480,0.380,1.190,0.520,0.420,0.100,0.251,0.508,-0.257,-0.691,1.333,0.771,1.340,0.080,1.420,0.000,14040,7022,7018
1628389,Bam Adebayo,2024,-0.740,0.630,-3.740,0.300,4.470,-0.850,-1.280,-0.340,-0.450,0.110,0.510,0.295,0.215,-1.350,1.760,-0.580,-0.760,0.440,-0.990,0.020,1.530,1.990,1.600,0.390,0.222,0.001,0.221,0.358,0.170,2.212,-1.180,2.570,1.390,0.000,23758,11893,11865
1630198,Isaiah Joe,2024,-1.800,-0.420,2.890,0.380,-1.100,0.040,-1.940,1.740,0.780,0.960,0.543,0.551,-0.008,-0.253,1.280,-0.010,-1.690,-0.230,0.350,-0.090,0.580,-1.640,-1.110,-0.530,1.023,0.096,0.927,-0.043,2.283,-0.617,2.030,-0.660,1.370,0.000,12408,6282,6126
201567,Kevin Love,2024,-0.100,0.440,1.620,-0.390,-1.520,-0.080,0.720,0.510,-0.090,0.600,0.002,-0.360,0.362,0.058,0.580,-0.470,-0.550,0.060,-0.030,-0.020,-0.500,-0.890,-1.110,0.220,0.077,-0.338,0.415,1.593,0.512,-0.813,0.570,0.780,1.360,0.010,10151,5081,5070
1630167,Obi Toppin,2024,1.130,1.380,0.480,-0.630,-1.620,0.680,3.160,0.840,1.130,-0.290,0.375,-0.057,0.432,0.585,-0.950,-0.130,1.540,0.220,-0.590,-0.470,1.680,-1.130,-0.800,-0.330,-0.046,0.236,-0.282,0.736,1.215,-1.176,1.800,-0.440,1.360,0.000,13601,6785,6816
1627739,Kris Dunn,2024,-0.170,0.430,0.480,0.300,-0.280,0.180,2.950,1.310,1.640,-0.330,0.024,0.256,-0.232,0.906,0.120,-0.010,-0.960,-0.230,0.820,-0.170,-1.440,-0.990,-0.640,-0.350,0.183,0.284,-0.101,-0.103,1.334,-0.807,2.240,-0.910,1.330,-0.000,7582,3796,3786
1631106,Tari Eason,2024,3.250,-2.460,-0.980,-0.840,-2.280,-0.090,-3.340,-1.460,-1.860,0.400,-0.817,-0.513,-0.304,2.097,0.180,0.010,-0.580,0.550,0.420,0.040,1.890,0.720,1.040,-0.320,0.172,0.174,-0.002,0.578,-2.277,0.892,-0.180,1.470,1.280,-0.010,9164,4560,4604
203995,Vasilije Micic,2024,0.870,1.100,0.900,0.270,-1.770,0.080,2.840,2.180,2.280,-0.100,-0.610,-0.831,0.221,-0.420,0.230,-0.610,-0.520,0.100,0.280,0.460,-1.320,0.690,0.640,0.050,0.149,-0.041,0.190,-0.729,1.570,0.839,1.150,0.110,1.260,-0.000,4654,2328,2326
201942,DeMar DeRozan,2024,-2.310,0.640,-2.730,-0.220,5.030,0.510,-2.550,0.610,-0.190,0.800,1.674,0.987,0.687,-0.614,-0.210,-0.320,-1.230,-0.110,1.440,-0.080,-0.240,-1.210,-1.030,-0.180,0.296,0.223,0.073,0.494,2.284,-0.914,1.670,-0.420,1.250,0.000,22619,11310,11309
1630568,Luka Garza,2024,-0.650,-0.180,-0.050,-0.160,0.700,0.430,0.400,0.120,0.260,-0.140,0.360,0.538,-0.178,1.400,-0.040,-0.220,0.210,-0.280,-0.160,0.110,-0.160,-1.090,-0.810,-0.280,0.289,0.189,0.100,0.141,0.480,-0.801,1.880,-0.660,1.220,0.000,1650,827,823
204060,Joe Ingles,2024,0.040,1.060,0.950,0.950,-1.020,-0.150,3.710,3.160,3.340,-0.180,-0.398,-0.234,-0.164,-0.572,-0.860,-0.220,1.410,-0.070,-0.550,-0.250,2.760,-0.990,-0.390,-0.600,-0.206,-0.184,-0.022,0.186,2.762,-1.196,2.190,-1.010,1.190,0.010,9616,4820,4796
1628997,Caleb Martin,2024,0.320,-0.770,-0.030,0.230,-0.300,-0.100,0.480,0.370,0.050,0.320,0.305,0.284,0.021,-0.035,1.190,-0.260,-1.250,0.510,0.070,-0.770,-0.780,-0.010,0.030,-0.040,0.356,0.166,0.190,0.194,0.675,0.346,0.640,0.540,1.180,0.000,18348,9151,9197
203488,Mike Muscala,2024,-0.810,0.930,2.130,0.660,-1.350,-1.440,2.290,1.330,1.440,-0.110,0.006,-0.042,0.048,-0.506,-0.340,0.090,-0.310,0.140,0.640,0.170,-0.810,0.690,0.670,0.020,-0.326,-0.412,0.086,-0.034,1.336,0.364,0.830,0.330,1.160,0.000,6488,3253,3235
1628988,Aaron Holiday,2024,-0.670,-0.880,-0.380,-0.120,1.030,-0.260,-1.970,-0.420,-0.520,0.100,0.530,0.354,0.176,0.170,-0.000,0.040,0.350,0.260,-0.370,0.440,1.560,0.460,0.850,-0.390,0.812,0.285,0.527,-0.412,0.110,1.272,0.280,0.860,1.140,-0.000,8651,4305,4346
1628372,Dennis Smith Jr.,2024,2.330,-0.780,-0.850,-0.870,-1.470,-1.240,0.080,-2.040,-1.770,-0.270,0.141,0.150,-0.009,-0.141,0.480,0.800,-0.800,0.770,0.310,0.340,2.440,1.960,2.190,-0.230,0.799,0.226,0.573,0.401,-1.899,2.759,-2.040,3.160,1.110,-0.010,9886,4918,4968
1628415,Dillon Brooks,2024,0.350,-0.390,-0.930,-0.160,0.590,0.400,0.050,-1.360,-1.010,-0.350,0.230,0.151,0.079,0.450,1.200,0.910,-0.740,0.280,-0.460,0.400,1.200,1.780,1.940,-0.160,0.142,0.151,-0.009,-0.142,-1.130,1.922,-0.680,1.780,1.100,0.000,18927,9442,9485
1627750,Jamal Murray,2024,-1.760,0.960,0.090,0.710,1.670,0.840,-0.390,1.930,2.350,-0.420,0.361,-0.032,0.393,-0.191,-0.480,-0.190,0.350,0.090,0.150,0.090,-0.560,-0.050,-0.240,0.190,-0.212,0.200,-0.412,-0.748,2.291,-0.262,2.100,-1.010,1.090,-0.000,20757,10393,10364
1628373,Frank Ntilikina,2024,-1.420,-0.150,2.460,0.520,-1.050,0.020,2.250,0.820,1.030,-0.210,0.802,0.411,0.391,-0.462,0.280,0.040,-0.080,0.070,-0.200,-0.020,1.120,0.150,0.410,-0.260,-0.250,-0.072,-0.178,0.020,1.622,-0.100,1.160,-0.080,1.080,0.000,2539,1261,1278
1627734,Domantas Sabonis,2024,0.790,0.420,0.500,0.350,-1.300,0.930,4.780,1.590,2.060,-0.470,-0.440,-0.286,-0.154,-0.160,0.560,-0.530,0.070,-0.530,-0.620,-0.320,-1.500,-1.390,-1.510,0.120,0.295,0.059,0.236,1.175,1.150,-1.095,0.990,0.080,1.070,-0.000,24063,12055,12008
1627763,Malcolm Brogdon,2024,1.180,-1.400,0.050,0.780,-1.220,-0.810,-1.780,0.150,-0.120,0.270,0.104,0.130,-0.026,0.296,-0.570,-0.140,0.880,0.670,-0.310,0.070,1.220,0.820,0.810,0.010,-0.072,0.088,-0.160,-0.238,0.254,0.748,0.550,0.510,1.060,0.000,13367,6691,6676
1628379,Luke Kennard,2024,-1.110,-0.350,2.050,1.460,-0.920,0.540,2.670,2.530,2.770,-0.240,0.247,0.129,0.118,-1.507,-0.190,-0.180,0.200,0.140,-0.030,0.140,0.770,0.490,0.480,0.010,-0.271,-0.218,-0.053,-0.489,2.777,0.219,1.270,-0.270,1.000,0.000,9772,4903,4869
1629052,Oshae Brissett,2024,0.960,-0.990,1.140,-0.180,-2.100,-0.500,-0.610,-0.460,-0.570,0.110,-0.355,0.122,-0.477,1.245,-0.190,-0.280,-0.750,0.440,0.940,-0.240,-0.710,0.220,-0.040,0.260,0.298,0.003,0.295,0.052,-0.815,0.518,0.430,0.570,1.000,-0.000,7176,3584,3592
203933,T.J. Warren,2024,-1.680,0.010,-1.880,-0.620,3.560,0.590,-0.430,-0.940,-1.180,0.240,0.460,0.384,0.076,0.300,-0.740,0.030,0.370,0.630,0.370,0.090,2.120,0.930,1.340,-0.410,0.052,-0.105,0.157,0.118,-0.480,0.982,-0.180,1.100,0.920,-0.000,3711,1859,1852
1629639,Tyler Herro,2024,-2.030,0.060,0.480,0.520,1.550,0.750,1.420,0.830,1.120,-0.290,-0.034,-0.137,0.103,-0.056,-0.210,-0.580,0.150,0.210,0.060,-0.230,-0.590,0.180,-0.110,0.290,0.352,0.419,-0.067,-0.372,0.796,0.532,0.740,0.160,0.900,0.000,15595,7820,7775
1631170,Jaime Jaquez Jr.,2024,1.110,-0.630,-0.870,-0.160,-0.260,0.220,1.260,-0.360,-0.540,0.180,0.717,0.026,0.691,0.043,0.630,-0.020,-0.710,0.380,0.110,0.070,-0.080,1.380,1.310,0.070,-0.614,-0.034,-0.580,-0.266,0.357,0.766,0.400,0.500,0.900,0.000,8817,4403,4414
1631132,Christian Koloko,2024,0.240,-0.910,-1.880,-0.450,1.650,-0.600,-2.740,-2.510,-2.550,0.040,0.398,0.359,0.039,1.222,0.770,0.390,-1.040,0.190,0.260,0.010,0.550,0.200,0.450,-0.250,0.705,0.356,0.349,0.825,-2.112,0.905,-0.890,1.730,0.840,-0.000,3243,1628,1615
1630202,Payton Pritchard,2024,-2.100,-0.320,2.240,0.580,-0.150,0.150,1.890,0.110,0.840,-0.730,0.649,0.771,-0.122,1.111,-0.240,0.100,1.200,-0.200,-0.960,-0.360,-0.340,-1.240,-1.520,0.280,-0.090,0.167,-0.257,0.300,0.759,-1.330,1.870,-1.030,0.830,-0.010,11189,5604,5585
1631099,Keegan Murray,2024,-0.740,0.600,1.050,0.960,-0.310,-0.340,3.710,0.040,0.810,-0.770,-0.071,0.161,-0.232,0.681,-0.580,-0.080,0.640,-0.660,-0.060,-0.000,-0.580,-0.680,-0.610,-0.070,0.255,0.295,-0.040,0.605,-0.031,-0.425,0.650,0.180,0.820,-0.010,21017,10523,10494
1629723,John Konchar,2024,-0.060,-0.150,-0.090,-0.130,0.120,-0.790,-0.310,-0.770,-0.500,-0.270,-0.374,-0.163,-0.211,0.674,-1.080,0.520,0.200,-0.060,0.870,0.120,-0.240,0.360,0.150,0.210,0.559,0.059,0.500,0.371,-1.144,0.919,-0.470,1.290,0.820,0.000,11084,5535,5549
1630194,Paul Reed,2024,1.240,-1.190,-2.580,0.340,1.330,-0.210,-2.180,-2.450,-1.730,-0.720,0.280,0.074,0.206,2.670,-0.690,-0.480,-0.270,-0.110,0.960,0.110,-0.850,-0.820,-0.700,-0.120,0.878,0.440,0.438,0.242,-2.170,0.058,0.500,0.300,0.810,0.010,10030,4998,5032
1630559,Austin Reaves,2024,0.490,1.580,-0.970,-0.290,0.450,-0.230,-1.520,1.600,0.570,1.030,0.169,0.309,-0.140,-0.449,0.720,-0.010,-0.520,0.040,-0.220,-0.110,-0.940,0.020,-0.280,0.300,-0.420,-0.419,-0.001,-0.140,1.769,-0.400,1.320,-0.540,0.790,0.010,21603,10816,10787
1628449,Chris Boucher,2024,-0.890,0.200,-0.450,-1.630,1.350,-0.100,-2.860,-1.930,-2.000,0.070,0.600,0.637,-0.037,1.660,0.330,-0.210,-0.610,-0.230,0.270,0.040,-0.940,-0.430,-0.300,-0.130,0.925,0.336,0.589,-0.045,-1.330,0.495,0.330,0.450,0.780,0.000,8851,4407,4444
1630264,Anthony Gill,2024,0.790,-0.040,-0.550,-0.410,-0.220,0.260,-1.100,0.560,0.460,0.100,0.242,0.023,0.219,0.228,-0.100,0.160,-0.520,0.080,0.620,-0.190,0.260,-0.560,-0.260,-0.300,0.050,-0.188,0.238,0.250,0.802,-0.510,1.030,-0.260,0.770,0.000,4457,2228,2229
1641717,Cason Wallace,2024,-0.520,0.710,0.180,0.560,0.270,0.050,-0.120,0.750,0.810,-0.060,-0.466,-0.153,-0.313,-0.684,-1.080,0.370,0.710,0.050,0.290,0.210,-0.020,0.560,0.410,0.150,0.972,0.443,0.529,-0.372,0.284,1.532,-0.400,1.160,0.760,0.000,7687,3824,3863
1628464,Daniel Theis,2024,-0.380,-0.190,-0.260,0.240,0.680,-0.240,1.020,1.010,1.170,-0.160,0.893,0.614,0.279,-1.193,-0.470,-0.300,-0.460,0.340,0.940,0.170,0.020,0.510,0.700,-0.190,0.121,0.007,0.114,-0.611,1.903,0.631,0.710,0.020,0.730,0.000,4531,2268,2263
202684,Tristan Thompson,2024,-0.900,-0.380,0.500,-0.130,0.400,0.380,0.470,-0.520,-0.490,-0.030,-0.282,0.329,-0.611,2.112,0.070,-0.010,-0.690,-0.220,0.590,0.180,0.590,-0.310,-0.170,-0.140,-0.284,-0.050,-0.234,0.004,-0.802,-0.594,1.310,-0.590,0.720,0.000,2586,1285,1301
1629057,Robert Williams III,2024,-0.020,0.630,-0.350,-0.360,0.360,-0.230,-0.250,-0.340,-0.290,-0.050,-0.510,-0.415,-0.095,1.070,1.070,-0.040,-0.680,-0.210,-0.400,0.700,-1.460,0.250,0.190,0.060,-0.541,0.012,-0.553,0.781,-0.850,-0.291,0.220,0.490,0.710,0.000,5435,2716,2719
1629661,Cameron Johnson,2024,-1.050,-0.760,1.220,-0.180,-0.170,-0.100,1.860,-1.130,-1.350,0.220,0.572,-0.169,0.741,0.748,-0.170,0.720,0.560,-0.500,-0.380,0.220,0.320,0.720,0.560,0.160,0.054,0.372,-0.318,-0.254,-0.558,0.774,0.190,0.520,0.710,-0.000,11741,5895,5846
1629048,Goga Bitadze,2024,0.970,-0.500,-0.800,-0.820,-0.160,-0.360,-1.120,-2.260,-2.000,-0.260,-0.293,-0.380,0.087,2.083,-0.500,0.590,0.080,-0.190,0.420,0.350,0.800,1.330,1.310,0.020,0.138,0.040,0.098,-0.288,-2.553,1.468,-0.470,1.180,0.710,-0.000,5686,2847,2839
1631107,Nikola Jovic,2024,-0.700,0.370,2.280,0.410,-1.590,-0.610,2.270,1.280,1.370,-0.090,0.185,-0.185,0.370,-1.885,0.310,-0.510,-0.810,0.760,0.510,-0.300,-0.220,1.310,0.940,0.370,0.211,0.265,-0.054,-0.391,1.465,1.521,-0.420,1.130,0.710,-0.000,4889,2446,2443
1629008,Michael Porter Jr.,2024,-0.140,-0.030,-0.220,0.250,0.360,0.910,3.040,0.220,0.620,-0.400,0.997,0.070,0.927,0.173,-0.500,-0.390,1.170,0.500,-0.690,0.200,-0.280,0.640,1.120,-0.480,-1.379,-0.555,-0.824,0.009,1.217,-0.739,1.390,-0.730,0.660,-0.000,21819,10960,10859
202699,Tobias Harris,2024,0.190,-0.690,-1.290,-0.050,1.080,0.210,-1.080,-1.180,-0.920,-0.260,0.295,0.224,0.071,0.185,0.140,0.030,0.060,0.400,-0.190,0.520,1.000,0.860,0.730,0.130,-0.290,-0.316,0.026,0.780,-0.885,0.570,-0.700,1.350,0.650,-0.000,21383,10708,10675
1627884,Derrick Jones Jr.,2024,0.930,0.780,-0.890,-1.520,-0.050,0.480,-1.800,-1.210,-1.630,0.420,-0.353,-0.534,0.181,0.123,-0.910,-0.210,0.560,1.050,0.380,0.860,0.460,2.010,1.830,0.180,0.201,0.151,0.050,-0.131,-1.563,2.211,-1.440,2.080,0.640,0.000,13415,6694,6721
1628977,Hamidou Diallo,2024,1.650,0.190,-3.060,-0.280,1.460,-0.360,-3.520,-0.810,-0.590,-0.220,-0.278,-0.070,-0.208,0.168,-0.560,0.290,-0.450,0.080,1.010,0.180,0.760,0.340,0.310,0.030,0.923,0.457,0.466,0.297,-1.088,1.263,-0.920,1.560,0.640,0.000,4130,2060,2070
1629006,Josh Okogie,2024,0.080,-2.030,-0.460,-0.830,0.380,1.140,-1.800,-1.030,-1.620,0.590,-0.249,-0.199,-0.050,0.659,-0.220,0.260,0.090,0.360,0.140,0.150,0.440,0.490,0.420,0.070,0.838,0.180,0.658,-0.068,-1.279,1.328,-0.620,1.260,0.640,-0.000,10189,5080,5109
1630183,Jaden McDaniels,2024,1.170,0.460,-1.340,0.500,0.200,0.100,0.460,0.870,1.310,-0.440,-0.053,0.117,-0.170,-0.497,-0.120,1.020,0.480,-0.390,-0.300,0.160,0.600,-0.150,-0.030,-0.120,0.189,0.366,-0.177,0.271,0.817,0.039,0.320,0.310,0.630,0.000,20420,10189,10231
2738,Andre Iguodala,2024,0.020,0.180,0.950,0.310,-0.950,-0.310,1.590,0.980,1.100,-0.120,-0.253,-0.165,-0.088,-0.227,0.070,-0.010,0.190,0.020,-0.260,-0.120,0.130,-0.290,-0.200,-0.090,0.166,0.099,0.067,0.224,0.727,-0.124,0.500,0.100,0.610,0.010,488,241,247
201933,Blake Griffin,2024,-1.010,-0.440,2.040,0.140,-1.030,-0.160,2.650,-0.900,-0.240,-0.660,0.424,0.107,0.317,0.186,0.640,-0.080,-0.110,0.040,-0.530,-0.320,1.180,-0.220,-0.170,-0.050,0.363,-0.104,0.467,0.757,-0.476,0.143,-0.290,0.900,0.600,-0.010,2327,1166,1161
1630171,Isaac Okoro,2024,0.920,-0.160,0.550,0.380,-1.460,-0.720,1.260,0.200,0.160,0.040,0.166,0.461,-0.295,-0.356,0.420,0.010,0.760,0.180,-1.180,-0.040,0.220,-0.090,-0.190,0.100,0.039,0.373,-0.334,0.641,0.366,-0.051,0.010,0.590,0.600,0.000,15220,7558,7662
1630166,Deni Avdija,2024,1.250,0.110,0.350,0.250,-1.570,-0.110,1.030,1.070,0.920,0.150,-0.313,-0.294,-0.019,-0.497,-0.460,-0.140,0.620,0.190,-0.160,0.130,1.170,0.730,0.760,-0.030,0.018,0.094,-0.076,-0.408,0.757,0.748,0.260,0.340,0.600,-0.000,17731,8850,8881
1630567,Scottie Barnes,2024,0.680,0.660,-1.540,-0.200,0.890,-0.950,1.910,0.020,0.460,-0.440,0.495,0.053,0.442,0.055,-0.120,0.170,-0.160,-0.530,0.270,-0.210,-1.140,-0.530,-0.920,0.390,0.668,0.446,0.222,-0.128,0.515,0.138,0.570,0.010,0.580,-0.000,19217,9608,9609
1629027,Trae Young,2024,0.600,0.990,1.160,-0.700,-1.770,0.820,-0.830,2.880,1.940,0.940,0.185,-0.822,1.007,-1.165,-1.570,-0.590,1.230,0.180,0.330,-0.190,-0.100,-0.570,-0.490,-0.080,0.341,-0.140,0.481,-1.091,3.065,-0.229,1.900,-1.320,0.580,-0.000,19901,9964,9937
1641775,Jordan Walsh,2024,0.150,-0.020,-0.200,-0.100,0.040,-0.250,0.040,-0.800,-0.530,-0.270,0.165,0.242,-0.077,0.615,0.100,0.040,-0.040,0.090,-0.070,0.070,0.430,0.450,0.490,-0.040,0.069,0.054,0.015,0.051,-0.635,0.519,-0.020,0.570,0.550,0.000,370,183,187
1631100,AJ Griffin,2024,-1.760,-0.070,-0.810,0.350,2.610,0.200,-0.420,0.480,0.840,-0.360,0.210,0.080,0.130,-0.520,-0.360,0.260,-0.120,0.130,0.480,-0.020,-0.420,0.840,0.790,0.050,-0.170,-0.122,-0.048,-0.310,0.690,0.670,0.170,0.360,0.530,0.000,6493,3241,3252
1630688,Ish Wainright,2024,-0.770,-0.560,0.880,-0.140,-0.110,-0.640,0.430,-1.520,-1.330,-0.190,0.377,0.217,0.160,0.633,1.080,0.140,-0.510,0.500,-0.580,0.140,2.220,0.630,1.130,-0.500,0.069,-0.178,0.247,0.331,-1.143,0.699,-0.510,1.030,0.520,0.000,4046,2019,2027
1630598,Aaron Wiggins,2024,2.340,-0.600,-1.340,0.720,-0.820,-0.400,1.580,0.050,0.140,-0.090,0.107,0.104,0.003,0.323,-0.340,0.600,-0.140,-0.100,0.630,-0.010,-0.040,0.710,0.380,0.330,0.195,0.303,-0.108,-0.875,0.157,0.905,0.480,0.030,0.510,0.000,11144,5521,5623
203496,Robert Covington,2024,0.830,-1.070,0.030,0.100,-0.850,-0.240,-0.060,-0.460,-0.210,-0.250,0.114,-0.128,0.242,-0.284,0.180,0.310,-0.780,0.650,0.610,0.080,1.410,1.800,2.120,-0.320,0.158,-0.152,0.310,-0.818,-0.346,1.958,-0.630,1.140,0.500,-0.010,5115,2554,2561
1629717,Armoni Brooks,2024,0.340,-0.250,-0.090,-0.040,-0.250,0.070,0.920,0.150,0.110,0.040,0.237,-0.024,0.261,0.593,0.100,-0.150,-0.450,0.020,0.350,-0.010,-0.440,-0.190,-0.130,-0.060,-0.150,-0.062,-0.088,-0.180,0.387,-0.340,0.980,-0.520,0.460,0.000,412,207,205
1631165,Keon Ellis,2024,-1.650,-0.090,1.810,0.200,-0.150,-0.800,2.910,-1.700,-0.910,-0.790,0.177,0.243,-0.066,0.803,-0.590,0.200,-0.230,0.190,0.820,0.420,1.080,0.150,0.390,-0.240,0.349,-0.048,0.397,0.661,-1.523,0.499,-0.720,1.160,0.440,-0.000,4168,2078,2090
203114,Khris Middleton,2024,-1.010,1.250,-2.020,0.180,3.020,0.720,1.320,0.720,0.600,0.120,-0.092,-0.088,-0.004,0.432,0.840,0.590,-0.090,-0.160,-0.750,-0.070,1.240,0.090,0.190,-0.100,-0.405,-0.274,-0.131,-0.305,0.628,-0.315,1.060,-0.620,0.440,-0.000,11162,5600,5562
1627742,Brandon Ingram,2024,-1.480,0.030,-1.750,-0.210,3.230,1.460,-0.420,0.670,0.450,0.220,-0.009,0.040,-0.049,-0.321,0.250,-0.440,-0.960,0.270,0.720,0.180,-0.010,0.400,0.540,-0.140,-0.369,-0.194,-0.175,0.069,0.661,0.031,0.340,0.100,0.440,0.000,15208,7619,7589
1628991,Jaren Jackson Jr.,2024,-0.100,-0.510,0.350,-0.500,-0.230,-0.240,-1.930,-1.020,-1.560,0.540,0.237,0.761,-0.524,-0.157,0.990,1.390,-1.040,-0.460,0.030,0.590,-0.580,1.190,1.040,0.150,0.211,0.322,-0.111,-0.041,-0.783,1.401,-0.940,1.360,0.420,0.000,16999,8514,8485
203471,Dennis Schroder,2024,-0.360,-0.420,0.670,0.390,-0.310,0.180,1.690,1.130,0.480,0.650,-0.099,-0.110,0.011,-0.791,0.600,-0.640,-0.080,0.510,-0.520,0.520,0.620,1.000,0.930,0.070,-0.656,-0.497,-0.159,-0.174,1.031,0.344,0.240,0.170,0.410,0.000,19865,9942,9923
1629001,De'Anthony Melton,2024,0.010,-0.590,1.840,0.320,-1.830,-0.060,0.470,0.160,-0.180,0.340,-0.033,0.001,-0.034,0.113,-0.420,0.240,0.820,-0.090,-0.390,-0.190,0.270,-0.470,-0.270,-0.200,0.536,-0.032,0.568,0.104,0.127,0.066,0.240,0.170,0.410,-0.000,13810,6907,6903
1630180,Saddiq Bey,2024,1.220,-0.660,1.050,0.110,-2.270,-0.450,-1.100,0.100,-0.570,0.670,0.533,0.391,0.142,2.067,-1.500,-1.020,0.710,-0.290,0.790,-0.090,-0.940,-1.870,-1.700,-0.170,-0.074,0.119,-0.193,-0.406,0.633,-1.944,2.700,-2.350,0.350,-0.000,17905,8959,8946
1630591,Jalen Suggs,2024,0.270,-0.070,0.640,0.080,-0.920,-0.510,-1.060,-0.580,-0.180,-0.400,-0.848,-0.343,-0.505,0.688,0.040,0.190,0.050,-0.220,-0.080,0.040,0.690,-0.200,0.060,-0.260,0.809,0.118,0.691,0.481,-1.428,0.609,-0.740,1.090,0.350,-0.000,14286,7152,7134
1631260,A.J. Green,2024,-2.560,-0.390,3.450,0.810,-0.910,0.330,2.360,0.290,0.700,-0.410,-0.411,0.206,-0.617,0.571,1.240,-0.280,-0.900,0.020,-0.370,0.020,0.590,-0.100,0.140,-0.240,-0.084,-0.172,0.088,0.074,-0.121,-0.184,0.450,-0.110,0.340,0.000,4090,2040,2050
1626246,Boban Marjanovic,2024,0.360,0.560,-1.450,-0.410,1.100,0.250,-0.770,-0.010,0.220,-0.230,-0.114,0.007,-0.121,0.404,0.870,-0.130,-0.980,0.060,0.110,-0.110,-0.780,-0.160,-0.190,0.030,-0.158,0.001,-0.159,0.368,-0.124,-0.318,0.280,0.050,0.320,-0.010,975,487,488
1630563,Joshua Primo,2024,0.090,-0.250,0.690,0.100,-0.790,-0.060,0.860,0.510,0.490,0.020,-0.182,-0.337,0.155,0.052,-0.220,0.030,-0.100,0.060,0.310,-0.050,0.220,0.160,0.250,-0.090,-0.011,0.108,-0.119,-0.209,0.328,0.149,0.380,-0.060,0.320,-0.000,442,220,222
1631262,Jules Bernard,2024,0.710,-0.280,-0.280,-0.040,-0.420,-0.300,0.560,-1.110,-0.970,-0.140,-0.054,-0.058,0.004,1.404,-0.430,0.060,0.420,0.120,-0.000,-0.180,0.140,-0.010,0.150,-0.160,0.142,-0.122,0.264,-0.102,-1.164,0.132,0.240,0.030,0.270,0.000,626,317,309
203935,Marcus Smart,2024,-0.120,-0.030,2.380,0.050,-2.250,0.260,1.660,0.560,0.680,-0.120,0.040,-0.090,0.130,-0.920,1.280,0.180,-0.550,-0.560,-0.740,0.330,1.740,-0.440,-0.260,-0.180,0.502,-0.230,0.732,0.518,0.600,0.062,-0.320,0.580,0.260,0.000,13200,6592,6608
1630168,Onyeka Okongwu,2024,-1.160,0.380,-0.780,0.570,1.920,-0.010,-0.830,0.350,0.170,0.180,-0.082,-0.024,-0.058,0.422,-0.360,-0.490,-0.400,0.050,0.760,-0.080,-0.620,-0.290,-0.230,-0.060,-0.046,0.087,-0.133,-0.114,0.268,-0.336,0.690,-0.450,0.240,0.000,13996,6997,6999
1641739,Toumani Camara,2024,1.110,-1.070,-0.180,-0.570,-0.930,-1.520,-1.960,-2.470,-2.640,0.170,-0.987,-0.255,-0.732,1.857,-0.060,-0.030,0.040,0.380,0.010,0.080,1.500,1.190,1.560,-0.370,0.619,0.138,0.481,0.021,-3.457,1.809,-1.600,1.830,0.230,0.000,6992,3497,3495
1641774,Tristan Vukcevic,2024,0.120,0.190,0.200,-0.160,-0.330,0.150,0.080,0.160,0.220,-0.060,-0.432,-0.191,-0.241,-0.158,-0.180,-0.010,0.140,0.300,0.040,0.070,0.840,0.710,0.800,-0.090,0.012,-0.000,0.012,-0.072,-0.272,0.722,-0.430,0.650,0.230,0.010,655,326,329
1629631,De'Andre Hunter,2024,-1.610,-0.230,-0.970,0.790,2.600,0.740,-0.220,1.120,0.770,0.350,0.157,0.174,-0.017,-0.697,-0.250,-0.160,-0.140,-0.030,0.400,-0.600,0.010,-0.890,-1.010,0.120,0.243,-0.246,0.489,0.267,1.277,-0.647,0.580,-0.380,0.200,-0.000,16721,8365,8356
1641708,Amen Thompson,2024,2.030,-0.180,-1.070,-0.860,-0.920,-0.700,-1.990,-2.290,-1.940,-0.350,0.352,-0.171,0.523,1.338,-0.290,-0.060,0.600,-0.050,-0.300,0.340,1.140,-0.370,-0.230,-0.140,0.488,-0.068,0.556,0.682,-1.938,0.118,-0.600,0.800,0.200,0.000,5743,2861,2882
1630249,Vit Krejci,2024,-1.080,0.020,1.880,0.420,-0.830,0.220,2.240,0.190,0.670,-0.480,-0.081,-0.441,0.360,1.211,-0.290,-0.560,0.100,-0.160,0.190,0.030,-0.870,-1.440,-1.120,-0.320,0.058,0.126,-0.068,0.252,0.109,-1.382,1.320,-1.130,0.190,-0.000,2793,1400,1393
1631169,Josh Minott,2024,0.250,-0.090,-0.050,-0.370,-0.210,0.290,-0.010,-0.260,-0.360,0.100,0.215,0.489,-0.274,0.115,-0.100,-0.190,0.130,0.090,-0.030,0.000,0.510,-0.370,-0.320,-0.050,0.195,0.074,0.121,0.305,-0.045,-0.175,0.070,0.130,0.190,-0.010,911,458,453
1630256,Jae'Sean Tate,2024,1.000,-1.520,0.120,-0.090,-1.140,-0.750,-2.790,-2.230,-2.100,-0.130,0.155,0.546,-0.391,0.565,0.730,0.640,-0.750,0.540,0.020,-0.480,2.530,1.020,1.580,-0.560,0.339,-0.141,0.480,0.321,-2.075,1.359,-1.510,1.680,0.170,0.000,6950,3459,3491
1631466,Jeenathan Williams,2024,1.500,0.260,-0.950,-0.300,-0.580,-0.190,0.620,-0.220,0.090,-0.310,0.005,-0.363,0.368,0.645,-0.180,-0.180,-0.120,0.060,0.300,0.080,-0.390,-0.170,-0.050,-0.120,-0.087,-0.007,-0.080,-0.013,-0.215,-0.257,0.430,-0.270,0.160,0.000,1091,541,550
1630578,Alperen Sengun,2024,1.310,-0.020,-2.770,0.040,1.500,0.350,1.510,1.100,1.530,-0.430,0.014,-0.142,0.156,-0.514,0.980,0.070,-0.890,-0.560,-0.140,-0.140,-0.880,-0.020,-0.240,0.220,-0.265,0.015,-0.280,-0.165,1.114,-0.285,0.600,-0.450,0.150,-0.000,17324,8679,8645
1627747,Caris LeVert,2024,-0.290,-0.180,0.110,-0.310,0.180,-0.490,-1.780,-0.850,-1.120,0.270,0.814,0.096,0.718,-0.224,-0.860,0.060,1.000,0.200,-0.150,0.550,2.410,0.550,0.940,-0.390,0.554,-0.104,0.658,-0.694,-0.036,1.104,-0.260,0.410,0.150,-0.000,18238,9123,9115
1627827,Dorian Finney-Smith,2024,-0.600,-1.150,2.200,-0.370,-1.600,-0.570,-1.790,-1.950,-1.590,-0.360,0.750,0.487,0.263,0.860,-0.050,-0.020,0.420,-0.060,-0.370,-0.010,1.480,0.020,0.090,-0.070,0.376,0.288,0.088,0.074,-1.200,0.396,-0.340,0.470,0.130,-0.000,15791,7869,7922
1629216,Gabe Vincent,2024,-1.730,-0.200,1.370,-0.560,0.350,0.620,-1.180,-0.220,-0.120,-0.100,-0.215,-0.148,-0.067,-0.515,0.910,-0.660,-0.560,0.520,-0.350,-0.410,1.810,0.520,0.670,-0.150,0.610,0.396,0.214,-0.050,-0.435,1.130,-0.950,1.080,0.130,-0.000,10788,5388,5400
1628221,Gabe York,2024,0.110,0.130,0.320,0.040,-0.430,-0.100,1.200,0.590,0.630,-0.040,0.158,0.091,0.067,-0.268,-0.030,-0.100,0.010,-0.050,0.010,0.040,-0.200,-0.240,-0.170,-0.070,-0.012,0.045,-0.057,-0.108,0.748,-0.252,0.480,-0.360,0.120,0.000,227,114,113
1631220,Dereon Seabron,2024,0.160,-0.130,-0.430,0.190,0.260,-0.310,0.170,0.020,-0.010,0.030,-0.271,-0.211,-0.060,0.231,0.090,0.060,-0.270,0.170,0.180,-0.080,0.090,0.150,0.190,-0.040,-0.196,-0.121,-0.075,0.176,-0.251,-0.046,-0.020,0.130,0.110,0.000,274,138,136
1629060,Rui Hachimura,2024,0.240,0.700,-1.470,-0.070,1.250,-0.410,-0.710,0.120,0.150,-0.030,-0.017,0.134,-0.151,-0.873,-0.070,0.110,0.180,0.310,-0.100,0.580,0.500,1.600,1.310,0.290,-0.696,-0.045,-0.651,-0.034,0.103,0.904,-0.770,0.870,0.100,-0.000,15741,7862,7879
1626156,D'Angelo Russell,2024,-0.570,1.390,0.890,0.740,-0.320,0.080,2.520,0.820,1.480,-0.660,-0.058,-0.536,0.478,-0.202,-0.710,0.140,0.320,-0.090,0.440,0.010,-1.510,0.230,-0.190,0.420,0.082,0.398,-0.316,-0.772,0.762,0.312,0.560,-0.460,0.100,0.000,22584,11315,11269
1631109,Mark Williams,2024,0.200,-0.160,-2.110,0.320,1.930,-0.650,-0.720,-0.630,-0.130,-0.500,-0.514,-0.255,-0.259,0.474,-0.100,-0.260,0.140,0.470,-0.030,0.390,0.090,1.270,1.120,0.150,-0.203,0.046,-0.249,-0.287,-1.144,1.067,-0.670,0.780,0.100,-0.010,5510,2749,2761
200768,Kyle Lowry,2024,-1.690,-0.500,1.890,0.020,-0.200,-0.350,0.800,-0.300,-0.710,0.410,-0.154,-0.182,0.028,-0.086,1.300,-0.700,-1.390,-0.090,0.100,0.130,-1.020,-0.740,-0.620,-0.120,0.896,0.160,0.736,0.454,-0.454,0.156,-0.540,0.610,0.070,-0.000,16402,8205,8197
1628410,Edmond Sumner,2024,1.470,-0.750,-1.200,0.040,-0.260,0.690,-1.010,0.710,0.050,0.660,-0.738,-0.013,-0.725,-0.042,-0.730,0.110,0.290,-0.270,0.440,0.440,0.350,-0.160,0.060,-0.220,0.449,0.098,0.351,-0.159,-0.028,0.289,-0.070,0.130,0.060,0.000,3049,1522,1527
1641645,Xavier Cooks,2024,-0.210,-0.030,0.670,0.040,-0.460,-0.110,0.930,-0.100,-0.050,-0.050,-0.038,0.033,-0.071,0.428,-0.150,0.040,-0.140,-0.040,0.280,-0.090,0.060,-0.280,-0.250,-0.030,0.003,0.040,-0.037,0.037,-0.138,-0.277,0.290,-0.240,0.050,0.000,553,278,275
1630637,Carlik Jones,2024,0.060,-0.090,0.140,-0.060,-0.200,-0.140,-0.390,-0.400,-0.250,-0.150,0.252,0.052,0.200,0.168,0.110,-0.120,-0.210,0.000,0.100,0.010,0.010,-0.270,-0.210,-0.060,0.173,0.096,0.077,0.117,-0.148,-0.097,0.020,0.020,0.040,0.000,229,115,114
1630191,Isaiah Stewart,2024,0.410,-0.850,0.570,0.370,-1.000,0.100,0.730,0.320,0.480,-0.160,-0.865,-0.052,-0.813,-0.255,0.450,0.250,0.060,0.170,-0.520,-0.140,1.390,0.850,0.790,0.060,-0.144,-0.162,0.018,0.124,-0.545,0.706,-0.800,0.830,0.030,-0.000,11647,5823,5824
1629002,Chimezie Metu,2024,-0.310,0.450,-0.580,-0.440,0.870,0.290,-0.930,0.590,0.750,-0.160,0.019,-0.100,0.119,-1.669,-0.160,-0.110,-0.900,0.450,1.040,-0.240,0.910,0.210,0.070,0.140,0.451,0.344,0.107,0.429,0.609,0.661,-1.060,1.090,0.030,0.000,6301,3132,3169
1629611,Terance Mann,2024,0.180,0.440,-0.670,-0.240,0.500,0.030,-0.510,-0.180,-0.020,-0.160,0.302,0.209,0.093,0.838,-0.200,-0.500,0.580,0.260,-0.410,-0.030,-0.260,-0.130,-0.290,0.160,-0.470,-0.060,-0.410,-0.330,0.122,-0.600,0.960,-0.930,0.020,-0.010,16092,8013,8079
1626149,Montrezl Harrell,2024,0.350,-0.420,-0.680,0.080,0.330,-0.090,-2.340,-0.650,-0.510,-0.140,-0.182,-0.472,0.290,0.432,0.080,-0.200,-0.380,0.210,0.300,0.010,0.000,0.140,0.190,-0.050,0.017,0.014,0.003,0.233,-0.832,0.157,-0.400,0.390,-0.010,0.000,2770,1382,1388
1627732,Ben Simmons,2024,-0.900,0.890,0.540,0.450,0.360,0.540,4.240,0.720,1.720,-1.000,-0.607,-0.669,0.062,-0.633,-0.460,0.050,0.170,-0.140,0.280,0.540,0.270,0.380,-0.010,0.390,0.051,0.181,-0.130,0.069,0.113,0.431,-0.520,0.500,-0.020,0.000,5956,2973,2983
1628976,Wendell Carter Jr.,2024,-0.720,1.070,0.370,0.070,0.330,-0.580,0.580,-0.450,0.360,-0.810,-1.283,-0.431,-0.852,0.013,0.720,0.270,0.160,0.010,-0.900,-0.140,0.350,0.670,0.500,0.170,0.061,0.190,-0.129,0.959,-1.733,0.731,-1.720,1.690,-0.040,-0.010,13205,6607,6598
203897,Zach LaVine,2024,0.410,0.700,-0.220,-0.070,-0.190,-0.050,-1.150,0.540,0.450,0.090,0.014,0.392,-0.378,-1.754,0.060,0.030,-0.850,0.290,0.780,0.200,0.430,0.610,0.570,0.040,0.272,-0.012,0.284,0.278,0.554,0.882,-1.200,1.160,-0.050,-0.010,14683,7335,7348
1630175,Cole Anthony,2024,-0.370,-0.370,-0.940,-0.710,1.300,0.400,-2.180,-0.110,-0.700,0.590,0.617,0.328,0.289,0.133,0.890,-0.180,-0.600,0.490,-0.270,-0.440,0.580,-0.070,0.220,-0.290,-0.235,-0.285,0.050,-0.385,0.507,-0.305,0.640,-0.690,-0.050,-0.000,13763,6890,6873
1641766,Adama Sanogo,2024,0.140,-0.140,-0.340,-0.110,0.190,-0.070,-0.810,0.180,0.180,-0.000,-0.337,-0.101,-0.236,0.117,-0.120,-0.050,-0.200,-0.050,0.320,0.010,0.060,-0.240,-0.130,-0.110,0.148,0.038,0.110,0.082,-0.157,-0.092,-0.040,-0.010,-0.060,-0.010,267,134,133
1631205,Buddy Boeheim,2024,-0.860,0.300,0.830,-0.230,0.040,-0.370,0.400,-0.640,-0.600,-0.040,-0.039,-0.118,0.079,0.539,0.070,-0.200,-0.530,0.240,0.460,0.060,0.310,0.270,0.340,-0.070,-0.250,-0.159,-0.091,0.060,-0.679,0.020,-0.140,0.080,-0.060,0.000,690,345,345
202330,Gordon Hayward,2024,-1.240,0.080,-1.530,0.430,2.750,-0.030,0.820,0.190,0.360,-0.170,-0.701,-0.295,-0.406,-0.659,-0.830,-0.050,1.130,0.560,-0.280,-0.280,1.990,0.770,0.880,-0.110,-0.132,0.143,-0.275,0.462,-0.511,0.638,-1.170,1.100,-0.080,-0.010,11877,5930,5947
1628969,Mikal Bridges,2024,-1.380,0.410,0.630,-0.020,0.750,-1.420,1.270,-0.550,-0.570,0.020,0.455,0.433,0.022,-0.565,-0.140,0.060,0.800,-0.150,-0.660,0.620,0.810,0.620,0.430,0.190,-0.073,-0.062,-0.011,0.023,-0.095,0.547,-0.660,0.570,-0.090,-0.000,23879,11955,11924
203585,Rodney McGruder,2024,-0.440,0.110,-0.320,0.150,0.760,-0.630,0.180,-1.160,-0.800,-0.360,0.096,0.274,-0.178,1.544,0.330,-0.250,0.100,-0.090,-0.430,-0.250,-0.460,-0.980,-0.930,-0.050,0.388,0.304,0.084,0.022,-1.064,-0.592,0.480,-0.570,-0.090,-0.000,2135,1072,1063
1630700,Dyson Daniels,2024,0.620,-0.140,0.030,0.030,-0.650,-0.250,-0.050,-0.010,0.030,-0.040,-0.004,-0.187,0.183,-0.606,0.600,-0.120,-1.040,0.020,0.440,0.260,0.690,0.040,-0.080,0.120,0.439,0.098,0.341,0.051,-0.014,0.479,-0.620,0.530,-0.090,-0.000,9807,4883,4924
1630644,Mac McClung,2024,0.210,-0.020,-0.030,0.040,-0.190,-0.230,0.300,0.110,0.150,-0.040,-0.173,0.073,-0.246,-0.117,-0.090,0.000,0.010,-0.040,0.070,0.030,0.080,-0.190,-0.060,-0.130,0.119,0.081,0.038,0.131,-0.063,-0.071,-0.180,0.060,-0.120,0.000,178,89,89
1628975,Jevon Carter,2024,-1.970,-1.160,1.920,-0.540,0.070,-0.270,-0.850,-2.530,-1.880,-0.650,0.135,0.087,0.048,0.235,0.600,0.800,0.320,0.180,-0.930,0.010,1.260,1.870,1.730,0.140,0.587,0.169,0.418,-0.427,-2.395,2.457,-2.160,2.030,-0.130,-0.000,11636,5783,5853
203078,Bradley Beal,2024,0.040,0.100,-1.130,0.420,1.100,0.730,0.870,0.750,0.820,-0.070,-0.092,0.119,-0.211,0.052,0.400,-0.300,-0.180,-0.390,-0.220,0.200,-1.780,-0.600,-0.710,0.110,0.092,0.101,-0.009,-0.352,0.658,-0.508,0.710,-0.860,-0.140,0.010,14400,7208,7192
1628960,Grayson Allen,2024,-1.310,0.050,1.920,0.680,-0.630,0.520,1.220,0.780,0.920,-0.140,0.131,-0.131,0.262,-1.001,0.670,-0.240,0.700,-0.030,-1.370,0.040,-1.050,0.210,-0.220,0.430,-0.254,-0.138,-0.116,-0.016,0.911,-0.044,-0.090,-0.060,-0.150,-0.000,19171,9615,9556
1641809,Drew Peterson,2024,-0.040,-0.120,0.040,0.070,-0.000,-0.060,0.670,-0.140,-0.030,-0.110,0.098,0.078,0.020,0.222,-0.100,-0.120,-0.040,-0.030,0.140,-0.000,-0.100,-0.320,-0.210,-0.110,0.011,0.009,0.002,-0.031,-0.042,-0.309,0.180,-0.340,-0.160,0.000,96,47,49
1626157,Karl-Anthony Towns,2024,0.230,0.090,-0.900,0.330,0.690,-0.150,0.200,0.300,-0.360,0.660,-0.593,0.028,-0.621,-0.217,-0.100,0.090,0.050,-0.280,0.130,1.070,-0.880,1.010,0.870,0.140,-0.657,-0.512,-0.145,-0.003,-0.293,0.353,-0.510,0.350,-0.160,0.000,14981,7522,7459
1630595,Cade Cunningham,2024,2.960,0.020,-2.290,-0.400,-0.670,-0.350,-0.870,0.860,0.940,-0.080,-0.297,-0.074,-0.223,-0.393,-0.200,0.060,0.910,0.180,-0.730,-0.590,1.240,-0.300,-0.090,-0.210,-0.410,-0.062,-0.348,0.350,0.563,-0.710,0.170,-0.360,-0.190,0.000,10199,5088,5111
1626169,Stanley Johnson,2024,0.380,0.520,-1.360,0.120,0.970,-0.150,-0.140,1.220,1.650,-0.430,-0.593,-0.402,-0.191,0.253,-0.290,0.010,0.180,-0.020,0.100,-0.120,0.800,-0.750,-0.400,-0.350,-0.149,-0.240,0.091,-0.181,0.627,-0.899,0.880,-1.080,-0.200,-0.000,1945,964,981
1631199,Ron Harper Jr.,2024,-0.040,-0.080,-0.120,-0.060,0.160,-0.110,0.380,-0.220,-0.050,-0.170,0.157,0.164,-0.007,0.183,-0.020,-0.100,-0.090,-0.090,0.100,0.040,-0.370,-0.320,-0.230,-0.090,0.017,0.032,-0.015,-0.037,-0.063,-0.303,0.120,-0.340,-0.210,0.010,198,100,98
1629003,Shake Milton,2024,0.550,-0.170,-2.160,-0.450,1.630,-0.310,-2.290,-0.920,-1.190,0.270,0.629,0.700,-0.071,-0.259,0.070,-0.380,-0.200,0.530,0.130,-0.180,0.190,0.330,0.580,-0.250,0.242,0.218,0.024,-0.232,-0.291,0.572,-0.550,0.340,-0.210,0.000,8941,4475,4466
1641741,Ricky Council IV,2024,1.110,-0.050,-0.600,-0.040,-0.500,-0.400,-0.270,-0.170,-0.330,0.160,-0.199,-0.012,-0.187,0.419,0.020,-0.340,-0.140,-0.040,0.100,0.100,-0.520,-0.490,-0.450,-0.040,-0.010,-0.123,0.113,0.230,-0.369,-0.500,0.050,-0.270,-0.220,0.000,1186,588,598
1641871,Duop Reath,2024,0.490,-0.720,2.180,0.000,-2.670,-0.980,1.320,-0.370,-0.110,-0.260,0.007,0.441,-0.434,1.103,-0.510,-0.380,0.220,0.260,0.290,-0.470,0.420,-0.780,-0.340,-0.440,0.223,0.254,-0.031,-0.413,-0.363,-0.557,0.740,-0.970,-0.230,0.000,4805,2406,2399
1629010,Jerome Robinson,2024,0.550,-0.120,0.400,-0.140,-0.910,-0.160,0.160,-0.450,-0.240,-0.210,-0.013,-0.128,0.115,0.083,-0.140,-0.080,-0.040,0.040,0.180,0.030,0.460,-0.120,-0.030,-0.090,-0.052,0.015,-0.067,0.312,-0.463,-0.172,-0.380,0.140,-0.230,0.010,330,165,165
1630250,Marko Simonovic,2024,0.050,-0.110,0.040,-0.080,-0.100,-0.120,-0.340,-0.290,-0.190,-0.100,0.112,0.069,0.043,-0.032,-0.010,-0.100,-0.150,-0.030,0.150,-0.010,-0.250,-0.250,-0.190,-0.060,0.250,0.074,0.176,-0.020,-0.178,0.000,-0.210,-0.020,-0.230,-0.000,89,44,45
1631114,Jalen Williams,2024,1.500,0.240,-2.300,-0.160,0.920,0.120,-0.760,-0.580,-0.030,-0.550,0.845,0.399,0.446,-1.225,-0.120,0.870,-0.090,0.130,0.300,-0.240,0.310,0.180,0.430,-0.250,0.885,0.399,0.486,-0.355,0.265,1.065,-0.960,0.710,-0.250,0.000,20456,10220,10236
1630172,Patrick Williams,2024,-0.670,-1.060,-0.860,1.520,1.540,0.120,-0.580,0.730,1.040,-0.310,-0.541,0.264,-0.805,-0.289,-0.390,-0.540,-0.010,-0.020,0.400,-0.020,-1.640,-0.330,-0.360,0.030,0.038,0.042,-0.004,0.132,0.189,-0.292,-0.100,-0.160,-0.260,0.000,14069,7009,7060
1631120,JD Davison,2024,0.140,0.010,0.160,0.020,-0.320,-0.130,0.790,-0.430,-0.230,-0.200,-0.372,-0.179,-0.193,0.402,-0.160,-0.020,-0.220,0.110,0.370,-0.000,-0.140,0.320,0.440,-0.120,0.081,0.099,-0.018,-0.261,-0.802,0.401,-0.400,0.140,-0.270,-0.010,428,213,215
203468,CJ McCollum,2024,-0.820,-0.180,-0.680,0.180,1.490,0.810,0.240,-0.560,-0.070,-0.490,0.626,0.577,0.049,0.724,-0.690,-0.670,0.050,0.270,0.640,-0.170,-1.110,-0.520,-0.650,0.130,-0.451,-0.044,-0.407,-0.089,0.066,-0.971,0.790,-1.060,-0.270,0.000,19821,9934,9887
1630174,Aaron Nesmith,2024,0.570,-0.340,-0.070,0.890,-0.520,0.820,2.610,0.780,0.840,-0.060,-0.114,0.291,-0.405,0.234,-0.160,0.900,-0.260,-0.440,0.430,-0.960,-0.560,-1.350,-1.240,-0.110,0.085,-0.014,0.099,0.085,0.666,-1.265,0.900,-1.180,-0.280,0.000,17933,8979,8954
1641716,Jarace Walker,2024,0.640,0.180,-0.900,0.060,0.270,0.140,0.120,0.500,0.600,-0.100,-0.384,-0.139,-0.245,0.154,-0.210,-0.080,0.500,-0.310,-0.290,-0.100,0.730,-0.900,-0.760,-0.140,0.289,-0.073,0.362,0.061,0.116,-0.611,0.270,-0.550,-0.280,0.000,1534,764,770
1627814,Damion Lee,2024,-0.850,-0.900,-0.220,0.150,1.070,-0.440,0.050,-0.750,-0.750,-0.000,-0.761,0.134,-0.895,0.671,-0.210,-0.020,0.640,0.140,-0.440,0.170,1.670,-0.350,-0.120,-0.230,0.241,0.102,0.139,0.669,-1.511,-0.109,-0.840,0.560,-0.280,-0.000,6457,3236,3221
1630288,Jeff Dowtin,2024,0.570,-0.590,-0.670,0.100,0.100,-0.220,0.640,-0.970,-0.520,-0.450,0.532,0.346,0.186,0.568,-0.040,0.280,-0.080,-0.180,0.120,-0.030,-0.790,-0.280,-0.390,0.110,-0.094,-0.069,-0.025,-0.036,-0.438,-0.374,0.130,-0.410,-0.280,0.000,1556,777,779
1627885,Shaquille Harrison,2024,0.230,-0.130,0.070,0.180,-0.300,-0.240,2.000,0.140,0.500,-0.360,-0.068,0.078,-0.146,-0.112,-0.340,-0.130,-0.140,0.010,0.480,-0.080,-0.350,-0.180,-0.050,-0.130,0.189,0.060,0.129,-0.269,0.072,0.009,-0.040,-0.260,-0.300,0.000,638,319,319
1628436,Luke Kornet,2024,-0.120,-0.280,-0.280,-0.090,0.400,-0.530,-0.880,-1.380,-0.970,-0.410,0.260,0.152,0.108,1.200,2.090,-0.060,-0.680,-0.110,-1.420,-0.230,-0.710,0.570,0.400,0.170,-0.679,-0.300,-0.379,-0.271,-1.120,-0.109,0.080,-0.380,-0.300,0.000,7716,3850,3866
1628993,Alize Johnson,2024,-0.060,-0.060,0.200,-0.230,-0.140,0.020,-0.090,-0.180,-0.100,-0.080,-0.051,-0.002,-0.049,-0.029,-0.090,0.080,-0.090,-0.070,0.170,0.000,-0.120,-0.210,-0.160,-0.050,-0.013,0.019,-0.032,0.173,-0.231,-0.223,-0.260,-0.050,-0.310,0.000,122,60,62
1630792,Malcolm Hill,2024,-0.030,-0.010,0.050,-0.040,-0.020,-0.180,0.080,-0.230,-0.140,-0.090,0.002,0.037,-0.035,0.018,-0.040,-0.020,-0.180,0.020,0.210,-0.040,-0.080,-0.110,-0.020,-0.090,-0.050,-0.046,-0.004,0.040,-0.228,-0.160,-0.210,-0.120,-0.320,0.010,40,18,22
201566,Russell Westbrook,2024,4.580,-1.420,-2.120,0.270,-2.500,0.150,-0.580,0.920,0.790,0.130,-0.504,-0.594,0.090,0.354,-0.380,-0.390,0.650,0.440,-0.230,-0.210,0.980,-0.080,0.320,-0.400,-0.092,0.005,-0.097,-0.928,0.416,-0.172,0.770,-1.100,-0.330,-0.000,16710,8364,8346
1630284,Kevon Harris,2024,0.410,-0.480,0.290,0.070,-0.710,-0.590,-0.300,-0.530,-0.600,0.070,-0.459,-0.000,-0.459,0.909,0.140,-0.180,-0.230,0.080,0.080,-0.030,-0.320,-0.310,-0.000,-0.310,0.368,0.282,0.086,-0.308,-0.989,0.058,-0.080,-0.250,-0.330,0.000,1876,938,938
203914,Gary Harris,2024,0.500,0.000,1.320,0.210,-1.830,-0.140,0.420,0.530,0.530,-0.000,0.347,0.618,-0.271,-0.097,-0.280,-0.530,0.720,-0.300,-0.440,-0.250,-0.180,-0.830,-0.750,-0.080,0.366,0.426,-0.060,-0.646,0.877,-0.464,0.780,-1.110,-0.340,-0.010,10633,5319,5314
1631131,Oscar Tshiebwe,2024,0.160,-0.200,-0.230,-0.110,0.060,-0.060,-0.160,-0.360,-0.390,0.030,-0.231,-0.098,-0.133,0.331,0.060,-0.110,-0.160,-0.050,0.100,-0.010,0.150,-0.400,-0.260,-0.140,0.189,0.049,0.140,0.131,-0.591,-0.211,-0.260,-0.080,-0.340,-0.000,182,92,90
200752,Rudy Gay,2024,-0.840,-0.600,-0.540,-0.040,1.380,0.040,-1.250,-0.590,-0.550,-0.040,0.203,0.145,0.058,-0.593,0.040,-0.080,-0.290,0.200,0.250,0.290,0.770,0.400,0.370,0.030,0.167,0.052,0.115,0.073,-0.387,0.567,-0.980,0.640,-0.350,-0.010,3297,1651,1646
1630259,Jordan Ford,2024,-0.050,-0.060,0.250,0.000,-0.200,-0.080,-0.060,-0.200,-0.100,-0.100,0.032,0.009,0.023,0.138,0.010,-0.090,-0.060,-0.070,0.040,0.020,-0.130,-0.260,-0.200,-0.060,-0.025,-0.048,0.023,-0.045,-0.168,-0.285,-0.030,-0.330,-0.370,-0.010,82,42,40
1631321,Sidy Cissoko,2024,0.040,-0.110,0.620,-0.210,-0.690,0.100,0.090,-0.410,-0.170,-0.240,-0.159,-0.173,0.014,-0.281,0.090,0.040,-0.200,0.160,0.110,0.100,0.710,0.820,0.900,-0.080,-0.103,-0.089,-0.014,-0.257,-0.569,0.717,-0.850,0.460,-0.390,0.000,593,296,297
1630592,Jalen Wilson,2024,-0.390,-0.360,0.640,0.040,-0.250,-0.270,-0.120,-0.300,-0.110,-0.190,-0.507,0.158,-0.665,0.977,0.400,-0.180,-0.520,0.080,0.120,-0.220,-0.240,-0.350,-0.370,0.020,-0.456,-0.420,-0.036,0.236,-0.807,-0.806,0.170,-0.570,-0.400,-0.000,2575,1286,1289
1631159,Leonard Miller,2024,0.390,-0.210,-0.170,-0.090,-0.230,0.110,0.340,-0.110,0.120,-0.230,0.015,0.084,-0.069,-0.065,-0.120,-0.110,0.030,-0.020,0.080,-0.070,-0.010,-0.530,-0.470,-0.060,0.158,0.118,0.040,0.132,-0.095,-0.372,-0.160,-0.240,-0.400,0.000,249,125,124
1630163,LaMelo Ball,2024,1.400,-0.200,1.250,-0.320,-2.630,0.490,-0.490,1.380,1.220,0.160,0.412,0.234,0.178,0.148,-0.520,-0.410,-0.710,-0.680,1.240,0.020,-1.910,-2.580,-2.140,-0.440,-0.074,0.072,-0.146,0.314,1.792,-2.654,1.940,-2.340,-0.410,-0.010,8337,4165,4172
1630929,Henri Drell,2024,0.170,-0.150,0.100,-0.020,-0.280,-0.120,0.010,0.150,0.180,-0.030,-0.083,-0.037,-0.046,0.043,-0.140,-0.060,-0.150,-0.100,0.290,-0.070,-0.170,-0.520,-0.400,-0.120,0.003,-0.094,0.097,-0.003,0.067,-0.517,0.110,-0.520,-0.410,0.000,128,63,65
1630243,Trevelin Queen,2024,-0.360,-0.610,1.200,0.070,-0.840,0.180,0.150,0.020,0.380,-0.360,-0.299,0.163,-0.462,-0.271,-0.400,0.130,0.070,0.010,0.320,-0.060,-0.070,-0.010,0.040,-0.050,0.222,0.003,0.219,-0.082,-0.279,0.212,-0.550,0.130,-0.410,0.010,937,467,470
202692,Alec Burks,2024,-2.120,-0.860,1.270,0.520,0.860,-0.050,-2.290,0.560,-0.180,0.740,0.449,0.616,-0.167,0.071,-1.220,0.060,1.010,0.060,0.190,-0.620,1.760,-1.050,-0.600,-0.450,-0.116,-0.383,0.267,-0.334,1.009,-1.166,1.080,-1.500,-0.420,0.000,9950,4970,4980
1629680,Matisse Thybulle,2024,-0.770,-1.180,1.120,-0.460,-0.360,0.300,-0.320,-1.320,-0.930,-0.390,0.299,-0.134,0.433,-0.539,-1.320,-0.760,0.690,0.020,0.630,0.810,0.940,0.040,0.110,-0.070,1.651,1.137,0.514,-0.561,-1.021,1.691,-1.560,1.130,-0.420,0.010,10858,5410,5448
202687,Bismack Biyombo,2024,-2.590,-0.900,-0.920,1.010,3.520,-0.370,0.470,-0.460,0.670,-1.130,-0.219,0.045,-0.264,0.109,-0.250,1.140,0.520,-0.440,-0.270,0.290,0.060,1.100,1.250,-0.150,-0.484,-0.336,-0.148,-0.466,-0.679,0.616,-0.570,0.150,-0.420,0.000,7028,3506,3522
1629663,Louis King,2024,-0.000,-0.130,0.100,0.020,-0.100,-0.070,0.140,0.040,0.170,-0.130,-0.092,0.132,-0.224,0.082,-0.020,-0.070,-0.120,-0.060,0.130,-0.030,-0.130,-0.490,-0.340,-0.150,-0.028,-0.003,-0.025,0.068,-0.052,-0.518,0.030,-0.450,-0.420,0.000,120,59,61
1629126,Deonte Burton,2024,-0.090,-0.130,0.140,0.040,-0.060,-0.060,0.340,0.020,0.060,-0.040,-0.059,-0.016,-0.043,0.039,-0.010,-0.100,-0.090,-0.050,0.090,-0.020,-0.330,-0.320,-0.240,-0.080,-0.016,-0.006,-0.010,-0.084,-0.039,-0.336,0.000,-0.420,-0.420,0.000,27,14,13
1630207,Nate Hinton,2024,0.240,0.210,-0.180,-0.240,-0.070,-0.150,-0.400,-0.590,-0.430,-0.160,0.067,0.024,0.043,0.433,-0.030,0.060,-0.200,0.000,0.230,-0.100,0.370,-0.350,-0.190,-0.160,-0.189,-0.045,-0.144,0.219,-0.523,-0.539,-0.090,-0.320,-0.420,-0.010,326,161,165
1631128,Christian Braun,2024,2.600,-0.860,-2.820,-0.780,0.230,-0.630,-1.450,-2.090,-1.810,-0.280,-0.056,-0.105,0.049,0.176,-0.500,0.760,0.920,0.270,-0.440,0.900,1.720,1.650,1.860,-0.210,0.005,0.227,-0.222,-0.115,-2.146,1.655,-1.970,1.540,-0.430,0.000,12962,6447,6515
1631495,Donovan Williams,2024,0.160,-0.040,0.020,-0.120,-0.190,-0.100,0.010,-0.400,-0.310,-0.090,-0.054,0.015,-0.069,0.264,-0.010,-0.080,-0.080,-0.010,0.090,-0.030,-0.130,-0.240,-0.160,-0.080,-0.021,0.005,-0.026,0.031,-0.454,-0.261,-0.190,-0.230,-0.430,-0.010,17,8,9
1630572,Sandro Mamukelashvili,2024,-0.230,-0.850,1.860,-0.560,-1.620,-0.400,0.070,-2.790,-2.600,-0.190,0.231,0.024,0.207,1.339,-0.250,0.040,-0.120,0.010,0.370,0.230,0.210,0.950,0.630,0.320,-0.044,-0.121,0.077,-0.126,-2.559,0.906,-1.220,0.780,-0.440,0.000,4441,2230,2211
1631246,Vince Williams Jr.,2024,-1.210,0.020,1.660,-0.550,-0.470,-0.430,0.660,-0.150,-0.340,0.190,-0.558,-0.376,-0.182,-0.302,-1.460,0.300,0.480,0.170,0.960,-0.600,0.880,-0.720,-0.680,-0.040,0.862,0.447,0.415,0.428,-0.708,0.142,-1.010,0.570,-0.440,0.000,6194,3104,3090
1630530,Trey Murphy III,2024,-0.730,-0.300,1.440,0.710,-0.720,-1.110,-0.570,-0.100,-0.070,-0.030,-0.769,-0.660,-0.109,-0.381,-0.470,-0.250,-0.240,0.270,0.710,0.180,0.930,0.160,0.050,0.110,0.227,0.315,-0.088,0.383,-0.869,0.387,-1.250,0.770,-0.470,0.010,17289,8656,8633
1641735,Amari Bailey,2024,-0.350,-0.010,0.100,-0.030,0.260,-0.030,-0.330,-0.080,-0.060,-0.020,-0.173,-0.253,0.080,0.163,0.100,-0.040,-0.070,-0.080,-0.030,-0.010,-0.500,-0.140,-0.130,-0.010,-0.026,0.017,-0.043,-0.224,-0.253,-0.166,-0.090,-0.390,-0.480,0.000,255,127,128
1629056,Terence Davis,2024,0.600,-0.060,2.250,0.450,-2.870,-0.170,1.910,0.190,0.550,-0.360,-0.254,-0.038,-0.216,0.254,0.070,0.080,0.080,-0.250,-0.160,-0.080,0.680,-0.890,-0.530,-0.360,0.032,0.198,-0.166,0.178,-0.064,-0.858,0.190,-0.680,-0.490,-0.000,3691,1837,1854
1630540,Miles McBride,2024,-1.500,-1.250,1.830,-0.180,-0.340,-1.480,0.760,-3.190,-2.590,-0.600,0.891,0.345,0.546,1.289,0.930,0.490,-0.580,0.090,-0.350,-0.560,-0.080,-0.080,-0.240,0.160,0.289,0.101,0.188,0.311,-2.299,0.209,-1.010,0.520,-0.490,0.000,9445,4693,4752
1629714,Jarrell Brantley,2024,0.190,-0.270,0.430,-0.180,-0.630,-0.170,0.200,-0.700,-0.460,-0.240,0.161,0.126,0.035,0.089,0.040,-0.000,-0.240,0.040,0.190,0.040,-0.200,-0.110,-0.070,-0.040,-0.083,-0.083,-0.000,0.153,-0.539,-0.193,-0.450,-0.040,-0.500,-0.010,155,77,78
1631197,Jared Rhoden,2024,-1.980,-0.030,0.560,0.060,1.420,0.220,-0.860,0.520,0.500,0.020,0.050,0.080,-0.030,-0.320,-0.630,-0.100,0.360,0.130,0.270,-0.170,0.410,-0.540,-0.490,-0.050,0.050,-0.073,0.123,-0.260,0.570,-0.490,0.250,-0.750,-0.500,0.000,1757,881,876
1630224,Jalen Green,2024,1.410,-0.140,1.010,-0.120,-2.400,-0.130,-1.350,1.630,1.360,0.270,-0.159,0.206,-0.365,-0.581,-0.600,-0.520,-0.360,-0.060,0.930,0.000,-0.990,-0.770,-0.730,-0.040,-0.563,-0.312,-0.251,-0.057,1.471,-1.333,0.890,-1.390,-0.500,0.000,21444,10720,10724
1629644,KZ Okpala,2024,0.080,-0.170,0.340,-0.310,-0.420,0.060,0.340,-0.460,-0.550,0.090,-0.404,-0.294,-0.110,-0.236,-0.010,0.110,0.130,0.130,-0.120,-0.030,0.650,0.500,0.460,0.040,0.100,-0.076,0.176,0.000,-0.864,0.600,-1.100,0.600,-0.500,0.000,1041,511,530
1630196,Filip Petrusev,2024,-0.050,-0.050,0.080,-0.080,-0.020,-0.040,0.210,-0.090,-0.030,-0.060,-0.085,-0.050,-0.035,-0.095,-0.080,-0.050,-0.100,-0.020,0.180,-0.020,-0.280,-0.230,-0.180,-0.050,-0.036,-0.042,0.006,0.026,-0.175,-0.266,-0.270,-0.240,-0.500,0.010,37,19,18
201588,George Hill,2024,-0.900,-0.020,0.540,-0.430,0.360,-0.240,-0.280,-1.100,-1.060,-0.040,0.191,0.304,-0.113,-0.341,0.530,-0.020,-0.280,0.350,-0.250,0.180,2.380,1.160,1.000,0.160,-0.381,-0.388,0.007,-0.029,-0.909,0.779,-1.250,0.750,-0.500,0.000,3374,1688,1686
1630204,Ashton Hagans,2024,1.190,-0.270,-0.880,-0.360,-0.310,-0.420,-0.730,-0.500,-0.280,-0.220,-0.485,-0.072,-0.413,0.425,-0.120,0.090,0.310,-0.070,-0.200,0.150,1.200,-0.230,0.090,-0.320,0.141,0.043,0.098,0.139,-0.985,-0.089,-0.560,0.050,-0.510,0.000,1215,612,603
1626171,Bobby Portis,2024,-3.000,-0.080,-0.840,0.020,3.840,1.160,0.850,-0.360,0.250,-0.610,0.282,0.370,-0.088,0.848,0.290,-0.830,0.130,-0.070,-0.420,-0.080,-0.670,-0.810,-0.760,-0.050,-0.369,-0.290,-0.079,-0.111,-0.078,-1.179,0.770,-1.290,-0.510,0.010,16772,8373,8399
202685,Jonas Valanciunas,2024,-0.700,-0.080,-2.130,0.440,2.840,0.140,1.070,-0.790,-0.480,-0.310,-0.688,-0.262,-0.426,1.258,1.160,-0.220,-1.120,-0.300,-0.040,0.090,-3.340,0.340,-0.070,0.410,-1.110,-0.141,-0.969,0.470,-1.478,-0.770,-0.220,-0.300,-0.510,0.010,16001,8011,7990
1628964,Mo Bamba,2024,-1.630,-1.090,1.800,0.170,-0.170,-0.120,0.490,-2.220,-1.630,-0.590,0.112,0.071,0.041,1.118,1.140,0.100,-1.370,0.420,0.220,0.530,-0.460,0.870,0.990,-0.120,-0.651,-0.188,-0.463,0.261,-2.108,0.219,-0.990,0.480,-0.510,0.000,6025,3017,3008
1631117,Walker Kessler,2024,-0.080,0.030,-1.210,-0.480,1.300,0.370,-2.070,-1.060,-1.050,-0.010,-1.235,-0.808,-0.427,1.175,1.220,1.530,-0.300,-0.510,-0.920,0.140,-1.800,1.930,1.200,0.730,-1.079,-0.601,-0.478,-0.241,-2.295,0.851,-1.120,0.610,-0.510,-0.000,12999,6481,6518
1628425,Sterling Brown,2024,-0.030,0.010,0.040,-0.120,-0.010,-0.180,-0.520,-0.330,-0.320,-0.010,-0.040,0.025,-0.065,0.060,-0.010,0.010,-0.200,-0.010,0.210,-0.050,-0.080,-0.150,-0.080,-0.070,-0.004,-0.019,0.015,-0.056,-0.370,-0.154,-0.310,-0.210,-0.520,0.000,115,57,58
1628396,Tony Bradley,2024,-0.200,-0.000,0.320,0.040,-0.110,-0.230,0.440,-0.040,0.020,-0.060,0.093,0.173,-0.080,-0.353,0.050,-0.020,-0.160,-0.030,0.100,-0.060,-0.160,-0.180,-0.120,-0.060,-0.025,-0.009,-0.016,-0.015,0.053,-0.205,-0.300,-0.220,-0.530,-0.010,150,75,75
203526,Raul Neto,2024,-0.710,-0.190,-0.070,0.340,0.780,0.340,-0.700,1.110,1.030,0.080,-0.844,-0.304,-0.540,-0.326,-0.020,-0.270,0.080,-0.130,-0.060,0.400,0.960,-0.120,-0.040,-0.080,0.035,0.119,-0.084,-0.385,0.266,-0.085,-0.060,-0.470,-0.540,-0.010,1965,979,986
1641745,Adam Flagler,2024,-0.170,-0.120,0.350,-0.050,-0.180,-0.080,0.010,-0.340,-0.280,-0.060,-0.027,0.026,-0.053,0.097,-0.130,-0.060,-0.120,-0.030,0.240,-0.050,-0.340,-0.210,-0.170,-0.040,-0.026,0.020,-0.046,-0.044,-0.367,-0.236,-0.270,-0.280,-0.540,0.010,60,29,31
1627788,Furkan Korkmaz,2024,0.680,0.740,-0.060,-0.280,-0.590,-0.840,-0.390,0.060,-0.420,0.480,-0.941,-0.744,-0.197,0.281,-0.810,-0.380,-0.040,0.300,0.830,0.170,-0.040,-0.820,-0.390,-0.430,0.700,0.175,0.525,0.170,-0.881,-0.120,-0.600,0.050,-0.550,-0.000,2725,1371,1354
1630648,Jordan Schakel,2024,-0.170,-0.150,0.100,-0.060,0.070,-0.010,0.020,-0.290,-0.190,-0.100,0.012,0.018,-0.006,0.058,-0.080,-0.100,-0.070,-0.050,0.140,-0.040,-0.280,-0.400,-0.320,-0.080,0.052,-0.023,0.075,0.028,-0.278,-0.348,-0.220,-0.320,-0.550,-0.010,22,12,10
1630622,Jalen Crutcher,2024,-0.020,-0.150,0.090,-0.020,-0.060,-0.120,0.110,-0.250,-0.170,-0.080,-0.022,0.003,-0.025,0.022,-0.050,-0.090,-0.100,-0.020,0.150,-0.040,-0.240,-0.300,-0.210,-0.090,-0.029,-0.016,-0.013,0.019,-0.272,-0.329,-0.250,-0.310,-0.560,0.000,9,4,5
1630620,Darius Days,2024,-0.360,-0.070,0.410,-0.170,-0.040,-0.060,0.110,-0.830,-0.660,-0.170,0.082,0.046,0.036,0.428,0.030,-0.090,-0.160,-0.010,0.120,-0.060,-0.080,-0.370,-0.250,-0.120,-0.005,0.043,-0.048,0.125,-0.748,-0.375,-0.320,-0.250,-0.570,0.000,101,50,51
1631167,Izaiah Brockington,2024,0.060,-0.100,0.010,-0.100,-0.060,-0.160,-0.050,-0.440,-0.380,-0.060,0.013,0.018,-0.005,0.217,-0.100,-0.080,-0.040,-0.020,0.130,-0.010,-0.210,-0.270,-0.210,-0.060,-0.039,-0.023,-0.016,-0.051,-0.427,-0.309,-0.210,-0.360,-0.570,0.000,15,8,7
1630596,Evan Mobley,2024,1.570,0.970,-3.060,0.190,1.500,-1.380,0.120,-1.210,-0.660,-0.550,-0.521,-0.224,-0.297,0.041,1.020,0.770,-0.600,-0.780,-0.440,1.180,-1.140,0.650,0.630,0.020,0.271,0.224,0.047,0.189,-1.731,0.921,-1.690,1.110,-0.580,0.000,19092,9558,9534
1631221,Collin Gillespie,2024,-0.140,-0.420,0.320,-0.150,-0.170,0.110,-0.180,-0.450,-0.360,-0.090,0.180,-0.024,0.204,-0.030,0.040,-0.160,0.270,-0.010,-0.320,0.020,0.430,-0.260,-0.100,-0.160,-0.059,0.052,-0.111,0.029,-0.270,-0.319,-0.300,-0.290,-0.580,0.010,895,444,451
1630564,RaiQuan Gray,2024,0.110,-0.270,0.120,0.100,-0.260,-0.120,0.740,-0.020,-0.000,-0.020,0.230,0.049,0.181,-0.090,0.050,-0.020,-0.210,-0.120,0.160,-0.020,-0.290,-0.560,-0.470,-0.090,-0.138,-0.145,0.007,-0.022,0.210,-0.698,0.120,-0.720,-0.600,0.000,300,152,148
1631207,Dalen Terry,2024,1.510,0.140,-1.260,-0.850,-0.220,0.150,-1.980,-0.620,-0.380,-0.240,-0.336,-0.171,-0.165,0.616,0.430,0.160,-0.270,-0.410,-0.160,0.160,-0.620,-0.920,-0.410,-0.510,0.335,-0.028,0.363,0.325,-0.956,-0.585,-0.340,-0.260,-0.600,0.000,3562,1781,1781
1641806,Markquis Nowell,2024,-0.060,-0.100,0.110,-0.080,-0.050,-0.140,-0.020,-0.330,-0.260,-0.070,-0.066,0.013,-0.079,0.076,-0.000,-0.070,-0.100,-0.040,0.100,-0.040,-0.180,-0.300,-0.230,-0.070,0.007,0.005,0.002,0.013,-0.396,-0.293,-0.320,-0.280,-0.600,0.000,14,7,7
1628426,Sasha Vezenkov,2024,-0.290,0.020,2.180,0.160,-1.850,0.220,1.690,1.180,1.670,-0.490,-0.255,-0.160,-0.095,-1.055,-0.220,0.160,0.320,-0.200,-0.100,-0.030,0.040,-0.580,-0.420,-0.160,0.022,-0.159,0.181,0.078,0.925,-0.558,-0.130,-0.480,-0.610,0.000,2087,1045,1042
1629656,Quentin Grimes,2024,-1.450,-1.310,2.080,0.060,-0.630,-0.530,-0.700,-1.940,-1.570,-0.370,0.912,0.003,0.909,-0.702,-0.180,0.280,-0.360,0.460,0.540,-0.150,0.420,1.120,1.100,0.020,-0.041,-0.119,0.078,0.041,-1.028,1.079,-1.730,1.120,-0.610,-0.000,13400,6679,6721
1630611,Gui Santos,2024,0.430,0.130,0.360,-0.610,-0.760,-0.160,-0.040,-1.090,-1.050,-0.040,0.168,0.120,0.048,0.722,-0.070,0.050,-0.160,-0.080,0.220,-0.100,-0.140,-0.470,-0.330,-0.140,-0.161,-0.076,-0.085,0.221,-0.922,-0.631,-0.200,-0.410,-0.610,0.000,782,388,394
1628391,D.J. Wilson,2024,0.140,-0.050,0.090,-0.080,-0.240,-0.140,0.040,-0.180,-0.100,-0.080,0.007,0.020,-0.013,-0.047,-0.030,-0.090,-0.000,-0.030,0.020,-0.050,-0.220,-0.370,-0.300,-0.070,-0.075,0.003,-0.078,0.035,-0.173,-0.445,-0.220,-0.410,-0.620,0.010,56,28,28
203952,Andrew Wiggins,2024,-1.100,-0.480,1.460,0.800,-0.410,-0.410,1.190,-0.110,0.090,-0.200,-0.153,-0.263,0.110,-0.347,0.910,-0.230,-0.100,0.030,-0.880,0.200,0.270,0.260,0.300,-0.040,0.180,-0.209,0.389,-0.450,-0.263,0.440,-0.610,-0.010,-0.620,0.000,14940,7456,7484
1628467,Maxi Kleber,2024,-1.060,0.150,2.410,0.140,-1.320,-0.440,-2.860,0.550,0.120,0.430,-0.485,-0.212,-0.273,-1.345,0.790,0.080,-0.090,-0.100,-0.700,-0.160,1.000,0.410,0.580,-0.170,0.170,-0.137,0.307,0.090,0.065,0.580,-1.280,0.670,-0.620,-0.010,7972,3993,3979
1629655,Daniel Gafford,2024,0.590,0.730,-3.430,-0.640,2.840,0.680,-0.710,-1.610,-0.790,-0.820,-0.432,-0.390,-0.042,1.572,0.510,1.460,-0.490,-0.470,-0.010,0.080,-2.600,1.410,1.010,0.400,-0.557,-0.375,-0.182,-1.013,-2.042,0.853,-0.470,-0.160,-0.630,0.000,15753,7875,7878
203469,Cody Zeller,2024,-0.980,-0.620,0.480,0.260,0.490,0.150,0.080,0.230,0.550,-0.320,-0.379,-0.324,-0.055,0.249,0.280,-0.210,-0.220,0.170,-0.060,-0.420,-0.880,-1.080,-0.940,-0.140,-0.197,-0.008,-0.189,0.537,-0.149,-1.277,0.100,-0.740,-0.630,0.010,2859,1433,1426
1641847,Andrew Funk,2024,0.100,-0.100,0.030,-0.050,-0.130,-0.180,-0.180,-0.400,-0.310,-0.090,-0.093,-0.038,-0.055,0.233,-0.050,-0.000,-0.150,-0.080,0.200,-0.040,-0.210,-0.240,-0.130,-0.110,-0.014,-0.026,0.012,-0.126,-0.493,-0.254,-0.260,-0.380,-0.640,0.000,53,26,27
1629735,Chris Silva,2024,-0.050,-0.100,-0.040,-0.080,0.090,-0.110,-0.090,-0.340,-0.280,-0.060,-0.064,0.009,-0.073,0.004,-0.000,-0.080,-0.120,0.000,0.120,-0.040,-0.150,-0.220,-0.130,-0.090,-0.043,-0.022,-0.021,0.023,-0.404,-0.263,-0.400,-0.240,-0.640,0.000,15,8,7
1630580,Joe Wieskamp,2024,0.240,-0.400,0.040,-0.130,-0.280,-0.190,-0.600,-0.980,-0.780,-0.200,0.061,0.020,0.041,0.079,0.070,0.020,-0.180,-0.010,0.110,0.080,-0.210,0.110,0.160,-0.050,0.023,0.031,-0.008,0.057,-0.919,0.133,-0.840,0.190,-0.640,0.010,205,101,104
1628416,Tyler Dorsey,2024,-0.020,-0.220,0.020,-0.130,-0.000,-0.010,-0.070,-0.450,-0.380,-0.070,-0.090,-0.010,-0.080,0.140,-0.010,-0.070,-0.080,-0.030,0.090,-0.000,-0.180,-0.180,-0.110,-0.070,-0.038,-0.031,-0.007,-0.032,-0.540,-0.218,-0.400,-0.250,-0.650,0.000,29,15,14
1629651,Nicolas Claxton,2024,0.260,1.360,-1.920,-0.190,1.690,0.420,0.140,-0.570,0.170,-0.740,-0.318,-0.502,0.184,-0.192,-0.130,1.200,0.530,-0.620,-0.380,0.940,0.250,1.600,1.320,0.280,-0.312,-0.002,-0.310,-0.858,-0.888,1.288,-1.080,0.430,-0.650,-0.000,17868,8888,8980
1630237,Anthony Lamb,2024,-1.520,0.500,3.110,0.230,-1.550,-0.840,2.840,0.990,0.810,0.180,-1.073,-0.502,-0.571,-0.437,0.750,-0.030,-0.840,0.080,0.090,-0.130,-0.630,-0.100,-0.010,-0.090,-0.050,-0.399,0.349,0.010,-0.083,-0.150,-0.520,-0.140,-0.650,0.010,5021,2513,2508
1641854,Craig Porter,2024,-0.500,-0.030,-1.020,0.500,1.510,0.390,2.230,0.540,1.250,-0.710,-0.538,0.290,-0.828,0.018,0.350,-0.030,-0.600,-0.080,0.240,-0.190,-0.400,-0.460,-0.470,0.010,-0.725,-0.460,-0.265,0.505,0.002,-1.185,0.020,-0.680,-0.660,0.000,2534,1265,1269
1631309,Trevor Hudgins,2024,-0.340,-0.090,0.300,-0.100,0.050,-0.080,-0.060,-0.410,-0.370,-0.040,0.057,0.064,-0.007,-0.097,0.040,-0.110,-0.150,-0.010,0.110,-0.050,-0.120,-0.380,-0.260,-0.120,0.051,0.087,-0.036,0.129,-0.353,-0.329,-0.450,-0.200,-0.660,-0.010,109,54,55
1627823,Juancho Hernangomez,2024,0.560,0.310,-1.060,-0.170,0.500,-0.680,-2.280,-1.450,-1.440,-0.010,-0.145,-0.247,0.102,1.835,0.240,-0.650,-0.750,0.100,0.510,-0.170,-0.930,-1.120,-1.080,-0.040,-0.272,-0.189,-0.083,0.482,-1.595,-1.392,0.240,-0.910,-0.680,-0.010,2454,1229,1225
203083,Andre Drummond,2024,2.410,-1.370,-3.910,-0.690,1.510,-0.180,-5.180,-2.450,-1.880,-0.570,-0.763,-0.427,-0.336,2.733,1.130,-0.010,-1.440,-0.210,0.310,-0.150,-0.460,-0.510,-0.450,-0.060,0.418,0.267,0.151,-0.108,-3.213,-0.092,-0.480,-0.200,-0.680,0.000,8736,4356,4380
203486,Mason Plumlee,2024,0.680,-0.600,-0.650,0.340,-0.010,0.200,2.610,-0.340,0.170,-0.510,-0.010,-0.237,0.227,0.520,0.400,-0.310,0.070,-0.200,-0.470,-0.880,-1.680,-0.520,-0.850,0.330,0.039,-0.043,0.082,-0.379,-0.350,-0.481,0.170,-0.860,-0.680,0.010,11871,5938,5933
1631115,Orlando Robinson,2024,-0.460,-0.720,0.330,0.080,0.140,-0.030,-0.790,-1.140,-1.010,-0.130,-0.696,-0.425,-0.271,1.126,0.050,0.120,-0.680,-0.550,0.620,0.230,-1.490,-0.250,-0.170,-0.080,0.456,0.214,0.242,-0.176,-1.836,0.206,-0.710,0.030,-0.680,-0.000,2857,1423,1434
1641709,Ausar Thompson,2024,1.720,-0.090,-1.220,-1.230,-0.500,-0.330,-1.720,-1.920,-2.110,0.190,-0.536,-0.306,-0.230,0.546,-0.060,0.280,0.310,-0.010,-0.240,0.160,-0.020,0.910,0.900,0.010,0.121,-0.055,0.176,0.169,-2.456,1.031,-1.910,1.200,-0.700,0.010,6486,3228,3258
1629021,Moritz Wagner,2024,3.200,-0.780,-1.210,-0.130,-2.020,-0.450,1.130,-0.420,-0.760,0.340,-0.917,-0.344,-0.573,0.807,0.760,-0.980,-1.170,0.210,0.400,-0.270,-1.430,-0.990,-1.130,0.140,0.609,-0.037,0.646,0.201,-1.337,-0.381,-0.530,-0.180,-0.710,0.000,10580,5303,5277
1641816,Hunter Tyson,2024,-0.500,-0.090,0.920,-0.020,-0.420,-0.010,0.390,-0.150,0.100,-0.250,-0.065,-0.094,0.029,-0.315,-0.020,-0.100,-0.300,0.090,0.310,-0.080,-0.010,-0.320,-0.130,-0.190,-0.087,-0.020,-0.067,0.217,-0.215,-0.407,-0.530,-0.190,-0.710,0.010,256,130,126
1630643,Jay Huff,2024,-0.070,-0.080,0.450,-0.150,-0.390,0.150,0.340,0.270,0.260,0.010,-0.012,0.161,-0.173,-0.368,-0.040,-0.110,-0.140,-0.100,0.180,-0.120,-0.140,-0.930,-0.810,-0.120,0.112,0.188,-0.076,0.218,0.258,-0.818,-0.110,-0.600,-0.710,0.000,623,310,313
1627741,Buddy Hield,2024,-0.050,0.230,3.760,0.060,-3.710,-0.290,2.700,-0.160,0.360,-0.520,0.093,-0.129,0.222,-0.023,-0.780,0.710,0.770,-0.170,-0.000,-0.530,0.300,-0.210,-0.250,0.040,-0.017,-0.067,0.050,-0.383,-0.067,-0.227,-0.090,-0.610,-0.710,-0.010,19333,9681,9652
1628402,Frank Jackson,2024,0.050,-0.120,-0.050,-0.110,-0.000,-0.130,-0.030,-0.430,-0.360,-0.070,0.008,0.021,-0.013,0.112,-0.070,-0.080,-0.030,-0.030,0.090,-0.050,-0.280,-0.340,-0.280,-0.060,-0.048,-0.023,-0.025,-0.012,-0.422,-0.388,-0.310,-0.400,-0.720,-0.010,17,9,8
1629645,Kevin Porter Jr.,2024,-0.160,-0.820,0.360,0.120,-0.190,-0.880,-3.290,-0.610,-0.740,0.130,-0.752,0.107,-0.859,1.212,0.060,-0.640,-1.550,-0.120,1.400,0.300,-0.990,-0.970,-0.850,-0.120,0.145,0.217,-0.072,0.255,-1.362,-0.825,-0.150,-0.570,-0.720,0.000,8408,4195,4213
1629653,Devon Dotson,2024,0.020,-0.110,0.050,-0.120,-0.070,-0.270,-0.440,-0.560,-0.580,0.020,0.042,0.031,0.011,-0.102,-0.080,-0.010,0.020,-0.030,0.060,-0.020,0.410,-0.340,-0.170,-0.170,0.134,0.037,0.097,0.096,-0.518,-0.206,-0.620,-0.110,-0.730,0.000,210,105,105
202689,Kemba Walker,2024,-0.100,-0.140,0.400,-0.190,-0.300,-0.060,-0.690,-0.480,-0.370,-0.110,0.433,0.449,-0.016,-0.013,0.020,-0.060,-0.020,-0.060,-0.000,-0.180,-0.140,-0.590,-0.400,-0.190,-0.075,0.034,-0.109,-0.015,-0.047,-0.665,-0.060,-0.680,-0.740,-0.000,406,202,204
1630228,Jonathan Kuminga,2024,1.940,0.440,-0.460,0.330,-1.390,-0.260,0.760,1.200,1.250,-0.050,-0.638,-0.131,-0.507,-1.412,-0.030,0.070,0.150,0.120,-0.100,0.020,-0.430,-0.320,-0.160,-0.160,0.416,0.457,-0.041,0.014,0.562,0.096,-0.850,0.110,-0.740,0.000,14063,7005,7058
203937,Kyle Anderson,2024,-0.780,-0.100,-1.860,0.020,2.660,-0.500,0.340,-0.740,-1.050,0.310,0.302,0.225,0.077,-0.732,-0.180,0.060,-0.220,-0.080,0.370,0.260,1.480,-0.480,-0.330,-0.150,0.963,0.078,0.885,-0.063,-0.438,0.483,-1.170,0.420,-0.750,0.000,16300,8132,8168
202691,Klay Thompson,2024,-0.000,0.380,1.200,0.250,-1.310,-0.590,3.110,-0.300,-0.010,-0.290,-0.082,-0.393,0.311,0.622,-0.520,0.370,0.380,-0.100,0.130,0.120,-0.730,-0.210,-0.270,0.060,-0.693,-0.457,-0.236,-0.107,-0.382,-0.903,0.240,-1.010,-0.770,-0.000,21408,10710,10698
1630534,Ochai Agbaji,2024,1.060,0.060,-0.060,-0.720,-0.990,0.010,0.160,0.060,0.150,-0.090,0.155,-0.033,0.188,-0.175,0.650,0.140,-0.590,0.290,-0.070,-0.340,-0.190,0.910,0.960,-0.050,-0.919,-0.401,-0.518,-0.811,0.215,-0.009,0.040,-0.820,-0.780,0.000,11790,5888,5902
1630846,Olivier Sarr,2024,-0.430,-0.510,0.520,-0.170,-0.070,0.030,-0.730,-0.860,-0.680,-0.180,-0.407,0.091,-0.498,0.537,0.120,-0.030,-0.290,-0.030,0.160,0.090,0.070,-0.150,-0.150,-0.000,-0.085,-0.041,-0.044,0.185,-1.267,-0.235,-0.730,-0.050,-0.780,-0.000,856,426,430
1629603,Mamadi Diakite,2024,-0.260,-0.210,-0.060,-0.170,0.310,-0.010,-1.430,-0.420,-0.240,-0.180,-0.367,0.125,-0.492,-0.423,0.400,-0.170,-0.440,0.170,0.040,-0.050,0.190,0.030,0.090,-0.060,0.287,0.175,0.112,0.103,-0.787,0.317,-1.210,0.420,-0.790,0.000,820,405,415
1631157,Ryan Rollins,2024,0.560,0.090,-0.420,-0.210,-0.160,-0.340,-0.840,-0.320,-0.330,0.010,-0.629,-0.205,-0.424,-0.391,0.020,-0.010,-0.390,0.050,0.370,0.000,0.220,-0.060,0.040,-0.100,0.400,0.238,0.162,0.210,-0.949,0.340,-1.340,0.550,-0.790,0.000,594,298,296
1626224,Cedi Osman,2024,-1.580,0.470,1.880,-0.250,-0.290,0.040,0.870,0.950,0.990,-0.040,0.237,0.285,-0.048,-0.887,-0.510,-0.440,0.450,-0.220,0.060,0.300,0.920,-1.160,-0.810,-0.350,0.496,-0.109,0.605,-0.426,1.187,-0.664,0.300,-1.090,-0.800,-0.010,11666,5827,5839
1626195,Willy Hernangomez,2024,1.680,-0.780,-1.460,-0.350,-0.230,-0.610,-2.240,-1.190,-1.330,0.140,-0.387,-0.175,-0.212,0.537,-0.100,-0.320,-0.330,0.270,0.420,-0.220,0.030,0.070,0.120,-0.050,0.287,0.330,-0.043,-0.107,-1.577,0.357,-1.040,0.250,-0.800,-0.010,1912,956,956
201569,Eric Gordon,2024,0.900,0.060,1.140,-0.150,-2.010,0.350,-1.480,0.970,0.360,0.610,-1.192,-0.522,-0.670,-0.238,-0.440,-0.080,0.340,-0.140,0.030,0.920,1.010,0.460,0.500,-0.040,-0.660,-0.412,-0.248,-0.140,-0.222,-0.200,-0.460,-0.340,-0.800,-0.000,17005,8491,8514
1631213,Tyrese Martin,2024,-0.160,-0.220,0.340,-0.140,-0.190,-0.160,0.200,-1.120,-0.910,-0.210,0.214,0.142,0.072,0.496,-0.120,-0.150,-0.040,-0.030,0.160,0.000,-0.240,-0.220,-0.240,0.020,-0.090,-0.002,-0.088,-0.090,-0.906,-0.310,-0.410,-0.400,-0.810,0.000,252,126,126
1631209,Isaiah Wong,2024,-0.080,-0.100,0.040,-0.110,0.040,-0.080,-0.200,-0.410,-0.330,-0.080,-0.040,0.024,-0.064,-0.010,-0.080,-0.080,-0.080,-0.050,0.160,-0.040,-0.200,-0.370,-0.300,-0.070,-0.019,-0.022,0.003,0.029,-0.450,-0.389,-0.460,-0.360,-0.820,0.000,16,8,8
1629232,Kaiser Gates,2024,0.010,-0.220,0.070,-0.090,-0.090,-0.110,-0.400,-0.570,-0.540,-0.030,-0.067,-0.071,0.004,0.077,-0.120,-0.000,-0.040,-0.050,0.160,-0.040,-0.040,-0.230,-0.170,-0.060,0.007,0.019,-0.012,-0.037,-0.637,-0.223,-0.560,-0.260,-0.820,0.000,32,16,16
1626145,Tyus Jones,2024,-1.780,0.630,0.360,0.310,1.420,0.600,5.060,1.830,2.310,-0.480,1.034,0.473,0.561,-1.334,-0.960,-0.650,0.480,-0.280,0.490,-0.190,-2.670,-1.680,-1.560,-0.120,0.194,0.346,-0.152,-0.864,2.864,-1.486,1.530,-2.350,-0.820,0.000,16738,8396,8342
203920,Khem Birch,2024,-0.180,0.300,-0.170,-0.040,0.350,-0.580,-0.610,-0.520,-0.450,-0.070,-0.292,0.117,-0.409,-0.078,0.110,-0.070,-0.250,-0.130,0.140,0.030,-0.520,-0.090,-0.110,0.020,0.246,0.279,-0.033,-0.096,-0.812,0.156,-0.890,0.060,-0.830,0.000,638,314,324
1630188,Jalen Smith,2024,1.070,-0.100,0.110,-0.480,-1.170,-0.470,0.920,-1.350,-0.930,-0.420,-0.121,-0.437,0.316,1.291,-0.960,-0.320,-0.230,-0.260,1.190,0.530,-1.200,-0.130,-0.050,-0.080,-0.274,-0.215,-0.059,-0.256,-1.471,-0.404,-0.180,-0.660,-0.840,0.000,9846,4917,4929
1641753,Chris Livingston,2024,0.360,-0.140,-0.180,-0.050,-0.170,0.070,-0.330,-0.060,0.180,-0.240,-0.006,0.102,-0.108,-0.314,0.100,-0.090,-0.110,-0.090,0.010,-0.090,-0.020,-0.670,-0.320,-0.350,0.015,-0.064,0.079,0.185,-0.066,-0.655,-0.380,-0.470,-0.840,0.010,390,190,200
1629610,DaQuan Jeffries,2024,-0.140,-0.190,0.510,-0.310,-0.380,-0.360,-0.320,-1.280,-1.250,-0.030,0.221,0.165,0.056,-0.011,0.160,-0.050,-0.230,0.010,0.060,-0.030,0.000,-0.070,-0.010,-0.060,0.175,0.083,0.092,0.125,-1.059,0.105,-1.070,0.230,-0.850,-0.010,279,135,144
1630214,Xavier Tillman,2024,-1.070,-0.050,0.830,-0.700,0.230,-0.530,-0.120,-3.050,-2.160,-0.890,0.023,0.266,-0.243,0.577,-0.460,0.140,0.620,0.030,-0.160,-0.240,0.520,0.150,-0.160,0.310,1.299,0.893,0.406,0.141,-3.027,1.449,-2.450,1.590,-0.860,-0.000,9815,4899,4916
1626166,Cameron Payne,2024,-1.460,-0.790,0.400,0.360,1.050,0.140,1.060,-0.860,-0.390,-0.470,0.205,0.139,0.066,-0.205,-0.910,-0.010,1.370,0.480,-0.470,-0.590,1.270,0.410,0.800,-0.390,0.340,-0.237,0.577,-0.760,-0.655,0.750,-0.860,-0.010,-0.860,0.010,10030,5026,5004
1641970,Maozinha Pereira,2024,-0.140,-0.340,-0.070,-0.160,0.210,-0.350,-0.710,-1.160,-0.950,-0.210,-0.264,-0.137,-0.127,0.204,0.140,-0.020,-0.260,-0.020,0.110,0.000,-0.230,-0.230,-0.140,-0.090,0.167,0.017,0.150,0.413,-1.424,-0.063,-1.220,0.350,-0.870,-0.000,493,245,248
1631217,Moussa Diabate,2024,-0.260,-0.560,-1.040,-0.010,1.310,-0.410,-0.190,-1.560,-1.520,-0.040,0.073,0.292,-0.219,1.607,-0.240,-0.140,0.150,-0.320,0.090,0.080,-0.800,-0.850,-0.770,-0.080,-0.189,-0.192,0.003,0.039,-1.487,-1.039,0.120,-1.000,-0.880,0.000,1037,518,519
1641763,Julian Phillips,2024,0.130,-0.280,-0.500,0.120,0.360,-0.210,-0.020,-0.630,-0.370,-0.260,0.026,0.074,-0.048,0.304,-0.430,-0.220,-0.180,0.310,0.590,-0.120,0.190,-0.540,0.070,-0.610,-0.071,-0.107,0.036,0.031,-0.604,-0.611,-0.300,-0.580,-0.880,0.000,1299,654,645
1629716,Marques Bolden,2024,-0.430,-0.060,0.100,0.140,0.340,-0.190,0.130,-0.630,-0.540,-0.090,-0.291,-0.154,-0.137,0.441,-0.240,0.040,0.190,-0.120,0.040,0.010,-0.320,-0.460,-0.410,-0.050,-0.011,-0.031,0.020,0.061,-0.921,-0.471,-0.480,-0.410,-0.880,0.010,485,243,242
201959,Taj Gibson,2024,-1.640,-0.080,-0.210,-0.190,1.860,0.580,-1.950,-0.630,-0.080,-0.550,0.242,0.503,-0.261,-0.622,0.520,-0.390,-0.800,-0.100,0.280,-0.170,-0.070,-1.250,-1.180,-0.070,0.447,0.051,0.396,0.923,-0.388,-0.803,-1.010,0.120,-0.890,-0.000,2716,1368,1348
1630562,Matt Hurt,2024,-0.470,-0.060,0.270,-0.310,0.200,-0.320,-1.560,-0.640,-0.910,0.270,-0.492,-0.289,-0.203,0.202,-0.200,-0.130,-0.140,0.040,0.330,0.050,-0.010,0.130,0.140,-0.010,0.203,0.088,0.115,-0.303,-1.132,0.333,-0.930,0.030,-0.900,0.000,445,224,221
1628978,Donte DiVincenzo,2024,-0.680,-0.920,2.900,0.850,-2.240,0.080,3.030,1.030,1.290,-0.260,-0.890,-0.534,-0.356,-0.280,-0.900,0.510,0.220,-0.470,0.730,-0.800,-0.640,-1.160,-1.270,0.110,0.481,0.226,0.255,-0.101,0.140,-0.679,-0.140,-0.780,-0.920,-0.000,20199,10089,10110
1641771,Jalen Slawson,2024,0.060,-0.090,-0.080,-0.200,0.010,0.050,-0.020,-0.280,-0.160,-0.120,-0.272,-0.130,-0.142,0.242,-0.220,-0.050,0.080,-0.020,0.130,-0.080,-0.110,-0.420,-0.320,-0.100,-0.084,-0.047,-0.037,-0.106,-0.552,-0.504,-0.310,-0.610,-0.920,-0.000,138,70,68
1630604,E.J. Liddell,2024,-0.010,-0.050,0.220,-0.270,-0.210,-0.000,-0.940,-0.510,-0.520,0.010,-0.221,-0.265,0.044,0.101,-0.100,-0.060,-0.070,-0.040,0.170,-0.070,-0.030,-0.340,-0.310,-0.030,0.101,0.036,0.065,-0.061,-0.731,-0.239,-0.630,-0.300,-0.930,-0.000,108,54,54
1630311,Pat Spencer,2024,0.250,-0.120,0.050,-0.240,-0.290,-0.120,0.100,-0.700,-0.650,-0.050,0.104,0.061,0.043,0.006,-0.090,-0.040,0.040,-0.070,0.050,-0.020,-0.040,-0.360,-0.280,-0.080,0.071,0.016,0.055,-0.061,-0.596,-0.289,-0.590,-0.350,-0.940,0.000,104,52,52
1630267,Facundo Campazzo,2024,0.180,-0.430,0.280,-0.130,-0.460,-0.080,-0.160,-0.750,-0.650,-0.100,-0.026,0.074,-0.100,-0.224,-0.020,-0.100,0.080,-0.050,-0.060,0.060,0.320,-0.150,-0.060,-0.090,0.083,0.038,0.045,0.137,-0.776,-0.067,-1.000,0.070,-0.940,-0.010,205,102,103
1628971,Bruce Brown,2024,1.550,0.340,-1.220,0.210,-0.350,0.070,1.540,0.870,0.950,-0.080,-0.500,-0.125,-0.375,0.080,-0.100,-0.930,0.010,-0.080,0.100,-0.100,-0.340,-0.920,-0.570,-0.350,0.033,0.143,-0.110,-0.513,0.370,-0.887,0.450,-1.400,-0.950,0.000,18966,9467,9499
1629033,Theo Pinson,2024,-1.310,-0.070,1.800,-0.150,-0.480,0.040,0.840,-0.260,-0.100,-0.160,0.423,0.291,0.132,-0.463,0.130,-0.270,0.120,0.150,-0.260,-0.260,0.180,-0.430,-0.280,-0.150,-0.237,-0.147,-0.090,0.017,0.163,-0.667,-0.300,-0.650,-0.950,0.000,1295,645,650
1630556,Kessler Edwards,2024,-0.200,-0.760,1.020,-0.260,-0.830,0.310,0.170,-1.860,-1.440,-0.420,-0.344,-0.357,0.013,1.714,0.640,-0.350,-0.880,-0.150,0.230,0.030,-0.630,-1.230,-1.160,-0.070,0.634,-0.112,0.746,0.136,-2.204,-0.596,-0.490,-0.460,-0.950,0.000,2690,1332,1358
1629618,Jalen Pickett,2024,-0.080,0.040,0.680,-0.150,-0.600,-0.120,1.100,-0.030,0.180,-0.210,-0.143,-0.105,-0.038,-0.717,-0.170,-0.070,-0.100,0.050,0.270,0.080,0.160,-0.140,-0.030,-0.110,-0.072,-0.001,-0.071,0.152,-0.173,-0.212,-0.890,-0.060,-0.960,-0.010,516,260,256
1630544,Tre Mann,2024,-0.710,0.100,0.920,-0.320,-0.410,-0.250,-0.780,0.050,0.630,-0.580,0.056,0.121,-0.065,-1.766,-1.290,0.280,0.050,0.330,1.170,-0.090,-0.790,0.780,0.650,0.130,0.683,0.448,0.235,-0.763,0.106,1.463,-1.660,0.700,-0.960,-0.000,8961,4491,4470
1626181,Norman Powell,2024,0.600,-0.070,0.300,0.230,-0.840,-0.820,-3.400,0.230,-0.740,0.970,0.242,-0.029,0.271,-0.812,-0.720,0.330,0.150,0.040,0.530,0.280,2.320,0.180,0.590,-0.410,-0.329,-0.008,-0.321,-0.471,0.472,-0.149,-0.340,-0.620,-0.960,0.000,15842,7939,7903
1631320,Chima Moneke,2024,0.040,-0.080,0.070,-0.120,-0.120,-0.140,-0.110,-0.510,-0.450,-0.060,-0.167,-0.125,-0.042,0.127,-0.040,-0.110,-0.170,-0.040,0.200,-0.040,-0.250,-0.440,-0.340,-0.100,0.007,-0.036,0.043,0.013,-0.677,-0.433,-0.550,-0.420,-0.980,-0.010,33,16,17
1629633,Jarrett Culver,2024,-0.270,-0.310,-0.350,-0.400,0.630,0.290,-2.110,-0.870,-0.740,-0.130,0.102,0.174,-0.072,0.068,-0.230,-0.170,-0.060,-0.110,0.280,0.080,-0.300,-0.390,-0.260,-0.130,0.084,0.001,0.083,0.026,-0.768,-0.306,-0.700,-0.280,-0.980,-0.000,571,286,285
203506,Victor Oladipo,2024,-1.540,-0.260,1.990,-0.090,-0.440,-0.500,-0.990,-0.450,-0.890,0.440,-0.112,-0.312,0.200,0.272,1.140,-0.180,-0.880,-0.360,-0.270,-0.060,-0.480,-1.770,-1.160,-0.610,0.423,0.405,0.018,0.657,-0.562,-1.347,-0.290,-0.690,-0.980,0.000,4545,2262,2283
1631311,Lester Quinones,2024,0.550,-0.200,0.440,-0.770,-0.980,-0.370,-0.760,-2.090,-1.690,-0.400,-0.111,-0.240,0.129,0.961,-0.170,0.080,0.040,0.100,0.130,-0.200,0.290,-0.190,-0.010,-0.180,-0.122,-0.254,0.132,0.542,-2.201,-0.312,-1.240,0.230,-1.000,0.010,1671,835,836
1630554,Jason Preston,2024,0.410,-0.250,-1.210,-0.180,0.790,-0.190,-0.290,-1.030,-0.790,-0.240,0.195,0.214,-0.019,0.335,-0.200,0.020,0.240,-0.080,-0.040,-0.100,0.020,-0.400,-0.250,-0.150,-0.212,0.028,-0.240,0.092,-0.835,-0.612,-0.500,-0.520,-1.010,0.010,805,403,402
1629012,Collin Sexton,2024,1.620,-0.470,-0.780,0.680,-0.830,-0.160,-0.100,1.320,0.690,0.630,-0.154,0.316,-0.470,1.194,-1.010,-0.010,0.060,-1.000,0.950,-0.220,-2.200,-3.460,-3.040,-0.420,-0.016,-0.174,0.158,0.116,1.166,-3.476,2.360,-3.360,-1.010,-0.010,13199,6590,6609
1629117,Wenyen Gabriel,2024,0.170,-0.330,-1.130,-0.430,0.940,-0.950,-2.020,-1.760,-1.810,0.050,-0.060,0.085,-0.145,0.650,0.730,0.330,-0.540,-0.210,-0.210,0.010,-0.380,0.310,0.310,-0.000,-0.149,-0.573,0.424,-0.001,-1.820,0.161,-1.170,0.160,-1.020,-0.010,4710,2340,2370
203943,Noah Vonleh,2024,-0.300,-0.160,0.370,0.300,-0.070,-0.260,0.630,-0.080,0.250,-0.330,-0.455,-0.160,-0.295,0.125,0.140,0.120,-0.140,-0.220,0.000,-0.190,-0.400,-0.350,-0.440,0.090,0.107,0.025,0.082,-0.367,-0.535,-0.243,-0.410,-0.610,-1.020,0.000,687,340,347
1641724,Jett Howard,2024,-0.440,-0.100,0.840,-0.110,-0.400,0.040,0.140,-0.200,-0.010,-0.190,-0.473,0.002,-0.475,-0.227,-0.050,-0.070,-0.020,-0.020,0.040,-0.120,-0.090,-0.250,-0.240,-0.010,-0.027,-0.040,0.013,0.147,-0.673,-0.277,-0.900,-0.130,-1.030,-0.000,313,157,156
1629130,Duncan Robinson,2024,-1.730,0.440,2.620,0.380,-0.910,0.060,2.580,1.690,1.780,-0.090,-0.400,-0.299,-0.101,-0.840,0.320,-0.520,-0.750,-0.680,0.440,0.500,-1.620,-1.430,-1.200,-0.230,-0.040,-0.117,0.077,-0.010,1.290,-1.470,0.450,-1.480,-1.030,-0.000,12092,6064,6028
1630558,Davion Mitchell,2024,-0.690,0.260,1.430,-0.500,-0.750,-0.520,1.610,-1.020,-0.850,-0.170,-0.090,-0.040,-0.050,-0.610,0.110,-0.340,0.130,0.280,-0.250,0.030,-0.090,0.340,0.610,-0.270,0.376,0.266,0.110,-0.036,-1.110,0.716,-1.720,0.680,-1.040,0.000,10860,5396,5464
1629662,Mfiondu Kabengele,2024,-0.130,-0.190,0.420,-0.030,-0.280,-0.120,0.220,-0.600,-0.380,-0.220,-0.091,0.027,-0.118,0.131,-0.110,-0.020,-0.120,-0.080,0.220,-0.070,-0.360,-0.430,-0.370,-0.060,0.027,0.075,-0.048,-0.077,-0.691,-0.403,-0.560,-0.480,-1.040,0.000,137,69,68
1629650,Moses Brown,2024,1.380,-1.100,-1.530,0.240,0.140,-1.240,-0.920,-1.630,-0.870,-0.760,-0.018,-0.027,0.009,0.998,1.500,0.010,-0.550,-0.150,-0.940,-0.140,-0.310,-0.500,-0.570,0.070,-0.425,-0.332,-0.093,0.535,-1.648,-0.925,-0.650,-0.390,-1.040,0.000,1987,995,992
1641757,Jordan Miller,2024,-0.030,-0.120,-0.060,-0.060,0.080,-0.140,-0.190,-0.490,-0.390,-0.100,-0.149,-0.046,-0.103,0.129,-0.280,-0.080,0.070,-0.030,0.200,0.030,-0.220,-0.290,-0.170,-0.120,-0.058,-0.103,0.045,-0.182,-0.639,-0.348,-0.510,-0.530,-1.040,0.000,116,58,58
1630600,Isaiah Mobley,2024,-0.600,-0.080,0.080,0.070,0.520,-0.290,-0.250,-0.840,-0.450,-0.390,-0.277,-0.171,-0.106,-0.123,0.210,-0.180,-0.310,0.040,0.100,0.080,-0.260,-0.050,-0.050,-0.000,0.034,0.082,-0.048,0.206,-1.117,-0.016,-1.240,0.190,-1.050,0.000,598,301,297
1629659,Talen Horton-Tucker,2024,1.100,-1.040,0.510,-0.180,-1.620,-0.530,-0.950,-0.750,-0.730,-0.020,0.371,0.678,-0.307,-0.171,0.600,0.560,-1.130,-0.160,0.500,0.100,0.220,0.660,0.570,0.090,-0.640,-0.313,-0.327,-0.520,-0.379,0.020,-0.550,-0.500,-1.060,-0.010,9555,4772,4783
1630222,Mason Jones,2024,0.020,-0.350,0.070,-0.170,-0.100,-0.010,-0.370,-0.800,-0.640,-0.160,-0.211,-0.141,-0.070,0.181,0.010,-0.050,-0.110,-0.010,0.100,-0.070,0.000,-0.310,-0.230,-0.080,0.064,0.031,0.033,0.016,-1.011,-0.246,-0.830,-0.230,-1.070,-0.010,111,55,56
1629685,Dylan Windler,2024,-0.410,0.020,0.340,0.050,0.060,-0.120,-0.070,0.360,0.440,-0.080,-0.461,-0.119,-0.342,-0.439,-0.170,-0.210,-0.200,0.050,0.350,-0.060,-0.340,-0.270,-0.240,-0.030,-0.244,0.002,-0.246,-0.026,-0.101,-0.514,-0.540,-0.540,-1.080,0.000,470,237,233
1630531,Jaden Springer,2024,0.530,-0.570,-0.900,0.160,0.380,-0.430,-1.520,-0.990,-1.020,0.030,0.041,0.664,-0.623,0.589,-0.250,-0.270,-0.130,-0.010,0.370,-0.220,-0.150,-1.180,-0.840,-0.340,0.374,0.235,0.139,0.086,-0.949,-0.806,-0.360,-0.720,-1.090,-0.010,2541,1265,1276
1631288,Jamal Cain,2024,0.480,0.260,-0.400,-0.460,-0.070,-0.260,-2.580,-1.560,-1.500,-0.060,-1.243,-0.750,-0.493,1.593,0.230,-0.240,-0.520,0.300,0.290,-0.130,-0.350,-0.040,0.100,-0.140,0.177,-0.190,0.367,-0.017,-2.803,0.137,-1.210,0.120,-1.090,-0.000,2018,1006,1012
1631173,Terquavion Smith,2024,0.140,0.300,0.550,-0.130,-0.660,-0.300,0.000,0.000,0.070,-0.070,-0.357,-0.177,-0.180,-0.003,-0.040,-0.140,-0.300,-0.150,0.330,-0.090,-0.900,-0.760,-0.700,-0.060,0.087,0.084,0.003,-0.067,-0.357,-0.673,-0.360,-0.740,-1.090,0.010,380,191,189
1630539,Kai Jones,2024,0.880,-0.480,-1.260,-0.020,0.380,-0.620,-2.280,-1.000,-1.240,0.240,-0.190,0.225,-0.415,0.100,-0.720,0.600,0.070,0.020,0.640,-0.020,-0.150,0.570,0.790,-0.220,-0.133,-0.142,0.009,-0.437,-1.190,0.437,-1.090,-0.000,-1.100,-0.010,2245,1121,1124
1630346,Matt Ryan,2024,-1.100,-0.140,1.420,-0.020,-0.290,0.110,-0.630,-0.810,-0.780,-0.030,-0.793,-0.220,-0.573,0.393,-0.390,0.020,-0.030,0.470,0.400,-0.260,1.190,0.450,0.430,0.020,0.121,-0.052,0.173,-0.451,-1.603,0.571,-1.210,0.120,-1.100,-0.010,2939,1478,1461
1630541,Moses Moody,2024,0.070,-0.650,0.490,-0.300,-0.520,-0.780,-1.070,-1.680,-1.620,-0.060,-0.709,-0.512,-0.197,1.249,0.350,0.160,-0.380,-0.140,0.040,0.140,-0.530,-0.440,-0.260,-0.180,-0.148,-0.147,-0.001,0.618,-2.389,-0.588,-1.140,0.030,-1.110,-0.000,8723,4375,4348
1628998,Cody Martin,2024,0.440,-0.200,-0.170,0.130,-0.280,-0.900,-0.060,-1.000,-0.680,-0.320,0.070,-0.251,0.321,-0.200,0.400,-0.450,-0.460,-0.050,0.040,0.120,-0.680,-0.180,-0.040,-0.140,0.106,0.263,-0.157,0.094,-0.930,-0.074,-1.130,0.020,-1.110,-0.000,3555,1768,1787
1630535,Greg Brown III,2024,0.870,-0.490,-0.730,-0.240,-0.160,-0.230,-1.290,-1.190,-1.130,-0.060,-0.532,-0.135,-0.397,0.042,0.030,-0.130,0.120,0.210,-0.160,-0.090,0.880,0.410,0.470,-0.060,0.004,-0.079,0.083,0.156,-1.722,0.414,-1.680,0.570,-1.110,0.000,572,285,287
202738,Isaiah Thomas,2024,-0.050,-0.260,0.010,0.010,0.040,-0.080,-0.300,-0.490,-0.280,-0.210,0.026,-0.021,0.047,-0.126,-0.030,-0.050,0.040,-0.060,-0.010,-0.070,-0.410,-0.410,-0.360,-0.050,0.013,-0.047,0.060,-0.123,-0.464,-0.397,-0.590,-0.520,-1.110,-0.000,90,44,46
1631257,Jermaine Samuels Jr.,2024,0.470,0.190,-0.380,-0.290,-0.090,-0.090,-0.500,-0.470,-0.290,-0.180,0.019,0.088,-0.069,0.041,-0.060,-0.090,-0.200,-0.040,0.260,-0.130,-0.030,-0.610,-0.490,-0.120,-0.165,-0.004,-0.161,0.075,-0.451,-0.775,-0.410,-0.700,-1.120,-0.010,258,129,129
203501,Tim Hardaway Jr.,2024,-2.740,1.380,2.720,0.150,0.020,-0.210,0.120,-0.200,-0.440,0.240,0.760,0.527,0.233,-0.240,0.610,-0.230,-0.450,-0.020,-0.170,-0.360,-0.350,-0.240,-0.320,0.080,-0.354,-0.532,0.178,-0.846,0.560,-0.594,0.320,-1.440,-1.120,-0.000,17787,8896,8891
1629634,Brandon Clarke,2024,0.200,-0.860,-0.950,-0.660,0.760,0.320,0.040,-2.260,-1.870,-0.390,0.321,-0.021,0.342,0.069,0.430,0.420,-0.950,-0.020,0.510,0.660,-0.390,0.790,0.980,-0.190,0.229,0.243,-0.014,-0.269,-1.939,1.019,-1.870,0.750,-1.120,-0.000,5071,2538,2533
1627751,Jakob Poeltl,2024,1.230,0.790,-3.910,-0.180,2.690,-0.490,1.740,-1.040,-0.130,-0.910,-0.922,-0.849,-0.073,0.832,-0.300,0.150,0.540,-1.230,-0.250,-0.220,-1.760,-1.050,-1.710,0.660,0.434,0.449,-0.015,0.596,-1.962,-0.616,-1.130,-0.020,-1.140,0.010,13205,6608,6597
1631386,Taze Moore,2024,-0.140,-0.000,0.380,-0.290,-0.230,-0.270,-0.520,-1.010,-0.910,-0.100,0.056,-0.055,0.111,0.224,0.020,-0.100,-0.000,-0.050,-0.020,-0.050,-0.030,-0.390,-0.300,-0.090,0.102,-0.058,0.160,-0.132,-0.954,-0.288,-0.730,-0.420,-1.140,0.010,174,86,88
1630182,Josh Green,2024,-0.150,-0.550,1.160,0.610,-1.010,0.550,1.210,0.670,0.810,-0.140,0.449,0.025,0.424,-0.849,0.500,-0.570,0.570,-0.510,-1.090,-0.560,-0.440,-1.610,-1.330,-0.280,0.783,0.340,0.443,-0.593,1.119,-0.827,0.270,-1.420,-1.150,0.000,13667,6815,6852
1629718,Charles Brown Jr.,2024,-0.150,-0.170,0.140,-0.100,0.010,-0.060,-0.600,-0.500,-0.400,-0.100,-0.181,-0.068,-0.113,-0.059,0.020,-0.040,-0.140,-0.050,0.120,-0.030,-0.330,-0.310,-0.210,-0.100,-0.176,-0.102,-0.074,0.076,-0.681,-0.486,-0.740,-0.410,-1.150,0.000,142,73,69
1630322,Lindy Waters III,2024,-1.620,-0.470,3.260,-0.010,-1.650,-0.210,1.580,-1.520,-1.010,-0.510,-0.096,0.081,-0.177,0.266,0.690,0.210,-0.890,0.060,0.180,0.120,-0.280,0.370,0.590,-0.220,-0.112,0.188,-0.300,-0.058,-1.616,0.258,-1.350,0.200,-1.150,0.000,3338,1680,1658
1630206,Jay Scrubb,2024,0.170,-0.100,0.070,-0.040,-0.240,-0.190,-0.130,-0.260,-0.190,-0.070,-0.331,-0.167,-0.164,0.071,-0.050,-0.030,-0.100,-0.130,0.140,-0.150,-0.520,-0.630,-0.580,-0.050,0.057,0.065,-0.008,-0.047,-0.591,-0.573,-0.520,-0.620,-1.150,-0.010,122,61,61
1630195,Leandro Bolmaro,2024,0.240,-0.000,-0.170,-0.460,-0.080,-0.120,-0.840,-1.480,-1.210,-0.270,0.035,-0.063,0.098,0.445,-0.060,0.080,0.180,-0.040,-0.120,-0.020,0.520,-0.210,-0.090,-0.120,-0.028,-0.042,0.014,0.088,-1.445,-0.238,-1.000,-0.150,-1.150,0.000,280,142,138
1627759,Jaylen Brown,2024,1.800,0.160,-1.060,-0.500,-0.730,0.820,-3.050,0.070,-0.090,0.160,-0.319,0.127,-0.446,-0.921,-0.290,0.600,-0.270,-0.040,0.570,-0.240,0.600,0.250,-0.130,0.380,0.204,0.002,0.202,-0.424,-0.249,0.454,-1.170,0.030,-1.150,-0.010,25048,12534,12514
1631211,Trevor Keels,2024,-0.160,-0.100,0.260,-0.140,-0.100,-0.140,-0.150,-0.610,-0.520,-0.090,-0.034,-0.009,-0.025,-0.046,-0.070,-0.110,-0.100,-0.030,0.160,-0.050,-0.140,-0.400,-0.310,-0.090,-0.078,-0.040,-0.038,0.018,-0.644,-0.478,-0.690,-0.460,-1.160,-0.010,34,16,18
1629677,Luka Samanic,2024,0.640,0.760,-0.290,-0.890,-0.380,-0.110,-2.120,-0.390,-0.740,0.350,-0.848,-0.019,-0.829,-0.372,0.400,-0.140,-0.880,0.220,0.500,0.360,-0.190,1.280,1.120,0.160,-0.316,0.144,-0.460,-0.514,-1.238,0.964,-1.610,0.450,-1.160,0.000,2363,1183,1180
1641727,Dariq Whitehead,2024,0.160,-0.150,0.060,-0.130,-0.230,-0.090,0.100,-0.620,-0.550,-0.070,-0.027,0.082,-0.109,0.317,-0.010,-0.140,-0.210,-0.140,0.220,-0.070,-0.830,-0.670,-0.620,-0.050,-0.061,-0.006,-0.055,-0.099,-0.647,-0.731,-0.330,-0.830,-1.160,0.000,103,52,51
1630176,Vernon Carey Jr.,2024,-0.170,-0.180,-0.030,-0.220,0.200,-0.280,-0.510,-1.100,-1.020,-0.080,-0.082,0.110,-0.192,0.112,-0.080,-0.030,-0.030,-0.030,0.100,0.020,0.080,-0.070,0.050,-0.120,-0.018,-0.080,0.062,-0.012,-1.182,-0.088,-1.070,-0.100,-1.170,0.000,113,56,57
1641926,Dexter Dennis,2024,0.160,-0.090,-0.020,-0.270,-0.140,-0.190,-0.640,-0.670,-0.710,0.040,-0.127,-0.197,0.070,-0.163,-0.140,-0.180,-0.000,0.030,0.140,0.030,-0.080,-0.110,-0.060,-0.050,-0.057,-0.013,-0.044,-0.033,-0.797,-0.167,-0.960,-0.200,-1.170,-0.010,143,72,71
201949,James Johnson,2024,0.410,-0.150,0.420,-0.460,-0.840,0.080,-0.420,-1.010,-0.920,-0.090,-0.273,0.014,-0.287,0.013,0.590,-0.240,-0.440,-0.060,-0.150,-0.050,0.360,-0.800,-0.690,-0.110,0.481,0.256,0.225,0.409,-1.283,-0.319,-1.270,0.090,-1.180,0.000,875,437,438
1641778,Leaky Black,2024,-0.140,-0.200,-0.540,-0.200,0.690,-0.140,-1.430,-1.160,-0.990,-0.170,0.060,-0.421,0.481,0.080,-0.420,0.180,-0.000,0.100,0.420,-0.140,-0.050,0.430,0.470,-0.040,-0.478,-0.224,-0.254,-0.112,-1.100,-0.048,-1.020,-0.160,-1.180,0.000,1131,569,562
1631105,Jalen Duren,2024,1.510,0.460,-2.200,-0.720,0.670,-1.280,-0.890,-1.840,-1.690,-0.150,-0.991,-0.841,-0.150,1.611,-0.450,0.110,-0.220,0.380,0.670,-0.180,-0.360,0.800,0.950,-0.150,-0.583,-0.234,-0.349,-0.197,-2.831,0.217,-1.220,0.020,-1.190,0.010,14086,7039,7047
203903,Jordan Clarkson,2024,-0.750,0.580,1.350,-0.450,-0.620,0.040,-1.120,0.990,0.560,0.430,-0.165,-0.007,-0.158,-0.065,-0.890,0.180,0.830,-0.420,0.060,-0.350,1.080,-0.950,-0.730,-0.220,-0.505,-0.350,-0.155,-0.495,0.825,-1.455,0.760,-1.950,-1.190,0.000,14885,7439,7446
201568,Danilo Gallinari,2024,-1.590,0.330,0.960,0.220,0.620,-0.210,-1.980,1.210,0.670,0.540,-0.318,0.222,-0.540,-0.872,0.100,-0.600,-0.390,-0.010,0.300,-0.270,-1.210,-0.730,-0.850,0.120,-0.268,-0.170,-0.098,-0.222,0.892,-0.998,0.020,-1.220,-1.200,0.000,2679,1344,1335
1629646,Charles Bassey,2024,-0.950,0.040,-0.810,-0.050,1.750,-0.120,-1.500,-1.490,-0.850,-0.640,-1.173,-0.857,-0.316,1.433,0.030,-0.090,-0.750,-0.160,0.710,0.110,0.110,-0.660,-0.600,-0.060,0.259,-0.038,0.297,0.431,-2.663,-0.401,-1.230,0.030,-1.200,0.000,2954,1478,1476
1630233,Nathan Knight,2024,0.460,-0.040,0.220,-0.210,-0.690,-0.470,-1.740,-0.570,-0.960,0.390,-0.053,0.361,-0.414,0.133,-0.320,-0.190,0.120,-0.180,0.200,0.090,-0.710,-0.860,-0.740,-0.120,0.132,-0.077,0.209,0.018,-0.623,-0.728,-0.490,-0.710,-1.200,0.000,1248,624,624
203086,Meyers Leonard,2024,-0.190,-0.220,0.400,0.080,-0.210,-0.120,-0.300,-0.190,0.030,-0.220,0.084,0.069,0.015,-0.094,0.370,-0.290,-0.430,-0.200,0.060,-0.020,-1.110,-0.720,-0.750,0.030,-0.338,-0.206,-0.132,0.048,-0.106,-1.058,-0.200,-1.010,-1.200,0.010,489,243,246
202709,Cory Joseph,2024,-1.390,-0.480,0.750,0.540,0.630,-1.080,0.030,-1.430,-1.210,-0.220,0.589,0.435,0.154,0.871,0.280,-0.160,0.280,-0.000,-0.560,-0.240,-0.590,-1.140,-0.860,-0.280,0.119,-0.208,0.327,-0.229,-0.841,-1.021,0.030,-1.250,-1.220,0.000,6084,3050,3034
1630549,Day'Ron Sharpe,2024,1.160,-0.980,-3.290,-0.110,2.140,-0.380,-2.980,-1.930,-1.720,-0.210,-1.400,-0.495,-0.905,3.270,0.320,-0.110,-0.130,-0.000,-0.200,-0.300,0.220,-1.110,-0.670,-0.440,-0.394,0.089,-0.483,0.324,-3.330,-1.504,-0.060,-1.180,-1.240,0.000,6028,3007,3021
1631110,Jeremy Sochan,2024,0.600,0.060,-1.650,-0.270,1.030,-1.030,0.750,-0.900,-0.600,-0.300,-0.503,-0.285,-0.218,0.103,-0.320,-0.170,0.330,-0.140,-0.000,-0.380,-1.310,-0.530,-0.850,0.320,-0.040,-0.014,-0.026,0.620,-1.403,-0.570,-1.300,0.050,-1.250,0.000,15169,7577,7592
203084,Harrison Barnes,2024,0.090,0.380,-0.460,-0.970,0.350,0.140,-3.690,-1.360,-2.310,0.950,0.834,0.259,0.575,-0.324,0.080,-0.880,-0.290,-0.080,0.210,-0.010,-0.670,-0.400,-0.550,0.150,-0.263,0.189,-0.452,0.253,-0.526,-0.663,-0.850,-0.410,-1.260,-0.000,21431,10726,10705
1641749,Keyontae Johnson,2024,0.250,-0.270,-0.120,-0.100,-0.120,-0.020,-0.560,-0.750,-0.710,-0.040,-0.502,-0.148,-0.354,0.342,0.210,-0.110,-0.210,-0.050,0.000,-0.150,-0.010,-0.570,-0.550,-0.020,-0.099,-0.013,-0.086,0.289,-1.252,-0.669,-0.910,-0.380,-1.280,0.010,265,134,131
1630577,Julian Champagnie,2024,0.930,0.150,0.750,0.100,-1.680,-0.790,2.060,-0.530,-0.640,0.110,-0.667,-0.460,-0.207,0.737,0.160,-0.200,0.380,-0.220,-0.550,-0.320,-1.210,-0.780,-0.920,0.140,0.071,0.198,-0.127,-0.121,-1.197,-0.709,-0.460,-0.830,-1.290,0.000,7463,3721,3742
1630678,Terry Taylor,2024,0.560,-0.220,-0.330,-0.690,-0.240,-0.110,-0.990,-1.970,-1.720,-0.250,-0.069,0.203,-0.272,0.859,0.500,-0.180,-1.120,-0.190,0.610,0.470,-0.620,-0.150,-0.240,0.090,0.038,0.144,-0.106,-0.008,-2.039,-0.112,-1.180,-0.120,-1.290,0.010,1849,923,926
201586,Serge Ibaka,2024,-0.970,-0.330,0.570,-0.090,0.410,-0.380,-0.830,-0.840,-0.900,0.060,-0.258,0.003,-0.261,0.078,0.280,0.070,0.060,-0.130,-0.340,-0.070,0.030,-0.310,-0.390,0.080,-0.093,-0.076,-0.017,0.133,-1.098,-0.403,-1.020,-0.270,-1.300,-0.010,725,365,360
1626163,Frank Kaminsky,2024,-0.610,-0.110,1.120,-0.030,-0.500,-0.090,0.070,-0.830,-0.560,-0.270,0.846,0.198,0.648,-0.406,-0.200,-0.360,-0.270,-0.130,0.460,0.030,-0.760,-0.980,-0.950,-0.030,0.095,0.095,-0.000,-0.025,0.016,-0.885,-0.390,-0.910,-1.300,0.000,942,473,469
1629013,Landry Shamet,2024,-0.850,-0.600,1.070,0.140,-0.220,-0.190,0.800,-0.660,-0.820,0.160,0.438,-0.081,0.519,-0.628,0.470,-0.600,0.100,0.000,-0.570,-0.020,0.790,-0.940,-0.360,-0.580,0.070,0.131,-0.061,0.410,-0.222,-0.870,-0.850,-0.460,-1.300,0.010,7041,3518,3523
1641732,Colby Jones,2024,0.200,-0.750,-0.450,-0.340,0.260,-0.100,-1.130,-1.060,-0.710,-0.350,-0.055,0.019,-0.074,-0.225,0.100,-0.040,-0.210,0.040,0.100,0.040,0.250,-0.030,0.080,-0.110,-0.076,0.069,-0.145,0.136,-1.115,-0.106,-1.340,0.030,-1.310,0.000,747,373,374
1629614,Andrew Nembhard,2024,0.210,-0.220,-0.450,0.090,0.220,0.170,1.720,-0.330,0.080,-0.410,-0.334,-0.042,-0.292,-0.236,-0.060,0.890,0.770,-0.430,-0.700,-0.400,0.750,-0.230,-0.000,-0.230,0.181,0.096,0.085,-0.361,-0.664,-0.049,-0.900,-0.410,-1.310,0.000,17717,8853,8864
203490,Otto Porter Jr.,2024,-0.410,0.010,0.630,-0.390,-0.190,-0.310,-0.620,-1.000,-1.090,0.090,-0.005,0.154,-0.159,-0.035,-0.360,-0.010,-0.500,-0.050,0.860,0.020,-0.360,0.080,0.070,0.010,0.139,0.114,0.025,-0.499,-1.005,0.219,-1.040,-0.280,-1.320,-0.000,1309,659,650
1628398,Kyle Kuzma,2024,0.220,0.600,-0.860,0.120,0.660,-0.280,-0.530,0.160,0.390,-0.230,-0.112,0.364,-0.476,-0.958,-1.810,0.410,1.470,0.240,0.350,-0.500,0.680,-0.040,-0.180,0.140,0.135,0.015,0.120,-0.505,0.048,0.095,-0.910,-0.410,-1.330,-0.010,18718,9368,9350
1631245,Quenton Jackson,2024,0.240,-0.240,-0.170,-0.050,-0.090,-0.150,-0.580,-0.650,-0.450,-0.200,-0.555,-0.291,-0.264,0.045,-0.400,-0.030,0.110,-0.040,0.280,-0.130,-0.360,-0.450,-0.390,-0.060,0.149,0.085,0.064,0.121,-1.205,-0.301,-1.160,-0.180,-1.340,0.000,628,314,314
1630205,Lamar Stevens,2024,-0.580,-0.400,-0.290,-0.420,0.890,0.010,-1.550,-1.720,-1.470,-0.250,-0.021,0.067,-0.088,0.201,0.390,0.100,-0.660,0.180,0.280,0.230,0.430,0.030,-0.140,0.170,0.215,0.287,-0.072,-0.045,-1.741,0.245,-1.540,0.200,-1.350,-0.010,6609,3296,3313
1629014,Anfernee Simons,2024,-0.860,-0.920,1.650,0.240,-0.680,0.310,-0.760,0.380,0.420,-0.040,0.566,0.353,0.213,-0.616,0.300,-1.050,-0.120,-0.110,-0.210,0.200,-1.910,-1.050,-1.080,0.030,-0.417,-0.133,-0.284,-0.223,0.946,-1.467,0.330,-1.690,-1.360,0.000,15214,7608,7606
1630639,AJ Lawson,2024,0.650,-0.260,0.210,-0.410,-0.870,-0.520,-1.400,-1.170,-0.850,-0.320,0.085,-0.179,0.264,-0.085,-0.020,-0.220,-0.030,0.090,0.050,-0.240,0.230,-0.350,-0.430,0.080,-0.147,-0.285,0.138,0.297,-1.085,-0.497,-1.170,-0.200,-1.370,0.000,1894,947,947
1626159,Justise Winslow,2024,0.830,-0.750,-0.500,-0.230,-0.110,-0.480,0.170,-2.510,-2.000,-0.510,-0.528,0.240,-0.768,0.798,-0.030,0.470,-0.450,0.110,0.440,0.010,0.400,0.730,0.910,-0.180,0.074,0.119,-0.045,0.076,-3.038,0.804,-2.240,0.880,-1.370,-0.010,3286,1638,1648
1631212,Peyton Watson,2024,0.180,-1.250,-0.860,-0.190,0.700,0.200,-0.090,-0.350,0.030,-0.380,-0.078,0.030,-0.108,-1.242,-0.460,1.080,0.880,0.420,-0.420,0.390,1.740,1.800,2.000,-0.200,-0.554,-0.150,-0.404,-0.946,-0.428,1.246,-1.670,0.300,-1.370,-0.000,6984,3471,3513
1641754,Seth Lundy,2024,-0.330,-0.010,0.660,-0.290,-0.330,0.140,-0.010,-0.270,-0.250,-0.020,-0.208,-0.078,-0.130,-0.282,-0.210,-0.050,-0.010,-0.060,0.200,-0.090,-0.670,-0.580,-0.490,-0.090,0.010,-0.049,0.059,-0.060,-0.478,-0.570,-0.760,-0.630,-1.390,0.000,206,103,103
1630225,Isaiah Todd,2024,-0.240,-0.070,0.180,-0.170,0.060,-0.310,-0.190,-1.210,-1.020,-0.190,-0.070,-0.019,-0.051,0.070,-0.300,-0.020,0.120,-0.010,0.160,-0.060,-0.080,-0.220,-0.130,-0.090,-0.005,-0.060,0.055,0.045,-1.280,-0.225,-1.210,-0.180,-1.390,0.000,262,132,130
1631200,Kris Murray,2024,1.230,-0.950,-0.490,-0.840,-0.780,-0.100,-2.580,-2.070,-1.860,-0.210,-1.127,-1.260,0.133,1.377,0.020,-0.310,-0.020,0.120,-0.000,0.120,0.520,-0.510,-0.300,-0.210,0.203,0.021,0.182,0.727,-3.197,-0.307,-1.820,0.420,-1.400,0.000,5396,2702,2694
1630296,Braxton Key,2024,0.100,-0.150,0.340,-0.280,-0.440,0.050,-0.300,-0.510,-0.470,-0.040,-0.060,0.144,-0.204,-0.370,-0.050,-0.100,-0.270,-0.020,0.310,-0.020,-0.120,-0.390,-0.250,-0.140,-0.022,-0.093,0.071,-0.058,-0.570,-0.412,-0.940,-0.470,-1.410,0.000,287,144,143
1628435,Chance Comanche,2024,-0.080,-0.060,-0.050,-0.090,0.140,-0.240,-0.170,-0.640,-0.540,-0.100,-0.013,-0.105,0.092,0.143,-0.040,-0.150,-0.140,-0.160,0.180,-0.010,-0.690,-0.840,-0.780,-0.060,-0.106,-0.045,-0.061,0.046,-0.653,-0.946,-0.510,-0.900,-1.410,0.000,84,41,43
1641715,Cam Whitmore,2024,0.980,-0.180,0.240,-0.730,-1.230,-0.170,-0.530,-2.070,-1.780,-0.290,0.067,0.001,0.066,1.493,0.150,-0.010,-0.040,-0.140,-0.110,0.020,-0.090,-0.620,-0.540,-0.080,-0.113,-0.055,-0.058,-0.167,-2.003,-0.733,-0.510,-0.900,-1.410,-0.000,3654,1831,1823
1630186,Jahmi'us Ramsey,2024,-0.120,0.180,0.020,-0.270,0.130,-0.260,-0.640,-0.460,-0.460,-0.000,-0.175,-0.519,0.344,-0.485,-0.050,-0.130,-0.150,0.010,0.190,0.190,0.170,0.060,0.110,-0.050,-0.014,-0.024,0.010,-0.356,-0.635,0.046,-1.120,-0.310,-1.430,0.000,498,249,249
201937,Ricky Rubio,2024,-0.560,-0.590,0.260,-0.240,0.290,-0.850,1.840,-2.200,-1.990,-0.210,0.350,0.351,-0.001,-0.260,0.030,-0.020,0.760,0.080,-0.790,-0.120,0.330,-0.210,-0.260,0.050,0.605,0.186,0.419,0.285,-1.850,0.395,-2.110,0.680,-1.430,0.000,2294,1153,1141
203487,Michael Carter-Williams,2024,0.160,-0.210,0.020,-0.020,-0.180,-0.280,-0.150,-0.230,-0.150,-0.080,-0.188,-0.076,-0.112,-0.182,0.080,-0.090,-0.180,-0.140,0.090,-0.130,-0.850,-0.820,-0.710,-0.110,0.051,0.099,-0.048,-0.061,-0.418,-0.769,-0.600,-0.830,-1.430,0.000,174,87,87
1631306,Cole Swider,2024,-0.020,-0.080,0.610,-0.230,-0.570,-0.070,-0.600,-0.360,-0.240,-0.120,-0.225,0.137,-0.362,-0.215,0.220,-0.100,-0.120,-0.140,-0.110,-0.050,-0.520,-0.490,-0.410,-0.080,-0.167,-0.098,-0.069,0.027,-0.585,-0.657,-0.800,-0.630,-1.430,0.000,513,260,253
1630610,DeJon Jarreau,2024,0.160,-0.110,-0.080,-0.400,-0.090,-0.520,-1.070,-1.820,-1.730,-0.090,0.401,0.323,0.078,0.249,0.020,0.010,-0.120,-0.130,0.110,-0.080,-0.740,-0.390,-0.420,0.030,-0.100,-0.032,-0.068,0.230,-1.419,-0.490,-1.170,-0.260,-1.440,-0.010,607,303,304
1627863,Danuel House Jr.,2024,1.070,0.280,-0.830,-0.580,-0.230,-0.300,-2.540,0.140,-0.470,0.610,-0.358,-0.277,-0.081,-0.742,0.360,-0.150,-0.540,0.130,0.180,-0.340,0.220,-0.930,-0.690,-0.240,0.478,0.258,0.220,-0.028,-0.218,-0.452,-0.960,-0.480,-1.440,0.000,5470,2730,2740
1631298,Jack White,2024,-0.150,-0.300,0.170,-0.380,-0.030,-0.390,-0.340,-1.120,-1.010,-0.110,0.190,-0.084,0.274,-0.320,-0.020,-0.080,-0.300,0.080,0.320,-0.150,0.110,-0.530,-0.370,-0.160,-0.076,0.019,-0.095,0.386,-0.930,-0.606,-1.250,-0.220,-1.470,0.000,503,248,255
1630241,Sam Merrill,2024,-1.660,-0.370,3.830,-0.460,-2.190,0.440,2.410,-0.680,-0.260,-0.420,0.382,0.050,0.332,-0.732,-0.230,-0.160,0.220,-0.170,-0.000,0.270,0.700,-0.610,-0.450,-0.160,-0.421,-0.229,-0.192,0.581,-0.298,-1.031,-1.030,-0.450,-1.480,0.000,4876,2453,2423
1629675,Naz Reid,2024,1.080,-1.090,0.770,-0.190,-1.820,0.020,-0.270,-1.200,-1.090,-0.110,-0.241,-0.340,0.099,-0.629,-0.710,0.400,0.370,0.150,0.330,0.510,0.500,-0.150,0.210,-0.360,0.461,0.348,0.113,0.269,-1.441,0.311,-2.070,0.580,-1.480,0.010,14432,7203,7229
1641710,Anthony Black,2024,1.720,-0.540,-1.250,0.220,-0.430,-0.460,-1.040,-0.210,-0.240,0.030,-1.652,-0.724,-0.928,-0.208,-0.920,0.470,1.010,-0.140,-0.110,-0.100,0.740,-0.050,-0.010,-0.040,0.241,-0.067,0.308,0.389,-1.862,0.191,-2.070,0.580,-1.480,0.010,4726,2360,2366
1631210,Jacob Toppin,2024,-0.060,-0.190,0.050,-0.040,0.010,-0.180,-0.470,-0.610,-0.530,-0.080,-0.132,-0.014,-0.118,-0.118,-0.050,-0.100,-0.090,-0.130,0.140,-0.040,-0.660,-0.630,-0.520,-0.110,-0.091,-0.065,-0.026,0.091,-0.742,-0.721,-0.860,-0.630,-1.500,-0.010,138,72,66
1628370,Malik Monk,2024,1.940,0.380,-0.250,-0.910,-1.640,-0.130,-1.410,0.450,-0.340,0.790,-0.560,-0.553,-0.007,-0.640,-0.450,0.580,0.810,-0.120,-0.370,-0.530,0.870,-0.760,-0.310,-0.450,-0.031,-0.444,0.413,0.041,-0.110,-0.791,-0.750,-0.750,-1.500,0.000,15601,7836,7765
1629028,Deandre Ayton,2024,-1.800,-0.270,-5.180,0.140,7.000,0.490,-0.140,-2.370,-1.700,-0.670,-0.903,-0.736,-0.167,0.953,1.120,-0.990,0.410,0.260,-1.540,0.020,-0.240,0.310,-0.020,0.330,0.170,-0.000,0.170,0.310,-3.273,0.480,-2.320,0.790,-1.530,0.000,16578,8302,8276
1631218,Trayce Jackson-Davis,2024,1.010,-0.430,-0.990,-0.220,0.010,0.160,-0.240,-1.250,-0.580,-0.670,-0.226,-0.394,0.168,0.826,-0.800,0.060,0.100,-0.310,0.720,0.380,-1.600,-0.600,-0.590,-0.010,-0.394,-0.250,-0.144,0.104,-1.476,-0.994,-0.650,-0.890,-1.540,0.000,4581,2281,2300
1631113,Kennedy Chandler,2024,0.870,-0.340,-0.870,-0.300,-0.000,-0.140,0.210,-1.800,-1.230,-0.570,-0.490,-0.034,-0.456,1.090,-0.260,0.030,-0.140,-0.080,0.400,-0.070,-0.460,-1.080,-0.960,-0.120,0.160,0.109,0.051,0.580,-2.290,-0.920,-1.200,-0.340,-1.540,0.000,1160,579,581
1631172,Ousmane Dieng,2024,-0.220,-0.850,1.700,-0.710,-1.470,0.050,0.550,-3.100,-2.660,-0.440,0.383,-0.071,0.454,1.197,0.020,0.250,-0.310,0.120,0.270,-0.250,-0.510,-0.230,-0.350,0.120,-0.121,-0.174,0.053,0.311,-2.717,-0.351,-1.520,-0.040,-1.560,0.000,3852,1928,1924
202696,Nikola Vucevic,2024,-2.160,0.760,0.380,0.010,1.780,1.120,2.420,0.890,1.010,-0.120,-0.418,-0.523,0.105,-1.172,0.320,-0.470,-0.960,-0.260,0.660,-0.160,-2.120,-1.180,-1.360,0.180,-0.728,-0.381,-0.347,1.048,0.472,-1.908,-0.700,-0.860,-1.560,-0.000,21424,10732,10692
1631250,Pete Nance,2024,-0.170,-0.190,-0.060,-0.100,0.230,-0.200,-0.620,-0.770,-0.640,-0.130,-0.324,-0.121,-0.203,-0.136,0.000,-0.150,-0.140,-0.040,0.130,0.000,-0.230,-0.350,-0.290,-0.060,-0.030,-0.091,0.061,0.040,-1.094,-0.380,-1.230,-0.340,-1.570,0.000,98,49,49
1630270,Xavier Sneed,2024,-0.230,-0.040,0.120,-0.180,0.120,-0.100,-0.110,-0.720,-0.610,-0.110,-0.237,0.061,-0.298,-0.243,-0.100,0.050,-0.080,-0.030,0.170,-0.050,0.120,-0.300,-0.150,-0.150,-0.050,-0.125,0.075,-0.030,-0.957,-0.350,-1.200,-0.380,-1.580,0.000,200,98,102
203482,Kelly Olynyk,2024,2.700,1.160,0.040,-0.770,-2.760,0.170,2.740,0.920,0.780,0.140,-1.250,-0.884,-0.366,-0.150,-0.250,0.090,-0.340,0.110,0.590,-0.480,-0.230,0.080,0.140,-0.060,-0.099,-0.172,0.073,-1.081,-0.330,-0.019,-0.480,-1.100,-1.580,0.000,15124,7574,7550
1628408,PJ Dozier,2024,-0.550,-0.130,0.410,-0.210,0.150,-0.090,-0.460,-1.160,-0.920,-0.240,-0.045,-0.130,0.085,-0.015,0.010,-0.030,-0.270,-0.050,0.260,-0.080,-0.510,-0.370,-0.250,-0.120,0.144,-0.032,0.176,-0.144,-1.205,-0.226,-1.220,-0.370,-1.580,0.010,340,171,169
1628381,John Collins,2024,-0.080,1.060,-2.040,-0.880,2.150,-0.130,0.060,-1.940,-1.660,-0.280,0.357,0.022,0.335,0.493,0.210,-0.440,0.290,-0.290,-0.510,-0.550,-1.400,-0.390,-0.820,0.430,-0.486,-0.217,-0.269,0.376,-1.583,-0.876,-1.090,-0.500,-1.590,-0.000,17415,8687,8728
1630649,Stanley Umude,2024,-0.560,0.100,-0.200,0.200,0.780,-0.490,0.280,0.160,-0.100,0.260,-0.740,-0.257,-0.483,-0.480,0.240,-0.040,-0.120,-0.020,-0.110,0.050,0.020,-0.680,-0.400,-0.280,-0.351,-0.201,-0.150,0.491,-0.580,-1.031,-1.060,-0.540,-1.600,0.000,1273,635,638
1626174,Christian Wood,2024,-0.110,0.760,0.250,-0.650,-0.130,1.060,-0.740,1.050,0.720,0.330,-0.521,-0.176,-0.345,-1.099,0.310,0.410,-0.290,-0.250,-0.010,-0.180,-1.030,0.380,0.580,-0.200,-0.618,-0.330,-0.288,-0.802,0.529,-0.238,-0.570,-1.040,-1.610,-0.000,10116,5049,5067
1630695,Micah Potter,2024,-0.340,0.020,0.380,-0.520,-0.040,-0.250,-0.940,-1.300,-1.230,-0.070,-0.112,-0.263,0.151,-0.168,0.090,-0.060,-0.510,-0.110,0.420,0.170,-0.950,-0.170,-0.200,0.030,0.016,0.013,0.003,0.124,-1.412,-0.154,-1.580,-0.030,-1.610,-0.000,968,484,484
1627749,Dejounte Murray,2024,-1.380,-1.240,-1.940,0.020,3.300,0.460,-3.020,-1.580,-1.340,-0.240,0.246,0.388,-0.142,0.294,-1.300,-0.660,0.950,-0.480,0.340,-0.350,0.020,-1.040,-1.110,0.070,-0.116,0.246,-0.362,0.556,-1.334,-1.156,-1.040,-0.600,-1.640,0.000,23501,11755,11746
1630561,David Duke Jr.,2024,1.360,-0.580,-0.570,0.200,-0.820,-0.400,-0.940,-0.230,-0.160,-0.070,-0.756,-0.085,-0.671,-0.194,-0.190,0.150,-0.030,-0.200,0.220,0.090,-0.810,-0.420,-0.260,-0.160,-0.051,-0.211,0.160,0.001,-0.986,-0.471,-1.180,-0.470,-1.650,0.000,1158,579,579
2617,Udonis Haslem,2024,-0.470,-0.240,0.340,-0.070,0.130,-0.360,-0.860,-1.380,-1.370,-0.010,-0.061,-0.072,0.011,0.471,-0.220,-0.070,-0.010,-0.160,0.230,-0.020,-0.020,-0.940,-0.730,-0.210,0.202,0.074,0.128,0.058,-1.441,-0.738,-0.970,-0.680,-1.650,-0.000,308,154,154
203200,Justin Holiday,2024,0.090,-0.820,0.120,-0.080,-0.200,-0.460,-0.770,-1.390,-1.120,-0.270,0.302,0.102,0.200,-0.642,-0.470,0.150,0.450,0.380,0.010,-0.000,1.990,0.350,0.810,-0.460,0.216,0.357,-0.141,-0.506,-1.088,0.566,-1.730,0.060,-1.660,0.010,6890,3429,3461
1629007,Jontay Porter,2024,-0.440,-0.040,0.990,0.130,-0.500,-0.230,1.030,0.320,0.430,-0.110,-0.725,-0.939,0.214,-0.705,-0.530,-0.050,0.330,-0.210,0.210,0.040,-0.090,-0.930,-0.930,-0.000,0.093,0.114,-0.021,0.277,-0.405,-0.837,-1.110,-0.560,-1.670,0.000,1492,748,744
1627853,Ryan Arcidiacono,2024,-0.870,-0.080,0.910,-0.390,-0.020,-0.480,-1.000,-1.680,-1.470,-0.210,-0.166,-0.249,0.083,-0.574,0.340,0.070,-0.180,0.070,-0.160,-0.080,0.350,0.180,0.250,-0.070,0.315,0.014,0.301,0.255,-1.846,0.495,-2.420,0.750,-1.670,0.000,899,446,453
1628963,Marvin Bagley III,2024,0.770,-0.240,-2.560,-0.170,1.830,-0.760,-1.380,-1.680,-1.300,-0.380,-0.592,-0.290,-0.302,0.802,1.030,-0.270,-0.380,-0.350,-0.630,-0.200,-1.220,-0.170,-0.380,0.210,-0.457,-0.127,-0.330,0.427,-2.272,-0.627,-1.470,-0.200,-1.670,-0.000,8381,4200,4181
1628365,Markelle Fultz,2024,1.390,-0.550,-2.290,-0.170,0.890,-0.960,-0.750,-1.960,-1.460,-0.500,-0.053,0.201,-0.254,0.303,0.480,-1.200,-0.840,0.320,0.360,0.020,-1.480,-0.010,-0.150,0.140,0.353,0.338,0.015,-0.303,-2.013,0.343,-1.710,0.040,-1.670,0.000,11368,5694,5674
1641722,Jordan Hawkins,2024,-1.700,-0.760,1.440,-0.010,0.260,-0.160,0.660,-1.080,-1.010,-0.070,0.745,0.570,0.175,0.095,-0.060,-0.290,-0.310,-0.050,0.370,-0.120,-1.710,-0.880,-0.880,-0.000,-0.327,-0.395,0.068,-0.223,-0.335,-1.207,-0.240,-1.430,-1.670,0.000,4738,2383,2355
1630552,Jalen Johnson,2024,1.840,-0.690,-1.360,-0.830,-0.480,-0.060,0.180,-1.690,-1.780,0.090,-0.368,-0.281,-0.087,0.038,-0.290,0.040,-1.180,-0.140,1.470,0.820,-0.700,0.450,0.300,0.150,-0.015,0.083,-0.098,-0.105,-2.058,0.435,-2.020,0.330,-1.690,0.000,12387,6186,6201
1628418,Thomas Bryant,2024,-1.180,0.430,-0.860,0.230,2.010,-0.320,-0.300,-0.880,-0.080,-0.800,0.460,-0.074,0.534,-0.440,-0.130,-0.460,0.560,0.130,-0.440,-0.640,-0.950,-0.450,-0.690,0.240,-0.299,-0.105,-0.194,-0.081,-0.420,-0.749,-0.860,-0.830,-1.690,0.000,6277,3133,3144
1631214,Alondes Williams,2024,-0.040,-0.080,0.200,-0.260,-0.170,-0.130,-0.960,-0.680,-0.630,-0.050,-0.430,-0.170,-0.260,-0.200,-0.100,-0.110,-0.060,-0.010,0.160,-0.030,-0.190,-0.300,-0.210,-0.090,-0.072,-0.054,-0.018,-0.018,-1.110,-0.372,-1.310,-0.390,-1.700,0.000,92,47,45
1627736,Malik Beasley,2024,-2.540,0.900,2.190,-0.320,0.340,-0.090,-1.410,-0.960,-0.310,-0.650,0.291,0.245,0.046,-0.751,-1.130,0.070,1.000,0.410,0.150,-0.530,0.590,0.070,-0.110,0.180,-0.095,0.369,-0.464,-0.255,-0.669,-0.025,-1.420,-0.280,-1.700,-0.000,19187,9597,9590
1630215,Jared Butler,2024,1.960,-0.320,-0.310,-0.500,-1.660,0.050,-0.430,-0.670,-0.300,-0.370,-0.209,-0.223,0.014,-0.311,0.100,0.000,-0.800,-0.060,0.700,-0.170,-0.380,-0.910,-0.760,-0.150,0.050,-0.165,0.215,0.330,-0.879,-0.860,-1.190,-0.530,-1.710,0.010,2651,1333,1318
1630618,D.J. Carton,2024,-0.100,-0.030,0.120,-0.250,-0.020,-0.270,-0.750,-0.850,-0.780,-0.070,-0.178,-0.206,0.028,-0.142,-0.130,0.030,0.080,-0.040,0.050,-0.060,0.030,-0.050,0.010,-0.060,-0.044,-0.052,0.008,-0.456,-1.028,-0.094,-1.170,-0.550,-1.720,0.000,149,75,74
1629622,Max Strus,2024,-0.080,-0.460,1.720,-1.000,-1.630,0.770,0.870,-1.290,-1.160,-0.130,-0.248,-0.250,0.002,0.248,0.840,0.450,-0.770,-0.530,-0.080,-0.230,-1.980,-0.600,-0.680,0.080,-0.028,0.019,-0.047,0.188,-1.538,-0.628,-1.290,-0.440,-1.730,0.000,22226,11135,11091
1629134,Kendrick Nunn,2024,-0.210,-0.440,0.700,-0.220,-0.490,0.180,-2.300,-1.150,-0.920,-0.230,-0.224,-0.137,-0.087,0.394,-0.300,0.490,0.520,-0.080,-0.230,-0.160,-0.590,-0.220,0.020,-0.240,-0.206,-0.186,-0.020,-0.324,-1.374,-0.426,-0.980,-0.750,-1.730,0.000,3973,1985,1988
1626179,Terry Rozier,2024,-1.400,-0.240,0.970,-0.810,0.420,0.110,-0.500,-1.120,-0.670,-0.450,0.864,0.546,0.318,-0.434,-0.250,-0.240,0.460,-0.340,-0.220,-0.730,-0.690,-0.860,-0.970,0.110,-0.017,-0.169,0.152,-0.183,-0.256,-0.877,-0.690,-1.060,-1.750,0.000,17332,8656,8676
203967,Dario Saric,2024,-0.440,0.260,0.410,-0.230,0.020,-1.020,0.810,-0.270,-0.570,0.300,-0.577,-0.097,-0.480,0.117,0.280,-0.360,-0.460,-0.270,0.180,-0.360,-0.320,-1.600,-1.360,-0.240,0.086,-0.049,0.135,0.494,-0.847,-1.514,-0.730,-1.020,-1.750,0.000,7694,3851,3843
1629623,Lindell Wigginton,2024,-0.040,-0.050,0.130,-0.280,-0.100,-0.000,-0.410,-0.600,-0.380,-0.220,-0.214,-0.394,0.180,-0.096,-0.050,-0.230,-0.230,-0.110,0.280,0.040,-1.270,-0.590,-0.630,0.040,-0.311,-0.138,-0.173,0.061,-0.814,-0.901,-0.910,-0.840,-1.750,0.000,389,192,197
201980,Danny Green,2024,-0.720,-0.270,0.980,-0.020,-0.250,0.200,0.980,0.090,0.380,-0.290,-0.661,-0.673,0.012,-0.889,0.320,0.000,-0.370,0.030,0.050,-0.060,-0.200,-0.310,-0.050,-0.260,0.169,0.232,-0.063,-0.159,-0.571,-0.141,-1.460,-0.300,-1.760,0.000,777,390,387
203082,Terrence Ross,2024,-1.960,0.200,0.590,-0.400,1.370,0.440,-0.460,0.260,0.350,-0.090,0.783,0.675,0.108,-1.313,-0.320,-0.350,-0.200,0.350,0.510,-0.400,-0.980,-0.780,-0.550,-0.230,-0.771,-0.162,-0.609,0.031,1.043,-1.551,-0.270,-1.520,-1.790,-0.000,5699,2863,2836
1630285,Zavier Simpson,2024,0.230,-0.520,-0.340,-0.300,0.110,-0.600,-1.080,-1.920,-1.730,-0.190,0.148,0.106,0.042,0.152,0.180,-0.140,-0.300,0.110,0.110,-0.180,-0.110,-0.670,-0.520,-0.150,0.232,0.183,0.049,0.258,-1.772,-0.438,-1.620,-0.180,-1.800,-0.000,651,325,326
1630613,Duane Washington Jr.,2024,0.090,-1.140,-0.290,0.020,0.200,-0.300,-1.270,-2.000,-1.280,-0.720,-0.447,-0.603,0.156,0.917,-0.310,0.130,0.340,-0.050,-0.030,-0.020,-0.020,-0.360,-0.240,-0.120,-0.009,0.025,-0.034,0.079,-2.447,-0.369,-1.530,-0.290,-1.820,0.000,1609,810,799
201609,Goran Dragic,2024,0.780,-0.310,-1.330,-0.020,0.560,-0.020,0.730,0.270,0.440,-0.170,-0.445,-0.346,-0.099,-0.505,-1.000,-0.450,1.030,0.150,-0.040,-0.250,-0.150,-1.540,-1.300,-0.240,0.047,0.044,0.003,0.343,-0.175,-1.493,-0.680,-1.150,-1.820,0.010,3647,1826,1821
1630692,Jordan Goodwin,2024,-0.640,-0.870,-1.600,-1.780,2.240,-0.440,-3.720,-3.460,-3.550,0.090,-0.647,0.150,-0.797,1.657,-0.280,0.570,-0.420,0.050,0.700,-0.300,1.110,-0.690,-0.580,-0.110,0.567,0.215,0.352,0.743,-4.107,-0.123,-2.450,0.620,-1.830,0.000,8670,4334,4336
1630240,Saben Lee,2024,0.680,-0.720,-0.800,-0.680,0.110,-0.570,-1.140,-3.410,-3.810,0.400,-0.059,0.167,-0.226,0.789,-0.090,0.310,0.190,0.060,-0.110,-0.030,0.480,0.720,0.470,0.250,0.316,0.149,0.167,-0.196,-3.469,1.036,-2.680,0.840,-1.840,0.000,2285,1139,1146
1641793,D'Moi Hodge,2024,-0.280,-0.060,0.250,-0.320,0.040,-0.030,-0.420,-0.880,-0.730,-0.150,-0.199,-0.165,-0.034,0.029,-0.120,-0.140,-0.070,-0.110,0.190,-0.050,-0.280,-0.520,-0.470,-0.050,-0.028,-0.025,-0.003,-0.242,-1.079,-0.548,-1.050,-0.790,-1.840,0.000,164,81,83
1630590,Scotty Pippen Jr.,2024,0.070,-0.490,0.560,-0.080,-0.660,-0.630,-1.010,-0.800,-0.490,-0.310,-0.278,0.027,-0.305,-0.902,-0.140,0.340,-0.230,-0.280,0.370,-0.280,-0.380,-0.760,-0.720,-0.040,0.744,0.217,0.527,0.116,-1.078,-0.016,-1.980,0.100,-1.880,0.000,2262,1134,1128
1629641,Romeo Langford,2024,1.610,-0.950,-2.350,-0.810,0.740,-0.020,-1.980,-2.500,-2.060,-0.440,-0.225,0.309,-0.534,1.205,-0.440,-0.050,0.630,-0.190,-0.200,-0.130,-0.280,-0.470,-0.550,0.080,-0.080,-0.353,0.273,0.180,-2.725,-0.550,-1.520,-0.370,-1.900,-0.010,3442,1707,1735
1627826,Ivica Zubac,2024,-2.030,0.290,-2.200,0.010,4.190,0.940,-0.420,-1.390,-0.190,-1.200,-1.369,-1.098,-0.271,-0.181,2.880,0.360,-0.310,-0.460,-2.520,-0.380,-2.010,1.500,0.770,0.730,-0.823,-0.514,-0.309,0.363,-2.759,0.677,-2.940,1.040,-1.900,0.000,17294,8648,8646
1631230,Dominick Barlow,2024,-0.490,-1.070,-0.790,-0.200,1.280,0.180,-0.420,-1.780,-1.520,-0.260,0.184,0.346,-0.162,1.206,-0.640,-0.030,-0.230,-0.330,0.860,-0.110,-1.320,-0.700,-0.730,0.030,-0.302,-0.159,-0.143,-0.508,-1.596,-1.002,-0.390,-1.510,-1.900,0.000,3324,1658,1666
1629020,Jarred Vanderbilt,2024,-0.690,-0.860,0.870,0.410,-0.160,0.270,-0.300,-0.930,-0.740,-0.190,-0.848,-0.411,-0.437,0.738,-1.160,-0.420,-0.340,0.210,1.500,-0.290,0.060,-0.910,-0.910,-0.000,0.492,0.664,-0.172,-0.442,-1.778,-0.418,-1.040,-0.860,-1.910,-0.010,11029,5499,5530
1630526,Jeremiah Robinson-Earl,2024,1.590,-1.030,-1.290,-0.230,-0.540,-0.340,-0.790,-1.280,-1.200,-0.080,-0.689,-0.327,-0.362,0.969,-0.300,-0.050,-0.270,-0.090,0.540,0.030,-0.180,-0.400,-0.560,0.160,-0.394,0.125,-0.519,-0.136,-1.969,-0.794,-1.000,-0.930,-1.930,0.000,4991,2491,2500
202083,Wesley Matthews,2024,-1.860,-0.170,2.180,-0.500,-0.280,-0.670,-1.860,-1.700,-1.950,0.250,0.640,0.289,0.351,-0.240,-0.110,-0.090,0.140,-0.050,-0.030,0.520,1.550,-0.040,0.230,-0.270,-0.341,-0.302,-0.039,-0.249,-1.060,-0.381,-1.300,-0.630,-1.930,0.000,5263,2609,2654
202722,Davis Bertans,2024,-0.640,0.010,2.730,-0.480,-2.120,0.170,1.350,0.060,-0.070,0.130,-0.288,-0.102,-0.186,-0.772,1.150,-0.390,-0.810,0.000,-0.340,-0.480,-1.190,-1.160,-0.930,-0.230,-0.078,-0.057,-0.021,0.288,-0.228,-1.238,-1.000,-0.950,-1.940,0.010,4595,2298,2297
1641998,Trey Jemison,2024,-0.640,-0.370,-1.300,0.240,1.940,-0.600,-0.270,-0.950,-0.540,-0.410,-1.074,-0.675,-0.399,0.824,0.490,-0.490,-0.420,0.000,-0.060,-0.270,-1.310,-1.180,-1.160,-0.020,-0.051,0.302,-0.353,0.471,-2.024,-1.231,-1.200,-0.760,-1.960,0.000,2282,1138,1144
1629023,P.J. Washington,2024,1.100,-0.240,-0.200,-1.300,-0.920,0.090,0.260,-2.100,-1.850,-0.250,0.067,0.250,-0.183,0.123,-0.450,1.200,-0.020,-0.330,0.480,-0.900,0.480,-0.060,-0.080,0.020,-0.041,-0.004,-0.037,0.051,-2.033,-0.101,-1.910,-0.050,-1.960,0.000,21992,10985,11007
1630551,Justin Champagnie,2024,0.200,-0.080,0.100,-0.420,-0.300,-0.080,0.210,-1.960,-1.680,-0.280,0.208,0.004,0.204,0.952,-0.230,-0.130,-0.260,0.040,0.490,-0.230,-0.420,-0.750,-0.400,-0.350,-0.030,-0.009,-0.021,-0.400,-1.752,-0.780,-0.800,-1.180,-1.990,-0.010,1147,580,567
1630550,JT Thor,2024,-1.350,-0.710,0.930,0.090,0.400,-1.590,-2.160,-2.460,-2.380,-0.080,-0.548,0.073,-0.621,0.538,-0.480,0.160,0.060,0.420,0.410,0.110,0.740,0.550,0.810,-0.260,-0.159,-0.059,-0.100,0.089,-3.008,0.391,-2.470,0.480,-1.990,-0.000,7085,3533,3552
1630548,Johnny Juzang,2024,-1.900,-0.170,0.710,-0.590,1.200,-0.030,-0.410,-2.510,-2.050,-0.460,0.250,0.088,0.162,1.080,-0.080,0.300,-0.270,-0.360,0.340,0.230,-0.480,-0.030,-0.000,-0.030,-0.593,-0.050,-0.543,-0.207,-2.260,-0.623,-1.180,-0.830,-2.010,0.000,2429,1215,1214
1629726,Garrison Mathews,2024,-1.130,-0.820,3.280,-0.160,-2.160,-0.090,1.910,-0.330,-0.350,0.020,-0.635,-0.310,-0.325,-1.155,0.620,-0.030,-1.220,-0.300,0.620,0.110,-0.550,-0.750,-0.550,-0.200,0.864,0.181,0.683,-0.014,-0.965,0.114,-2.120,0.100,-2.020,0.000,6857,3414,3443
1631116,Patrick Baldwin Jr.,2024,-0.680,0.030,2.640,0.170,-1.920,-0.790,2.660,-0.720,0.040,-0.760,-0.161,-0.268,0.107,-0.779,-0.000,-0.020,-0.240,-0.290,0.240,-0.040,-1.280,-1.150,-1.070,-0.080,0.144,-0.016,0.160,0.626,-0.881,-1.006,-1.660,-0.380,-2.040,0.000,3060,1528,1532
202693,Markieff Morris,2024,-0.510,-0.230,0.160,-0.060,0.360,-0.350,-0.030,-0.880,-0.960,0.080,-0.223,0.014,-0.237,-0.787,-0.130,-0.240,-0.380,0.080,0.510,0.030,0.140,-0.270,-0.200,-0.070,-0.321,-0.029,-0.292,0.431,-1.103,-0.591,-1.890,-0.160,-2.050,0.000,2481,1242,1239
203924,Jerami Grant,2024,0.970,-0.990,-0.630,0.340,-0.430,-0.070,-1.120,0.460,-0.150,0.610,0.069,0.217,-0.148,-1.229,-1.110,-0.780,1.470,0.040,-0.320,0.220,-0.480,-0.260,-0.230,-0.030,-0.300,-0.339,0.039,-0.780,0.529,-0.560,-0.700,-1.340,-2.050,-0.010,16383,8200,8183
1641738,Kobe Brown,2024,-0.110,-0.430,-0.120,-0.640,0.250,0.010,-1.170,-2.080,-1.710,-0.370,0.167,0.131,0.036,0.743,-0.480,-0.220,-0.250,0.070,0.720,-0.010,-0.970,-0.380,-0.180,-0.200,0.022,-0.139,0.161,-0.522,-1.913,-0.358,-1.170,-0.880,-2.060,-0.010,1611,799,812
1641788,Alex Fudge,2024,-0.050,-0.220,0.120,-0.300,-0.070,-0.120,-0.750,-1.230,-1.020,-0.210,-0.346,-0.122,-0.224,0.186,-0.090,-0.150,-0.110,-0.080,0.200,-0.050,-0.420,-0.640,-0.550,-0.090,0.006,-0.041,0.047,-0.036,-1.576,-0.634,-1.390,-0.670,-2.060,0.000,166,82,84
1630581,Josh Giddey,2024,2.380,-0.540,-0.910,0.150,-1.480,-0.550,2.910,-0.870,-0.210,-0.660,-0.933,-0.561,-0.372,0.353,-1.100,0.150,0.480,-0.080,0.720,-0.260,-1.430,-0.520,-0.600,0.080,-0.197,-0.191,-0.006,0.077,-1.803,-0.717,-1.450,-0.640,-2.090,0.000,19459,9750,9709
1628427,Vlatko Cancar,2024,0.080,-0.180,1.240,-0.030,-1.310,-0.760,0.090,-0.470,-0.330,-0.140,-0.496,0.081,-0.577,-0.754,-0.840,-0.210,0.660,0.140,0.180,-0.050,-0.220,0.020,0.030,-0.010,-0.076,0.072,-0.148,-0.324,-0.966,-0.056,-1.720,-0.380,-2.090,0.010,3594,1795,1799
1631219,John Butler Jr.,2024,-0.250,-0.030,0.720,-0.030,-0.470,-0.680,0.190,-1.070,-0.520,-0.550,0.318,0.171,0.147,-0.688,-0.350,-0.060,-0.220,-0.120,0.570,-0.000,-0.920,-0.490,-0.390,-0.100,-0.043,0.119,-0.162,-0.127,-0.752,-0.533,-1.440,-0.660,-2.100,-0.000,921,460,461
1641713,GG Jackson,2024,0.000,-0.220,0.680,-0.170,-0.690,-1.360,-0.980,-0.800,-0.970,0.170,-1.108,-0.662,-0.446,-0.232,-0.690,-0.170,-0.170,0.180,0.840,0.020,-0.200,-0.100,-0.300,0.200,0.474,0.398,0.076,-0.334,-1.908,0.374,-2.140,0.040,-2.110,-0.010,4972,2491,2481
1628385,Harry Giles III,2024,0.500,-0.100,-0.400,-0.520,-0.080,0.030,-0.250,-1.320,-1.080,-0.240,-0.265,-0.139,-0.126,0.765,0.120,-0.200,-0.290,-0.130,0.150,-0.060,-0.920,-0.930,-0.770,-0.160,-0.197,-0.043,-0.154,-0.173,-1.585,-1.127,-0.820,-1.300,-2.120,0.000,407,206,201
1631160,Jordan Hall,2024,-0.340,-0.190,0.580,-0.340,-0.240,-0.090,-0.580,-1.500,-1.310,-0.190,-0.369,-0.071,-0.298,0.039,-0.140,-0.110,-0.040,-0.170,0.180,0.060,-0.120,-0.610,-0.580,-0.030,0.123,0.087,0.036,0.177,-1.869,-0.487,-1.830,-0.310,-2.130,0.010,341,172,169
200782,P.J. Tucker,2024,-2.880,-1.010,0.870,0.720,2.010,0.650,-1.740,-0.210,-0.020,-0.190,0.120,-0.243,0.363,-0.870,0.530,-0.720,0.500,-0.390,-1.040,0.020,-1.250,-1.210,-1.490,0.280,-0.081,0.141,-0.222,0.121,-0.090,-1.291,-0.960,-1.170,-2.130,0.000,10673,5316,5357
1641707,Taylor Hendricks,2024,-0.030,0.020,0.480,-0.010,-0.430,-0.560,0.230,-0.550,-0.110,-0.440,-0.946,-0.244,-0.702,-0.014,-0.680,-0.180,-0.060,-0.360,0.740,0.250,-1.280,-0.560,-0.410,-0.150,-0.046,0.124,-0.170,-0.024,-1.496,-0.606,-1.510,-0.630,-2.140,0.000,3510,1746,1764
1630231,Kenyon Martin Jr.,2024,2.830,-0.040,-1.050,-1.070,-1.790,-0.400,-1.080,-0.950,-0.840,-0.110,-0.415,-0.396,-0.019,0.955,-0.790,-0.770,-0.820,-0.080,1.660,0.150,0.340,-1.640,-1.280,-0.360,0.050,-0.228,0.278,-0.150,-1.365,-1.590,-0.410,-1.740,-2.150,0.000,12413,6204,6209
1627854,Bryn Forbes,2024,-0.230,-0.290,0.290,-0.390,-0.060,0.110,-1.560,-1.500,-1.610,0.110,-0.359,-0.121,-0.238,0.719,-0.190,0.000,-0.420,-0.160,0.600,-0.090,-1.080,-0.830,-0.720,-0.110,-0.001,-0.088,0.087,-0.169,-1.859,-0.831,-1.140,-1.000,-2.150,-0.010,1112,554,558
1628981,Bruno Fernando,2024,0.340,-0.090,-0.590,-0.610,0.240,-0.010,-1.940,-2.000,-1.500,-0.500,-1.406,-0.716,-0.690,1.446,0.270,-0.310,-0.750,0.090,0.480,0.230,-0.370,-0.220,-0.060,-0.160,-0.038,-0.167,0.129,0.048,-3.406,-0.258,-1.960,-0.210,-2.170,-0.000,4348,2158,2190
1641730,Noah Clowney,2024,0.200,-0.500,0.120,-0.460,-0.320,-0.300,-2.580,-2.030,-1.990,-0.040,-0.438,-0.061,-0.377,0.408,0.200,-0.030,-0.230,0.060,0.030,-0.170,-0.220,0.380,0.400,-0.020,0.122,0.051,0.071,-0.612,-2.468,0.502,-2.060,-0.110,-2.180,-0.010,1469,734,735
202711,Bojan Bogdanovic,2024,-1.760,-0.490,1.000,-0.150,0.770,0.740,-1.040,0.200,-0.120,0.320,-0.032,0.114,-0.146,-0.268,-0.680,-0.700,1.080,-0.300,-0.380,-0.010,0.030,-1.070,-0.940,-0.130,-0.418,-0.178,-0.240,-0.592,0.168,-1.488,-0.100,-2.080,-2.180,0.000,13940,6974,6966
1631243,Mouhamed Gueye,2024,-0.270,-0.410,0.110,-0.180,0.160,-0.220,-0.780,-1.280,-1.080,-0.200,-0.371,-0.193,-0.178,-0.159,-0.080,-0.160,-0.140,-0.050,0.200,-0.080,-0.060,-0.630,-0.490,-0.140,0.057,0.028,0.029,0.203,-1.651,-0.573,-1.810,-0.370,-2.180,0.000,308,153,155
1641931,Onuralp Bitim,2024,0.170,-0.300,-0.290,-0.140,0.110,-0.430,0.430,-1.240,-1.020,-0.220,-0.403,-0.178,-0.225,0.253,0.200,-0.130,-0.310,0.020,0.110,-0.220,-0.190,-0.300,-0.190,-0.110,-0.221,-0.174,-0.047,-0.279,-1.643,-0.521,-1.390,-0.800,-2.190,0.000,1075,532,543
1626162,Kelly Oubre Jr.,2024,1.990,-1.820,-2.030,-0.710,0.030,-0.700,-3.310,-2.410,-2.490,0.080,1.143,0.621,0.522,-0.013,-0.680,0.190,-0.020,-0.160,0.700,-0.170,-0.630,-0.530,-0.280,-0.250,0.263,-0.026,0.289,-0.643,-1.267,-0.267,-1.280,-0.910,-2.190,0.000,15522,7737,7785
1628972,Troy Brown Jr.,2024,-0.130,-0.740,-0.030,-0.590,0.170,-0.480,-1.700,-0.940,-1.140,0.200,0.284,-0.182,0.466,-0.494,-0.100,-0.580,1.010,0.430,-0.900,-0.070,-0.230,-0.320,-0.450,0.130,-0.913,-0.334,-0.579,0.133,-0.656,-1.233,-1.150,-1.100,-2.250,0.000,11511,5764,5747
1631123,Jamaree Bouyea,2024,-0.400,-0.130,0.610,-0.220,-0.200,-0.410,-0.530,-1.200,-1.050,-0.150,-0.456,-0.242,-0.214,-0.144,-0.030,-0.040,-0.260,-0.090,0.290,-0.090,-0.130,-0.730,-0.640,-0.090,0.037,-0.013,0.050,0.233,-1.656,-0.693,-1.800,-0.460,-2.270,-0.010,647,324,323
1628966,Keita Bates-Diop,2024,1.260,-0.720,-1.980,-0.430,0.700,-0.810,-0.990,-1.760,-1.880,0.120,0.084,0.218,-0.134,0.046,-0.750,-0.410,0.220,-0.110,0.540,-0.270,0.360,-1.170,-1.050,-0.120,-0.034,0.134,-0.168,0.554,-1.676,-1.204,-1.630,-0.650,-2.280,-0.000,8659,4315,4344
203521,Matthew Dellavedova,2024,-0.750,0.010,1.120,-0.340,-0.360,-0.150,-0.540,-1.170,-1.090,-0.080,-0.678,-0.216,-0.462,-0.432,-0.000,0.080,-0.100,-0.140,0.100,0.120,0.790,0.000,0.170,-0.170,0.247,-0.068,0.315,-0.247,-1.848,0.247,-2.280,-0.000,-2.280,0.000,891,442,449
1627777,Georges Niang,2024,-1.270,-0.600,2.860,0.910,-1.630,0.540,2.360,0.950,1.080,-0.130,-0.581,-0.150,-0.431,-1.119,0.520,-0.220,-0.410,0.260,-0.130,-0.340,-0.580,-0.590,-0.230,-0.360,-0.393,-0.099,-0.294,-0.557,0.369,-0.983,-0.750,-1.540,-2.300,-0.010,14414,7243,7171
1631111,Wendell Moore Jr.,2024,0.580,0.060,-0.410,-0.660,-0.180,0.030,-1.250,-1.240,-1.030,-0.210,-0.403,0.186,-0.589,-0.187,-0.200,-0.270,0.090,0.120,0.100,-0.150,-0.050,-0.670,-0.550,-0.120,0.100,0.055,0.045,0.100,-1.643,-0.570,-1.830,-0.470,-2.310,-0.010,1066,529,537
1642013,Malik Williams,2024,-0.100,-0.350,-0.280,-0.170,0.380,-0.200,-1.510,-1.090,-0.970,-0.120,-0.586,-0.446,-0.140,-0.004,0.010,-0.080,-0.390,-0.080,0.380,0.010,-0.610,-0.150,-0.130,-0.020,-0.268,-0.158,-0.110,-0.212,-1.676,-0.418,-1.680,-0.630,-2.310,0.000,424,213,211
1629667,Jalen McDaniels,2024,0.710,-0.310,-0.390,-0.990,-0.330,-0.530,-1.660,-2.100,-2.120,0.020,-0.713,0.088,-0.801,1.193,-0.030,0.150,-0.550,-0.000,0.580,-0.160,-0.690,0.070,0.150,-0.080,-0.029,-0.068,0.039,-0.741,-2.813,0.041,-1.620,-0.700,-2.330,-0.010,10434,5199,5235
1630177,Theo Maledon,2024,1.810,-0.380,-1.160,-0.760,-0.640,-0.300,-1.490,-0.650,-0.910,0.260,-0.162,0.234,-0.396,0.522,-0.280,0.150,-0.110,-0.300,0.380,-0.440,-1.120,-2.020,-1.680,-0.340,-0.051,0.050,-0.101,0.011,-0.812,-2.071,-0.290,-2.060,-2.340,0.010,4399,2194,2205
1629660,Ty Jerome,2024,-0.820,0.430,0.800,0.040,0.030,-0.120,0.260,-0.040,0.090,-0.130,-0.368,0.047,-0.415,0.188,0.260,-0.350,-0.060,-0.580,-0.210,-0.190,-1.150,-2.070,-1.770,-0.300,0.079,0.112,-0.033,-0.139,-0.408,-1.991,-0.220,-2.130,-2.350,-0.000,3393,1701,1692
1641787,Tosan Evbuomwan,2024,-0.140,-0.400,-0.020,-0.320,0.160,0.040,-0.890,-1.060,-0.970,-0.090,-0.382,-0.115,-0.267,0.102,0.070,-0.270,-0.290,-0.140,0.230,-0.340,-1.410,-1.240,-1.230,-0.010,0.073,0.128,-0.055,0.157,-1.442,-1.167,-1.340,-1.010,-2.350,0.000,1473,732,741
1630184,Kira Lewis Jr.,2024,0.750,-0.520,-0.370,-0.840,-0.360,0.120,-1.370,-2.130,-2.280,0.150,0.215,-0.046,0.261,-0.185,-0.110,0.040,-0.480,0.320,0.590,0.050,-0.070,0.420,0.600,-0.180,-0.189,0.091,-0.280,-0.481,-1.915,0.231,-2.100,-0.250,-2.350,-0.000,2047,1026,1021
1630181,R.J. Hampton,2024,-0.760,-0.090,1.000,-0.040,-0.240,-0.690,-1.780,-0.210,0.070,-0.280,-0.442,-0.118,-0.324,-0.348,-0.820,-0.260,0.070,0.150,0.740,-0.020,-0.660,-0.730,-0.420,-0.310,-0.009,-0.124,0.115,-0.621,-0.652,-0.739,-1.000,-1.360,-2.360,0.000,3310,1652,1658
1626192,Pat Connaughton,2024,-1.460,-0.130,2.060,-0.130,-0.600,0.380,-0.460,-0.070,-0.200,0.130,0.463,0.290,0.173,-1.123,0.820,-0.280,-0.090,0.140,-0.730,-0.850,-0.250,-1.170,-1.190,0.020,-0.294,-0.088,-0.206,-0.176,0.393,-1.464,-0.730,-1.640,-2.360,0.010,13665,6841,6824
1631323,Simone Fontecchio,2024,-0.180,-0.450,1.270,-0.710,-1.090,-0.850,1.330,-2.040,-1.890,-0.150,0.114,0.062,0.052,-0.104,-0.010,-0.340,-0.110,-0.120,0.140,-0.180,-0.600,-0.750,-0.620,-0.130,0.214,0.163,0.051,0.206,-1.926,-0.536,-2.030,-0.330,-2.360,0.000,10073,5038,5035
202066,Garrett Temple,2024,0.650,-0.980,-0.140,-0.430,-0.520,-0.140,-1.000,-1.750,-1.620,-0.130,-0.674,-0.249,-0.425,0.294,-0.410,-0.190,-0.570,0.060,0.970,0.010,-0.260,0.140,0.200,-0.060,0.242,0.130,0.112,-0.612,-2.424,0.382,-2.130,-0.230,-2.370,-0.010,1867,928,939
201152,Thaddeus Young,2024,-0.650,0.140,-2.170,-0.390,2.810,-0.620,-1.950,-1.460,-1.410,-0.050,0.024,-0.292,0.316,0.776,-0.690,-0.980,-1.240,0.060,1.920,-0.280,-2.400,-1.830,-1.700,-0.130,0.577,0.036,0.541,-0.467,-1.436,-1.253,-0.660,-1.720,-2.380,0.000,4916,2452,2464
1631204,Marcus Sasser,2024,-2.070,-0.650,0.780,0.160,1.270,-0.170,-1.120,-0.140,-0.210,0.070,0.246,0.332,-0.086,-1.366,-0.180,-0.300,0.510,-0.110,-0.340,-0.240,0.530,-1.280,-0.870,-0.410,0.113,0.081,0.032,0.027,0.106,-1.167,-1.260,-1.140,-2.400,0.000,5540,2779,2761
1631124,Julian Strawther,2024,-0.420,-0.810,0.640,-0.430,-0.210,0.150,0.200,-1.510,-1.150,-0.360,0.488,0.271,0.217,0.202,-0.120,0.090,0.000,-0.370,0.100,0.040,-0.980,-1.230,-1.020,-0.210,-0.279,-0.267,-0.012,-0.071,-1.022,-1.509,-0.820,-1.580,-2.410,-0.010,2274,1134,1140
1631108,Max Christie,2024,0.150,-0.970,-1.320,-0.020,1.160,-0.610,-2.910,-2.160,-1.790,-0.370,0.105,0.135,-0.030,-0.475,0.410,0.320,0.310,-0.030,-0.710,-0.000,0.420,1.020,1.130,-0.110,-0.440,-0.157,-0.283,-0.460,-2.055,0.580,-2.530,0.120,-2.420,-0.010,6190,3090,3100
1628984,Devonte' Graham,2024,-0.620,-1.180,2.150,-0.690,-1.560,-0.300,-0.420,-1.660,-1.600,-0.060,-0.011,0.381,-0.392,-0.499,0.440,-0.730,-0.510,0.080,0.070,-0.130,-1.110,-0.770,-0.690,-0.080,0.436,0.275,0.161,0.084,-1.671,-0.334,-2.170,-0.250,-2.420,0.000,6566,3286,3280
1641851,Timmy Allen,2024,-0.290,-0.570,-0.560,-0.280,0.860,-0.520,-1.690,-1.830,-1.650,-0.180,0.210,0.224,-0.014,-0.380,0.250,-0.190,-0.540,0.080,0.290,-0.200,0.010,-0.730,-0.560,-0.170,0.065,0.090,-0.025,0.235,-1.620,-0.665,-2.000,-0.430,-2.420,0.010,505,250,255
1629139,Yuta Watanabe,2024,-1.000,0.010,0.970,0.070,0.050,0.000,-1.630,0.600,0.110,0.490,-0.494,-0.445,-0.049,-1.026,-0.320,-0.240,-0.440,-0.250,0.760,0.660,0.060,-0.870,-0.540,-0.330,-0.277,-0.288,0.011,-0.353,0.106,-1.147,-0.920,-1.500,-2.430,-0.010,5665,2845,2820
1641748,Andre Jackson Jr.,2024,-0.670,-0.120,0.410,0.030,0.240,0.450,0.840,0.270,0.260,0.010,-0.317,0.132,-0.449,-0.273,-0.070,-0.110,0.150,-0.470,-0.070,-0.150,-0.870,-1.860,-1.470,-0.390,-0.080,-0.216,0.136,-0.190,-0.047,-1.940,-0.320,-2.130,-2.450,0.000,2551,1270,1281
1628380,Zach Collins,2024,-1.350,-0.230,-0.990,-0.150,2.370,0.130,0.550,-0.940,-0.560,-0.380,-1.353,-0.985,-0.368,-0.307,0.580,0.410,0.590,0.220,-1.170,-0.510,1.010,0.990,1.030,-0.040,-1.020,-0.381,-0.639,0.170,-2.293,-0.030,-2.600,0.140,-2.460,0.000,12407,6193,6214
1631216,Caleb Houstan,2024,-2.510,0.160,2.820,-0.850,-0.310,0.210,-0.910,-0.320,0.010,-0.330,-0.219,0.276,-0.495,-0.781,-0.150,-0.330,-0.260,0.190,0.400,-0.270,0.250,-0.950,-0.670,-0.280,-0.081,0.068,-0.149,-0.119,-0.539,-1.031,-1.320,-1.150,-2.460,0.010,6520,3264,3256
1629875,Xavier Moon,2024,0.000,-0.240,-0.170,-0.650,0.150,0.060,-0.940,-1.630,-1.200,-0.430,-0.549,-0.285,-0.264,-0.251,-0.290,-0.280,0.130,0.030,0.160,0.130,-0.130,0.060,0.160,-0.100,0.118,0.070,0.048,-0.218,-2.179,0.178,-2.430,-0.040,-2.470,-0.000,564,285,279
1630543,Isaiah Jackson,2024,1.960,-0.810,-3.110,-0.390,1.140,-0.050,-0.680,-1.080,-0.790,-0.290,-1.382,-1.420,0.038,0.402,-0.830,0.090,0.190,0.130,0.640,-0.330,0.050,-0.590,-0.480,-0.110,0.525,0.223,0.302,-0.345,-2.462,-0.065,-2.060,-0.410,-2.470,-0.000,8163,4077,4086
203457,Nerlens Noel,2024,-0.530,-0.480,-0.210,-0.170,0.750,-0.260,-1.900,-0.790,-0.740,-0.050,-0.589,-0.249,-0.340,-1.051,0.260,-0.220,-0.700,0.070,0.430,-0.110,-0.170,-0.590,-0.450,-0.140,0.461,0.188,0.273,0.059,-1.379,-0.129,-2.430,-0.070,-2.490,0.010,819,407,412
1631254,Kenneth Lofton Jr.,2024,0.520,0.330,0.450,-0.570,-1.000,-0.510,0.920,-1.000,-0.620,-0.380,-0.685,-0.193,-0.492,0.365,-0.210,-0.030,-0.380,-0.040,0.570,-0.240,-0.410,-0.750,-0.480,-0.270,0.040,0.003,0.037,-0.460,-1.685,-0.710,-1.320,-1.170,-2.500,-0.010,1569,782,787
1641712,Rayan Rupert,2024,0.140,-0.780,0.100,0.080,-0.260,-0.680,1.040,-1.700,-0.890,-0.810,-0.270,-0.397,0.127,0.340,0.110,-0.110,0.220,-0.150,-0.330,-0.370,-0.040,-1.270,-1.030,-0.240,0.339,0.241,0.098,0.051,-1.970,-0.931,-1.630,-0.880,-2.510,0.000,2540,1275,1265
1628424,Kobi Simmons,2024,-0.260,-0.190,0.050,-0.300,0.220,-0.140,-0.330,-1.040,-1.000,-0.040,-0.474,0.094,-0.568,-0.266,-0.100,-0.020,-0.220,-0.170,0.310,0.010,-0.860,-0.430,-0.450,0.020,-0.115,-0.066,-0.049,-0.185,-1.514,-0.545,-1.780,-0.730,-2.510,0.000,377,190,187
1631112,Kendall Brown,2024,0.240,-0.120,-0.370,-0.430,0.120,-0.080,-1.580,-1.340,-1.220,-0.120,-1.058,-0.257,-0.801,-0.272,-0.020,-0.100,-0.220,0.020,0.230,0.060,0.140,-0.230,-0.100,-0.130,0.332,0.027,0.305,0.058,-2.398,0.102,-2.670,0.160,-2.520,-0.010,534,268,266
1641706,Brandon Miller,2024,-0.720,1.100,-0.880,-0.160,1.650,-0.460,-0.660,-0.440,-0.420,-0.020,-0.428,-0.406,-0.022,-0.302,-1.210,-0.960,-0.120,0.030,1.310,-0.230,-1.030,-1.190,-0.990,-0.200,0.009,0.206,-0.197,-0.179,-0.868,-1.181,-1.170,-1.360,-2.530,0.000,9540,4764,4776
1630583,Santi Aldama,2024,-1.150,-0.400,1.600,-0.590,-0.440,-0.400,0.060,-1.510,-1.160,-0.350,0.206,0.131,0.075,-0.276,1.020,-0.130,-0.730,-0.290,-0.300,0.020,-1.320,-0.640,-0.820,0.180,-0.119,0.024,-0.143,-0.191,-1.304,-0.759,-1.580,-0.950,-2.530,0.000,13824,6932,6892
1630170,Devin Vassell,2024,-1.300,-0.310,0.520,0.090,0.780,-0.380,0.340,-0.190,-0.120,-0.070,-0.774,-0.703,-0.071,-1.346,-1.570,-0.670,1.230,0.180,0.350,0.210,-0.300,-0.010,-0.030,0.020,-0.023,0.579,-0.602,-0.197,-0.964,-0.033,-2.310,-0.230,-2.540,0.000,14299,7160,7139
201976,Patrick Beverley,2024,-0.490,-0.710,-0.720,-1.060,1.210,-0.320,-2.510,-2.420,-2.760,0.340,0.356,0.231,0.125,-0.166,0.800,-0.480,-1.020,-0.000,0.220,0.380,-0.960,-0.040,-0.050,0.010,0.075,-0.222,0.297,-0.345,-2.064,0.035,-2.230,-0.310,-2.540,0.000,13909,6938,6971
1630658,Colin Castleton,2024,-0.280,-0.250,-0.060,-0.440,0.350,0.010,-1.170,-1.340,-1.190,-0.150,-0.180,0.031,-0.211,-0.180,-0.180,-0.120,-0.160,-0.110,0.330,-0.110,-0.550,-0.800,-0.740,-0.060,0.025,0.029,-0.004,-0.075,-1.520,-0.775,-1.700,-0.850,-2.550,0.000,235,120,115
1630245,Ayo Dosunmu,2024,1.250,-1.590,-1.540,-0.540,0.320,-0.070,0.700,-2.840,-2.430,-0.410,-0.126,-0.165,0.039,-0.274,-0.160,-0.040,-0.110,0.240,0.280,0.570,-0.390,1.160,1.030,0.130,-0.385,0.329,-0.714,-0.125,-2.966,0.775,-3.240,0.650,-2.590,0.000,17321,8654,8667
1629684,Grant Williams,2024,-1.700,0.500,3.000,-0.780,-1.260,-0.120,-0.590,-1.590,-1.530,-0.060,0.226,0.612,-0.386,-0.116,0.000,-1.320,0.350,0.000,-0.340,-0.130,-0.350,-1.070,-1.100,0.030,-0.281,-0.432,0.151,0.241,-1.364,-1.351,-1.480,-1.110,-2.590,0.000,17813,8889,8924
1629234,Drew Eubanks,2024,-1.470,-0.070,-0.840,-0.450,2.290,-0.590,-1.480,-2.010,-1.880,-0.130,-0.045,-0.277,0.232,0.555,-0.170,0.340,-0.680,-0.410,0.870,0.210,-1.400,-0.270,-0.060,-0.210,0.138,-0.027,0.165,-0.978,-2.055,-0.132,-1.500,-1.110,-2.610,-0.000,11191,5606,5585
1631094,Paolo Banchero,2024,0.200,-0.460,-1.480,-0.090,1.270,-0.980,-3.160,-0.960,-1.350,0.390,-0.038,0.070,-0.108,-0.652,-0.650,-0.470,0.580,-0.120,0.080,-0.250,0.680,-1.490,-1.060,-0.430,0.726,0.361,0.365,-0.196,-0.998,-0.764,-1.650,-0.960,-2.610,0.000,22247,11136,11111
1630538,Nah'Shon Hyland,2024,-0.360,-0.000,1.530,-0.010,-1.170,-0.610,-1.410,0.080,0.160,-0.080,-0.486,-0.404,-0.082,-0.414,-0.410,-0.610,-0.420,-0.190,0.820,0.020,-2.190,-1.550,-1.600,0.050,-0.028,-0.288,0.260,-0.222,-0.406,-1.578,-0.820,-1.800,-2.620,0.000,6854,3432,3422
1630560,Cam Thomas,2024,-1.030,0.150,-2.460,0.540,3.490,-1.290,-2.990,-0.590,-1.170,0.580,0.293,0.462,-0.169,-0.003,-0.550,-0.590,0.210,-0.620,0.330,0.560,-2.160,-1.520,-1.610,0.090,-0.447,-0.207,-0.240,-0.363,-0.297,-1.967,-0.300,-2.330,-2.620,0.010,12266,6179,6087
1641720,Jalen Hood-Schifino,2024,-0.180,-0.510,-0.040,-0.370,0.220,-0.020,-1.270,-1.460,-1.310,-0.150,-0.288,-0.058,-0.230,-0.392,0.030,-0.200,-0.260,-0.060,0.230,0.130,-0.220,-0.200,-0.120,-0.080,-0.287,-0.100,-0.187,-0.043,-1.748,-0.487,-2.140,-0.530,-2.670,0.000,445,222,223
1641723,Kobe Bufkin,2024,-0.750,-0.230,0.090,-0.710,0.660,0.070,-1.970,-2.160,-1.950,-0.210,-0.204,-0.161,-0.043,-0.326,-0.430,0.060,0.190,0.010,0.240,0.030,0.600,-0.160,-0.020,-0.140,-0.051,-0.044,-0.007,0.231,-2.364,-0.211,-2.690,0.020,-2.670,0.000,801,399,402
1629669,Jaylen Nowell,2024,0.540,-0.480,-0.560,-1.130,0.020,0.720,-2.230,-1.430,-1.480,0.050,0.238,0.063,0.175,-0.228,-0.810,-0.240,0.440,-0.070,0.360,-0.020,-0.040,-1.630,-0.930,-0.700,0.554,-0.082,0.636,-0.184,-1.192,-1.076,-1.420,-1.260,-2.680,-0.000,6286,3144,3142
201580,JaVale McGee,2024,1.540,0.220,-0.940,-0.800,-0.560,-0.100,-1.130,-1.190,-0.760,-0.430,-1.123,-1.069,-0.054,-0.107,-0.080,0.180,0.440,-0.030,-0.360,0.040,0.570,-0.090,0.080,-0.170,-0.121,-0.015,-0.106,-0.049,-2.313,-0.211,-2.420,-0.260,-2.680,-0.000,2828,1422,1406
1631102,TyTy Washington Jr.,2024,-0.150,-0.200,-0.700,-0.900,0.860,-0.180,-0.510,-3.600,-2.990,-0.610,-0.016,0.075,-0.091,0.506,0.790,-0.110,-1.240,-0.160,0.450,0.100,-0.010,-0.350,-0.300,-0.050,0.139,0.111,0.028,0.621,-3.616,-0.211,-3.110,0.410,-2.690,0.010,1995,995,1000
203210,JaMychal Green,2024,-0.190,-0.320,2.310,-0.130,-2.060,-0.490,0.600,-0.650,-0.660,0.010,-0.784,-0.069,-0.715,-0.126,-0.350,-0.050,-0.080,-0.280,0.430,-0.040,-0.400,-0.850,-0.590,-0.260,0.152,0.017,0.135,-0.442,-1.434,-0.698,-1.560,-1.140,-2.700,0.000,3550,1773,1777
1629626,Bol Bol,2024,0.690,-0.370,-2.620,-1.010,1.940,-0.050,-3.110,-2.300,-1.940,-0.360,-0.943,-0.358,-0.585,0.353,0.550,-0.480,-2.240,0.150,1.700,0.240,-1.740,0.310,0.050,0.260,0.225,0.240,-0.015,-0.355,-3.243,0.535,-2.890,0.180,-2.720,-0.010,8093,4038,4055
1630314,Brandon Williams,2024,0.280,-0.380,-0.460,-0.250,0.150,-0.450,-1.430,-2.100,-1.850,-0.250,-0.154,0.072,-0.226,0.244,-0.120,-0.140,0.160,-0.100,-0.040,-0.070,-0.440,-0.520,-0.540,0.020,-0.140,-0.135,-0.005,-0.060,-2.254,-0.660,-2.010,-0.720,-2.730,0.000,474,236,238
203552,Seth Curry,2024,-2.830,0.570,1.050,-0.150,1.790,-0.060,-0.690,-0.450,-0.600,0.150,-0.102,0.315,-0.417,-1.798,0.010,-0.220,-0.050,-0.240,0.040,0.210,-0.540,-0.310,-0.220,-0.090,0.255,0.095,0.160,-0.325,-0.552,-0.055,-2.350,-0.380,-2.730,0.000,7612,3823,3789
1629018,Gary Trent Jr.,2024,-1.250,-0.590,0.230,0.500,1.000,-1.760,0.290,-1.480,-1.210,-0.270,0.453,0.217,0.236,0.087,-1.150,-0.700,0.550,-0.320,0.600,-0.480,-1.400,-1.920,-1.950,0.030,0.461,0.202,0.259,-0.331,-1.027,-1.459,-0.940,-1.790,-2.730,0.000,16667,8344,8323
1630570,Trendon Watford,2024,1.440,0.490,-1.750,-0.720,0.300,0.050,-2.920,-0.040,-0.260,0.220,-1.621,-0.205,-1.416,0.381,0.520,-0.640,-1.540,-0.260,1.020,0.150,-0.900,-0.870,-0.870,-0.000,-0.263,0.244,-0.507,-0.337,-1.661,-1.133,-1.280,-1.470,-2.750,0.000,8174,4095,4079
1630587,Isaiah Livers,2024,-1.590,0.150,1.130,-0.240,0.490,-0.390,-0.900,-0.390,-0.130,-0.260,-0.345,0.074,-0.419,-0.265,-0.090,0.150,0.340,-0.310,-0.230,-0.180,0.540,-1.340,-0.870,-0.470,-0.415,-0.280,-0.135,-0.015,-0.735,-1.755,-1.000,-1.770,-2.770,0.000,6762,3369,3393
1631303,Justin Minaya,2024,-0.630,-0.690,0.700,-1.100,-0.070,-0.340,-1.340,-3.270,-2.990,-0.280,0.142,0.062,0.080,0.628,0.140,-0.030,-0.520,0.160,0.370,-0.250,0.140,-0.170,-0.010,-0.160,0.011,-0.011,0.022,-0.131,-3.128,-0.159,-2.500,-0.290,-2.790,0.000,1856,925,931
1631119,Jaylin Williams,2024,-1.760,-1.080,1.610,-0.140,0.120,-0.230,0.810,-1.430,-1.360,-0.070,-0.552,-0.319,-0.233,-0.328,1.050,-0.550,-0.340,-0.490,-0.750,-0.250,-2.220,-1.340,-1.470,0.130,0.200,-0.006,0.206,0.660,-1.982,-1.140,-2.310,-0.480,-2.800,-0.010,7942,3964,3978
1630227,Daishen Nix,2024,1.920,0.330,-0.030,-1.160,-1.890,-0.670,0.050,-1.530,-1.000,-0.530,-0.615,-0.695,0.080,0.155,-0.210,-0.540,-0.380,-0.000,0.600,-0.330,-1.130,-1.810,-1.820,0.010,0.450,0.075,0.375,0.540,-2.145,-1.360,-1.990,-0.820,-2.810,-0.000,3920,1953,1967
1630173,Precious Achiuwa,2024,0.960,-1.150,-0.410,-0.680,-0.560,-0.460,-1.370,-2.660,-2.450,-0.210,-0.263,0.150,-0.413,1.793,-0.910,0.440,0.210,-0.480,0.710,-0.050,-1.780,-0.420,-0.590,0.170,-0.818,-0.213,-0.605,-0.472,-2.923,-1.238,-1.130,-1.710,-2.840,0.000,11461,5721,5740
1628970,Miles Bridges,2024,0.420,-0.800,0.430,0.440,-0.840,-0.510,0.540,-0.210,-0.280,0.070,0.198,0.018,0.180,-0.598,0.810,-1.530,-1.540,-0.280,0.720,0.000,-3.200,-1.610,-1.660,0.050,-0.303,-0.162,-0.141,-0.327,-0.012,-1.913,-0.610,-2.240,-2.840,0.010,10303,5139,5164
1626196,Josh Richardson,2024,-1.830,0.120,0.130,-0.460,1.700,0.140,-1.310,-1.070,-1.220,0.150,-0.879,-0.163,-0.716,-0.271,-0.080,-0.410,0.050,0.010,0.020,0.020,0.460,-0.130,0.010,-0.140,0.155,0.198,-0.043,-0.685,-1.949,0.025,-2.220,-0.660,-2.880,0.000,10685,5334,5351
201988,Patty Mills,2024,-0.340,-0.460,1.200,-0.540,-0.860,-0.270,-0.760,-2.030,-1.860,-0.170,0.719,0.365,0.354,-0.499,-0.110,-0.460,-0.270,-0.020,0.360,-0.070,-0.210,-1.370,-1.140,-0.230,0.465,0.404,0.061,-0.165,-1.311,-0.905,-1.810,-1.070,-2.880,0.000,4230,2126,2104
1641734,Emoni Bates,2024,-0.540,-0.260,0.010,-0.060,0.540,-0.290,-0.480,-1.320,-1.060,-0.260,-0.323,-0.161,-0.162,-0.147,0.240,-0.320,-0.420,-0.210,0.180,0.040,-1.200,-1.040,-0.960,-0.080,0.004,0.078,-0.074,-0.054,-1.643,-1.036,-1.790,-1.090,-2.880,0.000,520,258,262
1629647,Darius Bazley,2024,1.300,-1.250,-1.060,-0.200,-0.240,0.200,-2.070,-1.620,-0.970,-0.650,-0.183,-0.274,0.091,-0.497,-0.850,0.380,0.000,-0.010,0.820,-0.300,-0.360,-0.060,-0.190,0.130,0.012,0.230,-0.218,-0.552,-1.803,-0.048,-2.300,-0.600,-2.900,0.000,3136,1555,1581
1630593,McKinley Wright IV,2024,-1.610,0.080,1.190,-0.340,0.440,-0.450,0.360,-1.810,-1.410,-0.400,0.070,0.130,-0.060,-0.370,-0.150,-0.350,0.200,0.220,-0.060,-0.160,-0.170,0.070,0.170,-0.100,-0.299,-0.189,-0.110,-0.571,-1.740,-0.229,-2.110,-0.800,-2.910,0.000,1246,617,629
1627752,Taurean Prince,2024,0.760,-0.920,0.070,0.580,-0.830,-0.640,0.500,0.420,0.170,0.250,0.132,0.053,0.079,-1.332,-0.270,-0.430,0.140,-0.790,0.120,0.050,-1.270,-1.700,-1.450,-0.250,-0.129,-0.092,-0.037,-0.311,0.552,-1.829,-0.780,-2.140,-2.920,0.000,14558,7260,7298
1629640,Keldon Johnson,2024,1.350,-0.830,-0.840,-0.800,-0.510,-0.540,-0.810,-1.770,-1.870,0.100,0.449,0.511,-0.062,0.971,-1.160,-0.420,0.680,-0.780,0.470,-0.340,-0.290,-1.820,-1.600,-0.220,-0.148,0.018,-0.166,-0.602,-1.321,-1.968,-0.350,-2.570,-2.920,0.000,16957,8466,8491
1630208,Nick Richards,2024,-0.390,0.240,-1.930,-0.320,2.350,-1.540,-3.500,-1.560,-1.230,-0.330,-1.079,-0.823,-0.256,0.579,-1.390,0.220,0.320,-0.070,1.060,-0.290,-2.090,-0.760,-0.900,0.140,-0.297,0.329,-0.626,0.177,-2.639,-1.057,-2.060,-0.880,-2.930,0.010,11964,5970,5994
1629637,Jaxson Hayes,2024,-0.260,-0.310,-0.390,0.110,0.670,-1.100,-1.120,-0.800,-0.560,-0.240,-1.018,-0.802,-0.216,-0.692,0.720,-0.300,-0.600,0.140,-0.130,-0.330,-0.160,-0.390,-0.300,-0.090,-0.081,0.085,-0.166,-0.049,-1.818,-0.471,-2.510,-0.520,-3.020,0.010,6165,3062,3103
201565,Derrick Rose,2024,-0.250,-0.550,-0.750,-0.580,0.990,-0.010,-0.130,-2.320,-1.810,-0.510,-0.535,-0.379,-0.156,-0.285,0.140,-0.040,-0.010,0.090,-0.140,0.110,-0.580,0.680,0.710,-0.030,0.190,0.044,0.146,-0.770,-2.855,0.870,-3.140,0.100,-3.040,0.000,3041,1520,1521
1628995,Kevin Knox II,2024,-0.500,0.030,0.610,-0.610,-0.090,-0.840,-0.400,-1.400,-1.400,-0.000,0.088,0.116,-0.028,-0.808,-0.420,-0.470,0.140,-0.290,0.300,-0.170,-0.260,-1.590,-1.300,-0.290,0.205,0.072,0.133,0.465,-1.312,-1.385,-2.120,-0.920,-3.040,0.000,6295,3147,3148
1628432,Davon Reed,2024,-0.380,-0.080,-0.060,-0.170,0.450,-0.390,-1.860,-1.600,-1.400,-0.200,-1.226,-0.522,-0.704,0.256,0.070,-0.190,-0.650,-0.130,0.570,0.010,-0.930,-1.130,-1.050,-0.080,-0.036,0.109,-0.145,0.676,-2.826,-1.166,-2.570,-0.490,-3.060,0.000,1386,691,695
1631222,Jake LaRavia,2024,-0.190,-1.000,-0.010,-0.470,0.210,-1.050,-3.190,-2.260,-2.400,0.140,-0.664,-0.166,-0.498,0.734,-0.240,0.020,-0.340,0.200,0.560,0.010,-0.070,0.160,0.380,-0.220,-0.223,-0.284,0.061,-0.797,-2.924,-0.063,-2.190,-0.860,-3.060,-0.010,4937,2461,2476
202694,Marcus Morris Sr.,2024,-2.400,-0.310,0.480,-0.420,1.870,-0.350,-3.460,-1.480,-1.900,0.420,0.276,0.346,-0.070,-0.386,0.220,-0.820,0.290,-0.370,-0.440,0.200,-0.840,-1.580,-1.410,-0.170,-0.699,-0.138,-0.561,0.759,-1.204,-2.279,-1.590,-1.520,-3.100,0.010,11535,5777,5758
1630547,James Bouknight,2024,0.600,-0.360,0.520,-0.200,-1.120,-0.440,-1.120,-1.720,-1.240,-0.480,-0.855,-0.083,-0.772,0.225,-0.040,0.290,-0.100,-0.030,0.130,-0.020,-0.390,-0.450,-0.120,-0.330,-0.213,-0.359,0.146,-0.097,-2.575,-0.663,-2.350,-0.760,-3.100,0.010,2442,1221,1221
1631241,Javon Freeman-Liberty,2024,0.450,-0.510,-0.360,-0.470,-0.100,0.050,-2.060,-2.220,-2.220,-0.000,-0.938,-0.671,-0.267,1.158,-0.090,-0.360,-0.680,-0.070,0.770,-0.330,-0.990,-1.020,-0.960,-0.060,0.418,0.373,0.045,-0.548,-3.158,-0.602,-2.000,-1.150,-3.140,0.010,1658,827,831
1629312,Haywood Highsmith,2024,-1.860,-0.730,1.570,-0.980,0.310,0.030,-1.820,-2.860,-2.410,-0.450,-0.700,-0.498,-0.202,0.160,0.900,-0.280,-0.830,-0.150,-0.070,0.400,-2.110,0.110,0.150,-0.040,0.185,-0.009,0.194,-0.085,-3.560,0.295,-3.400,0.210,-3.190,-0.000,10274,5107,5167
1641765,Olivier-Maxence Prosper,2024,0.890,-0.290,-0.470,-0.680,-0.460,-0.960,-2.110,-2.740,-2.600,-0.140,-0.043,0.125,-0.168,0.513,0.210,-0.310,-0.030,-0.120,-0.180,-0.020,-0.140,-0.630,-0.570,-0.060,-0.375,-0.223,-0.152,0.055,-2.783,-1.005,-2.270,-0.950,-3.220,0.000,1434,716,718
203925,Joe Harris,2024,-1.060,-0.680,2.130,-0.180,-1.060,1.120,0.990,-1.180,-0.950,-0.230,-0.193,-0.358,0.165,-0.527,-0.350,0.220,0.980,-0.270,-0.630,0.190,0.720,-0.380,-0.240,-0.140,-0.109,-0.261,0.152,-0.841,-1.373,-0.489,-1.900,-1.330,-3.230,-0.000,7023,3544,3479
1628382,Justin Jackson,2024,-0.060,-0.290,0.610,-0.340,-0.560,-0.370,-0.320,-2.040,-1.740,-0.300,-0.347,-0.081,-0.266,-0.433,0.200,0.050,-0.040,-0.060,-0.160,-0.010,-0.090,-0.300,-0.200,-0.100,-0.138,-0.079,-0.059,-0.012,-2.387,-0.438,-2.820,-0.450,-3.270,-0.000,430,211,219
1629642,Nassir Little,2024,-0.790,-0.290,0.140,-0.250,0.630,-0.530,-2.020,-1.250,-1.160,-0.090,-0.270,0.038,-0.308,0.190,-0.800,-0.030,0.020,-0.270,0.780,0.130,-1.330,-1.360,-1.300,-0.060,-0.558,-0.039,-0.519,-0.032,-1.520,-1.918,-1.330,-1.950,-3.280,0.000,5796,2886,2910
202704,Reggie Jackson,2024,-0.270,-0.910,0.360,-0.300,-0.090,-0.870,-1.350,-2.510,-2.150,-0.360,-0.535,0.013,-0.548,0.145,0.630,0.890,0.150,-0.220,-0.810,-0.110,0.090,0.450,0.340,0.110,-0.460,-0.106,-0.354,-0.410,-3.045,-0.010,-2.900,-0.420,-3.320,0.000,14382,7212,7170
1630537,Chris Duarte,2024,0.220,-0.840,0.700,-0.720,-0.920,-0.740,-2.730,-2.510,-2.330,-0.180,-0.461,0.028,-0.489,0.841,0.020,-0.180,-0.540,-0.410,0.520,0.350,-2.320,-1.230,-1.030,-0.200,-0.141,-0.032,-0.109,0.171,-2.971,-1.371,-2.130,-1.200,-3.330,0.000,6570,3269,3301
1630209,Omer Yurtseven,2024,-1.460,-0.820,-0.080,-0.170,1.550,-0.430,-1.380,-2.980,-2.830,-0.150,-0.643,-0.420,-0.223,1.763,-0.850,-0.200,0.010,-0.120,0.860,-0.150,-1.810,-1.260,-1.130,-0.130,-0.451,-0.148,-0.303,0.231,-3.623,-1.711,-1.860,-1.480,-3.340,0.000,2601,1314,1287
1631338,Mouhamadou Gueye,2024,0.040,-0.690,-0.170,-0.410,0.130,-0.210,-2.170,-2.150,-2.050,-0.100,-0.568,-0.547,-0.021,-0.332,-0.520,-0.060,0.020,0.030,0.500,0.100,-0.410,0.100,0.130,-0.030,-0.038,-0.004,-0.034,-0.402,-2.718,0.062,-3.050,-0.340,-3.390,-0.000,487,242,245
1631367,Jacob Gilyard,2024,-1.580,-0.550,2.750,-0.010,-1.140,-0.860,2.700,-1.610,-1.320,-0.290,0.249,-0.007,0.256,-0.359,-0.570,-0.260,0.240,-0.240,0.320,-0.210,-1.400,-1.420,-1.240,-0.180,0.198,0.326,-0.128,-0.498,-1.361,-1.222,-1.720,-1.720,-3.440,0.000,2923,1461,1462
201577,Robin Lopez,2024,-1.660,-0.500,0.180,0.110,1.500,-0.240,-3.380,-1.600,-1.270,-0.330,-0.787,-0.087,-0.700,-0.483,0.240,-0.330,0.550,-0.030,-0.790,0.120,0.020,-0.440,-0.280,-0.160,-0.135,-0.119,-0.016,0.005,-2.387,-0.575,-2.870,-0.570,-3.450,-0.010,1482,743,739
1641729,Brice Sensabaugh,2024,-0.180,-0.010,0.120,-0.420,0.060,0.120,-0.700,-0.460,-0.490,0.030,-0.243,-0.106,-0.137,-0.557,-0.070,-0.290,-0.400,-0.480,0.490,-0.230,-2.100,-2.120,-2.100,-0.020,-0.168,0.102,-0.270,0.078,-0.703,-2.288,-1.260,-2.210,-3.470,0.000,2396,1198,1198
1628470,Torrey Craig,2024,-1.490,-0.260,-1.000,-0.500,2.510,-0.690,-0.630,-2.590,-2.680,0.090,0.705,0.216,0.489,1.025,-0.630,-0.100,-0.320,-0.980,0.940,-0.080,-1.450,-2.510,-2.450,-0.060,0.064,-0.234,0.298,-0.184,-1.885,-2.446,-0.860,-2.630,-3.490,-0.000,12732,6327,6405
1630696,Dru Smith,2024,0.190,-0.340,-0.230,-0.680,0.040,-0.590,-1.910,-3.210,-3.120,-0.090,0.087,0.111,-0.024,-0.257,0.200,0.030,-0.390,-0.050,0.200,-0.040,-0.320,-0.180,-0.160,-0.020,0.239,0.138,0.101,-0.199,-3.123,0.059,-3.380,-0.140,-3.520,0.000,1166,582,584
1629628,RJ Barrett,2024,2.220,-0.040,-1.090,-0.550,-1.120,-0.590,-0.410,-0.840,-0.580,-0.260,0.509,0.364,0.145,-0.829,0.410,0.440,-0.870,-0.220,0.440,-0.780,-2.730,-0.860,-0.830,-0.030,-0.948,-0.313,-0.635,-0.572,-0.331,-1.808,-1.160,-2.380,-3.540,0.000,18914,9436,9478
201599,DeAndre Jordan,2024,-0.050,0.070,-1.240,0.020,1.280,-0.980,-1.580,-1.530,-0.800,-0.730,-0.852,-0.414,-0.438,0.482,0.480,-0.290,-0.720,-0.370,0.240,0.370,-3.130,-1.210,-1.280,0.070,-0.414,-0.066,-0.348,-0.046,-2.382,-1.624,-1.900,-1.670,-3.570,0.000,3973,1982,1991
1630647,Eugene Omoruyi,2024,1.350,-0.330,-0.980,-0.840,-0.380,-0.480,-3.060,-2.510,-2.530,0.020,-0.921,-0.232,-0.689,1.261,0.240,-0.190,-0.700,0.010,0.460,-0.710,-0.320,-2.210,-1.770,-0.440,0.926,0.321,0.605,-0.116,-3.431,-1.284,-2.170,-1.400,-3.580,-0.010,4272,2139,2133
1629676,Isaiah Roby,2024,-0.310,0.080,0.390,-0.850,-0.070,-0.080,-0.930,-2.030,-1.460,-0.570,-0.486,-0.072,-0.414,-0.464,-0.200,0.020,-0.140,-0.080,0.330,-0.290,0.070,-1.280,-1.150,-0.130,0.062,-0.159,0.221,0.598,-2.516,-1.218,-2.980,-0.620,-3.600,-0.000,1974,990,984
201145,Jeff Green,2024,-0.010,-0.770,0.720,-0.160,-0.710,-1.100,-4.020,-0.550,-0.990,0.440,-0.609,-0.142,-0.467,-1.111,0.430,-0.500,-0.290,0.280,-0.160,-0.150,1.210,-1.180,-0.790,-0.390,-0.373,-0.671,0.298,0.213,-1.159,-1.553,-2.270,-1.340,-3.610,0.000,10941,5449,5492
1630641,Ibou Badji,2024,-0.250,-0.380,-0.790,-0.320,1.050,-0.460,-3.080,-2.400,-2.240,-0.160,-0.639,-0.300,-0.339,0.199,-0.070,0.030,-0.120,-0.100,0.170,-0.050,-0.130,-0.310,-0.150,-0.160,-0.209,-0.207,-0.002,-0.251,-3.039,-0.519,-2.840,-0.770,-3.610,0.000,915,458,457
1630192,Zeke Nnaji,2024,-1.030,-0.880,0.730,-1.220,0.280,-0.630,-3.800,-4.550,-3.620,-0.930,-0.053,0.507,-0.560,0.773,-1.430,0.750,0.960,0.140,0.460,0.100,1.970,0.700,0.960,-0.260,0.178,0.168,0.010,-0.668,-4.603,0.878,-3.830,0.210,-3.620,0.000,5199,2585,2614
1630699,MarJon Beauchamp,2024,0.360,-0.300,0.590,-0.060,-0.940,-0.590,-2.140,-0.830,-0.470,-0.360,-1.012,0.094,-1.106,-0.308,0.190,-0.250,-0.140,0.100,-0.050,-0.340,0.050,-0.870,-0.400,-0.470,0.016,-0.009,0.025,-0.646,-1.842,-0.854,-2.150,-1.500,-3.650,0.000,5469,2725,2744
1631101,Shaedon Sharpe,2024,-0.060,0.330,-0.250,-0.730,0.300,-0.550,-3.860,-0.360,-0.590,0.230,-0.824,-0.425,-0.399,-0.636,-1.260,-0.300,0.110,-0.530,1.150,-0.260,-1.500,-2.610,-2.450,-0.160,0.213,0.240,-0.027,0.557,-1.184,-2.397,-1.820,-1.840,-3.660,-0.000,11544,5773,5771
1629678,Admiral Schofield,2024,-1.600,-0.240,2.250,-0.290,-0.640,-0.660,-0.610,-2.040,-1.790,-0.250,-0.084,0.033,-0.117,-0.796,0.320,-0.340,-1.160,-0.220,0.820,0.080,-1.890,-1.410,-1.140,-0.270,0.170,0.255,-0.085,0.480,-2.124,-1.240,-2.920,-0.760,-3.680,0.000,2132,1068,1064
1629673,Jordan Poole,2024,0.210,0.300,1.840,-1.140,-2.140,-1.350,-2.620,-1.890,-1.880,-0.010,0.009,0.172,-0.163,-1.149,-0.610,-0.280,0.580,0.030,-0.050,0.130,0.280,-0.360,-0.000,-0.360,-0.117,-0.145,0.028,-0.193,-1.881,-0.477,-3.030,-0.670,-3.700,0.000,21690,10875,10815
203085,Austin Rivers,2024,0.550,-0.320,0.870,-0.410,-1.430,0.360,-3.560,-0.470,0.010,-0.480,-0.685,-0.535,-0.150,-0.805,-0.470,-0.380,0.110,-0.220,0.350,-0.070,0.360,-1.610,-1.300,-0.310,0.369,-0.032,0.401,-0.509,-1.155,-1.241,-1.960,-1.750,-3.700,0.010,4267,2122,2145
1641721,Maxwell Lewis,2024,-0.310,-0.330,-0.110,-0.540,0.420,-0.290,-1.880,-2.090,-1.880,-0.210,-0.597,-0.217,-0.380,-0.603,-0.200,-0.240,0.030,0.040,0.160,-0.000,-0.060,-0.220,-0.180,-0.040,-0.020,-0.058,0.038,-0.180,-2.687,-0.240,-3.290,-0.420,-3.710,0.000,421,213,208
1630579,Jericho Sims,2024,-1.080,-0.900,0.700,-0.460,0.370,-0.650,-2.540,-2.550,-2.020,-0.530,-1.089,-0.245,-0.844,-0.001,0.860,-0.090,-0.440,0.130,-0.420,-0.050,0.040,0.520,0.390,0.130,-0.469,-0.356,-0.113,-0.131,-3.639,0.051,-3.640,-0.080,-3.720,-0.000,5472,2729,2743
1628962,Udoka Azubuike,2024,0.370,0.220,-1.550,-0.820,1.180,-0.020,-3.140,-1.750,-1.490,-0.260,-0.372,0.010,-0.382,-0.458,1.170,-0.280,-0.860,-0.290,-0.300,0.250,-1.770,-0.220,-0.340,0.120,-0.251,-0.159,-0.092,-0.679,-2.122,-0.471,-2.580,-1.150,-3.730,0.000,1970,985,985
1630219,Skylar Mays,2024,-0.310,-0.240,-0.200,-0.290,0.530,-0.440,0.800,-2.500,-1.970,-0.530,0.142,0.403,-0.261,0.578,-0.660,-0.610,-0.130,-0.100,0.760,0.000,-1.670,-1.820,-1.610,-0.210,-0.198,-0.048,-0.150,0.058,-2.358,-2.018,-1.780,-1.960,-3.730,0.010,2526,1272,1254
1630553,Keon Johnson,2024,0.360,-0.310,-0.530,-0.040,0.160,-0.850,-0.510,-1.710,-1.270,-0.440,-0.659,-0.097,-0.562,0.569,-0.680,-0.090,-0.180,-0.480,0.850,-0.280,-1.580,-2.050,-1.840,-0.210,0.129,0.150,-0.021,-0.059,-2.369,-1.921,-1.800,-1.980,-3.780,0.000,1948,972,976
202322,John Wall,2024,0.000,-0.590,0.750,-0.300,-0.740,-0.570,-0.430,-1.960,-1.670,-0.290,-0.729,-0.046,-0.683,-0.991,-0.100,-0.090,-0.340,0.150,0.430,0.200,0.170,0.380,0.450,-0.070,-0.095,0.133,-0.228,-0.455,-2.689,0.285,-3.680,-0.170,-3.850,0.000,3104,1543,1561
1631097,Bennedict Mathurin,2024,2.360,-2.620,-1.870,0.010,-0.480,-1.190,-4.770,-2.300,-3.100,0.800,-0.559,0.121,-0.680,0.659,-1.830,-0.660,0.980,-0.060,0.860,0.490,0.590,-0.790,-0.490,-0.300,0.205,0.049,0.156,-1.085,-2.859,-0.585,-2.200,-1.670,-3.860,0.010,15723,7865,7858
203109,Jae Crowder,2024,-1.740,-0.260,1.430,-0.200,0.330,-0.390,-0.190,-1.900,-1.570,-0.330,0.263,0.143,0.120,-0.763,0.100,-0.580,-0.290,-0.460,0.200,-0.040,-0.680,-2.440,-2.290,-0.150,0.282,0.073,0.209,0.678,-1.637,-2.158,-2.400,-1.480,-3.880,0.000,6494,3245,3249
1626158,Richaun Holmes,2024,0.510,-0.080,-1.920,-0.750,1.460,-0.930,-2.190,-1.850,-1.670,-0.180,-0.706,-0.593,-0.113,0.006,0.540,-0.080,-0.230,-0.180,-0.300,-0.360,-0.350,-1.150,-0.950,-0.200,-0.044,-0.014,-0.030,-0.186,-2.556,-1.194,-2.550,-1.380,-3.930,0.000,3701,1856,1845
1631133,Jabari Walker,2024,1.670,-0.690,-1.380,-0.900,-0.290,-1.550,-2.370,-1.830,-1.940,0.110,-0.633,0.221,-0.854,0.483,-1.360,-0.400,-0.020,0.270,1.360,-0.420,0.420,-1.190,-0.770,-0.420,-0.102,0.040,-0.142,-0.648,-2.463,-1.292,-1.980,-1.940,-3.930,-0.010,9280,4654,4626
1629022,Lonnie Walker IV,2024,-0.110,-0.110,1.160,-0.330,-1.030,-0.230,-1.370,-1.220,-0.450,-0.770,-0.391,-0.104,-0.287,-0.969,-0.010,-0.390,0.050,0.120,-0.040,-0.310,0.320,-1.010,-0.880,-0.130,-0.362,-0.157,-0.205,0.002,-1.611,-1.372,-2.580,-1.370,-3.940,0.010,10221,5101,5120
202397,Ish Smith,2024,0.520,-0.320,-1.880,-0.620,1.360,-0.280,0.060,-2.090,-1.160,-0.930,-0.313,-0.181,-0.132,-0.837,0.520,-0.700,-0.300,-0.120,-0.180,0.080,-0.580,-1.300,-1.070,-0.230,-0.030,-0.183,0.153,0.590,-2.403,-1.330,-3.240,-0.740,-3.980,0.000,4635,2313,2322
203493,Reggie Bullock,2024,-0.860,-0.100,1.820,-0.430,-0.950,0.520,-2.050,-1.220,-1.110,-0.110,0.198,0.069,0.129,-1.268,-0.900,-1.030,1.390,0.280,-0.500,-0.320,0.400,-1.000,-0.860,-0.140,-0.864,-0.416,-0.448,0.164,-1.022,-1.864,-2.290,-1.700,-3.990,-0.000,10687,5346,5341
1641877,Nathan Mensah,2024,-0.920,-0.890,-0.120,-0.750,1.060,0.220,-3.840,-2.510,-2.510,-0.000,-0.501,-0.062,-0.439,-0.229,0.030,-0.090,-0.380,-0.160,0.340,-0.070,-0.400,-0.440,-0.320,-0.120,0.183,0.056,0.127,-0.513,-3.011,-0.257,-3.240,-0.770,-4.010,0.000,1217,610,607
1631223,David Roddy,2024,0.700,-0.480,-0.170,-1.130,-0.520,-0.500,-1.520,-1.690,-1.540,-0.150,-0.705,-0.020,-0.685,-0.105,-0.770,-0.110,-0.320,-0.080,1.090,-0.180,-1.320,-0.700,-0.670,-0.030,-0.423,-0.333,-0.090,-0.437,-2.395,-1.123,-2.500,-1.560,-4.060,0.000,10278,5129,5149
1629308,Juan Toscano-Anderson,2024,0.370,-0.050,-0.600,-1.090,0.260,-0.400,-2.750,-3.090,-2.440,-0.650,-0.533,-0.101,-0.432,-0.007,0.340,0.170,-0.570,0.010,0.220,-0.090,0.360,0.190,0.350,-0.160,-0.289,-0.333,0.044,-0.351,-3.623,-0.099,-3.630,-0.450,-4.080,0.000,3117,1548,1569
1630557,Corey Kispert,2024,0.970,-0.880,0.980,-0.160,-1.950,0.640,0.830,0.290,0.420,-0.130,-0.274,0.072,-0.346,-1.316,-0.450,-1.030,0.820,-0.130,-0.360,-0.040,-0.590,-1.440,-1.370,-0.070,-1.082,-0.192,-0.890,-0.258,0.016,-2.522,-1.300,-2.780,-4.080,0.000,17164,8600,8564
1629599,Amir Coffey,2024,0.800,-1.050,-0.850,-0.280,0.070,-0.260,-2.190,-0.920,-1.080,0.160,-0.412,0.323,-0.735,-0.258,-1.040,-0.280,0.540,-0.080,0.490,-0.070,-1.590,-1.540,-1.430,-0.110,-0.760,-0.167,-0.593,-0.210,-1.332,-2.300,-1.590,-2.510,-4.100,0.000,8833,4413,4420
203926,Doug McDermott,2024,-0.800,0.550,1.480,0.090,-0.680,-0.390,2.180,-0.630,-0.210,-0.420,0.303,-0.266,0.569,0.107,-0.140,0.100,-0.070,-0.780,0.210,-0.300,-0.930,-1.760,-1.610,-0.150,-1.334,-0.607,-0.727,-0.846,-0.327,-3.094,-0.220,-3.940,-4.150,0.010,9442,4749,4693
1630625,Dalano Banton,2024,1.030,-0.250,-0.490,-1.310,-0.540,-1.210,-1.080,-2.430,-2.140,-0.290,-0.971,-0.223,-0.748,0.131,-0.050,-0.010,-0.130,0.020,0.170,-0.120,-0.970,-0.470,-0.290,-0.180,-0.350,0.012,-0.362,-0.080,-3.401,-0.820,-3.270,-0.900,-4.170,0.000,5263,2630,2633
1631104,Blake Wesley,2024,0.670,-0.520,-0.390,-0.660,-0.280,-0.740,0.580,-2.380,-1.740,-0.640,-0.046,-0.735,0.689,-0.994,-0.390,0.150,0.100,-0.020,0.290,-0.340,1.080,-0.340,-0.160,-0.180,-0.461,-0.390,-0.071,-0.049,-2.426,-0.801,-3.420,-0.850,-4.270,0.000,6341,3162,3179
1641718,Keyonte George,2024,-0.420,-0.870,0.760,-0.640,-0.340,0.140,-2.660,-1.000,-1.680,0.680,-1.451,-0.489,-0.962,-0.449,-0.710,-0.230,-0.490,-0.520,1.180,0.080,-2.640,-0.820,-1.120,0.300,-0.439,-0.238,-0.201,-0.111,-2.451,-1.259,-2.900,-1.370,-4.270,0.000,8292,4139,4153
1641733,Nick Smith Jr.,2024,-2.920,-0.760,1.670,0.040,1.230,-0.540,-2.090,-2.200,-1.890,-0.310,-0.218,-0.234,0.016,-0.702,0.020,0.060,-0.180,-0.190,0.140,-0.330,-0.830,-1.010,-0.890,-0.120,-0.002,0.075,-0.077,-0.188,-2.418,-1.012,-3.120,-1.200,-4.320,-0.000,2868,1436,1432
1631103,Malaki Branham,2024,-0.130,-0.240,-1.080,-0.090,1.210,-0.320,-0.220,-1.520,-0.820,-0.700,-0.546,-0.770,0.224,-0.154,-0.740,0.130,1.240,-0.530,-0.510,-0.920,-0.550,-1.460,-1.630,0.170,-0.404,0.010,-0.414,-0.256,-2.066,-1.864,-2.220,-2.120,-4.340,0.000,13089,6525,6564
1631095,Jabari Smith Jr.,2024,1.010,-0.990,-1.660,-1.010,0.680,-1.540,-2.490,-3.710,-3.360,-0.350,0.365,0.339,0.026,0.755,0.300,0.010,-0.630,-0.020,0.320,-0.310,-0.480,-0.120,-0.100,-0.020,-1.028,-0.600,-0.428,-0.622,-3.345,-1.148,-2.590,-1.770,-4.360,0.000,19974,9976,9998
1631098,Johnny Davis,2024,0.150,-1.160,-0.780,-0.970,0.660,-0.560,-3.100,-4.760,-4.040,-0.720,0.444,0.678,-0.234,0.226,-0.790,-0.500,0.710,0.220,0.090,0.070,0.510,-0.530,-0.220,-0.310,0.046,-0.295,0.341,0.164,-4.316,-0.484,-4.090,-0.320,-4.410,0.000,4339,2172,2167
203648,Thanasis Antetokounmpo,2024,-0.230,-0.430,1.160,-0.110,-0.940,0.330,-0.590,-0.190,0.430,-0.620,-1.281,-0.547,-0.734,-1.399,0.160,-0.180,-0.780,-0.430,0.610,0.140,-1.640,-1.270,-1.100,-0.170,-0.291,-0.203,-0.088,-0.019,-1.471,-1.561,-2.870,-1.580,-4.450,0.000,1505,747,758
1630201,Malachi Flynn,2024,-0.890,-0.690,1.120,-1.060,-0.230,-0.840,-2.120,-3.400,-3.200,-0.200,0.352,0.820,-0.468,0.308,-0.160,-0.180,0.460,-0.330,-0.290,-0.300,-0.780,-1.170,-1.180,0.010,-0.004,0.173,-0.177,-0.546,-3.048,-1.174,-2.740,-1.720,-4.460,0.000,6214,3110,3104
1631093,Jaden Ivey,2024,1.450,-1.010,-1.480,-0.190,0.020,-1.120,-1.990,-1.320,-1.450,0.130,-0.669,-0.292,-0.377,-0.651,-0.350,-0.450,0.260,-0.520,0.080,-0.000,-1.010,-0.990,-0.850,-0.140,-0.976,-0.363,-0.613,0.126,-1.989,-1.966,-2.640,-1.840,-4.480,-0.000,18628,9317,9311
1630586,Usman Garuba,2024,-0.600,-1.610,1.930,-0.830,-1.320,-0.450,-1.660,-3.090,-3.100,0.010,-0.942,-0.126,-0.816,0.852,-0.160,-0.480,-0.570,-0.140,0.730,0.090,-1.310,-1.770,-1.630,-0.140,0.080,-0.163,0.243,0.350,-4.032,-1.690,-3.180,-1.340,-4.520,0.000,4015,1991,2024
1629643,Chuma Okeke,2024,-1.820,-0.480,2.200,-0.340,-0.390,-0.990,-1.980,-3.100,-2.980,-0.120,-0.632,-0.006,-0.626,0.422,-0.350,-0.390,-0.060,0.340,0.400,-0.370,-0.160,-0.740,-0.570,-0.170,-0.728,-0.339,-0.389,0.228,-3.732,-1.468,-3.310,-1.240,-4.540,0.010,3805,1906,1899
203473,Dewayne Dedmon,2024,-1.030,-0.510,1.360,-1.180,-0.320,0.250,-2.870,-3.060,-2.740,-0.320,-0.739,-0.238,-0.501,-0.451,-0.120,-0.000,0.000,0.030,0.120,-0.160,0.100,-0.140,0.090,-0.230,0.079,0.072,0.007,-0.239,-3.799,-0.061,-4.250,-0.300,-4.550,0.000,1755,865,890
1630527,Brandon Boston Jr.,2024,0.120,-1.180,-0.540,-0.870,0.420,-0.080,-2.840,-3.020,-2.490,-0.530,0.148,0.539,-0.391,-0.318,-0.570,-0.400,0.510,-0.070,0.060,-0.090,-0.820,-0.870,-0.830,-0.040,-0.311,-0.042,-0.269,-0.259,-2.872,-1.181,-3.190,-1.440,-4.630,0.000,2445,1223,1222
1630165,Killian Hayes,2024,-1.720,0.170,-0.780,-0.640,2.500,-0.380,0.590,-2.080,-1.360,-0.720,-0.441,-0.350,-0.091,-0.849,-0.510,-0.740,0.210,0.170,0.300,-0.170,-0.160,-0.790,-0.450,-0.340,0.077,-0.121,0.198,-0.547,-2.521,-0.713,-3.370,-1.260,-4.640,-0.010,12913,6455,6458
1630703,Scoot Henderson,2024,0.160,-1.910,-0.520,0.090,0.380,-0.920,-3.050,-2.910,-2.830,-0.080,-0.626,-0.387,-0.239,1.296,-0.220,-0.970,-0.750,0.200,0.960,-0.310,-2.310,-1.970,-1.690,-0.280,-0.236,-0.151,-0.085,-0.234,-3.536,-2.206,-2.240,-2.440,-4.670,0.010,7104,3552,3552
203115,Will Barton,2024,-0.280,-1.360,-0.050,-0.580,0.330,-0.580,-2.790,-3.780,-3.150,-0.630,-0.070,-0.017,-0.053,0.000,-1.100,0.040,0.840,-0.110,0.250,-0.150,-0.390,-1.170,-0.760,-0.410,0.306,0.083,0.223,0.024,-3.850,-0.864,-3.850,-0.840,-4.680,0.010,3996,1997,1999
1631121,Bryce McGowens,2024,1.240,-0.700,-1.810,-0.730,0.560,-0.660,-2.650,-2.420,-2.420,-0.000,-0.746,-0.376,-0.370,-0.844,-0.800,0.670,0.660,-0.540,0.140,0.020,-0.570,-0.260,-0.320,0.060,-0.051,-0.200,0.149,-0.449,-3.166,-0.311,-4.010,-0.760,-4.780,-0.010,6764,3380,3384
1630702,Jaden Hardy,2024,-0.180,-1.940,0.730,0.230,-0.570,-0.350,-0.460,-2.330,-1.830,-0.500,-0.318,-0.118,-0.200,-0.332,0.210,-0.230,0.320,-0.010,-0.530,-0.660,0.180,-0.920,-0.730,-0.190,-0.435,-0.352,-0.083,-0.445,-2.648,-1.355,-2.980,-1.800,-4.780,0.000,7285,3655,3630
203095,Evan Fournier,2024,-0.990,-0.670,0.830,-1.480,0.170,0.140,-2.960,-4.300,-4.210,-0.090,-0.609,-0.366,-0.243,-0.051,0.060,-0.520,-0.620,0.150,0.560,0.220,-0.110,-0.150,0.100,-0.250,0.560,0.335,0.225,-0.430,-4.909,0.410,-4.960,-0.020,-4.970,0.010,4195,2094,2101
1630528,Josh Christopher,2024,1.460,-1.050,-2.100,-0.700,0.630,-0.010,-3.360,-1.650,-1.300,-0.350,-0.555,-0.214,-0.341,-0.145,-0.400,-0.480,-0.300,-0.460,0.710,0.090,-2.750,-1.730,-1.520,-0.210,-0.313,-0.002,-0.311,-0.587,-2.205,-2.043,-2.350,-2.630,-4.980,-0.000,3158,1578,1580
1629629,Cam Reddish,2024,0.510,-0.760,0.140,-1.040,-0.640,-0.260,-2.350,-1.840,-2.000,0.160,-0.543,-0.411,-0.132,-1.317,-0.340,-0.110,-0.110,-0.380,0.440,-0.260,-1.690,-1.690,-1.670,-0.020,0.689,0.586,0.103,-0.349,-2.383,-1.001,-3.700,-1.350,-5.050,0.000,8162,4081,4081
203476,Gorgui Dieng,2024,-0.810,-0.520,1.000,-0.520,-0.180,-0.390,-1.850,-3.700,-3.170,-0.530,-0.392,-0.281,-0.111,0.552,0.360,-0.140,-0.670,-0.300,0.300,-0.070,-1.850,-1.230,-1.230,-0.000,-0.398,-0.183,-0.215,0.068,-4.092,-1.628,-3.540,-1.560,-5.100,0.000,1418,712,706
1630533,Ziaire Williams,2024,-0.410,-0.120,-0.080,-1.220,0.480,-1.150,-1.370,-2.340,-2.160,-0.180,-0.685,-0.275,-0.410,-0.965,-0.240,-0.230,-0.310,-0.110,0.550,0.080,-0.610,-0.790,-0.550,-0.240,0.074,-0.197,0.271,-0.484,-3.025,-0.716,-3.990,-1.200,-5.190,-0.000,6551,3265,3286
1627745,Damian Jones,2024,0.190,-0.860,-0.500,-0.800,0.300,-0.300,-3.820,-3.610,-2.930,-0.680,-1.210,-0.606,-0.604,0.320,0.510,-0.130,-0.510,-0.220,-0.000,0.210,-1.110,-0.630,-0.660,0.030,-0.310,-0.115,-0.195,0.080,-4.820,-0.940,-4.500,-0.860,-5.360,-0.000,3069,1538,1531
1630235,Trent Forrest,2024,-0.640,-0.560,-1.020,-0.590,1.670,-0.080,-0.160,-2.740,-2.350,-0.390,-0.609,-0.227,-0.382,-0.581,-0.020,-0.420,0.070,-0.140,-0.050,-0.330,-1.250,-1.850,-1.670,-0.180,0.157,-0.005,0.162,0.163,-3.349,-1.693,-3.930,-1.530,-5.460,0.000,2734,1362,1372
1630197,Aleksej Pokusevski,2024,0.800,-0.510,0.280,-0.980,-1.060,-1.120,-1.960,-3.760,-3.320,-0.440,-0.683,-0.306,-0.377,0.393,0.060,-0.040,-0.480,-0.310,0.420,-0.120,-1.450,-0.990,-1.060,0.070,-0.419,-0.166,-0.253,-0.021,-4.443,-1.409,-4.050,-1.430,-5.480,-0.000,4531,2257,2274
1641731,Bilal Coulibaly,2024,0.780,-0.140,-0.620,-0.760,-0.140,-0.740,-2.340,-2.230,-2.120,-0.110,-0.615,-0.334,-0.281,-0.855,-1.600,-0.570,1.280,0.100,0.340,-0.630,-0.500,-0.980,-0.940,-0.040,0.143,0.280,-0.137,-0.953,-2.845,-0.837,-3.700,-1.790,-5.480,0.010,7181,3596,3585
1641711,Gradey Dick,2024,0.540,-0.700,0.890,-0.750,-1.430,-0.700,0.400,-2.330,-2.070,-0.260,-0.960,-1.140,0.180,-0.140,-0.480,-1.210,-0.210,-0.070,0.690,-0.200,-1.410,-2.140,-1.920,-0.220,0.265,0.530,-0.265,-0.665,-3.290,-1.875,-3.430,-2.540,-5.970,0.000,5209,2604,2605
1630164,James Wiseman,2024,-1.730,-0.000,-1.570,-0.480,3.270,0.170,-1.430,-1.600,-1.260,-0.340,-1.331,-0.846,-0.485,-0.029,0.490,-0.220,0.180,-0.700,-0.660,-0.680,-2.730,-2.230,-1.980,-0.250,-0.518,-0.317,-0.201,-0.672,-2.931,-2.748,-2.960,-3.420,-6.390,-0.010,8011,4001,4010
1629670,Jordan Nwora,2024,0.600,-1.180,-1.260,-0.520,0.670,-0.180,-1.270,-2.260,-2.070,-0.190,-0.867,-0.178,-0.689,-0.553,-1.510,-0.450,1.400,-0.380,0.110,-0.100,0.590,-2.470,-2.400,-0.070,-0.352,-0.269,-0.083,0.072,-3.127,-2.822,-3.680,-2.750,-6.430,0.000,7909,3947,3962
